claim_id,claim_measurement_id,article_id,title,date,url,claim_text,prev_sentence,prev_prev_sentence,claim_domain_scope,is_recurring_series,metric_domain,indicator,keywords,region,age_group,gender,industry_or_item,population_etc,origin_country,destination_country,period,period_end,prd_se,time_resolution_status,measurement_text,measurement_usage,measurement_source,measurement_indicator,measurement_item,measurement_period,measurement_prd_se,measurement_binding_source,measurement_role,value,value_min,value_max,value_approximate,unit,value_type,direction,change_base,evidence_text,extraction_confidence,needs_review,review_reason,measurement_repaired,measurement_fallback_count,measurement_binding_fallback_count,extraction_model,prompt_version,extracted_at,claim_indicator,claim_industry_or_item,claim_period,claim_prd_se,raw_unit,canonical_unit,unit_dimension,semantic_type,entity_type,comparison_period,mapping_eligible,mapping_exclusion_code,mapping_exclusion_reason,measurement_correct,mapping_row_id,retrieval_query,retrieval_status,retrieval_candidate_pool,candidate_score_margin,candidate_review_priority,candidate_1_org_id,candidate_1_tbl_id,candidate_1_stat_id,candidate_1_tbl_nm,candidate_1_path,candidate_1_vector_similarity,candidate_1_keyword_match,candidate_1_item_match,candidate_1_score,candidate_2_org_id,candidate_2_tbl_id,candidate_2_stat_id,candidate_2_tbl_nm,candidate_2_path,candidate_2_vector_similarity,candidate_2_keyword_match,candidate_2_item_match,candidate_2_score,candidate_3_org_id,candidate_3_tbl_id,candidate_3_stat_id,candidate_3_tbl_nm,candidate_3_path,candidate_3_vector_similarity,candidate_3_keyword_match,candidate_3_item_match,candidate_3_score,candidate_4_org_id,candidate_4_tbl_id,candidate_4_stat_id,candidate_4_tbl_nm,candidate_4_path,candidate_4_vector_similarity,candidate_4_keyword_match,candidate_4_item_match,candidate_4_score,candidate_5_org_id,candidate_5_tbl_id,candidate_5_stat_id,candidate_5_tbl_nm,candidate_5_path,candidate_5_vector_similarity,candidate_5_keyword_match,candidate_5_item_match,candidate_5_score
A0004-C020,A0004-C020-m2,A0004,‘직원 한 명에 로봇 수십 대’… 이젠 로봇이 공장 움직인다,2025-01-01,https://www.chosun.com/economy/economy_general/2025/01/01/TGA2SHZ4SFACHOHRP36OUPCMHE,"우리나라는 로봇 밀도 1위 나라일 뿐 아니라, 지난 2018년 이후로 매년 5%씩 성장한 유일한 나라이기도 하다.",◇로봇 밀도 1위의 나라 로봇 밀도는 그 나라의 제조업이 얼마나 자동화됐는지 평가하는 기본 지표로 여겨진다.,가파른 경제성장 이후 저출산·고령화 사회로 진입하면서 ‘사람’에서 ‘로봇’으로 빠르게 옮겨가고 있는 산업 현장을 살펴봤다.,국내공식통계,N,고용,로봇 밀도 증가율,"로봇 밀도, 제조업, 자동화",-,-,-,,-,-,-,2018,-,Y,확정,5%,KOSIS_VALUE,hcx,로봇 밀도 증가율,-,2018,Y,hcx,증감률,5,-,-,N,%,증감률,증가,전년,"우리나라는 로봇 밀도 1위 나라일 뿐 아니라, 지난 2018년 이후로 매년 5%씩 성장한 유일한 나라이기도 하다.",high,Y,measurement_binding_fallback:1;measurement_period_ungrounded:1,N,0,1,HCX-007,v1.6-prev2-context,2026-07-30,로봇 밀도,,2025,Y,%,%,rate,rate_change,unspecified,2017,Y,,,Y,MAP000001,"query: 측정지표: 로봇 밀도 증가율
대표지표: 로봇 밀도
통계 검색어: 로봇 밀도, 제조업, 자동화
분야: 고용
기사 주장: 우리나라는 로봇 밀도 1위 나라일 뿐 아니라, 지난 2018년 이후로 매년 5%씩 성장한 유일한 나라이기도 하다.",success,20,0.000922,high,401,DT_401N_021,2006203,로봇 단품 및 부품 국가별 수입 현황,로봇산업실태조사,0.889338,0.166667,0.0,0.700337,401,DT_373002_001,2006203,"제조업용 로봇 생산 현황_기계구조, 적용산업별",로봇산업실태조사,0.888108,0.166667,0.0,0.699415,401,DT_373002_002,2006203,"제조업용 로봇 출하 현황_기계구조, 적용산업별",로봇산업실태조사,0.886461,0.166667,0.0,0.698179,114,DT_114054_076,2018020,로봇 미도입 사유,외식업체경영실태조사 > 외식업체 경영실태,0.886412,0.166667,0.0,0.698142,114,DT_114054_069,2018020,로봇 도입 여부,외식업체경영실태조사 > 외식업체 경영실태,0.885668,0.166667,0.0,0.697584
A0004-C046,A0004-C046-m1,A0004,‘직원 한 명에 로봇 수십 대’… 이젠 로봇이 공장 움직인다,2025-01-01,https://www.chosun.com/economy/economy_general/2025/01/01/TGA2SHZ4SFACHOHRP36OUPCMHE,한국로봇산업진흥원에 따르면 2023년까지 로봇화에 뛰어든 우리 기업은 2524곳으로 지난 2019년보다 13%가량 증가했다.,경기도 파주의 한 소규모 도서물류 업체 관계자는 “물류 현장에서 각종 사고를 예방하기 위해 허리나 허벅지에 차면 근력을 올려주는 웨어러블 로봇 7대를 구입해 사용하고 있다”고 했다.,중대재해법 관련 사고를 예방하기 위해 로봇을 쓰는 경우도 있다.,국내공식통계,N,생산·산업,로봇화에 뛰어든 기업 수,"로봇화, 기업, 증가",-,-,-,,-,-,-,2019,-,Y,확정,13%가량,KOSIS_VALUE,hcx,로봇화에 뛰어든 기업 수,-,2019,Y,hcx,증감률,13,-,-,Y,%,증감률,증가,전년,한국로봇산업진흥원에 따르면 2023년까지 로봇화에 뛰어든 우리 기업은 2524곳으로 지난 2019년보다 13%가량 증가했다.,high,N,-,N,0,0,HCX-007,v1.6-prev2-context,2026-07-30,로봇화에 뛰어든 기업 수,,2023,Y,%,%,rate,rate_change,organization,2018,Y,,,Y,MAP000002,"query: 측정지표: 로봇화에 뛰어든 기업 수
통계 검색어: 로봇화, 기업, 증가
분야: 생산·산업
기사 주장: 한국로봇산업진흥원에 따르면 2023년까지 로봇화에 뛰어든 우리 기업은 2524곳으로 지난 2019년보다 13%가량 증가했다.",success,20,0.0,high,401,DT_401001_002,2006203,로봇산업 생산 현황,로봇산업실태조사,0.899226,0.142857,0.0,0.702991,401,DT_401N_013,2006203,로봇산업 생산 현황,로봇산업실태조사,0.899226,0.142857,0.0,0.702991,401,DT_373002_001,2006203,"제조업용 로봇 생산 현황_기계구조, 적용산업별",로봇산업실태조사,0.897019,0.142857,0.0,0.701335,401,DT_401001_001,2006203,로봇산업 매출 현황,로봇산업실태조사,0.900902,0.0,0.0,0.675676,401,DT_401N_015,2006203,로봇산업 설비투자 현황,로봇산업실태조사,0.89941,0.0,0.0,0.674557
A0006-C001,A0006-C001-m1,A0006,"2024년 수출, 6838억달러로 ‘역대 최대’ 경신",2025-01-01,https://www.chosun.com/economy/industry-company/2025/01/01/2UPTGREAPRAWRG4XUBRMLONSKY,한국의 2024년 수출이 6838억 달러를 기록해 역대 최대실적을 달성했다고 1일 산업통상자원부가 밝혔다.,,,국내공식통계,N,무역,수출액,"2024년, 수출, 역대 최대 실적",-,-,-,,-,-,-,2024,-,Y,확정,6838억 달러,KOSIS_VALUE,hcx,수출액,-,2024,Y,hcx,현재값,6.838E+11,-,-,N,달러,수준값,-,전년,한국의 2024년 수출이 6838억 달러를 기록해 역대 최대실적을 달성했다고 1일 산업통상자원부가 밝혔다.,high,N,-,N,0,0,HCX-007,v1.6-prev2-context,2026-07-30,수출액,,2024,Y,달러,달러,currency,amount,unspecified,,Y,,,Y,MAP000003,"query: 측정지표: 수출액
통계 검색어: 2024년, 수출, 역대 최대 실적
분야: 무역
기사 주장: 한국의 2024년 수출이 6838억 달러를 기록해 역대 최대실적을 달성했다고 1일 산업통상자원부가 밝혔다.",success,20,0.003798,high,395,DT_395N_S2024269,2003024,수출액 수준: 2024년,한국기업혁신조사 > 2025년도 조사(서비스 부문) > 매출액 및 수출액 수준,0.886776,0.166667,0.0,0.698415,395,DT_395N_S2023300,2003024,수출액 수준: 2023년,한국기업혁신조사 > 2024년도 조사(제조업 부문) > 매출액 및 수출액 수준,0.881711,0.166667,0.0,0.694617,395,DT_395N_S2023298,2003024,수출액 수준: 2022년,한국기업혁신조사 > 2024년도 조사(제조업 부문) > 매출액 및 수출액 수준,0.881673,0.166667,0.0,0.694588,395,DT_395N_S2024265,2003024,수출액 수준: 2022년,한국기업혁신조사 > 2025년도 조사(서비스 부문) > 매출액 및 수출액 수준,0.879548,0.166667,0.0,0.692994,395,DT_395N_S2023296,2003024,수출액 수준: 2021년,한국기업혁신조사 > 2024년도 조사(제조업 부문) > 매출액 및 수출액 수준,0.879445,0.166667,0.0,0.692917
A0006-C002,A0006-C002-m1,A0006,"2024년 수출, 6838억달러로 ‘역대 최대’ 경신",2025-01-01,https://www.chosun.com/economy/industry-company/2025/01/01/2UPTGREAPRAWRG4XUBRMLONSKY,"이전 최대 실적은 2022년 기록한 6836억달러인데, 이를 2년 만에 근소하게 경신한 것이다.",한국의 2024년 수출이 6838억 달러를 기록해 역대 최대실적을 달성했다고 1일 산업통상자원부가 밝혔다.,,국내공식통계,N,무역,수출액,"수출, 역대 최대 실적",-,-,-,,-,-,-,2022,-,Y,확정,6836억달러,KOSIS_VALUE,hcx,수출액,-,2022,Y,hcx,이전값,6.836E+11,-,-,N,달러,수준값,-,전년,한국의 2024년 수출이 6838억 달러를 기록해 역대 최대실적을 달성했다고 1일 산업통상자원부가 밝혔다.,high,Y,measurement_binding_fallback:1,N,0,1,HCX-007,v1.6-prev2-context,2026-07-30,수출액,,2024,Y,달러,달러,currency,amount,unspecified,,Y,,,Y,MAP000004,"query: 측정지표: 수출액
통계 검색어: 수출, 역대 최대 실적
분야: 무역
기사 주장: 이전 최대 실적은 2022년 기록한 6836억달러인데, 이를 2년 만에 근소하게 경신한 것이다.",success,20,0.000193,high,395,DT_395N_S2024265,2003024,수출액 수준: 2022년,한국기업혁신조사 > 2025년도 조사(서비스 부문) > 매출액 및 수출액 수준,0.871943,0.166667,0.0,0.68729,395,DT_395N_S2022300,2003024,수출액 수준: 2022년,한국기업혁신조사 > 2023년도 조사(서비스 부문) > 매출액 및 수출액 수준,0.871685,0.166667,0.0,0.687097,360,DT_1R11006_FRM101,1976045,"국가별 수출액, 수입액",SITC에의한무역통계,0.871094,0.166667,0.0,0.686654,127,DT_127010_008,2018022,전년 대비 수출액 증감 현황 및 이유,클라우드산업실태조사,0.87047,0.166667,0.0,0.686186,127,DT_127005_005,1996008,수출 및 수입액,ICT실태조사,0.869107,0.166667,0.0,0.685163
A0006-C003,A0006-C003-m3,A0006,"2024년 수출, 6838억달러로 ‘역대 최대’ 경신",2025-01-01,https://www.chosun.com/economy/industry-company/2025/01/01/2UPTGREAPRAWRG4XUBRMLONSKY,"이에 따라 2024년 1~9월 기준(WTO)으로 전 세계 수출순위도 2023년 8위에서 두 단계 상승한 6위를 달성했으며, 상위 10대 수출국 중 가장 높은 수출증가율(+9.6%)을 기록했다.","이전 최대 실적은 2022년 기록한 6836억달러인데, 이를 2년 만에 근소하게 경신한 것이다.",한국의 2024년 수출이 6838억 달러를 기록해 역대 최대실적을 달성했다고 1일 산업통상자원부가 밝혔다.,국내공식통계,N,무역,상위 수출국 수,"수출, WTO, 순위, 증가율",-,-,-,,-,-,-,2024,-,Y,확정,10대,KOSIS_VALUE,hcx,상위 수출국 수,-,2024,Y,hcx,현재값,10,-,-,N,대,수준값,증가,전년,"이에 따라 2024년 1~9월 기준(WTO)으로 전 세계 수출순위도 2023년 8위에서 두 단계 상승한 6위를 달성했으며, 상위 10대 수출국 중 가장 높은 수출증가율(+9.6%)을 기록했다.",high,N,-,Y,0,0,HCX-007,v1.6-prev2-context,2026-07-30,수출액,,2024,Y,대,대,count,count,unspecified,,Y,,,N,MAP000005,"query: 측정지표: 상위 수출국 수
대표지표: 수출액
통계 검색어: 수출, WTO, 순위, 증가율
분야: 무역
기사 주장: 이에 따라 2024년 1~9월 기준(WTO)으로 전 세계 수출순위도 2023년 8위에서 두 단계 상승한 6위를 달성했으며, 상위 10대 수출국 중 가장 높은 수출증가율(+9.6%)을 기록했다.",success,20,0.034251,high,142,DT_12029,2012054,"주요 수출 국가(1+2+3순위, 상위 6위)",1인창조기업실태조사 > 2012년 > 기업운영 실태 및 향후 운영 계획,0.902057,0.375,0.0,0.751543,115,DT_115042_25_044,2025009,향후 수출 계획이 있는 국가_1+2순위,자동차부품산업실태조사,0.889722,0.25,0.0,0.717292,142,DT_V25_A054,1999037,원자재/부품 수입 국가(1+2순위),"벤처기업정밀실태조사 > 2024년 > 마케팅, 해외 수출 현황",0.88852,0.25,0.0,0.71639,358,DT_358004_025,2021024,수출액 및 해외 매출액 증가 주요 요인_1+2 순위,바이오헬스산업실태조사,0.886182,0.25,0.0,0.714636,115,DT_115034N_096,2016003,주요 수출국 현황(1순위),뿌리산업실태조사 > 2020년 이전 > 해외진출 현황,0.885852,0.25,0.0,0.714389
A0006-C003,A0006-C003-m4,A0006,"2024년 수출, 6838억달러로 ‘역대 최대’ 경신",2025-01-01,https://www.chosun.com/economy/industry-company/2025/01/01/2UPTGREAPRAWRG4XUBRMLONSKY,"이에 따라 2024년 1~9월 기준(WTO)으로 전 세계 수출순위도 2023년 8위에서 두 단계 상승한 6위를 달성했으며, 상위 10대 수출국 중 가장 높은 수출증가율(+9.6%)을 기록했다.","이전 최대 실적은 2022년 기록한 6836억달러인데, 이를 2년 만에 근소하게 경신한 것이다.",한국의 2024년 수출이 6838억 달러를 기록해 역대 최대실적을 달성했다고 1일 산업통상자원부가 밝혔다.,국내공식통계,N,무역,수출증가율,"수출, WTO, 순위, 증가율",-,-,-,,-,-,-,2024,-,Y,확정,9.60%,KOSIS_VALUE,hcx,수출증가율,-,2024,Y,hcx,증감률,9.6,-,-,N,%,증감률,증가,전년,"이에 따라 2024년 1~9월 기준(WTO)으로 전 세계 수출순위도 2023년 8위에서 두 단계 상승한 6위를 달성했으며, 상위 10대 수출국 중 가장 높은 수출증가율(+9.6%)을 기록했다.",high,N,-,Y,0,0,HCX-007,v1.6-prev2-context,2026-07-30,수출액,,2024,Y,%,%,rate,rate_change,unspecified,2023,Y,,,Y,MAP000006,"query: 측정지표: 수출증가율
대표지표: 수출액
통계 검색어: 수출, WTO, 순위, 증가율
분야: 무역
기사 주장: 이에 따라 2024년 1~9월 기준(WTO)으로 전 세계 수출순위도 2023년 8위에서 두 단계 상승한 6위를 달성했으며, 상위 10대 수출국 중 가장 높은 수출증가율(+9.6%)을 기록했다.",success,20,0.007714,high,142,DT_12029,2012054,"주요 수출 국가(1+2+3순위, 상위 6위)",1인창조기업실태조사 > 2012년 > 기업운영 실태 및 향후 운영 계획,0.900303,0.285714,0.0,0.73237,115,DT_115042_25_044,2025009,향후 수출 계획이 있는 국가_1+2순위,자동차부품산업실태조사,0.890018,0.285714,0.0,0.724656,142,DT_V25_A054,1999037,원자재/부품 수입 국가(1+2순위),"벤처기업정밀실태조사 > 2024년 > 마케팅, 해외 수출 현황",0.888207,0.285714,0.0,0.723298,358,DT_358004_025,2021024,수출액 및 해외 매출액 증가 주요 요인_1+2 순위,바이오헬스산업실태조사,0.887541,0.285714,0.0,0.722798,395,DT_395N_S2024267,2003024,수출액 수준: 2023년,한국기업혁신조사 > 2025년도 조사(서비스 부문) > 매출액 및 수출액 수준,0.895895,0.142857,0.0,0.700493
A0006-C004,A0006-C004-m1,A0006,"2024년 수출, 6838억달러로 ‘역대 최대’ 경신",2025-01-01,https://www.chosun.com/economy/industry-company/2025/01/01/2UPTGREAPRAWRG4XUBRMLONSKY,무역수지는 전년 대비 621억 달러 개선된 518억 달러의 흑자를 기록했다.,"이에 따라 2024년 1~9월 기준(WTO)으로 전 세계 수출순위도 2023년 8위에서 두 단계 상승한 6위를 달성했으며, 상위 10대 수출국 중 가장 높은 수출증가율(+9.6%)을 기록했다.","이전 최대 실적은 2022년 기록한 6836억달러인데, 이를 2년 만에 근소하게 경신한 것이다.",국내공식통계,Y,무역,무역수지 증감액,"수출, WTO, 수출증가율, 무역수지",-,-,-,,-,-,-,2024,-,Y,확정,621억 달러,KOSIS_VALUE,hcx,무역수지 증감액,-,2024,Y,hcx,현재값,62100000000,-,-,N,달러,증감량,증가,전년,무역수지는 전년 대비 621억 달러 개선된 518억 달러의 흑자를 기록했다.,high,N,-,N,0,0,HCX-007,v1.6-prev2-context,2026-07-30,무역수지,,2024,Y,달러,달러,currency,absolute_change,unspecified,2023,Y,,,N,MAP000007,"query: 측정지표: 무역수지 증감액
대표지표: 무역수지
통계 검색어: 수출, WTO, 수출증가율, 무역수지
분야: 무역
기사 주장: 무역수지는 전년 대비 621억 달러 개선된 518억 달러의 흑자를 기록했다.",success,20,0.004467,high,127,DT_127005_006,1996008,무역수지,ICT실태조사,0.882783,0.166667,0.0,0.695421,142,DT_D22058,2007272,수출 관련 애로사항 여부,장애인기업실태조사 > 2022년 > 경영 활동 사항,0.876828,0.166667,0.0,0.690954,142,DT_D23058,2007272,수출 관련 애로사항 여부,장애인기업실태조사 > 2023년 > 경영활동 현황,0.876355,0.166667,0.0,0.690599,127,DT_127005_005,1996008,수출 및 수입액,ICT실태조사,0.875969,0.166667,0.0,0.69031,142,DT_D23059,2007272,수출 관련 애로사항 - 복수응답,장애인기업실태조사 > 2023년 > 경영활동 현황,0.874719,0.166667,0.0,0.689373
A0006-C004,A0006-C004-m2,A0006,"2024년 수출, 6838억달러로 ‘역대 최대’ 경신",2025-01-01,https://www.chosun.com/economy/industry-company/2025/01/01/2UPTGREAPRAWRG4XUBRMLONSKY,무역수지는 전년 대비 621억 달러 개선된 518억 달러의 흑자를 기록했다.,"이에 따라 2024년 1~9월 기준(WTO)으로 전 세계 수출순위도 2023년 8위에서 두 단계 상승한 6위를 달성했으며, 상위 10대 수출국 중 가장 높은 수출증가율(+9.6%)을 기록했다.","이전 최대 실적은 2022년 기록한 6836억달러인데, 이를 2년 만에 근소하게 경신한 것이다.",국내공식통계,Y,무역,무역수지,"수출, WTO, 수출증가율, 무역수지",-,-,-,,-,-,-,2024,-,Y,확정,518억 달러,KOSIS_VALUE,hcx,무역수지,-,2024,Y,hcx,현재값,51800000000,-,-,N,달러,수준값,-,-,무역수지는 전년 대비 621억 달러 개선된 518억 달러의 흑자를 기록했다.,high,N,-,N,0,0,HCX-007,v1.6-prev2-context,2026-07-30,무역수지,,2024,Y,달러,달러,currency,amount,unspecified,,Y,,,Y,MAP000008,"query: 측정지표: 무역수지
통계 검색어: 수출, WTO, 수출증가율, 무역수지
분야: 무역
기사 주장: 무역수지는 전년 대비 621억 달러 개선된 518억 달러의 흑자를 기록했다.",success,20,0.0051,high,127,DT_127005_006,1996008,무역수지,ICT실태조사,0.88066,0.2,0.0,0.700495,142,DT_D22058,2007272,수출 관련 애로사항 여부,장애인기업실태조사 > 2022년 > 경영 활동 사항,0.87386,0.2,0.0,0.695395,142,DT_D23058,2007272,수출 관련 애로사항 여부,장애인기업실태조사 > 2023년 > 경영활동 현황,0.873634,0.2,0.0,0.695225,127,DT_127005_005,1996008,수출 및 수입액,ICT실태조사,0.872513,0.2,0.0,0.694385,142,DT_D23059,2007272,수출 관련 애로사항 - 복수응답,장애인기업실태조사 > 2023년 > 경영활동 현황,0.872038,0.2,0.0,0.694028
A0006-C005,A0006-C005-m1,A0006,"2024년 수출, 6838억달러로 ‘역대 최대’ 경신",2025-01-01,https://www.chosun.com/economy/industry-company/2025/01/01/2UPTGREAPRAWRG4XUBRMLONSKY,2022년 당시 수출액은 역대 최대를 기록하면서도 472억달러 적자를 냈던 것과 다른 결과다.,무역수지는 전년 대비 621억 달러 개선된 518억 달러의 흑자를 기록했다.,"이에 따라 2024년 1~9월 기준(WTO)으로 전 세계 수출순위도 2023년 8위에서 두 단계 상승한 6위를 달성했으며, 상위 10대 수출국 중 가장 높은 수출증가율(+9.6%)을 기록했다.",국내공식통계,N,무역,무역수지,"수출액, WTO, 수출증가율, 무역수지",-,-,-,,-,-,-,2022,-,Y,확정,472억달러,KOSIS_VALUE,hcx,무역수지,-,2022,Y,hcx,이전값,47200000000,-,-,N,달러,수준값,감소,전년,2022년 당시 수출액은 역대 최대를 기록하면서도 472억달러 적자를 냈던 것과 다른 결과다.,high,Y,measurement_rule_fallback:1,Y,1,0,HCX-007,v1.6-prev2-context,2026-07-30,수출액,,2022,Y,달러,달러,currency,amount,unspecified,,Y,,,Y,MAP000009,"query: 측정지표: 무역수지
대표지표: 수출액
통계 검색어: 수출액, WTO, 수출증가율, 무역수지
분야: 무역
기사 주장: 2022년 당시 수출액은 역대 최대를 기록하면서도 472억달러 적자를 냈던 것과 다른 결과다.",success,20,0.001681,high,360,DT_1R11006_FRM101,1976045,"국가별 수출액, 수입액",SITC에의한무역통계,0.875274,0.2,0.0,0.696455,395,DT_395N_S2022300,2003024,수출액 수준: 2022년,한국기업혁신조사 > 2023년도 조사(서비스 부문) > 매출액 및 수출액 수준,0.873033,0.2,0.0,0.694774,395,DT_395N_S2024265,2003024,수출액 수준: 2022년,한국기업혁신조사 > 2025년도 조사(서비스 부문) > 매출액 및 수출액 수준,0.872384,0.2,0.0,0.694288,395,DT_395N_I2021300,2003024,수출액 수준: 2021년,한국기업혁신조사 > 2022년도 조사(제조업 부문) > 매출액 및 수출액 수준,0.870985,0.2,0.0,0.693239,395,DT_395N_S2023298,2003024,수출액 수준: 2022년,한국기업혁신조사 > 2024년도 조사(제조업 부문) > 매출액 및 수출액 수준,0.869401,0.2,0.0,0.692051
A0006-C006,A0006-C006-m1,A0006,"2024년 수출, 6838억달러로 ‘역대 최대’ 경신",2025-01-01,https://www.chosun.com/economy/industry-company/2025/01/01/2UPTGREAPRAWRG4XUBRMLONSKY,2024년에는 에너지 수입이 감소하면서 전체 수입이 전년 대비 1.6% 감소한 덕에 무역수지가 개선됐다.,2022년 당시 수출액은 역대 최대를 기록하면서도 472억달러 적자를 냈던 것과 다른 결과다.,무역수지는 전년 대비 621억 달러 개선된 518억 달러의 흑자를 기록했다.,국내공식통계,N,무역,수입 증가율,"무역수지, 수출액, 에너지 수입",-,-,-,,-,-,-,2024,-,Y,확정,1.60%,KOSIS_VALUE,hcx,수입 증가율,-,2024,Y,hcx,증감률,1.6,-,-,N,%,증감률,감소,전년,2024년에는 에너지 수입이 감소하면서 전체 수입이 전년 대비 1.6% 감소한 덕에 무역수지가 개선됐다.,high,N,-,N,0,0,HCX-007,v1.6-prev2-context,2026-07-30,수입 증가율,,2024,Y,%,%,rate,rate_change,unspecified,2023,Y,,,Y,MAP000010,"query: 측정지표: 수입 증가율
통계 검색어: 무역수지, 수출액, 에너지 수입
분야: 무역
기사 주장: 2024년에는 에너지 수입이 감소하면서 전체 수입이 전년 대비 1.6% 감소한 덕에 무역수지가 개선됐다.",success,20,0.000376,high,395,DT_395N_S2023300,2003024,수출액 수준: 2023년,한국기업혁신조사 > 2024년도 조사(제조업 부문) > 매출액 및 수출액 수준,0.888649,0.166667,0.0,0.69982,395,DT_395N_S2023298,2003024,수출액 수준: 2022년,한국기업혁신조사 > 2024년도 조사(제조업 부문) > 매출액 및 수출액 수준,0.888148,0.166667,0.0,0.699444,395,DT_395N_S2024269,2003024,수출액 수준: 2024년,한국기업혁신조사 > 2025년도 조사(서비스 부문) > 매출액 및 수출액 수준,0.886498,0.166667,0.0,0.698207,395,DT_395N_S2023296,2003024,수출액 수준: 2021년,한국기업혁신조사 > 2024년도 조사(제조업 부문) > 매출액 및 수출액 수준,0.884954,0.166667,0.0,0.697049,395,DT_395N_S2023222,2003024,환경편익혁신 도입 유무: 에너지 사용 절감 또는 탄소 발자국 감소(귀사),한국기업혁신조사 > 2024년도 조사(제조업 부문) > 환경편익 혁신 > 환경편익혁신 도입 유무,0.884905,0.166667,0.0,0.697012
A0006-C007,A0006-C007-m1,A0006,"2024년 수출, 6838억달러로 ‘역대 최대’ 경신",2025-01-01,https://www.chosun.com/economy/industry-company/2025/01/01/2UPTGREAPRAWRG4XUBRMLONSKY,이에 2018년(697억 달러 흑자) 이후 최대 흑자를 기록하게 됐다.,2024년에는 에너지 수입이 감소하면서 전체 수입이 전년 대비 1.6% 감소한 덕에 무역수지가 개선됐다.,2022년 당시 수출액은 역대 최대를 기록하면서도 472억달러 적자를 냈던 것과 다른 결과다.,국내공식통계,N,무역,흑자,"수출, 무역수지, 흑자",-,-,-,,-,-,-,2018,-,Y,확정,697억 달러,KOSIS_VALUE,hcx,흑자,-,2018,Y,hcx,현재값,69700000000,-,-,N,달러,수준값,유지,전년,이에 2018년(697억 달러 흑자) 이후 최대 흑자를 기록하게 됐다.,high,N,-,N,0,0,HCX-007,v1.6-prev2-context,2026-07-30,흑자,,2025,Y,달러,달러,currency,amount,unspecified,,Y,,,Y,MAP000011,"query: 측정지표: 흑자
통계 검색어: 수출, 무역수지, 흑자
분야: 무역
기사 주장: 이에 2018년(697억 달러 흑자) 이후 최대 흑자를 기록하게 됐다.",success,20,0.001115,high,127,DT_127005_006,1996008,무역수지,ICT실태조사,0.883712,0.25,0.0,0.712784,127,DT_127005_005,1996008,수출 및 수입액,ICT실태조사,0.882225,0.25,0.0,0.711669,142,DT_D23058,2007272,수출 관련 애로사항 여부,장애인기업실태조사 > 2023년 > 경영활동 현황,0.879345,0.25,0.0,0.709509,142,DT_D22058,2007272,수출 관련 애로사항 여부,장애인기업실태조사 > 2022년 > 경영 활동 사항,0.87893,0.25,0.0,0.709197,127,TX_374_2009_H1035,1998012,방송기기 무역수지,ICT주요품목동향조사 > 2008년 이전 > 정보통신산업,0.878438,0.25,0.0,0.708828
A0006-C009,A0006-C009-m1,A0006,"2024년 수출, 6838억달러로 ‘역대 최대’ 경신",2025-01-01,https://www.chosun.com/economy/industry-company/2025/01/01/2UPTGREAPRAWRG4XUBRMLONSKY,"◇반도체, 자동차가 이끌고 바이오, 농수산, 화장품 등도 고르게 증가 품목별로는 최대 수출품목인 반도체가 43.9% 증가한 1419억 달러를 기록, 2023년 11월 이후 14개월 연속 증가 흐름을 이어가면서 기존 최대 실적인 2022년 1292억 달러를 2년 만에 경신했다.","지난해 유가가 하향 안정화된 가운데 반도체 등 IT 품목, 선박·자동차 등 주력 품목과 바이오헬스·농수산식품·화장품 등 소비재 품목이 고르게 호조를 보이면서 역대 최대 수출 실적과 무역수지 흑자를 동시에 기록했다.",이에 2018년(697억 달러 흑자) 이후 최대 흑자를 기록하게 됐다.,국내공식통계,Y,무역,반도체 수출액,"수출, 반도체, 자동차, 바이오, 농수산, 화장품",-,-,-,반도체,-,-,-,2024,-,Y,확정,1419억 달러,KOSIS_VALUE,hcx,반도체 수출액,반도체,2024,Y,hcx,현재값,1.419E+11,-,-,N,달러,수준값,증가,전년,"◇반도체, 자동차가 이끌고 바이오, 농수산, 화장품 등도 고르게 증가 품목별로는 최대 수출품목인 반도체가 43.9% 증가한 1419억 달러를 기록, 2023년 11월 이후 14개월 연속 증가 흐름을 이어가면서 기존 최대 실적인 2022년 1292억 달러를 2년 만에 경신했다.",high,N,-,Y,0,0,HCX-007,v1.6-prev2-context,2026-07-30,수출액,,2024,Y,달러,달러,currency,amount,vehicle,,Y,,,Y,MAP000012,"query: 측정지표: 반도체 수출액
대표지표: 수출액
통계 검색어: 수출, 반도체, 자동차, 바이오, 농수산, 화장품
세부항목: 반도체
분야: 무역
기사 주장: ◇반도체, 자동차가 이끌고 바이오, 농수산, 화장품 등도 고르게 증가 품목별로는 최대 수출품목인 반도체가 43.9% 증가한 1419억 달러를 기록, 2023년 11월 이후 14개월 연속 증가 흐름을 이어가면서 기존 최대 실적인 2022년 1292억 달러를 2년 만에 경신했다.",success,20,8.9e-05,high,115,DT_115042_25_047,2025009,자동차 부품 신규 수출 및 확대 계획이 없는 이유_1+2순위,자동차부품산업실태조사,0.862445,0.25,0.0,0.696834,115,DT_115042_25_037,2025009,자동차 부품산업 분야 주요 수출 품목_1+2+3순위,자동차부품산업실태조사,0.862327,0.25,0.0,0.696745,395,DT_395N_S2022300,2003024,수출액 수준: 2022년,한국기업혁신조사 > 2023년도 조사(서비스 부문) > 매출액 및 수출액 수준,0.870021,0.125,0.0,0.677516,395,DT_395N_S2024265,2003024,수출액 수준: 2022년,한국기업혁신조사 > 2025년도 조사(서비스 부문) > 매출액 및 수출액 수준,0.867276,0.125,0.0,0.675457,395,DT_395N_S2024267,2003024,수출액 수준: 2023년,한국기업혁신조사 > 2025년도 조사(서비스 부문) > 매출액 및 수출액 수준,0.865363,0.125,0.0,0.674022
A0006-C009,A0006-C009-m2,A0006,"2024년 수출, 6838억달러로 ‘역대 최대’ 경신",2025-01-01,https://www.chosun.com/economy/industry-company/2025/01/01/2UPTGREAPRAWRG4XUBRMLONSKY,"◇반도체, 자동차가 이끌고 바이오, 농수산, 화장품 등도 고르게 증가 품목별로는 최대 수출품목인 반도체가 43.9% 증가한 1419억 달러를 기록, 2023년 11월 이후 14개월 연속 증가 흐름을 이어가면서 기존 최대 실적인 2022년 1292억 달러를 2년 만에 경신했다.","지난해 유가가 하향 안정화된 가운데 반도체 등 IT 품목, 선박·자동차 등 주력 품목과 바이오헬스·농수산식품·화장품 등 소비재 품목이 고르게 호조를 보이면서 역대 최대 수출 실적과 무역수지 흑자를 동시에 기록했다.",이에 2018년(697억 달러 흑자) 이후 최대 흑자를 기록하게 됐다.,국내공식통계,Y,무역,반도체 수출 증감률,"수출, 반도체, 자동차, 바이오, 농수산, 화장품",-,-,-,반도체,-,-,-,2024,-,Y,확정,43.90%,KOSIS_VALUE,hcx,반도체 수출 증감률,반도체,2024,Y,hcx,증감률,43.9,-,-,N,%,증감률,증가,전년,"◇반도체, 자동차가 이끌고 바이오, 농수산, 화장품 등도 고르게 증가 품목별로는 최대 수출품목인 반도체가 43.9% 증가한 1419억 달러를 기록, 2023년 11월 이후 14개월 연속 증가 흐름을 이어가면서 기존 최대 실적인 2022년 1292억 달러를 2년 만에 경신했다.",high,N,-,Y,0,0,HCX-007,v1.6-prev2-context,2026-07-30,수출액,,2024,Y,%,%,rate,rate_change,vehicle,2023,Y,,,Y,MAP000013,"query: 측정지표: 반도체 수출 증감률
대표지표: 수출액
통계 검색어: 수출, 반도체, 자동차, 바이오, 농수산, 화장품
세부항목: 반도체
분야: 무역
기사 주장: ◇반도체, 자동차가 이끌고 바이오, 농수산, 화장품 등도 고르게 증가 품목별로는 최대 수출품목인 반도체가 43.9% 증가한 1419억 달러를 기록, 2023년 11월 이후 14개월 연속 증가 흐름을 이어가면서 기존 최대 실적인 2022년 1292억 달러를 2년 만에 경신했다.",success,20,0.001214,high,115,DT_115042_25_047,2025009,자동차 부품 신규 수출 및 확대 계획이 없는 이유_1+2순위,자동차부품산업실태조사,0.865674,0.222222,0.0,0.6937,115,DT_115042_25_037,2025009,자동차 부품산업 분야 주요 수출 품목_1+2+3순위,자동차부품산업실태조사,0.864055,0.222222,0.0,0.692486,395,DT_395N_S2022300,2003024,수출액 수준: 2022년,한국기업혁신조사 > 2023년도 조사(서비스 부문) > 매출액 및 수출액 수준,0.871627,0.111111,0.0,0.675943,395,DT_395N_S2024265,2003024,수출액 수준: 2022년,한국기업혁신조사 > 2025년도 조사(서비스 부문) > 매출액 및 수출액 수준,0.868017,0.111111,0.0,0.673235,395,DT_395N_S2024267,2003024,수출액 수준: 2023년,한국기업혁신조사 > 2025년도 조사(서비스 부문) > 매출액 및 수출액 수준,0.866673,0.111111,0.0,0.672227
A0006-C009,A0006-C009-m3,A0006,"2024년 수출, 6838억달러로 ‘역대 최대’ 경신",2025-01-01,https://www.chosun.com/economy/industry-company/2025/01/01/2UPTGREAPRAWRG4XUBRMLONSKY,"◇반도체, 자동차가 이끌고 바이오, 농수산, 화장품 등도 고르게 증가 품목별로는 최대 수출품목인 반도체가 43.9% 증가한 1419억 달러를 기록, 2023년 11월 이후 14개월 연속 증가 흐름을 이어가면서 기존 최대 실적인 2022년 1292억 달러를 2년 만에 경신했다.","지난해 유가가 하향 안정화된 가운데 반도체 등 IT 품목, 선박·자동차 등 주력 품목과 바이오헬스·농수산식품·화장품 등 소비재 품목이 고르게 호조를 보이면서 역대 최대 수출 실적과 무역수지 흑자를 동시에 기록했다.",이에 2018년(697억 달러 흑자) 이후 최대 흑자를 기록하게 됐다.,국내공식통계,Y,무역,반도체 수출액,"수출, 반도체, 자동차, 바이오, 농수산, 화장품",-,-,-,반도체,-,-,-,2022,-,Y,확정,1292억 달러,KOSIS_VALUE,hcx,반도체 수출액,반도체,2022,Y,hcx,이전값,1.292E+11,-,-,N,달러,수준값,증가,전년동기,"◇반도체, 자동차가 이끌고 바이오, 농수산, 화장품 등도 고르게 증가 품목별로는 최대 수출품목인 반도체가 43.9% 증가한 1419억 달러를 기록, 2023년 11월 이후 14개월 연속 증가 흐름을 이어가면서 기존 최대 실적인 2022년 1292억 달러를 2년 만에 경신했다.",high,N,-,Y,0,0,HCX-007,v1.6-prev2-context,2026-07-30,수출액,,2024,Y,달러,달러,currency,amount,vehicle,,Y,,,Y,MAP000014,"query: 측정지표: 반도체 수출액
대표지표: 수출액
통계 검색어: 수출, 반도체, 자동차, 바이오, 농수산, 화장품
세부항목: 반도체
분야: 무역
기사 주장: ◇반도체, 자동차가 이끌고 바이오, 농수산, 화장품 등도 고르게 증가 품목별로는 최대 수출품목인 반도체가 43.9% 증가한 1419억 달러를 기록, 2023년 11월 이후 14개월 연속 증가 흐름을 이어가면서 기존 최대 실적인 2022년 1292억 달러를 2년 만에 경신했다.",success,20,8.9e-05,high,115,DT_115042_25_047,2025009,자동차 부품 신규 수출 및 확대 계획이 없는 이유_1+2순위,자동차부품산업실태조사,0.862445,0.25,0.0,0.696834,115,DT_115042_25_037,2025009,자동차 부품산업 분야 주요 수출 품목_1+2+3순위,자동차부품산업실태조사,0.862327,0.25,0.0,0.696745,395,DT_395N_S2022300,2003024,수출액 수준: 2022년,한국기업혁신조사 > 2023년도 조사(서비스 부문) > 매출액 및 수출액 수준,0.870021,0.125,0.0,0.677516,395,DT_395N_S2024265,2003024,수출액 수준: 2022년,한국기업혁신조사 > 2025년도 조사(서비스 부문) > 매출액 및 수출액 수준,0.867276,0.125,0.0,0.675457,395,DT_395N_S2024267,2003024,수출액 수준: 2023년,한국기업혁신조사 > 2025년도 조사(서비스 부문) > 매출액 및 수출액 수준,0.865363,0.125,0.0,0.674022
A0006-C011,A0006-C011-m1,A0006,"2024년 수출, 6838억달러로 ‘역대 최대’ 경신",2025-01-01,https://www.chosun.com/economy/industry-company/2025/01/01/2UPTGREAPRAWRG4XUBRMLONSKY,"자동차 수출은 하반기 주요 완성차·부품업계 파업 등에 따른 일부 생산 차질 영향으로 전년도와 보합세인 708억 달러(-0.1%)를 기록하였으며, 2년 연속 700억 달러 이상의 호실적을 이어갔다.","특히 지난 4분기에는 범용 메모리 가격하락에도 불구하고, DDR5·HBM 등 고부가 품목을 중심으로 수출이 확대되면서 올해 전체적으로 분기별 수출이 우상향했다.","◇반도체, 자동차가 이끌고 바이오, 농수산, 화장품 등도 고르게 증가 품목별로는 최대 수출품목인 반도체가 43.9% 증가한 1419억 달러를 기록, 2023년 11월 이후 14개월 연속 증가 흐름을 이어가면서 기존 최대 실적인 2022년 1292억 달러를 2년 만에 경신했다.",국내공식통계,Y,무역,자동차 수출,"수출, 자동차, 완성차, 부품업계, 생산 차질",-,-,-,자동차,-,-,-,2024,-,Y,확정,708억 달러,KOSIS_VALUE,hcx,자동차 수출,자동차,2024,Y,hcx,현재값,70800000000,-,-,N,달러,수준값,유지,전년,"자동차 수출은 하반기 주요 완성차·부품업계 파업 등에 따른 일부 생산 차질 영향으로 전년도와 보합세인 708억 달러(-0.1%)를 기록하였으며, 2년 연속 700억 달러 이상의 호실적을 이어갔다.",high,N,-,Y,0,0,HCX-007,v1.6-prev2-context,2026-07-30,자동차 수출,자동차,2024,Y,달러,달러,currency,amount,vehicle,,Y,,,Y,MAP000015,"query: 측정지표: 자동차 수출
통계 검색어: 수출, 자동차, 완성차, 부품업계, 생산 차질
세부항목: 자동차
분야: 무역
기사 주장: 자동차 수출은 하반기 주요 완성차·부품업계 파업 등에 따른 일부 생산 차질 영향으로 전년도와 보합세인 708억 달러(-0.1%)를 기록하였으며, 2년 연속 700억 달러 이상의 호실적을 이어갔다.",success,20,9.9e-05,high,115,DT_115042_25_039,2025009,자동차 부품산업 분야 주요 수출 국가_1+2+3순위,자동차부품산업실태조사,0.895425,0.285714,1.0,0.778711,115,DT_115042_25_037,2025009,자동차 부품산업 분야 주요 수출 품목_1+2+3순위,자동차부품산업실태조사,0.895292,0.285714,1.0,0.778612,115,DT_115042_25_047,2025009,자동차 부품 신규 수출 및 확대 계획이 없는 이유_1+2순위,자동차부품산업실태조사,0.893654,0.285714,1.0,0.777383,115,DT_115042_25_046,2025009,자동차 부품 신규 수출 및 확대 계획이 없는 이유_1순위,자동차부품산업실태조사,0.891293,0.285714,1.0,0.775612,115,DT_115042_25_038,2025009,자동차 부품산업 분야 주요 수출 국가_1순위,자동차부품산업실태조사,0.890339,0.285714,1.0,0.774897
A0006-C011,A0006-C011-m2,A0006,"2024년 수출, 6838억달러로 ‘역대 최대’ 경신",2025-01-01,https://www.chosun.com/economy/industry-company/2025/01/01/2UPTGREAPRAWRG4XUBRMLONSKY,"자동차 수출은 하반기 주요 완성차·부품업계 파업 등에 따른 일부 생산 차질 영향으로 전년도와 보합세인 708억 달러(-0.1%)를 기록하였으며, 2년 연속 700억 달러 이상의 호실적을 이어갔다.","특히 지난 4분기에는 범용 메모리 가격하락에도 불구하고, DDR5·HBM 등 고부가 품목을 중심으로 수출이 확대되면서 올해 전체적으로 분기별 수출이 우상향했다.","◇반도체, 자동차가 이끌고 바이오, 농수산, 화장품 등도 고르게 증가 품목별로는 최대 수출품목인 반도체가 43.9% 증가한 1419억 달러를 기록, 2023년 11월 이후 14개월 연속 증가 흐름을 이어가면서 기존 최대 실적인 2022년 1292억 달러를 2년 만에 경신했다.",국내공식통계,Y,무역,변화율,"수출, 자동차, 완성차, 부품업계, 생산 차질",-,-,-,자동차,-,-,-,2024,-,Y,확정,0.10%,KOSIS_VALUE,hcx,변화율,자동차,2024,Y,hcx,참고값,0.1,-,-,N,%,증감률,감소,전년,"자동차 수출은 하반기 주요 완성차·부품업계 파업 등에 따른 일부 생산 차질 영향으로 전년도와 보합세인 708억 달러(-0.1%)를 기록하였으며, 2년 연속 700억 달러 이상의 호실적을 이어갔다.",high,N,-,Y,0,0,HCX-007,v1.6-prev2-context,2026-07-30,자동차 수출,자동차,2024,Y,%,%,rate,rate_change,vehicle,2023,Y,,,N,MAP000016,"query: 측정지표: 변화율
대표지표: 자동차 수출
통계 검색어: 수출, 자동차, 완성차, 부품업계, 생산 차질
세부항목: 자동차
분야: 무역
기사 주장: 자동차 수출은 하반기 주요 완성차·부품업계 파업 등에 따른 일부 생산 차질 영향으로 전년도와 보합세인 708억 달러(-0.1%)를 기록하였으며, 2년 연속 700억 달러 이상의 호실적을 이어갔다.",success,20,0.000582,high,115,DT_115042_25_047,2025009,자동차 부품 신규 수출 및 확대 계획이 없는 이유_1+2순위,자동차부품산업실태조사,0.894261,0.25,1.0,0.770696,115,DT_115042_25_039,2025009,자동차 부품산업 분야 주요 수출 국가_1+2+3순위,자동차부품산업실태조사,0.893485,0.25,1.0,0.770114,115,DT_115042_25_037,2025009,자동차 부품산업 분야 주요 수출 품목_1+2+3순위,자동차부품산업실태조사,0.893243,0.25,1.0,0.769933,115,DT_115042_25_046,2025009,자동차 부품 신규 수출 및 확대 계획이 없는 이유_1순위,자동차부품산업실태조사,0.892392,0.25,1.0,0.769294,115,DT_115042_25_038,2025009,자동차 부품산업 분야 주요 수출 국가_1순위,자동차부품산업실태조사,0.889501,0.25,1.0,0.767126
A0006-C012,A0006-C012-m1,A0006,"2024년 수출, 6838억달러로 ‘역대 최대’ 경신",2025-01-01,https://www.chosun.com/economy/industry-company/2025/01/01/2UPTGREAPRAWRG4XUBRMLONSKY,"선박 수출은 2021년 높은 선가로 수주한 LNG 운반선, 대형 컨테이너선 등 고부가 선박이 본격 수출되면서 두 자릿수(18%) 증가한 256억 달러를 기록했다.","자동차 수출은 하반기 주요 완성차·부품업계 파업 등에 따른 일부 생산 차질 영향으로 전년도와 보합세인 708억 달러(-0.1%)를 기록하였으며, 2년 연속 700억 달러 이상의 호실적을 이어갔다.","특히 지난 4분기에는 범용 메모리 가격하락에도 불구하고, DDR5·HBM 등 고부가 품목을 중심으로 수출이 확대되면서 올해 전체적으로 분기별 수출이 우상향했다.",국내공식통계,N,무역,선박 수출 증감률,"LNG 운반선, 대형 컨테이너선, 고부가 선박",-,-,-,고부가 선박,-,-,-,2024,-,Y,확정,18%,KOSIS_VALUE,hcx,선박 수출 증감률,고부가 선박,2024,Y,hcx,증감률,18,-,-,N,%,증감률,증가,전년,"선박 수출은 2021년 높은 선가로 수주한 LNG 운반선, 대형 컨테이너선 등 고부가 선박이 본격 수출되면서 두 자릿수(18%) 증가한 256억 달러를 기록했다.",high,N,-,N,0,0,HCX-007,v1.6-prev2-context,2026-07-30,선박 수출,선박,2024,Y,%,%,rate,rate_change,vehicle,2023,Y,,,Y,MAP000017,"query: 측정지표: 선박 수출 증감률
대표지표: 선박 수출
통계 검색어: LNG 운반선, 대형 컨테이너선, 고부가 선박
세부항목: 고부가 선박, 선박
분야: 무역
기사 주장: 선박 수출은 2021년 높은 선가로 수주한 LNG 운반선, 대형 컨테이너선 등 고부가 선박이 본격 수출되면서 두 자릿수(18%) 증가한 256억 달러를 기록했다.",success,20,0.001789,high,127,TX_10506_A041,2006173,계약연도별·국가별 수출 계약금액,원자력산업실태조사 > 해외수출,0.859095,0.111111,0.0,0.666544,127,TX_10506_A100,2006173,선원별 수출국가별 RI 내장기기류 수입량,원자력산업실태조사 > RI생산·수입·수출,0.856711,0.111111,0.0,0.664755,127,TX_10506_A040,2006173,계약연도별·국가별 수출 계약건수,원자력산업실태조사 > 해외수출,0.85668,0.111111,0.0,0.664732,142,DT_V25_A053,1999037,원자재/부품 수입 여부,"벤처기업정밀실태조사 > 2024년 > 마케팅, 해외 수출 현황",0.854679,0.111111,0.0,0.663232,127,DT_105004_013,2006020,RI 수출금액,방사선및방사성동위원소이용실태조사 > 2016년 이후,0.86577,0.0,0.0,0.649327
A0006-C012,A0006-C012-m2,A0006,"2024년 수출, 6838억달러로 ‘역대 최대’ 경신",2025-01-01,https://www.chosun.com/economy/industry-company/2025/01/01/2UPTGREAPRAWRG4XUBRMLONSKY,"선박 수출은 2021년 높은 선가로 수주한 LNG 운반선, 대형 컨테이너선 등 고부가 선박이 본격 수출되면서 두 자릿수(18%) 증가한 256억 달러를 기록했다.","자동차 수출은 하반기 주요 완성차·부품업계 파업 등에 따른 일부 생산 차질 영향으로 전년도와 보합세인 708억 달러(-0.1%)를 기록하였으며, 2년 연속 700억 달러 이상의 호실적을 이어갔다.","특히 지난 4분기에는 범용 메모리 가격하락에도 불구하고, DDR5·HBM 등 고부가 품목을 중심으로 수출이 확대되면서 올해 전체적으로 분기별 수출이 우상향했다.",국내공식통계,N,무역,선박 수출,"LNG 운반선, 대형 컨테이너선, 고부가 선박",-,-,-,고부가 선박,-,-,-,2024,-,Y,확정,256억 달러,KOSIS_VALUE,hcx,선박 수출,고부가 선박,2024,Y,hcx,현재값,25600000000,-,-,N,달러,수준값,증가,전년,"선박 수출은 2021년 높은 선가로 수주한 LNG 운반선, 대형 컨테이너선 등 고부가 선박이 본격 수출되면서 두 자릿수(18%) 증가한 256억 달러를 기록했다.",high,N,-,N,0,0,HCX-007,v1.6-prev2-context,2026-07-30,선박 수출,선박,2024,Y,달러,달러,currency,amount,vehicle,,Y,,,Y,MAP000018,"query: 측정지표: 선박 수출
통계 검색어: LNG 운반선, 대형 컨테이너선, 고부가 선박
세부항목: 고부가 선박, 선박
분야: 무역
기사 주장: 선박 수출은 2021년 높은 선가로 수주한 LNG 운반선, 대형 컨테이너선 등 고부가 선박이 본격 수출되면서 두 자릿수(18%) 증가한 256억 달러를 기록했다.",success,20,8e-06,high,127,TX_10506_A100,2006173,선원별 수출국가별 RI 내장기기류 수입량,원자력산업실태조사 > RI생산·수입·수출,0.862258,0.125,0.0,0.671694,127,TX_10506_A041,2006173,계약연도별·국가별 수출 계약금액,원자력산업실태조사 > 해외수출,0.862247,0.125,0.0,0.671686,127,TX_10506_A040,2006173,계약연도별·국가별 수출 계약건수,원자력산업실태조사 > 해외수출,0.86038,0.125,0.0,0.670285,127,DT_105004_013,2006020,RI 수출금액,방사선및방사성동위원소이용실태조사 > 2016년 이후,0.865935,0.0,0.0,0.649451,127,DT_105004_012,2006020,RI 수출량,방사선및방사성동위원소이용실태조사 > 2016년 이후,0.863671,0.0,0.0,0.647753
A0006-C013,A0006-C013-m1,A0006,"2024년 수출, 6838억달러로 ‘역대 최대’ 경신",2025-01-01,https://www.chosun.com/economy/industry-company/2025/01/01/2UPTGREAPRAWRG4XUBRMLONSKY,"석유화학 수출은 480억 달러로, 하반기 유가 하락에 따른 수출단가 하락에도 불구하고 수출물량이 확대되면서 5% 증가했다.","선박 수출은 2021년 높은 선가로 수주한 LNG 운반선, 대형 컨테이너선 등 고부가 선박이 본격 수출되면서 두 자릿수(18%) 증가한 256억 달러를 기록했다.","자동차 수출은 하반기 주요 완성차·부품업계 파업 등에 따른 일부 생산 차질 영향으로 전년도와 보합세인 708억 달러(-0.1%)를 기록하였으며, 2년 연속 700억 달러 이상의 호실적을 이어갔다.",국내공식통계,Y,무역,석유화학 수출액,"수출, 석유화학, 달러",-,-,-,석유화학,-,-,-,2024,-,Y,확정,480억 달러,KOSIS_VALUE,hcx,석유화학 수출액,석유화학,2024,Y,hcx,현재값,48000000000,-,-,N,달러,수준값,증가,전년,"석유화학 수출은 480억 달러로, 하반기 유가 하락에 따른 수출단가 하락에도 불구하고 수출물량이 확대되면서 5% 증가했다.",high,N,-,N,0,0,HCX-007,v1.6-prev2-context,2026-07-30,석유화학 수출액,석유화학,2024,Y,달러,달러,currency,amount,item,,Y,,,Y,MAP000019,"query: 측정지표: 석유화학 수출액
통계 검색어: 수출, 석유화학, 달러
세부항목: 석유화학
분야: 무역
기사 주장: 석유화학 수출은 480억 달러로, 하반기 유가 하락에 따른 수출단가 하락에도 불구하고 수출물량이 확대되면서 5% 증가했다.",success,20,1.9e-05,high,360,DT_1R11006_FRM101,1976045,"국가별 수출액, 수입액",SITC에의한무역통계,0.886078,0.2,0.0,0.704559,318,TX_31801_A013,1994027,석유제품별 수출,석유수급통계 > 수출입통계,0.886053,0.2,0.0,0.70454,318,TX_31801_A015,1994027,국가별 제품별 수출,석유수급통계 > 수출입통계,0.884361,0.2,0.0,0.703271,127,DT_127010_008,2018022,전년 대비 수출액 증감 현황 및 이유,클라우드산업실태조사,0.883717,0.2,0.0,0.702787,360,DT_1R11001_FRM101_2019,1976045,"품목별 수출액, 수입액",SITC에의한무역통계,0.882963,0.2,0.0,0.702222
A0006-C013,A0006-C013-m2,A0006,"2024년 수출, 6838억달러로 ‘역대 최대’ 경신",2025-01-01,https://www.chosun.com/economy/industry-company/2025/01/01/2UPTGREAPRAWRG4XUBRMLONSKY,"석유화학 수출은 480억 달러로, 하반기 유가 하락에 따른 수출단가 하락에도 불구하고 수출물량이 확대되면서 5% 증가했다.","선박 수출은 2021년 높은 선가로 수주한 LNG 운반선, 대형 컨테이너선 등 고부가 선박이 본격 수출되면서 두 자릿수(18%) 증가한 256억 달러를 기록했다.","자동차 수출은 하반기 주요 완성차·부품업계 파업 등에 따른 일부 생산 차질 영향으로 전년도와 보합세인 708억 달러(-0.1%)를 기록하였으며, 2년 연속 700억 달러 이상의 호실적을 이어갔다.",국내공식통계,Y,무역,석유화학 수출 증가율,"수출, 석유화학, 달러",-,-,-,석유화학,-,-,-,2024,-,Y,확정,5%,KOSIS_VALUE,hcx,석유화학 수출 증가율,석유화학,2024,Y,hcx,증감률,5,-,-,N,%,증감률,증가,전년,"석유화학 수출은 480억 달러로, 하반기 유가 하락에 따른 수출단가 하락에도 불구하고 수출물량이 확대되면서 5% 증가했다.",high,N,-,N,0,0,HCX-007,v1.6-prev2-context,2026-07-30,석유화학 수출액,석유화학,2024,Y,%,%,rate,rate_change,item,2023,Y,,,Y,MAP000020,"query: 측정지표: 석유화학 수출 증가율
대표지표: 석유화학 수출액
통계 검색어: 수출, 석유화학, 달러
세부항목: 석유화학
분야: 무역
기사 주장: 석유화학 수출은 480억 달러로, 하반기 유가 하락에 따른 수출단가 하락에도 불구하고 수출물량이 확대되면서 5% 증가했다.",success,20,0.001262,high,318,TX_31801_A013,1994027,석유제품별 수출,석유수급통계 > 수출입통계,0.885232,0.166667,0.0,0.697257,360,DT_1R11006_FRM101,1976045,"국가별 수출액, 수입액",SITC에의한무역통계,0.883549,0.166667,0.0,0.695995,318,TX_31801_A015,1994027,국가별 제품별 수출,석유수급통계 > 수출입통계,0.883344,0.166667,0.0,0.695841,127,DT_127010_008,2018022,전년 대비 수출액 증감 현황 및 이유,클라우드산업실태조사,0.882365,0.166667,0.0,0.695107,360,DT_1R11001_FRM101,1976045,"품목별 수출액, 수입액",SITC에의한무역통계,0.880295,0.166667,0.0,0.693555
A0006-C014,A0006-C014-m1,A0006,"2024년 수출, 6838억달러로 ‘역대 최대’ 경신",2025-01-01,https://www.chosun.com/economy/industry-company/2025/01/01/2UPTGREAPRAWRG4XUBRMLONSKY,"바이오헬스 수출은 바이오시밀러 등 의약품을 중심으로 전년 대비 13.1% 증가한 151억 달러를 기록했으며, 전 세계적으로 K푸드, K뷰티 선호가 확대되면서 농수산식품 수출은 117억 달러(7.6%), 화장품 수출(102억 달러, +20.6%)은 처음으로 100억 달러를 돌파하면서 역대 최대 수출실적을 경신했다.","석유화학 수출은 480억 달러로, 하반기 유가 하락에 따른 수출단가 하락에도 불구하고 수출물량이 확대되면서 5% 증가했다.","선박 수출은 2021년 높은 선가로 수주한 LNG 운반선, 대형 컨테이너선 등 고부가 선박이 본격 수출되면서 두 자릿수(18%) 증가한 256억 달러를 기록했다.",국내공식통계,N,무역,바이오헬스 수출 증가율,"바이오헬스, 농수산식품, 화장품, 수출액",-,-,-,바이오헬스,-,-,-,2024,-,Y,확정,13.10%,KOSIS_VALUE,hcx,바이오헬스 수출 증가율,바이오헬스,2024,Y,hcx,증감률,13.1,-,-,N,%,증감률,증가,전년,"바이오헬스 수출은 바이오시밀러 등 의약품을 중심으로 전년 대비 13.1% 증가한 151억 달러를 기록했으며, 전 세계적으로 K푸드, K뷰티 선호가 확대되면서 농수산식품 수출은 117억 달러(7.6%), 화장품 수출(102억 달러, +20.6%)은 처음으로 100억 달러를 돌파하면서 역대 최대 수출실적을 경신했다.",high,N,-,Y,0,0,HCX-007,v1.6-prev2-context,2026-07-30,수출액,,2024,Y,%,%,rate,rate_change,item,2023,Y,,,Y,MAP000021,"query: 측정지표: 바이오헬스 수출 증가율
대표지표: 수출액
통계 검색어: 바이오헬스, 농수산식품, 화장품, 수출액
세부항목: 바이오헬스
분야: 무역
기사 주장: 바이오헬스 수출은 바이오시밀러 등 의약품을 중심으로 전년 대비 13.1% 증가한 151억 달러를 기록했으며, 전 세계적으로 K푸드, K뷰티 선호가 확대되면서 농수산식품 수출은 117억 달러(7.6%), 화장품 수출(102억 달러, +20.6%)은 처음으로 100억 달러를 돌파하면서 역대 최대 수출실적을 경신했다.",success,20,0.012218,high,145,DT_145011_A008,2017087,화장품 수출액 상위 10개국 현황,화장품산업현황 > 화장품 수출입 현황,0.868063,0.285714,0.0,0.70819,358,DT_358004_024,2021024,수출액 및 해외 매출액 증가 주요 요인_1순위,바이오헬스산업실태조사,0.889867,0.142857,0.0,0.695972,358,DT_358004_025,2021024,수출액 및 해외 매출액 증가 주요 요인_1+2 순위,바이오헬스산업실태조사,0.889573,0.142857,0.0,0.695751,358,DT_358004_026,2021024,수출액 및 해외 매출액 감소 주요 요인_1순위,바이오헬스산업실태조사,0.881629,0.142857,0.0,0.689793,358,DT_358004_027,2021024,수출액 및 해외 매출액 감소 주요 요인_1+2 순위,바이오헬스산업실태조사,0.881525,0.142857,0.0,0.689715
A0006-C014,A0006-C014-m2,A0006,"2024년 수출, 6838억달러로 ‘역대 최대’ 경신",2025-01-01,https://www.chosun.com/economy/industry-company/2025/01/01/2UPTGREAPRAWRG4XUBRMLONSKY,"바이오헬스 수출은 바이오시밀러 등 의약품을 중심으로 전년 대비 13.1% 증가한 151억 달러를 기록했으며, 전 세계적으로 K푸드, K뷰티 선호가 확대되면서 농수산식품 수출은 117억 달러(7.6%), 화장품 수출(102억 달러, +20.6%)은 처음으로 100억 달러를 돌파하면서 역대 최대 수출실적을 경신했다.","석유화학 수출은 480억 달러로, 하반기 유가 하락에 따른 수출단가 하락에도 불구하고 수출물량이 확대되면서 5% 증가했다.","선박 수출은 2021년 높은 선가로 수주한 LNG 운반선, 대형 컨테이너선 등 고부가 선박이 본격 수출되면서 두 자릿수(18%) 증가한 256억 달러를 기록했다.",국내공식통계,N,무역,바이오헬스 수출액,"바이오헬스, 농수산식품, 화장품, 수출액",-,-,-,바이오헬스,-,-,-,2024,-,Y,확정,151억 달러,KOSIS_VALUE,hcx,바이오헬스 수출액,바이오헬스,2024,Y,hcx,현재값,15100000000,-,-,N,달러,수준값,증가,전년,"바이오헬스 수출은 바이오시밀러 등 의약품을 중심으로 전년 대비 13.1% 증가한 151억 달러를 기록했으며, 전 세계적으로 K푸드, K뷰티 선호가 확대되면서 농수산식품 수출은 117억 달러(7.6%), 화장품 수출(102억 달러, +20.6%)은 처음으로 100억 달러를 돌파하면서 역대 최대 수출실적을 경신했다.",high,N,-,Y,0,0,HCX-007,v1.6-prev2-context,2026-07-30,수출액,,2024,Y,달러,달러,currency,amount,item,,Y,,,Y,MAP000022,"query: 측정지표: 바이오헬스 수출액
대표지표: 수출액
통계 검색어: 바이오헬스, 농수산식품, 화장품, 수출액
세부항목: 바이오헬스
분야: 무역
기사 주장: 바이오헬스 수출은 바이오시밀러 등 의약품을 중심으로 전년 대비 13.1% 증가한 151억 달러를 기록했으며, 전 세계적으로 K푸드, K뷰티 선호가 확대되면서 농수산식품 수출은 117억 달러(7.6%), 화장품 수출(102억 달러, +20.6%)은 처음으로 100억 달러를 돌파하면서 역대 최대 수출실적을 경신했다.",success,20,0.02333,medium,145,DT_145011_A008,2017087,화장품 수출액 상위 10개국 현황,화장품산업현황 > 화장품 수출입 현황,0.86821,0.4,0.0,0.731157,358,DT_358004_024,2021024,수출액 및 해외 매출액 증가 주요 요인_1순위,바이오헬스산업실태조사,0.890436,0.2,0.0,0.707827,358,DT_358004_025,2021024,수출액 및 해외 매출액 증가 주요 요인_1+2 순위,바이오헬스산업실태조사,0.890065,0.2,0.0,0.707549,358,DT_358004_026,2021024,수출액 및 해외 매출액 감소 주요 요인_1순위,바이오헬스산업실태조사,0.882963,0.2,0.0,0.702223,358,DT_358004_027,2021024,수출액 및 해외 매출액 감소 주요 요인_1+2 순위,바이오헬스산업실태조사,0.882789,0.2,0.0,0.702091
A0006-C014,A0006-C014-m3,A0006,"2024년 수출, 6838억달러로 ‘역대 최대’ 경신",2025-01-01,https://www.chosun.com/economy/industry-company/2025/01/01/2UPTGREAPRAWRG4XUBRMLONSKY,"바이오헬스 수출은 바이오시밀러 등 의약품을 중심으로 전년 대비 13.1% 증가한 151억 달러를 기록했으며, 전 세계적으로 K푸드, K뷰티 선호가 확대되면서 농수산식품 수출은 117억 달러(7.6%), 화장품 수출(102억 달러, +20.6%)은 처음으로 100억 달러를 돌파하면서 역대 최대 수출실적을 경신했다.","석유화학 수출은 480억 달러로, 하반기 유가 하락에 따른 수출단가 하락에도 불구하고 수출물량이 확대되면서 5% 증가했다.","선박 수출은 2021년 높은 선가로 수주한 LNG 운반선, 대형 컨테이너선 등 고부가 선박이 본격 수출되면서 두 자릿수(18%) 증가한 256억 달러를 기록했다.",국내공식통계,N,무역,농수산식품 수출 증가율,"바이오헬스, 농수산식품, 화장품, 수출액",-,-,-,농수산식품,-,-,-,2024,-,Y,확정,7.60%,KOSIS_VALUE,hcx,농수산식품 수출 증가율,농수산식품,2024,Y,hcx,증감률,7.6,-,-,N,%,증감률,증가,전년,"바이오헬스 수출은 바이오시밀러 등 의약품을 중심으로 전년 대비 13.1% 증가한 151억 달러를 기록했으며, 전 세계적으로 K푸드, K뷰티 선호가 확대되면서 농수산식품 수출은 117억 달러(7.6%), 화장품 수출(102억 달러, +20.6%)은 처음으로 100억 달러를 돌파하면서 역대 최대 수출실적을 경신했다.",high,N,-,Y,0,0,HCX-007,v1.6-prev2-context,2026-07-30,수출액,,2024,Y,%,%,rate,rate_change,item,2023,Y,,,Y,MAP000023,"query: 측정지표: 농수산식품 수출 증가율
대표지표: 수출액
통계 검색어: 바이오헬스, 농수산식품, 화장품, 수출액
세부항목: 농수산식품
분야: 무역
기사 주장: 바이오헬스 수출은 바이오시밀러 등 의약품을 중심으로 전년 대비 13.1% 증가한 151억 달러를 기록했으며, 전 세계적으로 K푸드, K뷰티 선호가 확대되면서 농수산식품 수출은 117억 달러(7.6%), 화장품 수출(102억 달러, +20.6%)은 처음으로 100억 달러를 돌파하면서 역대 최대 수출실적을 경신했다.",success,20,0.002518,high,145,DT_145011_A008,2017087,화장품 수출액 상위 10개국 현황,화장품산업현황 > 화장품 수출입 현황,0.869931,0.285714,0.0,0.709591,145,DT_145011_A006,2017087,화장품 수입 및 수출액 현황,화장품산업현황 > 화장품 수출입 현황,0.866573,0.285714,0.0,0.707073,358,DT_358004_024,2021024,수출액 및 해외 매출액 증가 주요 요인_1순위,바이오헬스산업실태조사,0.885525,0.142857,0.0,0.692715,358,DT_358004_025,2021024,수출액 및 해외 매출액 증가 주요 요인_1+2 순위,바이오헬스산업실태조사,0.884989,0.142857,0.0,0.692313,358,DT_358004_026,2021024,수출액 및 해외 매출액 감소 주요 요인_1순위,바이오헬스산업실태조사,0.877859,0.142857,0.0,0.686966
A0006-C014,A0006-C014-m4,A0006,"2024년 수출, 6838억달러로 ‘역대 최대’ 경신",2025-01-01,https://www.chosun.com/economy/industry-company/2025/01/01/2UPTGREAPRAWRG4XUBRMLONSKY,"바이오헬스 수출은 바이오시밀러 등 의약품을 중심으로 전년 대비 13.1% 증가한 151억 달러를 기록했으며, 전 세계적으로 K푸드, K뷰티 선호가 확대되면서 농수산식품 수출은 117억 달러(7.6%), 화장품 수출(102억 달러, +20.6%)은 처음으로 100억 달러를 돌파하면서 역대 최대 수출실적을 경신했다.","석유화학 수출은 480억 달러로, 하반기 유가 하락에 따른 수출단가 하락에도 불구하고 수출물량이 확대되면서 5% 증가했다.","선박 수출은 2021년 높은 선가로 수주한 LNG 운반선, 대형 컨테이너선 등 고부가 선박이 본격 수출되면서 두 자릿수(18%) 증가한 256억 달러를 기록했다.",국내공식통계,N,무역,농수산식품 수출액,"바이오헬스, 농수산식품, 화장품, 수출액",-,-,-,농수산식품,-,-,-,2024,-,Y,확정,117억 달러,KOSIS_VALUE,hcx,농수산식품 수출액,농수산식품,2024,Y,hcx,현재값,11700000000,-,-,N,달러,수준값,증가,전년,"바이오헬스 수출은 바이오시밀러 등 의약품을 중심으로 전년 대비 13.1% 증가한 151억 달러를 기록했으며, 전 세계적으로 K푸드, K뷰티 선호가 확대되면서 농수산식품 수출은 117억 달러(7.6%), 화장품 수출(102억 달러, +20.6%)은 처음으로 100억 달러를 돌파하면서 역대 최대 수출실적을 경신했다.",high,N,-,Y,0,0,HCX-007,v1.6-prev2-context,2026-07-30,수출액,,2024,Y,달러,달러,currency,amount,item,,Y,,,Y,MAP000024,"query: 측정지표: 농수산식품 수출액
대표지표: 수출액
통계 검색어: 바이오헬스, 농수산식품, 화장품, 수출액
세부항목: 농수산식품
분야: 무역
기사 주장: 바이오헬스 수출은 바이오시밀러 등 의약품을 중심으로 전년 대비 13.1% 증가한 151억 달러를 기록했으며, 전 세계적으로 K푸드, K뷰티 선호가 확대되면서 농수산식품 수출은 117억 달러(7.6%), 화장품 수출(102억 달러, +20.6%)은 처음으로 100억 달러를 돌파하면서 역대 최대 수출실적을 경신했다.",success,20,0.002382,high,145,DT_145011_A008,2017087,화장품 수출액 상위 10개국 현황,화장품산업현황 > 화장품 수출입 현황,0.870067,0.4,0.0,0.73255,145,DT_145011_A006,2017087,화장품 수입 및 수출액 현황,화장품산업현황 > 화장품 수출입 현황,0.866891,0.4,0.0,0.730168,358,DT_358004_024,2021024,수출액 및 해외 매출액 증가 주요 요인_1순위,바이오헬스산업실태조사,0.886462,0.2,0.0,0.704847,358,DT_358004_025,2021024,수출액 및 해외 매출액 증가 주요 요인_1+2 순위,바이오헬스산업실태조사,0.885797,0.2,0.0,0.704348,358,DT_358004_026,2021024,수출액 및 해외 매출액 감소 주요 요인_1순위,바이오헬스산업실태조사,0.879528,0.2,0.0,0.699646
A0006-C014,A0006-C014-m5,A0006,"2024년 수출, 6838억달러로 ‘역대 최대’ 경신",2025-01-01,https://www.chosun.com/economy/industry-company/2025/01/01/2UPTGREAPRAWRG4XUBRMLONSKY,"바이오헬스 수출은 바이오시밀러 등 의약품을 중심으로 전년 대비 13.1% 증가한 151억 달러를 기록했으며, 전 세계적으로 K푸드, K뷰티 선호가 확대되면서 농수산식품 수출은 117억 달러(7.6%), 화장품 수출(102억 달러, +20.6%)은 처음으로 100억 달러를 돌파하면서 역대 최대 수출실적을 경신했다.","석유화학 수출은 480억 달러로, 하반기 유가 하락에 따른 수출단가 하락에도 불구하고 수출물량이 확대되면서 5% 증가했다.","선박 수출은 2021년 높은 선가로 수주한 LNG 운반선, 대형 컨테이너선 등 고부가 선박이 본격 수출되면서 두 자릿수(18%) 증가한 256억 달러를 기록했다.",국내공식통계,N,무역,화장품 수출액,"바이오헬스, 농수산식품, 화장품, 수출액",-,-,-,화장품,-,-,-,2024,-,Y,확정,102억 달러,KOSIS_VALUE,hcx,화장품 수출액,화장품,2024,Y,hcx,현재값,10200000000,-,-,N,달러,수준값,증가,전년,"바이오헬스 수출은 바이오시밀러 등 의약품을 중심으로 전년 대비 13.1% 증가한 151억 달러를 기록했으며, 전 세계적으로 K푸드, K뷰티 선호가 확대되면서 농수산식품 수출은 117억 달러(7.6%), 화장품 수출(102억 달러, +20.6%)은 처음으로 100억 달러를 돌파하면서 역대 최대 수출실적을 경신했다.",high,N,-,Y,0,0,HCX-007,v1.6-prev2-context,2026-07-30,수출액,,2024,Y,달러,달러,currency,amount,item,,Y,,,Y,MAP000025,"query: 측정지표: 화장품 수출액
대표지표: 수출액
통계 검색어: 바이오헬스, 농수산식품, 화장품, 수출액
세부항목: 화장품
분야: 무역
기사 주장: 바이오헬스 수출은 바이오시밀러 등 의약품을 중심으로 전년 대비 13.1% 증가한 151억 달러를 기록했으며, 전 세계적으로 K푸드, K뷰티 선호가 확대되면서 농수산식품 수출은 117억 달러(7.6%), 화장품 수출(102억 달러, +20.6%)은 처음으로 100억 달러를 돌파하면서 역대 최대 수출실적을 경신했다.",success,20,0.002748,high,145,DT_145011_A008,2017087,화장품 수출액 상위 10개국 현황,화장품산업현황 > 화장품 수출입 현황,0.876395,0.4,1.0,0.787297,145,DT_145011_A006,2017087,화장품 수입 및 수출액 현황,화장품산업현황 > 화장품 수출입 현황,0.872732,0.4,1.0,0.784549,358,DT_358004_008,2021024,화장품 부문 유통채널별 매출액,바이오헬스산업실태조사,0.879176,0.2,1.0,0.749382,358,DT_358004_007,2021024,화장품 부문 유형별 매출액,바이오헬스산업실태조사,0.87868,0.2,1.0,0.74901,358,DT_358004_020,2021024,화장품 부문 기술분류별 연구개발비,바이오헬스산업실태조사,0.86967,0.2,1.0,0.742253
A0006-C014,A0006-C014-m6,A0006,"2024년 수출, 6838억달러로 ‘역대 최대’ 경신",2025-01-01,https://www.chosun.com/economy/industry-company/2025/01/01/2UPTGREAPRAWRG4XUBRMLONSKY,"바이오헬스 수출은 바이오시밀러 등 의약품을 중심으로 전년 대비 13.1% 증가한 151억 달러를 기록했으며, 전 세계적으로 K푸드, K뷰티 선호가 확대되면서 농수산식품 수출은 117억 달러(7.6%), 화장품 수출(102억 달러, +20.6%)은 처음으로 100억 달러를 돌파하면서 역대 최대 수출실적을 경신했다.","석유화학 수출은 480억 달러로, 하반기 유가 하락에 따른 수출단가 하락에도 불구하고 수출물량이 확대되면서 5% 증가했다.","선박 수출은 2021년 높은 선가로 수주한 LNG 운반선, 대형 컨테이너선 등 고부가 선박이 본격 수출되면서 두 자릿수(18%) 증가한 256억 달러를 기록했다.",국내공식통계,N,무역,화장품 수출 증가율,"바이오헬스, 농수산식품, 화장품, 수출액",-,-,-,화장품,-,-,-,2024,-,Y,확정,20.60%,KOSIS_VALUE,hcx,화장품 수출 증가율,화장품,2024,Y,hcx,증감률,20.6,-,-,N,%,증감률,증가,전년,"바이오헬스 수출은 바이오시밀러 등 의약품을 중심으로 전년 대비 13.1% 증가한 151억 달러를 기록했으며, 전 세계적으로 K푸드, K뷰티 선호가 확대되면서 농수산식품 수출은 117억 달러(7.6%), 화장품 수출(102억 달러, +20.6%)은 처음으로 100억 달러를 돌파하면서 역대 최대 수출실적을 경신했다.",high,N,-,Y,0,0,HCX-007,v1.6-prev2-context,2026-07-30,수출액,,2024,Y,%,%,rate,rate_change,item,2023,Y,,,Y,MAP000026,"query: 측정지표: 화장품 수출 증가율
대표지표: 수출액
통계 검색어: 바이오헬스, 농수산식품, 화장품, 수출액
세부항목: 화장품
분야: 무역
기사 주장: 바이오헬스 수출은 바이오시밀러 등 의약품을 중심으로 전년 대비 13.1% 증가한 151억 달러를 기록했으며, 전 세계적으로 K푸드, K뷰티 선호가 확대되면서 농수산식품 수출은 117억 달러(7.6%), 화장품 수출(102억 달러, +20.6%)은 처음으로 100억 달러를 돌파하면서 역대 최대 수출실적을 경신했다.",success,20,0.002619,high,145,DT_145011_A008,2017087,화장품 수출액 상위 10개국 현황,화장품산업현황 > 화장품 수출입 현황,0.877462,0.285714,1.0,0.76524,145,DT_145011_A006,2017087,화장품 수입 및 수출액 현황,화장품산업현황 > 화장품 수출입 현황,0.873971,0.285714,1.0,0.762621,358,DT_358004_008,2021024,화장품 부문 유통채널별 매출액,바이오헬스산업실태조사,0.879172,0.142857,1.0,0.73795,358,DT_358004_007,2021024,화장품 부문 유형별 매출액,바이오헬스산업실태조사,0.878572,0.142857,1.0,0.7375,358,DT_358004_020,2021024,화장품 부문 기술분류별 연구개발비,바이오헬스산업실태조사,0.87073,0.142857,1.0,0.731619
A0006-C018,A0006-C018-m1,A0006,"2024년 수출, 6838억달러로 ‘역대 최대’ 경신",2025-01-01,https://www.chosun.com/economy/industry-company/2025/01/01/2UPTGREAPRAWRG4XUBRMLONSKY,"전년 대비 월간 수출 증가율은 8월(11%), 9월(7.5%), 10월(4.6%), 11월(1.4%)로 계속 감소 중이었으나, 12월에 6.6%로 반등에 성공한 것이다.",특히 감소 추세를 보이던 수출 증가율이 5개월 만에 반등에 성공했다.,15개월 연속 플러스 흐름을 이어간 것이다.,국내공식통계,Y,무역,수출 증가율,"수출, 수출 증가율, 월간 수출 증가율",-,-,-,,-,-,-,2024M08,-,M,확정,11%,KOSIS_VALUE,hcx,수출 증가율,-,2024M08,M,hcx,증감률,11,-,-,N,%,증감률,증가,전년동월,"전년 대비 월간 수출 증가율은 8월(11%), 9월(7.5%), 10월(4.6%), 11월(1.4%)로 계속 감소 중이었으나, 12월에 6.6%로 반등에 성공한 것이다.",high,N,-,N,0,0,HCX-007,v1.6-prev2-context,2026-07-30,수출액,,2024,M,%,%,rate,rate_change,unspecified,2023,Y,,,Y,MAP000027,"query: 측정지표: 수출 증가율
대표지표: 수출액
통계 검색어: 수출, 수출 증가율, 월간 수출 증가율
분야: 무역
기사 주장: 전년 대비 월간 수출 증가율은 8월(11%), 9월(7.5%), 10월(4.6%), 11월(1.4%)로 계속 감소 중이었으나, 12월에 6.6%로 반등에 성공한 것이다.",success,20,0.001783,high,127,DT_127010_008,2018022,전년 대비 수출액 증감 현황 및 이유,클라우드산업실태조사,0.885863,0.2,0.0,0.704397,183,DT_12701N_034,2015003,국가별 수출액-기업체,우주산업및항공제조산업실태조사 > 2023년 이전,0.883485,0.2,0.0,0.702614,360,DT_1R11006_FRM101,1976045,"국가별 수출액, 수입액",SITC에의한무역통계,0.883051,0.2,0.0,0.702288,115,DT_110534N_839,2016003,매출액 대비 수출액 비중,뿌리산업실태조사 > 2020년 이전 > 해외진출 현황,0.880633,0.2,0.0,0.700475,127,DT_127005_005,1996008,수출 및 수입액,ICT실태조사,0.879871,0.2,0.0,0.699903
A0006-C018,A0006-C018-m2,A0006,"2024년 수출, 6838억달러로 ‘역대 최대’ 경신",2025-01-01,https://www.chosun.com/economy/industry-company/2025/01/01/2UPTGREAPRAWRG4XUBRMLONSKY,"전년 대비 월간 수출 증가율은 8월(11%), 9월(7.5%), 10월(4.6%), 11월(1.4%)로 계속 감소 중이었으나, 12월에 6.6%로 반등에 성공한 것이다.",특히 감소 추세를 보이던 수출 증가율이 5개월 만에 반등에 성공했다.,15개월 연속 플러스 흐름을 이어간 것이다.,국내공식통계,Y,무역,수출 증가율,"수출, 수출 증가율, 월간 수출 증가율",-,-,-,,-,-,-,2024M09,-,M,확정,7.50%,KOSIS_VALUE,hcx,수출 증가율,-,2024M09,M,hcx,증감률,7.5,-,-,N,%,증감률,증가,전년동월,"전년 대비 월간 수출 증가율은 8월(11%), 9월(7.5%), 10월(4.6%), 11월(1.4%)로 계속 감소 중이었으나, 12월에 6.6%로 반등에 성공한 것이다.",high,N,-,N,0,0,HCX-007,v1.6-prev2-context,2026-07-30,수출액,,2024,M,%,%,rate,rate_change,unspecified,2023,Y,,,Y,MAP000028,"query: 측정지표: 수출 증가율
대표지표: 수출액
통계 검색어: 수출, 수출 증가율, 월간 수출 증가율
분야: 무역
기사 주장: 전년 대비 월간 수출 증가율은 8월(11%), 9월(7.5%), 10월(4.6%), 11월(1.4%)로 계속 감소 중이었으나, 12월에 6.6%로 반등에 성공한 것이다.",success,20,0.001783,high,127,DT_127010_008,2018022,전년 대비 수출액 증감 현황 및 이유,클라우드산업실태조사,0.885863,0.2,0.0,0.704397,183,DT_12701N_034,2015003,국가별 수출액-기업체,우주산업및항공제조산업실태조사 > 2023년 이전,0.883485,0.2,0.0,0.702614,360,DT_1R11006_FRM101,1976045,"국가별 수출액, 수입액",SITC에의한무역통계,0.883051,0.2,0.0,0.702288,115,DT_110534N_839,2016003,매출액 대비 수출액 비중,뿌리산업실태조사 > 2020년 이전 > 해외진출 현황,0.880633,0.2,0.0,0.700475,127,DT_127005_005,1996008,수출 및 수입액,ICT실태조사,0.879871,0.2,0.0,0.699903
A0006-C018,A0006-C018-m3,A0006,"2024년 수출, 6838억달러로 ‘역대 최대’ 경신",2025-01-01,https://www.chosun.com/economy/industry-company/2025/01/01/2UPTGREAPRAWRG4XUBRMLONSKY,"전년 대비 월간 수출 증가율은 8월(11%), 9월(7.5%), 10월(4.6%), 11월(1.4%)로 계속 감소 중이었으나, 12월에 6.6%로 반등에 성공한 것이다.",특히 감소 추세를 보이던 수출 증가율이 5개월 만에 반등에 성공했다.,15개월 연속 플러스 흐름을 이어간 것이다.,국내공식통계,Y,무역,수출 증가율,"수출, 수출 증가율, 월간 수출 증가율",-,-,-,,-,-,-,2024M10,-,M,확정,4.60%,KOSIS_VALUE,hcx,수출 증가율,-,2024M10,M,hcx,증감률,4.6,-,-,N,%,증감률,증가,전년동월,"전년 대비 월간 수출 증가율은 8월(11%), 9월(7.5%), 10월(4.6%), 11월(1.4%)로 계속 감소 중이었으나, 12월에 6.6%로 반등에 성공한 것이다.",high,N,-,N,0,0,HCX-007,v1.6-prev2-context,2026-07-30,수출액,,2024,M,%,%,rate,rate_change,unspecified,2023,Y,,,Y,MAP000029,"query: 측정지표: 수출 증가율
대표지표: 수출액
통계 검색어: 수출, 수출 증가율, 월간 수출 증가율
분야: 무역
기사 주장: 전년 대비 월간 수출 증가율은 8월(11%), 9월(7.5%), 10월(4.6%), 11월(1.4%)로 계속 감소 중이었으나, 12월에 6.6%로 반등에 성공한 것이다.",success,20,0.001783,high,127,DT_127010_008,2018022,전년 대비 수출액 증감 현황 및 이유,클라우드산업실태조사,0.885863,0.2,0.0,0.704397,183,DT_12701N_034,2015003,국가별 수출액-기업체,우주산업및항공제조산업실태조사 > 2023년 이전,0.883485,0.2,0.0,0.702614,360,DT_1R11006_FRM101,1976045,"국가별 수출액, 수입액",SITC에의한무역통계,0.883051,0.2,0.0,0.702288,115,DT_110534N_839,2016003,매출액 대비 수출액 비중,뿌리산업실태조사 > 2020년 이전 > 해외진출 현황,0.880633,0.2,0.0,0.700475,127,DT_127005_005,1996008,수출 및 수입액,ICT실태조사,0.879871,0.2,0.0,0.699903
A0006-C018,A0006-C018-m4,A0006,"2024년 수출, 6838억달러로 ‘역대 최대’ 경신",2025-01-01,https://www.chosun.com/economy/industry-company/2025/01/01/2UPTGREAPRAWRG4XUBRMLONSKY,"전년 대비 월간 수출 증가율은 8월(11%), 9월(7.5%), 10월(4.6%), 11월(1.4%)로 계속 감소 중이었으나, 12월에 6.6%로 반등에 성공한 것이다.",특히 감소 추세를 보이던 수출 증가율이 5개월 만에 반등에 성공했다.,15개월 연속 플러스 흐름을 이어간 것이다.,국내공식통계,Y,무역,수출 증가율,"수출, 수출 증가율, 월간 수출 증가율",-,-,-,,-,-,-,2024M11,-,M,확정,1.40%,KOSIS_VALUE,hcx,수출 증가율,-,2024M11,M,hcx,증감률,1.4,-,-,N,%,증감률,증가,전년동월,"전년 대비 월간 수출 증가율은 8월(11%), 9월(7.5%), 10월(4.6%), 11월(1.4%)로 계속 감소 중이었으나, 12월에 6.6%로 반등에 성공한 것이다.",high,N,-,N,0,0,HCX-007,v1.6-prev2-context,2026-07-30,수출액,,2024,M,%,%,rate,rate_change,unspecified,2023,Y,,,Y,MAP000030,"query: 측정지표: 수출 증가율
대표지표: 수출액
통계 검색어: 수출, 수출 증가율, 월간 수출 증가율
분야: 무역
기사 주장: 전년 대비 월간 수출 증가율은 8월(11%), 9월(7.5%), 10월(4.6%), 11월(1.4%)로 계속 감소 중이었으나, 12월에 6.6%로 반등에 성공한 것이다.",success,20,0.001783,high,127,DT_127010_008,2018022,전년 대비 수출액 증감 현황 및 이유,클라우드산업실태조사,0.885863,0.2,0.0,0.704397,183,DT_12701N_034,2015003,국가별 수출액-기업체,우주산업및항공제조산업실태조사 > 2023년 이전,0.883485,0.2,0.0,0.702614,360,DT_1R11006_FRM101,1976045,"국가별 수출액, 수입액",SITC에의한무역통계,0.883051,0.2,0.0,0.702288,115,DT_110534N_839,2016003,매출액 대비 수출액 비중,뿌리산업실태조사 > 2020년 이전 > 해외진출 현황,0.880633,0.2,0.0,0.700475,127,DT_127005_005,1996008,수출 및 수입액,ICT실태조사,0.879871,0.2,0.0,0.699903
A0006-C018,A0006-C018-m5,A0006,"2024년 수출, 6838억달러로 ‘역대 최대’ 경신",2025-01-01,https://www.chosun.com/economy/industry-company/2025/01/01/2UPTGREAPRAWRG4XUBRMLONSKY,"전년 대비 월간 수출 증가율은 8월(11%), 9월(7.5%), 10월(4.6%), 11월(1.4%)로 계속 감소 중이었으나, 12월에 6.6%로 반등에 성공한 것이다.",특히 감소 추세를 보이던 수출 증가율이 5개월 만에 반등에 성공했다.,15개월 연속 플러스 흐름을 이어간 것이다.,국내공식통계,Y,무역,수출 증가율,"수출, 수출 증가율, 월간 수출 증가율",-,-,-,,-,-,-,2024M12,-,M,확정,6.60%,KOSIS_VALUE,hcx,수출 증가율,-,2024M12,M,hcx,증감률,6.6,-,-,N,%,증감률,증가,전년동월,"전년 대비 월간 수출 증가율은 8월(11%), 9월(7.5%), 10월(4.6%), 11월(1.4%)로 계속 감소 중이었으나, 12월에 6.6%로 반등에 성공한 것이다.",high,N,-,N,0,0,HCX-007,v1.6-prev2-context,2026-07-30,수출액,,2024,M,%,%,rate,rate_change,unspecified,2023,Y,,,Y,MAP000031,"query: 측정지표: 수출 증가율
대표지표: 수출액
통계 검색어: 수출, 수출 증가율, 월간 수출 증가율
분야: 무역
기사 주장: 전년 대비 월간 수출 증가율은 8월(11%), 9월(7.5%), 10월(4.6%), 11월(1.4%)로 계속 감소 중이었으나, 12월에 6.6%로 반등에 성공한 것이다.",success,20,0.001783,high,127,DT_127010_008,2018022,전년 대비 수출액 증감 현황 및 이유,클라우드산업실태조사,0.885863,0.2,0.0,0.704397,183,DT_12701N_034,2015003,국가별 수출액-기업체,우주산업및항공제조산업실태조사 > 2023년 이전,0.883485,0.2,0.0,0.702614,360,DT_1R11006_FRM101,1976045,"국가별 수출액, 수입액",SITC에의한무역통계,0.883051,0.2,0.0,0.702288,115,DT_110534N_839,2016003,매출액 대비 수출액 비중,뿌리산업실태조사 > 2020년 이전 > 해외진출 현황,0.880633,0.2,0.0,0.700475,127,DT_127005_005,1996008,수출 및 수입액,ICT실태조사,0.879871,0.2,0.0,0.699903
A0006-C019,A0006-C019-m1,A0006,"2024년 수출, 6838억달러로 ‘역대 최대’ 경신",2025-01-01,https://www.chosun.com/economy/industry-company/2025/01/01/2UPTGREAPRAWRG4XUBRMLONSKY,12월 수출도 한국의 최대 수출 품목인 반도체가 31.5% 증가한 145억 달러를 기록하며 호실적을 이끌었다.,"전년 대비 월간 수출 증가율은 8월(11%), 9월(7.5%), 10월(4.6%), 11월(1.4%)로 계속 감소 중이었으나, 12월에 6.6%로 반등에 성공한 것이다.",특히 감소 추세를 보이던 수출 증가율이 5개월 만에 반등에 성공했다.,국내공식통계,N,무역,반도체 수출 증가율,"수출, 반도체, 증가율",-,-,-,반도체,-,-,-,202412,-,M,확정,31.50%,KOSIS_VALUE,hcx,반도체 수출 증가율,반도체,202412,M,hcx,증감률,31.5,-,-,N,%,증감률,증가,전년동기,12월 수출도 한국의 최대 수출 품목인 반도체가 31.5% 증가한 145억 달러를 기록하며 호실적을 이끌었다.,high,N,-,N,0,0,HCX-007,v1.6-prev2-context,2026-07-30,수출액,반도체,202412,M,%,%,rate,rate_change,item,202312,Y,,,Y,MAP000032,"query: 측정지표: 반도체 수출 증가율
대표지표: 수출액
통계 검색어: 수출, 반도체, 증가율
세부항목: 반도체
분야: 무역
기사 주장: 12월 수출도 한국의 최대 수출 품목인 반도체가 31.5% 증가한 145억 달러를 기록하며 호실적을 이끌었다.",success,20,0.055971,low,360,DT_36005_A017,2002013,반도체 항목별 EBSI 전망,수출산업경기전망조사 > 품목별 수출경기 EBSI > 2009년 2/4분기 이후,0.882265,0.2,1.0,0.751698,127,DT_127005_005,1996008,수출 및 수입액,ICT실태조사,0.874303,0.2,0.0,0.695727,115,DT_115036_A014,2022038,판매 - 수출 실적,중견기업경기전망조사 > 중견기업 > 전체,0.873623,0.2,0.0,0.695217,115,DT_115036_B014,2022038,판매 - 수출 실적,중견기업경기전망조사 > 중견기업 후보기업 > 전체,0.873412,0.2,0.0,0.695059,127,TX_374_2009_H1025,1998012,무선통신기기 수출액,ICT주요품목동향조사 > 2008년 이전 > 정보통신산업,0.872045,0.2,0.0,0.694034
A0006-C019,A0006-C019-m2,A0006,"2024년 수출, 6838억달러로 ‘역대 최대’ 경신",2025-01-01,https://www.chosun.com/economy/industry-company/2025/01/01/2UPTGREAPRAWRG4XUBRMLONSKY,12월 수출도 한국의 최대 수출 품목인 반도체가 31.5% 증가한 145억 달러를 기록하며 호실적을 이끌었다.,"전년 대비 월간 수출 증가율은 8월(11%), 9월(7.5%), 10월(4.6%), 11월(1.4%)로 계속 감소 중이었으나, 12월에 6.6%로 반등에 성공한 것이다.",특히 감소 추세를 보이던 수출 증가율이 5개월 만에 반등에 성공했다.,국내공식통계,N,무역,반도체 수출액,"수출, 반도체, 증가율",-,-,-,반도체,-,-,-,202412,-,M,확정,145억 달러,KOSIS_VALUE,hcx,반도체 수출액,반도체,202412,M,hcx,현재값,14500000000,-,-,N,달러,수준값,증가,전년동기,12월 수출도 한국의 최대 수출 품목인 반도체가 31.5% 증가한 145억 달러를 기록하며 호실적을 이끌었다.,high,N,-,N,0,0,HCX-007,v1.6-prev2-context,2026-07-30,수출액,반도체,202412,M,달러,달러,currency,amount,item,,Y,,,Y,MAP000033,"query: 측정지표: 반도체 수출액
대표지표: 수출액
통계 검색어: 수출, 반도체, 증가율
세부항목: 반도체
분야: 무역
기사 주장: 12월 수출도 한국의 최대 수출 품목인 반도체가 31.5% 증가한 145억 달러를 기록하며 호실적을 이끌었다.",success,20,0.055496,low,360,DT_36005_A017,2002013,반도체 항목별 EBSI 전망,수출산업경기전망조사 > 품목별 수출경기 EBSI > 2009년 2/4분기 이후,0.881903,0.2,1.0,0.751427,127,DT_127005_005,1996008,수출 및 수입액,ICT실태조사,0.874575,0.2,0.0,0.695931,115,DT_115036_A014,2022038,판매 - 수출 실적,중견기업경기전망조사 > 중견기업 > 전체,0.873032,0.2,0.0,0.694774,127,DT_127010_008,2018022,전년 대비 수출액 증감 현황 및 이유,클라우드산업실태조사,0.872906,0.2,0.0,0.69468,115,DT_115036_B014,2022038,판매 - 수출 실적,중견기업경기전망조사 > 중견기업 후보기업 > 전체,0.872829,0.2,0.0,0.694622
A0009-C001,A0009-C001-m1,A0009,"승객 수는 더 많은 LCC, 정비사는 대형 항공사의 38%",2025-01-01,https://www.chosun.com/economy/industry-company/2025/01/01/PVCPHJRE7RDT7L2ZG2LDED5NNA,7 2023년 국적기로 국제선을 이용한 여객 4720만여 명 가운데 저비용항공사(LCC) 이용객이 2419만여 명으로 대형항공사(대한항공·아시아나항공) 이용객 2300만여 명을 처음으로 넘어섰다.,,,국내공식통계,N,무역,국제선 이용객 총수,"국적기, 국제선, 여객, 저비용항공사, 대형항공사",-,-,-,,-,-,-,2023,-,Y,확정,4720만여 명,KOSIS_VALUE,hcx,국제선 이용객 총수,-,2023,Y,hcx,현재값,47200000,-,-,Y,명,수준값,-,-,2023년 국적기로 국제선을 이용한 여객 4720만여 명 가운데 저비용항공사(LCC) 이용객이 2419만여 명으로 대형항공사(대한항공·아시아나항공) 이용객 2300만여 명을 처음으로 넘어섰다.,high,N,-,N,0,0,HCX-007,v1.6-prev2-context,2026-07-30,국제선 이용객 수,,2023,Y,명,명,person_count,count,person,,Y,,,Y,MAP000034,"query: 측정지표: 국제선 이용객 총수
대표지표: 국제선 이용객 수
통계 검색어: 국적기, 국제선, 여객, 저비용항공사, 대형항공사
분야: 무역
기사 주장: 7 2023년 국적기로 국제선을 이용한 여객 4720만여 명 가운데 저비용항공사(LCC) 이용객이 2419만여 명으로 대형항공사(대한항공·아시아나항공) 이용객 2300만여 명을 처음으로 넘어섰다.",success,20,0.000256,high,113,DT_113_STBL_1032044,1980009,1인 지출 경비_단체+에어텔(한국교통비-한국국적기),외래관광객조사 > 한국 여행 소비 실태,0.867973,0.0,0.0,0.65098,113,DT_113_STBL_1032014,1980009,1인 지출 경비_에어텔(한국교통비-한국국적기),외래관광객조사 > 한국 여행 소비 실태,0.867632,0.0,0.0,0.650724,113,DT_113_STBL_1016005,1980009,거주국별 Airtel 여행객 1인 지출 경비,외래관광객조사 > 한국 여행 소비 실태,0.865785,0.0,0.0,0.649339,113,DT_113_STBL_1032048,1980009,1인 지출 경비_단체+에어텔(운송장비 대여서비스),외래관광객조사 > 한국 여행 소비 실태,0.86532,0.0,0.0,0.64899,113,DT_113_STBL_1032016,1980009,1인 지출 경비_에어텔(한국교통비-철도 여객운송),외래관광객조사 > 한국 여행 소비 실태,0.864972,0.0,0.0,0.648729
A0009-C001,A0009-C001-m2,A0009,"승객 수는 더 많은 LCC, 정비사는 대형 항공사의 38%",2025-01-01,https://www.chosun.com/economy/industry-company/2025/01/01/PVCPHJRE7RDT7L2ZG2LDED5NNA,7 2023년 국적기로 국제선을 이용한 여객 4720만여 명 가운데 저비용항공사(LCC) 이용객이 2419만여 명으로 대형항공사(대한항공·아시아나항공) 이용객 2300만여 명을 처음으로 넘어섰다.,,,국내공식통계,N,무역,저비용항공사 이용객 수,"국적기, 국제선, 여객, 저비용항공사, 대형항공사",-,-,-,LCC,-,-,-,2023,-,Y,확정,2419만여 명,KOSIS_VALUE,hcx,저비용항공사 이용객 수,LCC,2023,Y,hcx,현재값,24190000,-,-,Y,명,수준값,-,-,2023년 국적기로 국제선을 이용한 여객 4720만여 명 가운데 저비용항공사(LCC) 이용객이 2419만여 명으로 대형항공사(대한항공·아시아나항공) 이용객 2300만여 명을 처음으로 넘어섰다.,high,N,-,N,0,0,HCX-007,v1.6-prev2-context,2026-07-30,국제선 이용객 수,,2023,Y,명,명,person_count,count,person,,Y,,,Y,MAP000035,"query: 측정지표: 저비용항공사 이용객 수
대표지표: 국제선 이용객 수
통계 검색어: 국적기, 국제선, 여객, 저비용항공사, 대형항공사
세부항목: LCC
분야: 무역
기사 주장: 7 2023년 국적기로 국제선을 이용한 여객 4720만여 명 가운데 저비용항공사(LCC) 이용객이 2419만여 명으로 대형항공사(대한항공·아시아나항공) 이용객 2300만여 명을 처음으로 넘어섰다.",success,20,4.5e-05,high,113,DT_113_STBL_1032044,1980009,1인 지출 경비_단체+에어텔(한국교통비-한국국적기),외래관광객조사 > 한국 여행 소비 실태,0.86912,0.0,0.0,0.65184,113,DT_113_STBL_1032014,1980009,1인 지출 경비_에어텔(한국교통비-한국국적기),외래관광객조사 > 한국 여행 소비 실태,0.86906,0.0,0.0,0.651795,113,DT_113_STBL_1016005,1980009,거주국별 Airtel 여행객 1인 지출 경비,외래관광객조사 > 한국 여행 소비 실태,0.868016,0.0,0.0,0.651012,113,DT_113_STBL_1032016,1980009,1인 지출 경비_에어텔(한국교통비-철도 여객운송),외래관광객조사 > 한국 여행 소비 실태,0.867585,0.0,0.0,0.650689,113,DT_113_STBL_1032018,1980009,1인 지출 경비_에어텔(운송장비 대여서비스),외래관광객조사 > 한국 여행 소비 실태,0.867414,0.0,0.0,0.650561
A0009-C001,A0009-C001-m3,A0009,"승객 수는 더 많은 LCC, 정비사는 대형 항공사의 38%",2025-01-01,https://www.chosun.com/economy/industry-company/2025/01/01/PVCPHJRE7RDT7L2ZG2LDED5NNA,7 2023년 국적기로 국제선을 이용한 여객 4720만여 명 가운데 저비용항공사(LCC) 이용객이 2419만여 명으로 대형항공사(대한항공·아시아나항공) 이용객 2300만여 명을 처음으로 넘어섰다.,,,국내공식통계,N,무역,대형항공사 이용객 수,"국적기, 국제선, 여객, 저비용항공사, 대형항공사",-,-,-,"대한항공, 아시아나항공",-,-,-,2023,-,Y,확정,2300만여 명,KOSIS_VALUE,hcx,대형항공사 이용객 수,"대한항공, 아시아나항공",2023,Y,hcx,현재값,23000000,-,-,Y,명,수준값,-,-,2023년 국적기로 국제선을 이용한 여객 4720만여 명 가운데 저비용항공사(LCC) 이용객이 2419만여 명으로 대형항공사(대한항공·아시아나항공) 이용객 2300만여 명을 처음으로 넘어섰다.,high,N,-,N,0,0,HCX-007,v1.6-prev2-context,2026-07-30,국제선 이용객 수,,2023,Y,명,명,person_count,count,person,,Y,,,Y,MAP000036,"query: 측정지표: 대형항공사 이용객 수
대표지표: 국제선 이용객 수
통계 검색어: 국적기, 국제선, 여객, 저비용항공사, 대형항공사
세부항목: 대한항공, 아시아나항공
분야: 무역
기사 주장: 7 2023년 국적기로 국제선을 이용한 여객 4720만여 명 가운데 저비용항공사(LCC) 이용객이 2419만여 명으로 대형항공사(대한항공·아시아나항공) 이용객 2300만여 명을 처음으로 넘어섰다.",success,20,0.001048,high,113,DT_113_STBL_1023565,2008052,여행업 항공 ・ 선박권 구매자 수 추이,관광산업조사 > 사업실적현황,0.86828,0.0,0.0,0.65121,113,DT_113_STBL_1032044,1980009,1인 지출 경비_단체+에어텔(한국교통비-한국국적기),외래관광객조사 > 한국 여행 소비 실태,0.866883,0.0,0.0,0.650162,113,DT_113_STBL_1032014,1980009,1인 지출 경비_에어텔(한국교통비-한국국적기),외래관광객조사 > 한국 여행 소비 실태,0.866831,0.0,0.0,0.650123,113,DT_113_STBL_1032018,1980009,1인 지출 경비_에어텔(운송장비 대여서비스),외래관광객조사 > 한국 여행 소비 실태,0.86579,0.0,0.0,0.649343,113,DT_113_STBL_1016005,1980009,거주국별 Airtel 여행객 1인 지출 경비,외래관광객조사 > 한국 여행 소비 실태,0.865738,0.0,0.0,0.649303
A0009-C009,A0009-C009-m2,A0009,"승객 수는 더 많은 LCC, 정비사는 대형 항공사의 38%",2025-01-01,https://www.chosun.com/economy/industry-company/2025/01/01/PVCPHJRE7RDT7L2ZG2LDED5NNA,"◇급성장한 LCC, 안전 투자는 미흡 국토교통부가 지난해 9월 발표한 ‘2023 항공안전백서’에 따르면, 국내 12개 항공사의 정비사 총 5849명(2023년말 기준) 가운데 대형 항공사인 대한항공, 아시아나항공 등 2사 소속은 4248명이었다.","이같은 우려가 커지자, 제주항공은 이날 브리핑을 갖고 “2025년 3월까지 운항량을 10~15% 감축하고, 정비사도 추가 고용하겠다”고 밝혔다.",전남 무안공항 참사를 계기로 국민들의 불안감이 커지는 가운데 항공 전문가들 사이에선 LCC의 안전 수준을 대대적으로 재점검해야 한다는 지적이 나오고 있다.,국내공식통계,N,고용,정비사 수,"LCC, 대형 항공사, 정비사, 항공안전백서",-,-,-,,-,-,-,2023년말,-,Y,확정,5849명,KOSIS_VALUE,hcx,정비사 수,-,2023년말,Y,hcx,현재값,5849,-,-,N,명,수준값,-,-,"국토교통부가 지난해 9월 발표한 ‘2023 항공안전백서’에 따르면, 국내 12개 항공사의 정비사 총 5849명(2023년말 기준) 가운데 대형 항공사인 대한항공, 아시아나항공 등 2사 소속은 4248명이었다.",high,N,-,Y,0,0,HCX-007,v1.6-prev2-context,2026-07-30,정비사 수,,2023년말,Y,명,명,person_count,count,person,,Y,,,Y,MAP000037,"query: 측정지표: 정비사 수
통계 검색어: LCC, 대형 항공사, 정비사, 항공안전백서
분야: 고용
기사 주장: ◇급성장한 LCC, 안전 투자는 미흡 국토교통부가 지난해 9월 발표한 ‘2023 항공안전백서’에 따르면, 국내 12개 항공사의 정비사 총 5849명(2023년말 기준) 가운데 대형 항공사인 대한항공, 아시아나항공 등 2사 소속은 4248명이었다.",success,20,0.000459,high,444,DT_444002_N2023A006,2022014,직무별 종사자 현황,항공산업실태조사,0.867349,0.0,0.0,0.650512,444,DT_444002_N2023A015,2022014,인력 채용 시 애로사항 (1+2순위),항공산업실태조사,0.866738,0.0,0.0,0.650053,444,DT_444002_N2023A005,2022014,종사자 현황,항공산업실태조사,0.865122,0.0,0.0,0.648842,444,DT_444002_N2023A014,2022014,인력 채용 시 애로사항 (1순위),항공산업실태조사,0.863324,0.0,0.0,0.647493,444,DT_444002_N2023A010,2022014,인력변동 현황,항공산업실태조사,0.862484,0.0,0.0,0.646863
A0009-C009,A0009-C009-m4,A0009,"승객 수는 더 많은 LCC, 정비사는 대형 항공사의 38%",2025-01-01,https://www.chosun.com/economy/industry-company/2025/01/01/PVCPHJRE7RDT7L2ZG2LDED5NNA,"◇급성장한 LCC, 안전 투자는 미흡 국토교통부가 지난해 9월 발표한 ‘2023 항공안전백서’에 따르면, 국내 12개 항공사의 정비사 총 5849명(2023년말 기준) 가운데 대형 항공사인 대한항공, 아시아나항공 등 2사 소속은 4248명이었다.","이같은 우려가 커지자, 제주항공은 이날 브리핑을 갖고 “2025년 3월까지 운항량을 10~15% 감축하고, 정비사도 추가 고용하겠다”고 밝혔다.",전남 무안공항 참사를 계기로 국민들의 불안감이 커지는 가운데 항공 전문가들 사이에선 LCC의 안전 수준을 대대적으로 재점검해야 한다는 지적이 나오고 있다.,국내공식통계,N,고용,정비사 수,"LCC, 대형 항공사, 정비사, 항공안전백서",-,-,-,,-,-,-,2023년말,-,Y,확정,4248명,KOSIS_VALUE,hcx,정비사 수,-,2023년말,Y,hcx,현재값,4248,-,-,N,명,수준값,-,-,"국토교통부가 지난해 9월 발표한 ‘2023 항공안전백서’에 따르면, 국내 12개 항공사의 정비사 총 5849명(2023년말 기준) 가운데 대형 항공사인 대한항공, 아시아나항공 등 2사 소속은 4248명이었다.",high,N,-,Y,0,0,HCX-007,v1.6-prev2-context,2026-07-30,정비사 수,,2023년말,Y,명,명,person_count,count,person,,Y,,,Y,MAP000038,"query: 측정지표: 정비사 수
통계 검색어: LCC, 대형 항공사, 정비사, 항공안전백서
분야: 고용
기사 주장: ◇급성장한 LCC, 안전 투자는 미흡 국토교통부가 지난해 9월 발표한 ‘2023 항공안전백서’에 따르면, 국내 12개 항공사의 정비사 총 5849명(2023년말 기준) 가운데 대형 항공사인 대한항공, 아시아나항공 등 2사 소속은 4248명이었다.",success,20,0.000459,high,444,DT_444002_N2023A006,2022014,직무별 종사자 현황,항공산업실태조사,0.867349,0.0,0.0,0.650512,444,DT_444002_N2023A015,2022014,인력 채용 시 애로사항 (1+2순위),항공산업실태조사,0.866738,0.0,0.0,0.650053,444,DT_444002_N2023A005,2022014,종사자 현황,항공산업실태조사,0.865122,0.0,0.0,0.648842,444,DT_444002_N2023A014,2022014,인력 채용 시 애로사항 (1순위),항공산업실태조사,0.863324,0.0,0.0,0.647493,444,DT_444002_N2023A010,2022014,인력변동 현황,항공산업실태조사,0.862484,0.0,0.0,0.646863
A0009-C010,A0009-C010-m2,A0009,"승객 수는 더 많은 LCC, 정비사는 대형 항공사의 38%",2025-01-01,https://www.chosun.com/economy/industry-company/2025/01/01/PVCPHJRE7RDT7L2ZG2LDED5NNA,"제주항공·진에어 등 LCC 10사의 정비사는 모두 1601명으로, 대형항공사의 3분의 1 수준(37.7%)에 그쳤다.","◇급성장한 LCC, 안전 투자는 미흡 국토교통부가 지난해 9월 발표한 ‘2023 항공안전백서’에 따르면, 국내 12개 항공사의 정비사 총 5849명(2023년말 기준) 가운데 대형 항공사인 대한항공, 아시아나항공 등 2사 소속은 4248명이었다.","이같은 우려가 커지자, 제주항공은 이날 브리핑을 갖고 “2025년 3월까지 운항량을 10~15% 감축하고, 정비사도 추가 고용하겠다”고 밝혔다.",국내공식통계,N,고용,정비사 수,"LCC, 대형 항공사, 정비사, 항공안전백서",-,-,-,제주항공·진에어 등 LCC 10사,-,-,-,2023,-,Y,확정,1601명,KOSIS_VALUE,hcx,정비사 수,제주항공·진에어 등 LCC 10사,2023,Y,hcx,현재값,1601,-,-,N,명,수준값,-,전년,"제주항공·진에어 등 LCC 10사의 정비사는 모두 1601명으로, 대형항공사의 3분의 1 수준(37.7%)에 그쳤다.",high,N,-,Y,0,0,HCX-007,v1.6-prev2-context,2026-07-30,정비사 수 비율,항공,2023,Y,명,명,person_count,count,person,,Y,,,Y,MAP000039,"query: 측정지표: 정비사 수
대표지표: 정비사 수 비율
통계 검색어: LCC, 대형 항공사, 정비사, 항공안전백서
세부항목: 제주항공·진에어 등 LCC 10사, 항공
분야: 고용
기사 주장: 제주항공·진에어 등 LCC 10사의 정비사는 모두 1601명으로, 대형항공사의 3분의 1 수준(37.7%)에 그쳤다.",success,20,0.000102,high,444,DT_444002_N2023A007,2022014,직무별 부족인원,항공산업실태조사,0.88857,0.0,0.0,0.666427,444,DT_444002_N2023A005,2022014,종사자 현황,항공산업실태조사,0.888433,0.0,0.0,0.666325,444,DT_444002_N2023A006,2022014,직무별 종사자 현황,항공산업실태조사,0.887535,0.0,0.0,0.665651,444,DT_444002_N2023A010,2022014,인력변동 현황,항공산업실태조사,0.886489,0.0,0.0,0.664867,444,DT_444002_N2023A011,2022014,연령별 종사자,항공산업실태조사,0.886118,0.0,0.0,0.664589
A0009-C010,A0009-C010-m3,A0009,"승객 수는 더 많은 LCC, 정비사는 대형 항공사의 38%",2025-01-01,https://www.chosun.com/economy/industry-company/2025/01/01/PVCPHJRE7RDT7L2ZG2LDED5NNA,"제주항공·진에어 등 LCC 10사의 정비사는 모두 1601명으로, 대형항공사의 3분의 1 수준(37.7%)에 그쳤다.","◇급성장한 LCC, 안전 투자는 미흡 국토교통부가 지난해 9월 발표한 ‘2023 항공안전백서’에 따르면, 국내 12개 항공사의 정비사 총 5849명(2023년말 기준) 가운데 대형 항공사인 대한항공, 아시아나항공 등 2사 소속은 4248명이었다.","이같은 우려가 커지자, 제주항공은 이날 브리핑을 갖고 “2025년 3월까지 운항량을 10~15% 감축하고, 정비사도 추가 고용하겠다”고 밝혔다.",국내공식통계,N,고용,정비사 수 비율,"LCC, 대형 항공사, 정비사, 항공안전백서",-,-,-,제주항공·진에어 등 LCC 10사,-,-,-,2023,-,Y,확정,37.70%,KOSIS_VALUE,hcx,정비사 수 비율,제주항공·진에어 등 LCC 10사,2023,Y,hcx,현재값,37.7,-,-,N,%,비중,-,전년,"제주항공·진에어 등 LCC 10사의 정비사는 모두 1601명으로, 대형항공사의 3분의 1 수준(37.7%)에 그쳤다.",high,N,-,Y,0,0,HCX-007,v1.6-prev2-context,2026-07-30,정비사 수 비율,항공,2023,Y,%,%,rate,rate_level,person,,Y,,,Y,MAP000040,"query: 측정지표: 정비사 수 비율
통계 검색어: LCC, 대형 항공사, 정비사, 항공안전백서
세부항목: 제주항공·진에어 등 LCC 10사, 항공
분야: 고용
기사 주장: 제주항공·진에어 등 LCC 10사의 정비사는 모두 1601명으로, 대형항공사의 3분의 1 수준(37.7%)에 그쳤다.",success,20,0.000151,high,444,DT_444002_N2023A005,2022014,종사자 현황,항공산업실태조사,0.888595,0.0,0.0,0.666446,444,DT_444002_N2023A007,2022014,직무별 부족인원,항공산업실태조사,0.888394,0.0,0.0,0.666295,444,DT_444002_N2023A006,2022014,직무별 종사자 현황,항공산업실태조사,0.88785,0.0,0.0,0.665887,444,DT_444002_N2023A011,2022014,연령별 종사자,항공산업실태조사,0.886094,0.0,0.0,0.66457,444,DT_444002_N2023A010,2022014,인력변동 현황,항공산업실태조사,0.885999,0.0,0.0,0.664499
A0009-C011,A0009-C011-m1,A0009,"승객 수는 더 많은 LCC, 정비사는 대형 항공사의 38%",2025-01-01,https://www.chosun.com/economy/industry-company/2025/01/01/PVCPHJRE7RDT7L2ZG2LDED5NNA,"이를 각 사의 항공기 보유 대수로 나눠보면, 대형항공사들은 대당 16~18명 수준의 정비사를 보유하고 있지만 LCC는 10.6명이었다.","제주항공·진에어 등 LCC 10사의 정비사는 모두 1601명으로, 대형항공사의 3분의 1 수준(37.7%)에 그쳤다.","◇급성장한 LCC, 안전 투자는 미흡 국토교통부가 지난해 9월 발표한 ‘2023 항공안전백서’에 따르면, 국내 12개 항공사의 정비사 총 5849명(2023년말 기준) 가운데 대형 항공사인 대한항공, 아시아나항공 등 2사 소속은 4248명이었다.",국내공식통계,N,고용,정비사 수,"LCC, 대형 항공사, 정비사, 항공기 보유 대수",-,-,-,대형 항공사,-,-,-,2023,-,Y,확정,16명,KOSIS_VALUE,hcx,정비사 수,대형 항공사,2023,Y,hcx,현재값,16,-,-,N,명,수준값,-,전년,"이를 각 사의 항공기 보유 대수로 나눠보면, 대형항공사들은 대당 16~18명 수준의 정비사를 보유하고 있지만 LCC는 10.6명이었다.",high,N,-,N,0,0,HCX-007,v1.6-prev2-context,2026-07-30,정비사 수,항공,2023,Y,명,명,person_count,count,person,,Y,,,N,MAP000041,"query: 측정지표: 정비사 수
통계 검색어: LCC, 대형 항공사, 정비사, 항공기 보유 대수
세부항목: 대형 항공사, 항공
분야: 고용
기사 주장: 이를 각 사의 항공기 보유 대수로 나눠보면, 대형항공사들은 대당 16~18명 수준의 정비사를 보유하고 있지만 LCC는 10.6명이었다.",success,20,0.001205,high,101,DT_1IA2046,1978009,항공기 보유현황,운수업조사 > 조사기반 > 운수업부문 > 회차별 산업분류(~1996) > 운수업조사(1991:6차산업분류기준) > 항공운송업,0.873801,0.125,0.0,0.680351,116,DT_MLTM_7150,2005053,업종별 화물자동차 평균 보유・이용대수현황,국가교통조사,0.872195,0.125,0.0,0.679146,116,DT_MLTM_5412,2005053,업종별 화물자동차 평균 보유・이용대수현황,국가교통조사,0.872195,0.125,0.0,0.679146,183,DT_12701N_003,2015003,우주관련 연구소 보유 여부-기업체,우주산업및항공제조산업실태조사 > 2023년 이전,0.871402,0.125,0.0,0.678552,380,DT_380002_A0072_7TH,2006031,자영업자_직원 고용 여부,근로환경조사 > 일에 관한 사항,0.868495,0.125,0.0,0.676371
A0009-C011,A0009-C011-m2,A0009,"승객 수는 더 많은 LCC, 정비사는 대형 항공사의 38%",2025-01-01,https://www.chosun.com/economy/industry-company/2025/01/01/PVCPHJRE7RDT7L2ZG2LDED5NNA,"이를 각 사의 항공기 보유 대수로 나눠보면, 대형항공사들은 대당 16~18명 수준의 정비사를 보유하고 있지만 LCC는 10.6명이었다.","제주항공·진에어 등 LCC 10사의 정비사는 모두 1601명으로, 대형항공사의 3분의 1 수준(37.7%)에 그쳤다.","◇급성장한 LCC, 안전 투자는 미흡 국토교통부가 지난해 9월 발표한 ‘2023 항공안전백서’에 따르면, 국내 12개 항공사의 정비사 총 5849명(2023년말 기준) 가운데 대형 항공사인 대한항공, 아시아나항공 등 2사 소속은 4248명이었다.",국내공식통계,N,고용,정비사 수,"LCC, 대형 항공사, 정비사, 항공기 보유 대수",-,-,-,대형 항공사,-,-,-,2023,-,Y,확정,18명,KOSIS_VALUE,hcx,정비사 수,대형 항공사,2023,Y,hcx,현재값,18,-,-,N,명,수준값,-,전년,"이를 각 사의 항공기 보유 대수로 나눠보면, 대형항공사들은 대당 16~18명 수준의 정비사를 보유하고 있지만 LCC는 10.6명이었다.",high,N,-,N,0,0,HCX-007,v1.6-prev2-context,2026-07-30,정비사 수,항공,2023,Y,명,명,person_count,count,person,,Y,,,N,MAP000042,"query: 측정지표: 정비사 수
통계 검색어: LCC, 대형 항공사, 정비사, 항공기 보유 대수
세부항목: 대형 항공사, 항공
분야: 고용
기사 주장: 이를 각 사의 항공기 보유 대수로 나눠보면, 대형항공사들은 대당 16~18명 수준의 정비사를 보유하고 있지만 LCC는 10.6명이었다.",success,20,0.001205,high,101,DT_1IA2046,1978009,항공기 보유현황,운수업조사 > 조사기반 > 운수업부문 > 회차별 산업분류(~1996) > 운수업조사(1991:6차산업분류기준) > 항공운송업,0.873801,0.125,0.0,0.680351,116,DT_MLTM_7150,2005053,업종별 화물자동차 평균 보유・이용대수현황,국가교통조사,0.872195,0.125,0.0,0.679146,116,DT_MLTM_5412,2005053,업종별 화물자동차 평균 보유・이용대수현황,국가교통조사,0.872195,0.125,0.0,0.679146,183,DT_12701N_003,2015003,우주관련 연구소 보유 여부-기업체,우주산업및항공제조산업실태조사 > 2023년 이전,0.871402,0.125,0.0,0.678552,380,DT_380002_A0072_7TH,2006031,자영업자_직원 고용 여부,근로환경조사 > 일에 관한 사항,0.868495,0.125,0.0,0.676371
A0009-C011,A0009-C011-m3,A0009,"승객 수는 더 많은 LCC, 정비사는 대형 항공사의 38%",2025-01-01,https://www.chosun.com/economy/industry-company/2025/01/01/PVCPHJRE7RDT7L2ZG2LDED5NNA,"이를 각 사의 항공기 보유 대수로 나눠보면, 대형항공사들은 대당 16~18명 수준의 정비사를 보유하고 있지만 LCC는 10.6명이었다.","제주항공·진에어 등 LCC 10사의 정비사는 모두 1601명으로, 대형항공사의 3분의 1 수준(37.7%)에 그쳤다.","◇급성장한 LCC, 안전 투자는 미흡 국토교통부가 지난해 9월 발표한 ‘2023 항공안전백서’에 따르면, 국내 12개 항공사의 정비사 총 5849명(2023년말 기준) 가운데 대형 항공사인 대한항공, 아시아나항공 등 2사 소속은 4248명이었다.",국내공식통계,N,고용,정비사 수,"LCC, 대형 항공사, 정비사, 항공기 보유 대수",-,-,-,LCC,-,-,-,2023,-,Y,확정,10.6명,KOSIS_VALUE,hcx,정비사 수,LCC,2023,Y,hcx,현재값,10.6,-,-,N,명,수준값,-,전년,"이를 각 사의 항공기 보유 대수로 나눠보면, 대형항공사들은 대당 16~18명 수준의 정비사를 보유하고 있지만 LCC는 10.6명이었다.",high,N,-,N,0,0,HCX-007,v1.6-prev2-context,2026-07-30,정비사 수,항공,2023,Y,명,명,person_count,count,person,,Y,,,N,MAP000043,"query: 측정지표: 정비사 수
통계 검색어: LCC, 대형 항공사, 정비사, 항공기 보유 대수
세부항목: LCC, 항공
분야: 고용
기사 주장: 이를 각 사의 항공기 보유 대수로 나눠보면, 대형항공사들은 대당 16~18명 수준의 정비사를 보유하고 있지만 LCC는 10.6명이었다.",success,20,0.000623,high,113,DT_113_STBL_1023565,2008052,여행업 항공 ・ 선박권 구매자 수 추이,관광산업조사 > 사업실적현황,0.874876,0.0,0.5,0.681157,101,DT_1IA2046,1978009,항공기 보유현황,운수업조사 > 조사기반 > 운수업부문 > 회차별 산업분류(~1996) > 운수업조사(1991:6차산업분류기준) > 항공운송업,0.874045,0.125,0.0,0.680534,116,DT_MLTM_5412,2005053,업종별 화물자동차 평균 보유・이용대수현황,국가교통조사,0.87272,0.125,0.0,0.67954,116,DT_MLTM_7150,2005053,업종별 화물자동차 평균 보유・이용대수현황,국가교통조사,0.87272,0.125,0.0,0.67954,183,DT_12701N_003,2015003,우주관련 연구소 보유 여부-기업체,우주산업및항공제조산업실태조사 > 2023년 이전,0.871634,0.125,0.0,0.678726
A0009-C016,A0009-C016-m1,A0009,"승객 수는 더 많은 LCC, 정비사는 대형 항공사의 38%",2025-01-01,https://www.chosun.com/economy/industry-company/2025/01/01/PVCPHJRE7RDT7L2ZG2LDED5NNA,"하지만 지난해 국토부 백서에 따르면, LCC 중 가장 정비사 수가 많은 제주항공도 대당 정비사가 11.2명에 그쳤다.",정부가 내세운 기준은 항공기 1대당 정비사 12명(당시 9~11명)이었다.,당시 정부가 가장 먼저 요구한 것도 적정 정비사부터 충원하라는 것이었다.,국내공식통계,N,고용,정비사 수,"LCC, 대형 항공사, 정비사",-,-,-,제주항공,-,-,-,2024,-,Y,확정,11.2명,KOSIS_VALUE,hcx,정비사 수,제주항공,2024,Y,hcx,현재값,11.2,-,-,N,명,수준값,-,전년,"하지만 지난해 국토부 백서에 따르면, LCC 중 가장 정비사 수가 많은 제주항공도 대당 정비사가 11.2명에 그쳤다.",high,N,-,N,0,0,HCX-007,v1.6-prev2-context,2026-07-30,정비사 수,제주항공,2024,Y,명,명,person_count,count,person,,Y,,,N,MAP000044,"query: 측정지표: 정비사 수
통계 검색어: LCC, 대형 항공사, 정비사
세부항목: 제주항공
분야: 고용
기사 주장: 하지만 지난해 국토부 백서에 따르면, LCC 중 가장 정비사 수가 많은 제주항공도 대당 정비사가 11.2명에 그쳤다.",success,20,0.000653,high,444,DT_444002_N2023A007,2022014,직무별 부족인원,항공산업실태조사,0.869215,0.0,0.0,0.651911,444,DT_444002_N2023A005,2022014,종사자 현황,항공산업실태조사,0.868345,0.0,0.0,0.651258,444,DT_444002_N2023A011,2022014,연령별 종사자,항공산업실태조사,0.867325,0.0,0.0,0.650494,444,DT_444002_N2023A006,2022014,직무별 종사자 현황,항공산업실태조사,0.86687,0.0,0.0,0.650153,444,DT_444002_N2023A010,2022014,인력변동 현황,항공산업실태조사,0.865929,0.0,0.0,0.649446
A0009-C017,A0009-C017-m1,A0009,"승객 수는 더 많은 LCC, 정비사는 대형 항공사의 38%",2025-01-01,https://www.chosun.com/economy/industry-company/2025/01/01/PVCPHJRE7RDT7L2ZG2LDED5NNA,이에 대해 제주항공 측은 “정부의 통계 시점인 2023년 말 이후 정비사를 충원해 현재는 정비사가 522명으로 대당 12.7명 수준으로 개선했다”며 “2025년말까지 560명으로 늘리겠다”고 밝혔다.,"하지만 지난해 국토부 백서에 따르면, LCC 중 가장 정비사 수가 많은 제주항공도 대당 정비사가 11.2명에 그쳤다.",정부가 내세운 기준은 항공기 1대당 정비사 12명(당시 9~11명)이었다.,국내공식통계,N,고용,정비사 수,"LCC, 정비사, 항공사",-,-,-,제주항공,-,-,-,2025,-,Y,확정,522명,KOSIS_VALUE,hcx,정비사 수,제주항공,2025,Y,hcx,현재값,522,-,-,N,명,수준값,-,전년,"""정부의 통계 시점인 2023년 말 이후 정비사를 충원해 현재는 정비사가 522명으로 대당 12.7명 수준으로 개선했다""며 ""2025년말까지 560명으로 늘리겠다""",high,N,-,N,0,0,HCX-007,v1.6-prev2-context,2026-07-30,정비사 수,제주항공,2025,Y,명,명,person_count,count,person,,Y,,,Y,MAP000045,"query: 측정지표: 정비사 수
통계 검색어: LCC, 정비사, 항공사
세부항목: 제주항공
분야: 고용
기사 주장: 이에 대해 제주항공 측은 “정부의 통계 시점인 2023년 말 이후 정비사를 충원해 현재는 정비사가 522명으로 대당 12.7명 수준으로 개선했다”며 “2025년말까지 560명으로 늘리겠다”고 밝혔다.",success,20,0.000712,high,142,DT_V24_B003,1999037,"2023년 직종별 인력구성, 부족인력 수 및 비율",벤처기업정밀실태조사 > 2023년 > 인력 및 조직현황,0.868296,0.0,0.0,0.651222,338,DT_KWMP_2020245,2008045,정년 전 근무했던 직장에서 계속 근무 희망 여부,여성관리자패널조사 > 2020년 이후 > 2023년 이슈문항,0.867346,0.0,0.0,0.65051,444,DT_444002_N2023A007,2022014,직무별 부족인원,항공산업실태조사,0.867215,0.0,0.0,0.650411,444,DT_444002_N2023A011,2022014,연령별 종사자,항공산업실태조사,0.867091,0.0,0.0,0.650318,338,DT_KWMP_2020240,2008045,현재 직장에서 정년까지 근무 희망 여부,여성관리자패널조사 > 2020년 이후 > 2023년 이슈문항,0.866845,0.0,0.0,0.650134
A0009-C017,A0009-C017-m2,A0009,"승객 수는 더 많은 LCC, 정비사는 대형 항공사의 38%",2025-01-01,https://www.chosun.com/economy/industry-company/2025/01/01/PVCPHJRE7RDT7L2ZG2LDED5NNA,이에 대해 제주항공 측은 “정부의 통계 시점인 2023년 말 이후 정비사를 충원해 현재는 정비사가 522명으로 대당 12.7명 수준으로 개선했다”며 “2025년말까지 560명으로 늘리겠다”고 밝혔다.,"하지만 지난해 국토부 백서에 따르면, LCC 중 가장 정비사 수가 많은 제주항공도 대당 정비사가 11.2명에 그쳤다.",정부가 내세운 기준은 항공기 1대당 정비사 12명(당시 9~11명)이었다.,국내공식통계,N,고용,정비사 수,"LCC, 정비사, 항공사",-,-,-,제주항공,-,-,-,2025,-,Y,확정,12.7명,KOSIS_VALUE,hcx,정비사 수,제주항공,2025,Y,hcx,현재값,12.7,-,-,N,명,수준값,-,전년,"""정부의 통계 시점인 2023년 말 이후 정비사를 충원해 현재는 정비사가 522명으로 대당 12.7명 수준으로 개선했다""며 ""2025년말까지 560명으로 늘리겠다""",high,N,-,N,0,0,HCX-007,v1.6-prev2-context,2026-07-30,정비사 수,제주항공,2025,Y,명,명,person_count,count,person,,Y,,,N,MAP000046,"query: 측정지표: 정비사 수
통계 검색어: LCC, 정비사, 항공사
세부항목: 제주항공
분야: 고용
기사 주장: 이에 대해 제주항공 측은 “정부의 통계 시점인 2023년 말 이후 정비사를 충원해 현재는 정비사가 522명으로 대당 12.7명 수준으로 개선했다”며 “2025년말까지 560명으로 늘리겠다”고 밝혔다.",success,20,0.000712,high,142,DT_V24_B003,1999037,"2023년 직종별 인력구성, 부족인력 수 및 비율",벤처기업정밀실태조사 > 2023년 > 인력 및 조직현황,0.868296,0.0,0.0,0.651222,338,DT_KWMP_2020245,2008045,정년 전 근무했던 직장에서 계속 근무 희망 여부,여성관리자패널조사 > 2020년 이후 > 2023년 이슈문항,0.867346,0.0,0.0,0.65051,444,DT_444002_N2023A007,2022014,직무별 부족인원,항공산업실태조사,0.867215,0.0,0.0,0.650411,444,DT_444002_N2023A011,2022014,연령별 종사자,항공산업실태조사,0.867091,0.0,0.0,0.650318,338,DT_KWMP_2020240,2008045,현재 직장에서 정년까지 근무 희망 여부,여성관리자패널조사 > 2020년 이후 > 2023년 이슈문항,0.866845,0.0,0.0,0.650134
A0012-C005,A0012-C005-m1,A0012,조선업 산업기술인력 9년 만에 다시 상승세,2025-01-01,https://www.chosun.com/economy/industry-company/2025/01/01/VR4RUPY3CFEGZGFC5M4JPY5SDE,31일 산업통상자원부의 ‘산업기술인력 수급 실태조사’에 따르면 지난 2023년 말 조선 산업기술인력은 5만8528명으로 전년인 2022년 대비 0.8% 증가했다.,다만 여전히 현장엔 일할 사람이 부족한 상황이라 앞으로도 인력 확충은 계속될 전망이다.,하지만 최근 정부 정책 등으로 외국인 근로자가 크게 늘면서 다소 숨통이 트인 것으로 분석된다.,국내공식통계,Y,고용,조선 산업기술인력,"조선업, 산업기술인력, 수급 실태조사",-,-,-,조선업,-,-,-,2023,-,Y,확정,5만8528명,KOSIS_VALUE,hcx,조선 산업기술인력,조선업,2023,Y,hcx,현재값,58528,-,-,N,명,수준값,증가,전년,31일 산업통상자원부의 ‘산업기술인력 수급 실태조사’에 따르면 지난 2023년 말 조선 산업기술인력은 5만8528명으로 전년인 2022년 대비 0.8% 증가했다.,high,N,-,N,0,0,HCX-007,v1.6-prev2-context,2026-07-30,조선 산업기술인력,조선업,2023년 말,Y,명,명,person_count,count,item,,Y,,,Y,MAP000047,"query: 측정지표: 조선 산업기술인력
통계 검색어: 조선업, 산업기술인력, 수급 실태조사
세부항목: 조선업
분야: 고용
기사 주장: 31일 산업통상자원부의 ‘산업기술인력 수급 실태조사’에 따르면 지난 2023년 말 조선 산업기술인력은 5만8528명으로 전년인 2022년 대비 0.8% 증가했다.",success,20,0.000184,high,115,DT_115_2010_BB091,2004042,"규모별[300인-499인]･지역별 부족인력 및 부족률(고용형태별, 학력별 등)",산업기술인력수급실태조사 > 부족인력/부족률 > 2011년 이전,0.888811,0.0,0.0,0.666608,115,DT_115_2010_BB092,2004042,"규모별[300인-499인]･지역별 부족인력 및 부족률(학력별, 전공별)",산업기술인력수급실태조사 > 부족인력/부족률 > 2011년 이전,0.888565,0.0,0.0,0.666424,395,DT_395N_S2022306,2003024,회사의 인력규모 : 2022년 기준 상시종사자 중 연구개발 전담인력 비율,한국기업혁신조사 > 2023년도 조사(서비스 부문) > 회사의 인력규모,0.888133,0.0,0.0,0.6661,115,DT_115_2010_BB077,2004042,"산업별(중분류)･규모별[300인-499인] 부족인력 및 부족률(학력별, 전공별)",산업기술인력수급실태조사 > 부족인력/부족률 > 2011년 이전,0.886681,0.0,0.0,0.66501,115,DT_115_2010_BB086,2004042,"규모별[30인-99인]･지역별 부족인력 및 부족률(학력별, 전공별)",산업기술인력수급실태조사 > 부족인력/부족률 > 2011년 이전,0.88636,0.0,0.0,0.66477
A0012-C005,A0012-C005-m2,A0012,조선업 산업기술인력 9년 만에 다시 상승세,2025-01-01,https://www.chosun.com/economy/industry-company/2025/01/01/VR4RUPY3CFEGZGFC5M4JPY5SDE,31일 산업통상자원부의 ‘산업기술인력 수급 실태조사’에 따르면 지난 2023년 말 조선 산업기술인력은 5만8528명으로 전년인 2022년 대비 0.8% 증가했다.,다만 여전히 현장엔 일할 사람이 부족한 상황이라 앞으로도 인력 확충은 계속될 전망이다.,하지만 최근 정부 정책 등으로 외국인 근로자가 크게 늘면서 다소 숨통이 트인 것으로 분석된다.,국내공식통계,Y,고용,조선 산업기술인력 증감률,"조선업, 산업기술인력, 수급 실태조사",-,-,-,조선업,-,-,-,2022,-,Y,확정,0.80%,KOSIS_VALUE,hcx,조선 산업기술인력 증감률,조선업,2022,Y,hcx,증감률,0.8,-,-,N,%,증감률,증가,전년,31일 산업통상자원부의 ‘산업기술인력 수급 실태조사’에 따르면 지난 2023년 말 조선 산업기술인력은 5만8528명으로 전년인 2022년 대비 0.8% 증가했다.,high,N,-,N,0,0,HCX-007,v1.6-prev2-context,2026-07-30,조선 산업기술인력,조선업,2023년 말,Y,%,%,rate,rate_change,item,2021,Y,,,Y,MAP000048,"query: 측정지표: 조선 산업기술인력 증감률
대표지표: 조선 산업기술인력
통계 검색어: 조선업, 산업기술인력, 수급 실태조사
세부항목: 조선업
분야: 고용
기사 주장: 31일 산업통상자원부의 ‘산업기술인력 수급 실태조사’에 따르면 지난 2023년 말 조선 산업기술인력은 5만8528명으로 전년인 2022년 대비 0.8% 증가했다.",success,20,0.000811,high,115,DT_115_2010_BB092,2004042,"규모별[300인-499인]･지역별 부족인력 및 부족률(학력별, 전공별)",산업기술인력수급실태조사 > 부족인력/부족률 > 2011년 이전,0.887941,0.0,0.0,0.665956,115,DT_115_2010_BB091,2004042,"규모별[300인-499인]･지역별 부족인력 및 부족률(고용형태별, 학력별 등)",산업기술인력수급실태조사 > 부족인력/부족률 > 2011년 이전,0.886859,0.0,0.0,0.665145,395,DT_395N_S2022306,2003024,회사의 인력규모 : 2022년 기준 상시종사자 중 연구개발 전담인력 비율,한국기업혁신조사 > 2023년도 조사(서비스 부문) > 회사의 인력규모,0.886668,0.0,0.0,0.665001,115,DT_115_2010_BB086,2004042,"규모별[30인-99인]･지역별 부족인력 및 부족률(학력별, 전공별)",산업기술인력수급실태조사 > 부족인력/부족률 > 2011년 이전,0.885876,0.0,0.0,0.664407,115,DT_115_2010_BB077,2004042,"산업별(중분류)･규모별[300인-499인] 부족인력 및 부족률(학력별, 전공별)",산업기술인력수급실태조사 > 부족인력/부족률 > 2011년 이전,0.885221,0.0,0.0,0.663915
A0012-C007,A0012-C007-m1,A0012,조선업 산업기술인력 9년 만에 다시 상승세,2025-01-01,https://www.chosun.com/economy/industry-company/2025/01/01/VR4RUPY3CFEGZGFC5M4JPY5SDE,본래 조선업의 산업기술인력은 2014년 6만9766명에서 2022년 5만8042명까지 꾸준히 하락해 1만명 넘게 줄어든 상태였는데 이 수가 500명 가까이 늘어난 것이다.,"산업기술인력은 연구개발직, 기술직, 관리자를 비롯한 기능·기술 인력을 뜻한다.",31일 산업통상자원부의 ‘산업기술인력 수급 실태조사’에 따르면 지난 2023년 말 조선 산업기술인력은 5만8528명으로 전년인 2022년 대비 0.8% 증가했다.,국내공식통계,Y,고용,조선업 산업기술인력,"조선업, 산업기술인력, 고용",-,-,-,조선업,-,-,-,2014,-,Y,확정,6만9766명,KOSIS_VALUE,hcx,조선업 산업기술인력,조선업,2014,Y,hcx,이전값,69766,-,-,N,명,수준값,증가,전년,본래 조선업의 산업기술인력은 2014년 6만9766명에서 2022년 5만8042명까지 꾸준히 하락해 1만명 넘게 줄어든 상태였는데 이 수가 500명 가까이 늘어난 것이다.,high,N,-,Y,0,0,HCX-007,v1.6-prev2-context,2026-07-30,조선업 산업기술인력,조선업,2023,Y,명,명,person_count,count,item,,Y,,,Y,MAP000049,"query: 측정지표: 조선업 산업기술인력
통계 검색어: 조선업, 산업기술인력, 고용
세부항목: 조선업
분야: 고용
기사 주장: 본래 조선업의 산업기술인력은 2014년 6만9766명에서 2022년 5만8042명까지 꾸준히 하락해 1만명 넘게 줄어든 상태였는데 이 수가 500명 가까이 늘어난 것이다.",success,20,0.000339,high,115,DT_115_2010_BB076,2004042,"산업별(중분류)･규모별[300인-499인] 부족인력 및 부족률(고용형태별, 학력별 등)",산업기술인력수급실태조사 > 부족인력/부족률 > 2011년 이전,0.89062,0.0,0.0,0.667965,115,DT_115_2010_BB091,2004042,"규모별[300인-499인]･지역별 부족인력 및 부족률(고용형태별, 학력별 등)",산업기술인력수급실태조사 > 부족인력/부족률 > 2011년 이전,0.890168,0.0,0.0,0.667626,115,DT_115_2010_BB088,2004042,"규모별[100인-299인]･지역별 부족인력 및 부족률(고용형태별, 학력별 등)",산업기술인력수급실태조사 > 부족인력/부족률 > 2011년 이전,0.888962,0.0,0.0,0.666722,115,DT_115_2010_BB077,2004042,"산업별(중분류)･규모별[300인-499인] 부족인력 및 부족률(학력별, 전공별)",산업기술인력수급실태조사 > 부족인력/부족률 > 2011년 이전,0.888633,0.0,0.0,0.666475,115,DT_115_2010_BB073,2004042,"산업별(중분류)･규모별[100인-299인] 부족인력 및 부족률(고용형태별, 학력별 등)",산업기술인력수급실태조사 > 부족인력/부족률 > 2011년 이전,0.888091,0.0,0.0,0.666068
A0012-C007,A0012-C007-m2,A0012,조선업 산업기술인력 9년 만에 다시 상승세,2025-01-01,https://www.chosun.com/economy/industry-company/2025/01/01/VR4RUPY3CFEGZGFC5M4JPY5SDE,본래 조선업의 산업기술인력은 2014년 6만9766명에서 2022년 5만8042명까지 꾸준히 하락해 1만명 넘게 줄어든 상태였는데 이 수가 500명 가까이 늘어난 것이다.,"산업기술인력은 연구개발직, 기술직, 관리자를 비롯한 기능·기술 인력을 뜻한다.",31일 산업통상자원부의 ‘산업기술인력 수급 실태조사’에 따르면 지난 2023년 말 조선 산업기술인력은 5만8528명으로 전년인 2022년 대비 0.8% 증가했다.,국내공식통계,Y,고용,조선업 산업기술인력,"조선업, 산업기술인력, 고용",-,-,-,조선업,-,-,-,2022,-,Y,확정,5만8042명,KOSIS_VALUE,hcx,조선업 산업기술인력,조선업,2022,Y,hcx,이전값,58042,-,-,N,명,수준값,증가,전년,본래 조선업의 산업기술인력은 2014년 6만9766명에서 2022년 5만8042명까지 꾸준히 하락해 1만명 넘게 줄어든 상태였는데 이 수가 500명 가까이 늘어난 것이다.,high,N,-,Y,0,0,HCX-007,v1.6-prev2-context,2026-07-30,조선업 산업기술인력,조선업,2023,Y,명,명,person_count,count,item,,Y,,,Y,MAP000050,"query: 측정지표: 조선업 산업기술인력
통계 검색어: 조선업, 산업기술인력, 고용
세부항목: 조선업
분야: 고용
기사 주장: 본래 조선업의 산업기술인력은 2014년 6만9766명에서 2022년 5만8042명까지 꾸준히 하락해 1만명 넘게 줄어든 상태였는데 이 수가 500명 가까이 늘어난 것이다.",success,20,0.000339,high,115,DT_115_2010_BB076,2004042,"산업별(중분류)･규모별[300인-499인] 부족인력 및 부족률(고용형태별, 학력별 등)",산업기술인력수급실태조사 > 부족인력/부족률 > 2011년 이전,0.89062,0.0,0.0,0.667965,115,DT_115_2010_BB091,2004042,"규모별[300인-499인]･지역별 부족인력 및 부족률(고용형태별, 학력별 등)",산업기술인력수급실태조사 > 부족인력/부족률 > 2011년 이전,0.890168,0.0,0.0,0.667626,115,DT_115_2010_BB088,2004042,"규모별[100인-299인]･지역별 부족인력 및 부족률(고용형태별, 학력별 등)",산업기술인력수급실태조사 > 부족인력/부족률 > 2011년 이전,0.888962,0.0,0.0,0.666722,115,DT_115_2010_BB077,2004042,"산업별(중분류)･규모별[300인-499인] 부족인력 및 부족률(학력별, 전공별)",산업기술인력수급실태조사 > 부족인력/부족률 > 2011년 이전,0.888633,0.0,0.0,0.666475,115,DT_115_2010_BB073,2004042,"산업별(중분류)･규모별[100인-299인] 부족인력 및 부족률(고용형태별, 학력별 등)",산업기술인력수급실태조사 > 부족인력/부족률 > 2011년 이전,0.888091,0.0,0.0,0.666068
A0012-C007,A0012-C007-m3,A0012,조선업 산업기술인력 9년 만에 다시 상승세,2025-01-01,https://www.chosun.com/economy/industry-company/2025/01/01/VR4RUPY3CFEGZGFC5M4JPY5SDE,본래 조선업의 산업기술인력은 2014년 6만9766명에서 2022년 5만8042명까지 꾸준히 하락해 1만명 넘게 줄어든 상태였는데 이 수가 500명 가까이 늘어난 것이다.,"산업기술인력은 연구개발직, 기술직, 관리자를 비롯한 기능·기술 인력을 뜻한다.",31일 산업통상자원부의 ‘산업기술인력 수급 실태조사’에 따르면 지난 2023년 말 조선 산업기술인력은 5만8528명으로 전년인 2022년 대비 0.8% 증가했다.,국내공식통계,Y,고용,조선업 산업기술인력 감소 폭,"조선업, 산업기술인력, 고용",-,-,-,조선업,-,-,-,2022,-,Y,확정,1만명,KOSIS_VALUE,hcx,조선업 산업기술인력 감소 폭,조선업,2022,Y,hcx,현재값,10000,-,-,N,명,수준값,감소,전년,본래 조선업의 산업기술인력은 2014년 6만9766명에서 2022년 5만8042명까지 꾸준히 하락해 1만명 넘게 줄어든 상태였는데 이 수가 500명 가까이 늘어난 것이다.,high,N,-,Y,0,0,HCX-007,v1.6-prev2-context,2026-07-30,조선업 산업기술인력,조선업,2023,Y,명,명,person_count,count,item,,Y,,,N,MAP000051,"query: 측정지표: 조선업 산업기술인력 감소 폭
대표지표: 조선업 산업기술인력
통계 검색어: 조선업, 산업기술인력, 고용
세부항목: 조선업
분야: 고용
기사 주장: 본래 조선업의 산업기술인력은 2014년 6만9766명에서 2022년 5만8042명까지 꾸준히 하락해 1만명 넘게 줄어든 상태였는데 이 수가 500명 가까이 늘어난 것이다.",success,20,0.000689,high,115,DT_115_2010_BB076,2004042,"산업별(중분류)･규모별[300인-499인] 부족인력 및 부족률(고용형태별, 학력별 등)",산업기술인력수급실태조사 > 부족인력/부족률 > 2011년 이전,0.885832,0.0,0.0,0.664374,115,DT_115_2010_BB091,2004042,"규모별[300인-499인]･지역별 부족인력 및 부족률(고용형태별, 학력별 등)",산업기술인력수급실태조사 > 부족인력/부족률 > 2011년 이전,0.884913,0.0,0.0,0.663685,115,DT_115_2010_BB077,2004042,"산업별(중분류)･규모별[300인-499인] 부족인력 및 부족률(학력별, 전공별)",산업기술인력수급실태조사 > 부족인력/부족률 > 2011년 이전,0.883853,0.0,0.0,0.66289,115,DT_115_2010_BB088,2004042,"규모별[100인-299인]･지역별 부족인력 및 부족률(고용형태별, 학력별 등)",산업기술인력수급실태조사 > 부족인력/부족률 > 2011년 이전,0.882993,0.0,0.0,0.662245,115,DT_115_2010_BB073,2004042,"산업별(중분류)･규모별[100인-299인] 부족인력 및 부족률(고용형태별, 학력별 등)",산업기술인력수급실태조사 > 부족인력/부족률 > 2011년 이전,0.882718,0.0,0.0,0.662038
A0012-C007,A0012-C007-m4,A0012,조선업 산업기술인력 9년 만에 다시 상승세,2025-01-01,https://www.chosun.com/economy/industry-company/2025/01/01/VR4RUPY3CFEGZGFC5M4JPY5SDE,본래 조선업의 산업기술인력은 2014년 6만9766명에서 2022년 5만8042명까지 꾸준히 하락해 1만명 넘게 줄어든 상태였는데 이 수가 500명 가까이 늘어난 것이다.,"산업기술인력은 연구개발직, 기술직, 관리자를 비롯한 기능·기술 인력을 뜻한다.",31일 산업통상자원부의 ‘산업기술인력 수급 실태조사’에 따르면 지난 2023년 말 조선 산업기술인력은 5만8528명으로 전년인 2022년 대비 0.8% 증가했다.,국내공식통계,Y,고용,조선업 산업기술인력 증가 폭,"조선업, 산업기술인력, 고용",-,-,-,조선업,-,-,-,2023,-,Y,확정,500명,KOSIS_VALUE,hcx,조선업 산업기술인력 증가 폭,조선업,2023,Y,hcx,현재값,500,-,-,N,명,수준값,증가,전년,본래 조선업의 산업기술인력은 2014년 6만9766명에서 2022년 5만8042명까지 꾸준히 하락해 1만명 넘게 줄어든 상태였는데 이 수가 500명 가까이 늘어난 것이다.,high,N,-,Y,0,0,HCX-007,v1.6-prev2-context,2026-07-30,조선업 산업기술인력,조선업,2023,Y,명,명,person_count,count,item,,Y,,,N,MAP000052,"query: 측정지표: 조선업 산업기술인력 증가 폭
대표지표: 조선업 산업기술인력
통계 검색어: 조선업, 산업기술인력, 고용
세부항목: 조선업
분야: 고용
기사 주장: 본래 조선업의 산업기술인력은 2014년 6만9766명에서 2022년 5만8042명까지 꾸준히 하락해 1만명 넘게 줄어든 상태였는데 이 수가 500명 가까이 늘어난 것이다.",success,20,0.00015,high,115,DT_115_2010_BB076,2004042,"산업별(중분류)･규모별[300인-499인] 부족인력 및 부족률(고용형태별, 학력별 등)",산업기술인력수급실태조사 > 부족인력/부족률 > 2011년 이전,0.886033,0.0,0.0,0.664525,115,DT_115_2010_BB091,2004042,"규모별[300인-499인]･지역별 부족인력 및 부족률(고용형태별, 학력별 등)",산업기술인력수급실태조사 > 부족인력/부족률 > 2011년 이전,0.885833,0.0,0.0,0.664375,115,DT_115_2010_BB077,2004042,"산업별(중분류)･규모별[300인-499인] 부족인력 및 부족률(학력별, 전공별)",산업기술인력수급실태조사 > 부족인력/부족률 > 2011년 이전,0.884078,0.0,0.0,0.663058,115,DT_115_2010_BB088,2004042,"규모별[100인-299인]･지역별 부족인력 및 부족률(고용형태별, 학력별 등)",산업기술인력수급실태조사 > 부족인력/부족률 > 2011년 이전,0.884064,0.0,0.0,0.663048,115,DT_115_2010_BB073,2004042,"산업별(중분류)･규모별[100인-299인] 부족인력 및 부족률(고용형태별, 학력별 등)",산업기술인력수급실태조사 > 부족인력/부족률 > 2011년 이전,0.883108,0.0,0.0,0.662331
A0012-C010,A0012-C010-m1,A0012,조선업 산업기술인력 9년 만에 다시 상승세,2025-01-01,https://www.chosun.com/economy/industry-company/2025/01/01/VR4RUPY3CFEGZGFC5M4JPY5SDE,이들이 차지하는 비율도 같은 기간 1.5%에서 4.4%로 증가했다.,조선 산업기술인력 중 외국인은 2022년 877명에서 2023년 2563명으로 3배 가까이 늘었다.,이 숫자가 다시 증가한 것은 최근 외국인 근로 인력이 많아진 덕이다.,국내공식통계,N,고용,외국인 근로 인력 비율,"조선업, 산업기술인력, 외국인",-,-,-,조선업,-,-,-,2022,-,Y,확정,1.50%,KOSIS_VALUE,hcx,외국인 근로 인력 비율,조선업,2022,Y,hcx,증감률,1.5,-,-,N,%,증감률,증가,전년,이들이 차지하는 비율도 같은 기간 1.5%에서 4.4%로 증가했다.,high,N,-,N,0,0,HCX-007,v1.6-prev2-context,2026-07-30,외국인 근로 인력 비율,조선업,2025,Y,%,%,rate,rate_change,item,2021,Y,,,N,MAP000053,"query: 측정지표: 외국인 근로 인력 비율
통계 검색어: 조선업, 산업기술인력, 외국인
세부항목: 조선업
분야: 고용
기사 주장: 이들이 차지하는 비율도 같은 기간 1.5%에서 4.4%로 증가했다.",success,20,0.004001,high,142,DT_G26046,1967005,외국인근로자 고용 사유,중소기업실태조사 > 2024년 이후 > 외국인 인력,0.903148,0.428571,0.0,0.763076,183,DT_127001_2025B017,2015003,외국인 인력 고용 현황 (기업체),우주산업및항공제조산업실태조사 > 2024년 이후 > 기업체,0.897814,0.428571,0.0,0.759075,115,DT_110534N_917,2016003,외국인 종사자 근무기간,뿌리산업실태조사 > 2020년 이전 > 인력 현황,0.903212,0.285714,0.0,0.734552,142,DT_G26047,1967005,외국인근로자 고용시 고려한 사항,중소기업실태조사 > 2024년 이후 > 외국인 인력,0.903107,0.285714,0.0,0.734473,142,DT_G26048,1967005,외국인근로자 고용시 주요 애로사항,중소기업실태조사 > 2024년 이후 > 외국인 인력,0.900452,0.285714,0.0,0.732482
A0012-C010,A0012-C010-m2,A0012,조선업 산업기술인력 9년 만에 다시 상승세,2025-01-01,https://www.chosun.com/economy/industry-company/2025/01/01/VR4RUPY3CFEGZGFC5M4JPY5SDE,이들이 차지하는 비율도 같은 기간 1.5%에서 4.4%로 증가했다.,조선 산업기술인력 중 외국인은 2022년 877명에서 2023년 2563명으로 3배 가까이 늘었다.,이 숫자가 다시 증가한 것은 최근 외국인 근로 인력이 많아진 덕이다.,국내공식통계,N,고용,외국인 근로 인력 비율,"조선업, 산업기술인력, 외국인",-,-,-,조선업,-,-,-,2023,-,Y,확정,4.40%,KOSIS_VALUE,hcx,외국인 근로 인력 비율,조선업,2023,Y,hcx,증감률,4.4,-,-,N,%,증감률,증가,전년,이들이 차지하는 비율도 같은 기간 1.5%에서 4.4%로 증가했다.,high,N,-,N,0,0,HCX-007,v1.6-prev2-context,2026-07-30,외국인 근로 인력 비율,조선업,2025,Y,%,%,rate,rate_change,item,2022,Y,,,N,MAP000054,"query: 측정지표: 외국인 근로 인력 비율
통계 검색어: 조선업, 산업기술인력, 외국인
세부항목: 조선업
분야: 고용
기사 주장: 이들이 차지하는 비율도 같은 기간 1.5%에서 4.4%로 증가했다.",success,20,0.004001,high,142,DT_G26046,1967005,외국인근로자 고용 사유,중소기업실태조사 > 2024년 이후 > 외국인 인력,0.903148,0.428571,0.0,0.763076,183,DT_127001_2025B017,2015003,외국인 인력 고용 현황 (기업체),우주산업및항공제조산업실태조사 > 2024년 이후 > 기업체,0.897814,0.428571,0.0,0.759075,115,DT_110534N_917,2016003,외국인 종사자 근무기간,뿌리산업실태조사 > 2020년 이전 > 인력 현황,0.903212,0.285714,0.0,0.734552,142,DT_G26047,1967005,외국인근로자 고용시 고려한 사항,중소기업실태조사 > 2024년 이후 > 외국인 인력,0.903107,0.285714,0.0,0.734473,142,DT_G26048,1967005,외국인근로자 고용시 주요 애로사항,중소기업실태조사 > 2024년 이후 > 외국인 인력,0.900452,0.285714,0.0,0.732482
A0013-C012,A0013-C012-m1,A0013,사라진 ‘연말연시’… 소비 침체 한동안 이어질 수도,2025-01-01,https://www.chosun.com/economy/industry-company/2025/01/01/Z6WEUBU6FBBDLGDAZFP5PNS574,한 대형 마트의 12월 1~30일 매출 신장률은 전년 같은 기간과 비교해 0%였다.,하지만 최근 분위기는 다르다.,특히 2024년에는 소비 위축이 지속돼 12월 특수를 기대하는 사람이 많았다.,국내공식통계,N,소매·소비,매출 신장률,"연말연시, 소비 침체, 대형마트",-,-,-,대형마트,-,-,-,2024년 12월,-,M,확정,0%,KOSIS_VALUE,hcx,매출 신장률,대형마트,2024년 12월,M,hcx,현재값,0,-,-,N,%,비중,유지,전년동월,한 대형 마트의 12월 1~30일 매출 신장률은 전년 같은 기간과 비교해 0%였다.,high,N,-,N,0,0,HCX-007,v1.6-prev2-context,2026-07-30,매출 신장률,대형마트,2024년 12월,M,%,%,rate,level,item,,Y,,,Y,MAP000055,"query: 측정지표: 매출 신장률
통계 검색어: 연말연시, 소비 침체, 대형마트
세부항목: 대형마트
분야: 소매·소비
기사 주장: 한 대형 마트의 12월 1~30일 매출 신장률은 전년 같은 기간과 비교해 0%였다.",success,20,0.001049,high,115,DT_11523_100,2006044,대형마트 매출 동향(품목별),주요유통업체매출동향조사 > 2024.12 이전,0.893707,0.285714,1.0,0.777423,115,DT_115023_100,2006044,대형마트 매출 동향(품목별),주요유통업체매출동향조사 > 2025.01 이후,0.892308,0.285714,1.0,0.776374,142,DT_G26011,1967005,현금 매출대금 평균 수취기일,중소기업실태조사 > 2024년 이후 > 매출,0.883533,0.142857,0.0,0.691222,142,DT_D10902,2001057,매출 실적(2012년1월까지),소상공인시장경기동향조사 > 2013년 이전 > 매출,0.88276,0.142857,0.0,0.690642,114,DT_114051N_036,2016017,매출 현황,말산업실태조사,0.879664,0.142857,0.0,0.688319
A0018-C001,A0018-C001-m1,A0018,반도체 덕에… 지난해 수출 6838억달러 역대 최대,2025-01-02,https://www.chosun.com/economy/economy_general/2025/01/02/6MYGM52QIVHUJBIZYYFBUW5IQM,작년 한 해 전체 수출액이 6838억달러(약 1006조원)로 2023년에 비해 8.2% 증가했다고 산업통상자원부와 관세청이 1일 밝혔다.,,,국내공식통계,Y,무역,수출액,"반도체, 수출액, 역대 최대",-,-,-,,-,-,-,2024,-,Y,확정,6838억달러,KOSIS_VALUE,hcx,수출액,-,2024,Y,hcx,현재값,6.838E+11,-,-,N,달러,수준값,증가,전년,[검증 대상 문장] 작년 한 해 전체 수출액이 6838억달러(약 1006조원)로 2023년에 비해 8.2% 증가했다고 산업통상자원부와 관세청이 1일 밝혔다.,high,N,-,N,0,0,HCX-007,v1.6-prev2-context,2026-07-30,수출액,,2024,Y,달러,달러,currency,amount,unspecified,,Y,,,Y,MAP000056,"query: 측정지표: 수출액
통계 검색어: 반도체, 수출액, 역대 최대
분야: 무역
기사 주장: 작년 한 해 전체 수출액이 6838억달러(약 1006조원)로 2023년에 비해 8.2% 증가했다고 산업통상자원부와 관세청이 1일 밝혔다.",success,20,0.000632,high,395,DT_395N_S2022300,2003024,수출액 수준: 2022년,한국기업혁신조사 > 2023년도 조사(서비스 부문) > 매출액 및 수출액 수준,0.889888,0.2,0.0,0.707416,395,DT_395N_S2024267,2003024,수출액 수준: 2023년,한국기업혁신조사 > 2025년도 조사(서비스 부문) > 매출액 및 수출액 수준,0.889045,0.2,0.0,0.706784,395,DT_395N_S2024265,2003024,수출액 수준: 2022년,한국기업혁신조사 > 2025년도 조사(서비스 부문) > 매출액 및 수출액 수준,0.886552,0.2,0.0,0.704914,395,DT_395N_S2022296,2003024,수출액 수준: 2021년,한국기업혁신조사 > 2023년도 조사(서비스 부문) > 매출액 및 수출액 수준,0.885483,0.2,0.0,0.704112,395,DT_395N_S2023300,2003024,수출액 수준: 2023년,한국기업혁신조사 > 2024년도 조사(제조업 부문) > 매출액 및 수출액 수준,0.88401,0.2,0.0,0.703007
A0018-C001,A0018-C001-m2,A0018,반도체 덕에… 지난해 수출 6838억달러 역대 최대,2025-01-02,https://www.chosun.com/economy/economy_general/2025/01/02/6MYGM52QIVHUJBIZYYFBUW5IQM,작년 한 해 전체 수출액이 6838억달러(약 1006조원)로 2023년에 비해 8.2% 증가했다고 산업통상자원부와 관세청이 1일 밝혔다.,,,국내공식통계,Y,무역,수출액,"반도체, 수출액, 역대 최대",-,-,-,,-,-,-,2024,-,Y,확정,1006조원,KOSIS_VALUE,hcx,수출액,-,2024,Y,hcx,현재값,1.006E+15,-,-,Y,원,수준값,증가,전년,[검증 대상 문장] 작년 한 해 전체 수출액이 6838억달러(약 1006조원)로 2023년에 비해 8.2% 증가했다고 산업통상자원부와 관세청이 1일 밝혔다.,high,N,-,N,0,0,HCX-007,v1.6-prev2-context,2026-07-30,수출액,,2024,Y,원,원,currency,amount,unspecified,,Y,,,Y,MAP000057,"query: 측정지표: 수출액
통계 검색어: 반도체, 수출액, 역대 최대
분야: 무역
기사 주장: 작년 한 해 전체 수출액이 6838억달러(약 1006조원)로 2023년에 비해 8.2% 증가했다고 산업통상자원부와 관세청이 1일 밝혔다.",success,20,0.000632,high,395,DT_395N_S2022300,2003024,수출액 수준: 2022년,한국기업혁신조사 > 2023년도 조사(서비스 부문) > 매출액 및 수출액 수준,0.889888,0.2,0.0,0.707416,395,DT_395N_S2024267,2003024,수출액 수준: 2023년,한국기업혁신조사 > 2025년도 조사(서비스 부문) > 매출액 및 수출액 수준,0.889045,0.2,0.0,0.706784,395,DT_395N_S2024265,2003024,수출액 수준: 2022년,한국기업혁신조사 > 2025년도 조사(서비스 부문) > 매출액 및 수출액 수준,0.886552,0.2,0.0,0.704914,395,DT_395N_S2022296,2003024,수출액 수준: 2021년,한국기업혁신조사 > 2023년도 조사(서비스 부문) > 매출액 및 수출액 수준,0.885483,0.2,0.0,0.704112,395,DT_395N_S2023300,2003024,수출액 수준: 2023년,한국기업혁신조사 > 2024년도 조사(제조업 부문) > 매출액 및 수출액 수준,0.88401,0.2,0.0,0.703007
A0018-C001,A0018-C001-m3,A0018,반도체 덕에… 지난해 수출 6838억달러 역대 최대,2025-01-02,https://www.chosun.com/economy/economy_general/2025/01/02/6MYGM52QIVHUJBIZYYFBUW5IQM,작년 한 해 전체 수출액이 6838억달러(약 1006조원)로 2023년에 비해 8.2% 증가했다고 산업통상자원부와 관세청이 1일 밝혔다.,,,국내공식통계,Y,무역,수출액 증감률,"반도체, 수출액, 역대 최대",-,-,-,,-,-,-,2023,-,Y,확정,8.20%,KOSIS_VALUE,hcx,수출액 증감률,-,2023,Y,hcx,증감률,8.2,-,-,N,%,증감률,증가,전년,[검증 대상 문장] 작년 한 해 전체 수출액이 6838억달러(약 1006조원)로 2023년에 비해 8.2% 증가했다고 산업통상자원부와 관세청이 1일 밝혔다.,high,N,-,N,0,0,HCX-007,v1.6-prev2-context,2026-07-30,수출액,,2024,Y,%,%,rate,rate_change,unspecified,2022,Y,,,Y,MAP000058,"query: 측정지표: 수출액 증감률
대표지표: 수출액
통계 검색어: 반도체, 수출액, 역대 최대
분야: 무역
기사 주장: 작년 한 해 전체 수출액이 6838억달러(약 1006조원)로 2023년에 비해 8.2% 증가했다고 산업통상자원부와 관세청이 1일 밝혔다.",success,20,0.00016,high,395,DT_395N_S2022300,2003024,수출액 수준: 2022년,한국기업혁신조사 > 2023년도 조사(서비스 부문) > 매출액 및 수출액 수준,0.892478,0.166667,0.0,0.702692,395,DT_395N_S2024267,2003024,수출액 수준: 2023년,한국기업혁신조사 > 2025년도 조사(서비스 부문) > 매출액 및 수출액 수준,0.892264,0.166667,0.0,0.702532,127,DT_127010_008,2018022,전년 대비 수출액 증감 현황 및 이유,클라우드산업실태조사,0.8905,0.166667,0.0,0.701208,395,DT_395N_S2024265,2003024,수출액 수준: 2022년,한국기업혁신조사 > 2025년도 조사(서비스 부문) > 매출액 및 수출액 수준,0.890062,0.166667,0.0,0.70088,395,DT_395N_S2022296,2003024,수출액 수준: 2021년,한국기업혁신조사 > 2023년도 조사(서비스 부문) > 매출액 및 수출액 수준,0.888359,0.166667,0.0,0.699603
A0018-C002,A0018-C002-m2,A0018,반도체 덕에… 지난해 수출 6838억달러 역대 최대,2025-01-02,https://www.chosun.com/economy/economy_general/2025/01/02/6MYGM52QIVHUJBIZYYFBUW5IQM,기존 역대 최대 규모였던 2022년 기록(6836억달러)을 2억달러 웃돌아 역대 최대 수출 실적을 달성했다.,작년 한 해 전체 수출액이 6838억달러(약 1006조원)로 2023년에 비해 8.2% 증가했다고 산업통상자원부와 관세청이 1일 밝혔다.,,국내공식통계,N,무역,수출액,"반도체, 수출, 역대 최대 실적",-,-,-,,-,-,-,2022,-,Y,확정,2억달러,KOSIS_VALUE,hcx,수출액,-,2022,Y,hcx,현재값,200000000,-,-,N,달러,수준값,증가,전년동기,기존 역대 최대 규모였던 2022년 기록(6836억달러)을 2억달러 웃돌아 역대 최대 수출 실적을 달성했다.,high,N,-,N,0,0,HCX-007,v1.6-prev2-context,2026-07-30,수출액,,2024,Y,달러,달러,currency,amount,unspecified,,Y,,,N,MAP000059,"query: 측정지표: 수출액
통계 검색어: 반도체, 수출, 역대 최대 실적
분야: 무역
기사 주장: 기존 역대 최대 규모였던 2022년 기록(6836억달러)을 2억달러 웃돌아 역대 최대 수출 실적을 달성했다.",success,20,0.021371,high,115,DT_115036_A014,2022038,판매 - 수출 실적,중견기업경기전망조사 > 중견기업 > 전체,0.864436,0.285714,0.0,0.70547,395,DT_395N_S2024265,2003024,수출액 수준: 2022년,한국기업혁신조사 > 2025년도 조사(서비스 부문) > 매출액 및 수출액 수준,0.874037,0.142857,0.0,0.684099,395,DT_395N_S2022300,2003024,수출액 수준: 2022년,한국기업혁신조사 > 2023년도 조사(서비스 부문) > 매출액 및 수출액 수준,0.873918,0.142857,0.0,0.68401,395,DT_395N_I2021300,2003024,수출액 수준: 2021년,한국기업혁신조사 > 2022년도 조사(제조업 부문) > 매출액 및 수출액 수준,0.871746,0.142857,0.0,0.682381,395,DT_395N_S2023298,2003024,수출액 수준: 2022년,한국기업혁신조사 > 2024년도 조사(제조업 부문) > 매출액 및 수출액 수준,0.869888,0.142857,0.0,0.680987
A0018-C003,A0018-C003-m1,A0018,반도체 덕에… 지난해 수출 6838억달러 역대 최대,2025-01-02,https://www.chosun.com/economy/economy_general/2025/01/02/6MYGM52QIVHUJBIZYYFBUW5IQM,주력 수출 품목인 반도체 수출액이 1419억달러로 역대 최대치를 고쳐 쓰면서 수출 증가세를 주도했다.,기존 역대 최대 규모였던 2022년 기록(6836억달러)을 2억달러 웃돌아 역대 최대 수출 실적을 달성했다.,작년 한 해 전체 수출액이 6838억달러(약 1006조원)로 2023년에 비해 8.2% 증가했다고 산업통상자원부와 관세청이 1일 밝혔다.,국내공식통계,N,무역,수출액,"반도체, 수출액, 역대 최대치",-,-,-,반도체,-,-,-,2024,-,Y,확정,1419억달러,KOSIS_VALUE,hcx,수출액,반도체,2024,Y,hcx,현재값,1.419E+11,-,-,N,달러,수준값,증가,전년,주력 수출 품목인 반도체 수출액이 1419억달러로 역대 최대치를 고쳐 쓰면서 수출 증가세를 주도했다.,high,N,-,N,0,0,HCX-007,v1.6-prev2-context,2026-07-30,수출액,반도체,2024,Y,달러,달러,currency,amount,item,,Y,,,Y,MAP000060,"query: 측정지표: 수출액
통계 검색어: 반도체, 수출액, 역대 최대치
세부항목: 반도체
분야: 무역
기사 주장: 주력 수출 품목인 반도체 수출액이 1419억달러로 역대 최대치를 고쳐 쓰면서 수출 증가세를 주도했다.",success,20,0.000195,high,183,DT_12701N_034,2015003,국가별 수출액-기업체,우주산업및항공제조산업실태조사 > 2023년 이전,0.874798,0.2,0.0,0.696098,127,DT_127010_008,2018022,전년 대비 수출액 증감 현황 및 이유,클라우드산업실태조사,0.874537,0.2,0.0,0.695903,127,TX_374_2009_H1033,1998012,방송기기 수출액,ICT주요품목동향조사 > 2008년 이전 > 정보통신산업,0.873858,0.2,0.0,0.695394,127,TX_374_2009_H1037,1998012,부품 수출액,ICT주요품목동향조사 > 2008년 이전 > 정보통신산업,0.872766,0.2,0.0,0.694575,127,TX_374_2009_H1025,1998012,무선통신기기 수출액,ICT주요품목동향조사 > 2008년 이전 > 정보통신산업,0.872356,0.2,0.0,0.694267
A0018-C004,A0018-C004-m1,A0018,반도체 덕에… 지난해 수출 6838억달러 역대 최대,2025-01-02,https://www.chosun.com/economy/economy_general/2025/01/02/6MYGM52QIVHUJBIZYYFBUW5IQM,"작년 한국의 수입액은 전년보다 1.6% 감소한 6320억달러로, 518억달러의 무역 흑자를 기록했다.",주력 수출 품목인 반도체 수출액이 1419억달러로 역대 최대치를 고쳐 쓰면서 수출 증가세를 주도했다.,기존 역대 최대 규모였던 2022년 기록(6836억달러)을 2억달러 웃돌아 역대 최대 수출 실적을 달성했다.,국내공식통계,Y,무역,수입액 증감률,"한국, 수출, 수입액, 무역 흑자",-,-,-,,-,-,-,2024,-,Y,확정,1.60%,KOSIS_VALUE,hcx,수입액 증감률,-,2024,Y,hcx,증감률,1.6,-,-,N,%,증감률,감소,전년,"작년 한국의 수입액은 전년보다 1.6% 감소한 6320억달러로, 518억달러의 무역 흑자를 기록했다.",high,N,-,Y,0,0,HCX-007,v1.6-prev2-context,2026-07-30,수입액,,2024,Y,%,%,rate,rate_change,unspecified,2023,Y,,,Y,MAP000061,"query: 측정지표: 수입액 증감률
대표지표: 수입액
통계 검색어: 한국, 수출, 수입액, 무역 흑자
분야: 무역
기사 주장: 작년 한국의 수입액은 전년보다 1.6% 감소한 6320억달러로, 518억달러의 무역 흑자를 기록했다.",success,20,0.03205,medium,127,DT_127005_005,1996008,수출 및 수입액,ICT실태조사,0.881114,0.333333,0.0,0.727502,360,DT_1R11006_FRM101,1976045,"국가별 수출액, 수입액",SITC에의한무역통계,0.882825,0.166667,0.0,0.695452,183,DT_12701N_019,2015003,국가별 수입액-기업체,우주산업및항공제조산업실태조사 > 2023년 이전,0.882686,0.166667,0.0,0.695348,183,DT_12701N_018,2015003,국가별 수입액-전체,우주산업및항공제조산업실태조사 > 2023년 이전,0.876234,0.166667,0.0,0.690509,127,DT_127010_008,2018022,전년 대비 수출액 증감 현황 및 이유,클라우드산업실태조사,0.883676,0.0,0.0,0.662757
A0018-C004,A0018-C004-m2,A0018,반도체 덕에… 지난해 수출 6838억달러 역대 최대,2025-01-02,https://www.chosun.com/economy/economy_general/2025/01/02/6MYGM52QIVHUJBIZYYFBUW5IQM,"작년 한국의 수입액은 전년보다 1.6% 감소한 6320억달러로, 518억달러의 무역 흑자를 기록했다.",주력 수출 품목인 반도체 수출액이 1419억달러로 역대 최대치를 고쳐 쓰면서 수출 증가세를 주도했다.,기존 역대 최대 규모였던 2022년 기록(6836억달러)을 2억달러 웃돌아 역대 최대 수출 실적을 달성했다.,국내공식통계,Y,무역,수입액,"한국, 수출, 수입액, 무역 흑자",-,-,-,,-,-,-,2024,-,Y,확정,6320억달러,KOSIS_VALUE,hcx,수입액,-,2024,Y,hcx,현재값,6.32E+11,-,-,N,달러,수준값,감소,전년,"작년 한국의 수입액은 전년보다 1.6% 감소한 6320억달러로, 518억달러의 무역 흑자를 기록했다.",high,N,-,Y,0,0,HCX-007,v1.6-prev2-context,2026-07-30,수입액,,2024,Y,달러,달러,currency,amount,unspecified,,Y,,,Y,MAP000062,"query: 측정지표: 수입액
통계 검색어: 한국, 수출, 수입액, 무역 흑자
분야: 무역
기사 주장: 작년 한국의 수입액은 전년보다 1.6% 감소한 6320억달러로, 518억달러의 무역 흑자를 기록했다.",success,20,0.038764,medium,127,DT_127005_005,1996008,수출 및 수입액,ICT실태조사,0.880235,0.4,0.0,0.740176,183,DT_12701N_019,2015003,국가별 수입액-기업체,우주산업및항공제조산업실태조사 > 2023년 이전,0.881882,0.2,0.0,0.701412,360,DT_1R11006_FRM101,1976045,"국가별 수출액, 수입액",SITC에의한무역통계,0.881487,0.2,0.0,0.701115,183,DT_12701N_018,2015003,국가별 수입액-전체,우주산업및항공제조산업실태조사 > 2023년 이전,0.875002,0.2,0.0,0.696252,410,DT_410001N_A004,2014003,환경기술분야 국가별 수입액 현황,환경기술실태조사,0.874903,0.2,0.0,0.696177
A0018-C004,A0018-C004-m3,A0018,반도체 덕에… 지난해 수출 6838억달러 역대 최대,2025-01-02,https://www.chosun.com/economy/economy_general/2025/01/02/6MYGM52QIVHUJBIZYYFBUW5IQM,"작년 한국의 수입액은 전년보다 1.6% 감소한 6320억달러로, 518억달러의 무역 흑자를 기록했다.",주력 수출 품목인 반도체 수출액이 1419억달러로 역대 최대치를 고쳐 쓰면서 수출 증가세를 주도했다.,기존 역대 최대 규모였던 2022년 기록(6836억달러)을 2억달러 웃돌아 역대 최대 수출 실적을 달성했다.,국내공식통계,Y,무역,무역 흑자,"한국, 수출, 수입액, 무역 흑자",-,-,-,,-,-,-,2024,-,Y,확정,518억달러,KOSIS_VALUE,hcx,무역 흑자,-,2024,Y,hcx,현재값,51800000000,-,-,N,달러,수준값,감소,전년,"작년 한국의 수입액은 전년보다 1.6% 감소한 6320억달러로, 518억달러의 무역 흑자를 기록했다.",high,N,-,Y,0,0,HCX-007,v1.6-prev2-context,2026-07-30,수입액,,2024,Y,달러,달러,currency,amount,unspecified,,Y,,,Y,MAP000063,"query: 측정지표: 무역 흑자
대표지표: 수입액
통계 검색어: 한국, 수출, 수입액, 무역 흑자
분야: 무역
기사 주장: 작년 한국의 수입액은 전년보다 1.6% 감소한 6320억달러로, 518억달러의 무역 흑자를 기록했다.",success,20,0.038452,medium,127,DT_127005_005,1996008,수출 및 수입액,ICT실태조사,0.880302,0.4,0.0,0.740227,360,DT_1R11006_FRM101,1976045,"국가별 수출액, 수입액",SITC에의한무역통계,0.882366,0.2,0.0,0.701775,183,DT_12701N_019,2015003,국가별 수입액-기업체,우주산업및항공제조산업실태조사 > 2023년 이전,0.880476,0.2,0.0,0.700357,410,DT_410001N_A004,2014003,환경기술분야 국가별 수입액 현황,환경기술실태조사,0.874432,0.2,0.0,0.695824,410,DT_410001N_B005,2014003,환경기술분야 국가별 수입액,환경기술실태조사,0.874292,0.2,0.0,0.695719
A0018-C005,A0018-C005-m1,A0018,반도체 덕에… 지난해 수출 6838억달러 역대 최대,2025-01-02,https://www.chosun.com/economy/economy_general/2025/01/02/6MYGM52QIVHUJBIZYYFBUW5IQM,작년 흑자 폭은 2018년(697억달러 흑자) 이후 6년 만에 최대다.,"작년 한국의 수입액은 전년보다 1.6% 감소한 6320억달러로, 518억달러의 무역 흑자를 기록했다.",주력 수출 품목인 반도체 수출액이 1419억달러로 역대 최대치를 고쳐 쓰면서 수출 증가세를 주도했다.,국내공식통계,N,무역,흑자 폭,"수출, 흑자, 무역",-,-,-,,-,-,-,2018,-,Y,확정,697억달러,KOSIS_VALUE,hcx,흑자 폭,-,2018,Y,hcx,현재값,69700000000,-,-,N,달러,수준값,-,전년,작년 흑자 폭은 2018년(697억달러 흑자) 이후 6년 만에 최대다.,high,N,-,N,0,0,HCX-007,v1.6-prev2-context,2026-07-30,흑자 폭,,2024,Y,달러,달러,currency,amount,unspecified,,Y,,,Y,MAP000064,"query: 측정지표: 흑자 폭
통계 검색어: 수출, 흑자, 무역
분야: 무역
기사 주장: 작년 흑자 폭은 2018년(697억달러 흑자) 이후 6년 만에 최대다.",success,20,0.065658,low,127,DT_127005_005,1996008,수출 및 수입액,ICT실태조사,0.875056,0.333333,0.0,0.722959,136,DT_13622_2017081,2001010,지난 한 해 투입노동력,임업경영실태조사 > 2019년이전 > 임업경영인 > 비용부문 > 2017년,0.876401,0.0,0.0,0.657301,136,DT_136022_2017_02_016,2001010,지난 한 해 지출한 비용,임업경영실태조사 > 2019년이전 > 목조건축업 > 수입/비용부문 > 2017년,0.875771,0.0,0.0,0.656828,142,DT_D15014_249,2007272,규모별/업종별 최근 2년간 시장수요,장애인기업실태조사 > 2015년 > 재무 관련 사항,0.875385,0.0,0.0,0.656539,115,DT_110534N_839,2016003,매출액 대비 수출액 비중,뿌리산업실태조사 > 2020년 이전 > 해외진출 현황,0.875242,0.0,0.0,0.656432
A0018-C008,A0018-C008-m1,A0018,반도체 덕에… 지난해 수출 6838억달러 역대 최대,2025-01-02,https://www.chosun.com/economy/economy_general/2025/01/02/6MYGM52QIVHUJBIZYYFBUW5IQM,작년 12월 수출은 613억8000만달러로 1년 전 대비 6.6% 늘어 한 달 전(1.4%)에 비해 오름폭을 키웠다.,작년 수출이 역대 최대 실적을 달성한 것은 4개월 연속 둔화세를 보이던 수출이 지난달 선방했기 때문이다.,무역수지는 반도체 수출 부진 여파로 2022·2023년 2년 연속 적자를 봤다가 작년에 3년 만에 다시 흑자로 돌아섰다.,국내공식통계,Y,무역,수출액,"반도체, 수출, 무역수지, 흑자",-,-,-,반도체,-,-,-,2024,-,Y,확정,613억8000만달러,KOSIS_VALUE,hcx,수출액,반도체,2024,Y,hcx,현재값,61380000000,-,-,N,달러,수준값,증가,전년,작년 12월 수출은 613억8000만달러로 1년 전 대비 6.6% 늘어 한 달 전(1.4%)에 비해 오름폭을 키웠다.,high,N,-,Y,0,0,HCX-007,v1.6-prev2-context,2026-07-30,수출액,반도체,2024,Y,달러,달러,currency,amount,item,,Y,,,N,MAP000065,"query: 측정지표: 수출액
통계 검색어: 반도체, 수출, 무역수지, 흑자
세부항목: 반도체
분야: 무역
기사 주장: 작년 12월 수출은 613억8000만달러로 1년 전 대비 6.6% 늘어 한 달 전(1.4%)에 비해 오름폭을 키웠다.",success,20,0.003418,high,127,DT_127010_008,2018022,전년 대비 수출액 증감 현황 및 이유,클라우드산업실태조사,0.879146,0.166667,0.0,0.692693,115,DT_110534N_839,2016003,매출액 대비 수출액 비중,뿌리산업실태조사 > 2020년 이전 > 해외진출 현황,0.874589,0.166667,0.0,0.689275,360,DT_1R11006_FRM101,1976045,"국가별 수출액, 수입액",SITC에의한무역통계,0.873437,0.166667,0.0,0.688411,183,DT_12701N_034,2015003,국가별 수출액-기업체,우주산업및항공제조산업실태조사 > 2023년 이전,0.873412,0.166667,0.0,0.688392,127,DT_127010_005,2018022,클라우드 부문 수출액,클라우드산업실태조사,0.870892,0.166667,0.0,0.686502
A0018-C008,A0018-C008-m2,A0018,반도체 덕에… 지난해 수출 6838억달러 역대 최대,2025-01-02,https://www.chosun.com/economy/economy_general/2025/01/02/6MYGM52QIVHUJBIZYYFBUW5IQM,작년 12월 수출은 613억8000만달러로 1년 전 대비 6.6% 늘어 한 달 전(1.4%)에 비해 오름폭을 키웠다.,작년 수출이 역대 최대 실적을 달성한 것은 4개월 연속 둔화세를 보이던 수출이 지난달 선방했기 때문이다.,무역수지는 반도체 수출 부진 여파로 2022·2023년 2년 연속 적자를 봤다가 작년에 3년 만에 다시 흑자로 돌아섰다.,국내공식통계,Y,무역,수출 증가율,"반도체, 수출, 무역수지, 흑자",-,-,-,반도체,-,-,-,2024,-,Y,확정,6.60%,KOSIS_VALUE,hcx,수출 증가율,반도체,2024,Y,hcx,현재값,6.6,-,-,N,%,증감률,증가,전월,작년 12월 수출은 613억8000만달러로 1년 전 대비 6.6% 늘어 한 달 전(1.4%)에 비해 오름폭을 키웠다.,high,N,-,Y,0,0,HCX-007,v1.6-prev2-context,2026-07-30,수출액,반도체,2024,Y,%,%,rate,rate_change,item,,Y,,,N,MAP000066,"query: 측정지표: 수출 증가율
대표지표: 수출액
통계 검색어: 반도체, 수출, 무역수지, 흑자
세부항목: 반도체
분야: 무역
기사 주장: 작년 12월 수출은 613억8000만달러로 1년 전 대비 6.6% 늘어 한 달 전(1.4%)에 비해 오름폭을 키웠다.",success,20,0.042781,high,360,DT_36005_A017,2002013,반도체 항목별 EBSI 전망,수출산업경기전망조사 > 품목별 수출경기 EBSI > 2009년 2/4분기 이후,0.869018,0.142857,1.0,0.730335,127,DT_127010_008,2018022,전년 대비 수출액 증감 현황 및 이유,클라우드산업실태조사,0.878643,0.142857,0.0,0.687554,115,DT_110534N_839,2016003,매출액 대비 수출액 비중,뿌리산업실태조사 > 2020년 이전 > 해외진출 현황,0.875112,0.142857,0.0,0.684905,360,DT_1R11006_FRM101,1976045,"국가별 수출액, 수입액",SITC에의한무역통계,0.87374,0.142857,0.0,0.683876,183,DT_12701N_034,2015003,국가별 수출액-기업체,우주산업및항공제조산업실태조사 > 2023년 이전,0.872863,0.142857,0.0,0.683219
A0018-C008,A0018-C008-m4,A0018,반도체 덕에… 지난해 수출 6838억달러 역대 최대,2025-01-02,https://www.chosun.com/economy/economy_general/2025/01/02/6MYGM52QIVHUJBIZYYFBUW5IQM,작년 12월 수출은 613억8000만달러로 1년 전 대비 6.6% 늘어 한 달 전(1.4%)에 비해 오름폭을 키웠다.,작년 수출이 역대 최대 실적을 달성한 것은 4개월 연속 둔화세를 보이던 수출이 지난달 선방했기 때문이다.,무역수지는 반도체 수출 부진 여파로 2022·2023년 2년 연속 적자를 봤다가 작년에 3년 만에 다시 흑자로 돌아섰다.,국내공식통계,Y,무역,수출 증가율,"반도체, 수출, 무역수지, 흑자",-,-,-,반도체,-,-,-,2024,-,Y,확정,1.40%,KOSIS_VALUE,hcx,수출 증가율,반도체,2024,Y,hcx,참고값,1.4,-,-,N,%,증감률,증가,전월,작년 12월 수출은 613억8000만달러로 1년 전 대비 6.6% 늘어 한 달 전(1.4%)에 비해 오름폭을 키웠다.,high,N,-,Y,0,0,HCX-007,v1.6-prev2-context,2026-07-30,수출액,반도체,2024,Y,%,%,rate,rate_change,item,,Y,,,N,MAP000067,"query: 측정지표: 수출 증가율
대표지표: 수출액
통계 검색어: 반도체, 수출, 무역수지, 흑자
세부항목: 반도체
분야: 무역
기사 주장: 작년 12월 수출은 613억8000만달러로 1년 전 대비 6.6% 늘어 한 달 전(1.4%)에 비해 오름폭을 키웠다.",success,20,0.042781,high,360,DT_36005_A017,2002013,반도체 항목별 EBSI 전망,수출산업경기전망조사 > 품목별 수출경기 EBSI > 2009년 2/4분기 이후,0.869018,0.142857,1.0,0.730335,127,DT_127010_008,2018022,전년 대비 수출액 증감 현황 및 이유,클라우드산업실태조사,0.878643,0.142857,0.0,0.687554,115,DT_110534N_839,2016003,매출액 대비 수출액 비중,뿌리산업실태조사 > 2020년 이전 > 해외진출 현황,0.875112,0.142857,0.0,0.684905,360,DT_1R11006_FRM101,1976045,"국가별 수출액, 수입액",SITC에의한무역통계,0.87374,0.142857,0.0,0.683876,183,DT_12701N_034,2015003,국가별 수출액-기업체,우주산업및항공제조산업실태조사 > 2023년 이전,0.872863,0.142857,0.0,0.683219
A0018-C010,A0018-C010-m2,A0018,반도체 덕에… 지난해 수출 6838억달러 역대 최대,2025-01-02,https://www.chosun.com/economy/economy_general/2025/01/02/6MYGM52QIVHUJBIZYYFBUW5IQM,수출 증가율은 작년 8월(10.9%)부터 11월까지 꺾이다가 지난달 들어 반도체 수출이 31.5% 불어나며 오름세로 돌아섰다.,지난달 수출액은 월간 기준으로 역대 최고치다.,작년 12월 수출은 613억8000만달러로 1년 전 대비 6.6% 늘어 한 달 전(1.4%)에 비해 오름폭을 키웠다.,국내공식통계,Y,무역,수출 증가율,"반도체, 수출액, 수출 증가율",-,-,-,반도체,-,-,-,2024,-,M,확정,31.50%,KOSIS_VALUE,hcx,수출 증가율,반도체,2024,M,hcx,증감률,31.5,-,-,N,%,증감률,증가,전년동월,수출 증가율은 작년 8월(10.9%)부터 11월까지 꺾이다가 지난달 들어 반도체 수출이 31.5% 불어나며 오름세로 돌아섰다.,high,Y,measurement_binding_fallback:1;measurement_period_ungrounded:1,N,0,1,HCX-007,v1.6-prev2-context,2026-07-30,수출액,반도체,2024,M,%,%,rate,rate_change,item,2023,Y,,,N,MAP000068,"query: 측정지표: 수출 증가율
대표지표: 수출액
통계 검색어: 반도체, 수출액, 수출 증가율
세부항목: 반도체
분야: 무역
기사 주장: 수출 증가율은 작년 8월(10.9%)부터 11월까지 꺾이다가 지난달 들어 반도체 수출이 31.5% 불어나며 오름세로 돌아섰다.",success,20,0.054098,high,360,DT_36005_A017,2002013,반도체 항목별 EBSI 전망,수출산업경기전망조사 > 품목별 수출경기 EBSI > 2009년 2/4분기 이후,0.883226,0.2,1.0,0.75242,127,DT_127010_008,2018022,전년 대비 수출액 증감 현황 및 이유,클라우드산업실태조사,0.877762,0.2,0.0,0.698322,183,DT_12701N_034,2015003,국가별 수출액-기업체,우주산업및항공제조산업실태조사 > 2023년 이전,0.87213,0.2,0.0,0.694097,115,DT_110534N_839,2016003,매출액 대비 수출액 비중,뿌리산업실태조사 > 2020년 이전 > 해외진출 현황,0.87097,0.2,0.0,0.693227,142,DT_D23058,2007272,수출 관련 애로사항 여부,장애인기업실태조사 > 2023년 > 경영활동 현황,0.870518,0.2,0.0,0.692888
A0020-C018,A0020-C018-m2,A0020,채용·인력배치 로봇 혁명… “관리·설계직 더 뽑고 야근도 확 줄어”,2025-01-02,https://www.chosun.com/economy/economy_general/2025/01/02/A7CI5RF3WNDZ3IYINXCYLMBVS4,2016년 135명이던 직원은 현재는 120명 정도다.,3300여㎡(1000평)가량 공장을 증축했다.,그 과정에서 직원 수는 줄었지만 생산량은 더 늘었다.,국내공식통계,N,고용,직원 수,"채용, 인력배치, 로봇, 관리, 설계직, 야근",-,-,-,,-,-,-,2016,-,Y,확정,135명,KOSIS_VALUE,hcx,직원 수,-,2016,Y,hcx,이전값,135,-,-,N,명,수준값,-,전년,"""2016년 135명이던 직원은 현재는 120명 정도다.""",high,Y,measurement_binding_fallback:1;measurement_period_ungrounded:1,N,0,1,HCX-007,v1.6-prev2-context,2026-07-30,직원 수,,2025,Y,명,명,person_count,count,unspecified,,Y,,,Y,MAP000069,"query: 측정지표: 직원 수
통계 검색어: 채용, 인력배치, 로봇, 관리, 설계직, 야근
분야: 고용
기사 주장: 2016년 135명이던 직원은 현재는 120명 정도다.",success,20,3.1e-05,high,110,DT_110033_A012,2024025,지난 한 해 신규 인력 채용 여부,주소정보산업통계조사,0.890688,0.125,0.0,0.693016,110,DT_110033_A013,2024025,지난 한 해 신규 인력 채용 현황,주소정보산업통계조사,0.890647,0.125,0.0,0.692985,462,DT_462001_046,2022016,직원 채용의 어려움,건축서비스산업실태조사 > 인력 및 근로환경,0.888577,0.125,0.0,0.691433,453,DT_39301_11_077,2003016,인력 부족 현황,여성기업실태조사 > 2010년 > 인사 노무 관리,0.888095,0.125,0.0,0.691071,154,DT_154001_24AA005300,2005064,최근 6개월 주당 평균 근무 시간,가족실태조사 > 2023년 > 일,0.897394,0.0,0.0,0.673046
A0020-C023,A0020-C023-m1,A0020,채용·인력배치 로봇 혁명… “관리·설계직 더 뽑고 야근도 확 줄어”,2025-01-02,https://www.chosun.com/economy/economy_general/2025/01/02/A7CI5RF3WNDZ3IYINXCYLMBVS4,한국로봇산업진흥원에 따르면 로봇화에 뛰어든 우리 기업은 2524곳(2023년 기준)으로 2019년보다 13%가량 증가했다.,기업들의 로봇 도입과 신기술 투자는 늘어나는 추세다.,로봇 한 대를 들여놓으면 직원 10명 몫을 하니 인력을 더 뽑지 않아도 생산량을 늘릴 방법을 찾을 수 있게 됐다는 뜻이다.,국내공식통계,N,고용,로봇화에 뛰어든 기업 수,"로봇, 기업, 고용",-,-,-,,-,-,-,2019,-,Y,확정,13%가량,KOSIS_VALUE,hcx,로봇화에 뛰어든 기업 수,-,2019,Y,hcx,증감률,13,-,-,Y,%,증감률,증가,전년,한국로봇산업진흥원에 따르면 로봇화에 뛰어든 우리 기업은 2524곳(2023년 기준)으로 2019년보다 13%가량 증가했다.,high,N,-,N,0,0,HCX-007,v1.6-prev2-context,2026-07-30,로봇화에 뛰어든 기업 수,,2023,Y,%,%,rate,rate_change,organization,2018,Y,,,Y,MAP000070,"query: 측정지표: 로봇화에 뛰어든 기업 수
통계 검색어: 로봇, 기업, 고용
분야: 고용
기사 주장: 한국로봇산업진흥원에 따르면 로봇화에 뛰어든 우리 기업은 2524곳(2023년 기준)으로 2019년보다 13%가량 증가했다.",success,20,0.001388,high,401,DT_373002_002,2006203,"제조업용 로봇 출하 현황_기계구조, 적용산업별",로봇산업실태조사,0.898972,0.2,0.0,0.714229,401,DT_373002_001,2006203,"제조업용 로봇 생산 현황_기계구조, 적용산업별",로봇산업실태조사,0.897121,0.2,0.0,0.712841,401,DT_401N_012,2006203,로봇산업 부문별 지적재산권 현황,로봇산업실태조사,0.903688,0.0,0.0,0.677766,401,DT_401001_001,2006203,로봇산업 매출 현황,로봇산업실태조사,0.903509,0.0,0.0,0.677632,401,DT_401N_015,2006203,로봇산업 설비투자 현황,로봇산업실태조사,0.902085,0.0,0.0,0.676564
A0020-C028,A0020-C028-m1,A0020,채용·인력배치 로봇 혁명… “관리·설계직 더 뽑고 야근도 확 줄어”,2025-01-02,https://www.chosun.com/economy/economy_general/2025/01/02/A7CI5RF3WNDZ3IYINXCYLMBVS4,"작년 한국산업단지공단이 경남 창원 산단을 중심으로 실시한 조사에 따르면, 이곳 중소제조업체의 40.7%는 “자금 조달이 어렵다”고 대답했다.","로봇화에 뒤처질수록 인건비에 허덕여 매출과 생산율을 올리기 쉽지 않고, 로봇 투자는 더 어려워지는 악순환을 겪는다는 설명이다.","경남 창원의 자동차 부품 업체를 운영하는 하모(58)씨는 “로봇화를 위해 몇억원씩 하는 자금을 조달하는 게 영세기업 입장에선 쉽지 않고, 정부 지원을 받으려고 해도 어느 정도 스마트 공장을 구축한 곳이 먼저 되기 때문에 디지털 전환율이 낮을수록 로봇화는 더 어렵다”고 말했다.",국내공식통계,N,고용,중소제조업체 자금 조달 어려움 비율,"한국산업단지공단, 경남 창원 산단, 중소제조업체, 자금 조달",-,-,-,,-,-,-,2024,-,Y,확정,40.70%,KOSIS_VALUE,hcx,중소제조업체 자금 조달 어려움 비율,-,2024,Y,hcx,현재값,40.7,-,-,N,%,비중,-,전년,"작년 한국산업단지공단이 경남 창원 산단을 중심으로 실시한 조사에 따르면, 이곳 중소제조업체의 40.7%는 ""자금 조달이 어렵다""고 대답했다.",high,N,-,N,0,0,HCX-007,v1.6-prev2-context,2026-07-30,중소제조업체 자금 조달 어려움 비율,,2024,Y,%,%,rate,rate_level,organization,,Y,,,Y,MAP000071,"query: 측정지표: 중소제조업체 자금 조달 어려움 비율
통계 검색어: 한국산업단지공단, 경남 창원 산단, 중소제조업체, 자금 조달
분야: 고용
기사 주장: 작년 한국산업단지공단이 경남 창원 산단을 중심으로 실시한 조사에 따르면, 이곳 중소제조업체의 40.7%는 “자금 조달이 어렵다”고 대답했다.",success,20,0.002144,high,395,DT_395N_S2023133,2003024,자금 조달 시도 여부: 지자체 지원 자금,한국기업혁신조사 > 2024년도 조사(제조업 부문) > 자금 조달 > 자금 조달 시도 여부,0.886378,0.2,0.0,0.704784,395,DT_395N_I2019127,2003024,자금 조달 시도 여부: 지자체 지원 자금,한국기업혁신조사 > 2020년도 조사(제조업 부문) > 자금 조달 > 자금 조달 시도 여부,0.88352,0.2,0.0,0.70264,127,DT_127012_034,2018024,현재 자금조달 어려움 정도 및 이유,ICT중소기업실태조사 > 자금조달및투자현황,0.899183,0.1,0.0,0.694388,303,DT_30303N_749,1979013,사채 조달 이유(복수응답),중소기업금융실태조사 > 2016~2020년 > 신규 자금조달 현황,0.8835,0.1,0.0,0.682625,303,DT_303003_750,1979013,사채 조달 이유(복수응답),중소기업금융실태조사 > 2021년 이후 > 신규 자금조달 현황,0.8835,0.1,0.0,0.682625
A0020-C032,A0020-C032-m2,A0020,채용·인력배치 로봇 혁명… “관리·설계직 더 뽑고 야근도 확 줄어”,2025-01-02,https://www.chosun.com/economy/economy_general/2025/01/02/A7CI5RF3WNDZ3IYINXCYLMBVS4,"대기업이 신기술을 도입한 경우는 24.5%, 중소기업(50인 이상 300인 미만)의 신기술 도입률은 12.1% 정도였다.","작년 중기중앙회와 통계청에 따르면, 로봇 및 인공지능(AI) 등 신기술 도입률은 대기업과 중소기업 간 두 배 이상 차이가 났다.",대기업과 중소기업의 신기술 도입률 격차도 아직 크다.,국내공식통계,N,고용,신기술 도입률,"로봇, 인공지능, 신기술 도입률, 대기업, 중소기업",-,-,-,중소기업,-,-,-,2024,-,Y,확정,12.10%,KOSIS_VALUE,hcx,신기술 도입률,중소기업,2024,Y,hcx,현재값,12.1,-,-,N,%,비중,-,전년,"대기업이 신기술을 도입한 경우는 24.5%, 중소기업(50인 이상 300인 미만)의 신기술 도입률은 12.1% 정도였다.",high,N,-,N,0,0,HCX-007,v1.6-prev2-context,2026-07-30,신기술 도입률,,2024,Y,%,%,rate,level,item,,Y,,,Y,MAP000072,"query: 측정지표: 신기술 도입률
통계 검색어: 로봇, 인공지능, 신기술 도입률, 대기업, 중소기업
세부항목: 중소기업
분야: 고용
기사 주장: 대기업이 신기술을 도입한 경우는 24.5%, 중소기업(50인 이상 300인 미만)의 신기술 도입률은 12.1% 정도였다.",success,20,0.000235,high,142,DT_34006E_017D,1995008,대기업,중소기업기술통계조사 > 2016년 > 기술개발 활동 및 투자현황,0.897824,0.142857,0.0,0.701939,114,DT_114054_069,2018020,로봇 도입 여부,외식업체경영실태조사 > 외식업체 경영실태,0.89751,0.142857,0.0,0.701704,395,DT_395N_S2022274,2003024,디지털 신기술별 도입 여부: 인공지능,한국기업혁신조사 > 2023년도 조사(서비스 부문) > 디지털전환 > 디지털 신기술별 도입 여부,0.89751,0.142857,0.0,0.701704,142,DT_34006H_073,1995008,향후 3년내 인공지능(AI) 기술 도입 계획,중소기업기술통계조사 > 2021년 이후 > 인공지능(AI) 기술도입 의향,0.897494,0.142857,0.0,0.701692,395,DT_395N_I2021274,2003024,디지털 신기술별 도입 여부: 인공지능,한국기업혁신조사 > 2022년도 조사(제조업 부문) > 디지털전환 > 디지털 신기술별 도입 여부,0.897288,0.142857,0.0,0.701537
A0023-C006,A0023-C006-m2,A0023,정부 “올해 경제성장률 1.8%”… 한은 전망보다 더 낮췄다,2025-01-02,https://www.chosun.com/economy/economy_general/2025/01/02/FWT5PD42TZED7JTIXYCIECCFRE,이런 가운데 정부는 소비자 물가 상승률도 한국은행의 물가 안정 목표치(2%)보다 낮은 1.8%로 내다봤다.,정부의 올해 성장률 전망치는 2~2.1%로 추정되는 잠재 성장률(생산 자원을 모두 투입했을 때 물가 상승 없이 최대한 달성할 수 있는 성장률)보다 낮다.,"작년 7월초만 해도 정부는 수출이 살아나면서 내수가 회복될 것으로 기대하고 새해 성장률을 2.2%로 봤었는데, 내수 부진이 장기화하고 비상 계엄과 줄탄핵 등 정치 불확실성이 커지자 6개월 만에 전망치를 0.4%포인트 낮췄다.",국내공식통계,Y,물가,소비자 물가 상승률,"경제성장률, 물가 상승률, 한국은행, 물가 안정 목표치",-,-,-,,-,-,-,2025,-,Y,확정,1.80%,KOSIS_VALUE,hcx,소비자 물가 상승률,-,2025,Y,hcx,현재값,1.8,-,-,N,%,증감률,증가,전년,이런 가운데 정부는 소비자 물가 상승률도 한국은행의 물가 안정 목표치(2%)보다 낮은 1.8%로 내다봤다.,high,N,-,N,0,0,HCX-007,v1.6-prev2-context,2026-07-30,소비자 물가 상승률,,2025,Y,%,%,rate,rate_change,unspecified,2024,Y,,,N,MAP000073,"query: 측정지표: 소비자 물가 상승률
통계 검색어: 경제성장률, 물가 상승률, 한국은행, 물가 안정 목표치
분야: 물가
기사 주장: 이런 가운데 정부는 소비자 물가 상승률도 한국은행의 물가 안정 목표치(2%)보다 낮은 1.8%로 내다봤다.",success,20,0.001184,high,113,DT_113_STBL_1030568,1976046,관광 당일여행 만족도_관광지 물가,국민여행조사 > 국내여행,0.881817,0.142857,0.0,0.689934,113,DT_113_STBL_1030566,1976046,관광여행 만족도_관광지 물가,국민여행조사 > 국내여행,0.880238,0.142857,0.0,0.68875,101,DT_1J22042,1964001,월별 소비자물가 등락률,소비자물가조사,0.889132,0.0,0.0,0.666849,101,DT_1J22041,1964001,연도별 소비자물가 등락률,소비자물가조사,0.888457,0.0,0.0,0.666343,106,DT_106N_35_2024027,2021001,수도요금 인상 시 부담 의향,수돗물먹는실태조사 > 2023년,0.885564,0.0,0.0,0.664173
A0023-C013,A0023-C013-m1,A0023,정부 “올해 경제성장률 1.8%”… 한은 전망보다 더 낮췄다,2025-01-02,https://www.chosun.com/economy/economy_general/2025/01/02/FWT5PD42TZED7JTIXYCIECCFRE,기재부는 우리나라 주력 수출 품목인 메모리반도체의 매출 성장세가 올해 13.4%로 작년(81%)의 16.5% 수준으로 쪼그라들 것이라는 세계반도체무역통계기구(WSTS)의 최근 전망을 인용하기도 했다.,"안덕근 산업통상자원부 장관은 지난달 30일 SK하이닉스 청주캠퍼스에서 열린 반도체 관련 기업 간담회에서 “국내 정치 상황과 미국 트럼프 신정부 출범, 중국의 매서운 추격 등 시장을 둘러싼 불확실성이 크다”고 했었다.",정부가 이날 발표한 새해 수출 증가율 전망치는 6개월 전 전망(6%)과 비교해도 4분의 1 수준이다.,국내공식통계,N,무역,메모리반도체 매출 성장세,"경제성장률, 수출 증가율, 반도체, 메모리반도체, 세계반도체무역통계기구",-,-,-,반도체,-,-,-,2025,-,Y,확정,13.40%,KOSIS_VALUE,hcx,메모리반도체 매출 성장세,반도체,2025,Y,hcx,현재값,13.4,-,-,N,%,수준값,-,전년,"""기재부는 우리나라 주력 수출 품목인 메모리반도체의 매출 성장세가 올해 13.4%로 작년(81%)의 16.5% 수준으로 쪼그라들 것이라는 세계반도체무역통계기구(WSTS)의 최근 전망을 인용하기도 했다.""",high,N,-,N,0,0,HCX-007,v1.6-prev2-context,2026-07-30,메모리반도체 매출 성장세,반도체,2025,Y,%,%,rate,level,item,,Y,,,N,MAP000074,"query: 측정지표: 메모리반도체 매출 성장세
통계 검색어: 경제성장률, 수출 증가율, 반도체, 메모리반도체, 세계반도체무역통계기구
세부항목: 반도체
분야: 무역
기사 주장: 기재부는 우리나라 주력 수출 품목인 메모리반도체의 매출 성장세가 올해 13.4%로 작년(81%)의 16.5% 수준으로 쪼그라들 것이라는 세계반도체무역통계기구(WSTS)의 최근 전망을 인용하기도 했다.",success,20,0.001093,high,329,DT_329004_015,2018058,최근 1년 성장세 및 향후 3년간 성장세 예측,전자문서산업실태조사,0.875965,0.111111,0.0,0.679196,127,DT_127023_A044,2024006,"납품 금액 - 광학, 전자영상장비 개발업",연구산업실태조사 > 매출 현황 및 국내외 경영실태,0.874508,0.111111,0.0,0.678103,142,DT_D23058,2007272,수출 관련 애로사항 여부,장애인기업실태조사 > 2023년 > 경영활동 현황,0.87352,0.111111,0.0,0.677362,127,DT_127023_A043,2024006,"납품 실적(건수) - 광학, 전자영상장비 개발업",연구산업실태조사 > 매출 현황 및 국내외 경영실태,0.873284,0.111111,0.0,0.677185,136,DT_136034_C031,2008038,섬유판 제조업_수입칩 수입 국가별 구입량,목재이용실태조사 > 2013년~2021년 > 섬유판 제조업,0.878122,0.0,0.0,0.658592
A0023-C013,A0023-C013-m2,A0023,정부 “올해 경제성장률 1.8%”… 한은 전망보다 더 낮췄다,2025-01-02,https://www.chosun.com/economy/economy_general/2025/01/02/FWT5PD42TZED7JTIXYCIECCFRE,기재부는 우리나라 주력 수출 품목인 메모리반도체의 매출 성장세가 올해 13.4%로 작년(81%)의 16.5% 수준으로 쪼그라들 것이라는 세계반도체무역통계기구(WSTS)의 최근 전망을 인용하기도 했다.,"안덕근 산업통상자원부 장관은 지난달 30일 SK하이닉스 청주캠퍼스에서 열린 반도체 관련 기업 간담회에서 “국내 정치 상황과 미국 트럼프 신정부 출범, 중국의 매서운 추격 등 시장을 둘러싼 불확실성이 크다”고 했었다.",정부가 이날 발표한 새해 수출 증가율 전망치는 6개월 전 전망(6%)과 비교해도 4분의 1 수준이다.,국내공식통계,N,무역,메모리반도체 매출 성장세,"경제성장률, 수출 증가율, 반도체, 메모리반도체, 세계반도체무역통계기구",-,-,-,반도체,-,-,-,2024,-,Y,확정,81%,KOSIS_VALUE,hcx,메모리반도체 매출 성장세,반도체,2024,Y,hcx,이전값,81,-,-,N,%,수준값,-,전년,"""기재부는 우리나라 주력 수출 품목인 메모리반도체의 매출 성장세가 올해 13.4%로 작년(81%)의 16.5% 수준으로 쪼그라들 것이라는 세계반도체무역통계기구(WSTS)의 최근 전망을 인용하기도 했다.""",high,N,-,N,0,0,HCX-007,v1.6-prev2-context,2026-07-30,메모리반도체 매출 성장세,반도체,2025,Y,%,%,rate,level,item,,Y,,,Y,MAP000075,"query: 측정지표: 메모리반도체 매출 성장세
통계 검색어: 경제성장률, 수출 증가율, 반도체, 메모리반도체, 세계반도체무역통계기구
세부항목: 반도체
분야: 무역
기사 주장: 기재부는 우리나라 주력 수출 품목인 메모리반도체의 매출 성장세가 올해 13.4%로 작년(81%)의 16.5% 수준으로 쪼그라들 것이라는 세계반도체무역통계기구(WSTS)의 최근 전망을 인용하기도 했다.",success,20,0.001093,high,329,DT_329004_015,2018058,최근 1년 성장세 및 향후 3년간 성장세 예측,전자문서산업실태조사,0.875965,0.111111,0.0,0.679196,127,DT_127023_A044,2024006,"납품 금액 - 광학, 전자영상장비 개발업",연구산업실태조사 > 매출 현황 및 국내외 경영실태,0.874508,0.111111,0.0,0.678103,142,DT_D23058,2007272,수출 관련 애로사항 여부,장애인기업실태조사 > 2023년 > 경영활동 현황,0.87352,0.111111,0.0,0.677362,127,DT_127023_A043,2024006,"납품 실적(건수) - 광학, 전자영상장비 개발업",연구산업실태조사 > 매출 현황 및 국내외 경영실태,0.873284,0.111111,0.0,0.677185,136,DT_136034_C031,2008038,섬유판 제조업_수입칩 수입 국가별 구입량,목재이용실태조사 > 2013년~2021년 > 섬유판 제조업,0.878122,0.0,0.0,0.658592
A0023-C013,A0023-C013-m3,A0023,정부 “올해 경제성장률 1.8%”… 한은 전망보다 더 낮췄다,2025-01-02,https://www.chosun.com/economy/economy_general/2025/01/02/FWT5PD42TZED7JTIXYCIECCFRE,기재부는 우리나라 주력 수출 품목인 메모리반도체의 매출 성장세가 올해 13.4%로 작년(81%)의 16.5% 수준으로 쪼그라들 것이라는 세계반도체무역통계기구(WSTS)의 최근 전망을 인용하기도 했다.,"안덕근 산업통상자원부 장관은 지난달 30일 SK하이닉스 청주캠퍼스에서 열린 반도체 관련 기업 간담회에서 “국내 정치 상황과 미국 트럼프 신정부 출범, 중국의 매서운 추격 등 시장을 둘러싼 불확실성이 크다”고 했었다.",정부가 이날 발표한 새해 수출 증가율 전망치는 6개월 전 전망(6%)과 비교해도 4분의 1 수준이다.,국내공식통계,N,무역,메모리반도체 매출 성장세,"경제성장률, 수출 증가율, 반도체, 메모리반도체, 세계반도체무역통계기구",-,-,-,반도체,-,-,-,2025,-,Y,확정,16.50%,KOSIS_VALUE,hcx,메모리반도체 매출 성장세,반도체,2025,Y,hcx,증감률,16.5,-,-,N,%,증감률,-,전년,"""기재부는 우리나라 주력 수출 품목인 메모리반도체의 매출 성장세가 올해 13.4%로 작년(81%)의 16.5% 수준으로 쪼그라들 것이라는 세계반도체무역통계기구(WSTS)의 최근 전망을 인용하기도 했다.""",high,N,-,N,0,0,HCX-007,v1.6-prev2-context,2026-07-30,메모리반도체 매출 성장세,반도체,2025,Y,%,%,rate,rate_change,item,2024,Y,,,N,MAP000076,"query: 측정지표: 메모리반도체 매출 성장세
통계 검색어: 경제성장률, 수출 증가율, 반도체, 메모리반도체, 세계반도체무역통계기구
세부항목: 반도체
분야: 무역
기사 주장: 기재부는 우리나라 주력 수출 품목인 메모리반도체의 매출 성장세가 올해 13.4%로 작년(81%)의 16.5% 수준으로 쪼그라들 것이라는 세계반도체무역통계기구(WSTS)의 최근 전망을 인용하기도 했다.",success,20,0.001093,high,329,DT_329004_015,2018058,최근 1년 성장세 및 향후 3년간 성장세 예측,전자문서산업실태조사,0.875965,0.111111,0.0,0.679196,127,DT_127023_A044,2024006,"납품 금액 - 광학, 전자영상장비 개발업",연구산업실태조사 > 매출 현황 및 국내외 경영실태,0.874508,0.111111,0.0,0.678103,142,DT_D23058,2007272,수출 관련 애로사항 여부,장애인기업실태조사 > 2023년 > 경영활동 현황,0.87352,0.111111,0.0,0.677362,127,DT_127023_A043,2024006,"납품 실적(건수) - 광학, 전자영상장비 개발업",연구산업실태조사 > 매출 현황 및 국내외 경영실태,0.873284,0.111111,0.0,0.677185,136,DT_136034_C031,2008038,섬유판 제조업_수입칩 수입 국가별 구입량,목재이용실태조사 > 2013년~2021년 > 섬유판 제조업,0.878122,0.0,0.0,0.658592
A0023-C022,A0023-C022-m1,A0023,정부 “올해 경제성장률 1.8%”… 한은 전망보다 더 낮췄다,2025-01-02,https://www.chosun.com/economy/economy_general/2025/01/02/FWT5PD42TZED7JTIXYCIECCFRE,"지난달 30일 발표된 통계청의 ‘11월 산업활동동향’에 따르면, 생산은 작년 9월(-0.4%)·10월(-0.2%)·11월(-0.4%) 등 3개월 연속으로 전월 대비 감소했다.",최근 한달새 나온 각종 경기 지표가 부진한 모습을 보인 점도 정부의 보수적인 경기 전망에 한몫했다.,이창용 한국은행 총재도 같은 달 17일 국회 기획재정위원회 현안질의에서 “현재 통과된 예산안은 경제(성장률)에 마이너스(-) 0.06%포인트정도 영향이 있다”고 말했었다.,국내공식통계,Y,생산·산업,산업활동지수,"산업활동동향, 생산, 전월대비, 감소",-,-,-,,-,-,-,2024Q3,-,Q,확정,0.40%,KOSIS_VALUE,hcx,산업활동지수,-,2024Q3,Q,hcx,증감률,0.4,-,-,N,%,증감률,감소,전분기,"지난달 30일 발표된 통계청의 ‘11월 산업활동동향’에 따르면, 생산은 작년 9월(-0.4%)·10월(-0.2%)·11월(-0.4%) 등 3개월 연속으로 전월 대비 감소했다.",high,N,-,N,0,0,HCX-007,v1.6-prev2-context,2026-07-30,산업활동지수,,2024Q4,Q,%,%,rate,rate_change,unspecified,,Y,,,N,MAP000077,"query: 측정지표: 산업활동지수
통계 검색어: 산업활동동향, 생산, 전월대비, 감소
분야: 생산·산업
기사 주장: 지난달 30일 발표된 통계청의 ‘11월 산업활동동향’에 따르면, 생산은 작년 9월(-0.4%)·10월(-0.2%)·11월(-0.4%) 등 3개월 연속으로 전월 대비 감소했다.",success,20,0.004195,high,136,TX_136_2009_H2094,2001010,최근 3년간 생산량 변화 및 감소 이유,임업경영실태조사 > 2019년이전 > 수액 채취업 > 경영의사 > 2015년 이전,0.895379,0.166667,0.0,0.704868,136,TX_136_2009_H2098,2001010,최근 3년간 수액 생산량 및 감소 이유,임업경영실태조사 > 2019년이전 > 수액 채취업 > 경영의사 > 2015년 이전,0.889786,0.166667,0.0,0.700673,136,DT_13622N_A098,2001010,최근 3년간 수액 생산량 변화 및 감소 이유,임업경영실태조사 > 2019년이전 > 수액 채취업 > 경영의사 > 2015년 이전,0.888263,0.166667,0.0,0.69953,136,TX_136_2009_H2241,2001010,최근 3년간 생산량 및 소득 변화 및 소득 감소 이유,임업경영실태조사 > 2019년이전 > 닥·삼지닥 생산업 > 경영의사 > 2007년,0.886872,0.166667,0.0,0.698487,340,DT_J10003,2002009,생산실적SBHI,중소기업경기전망조사 > 2010년 1월 이전,0.886252,0.0,0.0,0.664689
A0023-C022,A0023-C022-m2,A0023,정부 “올해 경제성장률 1.8%”… 한은 전망보다 더 낮췄다,2025-01-02,https://www.chosun.com/economy/economy_general/2025/01/02/FWT5PD42TZED7JTIXYCIECCFRE,"지난달 30일 발표된 통계청의 ‘11월 산업활동동향’에 따르면, 생산은 작년 9월(-0.4%)·10월(-0.2%)·11월(-0.4%) 등 3개월 연속으로 전월 대비 감소했다.",최근 한달새 나온 각종 경기 지표가 부진한 모습을 보인 점도 정부의 보수적인 경기 전망에 한몫했다.,이창용 한국은행 총재도 같은 달 17일 국회 기획재정위원회 현안질의에서 “현재 통과된 예산안은 경제(성장률)에 마이너스(-) 0.06%포인트정도 영향이 있다”고 말했었다.,국내공식통계,Y,생산·산업,산업활동지수,"산업활동동향, 생산, 전월대비, 감소",-,-,-,,-,-,-,2024Q4,-,Q,확정,0.20%,KOSIS_VALUE,hcx,산업활동지수,-,2024Q4,Q,hcx,증감률,0.2,-,-,N,%,증감률,감소,전분기,"지난달 30일 발표된 통계청의 ‘11월 산업활동동향’에 따르면, 생산은 작년 9월(-0.4%)·10월(-0.2%)·11월(-0.4%) 등 3개월 연속으로 전월 대비 감소했다.",high,N,-,N,0,0,HCX-007,v1.6-prev2-context,2026-07-30,산업활동지수,,2024Q4,Q,%,%,rate,rate_change,unspecified,,Y,,,N,MAP000078,"query: 측정지표: 산업활동지수
통계 검색어: 산업활동동향, 생산, 전월대비, 감소
분야: 생산·산업
기사 주장: 지난달 30일 발표된 통계청의 ‘11월 산업활동동향’에 따르면, 생산은 작년 9월(-0.4%)·10월(-0.2%)·11월(-0.4%) 등 3개월 연속으로 전월 대비 감소했다.",success,20,0.004195,high,136,TX_136_2009_H2094,2001010,최근 3년간 생산량 변화 및 감소 이유,임업경영실태조사 > 2019년이전 > 수액 채취업 > 경영의사 > 2015년 이전,0.895379,0.166667,0.0,0.704868,136,TX_136_2009_H2098,2001010,최근 3년간 수액 생산량 및 감소 이유,임업경영실태조사 > 2019년이전 > 수액 채취업 > 경영의사 > 2015년 이전,0.889786,0.166667,0.0,0.700673,136,DT_13622N_A098,2001010,최근 3년간 수액 생산량 변화 및 감소 이유,임업경영실태조사 > 2019년이전 > 수액 채취업 > 경영의사 > 2015년 이전,0.888263,0.166667,0.0,0.69953,136,TX_136_2009_H2241,2001010,최근 3년간 생산량 및 소득 변화 및 소득 감소 이유,임업경영실태조사 > 2019년이전 > 닥·삼지닥 생산업 > 경영의사 > 2007년,0.886872,0.166667,0.0,0.698487,340,DT_J10003,2002009,생산실적SBHI,중소기업경기전망조사 > 2010년 1월 이전,0.886252,0.0,0.0,0.664689
A0023-C023,A0023-C023-m1,A0023,정부 “올해 경제성장률 1.8%”… 한은 전망보다 더 낮췄다,2025-01-02,https://www.chosun.com/economy/economy_general/2025/01/02/FWT5PD42TZED7JTIXYCIECCFRE,설비투자도 작년 10월(-5.9%)·11월(-1.6%) 등 2달 연속 감소했다.,"지난달 30일 발표된 통계청의 ‘11월 산업활동동향’에 따르면, 생산은 작년 9월(-0.4%)·10월(-0.2%)·11월(-0.4%) 등 3개월 연속으로 전월 대비 감소했다.",최근 한달새 나온 각종 경기 지표가 부진한 모습을 보인 점도 정부의 보수적인 경기 전망에 한몫했다.,국내공식통계,Y,생산·산업,설비투자 증감률,"경제성장률, 산업활동동향, 설비투자",-,-,-,,-,-,-,202410,-,M,확정,5.90%,KOSIS_VALUE,hcx,설비투자 증감률,-,202410,M,hcx,증감률,5.9,-,-,N,%,증감률,감소,전월,설비투자도 작년 10월(-5.9%)·11월(-1.6%) 등 2달 연속 감소했다.,high,N,-,N,0,0,HCX-007,v1.6-prev2-context,2026-07-30,설비투자 증감률,,202410,M,%,%,rate,rate_change,unspecified,202409,Y,,,Y,MAP000079,"query: 측정지표: 설비투자 증감률
통계 검색어: 경제성장률, 산업활동동향, 설비투자
분야: 생산·산업
기사 주장: 설비투자도 작년 10월(-5.9%)·11월(-1.6%) 등 2달 연속 감소했다.",success,20,0.001312,high,406,DT_406N_30201_016,1965002,투자동기별 설비투자,설비투자계획조사 > 표준분류 9차_모수추정,0.889791,0.166667,0.0,0.700677,142,DT_C20105,1967005,설비투자 동기,중소기업실태조사 > 1987년 ~ 1991년 > 설비투자,0.888042,0.166667,0.0,0.699365,115,DT_115034_A039,2016003,설비투자,뿌리산업실태조사 > 2020년 이전 > 해외진출 현황,0.887719,0.166667,0.0,0.699123,406,DT_406N_30201_014,1965002,업종별 설비투자,설비투자계획조사 > 표준분류 9차_모수추정,0.887623,0.166667,0.0,0.699051,406,DT_406N_302001_A003,1965002,투자동기별 설비투자,설비투자계획조사 > 표준분류 10차,0.88736,0.166667,0.0,0.698853
A0023-C023,A0023-C023-m2,A0023,정부 “올해 경제성장률 1.8%”… 한은 전망보다 더 낮췄다,2025-01-02,https://www.chosun.com/economy/economy_general/2025/01/02/FWT5PD42TZED7JTIXYCIECCFRE,설비투자도 작년 10월(-5.9%)·11월(-1.6%) 등 2달 연속 감소했다.,"지난달 30일 발표된 통계청의 ‘11월 산업활동동향’에 따르면, 생산은 작년 9월(-0.4%)·10월(-0.2%)·11월(-0.4%) 등 3개월 연속으로 전월 대비 감소했다.",최근 한달새 나온 각종 경기 지표가 부진한 모습을 보인 점도 정부의 보수적인 경기 전망에 한몫했다.,국내공식통계,Y,생산·산업,설비투자 증감률,"경제성장률, 산업활동동향, 설비투자",-,-,-,,-,-,-,202411,-,M,확정,1.60%,KOSIS_VALUE,hcx,설비투자 증감률,-,202411,M,hcx,증감률,1.6,-,-,N,%,증감률,감소,전월,설비투자도 작년 10월(-5.9%)·11월(-1.6%) 등 2달 연속 감소했다.,high,N,-,N,0,0,HCX-007,v1.6-prev2-context,2026-07-30,설비투자 증감률,,202410,M,%,%,rate,rate_change,unspecified,202410,Y,,,Y,MAP000080,"query: 측정지표: 설비투자 증감률
통계 검색어: 경제성장률, 산업활동동향, 설비투자
분야: 생산·산업
기사 주장: 설비투자도 작년 10월(-5.9%)·11월(-1.6%) 등 2달 연속 감소했다.",success,20,0.001312,high,406,DT_406N_30201_016,1965002,투자동기별 설비투자,설비투자계획조사 > 표준분류 9차_모수추정,0.889791,0.166667,0.0,0.700677,142,DT_C20105,1967005,설비투자 동기,중소기업실태조사 > 1987년 ~ 1991년 > 설비투자,0.888042,0.166667,0.0,0.699365,115,DT_115034_A039,2016003,설비투자,뿌리산업실태조사 > 2020년 이전 > 해외진출 현황,0.887719,0.166667,0.0,0.699123,406,DT_406N_30201_014,1965002,업종별 설비투자,설비투자계획조사 > 표준분류 9차_모수추정,0.887623,0.166667,0.0,0.699051,406,DT_406N_302001_A003,1965002,투자동기별 설비투자,설비투자계획조사 > 표준분류 10차,0.88736,0.166667,0.0,0.698853
A0023-C024,A0023-C024-m1,A0023,정부 “올해 경제성장률 1.8%”… 한은 전망보다 더 낮췄다,2025-01-02,https://www.chosun.com/economy/economy_general/2025/01/02/FWT5PD42TZED7JTIXYCIECCFRE,특히 건축·토목 공사 실적을 뜻하는 건설기성은 작년 11월 0.2% 감소해 5월(-4.6%)부터 7개월 연속 마이너스 행진을 이어갔다.,설비투자도 작년 10월(-5.9%)·11월(-1.6%) 등 2달 연속 감소했다.,"지난달 30일 발표된 통계청의 ‘11월 산업활동동향’에 따르면, 생산은 작년 9월(-0.4%)·10월(-0.2%)·11월(-0.4%) 등 3개월 연속으로 전월 대비 감소했다.",국내공식통계,Y,생산·산업,건설기성,"건축·토목 공사 실적, 산업활동동향",-,-,-,,-,-,-,2024Q4,-,Q,확정,0.20%,KOSIS_VALUE,hcx,건설기성,-,2024Q4,Q,hcx,증감률,0.2,-,-,N,%,증감률,감소,전년동기,특히 건축·토목 공사 실적을 뜻하는 건설기성은 작년 11월 0.2% 감소해 5월(-4.6%)부터 7개월 연속 마이너스 행진을 이어갔다.,high,N,-,N,0,0,HCX-007,v1.6-prev2-context,2026-07-30,건설기성 증감률,,2024Q4,Q,%,%,rate,rate_change,unspecified,2023,Y,,,N,MAP000081,"query: 측정지표: 건설기성
대표지표: 건설기성 증감률
통계 검색어: 건축·토목 공사 실적, 산업활동동향
분야: 생산·산업
기사 주장: 특히 건축·토목 공사 실적을 뜻하는 건설기성은 작년 11월 0.2% 감소해 5월(-4.6%)부터 7개월 연속 마이너스 행진을 이어갔다.",success,20,0.001897,high,365,TX_36501_A002,1976011,본사소재지별 계약방법별 발주기관별 공사종류별 기성실적 - 토목,종합건설업조사 > 2012년 이전 > 국내건설공사 기성실적 > 국내건설공사 기성실적(~2012) > 본사소재지별 기성실적,0.886881,0.111111,0.0,0.687383,365,TX_36501_A003,1976011,본사소재지별 계약방법별 발주기관별 공사종류별 기성실적 - 건축,종합건설업조사 > 2012년 이전 > 국내건설공사 기성실적 > 국내건설공사 기성실적(~2012) > 본사소재지별 기성실적,0.884352,0.111111,0.0,0.685486,365,TX_36501_A064,1976011,토건순위별 발주기관별 공사종류별 기성실적,종합건설업조사 > 2012년 이전 > 국내건설공사 기성실적 > 국내건설공사 기성실적(~2012) > 회사규모별 기성실적,0.888545,0.0,0.0,0.666408,369,DT_369001_021,1993034,시도별 도급별 기성실적,설비건설업통계조사 > 최근 > 기성실적,0.887366,0.0,0.0,0.665525,365,DT_365001_A015,1976011,발주기관별 세분공사종류별 기성실적 - 당해년도 계약분,종합건설업조사 > 2013년 이후 > 국내건설공사 기성실적 > 발주기관별 기성실적,0.887086,0.0,0.0,0.665315
A0023-C024,A0023-C024-m2,A0023,정부 “올해 경제성장률 1.8%”… 한은 전망보다 더 낮췄다,2025-01-02,https://www.chosun.com/economy/economy_general/2025/01/02/FWT5PD42TZED7JTIXYCIECCFRE,특히 건축·토목 공사 실적을 뜻하는 건설기성은 작년 11월 0.2% 감소해 5월(-4.6%)부터 7개월 연속 마이너스 행진을 이어갔다.,설비투자도 작년 10월(-5.9%)·11월(-1.6%) 등 2달 연속 감소했다.,"지난달 30일 발표된 통계청의 ‘11월 산업활동동향’에 따르면, 생산은 작년 9월(-0.4%)·10월(-0.2%)·11월(-0.4%) 등 3개월 연속으로 전월 대비 감소했다.",국내공식통계,Y,생산·산업,건설기성,"건축·토목 공사 실적, 산업활동동향",-,-,-,,-,-,-,2024Q4,-,Q,확정,4.60%,KOSIS_VALUE,hcx,건설기성,-,2024Q4,Q,hcx,증감률,4.6,-,-,N,%,증감률,감소,전년동기,특히 건축·토목 공사 실적을 뜻하는 건설기성은 작년 11월 0.2% 감소해 5월(-4.6%)부터 7개월 연속 마이너스 행진을 이어갔다.,high,N,-,N,0,0,HCX-007,v1.6-prev2-context,2026-07-30,건설기성 증감률,,2024Q4,Q,%,%,rate,rate_change,unspecified,2023,Y,,,N,MAP000082,"query: 측정지표: 건설기성
대표지표: 건설기성 증감률
통계 검색어: 건축·토목 공사 실적, 산업활동동향
분야: 생산·산업
기사 주장: 특히 건축·토목 공사 실적을 뜻하는 건설기성은 작년 11월 0.2% 감소해 5월(-4.6%)부터 7개월 연속 마이너스 행진을 이어갔다.",success,20,0.001897,high,365,TX_36501_A002,1976011,본사소재지별 계약방법별 발주기관별 공사종류별 기성실적 - 토목,종합건설업조사 > 2012년 이전 > 국내건설공사 기성실적 > 국내건설공사 기성실적(~2012) > 본사소재지별 기성실적,0.886881,0.111111,0.0,0.687383,365,TX_36501_A003,1976011,본사소재지별 계약방법별 발주기관별 공사종류별 기성실적 - 건축,종합건설업조사 > 2012년 이전 > 국내건설공사 기성실적 > 국내건설공사 기성실적(~2012) > 본사소재지별 기성실적,0.884352,0.111111,0.0,0.685486,365,TX_36501_A064,1976011,토건순위별 발주기관별 공사종류별 기성실적,종합건설업조사 > 2012년 이전 > 국내건설공사 기성실적 > 국내건설공사 기성실적(~2012) > 회사규모별 기성실적,0.888545,0.0,0.0,0.666408,369,DT_369001_021,1993034,시도별 도급별 기성실적,설비건설업통계조사 > 최근 > 기성실적,0.887366,0.0,0.0,0.665525,365,DT_365001_A015,1976011,발주기관별 세분공사종류별 기성실적 - 당해년도 계약분,종합건설업조사 > 2013년 이후 > 국내건설공사 기성실적 > 발주기관별 기성실적,0.887086,0.0,0.0,0.665315
A0023-C025,A0023-C025-m1,A0023,정부 “올해 경제성장률 1.8%”… 한은 전망보다 더 낮췄다,2025-01-02,https://www.chosun.com/economy/economy_general/2025/01/02/FWT5PD42TZED7JTIXYCIECCFRE,소비 지표인 소매판매는 9월(-0.3%)과 10월(-0.8%) 2달 연속 감소하다가 11월 0.4% 증가세로 돌아섰다.,특히 건축·토목 공사 실적을 뜻하는 건설기성은 작년 11월 0.2% 감소해 5월(-4.6%)부터 7개월 연속 마이너스 행진을 이어갔다.,설비투자도 작년 10월(-5.9%)·11월(-1.6%) 등 2달 연속 감소했다.,국내공식통계,Y,소매·소비,소매판매,"경제성장률, 설비투자, 건설기성, 소매판매",-,-,-,,-,-,-,2024Q3,-,Q,확정,0.30%,KOSIS_VALUE,hcx,소매판매,-,2024Q3,Q,hcx,증감률,0.3,-,-,N,%,증감률,감소,전분기,소매판매는 9월(-0.3%)과 10월(-0.8%) 2달 연속 감소하다가 11월 0.4% 증가세로 돌아섰다.,high,N,-,N,0,0,HCX-007,v1.6-prev2-context,2026-07-30,소매판매 증감률,,2024Q3,Q,%,%,rate,rate_change,unspecified,,Y,,,N,MAP000083,"query: 측정지표: 소매판매
대표지표: 소매판매 증감률
통계 검색어: 경제성장률, 설비투자, 건설기성, 소매판매
분야: 소매·소비
기사 주장: 소비 지표인 소매판매는 9월(-0.3%)과 10월(-0.8%) 2달 연속 감소하다가 11월 0.4% 증가세로 돌아섰다.",success,20,0.023464,high,101,DT_2KI2048,2010012,"[자동차판매,소매,음식주점]산업세세분류별 배달(택배) 판매여부 현황",경제총조사 > 등록기반 > 10차 개정 > 2020년 > 특성편 > 기타(광업 및 제조업 이외),0.880742,0.142857,0.0,0.689128,142,DT_142018N_124,2017001,전년대비 공급사 수 증감 현황,소모성자재납품업실태조사 > 물품구매 현황,0.887552,0.0,0.0,0.665664,142,DT_142018N_128,2017001,공급사 교체 시기,소모성자재납품업실태조사 > 물품구매 현황,0.886558,0.0,0.0,0.664918,142,DT_142018N_107,2017001,소모성자재 구매대행업으로 판단한 이유,소모성자재납품업실태조사 > 일반현황,0.884081,0.0,0.0,0.66306,101,DT_1KI1538,2010012,[도소매]산업세세분류별/매출액규모별/상품판매처별 구성비,경제총조사 > 조사기반 > 9차 개정 > 2015년 > 특성편(광제조업10인이상 포함) > 기타(광업 및 제조업 이외),0.881206,0.0,0.0,0.660904
A0023-C025,A0023-C025-m2,A0023,정부 “올해 경제성장률 1.8%”… 한은 전망보다 더 낮췄다,2025-01-02,https://www.chosun.com/economy/economy_general/2025/01/02/FWT5PD42TZED7JTIXYCIECCFRE,소비 지표인 소매판매는 9월(-0.3%)과 10월(-0.8%) 2달 연속 감소하다가 11월 0.4% 증가세로 돌아섰다.,특히 건축·토목 공사 실적을 뜻하는 건설기성은 작년 11월 0.2% 감소해 5월(-4.6%)부터 7개월 연속 마이너스 행진을 이어갔다.,설비투자도 작년 10월(-5.9%)·11월(-1.6%) 등 2달 연속 감소했다.,국내공식통계,Y,소매·소비,소매판매,"경제성장률, 설비투자, 건설기성, 소매판매",-,-,-,,-,-,-,2024Q4,-,Q,확정,0.80%,KOSIS_VALUE,hcx,소매판매,-,2024Q4,Q,hcx,증감률,0.8,-,-,N,%,증감률,감소,전분기,소매판매는 9월(-0.3%)과 10월(-0.8%) 2달 연속 감소하다가 11월 0.4% 증가세로 돌아섰다.,high,N,-,N,0,0,HCX-007,v1.6-prev2-context,2026-07-30,소매판매 증감률,,2024Q3,Q,%,%,rate,rate_change,unspecified,,Y,,,N,MAP000084,"query: 측정지표: 소매판매
대표지표: 소매판매 증감률
통계 검색어: 경제성장률, 설비투자, 건설기성, 소매판매
분야: 소매·소비
기사 주장: 소비 지표인 소매판매는 9월(-0.3%)과 10월(-0.8%) 2달 연속 감소하다가 11월 0.4% 증가세로 돌아섰다.",success,20,0.023464,high,101,DT_2KI2048,2010012,"[자동차판매,소매,음식주점]산업세세분류별 배달(택배) 판매여부 현황",경제총조사 > 등록기반 > 10차 개정 > 2020년 > 특성편 > 기타(광업 및 제조업 이외),0.880742,0.142857,0.0,0.689128,142,DT_142018N_124,2017001,전년대비 공급사 수 증감 현황,소모성자재납품업실태조사 > 물품구매 현황,0.887552,0.0,0.0,0.665664,142,DT_142018N_128,2017001,공급사 교체 시기,소모성자재납품업실태조사 > 물품구매 현황,0.886558,0.0,0.0,0.664918,142,DT_142018N_107,2017001,소모성자재 구매대행업으로 판단한 이유,소모성자재납품업실태조사 > 일반현황,0.884081,0.0,0.0,0.66306,101,DT_1KI1538,2010012,[도소매]산업세세분류별/매출액규모별/상품판매처별 구성비,경제총조사 > 조사기반 > 9차 개정 > 2015년 > 특성편(광제조업10인이상 포함) > 기타(광업 및 제조업 이외),0.881206,0.0,0.0,0.660904
A0023-C025,A0023-C025-m3,A0023,정부 “올해 경제성장률 1.8%”… 한은 전망보다 더 낮췄다,2025-01-02,https://www.chosun.com/economy/economy_general/2025/01/02/FWT5PD42TZED7JTIXYCIECCFRE,소비 지표인 소매판매는 9월(-0.3%)과 10월(-0.8%) 2달 연속 감소하다가 11월 0.4% 증가세로 돌아섰다.,특히 건축·토목 공사 실적을 뜻하는 건설기성은 작년 11월 0.2% 감소해 5월(-4.6%)부터 7개월 연속 마이너스 행진을 이어갔다.,설비투자도 작년 10월(-5.9%)·11월(-1.6%) 등 2달 연속 감소했다.,국내공식통계,Y,소매·소비,소매판매,"경제성장률, 설비투자, 건설기성, 소매판매",-,-,-,,-,-,-,2024Q4,-,Q,확정,0.40%,KOSIS_VALUE,hcx,소매판매,-,2024Q4,Q,hcx,증감률,0.4,-,-,N,%,증감률,증가,전분기,소매판매는 9월(-0.3%)과 10월(-0.8%) 2달 연속 감소하다가 11월 0.4% 증가세로 돌아섰다.,high,N,-,N,0,0,HCX-007,v1.6-prev2-context,2026-07-30,소매판매 증감률,,2024Q3,Q,%,%,rate,rate_change,unspecified,,Y,,,N,MAP000085,"query: 측정지표: 소매판매
대표지표: 소매판매 증감률
통계 검색어: 경제성장률, 설비투자, 건설기성, 소매판매
분야: 소매·소비
기사 주장: 소비 지표인 소매판매는 9월(-0.3%)과 10월(-0.8%) 2달 연속 감소하다가 11월 0.4% 증가세로 돌아섰다.",success,20,0.023464,high,101,DT_2KI2048,2010012,"[자동차판매,소매,음식주점]산업세세분류별 배달(택배) 판매여부 현황",경제총조사 > 등록기반 > 10차 개정 > 2020년 > 특성편 > 기타(광업 및 제조업 이외),0.880742,0.142857,0.0,0.689128,142,DT_142018N_124,2017001,전년대비 공급사 수 증감 현황,소모성자재납품업실태조사 > 물품구매 현황,0.887552,0.0,0.0,0.665664,142,DT_142018N_128,2017001,공급사 교체 시기,소모성자재납품업실태조사 > 물품구매 현황,0.886558,0.0,0.0,0.664918,142,DT_142018N_107,2017001,소모성자재 구매대행업으로 판단한 이유,소모성자재납품업실태조사 > 일반현황,0.884081,0.0,0.0,0.66306,101,DT_1KI1538,2010012,[도소매]산업세세분류별/매출액규모별/상품판매처별 구성비,경제총조사 > 조사기반 > 9차 개정 > 2015년 > 특성편(광제조업10인이상 포함) > 기타(광업 및 제조업 이외),0.881206,0.0,0.0,0.660904
A0023-C026,A0023-C026-m1,A0023,정부 “올해 경제성장률 1.8%”… 한은 전망보다 더 낮췄다,2025-01-02,https://www.chosun.com/economy/economy_general/2025/01/02/FWT5PD42TZED7JTIXYCIECCFRE,다만 11월 소매판매는 전년 동월과 비교하면 1.9% 줄어 부진한 흐름을 이어갔다.,소비 지표인 소매판매는 9월(-0.3%)과 10월(-0.8%) 2달 연속 감소하다가 11월 0.4% 증가세로 돌아섰다.,특히 건축·토목 공사 실적을 뜻하는 건설기성은 작년 11월 0.2% 감소해 5월(-4.6%)부터 7개월 연속 마이너스 행진을 이어갔다.,국내공식통계,Y,소매·소비,소매판매,"경제성장률, 소매판매, 건설기성",-,-,-,,-,-,-,2024Q4,-,Q,확정,1.90%,KOSIS_VALUE,hcx,소매판매,-,2024Q4,Q,hcx,현재값,1.9,-,-,N,%,수준값,감소,전년동기,다만 11월 소매판매는 전년 동월과 비교하면 1.9% 줄어 부진한 흐름을 이어갔다.,high,N,-,N,0,0,HCX-007,v1.6-prev2-context,2026-07-30,소매판매,,2024Q4,Q,%,%,rate,level,unspecified,,Y,,,N,MAP000086,"query: 측정지표: 소매판매
통계 검색어: 경제성장률, 소매판매, 건설기성
분야: 소매·소비
기사 주장: 다만 11월 소매판매는 전년 동월과 비교하면 1.9% 줄어 부진한 흐름을 이어갔다.",success,20,0.001502,high,136,DT_13622_2017098,2001010,지난 한 해 임산물 판매 여부,임업경영실태조사 > 2019년이전 > 임업경영인 > 유통부문 > 2017년,0.885882,0.0,0.0,0.664411,142,DT_142018N_107,2017001,소모성자재 구매대행업으로 판단한 이유,소모성자재납품업실태조사 > 일반현황,0.883878,0.0,0.0,0.662909,136,DT_13622_B237,2001010,지난 한 해 시공한 목조주택,임업경영실태조사 > 2019년이전 > 목조건축업 > 일반현황 > 2013년,0.883018,0.0,0.0,0.662264,136,DT_136022_2017_02_011,2001010,지난 한 해 시공한 목조주택,임업경영실태조사 > 2019년이전 > 목조건축업 > 일반현황 > 2017년,0.883018,0.0,0.0,0.662264,142,DT_142018N_128,2017001,공급사 교체 시기,소모성자재납품업실태조사 > 물품구매 현황,0.882591,0.0,0.0,0.661943
A0023-C031,A0023-C031-m1,A0023,정부 “올해 경제성장률 1.8%”… 한은 전망보다 더 낮췄다,2025-01-02,https://www.chosun.com/economy/economy_general/2025/01/02/FWT5PD42TZED7JTIXYCIECCFRE,"◇물가 상승률 전망도 물가안정 목표 밑돌아 정부는 올해 소비자 물가 상승률도 1.8%로 전망해, 6개월 전 전망치(2.1%)보다 0.3%포인트 낮춰잡았다.",경기가 일시적으로 나쁜 것이 아니라 성장률이 경제의 기초 체력을 뜻하는 잠재 성장률에도 미치지 못하는 저성장 터널로 들어서고 있다는 우려가 나온다.,"정부의 작년 성장률 전망치는 2.2%로 주요 기관의 잠재 성장률 추정치를 웃돌지만, 내년 전망치는 잠재 성장률에 못 미친다.",국내공식통계,Y,물가,물가 상승률,"경제성장률, 소비자 물가 상승률, 잠재 성장률",-,-,-,,-,-,-,2025,-,Y,확정,1.80%,KOSIS_VALUE,hcx,물가 상승률,-,2025,Y,hcx,현재값,1.8,-,-,N,%,증감률,증가,전년,"◇물가 상승률 전망도 물가안정 목표 밑돌아 정부는 올해 소비자 물가 상승률도 1.8%로 전망해, 6개월 전 전망치(2.1%)보다 0.3%포인트 낮춰잡았다.",high,Y,measurement_rule_fallback:1,Y,1,0,HCX-007,v1.6-prev2-context,2026-07-30,물가 상승률,,2025,Y,%,%,rate,rate_change,unspecified,2024,Y,,,N,MAP000087,"query: 측정지표: 물가 상승률
통계 검색어: 경제성장률, 소비자 물가 상승률, 잠재 성장률
분야: 물가
기사 주장: ◇물가 상승률 전망도 물가안정 목표 밑돌아 정부는 올해 소비자 물가 상승률도 1.8%로 전망해, 6개월 전 전망치(2.1%)보다 0.3%포인트 낮춰잡았다.",success,20,0.001002,high,101,DT_1J22041,1964001,연도별 소비자물가 등락률,소비자물가조사,0.88002,0.0,0.0,0.660015,101,DT_1J22042,1964001,월별 소비자물가 등락률,소비자물가조사,0.878684,0.0,0.0,0.659013,106,DT_106N_35_2024027,2021001,수도요금 인상 시 부담 의향,수돗물먹는실태조사 > 2023년,0.875991,0.0,0.0,0.656993,106,DT_106N_35_2021024,2021001,수도요금을 수돗물 생산원가까지 인상 시 비용 부담 의향,수돗물먹는실태조사 > 2020년,0.872647,0.0,0.0,0.654485,113,DT_113_STBL_1016774,2007077,2006년 하반기 이후 경제지표 전망,국민여가활동조사 > 2010년 이전 통계표 > 여가환경,0.871492,0.0,0.0,0.653619
A0023-C031,A0023-C031-m2,A0023,정부 “올해 경제성장률 1.8%”… 한은 전망보다 더 낮췄다,2025-01-02,https://www.chosun.com/economy/economy_general/2025/01/02/FWT5PD42TZED7JTIXYCIECCFRE,"◇물가 상승률 전망도 물가안정 목표 밑돌아 정부는 올해 소비자 물가 상승률도 1.8%로 전망해, 6개월 전 전망치(2.1%)보다 0.3%포인트 낮춰잡았다.",경기가 일시적으로 나쁜 것이 아니라 성장률이 경제의 기초 체력을 뜻하는 잠재 성장률에도 미치지 못하는 저성장 터널로 들어서고 있다는 우려가 나온다.,"정부의 작년 성장률 전망치는 2.2%로 주요 기관의 잠재 성장률 추정치를 웃돌지만, 내년 전망치는 잠재 성장률에 못 미친다.",국내공식통계,Y,물가,물가 상승률,"경제성장률, 소비자 물가 상승률, 잠재 성장률",-,-,-,,-,-,-,2024,-,Y,확정,2.10%,KOSIS_VALUE,hcx,물가 상승률,-,2024,Y,hcx,이전값,2.1,-,-,N,%,증감률,증가,전년,"◇물가 상승률 전망도 물가안정 목표 밑돌아 정부는 올해 소비자 물가 상승률도 1.8%로 전망해, 6개월 전 전망치(2.1%)보다 0.3%포인트 낮춰잡았다.",high,Y,measurement_rule_fallback:1,Y,1,0,HCX-007,v1.6-prev2-context,2026-07-30,물가 상승률,,2025,Y,%,%,rate,rate_change,unspecified,2023,Y,,,N,MAP000088,"query: 측정지표: 물가 상승률
통계 검색어: 경제성장률, 소비자 물가 상승률, 잠재 성장률
분야: 물가
기사 주장: ◇물가 상승률 전망도 물가안정 목표 밑돌아 정부는 올해 소비자 물가 상승률도 1.8%로 전망해, 6개월 전 전망치(2.1%)보다 0.3%포인트 낮춰잡았다.",success,20,0.001002,high,101,DT_1J22041,1964001,연도별 소비자물가 등락률,소비자물가조사,0.88002,0.0,0.0,0.660015,101,DT_1J22042,1964001,월별 소비자물가 등락률,소비자물가조사,0.878684,0.0,0.0,0.659013,106,DT_106N_35_2024027,2021001,수도요금 인상 시 부담 의향,수돗물먹는실태조사 > 2023년,0.875991,0.0,0.0,0.656993,106,DT_106N_35_2021024,2021001,수도요금을 수돗물 생산원가까지 인상 시 비용 부담 의향,수돗물먹는실태조사 > 2020년,0.872647,0.0,0.0,0.654485,113,DT_113_STBL_1016774,2007077,2006년 하반기 이후 경제지표 전망,국민여가활동조사 > 2010년 이전 통계표 > 여가환경,0.871492,0.0,0.0,0.653619
A0023-C031,A0023-C031-m3,A0023,정부 “올해 경제성장률 1.8%”… 한은 전망보다 더 낮췄다,2025-01-02,https://www.chosun.com/economy/economy_general/2025/01/02/FWT5PD42TZED7JTIXYCIECCFRE,"◇물가 상승률 전망도 물가안정 목표 밑돌아 정부는 올해 소비자 물가 상승률도 1.8%로 전망해, 6개월 전 전망치(2.1%)보다 0.3%포인트 낮춰잡았다.",경기가 일시적으로 나쁜 것이 아니라 성장률이 경제의 기초 체력을 뜻하는 잠재 성장률에도 미치지 못하는 저성장 터널로 들어서고 있다는 우려가 나온다.,"정부의 작년 성장률 전망치는 2.2%로 주요 기관의 잠재 성장률 추정치를 웃돌지만, 내년 전망치는 잠재 성장률에 못 미친다.",국내공식통계,Y,물가,물가 상승률 변화폭,"경제성장률, 소비자 물가 상승률, 잠재 성장률",-,-,-,,-,-,-,2025,-,Y,확정,0.3%포인트,KOSIS_VALUE,hcx,물가 상승률 변화폭,-,2025,Y,hcx,증감률,0.3,-,-,N,%,증감률,감소,전년,"◇물가 상승률 전망도 물가안정 목표 밑돌아 정부는 올해 소비자 물가 상승률도 1.8%로 전망해, 6개월 전 전망치(2.1%)보다 0.3%포인트 낮춰잡았다.",high,Y,measurement_rule_fallback:1,Y,1,0,HCX-007,v1.6-prev2-context,2026-07-30,물가 상승률,,2025,Y,%,%,rate,rate_change,unspecified,2024,Y,,,N,MAP000089,"query: 측정지표: 물가 상승률 변화폭
대표지표: 물가 상승률
통계 검색어: 경제성장률, 소비자 물가 상승률, 잠재 성장률
분야: 물가
기사 주장: ◇물가 상승률 전망도 물가안정 목표 밑돌아 정부는 올해 소비자 물가 상승률도 1.8%로 전망해, 6개월 전 전망치(2.1%)보다 0.3%포인트 낮춰잡았다.",success,20,0.001847,high,101,DT_1J22041,1964001,연도별 소비자물가 등락률,소비자물가조사,0.878721,0.0,0.0,0.659041,101,DT_1J22042,1964001,월별 소비자물가 등락률,소비자물가조사,0.876259,0.0,0.0,0.657194,106,DT_106N_35_2024027,2021001,수도요금 인상 시 부담 의향,수돗물먹는실태조사 > 2023년,0.874203,0.0,0.0,0.655652,113,DT_113_STBL_1016774,2007077,2006년 하반기 이후 경제지표 전망,국민여가활동조사 > 2010년 이전 통계표 > 여가환경,0.873555,0.0,0.0,0.655166,142,DT_D19058,2007272,향후 2년간 시장 전망,장애인기업실태조사 > 2018년 > 경영활동 관련 사항,0.873408,0.0,0.0,0.655056
A0023-C033,A0023-C033-m1,A0023,정부 “올해 경제성장률 1.8%”… 한은 전망보다 더 낮췄다,2025-01-02,https://www.chosun.com/economy/economy_general/2025/01/02/FWT5PD42TZED7JTIXYCIECCFRE,정부 전망대로 1%대 물가 상승률이 현실화활 경우 코로나 대유행 여파로 물가 상승률이 0.5%에 그쳤던 2020년 이후 5년 만에 처음으로 한국은행의 물가 안정 목표치를 밑돌게 된다.,작년 11월말 한국은행 전망치(1.9%)보다도 0.1%포인트 낮다.,"◇물가 상승률 전망도 물가안정 목표 밑돌아 정부는 올해 소비자 물가 상승률도 1.8%로 전망해, 6개월 전 전망치(2.1%)보다 0.3%포인트 낮춰잡았다.",국내공식통계,N,물가,물가 상승률,"경제성장률, 물가 상승률, 한국은행, 물가 안정 목표",-,-,-,,-,-,-,2025,-,Y,확정,1%,KOSIS_VALUE,hcx,물가 상승률,-,2025,Y,hcx,증감률,1,-,-,N,%,증감률,증가,전년,정부 전망대로 1%대 물가 상승률이 현실화활 경우 코로나 대유행 여파로 물가 상승률이 0.5%에 그쳤던 2020년 이후 5년 만에 처음으로 한국은행의 물가 안정 목표치를 밑돌게 된다.,high,N,-,N,0,0,HCX-007,v1.6-prev2-context,2026-07-30,물가 상승률,,2025,Y,%,%,rate,rate_change,unspecified,2024,Y,,,N,MAP000090,"query: 측정지표: 물가 상승률
통계 검색어: 경제성장률, 물가 상승률, 한국은행, 물가 안정 목표
분야: 물가
기사 주장: 정부 전망대로 1%대 물가 상승률이 현실화활 경우 코로나 대유행 여파로 물가 상승률이 0.5%에 그쳤던 2020년 이후 5년 만에 처음으로 한국은행의 물가 안정 목표치를 밑돌게 된다.",success,20,0.000737,high,127,DT_127004_A212,2016050,비대면화로 인한 투자 변화,데이터산업현황조사 > 코로나19 관련 변화,0.87313,0.0,0.0,0.654848,395,DT_395N_I2019257,2003024,코로나19로 인한 투자(계획)의 변화: 독자 수행 R&D,한국기업혁신조사 > 2020년도 조사(제조업 부문) > 코로나19 > 코로나19로 인한투자(계획)의 변화,0.872148,0.0,0.0,0.654111,154,DT_154016_22AA890000,2012049,코로나19 이전 대비 경제적 여건,한부모가족실태조사 > 2015년 이후 > 경제활동,0.870132,0.0,0.0,0.652599,301,DT_405Y006,1966003,국내공급물가지수,생산자물가조사(2020=100),0.869676,0.0,0.0,0.652257,395,DT_395N_I2019269,2003024,코로나19관련 정부지원이 회사의 혁신활동 및 성과에 미친 영향: 금융 지원,한국기업혁신조사 > 2020년도 조사(제조업 부문) > 코로나19 > 코로나19 관련 정부지원이 회사의 혁신활동 및 성과에 미친 영향,0.869592,0.0,0.0,0.652194
A0023-C033,A0023-C033-m2,A0023,정부 “올해 경제성장률 1.8%”… 한은 전망보다 더 낮췄다,2025-01-02,https://www.chosun.com/economy/economy_general/2025/01/02/FWT5PD42TZED7JTIXYCIECCFRE,정부 전망대로 1%대 물가 상승률이 현실화활 경우 코로나 대유행 여파로 물가 상승률이 0.5%에 그쳤던 2020년 이후 5년 만에 처음으로 한국은행의 물가 안정 목표치를 밑돌게 된다.,작년 11월말 한국은행 전망치(1.9%)보다도 0.1%포인트 낮다.,"◇물가 상승률 전망도 물가안정 목표 밑돌아 정부는 올해 소비자 물가 상승률도 1.8%로 전망해, 6개월 전 전망치(2.1%)보다 0.3%포인트 낮춰잡았다.",국내공식통계,N,물가,물가 상승률,"경제성장률, 물가 상승률, 한국은행, 물가 안정 목표",-,-,-,,-,-,-,2020,-,Y,확정,0.50%,KOSIS_VALUE,hcx,물가 상승률,-,2020,Y,hcx,증감률,0.5,-,-,N,%,증감률,증가,전년,정부 전망대로 1%대 물가 상승률이 현실화활 경우 코로나 대유행 여파로 물가 상승률이 0.5%에 그쳤던 2020년 이후 5년 만에 처음으로 한국은행의 물가 안정 목표치를 밑돌게 된다.,high,N,-,N,0,0,HCX-007,v1.6-prev2-context,2026-07-30,물가 상승률,,2025,Y,%,%,rate,rate_change,unspecified,2019,Y,,,N,MAP000091,"query: 측정지표: 물가 상승률
통계 검색어: 경제성장률, 물가 상승률, 한국은행, 물가 안정 목표
분야: 물가
기사 주장: 정부 전망대로 1%대 물가 상승률이 현실화활 경우 코로나 대유행 여파로 물가 상승률이 0.5%에 그쳤던 2020년 이후 5년 만에 처음으로 한국은행의 물가 안정 목표치를 밑돌게 된다.",success,20,0.000737,high,127,DT_127004_A212,2016050,비대면화로 인한 투자 변화,데이터산업현황조사 > 코로나19 관련 변화,0.87313,0.0,0.0,0.654848,395,DT_395N_I2019257,2003024,코로나19로 인한 투자(계획)의 변화: 독자 수행 R&D,한국기업혁신조사 > 2020년도 조사(제조업 부문) > 코로나19 > 코로나19로 인한투자(계획)의 변화,0.872148,0.0,0.0,0.654111,154,DT_154016_22AA890000,2012049,코로나19 이전 대비 경제적 여건,한부모가족실태조사 > 2015년 이후 > 경제활동,0.870132,0.0,0.0,0.652599,301,DT_405Y006,1966003,국내공급물가지수,생산자물가조사(2020=100),0.869676,0.0,0.0,0.652257,395,DT_395N_I2019269,2003024,코로나19관련 정부지원이 회사의 혁신활동 및 성과에 미친 영향: 금융 지원,한국기업혁신조사 > 2020년도 조사(제조업 부문) > 코로나19 > 코로나19 관련 정부지원이 회사의 혁신활동 및 성과에 미친 영향,0.869592,0.0,0.0,0.652194
A0023-C038,A0023-C038-m1,A0023,정부 “올해 경제성장률 1.8%”… 한은 전망보다 더 낮췄다,2025-01-02,https://www.chosun.com/economy/economy_general/2025/01/02/FWT5PD42TZED7JTIXYCIECCFRE,"올해 취업자 수 증가폭은 작년(17만명·정부 전망치)보다 5만명 줄어든 것으로, 코로나로 취업자 수가 21만8000명 줄어든 2020년 이후 가장 낮은 증가폭이다.",저출산·고령화 장기화로 생산연령인구(15~64세)가 줄어드는 가운데 경기 부진세가 이어지면서 올해 취업자 수도 12만명 늘어나는 데 그칠 것으로 정부는 전망했다.,성장률과 물가 상승률이 모두 2%를 밑돈 경우는 2020년이 마지막이었다.,국내공식통계,Y,고용,취업자 수 증가폭,"경제성장률, 물가 상승률, 생산연령인구, 취업자 수",-,-,-,,-,-,-,2024,-,Y,확정,17만명,KOSIS_VALUE,hcx,취업자 수 증가폭,-,2024,Y,hcx,이전값,170000,-,-,N,명,수준값,증가,전년,"올해 취업자 수 증가폭은 작년(17만명·정부 전망치)보다 5만명 줄어든 것으로, 코로나로 취업자 수가 21만8000명 줄어든 2020년 이후 가장 낮은 증가폭이다.",high,N,-,Y,0,0,HCX-007,v1.6-prev2-context,2026-07-30,취업자 수 증가폭,,2025,Y,명,명,person_count,count,person,,Y,,,Y,MAP000092,"query: 측정지표: 취업자 수 증가폭
통계 검색어: 경제성장률, 물가 상승률, 생산연령인구, 취업자 수
분야: 고용
기사 주장: 올해 취업자 수 증가폭은 작년(17만명·정부 전망치)보다 5만명 줄어든 것으로, 코로나로 취업자 수가 21만8000명 줄어든 2020년 이후 가장 낮은 증가폭이다.",success,20,0.028231,medium,154,DT_154013_B036,2011024,(취업자) 코로나로 인한 일자리 변화,청소년종합실태조사 > 2020년 > 주 양육자,0.900779,0.142857,0.0,0.704156,338,DT_338001_2022167,2007337,코로나19로 인한 일자리 변화,한국가족패널조사 > 2022년 > 일자리용,0.901233,0.0,0.0,0.675925,154,DT_117079_22BB014800,2009027,코로나19로 인한 일자리 관련 변화,전국다문화가족실태조사 > 2021년 > 본인,0.896436,0.0,0.0,0.672327,154,DT_117079_22CC012900,2009027,코로나19로 인한 일자리 관련 변화,전국다문화가족실태조사 > 2021년 > 배우자,0.894048,0.0,0.0,0.670536,338,DT_338001_2022177,2007337,코로나19 이후 사회 인식 변화,한국가족패널조사 > 2022년 > 일자리용,0.893619,0.0,0.0,0.670214
A0023-C038,A0023-C038-m2,A0023,정부 “올해 경제성장률 1.8%”… 한은 전망보다 더 낮췄다,2025-01-02,https://www.chosun.com/economy/economy_general/2025/01/02/FWT5PD42TZED7JTIXYCIECCFRE,"올해 취업자 수 증가폭은 작년(17만명·정부 전망치)보다 5만명 줄어든 것으로, 코로나로 취업자 수가 21만8000명 줄어든 2020년 이후 가장 낮은 증가폭이다.",저출산·고령화 장기화로 생산연령인구(15~64세)가 줄어드는 가운데 경기 부진세가 이어지면서 올해 취업자 수도 12만명 늘어나는 데 그칠 것으로 정부는 전망했다.,성장률과 물가 상승률이 모두 2%를 밑돈 경우는 2020년이 마지막이었다.,국내공식통계,Y,고용,취업자 수 증가폭,"경제성장률, 물가 상승률, 생산연령인구, 취업자 수",-,-,-,,-,-,-,2025,-,Y,확정,5만명,KOSIS_VALUE,hcx,취업자 수 증가폭,-,2025,Y,hcx,증감값,50000,-,-,N,명,수준값,감소,전년,"올해 취업자 수 증가폭은 작년(17만명·정부 전망치)보다 5만명 줄어든 것으로, 코로나로 취업자 수가 21만8000명 줄어든 2020년 이후 가장 낮은 증가폭이다.",high,N,-,Y,0,0,HCX-007,v1.6-prev2-context,2026-07-30,취업자 수 증가폭,,2025,Y,명,명,person_count,count,person,,Y,,,Y,MAP000093,"query: 측정지표: 취업자 수 증가폭
통계 검색어: 경제성장률, 물가 상승률, 생산연령인구, 취업자 수
분야: 고용
기사 주장: 올해 취업자 수 증가폭은 작년(17만명·정부 전망치)보다 5만명 줄어든 것으로, 코로나로 취업자 수가 21만8000명 줄어든 2020년 이후 가장 낮은 증가폭이다.",success,20,0.028231,medium,154,DT_154013_B036,2011024,(취업자) 코로나로 인한 일자리 변화,청소년종합실태조사 > 2020년 > 주 양육자,0.900779,0.142857,0.0,0.704156,338,DT_338001_2022167,2007337,코로나19로 인한 일자리 변화,한국가족패널조사 > 2022년 > 일자리용,0.901233,0.0,0.0,0.675925,154,DT_117079_22BB014800,2009027,코로나19로 인한 일자리 관련 변화,전국다문화가족실태조사 > 2021년 > 본인,0.896436,0.0,0.0,0.672327,154,DT_117079_22CC012900,2009027,코로나19로 인한 일자리 관련 변화,전국다문화가족실태조사 > 2021년 > 배우자,0.894048,0.0,0.0,0.670536,338,DT_338001_2022177,2007337,코로나19 이후 사회 인식 변화,한국가족패널조사 > 2022년 > 일자리용,0.893619,0.0,0.0,0.670214
A0023-C038,A0023-C038-m3,A0023,정부 “올해 경제성장률 1.8%”… 한은 전망보다 더 낮췄다,2025-01-02,https://www.chosun.com/economy/economy_general/2025/01/02/FWT5PD42TZED7JTIXYCIECCFRE,"올해 취업자 수 증가폭은 작년(17만명·정부 전망치)보다 5만명 줄어든 것으로, 코로나로 취업자 수가 21만8000명 줄어든 2020년 이후 가장 낮은 증가폭이다.",저출산·고령화 장기화로 생산연령인구(15~64세)가 줄어드는 가운데 경기 부진세가 이어지면서 올해 취업자 수도 12만명 늘어나는 데 그칠 것으로 정부는 전망했다.,성장률과 물가 상승률이 모두 2%를 밑돈 경우는 2020년이 마지막이었다.,국내공식통계,Y,고용,취업자 수 감소폭,"경제성장률, 물가 상승률, 생산연령인구, 취업자 수",-,-,-,,-,-,-,2020,-,Y,확정,21만8000명,KOSIS_VALUE,hcx,취업자 수 감소폭,-,2020,Y,hcx,참고값,218000,-,-,N,명,수준값,감소,특정시점,"올해 취업자 수 증가폭은 작년(17만명·정부 전망치)보다 5만명 줄어든 것으로, 코로나로 취업자 수가 21만8000명 줄어든 2020년 이후 가장 낮은 증가폭이다.",high,N,-,Y,0,0,HCX-007,v1.6-prev2-context,2026-07-30,취업자 수 증가폭,,2025,Y,명,명,person_count,count,person,,Y,,,Y,MAP000094,"query: 측정지표: 취업자 수 감소폭
대표지표: 취업자 수 증가폭
통계 검색어: 경제성장률, 물가 상승률, 생산연령인구, 취업자 수
분야: 고용
기사 주장: 올해 취업자 수 증가폭은 작년(17만명·정부 전망치)보다 5만명 줄어든 것으로, 코로나로 취업자 수가 21만8000명 줄어든 2020년 이후 가장 낮은 증가폭이다.",success,20,0.025507,medium,154,DT_154013_B036,2011024,(취업자) 코로나로 인한 일자리 변화,청소년종합실태조사 > 2020년 > 주 양육자,0.902771,0.125,0.0,0.702078,338,DT_338001_2022167,2007337,코로나19로 인한 일자리 변화,한국가족패널조사 > 2022년 > 일자리용,0.902094,0.0,0.0,0.676571,154,DT_117079_22BB014800,2009027,코로나19로 인한 일자리 관련 변화,전국다문화가족실태조사 > 2021년 > 본인,0.896829,0.0,0.0,0.672622,338,DT_338001_2022177,2007337,코로나19 이후 사회 인식 변화,한국가족패널조사 > 2022년 > 일자리용,0.895685,0.0,0.0,0.671764,154,DT_117079_22CC012900,2009027,코로나19로 인한 일자리 관련 변화,전국다문화가족실태조사 > 2021년 > 배우자,0.894822,0.0,0.0,0.671116
A0024-C001,A0024-C001-m1,A0024,"정부, 작년 세수 부족으로 韓銀서 170조원 빌려 썼다",2025-01-02,https://www.chosun.com/economy/economy_general/2025/01/02/LYWZZSQ6I5AVJDNTRW6KAK6ORY,정부가 지난해 세수 부족으로 한국은행에서 170조원 넘는 돈을 빌려 쓴 것으로 나타났다.,,,국내공식통계,N,재정·조세,정부 차입금,"정부, 세수 부족, 한국은행, 차입금",-,-,-,,-,-,-,2024,-,Y,확정,170조원,KOSIS_VALUE,hcx,정부 차입금,-,2024,Y,hcx,현재값,1.7E+14,-,-,N,원,수준값,-,전년,정부가 지난해 세수 부족으로 한국은행에서 170조원 넘는 돈을 빌려 쓴 것으로 나타났다.,high,N,-,N,0,0,HCX-007,v1.6-prev2-context,2026-07-30,정부 차입금,,2024,Y,원,원,currency,amount,unspecified,,Y,,,Y,MAP000095,"query: 측정지표: 정부 차입금
통계 검색어: 정부, 세수 부족, 한국은행, 차입금
분야: 재정·조세
기사 주장: 정부가 지난해 세수 부족으로 한국은행에서 170조원 넘는 돈을 빌려 쓴 것으로 나타났다.",success,20,0.000982,high,303,DT_30303N_5175,1979013,'14년 차입여건 변화 - 금리,중소기업금융실태조사 > 2014년,0.87909,0.0,0.0,0.659318,303,DT_30303N_5110,1979013,'14년 말 외부차입금 보유 여부,중소기업금융실태조사 > 2014년,0.877781,0.0,0.0,0.658336,142,DT_C12039,2007272,최근 1년간 자금 사정,장애인기업실태조사 > 2011년 > 재무 관련 현황,0.877324,0.0,0.0,0.657993,142,DT_C11520,2007272,최근 1년간 자금 사정,장애인기업실태조사 > 2009년 > 재무 관련 현황,0.877324,0.0,0.0,0.657993,303,DT_30303N_633,1979013,'15년 차입여건 변화 - 금리,중소기업금융실태조사 > 2015년,0.877227,0.0,0.0,0.65792
A0024-C002,A0024-C002-m1,A0024,"정부, 작년 세수 부족으로 韓銀서 170조원 빌려 썼다",2025-01-02,https://www.chosun.com/economy/economy_general/2025/01/02/LYWZZSQ6I5AVJDNTRW6KAK6ORY,"1일 더불어민주당 임광현 의원이 한은에서 제출받은 자료에 따르면, 정부는 지난해 한은에서 누적으로 따져 총 173조원을 일시 차입했다.",정부가 지난해 세수 부족으로 한국은행에서 170조원 넘는 돈을 빌려 쓴 것으로 나타났다.,,국내공식통계,N,재정·조세,정부 차입금,"정부, 세수 부족, 한국은행, 차입",-,-,-,,-,-,-,2024,-,Y,확정,173조원,KOSIS_VALUE,hcx,정부 차입금,-,2024,Y,hcx,현재값,1.73E+14,-,-,N,원,수준값,-,전년,정부가 지난해 세수 부족으로 한국은행에서 누적으로 따져 총 173조원을 일시 차입했다.,high,N,-,N,0,0,HCX-007,v1.6-prev2-context,2026-07-30,정부 차입금,,2024,Y,원,원,currency,amount,unspecified,,Y,,,Y,MAP000096,"query: 측정지표: 정부 차입금
통계 검색어: 정부, 세수 부족, 한국은행, 차입
분야: 재정·조세
기사 주장: 1일 더불어민주당 임광현 의원이 한은에서 제출받은 자료에 따르면, 정부는 지난해 한은에서 누적으로 따져 총 173조원을 일시 차입했다.",success,20,0.000823,high,154,DT_117079_22BB014000,2009027,지난 1주일 경제활동 여부,전국다문화가족실태조사 > 2021년 > 본인,0.87028,0.0,0.0,0.65271,154,DT_MOGE_3021300007,2012049,임금 - ① 지난 1주일,한부모가족실태조사 > 2012년 > 경제활동,0.869183,0.0,0.0,0.651887,154,DT_117079_22BB014200,2009027,지난 1주일 경제활동 시간,전국다문화가족실태조사 > 2021년 > 본인,0.867335,0.0,0.0,0.650501,154,DT_117079_22CC012400,2009027,지난 1주일 경제활동 여부,전국다문화가족실태조사 > 2021년 > 배우자,0.865474,0.0,0.0,0.649106,154,DT_MOGE_1001301367,2009027,지난 1주일 경제활동 여부,전국다문화가족실태조사 > 2018년 > 배우자,0.865474,0.0,0.0,0.649105
A0024-C004,A0024-C004-m1,A0024,"정부, 작년 세수 부족으로 韓銀서 170조원 빌려 썼다",2025-01-02,https://www.chosun.com/economy/economy_general/2025/01/02/LYWZZSQ6I5AVJDNTRW6KAK6ORY,종전 최대인 2023년의 117조6000억원보다 47% 늘었다.,이는 관련 통계를 확인할 수 있는 2011년 이후 역대 최대 규모다.,"1일 더불어민주당 임광현 의원이 한은에서 제출받은 자료에 따르면, 정부는 지난해 한은에서 누적으로 따져 총 173조원을 일시 차입했다.",국내공식통계,N,재정·조세,정부 한국은행 차입금,"한국은행, 차입금, 재정, 조세",-,-,-,,-,-,-,2023,-,Y,확정,117조6000억원,KOSIS_VALUE,hcx,정부 한국은행 차입금,-,2023,Y,hcx,이전값,1.176E+14,-,-,N,원,수준값,증가,전년,종전 최대인 2023년의 117조6000억원보다 47% 늘었다.,high,N,-,N,0,0,HCX-007,v1.6-prev2-context,2026-07-30,정부 한국은행 차입금,,2024,Y,원,원,currency,amount,unspecified,,Y,,,Y,MAP000097,"query: 측정지표: 정부 한국은행 차입금
통계 검색어: 한국은행, 차입금, 재정, 조세
분야: 재정·조세
기사 주장: 종전 최대인 2023년의 117조6000억원보다 47% 늘었다.",success,20,0.000186,high,142,DT_D23043,2007272,2023년 자금 사정,장애인기업실태조사 > 2023년 > 재무 현황,0.884252,0.0,0.0,0.663189,303,DT_30303N_5175,1979013,'14년 차입여건 변화 - 금리,중소기업금융실태조사 > 2014년,0.884003,0.0,0.0,0.663003,303,DT_303003_749,1979013,사채 평균 차입금리,중소기업금융실태조사 > 2021년 이후 > 신규 자금조달 현황,0.881641,0.0,0.0,0.661231,303,DT_30303N_748_1,1979013,사채 평균 차입금리,중소기업금융실태조사 > 2016~2020년 > 신규 자금조달 현황,0.881641,0.0,0.0,0.661231,142,DT_D22043,2007272,2022년 자금 사정,장애인기업실태조사 > 2022년 > 재무 관련 사항,0.880928,0.0,0.0,0.660696
A0024-C004,A0024-C004-m2,A0024,"정부, 작년 세수 부족으로 韓銀서 170조원 빌려 썼다",2025-01-02,https://www.chosun.com/economy/economy_general/2025/01/02/LYWZZSQ6I5AVJDNTRW6KAK6ORY,종전 최대인 2023년의 117조6000억원보다 47% 늘었다.,이는 관련 통계를 확인할 수 있는 2011년 이후 역대 최대 규모다.,"1일 더불어민주당 임광현 의원이 한은에서 제출받은 자료에 따르면, 정부는 지난해 한은에서 누적으로 따져 총 173조원을 일시 차입했다.",국내공식통계,N,재정·조세,정부 한국은행 차입금 증가율,"한국은행, 차입금, 재정, 조세",-,-,-,,-,-,-,2023,-,Y,확정,47%,KOSIS_VALUE,hcx,정부 한국은행 차입금 증가율,-,2023,Y,hcx,증감률,47,-,-,N,%,증감률,증가,전년동기,종전 최대인 2023년의 117조6000억원보다 47% 늘었다.,high,N,-,N,0,0,HCX-007,v1.6-prev2-context,2026-07-30,정부 한국은행 차입금,,2024,Y,%,%,rate,rate_change,unspecified,2022,Y,,,Y,MAP000098,"query: 측정지표: 정부 한국은행 차입금 증가율
대표지표: 정부 한국은행 차입금
통계 검색어: 한국은행, 차입금, 재정, 조세
분야: 재정·조세
기사 주장: 종전 최대인 2023년의 117조6000억원보다 47% 늘었다.",success,20,2.9e-05,high,303,DT_30303N_5175,1979013,'14년 차입여건 변화 - 금리,중소기업금융실태조사 > 2014년,0.882795,0.0,0.0,0.662096,142,DT_D23043,2007272,2023년 자금 사정,장애인기업실태조사 > 2023년 > 재무 현황,0.882757,0.0,0.0,0.662067,142,DT_D22043,2007272,2022년 자금 사정,장애인기업실태조사 > 2022년 > 재무 관련 사항,0.880544,0.0,0.0,0.660408,303,DT_30303N_748_1,1979013,사채 평균 차입금리,중소기업금융실태조사 > 2016~2020년 > 신규 자금조달 현황,0.880064,0.0,0.0,0.660048,303,DT_303003_749,1979013,사채 평균 차입금리,중소기업금융실태조사 > 2021년 이후 > 신규 자금조달 현황,0.880064,0.0,0.0,0.660048
A0024-C009,A0024-C009-m1,A0024,"정부, 작년 세수 부족으로 韓銀서 170조원 빌려 썼다",2025-01-02,https://www.chosun.com/economy/economy_general/2025/01/02/LYWZZSQ6I5AVJDNTRW6KAK6ORY,정부의 연간 누적 대출은 2019년 36조5072억원에서 코로나 팬데믹이 터졌던 2020년 102조9130억원으로 크게 뛰었다.,정부가 한은 일시 대출을 많이 받을수록 세출에 비해 세입이 부족해 재원을 임시변통하는 일이 잦아졌다는 의미다.,"개인이 은행에서 마이너스 통장(신용한도 대출)을 열어놓고, 필요할 때 수시로 자금을 꺼내 쓰고 여윳돈이 생기면 갚는 것과 비슷하다.",국내공식통계,N,재정·조세,정부 연간 누적 대출,"정부, 세수 부족, 한국은행, 대출",-,-,-,,-,-,-,2019,-,Y,확정,36조5072억원,KOSIS_VALUE,hcx,정부 연간 누적 대출,-,2019,Y,hcx,이전값,3.65072E+13,-,-,N,원,수준값,유지,전년,정부의 연간 누적 대출은 2019년 36조5072억원에서 코로나 팬데믹이 터졌던 2020년 102조9130억원으로 크게 뛰었다.,high,N,-,N,0,0,HCX-007,v1.6-prev2-context,2026-07-30,정부 연간 누적 대출,,2020,Y,원,원,currency,amount,unspecified,,Y,,,Y,MAP000099,"query: 측정지표: 정부 연간 누적 대출
통계 검색어: 정부, 세수 부족, 한국은행, 대출
분야: 재정·조세
기사 주장: 정부의 연간 누적 대출은 2019년 36조5072억원에서 코로나 팬데믹이 터졌던 2020년 102조9130억원으로 크게 뛰었다.",success,20,0.000449,high,395,DT_395N_S2020280,2003024,코로나19 관련 정부지원 여부: 조세 지원,한국기업혁신조사 > 2021년도 조사(서비스 부문) > 코로나 19 > 코로나19 관련 정부지원 여부,0.862949,0.111111,0.0,0.669434,395,DT_395N_I2019264,2003024,코로나19관련 정부지원 여부: 조세 지원,한국기업혁신조사 > 2020년도 조사(제조업 부문) > 코로나19 > 코로나19 관련 정부지원 여부,0.862351,0.111111,0.0,0.668985,142,DT_V21010,1999037,2020년 정부 정책지원자금 유형별 혜택 현황,벤처기업정밀실태조사 > 2020년 > 경영성과 및 재무현황,0.860958,0.111111,0.0,0.667941,142,DT_D21061,2007272,2020년 자금 사정,장애인기업실태조사 > 2020년 > 재무 관련 사항,0.870208,0.0,0.0,0.652656,395,DT_395N_S2020281,2003024,코로나19 관련 정부지원 여부: 직접 자금 지원,한국기업혁신조사 > 2021년도 조사(서비스 부문) > 코로나 19 > 코로나19 관련 정부지원 여부,0.867321,0.0,0.0,0.650491
A0024-C009,A0024-C009-m2,A0024,"정부, 작년 세수 부족으로 韓銀서 170조원 빌려 썼다",2025-01-02,https://www.chosun.com/economy/economy_general/2025/01/02/LYWZZSQ6I5AVJDNTRW6KAK6ORY,정부의 연간 누적 대출은 2019년 36조5072억원에서 코로나 팬데믹이 터졌던 2020년 102조9130억원으로 크게 뛰었다.,정부가 한은 일시 대출을 많이 받을수록 세출에 비해 세입이 부족해 재원을 임시변통하는 일이 잦아졌다는 의미다.,"개인이 은행에서 마이너스 통장(신용한도 대출)을 열어놓고, 필요할 때 수시로 자금을 꺼내 쓰고 여윳돈이 생기면 갚는 것과 비슷하다.",국내공식통계,N,재정·조세,정부 연간 누적 대출,"정부, 세수 부족, 한국은행, 대출",-,-,-,,-,-,-,2020,-,Y,확정,102조9130억원,KOSIS_VALUE,hcx,정부 연간 누적 대출,-,2020,Y,hcx,현재값,1.02913E+14,-,-,N,원,수준값,증가,전년,정부의 연간 누적 대출은 2019년 36조5072억원에서 코로나 팬데믹이 터졌던 2020년 102조9130억원으로 크게 뛰었다.,high,N,-,N,0,0,HCX-007,v1.6-prev2-context,2026-07-30,정부 연간 누적 대출,,2020,Y,원,원,currency,amount,unspecified,,Y,,,Y,MAP000100,"query: 측정지표: 정부 연간 누적 대출
통계 검색어: 정부, 세수 부족, 한국은행, 대출
분야: 재정·조세
기사 주장: 정부의 연간 누적 대출은 2019년 36조5072억원에서 코로나 팬데믹이 터졌던 2020년 102조9130억원으로 크게 뛰었다.",success,20,0.000449,high,395,DT_395N_S2020280,2003024,코로나19 관련 정부지원 여부: 조세 지원,한국기업혁신조사 > 2021년도 조사(서비스 부문) > 코로나 19 > 코로나19 관련 정부지원 여부,0.862949,0.111111,0.0,0.669434,395,DT_395N_I2019264,2003024,코로나19관련 정부지원 여부: 조세 지원,한국기업혁신조사 > 2020년도 조사(제조업 부문) > 코로나19 > 코로나19 관련 정부지원 여부,0.862351,0.111111,0.0,0.668985,142,DT_V21010,1999037,2020년 정부 정책지원자금 유형별 혜택 현황,벤처기업정밀실태조사 > 2020년 > 경영성과 및 재무현황,0.860958,0.111111,0.0,0.667941,142,DT_D21061,2007272,2020년 자금 사정,장애인기업실태조사 > 2020년 > 재무 관련 사항,0.870208,0.0,0.0,0.652656,395,DT_395N_S2020281,2003024,코로나19 관련 정부지원 여부: 직접 자금 지원,한국기업혁신조사 > 2021년도 조사(서비스 부문) > 코로나 19 > 코로나19 관련 정부지원 여부,0.867321,0.0,0.0,0.650491
A0024-C010,A0024-C010-m1,A0024,"정부, 작년 세수 부족으로 韓銀서 170조원 빌려 썼다",2025-01-02,https://www.chosun.com/economy/economy_general/2025/01/02/LYWZZSQ6I5AVJDNTRW6KAK6ORY,"이후 2021년 7조6130억원, 2022년 34조2000억원 등으로 줄었다가 세수 펑크가 커진 2023년 117조6000억원으로 다시 급증했다.",정부의 연간 누적 대출은 2019년 36조5072억원에서 코로나 팬데믹이 터졌던 2020년 102조9130억원으로 크게 뛰었다.,정부가 한은 일시 대출을 많이 받을수록 세출에 비해 세입이 부족해 재원을 임시변통하는 일이 잦아졌다는 의미다.,국내공식통계,N,재정·조세,정부 한국은행 대출금,"정부, 한국은행, 대출, 세수 부족",-,-,-,,-,-,-,2021,-,Y,확정,7조6130억원,KOSIS_VALUE,hcx,정부 한국은행 대출금,-,2021,Y,hcx,현재값,7.613E+12,-,-,N,원,수준값,감소,전년,"이후 2021년 7조6130억원, 2022년 34조2000억원 등으로 줄었다가 세수 펑크가 커진 2023년 117조6000억원으로 다시 급증했다.",high,N,-,N,0,0,HCX-007,v1.6-prev2-context,2026-07-30,정부 한국은행 대출금,,2023,Y,원,원,currency,amount,unspecified,,Y,,,Y,MAP000101,"query: 측정지표: 정부 한국은행 대출금
통계 검색어: 정부, 한국은행, 대출, 세수 부족
분야: 재정·조세
기사 주장: 이후 2021년 7조6130억원, 2022년 34조2000억원 등으로 줄었다가 세수 펑크가 커진 2023년 117조6000억원으로 다시 급증했다.",success,20,0.004374,high,142,DT_D22043,2007272,2022년 자금 사정,장애인기업실태조사 > 2022년 > 재무 관련 사항,0.887061,0.0,0.0,0.665296,142,DT_D23043,2007272,2023년 자금 사정,장애인기업실태조사 > 2023년 > 재무 현황,0.881229,0.0,0.0,0.660922,142,DT_D23046,2007272,2023년 기준 부채금액 - 합계 및 평균,장애인기업실태조사 > 2023년 > 재무 현황,0.874935,0.0,0.0,0.656201,395,DT_395N_I2021132,2003024,자금 조달 시도 여부: 중앙정부 지원 자금,한국기업혁신조사 > 2022년도 조사(제조업 부문) > 자금 조달 > 자금 조달 시도 여부,0.87471,0.0,0.0,0.656032,395,DT_395N_S2022132,2003024,자금 조달 시도 여부: 중앙정부 지원 자금,한국기업혁신조사 > 2023년도 조사(서비스 부문) > 자금 조달 > 자금 조달 시도 여부,0.874317,0.0,0.0,0.655738
A0024-C010,A0024-C010-m2,A0024,"정부, 작년 세수 부족으로 韓銀서 170조원 빌려 썼다",2025-01-02,https://www.chosun.com/economy/economy_general/2025/01/02/LYWZZSQ6I5AVJDNTRW6KAK6ORY,"이후 2021년 7조6130억원, 2022년 34조2000억원 등으로 줄었다가 세수 펑크가 커진 2023년 117조6000억원으로 다시 급증했다.",정부의 연간 누적 대출은 2019년 36조5072억원에서 코로나 팬데믹이 터졌던 2020년 102조9130억원으로 크게 뛰었다.,정부가 한은 일시 대출을 많이 받을수록 세출에 비해 세입이 부족해 재원을 임시변통하는 일이 잦아졌다는 의미다.,국내공식통계,N,재정·조세,정부 한국은행 대출금,"정부, 한국은행, 대출, 세수 부족",-,-,-,,-,-,-,2022,-,Y,확정,34조2000억원,KOSIS_VALUE,hcx,정부 한국은행 대출금,-,2022,Y,hcx,현재값,3.42E+13,-,-,N,원,수준값,감소,전년,"이후 2021년 7조6130억원, 2022년 34조2000억원 등으로 줄었다가 세수 펑크가 커진 2023년 117조6000억원으로 다시 급증했다.",high,N,-,N,0,0,HCX-007,v1.6-prev2-context,2026-07-30,정부 한국은행 대출금,,2023,Y,원,원,currency,amount,unspecified,,Y,,,Y,MAP000102,"query: 측정지표: 정부 한국은행 대출금
통계 검색어: 정부, 한국은행, 대출, 세수 부족
분야: 재정·조세
기사 주장: 이후 2021년 7조6130억원, 2022년 34조2000억원 등으로 줄었다가 세수 펑크가 커진 2023년 117조6000억원으로 다시 급증했다.",success,20,0.004374,high,142,DT_D22043,2007272,2022년 자금 사정,장애인기업실태조사 > 2022년 > 재무 관련 사항,0.887061,0.0,0.0,0.665296,142,DT_D23043,2007272,2023년 자금 사정,장애인기업실태조사 > 2023년 > 재무 현황,0.881229,0.0,0.0,0.660922,142,DT_D23046,2007272,2023년 기준 부채금액 - 합계 및 평균,장애인기업실태조사 > 2023년 > 재무 현황,0.874935,0.0,0.0,0.656201,395,DT_395N_I2021132,2003024,자금 조달 시도 여부: 중앙정부 지원 자금,한국기업혁신조사 > 2022년도 조사(제조업 부문) > 자금 조달 > 자금 조달 시도 여부,0.87471,0.0,0.0,0.656032,395,DT_395N_S2022132,2003024,자금 조달 시도 여부: 중앙정부 지원 자금,한국기업혁신조사 > 2023년도 조사(서비스 부문) > 자금 조달 > 자금 조달 시도 여부,0.874317,0.0,0.0,0.655738
A0024-C010,A0024-C010-m3,A0024,"정부, 작년 세수 부족으로 韓銀서 170조원 빌려 썼다",2025-01-02,https://www.chosun.com/economy/economy_general/2025/01/02/LYWZZSQ6I5AVJDNTRW6KAK6ORY,"이후 2021년 7조6130억원, 2022년 34조2000억원 등으로 줄었다가 세수 펑크가 커진 2023년 117조6000억원으로 다시 급증했다.",정부의 연간 누적 대출은 2019년 36조5072억원에서 코로나 팬데믹이 터졌던 2020년 102조9130억원으로 크게 뛰었다.,정부가 한은 일시 대출을 많이 받을수록 세출에 비해 세입이 부족해 재원을 임시변통하는 일이 잦아졌다는 의미다.,국내공식통계,N,재정·조세,정부 한국은행 대출금,"정부, 한국은행, 대출, 세수 부족",-,-,-,,-,-,-,2023,-,Y,확정,117조6000억원,KOSIS_VALUE,hcx,정부 한국은행 대출금,-,2023,Y,hcx,현재값,1.176E+14,-,-,N,원,수준값,감소,전년,"이후 2021년 7조6130억원, 2022년 34조2000억원 등으로 줄었다가 세수 펑크가 커진 2023년 117조6000억원으로 다시 급증했다.",high,N,-,N,0,0,HCX-007,v1.6-prev2-context,2026-07-30,정부 한국은행 대출금,,2023,Y,원,원,currency,amount,unspecified,,Y,,,Y,MAP000103,"query: 측정지표: 정부 한국은행 대출금
통계 검색어: 정부, 한국은행, 대출, 세수 부족
분야: 재정·조세
기사 주장: 이후 2021년 7조6130억원, 2022년 34조2000억원 등으로 줄었다가 세수 펑크가 커진 2023년 117조6000억원으로 다시 급증했다.",success,20,0.004374,high,142,DT_D22043,2007272,2022년 자금 사정,장애인기업실태조사 > 2022년 > 재무 관련 사항,0.887061,0.0,0.0,0.665296,142,DT_D23043,2007272,2023년 자금 사정,장애인기업실태조사 > 2023년 > 재무 현황,0.881229,0.0,0.0,0.660922,142,DT_D23046,2007272,2023년 기준 부채금액 - 합계 및 평균,장애인기업실태조사 > 2023년 > 재무 현황,0.874935,0.0,0.0,0.656201,395,DT_395N_I2021132,2003024,자금 조달 시도 여부: 중앙정부 지원 자금,한국기업혁신조사 > 2022년도 조사(제조업 부문) > 자금 조달 > 자금 조달 시도 여부,0.87471,0.0,0.0,0.656032,395,DT_395N_S2022132,2003024,자금 조달 시도 여부: 중앙정부 지원 자금,한국기업혁신조사 > 2023년도 조사(서비스 부문) > 자금 조달 > 자금 조달 시도 여부,0.874317,0.0,0.0,0.655738
A0024-C011,A0024-C011-m1,A0024,"정부, 작년 세수 부족으로 韓銀서 170조원 빌려 썼다",2025-01-02,https://www.chosun.com/economy/economy_general/2025/01/02/LYWZZSQ6I5AVJDNTRW6KAK6ORY,지난해 이 같은 일시 대출에 따라 정부가 부담한 이자는 2092억원에 달한 것으로 집계됐다.,"이후 2021년 7조6130억원, 2022년 34조2000억원 등으로 줄었다가 세수 펑크가 커진 2023년 117조6000억원으로 다시 급증했다.",정부의 연간 누적 대출은 2019년 36조5072억원에서 코로나 팬데믹이 터졌던 2020년 102조9130억원으로 크게 뛰었다.,국내공식통계,N,재정·조세,정부 일시 대출 이자,"정부, 세수 부족, 한국은행, 이자",-,-,-,,-,-,-,2024,-,Y,확정,2092억원,KOSIS_VALUE,hcx,정부 일시 대출 이자,-,2024,Y,hcx,현재값,2.092E+11,-,-,N,원,수준값,-,전년,지난해 이 같은 일시 대출에 따라 정부가 부담한 이자는 2092억원에 달한 것으로 집계됐다.,high,N,-,N,0,0,HCX-007,v1.6-prev2-context,2026-07-30,정부 일시 대출 이자,,2024,Y,원,원,currency,amount,unspecified,,Y,,,Y,MAP000104,"query: 측정지표: 정부 일시 대출 이자
통계 검색어: 정부, 세수 부족, 한국은행, 이자
분야: 재정·조세
기사 주장: 지난해 이 같은 일시 대출에 따라 정부가 부담한 이자는 2092억원에 달한 것으로 집계됐다.",success,20,0.003352,high,303,DT_30303N_5121,1979013,'14년 대출 거절 사유,중소기업금융실태조사 > 2014년,0.880827,0.111111,0.0,0.682842,303,DT_30303N_745,1979013,비은행금융기관 대출 받은 이유,중소기업금융실태조사 > 2016~2020년 > 신규 자금조달 현황,0.876357,0.111111,0.0,0.67949,303,DT_303003_746,1979013,비은행금융기관에서 대출 받은 이유(복수응답),중소기업금융실태조사 > 2021년 이후 > 신규 자금조달 현황,0.876044,0.111111,0.0,0.679255,303,DT_30303N_642,1979013,'15년 은행 신규대출 거절 사유,중소기업금융실태조사 > 2015년,0.881085,0.0,0.0,0.660814,116,DT_MLTM_7009,2017061,일해서 벌어도 대출금 등 빚을 갚느라고 힘든지에 대한 의견,주택이외의거처주거실태조사 > 2022년,0.879349,0.0,0.0,0.659512
A0024-C012,A0024-C012-m1,A0024,"정부, 작년 세수 부족으로 韓銀서 170조원 빌려 썼다",2025-01-02,https://www.chosun.com/economy/economy_general/2025/01/02/LYWZZSQ6I5AVJDNTRW6KAK6ORY,역시 2023년 연간 이자(1506억원)를 크게 웃도는 역대 최대 수준이다.,지난해 이 같은 일시 대출에 따라 정부가 부담한 이자는 2092억원에 달한 것으로 집계됐다.,"이후 2021년 7조6130억원, 2022년 34조2000억원 등으로 줄었다가 세수 펑크가 커진 2023년 117조6000억원으로 다시 급증했다.",국내공식통계,N,재정·조세,정부 한국은행 대출 이자,"한국은행, 세수 부족, 이자",-,-,-,,-,-,-,2023,-,Y,확정,1506억원,KOSIS_VALUE,hcx,정부 한국은행 대출 이자,-,2023,Y,hcx,현재값,1.506E+11,-,-,N,원,수준값,유지,전년,역시 2023년 연간 이자(1506억원)를 크게 웃도는 역대 최대 수준이다.,high,N,-,N,0,0,HCX-007,v1.6-prev2-context,2026-07-30,정부 한국은행 대출 이자,,2023,Y,원,원,currency,amount,unspecified,,Y,,,Y,MAP000105,"query: 측정지표: 정부 한국은행 대출 이자
통계 검색어: 한국은행, 세수 부족, 이자
분야: 재정·조세
기사 주장: 역시 2023년 연간 이자(1506억원)를 크게 웃도는 역대 최대 수준이다.",success,20,0.001739,high,321,TX_32103_A148,2006036,최대 대출 희망한도(3차 소비자조사),주택금융및보금자리론실태조사 > 2005년 > 모기지론[장기주택자금 대출]에 대한 태도,0.877726,0.125,0.0,0.683294,321,TX_32103_A146,2006036,대출한도를 고려한 금리민감도(3차 소비자조사),주택금융및보금자리론실태조사 > 2005년 > 모기지론[장기주택자금 대출]에 대한 태도,0.875407,0.125,0.0,0.681555,321,TX_32103_A145,2006036,금리민감도(3차 소비자조사),주택금융및보금자리론실태조사 > 2005년 > 모기지론[장기주택자금 대출]에 대한 태도,0.874974,0.125,0.0,0.681231,142,DT_D23043,2007272,2023년 자금 사정,장애인기업실태조사 > 2023년 > 재무 현황,0.877194,0.0,0.0,0.657895,303,DT_30303N_5123,1979013,은행 신규대출 담보별 평균 대출금리,중소기업금융실태조사 > 2014년,0.876468,0.0,0.0,0.657351
A0024-C013,A0024-C013-m1,A0024,"정부, 작년 세수 부족으로 韓銀서 170조원 빌려 썼다",2025-01-02,https://www.chosun.com/economy/economy_general/2025/01/02/LYWZZSQ6I5AVJDNTRW6KAK6ORY,"다만 대출 이자율은 시중 금리 하락세에 따라 지난해 1분기(1~3월) 연 3.623%에서 2분기 연 3.563%, 3분기 연 3.543%, 4분기 연 3.302% 등으로 점차 낮아졌다.",역시 2023년 연간 이자(1506억원)를 크게 웃도는 역대 최대 수준이다.,지난해 이 같은 일시 대출에 따라 정부가 부담한 이자는 2092억원에 달한 것으로 집계됐다.,국내공식통계,N,재정·조세,대출 이자율,"정부, 세수 부족, 한국은행, 대출, 이자율",-,-,-,,-,-,-,2024Q1,-,Q,확정,3.62%,KOSIS_VALUE,hcx,대출 이자율,-,2024Q1,Q,hcx,현재값,3.623,-,-,N,%,수준값,감소,전분기,"다만 대출 이자율은 시중 금리 하락세에 따라 지난해 1분기(1~3월) 연 3.623%에서 2분기 연 3.563%, 3분기 연 3.543%, 4분기 연 3.302% 등으로 점차 낮아졌다.",high,N,-,N,0,0,HCX-007,v1.6-prev2-context,2026-07-30,대출 이자율,,2024Q1,Q,%,%,rate,level,unspecified,,Y,,,Y,MAP000106,"query: 측정지표: 대출 이자율
통계 검색어: 정부, 세수 부족, 한국은행, 대출, 이자율
분야: 재정·조세
기사 주장: 다만 대출 이자율은 시중 금리 하락세에 따라 지난해 1분기(1~3월) 연 3.623%에서 2분기 연 3.563%, 3분기 연 3.543%, 4분기 연 3.302% 등으로 점차 낮아졌다.",success,20,0.000934,high,303,DT_30303N_5277,1979013,은행으로부터 대출 시 애로사항,중소기업금융실태조사 > 2015년 상반기,0.87199,0.125,0.0,0.678992,303,DT_30303N_5121,1979013,'14년 대출 거절 사유,중소기업금융실태조사 > 2014년,0.870744,0.125,0.0,0.678058,321,TX_32103_A145,2006036,금리민감도(3차 소비자조사),주택금융및보금자리론실태조사 > 2005년 > 모기지론[장기주택자금 대출]에 대한 태도,0.869809,0.125,0.0,0.677357,303,DT_303003_828,1979013,대출금리 상승 지속 시 우려 부분,중소기업금융실태조사 > 2021년 이후 > 금리현황,0.875332,0.0,0.0,0.656499,136,TX_136_2009_H2098,2001010,최근 3년간 수액 생산량 및 감소 이유,임업경영실태조사 > 2019년이전 > 수액 채취업 > 경영의사 > 2015년 이전,0.874491,0.0,0.0,0.655868
A0024-C013,A0024-C013-m2,A0024,"정부, 작년 세수 부족으로 韓銀서 170조원 빌려 썼다",2025-01-02,https://www.chosun.com/economy/economy_general/2025/01/02/LYWZZSQ6I5AVJDNTRW6KAK6ORY,"다만 대출 이자율은 시중 금리 하락세에 따라 지난해 1분기(1~3월) 연 3.623%에서 2분기 연 3.563%, 3분기 연 3.543%, 4분기 연 3.302% 등으로 점차 낮아졌다.",역시 2023년 연간 이자(1506억원)를 크게 웃도는 역대 최대 수준이다.,지난해 이 같은 일시 대출에 따라 정부가 부담한 이자는 2092억원에 달한 것으로 집계됐다.,국내공식통계,N,재정·조세,대출 이자율,"정부, 세수 부족, 한국은행, 대출, 이자율",-,-,-,,-,-,-,2024Q2,-,Q,확정,3.56%,KOSIS_VALUE,hcx,대출 이자율,-,2024Q2,Q,hcx,이전값,3.563,-,-,N,%,수준값,감소,전분기,"다만 대출 이자율은 시중 금리 하락세에 따라 지난해 1분기(1~3월) 연 3.623%에서 2분기 연 3.563%, 3분기 연 3.543%, 4분기 연 3.302% 등으로 점차 낮아졌다.",high,N,-,N,0,0,HCX-007,v1.6-prev2-context,2026-07-30,대출 이자율,,2024Q1,Q,%,%,rate,level,unspecified,,Y,,,N,MAP000107,"query: 측정지표: 대출 이자율
통계 검색어: 정부, 세수 부족, 한국은행, 대출, 이자율
분야: 재정·조세
기사 주장: 다만 대출 이자율은 시중 금리 하락세에 따라 지난해 1분기(1~3월) 연 3.623%에서 2분기 연 3.563%, 3분기 연 3.543%, 4분기 연 3.302% 등으로 점차 낮아졌다.",success,20,0.000934,high,303,DT_30303N_5277,1979013,은행으로부터 대출 시 애로사항,중소기업금융실태조사 > 2015년 상반기,0.87199,0.125,0.0,0.678992,303,DT_30303N_5121,1979013,'14년 대출 거절 사유,중소기업금융실태조사 > 2014년,0.870744,0.125,0.0,0.678058,321,TX_32103_A145,2006036,금리민감도(3차 소비자조사),주택금융및보금자리론실태조사 > 2005년 > 모기지론[장기주택자금 대출]에 대한 태도,0.869809,0.125,0.0,0.677357,303,DT_303003_828,1979013,대출금리 상승 지속 시 우려 부분,중소기업금융실태조사 > 2021년 이후 > 금리현황,0.875332,0.0,0.0,0.656499,136,TX_136_2009_H2098,2001010,최근 3년간 수액 생산량 및 감소 이유,임업경영실태조사 > 2019년이전 > 수액 채취업 > 경영의사 > 2015년 이전,0.874491,0.0,0.0,0.655868
A0024-C013,A0024-C013-m3,A0024,"정부, 작년 세수 부족으로 韓銀서 170조원 빌려 썼다",2025-01-02,https://www.chosun.com/economy/economy_general/2025/01/02/LYWZZSQ6I5AVJDNTRW6KAK6ORY,"다만 대출 이자율은 시중 금리 하락세에 따라 지난해 1분기(1~3월) 연 3.623%에서 2분기 연 3.563%, 3분기 연 3.543%, 4분기 연 3.302% 등으로 점차 낮아졌다.",역시 2023년 연간 이자(1506억원)를 크게 웃도는 역대 최대 수준이다.,지난해 이 같은 일시 대출에 따라 정부가 부담한 이자는 2092억원에 달한 것으로 집계됐다.,국내공식통계,N,재정·조세,대출 이자율,"정부, 세수 부족, 한국은행, 대출, 이자율",-,-,-,,-,-,-,2024Q3,-,Q,확정,3.54%,KOSIS_VALUE,hcx,대출 이자율,-,2024Q3,Q,hcx,이전값,3.543,-,-,N,%,수준값,감소,전분기,"다만 대출 이자율은 시중 금리 하락세에 따라 지난해 1분기(1~3월) 연 3.623%에서 2분기 연 3.563%, 3분기 연 3.543%, 4분기 연 3.302% 등으로 점차 낮아졌다.",high,N,-,N,0,0,HCX-007,v1.6-prev2-context,2026-07-30,대출 이자율,,2024Q1,Q,%,%,rate,level,unspecified,,Y,,,N,MAP000108,"query: 측정지표: 대출 이자율
통계 검색어: 정부, 세수 부족, 한국은행, 대출, 이자율
분야: 재정·조세
기사 주장: 다만 대출 이자율은 시중 금리 하락세에 따라 지난해 1분기(1~3월) 연 3.623%에서 2분기 연 3.563%, 3분기 연 3.543%, 4분기 연 3.302% 등으로 점차 낮아졌다.",success,20,0.000934,high,303,DT_30303N_5277,1979013,은행으로부터 대출 시 애로사항,중소기업금융실태조사 > 2015년 상반기,0.87199,0.125,0.0,0.678992,303,DT_30303N_5121,1979013,'14년 대출 거절 사유,중소기업금융실태조사 > 2014년,0.870744,0.125,0.0,0.678058,321,TX_32103_A145,2006036,금리민감도(3차 소비자조사),주택금융및보금자리론실태조사 > 2005년 > 모기지론[장기주택자금 대출]에 대한 태도,0.869809,0.125,0.0,0.677357,303,DT_303003_828,1979013,대출금리 상승 지속 시 우려 부분,중소기업금융실태조사 > 2021년 이후 > 금리현황,0.875332,0.0,0.0,0.656499,136,TX_136_2009_H2098,2001010,최근 3년간 수액 생산량 및 감소 이유,임업경영실태조사 > 2019년이전 > 수액 채취업 > 경영의사 > 2015년 이전,0.874491,0.0,0.0,0.655868
A0024-C013,A0024-C013-m4,A0024,"정부, 작년 세수 부족으로 韓銀서 170조원 빌려 썼다",2025-01-02,https://www.chosun.com/economy/economy_general/2025/01/02/LYWZZSQ6I5AVJDNTRW6KAK6ORY,"다만 대출 이자율은 시중 금리 하락세에 따라 지난해 1분기(1~3월) 연 3.623%에서 2분기 연 3.563%, 3분기 연 3.543%, 4분기 연 3.302% 등으로 점차 낮아졌다.",역시 2023년 연간 이자(1506억원)를 크게 웃도는 역대 최대 수준이다.,지난해 이 같은 일시 대출에 따라 정부가 부담한 이자는 2092억원에 달한 것으로 집계됐다.,국내공식통계,N,재정·조세,대출 이자율,"정부, 세수 부족, 한국은행, 대출, 이자율",-,-,-,,-,-,-,2024Q4,-,Q,확정,3.30%,KOSIS_VALUE,hcx,대출 이자율,-,2024Q4,Q,hcx,이전값,3.302,-,-,N,%,수준값,감소,전분기,"다만 대출 이자율은 시중 금리 하락세에 따라 지난해 1분기(1~3월) 연 3.623%에서 2분기 연 3.563%, 3분기 연 3.543%, 4분기 연 3.302% 등으로 점차 낮아졌다.",high,N,-,N,0,0,HCX-007,v1.6-prev2-context,2026-07-30,대출 이자율,,2024Q1,Q,%,%,rate,level,unspecified,,Y,,,N,MAP000109,"query: 측정지표: 대출 이자율
통계 검색어: 정부, 세수 부족, 한국은행, 대출, 이자율
분야: 재정·조세
기사 주장: 다만 대출 이자율은 시중 금리 하락세에 따라 지난해 1분기(1~3월) 연 3.623%에서 2분기 연 3.563%, 3분기 연 3.543%, 4분기 연 3.302% 등으로 점차 낮아졌다.",success,20,0.000934,high,303,DT_30303N_5277,1979013,은행으로부터 대출 시 애로사항,중소기업금융실태조사 > 2015년 상반기,0.87199,0.125,0.0,0.678992,303,DT_30303N_5121,1979013,'14년 대출 거절 사유,중소기업금융실태조사 > 2014년,0.870744,0.125,0.0,0.678058,321,TX_32103_A145,2006036,금리민감도(3차 소비자조사),주택금융및보금자리론실태조사 > 2005년 > 모기지론[장기주택자금 대출]에 대한 태도,0.869809,0.125,0.0,0.677357,303,DT_303003_828,1979013,대출금리 상승 지속 시 우려 부분,중소기업금융실태조사 > 2021년 이후 > 금리현황,0.875332,0.0,0.0,0.656499,136,TX_136_2009_H2098,2001010,최근 3년간 수액 생산량 및 감소 이유,임업경영실태조사 > 2019년이전 > 수액 채취업 > 경영의사 > 2015년 이전,0.874491,0.0,0.0,0.655868
A0026-C004,A0026-C004-m1,A0026,"선물환포지션 한도 풀고, 외화대출 규제도 완화",2025-01-02,https://www.chosun.com/economy/economy_general/2025/01/02/QWFKNTB7ZRARZGL4HKVD5NS234,"최근 미국 경제가 호조세를 보이고 있고, 트럼프 2기 행정부 출범과 국내 정치적 불안이 겹치면서 달러 대비 원화 환율은 지난달 말(30일) 오후 3시 30분 기준 1472.5원을 기록했다.",2일 기획재정부는 이 같은 내용이 담긴 외환시장 관련 ‘2025년 경제정책방향’을 발표했다.,국내 정치 상황의 불확실성이 계속되고 ‘미국 우선주의’를 앞세운 트럼프 2기 행정부 출범이 가까워짐에 따라 달러당 원화 환율 급등에 적극 대응하겠다는 것이다.,국내공식통계,N,금융·금리,달러 대비 원화 환율,"선물환포지션, 외화대출 규제, 환율 급등",-,-,-,,-,-,-,202501,-,M,확정,1472.5원,KOSIS_VALUE,hcx,달러 대비 원화 환율,-,202501,M,hcx,현재값,1472.5,-,-,N,원,수준값,-,전년동기,"최근 미국 경제가 호조세를 보이고 있고, 트럼프 2기 행정부 출범과 국내 정치적 불안이 겹치면서 달러 대비 원화 환율은 지난달 말(30일) 오후 3시 30분 기준 1472.5원을 기록했다.",high,N,-,N,0,0,HCX-007,v1.6-prev2-context,2026-07-30,달러 대비 원화 환율,,202501,M,원,원,currency,amount,unspecified,,Y,,,N,MAP000110,"query: 측정지표: 달러 대비 원화 환율
통계 검색어: 선물환포지션, 외화대출 규제, 환율 급등
분야: 금융·금리
기사 주장: 최근 미국 경제가 호조세를 보이고 있고, 트럼프 2기 행정부 출범과 국내 정치적 불안이 겹치면서 달러 대비 원화 환율은 지난달 말(30일) 오후 3시 30분 기준 1472.5원을 기록했다.",success,20,0.004472,high,380,DT_380002_A0982_7TH,2006031,지난 2주간의 느낌_마음이 차분하고 편안했다,근로환경조사 > 건강영향지표,0.850424,0.0,0.0,0.637818,154,DT_117079_22BB014200,2009027,지난 1주일 경제활동 시간,전국다문화가족실태조사 > 2021년 > 본인,0.844461,0.0,0.0,0.633346,343,DT_343_2010_S0181,1976006,미국달러선물 거래실적,증권·파생상품시장통계 > 파생상품 > 통화기타상품,0.843917,0.0,0.0,0.632938,154,DT_117079_22BB014000,2009027,지난 1주일 경제활동 여부,전국다문화가족실태조사 > 2021년 > 본인,0.843744,0.0,0.0,0.632808,380,DT_380002_A0985_7TH,2006031,지난 2주간의 느낌_일상생활은 흥미로운 것들로 가득 차있었다,근로환경조사 > 건강영향지표,0.842374,0.0,0.0,0.63178
A0029-C002,A0029-C002-m1,A0029,완성차 5사 판매량 3년만에 감소세로...내수 부진에 전기차 캐즘 본격화,2025-01-03,https://www.chosun.com/economy/auto/2025/01/03/N4AM2ZKHUBDXHOEEKGPMWO4Y2U,"작년 국내 완성차 업체들의 판매량이 2023년 대비 0.6% 줄며, 3년만에 감소세로 돌아섰다.",한국 경제의 내수와 수출을 떠받치던 자동차 산업이 전기차 캐즘(수요 정체) 영향권에 본격 접어들면서 실적 부진에 빠졌다.,,국내공식통계,N,소매·소비,완성차 판매량,"완성차, 판매량, 감소세, 전기차, 캐즘",-,-,-,완성차,-,-,-,2023,-,Y,확정,0.60%,KOSIS_VALUE,hcx,완성차 판매량,완성차,2023,Y,hcx,증감률,0.6,-,-,N,%,증감률,감소,전년,"작년 국내 완성차 업체들의 판매량이 2023년 대비 0.6% 줄며, 3년만에 감소세로 돌아섰다.",high,N,-,N,0,0,HCX-007,v1.6-prev2-context,2026-07-30,완성차 판매량 증감률,완성차,2024,Y,%,%,rate,rate_change,item,2022,Y,,,Y,MAP000111,"query: 측정지표: 완성차 판매량
대표지표: 완성차 판매량 증감률
통계 검색어: 완성차, 판매량, 감소세, 전기차, 캐즘
세부항목: 완성차
분야: 소매·소비
기사 주장: 작년 국내 완성차 업체들의 판매량이 2023년 대비 0.6% 줄며, 3년만에 감소세로 돌아섰다.",success,20,0.00063,high,115,DT_115042_25_014,2025009,전년도 대비 당해년도 연간 자동차 부품산업 매출액 증감 여부,자동차부품산업실태조사,0.888886,0.0,0.0,0.666664,136,TX_136_2009_H2094,2001010,최근 3년간 생산량 변화 및 감소 이유,임업경영실태조사 > 2019년이전 > 수액 채취업 > 경영의사 > 2015년 이전,0.888045,0.0,0.0,0.666034,136,TX_136_2009_H2098,2001010,최근 3년간 수액 생산량 및 감소 이유,임업경영실태조사 > 2019년이전 > 수액 채취업 > 경영의사 > 2015년 이전,0.885707,0.0,0.0,0.664281,395,DT_395N_S2022058,2003024,"기계, 장비, 소프트웨어 구입: 이전 사용과 동일하거나 미미하게 개선된 장비","한국기업혁신조사 > 2023년도 조사(서비스 부문) > 기계, 장비, 소프트웨어 구입 > 기계, 장비, 소프트웨어 구입",0.884452,0.0,0.0,0.663339,136,DT_13622N_A098,2001010,최근 3년간 수액 생산량 변화 및 감소 이유,임업경영실태조사 > 2019년이전 > 수액 채취업 > 경영의사 > 2015년 이전,0.8831,0.0,0.0,0.662325
A0029-C003,A0029-C003-m1,A0029,완성차 5사 판매량 3년만에 감소세로...내수 부진에 전기차 캐즘 본격화,2025-01-03,https://www.chosun.com/economy/auto/2025/01/03/N4AM2ZKHUBDXHOEEKGPMWO4Y2U,"경기 침체 속 내수 판매가 6%대 급감했고, 수출은 전체적으로 보합세를 보인 가운데 현대차와 르노코리아 등 판매량이 큰 폭으로 줄었다.","작년 국내 완성차 업체들의 판매량이 2023년 대비 0.6% 줄며, 3년만에 감소세로 돌아섰다.",한국 경제의 내수와 수출을 떠받치던 자동차 산업이 전기차 캐즘(수요 정체) 영향권에 본격 접어들면서 실적 부진에 빠졌다.,국내공식통계,N,소매·소비,완성차 판매량 증감률,"완성차, 판매량, 내수, 수출, 전기차, 캐즘",-,-,-,,-,-,-,2024,-,Y,확정,6%,KOSIS_VALUE,hcx,완성차 판매량 증감률,-,2024,Y,hcx,증감률,6,-,-,N,%,증감률,감소,전년,"경기 침체 속 내수 판매가 6%대 급감했고, 수출은 전체적으로 보합세를 보인 가운데 현대차와 르노코리아 등 판매량이 큰 폭으로 줄었다.",high,N,-,N,0,0,HCX-007,v1.6-prev2-context,2026-07-30,완성차 판매량,,2024,Y,%,%,rate,rate_change,unspecified,2023,Y,,,Y,MAP000112,"query: 측정지표: 완성차 판매량 증감률
대표지표: 완성차 판매량
통계 검색어: 완성차, 판매량, 내수, 수출, 전기차, 캐즘
분야: 소매·소비
기사 주장: 경기 침체 속 내수 판매가 6%대 급감했고, 수출은 전체적으로 보합세를 보인 가운데 현대차와 르노코리아 등 판매량이 큰 폭으로 줄었다.",success,20,2e-05,high,115,DT_115036_A012,2022038,판매 - 내수 실적,중견기업경기전망조사 > 중견기업 > 전체,0.887749,0.111111,0.0,0.688034,115,DT_115036_B012,2022038,판매 - 내수 실적,중견기업경기전망조사 > 중견기업 후보기업 > 전체,0.887722,0.111111,0.0,0.688014,115,DT_115036_B051,2022038,판매 - 내수 실적,중견기업경기전망조사 > 중견기업 후보기업 > 제조업,0.885796,0.111111,0.0,0.686569,115,DT_115036_A013,2022038,판매 - 내수 전망,중견기업경기전망조사 > 중견기업 > 전체,0.885629,0.111111,0.0,0.686444,115,DT_115036_A051,2022038,판매 - 내수 실적,중견기업경기전망조사 > 중견기업 > 제조업,0.885381,0.111111,0.0,0.686258
A0029-C004,A0029-C004-m1,A0029,완성차 5사 판매량 3년만에 감소세로...내수 부진에 전기차 캐즘 본격화,2025-01-03,https://www.chosun.com/economy/auto/2025/01/03/N4AM2ZKHUBDXHOEEKGPMWO4Y2U,"국내 완성차 5사(현대차, 기아, GM 한국사업장, KG모빌리티, 르노코리아)는 작년 794만7170대를 국내외에 판매했다고 3일 밝혔다.","경기 침체 속 내수 판매가 6%대 급감했고, 수출은 전체적으로 보합세를 보인 가운데 현대차와 르노코리아 등 판매량이 큰 폭으로 줄었다.","작년 국내 완성차 업체들의 판매량이 2023년 대비 0.6% 줄며, 3년만에 감소세로 돌아섰다.",국내공식통계,Y,소매·소비,완성차 판매량,"완성차, 5사, 판매량, 감소세, 내수 부진, 전기차, 캐즘",-,-,-,자동차,-,-,-,2024,-,Y,확정,794만7170대,KOSIS_VALUE,hcx,완성차 판매량,자동차,2024,Y,hcx,현재값,7947170,-,-,N,대,수준값,-,전년,"국내 완성차 5사(현대차, 기아, GM 한국사업장, KG모빌리티, 르노코리아)는 작년 794만7170대를 국내외에 판매했다고 3일 밝혔다.",high,N,-,N,0,0,HCX-007,v1.6-prev2-context,2026-07-30,완성차 판매량,자동차,2024,Y,대,대,count,count,vehicle,,Y,,,Y,MAP000113,"query: 측정지표: 완성차 판매량
통계 검색어: 완성차, 5사, 판매량, 감소세, 내수 부진, 전기차, 캐즘
세부항목: 자동차
분야: 소매·소비
기사 주장: 국내 완성차 5사(현대차, 기아, GM 한국사업장, KG모빌리티, 르노코리아)는 작년 794만7170대를 국내외에 판매했다고 3일 밝혔다.",success,20,0.001611,high,115,DT_115042_25_014,2025009,전년도 대비 당해년도 연간 자동차 부품산업 매출액 증감 여부,자동차부품산업실태조사,0.875256,0.0,1.0,0.706442,115,DT_115042_25_013,2025009,당해년도 연간 자동차 부품산업 총 매출액(합계),자동차부품산업실태조사,0.873108,0.0,1.0,0.704831,115,DT_115042_25_045,2025009,자동차 부품 수출계획 관련 애로사항,자동차부품산업실태조사,0.872808,0.0,1.0,0.704606,115,DT_115042_25_075,2025009,자동차 부품산업 연간 투자액,자동차부품산업실태조사,0.872724,0.0,1.0,0.704543,115,DT_115042_25_023,2025009,생산 품목별 내수 금액(합계),자동차부품산업실태조사,0.873317,0.111111,0.0,0.67721
A0029-C005,A0029-C005-m1,A0029,완성차 5사 판매량 3년만에 감소세로...내수 부진에 전기차 캐즘 본격화,2025-01-03,https://www.chosun.com/economy/auto/2025/01/03/N4AM2ZKHUBDXHOEEKGPMWO4Y2U,"국내 판매는 135만6706대로 전년 대비 6.4% 줄었고, 해외 판매는 658만4378대로 같은 기간 0.7% 늘었다.","국내 완성차 5사(현대차, 기아, GM 한국사업장, KG모빌리티, 르노코리아)는 작년 794만7170대를 국내외에 판매했다고 3일 밝혔다.","경기 침체 속 내수 판매가 6%대 급감했고, 수출은 전체적으로 보합세를 보인 가운데 현대차와 르노코리아 등 판매량이 큰 폭으로 줄었다.",국내공식통계,Y,소매·소비,완성차 판매량,"완성차, 판매량, 내수, 전기차, 캐즘",-,-,-,,-,-,-,2024,-,Y,확정,135만6706대,KOSIS_VALUE,hcx,완성차 판매량,-,2024,Y,hcx,현재값,1356706,-,-,N,대,수준값,감소,전년,"국내 판매는 135만6706대로 전년 대비 6.4% 줄었고, 해외 판매는 658만4378대로 같은 기간 0.7% 늘었다.",high,N,-,N,0,0,HCX-007,v1.6-prev2-context,2026-07-30,완성차 판매량,,2024,Y,대,대,count,count,unspecified,,Y,,,Y,MAP000114,"query: 측정지표: 완성차 판매량
통계 검색어: 완성차, 판매량, 내수, 전기차, 캐즘
분야: 소매·소비
기사 주장: 국내 판매는 135만6706대로 전년 대비 6.4% 줄었고, 해외 판매는 658만4378대로 같은 기간 0.7% 늘었다.",success,20,0.002577,high,463,DT_FS463001_A068,2022033,국내 마케팅 관련 애로사항,자동차튜닝산업실태조사,0.890095,0.0,0.0,0.667571,463,DT_FS463001_A069,2022033,해외진출 관련 애로사항,자동차튜닝산업실태조사,0.886659,0.0,0.0,0.664994,463,DT_FS463001_A055,2022033,자동차튜닝 관련 매출액 중 해외수출액 비중,자동차튜닝산업실태조사,0.884726,0.0,0.0,0.663544,463,DT_FS463001_A049,2022033,[자동차튜닝 관련 매출 경로별 비중] 기타,자동차튜닝산업실태조사,0.883943,0.0,0.0,0.662958,463,DT_FS463001_A056,2022033,자동차튜닝 관련 해외수출액,자동차튜닝산업실태조사,0.883237,0.0,0.0,0.662428
A0029-C005,A0029-C005-m2,A0029,완성차 5사 판매량 3년만에 감소세로...내수 부진에 전기차 캐즘 본격화,2025-01-03,https://www.chosun.com/economy/auto/2025/01/03/N4AM2ZKHUBDXHOEEKGPMWO4Y2U,"국내 판매는 135만6706대로 전년 대비 6.4% 줄었고, 해외 판매는 658만4378대로 같은 기간 0.7% 늘었다.","국내 완성차 5사(현대차, 기아, GM 한국사업장, KG모빌리티, 르노코리아)는 작년 794만7170대를 국내외에 판매했다고 3일 밝혔다.","경기 침체 속 내수 판매가 6%대 급감했고, 수출은 전체적으로 보합세를 보인 가운데 현대차와 르노코리아 등 판매량이 큰 폭으로 줄었다.",국내공식통계,Y,소매·소비,완성차 판매량 증감률,"완성차, 판매량, 내수, 전기차, 캐즘",-,-,-,,-,-,-,2024,-,Y,확정,6.40%,KOSIS_VALUE,hcx,완성차 판매량 증감률,-,2024,Y,hcx,증감률,6.4,-,-,N,%,증감률,감소,전년,"국내 판매는 135만6706대로 전년 대비 6.4% 줄었고, 해외 판매는 658만4378대로 같은 기간 0.7% 늘었다.",high,N,-,N,0,0,HCX-007,v1.6-prev2-context,2026-07-30,완성차 판매량,,2024,Y,%,%,rate,rate_change,unspecified,2023,Y,,,Y,MAP000115,"query: 측정지표: 완성차 판매량 증감률
대표지표: 완성차 판매량
통계 검색어: 완성차, 판매량, 내수, 전기차, 캐즘
분야: 소매·소비
기사 주장: 국내 판매는 135만6706대로 전년 대비 6.4% 줄었고, 해외 판매는 658만4378대로 같은 기간 0.7% 늘었다.",success,20,0.003517,high,463,DT_FS463001_A068,2022033,국내 마케팅 관련 애로사항,자동차튜닝산업실태조사,0.891192,0.0,0.0,0.668394,115,DT_115042_25_014,2025009,전년도 대비 당해년도 연간 자동차 부품산업 매출액 증감 여부,자동차부품산업실태조사,0.886503,0.0,0.0,0.664877,463,DT_FS463001_A069,2022033,해외진출 관련 애로사항,자동차튜닝산업실태조사,0.885962,0.0,0.0,0.664472,463,DT_FS463001_A049,2022033,[자동차튜닝 관련 매출 경로별 비중] 기타,자동차튜닝산업실태조사,0.883388,0.0,0.0,0.662541,463,DT_FS463001_A055,2022033,자동차튜닝 관련 매출액 중 해외수출액 비중,자동차튜닝산업실태조사,0.883326,0.0,0.0,0.662495
A0029-C005,A0029-C005-m3,A0029,완성차 5사 판매량 3년만에 감소세로...내수 부진에 전기차 캐즘 본격화,2025-01-03,https://www.chosun.com/economy/auto/2025/01/03/N4AM2ZKHUBDXHOEEKGPMWO4Y2U,"국내 판매는 135만6706대로 전년 대비 6.4% 줄었고, 해외 판매는 658만4378대로 같은 기간 0.7% 늘었다.","국내 완성차 5사(현대차, 기아, GM 한국사업장, KG모빌리티, 르노코리아)는 작년 794만7170대를 국내외에 판매했다고 3일 밝혔다.","경기 침체 속 내수 판매가 6%대 급감했고, 수출은 전체적으로 보합세를 보인 가운데 현대차와 르노코리아 등 판매량이 큰 폭으로 줄었다.",국내공식통계,Y,소매·소비,완성차 판매량,"완성차, 판매량, 내수, 전기차, 캐즘",-,-,-,,-,-,-,2024,-,Y,확정,658만4378대,KOSIS_VALUE,hcx,완성차 판매량,-,2024,Y,hcx,현재값,6584378,-,-,N,대,수준값,증가,전년,"국내 판매는 135만6706대로 전년 대비 6.4% 줄었고, 해외 판매는 658만4378대로 같은 기간 0.7% 늘었다.",high,N,-,N,0,0,HCX-007,v1.6-prev2-context,2026-07-30,완성차 판매량,,2024,Y,대,대,count,count,unspecified,,Y,,,Y,MAP000116,"query: 측정지표: 완성차 판매량
통계 검색어: 완성차, 판매량, 내수, 전기차, 캐즘
분야: 소매·소비
기사 주장: 국내 판매는 135만6706대로 전년 대비 6.4% 줄었고, 해외 판매는 658만4378대로 같은 기간 0.7% 늘었다.",success,20,0.002577,high,463,DT_FS463001_A068,2022033,국내 마케팅 관련 애로사항,자동차튜닝산업실태조사,0.890095,0.0,0.0,0.667571,463,DT_FS463001_A069,2022033,해외진출 관련 애로사항,자동차튜닝산업실태조사,0.886659,0.0,0.0,0.664994,463,DT_FS463001_A055,2022033,자동차튜닝 관련 매출액 중 해외수출액 비중,자동차튜닝산업실태조사,0.884726,0.0,0.0,0.663544,463,DT_FS463001_A049,2022033,[자동차튜닝 관련 매출 경로별 비중] 기타,자동차튜닝산업실태조사,0.883943,0.0,0.0,0.662958,463,DT_FS463001_A056,2022033,자동차튜닝 관련 해외수출액,자동차튜닝산업실태조사,0.883237,0.0,0.0,0.662428
A0029-C005,A0029-C005-m4,A0029,완성차 5사 판매량 3년만에 감소세로...내수 부진에 전기차 캐즘 본격화,2025-01-03,https://www.chosun.com/economy/auto/2025/01/03/N4AM2ZKHUBDXHOEEKGPMWO4Y2U,"국내 판매는 135만6706대로 전년 대비 6.4% 줄었고, 해외 판매는 658만4378대로 같은 기간 0.7% 늘었다.","국내 완성차 5사(현대차, 기아, GM 한국사업장, KG모빌리티, 르노코리아)는 작년 794만7170대를 국내외에 판매했다고 3일 밝혔다.","경기 침체 속 내수 판매가 6%대 급감했고, 수출은 전체적으로 보합세를 보인 가운데 현대차와 르노코리아 등 판매량이 큰 폭으로 줄었다.",국내공식통계,Y,소매·소비,완성차 판매량 증감률,"완성차, 판매량, 내수, 전기차, 캐즘",-,-,-,,-,-,-,2024,-,Y,확정,0.70%,KOSIS_VALUE,hcx,완성차 판매량 증감률,-,2024,Y,hcx,증감률,0.7,-,-,N,%,증감률,증가,전년,"국내 판매는 135만6706대로 전년 대비 6.4% 줄었고, 해외 판매는 658만4378대로 같은 기간 0.7% 늘었다.",high,N,-,N,0,0,HCX-007,v1.6-prev2-context,2026-07-30,완성차 판매량,,2024,Y,%,%,rate,rate_change,unspecified,2023,Y,,,Y,MAP000117,"query: 측정지표: 완성차 판매량 증감률
대표지표: 완성차 판매량
통계 검색어: 완성차, 판매량, 내수, 전기차, 캐즘
분야: 소매·소비
기사 주장: 국내 판매는 135만6706대로 전년 대비 6.4% 줄었고, 해외 판매는 658만4378대로 같은 기간 0.7% 늘었다.",success,20,0.003517,high,463,DT_FS463001_A068,2022033,국내 마케팅 관련 애로사항,자동차튜닝산업실태조사,0.891192,0.0,0.0,0.668394,115,DT_115042_25_014,2025009,전년도 대비 당해년도 연간 자동차 부품산업 매출액 증감 여부,자동차부품산업실태조사,0.886503,0.0,0.0,0.664877,463,DT_FS463001_A069,2022033,해외진출 관련 애로사항,자동차튜닝산업실태조사,0.885962,0.0,0.0,0.664472,463,DT_FS463001_A049,2022033,[자동차튜닝 관련 매출 경로별 비중] 기타,자동차튜닝산업실태조사,0.883388,0.0,0.0,0.662541,463,DT_FS463001_A055,2022033,자동차튜닝 관련 매출액 중 해외수출액 비중,자동차튜닝산업실태조사,0.883326,0.0,0.0,0.662495
A0029-C008,A0029-C008-m1,A0029,완성차 5사 판매량 3년만에 감소세로...내수 부진에 전기차 캐즘 본격화,2025-01-03,https://www.chosun.com/economy/auto/2025/01/03/N4AM2ZKHUBDXHOEEKGPMWO4Y2U,"현대차는 지난해 판매량이 414만 1791대로, 2023년 대비 1.8% 감소했다.","고금리 속 경기 침체가 심화됐고, 충전 불편과 비싼 가격을 이유로 전기차 수요가 주춤한 영향이다.",작년 완성차 5사의 국내 판매는 하반기 신차를 낸 르노코리아를 제외하고 일제히 줄었다.,국내공식통계,Y,소매·소비,완성차 판매량,"완성차 5사, 내수 부진, 전기차 캐즘",-,-,-,자동차,-,-,-,2024,-,Y,확정,414만 1791대,KOSIS_VALUE,hcx,완성차 판매량,자동차,2024,Y,hcx,현재값,1791,-,-,N,대,수준값,감소,전년,"현대차는 지난해 판매량이 414만 1791대로, 2023년 대비 1.8% 감소했다.",high,N,-,Y,0,0,HCX-007,v1.6-prev2-context,2026-07-30,완성차 판매량,자동차,2024,Y,대,대,count,count,vehicle,,Y,,,N,MAP000118,"query: 측정지표: 완성차 판매량
통계 검색어: 완성차 5사, 내수 부진, 전기차 캐즘
세부항목: 자동차
분야: 소매·소비
기사 주장: 현대차는 지난해 판매량이 414만 1791대로, 2023년 대비 1.8% 감소했다.",success,20,0.019458,high,114,DT_114053_117,2016043,현재 차량(자동차) 보유수,가공식품소비자태도조사 > 2018년 이후 > 식품 소비 라이프스타일 및 인식,0.867548,0.125,1.0,0.725661,115,DT_115042_25_047,2025009,자동차 부품 신규 수출 및 확대 계획이 없는 이유_1+2순위,자동차부품산업실태조사,0.874937,0.0,1.0,0.706203,115,DT_115042_25_046,2025009,자동차 부품 신규 수출 및 확대 계획이 없는 이유_1순위,자동차부품산업실태조사,0.87369,0.0,1.0,0.705267,115,DT_115042_25_014,2025009,전년도 대비 당해년도 연간 자동차 부품산업 매출액 증감 여부,자동차부품산업실태조사,0.869871,0.0,1.0,0.702403,115,DT_115042_25_037,2025009,자동차 부품산업 분야 주요 수출 품목_1+2+3순위,자동차부품산업실태조사,0.867705,0.0,1.0,0.700779
A0029-C008,A0029-C008-m2,A0029,완성차 5사 판매량 3년만에 감소세로...내수 부진에 전기차 캐즘 본격화,2025-01-03,https://www.chosun.com/economy/auto/2025/01/03/N4AM2ZKHUBDXHOEEKGPMWO4Y2U,"현대차는 지난해 판매량이 414만 1791대로, 2023년 대비 1.8% 감소했다.","고금리 속 경기 침체가 심화됐고, 충전 불편과 비싼 가격을 이유로 전기차 수요가 주춤한 영향이다.",작년 완성차 5사의 국내 판매는 하반기 신차를 낸 르노코리아를 제외하고 일제히 줄었다.,국내공식통계,Y,소매·소비,완성차 판매량 증감률,"완성차 5사, 내수 부진, 전기차 캐즘",-,-,-,자동차,-,-,-,2023,-,Y,확정,1.80%,KOSIS_VALUE,hcx,완성차 판매량 증감률,자동차,2023,Y,hcx,증감률,1.8,-,-,N,%,증감률,감소,전년,"현대차는 지난해 판매량이 414만 1791대로, 2023년 대비 1.8% 감소했다.",high,N,-,Y,0,0,HCX-007,v1.6-prev2-context,2026-07-30,완성차 판매량,자동차,2024,Y,%,%,rate,rate_change,vehicle,2022,Y,,,Y,MAP000119,"query: 측정지표: 완성차 판매량 증감률
대표지표: 완성차 판매량
통계 검색어: 완성차 5사, 내수 부진, 전기차 캐즘
세부항목: 자동차
분야: 소매·소비
기사 주장: 현대차는 지난해 판매량이 414만 1791대로, 2023년 대비 1.8% 감소했다.",success,20,0.01366,high,114,DT_114053_117,2016043,현재 차량(자동차) 보유수,가공식품소비자태도조사 > 2018년 이후 > 식품 소비 라이프스타일 및 인식,0.86787,0.111111,1.0,0.723125,115,DT_115042_25_014,2025009,전년도 대비 당해년도 연간 자동차 부품산업 매출액 증감 여부,자동차부품산업실태조사,0.879286,0.0,1.0,0.709465,115,DT_115042_25_047,2025009,자동차 부품 신규 수출 및 확대 계획이 없는 이유_1+2순위,자동차부품산업실태조사,0.87639,0.0,1.0,0.707293,115,DT_115042_25_046,2025009,자동차 부품 신규 수출 및 확대 계획이 없는 이유_1순위,자동차부품산업실태조사,0.87536,0.0,1.0,0.70652,115,DT_115042_25_045,2025009,자동차 부품 수출계획 관련 애로사항,자동차부품산업실태조사,0.868311,0.0,1.0,0.701233
A0029-C009,A0029-C009-m1,A0029,완성차 5사 판매량 3년만에 감소세로...내수 부진에 전기차 캐즘 본격화,2025-01-03,https://www.chosun.com/economy/auto/2025/01/03/N4AM2ZKHUBDXHOEEKGPMWO4Y2U,"해외 판매가 0.5% 줄었고, 국내 판매가 7.5% 급감했다.","현대차는 지난해 판매량이 414만 1791대로, 2023년 대비 1.8% 감소했다.","고금리 속 경기 침체가 심화됐고, 충전 불편과 비싼 가격을 이유로 전기차 수요가 주춤한 영향이다.",국내공식통계,Y,소매·소비,해외 판매 증감률,"완성차, 5사, 내수, 전기차, 캐즘",-,-,-,완성차,-,-,-,2024,-,Y,확정,0.50%,KOSIS_VALUE,hcx,해외 판매 증감률,완성차,2024,Y,hcx,증감률,0.5,-,-,N,%,증감률,감소,전년,"해외 판매가 0.5% 줄었고, 국내 판매가 7.5% 급감했다.",high,N,-,N,0,0,HCX-007,v1.6-prev2-context,2026-07-30,완성차 판매량,,2024,Y,%,%,rate,rate_change,item,2023,Y,,,Y,MAP000120,"query: 측정지표: 해외 판매 증감률
대표지표: 완성차 판매량
통계 검색어: 완성차, 5사, 내수, 전기차, 캐즘
세부항목: 완성차
분야: 소매·소비
기사 주장: 해외 판매가 0.5% 줄었고, 국내 판매가 7.5% 급감했다.",success,20,4.2e-05,high,115,DT_115042_25_006,2025009,현재 해외 사업체 보유 여부 및 향후 설립 계획,자동차부품산업실태조사,0.880843,0.1,0.0,0.680632,453,DT_39301_07_0048,2003016,해외 판매지점/생산공장,여성기업실태조사 > 2004년~2006년 > 경영 활동 사항,0.880787,0.1,0.0,0.68059,116,DT_MLTM_6680,2020028,해외 매출액,기계설비산업실태조사,0.880101,0.1,0.0,0.680075,115,DT_115042_25_023,2025009,생산 품목별 내수 금액(합계),자동차부품산업실태조사,0.878498,0.1,0.0,0.678874,463,DT_FS463001_A068,2022033,국내 마케팅 관련 애로사항,자동차튜닝산업실태조사,0.888813,0.0,0.0,0.66661
A0029-C009,A0029-C009-m2,A0029,완성차 5사 판매량 3년만에 감소세로...내수 부진에 전기차 캐즘 본격화,2025-01-03,https://www.chosun.com/economy/auto/2025/01/03/N4AM2ZKHUBDXHOEEKGPMWO4Y2U,"해외 판매가 0.5% 줄었고, 국내 판매가 7.5% 급감했다.","현대차는 지난해 판매량이 414만 1791대로, 2023년 대비 1.8% 감소했다.","고금리 속 경기 침체가 심화됐고, 충전 불편과 비싼 가격을 이유로 전기차 수요가 주춤한 영향이다.",국내공식통계,Y,소매·소비,국내 판매 증감률,"완성차, 5사, 내수, 전기차, 캐즘",-,-,-,완성차,-,-,-,2024,-,Y,확정,7.50%,KOSIS_VALUE,hcx,국내 판매 증감률,완성차,2024,Y,hcx,증감률,7.5,-,-,N,%,증감률,감소,전년,"해외 판매가 0.5% 줄었고, 국내 판매가 7.5% 급감했다.",high,N,-,N,0,0,HCX-007,v1.6-prev2-context,2026-07-30,완성차 판매량,,2024,Y,%,%,rate,rate_change,item,2023,Y,,,Y,MAP000121,"query: 측정지표: 국내 판매 증감률
대표지표: 완성차 판매량
통계 검색어: 완성차, 5사, 내수, 전기차, 캐즘
세부항목: 완성차
분야: 소매·소비
기사 주장: 해외 판매가 0.5% 줄었고, 국내 판매가 7.5% 급감했다.",success,20,0.008393,high,463,DT_FS463001_A068,2022033,국내 마케팅 관련 애로사항,자동차튜닝산업실태조사,0.890411,0.1,0.0,0.687808,115,DT_115042_25_023,2025009,생산 품목별 내수 금액(합계),자동차부품산업실태조사,0.87922,0.1,0.0,0.679415,116,DT_MLTM_1062,1975011,국내・국제화물 월별 수송수단별,교통부문수송실적보고,0.878539,0.1,0.0,0.678904,463,DT_FS463001_A069,2022033,해외진출 관련 애로사항,자동차튜닝산업실태조사,0.884652,0.0,0.0,0.663489,115,DT_115042_25_014,2025009,전년도 대비 당해년도 연간 자동차 부품산업 매출액 증감 여부,자동차부품산업실태조사,0.884441,0.0,0.0,0.663331
A0029-C010,A0029-C010-m2,A0029,완성차 5사 판매량 3년만에 감소세로...내수 부진에 전기차 캐즘 본격화,2025-01-03,https://www.chosun.com/economy/auto/2025/01/03/N4AM2ZKHUBDXHOEEKGPMWO4Y2U,작년 국내에서 현대차의 전기차 판매량은 1년 전보다 27.7%나 줄었다.,"해외 판매가 0.5% 줄었고, 국내 판매가 7.5% 급감했다.","현대차는 지난해 판매량이 414만 1791대로, 2023년 대비 1.8% 감소했다.",국내공식통계,Y,소매·소비,전기차 판매량,"완성차, 판매량, 내수, 전기차, 캐즘",-,-,-,현대차,-,-,-,2024,-,Y,확정,27.70%,KOSIS_VALUE,hcx,전기차 판매량,현대차,2024,Y,hcx,증감률,27.7,-,-,N,%,증감률,감소,전년,작년 국내에서 현대차의 전기차 판매량은 1년 전보다 27.7%나 줄었다.,high,N,-,Y,0,0,HCX-007,v1.6-prev2-context,2026-07-30,전기차 판매량,현대차,2024,Y,%,%,rate,rate_change,item,2023,Y,,,Y,MAP000122,"query: 측정지표: 전기차 판매량
통계 검색어: 완성차, 판매량, 내수, 전기차, 캐즘
세부항목: 현대차
분야: 소매·소비
기사 주장: 작년 국내에서 현대차의 전기차 판매량은 1년 전보다 27.7%나 줄었다.",success,20,0.000572,high,114,DT_114053_117,2016043,현재 차량(자동차) 보유수,가공식품소비자태도조사 > 2018년 이후 > 식품 소비 라이프스타일 및 인식,0.874615,0.142857,0.0,0.684533,115,DT_115042_25_023,2025009,생산 품목별 내수 금액(합계),자동차부품산업실태조사,0.873852,0.142857,0.0,0.683961,463,DT_FS463001_A068,2022033,국내 마케팅 관련 애로사항,자동차튜닝산업실태조사,0.880424,0.0,0.0,0.660318,337,DT_337_2019_H3100,2005019,관자가용 차종별 에너지소비량,에너지사용및온실가스배출실태조사 > 수송부문,0.878327,0.0,0.0,0.658745,388,TX_38801_A022,1966001,산업별 연도별 판매전력량 상용자가전력량 비교,상용자가발전업체조사 > 기타,0.877946,0.0,0.0,0.65846
A0030-C005,A0030-C005-m1,A0030,은행 선물환 규제 풀어 시장에 달러 공급,2025-01-03,https://www.chosun.com/economy/economy_general/2025/01/03/7FSYM4YTJJEFBNUC6B4JOHW2RE,"원화 환율은 올해 트럼프발(發) 달러 강세와 탄핵 정국 등 국내 정치 불확실성으로 과거 외환 위기, 금융 위기 때나 봤던 달러당 1500원 선을 넘어설 것이란 우려까지 나오고 있다.",하지만 원화 환율은 지난해 12월 19일 글로벌 금융 위기 이후 15년여 만에 달러당 1450원 선을 넘어서는 등 고공 행진 중이다.,2일 서울 외환시장에서 달러 대비 원화 환율은 오후 3시 30분 기준 전 거래일보다 5.9원 떨어진 달러당 1466.6원을 기록했다.,국내공식통계,N,금융·금리,원화 환율,"달러, 원화, 환율, 트럼프, 달러 강세, 탄핵 정국, 외환 위기, 금융 위기",-,-,-,,-,-,-,2025,-,Y,모호,1500원,KOSIS_VALUE,hcx,원화 환율,-,2025,Y,hcx,현재값,1500,-,-,N,원,수준값,-,전년,"원화 환율은 올해 트럼프발(發) 달러 강세와 탄핵 정국 등 국내 정치 불확실성으로 과거 외환 위기, 금융 위기 때나 봤던 달러당 1500원 선을 넘어설 것이란 우려까지 나오고 있다.",mid,Y,추정치인지 여부 확인 필요,N,0,0,HCX-007,v1.6-prev2-context,2026-07-30,원화 환율,,2025,Y,원,원,currency,amount,unspecified,,Y,,,N,MAP000123,"query: 측정지표: 원화 환율
통계 검색어: 달러, 원화, 환율, 트럼프, 달러 강세, 탄핵 정국, 외환 위기, 금융 위기
분야: 금융·금리
기사 주장: 원화 환율은 올해 트럼프발(發) 달러 강세와 탄핵 정국 등 국내 정치 불확실성으로 과거 외환 위기, 금융 위기 때나 봤던 달러당 1500원 선을 넘어설 것이란 우려까지 나오고 있다.",success,20,0.001256,high,303,DT_30303N_633,1979013,'15년 차입여건 변화 - 금리,중소기업금융실태조사 > 2015년,0.840092,0.090909,0.0,0.648251,303,DT_30303N_5175,1979013,'14년 차입여건 변화 - 금리,중소기업금융실태조사 > 2014년,0.838417,0.090909,0.0,0.646995,303,DT_303003_828,1979013,대출금리 상승 지속 시 우려 부분,중소기업금융실태조사 > 2021년 이후 > 금리현황,0.847306,0.0,0.0,0.63548,301,DT_641Y001,1976015,한국은행 원화대출금,통화금융통계 > 한국은행 주요계정 및 기준금리,0.84637,0.0,0.0,0.634777,127,TX_10506_A299,2006173,RI등 이용이 감소한다면 그 이유,원자력산업실태조사 > RI설문조사,0.84318,0.0,0.0,0.632385
A0031-C008,A0031-C008-m1,A0031,"추락하는 성장률, 내수 살려 떠받친다",2025-01-03,https://www.chosun.com/economy/economy_general/2025/01/03/FS5OTJUQ7RC5JIPD2GEHE7U47Q,반도체 등 주력 수출 업종의 경쟁 심화와 이달 20일 출범하는 트럼프 정부의 관세 장벽 강화 등으로 수출 증가율은 작년 8.2%에서 올해 1.5%로 쪼그라들 것으로 봤다.,"정부는 ‘대내외 불확실성 확대’를 올해 경제 여건으로 규정하고, 민생경제회복과 대외신인도 관리, 통상 환경 불확실성 대응, 산업 경쟁력 강화 등 4대 방향을 중심으로 경제정책을 추진하기로 했다.",최상목 대통령 권한대행 부총리 겸 기획재정부 장관은 2일 경제관계장관회의를 열고 이 같은 내용의 ‘2025년 경제정책방향’을 발표했다.,국내공식통계,N,무역,수출 증가율,"성장률, 내수, 수출 업종, 경쟁 심화, 관세 장벽",-,-,-,반도체,-,-,-,2024,-,Y,확정,작년 8.2%,KOSIS_VALUE,hcx,수출 증가율,반도체,2024,Y,hcx,이전값,8.2,-,-,N,%,증감률,증가,전년,반도체 등 주력 수출 업종의 경쟁 심화와 이달 20일 출범하는 트럼프 정부의 관세 장벽 강화 등으로 수출 증가율은 작년 8.2%에서 올해 1.5%로 쪼그라들 것으로 봤다.,high,N,-,N,0,0,HCX-007,v1.6-prev2-context,2026-07-30,수출 증가율,반도체,2025,Y,%,%,rate,rate_change,item,2023,Y,,,Y,MAP000124,"query: 측정지표: 수출 증가율
통계 검색어: 성장률, 내수, 수출 업종, 경쟁 심화, 관세 장벽
세부항목: 반도체
분야: 무역
기사 주장: 반도체 등 주력 수출 업종의 경쟁 심화와 이달 20일 출범하는 트럼프 정부의 관세 장벽 강화 등으로 수출 증가율은 작년 8.2%에서 올해 1.5%로 쪼그라들 것으로 봤다.",success,20,0.000683,high,142,DT_12029,2012054,"주요 수출 국가(1+2+3순위, 상위 6위)",1인창조기업실태조사 > 2012년 > 기업운영 실태 및 향후 운영 계획,0.869259,0.1,0.0,0.671945,142,DT_D23058,2007272,수출 관련 애로사항 여부,장애인기업실태조사 > 2023년 > 경영활동 현황,0.868349,0.1,0.0,0.671262,453,DT_393001_068,2003016,수출 확대를 위한 정부 추진 분야,여성기업실태조사 > 2012년~2016년 > 경영 활동 사항,0.86592,0.1,0.0,0.66944,142,DT_D23059,2007272,수출 관련 애로사항 - 복수응답,장애인기업실태조사 > 2023년 > 경영활동 현황,0.865468,0.1,0.0,0.669101,115,DT_115034_B034,2016003,수출 여부 및 수출 비중,뿌리산업실태조사 > 2021년 이후 > 해외진출 현황,0.865197,0.1,0.0,0.668898
A0031-C008,A0031-C008-m2,A0031,"추락하는 성장률, 내수 살려 떠받친다",2025-01-03,https://www.chosun.com/economy/economy_general/2025/01/03/FS5OTJUQ7RC5JIPD2GEHE7U47Q,반도체 등 주력 수출 업종의 경쟁 심화와 이달 20일 출범하는 트럼프 정부의 관세 장벽 강화 등으로 수출 증가율은 작년 8.2%에서 올해 1.5%로 쪼그라들 것으로 봤다.,"정부는 ‘대내외 불확실성 확대’를 올해 경제 여건으로 규정하고, 민생경제회복과 대외신인도 관리, 통상 환경 불확실성 대응, 산업 경쟁력 강화 등 4대 방향을 중심으로 경제정책을 추진하기로 했다.",최상목 대통령 권한대행 부총리 겸 기획재정부 장관은 2일 경제관계장관회의를 열고 이 같은 내용의 ‘2025년 경제정책방향’을 발표했다.,국내공식통계,N,무역,수출 증가율,"성장률, 내수, 수출 업종, 경쟁 심화, 관세 장벽",-,-,-,반도체,-,-,-,2025,-,Y,확정,올해 1.5%,KOSIS_VALUE,hcx,수출 증가율,반도체,2025,Y,hcx,현재값,1.5,-,-,N,%,증감률,증가,전년,반도체 등 주력 수출 업종의 경쟁 심화와 이달 20일 출범하는 트럼프 정부의 관세 장벽 강화 등으로 수출 증가율은 작년 8.2%에서 올해 1.5%로 쪼그라들 것으로 봤다.,high,N,-,N,0,0,HCX-007,v1.6-prev2-context,2026-07-30,수출 증가율,반도체,2025,Y,%,%,rate,rate_change,item,2024,Y,,,Y,MAP000125,"query: 측정지표: 수출 증가율
통계 검색어: 성장률, 내수, 수출 업종, 경쟁 심화, 관세 장벽
세부항목: 반도체
분야: 무역
기사 주장: 반도체 등 주력 수출 업종의 경쟁 심화와 이달 20일 출범하는 트럼프 정부의 관세 장벽 강화 등으로 수출 증가율은 작년 8.2%에서 올해 1.5%로 쪼그라들 것으로 봤다.",success,20,0.000683,high,142,DT_12029,2012054,"주요 수출 국가(1+2+3순위, 상위 6위)",1인창조기업실태조사 > 2012년 > 기업운영 실태 및 향후 운영 계획,0.869259,0.1,0.0,0.671945,142,DT_D23058,2007272,수출 관련 애로사항 여부,장애인기업실태조사 > 2023년 > 경영활동 현황,0.868349,0.1,0.0,0.671262,453,DT_393001_068,2003016,수출 확대를 위한 정부 추진 분야,여성기업실태조사 > 2012년~2016년 > 경영 활동 사항,0.86592,0.1,0.0,0.66944,142,DT_D23059,2007272,수출 관련 애로사항 - 복수응답,장애인기업실태조사 > 2023년 > 경영활동 현황,0.865468,0.1,0.0,0.669101,115,DT_115034_B034,2016003,수출 여부 및 수출 비중,뿌리산업실태조사 > 2021년 이후 > 해외진출 현황,0.865197,0.1,0.0,0.668898
A0032-C011,A0032-C011-m1,A0032,수의직 7급→6급 높여도… “공무원 안 하죠”,2025-01-03,https://www.chosun.com/economy/economy_general/2025/01/03/TAEI2K7JCBBI5FCC7FT5WEJMRE,"지난해 9월 전국 가축방역관 정원은 1061명으로, 두 달 전 정원(1214명)보다 100명 넘게 줄어들었다.",가축방역관으로 일할 수의사 지원자를 찾기 어렵자 수의직이 아닌 축산직이나 농업직이 업무를 대체하기도 한다.,지난해 9월엔 전국 지자체 중 최초로 수의직을 6급으로 선발한 강원도도 총 18명을 뽑겠다고 했다가 15명만 충원하기도 했다.,국내공식통계,N,보건·복지,전국 가축방역관 정원,"수의직, 공무원, 정원, 가축방역관",-,-,-,,-,-,-,2024Q3,-,Q,확정,1061명,KOSIS_VALUE,hcx,전국 가축방역관 정원,-,2024Q3,Q,hcx,현재값,1061,-,-,N,명,수준값,-,전분기,"지난해 9월 전국 가축방역관 정원은 1061명으로, 두 달 전 정원(1214명)보다 100명 넘게 줄어들었다.",high,N,-,N,0,0,HCX-007,v1.6-prev2-context,2026-07-30,전국 가축방역관 정원,,2024Q3,Q,명,명,person_count,count,unspecified,,Y,,,N,MAP000126,"query: 측정지표: 전국 가축방역관 정원
통계 검색어: 수의직, 공무원, 정원, 가축방역관
분야: 보건·복지
기사 주장: 지난해 9월 전국 가축방역관 정원은 1061명으로, 두 달 전 정원(1214명)보다 100명 넘게 줄어들었다.",success,20,0.000182,high,143,DT_11437011_2025,2004037,의료기관 이용 횟수,농어업인등에대한복지실태조사 > 2025년 > 가구원 > 의료,0.886049,0.0,0.0,0.664537,117,DT_11778N219,2009025,2010년 12월 이용자수 대비 신규수요: 가사간병방문서비스,사회서비스수요·공급실태조사 > 2011년,0.885807,0.0,0.0,0.664355,143,DT_11430292_2024,2004037,소방서비스 향상 방안,농어업인등에대한복지실태조사 > 2024년 > 가구원 > 안전,0.884198,0.0,0.0,0.663148,143,DT_11437078_2024,2004037,난방시설 현황,농어업인등에대한복지실태조사 > 2024년 > 가구,0.883961,0.0,0.0,0.662971,438,DT_438001_CC004,2018037,지난 6개월간 전반적인 건강상태,장애인삶패널조사 > 가구원 > 건강·의료,0.883407,0.0,0.0,0.662556
A0032-C011,A0032-C011-m2,A0032,수의직 7급→6급 높여도… “공무원 안 하죠”,2025-01-03,https://www.chosun.com/economy/economy_general/2025/01/03/TAEI2K7JCBBI5FCC7FT5WEJMRE,"지난해 9월 전국 가축방역관 정원은 1061명으로, 두 달 전 정원(1214명)보다 100명 넘게 줄어들었다.",가축방역관으로 일할 수의사 지원자를 찾기 어렵자 수의직이 아닌 축산직이나 농업직이 업무를 대체하기도 한다.,지난해 9월엔 전국 지자체 중 최초로 수의직을 6급으로 선발한 강원도도 총 18명을 뽑겠다고 했다가 15명만 충원하기도 했다.,국내공식통계,N,보건·복지,전국 가축방역관 정원,"수의직, 공무원, 정원, 가축방역관",-,-,-,,-,-,-,2024Q2,-,Q,확정,1214명,KOSIS_VALUE,hcx,전국 가축방역관 정원,-,2024Q2,Q,hcx,이전값,1214,-,-,N,명,수준값,-,전분기,"지난해 9월 전국 가축방역관 정원은 1061명으로, 두 달 전 정원(1214명)보다 100명 넘게 줄어들었다.",high,N,-,N,0,0,HCX-007,v1.6-prev2-context,2026-07-30,전국 가축방역관 정원,,2024Q3,Q,명,명,person_count,count,unspecified,,Y,,,N,MAP000127,"query: 측정지표: 전국 가축방역관 정원
통계 검색어: 수의직, 공무원, 정원, 가축방역관
분야: 보건·복지
기사 주장: 지난해 9월 전국 가축방역관 정원은 1061명으로, 두 달 전 정원(1214명)보다 100명 넘게 줄어들었다.",success,20,0.000182,high,143,DT_11437011_2025,2004037,의료기관 이용 횟수,농어업인등에대한복지실태조사 > 2025년 > 가구원 > 의료,0.886049,0.0,0.0,0.664537,117,DT_11778N219,2009025,2010년 12월 이용자수 대비 신규수요: 가사간병방문서비스,사회서비스수요·공급실태조사 > 2011년,0.885807,0.0,0.0,0.664355,143,DT_11430292_2024,2004037,소방서비스 향상 방안,농어업인등에대한복지실태조사 > 2024년 > 가구원 > 안전,0.884198,0.0,0.0,0.663148,143,DT_11437078_2024,2004037,난방시설 현황,농어업인등에대한복지실태조사 > 2024년 > 가구,0.883961,0.0,0.0,0.662971,438,DT_438001_CC004,2018037,지난 6개월간 전반적인 건강상태,장애인삶패널조사 > 가구원 > 건강·의료,0.883407,0.0,0.0,0.662556
A0032-C011,A0032-C011-m3,A0032,수의직 7급→6급 높여도… “공무원 안 하죠”,2025-01-03,https://www.chosun.com/economy/economy_general/2025/01/03/TAEI2K7JCBBI5FCC7FT5WEJMRE,"지난해 9월 전국 가축방역관 정원은 1061명으로, 두 달 전 정원(1214명)보다 100명 넘게 줄어들었다.",가축방역관으로 일할 수의사 지원자를 찾기 어렵자 수의직이 아닌 축산직이나 농업직이 업무를 대체하기도 한다.,지난해 9월엔 전국 지자체 중 최초로 수의직을 6급으로 선발한 강원도도 총 18명을 뽑겠다고 했다가 15명만 충원하기도 했다.,국내공식통계,N,보건·복지,전국 가축방역관 정원 감소폭,"수의직, 공무원, 정원, 가축방역관",-,-,-,,-,-,-,2024Q3,-,Q,확정,100명,KOSIS_VALUE,hcx,전국 가축방역관 정원 감소폭,-,2024Q3,Q,hcx,증감값,100,-,-,N,명,증감량,감소,전분기,"지난해 9월 전국 가축방역관 정원은 1061명으로, 두 달 전 정원(1214명)보다 100명 넘게 줄어들었다.",high,N,-,N,0,0,HCX-007,v1.6-prev2-context,2026-07-30,전국 가축방역관 정원,,2024Q3,Q,명,명,person_count,absolute_change,unspecified,,Y,,,Y,MAP000128,"query: 측정지표: 전국 가축방역관 정원 감소폭
대표지표: 전국 가축방역관 정원
통계 검색어: 수의직, 공무원, 정원, 가축방역관
분야: 보건·복지
기사 주장: 지난해 9월 전국 가축방역관 정원은 1061명으로, 두 달 전 정원(1214명)보다 100명 넘게 줄어들었다.",success,20,0.000934,high,143,DT_11437078_2024,2004037,난방시설 현황,농어업인등에대한복지실태조사 > 2024년 > 가구,0.884564,0.0,0.0,0.663423,143,DT_11437011_2025,2004037,의료기관 이용 횟수,농어업인등에대한복지실태조사 > 2025년 > 가구원 > 의료,0.883318,0.0,0.0,0.662489,117,DT_11778N219,2009025,2010년 12월 이용자수 대비 신규수요: 가사간병방문서비스,사회서비스수요·공급실태조사 > 2011년,0.882012,0.0,0.0,0.661509,438,DT_438001_CC004,2018037,지난 6개월간 전반적인 건강상태,장애인삶패널조사 > 가구원 > 건강·의료,0.881616,0.0,0.0,0.661212,143,DT_11437081_2024,2004037,난방비,농어업인등에대한복지실태조사 > 2024년 > 가구,0.881506,0.0,0.0,0.66113
A0041-C002,A0041-C002-m1,A0041,치솟는 환율에 식품 물가도 급등,2025-01-04,https://www.chosun.com/economy/economy_general/2025/01/04/7SPGFC4RFZEDLDPFTQHVDM2K2E,지난해 12월부터 달러 대비 원화 환율이 1400원 선을 넘는 고환율이 장기화하면서 해외에서 수입해 오는 식품 원재료 가격이 치솟은 탓이다.,환율 상승으로 주요 먹거리와 생활필수품 가격이 줄줄이 오르면서 장바구니 물가에 빨간 경보등이 켜졌다.,,국내공식통계,N,물가,달러 대비 원화 환율,"환율, 식품 원재료 가격",-,-,-,,-,-,-,202412,-,M,확정,1400원,KOSIS_VALUE,hcx,달러 대비 원화 환율,-,202412,M,hcx,현재값,1400,-,-,N,원,수준값,-,전년동기,지난해 12월부터 달러 대비 원화 환율이 1400원 선을 넘는 고환율이 장기화하면서 해외에서 수입해 오는 식품 원재료 가격이 치솟은 탓이다.,high,N,-,N,0,0,HCX-007,v1.6-prev2-context,2026-07-30,달러 대비 원화 환율,,202412,M,원,원,currency,amount,unspecified,,Y,,,Y,MAP000129,"query: 측정지표: 달러 대비 원화 환율
통계 검색어: 환율, 식품 원재료 가격
분야: 물가
기사 주장: 지난해 12월부터 달러 대비 원화 환율이 1400원 선을 넘는 고환율이 장기화하면서 해외에서 수입해 오는 식품 원재료 가격이 치솟은 탓이다.",success,20,0.005581,high,114,DT_114054_129,2018020,수입 원재료 사용 이유(1+2순위 중복응답),외식업체경영실태조사 > 외식업체 식재료 구매 현황,0.875327,0.125,0.0,0.681495,114,DT_114054_128,2018020,국내산 원재료 사용 이유(1+2순위 중복응답),외식업체경영실태조사 > 외식업체 식재료 구매 현황,0.867885,0.125,0.0,0.675914,114,DT_114053_007,2016043,최근 1년간 식품 지출 변화 이유,가공식품소비자태도조사 > 2018년 이후 > 가공식품 구매 및 소비행태,0.86761,0.125,0.0,0.675707,114,DT_114053_007_2019,2016043,최근 1년간 식품 지출 변화 이유,가공식품소비자태도조사 > 2018년 이후 > 가공식품 구매 및 소비행태,0.86761,0.125,0.0,0.675707,114,DT_114058_F041,2022037,외국산 원재료 구매 이유(1순위),한식산업실태조사 > 2023년~ > 제조업,0.865355,0.125,0.0,0.674016
A0041-C005,A0041-C005-m1,A0041,치솟는 환율에 식품 물가도 급등,2025-01-04,https://www.chosun.com/economy/economy_general/2025/01/04/7SPGFC4RFZEDLDPFTQHVDM2K2E,"175개 품목의 평균 물가 상승폭은 3.9%로, 지난해 연간 소비자물가지수 상승폭(2.3%)을 뛰어넘었다.","3일 한국소비자원이 전국 대형마트와 편의점 500여 곳을 조사해 발표하는 ‘생필품 가격 보고서’에 따르면, 지난달 20일 기준 초콜릿·카레·커피 등 주요 가공식품 175개 품목 가운데 121개(69%) 품목의 평균 가격이 1년 전보다 오른 것으로 나타났다.",지난해 말 상승한 국제 곡물 가격도 3~4개월 시차를 두고 국내 식품 물가에 반영될 가능성이 높다.,국내공식통계,N,물가,품목 수,"환율, 식품 물가, 소비자물가지수",-,-,-,,-,-,-,2024,-,Y,확정,175개,KOSIS_VALUE,hcx,품목 수,-,2024,Y,hcx,현재값,175,-,-,N,개,수준값,증가,전년,"175개 품목의 평균 물가 상승폭은 3.9%로, 지난해 연간 소비자물가지수 상승폭(2.3%)을 뛰어넘었다.",high,Y,measurement_binding_fallback:1;measurement_period_ungrounded:1,Y,0,1,HCX-007,v1.6-prev2-context,2026-07-30,평균 물가 상승폭,,2024,Y,개,개,count,count,unspecified,,Y,,,Y,MAP000130,"query: 측정지표: 품목 수
대표지표: 평균 물가 상승폭
통계 검색어: 환율, 식품 물가, 소비자물가지수
분야: 물가
기사 주장: 175개 품목의 평균 물가 상승폭은 3.9%로, 지난해 연간 소비자물가지수 상승폭(2.3%)을 뛰어넘었다.",success,20,0.0,high,114,DT_114053_094,2016043,장바구니 물가에 가장 큰 영향을 미치는 품목 인식,가공식품소비자태도조사 > 2018년 이후 > 식품 소비 라이프스타일 및 인식,0.88459,0.285714,0.0,0.720585,114,DT_114053_094_2019,2016043,장바구니 물가에 가장 큰 영향을 미치는 품목 인식,가공식품소비자태도조사 > 2018년 이후 > 식품 소비 라이프스타일 및 인식,0.88459,0.285714,0.0,0.720585,101,DT_1J22112,1964001,품목별 소비자물가지수(품목성질별: 2020=100),소비자물가조사,0.894902,0.142857,0.0,0.699748,101,DT_1J22135,1964001,"연도별 지출목적별 소비자물가지수(9개도, 39개시: 2020=100)",소비자물가조사,0.894576,0.142857,0.0,0.699503,101,DT_1J22136,1964001,"연도별 품목성질별 소비자물가지수(9개도, 39개시: 2020=100)",소비자물가조사,0.894265,0.142857,0.0,0.69927
A0041-C005,A0041-C005-m2,A0041,치솟는 환율에 식품 물가도 급등,2025-01-04,https://www.chosun.com/economy/economy_general/2025/01/04/7SPGFC4RFZEDLDPFTQHVDM2K2E,"175개 품목의 평균 물가 상승폭은 3.9%로, 지난해 연간 소비자물가지수 상승폭(2.3%)을 뛰어넘었다.","3일 한국소비자원이 전국 대형마트와 편의점 500여 곳을 조사해 발표하는 ‘생필품 가격 보고서’에 따르면, 지난달 20일 기준 초콜릿·카레·커피 등 주요 가공식품 175개 품목 가운데 121개(69%) 품목의 평균 가격이 1년 전보다 오른 것으로 나타났다.",지난해 말 상승한 국제 곡물 가격도 3~4개월 시차를 두고 국내 식품 물가에 반영될 가능성이 높다.,국내공식통계,N,물가,평균 물가 상승폭,"환율, 식품 물가, 소비자물가지수",-,-,-,,-,-,-,2024,-,Y,확정,3.90%,KOSIS_VALUE,hcx,평균 물가 상승폭,-,2024,Y,hcx,증감률,3.9,-,-,N,%,증감률,증가,전년,"175개 품목의 평균 물가 상승폭은 3.9%로, 지난해 연간 소비자물가지수 상승폭(2.3%)을 뛰어넘었다.",high,Y,measurement_binding_fallback:1;measurement_period_ungrounded:1,Y,0,1,HCX-007,v1.6-prev2-context,2026-07-30,평균 물가 상승폭,,2024,Y,%,%,rate,rate_change,unspecified,2023,Y,,,Y,MAP000131,"query: 측정지표: 평균 물가 상승폭
통계 검색어: 환율, 식품 물가, 소비자물가지수
분야: 물가
기사 주장: 175개 품목의 평균 물가 상승폭은 3.9%로, 지난해 연간 소비자물가지수 상승폭(2.3%)을 뛰어넘었다.",success,20,0.000163,high,101,DT_1J22136,1964001,"연도별 품목성질별 소비자물가지수(9개도, 39개시: 2020=100)",소비자물가조사,0.890977,0.166667,0.0,0.701566,101,DT_1J22112,1964001,품목별 소비자물가지수(품목성질별: 2020=100),소비자물가조사,0.890759,0.166667,0.0,0.701403,101,DT_1J22135,1964001,"연도별 지출목적별 소비자물가지수(9개도, 39개시: 2020=100)",소비자물가조사,0.890522,0.166667,0.0,0.701225,101,DT_1J22003,1964001,소비자물가지수(2020=100),소비자물가조사,0.890314,0.166667,0.0,0.701069,101,DT_1J22002,1964001,품목성질별 소비자물가지수(2020=100),소비자물가조사,0.888756,0.166667,0.0,0.6999
A0046-C003,A0046-C003-m1,A0046,[美친 증시]③ “작년 많이 오른 종목은 급등락 주의... 기술주는 대형보다 중·소형주”,2025-01-04,https://www.chosun.com/economy/money/2025/01/04/6FL3VK5OUYSQJ5NKPXMCKUPCHQ,"반면에 코스피지수와 코스닥지수는 연초보다 각각 9.9%, 21.7% 하락한 채 장을 마쳤다.",나스닥종합지수와 S&P500지수의 연간 상승률은 30% 안팎을 기록했다.,"2026년 4월 20일(월) 신문구독 | English | 日本語 | 中文 0 조선경제 오피니언 정치 사회 국제 건강 스포츠 문화·연예 콘텐츠판 땅집고 BEMIL 군사세계 헬스조선 IT조선 조선에듀 어린이조선일보 산&트래블 이코노미조선 신문은 선생님 THE BOUTIQUE 행복플러스 주간조선 여성조선 월간조선 민학수 올댓골프 Topclass Life&Learning English 日本語 中文 검색 2026년 4월 20일(월) 신문구독 | English | 日本語 | 中文 0 신문구독 | English | 日本語 | 中文 조선경제 오피니언 정치 사회 국제 건강 스포츠 문화·연예 콘텐츠판 땅집고 BEMIL 군사세계 헬스조선 IT조선 조선에듀 어린이조선일보 산&트래블 이코노미조선 신문은 선생님 THE BOUTIQUE 행복플러스 주간조선 여성조선 월간조선 민학수 올댓골프 Topclass Life&Learning 콘텐츠판 땅집고 BEMIL 군사세계 헬스조선 IT조선 조선에듀 어린이조선일보 산&트래블 이코노미조선 신문은 선생님 THE BOUTIQUE 행복플러스 주간조선 여성조선 월간조선 민학수 올댓골프 Topclass Life&Learning 땅집고 BEMIL 군사세계 헬스조선 IT조선 조선에듀 어린이조선일보 산&트래블 이코노미조선 신문은 선생님 THE BOUTIQUE 행복플러스 주간조선 여성조선 월간조선 민학수 올댓골프 Topclass Life&Learning 조선경제 머니 [美친 증시]③ ""작년 많이 오른 종목은 급등락 주의... 기술주는 대형보다 중·소형주"" ""미국 증시 강세장 이어질 것"" 다수 의견 기술기업, 대형주보다 중·소형주 낙수효과 기대 작년 많이 오른 종목은 급등락 주의 정민하 기자(조선비즈) 강정아 기자(조선비즈) 입력 2025.01.04. 06:00 업데이트 2025.01.04. 07:14 0 2024년은 서학개미, 특히 미국 증시 투자자에게 완벽한 한 해였다.",국내공식통계,N,금융·금리,코스피지수 변동률,"나스닥종합지수, S&P500지수, 코스피지수, 코스닥지수",-,-,-,,-,-,-,2024,-,Y,확정,9.90%,KOSIS_VALUE,hcx,코스피지수 변동률,-,2024,Y,hcx,증감률,9.9,-,-,N,%,증감률,감소,전년,"반면에 코스피지수와 코스닥지수는 연초보다 각각 9.9%, 21.7% 하락한 채 장을 마쳤다.",high,N,-,N,0,0,HCX-007,v1.6-prev2-context,2026-07-30,주가 지수 변동률,,2024,Y,%,%,rate,rate_change,unspecified,2023,Y,,,Y,MAP000132,"query: 측정지표: 코스피지수 변동률
대표지표: 주가 지수 변동률
통계 검색어: 나스닥종합지수, S&P500지수, 코스피지수, 코스닥지수
분야: 금융·금리
기사 주장: 반면에 코스피지수와 코스닥지수는 연초보다 각각 9.9%, 21.7% 하락한 채 장을 마쳤다.",success,20,0.000738,high,343,DT_343_2010_S0066,1976006,코스닥 주요주가지수,증권·파생상품시장통계 > 지수 > KOSDAQ시리즈,0.874821,0.125,0.0,0.681116,343,DT_343_2010_S0189,1976006,코스닥 산업별 주가지수,증권·파생상품시장통계 > 지수 > KOSDAQ시리즈,0.873838,0.125,0.0,0.680378,343,DT_343_2010_S0065,1976006,코스닥 지수,증권·파생상품시장통계 > 지수 > KOSDAQ시리즈,0.873244,0.125,0.0,0.679933,408,DT_304004_WEEK_001_A,1985011,주간 아파트 매매가격지수 변동률,전국주택가격동향조사 > 주간아파트가격동향조사(기준주 : 2025.3.31),0.87274,0.125,0.0,0.679555,408,DT_304004_WEEK_009_A,1985011,주간 연령별 아파트 매매가격지수 변동률,전국주택가격동향조사 > 주간아파트가격동향조사(기준주 : 2025.3.31),0.872128,0.125,0.0,0.679096
A0046-C003,A0046-C003-m2,A0046,[美친 증시]③ “작년 많이 오른 종목은 급등락 주의... 기술주는 대형보다 중·소형주”,2025-01-04,https://www.chosun.com/economy/money/2025/01/04/6FL3VK5OUYSQJ5NKPXMCKUPCHQ,"반면에 코스피지수와 코스닥지수는 연초보다 각각 9.9%, 21.7% 하락한 채 장을 마쳤다.",나스닥종합지수와 S&P500지수의 연간 상승률은 30% 안팎을 기록했다.,"2026년 4월 20일(월) 신문구독 | English | 日本語 | 中文 0 조선경제 오피니언 정치 사회 국제 건강 스포츠 문화·연예 콘텐츠판 땅집고 BEMIL 군사세계 헬스조선 IT조선 조선에듀 어린이조선일보 산&트래블 이코노미조선 신문은 선생님 THE BOUTIQUE 행복플러스 주간조선 여성조선 월간조선 민학수 올댓골프 Topclass Life&Learning English 日本語 中文 검색 2026년 4월 20일(월) 신문구독 | English | 日本語 | 中文 0 신문구독 | English | 日本語 | 中文 조선경제 오피니언 정치 사회 국제 건강 스포츠 문화·연예 콘텐츠판 땅집고 BEMIL 군사세계 헬스조선 IT조선 조선에듀 어린이조선일보 산&트래블 이코노미조선 신문은 선생님 THE BOUTIQUE 행복플러스 주간조선 여성조선 월간조선 민학수 올댓골프 Topclass Life&Learning 콘텐츠판 땅집고 BEMIL 군사세계 헬스조선 IT조선 조선에듀 어린이조선일보 산&트래블 이코노미조선 신문은 선생님 THE BOUTIQUE 행복플러스 주간조선 여성조선 월간조선 민학수 올댓골프 Topclass Life&Learning 땅집고 BEMIL 군사세계 헬스조선 IT조선 조선에듀 어린이조선일보 산&트래블 이코노미조선 신문은 선생님 THE BOUTIQUE 행복플러스 주간조선 여성조선 월간조선 민학수 올댓골프 Topclass Life&Learning 조선경제 머니 [美친 증시]③ ""작년 많이 오른 종목은 급등락 주의... 기술주는 대형보다 중·소형주"" ""미국 증시 강세장 이어질 것"" 다수 의견 기술기업, 대형주보다 중·소형주 낙수효과 기대 작년 많이 오른 종목은 급등락 주의 정민하 기자(조선비즈) 강정아 기자(조선비즈) 입력 2025.01.04. 06:00 업데이트 2025.01.04. 07:14 0 2024년은 서학개미, 특히 미국 증시 투자자에게 완벽한 한 해였다.",국내공식통계,N,금융·금리,코스닥지수 변동률,"나스닥종합지수, S&P500지수, 코스피지수, 코스닥지수",-,-,-,,-,-,-,2024,-,Y,확정,21.70%,KOSIS_VALUE,hcx,코스닥지수 변동률,-,2024,Y,hcx,증감률,21.7,-,-,N,%,증감률,감소,전년,"반면에 코스피지수와 코스닥지수는 연초보다 각각 9.9%, 21.7% 하락한 채 장을 마쳤다.",high,N,-,N,0,0,HCX-007,v1.6-prev2-context,2026-07-30,주가 지수 변동률,,2024,Y,%,%,rate,rate_change,unspecified,2023,Y,,,Y,MAP000133,"query: 측정지표: 코스닥지수 변동률
대표지표: 주가 지수 변동률
통계 검색어: 나스닥종합지수, S&P500지수, 코스피지수, 코스닥지수
분야: 금융·금리
기사 주장: 반면에 코스피지수와 코스닥지수는 연초보다 각각 9.9%, 21.7% 하락한 채 장을 마쳤다.",success,20,0.000698,high,343,DT_343_2010_S0066,1976006,코스닥 주요주가지수,증권·파생상품시장통계 > 지수 > KOSDAQ시리즈,0.876224,0.125,0.0,0.682168,343,DT_343_2010_S0189,1976006,코스닥 산업별 주가지수,증권·파생상품시장통계 > 지수 > KOSDAQ시리즈,0.875293,0.125,0.0,0.68147,343,DT_343_2010_S0065,1976006,코스닥 지수,증권·파생상품시장통계 > 지수 > KOSDAQ시리즈,0.874695,0.125,0.0,0.681021,408,DT_304004_WEEK_001_A,1985011,주간 아파트 매매가격지수 변동률,전국주택가격동향조사 > 주간아파트가격동향조사(기준주 : 2025.3.31),0.87458,0.125,0.0,0.680935,408,DT_304004_WEEK_009_A,1985011,주간 연령별 아파트 매매가격지수 변동률,전국주택가격동향조사 > 주간아파트가격동향조사(기준주 : 2025.3.31),0.873975,0.125,0.0,0.680481
A0047-C024,A0047-C024-m1,A0047,“욕심부리다가 또 탈락할라”… 눈높이 낮추는 ‘상장 재수생’들,2025-01-04,https://www.chosun.com/economy/money/2025/01/04/BN43SMGOJ6JMA4RWSSI66VWIGY,지난해 유가증권시장 상장 기업의 할인율은 15%대였다.,LG CNS는 주당 평가가액 8만9378원에 30%가 넘는 할인율을 적용했다.,할인율도 높은 수준을 적용했다.,국내공식통계,N,금융·금리,할인율,"유가증권시장, 상장 기업",-,-,-,,-,-,-,2024,-,Y,확정,15%,KOSIS_VALUE,hcx,할인율,-,2024,Y,hcx,현재값,15,-,-,N,%,비중,-,전년,지난해 유가증권시장 상장 기업의 할인율은 15%대였다.,high,N,-,N,0,0,HCX-007,v1.6-prev2-context,2026-07-30,할인율,,2024,Y,%,%,rate,level,unspecified,,Y,,,Y,MAP000134,"query: 측정지표: 할인율
통계 검색어: 유가증권시장, 상장 기업
분야: 금융·금리
기사 주장: 지난해 유가증권시장 상장 기업의 할인율은 15%대였다.",success,20,0.00166,high,343,DT_343_2010_S0046,1976006,유가증권 시가총액별 상장회사분포,증권·파생상품시장통계 > 주식(유가증권시장) > 상장현황,0.882959,0.166667,0.0,0.695553,343,DT_343_2010_S0026,1976006,유가증권 산업별 시가총액,증권·파생상품시장통계 > 주식(유가증권시장) > 상장현황,0.880747,0.166667,0.0,0.693893,343,DT_343_2010_S0184,1976006,유가증권 상장사 재무현황,증권·파생상품시장통계 > 주식(유가증권시장) > 재무현황,0.880322,0.166667,0.0,0.693575,343,DT_343_2010_S0185,1976006,유가증권 상장사 수익현황,증권·파생상품시장통계 > 주식(유가증권시장) > 재무현황,0.879237,0.166667,0.0,0.692761,348,TX_34801_A013,1994037,매매결제 현황 ; 유가증권시장 상장증권 결제,증권예탁통계 > 매매결제 현황,0.878841,0.166667,0.0,0.692464
A0050-C002,A0050-C002-m1,A0050,"""직장 하나론 소득 빠듯"" 너도나도 N잡러 시대, 직장인 부업 성공하려면",2025-01-04,https://www.chosun.com/economy/realty/investment_trends/2025/01/04/DKW3MEMILT2EXU3BFRNPMHNPWE,통계청 자료에 따르면 국내 부업자 수는 2023년 1분기 45만명에서 2024년 1분기 55만 명대로 20% 이상 증가했다.,글=권강수 상가의신 대표(땅집고) 정리=김리영 기자(땅집고) 입력 2025.01.04. 07:30 업데이트 2025.01.04. 07:31 0 [권강수의 상가투자 꿀팁] ‘N잡러’로 창업해 성공하고 싶다면 이것만은 알아야 [땅집고] 요즘 많은 직장인이 속칭 'N잡러' 생활을 하고 있다는 뉴스가 나온다.,,국내공식통계,N,고용,부업자 수,"N잡러, 직장인, 부업, 성공",-,-,-,,-,-,-,2023,-,Y,확정,45만명,KOSIS_VALUE,hcx,부업자 수,-,2023,Y,hcx,이전값,450000,-,-,N,명,수준값,증가,전분기,통계청 자료에 따르면 국내 부업자 수는 2023년 1분기 45만명에서 2024년 1분기 55만 명대로 20% 이상 증가했다.,high,N,-,N,0,0,HCX-007,v1.6-prev2-context,2026-07-30,부업자 수,,2024Q1,Q,명,명,person_count,count,unspecified,,Y,,,N,MAP000135,"query: 측정지표: 부업자 수
통계 검색어: N잡러, 직장인, 부업, 성공
분야: 고용
기사 주장: 통계청 자료에 따르면 국내 부업자 수는 2023년 1분기 45만명에서 2024년 1분기 55만 명대로 20% 이상 증가했다.",success,20,0.001269,high,101,DT_1SA1611,1962007,부채(농가경제),"농가경제조사 > 농가경제(2023년 이후, 1인이상)",0.892294,0.0,0.0,0.66922,142,DT_V24_B003,1999037,"2023년 직종별 인력구성, 부족인력 수 및 비율",벤처기업정밀실태조사 > 2023년 > 인력 및 조직현황,0.890601,0.0,0.0,0.667951,408,DT_40801_N1201_05,2014002,상권별 오피스 임대가격지수,상업용부동산임대동향조사 > 2022년 1분기~2024년 2분기 > 오피스,0.890594,0.0,0.0,0.667946,101,DT_3KB9008,1988019,시도/산업/온라인 거래 여부 현황,서비스업조사 > 등록기반 > 11차_서비스업조사(2023~),0.888802,0.0,0.0,0.666601,146,DT_146009_E00017,2024024,타 사업 경영 혹은 근로 이유,귀어실태조사 > 2023년 귀어인 > 1년차,0.888742,0.0,0.0,0.666557
A0002-C007,A0002-C007-m1,A0002,"폴크스바겐, 전기차 정보 부실 관리 논란",2025-01-01,https://www.chosun.com/economy/auto/2025/01/01/S7LNVYUONNHU3KF3WJWFZZ3NVE,대상 차량은 독일 30만대 등 대부분 유럽 국가에 집중됐다.,차량 위치 정보의 경우 10cm 단위까지 구별될 정도로 정확도가 높았다고 한다.,"전기차가 어디에서 어디로 향했는지, 얼마나 머물렀는지와 같은 주행 데이터를 비롯해 운전자의 이메일, 전화번호, 주소 등의 정보다.",개별기업,N,기타,차량 수,"폴크스바겐, 전기차, 정보 부실 관리, 독일, 유럽 국가",독일,-,-,전기차,-,-,-,2025,-,Y,확정,30만대,KOSIS_VALUE,hcx,차량 수,전기차,2025,Y,claim_fallback,현재값,300000,-,-,N,대,수준값,-,전년,대상 차량은 독일 30만대 등 대부분 유럽 국가에 집중됐다.,high,Y,measurement_binding_fallback:1;measurement_period_ungrounded:1,Y,0,1,HCX-007,v1.6-prev2-context,2026-07-30,차량 수,전기차,2025,Y,대,대,count,count,vehicle,,N,OUT_OF_KOSIS_SCOPE,claim_domain_scope=개별기업,Y,MAP000136,,skipped_not_eligible,,,,,,,,,,,,,,,,,,,,,,,,,,,,,,,,,,,,,,,,,,,,,,,,
A0003-C001,A0003-C001-m1,A0003,최저임금 1만30원으로 인상… 육아휴직 급여 최대 월 250만원,2025-01-01,https://www.chosun.com/economy/economy_general/2025/01/01/ADO7O3Q4WJBCJAX6UUEY4MSBV4,"1 ◇노동·복지·가정 못 받은 양육비, 정부가 선지급… 국가 검진에 C형 간염도 포함 ▲ 최저임금 시간당 1만30원 =최저임금이 시간당 9860원에서 1만30원으로 1.7% 인상된다.",,,국내공식통계,Y,소득·임금,최저임금,"최저임금, 노동, 복지, 가정, 육아휴직 급여",-,-,-,,-,-,-,2025,-,Y,확정,1만30원,POLICY_VALUE,hcx,최저임금,-,2025,Y,claim_fallback,현재값,10030,-,-,N,원,수준값,증가,전년,▲ 최저임금 시간당 1만30원 =최저임금이 시간당 9860원에서 1만30원으로 1.7% 인상된다.,high,Y,measurement_binding_fallback:3;measurement_period_ungrounded:3,N,0,3,HCX-007,v1.6-prev2-context,2026-07-30,최저임금,,2025,Y,원,원,currency,amount,unspecified,,N,NOT_KOSIS_VALUE,measurement_usage=POLICY_VALUE,Y,MAP000137,,skipped_not_eligible,,,,,,,,,,,,,,,,,,,,,,,,,,,,,,,,,,,,,,,,,,,,,,,,
A0003-C001,A0003-C001-m2,A0003,최저임금 1만30원으로 인상… 육아휴직 급여 최대 월 250만원,2025-01-01,https://www.chosun.com/economy/economy_general/2025/01/01/ADO7O3Q4WJBCJAX6UUEY4MSBV4,"1 ◇노동·복지·가정 못 받은 양육비, 정부가 선지급… 국가 검진에 C형 간염도 포함 ▲ 최저임금 시간당 1만30원 =최저임금이 시간당 9860원에서 1만30원으로 1.7% 인상된다.",,,국내공식통계,Y,소득·임금,최저임금,"최저임금, 노동, 복지, 가정, 육아휴직 급여",-,-,-,,-,-,-,2025,-,Y,확정,9860원,POLICY_VALUE,hcx,최저임금,-,2025,Y,claim_fallback,이전값,9860,-,-,N,원,수준값,증가,전년,▲ 최저임금 시간당 1만30원 =최저임금이 시간당 9860원에서 1만30원으로 1.7% 인상된다.,high,Y,measurement_binding_fallback:3;measurement_period_ungrounded:3,N,0,3,HCX-007,v1.6-prev2-context,2026-07-30,최저임금,,2025,Y,원,원,currency,amount,unspecified,,N,NOT_KOSIS_VALUE,measurement_usage=POLICY_VALUE,N,MAP000138,,skipped_not_eligible,,,,,,,,,,,,,,,,,,,,,,,,,,,,,,,,,,,,,,,,,,,,,,,,
A0003-C001,A0003-C001-m3,A0003,최저임금 1만30원으로 인상… 육아휴직 급여 최대 월 250만원,2025-01-01,https://www.chosun.com/economy/economy_general/2025/01/01/ADO7O3Q4WJBCJAX6UUEY4MSBV4,"1 ◇노동·복지·가정 못 받은 양육비, 정부가 선지급… 국가 검진에 C형 간염도 포함 ▲ 최저임금 시간당 1만30원 =최저임금이 시간당 9860원에서 1만30원으로 1.7% 인상된다.",,,국내공식통계,Y,소득·임금,최저임금 증감률,"최저임금, 노동, 복지, 가정, 육아휴직 급여",-,-,-,,-,-,-,2025,-,Y,확정,1.70%,POLICY_VALUE,hcx,최저임금 증감률,-,2025,Y,claim_fallback,증감률,1.7,-,-,N,%,증감률,증가,전년,▲ 최저임금 시간당 1만30원 =최저임금이 시간당 9860원에서 1만30원으로 1.7% 인상된다.,high,Y,measurement_binding_fallback:3;measurement_period_ungrounded:3,N,0,3,HCX-007,v1.6-prev2-context,2026-07-30,최저임금,,2025,Y,%,%,rate,rate_change,unspecified,2024,N,NOT_KOSIS_VALUE,measurement_usage=POLICY_VALUE,Y,MAP000139,,skipped_not_eligible,,,,,,,,,,,,,,,,,,,,,,,,,,,,,,,,,,,,,,,,,,,,,,,,
A0003-C002,A0003-C002-m1,A0003,최저임금 1만30원으로 인상… 육아휴직 급여 최대 월 250만원,2025-01-01,https://www.chosun.com/economy/economy_general/2025/01/01/ADO7O3Q4WJBCJAX6UUEY4MSBV4,주 근로시간 40시간을 기준으로 환산한 월급은 209만6270원이다.,"1 ◇노동·복지·가정 못 받은 양육비, 정부가 선지급… 국가 검진에 C형 간염도 포함 ▲ 최저임금 시간당 1만30원 =최저임금이 시간당 9860원에서 1만30원으로 1.7% 인상된다.",,국내공식통계,N,소득·임금,주 근로시간,"최저임금, 육아휴직 급여, 노동, 복지, 가정, 양육비, 정부, 국가 검진, C형 간염, 주 근로시간, 월급",-,-,-,,-,-,-,2025,-,Y,확정,40시간,CONDITION,hcx,주 근로시간,-,2025,Y,claim_fallback,참고값,40,-,-,N,시간,수준값,-,-,[검증 대상 문장] 주 근로시간 40시간을 기준으로 환산한 월급은 209만6270원이다.,high,Y,measurement_binding_fallback:2;measurement_period_ungrounded:2,N,0,2,HCX-007,v1.6-prev2-context,2026-07-30,최저임금,,2025,Y,시간,시간,duration,condition,unspecified,,N,NOT_KOSIS_VALUE,measurement_usage=CONDITION,Y,MAP000140,,skipped_not_eligible,,,,,,,,,,,,,,,,,,,,,,,,,,,,,,,,,,,,,,,,,,,,,,,,
A0003-C002,A0003-C002-m2,A0003,최저임금 1만30원으로 인상… 육아휴직 급여 최대 월 250만원,2025-01-01,https://www.chosun.com/economy/economy_general/2025/01/01/ADO7O3Q4WJBCJAX6UUEY4MSBV4,주 근로시간 40시간을 기준으로 환산한 월급은 209만6270원이다.,"1 ◇노동·복지·가정 못 받은 양육비, 정부가 선지급… 국가 검진에 C형 간염도 포함 ▲ 최저임금 시간당 1만30원 =최저임금이 시간당 9860원에서 1만30원으로 1.7% 인상된다.",,국내공식통계,N,소득·임금,월급,"최저임금, 육아휴직 급여, 노동, 복지, 가정, 양육비, 정부, 국가 검진, C형 간염, 주 근로시간, 월급",-,-,-,,-,-,-,2025,-,Y,확정,209만6270원,POLICY_VALUE,hcx,월급,-,2025,Y,claim_fallback,현재값,2096270,-,-,N,원,수준값,-,-,[검증 대상 문장] 주 근로시간 40시간을 기준으로 환산한 월급은 209만6270원이다.,high,Y,measurement_binding_fallback:2;measurement_period_ungrounded:2,N,0,2,HCX-007,v1.6-prev2-context,2026-07-30,최저임금,,2025,Y,원,원,currency,amount,unspecified,,N,NOT_KOSIS_VALUE,measurement_usage=POLICY_VALUE,Y,MAP000141,,skipped_not_eligible,,,,,,,,,,,,,,,,,,,,,,,,,,,,,,,,,,,,,,,,,,,,,,,,
A0003-C008,A0003-C008-m1,A0003,최저임금 1만30원으로 인상… 육아휴직 급여 최대 월 250만원,2025-01-01,https://www.chosun.com/economy/economy_general/2025/01/01/ADO7O3Q4WJBCJAX6UUEY4MSBV4,1년간 받을 수 있는 육아휴직 급여는 최대 1800만원에서 2310만원으로 오른다.,"이후 3개월은 월 200만원 한도로 통상 임금의 100%를, 7개월째부터는 월 160만원 한도로 통상 임금의 80%를 지급한다.",▲ 육아휴직 급여 인상 =월 150만원 이내에서 통상 임금의 80%를 지급하던 육아휴직 급여가 휴직 첫 3개월 동안 월 250만원 한도에서 통상 임금의 100%로 늘어난다.,해외통계·정책,N,보건·복지,육아휴직 기간,"최저임금, 육아휴직 급여, 통상 임금",-,-,-,,-,-,-,2025,-,Y,확정,1년,CONDITION,hcx,육아휴직 기간,-,2025,Y,claim_fallback,참고값,1,-,-,N,년,수준값,유지,전년,1년간 받을 수 있는 육아휴직 급여는 최대 1800만원에서 2310만원으로 오른다.,high,Y,measurement_binding_fallback:3;measurement_period_ungrounded:3,Y,0,3,HCX-007,v1.6-prev2-context,2026-07-30,육아휴직 급여,,2025,Y,년,년,duration,condition,unspecified,,N,NOT_KOSIS_VALUE,measurement_usage=CONDITION,Y,MAP000142,,skipped_not_eligible,,,,,,,,,,,,,,,,,,,,,,,,,,,,,,,,,,,,,,,,,,,,,,,,
A0003-C008,A0003-C008-m2,A0003,최저임금 1만30원으로 인상… 육아휴직 급여 최대 월 250만원,2025-01-01,https://www.chosun.com/economy/economy_general/2025/01/01/ADO7O3Q4WJBCJAX6UUEY4MSBV4,1년간 받을 수 있는 육아휴직 급여는 최대 1800만원에서 2310만원으로 오른다.,"이후 3개월은 월 200만원 한도로 통상 임금의 100%를, 7개월째부터는 월 160만원 한도로 통상 임금의 80%를 지급한다.",▲ 육아휴직 급여 인상 =월 150만원 이내에서 통상 임금의 80%를 지급하던 육아휴직 급여가 휴직 첫 3개월 동안 월 250만원 한도에서 통상 임금의 100%로 늘어난다.,해외통계·정책,N,보건·복지,육아휴직 급여 총액,"최저임금, 육아휴직 급여, 통상 임금",-,-,-,,-,-,-,2025,-,Y,확정,1800만원,POLICY_VALUE,hcx,육아휴직 급여 총액,-,2025,Y,claim_fallback,이전값,18000000,-,-,N,원,수준값,증가,전년,1년간 받을 수 있는 육아휴직 급여는 최대 1800만원에서 2310만원으로 오른다.,high,Y,measurement_binding_fallback:3;measurement_period_ungrounded:3,Y,0,3,HCX-007,v1.6-prev2-context,2026-07-30,육아휴직 급여,,2025,Y,원,원,currency,amount,unspecified,,N,NOT_KOSIS_VALUE,measurement_usage=POLICY_VALUE,N,MAP000143,,skipped_not_eligible,,,,,,,,,,,,,,,,,,,,,,,,,,,,,,,,,,,,,,,,,,,,,,,,
A0003-C008,A0003-C008-m3,A0003,최저임금 1만30원으로 인상… 육아휴직 급여 최대 월 250만원,2025-01-01,https://www.chosun.com/economy/economy_general/2025/01/01/ADO7O3Q4WJBCJAX6UUEY4MSBV4,1년간 받을 수 있는 육아휴직 급여는 최대 1800만원에서 2310만원으로 오른다.,"이후 3개월은 월 200만원 한도로 통상 임금의 100%를, 7개월째부터는 월 160만원 한도로 통상 임금의 80%를 지급한다.",▲ 육아휴직 급여 인상 =월 150만원 이내에서 통상 임금의 80%를 지급하던 육아휴직 급여가 휴직 첫 3개월 동안 월 250만원 한도에서 통상 임금의 100%로 늘어난다.,해외통계·정책,N,보건·복지,육아휴직 급여 총액,"최저임금, 육아휴직 급여, 통상 임금",-,-,-,,-,-,-,2025,-,Y,확정,2310만원,POLICY_VALUE,hcx,육아휴직 급여 총액,-,2025,Y,claim_fallback,현재값,23100000,-,-,N,원,수준값,증가,전년,1년간 받을 수 있는 육아휴직 급여는 최대 1800만원에서 2310만원으로 오른다.,high,Y,measurement_binding_fallback:3;measurement_period_ungrounded:3,Y,0,3,HCX-007,v1.6-prev2-context,2026-07-30,육아휴직 급여,,2025,Y,원,원,currency,amount,unspecified,,N,NOT_KOSIS_VALUE,measurement_usage=POLICY_VALUE,Y,MAP000144,,skipped_not_eligible,,,,,,,,,,,,,,,,,,,,,,,,,,,,,,,,,,,,,,,,,,,,,,,,
A0003-C011,A0003-C011-m1,A0003,최저임금 1만30원으로 인상… 육아휴직 급여 최대 월 250만원,2025-01-01,https://www.chosun.com/economy/economy_general/2025/01/01/ADO7O3Q4WJBCJAX6UUEY4MSBV4,▲ 국가건강검진 대상·항목 확대 =56세의 국가건강검진 항목에 C형 간염 검사가 새로 도입된다.,이 휴가는 네 번에 걸쳐 나눠 쓸 수 있다.,▲ 배우자 출산휴가 기간 확대 =아내의 출산에 따른 남편의 유급 휴가 기간이 2월 23일부터 10일에서 20일로 확대된다.,국내공식통계,N,보건·복지,국가건강검진 대상 연령,"국가건강검진, C형 간염 검사",-,56세,-,,-,-,-,2025,-,Y,확정,56세,CONDITION,hcx,국가건강검진 대상 연령,-,2025,Y,claim_fallback,참고값,56,-,-,N,세,수준값,증가,특정시점,▲ 국가건강검진 대상·항목 확대 =56세의 국가건강검진 항목에 C형 간염 검사가 새로 도입된다.,high,Y,measurement_binding_fallback:1;measurement_period_ungrounded:1,N,0,1,HCX-007,v1.6-prev2-context,2026-07-30,국가건강검진 항목,,2025,Y,세,세,age,condition,unspecified,,N,NOT_KOSIS_VALUE,measurement_usage=CONDITION,Y,MAP000145,,skipped_not_eligible,,,,,,,,,,,,,,,,,,,,,,,,,,,,,,,,,,,,,,,,,,,,,,,,
A0003-C012,A0003-C012-m1,A0003,최저임금 1만30원으로 인상… 육아휴직 급여 최대 월 250만원,2025-01-01,https://www.chosun.com/economy/economy_general/2025/01/01/ADO7O3Q4WJBCJAX6UUEY4MSBV4,"골다공증 검사의 경우 기존엔 54, 66세 여성만 무료 검진을 받을 수 있었는데, 60세 여성도 검사 대상에 포함됐다.",▲ 국가건강검진 대상·항목 확대 =56세의 국가건강검진 항목에 C형 간염 검사가 새로 도입된다.,이 휴가는 네 번에 걸쳐 나눠 쓸 수 있다.,국내공식통계,N,보건·복지,골다공증 검사 대상 연령,"골다공증, 검사, 연령",-,-,-,,-,-,-,,-,,확정,54세,CONDITION,hcx,골다공증 검사 대상 연령,-,-,-,hcx,참고값,54,-,-,N,세,수준값,-,-,"골다공증 검사의 경우 기존엔 54, 66세 여성만 무료 검진을 받을 수 있었는데, 60세 여성도 검사 대상에 포함됐다.",high,N,-,N,0,0,HCX-007,v1.6-prev2-context,2026-07-30,골다공증 검사 대상 연령,,,,세,세,age,condition,unspecified,,N,NOT_KOSIS_VALUE,measurement_usage=CONDITION,Y,MAP000146,,skipped_not_eligible,,,,,,,,,,,,,,,,,,,,,,,,,,,,,,,,,,,,,,,,,,,,,,,,
A0003-C012,A0003-C012-m2,A0003,최저임금 1만30원으로 인상… 육아휴직 급여 최대 월 250만원,2025-01-01,https://www.chosun.com/economy/economy_general/2025/01/01/ADO7O3Q4WJBCJAX6UUEY4MSBV4,"골다공증 검사의 경우 기존엔 54, 66세 여성만 무료 검진을 받을 수 있었는데, 60세 여성도 검사 대상에 포함됐다.",▲ 국가건강검진 대상·항목 확대 =56세의 국가건강검진 항목에 C형 간염 검사가 새로 도입된다.,이 휴가는 네 번에 걸쳐 나눠 쓸 수 있다.,국내공식통계,N,보건·복지,골다공증 검사 대상 연령,"골다공증, 검사, 연령",-,-,-,,-,-,-,,-,,확정,66세,CONDITION,hcx,골다공증 검사 대상 연령,-,-,-,hcx,참고값,66,-,-,N,세,수준값,-,-,"골다공증 검사의 경우 기존엔 54, 66세 여성만 무료 검진을 받을 수 있었는데, 60세 여성도 검사 대상에 포함됐다.",high,N,-,N,0,0,HCX-007,v1.6-prev2-context,2026-07-30,골다공증 검사 대상 연령,,,,세,세,age,condition,unspecified,,N,NOT_KOSIS_VALUE,measurement_usage=CONDITION,Y,MAP000147,,skipped_not_eligible,,,,,,,,,,,,,,,,,,,,,,,,,,,,,,,,,,,,,,,,,,,,,,,,
A0003-C012,A0003-C012-m3,A0003,최저임금 1만30원으로 인상… 육아휴직 급여 최대 월 250만원,2025-01-01,https://www.chosun.com/economy/economy_general/2025/01/01/ADO7O3Q4WJBCJAX6UUEY4MSBV4,"골다공증 검사의 경우 기존엔 54, 66세 여성만 무료 검진을 받을 수 있었는데, 60세 여성도 검사 대상에 포함됐다.",▲ 국가건강검진 대상·항목 확대 =56세의 국가건강검진 항목에 C형 간염 검사가 새로 도입된다.,이 휴가는 네 번에 걸쳐 나눠 쓸 수 있다.,국내공식통계,N,보건·복지,골다공증 검사 대상 연령,"골다공증, 검사, 연령",-,-,-,,-,-,-,,-,,확정,60세,CONDITION,hcx,골다공증 검사 대상 연령,-,-,-,hcx,참고값,60,-,-,N,세,수준값,-,-,"골다공증 검사의 경우 기존엔 54, 66세 여성만 무료 검진을 받을 수 있었는데, 60세 여성도 검사 대상에 포함됐다.",high,N,-,N,0,0,HCX-007,v1.6-prev2-context,2026-07-30,골다공증 검사 대상 연령,,,,세,세,age,condition,unspecified,,N,NOT_KOSIS_VALUE,measurement_usage=CONDITION,Y,MAP000148,,skipped_not_eligible,,,,,,,,,,,,,,,,,,,,,,,,,,,,,,,,,,,,,,,,,,,,,,,,
A0003-C014,A0003-C014-m1,A0003,최저임금 1만30원으로 인상… 육아휴직 급여 최대 월 250만원,2025-01-01,https://www.chosun.com/economy/economy_general/2025/01/01/ADO7O3Q4WJBCJAX6UUEY4MSBV4,지원 대상은 중위소득 150% 이하 가구이며 자녀 1인당 월 20만원을 만 18세까지 지원받는다.,"▲ 양육비 선지급제 도입 =양육비를 받지 못하고 있는 한부모가족에게 7월부터 국가가 양육비를 우선 지급하고, 비양육자에게 회수하게 된다.","골다공증 검사의 경우 기존엔 54, 66세 여성만 무료 검진을 받을 수 있었는데, 60세 여성도 검사 대상에 포함됐다.",해외통계·정책,N,보건·복지,중위소득 비율,"중위소득, 한부모가족, 양육비",-,-,-,,한부모가족,-,-,2025,-,Y,확정,150%,CONDITION,hcx,중위소득 비율,-,2025,Y,claim_fallback,참고값,150,-,-,N,%,비중,-,전년,지원 대상은 중위소득 150% 이하 가구이며 자녀 1인당 월 20만원을 만 18세까지 지원받는다.,high,Y,measurement_binding_fallback:3;measurement_period_ungrounded:3,N,0,3,HCX-007,v1.6-prev2-context,2026-07-30,지원금,,2025,Y,%,%,rate,rate_level,household,,N,NOT_KOSIS_VALUE,measurement_usage=CONDITION,Y,MAP000149,,skipped_not_eligible,,,,,,,,,,,,,,,,,,,,,,,,,,,,,,,,,,,,,,,,,,,,,,,,
A0003-C014,A0003-C014-m2,A0003,최저임금 1만30원으로 인상… 육아휴직 급여 최대 월 250만원,2025-01-01,https://www.chosun.com/economy/economy_general/2025/01/01/ADO7O3Q4WJBCJAX6UUEY4MSBV4,지원 대상은 중위소득 150% 이하 가구이며 자녀 1인당 월 20만원을 만 18세까지 지원받는다.,"▲ 양육비 선지급제 도입 =양육비를 받지 못하고 있는 한부모가족에게 7월부터 국가가 양육비를 우선 지급하고, 비양육자에게 회수하게 된다.","골다공증 검사의 경우 기존엔 54, 66세 여성만 무료 검진을 받을 수 있었는데, 60세 여성도 검사 대상에 포함됐다.",해외통계·정책,N,보건·복지,지원금,"중위소득, 한부모가족, 양육비",-,-,-,,한부모가족,-,-,2025,-,Y,확정,20만원,POLICY_VALUE,hcx,지원금,-,2025,Y,claim_fallback,현재값,200000,-,-,N,원,수준값,-,전년,지원 대상은 중위소득 150% 이하 가구이며 자녀 1인당 월 20만원을 만 18세까지 지원받는다.,high,Y,measurement_binding_fallback:3;measurement_period_ungrounded:3,N,0,3,HCX-007,v1.6-prev2-context,2026-07-30,지원금,,2025,Y,원,원,currency,amount,household,,N,NOT_KOSIS_VALUE,measurement_usage=POLICY_VALUE,Y,MAP000150,,skipped_not_eligible,,,,,,,,,,,,,,,,,,,,,,,,,,,,,,,,,,,,,,,,,,,,,,,,
A0003-C014,A0003-C014-m3,A0003,최저임금 1만30원으로 인상… 육아휴직 급여 최대 월 250만원,2025-01-01,https://www.chosun.com/economy/economy_general/2025/01/01/ADO7O3Q4WJBCJAX6UUEY4MSBV4,지원 대상은 중위소득 150% 이하 가구이며 자녀 1인당 월 20만원을 만 18세까지 지원받는다.,"▲ 양육비 선지급제 도입 =양육비를 받지 못하고 있는 한부모가족에게 7월부터 국가가 양육비를 우선 지급하고, 비양육자에게 회수하게 된다.","골다공증 검사의 경우 기존엔 54, 66세 여성만 무료 검진을 받을 수 있었는데, 60세 여성도 검사 대상에 포함됐다.",해외통계·정책,N,보건·복지,자녀 연령,"중위소득, 한부모가족, 양육비",-,-,-,,한부모가족,-,-,2025,-,Y,확정,18세,CONDITION,hcx,자녀 연령,-,2025,Y,claim_fallback,참고값,18,-,-,N,세,수준값,-,전년,지원 대상은 중위소득 150% 이하 가구이며 자녀 1인당 월 20만원을 만 18세까지 지원받는다.,high,Y,measurement_binding_fallback:3;measurement_period_ungrounded:3,N,0,3,HCX-007,v1.6-prev2-context,2026-07-30,지원금,,2025,Y,세,세,age,condition,household,,N,NOT_KOSIS_VALUE,measurement_usage=CONDITION,Y,MAP000151,,skipped_not_eligible,,,,,,,,,,,,,,,,,,,,,,,,,,,,,,,,,,,,,,,,,,,,,,,,
A0003-C017,A0003-C017-m1,A0003,최저임금 1만30원으로 인상… 육아휴직 급여 최대 월 250만원,2025-01-01,https://www.chosun.com/economy/economy_general/2025/01/01/ADO7O3Q4WJBCJAX6UUEY4MSBV4,▲ 청년 대상 전기차 보조금 확대 =청년이 생애 첫 차로 전기 승용차를 구매하는 경우 국비 지원액의 20%를 추가 보조금으로 지원한다.,"▲ '상습 임금 체불 근절법’ 시행 =정부가 지정한 상습 임금 체불 사업주가 되면 정부 지원금이나 보조금 신청에서 제한을 받으며 정부가 발주하는 공사에 참여가 제한되거나 감점 등 불이익을 받는다. 상습 임금 체불 사업주는 출국 금지될 수 있다. ▲ 청년 특화 취업 지원 프로그램 =정부가 제공하는 ‘역량강화 프로그램’에 1개월 이상 참여한 뒤 제조·물류운송·보건·복지서비스·음식점·건설·해운·수산·자원 순환·농업 등 정부 지정 10개 업종에 취업해 6개월 근속할 경우 훈련참여수당 월 20만원과 취업 성공수당 40만원을 지원받는다. ▲ 중장년 경력지원제 신설 =재취업을 희망하는 퇴직 중장년이 일경험을 원하는 경우 1~3개월간 직무교육과 직무수행이 연계된 프로그램을 제공하고, 참여자는 참여수당으로 월 최대 150만원을 지원받는다. ◇금융·조세 수영장·헬스장도 카드 소득공제, 2자녀 가구 자동차 취득세 감면 ▲ 청년도약계좌 혜택 강화 =청년도약계좌 2년 이상 가입자 중 누적 800만원 이상을 납입한 가입자는 신용점수가 5~10점가량 가점된다. 또 2년 이상 가입자는 만기 전에도 누적 납입 원금의 최대 40% 이내에서 납입액 일부를 인출할 수 있게 된다. ▲ 자녀 세액공제 금액 확대 =8~20세 자녀(또는 손자녀)에 대한 자녀 세액공제 금액이 기존 첫째 15만원, 둘째 20만원, 셋째 이후 인당 30만원에서 첫째 25만원, 둘째 30만원, 셋째 이후 인당 40만원으로 확대된다. ▲ 수영장·헬스장도 신용카드 소득공제 =7월 1일부터 연 급여가 7000만원 이하인 경우 수영장이나 체력단련장 시설 이용료를 신용카드로 결제하면 연간 300만원 한도 내에서 소득공제율 30%를 적용받는다. ▲ 자동차 취득세 감면 기준 완화 =다자녀 가구의 자동차 취득세 감면 기준이 3자녀 이상에서 2자녀로 확대되면서 2자녀 가구도 자동차 취득세를 50% 감면 받게 된다. 6인승 이하 승용차 기준 70만원 한도 내에서 취득세가 감면된다. ▲ 면세 주류 병 수 제한 폐지 =해외에서 입국할 때 면세 주류 반입은 2L 이하, 400달러 미만으로 2병만 반입할 수 있었지만, 1분기(1~3월) 내에 병 수 제한이 폐지된다. ▲ 기업 출산지원금 비과세 =근로자가 회사 등에서 본인 또는 배우자의 출산과 관련해 받은 출산지원금에 대해서는 최대 2회에 한해 근로소득을 전액 비과세한다. ▲ 비수도권 미분양주택 취득 시 과세특례 =기존 1주택자가 서울·경기·인천 외 지역에 있는 전용면적 85㎡·취득가액 6억원 이하의 준공 후 미분양주택을 취득하는 경우 1세대 1주택 특례가 적용된다. 이 경우 12억원까지는 양도세가 비과세 되며, 종합부동산세 역시 12억원까지 기본공제를 받을 수 있다. ▲ 맞벌이 가구의 근로장려금 수급 요건 완화 =맞벌이 가구가 근로장려금을 받기 위한 소득기준이 연 3800만원 미만에서 연 4400만원 미만으로 확대된다. 근로장려금은 일은 하지만 소득이 적은 근로자에게 정부가 지급하는 장려금이다. ▲ 세무조사 사전통지 기간 확대 =납세자의 예측 가능성과 자기 방어권 보장을 위해 세무조사 사전통지 기간이 기존 15일에서 20일로 확대된다. ◇교육·병무·환경 병장 월급 125만→150만원 인상… ‘3년간 192학점’ 고교학점제 시행 ▲ 고교학점제 전면 시행 =2025년 고등학교 신입생을 대상으로 고교학점제가 전면 시행된다. 학생들은 진로와 적성에 따라 과목을 선택하고, 3년간 192학점 이상 이수하면 졸업이 인정된다. ▲ 늘봄학교 지원 대상 확대 =2025년 1학기부터 늘봄학교 지원 대상이 기존 초등학교 1학년에서 2학년까지 확대된다. 희망하는 초등학교 1~2학년이 모두 늘봄학교에 참여할 수 있고, 맞춤형 프로그램이 매일 2시간 무료로 제공된다. ▲ 국가장학금 지원 대폭 확대 =국가장학금 I유형과 다자녀 장학금 지원 대상을 100만명에서 150만명으로 확대해 1인당 최대 100만원을 지원한다. 국가근로장학금 수혜 대상은 14만명에서 20만명으로 확대되며, 주거안정장학금을 신설해 원거리 통학으로 어려움을 겪는 저소득 대학생에게 연간 최대 240만원을 지원한다. ▲ 병 봉급 인상 =병 봉급을 병장 기준 월 125만원에서 150만원으로 늘린다. 상병 봉급은 100만원에서 120만원으로, 일병은 80만원에서 90만원으로, 이병은 64만원에서 75만원으로 늘어난다. 장병 내일준비적금의 정부 지원금도 월 최대 40만원에서 55만원으로 오른다. ▲ 한국사·한국어시험 공군 가산점 폐지 =2025년 6회 차(9월) 공군 병 모집 때부터 한국사·한국어능력시험 가산점이 폐지된다. 군 임무 수행과 관련성이 적고, 병역 의무자에게 부담으로 작용할 수 있어서다. ▲ '20세 병역판정검사 후 입영’ 시범 실시 =그동안 모든 병역의무자가 19세에 병역판정검사를 받은 뒤 현역병 입영을 다시 신청해야 했지만, 2025년부터는 20세에 한 번의 신청으로 병역판정검사를 받고 3개월 후 원하는 날짜에 입영할 수 있는 제도가 시범 실시된다.","▲ 난임치료 휴가 확대 =2월 23일부터 난임치료 휴가 기간이 기존 3일에서 6일로 확대되고, 그중 유급기간도 1일에서 2일로 확대된다.",개별기업,N,재정·조세,보조금 증감률,"청년, 전기차, 보조금",-,청년,-,,-,-,-,2025,-,,확정,20%,POLICY_VALUE,hcx,보조금 증감률,-,2025,-,hcx,증감률,20,-,-,N,%,증감률,증가,전년,▲ 청년 대상 전기차 보조금 확대 =청년이 생애 첫 차로 전기 승용차를 구매하는 경우 국비 지원액의 20%를 추가 보조금으로 지원한다.,high,N,-,N,0,0,HCX-007,v1.6-prev2-context,2026-07-30,전기차 보조금,,2025,,%,%,rate,rate_change,unspecified,2024,N,NOT_KOSIS_VALUE,measurement_usage=POLICY_VALUE,N,MAP000152,,skipped_not_eligible,,,,,,,,,,,,,,,,,,,,,,,,,,,,,,,,,,,,,,,,,,,,,,,,
A0003-C018,-,A0003,최저임금 1만30원으로 인상… 육아휴직 급여 최대 월 250만원,2025-01-01,https://www.chosun.com/economy/economy_general/2025/01/01/ADO7O3Q4WJBCJAX6UUEY4MSBV4,추가 지원 대상은 차상위 이하 계층 청년에서 전체로 확대한다.,▲ 청년 대상 전기차 보조금 확대 =청년이 생애 첫 차로 전기 승용차를 구매하는 경우 국비 지원액의 20%를 추가 보조금으로 지원한다.,"▲ '상습 임금 체불 근절법’ 시행 =정부가 지정한 상습 임금 체불 사업주가 되면 정부 지원금이나 보조금 신청에서 제한을 받으며 정부가 발주하는 공사에 참여가 제한되거나 감점 등 불이익을 받는다. 상습 임금 체불 사업주는 출국 금지될 수 있다. ▲ 청년 특화 취업 지원 프로그램 =정부가 제공하는 ‘역량강화 프로그램’에 1개월 이상 참여한 뒤 제조·물류운송·보건·복지서비스·음식점·건설·해운·수산·자원 순환·농업 등 정부 지정 10개 업종에 취업해 6개월 근속할 경우 훈련참여수당 월 20만원과 취업 성공수당 40만원을 지원받는다. ▲ 중장년 경력지원제 신설 =재취업을 희망하는 퇴직 중장년이 일경험을 원하는 경우 1~3개월간 직무교육과 직무수행이 연계된 프로그램을 제공하고, 참여자는 참여수당으로 월 최대 150만원을 지원받는다. ◇금융·조세 수영장·헬스장도 카드 소득공제, 2자녀 가구 자동차 취득세 감면 ▲ 청년도약계좌 혜택 강화 =청년도약계좌 2년 이상 가입자 중 누적 800만원 이상을 납입한 가입자는 신용점수가 5~10점가량 가점된다. 또 2년 이상 가입자는 만기 전에도 누적 납입 원금의 최대 40% 이내에서 납입액 일부를 인출할 수 있게 된다. ▲ 자녀 세액공제 금액 확대 =8~20세 자녀(또는 손자녀)에 대한 자녀 세액공제 금액이 기존 첫째 15만원, 둘째 20만원, 셋째 이후 인당 30만원에서 첫째 25만원, 둘째 30만원, 셋째 이후 인당 40만원으로 확대된다. ▲ 수영장·헬스장도 신용카드 소득공제 =7월 1일부터 연 급여가 7000만원 이하인 경우 수영장이나 체력단련장 시설 이용료를 신용카드로 결제하면 연간 300만원 한도 내에서 소득공제율 30%를 적용받는다. ▲ 자동차 취득세 감면 기준 완화 =다자녀 가구의 자동차 취득세 감면 기준이 3자녀 이상에서 2자녀로 확대되면서 2자녀 가구도 자동차 취득세를 50% 감면 받게 된다. 6인승 이하 승용차 기준 70만원 한도 내에서 취득세가 감면된다. ▲ 면세 주류 병 수 제한 폐지 =해외에서 입국할 때 면세 주류 반입은 2L 이하, 400달러 미만으로 2병만 반입할 수 있었지만, 1분기(1~3월) 내에 병 수 제한이 폐지된다. ▲ 기업 출산지원금 비과세 =근로자가 회사 등에서 본인 또는 배우자의 출산과 관련해 받은 출산지원금에 대해서는 최대 2회에 한해 근로소득을 전액 비과세한다. ▲ 비수도권 미분양주택 취득 시 과세특례 =기존 1주택자가 서울·경기·인천 외 지역에 있는 전용면적 85㎡·취득가액 6억원 이하의 준공 후 미분양주택을 취득하는 경우 1세대 1주택 특례가 적용된다. 이 경우 12억원까지는 양도세가 비과세 되며, 종합부동산세 역시 12억원까지 기본공제를 받을 수 있다. ▲ 맞벌이 가구의 근로장려금 수급 요건 완화 =맞벌이 가구가 근로장려금을 받기 위한 소득기준이 연 3800만원 미만에서 연 4400만원 미만으로 확대된다. 근로장려금은 일은 하지만 소득이 적은 근로자에게 정부가 지급하는 장려금이다. ▲ 세무조사 사전통지 기간 확대 =납세자의 예측 가능성과 자기 방어권 보장을 위해 세무조사 사전통지 기간이 기존 15일에서 20일로 확대된다. ◇교육·병무·환경 병장 월급 125만→150만원 인상… ‘3년간 192학점’ 고교학점제 시행 ▲ 고교학점제 전면 시행 =2025년 고등학교 신입생을 대상으로 고교학점제가 전면 시행된다. 학생들은 진로와 적성에 따라 과목을 선택하고, 3년간 192학점 이상 이수하면 졸업이 인정된다. ▲ 늘봄학교 지원 대상 확대 =2025년 1학기부터 늘봄학교 지원 대상이 기존 초등학교 1학년에서 2학년까지 확대된다. 희망하는 초등학교 1~2학년이 모두 늘봄학교에 참여할 수 있고, 맞춤형 프로그램이 매일 2시간 무료로 제공된다. ▲ 국가장학금 지원 대폭 확대 =국가장학금 I유형과 다자녀 장학금 지원 대상을 100만명에서 150만명으로 확대해 1인당 최대 100만원을 지원한다. 국가근로장학금 수혜 대상은 14만명에서 20만명으로 확대되며, 주거안정장학금을 신설해 원거리 통학으로 어려움을 겪는 저소득 대학생에게 연간 최대 240만원을 지원한다. ▲ 병 봉급 인상 =병 봉급을 병장 기준 월 125만원에서 150만원으로 늘린다. 상병 봉급은 100만원에서 120만원으로, 일병은 80만원에서 90만원으로, 이병은 64만원에서 75만원으로 늘어난다. 장병 내일준비적금의 정부 지원금도 월 최대 40만원에서 55만원으로 오른다. ▲ 한국사·한국어시험 공군 가산점 폐지 =2025년 6회 차(9월) 공군 병 모집 때부터 한국사·한국어능력시험 가산점이 폐지된다. 군 임무 수행과 관련성이 적고, 병역 의무자에게 부담으로 작용할 수 있어서다. ▲ '20세 병역판정검사 후 입영’ 시범 실시 =그동안 모든 병역의무자가 19세에 병역판정검사를 받은 뒤 현역병 입영을 다시 신청해야 했지만, 2025년부터는 20세에 한 번의 신청으로 병역판정검사를 받고 3개월 후 원하는 날짜에 입영할 수 있는 제도가 시범 실시된다.",국내공식통계,N,재정·조세,전기차 보조금,-,-,청년,-,전기차,차상위 이하 계층 청년; 전체 청년,-,-,,-,,확정,-,-,-,-,-,-,-,-,-,-,-,-,-,,-,-,-,청년이 생애 첫 차로 전기 승용차를 구매하는 경우 국비 지원액의 20%를 추가 보조금으로 지원한다.,high,N,-,N,0,0,HCX-007,v1.6-prev2-context,2026-07-30,전기차 보조금,전기차,2025,,,,unknown,level,unspecified,,N,NO_MEASUREMENT,측정값 없는 placeholder,Y,MAP000153,,skipped_not_eligible,,,,,,,,,,,,,,,,,,,,,,,,,,,,,,,,,,,,,,,,,,,,,,,,
A0004-C011,A0004-C011-m1,A0004,‘직원 한 명에 로봇 수십 대’… 이젠 로봇이 공장 움직인다,2025-01-01,https://www.chosun.com/economy/economy_general/2025/01/01/TGA2SHZ4SFACHOHRP36OUPCMHE,국제로봇연맹(IFR)에 따르면 2023년 우리나라는 직원 1만명당 로봇 1012대를 쓰는 나라였다.,2025년 한국 산업 현장의 주역이 로봇이란 말이 과언이 아닐 정도다.,하지만 우리 산업의 현장은 이제 로봇이 좌지우지한다.,해외통계·정책,N,고용,로봇 사용 비율,"국제로봇연맹, 로봇, 고용",-,-,-,,-,-,-,2023,-,Y,확정,1012대,KOSIS_VALUE,hcx,로봇 사용 비율,-,2023,Y,hcx,현재값,1012,-,-,N,대,수준값,-,전년,국제로봇연맹(IFR)에 따르면 2023년 우리나라는 직원 1만명당 로봇 1012대를 쓰는 나라였다.,high,N,-,N,0,0,HCX-007,v1.6-prev2-context,2026-07-30,로봇 사용 비율,,2023,Y,대,대,count,rate_level,unspecified,,N,OUT_OF_KOSIS_SCOPE,claim_domain_scope=해외통계·정책,N,MAP000154,,skipped_not_eligible,,,,,,,,,,,,,,,,,,,,,,,,,,,,,,,,,,,,,,,,,,,,,,,,
A0004-C011,A0004-C011-m2,A0004,‘직원 한 명에 로봇 수십 대’… 이젠 로봇이 공장 움직인다,2025-01-01,https://www.chosun.com/economy/economy_general/2025/01/01/TGA2SHZ4SFACHOHRP36OUPCMHE,국제로봇연맹(IFR)에 따르면 2023년 우리나라는 직원 1만명당 로봇 1012대를 쓰는 나라였다.,2025년 한국 산업 현장의 주역이 로봇이란 말이 과언이 아닐 정도다.,하지만 우리 산업의 현장은 이제 로봇이 좌지우지한다.,해외통계·정책,N,고용,인력 규모,"국제로봇연맹, 로봇, 고용",-,-,-,,-,-,-,2023,-,Y,확정,1만명,CONDITION,hcx,인력 규모,-,2023,Y,hcx,참고값,10000,-,-,N,명,수준값,-,전년,국제로봇연맹(IFR)에 따르면 2023년 우리나라는 직원 1만명당 로봇 1012대를 쓰는 나라였다.,high,N,-,N,0,0,HCX-007,v1.6-prev2-context,2026-07-30,로봇 사용 비율,,2023,Y,명,명,person_count,count,unspecified,,N,NOT_KOSIS_VALUE,measurement_usage=CONDITION,Y,MAP000155,,skipped_not_eligible,,,,,,,,,,,,,,,,,,,,,,,,,,,,,,,,,,,,,,,,,,,,,,,,
A0004-C012,A0004-C012-m1,A0004,‘직원 한 명에 로봇 수십 대’… 이젠 로봇이 공장 움직인다,2025-01-01,https://www.chosun.com/economy/economy_general/2025/01/01/TGA2SHZ4SFACHOHRP36OUPCMHE,이미 우리나라는 로봇 밀도(공장 직원 한 명당 로봇수) 전 세계 1위 국가인 것이다.,국제로봇연맹(IFR)에 따르면 2023년 우리나라는 직원 1만명당 로봇 1012대를 쓰는 나라였다.,2025년 한국 산업 현장의 주역이 로봇이란 말이 과언이 아닐 정도다.,국내공식통계,N,생산·산업,로봇 밀도,로봇 밀도; 공장 직원 한 명당 로봇수,-,-,-,,-,-,-,2025,-,Y,확정,1위,KOSIS_VALUE,hcx,로봇 밀도,-,2025,Y,hcx,현재값,1,-,-,N,위,순위,-,전년,이미 우리나라는 로봇 밀도(공장 직원 한 명당 로봇수) 전 세계 1위 국가인 것이다.,high,N,-,N,0,0,HCX-007,v1.6-prev2-context,2026-07-30,로봇 밀도,,2025,Y,위,위,rank,rank,unspecified,,N,RANK_NOT_DIRECTLY_COMPARABLE,순위는 KOSIS 원자료와 직접 비교하지 않음,Y,MAP000156,,skipped_not_eligible,,,,,,,,,,,,,,,,,,,,,,,,,,,,,,,,,,,,,,,,,,,,,,,,
A0004-C014,A0004-C014-m1,A0004,‘직원 한 명에 로봇 수십 대’… 이젠 로봇이 공장 움직인다,2025-01-01,https://www.chosun.com/economy/economy_general/2025/01/01/TGA2SHZ4SFACHOHRP36OUPCMHE,전 세계 평균(1만명당 162대)의 6배가 넘는 수치다.,싱가포르와 중국이 그 뒤를 이었다.,이미 우리나라는 로봇 밀도(공장 직원 한 명당 로봇수) 전 세계 1위 국가인 것이다.,국내공식통계,N,고용,로봇 밀도,"로봇 밀도, 공장 직원, 전 세계 평균",-,-,-,,-,-,-,2025,-,Y,확정,1만명당 162대,KOSIS_VALUE,hcx,로봇 밀도,-,2025,Y,claim_fallback,현재값,162,-,-,N,대,수준값,-,전년,전 세계 평균(1만명당 162대)의 6배가 넘는 수치다.,high,Y,measurement_binding_fallback:3;measurement_period_ungrounded:3,Y,0,3,HCX-007,v1.6-prev2-context,2026-07-30,로봇 밀도,,2025,Y,대,대,count,count,unspecified,,N,BINDING_NOT_CONFIRMED,measurement_binding_source=claim_fallback,Y,MAP000157,,skipped_not_eligible,,,,,,,,,,,,,,,,,,,,,,,,,,,,,,,,,,,,,,,,,,,,,,,,
A0004-C014,A0004-C014-m2,A0004,‘직원 한 명에 로봇 수십 대’… 이젠 로봇이 공장 움직인다,2025-01-01,https://www.chosun.com/economy/economy_general/2025/01/01/TGA2SHZ4SFACHOHRP36OUPCMHE,전 세계 평균(1만명당 162대)의 6배가 넘는 수치다.,싱가포르와 중국이 그 뒤를 이었다.,이미 우리나라는 로봇 밀도(공장 직원 한 명당 로봇수) 전 세계 1위 국가인 것이다.,국내공식통계,N,고용,로봇 밀도의 기준 인구,"로봇 밀도, 공장 직원, 전 세계 평균",-,-,-,,-,-,-,2025,-,Y,확정,1만명,CONDITION,hcx,로봇 밀도의 기준 인구,-,2025,Y,claim_fallback,참고값,10000,-,-,N,명,수준값,-,-,전 세계 평균(1만명당 162대)의 6배가 넘는 수치다.,high,Y,measurement_binding_fallback:3;measurement_period_ungrounded:3,Y,0,3,HCX-007,v1.6-prev2-context,2026-07-30,로봇 밀도,,2025,Y,명,명,person_count,count,person,,N,NOT_KOSIS_VALUE,measurement_usage=CONDITION,Y,MAP000158,,skipped_not_eligible,,,,,,,,,,,,,,,,,,,,,,,,,,,,,,,,,,,,,,,,,,,,,,,,
A0004-C014,A0004-C014-m3,A0004,‘직원 한 명에 로봇 수십 대’… 이젠 로봇이 공장 움직인다,2025-01-01,https://www.chosun.com/economy/economy_general/2025/01/01/TGA2SHZ4SFACHOHRP36OUPCMHE,전 세계 평균(1만명당 162대)의 6배가 넘는 수치다.,싱가포르와 중국이 그 뒤를 이었다.,이미 우리나라는 로봇 밀도(공장 직원 한 명당 로봇수) 전 세계 1위 국가인 것이다.,국내공식통계,N,고용,로봇 밀도 비율,"로봇 밀도, 공장 직원, 전 세계 평균",-,-,-,,-,-,-,2025,-,Y,확정,6배,KOSIS_VALUE,hcx,로봇 밀도 비율,-,2025,Y,claim_fallback,현재값,6,-,-,N,배,수준값,-,-,전 세계 평균(1만명당 162대)의 6배가 넘는 수치다.,high,Y,measurement_binding_fallback:3;measurement_period_ungrounded:3,Y,0,3,HCX-007,v1.6-prev2-context,2026-07-30,로봇 밀도,,2025,Y,배,배,multiple,rate_level,unspecified,,N,BINDING_NOT_CONFIRMED,measurement_binding_source=claim_fallback,Y,MAP000159,,skipped_not_eligible,,,,,,,,,,,,,,,,,,,,,,,,,,,,,,,,,,,,,,,,,,,,,,,,
A0004-C020,A0004-C020-m1,A0004,‘직원 한 명에 로봇 수십 대’… 이젠 로봇이 공장 움직인다,2025-01-01,https://www.chosun.com/economy/economy_general/2025/01/01/TGA2SHZ4SFACHOHRP36OUPCMHE,"우리나라는 로봇 밀도 1위 나라일 뿐 아니라, 지난 2018년 이후로 매년 5%씩 성장한 유일한 나라이기도 하다.",◇로봇 밀도 1위의 나라 로봇 밀도는 그 나라의 제조업이 얼마나 자동화됐는지 평가하는 기본 지표로 여겨진다.,가파른 경제성장 이후 저출산·고령화 사회로 진입하면서 ‘사람’에서 ‘로봇’으로 빠르게 옮겨가고 있는 산업 현장을 살펴봤다.,국내공식통계,N,고용,로봇 밀도 순위,"로봇 밀도, 제조업, 자동화",-,-,-,,-,-,-,2025,-,Y,확정,1위,KOSIS_VALUE,hcx,로봇 밀도 순위,-,2025,Y,claim_fallback,현재값,1,-,-,N,위,순위,-,전년,"우리나라는 로봇 밀도 1위 나라일 뿐 아니라, 지난 2018년 이후로 매년 5%씩 성장한 유일한 나라이기도 하다.",high,Y,measurement_binding_fallback:1;measurement_period_ungrounded:1,N,0,1,HCX-007,v1.6-prev2-context,2026-07-30,로봇 밀도,,2025,Y,위,위,rank,rank,unspecified,,N,BINDING_NOT_CONFIRMED,measurement_binding_source=claim_fallback,Y,MAP000160,,skipped_not_eligible,,,,,,,,,,,,,,,,,,,,,,,,,,,,,,,,,,,,,,,,,,,,,,,,
A0004-C042,A0004-C042-m1,A0004,‘직원 한 명에 로봇 수십 대’… 이젠 로봇이 공장 움직인다,2025-01-01,https://www.chosun.com/economy/economy_general/2025/01/01/TGA2SHZ4SFACHOHRP36OUPCMHE,이곳 관계자는 “로봇 자동화를 통해 생산량은 로봇을 들이기 이전보다 38% 올라갔고 원가도 45%가량 줄일 수 있었다”고 했다.,이곳에서 물티슈를 포장하고 싣는 모든 과정은 이제 다관절 로봇 5대가 해결한다.,충북 음성에 있는 중소기업 ㈜제일참은 물티슈 및 위생용품을 만드는 곳이다.,개별기업,N,생산·산업,생산량 증가율,"로봇 자동화, 생산량, 원가",-,-,-,물티슈 및 위생용품,-,-,-,2025,-,Y,확정,38%,KOSIS_VALUE,hcx,생산량 증가율,물티슈 및 위생용품,2025,Y,claim_fallback,증감률,38,-,-,N,%,증감률,증가,전년,"""로봇 자동화를 통해 생산량은 로봇을 들이기 이전보다 38% 올라갔고 원가도 45%가량 줄일 수 있었다""고 했다.",high,Y,measurement_binding_fallback:2;measurement_period_ungrounded:2,N,0,2,HCX-007,v1.6-prev2-context,2026-07-30,"생산량 증가율, 원가 절감률",물티슈 및 위생용품,2025,Y,%,%,rate,rate_change,item,2024,N,OUT_OF_KOSIS_SCOPE,claim_domain_scope=개별기업,Y,MAP000161,,skipped_not_eligible,,,,,,,,,,,,,,,,,,,,,,,,,,,,,,,,,,,,,,,,,,,,,,,,
A0004-C042,A0004-C042-m2,A0004,‘직원 한 명에 로봇 수십 대’… 이젠 로봇이 공장 움직인다,2025-01-01,https://www.chosun.com/economy/economy_general/2025/01/01/TGA2SHZ4SFACHOHRP36OUPCMHE,이곳 관계자는 “로봇 자동화를 통해 생산량은 로봇을 들이기 이전보다 38% 올라갔고 원가도 45%가량 줄일 수 있었다”고 했다.,이곳에서 물티슈를 포장하고 싣는 모든 과정은 이제 다관절 로봇 5대가 해결한다.,충북 음성에 있는 중소기업 ㈜제일참은 물티슈 및 위생용품을 만드는 곳이다.,개별기업,N,생산·산업,원가 절감률,"로봇 자동화, 생산량, 원가",-,-,-,물티슈 및 위생용품,-,-,-,2025,-,Y,확정,45%가량,KOSIS_VALUE,hcx,원가 절감률,물티슈 및 위생용품,2025,Y,claim_fallback,증감률,45,-,-,Y,%,증감률,감소,전년,"""로봇 자동화를 통해 생산량은 로봇을 들이기 이전보다 38% 올라갔고 원가도 45%가량 줄일 수 있었다""고 했다.",high,Y,measurement_binding_fallback:2;measurement_period_ungrounded:2,N,0,2,HCX-007,v1.6-prev2-context,2026-07-30,"생산량 증가율, 원가 절감률",물티슈 및 위생용품,2025,Y,%,%,rate,rate_change,item,2024,N,OUT_OF_KOSIS_SCOPE,claim_domain_scope=개별기업,Y,MAP000162,,skipped_not_eligible,,,,,,,,,,,,,,,,,,,,,,,,,,,,,,,,,,,,,,,,,,,,,,,,
A0004-C047,A0004-C047-m1,A0004,‘직원 한 명에 로봇 수십 대’… 이젠 로봇이 공장 움직인다,2025-01-01,https://www.chosun.com/economy/economy_general/2025/01/01/TGA2SHZ4SFACHOHRP36OUPCMHE,진흥원 관계자는 “아직 2024년 조사 결과가 나오진 않았지만 지난 3년보다 더 많은 증가율을 보였을 것으로 추정한다”고 했다.,한국로봇산업진흥원에 따르면 2023년까지 로봇화에 뛰어든 우리 기업은 2524곳으로 지난 2019년보다 13%가량 증가했다.,경기도 파주의 한 소규모 도서물류 업체 관계자는 “물류 현장에서 각종 사고를 예방하기 위해 허리나 허벅지에 차면 근력을 올려주는 웨어러블 로봇 7대를 구입해 사용하고 있다”고 했다.,해외통계·정책,N,고용,로봇화에 뛰어든 기업의 기간,"로봇화, 기업, 증가율",-,-,-,,-,-,-,2024,-,Y,모호,지난 3년,CONTEXT,hcx,로봇화에 뛰어든 기업의 기간,-,2024,Y,claim_fallback,참고값,3,-,-,N,년,수준값,증가,전년,"진흥원 관계자는 ""아직 2024년 조사 결과가 나오진 않았지만 지난 3년보다 더 많은 증가율을 보였을 것으로 추정한다""고 했다.",low,Y,measurement_binding_fallback:1;measurement_period_ungrounded:1,N,0,1,HCX-007,v1.6-prev2-context,2026-07-30,로봇화에 뛰어든 기업의 수,,2024,Y,년,년,duration,condition,organization,,N,NOT_KOSIS_VALUE,measurement_usage=CONTEXT,Y,MAP000163,,skipped_not_eligible,,,,,,,,,,,,,,,,,,,,,,,,,,,,,,,,,,,,,,,,,,,,,,,,
A0005-C004,A0005-C004-m1,A0005,"정부, 美 ‘CES 2025′에 역대 최대 통합한국관 운영",2025-01-01,https://www.chosun.com/economy/industry-company/2025/01/01/2LIJLNBNSNANXCA6WLEDQ7A74A,이는 지난해 443개보다 2개 늘어난 역대 최대 규모다.,산업통상자원부와 코트라(KOTRA)는 이달 7~10일 개최되는 CES 2025에 36개 기관과 협업해 445개사 규모의 역대 최대 통합한국관을 구성한다.,범정부 차원의 통합 홍보와 규모 있는 국가관 운용으로 국내 기업의 수출 마케팅 효과가 증대할 것으로 기대된다.,개별기업,N,무역,통합한국관 규모,"CES, 통합한국관, 수출 마케팅 효과",-,-,-,,-,-,-,2024,-,Y,확정,443개,KOSIS_VALUE,hcx,통합한국관 규모,-,2024,Y,hcx,이전값,443,-,-,N,개,수준값,증가,전년,이는 지난해 443개보다 2개 늘어난 역대 최대 규모다.,high,Y,measurement_rule_fallback:1,Y,1,0,HCX-007,v1.6-prev2-context,2026-07-30,통합한국관 규모,,2025,Y,개,개,count,count,unspecified,,N,OUT_OF_KOSIS_SCOPE,claim_domain_scope=개별기업,Y,MAP000164,,skipped_not_eligible,,,,,,,,,,,,,,,,,,,,,,,,,,,,,,,,,,,,,,,,,,,,,,,,
A0005-C004,A0005-C004-m2,A0005,"정부, 美 ‘CES 2025′에 역대 최대 통합한국관 운영",2025-01-01,https://www.chosun.com/economy/industry-company/2025/01/01/2LIJLNBNSNANXCA6WLEDQ7A74A,이는 지난해 443개보다 2개 늘어난 역대 최대 규모다.,산업통상자원부와 코트라(KOTRA)는 이달 7~10일 개최되는 CES 2025에 36개 기관과 협업해 445개사 규모의 역대 최대 통합한국관을 구성한다.,범정부 차원의 통합 홍보와 규모 있는 국가관 운용으로 국내 기업의 수출 마케팅 효과가 증대할 것으로 기대된다.,개별기업,N,무역,통합한국관 규모,"CES, 통합한국관, 수출 마케팅 효과",-,-,-,,-,-,-,2025,-,Y,확정,2개,KOSIS_VALUE,rule_fallback,통합한국관 규모,-,2025,Y,rule_fallback,현재값,2,-,-,N,개,수준값,증가,-,이는 지난해 443개보다 2개 늘어난 역대 최대 규모다.,high,Y,measurement_rule_fallback:1,Y,1,0,HCX-007,v1.6-prev2-context,2026-07-30,통합한국관 규모,,2025,Y,개,개,count,count,unspecified,,N,OUT_OF_KOSIS_SCOPE,claim_domain_scope=개별기업,N,MAP000165,,skipped_not_eligible,,,,,,,,,,,,,,,,,,,,,,,,,,,,,,,,,,,,,,,,,,,,,,,,
A0005-C006,A0005-C006-m1,A0005,"정부, 美 ‘CES 2025′에 역대 최대 통합한국관 운영",2025-01-01,https://www.chosun.com/economy/industry-company/2025/01/01/2LIJLNBNSNANXCA6WLEDQ7A74A,"올해 한국은 삼성, LG, 현대, SK 등 글로벌 대기업과 통합한국관 445개사, 기타 중소·중견기업 455여개를 포함한 약 900개사가 참가할 예정이다.","통합한국관 주요 전시분야는 생활가전(18%) 디지털헬스(17%), 인공지능(16%), 스마트 홈(12%) 순으로 집계됐다.",이는 지난해 443개보다 2개 늘어난 역대 최대 규모다.,개별기업,N,무역,참가 기업 수,"통합한국관, CES, 삼성전자, LG전자, 현대자동차, SK",-,-,-,통합한국관,-,-,-,2025,-,Y,확정,445개사,KOSIS_VALUE,hcx,참가 기업 수,통합한국관,2025,Y,hcx,현재값,445,-,-,N,개,수준값,-,전년,"올해 한국은 삼성, LG, 현대, SK 등 글로벌 대기업과 통합한국관 445개사, 기타 중소·중견기업 455여개를 포함한 약 900개사가 참가할 예정이다.",high,N,-,N,0,0,HCX-007,v1.6-prev2-context,2026-07-30,참가 기업 수,,2025,Y,개사,개,count,count,organization,,N,OUT_OF_KOSIS_SCOPE,claim_domain_scope=개별기업,Y,MAP000166,,skipped_not_eligible,,,,,,,,,,,,,,,,,,,,,,,,,,,,,,,,,,,,,,,,,,,,,,,,
A0005-C006,A0005-C006-m2,A0005,"정부, 美 ‘CES 2025′에 역대 최대 통합한국관 운영",2025-01-01,https://www.chosun.com/economy/industry-company/2025/01/01/2LIJLNBNSNANXCA6WLEDQ7A74A,"올해 한국은 삼성, LG, 현대, SK 등 글로벌 대기업과 통합한국관 445개사, 기타 중소·중견기업 455여개를 포함한 약 900개사가 참가할 예정이다.","통합한국관 주요 전시분야는 생활가전(18%) 디지털헬스(17%), 인공지능(16%), 스마트 홈(12%) 순으로 집계됐다.",이는 지난해 443개보다 2개 늘어난 역대 최대 규모다.,개별기업,N,무역,참가 기업 수,"통합한국관, CES, 삼성전자, LG전자, 현대자동차, SK",-,-,-,중소·중견기업,-,-,-,2025,-,Y,확정,455여개,KOSIS_VALUE,hcx,참가 기업 수,중소·중견기업,2025,Y,hcx,현재값,455,-,-,Y,개,수준값,-,전년,"올해 한국은 삼성, LG, 현대, SK 등 글로벌 대기업과 통합한국관 445개사, 기타 중소·중견기업 455여개를 포함한 약 900개사가 참가할 예정이다.",high,N,-,N,0,0,HCX-007,v1.6-prev2-context,2026-07-30,참가 기업 수,,2025,Y,개,개,count,count,organization,,N,OUT_OF_KOSIS_SCOPE,claim_domain_scope=개별기업,Y,MAP000167,,skipped_not_eligible,,,,,,,,,,,,,,,,,,,,,,,,,,,,,,,,,,,,,,,,,,,,,,,,
A0005-C006,A0005-C006-m3,A0005,"정부, 美 ‘CES 2025′에 역대 최대 통합한국관 운영",2025-01-01,https://www.chosun.com/economy/industry-company/2025/01/01/2LIJLNBNSNANXCA6WLEDQ7A74A,"올해 한국은 삼성, LG, 현대, SK 등 글로벌 대기업과 통합한국관 445개사, 기타 중소·중견기업 455여개를 포함한 약 900개사가 참가할 예정이다.","통합한국관 주요 전시분야는 생활가전(18%) 디지털헬스(17%), 인공지능(16%), 스마트 홈(12%) 순으로 집계됐다.",이는 지난해 443개보다 2개 늘어난 역대 최대 규모다.,개별기업,N,무역,참가 기업 수,"통합한국관, CES, 삼성전자, LG전자, 현대자동차, SK",-,-,-,총 참가 기업,-,-,-,2025,-,Y,확정,900개사,KOSIS_VALUE,hcx,참가 기업 수,총 참가 기업,2025,Y,hcx,현재값,900,-,-,Y,개,수준값,-,전년,"올해 한국은 삼성, LG, 현대, SK 등 글로벌 대기업과 통합한국관 445개사, 기타 중소·중견기업 455여개를 포함한 약 900개사가 참가할 예정이다.",high,N,-,N,0,0,HCX-007,v1.6-prev2-context,2026-07-30,참가 기업 수,,2025,Y,개사,개,count,count,organization,,N,OUT_OF_KOSIS_SCOPE,claim_domain_scope=개별기업,Y,MAP000168,,skipped_not_eligible,,,,,,,,,,,,,,,,,,,,,,,,,,,,,,,,,,,,,,,,,,,,,,,,
A0005-C007,A0005-C007-m1,A0005,"정부, 美 ‘CES 2025′에 역대 최대 통합한국관 운영",2025-01-01,https://www.chosun.com/economy/industry-company/2025/01/01/2LIJLNBNSNANXCA6WLEDQ7A74A,전체 한국 기업 참가 숫자도 지난해보다 100개가량 늘어난 최대다.,"올해 한국은 삼성, LG, 현대, SK 등 글로벌 대기업과 통합한국관 445개사, 기타 중소·중견기업 455여개를 포함한 약 900개사가 참가할 예정이다.","통합한국관 주요 전시분야는 생활가전(18%) 디지털헬스(17%), 인공지능(16%), 스마트 홈(12%) 순으로 집계됐다.",개별기업,N,무역,참가 기업 수,"통합한국관, CES, 삼성전자, LG전자, 현대자동차, SK",-,-,-,,-,-,-,2025,-,Y,확정,100개가량,KOSIS_VALUE,hcx,참가 기업 수,-,2025,Y,hcx,현재값,100,-,-,Y,개,수준값,증가,전년,전체 한국 기업 참가 숫자도 지난해보다 100개가량 늘어난 최대다.,mid,N,-,N,0,0,HCX-007,v1.6-prev2-context,2026-07-30,참가 기업 수,,2025,Y,개,개,count,count,organization,,N,OUT_OF_KOSIS_SCOPE,claim_domain_scope=개별기업,N,MAP000169,,skipped_not_eligible,,,,,,,,,,,,,,,,,,,,,,,,,,,,,,,,,,,,,,,,,,,,,,,,
A0006-C002,A0006-C002-m2,A0006,"2024년 수출, 6838억달러로 ‘역대 최대’ 경신",2025-01-01,https://www.chosun.com/economy/industry-company/2025/01/01/2UPTGREAPRAWRG4XUBRMLONSKY,"이전 최대 실적은 2022년 기록한 6836억달러인데, 이를 2년 만에 근소하게 경신한 것이다.",한국의 2024년 수출이 6838억 달러를 기록해 역대 최대실적을 달성했다고 1일 산업통상자원부가 밝혔다.,,국내공식통계,N,무역,수출액,"수출, 역대 최대 실적",-,-,-,,-,-,-,2022,-,Y,확정,2년,CONTEXT,hcx,수출액,-,2022,Y,claim_fallback,참고값,2,-,-,N,년,수준값,-,-,한국의 2024년 수출이 6838억 달러를 기록해 역대 최대실적을 달성했다고 1일 산업통상자원부가 밝혔다.,high,Y,measurement_binding_fallback:1,N,0,1,HCX-007,v1.6-prev2-context,2026-07-30,수출액,,2024,Y,년,년,duration,condition,unspecified,,N,NOT_KOSIS_VALUE,measurement_usage=CONTEXT,Y,MAP000170,,skipped_not_eligible,,,,,,,,,,,,,,,,,,,,,,,,,,,,,,,,,,,,,,,,,,,,,,,,
A0006-C003,A0006-C003-m1,A0006,"2024년 수출, 6838억달러로 ‘역대 최대’ 경신",2025-01-01,https://www.chosun.com/economy/industry-company/2025/01/01/2UPTGREAPRAWRG4XUBRMLONSKY,"이에 따라 2024년 1~9월 기준(WTO)으로 전 세계 수출순위도 2023년 8위에서 두 단계 상승한 6위를 달성했으며, 상위 10대 수출국 중 가장 높은 수출증가율(+9.6%)을 기록했다.","이전 최대 실적은 2022년 기록한 6836억달러인데, 이를 2년 만에 근소하게 경신한 것이다.",한국의 2024년 수출이 6838억 달러를 기록해 역대 최대실적을 달성했다고 1일 산업통상자원부가 밝혔다.,국내공식통계,N,무역,세계 수출 순위,"수출, WTO, 순위, 증가율",-,-,-,,-,-,-,2023,-,Y,확정,6위,KOSIS_VALUE,hcx,세계 수출 순위,-,2023,Y,hcx,현재값,6,-,-,N,위,순위,증가,전년,"이에 따라 2024년 1~9월 기준(WTO)으로 전 세계 수출순위도 2023년 8위에서 두 단계 상승한 6위를 달성했으며, 상위 10대 수출국 중 가장 높은 수출증가율(+9.6%)을 기록했다.",high,N,-,Y,0,0,HCX-007,v1.6-prev2-context,2026-07-30,수출액,,2024,Y,위,위,rank,rank,unspecified,,N,RANK_NOT_DIRECTLY_COMPARABLE,순위는 KOSIS 원자료와 직접 비교하지 않음,N,MAP000171,,skipped_not_eligible,,,,,,,,,,,,,,,,,,,,,,,,,,,,,,,,,,,,,,,,,,,,,,,,
A0006-C003,A0006-C003-m2,A0006,"2024년 수출, 6838억달러로 ‘역대 최대’ 경신",2025-01-01,https://www.chosun.com/economy/industry-company/2025/01/01/2UPTGREAPRAWRG4XUBRMLONSKY,"이에 따라 2024년 1~9월 기준(WTO)으로 전 세계 수출순위도 2023년 8위에서 두 단계 상승한 6위를 달성했으며, 상위 10대 수출국 중 가장 높은 수출증가율(+9.6%)을 기록했다.","이전 최대 실적은 2022년 기록한 6836억달러인데, 이를 2년 만에 근소하게 경신한 것이다.",한국의 2024년 수출이 6838억 달러를 기록해 역대 최대실적을 달성했다고 1일 산업통상자원부가 밝혔다.,국내공식통계,N,무역,세계 수출 순위,"수출, WTO, 순위, 증가율",-,-,-,,-,-,-,2023,-,Y,확정,8위,KOSIS_VALUE,hcx,세계 수출 순위,-,2023,Y,hcx,이전값,8,-,-,N,위,순위,증가,전년,"이에 따라 2024년 1~9월 기준(WTO)으로 전 세계 수출순위도 2023년 8위에서 두 단계 상승한 6위를 달성했으며, 상위 10대 수출국 중 가장 높은 수출증가율(+9.6%)을 기록했다.",high,N,-,Y,0,0,HCX-007,v1.6-prev2-context,2026-07-30,수출액,,2024,Y,위,위,rank,rank,unspecified,,N,RANK_NOT_DIRECTLY_COMPARABLE,순위는 KOSIS 원자료와 직접 비교하지 않음,Y,MAP000172,,skipped_not_eligible,,,,,,,,,,,,,,,,,,,,,,,,,,,,,,,,,,,,,,,,,,,,,,,,
A0006-C005,A0006-C005-m2,A0006,"2024년 수출, 6838억달러로 ‘역대 최대’ 경신",2025-01-01,https://www.chosun.com/economy/industry-company/2025/01/01/2UPTGREAPRAWRG4XUBRMLONSKY,2022년 당시 수출액은 역대 최대를 기록하면서도 472억달러 적자를 냈던 것과 다른 결과다.,무역수지는 전년 대비 621억 달러 개선된 518억 달러의 흑자를 기록했다.,"이에 따라 2024년 1~9월 기준(WTO)으로 전 세계 수출순위도 2023년 8위에서 두 단계 상승한 6위를 달성했으며, 상위 10대 수출국 중 가장 높은 수출증가율(+9.6%)을 기록했다.",국내공식통계,N,무역,수출액,"수출액, WTO, 수출증가율, 무역수지",-,-,-,,-,-,-,2022,-,Y,확정,2022년,CONDITION,rule_fallback,수출액,-,2022,Y,rule_fallback,참고값,2022,-,-,N,년,수준값,-,-,2022년 당시 수출액은 역대 최대를 기록하면서도 472억달러 적자를 냈던 것과 다른 결과다.,high,Y,measurement_rule_fallback:1,Y,1,0,HCX-007,v1.6-prev2-context,2026-07-30,수출액,,2022,Y,년,년,duration,condition,unspecified,,N,NOT_KOSIS_VALUE,measurement_usage=CONDITION,N,MAP000173,,skipped_not_eligible,,,,,,,,,,,,,,,,,,,,,,,,,,,,,,,,,,,,,,,,,,,,,,,,
A0006-C008,-,A0006,"2024년 수출, 6838억달러로 ‘역대 최대’ 경신",2025-01-01,https://www.chosun.com/economy/industry-company/2025/01/01/2UPTGREAPRAWRG4XUBRMLONSKY,"지난해 유가가 하향 안정화된 가운데 반도체 등 IT 품목, 선박·자동차 등 주력 품목과 바이오헬스·농수산식품·화장품 등 소비재 품목이 고르게 호조를 보이면서 역대 최대 수출 실적과 무역수지 흑자를 동시에 기록했다.",이에 2018년(697억 달러 흑자) 이후 최대 흑자를 기록하게 됐다.,2024년에는 에너지 수입이 감소하면서 전체 수입이 전년 대비 1.6% 감소한 덕에 무역수지가 개선됐다.,국내공식통계,N,무역,수출액,"2024년, 수출, 역대 최대, 유가, 하향 안정화, 반도체, IT 품목, 선박, 자동차, 주력 품목, 바이오헬스, 농수산식품, 화장품, 소비재 품목, 무역수지 흑자",-,-,-,,-,-,-,,-,,확정,-,-,-,-,-,-,-,-,-,-,-,-,-,,-,-,-,"지난해 유가가 하향 안정화된 가운데 반도체 등 IT 품목, 선박·자동차 등 주력 품목과 바이오헬스·농수산식품·화장품 등 소비재 품목이 고르게 호조를 보이면서 역대 최대 수출 실적과 무역수지 흑자를 동시에 기록했다.",high,N,-,N,0,0,HCX-007,v1.6-prev2-context,2026-07-30,수출액,,2024,Y,,,unknown,level,vehicle,,N,NO_MEASUREMENT,측정값 없는 placeholder,Y,MAP000174,,skipped_not_eligible,,,,,,,,,,,,,,,,,,,,,,,,,,,,,,,,,,,,,,,,,,,,,,,,
A0006-C009,A0006-C009-m4,A0006,"2024년 수출, 6838억달러로 ‘역대 최대’ 경신",2025-01-01,https://www.chosun.com/economy/industry-company/2025/01/01/2UPTGREAPRAWRG4XUBRMLONSKY,"◇반도체, 자동차가 이끌고 바이오, 농수산, 화장품 등도 고르게 증가 품목별로는 최대 수출품목인 반도체가 43.9% 증가한 1419억 달러를 기록, 2023년 11월 이후 14개월 연속 증가 흐름을 이어가면서 기존 최대 실적인 2022년 1292억 달러를 2년 만에 경신했다.","지난해 유가가 하향 안정화된 가운데 반도체 등 IT 품목, 선박·자동차 등 주력 품목과 바이오헬스·농수산식품·화장품 등 소비재 품목이 고르게 호조를 보이면서 역대 최대 수출 실적과 무역수지 흑자를 동시에 기록했다.",이에 2018년(697억 달러 흑자) 이후 최대 흑자를 기록하게 됐다.,국내공식통계,Y,무역,반도체 수출 증가 기간,"수출, 반도체, 자동차, 바이오, 농수산, 화장품",-,-,-,반도체,-,-,-,2023,-,Y,확정,14개월,CONTEXT,hcx,반도체 수출 증가 기간,반도체,2023,Y,hcx,참고값,14,-,-,N,개월,수준값,증가,-,"◇반도체, 자동차가 이끌고 바이오, 농수산, 화장품 등도 고르게 증가 품목별로는 최대 수출품목인 반도체가 43.9% 증가한 1419억 달러를 기록, 2023년 11월 이후 14개월 연속 증가 흐름을 이어가면서 기존 최대 실적인 2022년 1292억 달러를 2년 만에 경신했다.",high,N,-,Y,0,0,HCX-007,v1.6-prev2-context,2026-07-30,수출액,,2024,Y,개월,개월,duration,condition,vehicle,,N,NOT_KOSIS_VALUE,measurement_usage=CONTEXT,N,MAP000175,,skipped_not_eligible,,,,,,,,,,,,,,,,,,,,,,,,,,,,,,,,,,,,,,,,,,,,,,,,
A0006-C009,A0006-C009-m5,A0006,"2024년 수출, 6838억달러로 ‘역대 최대’ 경신",2025-01-01,https://www.chosun.com/economy/industry-company/2025/01/01/2UPTGREAPRAWRG4XUBRMLONSKY,"◇반도체, 자동차가 이끌고 바이오, 농수산, 화장품 등도 고르게 증가 품목별로는 최대 수출품목인 반도체가 43.9% 증가한 1419억 달러를 기록, 2023년 11월 이후 14개월 연속 증가 흐름을 이어가면서 기존 최대 실적인 2022년 1292억 달러를 2년 만에 경신했다.","지난해 유가가 하향 안정화된 가운데 반도체 등 IT 품목, 선박·자동차 등 주력 품목과 바이오헬스·농수산식품·화장품 등 소비재 품목이 고르게 호조를 보이면서 역대 최대 수출 실적과 무역수지 흑자를 동시에 기록했다.",이에 2018년(697억 달러 흑자) 이후 최대 흑자를 기록하게 됐다.,국내공식통계,Y,무역,경신 주기,"수출, 반도체, 자동차, 바이오, 농수산, 화장품",-,-,-,반도체,-,-,-,2022,-,Y,확정,2년,CONTEXT,hcx,경신 주기,반도체,2022,Y,hcx,참고값,2,-,-,N,년,수준값,증가,-,"◇반도체, 자동차가 이끌고 바이오, 농수산, 화장품 등도 고르게 증가 품목별로는 최대 수출품목인 반도체가 43.9% 증가한 1419억 달러를 기록, 2023년 11월 이후 14개월 연속 증가 흐름을 이어가면서 기존 최대 실적인 2022년 1292억 달러를 2년 만에 경신했다.",high,N,-,Y,0,0,HCX-007,v1.6-prev2-context,2026-07-30,수출액,,2024,Y,년,년,duration,condition,vehicle,,N,NOT_KOSIS_VALUE,measurement_usage=CONTEXT,Y,MAP000176,,skipped_not_eligible,,,,,,,,,,,,,,,,,,,,,,,,,,,,,,,,,,,,,,,,,,,,,,,,
A0006-C010,-,A0006,"2024년 수출, 6838억달러로 ‘역대 최대’ 경신",2025-01-01,https://www.chosun.com/economy/industry-company/2025/01/01/2UPTGREAPRAWRG4XUBRMLONSKY,"특히 지난 4분기에는 범용 메모리 가격하락에도 불구하고, DDR5·HBM 등 고부가 품목을 중심으로 수출이 확대되면서 올해 전체적으로 분기별 수출이 우상향했다.","◇반도체, 자동차가 이끌고 바이오, 농수산, 화장품 등도 고르게 증가 품목별로는 최대 수출품목인 반도체가 43.9% 증가한 1419억 달러를 기록, 2023년 11월 이후 14개월 연속 증가 흐름을 이어가면서 기존 최대 실적인 2022년 1292억 달러를 2년 만에 경신했다.","지난해 유가가 하향 안정화된 가운데 반도체 등 IT 품목, 선박·자동차 등 주력 품목과 바이오헬스·농수산식품·화장품 등 소비재 품목이 고르게 호조를 보이면서 역대 최대 수출 실적과 무역수지 흑자를 동시에 기록했다.",국내공식통계,Y,무역,수출액,"2024년, 수출, 반도체, 자동차, 바이오헬스, 농수산식품, 화장품",-,-,-,,-,-,-,,-,,확정,-,-,-,-,-,-,-,-,-,-,-,-,-,,-,-,-,"특히 지난 4분기에는 범용 메모리 가격하락에도 불구하고, DDR5·HBM 등 고부가 품목을 중심으로 수출이 확대되면서 올해 전체적으로 분기별 수출이 우상향했다.",high,N,-,N,0,0,HCX-007,v1.6-prev2-context,2026-07-30,수출액,,2024,Y,,,unknown,level,unspecified,,N,NO_MEASUREMENT,측정값 없는 placeholder,Y,MAP000177,,skipped_not_eligible,,,,,,,,,,,,,,,,,,,,,,,,,,,,,,,,,,,,,,,,,,,,,,,,
A0006-C011,A0006-C011-m3,A0006,"2024년 수출, 6838억달러로 ‘역대 최대’ 경신",2025-01-01,https://www.chosun.com/economy/industry-company/2025/01/01/2UPTGREAPRAWRG4XUBRMLONSKY,"자동차 수출은 하반기 주요 완성차·부품업계 파업 등에 따른 일부 생산 차질 영향으로 전년도와 보합세인 708억 달러(-0.1%)를 기록하였으며, 2년 연속 700억 달러 이상의 호실적을 이어갔다.","특히 지난 4분기에는 범용 메모리 가격하락에도 불구하고, DDR5·HBM 등 고부가 품목을 중심으로 수출이 확대되면서 올해 전체적으로 분기별 수출이 우상향했다.","◇반도체, 자동차가 이끌고 바이오, 농수산, 화장품 등도 고르게 증가 품목별로는 최대 수출품목인 반도체가 43.9% 증가한 1419억 달러를 기록, 2023년 11월 이후 14개월 연속 증가 흐름을 이어가면서 기존 최대 실적인 2022년 1292억 달러를 2년 만에 경신했다.",국내공식통계,Y,무역,기간,"수출, 자동차, 완성차, 부품업계, 생산 차질",-,-,-,자동차,-,-,-,2024,-,Y,확정,2년,CONTEXT,hcx,기간,자동차,2024,Y,hcx,참고값,2,-,-,N,년,수준값,유지,-,"자동차 수출은 하반기 주요 완성차·부품업계 파업 등에 따른 일부 생산 차질 영향으로 전년도와 보합세인 708억 달러(-0.1%)를 기록하였으며, 2년 연속 700억 달러 이상의 호실적을 이어갔다.",high,N,-,Y,0,0,HCX-007,v1.6-prev2-context,2026-07-30,자동차 수출,자동차,2024,Y,년,년,duration,condition,vehicle,,N,NOT_KOSIS_VALUE,measurement_usage=CONTEXT,Y,MAP000178,,skipped_not_eligible,,,,,,,,,,,,,,,,,,,,,,,,,,,,,,,,,,,,,,,,,,,,,,,,
A0006-C011,A0006-C011-m4,A0006,"2024년 수출, 6838억달러로 ‘역대 최대’ 경신",2025-01-01,https://www.chosun.com/economy/industry-company/2025/01/01/2UPTGREAPRAWRG4XUBRMLONSKY,"자동차 수출은 하반기 주요 완성차·부품업계 파업 등에 따른 일부 생산 차질 영향으로 전년도와 보합세인 708억 달러(-0.1%)를 기록하였으며, 2년 연속 700억 달러 이상의 호실적을 이어갔다.","특히 지난 4분기에는 범용 메모리 가격하락에도 불구하고, DDR5·HBM 등 고부가 품목을 중심으로 수출이 확대되면서 올해 전체적으로 분기별 수출이 우상향했다.","◇반도체, 자동차가 이끌고 바이오, 농수산, 화장품 등도 고르게 증가 품목별로는 최대 수출품목인 반도체가 43.9% 증가한 1419억 달러를 기록, 2023년 11월 이후 14개월 연속 증가 흐름을 이어가면서 기존 최대 실적인 2022년 1292억 달러를 2년 만에 경신했다.",국내공식통계,Y,무역,목표치,"수출, 자동차, 완성차, 부품업계, 생산 차질",-,-,-,자동차,-,-,-,2024,-,Y,확정,700억 달러,CONDITION,hcx,목표치,자동차,2024,Y,hcx,참고값,70000000000,-,-,N,달러,수준값,유지,-,"자동차 수출은 하반기 주요 완성차·부품업계 파업 등에 따른 일부 생산 차질 영향으로 전년도와 보합세인 708억 달러(-0.1%)를 기록하였으며, 2년 연속 700억 달러 이상의 호실적을 이어갔다.",high,N,-,Y,0,0,HCX-007,v1.6-prev2-context,2026-07-30,자동차 수출,자동차,2024,Y,달러,달러,currency,amount,vehicle,,N,NOT_KOSIS_VALUE,measurement_usage=CONDITION,N,MAP000179,,skipped_not_eligible,,,,,,,,,,,,,,,,,,,,,,,,,,,,,,,,,,,,,,,,,,,,,,,,
A0006-C014,A0006-C014-m7,A0006,"2024년 수출, 6838억달러로 ‘역대 최대’ 경신",2025-01-01,https://www.chosun.com/economy/industry-company/2025/01/01/2UPTGREAPRAWRG4XUBRMLONSKY,"바이오헬스 수출은 바이오시밀러 등 의약품을 중심으로 전년 대비 13.1% 증가한 151억 달러를 기록했으며, 전 세계적으로 K푸드, K뷰티 선호가 확대되면서 농수산식품 수출은 117억 달러(7.6%), 화장품 수출(102억 달러, +20.6%)은 처음으로 100억 달러를 돌파하면서 역대 최대 수출실적을 경신했다.","석유화학 수출은 480억 달러로, 하반기 유가 하락에 따른 수출단가 하락에도 불구하고 수출물량이 확대되면서 5% 증가했다.","선박 수출은 2021년 높은 선가로 수주한 LNG 운반선, 대형 컨테이너선 등 고부가 선박이 본격 수출되면서 두 자릿수(18%) 증가한 256억 달러를 기록했다.",국내공식통계,N,무역,화장품 수출액 돌파 기준,"바이오헬스, 농수산식품, 화장품, 수출액",-,-,-,화장품,-,-,-,2024,-,Y,확정,100억 달러,CONTEXT,hcx,화장품 수출액 돌파 기준,화장품,2024,Y,hcx,참고값,10000000000,-,-,N,달러,수준값,증가,전년,"바이오헬스 수출은 바이오시밀러 등 의약품을 중심으로 전년 대비 13.1% 증가한 151억 달러를 기록했으며, 전 세계적으로 K푸드, K뷰티 선호가 확대되면서 농수산식품 수출은 117억 달러(7.6%), 화장품 수출(102억 달러, +20.6%)은 처음으로 100억 달러를 돌파하면서 역대 최대 수출실적을 경신했다.",high,N,-,Y,0,0,HCX-007,v1.6-prev2-context,2026-07-30,수출액,,2024,Y,달러,달러,currency,amount,item,,N,NOT_KOSIS_VALUE,measurement_usage=CONTEXT,Y,MAP000180,,skipped_not_eligible,,,,,,,,,,,,,,,,,,,,,,,,,,,,,,,,,,,,,,,,,,,,,,,,
A0006-C015,A0006-C015-m1,A0006,"2024년 수출, 6838억달러로 ‘역대 최대’ 경신",2025-01-01,https://www.chosun.com/economy/industry-company/2025/01/01/2UPTGREAPRAWRG4XUBRMLONSKY,◇12월 수출 6.6% 늘어난 614억달러...수출 증가율 5개월 만에 반등 한편 이날 동시에 발표된 지난 12월 수출액은 614억달러로 전년 동월 대비 6.6% 증가했다.,"바이오헬스 수출은 바이오시밀러 등 의약품을 중심으로 전년 대비 13.1% 증가한 151억 달러를 기록했으며, 전 세계적으로 K푸드, K뷰티 선호가 확대되면서 농수산식품 수출은 117억 달러(7.6%), 화장품 수출(102억 달러, +20.6%)은 처음으로 100억 달러를 돌파하면서 역대 최대 수출실적을 경신했다.","석유화학 수출은 480억 달러로, 하반기 유가 하락에 따른 수출단가 하락에도 불구하고 수출물량이 확대되면서 5% 증가했다.",국내공식통계,Y,무역,수출 증가율,"수출액, 수출 증가율, 수출 실적",-,-,-,,-,-,-,202512,-,M,확정,6.60%,KOSIS_VALUE,hcx,수출 증가율,-,202512,M,claim_fallback,증감률,6.6,-,-,N,%,증감률,증가,전년동월,◇12월 수출 6.6% 늘어난 614억달러...수출 증가율 5개월 만에 반등 한편 이날 동시에 발표된 지난 12월 수출액은 614억달러로 전년 동월 대비 6.6% 증가했다.,high,Y,measurement_binding_fallback:3;measurement_period_ungrounded:3,Y,0,3,HCX-007,v1.6-prev2-context,2026-07-30,수출액,,202512,M,%,%,rate,rate_change,unspecified,202412,N,BINDING_NOT_CONFIRMED,measurement_binding_source=claim_fallback,N,MAP000181,,skipped_not_eligible,,,,,,,,,,,,,,,,,,,,,,,,,,,,,,,,,,,,,,,,,,,,,,,,
A0006-C015,A0006-C015-m2,A0006,"2024년 수출, 6838억달러로 ‘역대 최대’ 경신",2025-01-01,https://www.chosun.com/economy/industry-company/2025/01/01/2UPTGREAPRAWRG4XUBRMLONSKY,◇12월 수출 6.6% 늘어난 614억달러...수출 증가율 5개월 만에 반등 한편 이날 동시에 발표된 지난 12월 수출액은 614억달러로 전년 동월 대비 6.6% 증가했다.,"바이오헬스 수출은 바이오시밀러 등 의약품을 중심으로 전년 대비 13.1% 증가한 151억 달러를 기록했으며, 전 세계적으로 K푸드, K뷰티 선호가 확대되면서 농수산식품 수출은 117억 달러(7.6%), 화장품 수출(102억 달러, +20.6%)은 처음으로 100억 달러를 돌파하면서 역대 최대 수출실적을 경신했다.","석유화학 수출은 480억 달러로, 하반기 유가 하락에 따른 수출단가 하락에도 불구하고 수출물량이 확대되면서 5% 증가했다.",국내공식통계,Y,무역,수출액,"수출액, 수출 증가율, 수출 실적",-,-,-,,-,-,-,202512,-,M,확정,614억달러,KOSIS_VALUE,hcx,수출액,-,202512,M,claim_fallback,현재값,61400000000,-,-,N,달러,수준값,증가,전년동월,◇12월 수출 6.6% 늘어난 614억달러...수출 증가율 5개월 만에 반등 한편 이날 동시에 발표된 지난 12월 수출액은 614억달러로 전년 동월 대비 6.6% 증가했다.,high,Y,measurement_binding_fallback:3;measurement_period_ungrounded:3,Y,0,3,HCX-007,v1.6-prev2-context,2026-07-30,수출액,,202512,M,달러,달러,currency,amount,unspecified,,N,BINDING_NOT_CONFIRMED,measurement_binding_source=claim_fallback,N,MAP000182,,skipped_not_eligible,,,,,,,,,,,,,,,,,,,,,,,,,,,,,,,,,,,,,,,,,,,,,,,,
A0006-C015,A0006-C015-m3,A0006,"2024년 수출, 6838억달러로 ‘역대 최대’ 경신",2025-01-01,https://www.chosun.com/economy/industry-company/2025/01/01/2UPTGREAPRAWRG4XUBRMLONSKY,◇12월 수출 6.6% 늘어난 614억달러...수출 증가율 5개월 만에 반등 한편 이날 동시에 발표된 지난 12월 수출액은 614억달러로 전년 동월 대비 6.6% 증가했다.,"바이오헬스 수출은 바이오시밀러 등 의약품을 중심으로 전년 대비 13.1% 증가한 151억 달러를 기록했으며, 전 세계적으로 K푸드, K뷰티 선호가 확대되면서 농수산식품 수출은 117억 달러(7.6%), 화장품 수출(102억 달러, +20.6%)은 처음으로 100억 달러를 돌파하면서 역대 최대 수출실적을 경신했다.","석유화학 수출은 480억 달러로, 하반기 유가 하락에 따른 수출단가 하락에도 불구하고 수출물량이 확대되면서 5% 증가했다.",국내공식통계,Y,무역,수출 증가율 반등 기간,"수출액, 수출 증가율, 수출 실적",-,-,-,,-,-,-,202512,-,M,확정,5개월,CONTEXT,hcx,수출 증가율 반등 기간,-,202512,M,claim_fallback,참고값,5,-,-,N,개월,수준값,증가,-,◇12월 수출 6.6% 늘어난 614억달러...수출 증가율 5개월 만에 반등 한편 이날 동시에 발표된 지난 12월 수출액은 614억달러로 전년 동월 대비 6.6% 증가했다.,high,Y,measurement_binding_fallback:3;measurement_period_ungrounded:3,Y,0,3,HCX-007,v1.6-prev2-context,2026-07-30,수출액,,202512,M,개월,개월,duration,rate_change,unspecified,,N,NOT_KOSIS_VALUE,measurement_usage=CONTEXT,N,MAP000183,,skipped_not_eligible,,,,,,,,,,,,,,,,,,,,,,,,,,,,,,,,,,,,,,,,,,,,,,,,
A0006-C016,A0006-C016-m1,A0006,"2024년 수출, 6838억달러로 ‘역대 최대’ 경신",2025-01-01,https://www.chosun.com/economy/industry-company/2025/01/01/2UPTGREAPRAWRG4XUBRMLONSKY,15개월 연속 플러스 흐름을 이어간 것이다.,◇12월 수출 6.6% 늘어난 614억달러...수출 증가율 5개월 만에 반등 한편 이날 동시에 발표된 지난 12월 수출액은 614억달러로 전년 동월 대비 6.6% 증가했다.,"바이오헬스 수출은 바이오시밀러 등 의약품을 중심으로 전년 대비 13.1% 증가한 151억 달러를 기록했으며, 전 세계적으로 K푸드, K뷰티 선호가 확대되면서 농수산식품 수출은 117억 달러(7.6%), 화장품 수출(102억 달러, +20.6%)은 처음으로 100억 달러를 돌파하면서 역대 최대 수출실적을 경신했다.",국내공식통계,Y,무역,수출액,"수출, 역대 최대, 수출실적",-,-,-,,-,-,-,2024,-,Y,확정,15개월,CONTEXT,hcx,수출액,-,2024,Y,claim_fallback,참고값,15,-,-,N,개월,수준값,-,-,"""15개월 연속 플러스 흐름을 이어간 것이다.""",high,Y,measurement_binding_fallback:1,N,0,1,HCX-007,v1.6-prev2-context,2026-07-30,수출액,,2024,Y,개월,개월,duration,condition,unspecified,,N,NOT_KOSIS_VALUE,measurement_usage=CONTEXT,N,MAP000184,,skipped_not_eligible,,,,,,,,,,,,,,,,,,,,,,,,,,,,,,,,,,,,,,,,,,,,,,,,
A0006-C017,A0006-C017-m1,A0006,"2024년 수출, 6838억달러로 ‘역대 최대’ 경신",2025-01-01,https://www.chosun.com/economy/industry-company/2025/01/01/2UPTGREAPRAWRG4XUBRMLONSKY,특히 감소 추세를 보이던 수출 증가율이 5개월 만에 반등에 성공했다.,15개월 연속 플러스 흐름을 이어간 것이다.,◇12월 수출 6.6% 늘어난 614억달러...수출 증가율 5개월 만에 반등 한편 이날 동시에 발표된 지난 12월 수출액은 614억달러로 전년 동월 대비 6.6% 증가했다.,국내공식통계,Y,무역,수출 증가율 반등 주기,"수출, 수출액, 수출 증가율",-,-,-,,-,-,-,2024,-,Y,확정,5개월,CONTEXT,hcx,수출 증가율 반등 주기,-,2024,Y,claim_fallback,참고값,5,-,-,N,개월,수준값,증가,-,특히 감소 추세를 보이던 수출 증가율이 5개월 만에 반등에 성공했다.,high,Y,measurement_binding_fallback:1,N,0,1,HCX-007,v1.6-prev2-context,2026-07-30,수출액,,2024,Y,개월,개월,duration,rate_change,unspecified,,N,NOT_KOSIS_VALUE,measurement_usage=CONTEXT,N,MAP000185,,skipped_not_eligible,,,,,,,,,,,,,,,,,,,,,,,,,,,,,,,,,,,,,,,,,,,,,,,,
A0007-C003,A0007-C003-m1,A0007,"외신 “2024년, 2018년 이후 가장 항공 희생자 많은 해 됐다”",2025-01-01,https://www.chosun.com/economy/industry-company/2025/01/01/CQYMZH3PHRHZ7CXJFKL5PT4AB4,보잉 737 맥스 여객기가 자카르타에서 추락한 사고로 189명이 사망한 사건이 발생한 2018년(전체 사망자 526명) 이후 가장 많다.,영국 항공 데이터분석 기관 시리움(Cirium)에 따르면 지난해 여객기 사고로 숨진 사람은 세계에서 318명에 이른다.,0 2024년이 무안공항 제주항공 참사와 아제르바이잔 항공기 추락 사건을 계기로 2018년 이후 가장 많은 사망자가 발생한 해가 됐다.,해외통계·정책,N,보건·복지,항공 희생자 수,"항공 희생자, 사망자, 여객기 사고",-,-,-,,-,-,-,2018,-,Y,확정,189명,KOSIS_VALUE,hcx,항공 희생자 수,-,2018,Y,hcx,참고값,189,-,-,N,명,수준값,-,전년동기,"""보잉 737 맥스 여객기가 자카르타에서 추락한 사고로 189명이 사망한 사건이 발생한 2018년(전체 사망자 526명) 이후 가장 많다.""",high,N,-,N,0,0,HCX-007,v1.6-prev2-context,2026-07-30,항공 희생자 수,,2024,Y,명,명,person_count,count,unspecified,,N,OUT_OF_KOSIS_SCOPE,claim_domain_scope=해외통계·정책,Y,MAP000186,,skipped_not_eligible,,,,,,,,,,,,,,,,,,,,,,,,,,,,,,,,,,,,,,,,,,,,,,,,
A0007-C003,A0007-C003-m2,A0007,"외신 “2024년, 2018년 이후 가장 항공 희생자 많은 해 됐다”",2025-01-01,https://www.chosun.com/economy/industry-company/2025/01/01/CQYMZH3PHRHZ7CXJFKL5PT4AB4,보잉 737 맥스 여객기가 자카르타에서 추락한 사고로 189명이 사망한 사건이 발생한 2018년(전체 사망자 526명) 이후 가장 많다.,영국 항공 데이터분석 기관 시리움(Cirium)에 따르면 지난해 여객기 사고로 숨진 사람은 세계에서 318명에 이른다.,0 2024년이 무안공항 제주항공 참사와 아제르바이잔 항공기 추락 사건을 계기로 2018년 이후 가장 많은 사망자가 발생한 해가 됐다.,해외통계·정책,N,보건·복지,항공 희생자 수,"항공 희생자, 사망자, 여객기 사고",-,-,-,,-,-,-,2018,-,Y,확정,526명,KOSIS_VALUE,hcx,항공 희생자 수,-,2018,Y,hcx,참고값,526,-,-,N,명,수준값,-,전년동기,"""보잉 737 맥스 여객기가 자카르타에서 추락한 사고로 189명이 사망한 사건이 발생한 2018년(전체 사망자 526명) 이후 가장 많다.""",high,N,-,N,0,0,HCX-007,v1.6-prev2-context,2026-07-30,항공 희생자 수,,2024,Y,명,명,person_count,count,unspecified,,N,OUT_OF_KOSIS_SCOPE,claim_domain_scope=해외통계·정책,Y,MAP000187,,skipped_not_eligible,,,,,,,,,,,,,,,,,,,,,,,,,,,,,,,,,,,,,,,,,,,,,,,,
A0009-C002,-,A0009,"승객 수는 더 많은 LCC, 정비사는 대형 항공사의 38%",2025-01-01,https://www.chosun.com/economy/industry-company/2025/01/01/PVCPHJRE7RDT7L2ZG2LDED5NNA,"국내선 여객수는 일찌감치 넘어섰지만, 난공불락 같았던 국제선 역시 LCC를 타고 해외로 나가는 사람이 더 많아진 것이다.",7 2023년 국적기로 국제선을 이용한 여객 4720만여 명 가운데 저비용항공사(LCC) 이용객이 2419만여 명으로 대형항공사(대한항공·아시아나항공) 이용객 2300만여 명을 처음으로 넘어섰다.,,국내공식통계,N,무역,,"LCC, 대형항공사, 국제선, 여객수",-,-,-,"저비용항공사, 대형항공사",-,-,-,,-,,확정,-,-,-,-,-,-,-,-,-,-,-,-,-,,-,-,-,국적기로 국제선을 이용한 여객 4720만여 명 가운데 저비용항공사(LCC) 이용객이 2419만여 명으로 대형항공사(대한항공·아시아나항공) 이용객 2300만여 명을 처음으로 넘어섰다.,high,N,-,N,0,0,HCX-007,v1.6-prev2-context,2026-07-30,,"저비용항공사, 대형항공사",2023,Y,,,unknown,level,unspecified,,N,NO_MEASUREMENT,측정값 없는 placeholder,Y,MAP000188,,skipped_not_eligible,,,,,,,,,,,,,,,,,,,,,,,,,,,,,,,,,,,,,,,,,,,,,,,,
A0009-C004,A0009-C004-m1,A0009,"승객 수는 더 많은 LCC, 정비사는 대형 항공사의 38%",2025-01-01,https://www.chosun.com/economy/industry-company/2025/01/01/PVCPHJRE7RDT7L2ZG2LDED5NNA,"31일 본지가 국토교통부의 항공 정비사 통계를 분석한 결과, 대한항공과 아시아나 2사 소속이 전체의 72.6%를 차지하는 것으로 나타났다.","이처럼 LCC 이용객은 빠르게 늘고 있지만, ‘제1 원칙’인 안전 투자에선 정반대의 결과가 벌어지고 있다.","국내선 여객수는 일찌감치 넘어섰지만, 난공불락 같았던 국제선 역시 LCC를 타고 해외로 나가는 사람이 더 많아진 것이다.",국내공식통계,N,고용,정비사 비중,"국토교통부, 항공 정비사, LCC, 대형 항공사",-,-,-,,-,-,-,202501,-,M,확정,72.60%,KOSIS_VALUE,hcx,정비사 비중,-,202501,M,claim_fallback,현재값,72.6,-,-,N,%,비중,-,전년동기,"31일 본지가 국토교통부의 항공 정비사 통계를 분석한 결과, 대한항공과 아시아나 2사 소속이 전체의 72.6%를 차지하는 것으로 나타났다.",high,Y,measurement_binding_fallback:2;measurement_period_ungrounded:2,N,0,2,HCX-007,v1.6-prev2-context,2026-07-30,정비사 비중,,202501,M,%,%,rate,level,person,,N,BINDING_NOT_CONFIRMED,measurement_binding_source=claim_fallback,Y,MAP000189,,skipped_not_eligible,,,,,,,,,,,,,,,,,,,,,,,,,,,,,,,,,,,,,,,,,,,,,,,,
A0009-C004,A0009-C004-m2,A0009,"승객 수는 더 많은 LCC, 정비사는 대형 항공사의 38%",2025-01-01,https://www.chosun.com/economy/industry-company/2025/01/01/PVCPHJRE7RDT7L2ZG2LDED5NNA,"31일 본지가 국토교통부의 항공 정비사 통계를 분석한 결과, 대한항공과 아시아나 2사 소속이 전체의 72.6%를 차지하는 것으로 나타났다.","이처럼 LCC 이용객은 빠르게 늘고 있지만, ‘제1 원칙’인 안전 투자에선 정반대의 결과가 벌어지고 있다.","국내선 여객수는 일찌감치 넘어섰지만, 난공불락 같았던 국제선 역시 LCC를 타고 해외로 나가는 사람이 더 많아진 것이다.",국내공식통계,N,고용,정비사 비중,"국토교통부, 항공 정비사, LCC, 대형 항공사",-,-,-,,-,-,-,202501,-,M,확정,2사,CONTEXT,hcx,정비사 비중,-,202501,M,claim_fallback,참고값,2,-,-,N,개,수준값,-,-,"31일 본지가 국토교통부의 항공 정비사 통계를 분석한 결과, 대한항공과 아시아나 2사 소속이 전체의 72.6%를 차지하는 것으로 나타났다.",high,Y,measurement_binding_fallback:2;measurement_period_ungrounded:2,N,0,2,HCX-007,v1.6-prev2-context,2026-07-30,정비사 비중,,202501,M,사,개,count,count,person,,N,NOT_KOSIS_VALUE,measurement_usage=CONTEXT,N,MAP000190,,skipped_not_eligible,,,,,,,,,,,,,,,,,,,,,,,,,,,,,,,,,,,,,,,,,,,,,,,,
A0009-C005,A0009-C005-m1,A0009,"승객 수는 더 많은 LCC, 정비사는 대형 항공사의 38%",2025-01-01,https://www.chosun.com/economy/industry-company/2025/01/01/PVCPHJRE7RDT7L2ZG2LDED5NNA,반면 운송 여객 수가 더 많은 LCC 10사(여객·화물 항공사 포함)의 정비사 비율은 27.4%에 그쳤다.,"31일 본지가 국토교통부의 항공 정비사 통계를 분석한 결과, 대한항공과 아시아나 2사 소속이 전체의 72.6%를 차지하는 것으로 나타났다.","이처럼 LCC 이용객은 빠르게 늘고 있지만, ‘제1 원칙’인 안전 투자에선 정반대의 결과가 벌어지고 있다.",국내공식통계,N,고용,정비사 비율,"LCC, 대형 항공사, 정비사, 비율",-,-,-,LCC,-,-,-,202501,-,M,확정,27.40%,KOSIS_VALUE,hcx,정비사 비율,LCC,202501,M,claim_fallback,현재값,27.4,-,-,N,%,비중,-,전년동기,운송 여객 수가 더 많은 LCC 10사(여객·화물 항공사 포함)의 정비사 비율은 27.4%에 그쳤다.,high,Y,measurement_binding_fallback:2;measurement_period_ungrounded:2,N,0,2,HCX-007,v1.6-prev2-context,2026-07-30,정비사 비율,항공사,202501,M,%,%,rate,rate_level,person,,N,BINDING_NOT_CONFIRMED,measurement_binding_source=claim_fallback,Y,MAP000191,,skipped_not_eligible,,,,,,,,,,,,,,,,,,,,,,,,,,,,,,,,,,,,,,,,,,,,,,,,
A0009-C005,A0009-C005-m2,A0009,"승객 수는 더 많은 LCC, 정비사는 대형 항공사의 38%",2025-01-01,https://www.chosun.com/economy/industry-company/2025/01/01/PVCPHJRE7RDT7L2ZG2LDED5NNA,반면 운송 여객 수가 더 많은 LCC 10사(여객·화물 항공사 포함)의 정비사 비율은 27.4%에 그쳤다.,"31일 본지가 국토교통부의 항공 정비사 통계를 분석한 결과, 대한항공과 아시아나 2사 소속이 전체의 72.6%를 차지하는 것으로 나타났다.","이처럼 LCC 이용객은 빠르게 늘고 있지만, ‘제1 원칙’인 안전 투자에선 정반대의 결과가 벌어지고 있다.",국내공식통계,N,고용,LCC 수,"LCC, 대형 항공사, 정비사, 비율",-,-,-,항공사,-,-,-,202501,-,M,확정,10사,CONTEXT,hcx,LCC 수,항공사,202501,M,claim_fallback,참고값,10,-,-,N,개,수준값,-,-,운송 여객 수가 더 많은 LCC 10사(여객·화물 항공사 포함)의 정비사 비율은 27.4%에 그쳤다.,high,Y,measurement_binding_fallback:2;measurement_period_ungrounded:2,N,0,2,HCX-007,v1.6-prev2-context,2026-07-30,정비사 비율,항공사,202501,M,사,개,count,count,item,,N,NOT_KOSIS_VALUE,measurement_usage=CONTEXT,Y,MAP000192,,skipped_not_eligible,,,,,,,,,,,,,,,,,,,,,,,,,,,,,,,,,,,,,,,,,,,,,,,,
A0009-C009,A0009-C009-m1,A0009,"승객 수는 더 많은 LCC, 정비사는 대형 항공사의 38%",2025-01-01,https://www.chosun.com/economy/industry-company/2025/01/01/PVCPHJRE7RDT7L2ZG2LDED5NNA,"◇급성장한 LCC, 안전 투자는 미흡 국토교통부가 지난해 9월 발표한 ‘2023 항공안전백서’에 따르면, 국내 12개 항공사의 정비사 총 5849명(2023년말 기준) 가운데 대형 항공사인 대한항공, 아시아나항공 등 2사 소속은 4248명이었다.","이같은 우려가 커지자, 제주항공은 이날 브리핑을 갖고 “2025년 3월까지 운항량을 10~15% 감축하고, 정비사도 추가 고용하겠다”고 밝혔다.",전남 무안공항 참사를 계기로 국민들의 불안감이 커지는 가운데 항공 전문가들 사이에선 LCC의 안전 수준을 대대적으로 재점검해야 한다는 지적이 나오고 있다.,국내공식통계,N,고용,항공사의 수,"LCC, 대형 항공사, 정비사, 항공안전백서",-,-,-,,-,-,-,2023년말,-,Y,확정,12개,CONTEXT,hcx,항공사의 수,-,2023년말,Y,hcx,현재값,12,-,-,N,개,수준값,-,-,"국토교통부가 지난해 9월 발표한 ‘2023 항공안전백서’에 따르면, 국내 12개 항공사의 정비사 총 5849명(2023년말 기준) 가운데 대형 항공사인 대한항공, 아시아나항공 등 2사 소속은 4248명이었다.",high,N,-,Y,0,0,HCX-007,v1.6-prev2-context,2026-07-30,정비사 수,,2023년말,Y,개,개,count,count,organization,,N,NOT_KOSIS_VALUE,measurement_usage=CONTEXT,Y,MAP000193,,skipped_not_eligible,,,,,,,,,,,,,,,,,,,,,,,,,,,,,,,,,,,,,,,,,,,,,,,,
A0009-C009,A0009-C009-m3,A0009,"승객 수는 더 많은 LCC, 정비사는 대형 항공사의 38%",2025-01-01,https://www.chosun.com/economy/industry-company/2025/01/01/PVCPHJRE7RDT7L2ZG2LDED5NNA,"◇급성장한 LCC, 안전 투자는 미흡 국토교통부가 지난해 9월 발표한 ‘2023 항공안전백서’에 따르면, 국내 12개 항공사의 정비사 총 5849명(2023년말 기준) 가운데 대형 항공사인 대한항공, 아시아나항공 등 2사 소속은 4248명이었다.","이같은 우려가 커지자, 제주항공은 이날 브리핑을 갖고 “2025년 3월까지 운항량을 10~15% 감축하고, 정비사도 추가 고용하겠다”고 밝혔다.",전남 무안공항 참사를 계기로 국민들의 불안감이 커지는 가운데 항공 전문가들 사이에선 LCC의 안전 수준을 대대적으로 재점검해야 한다는 지적이 나오고 있다.,국내공식통계,N,고용,대형 항공사의 수,"LCC, 대형 항공사, 정비사, 항공안전백서",-,-,-,,-,-,-,2023년말,-,Y,확정,2사,CONTEXT,hcx,대형 항공사의 수,-,2023년말,Y,hcx,현재값,2,-,-,N,개,수준값,-,-,"국토교통부가 지난해 9월 발표한 ‘2023 항공안전백서’에 따르면, 국내 12개 항공사의 정비사 총 5849명(2023년말 기준) 가운데 대형 항공사인 대한항공, 아시아나항공 등 2사 소속은 4248명이었다.",high,N,-,Y,0,0,HCX-007,v1.6-prev2-context,2026-07-30,정비사 수,,2023년말,Y,사,개,count,count,organization,,N,NOT_KOSIS_VALUE,measurement_usage=CONTEXT,Y,MAP000194,,skipped_not_eligible,,,,,,,,,,,,,,,,,,,,,,,,,,,,,,,,,,,,,,,,,,,,,,,,
A0009-C010,A0009-C010-m1,A0009,"승객 수는 더 많은 LCC, 정비사는 대형 항공사의 38%",2025-01-01,https://www.chosun.com/economy/industry-company/2025/01/01/PVCPHJRE7RDT7L2ZG2LDED5NNA,"제주항공·진에어 등 LCC 10사의 정비사는 모두 1601명으로, 대형항공사의 3분의 1 수준(37.7%)에 그쳤다.","◇급성장한 LCC, 안전 투자는 미흡 국토교통부가 지난해 9월 발표한 ‘2023 항공안전백서’에 따르면, 국내 12개 항공사의 정비사 총 5849명(2023년말 기준) 가운데 대형 항공사인 대한항공, 아시아나항공 등 2사 소속은 4248명이었다.","이같은 우려가 커지자, 제주항공은 이날 브리핑을 갖고 “2025년 3월까지 운항량을 10~15% 감축하고, 정비사도 추가 고용하겠다”고 밝혔다.",국내공식통계,N,고용,LCC 수,"LCC, 대형 항공사, 정비사, 항공안전백서",-,-,-,항공,-,-,-,2023,-,Y,확정,10사,CONTEXT,hcx,LCC 수,항공,2023,Y,hcx,현재값,10,-,-,N,개,수준값,-,-,"제주항공·진에어 등 LCC 10사의 정비사는 모두 1601명으로, 대형항공사의 3분의 1 수준(37.7%)에 그쳤다.",high,N,-,Y,0,0,HCX-007,v1.6-prev2-context,2026-07-30,정비사 수 비율,항공,2023,Y,사,개,count,count,item,,N,NOT_KOSIS_VALUE,measurement_usage=CONTEXT,Y,MAP000195,,skipped_not_eligible,,,,,,,,,,,,,,,,,,,,,,,,,,,,,,,,,,,,,,,,,,,,,,,,
A0009-C017,A0009-C017-m3,A0009,"승객 수는 더 많은 LCC, 정비사는 대형 항공사의 38%",2025-01-01,https://www.chosun.com/economy/industry-company/2025/01/01/PVCPHJRE7RDT7L2ZG2LDED5NNA,이에 대해 제주항공 측은 “정부의 통계 시점인 2023년 말 이후 정비사를 충원해 현재는 정비사가 522명으로 대당 12.7명 수준으로 개선했다”며 “2025년말까지 560명으로 늘리겠다”고 밝혔다.,"하지만 지난해 국토부 백서에 따르면, LCC 중 가장 정비사 수가 많은 제주항공도 대당 정비사가 11.2명에 그쳤다.",정부가 내세운 기준은 항공기 1대당 정비사 12명(당시 9~11명)이었다.,국내공식통계,N,고용,정비사 수,"LCC, 정비사, 항공사",-,-,-,제주항공,-,-,-,2025,-,Y,확정,560명,KOSIS_VALUE,hcx,정비사 수,제주항공,2025,Y,hcx,목표값,560,-,-,N,명,수준값,-,전년,"""정부의 통계 시점인 2023년 말 이후 정비사를 충원해 현재는 정비사가 522명으로 대당 12.7명 수준으로 개선했다""며 ""2025년말까지 560명으로 늘리겠다""",high,N,-,N,0,0,HCX-007,v1.6-prev2-context,2026-07-30,정비사 수,제주항공,2025,Y,명,명,person_count,count,person,,N,ROLE_NOT_DIRECT_TARGET,measurement_role=목표값,Y,MAP000196,,skipped_not_eligible,,,,,,,,,,,,,,,,,,,,,,,,,,,,,,,,,,,,,,,,,,,,,,,,
A0009-C028,A0009-C028-m1,A0009,"승객 수는 더 많은 LCC, 정비사는 대형 항공사의 38%",2025-01-01,https://www.chosun.com/economy/industry-company/2025/01/01/PVCPHJRE7RDT7L2ZG2LDED5NNA,LCC 1위인 제주항공이 올해 항공기 정비·수리·개조에 책정한 예산도 2209억원에 그친다.,"자체 항공정비(MRO) 시설을 갖춘 대형 항공사와 달리, LCC들은 이 같은 시설을 갖추지 못해 핵심 부품의 중정비는 해외 정비업체에 의존하고 있다.","정비사는 적고 업무량은 많다 보니, 온라인에는 “제주항공 정비에서 2년 버티면 어디서도 버틸 수 있다”는 글들이 올라오고 있다.",개별기업,N,생산·산업,항공사 순위,"LCC, 제주항공, 정비사, 대형 항공사",-,-,-,LCC,-,-,-,2025,-,Y,확정,1위,KOSIS_VALUE,hcx,항공사 순위,LCC,2025,Y,hcx,현재값,1,-,-,N,위,순위,-,-,LCC 1위인 제주항공이 올해 항공기 정비·수리·개조에 책정한 예산도 2209억원에 그친다.,high,N,-,N,0,0,HCX-007,v1.6-prev2-context,2026-07-30,항공기 정비·수리·개조 예산,항공 산업,2025,Y,위,위,rank,rank,organization,,N,OUT_OF_KOSIS_SCOPE,claim_domain_scope=개별기업,Y,MAP000197,,skipped_not_eligible,,,,,,,,,,,,,,,,,,,,,,,,,,,,,,,,,,,,,,,,,,,,,,,,
A0009-C028,A0009-C028-m2,A0009,"승객 수는 더 많은 LCC, 정비사는 대형 항공사의 38%",2025-01-01,https://www.chosun.com/economy/industry-company/2025/01/01/PVCPHJRE7RDT7L2ZG2LDED5NNA,LCC 1위인 제주항공이 올해 항공기 정비·수리·개조에 책정한 예산도 2209억원에 그친다.,"자체 항공정비(MRO) 시설을 갖춘 대형 항공사와 달리, LCC들은 이 같은 시설을 갖추지 못해 핵심 부품의 중정비는 해외 정비업체에 의존하고 있다.","정비사는 적고 업무량은 많다 보니, 온라인에는 “제주항공 정비에서 2년 버티면 어디서도 버틸 수 있다”는 글들이 올라오고 있다.",개별기업,N,생산·산업,항공기 정비·수리·개조 예산,"LCC, 제주항공, 정비사, 대형 항공사",-,-,-,제주항공,-,-,-,2025,-,Y,확정,2209억원,KOSIS_VALUE,hcx,항공기 정비·수리·개조 예산,제주항공,2025,Y,hcx,현재값,2.209E+11,-,-,N,원,수준값,-,-,LCC 1위인 제주항공이 올해 항공기 정비·수리·개조에 책정한 예산도 2209억원에 그친다.,high,N,-,N,0,0,HCX-007,v1.6-prev2-context,2026-07-30,항공기 정비·수리·개조 예산,항공 산업,2025,Y,원,원,currency,amount,vehicle,,N,OUT_OF_KOSIS_SCOPE,claim_domain_scope=개별기업,Y,MAP000198,,skipped_not_eligible,,,,,,,,,,,,,,,,,,,,,,,,,,,,,,,,,,,,,,,,,,,,,,,,
A0009-C029,A0009-C029-m1,A0009,"승객 수는 더 많은 LCC, 정비사는 대형 항공사의 38%",2025-01-01,https://www.chosun.com/economy/industry-company/2025/01/01/PVCPHJRE7RDT7L2ZG2LDED5NNA,"대당 53억8700만여원으로, 대한항공(127억원), 아시아나항공(138억원)의 절반 이하다.",LCC 1위인 제주항공이 올해 항공기 정비·수리·개조에 책정한 예산도 2209억원에 그친다.,"자체 항공정비(MRO) 시설을 갖춘 대형 항공사와 달리, LCC들은 이 같은 시설을 갖추지 못해 핵심 부품의 중정비는 해외 정비업체에 의존하고 있다.",개별기업,N,생산·산업,항공기 정비 비용,"LCC, 대형 항공사, 정비사, 항공기 정비·수리·개조 예산",-,-,-,제주항공,-,-,-,2025,-,Y,확정,53억8700만여원,KOSIS_VALUE,hcx,항공기 정비 비용,제주항공,2025,Y,hcx,현재값,5387000000,-,-,Y,원,수준값,-,전년,"대당 53억8700만여원으로, 대한항공(127억원), 아시아나항공(138억원)의 절반 이하다.",high,N,-,N,0,0,HCX-007,v1.6-prev2-context,2026-07-30,항공기 정비 비용,항공 산업,2025,Y,원,원,currency,amount,item,,N,OUT_OF_KOSIS_SCOPE,claim_domain_scope=개별기업,Y,MAP000199,,skipped_not_eligible,,,,,,,,,,,,,,,,,,,,,,,,,,,,,,,,,,,,,,,,,,,,,,,,
A0009-C029,A0009-C029-m2,A0009,"승객 수는 더 많은 LCC, 정비사는 대형 항공사의 38%",2025-01-01,https://www.chosun.com/economy/industry-company/2025/01/01/PVCPHJRE7RDT7L2ZG2LDED5NNA,"대당 53억8700만여원으로, 대한항공(127억원), 아시아나항공(138억원)의 절반 이하다.",LCC 1위인 제주항공이 올해 항공기 정비·수리·개조에 책정한 예산도 2209억원에 그친다.,"자체 항공정비(MRO) 시설을 갖춘 대형 항공사와 달리, LCC들은 이 같은 시설을 갖추지 못해 핵심 부품의 중정비는 해외 정비업체에 의존하고 있다.",개별기업,N,생산·산업,항공기 정비 비용,"LCC, 대형 항공사, 정비사, 항공기 정비·수리·개조 예산",-,-,-,대한항공,-,-,-,2025,-,Y,확정,127억원,KOSIS_VALUE,hcx,항공기 정비 비용,대한항공,2025,Y,hcx,현재값,12700000000,-,-,N,원,수준값,-,전년,"대당 53억8700만여원으로, 대한항공(127억원), 아시아나항공(138억원)의 절반 이하다.",high,N,-,N,0,0,HCX-007,v1.6-prev2-context,2026-07-30,항공기 정비 비용,항공 산업,2025,Y,원,원,currency,amount,item,,N,OUT_OF_KOSIS_SCOPE,claim_domain_scope=개별기업,Y,MAP000200,,skipped_not_eligible,,,,,,,,,,,,,,,,,,,,,,,,,,,,,,,,,,,,,,,,,,,,,,,,
A0009-C029,A0009-C029-m3,A0009,"승객 수는 더 많은 LCC, 정비사는 대형 항공사의 38%",2025-01-01,https://www.chosun.com/economy/industry-company/2025/01/01/PVCPHJRE7RDT7L2ZG2LDED5NNA,"대당 53억8700만여원으로, 대한항공(127억원), 아시아나항공(138억원)의 절반 이하다.",LCC 1위인 제주항공이 올해 항공기 정비·수리·개조에 책정한 예산도 2209억원에 그친다.,"자체 항공정비(MRO) 시설을 갖춘 대형 항공사와 달리, LCC들은 이 같은 시설을 갖추지 못해 핵심 부품의 중정비는 해외 정비업체에 의존하고 있다.",개별기업,N,생산·산업,항공기 정비 비용,"LCC, 대형 항공사, 정비사, 항공기 정비·수리·개조 예산",-,-,-,아시아나항공,-,-,-,2025,-,Y,확정,138억원,CONDITION,hcx,항공기 정비 비용,아시아나항공,2025,Y,hcx,참고값,13800000000,-,-,N,원,수준값,-,전년,"대당 53억8700만여원으로, 대한항공(127억원), 아시아나항공(138억원)의 절반 이하다.",high,N,-,N,0,0,HCX-007,v1.6-prev2-context,2026-07-30,항공기 정비 비용,항공 산업,2025,Y,원,원,currency,amount,item,,N,NOT_KOSIS_VALUE,measurement_usage=CONDITION,Y,MAP000201,,skipped_not_eligible,,,,,,,,,,,,,,,,,,,,,,,,,,,,,,,,,,,,,,,,,,,,,,,,
A0010-C001,A0010-C001-m1,A0010,"제주항공, 비행기 평균 나이 14.4년 가장 많아",2025-01-01,https://www.chosun.com/economy/industry-company/2025/01/01/SMAVWUVHJ5AV7HTL342232GYCE,제주항공의 항공기 평균 기령(비행기 사용 연수)이 14.4년으로 국적 항공사 8곳 중 가장 높은 것으로 나타났다.,,,국내공식통계,N,생산·산업,항공기 평균 기령,"제주항공, 비행기 사용 연수",-,-,-,항공,-,-,-,202501,-,M,확정,14.4년,CONTEXT,hcx,항공기 평균 기령,항공,202501,M,claim_fallback,참고값,14.4,-,-,N,년,수준값,-,-,제주항공의 항공기 평균 기령(비행기 사용 연수)이 14.4년으로 국적 항공사 8곳 중 가장 높은 것으로 나타났다.,high,Y,measurement_binding_fallback:1;measurement_period_ungrounded:1,N,0,1,HCX-007,v1.6-prev2-context,2026-07-30,항공기 평균 기령,항공,202501,M,년,년,duration,condition,vehicle,,N,NOT_KOSIS_VALUE,measurement_usage=CONTEXT,N,MAP000202,,skipped_not_eligible,,,,,,,,,,,,,,,,,,,,,,,,,,,,,,,,,,,,,,,,,,,,,,,,
A0010-C002,A0010-C002-m1,A0010,"제주항공, 비행기 평균 나이 14.4년 가장 많아",2025-01-01,https://www.chosun.com/economy/industry-company/2025/01/01/SMAVWUVHJ5AV7HTL342232GYCE,"대한항공(11.3년), 아시아나항공(12.3년)보다 높았다.",제주항공의 항공기 평균 기령(비행기 사용 연수)이 14.4년으로 국적 항공사 8곳 중 가장 높은 것으로 나타났다.,,국내공식통계,N,생산·산업,항공사 항공기 평균 기령,"제주항공, 항공기 평균 기령, 국적 항공사",-,-,-,대한항공,-,-,-,202501,-,M,확정,11.3년,CONTEXT,hcx,항공사 항공기 평균 기령,대한항공,202501,M,claim_fallback,참고값,11.3,-,-,N,년,수준값,-,전년동기,제주항공의 항공기 평균 기령(비행기 사용 연수)이 14.4년으로 국적 항공사 8곳 중 가장 높은 것으로 나타났다.,high,Y,measurement_binding_fallback:2;measurement_period_ungrounded:2,N,0,2,HCX-007,v1.6-prev2-context,2026-07-30,항공사 항공기 평균 기령,항공,202501,M,년,년,duration,condition,organization,,N,NOT_KOSIS_VALUE,measurement_usage=CONTEXT,Y,MAP000203,,skipped_not_eligible,,,,,,,,,,,,,,,,,,,,,,,,,,,,,,,,,,,,,,,,,,,,,,,,
A0010-C002,A0010-C002-m2,A0010,"제주항공, 비행기 평균 나이 14.4년 가장 많아",2025-01-01,https://www.chosun.com/economy/industry-company/2025/01/01/SMAVWUVHJ5AV7HTL342232GYCE,"대한항공(11.3년), 아시아나항공(12.3년)보다 높았다.",제주항공의 항공기 평균 기령(비행기 사용 연수)이 14.4년으로 국적 항공사 8곳 중 가장 높은 것으로 나타났다.,,국내공식통계,N,생산·산업,항공사 항공기 평균 기령,"제주항공, 항공기 평균 기령, 국적 항공사",-,-,-,아시아나항공,-,-,-,202501,-,M,확정,12.3년,CONTEXT,hcx,항공사 항공기 평균 기령,아시아나항공,202501,M,claim_fallback,참고값,12.3,-,-,N,년,수준값,-,전년동기,제주항공의 항공기 평균 기령(비행기 사용 연수)이 14.4년으로 국적 항공사 8곳 중 가장 높은 것으로 나타났다.,high,Y,measurement_binding_fallback:2;measurement_period_ungrounded:2,N,0,2,HCX-007,v1.6-prev2-context,2026-07-30,항공사 항공기 평균 기령,항공,202501,M,년,년,duration,condition,organization,,N,NOT_KOSIS_VALUE,measurement_usage=CONTEXT,Y,MAP000204,,skipped_not_eligible,,,,,,,,,,,,,,,,,,,,,,,,,,,,,,,,,,,,,,,,,,,,,,,,
A0010-C004,A0010-C004-m1,A0010,"제주항공, 비행기 평균 나이 14.4년 가장 많아",2025-01-01,https://www.chosun.com/economy/industry-company/2025/01/01/SMAVWUVHJ5AV7HTL342232GYCE,"2024년 11월 기준 국토교통부 항공기술정보시스템(ATIS)에 따르면 제주항공의 평균 기령은 같은 LCC인 이스타항공(8.4년), 에어부산(9.7년), 진에어(12.7년), 티웨이항공(13년)과도 차이가 났다.",또 전체 항공기의 88%가 도입 시점 기준 다른 항공사가 쓰던 중고 항공기로 조사됐다.,"대한항공(11.3년), 아시아나항공(12.3년)보다 높았다.",국내공식통계,N,기타,평균 기령,"제주항공, 비행기, 평균 나이, LCC, 이스타항공, 에어부산, 진에어, 티웨이항공",-,-,-,이스타항공,-,-,-,202411,-,M,확정,8.4년,CONTEXT,hcx,평균 기령,이스타항공,202411,M,hcx,참고값,8.4,-,-,N,년,수준값,-,-,"2024년 11월 기준 국토교통부 항공기술정보시스템(ATIS)에 따르면 제주항공의 평균 기령은 같은 LCC인 이스타항공(8.4년), 에어부산(9.7년), 진에어(12.7년), 티웨이항공(13년)과도 차이가 났다.",high,N,-,N,0,0,HCX-007,v1.6-prev2-context,2026-07-30,평균 기령,,202411,M,년,년,duration,condition,vehicle,,N,NOT_KOSIS_VALUE,measurement_usage=CONTEXT,Y,MAP000205,,skipped_not_eligible,,,,,,,,,,,,,,,,,,,,,,,,,,,,,,,,,,,,,,,,,,,,,,,,
A0010-C004,A0010-C004-m2,A0010,"제주항공, 비행기 평균 나이 14.4년 가장 많아",2025-01-01,https://www.chosun.com/economy/industry-company/2025/01/01/SMAVWUVHJ5AV7HTL342232GYCE,"2024년 11월 기준 국토교통부 항공기술정보시스템(ATIS)에 따르면 제주항공의 평균 기령은 같은 LCC인 이스타항공(8.4년), 에어부산(9.7년), 진에어(12.7년), 티웨이항공(13년)과도 차이가 났다.",또 전체 항공기의 88%가 도입 시점 기준 다른 항공사가 쓰던 중고 항공기로 조사됐다.,"대한항공(11.3년), 아시아나항공(12.3년)보다 높았다.",국내공식통계,N,기타,평균 기령,"제주항공, 비행기, 평균 나이, LCC, 이스타항공, 에어부산, 진에어, 티웨이항공",-,-,-,에어부산,-,-,-,202411,-,M,확정,9.7년,CONTEXT,hcx,평균 기령,에어부산,202411,M,hcx,참고값,9.7,-,-,N,년,수준값,-,-,"2024년 11월 기준 국토교통부 항공기술정보시스템(ATIS)에 따르면 제주항공의 평균 기령은 같은 LCC인 이스타항공(8.4년), 에어부산(9.7년), 진에어(12.7년), 티웨이항공(13년)과도 차이가 났다.",high,N,-,N,0,0,HCX-007,v1.6-prev2-context,2026-07-30,평균 기령,,202411,M,년,년,duration,condition,vehicle,,N,NOT_KOSIS_VALUE,measurement_usage=CONTEXT,Y,MAP000206,,skipped_not_eligible,,,,,,,,,,,,,,,,,,,,,,,,,,,,,,,,,,,,,,,,,,,,,,,,
A0010-C004,A0010-C004-m3,A0010,"제주항공, 비행기 평균 나이 14.4년 가장 많아",2025-01-01,https://www.chosun.com/economy/industry-company/2025/01/01/SMAVWUVHJ5AV7HTL342232GYCE,"2024년 11월 기준 국토교통부 항공기술정보시스템(ATIS)에 따르면 제주항공의 평균 기령은 같은 LCC인 이스타항공(8.4년), 에어부산(9.7년), 진에어(12.7년), 티웨이항공(13년)과도 차이가 났다.",또 전체 항공기의 88%가 도입 시점 기준 다른 항공사가 쓰던 중고 항공기로 조사됐다.,"대한항공(11.3년), 아시아나항공(12.3년)보다 높았다.",국내공식통계,N,기타,평균 기령,"제주항공, 비행기, 평균 나이, LCC, 이스타항공, 에어부산, 진에어, 티웨이항공",-,-,-,진에어,-,-,-,202411,-,M,확정,12.7년,CONTEXT,hcx,평균 기령,진에어,202411,M,hcx,참고값,12.7,-,-,N,년,수준값,-,-,"2024년 11월 기준 국토교통부 항공기술정보시스템(ATIS)에 따르면 제주항공의 평균 기령은 같은 LCC인 이스타항공(8.4년), 에어부산(9.7년), 진에어(12.7년), 티웨이항공(13년)과도 차이가 났다.",high,N,-,N,0,0,HCX-007,v1.6-prev2-context,2026-07-30,평균 기령,,202411,M,년,년,duration,condition,vehicle,,N,NOT_KOSIS_VALUE,measurement_usage=CONTEXT,Y,MAP000207,,skipped_not_eligible,,,,,,,,,,,,,,,,,,,,,,,,,,,,,,,,,,,,,,,,,,,,,,,,
A0010-C004,A0010-C004-m4,A0010,"제주항공, 비행기 평균 나이 14.4년 가장 많아",2025-01-01,https://www.chosun.com/economy/industry-company/2025/01/01/SMAVWUVHJ5AV7HTL342232GYCE,"2024년 11월 기준 국토교통부 항공기술정보시스템(ATIS)에 따르면 제주항공의 평균 기령은 같은 LCC인 이스타항공(8.4년), 에어부산(9.7년), 진에어(12.7년), 티웨이항공(13년)과도 차이가 났다.",또 전체 항공기의 88%가 도입 시점 기준 다른 항공사가 쓰던 중고 항공기로 조사됐다.,"대한항공(11.3년), 아시아나항공(12.3년)보다 높았다.",국내공식통계,N,기타,평균 기령,"제주항공, 비행기, 평균 나이, LCC, 이스타항공, 에어부산, 진에어, 티웨이항공",-,-,-,티웨이항공,-,-,-,202411,-,M,확정,13년,CONTEXT,hcx,평균 기령,티웨이항공,202411,M,hcx,참고값,13,-,-,N,년,수준값,-,-,"2024년 11월 기준 국토교통부 항공기술정보시스템(ATIS)에 따르면 제주항공의 평균 기령은 같은 LCC인 이스타항공(8.4년), 에어부산(9.7년), 진에어(12.7년), 티웨이항공(13년)과도 차이가 났다.",high,N,-,N,0,0,HCX-007,v1.6-prev2-context,2026-07-30,평균 기령,,202411,M,년,년,duration,condition,vehicle,,N,NOT_KOSIS_VALUE,measurement_usage=CONTEXT,Y,MAP000208,,skipped_not_eligible,,,,,,,,,,,,,,,,,,,,,,,,,,,,,,,,,,,,,,,,,,,,,,,,
A0010-C010,A0010-C010-m1,A0010,"제주항공, 비행기 평균 나이 14.4년 가장 많아",2025-01-01,https://www.chosun.com/economy/industry-company/2025/01/01/SMAVWUVHJ5AV7HTL342232GYCE,"제주항공의 경우, 작년 말 기준 운영 중인 항공기 41대 가운데 새 항공기를 들여온 사례는 5대뿐이었다.",항공기에 피로가 누적돼 있을 수 있다는 것이다.,하지만 LCC가 비용 절감 차원에서 다른 항공사가 사용하던 중고 항공기를 들여오는 사례가 상대적으로 많다는 점은 향후 더 세심한 관리가 필요한 부분이라는 지적이 나온다.,개별기업,N,생산·산업,운영 중인 항공기 대수,"제주항공, 항공기, 운영, 대수",-,-,-,항공,-,-,-,2024,-,Y,확정,41대,KOSIS_VALUE,hcx,운영 중인 항공기 대수,항공,2024,Y,hcx,현재값,41,-,-,N,대,수준값,-,전년,"제주항공의 경우, 작년 말 기준 운영 중인 항공기 41대 가운데 새 항공기를 들여온 사례는 5대뿐이었다.",high,N,-,N,0,0,HCX-007,v1.6-prev2-context,2026-07-30,운영 중인 항공기 대수,항공,2024,Y,대,대,count,count,vehicle,,N,OUT_OF_KOSIS_SCOPE,claim_domain_scope=개별기업,Y,MAP000209,,skipped_not_eligible,,,,,,,,,,,,,,,,,,,,,,,,,,,,,,,,,,,,,,,,,,,,,,,,
A0010-C010,A0010-C010-m2,A0010,"제주항공, 비행기 평균 나이 14.4년 가장 많아",2025-01-01,https://www.chosun.com/economy/industry-company/2025/01/01/SMAVWUVHJ5AV7HTL342232GYCE,"제주항공의 경우, 작년 말 기준 운영 중인 항공기 41대 가운데 새 항공기를 들여온 사례는 5대뿐이었다.",항공기에 피로가 누적돼 있을 수 있다는 것이다.,하지만 LCC가 비용 절감 차원에서 다른 항공사가 사용하던 중고 항공기를 들여오는 사례가 상대적으로 많다는 점은 향후 더 세심한 관리가 필요한 부분이라는 지적이 나온다.,개별기업,N,생산·산업,새 항공기,"제주항공, 항공기, 운영, 대수",-,-,-,항공,-,-,-,2024,-,Y,확정,5대,KOSIS_VALUE,hcx,새 항공기,항공,2024,Y,hcx,현재값,5,-,-,N,대,수준값,-,전년,"제주항공의 경우, 작년 말 기준 운영 중인 항공기 41대 가운데 새 항공기를 들여온 사례는 5대뿐이었다.",high,N,-,N,0,0,HCX-007,v1.6-prev2-context,2026-07-30,운영 중인 항공기 대수,항공,2024,Y,대,대,count,count,vehicle,,N,OUT_OF_KOSIS_SCOPE,claim_domain_scope=개별기업,Y,MAP000210,,skipped_not_eligible,,,,,,,,,,,,,,,,,,,,,,,,,,,,,,,,,,,,,,,,,,,,,,,,
A0010-C013,A0010-C013-m1,A0010,"제주항공, 비행기 평균 나이 14.4년 가장 많아",2025-01-01,https://www.chosun.com/economy/industry-company/2025/01/01/SMAVWUVHJ5AV7HTL342232GYCE,새 항공기 5대를 제외하면 현재 기령이 10년 이하인 비행기가 한 대도 없다.,무안공항에서 사고가 난 항공기도 2017년 당시 라이언에어가 쓰던 8년 된 비행기를 들여온 것이었다.,도입 시점 기준으로 제작된 지 7~8년 안팎 된 비행기를 도입한 사례가 많았다.,개별기업,N,생산·산업,비행기 평균 나이,"제주항공, 비행기, 평균 나이",-,-,-,제주항공,-,-,-,202501,-,M,확정,새 항공기 5대를 제외하면 현재 기령이 10년 이하인 비행기가 한 대도 없다.,KOSIS_VALUE,hcx,비행기 평균 나이,제주항공,202501,M,claim_fallback,현재값,5,-,-,N,대,수준값,-,특정시점,새 항공기 5대를 제외하면 현재 기령이 10년 이하인 비행기가 한 대도 없다.,high,Y,measurement_binding_fallback:2;measurement_period_ungrounded:2,N,0,2,HCX-007,v1.6-prev2-context,2026-07-30,비행기 평균 나이,항공,202501,M,대,대,count,count,vehicle,,N,OUT_OF_KOSIS_SCOPE,claim_domain_scope=개별기업,N,MAP000211,,skipped_not_eligible,,,,,,,,,,,,,,,,,,,,,,,,,,,,,,,,,,,,,,,,,,,,,,,,
A0010-C013,A0010-C013-m2,A0010,"제주항공, 비행기 평균 나이 14.4년 가장 많아",2025-01-01,https://www.chosun.com/economy/industry-company/2025/01/01/SMAVWUVHJ5AV7HTL342232GYCE,새 항공기 5대를 제외하면 현재 기령이 10년 이하인 비행기가 한 대도 없다.,무안공항에서 사고가 난 항공기도 2017년 당시 라이언에어가 쓰던 8년 된 비행기를 들여온 것이었다.,도입 시점 기준으로 제작된 지 7~8년 안팎 된 비행기를 도입한 사례가 많았다.,개별기업,N,생산·산업,비행기 기령,"제주항공, 비행기, 평균 나이",-,-,-,제주항공,-,-,-,202501,-,M,확정,새 항공기 5대를 제외하면 현재 기령이 10년 이하인 비행기가 한 대도 없다.,CONTEXT,hcx,비행기 기령,제주항공,202501,M,claim_fallback,참고값,10,-,-,N,년,수준값,-,특정시점,새 항공기 5대를 제외하면 현재 기령이 10년 이하인 비행기가 한 대도 없다.,high,Y,measurement_binding_fallback:2;measurement_period_ungrounded:2,N,0,2,HCX-007,v1.6-prev2-context,2026-07-30,비행기 평균 나이,항공,202501,M,년,년,duration,condition,vehicle,,N,NOT_KOSIS_VALUE,measurement_usage=CONTEXT,Y,MAP000212,,skipped_not_eligible,,,,,,,,,,,,,,,,,,,,,,,,,,,,,,,,,,,,,,,,,,,,,,,,
A0012-C001,A0012-C001-m1,A0012,조선업 산업기술인력 9년 만에 다시 상승세,2025-01-01,https://www.chosun.com/economy/industry-company/2025/01/01/VR4RUPY3CFEGZGFC5M4JPY5SDE,외국인 근로자가 유입된 덕에 우리나라 조선업 산업기술인력도 9년 만에 늘어난 것으로 나타났다.,,,개별기업,N,고용,조선업 산업기술인력 증가 기간,"조선업, 산업기술인력, 외국인 근로자",-,-,-,조선업,-,-,-,2025,-,Y,확정,9년,CONTEXT,hcx,조선업 산업기술인력 증가 기간,조선업,2025,Y,claim_fallback,참고값,9,-,-,N,년,수준값,증가,특정시점,외국인 근로자가 유입된 덕에 우리나라 조선업 산업기술인력도 9년 만에 늘어난 것으로 나타났다.,mid,Y,measurement_binding_fallback:1;measurement_period_ungrounded:1,N,0,1,HCX-007,v1.6-prev2-context,2026-07-30,조선업 산업기술인력,조선업,2025,Y,년,년,duration,condition,item,,N,NOT_KOSIS_VALUE,measurement_usage=CONTEXT,Y,MAP000213,,skipped_not_eligible,,,,,,,,,,,,,,,,,,,,,,,,,,,,,,,,,,,,,,,,,,,,,,,,
A0012-C004,-,A0012,조선업 산업기술인력 9년 만에 다시 상승세,2025-01-01,https://www.chosun.com/economy/industry-company/2025/01/01/VR4RUPY3CFEGZGFC5M4JPY5SDE,다만 여전히 현장엔 일할 사람이 부족한 상황이라 앞으로도 인력 확충은 계속될 전망이다.,하지만 최근 정부 정책 등으로 외국인 근로자가 크게 늘면서 다소 숨통이 트인 것으로 분석된다.,"2010년대 조선업은 장기 불황을 겪으며 인력 규모가 계속 줄었고, 2020년 이후엔 다시 호황을 맞았지만 떠나간 인원이 돌아오지 않으면서 극심한 인력난을 겪어왔다.",개별기업,N,고용,조선업 산업기술인력,-,-,-,-,조선업,-,-,-,,-,,모호,-,-,-,-,-,-,-,-,-,-,-,-,-,,-,-,-,다만 여전히 현장엔 일할 사람이 부족한 상황이라 앞으로도 인력 확충은 계속될 전망이다.,low,Y,-,N,0,0,HCX-007,v1.6-prev2-context,2026-07-30,조선업 산업기술인력,조선업,2025,Y,,,unknown,level,unspecified,,N,NO_MEASUREMENT,측정값 없는 placeholder,Y,MAP000214,,skipped_not_eligible,,,,,,,,,,,,,,,,,,,,,,,,,,,,,,,,,,,,,,,,,,,,,,,,
A0012-C008,-,A0012,조선업 산업기술인력 9년 만에 다시 상승세,2025-01-01,https://www.chosun.com/economy/industry-company/2025/01/01/VR4RUPY3CFEGZGFC5M4JPY5SDE,이 숫자가 다시 증가한 것은 최근 외국인 근로 인력이 많아진 덕이다.,본래 조선업의 산업기술인력은 2014년 6만9766명에서 2022년 5만8042명까지 꾸준히 하락해 1만명 넘게 줄어든 상태였는데 이 수가 500명 가까이 늘어난 것이다.,"산업기술인력은 연구개발직, 기술직, 관리자를 비롯한 기능·기술 인력을 뜻한다.",개별기업,N,고용,조선업 산업기술인력,조선업; 산업기술인력; 외국인 근로 인력,-,-,-,조선업,-,-,-,,-,,확정,-,-,-,-,-,-,-,-,-,-,-,-,-,,-,-,-,이 숫자가 다시 증가한 것은 최근 외국인 근로 인력이 많아진 덕이다.,mid,N,-,N,0,0,HCX-007,v1.6-prev2-context,2026-07-30,조선업 산업기술인력,조선업,2025,Y,,,unknown,level,unspecified,,N,NO_MEASUREMENT,측정값 없는 placeholder,Y,MAP000215,,skipped_not_eligible,,,,,,,,,,,,,,,,,,,,,,,,,,,,,,,,,,,,,,,,,,,,,,,,
A0012-C009,A0012-C009-m1,A0012,조선업 산업기술인력 9년 만에 다시 상승세,2025-01-01,https://www.chosun.com/economy/industry-company/2025/01/01/VR4RUPY3CFEGZGFC5M4JPY5SDE,조선 산업기술인력 중 외국인은 2022년 877명에서 2023년 2563명으로 3배 가까이 늘었다.,이 숫자가 다시 증가한 것은 최근 외국인 근로 인력이 많아진 덕이다.,본래 조선업의 산업기술인력은 2014년 6만9766명에서 2022년 5만8042명까지 꾸준히 하락해 1만명 넘게 줄어든 상태였는데 이 수가 500명 가까이 늘어난 것이다.,개별기업,N,고용,외국인 근로 인력,"조선업, 산업기술인력, 외국인 근로 인력",-,-,-,조선업,-,-,-,2022,-,Y,확정,877명,KOSIS_VALUE,hcx,외국인 근로 인력,조선업,2022,Y,hcx,이전값,877,-,-,N,명,수준값,증가,전년,조선 산업기술인력 중 외국인은 2022년 877명에서 2023년 2563명으로 3배 가까이 늘었다.,high,N,-,Y,0,0,HCX-007,v1.6-prev2-context,2026-07-30,조선업 산업기술인력,조선업,2023,Y,명,명,person_count,count,item,,N,OUT_OF_KOSIS_SCOPE,claim_domain_scope=개별기업,Y,MAP000216,,skipped_not_eligible,,,,,,,,,,,,,,,,,,,,,,,,,,,,,,,,,,,,,,,,,,,,,,,,
A0012-C009,A0012-C009-m2,A0012,조선업 산업기술인력 9년 만에 다시 상승세,2025-01-01,https://www.chosun.com/economy/industry-company/2025/01/01/VR4RUPY3CFEGZGFC5M4JPY5SDE,조선 산업기술인력 중 외국인은 2022년 877명에서 2023년 2563명으로 3배 가까이 늘었다.,이 숫자가 다시 증가한 것은 최근 외국인 근로 인력이 많아진 덕이다.,본래 조선업의 산업기술인력은 2014년 6만9766명에서 2022년 5만8042명까지 꾸준히 하락해 1만명 넘게 줄어든 상태였는데 이 수가 500명 가까이 늘어난 것이다.,개별기업,N,고용,외국인 근로 인력,"조선업, 산업기술인력, 외국인 근로 인력",-,-,-,조선업,-,-,-,2023,-,Y,확정,2563명,KOSIS_VALUE,hcx,외국인 근로 인력,조선업,2023,Y,hcx,현재값,2563,-,-,N,명,수준값,증가,전년,조선 산업기술인력 중 외국인은 2022년 877명에서 2023년 2563명으로 3배 가까이 늘었다.,high,N,-,Y,0,0,HCX-007,v1.6-prev2-context,2026-07-30,조선업 산업기술인력,조선업,2023,Y,명,명,person_count,count,item,,N,OUT_OF_KOSIS_SCOPE,claim_domain_scope=개별기업,Y,MAP000217,,skipped_not_eligible,,,,,,,,,,,,,,,,,,,,,,,,,,,,,,,,,,,,,,,,,,,,,,,,
A0012-C009,A0012-C009-m3,A0012,조선업 산업기술인력 9년 만에 다시 상승세,2025-01-01,https://www.chosun.com/economy/industry-company/2025/01/01/VR4RUPY3CFEGZGFC5M4JPY5SDE,조선 산업기술인력 중 외국인은 2022년 877명에서 2023년 2563명으로 3배 가까이 늘었다.,이 숫자가 다시 증가한 것은 최근 외국인 근로 인력이 많아진 덕이다.,본래 조선업의 산업기술인력은 2014년 6만9766명에서 2022년 5만8042명까지 꾸준히 하락해 1만명 넘게 줄어든 상태였는데 이 수가 500명 가까이 늘어난 것이다.,개별기업,N,고용,외국인 근로 인력 증가 비율,"조선업, 산업기술인력, 외국인 근로 인력",-,-,-,조선업,-,-,-,2023,-,Y,확정,3배,KOSIS_VALUE,hcx,외국인 근로 인력 증가 비율,조선업,2023,Y,hcx,증감률,3,-,-,N,배,증감률,증가,전년,조선 산업기술인력 중 외국인은 2022년 877명에서 2023년 2563명으로 3배 가까이 늘었다.,high,N,-,Y,0,0,HCX-007,v1.6-prev2-context,2026-07-30,조선업 산업기술인력,조선업,2023,Y,배,배,multiple,rate_change,item,2022,N,OUT_OF_KOSIS_SCOPE,claim_domain_scope=개별기업,N,MAP000218,,skipped_not_eligible,,,,,,,,,,,,,,,,,,,,,,,,,,,,,,,,,,,,,,,,,,,,,,,,
A0012-C012,A0012-C012-m1,A0012,조선업 산업기술인력 9년 만에 다시 상승세,2025-01-01,https://www.chosun.com/economy/industry-company/2025/01/01/VR4RUPY3CFEGZGFC5M4JPY5SDE,"사전 심사부터 비자 발급까지 걸리는 시간을 5주에서 10일 이내로 줄이고, 기업별 외국 인력 도입 허용 비율도 내국인 근로자의 20%에서 30%로 2년간 한시적으로 확대했다.",앞서 정부는 2023년 ‘숙련기능인력 비자(E-7-4)’ 연간 배정 인원을 늘리면서 조선 분야에는 400명을 별도로 배정했다.,이들이 차지하는 비율도 같은 기간 1.5%에서 4.4%로 증가했다.,개별기업,N,고용,외국 인력 도입 허용 비율,"조선업, 산업기술인력, 숙련기능인력 비자, E-7-4",-,-,-,조선업,-,-,-,2025,-,Y,확정,20%,KOSIS_VALUE,hcx,외국 인력 도입 허용 비율,조선업,2025,Y,claim_fallback,증감률,20,-,-,N,%,증감률,감소,전년,"사전 심사부터 비자 발급까지 걸리는 시간을 5주에서 10일 이내로 줄이고, 기업별 외국 인력 도입 허용 비율도 내국인 근로자의 20%에서 30%로 2년간 한시적으로 확대했다.",high,Y,measurement_binding_fallback:3;measurement_period_ungrounded:3,Y,0,3,HCX-007,v1.6-prev2-context,2026-07-30,외국 인력 도입 허용 비율,조선업,2025,Y,%,%,rate,rate_change,item,2024,N,OUT_OF_KOSIS_SCOPE,claim_domain_scope=개별기업,N,MAP000219,,skipped_not_eligible,,,,,,,,,,,,,,,,,,,,,,,,,,,,,,,,,,,,,,,,,,,,,,,,
A0012-C012,A0012-C012-m2,A0012,조선업 산업기술인력 9년 만에 다시 상승세,2025-01-01,https://www.chosun.com/economy/industry-company/2025/01/01/VR4RUPY3CFEGZGFC5M4JPY5SDE,"사전 심사부터 비자 발급까지 걸리는 시간을 5주에서 10일 이내로 줄이고, 기업별 외국 인력 도입 허용 비율도 내국인 근로자의 20%에서 30%로 2년간 한시적으로 확대했다.",앞서 정부는 2023년 ‘숙련기능인력 비자(E-7-4)’ 연간 배정 인원을 늘리면서 조선 분야에는 400명을 별도로 배정했다.,이들이 차지하는 비율도 같은 기간 1.5%에서 4.4%로 증가했다.,개별기업,N,고용,외국 인력 도입 허용 비율,"조선업, 산업기술인력, 숙련기능인력 비자, E-7-4",-,-,-,조선업,-,-,-,2025,-,Y,확정,30%,KOSIS_VALUE,hcx,외국 인력 도입 허용 비율,조선업,2025,Y,claim_fallback,증감률,30,-,-,N,%,증감률,증가,전년,"사전 심사부터 비자 발급까지 걸리는 시간을 5주에서 10일 이내로 줄이고, 기업별 외국 인력 도입 허용 비율도 내국인 근로자의 20%에서 30%로 2년간 한시적으로 확대했다.",high,Y,measurement_binding_fallback:3;measurement_period_ungrounded:3,Y,0,3,HCX-007,v1.6-prev2-context,2026-07-30,외국 인력 도입 허용 비율,조선업,2025,Y,%,%,rate,rate_change,item,2024,N,OUT_OF_KOSIS_SCOPE,claim_domain_scope=개별기업,N,MAP000220,,skipped_not_eligible,,,,,,,,,,,,,,,,,,,,,,,,,,,,,,,,,,,,,,,,,,,,,,,,
A0012-C012,A0012-C012-m3,A0012,조선업 산업기술인력 9년 만에 다시 상승세,2025-01-01,https://www.chosun.com/economy/industry-company/2025/01/01/VR4RUPY3CFEGZGFC5M4JPY5SDE,"사전 심사부터 비자 발급까지 걸리는 시간을 5주에서 10일 이내로 줄이고, 기업별 외국 인력 도입 허용 비율도 내국인 근로자의 20%에서 30%로 2년간 한시적으로 확대했다.",앞서 정부는 2023년 ‘숙련기능인력 비자(E-7-4)’ 연간 배정 인원을 늘리면서 조선 분야에는 400명을 별도로 배정했다.,이들이 차지하는 비율도 같은 기간 1.5%에서 4.4%로 증가했다.,개별기업,N,고용,외국 인력 도입 허용 비율 확대 기간,"조선업, 산업기술인력, 숙련기능인력 비자, E-7-4",-,-,-,조선업,-,-,-,2025,-,Y,확정,2년,CONDITION,hcx,외국 인력 도입 허용 비율 확대 기간,조선업,2025,Y,claim_fallback,참고값,2,-,-,N,년,수준값,증가,-,"사전 심사부터 비자 발급까지 걸리는 시간을 5주에서 10일 이내로 줄이고, 기업별 외국 인력 도입 허용 비율도 내국인 근로자의 20%에서 30%로 2년간 한시적으로 확대했다.",high,Y,measurement_binding_fallback:3;measurement_period_ungrounded:3,Y,0,3,HCX-007,v1.6-prev2-context,2026-07-30,외국 인력 도입 허용 비율,조선업,2025,Y,년,년,duration,rate_level,item,,N,NOT_KOSIS_VALUE,measurement_usage=CONDITION,Y,MAP000221,,skipped_not_eligible,,,,,,,,,,,,,,,,,,,,,,,,,,,,,,,,,,,,,,,,,,,,,,,,
A0012-C015,A0012-C015-m1,A0012,조선업 산업기술인력 9년 만에 다시 상승세,2025-01-01,https://www.chosun.com/economy/industry-company/2025/01/01/VR4RUPY3CFEGZGFC5M4JPY5SDE,한편 이번 조사에서 우리나라 전체 산업기술인력 규모는 171만6846명으로 전년 대비 1% 증가한 것으로 나타났다.,한 조선업체 관계자는 “최근 용접공으로 일하는 외국인 근로자가 늘어나는 등 어느 정도 인력이 채워지고는 있지만 여전히 일감에 비하면 숙련 근로자가 부족한 형편”이라고 말했다.,외국인 용접공 비자 심사 시 필요한 경력증명서 제출도 2년간 면제했다.,국내공식통계,Y,고용,산업기술인력 규모,"조선업, 산업기술인력, 증가",-,-,-,,-,-,-,2025,-,Y,확정,171만6846명,KOSIS_VALUE,hcx,산업기술인력 규모,-,2025,Y,claim_fallback,현재값,1716846,-,-,N,명,수준값,증가,전년,한편 이번 조사에서 우리나라 전체 산업기술인력 규모는 171만6846명으로 전년 대비 1% 증가한 것으로 나타났다.,high,Y,measurement_binding_fallback:2;measurement_period_ungrounded:2,N,0,2,HCX-007,v1.6-prev2-context,2026-07-30,산업기술인력 규모,,2025,Y,명,명,person_count,count,unspecified,,N,BINDING_NOT_CONFIRMED,measurement_binding_source=claim_fallback,Y,MAP000222,,skipped_not_eligible,,,,,,,,,,,,,,,,,,,,,,,,,,,,,,,,,,,,,,,,,,,,,,,,
A0012-C015,A0012-C015-m2,A0012,조선업 산업기술인력 9년 만에 다시 상승세,2025-01-01,https://www.chosun.com/economy/industry-company/2025/01/01/VR4RUPY3CFEGZGFC5M4JPY5SDE,한편 이번 조사에서 우리나라 전체 산업기술인력 규모는 171만6846명으로 전년 대비 1% 증가한 것으로 나타났다.,한 조선업체 관계자는 “최근 용접공으로 일하는 외국인 근로자가 늘어나는 등 어느 정도 인력이 채워지고는 있지만 여전히 일감에 비하면 숙련 근로자가 부족한 형편”이라고 말했다.,외국인 용접공 비자 심사 시 필요한 경력증명서 제출도 2년간 면제했다.,국내공식통계,Y,고용,산업기술인력 규모 증감률,"조선업, 산업기술인력, 증가",-,-,-,,-,-,-,2025,-,Y,확정,1%,KOSIS_VALUE,hcx,산업기술인력 규모 증감률,-,2025,Y,claim_fallback,증감률,1,-,-,N,%,증감률,증가,전년,한편 이번 조사에서 우리나라 전체 산업기술인력 규모는 171만6846명으로 전년 대비 1% 증가한 것으로 나타났다.,high,Y,measurement_binding_fallback:2;measurement_period_ungrounded:2,N,0,2,HCX-007,v1.6-prev2-context,2026-07-30,산업기술인력 규모,,2025,Y,%,%,rate,rate_change,unspecified,2024,N,BINDING_NOT_CONFIRMED,measurement_binding_source=claim_fallback,Y,MAP000223,,skipped_not_eligible,,,,,,,,,,,,,,,,,,,,,,,,,,,,,,,,,,,,,,,,,,,,,,,,
A0012-C016,A0012-C016-m1,A0012,조선업 산업기술인력 9년 만에 다시 상승세,2025-01-01,https://www.chosun.com/economy/industry-company/2025/01/01/VR4RUPY3CFEGZGFC5M4JPY5SDE,다만 산업 현장에 필요한 인원이 늘면서 부족 인원도 1.9% 늘어난 3만9190명을 기록했다.,한편 이번 조사에서 우리나라 전체 산업기술인력 규모는 171만6846명으로 전년 대비 1% 증가한 것으로 나타났다.,한 조선업체 관계자는 “최근 용접공으로 일하는 외국인 근로자가 늘어나는 등 어느 정도 인력이 채워지고는 있지만 여전히 일감에 비하면 숙련 근로자가 부족한 형편”이라고 말했다.,국내공식통계,N,고용,부족 인원 증감률,"조선업, 산업기술인력, 부족 인원",-,-,-,조선업,-,-,-,2025,-,Y,확정,1.90%,KOSIS_VALUE,hcx,부족 인원 증감률,조선업,2025,Y,claim_fallback,증감률,1.9,-,-,N,%,증감률,증가,전년,다만 산업 현장에 필요한 인원이 늘면서 부족 인원도 1.9% 늘어난 3만9190명을 기록했다.,high,Y,measurement_binding_fallback:2;measurement_period_ungrounded:2,N,0,2,HCX-007,v1.6-prev2-context,2026-07-30,부족 인원,조선업,2025,Y,%,%,rate,rate_change,item,2024,N,BINDING_NOT_CONFIRMED,measurement_binding_source=claim_fallback,Y,MAP000224,,skipped_not_eligible,,,,,,,,,,,,,,,,,,,,,,,,,,,,,,,,,,,,,,,,,,,,,,,,
A0012-C016,A0012-C016-m2,A0012,조선업 산업기술인력 9년 만에 다시 상승세,2025-01-01,https://www.chosun.com/economy/industry-company/2025/01/01/VR4RUPY3CFEGZGFC5M4JPY5SDE,다만 산업 현장에 필요한 인원이 늘면서 부족 인원도 1.9% 늘어난 3만9190명을 기록했다.,한편 이번 조사에서 우리나라 전체 산업기술인력 규모는 171만6846명으로 전년 대비 1% 증가한 것으로 나타났다.,한 조선업체 관계자는 “최근 용접공으로 일하는 외국인 근로자가 늘어나는 등 어느 정도 인력이 채워지고는 있지만 여전히 일감에 비하면 숙련 근로자가 부족한 형편”이라고 말했다.,국내공식통계,N,고용,부족 인원,"조선업, 산업기술인력, 부족 인원",-,-,-,조선업,-,-,-,2025,-,Y,확정,3만9190명,KOSIS_VALUE,hcx,부족 인원,조선업,2025,Y,claim_fallback,현재값,39190,-,-,N,명,수준값,증가,전년,다만 산업 현장에 필요한 인원이 늘면서 부족 인원도 1.9% 늘어난 3만9190명을 기록했다.,high,Y,measurement_binding_fallback:2;measurement_period_ungrounded:2,N,0,2,HCX-007,v1.6-prev2-context,2026-07-30,부족 인원,조선업,2025,Y,명,명,person_count,count,item,,N,BINDING_NOT_CONFIRMED,measurement_binding_source=claim_fallback,Y,MAP000225,,skipped_not_eligible,,,,,,,,,,,,,,,,,,,,,,,,,,,,,,,,,,,,,,,,,,,,,,,,
A0013-C028,-,A0013,사라진 ‘연말연시’… 소비 침체 한동안 이어질 수도,2025-01-01,https://www.chosun.com/economy/industry-company/2025/01/01/Z6WEUBU6FBBDLGDAZFP5PNS574,"2024년 계속된 소비 위축이 2025년까지 이어지면 안 된다는 절박감에 지역 특산물 구매, 협력사 납품 대금 조기 지급을 권고하는 등 내수 진작에 발 벗고 나선 것이다.","제주항공 여객기 사고로 ‘올스톱’했지만, 경제계는 12월 들어 소비 진작을 강조해 왔다.",자영업자 커뮤니티에서는 “단체 주문을 받고 재료를 다 준비해 놨는데 취소 전화가 계속 온다” “1년 내내 너무 힘들었는데 연말연시까지 착잡하다” 등의 글을 쉽게 찾아볼 수 있다.,기타,N,소매·소비,소비 위축,-,-,-,-,,-,-,-,,-,,모호,-,-,-,-,-,-,-,-,-,-,-,-,-,,-,-,-,"2024년 계속된 소비 위축이 2025년까지 이어지면 안 된다는 절박감에 지역 특산물 구매, 협력사 납품 대금 조기 지급을 권고하는 등 내수 진작에 발 벗고 나선 것이다.",low,Y,-,N,0,0,HCX-007,v1.6-prev2-context,2026-07-30,소비 위축,,2025,Y,,,unknown,level,unspecified,,N,NO_MEASUREMENT,측정값 없는 placeholder,Y,MAP000226,,skipped_not_eligible,,,,,,,,,,,,,,,,,,,,,,,,,,,,,,,,,,,,,,,,,,,,,,,,
A0014-C007,A0014-C007-m1,A0014,북한군 시신서 망가진 수류탄 나와…엉터리 보급 받았나?,2025-01-02,https://www.chosun.com/politics/north_korea/2025/01/02/SEIZ7LJ6NZCKXMWBJIHZWJTHOM,한편 북한은 러시아를 지원하기 위해 쿠르스크 지역에 1만∼1만2000명 정도를 파병한 것으로 추산된다.,"또한, 가방에서 러시아산 담배와 다수의 라이터가 발견되었다며 일부는 물물교환 화폐로 사용되거나 기념품으로 보관된 것으로 보였다고 주장했다.","마카루크 하사는 “북한군들의 가방에는 전투식량이 없었다. 의료병들의 물품도 부실했다”며 “대신 수류탄을 소지하고 있었다. 소련식 수류탄이 아니라, 완전히 망가진 RGO수류탄을 사용했다”고 주장했다.",해외통계·정책,N,무역,파병 인원,"북한, 러시아, 쿠르스크, 파병",-,-,-,,-,-,러시아,2025,-,Y,모호,1만명,POLICY_VALUE,hcx,파병 인원,-,2025,Y,claim_fallback,현재값,10000,-,-,N,명,수준값,-,-,한편 북한은 러시아를 지원하기 위해 쿠르스크 지역에 1만∼1만2000명 정도를 파병한 것으로 추산된다.,mid,Y,measurement_binding_fallback:2;measurement_period_ungrounded:2,N,0,2,HCX-007,v1.6-prev2-context,2026-07-30,파병 인원,,2025,Y,명,명,person_count,count,unspecified,,N,NOT_KOSIS_VALUE,measurement_usage=POLICY_VALUE,Y,MAP000227,,skipped_not_eligible,,,,,,,,,,,,,,,,,,,,,,,,,,,,,,,,,,,,,,,,,,,,,,,,
A0014-C007,A0014-C007-m2,A0014,북한군 시신서 망가진 수류탄 나와…엉터리 보급 받았나?,2025-01-02,https://www.chosun.com/politics/north_korea/2025/01/02/SEIZ7LJ6NZCKXMWBJIHZWJTHOM,한편 북한은 러시아를 지원하기 위해 쿠르스크 지역에 1만∼1만2000명 정도를 파병한 것으로 추산된다.,"또한, 가방에서 러시아산 담배와 다수의 라이터가 발견되었다며 일부는 물물교환 화폐로 사용되거나 기념품으로 보관된 것으로 보였다고 주장했다.","마카루크 하사는 “북한군들의 가방에는 전투식량이 없었다. 의료병들의 물품도 부실했다”며 “대신 수류탄을 소지하고 있었다. 소련식 수류탄이 아니라, 완전히 망가진 RGO수류탄을 사용했다”고 주장했다.",해외통계·정책,N,무역,파병 인원,"북한, 러시아, 쿠르스크, 파병",-,-,-,,-,-,러시아,2025,-,Y,모호,1만2000명,POLICY_VALUE,hcx,파병 인원,-,2025,Y,claim_fallback,현재값,12000,-,-,N,명,수준값,-,-,한편 북한은 러시아를 지원하기 위해 쿠르스크 지역에 1만∼1만2000명 정도를 파병한 것으로 추산된다.,mid,Y,measurement_binding_fallback:2;measurement_period_ungrounded:2,N,0,2,HCX-007,v1.6-prev2-context,2026-07-30,파병 인원,,2025,Y,명,명,person_count,count,unspecified,,N,NOT_KOSIS_VALUE,measurement_usage=POLICY_VALUE,Y,MAP000228,,skipped_not_eligible,,,,,,,,,,,,,,,,,,,,,,,,,,,,,,,,,,,,,,,,,,,,,,,,
A0015-C001,A0015-C001-m1,A0015,"中 비야디, 작년 차 판매량 첫 400만대 넘었다",2025-01-02,https://www.chosun.com/economy/auto/2025/01/02/HTW6CXWRT5CSVMD5Z65DXMTMMQ,중국 전기차 업체 비야디(BYD)의 작년 글로벌 판매량이 재작년 대비 41.3% 급증한 427만대로 집계됐다.,,,개별기업,N,무역,판매 증가율,"전기차, BYD, 글로벌 판매량",-,-,-,전기차,-,-,-,2024,-,Y,확정,41.30%,KOSIS_VALUE,hcx,판매 증가율,전기차,2024,Y,hcx,현재값,41.3,-,-,N,%,증감률,증가,전년,중국 전기차 업체 비야디(BYD)의 작년 글로벌 판매량이 재작년 대비 41.3% 급증한 427만대로 집계됐다.,high,N,-,N,0,0,HCX-007,v1.6-prev2-context,2026-07-30,판매량,전기차,2024,Y,%,%,rate,rate_change,item,2023,N,OUT_OF_KOSIS_SCOPE,claim_domain_scope=개별기업,N,MAP000229,,skipped_not_eligible,,,,,,,,,,,,,,,,,,,,,,,,,,,,,,,,,,,,,,,,,,,,,,,,
A0015-C001,A0015-C001-m2,A0015,"中 비야디, 작년 차 판매량 첫 400만대 넘었다",2025-01-02,https://www.chosun.com/economy/auto/2025/01/02/HTW6CXWRT5CSVMD5Z65DXMTMMQ,중국 전기차 업체 비야디(BYD)의 작년 글로벌 판매량이 재작년 대비 41.3% 급증한 427만대로 집계됐다.,,,개별기업,N,무역,글로벌 판매량,"전기차, BYD, 글로벌 판매량",-,-,-,전기차,-,-,-,2024,-,Y,확정,427만대,KOSIS_VALUE,hcx,글로벌 판매량,전기차,2024,Y,hcx,현재값,4270000,-,-,N,대,수준값,유지,-,중국 전기차 업체 비야디(BYD)의 작년 글로벌 판매량이 재작년 대비 41.3% 급증한 427만대로 집계됐다.,high,N,-,N,0,0,HCX-007,v1.6-prev2-context,2026-07-30,판매량,전기차,2024,Y,대,대,count,count,item,,N,OUT_OF_KOSIS_SCOPE,claim_domain_scope=개별기업,Y,MAP000230,,skipped_not_eligible,,,,,,,,,,,,,,,,,,,,,,,,,,,,,,,,,,,,,,,,,,,,,,,,
A0015-C005,A0015-C005-m1,A0015,"中 비야디, 작년 차 판매량 첫 400만대 넘었다",2025-01-02,https://www.chosun.com/economy/auto/2025/01/02/HTW6CXWRT5CSVMD5Z65DXMTMMQ,"PHEV 판매량이 재작년 대비 약 73% 늘어나, 전체 판매량의 절반을 넘어섰다.","2일 블룸버그통신 등 외신에 따르면, 비야디는 작년 중국을 포함한 세계 시장에서 PHEV 249만대 안팎을 판매했다.",비야디의 작년 호실적은 PHEV 수요가 급증한 영향이 크다.,개별기업,N,생산·산업,PHEV 판매량 증가 비율,"비야디, PHEV, 판매량",-,-,-,자동차,-,-,-,2024,-,Y,확정,약 73%,KOSIS_VALUE,hcx,PHEV 판매량 증가 비율,자동차,2024,Y,hcx,현재값,73,-,-,Y,%,증감률,증가,전년,"PHEV 판매량이 재작년 대비 약 73% 늘어나, 전체 판매량의 절반을 넘어섰다.",mid,N,-,N,0,0,HCX-007,v1.6-prev2-context,2026-07-30,PHEV 판매량,자동차,2024,Y,%,%,rate,rate_change,vehicle,2023,N,OUT_OF_KOSIS_SCOPE,claim_domain_scope=개별기업,N,MAP000231,,skipped_not_eligible,,,,,,,,,,,,,,,,,,,,,,,,,,,,,,,,,,,,,,,,,,,,,,,,
A0015-C006,A0015-C006-m1,A0015,"中 비야디, 작년 차 판매량 첫 400만대 넘었다",2025-01-02,https://www.chosun.com/economy/auto/2025/01/02/HTW6CXWRT5CSVMD5Z65DXMTMMQ,"반면, BEV는 약 176만대 판매되며 같은 기간 12% 증가에 그쳤다.","PHEV 판매량이 재작년 대비 약 73% 늘어나, 전체 판매량의 절반을 넘어섰다.","2일 블룸버그통신 등 외신에 따르면, 비야디는 작년 중국을 포함한 세계 시장에서 PHEV 249만대 안팎을 판매했다.",개별기업,Y,생산·산업,BEV 판매량,"전기자동차, 전기차, BEV, 판매량",-,-,-,전기자동차(BEV),-,-,-,2024,-,Y,확정,176만대,KOSIS_VALUE,hcx,BEV 판매량,전기자동차(BEV),2024,Y,hcx,현재값,1760000,-,-,Y,대,수준값,증가,전년,"반면, BEV는 약 176만대 판매되며 같은 기간 12% 증가에 그쳤다.",mid,N,-,N,0,0,HCX-007,v1.6-prev2-context,2026-07-30,BEV 판매량,전기자동차(BEV),2024,Y,대,대,count,count,vehicle,,N,OUT_OF_KOSIS_SCOPE,claim_domain_scope=개별기업,Y,MAP000232,,skipped_not_eligible,,,,,,,,,,,,,,,,,,,,,,,,,,,,,,,,,,,,,,,,,,,,,,,,
A0015-C006,A0015-C006-m2,A0015,"中 비야디, 작년 차 판매량 첫 400만대 넘었다",2025-01-02,https://www.chosun.com/economy/auto/2025/01/02/HTW6CXWRT5CSVMD5Z65DXMTMMQ,"반면, BEV는 약 176만대 판매되며 같은 기간 12% 증가에 그쳤다.","PHEV 판매량이 재작년 대비 약 73% 늘어나, 전체 판매량의 절반을 넘어섰다.","2일 블룸버그통신 등 외신에 따르면, 비야디는 작년 중국을 포함한 세계 시장에서 PHEV 249만대 안팎을 판매했다.",개별기업,Y,생산·산업,BEV 판매량 증감률,"전기자동차, 전기차, BEV, 판매량",-,-,-,전기자동차(BEV),-,-,-,2024,-,Y,확정,12%,KOSIS_VALUE,hcx,BEV 판매량 증감률,전기자동차(BEV),2024,Y,hcx,증감률,12,-,-,N,%,증감률,증가,전년,"반면, BEV는 약 176만대 판매되며 같은 기간 12% 증가에 그쳤다.",mid,N,-,N,0,0,HCX-007,v1.6-prev2-context,2026-07-30,BEV 판매량,전기자동차(BEV),2024,Y,%,%,rate,rate_change,vehicle,2023,N,OUT_OF_KOSIS_SCOPE,claim_domain_scope=개별기업,Y,MAP000233,,skipped_not_eligible,,,,,,,,,,,,,,,,,,,,,,,,,,,,,,,,,,,,,,,,,,,,,,,,
A0015-C009,A0015-C009-m1,A0015,"中 비야디, 작년 차 판매량 첫 400만대 넘었다",2025-01-02,https://www.chosun.com/economy/auto/2025/01/02/HTW6CXWRT5CSVMD5Z65DXMTMMQ,비야디는 작년 중국 외 시장에서 재작년 대비 72% 안팎 늘어난 41만대를 판매했다.,해외 시장 확대도 주효했다.,"PHEV는 전기가 떨어지면 기름으로 달려, 충전 제약을 덜 받기 때문에 최근 ‘순수 전기차(BEV)’의 대체재로 부상하고 있다.",개별기업,N,무역,판매량 증가율,"中 비야디, 작년, 차, 판매량, 400만대",-,-,-,자동차,-,-,-,2024,-,Y,확정,72%,KOSIS_VALUE,hcx,판매량 증가율,자동차,2024,Y,hcx,증감률,72,-,-,N,%,증감률,증가,전년,비야디는 작년 중국 외 시장에서 재작년 대비 72% 안팎 늘어난 41만대를 판매했다.,high,N,-,N,0,0,HCX-007,v1.6-prev2-context,2026-07-30,판매량,자동차,2024,Y,%,%,rate,rate_change,vehicle,2023,N,OUT_OF_KOSIS_SCOPE,claim_domain_scope=개별기업,Y,MAP000234,,skipped_not_eligible,,,,,,,,,,,,,,,,,,,,,,,,,,,,,,,,,,,,,,,,,,,,,,,,
A0015-C009,A0015-C009-m2,A0015,"中 비야디, 작년 차 판매량 첫 400만대 넘었다",2025-01-02,https://www.chosun.com/economy/auto/2025/01/02/HTW6CXWRT5CSVMD5Z65DXMTMMQ,비야디는 작년 중국 외 시장에서 재작년 대비 72% 안팎 늘어난 41만대를 판매했다.,해외 시장 확대도 주효했다.,"PHEV는 전기가 떨어지면 기름으로 달려, 충전 제약을 덜 받기 때문에 최근 ‘순수 전기차(BEV)’의 대체재로 부상하고 있다.",개별기업,N,무역,판매량,"中 비야디, 작년, 차, 판매량, 400만대",-,-,-,자동차,-,-,-,2024,-,Y,확정,41만대,KOSIS_VALUE,hcx,판매량,자동차,2024,Y,hcx,현재값,410000,-,-,N,대,수준값,증가,전년,비야디는 작년 중국 외 시장에서 재작년 대비 72% 안팎 늘어난 41만대를 판매했다.,high,N,-,N,0,0,HCX-007,v1.6-prev2-context,2026-07-30,판매량,자동차,2024,Y,대,대,count,count,vehicle,,N,OUT_OF_KOSIS_SCOPE,claim_domain_scope=개별기업,Y,MAP000235,,skipped_not_eligible,,,,,,,,,,,,,,,,,,,,,,,,,,,,,,,,,,,,,,,,,,,,,,,,
A0018-C002,A0018-C002-m1,A0018,반도체 덕에… 지난해 수출 6838억달러 역대 최대,2025-01-02,https://www.chosun.com/economy/economy_general/2025/01/02/6MYGM52QIVHUJBIZYYFBUW5IQM,기존 역대 최대 규모였던 2022년 기록(6836억달러)을 2억달러 웃돌아 역대 최대 수출 실적을 달성했다.,작년 한 해 전체 수출액이 6838억달러(약 1006조원)로 2023년에 비해 8.2% 증가했다고 산업통상자원부와 관세청이 1일 밝혔다.,,국내공식통계,N,무역,수출액,"반도체, 수출, 역대 최대 실적",-,-,-,,-,-,-,2022,-,Y,확정,6836억달러,KOSIS_VALUE,hcx,수출액,-,2022,Y,hcx,목표값,6.836E+11,-,-,N,달러,수준값,-,전년,기존 역대 최대 규모였던 2022년 기록(6836억달러)을 2억달러 웃돌아 역대 최대 수출 실적을 달성했다.,high,N,-,N,0,0,HCX-007,v1.6-prev2-context,2026-07-30,수출액,,2024,Y,달러,달러,currency,amount,unspecified,,N,ROLE_NOT_DIRECT_TARGET,measurement_role=목표값,N,MAP000236,,skipped_not_eligible,,,,,,,,,,,,,,,,,,,,,,,,,,,,,,,,,,,,,,,,,,,,,,,,
A0018-C005,A0018-C005-m2,A0018,반도체 덕에… 지난해 수출 6838억달러 역대 최대,2025-01-02,https://www.chosun.com/economy/economy_general/2025/01/02/6MYGM52QIVHUJBIZYYFBUW5IQM,작년 흑자 폭은 2018년(697억달러 흑자) 이후 6년 만에 최대다.,"작년 한국의 수입액은 전년보다 1.6% 감소한 6320억달러로, 518억달러의 무역 흑자를 기록했다.",주력 수출 품목인 반도체 수출액이 1419억달러로 역대 최대치를 고쳐 쓰면서 수출 증가세를 주도했다.,국내공식통계,N,무역,경과 기간,"수출, 흑자, 무역",-,-,-,,-,-,-,2018,-,Y,확정,6년,CONTEXT,hcx,경과 기간,-,2018,Y,hcx,참고값,6,-,-,N,년,수준값,-,전년,작년 흑자 폭은 2018년(697억달러 흑자) 이후 6년 만에 최대다.,high,N,-,N,0,0,HCX-007,v1.6-prev2-context,2026-07-30,흑자 폭,,2024,Y,년,년,duration,condition,unspecified,,N,NOT_KOSIS_VALUE,measurement_usage=CONTEXT,Y,MAP000237,,skipped_not_eligible,,,,,,,,,,,,,,,,,,,,,,,,,,,,,,,,,,,,,,,,,,,,,,,,
A0018-C006,A0018-C006-m1,A0018,반도체 덕에… 지난해 수출 6838억달러 역대 최대,2025-01-02,https://www.chosun.com/economy/economy_general/2025/01/02/6MYGM52QIVHUJBIZYYFBUW5IQM,무역수지는 반도체 수출 부진 여파로 2022·2023년 2년 연속 적자를 봤다가 작년에 3년 만에 다시 흑자로 돌아섰다.,작년 흑자 폭은 2018년(697억달러 흑자) 이후 6년 만에 최대다.,"작년 한국의 수입액은 전년보다 1.6% 감소한 6320억달러로, 518억달러의 무역 흑자를 기록했다.",국내공식통계,N,무역,적자 기간,"반도체, 수출, 무역 흑자, 적자",-,-,-,반도체,-,-,-,2023,-,Y,확정,2년,CONTEXT,hcx,적자 기간,반도체,2023,Y,hcx,참고값,2,-,-,N,년,수준값,-,전년,무역수지는 반도체 수출 부진 여파로 2022·2023년 2년 연속 적자를 봤다가 작년에 3년 만에 다시 흑자로 돌아섰다.,high,N,-,N,0,0,HCX-007,v1.6-prev2-context,2026-07-30,무역수지,반도체,2024,Y,년,년,duration,condition,item,,N,NOT_KOSIS_VALUE,measurement_usage=CONTEXT,Y,MAP000238,,skipped_not_eligible,,,,,,,,,,,,,,,,,,,,,,,,,,,,,,,,,,,,,,,,,,,,,,,,
A0018-C006,A0018-C006-m2,A0018,반도체 덕에… 지난해 수출 6838억달러 역대 최대,2025-01-02,https://www.chosun.com/economy/economy_general/2025/01/02/6MYGM52QIVHUJBIZYYFBUW5IQM,무역수지는 반도체 수출 부진 여파로 2022·2023년 2년 연속 적자를 봤다가 작년에 3년 만에 다시 흑자로 돌아섰다.,작년 흑자 폭은 2018년(697억달러 흑자) 이후 6년 만에 최대다.,"작년 한국의 수입액은 전년보다 1.6% 감소한 6320억달러로, 518억달러의 무역 흑자를 기록했다.",국내공식통계,N,무역,흑자 복귀 주기,"반도체, 수출, 무역 흑자, 적자",-,-,-,반도체,-,-,-,2023,-,Y,확정,3년,CONTEXT,hcx,흑자 복귀 주기,반도체,2023,Y,hcx,참고값,3,-,-,N,년,수준값,-,전년,무역수지는 반도체 수출 부진 여파로 2022·2023년 2년 연속 적자를 봤다가 작년에 3년 만에 다시 흑자로 돌아섰다.,high,N,-,N,0,0,HCX-007,v1.6-prev2-context,2026-07-30,무역수지,반도체,2024,Y,년,년,duration,condition,item,,N,NOT_KOSIS_VALUE,measurement_usage=CONTEXT,Y,MAP000239,,skipped_not_eligible,,,,,,,,,,,,,,,,,,,,,,,,,,,,,,,,,,,,,,,,,,,,,,,,
A0018-C007,A0018-C007-m1,A0018,반도체 덕에… 지난해 수출 6838억달러 역대 최대,2025-01-02,https://www.chosun.com/economy/economy_general/2025/01/02/6MYGM52QIVHUJBIZYYFBUW5IQM,작년 수출이 역대 최대 실적을 달성한 것은 4개월 연속 둔화세를 보이던 수출이 지난달 선방했기 때문이다.,무역수지는 반도체 수출 부진 여파로 2022·2023년 2년 연속 적자를 봤다가 작년에 3년 만에 다시 흑자로 돌아섰다.,작년 흑자 폭은 2018년(697억달러 흑자) 이후 6년 만에 최대다.,국내공식통계,N,무역,둔화 기간,"반도체, 수출, 역대 최대",-,-,-,반도체,-,-,-,2024,-,M,확정,4개월,CONTEXT,hcx,둔화 기간,반도체,2024,M,hcx,참고값,4,-,-,N,개월,수준값,-,전년,작년 수출이 역대 최대 실적을 달성한 것은 4개월 연속 둔화세를 보이던 수출이 지난달 선방했기 때문이다.,mid,N,-,N,0,0,HCX-007,v1.6-prev2-context,2026-07-30,수출 실적,반도체,2024,Y,개월,개월,duration,condition,item,,N,NOT_KOSIS_VALUE,measurement_usage=CONTEXT,Y,MAP000240,,skipped_not_eligible,,,,,,,,,,,,,,,,,,,,,,,,,,,,,,,,,,,,,,,,,,,,,,,,
A0018-C008,A0018-C008-m3,A0018,반도체 덕에… 지난해 수출 6838억달러 역대 최대,2025-01-02,https://www.chosun.com/economy/economy_general/2025/01/02/6MYGM52QIVHUJBIZYYFBUW5IQM,작년 12월 수출은 613억8000만달러로 1년 전 대비 6.6% 늘어 한 달 전(1.4%)에 비해 오름폭을 키웠다.,작년 수출이 역대 최대 실적을 달성한 것은 4개월 연속 둔화세를 보이던 수출이 지난달 선방했기 때문이다.,무역수지는 반도체 수출 부진 여파로 2022·2023년 2년 연속 적자를 봤다가 작년에 3년 만에 다시 흑자로 돌아섰다.,국내공식통계,Y,무역,기간,"반도체, 수출, 무역수지, 흑자",-,-,-,반도체,-,-,-,2024,-,Y,확정,1년,CONTEXT,hcx,기간,반도체,2024,Y,hcx,참고값,1,-,-,N,년,수준값,-,-,작년 12월 수출은 613억8000만달러로 1년 전 대비 6.6% 늘어 한 달 전(1.4%)에 비해 오름폭을 키웠다.,high,N,-,Y,0,0,HCX-007,v1.6-prev2-context,2026-07-30,수출액,반도체,2024,Y,년,년,duration,condition,item,,N,NOT_KOSIS_VALUE,measurement_usage=CONTEXT,Y,MAP000241,,skipped_not_eligible,,,,,,,,,,,,,,,,,,,,,,,,,,,,,,,,,,,,,,,,,,,,,,,,
A0018-C009,-,A0018,반도체 덕에… 지난해 수출 6838억달러 역대 최대,2025-01-02,https://www.chosun.com/economy/economy_general/2025/01/02/6MYGM52QIVHUJBIZYYFBUW5IQM,지난달 수출액은 월간 기준으로 역대 최고치다.,작년 12월 수출은 613억8000만달러로 1년 전 대비 6.6% 늘어 한 달 전(1.4%)에 비해 오름폭을 키웠다.,작년 수출이 역대 최대 실적을 달성한 것은 4개월 연속 둔화세를 보이던 수출이 지난달 선방했기 때문이다.,국내공식통계,Y,무역,수출액,"반도체, 수출, 역대 최대",-,-,-,,-,-,-,,-,,확정,-,-,-,-,-,-,-,-,-,-,-,-,-,,-,-,-,지난달 수출액은 월간 기준으로 역대 최고치다.,high,N,-,N,0,0,HCX-007,v1.6-prev2-context,2026-07-30,수출액,,2024,Y,,,unknown,level,unspecified,,N,NO_MEASUREMENT,측정값 없는 placeholder,Y,MAP000242,,skipped_not_eligible,,,,,,,,,,,,,,,,,,,,,,,,,,,,,,,,,,,,,,,,,,,,,,,,
A0018-C010,A0018-C010-m1,A0018,반도체 덕에… 지난해 수출 6838억달러 역대 최대,2025-01-02,https://www.chosun.com/economy/economy_general/2025/01/02/6MYGM52QIVHUJBIZYYFBUW5IQM,수출 증가율은 작년 8월(10.9%)부터 11월까지 꺾이다가 지난달 들어 반도체 수출이 31.5% 불어나며 오름세로 돌아섰다.,지난달 수출액은 월간 기준으로 역대 최고치다.,작년 12월 수출은 613억8000만달러로 1년 전 대비 6.6% 늘어 한 달 전(1.4%)에 비해 오름폭을 키웠다.,국내공식통계,Y,무역,수출 증가율,"반도체, 수출액, 수출 증가율",-,-,-,반도체,-,-,-,2024,-,M,확정,10.90%,KOSIS_VALUE,hcx,수출 증가율,반도체,2024,M,claim_fallback,증감률,10.9,-,-,N,%,증감률,증가,전년동월,수출 증가율은 작년 8월(10.9%)부터 11월까지 꺾이다가 지난달 들어 반도체 수출이 31.5% 불어나며 오름세로 돌아섰다.,high,Y,measurement_binding_fallback:1;measurement_period_ungrounded:1,N,0,1,HCX-007,v1.6-prev2-context,2026-07-30,수출액,반도체,2024,M,%,%,rate,rate_change,item,2023,N,BINDING_NOT_CONFIRMED,measurement_binding_source=claim_fallback,N,MAP000243,,skipped_not_eligible,,,,,,,,,,,,,,,,,,,,,,,,,,,,,,,,,,,,,,,,,,,,,,,,
A0018-C011,-,A0018,반도체 덕에… 지난해 수출 6838억달러 역대 최대,2025-01-02,https://www.chosun.com/economy/economy_general/2025/01/02/6MYGM52QIVHUJBIZYYFBUW5IQM,"다만, 또 다른 수출 효자 품목인 자동차 수출의 부진과 관세 장벽 강화를 내세운 미국의 트럼프 2기 행정부 출범으로 새해 수출 증가율은 작년보다 꺾일 것이라는 전망이 나온다.",수출 증가율은 작년 8월(10.9%)부터 11월까지 꺾이다가 지난달 들어 반도체 수출이 31.5% 불어나며 오름세로 돌아섰다.,지난달 수출액은 월간 기준으로 역대 최고치다.,전망·목표,N,무역,수출 증가율,"반도체, 수출, 수출액, 수출 효자 품목, 자동차 수출, 관세 장벽 강화, 트럼프 2기 행정부",-,-,-,,-,-,-,,-,,모호,-,-,-,-,-,-,-,-,-,-,-,-,-,,-,-,-,"다만, 또 다른 수출 효자 품목인 자동차 수출의 부진과 관세 장벽 강화를 내세운 미국의 트럼프 2기 행정부 출범으로 새해 수출 증가율은 작년보다 꺾일 것이라는 전망이 나온다.",mid,Y,-,Y,0,0,HCX-007,v1.6-prev2-context,2026-07-30,수출 증가율,,2025,Y,,,unknown,rate_change,vehicle,,N,NO_MEASUREMENT,측정값 없는 placeholder,Y,MAP000244,,skipped_not_eligible,,,,,,,,,,,,,,,,,,,,,,,,,,,,,,,,,,,,,,,,,,,,,,,,
A0018-C012,A0018-C012-m1,A0018,반도체 덕에… 지난해 수출 6838억달러 역대 최대,2025-01-02,https://www.chosun.com/economy/economy_general/2025/01/02/6MYGM52QIVHUJBIZYYFBUW5IQM,한국무역협회 국제무역통상연구원은 지난해 11월 새해 수출 증가율이 1.8%에 그칠 것으로 전망했다.,"다만, 또 다른 수출 효자 품목인 자동차 수출의 부진과 관세 장벽 강화를 내세운 미국의 트럼프 2기 행정부 출범으로 새해 수출 증가율은 작년보다 꺾일 것이라는 전망이 나온다.",수출 증가율은 작년 8월(10.9%)부터 11월까지 꺾이다가 지난달 들어 반도체 수출이 31.5% 불어나며 오름세로 돌아섰다.,국내공식통계,N,무역,수출 증가율,"한국무역협회, 국제무역통상연구원, 수출 증가율, 전망",-,-,-,,-,-,-,2025,-,Y,확정,1.80%,KOSIS_VALUE,hcx,수출 증가율,-,2025,Y,claim_fallback,증감률,1.8,-,-,N,%,증감률,증가,전년,한국무역협회 국제무역통상연구원은 지난해 11월 새해 수출 증가율이 1.8%에 그칠 것으로 전망했다.,high,Y,measurement_binding_fallback:1;measurement_period_ungrounded:1,N,0,1,HCX-007,v1.6-prev2-context,2026-07-30,수출 증가율,,2025,Y,%,%,rate,rate_change,unspecified,2024,N,BINDING_NOT_CONFIRMED,measurement_binding_source=claim_fallback,Y,MAP000245,,skipped_not_eligible,,,,,,,,,,,,,,,,,,,,,,,,,,,,,,,,,,,,,,,,,,,,,,,,
A0018-C013,-,A0018,반도체 덕에… 지난해 수출 6838억달러 역대 최대,2025-01-02,https://www.chosun.com/economy/economy_general/2025/01/02/6MYGM52QIVHUJBIZYYFBUW5IQM,"전 세계적으로 IT(정보통신) 수요가 늘면서 반도체·무선통신기기 등 수출이 늘겠지만, 자동차는 해외 현지 투자, 생산이 늘며 수출이 줄어들 것으로 봤다.",한국무역협회 국제무역통상연구원은 지난해 11월 새해 수출 증가율이 1.8%에 그칠 것으로 전망했다.,"다만, 또 다른 수출 효자 품목인 자동차 수출의 부진과 관세 장벽 강화를 내세운 미국의 트럼프 2기 행정부 출범으로 새해 수출 증가율은 작년보다 꺾일 것이라는 전망이 나온다.",국내공식통계,N,무역,수출액,"반도체, 무선통신기기, 자동차",-,-,-,,-,-,-,,-,,확정,-,-,-,-,-,-,-,-,-,-,-,-,-,,-,-,-,반도체 덕에… 지난해 수출 6838억달러 역대 최대,high,N,-,N,0,0,HCX-007,v1.6-prev2-context,2026-07-30,수출액,,2024,Y,,,unknown,level,vehicle,,N,NO_MEASUREMENT,측정값 없는 placeholder,Y,MAP000246,,skipped_not_eligible,,,,,,,,,,,,,,,,,,,,,,,,,,,,,,,,,,,,,,,,,,,,,,,,
A0018-C014,A0018-C014-m1,A0018,반도체 덕에… 지난해 수출 6838억달러 역대 최대,2025-01-02,https://www.chosun.com/economy/economy_general/2025/01/02/6MYGM52QIVHUJBIZYYFBUW5IQM,산업연구원도 같은 달 새해 수출 증가율을 2.2%로 전망하며 “트럼프 행정부의 보편적 관세 부과 정책은 자동차를 중심으로 대미 수출 감소를 유발할 가능성이 있다”고 했다.,"전 세계적으로 IT(정보통신) 수요가 늘면서 반도체·무선통신기기 등 수출이 늘겠지만, 자동차는 해외 현지 투자, 생산이 늘며 수출이 줄어들 것으로 봤다.",한국무역협회 국제무역통상연구원은 지난해 11월 새해 수출 증가율이 1.8%에 그칠 것으로 전망했다.,국내공식통계,N,무역,수출 증가율,"한국무역협회, 국제무역통상연구원, 산업연구원, 트럼프 행정부, 보편적 관세 부과 정책, 수출 감소",-,-,-,,-,-,-,2025,-,,확정,2.20%,KOSIS_VALUE,hcx,수출 증가율,-,2025,-,claim_fallback,증감률,2.2,-,-,N,%,증감률,증가,전년,"""산업연구원도 같은 달 새해 수출 증가율을 2.2%로 전망하며 ""트럼프 행정부의 보편적 관세 부과 정책은 자동차를 중심으로 대미 수출 감소를 유발할 가능성이 있다""고 했다.",mid,Y,measurement_binding_fallback:1;measurement_period_ungrounded:1,N,0,1,HCX-007,v1.6-prev2-context,2026-07-30,수출 증가율,,2025,,%,%,rate,rate_change,vehicle,2024,N,BINDING_NOT_CONFIRMED,measurement_binding_source=claim_fallback,N,MAP000247,,skipped_not_eligible,,,,,,,,,,,,,,,,,,,,,,,,,,,,,,,,,,,,,,,,,,,,,,,,
A0019-C003,A0019-C003-m1,A0019,최상목 대행 “필요시 추가 경기보강 강구”,2025-01-02,https://www.chosun.com/economy/economy_general/2025/01/02/7VLZMCNZCFH2JCMP262AEPOUFQ,"이 자리에서 그는 “올해 우리 경제는 미국 신정부 출범과 국내 정치상황이 맞물리며 어느 때보다 큰 대내외 불확실성에 직면할 것으로 예상된다”며 “성장률이 1.8% 수준으로 낮아지며 민생 어려움이 가중되고, 대외 신인도 영향도 우려된다”고 했다.",2일 최 권한대행은 정부서울청사에서 경제관계장관회의를 열고 ‘2025년 경제정책방향’을 발표했다.,"최상목 대통령 권한대행 부총리 겸 기획재정부 장관이 “미국 신정부의 정책 전개양상, 민생경제 상황 등 경제 여건 전반을 1분기 중 재점검하고, 필요시 추가 경기 보강 방안을 강구하겠다”고 말했다.",전망·목표,N,재정·조세,성장률,"경기보강, 성장률, 민생 어려움, 대외 신인도",-,-,-,,-,-,-,2025,-,Y,확정,1.80%,KOSIS_VALUE,hcx,성장률,-,2025,Y,hcx,현재값,1.8,-,-,N,%,수준값,유지,전년,"""올해 우리 경제는 미국 신정부 출범과 국내 정치상황이 맞물리며 어느 때보다 큰 대내외 불확실성에 직면할 것으로 예상된다""며 ""성장률이 1.8% 수준으로 낮아지며 민생 어려움이 가중되고, 대외 신인도 영향도 우려된다""고 했다.",high,N,-,N,0,0,HCX-007,v1.6-prev2-context,2026-07-30,성장률 전망치,,2025,Y,%,%,rate,level,unspecified,,N,OUT_OF_KOSIS_SCOPE,claim_domain_scope=전망·목표,Y,MAP000248,,skipped_not_eligible,,,,,,,,,,,,,,,,,,,,,,,,,,,,,,,,,,,,,,,,,,,,,,,,
A0019-C007,A0019-C007-m1,A0019,최상목 대행 “필요시 추가 경기보강 강구”,2025-01-02,https://www.chosun.com/economy/economy_general/2025/01/02/7VLZMCNZCFH2JCMP262AEPOUFQ,이날 정부가 발표한 경제정책방향에는 올해 상반기(1월 3일~6월 30일)에 출고하는 자동차를 구매하는 경우 개별소비세를 30% 인하해주는 조치 등 내수 부양책이 다수 담겼다.,"이어 “상반기 추가 소비에 대한 소득공제 확대, 자동차 개별소비세 인하 등을 통해 소비 심리 회복에 최선을 다하겠다”며 “, 영세 소상공인 점포 소비에 대한 소득공제 확대 등을 통해 소상공인의 부담은 덜고 매출기반은 넓히겠다”고 했다.","이날 최 권한대행은 “무엇보다 민생경제 회복에 총력을 기울이겠다”며 “노인일자리, 청년고용장려금 등 민생지원의 혜택을 새해 벽두부터 국민 한 분 한 분이 실제로 누리게 하겠다”고 했다.",국내공식통계,N,재정·조세,개별소비세,"자동차, 개별소비세, 인하, 내수부양책",-,-,-,,-,-,-,2025Q1,-,Q,확정,30%,POLICY_VALUE,hcx,개별소비세,-,2025Q1,Q,hcx,증감률,30,-,-,N,%,증감률,감소,전년동기,이날 정부가 발표한 경제정책방향에는 올해 상반기(1월 3일~6월 30일)에 출고하는 자동차를 구매하는 경우 개별소비세를 30% 인하해주는 조치 등 내수 부양책이 다수 담겼다.,high,N,-,N,0,0,HCX-007,v1.6-prev2-context,2026-07-30,개별소비세,,2025Q1,Q,%,%,rate,rate_change,vehicle,2024,N,NOT_KOSIS_VALUE,measurement_usage=POLICY_VALUE,N,MAP000249,,skipped_not_eligible,,,,,,,,,,,,,,,,,,,,,,,,,,,,,,,,,,,,,,,,,,,,,,,,
A0020-C002,A0020-C002-m1,A0020,채용·인력배치 로봇 혁명… “관리·설계직 더 뽑고 야근도 확 줄어”,2025-01-02,https://www.chosun.com/economy/economy_general/2025/01/02/A7CI5RF3WNDZ3IYINXCYLMBVS4,"우리나라는 전 세계에서 로봇 밀도(공장 직원 한 명당 로봇 수)가 가장 높은 국가인 만큼, 많은 기업들은 계속되는 최저임금 상승으로 인한 인건비 문제와 주 52시간 근무제의 한계를 로봇화(化)를 통해 극복하고 있다.",로봇은 이제 대한민국의 산업 현장 구석구석을 바꾸고 있다.,,국내공식통계,N,고용,주 52시간 근무제,"로봇 밀도, 최저임금 상승, 인건비 문제, 주 52시간 근무제",-,-,-,,-,-,-,2025,-,Y,확정,52시간,CONTEXT,hcx,주 52시간 근무제,-,2025,Y,claim_fallback,참고값,52,-,-,N,시간,수준값,증가,전년,"우리나라는 전 세계에서 로봇 밀도(공장 직원 한 명당 로봇 수)가 가장 높은 국가인 만큼, 많은 기업들은 계속되는 최저임금 상승으로 인한 인건비 문제와 주 52시간 근무제의 한계를 로봇화(化)를 통해 극복하고 있다.",high,Y,measurement_binding_fallback:1;measurement_period_ungrounded:1,N,0,1,HCX-007,v1.6-prev2-context,2026-07-30,로봇 밀도,,2025,Y,시간,시간,duration,condition,unspecified,,N,NOT_KOSIS_VALUE,measurement_usage=CONTEXT,Y,MAP000250,,skipped_not_eligible,,,,,,,,,,,,,,,,,,,,,,,,,,,,,,,,,,,,,,,,,,,,,,,,
A0020-C016,-,A0020,채용·인력배치 로봇 혁명… “관리·설계직 더 뽑고 야근도 확 줄어”,2025-01-02,https://www.chosun.com/economy/economy_general/2025/01/02/A7CI5RF3WNDZ3IYINXCYLMBVS4,그 과정에서 직원 수는 줄었지만 생산량은 더 늘었다.,김 대표는 “기존 5명이 작업하던 부품 가공 공정에는 로봇 2대를 비치하고 사람은 두 명만 남겼다. 나머지 3명은 새로운 신규 라인에 배치했다”고 했다.,로봇화 덕에 인력 배치도 달라졌다.,개별기업,N,생산·산업,생산량,-,-,-,-,,-,-,-,,-,,확정,-,-,-,-,-,-,-,-,-,-,-,-,-,,-,-,-,그 과정에서 직원 수는 줄었지만 생산량은 더 늘었다.,low,Y,-,Y,0,0,HCX-007,v1.6-prev2-context,2026-07-30,생산량,,2025,Y,,,unknown,level,unspecified,,N,NO_MEASUREMENT,측정값 없는 placeholder,Y,MAP000251,,skipped_not_eligible,,,,,,,,,,,,,,,,,,,,,,,,,,,,,,,,,,,,,,,,,,,,,,,,
A0020-C018,A0020-C018-m1,A0020,채용·인력배치 로봇 혁명… “관리·설계직 더 뽑고 야근도 확 줄어”,2025-01-02,https://www.chosun.com/economy/economy_general/2025/01/02/A7CI5RF3WNDZ3IYINXCYLMBVS4,2016년 135명이던 직원은 현재는 120명 정도다.,3300여㎡(1000평)가량 공장을 증축했다.,그 과정에서 직원 수는 줄었지만 생산량은 더 늘었다.,국내공식통계,N,고용,직원 수,"채용, 인력배치, 로봇, 관리, 설계직, 야근",-,-,-,,-,-,-,2025,-,Y,확정,120명,KOSIS_VALUE,hcx,직원 수,-,2025,Y,claim_fallback,현재값,120,-,-,N,명,수준값,-,전년,"""2016년 135명이던 직원은 현재는 120명 정도다.""",high,Y,measurement_binding_fallback:1;measurement_period_ungrounded:1,N,0,1,HCX-007,v1.6-prev2-context,2026-07-30,직원 수,,2025,Y,명,명,person_count,count,unspecified,,N,BINDING_NOT_CONFIRMED,measurement_binding_source=claim_fallback,Y,MAP000252,,skipped_not_eligible,,,,,,,,,,,,,,,,,,,,,,,,,,,,,,,,,,,,,,,,,,,,,,,,
A0020-C031,-,A0020,채용·인력배치 로봇 혁명… “관리·설계직 더 뽑고 야근도 확 줄어”,2025-01-02,https://www.chosun.com/economy/economy_general/2025/01/02/A7CI5RF3WNDZ3IYINXCYLMBVS4,"작년 중기중앙회와 통계청에 따르면, 로봇 및 인공지능(AI) 등 신기술 도입률은 대기업과 중소기업 간 두 배 이상 차이가 났다.",대기업과 중소기업의 신기술 도입률 격차도 아직 크다.,"“정부, 지자체 지원이 부족하다”고 답한 경우는 25.9%, “투자 비용 대비 회수 기간이 길다”고 답한 경우는 20.4%였다.",국내공식통계,N,고용,신기술 도입률,"로봇, 인공지능, AI, 대기업, 중소기업",-,-,-,,-,-,-,,-,,확정,-,-,-,-,-,-,-,-,-,-,-,-,-,,-,-,-,"작년 중기중앙회와 통계청에 따르면, 로봇 및 인공지능(AI) 등 신기술 도입률은 대기업과 중소기업 간 두 배 이상 차이가 났다.",mid,N,-,Y,0,0,HCX-007,v1.6-prev2-context,2026-07-30,신기술 도입률,,2024,Y,,,unknown,level,unspecified,,N,NO_MEASUREMENT,측정값 없는 placeholder,N,MAP000253,,skipped_not_eligible,,,,,,,,,,,,,,,,,,,,,,,,,,,,,,,,,,,,,,,,,,,,,,,,
A0020-C032,A0020-C032-m1,A0020,채용·인력배치 로봇 혁명… “관리·설계직 더 뽑고 야근도 확 줄어”,2025-01-02,https://www.chosun.com/economy/economy_general/2025/01/02/A7CI5RF3WNDZ3IYINXCYLMBVS4,"대기업이 신기술을 도입한 경우는 24.5%, 중소기업(50인 이상 300인 미만)의 신기술 도입률은 12.1% 정도였다.","작년 중기중앙회와 통계청에 따르면, 로봇 및 인공지능(AI) 등 신기술 도입률은 대기업과 중소기업 간 두 배 이상 차이가 났다.",대기업과 중소기업의 신기술 도입률 격차도 아직 크다.,국내공식통계,N,고용,신기술 도입률,"로봇, 인공지능, 신기술 도입률, 대기업, 중소기업",-,-,-,대기업,-,-,-,2024,-,Y,확정,24.50%,CONDITION,hcx,신기술 도입률,대기업,2024,Y,hcx,참고값,24.5,-,-,N,%,비중,-,전년,"대기업이 신기술을 도입한 경우는 24.5%, 중소기업(50인 이상 300인 미만)의 신기술 도입률은 12.1% 정도였다.",high,N,-,N,0,0,HCX-007,v1.6-prev2-context,2026-07-30,신기술 도입률,,2024,Y,%,%,rate,level,item,,N,NOT_KOSIS_VALUE,measurement_usage=CONDITION,Y,MAP000254,,skipped_not_eligible,,,,,,,,,,,,,,,,,,,,,,,,,,,,,,,,,,,,,,,,,,,,,,,,
A0023-C001,A0023-C001-m1,A0023,정부 “올해 경제성장률 1.8%”… 한은 전망보다 더 낮췄다,2025-01-02,https://www.chosun.com/economy/economy_general/2025/01/02/FWT5PD42TZED7JTIXYCIECCFRE,수출과 건설 경기 부진 여파로 새해 우리나라 경제가 1.8% 성장하는 데 그칠 것이라고 기획재정부가 2일 전망했다.,,,전망·목표,N,재정·조세,경제성장률,"정부, 올해, 경제성장률, 기획재정부",-,-,-,,-,-,-,2025,-,Y,확정,1.80%,KOSIS_VALUE,hcx,경제성장률,-,2025,Y,hcx,현재값,1.8,-,-,N,%,비중,-,전년,"""수출과 건설 경기 부진 여파로 새해 우리나라 경제가 1.8% 성장하는 데 그칠 것이라고 기획재정부가 2일 전망했다.""",high,N,-,N,0,0,HCX-007,v1.6-prev2-context,2026-07-30,경제성장률,,2025,Y,%,%,rate,level,unspecified,,N,OUT_OF_KOSIS_SCOPE,claim_domain_scope=전망·목표,Y,MAP000255,,skipped_not_eligible,,,,,,,,,,,,,,,,,,,,,,,,,,,,,,,,,,,,,,,,,,,,,,,,
A0023-C002,A0023-C002-m1,A0023,정부 “올해 경제성장률 1.8%”… 한은 전망보다 더 낮췄다,2025-01-02,https://www.chosun.com/economy/economy_general/2025/01/02/FWT5PD42TZED7JTIXYCIECCFRE,비상 계엄 파문 이전인 작년 11월말 새해 성장률을 1.9%로 전망한 한국은행보다 경제 상황이 조금 더 어둡다고 봤다.,수출과 건설 경기 부진 여파로 새해 우리나라 경제가 1.8% 성장하는 데 그칠 것이라고 기획재정부가 2일 전망했다.,,전망·목표,N,재정·조세,경제성장률,"정부, 올해, 경제성장률, 한은 전망",-,-,-,,-,-,-,2025,-,Y,확정,1.90%,KOSIS_VALUE,hcx,경제성장률,-,2025,Y,hcx,이전값,1.9,-,-,N,%,수준값,-,전년,"정부 ""올해 경제성장률 1.8%""… 한은 전망보다 더 낮췄다",high,N,-,N,0,0,HCX-007,v1.6-prev2-context,2026-07-30,경제성장률,,2025,Y,%,%,rate,level,unspecified,,N,OUT_OF_KOSIS_SCOPE,claim_domain_scope=전망·목표,Y,MAP000256,,skipped_not_eligible,,,,,,,,,,,,,,,,,,,,,,,,,,,,,,,,,,,,,,,,,,,,,,,,
A0023-C003,A0023-C003-m1,A0023,정부 “올해 경제성장률 1.8%”… 한은 전망보다 더 낮췄다,2025-01-02,https://www.chosun.com/economy/economy_general/2025/01/02/FWT5PD42TZED7JTIXYCIECCFRE,기재부는 이날 ‘2025년 경제정책방향’을 발표하면서 올해 경제 성장률이 1.8%로 전망된다고 밝혔다.,비상 계엄 파문 이전인 작년 11월말 새해 성장률을 1.9%로 전망한 한국은행보다 경제 상황이 조금 더 어둡다고 봤다.,수출과 건설 경기 부진 여파로 새해 우리나라 경제가 1.8% 성장하는 데 그칠 것이라고 기획재정부가 2일 전망했다.,전망·목표,N,재정·조세,경제성장률,"정부, 경제성장률, 전망, 기획재정부, 경제정책방향",-,-,-,,-,-,-,2025,-,Y,확정,1.80%,KOSIS_VALUE,hcx,경제성장률,-,2025,Y,hcx,현재값,1.8,-,-,N,%,수준값,유지,전년,"""기재부는 이날 '2025년 경제정책방향'을 발표하면서 올해 경제 성장률이 1.8%로 전망된다고 밝혔다.""",high,N,-,N,0,0,HCX-007,v1.6-prev2-context,2026-07-30,경제성장률,,2025,Y,%,%,rate,level,unspecified,,N,OUT_OF_KOSIS_SCOPE,claim_domain_scope=전망·목표,Y,MAP000257,,skipped_not_eligible,,,,,,,,,,,,,,,,,,,,,,,,,,,,,,,,,,,,,,,,,,,,,,,,
A0023-C004,A0023-C004-m1,A0023,정부 “올해 경제성장률 1.8%”… 한은 전망보다 더 낮췄다,2025-01-02,https://www.chosun.com/economy/economy_general/2025/01/02/FWT5PD42TZED7JTIXYCIECCFRE,"작년 7월초만 해도 정부는 수출이 살아나면서 내수가 회복될 것으로 기대하고 새해 성장률을 2.2%로 봤었는데, 내수 부진이 장기화하고 비상 계엄과 줄탄핵 등 정치 불확실성이 커지자 6개월 만에 전망치를 0.4%포인트 낮췄다.",기재부는 이날 ‘2025년 경제정책방향’을 발표하면서 올해 경제 성장률이 1.8%로 전망된다고 밝혔다.,비상 계엄 파문 이전인 작년 11월말 새해 성장률을 1.9%로 전망한 한국은행보다 경제 상황이 조금 더 어둡다고 봤다.,전망·목표,N,재정·조세,경제 성장률,"정부, 경제성장률, 전망치, 내수부진, 정치불확실성",-,-,-,,-,-,-,2024,-,Y,확정,2.20%,KOSIS_VALUE,hcx,경제 성장률,-,2024,Y,hcx,이전값,2.2,-,-,N,%,수준값,감소,전년,"작년 7월초만 해도 정부는 수출이 살아나면서 내수가 회복될 것으로 기대하고 새해 성장률을 2.2%로 봤었는데, 내수 부진이 장기화하고 비상 계엄과 줄탄핵 등 정치 불확실성이 커지자 6개월 만에 전망치를 0.4%포인트 낮췄다.",high,Y,measurement_rule_fallback:1,Y,1,0,HCX-007,v1.6-prev2-context,2026-07-30,경제 성장률,,2025,Y,%,%,rate,level,unspecified,,N,OUT_OF_KOSIS_SCOPE,claim_domain_scope=전망·목표,Y,MAP000258,,skipped_not_eligible,,,,,,,,,,,,,,,,,,,,,,,,,,,,,,,,,,,,,,,,,,,,,,,,
A0023-C004,A0023-C004-m2,A0023,정부 “올해 경제성장률 1.8%”… 한은 전망보다 더 낮췄다,2025-01-02,https://www.chosun.com/economy/economy_general/2025/01/02/FWT5PD42TZED7JTIXYCIECCFRE,"작년 7월초만 해도 정부는 수출이 살아나면서 내수가 회복될 것으로 기대하고 새해 성장률을 2.2%로 봤었는데, 내수 부진이 장기화하고 비상 계엄과 줄탄핵 등 정치 불확실성이 커지자 6개월 만에 전망치를 0.4%포인트 낮췄다.",기재부는 이날 ‘2025년 경제정책방향’을 발표하면서 올해 경제 성장률이 1.8%로 전망된다고 밝혔다.,비상 계엄 파문 이전인 작년 11월말 새해 성장률을 1.9%로 전망한 한국은행보다 경제 상황이 조금 더 어둡다고 봤다.,전망·목표,N,재정·조세,경제 성장률 변화폭,"정부, 경제성장률, 전망치, 내수부진, 정치불확실성",-,-,-,,-,-,-,2025,-,Y,확정,0.4%p 감소,KOSIS_VALUE,hcx,경제 성장률 변화폭,-,2025,Y,hcx,증감값,0.4,-,-,N,%,증감률,감소,전년,"작년 7월초만 해도 정부는 수출이 살아나면서 내수가 회복될 것으로 기대하고 새해 성장률을 2.2%로 봤었는데, 내수 부진이 장기화하고 비상 계엄과 줄탄핵 등 정치 불확실성이 커지자 6개월 만에 전망치를 0.4%포인트 낮췄다.",high,Y,measurement_rule_fallback:1,Y,1,0,HCX-007,v1.6-prev2-context,2026-07-30,경제 성장률,,2025,Y,%,%,rate,rate_change,unspecified,2024,N,OUT_OF_KOSIS_SCOPE,claim_domain_scope=전망·목표,Y,MAP000259,,skipped_not_eligible,,,,,,,,,,,,,,,,,,,,,,,,,,,,,,,,,,,,,,,,,,,,,,,,
A0023-C004,A0023-C004-m3,A0023,정부 “올해 경제성장률 1.8%”… 한은 전망보다 더 낮췄다,2025-01-02,https://www.chosun.com/economy/economy_general/2025/01/02/FWT5PD42TZED7JTIXYCIECCFRE,"작년 7월초만 해도 정부는 수출이 살아나면서 내수가 회복될 것으로 기대하고 새해 성장률을 2.2%로 봤었는데, 내수 부진이 장기화하고 비상 계엄과 줄탄핵 등 정치 불확실성이 커지자 6개월 만에 전망치를 0.4%포인트 낮췄다.",기재부는 이날 ‘2025년 경제정책방향’을 발표하면서 올해 경제 성장률이 1.8%로 전망된다고 밝혔다.,비상 계엄 파문 이전인 작년 11월말 새해 성장률을 1.9%로 전망한 한국은행보다 경제 상황이 조금 더 어둡다고 봤다.,전망·목표,N,재정·조세,경제 성장률,"정부, 경제성장률, 전망치, 내수부진, 정치불확실성",-,-,-,,-,-,-,2025,-,Y,확정,6개월,CONTEXT,rule_fallback,경제 성장률,-,2025,Y,rule_fallback,참고값,6,-,-,N,개월,수준값,-,-,"작년 7월초만 해도 정부는 수출이 살아나면서 내수가 회복될 것으로 기대하고 새해 성장률을 2.2%로 봤었는데, 내수 부진이 장기화하고 비상 계엄과 줄탄핵 등 정치 불확실성이 커지자 6개월 만에 전망치를 0.4%포인트 낮췄다.",high,Y,measurement_rule_fallback:1,Y,1,0,HCX-007,v1.6-prev2-context,2026-07-30,경제 성장률,,2025,Y,개월,개월,duration,condition,unspecified,,N,NOT_KOSIS_VALUE,measurement_usage=CONTEXT,N,MAP000260,,skipped_not_eligible,,,,,,,,,,,,,,,,,,,,,,,,,,,,,,,,,,,,,,,,,,,,,,,,
A0023-C005,A0023-C005-m1,A0023,정부 “올해 경제성장률 1.8%”… 한은 전망보다 더 낮췄다,2025-01-02,https://www.chosun.com/economy/economy_general/2025/01/02/FWT5PD42TZED7JTIXYCIECCFRE,정부의 올해 성장률 전망치는 2~2.1%로 추정되는 잠재 성장률(생산 자원을 모두 투입했을 때 물가 상승 없이 최대한 달성할 수 있는 성장률)보다 낮다.,"작년 7월초만 해도 정부는 수출이 살아나면서 내수가 회복될 것으로 기대하고 새해 성장률을 2.2%로 봤었는데, 내수 부진이 장기화하고 비상 계엄과 줄탄핵 등 정치 불확실성이 커지자 6개월 만에 전망치를 0.4%포인트 낮췄다.",기재부는 이날 ‘2025년 경제정책방향’을 발표하면서 올해 경제 성장률이 1.8%로 전망된다고 밝혔다.,전망·목표,N,재정·조세,잠재 성장률,"정부, 경제성장률, 전망치, 잠재 성장률",-,-,-,,-,-,-,2025,-,Y,확정,2%,KOSIS_VALUE,hcx,잠재 성장률,-,2025,Y,hcx,증감률,2,-,-,N,%,증감률,증가,전년동기,정부의 올해 성장률 전망치는 2~2.1%로 추정되는 잠재 성장률(생산 자원을 모두 투입했을 때 물가 상승 없이 최대한 달성할 수 있는 성장률)보다 낮다.,high,N,-,N,0,0,HCX-007,v1.6-prev2-context,2026-07-30,경제성장률,,2025,Y,%,%,rate,rate_change,unspecified,2024,N,OUT_OF_KOSIS_SCOPE,claim_domain_scope=전망·목표,Y,MAP000261,,skipped_not_eligible,,,,,,,,,,,,,,,,,,,,,,,,,,,,,,,,,,,,,,,,,,,,,,,,
A0023-C005,A0023-C005-m2,A0023,정부 “올해 경제성장률 1.8%”… 한은 전망보다 더 낮췄다,2025-01-02,https://www.chosun.com/economy/economy_general/2025/01/02/FWT5PD42TZED7JTIXYCIECCFRE,정부의 올해 성장률 전망치는 2~2.1%로 추정되는 잠재 성장률(생산 자원을 모두 투입했을 때 물가 상승 없이 최대한 달성할 수 있는 성장률)보다 낮다.,"작년 7월초만 해도 정부는 수출이 살아나면서 내수가 회복될 것으로 기대하고 새해 성장률을 2.2%로 봤었는데, 내수 부진이 장기화하고 비상 계엄과 줄탄핵 등 정치 불확실성이 커지자 6개월 만에 전망치를 0.4%포인트 낮췄다.",기재부는 이날 ‘2025년 경제정책방향’을 발표하면서 올해 경제 성장률이 1.8%로 전망된다고 밝혔다.,전망·목표,N,재정·조세,잠재 성장률,"정부, 경제성장률, 전망치, 잠재 성장률",-,-,-,,-,-,-,2025,-,Y,확정,2.10%,KOSIS_VALUE,hcx,잠재 성장률,-,2025,Y,hcx,증감률,2.1,-,-,N,%,증감률,증가,전년동기,정부의 올해 성장률 전망치는 2~2.1%로 추정되는 잠재 성장률(생산 자원을 모두 투입했을 때 물가 상승 없이 최대한 달성할 수 있는 성장률)보다 낮다.,high,N,-,N,0,0,HCX-007,v1.6-prev2-context,2026-07-30,경제성장률,,2025,Y,%,%,rate,rate_change,unspecified,2024,N,OUT_OF_KOSIS_SCOPE,claim_domain_scope=전망·목표,Y,MAP000262,,skipped_not_eligible,,,,,,,,,,,,,,,,,,,,,,,,,,,,,,,,,,,,,,,,,,,,,,,,
A0023-C006,A0023-C006-m1,A0023,정부 “올해 경제성장률 1.8%”… 한은 전망보다 더 낮췄다,2025-01-02,https://www.chosun.com/economy/economy_general/2025/01/02/FWT5PD42TZED7JTIXYCIECCFRE,이런 가운데 정부는 소비자 물가 상승률도 한국은행의 물가 안정 목표치(2%)보다 낮은 1.8%로 내다봤다.,정부의 올해 성장률 전망치는 2~2.1%로 추정되는 잠재 성장률(생산 자원을 모두 투입했을 때 물가 상승 없이 최대한 달성할 수 있는 성장률)보다 낮다.,"작년 7월초만 해도 정부는 수출이 살아나면서 내수가 회복될 것으로 기대하고 새해 성장률을 2.2%로 봤었는데, 내수 부진이 장기화하고 비상 계엄과 줄탄핵 등 정치 불확실성이 커지자 6개월 만에 전망치를 0.4%포인트 낮췄다.",국내공식통계,Y,물가,소비자 물가 상승률,"경제성장률, 물가 상승률, 한국은행, 물가 안정 목표치",-,-,-,,-,-,-,2025,-,Y,확정,2%,KOSIS_VALUE,hcx,소비자 물가 상승률,-,2025,Y,hcx,목표값,2,-,-,N,%,증감률,증가,전년,이런 가운데 정부는 소비자 물가 상승률도 한국은행의 물가 안정 목표치(2%)보다 낮은 1.8%로 내다봤다.,high,N,-,N,0,0,HCX-007,v1.6-prev2-context,2026-07-30,소비자 물가 상승률,,2025,Y,%,%,rate,rate_change,unspecified,2024,N,ROLE_NOT_DIRECT_TARGET,measurement_role=목표값,Y,MAP000263,,skipped_not_eligible,,,,,,,,,,,,,,,,,,,,,,,,,,,,,,,,,,,,,,,,,,,,,,,,
A0023-C007,A0023-C007-m1,A0023,정부 “올해 경제성장률 1.8%”… 한은 전망보다 더 낮췄다,2025-01-02,https://www.chosun.com/economy/economy_general/2025/01/02/FWT5PD42TZED7JTIXYCIECCFRE,성장률과 물가 상승률이 모두 1%대에 머무른다는 정부 전망이 현실화될 경우 경기 침체 우려가 커질 수 있다.,이런 가운데 정부는 소비자 물가 상승률도 한국은행의 물가 안정 목표치(2%)보다 낮은 1.8%로 내다봤다.,정부의 올해 성장률 전망치는 2~2.1%로 추정되는 잠재 성장률(생산 자원을 모두 투입했을 때 물가 상승 없이 최대한 달성할 수 있는 성장률)보다 낮다.,전망·목표,N,재정·조세,경제성장률,"정부, 경제성장률, 물가 상승률, 경기 침체 우려",-,-,-,,-,-,-,2025,-,Y,확정,1%,KOSIS_VALUE,hcx,경제성장률,-,2025,Y,hcx,현재값,1,-,-,N,%,증감률,증가,전년,성장률과 물가 상승률이 모두 1%대에 머무른다는 정부 전망이 현실화될 경우 경기 침체 우려가 커질 수 있다.,mid,N,-,N,0,0,HCX-007,v1.6-prev2-context,2026-07-30,경제성장률,,2025,Y,%,%,rate,rate_change,unspecified,2024,N,OUT_OF_KOSIS_SCOPE,claim_domain_scope=전망·목표,Y,MAP000264,,skipped_not_eligible,,,,,,,,,,,,,,,,,,,,,,,,,,,,,,,,,,,,,,,,,,,,,,,,
A0023-C009,-,A0023,정부 “올해 경제성장률 1.8%”… 한은 전망보다 더 낮췄다,2025-01-02,https://www.chosun.com/economy/economy_general/2025/01/02/FWT5PD42TZED7JTIXYCIECCFRE,◇”수출 꺾이고 건설 계속 안 좋다” 정부는 성장률 전망치를 낮춘 가장 큰 이유로 수출 둔화를 꼽았다.,"정부는 지난달 30일 새해 경제정책방향을 발표할 계획이었는데, 하루 전 무안공항 제주항공 여객기 참사로 발표를 사흘 미뤘다.",성장률과 물가 상승률이 모두 1%대에 머무른다는 정부 전망이 현실화될 경우 경기 침체 우려가 커질 수 있다.,전망·목표,N,생산·산업,경제성장률,-,-,-,-,,-,-,-,,-,,확정,-,-,-,-,-,-,-,-,-,-,-,-,-,,-,-,-,"""수출 꺾이고 건설 계속 안 좋다"" 정부는 성장률 전망치를 낮춘 가장 큰 이유로 수출 둔화를 꼽았다.",mid,N,-,N,0,0,HCX-007,v1.6-prev2-context,2026-07-30,경제성장률,,2025,Y,,,unknown,level,unspecified,,N,NO_MEASUREMENT,측정값 없는 placeholder,Y,MAP000265,,skipped_not_eligible,,,,,,,,,,,,,,,,,,,,,,,,,,,,,,,,,,,,,,,,,,,,,,,,
A0023-C010,A0023-C010-m1,A0023,정부 “올해 경제성장률 1.8%”… 한은 전망보다 더 낮췄다,2025-01-02,https://www.chosun.com/economy/economy_general/2025/01/02/FWT5PD42TZED7JTIXYCIECCFRE,기재부는 반도체 등 주력 수출 업종의 경쟁 심화와 관세 장벽 강화를 내세운 미국의 트럼프 2기 행정부 출범 등으로 수출 증가율이 작년 8.2%에서 올해 1.5%로 쪼그라들 것으로 봤다.,◇”수출 꺾이고 건설 계속 안 좋다” 정부는 성장률 전망치를 낮춘 가장 큰 이유로 수출 둔화를 꼽았다.,"정부는 지난달 30일 새해 경제정책방향을 발표할 계획이었는데, 하루 전 무안공항 제주항공 여객기 참사로 발표를 사흘 미뤘다.",전망·목표,N,무역,수출증가율,"경제성장률, 수출, 반도체",-,-,-,반도체,-,-,-,2024,-,Y,확정,작년 8.2%,KOSIS_VALUE,hcx,수출증가율,반도체,2024,Y,hcx,이전값,8.2,-,-,N,%,증감률,증가,전년,"""기재부는 반도체 등 주력 수출 업종의 경쟁 심화와 관세 장벽 강화를 내세운 미국의 트럼프 2기 행정부 출범 등으로 수출 증가율이 작년 8.2%에서 올해 1.5%로 쪼그라들 것으로 봤다.""",high,N,-,N,0,0,HCX-007,v1.6-prev2-context,2026-07-30,수출증가율,반도체,2025,Y,%,%,rate,rate_change,item,2023,N,OUT_OF_KOSIS_SCOPE,claim_domain_scope=전망·목표,Y,MAP000266,,skipped_not_eligible,,,,,,,,,,,,,,,,,,,,,,,,,,,,,,,,,,,,,,,,,,,,,,,,
A0023-C010,A0023-C010-m2,A0023,정부 “올해 경제성장률 1.8%”… 한은 전망보다 더 낮췄다,2025-01-02,https://www.chosun.com/economy/economy_general/2025/01/02/FWT5PD42TZED7JTIXYCIECCFRE,기재부는 반도체 등 주력 수출 업종의 경쟁 심화와 관세 장벽 강화를 내세운 미국의 트럼프 2기 행정부 출범 등으로 수출 증가율이 작년 8.2%에서 올해 1.5%로 쪼그라들 것으로 봤다.,◇”수출 꺾이고 건설 계속 안 좋다” 정부는 성장률 전망치를 낮춘 가장 큰 이유로 수출 둔화를 꼽았다.,"정부는 지난달 30일 새해 경제정책방향을 발표할 계획이었는데, 하루 전 무안공항 제주항공 여객기 참사로 발표를 사흘 미뤘다.",전망·목표,N,무역,수출증가율,"경제성장률, 수출, 반도체",-,-,-,반도체,-,-,-,2025,-,Y,확정,올해 1.5%,KOSIS_VALUE,hcx,수출증가율,반도체,2025,Y,hcx,현재값,1.5,-,-,N,%,증감률,증가,전년,"""기재부는 반도체 등 주력 수출 업종의 경쟁 심화와 관세 장벽 강화를 내세운 미국의 트럼프 2기 행정부 출범 등으로 수출 증가율이 작년 8.2%에서 올해 1.5%로 쪼그라들 것으로 봤다.""",high,N,-,N,0,0,HCX-007,v1.6-prev2-context,2026-07-30,수출증가율,반도체,2025,Y,%,%,rate,rate_change,item,2024,N,OUT_OF_KOSIS_SCOPE,claim_domain_scope=전망·목표,Y,MAP000267,,skipped_not_eligible,,,,,,,,,,,,,,,,,,,,,,,,,,,,,,,,,,,,,,,,,,,,,,,,
A0023-C011,A0023-C011-m1,A0023,정부 “올해 경제성장률 1.8%”… 한은 전망보다 더 낮췄다,2025-01-02,https://www.chosun.com/economy/economy_general/2025/01/02/FWT5PD42TZED7JTIXYCIECCFRE,정부가 이날 발표한 새해 수출 증가율 전망치는 6개월 전 전망(6%)과 비교해도 4분의 1 수준이다.,기재부는 반도체 등 주력 수출 업종의 경쟁 심화와 관세 장벽 강화를 내세운 미국의 트럼프 2기 행정부 출범 등으로 수출 증가율이 작년 8.2%에서 올해 1.5%로 쪼그라들 것으로 봤다.,◇”수출 꺾이고 건설 계속 안 좋다” 정부는 성장률 전망치를 낮춘 가장 큰 이유로 수출 둔화를 꼽았다.,전망·목표,N,무역,기간,"경제성장률, 수출 증가율, 반도체",-,-,-,반도체,-,-,-,2025,-,Y,확정,6개월,CONTEXT,hcx,기간,반도체,2025,Y,claim_fallback,참고값,6,-,-,N,개월,수준값,증가,-,정부가 이날 발표한 새해 수출 증가율 전망치는 6개월 전 전망(6%)과 비교해도 4분의 1 수준이다.,high,Y,measurement_binding_fallback:1,Y,0,1,HCX-007,v1.6-prev2-context,2026-07-30,수출 증가율,반도체,2025,Y,개월,개월,duration,condition,item,,N,NOT_KOSIS_VALUE,measurement_usage=CONTEXT,Y,MAP000268,,skipped_not_eligible,,,,,,,,,,,,,,,,,,,,,,,,,,,,,,,,,,,,,,,,,,,,,,,,
A0023-C011,A0023-C011-m2,A0023,정부 “올해 경제성장률 1.8%”… 한은 전망보다 더 낮췄다,2025-01-02,https://www.chosun.com/economy/economy_general/2025/01/02/FWT5PD42TZED7JTIXYCIECCFRE,정부가 이날 발표한 새해 수출 증가율 전망치는 6개월 전 전망(6%)과 비교해도 4분의 1 수준이다.,기재부는 반도체 등 주력 수출 업종의 경쟁 심화와 관세 장벽 강화를 내세운 미국의 트럼프 2기 행정부 출범 등으로 수출 증가율이 작년 8.2%에서 올해 1.5%로 쪼그라들 것으로 봤다.,◇”수출 꺾이고 건설 계속 안 좋다” 정부는 성장률 전망치를 낮춘 가장 큰 이유로 수출 둔화를 꼽았다.,전망·목표,N,무역,수출 증가율,"경제성장률, 수출 증가율, 반도체",-,-,-,반도체,-,-,-,2024,-,Y,확정,6%,KOSIS_VALUE,hcx,수출 증가율,반도체,2024,Y,hcx,이전값,6,-,-,N,%,증감률,증가,전년,정부가 이날 발표한 새해 수출 증가율 전망치는 6개월 전 전망(6%)과 비교해도 4분의 1 수준이다.,high,Y,measurement_binding_fallback:1,Y,0,1,HCX-007,v1.6-prev2-context,2026-07-30,수출 증가율,반도체,2025,Y,%,%,rate,rate_change,item,2023,N,OUT_OF_KOSIS_SCOPE,claim_domain_scope=전망·목표,Y,MAP000269,,skipped_not_eligible,,,,,,,,,,,,,,,,,,,,,,,,,,,,,,,,,,,,,,,,,,,,,,,,
A0023-C015,-,A0023,정부 “올해 경제성장률 1.8%”… 한은 전망보다 더 낮췄다,2025-01-02,https://www.chosun.com/economy/economy_general/2025/01/02/FWT5PD42TZED7JTIXYCIECCFRE,"김범석 기재부 1차관은 “내수는 고물가·고금리 완화에도 불구하고 건설 부진, 경제심리 위축이 회복을 제약할 것으로 예상된다”고 했다.",건설 경기 등 내수 부진이 한동안 이어질 것이라는 점도 정부가 새해 경제를 비관적으로 본 또다른 이유다.,기재부는 우리나라 주력 수출 품목인 메모리반도체의 매출 성장세가 올해 13.4%로 작년(81%)의 16.5% 수준으로 쪼그라들 것이라는 세계반도체무역통계기구(WSTS)의 최근 전망을 인용하기도 했다.,전망·목표,N,재정·조세,경제성장률,-,-,-,-,,-,-,-,,-,,확정,-,-,-,-,-,-,-,-,-,-,-,-,-,,-,-,-,"""김범석 기재부 1차관은 ""내수는 고물가·고금리 완화에도 불구하고 건설 부진, 경제심리 위축이 회복을 제약할 것으로 예상된다""고 했다.""",high,N,-,N,0,0,HCX-007,v1.6-prev2-context,2026-07-30,경제성장률,,2025,Y,,,unknown,level,unspecified,,N,NO_MEASUREMENT,측정값 없는 placeholder,Y,MAP000270,,skipped_not_eligible,,,,,,,,,,,,,,,,,,,,,,,,,,,,,,,,,,,,,,,,,,,,,,,,
A0023-C016,A0023-C016-m1,A0023,정부 “올해 경제성장률 1.8%”… 한은 전망보다 더 낮췄다,2025-01-02,https://www.chosun.com/economy/economy_general/2025/01/02/FWT5PD42TZED7JTIXYCIECCFRE,◇계엄 파문 전 한은 전망보다 낮아 정부의 새해 성장률 전망치는 지난달 3일 비상 계엄 파문 직전 나온 한국은행 전망보다도 0.1%포인트 낮다.,"김범석 기재부 1차관은 “내수는 고물가·고금리 완화에도 불구하고 건설 부진, 경제심리 위축이 회복을 제약할 것으로 예상된다”고 했다.",건설 경기 등 내수 부진이 한동안 이어질 것이라는 점도 정부가 새해 경제를 비관적으로 본 또다른 이유다.,전망·목표,N,재정·조세,경제성장률 차이,"정부, 올해, 경제성장률, 한은 전망",-,-,-,,-,-,-,2025,-,Y,확정,0.10%,KOSIS_VALUE,hcx,경제성장률 차이,-,2025,Y,hcx,현재값,0.1,-,-,N,%,비중,-,전년,정부의 새해 성장률 전망치는 지난달 3일 비상 계엄 파문 직전 나온 한국은행 전망보다도 0.1%포인트 낮다.,high,N,-,N,0,0,HCX-007,v1.6-prev2-context,2026-07-30,경제성장률,,2025,Y,%,%,rate,level,unspecified,,N,OUT_OF_KOSIS_SCOPE,claim_domain_scope=전망·목표,N,MAP000271,,skipped_not_eligible,,,,,,,,,,,,,,,,,,,,,,,,,,,,,,,,,,,,,,,,,,,,,,,,
A0023-C018,A0023-C018-m1,A0023,정부 “올해 경제성장률 1.8%”… 한은 전망보다 더 낮췄다,2025-01-02,https://www.chosun.com/economy/economy_general/2025/01/02/FWT5PD42TZED7JTIXYCIECCFRE,작년 성장률 전망치를 2.2%로 6개월 전(2.6%)에 비해 0.4%포인트 낮춰 잡은 것도 정국 불안에 따른 불확실성을 감안한 점이 일부 영향을 미쳤다고 김 차관은 전했다.,기재부는 한은보다 성장률 전망치를 낮춘 이유로 줄탄핵 등 정치적 불확실성을 들었다.,◇계엄 파문 전 한은 전망보다 낮아 정부의 새해 성장률 전망치는 지난달 3일 비상 계엄 파문 직전 나온 한국은행 전망보다도 0.1%포인트 낮다.,전망·목표,N,재정·조세,경제성장률,"정부, 올해, 경제성장률, 한은 전망, 낮췄다",-,-,-,,-,-,-,2025,-,Y,확정,2.20%,KOSIS_VALUE,hcx,경제성장률,-,2025,Y,hcx,현재값,2.2,-,-,N,%,수준값,유지,전년,작년 성장률 전망치를 2.2%로 6개월 전(2.6%)에 비해 0.4%포인트 낮춰 잡은 것도 정국 불안에 따른 불확실성을 감안한 점이 일부 영향을 미쳤다고 김 차관은 전했다.,high,N,-,Y,0,0,HCX-007,v1.6-prev2-context,2026-07-30,경제성장률,,2025,Y,%,%,rate,level,unspecified,,N,OUT_OF_KOSIS_SCOPE,claim_domain_scope=전망·목표,N,MAP000272,,skipped_not_eligible,,,,,,,,,,,,,,,,,,,,,,,,,,,,,,,,,,,,,,,,,,,,,,,,
A0023-C018,A0023-C018-m2,A0023,정부 “올해 경제성장률 1.8%”… 한은 전망보다 더 낮췄다,2025-01-02,https://www.chosun.com/economy/economy_general/2025/01/02/FWT5PD42TZED7JTIXYCIECCFRE,작년 성장률 전망치를 2.2%로 6개월 전(2.6%)에 비해 0.4%포인트 낮춰 잡은 것도 정국 불안에 따른 불확실성을 감안한 점이 일부 영향을 미쳤다고 김 차관은 전했다.,기재부는 한은보다 성장률 전망치를 낮춘 이유로 줄탄핵 등 정치적 불확실성을 들었다.,◇계엄 파문 전 한은 전망보다 낮아 정부의 새해 성장률 전망치는 지난달 3일 비상 계엄 파문 직전 나온 한국은행 전망보다도 0.1%포인트 낮다.,전망·목표,N,재정·조세,경제성장률,"정부, 올해, 경제성장률, 한은 전망, 낮췄다",-,-,-,,-,-,-,2024,-,Y,확정,2.60%,KOSIS_VALUE,hcx,경제성장률,-,2024,Y,hcx,현재값,2.6,-,-,N,%,수준값,감소,전년,작년 성장률 전망치를 2.2%로 6개월 전(2.6%)에 비해 0.4%포인트 낮춰 잡은 것도 정국 불안에 따른 불확실성을 감안한 점이 일부 영향을 미쳤다고 김 차관은 전했다.,high,N,-,Y,0,0,HCX-007,v1.6-prev2-context,2026-07-30,경제성장률,,2025,Y,%,%,rate,level,unspecified,,N,OUT_OF_KOSIS_SCOPE,claim_domain_scope=전망·목표,N,MAP000273,,skipped_not_eligible,,,,,,,,,,,,,,,,,,,,,,,,,,,,,,,,,,,,,,,,,,,,,,,,
A0023-C018,A0023-C018-m3,A0023,정부 “올해 경제성장률 1.8%”… 한은 전망보다 더 낮췄다,2025-01-02,https://www.chosun.com/economy/economy_general/2025/01/02/FWT5PD42TZED7JTIXYCIECCFRE,작년 성장률 전망치를 2.2%로 6개월 전(2.6%)에 비해 0.4%포인트 낮춰 잡은 것도 정국 불안에 따른 불확실성을 감안한 점이 일부 영향을 미쳤다고 김 차관은 전했다.,기재부는 한은보다 성장률 전망치를 낮춘 이유로 줄탄핵 등 정치적 불확실성을 들었다.,◇계엄 파문 전 한은 전망보다 낮아 정부의 새해 성장률 전망치는 지난달 3일 비상 계엄 파문 직전 나온 한국은행 전망보다도 0.1%포인트 낮다.,전망·목표,N,재정·조세,경제성장률 변화폭,"정부, 올해, 경제성장률, 한은 전망, 낮췄다",-,-,-,,-,-,-,2024,-,Y,확정,0.4%포인트,KOSIS_VALUE,hcx,경제성장률 변화폭,-,2024,Y,hcx,증감값,0.4,-,-,N,%,증감률,감소,전년,작년 성장률 전망치를 2.2%로 6개월 전(2.6%)에 비해 0.4%포인트 낮춰 잡은 것도 정국 불안에 따른 불확실성을 감안한 점이 일부 영향을 미쳤다고 김 차관은 전했다.,high,N,-,Y,0,0,HCX-007,v1.6-prev2-context,2026-07-30,경제성장률,,2025,Y,%,%,rate,rate_change,unspecified,2023,N,OUT_OF_KOSIS_SCOPE,claim_domain_scope=전망·목표,Y,MAP000274,,skipped_not_eligible,,,,,,,,,,,,,,,,,,,,,,,,,,,,,,,,,,,,,,,,,,,,,,,,
A0023-C018,A0023-C018-m4,A0023,정부 “올해 경제성장률 1.8%”… 한은 전망보다 더 낮췄다,2025-01-02,https://www.chosun.com/economy/economy_general/2025/01/02/FWT5PD42TZED7JTIXYCIECCFRE,작년 성장률 전망치를 2.2%로 6개월 전(2.6%)에 비해 0.4%포인트 낮춰 잡은 것도 정국 불안에 따른 불확실성을 감안한 점이 일부 영향을 미쳤다고 김 차관은 전했다.,기재부는 한은보다 성장률 전망치를 낮춘 이유로 줄탄핵 등 정치적 불확실성을 들었다.,◇계엄 파문 전 한은 전망보다 낮아 정부의 새해 성장률 전망치는 지난달 3일 비상 계엄 파문 직전 나온 한국은행 전망보다도 0.1%포인트 낮다.,전망·목표,N,재정·조세,기간,"정부, 올해, 경제성장률, 한은 전망, 낮췄다",-,-,-,,-,-,-,2024,-,M,확정,6개월,CONTEXT,hcx,기간,-,2024,M,hcx,참고값,6,-,-,N,개월,수준값,-,-,작년 성장률 전망치를 2.2%로 6개월 전(2.6%)에 비해 0.4%포인트 낮춰 잡은 것도 정국 불안에 따른 불확실성을 감안한 점이 일부 영향을 미쳤다고 김 차관은 전했다.,high,N,-,Y,0,0,HCX-007,v1.6-prev2-context,2026-07-30,경제성장률,,2025,Y,개월,개월,duration,condition,unspecified,,N,NOT_KOSIS_VALUE,measurement_usage=CONTEXT,Y,MAP000275,,skipped_not_eligible,,,,,,,,,,,,,,,,,,,,,,,,,,,,,,,,,,,,,,,,,,,,,,,,
A0023-C020,A0023-C020-m1,A0023,정부 “올해 경제성장률 1.8%”… 한은 전망보다 더 낮췄다,2025-01-02,https://www.chosun.com/economy/economy_general/2025/01/02/FWT5PD42TZED7JTIXYCIECCFRE,이창용 한국은행 총재도 같은 달 17일 국회 기획재정위원회 현안질의에서 “현재 통과된 예산안은 경제(성장률)에 마이너스(-) 0.06%포인트정도 영향이 있다”고 말했었다.,거대 야당인 더불어민주당 주도의 4조원대 감액 예산안이 지난달 10일 국회를 통과한 점도 한은보다 새해 경제를 어둡게 전망한 이유다.,작년 성장률 전망치를 2.2%로 6개월 전(2.6%)에 비해 0.4%포인트 낮춰 잡은 것도 정국 불안에 따른 불확실성을 감안한 점이 일부 영향을 미쳤다고 김 차관은 전했다.,전망·목표,N,재정·조세,경제성장률,"정부, 경제성장률, 한은, 전망치",-,-,-,,-,-,-,2025,-,Y,확정,0.06%,KOSIS_VALUE,hcx,경제성장률,-,2025,Y,hcx,현재값,0.06,-,-,N,%,비중,감소,전년,"이창용 한국은행 총재도 같은 달 17일 국회 기획재정위원회 현안질의에서 ""현재 통과된 예산안은 경제(성장률)에 마이너스(-) 0.06%포인트정도 영향이 있다""고 말했었다.",high,N,-,N,0,0,HCX-007,v1.6-prev2-context,2026-07-30,경제성장률,,2025,Y,%,%,rate,level,unspecified,,N,OUT_OF_KOSIS_SCOPE,claim_domain_scope=전망·목표,N,MAP000276,,skipped_not_eligible,,,,,,,,,,,,,,,,,,,,,,,,,,,,,,,,,,,,,,,,,,,,,,,,
A0023-C022,A0023-C022-m3,A0023,정부 “올해 경제성장률 1.8%”… 한은 전망보다 더 낮췄다,2025-01-02,https://www.chosun.com/economy/economy_general/2025/01/02/FWT5PD42TZED7JTIXYCIECCFRE,"지난달 30일 발표된 통계청의 ‘11월 산업활동동향’에 따르면, 생산은 작년 9월(-0.4%)·10월(-0.2%)·11월(-0.4%) 등 3개월 연속으로 전월 대비 감소했다.",최근 한달새 나온 각종 경기 지표가 부진한 모습을 보인 점도 정부의 보수적인 경기 전망에 한몫했다.,이창용 한국은행 총재도 같은 달 17일 국회 기획재정위원회 현안질의에서 “현재 통과된 예산안은 경제(성장률)에 마이너스(-) 0.06%포인트정도 영향이 있다”고 말했었다.,국내공식통계,Y,생산·산업,산업활동지수,"산업활동동향, 생산, 전월대비, 감소",-,-,-,,-,-,-,2024Q3-Q4,-,M,확정,3개월,CONTEXT,hcx,산업활동지수,-,2024Q3-Q4,M,hcx,참고값,3,-,-,N,개월,수준값,감소,-,"지난달 30일 발표된 통계청의 ‘11월 산업활동동향’에 따르면, 생산은 작년 9월(-0.4%)·10월(-0.2%)·11월(-0.4%) 등 3개월 연속으로 전월 대비 감소했다.",high,N,-,N,0,0,HCX-007,v1.6-prev2-context,2026-07-30,산업활동지수,,2024Q4,Q,개월,개월,duration,condition,unspecified,,N,NOT_KOSIS_VALUE,measurement_usage=CONTEXT,N,MAP000277,,skipped_not_eligible,,,,,,,,,,,,,,,,,,,,,,,,,,,,,,,,,,,,,,,,,,,,,,,,
A0023-C024,A0023-C024-m3,A0023,정부 “올해 경제성장률 1.8%”… 한은 전망보다 더 낮췄다,2025-01-02,https://www.chosun.com/economy/economy_general/2025/01/02/FWT5PD42TZED7JTIXYCIECCFRE,특히 건축·토목 공사 실적을 뜻하는 건설기성은 작년 11월 0.2% 감소해 5월(-4.6%)부터 7개월 연속 마이너스 행진을 이어갔다.,설비투자도 작년 10월(-5.9%)·11월(-1.6%) 등 2달 연속 감소했다.,"지난달 30일 발표된 통계청의 ‘11월 산업활동동향’에 따르면, 생산은 작년 9월(-0.4%)·10월(-0.2%)·11월(-0.4%) 등 3개월 연속으로 전월 대비 감소했다.",국내공식통계,Y,생산·산업,건설기성 마이너스 지속 기간,"건축·토목 공사 실적, 산업활동동향",-,-,-,,-,-,-,2024Q4,-,M,확정,7개월,CONTEXT,hcx,건설기성 마이너스 지속 기간,-,2024Q4,M,hcx,참고값,7,-,-,N,개월,수준값,감소,-,특히 건축·토목 공사 실적을 뜻하는 건설기성은 작년 11월 0.2% 감소해 5월(-4.6%)부터 7개월 연속 마이너스 행진을 이어갔다.,high,N,-,N,0,0,HCX-007,v1.6-prev2-context,2026-07-30,건설기성 증감률,,2024Q4,Q,개월,개월,duration,condition,unspecified,,N,NOT_KOSIS_VALUE,measurement_usage=CONTEXT,Y,MAP000278,,skipped_not_eligible,,,,,,,,,,,,,,,,,,,,,,,,,,,,,,,,,,,,,,,,,,,,,,,,
A0023-C027,-,A0023,정부 “올해 경제성장률 1.8%”… 한은 전망보다 더 낮췄다,2025-01-02,https://www.chosun.com/economy/economy_general/2025/01/02/FWT5PD42TZED7JTIXYCIECCFRE,◇잠재 성장률보다 낮은 올해 성장률 전망치 정부의 올해 성장률 전망치는 잠재 성장률보다도 낮다.,다만 11월 소매판매는 전년 동월과 비교하면 1.9% 줄어 부진한 흐름을 이어갔다.,소비 지표인 소매판매는 9월(-0.3%)과 10월(-0.8%) 2달 연속 감소하다가 11월 0.4% 증가세로 돌아섰다.,전망·목표,N,생산·산업,경제성장률,-,-,-,-,,-,-,-,,-,,확정,-,-,-,-,-,-,-,-,-,-,-,-,-,,-,-,-,정부의 올해 성장률 전망치는 잠재 성장률보다도 낮다.,mid,N,-,N,0,0,HCX-007,v1.6-prev2-context,2026-07-30,경제성장률,,2025,Y,,,unknown,level,unspecified,,N,NO_MEASUREMENT,측정값 없는 placeholder,Y,MAP000279,,skipped_not_eligible,,,,,,,,,,,,,,,,,,,,,,,,,,,,,,,,,,,,,,,,,,,,,,,,
A0023-C029,A0023-C029-m1,A0023,정부 “올해 경제성장률 1.8%”… 한은 전망보다 더 낮췄다,2025-01-02,https://www.chosun.com/economy/economy_general/2025/01/02/FWT5PD42TZED7JTIXYCIECCFRE,"정부의 작년 성장률 전망치는 2.2%로 주요 기관의 잠재 성장률 추정치를 웃돌지만, 내년 전망치는 잠재 성장률에 못 미친다.","경제협력개발기구(OECD)는 작년 기준 한국의 잠재 성장률을 2%, 국회 예산정책처는 올해 기준 우리나라 잠재 성장률을 2.1%로 보고 있다.",◇잠재 성장률보다 낮은 올해 성장률 전망치 정부의 올해 성장률 전망치는 잠재 성장률보다도 낮다.,전망·목표,N,재정·조세,경제성장률,"정부, 경제성장률, 전망치, 잠재 성장률",-,-,-,,-,-,-,2024,-,Y,확정,2.20%,KOSIS_VALUE,hcx,경제성장률,-,2024,Y,hcx,현재값,2.2,-,-,N,%,수준값,유지,전년,"정부의 작년 성장률 전망치는 2.2%로 주요 기관의 잠재 성장률 추정치를 웃돌지만, 내년 전망치는 잠재 성장률에 못 미친다.",high,N,-,N,0,0,HCX-007,v1.6-prev2-context,2026-07-30,경제성장률,,2025,Y,%,%,rate,level,unspecified,,N,OUT_OF_KOSIS_SCOPE,claim_domain_scope=전망·목표,Y,MAP000280,,skipped_not_eligible,,,,,,,,,,,,,,,,,,,,,,,,,,,,,,,,,,,,,,,,,,,,,,,,
A0023-C030,-,A0023,정부 “올해 경제성장률 1.8%”… 한은 전망보다 더 낮췄다,2025-01-02,https://www.chosun.com/economy/economy_general/2025/01/02/FWT5PD42TZED7JTIXYCIECCFRE,경기가 일시적으로 나쁜 것이 아니라 성장률이 경제의 기초 체력을 뜻하는 잠재 성장률에도 미치지 못하는 저성장 터널로 들어서고 있다는 우려가 나온다.,"정부의 작년 성장률 전망치는 2.2%로 주요 기관의 잠재 성장률 추정치를 웃돌지만, 내년 전망치는 잠재 성장률에 못 미친다.","경제협력개발기구(OECD)는 작년 기준 한국의 잠재 성장률을 2%, 국회 예산정책처는 올해 기준 우리나라 잠재 성장률을 2.1%로 보고 있다.",전망·목표,N,재정·조세,경제성장률,-,-,-,-,,-,-,-,,-,,확정,-,-,-,-,-,-,-,-,-,-,-,-,-,,-,-,-,"""정부 ""올해 경제성장률 1.8%""… 한은 전망보다 더 낮췄다""",high,N,-,N,0,0,HCX-007,v1.6-prev2-context,2026-07-30,경제성장률,,2025,Y,,,unknown,level,unspecified,,N,NO_MEASUREMENT,측정값 없는 placeholder,Y,MAP000281,,skipped_not_eligible,,,,,,,,,,,,,,,,,,,,,,,,,,,,,,,,,,,,,,,,,,,,,,,,
A0023-C031,A0023-C031-m4,A0023,정부 “올해 경제성장률 1.8%”… 한은 전망보다 더 낮췄다,2025-01-02,https://www.chosun.com/economy/economy_general/2025/01/02/FWT5PD42TZED7JTIXYCIECCFRE,"◇물가 상승률 전망도 물가안정 목표 밑돌아 정부는 올해 소비자 물가 상승률도 1.8%로 전망해, 6개월 전 전망치(2.1%)보다 0.3%포인트 낮춰잡았다.",경기가 일시적으로 나쁜 것이 아니라 성장률이 경제의 기초 체력을 뜻하는 잠재 성장률에도 미치지 못하는 저성장 터널로 들어서고 있다는 우려가 나온다.,"정부의 작년 성장률 전망치는 2.2%로 주요 기관의 잠재 성장률 추정치를 웃돌지만, 내년 전망치는 잠재 성장률에 못 미친다.",국내공식통계,Y,물가,물가 상승률,"경제성장률, 소비자 물가 상승률, 잠재 성장률",-,-,-,,-,-,-,2025,-,Y,확정,6개월,CONTEXT,rule_fallback,물가 상승률,-,2025,Y,rule_fallback,참고값,6,-,-,N,개월,수준값,증가,-,"◇물가 상승률 전망도 물가안정 목표 밑돌아 정부는 올해 소비자 물가 상승률도 1.8%로 전망해, 6개월 전 전망치(2.1%)보다 0.3%포인트 낮춰잡았다.",high,Y,measurement_rule_fallback:1,Y,1,0,HCX-007,v1.6-prev2-context,2026-07-30,물가 상승률,,2025,Y,개월,개월,duration,rate_change,unspecified,,N,NOT_KOSIS_VALUE,measurement_usage=CONTEXT,N,MAP000282,,skipped_not_eligible,,,,,,,,,,,,,,,,,,,,,,,,,,,,,,,,,,,,,,,,,,,,,,,,
A0023-C032,A0023-C032-m1,A0023,정부 “올해 경제성장률 1.8%”… 한은 전망보다 더 낮췄다,2025-01-02,https://www.chosun.com/economy/economy_general/2025/01/02/FWT5PD42TZED7JTIXYCIECCFRE,작년 11월말 한국은행 전망치(1.9%)보다도 0.1%포인트 낮다.,"◇물가 상승률 전망도 물가안정 목표 밑돌아 정부는 올해 소비자 물가 상승률도 1.8%로 전망해, 6개월 전 전망치(2.1%)보다 0.3%포인트 낮춰잡았다.",경기가 일시적으로 나쁜 것이 아니라 성장률이 경제의 기초 체력을 뜻하는 잠재 성장률에도 미치지 못하는 저성장 터널로 들어서고 있다는 우려가 나온다.,전망·목표,N,재정·조세,경제성장률,"정부, 경제성장률, 한국은행, 전망치",-,-,-,,-,-,-,2025,-,Y,확정,1.90%,KOSIS_VALUE,hcx,경제성장률,-,2025,Y,hcx,현재값,1.9,-,-,N,%,비중,감소,전년,작년 11월말 한국은행 전망치(1.9%)보다도 0.1%포인트 낮다.,high,N,-,N,0,0,HCX-007,v1.6-prev2-context,2026-07-30,경제성장률,,2025,Y,%,%,rate,level,unspecified,,N,OUT_OF_KOSIS_SCOPE,claim_domain_scope=전망·목표,N,MAP000283,,skipped_not_eligible,,,,,,,,,,,,,,,,,,,,,,,,,,,,,,,,,,,,,,,,,,,,,,,,
A0023-C032,A0023-C032-m2,A0023,정부 “올해 경제성장률 1.8%”… 한은 전망보다 더 낮췄다,2025-01-02,https://www.chosun.com/economy/economy_general/2025/01/02/FWT5PD42TZED7JTIXYCIECCFRE,작년 11월말 한국은행 전망치(1.9%)보다도 0.1%포인트 낮다.,"◇물가 상승률 전망도 물가안정 목표 밑돌아 정부는 올해 소비자 물가 상승률도 1.8%로 전망해, 6개월 전 전망치(2.1%)보다 0.3%포인트 낮춰잡았다.",경기가 일시적으로 나쁜 것이 아니라 성장률이 경제의 기초 체력을 뜻하는 잠재 성장률에도 미치지 못하는 저성장 터널로 들어서고 있다는 우려가 나온다.,전망·목표,N,재정·조세,경제성장률 차이,"정부, 경제성장률, 한국은행, 전망치",-,-,-,,-,-,-,2025,-,Y,확정,0.10%,KOSIS_VALUE,hcx,경제성장률 차이,-,2025,Y,hcx,현재값,0.1,-,-,N,%,비중,감소,전년동월,작년 11월말 한국은행 전망치(1.9%)보다도 0.1%포인트 낮다.,high,N,-,N,0,0,HCX-007,v1.6-prev2-context,2026-07-30,경제성장률,,2025,Y,%,%,rate,level,unspecified,,N,OUT_OF_KOSIS_SCOPE,claim_domain_scope=전망·목표,N,MAP000284,,skipped_not_eligible,,,,,,,,,,,,,,,,,,,,,,,,,,,,,,,,,,,,,,,,,,,,,,,,
A0023-C033,A0023-C033-m3,A0023,정부 “올해 경제성장률 1.8%”… 한은 전망보다 더 낮췄다,2025-01-02,https://www.chosun.com/economy/economy_general/2025/01/02/FWT5PD42TZED7JTIXYCIECCFRE,정부 전망대로 1%대 물가 상승률이 현실화활 경우 코로나 대유행 여파로 물가 상승률이 0.5%에 그쳤던 2020년 이후 5년 만에 처음으로 한국은행의 물가 안정 목표치를 밑돌게 된다.,작년 11월말 한국은행 전망치(1.9%)보다도 0.1%포인트 낮다.,"◇물가 상승률 전망도 물가안정 목표 밑돌아 정부는 올해 소비자 물가 상승률도 1.8%로 전망해, 6개월 전 전망치(2.1%)보다 0.3%포인트 낮춰잡았다.",국내공식통계,N,물가,기간,"경제성장률, 물가 상승률, 한국은행, 물가 안정 목표",-,-,-,,-,-,-,2020,-,Y,확정,5년,CONTEXT,hcx,기간,-,2020,Y,hcx,참고값,5,-,-,N,년,수준값,증가,-,정부 전망대로 1%대 물가 상승률이 현실화활 경우 코로나 대유행 여파로 물가 상승률이 0.5%에 그쳤던 2020년 이후 5년 만에 처음으로 한국은행의 물가 안정 목표치를 밑돌게 된다.,high,N,-,N,0,0,HCX-007,v1.6-prev2-context,2026-07-30,물가 상승률,,2025,Y,년,년,duration,condition,unspecified,,N,NOT_KOSIS_VALUE,measurement_usage=CONTEXT,Y,MAP000285,,skipped_not_eligible,,,,,,,,,,,,,,,,,,,,,,,,,,,,,,,,,,,,,,,,,,,,,,,,
A0023-C035,-,A0023,정부 “올해 경제성장률 1.8%”… 한은 전망보다 더 낮췄다,2025-01-02,https://www.chosun.com/economy/economy_general/2025/01/02/FWT5PD42TZED7JTIXYCIECCFRE,"경기 둔화 속 저물가는 투자와 고용 감소, 실업자 증가, 가계소득 감소, 소비 침체 등 악순환으로 이어질 수 있다.",오일 쇼크나 외환 위기 코로나 팬데믹 같은 외부 충격이 없는데도 성장률이 잠재 성장률을 따라잡지 못하고 물가 상승률마저 한은 목표치에 못 미치는 상황은 경기침체의 전조로 해석될 수 있다.,정부 전망대로 1%대 물가 상승률이 현실화활 경우 코로나 대유행 여파로 물가 상승률이 0.5%에 그쳤던 2020년 이후 5년 만에 처음으로 한국은행의 물가 안정 목표치를 밑돌게 된다.,전망·목표,N,재정·조세,,-,-,-,-,,-,-,-,,-,,확정,-,-,-,-,-,-,-,-,-,-,-,-,-,,-,-,-,"""경기 둔화 속 저물가는 투자와 고용 감소, 실업자 증가, 가계소득 감소, 소비 침체 등 악순환으로 이어질 수 있다.""",low,Y,-,N,0,0,HCX-007,v1.6-prev2-context,2026-07-30,,,2025,Y,,,unknown,level,unspecified,,N,NO_MEASUREMENT,측정값 없는 placeholder,Y,MAP000286,,skipped_not_eligible,,,,,,,,,,,,,,,,,,,,,,,,,,,,,,,,,,,,,,,,,,,,,,,,
A0023-C036,A0023-C036-m1,A0023,정부 “올해 경제성장률 1.8%”… 한은 전망보다 더 낮췄다,2025-01-02,https://www.chosun.com/economy/economy_general/2025/01/02/FWT5PD42TZED7JTIXYCIECCFRE,성장률과 물가 상승률이 모두 2%를 밑돈 경우는 2020년이 마지막이었다.,"경기 둔화 속 저물가는 투자와 고용 감소, 실업자 증가, 가계소득 감소, 소비 침체 등 악순환으로 이어질 수 있다.",오일 쇼크나 외환 위기 코로나 팬데믹 같은 외부 충격이 없는데도 성장률이 잠재 성장률을 따라잡지 못하고 물가 상승률마저 한은 목표치에 못 미치는 상황은 경기침체의 전조로 해석될 수 있다.,전망·목표,N,재정·조세,경제성장률,"경제성장률, 물가 상승률",-,-,-,,-,-,-,2025,-,Y,확정,2%,KOSIS_VALUE,hcx,경제성장률,-,2025,Y,hcx,증감률,2,-,-,N,%,증감률,증가,전년동기,"""성장률과 물가 상승률이 모두 2%를 밑돈 경우는 2020년이 마지막이었다.""",high,N,-,N,0,0,HCX-007,v1.6-prev2-context,2026-07-30,경제성장률,,2025,Y,%,%,rate,rate_change,unspecified,2024,N,OUT_OF_KOSIS_SCOPE,claim_domain_scope=전망·목표,N,MAP000287,,skipped_not_eligible,,,,,,,,,,,,,,,,,,,,,,,,,,,,,,,,,,,,,,,,,,,,,,,,
A0023-C037,A0023-C037-m1,A0023,정부 “올해 경제성장률 1.8%”… 한은 전망보다 더 낮췄다,2025-01-02,https://www.chosun.com/economy/economy_general/2025/01/02/FWT5PD42TZED7JTIXYCIECCFRE,저출산·고령화 장기화로 생산연령인구(15~64세)가 줄어드는 가운데 경기 부진세가 이어지면서 올해 취업자 수도 12만명 늘어나는 데 그칠 것으로 정부는 전망했다.,성장률과 물가 상승률이 모두 2%를 밑돈 경우는 2020년이 마지막이었다.,"경기 둔화 속 저물가는 투자와 고용 감소, 실업자 증가, 가계소득 감소, 소비 침체 등 악순환으로 이어질 수 있다.",전망·목표,N,고용,취업자 수,"저출산, 고령화, 생산연령인구, 경기 부진세, 전망",-,-,-,,-,-,-,2025,-,Y,확정,12만명,KOSIS_VALUE,hcx,취업자 수,-,2025,Y,hcx,현재값,120000,-,-,N,명,수준값,증가,전년,정부는 올해 취업자 수가 12만명 늘어나는 데 그칠 것으로 전망했다.,high,Y,measurement_binding_fallback:2,Y,0,2,HCX-007,v1.6-prev2-context,2026-07-30,취업자 수,,2025,Y,명,명,person_count,count,person,,N,OUT_OF_KOSIS_SCOPE,claim_domain_scope=전망·목표,N,MAP000288,,skipped_not_eligible,,,,,,,,,,,,,,,,,,,,,,,,,,,,,,,,,,,,,,,,,,,,,,,,
A0023-C037,A0023-C037-m2,A0023,정부 “올해 경제성장률 1.8%”… 한은 전망보다 더 낮췄다,2025-01-02,https://www.chosun.com/economy/economy_general/2025/01/02/FWT5PD42TZED7JTIXYCIECCFRE,저출산·고령화 장기화로 생산연령인구(15~64세)가 줄어드는 가운데 경기 부진세가 이어지면서 올해 취업자 수도 12만명 늘어나는 데 그칠 것으로 정부는 전망했다.,성장률과 물가 상승률이 모두 2%를 밑돈 경우는 2020년이 마지막이었다.,"경기 둔화 속 저물가는 투자와 고용 감소, 실업자 증가, 가계소득 감소, 소비 침체 등 악순환으로 이어질 수 있다.",전망·목표,N,고용,생산연령인구,"저출산, 고령화, 생산연령인구, 경기 부진세, 전망",-,-,-,,-,-,-,2025,-,Y,확정,15세,CONDITION,hcx,생산연령인구,-,2025,Y,claim_fallback,참고값,15,-,-,N,세,수준값,-,-,정부는 올해 취업자 수가 12만명 늘어나는 데 그칠 것으로 전망했다.,high,Y,measurement_binding_fallback:2,Y,0,2,HCX-007,v1.6-prev2-context,2026-07-30,취업자 수,,2025,Y,세,세,age,condition,person,,N,NOT_KOSIS_VALUE,measurement_usage=CONDITION,Y,MAP000289,,skipped_not_eligible,,,,,,,,,,,,,,,,,,,,,,,,,,,,,,,,,,,,,,,,,,,,,,,,
A0023-C037,A0023-C037-m3,A0023,정부 “올해 경제성장률 1.8%”… 한은 전망보다 더 낮췄다,2025-01-02,https://www.chosun.com/economy/economy_general/2025/01/02/FWT5PD42TZED7JTIXYCIECCFRE,저출산·고령화 장기화로 생산연령인구(15~64세)가 줄어드는 가운데 경기 부진세가 이어지면서 올해 취업자 수도 12만명 늘어나는 데 그칠 것으로 정부는 전망했다.,성장률과 물가 상승률이 모두 2%를 밑돈 경우는 2020년이 마지막이었다.,"경기 둔화 속 저물가는 투자와 고용 감소, 실업자 증가, 가계소득 감소, 소비 침체 등 악순환으로 이어질 수 있다.",전망·목표,N,고용,생산연령인구,"저출산, 고령화, 생산연령인구, 경기 부진세, 전망",-,-,-,,-,-,-,2025,-,Y,확정,64세,CONDITION,hcx,생산연령인구,-,2025,Y,claim_fallback,참고값,64,-,-,N,세,수준값,-,-,정부는 올해 취업자 수가 12만명 늘어나는 데 그칠 것으로 전망했다.,high,Y,measurement_binding_fallback:2,Y,0,2,HCX-007,v1.6-prev2-context,2026-07-30,취업자 수,,2025,Y,세,세,age,condition,person,,N,NOT_KOSIS_VALUE,measurement_usage=CONDITION,Y,MAP000290,,skipped_not_eligible,,,,,,,,,,,,,,,,,,,,,,,,,,,,,,,,,,,,,,,,,,,,,,,,
A0024-C003,-,A0024,"정부, 작년 세수 부족으로 韓銀서 170조원 빌려 썼다",2025-01-02,https://www.chosun.com/economy/economy_general/2025/01/02/LYWZZSQ6I5AVJDNTRW6KAK6ORY,이는 관련 통계를 확인할 수 있는 2011년 이후 역대 최대 규모다.,"1일 더불어민주당 임광현 의원이 한은에서 제출받은 자료에 따르면, 정부는 지난해 한은에서 누적으로 따져 총 173조원을 일시 차입했다.",정부가 지난해 세수 부족으로 한국은행에서 170조원 넘는 돈을 빌려 쓴 것으로 나타났다.,국내공식통계,N,재정·조세,정부 세수 부족으로 인한 한은 차입금,-,-,-,-,,-,-,-,,-,,확정,-,-,-,-,-,-,-,-,-,-,-,-,-,,-,-,-,이는 관련 통계를 확인할 수 있는 2011년 이후 역대 최대 규모다.,mid,N,-,N,0,0,HCX-007,v1.6-prev2-context,2026-07-30,정부 세수 부족으로 인한 한은 차입금,,2024,Y,,,unknown,level,unspecified,,N,NO_MEASUREMENT,측정값 없는 placeholder,Y,MAP000291,,skipped_not_eligible,,,,,,,,,,,,,,,,,,,,,,,,,,,,,,,,,,,,,,,,,,,,,,,,
A0024-C005,A0024-C005-m1,A0024,"정부, 작년 세수 부족으로 韓銀서 170조원 빌려 썼다",2025-01-02,https://www.chosun.com/economy/economy_general/2025/01/02/LYWZZSQ6I5AVJDNTRW6KAK6ORY,현재는 172조원을 상환하고 1조원 정도 남은 상태다.,종전 최대인 2023년의 117조6000억원보다 47% 늘었다.,이는 관련 통계를 확인할 수 있는 2011년 이후 역대 최대 규모다.,국내공식통계,N,재정·조세,정부 한국은행 차입금 잔액,"정부, 세수 부족, 한국은행, 차입금, 상환",-,-,-,,-,-,-,2025,-,Y,확정,172조원,KOSIS_VALUE,hcx,정부 한국은행 차입금 잔액,-,2025,Y,claim_fallback,현재값,1.72E+14,-,-,N,원,수준값,-,전년,현재는 172조원을 상환하고 1조원 정도 남은 상태다.,high,Y,measurement_binding_fallback:2;measurement_period_ungrounded:2,N,0,2,HCX-007,v1.6-prev2-context,2026-07-30,정부 한국은행 차입금 잔액,,2025,Y,원,원,currency,amount,unspecified,,N,BINDING_NOT_CONFIRMED,measurement_binding_source=claim_fallback,N,MAP000292,,skipped_not_eligible,,,,,,,,,,,,,,,,,,,,,,,,,,,,,,,,,,,,,,,,,,,,,,,,
A0024-C005,A0024-C005-m2,A0024,"정부, 작년 세수 부족으로 韓銀서 170조원 빌려 썼다",2025-01-02,https://www.chosun.com/economy/economy_general/2025/01/02/LYWZZSQ6I5AVJDNTRW6KAK6ORY,현재는 172조원을 상환하고 1조원 정도 남은 상태다.,종전 최대인 2023년의 117조6000억원보다 47% 늘었다.,이는 관련 통계를 확인할 수 있는 2011년 이후 역대 최대 규모다.,국내공식통계,N,재정·조세,정부 한국은행 차입금 잔액,"정부, 세수 부족, 한국은행, 차입금, 상환",-,-,-,,-,-,-,2025,-,Y,확정,1조원,KOSIS_VALUE,hcx,정부 한국은행 차입금 잔액,-,2025,Y,claim_fallback,현재값,1E+12,-,-,N,원,수준값,-,전년,현재는 172조원을 상환하고 1조원 정도 남은 상태다.,high,Y,measurement_binding_fallback:2;measurement_period_ungrounded:2,N,0,2,HCX-007,v1.6-prev2-context,2026-07-30,정부 한국은행 차입금 잔액,,2025,Y,원,원,currency,amount,unspecified,,N,BINDING_NOT_CONFIRMED,measurement_binding_source=claim_fallback,Y,MAP000293,,skipped_not_eligible,,,,,,,,,,,,,,,,,,,,,,,,,,,,,,,,,,,,,,,,,,,,,,,,
A0024-C008,-,A0024,"정부, 작년 세수 부족으로 韓銀서 170조원 빌려 썼다",2025-01-02,https://www.chosun.com/economy/economy_general/2025/01/02/LYWZZSQ6I5AVJDNTRW6KAK6ORY,정부가 한은 일시 대출을 많이 받을수록 세출에 비해 세입이 부족해 재원을 임시변통하는 일이 잦아졌다는 의미다.,"개인이 은행에서 마이너스 통장(신용한도 대출)을 열어놓고, 필요할 때 수시로 자금을 꺼내 쓰고 여윳돈이 생기면 갚는 것과 비슷하다.",한은의 대정부 일시 대출 제도는 정부가 회계연도 중 세입과 세출 간 시차에 따라 발생하는 일시적 자금 부족을 메우기 위해 활용하는 것이다.,국내공식통계,N,재정·조세,,-,-,-,-,,-,-,-,,-,,결측,-,-,-,-,-,-,-,-,-,-,-,-,-,,-,-,-,정부가 한은 일시 대출을 많이 받을수록 세출에 비해 세입이 부족해 재원을 임시변통하는 일이 잦아졌다는 의미다.,low,Y,-,N,0,0,HCX-007,v1.6-prev2-context,2026-07-30,,,,,,,unknown,level,unspecified,,N,NO_MEASUREMENT,측정값 없는 placeholder,Y,MAP000294,,skipped_not_eligible,,,,,,,,,,,,,,,,,,,,,,,,,,,,,,,,,,,,,,,,,,,,,,,,
A0026-C005,A0026-C005-m1,A0026,"선물환포지션 한도 풀고, 외화대출 규제도 완화",2025-01-02,https://www.chosun.com/economy/economy_general/2025/01/02/QWFKNTB7ZRARZGL4HKVD5NS234,연간으로 따지면 무려 172.1원이 올랐다.,"최근 미국 경제가 호조세를 보이고 있고, 트럼프 2기 행정부 출범과 국내 정치적 불안이 겹치면서 달러 대비 원화 환율은 지난달 말(30일) 오후 3시 30분 기준 1472.5원을 기록했다.",2일 기획재정부는 이 같은 내용이 담긴 외환시장 관련 ‘2025년 경제정책방향’을 발표했다.,해외통계·정책,N,금융·금리,달러 대비 원화 환율,"외환시장, 경제정책방향, 달러, 원화",-,-,-,,-,-,-,2025,-,Y,확정,172.1원,KOSIS_VALUE,hcx,달러 대비 원화 환율,-,2025,Y,hcx,현재값,172.1,-,-,N,원,수준값,증가,전년,연간으로 따지면 무려 172.1원이 올랐다.,high,N,-,N,0,0,HCX-007,v1.6-prev2-context,2026-07-30,달러 대비 원화 환율,,2025,Y,원,원,currency,amount,unspecified,,N,OUT_OF_KOSIS_SCOPE,claim_domain_scope=해외통계·정책,N,MAP000295,,skipped_not_eligible,,,,,,,,,,,,,,,,,,,,,,,,,,,,,,,,,,,,,,,,,,,,,,,,
A0026-C018,-,A0026,"선물환포지션 한도 풀고, 외화대출 규제도 완화",2025-01-02,https://www.chosun.com/economy/economy_general/2025/01/02/QWFKNTB7ZRARZGL4HKVD5NS234,원화용도 외화대출이 늘면 시장에 외환 공급이 늘어나 달러 대비 원화 환율을 끌어내리는 요인이 될 수 있다.,하지만 최근 원화가치 약세 현상이 두드러지면서 외화대출 제한을 완화할 필요가 있다는 주장에 힘이 실렸다.,원화로 환전하는 외화대출이 늘어날 경우 원화 수요가 증가해 원화 가치가 급등할 수 있다는 이유에서다.,해외통계·정책,N,금융·금리,,-,-,-,-,,-,-,-,,-,,모호,-,-,-,-,-,-,-,-,-,-,-,-,-,,-,-,-,원화용도 외화대출이 늘면 시장에 외환 공급이 늘어나 달러 대비 원화 환율을 끌어내리는 요인이 될 수 있다.,low,Y,-,N,0,0,HCX-007,v1.6-prev2-context,2026-07-30,,,,,,,unknown,level,unspecified,,N,NO_MEASUREMENT,측정값 없는 placeholder,Y,MAP000296,,skipped_not_eligible,,,,,,,,,,,,,,,,,,,,,,,,,,,,,,,,,,,,,,,,,,,,,,,,
A0028-C006,A0028-C006-m1,A0028,"현대차그룹 전기차 5종, 美 보조금 최대 7500달러 확정",2025-01-03,https://www.chosun.com/economy/auto/2025/01/03/JAOXUIC3JJEU7APKQ7W6OHYJRQ,"2023년에는 34개, 지난해에는 연말까지 50개 모델에 대해 혜택을 줬다.","1일(현지 시각) 미국 에너지부는 홈페이지에 올해 보조금을 지급받을 수 있는 전기차로 현대차 아이오닉5와 아이오닉9, 기아 EV6와 EV9, 제네시스 GV70 전동화 모델을 포함한 모델 25개를 공개했다.",하지만 지난해 10월부터 미국 조지아주 ‘현대차그룹 메타플랜트 아메리카(HMGMA)’가 가동을 시작하고 배터리 요건도 충족하면서 테슬라(9종)에 이어 둘째로 많은 5종이 목록에 이름을 올렸다.,해외통계·정책,N,재정·조세,보조금 지급 대상 전기차 모델 수,"전기차, 보조금, 미국",-,-,-,자동차,-,-,-,2023,-,Y,확정,34개,KOSIS_VALUE,hcx,보조금 지급 대상 전기차 모델 수,자동차,2023,Y,hcx,현재값,34,-,-,N,개,수준값,-,전년,"2023년에는 34개, 지난해에는 연말까지 50개 모델에 대해 혜택을 줬다.",high,N,-,N,0,0,HCX-007,v1.6-prev2-context,2026-07-30,보조금 지급 대상 전기차 모델 수,자동차,2023,Y,개,개,count,count,vehicle,,N,OUT_OF_KOSIS_SCOPE,claim_domain_scope=해외통계·정책,Y,MAP000297,,skipped_not_eligible,,,,,,,,,,,,,,,,,,,,,,,,,,,,,,,,,,,,,,,,,,,,,,,,
A0028-C006,A0028-C006-m2,A0028,"현대차그룹 전기차 5종, 美 보조금 최대 7500달러 확정",2025-01-03,https://www.chosun.com/economy/auto/2025/01/03/JAOXUIC3JJEU7APKQ7W6OHYJRQ,"2023년에는 34개, 지난해에는 연말까지 50개 모델에 대해 혜택을 줬다.","1일(현지 시각) 미국 에너지부는 홈페이지에 올해 보조금을 지급받을 수 있는 전기차로 현대차 아이오닉5와 아이오닉9, 기아 EV6와 EV9, 제네시스 GV70 전동화 모델을 포함한 모델 25개를 공개했다.",하지만 지난해 10월부터 미국 조지아주 ‘현대차그룹 메타플랜트 아메리카(HMGMA)’가 가동을 시작하고 배터리 요건도 충족하면서 테슬라(9종)에 이어 둘째로 많은 5종이 목록에 이름을 올렸다.,해외통계·정책,N,재정·조세,보조금 지급 대상 전기차 모델 수,"전기차, 보조금, 미국",-,-,-,자동차,-,-,-,2024,-,Y,확정,50개,KOSIS_VALUE,hcx,보조금 지급 대상 전기차 모델 수,자동차,2024,Y,hcx,현재값,50,-,-,N,개,수준값,-,전년,"2023년에는 34개, 지난해에는 연말까지 50개 모델에 대해 혜택을 줬다.",high,N,-,N,0,0,HCX-007,v1.6-prev2-context,2026-07-30,보조금 지급 대상 전기차 모델 수,자동차,2023,Y,개,개,count,count,vehicle,,N,OUT_OF_KOSIS_SCOPE,claim_domain_scope=해외통계·정책,Y,MAP000298,,skipped_not_eligible,,,,,,,,,,,,,,,,,,,,,,,,,,,,,,,,,,,,,,,,,,,,,,,,
A0029-C002,A0029-C002-m2,A0029,완성차 5사 판매량 3년만에 감소세로...내수 부진에 전기차 캐즘 본격화,2025-01-03,https://www.chosun.com/economy/auto/2025/01/03/N4AM2ZKHUBDXHOEEKGPMWO4Y2U,"작년 국내 완성차 업체들의 판매량이 2023년 대비 0.6% 줄며, 3년만에 감소세로 돌아섰다.",한국 경제의 내수와 수출을 떠받치던 자동차 산업이 전기차 캐즘(수요 정체) 영향권에 본격 접어들면서 실적 부진에 빠졌다.,,국내공식통계,N,소매·소비,완성차 판매량 감소 주기,"완성차, 판매량, 감소세, 전기차, 캐즘",-,-,-,완성차,-,-,-,2023,-,Y,확정,3년,CONTEXT,hcx,완성차 판매량 감소 주기,완성차,2023,Y,hcx,참고값,3,-,-,N,년,수준값,감소,전년동기,"작년 국내 완성차 업체들의 판매량이 2023년 대비 0.6% 줄며, 3년만에 감소세로 돌아섰다.",high,N,-,N,0,0,HCX-007,v1.6-prev2-context,2026-07-30,완성차 판매량 증감률,완성차,2024,Y,년,년,duration,condition,item,,N,NOT_KOSIS_VALUE,measurement_usage=CONTEXT,Y,MAP000299,,skipped_not_eligible,,,,,,,,,,,,,,,,,,,,,,,,,,,,,,,,,,,,,,,,,,,,,,,,
A0029-C004,A0029-C004-m2,A0029,완성차 5사 판매량 3년만에 감소세로...내수 부진에 전기차 캐즘 본격화,2025-01-03,https://www.chosun.com/economy/auto/2025/01/03/N4AM2ZKHUBDXHOEEKGPMWO4Y2U,"국내 완성차 5사(현대차, 기아, GM 한국사업장, KG모빌리티, 르노코리아)는 작년 794만7170대를 국내외에 판매했다고 3일 밝혔다.","경기 침체 속 내수 판매가 6%대 급감했고, 수출은 전체적으로 보합세를 보인 가운데 현대차와 르노코리아 등 판매량이 큰 폭으로 줄었다.","작년 국내 완성차 업체들의 판매량이 2023년 대비 0.6% 줄며, 3년만에 감소세로 돌아섰다.",국내공식통계,Y,소매·소비,판매사 수,"완성차, 5사, 판매량, 감소세, 내수 부진, 전기차, 캐즘",-,-,-,자동차,-,-,-,2024,-,Y,확정,5사,CONTEXT,hcx,판매사 수,자동차,2024,Y,hcx,참고값,5,-,-,N,개,수준값,-,-,"국내 완성차 5사(현대차, 기아, GM 한국사업장, KG모빌리티, 르노코리아)는 작년 794만7170대를 국내외에 판매했다고 3일 밝혔다.",high,N,-,N,0,0,HCX-007,v1.6-prev2-context,2026-07-30,완성차 판매량,자동차,2024,Y,사,개,count,count,vehicle,,N,NOT_KOSIS_VALUE,measurement_usage=CONTEXT,Y,MAP000300,,skipped_not_eligible,,,,,,,,,,,,,,,,,,,,,,,,,,,,,,,,,,,,,,,,,,,,,,,,
A0029-C006,A0029-C006-m1,A0029,완성차 5사 판매량 3년만에 감소세로...내수 부진에 전기차 캐즘 본격화,2025-01-03,https://www.chosun.com/economy/auto/2025/01/03/N4AM2ZKHUBDXHOEEKGPMWO4Y2U,작년 완성차 5사의 국내 판매는 하반기 신차를 낸 르노코리아를 제외하고 일제히 줄었다.,"국내 판매는 135만6706대로 전년 대비 6.4% 줄었고, 해외 판매는 658만4378대로 같은 기간 0.7% 늘었다.","국내 완성차 5사(현대차, 기아, GM 한국사업장, KG모빌리티, 르노코리아)는 작년 794만7170대를 국내외에 판매했다고 3일 밝혔다.",국내공식통계,Y,소매·소비,완성차 판매업체 수,"완성차, 5사, 내수, 전기차, 캐즘",-,-,-,,-,-,-,2024,-,Y,확정,5사,CONTEXT,hcx,완성차 판매업체 수,-,2024,Y,hcx,현재값,5,-,-,N,개,수준값,감소,전년,작년 완성차 5사의 국내 판매는 하반기 신차를 낸 르노코리아를 제외하고 일제히 줄었다.,mid,N,-,N,0,0,HCX-007,v1.6-prev2-context,2026-07-30,완성차 판매량,,2024,Y,사,개,count,count,organization,,N,NOT_KOSIS_VALUE,measurement_usage=CONTEXT,Y,MAP000301,,skipped_not_eligible,,,,,,,,,,,,,,,,,,,,,,,,,,,,,,,,,,,,,,,,,,,,,,,,
A0029-C010,A0029-C010-m1,A0029,완성차 5사 판매량 3년만에 감소세로...내수 부진에 전기차 캐즘 본격화,2025-01-03,https://www.chosun.com/economy/auto/2025/01/03/N4AM2ZKHUBDXHOEEKGPMWO4Y2U,작년 국내에서 현대차의 전기차 판매량은 1년 전보다 27.7%나 줄었다.,"해외 판매가 0.5% 줄었고, 국내 판매가 7.5% 급감했다.","현대차는 지난해 판매량이 414만 1791대로, 2023년 대비 1.8% 감소했다.",국내공식통계,Y,소매·소비,기간,"완성차, 판매량, 내수, 전기차, 캐즘",-,-,-,현대차,-,-,-,2024,-,Y,확정,1년,CONTEXT,hcx,기간,현대차,2024,Y,hcx,참고값,1,-,-,N,년,수준값,-,-,작년 국내에서 현대차의 전기차 판매량은 1년 전보다 27.7%나 줄었다.,high,N,-,Y,0,0,HCX-007,v1.6-prev2-context,2026-07-30,전기차 판매량,현대차,2024,Y,년,년,duration,condition,item,,N,NOT_KOSIS_VALUE,measurement_usage=CONTEXT,Y,MAP000302,,skipped_not_eligible,,,,,,,,,,,,,,,,,,,,,,,,,,,,,,,,,,,,,,,,,,,,,,,,
A0029-C011,A0029-C011-m1,A0029,완성차 5사 판매량 3년만에 감소세로...내수 부진에 전기차 캐즘 본격화,2025-01-03,https://www.chosun.com/economy/auto/2025/01/03/N4AM2ZKHUBDXHOEEKGPMWO4Y2U,기아는 작년 국내외에서 308만 9457대를 팔아 최고 판매 실적을 올린 2023년(308만7384대) 기록을 소폭 웃돌았다.,작년 국내에서 현대차의 전기차 판매량은 1년 전보다 27.7%나 줄었다.,"해외 판매가 0.5% 줄었고, 국내 판매가 7.5% 급감했다.",개별기업,Y,생산·산업,판매량,"완성차, 5사, 내수, 전기차, 캐즘",-,-,-,자동차,-,-,-,2024,-,Y,확정,308만 9457대,KOSIS_VALUE,hcx,판매량,자동차,2024,Y,hcx,현재값,9457,-,-,N,대,수준값,-,전년,기아는 작년 국내외에서 308만 9457대를 팔아 최고 판매 실적을 올린 2023년(308만7384대) 기록을 소폭 웃돌았다.,high,N,-,Y,0,0,HCX-007,v1.6-prev2-context,2026-07-30,판매량,자동차,2024,Y,대,대,count,count,vehicle,,N,OUT_OF_KOSIS_SCOPE,claim_domain_scope=개별기업,N,MAP000303,,skipped_not_eligible,,,,,,,,,,,,,,,,,,,,,,,,,,,,,,,,,,,,,,,,,,,,,,,,
A0029-C011,A0029-C011-m2,A0029,완성차 5사 판매량 3년만에 감소세로...내수 부진에 전기차 캐즘 본격화,2025-01-03,https://www.chosun.com/economy/auto/2025/01/03/N4AM2ZKHUBDXHOEEKGPMWO4Y2U,기아는 작년 국내외에서 308만 9457대를 팔아 최고 판매 실적을 올린 2023년(308만7384대) 기록을 소폭 웃돌았다.,작년 국내에서 현대차의 전기차 판매량은 1년 전보다 27.7%나 줄었다.,"해외 판매가 0.5% 줄었고, 국내 판매가 7.5% 급감했다.",개별기업,Y,생산·산업,판매량,"완성차, 5사, 내수, 전기차, 캐즘",-,-,-,자동차,-,-,-,2023,-,Y,확정,308만 7384대,KOSIS_VALUE,hcx,판매량,자동차,2023,Y,hcx,이전값,3087384,-,-,N,대,수준값,증가,전년,기아는 작년 국내외에서 308만 9457대를 팔아 최고 판매 실적을 올린 2023년(308만7384대) 기록을 소폭 웃돌았다.,high,N,-,Y,0,0,HCX-007,v1.6-prev2-context,2026-07-30,판매량,자동차,2024,Y,대,대,count,count,vehicle,,N,OUT_OF_KOSIS_SCOPE,claim_domain_scope=개별기업,Y,MAP000304,,skipped_not_eligible,,,,,,,,,,,,,,,,,,,,,,,,,,,,,,,,,,,,,,,,,,,,,,,,
A0029-C012,A0029-C012-m1,A0029,완성차 5사 판매량 3년만에 감소세로...내수 부진에 전기차 캐즘 본격화,2025-01-03,https://www.chosun.com/economy/auto/2025/01/03/N4AM2ZKHUBDXHOEEKGPMWO4Y2U,"해외 판매가 1% 늘었지만, 국내 판매량은 4.2% 줄었다.",기아는 작년 국내외에서 308만 9457대를 팔아 최고 판매 실적을 올린 2023년(308만7384대) 기록을 소폭 웃돌았다.,작년 국내에서 현대차의 전기차 판매량은 1년 전보다 27.7%나 줄었다.,국내공식통계,Y,소매·소비,해외 판매 증가율,"완성차, 5사, 내수, 전기차, 캐즘",-,-,-,완성차,-,-,-,2025-01-03,-,M,확정,1%,KOSIS_VALUE,hcx,해외 판매 증가율,완성차,2025-01-03,M,claim_fallback,증감률,1,-,-,N,%,증감률,증가,전년,"해외 판매가 1% 늘었지만, 국내 판매량은 4.2% 줄었다.",high,Y,measurement_binding_fallback:2;measurement_period_ungrounded:2,N,0,2,HCX-007,v1.6-prev2-context,2026-07-30,완성차 판매량,,2025-01-03,M,%,%,rate,rate_change,item,2024,N,BINDING_NOT_CONFIRMED,measurement_binding_source=claim_fallback,N,MAP000305,,skipped_not_eligible,,,,,,,,,,,,,,,,,,,,,,,,,,,,,,,,,,,,,,,,,,,,,,,,
A0029-C012,A0029-C012-m2,A0029,완성차 5사 판매량 3년만에 감소세로...내수 부진에 전기차 캐즘 본격화,2025-01-03,https://www.chosun.com/economy/auto/2025/01/03/N4AM2ZKHUBDXHOEEKGPMWO4Y2U,"해외 판매가 1% 늘었지만, 국내 판매량은 4.2% 줄었다.",기아는 작년 국내외에서 308만 9457대를 팔아 최고 판매 실적을 올린 2023년(308만7384대) 기록을 소폭 웃돌았다.,작년 국내에서 현대차의 전기차 판매량은 1년 전보다 27.7%나 줄었다.,국내공식통계,Y,소매·소비,국내 판매 감소율,"완성차, 5사, 내수, 전기차, 캐즘",-,-,-,완성차,-,-,-,2025-01-03,-,M,확정,4.20%,KOSIS_VALUE,hcx,국내 판매 감소율,완성차,2025-01-03,M,claim_fallback,증감률,4.2,-,-,N,%,증감률,감소,전년,"해외 판매가 1% 늘었지만, 국내 판매량은 4.2% 줄었다.",high,Y,measurement_binding_fallback:2;measurement_period_ungrounded:2,N,0,2,HCX-007,v1.6-prev2-context,2026-07-30,완성차 판매량,,2025-01-03,M,%,%,rate,rate_change,item,2024,N,BINDING_NOT_CONFIRMED,measurement_binding_source=claim_fallback,N,MAP000306,,skipped_not_eligible,,,,,,,,,,,,,,,,,,,,,,,,,,,,,,,,,,,,,,,,,,,,,,,,
A0029-C013,A0029-C013-m1,A0029,완성차 5사 판매량 3년만에 감소세로...내수 부진에 전기차 캐즘 본격화,2025-01-03,https://www.chosun.com/economy/auto/2025/01/03/N4AM2ZKHUBDXHOEEKGPMWO4Y2U,GM 한국사업장(-35.9%)과 KG모빌리티(-25.7%)도 내수 판매가 급감했다.,"해외 판매가 1% 늘었지만, 국내 판매량은 4.2% 줄었다.",기아는 작년 국내외에서 308만 9457대를 팔아 최고 판매 실적을 올린 2023년(308만7384대) 기록을 소폭 웃돌았다.,개별기업,Y,소매·소비,GM 판매량 변화율,"완성차, 5사, 내수, 전기차, 캐즘",-,-,-,GM,-,-,-,2024,-,Y,확정,35.90%,KOSIS_VALUE,hcx,GM 판매량 변화율,GM,2024,Y,hcx,현재값,35.9,-,-,N,%,증감률,감소,전년,GM 한국사업장(-35.9%)과 KG모빌리티(-25.7%)도 내수 판매가 급감했다.,high,N,-,N,0,0,HCX-007,v1.6-prev2-context,2026-07-30,판매량,자동차,2024,Y,%,%,rate,rate_change,item,2023,N,OUT_OF_KOSIS_SCOPE,claim_domain_scope=개별기업,N,MAP000307,,skipped_not_eligible,,,,,,,,,,,,,,,,,,,,,,,,,,,,,,,,,,,,,,,,,,,,,,,,
A0029-C013,A0029-C013-m2,A0029,완성차 5사 판매량 3년만에 감소세로...내수 부진에 전기차 캐즘 본격화,2025-01-03,https://www.chosun.com/economy/auto/2025/01/03/N4AM2ZKHUBDXHOEEKGPMWO4Y2U,GM 한국사업장(-35.9%)과 KG모빌리티(-25.7%)도 내수 판매가 급감했다.,"해외 판매가 1% 늘었지만, 국내 판매량은 4.2% 줄었다.",기아는 작년 국내외에서 308만 9457대를 팔아 최고 판매 실적을 올린 2023년(308만7384대) 기록을 소폭 웃돌았다.,개별기업,Y,소매·소비,KG모빌리티 판매량 변화율,"완성차, 5사, 내수, 전기차, 캐즘",-,-,-,KG모빌리티,-,-,-,2024,-,Y,확정,25.70%,KOSIS_VALUE,hcx,KG모빌리티 판매량 변화율,KG모빌리티,2024,Y,hcx,현재값,25.7,-,-,N,%,증감률,감소,전년,GM 한국사업장(-35.9%)과 KG모빌리티(-25.7%)도 내수 판매가 급감했다.,high,N,-,N,0,0,HCX-007,v1.6-prev2-context,2026-07-30,판매량,자동차,2024,Y,%,%,rate,rate_change,item,2023,N,OUT_OF_KOSIS_SCOPE,claim_domain_scope=개별기업,N,MAP000308,,skipped_not_eligible,,,,,,,,,,,,,,,,,,,,,,,,,,,,,,,,,,,,,,,,,,,,,,,,
A0029-C014,-,A0029,완성차 5사 판매량 3년만에 감소세로...내수 부진에 전기차 캐즘 본격화,2025-01-03,https://www.chosun.com/economy/auto/2025/01/03/N4AM2ZKHUBDXHOEEKGPMWO4Y2U,2023년 역대 최고 실적을 달성했던 수출도 성장세가 꺾였다.,GM 한국사업장(-35.9%)과 KG모빌리티(-25.7%)도 내수 판매가 급감했다.,"해외 판매가 1% 늘었지만, 국내 판매량은 4.2% 줄었다.",국내공식통계,Y,무역,수출 성장세,-,-,-,-,,-,-,-,,-,,확정,-,-,-,-,-,-,-,-,-,-,-,-,-,,-,-,-,2023년 역대 최고 실적을 달성했던 수출도 성장세가 꺾였다.,low,Y,-,Y,0,0,HCX-007,v1.6-prev2-context,2026-07-30,수출 성장세,,2023,Y,,,unknown,level,unspecified,,N,NO_MEASUREMENT,측정값 없는 placeholder,Y,MAP000309,,skipped_not_eligible,,,,,,,,,,,,,,,,,,,,,,,,,,,,,,,,,,,,,,,,,,,,,,,,
A0029-C015,A0029-C015-m1,A0029,완성차 5사 판매량 3년만에 감소세로...내수 부진에 전기차 캐즘 본격화,2025-01-03,https://www.chosun.com/economy/auto/2025/01/03/N4AM2ZKHUBDXHOEEKGPMWO4Y2U,지난해 GM 한국사업장은 해외에 2023년 대비 10.6% 증가한 47만 4735대를 판매했다.,2023년 역대 최고 실적을 달성했던 수출도 성장세가 꺾였다.,GM 한국사업장(-35.9%)과 KG모빌리티(-25.7%)도 내수 판매가 급감했다.,개별기업,N,무역,판매량 증가율,"완성차, 5사, 내수 부진, 전기차 캐즘",-,-,-,자동차,-,-,-,2023,-,Y,확정,10.60%,KOSIS_VALUE,hcx,판매량 증가율,자동차,2023,Y,hcx,증감률,10.6,-,-,N,%,증감률,증가,전년,지난해 GM 한국사업장은 해외에 2023년 대비 10.6% 증가한 47만 4735대를 판매했다.,high,N,-,Y,0,0,HCX-007,v1.6-prev2-context,2026-07-30,판매량,자동차,2024,Y,%,%,rate,rate_change,vehicle,2022,N,OUT_OF_KOSIS_SCOPE,claim_domain_scope=개별기업,Y,MAP000310,,skipped_not_eligible,,,,,,,,,,,,,,,,,,,,,,,,,,,,,,,,,,,,,,,,,,,,,,,,
A0029-C015,A0029-C015-m2,A0029,완성차 5사 판매량 3년만에 감소세로...내수 부진에 전기차 캐즘 본격화,2025-01-03,https://www.chosun.com/economy/auto/2025/01/03/N4AM2ZKHUBDXHOEEKGPMWO4Y2U,지난해 GM 한국사업장은 해외에 2023년 대비 10.6% 증가한 47만 4735대를 판매했다.,2023년 역대 최고 실적을 달성했던 수출도 성장세가 꺾였다.,GM 한국사업장(-35.9%)과 KG모빌리티(-25.7%)도 내수 판매가 급감했다.,개별기업,N,무역,판매량,"완성차, 5사, 내수 부진, 전기차 캐즘",-,-,-,자동차,-,-,-,2023,-,Y,확정,47만 4735대,KOSIS_VALUE,hcx,판매량,자동차,2023,Y,hcx,현재값,4735,-,-,N,대,수준값,증가,전년,지난해 GM 한국사업장은 해외에 2023년 대비 10.6% 증가한 47만 4735대를 판매했다.,high,N,-,Y,0,0,HCX-007,v1.6-prev2-context,2026-07-30,판매량,자동차,2024,Y,대,대,count,count,vehicle,,N,OUT_OF_KOSIS_SCOPE,claim_domain_scope=개별기업,N,MAP000311,,skipped_not_eligible,,,,,,,,,,,,,,,,,,,,,,,,,,,,,,,,,,,,,,,,,,,,,,,,
A0029-C016,A0029-C016-m1,A0029,완성차 5사 판매량 3년만에 감소세로...내수 부진에 전기차 캐즘 본격화,2025-01-03,https://www.chosun.com/economy/auto/2025/01/03/N4AM2ZKHUBDXHOEEKGPMWO4Y2U,KG모빌리티도 같은 기간 18.2% 늘어난 6만 2378대를 수출했다.,지난해 GM 한국사업장은 해외에 2023년 대비 10.6% 증가한 47만 4735대를 판매했다.,2023년 역대 최고 실적을 달성했던 수출도 성장세가 꺾였다.,개별기업,Y,무역,수출 증가율,"완성차, 5사, 내수, 전기차, 캐즘",-,-,-,자동차,-,-,-,2024,-,Y,확정,18.20%,KOSIS_VALUE,hcx,수출 증가율,자동차,2024,Y,hcx,증감률,18.2,-,-,N,%,증감률,증가,전년,KG모빌리티도 같은 기간 18.2% 늘어난 6만 2378대를 수출했다.,high,N,-,Y,0,0,HCX-007,v1.6-prev2-context,2026-07-30,수출량,자동차,2024,Y,%,%,rate,rate_change,vehicle,2023,N,OUT_OF_KOSIS_SCOPE,claim_domain_scope=개별기업,Y,MAP000312,,skipped_not_eligible,,,,,,,,,,,,,,,,,,,,,,,,,,,,,,,,,,,,,,,,,,,,,,,,
A0029-C016,A0029-C016-m2,A0029,완성차 5사 판매량 3년만에 감소세로...내수 부진에 전기차 캐즘 본격화,2025-01-03,https://www.chosun.com/economy/auto/2025/01/03/N4AM2ZKHUBDXHOEEKGPMWO4Y2U,KG모빌리티도 같은 기간 18.2% 늘어난 6만 2378대를 수출했다.,지난해 GM 한국사업장은 해외에 2023년 대비 10.6% 증가한 47만 4735대를 판매했다.,2023년 역대 최고 실적을 달성했던 수출도 성장세가 꺾였다.,개별기업,Y,무역,수출량,"완성차, 5사, 내수, 전기차, 캐즘",-,-,-,자동차,-,-,-,2024,-,Y,확정,6만 2378대,KOSIS_VALUE,hcx,수출량,자동차,2024,Y,hcx,현재값,2378,-,-,N,대,수준값,증가,전년,KG모빌리티도 같은 기간 18.2% 늘어난 6만 2378대를 수출했다.,high,N,-,Y,0,0,HCX-007,v1.6-prev2-context,2026-07-30,수출량,자동차,2024,Y,대,대,count,count,vehicle,,N,OUT_OF_KOSIS_SCOPE,claim_domain_scope=개별기업,N,MAP000313,,skipped_not_eligible,,,,,,,,,,,,,,,,,,,,,,,,,,,,,,,,,,,,,,,,,,,,,,,,
A0029-C017,A0029-C017-m1,A0029,완성차 5사 판매량 3년만에 감소세로...내수 부진에 전기차 캐즘 본격화,2025-01-03,https://www.chosun.com/economy/auto/2025/01/03/N4AM2ZKHUBDXHOEEKGPMWO4Y2U,"반면, 수출 1위인 현대차(-0.5%), 그리고 르노코리아(-18.4%) 판매가 줄면서 전체 수출은 보합세를 보였다.",KG모빌리티도 같은 기간 18.2% 늘어난 6만 2378대를 수출했다.,지난해 GM 한국사업장은 해외에 2023년 대비 10.6% 증가한 47만 4735대를 판매했다.,국내공식통계,Y,무역,완성차 판매량 순위,"완성차, 5사, 내수, 전기차, 캐즘",-,-,-,현대차,-,-,-,2025,-,Y,확정,1위,KOSIS_VALUE,hcx,완성차 판매량 순위,현대차,2025,Y,claim_fallback,현재값,1,-,-,N,위,순위,-,전년,"반면, 수출 1위인 현대차(-0.5%), 그리고 르노코리아(-18.4%) 판매가 줄면서 전체 수출은 보합세를 보였다.",high,Y,measurement_binding_fallback:3;measurement_period_ungrounded:3,Y,0,3,HCX-007,v1.6-prev2-context,2026-07-30,완성차 판매량,자동차,2025,Y,위,위,rank,rank,item,,N,BINDING_NOT_CONFIRMED,measurement_binding_source=claim_fallback,N,MAP000314,,skipped_not_eligible,,,,,,,,,,,,,,,,,,,,,,,,,,,,,,,,,,,,,,,,,,,,,,,,
A0029-C017,A0029-C017-m2,A0029,완성차 5사 판매량 3년만에 감소세로...내수 부진에 전기차 캐즘 본격화,2025-01-03,https://www.chosun.com/economy/auto/2025/01/03/N4AM2ZKHUBDXHOEEKGPMWO4Y2U,"반면, 수출 1위인 현대차(-0.5%), 그리고 르노코리아(-18.4%) 판매가 줄면서 전체 수출은 보합세를 보였다.",KG모빌리티도 같은 기간 18.2% 늘어난 6만 2378대를 수출했다.,지난해 GM 한국사업장은 해외에 2023년 대비 10.6% 증가한 47만 4735대를 판매했다.,국내공식통계,Y,무역,완성차 판매량 증감률,"완성차, 5사, 내수, 전기차, 캐즘",-,-,-,현대차,-,-,-,2025,-,Y,확정,현대차 (-0.5%),KOSIS_VALUE,hcx,완성차 판매량 증감률,현대차,2025,Y,claim_fallback,현재값,0.5,-,-,N,%,증감률,감소,전년,"반면, 수출 1위인 현대차(-0.5%), 그리고 르노코리아(-18.4%) 판매가 줄면서 전체 수출은 보합세를 보였다.",high,Y,measurement_binding_fallback:3;measurement_period_ungrounded:3,Y,0,3,HCX-007,v1.6-prev2-context,2026-07-30,완성차 판매량,자동차,2025,Y,%,%,rate,rate_change,item,2024,N,BINDING_NOT_CONFIRMED,measurement_binding_source=claim_fallback,N,MAP000315,,skipped_not_eligible,,,,,,,,,,,,,,,,,,,,,,,,,,,,,,,,,,,,,,,,,,,,,,,,
A0029-C017,A0029-C017-m3,A0029,완성차 5사 판매량 3년만에 감소세로...내수 부진에 전기차 캐즘 본격화,2025-01-03,https://www.chosun.com/economy/auto/2025/01/03/N4AM2ZKHUBDXHOEEKGPMWO4Y2U,"반면, 수출 1위인 현대차(-0.5%), 그리고 르노코리아(-18.4%) 판매가 줄면서 전체 수출은 보합세를 보였다.",KG모빌리티도 같은 기간 18.2% 늘어난 6만 2378대를 수출했다.,지난해 GM 한국사업장은 해외에 2023년 대비 10.6% 증가한 47만 4735대를 판매했다.,국내공식통계,Y,무역,완성차 판매량 증감률,"완성차, 5사, 내수, 전기차, 캐즘",-,-,-,르노코리아,-,-,-,2025,-,Y,확정,르노코리아 (-18.4%),KOSIS_VALUE,hcx,완성차 판매량 증감률,르노코리아,2025,Y,claim_fallback,현재값,18.4,-,-,N,%,증감률,감소,전년,"반면, 수출 1위인 현대차(-0.5%), 그리고 르노코리아(-18.4%) 판매가 줄면서 전체 수출은 보합세를 보였다.",high,Y,measurement_binding_fallback:3;measurement_period_ungrounded:3,Y,0,3,HCX-007,v1.6-prev2-context,2026-07-30,완성차 판매량,자동차,2025,Y,%,%,rate,rate_change,item,2024,N,BINDING_NOT_CONFIRMED,measurement_binding_source=claim_fallback,N,MAP000316,,skipped_not_eligible,,,,,,,,,,,,,,,,,,,,,,,,,,,,,,,,,,,,,,,,,,,,,,,,
A0030-C003,A0030-C003-m1,A0030,은행 선물환 규제 풀어 시장에 달러 공급,2025-01-03,https://www.chosun.com/economy/economy_general/2025/01/03/7FSYM4YTJJEFBNUC6B4JOHW2RE,2일 서울 외환시장에서 달러 대비 원화 환율은 오후 3시 30분 기준 전 거래일보다 5.9원 떨어진 달러당 1466.6원을 기록했다.,"통상 환율은 한 국가의 ‘기초 체력’에 비유되는데, 고환율이 계속되면 가뜩이나 대통령 탄핵 소추로 타격을 입은 한국의 대외 신인도에 악영향을 줄 수 있기 때문이다.",정부는 새해 경제정책 방향에서 원화 환율 안정을 통한 대외 신인도 관리에 방점을 찍었다.,국내공식통계,N,금융·금리,달러 대비 원화 환율 변동폭,"외환시장, 달러, 원화",-,-,-,,-,-,-,202501,-,M,확정,5.9원,KOSIS_VALUE,hcx,달러 대비 원화 환율 변동폭,-,202501,M,claim_fallback,현재값,5.9,-,-,N,원,수준값,감소,전월,2일 서울 외환시장에서 달러 대비 원화 환율은 오후 3시 30분 기준 전 거래일보다 5.9원 떨어진 달러당 1466.6원을 기록했다.,high,Y,measurement_binding_fallback:2;measurement_period_ungrounded:2,N,0,2,HCX-007,v1.6-prev2-context,2026-07-30,달러 대비 원화 환율,,202501,M,원,원,currency,amount,unspecified,,N,BINDING_NOT_CONFIRMED,measurement_binding_source=claim_fallback,N,MAP000317,,skipped_not_eligible,,,,,,,,,,,,,,,,,,,,,,,,,,,,,,,,,,,,,,,,,,,,,,,,
A0030-C003,A0030-C003-m2,A0030,은행 선물환 규제 풀어 시장에 달러 공급,2025-01-03,https://www.chosun.com/economy/economy_general/2025/01/03/7FSYM4YTJJEFBNUC6B4JOHW2RE,2일 서울 외환시장에서 달러 대비 원화 환율은 오후 3시 30분 기준 전 거래일보다 5.9원 떨어진 달러당 1466.6원을 기록했다.,"통상 환율은 한 국가의 ‘기초 체력’에 비유되는데, 고환율이 계속되면 가뜩이나 대통령 탄핵 소추로 타격을 입은 한국의 대외 신인도에 악영향을 줄 수 있기 때문이다.",정부는 새해 경제정책 방향에서 원화 환율 안정을 통한 대외 신인도 관리에 방점을 찍었다.,국내공식통계,N,금융·금리,달러 대비 원화 환율,"외환시장, 달러, 원화",-,-,-,,-,-,-,202501,-,M,확정,1466.6원,KOSIS_VALUE,hcx,달러 대비 원화 환율,-,202501,M,claim_fallback,현재값,1466.6,-,-,N,원,수준값,유지,전월,2일 서울 외환시장에서 달러 대비 원화 환율은 오후 3시 30분 기준 전 거래일보다 5.9원 떨어진 달러당 1466.6원을 기록했다.,high,Y,measurement_binding_fallback:2;measurement_period_ungrounded:2,N,0,2,HCX-007,v1.6-prev2-context,2026-07-30,달러 대비 원화 환율,,202501,M,원,원,currency,amount,unspecified,,N,BINDING_NOT_CONFIRMED,measurement_binding_source=claim_fallback,Y,MAP000318,,skipped_not_eligible,,,,,,,,,,,,,,,,,,,,,,,,,,,,,,,,,,,,,,,,,,,,,,,,
A0030-C004,A0030-C004-m1,A0030,은행 선물환 규제 풀어 시장에 달러 공급,2025-01-03,https://www.chosun.com/economy/economy_general/2025/01/03/7FSYM4YTJJEFBNUC6B4JOHW2RE,하지만 원화 환율은 지난해 12월 19일 글로벌 금융 위기 이후 15년여 만에 달러당 1450원 선을 넘어서는 등 고공 행진 중이다.,2일 서울 외환시장에서 달러 대비 원화 환율은 오후 3시 30분 기준 전 거래일보다 5.9원 떨어진 달러당 1466.6원을 기록했다.,"통상 환율은 한 국가의 ‘기초 체력’에 비유되는데, 고환율이 계속되면 가뜩이나 대통령 탄핵 소추로 타격을 입은 한국의 대외 신인도에 악영향을 줄 수 있기 때문이다.",국내공식통계,N,금융·금리,달러 대비 원화 환율,"환율, 글로벌 금융 위기, 달러, 원화",-,-,-,,-,-,-,202501,-,M,확정,1450원,KOSIS_VALUE,hcx,달러 대비 원화 환율,-,202501,M,claim_fallback,현재값,1450,-,-,N,원,수준값,-,전년동기,지난해 12월 19일 글로벌 금융 위기 이후 15년여 만에 달러당 1450원 선을 넘어서는 등 고공 행진 중이다.,high,Y,measurement_binding_fallback:2;measurement_period_ungrounded:1,N,0,2,HCX-007,v1.6-prev2-context,2026-07-30,달러 대비 원화 환율,,202501,M,원,원,currency,amount,unspecified,,N,BINDING_NOT_CONFIRMED,measurement_binding_source=claim_fallback,N,MAP000319,,skipped_not_eligible,,,,,,,,,,,,,,,,,,,,,,,,,,,,,,,,,,,,,,,,,,,,,,,,
A0030-C004,A0030-C004-m2,A0030,은행 선물환 규제 풀어 시장에 달러 공급,2025-01-03,https://www.chosun.com/economy/economy_general/2025/01/03/7FSYM4YTJJEFBNUC6B4JOHW2RE,하지만 원화 환율은 지난해 12월 19일 글로벌 금융 위기 이후 15년여 만에 달러당 1450원 선을 넘어서는 등 고공 행진 중이다.,2일 서울 외환시장에서 달러 대비 원화 환율은 오후 3시 30분 기준 전 거래일보다 5.9원 떨어진 달러당 1466.6원을 기록했다.,"통상 환율은 한 국가의 ‘기초 체력’에 비유되는데, 고환율이 계속되면 가뜩이나 대통령 탄핵 소추로 타격을 입은 한국의 대외 신인도에 악영향을 줄 수 있기 때문이다.",국내공식통계,N,금융·금리,글로벌 금융 위기 이후 기간,"환율, 글로벌 금융 위기, 달러, 원화",-,-,-,,-,-,-,202501,-,M,확정,15년,CONTEXT,hcx,글로벌 금융 위기 이후 기간,-,202501,M,claim_fallback,참고값,15,-,-,N,년,수준값,-,-,지난해 12월 19일 글로벌 금융 위기 이후 15년여 만에 달러당 1450원 선을 넘어서는 등 고공 행진 중이다.,high,Y,measurement_binding_fallback:2;measurement_period_ungrounded:1,N,0,2,HCX-007,v1.6-prev2-context,2026-07-30,달러 대비 원화 환율,,202501,M,년,년,duration,condition,unspecified,,N,NOT_KOSIS_VALUE,measurement_usage=CONTEXT,Y,MAP000320,,skipped_not_eligible,,,,,,,,,,,,,,,,,,,,,,,,,,,,,,,,,,,,,,,,,,,,,,,,
A0030-C014,A0030-C014-m1,A0030,은행 선물환 규제 풀어 시장에 달러 공급,2025-01-03,https://www.chosun.com/economy/economy_general/2025/01/03/7FSYM4YTJJEFBNUC6B4JOHW2RE,이에 정부는 수출 기업에 역대 최대 규모인 360조원의 무역금융을 공급해 대응한다는 방침이다.,한편 이달 20일 도널드 트럼프 미국 대통령이 취임하면 관세 추가 부과 등으로 통상 관련 불확실성이 커져 원화 환율이 더 오를 수 있다.,"국민연금은 해외투자를 위해 시장에서 달러를 사야 하는데, 이를 외환보유액을 갖고 있는 한국은행과 스와프 형식으로 직거래하면 외환시장에서 달러 수요는 줄게 된다.",국내공식통계,N,무역,무역금융,"달러, 수출 기업, 정부 지원",-,-,-,,-,-,-,2025,-,Y,확정,360조원,POLICY_VALUE,hcx,무역금융,-,2025,Y,claim_fallback,목표값,3.6E+14,-,-,N,원,수준값,-,특정시점,이에 정부는 수출 기업에 역대 최대 규모인 360조원의 무역금융을 공급해 대응한다는 방침이다.,high,Y,measurement_binding_fallback:1;measurement_period_ungrounded:1,N,0,1,HCX-007,v1.6-prev2-context,2026-07-30,무역금융,,2025,Y,원,원,currency,amount,unspecified,,N,NOT_KOSIS_VALUE,measurement_usage=POLICY_VALUE,Y,MAP000321,,skipped_not_eligible,,,,,,,,,,,,,,,,,,,,,,,,,,,,,,,,,,,,,,,,,,,,,,,,
A0031-C001,A0031-C001-m1,A0031,"추락하는 성장률, 내수 살려 떠받친다",2025-01-03,https://www.chosun.com/economy/economy_general/2025/01/03/FS5OTJUQ7RC5JIPD2GEHE7U47Q,"미국 트럼프 정부 출범과 내수 부진 장기화, 탄핵 정국 등 겹겹의 불확실성에 노출된 한국 경제가 올해 1.8% 성장할 것으로 정부가 공식 전망했다.",,,해외통계·정책,N,기타,성장률,-,-,-,-,,-,-,-,2025,-,Y,확정,1.80%,KOSIS_VALUE,hcx,성장률,-,2025,Y,hcx,현재값,1.8,-,-,N,%,수준값,유지,전년,"미국 트럼프 정부 출범과 내수 부진 장기화, 탄핵 정국 등 겹겹의 불확실성에 노출된 한국 경제가 올해 1.8% 성장할 것으로 정부가 공식 전망했다.",high,N,-,N,0,0,HCX-007,v1.6-prev2-context,2026-07-30,성장률,,2025,Y,%,%,rate,level,unspecified,,N,OUT_OF_KOSIS_SCOPE,claim_domain_scope=해외통계·정책,Y,MAP000322,,skipped_not_eligible,,,,,,,,,,,,,,,,,,,,,,,,,,,,,,,,,,,,,,,,,,,,,,,,
A0031-C002,A0031-C002-m1,A0031,"추락하는 성장률, 내수 살려 떠받친다",2025-01-03,https://www.chosun.com/economy/economy_general/2025/01/03/FS5OTJUQ7RC5JIPD2GEHE7U47Q,"약 2%로 추정되는 잠재 성장률(물가를 자극하지 않으면서 달성할 수 있는 성장률)을 밑도는 저(低)성장으로, 작년 7월 발표했던 올해 전망치(2.2%)보다 0.4%포인트 낮다.","미국 트럼프 정부 출범과 내수 부진 장기화, 탄핵 정국 등 겹겹의 불확실성에 노출된 한국 경제가 올해 1.8% 성장할 것으로 정부가 공식 전망했다.",,전망·목표,N,생산·산업,잠재 성장률,"잠재 성장률, 물가, 내수, 성장 전망치",-,-,-,,-,-,-,2025,-,Y,확정,2%,KOSIS_VALUE,hcx,잠재 성장률,-,2025,Y,hcx,현재값,2,-,-,Y,%,비중,-,특정시점,"약 2%로 추정되는 잠재 성장률(물가를 자극하지 않으면서 달성할 수 있는 성장률)을 밑도는 저(低)성장으로, 작년 7월 발표했던 올해 전망치(2.2%)보다 0.4%포인트 낮다.",high,N,-,N,0,0,HCX-007,v1.6-prev2-context,2026-07-30,성장률,,2025,Y,%,%,rate,level,unspecified,,N,OUT_OF_KOSIS_SCOPE,claim_domain_scope=전망·목표,Y,MAP000323,,skipped_not_eligible,,,,,,,,,,,,,,,,,,,,,,,,,,,,,,,,,,,,,,,,,,,,,,,,
A0031-C002,A0031-C002-m2,A0031,"추락하는 성장률, 내수 살려 떠받친다",2025-01-03,https://www.chosun.com/economy/economy_general/2025/01/03/FS5OTJUQ7RC5JIPD2GEHE7U47Q,"약 2%로 추정되는 잠재 성장률(물가를 자극하지 않으면서 달성할 수 있는 성장률)을 밑도는 저(低)성장으로, 작년 7월 발표했던 올해 전망치(2.2%)보다 0.4%포인트 낮다.","미국 트럼프 정부 출범과 내수 부진 장기화, 탄핵 정국 등 겹겹의 불확실성에 노출된 한국 경제가 올해 1.8% 성장할 것으로 정부가 공식 전망했다.",,전망·목표,N,생산·산업,올해 성장 전망치,"잠재 성장률, 물가, 내수, 성장 전망치",-,-,-,,-,-,-,2025,-,Y,확정,2.20%,KOSIS_VALUE,hcx,올해 성장 전망치,-,2025,Y,hcx,현재값,2.2,-,-,N,%,비중,-,특정시점,"약 2%로 추정되는 잠재 성장률(물가를 자극하지 않으면서 달성할 수 있는 성장률)을 밑도는 저(低)성장으로, 작년 7월 발표했던 올해 전망치(2.2%)보다 0.4%포인트 낮다.",high,N,-,N,0,0,HCX-007,v1.6-prev2-context,2026-07-30,성장률,,2025,Y,%,%,rate,level,unspecified,,N,OUT_OF_KOSIS_SCOPE,claim_domain_scope=전망·목표,N,MAP000324,,skipped_not_eligible,,,,,,,,,,,,,,,,,,,,,,,,,,,,,,,,,,,,,,,,,,,,,,,,
A0031-C002,A0031-C002-m3,A0031,"추락하는 성장률, 내수 살려 떠받친다",2025-01-03,https://www.chosun.com/economy/economy_general/2025/01/03/FS5OTJUQ7RC5JIPD2GEHE7U47Q,"약 2%로 추정되는 잠재 성장률(물가를 자극하지 않으면서 달성할 수 있는 성장률)을 밑도는 저(低)성장으로, 작년 7월 발표했던 올해 전망치(2.2%)보다 0.4%포인트 낮다.","미국 트럼프 정부 출범과 내수 부진 장기화, 탄핵 정국 등 겹겹의 불확실성에 노출된 한국 경제가 올해 1.8% 성장할 것으로 정부가 공식 전망했다.",,전망·목표,N,생산·산업,성장 전망치 변화,"잠재 성장률, 물가, 내수, 성장 전망치",-,-,-,,-,-,-,2025,-,Y,확정,0.40%,KOSIS_VALUE,hcx,성장 전망치 변화,-,2025,Y,hcx,증감률,0.4,-,-,N,%,증감률,감소,전년동기,"약 2%로 추정되는 잠재 성장률(물가를 자극하지 않으면서 달성할 수 있는 성장률)을 밑도는 저(低)성장으로, 작년 7월 발표했던 올해 전망치(2.2%)보다 0.4%포인트 낮다.",high,N,-,N,0,0,HCX-007,v1.6-prev2-context,2026-07-30,성장률,,2025,Y,%,%,rate,rate_change,unspecified,2024,N,OUT_OF_KOSIS_SCOPE,claim_domain_scope=전망·목표,N,MAP000325,,skipped_not_eligible,,,,,,,,,,,,,,,,,,,,,,,,,,,,,,,,,,,,,,,,,,,,,,,,
A0031-C010,A0031-C010-m1,A0031,"추락하는 성장률, 내수 살려 떠받친다",2025-01-03,https://www.chosun.com/economy/economy_general/2025/01/03/FS5OTJUQ7RC5JIPD2GEHE7U47Q,"기재부 고위 관계자는 “각종 민생 대책에도 경기가 살아나지 않을 경우 여야정 협의체 논의를 거쳐 2분기 내 추경 편성을 검토할 수 있다는 의미”라며 “여야 정치권의 유불리를 따지기보다 경기 회복에 방점을 둘 것”이라고 했다. ◇숙박 쿠폰 100만장 배포… 카드 더 쓰면 20% 추가 공제 정부가 잠재 성장률(약 2%)보다 낮은 새해 성장률 전망치(1.8%)를 공식화하면서 경기가 일시적으로 나쁜 것이 아니라 경제의 기초 체력(펀더멘털) 약화로 저성장이 장기화하는 것 아니냐는 우려가 나온다. 정부는 올해 소비자 물가 상승률도 한국은행의 물가 안정 목표치(2%)보다 낮은 1.8%로 전망해, 6개월 전 전망치(2.1%)보다 0.3%포인트 낮춰 잡았다. 정부 전망대로 1%대 성장률과 물가 상승률이 현실화활 경우 코로나 대유행이 시작된 2020년 이후 5년 만에 처음으로 두 지표가 2%를 밑돌게 된다. ◇ “급한 불부터 끄자” 정부는 이날 발표한 새해 경제정책방향에 각종 내수 진작책을 앞세워 급한 불을 끄는 데 방점을 뒀다. 신차 개소세는 1월 3일 출고분부터 서둘러 앞당기기로 했다. 작년 10월에 차량 구매 계약을 했어도 출고 시점이 1월 3일 이후라면 개소세 혜택을 볼 수 있는 것이다. 정부의 개별소비세 인하는 지난 2018년 7월~2023년 6월 이후 1년 반 만이다. 4000만원짜리 신차를 구입한 경우 원래 개소세는 18%의 기본공제를 제외한 3280만원에 5%를 곱한 164만원이다. 그런데 3.5% 세율을 적용하면 이것이 115만원으로 49만원 줄어든다. 개별소비세액과 연동된 교육세·부가세 등을 포함하면, 줄어드는 세금의 총액은 70만원으로 늘어난다는 것이 기재부 설명이다. 정부는 또 올 한 해 민생·경기 사업의 40%를 1분기 안으로 집행하겠다고 밝히며, 정부 재정이 시장에 서둘러 풀리는 방안을 마련했다고 했다. 가령 노인 일자리 사업은 작년에는 2월부터 급여가 지급되기 시작했는데, 올해는 1월부터 급여가 지급되도록 했다. 전기차·수소차 구매 보조금 지급도 작년 2월 넷째 주부터 시행하던 것에서 올해는 1월 셋째 주로 앞당기기로 했다. 올 상반기에 구매한 전기차에 대해선 정부 보조금도 늘어난다. 기존엔 전기차 업체가 자체 할인해주는 금액의 20%를 정부가 추가 할인해줬는데, 이 추가 할인율을 최대 40%까지로 높인 것이다. ◇민생 입법 재추진 작년에 추진하려다 연말 국회 파행으로 무산된 민생 입법도 다시 추진한다. 먼저 조세특례제한법(조특법)을 고쳐 올 상반기 추가 소비분(전년 대비 5% 이상)에 대해 20%를 소득공제해주는 방안을 추진하기로 했다. 작년에는 추가 소비분의 10%만 공제했는데, 올해는 두 배로 늘리겠다는 것이다. 직전 3년보다 더 많은 금액을 투자한 중소·중견기업에 대해 세금을 더 깎아주는 임시투자세액공제 기한을 작년 말에서 올해 말로 1년 연장하는 조특법 개정도 추진된다. 다만 대기업은 2년 전과 달리 실적이 개선됐다는 이유로 임시투자세액공제를 연장할 계획이 없다고 기재부는 밝혔다. 정부는 이외에도 수도권 이외 지역의 숙박 시설에 묵는 관광객들의 숙박비에서 최대 3만원을 할인해주는 할인 쿠폰을 1년간 100만장 배포할 예정이다. 설 연휴에는 전통시장과 골목형 상점가에서 활용할 수 있는 온누리상품권 할인율도 10%에서 15%(모바일·카드형 기준)로 높인다. 아내는 서울 대기업, 남편은 경남 공장에서 근무하는 방식의 주말부부가 월세 세액공제를 각각 받을 수 있도록 하는 방안을 올해 세법 개정안에 반영하기로 했다.. 정부 발표와 별도로 서울시는 이날 서울 전 지역에서 쓸 수 있는 지역 화폐인 ‘서울사랑상품권’ 750억원어치를 오는 8일 발행한다고 밝혔다. 올해 발행하기로 한 1500억원어치 중 절반을 연초에 집중 발행하는 것이다. 서울시가 이 상품권을 연초에 조기 발행하는 건 이번이 처음이다. ◇”반년도 못 갈 경제정책 방향” 다","최 권한대행은 “경제 여건 전반을 1분기 중 재점검하고, 필요시 추가 경기 보강 방안을 강구하겠다”며 추가경정예산 편성 가능성을 시사했다.",반도체 등 주력 수출 업종의 경쟁 심화와 이달 20일 출범하는 트럼프 정부의 관세 장벽 강화 등으로 수출 증가율은 작년 8.2%에서 올해 1.5%로 쪼그라들 것으로 봤다.,국내공식통계,N,재정·조세,성장률 전망치,"성장률, 재정, 조세, 내수, 경기보강, 추경편성",-,-,-,,-,-,-,2025,-,,확정,1.80%,POLICY_VALUE,hcx,성장률 전망치,-,2025,-,hcx,현재값,1.8,-,-,N,%,수준값,증가,전년,"""정부는 올해 소비자 물가 상승률도 한국은행의 물가 안정 목표치(2%)보다 낮은 1.8%로 전망해, 6개월 전 전망치(2.1%)보다 0.3%포인트 낮춰 잡았다.""",high,Y,measurement_rule_fallback:23,Y,23,0,HCX-007,v1.6-prev2-context,2026-07-30,성장률 전망치,,2025,,%,%,rate,level,vehicle,,N,NOT_KOSIS_VALUE,measurement_usage=POLICY_VALUE,N,MAP000326,,skipped_not_eligible,,,,,,,,,,,,,,,,,,,,,,,,,,,,,,,,,,,,,,,,,,,,,,,,
A0031-C010,A0031-C010-m2,A0031,"추락하는 성장률, 내수 살려 떠받친다",2025-01-03,https://www.chosun.com/economy/economy_general/2025/01/03/FS5OTJUQ7RC5JIPD2GEHE7U47Q,"기재부 고위 관계자는 “각종 민생 대책에도 경기가 살아나지 않을 경우 여야정 협의체 논의를 거쳐 2분기 내 추경 편성을 검토할 수 있다는 의미”라며 “여야 정치권의 유불리를 따지기보다 경기 회복에 방점을 둘 것”이라고 했다. ◇숙박 쿠폰 100만장 배포… 카드 더 쓰면 20% 추가 공제 정부가 잠재 성장률(약 2%)보다 낮은 새해 성장률 전망치(1.8%)를 공식화하면서 경기가 일시적으로 나쁜 것이 아니라 경제의 기초 체력(펀더멘털) 약화로 저성장이 장기화하는 것 아니냐는 우려가 나온다. 정부는 올해 소비자 물가 상승률도 한국은행의 물가 안정 목표치(2%)보다 낮은 1.8%로 전망해, 6개월 전 전망치(2.1%)보다 0.3%포인트 낮춰 잡았다. 정부 전망대로 1%대 성장률과 물가 상승률이 현실화활 경우 코로나 대유행이 시작된 2020년 이후 5년 만에 처음으로 두 지표가 2%를 밑돌게 된다. ◇ “급한 불부터 끄자” 정부는 이날 발표한 새해 경제정책방향에 각종 내수 진작책을 앞세워 급한 불을 끄는 데 방점을 뒀다. 신차 개소세는 1월 3일 출고분부터 서둘러 앞당기기로 했다. 작년 10월에 차량 구매 계약을 했어도 출고 시점이 1월 3일 이후라면 개소세 혜택을 볼 수 있는 것이다. 정부의 개별소비세 인하는 지난 2018년 7월~2023년 6월 이후 1년 반 만이다. 4000만원짜리 신차를 구입한 경우 원래 개소세는 18%의 기본공제를 제외한 3280만원에 5%를 곱한 164만원이다. 그런데 3.5% 세율을 적용하면 이것이 115만원으로 49만원 줄어든다. 개별소비세액과 연동된 교육세·부가세 등을 포함하면, 줄어드는 세금의 총액은 70만원으로 늘어난다는 것이 기재부 설명이다. 정부는 또 올 한 해 민생·경기 사업의 40%를 1분기 안으로 집행하겠다고 밝히며, 정부 재정이 시장에 서둘러 풀리는 방안을 마련했다고 했다. 가령 노인 일자리 사업은 작년에는 2월부터 급여가 지급되기 시작했는데, 올해는 1월부터 급여가 지급되도록 했다. 전기차·수소차 구매 보조금 지급도 작년 2월 넷째 주부터 시행하던 것에서 올해는 1월 셋째 주로 앞당기기로 했다. 올 상반기에 구매한 전기차에 대해선 정부 보조금도 늘어난다. 기존엔 전기차 업체가 자체 할인해주는 금액의 20%를 정부가 추가 할인해줬는데, 이 추가 할인율을 최대 40%까지로 높인 것이다. ◇민생 입법 재추진 작년에 추진하려다 연말 국회 파행으로 무산된 민생 입법도 다시 추진한다. 먼저 조세특례제한법(조특법)을 고쳐 올 상반기 추가 소비분(전년 대비 5% 이상)에 대해 20%를 소득공제해주는 방안을 추진하기로 했다. 작년에는 추가 소비분의 10%만 공제했는데, 올해는 두 배로 늘리겠다는 것이다. 직전 3년보다 더 많은 금액을 투자한 중소·중견기업에 대해 세금을 더 깎아주는 임시투자세액공제 기한을 작년 말에서 올해 말로 1년 연장하는 조특법 개정도 추진된다. 다만 대기업은 2년 전과 달리 실적이 개선됐다는 이유로 임시투자세액공제를 연장할 계획이 없다고 기재부는 밝혔다. 정부는 이외에도 수도권 이외 지역의 숙박 시설에 묵는 관광객들의 숙박비에서 최대 3만원을 할인해주는 할인 쿠폰을 1년간 100만장 배포할 예정이다. 설 연휴에는 전통시장과 골목형 상점가에서 활용할 수 있는 온누리상품권 할인율도 10%에서 15%(모바일·카드형 기준)로 높인다. 아내는 서울 대기업, 남편은 경남 공장에서 근무하는 방식의 주말부부가 월세 세액공제를 각각 받을 수 있도록 하는 방안을 올해 세법 개정안에 반영하기로 했다.. 정부 발표와 별도로 서울시는 이날 서울 전 지역에서 쓸 수 있는 지역 화폐인 ‘서울사랑상품권’ 750억원어치를 오는 8일 발행한다고 밝혔다. 올해 발행하기로 한 1500억원어치 중 절반을 연초에 집중 발행하는 것이다. 서울시가 이 상품권을 연초에 조기 발행하는 건 이번이 처음이다. ◇”반년도 못 갈 경제정책 방향” 다","최 권한대행은 “경제 여건 전반을 1분기 중 재점검하고, 필요시 추가 경기 보강 방안을 강구하겠다”며 추가경정예산 편성 가능성을 시사했다.",반도체 등 주력 수출 업종의 경쟁 심화와 이달 20일 출범하는 트럼프 정부의 관세 장벽 강화 등으로 수출 증가율은 작년 8.2%에서 올해 1.5%로 쪼그라들 것으로 봤다.,국내공식통계,N,재정·조세,성장률 전망치,"성장률, 재정, 조세, 내수, 경기보강, 추경편성",-,-,-,,-,-,-,2024,-,,확정,2%,POLICY_VALUE,hcx,성장률 전망치,-,2024,-,hcx,이전값,2,-,-,Y,%,수준값,증가,전년,"""정부는 올해 소비자 물가 상승률도 한국은행의 물가 안정 목표치(2%)보다 낮은 1.8%로 전망해, 6개월 전 전망치(2.1%)보다 0.3%포인트 낮춰 잡았다.""",high,Y,measurement_rule_fallback:23,Y,23,0,HCX-007,v1.6-prev2-context,2026-07-30,성장률 전망치,,2025,,%,%,rate,level,vehicle,,N,NOT_KOSIS_VALUE,measurement_usage=POLICY_VALUE,N,MAP000327,,skipped_not_eligible,,,,,,,,,,,,,,,,,,,,,,,,,,,,,,,,,,,,,,,,,,,,,,,,
A0031-C010,A0031-C010-m3,A0031,"추락하는 성장률, 내수 살려 떠받친다",2025-01-03,https://www.chosun.com/economy/economy_general/2025/01/03/FS5OTJUQ7RC5JIPD2GEHE7U47Q,"기재부 고위 관계자는 “각종 민생 대책에도 경기가 살아나지 않을 경우 여야정 협의체 논의를 거쳐 2분기 내 추경 편성을 검토할 수 있다는 의미”라며 “여야 정치권의 유불리를 따지기보다 경기 회복에 방점을 둘 것”이라고 했다. ◇숙박 쿠폰 100만장 배포… 카드 더 쓰면 20% 추가 공제 정부가 잠재 성장률(약 2%)보다 낮은 새해 성장률 전망치(1.8%)를 공식화하면서 경기가 일시적으로 나쁜 것이 아니라 경제의 기초 체력(펀더멘털) 약화로 저성장이 장기화하는 것 아니냐는 우려가 나온다. 정부는 올해 소비자 물가 상승률도 한국은행의 물가 안정 목표치(2%)보다 낮은 1.8%로 전망해, 6개월 전 전망치(2.1%)보다 0.3%포인트 낮춰 잡았다. 정부 전망대로 1%대 성장률과 물가 상승률이 현실화활 경우 코로나 대유행이 시작된 2020년 이후 5년 만에 처음으로 두 지표가 2%를 밑돌게 된다. ◇ “급한 불부터 끄자” 정부는 이날 발표한 새해 경제정책방향에 각종 내수 진작책을 앞세워 급한 불을 끄는 데 방점을 뒀다. 신차 개소세는 1월 3일 출고분부터 서둘러 앞당기기로 했다. 작년 10월에 차량 구매 계약을 했어도 출고 시점이 1월 3일 이후라면 개소세 혜택을 볼 수 있는 것이다. 정부의 개별소비세 인하는 지난 2018년 7월~2023년 6월 이후 1년 반 만이다. 4000만원짜리 신차를 구입한 경우 원래 개소세는 18%의 기본공제를 제외한 3280만원에 5%를 곱한 164만원이다. 그런데 3.5% 세율을 적용하면 이것이 115만원으로 49만원 줄어든다. 개별소비세액과 연동된 교육세·부가세 등을 포함하면, 줄어드는 세금의 총액은 70만원으로 늘어난다는 것이 기재부 설명이다. 정부는 또 올 한 해 민생·경기 사업의 40%를 1분기 안으로 집행하겠다고 밝히며, 정부 재정이 시장에 서둘러 풀리는 방안을 마련했다고 했다. 가령 노인 일자리 사업은 작년에는 2월부터 급여가 지급되기 시작했는데, 올해는 1월부터 급여가 지급되도록 했다. 전기차·수소차 구매 보조금 지급도 작년 2월 넷째 주부터 시행하던 것에서 올해는 1월 셋째 주로 앞당기기로 했다. 올 상반기에 구매한 전기차에 대해선 정부 보조금도 늘어난다. 기존엔 전기차 업체가 자체 할인해주는 금액의 20%를 정부가 추가 할인해줬는데, 이 추가 할인율을 최대 40%까지로 높인 것이다. ◇민생 입법 재추진 작년에 추진하려다 연말 국회 파행으로 무산된 민생 입법도 다시 추진한다. 먼저 조세특례제한법(조특법)을 고쳐 올 상반기 추가 소비분(전년 대비 5% 이상)에 대해 20%를 소득공제해주는 방안을 추진하기로 했다. 작년에는 추가 소비분의 10%만 공제했는데, 올해는 두 배로 늘리겠다는 것이다. 직전 3년보다 더 많은 금액을 투자한 중소·중견기업에 대해 세금을 더 깎아주는 임시투자세액공제 기한을 작년 말에서 올해 말로 1년 연장하는 조특법 개정도 추진된다. 다만 대기업은 2년 전과 달리 실적이 개선됐다는 이유로 임시투자세액공제를 연장할 계획이 없다고 기재부는 밝혔다. 정부는 이외에도 수도권 이외 지역의 숙박 시설에 묵는 관광객들의 숙박비에서 최대 3만원을 할인해주는 할인 쿠폰을 1년간 100만장 배포할 예정이다. 설 연휴에는 전통시장과 골목형 상점가에서 활용할 수 있는 온누리상품권 할인율도 10%에서 15%(모바일·카드형 기준)로 높인다. 아내는 서울 대기업, 남편은 경남 공장에서 근무하는 방식의 주말부부가 월세 세액공제를 각각 받을 수 있도록 하는 방안을 올해 세법 개정안에 반영하기로 했다.. 정부 발표와 별도로 서울시는 이날 서울 전 지역에서 쓸 수 있는 지역 화폐인 ‘서울사랑상품권’ 750억원어치를 오는 8일 발행한다고 밝혔다. 올해 발행하기로 한 1500억원어치 중 절반을 연초에 집중 발행하는 것이다. 서울시가 이 상품권을 연초에 조기 발행하는 건 이번이 처음이다. ◇”반년도 못 갈 경제정책 방향” 다","최 권한대행은 “경제 여건 전반을 1분기 중 재점검하고, 필요시 추가 경기 보강 방안을 강구하겠다”며 추가경정예산 편성 가능성을 시사했다.",반도체 등 주력 수출 업종의 경쟁 심화와 이달 20일 출범하는 트럼프 정부의 관세 장벽 강화 등으로 수출 증가율은 작년 8.2%에서 올해 1.5%로 쪼그라들 것으로 봤다.,국내공식통계,N,재정·조세,성장률 전망치 변화,"성장률, 재정, 조세, 내수, 경기보강, 추경편성",-,-,-,,-,-,-,2025,-,,확정,0.30%,POLICY_VALUE,hcx,성장률 전망치 변화,-,2025,-,hcx,증감률,0.3,-,-,N,%,증감률,감소,전년,"""정부는 올해 소비자 물가 상승률도 한국은행의 물가 안정 목표치(2%)보다 낮은 1.8%로 전망해, 6개월 전 전망치(2.1%)보다 0.3%포인트 낮춰 잡았다.""",high,Y,measurement_rule_fallback:23,Y,23,0,HCX-007,v1.6-prev2-context,2026-07-30,성장률 전망치,,2025,,%,%,rate,rate_change,vehicle,2024,N,NOT_KOSIS_VALUE,measurement_usage=POLICY_VALUE,N,MAP000328,,skipped_not_eligible,,,,,,,,,,,,,,,,,,,,,,,,,,,,,,,,,,,,,,,,,,,,,,,,
A0031-C010,A0031-C010-m4,A0031,"추락하는 성장률, 내수 살려 떠받친다",2025-01-03,https://www.chosun.com/economy/economy_general/2025/01/03/FS5OTJUQ7RC5JIPD2GEHE7U47Q,"기재부 고위 관계자는 “각종 민생 대책에도 경기가 살아나지 않을 경우 여야정 협의체 논의를 거쳐 2분기 내 추경 편성을 검토할 수 있다는 의미”라며 “여야 정치권의 유불리를 따지기보다 경기 회복에 방점을 둘 것”이라고 했다. ◇숙박 쿠폰 100만장 배포… 카드 더 쓰면 20% 추가 공제 정부가 잠재 성장률(약 2%)보다 낮은 새해 성장률 전망치(1.8%)를 공식화하면서 경기가 일시적으로 나쁜 것이 아니라 경제의 기초 체력(펀더멘털) 약화로 저성장이 장기화하는 것 아니냐는 우려가 나온다. 정부는 올해 소비자 물가 상승률도 한국은행의 물가 안정 목표치(2%)보다 낮은 1.8%로 전망해, 6개월 전 전망치(2.1%)보다 0.3%포인트 낮춰 잡았다. 정부 전망대로 1%대 성장률과 물가 상승률이 현실화활 경우 코로나 대유행이 시작된 2020년 이후 5년 만에 처음으로 두 지표가 2%를 밑돌게 된다. ◇ “급한 불부터 끄자” 정부는 이날 발표한 새해 경제정책방향에 각종 내수 진작책을 앞세워 급한 불을 끄는 데 방점을 뒀다. 신차 개소세는 1월 3일 출고분부터 서둘러 앞당기기로 했다. 작년 10월에 차량 구매 계약을 했어도 출고 시점이 1월 3일 이후라면 개소세 혜택을 볼 수 있는 것이다. 정부의 개별소비세 인하는 지난 2018년 7월~2023년 6월 이후 1년 반 만이다. 4000만원짜리 신차를 구입한 경우 원래 개소세는 18%의 기본공제를 제외한 3280만원에 5%를 곱한 164만원이다. 그런데 3.5% 세율을 적용하면 이것이 115만원으로 49만원 줄어든다. 개별소비세액과 연동된 교육세·부가세 등을 포함하면, 줄어드는 세금의 총액은 70만원으로 늘어난다는 것이 기재부 설명이다. 정부는 또 올 한 해 민생·경기 사업의 40%를 1분기 안으로 집행하겠다고 밝히며, 정부 재정이 시장에 서둘러 풀리는 방안을 마련했다고 했다. 가령 노인 일자리 사업은 작년에는 2월부터 급여가 지급되기 시작했는데, 올해는 1월부터 급여가 지급되도록 했다. 전기차·수소차 구매 보조금 지급도 작년 2월 넷째 주부터 시행하던 것에서 올해는 1월 셋째 주로 앞당기기로 했다. 올 상반기에 구매한 전기차에 대해선 정부 보조금도 늘어난다. 기존엔 전기차 업체가 자체 할인해주는 금액의 20%를 정부가 추가 할인해줬는데, 이 추가 할인율을 최대 40%까지로 높인 것이다. ◇민생 입법 재추진 작년에 추진하려다 연말 국회 파행으로 무산된 민생 입법도 다시 추진한다. 먼저 조세특례제한법(조특법)을 고쳐 올 상반기 추가 소비분(전년 대비 5% 이상)에 대해 20%를 소득공제해주는 방안을 추진하기로 했다. 작년에는 추가 소비분의 10%만 공제했는데, 올해는 두 배로 늘리겠다는 것이다. 직전 3년보다 더 많은 금액을 투자한 중소·중견기업에 대해 세금을 더 깎아주는 임시투자세액공제 기한을 작년 말에서 올해 말로 1년 연장하는 조특법 개정도 추진된다. 다만 대기업은 2년 전과 달리 실적이 개선됐다는 이유로 임시투자세액공제를 연장할 계획이 없다고 기재부는 밝혔다. 정부는 이외에도 수도권 이외 지역의 숙박 시설에 묵는 관광객들의 숙박비에서 최대 3만원을 할인해주는 할인 쿠폰을 1년간 100만장 배포할 예정이다. 설 연휴에는 전통시장과 골목형 상점가에서 활용할 수 있는 온누리상품권 할인율도 10%에서 15%(모바일·카드형 기준)로 높인다. 아내는 서울 대기업, 남편은 경남 공장에서 근무하는 방식의 주말부부가 월세 세액공제를 각각 받을 수 있도록 하는 방안을 올해 세법 개정안에 반영하기로 했다.. 정부 발표와 별도로 서울시는 이날 서울 전 지역에서 쓸 수 있는 지역 화폐인 ‘서울사랑상품권’ 750억원어치를 오는 8일 발행한다고 밝혔다. 올해 발행하기로 한 1500억원어치 중 절반을 연초에 집중 발행하는 것이다. 서울시가 이 상품권을 연초에 조기 발행하는 건 이번이 처음이다. ◇”반년도 못 갈 경제정책 방향” 다","최 권한대행은 “경제 여건 전반을 1분기 중 재점검하고, 필요시 추가 경기 보강 방안을 강구하겠다”며 추가경정예산 편성 가능성을 시사했다.",반도체 등 주력 수출 업종의 경쟁 심화와 이달 20일 출범하는 트럼프 정부의 관세 장벽 강화 등으로 수출 증가율은 작년 8.2%에서 올해 1.5%로 쪼그라들 것으로 봤다.,국내공식통계,N,재정·조세,성장률 전망치,"성장률, 재정, 조세, 내수, 경기보강, 추경편성",-,-,-,,-,-,-,2025,-,,확정,20%,POLICY_VALUE,rule_fallback,성장률 전망치,-,2025,-,rule_fallback,증감률,20,-,-,N,%,증감률,증가,-,"""정부는 올해 소비자 물가 상승률도 한국은행의 물가 안정 목표치(2%)보다 낮은 1.8%로 전망해, 6개월 전 전망치(2.1%)보다 0.3%포인트 낮춰 잡았다.""",high,Y,measurement_rule_fallback:23,Y,23,0,HCX-007,v1.6-prev2-context,2026-07-30,성장률 전망치,,2025,,%,%,rate,rate_change,vehicle,,N,NOT_KOSIS_VALUE,measurement_usage=POLICY_VALUE,N,MAP000329,,skipped_not_eligible,,,,,,,,,,,,,,,,,,,,,,,,,,,,,,,,,,,,,,,,,,,,,,,,
A0031-C010,A0031-C010-m5,A0031,"추락하는 성장률, 내수 살려 떠받친다",2025-01-03,https://www.chosun.com/economy/economy_general/2025/01/03/FS5OTJUQ7RC5JIPD2GEHE7U47Q,"기재부 고위 관계자는 “각종 민생 대책에도 경기가 살아나지 않을 경우 여야정 협의체 논의를 거쳐 2분기 내 추경 편성을 검토할 수 있다는 의미”라며 “여야 정치권의 유불리를 따지기보다 경기 회복에 방점을 둘 것”이라고 했다. ◇숙박 쿠폰 100만장 배포… 카드 더 쓰면 20% 추가 공제 정부가 잠재 성장률(약 2%)보다 낮은 새해 성장률 전망치(1.8%)를 공식화하면서 경기가 일시적으로 나쁜 것이 아니라 경제의 기초 체력(펀더멘털) 약화로 저성장이 장기화하는 것 아니냐는 우려가 나온다. 정부는 올해 소비자 물가 상승률도 한국은행의 물가 안정 목표치(2%)보다 낮은 1.8%로 전망해, 6개월 전 전망치(2.1%)보다 0.3%포인트 낮춰 잡았다. 정부 전망대로 1%대 성장률과 물가 상승률이 현실화활 경우 코로나 대유행이 시작된 2020년 이후 5년 만에 처음으로 두 지표가 2%를 밑돌게 된다. ◇ “급한 불부터 끄자” 정부는 이날 발표한 새해 경제정책방향에 각종 내수 진작책을 앞세워 급한 불을 끄는 데 방점을 뒀다. 신차 개소세는 1월 3일 출고분부터 서둘러 앞당기기로 했다. 작년 10월에 차량 구매 계약을 했어도 출고 시점이 1월 3일 이후라면 개소세 혜택을 볼 수 있는 것이다. 정부의 개별소비세 인하는 지난 2018년 7월~2023년 6월 이후 1년 반 만이다. 4000만원짜리 신차를 구입한 경우 원래 개소세는 18%의 기본공제를 제외한 3280만원에 5%를 곱한 164만원이다. 그런데 3.5% 세율을 적용하면 이것이 115만원으로 49만원 줄어든다. 개별소비세액과 연동된 교육세·부가세 등을 포함하면, 줄어드는 세금의 총액은 70만원으로 늘어난다는 것이 기재부 설명이다. 정부는 또 올 한 해 민생·경기 사업의 40%를 1분기 안으로 집행하겠다고 밝히며, 정부 재정이 시장에 서둘러 풀리는 방안을 마련했다고 했다. 가령 노인 일자리 사업은 작년에는 2월부터 급여가 지급되기 시작했는데, 올해는 1월부터 급여가 지급되도록 했다. 전기차·수소차 구매 보조금 지급도 작년 2월 넷째 주부터 시행하던 것에서 올해는 1월 셋째 주로 앞당기기로 했다. 올 상반기에 구매한 전기차에 대해선 정부 보조금도 늘어난다. 기존엔 전기차 업체가 자체 할인해주는 금액의 20%를 정부가 추가 할인해줬는데, 이 추가 할인율을 최대 40%까지로 높인 것이다. ◇민생 입법 재추진 작년에 추진하려다 연말 국회 파행으로 무산된 민생 입법도 다시 추진한다. 먼저 조세특례제한법(조특법)을 고쳐 올 상반기 추가 소비분(전년 대비 5% 이상)에 대해 20%를 소득공제해주는 방안을 추진하기로 했다. 작년에는 추가 소비분의 10%만 공제했는데, 올해는 두 배로 늘리겠다는 것이다. 직전 3년보다 더 많은 금액을 투자한 중소·중견기업에 대해 세금을 더 깎아주는 임시투자세액공제 기한을 작년 말에서 올해 말로 1년 연장하는 조특법 개정도 추진된다. 다만 대기업은 2년 전과 달리 실적이 개선됐다는 이유로 임시투자세액공제를 연장할 계획이 없다고 기재부는 밝혔다. 정부는 이외에도 수도권 이외 지역의 숙박 시설에 묵는 관광객들의 숙박비에서 최대 3만원을 할인해주는 할인 쿠폰을 1년간 100만장 배포할 예정이다. 설 연휴에는 전통시장과 골목형 상점가에서 활용할 수 있는 온누리상품권 할인율도 10%에서 15%(모바일·카드형 기준)로 높인다. 아내는 서울 대기업, 남편은 경남 공장에서 근무하는 방식의 주말부부가 월세 세액공제를 각각 받을 수 있도록 하는 방안을 올해 세법 개정안에 반영하기로 했다.. 정부 발표와 별도로 서울시는 이날 서울 전 지역에서 쓸 수 있는 지역 화폐인 ‘서울사랑상품권’ 750억원어치를 오는 8일 발행한다고 밝혔다. 올해 발행하기로 한 1500억원어치 중 절반을 연초에 집중 발행하는 것이다. 서울시가 이 상품권을 연초에 조기 발행하는 건 이번이 처음이다. ◇”반년도 못 갈 경제정책 방향” 다","최 권한대행은 “경제 여건 전반을 1분기 중 재점검하고, 필요시 추가 경기 보강 방안을 강구하겠다”며 추가경정예산 편성 가능성을 시사했다.",반도체 등 주력 수출 업종의 경쟁 심화와 이달 20일 출범하는 트럼프 정부의 관세 장벽 강화 등으로 수출 증가율은 작년 8.2%에서 올해 1.5%로 쪼그라들 것으로 봤다.,국내공식통계,N,재정·조세,성장률 전망치,"성장률, 재정, 조세, 내수, 경기보강, 추경편성",-,-,-,,-,-,-,2025,-,,확정,6개월,CONTEXT,rule_fallback,성장률 전망치,-,2025,-,rule_fallback,참고값,6,-,-,N,개월,수준값,증가,-,"""정부는 올해 소비자 물가 상승률도 한국은행의 물가 안정 목표치(2%)보다 낮은 1.8%로 전망해, 6개월 전 전망치(2.1%)보다 0.3%포인트 낮춰 잡았다.""",high,Y,measurement_rule_fallback:23,Y,23,0,HCX-007,v1.6-prev2-context,2026-07-30,성장률 전망치,,2025,,개월,개월,duration,condition,vehicle,,N,NOT_KOSIS_VALUE,measurement_usage=CONTEXT,N,MAP000330,,skipped_not_eligible,,,,,,,,,,,,,,,,,,,,,,,,,,,,,,,,,,,,,,,,,,,,,,,,
A0031-C010,A0031-C010-m6,A0031,"추락하는 성장률, 내수 살려 떠받친다",2025-01-03,https://www.chosun.com/economy/economy_general/2025/01/03/FS5OTJUQ7RC5JIPD2GEHE7U47Q,"기재부 고위 관계자는 “각종 민생 대책에도 경기가 살아나지 않을 경우 여야정 협의체 논의를 거쳐 2분기 내 추경 편성을 검토할 수 있다는 의미”라며 “여야 정치권의 유불리를 따지기보다 경기 회복에 방점을 둘 것”이라고 했다. ◇숙박 쿠폰 100만장 배포… 카드 더 쓰면 20% 추가 공제 정부가 잠재 성장률(약 2%)보다 낮은 새해 성장률 전망치(1.8%)를 공식화하면서 경기가 일시적으로 나쁜 것이 아니라 경제의 기초 체력(펀더멘털) 약화로 저성장이 장기화하는 것 아니냐는 우려가 나온다. 정부는 올해 소비자 물가 상승률도 한국은행의 물가 안정 목표치(2%)보다 낮은 1.8%로 전망해, 6개월 전 전망치(2.1%)보다 0.3%포인트 낮춰 잡았다. 정부 전망대로 1%대 성장률과 물가 상승률이 현실화활 경우 코로나 대유행이 시작된 2020년 이후 5년 만에 처음으로 두 지표가 2%를 밑돌게 된다. ◇ “급한 불부터 끄자” 정부는 이날 발표한 새해 경제정책방향에 각종 내수 진작책을 앞세워 급한 불을 끄는 데 방점을 뒀다. 신차 개소세는 1월 3일 출고분부터 서둘러 앞당기기로 했다. 작년 10월에 차량 구매 계약을 했어도 출고 시점이 1월 3일 이후라면 개소세 혜택을 볼 수 있는 것이다. 정부의 개별소비세 인하는 지난 2018년 7월~2023년 6월 이후 1년 반 만이다. 4000만원짜리 신차를 구입한 경우 원래 개소세는 18%의 기본공제를 제외한 3280만원에 5%를 곱한 164만원이다. 그런데 3.5% 세율을 적용하면 이것이 115만원으로 49만원 줄어든다. 개별소비세액과 연동된 교육세·부가세 등을 포함하면, 줄어드는 세금의 총액은 70만원으로 늘어난다는 것이 기재부 설명이다. 정부는 또 올 한 해 민생·경기 사업의 40%를 1분기 안으로 집행하겠다고 밝히며, 정부 재정이 시장에 서둘러 풀리는 방안을 마련했다고 했다. 가령 노인 일자리 사업은 작년에는 2월부터 급여가 지급되기 시작했는데, 올해는 1월부터 급여가 지급되도록 했다. 전기차·수소차 구매 보조금 지급도 작년 2월 넷째 주부터 시행하던 것에서 올해는 1월 셋째 주로 앞당기기로 했다. 올 상반기에 구매한 전기차에 대해선 정부 보조금도 늘어난다. 기존엔 전기차 업체가 자체 할인해주는 금액의 20%를 정부가 추가 할인해줬는데, 이 추가 할인율을 최대 40%까지로 높인 것이다. ◇민생 입법 재추진 작년에 추진하려다 연말 국회 파행으로 무산된 민생 입법도 다시 추진한다. 먼저 조세특례제한법(조특법)을 고쳐 올 상반기 추가 소비분(전년 대비 5% 이상)에 대해 20%를 소득공제해주는 방안을 추진하기로 했다. 작년에는 추가 소비분의 10%만 공제했는데, 올해는 두 배로 늘리겠다는 것이다. 직전 3년보다 더 많은 금액을 투자한 중소·중견기업에 대해 세금을 더 깎아주는 임시투자세액공제 기한을 작년 말에서 올해 말로 1년 연장하는 조특법 개정도 추진된다. 다만 대기업은 2년 전과 달리 실적이 개선됐다는 이유로 임시투자세액공제를 연장할 계획이 없다고 기재부는 밝혔다. 정부는 이외에도 수도권 이외 지역의 숙박 시설에 묵는 관광객들의 숙박비에서 최대 3만원을 할인해주는 할인 쿠폰을 1년간 100만장 배포할 예정이다. 설 연휴에는 전통시장과 골목형 상점가에서 활용할 수 있는 온누리상품권 할인율도 10%에서 15%(모바일·카드형 기준)로 높인다. 아내는 서울 대기업, 남편은 경남 공장에서 근무하는 방식의 주말부부가 월세 세액공제를 각각 받을 수 있도록 하는 방안을 올해 세법 개정안에 반영하기로 했다.. 정부 발표와 별도로 서울시는 이날 서울 전 지역에서 쓸 수 있는 지역 화폐인 ‘서울사랑상품권’ 750억원어치를 오는 8일 발행한다고 밝혔다. 올해 발행하기로 한 1500억원어치 중 절반을 연초에 집중 발행하는 것이다. 서울시가 이 상품권을 연초에 조기 발행하는 건 이번이 처음이다. ◇”반년도 못 갈 경제정책 방향” 다","최 권한대행은 “경제 여건 전반을 1분기 중 재점검하고, 필요시 추가 경기 보강 방안을 강구하겠다”며 추가경정예산 편성 가능성을 시사했다.",반도체 등 주력 수출 업종의 경쟁 심화와 이달 20일 출범하는 트럼프 정부의 관세 장벽 강화 등으로 수출 증가율은 작년 8.2%에서 올해 1.5%로 쪼그라들 것으로 봤다.,국내공식통계,N,재정·조세,성장률 전망치,"성장률, 재정, 조세, 내수, 경기보강, 추경편성",-,-,-,,-,-,-,2025,-,,확정,2.10%,POLICY_VALUE,rule_fallback,성장률 전망치,-,2025,-,rule_fallback,증감률,2.1,-,-,N,%,증감률,증가,-,"""정부는 올해 소비자 물가 상승률도 한국은행의 물가 안정 목표치(2%)보다 낮은 1.8%로 전망해, 6개월 전 전망치(2.1%)보다 0.3%포인트 낮춰 잡았다.""",high,Y,measurement_rule_fallback:23,Y,23,0,HCX-007,v1.6-prev2-context,2026-07-30,성장률 전망치,,2025,,%,%,rate,rate_change,vehicle,,N,NOT_KOSIS_VALUE,measurement_usage=POLICY_VALUE,N,MAP000331,,skipped_not_eligible,,,,,,,,,,,,,,,,,,,,,,,,,,,,,,,,,,,,,,,,,,,,,,,,
A0031-C010,A0031-C010-m7,A0031,"추락하는 성장률, 내수 살려 떠받친다",2025-01-03,https://www.chosun.com/economy/economy_general/2025/01/03/FS5OTJUQ7RC5JIPD2GEHE7U47Q,"기재부 고위 관계자는 “각종 민생 대책에도 경기가 살아나지 않을 경우 여야정 협의체 논의를 거쳐 2분기 내 추경 편성을 검토할 수 있다는 의미”라며 “여야 정치권의 유불리를 따지기보다 경기 회복에 방점을 둘 것”이라고 했다. ◇숙박 쿠폰 100만장 배포… 카드 더 쓰면 20% 추가 공제 정부가 잠재 성장률(약 2%)보다 낮은 새해 성장률 전망치(1.8%)를 공식화하면서 경기가 일시적으로 나쁜 것이 아니라 경제의 기초 체력(펀더멘털) 약화로 저성장이 장기화하는 것 아니냐는 우려가 나온다. 정부는 올해 소비자 물가 상승률도 한국은행의 물가 안정 목표치(2%)보다 낮은 1.8%로 전망해, 6개월 전 전망치(2.1%)보다 0.3%포인트 낮춰 잡았다. 정부 전망대로 1%대 성장률과 물가 상승률이 현실화활 경우 코로나 대유행이 시작된 2020년 이후 5년 만에 처음으로 두 지표가 2%를 밑돌게 된다. ◇ “급한 불부터 끄자” 정부는 이날 발표한 새해 경제정책방향에 각종 내수 진작책을 앞세워 급한 불을 끄는 데 방점을 뒀다. 신차 개소세는 1월 3일 출고분부터 서둘러 앞당기기로 했다. 작년 10월에 차량 구매 계약을 했어도 출고 시점이 1월 3일 이후라면 개소세 혜택을 볼 수 있는 것이다. 정부의 개별소비세 인하는 지난 2018년 7월~2023년 6월 이후 1년 반 만이다. 4000만원짜리 신차를 구입한 경우 원래 개소세는 18%의 기본공제를 제외한 3280만원에 5%를 곱한 164만원이다. 그런데 3.5% 세율을 적용하면 이것이 115만원으로 49만원 줄어든다. 개별소비세액과 연동된 교육세·부가세 등을 포함하면, 줄어드는 세금의 총액은 70만원으로 늘어난다는 것이 기재부 설명이다. 정부는 또 올 한 해 민생·경기 사업의 40%를 1분기 안으로 집행하겠다고 밝히며, 정부 재정이 시장에 서둘러 풀리는 방안을 마련했다고 했다. 가령 노인 일자리 사업은 작년에는 2월부터 급여가 지급되기 시작했는데, 올해는 1월부터 급여가 지급되도록 했다. 전기차·수소차 구매 보조금 지급도 작년 2월 넷째 주부터 시행하던 것에서 올해는 1월 셋째 주로 앞당기기로 했다. 올 상반기에 구매한 전기차에 대해선 정부 보조금도 늘어난다. 기존엔 전기차 업체가 자체 할인해주는 금액의 20%를 정부가 추가 할인해줬는데, 이 추가 할인율을 최대 40%까지로 높인 것이다. ◇민생 입법 재추진 작년에 추진하려다 연말 국회 파행으로 무산된 민생 입법도 다시 추진한다. 먼저 조세특례제한법(조특법)을 고쳐 올 상반기 추가 소비분(전년 대비 5% 이상)에 대해 20%를 소득공제해주는 방안을 추진하기로 했다. 작년에는 추가 소비분의 10%만 공제했는데, 올해는 두 배로 늘리겠다는 것이다. 직전 3년보다 더 많은 금액을 투자한 중소·중견기업에 대해 세금을 더 깎아주는 임시투자세액공제 기한을 작년 말에서 올해 말로 1년 연장하는 조특법 개정도 추진된다. 다만 대기업은 2년 전과 달리 실적이 개선됐다는 이유로 임시투자세액공제를 연장할 계획이 없다고 기재부는 밝혔다. 정부는 이외에도 수도권 이외 지역의 숙박 시설에 묵는 관광객들의 숙박비에서 최대 3만원을 할인해주는 할인 쿠폰을 1년간 100만장 배포할 예정이다. 설 연휴에는 전통시장과 골목형 상점가에서 활용할 수 있는 온누리상품권 할인율도 10%에서 15%(모바일·카드형 기준)로 높인다. 아내는 서울 대기업, 남편은 경남 공장에서 근무하는 방식의 주말부부가 월세 세액공제를 각각 받을 수 있도록 하는 방안을 올해 세법 개정안에 반영하기로 했다.. 정부 발표와 별도로 서울시는 이날 서울 전 지역에서 쓸 수 있는 지역 화폐인 ‘서울사랑상품권’ 750억원어치를 오는 8일 발행한다고 밝혔다. 올해 발행하기로 한 1500억원어치 중 절반을 연초에 집중 발행하는 것이다. 서울시가 이 상품권을 연초에 조기 발행하는 건 이번이 처음이다. ◇”반년도 못 갈 경제정책 방향” 다","최 권한대행은 “경제 여건 전반을 1분기 중 재점검하고, 필요시 추가 경기 보강 방안을 강구하겠다”며 추가경정예산 편성 가능성을 시사했다.",반도체 등 주력 수출 업종의 경쟁 심화와 이달 20일 출범하는 트럼프 정부의 관세 장벽 강화 등으로 수출 증가율은 작년 8.2%에서 올해 1.5%로 쪼그라들 것으로 봤다.,국내공식통계,N,재정·조세,성장률 전망치,"성장률, 재정, 조세, 내수, 경기보강, 추경편성",-,-,-,,-,-,-,2025,-,,확정,1%,POLICY_VALUE,rule_fallback,성장률 전망치,-,2025,-,rule_fallback,증감률,1,-,-,N,%,증감률,증가,-,"""정부는 올해 소비자 물가 상승률도 한국은행의 물가 안정 목표치(2%)보다 낮은 1.8%로 전망해, 6개월 전 전망치(2.1%)보다 0.3%포인트 낮춰 잡았다.""",high,Y,measurement_rule_fallback:23,Y,23,0,HCX-007,v1.6-prev2-context,2026-07-30,성장률 전망치,,2025,,%,%,rate,rate_change,vehicle,,N,NOT_KOSIS_VALUE,measurement_usage=POLICY_VALUE,N,MAP000332,,skipped_not_eligible,,,,,,,,,,,,,,,,,,,,,,,,,,,,,,,,,,,,,,,,,,,,,,,,
A0031-C010,A0031-C010-m8,A0031,"추락하는 성장률, 내수 살려 떠받친다",2025-01-03,https://www.chosun.com/economy/economy_general/2025/01/03/FS5OTJUQ7RC5JIPD2GEHE7U47Q,"기재부 고위 관계자는 “각종 민생 대책에도 경기가 살아나지 않을 경우 여야정 협의체 논의를 거쳐 2분기 내 추경 편성을 검토할 수 있다는 의미”라며 “여야 정치권의 유불리를 따지기보다 경기 회복에 방점을 둘 것”이라고 했다. ◇숙박 쿠폰 100만장 배포… 카드 더 쓰면 20% 추가 공제 정부가 잠재 성장률(약 2%)보다 낮은 새해 성장률 전망치(1.8%)를 공식화하면서 경기가 일시적으로 나쁜 것이 아니라 경제의 기초 체력(펀더멘털) 약화로 저성장이 장기화하는 것 아니냐는 우려가 나온다. 정부는 올해 소비자 물가 상승률도 한국은행의 물가 안정 목표치(2%)보다 낮은 1.8%로 전망해, 6개월 전 전망치(2.1%)보다 0.3%포인트 낮춰 잡았다. 정부 전망대로 1%대 성장률과 물가 상승률이 현실화활 경우 코로나 대유행이 시작된 2020년 이후 5년 만에 처음으로 두 지표가 2%를 밑돌게 된다. ◇ “급한 불부터 끄자” 정부는 이날 발표한 새해 경제정책방향에 각종 내수 진작책을 앞세워 급한 불을 끄는 데 방점을 뒀다. 신차 개소세는 1월 3일 출고분부터 서둘러 앞당기기로 했다. 작년 10월에 차량 구매 계약을 했어도 출고 시점이 1월 3일 이후라면 개소세 혜택을 볼 수 있는 것이다. 정부의 개별소비세 인하는 지난 2018년 7월~2023년 6월 이후 1년 반 만이다. 4000만원짜리 신차를 구입한 경우 원래 개소세는 18%의 기본공제를 제외한 3280만원에 5%를 곱한 164만원이다. 그런데 3.5% 세율을 적용하면 이것이 115만원으로 49만원 줄어든다. 개별소비세액과 연동된 교육세·부가세 등을 포함하면, 줄어드는 세금의 총액은 70만원으로 늘어난다는 것이 기재부 설명이다. 정부는 또 올 한 해 민생·경기 사업의 40%를 1분기 안으로 집행하겠다고 밝히며, 정부 재정이 시장에 서둘러 풀리는 방안을 마련했다고 했다. 가령 노인 일자리 사업은 작년에는 2월부터 급여가 지급되기 시작했는데, 올해는 1월부터 급여가 지급되도록 했다. 전기차·수소차 구매 보조금 지급도 작년 2월 넷째 주부터 시행하던 것에서 올해는 1월 셋째 주로 앞당기기로 했다. 올 상반기에 구매한 전기차에 대해선 정부 보조금도 늘어난다. 기존엔 전기차 업체가 자체 할인해주는 금액의 20%를 정부가 추가 할인해줬는데, 이 추가 할인율을 최대 40%까지로 높인 것이다. ◇민생 입법 재추진 작년에 추진하려다 연말 국회 파행으로 무산된 민생 입법도 다시 추진한다. 먼저 조세특례제한법(조특법)을 고쳐 올 상반기 추가 소비분(전년 대비 5% 이상)에 대해 20%를 소득공제해주는 방안을 추진하기로 했다. 작년에는 추가 소비분의 10%만 공제했는데, 올해는 두 배로 늘리겠다는 것이다. 직전 3년보다 더 많은 금액을 투자한 중소·중견기업에 대해 세금을 더 깎아주는 임시투자세액공제 기한을 작년 말에서 올해 말로 1년 연장하는 조특법 개정도 추진된다. 다만 대기업은 2년 전과 달리 실적이 개선됐다는 이유로 임시투자세액공제를 연장할 계획이 없다고 기재부는 밝혔다. 정부는 이외에도 수도권 이외 지역의 숙박 시설에 묵는 관광객들의 숙박비에서 최대 3만원을 할인해주는 할인 쿠폰을 1년간 100만장 배포할 예정이다. 설 연휴에는 전통시장과 골목형 상점가에서 활용할 수 있는 온누리상품권 할인율도 10%에서 15%(모바일·카드형 기준)로 높인다. 아내는 서울 대기업, 남편은 경남 공장에서 근무하는 방식의 주말부부가 월세 세액공제를 각각 받을 수 있도록 하는 방안을 올해 세법 개정안에 반영하기로 했다.. 정부 발표와 별도로 서울시는 이날 서울 전 지역에서 쓸 수 있는 지역 화폐인 ‘서울사랑상품권’ 750억원어치를 오는 8일 발행한다고 밝혔다. 올해 발행하기로 한 1500억원어치 중 절반을 연초에 집중 발행하는 것이다. 서울시가 이 상품권을 연초에 조기 발행하는 건 이번이 처음이다. ◇”반년도 못 갈 경제정책 방향” 다","최 권한대행은 “경제 여건 전반을 1분기 중 재점검하고, 필요시 추가 경기 보강 방안을 강구하겠다”며 추가경정예산 편성 가능성을 시사했다.",반도체 등 주력 수출 업종의 경쟁 심화와 이달 20일 출범하는 트럼프 정부의 관세 장벽 강화 등으로 수출 증가율은 작년 8.2%에서 올해 1.5%로 쪼그라들 것으로 봤다.,국내공식통계,N,재정·조세,성장률 전망치,"성장률, 재정, 조세, 내수, 경기보강, 추경편성",-,-,-,,-,-,-,2025,-,,확정,5년,CONTEXT,rule_fallback,성장률 전망치,-,2025,-,rule_fallback,참고값,5,-,-,N,년,수준값,증가,-,"""정부는 올해 소비자 물가 상승률도 한국은행의 물가 안정 목표치(2%)보다 낮은 1.8%로 전망해, 6개월 전 전망치(2.1%)보다 0.3%포인트 낮춰 잡았다.""",high,Y,measurement_rule_fallback:23,Y,23,0,HCX-007,v1.6-prev2-context,2026-07-30,성장률 전망치,,2025,,년,년,duration,condition,vehicle,,N,NOT_KOSIS_VALUE,measurement_usage=CONTEXT,N,MAP000333,,skipped_not_eligible,,,,,,,,,,,,,,,,,,,,,,,,,,,,,,,,,,,,,,,,,,,,,,,,
A0031-C010,A0031-C010-m9,A0031,"추락하는 성장률, 내수 살려 떠받친다",2025-01-03,https://www.chosun.com/economy/economy_general/2025/01/03/FS5OTJUQ7RC5JIPD2GEHE7U47Q,"기재부 고위 관계자는 “각종 민생 대책에도 경기가 살아나지 않을 경우 여야정 협의체 논의를 거쳐 2분기 내 추경 편성을 검토할 수 있다는 의미”라며 “여야 정치권의 유불리를 따지기보다 경기 회복에 방점을 둘 것”이라고 했다. ◇숙박 쿠폰 100만장 배포… 카드 더 쓰면 20% 추가 공제 정부가 잠재 성장률(약 2%)보다 낮은 새해 성장률 전망치(1.8%)를 공식화하면서 경기가 일시적으로 나쁜 것이 아니라 경제의 기초 체력(펀더멘털) 약화로 저성장이 장기화하는 것 아니냐는 우려가 나온다. 정부는 올해 소비자 물가 상승률도 한국은행의 물가 안정 목표치(2%)보다 낮은 1.8%로 전망해, 6개월 전 전망치(2.1%)보다 0.3%포인트 낮춰 잡았다. 정부 전망대로 1%대 성장률과 물가 상승률이 현실화활 경우 코로나 대유행이 시작된 2020년 이후 5년 만에 처음으로 두 지표가 2%를 밑돌게 된다. ◇ “급한 불부터 끄자” 정부는 이날 발표한 새해 경제정책방향에 각종 내수 진작책을 앞세워 급한 불을 끄는 데 방점을 뒀다. 신차 개소세는 1월 3일 출고분부터 서둘러 앞당기기로 했다. 작년 10월에 차량 구매 계약을 했어도 출고 시점이 1월 3일 이후라면 개소세 혜택을 볼 수 있는 것이다. 정부의 개별소비세 인하는 지난 2018년 7월~2023년 6월 이후 1년 반 만이다. 4000만원짜리 신차를 구입한 경우 원래 개소세는 18%의 기본공제를 제외한 3280만원에 5%를 곱한 164만원이다. 그런데 3.5% 세율을 적용하면 이것이 115만원으로 49만원 줄어든다. 개별소비세액과 연동된 교육세·부가세 등을 포함하면, 줄어드는 세금의 총액은 70만원으로 늘어난다는 것이 기재부 설명이다. 정부는 또 올 한 해 민생·경기 사업의 40%를 1분기 안으로 집행하겠다고 밝히며, 정부 재정이 시장에 서둘러 풀리는 방안을 마련했다고 했다. 가령 노인 일자리 사업은 작년에는 2월부터 급여가 지급되기 시작했는데, 올해는 1월부터 급여가 지급되도록 했다. 전기차·수소차 구매 보조금 지급도 작년 2월 넷째 주부터 시행하던 것에서 올해는 1월 셋째 주로 앞당기기로 했다. 올 상반기에 구매한 전기차에 대해선 정부 보조금도 늘어난다. 기존엔 전기차 업체가 자체 할인해주는 금액의 20%를 정부가 추가 할인해줬는데, 이 추가 할인율을 최대 40%까지로 높인 것이다. ◇민생 입법 재추진 작년에 추진하려다 연말 국회 파행으로 무산된 민생 입법도 다시 추진한다. 먼저 조세특례제한법(조특법)을 고쳐 올 상반기 추가 소비분(전년 대비 5% 이상)에 대해 20%를 소득공제해주는 방안을 추진하기로 했다. 작년에는 추가 소비분의 10%만 공제했는데, 올해는 두 배로 늘리겠다는 것이다. 직전 3년보다 더 많은 금액을 투자한 중소·중견기업에 대해 세금을 더 깎아주는 임시투자세액공제 기한을 작년 말에서 올해 말로 1년 연장하는 조특법 개정도 추진된다. 다만 대기업은 2년 전과 달리 실적이 개선됐다는 이유로 임시투자세액공제를 연장할 계획이 없다고 기재부는 밝혔다. 정부는 이외에도 수도권 이외 지역의 숙박 시설에 묵는 관광객들의 숙박비에서 최대 3만원을 할인해주는 할인 쿠폰을 1년간 100만장 배포할 예정이다. 설 연휴에는 전통시장과 골목형 상점가에서 활용할 수 있는 온누리상품권 할인율도 10%에서 15%(모바일·카드형 기준)로 높인다. 아내는 서울 대기업, 남편은 경남 공장에서 근무하는 방식의 주말부부가 월세 세액공제를 각각 받을 수 있도록 하는 방안을 올해 세법 개정안에 반영하기로 했다.. 정부 발표와 별도로 서울시는 이날 서울 전 지역에서 쓸 수 있는 지역 화폐인 ‘서울사랑상품권’ 750억원어치를 오는 8일 발행한다고 밝혔다. 올해 발행하기로 한 1500억원어치 중 절반을 연초에 집중 발행하는 것이다. 서울시가 이 상품권을 연초에 조기 발행하는 건 이번이 처음이다. ◇”반년도 못 갈 경제정책 방향” 다","최 권한대행은 “경제 여건 전반을 1분기 중 재점검하고, 필요시 추가 경기 보강 방안을 강구하겠다”며 추가경정예산 편성 가능성을 시사했다.",반도체 등 주력 수출 업종의 경쟁 심화와 이달 20일 출범하는 트럼프 정부의 관세 장벽 강화 등으로 수출 증가율은 작년 8.2%에서 올해 1.5%로 쪼그라들 것으로 봤다.,국내공식통계,N,재정·조세,성장률 전망치,"성장률, 재정, 조세, 내수, 경기보강, 추경편성",-,-,-,,-,-,-,2025,-,,확정,1년,CONTEXT,rule_fallback,성장률 전망치,-,2025,-,rule_fallback,참고값,1,-,-,N,년,수준값,증가,-,"""정부는 올해 소비자 물가 상승률도 한국은행의 물가 안정 목표치(2%)보다 낮은 1.8%로 전망해, 6개월 전 전망치(2.1%)보다 0.3%포인트 낮춰 잡았다.""",high,Y,measurement_rule_fallback:23,Y,23,0,HCX-007,v1.6-prev2-context,2026-07-30,성장률 전망치,,2025,,년,년,duration,condition,vehicle,,N,NOT_KOSIS_VALUE,measurement_usage=CONTEXT,N,MAP000334,,skipped_not_eligible,,,,,,,,,,,,,,,,,,,,,,,,,,,,,,,,,,,,,,,,,,,,,,,,
A0031-C010,A0031-C010-m10,A0031,"추락하는 성장률, 내수 살려 떠받친다",2025-01-03,https://www.chosun.com/economy/economy_general/2025/01/03/FS5OTJUQ7RC5JIPD2GEHE7U47Q,"기재부 고위 관계자는 “각종 민생 대책에도 경기가 살아나지 않을 경우 여야정 협의체 논의를 거쳐 2분기 내 추경 편성을 검토할 수 있다는 의미”라며 “여야 정치권의 유불리를 따지기보다 경기 회복에 방점을 둘 것”이라고 했다. ◇숙박 쿠폰 100만장 배포… 카드 더 쓰면 20% 추가 공제 정부가 잠재 성장률(약 2%)보다 낮은 새해 성장률 전망치(1.8%)를 공식화하면서 경기가 일시적으로 나쁜 것이 아니라 경제의 기초 체력(펀더멘털) 약화로 저성장이 장기화하는 것 아니냐는 우려가 나온다. 정부는 올해 소비자 물가 상승률도 한국은행의 물가 안정 목표치(2%)보다 낮은 1.8%로 전망해, 6개월 전 전망치(2.1%)보다 0.3%포인트 낮춰 잡았다. 정부 전망대로 1%대 성장률과 물가 상승률이 현실화활 경우 코로나 대유행이 시작된 2020년 이후 5년 만에 처음으로 두 지표가 2%를 밑돌게 된다. ◇ “급한 불부터 끄자” 정부는 이날 발표한 새해 경제정책방향에 각종 내수 진작책을 앞세워 급한 불을 끄는 데 방점을 뒀다. 신차 개소세는 1월 3일 출고분부터 서둘러 앞당기기로 했다. 작년 10월에 차량 구매 계약을 했어도 출고 시점이 1월 3일 이후라면 개소세 혜택을 볼 수 있는 것이다. 정부의 개별소비세 인하는 지난 2018년 7월~2023년 6월 이후 1년 반 만이다. 4000만원짜리 신차를 구입한 경우 원래 개소세는 18%의 기본공제를 제외한 3280만원에 5%를 곱한 164만원이다. 그런데 3.5% 세율을 적용하면 이것이 115만원으로 49만원 줄어든다. 개별소비세액과 연동된 교육세·부가세 등을 포함하면, 줄어드는 세금의 총액은 70만원으로 늘어난다는 것이 기재부 설명이다. 정부는 또 올 한 해 민생·경기 사업의 40%를 1분기 안으로 집행하겠다고 밝히며, 정부 재정이 시장에 서둘러 풀리는 방안을 마련했다고 했다. 가령 노인 일자리 사업은 작년에는 2월부터 급여가 지급되기 시작했는데, 올해는 1월부터 급여가 지급되도록 했다. 전기차·수소차 구매 보조금 지급도 작년 2월 넷째 주부터 시행하던 것에서 올해는 1월 셋째 주로 앞당기기로 했다. 올 상반기에 구매한 전기차에 대해선 정부 보조금도 늘어난다. 기존엔 전기차 업체가 자체 할인해주는 금액의 20%를 정부가 추가 할인해줬는데, 이 추가 할인율을 최대 40%까지로 높인 것이다. ◇민생 입법 재추진 작년에 추진하려다 연말 국회 파행으로 무산된 민생 입법도 다시 추진한다. 먼저 조세특례제한법(조특법)을 고쳐 올 상반기 추가 소비분(전년 대비 5% 이상)에 대해 20%를 소득공제해주는 방안을 추진하기로 했다. 작년에는 추가 소비분의 10%만 공제했는데, 올해는 두 배로 늘리겠다는 것이다. 직전 3년보다 더 많은 금액을 투자한 중소·중견기업에 대해 세금을 더 깎아주는 임시투자세액공제 기한을 작년 말에서 올해 말로 1년 연장하는 조특법 개정도 추진된다. 다만 대기업은 2년 전과 달리 실적이 개선됐다는 이유로 임시투자세액공제를 연장할 계획이 없다고 기재부는 밝혔다. 정부는 이외에도 수도권 이외 지역의 숙박 시설에 묵는 관광객들의 숙박비에서 최대 3만원을 할인해주는 할인 쿠폰을 1년간 100만장 배포할 예정이다. 설 연휴에는 전통시장과 골목형 상점가에서 활용할 수 있는 온누리상품권 할인율도 10%에서 15%(모바일·카드형 기준)로 높인다. 아내는 서울 대기업, 남편은 경남 공장에서 근무하는 방식의 주말부부가 월세 세액공제를 각각 받을 수 있도록 하는 방안을 올해 세법 개정안에 반영하기로 했다.. 정부 발표와 별도로 서울시는 이날 서울 전 지역에서 쓸 수 있는 지역 화폐인 ‘서울사랑상품권’ 750억원어치를 오는 8일 발행한다고 밝혔다. 올해 발행하기로 한 1500억원어치 중 절반을 연초에 집중 발행하는 것이다. 서울시가 이 상품권을 연초에 조기 발행하는 건 이번이 처음이다. ◇”반년도 못 갈 경제정책 방향” 다","최 권한대행은 “경제 여건 전반을 1분기 중 재점검하고, 필요시 추가 경기 보강 방안을 강구하겠다”며 추가경정예산 편성 가능성을 시사했다.",반도체 등 주력 수출 업종의 경쟁 심화와 이달 20일 출범하는 트럼프 정부의 관세 장벽 강화 등으로 수출 증가율은 작년 8.2%에서 올해 1.5%로 쪼그라들 것으로 봤다.,국내공식통계,N,재정·조세,성장률 전망치,"성장률, 재정, 조세, 내수, 경기보강, 추경편성",-,-,-,,-,-,-,2025,-,,확정,4000만원,POLICY_VALUE,rule_fallback,성장률 전망치,-,2025,-,rule_fallback,현재값,40000000,-,-,N,원,수준값,증가,-,"""정부는 올해 소비자 물가 상승률도 한국은행의 물가 안정 목표치(2%)보다 낮은 1.8%로 전망해, 6개월 전 전망치(2.1%)보다 0.3%포인트 낮춰 잡았다.""",high,Y,measurement_rule_fallback:23,Y,23,0,HCX-007,v1.6-prev2-context,2026-07-30,성장률 전망치,,2025,,원,원,currency,amount,vehicle,,N,NOT_KOSIS_VALUE,measurement_usage=POLICY_VALUE,N,MAP000335,,skipped_not_eligible,,,,,,,,,,,,,,,,,,,,,,,,,,,,,,,,,,,,,,,,,,,,,,,,
A0031-C010,A0031-C010-m11,A0031,"추락하는 성장률, 내수 살려 떠받친다",2025-01-03,https://www.chosun.com/economy/economy_general/2025/01/03/FS5OTJUQ7RC5JIPD2GEHE7U47Q,"기재부 고위 관계자는 “각종 민생 대책에도 경기가 살아나지 않을 경우 여야정 협의체 논의를 거쳐 2분기 내 추경 편성을 검토할 수 있다는 의미”라며 “여야 정치권의 유불리를 따지기보다 경기 회복에 방점을 둘 것”이라고 했다. ◇숙박 쿠폰 100만장 배포… 카드 더 쓰면 20% 추가 공제 정부가 잠재 성장률(약 2%)보다 낮은 새해 성장률 전망치(1.8%)를 공식화하면서 경기가 일시적으로 나쁜 것이 아니라 경제의 기초 체력(펀더멘털) 약화로 저성장이 장기화하는 것 아니냐는 우려가 나온다. 정부는 올해 소비자 물가 상승률도 한국은행의 물가 안정 목표치(2%)보다 낮은 1.8%로 전망해, 6개월 전 전망치(2.1%)보다 0.3%포인트 낮춰 잡았다. 정부 전망대로 1%대 성장률과 물가 상승률이 현실화활 경우 코로나 대유행이 시작된 2020년 이후 5년 만에 처음으로 두 지표가 2%를 밑돌게 된다. ◇ “급한 불부터 끄자” 정부는 이날 발표한 새해 경제정책방향에 각종 내수 진작책을 앞세워 급한 불을 끄는 데 방점을 뒀다. 신차 개소세는 1월 3일 출고분부터 서둘러 앞당기기로 했다. 작년 10월에 차량 구매 계약을 했어도 출고 시점이 1월 3일 이후라면 개소세 혜택을 볼 수 있는 것이다. 정부의 개별소비세 인하는 지난 2018년 7월~2023년 6월 이후 1년 반 만이다. 4000만원짜리 신차를 구입한 경우 원래 개소세는 18%의 기본공제를 제외한 3280만원에 5%를 곱한 164만원이다. 그런데 3.5% 세율을 적용하면 이것이 115만원으로 49만원 줄어든다. 개별소비세액과 연동된 교육세·부가세 등을 포함하면, 줄어드는 세금의 총액은 70만원으로 늘어난다는 것이 기재부 설명이다. 정부는 또 올 한 해 민생·경기 사업의 40%를 1분기 안으로 집행하겠다고 밝히며, 정부 재정이 시장에 서둘러 풀리는 방안을 마련했다고 했다. 가령 노인 일자리 사업은 작년에는 2월부터 급여가 지급되기 시작했는데, 올해는 1월부터 급여가 지급되도록 했다. 전기차·수소차 구매 보조금 지급도 작년 2월 넷째 주부터 시행하던 것에서 올해는 1월 셋째 주로 앞당기기로 했다. 올 상반기에 구매한 전기차에 대해선 정부 보조금도 늘어난다. 기존엔 전기차 업체가 자체 할인해주는 금액의 20%를 정부가 추가 할인해줬는데, 이 추가 할인율을 최대 40%까지로 높인 것이다. ◇민생 입법 재추진 작년에 추진하려다 연말 국회 파행으로 무산된 민생 입법도 다시 추진한다. 먼저 조세특례제한법(조특법)을 고쳐 올 상반기 추가 소비분(전년 대비 5% 이상)에 대해 20%를 소득공제해주는 방안을 추진하기로 했다. 작년에는 추가 소비분의 10%만 공제했는데, 올해는 두 배로 늘리겠다는 것이다. 직전 3년보다 더 많은 금액을 투자한 중소·중견기업에 대해 세금을 더 깎아주는 임시투자세액공제 기한을 작년 말에서 올해 말로 1년 연장하는 조특법 개정도 추진된다. 다만 대기업은 2년 전과 달리 실적이 개선됐다는 이유로 임시투자세액공제를 연장할 계획이 없다고 기재부는 밝혔다. 정부는 이외에도 수도권 이외 지역의 숙박 시설에 묵는 관광객들의 숙박비에서 최대 3만원을 할인해주는 할인 쿠폰을 1년간 100만장 배포할 예정이다. 설 연휴에는 전통시장과 골목형 상점가에서 활용할 수 있는 온누리상품권 할인율도 10%에서 15%(모바일·카드형 기준)로 높인다. 아내는 서울 대기업, 남편은 경남 공장에서 근무하는 방식의 주말부부가 월세 세액공제를 각각 받을 수 있도록 하는 방안을 올해 세법 개정안에 반영하기로 했다.. 정부 발표와 별도로 서울시는 이날 서울 전 지역에서 쓸 수 있는 지역 화폐인 ‘서울사랑상품권’ 750억원어치를 오는 8일 발행한다고 밝혔다. 올해 발행하기로 한 1500억원어치 중 절반을 연초에 집중 발행하는 것이다. 서울시가 이 상품권을 연초에 조기 발행하는 건 이번이 처음이다. ◇”반년도 못 갈 경제정책 방향” 다","최 권한대행은 “경제 여건 전반을 1분기 중 재점검하고, 필요시 추가 경기 보강 방안을 강구하겠다”며 추가경정예산 편성 가능성을 시사했다.",반도체 등 주력 수출 업종의 경쟁 심화와 이달 20일 출범하는 트럼프 정부의 관세 장벽 강화 등으로 수출 증가율은 작년 8.2%에서 올해 1.5%로 쪼그라들 것으로 봤다.,국내공식통계,N,재정·조세,성장률 전망치,"성장률, 재정, 조세, 내수, 경기보강, 추경편성",-,-,-,,-,-,-,2025,-,,확정,18%,POLICY_VALUE,rule_fallback,성장률 전망치,-,2025,-,rule_fallback,증감률,18,-,-,N,%,증감률,증가,-,"""정부는 올해 소비자 물가 상승률도 한국은행의 물가 안정 목표치(2%)보다 낮은 1.8%로 전망해, 6개월 전 전망치(2.1%)보다 0.3%포인트 낮춰 잡았다.""",high,Y,measurement_rule_fallback:23,Y,23,0,HCX-007,v1.6-prev2-context,2026-07-30,성장률 전망치,,2025,,%,%,rate,rate_change,vehicle,,N,NOT_KOSIS_VALUE,measurement_usage=POLICY_VALUE,N,MAP000336,,skipped_not_eligible,,,,,,,,,,,,,,,,,,,,,,,,,,,,,,,,,,,,,,,,,,,,,,,,
A0031-C010,A0031-C010-m12,A0031,"추락하는 성장률, 내수 살려 떠받친다",2025-01-03,https://www.chosun.com/economy/economy_general/2025/01/03/FS5OTJUQ7RC5JIPD2GEHE7U47Q,"기재부 고위 관계자는 “각종 민생 대책에도 경기가 살아나지 않을 경우 여야정 협의체 논의를 거쳐 2분기 내 추경 편성을 검토할 수 있다는 의미”라며 “여야 정치권의 유불리를 따지기보다 경기 회복에 방점을 둘 것”이라고 했다. ◇숙박 쿠폰 100만장 배포… 카드 더 쓰면 20% 추가 공제 정부가 잠재 성장률(약 2%)보다 낮은 새해 성장률 전망치(1.8%)를 공식화하면서 경기가 일시적으로 나쁜 것이 아니라 경제의 기초 체력(펀더멘털) 약화로 저성장이 장기화하는 것 아니냐는 우려가 나온다. 정부는 올해 소비자 물가 상승률도 한국은행의 물가 안정 목표치(2%)보다 낮은 1.8%로 전망해, 6개월 전 전망치(2.1%)보다 0.3%포인트 낮춰 잡았다. 정부 전망대로 1%대 성장률과 물가 상승률이 현실화활 경우 코로나 대유행이 시작된 2020년 이후 5년 만에 처음으로 두 지표가 2%를 밑돌게 된다. ◇ “급한 불부터 끄자” 정부는 이날 발표한 새해 경제정책방향에 각종 내수 진작책을 앞세워 급한 불을 끄는 데 방점을 뒀다. 신차 개소세는 1월 3일 출고분부터 서둘러 앞당기기로 했다. 작년 10월에 차량 구매 계약을 했어도 출고 시점이 1월 3일 이후라면 개소세 혜택을 볼 수 있는 것이다. 정부의 개별소비세 인하는 지난 2018년 7월~2023년 6월 이후 1년 반 만이다. 4000만원짜리 신차를 구입한 경우 원래 개소세는 18%의 기본공제를 제외한 3280만원에 5%를 곱한 164만원이다. 그런데 3.5% 세율을 적용하면 이것이 115만원으로 49만원 줄어든다. 개별소비세액과 연동된 교육세·부가세 등을 포함하면, 줄어드는 세금의 총액은 70만원으로 늘어난다는 것이 기재부 설명이다. 정부는 또 올 한 해 민생·경기 사업의 40%를 1분기 안으로 집행하겠다고 밝히며, 정부 재정이 시장에 서둘러 풀리는 방안을 마련했다고 했다. 가령 노인 일자리 사업은 작년에는 2월부터 급여가 지급되기 시작했는데, 올해는 1월부터 급여가 지급되도록 했다. 전기차·수소차 구매 보조금 지급도 작년 2월 넷째 주부터 시행하던 것에서 올해는 1월 셋째 주로 앞당기기로 했다. 올 상반기에 구매한 전기차에 대해선 정부 보조금도 늘어난다. 기존엔 전기차 업체가 자체 할인해주는 금액의 20%를 정부가 추가 할인해줬는데, 이 추가 할인율을 최대 40%까지로 높인 것이다. ◇민생 입법 재추진 작년에 추진하려다 연말 국회 파행으로 무산된 민생 입법도 다시 추진한다. 먼저 조세특례제한법(조특법)을 고쳐 올 상반기 추가 소비분(전년 대비 5% 이상)에 대해 20%를 소득공제해주는 방안을 추진하기로 했다. 작년에는 추가 소비분의 10%만 공제했는데, 올해는 두 배로 늘리겠다는 것이다. 직전 3년보다 더 많은 금액을 투자한 중소·중견기업에 대해 세금을 더 깎아주는 임시투자세액공제 기한을 작년 말에서 올해 말로 1년 연장하는 조특법 개정도 추진된다. 다만 대기업은 2년 전과 달리 실적이 개선됐다는 이유로 임시투자세액공제를 연장할 계획이 없다고 기재부는 밝혔다. 정부는 이외에도 수도권 이외 지역의 숙박 시설에 묵는 관광객들의 숙박비에서 최대 3만원을 할인해주는 할인 쿠폰을 1년간 100만장 배포할 예정이다. 설 연휴에는 전통시장과 골목형 상점가에서 활용할 수 있는 온누리상품권 할인율도 10%에서 15%(모바일·카드형 기준)로 높인다. 아내는 서울 대기업, 남편은 경남 공장에서 근무하는 방식의 주말부부가 월세 세액공제를 각각 받을 수 있도록 하는 방안을 올해 세법 개정안에 반영하기로 했다.. 정부 발표와 별도로 서울시는 이날 서울 전 지역에서 쓸 수 있는 지역 화폐인 ‘서울사랑상품권’ 750억원어치를 오는 8일 발행한다고 밝혔다. 올해 발행하기로 한 1500억원어치 중 절반을 연초에 집중 발행하는 것이다. 서울시가 이 상품권을 연초에 조기 발행하는 건 이번이 처음이다. ◇”반년도 못 갈 경제정책 방향” 다","최 권한대행은 “경제 여건 전반을 1분기 중 재점검하고, 필요시 추가 경기 보강 방안을 강구하겠다”며 추가경정예산 편성 가능성을 시사했다.",반도체 등 주력 수출 업종의 경쟁 심화와 이달 20일 출범하는 트럼프 정부의 관세 장벽 강화 등으로 수출 증가율은 작년 8.2%에서 올해 1.5%로 쪼그라들 것으로 봤다.,국내공식통계,N,재정·조세,성장률 전망치,"성장률, 재정, 조세, 내수, 경기보강, 추경편성",-,-,-,,-,-,-,2025,-,,확정,3280만원,POLICY_VALUE,rule_fallback,성장률 전망치,-,2025,-,rule_fallback,현재값,32800000,-,-,N,원,수준값,증가,-,"""정부는 올해 소비자 물가 상승률도 한국은행의 물가 안정 목표치(2%)보다 낮은 1.8%로 전망해, 6개월 전 전망치(2.1%)보다 0.3%포인트 낮춰 잡았다.""",high,Y,measurement_rule_fallback:23,Y,23,0,HCX-007,v1.6-prev2-context,2026-07-30,성장률 전망치,,2025,,원,원,currency,amount,vehicle,,N,NOT_KOSIS_VALUE,measurement_usage=POLICY_VALUE,N,MAP000337,,skipped_not_eligible,,,,,,,,,,,,,,,,,,,,,,,,,,,,,,,,,,,,,,,,,,,,,,,,
A0031-C010,A0031-C010-m13,A0031,"추락하는 성장률, 내수 살려 떠받친다",2025-01-03,https://www.chosun.com/economy/economy_general/2025/01/03/FS5OTJUQ7RC5JIPD2GEHE7U47Q,"기재부 고위 관계자는 “각종 민생 대책에도 경기가 살아나지 않을 경우 여야정 협의체 논의를 거쳐 2분기 내 추경 편성을 검토할 수 있다는 의미”라며 “여야 정치권의 유불리를 따지기보다 경기 회복에 방점을 둘 것”이라고 했다. ◇숙박 쿠폰 100만장 배포… 카드 더 쓰면 20% 추가 공제 정부가 잠재 성장률(약 2%)보다 낮은 새해 성장률 전망치(1.8%)를 공식화하면서 경기가 일시적으로 나쁜 것이 아니라 경제의 기초 체력(펀더멘털) 약화로 저성장이 장기화하는 것 아니냐는 우려가 나온다. 정부는 올해 소비자 물가 상승률도 한국은행의 물가 안정 목표치(2%)보다 낮은 1.8%로 전망해, 6개월 전 전망치(2.1%)보다 0.3%포인트 낮춰 잡았다. 정부 전망대로 1%대 성장률과 물가 상승률이 현실화활 경우 코로나 대유행이 시작된 2020년 이후 5년 만에 처음으로 두 지표가 2%를 밑돌게 된다. ◇ “급한 불부터 끄자” 정부는 이날 발표한 새해 경제정책방향에 각종 내수 진작책을 앞세워 급한 불을 끄는 데 방점을 뒀다. 신차 개소세는 1월 3일 출고분부터 서둘러 앞당기기로 했다. 작년 10월에 차량 구매 계약을 했어도 출고 시점이 1월 3일 이후라면 개소세 혜택을 볼 수 있는 것이다. 정부의 개별소비세 인하는 지난 2018년 7월~2023년 6월 이후 1년 반 만이다. 4000만원짜리 신차를 구입한 경우 원래 개소세는 18%의 기본공제를 제외한 3280만원에 5%를 곱한 164만원이다. 그런데 3.5% 세율을 적용하면 이것이 115만원으로 49만원 줄어든다. 개별소비세액과 연동된 교육세·부가세 등을 포함하면, 줄어드는 세금의 총액은 70만원으로 늘어난다는 것이 기재부 설명이다. 정부는 또 올 한 해 민생·경기 사업의 40%를 1분기 안으로 집행하겠다고 밝히며, 정부 재정이 시장에 서둘러 풀리는 방안을 마련했다고 했다. 가령 노인 일자리 사업은 작년에는 2월부터 급여가 지급되기 시작했는데, 올해는 1월부터 급여가 지급되도록 했다. 전기차·수소차 구매 보조금 지급도 작년 2월 넷째 주부터 시행하던 것에서 올해는 1월 셋째 주로 앞당기기로 했다. 올 상반기에 구매한 전기차에 대해선 정부 보조금도 늘어난다. 기존엔 전기차 업체가 자체 할인해주는 금액의 20%를 정부가 추가 할인해줬는데, 이 추가 할인율을 최대 40%까지로 높인 것이다. ◇민생 입법 재추진 작년에 추진하려다 연말 국회 파행으로 무산된 민생 입법도 다시 추진한다. 먼저 조세특례제한법(조특법)을 고쳐 올 상반기 추가 소비분(전년 대비 5% 이상)에 대해 20%를 소득공제해주는 방안을 추진하기로 했다. 작년에는 추가 소비분의 10%만 공제했는데, 올해는 두 배로 늘리겠다는 것이다. 직전 3년보다 더 많은 금액을 투자한 중소·중견기업에 대해 세금을 더 깎아주는 임시투자세액공제 기한을 작년 말에서 올해 말로 1년 연장하는 조특법 개정도 추진된다. 다만 대기업은 2년 전과 달리 실적이 개선됐다는 이유로 임시투자세액공제를 연장할 계획이 없다고 기재부는 밝혔다. 정부는 이외에도 수도권 이외 지역의 숙박 시설에 묵는 관광객들의 숙박비에서 최대 3만원을 할인해주는 할인 쿠폰을 1년간 100만장 배포할 예정이다. 설 연휴에는 전통시장과 골목형 상점가에서 활용할 수 있는 온누리상품권 할인율도 10%에서 15%(모바일·카드형 기준)로 높인다. 아내는 서울 대기업, 남편은 경남 공장에서 근무하는 방식의 주말부부가 월세 세액공제를 각각 받을 수 있도록 하는 방안을 올해 세법 개정안에 반영하기로 했다.. 정부 발표와 별도로 서울시는 이날 서울 전 지역에서 쓸 수 있는 지역 화폐인 ‘서울사랑상품권’ 750억원어치를 오는 8일 발행한다고 밝혔다. 올해 발행하기로 한 1500억원어치 중 절반을 연초에 집중 발행하는 것이다. 서울시가 이 상품권을 연초에 조기 발행하는 건 이번이 처음이다. ◇”반년도 못 갈 경제정책 방향” 다","최 권한대행은 “경제 여건 전반을 1분기 중 재점검하고, 필요시 추가 경기 보강 방안을 강구하겠다”며 추가경정예산 편성 가능성을 시사했다.",반도체 등 주력 수출 업종의 경쟁 심화와 이달 20일 출범하는 트럼프 정부의 관세 장벽 강화 등으로 수출 증가율은 작년 8.2%에서 올해 1.5%로 쪼그라들 것으로 봤다.,국내공식통계,N,재정·조세,성장률 전망치,"성장률, 재정, 조세, 내수, 경기보강, 추경편성",-,-,-,,-,-,-,2025,-,,확정,5%,POLICY_VALUE,rule_fallback,성장률 전망치,-,2025,-,rule_fallback,증감률,5,-,-,N,%,증감률,증가,-,"""정부는 올해 소비자 물가 상승률도 한국은행의 물가 안정 목표치(2%)보다 낮은 1.8%로 전망해, 6개월 전 전망치(2.1%)보다 0.3%포인트 낮춰 잡았다.""",high,Y,measurement_rule_fallback:23,Y,23,0,HCX-007,v1.6-prev2-context,2026-07-30,성장률 전망치,,2025,,%,%,rate,rate_change,vehicle,,N,NOT_KOSIS_VALUE,measurement_usage=POLICY_VALUE,N,MAP000338,,skipped_not_eligible,,,,,,,,,,,,,,,,,,,,,,,,,,,,,,,,,,,,,,,,,,,,,,,,
A0031-C010,A0031-C010-m14,A0031,"추락하는 성장률, 내수 살려 떠받친다",2025-01-03,https://www.chosun.com/economy/economy_general/2025/01/03/FS5OTJUQ7RC5JIPD2GEHE7U47Q,"기재부 고위 관계자는 “각종 민생 대책에도 경기가 살아나지 않을 경우 여야정 협의체 논의를 거쳐 2분기 내 추경 편성을 검토할 수 있다는 의미”라며 “여야 정치권의 유불리를 따지기보다 경기 회복에 방점을 둘 것”이라고 했다. ◇숙박 쿠폰 100만장 배포… 카드 더 쓰면 20% 추가 공제 정부가 잠재 성장률(약 2%)보다 낮은 새해 성장률 전망치(1.8%)를 공식화하면서 경기가 일시적으로 나쁜 것이 아니라 경제의 기초 체력(펀더멘털) 약화로 저성장이 장기화하는 것 아니냐는 우려가 나온다. 정부는 올해 소비자 물가 상승률도 한국은행의 물가 안정 목표치(2%)보다 낮은 1.8%로 전망해, 6개월 전 전망치(2.1%)보다 0.3%포인트 낮춰 잡았다. 정부 전망대로 1%대 성장률과 물가 상승률이 현실화활 경우 코로나 대유행이 시작된 2020년 이후 5년 만에 처음으로 두 지표가 2%를 밑돌게 된다. ◇ “급한 불부터 끄자” 정부는 이날 발표한 새해 경제정책방향에 각종 내수 진작책을 앞세워 급한 불을 끄는 데 방점을 뒀다. 신차 개소세는 1월 3일 출고분부터 서둘러 앞당기기로 했다. 작년 10월에 차량 구매 계약을 했어도 출고 시점이 1월 3일 이후라면 개소세 혜택을 볼 수 있는 것이다. 정부의 개별소비세 인하는 지난 2018년 7월~2023년 6월 이후 1년 반 만이다. 4000만원짜리 신차를 구입한 경우 원래 개소세는 18%의 기본공제를 제외한 3280만원에 5%를 곱한 164만원이다. 그런데 3.5% 세율을 적용하면 이것이 115만원으로 49만원 줄어든다. 개별소비세액과 연동된 교육세·부가세 등을 포함하면, 줄어드는 세금의 총액은 70만원으로 늘어난다는 것이 기재부 설명이다. 정부는 또 올 한 해 민생·경기 사업의 40%를 1분기 안으로 집행하겠다고 밝히며, 정부 재정이 시장에 서둘러 풀리는 방안을 마련했다고 했다. 가령 노인 일자리 사업은 작년에는 2월부터 급여가 지급되기 시작했는데, 올해는 1월부터 급여가 지급되도록 했다. 전기차·수소차 구매 보조금 지급도 작년 2월 넷째 주부터 시행하던 것에서 올해는 1월 셋째 주로 앞당기기로 했다. 올 상반기에 구매한 전기차에 대해선 정부 보조금도 늘어난다. 기존엔 전기차 업체가 자체 할인해주는 금액의 20%를 정부가 추가 할인해줬는데, 이 추가 할인율을 최대 40%까지로 높인 것이다. ◇민생 입법 재추진 작년에 추진하려다 연말 국회 파행으로 무산된 민생 입법도 다시 추진한다. 먼저 조세특례제한법(조특법)을 고쳐 올 상반기 추가 소비분(전년 대비 5% 이상)에 대해 20%를 소득공제해주는 방안을 추진하기로 했다. 작년에는 추가 소비분의 10%만 공제했는데, 올해는 두 배로 늘리겠다는 것이다. 직전 3년보다 더 많은 금액을 투자한 중소·중견기업에 대해 세금을 더 깎아주는 임시투자세액공제 기한을 작년 말에서 올해 말로 1년 연장하는 조특법 개정도 추진된다. 다만 대기업은 2년 전과 달리 실적이 개선됐다는 이유로 임시투자세액공제를 연장할 계획이 없다고 기재부는 밝혔다. 정부는 이외에도 수도권 이외 지역의 숙박 시설에 묵는 관광객들의 숙박비에서 최대 3만원을 할인해주는 할인 쿠폰을 1년간 100만장 배포할 예정이다. 설 연휴에는 전통시장과 골목형 상점가에서 활용할 수 있는 온누리상품권 할인율도 10%에서 15%(모바일·카드형 기준)로 높인다. 아내는 서울 대기업, 남편은 경남 공장에서 근무하는 방식의 주말부부가 월세 세액공제를 각각 받을 수 있도록 하는 방안을 올해 세법 개정안에 반영하기로 했다.. 정부 발표와 별도로 서울시는 이날 서울 전 지역에서 쓸 수 있는 지역 화폐인 ‘서울사랑상품권’ 750억원어치를 오는 8일 발행한다고 밝혔다. 올해 발행하기로 한 1500억원어치 중 절반을 연초에 집중 발행하는 것이다. 서울시가 이 상품권을 연초에 조기 발행하는 건 이번이 처음이다. ◇”반년도 못 갈 경제정책 방향” 다","최 권한대행은 “경제 여건 전반을 1분기 중 재점검하고, 필요시 추가 경기 보강 방안을 강구하겠다”며 추가경정예산 편성 가능성을 시사했다.",반도체 등 주력 수출 업종의 경쟁 심화와 이달 20일 출범하는 트럼프 정부의 관세 장벽 강화 등으로 수출 증가율은 작년 8.2%에서 올해 1.5%로 쪼그라들 것으로 봤다.,국내공식통계,N,재정·조세,성장률 전망치,"성장률, 재정, 조세, 내수, 경기보강, 추경편성",-,-,-,,-,-,-,2025,-,,확정,164만원,POLICY_VALUE,rule_fallback,성장률 전망치,-,2025,-,rule_fallback,현재값,1640000,-,-,N,원,수준값,증가,-,"""정부는 올해 소비자 물가 상승률도 한국은행의 물가 안정 목표치(2%)보다 낮은 1.8%로 전망해, 6개월 전 전망치(2.1%)보다 0.3%포인트 낮춰 잡았다.""",high,Y,measurement_rule_fallback:23,Y,23,0,HCX-007,v1.6-prev2-context,2026-07-30,성장률 전망치,,2025,,원,원,currency,amount,vehicle,,N,NOT_KOSIS_VALUE,measurement_usage=POLICY_VALUE,N,MAP000339,,skipped_not_eligible,,,,,,,,,,,,,,,,,,,,,,,,,,,,,,,,,,,,,,,,,,,,,,,,
A0031-C010,A0031-C010-m15,A0031,"추락하는 성장률, 내수 살려 떠받친다",2025-01-03,https://www.chosun.com/economy/economy_general/2025/01/03/FS5OTJUQ7RC5JIPD2GEHE7U47Q,"기재부 고위 관계자는 “각종 민생 대책에도 경기가 살아나지 않을 경우 여야정 협의체 논의를 거쳐 2분기 내 추경 편성을 검토할 수 있다는 의미”라며 “여야 정치권의 유불리를 따지기보다 경기 회복에 방점을 둘 것”이라고 했다. ◇숙박 쿠폰 100만장 배포… 카드 더 쓰면 20% 추가 공제 정부가 잠재 성장률(약 2%)보다 낮은 새해 성장률 전망치(1.8%)를 공식화하면서 경기가 일시적으로 나쁜 것이 아니라 경제의 기초 체력(펀더멘털) 약화로 저성장이 장기화하는 것 아니냐는 우려가 나온다. 정부는 올해 소비자 물가 상승률도 한국은행의 물가 안정 목표치(2%)보다 낮은 1.8%로 전망해, 6개월 전 전망치(2.1%)보다 0.3%포인트 낮춰 잡았다. 정부 전망대로 1%대 성장률과 물가 상승률이 현실화활 경우 코로나 대유행이 시작된 2020년 이후 5년 만에 처음으로 두 지표가 2%를 밑돌게 된다. ◇ “급한 불부터 끄자” 정부는 이날 발표한 새해 경제정책방향에 각종 내수 진작책을 앞세워 급한 불을 끄는 데 방점을 뒀다. 신차 개소세는 1월 3일 출고분부터 서둘러 앞당기기로 했다. 작년 10월에 차량 구매 계약을 했어도 출고 시점이 1월 3일 이후라면 개소세 혜택을 볼 수 있는 것이다. 정부의 개별소비세 인하는 지난 2018년 7월~2023년 6월 이후 1년 반 만이다. 4000만원짜리 신차를 구입한 경우 원래 개소세는 18%의 기본공제를 제외한 3280만원에 5%를 곱한 164만원이다. 그런데 3.5% 세율을 적용하면 이것이 115만원으로 49만원 줄어든다. 개별소비세액과 연동된 교육세·부가세 등을 포함하면, 줄어드는 세금의 총액은 70만원으로 늘어난다는 것이 기재부 설명이다. 정부는 또 올 한 해 민생·경기 사업의 40%를 1분기 안으로 집행하겠다고 밝히며, 정부 재정이 시장에 서둘러 풀리는 방안을 마련했다고 했다. 가령 노인 일자리 사업은 작년에는 2월부터 급여가 지급되기 시작했는데, 올해는 1월부터 급여가 지급되도록 했다. 전기차·수소차 구매 보조금 지급도 작년 2월 넷째 주부터 시행하던 것에서 올해는 1월 셋째 주로 앞당기기로 했다. 올 상반기에 구매한 전기차에 대해선 정부 보조금도 늘어난다. 기존엔 전기차 업체가 자체 할인해주는 금액의 20%를 정부가 추가 할인해줬는데, 이 추가 할인율을 최대 40%까지로 높인 것이다. ◇민생 입법 재추진 작년에 추진하려다 연말 국회 파행으로 무산된 민생 입법도 다시 추진한다. 먼저 조세특례제한법(조특법)을 고쳐 올 상반기 추가 소비분(전년 대비 5% 이상)에 대해 20%를 소득공제해주는 방안을 추진하기로 했다. 작년에는 추가 소비분의 10%만 공제했는데, 올해는 두 배로 늘리겠다는 것이다. 직전 3년보다 더 많은 금액을 투자한 중소·중견기업에 대해 세금을 더 깎아주는 임시투자세액공제 기한을 작년 말에서 올해 말로 1년 연장하는 조특법 개정도 추진된다. 다만 대기업은 2년 전과 달리 실적이 개선됐다는 이유로 임시투자세액공제를 연장할 계획이 없다고 기재부는 밝혔다. 정부는 이외에도 수도권 이외 지역의 숙박 시설에 묵는 관광객들의 숙박비에서 최대 3만원을 할인해주는 할인 쿠폰을 1년간 100만장 배포할 예정이다. 설 연휴에는 전통시장과 골목형 상점가에서 활용할 수 있는 온누리상품권 할인율도 10%에서 15%(모바일·카드형 기준)로 높인다. 아내는 서울 대기업, 남편은 경남 공장에서 근무하는 방식의 주말부부가 월세 세액공제를 각각 받을 수 있도록 하는 방안을 올해 세법 개정안에 반영하기로 했다.. 정부 발표와 별도로 서울시는 이날 서울 전 지역에서 쓸 수 있는 지역 화폐인 ‘서울사랑상품권’ 750억원어치를 오는 8일 발행한다고 밝혔다. 올해 발행하기로 한 1500억원어치 중 절반을 연초에 집중 발행하는 것이다. 서울시가 이 상품권을 연초에 조기 발행하는 건 이번이 처음이다. ◇”반년도 못 갈 경제정책 방향” 다","최 권한대행은 “경제 여건 전반을 1분기 중 재점검하고, 필요시 추가 경기 보강 방안을 강구하겠다”며 추가경정예산 편성 가능성을 시사했다.",반도체 등 주력 수출 업종의 경쟁 심화와 이달 20일 출범하는 트럼프 정부의 관세 장벽 강화 등으로 수출 증가율은 작년 8.2%에서 올해 1.5%로 쪼그라들 것으로 봤다.,국내공식통계,N,재정·조세,성장률 전망치,"성장률, 재정, 조세, 내수, 경기보강, 추경편성",-,-,-,,-,-,-,2025,-,,확정,3.50%,POLICY_VALUE,rule_fallback,성장률 전망치,-,2025,-,rule_fallback,증감률,3.5,-,-,N,%,증감률,증가,-,"""정부는 올해 소비자 물가 상승률도 한국은행의 물가 안정 목표치(2%)보다 낮은 1.8%로 전망해, 6개월 전 전망치(2.1%)보다 0.3%포인트 낮춰 잡았다.""",high,Y,measurement_rule_fallback:23,Y,23,0,HCX-007,v1.6-prev2-context,2026-07-30,성장률 전망치,,2025,,%,%,rate,rate_change,vehicle,,N,NOT_KOSIS_VALUE,measurement_usage=POLICY_VALUE,N,MAP000340,,skipped_not_eligible,,,,,,,,,,,,,,,,,,,,,,,,,,,,,,,,,,,,,,,,,,,,,,,,
A0031-C010,A0031-C010-m16,A0031,"추락하는 성장률, 내수 살려 떠받친다",2025-01-03,https://www.chosun.com/economy/economy_general/2025/01/03/FS5OTJUQ7RC5JIPD2GEHE7U47Q,"기재부 고위 관계자는 “각종 민생 대책에도 경기가 살아나지 않을 경우 여야정 협의체 논의를 거쳐 2분기 내 추경 편성을 검토할 수 있다는 의미”라며 “여야 정치권의 유불리를 따지기보다 경기 회복에 방점을 둘 것”이라고 했다. ◇숙박 쿠폰 100만장 배포… 카드 더 쓰면 20% 추가 공제 정부가 잠재 성장률(약 2%)보다 낮은 새해 성장률 전망치(1.8%)를 공식화하면서 경기가 일시적으로 나쁜 것이 아니라 경제의 기초 체력(펀더멘털) 약화로 저성장이 장기화하는 것 아니냐는 우려가 나온다. 정부는 올해 소비자 물가 상승률도 한국은행의 물가 안정 목표치(2%)보다 낮은 1.8%로 전망해, 6개월 전 전망치(2.1%)보다 0.3%포인트 낮춰 잡았다. 정부 전망대로 1%대 성장률과 물가 상승률이 현실화활 경우 코로나 대유행이 시작된 2020년 이후 5년 만에 처음으로 두 지표가 2%를 밑돌게 된다. ◇ “급한 불부터 끄자” 정부는 이날 발표한 새해 경제정책방향에 각종 내수 진작책을 앞세워 급한 불을 끄는 데 방점을 뒀다. 신차 개소세는 1월 3일 출고분부터 서둘러 앞당기기로 했다. 작년 10월에 차량 구매 계약을 했어도 출고 시점이 1월 3일 이후라면 개소세 혜택을 볼 수 있는 것이다. 정부의 개별소비세 인하는 지난 2018년 7월~2023년 6월 이후 1년 반 만이다. 4000만원짜리 신차를 구입한 경우 원래 개소세는 18%의 기본공제를 제외한 3280만원에 5%를 곱한 164만원이다. 그런데 3.5% 세율을 적용하면 이것이 115만원으로 49만원 줄어든다. 개별소비세액과 연동된 교육세·부가세 등을 포함하면, 줄어드는 세금의 총액은 70만원으로 늘어난다는 것이 기재부 설명이다. 정부는 또 올 한 해 민생·경기 사업의 40%를 1분기 안으로 집행하겠다고 밝히며, 정부 재정이 시장에 서둘러 풀리는 방안을 마련했다고 했다. 가령 노인 일자리 사업은 작년에는 2월부터 급여가 지급되기 시작했는데, 올해는 1월부터 급여가 지급되도록 했다. 전기차·수소차 구매 보조금 지급도 작년 2월 넷째 주부터 시행하던 것에서 올해는 1월 셋째 주로 앞당기기로 했다. 올 상반기에 구매한 전기차에 대해선 정부 보조금도 늘어난다. 기존엔 전기차 업체가 자체 할인해주는 금액의 20%를 정부가 추가 할인해줬는데, 이 추가 할인율을 최대 40%까지로 높인 것이다. ◇민생 입법 재추진 작년에 추진하려다 연말 국회 파행으로 무산된 민생 입법도 다시 추진한다. 먼저 조세특례제한법(조특법)을 고쳐 올 상반기 추가 소비분(전년 대비 5% 이상)에 대해 20%를 소득공제해주는 방안을 추진하기로 했다. 작년에는 추가 소비분의 10%만 공제했는데, 올해는 두 배로 늘리겠다는 것이다. 직전 3년보다 더 많은 금액을 투자한 중소·중견기업에 대해 세금을 더 깎아주는 임시투자세액공제 기한을 작년 말에서 올해 말로 1년 연장하는 조특법 개정도 추진된다. 다만 대기업은 2년 전과 달리 실적이 개선됐다는 이유로 임시투자세액공제를 연장할 계획이 없다고 기재부는 밝혔다. 정부는 이외에도 수도권 이외 지역의 숙박 시설에 묵는 관광객들의 숙박비에서 최대 3만원을 할인해주는 할인 쿠폰을 1년간 100만장 배포할 예정이다. 설 연휴에는 전통시장과 골목형 상점가에서 활용할 수 있는 온누리상품권 할인율도 10%에서 15%(모바일·카드형 기준)로 높인다. 아내는 서울 대기업, 남편은 경남 공장에서 근무하는 방식의 주말부부가 월세 세액공제를 각각 받을 수 있도록 하는 방안을 올해 세법 개정안에 반영하기로 했다.. 정부 발표와 별도로 서울시는 이날 서울 전 지역에서 쓸 수 있는 지역 화폐인 ‘서울사랑상품권’ 750억원어치를 오는 8일 발행한다고 밝혔다. 올해 발행하기로 한 1500억원어치 중 절반을 연초에 집중 발행하는 것이다. 서울시가 이 상품권을 연초에 조기 발행하는 건 이번이 처음이다. ◇”반년도 못 갈 경제정책 방향” 다","최 권한대행은 “경제 여건 전반을 1분기 중 재점검하고, 필요시 추가 경기 보강 방안을 강구하겠다”며 추가경정예산 편성 가능성을 시사했다.",반도체 등 주력 수출 업종의 경쟁 심화와 이달 20일 출범하는 트럼프 정부의 관세 장벽 강화 등으로 수출 증가율은 작년 8.2%에서 올해 1.5%로 쪼그라들 것으로 봤다.,국내공식통계,N,재정·조세,성장률 전망치,"성장률, 재정, 조세, 내수, 경기보강, 추경편성",-,-,-,,-,-,-,2025,-,,확정,115만원,POLICY_VALUE,rule_fallback,성장률 전망치,-,2025,-,rule_fallback,현재값,1150000,-,-,N,원,수준값,증가,-,"""정부는 올해 소비자 물가 상승률도 한국은행의 물가 안정 목표치(2%)보다 낮은 1.8%로 전망해, 6개월 전 전망치(2.1%)보다 0.3%포인트 낮춰 잡았다.""",high,Y,measurement_rule_fallback:23,Y,23,0,HCX-007,v1.6-prev2-context,2026-07-30,성장률 전망치,,2025,,원,원,currency,amount,vehicle,,N,NOT_KOSIS_VALUE,measurement_usage=POLICY_VALUE,N,MAP000341,,skipped_not_eligible,,,,,,,,,,,,,,,,,,,,,,,,,,,,,,,,,,,,,,,,,,,,,,,,
A0031-C010,A0031-C010-m17,A0031,"추락하는 성장률, 내수 살려 떠받친다",2025-01-03,https://www.chosun.com/economy/economy_general/2025/01/03/FS5OTJUQ7RC5JIPD2GEHE7U47Q,"기재부 고위 관계자는 “각종 민생 대책에도 경기가 살아나지 않을 경우 여야정 협의체 논의를 거쳐 2분기 내 추경 편성을 검토할 수 있다는 의미”라며 “여야 정치권의 유불리를 따지기보다 경기 회복에 방점을 둘 것”이라고 했다. ◇숙박 쿠폰 100만장 배포… 카드 더 쓰면 20% 추가 공제 정부가 잠재 성장률(약 2%)보다 낮은 새해 성장률 전망치(1.8%)를 공식화하면서 경기가 일시적으로 나쁜 것이 아니라 경제의 기초 체력(펀더멘털) 약화로 저성장이 장기화하는 것 아니냐는 우려가 나온다. 정부는 올해 소비자 물가 상승률도 한국은행의 물가 안정 목표치(2%)보다 낮은 1.8%로 전망해, 6개월 전 전망치(2.1%)보다 0.3%포인트 낮춰 잡았다. 정부 전망대로 1%대 성장률과 물가 상승률이 현실화활 경우 코로나 대유행이 시작된 2020년 이후 5년 만에 처음으로 두 지표가 2%를 밑돌게 된다. ◇ “급한 불부터 끄자” 정부는 이날 발표한 새해 경제정책방향에 각종 내수 진작책을 앞세워 급한 불을 끄는 데 방점을 뒀다. 신차 개소세는 1월 3일 출고분부터 서둘러 앞당기기로 했다. 작년 10월에 차량 구매 계약을 했어도 출고 시점이 1월 3일 이후라면 개소세 혜택을 볼 수 있는 것이다. 정부의 개별소비세 인하는 지난 2018년 7월~2023년 6월 이후 1년 반 만이다. 4000만원짜리 신차를 구입한 경우 원래 개소세는 18%의 기본공제를 제외한 3280만원에 5%를 곱한 164만원이다. 그런데 3.5% 세율을 적용하면 이것이 115만원으로 49만원 줄어든다. 개별소비세액과 연동된 교육세·부가세 등을 포함하면, 줄어드는 세금의 총액은 70만원으로 늘어난다는 것이 기재부 설명이다. 정부는 또 올 한 해 민생·경기 사업의 40%를 1분기 안으로 집행하겠다고 밝히며, 정부 재정이 시장에 서둘러 풀리는 방안을 마련했다고 했다. 가령 노인 일자리 사업은 작년에는 2월부터 급여가 지급되기 시작했는데, 올해는 1월부터 급여가 지급되도록 했다. 전기차·수소차 구매 보조금 지급도 작년 2월 넷째 주부터 시행하던 것에서 올해는 1월 셋째 주로 앞당기기로 했다. 올 상반기에 구매한 전기차에 대해선 정부 보조금도 늘어난다. 기존엔 전기차 업체가 자체 할인해주는 금액의 20%를 정부가 추가 할인해줬는데, 이 추가 할인율을 최대 40%까지로 높인 것이다. ◇민생 입법 재추진 작년에 추진하려다 연말 국회 파행으로 무산된 민생 입법도 다시 추진한다. 먼저 조세특례제한법(조특법)을 고쳐 올 상반기 추가 소비분(전년 대비 5% 이상)에 대해 20%를 소득공제해주는 방안을 추진하기로 했다. 작년에는 추가 소비분의 10%만 공제했는데, 올해는 두 배로 늘리겠다는 것이다. 직전 3년보다 더 많은 금액을 투자한 중소·중견기업에 대해 세금을 더 깎아주는 임시투자세액공제 기한을 작년 말에서 올해 말로 1년 연장하는 조특법 개정도 추진된다. 다만 대기업은 2년 전과 달리 실적이 개선됐다는 이유로 임시투자세액공제를 연장할 계획이 없다고 기재부는 밝혔다. 정부는 이외에도 수도권 이외 지역의 숙박 시설에 묵는 관광객들의 숙박비에서 최대 3만원을 할인해주는 할인 쿠폰을 1년간 100만장 배포할 예정이다. 설 연휴에는 전통시장과 골목형 상점가에서 활용할 수 있는 온누리상품권 할인율도 10%에서 15%(모바일·카드형 기준)로 높인다. 아내는 서울 대기업, 남편은 경남 공장에서 근무하는 방식의 주말부부가 월세 세액공제를 각각 받을 수 있도록 하는 방안을 올해 세법 개정안에 반영하기로 했다.. 정부 발표와 별도로 서울시는 이날 서울 전 지역에서 쓸 수 있는 지역 화폐인 ‘서울사랑상품권’ 750억원어치를 오는 8일 발행한다고 밝혔다. 올해 발행하기로 한 1500억원어치 중 절반을 연초에 집중 발행하는 것이다. 서울시가 이 상품권을 연초에 조기 발행하는 건 이번이 처음이다. ◇”반년도 못 갈 경제정책 방향” 다","최 권한대행은 “경제 여건 전반을 1분기 중 재점검하고, 필요시 추가 경기 보강 방안을 강구하겠다”며 추가경정예산 편성 가능성을 시사했다.",반도체 등 주력 수출 업종의 경쟁 심화와 이달 20일 출범하는 트럼프 정부의 관세 장벽 강화 등으로 수출 증가율은 작년 8.2%에서 올해 1.5%로 쪼그라들 것으로 봤다.,국내공식통계,N,재정·조세,성장률 전망치,"성장률, 재정, 조세, 내수, 경기보강, 추경편성",-,-,-,,-,-,-,2025,-,,확정,49만원,POLICY_VALUE,rule_fallback,성장률 전망치,-,2025,-,rule_fallback,현재값,490000,-,-,N,원,수준값,증가,-,"""정부는 올해 소비자 물가 상승률도 한국은행의 물가 안정 목표치(2%)보다 낮은 1.8%로 전망해, 6개월 전 전망치(2.1%)보다 0.3%포인트 낮춰 잡았다.""",high,Y,measurement_rule_fallback:23,Y,23,0,HCX-007,v1.6-prev2-context,2026-07-30,성장률 전망치,,2025,,원,원,currency,amount,vehicle,,N,NOT_KOSIS_VALUE,measurement_usage=POLICY_VALUE,N,MAP000342,,skipped_not_eligible,,,,,,,,,,,,,,,,,,,,,,,,,,,,,,,,,,,,,,,,,,,,,,,,
A0031-C010,A0031-C010-m18,A0031,"추락하는 성장률, 내수 살려 떠받친다",2025-01-03,https://www.chosun.com/economy/economy_general/2025/01/03/FS5OTJUQ7RC5JIPD2GEHE7U47Q,"기재부 고위 관계자는 “각종 민생 대책에도 경기가 살아나지 않을 경우 여야정 협의체 논의를 거쳐 2분기 내 추경 편성을 검토할 수 있다는 의미”라며 “여야 정치권의 유불리를 따지기보다 경기 회복에 방점을 둘 것”이라고 했다. ◇숙박 쿠폰 100만장 배포… 카드 더 쓰면 20% 추가 공제 정부가 잠재 성장률(약 2%)보다 낮은 새해 성장률 전망치(1.8%)를 공식화하면서 경기가 일시적으로 나쁜 것이 아니라 경제의 기초 체력(펀더멘털) 약화로 저성장이 장기화하는 것 아니냐는 우려가 나온다. 정부는 올해 소비자 물가 상승률도 한국은행의 물가 안정 목표치(2%)보다 낮은 1.8%로 전망해, 6개월 전 전망치(2.1%)보다 0.3%포인트 낮춰 잡았다. 정부 전망대로 1%대 성장률과 물가 상승률이 현실화활 경우 코로나 대유행이 시작된 2020년 이후 5년 만에 처음으로 두 지표가 2%를 밑돌게 된다. ◇ “급한 불부터 끄자” 정부는 이날 발표한 새해 경제정책방향에 각종 내수 진작책을 앞세워 급한 불을 끄는 데 방점을 뒀다. 신차 개소세는 1월 3일 출고분부터 서둘러 앞당기기로 했다. 작년 10월에 차량 구매 계약을 했어도 출고 시점이 1월 3일 이후라면 개소세 혜택을 볼 수 있는 것이다. 정부의 개별소비세 인하는 지난 2018년 7월~2023년 6월 이후 1년 반 만이다. 4000만원짜리 신차를 구입한 경우 원래 개소세는 18%의 기본공제를 제외한 3280만원에 5%를 곱한 164만원이다. 그런데 3.5% 세율을 적용하면 이것이 115만원으로 49만원 줄어든다. 개별소비세액과 연동된 교육세·부가세 등을 포함하면, 줄어드는 세금의 총액은 70만원으로 늘어난다는 것이 기재부 설명이다. 정부는 또 올 한 해 민생·경기 사업의 40%를 1분기 안으로 집행하겠다고 밝히며, 정부 재정이 시장에 서둘러 풀리는 방안을 마련했다고 했다. 가령 노인 일자리 사업은 작년에는 2월부터 급여가 지급되기 시작했는데, 올해는 1월부터 급여가 지급되도록 했다. 전기차·수소차 구매 보조금 지급도 작년 2월 넷째 주부터 시행하던 것에서 올해는 1월 셋째 주로 앞당기기로 했다. 올 상반기에 구매한 전기차에 대해선 정부 보조금도 늘어난다. 기존엔 전기차 업체가 자체 할인해주는 금액의 20%를 정부가 추가 할인해줬는데, 이 추가 할인율을 최대 40%까지로 높인 것이다. ◇민생 입법 재추진 작년에 추진하려다 연말 국회 파행으로 무산된 민생 입법도 다시 추진한다. 먼저 조세특례제한법(조특법)을 고쳐 올 상반기 추가 소비분(전년 대비 5% 이상)에 대해 20%를 소득공제해주는 방안을 추진하기로 했다. 작년에는 추가 소비분의 10%만 공제했는데, 올해는 두 배로 늘리겠다는 것이다. 직전 3년보다 더 많은 금액을 투자한 중소·중견기업에 대해 세금을 더 깎아주는 임시투자세액공제 기한을 작년 말에서 올해 말로 1년 연장하는 조특법 개정도 추진된다. 다만 대기업은 2년 전과 달리 실적이 개선됐다는 이유로 임시투자세액공제를 연장할 계획이 없다고 기재부는 밝혔다. 정부는 이외에도 수도권 이외 지역의 숙박 시설에 묵는 관광객들의 숙박비에서 최대 3만원을 할인해주는 할인 쿠폰을 1년간 100만장 배포할 예정이다. 설 연휴에는 전통시장과 골목형 상점가에서 활용할 수 있는 온누리상품권 할인율도 10%에서 15%(모바일·카드형 기준)로 높인다. 아내는 서울 대기업, 남편은 경남 공장에서 근무하는 방식의 주말부부가 월세 세액공제를 각각 받을 수 있도록 하는 방안을 올해 세법 개정안에 반영하기로 했다.. 정부 발표와 별도로 서울시는 이날 서울 전 지역에서 쓸 수 있는 지역 화폐인 ‘서울사랑상품권’ 750억원어치를 오는 8일 발행한다고 밝혔다. 올해 발행하기로 한 1500억원어치 중 절반을 연초에 집중 발행하는 것이다. 서울시가 이 상품권을 연초에 조기 발행하는 건 이번이 처음이다. ◇”반년도 못 갈 경제정책 방향” 다","최 권한대행은 “경제 여건 전반을 1분기 중 재점검하고, 필요시 추가 경기 보강 방안을 강구하겠다”며 추가경정예산 편성 가능성을 시사했다.",반도체 등 주력 수출 업종의 경쟁 심화와 이달 20일 출범하는 트럼프 정부의 관세 장벽 강화 등으로 수출 증가율은 작년 8.2%에서 올해 1.5%로 쪼그라들 것으로 봤다.,국내공식통계,N,재정·조세,성장률 전망치,"성장률, 재정, 조세, 내수, 경기보강, 추경편성",-,-,-,,-,-,-,2025,-,,확정,70만원,POLICY_VALUE,rule_fallback,성장률 전망치,-,2025,-,rule_fallback,현재값,700000,-,-,N,원,수준값,증가,-,"""정부는 올해 소비자 물가 상승률도 한국은행의 물가 안정 목표치(2%)보다 낮은 1.8%로 전망해, 6개월 전 전망치(2.1%)보다 0.3%포인트 낮춰 잡았다.""",high,Y,measurement_rule_fallback:23,Y,23,0,HCX-007,v1.6-prev2-context,2026-07-30,성장률 전망치,,2025,,원,원,currency,amount,vehicle,,N,NOT_KOSIS_VALUE,measurement_usage=POLICY_VALUE,N,MAP000343,,skipped_not_eligible,,,,,,,,,,,,,,,,,,,,,,,,,,,,,,,,,,,,,,,,,,,,,,,,
A0031-C010,A0031-C010-m19,A0031,"추락하는 성장률, 내수 살려 떠받친다",2025-01-03,https://www.chosun.com/economy/economy_general/2025/01/03/FS5OTJUQ7RC5JIPD2GEHE7U47Q,"기재부 고위 관계자는 “각종 민생 대책에도 경기가 살아나지 않을 경우 여야정 협의체 논의를 거쳐 2분기 내 추경 편성을 검토할 수 있다는 의미”라며 “여야 정치권의 유불리를 따지기보다 경기 회복에 방점을 둘 것”이라고 했다. ◇숙박 쿠폰 100만장 배포… 카드 더 쓰면 20% 추가 공제 정부가 잠재 성장률(약 2%)보다 낮은 새해 성장률 전망치(1.8%)를 공식화하면서 경기가 일시적으로 나쁜 것이 아니라 경제의 기초 체력(펀더멘털) 약화로 저성장이 장기화하는 것 아니냐는 우려가 나온다. 정부는 올해 소비자 물가 상승률도 한국은행의 물가 안정 목표치(2%)보다 낮은 1.8%로 전망해, 6개월 전 전망치(2.1%)보다 0.3%포인트 낮춰 잡았다. 정부 전망대로 1%대 성장률과 물가 상승률이 현실화활 경우 코로나 대유행이 시작된 2020년 이후 5년 만에 처음으로 두 지표가 2%를 밑돌게 된다. ◇ “급한 불부터 끄자” 정부는 이날 발표한 새해 경제정책방향에 각종 내수 진작책을 앞세워 급한 불을 끄는 데 방점을 뒀다. 신차 개소세는 1월 3일 출고분부터 서둘러 앞당기기로 했다. 작년 10월에 차량 구매 계약을 했어도 출고 시점이 1월 3일 이후라면 개소세 혜택을 볼 수 있는 것이다. 정부의 개별소비세 인하는 지난 2018년 7월~2023년 6월 이후 1년 반 만이다. 4000만원짜리 신차를 구입한 경우 원래 개소세는 18%의 기본공제를 제외한 3280만원에 5%를 곱한 164만원이다. 그런데 3.5% 세율을 적용하면 이것이 115만원으로 49만원 줄어든다. 개별소비세액과 연동된 교육세·부가세 등을 포함하면, 줄어드는 세금의 총액은 70만원으로 늘어난다는 것이 기재부 설명이다. 정부는 또 올 한 해 민생·경기 사업의 40%를 1분기 안으로 집행하겠다고 밝히며, 정부 재정이 시장에 서둘러 풀리는 방안을 마련했다고 했다. 가령 노인 일자리 사업은 작년에는 2월부터 급여가 지급되기 시작했는데, 올해는 1월부터 급여가 지급되도록 했다. 전기차·수소차 구매 보조금 지급도 작년 2월 넷째 주부터 시행하던 것에서 올해는 1월 셋째 주로 앞당기기로 했다. 올 상반기에 구매한 전기차에 대해선 정부 보조금도 늘어난다. 기존엔 전기차 업체가 자체 할인해주는 금액의 20%를 정부가 추가 할인해줬는데, 이 추가 할인율을 최대 40%까지로 높인 것이다. ◇민생 입법 재추진 작년에 추진하려다 연말 국회 파행으로 무산된 민생 입법도 다시 추진한다. 먼저 조세특례제한법(조특법)을 고쳐 올 상반기 추가 소비분(전년 대비 5% 이상)에 대해 20%를 소득공제해주는 방안을 추진하기로 했다. 작년에는 추가 소비분의 10%만 공제했는데, 올해는 두 배로 늘리겠다는 것이다. 직전 3년보다 더 많은 금액을 투자한 중소·중견기업에 대해 세금을 더 깎아주는 임시투자세액공제 기한을 작년 말에서 올해 말로 1년 연장하는 조특법 개정도 추진된다. 다만 대기업은 2년 전과 달리 실적이 개선됐다는 이유로 임시투자세액공제를 연장할 계획이 없다고 기재부는 밝혔다. 정부는 이외에도 수도권 이외 지역의 숙박 시설에 묵는 관광객들의 숙박비에서 최대 3만원을 할인해주는 할인 쿠폰을 1년간 100만장 배포할 예정이다. 설 연휴에는 전통시장과 골목형 상점가에서 활용할 수 있는 온누리상품권 할인율도 10%에서 15%(모바일·카드형 기준)로 높인다. 아내는 서울 대기업, 남편은 경남 공장에서 근무하는 방식의 주말부부가 월세 세액공제를 각각 받을 수 있도록 하는 방안을 올해 세법 개정안에 반영하기로 했다.. 정부 발표와 별도로 서울시는 이날 서울 전 지역에서 쓸 수 있는 지역 화폐인 ‘서울사랑상품권’ 750억원어치를 오는 8일 발행한다고 밝혔다. 올해 발행하기로 한 1500억원어치 중 절반을 연초에 집중 발행하는 것이다. 서울시가 이 상품권을 연초에 조기 발행하는 건 이번이 처음이다. ◇”반년도 못 갈 경제정책 방향” 다","최 권한대행은 “경제 여건 전반을 1분기 중 재점검하고, 필요시 추가 경기 보강 방안을 강구하겠다”며 추가경정예산 편성 가능성을 시사했다.",반도체 등 주력 수출 업종의 경쟁 심화와 이달 20일 출범하는 트럼프 정부의 관세 장벽 강화 등으로 수출 증가율은 작년 8.2%에서 올해 1.5%로 쪼그라들 것으로 봤다.,국내공식통계,N,재정·조세,성장률 전망치,"성장률, 재정, 조세, 내수, 경기보강, 추경편성",-,-,-,,-,-,-,2025,-,,확정,40%,POLICY_VALUE,rule_fallback,성장률 전망치,-,2025,-,rule_fallback,증감률,40,-,-,N,%,증감률,증가,-,"""정부는 올해 소비자 물가 상승률도 한국은행의 물가 안정 목표치(2%)보다 낮은 1.8%로 전망해, 6개월 전 전망치(2.1%)보다 0.3%포인트 낮춰 잡았다.""",high,Y,measurement_rule_fallback:23,Y,23,0,HCX-007,v1.6-prev2-context,2026-07-30,성장률 전망치,,2025,,%,%,rate,rate_change,vehicle,,N,NOT_KOSIS_VALUE,measurement_usage=POLICY_VALUE,N,MAP000344,,skipped_not_eligible,,,,,,,,,,,,,,,,,,,,,,,,,,,,,,,,,,,,,,,,,,,,,,,,
A0031-C010,A0031-C010-m20,A0031,"추락하는 성장률, 내수 살려 떠받친다",2025-01-03,https://www.chosun.com/economy/economy_general/2025/01/03/FS5OTJUQ7RC5JIPD2GEHE7U47Q,"기재부 고위 관계자는 “각종 민생 대책에도 경기가 살아나지 않을 경우 여야정 협의체 논의를 거쳐 2분기 내 추경 편성을 검토할 수 있다는 의미”라며 “여야 정치권의 유불리를 따지기보다 경기 회복에 방점을 둘 것”이라고 했다. ◇숙박 쿠폰 100만장 배포… 카드 더 쓰면 20% 추가 공제 정부가 잠재 성장률(약 2%)보다 낮은 새해 성장률 전망치(1.8%)를 공식화하면서 경기가 일시적으로 나쁜 것이 아니라 경제의 기초 체력(펀더멘털) 약화로 저성장이 장기화하는 것 아니냐는 우려가 나온다. 정부는 올해 소비자 물가 상승률도 한국은행의 물가 안정 목표치(2%)보다 낮은 1.8%로 전망해, 6개월 전 전망치(2.1%)보다 0.3%포인트 낮춰 잡았다. 정부 전망대로 1%대 성장률과 물가 상승률이 현실화활 경우 코로나 대유행이 시작된 2020년 이후 5년 만에 처음으로 두 지표가 2%를 밑돌게 된다. ◇ “급한 불부터 끄자” 정부는 이날 발표한 새해 경제정책방향에 각종 내수 진작책을 앞세워 급한 불을 끄는 데 방점을 뒀다. 신차 개소세는 1월 3일 출고분부터 서둘러 앞당기기로 했다. 작년 10월에 차량 구매 계약을 했어도 출고 시점이 1월 3일 이후라면 개소세 혜택을 볼 수 있는 것이다. 정부의 개별소비세 인하는 지난 2018년 7월~2023년 6월 이후 1년 반 만이다. 4000만원짜리 신차를 구입한 경우 원래 개소세는 18%의 기본공제를 제외한 3280만원에 5%를 곱한 164만원이다. 그런데 3.5% 세율을 적용하면 이것이 115만원으로 49만원 줄어든다. 개별소비세액과 연동된 교육세·부가세 등을 포함하면, 줄어드는 세금의 총액은 70만원으로 늘어난다는 것이 기재부 설명이다. 정부는 또 올 한 해 민생·경기 사업의 40%를 1분기 안으로 집행하겠다고 밝히며, 정부 재정이 시장에 서둘러 풀리는 방안을 마련했다고 했다. 가령 노인 일자리 사업은 작년에는 2월부터 급여가 지급되기 시작했는데, 올해는 1월부터 급여가 지급되도록 했다. 전기차·수소차 구매 보조금 지급도 작년 2월 넷째 주부터 시행하던 것에서 올해는 1월 셋째 주로 앞당기기로 했다. 올 상반기에 구매한 전기차에 대해선 정부 보조금도 늘어난다. 기존엔 전기차 업체가 자체 할인해주는 금액의 20%를 정부가 추가 할인해줬는데, 이 추가 할인율을 최대 40%까지로 높인 것이다. ◇민생 입법 재추진 작년에 추진하려다 연말 국회 파행으로 무산된 민생 입법도 다시 추진한다. 먼저 조세특례제한법(조특법)을 고쳐 올 상반기 추가 소비분(전년 대비 5% 이상)에 대해 20%를 소득공제해주는 방안을 추진하기로 했다. 작년에는 추가 소비분의 10%만 공제했는데, 올해는 두 배로 늘리겠다는 것이다. 직전 3년보다 더 많은 금액을 투자한 중소·중견기업에 대해 세금을 더 깎아주는 임시투자세액공제 기한을 작년 말에서 올해 말로 1년 연장하는 조특법 개정도 추진된다. 다만 대기업은 2년 전과 달리 실적이 개선됐다는 이유로 임시투자세액공제를 연장할 계획이 없다고 기재부는 밝혔다. 정부는 이외에도 수도권 이외 지역의 숙박 시설에 묵는 관광객들의 숙박비에서 최대 3만원을 할인해주는 할인 쿠폰을 1년간 100만장 배포할 예정이다. 설 연휴에는 전통시장과 골목형 상점가에서 활용할 수 있는 온누리상품권 할인율도 10%에서 15%(모바일·카드형 기준)로 높인다. 아내는 서울 대기업, 남편은 경남 공장에서 근무하는 방식의 주말부부가 월세 세액공제를 각각 받을 수 있도록 하는 방안을 올해 세법 개정안에 반영하기로 했다.. 정부 발표와 별도로 서울시는 이날 서울 전 지역에서 쓸 수 있는 지역 화폐인 ‘서울사랑상품권’ 750억원어치를 오는 8일 발행한다고 밝혔다. 올해 발행하기로 한 1500억원어치 중 절반을 연초에 집중 발행하는 것이다. 서울시가 이 상품권을 연초에 조기 발행하는 건 이번이 처음이다. ◇”반년도 못 갈 경제정책 방향” 다","최 권한대행은 “경제 여건 전반을 1분기 중 재점검하고, 필요시 추가 경기 보강 방안을 강구하겠다”며 추가경정예산 편성 가능성을 시사했다.",반도체 등 주력 수출 업종의 경쟁 심화와 이달 20일 출범하는 트럼프 정부의 관세 장벽 강화 등으로 수출 증가율은 작년 8.2%에서 올해 1.5%로 쪼그라들 것으로 봤다.,국내공식통계,N,재정·조세,성장률 전망치,"성장률, 재정, 조세, 내수, 경기보강, 추경편성",-,-,-,,-,-,-,2025,-,,확정,10%,POLICY_VALUE,rule_fallback,성장률 전망치,-,2025,-,rule_fallback,증감률,10,-,-,N,%,증감률,증가,-,"""정부는 올해 소비자 물가 상승률도 한국은행의 물가 안정 목표치(2%)보다 낮은 1.8%로 전망해, 6개월 전 전망치(2.1%)보다 0.3%포인트 낮춰 잡았다.""",high,Y,measurement_rule_fallback:23,Y,23,0,HCX-007,v1.6-prev2-context,2026-07-30,성장률 전망치,,2025,,%,%,rate,rate_change,vehicle,,N,NOT_KOSIS_VALUE,measurement_usage=POLICY_VALUE,N,MAP000345,,skipped_not_eligible,,,,,,,,,,,,,,,,,,,,,,,,,,,,,,,,,,,,,,,,,,,,,,,,
A0031-C010,A0031-C010-m21,A0031,"추락하는 성장률, 내수 살려 떠받친다",2025-01-03,https://www.chosun.com/economy/economy_general/2025/01/03/FS5OTJUQ7RC5JIPD2GEHE7U47Q,"기재부 고위 관계자는 “각종 민생 대책에도 경기가 살아나지 않을 경우 여야정 협의체 논의를 거쳐 2분기 내 추경 편성을 검토할 수 있다는 의미”라며 “여야 정치권의 유불리를 따지기보다 경기 회복에 방점을 둘 것”이라고 했다. ◇숙박 쿠폰 100만장 배포… 카드 더 쓰면 20% 추가 공제 정부가 잠재 성장률(약 2%)보다 낮은 새해 성장률 전망치(1.8%)를 공식화하면서 경기가 일시적으로 나쁜 것이 아니라 경제의 기초 체력(펀더멘털) 약화로 저성장이 장기화하는 것 아니냐는 우려가 나온다. 정부는 올해 소비자 물가 상승률도 한국은행의 물가 안정 목표치(2%)보다 낮은 1.8%로 전망해, 6개월 전 전망치(2.1%)보다 0.3%포인트 낮춰 잡았다. 정부 전망대로 1%대 성장률과 물가 상승률이 현실화활 경우 코로나 대유행이 시작된 2020년 이후 5년 만에 처음으로 두 지표가 2%를 밑돌게 된다. ◇ “급한 불부터 끄자” 정부는 이날 발표한 새해 경제정책방향에 각종 내수 진작책을 앞세워 급한 불을 끄는 데 방점을 뒀다. 신차 개소세는 1월 3일 출고분부터 서둘러 앞당기기로 했다. 작년 10월에 차량 구매 계약을 했어도 출고 시점이 1월 3일 이후라면 개소세 혜택을 볼 수 있는 것이다. 정부의 개별소비세 인하는 지난 2018년 7월~2023년 6월 이후 1년 반 만이다. 4000만원짜리 신차를 구입한 경우 원래 개소세는 18%의 기본공제를 제외한 3280만원에 5%를 곱한 164만원이다. 그런데 3.5% 세율을 적용하면 이것이 115만원으로 49만원 줄어든다. 개별소비세액과 연동된 교육세·부가세 등을 포함하면, 줄어드는 세금의 총액은 70만원으로 늘어난다는 것이 기재부 설명이다. 정부는 또 올 한 해 민생·경기 사업의 40%를 1분기 안으로 집행하겠다고 밝히며, 정부 재정이 시장에 서둘러 풀리는 방안을 마련했다고 했다. 가령 노인 일자리 사업은 작년에는 2월부터 급여가 지급되기 시작했는데, 올해는 1월부터 급여가 지급되도록 했다. 전기차·수소차 구매 보조금 지급도 작년 2월 넷째 주부터 시행하던 것에서 올해는 1월 셋째 주로 앞당기기로 했다. 올 상반기에 구매한 전기차에 대해선 정부 보조금도 늘어난다. 기존엔 전기차 업체가 자체 할인해주는 금액의 20%를 정부가 추가 할인해줬는데, 이 추가 할인율을 최대 40%까지로 높인 것이다. ◇민생 입법 재추진 작년에 추진하려다 연말 국회 파행으로 무산된 민생 입법도 다시 추진한다. 먼저 조세특례제한법(조특법)을 고쳐 올 상반기 추가 소비분(전년 대비 5% 이상)에 대해 20%를 소득공제해주는 방안을 추진하기로 했다. 작년에는 추가 소비분의 10%만 공제했는데, 올해는 두 배로 늘리겠다는 것이다. 직전 3년보다 더 많은 금액을 투자한 중소·중견기업에 대해 세금을 더 깎아주는 임시투자세액공제 기한을 작년 말에서 올해 말로 1년 연장하는 조특법 개정도 추진된다. 다만 대기업은 2년 전과 달리 실적이 개선됐다는 이유로 임시투자세액공제를 연장할 계획이 없다고 기재부는 밝혔다. 정부는 이외에도 수도권 이외 지역의 숙박 시설에 묵는 관광객들의 숙박비에서 최대 3만원을 할인해주는 할인 쿠폰을 1년간 100만장 배포할 예정이다. 설 연휴에는 전통시장과 골목형 상점가에서 활용할 수 있는 온누리상품권 할인율도 10%에서 15%(모바일·카드형 기준)로 높인다. 아내는 서울 대기업, 남편은 경남 공장에서 근무하는 방식의 주말부부가 월세 세액공제를 각각 받을 수 있도록 하는 방안을 올해 세법 개정안에 반영하기로 했다.. 정부 발표와 별도로 서울시는 이날 서울 전 지역에서 쓸 수 있는 지역 화폐인 ‘서울사랑상품권’ 750억원어치를 오는 8일 발행한다고 밝혔다. 올해 발행하기로 한 1500억원어치 중 절반을 연초에 집중 발행하는 것이다. 서울시가 이 상품권을 연초에 조기 발행하는 건 이번이 처음이다. ◇”반년도 못 갈 경제정책 방향” 다","최 권한대행은 “경제 여건 전반을 1분기 중 재점검하고, 필요시 추가 경기 보강 방안을 강구하겠다”며 추가경정예산 편성 가능성을 시사했다.",반도체 등 주력 수출 업종의 경쟁 심화와 이달 20일 출범하는 트럼프 정부의 관세 장벽 강화 등으로 수출 증가율은 작년 8.2%에서 올해 1.5%로 쪼그라들 것으로 봤다.,국내공식통계,N,재정·조세,성장률 전망치,"성장률, 재정, 조세, 내수, 경기보강, 추경편성",-,-,-,,-,-,-,2025,-,,확정,3년,CONTEXT,rule_fallback,성장률 전망치,-,2025,-,rule_fallback,참고값,3,-,-,N,년,수준값,증가,-,"""정부는 올해 소비자 물가 상승률도 한국은행의 물가 안정 목표치(2%)보다 낮은 1.8%로 전망해, 6개월 전 전망치(2.1%)보다 0.3%포인트 낮춰 잡았다.""",high,Y,measurement_rule_fallback:23,Y,23,0,HCX-007,v1.6-prev2-context,2026-07-30,성장률 전망치,,2025,,년,년,duration,condition,vehicle,,N,NOT_KOSIS_VALUE,measurement_usage=CONTEXT,N,MAP000346,,skipped_not_eligible,,,,,,,,,,,,,,,,,,,,,,,,,,,,,,,,,,,,,,,,,,,,,,,,
A0031-C010,A0031-C010-m22,A0031,"추락하는 성장률, 내수 살려 떠받친다",2025-01-03,https://www.chosun.com/economy/economy_general/2025/01/03/FS5OTJUQ7RC5JIPD2GEHE7U47Q,"기재부 고위 관계자는 “각종 민생 대책에도 경기가 살아나지 않을 경우 여야정 협의체 논의를 거쳐 2분기 내 추경 편성을 검토할 수 있다는 의미”라며 “여야 정치권의 유불리를 따지기보다 경기 회복에 방점을 둘 것”이라고 했다. ◇숙박 쿠폰 100만장 배포… 카드 더 쓰면 20% 추가 공제 정부가 잠재 성장률(약 2%)보다 낮은 새해 성장률 전망치(1.8%)를 공식화하면서 경기가 일시적으로 나쁜 것이 아니라 경제의 기초 체력(펀더멘털) 약화로 저성장이 장기화하는 것 아니냐는 우려가 나온다. 정부는 올해 소비자 물가 상승률도 한국은행의 물가 안정 목표치(2%)보다 낮은 1.8%로 전망해, 6개월 전 전망치(2.1%)보다 0.3%포인트 낮춰 잡았다. 정부 전망대로 1%대 성장률과 물가 상승률이 현실화활 경우 코로나 대유행이 시작된 2020년 이후 5년 만에 처음으로 두 지표가 2%를 밑돌게 된다. ◇ “급한 불부터 끄자” 정부는 이날 발표한 새해 경제정책방향에 각종 내수 진작책을 앞세워 급한 불을 끄는 데 방점을 뒀다. 신차 개소세는 1월 3일 출고분부터 서둘러 앞당기기로 했다. 작년 10월에 차량 구매 계약을 했어도 출고 시점이 1월 3일 이후라면 개소세 혜택을 볼 수 있는 것이다. 정부의 개별소비세 인하는 지난 2018년 7월~2023년 6월 이후 1년 반 만이다. 4000만원짜리 신차를 구입한 경우 원래 개소세는 18%의 기본공제를 제외한 3280만원에 5%를 곱한 164만원이다. 그런데 3.5% 세율을 적용하면 이것이 115만원으로 49만원 줄어든다. 개별소비세액과 연동된 교육세·부가세 등을 포함하면, 줄어드는 세금의 총액은 70만원으로 늘어난다는 것이 기재부 설명이다. 정부는 또 올 한 해 민생·경기 사업의 40%를 1분기 안으로 집행하겠다고 밝히며, 정부 재정이 시장에 서둘러 풀리는 방안을 마련했다고 했다. 가령 노인 일자리 사업은 작년에는 2월부터 급여가 지급되기 시작했는데, 올해는 1월부터 급여가 지급되도록 했다. 전기차·수소차 구매 보조금 지급도 작년 2월 넷째 주부터 시행하던 것에서 올해는 1월 셋째 주로 앞당기기로 했다. 올 상반기에 구매한 전기차에 대해선 정부 보조금도 늘어난다. 기존엔 전기차 업체가 자체 할인해주는 금액의 20%를 정부가 추가 할인해줬는데, 이 추가 할인율을 최대 40%까지로 높인 것이다. ◇민생 입법 재추진 작년에 추진하려다 연말 국회 파행으로 무산된 민생 입법도 다시 추진한다. 먼저 조세특례제한법(조특법)을 고쳐 올 상반기 추가 소비분(전년 대비 5% 이상)에 대해 20%를 소득공제해주는 방안을 추진하기로 했다. 작년에는 추가 소비분의 10%만 공제했는데, 올해는 두 배로 늘리겠다는 것이다. 직전 3년보다 더 많은 금액을 투자한 중소·중견기업에 대해 세금을 더 깎아주는 임시투자세액공제 기한을 작년 말에서 올해 말로 1년 연장하는 조특법 개정도 추진된다. 다만 대기업은 2년 전과 달리 실적이 개선됐다는 이유로 임시투자세액공제를 연장할 계획이 없다고 기재부는 밝혔다. 정부는 이외에도 수도권 이외 지역의 숙박 시설에 묵는 관광객들의 숙박비에서 최대 3만원을 할인해주는 할인 쿠폰을 1년간 100만장 배포할 예정이다. 설 연휴에는 전통시장과 골목형 상점가에서 활용할 수 있는 온누리상품권 할인율도 10%에서 15%(모바일·카드형 기준)로 높인다. 아내는 서울 대기업, 남편은 경남 공장에서 근무하는 방식의 주말부부가 월세 세액공제를 각각 받을 수 있도록 하는 방안을 올해 세법 개정안에 반영하기로 했다.. 정부 발표와 별도로 서울시는 이날 서울 전 지역에서 쓸 수 있는 지역 화폐인 ‘서울사랑상품권’ 750억원어치를 오는 8일 발행한다고 밝혔다. 올해 발행하기로 한 1500억원어치 중 절반을 연초에 집중 발행하는 것이다. 서울시가 이 상품권을 연초에 조기 발행하는 건 이번이 처음이다. ◇”반년도 못 갈 경제정책 방향” 다","최 권한대행은 “경제 여건 전반을 1분기 중 재점검하고, 필요시 추가 경기 보강 방안을 강구하겠다”며 추가경정예산 편성 가능성을 시사했다.",반도체 등 주력 수출 업종의 경쟁 심화와 이달 20일 출범하는 트럼프 정부의 관세 장벽 강화 등으로 수출 증가율은 작년 8.2%에서 올해 1.5%로 쪼그라들 것으로 봤다.,국내공식통계,N,재정·조세,성장률 전망치,"성장률, 재정, 조세, 내수, 경기보강, 추경편성",-,-,-,,-,-,-,2025,-,,확정,2년,CONTEXT,rule_fallback,성장률 전망치,-,2025,-,rule_fallback,참고값,2,-,-,N,년,수준값,증가,-,"""정부는 올해 소비자 물가 상승률도 한국은행의 물가 안정 목표치(2%)보다 낮은 1.8%로 전망해, 6개월 전 전망치(2.1%)보다 0.3%포인트 낮춰 잡았다.""",high,Y,measurement_rule_fallback:23,Y,23,0,HCX-007,v1.6-prev2-context,2026-07-30,성장률 전망치,,2025,,년,년,duration,condition,vehicle,,N,NOT_KOSIS_VALUE,measurement_usage=CONTEXT,N,MAP000347,,skipped_not_eligible,,,,,,,,,,,,,,,,,,,,,,,,,,,,,,,,,,,,,,,,,,,,,,,,
A0031-C010,A0031-C010-m23,A0031,"추락하는 성장률, 내수 살려 떠받친다",2025-01-03,https://www.chosun.com/economy/economy_general/2025/01/03/FS5OTJUQ7RC5JIPD2GEHE7U47Q,"기재부 고위 관계자는 “각종 민생 대책에도 경기가 살아나지 않을 경우 여야정 협의체 논의를 거쳐 2분기 내 추경 편성을 검토할 수 있다는 의미”라며 “여야 정치권의 유불리를 따지기보다 경기 회복에 방점을 둘 것”이라고 했다. ◇숙박 쿠폰 100만장 배포… 카드 더 쓰면 20% 추가 공제 정부가 잠재 성장률(약 2%)보다 낮은 새해 성장률 전망치(1.8%)를 공식화하면서 경기가 일시적으로 나쁜 것이 아니라 경제의 기초 체력(펀더멘털) 약화로 저성장이 장기화하는 것 아니냐는 우려가 나온다. 정부는 올해 소비자 물가 상승률도 한국은행의 물가 안정 목표치(2%)보다 낮은 1.8%로 전망해, 6개월 전 전망치(2.1%)보다 0.3%포인트 낮춰 잡았다. 정부 전망대로 1%대 성장률과 물가 상승률이 현실화활 경우 코로나 대유행이 시작된 2020년 이후 5년 만에 처음으로 두 지표가 2%를 밑돌게 된다. ◇ “급한 불부터 끄자” 정부는 이날 발표한 새해 경제정책방향에 각종 내수 진작책을 앞세워 급한 불을 끄는 데 방점을 뒀다. 신차 개소세는 1월 3일 출고분부터 서둘러 앞당기기로 했다. 작년 10월에 차량 구매 계약을 했어도 출고 시점이 1월 3일 이후라면 개소세 혜택을 볼 수 있는 것이다. 정부의 개별소비세 인하는 지난 2018년 7월~2023년 6월 이후 1년 반 만이다. 4000만원짜리 신차를 구입한 경우 원래 개소세는 18%의 기본공제를 제외한 3280만원에 5%를 곱한 164만원이다. 그런데 3.5% 세율을 적용하면 이것이 115만원으로 49만원 줄어든다. 개별소비세액과 연동된 교육세·부가세 등을 포함하면, 줄어드는 세금의 총액은 70만원으로 늘어난다는 것이 기재부 설명이다. 정부는 또 올 한 해 민생·경기 사업의 40%를 1분기 안으로 집행하겠다고 밝히며, 정부 재정이 시장에 서둘러 풀리는 방안을 마련했다고 했다. 가령 노인 일자리 사업은 작년에는 2월부터 급여가 지급되기 시작했는데, 올해는 1월부터 급여가 지급되도록 했다. 전기차·수소차 구매 보조금 지급도 작년 2월 넷째 주부터 시행하던 것에서 올해는 1월 셋째 주로 앞당기기로 했다. 올 상반기에 구매한 전기차에 대해선 정부 보조금도 늘어난다. 기존엔 전기차 업체가 자체 할인해주는 금액의 20%를 정부가 추가 할인해줬는데, 이 추가 할인율을 최대 40%까지로 높인 것이다. ◇민생 입법 재추진 작년에 추진하려다 연말 국회 파행으로 무산된 민생 입법도 다시 추진한다. 먼저 조세특례제한법(조특법)을 고쳐 올 상반기 추가 소비분(전년 대비 5% 이상)에 대해 20%를 소득공제해주는 방안을 추진하기로 했다. 작년에는 추가 소비분의 10%만 공제했는데, 올해는 두 배로 늘리겠다는 것이다. 직전 3년보다 더 많은 금액을 투자한 중소·중견기업에 대해 세금을 더 깎아주는 임시투자세액공제 기한을 작년 말에서 올해 말로 1년 연장하는 조특법 개정도 추진된다. 다만 대기업은 2년 전과 달리 실적이 개선됐다는 이유로 임시투자세액공제를 연장할 계획이 없다고 기재부는 밝혔다. 정부는 이외에도 수도권 이외 지역의 숙박 시설에 묵는 관광객들의 숙박비에서 최대 3만원을 할인해주는 할인 쿠폰을 1년간 100만장 배포할 예정이다. 설 연휴에는 전통시장과 골목형 상점가에서 활용할 수 있는 온누리상품권 할인율도 10%에서 15%(모바일·카드형 기준)로 높인다. 아내는 서울 대기업, 남편은 경남 공장에서 근무하는 방식의 주말부부가 월세 세액공제를 각각 받을 수 있도록 하는 방안을 올해 세법 개정안에 반영하기로 했다.. 정부 발표와 별도로 서울시는 이날 서울 전 지역에서 쓸 수 있는 지역 화폐인 ‘서울사랑상품권’ 750억원어치를 오는 8일 발행한다고 밝혔다. 올해 발행하기로 한 1500억원어치 중 절반을 연초에 집중 발행하는 것이다. 서울시가 이 상품권을 연초에 조기 발행하는 건 이번이 처음이다. ◇”반년도 못 갈 경제정책 방향” 다","최 권한대행은 “경제 여건 전반을 1분기 중 재점검하고, 필요시 추가 경기 보강 방안을 강구하겠다”며 추가경정예산 편성 가능성을 시사했다.",반도체 등 주력 수출 업종의 경쟁 심화와 이달 20일 출범하는 트럼프 정부의 관세 장벽 강화 등으로 수출 증가율은 작년 8.2%에서 올해 1.5%로 쪼그라들 것으로 봤다.,국내공식통계,N,재정·조세,성장률 전망치,"성장률, 재정, 조세, 내수, 경기보강, 추경편성",-,-,-,,-,-,-,2025,-,,확정,3만원,POLICY_VALUE,rule_fallback,성장률 전망치,-,2025,-,rule_fallback,목표값,30000,-,-,N,원,수준값,증가,-,"""정부는 올해 소비자 물가 상승률도 한국은행의 물가 안정 목표치(2%)보다 낮은 1.8%로 전망해, 6개월 전 전망치(2.1%)보다 0.3%포인트 낮춰 잡았다.""",high,Y,measurement_rule_fallback:23,Y,23,0,HCX-007,v1.6-prev2-context,2026-07-30,성장률 전망치,,2025,,원,원,currency,amount,vehicle,,N,NOT_KOSIS_VALUE,measurement_usage=POLICY_VALUE,N,MAP000348,,skipped_not_eligible,,,,,,,,,,,,,,,,,,,,,,,,,,,,,,,,,,,,,,,,,,,,,,,,
A0031-C010,A0031-C010-m24,A0031,"추락하는 성장률, 내수 살려 떠받친다",2025-01-03,https://www.chosun.com/economy/economy_general/2025/01/03/FS5OTJUQ7RC5JIPD2GEHE7U47Q,"기재부 고위 관계자는 “각종 민생 대책에도 경기가 살아나지 않을 경우 여야정 협의체 논의를 거쳐 2분기 내 추경 편성을 검토할 수 있다는 의미”라며 “여야 정치권의 유불리를 따지기보다 경기 회복에 방점을 둘 것”이라고 했다. ◇숙박 쿠폰 100만장 배포… 카드 더 쓰면 20% 추가 공제 정부가 잠재 성장률(약 2%)보다 낮은 새해 성장률 전망치(1.8%)를 공식화하면서 경기가 일시적으로 나쁜 것이 아니라 경제의 기초 체력(펀더멘털) 약화로 저성장이 장기화하는 것 아니냐는 우려가 나온다. 정부는 올해 소비자 물가 상승률도 한국은행의 물가 안정 목표치(2%)보다 낮은 1.8%로 전망해, 6개월 전 전망치(2.1%)보다 0.3%포인트 낮춰 잡았다. 정부 전망대로 1%대 성장률과 물가 상승률이 현실화활 경우 코로나 대유행이 시작된 2020년 이후 5년 만에 처음으로 두 지표가 2%를 밑돌게 된다. ◇ “급한 불부터 끄자” 정부는 이날 발표한 새해 경제정책방향에 각종 내수 진작책을 앞세워 급한 불을 끄는 데 방점을 뒀다. 신차 개소세는 1월 3일 출고분부터 서둘러 앞당기기로 했다. 작년 10월에 차량 구매 계약을 했어도 출고 시점이 1월 3일 이후라면 개소세 혜택을 볼 수 있는 것이다. 정부의 개별소비세 인하는 지난 2018년 7월~2023년 6월 이후 1년 반 만이다. 4000만원짜리 신차를 구입한 경우 원래 개소세는 18%의 기본공제를 제외한 3280만원에 5%를 곱한 164만원이다. 그런데 3.5% 세율을 적용하면 이것이 115만원으로 49만원 줄어든다. 개별소비세액과 연동된 교육세·부가세 등을 포함하면, 줄어드는 세금의 총액은 70만원으로 늘어난다는 것이 기재부 설명이다. 정부는 또 올 한 해 민생·경기 사업의 40%를 1분기 안으로 집행하겠다고 밝히며, 정부 재정이 시장에 서둘러 풀리는 방안을 마련했다고 했다. 가령 노인 일자리 사업은 작년에는 2월부터 급여가 지급되기 시작했는데, 올해는 1월부터 급여가 지급되도록 했다. 전기차·수소차 구매 보조금 지급도 작년 2월 넷째 주부터 시행하던 것에서 올해는 1월 셋째 주로 앞당기기로 했다. 올 상반기에 구매한 전기차에 대해선 정부 보조금도 늘어난다. 기존엔 전기차 업체가 자체 할인해주는 금액의 20%를 정부가 추가 할인해줬는데, 이 추가 할인율을 최대 40%까지로 높인 것이다. ◇민생 입법 재추진 작년에 추진하려다 연말 국회 파행으로 무산된 민생 입법도 다시 추진한다. 먼저 조세특례제한법(조특법)을 고쳐 올 상반기 추가 소비분(전년 대비 5% 이상)에 대해 20%를 소득공제해주는 방안을 추진하기로 했다. 작년에는 추가 소비분의 10%만 공제했는데, 올해는 두 배로 늘리겠다는 것이다. 직전 3년보다 더 많은 금액을 투자한 중소·중견기업에 대해 세금을 더 깎아주는 임시투자세액공제 기한을 작년 말에서 올해 말로 1년 연장하는 조특법 개정도 추진된다. 다만 대기업은 2년 전과 달리 실적이 개선됐다는 이유로 임시투자세액공제를 연장할 계획이 없다고 기재부는 밝혔다. 정부는 이외에도 수도권 이외 지역의 숙박 시설에 묵는 관광객들의 숙박비에서 최대 3만원을 할인해주는 할인 쿠폰을 1년간 100만장 배포할 예정이다. 설 연휴에는 전통시장과 골목형 상점가에서 활용할 수 있는 온누리상품권 할인율도 10%에서 15%(모바일·카드형 기준)로 높인다. 아내는 서울 대기업, 남편은 경남 공장에서 근무하는 방식의 주말부부가 월세 세액공제를 각각 받을 수 있도록 하는 방안을 올해 세법 개정안에 반영하기로 했다.. 정부 발표와 별도로 서울시는 이날 서울 전 지역에서 쓸 수 있는 지역 화폐인 ‘서울사랑상품권’ 750억원어치를 오는 8일 발행한다고 밝혔다. 올해 발행하기로 한 1500억원어치 중 절반을 연초에 집중 발행하는 것이다. 서울시가 이 상품권을 연초에 조기 발행하는 건 이번이 처음이다. ◇”반년도 못 갈 경제정책 방향” 다","최 권한대행은 “경제 여건 전반을 1분기 중 재점검하고, 필요시 추가 경기 보강 방안을 강구하겠다”며 추가경정예산 편성 가능성을 시사했다.",반도체 등 주력 수출 업종의 경쟁 심화와 이달 20일 출범하는 트럼프 정부의 관세 장벽 강화 등으로 수출 증가율은 작년 8.2%에서 올해 1.5%로 쪼그라들 것으로 봤다.,국내공식통계,N,재정·조세,성장률 전망치,"성장률, 재정, 조세, 내수, 경기보강, 추경편성",-,-,-,,-,-,-,2025,-,,확정,15%,POLICY_VALUE,rule_fallback,성장률 전망치,-,2025,-,rule_fallback,증감률,15,-,-,N,%,증감률,증가,-,"""정부는 올해 소비자 물가 상승률도 한국은행의 물가 안정 목표치(2%)보다 낮은 1.8%로 전망해, 6개월 전 전망치(2.1%)보다 0.3%포인트 낮춰 잡았다.""",high,Y,measurement_rule_fallback:23,Y,23,0,HCX-007,v1.6-prev2-context,2026-07-30,성장률 전망치,,2025,,%,%,rate,rate_change,vehicle,,N,NOT_KOSIS_VALUE,measurement_usage=POLICY_VALUE,N,MAP000349,,skipped_not_eligible,,,,,,,,,,,,,,,,,,,,,,,,,,,,,,,,,,,,,,,,,,,,,,,,
A0031-C010,A0031-C010-m25,A0031,"추락하는 성장률, 내수 살려 떠받친다",2025-01-03,https://www.chosun.com/economy/economy_general/2025/01/03/FS5OTJUQ7RC5JIPD2GEHE7U47Q,"기재부 고위 관계자는 “각종 민생 대책에도 경기가 살아나지 않을 경우 여야정 협의체 논의를 거쳐 2분기 내 추경 편성을 검토할 수 있다는 의미”라며 “여야 정치권의 유불리를 따지기보다 경기 회복에 방점을 둘 것”이라고 했다. ◇숙박 쿠폰 100만장 배포… 카드 더 쓰면 20% 추가 공제 정부가 잠재 성장률(약 2%)보다 낮은 새해 성장률 전망치(1.8%)를 공식화하면서 경기가 일시적으로 나쁜 것이 아니라 경제의 기초 체력(펀더멘털) 약화로 저성장이 장기화하는 것 아니냐는 우려가 나온다. 정부는 올해 소비자 물가 상승률도 한국은행의 물가 안정 목표치(2%)보다 낮은 1.8%로 전망해, 6개월 전 전망치(2.1%)보다 0.3%포인트 낮춰 잡았다. 정부 전망대로 1%대 성장률과 물가 상승률이 현실화활 경우 코로나 대유행이 시작된 2020년 이후 5년 만에 처음으로 두 지표가 2%를 밑돌게 된다. ◇ “급한 불부터 끄자” 정부는 이날 발표한 새해 경제정책방향에 각종 내수 진작책을 앞세워 급한 불을 끄는 데 방점을 뒀다. 신차 개소세는 1월 3일 출고분부터 서둘러 앞당기기로 했다. 작년 10월에 차량 구매 계약을 했어도 출고 시점이 1월 3일 이후라면 개소세 혜택을 볼 수 있는 것이다. 정부의 개별소비세 인하는 지난 2018년 7월~2023년 6월 이후 1년 반 만이다. 4000만원짜리 신차를 구입한 경우 원래 개소세는 18%의 기본공제를 제외한 3280만원에 5%를 곱한 164만원이다. 그런데 3.5% 세율을 적용하면 이것이 115만원으로 49만원 줄어든다. 개별소비세액과 연동된 교육세·부가세 등을 포함하면, 줄어드는 세금의 총액은 70만원으로 늘어난다는 것이 기재부 설명이다. 정부는 또 올 한 해 민생·경기 사업의 40%를 1분기 안으로 집행하겠다고 밝히며, 정부 재정이 시장에 서둘러 풀리는 방안을 마련했다고 했다. 가령 노인 일자리 사업은 작년에는 2월부터 급여가 지급되기 시작했는데, 올해는 1월부터 급여가 지급되도록 했다. 전기차·수소차 구매 보조금 지급도 작년 2월 넷째 주부터 시행하던 것에서 올해는 1월 셋째 주로 앞당기기로 했다. 올 상반기에 구매한 전기차에 대해선 정부 보조금도 늘어난다. 기존엔 전기차 업체가 자체 할인해주는 금액의 20%를 정부가 추가 할인해줬는데, 이 추가 할인율을 최대 40%까지로 높인 것이다. ◇민생 입법 재추진 작년에 추진하려다 연말 국회 파행으로 무산된 민생 입법도 다시 추진한다. 먼저 조세특례제한법(조특법)을 고쳐 올 상반기 추가 소비분(전년 대비 5% 이상)에 대해 20%를 소득공제해주는 방안을 추진하기로 했다. 작년에는 추가 소비분의 10%만 공제했는데, 올해는 두 배로 늘리겠다는 것이다. 직전 3년보다 더 많은 금액을 투자한 중소·중견기업에 대해 세금을 더 깎아주는 임시투자세액공제 기한을 작년 말에서 올해 말로 1년 연장하는 조특법 개정도 추진된다. 다만 대기업은 2년 전과 달리 실적이 개선됐다는 이유로 임시투자세액공제를 연장할 계획이 없다고 기재부는 밝혔다. 정부는 이외에도 수도권 이외 지역의 숙박 시설에 묵는 관광객들의 숙박비에서 최대 3만원을 할인해주는 할인 쿠폰을 1년간 100만장 배포할 예정이다. 설 연휴에는 전통시장과 골목형 상점가에서 활용할 수 있는 온누리상품권 할인율도 10%에서 15%(모바일·카드형 기준)로 높인다. 아내는 서울 대기업, 남편은 경남 공장에서 근무하는 방식의 주말부부가 월세 세액공제를 각각 받을 수 있도록 하는 방안을 올해 세법 개정안에 반영하기로 했다.. 정부 발표와 별도로 서울시는 이날 서울 전 지역에서 쓸 수 있는 지역 화폐인 ‘서울사랑상품권’ 750억원어치를 오는 8일 발행한다고 밝혔다. 올해 발행하기로 한 1500억원어치 중 절반을 연초에 집중 발행하는 것이다. 서울시가 이 상품권을 연초에 조기 발행하는 건 이번이 처음이다. ◇”반년도 못 갈 경제정책 방향” 다","최 권한대행은 “경제 여건 전반을 1분기 중 재점검하고, 필요시 추가 경기 보강 방안을 강구하겠다”며 추가경정예산 편성 가능성을 시사했다.",반도체 등 주력 수출 업종의 경쟁 심화와 이달 20일 출범하는 트럼프 정부의 관세 장벽 강화 등으로 수출 증가율은 작년 8.2%에서 올해 1.5%로 쪼그라들 것으로 봤다.,국내공식통계,N,재정·조세,성장률 전망치,"성장률, 재정, 조세, 내수, 경기보강, 추경편성",-,-,-,,-,-,-,2025,-,,확정,750억원,POLICY_VALUE,rule_fallback,성장률 전망치,-,2025,-,rule_fallback,현재값,75000000000,-,-,N,원,수준값,증가,-,"""정부는 올해 소비자 물가 상승률도 한국은행의 물가 안정 목표치(2%)보다 낮은 1.8%로 전망해, 6개월 전 전망치(2.1%)보다 0.3%포인트 낮춰 잡았다.""",high,Y,measurement_rule_fallback:23,Y,23,0,HCX-007,v1.6-prev2-context,2026-07-30,성장률 전망치,,2025,,원,원,currency,amount,vehicle,,N,NOT_KOSIS_VALUE,measurement_usage=POLICY_VALUE,N,MAP000350,,skipped_not_eligible,,,,,,,,,,,,,,,,,,,,,,,,,,,,,,,,,,,,,,,,,,,,,,,,
A0031-C010,A0031-C010-m26,A0031,"추락하는 성장률, 내수 살려 떠받친다",2025-01-03,https://www.chosun.com/economy/economy_general/2025/01/03/FS5OTJUQ7RC5JIPD2GEHE7U47Q,"기재부 고위 관계자는 “각종 민생 대책에도 경기가 살아나지 않을 경우 여야정 협의체 논의를 거쳐 2분기 내 추경 편성을 검토할 수 있다는 의미”라며 “여야 정치권의 유불리를 따지기보다 경기 회복에 방점을 둘 것”이라고 했다. ◇숙박 쿠폰 100만장 배포… 카드 더 쓰면 20% 추가 공제 정부가 잠재 성장률(약 2%)보다 낮은 새해 성장률 전망치(1.8%)를 공식화하면서 경기가 일시적으로 나쁜 것이 아니라 경제의 기초 체력(펀더멘털) 약화로 저성장이 장기화하는 것 아니냐는 우려가 나온다. 정부는 올해 소비자 물가 상승률도 한국은행의 물가 안정 목표치(2%)보다 낮은 1.8%로 전망해, 6개월 전 전망치(2.1%)보다 0.3%포인트 낮춰 잡았다. 정부 전망대로 1%대 성장률과 물가 상승률이 현실화활 경우 코로나 대유행이 시작된 2020년 이후 5년 만에 처음으로 두 지표가 2%를 밑돌게 된다. ◇ “급한 불부터 끄자” 정부는 이날 발표한 새해 경제정책방향에 각종 내수 진작책을 앞세워 급한 불을 끄는 데 방점을 뒀다. 신차 개소세는 1월 3일 출고분부터 서둘러 앞당기기로 했다. 작년 10월에 차량 구매 계약을 했어도 출고 시점이 1월 3일 이후라면 개소세 혜택을 볼 수 있는 것이다. 정부의 개별소비세 인하는 지난 2018년 7월~2023년 6월 이후 1년 반 만이다. 4000만원짜리 신차를 구입한 경우 원래 개소세는 18%의 기본공제를 제외한 3280만원에 5%를 곱한 164만원이다. 그런데 3.5% 세율을 적용하면 이것이 115만원으로 49만원 줄어든다. 개별소비세액과 연동된 교육세·부가세 등을 포함하면, 줄어드는 세금의 총액은 70만원으로 늘어난다는 것이 기재부 설명이다. 정부는 또 올 한 해 민생·경기 사업의 40%를 1분기 안으로 집행하겠다고 밝히며, 정부 재정이 시장에 서둘러 풀리는 방안을 마련했다고 했다. 가령 노인 일자리 사업은 작년에는 2월부터 급여가 지급되기 시작했는데, 올해는 1월부터 급여가 지급되도록 했다. 전기차·수소차 구매 보조금 지급도 작년 2월 넷째 주부터 시행하던 것에서 올해는 1월 셋째 주로 앞당기기로 했다. 올 상반기에 구매한 전기차에 대해선 정부 보조금도 늘어난다. 기존엔 전기차 업체가 자체 할인해주는 금액의 20%를 정부가 추가 할인해줬는데, 이 추가 할인율을 최대 40%까지로 높인 것이다. ◇민생 입법 재추진 작년에 추진하려다 연말 국회 파행으로 무산된 민생 입법도 다시 추진한다. 먼저 조세특례제한법(조특법)을 고쳐 올 상반기 추가 소비분(전년 대비 5% 이상)에 대해 20%를 소득공제해주는 방안을 추진하기로 했다. 작년에는 추가 소비분의 10%만 공제했는데, 올해는 두 배로 늘리겠다는 것이다. 직전 3년보다 더 많은 금액을 투자한 중소·중견기업에 대해 세금을 더 깎아주는 임시투자세액공제 기한을 작년 말에서 올해 말로 1년 연장하는 조특법 개정도 추진된다. 다만 대기업은 2년 전과 달리 실적이 개선됐다는 이유로 임시투자세액공제를 연장할 계획이 없다고 기재부는 밝혔다. 정부는 이외에도 수도권 이외 지역의 숙박 시설에 묵는 관광객들의 숙박비에서 최대 3만원을 할인해주는 할인 쿠폰을 1년간 100만장 배포할 예정이다. 설 연휴에는 전통시장과 골목형 상점가에서 활용할 수 있는 온누리상품권 할인율도 10%에서 15%(모바일·카드형 기준)로 높인다. 아내는 서울 대기업, 남편은 경남 공장에서 근무하는 방식의 주말부부가 월세 세액공제를 각각 받을 수 있도록 하는 방안을 올해 세법 개정안에 반영하기로 했다.. 정부 발표와 별도로 서울시는 이날 서울 전 지역에서 쓸 수 있는 지역 화폐인 ‘서울사랑상품권’ 750억원어치를 오는 8일 발행한다고 밝혔다. 올해 발행하기로 한 1500억원어치 중 절반을 연초에 집중 발행하는 것이다. 서울시가 이 상품권을 연초에 조기 발행하는 건 이번이 처음이다. ◇”반년도 못 갈 경제정책 방향” 다","최 권한대행은 “경제 여건 전반을 1분기 중 재점검하고, 필요시 추가 경기 보강 방안을 강구하겠다”며 추가경정예산 편성 가능성을 시사했다.",반도체 등 주력 수출 업종의 경쟁 심화와 이달 20일 출범하는 트럼프 정부의 관세 장벽 강화 등으로 수출 증가율은 작년 8.2%에서 올해 1.5%로 쪼그라들 것으로 봤다.,국내공식통계,N,재정·조세,성장률 전망치,"성장률, 재정, 조세, 내수, 경기보강, 추경편성",-,-,-,,-,-,-,2025,-,,확정,1500억원,POLICY_VALUE,rule_fallback,성장률 전망치,-,2025,-,rule_fallback,현재값,1.5E+11,-,-,N,원,수준값,증가,-,"""정부는 올해 소비자 물가 상승률도 한국은행의 물가 안정 목표치(2%)보다 낮은 1.8%로 전망해, 6개월 전 전망치(2.1%)보다 0.3%포인트 낮춰 잡았다.""",high,Y,measurement_rule_fallback:23,Y,23,0,HCX-007,v1.6-prev2-context,2026-07-30,성장률 전망치,,2025,,원,원,currency,amount,vehicle,,N,NOT_KOSIS_VALUE,measurement_usage=POLICY_VALUE,N,MAP000351,,skipped_not_eligible,,,,,,,,,,,,,,,,,,,,,,,,,,,,,,,,,,,,,,,,,,,,,,,,
A0032-C004,A0032-C004-m1,A0032,수의직 7급→6급 높여도… “공무원 안 하죠”,2025-01-03,https://www.chosun.com/economy/economy_general/2025/01/03/TAEI2K7JCBBI5FCC7FT5WEJMRE,전남도가 6급으로 뽑는다는 건 승진 기한을 10년 줄여준 셈이다.,수의직 7급으로 들어와 6급이 되기까지 통상 10년씩 걸린다.,기존엔 7급으로 선발하던 자리다.,개별기업,N,고용,,-,전남,-,-,,-,-,-,,-,,확정,10년,CONTEXT,hcx,-,-,-,-,hcx,참고값,10,-,-,N,년,수준값,-,-,수의직 7급으로 들어와 6급이 되기까지 통상 10년씩 걸린다.,high,N,-,N,0,0,HCX-007,v1.6-prev2-context,2026-07-30,,,,,년,년,duration,condition,unspecified,,N,NOT_KOSIS_VALUE,measurement_usage=CONTEXT,N,MAP000352,,skipped_not_eligible,,,,,,,,,,,,,,,,,,,,,,,,,,,,,,,,,,,,,,,,,,,,,,,,
A0032-C007,-,A0032,수의직 7급→6급 높여도… “공무원 안 하죠”,2025-01-03,https://www.chosun.com/economy/economy_general/2025/01/03/TAEI2K7JCBBI5FCC7FT5WEJMRE,"2일 농림축산식품부 등에 따르면, 가축방역관으로 일할 수의직 공무원(수의사) 지원자와 선발 인원이 계속 줄어들고 있다.",전남도 관계자는 “애초에 지원자가 합격한 한 명뿐이었다”고 했다.,그런데 최종 합격자 1명뿐이었다.,국내공식통계,N,고용,,-,전국,-,-,,-,-,-,,-,,확정,-,-,-,-,-,-,-,-,-,-,-,-,-,,-,-,-,"2일 농림축산식품부 등에 따르면, 가축방역관으로 일할 수의직 공무원(수의사) 지원자와 선발 인원이 계속 줄어들고 있다.",low,Y,-,N,0,0,HCX-007,v1.6-prev2-context,2026-07-30,,,202501,M,,,unknown,level,unspecified,,N,NO_MEASUREMENT,측정값 없는 placeholder,Y,MAP000353,,skipped_not_eligible,,,,,,,,,,,,,,,,,,,,,,,,,,,,,,,,,,,,,,,,,,,,,,,,
A0034-C015,A0034-C015-m1,A0034,미니소·Chagee·BYD… 중국 브랜드가 몰려온다,2025-01-03,https://www.chosun.com/economy/industry-company/2025/01/03/2LUZ5YGYRFBA5OVQH3TKOZWVC4,자동차 업계에서는 BYD가 3000만~4000만원대 중저가 전기차를 출시해 한국 시장을 공략할 것으로 보고 있다.,하지만 승용차를 국내에 출시하는 건 이번이 처음이다.,"BYD 역시 2016년부터 한국 시장에서 전기 버스, 전기 트럭 등 상용차를 판매해왔다.",개별기업,N,소매·소비,전기차 가격,"미니소, Chagee, BYD, 전기차, 중저가",-,-,-,전기차,-,-,-,2025,-,Y,확정,3000만원,KOSIS_VALUE,hcx,전기차 가격,전기차,2025,Y,claim_fallback,현재값,30000000,-,-,N,원,수준값,-,전년,자동차 업계에서는 BYD가 3000만~4000만원대 중저가 전기차를 출시해 한국 시장을 공략할 것으로 보고 있다.,mid,Y,measurement_binding_fallback:2;measurement_period_ungrounded:2,N,0,2,HCX-007,v1.6-prev2-context,2026-07-30,전기차 가격,전기차,2025,Y,원,원,currency,amount,vehicle,,N,OUT_OF_KOSIS_SCOPE,claim_domain_scope=개별기업,Y,MAP000354,,skipped_not_eligible,,,,,,,,,,,,,,,,,,,,,,,,,,,,,,,,,,,,,,,,,,,,,,,,
A0034-C015,A0034-C015-m2,A0034,미니소·Chagee·BYD… 중국 브랜드가 몰려온다,2025-01-03,https://www.chosun.com/economy/industry-company/2025/01/03/2LUZ5YGYRFBA5OVQH3TKOZWVC4,자동차 업계에서는 BYD가 3000만~4000만원대 중저가 전기차를 출시해 한국 시장을 공략할 것으로 보고 있다.,하지만 승용차를 국내에 출시하는 건 이번이 처음이다.,"BYD 역시 2016년부터 한국 시장에서 전기 버스, 전기 트럭 등 상용차를 판매해왔다.",개별기업,N,소매·소비,전기차 가격,"미니소, Chagee, BYD, 전기차, 중저가",-,-,-,전기차,-,-,-,2025,-,Y,확정,4000만원,KOSIS_VALUE,hcx,전기차 가격,전기차,2025,Y,claim_fallback,현재값,40000000,-,-,N,원,수준값,-,전년,자동차 업계에서는 BYD가 3000만~4000만원대 중저가 전기차를 출시해 한국 시장을 공략할 것으로 보고 있다.,mid,Y,measurement_binding_fallback:2;measurement_period_ungrounded:2,N,0,2,HCX-007,v1.6-prev2-context,2026-07-30,전기차 가격,전기차,2025,Y,원,원,currency,amount,vehicle,,N,OUT_OF_KOSIS_SCOPE,claim_domain_scope=개별기업,Y,MAP000355,,skipped_not_eligible,,,,,,,,,,,,,,,,,,,,,,,,,,,,,,,,,,,,,,,,,,,,,,,,
A0034-C025,A0034-C025-m1,A0034,미니소·Chagee·BYD… 중국 브랜드가 몰려온다,2025-01-03,https://www.chosun.com/economy/industry-company/2025/01/03/2LUZ5YGYRFBA5OVQH3TKOZWVC4,BYD는 작년에 2023년 대비 41.3% 증가한 427만대의 차량을 판매했다.,"2020년 뉴욕 증시에 상장한 미니소는 디즈니, 산리오, 포켓몬 등 100개가 넘는 글로벌 콘텐츠와 IP 계약을 체결하고 협업 상품을 내놓고 있다.",현재 미니소는 112국에서 매장 7100여 개를 운영하고 있다.,개별기업,N,생산·산업,차량 판매 증가율,"미니소, Chagee, BYD, 중국 브랜드, 차량 판매량",-,-,-,자동차,-,-,-,2023,-,Y,확정,41.30%,KOSIS_VALUE,hcx,차량 판매 증가율,자동차,2023,Y,hcx,증감률,41.3,-,-,N,%,증감률,증가,전년,BYD는 작년에 2023년 대비 41.3% 증가한 427만대의 차량을 판매했다.,high,N,-,N,0,0,HCX-007,v1.6-prev2-context,2026-07-30,차량 판매량,자동차,2024,Y,%,%,rate,rate_change,vehicle,2022,N,OUT_OF_KOSIS_SCOPE,claim_domain_scope=개별기업,Y,MAP000356,,skipped_not_eligible,,,,,,,,,,,,,,,,,,,,,,,,,,,,,,,,,,,,,,,,,,,,,,,,
A0034-C025,A0034-C025-m2,A0034,미니소·Chagee·BYD… 중국 브랜드가 몰려온다,2025-01-03,https://www.chosun.com/economy/industry-company/2025/01/03/2LUZ5YGYRFBA5OVQH3TKOZWVC4,BYD는 작년에 2023년 대비 41.3% 증가한 427만대의 차량을 판매했다.,"2020년 뉴욕 증시에 상장한 미니소는 디즈니, 산리오, 포켓몬 등 100개가 넘는 글로벌 콘텐츠와 IP 계약을 체결하고 협업 상품을 내놓고 있다.",현재 미니소는 112국에서 매장 7100여 개를 운영하고 있다.,개별기업,N,생산·산업,차량 판매량,"미니소, Chagee, BYD, 중국 브랜드, 차량 판매량",-,-,-,자동차,-,-,-,2023,-,Y,확정,427만대,KOSIS_VALUE,hcx,차량 판매량,자동차,2023,Y,hcx,현재값,4270000,-,-,N,대,수준값,증가,전년,BYD는 작년에 2023년 대비 41.3% 증가한 427만대의 차량을 판매했다.,high,N,-,N,0,0,HCX-007,v1.6-prev2-context,2026-07-30,차량 판매량,자동차,2024,Y,대,대,count,count,vehicle,,N,OUT_OF_KOSIS_SCOPE,claim_domain_scope=개별기업,N,MAP000357,,skipped_not_eligible,,,,,,,,,,,,,,,,,,,,,,,,,,,,,,,,,,,,,,,,,,,,,,,,
A0034-C026,A0034-C026-m1,A0034,미니소·Chagee·BYD… 중국 브랜드가 몰려온다,2025-01-03,https://www.chosun.com/economy/industry-company/2025/01/03/2LUZ5YGYRFBA5OVQH3TKOZWVC4,순수 전기차는 176만대에 달한다.,BYD는 작년에 2023년 대비 41.3% 증가한 427만대의 차량을 판매했다.,"2020년 뉴욕 증시에 상장한 미니소는 디즈니, 산리오, 포켓몬 등 100개가 넘는 글로벌 콘텐츠와 IP 계약을 체결하고 협업 상품을 내놓고 있다.",개별기업,N,생산·산업,순수 전기차 판매량,"미니소, Chagee, BYD, 순수 전기차, 판매량",-,-,-,전기차,-,-,-,2025,-,Y,확정,176만대,KOSIS_VALUE,hcx,순수 전기차 판매량,전기차,2025,Y,claim_fallback,현재값,1760000,-,-,N,대,수준값,-,전년,순수 전기차는 176만대에 달한다.,high,Y,measurement_binding_fallback:1;measurement_period_ungrounded:1,N,0,1,HCX-007,v1.6-prev2-context,2026-07-30,순수 전기차 판매량,전기차,2025,Y,대,대,count,count,item,,N,OUT_OF_KOSIS_SCOPE,claim_domain_scope=개별기업,N,MAP000358,,skipped_not_eligible,,,,,,,,,,,,,,,,,,,,,,,,,,,,,,,,,,,,,,,,,,,,,,,,
A0034-C028,A0034-C028-m1,A0034,미니소·Chagee·BYD… 중국 브랜드가 몰려온다,2025-01-03,https://www.chosun.com/economy/industry-company/2025/01/03/2LUZ5YGYRFBA5OVQH3TKOZWVC4,"샤오미의 글로벌 스마트폰 점유율은 작년 3분기 기준 삼성, 애플에 이어 3위까지 올라왔다.",세계 전기차 판매 1위 테슬라를 바짝 추격하는 수준까지 성장했다.,순수 전기차는 176만대에 달한다.,해외통계·정책,Y,무역,글로벌 스마트폰 점유율,"샤오미, 글로벌, 스마트폰, 점유율, 삼성, 애플",-,-,-,스마트폰,-,-,-,2024Q3,-,Q,확정,3위,KOSIS_VALUE,hcx,글로벌 스마트폰 점유율,스마트폰,2024Q3,Q,hcx,현재값,3,-,-,N,위,순위,-,전분기,"샤오미의 글로벌 스마트폰 점유율은 작년 3분기 기준 삼성, 애플에 이어 3위까지 올라왔다.",high,N,-,N,0,0,HCX-007,v1.6-prev2-context,2026-07-30,글로벌 스마트폰 점유율,스마트폰,2024Q3,Q,위,위,rank,rank,item,,N,OUT_OF_KOSIS_SCOPE,claim_domain_scope=해외통계·정책,Y,MAP000359,,skipped_not_eligible,,,,,,,,,,,,,,,,,,,,,,,,,,,,,,,,,,,,,,,,,,,,,,,,
A0034-C034,-,A0034,미니소·Chagee·BYD… 중국 브랜드가 몰려온다,2025-01-03,https://www.chosun.com/economy/industry-company/2025/01/03/2LUZ5YGYRFBA5OVQH3TKOZWVC4,이은희 인하대 소비자학과 명예교수는 “중국 경제의 성장 둔화로 한국에 진출하는 중국 브랜드는 더욱 많아질 것”이라고 말했다.,대내외적인 이유로 중국 기업들의 국내 진출이 가속화될 것이라는 전망도 나온다.,글로벌마켓리서치 회사인 포레스터는 “중국 브랜드들은 과거와 달리 중국 정체성을 숨기지 않고 오히려 강점으로 내세우고 있다”고 밝혔다.,전망·목표,N,기타,,"중국 브랜드, 국내 진출, 중국 경제 성장 둔화",-,-,-,,-,-,-,,-,,모호,-,-,-,-,-,-,-,-,-,-,-,-,-,,-,-,-,"""중국 경제의 성장 둔화로 한국에 진출하는 중국 브랜드는 더욱 많아질 것""이라고 말했다.",low,Y,-,N,0,0,HCX-007,v1.6-prev2-context,2026-07-30,,,,,,,unknown,level,unspecified,,N,NO_MEASUREMENT,측정값 없는 placeholder,Y,MAP000360,,skipped_not_eligible,,,,,,,,,,,,,,,,,,,,,,,,,,,,,,,,,,,,,,,,,,,,,,,,
A0034-C035,-,A0034,미니소·Chagee·BYD… 중국 브랜드가 몰려온다,2025-01-03,https://www.chosun.com/economy/industry-company/2025/01/03/2LUZ5YGYRFBA5OVQH3TKOZWVC4,중국에 대한 강력한 제재를 예고한 트럼프 2기 행정부 출범도 중국 브랜드의 해외 진출을 부채질하고 있다.,이은희 인하대 소비자학과 명예교수는 “중국 경제의 성장 둔화로 한국에 진출하는 중국 브랜드는 더욱 많아질 것”이라고 말했다.,대내외적인 이유로 중국 기업들의 국내 진출이 가속화될 것이라는 전망도 나온다.,전망·목표,N,무역,,"중국 브랜드, 해외 진출",-,-,-,,-,중국,-,,-,,모호,-,-,-,-,-,-,-,-,-,-,-,-,-,,-,-,-,중국에 대한 강력한 제재를 예고한 트럼프 2기 행정부 출범도 중국 브랜드의 해외 진출을 부채질하고 있다.,low,Y,-,N,0,0,HCX-007,v1.6-prev2-context,2026-07-30,,,,,,,unknown,level,unspecified,,N,NO_MEASUREMENT,측정값 없는 placeholder,Y,MAP000361,,skipped_not_eligible,,,,,,,,,,,,,,,,,,,,,,,,,,,,,,,,,,,,,,,,,,,,,,,,
A0039-C008,A0039-C008-m1,A0039,"제주항공 ""6일부터 국내˙국제선 총 1116편 감편""",2025-01-03,https://www.chosun.com/economy/industry-company/2025/01/03/TIR5LLAP7BH7HGYHI36YSHMYBQ,제주항공은 추가적인 노선 감편을 포함해 총 1900편의 운항량을 감축하겠다는 계획이다.,제주항공은 “비운항이 결정된 항공편은 당사 인접편으로 변경 혹은 환불 조치를 하겠다”면서 “추가 비운항 노선도 확정되는대로 안내하겠다”고 밝혔다.,"국제선은 무안에서 나가사키, 방콕, 코타키나발루, 타이베이, 장자제를 각각 오가는 5개 노선, 278편이 대상이다.",개별기업,N,무역,운항량,-,-,-,-,항공,-,-,-,2025,-,,확정,총 1900편의 운항량,KOSIS_VALUE,hcx,운항량,항공,2025,-,claim_fallback,목표값,1900,-,-,N,편,수준값,-,-,"""제주항공은 추가적인 노선 감편을 포함해 총 1900편의 운항량을 감축하겠다는 계획이다.""",high,Y,measurement_binding_fallback:1;measurement_period_ungrounded:1,N,0,1,HCX-007,v1.6-prev2-context,2026-07-30,운항량 감축 계획,항공,2025,,편,편,unknown,level,item,,N,OUT_OF_KOSIS_SCOPE,claim_domain_scope=개별기업,N,MAP000362,,skipped_not_eligible,,,,,,,,,,,,,,,,,,,,,,,,,,,,,,,,,,,,,,,,,,,,,,,,
A0041-C003,A0041-C003-m1,A0041,치솟는 환율에 식품 물가도 급등,2025-01-04,https://www.chosun.com/economy/economy_general/2025/01/04/7SPGFC4RFZEDLDPFTQHVDM2K2E,지난해 말 상승한 국제 곡물 가격도 3~4개월 시차를 두고 국내 식품 물가에 반영될 가능성이 높다.,지난해 12월부터 달러 대비 원화 환율이 1400원 선을 넘는 고환율이 장기화하면서 해외에서 수입해 오는 식품 원재료 가격이 치솟은 탓이다.,환율 상승으로 주요 먹거리와 생활필수품 가격이 줄줄이 오르면서 장바구니 물가에 빨간 경보등이 켜졌다.,국내공식통계,N,물가,곡물 가격 반영 시차,"환율, 식품 물가, 국제 곡물 가격",-,-,-,,-,-,-,202501,-,M,모호,3개월,CONTEXT,hcx,곡물 가격 반영 시차,-,202501,M,claim_fallback,참고값,3,-,-,N,개월,수준값,증가,-,지난해 말 상승한 국제 곡물 가격도 3~4개월 시차를 두고 국내 식품 물가에 반영될 가능성이 높다.,mid,Y,measurement_binding_fallback:2;measurement_period_ungrounded:2,N,0,2,HCX-007,v1.6-prev2-context,2026-07-30,국제 곡물 가격,,202501,M,개월,개월,duration,condition,unspecified,,N,NOT_KOSIS_VALUE,measurement_usage=CONTEXT,Y,MAP000363,,skipped_not_eligible,,,,,,,,,,,,,,,,,,,,,,,,,,,,,,,,,,,,,,,,,,,,,,,,
A0041-C003,A0041-C003-m2,A0041,치솟는 환율에 식품 물가도 급등,2025-01-04,https://www.chosun.com/economy/economy_general/2025/01/04/7SPGFC4RFZEDLDPFTQHVDM2K2E,지난해 말 상승한 국제 곡물 가격도 3~4개월 시차를 두고 국내 식품 물가에 반영될 가능성이 높다.,지난해 12월부터 달러 대비 원화 환율이 1400원 선을 넘는 고환율이 장기화하면서 해외에서 수입해 오는 식품 원재료 가격이 치솟은 탓이다.,환율 상승으로 주요 먹거리와 생활필수품 가격이 줄줄이 오르면서 장바구니 물가에 빨간 경보등이 켜졌다.,국내공식통계,N,물가,곡물 가격 반영 시차,"환율, 식품 물가, 국제 곡물 가격",-,-,-,,-,-,-,202501,-,M,모호,4개월,CONTEXT,hcx,곡물 가격 반영 시차,-,202501,M,claim_fallback,참고값,4,-,-,N,개월,수준값,증가,-,지난해 말 상승한 국제 곡물 가격도 3~4개월 시차를 두고 국내 식품 물가에 반영될 가능성이 높다.,mid,Y,measurement_binding_fallback:2;measurement_period_ungrounded:2,N,0,2,HCX-007,v1.6-prev2-context,2026-07-30,국제 곡물 가격,,202501,M,개월,개월,duration,condition,unspecified,,N,NOT_KOSIS_VALUE,measurement_usage=CONTEXT,Y,MAP000364,,skipped_not_eligible,,,,,,,,,,,,,,,,,,,,,,,,,,,,,,,,,,,,,,,,,,,,,,,,
A0041-C004,A0041-C004-m1,A0041,치솟는 환율에 식품 물가도 급등,2025-01-04,https://www.chosun.com/economy/economy_general/2025/01/04/7SPGFC4RFZEDLDPFTQHVDM2K2E,"3일 한국소비자원이 전국 대형마트와 편의점 500여 곳을 조사해 발표하는 ‘생필품 가격 보고서’에 따르면, 지난달 20일 기준 초콜릿·카레·커피 등 주요 가공식품 175개 품목 가운데 121개(69%) 품목의 평균 가격이 1년 전보다 오른 것으로 나타났다.",지난해 말 상승한 국제 곡물 가격도 3~4개월 시차를 두고 국내 식품 물가에 반영될 가능성이 높다.,지난해 12월부터 달러 대비 원화 환율이 1400원 선을 넘는 고환율이 장기화하면서 해외에서 수입해 오는 식품 원재료 가격이 치솟은 탓이다.,국내공식통계,Y,소매·소비,주요 가공식품 품목 수,"생필품 가격 보고서, 대형마트, 편의점, 초콜릿, 카레, 커피",-,-,-,,-,-,-,202501,-,M,확정,175개,KOSIS_VALUE,hcx,주요 가공식품 품목 수,-,202501,M,claim_fallback,현재값,175,-,-,N,개,수준값,증가,전년동기,"3일 한국소비자원이 전국 대형마트와 편의점 500여 곳을 조사해 발표하는 ‘생필품 가격 보고서’에 따르면, 지난달 20일 기준 초콜릿·카레·커피 등 주요 가공식품 175개 품목 가운데 121개(69%) 품목의 평균 가격이 1년 전보다 오른 것으로 나타났다.",high,Y,measurement_binding_fallback:4;measurement_period_ungrounded:4,Y,0,4,HCX-007,v1.6-prev2-context,2026-07-30,주요 가공식품 평균 가격 변화,,202501,M,개,개,count,count,unspecified,,N,BINDING_NOT_CONFIRMED,measurement_binding_source=claim_fallback,N,MAP000365,,skipped_not_eligible,,,,,,,,,,,,,,,,,,,,,,,,,,,,,,,,,,,,,,,,,,,,,,,,
A0041-C004,A0041-C004-m2,A0041,치솟는 환율에 식품 물가도 급등,2025-01-04,https://www.chosun.com/economy/economy_general/2025/01/04/7SPGFC4RFZEDLDPFTQHVDM2K2E,"3일 한국소비자원이 전국 대형마트와 편의점 500여 곳을 조사해 발표하는 ‘생필품 가격 보고서’에 따르면, 지난달 20일 기준 초콜릿·카레·커피 등 주요 가공식품 175개 품목 가운데 121개(69%) 품목의 평균 가격이 1년 전보다 오른 것으로 나타났다.",지난해 말 상승한 국제 곡물 가격도 3~4개월 시차를 두고 국내 식품 물가에 반영될 가능성이 높다.,지난해 12월부터 달러 대비 원화 환율이 1400원 선을 넘는 고환율이 장기화하면서 해외에서 수입해 오는 식품 원재료 가격이 치솟은 탓이다.,국내공식통계,Y,소매·소비,가격 상승 품목 수,"생필품 가격 보고서, 대형마트, 편의점, 초콜릿, 카레, 커피",-,-,-,,-,-,-,202501,-,M,확정,121개,KOSIS_VALUE,hcx,가격 상승 품목 수,-,202501,M,claim_fallback,현재값,121,-,-,N,개,수준값,증가,전년동기,"3일 한국소비자원이 전국 대형마트와 편의점 500여 곳을 조사해 발표하는 ‘생필품 가격 보고서’에 따르면, 지난달 20일 기준 초콜릿·카레·커피 등 주요 가공식품 175개 품목 가운데 121개(69%) 품목의 평균 가격이 1년 전보다 오른 것으로 나타났다.",high,Y,measurement_binding_fallback:4;measurement_period_ungrounded:4,Y,0,4,HCX-007,v1.6-prev2-context,2026-07-30,주요 가공식품 평균 가격 변화,,202501,M,개,개,count,count,unspecified,,N,BINDING_NOT_CONFIRMED,measurement_binding_source=claim_fallback,N,MAP000366,,skipped_not_eligible,,,,,,,,,,,,,,,,,,,,,,,,,,,,,,,,,,,,,,,,,,,,,,,,
A0041-C004,A0041-C004-m3,A0041,치솟는 환율에 식품 물가도 급등,2025-01-04,https://www.chosun.com/economy/economy_general/2025/01/04/7SPGFC4RFZEDLDPFTQHVDM2K2E,"3일 한국소비자원이 전국 대형마트와 편의점 500여 곳을 조사해 발표하는 ‘생필품 가격 보고서’에 따르면, 지난달 20일 기준 초콜릿·카레·커피 등 주요 가공식품 175개 품목 가운데 121개(69%) 품목의 평균 가격이 1년 전보다 오른 것으로 나타났다.",지난해 말 상승한 국제 곡물 가격도 3~4개월 시차를 두고 국내 식품 물가에 반영될 가능성이 높다.,지난해 12월부터 달러 대비 원화 환율이 1400원 선을 넘는 고환율이 장기화하면서 해외에서 수입해 오는 식품 원재료 가격이 치솟은 탓이다.,국내공식통계,Y,소매·소비,가격 상승 비율,"생필품 가격 보고서, 대형마트, 편의점, 초콜릿, 카레, 커피",-,-,-,,-,-,-,202501,-,M,확정,69%,KOSIS_VALUE,hcx,가격 상승 비율,-,202501,M,claim_fallback,증감률,69,-,-,N,%,증감률,증가,전년동기,"3일 한국소비자원이 전국 대형마트와 편의점 500여 곳을 조사해 발표하는 ‘생필품 가격 보고서’에 따르면, 지난달 20일 기준 초콜릿·카레·커피 등 주요 가공식품 175개 품목 가운데 121개(69%) 품목의 평균 가격이 1년 전보다 오른 것으로 나타났다.",high,Y,measurement_binding_fallback:4;measurement_period_ungrounded:4,Y,0,4,HCX-007,v1.6-prev2-context,2026-07-30,주요 가공식품 평균 가격 변화,,202501,M,%,%,rate,rate_change,unspecified,202401,N,BINDING_NOT_CONFIRMED,measurement_binding_source=claim_fallback,N,MAP000367,,skipped_not_eligible,,,,,,,,,,,,,,,,,,,,,,,,,,,,,,,,,,,,,,,,,,,,,,,,
A0041-C004,A0041-C004-m4,A0041,치솟는 환율에 식품 물가도 급등,2025-01-04,https://www.chosun.com/economy/economy_general/2025/01/04/7SPGFC4RFZEDLDPFTQHVDM2K2E,"3일 한국소비자원이 전국 대형마트와 편의점 500여 곳을 조사해 발표하는 ‘생필품 가격 보고서’에 따르면, 지난달 20일 기준 초콜릿·카레·커피 등 주요 가공식품 175개 품목 가운데 121개(69%) 품목의 평균 가격이 1년 전보다 오른 것으로 나타났다.",지난해 말 상승한 국제 곡물 가격도 3~4개월 시차를 두고 국내 식품 물가에 반영될 가능성이 높다.,지난해 12월부터 달러 대비 원화 환율이 1400원 선을 넘는 고환율이 장기화하면서 해외에서 수입해 오는 식품 원재료 가격이 치솟은 탓이다.,국내공식통계,Y,소매·소비,비교 기간,"생필품 가격 보고서, 대형마트, 편의점, 초콜릿, 카레, 커피",-,-,-,,-,-,-,202501,-,M,확정,1년,CONTEXT,hcx,비교 기간,-,202501,M,claim_fallback,참고값,1,-,-,N,년,수준값,증가,전년동기,"3일 한국소비자원이 전국 대형마트와 편의점 500여 곳을 조사해 발표하는 ‘생필품 가격 보고서’에 따르면, 지난달 20일 기준 초콜릿·카레·커피 등 주요 가공식품 175개 품목 가운데 121개(69%) 품목의 평균 가격이 1년 전보다 오른 것으로 나타났다.",high,Y,measurement_binding_fallback:4;measurement_period_ungrounded:4,Y,0,4,HCX-007,v1.6-prev2-context,2026-07-30,주요 가공식품 평균 가격 변화,,202501,M,년,년,duration,condition,unspecified,,N,NOT_KOSIS_VALUE,measurement_usage=CONTEXT,N,MAP000368,,skipped_not_eligible,,,,,,,,,,,,,,,,,,,,,,,,,,,,,,,,,,,,,,,,,,,,,,,,
A0041-C005,A0041-C005-m3,A0041,치솟는 환율에 식품 물가도 급등,2025-01-04,https://www.chosun.com/economy/economy_general/2025/01/04/7SPGFC4RFZEDLDPFTQHVDM2K2E,"175개 품목의 평균 물가 상승폭은 3.9%로, 지난해 연간 소비자물가지수 상승폭(2.3%)을 뛰어넘었다.","3일 한국소비자원이 전국 대형마트와 편의점 500여 곳을 조사해 발표하는 ‘생필품 가격 보고서’에 따르면, 지난달 20일 기준 초콜릿·카레·커피 등 주요 가공식품 175개 품목 가운데 121개(69%) 품목의 평균 가격이 1년 전보다 오른 것으로 나타났다.",지난해 말 상승한 국제 곡물 가격도 3~4개월 시차를 두고 국내 식품 물가에 반영될 가능성이 높다.,국내공식통계,N,물가,지난해 연간 소비자물가지수 상승폭,"환율, 식품 물가, 소비자물가지수",-,-,-,,-,-,-,2024,-,Y,확정,2.30%,KOSIS_VALUE,hcx,지난해 연간 소비자물가지수 상승폭,-,2024,Y,claim_fallback,증감률,2.3,-,-,N,%,증감률,증가,전년,"175개 품목의 평균 물가 상승폭은 3.9%로, 지난해 연간 소비자물가지수 상승폭(2.3%)을 뛰어넘었다.",high,Y,measurement_binding_fallback:1;measurement_period_ungrounded:1,Y,0,1,HCX-007,v1.6-prev2-context,2026-07-30,평균 물가 상승폭,,2024,Y,%,%,rate,rate_change,unspecified,2023,N,BINDING_NOT_CONFIRMED,measurement_binding_source=claim_fallback,Y,MAP000369,,skipped_not_eligible,,,,,,,,,,,,,,,,,,,,,,,,,,,,,,,,,,,,,,,,,,,,,,,,
A0041-C006,A0041-C006-m1,A0041,치솟는 환율에 식품 물가도 급등,2025-01-04,https://www.chosun.com/economy/economy_general/2025/01/04/7SPGFC4RFZEDLDPFTQHVDM2K2E,"주요 가공식품 가운데 초콜릿(핫브레이크 미니·33.6%), 커피(맥심 티오피 마스터 라떼·32.3%), 카레(청정원 카레여왕 비프카레·25.5%) 등 원재료를 해외 수입에 의존하는 품목들의 가격이 크게 올랐다.","175개 품목의 평균 물가 상승폭은 3.9%로, 지난해 연간 소비자물가지수 상승폭(2.3%)을 뛰어넘었다.","3일 한국소비자원이 전국 대형마트와 편의점 500여 곳을 조사해 발표하는 ‘생필품 가격 보고서’에 따르면, 지난달 20일 기준 초콜릿·카레·커피 등 주요 가공식품 175개 품목 가운데 121개(69%) 품목의 평균 가격이 1년 전보다 오른 것으로 나타났다.",국내공식통계,N,물가,초콜릿 가격 상승률,"환율, 식품, 물가, 초콜릿, 커피, 카레",-,-,-,초콜릿,-,-,-,202501,-,M,확정,33.60%,KOSIS_VALUE,hcx,초콜릿 가격 상승률,초콜릿,202501,M,claim_fallback,증감률,33.6,-,-,N,%,증감률,증가,전년,"주요 가공식품 가운데 초콜릿(핫브레이크 미니·33.6%), 커피(맥심 티오피 마스터 라떼·32.3%), 카레(청정원 카레여왕 비프카레·25.5%) 등 원재료를 해외 수입에 의존하는 품목들의 가격이 크게 올랐다.",high,Y,measurement_binding_fallback:3;measurement_period_ungrounded:3,N,0,3,HCX-007,v1.6-prev2-context,2026-07-30,가공식품 가격 상승률,,202501,M,%,%,rate,rate_change,item,202401,N,BINDING_NOT_CONFIRMED,measurement_binding_source=claim_fallback,N,MAP000370,,skipped_not_eligible,,,,,,,,,,,,,,,,,,,,,,,,,,,,,,,,,,,,,,,,,,,,,,,,
A0041-C006,A0041-C006-m2,A0041,치솟는 환율에 식품 물가도 급등,2025-01-04,https://www.chosun.com/economy/economy_general/2025/01/04/7SPGFC4RFZEDLDPFTQHVDM2K2E,"주요 가공식품 가운데 초콜릿(핫브레이크 미니·33.6%), 커피(맥심 티오피 마스터 라떼·32.3%), 카레(청정원 카레여왕 비프카레·25.5%) 등 원재료를 해외 수입에 의존하는 품목들의 가격이 크게 올랐다.","175개 품목의 평균 물가 상승폭은 3.9%로, 지난해 연간 소비자물가지수 상승폭(2.3%)을 뛰어넘었다.","3일 한국소비자원이 전국 대형마트와 편의점 500여 곳을 조사해 발표하는 ‘생필품 가격 보고서’에 따르면, 지난달 20일 기준 초콜릿·카레·커피 등 주요 가공식품 175개 품목 가운데 121개(69%) 품목의 평균 가격이 1년 전보다 오른 것으로 나타났다.",국내공식통계,N,물가,커피 가격 상승률,"환율, 식품, 물가, 초콜릿, 커피, 카레",-,-,-,커피,-,-,-,202501,-,M,확정,32.30%,KOSIS_VALUE,hcx,커피 가격 상승률,커피,202501,M,claim_fallback,증감률,32.3,-,-,N,%,증감률,증가,전년,"주요 가공식품 가운데 초콜릿(핫브레이크 미니·33.6%), 커피(맥심 티오피 마스터 라떼·32.3%), 카레(청정원 카레여왕 비프카레·25.5%) 등 원재료를 해외 수입에 의존하는 품목들의 가격이 크게 올랐다.",high,Y,measurement_binding_fallback:3;measurement_period_ungrounded:3,N,0,3,HCX-007,v1.6-prev2-context,2026-07-30,가공식품 가격 상승률,,202501,M,%,%,rate,rate_change,item,202401,N,BINDING_NOT_CONFIRMED,measurement_binding_source=claim_fallback,N,MAP000371,,skipped_not_eligible,,,,,,,,,,,,,,,,,,,,,,,,,,,,,,,,,,,,,,,,,,,,,,,,
A0041-C006,A0041-C006-m3,A0041,치솟는 환율에 식품 물가도 급등,2025-01-04,https://www.chosun.com/economy/economy_general/2025/01/04/7SPGFC4RFZEDLDPFTQHVDM2K2E,"주요 가공식품 가운데 초콜릿(핫브레이크 미니·33.6%), 커피(맥심 티오피 마스터 라떼·32.3%), 카레(청정원 카레여왕 비프카레·25.5%) 등 원재료를 해외 수입에 의존하는 품목들의 가격이 크게 올랐다.","175개 품목의 평균 물가 상승폭은 3.9%로, 지난해 연간 소비자물가지수 상승폭(2.3%)을 뛰어넘었다.","3일 한국소비자원이 전국 대형마트와 편의점 500여 곳을 조사해 발표하는 ‘생필품 가격 보고서’에 따르면, 지난달 20일 기준 초콜릿·카레·커피 등 주요 가공식품 175개 품목 가운데 121개(69%) 품목의 평균 가격이 1년 전보다 오른 것으로 나타났다.",국내공식통계,N,물가,카레 가격 상승률,"환율, 식품, 물가, 초콜릿, 커피, 카레",-,-,-,카레,-,-,-,202501,-,M,확정,25.50%,KOSIS_VALUE,hcx,카레 가격 상승률,카레,202501,M,claim_fallback,증감률,25.5,-,-,N,%,증감률,증가,전년,"주요 가공식품 가운데 초콜릿(핫브레이크 미니·33.6%), 커피(맥심 티오피 마스터 라떼·32.3%), 카레(청정원 카레여왕 비프카레·25.5%) 등 원재료를 해외 수입에 의존하는 품목들의 가격이 크게 올랐다.",high,Y,measurement_binding_fallback:3;measurement_period_ungrounded:3,N,0,3,HCX-007,v1.6-prev2-context,2026-07-30,가공식품 가격 상승률,,202501,M,%,%,rate,rate_change,item,202401,N,BINDING_NOT_CONFIRMED,measurement_binding_source=claim_fallback,N,MAP000372,,skipped_not_eligible,,,,,,,,,,,,,,,,,,,,,,,,,,,,,,,,,,,,,,,,,,,,,,,,
A0041-C007,A0041-C007-m1,A0041,치솟는 환율에 식품 물가도 급등,2025-01-04,https://www.chosun.com/economy/economy_general/2025/01/04/7SPGFC4RFZEDLDPFTQHVDM2K2E,◇정국 어수선한 틈 타 생필품·명품도 인상 “이달 물가 2% 오를 듯” 물가 상승률이 둔화됐는데도 가공식품 물가가 오른 것은 환율이 상승(원화 가치 약세)했기 때문이다.,"주요 가공식품 가운데 초콜릿(핫브레이크 미니·33.6%), 커피(맥심 티오피 마스터 라떼·32.3%), 카레(청정원 카레여왕 비프카레·25.5%) 등 원재료를 해외 수입에 의존하는 품목들의 가격이 크게 올랐다.","175개 품목의 평균 물가 상승폭은 3.9%로, 지난해 연간 소비자물가지수 상승폭(2.3%)을 뛰어넘었다.",국내공식통계,N,물가,물가 상승률,"환율, 식품 물가, 소비자물가지수, 가공식품, 초콜릿, 커피, 카레",-,-,-,,-,-,-,2025,-,Y,확정,2%,KOSIS_VALUE,hcx,물가 상승률,-,2025,Y,claim_fallback,증감률,2,-,-,N,%,증감률,증가,전년,"◇정국 어수선한 틈 타 생필품·명품도 인상 ""이달 물가 2% 오를 듯"" 물가 상승률이 둔화됐는데도 가공식품 물가가 오른 것은 환율이 상승(원화 가치 약세)했기 때문이다.",mid,Y,measurement_binding_fallback:1;measurement_period_ungrounded:1,N,0,1,HCX-007,v1.6-prev2-context,2026-07-30,물가 상승률,,2025,Y,%,%,rate,rate_change,unspecified,2024,N,BINDING_NOT_CONFIRMED,measurement_binding_source=claim_fallback,N,MAP000373,,skipped_not_eligible,,,,,,,,,,,,,,,,,,,,,,,,,,,,,,,,,,,,,,,,,,,,,,,,
A0041-C008,-,A0041,치솟는 환율에 식품 물가도 급등,2025-01-04,https://www.chosun.com/economy/economy_general/2025/01/04/7SPGFC4RFZEDLDPFTQHVDM2K2E,"환율이 오르면 코코아와 설탕, 밀 등 원재료를 외국에서 수입해 올 때 더 많은 원화를 써야 하기 때문에 가공식품이나 외식 가격이 오르게 된다.",◇정국 어수선한 틈 타 생필품·명품도 인상 “이달 물가 2% 오를 듯” 물가 상승률이 둔화됐는데도 가공식품 물가가 오른 것은 환율이 상승(원화 가치 약세)했기 때문이다.,"주요 가공식품 가운데 초콜릿(핫브레이크 미니·33.6%), 커피(맥심 티오피 마스터 라떼·32.3%), 카레(청정원 카레여왕 비프카레·25.5%) 등 원재료를 해외 수입에 의존하는 품목들의 가격이 크게 올랐다.",국내공식통계,N,물가,환율 상승 영향,-,-,-,-,,-,-,-,,-,,확정,-,-,-,-,-,-,-,-,-,-,-,-,-,,-,-,-,"환율이 오르면 코코아와 설탕, 밀 등 원재료를 외국에서 수입해 올 때 더 많은 원화를 써야 하기 때문에 가공식품이나 외식 가격이 오르게 된다.",mid,N,-,N,0,0,HCX-007,v1.6-prev2-context,2026-07-30,환율 상승 영향,,,,,,unknown,level,unspecified,,N,NO_MEASUREMENT,측정값 없는 placeholder,Y,MAP000374,,skipped_not_eligible,,,,,,,,,,,,,,,,,,,,,,,,,,,,,,,,,,,,,,,,,,,,,,,,
A0041-C014,A0041-C014-m1,A0041,치솟는 환율에 식품 물가도 급등,2025-01-04,https://www.chosun.com/economy/economy_general/2025/01/04/7SPGFC4RFZEDLDPFTQHVDM2K2E,"크리넥스 각티슈(150매)는 5650원에서 5950원으로, 참그린 세제는 3900원에서 4500원으로 600원(15.3%)이나 올랐다.","편의점 업계에 따르면 동아오츠카의 포카리스웨트와 데미소다 캔은 1600원에서 1700원으로 100원씩, 오리온의 다이제 초코는 2500원에서 2800원으로 12% 올랐다.","유통 업계 관계자는 “지난해 내내 원부자재 가격, 인건비 등으로 원가 압박이 쌓이고 있었다”며 “그동안 눈치 보느라 가격을 올리지 못했던 기업들도 우르르 가격 인상 대열에 합류하고 있다”고 말했다.",국내공식통계,N,물가,크리넥스 각티슈 가격,"환율, 식품, 물가, 급등",-,-,-,크리넥스 각티슈,-,-,-,202501,-,M,확정,5650원,KOSIS_VALUE,hcx,크리넥스 각티슈 가격,크리넥스 각티슈,202501,M,claim_fallback,이전값,5650,-,-,N,원,수준값,증가,전년동기,"크리넥스 각티슈(150매)는 5650원에서 5950원으로, 참그린 세제는 3900원에서 4500원으로 600원(15.3%)이나 올랐다.",high,Y,measurement_binding_fallback:6;measurement_period_ungrounded:6,N,0,6,HCX-007,v1.6-prev2-context,2026-07-30,식품 물가,,202501,M,원,원,currency,amount,item,,N,BINDING_NOT_CONFIRMED,measurement_binding_source=claim_fallback,Y,MAP000375,,skipped_not_eligible,,,,,,,,,,,,,,,,,,,,,,,,,,,,,,,,,,,,,,,,,,,,,,,,
A0041-C014,A0041-C014-m2,A0041,치솟는 환율에 식품 물가도 급등,2025-01-04,https://www.chosun.com/economy/economy_general/2025/01/04/7SPGFC4RFZEDLDPFTQHVDM2K2E,"크리넥스 각티슈(150매)는 5650원에서 5950원으로, 참그린 세제는 3900원에서 4500원으로 600원(15.3%)이나 올랐다.","편의점 업계에 따르면 동아오츠카의 포카리스웨트와 데미소다 캔은 1600원에서 1700원으로 100원씩, 오리온의 다이제 초코는 2500원에서 2800원으로 12% 올랐다.","유통 업계 관계자는 “지난해 내내 원부자재 가격, 인건비 등으로 원가 압박이 쌓이고 있었다”며 “그동안 눈치 보느라 가격을 올리지 못했던 기업들도 우르르 가격 인상 대열에 합류하고 있다”고 말했다.",국내공식통계,N,물가,크리넥스 각티슈 가격,"환율, 식품, 물가, 급등",-,-,-,크리넥스 각티슈,-,-,-,202501,-,M,확정,5950원,KOSIS_VALUE,hcx,크리넥스 각티슈 가격,크리넥스 각티슈,202501,M,claim_fallback,현재값,5950,-,-,N,원,수준값,증가,전년동기,"크리넥스 각티슈(150매)는 5650원에서 5950원으로, 참그린 세제는 3900원에서 4500원으로 600원(15.3%)이나 올랐다.",high,Y,measurement_binding_fallback:6;measurement_period_ungrounded:6,N,0,6,HCX-007,v1.6-prev2-context,2026-07-30,식품 물가,,202501,M,원,원,currency,amount,item,,N,BINDING_NOT_CONFIRMED,measurement_binding_source=claim_fallback,Y,MAP000376,,skipped_not_eligible,,,,,,,,,,,,,,,,,,,,,,,,,,,,,,,,,,,,,,,,,,,,,,,,
A0041-C014,A0041-C014-m3,A0041,치솟는 환율에 식품 물가도 급등,2025-01-04,https://www.chosun.com/economy/economy_general/2025/01/04/7SPGFC4RFZEDLDPFTQHVDM2K2E,"크리넥스 각티슈(150매)는 5650원에서 5950원으로, 참그린 세제는 3900원에서 4500원으로 600원(15.3%)이나 올랐다.","편의점 업계에 따르면 동아오츠카의 포카리스웨트와 데미소다 캔은 1600원에서 1700원으로 100원씩, 오리온의 다이제 초코는 2500원에서 2800원으로 12% 올랐다.","유통 업계 관계자는 “지난해 내내 원부자재 가격, 인건비 등으로 원가 압박이 쌓이고 있었다”며 “그동안 눈치 보느라 가격을 올리지 못했던 기업들도 우르르 가격 인상 대열에 합류하고 있다”고 말했다.",국내공식통계,N,물가,참그린 세제 가격,"환율, 식품, 물가, 급등",-,-,-,참그린 세제,-,-,-,202501,-,M,확정,3900원,KOSIS_VALUE,hcx,참그린 세제 가격,참그린 세제,202501,M,claim_fallback,이전값,3900,-,-,N,원,수준값,증가,전년동기,"크리넥스 각티슈(150매)는 5650원에서 5950원으로, 참그린 세제는 3900원에서 4500원으로 600원(15.3%)이나 올랐다.",high,Y,measurement_binding_fallback:6;measurement_period_ungrounded:6,N,0,6,HCX-007,v1.6-prev2-context,2026-07-30,식품 물가,,202501,M,원,원,currency,amount,item,,N,BINDING_NOT_CONFIRMED,measurement_binding_source=claim_fallback,Y,MAP000377,,skipped_not_eligible,,,,,,,,,,,,,,,,,,,,,,,,,,,,,,,,,,,,,,,,,,,,,,,,
A0041-C014,A0041-C014-m4,A0041,치솟는 환율에 식품 물가도 급등,2025-01-04,https://www.chosun.com/economy/economy_general/2025/01/04/7SPGFC4RFZEDLDPFTQHVDM2K2E,"크리넥스 각티슈(150매)는 5650원에서 5950원으로, 참그린 세제는 3900원에서 4500원으로 600원(15.3%)이나 올랐다.","편의점 업계에 따르면 동아오츠카의 포카리스웨트와 데미소다 캔은 1600원에서 1700원으로 100원씩, 오리온의 다이제 초코는 2500원에서 2800원으로 12% 올랐다.","유통 업계 관계자는 “지난해 내내 원부자재 가격, 인건비 등으로 원가 압박이 쌓이고 있었다”며 “그동안 눈치 보느라 가격을 올리지 못했던 기업들도 우르르 가격 인상 대열에 합류하고 있다”고 말했다.",국내공식통계,N,물가,참그린 세제 가격,"환율, 식품, 물가, 급등",-,-,-,참그린 세제,-,-,-,202501,-,M,확정,4500원,KOSIS_VALUE,hcx,참그린 세제 가격,참그린 세제,202501,M,claim_fallback,현재값,4500,-,-,N,원,수준값,증가,전년동기,"크리넥스 각티슈(150매)는 5650원에서 5950원으로, 참그린 세제는 3900원에서 4500원으로 600원(15.3%)이나 올랐다.",high,Y,measurement_binding_fallback:6;measurement_period_ungrounded:6,N,0,6,HCX-007,v1.6-prev2-context,2026-07-30,식품 물가,,202501,M,원,원,currency,amount,item,,N,BINDING_NOT_CONFIRMED,measurement_binding_source=claim_fallback,Y,MAP000378,,skipped_not_eligible,,,,,,,,,,,,,,,,,,,,,,,,,,,,,,,,,,,,,,,,,,,,,,,,
A0041-C014,A0041-C014-m5,A0041,치솟는 환율에 식품 물가도 급등,2025-01-04,https://www.chosun.com/economy/economy_general/2025/01/04/7SPGFC4RFZEDLDPFTQHVDM2K2E,"크리넥스 각티슈(150매)는 5650원에서 5950원으로, 참그린 세제는 3900원에서 4500원으로 600원(15.3%)이나 올랐다.","편의점 업계에 따르면 동아오츠카의 포카리스웨트와 데미소다 캔은 1600원에서 1700원으로 100원씩, 오리온의 다이제 초코는 2500원에서 2800원으로 12% 올랐다.","유통 업계 관계자는 “지난해 내내 원부자재 가격, 인건비 등으로 원가 압박이 쌓이고 있었다”며 “그동안 눈치 보느라 가격을 올리지 못했던 기업들도 우르르 가격 인상 대열에 합류하고 있다”고 말했다.",국내공식통계,N,물가,가격 인상 폭,"환율, 식품, 물가, 급등",-,-,-,참그린 세제,-,-,-,202501,-,M,확정,600원,KOSIS_VALUE,hcx,가격 인상 폭,참그린 세제,202501,M,claim_fallback,증감값,600,-,-,N,원,증감량,증가,전년동기,"크리넥스 각티슈(150매)는 5650원에서 5950원으로, 참그린 세제는 3900원에서 4500원으로 600원(15.3%)이나 올랐다.",high,Y,measurement_binding_fallback:6;measurement_period_ungrounded:6,N,0,6,HCX-007,v1.6-prev2-context,2026-07-30,식품 물가,,202501,M,원,원,currency,absolute_change,item,202401,N,BINDING_NOT_CONFIRMED,measurement_binding_source=claim_fallback,Y,MAP000379,,skipped_not_eligible,,,,,,,,,,,,,,,,,,,,,,,,,,,,,,,,,,,,,,,,,,,,,,,,
A0041-C014,A0041-C014-m6,A0041,치솟는 환율에 식품 물가도 급등,2025-01-04,https://www.chosun.com/economy/economy_general/2025/01/04/7SPGFC4RFZEDLDPFTQHVDM2K2E,"크리넥스 각티슈(150매)는 5650원에서 5950원으로, 참그린 세제는 3900원에서 4500원으로 600원(15.3%)이나 올랐다.","편의점 업계에 따르면 동아오츠카의 포카리스웨트와 데미소다 캔은 1600원에서 1700원으로 100원씩, 오리온의 다이제 초코는 2500원에서 2800원으로 12% 올랐다.","유통 업계 관계자는 “지난해 내내 원부자재 가격, 인건비 등으로 원가 압박이 쌓이고 있었다”며 “그동안 눈치 보느라 가격을 올리지 못했던 기업들도 우르르 가격 인상 대열에 합류하고 있다”고 말했다.",국내공식통계,N,물가,참그린 세제 가격 인상률,"환율, 식품, 물가, 급등",-,-,-,참그린 세제,-,-,-,202501,-,M,확정,15.30%,KOSIS_VALUE,hcx,참그린 세제 가격 인상률,참그린 세제,202501,M,claim_fallback,증감률,15.3,-,-,N,%,증감률,증가,전년동기,"크리넥스 각티슈(150매)는 5650원에서 5950원으로, 참그린 세제는 3900원에서 4500원으로 600원(15.3%)이나 올랐다.",high,Y,measurement_binding_fallback:6;measurement_period_ungrounded:6,N,0,6,HCX-007,v1.6-prev2-context,2026-07-30,식품 물가,,202501,M,%,%,rate,rate_change,item,202401,N,BINDING_NOT_CONFIRMED,measurement_binding_source=claim_fallback,Y,MAP000380,,skipped_not_eligible,,,,,,,,,,,,,,,,,,,,,,,,,,,,,,,,,,,,,,,,,,,,,,,,
A0041-C021,A0041-C021-m1,A0041,치솟는 환율에 식품 물가도 급등,2025-01-04,https://www.chosun.com/economy/economy_general/2025/01/04/7SPGFC4RFZEDLDPFTQHVDM2K2E,정부는 지난달까지 4개월간 1%대를 유지한 물가 상승률이 이달에는 2%대로 올라설 것으로 보고 있다.,"이 밖에 태그호이어, 브라이틀링, 고야드, 티파니 등 여타 명품 브랜드들도 연초 가격 인상을 했거나 할 계획인 것으로 알려졌다.",가방 제품인 ‘쁘띠 코스 백’은 기존 706만원에서 770만원으로 64만원(9%) 올랐다.,국내공식통계,Y,물가,기간,"환율, 식품, 물가, 정부",-,-,-,,-,-,-,202501,-,M,확정,4개월,CONTEXT,hcx,기간,-,202501,M,claim_fallback,참고값,4,-,-,N,개월,수준값,증가,전월,정부는 지난달까지 4개월간 1%대를 유지한 물가 상승률이 이달에는 2%대로 올라설 것으로 보고 있다.,high,Y,measurement_binding_fallback:3;measurement_period_ungrounded:3,Y,0,3,HCX-007,v1.6-prev2-context,2026-07-30,물가 상승률,,202501,M,개월,개월,duration,condition,unspecified,,N,NOT_KOSIS_VALUE,measurement_usage=CONTEXT,Y,MAP000381,,skipped_not_eligible,,,,,,,,,,,,,,,,,,,,,,,,,,,,,,,,,,,,,,,,,,,,,,,,
A0041-C021,A0041-C021-m2,A0041,치솟는 환율에 식품 물가도 급등,2025-01-04,https://www.chosun.com/economy/economy_general/2025/01/04/7SPGFC4RFZEDLDPFTQHVDM2K2E,정부는 지난달까지 4개월간 1%대를 유지한 물가 상승률이 이달에는 2%대로 올라설 것으로 보고 있다.,"이 밖에 태그호이어, 브라이틀링, 고야드, 티파니 등 여타 명품 브랜드들도 연초 가격 인상을 했거나 할 계획인 것으로 알려졌다.",가방 제품인 ‘쁘띠 코스 백’은 기존 706만원에서 770만원으로 64만원(9%) 올랐다.,국내공식통계,Y,물가,물가 상승률,"환율, 식품, 물가, 정부",-,-,-,,-,-,-,202501,-,M,확정,1%,KOSIS_VALUE,hcx,물가 상승률,-,202501,M,claim_fallback,이전값,1,-,-,N,%,증감률,유지,전년동기,정부는 지난달까지 4개월간 1%대를 유지한 물가 상승률이 이달에는 2%대로 올라설 것으로 보고 있다.,high,Y,measurement_binding_fallback:3;measurement_period_ungrounded:3,Y,0,3,HCX-007,v1.6-prev2-context,2026-07-30,물가 상승률,,202501,M,%,%,rate,rate_change,unspecified,202401,N,BINDING_NOT_CONFIRMED,measurement_binding_source=claim_fallback,Y,MAP000382,,skipped_not_eligible,,,,,,,,,,,,,,,,,,,,,,,,,,,,,,,,,,,,,,,,,,,,,,,,
A0041-C021,A0041-C021-m3,A0041,치솟는 환율에 식품 물가도 급등,2025-01-04,https://www.chosun.com/economy/economy_general/2025/01/04/7SPGFC4RFZEDLDPFTQHVDM2K2E,정부는 지난달까지 4개월간 1%대를 유지한 물가 상승률이 이달에는 2%대로 올라설 것으로 보고 있다.,"이 밖에 태그호이어, 브라이틀링, 고야드, 티파니 등 여타 명품 브랜드들도 연초 가격 인상을 했거나 할 계획인 것으로 알려졌다.",가방 제품인 ‘쁘띠 코스 백’은 기존 706만원에서 770만원으로 64만원(9%) 올랐다.,국내공식통계,Y,물가,물가 상승률,"환율, 식품, 물가, 정부",-,-,-,,-,-,-,202501,-,M,확정,2%,KOSIS_VALUE,hcx,물가 상승률,-,202501,M,claim_fallback,현재값,2,-,-,N,%,증감률,증가,전월,정부는 지난달까지 4개월간 1%대를 유지한 물가 상승률이 이달에는 2%대로 올라설 것으로 보고 있다.,high,Y,measurement_binding_fallback:3;measurement_period_ungrounded:3,Y,0,3,HCX-007,v1.6-prev2-context,2026-07-30,물가 상승률,,202501,M,%,%,rate,rate_change,unspecified,202412,N,BINDING_NOT_CONFIRMED,measurement_binding_source=claim_fallback,Y,MAP000383,,skipped_not_eligible,,,,,,,,,,,,,,,,,,,,,,,,,,,,,,,,,,,,,,,,,,,,,,,,
A0041-C022,A0041-C022-m1,A0041,치솟는 환율에 식품 물가도 급등,2025-01-04,https://www.chosun.com/economy/economy_general/2025/01/04/7SPGFC4RFZEDLDPFTQHVDM2K2E,김웅 한국은행 부총재보는 지난달 31일 “1월 소비자물가 상승률은 최근 고환율 등으로 좀 더 높아질 가능성이 있다”고 말했다.,정부는 지난달까지 4개월간 1%대를 유지한 물가 상승률이 이달에는 2%대로 올라설 것으로 보고 있다.,"이 밖에 태그호이어, 브라이틀링, 고야드, 티파니 등 여타 명품 브랜드들도 연초 가격 인상을 했거나 할 계획인 것으로 알려졌다.",국내공식통계,Y,물가,소비자물가 상승률,-,-,-,-,,-,-,-,202501,-,M,확정,1월 소비자물가 상승률,KOSIS_VALUE,hcx,소비자물가 상승률,-,202501,M,claim_fallback,현재값,2%,-,-,N,%,증감률,증가,전년동기,"""1월 소비자물가 상승률은 최근 고환율 등으로 좀 더 높아질 가능성이 있다""라고 말했다.",mid,Y,measurement_binding_fallback:1;measurement_period_ungrounded:1,Y,0,1,HCX-007,v1.6-prev2-context,2026-07-30,소비자물가 상승률,,202501,M,%,%,rate,rate_change,unspecified,202401,N,BINDING_NOT_CONFIRMED,measurement_binding_source=claim_fallback,N,MAP000384,,skipped_not_eligible,,,,,,,,,,,,,,,,,,,,,,,,,,,,,,,,,,,,,,,,,,,,,,,,
A0045-C003,A0045-C003-m1,A0045,[주간코인시황] 트럼프 행정부 출범 앞두고 새해 기대감 여전,2025-01-04,https://www.chosun.com/economy/money/2025/01/04/2IZU7CNPP5ALSDTHVFZGFO3IHI,미국의 신규 실업수당 청구 건수가 예상치 대비 낮은 21만1000건을 기록해 여전히 강한 고용으로 금리 인하 폭에 영향을 줄 수 있었지만 가상자산 시장은 이에 대해 크게 반응하지 않았다.,"비트코인은 전주 대비 1.31% 상승한 9만7000달러, 이더리움은 3.63% 상승한 3400달러 선에서 거래 중이다.","연말 약세 뒤 소폭 상승 AI 에이전트 분야 강세 ""투심 변화 방향 주시해야"" 백윤미 기자(조선비즈) 입력 2025.01.04. 06:00 업데이트 2025.01.04. 06:05 0 올해 첫째 주 가상자산 시장은 연말 약세를 뒤로하고 소폭 상승했다.",해외통계·정책,N,고용,신규 실업수당 청구 건수,"미국, 실업수당, 청구 건수, 고용, 금리",-,-,-,,-,-,-,202501,-,M,확정,21만1000건,POLICY_VALUE,hcx,신규 실업수당 청구 건수,-,202501,M,hcx,현재값,211000,-,-,N,건,수준값,감소,전년동기,미국의 신규 실업수당 청구 건수가 예상치 대비 낮은 21만1000건을 기록해 여전히 강한 고용으로 금리 인하 폭에 영향을 줄 수 있었지만 가상자산 시장은 이에 대해 크게 반응하지 않았다.,high,N,-,N,0,0,HCX-007,v1.6-prev2-context,2026-07-30,신규 실업수당 청구 건수,,202501,M,건,건,count,count,unspecified,,N,NOT_KOSIS_VALUE,measurement_usage=POLICY_VALUE,Y,MAP000385,,skipped_not_eligible,,,,,,,,,,,,,,,,,,,,,,,,,,,,,,,,,,,,,,,,,,,,,,,,
A0045-C020,-,A0045,[주간코인시황] 트럼프 행정부 출범 앞두고 새해 기대감 여전,2025-01-04,https://www.chosun.com/economy/money/2025/01/04/2IZU7CNPP5ALSDTHVFZGFO3IHI,일각에서는 이를 계기로 디파이 프로젝트들의 탈 미국화가 가속화될 것이라는 전망도 제기된다.,이번 규정은 글로벌 디파이 생태계에도 상당한 파장을 미칠 전망이다.,더불어 이번 규정이 디파이 플랫폼의 운영 비용을 급격히 증가시켜 미국 내 블록체인 혁신을 저해할 것이라는 우려도 제기되고 있다.,전망·목표,N,기타,,"디파이, 탈미국화, 전망",-,-,-,,-,-,-,,-,,모호,-,-,-,-,-,-,-,-,-,-,-,-,-,,-,-,-,일각에서는 이를 계기로 디파이 프로젝트들의 탈 미국화가 가속화될 것이라는 전망도 제기된다.,low,Y,-,N,0,0,HCX-007,v1.6-prev2-context,2026-07-30,,,,,,,unknown,level,unspecified,,N,NO_MEASUREMENT,측정값 없는 placeholder,Y,MAP000386,,skipped_not_eligible,,,,,,,,,,,,,,,,,,,,,,,,,,,,,,,,,,,,,,,,,,,,,,,,
A0046-C002,A0046-C002-m1,A0046,[美친 증시]③ “작년 많이 오른 종목은 급등락 주의... 기술주는 대형보다 중·소형주”,2025-01-04,https://www.chosun.com/economy/money/2025/01/04/6FL3VK5OUYSQJ5NKPXMCKUPCHQ,나스닥종합지수와 S&P500지수의 연간 상승률은 30% 안팎을 기록했다.,"2026년 4월 20일(월) 신문구독 | English | 日本語 | 中文 0 조선경제 오피니언 정치 사회 국제 건강 스포츠 문화·연예 콘텐츠판 땅집고 BEMIL 군사세계 헬스조선 IT조선 조선에듀 어린이조선일보 산&트래블 이코노미조선 신문은 선생님 THE BOUTIQUE 행복플러스 주간조선 여성조선 월간조선 민학수 올댓골프 Topclass Life&Learning English 日本語 中文 검색 2026년 4월 20일(월) 신문구독 | English | 日本語 | 中文 0 신문구독 | English | 日本語 | 中文 조선경제 오피니언 정치 사회 국제 건강 스포츠 문화·연예 콘텐츠판 땅집고 BEMIL 군사세계 헬스조선 IT조선 조선에듀 어린이조선일보 산&트래블 이코노미조선 신문은 선생님 THE BOUTIQUE 행복플러스 주간조선 여성조선 월간조선 민학수 올댓골프 Topclass Life&Learning 콘텐츠판 땅집고 BEMIL 군사세계 헬스조선 IT조선 조선에듀 어린이조선일보 산&트래블 이코노미조선 신문은 선생님 THE BOUTIQUE 행복플러스 주간조선 여성조선 월간조선 민학수 올댓골프 Topclass Life&Learning 땅집고 BEMIL 군사세계 헬스조선 IT조선 조선에듀 어린이조선일보 산&트래블 이코노미조선 신문은 선생님 THE BOUTIQUE 행복플러스 주간조선 여성조선 월간조선 민학수 올댓골프 Topclass Life&Learning 조선경제 머니 [美친 증시]③ ""작년 많이 오른 종목은 급등락 주의... 기술주는 대형보다 중·소형주"" ""미국 증시 강세장 이어질 것"" 다수 의견 기술기업, 대형주보다 중·소형주 낙수효과 기대 작년 많이 오른 종목은 급등락 주의 정민하 기자(조선비즈) 강정아 기자(조선비즈) 입력 2025.01.04. 06:00 업데이트 2025.01.04. 07:14 0 2024년은 서학개미, 특히 미국 증시 투자자에게 완벽한 한 해였다.",,해외통계·정책,N,금융·금리,나스닥종합지수와 S&P500지수의 연간 상승률,"나스닥종합지수, S&P500지수, 연간 상승률",-,-,-,,-,-,-,2024,-,Y,확정,30%,KOSIS_VALUE,hcx,나스닥종합지수와 S&P500지수의 연간 상승률,-,2024,Y,hcx,증감률,30,-,-,N,%,증감률,증가,전년,"""나스닥종합지수와 S&P500지수의 연간 상승률은 30% 안팎을 기록했다.""",high,N,-,N,0,0,HCX-007,v1.6-prev2-context,2026-07-30,나스닥종합지수와 S&P500지수의 연간 상승률,,2024,Y,%,%,rate,rate_change,unspecified,2023,N,OUT_OF_KOSIS_SCOPE,claim_domain_scope=해외통계·정책,Y,MAP000387,,skipped_not_eligible,,,,,,,,,,,,,,,,,,,,,,,,,,,,,,,,,,,,,,,,,,,,,,,,
A0046-C030,A0046-C030-m1,A0046,[美친 증시]③ “작년 많이 오른 종목은 급등락 주의... 기술주는 대형보다 중·소형주”,2025-01-04,https://www.chosun.com/economy/money/2025/01/04/6FL3VK5OUYSQJ5NKPXMCKUPCHQ,"증권사들이 제시한 S&P 500의 최고 수준은 6500~7100포인트로 각각 달랐지만, 역대 최고치를 다시 경신할 것이라는 데는 이견이 없었다.",◇ AI 소프트웨어株 주목… 미국 외엔 ‘부양책’ 중국 증시 기대 주요 증권사 리서치센터는 올해 S&P 500이 5500포인트를 지지하면서 최고 7100포인트까지 오를 수 있다고 전망했다.,연준의 물가 통제력에 대한 의구심이 제기되는 경우도 증시에 부정적인 영향을 끼칠 수 있다.,전망·목표,N,금융·금리,S&P 500 지수,"증권사, S&P 500, 최고치 경신",-,-,-,,-,-,-,2025,-,,확정,6500~7100포인트,POLICY_VALUE,hcx,S&P 500 지수,-,2025,-,hcx,목표값,6500~7100,6500,7100,Y,포인트,수준값,-,-,"""증권사들이 제시한 S&P 500의 최고 수준은 6500~7100포인트로 각각 달랐지만, 역대 최고치를 다시 경신할 것이라는 데는 이견이 없었다.""",mid,N,-,N,0,0,HCX-007,v1.6-prev2-context,2026-07-30,S&P 500 지수,,2025,,포인트,포인트,unknown,level,unspecified,,N,NOT_KOSIS_VALUE,measurement_usage=POLICY_VALUE,N,MAP000388,,skipped_not_eligible,,,,,,,,,,,,,,,,,,,,,,,,,,,,,,,,,,,,,,,,,,,,,,,,
A0047-C004,-,A0047,“욕심부리다가 또 탈락할라”… 눈높이 낮추는 ‘상장 재수생’들,2025-01-04,https://www.chosun.com/economy/money/2025/01/04/BN43SMGOJ6JMA4RWSSI66VWIGY,"지난해 하반기 한국 증시 부진에 계엄·탄핵 정국 여파, 공모가 거품 논란이 겹치며 IPO 시장에는 찬바람이 불었다.",이들 기업은 새해 몸값을 낮추고 상장 규모를 줄이는 방식으로 안정적인 상장을 위해 고심하는 모습이다.,이번 달 IPO에 도전하는 기업 중에는 상장을 추진했다가 이를 철회한 뒤 다시 도전하는 이른바 상장 재수생이 많다.,기타,N,기타,,-,-,-,-,,-,-,-,,-,,확정,-,-,-,-,-,-,-,-,-,-,-,-,-,,-,-,-,"지난해 하반기 한국 증시 부진에 계엄·탄핵 정국 여파, 공모가 거품 논란이 겹치며 IPO 시장에는 찬바람이 불었다.",low,Y,-,N,0,0,HCX-007,v1.6-prev2-context,2026-07-30,,,2024하반기,H,,,unknown,level,unspecified,,N,NO_MEASUREMENT,측정값 없는 placeholder,Y,MAP000389,,skipped_not_eligible,,,,,,,,,,,,,,,,,,,,,,,,,,,,,,,,,,,,,,,,,,,,,,,,
A0049-C009,A0049-C009-m1,A0049,"태국 고속도로·바라카 원전… K건설, 59년만에 수주 1조달러",2025-01-04,https://www.chosun.com/economy/real_estate/2025/01/04/EP7S222PC5CNVDUHY6OXY2BAYU,국토교통부는 우리 기업의 해외 건설 누적 수주액이 1조달러(약 1470조원)를 돌파했다고 3일 밝혔다.,당시 환율로 14억8000만원짜리 이 고속도로 공사는 훗날 전 세계에서 숱한 랜드마크를 지은 K건설의 초석이 됐다.,"고속도로가 없는 한국의 기업, 이전에 한 번도 고속도로를 지어본 적 없는 건설사가 수주한 것이다.",해외통계·정책,N,무역,해외 건설 누적 수주액,"태국, 고속도로, 바라카 원전, K건설, 수주",-,-,-,,-,-,-,202501,-,M,확정,1조달러,KOSIS_VALUE,hcx,해외 건설 누적 수주액,-,202501,M,claim_fallback,현재값,1E+12,-,-,N,달러,수준값,-,전년,국토교통부는 우리 기업의 해외 건설 누적 수주액이 1조달러(약 1470조원)를 돌파했다고 3일 밝혔다.,high,Y,measurement_binding_fallback:2;measurement_period_ungrounded:2,N,0,2,HCX-007,v1.6-prev2-context,2026-07-30,해외 건설 누적 수주액,,202501,M,달러,달러,currency,amount,unspecified,,N,OUT_OF_KOSIS_SCOPE,claim_domain_scope=해외통계·정책,Y,MAP000390,,skipped_not_eligible,,,,,,,,,,,,,,,,,,,,,,,,,,,,,,,,,,,,,,,,,,,,,,,,
A0049-C009,A0049-C009-m2,A0049,"태국 고속도로·바라카 원전… K건설, 59년만에 수주 1조달러",2025-01-04,https://www.chosun.com/economy/real_estate/2025/01/04/EP7S222PC5CNVDUHY6OXY2BAYU,국토교통부는 우리 기업의 해외 건설 누적 수주액이 1조달러(약 1470조원)를 돌파했다고 3일 밝혔다.,당시 환율로 14억8000만원짜리 이 고속도로 공사는 훗날 전 세계에서 숱한 랜드마크를 지은 K건설의 초석이 됐다.,"고속도로가 없는 한국의 기업, 이전에 한 번도 고속도로를 지어본 적 없는 건설사가 수주한 것이다.",해외통계·정책,N,무역,해외 건설 누적 수주액,"태국, 고속도로, 바라카 원전, K건설, 수주",-,-,-,,-,-,-,202501,-,M,확정,1470조원,KOSIS_VALUE,hcx,해외 건설 누적 수주액,-,202501,M,claim_fallback,현재값,1.47E+15,-,-,Y,원,수준값,-,전년,국토교통부는 우리 기업의 해외 건설 누적 수주액이 1조달러(약 1470조원)를 돌파했다고 3일 밝혔다.,high,Y,measurement_binding_fallback:2;measurement_period_ungrounded:2,N,0,2,HCX-007,v1.6-prev2-context,2026-07-30,해외 건설 누적 수주액,,202501,M,원,원,currency,amount,unspecified,,N,OUT_OF_KOSIS_SCOPE,claim_domain_scope=해외통계·정책,Y,MAP000391,,skipped_not_eligible,,,,,,,,,,,,,,,,,,,,,,,,,,,,,,,,,,,,,,,,,,,,,,,,
A0049-C015,A0049-C015-m1,A0049,"태국 고속도로·바라카 원전… K건설, 59년만에 수주 1조달러",2025-01-04,https://www.chosun.com/economy/real_estate/2025/01/04/EP7S222PC5CNVDUHY6OXY2BAYU,1980년대 해외로 파견된 우리나라 근로자 중 80%는 중동 건설 현장으로 갔다.,주베일 수주액은 당시 우리 정부 예산의 4분의 1에 달할 정도였다.,"삼환기업이 1973년 사우디아라비아 고속도로 공사로 처음 중동에 진출했고, 현대건설은 1976년 사우디 주베일 항만 공사를 9억6000만달러에 수주했다.",해외통계·정책,N,무역,해외 파견 근로자 비중,"태국, 바라카 원전, K건설, 수주, 1조달러, 삼환기업, 사우디아라비아, 고속도로, 현대건설, 주베일 항만 공사, 정부 예산",-,-,-,,-,-,-,1980,-,Y,확정,80%,KOSIS_VALUE,hcx,해외 파견 근로자 비중,-,1980,Y,hcx,현재값,80,-,-,N,%,비중,-,-,1980년대 해외로 파견된 우리나라 근로자 중 80%는 중동 건설 현장으로 갔다.,high,N,-,N,0,0,HCX-007,v1.6-prev2-context,2026-07-30,해외 파견 근로자 비중,,1980,Y,%,%,rate,level,person,,N,OUT_OF_KOSIS_SCOPE,claim_domain_scope=해외통계·정책,N,MAP000392,,skipped_not_eligible,,,,,,,,,,,,,,,,,,,,,,,,,,,,,,,,,,,,,,,,,,,,,,,,
A0049-C021,A0049-C021-m1,A0049,"태국 고속도로·바라카 원전… K건설, 59년만에 수주 1조달러",2025-01-04,https://www.chosun.com/economy/real_estate/2025/01/04/EP7S222PC5CNVDUHY6OXY2BAYU,2009년 수주한 UAE 바라카 원전은 단일 공사로 역대 최대 수주액(191억 달러)을 기록했다.,세계로 뻗어나가는 K원전의 경쟁력에 건설의 역할도 빼놓을 수 없다.,"싱가포르를 상징하는 ‘마리나베이 샌즈’ 호텔, 말레이시아의 ‘페트로나스 트윈타워’ 등도 모두 우리 기술로 지었다.",해외통계·정책,N,무역,수주액,"태국, 고속도로, 바라카 원전, K건설, 수주",-,-,-,원자력 발전소,-,-,UAE,2009,-,Y,확정,191억 달러,KOSIS_VALUE,hcx,수주액,원자력 발전소,2009,Y,hcx,목표값,19100000000,-,-,N,달러,수준값,-,-,2009년 수주한 UAE 바라카 원전은 단일 공사로 역대 최대 수주액(191억 달러)을 기록했다.,high,N,-,N,0,0,HCX-007,v1.6-prev2-context,2026-07-30,수주액,원자력 발전소,2009,Y,달러,달러,currency,amount,item,,N,OUT_OF_KOSIS_SCOPE,claim_domain_scope=해외통계·정책,N,MAP000393,,skipped_not_eligible,,,,,,,,,,,,,,,,,,,,,,,,,,,,,,,,,,,,,,,,,,,,,,,,
A0050-C002,A0050-C002-m2,A0050,"""직장 하나론 소득 빠듯"" 너도나도 N잡러 시대, 직장인 부업 성공하려면",2025-01-04,https://www.chosun.com/economy/realty/investment_trends/2025/01/04/DKW3MEMILT2EXU3BFRNPMHNPWE,통계청 자료에 따르면 국내 부업자 수는 2023년 1분기 45만명에서 2024년 1분기 55만 명대로 20% 이상 증가했다.,글=권강수 상가의신 대표(땅집고) 정리=김리영 기자(땅집고) 입력 2025.01.04. 07:30 업데이트 2025.01.04. 07:31 0 [권강수의 상가투자 꿀팁] ‘N잡러’로 창업해 성공하고 싶다면 이것만은 알아야 [땅집고] 요즘 많은 직장인이 속칭 'N잡러' 생활을 하고 있다는 뉴스가 나온다.,,국내공식통계,N,고용,부업자 수,"N잡러, 직장인, 부업, 성공",-,-,-,,-,-,-,2024,-,Y,확정,55만 명,CONDITION,hcx,부업자 수,-,2024,Y,hcx,현재값,550000,-,-,N,명,수준값,증가,전분기,통계청 자료에 따르면 국내 부업자 수는 2023년 1분기 45만명에서 2024년 1분기 55만 명대로 20% 이상 증가했다.,high,N,-,N,0,0,HCX-007,v1.6-prev2-context,2026-07-30,부업자 수,,2024Q1,Q,명,명,person_count,count,unspecified,,N,NOT_KOSIS_VALUE,measurement_usage=CONDITION,N,MAP000394,,skipped_not_eligible,,,,,,,,,,,,,,,,,,,,,,,,,,,,,,,,,,,,,,,,,,,,,,,,
A0050-C002,A0050-C002-m3,A0050,"""직장 하나론 소득 빠듯"" 너도나도 N잡러 시대, 직장인 부업 성공하려면",2025-01-04,https://www.chosun.com/economy/realty/investment_trends/2025/01/04/DKW3MEMILT2EXU3BFRNPMHNPWE,통계청 자료에 따르면 국내 부업자 수는 2023년 1분기 45만명에서 2024년 1분기 55만 명대로 20% 이상 증가했다.,글=권강수 상가의신 대표(땅집고) 정리=김리영 기자(땅집고) 입력 2025.01.04. 07:30 업데이트 2025.01.04. 07:31 0 [권강수의 상가투자 꿀팁] ‘N잡러’로 창업해 성공하고 싶다면 이것만은 알아야 [땅집고] 요즘 많은 직장인이 속칭 'N잡러' 생활을 하고 있다는 뉴스가 나온다.,,국내공식통계,N,고용,부업자 증가율,"N잡러, 직장인, 부업, 성공",-,-,-,,-,-,-,2024,-,Y,확정,20%,CONDITION,hcx,부업자 증가율,-,2024,Y,hcx,증감률,20,-,-,N,%,증감률,증가,전분기,통계청 자료에 따르면 국내 부업자 수는 2023년 1분기 45만명에서 2024년 1분기 55만 명대로 20% 이상 증가했다.,high,N,-,N,0,0,HCX-007,v1.6-prev2-context,2026-07-30,부업자 수,,2024Q1,Q,%,%,rate,rate_change,unspecified,,N,NOT_KOSIS_VALUE,measurement_usage=CONDITION,N,MAP000395,,skipped_not_eligible,,,,,,,,,,,,,,,,,,,,,,,,,,,,,,,,,,,,,,,,,,,,,,,,
