claim_id,claim_measurement_id,article_id,title,date,url,claim_text,prev_sentence,next_sentence,claim_domain_scope,is_recurring_series,metric_domain,indicator,keywords,region,age_group,gender,industry_or_item,population_etc,origin_country,destination_country,period,period_end,prd_se,time_resolution_status,measurement_text,measurement_usage,measurement_source,measurement_indicator,measurement_item,measurement_period,measurement_prd_se,measurement_binding_source,measurement_role,value,value_min,value_max,value_approximate,unit,value_type,direction,change_base,evidence_text,extraction_confidence,needs_review,review_reason,measurement_repaired,measurement_fallback_count,measurement_binding_fallback_count,extraction_model,prompt_version,extracted_at
A0640-C007,A0640-C007-m1,A0640,현대차 年100만대 ‘美 관세 폭격’ 땐... 영업익 35% 줄어,2025-02-19,https://www.chosun.com/economy/auto/2025/02/19/JED6ZDX5LFHF5N4F3IGNW6UE7U,미국발 자동차 관세가 국내 자동차 업계에 끼치는 피해가 10조원을 웃돌 것이란 추산치도 금융권에서 나왔다.,현대차·기아 임직원 10만명에 한국GM 등 다른 완성차 업체와 협력사 등을 더하면 모두 34만명에 이르는 국내 자동차 산업 종사자들이 패닉에 빠질 상황이다.,장한익 IBK기업은행 경제연구소 연구위원은 “25% 관세가 부과되면 지난해 347억달러(약 50조원)였던 대미 자동차 수출은 약 63억달러(약 9조1000억원) 줄어들 것으로 추산됐다”며 “최근 들어 대미 자동차 수출 호조와 환율 변동 등을 감안하면 실제 피해는 10조원을 넘어설 전망”이라고 했다.,해외통계·정책,N,무역,자동차 수출 감소액,"현대차, 관세, 자동차 수출, 영업이익",-,-,-,자동차,-,한국,미국,2025,-,Y,확정,10조원,KOSIS_VALUE,hcx,자동차 수출 감소액,자동차,-,-,hcx,현재값,10000000000000,-,-,N,원,수준값,-,전년,미국발 자동차 관세가 국내 자동차 업계에 끼치는 피해가 10조원을 웃돌 것이란 추산치도 금융권에서 나왔다.,mid,Y,measurement_period_ungrounded:1,N,0,0,HCX-007,v1.5-measurement-binding,2026-07-27
A1462-C010,-,A1462,2월 혼인 14.3% 증가...11개월 연속 늘어 ‘통계 집계 이래 최장’,2025-04-23,https://www.chosun.com/economy/economy_general/2025/04/23/7YEGSLKLSVAFNI3AVZCTZ5HYH4,결혼 지원금과 같은 지자체들의 인센티브도 혼인 건수 증가에 역할한 것으로 나타났다.,30대 초중반에 접어든 이들이 본격적인 결혼·출산 적령기에 돌입한 것이다.,"2월 혼인 건수는 전국 17개 시도에서 모두 늘어난 가운데, 인센티브 제도가 활발한 대전의 증가율이 32.2%로 1위를 기록했다.",국내공식통계,Y,인구,혼인 건수,"혼인, 증가, 인센티브, 지자체",전국,-,-,-,-,-,-,202504,-,M,확정,-,-,-,-,-,-,-,-,-,-,-,-,-,-,-,-,-,2월 혼인 14.3% 증가...11개월 연속 늘어 '통계 집계 이래 최장',high,N,-,N,0,0,HCX-007,v1.5-measurement-binding,2026-07-27
A2582-C001,A2582-C001-m1,A2582,6월 자동차 수출액 역대 최대… 시장 다각화 효과,2025-07-18,https://www.chosun.com/economy/industry-company/2025/07/18/C7ULQI2PJZHQFLSGFVXGFOJZBI,"지난달 한국의 대미(對美) 자동차 수출액은 지난해 6월보다 감소했으며, 4개월 연속 전년 동기 대비 마이너스였다.",-,그러나 전체 자동차 수출액은 도리어 늘어나 6월 기준 역대 최대를 기록했다.,국내공식통계,Y,무역,자동차 수출액,"자동차, 수출액, 역대 최대, 시장 다각화",-,-,-,자동차,-,-,-,2025-06,-,M,확정,4개월,CONTEXT,hcx,연속 감소 기간,자동차,2025-06,M,claim_fallback,참고값,4,-,-,N,개월,수준값,감소,-,"지난달 한국의 대미(對美) 자동차 수출액은 지난해 6월보다 감소했으며, 4개월 연속 전년 동기 대비 마이너스였다.",high,Y,measurement_binding_fallback:1,Y,0,1,HCX-007,v1.5-measurement-binding,2026-07-27
A2129-C004,A2129-C004-m1,A2129,"국내 1000대 기업, 지난해 R&D 투자 84조 ‘역대 최대’",2025-06-13,https://www.chosun.com/economy/industry-company/2025/06/13/PJY2XV4BMNAAPBJD73PL5OLMII,"2010년 해당 조사가 시작된 이후, R&D 투자 규모가 80조원을 돌파한 건 이번이 처음이다.","12일 산업통상자원부와 한국산업기술진흥원이 발표한 ‘2024년 기업 R&D 스코어보드’에 따르면, 지난해 국내 상위 1000대 기업의 R&D 투자액은 전년 대비 15.3% 늘어난 83조6000억원으로 집계됐다.",증가율도 역대 최대 기록을 깼다.,개별기업,N,생산·산업,R&D 투자 규모,"국내 1000대 기업, R&D 투자",-,-,-,-,-,-,-,2024,-,Y,확정,80조원,CONTEXT,hcx,R&D 투자 규모,-,2024,Y,hcx,참고값,80000000000000,-,-,N,원,수준값,-,전년,"2010년 해당 조사가 시작된 이후, R&D 투자 규모가 80조원을 돌파한 건 이번이 처음이다.",high,N,-,N,0,0,HCX-007,v1.5-measurement-binding,2026-07-27
A0809-C004,A0809-C004-m1,A0809,머스크는 잘나가는데… 테슬라는 실적·주가 ‘내리막’,2025-03-04,https://www.chosun.com/economy/auto/2025/03/04/XHFET6RYXJE2HKDKZB3OFY3D7U,테슬라는 작년 주요 시장인 미국(-1%)과 유럽(-13%)에서 판매가 급감하며 설립 이후 처음 연간 판매량이 감소세로 돌아섰다.,순수 전기차(BEV)와 플러그인하이브리드(PHEV·외부 충전기가 달린 하이브리드차)를 합한 숫자다.,"전기차 선두 업체들은 최근 캐즘(수요 정체) 속에 PHEV 같은 대안 마련에 몰두하고 있지만, 테슬라는 BEV만 고집하는 데다 그마저도 신차 출시가 느리다는 지적이다.",개별기업,N,소매·소비,판매량 증감률,"전기차, 테슬라, 미국, 유럽",-,-,-,전기차,-,-,-,2024,-,Y,확정,1%,KOSIS_VALUE,hcx,미국 내 전기차 판매량,전기차,2024,Y,hcx,증감률,1,-,-,N,%,증감률,감소,전년,테슬라는 작년 주요 시장인 미국(-1%)과 유럽(-13%)에서 판매가 급감하며 설립 이후 처음 연간 판매량이 감소세로 돌아섰다.,high,N,-,N,0,0,HCX-007,v1.5-measurement-binding,2026-07-27
A0809-C004,A0809-C004-m2,A0809,머스크는 잘나가는데… 테슬라는 실적·주가 ‘내리막’,2025-03-04,https://www.chosun.com/economy/auto/2025/03/04/XHFET6RYXJE2HKDKZB3OFY3D7U,테슬라는 작년 주요 시장인 미국(-1%)과 유럽(-13%)에서 판매가 급감하며 설립 이후 처음 연간 판매량이 감소세로 돌아섰다.,순수 전기차(BEV)와 플러그인하이브리드(PHEV·외부 충전기가 달린 하이브리드차)를 합한 숫자다.,"전기차 선두 업체들은 최근 캐즘(수요 정체) 속에 PHEV 같은 대안 마련에 몰두하고 있지만, 테슬라는 BEV만 고집하는 데다 그마저도 신차 출시가 느리다는 지적이다.",개별기업,N,소매·소비,판매량 증감률,"전기차, 테슬라, 미국, 유럽",-,-,-,전기차,-,-,-,2024,-,Y,확정,13%,KOSIS_VALUE,hcx,유럽 내 전기차 판매량,전기차,2024,Y,hcx,증감률,13,-,-,N,%,증감률,감소,전년,테슬라는 작년 주요 시장인 미국(-1%)과 유럽(-13%)에서 판매가 급감하며 설립 이후 처음 연간 판매량이 감소세로 돌아섰다.,high,N,-,N,0,0,HCX-007,v1.5-measurement-binding,2026-07-27
A1085-C005,A1085-C005-m1,A1085,"비대면진료 전면 허용 1년, 환자도 의사도 이용 급증",2025-03-25,https://www.chosun.com/economy/economy_general/2025/03/25/3PQ25G3OGFHIVFH467K6W3M63I,"같은 기간 비대면 진료 플랫폼과 제휴를 맺은 의사 수는 월 1196명에서 1536명으로, 처방약을 조제한 약국은 월 8556곳에서 1만2524곳으로 늘어났다.","이 기간 비대면 진료 요청 누적 건수는 약 140만 건이고, 비대면 진료 플랫폼을 방문한 이용자도 약 680만명으로 집계됐다.",비대면 진료는 병원이 문을 닫은 시간에 경증 환자를 대상으로 활발하게 이뤄지는 것으로 조사됐다.,국내공식통계,N,보건·복지,비대면 진료 플랫폼과 제휴를 맺은 의사 수 및 처방약을 조제한 약국 수,"비대면진료, 의사, 약국",-,-,-,-,-,-,-,202503,-,M,확정,1196명,KOSIS_VALUE,hcx,비대면 진료 플랫폼과 제휴를 맺은 의사 수,-,-,-,hcx,이전값,1196,-,-,N,명,수준값,-,전월,[검증 대상 문장],high,Y,measurement_period_ungrounded:4,N,0,0,HCX-007,v1.5-measurement-binding,2026-07-27
A1085-C005,A1085-C005-m2,A1085,"비대면진료 전면 허용 1년, 환자도 의사도 이용 급증",2025-03-25,https://www.chosun.com/economy/economy_general/2025/03/25/3PQ25G3OGFHIVFH467K6W3M63I,"같은 기간 비대면 진료 플랫폼과 제휴를 맺은 의사 수는 월 1196명에서 1536명으로, 처방약을 조제한 약국은 월 8556곳에서 1만2524곳으로 늘어났다.","이 기간 비대면 진료 요청 누적 건수는 약 140만 건이고, 비대면 진료 플랫폼을 방문한 이용자도 약 680만명으로 집계됐다.",비대면 진료는 병원이 문을 닫은 시간에 경증 환자를 대상으로 활발하게 이뤄지는 것으로 조사됐다.,국내공식통계,N,보건·복지,비대면 진료 플랫폼과 제휴를 맺은 의사 수 및 처방약을 조제한 약국 수,"비대면진료, 의사, 약국",-,-,-,-,-,-,-,202503,-,M,확정,1536명,KOSIS_VALUE,hcx,비대면 진료 플랫폼과 제휴를 맺은 의사 수,-,-,-,hcx,현재값,1536,-,-,N,명,수준값,-,전월,[검증 대상 문장],high,Y,measurement_period_ungrounded:4,N,0,0,HCX-007,v1.5-measurement-binding,2026-07-27
A1085-C005,A1085-C005-m3,A1085,"비대면진료 전면 허용 1년, 환자도 의사도 이용 급증",2025-03-25,https://www.chosun.com/economy/economy_general/2025/03/25/3PQ25G3OGFHIVFH467K6W3M63I,"같은 기간 비대면 진료 플랫폼과 제휴를 맺은 의사 수는 월 1196명에서 1536명으로, 처방약을 조제한 약국은 월 8556곳에서 1만2524곳으로 늘어났다.","이 기간 비대면 진료 요청 누적 건수는 약 140만 건이고, 비대면 진료 플랫폼을 방문한 이용자도 약 680만명으로 집계됐다.",비대면 진료는 병원이 문을 닫은 시간에 경증 환자를 대상으로 활발하게 이뤄지는 것으로 조사됐다.,국내공식통계,N,보건·복지,비대면 진료 플랫폼과 제휴를 맺은 의사 수 및 처방약을 조제한 약국 수,"비대면진료, 의사, 약국",-,-,-,-,-,-,-,202503,-,M,확정,8556곳,KOSIS_VALUE,hcx,처방약을 조제한 약국 수,-,-,-,hcx,이전값,8556,-,-,N,곳,수준값,-,전월,[검증 대상 문장],high,Y,measurement_period_ungrounded:4,N,0,0,HCX-007,v1.5-measurement-binding,2026-07-27
A1085-C005,A1085-C005-m4,A1085,"비대면진료 전면 허용 1년, 환자도 의사도 이용 급증",2025-03-25,https://www.chosun.com/economy/economy_general/2025/03/25/3PQ25G3OGFHIVFH467K6W3M63I,"같은 기간 비대면 진료 플랫폼과 제휴를 맺은 의사 수는 월 1196명에서 1536명으로, 처방약을 조제한 약국은 월 8556곳에서 1만2524곳으로 늘어났다.","이 기간 비대면 진료 요청 누적 건수는 약 140만 건이고, 비대면 진료 플랫폼을 방문한 이용자도 약 680만명으로 집계됐다.",비대면 진료는 병원이 문을 닫은 시간에 경증 환자를 대상으로 활발하게 이뤄지는 것으로 조사됐다.,국내공식통계,N,보건·복지,비대면 진료 플랫폼과 제휴를 맺은 의사 수 및 처방약을 조제한 약국 수,"비대면진료, 의사, 약국",-,-,-,-,-,-,-,202503,-,M,확정,1만2524곳,KOSIS_VALUE,hcx,처방약을 조제한 약국 수,-,-,-,hcx,현재값,12524,-,-,N,곳,수준값,-,전월,[검증 대상 문장],high,Y,measurement_period_ungrounded:4,N,0,0,HCX-007,v1.5-measurement-binding,2026-07-27
A1065-C016,A1065-C016-m1,A1065,치솟는 SAMG엔터 주가… ‘파산핑’은 뭐가 달라서 장기 집권 중일까,2025-03-23,https://www.chosun.com/economy/money/2025/03/23/A55BGIKIE6P5MXMXCWRUVCO7LM,"연간 매출액은 951억원에서 1164억원으로 22.4% 증가했고, 4분기 흑자 전환하면서 영업손실은 전년 94억원에서 지난해 61억원으로 감소했다.",SAMG엔터는 지난해 4분기 영업이익 90억원을 기록해 전년 대비 흑자 전환했다.,"SMAG엔터는 2000년에 설립된 1세대 애니메이션 기업으로 티니핑, 미니특공대, 위시캣의 지식재산권(IP)을 보유하고 있다.",개별기업,N,소매·소비,영업이익,"SAMG엔터, 파산핑, 티니핑, 미니특공대, 위시캣",-,-,-,애니메이션,-,-,-,2024,-,Y,확정,951억원,KOSIS_VALUE,hcx,연간 매출액,애니메이션,-,-,hcx,이전값,95100000000,-,-,N,원,수준값,증가,전년,"연간 매출액은 951억원에서 1164억원으로 22.4% 증가했고, 4분기 흑자 전환하면서 영업손실은 전년 94억원에서 지난해 61억원으로 감소했다.",high,Y,measurement_period_ungrounded:2,Y,0,0,HCX-007,v1.5-measurement-binding,2026-07-27
A1065-C016,A1065-C016-m2,A1065,치솟는 SAMG엔터 주가… ‘파산핑’은 뭐가 달라서 장기 집권 중일까,2025-03-23,https://www.chosun.com/economy/money/2025/03/23/A55BGIKIE6P5MXMXCWRUVCO7LM,"연간 매출액은 951억원에서 1164억원으로 22.4% 증가했고, 4분기 흑자 전환하면서 영업손실은 전년 94억원에서 지난해 61억원으로 감소했다.",SAMG엔터는 지난해 4분기 영업이익 90억원을 기록해 전년 대비 흑자 전환했다.,"SMAG엔터는 2000년에 설립된 1세대 애니메이션 기업으로 티니핑, 미니특공대, 위시캣의 지식재산권(IP)을 보유하고 있다.",개별기업,N,소매·소비,영업이익,"SAMG엔터, 파산핑, 티니핑, 미니특공대, 위시캣",-,-,-,애니메이션,-,-,-,2024,-,Y,확정,1164억원,KOSIS_VALUE,hcx,연간 매출액,애니메이션,2024,Y,hcx,현재값,116400000000,-,-,N,원,수준값,증가,전년,"연간 매출액은 951억원에서 1164억원으로 22.4% 증가했고, 4분기 흑자 전환하면서 영업손실은 전년 94억원에서 지난해 61억원으로 감소했다.",high,Y,measurement_period_ungrounded:2,Y,0,0,HCX-007,v1.5-measurement-binding,2026-07-27
A1065-C016,A1065-C016-m3,A1065,치솟는 SAMG엔터 주가… ‘파산핑’은 뭐가 달라서 장기 집권 중일까,2025-03-23,https://www.chosun.com/economy/money/2025/03/23/A55BGIKIE6P5MXMXCWRUVCO7LM,"연간 매출액은 951억원에서 1164억원으로 22.4% 증가했고, 4분기 흑자 전환하면서 영업손실은 전년 94억원에서 지난해 61억원으로 감소했다.",SAMG엔터는 지난해 4분기 영업이익 90억원을 기록해 전년 대비 흑자 전환했다.,"SMAG엔터는 2000년에 설립된 1세대 애니메이션 기업으로 티니핑, 미니특공대, 위시캣의 지식재산권(IP)을 보유하고 있다.",개별기업,N,소매·소비,영업이익,"SAMG엔터, 파산핑, 티니핑, 미니특공대, 위시캣",-,-,-,애니메이션,-,-,-,2024,-,Y,확정,22.4%,KOSIS_VALUE,hcx,연간 매출액 증감률,애니메이션,2024,Y,hcx,증감률,22.4,-,-,N,%,증감률,증가,전년,"연간 매출액은 951억원에서 1164억원으로 22.4% 증가했고, 4분기 흑자 전환하면서 영업손실은 전년 94억원에서 지난해 61억원으로 감소했다.",high,Y,measurement_period_ungrounded:2,Y,0,0,HCX-007,v1.5-measurement-binding,2026-07-27
A1065-C016,A1065-C016-m4,A1065,치솟는 SAMG엔터 주가… ‘파산핑’은 뭐가 달라서 장기 집권 중일까,2025-03-23,https://www.chosun.com/economy/money/2025/03/23/A55BGIKIE6P5MXMXCWRUVCO7LM,"연간 매출액은 951억원에서 1164억원으로 22.4% 증가했고, 4분기 흑자 전환하면서 영업손실은 전년 94억원에서 지난해 61억원으로 감소했다.",SAMG엔터는 지난해 4분기 영업이익 90억원을 기록해 전년 대비 흑자 전환했다.,"SMAG엔터는 2000년에 설립된 1세대 애니메이션 기업으로 티니핑, 미니특공대, 위시캣의 지식재산권(IP)을 보유하고 있다.",개별기업,N,소매·소비,영업이익,"SAMG엔터, 파산핑, 티니핑, 미니특공대, 위시캣",-,-,-,애니메이션,-,-,-,2024,-,Y,확정,94억원,KOSIS_VALUE,hcx,영업손실,애니메이션,-,-,hcx,이전값,9400000000,-,-,N,원,수준값,증가,전년,"연간 매출액은 951억원에서 1164억원으로 22.4% 증가했고, 4분기 흑자 전환하면서 영업손실은 전년 94억원에서 지난해 61억원으로 감소했다.",high,Y,measurement_period_ungrounded:2,Y,0,0,HCX-007,v1.5-measurement-binding,2026-07-27
A1065-C016,A1065-C016-m5,A1065,치솟는 SAMG엔터 주가… ‘파산핑’은 뭐가 달라서 장기 집권 중일까,2025-03-23,https://www.chosun.com/economy/money/2025/03/23/A55BGIKIE6P5MXMXCWRUVCO7LM,"연간 매출액은 951억원에서 1164억원으로 22.4% 증가했고, 4분기 흑자 전환하면서 영업손실은 전년 94억원에서 지난해 61억원으로 감소했다.",SAMG엔터는 지난해 4분기 영업이익 90억원을 기록해 전년 대비 흑자 전환했다.,"SMAG엔터는 2000년에 설립된 1세대 애니메이션 기업으로 티니핑, 미니특공대, 위시캣의 지식재산권(IP)을 보유하고 있다.",개별기업,N,소매·소비,영업이익,"SAMG엔터, 파산핑, 티니핑, 미니특공대, 위시캣",-,-,-,애니메이션,-,-,-,2024,-,Y,확정,61억원,KOSIS_VALUE,hcx,영업손실,애니메이션,2024,Y,hcx,현재값,6100000000,-,-,N,원,수준값,증가,전년,"연간 매출액은 951억원에서 1164억원으로 22.4% 증가했고, 4분기 흑자 전환하면서 영업손실은 전년 94억원에서 지난해 61억원으로 감소했다.",high,Y,measurement_period_ungrounded:2,Y,0,0,HCX-007,v1.5-measurement-binding,2026-07-27
A2636-C004,A2636-C004-m1,A2636,한국서 희망 못 찾는 20대… 취업자 2년 11개월째 감소,2025-10-18,https://www.chosun.com/economy/economy_general/2025/10/18/GSSQHOVG2FAW7LHONSQ4KIKFEY/,10대를 뺀 전 연령대에서 감소 폭이 가장 컸다.,"17일 국가데이터처의 ‘9월 고용 동향’에 따르면, 지난달 20대 취업자는 343만5000명으로 지난해 9월(356만9000명)보다 13만4000명 줄었다.",20대 취업자 수는 2022년 11월(-4000명) 이후 2년 11개월 연속 줄어들고 있다.,국내공식통계,N,고용,취업자 수,"20대, 취업자, 감소",-,20대,-,-,-,-,-,2025-09,-,M,확정,10대,KOSIS_VALUE,hcx,취업자 수,-,-,-,hcx,증감값,10,-,-,N,대,수준값,감소,전년동월,10대를 뺀 전 연령대에서 감소 폭이 가장 컸다.,high,Y,measurement_period_ungrounded:1,Y,0,0,HCX-007,v1.5-measurement-binding,2026-07-27
A0321-C002,A0321-C002-m1,A0321,“예적금 금리 또 떨어졌어?”… 남아 있는 ‘3% 예금·5% 적금’ 상품은,2025-01-25,https://www.chosun.com/economy/money/2025/01/25/7CFNMGHHWTXJHHOKXZSTNPMWQA,남아 있는 '3% 예금·5% 적금' 상품은 시중·지방·인터넷은행 수신 금리 낮춰 19개 은행 예금 중 금리 3% 초과 5개뿐 5% 넘는 1년 만기 적금도 5개…자격 조건 제한 김보연 기자(조선비즈) 입력 2025.01.25.,"2026년 4월 21일(화) 신문구독 | English | 日本語 | 中文 0 조선경제 오피니언 정치 사회 국제 건강 스포츠 문화·연예 콘텐츠판 땅집고 BEMIL 군사세계 헬스조선 IT조선 조선에듀 어린이조선일보 산&트래블 이코노미조선 신문은 선생님 THE BOUTIQUE 행복플러스 주간조선 여성조선 월간조선 민학수 올댓골프 Topclass Life&Learning English 日本語 中文 검색 2026년 4월 21일(화) 신문구독 | English | 日本語 | 中文 0 신문구독 | English | 日本語 | 中文 조선경제 오피니언 정치 사회 국제 건강 스포츠 문화·연예 콘텐츠판 땅집고 BEMIL 군사세계 헬스조선 IT조선 조선에듀 어린이조선일보 산&트래블 이코노미조선 신문은 선생님 THE BOUTIQUE 행복플러스 주간조선 여성조선 월간조선 민학수 올댓골프 Topclass Life&Learning 콘텐츠판 땅집고 BEMIL 군사세계 헬스조선 IT조선 조선에듀 어린이조선일보 산&트래블 이코노미조선 신문은 선생님 THE BOUTIQUE 행복플러스 주간조선 여성조선 월간조선 민학수 올댓골프 Topclass Life&Learning 땅집고 BEMIL 군사세계 헬스조선 IT조선 조선에듀 어린이조선일보 산&트래블 이코노미조선 신문은 선생님 THE BOUTIQUE 행복플러스 주간조선 여성조선 월간조선 민학수 올댓골프 Topclass Life&Learning 조선경제 머니 ""예적금 금리 또 떨어졌어?""…",06:00 업데이트 2025.01.25.,국내공식통계,N,금융·금리,예금·적금 금리,"예금, 적금, 금리, 은행, 수신",-,-,-,-,-,-,-,202501,-,M,확정,3%,CONDITION,hcx,예금 금리,-,202501,M,hcx,현재값,3,-,-,N,%,수준값,-,전년동기,남아 있는 '3% 예금·5% 적금' 상품은 시중·지방·인터넷은행 수신 금리 낮춰 19개 은행 예금 중 금리 3% 초과 5개뿐 5% 넘는 1년 만기 적금도 5개…자격 조건 제한,high,N,-,Y,0,0,HCX-007,v1.5-measurement-binding,2026-07-27
A0321-C002,A0321-C002-m2,A0321,“예적금 금리 또 떨어졌어?”… 남아 있는 ‘3% 예금·5% 적금’ 상품은,2025-01-25,https://www.chosun.com/economy/money/2025/01/25/7CFNMGHHWTXJHHOKXZSTNPMWQA,남아 있는 '3% 예금·5% 적금' 상품은 시중·지방·인터넷은행 수신 금리 낮춰 19개 은행 예금 중 금리 3% 초과 5개뿐 5% 넘는 1년 만기 적금도 5개…자격 조건 제한 김보연 기자(조선비즈) 입력 2025.01.25.,"2026년 4월 21일(화) 신문구독 | English | 日本語 | 中文 0 조선경제 오피니언 정치 사회 국제 건강 스포츠 문화·연예 콘텐츠판 땅집고 BEMIL 군사세계 헬스조선 IT조선 조선에듀 어린이조선일보 산&트래블 이코노미조선 신문은 선생님 THE BOUTIQUE 행복플러스 주간조선 여성조선 월간조선 민학수 올댓골프 Topclass Life&Learning English 日本語 中文 검색 2026년 4월 21일(화) 신문구독 | English | 日本語 | 中文 0 신문구독 | English | 日本語 | 中文 조선경제 오피니언 정치 사회 국제 건강 스포츠 문화·연예 콘텐츠판 땅집고 BEMIL 군사세계 헬스조선 IT조선 조선에듀 어린이조선일보 산&트래블 이코노미조선 신문은 선생님 THE BOUTIQUE 행복플러스 주간조선 여성조선 월간조선 민학수 올댓골프 Topclass Life&Learning 콘텐츠판 땅집고 BEMIL 군사세계 헬스조선 IT조선 조선에듀 어린이조선일보 산&트래블 이코노미조선 신문은 선생님 THE BOUTIQUE 행복플러스 주간조선 여성조선 월간조선 민학수 올댓골프 Topclass Life&Learning 땅집고 BEMIL 군사세계 헬스조선 IT조선 조선에듀 어린이조선일보 산&트래블 이코노미조선 신문은 선생님 THE BOUTIQUE 행복플러스 주간조선 여성조선 월간조선 민학수 올댓골프 Topclass Life&Learning 조선경제 머니 ""예적금 금리 또 떨어졌어?""…",06:00 업데이트 2025.01.25.,국내공식통계,N,금융·금리,예금·적금 금리,"예금, 적금, 금리, 은행, 수신",-,-,-,-,-,-,-,202501,-,M,확정,5%,KOSIS_VALUE,hcx,적금 금리,-,202501,M,hcx,현재값,5,-,-,N,%,수준값,-,전년동기,남아 있는 '3% 예금·5% 적금' 상품은 시중·지방·인터넷은행 수신 금리 낮춰 19개 은행 예금 중 금리 3% 초과 5개뿐 5% 넘는 1년 만기 적금도 5개…자격 조건 제한,high,N,-,Y,0,0,HCX-007,v1.5-measurement-binding,2026-07-27
A0321-C002,A0321-C002-m3,A0321,“예적금 금리 또 떨어졌어?”… 남아 있는 ‘3% 예금·5% 적금’ 상품은,2025-01-25,https://www.chosun.com/economy/money/2025/01/25/7CFNMGHHWTXJHHOKXZSTNPMWQA,남아 있는 '3% 예금·5% 적금' 상품은 시중·지방·인터넷은행 수신 금리 낮춰 19개 은행 예금 중 금리 3% 초과 5개뿐 5% 넘는 1년 만기 적금도 5개…자격 조건 제한 김보연 기자(조선비즈) 입력 2025.01.25.,"2026년 4월 21일(화) 신문구독 | English | 日本語 | 中文 0 조선경제 오피니언 정치 사회 국제 건강 스포츠 문화·연예 콘텐츠판 땅집고 BEMIL 군사세계 헬스조선 IT조선 조선에듀 어린이조선일보 산&트래블 이코노미조선 신문은 선생님 THE BOUTIQUE 행복플러스 주간조선 여성조선 월간조선 민학수 올댓골프 Topclass Life&Learning English 日本語 中文 검색 2026년 4월 21일(화) 신문구독 | English | 日本語 | 中文 0 신문구독 | English | 日本語 | 中文 조선경제 오피니언 정치 사회 국제 건강 스포츠 문화·연예 콘텐츠판 땅집고 BEMIL 군사세계 헬스조선 IT조선 조선에듀 어린이조선일보 산&트래블 이코노미조선 신문은 선생님 THE BOUTIQUE 행복플러스 주간조선 여성조선 월간조선 민학수 올댓골프 Topclass Life&Learning 콘텐츠판 땅집고 BEMIL 군사세계 헬스조선 IT조선 조선에듀 어린이조선일보 산&트래블 이코노미조선 신문은 선생님 THE BOUTIQUE 행복플러스 주간조선 여성조선 월간조선 민학수 올댓골프 Topclass Life&Learning 땅집고 BEMIL 군사세계 헬스조선 IT조선 조선에듀 어린이조선일보 산&트래블 이코노미조선 신문은 선생님 THE BOUTIQUE 행복플러스 주간조선 여성조선 월간조선 민학수 올댓골프 Topclass Life&Learning 조선경제 머니 ""예적금 금리 또 떨어졌어?""…",06:00 업데이트 2025.01.25.,국내공식통계,N,금융·금리,예금·적금 금리,"예금, 적금, 금리, 은행, 수신",-,-,-,-,-,-,-,202501,-,M,확정,19개,KOSIS_VALUE,hcx,은행 수,-,202501,M,hcx,현재값,19,-,-,N,개,수준값,-,전년동기,남아 있는 '3% 예금·5% 적금' 상품은 시중·지방·인터넷은행 수신 금리 낮춰 19개 은행 예금 중 금리 3% 초과 5개뿐 5% 넘는 1년 만기 적금도 5개…자격 조건 제한,high,N,-,Y,0,0,HCX-007,v1.5-measurement-binding,2026-07-27
A0321-C002,A0321-C002-m4,A0321,“예적금 금리 또 떨어졌어?”… 남아 있는 ‘3% 예금·5% 적금’ 상품은,2025-01-25,https://www.chosun.com/economy/money/2025/01/25/7CFNMGHHWTXJHHOKXZSTNPMWQA,남아 있는 '3% 예금·5% 적금' 상품은 시중·지방·인터넷은행 수신 금리 낮춰 19개 은행 예금 중 금리 3% 초과 5개뿐 5% 넘는 1년 만기 적금도 5개…자격 조건 제한 김보연 기자(조선비즈) 입력 2025.01.25.,"2026년 4월 21일(화) 신문구독 | English | 日本語 | 中文 0 조선경제 오피니언 정치 사회 국제 건강 스포츠 문화·연예 콘텐츠판 땅집고 BEMIL 군사세계 헬스조선 IT조선 조선에듀 어린이조선일보 산&트래블 이코노미조선 신문은 선생님 THE BOUTIQUE 행복플러스 주간조선 여성조선 월간조선 민학수 올댓골프 Topclass Life&Learning English 日本語 中文 검색 2026년 4월 21일(화) 신문구독 | English | 日本語 | 中文 0 신문구독 | English | 日本語 | 中文 조선경제 오피니언 정치 사회 국제 건강 스포츠 문화·연예 콘텐츠판 땅집고 BEMIL 군사세계 헬스조선 IT조선 조선에듀 어린이조선일보 산&트래블 이코노미조선 신문은 선생님 THE BOUTIQUE 행복플러스 주간조선 여성조선 월간조선 민학수 올댓골프 Topclass Life&Learning 콘텐츠판 땅집고 BEMIL 군사세계 헬스조선 IT조선 조선에듀 어린이조선일보 산&트래블 이코노미조선 신문은 선생님 THE BOUTIQUE 행복플러스 주간조선 여성조선 월간조선 민학수 올댓골프 Topclass Life&Learning 땅집고 BEMIL 군사세계 헬스조선 IT조선 조선에듀 어린이조선일보 산&트래블 이코노미조선 신문은 선생님 THE BOUTIQUE 행복플러스 주간조선 여성조선 월간조선 민학수 올댓골프 Topclass Life&Learning 조선경제 머니 ""예적금 금리 또 떨어졌어?""…",06:00 업데이트 2025.01.25.,국내공식통계,N,금융·금리,예금·적금 금리,"예금, 적금, 금리, 은행, 수신",-,-,-,-,-,-,-,202501,-,M,확정,5개,KOSIS_VALUE,hcx,금리 3% 초과 은행 수,-,202501,M,hcx,현재값,5,-,-,N,개,수준값,-,전년동기,남아 있는 '3% 예금·5% 적금' 상품은 시중·지방·인터넷은행 수신 금리 낮춰 19개 은행 예금 중 금리 3% 초과 5개뿐 5% 넘는 1년 만기 적금도 5개…자격 조건 제한,high,N,-,Y,0,0,HCX-007,v1.5-measurement-binding,2026-07-27
A0321-C002,A0321-C002-m5,A0321,“예적금 금리 또 떨어졌어?”… 남아 있는 ‘3% 예금·5% 적금’ 상품은,2025-01-25,https://www.chosun.com/economy/money/2025/01/25/7CFNMGHHWTXJHHOKXZSTNPMWQA,남아 있는 '3% 예금·5% 적금' 상품은 시중·지방·인터넷은행 수신 금리 낮춰 19개 은행 예금 중 금리 3% 초과 5개뿐 5% 넘는 1년 만기 적금도 5개…자격 조건 제한 김보연 기자(조선비즈) 입력 2025.01.25.,"2026년 4월 21일(화) 신문구독 | English | 日本語 | 中文 0 조선경제 오피니언 정치 사회 국제 건강 스포츠 문화·연예 콘텐츠판 땅집고 BEMIL 군사세계 헬스조선 IT조선 조선에듀 어린이조선일보 산&트래블 이코노미조선 신문은 선생님 THE BOUTIQUE 행복플러스 주간조선 여성조선 월간조선 민학수 올댓골프 Topclass Life&Learning English 日本語 中文 검색 2026년 4월 21일(화) 신문구독 | English | 日本語 | 中文 0 신문구독 | English | 日本語 | 中文 조선경제 오피니언 정치 사회 국제 건강 스포츠 문화·연예 콘텐츠판 땅집고 BEMIL 군사세계 헬스조선 IT조선 조선에듀 어린이조선일보 산&트래블 이코노미조선 신문은 선생님 THE BOUTIQUE 행복플러스 주간조선 여성조선 월간조선 민학수 올댓골프 Topclass Life&Learning 콘텐츠판 땅집고 BEMIL 군사세계 헬스조선 IT조선 조선에듀 어린이조선일보 산&트래블 이코노미조선 신문은 선생님 THE BOUTIQUE 행복플러스 주간조선 여성조선 월간조선 민학수 올댓골프 Topclass Life&Learning 땅집고 BEMIL 군사세계 헬스조선 IT조선 조선에듀 어린이조선일보 산&트래블 이코노미조선 신문은 선생님 THE BOUTIQUE 행복플러스 주간조선 여성조선 월간조선 민학수 올댓골프 Topclass Life&Learning 조선경제 머니 ""예적금 금리 또 떨어졌어?""…",06:00 업데이트 2025.01.25.,국내공식통계,N,금융·금리,예금·적금 금리,"예금, 적금, 금리, 은행, 수신",-,-,-,-,-,-,-,202501,-,M,확정,1년,CONTEXT,hcx,적금 기간,-,202501,M,hcx,참고값,1,-,-,N,년,수준값,-,-,남아 있는 '3% 예금·5% 적금' 상품은 시중·지방·인터넷은행 수신 금리 낮춰 19개 은행 예금 중 금리 3% 초과 5개뿐 5% 넘는 1년 만기 적금도 5개…자격 조건 제한,high,N,-,Y,0,0,HCX-007,v1.5-measurement-binding,2026-07-27
A0347-C007,-,A0347,"환자가 된 독일, 과거를 되돌아 봐야 한다",2025-01-27,https://www.chosun.com/economy/int_economy/2025/01/27/ES66U5V3N5AQRGJJHRW5I7OZ2M,현재 독일의 경제 침체는 이런 주장의 필요성을 다시 한번 증명한다.,나는 오래전부터 독일 경제의 문제를 독일이 과거에 거둔 경제적 성공과 이를 뒷받침했던 제도적 기반의 부정적 결과로 이해해야 한다고 주장해 왔다.,"독일 경제 버팀목 된 고품질 제조 역량 위기와 격변의 시기이면서 혁신과 기회의 시기였던 제2차 세계대전 이후, 서독은 시대의 요구에 완벽히 부합하는 경제 및 정치제도를 구축했다.",기타,N,기타,-,-,-,-,-,-,-,-,-,-,-,-,모호,-,-,-,-,-,-,-,-,-,-,-,-,-,-,-,-,-,현재 독일의 경제 침체는 이런 주장의 필요성을 다시 한번 증명한다.,low,Y,-,N,0,0,HCX-007,v1.5-measurement-binding,2026-07-27
A1436-C005,A1436-C005-m1,A1436,사상 첫 ‘4분기 연속 0.1% 이하 성장’ 쇼크 오나,2025-04-21,https://www.chosun.com/economy/economy_general/2025/04/21/IJL2AD4SB5ETLABUQTFBKVHC7I,"◇‘4개 분기 연속 제로 성장’ 쇼크 한국은행은 지난 17일 ‘올해 1분기(1~3월) 및 향후 성장 흐름 평가’ 보고서에서 “1분기 우리나라 성장률이 지난 2월에 내놓은 전망치인 0.2%보다 더 낮으며, 마이너스(-) 성장 가능성도 배제할 수 없는 상황”이라고 했다.","전문가들은 “내수가 살아나지 않는 데다가 잠재성장률도 낮다 보니 회복력마저 떨어진 결과”라며 “우선 내수를 살리기 위해 추가경정예산(추경), 금리 인하 등 적극적 대책이 필요하다”고 하고 있다.",아무리 선방해도 0.1%보다 높은 성장을 기대하기 어렵다는 얘기다.,국내공식통계,Y,생산·산업,경제성장률,"한국은행, 경제성장률, 분기, 성장률 전망치",-,-,-,-,-,-,-,2025Q1,-,Q,확정,4개,KOSIS_VALUE,hcx,분기 연속 성장,-,2025Q1,Q,hcx,현재값,4,-,-,N,개,수준값,유지,전분기,"한국은행은 지난 17일 ‘올해 1분기(1~3월) 및 향후 성장 흐름 평가’ 보고서에서 ""1분기 우리나라 성장률이 지난 2월에 내놓은 전망치인 0.2%보다 더 낮으며, 마이너스(-) 성장 가능성도 배제할 수 없는 상황""이라고 했다.",high,N,-,Y,0,0,HCX-007,v1.5-measurement-binding,2026-07-27
A1436-C005,A1436-C005-m2,A1436,사상 첫 ‘4분기 연속 0.1% 이하 성장’ 쇼크 오나,2025-04-21,https://www.chosun.com/economy/economy_general/2025/04/21/IJL2AD4SB5ETLABUQTFBKVHC7I,"◇‘4개 분기 연속 제로 성장’ 쇼크 한국은행은 지난 17일 ‘올해 1분기(1~3월) 및 향후 성장 흐름 평가’ 보고서에서 “1분기 우리나라 성장률이 지난 2월에 내놓은 전망치인 0.2%보다 더 낮으며, 마이너스(-) 성장 가능성도 배제할 수 없는 상황”이라고 했다.","전문가들은 “내수가 살아나지 않는 데다가 잠재성장률도 낮다 보니 회복력마저 떨어진 결과”라며 “우선 내수를 살리기 위해 추가경정예산(추경), 금리 인하 등 적극적 대책이 필요하다”고 하고 있다.",아무리 선방해도 0.1%보다 높은 성장을 기대하기 어렵다는 얘기다.,국내공식통계,Y,생산·산업,경제성장률,"한국은행, 경제성장률, 분기, 성장률 전망치",-,-,-,-,-,-,-,2025Q1,-,Q,확정,0.2%,KOSIS_VALUE,hcx,경제성장률,-,2025Q1,Q,hcx,현재값,0.2,-,-,N,%,수준값,유지,전분기,"한국은행은 지난 17일 ‘올해 1분기(1~3월) 및 향후 성장 흐름 평가’ 보고서에서 ""1분기 우리나라 성장률이 지난 2월에 내놓은 전망치인 0.2%보다 더 낮으며, 마이너스(-) 성장 가능성도 배제할 수 없는 상황""이라고 했다.",high,N,-,Y,0,0,HCX-007,v1.5-measurement-binding,2026-07-27
A2328-C001,-,A2328,"주유소 기름값 2주 연속 상승… 휘발유 27.7원, 경유 29원 상승",2025-06-29,https://www.chosun.com/economy/industry-company/2025/06/29/4Z66ZA67O5CKZO6BRI6CCZTWBY,국내 주유소 휘발유와 경유의 주간 평균 가격이 지난주에도 오름세를 이어갔다.,-,전주에 6주 만에 오름세로 돌아선 데 이어 2주 연속 상승이다.,국내공식통계,Y,물가,휘발유 및 경유 가격,"주유소, 기름값, 휘발유, 경유",-,-,-,-,-,-,-,2025-06-29,-,M,확정,-,-,-,-,-,-,-,-,-,-,-,-,-,-,-,-,-,국내 주유소 휘발유와 경유의 주간 평균 가격이 지난주에도 오름세를 이어갔다.,high,N,-,N,0,0,HCX-007,v1.5-measurement-binding,2026-07-27
A1999-C020,-,A1999,원두 가격 1년 새 두 배로… 줄줄이 뛴 커피값 더 오르나,2025-06-03,https://www.chosun.com/economy/market_trend/2025/06/03/L5XF4ZT2TJEFZAD7JDGY77MHOE,그런데 최근에는 고급 원두인 아라비카와 값싼 로부스타 원두가 모두 최고가를 경신하고 있다.,아라비카보다 싸기 때문에 인스턴트 커피에 주로 쓰인다.,"한국농수산식품유통공사(aT)의 국제 원료 가격 동향에 따르면, 아라비카 원두는 2014년 이후 줄곧 1t(톤)당 3000~4000달러 안팎에 머물렀다.",국내공식통계,N,무역,원두 가격,"아라비카, 로부스타, 원두, 최고가",-,-,-,커피,-,-,-,2025,-,Y,확정,-,-,-,-,-,-,-,-,-,-,-,-,-,-,-,-,-,그런데 최근에는 고급 원두인 아라비카와 값싼 로부스타 원두가 모두 최고가를 경신하고 있다.,low,Y,-,Y,0,0,HCX-007,v1.5-measurement-binding,2026-07-27
A0522-C018,A0522-C018-m1,A0522,韓·獨·日은 마이너스… 중국 車만 20~40% 성장,2025-02-10,https://www.chosun.com/economy/auto/2025/02/10/CJKKHZFZ4VELJACFU6OAG43RQE,"르노닛산미쓰비시연합은 중국 사업을 접은 르노의 판매량(약 226만대)이 1년 새 1.3% 늘며, 전체 판매량도 1.1% 늘었다.",글로벌 ‘톱 10′ 회사 중에서 판매량이 줄지 않은 것은 중국 사업을 축소하거나 중단한 회사들뿐이다.,최근 몇 년 새 중국 공장 직원 수천 명을 감축한 포드 역시 1년 새 판매량이 1.3% 늘었다.,해외통계·정책,N,무역,판매량 증가율,"르노닛산미쓰비시연합, 중국 사업, 판매량",-,-,-,자동차,-,-,-,2025-01,-,M,확정,226만대,KOSIS_VALUE,hcx,판매량,자동차,-,-,hcx,현재값,2260000,-,-,Y,대,수준값,증가,전년동월,"르노닛산미쓰비시연합은 중국 사업을 접은 르노의 판매량(약 226만대)이 1년 새 1.3% 늘며, 전체 판매량도 1.1% 늘었다.",high,Y,measurement_rule_fallback:1;measurement_period_ungrounded:3,Y,1,0,HCX-007,v1.5-measurement-binding,2026-07-27
A0522-C018,A0522-C018-m2,A0522,韓·獨·日은 마이너스… 중국 車만 20~40% 성장,2025-02-10,https://www.chosun.com/economy/auto/2025/02/10/CJKKHZFZ4VELJACFU6OAG43RQE,"르노닛산미쓰비시연합은 중국 사업을 접은 르노의 판매량(약 226만대)이 1년 새 1.3% 늘며, 전체 판매량도 1.1% 늘었다.",글로벌 ‘톱 10′ 회사 중에서 판매량이 줄지 않은 것은 중국 사업을 축소하거나 중단한 회사들뿐이다.,최근 몇 년 새 중국 공장 직원 수천 명을 감축한 포드 역시 1년 새 판매량이 1.3% 늘었다.,해외통계·정책,N,무역,판매량 증가율,"르노닛산미쓰비시연합, 중국 사업, 판매량",-,-,-,자동차,-,-,-,2025-01,-,M,확정,1.3%,KOSIS_VALUE,hcx,판매량 증가율,자동차,-,-,hcx,증감률,1.3,-,-,N,%,증감률,증가,전년동월,"르노닛산미쓰비시연합은 중국 사업을 접은 르노의 판매량(약 226만대)이 1년 새 1.3% 늘며, 전체 판매량도 1.1% 늘었다.",high,Y,measurement_rule_fallback:1;measurement_period_ungrounded:3,Y,1,0,HCX-007,v1.5-measurement-binding,2026-07-27
A0522-C018,A0522-C018-m3,A0522,韓·獨·日은 마이너스… 중국 車만 20~40% 성장,2025-02-10,https://www.chosun.com/economy/auto/2025/02/10/CJKKHZFZ4VELJACFU6OAG43RQE,"르노닛산미쓰비시연합은 중국 사업을 접은 르노의 판매량(약 226만대)이 1년 새 1.3% 늘며, 전체 판매량도 1.1% 늘었다.",글로벌 ‘톱 10′ 회사 중에서 판매량이 줄지 않은 것은 중국 사업을 축소하거나 중단한 회사들뿐이다.,최근 몇 년 새 중국 공장 직원 수천 명을 감축한 포드 역시 1년 새 판매량이 1.3% 늘었다.,해외통계·정책,N,무역,판매량 증가율,"르노닛산미쓰비시연합, 중국 사업, 판매량",-,-,-,자동차,-,-,-,2025-01,-,M,확정,1.1%,KOSIS_VALUE,hcx,전체 판매량 증가율,자동차,-,-,hcx,증감률,1.1,-,-,N,%,증감률,증가,전년동월,"르노닛산미쓰비시연합은 중국 사업을 접은 르노의 판매량(약 226만대)이 1년 새 1.3% 늘며, 전체 판매량도 1.1% 늘었다.",high,Y,measurement_rule_fallback:1;measurement_period_ungrounded:3,Y,1,0,HCX-007,v1.5-measurement-binding,2026-07-27
A0522-C018,A0522-C018-m4,A0522,韓·獨·日은 마이너스… 중국 車만 20~40% 성장,2025-02-10,https://www.chosun.com/economy/auto/2025/02/10/CJKKHZFZ4VELJACFU6OAG43RQE,"르노닛산미쓰비시연합은 중국 사업을 접은 르노의 판매량(약 226만대)이 1년 새 1.3% 늘며, 전체 판매량도 1.1% 늘었다.",글로벌 ‘톱 10′ 회사 중에서 판매량이 줄지 않은 것은 중국 사업을 축소하거나 중단한 회사들뿐이다.,최근 몇 년 새 중국 공장 직원 수천 명을 감축한 포드 역시 1년 새 판매량이 1.3% 늘었다.,해외통계·정책,N,무역,판매량 증가율,"르노닛산미쓰비시연합, 중국 사업, 판매량",-,-,-,자동차,-,-,-,2025-01,-,M,확정,1년,CONTEXT,rule_fallback,판매량 증가율,자동차,2025-01,M,rule_fallback,참고값,1,-,-,N,년,수준값,증가,-,"르노닛산미쓰비시연합은 중국 사업을 접은 르노의 판매량(약 226만대)이 1년 새 1.3% 늘며, 전체 판매량도 1.1% 늘었다.",high,Y,measurement_rule_fallback:1;measurement_period_ungrounded:3,Y,1,0,HCX-007,v1.5-measurement-binding,2026-07-27
A0199-C009,-,A0199,"외국인, 채권도 매도세로… 환율엔 또다른 악재",2025-01-16,https://www.chosun.com/economy/economy_general/2025/01/16/5SARRJG2ABC2JBGIYDQ6THY4SU,"지난달 외국인 투자 자금 이탈 규모가 컸던 것은 주식, 채권 모두에서 자금이 이탈했기 때문이다.",이는 2020년 3월 73억7000만달러 순유출 이후 최대 규모다.,외국인 주식 투자자금은 작년 8월부터 이미 순유출되고 있었다.,국내공식통계,N,금융·금리,외국인 투자 자금 이탈 규모,"외국인, 채권, 매도세, 환율, 주식, 순유출",-,-,-,-,-,-,-,202501,-,M,확정,-,-,-,-,-,-,-,-,-,-,-,-,-,-,-,-,-,"지난달 외국인 투자 자금 이탈 규모가 컸던 것은 주식, 채권 모두에서 자금이 이탈했기 때문이다.",mid,N,-,Y,0,0,HCX-007,v1.5-measurement-binding,2026-07-27
A0183-C013,A0183-C013-m1,A0183,"평균 금융자산 1억인데…”결혼할 땐 2억, 노후엔 9억 필요”",2025-01-15,https://www.chosun.com/economy/market_trend/2025/01/15/B7JEKS543ZBOFINP24DBLTEFVI,신혼부부들의 실제 지출액은 평균 2억635만원이었으며 결혼 예정자는 2억2541만원을 예상했다.,최근 3년 내 결혼한 신혼부부와 결혼 예정자의 평균 결혼 비용은 2억1227만원으로 집계됐다.,결혼 비용은 매해 약 1000만원씩 증가한다고 연구소는 분석했다.,여론조사·설문,N,금융·금리,신혼부부의 결혼 비용,"평균 금융자산, 결혼 비용, 노후",-,-,-,-,신혼부부,-,-,2025,-,Y,확정,2억635만원,KOSIS_VALUE,hcx,신혼부부의 결혼 비용,-,-,-,hcx,현재값,206350000,-,-,N,원,수준값,-,전년,신혼부부들의 실제 지출액은 평균 2억635만원이었으며 결혼 예정자는 2억2541만원을 예상했다.,high,Y,measurement_period_ungrounded:2,N,0,0,HCX-007,v1.5-measurement-binding,2026-07-27
A0183-C013,A0183-C013-m2,A0183,"평균 금융자산 1억인데…”결혼할 땐 2억, 노후엔 9억 필요”",2025-01-15,https://www.chosun.com/economy/market_trend/2025/01/15/B7JEKS543ZBOFINP24DBLTEFVI,신혼부부들의 실제 지출액은 평균 2억635만원이었으며 결혼 예정자는 2억2541만원을 예상했다.,최근 3년 내 결혼한 신혼부부와 결혼 예정자의 평균 결혼 비용은 2억1227만원으로 집계됐다.,결혼 비용은 매해 약 1000만원씩 증가한다고 연구소는 분석했다.,여론조사·설문,N,금융·금리,신혼부부의 결혼 비용,"평균 금융자산, 결혼 비용, 노후",-,-,-,-,신혼부부,-,-,2025,-,Y,확정,2억2541만원,KOSIS_VALUE,hcx,신혼부부의 결혼 비용,-,-,-,hcx,현재값,225410000,-,-,N,원,수준값,-,전년,신혼부부들의 실제 지출액은 평균 2억635만원이었으며 결혼 예정자는 2억2541만원을 예상했다.,high,Y,measurement_period_ungrounded:2,N,0,0,HCX-007,v1.5-measurement-binding,2026-07-27
A0333-C003,A0333-C003-m1,A0333,“하루도 안 빼고 1조6000억원 순매수” 연기금 연초 코스피 상승 주도,2025-01-26,https://www.chosun.com/economy/money/2025/01/26/3T4L54DT3BXJZWJIQZTNOI736M,16:03 0 연기금이 올 1월 유가증권시장에서 1조6000억원어치를 순매수하며 코스피지수 상승을 이끈 것으로 나타났다.,13:55 업데이트 2025.01.26.,26일 한국거래소에 따르면 국민연금 등 연기금은 연초 이후 지난 24일까지 유가증권시장(코스피)에서 1조6132억원을 순매수했다.,국내공식통계,N,금융·금리,순매수액,"연기금, 코스피, 순매수",-,-,-,-,-,-,-,202501,-,M,확정,1조6000억원,KOSIS_VALUE,hcx,순매수액,-,202501,M,hcx,현재값,1600000000000,-,-,N,원,수준값,증가,전년동기,"""16:03 0 연기금이 올 1월 유가증권시장에서 1조6000억원어치를 순매수하며 코스피지수 상승을 이끈 것으로 나타났다.""",high,N,-,N,0,0,HCX-007,v1.5-measurement-binding,2026-07-27
A1218-C001,A1218-C001-m1,A1218,트럼프 관세 여파로 외국인 직접투자액 1분기 9.2% 줄어,2025-04-04,https://www.chosun.com/economy/industry-company/2025/04/04/HWJVCRJQ5FDRPI7DW3X5AERARI,올해 1분기(1~3월) 우리나라로 들어온 외국인 직접투자(FDI)가 작년 같은 기간 대비 9.2% 줄었다.,-,"지난 1월 도널드 트럼프 미 대통령이 취임 후 ‘관세 폭탄’으로 인한 불확실성 때문에 중국발 투자가 급감하고, 다른 글로벌 기업들도 투자 관망세가 짙어진 영향이라는 분석이다.",국내공식통계,Y,무역,외국인직접투자액,"외국인직접투자, FDI, 관세폭탄, 트럼프",-,-,-,-,-,-,-,2025Q1,-,Q,확정,9.2%,KOSIS_VALUE,hcx,외국인직접투자액,-,2025Q1,Q,hcx,증감률,9.2,-,-,N,%,증감률,감소,전년동기,올해 1분기(1~3월) 우리나라로 들어온 외국인 직접투자(FDI)가 작년 같은 기간 대비 9.2% 줄었다.,high,N,-,N,0,0,HCX-007,v1.5-measurement-binding,2026-07-27
A0807-C012,A0807-C012-m1,A0807,전기차 보조금 한 달 빨리 결정됐더니... 2월 완성차 5사 내수 늘었다,2025-03-04,https://www.chosun.com/economy/auto/2025/03/04/K5RBLU6XRRGMDCVYPVPCHI5UO4,지난달 전기차 판매가 1년 전에 비해 늘어난 것은 올해 전기차 국고 보조금이 예년보다 빠르게 책정된 영향이다.,"반면, 기아의 하이브리드차 판매량(1만 6231대)은 같은 기간 2.6% 줄었다.",환경부는 올해 전기차 모델별 보조금을 예년보다 한 달 가량 앞선 지난 1월 중순 발표했다.,개별기업,N,소매·소비,전기차 판매량 증가,"전기차, 보조금, 완성차, 내수",-,-,-,전기차,-,-,-,2025-01,-,M,확정,1년,CONTEXT,hcx,전기차 판매량 증가,전기차,2025-01,M,claim_fallback,참고값,1,-,-,N,년,수준값,증가,전년동기,지난달 전기차 판매가 1년 전에 비해 늘어난 것은 올해 전기차 국고 보조금이 예년보다 빠르게 책정된 영향이다.,mid,Y,measurement_binding_fallback:1;measurement_period_ungrounded:1,N,0,1,HCX-007,v1.5-measurement-binding,2026-07-27
A0768-C014,A0768-C014-m1,A0768,"전기차 EV6, 경남 합천서 사면 서울보다 850만원 싸다",2025-03-01,https://www.chosun.com/economy/auto/2025/03/01/SUE4PAEX65AL3PCWI3J37AR5Z4,"대당 최대 국비 보조금이 지난해(650만원) 대비 70만원 줄었고, 지방비 보조금도 줄어든 영향이다.",올해는 대부분 지역에서 전기차 구매 보조금이 작년보다 줄었다.,서울은 올해 대당 최대 지방비 보조금이 작년(150만원) 대비 60% 줄어든 60만원이다.,개별기업,N,재정·조세,전기차 구매 보조금,"전기차, EV6, 경남 합천, 서울, 보조금",-,-,-,전기차,-,-,-,2025,-,Y,확정,650만원,POLICY_VALUE,hcx,국비 보조금,전기차,2024,Y,hcx,목표값,6500000,-,-,N,원,수준값,감소,전년,"대당 최대 국비 보조금이 지난해(650만원) 대비 70만원 줄었고, 지방비 보조금도 줄어든 영향이다.",high,N,-,N,0,0,HCX-007,v1.5-measurement-binding,2026-07-27
A0768-C014,A0768-C014-m2,A0768,"전기차 EV6, 경남 합천서 사면 서울보다 850만원 싸다",2025-03-01,https://www.chosun.com/economy/auto/2025/03/01/SUE4PAEX65AL3PCWI3J37AR5Z4,"대당 최대 국비 보조금이 지난해(650만원) 대비 70만원 줄었고, 지방비 보조금도 줄어든 영향이다.",올해는 대부분 지역에서 전기차 구매 보조금이 작년보다 줄었다.,서울은 올해 대당 최대 지방비 보조금이 작년(150만원) 대비 60% 줄어든 60만원이다.,개별기업,N,재정·조세,전기차 구매 보조금,"전기차, EV6, 경남 합천, 서울, 보조금",-,-,-,전기차,-,-,-,2025,-,Y,확정,70만원,POLICY_VALUE,hcx,국비 보조금 감소분,전기차,2025,Y,hcx,현재값,700000,-,-,N,원,수준값,감소,전년,"대당 최대 국비 보조금이 지난해(650만원) 대비 70만원 줄었고, 지방비 보조금도 줄어든 영향이다.",high,N,-,N,0,0,HCX-007,v1.5-measurement-binding,2026-07-27
A0748-C007,A0748-C007-m1,A0748,출산율 9년 만에 반등… “앞으로 7년이 골든타임”,2025-02-27,https://www.chosun.com/economy/economy_general/2025/02/27/JSTSHA6HNJHELOV3RULNHTIZBI,합계 출산율이 1.24명이었던 2015년 이후 처음으로 출산율이 올랐다.,여성 1명이 낳을 것으로 예상되는 아이 수를 뜻하는 합계 출산율은 작년 0.75명으로 역대 최저였던 2023년(0.72명)보다 0.03명 늘었다.,작년 혼인 건수도 22만2422건에 달해 전년 대비 14.9% 늘었다.,국내공식통계,N,인구,합계 출산율,"출산율, 인구, 합계 출산율",-,-,-,-,-,-,-,2025,-,Y,확정,1.24명,KOSIS_VALUE,hcx,합계 출산율,-,2015,Y,hcx,현재값,1.24,-,-,N,명,수준값,증가,전년동기,합계 출산율이 1.24명이었던 2015년 이후 처음으로 출산율이 올랐다.,high,N,-,N,0,0,HCX-007,v1.5-measurement-binding,2026-07-27
A0290-C015,A0290-C015-m1,A0290,"“한국, 20년간 10대 수출품목 그대로… 끓는 냄비 속 개구리”",2025-01-23,https://www.chosun.com/economy/economy_general/2025/01/23/53AOV7MK3BAPZG4STEVXENK644,"지난 2005년과 작년, 한국의 10대 수출 품목을 비교하면 컴퓨터가 제외되고, 가전제품이 새로 진입한 것 외에는 아무 변화가 없었다.","◇신기술도 변화도 없는 한국, “뜨거운 물 끼얹어야” 맥킨지는 지난 20년간 변화가 없는 한국의 수출 구조도 한국 경제의 어려움을 가속하는 주요 원인으로 꼽았다.","지난해 1위였던 반도체는, 2005년에도 1위였고, 2005년 2위였던 자동차는 지난해에도 2위로 순위 변화가 없었다.",국내공식통계,N,무역,10대 수출 품목,"수출품목, 10대, 컴퓨터, 가전제품, 반도체, 자동차",-,-,-,-,-,-,-,2024,-,Y,확정,10대,KOSIS_VALUE,hcx,수출 품목 수,-,2005,Y,hcx,현재값,10,-,-,N,대,수준값,-,전년,"지난 2005년과 작년, 한국의 10대 수출 품목을 비교하면 컴퓨터가 제외되고, 가전제품이 새로 진입한 것 외에는 아무 변화가 없었다.",high,N,-,N,0,0,HCX-007,v1.5-measurement-binding,2026-07-27
A0308-C031,A0308-C031-m1,A0308,3분기 연속 제로 성장… 현실이 된 ‘피크 코리아’,2025-01-24,https://www.chosun.com/economy/economy_general/2025/01/24/SCPOEWE2RNG4NPULCO2RIKRR2I,김태유 서울대 명예교수는 “지난 30년간 대통령 임기마다 한국 경제성장률이 1%포인트씩 대세 하락해 왔다”며 “새로운 성장 동력을 찾는 노력이 절실하다”고 했다. ☞피크 코리아(Peak Korea) 피크 코리아는 한국 경제가 과거 고도성장기를 거치고 나서 성장이 정점을 찍고 내리막에 들어섰다는 주장이다.,박형중 우리은행 투자전략팀장은 “미국 트럼프 2기 정부 출범을 앞두고 작년 4분기에 국내 기업들이 밀어내기 수출에 나섰을 가능성이 있기 때문에 올해 수출이 더 안 좋아질 가능성이 있다”고 했다.,"1990년대까지 두 자릿수 성장률을 보였던 한국의 경제성장률은 2000년대 들어선 5%대, 2010년대엔 3%대, 2020년대 이후엔 2%대로 떨어지면서 피크 코리아 주장이 강해지고 있다.",전망·목표,N,재정·조세,경제성장률,"피크 코리아, 경제성장률, 대세 하락",-,-,-,-,-,-,-,-,-,-,확정,30년,CONDITION,hcx,기간,-,-,-,hcx,참고값,30,-,-,N,년,수준값,감소,-,"""지난 30년간 대통령 임기마다 한국 경제성장률이 1%포인트씩 대세 하락해 왔다""며 ""새로운 성장 동력을 찾는 노력이 절실하다""",high,N,-,N,0,0,HCX-007,v1.5-measurement-binding,2026-07-27
A0308-C031,A0308-C031-m2,A0308,3분기 연속 제로 성장… 현실이 된 ‘피크 코리아’,2025-01-24,https://www.chosun.com/economy/economy_general/2025/01/24/SCPOEWE2RNG4NPULCO2RIKRR2I,김태유 서울대 명예교수는 “지난 30년간 대통령 임기마다 한국 경제성장률이 1%포인트씩 대세 하락해 왔다”며 “새로운 성장 동력을 찾는 노력이 절실하다”고 했다. ☞피크 코리아(Peak Korea) 피크 코리아는 한국 경제가 과거 고도성장기를 거치고 나서 성장이 정점을 찍고 내리막에 들어섰다는 주장이다.,박형중 우리은행 투자전략팀장은 “미국 트럼프 2기 정부 출범을 앞두고 작년 4분기에 국내 기업들이 밀어내기 수출에 나섰을 가능성이 있기 때문에 올해 수출이 더 안 좋아질 가능성이 있다”고 했다.,"1990년대까지 두 자릿수 성장률을 보였던 한국의 경제성장률은 2000년대 들어선 5%대, 2010년대엔 3%대, 2020년대 이후엔 2%대로 떨어지면서 피크 코리아 주장이 강해지고 있다.",전망·목표,N,재정·조세,경제성장률,"피크 코리아, 경제성장률, 대세 하락",-,-,-,-,-,-,-,-,-,-,확정,1%,KOSIS_VALUE,hcx,경제성장률 변화,-,-,-,hcx,증감률,1,-,-,N,%,증감률,감소,-,"""지난 30년간 대통령 임기마다 한국 경제성장률이 1%포인트씩 대세 하락해 왔다""며 ""새로운 성장 동력을 찾는 노력이 절실하다""",high,N,-,N,0,0,HCX-007,v1.5-measurement-binding,2026-07-27
A2254-C007,A2254-C007-m1,A2254,6월 1~20일 수출 8.3% 증가... 반도체 21.8%↑ 車 9.2%↑,2025-06-23,https://www.chosun.com/economy/economy_general/2025/06/23/VRSULF3KLRDCXJYUXRMNW45AIY,"유럽연합과 대만 수출도 각각 23.5%, 46.3% 늘었고, 중국과 베트남은 수출이 1%, 4.3% 줄었다.",관세청 관계자는 “반도체 단가 상승 등 영향으로 반도체 수출이 큰 폭으로 늘었고 승용차도 유럽을 중심으로 늘었다”라며 “반도체는 아직 미국 관세 부과가 본격화하지 않아 증가세가 이어지는 것으로 보인다”라고 말했다.,이 기간 수입액은 360억6100만달러로 1년 전 대비 5.3% 증가했다.,국내공식통계,N,무역,수출 증감률,"수출, 반도체, 자동차, 유럽연합, 대만, 중국, 베트남",-,-,-,-,-,-,-,202506,-,M,확정,23.5%,KOSIS_VALUE,hcx,유럽연합 수출 증감률,유럽연합,-,-,hcx,증감률,23.5,-,-,N,%,증감률,증가,전년동월,"유럽연합과 대만 수출도 각각 23.5%, 46.3% 늘었고, 중국과 베트남은 수출이 1%, 4.3% 줄었다.",high,Y,measurement_period_ungrounded:4,N,0,0,HCX-007,v1.5-measurement-binding,2026-07-27
A2254-C007,A2254-C007-m2,A2254,6월 1~20일 수출 8.3% 증가... 반도체 21.8%↑ 車 9.2%↑,2025-06-23,https://www.chosun.com/economy/economy_general/2025/06/23/VRSULF3KLRDCXJYUXRMNW45AIY,"유럽연합과 대만 수출도 각각 23.5%, 46.3% 늘었고, 중국과 베트남은 수출이 1%, 4.3% 줄었다.",관세청 관계자는 “반도체 단가 상승 등 영향으로 반도체 수출이 큰 폭으로 늘었고 승용차도 유럽을 중심으로 늘었다”라며 “반도체는 아직 미국 관세 부과가 본격화하지 않아 증가세가 이어지는 것으로 보인다”라고 말했다.,이 기간 수입액은 360억6100만달러로 1년 전 대비 5.3% 증가했다.,국내공식통계,N,무역,수출 증감률,"수출, 반도체, 자동차, 유럽연합, 대만, 중국, 베트남",-,-,-,-,-,-,-,202506,-,M,확정,46.3%,KOSIS_VALUE,hcx,대만 수출 증감률,대만,-,-,hcx,증감률,46.3,-,-,N,%,증감률,증가,전년동월,"유럽연합과 대만 수출도 각각 23.5%, 46.3% 늘었고, 중국과 베트남은 수출이 1%, 4.3% 줄었다.",high,Y,measurement_period_ungrounded:4,N,0,0,HCX-007,v1.5-measurement-binding,2026-07-27
A2254-C007,A2254-C007-m3,A2254,6월 1~20일 수출 8.3% 증가... 반도체 21.8%↑ 車 9.2%↑,2025-06-23,https://www.chosun.com/economy/economy_general/2025/06/23/VRSULF3KLRDCXJYUXRMNW45AIY,"유럽연합과 대만 수출도 각각 23.5%, 46.3% 늘었고, 중국과 베트남은 수출이 1%, 4.3% 줄었다.",관세청 관계자는 “반도체 단가 상승 등 영향으로 반도체 수출이 큰 폭으로 늘었고 승용차도 유럽을 중심으로 늘었다”라며 “반도체는 아직 미국 관세 부과가 본격화하지 않아 증가세가 이어지는 것으로 보인다”라고 말했다.,이 기간 수입액은 360억6100만달러로 1년 전 대비 5.3% 증가했다.,국내공식통계,N,무역,수출 증감률,"수출, 반도체, 자동차, 유럽연합, 대만, 중국, 베트남",-,-,-,-,-,-,-,202506,-,M,확정,1%,KOSIS_VALUE,hcx,중국 수출 증감률,중국,-,-,hcx,증감률,1,-,-,N,%,증감률,증가,전년동월,"유럽연합과 대만 수출도 각각 23.5%, 46.3% 늘었고, 중국과 베트남은 수출이 1%, 4.3% 줄었다.",high,Y,measurement_period_ungrounded:4,N,0,0,HCX-007,v1.5-measurement-binding,2026-07-27
A2254-C007,A2254-C007-m4,A2254,6월 1~20일 수출 8.3% 증가... 반도체 21.8%↑ 車 9.2%↑,2025-06-23,https://www.chosun.com/economy/economy_general/2025/06/23/VRSULF3KLRDCXJYUXRMNW45AIY,"유럽연합과 대만 수출도 각각 23.5%, 46.3% 늘었고, 중국과 베트남은 수출이 1%, 4.3% 줄었다.",관세청 관계자는 “반도체 단가 상승 등 영향으로 반도체 수출이 큰 폭으로 늘었고 승용차도 유럽을 중심으로 늘었다”라며 “반도체는 아직 미국 관세 부과가 본격화하지 않아 증가세가 이어지는 것으로 보인다”라고 말했다.,이 기간 수입액은 360억6100만달러로 1년 전 대비 5.3% 증가했다.,국내공식통계,N,무역,수출 증감률,"수출, 반도체, 자동차, 유럽연합, 대만, 중국, 베트남",-,-,-,-,-,-,-,202506,-,M,확정,4.3%,KOSIS_VALUE,hcx,베트남 수출 증감률,베트남,-,-,hcx,증감률,4.3,-,-,N,%,증감률,증가,전년동월,"유럽연합과 대만 수출도 각각 23.5%, 46.3% 늘었고, 중국과 베트남은 수출이 1%, 4.3% 줄었다.",high,Y,measurement_period_ungrounded:4,N,0,0,HCX-007,v1.5-measurement-binding,2026-07-27
A2649-C002,-,A2649,"신생기업수 7년 만에 최저, 기업 신생률은 역대 최저..창업 생태계 활력 크게 둔화",2025-10-23,https://www.chosun.com/economy/economy_general/2025/10/23/KQLGD54VJNALZLYY36C2SH5AAU/,신생기업 수를 활동기업 수로 나눈 신생률도 역대 최저치를 기록했다.,지난해 국내 신생기업 수가 7년 만에 최저치를 기록하며 창업 생태계의 활력이 크게 떨어지고 있는 것으로 나타났다.,반면 소멸기업 수는 역대 최다를 기록해 기업 생태계의 구조적 위축이 뚜렷해졌다는 평가가 나온다.,국내공식통계,Y,생산·산업,신생기업수 및 신생률,"신생기업수, 신생률, 창업 생태계",-,-,-,-,-,-,-,2025,-,Y,확정,-,-,-,-,-,-,-,-,-,-,-,-,-,-,-,-,-,신생기업 수를 활동기업 수로 나눈 신생률도 역대 최저치를 기록했다.,mid,Y,-,Y,0,0,HCX-007,v1.5-measurement-binding,2026-07-27
A1798-C006,A1798-C006-m1,A1798,[모닝] 브라질에서 터진 조류인플루엔자… 순살 치킨 값 오르나,2025-05-19,https://www.chosun.com/economy/economy_general/2025/05/19/SDVLEHC5O5HQRDA64LNPPHDWVM,"한국농수산식품유통공사(aT) 농식품수출정보에 따르면, 지난해 한국은 전체 닭고기 수입량 24만9751t 중 71.6%가량인 17만8956t을 브라질에서 들여왔다.",이번 조치로 브라질산 닭고기를 주로 쓰는 순살 치킨 값이 타격을 받을 것이란 전망이 나온다.,"국내 치킨 업체들은 뼈가 있는 치킨의 경우 주로 국내산을 쓰지만, 순살 치킨이나 닭강정류는 브라질산 닭고기를 사용하는 경우가 대부분이다.",국내공식통계,N,무역,닭고기 수입량 비중,"한국, 브라질, 닭고기, 수입량, aT, 농식품수출정보",-,-,-,닭고기,-,브라질,한국,2024,-,Y,확정,71.6%가량,KOSIS_VALUE,hcx,닭고기 수입량 비중,닭고기,2024,Y,hcx,현재값,71.6,-,-,Y,%,비중,-,전년,"한국농수산식품유통공사(aT) 농식품수출정보에 따르면, 지난해 한국은 전체 닭고기 수입량 24만9751t 중 71.6%가량인 17만8956t을 브라질에서 들여왔다.",high,N,-,N,0,0,HCX-007,v1.5-measurement-binding,2026-07-27
A0096-C003,A0096-C003-m1,A0096,"작년 3분기 가계 여유자금, 전분기 대비 3.5조원 줄어",2025-01-08,https://www.chosun.com/economy/economy_general/2025/01/08/7BSTYTMU2FBLNCLOUTBUKTCYQY,이는 직전 분기의 41조2000억원보다 3조5000억원가량 줄어든 것이다.,"7일 한국은행이 발표한 자금 순환 통계에 따르면, 작년 3분기 가계 및 비영리단체의 순자금 운용 규모는 37조7000억원으로 집계됐다.","순자금 운용액은 여윳돈을 뜻하는 것으로 예금, 보험, 연금, 펀드, 주식 등으로 굴린 돈을 나타내는 자금 운용액에서 빌린 돈인 자금 조달액을 뺀 값이다.",국내공식통계,Y,재정·조세,순자금 운용액,"가계 여유자금, 전분기 대비, 3.5조원",-,-,-,-,-,-,-,2024Q3,-,Q,확정,41조2000억원,KOSIS_VALUE,hcx,순자금 운용액,-,2024Q2,Q,hcx,이전값,41200000000000,-,-,N,원,수준값,감소,전분기,이는 직전 분기의 41조2000억원보다 3조5000억원가량 줄어든 것이다.,high,N,-,Y,0,0,HCX-007,v1.5-measurement-binding,2026-07-27
A0096-C003,A0096-C003-m2,A0096,"작년 3분기 가계 여유자금, 전분기 대비 3.5조원 줄어",2025-01-08,https://www.chosun.com/economy/economy_general/2025/01/08/7BSTYTMU2FBLNCLOUTBUKTCYQY,이는 직전 분기의 41조2000억원보다 3조5000억원가량 줄어든 것이다.,"7일 한국은행이 발표한 자금 순환 통계에 따르면, 작년 3분기 가계 및 비영리단체의 순자금 운용 규모는 37조7000억원으로 집계됐다.","순자금 운용액은 여윳돈을 뜻하는 것으로 예금, 보험, 연금, 펀드, 주식 등으로 굴린 돈을 나타내는 자금 운용액에서 빌린 돈인 자금 조달액을 뺀 값이다.",국내공식통계,Y,재정·조세,순자금 운용액,"가계 여유자금, 전분기 대비, 3.5조원",-,-,-,-,-,-,-,2024Q3,-,Q,확정,3조5000억원가량,KOSIS_VALUE,hcx,순자금 운용액 감소폭,-,2024Q3,Q,hcx,증감값,3500000000000,-,-,Y,원,증감량,감소,전분기,이는 직전 분기의 41조2000억원보다 3조5000억원가량 줄어든 것이다.,high,N,-,Y,0,0,HCX-007,v1.5-measurement-binding,2026-07-27
A0855-C011,A0855-C011-m1,A0855,1월 경상수지 전년과 비슷한 29.4억달러↑…21개월 연속 흑자,2025-03-07,https://www.chosun.com/economy/economy_general/2025/03/07/NF4SHDL7TBDHVKLE4MDN4DI66M,지역별로는 중국(-14.0%)·EU(-11.6%)·미국(-9.4%)·일본(-7.7%)·동남아(-3.8%) 등 대부분의 수출 상대국에서 줄었다.,"품목으로 보면 통관 기준으로 컴퓨터(14.8%)·반도체(7.2%) 등 정보기술(IT) 품목은 증가세를 이어갔지만, 석유제품(-29.2%)·승용차(-19.2%) 등 비IT 품목의 감소 폭이 커졌다.",수입도 전년보다 6.2% 줄어든 473억1000만달러로 집계됐다.,국내공식통계,Y,무역,경상수지,"경상수지, 수출 상대국, 증감률",-,-,-,-,-,-,-,2025-01,-,M,확정,14.0%,KOSIS_VALUE,hcx,수출,컴퓨터,-,-,hcx,증감률,14,-,-,N,%,증감률,감소,전년,지역별로는 중국(-14.0%)·EU(-11.6%)·미국(-9.4%)·일본(-7.7%)·동남아(-3.8%) 등 대부분의 수출 상대국에서 줄었다.,high,Y,measurement_period_ungrounded:5,N,0,0,HCX-007,v1.5-measurement-binding,2026-07-27
A0855-C011,A0855-C011-m2,A0855,1월 경상수지 전년과 비슷한 29.4억달러↑…21개월 연속 흑자,2025-03-07,https://www.chosun.com/economy/economy_general/2025/03/07/NF4SHDL7TBDHVKLE4MDN4DI66M,지역별로는 중국(-14.0%)·EU(-11.6%)·미국(-9.4%)·일본(-7.7%)·동남아(-3.8%) 등 대부분의 수출 상대국에서 줄었다.,"품목으로 보면 통관 기준으로 컴퓨터(14.8%)·반도체(7.2%) 등 정보기술(IT) 품목은 증가세를 이어갔지만, 석유제품(-29.2%)·승용차(-19.2%) 등 비IT 품목의 감소 폭이 커졌다.",수입도 전년보다 6.2% 줄어든 473억1000만달러로 집계됐다.,국내공식통계,Y,무역,경상수지,"경상수지, 수출 상대국, 증감률",-,-,-,-,-,-,-,2025-01,-,M,확정,11.6%,KOSIS_VALUE,hcx,수출,유럽연합(EU),-,-,hcx,증감률,11.6,-,-,N,%,증감률,감소,전년,지역별로는 중국(-14.0%)·EU(-11.6%)·미국(-9.4%)·일본(-7.7%)·동남아(-3.8%) 등 대부분의 수출 상대국에서 줄었다.,high,Y,measurement_period_ungrounded:5,N,0,0,HCX-007,v1.5-measurement-binding,2026-07-27
A0855-C011,A0855-C011-m3,A0855,1월 경상수지 전년과 비슷한 29.4억달러↑…21개월 연속 흑자,2025-03-07,https://www.chosun.com/economy/economy_general/2025/03/07/NF4SHDL7TBDHVKLE4MDN4DI66M,지역별로는 중국(-14.0%)·EU(-11.6%)·미국(-9.4%)·일본(-7.7%)·동남아(-3.8%) 등 대부분의 수출 상대국에서 줄었다.,"품목으로 보면 통관 기준으로 컴퓨터(14.8%)·반도체(7.2%) 등 정보기술(IT) 품목은 증가세를 이어갔지만, 석유제품(-29.2%)·승용차(-19.2%) 등 비IT 품목의 감소 폭이 커졌다.",수입도 전년보다 6.2% 줄어든 473억1000만달러로 집계됐다.,국내공식통계,Y,무역,경상수지,"경상수지, 수출 상대국, 증감률",-,-,-,-,-,-,-,2025-01,-,M,확정,9.4%,KOSIS_VALUE,hcx,수출,미국,-,-,hcx,증감률,9.4,-,-,N,%,증감률,감소,전년,지역별로는 중국(-14.0%)·EU(-11.6%)·미국(-9.4%)·일본(-7.7%)·동남아(-3.8%) 등 대부분의 수출 상대국에서 줄었다.,high,Y,measurement_period_ungrounded:5,N,0,0,HCX-007,v1.5-measurement-binding,2026-07-27
A0855-C011,A0855-C011-m4,A0855,1월 경상수지 전년과 비슷한 29.4억달러↑…21개월 연속 흑자,2025-03-07,https://www.chosun.com/economy/economy_general/2025/03/07/NF4SHDL7TBDHVKLE4MDN4DI66M,지역별로는 중국(-14.0%)·EU(-11.6%)·미국(-9.4%)·일본(-7.7%)·동남아(-3.8%) 등 대부분의 수출 상대국에서 줄었다.,"품목으로 보면 통관 기준으로 컴퓨터(14.8%)·반도체(7.2%) 등 정보기술(IT) 품목은 증가세를 이어갔지만, 석유제품(-29.2%)·승용차(-19.2%) 등 비IT 품목의 감소 폭이 커졌다.",수입도 전년보다 6.2% 줄어든 473억1000만달러로 집계됐다.,국내공식통계,Y,무역,경상수지,"경상수지, 수출 상대국, 증감률",-,-,-,-,-,-,-,2025-01,-,M,확정,7.7%,KOSIS_VALUE,hcx,수출,일본,-,-,hcx,증감률,7.7,-,-,N,%,증감률,감소,전년,지역별로는 중국(-14.0%)·EU(-11.6%)·미국(-9.4%)·일본(-7.7%)·동남아(-3.8%) 등 대부분의 수출 상대국에서 줄었다.,high,Y,measurement_period_ungrounded:5,N,0,0,HCX-007,v1.5-measurement-binding,2026-07-27
A0855-C011,A0855-C011-m5,A0855,1월 경상수지 전년과 비슷한 29.4억달러↑…21개월 연속 흑자,2025-03-07,https://www.chosun.com/economy/economy_general/2025/03/07/NF4SHDL7TBDHVKLE4MDN4DI66M,지역별로는 중국(-14.0%)·EU(-11.6%)·미국(-9.4%)·일본(-7.7%)·동남아(-3.8%) 등 대부분의 수출 상대국에서 줄었다.,"품목으로 보면 통관 기준으로 컴퓨터(14.8%)·반도체(7.2%) 등 정보기술(IT) 품목은 증가세를 이어갔지만, 석유제품(-29.2%)·승용차(-19.2%) 등 비IT 품목의 감소 폭이 커졌다.",수입도 전년보다 6.2% 줄어든 473억1000만달러로 집계됐다.,국내공식통계,Y,무역,경상수지,"경상수지, 수출 상대국, 증감률",-,-,-,-,-,-,-,2025-01,-,M,확정,3.8%,KOSIS_VALUE,hcx,수출,동남아시아,-,-,hcx,증감률,3.8,-,-,N,%,증감률,감소,전년,지역별로는 중국(-14.0%)·EU(-11.6%)·미국(-9.4%)·일본(-7.7%)·동남아(-3.8%) 등 대부분의 수출 상대국에서 줄었다.,high,Y,measurement_period_ungrounded:5,N,0,0,HCX-007,v1.5-measurement-binding,2026-07-27
A1123-C005,A1123-C005-m1,A1123,"女 대졸 이상 비율, 80년대생부터 男 앞서",2025-03-28,https://www.chosun.com/economy/economy_general/2025/03/28/FV56ZTW6QJB45D7N322ZPHFHYU,1975~1976년생도 남성의 고학력 비율(62.9%)이 여성(60.2%)보다 높다.,"보고서에 따르면, 1970~1974년생 남성의 고학력자 비율은 53.5%로 여성(45.8%)보다 7.7%포인트 높았다.",반면 1980~1984년생부터는 여성의 고학력자 비율이 72.1%로 남성(69.4%)을 2.7%포인트 앞섰다.,국내공식통계,N,인구,고학력자 비율,"여성, 남성, 대졸 이상, 비율, 1975~1976년생, 1980~1984년생",-,1975~1976년생; 1980~1984년생,전체,-,-,-,-,2025,-,Y,확정,62.9%,KOSIS_VALUE,hcx,남성 고학력자 비율,1975~1976년생,1976,Y,hcx,현재값,62.9,-,-,N,%,비중,유지,전년,1975~1976년생도 남성의 고학력 비율(62.9%)이 여성(60.2%)보다 높다.,high,Y,measurement_period_ungrounded:1,N,0,0,HCX-007,v1.5-measurement-binding,2026-07-27
A1123-C005,A1123-C005-m2,A1123,"女 대졸 이상 비율, 80년대생부터 男 앞서",2025-03-28,https://www.chosun.com/economy/economy_general/2025/03/28/FV56ZTW6QJB45D7N322ZPHFHYU,1975~1976년생도 남성의 고학력 비율(62.9%)이 여성(60.2%)보다 높다.,"보고서에 따르면, 1970~1974년생 남성의 고학력자 비율은 53.5%로 여성(45.8%)보다 7.7%포인트 높았다.",반면 1980~1984년생부터는 여성의 고학력자 비율이 72.1%로 남성(69.4%)을 2.7%포인트 앞섰다.,국내공식통계,N,인구,고학력자 비율,"여성, 남성, 대졸 이상, 비율, 1975~1976년생, 1980~1984년생",-,1975~1976년생; 1980~1984년생,전체,-,-,-,-,2025,-,Y,확정,60.2%,KOSIS_VALUE,hcx,여성 고학력자 비율,1975~1976년생,-,-,hcx,현재값,60.2,-,-,N,%,비중,유지,전년,1975~1976년생도 남성의 고학력 비율(62.9%)이 여성(60.2%)보다 높다.,high,Y,measurement_period_ungrounded:1,N,0,0,HCX-007,v1.5-measurement-binding,2026-07-27
A2056-C007,A2056-C007-m1,A2056,"대한상의 “AI 도입이 기업 매출 4%, 부가가치 7% 높였다”",2025-06-08,https://www.chosun.com/economy/industry-company/2025/06/08/JQLCGNZQWNAYRDLXDNDOJDHC4I,"산업별로는 정보통신업이 26%로 가장 높았지만, 제조업은 4%에 그쳐 산업 간 디지털 격차가 큰 상황이다.",특히 생성형 AI가 등장한 2022년 이후 도입률이 급증하는 추세다.,앞서 새 정부는 ‘AI 세계 3대 강국’ 진입을 목표로 100조원 규모의 투자를 추진하겠다고 밝힌 바 있다.,개별기업,N,소매·소비,AI 도입 비율,"AI 도입, 기업 매출, 부가가치, 산업별, 정보통신업, 제조업",-,-,-,-,-,-,-,2025,-,Y,확정,26%,KOSIS_VALUE,hcx,정보통신업 AI 도입 비율,정보통신업,-,-,hcx,현재값,26,-,-,N,%,비중,-,전년,"산업별로는 정보통신업이 26%로 가장 높았지만, 제조업은 4%에 그쳐 산업 간 디지털 격차가 큰 상황이다.",high,Y,measurement_period_ungrounded:2,N,0,0,HCX-007,v1.5-measurement-binding,2026-07-27
A2056-C007,A2056-C007-m2,A2056,"대한상의 “AI 도입이 기업 매출 4%, 부가가치 7% 높였다”",2025-06-08,https://www.chosun.com/economy/industry-company/2025/06/08/JQLCGNZQWNAYRDLXDNDOJDHC4I,"산업별로는 정보통신업이 26%로 가장 높았지만, 제조업은 4%에 그쳐 산업 간 디지털 격차가 큰 상황이다.",특히 생성형 AI가 등장한 2022년 이후 도입률이 급증하는 추세다.,앞서 새 정부는 ‘AI 세계 3대 강국’ 진입을 목표로 100조원 규모의 투자를 추진하겠다고 밝힌 바 있다.,개별기업,N,소매·소비,AI 도입 비율,"AI 도입, 기업 매출, 부가가치, 산업별, 정보통신업, 제조업",-,-,-,-,-,-,-,2025,-,Y,확정,4%,KOSIS_VALUE,hcx,제조업 AI 도입 비율,제조업,-,-,hcx,현재값,4,-,-,N,%,비중,-,전년,"산업별로는 정보통신업이 26%로 가장 높았지만, 제조업은 4%에 그쳐 산업 간 디지털 격차가 큰 상황이다.",high,Y,measurement_period_ungrounded:2,N,0,0,HCX-007,v1.5-measurement-binding,2026-07-27
A2540-C014,A2540-C014-m1,A2540,"청년 사업자, 1분기 역대 최대 폭 줄어",2025-07-15,https://www.chosun.com/economy/economy_general/2025/07/15/DTJQOLRIERCX3NWU7O572LD5IE,건설 경기 부진으로 1분기 건설업 분야 청년 사업자(1만4472명)도 1년 전에 비해 247명 줄었다.,"청년 창업자는 음식점과 카페 등 포화 상태 업종에 뛰어드는 경우가 많은데, 경기 부진 장기화로 이 분야 사업을 접거나 하던 사업을 포기하는 경우가 늘어났다는 분석이 나온다.","청년 고용 부진이 1년 넘게 이어지는 가운데, 청년 사업자마저 줄면서 청년 고용난을 둘러싼 우려가 커지고 있다.",국내공식통계,Y,고용,청년 사업자 수,"청년, 사업자, 1분기, 건설업",-,청년,-,건설업,-,-,-,2025Q1,-,Q,확정,1만4472명,KOSIS_VALUE,hcx,청년 사업자 수,건설업,-,-,hcx,현재값,14472,-,-,N,명,수준값,감소,전년동기,건설 경기 부진으로 1분기 건설업 분야 청년 사업자(1만4472명)도 1년 전에 비해 247명 줄었다.,high,Y,measurement_binding_fallback:1;measurement_period_ungrounded:3,Y,0,1,HCX-007,v1.5-measurement-binding,2026-07-27
A2540-C014,A2540-C014-m2,A2540,"청년 사업자, 1분기 역대 최대 폭 줄어",2025-07-15,https://www.chosun.com/economy/economy_general/2025/07/15/DTJQOLRIERCX3NWU7O572LD5IE,건설 경기 부진으로 1분기 건설업 분야 청년 사업자(1만4472명)도 1년 전에 비해 247명 줄었다.,"청년 창업자는 음식점과 카페 등 포화 상태 업종에 뛰어드는 경우가 많은데, 경기 부진 장기화로 이 분야 사업을 접거나 하던 사업을 포기하는 경우가 늘어났다는 분석이 나온다.","청년 고용 부진이 1년 넘게 이어지는 가운데, 청년 사업자마저 줄면서 청년 고용난을 둘러싼 우려가 커지고 있다.",국내공식통계,Y,고용,청년 사업자 수,"청년, 사업자, 1분기, 건설업",-,청년,-,건설업,-,-,-,2025Q1,-,Q,확정,247명,KOSIS_VALUE,hcx,청년 사업자 증감,건설업,-,-,hcx,증감값,247,-,-,N,명,증감량,감소,전년동기,건설 경기 부진으로 1분기 건설업 분야 청년 사업자(1만4472명)도 1년 전에 비해 247명 줄었다.,high,Y,measurement_binding_fallback:1;measurement_period_ungrounded:3,Y,0,1,HCX-007,v1.5-measurement-binding,2026-07-27
A2540-C014,A2540-C014-m3,A2540,"청년 사업자, 1분기 역대 최대 폭 줄어",2025-07-15,https://www.chosun.com/economy/economy_general/2025/07/15/DTJQOLRIERCX3NWU7O572LD5IE,건설 경기 부진으로 1분기 건설업 분야 청년 사업자(1만4472명)도 1년 전에 비해 247명 줄었다.,"청년 창업자는 음식점과 카페 등 포화 상태 업종에 뛰어드는 경우가 많은데, 경기 부진 장기화로 이 분야 사업을 접거나 하던 사업을 포기하는 경우가 늘어났다는 분석이 나온다.","청년 고용 부진이 1년 넘게 이어지는 가운데, 청년 사업자마저 줄면서 청년 고용난을 둘러싼 우려가 커지고 있다.",국내공식통계,Y,고용,청년 사업자 수,"청년, 사업자, 1분기, 건설업",-,청년,-,건설업,-,-,-,2025Q1,-,Q,확정,1년,CONTEXT,hcx,경과 시간,건설업,2025Q1,Q,claim_fallback,참고값,1,-,-,N,년,수준값,감소,-,건설 경기 부진으로 1분기 건설업 분야 청년 사업자(1만4472명)도 1년 전에 비해 247명 줄었다.,high,Y,measurement_binding_fallback:1;measurement_period_ungrounded:3,Y,0,1,HCX-007,v1.5-measurement-binding,2026-07-27
A2556-C015,A2556-C015-m1,A2556,제조업 취업자 1년째 내리막에...‘쉬었음’ 20대 5년 만 최대,2025-07-16,https://www.chosun.com/economy/economy_general/2025/07/16/JJGWFZ2EF5BPZPOLN4O4NQHNLU,건설업 취업자는 14개월째 감소세를 이어가고 있다.,지난달 건설업 취업자 수도 196만명으로 전년 동월 대비 9만7000명 감소하며 200만명을 밑돌았다.,"청년층 고용이 활발한 업종인 제조업과 건설업에서 고용 시장이 위축되면서, 청년 취업난은 더욱 커지고 있다.",국내공식통계,N,고용,건설업 취업자 수,"취업자, 건설업, 고용 시장",-,-,-,건설업,-,-,-,2025-06,-,M,확정,14개월,CONTEXT,hcx,건설업 취업자 감소 기간,건설업,2025-06,M,claim_fallback,참고값,14,-,-,N,개월,수준값,감소,-,건설업 취업자는 14개월째 감소세를 이어가고 있다.,high,Y,measurement_binding_fallback:1,N,0,1,HCX-007,v1.5-measurement-binding,2026-07-27
A2006-C017,A2006-C017-m1,A2006,수백억에 따낸 공항 지점·군인카드… ‘승자의 저주’ 되나,2025-06-04,https://www.chosun.com/economy/economy_general/2025/06/04/TPMLEF34QRF33NI6RFCDUCXX2I,"한 시중은행 관계자는 “환전객이 작년보다 20~25%는 줄어들면서, 일부 은행은 연간 500억원이 넘는 적자를 기록하는 것으로 추정된다”고 말했다.",연간 수백억 원씩 주기로 하고 사업권을 딴 은행들로서는 난감해진 것이다.,◇20% 할인 나라사랑카드는 어떻게 되나 금융권에서는 군인 체크카드로 불리는 ‘나라사랑카드’를 놓고도 비슷한 현상이 나타날 수 있다는 얘기도 나온다.,개별기업,N,금융·금리,적자,"은행, 적자, 환전객, 나라사랑카드",-,-,-,은행,-,-,-,2025,-,Y,확정,20%,KOSIS_VALUE,hcx,환전객 감소 비율,은행,-,-,hcx,현재값,20,-,-,N,%,비중,감소,전년,"""환전객이 작년보다 20~25%는 줄어들면서, 일부 은행은 연간 500억원이 넘는 적자를 기록하는 것으로 추정된다""고 말했다.",mid,Y,measurement_period_ungrounded:3,N,0,0,HCX-007,v1.5-measurement-binding,2026-07-27
A2006-C017,A2006-C017-m2,A2006,수백억에 따낸 공항 지점·군인카드… ‘승자의 저주’ 되나,2025-06-04,https://www.chosun.com/economy/economy_general/2025/06/04/TPMLEF34QRF33NI6RFCDUCXX2I,"한 시중은행 관계자는 “환전객이 작년보다 20~25%는 줄어들면서, 일부 은행은 연간 500억원이 넘는 적자를 기록하는 것으로 추정된다”고 말했다.",연간 수백억 원씩 주기로 하고 사업권을 딴 은행들로서는 난감해진 것이다.,◇20% 할인 나라사랑카드는 어떻게 되나 금융권에서는 군인 체크카드로 불리는 ‘나라사랑카드’를 놓고도 비슷한 현상이 나타날 수 있다는 얘기도 나온다.,개별기업,N,금융·금리,적자,"은행, 적자, 환전객, 나라사랑카드",-,-,-,은행,-,-,-,2025,-,Y,확정,25%,KOSIS_VALUE,hcx,환전객 감소 비율,은행,-,-,hcx,현재값,25,-,-,N,%,비중,감소,전년,"""환전객이 작년보다 20~25%는 줄어들면서, 일부 은행은 연간 500억원이 넘는 적자를 기록하는 것으로 추정된다""고 말했다.",mid,Y,measurement_period_ungrounded:3,N,0,0,HCX-007,v1.5-measurement-binding,2026-07-27
A2006-C017,A2006-C017-m3,A2006,수백억에 따낸 공항 지점·군인카드… ‘승자의 저주’ 되나,2025-06-04,https://www.chosun.com/economy/economy_general/2025/06/04/TPMLEF34QRF33NI6RFCDUCXX2I,"한 시중은행 관계자는 “환전객이 작년보다 20~25%는 줄어들면서, 일부 은행은 연간 500억원이 넘는 적자를 기록하는 것으로 추정된다”고 말했다.",연간 수백억 원씩 주기로 하고 사업권을 딴 은행들로서는 난감해진 것이다.,◇20% 할인 나라사랑카드는 어떻게 되나 금융권에서는 군인 체크카드로 불리는 ‘나라사랑카드’를 놓고도 비슷한 현상이 나타날 수 있다는 얘기도 나온다.,개별기업,N,금융·금리,적자,"은행, 적자, 환전객, 나라사랑카드",-,-,-,은행,-,-,-,2025,-,Y,확정,500억원,KOSIS_VALUE,hcx,적자,은행,-,-,hcx,현재값,50000000000,-,-,N,원,수준값,감소,전년,"""환전객이 작년보다 20~25%는 줄어들면서, 일부 은행은 연간 500억원이 넘는 적자를 기록하는 것으로 추정된다""고 말했다.",mid,Y,measurement_period_ungrounded:3,N,0,0,HCX-007,v1.5-measurement-binding,2026-07-27
A1532-C004,A1532-C004-m1,A1532,놀이공원·카페… T멤버십 혜택 확대,2025-04-28,https://www.chosun.com/economy/industry-company/2025/04/28/G2237VJJLBHG3DQ7LGC4T53IEY,KT는 전년과 같은 79점으로 3위였다.,"LG유플러스는 전년보다 2점 상승한 80점을 기록, 이 부문 조사를 시작한 1998년 이후 처음으로 2위에 올랐다.",SK텔레콤의 28년 연속 1위는 경기가 어려운 가운데 고객에게 실질적인 혜택을 주는 데 주력한 결과로 풀이된다.,개별기업,Y,기타,순위의 변화,"LG유플러스, 2점 상승, 80점, 2위, KT, 79점, 3위, SK텔레콤, 28년 연속 1위",-,-,-,-,-,-,-,2025,-,Y,확정,3위,KOSIS_VALUE,hcx,순위,통신사 평가 순위,-,-,hcx,현재값,3,-,-,N,위,순위,-,전년,KT는 전년과 같은 79점으로 3위였다.,high,Y,measurement_period_ungrounded:1,N,0,0,HCX-007,v1.5-measurement-binding,2026-07-27
A2696-C058,A2696-C058-m1,A2696,5년마다 돌아오는 인구조사... 호구조사 같지만 정책에 쓰인다,2025-11-08,https://www.chosun.com/national/weekend/2025/11/08/ZXTXYIJJFJFLTIJZMLEW4IDNN4/,2005년 조사에서 15세 이상 기혼 여성 중 93%가 ‘추가 자녀 계획이 없다’고 답했다.,약 40년 만에 국가 인구 정책 방향이 정반대로 바뀐 것이다.,1975년 4.2%였던 1인 가구 비율은 2020년 세 집 중 한 집꼴(31.7%)로 크게 늘었다.,국내공식통계,Y,인구,추가 자녀 계획 여부,"인구조사, 추가 자녀 계획",-,15세 이상,여,-,-,-,-,2005,-,Y,확정,93%,KOSIS_VALUE,hcx,추가 자녀 계획 없음 비율,-,2005,Y,hcx,현재값,93,-,-,N,%,비중,-,특정시점,[검증 대상 문장],high,N,-,N,0,0,HCX-007,v1.5-measurement-binding,2026-07-27
A2696-C058,A2696-C058-m2,A2696,5년마다 돌아오는 인구조사... 호구조사 같지만 정책에 쓰인다,2025-11-08,https://www.chosun.com/national/weekend/2025/11/08/ZXTXYIJJFJFLTIJZMLEW4IDNN4/,2005년 조사에서 15세 이상 기혼 여성 중 93%가 ‘추가 자녀 계획이 없다’고 답했다.,약 40년 만에 국가 인구 정책 방향이 정반대로 바뀐 것이다.,1975년 4.2%였던 1인 가구 비율은 2020년 세 집 중 한 집꼴(31.7%)로 크게 늘었다.,국내공식통계,Y,인구,추가 자녀 계획 여부,"인구조사, 추가 자녀 계획",-,15세 이상,여,-,-,-,-,2005,-,Y,확정,15세,CONDITION,hcx,연령 기준,-,2005,Y,hcx,참고값,15,-,-,N,세,수준값,-,특정시점,[검증 대상 문장],high,N,-,N,0,0,HCX-007,v1.5-measurement-binding,2026-07-27
A1730-C009,A1730-C009-m1,A1730,주담대 연체율도 두 달 연속 최고치,2025-05-14,https://www.chosun.com/economy/economy_general/2025/05/14/7NSJI2LCGFEVLORPOGD5NAGVJU,"이자 비용이 전년 대비 1.2% 늘어난 10만8000원으로 4개 분기 만에 증가해 10만원을 넘겼고, 부동산 구입에 따른 취득·등록세가 늘면서 비경상조세(5만5000원)가 5배 가까이 증가한 점도 원인이 됐다.",실제 통계청에 따르면 중산층으로 분류되는 소득 상위 40~60% 가구의 여윳돈은 작년 4분기(10~12월)에 65만8000원으로 3개 분기 연속 줄며 2019년 4분기(65만3000원) 이후 최저치를 기록했다.,국제금융협회(IIF)의 세계 부채 보고서에 따르면 작년 말 기준 한국의 GDP 대비 가계 부채 비율은 91.7%로 38국 중 캐나다(100.6%)에 이어 2위를 기록했다.,국내공식통계,N,소득·임금,이자 비용,"중산층, 소득 상위 40~60%, 여윳돈, 이자 비용, 비경상조세",-,-,-,-,중산층으로 분류되는 소득 상위 40~60%,-,-,2024Q4,-,Q,확정,1.2%,KOSIS_VALUE,hcx,이자 비용 증감률,-,2024Q4,Q,hcx,증감률,1.2,-,-,N,%,증감률,증가,전분기,"이자 비용이 전년 대비 1.2% 늘어난 10만8000원으로 4개 분기 만에 증가해 10만원을 넘겼고, 부동산 구입에 따른 취득·등록세가 늘면서 비경상조세(5만5000원)가 5배 가까이 증가한 점도 원인이 됐다.",high,N,-,Y,0,0,HCX-007,v1.5-measurement-binding,2026-07-27
A1730-C009,A1730-C009-m2,A1730,주담대 연체율도 두 달 연속 최고치,2025-05-14,https://www.chosun.com/economy/economy_general/2025/05/14/7NSJI2LCGFEVLORPOGD5NAGVJU,"이자 비용이 전년 대비 1.2% 늘어난 10만8000원으로 4개 분기 만에 증가해 10만원을 넘겼고, 부동산 구입에 따른 취득·등록세가 늘면서 비경상조세(5만5000원)가 5배 가까이 증가한 점도 원인이 됐다.",실제 통계청에 따르면 중산층으로 분류되는 소득 상위 40~60% 가구의 여윳돈은 작년 4분기(10~12월)에 65만8000원으로 3개 분기 연속 줄며 2019년 4분기(65만3000원) 이후 최저치를 기록했다.,국제금융협회(IIF)의 세계 부채 보고서에 따르면 작년 말 기준 한국의 GDP 대비 가계 부채 비율은 91.7%로 38국 중 캐나다(100.6%)에 이어 2위를 기록했다.,국내공식통계,N,소득·임금,이자 비용,"중산층, 소득 상위 40~60%, 여윳돈, 이자 비용, 비경상조세",-,-,-,-,중산층으로 분류되는 소득 상위 40~60%,-,-,2024Q4,-,Q,확정,10만8000원,KOSIS_VALUE,hcx,이자 비용,-,2024Q4,Q,hcx,현재값,108000,-,-,N,원,수준값,증가,전분기,"이자 비용이 전년 대비 1.2% 늘어난 10만8000원으로 4개 분기 만에 증가해 10만원을 넘겼고, 부동산 구입에 따른 취득·등록세가 늘면서 비경상조세(5만5000원)가 5배 가까이 증가한 점도 원인이 됐다.",high,N,-,Y,0,0,HCX-007,v1.5-measurement-binding,2026-07-27
A1730-C009,A1730-C009-m3,A1730,주담대 연체율도 두 달 연속 최고치,2025-05-14,https://www.chosun.com/economy/economy_general/2025/05/14/7NSJI2LCGFEVLORPOGD5NAGVJU,"이자 비용이 전년 대비 1.2% 늘어난 10만8000원으로 4개 분기 만에 증가해 10만원을 넘겼고, 부동산 구입에 따른 취득·등록세가 늘면서 비경상조세(5만5000원)가 5배 가까이 증가한 점도 원인이 됐다.",실제 통계청에 따르면 중산층으로 분류되는 소득 상위 40~60% 가구의 여윳돈은 작년 4분기(10~12월)에 65만8000원으로 3개 분기 연속 줄며 2019년 4분기(65만3000원) 이후 최저치를 기록했다.,국제금융협회(IIF)의 세계 부채 보고서에 따르면 작년 말 기준 한국의 GDP 대비 가계 부채 비율은 91.7%로 38국 중 캐나다(100.6%)에 이어 2위를 기록했다.,국내공식통계,N,소득·임금,이자 비용,"중산층, 소득 상위 40~60%, 여윳돈, 이자 비용, 비경상조세",-,-,-,-,중산층으로 분류되는 소득 상위 40~60%,-,-,2024Q4,-,Q,확정,4개,KOSIS_VALUE,hcx,분기,-,2024Q4,Q,hcx,현재값,4,-,-,N,개,수준값,증가,전분기,"이자 비용이 전년 대비 1.2% 늘어난 10만8000원으로 4개 분기 만에 증가해 10만원을 넘겼고, 부동산 구입에 따른 취득·등록세가 늘면서 비경상조세(5만5000원)가 5배 가까이 증가한 점도 원인이 됐다.",high,N,-,Y,0,0,HCX-007,v1.5-measurement-binding,2026-07-27
A1730-C009,A1730-C009-m4,A1730,주담대 연체율도 두 달 연속 최고치,2025-05-14,https://www.chosun.com/economy/economy_general/2025/05/14/7NSJI2LCGFEVLORPOGD5NAGVJU,"이자 비용이 전년 대비 1.2% 늘어난 10만8000원으로 4개 분기 만에 증가해 10만원을 넘겼고, 부동산 구입에 따른 취득·등록세가 늘면서 비경상조세(5만5000원)가 5배 가까이 증가한 점도 원인이 됐다.",실제 통계청에 따르면 중산층으로 분류되는 소득 상위 40~60% 가구의 여윳돈은 작년 4분기(10~12월)에 65만8000원으로 3개 분기 연속 줄며 2019년 4분기(65만3000원) 이후 최저치를 기록했다.,국제금융협회(IIF)의 세계 부채 보고서에 따르면 작년 말 기준 한국의 GDP 대비 가계 부채 비율은 91.7%로 38국 중 캐나다(100.6%)에 이어 2위를 기록했다.,국내공식통계,N,소득·임금,이자 비용,"중산층, 소득 상위 40~60%, 여윳돈, 이자 비용, 비경상조세",-,-,-,-,중산층으로 분류되는 소득 상위 40~60%,-,-,2024Q4,-,Q,확정,10만원,KOSIS_VALUE,hcx,이자 비용,-,2024Q4,Q,hcx,현재값,100000,-,-,N,원,수준값,증가,전분기,"이자 비용이 전년 대비 1.2% 늘어난 10만8000원으로 4개 분기 만에 증가해 10만원을 넘겼고, 부동산 구입에 따른 취득·등록세가 늘면서 비경상조세(5만5000원)가 5배 가까이 증가한 점도 원인이 됐다.",high,N,-,Y,0,0,HCX-007,v1.5-measurement-binding,2026-07-27
A1730-C009,A1730-C009-m5,A1730,주담대 연체율도 두 달 연속 최고치,2025-05-14,https://www.chosun.com/economy/economy_general/2025/05/14/7NSJI2LCGFEVLORPOGD5NAGVJU,"이자 비용이 전년 대비 1.2% 늘어난 10만8000원으로 4개 분기 만에 증가해 10만원을 넘겼고, 부동산 구입에 따른 취득·등록세가 늘면서 비경상조세(5만5000원)가 5배 가까이 증가한 점도 원인이 됐다.",실제 통계청에 따르면 중산층으로 분류되는 소득 상위 40~60% 가구의 여윳돈은 작년 4분기(10~12월)에 65만8000원으로 3개 분기 연속 줄며 2019년 4분기(65만3000원) 이후 최저치를 기록했다.,국제금융협회(IIF)의 세계 부채 보고서에 따르면 작년 말 기준 한국의 GDP 대비 가계 부채 비율은 91.7%로 38국 중 캐나다(100.6%)에 이어 2위를 기록했다.,국내공식통계,N,소득·임금,이자 비용,"중산층, 소득 상위 40~60%, 여윳돈, 이자 비용, 비경상조세",-,-,-,-,중산층으로 분류되는 소득 상위 40~60%,-,-,2024Q4,-,Q,확정,5만5000원,KOSIS_VALUE,hcx,비경상조세,-,2024Q4,Q,hcx,현재값,55000,-,-,N,원,수준값,증가,전분기,"이자 비용이 전년 대비 1.2% 늘어난 10만8000원으로 4개 분기 만에 증가해 10만원을 넘겼고, 부동산 구입에 따른 취득·등록세가 늘면서 비경상조세(5만5000원)가 5배 가까이 증가한 점도 원인이 됐다.",high,N,-,Y,0,0,HCX-007,v1.5-measurement-binding,2026-07-27
A1730-C009,A1730-C009-m6,A1730,주담대 연체율도 두 달 연속 최고치,2025-05-14,https://www.chosun.com/economy/economy_general/2025/05/14/7NSJI2LCGFEVLORPOGD5NAGVJU,"이자 비용이 전년 대비 1.2% 늘어난 10만8000원으로 4개 분기 만에 증가해 10만원을 넘겼고, 부동산 구입에 따른 취득·등록세가 늘면서 비경상조세(5만5000원)가 5배 가까이 증가한 점도 원인이 됐다.",실제 통계청에 따르면 중산층으로 분류되는 소득 상위 40~60% 가구의 여윳돈은 작년 4분기(10~12월)에 65만8000원으로 3개 분기 연속 줄며 2019년 4분기(65만3000원) 이후 최저치를 기록했다.,국제금융협회(IIF)의 세계 부채 보고서에 따르면 작년 말 기준 한국의 GDP 대비 가계 부채 비율은 91.7%로 38국 중 캐나다(100.6%)에 이어 2위를 기록했다.,국내공식통계,N,소득·임금,이자 비용,"중산층, 소득 상위 40~60%, 여윳돈, 이자 비용, 비경상조세",-,-,-,-,중산층으로 분류되는 소득 상위 40~60%,-,-,2024Q4,-,Q,확정,5배,KOSIS_VALUE,hcx,비경상조세 증가 배수,-,2024Q4,Q,hcx,현재값,5,-,-,N,배,수준값,증가,전분기,"이자 비용이 전년 대비 1.2% 늘어난 10만8000원으로 4개 분기 만에 증가해 10만원을 넘겼고, 부동산 구입에 따른 취득·등록세가 늘면서 비경상조세(5만5000원)가 5배 가까이 증가한 점도 원인이 됐다.",high,N,-,Y,0,0,HCX-007,v1.5-measurement-binding,2026-07-27
A0773-C014,A0773-C014-m1,A0773,"한 달 만에 수출 플러스, 무역흑자 전환... ‘수출 효자’ 반도체는 감소세로 부진",2025-03-01,https://www.chosun.com/economy/industry-company/2025/03/01/2HADMQGKKVDHNEH52IQRPDQFLA,지역별로는 대미(對美) 수출이 1% 증가한 99억달러로 1월에 이어 대중 수출을 웃돌았다.,"‘관세 전쟁’의 주요 품목으로 꼽히는 자동차는 하이브리드차 수출이 작년 같은 달보다 74.3% 급증한 13억달러에 이르며 17.8% 증가한 61억달러를 기록, 3개월간 이어진 마이너스 흐름에서 벗어났다.",대중 수출은 1.4% 감소한 95억달러를 나타냈다.,국내공식통계,Y,무역,수출액,"수출, 무역흑자, 반도체, 자동차",-,-,-,-,-,-,-,202503,-,M,확정,1%,KOSIS_VALUE,hcx,수출액,-,-,-,hcx,증감률,1,-,-,N,%,증감률,증가,전월,지역별로는 대미(對美) 수출이 1% 증가한 99억달러로 1월에 이어 대중 수출을 웃돌았다.,high,Y,measurement_period_ungrounded:2,N,0,0,HCX-007,v1.5-measurement-binding,2026-07-27
A0773-C014,A0773-C014-m2,A0773,"한 달 만에 수출 플러스, 무역흑자 전환... ‘수출 효자’ 반도체는 감소세로 부진",2025-03-01,https://www.chosun.com/economy/industry-company/2025/03/01/2HADMQGKKVDHNEH52IQRPDQFLA,지역별로는 대미(對美) 수출이 1% 증가한 99억달러로 1월에 이어 대중 수출을 웃돌았다.,"‘관세 전쟁’의 주요 품목으로 꼽히는 자동차는 하이브리드차 수출이 작년 같은 달보다 74.3% 급증한 13억달러에 이르며 17.8% 증가한 61억달러를 기록, 3개월간 이어진 마이너스 흐름에서 벗어났다.",대중 수출은 1.4% 감소한 95억달러를 나타냈다.,국내공식통계,Y,무역,수출액,"수출, 무역흑자, 반도체, 자동차",-,-,-,-,-,-,-,202503,-,M,확정,99억달러,KOSIS_VALUE,hcx,수출액,-,-,-,hcx,현재값,9900000000,-,-,N,달러,수준값,증가,전월,지역별로는 대미(對美) 수출이 1% 증가한 99억달러로 1월에 이어 대중 수출을 웃돌았다.,high,Y,measurement_period_ungrounded:2,N,0,0,HCX-007,v1.5-measurement-binding,2026-07-27
A2256-C011,A2256-C011-m1,A2256,"기업, 시설 투자보다 월급 주려 대출받는다",2025-06-23,https://www.chosun.com/economy/economy_general/2025/06/23/XMRWOM762JGDHB6OVYHOSUWCE4,대신 운전 자금을 위한 신규 대출 비율은 66%에서 74%로 늘었다.,"그 결과 작년까지만 해도 4대 은행의 기업 신규 대출 중 시설 자금이 차지하는 비율이 34%였는데, 올 들어 그 비율이 26%로 쪼그라들었다.","어쩔 수 없이 계속 들어가야 하는 돈은 빌리고, 당장 급하지 않은 설비 투자를 위한 대출은 줄이는 이른바 ‘불황형 대출’이다.",개별기업,N,금융·금리,대출 비율,"시설 자금, 운전 자금, 대출 비율",-,-,-,-,-,-,-,2025,-,Y,확정,66%,KOSIS_VALUE,hcx,운전 자금 대출 비율,-,2024,Y,hcx,이전값,66,-,-,N,%,수준값,증가,전년,대신 운전 자금을 위한 신규 대출 비율은 66%에서 74%로 늘었다.,high,Y,measurement_period_ungrounded:1,N,0,0,HCX-007,v1.5-measurement-binding,2026-07-27
A2256-C011,A2256-C011-m2,A2256,"기업, 시설 투자보다 월급 주려 대출받는다",2025-06-23,https://www.chosun.com/economy/economy_general/2025/06/23/XMRWOM762JGDHB6OVYHOSUWCE4,대신 운전 자금을 위한 신규 대출 비율은 66%에서 74%로 늘었다.,"그 결과 작년까지만 해도 4대 은행의 기업 신규 대출 중 시설 자금이 차지하는 비율이 34%였는데, 올 들어 그 비율이 26%로 쪼그라들었다.","어쩔 수 없이 계속 들어가야 하는 돈은 빌리고, 당장 급하지 않은 설비 투자를 위한 대출은 줄이는 이른바 ‘불황형 대출’이다.",개별기업,N,금융·금리,대출 비율,"시설 자금, 운전 자금, 대출 비율",-,-,-,-,-,-,-,2025,-,Y,확정,74%,KOSIS_VALUE,hcx,운전 자금 대출 비율,-,-,-,hcx,현재값,74,-,-,N,%,수준값,증가,전년,대신 운전 자금을 위한 신규 대출 비율은 66%에서 74%로 늘었다.,high,Y,measurement_period_ungrounded:1,N,0,0,HCX-007,v1.5-measurement-binding,2026-07-27
A1399-C024,A1399-C024-m1,A1399,"12.2조 추경, 산불·통상 ‘급한불’ 끈다...“민주 증액 요구땐 유연 대응”",2025-04-18,https://www.chosun.com/economy/economy_general/2025/04/18/OWXOIGGFSVHRRNZCVZ4RH4FXYY,정부는 연 매출 3억원 이하 소상공인 311만명에게 전기·수도·가스 등 공과금과 화재보험료를 최대 50만원 지원하고 1년 전보다 카드 소비를 늘린 소비자들에게 최대 30만원을 온누리상품권 형태로 돌려주는 소상공인 지원·내수 진작 방안도 이번 추경에 담았다.,정부 추경안이 국회 문턱을 넘을 경우 예비비가 3조8000억원으로 늘어난다.,이번 추경으로 올해 성장률을 0.1%포인트 끌어올리는 효과가 있다고 정부는 추정했다.,기타,N,재정·조세,추경안 효과,"추경, 소상공인 지원, 내수 진작, 성장률",-,-,-,-,소상공인,-,-,2025,-,Y,확정,3억원,CONDITION,hcx,지원 대상 매출 기준,소상공인,2025,Y,hcx,참고값,300000000,-,-,N,원,수준값,-,-,정부는 연 매출 3억원 이하 소상공인 311만명에게 전기·수도·가스 등 공과금과 화재보험료를 최대 50만원 지원하고 1년 전보다 카드 소비를 늘린 소비자들에게 최대 30만원을 온누리상품권 형태로 돌려주는 소상공인 지원·내수 진작 방안도 이번 추경에 담았다.,high,N,-,N,0,0,HCX-007,v1.5-measurement-binding,2026-07-27
A1399-C024,A1399-C024-m2,A1399,"12.2조 추경, 산불·통상 ‘급한불’ 끈다...“민주 증액 요구땐 유연 대응”",2025-04-18,https://www.chosun.com/economy/economy_general/2025/04/18/OWXOIGGFSVHRRNZCVZ4RH4FXYY,정부는 연 매출 3억원 이하 소상공인 311만명에게 전기·수도·가스 등 공과금과 화재보험료를 최대 50만원 지원하고 1년 전보다 카드 소비를 늘린 소비자들에게 최대 30만원을 온누리상품권 형태로 돌려주는 소상공인 지원·내수 진작 방안도 이번 추경에 담았다.,정부 추경안이 국회 문턱을 넘을 경우 예비비가 3조8000억원으로 늘어난다.,이번 추경으로 올해 성장률을 0.1%포인트 끌어올리는 효과가 있다고 정부는 추정했다.,기타,N,재정·조세,추경안 효과,"추경, 소상공인 지원, 내수 진작, 성장률",-,-,-,-,소상공인,-,-,2025,-,Y,확정,311만명,POLICY_VALUE,hcx,지원 대상 인원,소상공인,2025,Y,hcx,현재값,3110000,-,-,N,명,수준값,-,-,정부는 연 매출 3억원 이하 소상공인 311만명에게 전기·수도·가스 등 공과금과 화재보험료를 최대 50만원 지원하고 1년 전보다 카드 소비를 늘린 소비자들에게 최대 30만원을 온누리상품권 형태로 돌려주는 소상공인 지원·내수 진작 방안도 이번 추경에 담았다.,high,N,-,N,0,0,HCX-007,v1.5-measurement-binding,2026-07-27
A1399-C024,A1399-C024-m3,A1399,"12.2조 추경, 산불·통상 ‘급한불’ 끈다...“민주 증액 요구땐 유연 대응”",2025-04-18,https://www.chosun.com/economy/economy_general/2025/04/18/OWXOIGGFSVHRRNZCVZ4RH4FXYY,정부는 연 매출 3억원 이하 소상공인 311만명에게 전기·수도·가스 등 공과금과 화재보험료를 최대 50만원 지원하고 1년 전보다 카드 소비를 늘린 소비자들에게 최대 30만원을 온누리상품권 형태로 돌려주는 소상공인 지원·내수 진작 방안도 이번 추경에 담았다.,정부 추경안이 국회 문턱을 넘을 경우 예비비가 3조8000억원으로 늘어난다.,이번 추경으로 올해 성장률을 0.1%포인트 끌어올리는 효과가 있다고 정부는 추정했다.,기타,N,재정·조세,추경안 효과,"추경, 소상공인 지원, 내수 진작, 성장률",-,-,-,-,소상공인,-,-,2025,-,Y,확정,50만원,POLICY_VALUE,hcx,최대 지원 금액,전기·수도·가스 등 공과금 및 화재보험료,2025,Y,hcx,목표값,500000,-,-,N,원,수준값,-,-,정부는 연 매출 3억원 이하 소상공인 311만명에게 전기·수도·가스 등 공과금과 화재보험료를 최대 50만원 지원하고 1년 전보다 카드 소비를 늘린 소비자들에게 최대 30만원을 온누리상품권 형태로 돌려주는 소상공인 지원·내수 진작 방안도 이번 추경에 담았다.,high,N,-,N,0,0,HCX-007,v1.5-measurement-binding,2026-07-27
A1399-C024,A1399-C024-m4,A1399,"12.2조 추경, 산불·통상 ‘급한불’ 끈다...“민주 증액 요구땐 유연 대응”",2025-04-18,https://www.chosun.com/economy/economy_general/2025/04/18/OWXOIGGFSVHRRNZCVZ4RH4FXYY,정부는 연 매출 3억원 이하 소상공인 311만명에게 전기·수도·가스 등 공과금과 화재보험료를 최대 50만원 지원하고 1년 전보다 카드 소비를 늘린 소비자들에게 최대 30만원을 온누리상품권 형태로 돌려주는 소상공인 지원·내수 진작 방안도 이번 추경에 담았다.,정부 추경안이 국회 문턱을 넘을 경우 예비비가 3조8000억원으로 늘어난다.,이번 추경으로 올해 성장률을 0.1%포인트 끌어올리는 효과가 있다고 정부는 추정했다.,기타,N,재정·조세,추경안 효과,"추경, 소상공인 지원, 내수 진작, 성장률",-,-,-,-,소상공인,-,-,2025,-,Y,확정,1년,CONTEXT,hcx,카드 소비 증가 기간,소비자,2025,Y,hcx,참고값,1,-,-,N,년,수준값,-,-,정부는 연 매출 3억원 이하 소상공인 311만명에게 전기·수도·가스 등 공과금과 화재보험료를 최대 50만원 지원하고 1년 전보다 카드 소비를 늘린 소비자들에게 최대 30만원을 온누리상품권 형태로 돌려주는 소상공인 지원·내수 진작 방안도 이번 추경에 담았다.,high,N,-,N,0,0,HCX-007,v1.5-measurement-binding,2026-07-27
A1399-C024,A1399-C024-m5,A1399,"12.2조 추경, 산불·통상 ‘급한불’ 끈다...“민주 증액 요구땐 유연 대응”",2025-04-18,https://www.chosun.com/economy/economy_general/2025/04/18/OWXOIGGFSVHRRNZCVZ4RH4FXYY,정부는 연 매출 3억원 이하 소상공인 311만명에게 전기·수도·가스 등 공과금과 화재보험료를 최대 50만원 지원하고 1년 전보다 카드 소비를 늘린 소비자들에게 최대 30만원을 온누리상품권 형태로 돌려주는 소상공인 지원·내수 진작 방안도 이번 추경에 담았다.,정부 추경안이 국회 문턱을 넘을 경우 예비비가 3조8000억원으로 늘어난다.,이번 추경으로 올해 성장률을 0.1%포인트 끌어올리는 효과가 있다고 정부는 추정했다.,기타,N,재정·조세,추경안 효과,"추경, 소상공인 지원, 내수 진작, 성장률",-,-,-,-,소상공인,-,-,2025,-,Y,확정,30만원,POLICY_VALUE,hcx,최대 환급 금액,온누리상품권,2025,Y,hcx,목표값,300000,-,-,N,원,수준값,-,-,정부는 연 매출 3억원 이하 소상공인 311만명에게 전기·수도·가스 등 공과금과 화재보험료를 최대 50만원 지원하고 1년 전보다 카드 소비를 늘린 소비자들에게 최대 30만원을 온누리상품권 형태로 돌려주는 소상공인 지원·내수 진작 방안도 이번 추경에 담았다.,high,N,-,N,0,0,HCX-007,v1.5-measurement-binding,2026-07-27
A0850-C005,A0850-C005-m1,A0850,"“남은 회사 받았다”던 한진 막내, 이재용 제치고 주식 부자 1위",2025-03-07,https://www.chosun.com/economy/economy_general/2025/03/07/DNFDKJFRZNFQHGEENSIZTKOU3Q,최근 1년 사이에 메리츠는 주가가 60% 급등하며 조 회장의 자산을 불렸다.,조 회장은 메리츠금융의 지분 51.25%를 보유하고 있다.,반면 이재용 삼성전자 회장이 보유하고 있는 삼성전자와 삼성물산 주가가 지난 1년 동안 25% 정도씩 하락한 것이 순위 바뀜의 결정타였다.,개별기업,N,금융·금리,주가 상승률,"메리츠, 주가, 상승률, 자산, 이재용, 삼성전자, 삼성물산",-,-,-,-,-,-,-,2025-01-07/2025-03-07,2025-03-07,M,확정,60%,KOSIS_VALUE,hcx,주가 상승률,메리츠,-,-,hcx,현재값,60,-,-,N,%,증감률,증가,전년,최근 1년 사이에 메리츠는 주가가 60% 급등하며 조 회장의 자산을 불렸다.,high,Y,measurement_binding_fallback:1;measurement_period_ungrounded:1,N,0,1,HCX-007,v1.5-measurement-binding,2026-07-27
A0850-C005,A0850-C005-m2,A0850,"“남은 회사 받았다”던 한진 막내, 이재용 제치고 주식 부자 1위",2025-03-07,https://www.chosun.com/economy/economy_general/2025/03/07/DNFDKJFRZNFQHGEENSIZTKOU3Q,최근 1년 사이에 메리츠는 주가가 60% 급등하며 조 회장의 자산을 불렸다.,조 회장은 메리츠금융의 지분 51.25%를 보유하고 있다.,반면 이재용 삼성전자 회장이 보유하고 있는 삼성전자와 삼성물산 주가가 지난 1년 동안 25% 정도씩 하락한 것이 순위 바뀜의 결정타였다.,개별기업,N,금융·금리,주가 상승률,"메리츠, 주가, 상승률, 자산, 이재용, 삼성전자, 삼성물산",-,-,-,-,-,-,-,2025-01-07/2025-03-07,2025-03-07,M,확정,1년,CONTEXT,hcx,기간,-,2025-01-07/2025-03-07,M,claim_fallback,참고값,1,-,-,N,년,수준값,-,-,최근 1년 사이에 메리츠는 주가가 60% 급등하며 조 회장의 자산을 불렸다.,high,Y,measurement_binding_fallback:1;measurement_period_ungrounded:1,N,0,1,HCX-007,v1.5-measurement-binding,2026-07-27
A2342-C005,-,A2342,’국민 횟감‘ 광어‧우럭 값 껑충…원인은 양식장 ’초유의 상황',2025-06-30,https://www.chosun.com/economy/economy_general/2025/06/30/BV6OPN2TWZDM5MJBR4UUVW7PEQ,광어도 마찬가지다.,작년 폭염이 절정에 달하던 7월(1만3250원)과 8월(1만3813원)보다도 높은 가격이다.,"지난 5월 광어 도매 가격은 ㎏당 1만9500원으로, 전년 동기(1만7513원) 대비 11.3% 올랐다.",국내공식통계,N,소매·소비,광어 도매 가격,"광어, 우럭, 도매 가격, 양식장",-,-,-,-,-,-,-,2025-05,-,M,확정,-,-,-,-,-,-,-,-,-,-,-,-,-,-,-,-,-,"지난 5월 광어 도매 가격은 ㎏당 1만9500원으로, 전년 동기(1만7513원) 대비 11.3% 올랐다.",high,N,-,N,0,0,HCX-007,v1.5-measurement-binding,2026-07-27
A2049-C009,A2049-C009-m1,A2049,美 무역 적자 급감… 19개월 만에 최저,2025-06-07,https://www.chosun.com/economy/industry-company/2025/06/07/PIJYQPGKPZGLLDCM34LPRQ6WJM,캐나다는 자동차 수출이 23% 급감하며 4월 무역 적자가 역대 월간 최대인 71억캐나다달러(약 7조500억원)를 기록했다.,트럼프 대통령 취임 초부터 관세를 두고 미국과 갈등을 빚는 캐나다는 사상 최대 규모의 적자를 냈다.,3월 적자(23억캐나다달러)의 3배를 웃도는 수준이다.,해외통계·정책,N,무역,무역 적자,"미국, 캐나다, 무역 적자, 자동차 수출",-,-,-,자동차,-,캐나다,미국,2025-04,-,M,확정,23%,KOSIS_VALUE,hcx,자동차 수출 감소율,자동차,-,-,hcx,현재값,23,-,-,N,%,비중,감소,전월,캐나다는 자동차 수출이 23% 급감하며 4월 무역 적자가 역대 월간 최대인 71억캐나다달러(약 7조500억원)를 기록했다.,high,Y,measurement_period_ungrounded:3,Y,0,0,HCX-007,v1.5-measurement-binding,2026-07-27
A2049-C009,A2049-C009-m2,A2049,美 무역 적자 급감… 19개월 만에 최저,2025-06-07,https://www.chosun.com/economy/industry-company/2025/06/07/PIJYQPGKPZGLLDCM34LPRQ6WJM,캐나다는 자동차 수출이 23% 급감하며 4월 무역 적자가 역대 월간 최대인 71억캐나다달러(약 7조500억원)를 기록했다.,트럼프 대통령 취임 초부터 관세를 두고 미국과 갈등을 빚는 캐나다는 사상 최대 규모의 적자를 냈다.,3월 적자(23억캐나다달러)의 3배를 웃도는 수준이다.,해외통계·정책,N,무역,무역 적자,"미국, 캐나다, 무역 적자, 자동차 수출",-,-,-,자동차,-,캐나다,미국,2025-04,-,M,확정,71억캐나다달러,KOSIS_VALUE,hcx,무역 적자,자동차,-,-,hcx,현재값,710000000000,-,-,N,캐나다달러,수준값,유지,전월,캐나다는 자동차 수출이 23% 급감하며 4월 무역 적자가 역대 월간 최대인 71억캐나다달러(약 7조500억원)를 기록했다.,high,Y,measurement_period_ungrounded:3,Y,0,0,HCX-007,v1.5-measurement-binding,2026-07-27
A2049-C009,A2049-C009-m3,A2049,美 무역 적자 급감… 19개월 만에 최저,2025-06-07,https://www.chosun.com/economy/industry-company/2025/06/07/PIJYQPGKPZGLLDCM34LPRQ6WJM,캐나다는 자동차 수출이 23% 급감하며 4월 무역 적자가 역대 월간 최대인 71억캐나다달러(약 7조500억원)를 기록했다.,트럼프 대통령 취임 초부터 관세를 두고 미국과 갈등을 빚는 캐나다는 사상 최대 규모의 적자를 냈다.,3월 적자(23억캐나다달러)의 3배를 웃도는 수준이다.,해외통계·정책,N,무역,무역 적자,"미국, 캐나다, 무역 적자, 자동차 수출",-,-,-,자동차,-,캐나다,미국,2025-04,-,M,확정,7조500억원,KOSIS_VALUE,hcx,무역 적자,자동차,-,-,hcx,참고값,7050000000000,-,-,Y,원,수준값,유지,전월,캐나다는 자동차 수출이 23% 급감하며 4월 무역 적자가 역대 월간 최대인 71억캐나다달러(약 7조500억원)를 기록했다.,high,Y,measurement_period_ungrounded:3,Y,0,0,HCX-007,v1.5-measurement-binding,2026-07-27
A2162-C022,-,A2162,[단독] 민생 회복 지원금 최대 40만원... 고소득층은 제외 검토,2025-06-16,https://www.chosun.com/economy/economy_general/2025/06/16/J34ULE26JFBQHODS2RPPNIKRBU,2023년과 작년에 이어 올해도 당초 계획한 국세보다 적은 세금이 걷히는 세수 결손이 발생할 수 있다는 우려 때문이다.,정부는 또 2차 추경안을 발표하면서 당초 382조4000억원으로 추산했던 올해 국세 수입 전망치를 낮추는 ‘세입 경정’을 병행할 계획이다.,세입 경정 추경은 코로나 대유행 당시인 2020년 7월 이후 5년 만이다.,기타,N,재정·조세,세수 결손,-,-,-,-,-,-,-,-,2025,-,-,모호,-,-,-,-,-,-,-,-,-,-,-,-,-,-,-,-,-,2023년과 작년에 이어 올해도 당초 계획한 국세보다 적은 세금이 걷히는 세수 결손이 발생할 수 있다는 우려 때문이다.,low,Y,-,N,0,0,HCX-007,v1.5-measurement-binding,2026-07-27
A1032-C018,A1032-C018-m1,A1032,파월 “불확실성 커져”… 美 성장률 1%대로 확 낮춰,2025-03-21,https://www.chosun.com/economy/economy_general/2025/03/21/4VPXUU6KNJDARE4AUFBPMVSJZY,1970년대식 스태그플레이션 가능성에 대한 질문에 “현재 우리는 실업률이 완전고용에 근접한 4.1%를 유지하는 동안에도 인플레이션이 2%에 가깝게 둔화하는 상황에 있다”며 “우리가 (1970년대의) 그런 상황에 직면했다고 보지 않는다”고 했다.,파월은 스태그플레이션 우려에는 선을 그었다.,"◇“관세 인플레이션, 일시적일 수도” 미국 경제 전망을 확 낮추면서도 이날 FOMC는 연내 두 차례 기준 금리를 인하한다는 기존 전망을 유지했다.",해외통계·정책,N,재정·조세,실업률,"미국, FOMC, 금리 인하, 관세 인플레이션",-,-,-,-,-,-,-,2025,-,Y,확정,4.1%,KOSIS_VALUE,hcx,실업률,-,-,-,hcx,현재값,4.1,-,-,N,%,수준값,유지,전년,현재 우리는 실업률이 완전고용에 근접한 4.1%를 유지하는 동안에도 인플레이션이 2%에 가깝게 둔화하는 상황에 있다,high,Y,measurement_period_ungrounded:2,N,0,0,HCX-007,v1.5-measurement-binding,2026-07-27
A1032-C018,A1032-C018-m2,A1032,파월 “불확실성 커져”… 美 성장률 1%대로 확 낮춰,2025-03-21,https://www.chosun.com/economy/economy_general/2025/03/21/4VPXUU6KNJDARE4AUFBPMVSJZY,1970년대식 스태그플레이션 가능성에 대한 질문에 “현재 우리는 실업률이 완전고용에 근접한 4.1%를 유지하는 동안에도 인플레이션이 2%에 가깝게 둔화하는 상황에 있다”며 “우리가 (1970년대의) 그런 상황에 직면했다고 보지 않는다”고 했다.,파월은 스태그플레이션 우려에는 선을 그었다.,"◇“관세 인플레이션, 일시적일 수도” 미국 경제 전망을 확 낮추면서도 이날 FOMC는 연내 두 차례 기준 금리를 인하한다는 기존 전망을 유지했다.",해외통계·정책,N,재정·조세,실업률,"미국, FOMC, 금리 인하, 관세 인플레이션",-,-,-,-,-,-,-,2025,-,Y,확정,2%,KOSIS_VALUE,hcx,인플레이션,-,-,-,hcx,현재값,2,-,-,N,%,수준값,유지,전년,현재 우리는 실업률이 완전고용에 근접한 4.1%를 유지하는 동안에도 인플레이션이 2%에 가깝게 둔화하는 상황에 있다,high,Y,measurement_period_ungrounded:2,N,0,0,HCX-007,v1.5-measurement-binding,2026-07-27
A0888-C014,-,A0888,"1월 제조업 생산, 18개월 만에 최대폭 감소",2025-03-10,https://www.chosun.com/economy/economy_general/2025/03/10/65PWQSE4ORDSLO4NS6PESQ6SXQ,스탠더드앤드푸어스(S&P) 글로벌에 따르면 2월 한국 제조업 PMI는 49.9로 전월(50.3)보다 소폭 하락했다.,제조업 심리 지표로 경기 동향을 보여주는 제조업 구매관리자지수(PMI)도 하락세를 보였다.,-,국내공식통계,Y,생산·산업,제조업 PMI,"PMI, 제조업, 경기 동향",-,-,-,-,-,-,-,202503,-,M,확정,-,-,-,-,-,-,-,-,-,-,-,-,-,-,-,-,-,스탠더드앤드푸어스(S&P) 글로벌에 따르면 2월 한국 제조업 PMI는 49.9로 전월(50.3)보다 소폭 하락했다.,high,N,-,Y,0,0,HCX-007,v1.5-measurement-binding,2026-07-27
A1183-C024,-,A1183,"한은·통계청의 경제 지표 활용, 노후 위한 투자 밑그림 그리세요",2025-04-02,https://www.chosun.com/economy/money/2025/04/02/KL276AIILNHP5L6JJNYFSJU3XE,"‘상승’은 장기 추세를 상회하고, 전월 대비로도 증가해 장단기 모두 좋아지는 국면을 의미한다.","10개 경기 지표에는 소매판매액지수, 수출·수입액, 설비투자지수 등이 포함된다.","‘둔화’는 추세를 상회하지만, 전월 대비로는 감소하는 국면, ‘하강’은 추세도 하회하고 전월 대비로도 감소하는 국면이다.",국내공식통계,Y,기타,경제 지표 상승 여부,-,-,-,-,-,-,-,-,-,-,-,모호,-,-,-,-,-,-,-,-,-,-,-,-,-,-,-,-,-,"'상승'은 장기 추세를 상회하고, 전월 대비로도 증가해 장단기 모두 좋아지는 국면을 의미한다.",low,Y,-,N,0,0,HCX-007,v1.5-measurement-binding,2026-07-27
A2211-C005,A2211-C005-m1,A2211,李 “지금은 돈 쓸때” 추경 20조원 확정,2025-06-20,https://www.chosun.com/economy/economy_general/2025/06/20/26IM5AJ2EFEJPNOJ3YTHFJCT7E,10조3000억원이 투입되는 민생 회복 소비 쿠폰은 15만~42만원의 전 국민 지원금과 소득 하위 90%에 한정한 10만원의 선별 지원금으로 나뉜다.,"20조2000억원은 경기 부양을 위한 전 국민 민생 회복 소비 쿠폰과 지역 화폐 국비 지원액, 위기 소상공인 빚 탕감 예산 등 세출 추경이고, 나머지 10조3000억원은 세수 부족 우려에 따라 세수 목표를 다시 낮춰 잡는 ‘세입 경정’ 추경이다.","내달 중순 차상위계층·한부모가족(38만명 추산)은 30만원, 기초생활수급자(271만명 추산)는 40만원, 나머지 국민들(4296만명 추산)에게는 15만원이 지급된다.",개별기업,N,재정·조세,민생 회복 소비 쿠폰 및 선별 지원금,"추경, 민생 회복 소비 쿠폰, 지역 화폐, 위기 소상공인 빚 탕감, 세입 경정",-,-,-,-,"전 국민, 소득 하위 90%, 차상위계층, 한부모가족, 기초생활수급자",-,-,202506,-,M,확정,10조3000억원,POLICY_VALUE,hcx,세입 경정 추경,-,202506,M,claim_fallback,현재값,10300000000000,-,-,N,원,수준값,-,-,[검증 대상 문장] 10조3000억원이 투입되는 민생 회복 소비 쿠폰은 15만~42만원의 전 국민 지원금과 소득 하위 90%에 한정한 10만원의 선별 지원금으로 나뉜다.,high,Y,measurement_binding_fallback:5;measurement_period_ungrounded:5,N,0,5,HCX-007,v1.5-measurement-binding,2026-07-27
A2211-C005,A2211-C005-m2,A2211,李 “지금은 돈 쓸때” 추경 20조원 확정,2025-06-20,https://www.chosun.com/economy/economy_general/2025/06/20/26IM5AJ2EFEJPNOJ3YTHFJCT7E,10조3000억원이 투입되는 민생 회복 소비 쿠폰은 15만~42만원의 전 국민 지원금과 소득 하위 90%에 한정한 10만원의 선별 지원금으로 나뉜다.,"20조2000억원은 경기 부양을 위한 전 국민 민생 회복 소비 쿠폰과 지역 화폐 국비 지원액, 위기 소상공인 빚 탕감 예산 등 세출 추경이고, 나머지 10조3000억원은 세수 부족 우려에 따라 세수 목표를 다시 낮춰 잡는 ‘세입 경정’ 추경이다.","내달 중순 차상위계층·한부모가족(38만명 추산)은 30만원, 기초생활수급자(271만명 추산)는 40만원, 나머지 국민들(4296만명 추산)에게는 15만원이 지급된다.",개별기업,N,재정·조세,민생 회복 소비 쿠폰 및 선별 지원금,"추경, 민생 회복 소비 쿠폰, 지역 화폐, 위기 소상공인 빚 탕감, 세입 경정",-,-,-,-,"전 국민, 소득 하위 90%, 차상위계층, 한부모가족, 기초생활수급자",-,-,202506,-,M,확정,15만원,POLICY_VALUE,hcx,민생 회복 소비 쿠폰,-,202506,M,claim_fallback,현재값,150000,-,-,N,원,수준값,-,-,[검증 대상 문장] 10조3000억원이 투입되는 민생 회복 소비 쿠폰은 15만~42만원의 전 국민 지원금과 소득 하위 90%에 한정한 10만원의 선별 지원금으로 나뉜다.,high,Y,measurement_binding_fallback:5;measurement_period_ungrounded:5,N,0,5,HCX-007,v1.5-measurement-binding,2026-07-27
A2211-C005,A2211-C005-m3,A2211,李 “지금은 돈 쓸때” 추경 20조원 확정,2025-06-20,https://www.chosun.com/economy/economy_general/2025/06/20/26IM5AJ2EFEJPNOJ3YTHFJCT7E,10조3000억원이 투입되는 민생 회복 소비 쿠폰은 15만~42만원의 전 국민 지원금과 소득 하위 90%에 한정한 10만원의 선별 지원금으로 나뉜다.,"20조2000억원은 경기 부양을 위한 전 국민 민생 회복 소비 쿠폰과 지역 화폐 국비 지원액, 위기 소상공인 빚 탕감 예산 등 세출 추경이고, 나머지 10조3000억원은 세수 부족 우려에 따라 세수 목표를 다시 낮춰 잡는 ‘세입 경정’ 추경이다.","내달 중순 차상위계층·한부모가족(38만명 추산)은 30만원, 기초생활수급자(271만명 추산)는 40만원, 나머지 국민들(4296만명 추산)에게는 15만원이 지급된다.",개별기업,N,재정·조세,민생 회복 소비 쿠폰 및 선별 지원금,"추경, 민생 회복 소비 쿠폰, 지역 화폐, 위기 소상공인 빚 탕감, 세입 경정",-,-,-,-,"전 국민, 소득 하위 90%, 차상위계층, 한부모가족, 기초생활수급자",-,-,202506,-,M,확정,42만원,POLICY_VALUE,hcx,민생 회복 소비 쿠폰,-,202506,M,claim_fallback,현재값,420000,-,-,N,원,수준값,-,-,[검증 대상 문장] 10조3000억원이 투입되는 민생 회복 소비 쿠폰은 15만~42만원의 전 국민 지원금과 소득 하위 90%에 한정한 10만원의 선별 지원금으로 나뉜다.,high,Y,measurement_binding_fallback:5;measurement_period_ungrounded:5,N,0,5,HCX-007,v1.5-measurement-binding,2026-07-27
A2211-C005,A2211-C005-m4,A2211,李 “지금은 돈 쓸때” 추경 20조원 확정,2025-06-20,https://www.chosun.com/economy/economy_general/2025/06/20/26IM5AJ2EFEJPNOJ3YTHFJCT7E,10조3000억원이 투입되는 민생 회복 소비 쿠폰은 15만~42만원의 전 국민 지원금과 소득 하위 90%에 한정한 10만원의 선별 지원금으로 나뉜다.,"20조2000억원은 경기 부양을 위한 전 국민 민생 회복 소비 쿠폰과 지역 화폐 국비 지원액, 위기 소상공인 빚 탕감 예산 등 세출 추경이고, 나머지 10조3000억원은 세수 부족 우려에 따라 세수 목표를 다시 낮춰 잡는 ‘세입 경정’ 추경이다.","내달 중순 차상위계층·한부모가족(38만명 추산)은 30만원, 기초생활수급자(271만명 추산)는 40만원, 나머지 국민들(4296만명 추산)에게는 15만원이 지급된다.",개별기업,N,재정·조세,민생 회복 소비 쿠폰 및 선별 지원금,"추경, 민생 회복 소비 쿠폰, 지역 화폐, 위기 소상공인 빚 탕감, 세입 경정",-,-,-,-,"전 국민, 소득 하위 90%, 차상위계층, 한부모가족, 기초생활수급자",-,-,202506,-,M,확정,90%,POLICY_VALUE,hcx,소득 하위 비율,-,202506,M,claim_fallback,현재값,90,-,-,N,%,비중,-,-,[검증 대상 문장] 10조3000억원이 투입되는 민생 회복 소비 쿠폰은 15만~42만원의 전 국민 지원금과 소득 하위 90%에 한정한 10만원의 선별 지원금으로 나뉜다.,high,Y,measurement_binding_fallback:5;measurement_period_ungrounded:5,N,0,5,HCX-007,v1.5-measurement-binding,2026-07-27
A2211-C005,A2211-C005-m5,A2211,李 “지금은 돈 쓸때” 추경 20조원 확정,2025-06-20,https://www.chosun.com/economy/economy_general/2025/06/20/26IM5AJ2EFEJPNOJ3YTHFJCT7E,10조3000억원이 투입되는 민생 회복 소비 쿠폰은 15만~42만원의 전 국민 지원금과 소득 하위 90%에 한정한 10만원의 선별 지원금으로 나뉜다.,"20조2000억원은 경기 부양을 위한 전 국민 민생 회복 소비 쿠폰과 지역 화폐 국비 지원액, 위기 소상공인 빚 탕감 예산 등 세출 추경이고, 나머지 10조3000억원은 세수 부족 우려에 따라 세수 목표를 다시 낮춰 잡는 ‘세입 경정’ 추경이다.","내달 중순 차상위계층·한부모가족(38만명 추산)은 30만원, 기초생활수급자(271만명 추산)는 40만원, 나머지 국민들(4296만명 추산)에게는 15만원이 지급된다.",개별기업,N,재정·조세,민생 회복 소비 쿠폰 및 선별 지원금,"추경, 민생 회복 소비 쿠폰, 지역 화폐, 위기 소상공인 빚 탕감, 세입 경정",-,-,-,-,"전 국민, 소득 하위 90%, 차상위계층, 한부모가족, 기초생활수급자",-,-,202506,-,M,확정,10만원,POLICY_VALUE,hcx,선별 지원금,-,202506,M,claim_fallback,현재값,100000,-,-,N,원,수준값,-,-,[검증 대상 문장] 10조3000억원이 투입되는 민생 회복 소비 쿠폰은 15만~42만원의 전 국민 지원금과 소득 하위 90%에 한정한 10만원의 선별 지원금으로 나뉜다.,high,Y,measurement_binding_fallback:5;measurement_period_ungrounded:5,N,0,5,HCX-007,v1.5-measurement-binding,2026-07-27
A1297-C018,A1297-C018-m1,A1297,"1분기 주식 재산 증가액, 방시혁·이재용·김승연 順",2025-04-10,https://www.chosun.com/economy/industry-company/2025/04/10/7JISI4IDURCLVKVQPNRQRMTCAU,김승연 한화 회장(2376억원 증가)은 ‘방산(防産)의 힘‘을 톡톡히 봤다.,조 회장은 공정위가 지정하는 대기업 집단의 그룹 총수가 아니어서 이번 조사에선 제외됐다.,"도널드 트럼프 미 대통령 취임 이후 세계 주요국이 방위비를 확대하는 흐름이 본격화하면서, 한화가 글로벌 방산 수혜주로 자리매김한 결과다.",개별기업,N,금융·금리,주식 재산 증가액,"주식, 재산, 증가액, 방시혁, 이재용, 김승연",-,-,-,-,-,-,-,2025Q1,-,Q,확정,2376억원,KOSIS_VALUE,hcx,주식 재산 증가액,-,-,-,hcx,현재값,237600000000,-,-,N,원,수준값,증가,전년동기,김승연 한화 회장(2376억원 증가)은 ‘방산(防産)의 힘‘을 톡톡히 봤다.,high,Y,measurement_period_ungrounded:1,N,0,0,HCX-007,v1.5-measurement-binding,2026-07-27
A1423-C011,A1423-C011-m1,A1423,"금융당국, 홈플러스 사태 이번주 초 검찰 이첩…검찰 수사 본격화",2025-04-20,https://www.chosun.com/economy/money/2025/04/20/3SM6BEWCNVPZZML6E2S5N234S4,"그 중 개인과 일반 법인에 판매된 금액이 각각 1970억원, 3119억원이다.","금융감독원이 국회 정무위원회에 제출한 자료에 따르면, 홈플러스 발행 기업어음(CP)·단기사채·카드 대금채권을 기초로 발행된 유동화증권(ABSTB) 등의 판매액은 지난달 3일 기준 5899억원이었다.",금융당국은 홈플러스 사태와 관련된 자료를 검찰에 넘긴 이후에도 검사와 감리 등으로 MBK파트너스에 압박을 이어갈 것으로 보인다.,국내공식통계,N,금융·금리,판매액,"홈플러스, 유동화증권, ABSTB, 개인, 일반 법인",-,-,-,-,-,-,-,202504,-,M,확정,1970억원,KOSIS_VALUE,hcx,판매액,개인,-,-,hcx,현재값,197000000000,-,-,N,원,수준값,-,전년동기,"그 중 개인과 일반 법인에 판매된 금액이 각각 1970억원, 3119억원이다.",high,Y,measurement_period_ungrounded:2,N,0,0,HCX-007,v1.5-measurement-binding,2026-07-27
A1423-C011,A1423-C011-m2,A1423,"금융당국, 홈플러스 사태 이번주 초 검찰 이첩…검찰 수사 본격화",2025-04-20,https://www.chosun.com/economy/money/2025/04/20/3SM6BEWCNVPZZML6E2S5N234S4,"그 중 개인과 일반 법인에 판매된 금액이 각각 1970억원, 3119억원이다.","금융감독원이 국회 정무위원회에 제출한 자료에 따르면, 홈플러스 발행 기업어음(CP)·단기사채·카드 대금채권을 기초로 발행된 유동화증권(ABSTB) 등의 판매액은 지난달 3일 기준 5899억원이었다.",금융당국은 홈플러스 사태와 관련된 자료를 검찰에 넘긴 이후에도 검사와 감리 등으로 MBK파트너스에 압박을 이어갈 것으로 보인다.,국내공식통계,N,금융·금리,판매액,"홈플러스, 유동화증권, ABSTB, 개인, 일반 법인",-,-,-,-,-,-,-,202504,-,M,확정,3119억원,KOSIS_VALUE,hcx,판매액,일반 법인,-,-,hcx,현재값,311900000000,-,-,N,원,수준값,-,전년동기,"그 중 개인과 일반 법인에 판매된 금액이 각각 1970억원, 3119억원이다.",high,Y,measurement_period_ungrounded:2,N,0,0,HCX-007,v1.5-measurement-binding,2026-07-27
A2460-C023,A2460-C023-m1,A2460,"오늘 한은 금통위, 금리는 ‘동결’ 전망이 대세…다른 체크포인트는?",2025-07-09,https://www.chosun.com/economy/economy_general/2025/07/09/RE6QH7P3DZDENGKWKNUUXYJ7PI,신한투자증권 안재균 연구원은 “2월부터 전국 주택 매매 및 전세 거래량이 10만호를 넘어섰고 이에 따른 가계대출 증가도 불가피했다”라며 “대선(6월 5일) 전후 서울 동남권 아파트 중심 가격 오름세가 확대되고 공교롭게도 지난 5월 기준금리 인하 후 가계대출 증가 속도가 빨라져 7월 금통위는 (가계대출 통제 등) 금융안정 측면을 가장 먼저 고려할 공산이 커졌다”라고 했다.,최근 주택 가격 상승과 맞물려 규모가 커지는 가계부채는 한은이 금리를 쉽게 내리기 어려운 이유이기도 하다.(금리가 내려가면 이자 부담이 줄어 가계부채가 늘어나는 효과가 있다.),이창용 한은 총재가 불어나는 가계부채를 통제할 당위성에 대해 어느 정도 강도의 발언을 내놓느냐도 관심사다.,국내공식통계,N,부동산,전국 주택 매매 및 전세 거래량,"주택 가격 상승, 가계부채, 금리 동결, 대선, 서울 동남권 아파트, 기준금리 인하, 가계대출 증가 속도",-,-,-,-,-,-,-,202507,-,M,확정,10만호,KOSIS_VALUE,hcx,전국 주택 매매 및 전세 거래량,-,-,-,hcx,현재값,100000,-,-,N,호,수준값,유지,전월,"""신한투자증권 안재균 연구원은 ""2월부터 전국 주택 매매 및 전세 거래량이 10만호를 넘어섰고 이에 따른 가계대출 증가도 불가피했다""라며 ""대선(6월 5일) 전후 서울 동남권 아파트 중심 가격 오름세가 확대되고 공교롭게도 지난 5월 기준금리 인하 후 가계대출 증가 속도가 빨라져 7월 금통위는 (가계대출 통제 등) 금융안정 측면을 가장 먼저 고려할 공산이 커졌다""라고 했다.""",mid,Y,measurement_period_ungrounded:1,N,0,0,HCX-007,v1.5-measurement-binding,2026-07-27
A2678-C017,A2678-C017-m1,A2678,"10월 소비자물가, 2.4% 올랐다… 15개월 만에 최대 상승폭(종합)",2025-11-04,https://biz.chosun.com/policy/policy_sub/2025/11/04/ANKBQTEEQ5CPPE7DIX7SMKCLWE/,"지난달 들어 상수도료는 3.8%, 도시가스는 0.4%, 지역난방비는 0.3% 올랐다.",전기·가스·수도는 전년 동월보다 0.4% 오르면서 소비자물가 상승률 기여도는 0.02%p다.,한편 물가의 기조적 흐름을 보여주는 경제협력개발기구(OECD) 기준 근원물가(식료품·에너지 제외)는 2.2% 상승했다.,국내공식통계,Y,물가,소비자물가 상승률,"소비자물가, 상승폭, 전기·가스·수도, 상수도료, 도시가스, 지역난방비",-,-,-,-,-,-,-,2025-10,-,M,확정,3.8%,KOSIS_VALUE,hcx,상수도료,상수도,-,-,hcx,증감률,3.8,-,-,N,%,증감률,증가,전년동월,"지난달 들어 상수도료는 3.8%, 도시가스는 0.4%, 지역난방비는 0.3% 올랐다.",high,Y,measurement_period_ungrounded:3,N,0,0,HCX-007,v1.5-measurement-binding,2026-07-27
A2678-C017,A2678-C017-m2,A2678,"10월 소비자물가, 2.4% 올랐다… 15개월 만에 최대 상승폭(종합)",2025-11-04,https://biz.chosun.com/policy/policy_sub/2025/11/04/ANKBQTEEQ5CPPE7DIX7SMKCLWE/,"지난달 들어 상수도료는 3.8%, 도시가스는 0.4%, 지역난방비는 0.3% 올랐다.",전기·가스·수도는 전년 동월보다 0.4% 오르면서 소비자물가 상승률 기여도는 0.02%p다.,한편 물가의 기조적 흐름을 보여주는 경제협력개발기구(OECD) 기준 근원물가(식료품·에너지 제외)는 2.2% 상승했다.,국내공식통계,Y,물가,소비자물가 상승률,"소비자물가, 상승폭, 전기·가스·수도, 상수도료, 도시가스, 지역난방비",-,-,-,-,-,-,-,2025-10,-,M,확정,0.4%,KOSIS_VALUE,hcx,도시가스,도시가스,-,-,hcx,증감률,0.4,-,-,N,%,증감률,증가,전년동월,"지난달 들어 상수도료는 3.8%, 도시가스는 0.4%, 지역난방비는 0.3% 올랐다.",high,Y,measurement_period_ungrounded:3,N,0,0,HCX-007,v1.5-measurement-binding,2026-07-27
A2678-C017,A2678-C017-m3,A2678,"10월 소비자물가, 2.4% 올랐다… 15개월 만에 최대 상승폭(종합)",2025-11-04,https://biz.chosun.com/policy/policy_sub/2025/11/04/ANKBQTEEQ5CPPE7DIX7SMKCLWE/,"지난달 들어 상수도료는 3.8%, 도시가스는 0.4%, 지역난방비는 0.3% 올랐다.",전기·가스·수도는 전년 동월보다 0.4% 오르면서 소비자물가 상승률 기여도는 0.02%p다.,한편 물가의 기조적 흐름을 보여주는 경제협력개발기구(OECD) 기준 근원물가(식료품·에너지 제외)는 2.2% 상승했다.,국내공식통계,Y,물가,소비자물가 상승률,"소비자물가, 상승폭, 전기·가스·수도, 상수도료, 도시가스, 지역난방비",-,-,-,-,-,-,-,2025-10,-,M,확정,0.3%,KOSIS_VALUE,hcx,지역난방비,지역난방,-,-,hcx,증감률,0.3,-,-,N,%,증감률,증가,전년동월,"지난달 들어 상수도료는 3.8%, 도시가스는 0.4%, 지역난방비는 0.3% 올랐다.",high,Y,measurement_period_ungrounded:3,N,0,0,HCX-007,v1.5-measurement-binding,2026-07-27
A1246-C009,A1246-C009-m1,A1246,‘손해율 악화·보험료 인하’에… 지난해 자동차보험 4년만에 적자 전환,2025-04-06,https://www.chosun.com/economy/money/2025/04/06/GHN72KKRIIV76NNEUBN74VJ32A,지난해 자동차부문 보험손익 합산비율(손해율+사업비율)은 손익분기점인 100%를 초과해 97억원 적자를 기록했다.,자동차보험 수입이 감소한 반면 사고 건수는 증가하면서 자동차 부문 보험손익은 악화했다.,2020년 이후 첫 적자 전환이다.,국내공식통계,N,금융·금리,자동차부문 보험손익 합산비율,"자동차보험, 손해율, 사업비율, 적자",-,-,-,-,-,-,-,2024,-,Y,확정,100%,CONDITION,hcx,합산비율,-,2024,Y,hcx,참고값,100,-,-,N,%,비중,-,전년,지난해 자동차부문 보험손익 합산비율(손해율+사업비율)은 손익분기점인 100%를 초과해 97억원 적자를 기록했다.,high,N,-,N,0,0,HCX-007,v1.5-measurement-binding,2026-07-27
A1246-C009,A1246-C009-m2,A1246,‘손해율 악화·보험료 인하’에… 지난해 자동차보험 4년만에 적자 전환,2025-04-06,https://www.chosun.com/economy/money/2025/04/06/GHN72KKRIIV76NNEUBN74VJ32A,지난해 자동차부문 보험손익 합산비율(손해율+사업비율)은 손익분기점인 100%를 초과해 97억원 적자를 기록했다.,자동차보험 수입이 감소한 반면 사고 건수는 증가하면서 자동차 부문 보험손익은 악화했다.,2020년 이후 첫 적자 전환이다.,국내공식통계,N,금융·금리,자동차부문 보험손익 합산비율,"자동차보험, 손해율, 사업비율, 적자",-,-,-,-,-,-,-,2024,-,Y,확정,97억원,KOSIS_VALUE,hcx,적자,-,2024,Y,hcx,현재값,9700000000,-,-,N,원,수준값,-,전년,지난해 자동차부문 보험손익 합산비율(손해율+사업비율)은 손익분기점인 100%를 초과해 97억원 적자를 기록했다.,high,N,-,N,0,0,HCX-007,v1.5-measurement-binding,2026-07-27
A1383-C003,A1383-C003-m1,A1383,"가파른 농촌 소멸의 현실... 작년 농가 수 97만가구, 1년새 2.5% 줄어",2025-04-17,https://www.chosun.com/economy/economy_general/2025/04/17/3OPFBMB5FND7LKAFGEU5LNCDGA,농가에서 65세 이상 고령 인구가 차지하는 비율도 지난해 기준 55.8%로 해마다 계속 상승하면서 농촌 소멸 우려가 현실화되고 있다는 분석이 나온다.,국내 농가 수는 지난 2023년 99만9000가구를 기록하며 처음으로 100만 가구 아래로 떨어진 이후 하락세가 지속되고 있다.,"17일 통계청이 발표한 ’2024년 농림어업 조사결과’에 따르면, 2024년 농가 수는 97만 4000가구로 전년(99만9000가구) 대비 2.5% 감소했다.",국내공식통계,Y,인구,농가에서 65세 이상 고령 인구가 차지하는 비율,"농촌 소멸, 농가 수, 고령 인구",-,고령층,-,-,-,-,-,2024,-,Y,확정,55.8%,KOSIS_VALUE,hcx,농가에서 65세 이상 고령 인구가 차지하는 비율,-,2024,Y,hcx,현재값,55.8,-,-,N,%,수준값,증가,전년,농가에서 65세 이상 고령 인구가 차지하는 비율도 지난해 기준 55.8%로 해마다 계속 상승하면서 농촌 소멸 우려가 현실화되고 있다는 분석이 나온다.,high,N,-,Y,0,0,HCX-007,v1.5-measurement-binding,2026-07-27
A1383-C003,A1383-C003-m2,A1383,"가파른 농촌 소멸의 현실... 작년 농가 수 97만가구, 1년새 2.5% 줄어",2025-04-17,https://www.chosun.com/economy/economy_general/2025/04/17/3OPFBMB5FND7LKAFGEU5LNCDGA,농가에서 65세 이상 고령 인구가 차지하는 비율도 지난해 기준 55.8%로 해마다 계속 상승하면서 농촌 소멸 우려가 현실화되고 있다는 분석이 나온다.,국내 농가 수는 지난 2023년 99만9000가구를 기록하며 처음으로 100만 가구 아래로 떨어진 이후 하락세가 지속되고 있다.,"17일 통계청이 발표한 ’2024년 농림어업 조사결과’에 따르면, 2024년 농가 수는 97만 4000가구로 전년(99만9000가구) 대비 2.5% 감소했다.",국내공식통계,Y,인구,농가에서 65세 이상 고령 인구가 차지하는 비율,"농촌 소멸, 농가 수, 고령 인구",-,고령층,-,-,-,-,-,2024,-,Y,확정,65세,CONDITION,hcx,고령 인구 기준,-,2024,Y,hcx,참고값,65,-,-,N,세,수준값,-,-,농가에서 65세 이상 고령 인구가 차지하는 비율도 지난해 기준 55.8%로 해마다 계속 상승하면서 농촌 소멸 우려가 현실화되고 있다는 분석이 나온다.,high,N,-,Y,0,0,HCX-007,v1.5-measurement-binding,2026-07-27
A1389-C002,A1389-C002-m1,A1389,금리 인상 판 깔아줬다… 은행에 떼돈 안겨다 준 관치금융,2025-04-17,https://www.chosun.com/economy/economy_general/2025/04/17/SRNX37MSDBFC7GIARK36YD65MM,"업권별로 보면 은행의 당기순이익이 16조3000억원으로, 1년 사이에 1조원 가까이 늘었다.",국내 금융지주사 10곳이 지난 한 해 24조원에 육박하는 수익을 올린 것으로 나타났다.,대출 금리는 올리고 예금 금리는 깎아 이자 수익을 극대화했기 때문이라는 지적이 나온다.,국내공식통계,N,금융·금리,은행 당기순이익,"금융지주사, 수익, 당기순이익, 이자 수익",-,-,-,-,-,-,-,202504,-,M,확정,16조3000억원,KOSIS_VALUE,hcx,은행 당기순이익,-,-,-,hcx,현재값,16300000000000,-,-,N,원,수준값,증가,전월,"업권별로 보면 은행의 당기순이익이 16조3000억원으로, 1년 사이에 1조원 가까이 늘었다.",high,Y,measurement_rule_fallback:1;measurement_period_ungrounded:2,Y,1,0,HCX-007,v1.5-measurement-binding,2026-07-27
A1389-C002,A1389-C002-m2,A1389,금리 인상 판 깔아줬다… 은행에 떼돈 안겨다 준 관치금융,2025-04-17,https://www.chosun.com/economy/economy_general/2025/04/17/SRNX37MSDBFC7GIARK36YD65MM,"업권별로 보면 은행의 당기순이익이 16조3000억원으로, 1년 사이에 1조원 가까이 늘었다.",국내 금융지주사 10곳이 지난 한 해 24조원에 육박하는 수익을 올린 것으로 나타났다.,대출 금리는 올리고 예금 금리는 깎아 이자 수익을 극대화했기 때문이라는 지적이 나온다.,국내공식통계,N,금융·금리,은행 당기순이익,"금융지주사, 수익, 당기순이익, 이자 수익",-,-,-,-,-,-,-,202504,-,M,확정,1조원 가까이 늘었다.,KOSIS_VALUE,hcx,은행 당기순이익 증감,-,-,-,hcx,증감값,1000000000000,-,-,N,원,증감량,증가,전월,"업권별로 보면 은행의 당기순이익이 16조3000억원으로, 1년 사이에 1조원 가까이 늘었다.",high,Y,measurement_rule_fallback:1;measurement_period_ungrounded:2,Y,1,0,HCX-007,v1.5-measurement-binding,2026-07-27
A1389-C002,A1389-C002-m3,A1389,금리 인상 판 깔아줬다… 은행에 떼돈 안겨다 준 관치금융,2025-04-17,https://www.chosun.com/economy/economy_general/2025/04/17/SRNX37MSDBFC7GIARK36YD65MM,"업권별로 보면 은행의 당기순이익이 16조3000억원으로, 1년 사이에 1조원 가까이 늘었다.",국내 금융지주사 10곳이 지난 한 해 24조원에 육박하는 수익을 올린 것으로 나타났다.,대출 금리는 올리고 예금 금리는 깎아 이자 수익을 극대화했기 때문이라는 지적이 나온다.,국내공식통계,N,금융·금리,은행 당기순이익,"금융지주사, 수익, 당기순이익, 이자 수익",-,-,-,-,-,-,-,202504,-,M,확정,1년,CONTEXT,rule_fallback,은행 당기순이익,-,202504,M,rule_fallback,참고값,1,-,-,N,년,수준값,증가,-,"업권별로 보면 은행의 당기순이익이 16조3000억원으로, 1년 사이에 1조원 가까이 늘었다.",high,Y,measurement_rule_fallback:1;measurement_period_ungrounded:2,Y,1,0,HCX-007,v1.5-measurement-binding,2026-07-27
A0940-C020,-,A0940,"세계 1위 손톱깎이 기업 쓰리세븐, 상속세 감당 못해 회사 넘겼다",2025-03-14,https://www.chosun.com/economy/economy_general/2025/03/14/2PCHAAD5TVE2BM2FRXDGZT7HIA,사모펀드에 팔린 이듬해에 회사는 적자를 냈고 2023년엔 다시 흑자를 회복했지만 매출은 매각 이전보다 줄었다.,국내 최대 가구·인테리어 업체로 이름을 날렸던 한샘은 창업주 조창걸 전 명예회장의 직계가족 중 경영 후계자가 없고 막대한 상속세를 내기도 어려워 2021년 사모펀드 운용사에 매각했다.,1973년 설립해 한때 세계 1위 콘돔 생산 업체였던 유니더스는 상속세 때문에 회사가 매각되고 사실상 해체 절차를 밟은 경우다.,개별기업,N,소매·소비,-,-,-,-,-,가구·인테리어,-,-,-,2025,-,-,확정,-,-,-,-,-,-,-,-,-,-,-,-,-,-,-,-,-,사모펀드에 팔린 이듬해에 회사는 적자를 냈고 2023년엔 다시 흑자를 회복했지만 매출은 매각 이전보다 줄었다.,low,Y,-,N,0,0,HCX-007,v1.5-measurement-binding,2026-07-27
A1433-C002,A1433-C002-m1,A1433,美 관세 충격 영향에 4월 1~20일 수출 5.2% 감소...대미 수출은 1년 전보다 14.3% 급감,2025-04-21,https://www.chosun.com/economy/economy_general/2025/04/21/2GWDSTNBWBDRDNIWDPJDWFQFDE,같은 기간 대미 수출은 1년 전보다 14.3% 급감했다.,1 4월 1일부터 20일까지 수출이 자동차·석유 제품의 수출 감소 등의 영향으로 인해 지난해 같은 기간 대비 5.2% 줄었다.,"21일 관세청에 따르면, 이달 1~20일 수출액은 339억 달러로 지난해 같은 기간 대비 5.2% 감소했다.",국내공식통계,N,무역,수출액,"미국, 관세, 수출, 감소",-,-,-,-,-,-,미국,2025-04-01 ~ 2025-04-20,2025-04-20,M,확정,1년,CONTEXT,hcx,기간 비교 기준,-,2025-04-01 ~ 2025-04-20,M,claim_fallback,참고값,1,-,-,N,년,수준값,-,-,같은 기간 대미 수출은 1년 전보다 14.3% 급감했다.,high,Y,measurement_binding_fallback:1;measurement_period_ungrounded:1,Y,0,1,HCX-007,v1.5-measurement-binding,2026-07-27
A1433-C002,A1433-C002-m2,A1433,美 관세 충격 영향에 4월 1~20일 수출 5.2% 감소...대미 수출은 1년 전보다 14.3% 급감,2025-04-21,https://www.chosun.com/economy/economy_general/2025/04/21/2GWDSTNBWBDRDNIWDPJDWFQFDE,같은 기간 대미 수출은 1년 전보다 14.3% 급감했다.,1 4월 1일부터 20일까지 수출이 자동차·석유 제품의 수출 감소 등의 영향으로 인해 지난해 같은 기간 대비 5.2% 줄었다.,"21일 관세청에 따르면, 이달 1~20일 수출액은 339억 달러로 지난해 같은 기간 대비 5.2% 감소했다.",국내공식통계,N,무역,수출액,"미국, 관세, 수출, 감소",-,-,-,-,-,-,미국,2025-04-01 ~ 2025-04-20,2025-04-20,M,확정,14.3%,KOSIS_VALUE,hcx,대미 수출 증가율,-,-,-,hcx,현재값,14.3,-,-,N,%,증감률,감소,전년동월,같은 기간 대미 수출은 1년 전보다 14.3% 급감했다.,high,Y,measurement_binding_fallback:1;measurement_period_ungrounded:1,Y,0,1,HCX-007,v1.5-measurement-binding,2026-07-27
A2377-C012,A2377-C012-m1,A2377,"HD현대건설기계, 인프라코어 흡수 합병",2025-07-02,https://www.chosun.com/economy/industry-company/2025/07/02/7RVQVDQSMJBMJK3WEZZTIXTYRQ,2030년까지 매출액 약 14조8000억원을 달성해 글로벌 최상위권으로 오르는 게 목표다.,합병으로 점유율은 세계 13위권까지 오를 것으로 전망된다.,"HD현대사이트솔루션 관계자는 “글로벌 경기의 불확실성이 지속되고 업계 경쟁이 심화되는 상황에서 시장의 요구에 보다 기민하게 대처하고, 미래 기술력 및 원가 경쟁력을 확보하기 위해 추진됐다”고 설명했다.",전망·목표,N,소매·소비,매출액,"HD현대건설기계, 인프라코어, 합병, 글로벌 최상위권",-,-,-,건설기계,-,-,-,2030,-,Y,확정,14조8000억원,KOSIS_VALUE,hcx,매출액,건설기계,2030,Y,hcx,목표값,14800000000000,-,-,Y,원,수준값,-,-,[검증 대상 문장] 2030년까지 매출액 약 14조8000억원을 달성해 글로벌 최상위권으로 오르는 게 목표다.,high,N,-,N,0,0,HCX-007,v1.5-measurement-binding,2026-07-27
A2449-C007,A2449-C007-m1,A2449,"가계 여윳돈 93조 사상 최대, 집값 상승 뇌관 되나",2025-07-08,https://www.chosun.com/economy/economy_general/2025/07/08/UZSAKR4BQ5GEBKX7LSZIQHCEQA,전 분기보다는 30조3000억원 늘었다.,"한국은행이 8일 발표한 ‘1분기 자금 순환’에 따르면, 지난 1분기 가계의 여유 자금을 뜻하는 ‘순자금 운용’은 92조9000억원으로 지난해 같은 기간보다 12조3000억원 증가했다.",김용현 한은 자금순환팀장은 “연초 상여금 등으로 가계 소득이 증가한 반면 소비가 둔화하고 아파트 신규 입주 물량이 감소한 영향으로 여유 자금이 늘었다”고 말했다.,국내공식통계,Y,금융·금리,가계의 순자금 운용,"가계, 여유 자금, 순자금 운용, 증가",-,-,-,-,-,-,-,2025Q1,-,Q,확정,30조3000억원,KOSIS_VALUE,hcx,가계의 순자금 운용,-,-,-,hcx,증감값,30300000000000,-,-,N,원,수준값,증가,전분기,전 분기보다는 30조3000억원 늘었다.,high,Y,measurement_period_ungrounded:1,N,0,0,HCX-007,v1.5-measurement-binding,2026-07-27
A1159-C003,A1159-C003-m1,A1159,대기업 절반 이상 평균 연봉 1억원 넘어…5년 전보다 6배 증가,2025-03-31,https://www.chosun.com/economy/economy_general/2025/03/31/3HOYJOZVWBBCPAVJOZLZTZC4QM,임직원 평균 연봉이 1억원이 넘는 매출 100대 기업은 ▲2019년 9개사 ▲2020년 12개사 ▲2021년 23개사 ▲2022년 35개사 ▲2023년 48개사 ▲2024년 55개사로 매년 늘고 있다.,연합뉴스는 연결 기준 매출 100대 비금융 상장사의 사업 보고서를 전수 분석한 결과를 31일 보도했다.,5년 전인 2019년과 비교해 그 수가 6.1배 늘었다.,개별기업,Y,소득·임금,임직원 평균 연봉,"대기업, 평균 연봉, 1억원, 매출 100대 기업",-,-,-,-,-,-,-,2024,-,Y,확정,1억원,KOSIS_VALUE,hcx,임직원 평균 연봉,-,2024,Y,hcx,현재값,100000000,-,-,N,원,수준값,-,전년동기,임직원 평균 연봉이 1억원이 넘는 매출 100대 기업은 ▲2019년 9개사 ▲2020년 12개사 ▲2021년 23개사 ▲2022년 35개사 ▲2023년 48개사 ▲2024년 55개사로 매년 늘고 있다.,high,N,-,Y,0,0,HCX-007,v1.5-measurement-binding,2026-07-27
A1159-C003,A1159-C003-m2,A1159,대기업 절반 이상 평균 연봉 1억원 넘어…5년 전보다 6배 증가,2025-03-31,https://www.chosun.com/economy/economy_general/2025/03/31/3HOYJOZVWBBCPAVJOZLZTZC4QM,임직원 평균 연봉이 1억원이 넘는 매출 100대 기업은 ▲2019년 9개사 ▲2020년 12개사 ▲2021년 23개사 ▲2022년 35개사 ▲2023년 48개사 ▲2024년 55개사로 매년 늘고 있다.,연합뉴스는 연결 기준 매출 100대 비금융 상장사의 사업 보고서를 전수 분석한 결과를 31일 보도했다.,5년 전인 2019년과 비교해 그 수가 6.1배 늘었다.,개별기업,Y,소득·임금,임직원 평균 연봉,"대기업, 평균 연봉, 1억원, 매출 100대 기업",-,-,-,-,-,-,-,2024,-,Y,확정,100대,KOSIS_VALUE,hcx,매출 100대 기업,-,2024,Y,hcx,현재값,100,-,-,N,대,수준값,-,전년동기,임직원 평균 연봉이 1억원이 넘는 매출 100대 기업은 ▲2019년 9개사 ▲2020년 12개사 ▲2021년 23개사 ▲2022년 35개사 ▲2023년 48개사 ▲2024년 55개사로 매년 늘고 있다.,high,N,-,Y,0,0,HCX-007,v1.5-measurement-binding,2026-07-27
A1159-C003,A1159-C003-m3,A1159,대기업 절반 이상 평균 연봉 1억원 넘어…5년 전보다 6배 증가,2025-03-31,https://www.chosun.com/economy/economy_general/2025/03/31/3HOYJOZVWBBCPAVJOZLZTZC4QM,임직원 평균 연봉이 1억원이 넘는 매출 100대 기업은 ▲2019년 9개사 ▲2020년 12개사 ▲2021년 23개사 ▲2022년 35개사 ▲2023년 48개사 ▲2024년 55개사로 매년 늘고 있다.,연합뉴스는 연결 기준 매출 100대 비금융 상장사의 사업 보고서를 전수 분석한 결과를 31일 보도했다.,5년 전인 2019년과 비교해 그 수가 6.1배 늘었다.,개별기업,Y,소득·임금,임직원 평균 연봉,"대기업, 평균 연봉, 1억원, 매출 100대 기업",-,-,-,-,-,-,-,2024,-,Y,확정,55개사,KOSIS_VALUE,hcx,평균 연봉 1억원 초과 기업 수,-,2024,Y,hcx,현재값,55,-,-,N,개사,수준값,-,전년동기,임직원 평균 연봉이 1억원이 넘는 매출 100대 기업은 ▲2019년 9개사 ▲2020년 12개사 ▲2021년 23개사 ▲2022년 35개사 ▲2023년 48개사 ▲2024년 55개사로 매년 늘고 있다.,high,N,-,Y,0,0,HCX-007,v1.5-measurement-binding,2026-07-27
A1159-C003,A1159-C003-m4,A1159,대기업 절반 이상 평균 연봉 1억원 넘어…5년 전보다 6배 증가,2025-03-31,https://www.chosun.com/economy/economy_general/2025/03/31/3HOYJOZVWBBCPAVJOZLZTZC4QM,임직원 평균 연봉이 1억원이 넘는 매출 100대 기업은 ▲2019년 9개사 ▲2020년 12개사 ▲2021년 23개사 ▲2022년 35개사 ▲2023년 48개사 ▲2024년 55개사로 매년 늘고 있다.,연합뉴스는 연결 기준 매출 100대 비금융 상장사의 사업 보고서를 전수 분석한 결과를 31일 보도했다.,5년 전인 2019년과 비교해 그 수가 6.1배 늘었다.,개별기업,Y,소득·임금,임직원 평균 연봉,"대기업, 평균 연봉, 1억원, 매출 100대 기업",-,-,-,-,-,-,-,2024,-,Y,확정,9개사,KOSIS_VALUE,hcx,평균 연봉 1억원 초과 기업 수,-,2019,Y,hcx,이전값,9,-,-,N,개사,수준값,-,전년동기,임직원 평균 연봉이 1억원이 넘는 매출 100대 기업은 ▲2019년 9개사 ▲2020년 12개사 ▲2021년 23개사 ▲2022년 35개사 ▲2023년 48개사 ▲2024년 55개사로 매년 늘고 있다.,high,N,-,Y,0,0,HCX-007,v1.5-measurement-binding,2026-07-27
A1159-C003,A1159-C003-m5,A1159,대기업 절반 이상 평균 연봉 1억원 넘어…5년 전보다 6배 증가,2025-03-31,https://www.chosun.com/economy/economy_general/2025/03/31/3HOYJOZVWBBCPAVJOZLZTZC4QM,임직원 평균 연봉이 1억원이 넘는 매출 100대 기업은 ▲2019년 9개사 ▲2020년 12개사 ▲2021년 23개사 ▲2022년 35개사 ▲2023년 48개사 ▲2024년 55개사로 매년 늘고 있다.,연합뉴스는 연결 기준 매출 100대 비금융 상장사의 사업 보고서를 전수 분석한 결과를 31일 보도했다.,5년 전인 2019년과 비교해 그 수가 6.1배 늘었다.,개별기업,Y,소득·임금,임직원 평균 연봉,"대기업, 평균 연봉, 1억원, 매출 100대 기업",-,-,-,-,-,-,-,2024,-,Y,확정,12개사,KOSIS_VALUE,hcx,평균 연봉 1억원 초과 기업 수,-,2020,Y,hcx,이전값,12,-,-,N,개사,수준값,-,전년동기,임직원 평균 연봉이 1억원이 넘는 매출 100대 기업은 ▲2019년 9개사 ▲2020년 12개사 ▲2021년 23개사 ▲2022년 35개사 ▲2023년 48개사 ▲2024년 55개사로 매년 늘고 있다.,high,N,-,Y,0,0,HCX-007,v1.5-measurement-binding,2026-07-27
A1159-C003,A1159-C003-m6,A1159,대기업 절반 이상 평균 연봉 1억원 넘어…5년 전보다 6배 증가,2025-03-31,https://www.chosun.com/economy/economy_general/2025/03/31/3HOYJOZVWBBCPAVJOZLZTZC4QM,임직원 평균 연봉이 1억원이 넘는 매출 100대 기업은 ▲2019년 9개사 ▲2020년 12개사 ▲2021년 23개사 ▲2022년 35개사 ▲2023년 48개사 ▲2024년 55개사로 매년 늘고 있다.,연합뉴스는 연결 기준 매출 100대 비금융 상장사의 사업 보고서를 전수 분석한 결과를 31일 보도했다.,5년 전인 2019년과 비교해 그 수가 6.1배 늘었다.,개별기업,Y,소득·임금,임직원 평균 연봉,"대기업, 평균 연봉, 1억원, 매출 100대 기업",-,-,-,-,-,-,-,2024,-,Y,확정,23개사,KOSIS_VALUE,hcx,평균 연봉 1억원 초과 기업 수,-,2021,Y,hcx,이전값,23,-,-,N,개사,수준값,-,전년동기,임직원 평균 연봉이 1억원이 넘는 매출 100대 기업은 ▲2019년 9개사 ▲2020년 12개사 ▲2021년 23개사 ▲2022년 35개사 ▲2023년 48개사 ▲2024년 55개사로 매년 늘고 있다.,high,N,-,Y,0,0,HCX-007,v1.5-measurement-binding,2026-07-27
A1159-C003,A1159-C003-m7,A1159,대기업 절반 이상 평균 연봉 1억원 넘어…5년 전보다 6배 증가,2025-03-31,https://www.chosun.com/economy/economy_general/2025/03/31/3HOYJOZVWBBCPAVJOZLZTZC4QM,임직원 평균 연봉이 1억원이 넘는 매출 100대 기업은 ▲2019년 9개사 ▲2020년 12개사 ▲2021년 23개사 ▲2022년 35개사 ▲2023년 48개사 ▲2024년 55개사로 매년 늘고 있다.,연합뉴스는 연결 기준 매출 100대 비금융 상장사의 사업 보고서를 전수 분석한 결과를 31일 보도했다.,5년 전인 2019년과 비교해 그 수가 6.1배 늘었다.,개별기업,Y,소득·임금,임직원 평균 연봉,"대기업, 평균 연봉, 1억원, 매출 100대 기업",-,-,-,-,-,-,-,2024,-,Y,확정,35개사,KOSIS_VALUE,hcx,평균 연봉 1억원 초과 기업 수,-,2022,Y,hcx,이전값,35,-,-,N,개사,수준값,-,전년동기,임직원 평균 연봉이 1억원이 넘는 매출 100대 기업은 ▲2019년 9개사 ▲2020년 12개사 ▲2021년 23개사 ▲2022년 35개사 ▲2023년 48개사 ▲2024년 55개사로 매년 늘고 있다.,high,N,-,Y,0,0,HCX-007,v1.5-measurement-binding,2026-07-27
A1159-C003,A1159-C003-m8,A1159,대기업 절반 이상 평균 연봉 1억원 넘어…5년 전보다 6배 증가,2025-03-31,https://www.chosun.com/economy/economy_general/2025/03/31/3HOYJOZVWBBCPAVJOZLZTZC4QM,임직원 평균 연봉이 1억원이 넘는 매출 100대 기업은 ▲2019년 9개사 ▲2020년 12개사 ▲2021년 23개사 ▲2022년 35개사 ▲2023년 48개사 ▲2024년 55개사로 매년 늘고 있다.,연합뉴스는 연결 기준 매출 100대 비금융 상장사의 사업 보고서를 전수 분석한 결과를 31일 보도했다.,5년 전인 2019년과 비교해 그 수가 6.1배 늘었다.,개별기업,Y,소득·임금,임직원 평균 연봉,"대기업, 평균 연봉, 1억원, 매출 100대 기업",-,-,-,-,-,-,-,2024,-,Y,확정,48개사,KOSIS_VALUE,hcx,평균 연봉 1억원 초과 기업 수,-,2023,Y,hcx,이전값,48,-,-,N,개사,수준값,-,전년동기,임직원 평균 연봉이 1억원이 넘는 매출 100대 기업은 ▲2019년 9개사 ▲2020년 12개사 ▲2021년 23개사 ▲2022년 35개사 ▲2023년 48개사 ▲2024년 55개사로 매년 늘고 있다.,high,N,-,Y,0,0,HCX-007,v1.5-measurement-binding,2026-07-27
A1131-C039,A1131-C039-m1,A1131,시진핑·이재용 회동… 중국의 ‘우군 만들기’,2025-03-29,https://www.chosun.com/economy/industry-company/2025/03/29/5P4PF6H5JNAVHFJJKY3QZDBZ64,"SK하이닉스는 미국과 중국이 각각 전체 매출의 63%, 23%(지난해 기준)를 차지한다.","줄곧 미주 지역이 최대였다가, 지난해 중국이 약 65조원의 매출로 미주(약 61조원)를 제치고 1위로 올라섰다.","현재 도널드 트럼프 미 대통령은 취임 이후 ‘반도체 관세‘를 무기로 휘두르며, 자국에서 첨단 반도체를 직접 생산할 것을 요구하고 있다.",개별기업,N,무역,매출 비중,"SK하이닉스, 미국, 중국, 매출",-,-,-,반도체,-,-,-,2024,-,Y,확정,63%,KOSIS_VALUE,hcx,미국 매출 비중,반도체,2024,Y,hcx,현재값,63,-,-,N,%,비중,-,전년,"SK하이닉스는 미국과 중국이 각각 전체 매출의 63%, 23%(지난해 기준)를 차지한다.",high,N,-,N,0,0,HCX-007,v1.5-measurement-binding,2026-07-27
A1131-C039,A1131-C039-m2,A1131,시진핑·이재용 회동… 중국의 ‘우군 만들기’,2025-03-29,https://www.chosun.com/economy/industry-company/2025/03/29/5P4PF6H5JNAVHFJJKY3QZDBZ64,"SK하이닉스는 미국과 중국이 각각 전체 매출의 63%, 23%(지난해 기준)를 차지한다.","줄곧 미주 지역이 최대였다가, 지난해 중국이 약 65조원의 매출로 미주(약 61조원)를 제치고 1위로 올라섰다.","현재 도널드 트럼프 미 대통령은 취임 이후 ‘반도체 관세‘를 무기로 휘두르며, 자국에서 첨단 반도체를 직접 생산할 것을 요구하고 있다.",개별기업,N,무역,매출 비중,"SK하이닉스, 미국, 중국, 매출",-,-,-,반도체,-,-,-,2024,-,Y,확정,23%,KOSIS_VALUE,hcx,중국 매출 비중,반도체,2024,Y,hcx,현재값,23,-,-,N,%,비중,-,전년,"SK하이닉스는 미국과 중국이 각각 전체 매출의 63%, 23%(지난해 기준)를 차지한다.",high,N,-,N,0,0,HCX-007,v1.5-measurement-binding,2026-07-27
A0023-C026,A0023-C026-m1,A0023,정부 “올해 경제성장률 1.8%”… 한은 전망보다 더 낮췄다,2025-01-02,https://www.chosun.com/economy/economy_general/2025/01/02/FWT5PD42TZED7JTIXYCIECCFRE,다만 11월 소매판매는 전년 동월과 비교하면 1.9% 줄어 부진한 흐름을 이어갔다.,소비 지표인 소매판매는 9월(-0.3%)과 10월(-0.8%) 2달 연속 감소하다가 11월 0.4% 증가세로 돌아섰다.,◇잠재 성장률보다 낮은 올해 성장률 전망치 정부의 올해 성장률 전망치는 잠재 성장률보다도 낮다.,국내공식통계,N,소매·소비,소매판매,"경제성장률, 소매판매, 전년 동월",-,-,-,-,-,-,-,202501,-,M,확정,1.9%,KOSIS_VALUE,hcx,소매판매,-,202501,M,hcx,현재값,1.9,-,-,N,%,비중,감소,전년동월,다만 11월 소매판매는 전년 동월과 비교하면 1.9% 줄어 부진한 흐름을 이어갔다.,high,N,-,N,0,0,HCX-007,v1.5-measurement-binding,2026-07-27
A1540-C003,-,A1540,5월 초 LA입항 컨테이너 36% 급감. 미 실물 경제 타격 현실화,2025-04-29,https://www.chosun.com/economy/economy_general/2025/04/29/UBPAUAJWS5BCPO5KA6ZKTIFGZE,중국산 수입품이 미국으로 들어오는 주요 거점인 LA항의 물동량이 크게 둔화하고 있다고 28일 야후파이낸스 등이 LA항 물류통계를 인용해 보도했다.,그간 소비 심리 지표나 금융 시장을 선제 타격해 왔던 미국의 경기 둔화 우려가 점차 실물 경제 전반에 현실화하고 있다.,전문가들은 트럼프 대중국 145% 관세 부과로 인한 컨테이너 물동량 감소가 미국 경제 성장 둔화의 초기 신호일 수 있다고 분석한다.,해외통계·정책,N,무역,컨테이너 물동량,"LA항, 중국산 수입품, 관세 부과",-,-,-,-,-,중국,미국,2025-05,-,M,확정,-,-,-,-,-,-,-,-,-,-,-,-,-,-,-,-,-,중국산 수입품이 미국으로 들어오는 주요 거점인 LA항의 물동량이 크게 둔화하고 있다고 28일 야후파이낸스 등이 LA항 물류통계를 인용해 보도했다.,high,N,-,N,0,0,HCX-007,v1.5-measurement-binding,2026-07-27
A1631-C010,-,A1631,1~4월 日 항공편 승객 역대 최대 기록... 코로나 이전보다 16% 증가,2025-05-06,https://www.chosun.com/economy/industry-company/2025/05/06/AT5W4GSYHZGFFCFWO6BWQPGOKY,2019년 이후 가장 많은 수치다.,"올해 1~4월 중국 노선 이용객은 479만9674명으로, 지난해 같은 기간(395만명)보다 21.6% 증가했다.",한중 노선의 전통적 비수기인 겨울에도 비자 면제로 진입장벽이 낮아지면서 수요가 급증한 것이다.,국내공식통계,N,무역,항공편 승객 수,"일본, 항공편, 승객, 역대 최대 기록, 코로나 이전",-,-,-,-,-,-,-,2025-04,-,M,확정,-,-,-,-,-,-,-,-,-,-,-,-,-,-,-,-,-,"""2019년 이후 가장 많은 수치다.""",low,Y,-,Y,0,0,HCX-007,v1.5-measurement-binding,2026-07-27
A0100-C007,A0100-C007-m1,A0100,"“한국, 저성장 해결하기 위해 ‘無자녀세’ 도입 검토해야”",2025-01-08,https://www.chosun.com/economy/economy_general/2025/01/08/KKZ7ZPJITFF3REAOSU2JRXUWCA,"한국을 여러 차례 방문했던 그는 이번 인터뷰에서 한국 경제의 저성장에 대해 “0.7명에 불과한 낮은 출산율이 원인”이라고 진단하며, 그 해법으로 아이를 낳지 않는 사람들에게 높은 세금을 물리는 이른바 ‘무자녀세(無子女稅)’ 도입 등이 필요하다고 제언했다. –올해 미국 경제는 어떻게 될까.",고령화로 인해 의료비나 사회복지 서비스 비용 등이 오르다 보니 전 세계가 인플레이션을 겪을 것이라는 게 그의 주장이다.,“앞으로 세계 경제에는 각종 정치 상황이 매우 중요한 영향을 끼칠 것이다.,전망·목표,N,인구,출산율,"저성장, 무자녀세, 인구",-,-,-,-,-,-,-,2025,-,Y,확정,0.7명,KOSIS_VALUE,hcx,출산율,-,2025,Y,hcx,현재값,0.7,-,-,N,명,수준값,유지,전년,"""0.7명에 불과한 낮은 출산율이 원인""이라고 진단하며, 그 해법으로 아이를 낳지 않는 사람들에게 높은 세금을 물리는 이른바 '무자녀세(無子女稅)' 도입 등이 필요하다고 제언했다.",high,N,-,N,0,0,HCX-007,v1.5-measurement-binding,2026-07-27
A2234-C002,-,A2234,코스피 3000에 올해 시총 500조원 불어나…‘1조 클럽’ 25개사 증가,2025-06-21,https://www.chosun.com/economy/money/2025/06/21/AGSEFDCATIND4Q54ZOW2YSPMYI,08:26 업데이트 2025.06.21.,2026년 4월 21일(화) 신문구독 | English | 日本語 | 中文 0 조선경제 오피니언 정치 사회 국제 건강 스포츠 문화·연예 콘텐츠판 땅집고 BEMIL 군사세계 헬스조선 IT조선 조선에듀 어린이조선일보 산&트래블 이코노미조선 신문은 선생님 THE BOUTIQUE 행복플러스 주간조선 여성조선 월간조선 민학수 올댓골프 Topclass Life&Learning English 日本語 中文 검색 2026년 4월 21일(화) 신문구독 | English | 日本語 | 中文 0 신문구독 | English | 日本語 | 中文 조선경제 오피니언 정치 사회 국제 건강 스포츠 문화·연예 콘텐츠판 땅집고 BEMIL 군사세계 헬스조선 IT조선 조선에듀 어린이조선일보 산&트래블 이코노미조선 신문은 선생님 THE BOUTIQUE 행복플러스 주간조선 여성조선 월간조선 민학수 올댓골프 Topclass Life&Learning 콘텐츠판 땅집고 BEMIL 군사세계 헬스조선 IT조선 조선에듀 어린이조선일보 산&트래블 이코노미조선 신문은 선생님 THE BOUTIQUE 행복플러스 주간조선 여성조선 월간조선 민학수 올댓골프 Topclass Life&Learning 땅집고 BEMIL 군사세계 헬스조선 IT조선 조선에듀 어린이조선일보 산&트래블 이코노미조선 신문은 선생님 THE BOUTIQUE 행복플러스 주간조선 여성조선 월간조선 민학수 올댓골프 Topclass Life&Learning 조선경제 머니 코스피 3000에 올해 시총 500조원 불어나…'1조 클럽' 25개사 증가 변지희 기자(조선비즈) 입력 2025.06.21.,08:27 0 코스피가 3000선을 돌파하며 고공행진을 이어가면서 올해 들어 유가증권시장 시가총액이 500조원 넘게 불어났다.,국내공식통계,N,금융·금리,시가총액,-,-,-,-,-,-,-,-,2025,-,-,확정,-,-,-,-,-,-,-,-,-,-,-,-,-,-,-,-,-,코스피가 3000선을 돌파하며 고공행진을 이어가면서 올해 들어 유가증권시장 시가총액이 500조원 넘게 불어났다.,high,N,-,N,0,0,HCX-007,v1.5-measurement-binding,2026-07-27
A2533-C001,-,A2533,주유소 기름값 4주 만에 하락,2025-07-14,https://www.chosun.com/economy/industry-company/2025/07/14/KOLW4ZK2IJCXZOOOOLD6E7BDTA,국내 주유소 휘발유와 경유의 주간 평균 가격이 4주 만에 하락세로 돌아섰다.,-,"13일 한국석유공사에 따르면 7월 둘째 주(6~12일) 전국 주유소 휘발유 평균 판매가는 직전주보다 리터(L)당 0.6원 내린 1667.5원, 경유 평균 판매가는 1.2원 내린 1530.2원이었다.",국내공식통계,Y,물가,휘발유 및 경유 가격,"주유소, 기름값, 휘발유, 경유",-,-,-,-,-,-,-,2025-07-02 ~ 2025-07-08,2025-07-08,M,확정,-,-,-,-,-,-,-,-,-,-,-,-,-,-,-,-,-,[검증 대상 문장] 국내 주유소 휘발유와 경유의 주간 평균 가격이 4주 만에 하락세로 돌아섰다.,high,N,-,N,0,0,HCX-007,v1.5-measurement-binding,2026-07-27
A0434-C026,-,A0434,"韓 ·日·대만 증시, 반도체·자동차 등 수출주 급락",2025-02-03,https://www.chosun.com/economy/economy_general/2025/02/03/DANR6YYCSNBOVPKQMGJVB624SE,관세 전쟁이 미국 내 수입 물가를 끌어올려 인플레이션 압력을 높이면서 미국 금리 상승 요인으로 작용할 것이라는 전망이 달러 가치 상승으로 이어지고 있다.,주요 6개 통화에 대한 달러 가치를 표시하는 달러 인덱스는 2년여 만에 110선에 근접했다(달러 가치 상승).,또한 관세 전쟁이 미국보다 다른 나라들에 더 큰 타격을 줄 것이란 예상에 미 달러의 안전 자산 기능이 부각될 것이라는 전망도 달러 가치 상승에 힘을 더하고 있다.,전망·목표,N,금융·금리,달러 가치,-,-,-,-,-,-,-,-,-,-,-,모호,-,-,-,-,-,-,-,-,-,-,-,-,-,-,-,-,-,관세 전쟁이 미국 내 수입 물가를 끌어올려 인플레이션 압력을 높이면서 미국 금리 상승 요인으로 작용할 것이라는 전망이 달러 가치 상승으로 이어지고 있다.,low,Y,-,N,0,0,HCX-007,v1.5-measurement-binding,2026-07-27
A0559-C003,-,A0559,"트럼프, 세상에 없던 ‘반도체 관세’ 꺼냈다",2025-02-12,https://www.chosun.com/economy/industry-company/2025/02/12/25AH2GBFAZEKVGNXQ7ZPACNOJU,우리 수출의 쌍두마차로 최근 대미 수출에서 가파른 증가세를 보이던 자동차와 반도체까지 ‘트럼프 관세 폭탄’의 영향권에 들어가며 ‘수출 한국’ 전반에 충격이 몰려올 것이라는 우려가 나온다.,도널드 트럼프 미 대통령은 10일(현지 시각) 전날 예고한 대로 미국이 수입하는 철강·알루미늄 제품에 대한 25% 관세 부과 계획을 담은 포고령에 서명하며 “자동차·반도체·의약품에 대한 관세도 검토 중”이라고 밝혔다.,"지난해 대미 수출에서 자동차는 1위, 반도체는 3위를 기록했다.",국내공식통계,N,무역,대미 수출 증가세,"자동차, 반도체, 수출",-,-,-,"자동차, 반도체",-,한국,미국,2024,-,Y,확정,-,-,-,-,-,-,-,-,-,-,-,-,-,-,-,-,-,"지난해 대미 수출에서 자동차는 1위, 반도체는 3위를 기록했다.",high,N,-,Y,0,0,HCX-007,v1.5-measurement-binding,2026-07-27
A0076-C001,A0076-C001-m1,A0076,"반도체 수출, 中·홍콩 비율 9%p 이상 줄어",2025-01-06,https://www.chosun.com/economy/industry-company/2025/01/06/BMVO4ZZBRRFZ7NTLK4INPJWIF4,우리나라 수출의 20%가량을 맡고 있는 핵심 품목인 반도체의 ‘수출 지형도’가 눈에 띄게 변한 것으로 나타났다.,-,"최근 중국(홍콩 포함) 비율이 크게 줄고 미국과 대만, 베트남 수출 비율은 확대되고 있다.",국내공식통계,N,무역,반도체 수출 비율 변화,"반도체, 수출, 중국, 홍콩, 미국, 대만, 베트남",-,-,-,반도체,-,-,-,2025,-,Y,확정,20%가량,KOSIS_VALUE,hcx,반도체 수출 비율,반도체,-,-,hcx,현재값,20,-,-,Y,%,비중,-,전년,[검증 대상 문장] 우리나라 수출의 20%가량을 맡고 있는 핵심 품목인 반도체의 '수출 지형도'가 눈에 띄게 변한 것으로 나타났다.,mid,Y,measurement_period_ungrounded:1,N,0,0,HCX-007,v1.5-measurement-binding,2026-07-27
A0604-C018,-,A0604,“개미 돌아오나”… 국내 증시 훈풍에 거래대금 ‘쑥’,2025-02-16,https://www.chosun.com/economy/money/2025/02/16/5HANXJSFJBXULT43QBI22PKIPA,"국내 주식시장에서 투자 심리가 완화되는 흐름은 신용거래융자 잔액, 이른바 ‘빚투’가 늘어나는 것에서도 확인할 수 있다.","이달 유가증권시장 거래대금 상위 종목을 보면 시가총액 1, 2위인 삼성전자와 SK하이닉스에 이어 한화오션, 두산에너빌리티, 한화시스템, NAVER, 한화에어로스페이스, 카카오 순이었다.",금융투자협회에 따르면 투자자들이 주식을 사기 위해 증권사에서 빌린 돈 중 상환되지 않은 금액을 의미하는 신용거래융자 잔액은 지난해 12월 말 15조원에서 이달 13일 17조원으로 늘었다.,국내공식통계,N,금융·금리,신용거래융자 잔액,-,-,-,-,-,-,-,-,2025,-,Y,확정,-,-,-,-,-,-,-,-,-,-,-,-,-,-,-,-,-,금융투자협회에 따르면 투자자들이 주식을 사기 위해 증권사에서 빌린 돈 중 상환되지 않은 금액을 의미하는 신용거래융자 잔액은 지난해 12월 말 15조원에서 이달 13일 17조원으로 늘었다.,high,N,-,N,0,0,HCX-007,v1.5-measurement-binding,2026-07-27
A0097-C014,A0097-C014-m1,A0097,"종신보험의 사망보험금, 살아있을 때 연금처럼 받을 수 있다",2025-01-08,https://www.chosun.com/economy/economy_general/2025/01/08/7NABNLMIERFLLITMX4DDZG37WQ,"이에 따라 주택담보대출 중도상환수수료율은 현재 약 1.2∼1.4%에서 0.6∼0.7%로, 신용대출은 현재 0.6∼0.8%에서 0.4% 수준으로 내려간다.",또 1월부터 은행들이 부과하는 중도상환수수료율은 실제 발생한 비용만 반영할 수 있도록 의무화된다.,금융소비자보호법에 따르면 소비자가 대출한 시점으로부터 3년 이내에 대출금을 갚는 경우 은행이 중도상환수수료를 부과할 수 있다.,기타,N,금융·금리,중도상환수수료율,"중도상환수수료율, 주택담보대출, 신용대출",-,-,-,-,-,-,-,202501,-,M,확정,1.2%,KOSIS_VALUE,hcx,주택담보대출 중도상환수수료율,주택담보대출,-,-,hcx,현재값,1.2,-,-,Y,%,수준값,유지,전년동기,"이에 따라 주택담보대출 중도상환수수료율은 현재 약 1.2∼1.4%에서 0.6∼0.7%로, 신용대출은 현재 0.6∼0.8%에서 0.4% 수준으로 내려간다.",high,Y,measurement_period_ungrounded:6,N,0,0,HCX-007,v1.5-measurement-binding,2026-07-27
A0097-C014,A0097-C014-m2,A0097,"종신보험의 사망보험금, 살아있을 때 연금처럼 받을 수 있다",2025-01-08,https://www.chosun.com/economy/economy_general/2025/01/08/7NABNLMIERFLLITMX4DDZG37WQ,"이에 따라 주택담보대출 중도상환수수료율은 현재 약 1.2∼1.4%에서 0.6∼0.7%로, 신용대출은 현재 0.6∼0.8%에서 0.4% 수준으로 내려간다.",또 1월부터 은행들이 부과하는 중도상환수수료율은 실제 발생한 비용만 반영할 수 있도록 의무화된다.,금융소비자보호법에 따르면 소비자가 대출한 시점으로부터 3년 이내에 대출금을 갚는 경우 은행이 중도상환수수료를 부과할 수 있다.,기타,N,금융·금리,중도상환수수료율,"중도상환수수료율, 주택담보대출, 신용대출",-,-,-,-,-,-,-,202501,-,M,확정,1.4%,KOSIS_VALUE,hcx,주택담보대출 중도상환수수료율,주택담보대출,-,-,hcx,현재값,1.4,-,-,N,%,수준값,유지,전년동기,"이에 따라 주택담보대출 중도상환수수료율은 현재 약 1.2∼1.4%에서 0.6∼0.7%로, 신용대출은 현재 0.6∼0.8%에서 0.4% 수준으로 내려간다.",high,Y,measurement_period_ungrounded:6,N,0,0,HCX-007,v1.5-measurement-binding,2026-07-27
A0097-C014,A0097-C014-m3,A0097,"종신보험의 사망보험금, 살아있을 때 연금처럼 받을 수 있다",2025-01-08,https://www.chosun.com/economy/economy_general/2025/01/08/7NABNLMIERFLLITMX4DDZG37WQ,"이에 따라 주택담보대출 중도상환수수료율은 현재 약 1.2∼1.4%에서 0.6∼0.7%로, 신용대출은 현재 0.6∼0.8%에서 0.4% 수준으로 내려간다.",또 1월부터 은행들이 부과하는 중도상환수수료율은 실제 발생한 비용만 반영할 수 있도록 의무화된다.,금융소비자보호법에 따르면 소비자가 대출한 시점으로부터 3년 이내에 대출금을 갚는 경우 은행이 중도상환수수료를 부과할 수 있다.,기타,N,금융·금리,중도상환수수료율,"중도상환수수료율, 주택담보대출, 신용대출",-,-,-,-,-,-,-,202501,-,M,확정,0.6%,KOSIS_VALUE,hcx,주택담보대출 중도상환수수료율,주택담보대출,-,-,hcx,현재값,0.6,-,-,N,%,수준값,유지,전년동기,"이에 따라 주택담보대출 중도상환수수료율은 현재 약 1.2∼1.4%에서 0.6∼0.7%로, 신용대출은 현재 0.6∼0.8%에서 0.4% 수준으로 내려간다.",high,Y,measurement_period_ungrounded:6,N,0,0,HCX-007,v1.5-measurement-binding,2026-07-27
A0097-C014,A0097-C014-m4,A0097,"종신보험의 사망보험금, 살아있을 때 연금처럼 받을 수 있다",2025-01-08,https://www.chosun.com/economy/economy_general/2025/01/08/7NABNLMIERFLLITMX4DDZG37WQ,"이에 따라 주택담보대출 중도상환수수료율은 현재 약 1.2∼1.4%에서 0.6∼0.7%로, 신용대출은 현재 0.6∼0.8%에서 0.4% 수준으로 내려간다.",또 1월부터 은행들이 부과하는 중도상환수수료율은 실제 발생한 비용만 반영할 수 있도록 의무화된다.,금융소비자보호법에 따르면 소비자가 대출한 시점으로부터 3년 이내에 대출금을 갚는 경우 은행이 중도상환수수료를 부과할 수 있다.,기타,N,금융·금리,중도상환수수료율,"중도상환수수료율, 주택담보대출, 신용대출",-,-,-,-,-,-,-,202501,-,M,확정,0.7%,KOSIS_VALUE,hcx,주택담보대출 중도상환수수료율,주택담보대출,-,-,hcx,현재값,0.7,-,-,N,%,수준값,유지,전년동기,"이에 따라 주택담보대출 중도상환수수료율은 현재 약 1.2∼1.4%에서 0.6∼0.7%로, 신용대출은 현재 0.6∼0.8%에서 0.4% 수준으로 내려간다.",high,Y,measurement_period_ungrounded:6,N,0,0,HCX-007,v1.5-measurement-binding,2026-07-27
A0097-C014,A0097-C014-m5,A0097,"종신보험의 사망보험금, 살아있을 때 연금처럼 받을 수 있다",2025-01-08,https://www.chosun.com/economy/economy_general/2025/01/08/7NABNLMIERFLLITMX4DDZG37WQ,"이에 따라 주택담보대출 중도상환수수료율은 현재 약 1.2∼1.4%에서 0.6∼0.7%로, 신용대출은 현재 0.6∼0.8%에서 0.4% 수준으로 내려간다.",또 1월부터 은행들이 부과하는 중도상환수수료율은 실제 발생한 비용만 반영할 수 있도록 의무화된다.,금융소비자보호법에 따르면 소비자가 대출한 시점으로부터 3년 이내에 대출금을 갚는 경우 은행이 중도상환수수료를 부과할 수 있다.,기타,N,금융·금리,중도상환수수료율,"중도상환수수료율, 주택담보대출, 신용대출",-,-,-,-,-,-,-,202501,-,M,확정,0.8%,KOSIS_VALUE,hcx,신용대출 중도상환수수료율,신용대출,-,-,hcx,현재값,0.8,-,-,N,%,수준값,유지,전년동기,"이에 따라 주택담보대출 중도상환수수료율은 현재 약 1.2∼1.4%에서 0.6∼0.7%로, 신용대출은 현재 0.6∼0.8%에서 0.4% 수준으로 내려간다.",high,Y,measurement_period_ungrounded:6,N,0,0,HCX-007,v1.5-measurement-binding,2026-07-27
A0097-C014,A0097-C014-m6,A0097,"종신보험의 사망보험금, 살아있을 때 연금처럼 받을 수 있다",2025-01-08,https://www.chosun.com/economy/economy_general/2025/01/08/7NABNLMIERFLLITMX4DDZG37WQ,"이에 따라 주택담보대출 중도상환수수료율은 현재 약 1.2∼1.4%에서 0.6∼0.7%로, 신용대출은 현재 0.6∼0.8%에서 0.4% 수준으로 내려간다.",또 1월부터 은행들이 부과하는 중도상환수수료율은 실제 발생한 비용만 반영할 수 있도록 의무화된다.,금융소비자보호법에 따르면 소비자가 대출한 시점으로부터 3년 이내에 대출금을 갚는 경우 은행이 중도상환수수료를 부과할 수 있다.,기타,N,금융·금리,중도상환수수료율,"중도상환수수료율, 주택담보대출, 신용대출",-,-,-,-,-,-,-,202501,-,M,확정,0.4%,KOSIS_VALUE,hcx,신용대출 중도상환수수료율,신용대출,-,-,hcx,현재값,0.4,-,-,N,%,수준값,유지,전년동기,"이에 따라 주택담보대출 중도상환수수료율은 현재 약 1.2∼1.4%에서 0.6∼0.7%로, 신용대출은 현재 0.6∼0.8%에서 0.4% 수준으로 내려간다.",high,Y,measurement_period_ungrounded:6,N,0,0,HCX-007,v1.5-measurement-binding,2026-07-27
A2526-C002,A2526-C002-m1,A2526,"뜨거운 땅과 바다… 배추 값 27% 뛰고, 우럭은 폐사 위기",2025-07-14,https://www.chosun.com/economy/economy_general/2025/07/14/OOVM3JHTJZAK7MRNMYFZ3PTFGY,"불과 일주일 전만 해도 2만5000원을 넘지 않던 수박 한 통 가격이 어느덧 3만원에 육박하고 있고, 여름철 고랭지에서 자라는 배춧값도 일주일 새 20% 넘게 뛰었다.","이달 초 때 이른 무더위로 주요 농경지와 바다 위 양식장 등도 온통 뜨겁게 달궈지면서, 농·수산물 가격이 속수무책으로 오르는 ‘히트플레이션(Heatflation·더위가 불러오는 물가 상승)’이 현실화되고 있다.","대표적인 양식 어종인 우럭, 홍합, 멍게 등은 올 들어 바다가 빠르게 뜨거워지면서 작년에 이어 2년 연속으로 줄지어 폐사하면서 값이 뛸 위기에 처했다.",국내공식통계,N,물가,농·수산물 가격,"배추, 수박, 우럭, 히트플레이션",-,-,-,-,-,-,-,202507,-,M,확정,3만원,KOSIS_VALUE,hcx,수박 한 통 가격,수박,-,-,hcx,현재값,30000,-,-,N,원,수준값,증가,전월,"[검증 대상 문장] 불과 일주일 전만 해도 2만5000원을 넘지 않던 수박 한 통 가격이 어느덧 3만원에 육박하고 있고, 여름철 고랭지에서 자라는 배춧값도 일주일 새 20% 넘게 뛰었다.",high,Y,measurement_period_ungrounded:3,N,0,0,HCX-007,v1.5-measurement-binding,2026-07-27
A2526-C002,A2526-C002-m2,A2526,"뜨거운 땅과 바다… 배추 값 27% 뛰고, 우럭은 폐사 위기",2025-07-14,https://www.chosun.com/economy/economy_general/2025/07/14/OOVM3JHTJZAK7MRNMYFZ3PTFGY,"불과 일주일 전만 해도 2만5000원을 넘지 않던 수박 한 통 가격이 어느덧 3만원에 육박하고 있고, 여름철 고랭지에서 자라는 배춧값도 일주일 새 20% 넘게 뛰었다.","이달 초 때 이른 무더위로 주요 농경지와 바다 위 양식장 등도 온통 뜨겁게 달궈지면서, 농·수산물 가격이 속수무책으로 오르는 ‘히트플레이션(Heatflation·더위가 불러오는 물가 상승)’이 현실화되고 있다.","대표적인 양식 어종인 우럭, 홍합, 멍게 등은 올 들어 바다가 빠르게 뜨거워지면서 작년에 이어 2년 연속으로 줄지어 폐사하면서 값이 뛸 위기에 처했다.",국내공식통계,N,물가,농·수산물 가격,"배추, 수박, 우럭, 히트플레이션",-,-,-,-,-,-,-,202507,-,M,확정,2만5000원,KOSIS_VALUE,hcx,수박 한 통 가격,수박,-,-,hcx,현재값,25000,-,-,N,원,수준값,감소,전월,"[검증 대상 문장] 불과 일주일 전만 해도 2만5000원을 넘지 않던 수박 한 통 가격이 어느덧 3만원에 육박하고 있고, 여름철 고랭지에서 자라는 배춧값도 일주일 새 20% 넘게 뛰었다.",high,Y,measurement_period_ungrounded:3,N,0,0,HCX-007,v1.5-measurement-binding,2026-07-27
A2526-C002,A2526-C002-m3,A2526,"뜨거운 땅과 바다… 배추 값 27% 뛰고, 우럭은 폐사 위기",2025-07-14,https://www.chosun.com/economy/economy_general/2025/07/14/OOVM3JHTJZAK7MRNMYFZ3PTFGY,"불과 일주일 전만 해도 2만5000원을 넘지 않던 수박 한 통 가격이 어느덧 3만원에 육박하고 있고, 여름철 고랭지에서 자라는 배춧값도 일주일 새 20% 넘게 뛰었다.","이달 초 때 이른 무더위로 주요 농경지와 바다 위 양식장 등도 온통 뜨겁게 달궈지면서, 농·수산물 가격이 속수무책으로 오르는 ‘히트플레이션(Heatflation·더위가 불러오는 물가 상승)’이 현실화되고 있다.","대표적인 양식 어종인 우럭, 홍합, 멍게 등은 올 들어 바다가 빠르게 뜨거워지면서 작년에 이어 2년 연속으로 줄지어 폐사하면서 값이 뛸 위기에 처했다.",국내공식통계,N,물가,농·수산물 가격,"배추, 수박, 우럭, 히트플레이션",-,-,-,-,-,-,-,202507,-,M,확정,20%,KOSIS_VALUE,hcx,배춧값 상승률,배추,-,-,hcx,현재값,20,-,-,N,%,증감률,증가,전월,"[검증 대상 문장] 불과 일주일 전만 해도 2만5000원을 넘지 않던 수박 한 통 가격이 어느덧 3만원에 육박하고 있고, 여름철 고랭지에서 자라는 배춧값도 일주일 새 20% 넘게 뛰었다.",high,Y,measurement_period_ungrounded:3,N,0,0,HCX-007,v1.5-measurement-binding,2026-07-27
A1829-C011,A1829-C011-m1,A1829,"케이뱅크, 이자이익 나홀로 -20%… 업비트 의존 ‘발목’",2025-05-21,https://www.chosun.com/economy/economy_general/2025/05/21/BKZO5BH23NBX7D2QJWR4JGYHVI,케이뱅크로서는 자금 조달 비용이 21배 뛴 것이다.,지난해 7월 투자자에게 이자 수익을 돌려주도록 한 가상자산이용자보호법이 시행되며 케이뱅크가 업비트와 이용료율을 과거 연 0.1%에서 연 2.1%로 협의했기 때문이다.,게다가 금융 당국의 가계 대출 관리 강화 기조에 늘어난 예금만큼 대출을 충분히 내주지는 못하고 있다.,개별기업,N,금융·금리,자금 조달 비용 증가 배수,-,-,-,-,케이뱅크,-,-,-,2025,-,Y,확정,21배,KOSIS_VALUE,hcx,자금 조달 비용 증가 배수,케이뱅크,-,-,hcx,현재값,21,-,-,N,배,수준값,-,전년,케이뱅크로서는 자금 조달 비용이 21배 뛴 것이다.,high,Y,measurement_period_ungrounded:1,N,0,0,HCX-007,v1.5-measurement-binding,2026-07-27
A1451-C013,A1451-C013-m1,A1451,"대기업 여성 연봉, 남성 70% 수준…상사 기업에서 격차 가장 커",2025-04-22,https://www.chosun.com/economy/industry-company/2025/04/22/BYCTML74DFCA3HLEJIUNEUKDDI,"자동차 부품 제조기업인 중견기업 서연이화, 특수강 전문회사 대기업 세아창원특수강은 남녀 평균 연봉이 각각 1억1300만원, 8500만원으로 같았다.",평균 연봉에서 남녀 차이가 거의 없는 기업들도 있다.,"풍산은 남성 9282만원, 여성 8974만원으로 96.7%였으며, 현대케피코는 남성 1억1800만원, 여성 1억1400만원으로 96.6%, 에코프로비엠은 남성 6100만원, 여성 5800만원으로 95.1% 수준의 비교적 작은 격차를 보였다.",개별기업,N,소득·임금,평균 연봉,"대기업, 여성, 연봉, 남성, 70%",-,-,전체,-,-,-,-,2025,-,Y,확정,1억1300만원,KOSIS_VALUE,hcx,남녀 평균 연봉,서연이화,-,-,hcx,현재값,113000000,-,-,N,원,수준값,-,전년,"자동차 부품 제조기업인 중견기업 서연이화, 특수강 전문회사 대기업 세아창원특수강은 남녀 평균 연봉이 각각 1억1300만원, 8500만원으로 같았다.",high,Y,measurement_period_ungrounded:2,N,0,0,HCX-007,v1.5-measurement-binding,2026-07-27
A1451-C013,A1451-C013-m2,A1451,"대기업 여성 연봉, 남성 70% 수준…상사 기업에서 격차 가장 커",2025-04-22,https://www.chosun.com/economy/industry-company/2025/04/22/BYCTML74DFCA3HLEJIUNEUKDDI,"자동차 부품 제조기업인 중견기업 서연이화, 특수강 전문회사 대기업 세아창원특수강은 남녀 평균 연봉이 각각 1억1300만원, 8500만원으로 같았다.",평균 연봉에서 남녀 차이가 거의 없는 기업들도 있다.,"풍산은 남성 9282만원, 여성 8974만원으로 96.7%였으며, 현대케피코는 남성 1억1800만원, 여성 1억1400만원으로 96.6%, 에코프로비엠은 남성 6100만원, 여성 5800만원으로 95.1% 수준의 비교적 작은 격차를 보였다.",개별기업,N,소득·임금,평균 연봉,"대기업, 여성, 연봉, 남성, 70%",-,-,전체,-,-,-,-,2025,-,Y,확정,8500만원,KOSIS_VALUE,hcx,남녀 평균 연봉,세아창원특수강,-,-,hcx,현재값,85000000,-,-,N,원,수준값,-,전년,"자동차 부품 제조기업인 중견기업 서연이화, 특수강 전문회사 대기업 세아창원특수강은 남녀 평균 연봉이 각각 1억1300만원, 8500만원으로 같았다.",high,Y,measurement_period_ungrounded:2,N,0,0,HCX-007,v1.5-measurement-binding,2026-07-27
A2657-C003,A2657-C003-m1,A2657,더 가팔라진 ‘富의 사다리’… 소득계층 상승 17%뿐,2025-10-28,https://www.chosun.com/economy/economy_general/2025/10/28/BEESNX7GT5CP5F3KPXWZI7JORQ/,2022년엔 1분위(소득 하위 20%)였다가 2023년엔 2분위(하위 20~40%) 등으로 올라간 경우를 뜻하는 이 비율은 사회 계층 이동성을 따지는 지표다.,"국가데이터처가 27일 발표한 ‘2023년 소득 이동 통계’에 따르면, 2023년 소득 분위(1~5분위)가 전년 대비 한 계단 이상 상승한 사람은 소득이 있는 15세 이상 인구의 17.3%에 그쳤다.",2020년 18.2%였던 이 비율은 2021년(17.6%)부터 3년 연속 하락했다.,국내공식통계,Y,소득·임금,사회 계층 이동성 비율,"소득계층 상승, 소득 분위기, 사회 계층 이동성",-,15세 이상,-,-,-,-,-,2023,-,Y,확정,20%,KOSIS_VALUE,hcx,소득 1분위,-,2022,Y,hcx,현재값,20,-,-,N,%,비중,-,-,"국가데이터처가 27일 발표한 ‘2023년 소득 이동 통계’에 따르면, 2023년 소득 분위(1~5분위)가 전년 대비 한 계단 이상 상승한 사람은 소득이 있는 15세 이상 인구의 17.3%에 그쳤다.",high,N,-,Y,0,0,HCX-007,v1.5-measurement-binding,2026-07-27
A2657-C003,A2657-C003-m2,A2657,더 가팔라진 ‘富의 사다리’… 소득계층 상승 17%뿐,2025-10-28,https://www.chosun.com/economy/economy_general/2025/10/28/BEESNX7GT5CP5F3KPXWZI7JORQ/,2022년엔 1분위(소득 하위 20%)였다가 2023년엔 2분위(하위 20~40%) 등으로 올라간 경우를 뜻하는 이 비율은 사회 계층 이동성을 따지는 지표다.,"국가데이터처가 27일 발표한 ‘2023년 소득 이동 통계’에 따르면, 2023년 소득 분위(1~5분위)가 전년 대비 한 계단 이상 상승한 사람은 소득이 있는 15세 이상 인구의 17.3%에 그쳤다.",2020년 18.2%였던 이 비율은 2021년(17.6%)부터 3년 연속 하락했다.,국내공식통계,Y,소득·임금,사회 계층 이동성 비율,"소득계층 상승, 소득 분위기, 사회 계층 이동성",-,15세 이상,-,-,-,-,-,2023,-,Y,확정,40%,KOSIS_VALUE,hcx,소득 2분위,-,2023,Y,hcx,현재값,40,-,-,N,%,비중,-,-,"국가데이터처가 27일 발표한 ‘2023년 소득 이동 통계’에 따르면, 2023년 소득 분위(1~5분위)가 전년 대비 한 계단 이상 상승한 사람은 소득이 있는 15세 이상 인구의 17.3%에 그쳤다.",high,N,-,Y,0,0,HCX-007,v1.5-measurement-binding,2026-07-27
A0133-C022,-,A0133,이념 갈등에 연간 60조원 날아간다,2025-01-11,https://www.chosun.com/economy/economy_general/2025/01/11/6PSY5DRFZBEIPNNPIDK3APY4CE,"통계청에 따르면, 대표적인 내수 지표인 소매 판매액 지수는 지난 2022년 2분기(4~6월) 이후 지난해 3분기(7~9월)까지 10분기 연속 감소해 왔다.",가뜩이나 극심한 내수 부진에 시달려 온 자영업자들이 정치 갈등에 따른 손해까지 떠안게 된 것이다.,윤 대통령 체포 찬반 집회로 인한 인근 상권의 매출 감소는 편의점 등 일부 업종을 제외하면 대체로 공통적으로 나타났다.,국내공식통계,N,소매·소비,소매 판매액 지수,"내수 지표, 소매 판매액 지수, 분기",-,-,-,-,-,-,-,2022Q4,2023Q3,Q,확정,-,-,-,-,-,-,-,-,-,-,-,-,-,-,-,-,-,"통계청에 따르면, 대표적인 내수 지표인 소매 판매액 지수는 지난 2022년 2분기(4~6월) 이후 지난해 3분기(7~9월)까지 10분기 연속 감소해 왔다.",high,N,-,Y,0,0,HCX-007,v1.5-measurement-binding,2026-07-27
A2257-C005,A2257-C005-m1,A2257,올해 수출 하반기에 더 부진할 듯… 3.8% 감소 전망,2025-06-23,https://www.chosun.com/economy/industry-company/2025/06/23/2LYH3LOXSRF4VM7CMND72XB5JM,보고서는 연간 수출은 작년보다 2.2% 줄어든 6685억달러가 될 것으로 예상했다.,"22일 한국무역협회 국제무역통상연구원이 발표한 ‘2025년 상반기 수출입 평가 및 하반기 전망’ 보고서에 따르면, 올해 수출은 상반기에 작년보다 0.6% 줄어드는 데 이어 하반기에는 3.8% 감소한 3355억달러에 그칠 전망이다.","무협은 작년 11월 올해 전체 수출이 1.8% 성장한 6970억달러에 달할 것이라고 예상했지만, 반년 만에 ‘마이너스 성장’이라는 비관적인 전망으로 돌아선 것이다.",국내공식통계,N,무역,연간 수출 증가율,"수출, 연간, 증가율, 마이너스 성장",-,-,-,-,-,-,-,2025,-,Y,확정,2.2%,KOSIS_VALUE,hcx,연간 수출 증가율,-,2025,Y,hcx,증감률,2.2,-,-,N,%,증감률,감소,전년,보고서는 연간 수출은 작년보다 2.2% 줄어든 6685억달러가 될 것으로 예상했다.,high,N,-,N,0,0,HCX-007,v1.5-measurement-binding,2026-07-27
A2257-C005,A2257-C005-m2,A2257,올해 수출 하반기에 더 부진할 듯… 3.8% 감소 전망,2025-06-23,https://www.chosun.com/economy/industry-company/2025/06/23/2LYH3LOXSRF4VM7CMND72XB5JM,보고서는 연간 수출은 작년보다 2.2% 줄어든 6685억달러가 될 것으로 예상했다.,"22일 한국무역협회 국제무역통상연구원이 발표한 ‘2025년 상반기 수출입 평가 및 하반기 전망’ 보고서에 따르면, 올해 수출은 상반기에 작년보다 0.6% 줄어드는 데 이어 하반기에는 3.8% 감소한 3355억달러에 그칠 전망이다.","무협은 작년 11월 올해 전체 수출이 1.8% 성장한 6970억달러에 달할 것이라고 예상했지만, 반년 만에 ‘마이너스 성장’이라는 비관적인 전망으로 돌아선 것이다.",국내공식통계,N,무역,연간 수출 증가율,"수출, 연간, 증가율, 마이너스 성장",-,-,-,-,-,-,-,2025,-,Y,확정,6685억달러,KOSIS_VALUE,hcx,연간 수출 총액,-,2025,Y,hcx,현재값,668500000000,-,-,N,달러,수준값,감소,전년,보고서는 연간 수출은 작년보다 2.2% 줄어든 6685억달러가 될 것으로 예상했다.,high,N,-,N,0,0,HCX-007,v1.5-measurement-binding,2026-07-27
A2115-C013,A2115-C013-m1,A2115,당국 규제에도 펄펄 끓는 주담대… 지난달 5.6조 급증,2025-06-12,https://www.chosun.com/economy/economy_general/2025/06/12/VCKXZWTLQNFE7CLYPDR6ROMK3U,"금융권 전체 주택 담보대출은 지난달 5조6000억원이나 늘었는데, 은행권(4조2000억원)뿐 아니라, 2금융권도 1조4000억원가량 증가했다.",여기에는 주택 구입 수요 증가에 따른 주택 담보대출 증가가 결정적인 영향을 끼쳤다.,"이는 전달 증가 폭(은행 3조7000억원, 2금융권 1조1000억원)보다 3000억~5000억원 증가한 것이다.",국내공식통계,Y,금융·금리,주택담보대출,"주택담보, 대출, 금융권, 은행권, 2금융권",-,-,-,-,-,-,-,2025-05,-,M,확정,5조6000억원,KOSIS_VALUE,hcx,주택담보대출 총액,-,-,-,hcx,현재값,5600000000000,-,-,N,원,수준값,증가,전월,"금융권 전체 주택 담보대출은 지난달 5조6000억원이나 늘었는데, 은행권(4조2000억원)뿐 아니라, 2금융권도 1조4000억원가량 증가했다.",high,Y,measurement_period_ungrounded:3,N,0,0,HCX-007,v1.5-measurement-binding,2026-07-27
A2115-C013,A2115-C013-m2,A2115,당국 규제에도 펄펄 끓는 주담대… 지난달 5.6조 급증,2025-06-12,https://www.chosun.com/economy/economy_general/2025/06/12/VCKXZWTLQNFE7CLYPDR6ROMK3U,"금융권 전체 주택 담보대출은 지난달 5조6000억원이나 늘었는데, 은행권(4조2000억원)뿐 아니라, 2금융권도 1조4000억원가량 증가했다.",여기에는 주택 구입 수요 증가에 따른 주택 담보대출 증가가 결정적인 영향을 끼쳤다.,"이는 전달 증가 폭(은행 3조7000억원, 2금융권 1조1000억원)보다 3000억~5000억원 증가한 것이다.",국내공식통계,Y,금융·금리,주택담보대출,"주택담보, 대출, 금융권, 은행권, 2금융권",-,-,-,-,-,-,-,2025-05,-,M,확정,4조2000억원,KOSIS_VALUE,hcx,은행권 주택담보대출,-,-,-,hcx,현재값,4200000000000,-,-,N,원,수준값,증가,전월,"금융권 전체 주택 담보대출은 지난달 5조6000억원이나 늘었는데, 은행권(4조2000억원)뿐 아니라, 2금융권도 1조4000억원가량 증가했다.",high,Y,measurement_period_ungrounded:3,N,0,0,HCX-007,v1.5-measurement-binding,2026-07-27
A2115-C013,A2115-C013-m3,A2115,당국 규제에도 펄펄 끓는 주담대… 지난달 5.6조 급증,2025-06-12,https://www.chosun.com/economy/economy_general/2025/06/12/VCKXZWTLQNFE7CLYPDR6ROMK3U,"금융권 전체 주택 담보대출은 지난달 5조6000억원이나 늘었는데, 은행권(4조2000억원)뿐 아니라, 2금융권도 1조4000억원가량 증가했다.",여기에는 주택 구입 수요 증가에 따른 주택 담보대출 증가가 결정적인 영향을 끼쳤다.,"이는 전달 증가 폭(은행 3조7000억원, 2금융권 1조1000억원)보다 3000억~5000억원 증가한 것이다.",국내공식통계,Y,금융·금리,주택담보대출,"주택담보, 대출, 금융권, 은행권, 2금융권",-,-,-,-,-,-,-,2025-05,-,M,확정,1조4000억원가량,KOSIS_VALUE,hcx,2금융권 주택담보대출,-,-,-,hcx,현재값,1400000000000,-,-,Y,원,수준값,증가,전월,"금융권 전체 주택 담보대출은 지난달 5조6000억원이나 늘었는데, 은행권(4조2000억원)뿐 아니라, 2금융권도 1조4000억원가량 증가했다.",high,Y,measurement_period_ungrounded:3,N,0,0,HCX-007,v1.5-measurement-binding,2026-07-27
A0766-C010,A0766-C010-m1,A0766,빚쟁이 국가서 11년 만에 세계 7위 채권국으로,2025-02-28,https://www.chosun.com/economy/economy_general/2025/02/28/USKPWHKTOJGCVO4XY4XX3BHTXA,◇서학 개미 투자 작년 50% 급증 한국의 순대외금융자산이 1조달러를 돌파한 데는 서학 개미(해외 주식 투자자)의 약진이 큰 역할을 했다.,"국제통화기금(IMF)이 집계한 국가별 순대외금융자산 순위에서 한국은 2012년 133위에 그쳤지만, 2021년에는 10위권으로 수직 상승했고, 작년엔 7위 규모로 집계됐다.",통계 집계를 시작한 2011년 76억달러(약 11조원)에 불과했던 서학 개미의 해외 주식·채권 보관액은 지난해 1587억달러로 20배로 급증했다.,국내공식통계,N,금융·금리,순대외금융자산,"국제통화기금, 국가별 순대외금융자산 순위, 서학 개미, 해외 주식 투자자, 해외 주식·채권 보관액",-,-,-,-,-,-,-,2024,-,Y,확정,50%,KOSIS_VALUE,hcx,서학 개미 투자 증가율,서학 개미,2024,Y,hcx,현재값,50,-,-,N,%,증감률,증가,전년,◇서학 개미 투자 작년 50% 급증 한국의 순대외금융자산이 1조달러를 돌파한 데는 서학 개미(해외 주식 투자자)의 약진이 큰 역할을 했다.,high,N,-,N,0,0,HCX-007,v1.5-measurement-binding,2026-07-27
A0766-C010,A0766-C010-m2,A0766,빚쟁이 국가서 11년 만에 세계 7위 채권국으로,2025-02-28,https://www.chosun.com/economy/economy_general/2025/02/28/USKPWHKTOJGCVO4XY4XX3BHTXA,◇서학 개미 투자 작년 50% 급증 한국의 순대외금융자산이 1조달러를 돌파한 데는 서학 개미(해외 주식 투자자)의 약진이 큰 역할을 했다.,"국제통화기금(IMF)이 집계한 국가별 순대외금융자산 순위에서 한국은 2012년 133위에 그쳤지만, 2021년에는 10위권으로 수직 상승했고, 작년엔 7위 규모로 집계됐다.",통계 집계를 시작한 2011년 76억달러(약 11조원)에 불과했던 서학 개미의 해외 주식·채권 보관액은 지난해 1587억달러로 20배로 급증했다.,국내공식통계,N,금융·금리,순대외금융자산,"국제통화기금, 국가별 순대외금융자산 순위, 서학 개미, 해외 주식 투자자, 해외 주식·채권 보관액",-,-,-,-,-,-,-,2024,-,Y,확정,1조달러,CONTEXT,hcx,한국의 순대외금융자산,-,2024,Y,hcx,참고값,1000000000000,-,-,N,달러,수준값,-,-,◇서학 개미 투자 작년 50% 급증 한국의 순대외금융자산이 1조달러를 돌파한 데는 서학 개미(해외 주식 투자자)의 약진이 큰 역할을 했다.,high,N,-,N,0,0,HCX-007,v1.5-measurement-binding,2026-07-27
A1304-C012,A1304-C012-m1,A1304,“로봇 AI 공동 개발”… K-휴머노이드 연합 출범,2025-04-11,https://www.chosun.com/economy/industry-company/2025/04/11/5EP77A3QK5GA3AADEUUXX3SH7I,안덕근 산업부 장관은 “휴머노이드 시장은 2025년 15억달러에서 2035년 380억달러로 10년 내 25배 성장이 기대되는 유망 산업”이라며 “제조업의 미래 경쟁력과 직결된 만큼 글로벌 경쟁에 빨리 뛰어들어야 한다”고 했다.,"이에 정부와 기업, 대학 등이 힘을 합쳐 대응에 나선 것이다.",-,전망·목표,N,생산·산업,휴머노이드 시장 규모,"휴머노이드, 제조업, 글로벌 경쟁",-,-,-,휴머노이드,-,-,-,2025,-,Y,확정,15억달러,KOSIS_VALUE,hcx,휴머노이드 시장 규모,휴머노이드,2025,Y,hcx,이전값,1500000000,-,-,N,달러,수준값,-,전년,"""휴머노이드 시장은 2025년 15억달러에서 2035년 380억달러로 10년 내 25배 성장이 기대되는 유망 산업""이라며 ""제조업의 미래 경쟁력과 직결된 만큼 글로벌 경쟁에 빨리 뛰어들어야 한다""",high,N,-,N,0,0,HCX-007,v1.5-measurement-binding,2026-07-27
A1304-C012,A1304-C012-m2,A1304,“로봇 AI 공동 개발”… K-휴머노이드 연합 출범,2025-04-11,https://www.chosun.com/economy/industry-company/2025/04/11/5EP77A3QK5GA3AADEUUXX3SH7I,안덕근 산업부 장관은 “휴머노이드 시장은 2025년 15억달러에서 2035년 380억달러로 10년 내 25배 성장이 기대되는 유망 산업”이라며 “제조업의 미래 경쟁력과 직결된 만큼 글로벌 경쟁에 빨리 뛰어들어야 한다”고 했다.,"이에 정부와 기업, 대학 등이 힘을 합쳐 대응에 나선 것이다.",-,전망·목표,N,생산·산업,휴머노이드 시장 규모,"휴머노이드, 제조업, 글로벌 경쟁",-,-,-,휴머노이드,-,-,-,2025,-,Y,확정,380억달러,KOSIS_VALUE,hcx,휴머노이드 시장 규모,휴머노이드,2035,Y,hcx,현재값,38000000000,-,-,N,달러,수준값,-,전년동기,"""휴머노이드 시장은 2025년 15억달러에서 2035년 380억달러로 10년 내 25배 성장이 기대되는 유망 산업""이라며 ""제조업의 미래 경쟁력과 직결된 만큼 글로벌 경쟁에 빨리 뛰어들어야 한다""",high,N,-,N,0,0,HCX-007,v1.5-measurement-binding,2026-07-27
A1304-C012,A1304-C012-m3,A1304,“로봇 AI 공동 개발”… K-휴머노이드 연합 출범,2025-04-11,https://www.chosun.com/economy/industry-company/2025/04/11/5EP77A3QK5GA3AADEUUXX3SH7I,안덕근 산업부 장관은 “휴머노이드 시장은 2025년 15억달러에서 2035년 380억달러로 10년 내 25배 성장이 기대되는 유망 산업”이라며 “제조업의 미래 경쟁력과 직결된 만큼 글로벌 경쟁에 빨리 뛰어들어야 한다”고 했다.,"이에 정부와 기업, 대학 등이 힘을 합쳐 대응에 나선 것이다.",-,전망·목표,N,생산·산업,휴머노이드 시장 규모,"휴머노이드, 제조업, 글로벌 경쟁",-,-,-,휴머노이드,-,-,-,2025,-,Y,확정,10년,CONTEXT,hcx,성장 기간,휴머노이드,2035,Y,hcx,참고값,10,-,-,N,년,수준값,-,-,"""휴머노이드 시장은 2025년 15억달러에서 2035년 380억달러로 10년 내 25배 성장이 기대되는 유망 산업""이라며 ""제조업의 미래 경쟁력과 직결된 만큼 글로벌 경쟁에 빨리 뛰어들어야 한다""",high,N,-,N,0,0,HCX-007,v1.5-measurement-binding,2026-07-27
A1304-C012,A1304-C012-m4,A1304,“로봇 AI 공동 개발”… K-휴머노이드 연합 출범,2025-04-11,https://www.chosun.com/economy/industry-company/2025/04/11/5EP77A3QK5GA3AADEUUXX3SH7I,안덕근 산업부 장관은 “휴머노이드 시장은 2025년 15억달러에서 2035년 380억달러로 10년 내 25배 성장이 기대되는 유망 산업”이라며 “제조업의 미래 경쟁력과 직결된 만큼 글로벌 경쟁에 빨리 뛰어들어야 한다”고 했다.,"이에 정부와 기업, 대학 등이 힘을 합쳐 대응에 나선 것이다.",-,전망·목표,N,생산·산업,휴머노이드 시장 규모,"휴머노이드, 제조업, 글로벌 경쟁",-,-,-,휴머노이드,-,-,-,2025,-,Y,확정,25배,KOSIS_VALUE,hcx,시장 성장 배수,휴머노이드,2035,Y,hcx,현재값,25,-,-,N,배,수준값,-,-,"""휴머노이드 시장은 2025년 15억달러에서 2035년 380억달러로 10년 내 25배 성장이 기대되는 유망 산업""이라며 ""제조업의 미래 경쟁력과 직결된 만큼 글로벌 경쟁에 빨리 뛰어들어야 한다""",high,N,-,N,0,0,HCX-007,v1.5-measurement-binding,2026-07-27
A1476-C005,A1476-C005-m1,A1476,그래도 결혼은 11개월째 늘어,2025-04-24,https://www.chosun.com/economy/economy_general/2025/04/24/LVTPH6GRPJHYTDZKQLARLSAKYU,33년여 만에 최장 기간 혼인 증가세 기록을 다시 경신한 것이다.,과거 혼인 건수 증가세가 가장 오래 지속된 기간은 1960년대 초반생인 베이비부머들이 집중적으로 결혼을 하던 1991년 3월부터 12월까지 10개월이었다.,최근 혼인 증가세는 1990년대 초반생들이 이끌고 있다.,국내공식통계,N,인구,혼인 증가세 기록,"혼인 건수, 증가세, 최장 기간",-,-,-,-,-,-,-,2025,-,Y,확정,33년,CONTEXT,hcx,혼인 증가세 기록,-,2025,Y,claim_fallback,참고값,33,-,-,N,년,수준값,증가,-,33년여 만에 최장 기간 혼인 증가세 기록을 다시 경신한 것이다.,high,Y,measurement_binding_fallback:1,N,0,1,HCX-007,v1.5-measurement-binding,2026-07-27
A0969-C017,A0969-C017-m1,A0969,지난달 IT 수출액 늘었지만… 對中 반도체 수출은 30% ‘뚝’,2025-03-16,https://www.chosun.com/economy/industry-company/2025/03/16/YTIMRXZ7Z5EUFFJHJSX6EFBY3U,"지역별로는 미국(11.5%), 베트남(15.6%), 대만(124.3%), 인도(54.9%) 등에서 ICT 수출이 증가했지만 중국(-19.6%), 유럽연합(-7.6%), 일본(-5.7%) 등에서는 감소했다.","휴대전화는 중국, 베트남, 인도 등 해외 생산 기지에 대한 부품 수출 확대, 컴퓨터·주변기기는 미국, 유럽연합(EU) 등의 서버·데이터센터 투자 확대에 따른 저장 장치 수요 증가에 따른 것으로 분석된다.",한편 지난달 ICT 수입액은 109억달러로 1년 전보다 5.6% 늘어났다.,국내공식통계,Y,무역,ICT 수출 증감률,"IT 수출, 반도체 수출, ICT 수출",-,-,-,-,-,-,-,2025-02,-,M,확정,11.5%,KOSIS_VALUE,hcx,ICT 수출,미국,-,-,hcx,증감률,11.5,-,-,N,%,증감률,증가,전년동월,"지역별로는 미국(11.5%), 베트남(15.6%), 대만(124.3%), 인도(54.9%) 등에서 ICT 수출이 증가했지만 중국(-19.6%), 유럽연합(-7.6%), 일본(-5.7%) 등에서는 감소했다.",high,Y,measurement_period_ungrounded:7,N,0,0,HCX-007,v1.5-measurement-binding,2026-07-27
A0969-C017,A0969-C017-m2,A0969,지난달 IT 수출액 늘었지만… 對中 반도체 수출은 30% ‘뚝’,2025-03-16,https://www.chosun.com/economy/industry-company/2025/03/16/YTIMRXZ7Z5EUFFJHJSX6EFBY3U,"지역별로는 미국(11.5%), 베트남(15.6%), 대만(124.3%), 인도(54.9%) 등에서 ICT 수출이 증가했지만 중국(-19.6%), 유럽연합(-7.6%), 일본(-5.7%) 등에서는 감소했다.","휴대전화는 중국, 베트남, 인도 등 해외 생산 기지에 대한 부품 수출 확대, 컴퓨터·주변기기는 미국, 유럽연합(EU) 등의 서버·데이터센터 투자 확대에 따른 저장 장치 수요 증가에 따른 것으로 분석된다.",한편 지난달 ICT 수입액은 109억달러로 1년 전보다 5.6% 늘어났다.,국내공식통계,Y,무역,ICT 수출 증감률,"IT 수출, 반도체 수출, ICT 수출",-,-,-,-,-,-,-,2025-02,-,M,확정,15.6%,KOSIS_VALUE,hcx,ICT 수출,베트남,-,-,hcx,증감률,15.6,-,-,N,%,증감률,증가,전년동월,"지역별로는 미국(11.5%), 베트남(15.6%), 대만(124.3%), 인도(54.9%) 등에서 ICT 수출이 증가했지만 중국(-19.6%), 유럽연합(-7.6%), 일본(-5.7%) 등에서는 감소했다.",high,Y,measurement_period_ungrounded:7,N,0,0,HCX-007,v1.5-measurement-binding,2026-07-27
A0969-C017,A0969-C017-m3,A0969,지난달 IT 수출액 늘었지만… 對中 반도체 수출은 30% ‘뚝’,2025-03-16,https://www.chosun.com/economy/industry-company/2025/03/16/YTIMRXZ7Z5EUFFJHJSX6EFBY3U,"지역별로는 미국(11.5%), 베트남(15.6%), 대만(124.3%), 인도(54.9%) 등에서 ICT 수출이 증가했지만 중국(-19.6%), 유럽연합(-7.6%), 일본(-5.7%) 등에서는 감소했다.","휴대전화는 중국, 베트남, 인도 등 해외 생산 기지에 대한 부품 수출 확대, 컴퓨터·주변기기는 미국, 유럽연합(EU) 등의 서버·데이터센터 투자 확대에 따른 저장 장치 수요 증가에 따른 것으로 분석된다.",한편 지난달 ICT 수입액은 109억달러로 1년 전보다 5.6% 늘어났다.,국내공식통계,Y,무역,ICT 수출 증감률,"IT 수출, 반도체 수출, ICT 수출",-,-,-,-,-,-,-,2025-02,-,M,확정,124.3%,KOSIS_VALUE,hcx,ICT 수출,대만,-,-,hcx,증감률,124.3,-,-,N,%,증감률,증가,전년동월,"지역별로는 미국(11.5%), 베트남(15.6%), 대만(124.3%), 인도(54.9%) 등에서 ICT 수출이 증가했지만 중국(-19.6%), 유럽연합(-7.6%), 일본(-5.7%) 등에서는 감소했다.",high,Y,measurement_period_ungrounded:7,N,0,0,HCX-007,v1.5-measurement-binding,2026-07-27
A0969-C017,A0969-C017-m4,A0969,지난달 IT 수출액 늘었지만… 對中 반도체 수출은 30% ‘뚝’,2025-03-16,https://www.chosun.com/economy/industry-company/2025/03/16/YTIMRXZ7Z5EUFFJHJSX6EFBY3U,"지역별로는 미국(11.5%), 베트남(15.6%), 대만(124.3%), 인도(54.9%) 등에서 ICT 수출이 증가했지만 중국(-19.6%), 유럽연합(-7.6%), 일본(-5.7%) 등에서는 감소했다.","휴대전화는 중국, 베트남, 인도 등 해외 생산 기지에 대한 부품 수출 확대, 컴퓨터·주변기기는 미국, 유럽연합(EU) 등의 서버·데이터센터 투자 확대에 따른 저장 장치 수요 증가에 따른 것으로 분석된다.",한편 지난달 ICT 수입액은 109억달러로 1년 전보다 5.6% 늘어났다.,국내공식통계,Y,무역,ICT 수출 증감률,"IT 수출, 반도체 수출, ICT 수출",-,-,-,-,-,-,-,2025-02,-,M,확정,54.9%,KOSIS_VALUE,hcx,ICT 수출,인도,-,-,hcx,증감률,54.9,-,-,N,%,증감률,증가,전년동월,"지역별로는 미국(11.5%), 베트남(15.6%), 대만(124.3%), 인도(54.9%) 등에서 ICT 수출이 증가했지만 중국(-19.6%), 유럽연합(-7.6%), 일본(-5.7%) 등에서는 감소했다.",high,Y,measurement_period_ungrounded:7,N,0,0,HCX-007,v1.5-measurement-binding,2026-07-27
A0969-C017,A0969-C017-m5,A0969,지난달 IT 수출액 늘었지만… 對中 반도체 수출은 30% ‘뚝’,2025-03-16,https://www.chosun.com/economy/industry-company/2025/03/16/YTIMRXZ7Z5EUFFJHJSX6EFBY3U,"지역별로는 미국(11.5%), 베트남(15.6%), 대만(124.3%), 인도(54.9%) 등에서 ICT 수출이 증가했지만 중국(-19.6%), 유럽연합(-7.6%), 일본(-5.7%) 등에서는 감소했다.","휴대전화는 중국, 베트남, 인도 등 해외 생산 기지에 대한 부품 수출 확대, 컴퓨터·주변기기는 미국, 유럽연합(EU) 등의 서버·데이터센터 투자 확대에 따른 저장 장치 수요 증가에 따른 것으로 분석된다.",한편 지난달 ICT 수입액은 109억달러로 1년 전보다 5.6% 늘어났다.,국내공식통계,Y,무역,ICT 수출 증감률,"IT 수출, 반도체 수출, ICT 수출",-,-,-,-,-,-,-,2025-02,-,M,확정,19.6%,KOSIS_VALUE,hcx,ICT 수출,중국,-,-,hcx,증감률,19.6,-,-,N,%,증감률,감소,전년동월,"지역별로는 미국(11.5%), 베트남(15.6%), 대만(124.3%), 인도(54.9%) 등에서 ICT 수출이 증가했지만 중국(-19.6%), 유럽연합(-7.6%), 일본(-5.7%) 등에서는 감소했다.",high,Y,measurement_period_ungrounded:7,N,0,0,HCX-007,v1.5-measurement-binding,2026-07-27
A0969-C017,A0969-C017-m6,A0969,지난달 IT 수출액 늘었지만… 對中 반도체 수출은 30% ‘뚝’,2025-03-16,https://www.chosun.com/economy/industry-company/2025/03/16/YTIMRXZ7Z5EUFFJHJSX6EFBY3U,"지역별로는 미국(11.5%), 베트남(15.6%), 대만(124.3%), 인도(54.9%) 등에서 ICT 수출이 증가했지만 중국(-19.6%), 유럽연합(-7.6%), 일본(-5.7%) 등에서는 감소했다.","휴대전화는 중국, 베트남, 인도 등 해외 생산 기지에 대한 부품 수출 확대, 컴퓨터·주변기기는 미국, 유럽연합(EU) 등의 서버·데이터센터 투자 확대에 따른 저장 장치 수요 증가에 따른 것으로 분석된다.",한편 지난달 ICT 수입액은 109억달러로 1년 전보다 5.6% 늘어났다.,국내공식통계,Y,무역,ICT 수출 증감률,"IT 수출, 반도체 수출, ICT 수출",-,-,-,-,-,-,-,2025-02,-,M,확정,7.6%,KOSIS_VALUE,hcx,ICT 수출,유럽연합,-,-,hcx,증감률,7.6,-,-,N,%,증감률,감소,전년동월,"지역별로는 미국(11.5%), 베트남(15.6%), 대만(124.3%), 인도(54.9%) 등에서 ICT 수출이 증가했지만 중국(-19.6%), 유럽연합(-7.6%), 일본(-5.7%) 등에서는 감소했다.",high,Y,measurement_period_ungrounded:7,N,0,0,HCX-007,v1.5-measurement-binding,2026-07-27
A0969-C017,A0969-C017-m7,A0969,지난달 IT 수출액 늘었지만… 對中 반도체 수출은 30% ‘뚝’,2025-03-16,https://www.chosun.com/economy/industry-company/2025/03/16/YTIMRXZ7Z5EUFFJHJSX6EFBY3U,"지역별로는 미국(11.5%), 베트남(15.6%), 대만(124.3%), 인도(54.9%) 등에서 ICT 수출이 증가했지만 중국(-19.6%), 유럽연합(-7.6%), 일본(-5.7%) 등에서는 감소했다.","휴대전화는 중국, 베트남, 인도 등 해외 생산 기지에 대한 부품 수출 확대, 컴퓨터·주변기기는 미국, 유럽연합(EU) 등의 서버·데이터센터 투자 확대에 따른 저장 장치 수요 증가에 따른 것으로 분석된다.",한편 지난달 ICT 수입액은 109억달러로 1년 전보다 5.6% 늘어났다.,국내공식통계,Y,무역,ICT 수출 증감률,"IT 수출, 반도체 수출, ICT 수출",-,-,-,-,-,-,-,2025-02,-,M,확정,5.7%,KOSIS_VALUE,hcx,ICT 수출,일본,-,-,hcx,증감률,5.7,-,-,N,%,증감률,감소,전년동월,"지역별로는 미국(11.5%), 베트남(15.6%), 대만(124.3%), 인도(54.9%) 등에서 ICT 수출이 증가했지만 중국(-19.6%), 유럽연합(-7.6%), 일본(-5.7%) 등에서는 감소했다.",high,Y,measurement_period_ungrounded:7,N,0,0,HCX-007,v1.5-measurement-binding,2026-07-27
A1691-C005,-,A1691,"한국 1분기 성장률, 주요 19국 중 꼴찌…글로벌 IB의 올해 한국 성장 전망 평균 0.8%로 ‘뚝’",2025-05-11,https://www.chosun.com/economy/economy_general/2025/05/11/NSAL2IUAUFED5OJRWVUHRM45BU,전 세계 경제가 미국발(發) 관세 전쟁의 영향을 받았지만 유독 한국 경제의 성장이 뒤처지고 있는 것이다.,주요 19국 중 한국과 더불어 역성장한 미국(-0.07%)과 헝가리(-0.15%)도 한국보다 성장률이 더 나았다.,"작년 1분기 한국 성장률(1.3%)은 주요 37국 중 6위였는데, 추가로 성장률 발표가 나와도 올해는 한국이 하위권에 머물 것으로 전망된다.",해외통계·정책,N,무역,한국 성장률,-,-,-,-,-,-,-,-,2025Q1,-,Q,확정,-,-,-,-,-,-,-,-,-,-,-,-,-,-,-,-,-,"작년 1분기 한국 성장률(1.3%)은 주요 37국 중 6위였는데, 추가로 성장률 발표가 나와도 올해는 한국이 하위권에 머물 것으로 전망된다.",mid,N,-,N,0,0,HCX-007,v1.5-measurement-binding,2026-07-27
A0870-C030,A0870-C030-m1,A0870,"방산·고배당 ETF로 재미보긴 했는데... 한화운용, 점유율은 뒷걸음질",2025-03-08,https://www.chosun.com/economy/money/2025/03/08/ITZG6XFNTBGLKGJRY6I62TCUOU,2023년 초 업계 8위에서 지난해 2월 5위로 세 계단이나 오른 후 꾸준히 점유율을 늘리고 있다.,소부장에 특화된 상품을 출시해 투자자들의 호응을 끌어냈다.,이달 11일에는 국내 최초로 금 투자 커버드콜 ETF인 ‘SOL 골드커버드콜액티브’를 출시할 예정이다.,개별기업,N,소매·소비,점유율,"방산, 고배당 ETF, 한화운용, 점유율",-,-,-,ETF,-,-,-,2024년 2월,-,M,확정,8위,KOSIS_VALUE,hcx,점유율 순위,ETF 시장,2023,Y,hcx,이전값,8,-,-,N,위,순위,증가,전년,2023년 초 업계 8위에서 지난해 2월 5위로 세 계단이나 오른 후 꾸준히 점유율을 늘리고 있다.,high,N,-,N,0,0,HCX-007,v1.5-measurement-binding,2026-07-27
A0870-C030,A0870-C030-m2,A0870,"방산·고배당 ETF로 재미보긴 했는데... 한화운용, 점유율은 뒷걸음질",2025-03-08,https://www.chosun.com/economy/money/2025/03/08/ITZG6XFNTBGLKGJRY6I62TCUOU,2023년 초 업계 8위에서 지난해 2월 5위로 세 계단이나 오른 후 꾸준히 점유율을 늘리고 있다.,소부장에 특화된 상품을 출시해 투자자들의 호응을 끌어냈다.,이달 11일에는 국내 최초로 금 투자 커버드콜 ETF인 ‘SOL 골드커버드콜액티브’를 출시할 예정이다.,개별기업,N,소매·소비,점유율,"방산, 고배당 ETF, 한화운용, 점유율",-,-,-,ETF,-,-,-,2024년 2월,-,M,확정,5위,KOSIS_VALUE,hcx,점유율 순위,ETF 시장,2024년 2월,M,hcx,현재값,5,-,-,N,위,순위,증가,전년동기,2023년 초 업계 8위에서 지난해 2월 5위로 세 계단이나 오른 후 꾸준히 점유율을 늘리고 있다.,high,N,-,N,0,0,HCX-007,v1.5-measurement-binding,2026-07-27
A1925-C021,A1925-C021-m1,A1925,90년대생 결혼 늘자 출산율 다시 0.8명대,2025-05-29,https://www.chosun.com/economy/economy_general/2025/05/29/4U6B4YZJFFBRFFDJZFYTZWWI5A,3월 혼인 건수는 1만9181건으로 1년 전보다 11.5% 증가해 작년 4월(24.6%)부터 증가세를 이어가고 있다.,실제 혼인 건수는 12개월 연속 늘었다.,문제는 인구가 적은 2000년대생들이 부모가 되는 시기가 5~10년 앞으로 다가왔다는 점이다.,국내공식통계,Y,인구,혼인 건수,"90년대생, 결혼, 출산율, 인구",-,-,-,-,-,-,-,2025-03,-,M,확정,1만9181건,KOSIS_VALUE,hcx,혼인 건수,-,-,-,hcx,현재값,19181,-,-,N,건,수준값,증가,전년동월,[검증 대상 문장],high,Y,measurement_binding_fallback:1;measurement_period_ungrounded:4,Y,0,1,HCX-007,v1.5-measurement-binding,2026-07-27
A1925-C021,A1925-C021-m2,A1925,90년대생 결혼 늘자 출산율 다시 0.8명대,2025-05-29,https://www.chosun.com/economy/economy_general/2025/05/29/4U6B4YZJFFBRFFDJZFYTZWWI5A,3월 혼인 건수는 1만9181건으로 1년 전보다 11.5% 증가해 작년 4월(24.6%)부터 증가세를 이어가고 있다.,실제 혼인 건수는 12개월 연속 늘었다.,문제는 인구가 적은 2000년대생들이 부모가 되는 시기가 5~10년 앞으로 다가왔다는 점이다.,국내공식통계,Y,인구,혼인 건수,"90년대생, 결혼, 출산율, 인구",-,-,-,-,-,-,-,2025-03,-,M,확정,11.5%,KOSIS_VALUE,hcx,혼인 건수 증감률,-,-,-,hcx,증감률,11.5,-,-,N,%,증감률,증가,전년동월,[검증 대상 문장],high,Y,measurement_binding_fallback:1;measurement_period_ungrounded:4,Y,0,1,HCX-007,v1.5-measurement-binding,2026-07-27
A1925-C021,A1925-C021-m3,A1925,90년대생 결혼 늘자 출산율 다시 0.8명대,2025-05-29,https://www.chosun.com/economy/economy_general/2025/05/29/4U6B4YZJFFBRFFDJZFYTZWWI5A,3월 혼인 건수는 1만9181건으로 1년 전보다 11.5% 증가해 작년 4월(24.6%)부터 증가세를 이어가고 있다.,실제 혼인 건수는 12개월 연속 늘었다.,문제는 인구가 적은 2000년대생들이 부모가 되는 시기가 5~10년 앞으로 다가왔다는 점이다.,국내공식통계,Y,인구,혼인 건수,"90년대생, 결혼, 출산율, 인구",-,-,-,-,-,-,-,2025-03,-,M,확정,1년,CONTEXT,hcx,기간,-,2025-03,M,claim_fallback,참고값,1,-,-,N,년,수준값,증가,-,[검증 대상 문장],high,Y,measurement_binding_fallback:1;measurement_period_ungrounded:4,Y,0,1,HCX-007,v1.5-measurement-binding,2026-07-27
A1925-C021,A1925-C021-m4,A1925,90년대생 결혼 늘자 출산율 다시 0.8명대,2025-05-29,https://www.chosun.com/economy/economy_general/2025/05/29/4U6B4YZJFFBRFFDJZFYTZWWI5A,3월 혼인 건수는 1만9181건으로 1년 전보다 11.5% 증가해 작년 4월(24.6%)부터 증가세를 이어가고 있다.,실제 혼인 건수는 12개월 연속 늘었다.,문제는 인구가 적은 2000년대생들이 부모가 되는 시기가 5~10년 앞으로 다가왔다는 점이다.,국내공식통계,Y,인구,혼인 건수,"90년대생, 결혼, 출산율, 인구",-,-,-,-,-,-,-,2025-03,-,M,확정,24.6%,KOSIS_VALUE,hcx,혼인 건수 증감률,-,-,-,hcx,증감률,24.6,-,-,N,%,증감률,증가,전년동월,[검증 대상 문장],high,Y,measurement_binding_fallback:1;measurement_period_ungrounded:4,Y,0,1,HCX-007,v1.5-measurement-binding,2026-07-27
A1242-C018,A1242-C018-m1,A1242,"기업 투명성 개선 카드인데… 국민연금, 국내 의결권 행사 3년 연속 감소",2025-04-06,https://www.chosun.com/economy/money/2025/04/06/ARZHEIGXGLVDFJZUBDDLDK3JIA,"서한 발신, 비공개 면담을 모두 합친 국민연금과 기업 간 대화 수는 2023년 297건에서 지난해 248건으로 줄었다.",다만 비공개 면담은 160곳에서 208곳으로 증가했다.,시장에선 국민연금이 전체 투자자산 대비 국내주식 비중을 계속 줄여가는 흐름과 무관치 않다는 분석이 나온다.,개별기업,Y,금융·금리,국민연금과 기업 간 대화 수,"국민연금, 기업, 대화 수, 국내주식 비중",-,-,-,-,-,-,-,2024,-,Y,확정,297건,POLICY_VALUE,hcx,국민연금과 기업 간 대화 수,-,2023,Y,hcx,이전값,297,-,-,N,건,수준값,감소,전년,"서한 발신, 비공개 면담을 모두 합친 국민연금과 기업 간 대화 수는 2023년 297건에서 지난해 248건으로 줄었다.",high,N,-,N,0,0,HCX-007,v1.5-measurement-binding,2026-07-27
A1242-C018,A1242-C018-m2,A1242,"기업 투명성 개선 카드인데… 국민연금, 국내 의결권 행사 3년 연속 감소",2025-04-06,https://www.chosun.com/economy/money/2025/04/06/ARZHEIGXGLVDFJZUBDDLDK3JIA,"서한 발신, 비공개 면담을 모두 합친 국민연금과 기업 간 대화 수는 2023년 297건에서 지난해 248건으로 줄었다.",다만 비공개 면담은 160곳에서 208곳으로 증가했다.,시장에선 국민연금이 전체 투자자산 대비 국내주식 비중을 계속 줄여가는 흐름과 무관치 않다는 분석이 나온다.,개별기업,Y,금융·금리,국민연금과 기업 간 대화 수,"국민연금, 기업, 대화 수, 국내주식 비중",-,-,-,-,-,-,-,2024,-,Y,확정,248건,POLICY_VALUE,hcx,국민연금과 기업 간 대화 수,-,2023,Y,hcx,현재값,248,-,-,N,건,수준값,감소,전년,"서한 발신, 비공개 면담을 모두 합친 국민연금과 기업 간 대화 수는 2023년 297건에서 지난해 248건으로 줄었다.",high,N,-,N,0,0,HCX-007,v1.5-measurement-binding,2026-07-27
A0204-C012,-,A0204,환율 급등에… 지난달 수입 물가 1년 새 7% 올라,2025-01-16,https://www.chosun.com/economy/economy_general/2025/01/16/KFNWNIFDPZF53CYGWMZQWEYAJU,수입 물가 상승세는 1월에도 이어질 전망이다.,세부 품목 중에선 원산지인 브라질과 베트남의 가뭄 때문에 커피(95.4%) 수입 가격이 1년 전보다 크게 뛰기도 했다.,"한은 관계자는 “달러 대비 원화 환율이 1월 들어서도 1400원대 후반으로 계속 높고, 국제 유가도 올라 수입 물가 상승 요인으로 작용할 것”이라며 “다만 국내외 불확실성이 큰 만큼 (흐름을) 지켜봐야 한다”고 했다.",국내공식통계,Y,무역,수입 물가,"환율 급등, 수입 물가, 1년 새, 전망",-,-,-,-,-,-,-,202501,-,M,확정,-,-,-,-,-,-,-,-,-,-,-,-,-,-,-,-,-,수입 물가 상승세는 1월에도 이어질 전망이다.,mid,N,-,N,0,0,HCX-007,v1.5-measurement-binding,2026-07-27
A1111-C028,A1111-C028-m1,A1111,예금 금리 2% 시대… 매일 이자 받는 상품이 뜬다,2025-03-27,https://www.chosun.com/economy/economy_general/2025/03/27/SULJ5FEMCFAI5MKFWPGLGC5BIM,신한은행도 오는 28일부터 예금 상품들에 대해 최대 0.25%포인트까지 금리를 내리기로 했다.,이날 기준 KB국민·신한·우리·하나 등 4대 시중은행 예금 상품 중 가장 금리가 높은 우리은행 ‘첫 거래 우대 정기예금(연 3%)’도 앞서 지난 24일 금리를 0.3%포인트 내린 바 있다.,-,국내공식통계,N,금융·금리,예금 금리,"예금 금리, 신한은행, 금리 인하",-,-,-,-,-,-,-,20250328,-,M,확정,최대 0.25%포인트,KOSIS_VALUE,hcx,예금 금리,-,-,-,hcx,목표값,0.25,-,-,N,%,비중,-,전년동기,신한은행도 오는 28일부터 예금 상품들에 대해 최대 0.25%포인트까지 금리를 내리기로 했다.,high,Y,measurement_period_ungrounded:1,N,0,0,HCX-007,v1.5-measurement-binding,2026-07-27
A1719-C020,A1719-C020-m1,A1719,옥석 못 가리는 ‘기술 특례 상장’… 기업 76% 공모가 밑돌아,2025-05-13,https://www.chosun.com/economy/economy_general/2025/05/13/DRKQY2SMOJGKDBJZP2ZPYBDBXI,"기술 특례 상장 기업의 경우 상장 후 5년간 매출 요건이 유예되는데, 2019년 10월~2020년 9월 사이 상장한 기업들은 올해부터 매출액 30억원을 넘겨야 한다.","코스닥 시장에서는 매출액이 30억원 미만이면 관리종목으로 지정되고, 2년 연속 기준 미달이면 상장 폐지 사유가 된다.",그러나 이 기간 상장한 기업 22곳 중 10곳이 작년 매출액 30억원을 채우지 못했다.,국내공식통계,N,생산·산업,매출액,"기술 특례 상장, 매출액, 관리종목, 상장 폐지",-,-,-,-,-,-,-,2025,-,Y,확정,5년,CONDITION,hcx,매출액 요건 유예기간,-,2025,Y,hcx,참고값,5,-,-,N,년,수준값,-,특정시점,"기술 특례 상장 기업의 경우 상장 후 5년간 매출 요건이 유예되는데, 2019년 10월~2020년 9월 사이 상장한 기업들은 올해부터 매출액 30억원을 넘겨야 한다.",high,N,-,N,0,0,HCX-007,v1.5-measurement-binding,2026-07-27
A1719-C020,A1719-C020-m2,A1719,옥석 못 가리는 ‘기술 특례 상장’… 기업 76% 공모가 밑돌아,2025-05-13,https://www.chosun.com/economy/economy_general/2025/05/13/DRKQY2SMOJGKDBJZP2ZPYBDBXI,"기술 특례 상장 기업의 경우 상장 후 5년간 매출 요건이 유예되는데, 2019년 10월~2020년 9월 사이 상장한 기업들은 올해부터 매출액 30억원을 넘겨야 한다.","코스닥 시장에서는 매출액이 30억원 미만이면 관리종목으로 지정되고, 2년 연속 기준 미달이면 상장 폐지 사유가 된다.",그러나 이 기간 상장한 기업 22곳 중 10곳이 작년 매출액 30억원을 채우지 못했다.,국내공식통계,N,생산·산업,매출액,"기술 특례 상장, 매출액, 관리종목, 상장 폐지",-,-,-,-,-,-,-,2025,-,Y,확정,30억원,KOSIS_VALUE,hcx,관리종목 지정 기준 매출액,-,2025,Y,hcx,현재값,3000000000,-,-,N,원,수준값,-,특정시점,"기술 특례 상장 기업의 경우 상장 후 5년간 매출 요건이 유예되는데, 2019년 10월~2020년 9월 사이 상장한 기업들은 올해부터 매출액 30억원을 넘겨야 한다.",high,N,-,N,0,0,HCX-007,v1.5-measurement-binding,2026-07-27
A1495-C002,-,A1495,"기아, 1분기 매출 28조… 영업이익은 12% 줄어",2025-04-26,https://www.chosun.com/economy/auto/2025/04/26/HXDJS4FVK5AVRF3JSKJZGFERKQ,분기 기준 역대 최고 매출이다.,기아는 올 1분기(1~3월) 매출이 작년 동기 대비 6.9% 늘어난 28조175억원을 기록했다고 25일 밝혔다.,다만 영업이익(3조86억원)은 같은 기간 12.2% 줄었다.,개별기업,Y,소매·소비,매출,"기아, 1분기, 매출, 영업이익",-,-,-,자동차,-,-,-,2025Q1,-,Q,확정,-,-,-,-,-,-,-,-,-,-,-,-,-,-,-,-,-,"""분기 기준 역대 최고 매출이다.""",high,N,-,N,0,0,HCX-007,v1.5-measurement-binding,2026-07-27
A2241-C009,A2241-C009-m1,A2241,"3000 뚫은 코스피, 엇갈리는 투자자 시선… 빚투·공매도 동반 증가",2025-06-22,https://www.chosun.com/economy/money/2025/06/22/F4XA6MJWGOFTCJFSPX5LV4LRNM,"증권과 은행의 신용 잔고 증가율은 각각 98.24%, 58.68%를 기록했다.",업종별로는 금융권 종목에 대한 ‘빚투’가 늘어난 것으로 파악됐다.,"금융(신용잔고 증가율 42.34%), 건설(38.92%), IT서비스(34.14%), 보험(28.53%) 등에도 상승 기대감이 집중됐다.",국내공식통계,N,금융·금리,신용 잔고 증가율,"증권, 은행, 신용 잔고, 증가율",-,-,-,-,-,-,-,202506,-,M,확정,98.24%,KOSIS_VALUE,hcx,신용 잔고 증가율,증권,-,-,hcx,증감률,98.24,-,-,N,%,증감률,증가,전월,"증권과 은행의 신용 잔고 증가율은 각각 98.24%, 58.68%를 기록했다.",high,Y,measurement_period_ungrounded:2,N,0,0,HCX-007,v1.5-measurement-binding,2026-07-27
A2241-C009,A2241-C009-m2,A2241,"3000 뚫은 코스피, 엇갈리는 투자자 시선… 빚투·공매도 동반 증가",2025-06-22,https://www.chosun.com/economy/money/2025/06/22/F4XA6MJWGOFTCJFSPX5LV4LRNM,"증권과 은행의 신용 잔고 증가율은 각각 98.24%, 58.68%를 기록했다.",업종별로는 금융권 종목에 대한 ‘빚투’가 늘어난 것으로 파악됐다.,"금융(신용잔고 증가율 42.34%), 건설(38.92%), IT서비스(34.14%), 보험(28.53%) 등에도 상승 기대감이 집중됐다.",국내공식통계,N,금융·금리,신용 잔고 증가율,"증권, 은행, 신용 잔고, 증가율",-,-,-,-,-,-,-,202506,-,M,확정,58.68%,KOSIS_VALUE,hcx,신용 잔고 증가율,은행,-,-,hcx,증감률,58.68,-,-,N,%,증감률,증가,전월,"증권과 은행의 신용 잔고 증가율은 각각 98.24%, 58.68%를 기록했다.",high,Y,measurement_period_ungrounded:2,N,0,0,HCX-007,v1.5-measurement-binding,2026-07-27
A2342-C012,A2342-C012-m1,A2342,’국민 횟감‘ 광어‧우럭 값 껑충…원인은 양식장 ’초유의 상황',2025-06-30,https://www.chosun.com/economy/economy_general/2025/06/30/BV6OPN2TWZDM5MJBR4UUVW7PEQ,"지난해 양식업 피해액은 1430억원으로, 이 역시 피해 집계를 시작한 2012년 이후 최대 규모였다.","이에 따라 양식장에서 집단 폐사가 잇따랐는데, 특히 치어(어린 물고기)가 직격탄을 맞았다.",그중에서도 우럭의 피해가 583억원으로 가장 컸다.,국내공식통계,N,생산·산업,양식업 피해액,"양식업, 피해액, 집단 폐사, 치어",-,-,-,-,-,-,-,2024,-,Y,확정,1430억원,KOSIS_VALUE,hcx,양식업 피해액,-,2024,Y,hcx,현재값,143000000000,-,-,N,원,수준값,-,전년,"지난해 양식업 피해액은 1430억원으로, 이 역시 피해 집계를 시작한 2012년 이후 최대 규모였다.",high,N,-,N,0,0,HCX-007,v1.5-measurement-binding,2026-07-27
A1868-C010,A1868-C010-m1,A1868,[주간코인시황] 12만달러 근접한 비트코인… “규제 명확화 덕분”,2025-05-24,https://www.chosun.com/economy/money/2025/05/24/DKC2SMEUC64VXMUP2V565D32UU,알트코인 대장주인 이더리움은 일주일 전보다 1.88% 상승한 2658달러를 기록했다.,비트코인 가격은 지난 22일 종전 최고가(10만9300달러)를 뚫고 한때 11만9900달러까지 치솟았다.,"같은 기간 월드코인은 32.18%, 하이퍼리퀴드는 28.02%, 도그위프햇은 21.69% 각각 상승하며 강세를 보였다.",여론조사·설문,Y,금융·금리,알트코인 가격 변동률,"비트코인, 알트코인, 이더리움, 월드코인, 하이퍼리퀴드, 도그위프햇",-,-,-,-,-,-,-,2025-05-24,-,M,확정,1.88%,KOSIS_VALUE,hcx,이더리움 가격 변동률,이더리움,-,-,hcx,증감률,1.88,-,-,N,%,증감률,증가,전월,알트코인 대장주인 이더리움은 일주일 전보다 1.88% 상승한 2658달러를 기록했다.,high,Y,measurement_period_ungrounded:2,N,0,0,HCX-007,v1.5-measurement-binding,2026-07-27
A1868-C010,A1868-C010-m2,A1868,[주간코인시황] 12만달러 근접한 비트코인… “규제 명확화 덕분”,2025-05-24,https://www.chosun.com/economy/money/2025/05/24/DKC2SMEUC64VXMUP2V565D32UU,알트코인 대장주인 이더리움은 일주일 전보다 1.88% 상승한 2658달러를 기록했다.,비트코인 가격은 지난 22일 종전 최고가(10만9300달러)를 뚫고 한때 11만9900달러까지 치솟았다.,"같은 기간 월드코인은 32.18%, 하이퍼리퀴드는 28.02%, 도그위프햇은 21.69% 각각 상승하며 강세를 보였다.",여론조사·설문,Y,금융·금리,알트코인 가격 변동률,"비트코인, 알트코인, 이더리움, 월드코인, 하이퍼리퀴드, 도그위프햇",-,-,-,-,-,-,-,2025-05-24,-,M,확정,2658달러,KOSIS_VALUE,hcx,이더리움 가격,이더리움,-,-,hcx,현재값,2658,-,-,N,달러,수준값,증가,전월,알트코인 대장주인 이더리움은 일주일 전보다 1.88% 상승한 2658달러를 기록했다.,high,Y,measurement_period_ungrounded:2,N,0,0,HCX-007,v1.5-measurement-binding,2026-07-27
A2552-C011,A2552-C011-m1,A2552,"BMW 5시리즈, 내수 침체에도 질주",2025-07-16,https://www.chosun.com/economy/auto/2025/07/16/WRE4F7NGKJFOZBIFUXKMMCJZRA,530e(xDrive 포함)는 올 상반기에 작년 동기(389대) 대비 4배가량 급증한 1512대가 판매되며 수입차 PHEV 1위에 올랐다.,특히 전기차 캐즘(수요 정체) 속 충전 부담이 덜한 PHEV 수요가 크게 늘었다.,"530e는 복합 연비가 리터당 15.9km인 데다가, 1회 충전으로 최대 73km를 달릴 수 있다.",개별기업,N,소매·소비,판매 대수 및 순위,"BMW 5시리즈, PHEV, 수입차",-,-,-,자동차,-,-,-,2025H2,-,H,확정,1512대,KOSIS_VALUE,hcx,PHEV 판매 대수,530e,-,-,hcx,현재값,1512,-,-,N,대,수준값,증가,전년동기,[검증 대상 문장],high,Y,measurement_period_ungrounded:3,Y,0,0,HCX-007,v1.5-measurement-binding,2026-07-27
A2552-C011,A2552-C011-m2,A2552,"BMW 5시리즈, 내수 침체에도 질주",2025-07-16,https://www.chosun.com/economy/auto/2025/07/16/WRE4F7NGKJFOZBIFUXKMMCJZRA,530e(xDrive 포함)는 올 상반기에 작년 동기(389대) 대비 4배가량 급증한 1512대가 판매되며 수입차 PHEV 1위에 올랐다.,특히 전기차 캐즘(수요 정체) 속 충전 부담이 덜한 PHEV 수요가 크게 늘었다.,"530e는 복합 연비가 리터당 15.9km인 데다가, 1회 충전으로 최대 73km를 달릴 수 있다.",개별기업,N,소매·소비,판매 대수 및 순위,"BMW 5시리즈, PHEV, 수입차",-,-,-,자동차,-,-,-,2025H2,-,H,확정,389대,KOSIS_VALUE,hcx,PHEV 판매 대수,530e,2024H2,H,hcx,이전값,389,-,-,N,대,수준값,증가,전년동기,[검증 대상 문장],high,Y,measurement_period_ungrounded:3,Y,0,0,HCX-007,v1.5-measurement-binding,2026-07-27
A2552-C011,A2552-C011-m3,A2552,"BMW 5시리즈, 내수 침체에도 질주",2025-07-16,https://www.chosun.com/economy/auto/2025/07/16/WRE4F7NGKJFOZBIFUXKMMCJZRA,530e(xDrive 포함)는 올 상반기에 작년 동기(389대) 대비 4배가량 급증한 1512대가 판매되며 수입차 PHEV 1위에 올랐다.,특히 전기차 캐즘(수요 정체) 속 충전 부담이 덜한 PHEV 수요가 크게 늘었다.,"530e는 복합 연비가 리터당 15.9km인 데다가, 1회 충전으로 최대 73km를 달릴 수 있다.",개별기업,N,소매·소비,판매 대수 및 순위,"BMW 5시리즈, PHEV, 수입차",-,-,-,자동차,-,-,-,2025H2,-,H,확정,4배가량,KOSIS_VALUE,hcx,PHEV 판매 증가율,530e,-,-,hcx,증감률,4,-,-,Y,배,증감률,증가,전년동기,[검증 대상 문장],high,Y,measurement_period_ungrounded:3,Y,0,0,HCX-007,v1.5-measurement-binding,2026-07-27
A2552-C011,A2552-C011-m4,A2552,"BMW 5시리즈, 내수 침체에도 질주",2025-07-16,https://www.chosun.com/economy/auto/2025/07/16/WRE4F7NGKJFOZBIFUXKMMCJZRA,530e(xDrive 포함)는 올 상반기에 작년 동기(389대) 대비 4배가량 급증한 1512대가 판매되며 수입차 PHEV 1위에 올랐다.,특히 전기차 캐즘(수요 정체) 속 충전 부담이 덜한 PHEV 수요가 크게 늘었다.,"530e는 복합 연비가 리터당 15.9km인 데다가, 1회 충전으로 최대 73km를 달릴 수 있다.",개별기업,N,소매·소비,판매 대수 및 순위,"BMW 5시리즈, PHEV, 수입차",-,-,-,자동차,-,-,-,2025H2,-,H,확정,1위,KOSIS_VALUE,hcx,수입차 PHEV 시장 점유율 순위,530e,-,-,hcx,목표값,1,-,-,N,위,순위,증가,전년동기,[검증 대상 문장],high,Y,measurement_period_ungrounded:3,Y,0,0,HCX-007,v1.5-measurement-binding,2026-07-27
A2598-C002,A2598-C002-m1,A2598,정부 시스템 647개 중 99개 재가동… 복구율 15.3%,2025-10-01,https://biz.chosun.com/topics/topics_social/2025/10/01/MYWMEY3NGVHOHKMTGIERFKXSOY/,복구율 15.3%다.,행정안전부는 1일 오전 10시 기준 국가정보자원관리원(국정자원) 화재로 중단됐던 정부 행정정보시스템 647개 중 99개가 복구됐다고 밝혔다.,최근 정상화된 시스템 중에는 국가데이터처(옛 통계청)의 '2025 기준 경제조사 통합관리(업무망)' 시스템이 포함됐다.,국내공식통계,N,기타,복구율,"정부 시스템, 복구율",-,-,-,-,-,-,-,202510,-,M,확정,15.3%,KOSIS_VALUE,hcx,복구율,-,202510,M,hcx,현재값,15.3,-,-,N,%,비중,-,특정시점,복구율 15.3%다.,high,N,-,N,0,0,HCX-007,v1.5-measurement-binding,2026-07-27
A0898-C012,A0898-C012-m1,A0898,"국내 車 생산, 세계 7위로 추락… 멕시코에도 밀렸다",2025-03-11,https://www.chosun.com/economy/auto/2025/03/11/BD2YKP6KLNGMHHMTNOZSSXUYTQ,"그러나 반 토막 났던 독일이 회복세를 보이면서 2022년 6위로 밀렸고, 지난해엔 생산량까지 줄며 멕시코(420만대)에도 뒤졌다.","우리나라는 코로나 확산으로 각국의 자동차 업체들이 생산에 차질을 겪었던 2020년엔 상대적으로 선방, 5위까지 치고 올라갔었다.",지난해 내수 생산은 전년보다 6.5% 감소한 163만5520대로 2013년(154만3565대) 이후 가장 낮은 수준을 나타냈다.,국내공식통계,N,생산·산업,자동차 생산량,"국내, 자동차, 생산, 세계 순위, 멕시코",-,-,-,자동차,-,-,-,2022,-,Y,확정,6위,KOSIS_VALUE,hcx,세계 자동차 생산 순위,자동차,2022,Y,hcx,현재값,6,-,-,N,위,순위,-,전년,"그러나 반 토막 났던 독일이 회복세를 보이면서 2022년 6위로 밀렸고, 지난해엔 생산량까지 줄며 멕시코(420만대)에도 뒤졌다.",high,N,-,N,0,0,HCX-007,v1.5-measurement-binding,2026-07-27
A0898-C012,A0898-C012-m2,A0898,"국내 車 생산, 세계 7위로 추락… 멕시코에도 밀렸다",2025-03-11,https://www.chosun.com/economy/auto/2025/03/11/BD2YKP6KLNGMHHMTNOZSSXUYTQ,"그러나 반 토막 났던 독일이 회복세를 보이면서 2022년 6위로 밀렸고, 지난해엔 생산량까지 줄며 멕시코(420만대)에도 뒤졌다.","우리나라는 코로나 확산으로 각국의 자동차 업체들이 생산에 차질을 겪었던 2020년엔 상대적으로 선방, 5위까지 치고 올라갔었다.",지난해 내수 생산은 전년보다 6.5% 감소한 163만5520대로 2013년(154만3565대) 이후 가장 낮은 수준을 나타냈다.,국내공식통계,N,생산·산업,자동차 생산량,"국내, 자동차, 생산, 세계 순위, 멕시코",-,-,-,자동차,-,-,-,2022,-,Y,확정,420만대,KOSIS_VALUE,hcx,멕시코 자동차 생산량,자동차,2022,Y,hcx,현재값,4200000,-,-,N,대,수준값,-,전년,"그러나 반 토막 났던 독일이 회복세를 보이면서 2022년 6위로 밀렸고, 지난해엔 생산량까지 줄며 멕시코(420만대)에도 뒤졌다.",high,N,-,N,0,0,HCX-007,v1.5-measurement-binding,2026-07-27
A1399-C016,A1399-C016-m1,A1399,"12.2조 추경, 산불·통상 ‘급한불’ 끈다...“민주 증액 요구땐 유연 대응”",2025-04-18,https://www.chosun.com/economy/economy_general/2025/04/18/OWXOIGGFSVHRRNZCVZ4RH4FXYY,올해말 재정적자 비율이 3%를 넘을 경우 2020년부터 6년 연속 재정적자 비율이 3%를 넘는다.,"국내총생산(GDP) 대비 국가채무비율은 48.1%에서 48.4%로, GDP 대비 재정수지(국민연금 등 사회보장성 기금 흑자분을 제외한 관리재정수지 기준) 적자 비율은 2.8%에서 3.2%로 각각 악화된다.",3% 이내의 재정수지 적자 비율은 50% 이내의 국가채무비율과 함께 정부의 재정 건전성 목표다.,기타,N,재정·조세,재정적자 비율,"국가채무비율, 재정수지, 재정적자 비율, 정부, 재정 건전성",-,-,-,-,-,-,-,2025,-,Y,확정,3%,KOSIS_VALUE,hcx,재정적자 비율,-,2025,Y,hcx,현재값,3,-,-,N,%,비중,-,전년,올해말 재정적자 비율이 3%를 넘을 경우 2020년부터 6년 연속 재정적자 비율이 3%를 넘는다.,high,N,-,N,0,0,HCX-007,v1.5-measurement-binding,2026-07-27
A1399-C016,A1399-C016-m2,A1399,"12.2조 추경, 산불·통상 ‘급한불’ 끈다...“민주 증액 요구땐 유연 대응”",2025-04-18,https://www.chosun.com/economy/economy_general/2025/04/18/OWXOIGGFSVHRRNZCVZ4RH4FXYY,올해말 재정적자 비율이 3%를 넘을 경우 2020년부터 6년 연속 재정적자 비율이 3%를 넘는다.,"국내총생산(GDP) 대비 국가채무비율은 48.1%에서 48.4%로, GDP 대비 재정수지(국민연금 등 사회보장성 기금 흑자분을 제외한 관리재정수지 기준) 적자 비율은 2.8%에서 3.2%로 각각 악화된다.",3% 이내의 재정수지 적자 비율은 50% 이내의 국가채무비율과 함께 정부의 재정 건전성 목표다.,기타,N,재정·조세,재정적자 비율,"국가채무비율, 재정수지, 재정적자 비율, 정부, 재정 건전성",-,-,-,-,-,-,-,2025,-,Y,확정,6년,CONTEXT,hcx,기간,-,2020,Y,hcx,참고값,6,-,-,N,년,수준값,-,-,올해말 재정적자 비율이 3%를 넘을 경우 2020년부터 6년 연속 재정적자 비율이 3%를 넘는다.,high,N,-,N,0,0,HCX-007,v1.5-measurement-binding,2026-07-27
A0237-C005,-,A0237,"HD현대건설기계, 필리핀서 굴착기 122대 대규모 수주…신흥시장 공략 확대",2025-01-19,https://www.chosun.com/economy/industry-company/2025/01/19/643U3FRPCZGKPDRA5O76QLADO4,건설기계 산업은 그간 최대 시장이었던 중국 시장에서 침체가 이어지고 있다.,HD현대건설기계는 “22t급 굴착기는 H형 하부 프레임 구조로 비틀림 강성과 충격 흡수력이 탁월해 고부하 작업에도 안정적인 성능을 발휘할 수 있다”며 “정밀 제어 유압 시스템이 적용돼 연비 향상에 유리하고 작업 효율성이 높다”고 설명했다.,"중국의 부동산 경기가 살아남지 않으면서 수요가 감소했고, 중국 기업의 급성장에 따라 한국 건설기계는 점차 점유율이 하락하고 있었다.",개별기업,N,생산·산업,건설기계 시장 점유율,-,-,-,-,건설기계,-,-,-,-,-,-,모호,-,-,-,-,-,-,-,-,-,-,-,-,-,-,-,-,-,건설기계 산업은 그간 최대 시장이었던 중국 시장에서 침체가 이어지고 있다.,low,Y,-,N,0,0,HCX-007,v1.5-measurement-binding,2026-07-27
A2419-C003,A2419-C003-m1,A2419,불티나게 팔린 ‘K아이스크림’… 올해 수출 1억달러 돌파할 듯,2025-07-06,https://www.chosun.com/economy/economy_general/2025/07/06/MRGABZ3HFZDTRKNF2QUWSHTS3A,이 같은 추세라면 올해 연간 아이스크림 수출액은 사상 처음으로 1억달러를 돌파할 것으로 예상된다.,작년 상반기(5320만달러)보다 23.1% 증가한 것으로 상반기 기준 역대 최대액이다.,작년 연간 아이스크림 수출액은 9150만달러로 1억달러에 근접했다.,국내공식통계,N,무역,아이스크림 수출액,"수출액, 아이스크림",-,-,-,아이스크림,-,-,-,2025,-,Y,모호,1억달러,CONTEXT,hcx,아이스크림 수출액,아이스크림,2025,Y,hcx,참고값,100000000,-,-,N,달러,수준값,-,-,올해 연간 아이스크림 수출액은 사상 처음으로 1억달러를 돌파할 것으로 예상된다.,mid,N,-,N,0,0,HCX-007,v1.5-measurement-binding,2026-07-27
A1445-C005,A1445-C005-m1,A1445,EV3·캐스퍼 일렉트릭 1·2위… 작은 전기차가 잘 팔리네,2025-04-22,https://www.chosun.com/economy/auto/2025/04/22/IMZIK7BVE5D55BM2N6S2U4FOFI,전기차 인기가 주춤했던 지난해 1분기(2만5550대)보다 31%나 늘어난 수치다.,21일 시장조사 업체 카이즈유데이터연구소에 따르면 올 1분기(1~3분기) 신규 등록 전기차는 총 3만3482대로 집계됐다.,"올 1분기 전체 신차 등록 대수는 40만874대로 전년 동기 대비 11.3% 감소했지만, 전기차 판매량은 눈에 띄게 증가한 것이다.",국내공식통계,Y,소매·소비,전기차 판매량,"전기차, 판매량, 1분기",-,-,-,-,-,-,-,2025Q1,-,Q,확정,2만5550대,KOSIS_VALUE,hcx,전기차 판매량,-,2024Q1,Q,hcx,이전값,25550,-,-,N,대,수준값,증가,전년동기,전기차 인기가 주춤했던 지난해 1분기(2만5550대)보다 31%나 늘어난 수치다.,high,Y,measurement_period_ungrounded:1,N,0,0,HCX-007,v1.5-measurement-binding,2026-07-27
A1445-C005,A1445-C005-m2,A1445,EV3·캐스퍼 일렉트릭 1·2위… 작은 전기차가 잘 팔리네,2025-04-22,https://www.chosun.com/economy/auto/2025/04/22/IMZIK7BVE5D55BM2N6S2U4FOFI,전기차 인기가 주춤했던 지난해 1분기(2만5550대)보다 31%나 늘어난 수치다.,21일 시장조사 업체 카이즈유데이터연구소에 따르면 올 1분기(1~3분기) 신규 등록 전기차는 총 3만3482대로 집계됐다.,"올 1분기 전체 신차 등록 대수는 40만874대로 전년 동기 대비 11.3% 감소했지만, 전기차 판매량은 눈에 띄게 증가한 것이다.",국내공식통계,Y,소매·소비,전기차 판매량,"전기차, 판매량, 1분기",-,-,-,-,-,-,-,2025Q1,-,Q,확정,31%,KOSIS_VALUE,hcx,전기차 판매량 증가율,-,-,-,hcx,증감률,31,-,-,N,%,증감률,증가,전년동기,전기차 인기가 주춤했던 지난해 1분기(2만5550대)보다 31%나 늘어난 수치다.,high,Y,measurement_period_ungrounded:1,N,0,0,HCX-007,v1.5-measurement-binding,2026-07-27
A2561-C024,A2561-C024-m1,A2561,"네이버페이, 소비 쿠폰 등에 업고 ‘오프라인 결제 확장’ 노려",2025-07-17,https://www.chosun.com/economy/economy_general/2025/07/17/2TFBYNLHB5AJFEOUR7VTNJBOSM,2020년 재난지원금의 약 70%는 신용·체크카드로 지급됐다.,"카드업계는 2020년 재난지원금 지급 당시에도 각종 기반 시설 구축이나 운영비, 민원 대응 등에 비용이 적잖이 나가 적자를 봤다는 입장이다.",반면 정부는 소비 쿠폰 지급으로 카드 결제액이 늘면 카드사에 이익이 될 것으로 보고 있다.,국내공식통계,N,재정·조세,재난지원금 지급 수단 비중,"재난지원금, 신용카드, 체크카드",-,-,-,-,-,-,-,2020,-,Y,확정,70%,POLICY_VALUE,hcx,재난지원금 지급 수단 비중,-,2020,Y,hcx,현재값,70,-,-,Y,%,비중,-,특정시점,2020년 재난지원금의 약 70%는 신용·체크카드로 지급됐다.,high,N,-,N,0,0,HCX-007,v1.5-measurement-binding,2026-07-27
A2399-C002,A2399-C002-m1,A2399,‘외국인 집주인’ 1만명 돌파... 가장 많은 지역은?,2025-07-04,https://www.chosun.com/economy/industry-company/2025/07/04/7PYH7TO6ZVFBNLTJKPMR2CLSYM,"4일 법원 등기정보광장에 따르면, 올해 상반기(1~6월) 전국에서 확정일자를 받은 외국인 임대인은 1만500명으로 집계됐다.",외국인 집주인이 1년새 20% 넘게 늘어나 1만명을 돌파했다.,전년 동기(8660명) 대비 21.2% 증가했다.,국내공식통계,Y,인구,외국인 임대인 수,"외국인 집주인, 임대인, 확정일자",-,-,-,-,-,-,-,2025Q2,-,Q,확정,1만500명,KOSIS_VALUE,hcx,외국인 임대인 수,-,2025Q2,Q,hcx,현재값,10500,-,-,N,명,수준값,-,전년동기,올해 상반기(1~6월) 전국에서 확정일자를 받은 외국인 임대인은 1만500명으로 집계됐다.,high,N,-,N,0,0,HCX-007,v1.5-measurement-binding,2026-07-27
A1188-C013,A1188-C013-m1,A1188,물가상승률 석 달째 2%대...업체들 줄인상에 가공식품·외식 가격 ↑,2025-04-02,https://www.chosun.com/economy/economy_general/2025/04/02/EZEOHOZC5NBBHKNEXYWAAYWO24,가격 변동이 큰 식품과 석유 등을 제외한 식료품 및 에너지 제외 지수는 전년 동월 대비 1.9% 오르며 6개월째 1%대를 유지했다.,"외식 물가는 지난 2월(3%)에 이어 지난달에도 3% 상승했는데, 생선회(5.4%)와 치킨(5.3%) 등 소비자들이 자주 찾는 외식 품목들의 가격이 크게 오르며 체감 물가상승률을 높였다.","다만 지출 비중이 높아 소비자들이 가격 변동을 민감하게 느끼는 144품목을 추려서 작성한 생활물가지수는 2.4% 상승하며, 5개월째 전체 물가 상승폭을 넘어섰다.",국내공식통계,Y,물가,물가상승률,물가상승률; 업체 인상; 가공식품; 외식 가격,-,-,-,-,-,-,-,2025-03,-,M,확정,1.9%,KOSIS_VALUE,hcx,물가상승률,-,-,-,hcx,현재값,1.9,-,-,N,%,수준값,유지,전년동월,가격 변동이 큰 식품과 석유 등을 제외한 식료품 및 에너지 제외 지수는 전년 동월 대비 1.9% 오르며 6개월째 1%대를 유지했다.,high,Y,measurement_binding_fallback:1;measurement_period_ungrounded:2,Y,0,1,HCX-007,v1.5-measurement-binding,2026-07-27
A1188-C013,A1188-C013-m2,A1188,물가상승률 석 달째 2%대...업체들 줄인상에 가공식품·외식 가격 ↑,2025-04-02,https://www.chosun.com/economy/economy_general/2025/04/02/EZEOHOZC5NBBHKNEXYWAAYWO24,가격 변동이 큰 식품과 석유 등을 제외한 식료품 및 에너지 제외 지수는 전년 동월 대비 1.9% 오르며 6개월째 1%대를 유지했다.,"외식 물가는 지난 2월(3%)에 이어 지난달에도 3% 상승했는데, 생선회(5.4%)와 치킨(5.3%) 등 소비자들이 자주 찾는 외식 품목들의 가격이 크게 오르며 체감 물가상승률을 높였다.","다만 지출 비중이 높아 소비자들이 가격 변동을 민감하게 느끼는 144품목을 추려서 작성한 생활물가지수는 2.4% 상승하며, 5개월째 전체 물가 상승폭을 넘어섰다.",국내공식통계,Y,물가,물가상승률,물가상승률; 업체 인상; 가공식품; 외식 가격,-,-,-,-,-,-,-,2025-03,-,M,확정,1%,KOSIS_VALUE,hcx,물가상승률,-,-,-,hcx,참고값,1,-,-,N,%,수준값,유지,전년동월,가격 변동이 큰 식품과 석유 등을 제외한 식료품 및 에너지 제외 지수는 전년 동월 대비 1.9% 오르며 6개월째 1%대를 유지했다.,high,Y,measurement_binding_fallback:1;measurement_period_ungrounded:2,Y,0,1,HCX-007,v1.5-measurement-binding,2026-07-27
A1188-C013,A1188-C013-m3,A1188,물가상승률 석 달째 2%대...업체들 줄인상에 가공식품·외식 가격 ↑,2025-04-02,https://www.chosun.com/economy/economy_general/2025/04/02/EZEOHOZC5NBBHKNEXYWAAYWO24,가격 변동이 큰 식품과 석유 등을 제외한 식료품 및 에너지 제외 지수는 전년 동월 대비 1.9% 오르며 6개월째 1%대를 유지했다.,"외식 물가는 지난 2월(3%)에 이어 지난달에도 3% 상승했는데, 생선회(5.4%)와 치킨(5.3%) 등 소비자들이 자주 찾는 외식 품목들의 가격이 크게 오르며 체감 물가상승률을 높였다.","다만 지출 비중이 높아 소비자들이 가격 변동을 민감하게 느끼는 144품목을 추려서 작성한 생활물가지수는 2.4% 상승하며, 5개월째 전체 물가 상승폭을 넘어섰다.",국내공식통계,Y,물가,물가상승률,물가상승률; 업체 인상; 가공식품; 외식 가격,-,-,-,-,-,-,-,2025-03,-,M,확정,6개월,CONTEXT,hcx,기간,-,2025-03,M,claim_fallback,참고값,6,-,-,N,개월,수준값,유지,-,가격 변동이 큰 식품과 석유 등을 제외한 식료품 및 에너지 제외 지수는 전년 동월 대비 1.9% 오르며 6개월째 1%대를 유지했다.,high,Y,measurement_binding_fallback:1;measurement_period_ungrounded:2,Y,0,1,HCX-007,v1.5-measurement-binding,2026-07-27
A2018-C009,-,A2018,“어느 정부든 한국 경쟁력은 기업... 경제는 정치가 잠잘 때 성장한다”,2025-06-05,https://www.chosun.com/economy/economy_general/2025/06/05/HJNBODUAVNAFPLXSJ6QTGGU4BY,"갖가지 규제와 포퓰리즘 때문에 경제성장률은 멈춰 서 있고, 새로운 주력 산업은 등장하지 못하고 있다.",“외환 위기 직후 출범한 김대중 정부 이후 지금 같은 경제 위기가 있었나 싶다.,"새 대통령이 두 가지를 해결해야 한국 경제가 다시 뛸 텐데, 오히려 포퓰리즘을 강화하려는 모습만 보여 걱정이 크다.” -김대중·노무현 정부 때는 어땠나.",기타,N,기타,-,-,-,-,-,-,-,-,-,-,-,-,모호,-,-,-,-,-,-,-,-,-,-,-,-,-,-,-,-,-,"""갖가지 규제와 포퓰리즘 때문에 경제성장률은 멈춰 서 있고, 새로운 주력 산업은 등장하지 못하고 있다.""",low,Y,-,N,0,0,HCX-007,v1.5-measurement-binding,2026-07-27
A2679-C014,A2679-C014-m1,A2679,10월 소비자물가 2.4% 상승...15개월만 최대 상승률,2025-11-04,https://www.chosun.com/economy/economy_general/2025/11/04/IQO3Q645VRHHBDUAFXCXBPH5Z4/,국제유가 상승세로 석유류 물가는 4.8% 상승하면서 지난 2월(6.3%) 이후 가장 높은 상승 폭을 보였다.,어류·조개류가 속한 신선어개·채소·과실 등 기상 조건에 따라 가격 변동이 큰 품목으로 구성된 신선식품지수는 0.8% 하락했다.,"관련 기사 2.4% 찍은 소비자물가 상승률에...한은 ""2% 내외로 다시 안정될 것"" 지난달 소비자물가 상승률이 2.4%를 기록하며 1년 3개월 만에 최고치를 기록했다.",국내공식통계,Y,물가,석유류 물가 상승률,"국제유가, 석유류, 물가",-,-,-,-,-,-,-,2025-10,-,M,확정,4.8%,KOSIS_VALUE,hcx,석유류 물가 상승률,-,-,-,hcx,증감률,4.8,-,-,N,%,증감률,증가,전년동월,국제유가 상승세로 석유류 물가는 4.8% 상승하면서 지난 2월(6.3%) 이후 가장 높은 상승 폭을 보였다.,high,Y,measurement_period_ungrounded:2,N,0,0,HCX-007,v1.5-measurement-binding,2026-07-27
A2679-C014,A2679-C014-m2,A2679,10월 소비자물가 2.4% 상승...15개월만 최대 상승률,2025-11-04,https://www.chosun.com/economy/economy_general/2025/11/04/IQO3Q645VRHHBDUAFXCXBPH5Z4/,국제유가 상승세로 석유류 물가는 4.8% 상승하면서 지난 2월(6.3%) 이후 가장 높은 상승 폭을 보였다.,어류·조개류가 속한 신선어개·채소·과실 등 기상 조건에 따라 가격 변동이 큰 품목으로 구성된 신선식품지수는 0.8% 하락했다.,"관련 기사 2.4% 찍은 소비자물가 상승률에...한은 ""2% 내외로 다시 안정될 것"" 지난달 소비자물가 상승률이 2.4%를 기록하며 1년 3개월 만에 최고치를 기록했다.",국내공식통계,Y,물가,석유류 물가 상승률,"국제유가, 석유류, 물가",-,-,-,-,-,-,-,2025-10,-,M,확정,6.3%,KOSIS_VALUE,hcx,석유류 물가 상승률,-,-,-,hcx,증감률,6.3,-,-,N,%,증감률,증가,전년동월,국제유가 상승세로 석유류 물가는 4.8% 상승하면서 지난 2월(6.3%) 이후 가장 높은 상승 폭을 보였다.,high,Y,measurement_period_ungrounded:2,N,0,0,HCX-007,v1.5-measurement-binding,2026-07-27
A1017-C006,A1017-C006-m1,A1017,"중국인 단체관광객 ‘한시 비자 면제’, 3분기부터 시행",2025-03-20,https://www.chosun.com/economy/economy_general/2025/03/20/AZPLIUFAZFHGBBUPHM3WVGUHQA,"정부는 올해 방한 관광객 1850만명 유치를 목표로 삼고, 중국인 관광객은 536만명을 끌어온다는 계획이다.",최 대행은 “방한 관광 다변화 전략으로 관광 수출 성장을 도모하고 내수를 견인해 나가겠다”고 말했다.,우선 다음 달 중에 중국 단체관광을 전담할 여행사를 지정하는 등 구체적인 무비자 입국 방안을 내놓는다는 방침이다.,전망·목표,N,무역,방한 관광객 유치 목표,"방한 관광객, 중국인 관광객, 유치 목표",-,-,-,-,-,-,-,2025,-,Y,확정,1850만명,KOSIS_VALUE,hcx,방한 관광객 유치 목표,-,2025,Y,hcx,현재값,18500000,-,-,N,명,수준값,-,전년,"정부는 올해 방한 관광객 1850만명 유치를 목표로 삼고, 중국인 관광객은 536만명을 끌어온다는 계획이다.",high,N,-,N,0,0,HCX-007,v1.5-measurement-binding,2026-07-27
A1017-C006,A1017-C006-m2,A1017,"중국인 단체관광객 ‘한시 비자 면제’, 3분기부터 시행",2025-03-20,https://www.chosun.com/economy/economy_general/2025/03/20/AZPLIUFAZFHGBBUPHM3WVGUHQA,"정부는 올해 방한 관광객 1850만명 유치를 목표로 삼고, 중국인 관광객은 536만명을 끌어온다는 계획이다.",최 대행은 “방한 관광 다변화 전략으로 관광 수출 성장을 도모하고 내수를 견인해 나가겠다”고 말했다.,우선 다음 달 중에 중국 단체관광을 전담할 여행사를 지정하는 등 구체적인 무비자 입국 방안을 내놓는다는 방침이다.,전망·목표,N,무역,방한 관광객 유치 목표,"방한 관광객, 중국인 관광객, 유치 목표",-,-,-,-,-,-,-,2025,-,Y,확정,536만명,KOSIS_VALUE,hcx,방한 관광객 유치 목표,-,2025,Y,hcx,목표값,5360000,-,-,N,명,수준값,-,전년,"정부는 올해 방한 관광객 1850만명 유치를 목표로 삼고, 중국인 관광객은 536만명을 끌어온다는 계획이다.",high,N,-,N,0,0,HCX-007,v1.5-measurement-binding,2026-07-27
A1563-C010,A1563-C010-m1,A1563,가상자산 열풍에 거래소 2위 ‘빗썸’ 대기업 집단 오르고 두나무는 재계순위 53위서 36위로 껑충,2025-05-01,https://www.chosun.com/economy/economy_general/2025/05/01/TAOW3AN3HVDXZK2FPE2RXMGTKE,두나무의 경우 자산 총액이 지난해 9.4조원에서 올해 15.8조원으로 급증하면서 자산 순위도 53위에서 36위로 껑충 뛰었다.,가상자산 거래소 1위인 두나무는 이번에 기존 공시대상기업집단에서 상호출자제한집단으로 상향 지정됐다.,"이는 호반건설(35위) 바로 뒤 순위로 KT&G(37위)나 코오롱(38위), KCC(39위) 등 전통 대기업들보다 높은 순위다.",개별기업,N,기타,자산 총액,"두나무, 가상자산, 거래소, 대기업 집단, 자산 순위",-,-,-,가상자산 거래소,-,-,-,2025,-,Y,확정,9.4조원,KOSIS_VALUE,hcx,자산 총액,가상자산 거래소,2024,Y,hcx,이전값,9400000000000,-,-,N,원,수준값,유지,전년,두나무의 경우 자산 총액이 지난해 9.4조원에서 올해 15.8조원으로 급증하면서 자산 순위도 53위에서 36위로 껑충 뛰었다.,high,N,-,N,0,0,HCX-007,v1.5-measurement-binding,2026-07-27
A1563-C010,A1563-C010-m2,A1563,가상자산 열풍에 거래소 2위 ‘빗썸’ 대기업 집단 오르고 두나무는 재계순위 53위서 36위로 껑충,2025-05-01,https://www.chosun.com/economy/economy_general/2025/05/01/TAOW3AN3HVDXZK2FPE2RXMGTKE,두나무의 경우 자산 총액이 지난해 9.4조원에서 올해 15.8조원으로 급증하면서 자산 순위도 53위에서 36위로 껑충 뛰었다.,가상자산 거래소 1위인 두나무는 이번에 기존 공시대상기업집단에서 상호출자제한집단으로 상향 지정됐다.,"이는 호반건설(35위) 바로 뒤 순위로 KT&G(37위)나 코오롱(38위), KCC(39위) 등 전통 대기업들보다 높은 순위다.",개별기업,N,기타,자산 총액,"두나무, 가상자산, 거래소, 대기업 집단, 자산 순위",-,-,-,가상자산 거래소,-,-,-,2025,-,Y,확정,15.8조원,KOSIS_VALUE,hcx,자산 총액,가상자산 거래소,2025,Y,hcx,현재값,15800000000000,-,-,N,원,수준값,증가,전년,두나무의 경우 자산 총액이 지난해 9.4조원에서 올해 15.8조원으로 급증하면서 자산 순위도 53위에서 36위로 껑충 뛰었다.,high,N,-,N,0,0,HCX-007,v1.5-measurement-binding,2026-07-27
A1563-C010,A1563-C010-m3,A1563,가상자산 열풍에 거래소 2위 ‘빗썸’ 대기업 집단 오르고 두나무는 재계순위 53위서 36위로 껑충,2025-05-01,https://www.chosun.com/economy/economy_general/2025/05/01/TAOW3AN3HVDXZK2FPE2RXMGTKE,두나무의 경우 자산 총액이 지난해 9.4조원에서 올해 15.8조원으로 급증하면서 자산 순위도 53위에서 36위로 껑충 뛰었다.,가상자산 거래소 1위인 두나무는 이번에 기존 공시대상기업집단에서 상호출자제한집단으로 상향 지정됐다.,"이는 호반건설(35위) 바로 뒤 순위로 KT&G(37위)나 코오롱(38위), KCC(39위) 등 전통 대기업들보다 높은 순위다.",개별기업,N,기타,자산 총액,"두나무, 가상자산, 거래소, 대기업 집단, 자산 순위",-,-,-,가상자산 거래소,-,-,-,2025,-,Y,확정,53위,KOSIS_VALUE,hcx,재계 순위,가상자산 거래소,2024,Y,hcx,이전값,53,-,-,N,위,순위,유지,전년,두나무의 경우 자산 총액이 지난해 9.4조원에서 올해 15.8조원으로 급증하면서 자산 순위도 53위에서 36위로 껑충 뛰었다.,high,N,-,N,0,0,HCX-007,v1.5-measurement-binding,2026-07-27
A1563-C010,A1563-C010-m4,A1563,가상자산 열풍에 거래소 2위 ‘빗썸’ 대기업 집단 오르고 두나무는 재계순위 53위서 36위로 껑충,2025-05-01,https://www.chosun.com/economy/economy_general/2025/05/01/TAOW3AN3HVDXZK2FPE2RXMGTKE,두나무의 경우 자산 총액이 지난해 9.4조원에서 올해 15.8조원으로 급증하면서 자산 순위도 53위에서 36위로 껑충 뛰었다.,가상자산 거래소 1위인 두나무는 이번에 기존 공시대상기업집단에서 상호출자제한집단으로 상향 지정됐다.,"이는 호반건설(35위) 바로 뒤 순위로 KT&G(37위)나 코오롱(38위), KCC(39위) 등 전통 대기업들보다 높은 순위다.",개별기업,N,기타,자산 총액,"두나무, 가상자산, 거래소, 대기업 집단, 자산 순위",-,-,-,가상자산 거래소,-,-,-,2025,-,Y,확정,36위,KOSIS_VALUE,hcx,재계 순위,가상자산 거래소,2025,Y,hcx,현재값,36,-,-,N,위,순위,증가,전년,두나무의 경우 자산 총액이 지난해 9.4조원에서 올해 15.8조원으로 급증하면서 자산 순위도 53위에서 36위로 껑충 뛰었다.,high,N,-,N,0,0,HCX-007,v1.5-measurement-binding,2026-07-27
A1750-C012,A1750-C012-m1,A1750,제조업 취업자 6년 만에 최대 감소,2025-05-15,https://www.chosun.com/economy/economy_general/2025/05/15/YJZYOKBKABHNNK6M34RI6QJREA,"2위는 도소매업(11.2%), 3위는 보건·사회복지업(11.2%), 4위는 숙박·음식점업(8%), 5위는 건설업(6.7%)이다.",제조업은 지난달 기준 취업자 수가 439만7000명으로 전체 취업자의 15.2%를 차지하는 ‘일자리 창출 1위 업종’이다.,"내수 부진과 무인 점포 확대 등 영향으로 도소매업 취업자가 작년 3월부터 1년 2개월 연속 줄어든 가운데, 건설 경기 부진 장기화로 건설업 고용도 작년 5월부터 12개월 연속 뒷걸음질 쳤다.",국내공식통계,Y,고용,취업자 비중,"제조업, 도소매업, 보건·사회복지업, 숙박·음식점업, 건설업",-,-,-,-,-,-,-,2025-04,-,M,확정,2위,KOSIS_VALUE,hcx,도소매업 취업자 비중,도소매업,-,-,hcx,현재값,2,-,-,N,위,순위,-,전년동기,"[검증 대상 문장] 2위는 도소매업(11.2%), 3위는 보건·사회복지업(11.2%), 4위는 숙박·음식점업(8%), 5위는 건설업(6.7%)이다.",high,Y,measurement_period_ungrounded:7,N,0,0,HCX-007,v1.5-measurement-binding,2026-07-27
A1750-C012,A1750-C012-m2,A1750,제조업 취업자 6년 만에 최대 감소,2025-05-15,https://www.chosun.com/economy/economy_general/2025/05/15/YJZYOKBKABHNNK6M34RI6QJREA,"2위는 도소매업(11.2%), 3위는 보건·사회복지업(11.2%), 4위는 숙박·음식점업(8%), 5위는 건설업(6.7%)이다.",제조업은 지난달 기준 취업자 수가 439만7000명으로 전체 취업자의 15.2%를 차지하는 ‘일자리 창출 1위 업종’이다.,"내수 부진과 무인 점포 확대 등 영향으로 도소매업 취업자가 작년 3월부터 1년 2개월 연속 줄어든 가운데, 건설 경기 부진 장기화로 건설업 고용도 작년 5월부터 12개월 연속 뒷걸음질 쳤다.",국내공식통계,Y,고용,취업자 비중,"제조업, 도소매업, 보건·사회복지업, 숙박·음식점업, 건설업",-,-,-,-,-,-,-,2025-04,-,M,확정,11.2%,KOSIS_VALUE,hcx,도소매업 취업자 비중,도소매업,-,-,hcx,현재값,11.2,-,-,N,%,비중,-,전년동기,"[검증 대상 문장] 2위는 도소매업(11.2%), 3위는 보건·사회복지업(11.2%), 4위는 숙박·음식점업(8%), 5위는 건설업(6.7%)이다.",high,Y,measurement_period_ungrounded:7,N,0,0,HCX-007,v1.5-measurement-binding,2026-07-27
A1750-C012,A1750-C012-m3,A1750,제조업 취업자 6년 만에 최대 감소,2025-05-15,https://www.chosun.com/economy/economy_general/2025/05/15/YJZYOKBKABHNNK6M34RI6QJREA,"2위는 도소매업(11.2%), 3위는 보건·사회복지업(11.2%), 4위는 숙박·음식점업(8%), 5위는 건설업(6.7%)이다.",제조업은 지난달 기준 취업자 수가 439만7000명으로 전체 취업자의 15.2%를 차지하는 ‘일자리 창출 1위 업종’이다.,"내수 부진과 무인 점포 확대 등 영향으로 도소매업 취업자가 작년 3월부터 1년 2개월 연속 줄어든 가운데, 건설 경기 부진 장기화로 건설업 고용도 작년 5월부터 12개월 연속 뒷걸음질 쳤다.",국내공식통계,Y,고용,취업자 비중,"제조업, 도소매업, 보건·사회복지업, 숙박·음식점업, 건설업",-,-,-,-,-,-,-,2025-04,-,M,확정,3위,KOSIS_VALUE,hcx,보건·사회복지업 취업자 비중,보건·사회복지업,-,-,hcx,현재값,3,-,-,N,위,순위,-,전년동기,"[검증 대상 문장] 2위는 도소매업(11.2%), 3위는 보건·사회복지업(11.2%), 4위는 숙박·음식점업(8%), 5위는 건설업(6.7%)이다.",high,Y,measurement_period_ungrounded:7,N,0,0,HCX-007,v1.5-measurement-binding,2026-07-27
A1750-C012,A1750-C012-m4,A1750,제조업 취업자 6년 만에 최대 감소,2025-05-15,https://www.chosun.com/economy/economy_general/2025/05/15/YJZYOKBKABHNNK6M34RI6QJREA,"2위는 도소매업(11.2%), 3위는 보건·사회복지업(11.2%), 4위는 숙박·음식점업(8%), 5위는 건설업(6.7%)이다.",제조업은 지난달 기준 취업자 수가 439만7000명으로 전체 취업자의 15.2%를 차지하는 ‘일자리 창출 1위 업종’이다.,"내수 부진과 무인 점포 확대 등 영향으로 도소매업 취업자가 작년 3월부터 1년 2개월 연속 줄어든 가운데, 건설 경기 부진 장기화로 건설업 고용도 작년 5월부터 12개월 연속 뒷걸음질 쳤다.",국내공식통계,Y,고용,취업자 비중,"제조업, 도소매업, 보건·사회복지업, 숙박·음식점업, 건설업",-,-,-,-,-,-,-,2025-04,-,M,확정,4위,KOSIS_VALUE,hcx,숙박·음식점업 취업자 비중,숙박·음식점업,-,-,hcx,현재값,4,-,-,N,위,순위,-,전년동기,"[검증 대상 문장] 2위는 도소매업(11.2%), 3위는 보건·사회복지업(11.2%), 4위는 숙박·음식점업(8%), 5위는 건설업(6.7%)이다.",high,Y,measurement_period_ungrounded:7,N,0,0,HCX-007,v1.5-measurement-binding,2026-07-27
A1750-C012,A1750-C012-m5,A1750,제조업 취업자 6년 만에 최대 감소,2025-05-15,https://www.chosun.com/economy/economy_general/2025/05/15/YJZYOKBKABHNNK6M34RI6QJREA,"2위는 도소매업(11.2%), 3위는 보건·사회복지업(11.2%), 4위는 숙박·음식점업(8%), 5위는 건설업(6.7%)이다.",제조업은 지난달 기준 취업자 수가 439만7000명으로 전체 취업자의 15.2%를 차지하는 ‘일자리 창출 1위 업종’이다.,"내수 부진과 무인 점포 확대 등 영향으로 도소매업 취업자가 작년 3월부터 1년 2개월 연속 줄어든 가운데, 건설 경기 부진 장기화로 건설업 고용도 작년 5월부터 12개월 연속 뒷걸음질 쳤다.",국내공식통계,Y,고용,취업자 비중,"제조업, 도소매업, 보건·사회복지업, 숙박·음식점업, 건설업",-,-,-,-,-,-,-,2025-04,-,M,확정,8%,KOSIS_VALUE,hcx,숙박·음식점업 취업자 비중,숙박·음식점업,-,-,hcx,현재값,8,-,-,N,%,비중,-,전년동기,"[검증 대상 문장] 2위는 도소매업(11.2%), 3위는 보건·사회복지업(11.2%), 4위는 숙박·음식점업(8%), 5위는 건설업(6.7%)이다.",high,Y,measurement_period_ungrounded:7,N,0,0,HCX-007,v1.5-measurement-binding,2026-07-27
A1750-C012,A1750-C012-m6,A1750,제조업 취업자 6년 만에 최대 감소,2025-05-15,https://www.chosun.com/economy/economy_general/2025/05/15/YJZYOKBKABHNNK6M34RI6QJREA,"2위는 도소매업(11.2%), 3위는 보건·사회복지업(11.2%), 4위는 숙박·음식점업(8%), 5위는 건설업(6.7%)이다.",제조업은 지난달 기준 취업자 수가 439만7000명으로 전체 취업자의 15.2%를 차지하는 ‘일자리 창출 1위 업종’이다.,"내수 부진과 무인 점포 확대 등 영향으로 도소매업 취업자가 작년 3월부터 1년 2개월 연속 줄어든 가운데, 건설 경기 부진 장기화로 건설업 고용도 작년 5월부터 12개월 연속 뒷걸음질 쳤다.",국내공식통계,Y,고용,취업자 비중,"제조업, 도소매업, 보건·사회복지업, 숙박·음식점업, 건설업",-,-,-,-,-,-,-,2025-04,-,M,확정,5위,KOSIS_VALUE,hcx,건설업 취업자 비중,건설업,-,-,hcx,현재값,5,-,-,N,위,순위,-,전년동기,"[검증 대상 문장] 2위는 도소매업(11.2%), 3위는 보건·사회복지업(11.2%), 4위는 숙박·음식점업(8%), 5위는 건설업(6.7%)이다.",high,Y,measurement_period_ungrounded:7,N,0,0,HCX-007,v1.5-measurement-binding,2026-07-27
A1750-C012,A1750-C012-m7,A1750,제조업 취업자 6년 만에 최대 감소,2025-05-15,https://www.chosun.com/economy/economy_general/2025/05/15/YJZYOKBKABHNNK6M34RI6QJREA,"2위는 도소매업(11.2%), 3위는 보건·사회복지업(11.2%), 4위는 숙박·음식점업(8%), 5위는 건설업(6.7%)이다.",제조업은 지난달 기준 취업자 수가 439만7000명으로 전체 취업자의 15.2%를 차지하는 ‘일자리 창출 1위 업종’이다.,"내수 부진과 무인 점포 확대 등 영향으로 도소매업 취업자가 작년 3월부터 1년 2개월 연속 줄어든 가운데, 건설 경기 부진 장기화로 건설업 고용도 작년 5월부터 12개월 연속 뒷걸음질 쳤다.",국내공식통계,Y,고용,취업자 비중,"제조업, 도소매업, 보건·사회복지업, 숙박·음식점업, 건설업",-,-,-,-,-,-,-,2025-04,-,M,확정,6.7%,KOSIS_VALUE,hcx,건설업 취업자 비중,건설업,-,-,hcx,현재값,6.7,-,-,N,%,비중,-,전년동기,"[검증 대상 문장] 2위는 도소매업(11.2%), 3위는 보건·사회복지업(11.2%), 4위는 숙박·음식점업(8%), 5위는 건설업(6.7%)이다.",high,Y,measurement_period_ungrounded:7,N,0,0,HCX-007,v1.5-measurement-binding,2026-07-27
A2040-C048,A2040-C048-m1,A2040,‘동맹파’와 ‘자주파’ 함께 기용… 李대통령의 ‘양손잡이 외교’,2025-06-07,https://www.chosun.com/politics/diplomacy-defense/2025/06/07/PT644PGJIJF5JAHXMSGJ3EJBKQ,이런 가운데 한국 경제 성장률은 0%대로 떨어져 ‘피크 코리아’라는 말까지 나도는 상황입니다.,"북한은 ‘적대적 두 국가론’을 천명하고 사상 처음으로 유럽 우크라이나 전쟁에 대규모 군대를 파견에 참전, 러시아와 군사적 밀월 관계를 보내고 있습니다.","사면초가, 백척간두, 풍전등화라는 말이 진부할 정도로 정치, 경제, 외교안보 전 분야에 걸쳐 사용됩니다.",국내공식통계,N,생산·산업,경제 성장률,"한국 경제 성장률, 피크 코리아",-,-,-,-,-,-,-,2025,-,Y,확정,0%,KOSIS_VALUE,hcx,경제 성장률,-,-,-,hcx,현재값,0,-,-,N,%,수준값,유지,전년,이런 가운데 한국 경제 성장률은 0%대로 떨어져 '피크 코리아'라는 말까지 나도는 상황입니다.,high,Y,measurement_period_ungrounded:1,N,0,0,HCX-007,v1.5-measurement-binding,2026-07-27
A0067-C010,A0067-C010-m1,A0067,"지난해 최고 인기 수입차는 테슬라 모델 Y...BMW 520, 벤츠 E200 뒤 이어",2025-01-06,https://www.chosun.com/economy/auto/2025/01/06/S27CLI355JFNZLDTKSS6EHCNPI,연료별로는 하이브리드가 절반이 넘는 13만4426대(51.1%)를 기록한 가운데 가솔린(23.8%)과 전기(18.8%)가 다음 자리를 차지했다.,"새로 집계에 들어온 테슬라가 2023년(1만 6461대)의 두 배에 가까운 2만9750대를 판매하며 3위에 올랐으며, 볼보, 렉서스 등도 1만대를 웃돌며 뒤를 이었다.","2023년 9만1680대였던 하이브리드는 46.6%나 크게 늘었고, 전기차는 전년대비 86.3% 급증했다.",국내공식통계,Y,무역,연료별 자동차 판매 비중,"하이브리드, 가솔린, 전기, 연료별",-,-,-,-,-,-,-,2024,-,Y,확정,13만4426대,KOSIS_VALUE,hcx,연료별 자동차 판매 대수,하이브리드,2024,Y,hcx,현재값,134426,-,-,N,대,수준값,-,전년,연료별로는 하이브리드가 절반이 넘는 13만4426대(51.1%)를 기록한 가운데 가솔린(23.8%)과 전기(18.8%)가 다음 자리를 차지했다.,high,N,-,N,0,0,HCX-007,v1.5-measurement-binding,2026-07-27
A0067-C010,A0067-C010-m2,A0067,"지난해 최고 인기 수입차는 테슬라 모델 Y...BMW 520, 벤츠 E200 뒤 이어",2025-01-06,https://www.chosun.com/economy/auto/2025/01/06/S27CLI355JFNZLDTKSS6EHCNPI,연료별로는 하이브리드가 절반이 넘는 13만4426대(51.1%)를 기록한 가운데 가솔린(23.8%)과 전기(18.8%)가 다음 자리를 차지했다.,"새로 집계에 들어온 테슬라가 2023년(1만 6461대)의 두 배에 가까운 2만9750대를 판매하며 3위에 올랐으며, 볼보, 렉서스 등도 1만대를 웃돌며 뒤를 이었다.","2023년 9만1680대였던 하이브리드는 46.6%나 크게 늘었고, 전기차는 전년대비 86.3% 급증했다.",국내공식통계,Y,무역,연료별 자동차 판매 비중,"하이브리드, 가솔린, 전기, 연료별",-,-,-,-,-,-,-,2024,-,Y,확정,51.1%,KOSIS_VALUE,hcx,연료별 자동차 판매 비중,하이브리드,2024,Y,hcx,현재값,51.1,-,-,N,%,비중,-,전년,연료별로는 하이브리드가 절반이 넘는 13만4426대(51.1%)를 기록한 가운데 가솔린(23.8%)과 전기(18.8%)가 다음 자리를 차지했다.,high,N,-,N,0,0,HCX-007,v1.5-measurement-binding,2026-07-27
A0067-C010,A0067-C010-m3,A0067,"지난해 최고 인기 수입차는 테슬라 모델 Y...BMW 520, 벤츠 E200 뒤 이어",2025-01-06,https://www.chosun.com/economy/auto/2025/01/06/S27CLI355JFNZLDTKSS6EHCNPI,연료별로는 하이브리드가 절반이 넘는 13만4426대(51.1%)를 기록한 가운데 가솔린(23.8%)과 전기(18.8%)가 다음 자리를 차지했다.,"새로 집계에 들어온 테슬라가 2023년(1만 6461대)의 두 배에 가까운 2만9750대를 판매하며 3위에 올랐으며, 볼보, 렉서스 등도 1만대를 웃돌며 뒤를 이었다.","2023년 9만1680대였던 하이브리드는 46.6%나 크게 늘었고, 전기차는 전년대비 86.3% 급증했다.",국내공식통계,Y,무역,연료별 자동차 판매 비중,"하이브리드, 가솔린, 전기, 연료별",-,-,-,-,-,-,-,2024,-,Y,확정,23.8%,KOSIS_VALUE,hcx,연료별 자동차 판매 비중,가솔린,2024,Y,hcx,현재값,23.8,-,-,N,%,비중,-,전년,연료별로는 하이브리드가 절반이 넘는 13만4426대(51.1%)를 기록한 가운데 가솔린(23.8%)과 전기(18.8%)가 다음 자리를 차지했다.,high,N,-,N,0,0,HCX-007,v1.5-measurement-binding,2026-07-27
A0067-C010,A0067-C010-m4,A0067,"지난해 최고 인기 수입차는 테슬라 모델 Y...BMW 520, 벤츠 E200 뒤 이어",2025-01-06,https://www.chosun.com/economy/auto/2025/01/06/S27CLI355JFNZLDTKSS6EHCNPI,연료별로는 하이브리드가 절반이 넘는 13만4426대(51.1%)를 기록한 가운데 가솔린(23.8%)과 전기(18.8%)가 다음 자리를 차지했다.,"새로 집계에 들어온 테슬라가 2023년(1만 6461대)의 두 배에 가까운 2만9750대를 판매하며 3위에 올랐으며, 볼보, 렉서스 등도 1만대를 웃돌며 뒤를 이었다.","2023년 9만1680대였던 하이브리드는 46.6%나 크게 늘었고, 전기차는 전년대비 86.3% 급증했다.",국내공식통계,Y,무역,연료별 자동차 판매 비중,"하이브리드, 가솔린, 전기, 연료별",-,-,-,-,-,-,-,2024,-,Y,확정,18.8%,KOSIS_VALUE,hcx,연료별 자동차 판매 비중,전기,2024,Y,hcx,현재값,18.8,-,-,N,%,비중,-,전년,연료별로는 하이브리드가 절반이 넘는 13만4426대(51.1%)를 기록한 가운데 가솔린(23.8%)과 전기(18.8%)가 다음 자리를 차지했다.,high,N,-,N,0,0,HCX-007,v1.5-measurement-binding,2026-07-27
A1191-C011,A1191-C011-m1,A1191,“작년 역대 최고 고용 달성? 외국인·노인 고용 늘어난 통계적인 착시에 불과”,2025-04-02,https://www.chosun.com/economy/economy_general/2025/04/02/NE2LONUUMBEZVI5DDJRPBMDR7U,"같은 방식으로 비교했을 때 2023년까지만 해도 외국인과 노인 일자리 참여자 증가 규모는 11만8000명으로, 전체 취업자 증가 폭(32만7000명)보다 적었다.",다만 예산정책처 관계자는 “단순 비교로는 알 수 없는 다른 여러 변수가 있을 수 있다”면서도 “주력 업종들에서 견실한 일자리가 충분히 창출되지 못하고 있다는 점은 분명하다”고 했다.,외국인 취업자 중 상당수는 고용 허가제를 통해 저임금·저숙련 일자리에서 일하기로 약속하고 입국한 이들이다.,국내공식통계,N,고용,외국인과 노인 일자리 참여자 증가 규모 및 전체 취업자 증가 폭,"외국인, 노인, 일자리 참여자, 취업자 증가 폭",-,-,-,-,-,-,-,2023,-,Y,확정,11만8000명,KOSIS_VALUE,hcx,외국인과 노인 일자리 참여자 증가 규모,-,2023,Y,hcx,현재값,118000,-,-,N,명,수준값,증가,전년,[검증 대상 문장],high,N,-,N,0,0,HCX-007,v1.5-measurement-binding,2026-07-27
A1191-C011,A1191-C011-m2,A1191,“작년 역대 최고 고용 달성? 외국인·노인 고용 늘어난 통계적인 착시에 불과”,2025-04-02,https://www.chosun.com/economy/economy_general/2025/04/02/NE2LONUUMBEZVI5DDJRPBMDR7U,"같은 방식으로 비교했을 때 2023년까지만 해도 외국인과 노인 일자리 참여자 증가 규모는 11만8000명으로, 전체 취업자 증가 폭(32만7000명)보다 적었다.",다만 예산정책처 관계자는 “단순 비교로는 알 수 없는 다른 여러 변수가 있을 수 있다”면서도 “주력 업종들에서 견실한 일자리가 충분히 창출되지 못하고 있다는 점은 분명하다”고 했다.,외국인 취업자 중 상당수는 고용 허가제를 통해 저임금·저숙련 일자리에서 일하기로 약속하고 입국한 이들이다.,국내공식통계,N,고용,외국인과 노인 일자리 참여자 증가 규모 및 전체 취업자 증가 폭,"외국인, 노인, 일자리 참여자, 취업자 증가 폭",-,-,-,-,-,-,-,2023,-,Y,확정,32만7000명,KOSIS_VALUE,hcx,전체 취업자 증가 폭,-,2023,Y,hcx,현재값,327000,-,-,N,명,수준값,증가,전년,[검증 대상 문장],high,N,-,N,0,0,HCX-007,v1.5-measurement-binding,2026-07-27
A2328-C008,-,A2328,"주유소 기름값 2주 연속 상승… 휘발유 27.7원, 경유 29원 상승",2025-06-29,https://www.chosun.com/economy/industry-company/2025/06/29/4Z66ZA67O5CKZO6BRI6CCZTWBY,"세계 경기 둔화, 석유수출국협의체인 OPEC+(오펙 플러스)의 계속된 증산으로 약세를 보이던 주유소 기름값은 6월 셋째 주부터 중동 지역 긴장 격화의 여파로 오름세를 보이고 있다.",경유는 주간 가격 기준으로 5월 둘째 주 이후 5주 만에 다시 1500원대를 회복했다.,"다만 지난주 국제 유가는 미국의 이란 핵 시설 공습 후 이란의 제한적 보복, 이란과 이스라엘 간 휴전 합의 등으로 중동의 지정학 리스크가 진정되면서 하락했다.",국내공식통계,Y,물가,주유소 기름값,"주유소, 기름값, 휘발유, 경유, 상승",-,-,-,-,-,-,-,2025-06-29,-,M,확정,-,-,-,-,-,-,-,-,-,-,-,-,-,-,-,-,-,"세계 경기 둔화, 석유수출국협의체인 OPEC+(오펙 플러스)의 계속된 증산으로 약세를 보이던 주유소 기름값은 6월 셋째 주부터 중동 지역 긴장 격화의 여파로 오름세를 보이고 있다.",high,N,-,N,0,0,HCX-007,v1.5-measurement-binding,2026-07-27
A1731-C013,A1731-C013-m1,A1731,"KDI, 올해 성장률 전망치 1.6→0.8% 반토막 하향 조정",2025-05-14,https://www.chosun.com/economy/economy_general/2025/05/14/BVZZJRMGC5H4LHGST2P2SVCX2Y,KDI는 “대내외 수요 둔화로 초래될 수 있는 물가 하방 압력을 축소하기 위해 통화정책은 보다 완화적인 기조로 운용하는 것이 바람직하다”며 “재정정책은 큰 폭의 관리재정수지 적자(GDP 대비 3.3%)를 감안하면 이미 어느 정도 완화적 기조라 정부 지출 추가 확대는 신중히 접근해야 한다”고 했다.,KDI는 올해 경기 둔화 흐름을 감안해 거시 정책은 완화적 기조로 운용해야 한다고 제언했다.,-,국내공식통계,N,재정·조세,관리재정수지 적자 비율,"KDI, 재정정책, 관리재정수지 적자",-,-,-,-,-,-,-,2025,-,Y,확정,3.3%,KOSIS_VALUE,hcx,관리재정수지 적자 비율,-,2025,Y,hcx,현재값,3.3,-,-,N,%,수준값,유지,전년,“대내외 수요 둔화로 초래될 수 있는 물가 하방 압력을 축소하기 위해 통화정책은 보다 완화적인 기조로 운용하는 것이 바람직하다”며 “재정정책은 큰 폭의 관리재정수지 적자(GDP 대비 3.3%)를 감안하면 이미 어느 정도 완화적 기조라 정부 지출 추가 확대는 신중히 접근해야 한다”고 했다.,high,N,-,N,0,0,HCX-007,v1.5-measurement-binding,2026-07-27
A0697-C014,A0697-C014-m1,A0697,악성 미분양 급증한 대구·경북… 부동산 PF 부실로 농·축협도 적자 수렁,2025-02-23,https://www.chosun.com/economy/money/2025/02/23/52IXBWJOUCUQEBHXGGIR5K56AM,"연체 금액도 대구는 약 1400억원, 경북은 약 4800억원 수준이다.","지난해 말 기준 농·축협 공동대출 연체율은 대구 24%, 경북 18%로 전국 1, 2위에 해당한다.",대구·경북의 부동산 경기가 좋지 않아 앞으로 공동대출 부실은 더 늘어날 전망이다.,국내공식통계,N,부동산,공동대출 연체금액,"악성 미분양, 부동산 PF, 농·축협, 적자","대구,경북",-,-,-,-,-,-,2024말,-,Y,확정,1400억원,KOSIS_VALUE,hcx,공동대출 연체금액,대구,2024말,Y,hcx,현재값,140000000000,-,-,Y,원,수준값,-,전년,"[검증 대상 문장] 연체 금액도 대구는 약 1400억원, 경북은 약 4800억원 수준이다.",mid,N,-,N,0,0,HCX-007,v1.5-measurement-binding,2026-07-27
A0697-C014,A0697-C014-m2,A0697,악성 미분양 급증한 대구·경북… 부동산 PF 부실로 농·축협도 적자 수렁,2025-02-23,https://www.chosun.com/economy/money/2025/02/23/52IXBWJOUCUQEBHXGGIR5K56AM,"연체 금액도 대구는 약 1400억원, 경북은 약 4800억원 수준이다.","지난해 말 기준 농·축협 공동대출 연체율은 대구 24%, 경북 18%로 전국 1, 2위에 해당한다.",대구·경북의 부동산 경기가 좋지 않아 앞으로 공동대출 부실은 더 늘어날 전망이다.,국내공식통계,N,부동산,공동대출 연체금액,"악성 미분양, 부동산 PF, 농·축협, 적자","대구,경북",-,-,-,-,-,-,2024말,-,Y,확정,4800억원,KOSIS_VALUE,hcx,공동대출 연체금액,경북,2024말,Y,hcx,현재값,480000000000,-,-,Y,원,수준값,-,전년,"[검증 대상 문장] 연체 금액도 대구는 약 1400억원, 경북은 약 4800억원 수준이다.",mid,N,-,N,0,0,HCX-007,v1.5-measurement-binding,2026-07-27
A0739-C010,A0739-C010-m1,A0739,작년 혼인 건수 15% 늘어...증가율 1970년 집계 이래 최고,2025-02-26,https://www.chosun.com/economy/economy_general/2025/02/26/GSSMZGGYMBGKXLHSR4WOOWUCQ4,2019년 12월(2만4945건) 이후 모든 월을 기준으로 5년 만에 혼인 건수가 가장 많았다.,작년 12월 혼인 건수는 2만2519건에 달해 전년 동월 대비 28.1% 늘었다.,작년 12월 혼인 건수 증가율은 12월 기준으로 1981년 월 단위 혼인 건수 통계 집계 이후 가장 높다.,국내공식통계,N,인구,혼인 건수,"작년, 혼인 건수, 증가율, 1970년, 집계",-,-,-,-,-,-,-,2024,-,M,확정,2만4945건,KOSIS_VALUE,hcx,혼인 건수,-,2019,Y,hcx,현재값,24945,-,-,N,건,수준값,-,전년동기,[검증 대상 문장],high,Y,measurement_binding_fallback:1,N,0,1,HCX-007,v1.5-measurement-binding,2026-07-27
A0739-C010,A0739-C010-m2,A0739,작년 혼인 건수 15% 늘어...증가율 1970년 집계 이래 최고,2025-02-26,https://www.chosun.com/economy/economy_general/2025/02/26/GSSMZGGYMBGKXLHSR4WOOWUCQ4,2019년 12월(2만4945건) 이후 모든 월을 기준으로 5년 만에 혼인 건수가 가장 많았다.,작년 12월 혼인 건수는 2만2519건에 달해 전년 동월 대비 28.1% 늘었다.,작년 12월 혼인 건수 증가율은 12월 기준으로 1981년 월 단위 혼인 건수 통계 집계 이후 가장 높다.,국내공식통계,N,인구,혼인 건수,"작년, 혼인 건수, 증가율, 1970년, 집계",-,-,-,-,-,-,-,2024,-,M,확정,5년,CONTEXT,hcx,기간,-,2024,M,claim_fallback,참고값,5,-,-,N,년,수준값,-,-,[검증 대상 문장],high,Y,measurement_binding_fallback:1,N,0,1,HCX-007,v1.5-measurement-binding,2026-07-27
A0386-C007,-,A0386,한국 스타벅스 2009개…세계에서 3번째로 매장 많다,2025-01-30,https://www.chosun.com/economy/market_trend/2025/01/30/JSQ4KJCNANCM7E25YUE2337CXA,"인구 수 대비로 보면 한국이 일본, 중국보다 스타벅스 매장이 많다.",중국에는 7685개가 있다.,"일본은 스타벅스가 북미 이외 지역에 최초로 진출한 나라로, 1996년 도쿄 긴자에 1호 매장이 생겼다.",개별기업,N,소매·소비,스타벅스 매장 수,"한국, 세계, 매장 수, 인구 수 대비",-,-,-,스타벅스,-,-,-,2025,-,Y,확정,-,-,-,-,-,-,-,-,-,-,-,-,-,-,-,-,-,"인구 수 대비로 보면 한국이 일본, 중국보다 스타벅스 매장이 많다.",mid,Y,인구 수 대비 비교 데이터 부족,N,0,0,HCX-007,v1.5-measurement-binding,2026-07-27
A2295-C002,A2295-C002-m1,A2295,빚의 늪 빠진 저소득 자영업자… 1분기 연체율 12% ’12년만에 최고',2025-06-26,https://www.chosun.com/economy/economy_general/2025/06/26/XMXERK3NLNH2XI5QIICOGSEXSE,한국은행은 25일 금융안정상황 보고서에서 올해 1분기(1~3월) 말 취약 자영업자의 대출 연체율은 12.24%로 집계됐다고 밝혔다.,최근 경기 둔화 여파로 자영업자들이 어려움을 겪으면서 취약 자영업자 연체율이 12년 만에 최고치를 기록했다.,취약 자영업자는 여러 금융회사에서 돈을 빌린 다중 채무자이면서 저소득이거나 저신용자인 대출자를 뜻한다.,국내공식통계,Y,금융·금리,취약 자영업자 대출 연체율,"자영업자, 연체율, 금융안정상황 보고서",-,-,-,-,-,-,-,2025Q1,-,Q,확정,12.24%,KOSIS_VALUE,hcx,취약 자영업자 대출 연체율,-,2025Q1,Q,hcx,현재값,12.24,-,-,N,%,비중,-,전년동기,한국은행은 25일 금융안정상황 보고서에서 올해 1분기(1~3월) 말 취약 자영업자의 대출 연체율은 12.24%로 집계됐다고 밝혔다.,high,N,-,N,0,0,HCX-007,v1.5-measurement-binding,2026-07-27
A2652-C001,A2652-C001-m1,A2652,“정보자원관리원 화재로 정부부처 피해 최소 95억원 추산”,2025-10-26,https://www.chosun.com/national/national_general/2025/10/26/WZUASQOJZVFSNKIOHOSGN2ARQ4/,국가정보자원관리원(정보자원관리원) 화재에 따른 피해액이 최소 95억원으로 추산된다고 조국혁신당 차규근 의원이 26일 밝혔다.,-,"국회 기획재정위원회 소속인 차 의원이 국회 예산정책처에 의뢰해 제출받은 자료에 따르면, 정부 부처 7곳, 시스템 54개에 대한 피해 추산액은 총 95억4500만원으로 집계됐다.",개별기업,N,기타,피해액,"정부부처, 정보자원관리원, 화재",-,-,-,-,-,-,-,202510,-,M,확정,95억원,KOSIS_VALUE,hcx,피해액,-,-,-,hcx,현재값,9500000000,-,-,N,원,수준값,-,-,"""국가정보자원관리원(정보자원관리원) 화재에 따른 피해액이 최소 95억원으로 추산된다고 조국혁신당 차규근 의원이 26일 밝혔다.""",high,Y,measurement_period_ungrounded:1,N,0,0,HCX-007,v1.5-measurement-binding,2026-07-27
A0328-C002,A0328-C002-m1,A0328,"중국, 작년 선박 수주 세계 톱 10 중 7자리 차지...K조선은?",2025-01-26,https://www.chosun.com/economy/industry-company/2025/01/26/6N2OGDINMVCQJNEIGAZYWM234Q,수주량 기준으로 상위 10개 조선소 중 7개가 중국 조선소였다.,지난해 글로벌 시장에서 발주된 선박의 71%를 중국 조선소가 따낸 것으로 나타났다.,K조선도 5~7위에 오르며 선방했지만 올해도 이 같은 중국의 물량공세가 거셀 전망이다.,해외통계·정책,N,무역,선박 수주 점유율,"선박, 수주, 점유율, 조선소",-,-,-,조선,-,-,-,2024,-,Y,확정,10개,KOSIS_VALUE,hcx,조선소 수,조선,2024,Y,hcx,현재값,10,-,-,N,개,수준값,-,전년,수주량 기준으로 상위 10개 조선소 중 7개가 중국 조선소였다.,high,N,-,N,0,0,HCX-007,v1.5-measurement-binding,2026-07-27
A0328-C002,A0328-C002-m2,A0328,"중국, 작년 선박 수주 세계 톱 10 중 7자리 차지...K조선은?",2025-01-26,https://www.chosun.com/economy/industry-company/2025/01/26/6N2OGDINMVCQJNEIGAZYWM234Q,수주량 기준으로 상위 10개 조선소 중 7개가 중국 조선소였다.,지난해 글로벌 시장에서 발주된 선박의 71%를 중국 조선소가 따낸 것으로 나타났다.,K조선도 5~7위에 오르며 선방했지만 올해도 이 같은 중국의 물량공세가 거셀 전망이다.,해외통계·정책,N,무역,선박 수주 점유율,"선박, 수주, 점유율, 조선소",-,-,-,조선,-,-,-,2024,-,Y,확정,7개,KOSIS_VALUE,hcx,중국 조선소 수,조선,2024,Y,hcx,현재값,7,-,-,N,개,수준값,-,전년,수주량 기준으로 상위 10개 조선소 중 7개가 중국 조선소였다.,high,N,-,N,0,0,HCX-007,v1.5-measurement-binding,2026-07-27
A0894-C015,A0894-C015-m1,A0894,"韓 노동시장 자유도, 세계 184국 중 100위…美 헤리티지재단 평가",2025-03-10,https://www.chosun.com/economy/industry-company/2025/03/10/REF5AI7YPRFURBHLBBGMZRHLE4,"특히, 노동시장 순위는 전년 87위에서 13위나 떨어진 100위를 기록했다.",독일은 한국보다 낮은 53.3점이었다.,경총은 “한국의 경직된 노동 규제가 노동시장의 효율성을 저해하고 있는 것으로 나타났다”고 분석했다.,해외통계·정책,Y,고용,노동시장 순위,"노동시장 자유도, 세계 184국, 미국 헤리티지재단",-,-,-,-,-,-,-,2025Q1,-,Q,확정,87위,KOSIS_VALUE,hcx,노동시장 순위,-,2024Q1,Q,hcx,이전값,87,-,-,N,위,순위,-,전년동기,"특히, 노동시장 순위는 전년 87위에서 13위나 떨어진 100위를 기록했다.",high,Y,measurement_period_ungrounded:2,N,0,0,HCX-007,v1.5-measurement-binding,2026-07-27
A0894-C015,A0894-C015-m2,A0894,"韓 노동시장 자유도, 세계 184국 중 100위…美 헤리티지재단 평가",2025-03-10,https://www.chosun.com/economy/industry-company/2025/03/10/REF5AI7YPRFURBHLBBGMZRHLE4,"특히, 노동시장 순위는 전년 87위에서 13위나 떨어진 100위를 기록했다.",독일은 한국보다 낮은 53.3점이었다.,경총은 “한국의 경직된 노동 규제가 노동시장의 효율성을 저해하고 있는 것으로 나타났다”고 분석했다.,해외통계·정책,Y,고용,노동시장 순위,"노동시장 자유도, 세계 184국, 미국 헤리티지재단",-,-,-,-,-,-,-,2025Q1,-,Q,확정,13위,KOSIS_VALUE,hcx,노동시장 순위 하락 폭,-,-,-,hcx,증감값,13,-,-,N,위,순위,감소,전년동기,"특히, 노동시장 순위는 전년 87위에서 13위나 떨어진 100위를 기록했다.",high,Y,measurement_period_ungrounded:2,N,0,0,HCX-007,v1.5-measurement-binding,2026-07-27
A0894-C015,A0894-C015-m3,A0894,"韓 노동시장 자유도, 세계 184국 중 100위…美 헤리티지재단 평가",2025-03-10,https://www.chosun.com/economy/industry-company/2025/03/10/REF5AI7YPRFURBHLBBGMZRHLE4,"특히, 노동시장 순위는 전년 87위에서 13위나 떨어진 100위를 기록했다.",독일은 한국보다 낮은 53.3점이었다.,경총은 “한국의 경직된 노동 규제가 노동시장의 효율성을 저해하고 있는 것으로 나타났다”고 분석했다.,해외통계·정책,Y,고용,노동시장 순위,"노동시장 자유도, 세계 184국, 미국 헤리티지재단",-,-,-,-,-,-,-,2025Q1,-,Q,확정,100위,KOSIS_VALUE,hcx,노동시장 순위,-,-,-,hcx,현재값,100,-,-,N,위,순위,-,전년동기,"특히, 노동시장 순위는 전년 87위에서 13위나 떨어진 100위를 기록했다.",high,Y,measurement_period_ungrounded:2,N,0,0,HCX-007,v1.5-measurement-binding,2026-07-27
A1672-C001,A1672-C001-m1,A1672,원 달러 환율 이틀만에 다시 1400원대로,2025-05-09,https://www.chosun.com/economy/economy_general/2025/05/09/R5BOJUO4XNDYDBVITSCE7FSE6U,원 달러 환율이 이틀만에 다시 1400원대로 올라섰다.,-,"관세전쟁 해소의 실마리가 보이면서 달러화가 강세를 보였고, 원 달러 환율도 함께 밀려 올라갔다.",국내공식통계,Y,금융·금리,원 달러 환율,"환율, 달러",-,-,-,-,-,-,-,202505,-,M,확정,1400원,KOSIS_VALUE,hcx,원 달러 환율,-,-,-,hcx,현재값,1400,-,-,N,원,수준값,-,전월,원 달러 환율이 이틀만에 다시 1400원대로 올라섰다.,high,Y,measurement_period_ungrounded:1,N,0,0,HCX-007,v1.5-measurement-binding,2026-07-27
A0519-C009,A0519-C009-m1,A0519,"‘연 9%대’ 청년도약계좌 신청, 올해 들어 5배 이상 급증",2025-02-09,https://www.chosun.com/economy/money/2025/02/09/4SL5TSLL7KPMWQWY3QNXI2LUU4,나흘간 일평균 신청 인원은 2만9000명으로 3만명에 육박한다.,"이달 청년도약계좌 가입 기간은 지난 3일부터 오는 14일까지로, 지난 6일 기준 총 11만6000명이 가입 신청을 했다.","이런 흐름 속에 청년도약계좌 총 가입자는 166만명까지 불어났는데, 가입 가능한 청년 추산 인구(600만명)의 28%에 달한다.",개별기업,N,소득·임금,청년도약계좌 신청자 수,"청년도약계좌, 신청자 수, 급증",-,청년,-,-,-,-,-,202502,-,M,확정,2만9000명,KOSIS_VALUE,hcx,청년도약계좌 신청자 수,-,202502,M,hcx,현재값,29000,-,-,N,명,수준값,-,전월,나흘간 일평균 신청 인원은 2만9000명으로 3만명에 육박한다.,high,N,-,Y,0,0,HCX-007,v1.5-measurement-binding,2026-07-27
A0519-C009,A0519-C009-m2,A0519,"‘연 9%대’ 청년도약계좌 신청, 올해 들어 5배 이상 급증",2025-02-09,https://www.chosun.com/economy/money/2025/02/09/4SL5TSLL7KPMWQWY3QNXI2LUU4,나흘간 일평균 신청 인원은 2만9000명으로 3만명에 육박한다.,"이달 청년도약계좌 가입 기간은 지난 3일부터 오는 14일까지로, 지난 6일 기준 총 11만6000명이 가입 신청을 했다.","이런 흐름 속에 청년도약계좌 총 가입자는 166만명까지 불어났는데, 가입 가능한 청년 추산 인구(600만명)의 28%에 달한다.",개별기업,N,소득·임금,청년도약계좌 신청자 수,"청년도약계좌, 신청자 수, 급증",-,청년,-,-,-,-,-,202502,-,M,확정,3만명,KOSIS_VALUE,hcx,청년도약계좌 신청자 수,-,202502,M,hcx,참고값,30000,-,-,N,명,수준값,-,전월,나흘간 일평균 신청 인원은 2만9000명으로 3만명에 육박한다.,high,N,-,Y,0,0,HCX-007,v1.5-measurement-binding,2026-07-27
A2033-C007,A2033-C007-m1,A2033,"“전세사기 두려워 택했는데, ‘미친 월세’에 생활비 절반 나간다”",2025-06-06,https://www.chosun.com/economy/economy_general/2025/06/06/OS5ROBTDJFHNHCVRV3DJBRRB34,"서울 아파트 월세 지수 증가 폭은 작년만 해도 4~6%대였지만, 올 들어 급등하기 시작해 지난 3월엔 8.7%를 기록했고 4월에도 10.3%였다.",2015년 관련 통계 집계 이후 최대 증가 폭이다.,"임차인은 보증금을 제대로 돌려받을 수 있을까 두려워서, 임대인은 금리 하락으로 전세금 이자가 줄어 기존 전세 물건들이 반전세나 월세로 전환되자 서민 주거비 부담은 갈수록 커진다.",국내공식통계,Y,부동산,서울 아파트 월세 지수 증감률,"아파트, 월세, 지수, 증가폭",서울,-,-,-,-,-,-,2025Q2,-,Q,확정,4%,KOSIS_VALUE,hcx,서울 아파트 월세 지수,-,2024Q4,Q,hcx,증감률,4,-,-,N,%,증감률,증가,전분기,"서울 아파트 월세 지수 증가 폭은 작년만 해도 4~6%대였지만, 올 들어 급등하기 시작해 지난 3월엔 8.7%를 기록했고 4월에도 10.3%였다.",high,Y,measurement_period_ungrounded:2,N,0,0,HCX-007,v1.5-measurement-binding,2026-07-27
A2033-C007,A2033-C007-m2,A2033,"“전세사기 두려워 택했는데, ‘미친 월세’에 생활비 절반 나간다”",2025-06-06,https://www.chosun.com/economy/economy_general/2025/06/06/OS5ROBTDJFHNHCVRV3DJBRRB34,"서울 아파트 월세 지수 증가 폭은 작년만 해도 4~6%대였지만, 올 들어 급등하기 시작해 지난 3월엔 8.7%를 기록했고 4월에도 10.3%였다.",2015년 관련 통계 집계 이후 최대 증가 폭이다.,"임차인은 보증금을 제대로 돌려받을 수 있을까 두려워서, 임대인은 금리 하락으로 전세금 이자가 줄어 기존 전세 물건들이 반전세나 월세로 전환되자 서민 주거비 부담은 갈수록 커진다.",국내공식통계,Y,부동산,서울 아파트 월세 지수 증감률,"아파트, 월세, 지수, 증가폭",서울,-,-,-,-,-,-,2025Q2,-,Q,확정,6%,KOSIS_VALUE,hcx,서울 아파트 월세 지수,-,2024Q4,Q,hcx,증감률,6,-,-,N,%,증감률,증가,전분기,"서울 아파트 월세 지수 증가 폭은 작년만 해도 4~6%대였지만, 올 들어 급등하기 시작해 지난 3월엔 8.7%를 기록했고 4월에도 10.3%였다.",high,Y,measurement_period_ungrounded:2,N,0,0,HCX-007,v1.5-measurement-binding,2026-07-27
A2033-C007,A2033-C007-m3,A2033,"“전세사기 두려워 택했는데, ‘미친 월세’에 생활비 절반 나간다”",2025-06-06,https://www.chosun.com/economy/economy_general/2025/06/06/OS5ROBTDJFHNHCVRV3DJBRRB34,"서울 아파트 월세 지수 증가 폭은 작년만 해도 4~6%대였지만, 올 들어 급등하기 시작해 지난 3월엔 8.7%를 기록했고 4월에도 10.3%였다.",2015년 관련 통계 집계 이후 최대 증가 폭이다.,"임차인은 보증금을 제대로 돌려받을 수 있을까 두려워서, 임대인은 금리 하락으로 전세금 이자가 줄어 기존 전세 물건들이 반전세나 월세로 전환되자 서민 주거비 부담은 갈수록 커진다.",국내공식통계,Y,부동산,서울 아파트 월세 지수 증감률,"아파트, 월세, 지수, 증가폭",서울,-,-,-,-,-,-,2025Q2,-,Q,확정,8.7%,KOSIS_VALUE,hcx,서울 아파트 월세 지수,-,-,-,hcx,증감률,8.7,-,-,N,%,증감률,증가,전분기,"서울 아파트 월세 지수 증가 폭은 작년만 해도 4~6%대였지만, 올 들어 급등하기 시작해 지난 3월엔 8.7%를 기록했고 4월에도 10.3%였다.",high,Y,measurement_period_ungrounded:2,N,0,0,HCX-007,v1.5-measurement-binding,2026-07-27
A2033-C007,A2033-C007-m4,A2033,"“전세사기 두려워 택했는데, ‘미친 월세’에 생활비 절반 나간다”",2025-06-06,https://www.chosun.com/economy/economy_general/2025/06/06/OS5ROBTDJFHNHCVRV3DJBRRB34,"서울 아파트 월세 지수 증가 폭은 작년만 해도 4~6%대였지만, 올 들어 급등하기 시작해 지난 3월엔 8.7%를 기록했고 4월에도 10.3%였다.",2015년 관련 통계 집계 이후 최대 증가 폭이다.,"임차인은 보증금을 제대로 돌려받을 수 있을까 두려워서, 임대인은 금리 하락으로 전세금 이자가 줄어 기존 전세 물건들이 반전세나 월세로 전환되자 서민 주거비 부담은 갈수록 커진다.",국내공식통계,Y,부동산,서울 아파트 월세 지수 증감률,"아파트, 월세, 지수, 증가폭",서울,-,-,-,-,-,-,2025Q2,-,Q,확정,10.3%,KOSIS_VALUE,hcx,서울 아파트 월세 지수,-,-,-,hcx,증감률,10.3,-,-,N,%,증감률,증가,전분기,"서울 아파트 월세 지수 증가 폭은 작년만 해도 4~6%대였지만, 올 들어 급등하기 시작해 지난 3월엔 8.7%를 기록했고 4월에도 10.3%였다.",high,Y,measurement_period_ungrounded:2,N,0,0,HCX-007,v1.5-measurement-binding,2026-07-27
A2623-C007,A2623-C007-m1,A2623,껑충 뛴 노년층 소비 증가율… 청·장년층 2배 육박,2025-10-12,https://biz.chosun.com/policy/policy_sub/2025/10/12/XI3INZMW3NEONORMIWDLZN3XVU/,65세 이상 노년층 소비의 60% 이상은 개인 지출인 민간 소비였다.,0~14세의 유년층 소비 증가율은 4.3%였다.,"이는 정부가 제공하는 복지·의료 등 공공소비가 아닌, 개인이 직접 지출한 소비를 뜻한다.",국내공식통계,N,소매·소비,노년층 소비 증가율,"노년층, 소비 증가율, 개인 지출, 민간 소비, 공공소비",-,고령층,-,-,-,-,-,-,-,-,확정,65세,CONDITION,hcx,연령,-,-,-,hcx,참고값,65,-,-,N,세,수준값,-,-,65세 이상 노년층 소비의 60% 이상은 개인 지출인 민간 소비였다.,high,N,-,N,0,0,HCX-007,v1.5-measurement-binding,2026-07-27
A2623-C007,A2623-C007-m2,A2623,껑충 뛴 노년층 소비 증가율… 청·장년층 2배 육박,2025-10-12,https://biz.chosun.com/policy/policy_sub/2025/10/12/XI3INZMW3NEONORMIWDLZN3XVU/,65세 이상 노년층 소비의 60% 이상은 개인 지출인 민간 소비였다.,0~14세의 유년층 소비 증가율은 4.3%였다.,"이는 정부가 제공하는 복지·의료 등 공공소비가 아닌, 개인이 직접 지출한 소비를 뜻한다.",국내공식통계,N,소매·소비,노년층 소비 증가율,"노년층, 소비 증가율, 개인 지출, 민간 소비, 공공소비",-,고령층,-,-,-,-,-,-,-,-,확정,60%,CONDITION,hcx,개인 지출 비중,-,-,-,hcx,참고값,60,-,-,N,%,비중,-,-,65세 이상 노년층 소비의 60% 이상은 개인 지출인 민간 소비였다.,high,N,-,N,0,0,HCX-007,v1.5-measurement-binding,2026-07-27
A1478-C003,A1478-C003-m1,A1478,한국 1분기 -0.2% 역성장 쇼크... 1년간 성장 멈췄다,2025-04-24,https://www.chosun.com/economy/economy_general/2025/04/24/RYSYX6BORRBE5GFWM4X74Z3QLA,성장률이 4개 분기 연속으로 0.1% 이하를 기록한 것은 과거 대형 경제 위기 때도 없었다.,지난해 2분기 이후 분기별 실질 국내총생산(GDP) 성장률이 ‘-0.2%→0.1%→0.1%→-0.2%’로 떨어지면서 지난 1년간 우리나라 성장이 사실상 ‘마이너스(-) 성장’을 나타낸 것이다.,◇’깜짝 반등’ 없었다 24일 한국은행에 따르면 올해 1분기 실질 GDP(속보치)는 지난해 4분기보다 0.2% 감소했다.,국내공식통계,Y,생산·산업,GDP 성장률,"한국, 1분기, 실질 GDP, 속보치",-,-,-,-,-,-,-,2025Q1,-,Q,확정,0.1%,CONDITION,hcx,실질 GDP 성장률,-,2025Q1,Q,hcx,참고값,0.1,-,-,N,%,수준값,유지,전분기,성장률이 4개 분기 연속으로 0.1% 이하를 기록한 것은 과거 대형 경제 위기 때도 없었다.,high,N,-,Y,0,0,HCX-007,v1.5-measurement-binding,2026-07-27
A1478-C003,A1478-C003-m2,A1478,한국 1분기 -0.2% 역성장 쇼크... 1년간 성장 멈췄다,2025-04-24,https://www.chosun.com/economy/economy_general/2025/04/24/RYSYX6BORRBE5GFWM4X74Z3QLA,성장률이 4개 분기 연속으로 0.1% 이하를 기록한 것은 과거 대형 경제 위기 때도 없었다.,지난해 2분기 이후 분기별 실질 국내총생산(GDP) 성장률이 ‘-0.2%→0.1%→0.1%→-0.2%’로 떨어지면서 지난 1년간 우리나라 성장이 사실상 ‘마이너스(-) 성장’을 나타낸 것이다.,◇’깜짝 반등’ 없었다 24일 한국은행에 따르면 올해 1분기 실질 GDP(속보치)는 지난해 4분기보다 0.2% 감소했다.,국내공식통계,Y,생산·산업,GDP 성장률,"한국, 1분기, 실질 GDP, 속보치",-,-,-,-,-,-,-,2025Q1,-,Q,확정,4개,KOSIS_VALUE,hcx,분기 수,-,2025Q1,Q,hcx,현재값,4,-,-,N,개,수준값,유지,전분기,성장률이 4개 분기 연속으로 0.1% 이하를 기록한 것은 과거 대형 경제 위기 때도 없었다.,high,N,-,Y,0,0,HCX-007,v1.5-measurement-binding,2026-07-27
A2567-C013,A2567-C013-m1,A2567,"“그냥 쉬었다”는 20대, 5년 새 가장 많아",2025-07-17,https://www.chosun.com/economy/economy_general/2025/07/17/NDNGACBI4RAZJBDEMRKGKVA5KY,"한편 40대도 5만 5000명, 50대도 5만3000명 줄었다.","지난달 연령대별 취업자 수는 60세 이상과 30대에서 1년 새 각각 34만8000명, 11만6000명 늘어났지만, 15~29세 청년 취업자는 17만3000명이나 크게 줄었다.","김성희 고려대 교수는 “사회복지서비스업 등 청년층이 기피하는 저임금·저숙련 일자리 위주로 취업자 수가 증가하는 반면, 청년층이 미래를 그릴 수 있는 제조업 분야 취업자 수는 경기 변동의 영향을 받아 줄어드는 현상이 이어지고 있다”고 했다.",국내공식통계,Y,고용,취업자 수 감소,"취업자 수, 40대, 50대, 고용",-,40대;50대,-,-,-,-,-,202507,-,M,확정,40대,KOSIS_VALUE,hcx,취업자 수,-,-,-,hcx,현재값,40,-,-,N,대,수준값,감소,전월,"한편 40대도 5만 5000명, 50대도 5만3000명 줄었다.",high,Y,measurement_period_ungrounded:4,Y,0,0,HCX-007,v1.5-measurement-binding,2026-07-27
A2567-C013,A2567-C013-m2,A2567,"“그냥 쉬었다”는 20대, 5년 새 가장 많아",2025-07-17,https://www.chosun.com/economy/economy_general/2025/07/17/NDNGACBI4RAZJBDEMRKGKVA5KY,"한편 40대도 5만 5000명, 50대도 5만3000명 줄었다.","지난달 연령대별 취업자 수는 60세 이상과 30대에서 1년 새 각각 34만8000명, 11만6000명 늘어났지만, 15~29세 청년 취업자는 17만3000명이나 크게 줄었다.","김성희 고려대 교수는 “사회복지서비스업 등 청년층이 기피하는 저임금·저숙련 일자리 위주로 취업자 수가 증가하는 반면, 청년층이 미래를 그릴 수 있는 제조업 분야 취업자 수는 경기 변동의 영향을 받아 줄어드는 현상이 이어지고 있다”고 했다.",국내공식통계,Y,고용,취업자 수 감소,"취업자 수, 40대, 50대, 고용",-,40대;50대,-,-,-,-,-,202507,-,M,확정,5만 5000명,KOSIS_VALUE,hcx,취업자 수,-,-,-,hcx,현재값,5000,-,-,N,명,수준값,감소,전월,"한편 40대도 5만 5000명, 50대도 5만3000명 줄었다.",high,Y,measurement_period_ungrounded:4,Y,0,0,HCX-007,v1.5-measurement-binding,2026-07-27
A2567-C013,A2567-C013-m3,A2567,"“그냥 쉬었다”는 20대, 5년 새 가장 많아",2025-07-17,https://www.chosun.com/economy/economy_general/2025/07/17/NDNGACBI4RAZJBDEMRKGKVA5KY,"한편 40대도 5만 5000명, 50대도 5만3000명 줄었다.","지난달 연령대별 취업자 수는 60세 이상과 30대에서 1년 새 각각 34만8000명, 11만6000명 늘어났지만, 15~29세 청년 취업자는 17만3000명이나 크게 줄었다.","김성희 고려대 교수는 “사회복지서비스업 등 청년층이 기피하는 저임금·저숙련 일자리 위주로 취업자 수가 증가하는 반면, 청년층이 미래를 그릴 수 있는 제조업 분야 취업자 수는 경기 변동의 영향을 받아 줄어드는 현상이 이어지고 있다”고 했다.",국내공식통계,Y,고용,취업자 수 감소,"취업자 수, 40대, 50대, 고용",-,40대;50대,-,-,-,-,-,202507,-,M,확정,50대,KOSIS_VALUE,hcx,취업자 수,-,-,-,hcx,현재값,50,-,-,N,대,수준값,감소,전월,"한편 40대도 5만 5000명, 50대도 5만3000명 줄었다.",high,Y,measurement_period_ungrounded:4,Y,0,0,HCX-007,v1.5-measurement-binding,2026-07-27
A2567-C013,A2567-C013-m4,A2567,"“그냥 쉬었다”는 20대, 5년 새 가장 많아",2025-07-17,https://www.chosun.com/economy/economy_general/2025/07/17/NDNGACBI4RAZJBDEMRKGKVA5KY,"한편 40대도 5만 5000명, 50대도 5만3000명 줄었다.","지난달 연령대별 취업자 수는 60세 이상과 30대에서 1년 새 각각 34만8000명, 11만6000명 늘어났지만, 15~29세 청년 취업자는 17만3000명이나 크게 줄었다.","김성희 고려대 교수는 “사회복지서비스업 등 청년층이 기피하는 저임금·저숙련 일자리 위주로 취업자 수가 증가하는 반면, 청년층이 미래를 그릴 수 있는 제조업 분야 취업자 수는 경기 변동의 영향을 받아 줄어드는 현상이 이어지고 있다”고 했다.",국내공식통계,Y,고용,취업자 수 감소,"취업자 수, 40대, 50대, 고용",-,40대;50대,-,-,-,-,-,202507,-,M,확정,5만 3000명,KOSIS_VALUE,hcx,취업자 수,-,-,-,hcx,현재값,53000,-,-,N,명,수준값,감소,전월,"한편 40대도 5만 5000명, 50대도 5만3000명 줄었다.",high,Y,measurement_period_ungrounded:4,Y,0,0,HCX-007,v1.5-measurement-binding,2026-07-27
A1900-C021,A1900-C021-m1,A1900,“더 좋은 기업으로 간다”… 이젠 취업도 ‘반수 시대’,2025-05-27,https://www.chosun.com/economy/economy_general/2025/05/27/FUCSNQX24FBOTBKZVNTRCAB3WA,6명 중 1명이 사실상의 백수라는 뜻이다.,"취업준비생, 아르바이트를 하며 더 나은 직장을 알아보는 ‘추가 취업 가능자’, 구직 활동도 하지 않고 그냥 시간을 보낸 ‘쉬었음’ 등까지 감안한 ‘확장실업률’은 16.8%에 달한다.",청년 확장실업률은 계엄·탄핵 등으로 경기 둔화가 본격화된 작년 12월부터 5개월 연속으로 오르고 있다.,여론조사·설문,N,고용,확장실업률,"취업준비생, 추가 취업 가능자, 구직 활동, 사실상 백수",-,-,-,-,-,-,-,2025,-,Y,확정,6명,KOSIS_VALUE,hcx,확장실업률,-,-,-,hcx,현재값,6,-,-,N,명,수준값,-,전년,"""6명 중 1명이 사실상의 백수라는 뜻이다.""",high,Y,measurement_period_ungrounded:2,N,0,0,HCX-007,v1.5-measurement-binding,2026-07-27
A1900-C021,A1900-C021-m2,A1900,“더 좋은 기업으로 간다”… 이젠 취업도 ‘반수 시대’,2025-05-27,https://www.chosun.com/economy/economy_general/2025/05/27/FUCSNQX24FBOTBKZVNTRCAB3WA,6명 중 1명이 사실상의 백수라는 뜻이다.,"취업준비생, 아르바이트를 하며 더 나은 직장을 알아보는 ‘추가 취업 가능자’, 구직 활동도 하지 않고 그냥 시간을 보낸 ‘쉬었음’ 등까지 감안한 ‘확장실업률’은 16.8%에 달한다.",청년 확장실업률은 계엄·탄핵 등으로 경기 둔화가 본격화된 작년 12월부터 5개월 연속으로 오르고 있다.,여론조사·설문,N,고용,확장실업률,"취업준비생, 추가 취업 가능자, 구직 활동, 사실상 백수",-,-,-,-,-,-,-,2025,-,Y,확정,1명,KOSIS_VALUE,hcx,확장실업률,-,-,-,hcx,현재값,1,-,-,N,명,수준값,-,전년,"""6명 중 1명이 사실상의 백수라는 뜻이다.""",high,Y,measurement_period_ungrounded:2,N,0,0,HCX-007,v1.5-measurement-binding,2026-07-27
A0084-C006,-,A0084,"보조금 폐지한 독일, 전기차 판매 급감...유럽 최대 전기차 시장도 영국에 넘겨줘",2025-01-07,https://www.chosun.com/economy/auto/2025/01/07/Y62DLGXPGZCNNK2IBLFZNNKMKY,신규 등록 차량 가운데 휘발유차는 35.2％로 가장 많았고 전기차 점유율은 13.5％에 그쳤다.,"다만 하이브리드차는 12.7％, 휘발유차가 9％ 늘었다.",독일 전기차 시장은 글로벌 수요 둔화에 더해 2023년 말 긴축재정에 들어간 연방정부가 전기차 보조금을 폐지하면서 쪼그라들기 시작했다.,국내공식통계,N,무역,전기차 점유율,-,-,-,-,-,-,-,-,202501,-,M,확정,-,-,-,-,-,-,-,-,-,-,-,-,-,-,-,-,-,신규 등록 차량 가운데 휘발유차는 35.2％로 가장 많았고 전기차 점유율은 13.5％에 그쳤다.,high,N,-,N,0,0,HCX-007,v1.5-measurement-binding,2026-07-27
A0871-C010,A0871-C010-m1,A0871,“아이 낳으면 1억 드립니다”… 인구 증가 ‘전국 1위’ 찍은 이 도시,2025-03-09,https://www.chosun.com/national/national_general/2025/03/09/2FUPCN2GEBEJBF4V7LWZ7PD62I,인구 유입 척도 중 하나인 순이동률에서도 인천은 2021년 이후 단 한 차례도 마이너스를 기록하지 않았다.,전국 평균인 3.6%를 크게 웃도는 수치다.,올해 역시 전국 1위를 유지하고 있다.,국내공식통계,Y,인구,순이동률,-,-,-,-,-,-,-,-,2021,-,Y,확정,마이너스,KOSIS_VALUE,hcx,순이동률,-,2021,Y,hcx,현재값,0,-,-,N,%,수준값,유지,전년,인구 유입 척도 중 하나인 순이동률에서도 인천은 2021년 이후 단 한 차례도 마이너스를 기록하지 않았다.,high,N,-,N,0,0,HCX-007,v1.5-measurement-binding,2026-07-27
A1451-C011,A1451-C011-m1,A1451,"대기업 여성 연봉, 남성 70% 수준…상사 기업에서 격차 가장 커",2025-04-22,https://www.chosun.com/economy/industry-company/2025/04/22/BYCTML74DFCA3HLEJIUNEUKDDI,"증권업도 여성의 근속 연수가 10.8년으로 남성(10.3년)을 앞섰지만, 연봉은 남성(1억5200만원)의 65%인 9900만원이었다.","상사업의 경우 여성 평균 근속 연수는 11.3년으로 남성(10.1년)보다 길었지만, 평균 연봉은 7000만원으로 남성(1억1510만원)의 60.8%에 그쳤다.",평균 연봉에서 남녀 차이가 거의 없는 기업들도 있다.,개별기업,N,소득·임금,여성 연봉 비율,"대기업, 여성, 연봉, 남성, 상사, 증권업",-,-,-,증권업,-,-,-,2025,-,Y,확정,10.8년,CONTEXT,hcx,여성 근속 연수,증권업,2025,Y,claim_fallback,참고값,10.8,-,-,N,년,수준값,-,-,"증권업도 여성의 근속 연수는 10.8년으로 남성(10.3년)을 앞섰지만, 연봉은 남성(1억5200만원)의 65%인 9900만원이었다.",high,Y,measurement_binding_fallback:2;measurement_period_ungrounded:5,Y,0,2,HCX-007,v1.5-measurement-binding,2026-07-27
A1451-C011,A1451-C011-m2,A1451,"대기업 여성 연봉, 남성 70% 수준…상사 기업에서 격차 가장 커",2025-04-22,https://www.chosun.com/economy/industry-company/2025/04/22/BYCTML74DFCA3HLEJIUNEUKDDI,"증권업도 여성의 근속 연수가 10.8년으로 남성(10.3년)을 앞섰지만, 연봉은 남성(1억5200만원)의 65%인 9900만원이었다.","상사업의 경우 여성 평균 근속 연수는 11.3년으로 남성(10.1년)보다 길었지만, 평균 연봉은 7000만원으로 남성(1억1510만원)의 60.8%에 그쳤다.",평균 연봉에서 남녀 차이가 거의 없는 기업들도 있다.,개별기업,N,소득·임금,여성 연봉 비율,"대기업, 여성, 연봉, 남성, 상사, 증권업",-,-,-,증권업,-,-,-,2025,-,Y,확정,10.3년,CONTEXT,hcx,남성 근속 연수,증권업,2025,Y,claim_fallback,참고값,10.3,-,-,N,년,수준값,-,-,"증권업도 여성의 근속 연수는 10.8년으로 남성(10.3년)을 앞섰지만, 연봉은 남성(1억5200만원)의 65%인 9900만원이었다.",high,Y,measurement_binding_fallback:2;measurement_period_ungrounded:5,Y,0,2,HCX-007,v1.5-measurement-binding,2026-07-27
A1451-C011,A1451-C011-m3,A1451,"대기업 여성 연봉, 남성 70% 수준…상사 기업에서 격차 가장 커",2025-04-22,https://www.chosun.com/economy/industry-company/2025/04/22/BYCTML74DFCA3HLEJIUNEUKDDI,"증권업도 여성의 근속 연수가 10.8년으로 남성(10.3년)을 앞섰지만, 연봉은 남성(1억5200만원)의 65%인 9900만원이었다.","상사업의 경우 여성 평균 근속 연수는 11.3년으로 남성(10.1년)보다 길었지만, 평균 연봉은 7000만원으로 남성(1억1510만원)의 60.8%에 그쳤다.",평균 연봉에서 남녀 차이가 거의 없는 기업들도 있다.,개별기업,N,소득·임금,여성 연봉 비율,"대기업, 여성, 연봉, 남성, 상사, 증권업",-,-,-,증권업,-,-,-,2025,-,Y,확정,1억5200만원,KOSIS_VALUE,hcx,남성 연봉,증권업,-,-,hcx,현재값,152000000,-,-,N,원,수준값,-,-,"증권업도 여성의 근속 연수는 10.8년으로 남성(10.3년)을 앞섰지만, 연봉은 남성(1억5200만원)의 65%인 9900만원이었다.",high,Y,measurement_binding_fallback:2;measurement_period_ungrounded:5,Y,0,2,HCX-007,v1.5-measurement-binding,2026-07-27
A1451-C011,A1451-C011-m4,A1451,"대기업 여성 연봉, 남성 70% 수준…상사 기업에서 격차 가장 커",2025-04-22,https://www.chosun.com/economy/industry-company/2025/04/22/BYCTML74DFCA3HLEJIUNEUKDDI,"증권업도 여성의 근속 연수가 10.8년으로 남성(10.3년)을 앞섰지만, 연봉은 남성(1억5200만원)의 65%인 9900만원이었다.","상사업의 경우 여성 평균 근속 연수는 11.3년으로 남성(10.1년)보다 길었지만, 평균 연봉은 7000만원으로 남성(1억1510만원)의 60.8%에 그쳤다.",평균 연봉에서 남녀 차이가 거의 없는 기업들도 있다.,개별기업,N,소득·임금,여성 연봉 비율,"대기업, 여성, 연봉, 남성, 상사, 증권업",-,-,-,증권업,-,-,-,2025,-,Y,확정,9900만원,KOSIS_VALUE,hcx,여성 연봉,증권업,-,-,hcx,현재값,99000000,-,-,N,원,수준값,-,-,"증권업도 여성의 근속 연수는 10.8년으로 남성(10.3년)을 앞섰지만, 연봉은 남성(1억5200만원)의 65%인 9900만원이었다.",high,Y,measurement_binding_fallback:2;measurement_period_ungrounded:5,Y,0,2,HCX-007,v1.5-measurement-binding,2026-07-27
A1451-C011,A1451-C011-m5,A1451,"대기업 여성 연봉, 남성 70% 수준…상사 기업에서 격차 가장 커",2025-04-22,https://www.chosun.com/economy/industry-company/2025/04/22/BYCTML74DFCA3HLEJIUNEUKDDI,"증권업도 여성의 근속 연수가 10.8년으로 남성(10.3년)을 앞섰지만, 연봉은 남성(1억5200만원)의 65%인 9900만원이었다.","상사업의 경우 여성 평균 근속 연수는 11.3년으로 남성(10.1년)보다 길었지만, 평균 연봉은 7000만원으로 남성(1억1510만원)의 60.8%에 그쳤다.",평균 연봉에서 남녀 차이가 거의 없는 기업들도 있다.,개별기업,N,소득·임금,여성 연봉 비율,"대기업, 여성, 연봉, 남성, 상사, 증권업",-,-,-,증권업,-,-,-,2025,-,Y,확정,65%,KOSIS_VALUE,hcx,여성 연봉 비율,증권업,-,-,hcx,증감률,65,-,-,N,%,비중,-,-,"증권업도 여성의 근속 연수는 10.8년으로 남성(10.3년)을 앞섰지만, 연봉은 남성(1억5200만원)의 65%인 9900만원이었다.",high,Y,measurement_binding_fallback:2;measurement_period_ungrounded:5,Y,0,2,HCX-007,v1.5-measurement-binding,2026-07-27
A2218-C001,A2218-C001-m1,A2218,“입주해보니 모델하우스랑 달라”...지난달 아파트 소비자상담 전년 대비 2배 이상 급증,2025-06-20,https://www.chosun.com/economy/economy_general/2025/06/20/Q55GMA5QZ5AXXCZCLTBNVDXEDQ,지난달 아파트 모델하우스와 실제 시공물의 차이가 크다는 아파트 관련 소비자 상담이 전년 대비 2배 이상 급증한 것으로 20일 집계됐다.,-,"한국소비자원은 지난달 1372소비자 상담센터에 접수된 소비자 상담을 분석한 결과, 아파트 관련 상담 건수가 672건으로 지난해 같은 달보다 140%(392건) 증가했다고 이날 밝혔다.",국내공식통계,N,소매·소비,아파트 관련 소비자 상담 건수,"아파트, 소비자 상담, 모델하우스, 시공물 차이",-,-,-,-,-,-,-,2025-05,-,M,확정,2배 이상 급증,CONDITION,hcx,아파트 관련 소비자 상담 건수 증감,-,2025-05,M,claim_fallback,증감값,2,-,-,N,배,증감률,증가,전년동월,"""지난달 아파트 모델하우스와 실제 시공물의 차이가 크다는 아파트 관련 소비자 상담이 전년 대비 2배 이상 급증한 것으로 20일 집계됐다.""",high,Y,measurement_binding_fallback:1;measurement_period_ungrounded:1,N,0,1,HCX-007,v1.5-measurement-binding,2026-07-27
A2631-C024,A2631-C024-m1,A2631,심각해지는 고용 연령 양극화..30대·60대 빼곤 일자리 ‘총체적 부실’,2025-10-17,https://www.chosun.com/economy/economy_general/2025/10/17/6GLEDGGJMRC6VEZ6IZJO4V7ZMM/,도소매업도 2만7500명 증가했다.,"보건복지업(11만8000명), 전문과학기술업(10만7000명), 정보통신업(7만6000명) 등 고부가가치 업종에서 일자리가 늘었다.",반면 제조업(-6만1400명)과 건설업(-8만3500명)은 부진이 계속됐다.,국내공식통계,N,고용,도소매업 일자리 증가,"도소매업, 일자리, 증가",-,-,-,도소매업,-,-,-,202510,-,M,확정,2만7500명,KOSIS_VALUE,hcx,도소매업 일자리,도소매업,-,-,hcx,현재값,27500,-,-,N,명,수준값,증가,전년동기,도소매업도 2만7500명 증가했다.,high,Y,measurement_period_ungrounded:1,N,0,0,HCX-007,v1.5-measurement-binding,2026-07-27
A1810-C003,A1810-C003-m1,A1810,얼어붙은 경기에… ‘가성비 세단’이 잘 팔린다,2025-05-20,https://www.chosun.com/economy/auto/2025/05/20/W4APAPXZPFG27DHL3UNKAA2AZU,"반면, 같은 기간 SUV(스포츠유틸리티차) 판매량이 1.6% 줄어든 20만2447대에 그쳤다.","시장조사 업체 카이즈유데이터 연구소에 따르면, 올 1분기(1~3월) 세단 판매량은 10만7252대로 전년 동기 대비 16.6% 늘었다.","지난 몇 년 동안 자동차 시장은 실내 공간이 넓은 차 선호가 급증해 SUV 판매가 늘고 세단 판매는 줄어 왔는데, 이런 추세와 다른 결과가 나온 것이다.",국내공식통계,Y,소매·소비,SUV 판매량,"자동차, SUV, 스포츠유틸리티차, 가성비 세단",-,-,-,-,-,-,-,2025Q1,-,Q,확정,20만2447대,KOSIS_VALUE,hcx,SUV 판매량,-,-,-,hcx,현재값,202447,-,-,N,대,수준값,감소,전분기,"반면, 같은 기간 SUV(스포츠유틸리티차) 판매량이 1.6% 줄어든 20만2447대에 그쳤다.",high,Y,measurement_period_ungrounded:2,N,0,0,HCX-007,v1.5-measurement-binding,2026-07-27
A1810-C003,A1810-C003-m2,A1810,얼어붙은 경기에… ‘가성비 세단’이 잘 팔린다,2025-05-20,https://www.chosun.com/economy/auto/2025/05/20/W4APAPXZPFG27DHL3UNKAA2AZU,"반면, 같은 기간 SUV(스포츠유틸리티차) 판매량이 1.6% 줄어든 20만2447대에 그쳤다.","시장조사 업체 카이즈유데이터 연구소에 따르면, 올 1분기(1~3월) 세단 판매량은 10만7252대로 전년 동기 대비 16.6% 늘었다.","지난 몇 년 동안 자동차 시장은 실내 공간이 넓은 차 선호가 급증해 SUV 판매가 늘고 세단 판매는 줄어 왔는데, 이런 추세와 다른 결과가 나온 것이다.",국내공식통계,Y,소매·소비,SUV 판매량,"자동차, SUV, 스포츠유틸리티차, 가성비 세단",-,-,-,-,-,-,-,2025Q1,-,Q,확정,1.6%,KOSIS_VALUE,hcx,SUV 판매량 증감률,-,-,-,hcx,증감률,1.6,-,-,N,%,증감률,감소,전분기,"반면, 같은 기간 SUV(스포츠유틸리티차) 판매량이 1.6% 줄어든 20만2447대에 그쳤다.",high,Y,measurement_period_ungrounded:2,N,0,0,HCX-007,v1.5-measurement-binding,2026-07-27
A0608-C017,-,A0608,[단독] 농협·새마을금고·수협 올해 가계대출 증가 2~3%대 제한,2025-02-16,https://www.chosun.com/economy/money/2025/02/16/MUBJF5WV2SWZY3AVUQNIYAI4VQ,지난해 8월 은행이 가계대출을 조이자 대출 수요가 2금융권으로 전이됐다.,이번 조치는 지난해 하반기 상호금융권에서 발생한 가계대출 풍선효과를 막기 위한 사전 관리로 보인다.,상호금융권 가계대출은 지난해 4분기에만 4조8000억원 증가했다.,국내공식통계,N,금융·금리,가계대출 증가율,-,-,-,-,-,-,-,-,2024Q4,-,Q,확정,-,-,-,-,-,-,-,-,-,-,-,-,-,-,-,-,-,상호금융권 가계대출은 지난해 4분기에만 4조8000억원 증가했다.,high,N,-,N,0,0,HCX-007,v1.5-measurement-binding,2026-07-27
A0250-C027,A0250-C027-m1,A0250,"현대차, 인도에 사활… 현지인 단짝 ‘삼발이’ 뽑아낸다",2025-01-20,https://www.chosun.com/economy/auto/2025/01/20/LDRDYAENK5AGNDHCKVG5QV2OZY,작년 1~9월 현대차 인도 판매량(45만9000여대)의 3분의 1이 크레타였다.,"2015년 7월 인도에서 출시된 크레타는 개발 단계부터 현대차가 인도 시장을 고려해 제작, 인도에서 가장 잘 팔리는 현대차 제품이다.",현대차는 2030년까지 인도에서 크레타 EV를 포함해 전기차 5종을 내놓을 예정이다.,국내공식통계,N,소매·소비,현대차 인도 판매량,"현대차, 인도, 판매량, 크레타",-,-,-,자동차,-,-,-,2024,-,Y,확정,45만9000여대,KOSIS_VALUE,hcx,현대차 인도 판매량,크레타,2024,Y,hcx,현재값,459000,-,-,Y,대,수준값,-,전년,작년 1~9월 현대차 인도 판매량(45만9000여대)의 3분의 1이 크레타였다.,high,N,-,N,0,0,HCX-007,v1.5-measurement-binding,2026-07-27
A0802-C039,-,A0802,베트남 보다 못한 한국 여성 인권? [사이공모닝],2025-03-03,https://www.chosun.com/economy/market_trend/2025/03/03/2UOZGHNYNRATZH3YP5CQCWSJQU,◇한국보다 베트남 순위가 높다고?,따로 위패를 모실 사당이 없는 경우 큰아버지 댁에 모일 테니 이 역시 우리와 완전히 다르다고 할 순 없을 겁니다.,여전히 가부장적 문화가 남아있는 한국과 베트남이지만 여성 인권 순위는 베트남이 우리보다 앞서 있습니다.,여론조사·설문,N,보건·복지,여성 인권 순위,"베트남, 한국, 여성 인권",-,-,-,-,-,-,-,-,-,-,모호,-,-,-,-,-,-,-,-,-,-,-,-,-,-,-,-,-,여전히 가부장적 문화가 남아있는 한국과 베트남이지만 여성 인권 순위는 베트남이 우리보다 앞서 있습니다.,low,Y,-,N,0,0,HCX-007,v1.5-measurement-binding,2026-07-27
A1917-C007,A1917-C007-m1,A1917,5월 소비자 심리 지수 반년 만에 낙관적으로,2025-05-28,https://www.chosun.com/economy/economy_general/2025/05/28/L6Y5PKTHURDI5D66GNBND5OTUM,"소비 심리는 지난해 12월(88.2) 비상계엄 정국에서 코로나 이후 4년 만에 최대 낙폭을 기록했고 지난달까지 100 선을 밑돌았지만, 이번에 100을 넘어서 ‘낙관적’으로 바뀌었다.",상승 폭도 2020년 10월(12.3포인트) 이후 4년 7개월 만에 가장 크다.,"한은 관계자는 “새 정부 출범을 앞두고 정치 불확실성이 완화되고 있고, 미국 상호 관세 유예 조치, 미·중 무역 협상 진전 등에도 영향을 받아 소비 심리가 개선됐다”고 했다.",국내공식통계,Y,소매·소비,소비자 심리 지수,"소비자 심리, 지수, 낙관적, 비상계엄 정국, 새 정부 출범, 정치 불확실성, 미국 상호 관세 유예 조치, 미·중 무역 협상 진전",-,-,-,-,-,-,-,2025-05,-,M,확정,4년,CONTEXT,hcx,최대 낙폭,-,2025-05,M,claim_fallback,참고값,4,-,-,N,년,수준값,-,-,"소비 심리는 지난해 12월(88.2) 비상계엄 정국에서 코로나 이후 4년 만에 최대 낙폭을 기록했고 지난달까지 100 선을 밑돌았지만, 이번에 100을 넘어서 ‘낙관적’으로 바뀌었다.",high,Y,measurement_binding_fallback:1,Y,0,1,HCX-007,v1.5-measurement-binding,2026-07-27
A2631-C014,A2631-C014-m1,A2631,심각해지는 고용 연령 양극화..30대·60대 빼곤 일자리 ‘총체적 부실’,2025-10-17,https://www.chosun.com/economy/economy_general/2025/10/17/6GLEDGGJMRC6VEZ6IZJO4V7ZMM/,◇상용직 34만명 늘었지만 자영업 5만5000명 ‘증발’ 종사상 지위별로 보면 고용 양극화는 더 뚜렷하다.,"30대(13만3300명 증가)를 제외하면 청장년층 일자리는 모두 감소하고, 고령층 일자리만 폭증하는 ‘쏠림 현상’이 심화되고 있는 것이다.",상용직 취업자는 34만400명 늘어 증가세를 주도했다.,국내공식통계,N,고용,취업자 수 변화,"상용직, 자영업, 고용 양극화, 취업자",-,-,-,-,-,-,-,202510,-,M,확정,34만명,KOSIS_VALUE,hcx,상용직 취업자 수,상용직,-,-,hcx,현재값,340000,-,-,N,명,수준값,증가,전년동기,◇상용직 34만명 늘었지만 자영업 5만5000명 '증발' 종사상 지위별로 보면 고용 양극화는 더 뚜렷하다.,high,Y,measurement_period_ungrounded:2,N,0,0,HCX-007,v1.5-measurement-binding,2026-07-27
A2631-C014,A2631-C014-m2,A2631,심각해지는 고용 연령 양극화..30대·60대 빼곤 일자리 ‘총체적 부실’,2025-10-17,https://www.chosun.com/economy/economy_general/2025/10/17/6GLEDGGJMRC6VEZ6IZJO4V7ZMM/,◇상용직 34만명 늘었지만 자영업 5만5000명 ‘증발’ 종사상 지위별로 보면 고용 양극화는 더 뚜렷하다.,"30대(13만3300명 증가)를 제외하면 청장년층 일자리는 모두 감소하고, 고령층 일자리만 폭증하는 ‘쏠림 현상’이 심화되고 있는 것이다.",상용직 취업자는 34만400명 늘어 증가세를 주도했다.,국내공식통계,N,고용,취업자 수 변화,"상용직, 자영업, 고용 양극화, 취업자",-,-,-,-,-,-,-,202510,-,M,확정,5만5000명,KOSIS_VALUE,hcx,자영업자 수,자영업,-,-,hcx,현재값,55000,-,-,N,명,수준값,감소,전년동기,◇상용직 34만명 늘었지만 자영업 5만5000명 '증발' 종사상 지위별로 보면 고용 양극화는 더 뚜렷하다.,high,Y,measurement_period_ungrounded:2,N,0,0,HCX-007,v1.5-measurement-binding,2026-07-27
A1051-C006,A1051-C006-m1,A1051,[증시한담] 다시 늘어난 주식 보유 기간… 사실은 물려서?,2025-03-22,https://www.chosun.com/economy/money/2025/03/22/O5455JDSR7DFZT47VQV3STI7BQ,국내 투자자의 주식 보유 기간은 2019년까지는 6~10개월에 달했습니다.,"2021년 코스피시장과 코스닥시장 상장사 주식 평균 보유 기간이 각각 2.7개월, 1.1개월이었던 점을 고려하면 2배 넘게 늘었습니다.","하지만 코로나19 사태가 터진 뒤로 개인 투자자가 급증했고, 이른바 동학개미운동이 벌어지면서 ‘단타(단기 투자)’도 성행했습니다.",국내공식통계,N,금융·금리,주식 보유 기간,주식 보유 기간; 국내 투자자; 코스피시장; 코스닥시장,-,-,-,-,-,-,-,2019,-,Y,확정,6개월,CONDITION,hcx,주식 보유 기간,-,2019,Y,hcx,참고값,6,-,-,N,개월,수준값,-,특정시점,[검증 대상 문장] 국내 투자자의 주식 보유 기간은 2019년까지는 6~10개월에 달했습니다.,high,N,-,N,0,0,HCX-007,v1.5-measurement-binding,2026-07-27
A1051-C006,A1051-C006-m2,A1051,[증시한담] 다시 늘어난 주식 보유 기간… 사실은 물려서?,2025-03-22,https://www.chosun.com/economy/money/2025/03/22/O5455JDSR7DFZT47VQV3STI7BQ,국내 투자자의 주식 보유 기간은 2019년까지는 6~10개월에 달했습니다.,"2021년 코스피시장과 코스닥시장 상장사 주식 평균 보유 기간이 각각 2.7개월, 1.1개월이었던 점을 고려하면 2배 넘게 늘었습니다.","하지만 코로나19 사태가 터진 뒤로 개인 투자자가 급증했고, 이른바 동학개미운동이 벌어지면서 ‘단타(단기 투자)’도 성행했습니다.",국내공식통계,N,금융·금리,주식 보유 기간,주식 보유 기간; 국내 투자자; 코스피시장; 코스닥시장,-,-,-,-,-,-,-,2019,-,Y,확정,10개월,CONDITION,hcx,주식 보유 기간,-,2019,Y,hcx,참고값,10,-,-,N,개월,수준값,-,특정시점,[검증 대상 문장] 국내 투자자의 주식 보유 기간은 2019년까지는 6~10개월에 달했습니다.,high,N,-,N,0,0,HCX-007,v1.5-measurement-binding,2026-07-27
A1582-C011,A1582-C011-m1,A1582,물가 상승률 4개월 째 2%대...근원물가 13개월 만 가장 많이 올라,2025-05-02,https://www.chosun.com/economy/economy_general/2025/05/02/SSY7QNJ4L5DGFGPEGDWAOOA7HE,지난달 가공식품 가격은 4.1% 뛰면서 지난 2023년 12월(4.2%) 이후 16개월 만에 최대 상승폭을 보였다.,그러나 연초 식품업체들의 가격 인상과 국제 무역 분쟁으로 인한 환율 상승 등 여파로 가공식품과 외식 물가는 크게 올랐다.,"외식 가격도 3.2% 올랐는데, 작년 2월(3.4%) 이후 14개월 만에 최대 상승폭이다.",국내공식통계,Y,물가,가공식품 가격 상승률,"물가 상승률, 가공식품, 외식 물가",-,-,-,-,-,-,-,2025-04,-,M,확정,4.1%,KOSIS_VALUE,hcx,가공식품 가격 상승률,-,-,-,hcx,증감률,4.1,-,-,N,%,증감률,증가,전월,[검증 대상 문장] 지난달 가공식품 가격은 4.1% 뛰면서 지난 2023년 12월(4.2%) 이후 16개월 만에 최대 상승폭을 보였다.,high,Y,measurement_period_ungrounded:1,N,0,0,HCX-007,v1.5-measurement-binding,2026-07-27
A1582-C011,A1582-C011-m2,A1582,물가 상승률 4개월 째 2%대...근원물가 13개월 만 가장 많이 올라,2025-05-02,https://www.chosun.com/economy/economy_general/2025/05/02/SSY7QNJ4L5DGFGPEGDWAOOA7HE,지난달 가공식품 가격은 4.1% 뛰면서 지난 2023년 12월(4.2%) 이후 16개월 만에 최대 상승폭을 보였다.,그러나 연초 식품업체들의 가격 인상과 국제 무역 분쟁으로 인한 환율 상승 등 여파로 가공식품과 외식 물가는 크게 올랐다.,"외식 가격도 3.2% 올랐는데, 작년 2월(3.4%) 이후 14개월 만에 최대 상승폭이다.",국내공식통계,Y,물가,가공식품 가격 상승률,"물가 상승률, 가공식품, 외식 물가",-,-,-,-,-,-,-,2025-04,-,M,확정,4.2%,KOSIS_VALUE,hcx,가공식품 가격 상승률,-,2023,Y,hcx,참고값,4.2,-,-,N,%,수준값,증가,전년동기,[검증 대상 문장] 지난달 가공식품 가격은 4.1% 뛰면서 지난 2023년 12월(4.2%) 이후 16개월 만에 최대 상승폭을 보였다.,high,Y,measurement_period_ungrounded:1,N,0,0,HCX-007,v1.5-measurement-binding,2026-07-27
A1582-C011,A1582-C011-m3,A1582,물가 상승률 4개월 째 2%대...근원물가 13개월 만 가장 많이 올라,2025-05-02,https://www.chosun.com/economy/economy_general/2025/05/02/SSY7QNJ4L5DGFGPEGDWAOOA7HE,지난달 가공식품 가격은 4.1% 뛰면서 지난 2023년 12월(4.2%) 이후 16개월 만에 최대 상승폭을 보였다.,그러나 연초 식품업체들의 가격 인상과 국제 무역 분쟁으로 인한 환율 상승 등 여파로 가공식품과 외식 물가는 크게 올랐다.,"외식 가격도 3.2% 올랐는데, 작년 2월(3.4%) 이후 14개월 만에 최대 상승폭이다.",국내공식통계,Y,물가,가공식품 가격 상승률,"물가 상승률, 가공식품, 외식 물가",-,-,-,-,-,-,-,2025-04,-,M,확정,16개월,CONTEXT,hcx,최대 상승폭 기간,-,2023,Y,hcx,참고값,16,-,-,N,개월,수준값,증가,-,[검증 대상 문장] 지난달 가공식품 가격은 4.1% 뛰면서 지난 2023년 12월(4.2%) 이후 16개월 만에 최대 상승폭을 보였다.,high,Y,measurement_period_ungrounded:1,N,0,0,HCX-007,v1.5-measurement-binding,2026-07-27
A1881-C004,A1881-C004-m1,A1881,"車사고 경상환자 상급병실료, 한방병원서 2년새 54% ↑",2025-05-25,https://www.chosun.com/economy/money/2025/05/25/5XPSPLITDL6KWGZMWVGXSGV6AI,"25일 보험연구원의 ‘자동차보험 상급병실 제도 개선 전후 경상환자 입원진료비 비교와 시사점’ 보고서에 따르면 자동차보험 시장 점유율 상위 4개사의 경상환자 병실료는 2022년 1489억4000만원에서 2023년 1301억원으로 감소했다, 지난해 다시 1601억원으로 23% 증가했다.",13:54 0 한방병원에 입원한 경상환자의 상급병실료가 2년간 54% 증가한 것으로 나타났다.,앞서 국토교통부는 2022년 11월 일반병실이 없거나 치료상 부득이한 경우 병원급 이상에서만 상급병실 입원료를 7일까지 보상하도록 자동차보험 진료수가 기준을 개정했다.,국내공식통계,N,보건·복지,경상환자 병실료,"車사고, 경상환자, 상급병실료, 한방병원, 자동차보험",-,-,-,-,-,-,-,2025,-,-,확정,4개사,KOSIS_VALUE,hcx,자동차보험 시장 점유율,-,-,-,hcx,현재값,4,-,-,N,개사,수준값,증가,전년,"25일 보험연구원의 ‘자동차보험 상급병실 제도 개선 전후 경상환자 입원진료비 비교와 시사점’ 보고서에 따르면 자동차보험 시장 점유율 상위 4개사의 경상환자 병실료는 2022년 1489억4000만원에서 2023년 1301억원으로 감소했다, 지난해 다시 1601억원으로 23% 증가했다.",high,Y,measurement_period_ungrounded:1,Y,0,0,HCX-007,v1.5-measurement-binding,2026-07-27
A1881-C004,A1881-C004-m2,A1881,"車사고 경상환자 상급병실료, 한방병원서 2년새 54% ↑",2025-05-25,https://www.chosun.com/economy/money/2025/05/25/5XPSPLITDL6KWGZMWVGXSGV6AI,"25일 보험연구원의 ‘자동차보험 상급병실 제도 개선 전후 경상환자 입원진료비 비교와 시사점’ 보고서에 따르면 자동차보험 시장 점유율 상위 4개사의 경상환자 병실료는 2022년 1489억4000만원에서 2023년 1301억원으로 감소했다, 지난해 다시 1601억원으로 23% 증가했다.",13:54 0 한방병원에 입원한 경상환자의 상급병실료가 2년간 54% 증가한 것으로 나타났다.,앞서 국토교통부는 2022년 11월 일반병실이 없거나 치료상 부득이한 경우 병원급 이상에서만 상급병실 입원료를 7일까지 보상하도록 자동차보험 진료수가 기준을 개정했다.,국내공식통계,N,보건·복지,경상환자 병실료,"車사고, 경상환자, 상급병실료, 한방병원, 자동차보험",-,-,-,-,-,-,-,2025,-,-,확정,1489억4000만원,KOSIS_VALUE,hcx,경상환자 병실료,-,2022,-,hcx,이전값,148940000000,-,-,N,원,수준값,증가,전년,"25일 보험연구원의 ‘자동차보험 상급병실 제도 개선 전후 경상환자 입원진료비 비교와 시사점’ 보고서에 따르면 자동차보험 시장 점유율 상위 4개사의 경상환자 병실료는 2022년 1489억4000만원에서 2023년 1301억원으로 감소했다, 지난해 다시 1601억원으로 23% 증가했다.",high,Y,measurement_period_ungrounded:1,Y,0,0,HCX-007,v1.5-measurement-binding,2026-07-27
A1881-C004,A1881-C004-m3,A1881,"車사고 경상환자 상급병실료, 한방병원서 2년새 54% ↑",2025-05-25,https://www.chosun.com/economy/money/2025/05/25/5XPSPLITDL6KWGZMWVGXSGV6AI,"25일 보험연구원의 ‘자동차보험 상급병실 제도 개선 전후 경상환자 입원진료비 비교와 시사점’ 보고서에 따르면 자동차보험 시장 점유율 상위 4개사의 경상환자 병실료는 2022년 1489억4000만원에서 2023년 1301억원으로 감소했다, 지난해 다시 1601억원으로 23% 증가했다.",13:54 0 한방병원에 입원한 경상환자의 상급병실료가 2년간 54% 증가한 것으로 나타났다.,앞서 국토교통부는 2022년 11월 일반병실이 없거나 치료상 부득이한 경우 병원급 이상에서만 상급병실 입원료를 7일까지 보상하도록 자동차보험 진료수가 기준을 개정했다.,국내공식통계,N,보건·복지,경상환자 병실료,"車사고, 경상환자, 상급병실료, 한방병원, 자동차보험",-,-,-,-,-,-,-,2025,-,-,확정,1301억원,KOSIS_VALUE,hcx,경상환자 병실료,-,2023,-,hcx,현재값,130100000000,-,-,N,원,수준값,감소,전년,"25일 보험연구원의 ‘자동차보험 상급병실 제도 개선 전후 경상환자 입원진료비 비교와 시사점’ 보고서에 따르면 자동차보험 시장 점유율 상위 4개사의 경상환자 병실료는 2022년 1489억4000만원에서 2023년 1301억원으로 감소했다, 지난해 다시 1601억원으로 23% 증가했다.",high,Y,measurement_period_ungrounded:1,Y,0,0,HCX-007,v1.5-measurement-binding,2026-07-27
A1881-C004,A1881-C004-m4,A1881,"車사고 경상환자 상급병실료, 한방병원서 2년새 54% ↑",2025-05-25,https://www.chosun.com/economy/money/2025/05/25/5XPSPLITDL6KWGZMWVGXSGV6AI,"25일 보험연구원의 ‘자동차보험 상급병실 제도 개선 전후 경상환자 입원진료비 비교와 시사점’ 보고서에 따르면 자동차보험 시장 점유율 상위 4개사의 경상환자 병실료는 2022년 1489억4000만원에서 2023년 1301억원으로 감소했다, 지난해 다시 1601억원으로 23% 증가했다.",13:54 0 한방병원에 입원한 경상환자의 상급병실료가 2년간 54% 증가한 것으로 나타났다.,앞서 국토교통부는 2022년 11월 일반병실이 없거나 치료상 부득이한 경우 병원급 이상에서만 상급병실 입원료를 7일까지 보상하도록 자동차보험 진료수가 기준을 개정했다.,국내공식통계,N,보건·복지,경상환자 병실료,"車사고, 경상환자, 상급병실료, 한방병원, 자동차보험",-,-,-,-,-,-,-,2025,-,-,확정,1601억원,KOSIS_VALUE,hcx,경상환자 병실료,-,2024,-,hcx,현재값,160100000000,-,-,N,원,수준값,증가,전년,"25일 보험연구원의 ‘자동차보험 상급병실 제도 개선 전후 경상환자 입원진료비 비교와 시사점’ 보고서에 따르면 자동차보험 시장 점유율 상위 4개사의 경상환자 병실료는 2022년 1489억4000만원에서 2023년 1301억원으로 감소했다, 지난해 다시 1601억원으로 23% 증가했다.",high,Y,measurement_period_ungrounded:1,Y,0,0,HCX-007,v1.5-measurement-binding,2026-07-27
A1881-C004,A1881-C004-m5,A1881,"車사고 경상환자 상급병실료, 한방병원서 2년새 54% ↑",2025-05-25,https://www.chosun.com/economy/money/2025/05/25/5XPSPLITDL6KWGZMWVGXSGV6AI,"25일 보험연구원의 ‘자동차보험 상급병실 제도 개선 전후 경상환자 입원진료비 비교와 시사점’ 보고서에 따르면 자동차보험 시장 점유율 상위 4개사의 경상환자 병실료는 2022년 1489억4000만원에서 2023년 1301억원으로 감소했다, 지난해 다시 1601억원으로 23% 증가했다.",13:54 0 한방병원에 입원한 경상환자의 상급병실료가 2년간 54% 증가한 것으로 나타났다.,앞서 국토교통부는 2022년 11월 일반병실이 없거나 치료상 부득이한 경우 병원급 이상에서만 상급병실 입원료를 7일까지 보상하도록 자동차보험 진료수가 기준을 개정했다.,국내공식통계,N,보건·복지,경상환자 병실료,"車사고, 경상환자, 상급병실료, 한방병원, 자동차보험",-,-,-,-,-,-,-,2025,-,-,확정,23%,KOSIS_VALUE,hcx,경상환자 병실료 증가율,-,2024,-,hcx,증감률,23,-,-,N,%,증감률,증가,전년,"25일 보험연구원의 ‘자동차보험 상급병실 제도 개선 전후 경상환자 입원진료비 비교와 시사점’ 보고서에 따르면 자동차보험 시장 점유율 상위 4개사의 경상환자 병실료는 2022년 1489억4000만원에서 2023년 1301억원으로 감소했다, 지난해 다시 1601억원으로 23% 증가했다.",high,Y,measurement_period_ungrounded:1,Y,0,0,HCX-007,v1.5-measurement-binding,2026-07-27
A2607-C008,A2607-C008-m1,A2607,"밥상 물가 비상… 쌀 소매가 27만원 돌파, 전년比 30% 증가",2025-10-04,https://biz.chosun.com/distribution/food/2025/10/04/HZHJBLXLJJBYDEGLBFTUK7VMCM/,"농식품부는 정부 양곡 5만5000t(톤)을 대여 방식으로 산지 유통업체에 공급했으며, 지난 25일 기준 산지 쌀값은 80㎏당 22만6816원으로 열흘 전보다 0.7% 올라 상승 폭이 둔화하는 추세라고 설명했다.",국가데이터처가 지난 2일 발표한 '9월 소비자물가 동향'에 따르면 쌀 소비자물가는 지난해 같은 달보다 15.9% 올랐다.,농식품부는 햅쌀이 본격 수확되는 이달 중순 이후 산지 쌀값이 안정되고 소비자 쌀값도 연착륙할 수 있다고 예상했다.,국내공식통계,Y,물가,산지 쌀값,"소비자물가, 쌀 소매가, 산지 쌀값",-,-,-,-,-,-,-,2025-10,-,M,확정,22만6816원,KOSIS_VALUE,hcx,산지 쌀값,-,-,-,hcx,현재값,226816,-,-,N,원,수준값,증가,전월,"농식품부는 정부 양곡 5만5000t(톤)을 대여 방식으로 산지 유통업체에 공급했으며, 지난 25일 기준 산지 쌀값은 80㎏당 22만6816원으로 열흘 전보다 0.7% 올라 상승 폭이 둔화하는 추세라고 설명했다.",high,Y,measurement_period_ungrounded:2,N,0,0,HCX-007,v1.5-measurement-binding,2026-07-27
A2607-C008,A2607-C008-m2,A2607,"밥상 물가 비상… 쌀 소매가 27만원 돌파, 전년比 30% 증가",2025-10-04,https://biz.chosun.com/distribution/food/2025/10/04/HZHJBLXLJJBYDEGLBFTUK7VMCM/,"농식품부는 정부 양곡 5만5000t(톤)을 대여 방식으로 산지 유통업체에 공급했으며, 지난 25일 기준 산지 쌀값은 80㎏당 22만6816원으로 열흘 전보다 0.7% 올라 상승 폭이 둔화하는 추세라고 설명했다.",국가데이터처가 지난 2일 발표한 '9월 소비자물가 동향'에 따르면 쌀 소비자물가는 지난해 같은 달보다 15.9% 올랐다.,농식품부는 햅쌀이 본격 수확되는 이달 중순 이후 산지 쌀값이 안정되고 소비자 쌀값도 연착륙할 수 있다고 예상했다.,국내공식통계,Y,물가,산지 쌀값,"소비자물가, 쌀 소매가, 산지 쌀값",-,-,-,-,-,-,-,2025-10,-,M,확정,0.7%,KOSIS_VALUE,hcx,산지 쌀값 증감률,-,-,-,hcx,증감률,0.7,-,-,N,%,증감률,증가,전월,"농식품부는 정부 양곡 5만5000t(톤)을 대여 방식으로 산지 유통업체에 공급했으며, 지난 25일 기준 산지 쌀값은 80㎏당 22만6816원으로 열흘 전보다 0.7% 올라 상승 폭이 둔화하는 추세라고 설명했다.",high,Y,measurement_period_ungrounded:2,N,0,0,HCX-007,v1.5-measurement-binding,2026-07-27
A0312-C003,A0312-C003-m1,A0312,“對美 수출 50%가 美 제조업 부흥·MAGA 위한 것”,2025-01-24,https://www.chosun.com/economy/industry-company/2025/01/24/B2VTXBPKAJCRBN2E3LVAVYALP4,한국은 지난 2023년 기준 미국의 8대 무역적자국이다.,"실제로 출범과 동시에 미국의 무역적자국인 멕시코, 캐나다와 중국에 순차적으로 ‘관세 폭탄’이 예고됐고, 아직 구체적인 거론은 없었지만 전문가들은 한국도 다음 타깃이 될 가능성이 높다고 전망하고 있다.","하지만 23일 한국무역협회의 ‘대미 가공단계별 수출’ 분석 자료에 따르면, 지난해 대미 수출액 1277억8600만달러 가운데 절반이 넘는 653억9900만달러(51.2%)가 중간재인 것으로 나타났다.",해외통계·정책,N,무역,미국 무역적자국 순위,"미국, 무역적자국, 8대, 한국",-,-,-,-,-,-,-,2023,-,Y,확정,8대,KOSIS_VALUE,hcx,미국 무역적자국 순위,-,2023,Y,hcx,현재값,8,-,-,N,대,수준값,-,전년,한국은 지난 2023년 기준 미국의 8대 무역적자국이다.,high,N,-,N,0,0,HCX-007,v1.5-measurement-binding,2026-07-27
A0710-C010,A0710-C010-m1,A0710,국내 최대 배터리 전시회 3월 5일 개막…전기차 세계 1위 中 BYD도 첫 참가,2025-02-24,https://www.chosun.com/economy/industry-company/2025/02/24/3V6AOJDDIBFCJFA3TDLFGOUNUE,올해 79개의 중국 기업이 참가할 계획이다.,특히 중국 기업의 참여가 늘었다.,세계 1위 전기차 업체이자 2위 배터리 제조사인 BYD와 글로벌 배터리 출하량 9위 EVE가 최초로 인터배터리에 전시관을 꾸린다.,개별기업,N,기타,참가 기업 수,"전시회, 중국 기업, 인터배터리",-,-,-,-,-,-,-,2025,-,Y,확정,79개,KOSIS_VALUE,hcx,참가 기업 수,-,2025,Y,hcx,현재값,79,-,-,N,개,수준값,-,특정시점,올해 79개의 중국 기업이 참가할 계획이다.,high,N,-,N,0,0,HCX-007,v1.5-measurement-binding,2026-07-27
A0434-C002,A0434-C002-m1,A0434,"韓 ·日·대만 증시, 반도체·자동차 등 수출주 급락",2025-02-03,https://www.chosun.com/economy/economy_general/2025/02/03/DANR6YYCSNBOVPKQMGJVB624SE,전 거래일에 2517.37에 마감했던 코스피는 3% 이상 내리더니 1시간도 지나지 않아 2440선을 내줬다.,"도널드 트럼프 대통령이 관세 전쟁의 개전 버튼을 누른 뒤 처음 맞는 주식, 외환시장 거래일인 3일 오전, 서울 유가증권 시장이 개장하자 940여 종목 중 830여 개가 일제히 하락했다.","이날 일본 닛케이평균, 대만 자취안지수도 영락없이 내리막길을 탔다.",국내공식통계,N,금융·금리,주가 변동률,"코스피, 주가, 하락",-,-,-,-,-,-,-,2025-02-03,-,M,확정,3%,CONDITION,hcx,주가 변동률,-,2025-02-03,M,claim_fallback,참고값,3,-,-,N,%,비중,감소,전년동기,전 거래일에 2517.37에 마감했던 코스피는 3% 이상 내리더니 1시간도 지나지 않아 2440선을 내줬다.,high,Y,measurement_binding_fallback:2;measurement_period_ungrounded:2,N,0,2,HCX-007,v1.5-measurement-binding,2026-07-27
A0434-C002,A0434-C002-m2,A0434,"韓 ·日·대만 증시, 반도체·자동차 등 수출주 급락",2025-02-03,https://www.chosun.com/economy/economy_general/2025/02/03/DANR6YYCSNBOVPKQMGJVB624SE,전 거래일에 2517.37에 마감했던 코스피는 3% 이상 내리더니 1시간도 지나지 않아 2440선을 내줬다.,"도널드 트럼프 대통령이 관세 전쟁의 개전 버튼을 누른 뒤 처음 맞는 주식, 외환시장 거래일인 3일 오전, 서울 유가증권 시장이 개장하자 940여 종목 중 830여 개가 일제히 하락했다.","이날 일본 닛케이평균, 대만 자취안지수도 영락없이 내리막길을 탔다.",국내공식통계,N,금융·금리,주가 변동률,"코스피, 주가, 하락",-,-,-,-,-,-,-,2025-02-03,-,M,확정,1시간,CONTEXT,hcx,거래 시간,-,2025-02-03,M,claim_fallback,참고값,1,-,-,N,시간,수준값,유지,-,전 거래일에 2517.37에 마감했던 코스피는 3% 이상 내리더니 1시간도 지나지 않아 2440선을 내줬다.,high,Y,measurement_binding_fallback:2;measurement_period_ungrounded:2,N,0,2,HCX-007,v1.5-measurement-binding,2026-07-27
A2142-C013,A2142-C013-m1,A2142,"""월급 절반이 방값"" 정부는 월세를 좋아한다?…'미친 월세'에 숨겨진 진실",2025-06-14,https://www.chosun.com/economy/realty/investment_trends/2025/06/14/B2NESKFUYVXU4NP2BMTKBLQGSM,동시에 서울 아파트 월세지수는 전녀 대비 10.3% 상승했다.,"서울은 10%, 경기는 29% 감소했다.",닥터마빈은 세계적 기준으로 보면 아직 ‘미친 월세’ 시대는 오지 않았다고 진단했다.,국내공식통계,N,부동산,아파트 월세지수,"서울, 아파트, 월세지수",서울,-,-,-,-,-,-,202506,-,M,확정,10.3%,KOSIS_VALUE,hcx,아파트 월세지수,-,-,-,hcx,증감률,10.3,-,-,N,%,증감률,증가,전년,동시에 서울 아파트 월세지수는 전년 대비 10.3% 상승했다.,high,Y,measurement_period_ungrounded:1,N,0,0,HCX-007,v1.5-measurement-binding,2026-07-27
A0709-C003,A0709-C003-m1,A0709,[모닝] 스마트폰 1시간 더 보면 근시 위험 21% 높아져,2025-02-24,https://www.chosun.com/economy/economy_general/2025/02/24/S3SBZQHJGVEUTCTHRWBG52RXHI,분석 결과 근시 발병 위험은 스크린 타임이 1시간 증가할 때마다 21% 늘어났다.,서울대 의대 김영국 교수 연구팀은 기존의 45개 연구(총 33만5524명 참여)를 통해 스크린 타임과 근시 발병률 간 연관성을 분석한 결과를 국제 학술지 ‘JAMA 네트워크 오픈’에 21일 발표했다.,스크린 타임이 하루 1~4시간 사이일 때 근시 위험이 급증했다.,국내공식통계,N,보건·복지,근시 발병 위험,"스마트폰, 근시, 스크린타임",-,-,-,-,-,-,-,2025,-,Y,확정,21%,KOSIS_VALUE,hcx,근시 발병 위험,-,-,-,hcx,증감률,21,-,-,N,%,증감률,증가,전년,분석 결과 근시 발병 위험은 스크린 타임이 1시간 증가할 때마다 21% 늘어났다.,high,Y,measurement_binding_fallback:1;measurement_period_ungrounded:2,N,0,1,HCX-007,v1.5-measurement-binding,2026-07-27
A0709-C003,A0709-C003-m2,A0709,[모닝] 스마트폰 1시간 더 보면 근시 위험 21% 높아져,2025-02-24,https://www.chosun.com/economy/economy_general/2025/02/24/S3SBZQHJGVEUTCTHRWBG52RXHI,분석 결과 근시 발병 위험은 스크린 타임이 1시간 증가할 때마다 21% 늘어났다.,서울대 의대 김영국 교수 연구팀은 기존의 45개 연구(총 33만5524명 참여)를 통해 스크린 타임과 근시 발병률 간 연관성을 분석한 결과를 국제 학술지 ‘JAMA 네트워크 오픈’에 21일 발표했다.,스크린 타임이 하루 1~4시간 사이일 때 근시 위험이 급증했다.,국내공식통계,N,보건·복지,근시 발병 위험,"스마트폰, 근시, 스크린타임",-,-,-,-,-,-,-,2025,-,Y,확정,1시간,CONTEXT,hcx,스크린 타임,-,2025,Y,claim_fallback,참고값,1,-,-,N,시간,수준값,증가,-,분석 결과 근시 발병 위험은 스크린 타임이 1시간 증가할 때마다 21% 늘어났다.,high,Y,measurement_binding_fallback:1;measurement_period_ungrounded:2,N,0,1,HCX-007,v1.5-measurement-binding,2026-07-27
A2531-C003,A2531-C003-m1,A2531,6070세대 여름철 해외 여행지 젊은층보다 다양... 일본 대신 몽골·라오스 간다,2025-07-14,https://www.chosun.com/economy/industry-company/2025/07/14/HSFSOMDG5VHT3O67T3I6OREGYI,2030대의 여행지는 일본(78%)에 집중되어 있었다.,"제주항공이 지난해 7~8월 연령대별 탑승객 데이터를 분석한 결과, 60~70대는 일본(45%), 베트남(22%), 중국(16%), 몽골(9%), 라오스(8%) 등으로 상대적으로 고른 분포를 보였다.",특히 지난해에는 몽골 울란바토르와 중국 옌지 노선을 선택하는 6070들의 수요가 크게 늘었다.,여론조사·설문,N,무역,여행지 선호 비율,"6070세대, 여름철, 해외 여행지, 젊은층, 일본, 몽골, 라오스",-,2030대,-,-,-,-,-,2024,-,Y,확정,2030대,KOSIS_VALUE,hcx,연령대별 탑승객 데이터,-,2024,Y,hcx,현재값,2030,-,-,N,대,수준값,-,전년,2030대의 여행지는 일본(78%)에 집중되어 있었다.,high,N,-,N,0,0,HCX-007,v1.5-measurement-binding,2026-07-27
A2531-C003,A2531-C003-m2,A2531,6070세대 여름철 해외 여행지 젊은층보다 다양... 일본 대신 몽골·라오스 간다,2025-07-14,https://www.chosun.com/economy/industry-company/2025/07/14/HSFSOMDG5VHT3O67T3I6OREGYI,2030대의 여행지는 일본(78%)에 집중되어 있었다.,"제주항공이 지난해 7~8월 연령대별 탑승객 데이터를 분석한 결과, 60~70대는 일본(45%), 베트남(22%), 중국(16%), 몽골(9%), 라오스(8%) 등으로 상대적으로 고른 분포를 보였다.",특히 지난해에는 몽골 울란바토르와 중국 옌지 노선을 선택하는 6070들의 수요가 크게 늘었다.,여론조사·설문,N,무역,여행지 선호 비율,"6070세대, 여름철, 해외 여행지, 젊은층, 일본, 몽골, 라오스",-,2030대,-,-,-,-,-,2024,-,Y,확정,78%,KOSIS_VALUE,hcx,일본 선호 비율,-,2024,Y,hcx,현재값,78,-,-,N,%,비중,-,전년,2030대의 여행지는 일본(78%)에 집중되어 있었다.,high,N,-,N,0,0,HCX-007,v1.5-measurement-binding,2026-07-27
A1184-C004,-,A1184,"완성차 5사 3월 판매 내수 늘고, 수출 줄어",2025-04-02,https://www.chosun.com/economy/auto/2025/04/02/WGSJKEACLREGNPQWEDWLXBGH2Y,"일반적으로 전기차 보조금이 2월에 확정되면 3월부터 전기차 수요가 살아나는데, 올해는 보조금 확정이 한 달 정도 앞당겨지면서 예년보다 전기차 수요가 빠르게 늘었다.",내수 판매는 지난해 부진의 고리를 끊고 지난 2월부터 두 달 연속 증가세를 이어갔다.,"기아는 지난달 전기차 판매량(6512대)이 1년 전보다 48.7% 늘었고, 현대차가 6년 만에 완전 변경해 출시한 팰리세이드, KG모빌리티의 무쏘 EV 등 신차도 지난달 내수 판매 증가를 이끌었다.",국내공식통계,N,소매·소비,전기차 수요,"전기차, 보조금, 판매량",-,-,-,전기차,-,-,-,2025-03,-,M,확정,-,-,-,-,-,-,-,-,-,-,-,-,-,-,-,-,-,"일반적으로 전기차 보조금이 2월에 확정되면 3월부터 전기차 수요가 살아나는데, 올해는 보조금 확정이 한 달 정도 앞당겨지면서 예년보다 전기차 수요가 빠르게 늘었다.",mid,N,-,N,0,0,HCX-007,v1.5-measurement-binding,2026-07-27
A1085-C008,A1085-C008-m1,A1085,"비대면진료 전면 허용 1년, 환자도 의사도 이용 급증",2025-03-25,https://www.chosun.com/economy/economy_general/2025/03/25/3PQ25G3OGFHIVFH467K6W3M63I,"올해 1~2월 닥터나우의 비대면 진료 중 감기, 몸살, 부인과, 소아과 등 경증 질환이 71%에 달하는 것으로 집계됐다.",원산협에 따르면 전체 비대면 진료의 40.6%는 휴일이나 야간 시간대였다.,원산협은 “비대면 진료가 실험 단계를 넘어 의료 체계의 실질적인 한 축으로 자리매김했음을 시사한다”고 했다.,국내공식통계,N,보건·복지,비대면 진료 중 경증 질환 비율,"비대면 진료, 경증 질환, 감기, 몸살, 부인과, 소아과",-,-,-,-,-,-,-,202503,-,M,확정,71%,KOSIS_VALUE,hcx,경증 질환 비율,-,202503,M,hcx,현재값,71,-,-,N,%,비중,-,전년동기,"올해 1~2월 닥터나우의 비대면 진료 중 감기, 몸살, 부인과, 소아과 등 경증 질환이 71%에 달하는 것으로 집계됐다.",high,N,-,N,0,0,HCX-007,v1.5-measurement-binding,2026-07-27
A1445-C006,A1445-C006-m1,A1445,EV3·캐스퍼 일렉트릭 1·2위… 작은 전기차가 잘 팔리네,2025-04-22,https://www.chosun.com/economy/auto/2025/04/22/IMZIK7BVE5D55BM2N6S2U4FOFI,"올 1분기 전체 신차 등록 대수는 40만874대로 전년 동기 대비 11.3% 감소했지만, 전기차 판매량은 눈에 띄게 증가한 것이다.",전기차 인기가 주춤했던 지난해 1분기(2만5550대)보다 31%나 늘어난 수치다.,전기차 판매량 반등의 1등 공신은 지난해 하반기부터 판매한 소형 SUV EV3와 캐스퍼 일렉트릭이었다.,국내공식통계,Y,소매·소비,전기차 판매량,"전기차, 소형 SUV, EV3, 캐스퍼 일렉트릭, 신차 등록 대수",-,-,-,-,-,-,-,2025Q1,-,Q,확정,40만874대,KOSIS_VALUE,hcx,신차 등록 대수,전기차,-,-,hcx,현재값,400874,-,-,N,대,수준값,감소,전년동기,"올 1분기 전체 신차 등록 대수는 40만874대로 전년 동기 대비 11.3% 감소했지만, 전기차 판매량은 눈에 띄게 증가한 것이다.",high,Y,measurement_period_ungrounded:2,N,0,0,HCX-007,v1.5-measurement-binding,2026-07-27
A1445-C006,A1445-C006-m2,A1445,EV3·캐스퍼 일렉트릭 1·2위… 작은 전기차가 잘 팔리네,2025-04-22,https://www.chosun.com/economy/auto/2025/04/22/IMZIK7BVE5D55BM2N6S2U4FOFI,"올 1분기 전체 신차 등록 대수는 40만874대로 전년 동기 대비 11.3% 감소했지만, 전기차 판매량은 눈에 띄게 증가한 것이다.",전기차 인기가 주춤했던 지난해 1분기(2만5550대)보다 31%나 늘어난 수치다.,전기차 판매량 반등의 1등 공신은 지난해 하반기부터 판매한 소형 SUV EV3와 캐스퍼 일렉트릭이었다.,국내공식통계,Y,소매·소비,전기차 판매량,"전기차, 소형 SUV, EV3, 캐스퍼 일렉트릭, 신차 등록 대수",-,-,-,-,-,-,-,2025Q1,-,Q,확정,11.3%,KOSIS_VALUE,hcx,신차 등록 대수 증감률,전기차,-,-,hcx,증감률,11.3,-,-,N,%,증감률,감소,전년동기,"올 1분기 전체 신차 등록 대수는 40만874대로 전년 동기 대비 11.3% 감소했지만, 전기차 판매량은 눈에 띄게 증가한 것이다.",high,Y,measurement_period_ungrounded:2,N,0,0,HCX-007,v1.5-measurement-binding,2026-07-27
A2279-C010,A2279-C010-m1,A2279,한국은행의 스테이블코인 위험성 경고...①코인런 ②금융사고 ③자본유출 ④통화정책 유효성 저해 4대 리스크 우려,2025-06-25,https://www.chosun.com/economy/economy_general/2025/06/25/CVPNISBEXREFLOZCJUCIA7U27M,주요 스테이블코인 10종의 전 세계 시가총액은 지난달 말 기준 2309억달러로 지속적으로 늘고 있는 추세다.,한은에 따르면 가상자산 거래에 스테이블코인이 사용된 비중은 2017년 12월 중 7.9%에서 2025년 5월 84%로 10배 이상 뛰었다.,한은은 그동안 원화 기반 스테이블코인의 필요성에 공감하면서도 한은이 감독 가능한 디지털화폐(CBDC)부터 활성화하고 차차 그 범위를 넓히자는 입장을 밝혀왔다.,기타,N,금융·금리,스테이블코인 시가총액,"한국은행, 스테이블코인, 코인런, 금융사고, 자본유출, 통화정책 유효성",-,-,-,-,-,-,-,202506,-,M,확정,2309억달러,KOSIS_VALUE,hcx,스테이블코인 시가총액,-,202506,M,hcx,현재값,230900000000,-,-,N,달러,수준값,-,전월,주요 스테이블코인 10종의 전 세계 시가총액은 지난달 말 기준 2309억달러로 지속적으로 늘고 있는 추세다.,high,N,-,N,0,0,HCX-007,v1.5-measurement-binding,2026-07-27
A2036-C020,A2036-C020-m1,A2036,"日 버블붕괴 직전과 닮은 민간 부채, 그런데 더 악성이다",2025-06-06,https://www.chosun.com/economy/economy_general/2025/06/06/XJSXS6L5XREVJLWEKTP6XDC5UY,부동산 빚은 2014년 이후 연간 100조원 이상 증가해 10년 만에 2배 이상으로 부풀어 올랐다.,작년 말 기준 부동산 부문에 투입된 빚은 1932조원으로 전체 민간 부채의 절반가량이다.,금융회사의 대출이 생산성 낮은 부동산 부문에 집중될 경우 경제의 중장기 성장 동력은 떨어진다.,국내공식통계,N,부동산,부동산 부문 부채,"민간 부채, 부동산 부문, 100조원, 10년, 2배",-,-,-,-,-,-,-,2024,-,Y,확정,100조원,CONDITION,hcx,부동산 부문 부채 증가폭,-,2014,Y,hcx,참고값,100000000000000,-,-,N,원,수준값,증가,전년,부동산 빚은 2014년 이후 연간 100조원 이상 증가해 10년 만에 2배 이상으로 부풀어 올랐다.,high,N,-,N,0,0,HCX-007,v1.5-measurement-binding,2026-07-27
A2036-C020,A2036-C020-m2,A2036,"日 버블붕괴 직전과 닮은 민간 부채, 그런데 더 악성이다",2025-06-06,https://www.chosun.com/economy/economy_general/2025/06/06/XJSXS6L5XREVJLWEKTP6XDC5UY,부동산 빚은 2014년 이후 연간 100조원 이상 증가해 10년 만에 2배 이상으로 부풀어 올랐다.,작년 말 기준 부동산 부문에 투입된 빚은 1932조원으로 전체 민간 부채의 절반가량이다.,금융회사의 대출이 생산성 낮은 부동산 부문에 집중될 경우 경제의 중장기 성장 동력은 떨어진다.,국내공식통계,N,부동산,부동산 부문 부채,"민간 부채, 부동산 부문, 100조원, 10년, 2배",-,-,-,-,-,-,-,2024,-,Y,확정,10년,CONTEXT,hcx,부채 증가 기간,-,2024,Y,hcx,참고값,10,-,-,N,년,수준값,증가,전년,부동산 빚은 2014년 이후 연간 100조원 이상 증가해 10년 만에 2배 이상으로 부풀어 올랐다.,high,N,-,N,0,0,HCX-007,v1.5-measurement-binding,2026-07-27
A2036-C020,A2036-C020-m3,A2036,"日 버블붕괴 직전과 닮은 민간 부채, 그런데 더 악성이다",2025-06-06,https://www.chosun.com/economy/economy_general/2025/06/06/XJSXS6L5XREVJLWEKTP6XDC5UY,부동산 빚은 2014년 이후 연간 100조원 이상 증가해 10년 만에 2배 이상으로 부풀어 올랐다.,작년 말 기준 부동산 부문에 투입된 빚은 1932조원으로 전체 민간 부채의 절반가량이다.,금융회사의 대출이 생산성 낮은 부동산 부문에 집중될 경우 경제의 중장기 성장 동력은 떨어진다.,국내공식통계,N,부동산,부동산 부문 부채,"민간 부채, 부동산 부문, 100조원, 10년, 2배",-,-,-,-,-,-,-,2024,-,Y,확정,2배,CONDITION,hcx,부동산 부문 부채 증가 비율,-,2024,Y,hcx,참고값,2,-,-,N,배,수준값,증가,전년,부동산 빚은 2014년 이후 연간 100조원 이상 증가해 10년 만에 2배 이상으로 부풀어 올랐다.,high,N,-,N,0,0,HCX-007,v1.5-measurement-binding,2026-07-27
A0912-C007,A0912-C007-m1,A0912,충전 시간 47분에서 32분으로… ‘2025 포터 II 일렉트릭’ 출시,2025-03-12,https://www.chosun.com/economy/auto/2025/03/12/STK32YPTNVGC3JXD5ASMLPWQAQ,"‘2025 포터 II 일렉트릭’에 장착된 60.4㎾h 리튬 이온 고전압 배터리에는 신규 배터리 셀이 적용되면서, 완전 충전 시 주행 거리도 217㎞로 6㎞ 늘었다.",배터리는 에너지 밀도가 높아졌고 무게는 가벼워졌다.,"농어촌 비포장 도로를 주행할 때 불편함을 해소하기 위해 배터리 높이를 10㎜ 높였고, 야간 충전 시 시인성을 확보하도록 충전구 윗부분에 LED 조명을 적용했다.",개별기업,N,생산·산업,전기차 충전 시간 및 주행 거리,"전기차, 충전 시간, 주행 거리, 배터리 셀",-,-,-,자동차 산업,-,-,-,2025,-,Y,확정,217㎞,KOSIS_VALUE,hcx,주행 거리,전기차,2025,Y,hcx,현재값,217,-,-,N,km,수준값,증가,전년,"'2025 포터 II 일렉트릭'에 장착된 60.4㎾h 리튬 이온 고전압 배터리에는 신규 배터리 셀이 적용되면서, 완전 충전 시 주행 거리도 217㎞로 6㎞ 늘었다.",high,N,-,N,0,0,HCX-007,v1.5-measurement-binding,2026-07-27
A0912-C007,A0912-C007-m2,A0912,충전 시간 47분에서 32분으로… ‘2025 포터 II 일렉트릭’ 출시,2025-03-12,https://www.chosun.com/economy/auto/2025/03/12/STK32YPTNVGC3JXD5ASMLPWQAQ,"‘2025 포터 II 일렉트릭’에 장착된 60.4㎾h 리튬 이온 고전압 배터리에는 신규 배터리 셀이 적용되면서, 완전 충전 시 주행 거리도 217㎞로 6㎞ 늘었다.",배터리는 에너지 밀도가 높아졌고 무게는 가벼워졌다.,"농어촌 비포장 도로를 주행할 때 불편함을 해소하기 위해 배터리 높이를 10㎜ 높였고, 야간 충전 시 시인성을 확보하도록 충전구 윗부분에 LED 조명을 적용했다.",개별기업,N,생산·산업,전기차 충전 시간 및 주행 거리,"전기차, 충전 시간, 주행 거리, 배터리 셀",-,-,-,자동차 산업,-,-,-,2025,-,Y,확정,60.4㎾h,KOSIS_VALUE,hcx,배터리 용량,리튬 이온 고전압 배터리,2025,Y,hcx,현재값,60.4,-,-,N,kWh,수준값,유지,전년,"'2025 포터 II 일렉트릭'에 장착된 60.4㎾h 리튬 이온 고전압 배터리에는 신규 배터리 셀이 적용되면서, 완전 충전 시 주행 거리도 217㎞로 6㎞ 늘었다.",high,N,-,N,0,0,HCX-007,v1.5-measurement-binding,2026-07-27
A2263-C006,A2263-C006-m1,A2263,거주자 외화예금 넉달 만에 상승세로,2025-06-24,https://www.chosun.com/economy/economy_general/2025/06/24/E2YSGHMPLRH6DDVF26I5ZIV4OQ,통화별로는 거주자 외화예금 중 85%를 차지하는 미 달러화 예금이 전월 말보다 45억4000만달러 증가한 것으로 나타났다.,거주자 외화예금은 지난 2월부터 석 달 연속 줄었지만 지난달 상승세로 돌아섰다.,8.3% 정도를 차지하는 엔화 예금도 5억6000만달러 늘었다.,국내공식통계,Y,금융·금리,거주자 외화예금,"외화예금, 달러화, 엔화",-,-,-,-,-,-,-,2025M6,-,M,확정,45억4000만달러,KOSIS_VALUE,hcx,미 달러화 예금,달러화,-,-,hcx,현재값,4540000000,-,-,N,달러,수준값,증가,전월,통화별로는 거주자 외화예금 중 85%를 차지하는 미 달러화 예금이 전월 말보다 45억4000만달러 증가한 것으로 나타났다.,high,Y,measurement_period_ungrounded:2,N,0,0,HCX-007,v1.5-measurement-binding,2026-07-27
A2263-C006,A2263-C006-m2,A2263,거주자 외화예금 넉달 만에 상승세로,2025-06-24,https://www.chosun.com/economy/economy_general/2025/06/24/E2YSGHMPLRH6DDVF26I5ZIV4OQ,통화별로는 거주자 외화예금 중 85%를 차지하는 미 달러화 예금이 전월 말보다 45억4000만달러 증가한 것으로 나타났다.,거주자 외화예금은 지난 2월부터 석 달 연속 줄었지만 지난달 상승세로 돌아섰다.,8.3% 정도를 차지하는 엔화 예금도 5억6000만달러 늘었다.,국내공식통계,Y,금융·금리,거주자 외화예금,"외화예금, 달러화, 엔화",-,-,-,-,-,-,-,2025M6,-,M,확정,85%,KOSIS_VALUE,hcx,미 달러화 예금 비중,달러화,-,-,hcx,증감률,85,-,-,N,%,증감률,증가,전월,통화별로는 거주자 외화예금 중 85%를 차지하는 미 달러화 예금이 전월 말보다 45억4000만달러 증가한 것으로 나타났다.,high,Y,measurement_period_ungrounded:2,N,0,0,HCX-007,v1.5-measurement-binding,2026-07-27
A0475-C001,A0475-C001-m1,A0475,고환율·고유가에… 소비자 물가 5개월 만에 2%대로,2025-02-06,https://www.chosun.com/economy/economy_general/2025/02/06/JUZXS35ATZH5HPELUDW6QK465M,고환율·고유가 여파로 소비자물가 상승률이 3개월 연속 상승세를 보이면서 5개월 만에 2%대에 올라섰다.,-,통계청은 5일 ‘1월 소비자물가 동향’에서 지난달 소비자물가가 작년 같은 달보다 2.2% 올랐다고 밝혔다.,국내공식통계,Y,물가,소비자물가 상승률,"고환율, 고유가, 소비자물가, 상승률",-,-,-,-,-,-,-,202501,-,M,확정,2%,KOSIS_VALUE,hcx,소비자물가 상승률,-,-,-,hcx,증감률,2,-,-,N,%,증감률,증가,전년동기,고환율·고유가 여파로 소비자물가 상승률이 3개월 연속 상승세를 보이면서 5개월 만에 2%대에 올라섰다.,high,Y,measurement_binding_fallback:2;measurement_period_ungrounded:1,Y,0,2,HCX-007,v1.5-measurement-binding,2026-07-27
A0475-C001,A0475-C001-m2,A0475,고환율·고유가에… 소비자 물가 5개월 만에 2%대로,2025-02-06,https://www.chosun.com/economy/economy_general/2025/02/06/JUZXS35ATZH5HPELUDW6QK465M,고환율·고유가 여파로 소비자물가 상승률이 3개월 연속 상승세를 보이면서 5개월 만에 2%대에 올라섰다.,-,통계청은 5일 ‘1월 소비자물가 동향’에서 지난달 소비자물가가 작년 같은 달보다 2.2% 올랐다고 밝혔다.,국내공식통계,Y,물가,소비자물가 상승률,"고환율, 고유가, 소비자물가, 상승률",-,-,-,-,-,-,-,202501,-,M,확정,3개월,CONTEXT,hcx,상승 기간,-,202501,M,claim_fallback,참고값,3,-,-,N,개월,수준값,증가,-,고환율·고유가 여파로 소비자물가 상승률이 3개월 연속 상승세를 보이면서 5개월 만에 2%대에 올라섰다.,high,Y,measurement_binding_fallback:2;measurement_period_ungrounded:1,Y,0,2,HCX-007,v1.5-measurement-binding,2026-07-27
A0475-C001,A0475-C001-m3,A0475,고환율·고유가에… 소비자 물가 5개월 만에 2%대로,2025-02-06,https://www.chosun.com/economy/economy_general/2025/02/06/JUZXS35ATZH5HPELUDW6QK465M,고환율·고유가 여파로 소비자물가 상승률이 3개월 연속 상승세를 보이면서 5개월 만에 2%대에 올라섰다.,-,통계청은 5일 ‘1월 소비자물가 동향’에서 지난달 소비자물가가 작년 같은 달보다 2.2% 올랐다고 밝혔다.,국내공식통계,Y,물가,소비자물가 상승률,"고환율, 고유가, 소비자물가, 상승률",-,-,-,-,-,-,-,202501,-,M,확정,5개월,CONTEXT,hcx,경과 시간,-,202501,M,claim_fallback,참고값,5,-,-,N,개월,수준값,증가,-,고환율·고유가 여파로 소비자물가 상승률이 3개월 연속 상승세를 보이면서 5개월 만에 2%대에 올라섰다.,high,Y,measurement_binding_fallback:2;measurement_period_ungrounded:1,Y,0,2,HCX-007,v1.5-measurement-binding,2026-07-27
A0076-C008,A0076-C008-m1,A0076,"반도체 수출, 中·홍콩 비율 9%p 이상 줄어",2025-01-06,https://www.chosun.com/economy/industry-company/2025/01/06/BMVO4ZZBRRFZ7NTLK4INPJWIF4,반면 미국과 미국의 ‘반도체 동맹’인 대만을 합한 수출 비율은 같은 기간 13.9%에서 21.7%로 8%포인트가량 올랐다.,업계에서는 홍콩으로 수출하는 반도체의 80~90%가 중국으로 들어가는 것으로 본다.,"미국 수출 비율(7.2%)은 큰 변화가 없었지만, 대만 수출 비율은 2020년 6.4%에서 지난해 14.5%로 급상승했다.",해외통계·정책,N,무역,반도체 수출 비율,"반도체, 수출, 중국, 홍콩, 미국, 대만",-,-,-,반도체,-,-,-,2025,-,-,확정,13.9%,KOSIS_VALUE,hcx,미국 및 대만 반도체 수출 비율,반도체,2024,-,hcx,증감률,13.9,-,-,N,%,증감률,증가,전년,반면 미국과 미국의 ‘반도체 동맹’인 대만을 합한 수출 비율은 같은 기간 13.9%에서 21.7%로 8%포인트가량 올랐다.,high,Y,measurement_period_ungrounded:2,N,0,0,HCX-007,v1.5-measurement-binding,2026-07-27
A0076-C008,A0076-C008-m2,A0076,"반도체 수출, 中·홍콩 비율 9%p 이상 줄어",2025-01-06,https://www.chosun.com/economy/industry-company/2025/01/06/BMVO4ZZBRRFZ7NTLK4INPJWIF4,반면 미국과 미국의 ‘반도체 동맹’인 대만을 합한 수출 비율은 같은 기간 13.9%에서 21.7%로 8%포인트가량 올랐다.,업계에서는 홍콩으로 수출하는 반도체의 80~90%가 중국으로 들어가는 것으로 본다.,"미국 수출 비율(7.2%)은 큰 변화가 없었지만, 대만 수출 비율은 2020년 6.4%에서 지난해 14.5%로 급상승했다.",해외통계·정책,N,무역,반도체 수출 비율,"반도체, 수출, 중국, 홍콩, 미국, 대만",-,-,-,반도체,-,-,-,2025,-,-,확정,21.7%,KOSIS_VALUE,hcx,미국 및 대만 반도체 수출 비율,반도체,-,-,hcx,증감률,21.7,-,-,N,%,증감률,증가,전년,반면 미국과 미국의 ‘반도체 동맹’인 대만을 합한 수출 비율은 같은 기간 13.9%에서 21.7%로 8%포인트가량 올랐다.,high,Y,measurement_period_ungrounded:2,N,0,0,HCX-007,v1.5-measurement-binding,2026-07-27
A0076-C008,A0076-C008-m3,A0076,"반도체 수출, 中·홍콩 비율 9%p 이상 줄어",2025-01-06,https://www.chosun.com/economy/industry-company/2025/01/06/BMVO4ZZBRRFZ7NTLK4INPJWIF4,반면 미국과 미국의 ‘반도체 동맹’인 대만을 합한 수출 비율은 같은 기간 13.9%에서 21.7%로 8%포인트가량 올랐다.,업계에서는 홍콩으로 수출하는 반도체의 80~90%가 중국으로 들어가는 것으로 본다.,"미국 수출 비율(7.2%)은 큰 변화가 없었지만, 대만 수출 비율은 2020년 6.4%에서 지난해 14.5%로 급상승했다.",해외통계·정책,N,무역,반도체 수출 비율,"반도체, 수출, 중국, 홍콩, 미국, 대만",-,-,-,반도체,-,-,-,2025,-,-,확정,8%,KOSIS_VALUE,hcx,미국 및 대만 반도체 수출 비율 증가폭,반도체,-,-,hcx,증감률,8,-,-,N,%,증감률,증가,전년,반면 미국과 미국의 ‘반도체 동맹’인 대만을 합한 수출 비율은 같은 기간 13.9%에서 21.7%로 8%포인트가량 올랐다.,high,Y,measurement_period_ungrounded:2,N,0,0,HCX-007,v1.5-measurement-binding,2026-07-27
A1683-C028,A1683-C028-m1,A1683,645억 들인 소상공인 돕기용인데… 위고비·와인만 불티,2025-05-10,https://www.chosun.com/economy/industry-company/2025/05/10/QIDXZHHMQ5HI3FTX6WNCB4E434,"올 초엔 일부 이용자가 전통시장 금은방에서 상품권으로 금을 사재기한다는 지적이 나오자, 정부는 “시계, 귀금속 가맹점 1426곳을 조사해보니 상품권 회수액(매출)이 62억원으로 나타났다”며 “상품권 매출이 높은 가맹점 위주로 조사하겠다”고 했다.","전통시장, 소상공인을 돕는 효과가 있지만 제도 취지와 맞지 않는 사용 사례도 많은 만큼 ‘세금으로 이런 지원을 계속하는 게 맞느냐’는 비판도 꾸준하다.",중기부 관계자는 “상품권 부정 유통이나 도입 취지에 맞지 않게 사용되는 부분에 대해선 지속적으로 관리 감독을 해나갈 계획”이라고 했다.,국내공식통계,N,소매·소비,상품권 매출,"전통시장, 소상공인, 상품권, 매출",-,-,-,-,-,-,-,2025,-,Y,확정,62억원,KOSIS_VALUE,hcx,상품권 매출,-,-,-,hcx,현재값,6200000000,-,-,N,원,수준값,-,전년,"정부는 ""시계, 귀금속 가맹점 1426곳을 조사해보니 상품권 회수액(매출)이 62억원으로 나타났다""며 ""상품권 매출이 높은 가맹점 위주로 조사하겠다""고 했다.",high,Y,measurement_period_ungrounded:1,N,0,0,HCX-007,v1.5-measurement-binding,2026-07-27
A2163-C008,A2163-C008-m1,A2163,"유류세 인하 8월까지 2개월 연장, 車 개소세 인하도 6개월 더 연장",2025-06-16,https://www.chosun.com/economy/economy_general/2025/06/16/LAXXZJ5DSFDNJJZLTL3KFNGKYA,4000만원 상당의 신차를 구매할 경우 개소세가 인하되기 전과 비교해 70만원의 세제 혜택을 본다.,신차 출고가의 5%인 개별소비세 기본 세율을 3.5%로 낮추는 내용으로 감면 한도는 100만원이다.,정부는 2018년 7월 1일부터 승용차 개별소비세를 인하했다가 세수 부족 여파로 2023년 7월 1일부터 인하 조치를 중단했다.,해외통계·정책,N,재정·조세,개소세 인하 효과,"유류세, 자동차, 개별소비세, 세금",-,-,-,-,-,-,-,202506,-,M,확정,4000만원,KOSIS_VALUE,hcx,신차 가격,-,-,-,hcx,현재값,40000000,-,-,N,원,수준값,감소,전년,4000만원 상당의 신차를 구매할 경우 개소세가 인하되기 전과 비교해 70만원의 세제 혜택을 본다.,high,Y,measurement_period_ungrounded:2,N,0,0,HCX-007,v1.5-measurement-binding,2026-07-27
A2163-C008,A2163-C008-m2,A2163,"유류세 인하 8월까지 2개월 연장, 車 개소세 인하도 6개월 더 연장",2025-06-16,https://www.chosun.com/economy/economy_general/2025/06/16/LAXXZJ5DSFDNJJZLTL3KFNGKYA,4000만원 상당의 신차를 구매할 경우 개소세가 인하되기 전과 비교해 70만원의 세제 혜택을 본다.,신차 출고가의 5%인 개별소비세 기본 세율을 3.5%로 낮추는 내용으로 감면 한도는 100만원이다.,정부는 2018년 7월 1일부터 승용차 개별소비세를 인하했다가 세수 부족 여파로 2023년 7월 1일부터 인하 조치를 중단했다.,해외통계·정책,N,재정·조세,개소세 인하 효과,"유류세, 자동차, 개별소비세, 세금",-,-,-,-,-,-,-,202506,-,M,확정,70만원,KOSIS_VALUE,hcx,세제 혜택,-,-,-,hcx,현재값,700000,-,-,N,원,수준값,감소,전년,4000만원 상당의 신차를 구매할 경우 개소세가 인하되기 전과 비교해 70만원의 세제 혜택을 본다.,high,Y,measurement_period_ungrounded:2,N,0,0,HCX-007,v1.5-measurement-binding,2026-07-27
A1183-C016,A1183-C016-m1,A1183,"한은·통계청의 경제 지표 활용, 노후 위한 투자 밑그림 그리세요",2025-04-02,https://www.chosun.com/economy/money/2025/04/02/KL276AIILNHP5L6JJNYFSJU3XE,"과거 30년간 우리나라 경제성장률이 올해 전망치인 1.5%보다 낮았던 때는 1998년 외환 위기, 2009년 글로벌 금융 위기, 2020년 코로나 팬데믹 위기 등이다.",올해 성장률 전망치의 경우 작년 5월 이후 줄곧 하향 조정돼 왔다.,한국은행 경제통계시스템(ecos.bok.or.kr)에 접속하면 각종 경제와 금융 통계들을 확인할 수 있다.,국내공식통계,N,기타,경제성장률,"한국, 경제성장률, 전망치, 외환위기, 글로벌금융위기, 코로나팬데믹",-,-,-,-,-,-,-,2025,-,Y,확정,1.5%,KOSIS_VALUE,hcx,경제성장률,-,2025,Y,hcx,현재값,1.5,-,-,N,%,수준값,-,전년,"과거 30년간 우리나라 경제성장률이 올해 전망치인 1.5%보다 낮았던 때는 1998년 외환 위기, 2009년 글로벌 금융 위기, 2020년 코로나 팬데믹 위기 등이다.",high,Y,measurement_binding_fallback:1,N,0,1,HCX-007,v1.5-measurement-binding,2026-07-27
A1183-C016,A1183-C016-m2,A1183,"한은·통계청의 경제 지표 활용, 노후 위한 투자 밑그림 그리세요",2025-04-02,https://www.chosun.com/economy/money/2025/04/02/KL276AIILNHP5L6JJNYFSJU3XE,"과거 30년간 우리나라 경제성장률이 올해 전망치인 1.5%보다 낮았던 때는 1998년 외환 위기, 2009년 글로벌 금융 위기, 2020년 코로나 팬데믹 위기 등이다.",올해 성장률 전망치의 경우 작년 5월 이후 줄곧 하향 조정돼 왔다.,한국은행 경제통계시스템(ecos.bok.or.kr)에 접속하면 각종 경제와 금융 통계들을 확인할 수 있다.,국내공식통계,N,기타,경제성장률,"한국, 경제성장률, 전망치, 외환위기, 글로벌금융위기, 코로나팬데믹",-,-,-,-,-,-,-,2025,-,Y,확정,30년,CONDITION,hcx,기간,-,2025,Y,claim_fallback,참고값,30,-,-,N,년,수준값,-,-,"과거 30년간 우리나라 경제성장률이 올해 전망치인 1.5%보다 낮았던 때는 1998년 외환 위기, 2009년 글로벌 금융 위기, 2020년 코로나 팬데믹 위기 등이다.",high,Y,measurement_binding_fallback:1,N,0,1,HCX-007,v1.5-measurement-binding,2026-07-27
A1119-C017,A1119-C017-m1,A1119,120만대 ‘메이드 인 USA’ 첫발… “4월 2일 이후가 중요”,2025-03-28,https://www.chosun.com/economy/auto/2025/03/28/CB3WOT3O4JEZTLLQRNXBHYA3SU,현대차그룹은 지난해 미국 전기차 시장에서 12만대를 팔며 테슬라(63만대)에 이어 2위를 나타냈다.,일본 도요타는 작년 말 북미 최초 전기차 생산 공장 가동 시기를 올해에서 내년으로 미뤘다.,2023년 대비 36.2% 증가하며 같은 기간 5.6% 감소한 테슬라와의 격차도 줄였다.,국내공식통계,N,무역,전기차 판매량,"현대차그룹, 미국 전기차 시장, 테슬라, 판매량",-,-,-,전기차,-,-,미국,2025,-,Y,확정,12만대,KOSIS_VALUE,hcx,전기차 판매량,현대차그룹,2025,Y,hcx,현재값,120000,-,-,N,대,수준값,-,전년,현대차그룹은 지난해 미국 전기차 시장에서 12만대를 팔며 테슬라(63만대)에 이어 2위를 나타냈다.,high,N,-,N,0,0,HCX-007,v1.5-measurement-binding,2026-07-27
A1119-C017,A1119-C017-m2,A1119,120만대 ‘메이드 인 USA’ 첫발… “4월 2일 이후가 중요”,2025-03-28,https://www.chosun.com/economy/auto/2025/03/28/CB3WOT3O4JEZTLLQRNXBHYA3SU,현대차그룹은 지난해 미국 전기차 시장에서 12만대를 팔며 테슬라(63만대)에 이어 2위를 나타냈다.,일본 도요타는 작년 말 북미 최초 전기차 생산 공장 가동 시기를 올해에서 내년으로 미뤘다.,2023년 대비 36.2% 증가하며 같은 기간 5.6% 감소한 테슬라와의 격차도 줄였다.,국내공식통계,N,무역,전기차 판매량,"현대차그룹, 미국 전기차 시장, 테슬라, 판매량",-,-,-,전기차,-,-,미국,2025,-,Y,확정,63만대,KOSIS_VALUE,hcx,전기차 판매량,테슬라,2025,Y,hcx,현재값,630000,-,-,N,대,수준값,-,전년,현대차그룹은 지난해 미국 전기차 시장에서 12만대를 팔며 테슬라(63만대)에 이어 2위를 나타냈다.,high,N,-,N,0,0,HCX-007,v1.5-measurement-binding,2026-07-27
A1119-C017,A1119-C017-m3,A1119,120만대 ‘메이드 인 USA’ 첫발… “4월 2일 이후가 중요”,2025-03-28,https://www.chosun.com/economy/auto/2025/03/28/CB3WOT3O4JEZTLLQRNXBHYA3SU,현대차그룹은 지난해 미국 전기차 시장에서 12만대를 팔며 테슬라(63만대)에 이어 2위를 나타냈다.,일본 도요타는 작년 말 북미 최초 전기차 생산 공장 가동 시기를 올해에서 내년으로 미뤘다.,2023년 대비 36.2% 증가하며 같은 기간 5.6% 감소한 테슬라와의 격차도 줄였다.,국내공식통계,N,무역,전기차 판매량,"현대차그룹, 미국 전기차 시장, 테슬라, 판매량",-,-,-,전기차,-,-,미국,2025,-,Y,확정,2위,KOSIS_VALUE,hcx,시장 점유율 순위,현대차그룹,2025,Y,hcx,현재값,2,-,-,N,위,순위,-,전년,현대차그룹은 지난해 미국 전기차 시장에서 12만대를 팔며 테슬라(63만대)에 이어 2위를 나타냈다.,high,N,-,N,0,0,HCX-007,v1.5-measurement-binding,2026-07-27
A0212-C017,A0212-C017-m1,A0212,"환율 안정이 우선… 韓銀, 기준금리 3% 동결",2025-01-17,https://www.chosun.com/economy/economy_general/2025/01/17/DUCC66IHF5EQJKWXBEBLBLINZ4,이 총재는 “정치적 불확실성으로 인한 변수가 50~60원 수준으로 올라간 적도 있다”며 “지금은 (정치적 변수로 인한) 30원에서 내려가지 않을까라고 본다”고 했다.,"강달러 변수가 50원쯤이면, 국내 정치적 불확실성으로 영향을 받은 것이 30원쯤이라고도 했다.",한편 이날 이 총재는 현재 경기 상황에 대한 우려도 수차례 강조했다.,국내공식통계,N,금융·금리,환율 변동폭,"환율 안정, 한국은행, 기준금리, 정치적 불확실성",-,-,-,-,-,-,-,202501,-,M,확정,50원,KOSIS_VALUE,hcx,환율 변동폭,-,-,-,hcx,현재값,50,-,-,N,원,수준값,-,전년,"""정치적 불확실성으로 인한 변수가 50~60원 수준으로 올라간 적도 있다""며 ""지금은 (정치적 변수로 인한) 30원에서 내려가지 않을까라고 본다""",mid,Y,measurement_period_ungrounded:3,Y,0,0,HCX-007,v1.5-measurement-binding,2026-07-27
A0212-C017,A0212-C017-m2,A0212,"환율 안정이 우선… 韓銀, 기준금리 3% 동결",2025-01-17,https://www.chosun.com/economy/economy_general/2025/01/17/DUCC66IHF5EQJKWXBEBLBLINZ4,이 총재는 “정치적 불확실성으로 인한 변수가 50~60원 수준으로 올라간 적도 있다”며 “지금은 (정치적 변수로 인한) 30원에서 내려가지 않을까라고 본다”고 했다.,"강달러 변수가 50원쯤이면, 국내 정치적 불확실성으로 영향을 받은 것이 30원쯤이라고도 했다.",한편 이날 이 총재는 현재 경기 상황에 대한 우려도 수차례 강조했다.,국내공식통계,N,금융·금리,환율 변동폭,"환율 안정, 한국은행, 기준금리, 정치적 불확실성",-,-,-,-,-,-,-,202501,-,M,확정,60원,KOSIS_VALUE,hcx,환율 변동폭,-,-,-,hcx,현재값,60,-,-,N,원,수준값,-,전년,"""정치적 불확실성으로 인한 변수가 50~60원 수준으로 올라간 적도 있다""며 ""지금은 (정치적 변수로 인한) 30원에서 내려가지 않을까라고 본다""",mid,Y,measurement_period_ungrounded:3,Y,0,0,HCX-007,v1.5-measurement-binding,2026-07-27
A0212-C017,A0212-C017-m3,A0212,"환율 안정이 우선… 韓銀, 기준금리 3% 동결",2025-01-17,https://www.chosun.com/economy/economy_general/2025/01/17/DUCC66IHF5EQJKWXBEBLBLINZ4,이 총재는 “정치적 불확실성으로 인한 변수가 50~60원 수준으로 올라간 적도 있다”며 “지금은 (정치적 변수로 인한) 30원에서 내려가지 않을까라고 본다”고 했다.,"강달러 변수가 50원쯤이면, 국내 정치적 불확실성으로 영향을 받은 것이 30원쯤이라고도 했다.",한편 이날 이 총재는 현재 경기 상황에 대한 우려도 수차례 강조했다.,국내공식통계,N,금융·금리,환율 변동폭,"환율 안정, 한국은행, 기준금리, 정치적 불확실성",-,-,-,-,-,-,-,202501,-,M,확정,30원,KOSIS_VALUE,hcx,환율 변동폭,-,-,-,hcx,이전값,30,-,-,N,원,수준값,-,전년,"""정치적 불확실성으로 인한 변수가 50~60원 수준으로 올라간 적도 있다""며 ""지금은 (정치적 변수로 인한) 30원에서 내려가지 않을까라고 본다""",mid,Y,measurement_period_ungrounded:3,Y,0,0,HCX-007,v1.5-measurement-binding,2026-07-27
A2264-C001,A2264-C001-m1,A2264,6월 수출 깜짝 반등,2025-06-24,https://www.chosun.com/economy/economy_general/2025/06/24/ENJAOC2OZ5ATREU6RH753F4NXI,"반도체, 자동차 등 주력 품목 수출이 크게 늘면서 이달 들어 20일까지 우리나라 수출이 전년 동기 대비 8.3% 늘어났다.",-,"지난달엔 미국의 관세 부과 영향 등으로 자동차와 대미 수출을 중심으로 수출이 1.3% 감소했었는데, 이달에는 한 달 만에 수출이 증가세로 돌아설 가능성이 있다.",국내공식통계,Y,무역,수출액,"반도체, 자동차, 수출",-,-,-,-,-,-,-,202506,-,M,확정,8.3%,KOSIS_VALUE,hcx,수출액,-,-,-,hcx,현재값,8.3,-,-,N,%,비중,증가,전년동월,"[검증 대상 문장] 반도체, 자동차 등 주력 품목 수출이 크게 늘면서 이달 들어 20일까지 우리나라 수출이 전년 동기 대비 8.3% 늘어났다.",high,Y,measurement_period_ungrounded:1,N,0,0,HCX-007,v1.5-measurement-binding,2026-07-27
A1524-C005,A1524-C005-m1,A1524,경기 악화에 카드 연체율 10년 만에 최고,2025-04-28,https://www.chosun.com/economy/economy_general/2025/04/28/BEF6I5JTIFBLXI5ALIOBKJVLUI,하나카드의 1분기 말 연체율(2.15%)은 이 회사가 출범한 2014년 12월 이후 최고치를 찍었다.,"카드사 연체율은 카드 대금, 할부금, 카드론 등의 상환이 1개월 이상 밀린 비율이다.","KB국민카드 연체율(1.61%)도 직전 최고치인 2014년 말(1.62%)에 육박했고, 신한카드 연체율(1.61%)은 2015년 3분기(1.68%) 이후 최고였다.",국내공식통계,Y,금융·금리,연체율,"카드사, 연체율, 분기말",-,-,-,하나카드,-,-,-,2025Q1,-,Q,확정,2.15%,KOSIS_VALUE,hcx,연체율,하나카드,-,-,hcx,현재값,2.15,-,-,N,%,비중,-,전분기,하나카드의 1분기 말 연체율(2.15%)은 이 회사가 출범한 2014년 12월 이후 최고치를 찍었다.,high,Y,measurement_period_ungrounded:1,N,0,0,HCX-007,v1.5-measurement-binding,2026-07-27
A1213-C009,A1213-C009-m1,A1213,‘탄핵 인용’... 원·달러 환율 1436원 선까지 하락,2025-04-04,https://www.chosun.com/economy/economy_general/2025/04/04/MLLAVDJDGJGO7BH3KB3OL5AE4E,지난해 12월 1400원대를 뚫은 후 치솟던 원·달러 환율은 지난달 31일 종가 기준 15년 9개월 만에 최고치인 1472.9원을 기록하며 마감하기도 했다.,지난해 말 비상 계엄 선포 이후 환율 상승의 주요 원인으로 지목된 정치적 불확실성이 다소 걷힌 영향이다.,외환시장의 방파제 역할을 하는 외환보유액은 지난달 4096억6000만 달러로 집계돼 두 달째 4100억 달러 선을 밑돌고 있다.,국내공식통계,N,금융·금리,원·달러 환율,"탄핵 인용, 원·달러 환율, 외환시장, 외환보유액",-,-,-,-,-,-,-,202504,-,M,확정,1472.9원,KOSIS_VALUE,hcx,원·달러 환율,-,-,-,hcx,현재값,1472.9,-,-,N,원,수준값,-,전년동기,[검증 대상 문장] 지난해 12월 1400원대를 뚫은 후 치솟던 원·달러 환율은 지난달 31일 종가 기준 15년 9개월 만에 최고치인 1472.9원을 기록하며 마감하기도 했다.,high,Y,measurement_rule_fallback:2;measurement_period_ungrounded:1,Y,2,0,HCX-007,v1.5-measurement-binding,2026-07-27
A1213-C009,A1213-C009-m2,A1213,‘탄핵 인용’... 원·달러 환율 1436원 선까지 하락,2025-04-04,https://www.chosun.com/economy/economy_general/2025/04/04/MLLAVDJDGJGO7BH3KB3OL5AE4E,지난해 12월 1400원대를 뚫은 후 치솟던 원·달러 환율은 지난달 31일 종가 기준 15년 9개월 만에 최고치인 1472.9원을 기록하며 마감하기도 했다.,지난해 말 비상 계엄 선포 이후 환율 상승의 주요 원인으로 지목된 정치적 불확실성이 다소 걷힌 영향이다.,외환시장의 방파제 역할을 하는 외환보유액은 지난달 4096억6000만 달러로 집계돼 두 달째 4100억 달러 선을 밑돌고 있다.,국내공식통계,N,금융·금리,원·달러 환율,"탄핵 인용, 원·달러 환율, 외환시장, 외환보유액",-,-,-,-,-,-,-,202504,-,M,확정,1400원,KOSIS_VALUE,hcx,원·달러 환율,-,202412,M,hcx,참고값,1400,-,-,N,원,수준값,-,전년동기,[검증 대상 문장] 지난해 12월 1400원대를 뚫은 후 치솟던 원·달러 환율은 지난달 31일 종가 기준 15년 9개월 만에 최고치인 1472.9원을 기록하며 마감하기도 했다.,high,Y,measurement_rule_fallback:2;measurement_period_ungrounded:1,Y,2,0,HCX-007,v1.5-measurement-binding,2026-07-27
A1213-C009,A1213-C009-m3,A1213,‘탄핵 인용’... 원·달러 환율 1436원 선까지 하락,2025-04-04,https://www.chosun.com/economy/economy_general/2025/04/04/MLLAVDJDGJGO7BH3KB3OL5AE4E,지난해 12월 1400원대를 뚫은 후 치솟던 원·달러 환율은 지난달 31일 종가 기준 15년 9개월 만에 최고치인 1472.9원을 기록하며 마감하기도 했다.,지난해 말 비상 계엄 선포 이후 환율 상승의 주요 원인으로 지목된 정치적 불확실성이 다소 걷힌 영향이다.,외환시장의 방파제 역할을 하는 외환보유액은 지난달 4096억6000만 달러로 집계돼 두 달째 4100억 달러 선을 밑돌고 있다.,국내공식통계,N,금융·금리,원·달러 환율,"탄핵 인용, 원·달러 환율, 외환시장, 외환보유액",-,-,-,-,-,-,-,202504,-,M,확정,15년,CONTEXT,rule_fallback,원·달러 환율,-,202504,M,rule_fallback,참고값,15,-,-,N,년,수준값,-,-,[검증 대상 문장] 지난해 12월 1400원대를 뚫은 후 치솟던 원·달러 환율은 지난달 31일 종가 기준 15년 9개월 만에 최고치인 1472.9원을 기록하며 마감하기도 했다.,high,Y,measurement_rule_fallback:2;measurement_period_ungrounded:1,Y,2,0,HCX-007,v1.5-measurement-binding,2026-07-27
A1213-C009,A1213-C009-m4,A1213,‘탄핵 인용’... 원·달러 환율 1436원 선까지 하락,2025-04-04,https://www.chosun.com/economy/economy_general/2025/04/04/MLLAVDJDGJGO7BH3KB3OL5AE4E,지난해 12월 1400원대를 뚫은 후 치솟던 원·달러 환율은 지난달 31일 종가 기준 15년 9개월 만에 최고치인 1472.9원을 기록하며 마감하기도 했다.,지난해 말 비상 계엄 선포 이후 환율 상승의 주요 원인으로 지목된 정치적 불확실성이 다소 걷힌 영향이다.,외환시장의 방파제 역할을 하는 외환보유액은 지난달 4096억6000만 달러로 집계돼 두 달째 4100억 달러 선을 밑돌고 있다.,국내공식통계,N,금융·금리,원·달러 환율,"탄핵 인용, 원·달러 환율, 외환시장, 외환보유액",-,-,-,-,-,-,-,202504,-,M,확정,9개월,CONDITION,rule_fallback,원·달러 환율,-,202504,M,rule_fallback,참고값,9,-,-,N,개월,수준값,-,-,[검증 대상 문장] 지난해 12월 1400원대를 뚫은 후 치솟던 원·달러 환율은 지난달 31일 종가 기준 15년 9개월 만에 최고치인 1472.9원을 기록하며 마감하기도 했다.,high,Y,measurement_rule_fallback:2;measurement_period_ungrounded:1,Y,2,0,HCX-007,v1.5-measurement-binding,2026-07-27
A0538-C011,A0538-C011-m1,A0538,1~10일 일평균 수출액 6.4% 줄어...17개월 만 최대폭 감소,2025-02-11,https://www.chosun.com/economy/economy_general/2025/02/11/3H2PYHOJFBEXLARKGB4QNSQZ2A,무역수지는 22조2900만달러 적자를 기록했다.,"반도체(21.8%)와 기계류(14.7%) 등 수입이 늘었지만, 원유(-19.2%)와 가스(-13.7%) 등 에너지 수입은 크게 줄었다.","기재부 관계자는 “월초는 통상 수출이 적고, 작년 2월 수출이 늘었던 기저효과 등이 작용한 것으로 보인다”면서 “열흘치 데이터로 수출 호조세가 꺾였다고 평가하긴 이르다”고 했다.",국내공식통계,N,무역,무역수지,"무역수지, 적자",-,-,-,-,-,-,-,202502,-,M,확정,22조2900만달러,KOSIS_VALUE,hcx,무역수지,-,-,-,hcx,현재값,22000029000000,-,-,N,달러,수준값,감소,전년동기,무역수지는 22조2900만달러 적자를 기록했다.,high,Y,measurement_period_ungrounded:1,N,0,0,HCX-007,v1.5-measurement-binding,2026-07-27
A2055-C010,-,A2055,계란 한판 4년 만에 7000원 돌파… “8월까진 가격 강세 전망”,2025-06-08,https://www.chosun.com/economy/economy_general/2025/06/08/CCMATT6T4ZDMHHS5BOFAKZ6ZGA,계란 산지 가격 상승하면서 소비자 가격도 오르고 있다.,"여기에 산란계 고령화와 저병원성 조류인플루엔자(AI), 전염성 기관지염(IB), 가금티푸스 등 질병 발생이 겹치면서 가격 상승을 견인했다는 분석이다.","지난달 평균 계란 소비자 가격은 특란 한 판(30개)에 7026원으로, 2021년 7월 이후 4년 만에 7000원을 넘었다.",국내공식통계,N,소매·소비,계란 소비자 가격,"계란, 소비자 가격, 산지 가격 상승",-,-,-,-,-,-,-,2025-06,-,M,확정,-,-,-,-,-,-,-,-,-,-,-,-,-,-,-,-,-,"지난달 평균 계란 소비자 가격은 특란 한 판(30개)에 7026원으로, 2021년 7월 이후 4년 만에 7000원을 넘었다.",high,N,-,N,0,0,HCX-007,v1.5-measurement-binding,2026-07-27
A0724-C005,A0724-C005-m1,A0724,"공정위, ‘알짜’ 공공택지 여동생 회사에 넘긴 대방건설에 과징금",2025-02-25,https://www.chosun.com/economy/economy_general/2025/02/25/6PPCEA6QCBCERB4UVDW2LR3HGM,"오빠 회사에게 6개 공공택지를 넘겨받기 전인 2014년만 해도 공공택지 사업 실적이 1건에 불과했던 대방산업개발의 시공능력 순위는 228위였는데, 10년 만인 지난해 77위로 뛰어올랐다.",구교운 대방건설 회장의 아들(71%)·사위(29%)가 대주주인 대방건설은 이 택지들을 구 회장 딸(50.01%)·며느리(49.99%) 소유의 대방산업개발에 2069억원에 되팔았다.,매출도 10년 전의 4배 이상으로 뛰었다.,개별기업,N,부동산,공공택지 사업 실적 및 시공능력 순위 변화,"공공택지, 대방건설, 대방산업개발, 시공능력 순위",-,-,-,건설업,-,-,-,2024,-,Y,확정,6개,KOSIS_VALUE,hcx,공공택지 수,공공택지,2024,Y,hcx,현재값,6,-,-,N,개,수준값,증가,특정시점,"오빠 회사에게 6개 공공택지를 넘겨받기 전인 2014년만 해도 공공택지 사업 실적이 1건에 불과했던 대방산업개발의 시공능력 순위는 228위였는데, 10년 만인 지난해 77위로 뛰어올랐다.",high,Y,measurement_binding_fallback:1,N,0,1,HCX-007,v1.5-measurement-binding,2026-07-27
A0724-C005,A0724-C005-m2,A0724,"공정위, ‘알짜’ 공공택지 여동생 회사에 넘긴 대방건설에 과징금",2025-02-25,https://www.chosun.com/economy/economy_general/2025/02/25/6PPCEA6QCBCERB4UVDW2LR3HGM,"오빠 회사에게 6개 공공택지를 넘겨받기 전인 2014년만 해도 공공택지 사업 실적이 1건에 불과했던 대방산업개발의 시공능력 순위는 228위였는데, 10년 만인 지난해 77위로 뛰어올랐다.",구교운 대방건설 회장의 아들(71%)·사위(29%)가 대주주인 대방건설은 이 택지들을 구 회장 딸(50.01%)·며느리(49.99%) 소유의 대방산업개발에 2069억원에 되팔았다.,매출도 10년 전의 4배 이상으로 뛰었다.,개별기업,N,부동산,공공택지 사업 실적 및 시공능력 순위 변화,"공공택지, 대방건설, 대방산업개발, 시공능력 순위",-,-,-,건설업,-,-,-,2024,-,Y,확정,1건,KOSIS_VALUE,hcx,공공택지 사업 실적,공공택지,2014,Y,hcx,현재값,1,-,-,N,건,수준값,증가,특정시점,"오빠 회사에게 6개 공공택지를 넘겨받기 전인 2014년만 해도 공공택지 사업 실적이 1건에 불과했던 대방산업개발의 시공능력 순위는 228위였는데, 10년 만인 지난해 77위로 뛰어올랐다.",high,Y,measurement_binding_fallback:1,N,0,1,HCX-007,v1.5-measurement-binding,2026-07-27
A0724-C005,A0724-C005-m3,A0724,"공정위, ‘알짜’ 공공택지 여동생 회사에 넘긴 대방건설에 과징금",2025-02-25,https://www.chosun.com/economy/economy_general/2025/02/25/6PPCEA6QCBCERB4UVDW2LR3HGM,"오빠 회사에게 6개 공공택지를 넘겨받기 전인 2014년만 해도 공공택지 사업 실적이 1건에 불과했던 대방산업개발의 시공능력 순위는 228위였는데, 10년 만인 지난해 77위로 뛰어올랐다.",구교운 대방건설 회장의 아들(71%)·사위(29%)가 대주주인 대방건설은 이 택지들을 구 회장 딸(50.01%)·며느리(49.99%) 소유의 대방산업개발에 2069억원에 되팔았다.,매출도 10년 전의 4배 이상으로 뛰었다.,개별기업,N,부동산,공공택지 사업 실적 및 시공능력 순위 변화,"공공택지, 대방건설, 대방산업개발, 시공능력 순위",-,-,-,건설업,-,-,-,2024,-,Y,확정,228위,KOSIS_VALUE,hcx,시공능력 순위,대방산업개발,2014,Y,hcx,현재값,228,-,-,N,위,순위,증가,특정시점,"오빠 회사에게 6개 공공택지를 넘겨받기 전인 2014년만 해도 공공택지 사업 실적이 1건에 불과했던 대방산업개발의 시공능력 순위는 228위였는데, 10년 만인 지난해 77위로 뛰어올랐다.",high,Y,measurement_binding_fallback:1,N,0,1,HCX-007,v1.5-measurement-binding,2026-07-27
A0724-C005,A0724-C005-m4,A0724,"공정위, ‘알짜’ 공공택지 여동생 회사에 넘긴 대방건설에 과징금",2025-02-25,https://www.chosun.com/economy/economy_general/2025/02/25/6PPCEA6QCBCERB4UVDW2LR3HGM,"오빠 회사에게 6개 공공택지를 넘겨받기 전인 2014년만 해도 공공택지 사업 실적이 1건에 불과했던 대방산업개발의 시공능력 순위는 228위였는데, 10년 만인 지난해 77위로 뛰어올랐다.",구교운 대방건설 회장의 아들(71%)·사위(29%)가 대주주인 대방건설은 이 택지들을 구 회장 딸(50.01%)·며느리(49.99%) 소유의 대방산업개발에 2069억원에 되팔았다.,매출도 10년 전의 4배 이상으로 뛰었다.,개별기업,N,부동산,공공택지 사업 실적 및 시공능력 순위 변화,"공공택지, 대방건설, 대방산업개발, 시공능력 순위",-,-,-,건설업,-,-,-,2024,-,Y,확정,10년,CONTEXT,hcx,기간,건설업,2024,Y,claim_fallback,참고값,10,-,-,N,년,수준값,증가,-,"오빠 회사에게 6개 공공택지를 넘겨받기 전인 2014년만 해도 공공택지 사업 실적이 1건에 불과했던 대방산업개발의 시공능력 순위는 228위였는데, 10년 만인 지난해 77위로 뛰어올랐다.",high,Y,measurement_binding_fallback:1,N,0,1,HCX-007,v1.5-measurement-binding,2026-07-27
A0724-C005,A0724-C005-m5,A0724,"공정위, ‘알짜’ 공공택지 여동생 회사에 넘긴 대방건설에 과징금",2025-02-25,https://www.chosun.com/economy/economy_general/2025/02/25/6PPCEA6QCBCERB4UVDW2LR3HGM,"오빠 회사에게 6개 공공택지를 넘겨받기 전인 2014년만 해도 공공택지 사업 실적이 1건에 불과했던 대방산업개발의 시공능력 순위는 228위였는데, 10년 만인 지난해 77위로 뛰어올랐다.",구교운 대방건설 회장의 아들(71%)·사위(29%)가 대주주인 대방건설은 이 택지들을 구 회장 딸(50.01%)·며느리(49.99%) 소유의 대방산업개발에 2069억원에 되팔았다.,매출도 10년 전의 4배 이상으로 뛰었다.,개별기업,N,부동산,공공택지 사업 실적 및 시공능력 순위 변화,"공공택지, 대방건설, 대방산업개발, 시공능력 순위",-,-,-,건설업,-,-,-,2024,-,Y,확정,77위,KOSIS_VALUE,hcx,시공능력 순위,대방산업개발,2024,Y,hcx,현재값,77,-,-,N,위,순위,증가,특정시점,"오빠 회사에게 6개 공공택지를 넘겨받기 전인 2014년만 해도 공공택지 사업 실적이 1건에 불과했던 대방산업개발의 시공능력 순위는 228위였는데, 10년 만인 지난해 77위로 뛰어올랐다.",high,Y,measurement_binding_fallback:1,N,0,1,HCX-007,v1.5-measurement-binding,2026-07-27
A1320-C011,A1320-C011-m1,A1320,[주간코인시황] 널뛰기 했던 비트코인… “금리인하가 회복 전환점”,2025-04-12,https://www.chosun.com/economy/money/2025/04/12/FSU7PAU5OZ4KJWPBQHL7DREXPI,비앤비(BNB)와 솔라나는일주일 전보다 1.2~2.7% 하락했다.,엑스알피(XRP)는 한때 15% 급등락하며 2달러를 기록했다.,◇ 美 증시보다 변동성 덜했던 가상자산 지난 주 가상자산 시장을 뒤흔든 핵심 변수는 트럼프 대통령의 대중국 관세 인상이었다.,기타,N,금융·금리,암호화폐 가격 변동률,"비트코인, 금리인하, 암호화폐, BNB, 솔라나",-,-,-,-,-,-,-,2025-04-12,-,M,확정,1.2%,KOSIS_VALUE,hcx,BNB 가격 변동률,BNB,-,-,hcx,증감률,1.2,-,-,N,%,증감률,감소,전월,비앤비(BNB)와 솔라나는 일주일 전보다 1.2~2.7% 하락했다.,high,Y,measurement_period_ungrounded:2,N,0,0,HCX-007,v1.5-measurement-binding,2026-07-27
A1320-C011,A1320-C011-m2,A1320,[주간코인시황] 널뛰기 했던 비트코인… “금리인하가 회복 전환점”,2025-04-12,https://www.chosun.com/economy/money/2025/04/12/FSU7PAU5OZ4KJWPBQHL7DREXPI,비앤비(BNB)와 솔라나는일주일 전보다 1.2~2.7% 하락했다.,엑스알피(XRP)는 한때 15% 급등락하며 2달러를 기록했다.,◇ 美 증시보다 변동성 덜했던 가상자산 지난 주 가상자산 시장을 뒤흔든 핵심 변수는 트럼프 대통령의 대중국 관세 인상이었다.,기타,N,금융·금리,암호화폐 가격 변동률,"비트코인, 금리인하, 암호화폐, BNB, 솔라나",-,-,-,-,-,-,-,2025-04-12,-,M,확정,2.7%,KOSIS_VALUE,hcx,솔라나 가격 변동률,솔라나,-,-,hcx,증감률,2.7,-,-,N,%,증감률,감소,전월,비앤비(BNB)와 솔라나는 일주일 전보다 1.2~2.7% 하락했다.,high,Y,measurement_period_ungrounded:2,N,0,0,HCX-007,v1.5-measurement-binding,2026-07-27
A1715-C006,A1715-C006-m1,A1715,美 4월 소비자물가 상승률 2.3%... 4년여 만에 최저,2025-05-13,https://www.chosun.com/economy/economy_general/2025/05/13/J2AKL3ZEOVGBNBRO234LUR7CKA,"가정용 식품 가격이 2% 상승했지만, 에너지 가격이 3.7% 하락해 전반적인 소비자가격을 끌어내렸다.","전월(2.4%)보다 상승폭이 둔화한 것으로, 2021년 2월(1.7%) 이후 4년여만에 가장 낮은 상승률을 기록했다.",변동성이 큰 에너지·식품을 제외한 근원 CPI는 전년 동월 대비 2.8%를 기록해 시장 전망치에 부합했다.,해외통계·정책,Y,물가,소비자물가 상승률,"미국, 소비자물가, 상승률, 에너지 가격, 식품 가격",-,-,-,-,-,-,-,2025-04,-,M,확정,2%,KOSIS_VALUE,hcx,가정용 식품 가격 증감률,식품,-,-,hcx,증감률,2,-,-,N,%,증감률,증가,전월,"가정용 식품 가격이 2% 상승했지만, 에너지 가격이 3.7% 하락해 전반적인 소비자가격을 끌어내렸다.",high,Y,measurement_period_ungrounded:2,N,0,0,HCX-007,v1.5-measurement-binding,2026-07-27
A1715-C006,A1715-C006-m2,A1715,美 4월 소비자물가 상승률 2.3%... 4년여 만에 최저,2025-05-13,https://www.chosun.com/economy/economy_general/2025/05/13/J2AKL3ZEOVGBNBRO234LUR7CKA,"가정용 식품 가격이 2% 상승했지만, 에너지 가격이 3.7% 하락해 전반적인 소비자가격을 끌어내렸다.","전월(2.4%)보다 상승폭이 둔화한 것으로, 2021년 2월(1.7%) 이후 4년여만에 가장 낮은 상승률을 기록했다.",변동성이 큰 에너지·식품을 제외한 근원 CPI는 전년 동월 대비 2.8%를 기록해 시장 전망치에 부합했다.,해외통계·정책,Y,물가,소비자물가 상승률,"미국, 소비자물가, 상승률, 에너지 가격, 식품 가격",-,-,-,-,-,-,-,2025-04,-,M,확정,3.7%,KOSIS_VALUE,hcx,에너지 가격 증감률,에너지,-,-,hcx,증감률,3.7,-,-,N,%,증감률,감소,전월,"가정용 식품 가격이 2% 상승했지만, 에너지 가격이 3.7% 하락해 전반적인 소비자가격을 끌어내렸다.",high,Y,measurement_period_ungrounded:2,N,0,0,HCX-007,v1.5-measurement-binding,2026-07-27
A1322-C016,A1322-C016-m1,A1322,"키움증권, ‘65억원’ 포기한 무료 수수료 이벤트… 뿔난 고객 달랠까",2025-04-12,https://www.chosun.com/economy/money/2025/04/12/VH7IMSSJ74PD6YGKB6ZQQ7JZ7U,그간 키움증권은 국내 주식 개인 투자자 시장점유율 30% 안팎을 유지하며 1위 자리를 지켜왔다.,키움증권이 무료 이벤트를 결정한 가장 큰 이유는 핵심 고객인 개인 투자자 이탈을 막기 위해서다.,하지만 최근 리테일 경쟁이 치열해지면서 활동계좌(최근 6개월간 누적 약정이 0을 초과하는 계좌) 수가 지속해서 줄었다.,개별기업,N,금융·금리,시장점유율,"개인 투자자, 시장점유율, 1위",-,-,-,주식,-,-,-,2025,-,Y,확정,30%,KOSIS_VALUE,hcx,시장점유율,주식,-,-,hcx,현재값,30,-,-,N,%,비중,-,전년,그간 키움증권은 국내 주식 개인 투자자 시장점유율 30% 안팎을 유지하며 1위 자리를 지켜왔다.,high,Y,measurement_period_ungrounded:2,N,0,0,HCX-007,v1.5-measurement-binding,2026-07-27
A1322-C016,A1322-C016-m2,A1322,"키움증권, ‘65억원’ 포기한 무료 수수료 이벤트… 뿔난 고객 달랠까",2025-04-12,https://www.chosun.com/economy/money/2025/04/12/VH7IMSSJ74PD6YGKB6ZQQ7JZ7U,그간 키움증권은 국내 주식 개인 투자자 시장점유율 30% 안팎을 유지하며 1위 자리를 지켜왔다.,키움증권이 무료 이벤트를 결정한 가장 큰 이유는 핵심 고객인 개인 투자자 이탈을 막기 위해서다.,하지만 최근 리테일 경쟁이 치열해지면서 활동계좌(최근 6개월간 누적 약정이 0을 초과하는 계좌) 수가 지속해서 줄었다.,개별기업,N,금융·금리,시장점유율,"개인 투자자, 시장점유율, 1위",-,-,-,주식,-,-,-,2025,-,Y,확정,1위,KOSIS_VALUE,hcx,시장점유율 순위,주식,-,-,hcx,현재값,1,-,-,N,위,순위,-,전년,그간 키움증권은 국내 주식 개인 투자자 시장점유율 30% 안팎을 유지하며 1위 자리를 지켜왔다.,high,Y,measurement_period_ungrounded:2,N,0,0,HCX-007,v1.5-measurement-binding,2026-07-27
A0070-C004,A0070-C004-m1,A0070,대중-대미 수출 격차 21년 만 최소...트럼프 2기 미국 수출 1위 올라서나,2025-01-06,https://www.chosun.com/economy/economy_general/2025/01/06/BXDMXSYJWZDNDOGA5VONBDMCWY,"6일 한국무역협회에 따르면, 지난해 대중 수출액은 1330억2600만달러로 전년 대비 6.6% 늘었다.",반면 미국과는 동맹 강화를 바탕으로 교역이 활발해지면서 대미 투자와 수출이 크게 늘었다.,대미 수출액은 1277억9100만달러로 1년 전보다 10.45% 늘었다.,국내공식통계,Y,무역,수출액,"대중 수출액, 대미 수출액, 수출 증가율",-,-,-,-,-,-,-,2024,-,Y,확정,1330억2600만달러,KOSIS_VALUE,hcx,대중 수출액,-,2024,Y,hcx,현재값,133026000000,-,-,N,달러,수준값,증가,전년,"6일 한국무역협회에 따르면, 지난해 대중 수출액은 1330억2600만달러로 전년 대비 6.6% 늘었다.",high,N,-,N,0,0,HCX-007,v1.5-measurement-binding,2026-07-27
A0070-C004,A0070-C004-m2,A0070,대중-대미 수출 격차 21년 만 최소...트럼프 2기 미국 수출 1위 올라서나,2025-01-06,https://www.chosun.com/economy/economy_general/2025/01/06/BXDMXSYJWZDNDOGA5VONBDMCWY,"6일 한국무역협회에 따르면, 지난해 대중 수출액은 1330억2600만달러로 전년 대비 6.6% 늘었다.",반면 미국과는 동맹 강화를 바탕으로 교역이 활발해지면서 대미 투자와 수출이 크게 늘었다.,대미 수출액은 1277억9100만달러로 1년 전보다 10.45% 늘었다.,국내공식통계,Y,무역,수출액,"대중 수출액, 대미 수출액, 수출 증가율",-,-,-,-,-,-,-,2024,-,Y,확정,6.6%,KOSIS_VALUE,hcx,대중 수출액 증감률,-,2024,Y,hcx,증감률,6.6,-,-,N,%,증감률,증가,전년,"6일 한국무역협회에 따르면, 지난해 대중 수출액은 1330억2600만달러로 전년 대비 6.6% 늘었다.",high,N,-,N,0,0,HCX-007,v1.5-measurement-binding,2026-07-27
A0513-C006,A0513-C006-m1,A0513,美 보편관세 부과땐... 작년 한국 수출액의 1.9% 날아간다,2025-02-09,https://www.chosun.com/economy/industry-company/2025/02/09/Q7MADBZN2RG77FHRLLCOZSLZLA,여기에 다음 달로 유예된 캐나다·멕시코에 대한 25%포인트 관세 부과까지 시행되면 한국 수출은 0.02%(2억2000만달러·3200억원) 줄어들 것으로 봤다.,"보고서에 따르면 중국에 10%포인트 추가 관세를 부과하는 현재 상황이 이어질 경우, 한국 수출은 전년보다 0.1%(4억1000만달러·6000억원) 감소할 것으로 예상됐다.","보고서는 “관세 부과 대상국들의 중간재 수요 감소로 우리나라의 중국, 캐나다, 멕시코 수출은 줄어들지만, 미국 시장에서의 반사 이익으로 미국 수출이 증가해 감소분을 크게 상쇄할 것”이라고 분석했다.",해외통계·정책,N,무역,한국 수출액,"보편관세, 수출액, 관세 부과, 캐나다, 멕시코",-,-,-,-,-,-,-,2025,-,-,확정,25%,POLICY_VALUE,hcx,추가 관세 비율,-,2025,-,claim_fallback,현재값,25,-,-,N,%,수준값,-,-,[검증 대상 문장] 여기에 다음 달로 유예된 캐나다·멕시코에 대한 25%포인트 관세 부과까지 시행되면 한국 수출은 0.02%(2억2000만달러·3200억원) 줄어들 것으로 봤다.,high,Y,measurement_binding_fallback:1;measurement_period_ungrounded:3,N,0,1,HCX-007,v1.5-measurement-binding,2026-07-27
A0513-C006,A0513-C006-m2,A0513,美 보편관세 부과땐... 작년 한국 수출액의 1.9% 날아간다,2025-02-09,https://www.chosun.com/economy/industry-company/2025/02/09/Q7MADBZN2RG77FHRLLCOZSLZLA,여기에 다음 달로 유예된 캐나다·멕시코에 대한 25%포인트 관세 부과까지 시행되면 한국 수출은 0.02%(2억2000만달러·3200억원) 줄어들 것으로 봤다.,"보고서에 따르면 중국에 10%포인트 추가 관세를 부과하는 현재 상황이 이어질 경우, 한국 수출은 전년보다 0.1%(4억1000만달러·6000억원) 감소할 것으로 예상됐다.","보고서는 “관세 부과 대상국들의 중간재 수요 감소로 우리나라의 중국, 캐나다, 멕시코 수출은 줄어들지만, 미국 시장에서의 반사 이익으로 미국 수출이 증가해 감소분을 크게 상쇄할 것”이라고 분석했다.",해외통계·정책,N,무역,한국 수출액,"보편관세, 수출액, 관세 부과, 캐나다, 멕시코",-,-,-,-,-,-,-,2025,-,-,확정,0.02%,KOSIS_VALUE,hcx,수출 감소율,-,-,-,hcx,현재값,0.02,-,-,N,%,증감률,감소,전년,[검증 대상 문장] 여기에 다음 달로 유예된 캐나다·멕시코에 대한 25%포인트 관세 부과까지 시행되면 한국 수출은 0.02%(2억2000만달러·3200억원) 줄어들 것으로 봤다.,high,Y,measurement_binding_fallback:1;measurement_period_ungrounded:3,N,0,1,HCX-007,v1.5-measurement-binding,2026-07-27
A0513-C006,A0513-C006-m3,A0513,美 보편관세 부과땐... 작년 한국 수출액의 1.9% 날아간다,2025-02-09,https://www.chosun.com/economy/industry-company/2025/02/09/Q7MADBZN2RG77FHRLLCOZSLZLA,여기에 다음 달로 유예된 캐나다·멕시코에 대한 25%포인트 관세 부과까지 시행되면 한국 수출은 0.02%(2억2000만달러·3200억원) 줄어들 것으로 봤다.,"보고서에 따르면 중국에 10%포인트 추가 관세를 부과하는 현재 상황이 이어질 경우, 한국 수출은 전년보다 0.1%(4억1000만달러·6000억원) 감소할 것으로 예상됐다.","보고서는 “관세 부과 대상국들의 중간재 수요 감소로 우리나라의 중국, 캐나다, 멕시코 수출은 줄어들지만, 미국 시장에서의 반사 이익으로 미국 수출이 증가해 감소분을 크게 상쇄할 것”이라고 분석했다.",해외통계·정책,N,무역,한국 수출액,"보편관세, 수출액, 관세 부과, 캐나다, 멕시코",-,-,-,-,-,-,-,2025,-,-,확정,2억2000만달러,KOSIS_VALUE,hcx,수출 감소액,-,-,-,hcx,현재값,220000000,-,-,N,달러,수준값,감소,전년,[검증 대상 문장] 여기에 다음 달로 유예된 캐나다·멕시코에 대한 25%포인트 관세 부과까지 시행되면 한국 수출은 0.02%(2억2000만달러·3200억원) 줄어들 것으로 봤다.,high,Y,measurement_binding_fallback:1;measurement_period_ungrounded:3,N,0,1,HCX-007,v1.5-measurement-binding,2026-07-27
A0513-C006,A0513-C006-m4,A0513,美 보편관세 부과땐... 작년 한국 수출액의 1.9% 날아간다,2025-02-09,https://www.chosun.com/economy/industry-company/2025/02/09/Q7MADBZN2RG77FHRLLCOZSLZLA,여기에 다음 달로 유예된 캐나다·멕시코에 대한 25%포인트 관세 부과까지 시행되면 한국 수출은 0.02%(2억2000만달러·3200억원) 줄어들 것으로 봤다.,"보고서에 따르면 중국에 10%포인트 추가 관세를 부과하는 현재 상황이 이어질 경우, 한국 수출은 전년보다 0.1%(4억1000만달러·6000억원) 감소할 것으로 예상됐다.","보고서는 “관세 부과 대상국들의 중간재 수요 감소로 우리나라의 중국, 캐나다, 멕시코 수출은 줄어들지만, 미국 시장에서의 반사 이익으로 미국 수출이 증가해 감소분을 크게 상쇄할 것”이라고 분석했다.",해외통계·정책,N,무역,한국 수출액,"보편관세, 수출액, 관세 부과, 캐나다, 멕시코",-,-,-,-,-,-,-,2025,-,-,확정,3200억원,KOSIS_VALUE,hcx,수출 감소액,-,-,-,hcx,현재값,320000000000,-,-,N,원,수준값,감소,전년,[검증 대상 문장] 여기에 다음 달로 유예된 캐나다·멕시코에 대한 25%포인트 관세 부과까지 시행되면 한국 수출은 0.02%(2억2000만달러·3200억원) 줄어들 것으로 봤다.,high,Y,measurement_binding_fallback:1;measurement_period_ungrounded:3,N,0,1,HCX-007,v1.5-measurement-binding,2026-07-27
A0837-C010,A0837-C010-m1,A0837,1인 年소득 5000만원? 난 왜 체감이 안 될까,2025-03-06,https://www.chosun.com/economy/economy_general/2025/03/06/6NO5N7ES2NFOJIC7KKZF4E3ZHI,"우리나라 1인당 PGDI는 1975년 482달러였는데, 지난 2023년에는 1만9498달러(약 2840만원)로 상승했다.",개인이 벌어들이는 임금과 정부로부터 받는 연금 등에서 세금이나 각종 사회보험료를 뺀 소득을 나타낸다.,"문제는 GNI에서 PGDI가 차지하는 비율이 줄고, 기업과 정부 비율이 늘고 있다는 것이다.",국내공식통계,N,소득·임금,PGDI,"1인당, 소득, PGDI, 달러, 원",-,-,-,-,-,-,-,2023,-,Y,확정,482달러,KOSIS_VALUE,hcx,PGDI,-,1975,Y,hcx,현재값,482,-,-,N,달러,수준값,증가,전년,"우리나라 1인당 PGDI는 1975년 482달러였는데, 지난 2023년에는 1만9498달러(약 2840만원)로 상승했다.",high,N,-,Y,0,0,HCX-007,v1.5-measurement-binding,2026-07-27
A0837-C010,A0837-C010-m2,A0837,1인 年소득 5000만원? 난 왜 체감이 안 될까,2025-03-06,https://www.chosun.com/economy/economy_general/2025/03/06/6NO5N7ES2NFOJIC7KKZF4E3ZHI,"우리나라 1인당 PGDI는 1975년 482달러였는데, 지난 2023년에는 1만9498달러(약 2840만원)로 상승했다.",개인이 벌어들이는 임금과 정부로부터 받는 연금 등에서 세금이나 각종 사회보험료를 뺀 소득을 나타낸다.,"문제는 GNI에서 PGDI가 차지하는 비율이 줄고, 기업과 정부 비율이 늘고 있다는 것이다.",국내공식통계,N,소득·임금,PGDI,"1인당, 소득, PGDI, 달러, 원",-,-,-,-,-,-,-,2023,-,Y,확정,1만9498달러,KOSIS_VALUE,hcx,PGDI,-,2023,Y,hcx,현재값,19498,-,-,N,달러,수준값,증가,전년,"우리나라 1인당 PGDI는 1975년 482달러였는데, 지난 2023년에는 1만9498달러(약 2840만원)로 상승했다.",high,N,-,Y,0,0,HCX-007,v1.5-measurement-binding,2026-07-27
A0837-C010,A0837-C010-m3,A0837,1인 年소득 5000만원? 난 왜 체감이 안 될까,2025-03-06,https://www.chosun.com/economy/economy_general/2025/03/06/6NO5N7ES2NFOJIC7KKZF4E3ZHI,"우리나라 1인당 PGDI는 1975년 482달러였는데, 지난 2023년에는 1만9498달러(약 2840만원)로 상승했다.",개인이 벌어들이는 임금과 정부로부터 받는 연금 등에서 세금이나 각종 사회보험료를 뺀 소득을 나타낸다.,"문제는 GNI에서 PGDI가 차지하는 비율이 줄고, 기업과 정부 비율이 늘고 있다는 것이다.",국내공식통계,N,소득·임금,PGDI,"1인당, 소득, PGDI, 달러, 원",-,-,-,-,-,-,-,2023,-,Y,확정,2840만원,KOSIS_VALUE,hcx,PGDI,-,2023,Y,hcx,현재값,28400000,-,-,Y,원,수준값,증가,전년,"우리나라 1인당 PGDI는 1975년 482달러였는데, 지난 2023년에는 1만9498달러(약 2840만원)로 상승했다.",high,N,-,Y,0,0,HCX-007,v1.5-measurement-binding,2026-07-27
A0024-C002,A0024-C002-m1,A0024,"정부, 작년 세수 부족으로 韓銀서 170조원 빌려 썼다",2025-01-02,https://www.chosun.com/economy/economy_general/2025/01/02/LYWZZSQ6I5AVJDNTRW6KAK6ORY,"1일 더불어민주당 임광현 의원이 한은에서 제출받은 자료에 따르면, 정부는 지난해 한은에서 누적으로 따져 총 173조원을 일시 차입했다.",정부가 지난해 세수 부족으로 한국은행에서 170조원 넘는 돈을 빌려 쓴 것으로 나타났다.,이는 관련 통계를 확인할 수 있는 2011년 이후 역대 최대 규모다.,국내공식통계,N,재정·조세,정부 차입금,"정부, 세수 부족, 한국은행, 차입, 자료",-,-,-,-,-,-,-,2024,-,Y,확정,173조원,KOSIS_VALUE,hcx,정부 차입금,-,2024,Y,hcx,현재값,173000000000000,-,-,N,원,수준값,-,전년,정부가 지난해 세수 부족으로 한국은행에서 누적으로 따져 총 173조원을 일시 차입했다.,high,N,-,N,0,0,HCX-007,v1.5-measurement-binding,2026-07-27
A0894-C018,-,A0894,"韓 노동시장 자유도, 세계 184국 중 100위…美 헤리티지재단 평가",2025-03-10,https://www.chosun.com/economy/industry-company/2025/03/10/REF5AI7YPRFURBHLBBGMZRHLE4,조세 평가는 전년보다 한 단계 낮은 부자유 등급을 받았다.,한국은 이 외에도 조세(59.6점)와 투자·금융(60.0점) 항목에서도 낮은 평가를 받았다.,"헤리티지재단은 “한국의 소득세 및 법인세 최고세율은 각각 49.5%, 27.5%로, 국민부담률(GDP 대비 조세‧사회보장기여금 비중)도 28.9%에 달한다”고 지적했다.",해외통계·정책,N,재정·조세,부자유 등급,-,-,-,-,-,-,-,-,2025,-,Y,확정,-,-,-,-,-,-,-,-,-,-,-,-,-,-,-,-,-,"韓 노동시장 자유도, 세계 184국 중 100위…美 헤리티지재단 평가",high,N,-,Y,0,0,HCX-007,v1.5-measurement-binding,2026-07-27
A0271-C012,A0271-C012-m1,A0271,"美 '보편관세' 일단 보류했지만...""트럼프 임기 초반 추진할 것""",2025-01-21,https://www.chosun.com/economy/economy_general/2025/01/21/OQHZLFXRPVANHDDLF73MIMW4SM,트럼프 대통령 취임을 앞두고 국내 연구기관들은 트럼프 대통령의 관세 정책으로 한국 수출액이 최대 448억 달러(약 62조원) 감소할 수 있다는 전망도 내왔다.,"한국은 대미 수출액이 명목 국내총생산(GDP)의 6.3%를 차지하고, 전체 수출액에서의 비중도 18.3%에 달할 정도로 미국에 대한 의존도가 높기 때문이다.",이 경우 연간 GDP는 최대 0.67% 감소한다.,전망·목표,N,무역,수출액,"미국, 보편관세, 트럼프, 관세 정책, GDP",-,-,-,-,-,-,-,2025,-,Y,확정,448억 달러,KOSIS_VALUE,hcx,수출액,-,-,-,hcx,목표값,44800000000,-,-,N,달러,수준값,감소,특정시점,트럼프 대통령 취임을 앞두고 국내 연구기관들은 트럼프 대통령의 관세 정책으로 한국 수출액이 최대 448억 달러(약 62조원) 감소할 수 있다는 전망도 내왔다.,high,Y,measurement_period_ungrounded:2,N,0,0,HCX-007,v1.5-measurement-binding,2026-07-27
A0271-C012,A0271-C012-m2,A0271,"美 '보편관세' 일단 보류했지만...""트럼프 임기 초반 추진할 것""",2025-01-21,https://www.chosun.com/economy/economy_general/2025/01/21/OQHZLFXRPVANHDDLF73MIMW4SM,트럼프 대통령 취임을 앞두고 국내 연구기관들은 트럼프 대통령의 관세 정책으로 한국 수출액이 최대 448억 달러(약 62조원) 감소할 수 있다는 전망도 내왔다.,"한국은 대미 수출액이 명목 국내총생산(GDP)의 6.3%를 차지하고, 전체 수출액에서의 비중도 18.3%에 달할 정도로 미국에 대한 의존도가 높기 때문이다.",이 경우 연간 GDP는 최대 0.67% 감소한다.,전망·목표,N,무역,수출액,"미국, 보편관세, 트럼프, 관세 정책, GDP",-,-,-,-,-,-,-,2025,-,Y,확정,62조원,KOSIS_VALUE,hcx,수출액,-,-,-,hcx,목표값,62000000000000,-,-,Y,원,수준값,감소,특정시점,트럼프 대통령 취임을 앞두고 국내 연구기관들은 트럼프 대통령의 관세 정책으로 한국 수출액이 최대 448억 달러(약 62조원) 감소할 수 있다는 전망도 내왔다.,high,Y,measurement_period_ungrounded:2,N,0,0,HCX-007,v1.5-measurement-binding,2026-07-27
A1396-C009,A1396-C009-m1,A1396,영세 소상공인에 50만원 공과금 지원...소비 늘리면 온누리상품권 환급도,2025-04-18,https://www.chosun.com/economy/economy_general/2025/04/18/GERAHWTRTNGUHMUTRAC7WA3V3M,소상공인 월평균 영업비용(109만원)의 절반 수준이다.,"약 311만명의 소상공인이 지원 대상으로, 1인당 연간 50만원까지 지원받을 수 있다.",기획재정부 관계자는 “한 달에 전기요금 등으로 30만원을 지원받았으면 그 다음 달에 나머지 20만원만큼 추가로 지원받을 수 있다”고 했다.,개별기업,N,소매·소비,영업비용,"소상공인, 영업비용, 지원",-,-,-,-,소상공인,-,-,202504,-,M,확정,109만원,KOSIS_VALUE,hcx,영업비용,-,-,-,hcx,현재값,1090000,-,-,N,원,수준값,-,전월,소상공인 월평균 영업비용(109만원)의 절반 수준이다.,high,Y,measurement_period_ungrounded:1,N,0,0,HCX-007,v1.5-measurement-binding,2026-07-27
A1922-C001,A1922-C001-m1,A1922,"결혼 늘고 정책 먹혔다... 1분기 합계출산율, 2년 만에 0.8명대 복귀",2025-05-28,https://www.chosun.com/economy/economy_general/2025/05/28/YCG67WTAFRH2JCK555W6H46K7Y,올해 1분기 합계출산율(여성 1명이 평생 낳을 것으로 예상되는 아이 수)이 2년 만에 0.8명대를 기록했다.,-,"코로나 엔데믹(풍토병화) 이후 결혼한 부부가 본격적으로 아이를 낳기 시작한 데다, 신생아 특례 대출 등 정부와 지방자치단체의 각종 출산 장려책도 효과를 거두고 있다는 평가다.",국내공식통계,Y,인구,합계출산율,"결혼, 정책, 1분기, 합계출산율, 여성, 아이 수",-,-,-,-,-,-,-,2025Q1,-,Q,확정,0.8명,KOSIS_VALUE,hcx,합계출산율,-,2025Q1,Q,hcx,현재값,0.8,-,-,N,명,수준값,-,전년동기,올해 1분기 합계출산율(여성 1명이 평생 낳을 것으로 예상되는 아이 수)이 2년 만에 0.8명대를 기록했다.,high,N,-,Y,0,0,HCX-007,v1.5-measurement-binding,2026-07-27
A1922-C001,A1922-C001-m2,A1922,"결혼 늘고 정책 먹혔다... 1분기 합계출산율, 2년 만에 0.8명대 복귀",2025-05-28,https://www.chosun.com/economy/economy_general/2025/05/28/YCG67WTAFRH2JCK555W6H46K7Y,올해 1분기 합계출산율(여성 1명이 평생 낳을 것으로 예상되는 아이 수)이 2년 만에 0.8명대를 기록했다.,-,"코로나 엔데믹(풍토병화) 이후 결혼한 부부가 본격적으로 아이를 낳기 시작한 데다, 신생아 특례 대출 등 정부와 지방자치단체의 각종 출산 장려책도 효과를 거두고 있다는 평가다.",국내공식통계,Y,인구,합계출산율,"결혼, 정책, 1분기, 합계출산율, 여성, 아이 수",-,-,-,-,-,-,-,2025Q1,-,Q,확정,1명,KOSIS_VALUE,hcx,합계출산율,-,2025Q1,Q,hcx,현재값,1,-,-,N,명,수준값,-,전년동기,올해 1분기 합계출산율(여성 1명이 평생 낳을 것으로 예상되는 아이 수)이 2년 만에 0.8명대를 기록했다.,high,N,-,Y,0,0,HCX-007,v1.5-measurement-binding,2026-07-27
A1922-C001,A1922-C001-m3,A1922,"결혼 늘고 정책 먹혔다... 1분기 합계출산율, 2년 만에 0.8명대 복귀",2025-05-28,https://www.chosun.com/economy/economy_general/2025/05/28/YCG67WTAFRH2JCK555W6H46K7Y,올해 1분기 합계출산율(여성 1명이 평생 낳을 것으로 예상되는 아이 수)이 2년 만에 0.8명대를 기록했다.,-,"코로나 엔데믹(풍토병화) 이후 결혼한 부부가 본격적으로 아이를 낳기 시작한 데다, 신생아 특례 대출 등 정부와 지방자치단체의 각종 출산 장려책도 효과를 거두고 있다는 평가다.",국내공식통계,Y,인구,합계출산율,"결혼, 정책, 1분기, 합계출산율, 여성, 아이 수",-,-,-,-,-,-,-,2025Q1,-,Q,확정,2년,CONTEXT,hcx,기간,-,2025Q1,Q,hcx,참고값,2,-,-,N,년,수준값,-,-,올해 1분기 합계출산율(여성 1명이 평생 낳을 것으로 예상되는 아이 수)이 2년 만에 0.8명대를 기록했다.,high,N,-,Y,0,0,HCX-007,v1.5-measurement-binding,2026-07-27
A0839-C017,A0839-C017-m1,A0839,"물가 상승률 두 달 연속 2%대...치솟은 기름값, 물가 끌어 올려",2025-03-06,https://www.chosun.com/economy/economy_general/2025/03/06/IXLFBAQ5RFD7HKWH6T3LQXPQWA,"마찬가지로 지난달 외식 물가는 전년 동월 대비 3% 상승했는데, 지난해 6월(3%) 이후 8개월 만에 최대 상승폭이다.","지난달 가공식품 물가는 전년 동월 대비 2.9% 올랐는데, 지난해 1월(3.2%) 이후 13개월 만에 최대 상승폭이다.","다만 토마토(-19.5%)와 딸기(-6.9%), 바나나(-11.4%) 등 과실류 가격이 떨어지면서 농산물 물가는 전년 동월 대비 1.2% 감소했다.",국내공식통계,Y,물가,외식 물가 상승률,"물가, 상승률, 외식",-,-,-,-,-,-,-,202503,-,M,확정,3%,KOSIS_VALUE,hcx,외식 물가 상승률,-,-,-,hcx,증감률,3,-,-,N,%,증감률,증가,전년동월,"마찬가지로 지난달 외식 물가는 전년 동월 대비 3% 상승했는데, 지난해 6월(3%) 이후 8개월 만에 최대 상승폭이다.",high,Y,measurement_binding_fallback:1;measurement_period_ungrounded:2,N,0,1,HCX-007,v1.5-measurement-binding,2026-07-27
A0839-C017,A0839-C017-m2,A0839,"물가 상승률 두 달 연속 2%대...치솟은 기름값, 물가 끌어 올려",2025-03-06,https://www.chosun.com/economy/economy_general/2025/03/06/IXLFBAQ5RFD7HKWH6T3LQXPQWA,"마찬가지로 지난달 외식 물가는 전년 동월 대비 3% 상승했는데, 지난해 6월(3%) 이후 8개월 만에 최대 상승폭이다.","지난달 가공식품 물가는 전년 동월 대비 2.9% 올랐는데, 지난해 1월(3.2%) 이후 13개월 만에 최대 상승폭이다.","다만 토마토(-19.5%)와 딸기(-6.9%), 바나나(-11.4%) 등 과실류 가격이 떨어지면서 농산물 물가는 전년 동월 대비 1.2% 감소했다.",국내공식통계,Y,물가,외식 물가 상승률,"물가, 상승률, 외식",-,-,-,-,-,-,-,202503,-,M,확정,8개월,CONTEXT,hcx,최대 상승폭 기간,-,202503,M,claim_fallback,참고값,8,-,-,N,개월,수준값,증가,-,"마찬가지로 지난달 외식 물가는 전년 동월 대비 3% 상승했는데, 지난해 6월(3%) 이후 8개월 만에 최대 상승폭이다.",high,Y,measurement_binding_fallback:1;measurement_period_ungrounded:2,N,0,1,HCX-007,v1.5-measurement-binding,2026-07-27
A2295-C001,A2295-C001-m1,A2295,빚의 늪 빠진 저소득 자영업자… 1분기 연체율 12% ’12년만에 최고',2025-06-26,https://www.chosun.com/economy/economy_general/2025/06/26/XMXERK3NLNH2XI5QIICOGSEXSE,최근 경기 둔화 여파로 자영업자들이 어려움을 겪으면서 취약 자영업자 연체율이 12년 만에 최고치를 기록했다.,-,한국은행은 25일 금융안정상황 보고서에서 올해 1분기(1~3월) 말 취약 자영업자의 대출 연체율은 12.24%로 집계됐다고 밝혔다.,국내공식통계,Y,금융·금리,취약 자영업자 연체율,"경기 둔화, 자영업자, 연체율, 최고치",-,-,-,-,-,-,-,2025Q1,-,Q,확정,12년 만에 최고치,CONTEXT,hcx,연체율 역대 최고 시점,-,2025Q1,Q,claim_fallback,참고값,12,-,-,N,년,수준값,-,-,최근 경기 둔화 여파로 자영업자들이 어려움을 겪으면서 취약 자영업자 연체율이 12년 만에 최고치를 기록했다.,high,Y,measurement_binding_fallback:1,N,0,1,HCX-007,v1.5-measurement-binding,2026-07-27
A0163-C008,A0163-C008-m1,A0163,"1월 1~10일 수출, 3.8% 증가…‘15개월 연속’ 수출 호조세 이어갈까",2025-01-13,https://www.chosun.com/economy/economy_general/2025/01/13/E7Q2DRJNOBHZ5DZJGFL5HTRYK4,"같은 기간 수입현황을 보면 전년동기 대비 반도체(26.1%), 가스(15.0%)가 증가했다.","중국(3.4%), 미국(1.4%), 베트남(26.3%)으로의 수출이 증가한 가운데 유럽연합(-2.5%), 일본(-4.2%)은 줄었다.","반면 원유(-4.2%), 석유제품(-6.4%), 기계류(-1.3%)는 줄었다.",국내공식통계,Y,무역,수입증감률,"반도체, 가스",-,-,-,"반도체, 가스",-,-,-,202501010,-,M,확정,26.1%,KOSIS_VALUE,hcx,반도체 수입 증감률,반도체,-,-,hcx,증감률,26.1,-,-,N,%,증감률,증가,전년동기,"같은 기간 수입현황을 보면 전년동기 대비 반도체(26.1%), 가스(15.0%)가 증가했다.",high,Y,measurement_period_ungrounded:2,N,0,0,HCX-007,v1.5-measurement-binding,2026-07-27
A0163-C008,A0163-C008-m2,A0163,"1월 1~10일 수출, 3.8% 증가…‘15개월 연속’ 수출 호조세 이어갈까",2025-01-13,https://www.chosun.com/economy/economy_general/2025/01/13/E7Q2DRJNOBHZ5DZJGFL5HTRYK4,"같은 기간 수입현황을 보면 전년동기 대비 반도체(26.1%), 가스(15.0%)가 증가했다.","중국(3.4%), 미국(1.4%), 베트남(26.3%)으로의 수출이 증가한 가운데 유럽연합(-2.5%), 일본(-4.2%)은 줄었다.","반면 원유(-4.2%), 석유제품(-6.4%), 기계류(-1.3%)는 줄었다.",국내공식통계,Y,무역,수입증감률,"반도체, 가스",-,-,-,"반도체, 가스",-,-,-,202501010,-,M,확정,15.0%,KOSIS_VALUE,hcx,가스 수입 증감률,가스,-,-,hcx,증감률,15,-,-,N,%,증감률,증가,전년동기,"같은 기간 수입현황을 보면 전년동기 대비 반도체(26.1%), 가스(15.0%)가 증가했다.",high,Y,measurement_period_ungrounded:2,N,0,0,HCX-007,v1.5-measurement-binding,2026-07-27
A2637-C008,A2637-C008-m1,A2637,청년고용률 17개월째 '내리막'… 금융위기 후 최장기간 하락,2025-10-19,https://biz.chosun.com/policy/policy_sub/2025/10/19/74YLI5YIDZAHLKBG3KMG7WNB6Y/,건설업 취업자도 8만4000명 줄면서 17개월째 마이너스다.,8월 제조업 취업자는 미국 관세정책 불확실성 등 여파로 6만1000명 줄며 15개월 연속 내리막을 기록했다.,지난달에는 민생회복 소비쿠폰 효과로 취업자 수가 30만명 넘게 늘었지만 주로 단기직에 집중되면서 청년층은 오히려 14만6000명 감소했다.,국내공식통계,Y,고용,건설업 취업자 수,"취업자, 고용, 건설업",-,-,-,건설업,-,-,-,202510,-,M,확정,8만4000명,KOSIS_VALUE,hcx,건설업 취업자 수,건설업,-,-,hcx,현재값,84000,-,-,N,명,수준값,감소,전월,건설업 취업자도 8만4000명 줄면서 17개월째 마이너스다.,high,Y,measurement_binding_fallback:1;measurement_period_ungrounded:1,N,0,1,HCX-007,v1.5-measurement-binding,2026-07-27
A2637-C008,A2637-C008-m2,A2637,청년고용률 17개월째 '내리막'… 금융위기 후 최장기간 하락,2025-10-19,https://biz.chosun.com/policy/policy_sub/2025/10/19/74YLI5YIDZAHLKBG3KMG7WNB6Y/,건설업 취업자도 8만4000명 줄면서 17개월째 마이너스다.,8월 제조업 취업자는 미국 관세정책 불확실성 등 여파로 6만1000명 줄며 15개월 연속 내리막을 기록했다.,지난달에는 민생회복 소비쿠폰 효과로 취업자 수가 30만명 넘게 늘었지만 주로 단기직에 집중되면서 청년층은 오히려 14만6000명 감소했다.,국내공식통계,Y,고용,건설업 취업자 수,"취업자, 고용, 건설업",-,-,-,건설업,-,-,-,202510,-,M,확정,17개월,CONTEXT,hcx,하락 기간,건설업,202510,M,claim_fallback,참고값,17,-,-,N,개월,수준값,-,-,건설업 취업자도 8만4000명 줄면서 17개월째 마이너스다.,high,Y,measurement_binding_fallback:1;measurement_period_ungrounded:1,N,0,1,HCX-007,v1.5-measurement-binding,2026-07-27
A0969-C018,A0969-C018-m1,A0969,지난달 IT 수출액 늘었지만… 對中 반도체 수출은 30% ‘뚝’,2025-03-16,https://www.chosun.com/economy/industry-company/2025/03/16/YTIMRXZ7Z5EUFFJHJSX6EFBY3U,한편 지난달 ICT 수입액은 109억달러로 1년 전보다 5.6% 늘어났다.,"지역별로는 미국(11.5%), 베트남(15.6%), 대만(124.3%), 인도(54.9%) 등에서 ICT 수출이 증가했지만 중국(-19.6%), 유럽연합(-7.6%), 일본(-5.7%) 등에서는 감소했다.","반도체(5.2%), 컴퓨터·주변기기(3.5%), 휴대폰(8.6%) 수입이 늘었고, 최근 국내 기업들의 AI 서버 및 GPU 투자 확대로 중대형 컴퓨터(3.3%)와 멀티미디어카드(41.6%) 수입도 증가했다.",국내공식통계,Y,무역,ICT 수입액,"IT, 수출액, 반도체, ICT, 수입액, 대중국, 수출",-,-,-,-,-,-,-,202503,-,M,확정,109억달러,KOSIS_VALUE,hcx,ICT 수입액,-,-,-,hcx,현재값,10900000000,-,-,N,달러,수준값,-,전년동월,한편 지난달 ICT 수입액은 109억달러로 1년 전보다 5.6% 늘어났다.,high,Y,measurement_binding_fallback:1;measurement_period_ungrounded:3,Y,0,1,HCX-007,v1.5-measurement-binding,2026-07-27
A0969-C018,A0969-C018-m2,A0969,지난달 IT 수출액 늘었지만… 對中 반도체 수출은 30% ‘뚝’,2025-03-16,https://www.chosun.com/economy/industry-company/2025/03/16/YTIMRXZ7Z5EUFFJHJSX6EFBY3U,한편 지난달 ICT 수입액은 109억달러로 1년 전보다 5.6% 늘어났다.,"지역별로는 미국(11.5%), 베트남(15.6%), 대만(124.3%), 인도(54.9%) 등에서 ICT 수출이 증가했지만 중국(-19.6%), 유럽연합(-7.6%), 일본(-5.7%) 등에서는 감소했다.","반도체(5.2%), 컴퓨터·주변기기(3.5%), 휴대폰(8.6%) 수입이 늘었고, 최근 국내 기업들의 AI 서버 및 GPU 투자 확대로 중대형 컴퓨터(3.3%)와 멀티미디어카드(41.6%) 수입도 증가했다.",국내공식통계,Y,무역,ICT 수입액,"IT, 수출액, 반도체, ICT, 수입액, 대중국, 수출",-,-,-,-,-,-,-,202503,-,M,확정,5.6%,KOSIS_VALUE,hcx,ICT 수입액 증감률,-,-,-,hcx,증감률,5.6,-,-,N,%,증감률,증가,전년동월,한편 지난달 ICT 수입액은 109억달러로 1년 전보다 5.6% 늘어났다.,high,Y,measurement_binding_fallback:1;measurement_period_ungrounded:3,Y,0,1,HCX-007,v1.5-measurement-binding,2026-07-27
A0969-C018,A0969-C018-m3,A0969,지난달 IT 수출액 늘었지만… 對中 반도체 수출은 30% ‘뚝’,2025-03-16,https://www.chosun.com/economy/industry-company/2025/03/16/YTIMRXZ7Z5EUFFJHJSX6EFBY3U,한편 지난달 ICT 수입액은 109억달러로 1년 전보다 5.6% 늘어났다.,"지역별로는 미국(11.5%), 베트남(15.6%), 대만(124.3%), 인도(54.9%) 등에서 ICT 수출이 증가했지만 중국(-19.6%), 유럽연합(-7.6%), 일본(-5.7%) 등에서는 감소했다.","반도체(5.2%), 컴퓨터·주변기기(3.5%), 휴대폰(8.6%) 수입이 늘었고, 최근 국내 기업들의 AI 서버 및 GPU 투자 확대로 중대형 컴퓨터(3.3%)와 멀티미디어카드(41.6%) 수입도 증가했다.",국내공식통계,Y,무역,ICT 수입액,"IT, 수출액, 반도체, ICT, 수입액, 대중국, 수출",-,-,-,-,-,-,-,202503,-,M,확정,1년,CONTEXT,hcx,기간,-,202503,M,claim_fallback,참고값,1,-,-,N,년,수준값,-,-,한편 지난달 ICT 수입액은 109억달러로 1년 전보다 5.6% 늘어났다.,high,Y,measurement_binding_fallback:1;measurement_period_ungrounded:3,Y,0,1,HCX-007,v1.5-measurement-binding,2026-07-27
A2051-C017,A2051-C017-m1,A2051,총알 480발·영하 32도 견딘다… 원조 험비 넘은 ‘K험비’,2025-06-07,https://www.chosun.com/economy/industry-company/2025/06/07/YFD4IUSYFNHMVNR2AMAQE67MYE,"K151을 앞세운 기아의 군용차 수출액은 올해 연 1000억원 돌파, 누적 수출 1조원 돌파를 동시에 달성할 전망이다.","글로벌 자동차 기업 기아가 현지 맞춤형으로 만드는 데다가 가성비, 안정적인 부품 공급, 빠른 납기 등 K방산의 강점이 더해진 결과다.",지난달 광주광역시 기아 공장에서 만난 박병석 특수차량연구실장과 최병길 특수글로벌사업실장은 엔지니어로 입사해 30년 넘게 군용차 개발·수출 업무만 맡아왔다.,개별기업,N,무역,군용차 수출액,"기아, 군용차, 수출액, 조원, 억원",-,-,-,자동차,-,-,-,2025,-,Y,확정,1000억원,CONTEXT,hcx,군용차 수출액,자동차,2025,Y,hcx,참고값,100000000000,-,-,N,원,수준값,-,특정시점,"K151을 앞세운 기아의 군용차 수출액은 올해 연 1000억원 돌파, 누적 수출 1조원 돌파를 동시에 달성할 전망이다.",high,N,-,N,0,0,HCX-007,v1.5-measurement-binding,2026-07-27
A2051-C017,A2051-C017-m2,A2051,총알 480발·영하 32도 견딘다… 원조 험비 넘은 ‘K험비’,2025-06-07,https://www.chosun.com/economy/industry-company/2025/06/07/YFD4IUSYFNHMVNR2AMAQE67MYE,"K151을 앞세운 기아의 군용차 수출액은 올해 연 1000억원 돌파, 누적 수출 1조원 돌파를 동시에 달성할 전망이다.","글로벌 자동차 기업 기아가 현지 맞춤형으로 만드는 데다가 가성비, 안정적인 부품 공급, 빠른 납기 등 K방산의 강점이 더해진 결과다.",지난달 광주광역시 기아 공장에서 만난 박병석 특수차량연구실장과 최병길 특수글로벌사업실장은 엔지니어로 입사해 30년 넘게 군용차 개발·수출 업무만 맡아왔다.,개별기업,N,무역,군용차 수출액,"기아, 군용차, 수출액, 조원, 억원",-,-,-,자동차,-,-,-,2025,-,Y,확정,1조원,CONTEXT,hcx,군용차 수출액,자동차,2025,Y,hcx,참고값,1000000000000,-,-,N,원,수준값,-,특정시점,"K151을 앞세운 기아의 군용차 수출액은 올해 연 1000억원 돌파, 누적 수출 1조원 돌파를 동시에 달성할 전망이다.",high,N,-,N,0,0,HCX-007,v1.5-measurement-binding,2026-07-27
A1055-C012,A1055-C012-m1,A1055,"아스트라제네카, 중국에 25억달러 투자...中 리스크 해소 움직임",2025-03-23,https://www.chosun.com/economy/economy_general/2025/03/23/FQXOKZSYJRB7JIJXQCVFIA2KAE,"지난해 아스트라제네카 매출의 12%가 중국에서 나왔고, 중국 내 최대의 매출을 내는 외국 제약사다.",아스트라제네카는 중국과의 관계가 긴밀한 글로벌 빅파마(대형 제약사)로 꼽힌다.,"소리오 CEO 역시 최근 수년간 중국을 자주 방문하며, 중국 사업의 중요성을 피력했다.",개별기업,N,보건·복지,아스트라제네카 매출 비중,"아스트라제네카, 매출, 중국",-,-,-,제약,-,-,-,2024,-,Y,확정,12%,KOSIS_VALUE,hcx,아스트라제네카 매출 비중,제약,2024,Y,hcx,현재값,12,-,-,N,%,비중,-,전년,"지난해 아스트라제네카 매출의 12%가 중국에서 나왔고, 중국 내 최대의 매출을 내는 외국 제약사다.",high,N,-,N,0,0,HCX-007,v1.5-measurement-binding,2026-07-27
A1297-C002,A1297-C002-m1,A1297,"1분기 주식 재산 증가액, 방시혁·이재용·김승연 順",2025-04-10,https://www.chosun.com/economy/industry-company/2025/04/10/7JISI4IDURCLVKVQPNRQRMTCAU,3개월 새 늘어난 금액은 총 5155억원으로 이재용 삼성전자 회장 등 쟁쟁한 4대 그룹 총수를 모두 제치고 깜짝 1위에 올랐다.,올 1분기(1~3월) 주식 평가액이 가장 많이 오른 대기업 총수(總帥)는 방시혁 하이브 이사회 의장인 것으로 나타났다.,방 의장은 지난해 처음 대기업 집단에 입성한 ‘새내기 총수‘다.,개별기업,N,금융·금리,주식 평가액 증가액,"주식, 평가액, 증가액, 방시혁, 이재용, 김승연",-,-,-,-,-,-,-,2025Q1,-,Q,확정,3개월 새 늘어난 금액은 총 5155억원,KOSIS_VALUE,hcx,주식 평가액 증가액,-,-,-,hcx,증감값,515500000000,-,-,N,원,수준값,증가,전분기,[검증 대상 문장] 3개월 새 늘어난 금액은 총 5155억원으로 이재용 삼성전자 회장 등 쟁쟁한 4대 그룹 총수를 모두 제치고 깜짝 1위에 올랐다.,high,Y,measurement_rule_fallback:1;measurement_period_ungrounded:3,Y,1,0,HCX-007,v1.5-measurement-binding,2026-07-27
A1297-C002,A1297-C002-m2,A1297,"1분기 주식 재산 증가액, 방시혁·이재용·김승연 順",2025-04-10,https://www.chosun.com/economy/industry-company/2025/04/10/7JISI4IDURCLVKVQPNRQRMTCAU,3개월 새 늘어난 금액은 총 5155억원으로 이재용 삼성전자 회장 등 쟁쟁한 4대 그룹 총수를 모두 제치고 깜짝 1위에 올랐다.,올 1분기(1~3월) 주식 평가액이 가장 많이 오른 대기업 총수(總帥)는 방시혁 하이브 이사회 의장인 것으로 나타났다.,방 의장은 지난해 처음 대기업 집단에 입성한 ‘새내기 총수‘다.,개별기업,N,금융·금리,주식 평가액 증가액,"주식, 평가액, 증가액, 방시혁, 이재용, 김승연",-,-,-,-,-,-,-,2025Q1,-,Q,확정,4대,KOSIS_VALUE,hcx,그룹 총수 순위,-,-,-,hcx,현재값,4,-,-,N,대,수준값,증가,전분기,[검증 대상 문장] 3개월 새 늘어난 금액은 총 5155억원으로 이재용 삼성전자 회장 등 쟁쟁한 4대 그룹 총수를 모두 제치고 깜짝 1위에 올랐다.,high,Y,measurement_rule_fallback:1;measurement_period_ungrounded:3,Y,1,0,HCX-007,v1.5-measurement-binding,2026-07-27
A1297-C002,A1297-C002-m3,A1297,"1분기 주식 재산 증가액, 방시혁·이재용·김승연 順",2025-04-10,https://www.chosun.com/economy/industry-company/2025/04/10/7JISI4IDURCLVKVQPNRQRMTCAU,3개월 새 늘어난 금액은 총 5155억원으로 이재용 삼성전자 회장 등 쟁쟁한 4대 그룹 총수를 모두 제치고 깜짝 1위에 올랐다.,올 1분기(1~3월) 주식 평가액이 가장 많이 오른 대기업 총수(總帥)는 방시혁 하이브 이사회 의장인 것으로 나타났다.,방 의장은 지난해 처음 대기업 집단에 입성한 ‘새내기 총수‘다.,개별기업,N,금융·금리,주식 평가액 증가액,"주식, 평가액, 증가액, 방시혁, 이재용, 김승연",-,-,-,-,-,-,-,2025Q1,-,Q,확정,1위,KOSIS_VALUE,hcx,순위의 위치,-,-,-,hcx,현재값,1,-,-,N,위,순위,증가,전분기,[검증 대상 문장] 3개월 새 늘어난 금액은 총 5155억원으로 이재용 삼성전자 회장 등 쟁쟁한 4대 그룹 총수를 모두 제치고 깜짝 1위에 올랐다.,high,Y,measurement_rule_fallback:1;measurement_period_ungrounded:3,Y,1,0,HCX-007,v1.5-measurement-binding,2026-07-27
A1297-C002,A1297-C002-m4,A1297,"1분기 주식 재산 증가액, 방시혁·이재용·김승연 順",2025-04-10,https://www.chosun.com/economy/industry-company/2025/04/10/7JISI4IDURCLVKVQPNRQRMTCAU,3개월 새 늘어난 금액은 총 5155억원으로 이재용 삼성전자 회장 등 쟁쟁한 4대 그룹 총수를 모두 제치고 깜짝 1위에 올랐다.,올 1분기(1~3월) 주식 평가액이 가장 많이 오른 대기업 총수(總帥)는 방시혁 하이브 이사회 의장인 것으로 나타났다.,방 의장은 지난해 처음 대기업 집단에 입성한 ‘새내기 총수‘다.,개별기업,N,금융·금리,주식 평가액 증가액,"주식, 평가액, 증가액, 방시혁, 이재용, 김승연",-,-,-,-,-,-,-,2025Q1,-,Q,확정,3개월,CONTEXT,rule_fallback,주식 평가액 증가액,-,2025Q1,Q,rule_fallback,참고값,3,-,-,N,개월,수준값,증가,-,[검증 대상 문장] 3개월 새 늘어난 금액은 총 5155억원으로 이재용 삼성전자 회장 등 쟁쟁한 4대 그룹 총수를 모두 제치고 깜짝 1위에 올랐다.,high,Y,measurement_rule_fallback:1;measurement_period_ungrounded:3,Y,1,0,HCX-007,v1.5-measurement-binding,2026-07-27
A0304-C014,-,A0304,김값은 金값인데 산지 물김은 폭락…3000t 버려졌다,2025-01-24,https://www.chosun.com/economy/economy_general/2025/01/24/2KMYIYIKNZFNTBAH6SIVSRIBAQ,"해양수산부가 지난해 신규 양식을 허가해 양식 면적이 다소 늘어난 데다 작황이 늘어났고, 불법 양식까지 늘어났다.",산지 물김 가격이 떨어진 건 생산량이 급증했기 때문이다.,장기간 보관이 어려운 물김의 생산량이 늘면서 경매에서 유찰돼 폐기되는 물김도 늘고 있다.,국내공식통계,N,무역,-,-,-,-,-,양식,-,-,-,2024,-,Y,확정,-,-,-,-,-,-,-,-,-,-,-,-,-,-,-,-,-,"해양수산부가 지난해 신규 양식을 허가해 양식 면적이 다소 늘어난 데다 작황이 늘어났고, 불법 양식까지 늘어났다.",low,Y,-,N,0,0,HCX-007,v1.5-measurement-binding,2026-07-27
A2191-C003,-,A2191,한국 국가경쟁력 27위 역대 최대 7계단 하락,2025-06-18,https://www.chosun.com/economy/economy_general/2025/06/18/LUOKOI7WHFFYDMQQF6VHIFAXQ4,한국 순위를 집계하기 시작한 1997년 이후 최대 하락 폭이다.,"작년에 20위로 역대 최고 순위를 기록했지만, 올해는 작년보다 7계단이나 내려앉았다.","한국의 산업 동력이 떨어지는 가운데, 미국발 관세 전쟁과 계엄·탄핵 정국의 정치 불안정 등 대내·외 악재들까지 겹친 결과다.",기타,N,기타,국가경쟁력 순위,-,-,-,-,-,-,-,-,2025,-,Y,확정,-,-,-,-,-,-,-,-,-,-,-,-,-,-,-,-,-,한국 순위를 집계하기 시작한 1997년 이후 최대 하락 폭이다.,high,N,-,Y,0,0,HCX-007,v1.5-measurement-binding,2026-07-27
A2604-C003,-,A2604,"올해 쌀 생산, 작년보다 더 줄어… 쌀 값 상승세 계속되나",2025-10-02,https://biz.chosun.com/policy/policy_sub/2025/10/02/VEEJT4Y6QZC47FKCRUA42LWB4Q/,쌀 생산량이 감소한 것은 벼 재배면적이 줄었기 때문이다.,국가데이터처가 2일 발표한 '2025년 쌀 예상생산량조사 결과'에 따르면 올해 쌀 생산량은 357만4000t으로 전년(358만5000t)보다 1만1000t(0.3%) 감소할 것으로 전망됐다.,올해 벼 재배 면적은 67만8000㏊로 전년(69만8000㏊)보다 2만㏊(2.9%) 감소한 것으로 집계됐다.,국내공식통계,Y,생산·산업,쌀 생산량,"쌀 생산량, 벼 재배면적",-,-,-,-,-,-,-,2025,-,Y,확정,-,-,-,-,-,-,-,-,-,-,-,-,-,-,-,-,-,국가데이터처가 2일 발표한 '2025년 쌀 예상생산량조사 결과'에 따르면 올해 쌀 생산량은 357만4000t으로 전년(358만5000t)보다 1만1000t(0.3%) 감소할 것으로 전망됐다.,high,N,-,N,0,0,HCX-007,v1.5-measurement-binding,2026-07-27
A2348-C003,A2348-C003-m1,A2348,올 3분기까지 3개 분기 연속 ‘수출 위축’ 전망… 15개 중 10개 품목이 영향권,2025-06-30,https://www.chosun.com/economy/industry-company/2025/06/30/42YIJRKEWJGYXBKAV3GDYQKB5M,"한국무역협회 국제무역통상연구원이 30일 발표한 ‘2025년 3분기 수출산업경기전망조사(EBSI)’ 보고서에 따르면, 올해 3분기 EBSI는 96.3으로 3개 분기 연속 기준치인 100을 밑돌았다.","미국발 통상 정책의 불확실성이 가중되고 글로벌 경기가 둔화되는 여파로, 15개 품목 중 자동차와 자동차 부품, 가전 등 10개 품목은 수출 전망이 악화할 것이라는 분석이다.",이 숫자가 100보다 낮으면 수출 기업들이 직전 분기보다 경기 전망이 악화할 것으로 예상했다는 뜻이다.,해외통계·정책,Y,무역,EBSI지수,"수출산업경기전망조사,EBSI,국제무역통상연구원",-,-,-,-,-,-,-,2025Q3,-,Q,확정,3개,KOSIS_VALUE,hcx,분기 연속 기준치 미달 횟수,-,2025Q3,Q,hcx,현재값,3,-,-,N,개,수준값,-,전분기,"한국무역협회 국제무역통상연구원이 30일 발표한 ‘2025년 3분기 수출산업경기전망조사(EBSI)’ 보고서에 따르면, 올해 3분기 EBSI는 96.3으로 3개 분기 연속 기준치인 100을 밑돌았다.",high,N,-,Y,0,0,HCX-007,v1.5-measurement-binding,2026-07-27
A1253-C009,A1253-C009-m1,A1253,‘관세 전쟁’ 반영 안 했는데도… 올 한국 성장률 1.4%로 내려,2025-04-07,https://www.chosun.com/economy/economy_general/2025/04/07/VVA56JEZHRGWBM24Z4F4FHUU5E,"앞서 한국은행은 지난 2월 올해 성장률 전망을 기존 1.9%에서 1.5%로 내렸고, 관세 전쟁이 격화하는 경우 1.4% 성장으로 둔화할 것으로 봤다.",미국 은행 웰스파고는 “상호 관세 부과 등으로 올해 한국 경제 성장률이 약 0.5~1.0%포인트 떨어질 것”이라고 봤다.,올 1분기(1~3월) 성장률도 한은이 전망했던 전기 대비 0.2% 성장을 달성하기 어려울 것이라는 평가가 나온다.,국내공식통계,N,재정·조세,경제성장률,"한국, 성장률, 관세전쟁",-,-,-,-,-,-,-,2025,-,Y,확정,1.9%,KOSIS_VALUE,hcx,경제성장률,-,2025,Y,hcx,이전값,1.9,-,-,N,%,수준값,감소,전년,"앞서 한국은행은 지난 2월 올해 성장률 전망을 기존 1.9%에서 1.5%로 내렸고, 관세 전쟁이 격화하는 경우 1.4% 성장으로 둔화할 것으로 봤다.",high,N,-,N,0,0,HCX-007,v1.5-measurement-binding,2026-07-27
A1253-C009,A1253-C009-m2,A1253,‘관세 전쟁’ 반영 안 했는데도… 올 한국 성장률 1.4%로 내려,2025-04-07,https://www.chosun.com/economy/economy_general/2025/04/07/VVA56JEZHRGWBM24Z4F4FHUU5E,"앞서 한국은행은 지난 2월 올해 성장률 전망을 기존 1.9%에서 1.5%로 내렸고, 관세 전쟁이 격화하는 경우 1.4% 성장으로 둔화할 것으로 봤다.",미국 은행 웰스파고는 “상호 관세 부과 등으로 올해 한국 경제 성장률이 약 0.5~1.0%포인트 떨어질 것”이라고 봤다.,올 1분기(1~3월) 성장률도 한은이 전망했던 전기 대비 0.2% 성장을 달성하기 어려울 것이라는 평가가 나온다.,국내공식통계,N,재정·조세,경제성장률,"한국, 성장률, 관세전쟁",-,-,-,-,-,-,-,2025,-,Y,확정,1.5%,KOSIS_VALUE,hcx,경제성장률,-,2025,Y,hcx,현재값,1.5,-,-,N,%,수준값,감소,전년,"앞서 한국은행은 지난 2월 올해 성장률 전망을 기존 1.9%에서 1.5%로 내렸고, 관세 전쟁이 격화하는 경우 1.4% 성장으로 둔화할 것으로 봤다.",high,N,-,N,0,0,HCX-007,v1.5-measurement-binding,2026-07-27
A1253-C009,A1253-C009-m3,A1253,‘관세 전쟁’ 반영 안 했는데도… 올 한국 성장률 1.4%로 내려,2025-04-07,https://www.chosun.com/economy/economy_general/2025/04/07/VVA56JEZHRGWBM24Z4F4FHUU5E,"앞서 한국은행은 지난 2월 올해 성장률 전망을 기존 1.9%에서 1.5%로 내렸고, 관세 전쟁이 격화하는 경우 1.4% 성장으로 둔화할 것으로 봤다.",미국 은행 웰스파고는 “상호 관세 부과 등으로 올해 한국 경제 성장률이 약 0.5~1.0%포인트 떨어질 것”이라고 봤다.,올 1분기(1~3월) 성장률도 한은이 전망했던 전기 대비 0.2% 성장을 달성하기 어려울 것이라는 평가가 나온다.,국내공식통계,N,재정·조세,경제성장률,"한국, 성장률, 관세전쟁",-,-,-,-,-,-,-,2025,-,Y,확정,1.4%,KOSIS_VALUE,hcx,경제성장률,-,2025,Y,hcx,증감률,1.4,-,-,N,%,수준값,감소,전년,"앞서 한국은행은 지난 2월 올해 성장률 전망을 기존 1.9%에서 1.5%로 내렸고, 관세 전쟁이 격화하는 경우 1.4% 성장으로 둔화할 것으로 봤다.",high,N,-,N,0,0,HCX-007,v1.5-measurement-binding,2026-07-27
A1051-C015,A1051-C015-m1,A1051,[증시한담] 다시 늘어난 주식 보유 기간… 사실은 물려서?,2025-03-22,https://www.chosun.com/economy/money/2025/03/22/O5455JDSR7DFZT47VQV3STI7BQ,한국예탁결제원에 따르면 삼성전자 주식 소유자 수는 지난해 말 기준 567만명입니다.,가장 많은 국내 투자자가 보유한 삼성전자가 대표적인 예입니다.,네이버페이 ‘내자산 서비스’와 연동한 삼성전자 투자자 29만명의 평균 매수가는 6만6962원입니다.,국내공식통계,N,금융·금리,주식 소유자 수,"삼성전자, 주식 소유자 수",-,-,-,삼성전자,-,-,-,2024말,-,Y,확정,567만명,KOSIS_VALUE,hcx,주식 소유자 수,삼성전자,2024말,Y,hcx,현재값,5670000,-,-,N,명,수준값,-,전년,한국예탁결제원에 따르면 삼성전자 주식 소유자 수는 지난해 말 기준 567만명입니다.,high,N,-,N,0,0,HCX-007,v1.5-measurement-binding,2026-07-27
A0439-C026,A0439-C026-m1,A0439,日 금리 올려도… ‘정국 혼란 충격’ 원화보다 더 떨어진 엔화,2025-02-03,https://www.chosun.com/economy/economy_general/2025/02/03/VYSTHUNQQNHHNDASV5NEENXIKA,국제통화기금(IMF)이 지난해 10월 추정한 일본의 작년 1인당 GDP(국내총생산)는 3만2859달러다.,"◇국민소득, 한국·대만에 뒤져 엔저는 일본인의 생활을 갉아먹는다.",한국(3만6132달러)이나 대만(3만3234달러)에 뒤진다.,해외통계·정책,N,소득·임금,일본 1인당 GDP,"국제통화기금, GDP, 1인당 GDP",-,-,-,-,-,-,-,2024,-,Y,확정,3만2859달러,KOSIS_VALUE,hcx,일본 1인당 GDP,-,2024,Y,hcx,현재값,32859,-,-,N,달러,수준값,-,전년,국제통화기금(IMF)이 지난해 10월 추정한 일본의 작년 1인당 GDP(국내총생산)는 3만2859달러다.,high,N,-,N,0,0,HCX-007,v1.5-measurement-binding,2026-07-27
A0872-C007,A0872-C007-m1,A0872,"픽업트럭 기아 타스만, 불티나게 팔리는 이유",2025-03-09,https://www.chosun.com/economy/auto/2025/03/09/7KBLGBFYONHXZBMQOMJWKE275U,"한국자동차모빌리티산업협회(KAMA)에 따르면 2019년 국내 완성차 5사의 픽업 판매량은 4만2619대였지만, 2020년 3만8117대, 2021년 2만9567대, 2022년 2만8753대, 2023년 1만7455대, 2024년 1만3475대로 매년 줄고 있다.",자동차 업계에서는 타스만의 인기가 침체했던 국내 픽업 시장 부흥으로 이어질지 관심을 키우고 있다.,전체 승용차 판매에서 차지하는 비율도 2019년 3.3%에서 2024년 1.1%로 3분의 1 수준으로 줄었다.,국내공식통계,Y,소매·소비,픽업 판매량,"완성차, 픽업, 판매량, 국내",-,-,-,완성차,-,-,-,2024,-,Y,확정,5사,CONTEXT,hcx,완성차,완성차,2019,Y,hcx,참고값,5,-,-,N,사,수준값,-,-,"[검증 대상 문장] 한국자동차모빌리티산업협회(KAMA)에 따르면 2019년 국내 완성차 5사의 픽업 판매량은 4만2619대였지만, 2020년 3만8117대, 2021년 2만9567대, 2022년 2만8753대, 2023년 1만7455대, 2024년 1만3475대로 매년 줄고 있다.",high,N,-,Y,0,0,HCX-007,v1.5-measurement-binding,2026-07-27
A0872-C007,A0872-C007-m2,A0872,"픽업트럭 기아 타스만, 불티나게 팔리는 이유",2025-03-09,https://www.chosun.com/economy/auto/2025/03/09/7KBLGBFYONHXZBMQOMJWKE275U,"한국자동차모빌리티산업협회(KAMA)에 따르면 2019년 국내 완성차 5사의 픽업 판매량은 4만2619대였지만, 2020년 3만8117대, 2021년 2만9567대, 2022년 2만8753대, 2023년 1만7455대, 2024년 1만3475대로 매년 줄고 있다.",자동차 업계에서는 타스만의 인기가 침체했던 국내 픽업 시장 부흥으로 이어질지 관심을 키우고 있다.,전체 승용차 판매에서 차지하는 비율도 2019년 3.3%에서 2024년 1.1%로 3분의 1 수준으로 줄었다.,국내공식통계,Y,소매·소비,픽업 판매량,"완성차, 픽업, 판매량, 국내",-,-,-,완성차,-,-,-,2024,-,Y,확정,4만2619대,KOSIS_VALUE,hcx,픽업 판매량,완성차,2019,Y,hcx,현재값,42619,-,-,N,대,수준값,-,전년,"[검증 대상 문장] 한국자동차모빌리티산업협회(KAMA)에 따르면 2019년 국내 완성차 5사의 픽업 판매량은 4만2619대였지만, 2020년 3만8117대, 2021년 2만9567대, 2022년 2만8753대, 2023년 1만7455대, 2024년 1만3475대로 매년 줄고 있다.",high,N,-,Y,0,0,HCX-007,v1.5-measurement-binding,2026-07-27
A0872-C007,A0872-C007-m3,A0872,"픽업트럭 기아 타스만, 불티나게 팔리는 이유",2025-03-09,https://www.chosun.com/economy/auto/2025/03/09/7KBLGBFYONHXZBMQOMJWKE275U,"한국자동차모빌리티산업협회(KAMA)에 따르면 2019년 국내 완성차 5사의 픽업 판매량은 4만2619대였지만, 2020년 3만8117대, 2021년 2만9567대, 2022년 2만8753대, 2023년 1만7455대, 2024년 1만3475대로 매년 줄고 있다.",자동차 업계에서는 타스만의 인기가 침체했던 국내 픽업 시장 부흥으로 이어질지 관심을 키우고 있다.,전체 승용차 판매에서 차지하는 비율도 2019년 3.3%에서 2024년 1.1%로 3분의 1 수준으로 줄었다.,국내공식통계,Y,소매·소비,픽업 판매량,"완성차, 픽업, 판매량, 국내",-,-,-,완성차,-,-,-,2024,-,Y,확정,3만8117대,KOSIS_VALUE,hcx,픽업 판매량,완성차,2020,Y,hcx,현재값,38117,-,-,N,대,수준값,-,전년,"[검증 대상 문장] 한국자동차모빌리티산업협회(KAMA)에 따르면 2019년 국내 완성차 5사의 픽업 판매량은 4만2619대였지만, 2020년 3만8117대, 2021년 2만9567대, 2022년 2만8753대, 2023년 1만7455대, 2024년 1만3475대로 매년 줄고 있다.",high,N,-,Y,0,0,HCX-007,v1.5-measurement-binding,2026-07-27
A0872-C007,A0872-C007-m4,A0872,"픽업트럭 기아 타스만, 불티나게 팔리는 이유",2025-03-09,https://www.chosun.com/economy/auto/2025/03/09/7KBLGBFYONHXZBMQOMJWKE275U,"한국자동차모빌리티산업협회(KAMA)에 따르면 2019년 국내 완성차 5사의 픽업 판매량은 4만2619대였지만, 2020년 3만8117대, 2021년 2만9567대, 2022년 2만8753대, 2023년 1만7455대, 2024년 1만3475대로 매년 줄고 있다.",자동차 업계에서는 타스만의 인기가 침체했던 국내 픽업 시장 부흥으로 이어질지 관심을 키우고 있다.,전체 승용차 판매에서 차지하는 비율도 2019년 3.3%에서 2024년 1.1%로 3분의 1 수준으로 줄었다.,국내공식통계,Y,소매·소비,픽업 판매량,"완성차, 픽업, 판매량, 국내",-,-,-,완성차,-,-,-,2024,-,Y,확정,2만9567대,KOSIS_VALUE,hcx,픽업 판매량,완성차,2021,Y,hcx,현재값,29567,-,-,N,대,수준값,-,전년,"[검증 대상 문장] 한국자동차모빌리티산업협회(KAMA)에 따르면 2019년 국내 완성차 5사의 픽업 판매량은 4만2619대였지만, 2020년 3만8117대, 2021년 2만9567대, 2022년 2만8753대, 2023년 1만7455대, 2024년 1만3475대로 매년 줄고 있다.",high,N,-,Y,0,0,HCX-007,v1.5-measurement-binding,2026-07-27
A0872-C007,A0872-C007-m5,A0872,"픽업트럭 기아 타스만, 불티나게 팔리는 이유",2025-03-09,https://www.chosun.com/economy/auto/2025/03/09/7KBLGBFYONHXZBMQOMJWKE275U,"한국자동차모빌리티산업협회(KAMA)에 따르면 2019년 국내 완성차 5사의 픽업 판매량은 4만2619대였지만, 2020년 3만8117대, 2021년 2만9567대, 2022년 2만8753대, 2023년 1만7455대, 2024년 1만3475대로 매년 줄고 있다.",자동차 업계에서는 타스만의 인기가 침체했던 국내 픽업 시장 부흥으로 이어질지 관심을 키우고 있다.,전체 승용차 판매에서 차지하는 비율도 2019년 3.3%에서 2024년 1.1%로 3분의 1 수준으로 줄었다.,국내공식통계,Y,소매·소비,픽업 판매량,"완성차, 픽업, 판매량, 국내",-,-,-,완성차,-,-,-,2024,-,Y,확정,2만8753대,KOSIS_VALUE,hcx,픽업 판매량,완성차,2022,Y,hcx,현재값,28753,-,-,N,대,수준값,-,전년,"[검증 대상 문장] 한국자동차모빌리티산업협회(KAMA)에 따르면 2019년 국내 완성차 5사의 픽업 판매량은 4만2619대였지만, 2020년 3만8117대, 2021년 2만9567대, 2022년 2만8753대, 2023년 1만7455대, 2024년 1만3475대로 매년 줄고 있다.",high,N,-,Y,0,0,HCX-007,v1.5-measurement-binding,2026-07-27
A0872-C007,A0872-C007-m6,A0872,"픽업트럭 기아 타스만, 불티나게 팔리는 이유",2025-03-09,https://www.chosun.com/economy/auto/2025/03/09/7KBLGBFYONHXZBMQOMJWKE275U,"한국자동차모빌리티산업협회(KAMA)에 따르면 2019년 국내 완성차 5사의 픽업 판매량은 4만2619대였지만, 2020년 3만8117대, 2021년 2만9567대, 2022년 2만8753대, 2023년 1만7455대, 2024년 1만3475대로 매년 줄고 있다.",자동차 업계에서는 타스만의 인기가 침체했던 국내 픽업 시장 부흥으로 이어질지 관심을 키우고 있다.,전체 승용차 판매에서 차지하는 비율도 2019년 3.3%에서 2024년 1.1%로 3분의 1 수준으로 줄었다.,국내공식통계,Y,소매·소비,픽업 판매량,"완성차, 픽업, 판매량, 국내",-,-,-,완성차,-,-,-,2024,-,Y,확정,1만7455대,KOSIS_VALUE,hcx,픽업 판매량,완성차,2023,Y,hcx,현재값,17455,-,-,N,대,수준값,-,전년,"[검증 대상 문장] 한국자동차모빌리티산업협회(KAMA)에 따르면 2019년 국내 완성차 5사의 픽업 판매량은 4만2619대였지만, 2020년 3만8117대, 2021년 2만9567대, 2022년 2만8753대, 2023년 1만7455대, 2024년 1만3475대로 매년 줄고 있다.",high,N,-,Y,0,0,HCX-007,v1.5-measurement-binding,2026-07-27
A0872-C007,A0872-C007-m7,A0872,"픽업트럭 기아 타스만, 불티나게 팔리는 이유",2025-03-09,https://www.chosun.com/economy/auto/2025/03/09/7KBLGBFYONHXZBMQOMJWKE275U,"한국자동차모빌리티산업협회(KAMA)에 따르면 2019년 국내 완성차 5사의 픽업 판매량은 4만2619대였지만, 2020년 3만8117대, 2021년 2만9567대, 2022년 2만8753대, 2023년 1만7455대, 2024년 1만3475대로 매년 줄고 있다.",자동차 업계에서는 타스만의 인기가 침체했던 국내 픽업 시장 부흥으로 이어질지 관심을 키우고 있다.,전체 승용차 판매에서 차지하는 비율도 2019년 3.3%에서 2024년 1.1%로 3분의 1 수준으로 줄었다.,국내공식통계,Y,소매·소비,픽업 판매량,"완성차, 픽업, 판매량, 국내",-,-,-,완성차,-,-,-,2024,-,Y,확정,1만3475대,KOSIS_VALUE,hcx,픽업 판매량,완성차,2024,Y,hcx,현재값,13475,-,-,N,대,수준값,-,전년,"[검증 대상 문장] 한국자동차모빌리티산업협회(KAMA)에 따르면 2019년 국내 완성차 5사의 픽업 판매량은 4만2619대였지만, 2020년 3만8117대, 2021년 2만9567대, 2022년 2만8753대, 2023년 1만7455대, 2024년 1만3475대로 매년 줄고 있다.",high,N,-,Y,0,0,HCX-007,v1.5-measurement-binding,2026-07-27
A2489-C008,A2489-C008-m1,A2489,7월 1~10일 수출 전년 동기 대비 9.5% 증가..반도체 12.8% 증가,2025-07-11,https://www.chosun.com/economy/economy_general/2025/07/11/KWBDNQWXBRDVVPA3PXT4EP3AHQ,1~10일 반도체 수출액은 전년 동기 대비 12.8% 증가한 38억2800만달러로 집계됐다.,반도체와 자동차 등 수출 주력 품목이 수출 증가세를 이끌었다.,반도체 수출 비율은 19.7%로 지난해 같은 기간보다 0.6%포인트 상승했다.,국내공식통계,Y,무역,수출액,"수출, 반도체, 증가",-,-,-,반도체,-,-,-,202507010,-,M,확정,12.8%,KOSIS_VALUE,hcx,수출액,반도체,-,-,hcx,증감률,12.8,-,-,N,%,증감률,증가,전년동기,[검증 대상 문장] 1~10일 반도체 수출액은 전년 동기 대비 12.8% 증가한 38억2800만달러로 집계됐다.,high,Y,measurement_period_ungrounded:2,N,0,0,HCX-007,v1.5-measurement-binding,2026-07-27
A2489-C008,A2489-C008-m2,A2489,7월 1~10일 수출 전년 동기 대비 9.5% 증가..반도체 12.8% 증가,2025-07-11,https://www.chosun.com/economy/economy_general/2025/07/11/KWBDNQWXBRDVVPA3PXT4EP3AHQ,1~10일 반도체 수출액은 전년 동기 대비 12.8% 증가한 38억2800만달러로 집계됐다.,반도체와 자동차 등 수출 주력 품목이 수출 증가세를 이끌었다.,반도체 수출 비율은 19.7%로 지난해 같은 기간보다 0.6%포인트 상승했다.,국내공식통계,Y,무역,수출액,"수출, 반도체, 증가",-,-,-,반도체,-,-,-,202507010,-,M,확정,38억2800만달러,KOSIS_VALUE,hcx,수출액,반도체,-,-,hcx,현재값,3828000000,-,-,N,달러,수준값,증가,전년동기,[검증 대상 문장] 1~10일 반도체 수출액은 전년 동기 대비 12.8% 증가한 38억2800만달러로 집계됐다.,high,Y,measurement_period_ungrounded:2,N,0,0,HCX-007,v1.5-measurement-binding,2026-07-27
A0587-C015,A0587-C015-m1,A0587,"고용·물가·저성장 3대 악재에, 수출 효자 반도체 비상까지",2025-02-15,https://www.chosun.com/economy/economy_general/2025/02/15/246PHXLEYJAYHEXIH47DMU6MTI,14일 통계청은 지난달 취업자 수가 3만5000명 늘어났다고 밝혔다.,국내 일자리 사정은 나빠지고 있다.,"작년 12월 취업자가 코로나가 한창이던 2021년 2월 47만3000명 줄어든 이후 3년 10개월 만에 5만2000명이 줄어든 것에선 회복됐지만, 속을 들여다보면 청년과 건설업 일자리 등을 중심으로 ‘고용 쇼크’ 수준의 충격이 이어지고 있다.",국내공식통계,Y,고용,취업자 수,취업자 수; 고용; 통계청,-,-,-,-,-,-,-,2025-01,-,M,확정,3만5000명,KOSIS_VALUE,hcx,취업자 수,-,-,-,hcx,현재값,35000,-,-,N,명,수준값,유지,전년동월,14일 통계청은 지난달 취업자 수가 3만5000명 늘어났다고 밝혔다.,high,Y,measurement_period_ungrounded:1,N,0,0,HCX-007,v1.5-measurement-binding,2026-07-27
A1356-C021,A1356-C021-m1,A1356,"3040은 생활비, 60대 이상은 팬클럽 활동에 ‘모임 통장’ 쓴다",2025-04-15,https://www.chosun.com/economy/economy_general/2025/04/15/KNSLCZWTCZCXDIAF2VXAAVSXKM,모임 통장 이용자 중 1.5%(2020년)에 불과했던 60대 이상 비율은 작년 말 6.9%로 4년 만에 4.6배로 뛰었다.,카카오뱅크 관계자는 “가수 임영웅 신드롬을 타고 중장년층에 형성된 팬덤 문화 덕에 최근 60대 이상 모임 통장 가입자가 늘었다”고 했다.,이 연령대의 10%는 모임 통장 개설 목적이 ‘팬 모임’이라고 밝혔다.,국내공식통계,N,소매·소비,모임 통장 이용자 비율,"모임 통장, 60대 이상, 비중, 배수",-,60대 이상,-,-,-,-,-,2024,-,Y,확정,6.9%,KOSIS_VALUE,hcx,모임 통장 이용자 비율,60대 이상,2024,Y,hcx,현재값,6.9,-,-,N,%,비중,-,전년,[검증 대상 문장] 모임 통장 이용자 중 1.5%(2020년)에 불과했던 60대 이상 비율은 작년 말 6.9%로 4년 만에 4.6배로 뛰었다.,high,Y,measurement_rule_fallback:2,Y,2,0,HCX-007,v1.5-measurement-binding,2026-07-27
A1356-C021,A1356-C021-m2,A1356,"3040은 생활비, 60대 이상은 팬클럽 활동에 ‘모임 통장’ 쓴다",2025-04-15,https://www.chosun.com/economy/economy_general/2025/04/15/KNSLCZWTCZCXDIAF2VXAAVSXKM,모임 통장 이용자 중 1.5%(2020년)에 불과했던 60대 이상 비율은 작년 말 6.9%로 4년 만에 4.6배로 뛰었다.,카카오뱅크 관계자는 “가수 임영웅 신드롬을 타고 중장년층에 형성된 팬덤 문화 덕에 최근 60대 이상 모임 통장 가입자가 늘었다”고 했다.,이 연령대의 10%는 모임 통장 개설 목적이 ‘팬 모임’이라고 밝혔다.,국내공식통계,N,소매·소비,모임 통장 이용자 비율,"모임 통장, 60대 이상, 비중, 배수",-,60대 이상,-,-,-,-,-,2024,-,Y,확정,1.5%,KOSIS_VALUE,hcx,모임 통장 이용자 비율,60대 이상,2020,Y,hcx,이전값,1.5,-,-,N,%,비중,-,전년,[검증 대상 문장] 모임 통장 이용자 중 1.5%(2020년)에 불과했던 60대 이상 비율은 작년 말 6.9%로 4년 만에 4.6배로 뛰었다.,high,Y,measurement_rule_fallback:2,Y,2,0,HCX-007,v1.5-measurement-binding,2026-07-27
A1356-C021,A1356-C021-m3,A1356,"3040은 생활비, 60대 이상은 팬클럽 활동에 ‘모임 통장’ 쓴다",2025-04-15,https://www.chosun.com/economy/economy_general/2025/04/15/KNSLCZWTCZCXDIAF2VXAAVSXKM,모임 통장 이용자 중 1.5%(2020년)에 불과했던 60대 이상 비율은 작년 말 6.9%로 4년 만에 4.6배로 뛰었다.,카카오뱅크 관계자는 “가수 임영웅 신드롬을 타고 중장년층에 형성된 팬덤 문화 덕에 최근 60대 이상 모임 통장 가입자가 늘었다”고 했다.,이 연령대의 10%는 모임 통장 개설 목적이 ‘팬 모임’이라고 밝혔다.,국내공식통계,N,소매·소비,모임 통장 이용자 비율,"모임 통장, 60대 이상, 비중, 배수",-,60대 이상,-,-,-,-,-,2024,-,Y,확정,4.6배,KOSIS_VALUE,hcx,모임 통장 이용자 비율 증가,60대 이상,2024,Y,hcx,증감률,4.6,-,-,N,배,수준값,증가,전년,[검증 대상 문장] 모임 통장 이용자 중 1.5%(2020년)에 불과했던 60대 이상 비율은 작년 말 6.9%로 4년 만에 4.6배로 뛰었다.,high,Y,measurement_rule_fallback:2,Y,2,0,HCX-007,v1.5-measurement-binding,2026-07-27
A1356-C021,A1356-C021-m4,A1356,"3040은 생활비, 60대 이상은 팬클럽 활동에 ‘모임 통장’ 쓴다",2025-04-15,https://www.chosun.com/economy/economy_general/2025/04/15/KNSLCZWTCZCXDIAF2VXAAVSXKM,모임 통장 이용자 중 1.5%(2020년)에 불과했던 60대 이상 비율은 작년 말 6.9%로 4년 만에 4.6배로 뛰었다.,카카오뱅크 관계자는 “가수 임영웅 신드롬을 타고 중장년층에 형성된 팬덤 문화 덕에 최근 60대 이상 모임 통장 가입자가 늘었다”고 했다.,이 연령대의 10%는 모임 통장 개설 목적이 ‘팬 모임’이라고 밝혔다.,국내공식통계,N,소매·소비,모임 통장 이용자 비율,"모임 통장, 60대 이상, 비중, 배수",-,60대 이상,-,-,-,-,-,2024,-,Y,확정,60대,CONDITION,rule_fallback,모임 통장 이용자 비율,-,2024,Y,rule_fallback,참고값,60,-,-,N,대,수준값,-,-,[검증 대상 문장] 모임 통장 이용자 중 1.5%(2020년)에 불과했던 60대 이상 비율은 작년 말 6.9%로 4년 만에 4.6배로 뛰었다.,high,Y,measurement_rule_fallback:2,Y,2,0,HCX-007,v1.5-measurement-binding,2026-07-27
A1356-C021,A1356-C021-m5,A1356,"3040은 생활비, 60대 이상은 팬클럽 활동에 ‘모임 통장’ 쓴다",2025-04-15,https://www.chosun.com/economy/economy_general/2025/04/15/KNSLCZWTCZCXDIAF2VXAAVSXKM,모임 통장 이용자 중 1.5%(2020년)에 불과했던 60대 이상 비율은 작년 말 6.9%로 4년 만에 4.6배로 뛰었다.,카카오뱅크 관계자는 “가수 임영웅 신드롬을 타고 중장년층에 형성된 팬덤 문화 덕에 최근 60대 이상 모임 통장 가입자가 늘었다”고 했다.,이 연령대의 10%는 모임 통장 개설 목적이 ‘팬 모임’이라고 밝혔다.,국내공식통계,N,소매·소비,모임 통장 이용자 비율,"모임 통장, 60대 이상, 비중, 배수",-,60대 이상,-,-,-,-,-,2024,-,Y,확정,4년,CONTEXT,rule_fallback,모임 통장 이용자 비율,-,2024,Y,rule_fallback,참고값,4,-,-,N,년,수준값,-,-,[검증 대상 문장] 모임 통장 이용자 중 1.5%(2020년)에 불과했던 60대 이상 비율은 작년 말 6.9%로 4년 만에 4.6배로 뛰었다.,high,Y,measurement_rule_fallback:2,Y,2,0,HCX-007,v1.5-measurement-binding,2026-07-27
A1238-C010,A1238-C010-m1,A1238,"中, 희토류 7종 美 수출 통제... 트럼프 54% 관세에 맞불",2025-04-06,https://www.chosun.com/economy/industry-company/2025/04/06/YERPZ2WNTVAP5FWQIJGLWBNEIQ,미국 지질조사국(USGS) 자료에 따르면 2019∼2022년 미국이 수입한 희토류의 약 4분의 3이 중국산이었다.,로이터에 따르면 미국에 운영 중인 희토류 광산은 단 한 곳이다.,"한편, 2023년 이후 중국 당국의 주요 광물에 대한 수출 통제 조치는 앞서 5차례 이뤄졌다.",해외통계·정책,N,무역,희토류 수입 비율,"미국, 중국, 희토류, 수출 통제",-,-,-,-,-,중국,미국,2019~2022,-,-,확정,약 4분의 3,KOSIS_VALUE,hcx,희토류 수입 비율,-,2022,Y,hcx,현재값,0.75,-,-,Y,%,비중,-,-,미국 지질조사국(USGS) 자료에 따르면 2019∼2022년 미국이 수입한 희토류의 약 4분의 3이 중국산이었다.,high,N,-,N,0,0,HCX-007,v1.5-measurement-binding,2026-07-27
A0312-C031,A0312-C031-m1,A0312,“對美 수출 50%가 美 제조업 부흥·MAGA 위한 것”,2025-01-24,https://www.chosun.com/economy/industry-company/2025/01/24/B2VTXBPKAJCRBN2E3LVAVYALP4,"한국무역협회 분석에 따르면, 한국의 대미 수출 가운데 관계사 간 거래 비율은 2015년 이후 꾸준히 60% 안팎을 기록하고 있고 지난해에도 58%를 차지했다.",대미 수출에서 ‘관계사 간 거래’ 비율이 높다는 것도 이 같은 투자의 영향으로 해석된다.,"미 관세법에 따르면, 한 기업이 다른 기업의 지분율 5% 이상을 보유하고 있는 경우 관계사에 해당한다.",해외통계·정책,Y,무역,관계사 간 거래 비율,"한국무역협회, 대미 수출, 관계사 간 거래 비율",-,-,-,-,-,한국,미국,2024,-,Y,확정,60%,KOSIS_VALUE,hcx,관계사 간 거래 비율,-,2015,Y,hcx,현재값,60,-,-,N,%,비중,-,전년,"한국무역협회 분석에 따르면, 한국의 대미 수출 가운데 관계사 간 거래 비율은 2015년 이후 꾸준히 60% 안팎을 기록하고 있고 지난해에도 58%를 차지했다.",high,N,-,N,0,0,HCX-007,v1.5-measurement-binding,2026-07-27
A0312-C031,A0312-C031-m2,A0312,“對美 수출 50%가 美 제조업 부흥·MAGA 위한 것”,2025-01-24,https://www.chosun.com/economy/industry-company/2025/01/24/B2VTXBPKAJCRBN2E3LVAVYALP4,"한국무역협회 분석에 따르면, 한국의 대미 수출 가운데 관계사 간 거래 비율은 2015년 이후 꾸준히 60% 안팎을 기록하고 있고 지난해에도 58%를 차지했다.",대미 수출에서 ‘관계사 간 거래’ 비율이 높다는 것도 이 같은 투자의 영향으로 해석된다.,"미 관세법에 따르면, 한 기업이 다른 기업의 지분율 5% 이상을 보유하고 있는 경우 관계사에 해당한다.",해외통계·정책,Y,무역,관계사 간 거래 비율,"한국무역협회, 대미 수출, 관계사 간 거래 비율",-,-,-,-,-,한국,미국,2024,-,Y,확정,58%,KOSIS_VALUE,hcx,관계사 간 거래 비율,-,2024,Y,hcx,현재값,58,-,-,N,%,비중,-,전년,"한국무역협회 분석에 따르면, 한국의 대미 수출 가운데 관계사 간 거래 비율은 2015년 이후 꾸준히 60% 안팎을 기록하고 있고 지난해에도 58%를 차지했다.",high,N,-,N,0,0,HCX-007,v1.5-measurement-binding,2026-07-27
A2134-C012,A2134-C012-m1,A2134,이스라엘-이란 확전…뉴욕증시 하락·유가 급등,2025-06-14,https://www.chosun.com/economy/economy_general/2025/06/14/DIIOST2LYRFCNCOKVYNPNKOC4I,이날 국제 유가는 7% 급등하며 3년 만에 큰 폭으로 올랐다.,"반면, 델타항공(-3.76%), 유나이티드항공(-4.43%) 등 항공사 주가는 유가 상승 부담과 승객 감소 우려에 하락했다.","서부텍사스산원유(WTI)는 전날 대비 7.3%오른 배럴당 72.98달러, 브렌트유는 7% 오른 74.23달러에 마감했다.",해외통계·정책,N,에너지·환경,국제 유가 변동률,"이스라엘, 이란, 국제 유가, 뉴욕증시, WTI, 브렌트유",-,-,-,-,-,-,-,202506,-,M,확정,7%,KOSIS_VALUE,hcx,국제 유가 변동률,-,-,-,hcx,증감률,7,-,-,N,%,증감률,증가,전월,이날 국제 유가는 7% 급등하며 3년 만에 큰 폭으로 올랐다.,high,Y,measurement_binding_fallback:1;measurement_period_ungrounded:2,N,0,1,HCX-007,v1.5-measurement-binding,2026-07-27
A2134-C012,A2134-C012-m2,A2134,이스라엘-이란 확전…뉴욕증시 하락·유가 급등,2025-06-14,https://www.chosun.com/economy/economy_general/2025/06/14/DIIOST2LYRFCNCOKVYNPNKOC4I,이날 국제 유가는 7% 급등하며 3년 만에 큰 폭으로 올랐다.,"반면, 델타항공(-3.76%), 유나이티드항공(-4.43%) 등 항공사 주가는 유가 상승 부담과 승객 감소 우려에 하락했다.","서부텍사스산원유(WTI)는 전날 대비 7.3%오른 배럴당 72.98달러, 브렌트유는 7% 오른 74.23달러에 마감했다.",해외통계·정책,N,에너지·환경,국제 유가 변동률,"이스라엘, 이란, 국제 유가, 뉴욕증시, WTI, 브렌트유",-,-,-,-,-,-,-,202506,-,M,확정,3년,CONTEXT,hcx,국제 유가 변동률,-,202506,M,claim_fallback,참고값,3,-,-,N,년,수준값,증가,-,이날 국제 유가는 7% 급등하며 3년 만에 큰 폭으로 올랐다.,high,Y,measurement_binding_fallback:1;measurement_period_ungrounded:2,N,0,1,HCX-007,v1.5-measurement-binding,2026-07-27
A0202-C015,A0202-C015-m1,A0202,고용 한파… 청년이라 더 추운 겨울,2025-01-16,https://www.chosun.com/economy/economy_general/2025/01/16/IYBVLBS7D5AJ3ENSN7WNDOJX2Y,정부의 직접 일자리 사업에 따른 취업자가 1년 전에 비해 적게 집계된 점도 고용 지표가 나빠진 원인이라고 기획재정부는 밝혔다.,이 기간에는 탄핵 찬반 정치 집회가 늘어나는 등 어수선한 상황에서 회식과 나들이를 자제하는 사람이 늘면서 도소매업 취업자 수 감소폭이 전달보다 커지고 운수·창고와 숙박·음식 업종은 증가폭이 둔화됐다.,"정부가 1년 단위로 실시하는 일자리 사업은 12월 초부터 순차적으로 종료되는데, 지난달 조사 대상 주간이 2023년 12월(10~16일)보다 5일 늦춰지면서 정부 일자리가 줄어든 것으로 나타났다는 것이다.",국내공식통계,N,고용,취업자 수,"정부, 직접 일자리 사업, 고용 지표",-,-,-,-,-,-,-,2023,-,Y,확정,1년,CONTEXT,hcx,일자리 사업 주기,-,2023,Y,hcx,참고값,1,-,-,N,년,수준값,-,전년,정부의 직접 일자리 사업에 따른 취업자가 1년 전에 비해 적게 집계된 점도 고용 지표가 나빠진 원인이라고 기획재정부는 밝혔다.,mid,N,-,N,0,0,HCX-007,v1.5-measurement-binding,2026-07-27
A1782-C008,A1782-C008-m1,A1782,"트럼프, 관세 전쟁 중에 ‘美 신용 강등’ 찬물 뒤집어썼다",2025-05-18,https://www.chosun.com/economy/economy_general/2025/05/18/BLN3V56V3BA4PDFPPBCM35H3WA,무디스는 등급 조정 보고서에서 “정부 부채비율과 이자 지급 비율이 지난 10여 년간 유사한 등급의 국가들보다 현저히 높은 수준으로 증가한 것을 (신용등급에) 반영했다”고 했다.,불과 1년 만에 약 1조6600억달러(2324조원) 늘었다.,다만 무디스는 트럼프 대통령이 취임한 지 반년도 안 된 이 시점에 이 같은 결정을 내린 이유에 대해서는 명확하게 밝히지 않았다.,해외통계·정책,N,재정·조세,정부 부채비율 및 이자 지급 비율,"미국 정부 부채비율, 이자 지급 비율, 무디스 신용등급",-,-,-,-,-,-,-,-,-,-,확정,지난 10여 년,CONDITION,hcx,기간,-,-,-,hcx,참고값,10,-,-,Y,년,수준값,증가,-,"무디스는 등급 조정 보고서에서 ""정부 부채비율과 이자 지급 비율이 지난 10여 년간 유사한 등급의 국가들보다 현저히 높은 수준으로 증가한 것을 (신용등급에) 반영했다""고 했다.",high,N,-,N,0,0,HCX-007,v1.5-measurement-binding,2026-07-27
A0506-C011,A0506-C011-m1,A0506,"뉴욕증시, 트럼프 관세 발표 예고에 ‘뚝’…테슬라 3.4% 하락",2025-02-08,https://www.chosun.com/economy/money/2025/02/08/DQXNITJ32E7RCV32AFGAZ3R7PI,"실업률은 4.0%로 전월(4.1%)보다 낮아졌고, 전문가 예상치(4.1%)도 하회했다.",미 노동부에 따르면 1월 미국 비농업 일자리는 전월대비 14만3000명 증가했다.,전기차를 중심으로 주요 기술주는 일제히 하락했다.,국내공식통계,Y,고용,실업률,"미국, 일자리, 비농업, 실업률, 전문가 예상치",-,-,-,-,-,-,-,202502,-,M,확정,4.0%,KOSIS_VALUE,hcx,실업률,-,-,-,hcx,현재값,4,-,-,N,%,비중,감소,전월,"실업률은 4.0%로 전월(4.1%)보다 낮아졌고, 전문가 예상치(4.1%)도 하회했다.",high,Y,measurement_period_ungrounded:2,N,0,0,HCX-007,v1.5-measurement-binding,2026-07-27
A0506-C011,A0506-C011-m2,A0506,"뉴욕증시, 트럼프 관세 발표 예고에 ‘뚝’…테슬라 3.4% 하락",2025-02-08,https://www.chosun.com/economy/money/2025/02/08/DQXNITJ32E7RCV32AFGAZ3R7PI,"실업률은 4.0%로 전월(4.1%)보다 낮아졌고, 전문가 예상치(4.1%)도 하회했다.",미 노동부에 따르면 1월 미국 비농업 일자리는 전월대비 14만3000명 증가했다.,전기차를 중심으로 주요 기술주는 일제히 하락했다.,국내공식통계,Y,고용,실업률,"미국, 일자리, 비농업, 실업률, 전문가 예상치",-,-,-,-,-,-,-,202502,-,M,확정,4.1%,KOSIS_VALUE,hcx,실업률,-,-,-,hcx,이전값,4.1,-,-,N,%,비중,-,전월,"실업률은 4.0%로 전월(4.1%)보다 낮아졌고, 전문가 예상치(4.1%)도 하회했다.",high,Y,measurement_period_ungrounded:2,N,0,0,HCX-007,v1.5-measurement-binding,2026-07-27
A1166-C008,-,A1166,美 트럼프 관세 부메랑… ‘나홀로 호황’ 저무나,2025-03-31,https://www.chosun.com/economy/economy_general/2025/03/31/PRGBTJ6ECJBBNGL2U4BLKVQQT4,"28일 나온 이달 미시간대 소비자심리지수 확정치는 57.0으로, 14일 발표한 잠정치보다 0.9포인트 더 떨어졌다.",미국인의 소비 심리도 갈수록 악화하고 있다.,"지난해 11월 이후 30% 넘게 떨어졌고, 2022년 11월(56.8) 이후 2년 4개월 만에 가장 낮다.",해외통계·정책,Y,소득·임금,미시간대 소비자심리지수,"미국, 소비자심리, 지수",-,-,-,-,-,-,-,2025M02,-,M,확정,-,-,-,-,-,-,-,-,-,-,-,-,-,-,-,-,-,"28일 나온 이달 미시간대 소비자심리지수 확정치는 57.0으로, 14일 발표한 잠정치보다 0.9포인트 더 떨어졌다.",high,N,-,Y,0,0,HCX-007,v1.5-measurement-binding,2026-07-27
A0882-C023,A0882-C023-m1,A0882,일본 따라가네... 중소·벤처 M&A 시장서 독립계 자문사 뜬다,2025-03-09,https://www.chosun.com/economy/money/2025/03/09/FQYIFBQP7R6CKAJTG5MV7SQ2XA,중소벤처기업연구원에 따르면 국내 제조 중소기업 경영자 중 ’60세 이상’ 비중은 2012년 14.1%에서 2022년 33.5%로 증가했다.,독립계 자문사의 먹거리가 느는 셈이다.,특히 이 중 20.4%의 중소기업은 적절한 후계자가 없으며 후계자가 없는 중소기업 중 30.7%가 M&A를 고려 중인 것으로 조사됐다.,국내공식통계,N,고용,제조 중소기업 경영자의 연령 분포,"중소기업, 제조업, 경영자, 60세 이상, 후계자, M&A",-,60세 이상,-,-,제조 중소기업 경영자,-,-,2022,-,Y,확정,33.5%,KOSIS_VALUE,hcx,제조 중소기업 경영자의 60세 이상 비중,-,2022,Y,hcx,현재값,33.5,-,-,N,%,수준값,증가,전년동기,중소벤처기업연구원에 따르면 국내 제조 중소기업 경영자 중 '60세 이상' 비중은 2012년 14.1%에서 2022년 33.5%로 증가했다.,high,Y,measurement_binding_fallback:1,Y,0,1,HCX-007,v1.5-measurement-binding,2026-07-27
A0882-C023,A0882-C023-m2,A0882,일본 따라가네... 중소·벤처 M&A 시장서 독립계 자문사 뜬다,2025-03-09,https://www.chosun.com/economy/money/2025/03/09/FQYIFBQP7R6CKAJTG5MV7SQ2XA,중소벤처기업연구원에 따르면 국내 제조 중소기업 경영자 중 ’60세 이상’ 비중은 2012년 14.1%에서 2022년 33.5%로 증가했다.,독립계 자문사의 먹거리가 느는 셈이다.,특히 이 중 20.4%의 중소기업은 적절한 후계자가 없으며 후계자가 없는 중소기업 중 30.7%가 M&A를 고려 중인 것으로 조사됐다.,국내공식통계,N,고용,제조 중소기업 경영자의 연령 분포,"중소기업, 제조업, 경영자, 60세 이상, 후계자, M&A",-,60세 이상,-,-,제조 중소기업 경영자,-,-,2022,-,Y,확정,14.1%,KOSIS_VALUE,hcx,제조 중소기업 경영자의 60세 이상 비중,-,2012,Y,hcx,이전값,14.1,-,-,N,%,수준값,증가,전년동기,중소벤처기업연구원에 따르면 국내 제조 중소기업 경영자 중 '60세 이상' 비중은 2012년 14.1%에서 2022년 33.5%로 증가했다.,high,Y,measurement_binding_fallback:1,Y,0,1,HCX-007,v1.5-measurement-binding,2026-07-27
A0882-C023,A0882-C023-m3,A0882,일본 따라가네... 중소·벤처 M&A 시장서 독립계 자문사 뜬다,2025-03-09,https://www.chosun.com/economy/money/2025/03/09/FQYIFBQP7R6CKAJTG5MV7SQ2XA,중소벤처기업연구원에 따르면 국내 제조 중소기업 경영자 중 ’60세 이상’ 비중은 2012년 14.1%에서 2022년 33.5%로 증가했다.,독립계 자문사의 먹거리가 느는 셈이다.,특히 이 중 20.4%의 중소기업은 적절한 후계자가 없으며 후계자가 없는 중소기업 중 30.7%가 M&A를 고려 중인 것으로 조사됐다.,국내공식통계,N,고용,제조 중소기업 경영자의 연령 분포,"중소기업, 제조업, 경영자, 60세 이상, 후계자, M&A",-,60세 이상,-,-,제조 중소기업 경영자,-,-,2022,-,Y,확정,60세,CONDITION,hcx,경영자의 연령 기준,-,2022,Y,claim_fallback,참고값,60,-,-,N,세,수준값,-,-,중소벤처기업연구원에 따르면 국내 제조 중소기업 경영자 중 '60세 이상' 비중은 2012년 14.1%에서 2022년 33.5%로 증가했다.,high,Y,measurement_binding_fallback:1,Y,0,1,HCX-007,v1.5-measurement-binding,2026-07-27
A0638-C008,A0638-C008-m1,A0638,트럼프가 관세 25% 부과땐… 국내 車 기업들 수조원대 손실 불가피,2025-02-19,https://www.chosun.com/economy/auto/2025/02/19/2YRHNYZMMZBJXCLT2VLNYUCQCE,"미국 상무부에 따르면, 작년 미국이 수입한 자동차 802만대 중 한국산은 154만대였다.",지난해 미국 자동차 수입 시장에서 사실상 1위 국가에 오른 한국의 피해가 클 것이란 우려가 나온다.,멕시코(296만대)에 이어 우리나라가 미국에 자동차를 둘째로 많이 수출하는 나라에 오른 것이다.,해외통계·정책,N,무역,자동차 수출 대수,"미국, 자동차, 수입 시장, 한국산",-,-,-,자동차,-,한국,미국,2024,-,Y,확정,작년이 미국이 수입한 자동차 802만대,KOSIS_VALUE,hcx,미국 자동차 수입 총 대수,자동차,2024,Y,hcx,현재값,8020000,-,-,N,대,수준값,-,전년,"미국 상무부에 따르면, 작년 미국이 수입한 자동차 802만대 중 한국산은 154만대였다.",high,N,-,N,0,0,HCX-007,v1.5-measurement-binding,2026-07-27
A0638-C008,A0638-C008-m2,A0638,트럼프가 관세 25% 부과땐… 국내 車 기업들 수조원대 손실 불가피,2025-02-19,https://www.chosun.com/economy/auto/2025/02/19/2YRHNYZMMZBJXCLT2VLNYUCQCE,"미국 상무부에 따르면, 작년 미국이 수입한 자동차 802만대 중 한국산은 154만대였다.",지난해 미국 자동차 수입 시장에서 사실상 1위 국가에 오른 한국의 피해가 클 것이란 우려가 나온다.,멕시코(296만대)에 이어 우리나라가 미국에 자동차를 둘째로 많이 수출하는 나라에 오른 것이다.,해외통계·정책,N,무역,자동차 수출 대수,"미국, 자동차, 수입 시장, 한국산",-,-,-,자동차,-,한국,미국,2024,-,Y,확정,한국산은 154만대,KOSIS_VALUE,hcx,한국산 자동차 수출 대수,자동차,2024,Y,hcx,현재값,1540000,-,-,N,대,수준값,-,전년,"미국 상무부에 따르면, 작년 미국이 수입한 자동차 802만대 중 한국산은 154만대였다.",high,N,-,N,0,0,HCX-007,v1.5-measurement-binding,2026-07-27
A1052-C019,A1052-C019-m1,A1052,"이제 본게임… 다음주 넥스트레이드서 삼성전자, SK하이닉스, 알테오젠 등 거래",2025-03-22,https://www.chosun.com/economy/money/2025/03/22/UZCZSNROZFUMZLBH6QBOW2Z2WM,하지만 코스피200·코스닥150지수 종목으로 넓혀보면 79조2000억원이 넘는다.,넥스트레이드가 기존에 매매 체결했던 110개 종목을 최근 1개월 동안 기관 투자자는 6조3000억원어치 거래했다.,같은 기준으로 외국인 투자자 거래대금 규모도 10조7000억원에서 143조6000억원으로 불어난다.,국내공식통계,N,금융·금리,거래대금,"넥스트레이드, 코스피200, 코스닥150, 기관투자자, 외국인투자자",-,-,-,-,-,-,-,202503,-,M,확정,79조2000억원,KOSIS_VALUE,hcx,거래대금,-,-,-,hcx,현재값,79200000000000,-,-,N,원,수준값,-,전월,하지만 코스피200·코스닥150지수 종목으로 넓혀보면 79조2000억원이 넘는다.,high,Y,measurement_period_ungrounded:1,N,0,0,HCX-007,v1.5-measurement-binding,2026-07-27
A2567-C012,A2567-C012-m1,A2567,"“그냥 쉬었다”는 20대, 5년 새 가장 많아",2025-07-17,https://www.chosun.com/economy/economy_general/2025/07/17/NDNGACBI4RAZJBDEMRKGKVA5KY,"지난달 연령대별 취업자 수는 60세 이상과 30대에서 1년 새 각각 34만8000명, 11만6000명 늘어났지만, 15~29세 청년 취업자는 17만3000명이나 크게 줄었다.",주력 산업인 제조업 고용 부진은 사회 초년생인 20대 이하 청년층 고용 위축으로 이어졌다.,"한편 40대도 5만 5000명, 50대도 5만3000명 줄었다.",국내공식통계,Y,고용,취업자 수,"연령대별, 취업자, 청년층, 고용 위축",-,15~29세,-,-,-,-,-,2025-07,-,M,확정,34만8000명,KOSIS_VALUE,hcx,취업자 수,60세 이상,-,-,hcx,현재값,348000,-,-,N,명,수준값,증가,전월,"지난달 연령대별 취업자 수는 60세 이상과 30대에서 1년 새 각각 34만8000명, 11만6000명 늘어났지만, 15~29세 청년 취업자는 17만3000명이나 크게 줄었다.",high,Y,measurement_binding_fallback:4;measurement_period_ungrounded:3,Y,0,4,HCX-007,v1.5-measurement-binding,2026-07-27
A2567-C012,A2567-C012-m2,A2567,"“그냥 쉬었다”는 20대, 5년 새 가장 많아",2025-07-17,https://www.chosun.com/economy/economy_general/2025/07/17/NDNGACBI4RAZJBDEMRKGKVA5KY,"지난달 연령대별 취업자 수는 60세 이상과 30대에서 1년 새 각각 34만8000명, 11만6000명 늘어났지만, 15~29세 청년 취업자는 17만3000명이나 크게 줄었다.",주력 산업인 제조업 고용 부진은 사회 초년생인 20대 이하 청년층 고용 위축으로 이어졌다.,"한편 40대도 5만 5000명, 50대도 5만3000명 줄었다.",국내공식통계,Y,고용,취업자 수,"연령대별, 취업자, 청년층, 고용 위축",-,15~29세,-,-,-,-,-,2025-07,-,M,확정,11만6000명,KOSIS_VALUE,hcx,취업자 수,30대,-,-,hcx,현재값,116000,-,-,N,명,수준값,증가,전월,"지난달 연령대별 취업자 수는 60세 이상과 30대에서 1년 새 각각 34만8000명, 11만6000명 늘어났지만, 15~29세 청년 취업자는 17만3000명이나 크게 줄었다.",high,Y,measurement_binding_fallback:4;measurement_period_ungrounded:3,Y,0,4,HCX-007,v1.5-measurement-binding,2026-07-27
A2567-C012,A2567-C012-m3,A2567,"“그냥 쉬었다”는 20대, 5년 새 가장 많아",2025-07-17,https://www.chosun.com/economy/economy_general/2025/07/17/NDNGACBI4RAZJBDEMRKGKVA5KY,"지난달 연령대별 취업자 수는 60세 이상과 30대에서 1년 새 각각 34만8000명, 11만6000명 늘어났지만, 15~29세 청년 취업자는 17만3000명이나 크게 줄었다.",주력 산업인 제조업 고용 부진은 사회 초년생인 20대 이하 청년층 고용 위축으로 이어졌다.,"한편 40대도 5만 5000명, 50대도 5만3000명 줄었다.",국내공식통계,Y,고용,취업자 수,"연령대별, 취업자, 청년층, 고용 위축",-,15~29세,-,-,-,-,-,2025-07,-,M,확정,17만3000명,KOSIS_VALUE,hcx,취업자 수,15~29세,-,-,hcx,현재값,173000,-,-,N,명,수준값,감소,전월,"지난달 연령대별 취업자 수는 60세 이상과 30대에서 1년 새 각각 34만8000명, 11만6000명 늘어났지만, 15~29세 청년 취업자는 17만3000명이나 크게 줄었다.",high,Y,measurement_binding_fallback:4;measurement_period_ungrounded:3,Y,0,4,HCX-007,v1.5-measurement-binding,2026-07-27
A2567-C012,A2567-C012-m4,A2567,"“그냥 쉬었다”는 20대, 5년 새 가장 많아",2025-07-17,https://www.chosun.com/economy/economy_general/2025/07/17/NDNGACBI4RAZJBDEMRKGKVA5KY,"지난달 연령대별 취업자 수는 60세 이상과 30대에서 1년 새 각각 34만8000명, 11만6000명 늘어났지만, 15~29세 청년 취업자는 17만3000명이나 크게 줄었다.",주력 산업인 제조업 고용 부진은 사회 초년생인 20대 이하 청년층 고용 위축으로 이어졌다.,"한편 40대도 5만 5000명, 50대도 5만3000명 줄었다.",국내공식통계,Y,고용,취업자 수,"연령대별, 취업자, 청년층, 고용 위축",-,15~29세,-,-,-,-,-,2025-07,-,M,확정,60세,CONDITION,hcx,연령,-,2025-07,M,claim_fallback,참고값,60,-,-,N,세,수준값,감소,전년동월,"지난달 연령대별 취업자 수는 60세 이상과 30대에서 1년 새 각각 34만8000명, 11만6000명 늘어났지만, 15~29세 청년 취업자는 17만3000명이나 크게 줄었다.",high,Y,measurement_binding_fallback:4;measurement_period_ungrounded:3,Y,0,4,HCX-007,v1.5-measurement-binding,2026-07-27
A2567-C012,A2567-C012-m5,A2567,"“그냥 쉬었다”는 20대, 5년 새 가장 많아",2025-07-17,https://www.chosun.com/economy/economy_general/2025/07/17/NDNGACBI4RAZJBDEMRKGKVA5KY,"지난달 연령대별 취업자 수는 60세 이상과 30대에서 1년 새 각각 34만8000명, 11만6000명 늘어났지만, 15~29세 청년 취업자는 17만3000명이나 크게 줄었다.",주력 산업인 제조업 고용 부진은 사회 초년생인 20대 이하 청년층 고용 위축으로 이어졌다.,"한편 40대도 5만 5000명, 50대도 5만3000명 줄었다.",국내공식통계,Y,고용,취업자 수,"연령대별, 취업자, 청년층, 고용 위축",-,15~29세,-,-,-,-,-,2025-07,-,M,확정,30대,KOSIS_VALUE,hcx,연령,-,-,-,hcx,참고값,30,-,-,N,대,수준값,감소,전년동월,"지난달 연령대별 취업자 수는 60세 이상과 30대에서 1년 새 각각 34만8000명, 11만6000명 늘어났지만, 15~29세 청년 취업자는 17만3000명이나 크게 줄었다.",high,Y,measurement_binding_fallback:4;measurement_period_ungrounded:3,Y,0,4,HCX-007,v1.5-measurement-binding,2026-07-27
A2567-C012,A2567-C012-m6,A2567,"“그냥 쉬었다”는 20대, 5년 새 가장 많아",2025-07-17,https://www.chosun.com/economy/economy_general/2025/07/17/NDNGACBI4RAZJBDEMRKGKVA5KY,"지난달 연령대별 취업자 수는 60세 이상과 30대에서 1년 새 각각 34만8000명, 11만6000명 늘어났지만, 15~29세 청년 취업자는 17만3000명이나 크게 줄었다.",주력 산업인 제조업 고용 부진은 사회 초년생인 20대 이하 청년층 고용 위축으로 이어졌다.,"한편 40대도 5만 5000명, 50대도 5만3000명 줄었다.",국내공식통계,Y,고용,취업자 수,"연령대별, 취업자, 청년층, 고용 위축",-,15~29세,-,-,-,-,-,2025-07,-,M,확정,1년,CONTEXT,hcx,기간,-,2025-07,M,claim_fallback,참고값,1,-,-,N,년,수준값,감소,전년동월,"지난달 연령대별 취업자 수는 60세 이상과 30대에서 1년 새 각각 34만8000명, 11만6000명 늘어났지만, 15~29세 청년 취업자는 17만3000명이나 크게 줄었다.",high,Y,measurement_binding_fallback:4;measurement_period_ungrounded:3,Y,0,4,HCX-007,v1.5-measurement-binding,2026-07-27
A2567-C012,A2567-C012-m7,A2567,"“그냥 쉬었다”는 20대, 5년 새 가장 많아",2025-07-17,https://www.chosun.com/economy/economy_general/2025/07/17/NDNGACBI4RAZJBDEMRKGKVA5KY,"지난달 연령대별 취업자 수는 60세 이상과 30대에서 1년 새 각각 34만8000명, 11만6000명 늘어났지만, 15~29세 청년 취업자는 17만3000명이나 크게 줄었다.",주력 산업인 제조업 고용 부진은 사회 초년생인 20대 이하 청년층 고용 위축으로 이어졌다.,"한편 40대도 5만 5000명, 50대도 5만3000명 줄었다.",국내공식통계,Y,고용,취업자 수,"연령대별, 취업자, 청년층, 고용 위축",-,15~29세,-,-,-,-,-,2025-07,-,M,확정,15세,CONDITION,hcx,연령,-,2025-07,M,claim_fallback,참고값,15,-,-,N,세,수준값,감소,전년동월,"지난달 연령대별 취업자 수는 60세 이상과 30대에서 1년 새 각각 34만8000명, 11만6000명 늘어났지만, 15~29세 청년 취업자는 17만3000명이나 크게 줄었다.",high,Y,measurement_binding_fallback:4;measurement_period_ungrounded:3,Y,0,4,HCX-007,v1.5-measurement-binding,2026-07-27
A2567-C012,A2567-C012-m8,A2567,"“그냥 쉬었다”는 20대, 5년 새 가장 많아",2025-07-17,https://www.chosun.com/economy/economy_general/2025/07/17/NDNGACBI4RAZJBDEMRKGKVA5KY,"지난달 연령대별 취업자 수는 60세 이상과 30대에서 1년 새 각각 34만8000명, 11만6000명 늘어났지만, 15~29세 청년 취업자는 17만3000명이나 크게 줄었다.",주력 산업인 제조업 고용 부진은 사회 초년생인 20대 이하 청년층 고용 위축으로 이어졌다.,"한편 40대도 5만 5000명, 50대도 5만3000명 줄었다.",국내공식통계,Y,고용,취업자 수,"연령대별, 취업자, 청년층, 고용 위축",-,15~29세,-,-,-,-,-,2025-07,-,M,확정,29세,CONDITION,hcx,연령,-,2025-07,M,claim_fallback,참고값,29,-,-,N,세,수준값,감소,전년동월,"지난달 연령대별 취업자 수는 60세 이상과 30대에서 1년 새 각각 34만8000명, 11만6000명 늘어났지만, 15~29세 청년 취업자는 17만3000명이나 크게 줄었다.",high,Y,measurement_binding_fallback:4;measurement_period_ungrounded:3,Y,0,4,HCX-007,v1.5-measurement-binding,2026-07-27
A1021-C015,A1021-C015-m1,A1021,‘연상녀·연하남’ 초혼 부부 비중 19.9% 역대 최대,2025-03-20,https://www.chosun.com/economy/economy_general/2025/03/20/KH26XILK7FGYPGUVBBDUA2B3OU,반면 여성의 평균 초혼 연령은 31.6세로 전년 대비 0.1세 높아졌다.,지난해 평균 초혼 연령은 남자의 경우 33.9세로 전년 대비 0.1세 낮아졌다.,이에 따라 남녀간 평균 초혼 연령 차이는 2.3세로 전년 대비 0.2세 줄었다.,국내공식통계,Y,인구,평균 초혼 연령,"초혼, 연령, 여성",-,-,여,-,-,-,-,2025,-,Y,확정,31.6세,CONDITION,hcx,여성 평균 초혼 연령,-,2025,Y,claim_fallback,현재값,31.6,-,-,N,세,수준값,-,전년,반면 여성의 평균 초혼 연령은 31.6세로 전년 대비 0.1세 높아졌다.,high,Y,measurement_binding_fallback:2;measurement_period_ungrounded:2,N,0,2,HCX-007,v1.5-measurement-binding,2026-07-27
A1021-C015,A1021-C015-m2,A1021,‘연상녀·연하남’ 초혼 부부 비중 19.9% 역대 최대,2025-03-20,https://www.chosun.com/economy/economy_general/2025/03/20/KH26XILK7FGYPGUVBBDUA2B3OU,반면 여성의 평균 초혼 연령은 31.6세로 전년 대비 0.1세 높아졌다.,지난해 평균 초혼 연령은 남자의 경우 33.9세로 전년 대비 0.1세 낮아졌다.,이에 따라 남녀간 평균 초혼 연령 차이는 2.3세로 전년 대비 0.2세 줄었다.,국내공식통계,Y,인구,평균 초혼 연령,"초혼, 연령, 여성",-,-,여,-,-,-,-,2025,-,Y,확정,0.1세,CONDITION,hcx,여성 평균 초혼 연령 변화폭,-,2025,Y,claim_fallback,증감값,0.1,-,-,N,세,증감량,증가,전년,반면 여성의 평균 초혼 연령은 31.6세로 전년 대비 0.1세 높아졌다.,high,Y,measurement_binding_fallback:2;measurement_period_ungrounded:2,N,0,2,HCX-007,v1.5-measurement-binding,2026-07-27
A0183-C017,A0183-C017-m1,A0183,"평균 금융자산 1억인데…”결혼할 땐 2억, 노후엔 9억 필요”",2025-01-15,https://www.chosun.com/economy/market_trend/2025/01/15/B7JEKS543ZBOFINP24DBLTEFVI,"기혼 가구 10가구 중 8가구(77.0%)는 노후를 준비하고 있으나 부족하다고 인식했고, 1가구(11.9%)는 필요한 걸 알지만 준비하지 못했다고 응답했다.",노후 준비 상황도 심각했다.,충분히 준비하고 있다는 응답은 1가구(10.6%)에 그쳤다.,여론조사·설문,N,보건·복지,노후 준비 인식 비율,"노후 준비, 부족, 응답",-,-,-,-,기혼 가구,-,-,2025,-,Y,확정,10가구,KOSIS_VALUE,hcx,노후 준비 중인 가구 수,-,-,-,hcx,현재값,10,-,-,N,가구,수준값,-,전년,[검증 대상 문장],high,Y,measurement_period_ungrounded:5,N,0,0,HCX-007,v1.5-measurement-binding,2026-07-27
A0183-C017,A0183-C017-m2,A0183,"평균 금융자산 1억인데…”결혼할 땐 2억, 노후엔 9억 필요”",2025-01-15,https://www.chosun.com/economy/market_trend/2025/01/15/B7JEKS543ZBOFINP24DBLTEFVI,"기혼 가구 10가구 중 8가구(77.0%)는 노후를 준비하고 있으나 부족하다고 인식했고, 1가구(11.9%)는 필요한 걸 알지만 준비하지 못했다고 응답했다.",노후 준비 상황도 심각했다.,충분히 준비하고 있다는 응답은 1가구(10.6%)에 그쳤다.,여론조사·설문,N,보건·복지,노후 준비 인식 비율,"노후 준비, 부족, 응답",-,-,-,-,기혼 가구,-,-,2025,-,Y,확정,8가구,KOSIS_VALUE,hcx,부족하다고 인식한 가구 수,-,-,-,hcx,현재값,8,-,-,N,가구,수준값,-,전년,[검증 대상 문장],high,Y,measurement_period_ungrounded:5,N,0,0,HCX-007,v1.5-measurement-binding,2026-07-27
A0183-C017,A0183-C017-m3,A0183,"평균 금융자산 1억인데…”결혼할 땐 2억, 노후엔 9억 필요”",2025-01-15,https://www.chosun.com/economy/market_trend/2025/01/15/B7JEKS543ZBOFINP24DBLTEFVI,"기혼 가구 10가구 중 8가구(77.0%)는 노후를 준비하고 있으나 부족하다고 인식했고, 1가구(11.9%)는 필요한 걸 알지만 준비하지 못했다고 응답했다.",노후 준비 상황도 심각했다.,충분히 준비하고 있다는 응답은 1가구(10.6%)에 그쳤다.,여론조사·설문,N,보건·복지,노후 준비 인식 비율,"노후 준비, 부족, 응답",-,-,-,-,기혼 가구,-,-,2025,-,Y,확정,77.0%,KOSIS_VALUE,hcx,부족하다고 인식한 비율,-,-,-,hcx,현재값,77,-,-,N,%,비중,-,전년,[검증 대상 문장],high,Y,measurement_period_ungrounded:5,N,0,0,HCX-007,v1.5-measurement-binding,2026-07-27
A0183-C017,A0183-C017-m4,A0183,"평균 금융자산 1억인데…”결혼할 땐 2억, 노후엔 9억 필요”",2025-01-15,https://www.chosun.com/economy/market_trend/2025/01/15/B7JEKS543ZBOFINP24DBLTEFVI,"기혼 가구 10가구 중 8가구(77.0%)는 노후를 준비하고 있으나 부족하다고 인식했고, 1가구(11.9%)는 필요한 걸 알지만 준비하지 못했다고 응답했다.",노후 준비 상황도 심각했다.,충분히 준비하고 있다는 응답은 1가구(10.6%)에 그쳤다.,여론조사·설문,N,보건·복지,노후 준비 인식 비율,"노후 준비, 부족, 응답",-,-,-,-,기혼 가구,-,-,2025,-,Y,확정,1가구,KOSIS_VALUE,hcx,필요한 것을 알고 있지만 준비하지 못한 가구 수,-,-,-,hcx,현재값,1,-,-,N,가구,수준값,-,전년,[검증 대상 문장],high,Y,measurement_period_ungrounded:5,N,0,0,HCX-007,v1.5-measurement-binding,2026-07-27
A0183-C017,A0183-C017-m5,A0183,"평균 금융자산 1억인데…”결혼할 땐 2억, 노후엔 9억 필요”",2025-01-15,https://www.chosun.com/economy/market_trend/2025/01/15/B7JEKS543ZBOFINP24DBLTEFVI,"기혼 가구 10가구 중 8가구(77.0%)는 노후를 준비하고 있으나 부족하다고 인식했고, 1가구(11.9%)는 필요한 걸 알지만 준비하지 못했다고 응답했다.",노후 준비 상황도 심각했다.,충분히 준비하고 있다는 응답은 1가구(10.6%)에 그쳤다.,여론조사·설문,N,보건·복지,노후 준비 인식 비율,"노후 준비, 부족, 응답",-,-,-,-,기혼 가구,-,-,2025,-,Y,확정,11.9%,KOSIS_VALUE,hcx,필요한 것을 알고 있지만 준비하지 못한 비율,-,-,-,hcx,현재값,11.9,-,-,N,%,비중,-,전년,[검증 대상 문장],high,Y,measurement_period_ungrounded:5,N,0,0,HCX-007,v1.5-measurement-binding,2026-07-27
A2426-C003,A2426-C003-m1,A2426,"국내 주식형 펀드 주간 설정액, 3개월 만에 최대 증가 폭",2025-07-06,https://www.chosun.com/economy/money/2025/07/06/DQY4UVHVL2IYBWR2FELGTNX3QU,15:40 0 국내 주식형 펀드 설정액이 일주일 새 6000억원 넘게 늘면서 3개월 만에 최대 증가 폭을 기록했다.,15:40 업데이트 2025.07.06.,6일 펀드평가사 에프앤가이드에 따르면 국내 주식형 펀드 1039개의 설정액은 지난 4일 기준 총 56조1830억원이다.,국내공식통계,Y,소매·소비,주식형 펀드 설정액,"펀드, 설정액, 증가폭",-,-,-,-,-,-,-,202507,-,M,확정,6000억원,KOSIS_VALUE,hcx,주식형 펀드 설정액,-,202507,M,hcx,현재값,600000000000,-,-,N,원,수준값,증가,전월,[검증 대상 문장] 15:40 국내 주식형 펀드 설정액이 일주일 새 6000억원 넘게 늘면서 3개월 만에 최대 증가 폭을 기록했다.,high,N,-,N,0,0,HCX-007,v1.5-measurement-binding,2026-07-27
A2426-C003,A2426-C003-m2,A2426,"국내 주식형 펀드 주간 설정액, 3개월 만에 최대 증가 폭",2025-07-06,https://www.chosun.com/economy/money/2025/07/06/DQY4UVHVL2IYBWR2FELGTNX3QU,15:40 0 국내 주식형 펀드 설정액이 일주일 새 6000억원 넘게 늘면서 3개월 만에 최대 증가 폭을 기록했다.,15:40 업데이트 2025.07.06.,6일 펀드평가사 에프앤가이드에 따르면 국내 주식형 펀드 1039개의 설정액은 지난 4일 기준 총 56조1830억원이다.,국내공식통계,Y,소매·소비,주식형 펀드 설정액,"펀드, 설정액, 증가폭",-,-,-,-,-,-,-,202507,-,M,확정,3개월,CONTEXT,hcx,기간,-,202507,M,hcx,참고값,3,-,-,N,개월,수준값,증가,-,[검증 대상 문장] 15:40 국내 주식형 펀드 설정액이 일주일 새 6000억원 넘게 늘면서 3개월 만에 최대 증가 폭을 기록했다.,high,N,-,N,0,0,HCX-007,v1.5-measurement-binding,2026-07-27
A2364-C006,A2364-C006-m1,A2364,"미국발 관세 직격탄… 3분기 수출, 2분기보다 위축될 듯",2025-07-01,https://www.chosun.com/economy/industry-company/2025/07/01/AMFNCCT6GJE2RLDPRSYUEDL2A4,실제로 올 1분기 우리나라 수출은 직전 분기인 작년 4분기 대비 8.9% 감소했다.,"EBSI는 지난 1분기 96.1, 2분기 84.1에 그쳤다.",15대 수출 품목 중 10개가 2분기보다 수출 여건이 악화할 것으로 조사됐다.,국내공식통계,N,무역,수출 증감률,"EBSI, 수출, 1분기, 2분기, 15대 수출 품목",-,-,-,-,-,-,-,2025Q1,-,Q,확정,8.9%,KOSIS_VALUE,hcx,수출 증감률,-,-,-,hcx,증감률,8.9,-,-,N,%,증감률,감소,전분기,실제로 올 1분기 우리나라 수출은 직전 분기인 작년 4분기 대비 8.9% 감소했다.,high,Y,measurement_period_ungrounded:1,N,0,0,HCX-007,v1.5-measurement-binding,2026-07-27
A2036-C012,A2036-C012-m1,A2036,"日 버블붕괴 직전과 닮은 민간 부채, 그런데 더 악성이다",2025-06-06,https://www.chosun.com/economy/economy_general/2025/06/06/XJSXS6L5XREVJLWEKTP6XDC5UY,버블 붕괴 전 일본의 가계 부채는 전체 민간 부채의 3분의 1 정도였다.,우선 민간 부채 중 가계 부채 비율이 절반에 육박한다.,"기업의 빚은 투자 자금 성격도 있는 반면, 가계의 빚은 소비 여력을 줄여 경기 침체를 부르기 쉽다.",해외통계·정책,N,재정·조세,민간 부채 비율,-,-,-,-,-,-,-,-,-,-,-,확정,버블 붕괴 전 일본의 가계 부채는 전체 민간 부채의 3분의 1 정도,KOSIS_VALUE,hcx,민간 부채 비율,-,-,-,hcx,현재값,33.3,-,-,Y,%,수준값,-,-,버블 붕괴 전 일본의 가계 부채는 전체 민간 부채의 3분의 1 정도였다.,mid,N,-,N,0,0,HCX-007,v1.5-measurement-binding,2026-07-27
A0347-C017,-,A0347,"환자가 된 독일, 과거를 되돌아 봐야 한다",2025-01-27,https://www.chosun.com/economy/int_economy/2025/01/27/ES66U5V3N5AQRGJJHRW5I7OZ2M,1900년대 중반 서독이 주요 선진국을 앞서는 경제 성과를 거둔 배경이다.,독일의 이런 경제 및 정치제도는 혁신과 기회의 시기와 맞물려 독일의 경제 기적을 이끌었다.,다만 이런 제도와 체제는 환경이 변했을 때 수정하기 어려운 단점이 있다.,기타,N,기타,-,-,-,-,-,-,-,-,-,-,-,-,확정,-,-,-,-,-,-,-,-,-,-,-,-,-,-,-,-,-,1900년대 중반 서독이 주요 선진국을 앞서는 경제 성과를 거둔 배경이다.,low,Y,-,N,0,0,HCX-007,v1.5-measurement-binding,2026-07-27
A0837-C012,A0837-C012-m1,A0837,1인 年소득 5000만원? 난 왜 체감이 안 될까,2025-03-06,https://www.chosun.com/economy/economy_general/2025/03/06/6NO5N7ES2NFOJIC7KKZF4E3ZHI,"한은에 따르면 GNI 대비 PGDI 비율은 한은이 해당 통계 작성을 시작한 1975년에는 77.5%였는데, 지난 2023년 53.9%로 역대 최저치로 떨어졌다.","문제는 GNI에서 PGDI가 차지하는 비율이 줄고, 기업과 정부 비율이 늘고 있다는 것이다.","갈수록 국민소득이 개인보다 기업이나 정부에 돌아가다 보니, 개인은 소득이 늘었다고 느끼기 어려워지는 것이다.",국내공식통계,N,소득·임금,GNI 대비 PGDI 비율,"GNI, PGDI, 비율, 소득",-,-,-,-,-,-,-,2023,-,Y,확정,53.9%,KOSIS_VALUE,hcx,GNI 대비 PGDI 비율,-,2023,Y,hcx,현재값,53.9,-,-,N,%,비중,-,전년,"한은에 따르면 GNI 대비 PGDI 비율은 한은이 해당 통계 작성을 시작한 1975년에는 77.5%였는데, 지난 2023년 53.9%로 역대 최저치로 떨어졌다.",high,N,-,N,0,0,HCX-007,v1.5-measurement-binding,2026-07-27
A0837-C012,A0837-C012-m2,A0837,1인 年소득 5000만원? 난 왜 체감이 안 될까,2025-03-06,https://www.chosun.com/economy/economy_general/2025/03/06/6NO5N7ES2NFOJIC7KKZF4E3ZHI,"한은에 따르면 GNI 대비 PGDI 비율은 한은이 해당 통계 작성을 시작한 1975년에는 77.5%였는데, 지난 2023년 53.9%로 역대 최저치로 떨어졌다.","문제는 GNI에서 PGDI가 차지하는 비율이 줄고, 기업과 정부 비율이 늘고 있다는 것이다.","갈수록 국민소득이 개인보다 기업이나 정부에 돌아가다 보니, 개인은 소득이 늘었다고 느끼기 어려워지는 것이다.",국내공식통계,N,소득·임금,GNI 대비 PGDI 비율,"GNI, PGDI, 비율, 소득",-,-,-,-,-,-,-,2023,-,Y,확정,77.5%,KOSIS_VALUE,hcx,GNI 대비 PGDI 비율,-,1975,Y,hcx,이전값,77.5,-,-,N,%,비중,-,전년,"한은에 따르면 GNI 대비 PGDI 비율은 한은이 해당 통계 작성을 시작한 1975년에는 77.5%였는데, 지난 2023년 53.9%로 역대 최저치로 떨어졌다.",high,N,-,N,0,0,HCX-007,v1.5-measurement-binding,2026-07-27
A1731-C001,A1731-C001-m1,A1731,"KDI, 올해 성장률 전망치 1.6→0.8% 반토막 하향 조정",2025-05-14,https://www.chosun.com/economy/economy_general/2025/05/14/BVZZJRMGC5H4LHGST2P2SVCX2Y,국책연구기관인 한국개발연구원(KDI)이 14일 올해 한국의 경제성장률을 0.8%로 전망했다.,-,KDI는 지난 2월 올해 경제성장률을 1.6%로 전망했지만 건설업 부진과 통상 여건 악화가 이어지면서 0.8%포인트 하향 조정한 것이다.,국내공식통계,Y,재정·조세,경제성장률,한국개발연구원; 경제성장률; 전망치,-,-,-,-,-,-,-,2025,-,Y,확정,0.8%,KOSIS_VALUE,hcx,경제성장률,-,2025,Y,hcx,현재값,0.8,-,-,N,%,수준값,유지,전년,국책연구기관인 한국개발연구원(KDI)이 14일 올해 한국의 경제성장률을 0.8%로 전망했다.,high,N,-,N,0,0,HCX-007,v1.5-measurement-binding,2026-07-27
A1120-C007,-,A1120,소득 적고 대출 많은 ‘취약 자영업자’ 40만명 넘어,2025-03-28,https://www.chosun.com/economy/economy_general/2025/03/28/57AJHECJ6FAVHERQLFRC6YFWKI,빚이 있는 자영업자 중 연체한 사람들의 수도 2022년 하반기 이후 꾸준히 늘고 있다.,이들이 빌린 금액도 작년 말 125조4000억원으로 전년(115조7000억원)보다 10조원 가까이 늘었다.,자영업자 대출 연체율은 작년 말 1.67%로 코로나 팬데믹 이전 장기 평균(2012~2019년)과 비슷한 수준이 됐다.,국내공식통계,Y,금융·금리,자영업자 대출 연체율,"자영업자, 대출, 연체율",-,-,-,-,-,-,-,2025Q1,-,Q,확정,-,-,-,-,-,-,-,-,-,-,-,-,-,-,-,-,-,자영업자 대출 연체율은 작년 말 1.67%로 코로나 팬데믹 이전 장기 평균(2012~2019년)과 비슷한 수준이 됐다.,high,N,-,N,0,0,HCX-007,v1.5-measurement-binding,2026-07-27
A1494-C008,-,A1494,"최상목, 국회 추경 증액 요구에 “유연하게 임하겠다”",2025-04-26,https://www.chosun.com/economy/economy_general/2025/04/26/XO7LM5AOP5BJXKN6HQQO3RXFOU,"최 부총리는 “1분기 GDP 성장률이 대내외 불확실성 확대로 경제 심리 회복이 지연된 가운데 폭설, 한파, 산불, 교량 붕괴 등 일시적·이례적 요인이 중첩되며 건설 부문을 중심으로 부진한 흐름을 보였다”고 평가했다.",이재명 더불어민주당 대선 경선 후보의 대표 정책인 전 국민 1인당 25만원 민생 회복 지원금 등 논란 속 사업보다는 경기 부양에 초점을 맞춘 사업을 중심으로 추경 규모를 늘리겠다는 뜻으로 풀이된다.,"이어 “건설 투자 부진이 지속되고 있는 만큼, 민간·공공, 건축·토목 전 분야에 걸쳐 부진 요인을 면밀히 점검하고, 근본적인 활성화 방안을 강구하겠다”고 했다.",국내공식통계,N,생산·산업,GDP 성장률,"경제 심리 회복, 대내외 불확실성 확대, 건설 부문",-,-,-,-,-,-,-,2025Q1,-,Q,확정,-,-,-,-,-,-,-,-,-,-,-,-,-,-,-,-,-,"""최 부총리는 ""1분기 GDP 성장률이 대내외 불확실성 확대로 경제 심리 회복이 지연된 가운데 폭설, 한파, 산불, 교량 붕괴 등 일시적·이례적 요인이 중첩되며 건설 부문을 중심으로 부진한 흐름을 보였다""고 평가했다.",mid,N,-,N,0,0,HCX-007,v1.5-measurement-binding,2026-07-27
A1082-C010,A1082-C010-m1,A1082,"현대차도 본격 참전… 완성車 업체, 반도체 자체개발 속도",2025-03-25,https://www.chosun.com/economy/auto/2025/03/25/VICJOXMYSFHPLP6XMF2BIR677E,"한국전자통신연구원에 따르면, 차량용 반도체는 최신 내연차에는 200개, 전기차는 1000개, 자율 주행차는 2000개 이상 탑재된다.",◇미래 차 핵심 ‘반도체’ 확보에 사활 반도체가 곧 자동차의 성능과 직결되는 상황에서 자동차 업체마다 차량용 반도체 확보에 뛰어들고 있다.,반도체 각각의 성능 역시 중요해지고 있다.,국내공식통계,N,생산·산업,차량용 반도체 탑재 개수,"차량용 반도체, 내연차, 전기차, 자율 주행차",-,-,-,-,-,-,-,202503,-,M,확정,최신 내연차에는 200개,KOSIS_VALUE,hcx,차량용 반도체 탑재 개수,내연차,-,-,hcx,현재값,200,-,-,N,개,수준값,-,전년동기,"한국전자통신연구원에 따르면, 차량용 반도체는 최신 내연차에는 200개, 전기차는 1000개, 자율 주행차는 2000개 이상 탑재된다.",high,Y,measurement_binding_fallback:1;measurement_period_ungrounded:3,N,0,1,HCX-007,v1.5-measurement-binding,2026-07-27
A1082-C010,A1082-C010-m2,A1082,"현대차도 본격 참전… 완성車 업체, 반도체 자체개발 속도",2025-03-25,https://www.chosun.com/economy/auto/2025/03/25/VICJOXMYSFHPLP6XMF2BIR677E,"한국전자통신연구원에 따르면, 차량용 반도체는 최신 내연차에는 200개, 전기차는 1000개, 자율 주행차는 2000개 이상 탑재된다.",◇미래 차 핵심 ‘반도체’ 확보에 사활 반도체가 곧 자동차의 성능과 직결되는 상황에서 자동차 업체마다 차량용 반도체 확보에 뛰어들고 있다.,반도체 각각의 성능 역시 중요해지고 있다.,국내공식통계,N,생산·산업,차량용 반도체 탑재 개수,"차량용 반도체, 내연차, 전기차, 자율 주행차",-,-,-,-,-,-,-,202503,-,M,확정,전기차는 1000개,KOSIS_VALUE,hcx,차량용 반도체 탑재 개수,전기차,-,-,hcx,현재값,1000,-,-,N,개,수준값,-,전년동기,"한국전자통신연구원에 따르면, 차량용 반도체는 최신 내연차에는 200개, 전기차는 1000개, 자율 주행차는 2000개 이상 탑재된다.",high,Y,measurement_binding_fallback:1;measurement_period_ungrounded:3,N,0,1,HCX-007,v1.5-measurement-binding,2026-07-27
A1082-C010,A1082-C010-m3,A1082,"현대차도 본격 참전… 완성車 업체, 반도체 자체개발 속도",2025-03-25,https://www.chosun.com/economy/auto/2025/03/25/VICJOXMYSFHPLP6XMF2BIR677E,"한국전자통신연구원에 따르면, 차량용 반도체는 최신 내연차에는 200개, 전기차는 1000개, 자율 주행차는 2000개 이상 탑재된다.",◇미래 차 핵심 ‘반도체’ 확보에 사활 반도체가 곧 자동차의 성능과 직결되는 상황에서 자동차 업체마다 차량용 반도체 확보에 뛰어들고 있다.,반도체 각각의 성능 역시 중요해지고 있다.,국내공식통계,N,생산·산업,차량용 반도체 탑재 개수,"차량용 반도체, 내연차, 전기차, 자율 주행차",-,-,-,-,-,-,-,202503,-,M,확정,자율 주행차는 2000개 이상,CONDITION,hcx,차량용 반도체 탑재 개수,자율 주행차,202503,M,claim_fallback,참고값,2000,-,-,N,개,수준값,-,전년동기,"한국전자통신연구원에 따르면, 차량용 반도체는 최신 내연차에는 200개, 전기차는 1000개, 자율 주행차는 2000개 이상 탑재된다.",high,Y,measurement_binding_fallback:1;measurement_period_ungrounded:3,N,0,1,HCX-007,v1.5-measurement-binding,2026-07-27
