claim_id,claim_measurement_id,article_id,title,date,url,claim_text,prev_sentence,next_sentence,claim_domain_scope,is_recurring_series,metric_domain,indicator,keywords,region,age_group,gender,industry_or_item,population_etc,origin_country,destination_country,period,period_end,prd_se,time_resolution_status,measurement_text,measurement_usage,measurement_source,measurement_indicator,measurement_item,measurement_period,measurement_prd_se,measurement_binding_source,measurement_role,value,value_min,value_max,value_approximate,unit,value_type,direction,change_base,evidence_text,extraction_confidence,needs_review,review_reason,measurement_repaired,measurement_fallback_count,measurement_binding_fallback_count,extraction_model,prompt_version,extracted_at,claim_grounded,extraction_scope,chunk_index
A0002-c001,A0002-c001-m1,A0002,"폴크스바겐, 전기차 정보 부실 관리 논란",2025-01-01,https://www.chosun.com/economy/auto/2025/01/01/S7LNVYUONNHU3KF3WJWFZZ3NVE,"지난달 31일 독일 슈피겔 등 외신에 따르면, 폴크스바겐과 아우디, 세아트, 스코다 등 폴크스바겐그룹 전기차 80만대에서 수집한 수 테라바이트 규모 데이터가 지난 몇 달간 암호화되지 않은 채로 아마존 클라우드에 방치됐던 것으로 나타났다.",-,-,개별기업,N,기타,폴크스바겐 전기차 운행 데이터 및 소유주 정보 관리 상태,-,-,-,-,자동차,-,-,-,2025,-,-,확정,80만대,KOSIS_VALUE,hcx,전기차 운행 데이터 및 소유주 정보 관리 상태,폴크스바겐 그룹 전기차,-,-,hcx,현재값,800000,-,-,N,대,수준값,-,-,"[3] 지난달 31일 독일 슈피겔 등 외신에 따르면, 폴크스바겐과 아우디, 세아트, 스코다 등 폴크스바겐그룹 전기차 80만대에서 수집한 수 테라바이트 규모 데이터가 지난 몇 달간 암호화되지 않은 채로 아마존 클라우드에 방치됐던 것으로 나타났다.",high,Y,measurement_period_ungrounded:1,N,0,0,HCX-007,article-combined-v2.0-sentence-index,2026-07-31,Y,article_combined,0
A0003-c001,A0003-c001-m1,A0003,최저임금 1만30원으로 인상… 육아휴직 급여 최대 월 250만원,2025-01-01,https://www.chosun.com/economy/economy_general/2025/01/01/ADO7O3Q4WJBCJAX6UUEY4MSBV4,국가 검진에 C형 간염도 포함 ▲ 최저임금 시간당 1만30원 =최저임금이 시간당 9860원에서 1만30원으로 1.7% 인상된다.,-,-,국내공식통계,N,고용,최저임금,"시간당, 최저임금, 인상, 고용",-,-,-,-,-,-,-,2025,-,Y,확정,1만30원,POLICY_VALUE,hcx,최저임금,-,2025,Y,hcx,현재값,10030,-,-,N,원,수준값,증가,전년,[1] 최저임금이 시간당 9860원에서 1만30원으로 1.7% 인상된다.,high,Y,measurement_rule_fallback:1;measurement_binding_fallback:1;measurement_period_ungrounded:1,Y,1,1,HCX-007,article-combined-v2.0-sentence-index,2026-07-31,Y,article_combined,0
A0003-c001,A0003-c001-m2,A0003,최저임금 1만30원으로 인상… 육아휴직 급여 최대 월 250만원,2025-01-01,https://www.chosun.com/economy/economy_general/2025/01/01/ADO7O3Q4WJBCJAX6UUEY4MSBV4,국가 검진에 C형 간염도 포함 ▲ 최저임금 시간당 1만30원 =최저임금이 시간당 9860원에서 1만30원으로 1.7% 인상된다.,-,-,국내공식통계,N,고용,최저임금,"시간당, 최저임금, 인상, 고용",-,-,-,-,-,-,-,2025,-,Y,확정,9860원,POLICY_VALUE,hcx,최저임금,-,2025,Y,claim_fallback,이전값,9860,-,-,N,원,수준값,증가,전년,[1] 최저임금이 시간당 9860원에서 1만30원으로 1.7% 인상된다.,high,Y,measurement_rule_fallback:1;measurement_binding_fallback:1;measurement_period_ungrounded:1,Y,1,1,HCX-007,article-combined-v2.0-sentence-index,2026-07-31,Y,article_combined,0
A0003-c001,A0003-c001-m3,A0003,최저임금 1만30원으로 인상… 육아휴직 급여 최대 월 250만원,2025-01-01,https://www.chosun.com/economy/economy_general/2025/01/01/ADO7O3Q4WJBCJAX6UUEY4MSBV4,국가 검진에 C형 간염도 포함 ▲ 최저임금 시간당 1만30원 =최저임금이 시간당 9860원에서 1만30원으로 1.7% 인상된다.,-,-,국내공식통계,N,고용,최저임금,"시간당, 최저임금, 인상, 고용",-,-,-,-,-,-,-,2025,-,Y,확정,1.7%,POLICY_VALUE,rule_fallback,최저임금,-,2025,Y,rule_fallback,증감률,1.7,-,-,N,%,증감률,증가,-,[1] 최저임금이 시간당 9860원에서 1만30원으로 1.7% 인상된다.,high,Y,measurement_rule_fallback:1;measurement_binding_fallback:1;measurement_period_ungrounded:1,Y,1,1,HCX-007,article-combined-v2.0-sentence-index,2026-07-31,Y,article_combined,0
A0003-c002,A0003-c002-m1,A0003,최저임금 1만30원으로 인상… 육아휴직 급여 최대 월 250만원,2025-01-01,https://www.chosun.com/economy/economy_general/2025/01/01/ADO7O3Q4WJBCJAX6UUEY4MSBV4,국가 검진에 C형 간염도 포함 ▲ 최저임금 시간당 1만30원 =최저임금이 시간당 9860원에서 1만30원으로 1.7% 인상된다.,-,-,국내공식통계,N,고용,최저임금,"시간당, 최저임금, 인상, 고용",-,-,-,-,-,-,-,2025,-,Y,확정,1만30원,POLICY_VALUE,hcx,최저임금,-,2025,Y,hcx,현재값,10030,-,-,N,원,수준값,증가,전년,[1] 최저임금이 시간당 9860원에서 1만30원으로 1.7% 인상된다.,high,Y,measurement_binding_fallback:1;measurement_period_ungrounded:1,Y,0,1,HCX-007,article-combined-v2.0-sentence-index,2026-07-31,Y,article_combined,0
A0003-c002,A0003-c002-m2,A0003,최저임금 1만30원으로 인상… 육아휴직 급여 최대 월 250만원,2025-01-01,https://www.chosun.com/economy/economy_general/2025/01/01/ADO7O3Q4WJBCJAX6UUEY4MSBV4,국가 검진에 C형 간염도 포함 ▲ 최저임금 시간당 1만30원 =최저임금이 시간당 9860원에서 1만30원으로 1.7% 인상된다.,-,-,국내공식통계,N,고용,최저임금,"시간당, 최저임금, 인상, 고용",-,-,-,-,-,-,-,2025,-,Y,확정,9860원,POLICY_VALUE,hcx,최저임금,-,2025,Y,claim_fallback,이전값,9860,-,-,N,원,수준값,증가,전년,[1] 최저임금이 시간당 9860원에서 1만30원으로 1.7% 인상된다.,high,Y,measurement_binding_fallback:1;measurement_period_ungrounded:1,Y,0,1,HCX-007,article-combined-v2.0-sentence-index,2026-07-31,Y,article_combined,0
A0003-c002,A0003-c002-m3,A0003,최저임금 1만30원으로 인상… 육아휴직 급여 최대 월 250만원,2025-01-01,https://www.chosun.com/economy/economy_general/2025/01/01/ADO7O3Q4WJBCJAX6UUEY4MSBV4,국가 검진에 C형 간염도 포함 ▲ 최저임금 시간당 1만30원 =최저임금이 시간당 9860원에서 1만30원으로 1.7% 인상된다.,-,-,국내공식통계,N,고용,최저임금,"시간당, 최저임금, 인상, 고용",-,-,-,-,-,-,-,2025,-,Y,확정,1.7%,POLICY_VALUE,hcx,최저임금 인상률,-,2025,Y,hcx,증감률,1.7,-,-,N,%,증감률,증가,전년,[1] 최저임금이 시간당 9860원에서 1만30원으로 1.7% 인상된다.,high,Y,measurement_binding_fallback:1;measurement_period_ungrounded:1,Y,0,1,HCX-007,article-combined-v2.0-sentence-index,2026-07-31,Y,article_combined,0
A0003-c003,A0003-c003-m1,A0003,최저임금 1만30원으로 인상… 육아휴직 급여 최대 월 250만원,2025-01-01,https://www.chosun.com/economy/economy_general/2025/01/01/ADO7O3Q4WJBCJAX6UUEY4MSBV4,주 근로시간 40시간을 기준으로 환산한 월급은 209만6270원이다.,-,-,국내공식통계,N,고용,최저임금,"시간당, 최저임금, 인상, 고용",-,-,-,-,-,-,-,2025,-,M,확정,40시간,CONDITION,rule_fallback,최저임금,-,2025,M,rule_fallback,참고값,40,-,-,N,시간,수준값,-,-,[1] 최저임금이 시간당 9860원에서 1만30원으로 1.7% 인상된다.,high,Y,measurement_rule_fallback:2,Y,2,0,HCX-007,article-combined-v2.0-sentence-index,2026-07-31,Y,article_combined,0
A0003-c003,A0003-c003-m2,A0003,최저임금 1만30원으로 인상… 육아휴직 급여 최대 월 250만원,2025-01-01,https://www.chosun.com/economy/economy_general/2025/01/01/ADO7O3Q4WJBCJAX6UUEY4MSBV4,주 근로시간 40시간을 기준으로 환산한 월급은 209만6270원이다.,-,-,국내공식통계,N,고용,최저임금,"시간당, 최저임금, 인상, 고용",-,-,-,-,-,-,-,2025,-,M,확정,209만6270원,POLICY_VALUE,rule_fallback,최저임금,-,2025,M,rule_fallback,현재값,2096270,-,-,N,원,수준값,-,-,[1] 최저임금이 시간당 9860원에서 1만30원으로 1.7% 인상된다.,high,Y,measurement_rule_fallback:2,Y,2,0,HCX-007,article-combined-v2.0-sentence-index,2026-07-31,Y,article_combined,0
A0003-c004,A0003-c004-m1,A0003,최저임금 1만30원으로 인상… 육아휴직 급여 최대 월 250만원,2025-01-01,https://www.chosun.com/economy/economy_general/2025/01/01/ADO7O3Q4WJBCJAX6UUEY4MSBV4,▲ 국가장학금 지원 대폭 확대 =국가장학금 I유형과 다자녀 장학금 지원 대상을 100만명에서 150만명으로 확대해 1인당 최대 100만원을 지원한다.,-,-,국내공식통계,N,재정·조세,국가장학금 지원 대상,"대학생, 장학금",-,-,-,-,대학생,-,-,2025,-,-,확정,150만명,POLICY_VALUE,hcx,국가장학금 지원 대상,-,2025,-,hcx,현재값,1500000,-,-,N,명,수준값,증가,전년,[40] 국가장학금 I유형과 다자녀 장학금 지원 대상을 100만명에서 150만명으로 확대해 1인당 최대 100만원을 지원한다.,high,Y,measurement_rule_fallback:1;measurement_binding_fallback:1;measurement_period_ungrounded:1,Y,1,1,HCX-007,article-combined-v2.0-sentence-index,2026-07-31,Y,article_combined,1
A0003-c004,A0003-c004-m2,A0003,최저임금 1만30원으로 인상… 육아휴직 급여 최대 월 250만원,2025-01-01,https://www.chosun.com/economy/economy_general/2025/01/01/ADO7O3Q4WJBCJAX6UUEY4MSBV4,▲ 국가장학금 지원 대폭 확대 =국가장학금 I유형과 다자녀 장학금 지원 대상을 100만명에서 150만명으로 확대해 1인당 최대 100만원을 지원한다.,-,-,국내공식통계,N,재정·조세,국가장학금 지원 대상,"대학생, 장학금",-,-,-,-,대학생,-,-,2025,-,-,확정,100만명,POLICY_VALUE,hcx,국가장학금 지원 대상,-,2025,-,claim_fallback,이전값,1000000,-,-,N,명,수준값,증가,전년,[40] 국가장학금 I유형과 다자녀 장학금 지원 대상을 100만명에서 150만명으로 확대해 1인당 최대 100만원을 지원한다.,high,Y,measurement_rule_fallback:1;measurement_binding_fallback:1;measurement_period_ungrounded:1,Y,1,1,HCX-007,article-combined-v2.0-sentence-index,2026-07-31,Y,article_combined,1
A0003-c004,A0003-c004-m3,A0003,최저임금 1만30원으로 인상… 육아휴직 급여 최대 월 250만원,2025-01-01,https://www.chosun.com/economy/economy_general/2025/01/01/ADO7O3Q4WJBCJAX6UUEY4MSBV4,▲ 국가장학금 지원 대폭 확대 =국가장학금 I유형과 다자녀 장학금 지원 대상을 100만명에서 150만명으로 확대해 1인당 최대 100만원을 지원한다.,-,-,국내공식통계,N,재정·조세,국가장학금 지원 대상,"대학생, 장학금",-,-,-,-,대학생,-,-,2025,-,-,확정,100만원,POLICY_VALUE,rule_fallback,국가장학금 지원 대상,-,2025,-,rule_fallback,목표값,1000000,-,-,N,원,수준값,증가,-,[40] 국가장학금 I유형과 다자녀 장학금 지원 대상을 100만명에서 150만명으로 확대해 1인당 최대 100만원을 지원한다.,high,Y,measurement_rule_fallback:1;measurement_binding_fallback:1;measurement_period_ungrounded:1,Y,1,1,HCX-007,article-combined-v2.0-sentence-index,2026-07-31,Y,article_combined,1
A0003-c005,A0003-c005-m1,A0003,최저임금 1만30원으로 인상… 육아휴직 급여 최대 월 250만원,2025-01-01,https://www.chosun.com/economy/economy_general/2025/01/01/ADO7O3Q4WJBCJAX6UUEY4MSBV4,"국가근로장학금 수혜 대상은 14만명에서 20만명으로 확대되며, 주거안정장학금을 신설해 원거리 통학으로 어려움을 겪는 저소득 대학생에게 연간 최대 240만원을 지원한다.",-,-,국내공식통계,N,재정·조세,국가근로장학금 수혜 대상,"대학생, 장학금",-,-,-,-,대학생,-,-,2025,-,-,확정,20만명,POLICY_VALUE,hcx,국가근로장학금 수혜 대상,-,2025,-,hcx,현재값,200000,-,-,N,명,수준값,증가,전년,"[41] 국가근로장학금 수혜 대상은 14만명에서 20만명으로 확대되며, 주거안정장학금을 신설해 원거리 통학으로 어려움을 겪는 저소득 대학생에게 연간 최대 240만원을 지원한다.",high,Y,measurement_rule_fallback:1;measurement_binding_fallback:1;measurement_period_ungrounded:1,Y,1,1,HCX-007,article-combined-v2.0-sentence-index,2026-07-31,Y,article_combined,1
A0003-c005,A0003-c005-m2,A0003,최저임금 1만30원으로 인상… 육아휴직 급여 최대 월 250만원,2025-01-01,https://www.chosun.com/economy/economy_general/2025/01/01/ADO7O3Q4WJBCJAX6UUEY4MSBV4,"국가근로장학금 수혜 대상은 14만명에서 20만명으로 확대되며, 주거안정장학금을 신설해 원거리 통학으로 어려움을 겪는 저소득 대학생에게 연간 최대 240만원을 지원한다.",-,-,국내공식통계,N,재정·조세,국가근로장학금 수혜 대상,"대학생, 장학금",-,-,-,-,대학생,-,-,2025,-,-,확정,14만명,POLICY_VALUE,hcx,국가근로장학금 수혜 대상,-,2025,-,claim_fallback,이전값,140000,-,-,N,명,수준값,증가,전년,"[41] 국가근로장학금 수혜 대상은 14만명에서 20만명으로 확대되며, 주거안정장학금을 신설해 원거리 통학으로 어려움을 겪는 저소득 대학생에게 연간 최대 240만원을 지원한다.",high,Y,measurement_rule_fallback:1;measurement_binding_fallback:1;measurement_period_ungrounded:1,Y,1,1,HCX-007,article-combined-v2.0-sentence-index,2026-07-31,Y,article_combined,1
A0003-c005,A0003-c005-m3,A0003,최저임금 1만30원으로 인상… 육아휴직 급여 최대 월 250만원,2025-01-01,https://www.chosun.com/economy/economy_general/2025/01/01/ADO7O3Q4WJBCJAX6UUEY4MSBV4,"국가근로장학금 수혜 대상은 14만명에서 20만명으로 확대되며, 주거안정장학금을 신설해 원거리 통학으로 어려움을 겪는 저소득 대학생에게 연간 최대 240만원을 지원한다.",-,-,국내공식통계,N,재정·조세,국가근로장학금 수혜 대상,"대학생, 장학금",-,-,-,-,대학생,-,-,2025,-,-,확정,240만원,POLICY_VALUE,rule_fallback,국가근로장학금 수혜 대상,-,2025,-,rule_fallback,목표값,2400000,-,-,N,원,수준값,증가,-,"[41] 국가근로장학금 수혜 대상은 14만명에서 20만명으로 확대되며, 주거안정장학금을 신설해 원거리 통학으로 어려움을 겪는 저소득 대학생에게 연간 최대 240만원을 지원한다.",high,Y,measurement_rule_fallback:1;measurement_binding_fallback:1;measurement_period_ungrounded:1,Y,1,1,HCX-007,article-combined-v2.0-sentence-index,2026-07-31,Y,article_combined,1
A0003-c006,A0003-c006-m1,A0003,최저임금 1만30원으로 인상… 육아휴직 급여 최대 월 250만원,2025-01-01,https://www.chosun.com/economy/economy_general/2025/01/01/ADO7O3Q4WJBCJAX6UUEY4MSBV4,"국가근로장학금 수혜 대상은 14만명에서 20만명으로 확대되며, 주거안정장학금을 신설해 원거리 통학으로 어려움을 겪는 저소득 대학생에게 연간 최대 240만원을 지원한다.",-,-,국내공식통계,N,재정·조세,주거안정장학금 지원,"대학생, 장학금",-,-,-,-,대학생,-,-,2025,-,-,확정,연간 최대 240만원,POLICY_VALUE,hcx,주거안정장학금 지원,-,2025,-,hcx,현재값,2400000,-,-,N,원,수준값,증가,전년,"[41] 국가근로장학금 수혜 대상은 14만명에서 20만명으로 확대되며, 주거안정장학금을 신설해 원거리 통학으로 어려움을 겪는 저소득 대학생에게 연간 최대 240만원을 지원한다.",high,Y,measurement_rule_fallback:2,Y,2,0,HCX-007,article-combined-v2.0-sentence-index,2026-07-31,Y,article_combined,1
A0003-c006,A0003-c006-m2,A0003,최저임금 1만30원으로 인상… 육아휴직 급여 최대 월 250만원,2025-01-01,https://www.chosun.com/economy/economy_general/2025/01/01/ADO7O3Q4WJBCJAX6UUEY4MSBV4,"국가근로장학금 수혜 대상은 14만명에서 20만명으로 확대되며, 주거안정장학금을 신설해 원거리 통학으로 어려움을 겪는 저소득 대학생에게 연간 최대 240만원을 지원한다.",-,-,국내공식통계,N,재정·조세,주거안정장학금 지원,"대학생, 장학금",-,-,-,-,대학생,-,-,2025,-,-,확정,14만명,POLICY_VALUE,rule_fallback,주거안정장학금 지원,-,2025,-,rule_fallback,이전값,140000,-,-,N,명,수준값,증가,-,"[41] 국가근로장학금 수혜 대상은 14만명에서 20만명으로 확대되며, 주거안정장학금을 신설해 원거리 통학으로 어려움을 겪는 저소득 대학생에게 연간 최대 240만원을 지원한다.",high,Y,measurement_rule_fallback:2,Y,2,0,HCX-007,article-combined-v2.0-sentence-index,2026-07-31,Y,article_combined,1
A0003-c006,A0003-c006-m3,A0003,최저임금 1만30원으로 인상… 육아휴직 급여 최대 월 250만원,2025-01-01,https://www.chosun.com/economy/economy_general/2025/01/01/ADO7O3Q4WJBCJAX6UUEY4MSBV4,"국가근로장학금 수혜 대상은 14만명에서 20만명으로 확대되며, 주거안정장학금을 신설해 원거리 통학으로 어려움을 겪는 저소득 대학생에게 연간 최대 240만원을 지원한다.",-,-,국내공식통계,N,재정·조세,주거안정장학금 지원,"대학생, 장학금",-,-,-,-,대학생,-,-,2025,-,-,확정,20만명,POLICY_VALUE,rule_fallback,주거안정장학금 지원,-,2025,-,rule_fallback,현재값,200000,-,-,N,명,수준값,증가,-,"[41] 국가근로장학금 수혜 대상은 14만명에서 20만명으로 확대되며, 주거안정장학금을 신설해 원거리 통학으로 어려움을 겪는 저소득 대학생에게 연간 최대 240만원을 지원한다.",high,Y,measurement_rule_fallback:2,Y,2,0,HCX-007,article-combined-v2.0-sentence-index,2026-07-31,Y,article_combined,1
A0003-c007,A0003-c007-m1,A0003,최저임금 1만30원으로 인상… 육아휴직 급여 최대 월 250만원,2025-01-01,https://www.chosun.com/economy/economy_general/2025/01/01/ADO7O3Q4WJBCJAX6UUEY4MSBV4,▲ 병 봉급 인상 =병 봉급을 병장 기준 월 125만원에서 150만원으로 늘린다.,-,-,국내공식통계,N,재정·조세,병 봉급,"병장, 상병, 일병, 이병",-,-,-,-,병사,-,-,2025,-,-,확정,150만원,POLICY_VALUE,hcx,병 봉급,병장,2025,-,hcx,현재값,1500000,-,-,N,원,수준값,증가,전년,[42] 병 봉급을 병장 기준 월 125만원에서 150만원으로 늘린다.,high,Y,measurement_binding_fallback:1;measurement_period_ungrounded:1,N,0,1,HCX-007,article-combined-v2.0-sentence-index,2026-07-31,Y,article_combined,1
A0003-c007,A0003-c007-m2,A0003,최저임금 1만30원으로 인상… 육아휴직 급여 최대 월 250만원,2025-01-01,https://www.chosun.com/economy/economy_general/2025/01/01/ADO7O3Q4WJBCJAX6UUEY4MSBV4,▲ 병 봉급 인상 =병 봉급을 병장 기준 월 125만원에서 150만원으로 늘린다.,-,-,국내공식통계,N,재정·조세,병 봉급,"병장, 상병, 일병, 이병",-,-,-,-,병사,-,-,2025,-,-,확정,125만원,POLICY_VALUE,hcx,병 봉급,병장,2025,-,claim_fallback,이전값,1250000,-,-,N,원,수준값,증가,전년,[42] 병 봉급을 병장 기준 월 125만원에서 150만원으로 늘린다.,high,Y,measurement_binding_fallback:1;measurement_period_ungrounded:1,N,0,1,HCX-007,article-combined-v2.0-sentence-index,2026-07-31,Y,article_combined,1
A0003-c008,A0003-c008-m1,A0003,최저임금 1만30원으로 인상… 육아휴직 급여 최대 월 250만원,2025-01-01,https://www.chosun.com/economy/economy_general/2025/01/01/ADO7O3Q4WJBCJAX6UUEY4MSBV4,"상병 봉급은 100만원에서 120만원으로, 일병은 80만원에서 90만원으로, 이병은 64만원에서 75만원으로 늘어난다.",-,-,국내공식통계,N,재정·조세,병 봉급,"병장, 상병, 일병, 이병",-,-,-,-,병사,-,-,2025,-,-,확정,120만원,POLICY_VALUE,hcx,병 봉급,상병,2025,-,hcx,현재값,1200000,-,-,N,원,수준값,증가,전년,"[43] 상병 봉급은 100만원에서 120만원으로, 일병은 80만원에서 90만원으로, 이병은 64만원에서 75만원으로 늘어난다.",high,Y,measurement_binding_fallback:3;measurement_period_ungrounded:3,Y,0,3,HCX-007,article-combined-v2.0-sentence-index,2026-07-31,Y,article_combined,1
A0003-c008,A0003-c008-m2,A0003,최저임금 1만30원으로 인상… 육아휴직 급여 최대 월 250만원,2025-01-01,https://www.chosun.com/economy/economy_general/2025/01/01/ADO7O3Q4WJBCJAX6UUEY4MSBV4,"상병 봉급은 100만원에서 120만원으로, 일병은 80만원에서 90만원으로, 이병은 64만원에서 75만원으로 늘어난다.",-,-,국내공식통계,N,재정·조세,병 봉급,"병장, 상병, 일병, 이병",-,-,-,-,병사,-,-,2025,-,-,확정,100만원,POLICY_VALUE,hcx,병 봉급,상병,2025,-,claim_fallback,이전값,1000000,-,-,N,원,수준값,증가,전년,"[43] 상병 봉급은 100만원에서 120만원으로, 일병은 80만원에서 90만원으로, 이병은 64만원에서 75만원으로 늘어난다.",high,Y,measurement_binding_fallback:3;measurement_period_ungrounded:3,Y,0,3,HCX-007,article-combined-v2.0-sentence-index,2026-07-31,Y,article_combined,1
A0003-c008,A0003-c008-m3,A0003,최저임금 1만30원으로 인상… 육아휴직 급여 최대 월 250만원,2025-01-01,https://www.chosun.com/economy/economy_general/2025/01/01/ADO7O3Q4WJBCJAX6UUEY4MSBV4,"상병 봉급은 100만원에서 120만원으로, 일병은 80만원에서 90만원으로, 이병은 64만원에서 75만원으로 늘어난다.",-,-,국내공식통계,N,재정·조세,병 봉급,"병장, 상병, 일병, 이병",-,-,-,-,병사,-,-,2025,-,-,확정,90만원,POLICY_VALUE,hcx,병 봉급,일병,2025,-,hcx,현재값,900000,-,-,N,원,수준값,증가,전년,"[43] 상병 봉급은 100만원에서 120만원으로, 일병은 80만원에서 90만원으로, 이병은 64만원에서 75만원으로 늘어난다.",high,Y,measurement_binding_fallback:3;measurement_period_ungrounded:3,Y,0,3,HCX-007,article-combined-v2.0-sentence-index,2026-07-31,Y,article_combined,1
A0003-c008,A0003-c008-m4,A0003,최저임금 1만30원으로 인상… 육아휴직 급여 최대 월 250만원,2025-01-01,https://www.chosun.com/economy/economy_general/2025/01/01/ADO7O3Q4WJBCJAX6UUEY4MSBV4,"상병 봉급은 100만원에서 120만원으로, 일병은 80만원에서 90만원으로, 이병은 64만원에서 75만원으로 늘어난다.",-,-,국내공식통계,N,재정·조세,병 봉급,"병장, 상병, 일병, 이병",-,-,-,-,병사,-,-,2025,-,-,확정,80만원,POLICY_VALUE,hcx,병 봉급,일병,2025,-,claim_fallback,이전값,800000,-,-,N,원,수준값,증가,전년,"[43] 상병 봉급은 100만원에서 120만원으로, 일병은 80만원에서 90만원으로, 이병은 64만원에서 75만원으로 늘어난다.",high,Y,measurement_binding_fallback:3;measurement_period_ungrounded:3,Y,0,3,HCX-007,article-combined-v2.0-sentence-index,2026-07-31,Y,article_combined,1
A0003-c008,A0003-c008-m5,A0003,최저임금 1만30원으로 인상… 육아휴직 급여 최대 월 250만원,2025-01-01,https://www.chosun.com/economy/economy_general/2025/01/01/ADO7O3Q4WJBCJAX6UUEY4MSBV4,"상병 봉급은 100만원에서 120만원으로, 일병은 80만원에서 90만원으로, 이병은 64만원에서 75만원으로 늘어난다.",-,-,국내공식통계,N,재정·조세,병 봉급,"병장, 상병, 일병, 이병",-,-,-,-,병사,-,-,2025,-,-,확정,75만원,POLICY_VALUE,hcx,병 봉급,이병,2025,-,hcx,현재값,750000,-,-,N,원,수준값,증가,전년,"[43] 상병 봉급은 100만원에서 120만원으로, 일병은 80만원에서 90만원으로, 이병은 64만원에서 75만원으로 늘어난다.",high,Y,measurement_binding_fallback:3;measurement_period_ungrounded:3,Y,0,3,HCX-007,article-combined-v2.0-sentence-index,2026-07-31,Y,article_combined,1
A0003-c008,A0003-c008-m6,A0003,최저임금 1만30원으로 인상… 육아휴직 급여 최대 월 250만원,2025-01-01,https://www.chosun.com/economy/economy_general/2025/01/01/ADO7O3Q4WJBCJAX6UUEY4MSBV4,"상병 봉급은 100만원에서 120만원으로, 일병은 80만원에서 90만원으로, 이병은 64만원에서 75만원으로 늘어난다.",-,-,국내공식통계,N,재정·조세,병 봉급,"병장, 상병, 일병, 이병",-,-,-,-,병사,-,-,2025,-,-,확정,64만원,POLICY_VALUE,hcx,병 봉급,이병,2025,-,claim_fallback,이전값,640000,-,-,N,원,수준값,증가,전년,"[43] 상병 봉급은 100만원에서 120만원으로, 일병은 80만원에서 90만원으로, 이병은 64만원에서 75만원으로 늘어난다.",high,Y,measurement_binding_fallback:3;measurement_period_ungrounded:3,Y,0,3,HCX-007,article-combined-v2.0-sentence-index,2026-07-31,Y,article_combined,1
A0003-c009,A0003-c009-m1,A0003,최저임금 1만30원으로 인상… 육아휴직 급여 최대 월 250만원,2025-01-01,https://www.chosun.com/economy/economy_general/2025/01/01/ADO7O3Q4WJBCJAX6UUEY4MSBV4,"상병 봉급은 100만원에서 120만원으로, 일병은 80만원에서 90만원으로, 이병은 64만원에서 75만원으로 늘어난다.",-,-,국내공식통계,N,재정·조세,병 봉급,"병장, 상병, 일병, 이병",-,-,-,-,병사,-,-,2025,-,-,확정,120만원,POLICY_VALUE,hcx,병 봉급,상병,2025,-,hcx,현재값,1200000,-,-,N,원,수준값,증가,전년,"[43] 상병 봉급은 100만원에서 120만원으로, 일병은 80만원에서 90만원으로, 이병은 64만원에서 75만원으로 늘어난다.",high,Y,measurement_binding_fallback:3;measurement_period_ungrounded:3,Y,0,3,HCX-007,article-combined-v2.0-sentence-index,2026-07-31,Y,article_combined,1
A0003-c009,A0003-c009-m2,A0003,최저임금 1만30원으로 인상… 육아휴직 급여 최대 월 250만원,2025-01-01,https://www.chosun.com/economy/economy_general/2025/01/01/ADO7O3Q4WJBCJAX6UUEY4MSBV4,"상병 봉급은 100만원에서 120만원으로, 일병은 80만원에서 90만원으로, 이병은 64만원에서 75만원으로 늘어난다.",-,-,국내공식통계,N,재정·조세,병 봉급,"병장, 상병, 일병, 이병",-,-,-,-,병사,-,-,2025,-,-,확정,100만원,POLICY_VALUE,hcx,병 봉급,상병,2025,-,claim_fallback,이전값,1000000,-,-,N,원,수준값,증가,전년,"[43] 상병 봉급은 100만원에서 120만원으로, 일병은 80만원에서 90만원으로, 이병은 64만원에서 75만원으로 늘어난다.",high,Y,measurement_binding_fallback:3;measurement_period_ungrounded:3,Y,0,3,HCX-007,article-combined-v2.0-sentence-index,2026-07-31,Y,article_combined,1
A0003-c009,A0003-c009-m3,A0003,최저임금 1만30원으로 인상… 육아휴직 급여 최대 월 250만원,2025-01-01,https://www.chosun.com/economy/economy_general/2025/01/01/ADO7O3Q4WJBCJAX6UUEY4MSBV4,"상병 봉급은 100만원에서 120만원으로, 일병은 80만원에서 90만원으로, 이병은 64만원에서 75만원으로 늘어난다.",-,-,국내공식통계,N,재정·조세,병 봉급,"병장, 상병, 일병, 이병",-,-,-,-,병사,-,-,2025,-,-,확정,90만원,POLICY_VALUE,hcx,병 봉급,일병,2025,-,hcx,현재값,900000,-,-,N,원,수준값,증가,전년,"[43] 상병 봉급은 100만원에서 120만원으로, 일병은 80만원에서 90만원으로, 이병은 64만원에서 75만원으로 늘어난다.",high,Y,measurement_binding_fallback:3;measurement_period_ungrounded:3,Y,0,3,HCX-007,article-combined-v2.0-sentence-index,2026-07-31,Y,article_combined,1
A0003-c009,A0003-c009-m4,A0003,최저임금 1만30원으로 인상… 육아휴직 급여 최대 월 250만원,2025-01-01,https://www.chosun.com/economy/economy_general/2025/01/01/ADO7O3Q4WJBCJAX6UUEY4MSBV4,"상병 봉급은 100만원에서 120만원으로, 일병은 80만원에서 90만원으로, 이병은 64만원에서 75만원으로 늘어난다.",-,-,국내공식통계,N,재정·조세,병 봉급,"병장, 상병, 일병, 이병",-,-,-,-,병사,-,-,2025,-,-,확정,80만원,POLICY_VALUE,hcx,병 봉급,일병,2025,-,claim_fallback,이전값,800000,-,-,N,원,수준값,증가,전년,"[43] 상병 봉급은 100만원에서 120만원으로, 일병은 80만원에서 90만원으로, 이병은 64만원에서 75만원으로 늘어난다.",high,Y,measurement_binding_fallback:3;measurement_period_ungrounded:3,Y,0,3,HCX-007,article-combined-v2.0-sentence-index,2026-07-31,Y,article_combined,1
A0003-c009,A0003-c009-m5,A0003,최저임금 1만30원으로 인상… 육아휴직 급여 최대 월 250만원,2025-01-01,https://www.chosun.com/economy/economy_general/2025/01/01/ADO7O3Q4WJBCJAX6UUEY4MSBV4,"상병 봉급은 100만원에서 120만원으로, 일병은 80만원에서 90만원으로, 이병은 64만원에서 75만원으로 늘어난다.",-,-,국내공식통계,N,재정·조세,병 봉급,"병장, 상병, 일병, 이병",-,-,-,-,병사,-,-,2025,-,-,확정,75만원,POLICY_VALUE,hcx,병 봉급,이병,2025,-,hcx,현재값,750000,-,-,N,원,수준값,증가,전년,"[43] 상병 봉급은 100만원에서 120만원으로, 일병은 80만원에서 90만원으로, 이병은 64만원에서 75만원으로 늘어난다.",high,Y,measurement_binding_fallback:3;measurement_period_ungrounded:3,Y,0,3,HCX-007,article-combined-v2.0-sentence-index,2026-07-31,Y,article_combined,1
A0003-c009,A0003-c009-m6,A0003,최저임금 1만30원으로 인상… 육아휴직 급여 최대 월 250만원,2025-01-01,https://www.chosun.com/economy/economy_general/2025/01/01/ADO7O3Q4WJBCJAX6UUEY4MSBV4,"상병 봉급은 100만원에서 120만원으로, 일병은 80만원에서 90만원으로, 이병은 64만원에서 75만원으로 늘어난다.",-,-,국내공식통계,N,재정·조세,병 봉급,"병장, 상병, 일병, 이병",-,-,-,-,병사,-,-,2025,-,-,확정,64만원,POLICY_VALUE,hcx,병 봉급,이병,2025,-,claim_fallback,이전값,640000,-,-,N,원,수준값,증가,전년,"[43] 상병 봉급은 100만원에서 120만원으로, 일병은 80만원에서 90만원으로, 이병은 64만원에서 75만원으로 늘어난다.",high,Y,measurement_binding_fallback:3;measurement_period_ungrounded:3,Y,0,3,HCX-007,article-combined-v2.0-sentence-index,2026-07-31,Y,article_combined,1
A0003-c010,A0003-c010-m1,A0003,최저임금 1만30원으로 인상… 육아휴직 급여 최대 월 250만원,2025-01-01,https://www.chosun.com/economy/economy_general/2025/01/01/ADO7O3Q4WJBCJAX6UUEY4MSBV4,"상병 봉급은 100만원에서 120만원으로, 일병은 80만원에서 90만원으로, 이병은 64만원에서 75만원으로 늘어난다.",-,-,국내공식통계,N,재정·조세,병 봉급,"병장, 상병, 일병, 이병",-,-,-,-,병사,-,-,2025,-,-,확정,120만원,POLICY_VALUE,hcx,병 봉급,상병,2025,-,hcx,현재값,1200000,-,-,N,원,수준값,증가,전년,"[43] 상병 봉급은 100만원에서 120만원으로, 일병은 80만원에서 90만원으로, 이병은 64만원에서 75만원으로 늘어난다.",high,Y,measurement_binding_fallback:3;measurement_period_ungrounded:3,Y,0,3,HCX-007,article-combined-v2.0-sentence-index,2026-07-31,Y,article_combined,1
A0003-c010,A0003-c010-m2,A0003,최저임금 1만30원으로 인상… 육아휴직 급여 최대 월 250만원,2025-01-01,https://www.chosun.com/economy/economy_general/2025/01/01/ADO7O3Q4WJBCJAX6UUEY4MSBV4,"상병 봉급은 100만원에서 120만원으로, 일병은 80만원에서 90만원으로, 이병은 64만원에서 75만원으로 늘어난다.",-,-,국내공식통계,N,재정·조세,병 봉급,"병장, 상병, 일병, 이병",-,-,-,-,병사,-,-,2025,-,-,확정,100만원,POLICY_VALUE,hcx,병 봉급,상병,2025,-,claim_fallback,이전값,1000000,-,-,N,원,수준값,증가,전년,"[43] 상병 봉급은 100만원에서 120만원으로, 일병은 80만원에서 90만원으로, 이병은 64만원에서 75만원으로 늘어난다.",high,Y,measurement_binding_fallback:3;measurement_period_ungrounded:3,Y,0,3,HCX-007,article-combined-v2.0-sentence-index,2026-07-31,Y,article_combined,1
A0003-c010,A0003-c010-m3,A0003,최저임금 1만30원으로 인상… 육아휴직 급여 최대 월 250만원,2025-01-01,https://www.chosun.com/economy/economy_general/2025/01/01/ADO7O3Q4WJBCJAX6UUEY4MSBV4,"상병 봉급은 100만원에서 120만원으로, 일병은 80만원에서 90만원으로, 이병은 64만원에서 75만원으로 늘어난다.",-,-,국내공식통계,N,재정·조세,병 봉급,"병장, 상병, 일병, 이병",-,-,-,-,병사,-,-,2025,-,-,확정,90만원,POLICY_VALUE,hcx,병 봉급,일병,2025,-,hcx,현재값,900000,-,-,N,원,수준값,증가,전년,"[43] 상병 봉급은 100만원에서 120만원으로, 일병은 80만원에서 90만원으로, 이병은 64만원에서 75만원으로 늘어난다.",high,Y,measurement_binding_fallback:3;measurement_period_ungrounded:3,Y,0,3,HCX-007,article-combined-v2.0-sentence-index,2026-07-31,Y,article_combined,1
A0003-c010,A0003-c010-m4,A0003,최저임금 1만30원으로 인상… 육아휴직 급여 최대 월 250만원,2025-01-01,https://www.chosun.com/economy/economy_general/2025/01/01/ADO7O3Q4WJBCJAX6UUEY4MSBV4,"상병 봉급은 100만원에서 120만원으로, 일병은 80만원에서 90만원으로, 이병은 64만원에서 75만원으로 늘어난다.",-,-,국내공식통계,N,재정·조세,병 봉급,"병장, 상병, 일병, 이병",-,-,-,-,병사,-,-,2025,-,-,확정,80만원,POLICY_VALUE,hcx,병 봉급,일병,2025,-,claim_fallback,이전값,800000,-,-,N,원,수준값,증가,전년,"[43] 상병 봉급은 100만원에서 120만원으로, 일병은 80만원에서 90만원으로, 이병은 64만원에서 75만원으로 늘어난다.",high,Y,measurement_binding_fallback:3;measurement_period_ungrounded:3,Y,0,3,HCX-007,article-combined-v2.0-sentence-index,2026-07-31,Y,article_combined,1
A0003-c010,A0003-c010-m5,A0003,최저임금 1만30원으로 인상… 육아휴직 급여 최대 월 250만원,2025-01-01,https://www.chosun.com/economy/economy_general/2025/01/01/ADO7O3Q4WJBCJAX6UUEY4MSBV4,"상병 봉급은 100만원에서 120만원으로, 일병은 80만원에서 90만원으로, 이병은 64만원에서 75만원으로 늘어난다.",-,-,국내공식통계,N,재정·조세,병 봉급,"병장, 상병, 일병, 이병",-,-,-,-,병사,-,-,2025,-,-,확정,75만원,POLICY_VALUE,hcx,병 봉급,이병,2025,-,hcx,현재값,750000,-,-,N,원,수준값,증가,전년,"[43] 상병 봉급은 100만원에서 120만원으로, 일병은 80만원에서 90만원으로, 이병은 64만원에서 75만원으로 늘어난다.",high,Y,measurement_binding_fallback:3;measurement_period_ungrounded:3,Y,0,3,HCX-007,article-combined-v2.0-sentence-index,2026-07-31,Y,article_combined,1
A0003-c010,A0003-c010-m6,A0003,최저임금 1만30원으로 인상… 육아휴직 급여 최대 월 250만원,2025-01-01,https://www.chosun.com/economy/economy_general/2025/01/01/ADO7O3Q4WJBCJAX6UUEY4MSBV4,"상병 봉급은 100만원에서 120만원으로, 일병은 80만원에서 90만원으로, 이병은 64만원에서 75만원으로 늘어난다.",-,-,국내공식통계,N,재정·조세,병 봉급,"병장, 상병, 일병, 이병",-,-,-,-,병사,-,-,2025,-,-,확정,64만원,POLICY_VALUE,hcx,병 봉급,이병,2025,-,claim_fallback,이전값,640000,-,-,N,원,수준값,증가,전년,"[43] 상병 봉급은 100만원에서 120만원으로, 일병은 80만원에서 90만원으로, 이병은 64만원에서 75만원으로 늘어난다.",high,Y,measurement_binding_fallback:3;measurement_period_ungrounded:3,Y,0,3,HCX-007,article-combined-v2.0-sentence-index,2026-07-31,Y,article_combined,1
A0003-c011,A0003-c011-m1,A0003,최저임금 1만30원으로 인상… 육아휴직 급여 최대 월 250만원,2025-01-01,https://www.chosun.com/economy/economy_general/2025/01/01/ADO7O3Q4WJBCJAX6UUEY4MSBV4,장병 내일준비적금의 정부 지원금도 월 최대 40만원에서 55만원으로 오른다.,-,-,국내공식통계,N,재정·조세,장병 내일준비적금 정부 지원금,"장병, 적금",-,-,-,-,장병,-,-,2025,-,-,확정,55만원,POLICY_VALUE,hcx,장병 내일준비적금 정부 지원금,-,2025,-,hcx,현재값,550000,-,-,N,원,수준값,증가,전년,[44] 장병 내일준비적금의 정부 지원금도 월 최대 40만원에서 55만원으로 오른다.,high,Y,measurement_binding_fallback:1;measurement_period_ungrounded:1,N,0,1,HCX-007,article-combined-v2.0-sentence-index,2026-07-31,Y,article_combined,1
A0003-c011,A0003-c011-m2,A0003,최저임금 1만30원으로 인상… 육아휴직 급여 최대 월 250만원,2025-01-01,https://www.chosun.com/economy/economy_general/2025/01/01/ADO7O3Q4WJBCJAX6UUEY4MSBV4,장병 내일준비적금의 정부 지원금도 월 최대 40만원에서 55만원으로 오른다.,-,-,국내공식통계,N,재정·조세,장병 내일준비적금 정부 지원금,"장병, 적금",-,-,-,-,장병,-,-,2025,-,-,확정,40만원,POLICY_VALUE,hcx,장병 내일준비적금 정부 지원금,-,2025,-,claim_fallback,이전값,400000,-,-,N,원,수준값,증가,전년,[44] 장병 내일준비적금의 정부 지원금도 월 최대 40만원에서 55만원으로 오른다.,high,Y,measurement_binding_fallback:1;measurement_period_ungrounded:1,N,0,1,HCX-007,article-combined-v2.0-sentence-index,2026-07-31,Y,article_combined,1
A0003-c012,A0003-c012-m1,A0003,최저임금 1만30원으로 인상… 육아휴직 급여 최대 월 250만원,2025-01-01,https://www.chosun.com/economy/economy_general/2025/01/01/ADO7O3Q4WJBCJAX6UUEY4MSBV4,"희망하는 초등학교 1~2학년이 모두 늘봄학교에 참여할 수 있고, 맞춤형 프로그램이 매일 2시간 무료로 제공된다.",-,-,국내공식통계,N,재정·조세,늘봄학교 지원 대상,"늘봄학교, 초등학교",-,-,-,-,초등학생,-,-,2025,-,-,확정,매일 2시간,CONTEXT,hcx,맞춤형 프로그램 제공 시간,초등학교 1~2학년,2025,-,hcx,현재값,2,-,-,N,시간,수준값,증가,전년,"[39] 희망하는 초등학교 1~2학년이 모두 늘봄학교에 참여할 수 있고, 맞춤형 프로그램이 매일 2시간 무료로 제공된다.",high,N,-,N,0,0,HCX-007,article-combined-v2.0-sentence-index,2026-07-31,Y,article_combined,1
A0004-c001,A0004-c001-m1,A0004,‘직원 한 명에 로봇 수십 대’… 이젠 로봇이 공장 움직인다,2025-01-01,https://www.chosun.com/economy/economy_general/2025/01/01/TGA2SHZ4SFACHOHRP36OUPCMHE,국제로봇연맹(IFR)에 따르면 2023년 우리나라는 직원 1만명당 로봇 1012대를 쓰는 나라였다.,-,-,국내공식통계,N,고용,로봇 밀도,"로봇 밀도, 1만명당 로봇수",-,-,-,-,-,-,-,2023,-,-,확정,직원 1만명당 로봇 1012대,KOSIS_VALUE,hcx,로봇 밀도,전체 제조업,2023,-,hcx,현재값,1012,-,-,N,대,수준값,-,전년,국제로봇연맹(IFR)에 따르면 2023년 우리나라는 직원 1만명당 로봇 1012대를 쓰는 나라였다.,high,Y,measurement_rule_fallback:1,Y,1,0,HCX-007,article-combined-v2.0-sentence-index,2026-07-31,Y,article_combined,0
A0004-c001,A0004-c001-m2,A0004,‘직원 한 명에 로봇 수십 대’… 이젠 로봇이 공장 움직인다,2025-01-01,https://www.chosun.com/economy/economy_general/2025/01/01/TGA2SHZ4SFACHOHRP36OUPCMHE,국제로봇연맹(IFR)에 따르면 2023년 우리나라는 직원 1만명당 로봇 1012대를 쓰는 나라였다.,-,-,국내공식통계,N,고용,로봇 밀도,"로봇 밀도, 1만명당 로봇수",-,-,-,-,-,-,-,2023,-,-,확정,1만명,CONDITION,rule_fallback,로봇 밀도,-,2023,-,rule_fallback,참고값,10000,-,-,N,명,수준값,-,-,국제로봇연맹(IFR)에 따르면 2023년 우리나라는 직원 1만명당 로봇 1012대를 쓰는 나라였다.,high,Y,measurement_rule_fallback:1,Y,1,0,HCX-007,article-combined-v2.0-sentence-index,2026-07-31,Y,article_combined,0
A0004-c002,A0004-c002-m1,A0004,‘직원 한 명에 로봇 수십 대’… 이젠 로봇이 공장 움직인다,2025-01-01,https://www.chosun.com/economy/economy_general/2025/01/01/TGA2SHZ4SFACHOHRP36OUPCMHE,전 세계 평균(1만명당 162대)의 6배가 넘는 수치다.,-,-,국내공식통계,N,고용,로봇 밀도,"로봇 밀도, 1만명당 로봇수",-,-,-,-,-,-,-,2023,-,-,확정,162대,KOSIS_VALUE,hcx,세계 평균 로봇 밀도,-,2023,-,hcx,참고값,162,-,-,N,대,수준값,-,전년,전 세계 평균(1만명당 162대)의 6배가 넘는 수치다.,high,Y,measurement_rule_fallback:2,Y,2,0,HCX-007,article-combined-v2.0-sentence-index,2026-07-31,Y,article_combined,0
A0004-c002,A0004-c002-m2,A0004,‘직원 한 명에 로봇 수십 대’… 이젠 로봇이 공장 움직인다,2025-01-01,https://www.chosun.com/economy/economy_general/2025/01/01/TGA2SHZ4SFACHOHRP36OUPCMHE,전 세계 평균(1만명당 162대)의 6배가 넘는 수치다.,-,-,국내공식통계,N,고용,로봇 밀도,"로봇 밀도, 1만명당 로봇수",-,-,-,-,-,-,-,2023,-,-,확정,1만명,CONDITION,rule_fallback,로봇 밀도,-,2023,-,rule_fallback,참고값,10000,-,-,N,명,수준값,-,-,전 세계 평균(1만명당 162대)의 6배가 넘는 수치다.,high,Y,measurement_rule_fallback:2,Y,2,0,HCX-007,article-combined-v2.0-sentence-index,2026-07-31,Y,article_combined,0
A0004-c002,A0004-c002-m3,A0004,‘직원 한 명에 로봇 수십 대’… 이젠 로봇이 공장 움직인다,2025-01-01,https://www.chosun.com/economy/economy_general/2025/01/01/TGA2SHZ4SFACHOHRP36OUPCMHE,전 세계 평균(1만명당 162대)의 6배가 넘는 수치다.,-,-,국내공식통계,N,고용,로봇 밀도,"로봇 밀도, 1만명당 로봇수",-,-,-,-,-,-,-,2023,-,-,확정,6배,KOSIS_VALUE,rule_fallback,로봇 밀도,-,2023,-,rule_fallback,현재값,6,-,-,N,배,수준값,-,-,전 세계 평균(1만명당 162대)의 6배가 넘는 수치다.,high,Y,measurement_rule_fallback:2,Y,2,0,HCX-007,article-combined-v2.0-sentence-index,2026-07-31,Y,article_combined,0
A0004-c003,A0004-c003-m1,A0004,‘직원 한 명에 로봇 수십 대’… 이젠 로봇이 공장 움직인다,2025-01-01,https://www.chosun.com/economy/economy_general/2025/01/01/TGA2SHZ4SFACHOHRP36OUPCMHE,"우리나라는 로봇 밀도 1위 나라일 뿐 아니라, 지난 2018년 이후로 매년 5%씩 성장한 유일한 나라이기도 하다.",-,-,국내공식통계,N,고용,로봇 밀도,"로봇 밀도, 1만명당 로봇수",-,-,-,-,-,-,-,2023,-,-,확정,매년 5%,KOSIS_VALUE,hcx,연간 성장률,-,2018,Y,hcx,증감률,5,-,-,N,%,증감률,증가,전년,"우리나라는 로봇 밀도 1위 나라일 뿐 아니라, 지난 2018년 이후로 매년 5%씩 성장한 유일한 나라이기도 하다.",high,Y,measurement_rule_fallback:1,Y,1,0,HCX-007,article-combined-v2.0-sentence-index,2026-07-31,Y,article_combined,0
A0004-c003,A0004-c003-m2,A0004,‘직원 한 명에 로봇 수십 대’… 이젠 로봇이 공장 움직인다,2025-01-01,https://www.chosun.com/economy/economy_general/2025/01/01/TGA2SHZ4SFACHOHRP36OUPCMHE,"우리나라는 로봇 밀도 1위 나라일 뿐 아니라, 지난 2018년 이후로 매년 5%씩 성장한 유일한 나라이기도 하다.",-,-,국내공식통계,N,고용,로봇 밀도,"로봇 밀도, 1만명당 로봇수",-,-,-,-,-,-,-,2023,-,-,확정,1위,KOSIS_VALUE,rule_fallback,로봇 밀도,-,2023,-,rule_fallback,현재값,1,-,-,N,위,순위,-,-,"우리나라는 로봇 밀도 1위 나라일 뿐 아니라, 지난 2018년 이후로 매년 5%씩 성장한 유일한 나라이기도 하다.",high,Y,measurement_rule_fallback:1,Y,1,0,HCX-007,article-combined-v2.0-sentence-index,2026-07-31,Y,article_combined,0
A0004-c004,A0004-c004-m1,A0004,‘직원 한 명에 로봇 수십 대’… 이젠 로봇이 공장 움직인다,2025-01-01,https://www.chosun.com/economy/economy_general/2025/01/01/TGA2SHZ4SFACHOHRP36OUPCMHE,한국로봇산업진흥원에 따르면 2023년까지 로봇화에 뛰어든 우리 기업은 2524곳으로 지난 2019년보다 13%가량 증가했다.,-,-,국내공식통계,N,생산·산업,로봇화에 뛰어든 기업의 수,"로봇화, 기업 수",-,-,-,-,-,-,-,2023,-,-,확정,2524곳,KOSIS_VALUE,hcx,로봇화에 뛰어든 기업의 수,-,2023,-,hcx,현재값,2524,-,-,N,곳,수준값,-,전년,[48] 한국로봇산업진흥원에 따르면 2023년까지 로봇화에 뛰어든 우리 기업은 2524곳으로 지난 2019년보다 13%가량 증가했다.,high,N,-,N,0,0,HCX-007,article-combined-v2.0-sentence-index,2026-07-31,Y,article_combined,1
A0004-c004,A0004-c004-m2,A0004,‘직원 한 명에 로봇 수십 대’… 이젠 로봇이 공장 움직인다,2025-01-01,https://www.chosun.com/economy/economy_general/2025/01/01/TGA2SHZ4SFACHOHRP36OUPCMHE,한국로봇산업진흥원에 따르면 2023년까지 로봇화에 뛰어든 우리 기업은 2524곳으로 지난 2019년보다 13%가량 증가했다.,-,-,국내공식통계,N,생산·산업,로봇화에 뛰어든 기업의 수,"로봇화, 기업 수",-,-,-,-,-,-,-,2023,-,-,확정,13%가량,KOSIS_VALUE,hcx,로봇화에 뛰어든 기업의 수,-,2019,Y,hcx,증감값,13,-,-,Y,%,증감률,증가,전년동기,[48] 한국로봇산업진흥원에 따르면 2023년까지 로봇화에 뛰어든 우리 기업은 2524곳으로 지난 2019년보다 13%가량 증가했다.,high,N,-,N,0,0,HCX-007,article-combined-v2.0-sentence-index,2026-07-31,Y,article_combined,1
A0005-c001,A0005-c001-m1,A0005,"정부, 美 ‘CES 2025′에 역대 최대 통합한국관 운영",2025-01-01,https://www.chosun.com/economy/industry-company/2025/01/01/2LIJLNBNSNANXCA6WLEDQ7A74A,산업통상자원부와 코트라(KOTRA)는 이달 7~10일 개최되는 CES 2025에 36개 기관과 협업해 445개사 규모의 역대 최대 통합한국관을 구성한다. 이는 지난해 443개보다 2개 늘어난 역대 최대 규모다.,-,-,국내공식통계,N,무역,통합한국관 참여 기업 수,"통합한국관, 참여 기업 수",-,-,-,-,-,-,-,2025,-,-,확정,445개사,KOSIS_VALUE,hcx,통합한국관 참여 기업 수,-,2025,-,hcx,현재값,445,-,-,N,개사,수준값,증가,전년,[2] 산업통상자원부와 코트라(KOTRA)는 이달 7~10일 개최되는 CES 2025에 36개 기관과 협업해 445개사 규모의 역대 최대 통합한국관을 구성한다.,high,Y,measurement_rule_fallback:2,Y,2,0,HCX-007,article-combined-v2.0-sentence-index,2026-07-31,Y,article_combined,0
A0005-c001,A0005-c001-m2,A0005,"정부, 美 ‘CES 2025′에 역대 최대 통합한국관 운영",2025-01-01,https://www.chosun.com/economy/industry-company/2025/01/01/2LIJLNBNSNANXCA6WLEDQ7A74A,산업통상자원부와 코트라(KOTRA)는 이달 7~10일 개최되는 CES 2025에 36개 기관과 협업해 445개사 규모의 역대 최대 통합한국관을 구성한다. 이는 지난해 443개보다 2개 늘어난 역대 최대 규모다.,-,-,국내공식통계,N,무역,통합한국관 참여 기업 수,"통합한국관, 참여 기업 수",-,-,-,-,-,-,-,2025,-,-,확정,443개,KOSIS_VALUE,hcx,통합한국관 참여 기업 수,-,2024,-,hcx,이전값,443,-,-,N,개,수준값,증가,전년,[2] 산업통상자원부와 코트라(KOTRA)는 이달 7~10일 개최되는 CES 2025에 36개 기관과 협업해 445개사 규모의 역대 최대 통합한국관을 구성한다.,high,Y,measurement_rule_fallback:2,Y,2,0,HCX-007,article-combined-v2.0-sentence-index,2026-07-31,Y,article_combined,0
A0005-c001,A0005-c001-m3,A0005,"정부, 美 ‘CES 2025′에 역대 최대 통합한국관 운영",2025-01-01,https://www.chosun.com/economy/industry-company/2025/01/01/2LIJLNBNSNANXCA6WLEDQ7A74A,산업통상자원부와 코트라(KOTRA)는 이달 7~10일 개최되는 CES 2025에 36개 기관과 협업해 445개사 규모의 역대 최대 통합한국관을 구성한다. 이는 지난해 443개보다 2개 늘어난 역대 최대 규모다.,-,-,국내공식통계,N,무역,통합한국관 참여 기업 수,"통합한국관, 참여 기업 수",-,-,-,-,-,-,-,2025,-,-,확정,36개,CONTEXT,rule_fallback,통합한국관 참여 기업 수,-,2025,-,rule_fallback,참고값,36,-,-,N,개,수준값,증가,-,[2] 산업통상자원부와 코트라(KOTRA)는 이달 7~10일 개최되는 CES 2025에 36개 기관과 협업해 445개사 규모의 역대 최대 통합한국관을 구성한다.,high,Y,measurement_rule_fallback:2,Y,2,0,HCX-007,article-combined-v2.0-sentence-index,2026-07-31,Y,article_combined,0
A0005-c001,A0005-c001-m4,A0005,"정부, 美 ‘CES 2025′에 역대 최대 통합한국관 운영",2025-01-01,https://www.chosun.com/economy/industry-company/2025/01/01/2LIJLNBNSNANXCA6WLEDQ7A74A,산업통상자원부와 코트라(KOTRA)는 이달 7~10일 개최되는 CES 2025에 36개 기관과 협업해 445개사 규모의 역대 최대 통합한국관을 구성한다. 이는 지난해 443개보다 2개 늘어난 역대 최대 규모다.,-,-,국내공식통계,N,무역,통합한국관 참여 기업 수,"통합한국관, 참여 기업 수",-,-,-,-,-,-,-,2025,-,-,확정,2개,KOSIS_VALUE,rule_fallback,통합한국관 참여 기업 수,-,2025,-,rule_fallback,현재값,2,-,-,N,개,수준값,증가,-,[2] 산업통상자원부와 코트라(KOTRA)는 이달 7~10일 개최되는 CES 2025에 36개 기관과 협업해 445개사 규모의 역대 최대 통합한국관을 구성한다.,high,Y,measurement_rule_fallback:2,Y,2,0,HCX-007,article-combined-v2.0-sentence-index,2026-07-31,Y,article_combined,0
A0005-c002,A0005-c002-m1,A0005,"정부, 美 ‘CES 2025′에 역대 최대 통합한국관 운영",2025-01-01,https://www.chosun.com/economy/industry-company/2025/01/01/2LIJLNBNSNANXCA6WLEDQ7A74A,"올해 한국은 삼성, LG, 현대, SK 등 글로벌 대기업과 통합한국관 445개사, 기타 중소·중견기업 455여개를 포함한 약 900개사가 참가할 예정이다. 전체 한국 기업 참가 숫자도 지난해보다 100개가량 늘어난 최대다.",-,-,국내공식통계,N,무역,전체 한국 기업 참가 수,전체 한국 기업 참가 수,-,-,-,-,-,-,-,2025,-,-,확정,900개사,KOSIS_VALUE,hcx,전체 한국 기업 참가 수,-,2025,-,hcx,현재값,900,-,-,Y,개사,수준값,증가,전년,"[5] 올해 한국은 삼성, LG, 현대, SK 등 글로벌 대기업과 통합한국관 445개사, 기타 중소·중견기업 455여개를 포함한 약 900개사가 참가할 예정이다.[6] 전체 한국 기업 참가 숫자도 지난해보다 100개가량 늘어난 최대다.",high,Y,measurement_rule_fallback:3,Y,3,0,HCX-007,article-combined-v2.0-sentence-index,2026-07-31,Y,article_combined,0
A0005-c002,A0005-c002-m2,A0005,"정부, 美 ‘CES 2025′에 역대 최대 통합한국관 운영",2025-01-01,https://www.chosun.com/economy/industry-company/2025/01/01/2LIJLNBNSNANXCA6WLEDQ7A74A,"올해 한국은 삼성, LG, 현대, SK 등 글로벌 대기업과 통합한국관 445개사, 기타 중소·중견기업 455여개를 포함한 약 900개사가 참가할 예정이다. 전체 한국 기업 참가 숫자도 지난해보다 100개가량 늘어난 최대다.",-,-,국내공식통계,N,무역,전체 한국 기업 참가 수,전체 한국 기업 참가 수,-,-,-,-,-,-,-,2025,-,-,확정,445개사,KOSIS_VALUE,rule_fallback,전체 한국 기업 참가 수,-,2025,-,rule_fallback,현재값,445,-,-,N,개사,수준값,증가,-,"[5] 올해 한국은 삼성, LG, 현대, SK 등 글로벌 대기업과 통합한국관 445개사, 기타 중소·중견기업 455여개를 포함한 약 900개사가 참가할 예정이다.[6] 전체 한국 기업 참가 숫자도 지난해보다 100개가량 늘어난 최대다.",high,Y,measurement_rule_fallback:3,Y,3,0,HCX-007,article-combined-v2.0-sentence-index,2026-07-31,Y,article_combined,0
A0005-c002,A0005-c002-m3,A0005,"정부, 美 ‘CES 2025′에 역대 최대 통합한국관 운영",2025-01-01,https://www.chosun.com/economy/industry-company/2025/01/01/2LIJLNBNSNANXCA6WLEDQ7A74A,"올해 한국은 삼성, LG, 현대, SK 등 글로벌 대기업과 통합한국관 445개사, 기타 중소·중견기업 455여개를 포함한 약 900개사가 참가할 예정이다. 전체 한국 기업 참가 숫자도 지난해보다 100개가량 늘어난 최대다.",-,-,국내공식통계,N,무역,전체 한국 기업 참가 수,전체 한국 기업 참가 수,-,-,-,-,-,-,-,2025,-,-,확정,455여개,KOSIS_VALUE,rule_fallback,전체 한국 기업 참가 수,-,2025,-,rule_fallback,현재값,455,-,-,Y,개,수준값,증가,-,"[5] 올해 한국은 삼성, LG, 현대, SK 등 글로벌 대기업과 통합한국관 445개사, 기타 중소·중견기업 455여개를 포함한 약 900개사가 참가할 예정이다.[6] 전체 한국 기업 참가 숫자도 지난해보다 100개가량 늘어난 최대다.",high,Y,measurement_rule_fallback:3,Y,3,0,HCX-007,article-combined-v2.0-sentence-index,2026-07-31,Y,article_combined,0
A0005-c002,A0005-c002-m4,A0005,"정부, 美 ‘CES 2025′에 역대 최대 통합한국관 운영",2025-01-01,https://www.chosun.com/economy/industry-company/2025/01/01/2LIJLNBNSNANXCA6WLEDQ7A74A,"올해 한국은 삼성, LG, 현대, SK 등 글로벌 대기업과 통합한국관 445개사, 기타 중소·중견기업 455여개를 포함한 약 900개사가 참가할 예정이다. 전체 한국 기업 참가 숫자도 지난해보다 100개가량 늘어난 최대다.",-,-,국내공식통계,N,무역,전체 한국 기업 참가 수,전체 한국 기업 참가 수,-,-,-,-,-,-,-,2025,-,-,확정,100개가량,KOSIS_VALUE,rule_fallback,전체 한국 기업 참가 수,-,2025,-,rule_fallback,현재값,100,-,-,Y,개,수준값,증가,-,"[5] 올해 한국은 삼성, LG, 현대, SK 등 글로벌 대기업과 통합한국관 445개사, 기타 중소·중견기업 455여개를 포함한 약 900개사가 참가할 예정이다.[6] 전체 한국 기업 참가 숫자도 지난해보다 100개가량 늘어난 최대다.",high,Y,measurement_rule_fallback:3,Y,3,0,HCX-007,article-combined-v2.0-sentence-index,2026-07-31,Y,article_combined,0
A0007-c001,A0007-c001-m1,A0007,"외신 “2024년, 2018년 이후 가장 항공 희생자 많은 해 됐다”",2025-01-01,https://www.chosun.com/economy/industry-company/2025/01/01/CQYMZH3PHRHZ7CXJFKL5PT4AB4,영국 항공 데이터분석 기관 시리움(Cirium)에 따르면 지난해 여객기 사고로 숨진 사람은 세계에서 318명에 이른다.,-,-,기타,N,기타,항공 희생자 수,-,-,-,-,-,-,-,-,2024,-,-,확정,318명,KOSIS_VALUE,hcx,항공 희생자 수,-,2024,-,hcx,현재값,318,-,-,N,명,수준값,유지,전년,[1] 영국 항공 데이터분석 기관 시리움(Cirium)에 따르면 지난해 여객기 사고로 숨진 사람은 세계에서 318명에 이른다.,high,N,-,N,0,0,HCX-007,article-combined-v2.0-sentence-index,2026-07-31,Y,article_combined,0
A0007-c002,A0007-c002-m1,A0007,"외신 “2024년, 2018년 이후 가장 항공 희생자 많은 해 됐다”",2025-01-01,https://www.chosun.com/economy/industry-company/2025/01/01/CQYMZH3PHRHZ7CXJFKL5PT4AB4,보잉 737 맥스 여객기가 자카르타에서 추락한 사고로 189명이 사망한 사건이 발생한 2018년(전체 사망자 526명) 이후 가장 많다.,-,-,기타,N,기타,항공 희생자 수,-,-,-,-,-,-,-,-,2024,-,-,확정,526명,KOSIS_VALUE,hcx,항공 희생자 수,-,2018,-,hcx,이전값,526,-,-,N,명,수준값,감소,전년,[2] 보잉 737 맥스 여객기가 자카르타에서 추락한 사고로 189명이 사망한 사건이 발생한 2018년(전체 사망자 526명) 이후 가장 많다.,high,Y,measurement_rule_fallback:1,Y,1,0,HCX-007,article-combined-v2.0-sentence-index,2026-07-31,Y,article_combined,0
A0007-c002,A0007-c002-m2,A0007,"외신 “2024년, 2018년 이후 가장 항공 희생자 많은 해 됐다”",2025-01-01,https://www.chosun.com/economy/industry-company/2025/01/01/CQYMZH3PHRHZ7CXJFKL5PT4AB4,보잉 737 맥스 여객기가 자카르타에서 추락한 사고로 189명이 사망한 사건이 발생한 2018년(전체 사망자 526명) 이후 가장 많다.,-,-,기타,N,기타,항공 희생자 수,-,-,-,-,-,-,-,-,2024,-,-,확정,189명,KOSIS_VALUE,rule_fallback,항공 희생자 수,-,2024,-,rule_fallback,현재값,189,-,-,N,명,수준값,-,-,[2] 보잉 737 맥스 여객기가 자카르타에서 추락한 사고로 189명이 사망한 사건이 발생한 2018년(전체 사망자 526명) 이후 가장 많다.,high,Y,measurement_rule_fallback:1,Y,1,0,HCX-007,article-combined-v2.0-sentence-index,2026-07-31,Y,article_combined,0
A0008-c001,A0008-c001-m1,A0008,가스공사 5억·삼천리 3억 기부,2025-01-01,https://www.chosun.com/economy/industry-company/2025/01/01/M2MAOXQQG5GE5CER35HRDHBBXI,0 한국가스공사는 저소득 가정 청소년을 위한 성금 5억원을 대구 사회복지공동모금회에 기탁했다고 31일 밝혔다.,-,-,개별기업,N,기타,성금,-,대구,-,-,-,생계급여 수급 가정 청소년,-,-,202501,-,M,확정,5억원,POLICY_VALUE,hcx,성금 총액,한국가스공사,202501,M,claim_fallback,현재값,500000000,-,-,N,원,수준값,유지,특정시점,[0] 한국가스공사는 저소득 가정 청소년을 위한 성금 5억원을 대구 사회복지공동모금회에 기탁했다고 31일 밝혔다.,high,Y,measurement_binding_fallback:1;measurement_period_ungrounded:1,N,0,1,HCX-007,article-combined-v2.0-sentence-index,2026-07-31,Y,article_combined,0
A0008-c002,A0008-c002-m1,A0008,가스공사 5억·삼천리 3억 기부,2025-01-01,https://www.chosun.com/economy/industry-company/2025/01/01/M2MAOXQQG5GE5CER35HRDHBBXI,성금은 대구 지역 생계급여 수급 가정 청소년 약 4800명에게 각 10만원씩 전달된다.,-,-,개별기업,N,기타,성금,-,대구,청소년,-,-,생계급여 수급 가정 청소년,-,-,202501,-,M,확정,약 4800명,POLICY_VALUE,hcx,지원받는 청소년 수,생계급여 수급 가정 청소년,202501,M,claim_fallback,현재값,4800,-,-,Y,명,수준값,유지,특정시점,[1] 성금은 대구 지역 생계급여 수급 가정 청소년 약 4800명에게 각 10만원씩 전달된다.,high,Y,measurement_binding_fallback:2;measurement_period_ungrounded:2,Y,0,2,HCX-007,article-combined-v2.0-sentence-index,2026-07-31,Y,article_combined,0
A0008-c002,A0008-c002-m2,A0008,가스공사 5억·삼천리 3억 기부,2025-01-01,https://www.chosun.com/economy/industry-company/2025/01/01/M2MAOXQQG5GE5CER35HRDHBBXI,성금은 대구 지역 생계급여 수급 가정 청소년 약 4800명에게 각 10만원씩 전달된다.,-,-,개별기업,N,기타,성금,-,대구,청소년,-,-,생계급여 수급 가정 청소년,-,-,202501,-,M,확정,각 10만원씩,POLICY_VALUE,hcx,청소년 당 지원금액,생계급여 수급 가정 청소년,202501,M,claim_fallback,현재값,100000,-,-,N,원,수준값,유지,특정시점,[1] 성금은 대구 지역 생계급여 수급 가정 청소년 약 4800명에게 각 10만원씩 전달된다.,high,Y,measurement_binding_fallback:2;measurement_period_ungrounded:2,Y,0,2,HCX-007,article-combined-v2.0-sentence-index,2026-07-31,Y,article_combined,0
A0008-c003,A0008-c003-m1,A0008,가스공사 5억·삼천리 3억 기부,2025-01-01,https://www.chosun.com/economy/industry-company/2025/01/01/M2MAOXQQG5GE5CER35HRDHBBXI,삼천리그룹도 이날 소외 계층을 위해 써달라며 3억원을 사회복지공동모금회에 기부했다.,-,-,개별기업,N,기타,성금,-,전국,-,-,-,소외 계층,-,-,202501,-,M,확정,3억원,POLICY_VALUE,hcx,성금 총액,삼천리그룹,202501,M,claim_fallback,현재값,300000000,-,-,N,원,수준값,유지,특정시점,[3] 삼천리그룹도 이날 소외 계층을 위해 써달라며 3억원을 사회복지공동모금회에 기부했다.,high,Y,measurement_binding_fallback:1;measurement_period_ungrounded:1,N,0,1,HCX-007,article-combined-v2.0-sentence-index,2026-07-31,Y,article_combined,0
A0011-c001,A0011-c001-m1,A0011,"CJ, 이웃 사랑 성금 20억원",2025-01-01,https://www.chosun.com/economy/industry-company/2025/01/01/V5QTVTWN4VHZ7GZJOMKW4AL6PQ,0 CJ는 사회복지공동모금회에 성금 20억원을 기부했다고 31일 밝혔다.,-,-,개별기업,Y,기타,성금,"CJ, 사회복지공동모금회, 성금",-,-,-,-,-,-,-,2025,-,-,확정,20억원,POLICY_VALUE,hcx,성금액,-,2025,-,claim_fallback,현재값,2000000000,-,-,N,원,수준값,-,-,[0] CJ는 사회복지공동모금회에 성금 20억원을 기부했다고 31일 밝혔다.,high,Y,measurement_binding_fallback:1;measurement_period_ungrounded:1,N,0,1,HCX-007,article-combined-v2.0-sentence-index,2026-07-31,Y,article_combined,0
A0012-c001,A0012-c001-m1,A0012,조선업 산업기술인력 9년 만에 다시 상승세,2025-01-01,https://www.chosun.com/economy/industry-company/2025/01/01/VR4RUPY3CFEGZGFC5M4JPY5SDE,31일 산업통상자원부의 ‘산업기술인력 수급 실태조사’에 따르면 지난 2023년 말 조선 산업기술인력은 5만8528명으로 전년인 2022년 대비 0.8% 증가했다.,-,-,국내공식통계,N,고용,조선 산업기술인력,"조선업, 산업기술인력, 외국인 근로자",-,-,-,조선업,-,-,-,2023,-,Y,확정,5만8528명,KOSIS_VALUE,hcx,조선 산업기술인력,조선업,2023,Y,hcx,현재값,58528,-,-,N,명,수준값,증가,전년,[4] 31일 산업통상자원부의 ‘산업기술인력 수급 실태조사’에 따르면 지난 2023년 말 조선 산업기술인력은 5만8528명으로 전년인 2022년 대비 0.8% 증가했다.,high,N,-,Y,0,0,HCX-007,article-combined-v2.0-sentence-index,2026-07-31,Y,article_combined,0
A0012-c001,A0012-c001-m2,A0012,조선업 산업기술인력 9년 만에 다시 상승세,2025-01-01,https://www.chosun.com/economy/industry-company/2025/01/01/VR4RUPY3CFEGZGFC5M4JPY5SDE,31일 산업통상자원부의 ‘산업기술인력 수급 실태조사’에 따르면 지난 2023년 말 조선 산업기술인력은 5만8528명으로 전년인 2022년 대비 0.8% 증가했다.,-,-,국내공식통계,N,고용,조선 산업기술인력,"조선업, 산업기술인력, 외국인 근로자",-,-,-,조선업,-,-,-,2023,-,Y,확정,0.8%,KOSIS_VALUE,hcx,조선 산업기술인력,조선업,2022,Y,hcx,증감률,0.8,-,-,N,%,증감률,증가,전년,[4] 31일 산업통상자원부의 ‘산업기술인력 수급 실태조사’에 따르면 지난 2023년 말 조선 산업기술인력은 5만8528명으로 전년인 2022년 대비 0.8% 증가했다.,high,N,-,Y,0,0,HCX-007,article-combined-v2.0-sentence-index,2026-07-31,Y,article_combined,0
A0012-c002,A0012-c002-m1,A0012,조선업 산업기술인력 9년 만에 다시 상승세,2025-01-01,https://www.chosun.com/economy/industry-company/2025/01/01/VR4RUPY3CFEGZGFC5M4JPY5SDE,조선 산업기술인력 중 외국인은 2022년 877명에서 2023년 2563명으로 3배 가까이 늘었다.,-,-,국내공식통계,N,고용,외국인 조선 산업기술인력,"조선업, 산업기술인력, 외국인 근로자",-,-,-,조선업,-,-,-,2023,-,Y,확정,2563명,KOSIS_VALUE,hcx,외국인 조선 산업기술인력,조선업,2023,Y,hcx,현재값,2563,-,-,N,명,수준값,증가,전년,[8] 조선 산업기술인력 중 외국인은 2022년 877명에서 2023년 2563명으로 3배 가까이 늘었다.,high,Y,measurement_rule_fallback:1,Y,1,0,HCX-007,article-combined-v2.0-sentence-index,2026-07-31,Y,article_combined,0
A0012-c002,A0012-c002-m2,A0012,조선업 산업기술인력 9년 만에 다시 상승세,2025-01-01,https://www.chosun.com/economy/industry-company/2025/01/01/VR4RUPY3CFEGZGFC5M4JPY5SDE,조선 산업기술인력 중 외국인은 2022년 877명에서 2023년 2563명으로 3배 가까이 늘었다.,-,-,국내공식통계,N,고용,외국인 조선 산업기술인력,"조선업, 산업기술인력, 외국인 근로자",-,-,-,조선업,-,-,-,2023,-,Y,확정,877명,KOSIS_VALUE,hcx,외국인 조선 산업기술인력,조선업,2022,Y,hcx,이전값,877,-,-,N,명,수준값,증가,전년,[8] 조선 산업기술인력 중 외국인은 2022년 877명에서 2023년 2563명으로 3배 가까이 늘었다.,high,Y,measurement_rule_fallback:1,Y,1,0,HCX-007,article-combined-v2.0-sentence-index,2026-07-31,Y,article_combined,0
A0012-c002,A0012-c002-m3,A0012,조선업 산업기술인력 9년 만에 다시 상승세,2025-01-01,https://www.chosun.com/economy/industry-company/2025/01/01/VR4RUPY3CFEGZGFC5M4JPY5SDE,조선 산업기술인력 중 외국인은 2022년 877명에서 2023년 2563명으로 3배 가까이 늘었다.,-,-,국내공식통계,N,고용,외국인 조선 산업기술인력,"조선업, 산업기술인력, 외국인 근로자",-,-,-,조선업,-,-,-,2023,-,Y,확정,3배,KOSIS_VALUE,rule_fallback,외국인 조선 산업기술인력,조선업,2023,Y,rule_fallback,현재값,3,-,-,N,배,수준값,증가,-,[8] 조선 산업기술인력 중 외국인은 2022년 877명에서 2023년 2563명으로 3배 가까이 늘었다.,high,Y,measurement_rule_fallback:1,Y,1,0,HCX-007,article-combined-v2.0-sentence-index,2026-07-31,Y,article_combined,0
A0012-c003,A0012-c003-m1,A0012,조선업 산업기술인력 9년 만에 다시 상승세,2025-01-01,https://www.chosun.com/economy/industry-company/2025/01/01/VR4RUPY3CFEGZGFC5M4JPY5SDE,이들이 차지하는 비율도 같은 기간 1.5%에서 4.4%로 증가했다.,-,-,국내공식통계,N,고용,외국인 조선 산업기술인력 비율,"조선업, 산업기술인력, 외국인 근로자 비율",-,-,-,조선업,-,-,-,2023,-,Y,확정,4.4%,KOSIS_VALUE,hcx,외국인 조선 산업기술인력 비율,조선업,2023,Y,hcx,현재값,4.4,-,-,N,%,수준값,증가,전년,[9] 이들이 차지하는 비율도 같은 기간 1.5%에서 4.4%로 증가했다.,high,N,-,N,0,0,HCX-007,article-combined-v2.0-sentence-index,2026-07-31,Y,article_combined,0
A0012-c003,A0012-c003-m2,A0012,조선업 산업기술인력 9년 만에 다시 상승세,2025-01-01,https://www.chosun.com/economy/industry-company/2025/01/01/VR4RUPY3CFEGZGFC5M4JPY5SDE,이들이 차지하는 비율도 같은 기간 1.5%에서 4.4%로 증가했다.,-,-,국내공식통계,N,고용,외국인 조선 산업기술인력 비율,"조선업, 산업기술인력, 외국인 근로자 비율",-,-,-,조선업,-,-,-,2023,-,Y,확정,1.5%,KOSIS_VALUE,hcx,외국인 조선 산업기술인력 비율,조선업,2022,Y,hcx,이전값,1.5,-,-,N,%,수준값,증가,전년,[9] 이들이 차지하는 비율도 같은 기간 1.5%에서 4.4%로 증가했다.,high,N,-,N,0,0,HCX-007,article-combined-v2.0-sentence-index,2026-07-31,Y,article_combined,0
A0012-c004,A0012-c004-m1,A0012,조선업 산업기술인력 9년 만에 다시 상승세,2025-01-01,https://www.chosun.com/economy/industry-company/2025/01/01/VR4RUPY3CFEGZGFC5M4JPY5SDE,한편 이번 조사에서 우리나라 전체 산업기술인력 규모는 171만6846명으로 전년 대비 1% 증가한 것으로 나타났다.,-,-,국내공식통계,N,고용,우리나라 전체 산업기술인력,"산업기술인력, 우리나라 전체",-,-,-,-,-,-,-,2023,-,Y,확정,171만6846명,KOSIS_VALUE,hcx,우리나라 전체 산업기술인력,-,2023,Y,hcx,현재값,1716846,-,-,N,명,수준값,증가,전년,[15] 한편 이번 조사에서 우리나라 전체 산업기술인력 규모는 171만6846명으로 전년 대비 1% 증가한 것으로 나타났다.,high,Y,measurement_rule_fallback:1,Y,1,0,HCX-007,article-combined-v2.0-sentence-index,2026-07-31,Y,article_combined,0
A0012-c004,A0012-c004-m2,A0012,조선업 산업기술인력 9년 만에 다시 상승세,2025-01-01,https://www.chosun.com/economy/industry-company/2025/01/01/VR4RUPY3CFEGZGFC5M4JPY5SDE,한편 이번 조사에서 우리나라 전체 산업기술인력 규모는 171만6846명으로 전년 대비 1% 증가한 것으로 나타났다.,-,-,국내공식통계,N,고용,우리나라 전체 산업기술인력,"산업기술인력, 우리나라 전체",-,-,-,-,-,-,-,2023,-,Y,확정,1%,KOSIS_VALUE,rule_fallback,우리나라 전체 산업기술인력,-,2023,Y,rule_fallback,증감률,1,-,-,N,%,증감률,증가,-,[15] 한편 이번 조사에서 우리나라 전체 산업기술인력 규모는 171만6846명으로 전년 대비 1% 증가한 것으로 나타났다.,high,Y,measurement_rule_fallback:1,Y,1,0,HCX-007,article-combined-v2.0-sentence-index,2026-07-31,Y,article_combined,0
A0012-c005,A0012-c005-m1,A0012,조선업 산업기술인력 9년 만에 다시 상승세,2025-01-01,https://www.chosun.com/economy/industry-company/2025/01/01/VR4RUPY3CFEGZGFC5M4JPY5SDE,다만 산업 현장에 필요한 인원이 늘면서 부족 인원도 1.9% 늘어난 3만9190명을 기록했다.,-,-,국내공식통계,N,고용,부족 인원,"부족 인원, 산업기술인력",-,-,-,-,-,-,-,2023,-,Y,확정,3만9190명,KOSIS_VALUE,hcx,부족 인원,-,2023,Y,hcx,현재값,39190,-,-,N,명,수준값,증가,전년,[16] 다만 산업 현장에 필요한 인원이 늘면서 부족 인원도 1.9% 늘어난 3만9190명을 기록했다.,high,Y,measurement_rule_fallback:1,Y,1,0,HCX-007,article-combined-v2.0-sentence-index,2026-07-31,Y,article_combined,0
A0012-c005,A0012-c005-m2,A0012,조선업 산업기술인력 9년 만에 다시 상승세,2025-01-01,https://www.chosun.com/economy/industry-company/2025/01/01/VR4RUPY3CFEGZGFC5M4JPY5SDE,다만 산업 현장에 필요한 인원이 늘면서 부족 인원도 1.9% 늘어난 3만9190명을 기록했다.,-,-,국내공식통계,N,고용,부족 인원,"부족 인원, 산업기술인력",-,-,-,-,-,-,-,2023,-,Y,확정,1.9%,KOSIS_VALUE,rule_fallback,부족 인원,-,2023,Y,rule_fallback,증감률,1.9,-,-,N,%,증감률,증가,-,[16] 다만 산업 현장에 필요한 인원이 늘면서 부족 인원도 1.9% 늘어난 3만9190명을 기록했다.,high,Y,measurement_rule_fallback:1,Y,1,0,HCX-007,article-combined-v2.0-sentence-index,2026-07-31,Y,article_combined,0
A0013-c001,A0013-c001-m1,A0013,사라진 ‘연말연시’… 소비 침체 한동안 이어질 수도,2025-01-01,https://www.chosun.com/economy/industry-company/2025/01/01/Z6WEUBU6FBBDLGDAZFP5PNS574,한 대형 마트의 12월 1~30일 매출 신장률은 전년 같은 기간과 비교해 0%였다.,-,-,국내공식통계,N,소매·소비,연말연시 소비,"신세계백화점, 연말연시, 소비침체",-,-,-,-,-,-,-,2024,-,-,확정,0%,KOSIS_VALUE,hcx,연말연시 소매 매출 신장률,대형 마트,2024,-,hcx,현재값,0,-,-,Y,%,수준값,유지,전년,[12] 한 대형 마트의 12월 1~30일 매출 신장률은 전년 같은 기간과 비교해 0%였다.,high,N,-,N,0,0,HCX-007,article-combined-v2.0-sentence-index,2026-07-31,Y,article_combined,0
A0013-c002,-,A0013,사라진 ‘연말연시’… 소비 침체 한동안 이어질 수도,2025-01-01,https://www.chosun.com/economy/industry-company/2025/01/01/Z6WEUBU6FBBDLGDAZFP5PNS574,소비 침체가 새해에도 한동안 이어질 수 있다는 전망도 나온다.,-,-,국내공식통계,N,소매·소비,연말연시 소비,"유통 기업, 자영업자, 소비 위축",-,-,-,-,-,-,-,2024,-,-,확정,-,-,-,-,-,-,-,-,-,-,-,-,-,-,-,-,-,[6] 소비 침체가 새해에도 한동안 이어질 수 있다는 전망도 나온다.,mid,Y,-,N,0,0,HCX-007,article-combined-v2.0-sentence-index,2026-07-31,Y,article_combined,0
A0014-c001,A0014-c001-m1,A0014,북한군 시신서 망가진 수류탄 나와…엉터리 보급 받았나?,2025-01-02,https://www.chosun.com/politics/north_korea/2025/01/02/SEIZ7LJ6NZCKXMWBJIHZWJTHOM,한편 북한은 러시아를 지원하기 위해 쿠르스크 지역에 1만∼1만2000명 정도를 파병한 것으로 추산된다.,-,-,기타,N,기타,파병된 북한군 수,-,쿠르스크 지역,-,-,-,-,-,-,2025,-,-,확정,1만∼1만2000명,POLICY_VALUE,hcx,파병된 북한군 수,-,2025,-,claim_fallback,현재값,10000,10000,12000,Y,명,수준값,-,-,[8] 한편 북한은 러시아를 지원하기 위해 쿠르스크 지역에 1만∼1만2000명 정도를 파병한 것으로 추산된다.,mid,Y,measurement_rule_fallback:1;measurement_binding_fallback:1;measurement_period_ungrounded:1,Y,1,1,HCX-007,article-combined-v2.0-sentence-index,2026-07-31,Y,article_combined,0
A0014-c001,A0014-c001-m2,A0014,북한군 시신서 망가진 수류탄 나와…엉터리 보급 받았나?,2025-01-02,https://www.chosun.com/politics/north_korea/2025/01/02/SEIZ7LJ6NZCKXMWBJIHZWJTHOM,한편 북한은 러시아를 지원하기 위해 쿠르스크 지역에 1만∼1만2000명 정도를 파병한 것으로 추산된다.,-,-,기타,N,기타,파병된 북한군 수,-,쿠르스크 지역,-,-,-,-,-,-,2025,-,-,확정,1만2000명,POLICY_VALUE,rule_fallback,파병된 북한군 수,-,2025,-,rule_fallback,현재값,12000,-,-,N,명,수준값,-,-,[8] 한편 북한은 러시아를 지원하기 위해 쿠르스크 지역에 1만∼1만2000명 정도를 파병한 것으로 추산된다.,mid,Y,measurement_rule_fallback:1;measurement_binding_fallback:1;measurement_period_ungrounded:1,Y,1,1,HCX-007,article-combined-v2.0-sentence-index,2026-07-31,Y,article_combined,0
A0015-c001,A0015-c001-m1,A0015,"中 비야디, 작년 차 판매량 첫 400만대 넘었다",2025-01-02,https://www.chosun.com/economy/auto/2025/01/02/HTW6CXWRT5CSVMD5Z65DXMTMMQ,1 중국 전기차 업체 비야디(BYD)의 작년 글로벌 판매량이 재작년 대비 41.3% 급증한 427만대로 집계됐다.,-,-,개별기업,N,생산·산업,전기차 판매량,"BYD, 플러그인하이브리드, PHEV, 순수 전기차, BEV",-,-,-,전기차,-,-,-,2024,-,-,확정,427만대,KOSIS_VALUE,hcx,전기차 판매량,BYD,2024,-,hcx,현재값,4270000,-,-,N,대,수준값,증가,전년,[0] 1 중국 전기차 업체 비야디(BYD)의 작년 글로벌 판매량이 재작년 대비 41.3% 급증한 427만대로 집계됐다.,high,N,-,Y,0,0,HCX-007,article-combined-v2.0-sentence-index,2026-07-31,Y,article_combined,0
A0015-c001,A0015-c001-m2,A0015,"中 비야디, 작년 차 판매량 첫 400만대 넘었다",2025-01-02,https://www.chosun.com/economy/auto/2025/01/02/HTW6CXWRT5CSVMD5Z65DXMTMMQ,1 중국 전기차 업체 비야디(BYD)의 작년 글로벌 판매량이 재작년 대비 41.3% 급증한 427만대로 집계됐다.,-,-,개별기업,N,생산·산업,전기차 판매량,"BYD, 플러그인하이브리드, PHEV, 순수 전기차, BEV",-,-,-,전기차,-,-,-,2024,-,-,확정,41.3%,KOSIS_VALUE,hcx,전기차 판매량 증가율,BYD,2024,-,hcx,증감률,41.3,-,-,N,%,증감률,증가,전년,[0] 1 중국 전기차 업체 비야디(BYD)의 작년 글로벌 판매량이 재작년 대비 41.3% 급증한 427만대로 집계됐다.,high,N,-,Y,0,0,HCX-007,article-combined-v2.0-sentence-index,2026-07-31,Y,article_combined,0
A0015-c002,A0015-c002-m1,A0015,"中 비야디, 작년 차 판매량 첫 400만대 넘었다",2025-01-02,https://www.chosun.com/economy/auto/2025/01/02/HTW6CXWRT5CSVMD5Z65DXMTMMQ,"2일 블룸버그통신 등 외신에 따르면, 비야디는 작년 중국을 포함한 세계 시장에서 PHEV 249만대 안팎을 판매했다.",-,-,개별기업,N,생산·산업,PHEV 판매량,"BYD, 플러그인하이브리드, PHEV",-,-,-,전기차,-,-,-,2024,-,-,확정,249만대,KOSIS_VALUE,hcx,PHEV 판매량,BYD,2024,-,hcx,현재값,2490000,-,-,N,대,수준값,증가,전년,"[4] 2일 블룸버그통신 등 외신에 따르면, 비야디는 작년 중국을 포함한 세계 시장에서 PHEV 249만대 안팎을 판매했다.",high,N,-,N,0,0,HCX-007,article-combined-v2.0-sentence-index,2026-07-31,Y,article_combined,0
A0015-c003,A0015-c003-m1,A0015,"中 비야디, 작년 차 판매량 첫 400만대 넘었다",2025-01-02,https://www.chosun.com/economy/auto/2025/01/02/HTW6CXWRT5CSVMD5Z65DXMTMMQ,"반면, BEV는 약 176만대 판매되며 같은 기간 12% 증가에 그쳤다.",-,-,개별기업,N,생산·산업,BEV 판매량,"BYD, 순수 전기차, BEV",-,-,-,전기차,-,-,-,2024,-,-,확정,약 176만대,KOSIS_VALUE,hcx,BEV 판매량,BYD,2024,-,hcx,현재값,1760000,-,-,Y,대,수준값,증가,전년,"[6] 반면, BEV는 약 176만대 판매되며 같은 기간 12% 증가에 그쳤다.",high,N,-,Y,0,0,HCX-007,article-combined-v2.0-sentence-index,2026-07-31,Y,article_combined,0
A0015-c003,A0015-c003-m2,A0015,"中 비야디, 작년 차 판매량 첫 400만대 넘었다",2025-01-02,https://www.chosun.com/economy/auto/2025/01/02/HTW6CXWRT5CSVMD5Z65DXMTMMQ,"반면, BEV는 약 176만대 판매되며 같은 기간 12% 증가에 그쳤다.",-,-,개별기업,N,생산·산업,BEV 판매량,"BYD, 순수 전기차, BEV",-,-,-,전기차,-,-,-,2024,-,-,확정,12%,KOSIS_VALUE,hcx,BEV 판매량 증가율,BYD,2024,-,hcx,증감률,12,-,-,N,%,증감률,증가,전년,"[6] 반면, BEV는 약 176만대 판매되며 같은 기간 12% 증가에 그쳤다.",high,N,-,Y,0,0,HCX-007,article-combined-v2.0-sentence-index,2026-07-31,Y,article_combined,0
A0015-c004,A0015-c004-m1,A0015,"中 비야디, 작년 차 판매량 첫 400만대 넘었다",2025-01-02,https://www.chosun.com/economy/auto/2025/01/02/HTW6CXWRT5CSVMD5Z65DXMTMMQ,1 중국 전기차 업체 비야디(BYD)의 작년 글로벌 판매량이 재작년 대비 41.3% 급증한 427만대로 집계됐다.,-,-,개별기업,N,생산·산업,글로벌 판매량,"BYD, 글로벌",-,-,-,전기차,-,-,-,2024,-,-,확정,427만대,KOSIS_VALUE,hcx,글로벌 판매량,BYD,2024,-,hcx,현재값,4270000,-,-,N,대,수준값,증가,전년,[0] 1 중국 전기차 업체 비야디(BYD)의 작년 글로벌 판매량이 재작년 대비 41.3% 급증한 427만대로 집계됐다.,high,N,-,Y,0,0,HCX-007,article-combined-v2.0-sentence-index,2026-07-31,Y,article_combined,0
A0015-c004,A0015-c004-m2,A0015,"中 비야디, 작년 차 판매량 첫 400만대 넘었다",2025-01-02,https://www.chosun.com/economy/auto/2025/01/02/HTW6CXWRT5CSVMD5Z65DXMTMMQ,1 중국 전기차 업체 비야디(BYD)의 작년 글로벌 판매량이 재작년 대비 41.3% 급증한 427만대로 집계됐다.,-,-,개별기업,N,생산·산업,글로벌 판매량,"BYD, 글로벌",-,-,-,전기차,-,-,-,2024,-,-,확정,41.3%,KOSIS_VALUE,hcx,글로벌 판매량 증가율,BYD,2024,-,hcx,증감률,41.3,-,-,N,%,증감률,증가,전년,[0] 1 중국 전기차 업체 비야디(BYD)의 작년 글로벌 판매량이 재작년 대비 41.3% 급증한 427만대로 집계됐다.,high,N,-,Y,0,0,HCX-007,article-combined-v2.0-sentence-index,2026-07-31,Y,article_combined,0
A0015-c005,A0015-c005-m1,A0015,"中 비야디, 작년 차 판매량 첫 400만대 넘었다",2025-01-02,https://www.chosun.com/economy/auto/2025/01/02/HTW6CXWRT5CSVMD5Z65DXMTMMQ,비야디는 작년 중국 외 시장에서 재작년 대비 72% 안팎 늘어난 41만대를 판매했다.,-,-,개별기업,N,생산·산업,해외 시장 판매량,"BYD, 해외 시장",-,-,-,전기차,-,-,-,2024,-,-,확정,41만대,KOSIS_VALUE,hcx,해외 시장 판매량,BYD,2024,-,hcx,현재값,410000,-,-,N,대,수준값,증가,전년,[9] 비야디는 작년 중국 외 시장에서 재작년 대비 72% 안팎 늘어난 41만대를 판매했다.,high,N,-,Y,0,0,HCX-007,article-combined-v2.0-sentence-index,2026-07-31,Y,article_combined,0
A0015-c005,A0015-c005-m2,A0015,"中 비야디, 작년 차 판매량 첫 400만대 넘었다",2025-01-02,https://www.chosun.com/economy/auto/2025/01/02/HTW6CXWRT5CSVMD5Z65DXMTMMQ,비야디는 작년 중국 외 시장에서 재작년 대비 72% 안팎 늘어난 41만대를 판매했다.,-,-,개별기업,N,생산·산업,해외 시장 판매량,"BYD, 해외 시장",-,-,-,전기차,-,-,-,2024,-,-,확정,72%,KOSIS_VALUE,hcx,해외 시장 판매량 증가율,BYD,2024,-,hcx,증감률,72,-,-,N,%,증감률,증가,전년,[9] 비야디는 작년 중국 외 시장에서 재작년 대비 72% 안팎 늘어난 41만대를 판매했다.,high,N,-,Y,0,0,HCX-007,article-combined-v2.0-sentence-index,2026-07-31,Y,article_combined,0
A0019-c001,-,A0019,최상목 대행 “필요시 추가 경기보강 강구”,2025-01-02,https://www.chosun.com/economy/economy_general/2025/01/02/7VLZMCNZCFH2JCMP262AEPOUFQ,"4 최상목 대통령 권한대행 부총리 겸 기획재정부 장관이 “미국 신정부의 정책 전개양상, 민생경제 상황 등 경제 여건 전반을 1분기 중 재점검하고, 필요시 추가 경기 보강 방안을 강구하겠다”고 말했다.",-,-,국내공식통계,N,재정·조세,추가경기보강,-,-,-,-,-,-,-,-,2025,-,-,확정,-,-,-,-,-,-,-,-,-,-,-,-,-,-,-,-,-,"[0] 최상목 대통령 권한대행 부총리 겸 기획재정부 장관이 ""미국 신정부의 정책 전개양상, 민생경제 상황 등 경제 여건 전반을 1분기 중 재점검하고, 필요시 추가 경기 보강 방안을 강구하겠다""고 말했다.",mid,N,-,N,0,0,HCX-007,article-combined-v2.0-sentence-index,2026-07-31,Y,article_combined,0
A0019-c002,A0019-c002-m1,A0019,최상목 대행 “필요시 추가 경기보강 강구”,2025-01-02,https://www.chosun.com/economy/economy_general/2025/01/02/7VLZMCNZCFH2JCMP262AEPOUFQ,이날 정부가 발표한 경제정책방향에는 올해 상반기(1월 3일~6월 30일)에 출고하는 자동차를 구매하는 경우 개별소비세를 30% 인하해주는 조치 등 내수 부양책이 다수 담겼다.,-,-,국내공식통계,N,재정·조세,자동차 개별소비세 인하,"자동차, 개별소비세",-,-,-,-,-,-,-,2025,-,-,확정,30%,KOSIS_VALUE,hcx,자동차 개별소비세 인하율,자동차,2025,-,hcx,현재값,30,-,-,N,%,수준값,감소,전년,[6] 이날 정부가 발표한 경제정책방향에는 올해 상반기(1월 3일~6월 30일)에 출고하는 자동차를 구매하는 경우 개별소비세를 30% 인하해주는 조치 등 내수 부양책이 다수 담겼다.,high,N,-,N,0,0,HCX-007,article-combined-v2.0-sentence-index,2026-07-31,Y,article_combined,0
A0019-c003,A0019-c003-m1,A0019,최상목 대행 “필요시 추가 경기보강 강구”,2025-01-02,https://www.chosun.com/economy/economy_general/2025/01/02/7VLZMCNZCFH2JCMP262AEPOUFQ,"비수도권 관광쿠폰 100만장을 새로 배포하고, 근로자 휴가지원 사업 대상 규모를 6만5000명에서 15만명으로 늘리는 등이다.",-,-,국내공식통계,N,재정·조세,근로자 휴가지원 사업 대상 규모 확대,"근로자 휴가 지원, 대상 규모",-,-,-,-,-,-,-,2025,-,-,확정,15만명,POLICY_VALUE,hcx,근로자 휴가지원 사업 대상 규모,근로자,2025,-,hcx,현재값,150000,-,-,N,명,수준값,증가,전년,"[7] 비수도권 관광쿠폰 100만장을 새로 배포하고, 근로자 휴가지원 사업 대상 규모를 6만5000명에서 15만명으로 늘리는 등이다.",high,Y,measurement_binding_fallback:1;measurement_period_ungrounded:1,Y,0,1,HCX-007,article-combined-v2.0-sentence-index,2026-07-31,Y,article_combined,0
A0019-c003,A0019-c003-m2,A0019,최상목 대행 “필요시 추가 경기보강 강구”,2025-01-02,https://www.chosun.com/economy/economy_general/2025/01/02/7VLZMCNZCFH2JCMP262AEPOUFQ,"비수도권 관광쿠폰 100만장을 새로 배포하고, 근로자 휴가지원 사업 대상 규모를 6만5000명에서 15만명으로 늘리는 등이다.",-,-,국내공식통계,N,재정·조세,근로자 휴가지원 사업 대상 규모 확대,"근로자 휴가 지원, 대상 규모",-,-,-,-,-,-,-,2025,-,-,확정,6만5000명,POLICY_VALUE,hcx,근로자 휴가지원 사업 대상 규모,근로자,2025,-,claim_fallback,이전값,65000,-,-,N,명,수준값,증가,전년,"[7] 비수도권 관광쿠폰 100만장을 새로 배포하고, 근로자 휴가지원 사업 대상 규모를 6만5000명에서 15만명으로 늘리는 등이다.",high,Y,measurement_binding_fallback:1;measurement_period_ungrounded:1,Y,0,1,HCX-007,article-combined-v2.0-sentence-index,2026-07-31,Y,article_combined,0
A0019-c004,A0019-c004-m1,A0019,최상목 대행 “필요시 추가 경기보강 강구”,2025-01-02,https://www.chosun.com/economy/economy_general/2025/01/02/7VLZMCNZCFH2JCMP262AEPOUFQ,또 다가오는 설 명절에 디지털 온누리상품권 할인 수준을 10%에서 15%로 높이는 방안도 담겼다.,-,-,국내공식통계,N,재정·조세,디지털 온누리상품권 할인 수준 인상,"디지털 온누리상품권, 할인 수준",-,-,-,-,-,-,-,2025,-,-,확정,15%,KOSIS_VALUE,hcx,디지털 온누리상품권 할인율,온누리상품권,2025,-,hcx,현재값,15,-,-,N,%,수준값,증가,전년,[9] 또 다가오는 설 명절에 디지털 온누리상품권 할인 수준을 10%에서 15%로 높이는 방안도 담겼다.,high,Y,measurement_period_ungrounded:1,Y,0,0,HCX-007,article-combined-v2.0-sentence-index,2026-07-31,Y,article_combined,0
A0019-c004,A0019-c004-m2,A0019,최상목 대행 “필요시 추가 경기보강 강구”,2025-01-02,https://www.chosun.com/economy/economy_general/2025/01/02/7VLZMCNZCFH2JCMP262AEPOUFQ,또 다가오는 설 명절에 디지털 온누리상품권 할인 수준을 10%에서 15%로 높이는 방안도 담겼다.,-,-,국내공식통계,N,재정·조세,디지털 온누리상품권 할인 수준 인상,"디지털 온누리상품권, 할인 수준",-,-,-,-,-,-,-,2025,-,-,확정,10%,KOSIS_VALUE,hcx,디지털 온누리상품권 할인율,온누리상품권,-,-,hcx,이전값,10,-,-,N,%,수준값,증가,전년,[9] 또 다가오는 설 명절에 디지털 온누리상품권 할인 수준을 10%에서 15%로 높이는 방안도 담겼다.,high,Y,measurement_period_ungrounded:1,Y,0,0,HCX-007,article-combined-v2.0-sentence-index,2026-07-31,Y,article_combined,0
A0020-c001,A0020-c001-m1,A0020,채용·인력배치 로봇 혁명… “관리·설계직 더 뽑고 야근도 확 줄어”,2025-01-02,https://www.chosun.com/economy/economy_general/2025/01/02/A7CI5RF3WNDZ3IYINXCYLMBVS4,2016년 135명이던 직원은 현재는 120명 정도다.,-,-,국내공식통계,N,고용,직원 수,"뉴서광, 화신정공",-,-,-,-,-,-,-,2025,-,-,확정,120명,KOSIS_VALUE,hcx,직원 수,화신정공,-,-,hcx,현재값,120,-,-,N,명,수준값,감소,전년,[18] 2016년 135명이던 직원은 현재는 120명 정도다.,high,Y,measurement_period_ungrounded:1,N,0,0,HCX-007,article-combined-v2.0-sentence-index,2026-07-31,Y,article_combined,0
A0020-c001,A0020-c001-m2,A0020,채용·인력배치 로봇 혁명… “관리·설계직 더 뽑고 야근도 확 줄어”,2025-01-02,https://www.chosun.com/economy/economy_general/2025/01/02/A7CI5RF3WNDZ3IYINXCYLMBVS4,2016년 135명이던 직원은 현재는 120명 정도다.,-,-,국내공식통계,N,고용,직원 수,"뉴서광, 화신정공",-,-,-,-,-,-,-,2025,-,-,확정,135명,KOSIS_VALUE,hcx,직원 수,화신정공,2016,-,hcx,이전값,135,-,-,N,명,수준값,감소,전년동기,[18] 2016년 135명이던 직원은 현재는 120명 정도다.,high,Y,measurement_period_ungrounded:1,N,0,0,HCX-007,article-combined-v2.0-sentence-index,2026-07-31,Y,article_combined,0
A0021-c001,A0021-c001-m1,A0021,"국세청, 무안 지역 납세 기한 연장...여객기 참사 세정지원 나서",2025-01-02,https://www.chosun.com/economy/economy_general/2025/01/02/CTRHPORE4RCFFKUUHATMRYOVPY,"국세청은 먼저 특별재난지역으로 지정된 무안군에서 이번 사고로 어려움을 겪는 납세자가 신청할 경우 법인세와 부가가치세, 종합소득세 납부 기한을 최대 2년 연장해주기로 했다.",-,-,기타,N,기타,-,-,-,-,-,-,-,-,-,2025,-,-,확정,2년,CONTEXT,hcx,-,-,2025,-,claim_fallback,현재값,2,-,-,N,년,수준값,유지,특정시점,"[2] 국세청은 먼저 특별재난지역으로 지정된 무안군에서 이번 사고로 어려움을 겪는 납세자가 신청할 경우 법인세와 부가가치세, 종합소득세 납부 기한을 최대 2년 연장해주기로 했다.",high,Y,measurement_binding_fallback:1;measurement_period_ungrounded:1,N,0,1,HCX-007,article-combined-v2.0-sentence-index,2026-07-31,Y,article_combined,0
A0021-c002,A0021-c002-m1,A0021,"국세청, 무안 지역 납세 기한 연장...여객기 참사 세정지원 나서",2025-01-02,https://www.chosun.com/economy/economy_general/2025/01/02/CTRHPORE4RCFFKUUHATMRYOVPY,"이미 고지받은 국세도 최대 2년까지 납부 기한 연장을 신청할 수 있고, 현재 체납액이 있는 경우에도 재산 압류나 압류된 재산 매각을 유예해달라고 신청하는 경우 최대 2년까지 미룰 수 있다.",-,-,기타,N,기타,-,-,-,-,-,-,-,-,-,2025,-,-,확정,2년,CONTEXT,hcx,-,-,2025,-,claim_fallback,현재값,2,-,-,N,년,수준값,유지,특정시점,"[3] 이미 고지받은 국세도 최대 2년까지 납부 기한 연장을 신청할 수 있고, 현재 체납액이 있는 경우에도 재산 압류나 압류된 재산 매각을 유예해달라고 신청하는 경우 최대 2년까지 미룰 수 있다.",high,Y,measurement_binding_fallback:1;measurement_period_ungrounded:1,N,0,1,HCX-007,article-combined-v2.0-sentence-index,2026-07-31,Y,article_combined,0
A0021-c003,A0021-c003-m1,A0021,"국세청, 무안 지역 납세 기한 연장...여객기 참사 세정지원 나서",2025-01-02,https://www.chosun.com/economy/economy_general/2025/01/02/CTRHPORE4RCFFKUUHATMRYOVPY,"국세청 관계자는 “무안공항에 설치된 ‘재난피해자 통합지원센터’에 상담직원을 배치해, 상황 종료 시까지 24시간 국세 상담이 가능하다”고 말했다.",-,-,기타,N,기타,-,-,-,-,-,-,-,-,-,2025,-,-,확정,24시간,CONTEXT,hcx,-,-,2025,-,claim_fallback,현재값,24,-,-,N,시간,수준값,유지,특정시점,"[7] 국세청 관계자는 ""무안공항에 설치된 '재난피해자 통합지원센터'에 상담직원을 배치해, 상황 종료 시까지 24시간 국세 상담이 가능하다""고 말했다.",high,Y,measurement_binding_fallback:1;measurement_period_ungrounded:1,N,0,1,HCX-007,article-combined-v2.0-sentence-index,2026-07-31,Y,article_combined,0
A0023-c001,A0023-c001-m1,A0023,정부 “올해 경제성장률 1.8%”… 한은 전망보다 더 낮췄다,2025-01-02,https://www.chosun.com/economy/economy_general/2025/01/02/FWT5PD42TZED7JTIXYCIECCFRE,15 수출과 건설 경기 부진 여파로 새해 우리나라 경제가 1.8% 성장하는 데 그칠 것이라고 기획재정부가 2일 전망했다.,-,-,국내공식통계,N,재정·조세,경제성장률,"경제성장률, 재정, 조세",-,-,-,-,-,-,-,2025,-,-,확정,1.8%,KOSIS_VALUE,hcx,경제성장률,-,2025,-,hcx,현재값,1.8,-,-,N,%,수준값,유지,전년,[0] 15 수출과 건설 경기 부진 여파로 새해 우리나라 경제가 1.8% 성장하는 데 그칠 것이라고 기획재정부가 2일 전망했다.,high,N,-,N,0,0,HCX-007,article-combined-v2.0-sentence-index,2026-07-31,Y,article_combined,0
A0023-c002,A0023-c002-m1,A0023,정부 “올해 경제성장률 1.8%”… 한은 전망보다 더 낮췄다,2025-01-02,https://www.chosun.com/economy/economy_general/2025/01/02/FWT5PD42TZED7JTIXYCIECCFRE,기재부는 이날 ‘2025년 경제정책방향’을 발표하면서 올해 경제 성장률이 1.8%로 전망된다고 밝혔다.,-,-,국내공식통계,N,재정·조세,경제성장률,"경제성장률, 재정, 조세",-,-,-,-,-,-,-,2025,-,-,확정,1.8%,KOSIS_VALUE,hcx,경제성장률,-,2025,-,hcx,현재값,1.8,-,-,N,%,수준값,유지,전년,[2] 기재부는 이날 ‘2025년 경제정책방향’을 발표하면서 올해 경제 성장률이 1.8%로 전망된다고 밝혔다.,high,N,-,N,0,0,HCX-007,article-combined-v2.0-sentence-index,2026-07-31,Y,article_combined,0
A0023-c003,A0023-c003-m1,A0023,정부 “올해 경제성장률 1.8%”… 한은 전망보다 더 낮췄다,2025-01-02,https://www.chosun.com/economy/economy_general/2025/01/02/FWT5PD42TZED7JTIXYCIECCFRE,"작년 7월초만 해도 정부는 수출이 살아나면서 내수가 회복될 것으로 기대하고 새해 성장률을 2.2%로 봤었는데, 내수 부진이 장기화하고 비상 계엄과 줄탄핵 등 정치 불확실성이 커지자 6개월 만에 전망치를 0.4%포인트 낮췄다.",-,-,국내공식통계,N,재정·조세,경제성장률,"경제성장률, 재정, 조세",-,-,-,-,-,-,-,2025,-,-,확정,2.2%,KOSIS_VALUE,hcx,경제성장률,-,2024,-,hcx,이전값,2.2,-,-,N,%,수준값,감소,전년,"[3] 작년 7월초만 해도 정부는 수출이 살아나면서 내수가 회복될 것으로 기대하고 새해 성장률을 2.2%로 봤었는데, 내수 부진이 장기화하고 비상 계엄과 줄탄핵 등 정치 불확실성이 커지자 6개월 만에 전망치를 0.4%포인트 낮췄다.",high,Y,measurement_rule_fallback:1,Y,1,0,HCX-007,article-combined-v2.0-sentence-index,2026-07-31,Y,article_combined,0
A0023-c003,A0023-c003-m2,A0023,정부 “올해 경제성장률 1.8%”… 한은 전망보다 더 낮췄다,2025-01-02,https://www.chosun.com/economy/economy_general/2025/01/02/FWT5PD42TZED7JTIXYCIECCFRE,"작년 7월초만 해도 정부는 수출이 살아나면서 내수가 회복될 것으로 기대하고 새해 성장률을 2.2%로 봤었는데, 내수 부진이 장기화하고 비상 계엄과 줄탄핵 등 정치 불확실성이 커지자 6개월 만에 전망치를 0.4%포인트 낮췄다.",-,-,국내공식통계,N,재정·조세,경제성장률,"경제성장률, 재정, 조세",-,-,-,-,-,-,-,2025,-,-,확정,0.4%포인트,KOSIS_VALUE,hcx,경제성장률,-,2024,-,hcx,증감률,0.4,-,-,N,%,증감률,감소,전년,"[3] 작년 7월초만 해도 정부는 수출이 살아나면서 내수가 회복될 것으로 기대하고 새해 성장률을 2.2%로 봤었는데, 내수 부진이 장기화하고 비상 계엄과 줄탄핵 등 정치 불확실성이 커지자 6개월 만에 전망치를 0.4%포인트 낮췄다.",high,Y,measurement_rule_fallback:1,Y,1,0,HCX-007,article-combined-v2.0-sentence-index,2026-07-31,Y,article_combined,0
A0023-c003,A0023-c003-m3,A0023,정부 “올해 경제성장률 1.8%”… 한은 전망보다 더 낮췄다,2025-01-02,https://www.chosun.com/economy/economy_general/2025/01/02/FWT5PD42TZED7JTIXYCIECCFRE,"작년 7월초만 해도 정부는 수출이 살아나면서 내수가 회복될 것으로 기대하고 새해 성장률을 2.2%로 봤었는데, 내수 부진이 장기화하고 비상 계엄과 줄탄핵 등 정치 불확실성이 커지자 6개월 만에 전망치를 0.4%포인트 낮췄다.",-,-,국내공식통계,N,재정·조세,경제성장률,"경제성장률, 재정, 조세",-,-,-,-,-,-,-,2025,-,-,확정,6개월,CONTEXT,rule_fallback,경제성장률,-,2025,-,rule_fallback,참고값,6,-,-,N,개월,수준값,-,-,"[3] 작년 7월초만 해도 정부는 수출이 살아나면서 내수가 회복될 것으로 기대하고 새해 성장률을 2.2%로 봤었는데, 내수 부진이 장기화하고 비상 계엄과 줄탄핵 등 정치 불확실성이 커지자 6개월 만에 전망치를 0.4%포인트 낮췄다.",high,Y,measurement_rule_fallback:1,Y,1,0,HCX-007,article-combined-v2.0-sentence-index,2026-07-31,Y,article_combined,0
A0023-c004,A0023-c004-m1,A0023,정부 “올해 경제성장률 1.8%”… 한은 전망보다 더 낮췄다,2025-01-02,https://www.chosun.com/economy/economy_general/2025/01/02/FWT5PD42TZED7JTIXYCIECCFRE,정부의 올해 성장률 전망치는 2~2.1%로 추정되는 잠재 성장률(생산 자원을 모두 투입했을 때 물가 상승 없이 최대한 달성할 수 있는 성장률)보다 낮다.,-,-,국내공식통계,N,재정·조세,경제성장률,"경제성장률, 재정, 조세",-,-,-,-,-,-,-,2025,-,-,확정,2~2.1%,POLICY_VALUE,hcx,잠재 성장률,-,2025,-,hcx,목표값,2.1,-,-,N,%,수준값,유지,전년,[4] 정부의 올해 성장률 전망치는 2~2.1%로 추정되는 잠재 성장률(생산 자원을 모두 투입했을 때 물가 상승 없이 최대한 달성할 수 있는 성장률)보다 낮다.,high,Y,measurement_rule_fallback:1,Y,1,0,HCX-007,article-combined-v2.0-sentence-index,2026-07-31,Y,article_combined,0
A0023-c004,A0023-c004-m2,A0023,정부 “올해 경제성장률 1.8%”… 한은 전망보다 더 낮췄다,2025-01-02,https://www.chosun.com/economy/economy_general/2025/01/02/FWT5PD42TZED7JTIXYCIECCFRE,정부의 올해 성장률 전망치는 2~2.1%로 추정되는 잠재 성장률(생산 자원을 모두 투입했을 때 물가 상승 없이 최대한 달성할 수 있는 성장률)보다 낮다.,-,-,국내공식통계,N,재정·조세,경제성장률,"경제성장률, 재정, 조세",-,-,-,-,-,-,-,2025,-,-,확정,2%,KOSIS_VALUE,rule_fallback,경제성장률,-,2025,-,rule_fallback,증감률,2,-,-,N,%,증감률,증가,-,[4] 정부의 올해 성장률 전망치는 2~2.1%로 추정되는 잠재 성장률(생산 자원을 모두 투입했을 때 물가 상승 없이 최대한 달성할 수 있는 성장률)보다 낮다.,high,Y,measurement_rule_fallback:1,Y,1,0,HCX-007,article-combined-v2.0-sentence-index,2026-07-31,Y,article_combined,0
A0023-c005,A0023-c005-m1,A0023,정부 “올해 경제성장률 1.8%”… 한은 전망보다 더 낮췄다,2025-01-02,https://www.chosun.com/economy/economy_general/2025/01/02/FWT5PD42TZED7JTIXYCIECCFRE,◇계엄 파문 전 한은 전망보다 낮아 정부의 새해 성장률 전망치는 지난달 3일 비상 계엄 파문 직전 나온 한국은행 전망보다도 0.1%포인트 낮다.,-,-,국내공식통계,N,재정·조세,경제성장률,"경제성장률, 재정, 조세",-,-,-,-,-,-,-,2025,-,-,확정,0.1%,KOSIS_VALUE,rule_fallback,경제성장률,-,2025,-,rule_fallback,현재값,0.1,-,-,N,%,비중,-,-,[16] ◇계엄 파문 전 한은 전망보다 낮아 정부의 새해 성장률 전망치는 지난달 3일 비상 계엄 파문 직전 나온 한국은행 전망보다도 0.1%포인트 낮다.,high,Y,measurement_rule_fallback:1,Y,1,0,HCX-007,article-combined-v2.0-sentence-index,2026-07-31,Y,article_combined,0
A0023-c006,A0023-c006-m1,A0023,정부 “올해 경제성장률 1.8%”… 한은 전망보다 더 낮췄다,2025-01-02,https://www.chosun.com/economy/economy_general/2025/01/02/FWT5PD42TZED7JTIXYCIECCFRE,거대 야당인 더불어민주당 주도의 4조원대 감액 예산안이 지난달 10일 국회를 통과한 점도 한은보다 새해 경제를 어둡게 전망한 이유다.,-,-,국내공식통계,N,재정·조세,예산안 감액,"예산안, 감액, 국회 통과",-,-,-,-,-,-,-,2024,-,-,확정,4조원대,POLICY_VALUE,hcx,예산안 감액,-,2024,-,hcx,현재값,4000000000000,-,-,N,원,수준값,유지,전년,[19] 거대 야당인 더불어민주당 주도의 4조원대 감액 예산안이 지난달 10일 국회를 통과한 점도 한은보다 새해 경제를 어둡게 전망한 이유다.,high,N,-,Y,0,0,HCX-007,article-combined-v2.0-sentence-index,2026-07-31,Y,article_combined,0
A0023-c007,-,A0023,정부 “올해 경제성장률 1.8%”… 한은 전망보다 더 낮췄다,2025-01-02,https://www.chosun.com/economy/economy_general/2025/01/02/FWT5PD42TZED7JTIXYCIECCFRE,최근 한달새 나온 각종 경기 지표가 부진한 모습을 보인 점도 정부의 보수적인 경기 전망에 한몫했다.,-,-,국내공식통계,N,재정·조세,경제성장률,"경제성장률, 재정, 조세",-,-,-,-,-,-,-,2025,-,-,확정,-,-,-,-,-,-,-,-,-,-,-,-,-,-,-,-,-,[21] 최근 한달새 나온 각종 경기 지표가 부진한 모습을 보인 점도 정부의 보수적인 경기 전망에 한몫했다.,high,N,-,N,0,0,HCX-007,article-combined-v2.0-sentence-index,2026-07-31,Y,article_combined,0
A0023-c008,-,A0023,정부 “올해 경제성장률 1.8%”… 한은 전망보다 더 낮췄다,2025-01-02,https://www.chosun.com/economy/economy_general/2025/01/02/FWT5PD42TZED7JTIXYCIECCFRE,경기가 일시적으로 나쁜 것이 아니라 성장률이 경제의 기초 체력을 뜻하는 잠재 성장률에도 미치지 못하는 저성장 터널로 들어서고 있다는 우려가 나온다.,-,-,국내공식통계,N,재정·조세,경제성장률,"경제성장률, 재정, 조세",-,-,-,-,-,-,-,2025,-,-,확정,-,-,-,-,-,-,-,-,-,-,-,-,-,-,-,-,-,[30] 경기가 일시적으로 나쁜 것이 아니라 성장률이 경제의 기초 체력을 뜻하는 잠재 성장률에도 미치지 못하는 저성장 터널로 들어서고 있다는 우려가 나온다.,high,N,-,N,0,0,HCX-007,article-combined-v2.0-sentence-index,2026-07-31,Y,article_combined,0
A0023-c009,A0023-c009-m1,A0023,정부 “올해 경제성장률 1.8%”… 한은 전망보다 더 낮췄다,2025-01-02,https://www.chosun.com/economy/economy_general/2025/01/02/FWT5PD42TZED7JTIXYCIECCFRE,"◇물가 상승률 전망도 물가안정 목표 밑돌아 정부는 올해 소비자 물가 상승률도 1.8%로 전망해, 6개월 전 전망치(2.1%)보다 0.3%포인트 낮춰잡았다.",-,-,국내공식통계,N,물가,소비자 물가 상승률,"소비자 물가 상승률, 물가 안정 목표",-,-,-,-,-,-,-,2025,-,-,확정,1.8%,KOSIS_VALUE,hcx,소비자 물가 상승률,-,2025,-,hcx,현재값,1.8,-,-,N,%,수준값,유지,전년,"[31] ◇물가 상승률 전망도 물가안정 목표 밑돌아 정부는 올해 소비자 물가 상승률도 1.8%로 전망해, 6개월 전 전망치(2.1%)보다 0.3%포인트 낮춰잡았다.",high,Y,measurement_rule_fallback:2,Y,2,0,HCX-007,article-combined-v2.0-sentence-index,2026-07-31,Y,article_combined,0
A0023-c009,A0023-c009-m2,A0023,정부 “올해 경제성장률 1.8%”… 한은 전망보다 더 낮췄다,2025-01-02,https://www.chosun.com/economy/economy_general/2025/01/02/FWT5PD42TZED7JTIXYCIECCFRE,"◇물가 상승률 전망도 물가안정 목표 밑돌아 정부는 올해 소비자 물가 상승률도 1.8%로 전망해, 6개월 전 전망치(2.1%)보다 0.3%포인트 낮춰잡았다.",-,-,국내공식통계,N,물가,소비자 물가 상승률,"소비자 물가 상승률, 물가 안정 목표",-,-,-,-,-,-,-,2025,-,-,확정,2.1%,KOSIS_VALUE,hcx,소비자 물가 상승률,-,2024,-,hcx,이전값,2.1,-,-,N,%,수준값,감소,전년,"[31] ◇물가 상승률 전망도 물가안정 목표 밑돌아 정부는 올해 소비자 물가 상승률도 1.8%로 전망해, 6개월 전 전망치(2.1%)보다 0.3%포인트 낮춰잡았다.",high,Y,measurement_rule_fallback:2,Y,2,0,HCX-007,article-combined-v2.0-sentence-index,2026-07-31,Y,article_combined,0
A0023-c009,A0023-c009-m3,A0023,정부 “올해 경제성장률 1.8%”… 한은 전망보다 더 낮췄다,2025-01-02,https://www.chosun.com/economy/economy_general/2025/01/02/FWT5PD42TZED7JTIXYCIECCFRE,"◇물가 상승률 전망도 물가안정 목표 밑돌아 정부는 올해 소비자 물가 상승률도 1.8%로 전망해, 6개월 전 전망치(2.1%)보다 0.3%포인트 낮춰잡았다.",-,-,국내공식통계,N,물가,소비자 물가 상승률,"소비자 물가 상승률, 물가 안정 목표",-,-,-,-,-,-,-,2025,-,-,확정,6개월,CONTEXT,rule_fallback,소비자 물가 상승률,-,2025,-,rule_fallback,참고값,6,-,-,N,개월,수준값,증가,-,"[31] ◇물가 상승률 전망도 물가안정 목표 밑돌아 정부는 올해 소비자 물가 상승률도 1.8%로 전망해, 6개월 전 전망치(2.1%)보다 0.3%포인트 낮춰잡았다.",high,Y,measurement_rule_fallback:2,Y,2,0,HCX-007,article-combined-v2.0-sentence-index,2026-07-31,Y,article_combined,0
A0023-c009,A0023-c009-m4,A0023,정부 “올해 경제성장률 1.8%”… 한은 전망보다 더 낮췄다,2025-01-02,https://www.chosun.com/economy/economy_general/2025/01/02/FWT5PD42TZED7JTIXYCIECCFRE,"◇물가 상승률 전망도 물가안정 목표 밑돌아 정부는 올해 소비자 물가 상승률도 1.8%로 전망해, 6개월 전 전망치(2.1%)보다 0.3%포인트 낮춰잡았다.",-,-,국내공식통계,N,물가,소비자 물가 상승률,"소비자 물가 상승률, 물가 안정 목표",-,-,-,-,-,-,-,2025,-,-,확정,0.3%,KOSIS_VALUE,rule_fallback,소비자 물가 상승률,-,2025,-,rule_fallback,증감률,0.3,-,-,N,%,증감률,증가,-,"[31] ◇물가 상승률 전망도 물가안정 목표 밑돌아 정부는 올해 소비자 물가 상승률도 1.8%로 전망해, 6개월 전 전망치(2.1%)보다 0.3%포인트 낮춰잡았다.",high,Y,measurement_rule_fallback:2,Y,2,0,HCX-007,article-combined-v2.0-sentence-index,2026-07-31,Y,article_combined,0
A0023-c010,A0023-c010-m1,A0023,정부 “올해 경제성장률 1.8%”… 한은 전망보다 더 낮췄다,2025-01-02,https://www.chosun.com/economy/economy_general/2025/01/02/FWT5PD42TZED7JTIXYCIECCFRE,저출산·고령화 장기화로 생산연령인구(15~64세)가 줄어드는 가운데 경기 부진세가 이어지면서 올해 취업자 수도 12만명 늘어나는 데 그칠 것으로 정부는 전망했다.,-,-,국내공식통계,N,고용,취업자 수 증가폭,"생산연령인구, 경기 부진세, 취업자 수",-,15~64세,-,-,-,-,-,2025,-,-,확정,12만명,KOSIS_VALUE,hcx,취업자 수 증가폭,-,2025,-,hcx,현재값,120000,-,-,N,명,수준값,증가,전년,[37] 저출산·고령화 장기화로 생산연령인구(15~64세)가 줄어드는 가운데 경기 부진세가 이어지면서 올해 취업자 수는 12만명 늘어나는 데 그칠 것으로 정부는 전망했다.,high,Y,measurement_rule_fallback:2,Y,2,0,HCX-007,article-combined-v2.0-sentence-index,2026-07-31,Y,article_combined,1
A0023-c010,A0023-c010-m2,A0023,정부 “올해 경제성장률 1.8%”… 한은 전망보다 더 낮췄다,2025-01-02,https://www.chosun.com/economy/economy_general/2025/01/02/FWT5PD42TZED7JTIXYCIECCFRE,저출산·고령화 장기화로 생산연령인구(15~64세)가 줄어드는 가운데 경기 부진세가 이어지면서 올해 취업자 수도 12만명 늘어나는 데 그칠 것으로 정부는 전망했다.,-,-,국내공식통계,N,고용,취업자 수 증가폭,"생산연령인구, 경기 부진세, 취업자 수",-,15~64세,-,-,-,-,-,2025,-,-,확정,15세,CONDITION,rule_fallback,취업자 수 증가폭,-,2025,-,rule_fallback,참고값,15,-,-,N,세,수준값,-,-,[37] 저출산·고령화 장기화로 생산연령인구(15~64세)가 줄어드는 가운데 경기 부진세가 이어지면서 올해 취업자 수는 12만명 늘어나는 데 그칠 것으로 정부는 전망했다.,high,Y,measurement_rule_fallback:2,Y,2,0,HCX-007,article-combined-v2.0-sentence-index,2026-07-31,Y,article_combined,1
A0023-c010,A0023-c010-m3,A0023,정부 “올해 경제성장률 1.8%”… 한은 전망보다 더 낮췄다,2025-01-02,https://www.chosun.com/economy/economy_general/2025/01/02/FWT5PD42TZED7JTIXYCIECCFRE,저출산·고령화 장기화로 생산연령인구(15~64세)가 줄어드는 가운데 경기 부진세가 이어지면서 올해 취업자 수도 12만명 늘어나는 데 그칠 것으로 정부는 전망했다.,-,-,국내공식통계,N,고용,취업자 수 증가폭,"생산연령인구, 경기 부진세, 취업자 수",-,15~64세,-,-,-,-,-,2025,-,-,확정,64세,CONDITION,rule_fallback,취업자 수 증가폭,-,2025,-,rule_fallback,참고값,64,-,-,N,세,수준값,-,-,[37] 저출산·고령화 장기화로 생산연령인구(15~64세)가 줄어드는 가운데 경기 부진세가 이어지면서 올해 취업자 수는 12만명 늘어나는 데 그칠 것으로 정부는 전망했다.,high,Y,measurement_rule_fallback:2,Y,2,0,HCX-007,article-combined-v2.0-sentence-index,2026-07-31,Y,article_combined,1
A0023-c011,A0023-c011-m1,A0023,정부 “올해 경제성장률 1.8%”… 한은 전망보다 더 낮췄다,2025-01-02,https://www.chosun.com/economy/economy_general/2025/01/02/FWT5PD42TZED7JTIXYCIECCFRE,"올해 취업자 수 증가폭은 작년(17만명·정부 전망치)보다 5만명 줄어든 것으로, 코로나로 취업자 수가 21만8000명 줄어든 2020년 이후 가장 낮은 증가폭이다.",-,-,국내공식통계,N,고용,취업자 수 증가폭,"코로나, 취업자 수",-,-,-,-,-,-,-,2025,-,-,확정,17만명,KOSIS_VALUE,hcx,취업자 수 증가폭,-,2024,-,hcx,이전값,170000,-,-,N,명,수준값,증가,전년,"[38] 올해 취업자 수 증가폭은 작년(17만명·정부 전망치)보다 5만명 줄어든 것으로, 코로나로 취업자 수가 21만8000명 줄어든 2020년 이후 가장 낮은 증가폭이다.",high,N,-,Y,0,0,HCX-007,article-combined-v2.0-sentence-index,2026-07-31,Y,article_combined,1
A0023-c011,A0023-c011-m2,A0023,정부 “올해 경제성장률 1.8%”… 한은 전망보다 더 낮췄다,2025-01-02,https://www.chosun.com/economy/economy_general/2025/01/02/FWT5PD42TZED7JTIXYCIECCFRE,"올해 취업자 수 증가폭은 작년(17만명·정부 전망치)보다 5만명 줄어든 것으로, 코로나로 취업자 수가 21만8000명 줄어든 2020년 이후 가장 낮은 증가폭이다.",-,-,국내공식통계,N,고용,취업자 수 증가폭,"코로나, 취업자 수",-,-,-,-,-,-,-,2025,-,-,확정,5만명,KOSIS_VALUE,hcx,취업자 수 증가폭,-,2025,-,hcx,증감값,50000,-,-,N,명,증감량,감소,전년,"[38] 올해 취업자 수 증가폭은 작년(17만명·정부 전망치)보다 5만명 줄어든 것으로, 코로나로 취업자 수가 21만8000명 줄어든 2020년 이후 가장 낮은 증가폭이다.",high,N,-,Y,0,0,HCX-007,article-combined-v2.0-sentence-index,2026-07-31,Y,article_combined,1
A0023-c011,A0023-c011-m3,A0023,정부 “올해 경제성장률 1.8%”… 한은 전망보다 더 낮췄다,2025-01-02,https://www.chosun.com/economy/economy_general/2025/01/02/FWT5PD42TZED7JTIXYCIECCFRE,"올해 취업자 수 증가폭은 작년(17만명·정부 전망치)보다 5만명 줄어든 것으로, 코로나로 취업자 수가 21만8000명 줄어든 2020년 이후 가장 낮은 증가폭이다.",-,-,국내공식통계,N,고용,취업자 수 증가폭,"코로나, 취업자 수",-,-,-,-,-,-,-,2025,-,-,확정,21만8000명,KOSIS_VALUE,hcx,취업자 수 감소폭,-,2020,-,hcx,참고값,218000,-,-,N,명,수준값,감소,전년,"[38] 올해 취업자 수 증가폭은 작년(17만명·정부 전망치)보다 5만명 줄어든 것으로, 코로나로 취업자 수가 21만8000명 줄어든 2020년 이후 가장 낮은 증가폭이다.",high,N,-,Y,0,0,HCX-007,article-combined-v2.0-sentence-index,2026-07-31,Y,article_combined,1
A0023-c012,A0023-c012-m1,A0023,정부 “올해 경제성장률 1.8%”… 한은 전망보다 더 낮췄다,2025-01-02,https://www.chosun.com/economy/economy_general/2025/01/02/FWT5PD42TZED7JTIXYCIECCFRE,"올해 취업자 수 증가폭은 작년(17만명·정부 전망치)보다 5만명 줄어든 것으로, 코로나로 취업자 수가 21만8000명 줄어든 2020년 이후 가장 낮은 증가폭이다.",-,-,국내공식통계,N,고용,취업자 수 증가폭,"경기 부진세, 취업자 수",-,-,-,-,-,-,-,2025,-,-,확정,17만명,KOSIS_VALUE,hcx,취업자 수 증가폭,-,2024,-,hcx,이전값,170000,-,-,N,명,수준값,증가,전년,"[38] 올해 취업자 수 증가폭은 작년(17만명·정부 전망치)보다 5만명 줄어든 것으로, 코로나로 취업자 수가 21만8000명 줄어든 2020년 이후 가장 낮은 증가폭이다.",high,Y,measurement_rule_fallback:1,Y,1,0,HCX-007,article-combined-v2.0-sentence-index,2026-07-31,Y,article_combined,1
A0023-c012,A0023-c012-m2,A0023,정부 “올해 경제성장률 1.8%”… 한은 전망보다 더 낮췄다,2025-01-02,https://www.chosun.com/economy/economy_general/2025/01/02/FWT5PD42TZED7JTIXYCIECCFRE,"올해 취업자 수 증가폭은 작년(17만명·정부 전망치)보다 5만명 줄어든 것으로, 코로나로 취업자 수가 21만8000명 줄어든 2020년 이후 가장 낮은 증가폭이다.",-,-,국내공식통계,N,고용,취업자 수 증가폭,"경기 부진세, 취업자 수",-,-,-,-,-,-,-,2025,-,-,확정,5만명 감소,KOSIS_VALUE,hcx,취업자 수 증가폭,-,2025,-,hcx,증감값,50000,-,-,N,명,증감량,감소,전년,"[38] 올해 취업자 수 증가폭은 작년(17만명·정부 전망치)보다 5만명 줄어든 것으로, 코로나로 취업자 수가 21만8000명 줄어든 2020년 이후 가장 낮은 증가폭이다.",high,Y,measurement_rule_fallback:1,Y,1,0,HCX-007,article-combined-v2.0-sentence-index,2026-07-31,Y,article_combined,1
A0023-c012,A0023-c012-m3,A0023,정부 “올해 경제성장률 1.8%”… 한은 전망보다 더 낮췄다,2025-01-02,https://www.chosun.com/economy/economy_general/2025/01/02/FWT5PD42TZED7JTIXYCIECCFRE,"올해 취업자 수 증가폭은 작년(17만명·정부 전망치)보다 5만명 줄어든 것으로, 코로나로 취업자 수가 21만8000명 줄어든 2020년 이후 가장 낮은 증가폭이다.",-,-,국내공식통계,N,고용,취업자 수 증가폭,"경기 부진세, 취업자 수",-,-,-,-,-,-,-,2025,-,-,확정,21만8000명,KOSIS_VALUE,rule_fallback,취업자 수 증가폭,-,2025,-,rule_fallback,현재값,218000,-,-,N,명,수준값,증가,-,"[38] 올해 취업자 수 증가폭은 작년(17만명·정부 전망치)보다 5만명 줄어든 것으로, 코로나로 취업자 수가 21만8000명 줄어든 2020년 이후 가장 낮은 증가폭이다.",high,Y,measurement_rule_fallback:1,Y,1,0,HCX-007,article-combined-v2.0-sentence-index,2026-07-31,Y,article_combined,1
A0024-c001,A0024-c001-m1,A0024,"정부, 작년 세수 부족으로 韓銀서 170조원 빌려 썼다",2025-01-02,https://www.chosun.com/economy/economy_general/2025/01/02/LYWZZSQ6I5AVJDNTRW6KAK6ORY,"0 정부가 지난해 세수 부족으로 한국은행에서 170조원 넘는 돈을 빌려 쓴 것으로 나타났다. 1일 더불어민주당 임광현 의원이 한은에서 제출받은 자료에 따르면, 정부는 지난해 한은에서 누적으로 따져 총 173조원을 일시 차입했다.",-,-,국내공식통계,N,재정·조세,정부의 한은 일시 차입금,"세수 부족, 한은 일시 차입, 재정",-,-,-,-,-,-,-,2024,-,-,확정,170조원,KOSIS_VALUE,hcx,정부의 한은 일시 차입금,-,2024,-,hcx,현재값,170000000000000,-,-,N,원,수준값,-,-,[0] 0 정부가 지난해 세수 부족으로 한국은행에서 170조원 넘는 돈을 빌려 쓴 것으로 나타났다.,high,N,-,N,0,0,HCX-007,article-combined-v2.0-sentence-index,2026-07-31,Y,article_combined,0
A0024-c001,A0024-c001-m2,A0024,"정부, 작년 세수 부족으로 韓銀서 170조원 빌려 썼다",2025-01-02,https://www.chosun.com/economy/economy_general/2025/01/02/LYWZZSQ6I5AVJDNTRW6KAK6ORY,"0 정부가 지난해 세수 부족으로 한국은행에서 170조원 넘는 돈을 빌려 쓴 것으로 나타났다. 1일 더불어민주당 임광현 의원이 한은에서 제출받은 자료에 따르면, 정부는 지난해 한은에서 누적으로 따져 총 173조원을 일시 차입했다.",-,-,국내공식통계,N,재정·조세,정부의 한은 일시 차입금,"세수 부족, 한은 일시 차입, 재정",-,-,-,-,-,-,-,2024,-,-,확정,173조원,KOSIS_VALUE,hcx,정부의 한은 일시 차입금,-,2024,-,hcx,현재값,173000000000000,-,-,N,원,수준값,-,-,[0] 0 정부가 지난해 세수 부족으로 한국은행에서 170조원 넘는 돈을 빌려 쓴 것으로 나타났다.,high,N,-,N,0,0,HCX-007,article-combined-v2.0-sentence-index,2026-07-31,Y,article_combined,0
A0024-c002,A0024-c002-m1,A0024,"정부, 작년 세수 부족으로 韓銀서 170조원 빌려 썼다",2025-01-02,https://www.chosun.com/economy/economy_general/2025/01/02/LYWZZSQ6I5AVJDNTRW6KAK6ORY,종전 최대인 2023년의 117조6000억원보다 47% 늘었다.,-,-,국내공식통계,N,재정·조세,정부의 한은 일시 차입금,"세수 부족, 한은 일시 차입, 재정",-,-,-,-,-,-,-,2023,-,-,확정,117조6000억원,KOSIS_VALUE,hcx,정부의 한은 일시 차입금,-,2023,-,hcx,이전값,117600000000000,-,-,N,원,수준값,-,-,[3] 종전 최대인 2023년의 117조6000억원보다 47% 늘었다.,high,N,-,Y,0,0,HCX-007,article-combined-v2.0-sentence-index,2026-07-31,Y,article_combined,0
A0024-c002,A0024-c002-m2,A0024,"정부, 작년 세수 부족으로 韓銀서 170조원 빌려 썼다",2025-01-02,https://www.chosun.com/economy/economy_general/2025/01/02/LYWZZSQ6I5AVJDNTRW6KAK6ORY,종전 최대인 2023년의 117조6000억원보다 47% 늘었다.,-,-,국내공식통계,N,재정·조세,정부의 한은 일시 차입금,"세수 부족, 한은 일시 차입, 재정",-,-,-,-,-,-,-,2023,-,-,확정,47%,KOSIS_VALUE,hcx,정부의 한은 일시 차입금 증가율,-,2023,-,hcx,증감률,47,-,-,N,%,증감률,증가,전년,[3] 종전 최대인 2023년의 117조6000억원보다 47% 늘었다.,high,N,-,Y,0,0,HCX-007,article-combined-v2.0-sentence-index,2026-07-31,Y,article_combined,0
A0024-c003,A0024-c003-m1,A0024,"정부, 작년 세수 부족으로 韓銀서 170조원 빌려 썼다",2025-01-02,https://www.chosun.com/economy/economy_general/2025/01/02/LYWZZSQ6I5AVJDNTRW6KAK6ORY,현재는 172조원을 상환하고 1조원 정도 남은 상태다.,-,-,국내공식통계,N,재정·조세,정부의 한은 일시 차입금,"세수 부족, 한은 일시 차입, 재정",-,-,-,-,-,-,-,2024,-,-,확정,172조원,KOSIS_VALUE,hcx,정부의 한은 일시 차입금,-,2024,-,hcx,현재값,172000000000000,-,-,N,원,수준값,-,-,[4] 현재는 172조원을 상환하고 1조원 정도 남은 상태다.,high,N,-,N,0,0,HCX-007,article-combined-v2.0-sentence-index,2026-07-31,Y,article_combined,0
A0024-c003,A0024-c003-m2,A0024,"정부, 작년 세수 부족으로 韓銀서 170조원 빌려 썼다",2025-01-02,https://www.chosun.com/economy/economy_general/2025/01/02/LYWZZSQ6I5AVJDNTRW6KAK6ORY,현재는 172조원을 상환하고 1조원 정도 남은 상태다.,-,-,국내공식통계,N,재정·조세,정부의 한은 일시 차입금,"세수 부족, 한은 일시 차입, 재정",-,-,-,-,-,-,-,2024,-,-,확정,1조원,KOSIS_VALUE,hcx,정부의 한은 일시 차입금 잔액,-,2024,-,hcx,현재값,1000000000000,-,-,N,원,수준값,-,-,[4] 현재는 172조원을 상환하고 1조원 정도 남은 상태다.,high,N,-,N,0,0,HCX-007,article-combined-v2.0-sentence-index,2026-07-31,Y,article_combined,0
A0024-c004,A0024-c004-m1,A0024,"정부, 작년 세수 부족으로 韓銀서 170조원 빌려 썼다",2025-01-02,https://www.chosun.com/economy/economy_general/2025/01/02/LYWZZSQ6I5AVJDNTRW6KAK6ORY,지난해 이 같은 일시 대출에 따라 정부가 부담한 이자는 2092억원에 달한 것으로 집계됐다.,-,-,국내공식통계,N,재정·조세,정부의 한은 일시 차입금 이자,"세수 부족, 한은 일시 차입, 재정",-,-,-,-,-,-,-,2024,-,-,확정,2092억원,KOSIS_VALUE,hcx,정부의 한은 일시 차입금 이자,-,2024,-,hcx,현재값,209200000000,-,-,N,원,수준값,-,-,[10] 지난해 이 같은 일시 대출에 따라 정부가 부담한 이자는 2092억원에 달한 것으로 집계됐다.,high,N,-,N,0,0,HCX-007,article-combined-v2.0-sentence-index,2026-07-31,Y,article_combined,0
A0026-c001,A0026-c001-m1,A0026,"선물환포지션 한도 풀고, 외화대출 규제도 완화",2025-01-02,https://www.chosun.com/economy/economy_general/2025/01/02/QWFKNTB7ZRARZGL4HKVD5NS234,"최근 미국 경제가 호조세를 보이고 있고, 트럼프 2기 행정부 출범과 국내 정치적 불안이 겹치면서 달러 대비 원화 환율은 지난달 말(30일) 오후 3시 30분 기준 1472.5원을 기록했다. 연간으로 따지면 무려 172.1원이 올랐다.",-,-,국내공식통계,N,금융·금리,환율,달러당 원화 환율,-,-,-,-,-,-,-,2024,-,-,확정,1472.5원,KOSIS_VALUE,hcx,환율,-,2024,-,hcx,현재값,1472.5,-,-,N,원,수준값,유지,전년,"[3] 최근 미국 경제가 호조세를 보이고 있고, 트럼프 2기 행정부 출범과 국내 정치적 불안이 겹치면서 달러 대비 원화 환율은 지난달 말(30일) 오후 3시 30분 기준 1472.5원을 기록했다.",high,N,-,N,0,0,HCX-007,article-combined-v2.0-sentence-index,2026-07-31,Y,article_combined,0
A0026-c001,A0026-c001-m2,A0026,"선물환포지션 한도 풀고, 외화대출 규제도 완화",2025-01-02,https://www.chosun.com/economy/economy_general/2025/01/02/QWFKNTB7ZRARZGL4HKVD5NS234,"최근 미국 경제가 호조세를 보이고 있고, 트럼프 2기 행정부 출범과 국내 정치적 불안이 겹치면서 달러 대비 원화 환율은 지난달 말(30일) 오후 3시 30분 기준 1472.5원을 기록했다. 연간으로 따지면 무려 172.1원이 올랐다.",-,-,국내공식통계,N,금융·금리,환율,달러당 원화 환율,-,-,-,-,-,-,-,2024,-,-,확정,172.1원,KOSIS_VALUE,hcx,환율,-,2024,-,hcx,증감값,172.1,-,-,N,원,증감량,증가,전년,"[3] 최근 미국 경제가 호조세를 보이고 있고, 트럼프 2기 행정부 출범과 국내 정치적 불안이 겹치면서 달러 대비 원화 환율은 지난달 말(30일) 오후 3시 30분 기준 1472.5원을 기록했다.",high,N,-,N,0,0,HCX-007,article-combined-v2.0-sentence-index,2026-07-31,Y,article_combined,0
A0026-c002,A0026-c002-m1,A0026,"선물환포지션 한도 풀고, 외화대출 규제도 완화",2025-01-02,https://www.chosun.com/economy/economy_general/2025/01/02/QWFKNTB7ZRARZGL4HKVD5NS234,"이에 정부는 선물환포지션(선물 외화자산에서 선물 외화부채를 뺀 값) 한도를 국내은행의 경우 50%에서 75%로, 외국은행 지점은 250%에서 375%로 상향한다.",-,-,국내공식통계,N,금융·금리,선물환포지션 한도,선물환포지션 한도,-,-,-,-,-,-,-,2025,-,-,확정,50%,POLICY_VALUE,hcx,선물환포지션 한도,국내은행,2024,-,hcx,현재값,50,-,-,N,%,수준값,유지,전년,"[6] 이에 정부는 선물환포지션(선물 외화자산에서 선물 외화부채를 뺀 값) 한도를 국내은행의 경우 50%에서 75%로, 외국은행 지점은 250%에서 375%로 상향한다.",high,N,-,N,0,0,HCX-007,article-combined-v2.0-sentence-index,2026-07-31,Y,article_combined,0
A0026-c002,A0026-c002-m2,A0026,"선물환포지션 한도 풀고, 외화대출 규제도 완화",2025-01-02,https://www.chosun.com/economy/economy_general/2025/01/02/QWFKNTB7ZRARZGL4HKVD5NS234,"이에 정부는 선물환포지션(선물 외화자산에서 선물 외화부채를 뺀 값) 한도를 국내은행의 경우 50%에서 75%로, 외국은행 지점은 250%에서 375%로 상향한다.",-,-,국내공식통계,N,금융·금리,선물환포지션 한도,선물환포지션 한도,-,-,-,-,-,-,-,2025,-,-,확정,75%,POLICY_VALUE,hcx,선물환포지션 한도,국내은행,2025,-,hcx,현재값,75,-,-,N,%,수준값,증가,전년,"[6] 이에 정부는 선물환포지션(선물 외화자산에서 선물 외화부채를 뺀 값) 한도를 국내은행의 경우 50%에서 75%로, 외국은행 지점은 250%에서 375%로 상향한다.",high,N,-,N,0,0,HCX-007,article-combined-v2.0-sentence-index,2026-07-31,Y,article_combined,0
A0026-c002,A0026-c002-m3,A0026,"선물환포지션 한도 풀고, 외화대출 규제도 완화",2025-01-02,https://www.chosun.com/economy/economy_general/2025/01/02/QWFKNTB7ZRARZGL4HKVD5NS234,"이에 정부는 선물환포지션(선물 외화자산에서 선물 외화부채를 뺀 값) 한도를 국내은행의 경우 50%에서 75%로, 외국은행 지점은 250%에서 375%로 상향한다.",-,-,국내공식통계,N,금융·금리,선물환포지션 한도,선물환포지션 한도,-,-,-,-,-,-,-,2025,-,-,확정,250%,POLICY_VALUE,hcx,선물환포지션 한도,외국은행 지점,2024,-,hcx,현재값,250,-,-,N,%,수준값,유지,전년,"[6] 이에 정부는 선물환포지션(선물 외화자산에서 선물 외화부채를 뺀 값) 한도를 국내은행의 경우 50%에서 75%로, 외국은행 지점은 250%에서 375%로 상향한다.",high,N,-,N,0,0,HCX-007,article-combined-v2.0-sentence-index,2026-07-31,Y,article_combined,0
A0026-c002,A0026-c002-m4,A0026,"선물환포지션 한도 풀고, 외화대출 규제도 완화",2025-01-02,https://www.chosun.com/economy/economy_general/2025/01/02/QWFKNTB7ZRARZGL4HKVD5NS234,"이에 정부는 선물환포지션(선물 외화자산에서 선물 외화부채를 뺀 값) 한도를 국내은행의 경우 50%에서 75%로, 외국은행 지점은 250%에서 375%로 상향한다.",-,-,국내공식통계,N,금융·금리,선물환포지션 한도,선물환포지션 한도,-,-,-,-,-,-,-,2025,-,-,확정,375%,POLICY_VALUE,hcx,선물환포지션 한도,외국은행 지점,2025,-,hcx,현재값,375,-,-,N,%,수준값,증가,전년,"[6] 이에 정부는 선물환포지션(선물 외화자산에서 선물 외화부채를 뺀 값) 한도를 국내은행의 경우 50%에서 75%로, 외국은행 지점은 250%에서 375%로 상향한다.",high,N,-,N,0,0,HCX-007,article-combined-v2.0-sentence-index,2026-07-31,Y,article_combined,0
A0026-c003,A0026-c003-m1,A0026,"선물환포지션 한도 풀고, 외화대출 규제도 완화",2025-01-02,https://www.chosun.com/economy/economy_general/2025/01/02/QWFKNTB7ZRARZGL4HKVD5NS234,"외환 당국 간 국민연금 외환스와프 한도는 기존 500억 달러에서 650억 달러로 증액하고, 만기를 올해 연말까지 연장했다.",-,-,국내공식통계,N,금융·금리,국민연금 외환스와프 한도,국민연금 외환스와프 한도,-,-,-,-,-,-,-,2025,-,-,확정,500억 달러,POLICY_VALUE,hcx,국민연금 외환스와프 한도,-,2024,-,hcx,현재값,50000000000,-,-,N,달러,수준값,유지,전년,"[18] 외환 당국 간 국민연금 외환스와프 한도는 기존 500억 달러에서 650억 달러로 증액하고, 만기를 올해 연말까지 연장했다.",high,N,-,N,0,0,HCX-007,article-combined-v2.0-sentence-index,2026-07-31,Y,article_combined,0
A0026-c003,A0026-c003-m2,A0026,"선물환포지션 한도 풀고, 외화대출 규제도 완화",2025-01-02,https://www.chosun.com/economy/economy_general/2025/01/02/QWFKNTB7ZRARZGL4HKVD5NS234,"외환 당국 간 국민연금 외환스와프 한도는 기존 500억 달러에서 650억 달러로 증액하고, 만기를 올해 연말까지 연장했다.",-,-,국내공식통계,N,금융·금리,국민연금 외환스와프 한도,국민연금 외환스와프 한도,-,-,-,-,-,-,-,2025,-,-,확정,650억 달러,POLICY_VALUE,hcx,국민연금 외환스와프 한도,-,2025,-,hcx,현재값,65000000000,-,-,N,달러,수준값,증가,전년,"[18] 외환 당국 간 국민연금 외환스와프 한도는 기존 500억 달러에서 650억 달러로 증액하고, 만기를 올해 연말까지 연장했다.",high,N,-,N,0,0,HCX-007,article-combined-v2.0-sentence-index,2026-07-31,Y,article_combined,0
A0027-c001,A0027-c001-m1,A0027,“尹 지켜라” “즉각 체포” 한남동 관저 주변 찬반 시위,2025-01-03,https://www.chosun.com/national/national_general/2025/01/03/WYIS6PWV7BFZ5L5DVBCR23PLDE,공수처 검사·수사관들이 서울 용산구 한남동 관저에 도착하기도 전인 오전 7시 이미 친윤 시위대 600여 명이 “대통령을 지키자”는 구호를 외치며 한남동 일대에 모여들었다.,-,-,기타,N,기타,-,-,-,-,-,-,-,-,-,2025,-,-,확정,600여 명,KOSIS_VALUE,hcx,집회 참여 인원,친윤 시위대,-,-,hcx,현재값,600,-,-,Y,명,수준값,유지,전년,"[1] 공수처 등이 3일 오전 6시 13분쯤부터 윤석열 대통령 체포 영장 집행을 시작했다는 소식이 알려지자 친윤 진영에선 ""대통령을 지키러 가자""라는 목소리가 퍼져나왔다.",high,Y,measurement_period_ungrounded:1,N,0,0,HCX-007,article-combined-v2.0-sentence-index,2026-07-31,Y,article_combined,0
A0027-c002,A0027-c002-m1,A0027,“尹 지켜라” “즉각 체포” 한남동 관저 주변 찬반 시위,2025-01-03,https://www.chosun.com/national/national_general/2025/01/03/WYIS6PWV7BFZ5L5DVBCR23PLDE,친윤 시위대는 오후 4시쯤 1만2000명까지 불어났다.,-,-,기타,N,기타,-,-,-,-,-,-,-,-,-,2025,-,-,확정,1만2000명,KOSIS_VALUE,hcx,집회 참여 인원,친윤 시위대,-,-,hcx,현재값,12000,-,-,Y,명,수준값,유지,전년,[12] 친윤 시위대는 오후 4시쯤 1만2000명까지 불어났다.,high,Y,measurement_period_ungrounded:1,N,0,0,HCX-007,article-combined-v2.0-sentence-index,2026-07-31,Y,article_combined,0
A0027-c003,A0027-c003-m1,A0027,“尹 지켜라” “즉각 체포” 한남동 관저 주변 찬반 시위,2025-01-03,https://www.chosun.com/national/national_general/2025/01/03/WYIS6PWV7BFZ5L5DVBCR23PLDE,민주노총 집회엔 오후 4시까지 3000여 명이 모였다.,-,-,기타,N,기타,-,-,-,-,-,-,-,-,-,2025,-,-,확정,3000여 명,KOSIS_VALUE,hcx,집회 참여 인원,민주노총 등 반윤 시위대,-,-,hcx,현재값,3000,-,-,Y,명,수준값,유지,전년,[15] 민주노총 집회엔 오후 4시까지 3000여 명이 모였다.,high,Y,measurement_period_ungrounded:1,N,0,0,HCX-007,article-combined-v2.0-sentence-index,2026-07-31,Y,article_combined,0
A0028-c001,A0028-c001-m1,A0028,"현대차그룹 전기차 5종, 美 보조금 최대 7500달러 확정",2025-01-03,https://www.chosun.com/economy/auto/2025/01/03/JAOXUIC3JJEU7APKQ7W6OHYJRQ,1 현대차그룹 전기차가 미국에서 처음으로 최대 7500달러(약 1100만원) 규모 IRA(인플레이션 감축법) 보조금 지급 대상에 포함됐다.,-,-,개별기업,N,금융·금리,IRA 보조금,"전기차, 보조금, 현대차그룹, 테슬라, HMGMA",-,-,-,전기차,-,-,-,2025,-,-,확정,7500달러(약 1100만원),POLICY_VALUE,hcx,IRA 보조금,현대차그룹 전기차,2025,-,hcx,현재값,7500,-,-,N,달러,수준값,-,-,[0] 1 현대차그룹 전기차가 미국에서 처음으로 최대 7500달러(약 1100만원) 규모 IRA(인플레이션 감축법) 보조금 지급 대상에 포함됐다.,high,N,-,Y,0,0,HCX-007,article-combined-v2.0-sentence-index,2026-07-31,Y,article_combined,0
A0028-c001,A0028-c001-m2,A0028,"현대차그룹 전기차 5종, 美 보조금 최대 7500달러 확정",2025-01-03,https://www.chosun.com/economy/auto/2025/01/03/JAOXUIC3JJEU7APKQ7W6OHYJRQ,1 현대차그룹 전기차가 미국에서 처음으로 최대 7500달러(약 1100만원) 규모 IRA(인플레이션 감축법) 보조금 지급 대상에 포함됐다.,-,-,개별기업,N,금융·금리,IRA 보조금,"전기차, 보조금, 현대차그룹, 테슬라, HMGMA",-,-,-,전기차,-,-,-,2025,-,-,확정,약 1100만원,POLICY_VALUE,hcx,환율 변환,IRA 보조금,2025,-,hcx,참고값,11000000,-,-,Y,원,수준값,-,-,[0] 1 현대차그룹 전기차가 미국에서 처음으로 최대 7500달러(약 1100만원) 규모 IRA(인플레이션 감축법) 보조금 지급 대상에 포함됐다.,high,N,-,Y,0,0,HCX-007,article-combined-v2.0-sentence-index,2026-07-31,Y,article_combined,0
A0028-c002,A0028-c002-m1,A0028,"현대차그룹 전기차 5종, 美 보조금 최대 7500달러 확정",2025-01-03,https://www.chosun.com/economy/auto/2025/01/03/JAOXUIC3JJEU7APKQ7W6OHYJRQ,1 현대차그룹 전기차가 미국에서 처음으로 최대 7500달러(약 1100만원) 규모 IRA(인플레이션 감축법) 보조금 지급 대상에 포함됐다.,-,-,개별기업,N,금융·금리,IRA 보조금,"전기차, 보조금, 현대차그룹, 테슬라, HMGMA",-,-,-,전기차,-,-,-,2025,-,-,확정,7500달러,POLICY_VALUE,hcx,IRA 보조금,현대차그룹 전기차,2025,-,hcx,현재값,7500,-,-,N,달러,수준값,-,-,[0] 1 현대차그룹 전기차가 미국에서 처음으로 최대 7500달러(약 1100만원) 규모 IRA(인플레이션 감축법) 보조금 지급 대상에 포함됐다.,high,N,-,Y,0,0,HCX-007,article-combined-v2.0-sentence-index,2026-07-31,Y,article_combined,0
A0028-c002,A0028-c002-m2,A0028,"현대차그룹 전기차 5종, 美 보조금 최대 7500달러 확정",2025-01-03,https://www.chosun.com/economy/auto/2025/01/03/JAOXUIC3JJEU7APKQ7W6OHYJRQ,1 현대차그룹 전기차가 미국에서 처음으로 최대 7500달러(약 1100만원) 규모 IRA(인플레이션 감축법) 보조금 지급 대상에 포함됐다.,-,-,개별기업,N,금융·금리,IRA 보조금,"전기차, 보조금, 현대차그룹, 테슬라, HMGMA",-,-,-,전기차,-,-,-,2025,-,-,확정,약 1100만원,POLICY_VALUE,hcx,IRA 보조금,현대차그룹 전기차,2025,-,hcx,참고값,11000000,-,-,Y,원,수준값,-,-,[0] 1 현대차그룹 전기차가 미국에서 처음으로 최대 7500달러(약 1100만원) 규모 IRA(인플레이션 감축법) 보조금 지급 대상에 포함됐다.,high,N,-,Y,0,0,HCX-007,article-combined-v2.0-sentence-index,2026-07-31,Y,article_combined,0
A0028-c003,A0028-c003-m1,A0028,"현대차그룹 전기차 5종, 美 보조금 최대 7500달러 확정",2025-01-03,https://www.chosun.com/economy/auto/2025/01/03/JAOXUIC3JJEU7APKQ7W6OHYJRQ,"1일(현지 시각) 미국 에너지부는 홈페이지에 올해 보조금을 지급받을 수 있는 전기차로 현대차 아이오닉5와 아이오닉9, 기아 EV6와 EV9, 제네시스 GV70 전동화 모델을 포함한 모델 25개를 공개했다.",-,-,개별기업,N,금융·금리,IRA 보조금,"전기차, 보조금, 현대차그룹, 테슬라, HMGMA",-,-,-,전기차,-,-,-,2025,-,-,확정,25개,POLICY_VALUE,hcx,보조금 지급 대상 전기차 모델 수,현대차그룹 전기차,2025,-,hcx,현재값,25,-,-,N,개,수준값,-,-,"[4] 1일(현지 시각) 미국 에너지부는 홈페이지에 올해 보조금을 지급받을 수 있는 전기차로 현대차 아이오닉5와 아이오닉9, 기아 EV6와 EV9, 제네시스 GV70 전동화 모델을 포함한 모델 25개를 공개했다.",high,N,-,N,0,0,HCX-007,article-combined-v2.0-sentence-index,2026-07-31,Y,article_combined,0
A0028-c004,A0028-c004-m1,A0028,"현대차그룹 전기차 5종, 美 보조금 최대 7500달러 확정",2025-01-03,https://www.chosun.com/economy/auto/2025/01/03/JAOXUIC3JJEU7APKQ7W6OHYJRQ,"2023년에는 34개, 지난해에는 연말까지 50개 모델에 대해 혜택을 줬다.",-,-,개별기업,N,금융·금리,IRA 보조금,"전기차, 보조금, 현대차그룹, 테슬라, HMGMA",-,-,-,전기차,-,-,-,2023,-,-,확정,34개,KOSIS_VALUE,hcx,보조금 지급 대상 전기차 모델 수,현대차그룹 전기차,2023,-,hcx,이전값,34,-,-,N,개,수준값,-,-,"[5] 2023년에는 34개, 지난해에는 연말까지 50개 모델에 대해 혜택을 줬다.",high,N,-,Y,0,0,HCX-007,article-combined-v2.0-sentence-index,2026-07-31,Y,article_combined,0
A0028-c004,A0028-c004-m2,A0028,"현대차그룹 전기차 5종, 美 보조금 최대 7500달러 확정",2025-01-03,https://www.chosun.com/economy/auto/2025/01/03/JAOXUIC3JJEU7APKQ7W6OHYJRQ,"2023년에는 34개, 지난해에는 연말까지 50개 모델에 대해 혜택을 줬다.",-,-,개별기업,N,금융·금리,IRA 보조금,"전기차, 보조금, 현대차그룹, 테슬라, HMGMA",-,-,-,전기차,-,-,-,2023,-,-,확정,50개,KOSIS_VALUE,hcx,보조금 지급 대상 전기차 모델 수,현대차그룹 전기차,2024,-,hcx,현재값,50,-,-,N,개,수준값,증가,전년,"[5] 2023년에는 34개, 지난해에는 연말까지 50개 모델에 대해 혜택을 줬다.",high,N,-,Y,0,0,HCX-007,article-combined-v2.0-sentence-index,2026-07-31,Y,article_combined,0
A0028-c005,A0028-c005-m1,A0028,"현대차그룹 전기차 5종, 美 보조금 최대 7500달러 확정",2025-01-03,https://www.chosun.com/economy/auto/2025/01/03/JAOXUIC3JJEU7APKQ7W6OHYJRQ,"2023년에는 34개, 지난해에는 연말까지 50개 모델에 대해 혜택을 줬다.",-,-,개별기업,N,금융·금리,IRA 보조금,"전기차, 보조금, 현대차그룹, 테슬라, HMGMA",-,-,-,전기차,-,-,-,"2023, 2024",-,-,확정,34개,KOSIS_VALUE,hcx,보조금 지급 대상 전기차 모델 수,현대차그룹 전기차,2023,-,hcx,이전값,34,-,-,N,개,수준값,-,-,"[5] 2023년에는 34개, 지난해에는 연말까지 50개 모델에 대해 혜택을 줬다.",high,N,-,Y,0,0,HCX-007,article-combined-v2.0-sentence-index,2026-07-31,Y,article_combined,0
A0028-c005,A0028-c005-m2,A0028,"현대차그룹 전기차 5종, 美 보조금 최대 7500달러 확정",2025-01-03,https://www.chosun.com/economy/auto/2025/01/03/JAOXUIC3JJEU7APKQ7W6OHYJRQ,"2023년에는 34개, 지난해에는 연말까지 50개 모델에 대해 혜택을 줬다.",-,-,개별기업,N,금융·금리,IRA 보조금,"전기차, 보조금, 현대차그룹, 테슬라, HMGMA",-,-,-,전기차,-,-,-,"2023, 2024",-,-,확정,50개,KOSIS_VALUE,hcx,보조금 지급 대상 전기차 모델 수,현대차그룹 전기차,2024,-,hcx,현재값,50,-,-,N,개,수준값,-,-,"[5] 2023년에는 34개, 지난해에는 연말까지 50개 모델에 대해 혜택을 줬다.",high,N,-,Y,0,0,HCX-007,article-combined-v2.0-sentence-index,2026-07-31,Y,article_combined,0
A0028-c006,A0028-c006-m1,A0028,"현대차그룹 전기차 5종, 美 보조금 최대 7500달러 확정",2025-01-03,https://www.chosun.com/economy/auto/2025/01/03/JAOXUIC3JJEU7APKQ7W6OHYJRQ,현대차·기아는 보조금 혜택 없이도 지난해 3분기 미국 전기차 시장에서 테슬라와 GM에 이어 3위를 나타냈다.,-,-,개별기업,N,금융·금리,미국 전기차 시장 점유율,"전기차, 현대차, 기아, 테슬라, GM",-,-,-,전기차,-,-,-,2024,-,-,확정,3위,POLICY_VALUE,hcx,시장 점유율 순위,현대차·기아,2024,-,hcx,현재값,3,-,-,N,위,순위,-,-,[11] 현대차·기아는 보조금 혜택 없이도 지난해 3분기 미국 전기차 시장에서 테슬라와 GM에 이어 3위를 나타냈다.,high,N,-,N,0,0,HCX-007,article-combined-v2.0-sentence-index,2026-07-31,Y,article_combined,0
A0029-c001,A0029-c001-m1,A0029,완성차 5사 판매량 3년만에 감소세로...내수 부진에 전기차 캐즘 본격화,2025-01-03,https://www.chosun.com/economy/auto/2025/01/03/N4AM2ZKHUBDXHOEEKGPMWO4Y2U,"작년 국내 완성차 업체들의 판매량이 2023년 대비 0.6% 줄며, 3년만에 감소세로 돌아섰다.",-,-,국내공식통계,N,소매·소비,완성차 판매량,"완성차, 판매량, 내수, 수출, 전기차, 캐즘",전국,-,-,-,-,-,-,2024,-,-,확정,0.6%,KOSIS_VALUE,rule_fallback,완성차 판매량,-,2024,-,rule_fallback,증감률,0.6,-,-,N,%,증감률,감소,-,"[1] 작년 국내 완성차 업체들의 판매량이 2023년 대비 0.6% 줄며, 3년만에 감소세로 돌아섰다.",high,Y,measurement_rule_fallback:2,Y,2,0,HCX-007,article-combined-v2.0-sentence-index,2026-07-31,Y,article_combined,0
A0029-c001,A0029-c001-m2,A0029,완성차 5사 판매량 3년만에 감소세로...내수 부진에 전기차 캐즘 본격화,2025-01-03,https://www.chosun.com/economy/auto/2025/01/03/N4AM2ZKHUBDXHOEEKGPMWO4Y2U,"작년 국내 완성차 업체들의 판매량이 2023년 대비 0.6% 줄며, 3년만에 감소세로 돌아섰다.",-,-,국내공식통계,N,소매·소비,완성차 판매량,"완성차, 판매량, 내수, 수출, 전기차, 캐즘",전국,-,-,-,-,-,-,2024,-,-,확정,3년,CONTEXT,rule_fallback,완성차 판매량,-,2024,-,rule_fallback,참고값,3,-,-,N,년,수준값,감소,-,"[1] 작년 국내 완성차 업체들의 판매량이 2023년 대비 0.6% 줄며, 3년만에 감소세로 돌아섰다.",high,Y,measurement_rule_fallback:2,Y,2,0,HCX-007,article-combined-v2.0-sentence-index,2026-07-31,Y,article_combined,0
A0029-c002,A0029-c002-m1,A0029,완성차 5사 판매량 3년만에 감소세로...내수 부진에 전기차 캐즘 본격화,2025-01-03,https://www.chosun.com/economy/auto/2025/01/03/N4AM2ZKHUBDXHOEEKGPMWO4Y2U,"경기 침체 속 내수 판매가 6%대 급감했고, 수출은 전체적으로 보합세를 보인 가운데 현대차와 르노코리아 등 판매량이 큰 폭으로 줄었다.",-,-,국내공식통계,N,소매·소비,완성차 내수 판매량,"완성차, 내수, 판매량",전국,-,-,-,-,-,-,2024,-,-,확정,6%,KOSIS_VALUE,rule_fallback,완성차 내수 판매량,-,2024,-,rule_fallback,증감률,6,-,-,N,%,증감률,감소,-,"[2] 경기 침체 속 내수 판매가 6%대 급감했고, 수출은 전체적으로 보합세를 보인 가운데 현대차와 르노코리아 등 판매량이 큰 폭으로 줄었다.",high,Y,measurement_rule_fallback:1,Y,1,0,HCX-007,article-combined-v2.0-sentence-index,2026-07-31,Y,article_combined,0
A0029-c003,A0029-c003-m1,A0029,완성차 5사 판매량 3년만에 감소세로...내수 부진에 전기차 캐즘 본격화,2025-01-03,https://www.chosun.com/economy/auto/2025/01/03/N4AM2ZKHUBDXHOEEKGPMWO4Y2U,"국내 판매는 135만6706대로 전년 대비 6.4% 줄었고, 해외 판매는 658만4378대로 같은 기간 0.7% 늘었다.",-,-,국내공식통계,N,소매·소비,완성차 수출 판매량,"완성차, 수출, 판매량",전국,-,-,-,-,-,-,2024,-,-,확정,658만4378대,KOSIS_VALUE,hcx,완성차 수출 판매량,-,2024,-,hcx,현재값,6584378,-,-,N,대,수준값,증가,전년,"[4] 국내 판매는 135만6706대로 전년 대비 6.4% 줄었고, 해외 판매는 658만4378대로 같은 기간 0.7% 늘었다.",high,Y,measurement_rule_fallback:3,Y,3,0,HCX-007,article-combined-v2.0-sentence-index,2026-07-31,Y,article_combined,0
A0029-c003,A0029-c003-m2,A0029,완성차 5사 판매량 3년만에 감소세로...내수 부진에 전기차 캐즘 본격화,2025-01-03,https://www.chosun.com/economy/auto/2025/01/03/N4AM2ZKHUBDXHOEEKGPMWO4Y2U,"국내 판매는 135만6706대로 전년 대비 6.4% 줄었고, 해외 판매는 658만4378대로 같은 기간 0.7% 늘었다.",-,-,국내공식통계,N,소매·소비,완성차 수출 판매량,"완성차, 수출, 판매량",전국,-,-,-,-,-,-,2024,-,-,확정,135만6706대,KOSIS_VALUE,rule_fallback,완성차 수출 판매량,-,2024,-,rule_fallback,현재값,1356706,-,-,N,대,수준값,증가,-,"[4] 국내 판매는 135만6706대로 전년 대비 6.4% 줄었고, 해외 판매는 658만4378대로 같은 기간 0.7% 늘었다.",high,Y,measurement_rule_fallback:3,Y,3,0,HCX-007,article-combined-v2.0-sentence-index,2026-07-31,Y,article_combined,0
A0029-c003,A0029-c003-m3,A0029,완성차 5사 판매량 3년만에 감소세로...내수 부진에 전기차 캐즘 본격화,2025-01-03,https://www.chosun.com/economy/auto/2025/01/03/N4AM2ZKHUBDXHOEEKGPMWO4Y2U,"국내 판매는 135만6706대로 전년 대비 6.4% 줄었고, 해외 판매는 658만4378대로 같은 기간 0.7% 늘었다.",-,-,국내공식통계,N,소매·소비,완성차 수출 판매량,"완성차, 수출, 판매량",전국,-,-,-,-,-,-,2024,-,-,확정,6.4%,KOSIS_VALUE,rule_fallback,완성차 수출 판매량,-,2024,-,rule_fallback,증감률,6.4,-,-,N,%,증감률,증가,-,"[4] 국내 판매는 135만6706대로 전년 대비 6.4% 줄었고, 해외 판매는 658만4378대로 같은 기간 0.7% 늘었다.",high,Y,measurement_rule_fallback:3,Y,3,0,HCX-007,article-combined-v2.0-sentence-index,2026-07-31,Y,article_combined,0
A0029-c003,A0029-c003-m4,A0029,완성차 5사 판매량 3년만에 감소세로...내수 부진에 전기차 캐즘 본격화,2025-01-03,https://www.chosun.com/economy/auto/2025/01/03/N4AM2ZKHUBDXHOEEKGPMWO4Y2U,"국내 판매는 135만6706대로 전년 대비 6.4% 줄었고, 해외 판매는 658만4378대로 같은 기간 0.7% 늘었다.",-,-,국내공식통계,N,소매·소비,완성차 수출 판매량,"완성차, 수출, 판매량",전국,-,-,-,-,-,-,2024,-,-,확정,0.7%,KOSIS_VALUE,rule_fallback,완성차 수출 판매량,-,2024,-,rule_fallback,증감률,0.7,-,-,N,%,증감률,증가,-,"[4] 국내 판매는 135만6706대로 전년 대비 6.4% 줄었고, 해외 판매는 658만4378대로 같은 기간 0.7% 늘었다.",high,Y,measurement_rule_fallback:3,Y,3,0,HCX-007,article-combined-v2.0-sentence-index,2026-07-31,Y,article_combined,0
A0029-c004,A0029-c004-m1,A0029,완성차 5사 판매량 3년만에 감소세로...내수 부진에 전기차 캐즘 본격화,2025-01-03,https://www.chosun.com/economy/auto/2025/01/03/N4AM2ZKHUBDXHOEEKGPMWO4Y2U,"현대차는 지난해 판매량이 414만 1791대로, 2023년 대비 1.8% 감소했다.",-,-,국내공식통계,N,소매·소비,현대차 판매량,"현대차, 판매량",전국,-,-,-,-,-,-,2024,-,-,확정,414만 1791대,KOSIS_VALUE,hcx,현대차 판매량,-,2024,-,hcx,현재값,1791,-,-,N,대,수준값,감소,전년,"[7] 현대차는 지난해 판매량이 414만 1791대로, 2023년 대비 1.8% 감소했다.",high,Y,measurement_rule_fallback:1,Y,1,0,HCX-007,article-combined-v2.0-sentence-index,2026-07-31,Y,article_combined,0
A0029-c004,A0029-c004-m2,A0029,완성차 5사 판매량 3년만에 감소세로...내수 부진에 전기차 캐즘 본격화,2025-01-03,https://www.chosun.com/economy/auto/2025/01/03/N4AM2ZKHUBDXHOEEKGPMWO4Y2U,"현대차는 지난해 판매량이 414만 1791대로, 2023년 대비 1.8% 감소했다.",-,-,국내공식통계,N,소매·소비,현대차 판매량,"현대차, 판매량",전국,-,-,-,-,-,-,2024,-,-,확정,1.8%,KOSIS_VALUE,rule_fallback,현대차 판매량,-,2024,-,rule_fallback,증감률,1.8,-,-,N,%,증감률,감소,-,"[7] 현대차는 지난해 판매량이 414만 1791대로, 2023년 대비 1.8% 감소했다.",high,Y,measurement_rule_fallback:1,Y,1,0,HCX-007,article-combined-v2.0-sentence-index,2026-07-31,Y,article_combined,0
A0029-c005,A0029-c005-m1,A0029,완성차 5사 판매량 3년만에 감소세로...내수 부진에 전기차 캐즘 본격화,2025-01-03,https://www.chosun.com/economy/auto/2025/01/03/N4AM2ZKHUBDXHOEEKGPMWO4Y2U,지난해 GM 한국사업장은 해외에 2023년 대비 10.6% 증가한 47만 4735대를 판매했다.,-,-,국내공식통계,N,소매·소비,GM 한국사업장 판매량,"GM 한국사업장, 판매량",전국,-,-,-,-,-,-,2024,-,-,확정,47만 4735대,KOSIS_VALUE,hcx,GM 한국사업장 판매량,-,2023,Y,hcx,현재값,4735,-,-,N,대,수준값,증가,전년,[14] 지난해 GM 한국사업장은 해외에 2023년 대비 10.6% 증가한 47만 4735대를 판매했다.,high,Y,measurement_rule_fallback:1,Y,1,0,HCX-007,article-combined-v2.0-sentence-index,2026-07-31,Y,article_combined,0
A0029-c005,A0029-c005-m2,A0029,완성차 5사 판매량 3년만에 감소세로...내수 부진에 전기차 캐즘 본격화,2025-01-03,https://www.chosun.com/economy/auto/2025/01/03/N4AM2ZKHUBDXHOEEKGPMWO4Y2U,지난해 GM 한국사업장은 해외에 2023년 대비 10.6% 증가한 47만 4735대를 판매했다.,-,-,국내공식통계,N,소매·소비,GM 한국사업장 판매량,"GM 한국사업장, 판매량",전국,-,-,-,-,-,-,2024,-,-,확정,10.6%,KOSIS_VALUE,rule_fallback,GM 한국사업장 판매량,-,2024,-,rule_fallback,증감률,10.6,-,-,N,%,증감률,증가,-,[14] 지난해 GM 한국사업장은 해외에 2023년 대비 10.6% 증가한 47만 4735대를 판매했다.,high,Y,measurement_rule_fallback:1,Y,1,0,HCX-007,article-combined-v2.0-sentence-index,2026-07-31,Y,article_combined,0
A0029-c006,A0029-c006-m1,A0029,완성차 5사 판매량 3년만에 감소세로...내수 부진에 전기차 캐즘 본격화,2025-01-03,https://www.chosun.com/economy/auto/2025/01/03/N4AM2ZKHUBDXHOEEKGPMWO4Y2U,KG모빌리티도 같은 기간 18.2% 늘어난 6만 2378대를 수출했다.,-,-,국내공식통계,N,소매·소비,KG모빌리티 판매량,"KG모빌리티, 판매량",전국,-,-,-,-,-,-,2024,-,-,확정,6만 2378대,KOSIS_VALUE,hcx,KG모빌리티 판매량,-,2024,-,hcx,현재값,2378,-,-,N,대,수준값,증가,전년,[15] KG모빌리티도 같은 기간 18.2% 늘어난 6만 2378대를 수출했다.,high,N,-,Y,0,0,HCX-007,article-combined-v2.0-sentence-index,2026-07-31,Y,article_combined,0
A0029-c006,A0029-c006-m2,A0029,완성차 5사 판매량 3년만에 감소세로...내수 부진에 전기차 캐즘 본격화,2025-01-03,https://www.chosun.com/economy/auto/2025/01/03/N4AM2ZKHUBDXHOEEKGPMWO4Y2U,KG모빌리티도 같은 기간 18.2% 늘어난 6만 2378대를 수출했다.,-,-,국내공식통계,N,소매·소비,KG모빌리티 판매량,"KG모빌리티, 판매량",전국,-,-,-,-,-,-,2024,-,-,확정,18.2%,KOSIS_VALUE,hcx,KG모빌리티 판매량,-,2024,-,hcx,증감률,18.2,-,-,N,%,증감률,증가,전년,[15] KG모빌리티도 같은 기간 18.2% 늘어난 6만 2378대를 수출했다.,high,N,-,Y,0,0,HCX-007,article-combined-v2.0-sentence-index,2026-07-31,Y,article_combined,0
A0030-c001,-,A0030,은행 선물환 규제 풀어 시장에 달러 공급,2025-01-03,https://www.chosun.com/economy/economy_general/2025/01/03/7FSYM4YTJJEFBNUC6B4JOHW2RE,우선 시장의 달러 공급을 늘리기 위해 은행의 선물환 규제를 풀기로 했다.,-,-,국내공식통계,N,금융·금리,선물환 규제 완화,"은행, 선물환, 규제, 달러 공급",-,-,-,-,-,-,-,2025,-,-,확정,-,-,-,-,-,-,-,-,-,-,-,-,-,-,-,-,-,[7] 우선 시장의 달러 공급을 늘리기 위해 은행의 선물환 규제를 풀기로 했다.,high,N,-,N,0,0,HCX-007,article-combined-v2.0-sentence-index,2026-07-31,Y,article_combined,0
A0030-c002,A0030-c002-m1,A0030,은행 선물환 규제 풀어 시장에 달러 공급,2025-01-03,https://www.chosun.com/economy/economy_general/2025/01/03/7FSYM4YTJJEFBNUC6B4JOHW2RE,또 외환시장에서 달러 수요를 줄이기 위해 한국은행과 국민연금의 외환 스와프(교환) 한도를 늘린다. 이미 지난달 20일 이 한도를 500억달러에서 650억달러로 확대했다.,-,-,국내공식통계,N,금융·금리,외환 스와프 한도,"한국은행, 국민연금, 외환 스와프, 한도",-,-,-,-,-,-,-,2024,-,-,확정,500억달러,POLICY_VALUE,hcx,외환 스와프 한도,한국은행과 국민연금,2024,-,claim_fallback,현재값,50000000000,-,-,N,달러,수준값,감소,전년,"[10] 또 외환시장에서 달러 수요를 줄이기 위해 한국은행과 국민연금의 외환 스와프(교환) 한도를 늘린다.
[11] 이미 지난달 20일 이 한도를 500억달러에서 650억달러로 확대했다.",high,Y,measurement_binding_fallback:1;measurement_period_ungrounded:1,N,0,1,HCX-007,article-combined-v2.0-sentence-index,2026-07-31,Y,article_combined,0
A0030-c002,A0030-c002-m2,A0030,은행 선물환 규제 풀어 시장에 달러 공급,2025-01-03,https://www.chosun.com/economy/economy_general/2025/01/03/7FSYM4YTJJEFBNUC6B4JOHW2RE,또 외환시장에서 달러 수요를 줄이기 위해 한국은행과 국민연금의 외환 스와프(교환) 한도를 늘린다. 이미 지난달 20일 이 한도를 500억달러에서 650억달러로 확대했다.,-,-,국내공식통계,N,금융·금리,외환 스와프 한도,"한국은행, 국민연금, 외환 스와프, 한도",-,-,-,-,-,-,-,2024,-,-,확정,650억달러,POLICY_VALUE,hcx,외환 스와프 한도,한국은행과 국민연금,2024,-,hcx,현재값,65000000000,-,-,N,달러,수준값,증가,전년,"[10] 또 외환시장에서 달러 수요를 줄이기 위해 한국은행과 국민연금의 외환 스와프(교환) 한도를 늘린다.
[11] 이미 지난달 20일 이 한도를 500억달러에서 650억달러로 확대했다.",high,Y,measurement_binding_fallback:1;measurement_period_ungrounded:1,N,0,1,HCX-007,article-combined-v2.0-sentence-index,2026-07-31,Y,article_combined,0
A0030-c003,A0030-c003-m1,A0030,은행 선물환 규제 풀어 시장에 달러 공급,2025-01-03,https://www.chosun.com/economy/economy_general/2025/01/03/7FSYM4YTJJEFBNUC6B4JOHW2RE,"이에 정부는 수출 기업에 역대 최대 규모인 360조원의 무역금융을 공급해 대응한다는 방침이다. 기업들은 대출금리 연 최대 1.2%포인트 인하, 대출 한도 10% 확대 등 혜택을 받을 수 있다.",-,-,국내공식통계,N,재정·조세,무역금융 지원,"수출 기업, 무역금융, 대출금리, 대출 한도",-,-,-,-,-,-,-,2025,-,-,확정,360조원,POLICY_VALUE,hcx,무역금융,수출 기업,2025,-,hcx,현재값,360000000000000,-,-,N,원,수준값,증가,전년,"[14] 이에 정부는 수출 기업에 역대 최대 규모인 360조원의 무역금융을 공급해 대응한다는 방침이다.
[15] 기업들은 대출금리 연 최대 1.2%포인트 인하, 대출 한도 10% 확대 등 혜택을 받을 수 있다.",high,N,-,N,0,0,HCX-007,article-combined-v2.0-sentence-index,2026-07-31,Y,article_combined,0
A0030-c003,A0030-c003-m2,A0030,은행 선물환 규제 풀어 시장에 달러 공급,2025-01-03,https://www.chosun.com/economy/economy_general/2025/01/03/7FSYM4YTJJEFBNUC6B4JOHW2RE,"이에 정부는 수출 기업에 역대 최대 규모인 360조원의 무역금융을 공급해 대응한다는 방침이다. 기업들은 대출금리 연 최대 1.2%포인트 인하, 대출 한도 10% 확대 등 혜택을 받을 수 있다.",-,-,국내공식통계,N,재정·조세,무역금융 지원,"수출 기업, 무역금융, 대출금리, 대출 한도",-,-,-,-,-,-,-,2025,-,-,확정,1.2%,POLICY_VALUE,hcx,대출금리 인하,수출 기업,2025,-,hcx,현재값,1.2,-,-,N,%,수준값,감소,전년,"[14] 이에 정부는 수출 기업에 역대 최대 규모인 360조원의 무역금융을 공급해 대응한다는 방침이다.
[15] 기업들은 대출금리 연 최대 1.2%포인트 인하, 대출 한도 10% 확대 등 혜택을 받을 수 있다.",high,N,-,N,0,0,HCX-007,article-combined-v2.0-sentence-index,2026-07-31,Y,article_combined,0
A0030-c003,A0030-c003-m3,A0030,은행 선물환 규제 풀어 시장에 달러 공급,2025-01-03,https://www.chosun.com/economy/economy_general/2025/01/03/7FSYM4YTJJEFBNUC6B4JOHW2RE,"이에 정부는 수출 기업에 역대 최대 규모인 360조원의 무역금융을 공급해 대응한다는 방침이다. 기업들은 대출금리 연 최대 1.2%포인트 인하, 대출 한도 10% 확대 등 혜택을 받을 수 있다.",-,-,국내공식통계,N,재정·조세,무역금융 지원,"수출 기업, 무역금융, 대출금리, 대출 한도",-,-,-,-,-,-,-,2025,-,-,확정,10%,POLICY_VALUE,hcx,대출 한도 확대,수출 기업,2025,-,hcx,현재값,10,-,-,N,%,수준값,증가,전년,"[14] 이에 정부는 수출 기업에 역대 최대 규모인 360조원의 무역금융을 공급해 대응한다는 방침이다.
[15] 기업들은 대출금리 연 최대 1.2%포인트 인하, 대출 한도 10% 확대 등 혜택을 받을 수 있다.",high,N,-,N,0,0,HCX-007,article-combined-v2.0-sentence-index,2026-07-31,Y,article_combined,0
A0031-c001,A0031-c001-m1,A0031,"추락하는 성장률, 내수 살려 떠받친다",2025-01-03,https://www.chosun.com/economy/economy_general/2025/01/03/FS5OTJUQ7RC5JIPD2GEHE7U47Q,"4 미국 트럼프 정부 출범과 내수 부진 장기화, 탄핵 정국 등 겹겹의 불확실성에 노출된 한국 경제가 올해 1.8% 성장할 것으로 정부가 공식 전망했다.",-,-,국내공식통계,N,재정·조세,새해 경제정책방향,"성장률, 내수, 경기 방어, 민생·경기 사업 예산, 재정 집행, 소득공제, 소비자 물가 상승률, 물가 안정 목표치",-,-,-,-,-,-,-,2025,-,-,확정,1.8%,KOSIS_VALUE,hcx,새해 성장률 전망치,-,2025,-,hcx,현재값,1.8,-,-,N,%,수준값,감소,전년,"[0] 4 미국 트럼프 정부 출범과 내수 부진 장기화, 탄핵 정국 등 겹겹의 불확실성에 노출된 한국 경제가 올해 1.8% 성장할 것으로 정부가 공식 전망했다.",high,N,-,N,0,0,HCX-007,article-combined-v2.0-sentence-index,2026-07-31,Y,article_combined,0
A0031-c002,A0031-c002-m1,A0031,"추락하는 성장률, 내수 살려 떠받친다",2025-01-03,https://www.chosun.com/economy/economy_general/2025/01/03/FS5OTJUQ7RC5JIPD2GEHE7U47Q,"정부는 올해 소비자 물가 상승률도 한국은행의 물가 안정 목표치(2%)보다 낮은 1.8%로 전망해, 6개월 전 전망치(2.1%)보다 0.3%포인트 낮춰 잡았다.",-,-,국내공식통계,N,물가,소비자 물가 상승률,"물가 상승률, 물가 안정 목표치",-,-,-,-,-,-,-,2025,-,-,확정,1.8%,KOSIS_VALUE,hcx,올해 소비자 물가 상승률 전망치,-,2025,-,hcx,현재값,1.8,-,-,N,%,수준값,감소,전년,"[12] 정부는 올해 소비자 물가 상승률도 한국은행의 물가 안정 목표치(2%)보다 낮은 1.8%로 전망해, 6개월 전 전망치(2.1%)보다 0.3%포인트 낮춰 잡았다.",high,Y,measurement_rule_fallback:3,Y,3,0,HCX-007,article-combined-v2.0-sentence-index,2026-07-31,Y,article_combined,0
A0031-c002,A0031-c002-m2,A0031,"추락하는 성장률, 내수 살려 떠받친다",2025-01-03,https://www.chosun.com/economy/economy_general/2025/01/03/FS5OTJUQ7RC5JIPD2GEHE7U47Q,"정부는 올해 소비자 물가 상승률도 한국은행의 물가 안정 목표치(2%)보다 낮은 1.8%로 전망해, 6개월 전 전망치(2.1%)보다 0.3%포인트 낮춰 잡았다.",-,-,국내공식통계,N,물가,소비자 물가 상승률,"물가 상승률, 물가 안정 목표치",-,-,-,-,-,-,-,2025,-,-,확정,2.1%,KOSIS_VALUE,hcx,작년 소비자 물가 상승률 전망치,-,2024,-,hcx,이전값,2.1,-,-,N,%,수준값,감소,전년,"[12] 정부는 올해 소비자 물가 상승률도 한국은행의 물가 안정 목표치(2%)보다 낮은 1.8%로 전망해, 6개월 전 전망치(2.1%)보다 0.3%포인트 낮춰 잡았다.",high,Y,measurement_rule_fallback:3,Y,3,0,HCX-007,article-combined-v2.0-sentence-index,2026-07-31,Y,article_combined,0
A0031-c002,A0031-c002-m3,A0031,"추락하는 성장률, 내수 살려 떠받친다",2025-01-03,https://www.chosun.com/economy/economy_general/2025/01/03/FS5OTJUQ7RC5JIPD2GEHE7U47Q,"정부는 올해 소비자 물가 상승률도 한국은행의 물가 안정 목표치(2%)보다 낮은 1.8%로 전망해, 6개월 전 전망치(2.1%)보다 0.3%포인트 낮춰 잡았다.",-,-,국내공식통계,N,물가,소비자 물가 상승률,"물가 상승률, 물가 안정 목표치",-,-,-,-,-,-,-,2025,-,-,확정,2%,KOSIS_VALUE,rule_fallback,소비자 물가 상승률,-,2025,-,rule_fallback,증감률,2,-,-,N,%,증감률,증가,-,"[12] 정부는 올해 소비자 물가 상승률도 한국은행의 물가 안정 목표치(2%)보다 낮은 1.8%로 전망해, 6개월 전 전망치(2.1%)보다 0.3%포인트 낮춰 잡았다.",high,Y,measurement_rule_fallback:3,Y,3,0,HCX-007,article-combined-v2.0-sentence-index,2026-07-31,Y,article_combined,0
A0031-c002,A0031-c002-m4,A0031,"추락하는 성장률, 내수 살려 떠받친다",2025-01-03,https://www.chosun.com/economy/economy_general/2025/01/03/FS5OTJUQ7RC5JIPD2GEHE7U47Q,"정부는 올해 소비자 물가 상승률도 한국은행의 물가 안정 목표치(2%)보다 낮은 1.8%로 전망해, 6개월 전 전망치(2.1%)보다 0.3%포인트 낮춰 잡았다.",-,-,국내공식통계,N,물가,소비자 물가 상승률,"물가 상승률, 물가 안정 목표치",-,-,-,-,-,-,-,2025,-,-,확정,6개월,CONTEXT,rule_fallback,소비자 물가 상승률,-,2025,-,rule_fallback,참고값,6,-,-,N,개월,수준값,증가,-,"[12] 정부는 올해 소비자 물가 상승률도 한국은행의 물가 안정 목표치(2%)보다 낮은 1.8%로 전망해, 6개월 전 전망치(2.1%)보다 0.3%포인트 낮춰 잡았다.",high,Y,measurement_rule_fallback:3,Y,3,0,HCX-007,article-combined-v2.0-sentence-index,2026-07-31,Y,article_combined,0
A0031-c002,A0031-c002-m5,A0031,"추락하는 성장률, 내수 살려 떠받친다",2025-01-03,https://www.chosun.com/economy/economy_general/2025/01/03/FS5OTJUQ7RC5JIPD2GEHE7U47Q,"정부는 올해 소비자 물가 상승률도 한국은행의 물가 안정 목표치(2%)보다 낮은 1.8%로 전망해, 6개월 전 전망치(2.1%)보다 0.3%포인트 낮춰 잡았다.",-,-,국내공식통계,N,물가,소비자 물가 상승률,"물가 상승률, 물가 안정 목표치",-,-,-,-,-,-,-,2025,-,-,확정,0.3%,KOSIS_VALUE,rule_fallback,소비자 물가 상승률,-,2025,-,rule_fallback,증감률,0.3,-,-,N,%,증감률,증가,-,"[12] 정부는 올해 소비자 물가 상승률도 한국은행의 물가 안정 목표치(2%)보다 낮은 1.8%로 전망해, 6개월 전 전망치(2.1%)보다 0.3%포인트 낮춰 잡았다.",high,Y,measurement_rule_fallback:3,Y,3,0,HCX-007,article-combined-v2.0-sentence-index,2026-07-31,Y,article_combined,0
A0032-c001,A0032-c001-m1,A0032,수의직 7급→6급 높여도… “공무원 안 하죠”,2025-01-03,https://www.chosun.com/economy/economy_general/2025/01/03/TAEI2K7JCBBI5FCC7FT5WEJMRE,그런데 최종 합격자 1명뿐이었다.,-,-,국내공식통계,N,고용,수의직 공무원 지원자 및 선발 인원,"수의직, 공무원, 지원자, 선발 인원",전남,-,-,-,-,-,-,2024,-,-,확정,1명,KOSIS_VALUE,hcx,수의직 공무원 최종 합격자 수,-,2024,-,hcx,현재값,1,-,-,N,명,수준값,감소,전년,[5] 그런데 최종 합격자 1명뿐이었다.,high,N,-,N,0,0,HCX-007,article-combined-v2.0-sentence-index,2026-07-31,Y,article_combined,0
A0032-c002,A0032-c002-m1,A0032,수의직 7급→6급 높여도… “공무원 안 하죠”,2025-01-03,https://www.chosun.com/economy/economy_general/2025/01/03/TAEI2K7JCBBI5FCC7FT5WEJMRE,"지난해 9월 전국 가축방역관 정원은 1061명으로, 두 달 전 정원(1214명)보다 100명 넘게 줄어들었다.",-,-,국내공식통계,N,고용,수의직 공무원 정원,"수의직, 공무원, 정원",전국,-,-,-,-,-,-,2024,-,-,확정,1061명,KOSIS_VALUE,hcx,전국 가축방역관 정원,-,2024,-,hcx,현재값,1061,-,-,N,명,수준값,감소,전년,"[11] 지난해 9월 전국 가축방역관 정원은 1061명으로, 두 달 전 정원(1214명)보다 100명 넘게 줄어들었다.",high,Y,measurement_rule_fallback:1;measurement_period_ungrounded:1,Y,1,0,HCX-007,article-combined-v2.0-sentence-index,2026-07-31,Y,article_combined,0
A0032-c002,A0032-c002-m2,A0032,수의직 7급→6급 높여도… “공무원 안 하죠”,2025-01-03,https://www.chosun.com/economy/economy_general/2025/01/03/TAEI2K7JCBBI5FCC7FT5WEJMRE,"지난해 9월 전국 가축방역관 정원은 1061명으로, 두 달 전 정원(1214명)보다 100명 넘게 줄어들었다.",-,-,국내공식통계,N,고용,수의직 공무원 정원,"수의직, 공무원, 정원",전국,-,-,-,-,-,-,2024,-,-,확정,1214명,KOSIS_VALUE,hcx,전국 가축방역관 정원,-,-,-,hcx,이전값,1214,-,-,N,명,수준값,감소,전년,"[11] 지난해 9월 전국 가축방역관 정원은 1061명으로, 두 달 전 정원(1214명)보다 100명 넘게 줄어들었다.",high,Y,measurement_rule_fallback:1;measurement_period_ungrounded:1,Y,1,0,HCX-007,article-combined-v2.0-sentence-index,2026-07-31,Y,article_combined,0
A0032-c002,A0032-c002-m3,A0032,수의직 7급→6급 높여도… “공무원 안 하죠”,2025-01-03,https://www.chosun.com/economy/economy_general/2025/01/03/TAEI2K7JCBBI5FCC7FT5WEJMRE,"지난해 9월 전국 가축방역관 정원은 1061명으로, 두 달 전 정원(1214명)보다 100명 넘게 줄어들었다.",-,-,국내공식통계,N,고용,수의직 공무원 정원,"수의직, 공무원, 정원",전국,-,-,-,-,-,-,2024,-,-,확정,100명,KOSIS_VALUE,rule_fallback,수의직 공무원 정원,-,2024,-,rule_fallback,현재값,100,-,-,N,명,수준값,-,-,"[11] 지난해 9월 전국 가축방역관 정원은 1061명으로, 두 달 전 정원(1214명)보다 100명 넘게 줄어들었다.",high,Y,measurement_rule_fallback:1;measurement_period_ungrounded:1,Y,1,0,HCX-007,article-combined-v2.0-sentence-index,2026-07-31,Y,article_combined,0
A0034-c001,A0034-c001-m1,A0034,미니소·Chagee·BYD… 중국 브랜드가 몰려온다,2025-01-03,https://www.chosun.com/economy/industry-company/2025/01/03/2LUZ5YGYRFBA5OVQH3TKOZWVC4,현재 미니소는 112국에서 매장 7100여 개를 운영하고 있다.,-,-,개별기업,N,소매·소비,미니소 매장 수,"미니소, 매장, 한국",-,-,-,-,-,-,-,2025,-,-,확정,7100여 개,KOSIS_VALUE,hcx,미니소 매장 수,-,-,-,hcx,현재값,7100,-,-,Y,개,수준값,유지,전년,[23] 현재 미니소는 112국에서 매장 7100여 개를 운영하고 있다.,high,Y,measurement_period_ungrounded:1,N,0,0,HCX-007,article-combined-v2.0-sentence-index,2026-07-31,Y,article_combined,0
A0034-c002,A0034-c002-m1,A0034,미니소·Chagee·BYD… 중국 브랜드가 몰려온다,2025-01-03,https://www.chosun.com/economy/industry-company/2025/01/03/2LUZ5YGYRFBA5OVQH3TKOZWVC4,"◇잇따르는 中 브랜드 한국 진출 ‘중국판 다이소’로 불리는 생활용품점 미니소는 지난달 14일 서울 종로구 대학로에 매장을 냈다. 미니소는 지난 2016년 한국에 진출해 매장 70여 개를 운영하다 2021년 전면 철수했는데, 3년 만에 한국에 재진출한 것이다.",-,-,개별기업,N,소매·소비,미니소 한국 매장 수,"미니소, 한국, 매장",-,-,-,-,-,-,-,2025,-,-,확정,매장 70여 개,KOSIS_VALUE,hcx,미니소 한국 매장 수,-,2016,Y,hcx,이전값,70,-,-,Y,개,수준값,감소,전년,"[8] ◇잇따르는 中 브랜드 한국 진출 '중국판 다이소'로 불리는 생활용품점 미니소는 지난달 14일 서울 종로구 대학로에 매장을 냈다.[9] 미니소는 지난 2016년 한국에 진출해 매장 70여 개를 운영하다 2021년 전면 철수했는데, 3년 만에 한국에 재진출한 것이다.",high,Y,measurement_rule_fallback:1,Y,1,0,HCX-007,article-combined-v2.0-sentence-index,2026-07-31,Y,article_combined,0
A0034-c002,A0034-c002-m2,A0034,미니소·Chagee·BYD… 중국 브랜드가 몰려온다,2025-01-03,https://www.chosun.com/economy/industry-company/2025/01/03/2LUZ5YGYRFBA5OVQH3TKOZWVC4,"◇잇따르는 中 브랜드 한국 진출 ‘중국판 다이소’로 불리는 생활용품점 미니소는 지난달 14일 서울 종로구 대학로에 매장을 냈다. 미니소는 지난 2016년 한국에 진출해 매장 70여 개를 운영하다 2021년 전면 철수했는데, 3년 만에 한국에 재진출한 것이다.",-,-,개별기업,N,소매·소비,미니소 한국 매장 수,"미니소, 한국, 매장",-,-,-,-,-,-,-,2025,-,-,확정,3년,CONTEXT,rule_fallback,미니소 한국 매장 수,-,2025,-,rule_fallback,참고값,3,-,-,N,년,수준값,-,-,"[8] ◇잇따르는 中 브랜드 한국 진출 '중국판 다이소'로 불리는 생활용품점 미니소는 지난달 14일 서울 종로구 대학로에 매장을 냈다.[9] 미니소는 지난 2016년 한국에 진출해 매장 70여 개를 운영하다 2021년 전면 철수했는데, 3년 만에 한국에 재진출한 것이다.",high,Y,measurement_rule_fallback:1,Y,1,0,HCX-007,article-combined-v2.0-sentence-index,2026-07-31,Y,article_combined,0
A0034-c003,A0034-c003-m1,A0034,미니소·Chagee·BYD… 중국 브랜드가 몰려온다,2025-01-03,https://www.chosun.com/economy/industry-company/2025/01/03/2LUZ5YGYRFBA5OVQH3TKOZWVC4,"미니소는 지난 2016년 한국에 진출해 매장 70여 개를 운영하다 2021년 전면 철수했는데, 3년 만에 한국에 재진출한 것이다.",-,-,개별기업,N,소매·소비,미니소 재진출 기간 및 매장 수,"미니소, 재진출, 기간, 매장 수",-,-,-,-,-,-,-,2025,-,-,확정,3년 만에 한국에 재진출,CONTEXT,hcx,재진출 기간,-,2021,Y,hcx,현재값,3,-,-,Y,년,수준값,유지,전년,"[9] 미니소는 지난 2016년 한국에 진출해 매장 70여 개를 운영하다 2021년 전면 철수했는데, 3년 만에 한국에 재진출한 것이다.",high,N,-,Y,0,0,HCX-007,article-combined-v2.0-sentence-index,2026-07-31,Y,article_combined,0
A0034-c003,A0034-c003-m2,A0034,미니소·Chagee·BYD… 중국 브랜드가 몰려온다,2025-01-03,https://www.chosun.com/economy/industry-company/2025/01/03/2LUZ5YGYRFBA5OVQH3TKOZWVC4,"미니소는 지난 2016년 한국에 진출해 매장 70여 개를 운영하다 2021년 전면 철수했는데, 3년 만에 한국에 재진출한 것이다.",-,-,개별기업,N,소매·소비,미니소 재진출 기간 및 매장 수,"미니소, 재진출, 기간, 매장 수",-,-,-,-,-,-,-,2025,-,-,확정,매장 70여 개,KOSIS_VALUE,hcx,미니소 매장 수,-,2016,Y,hcx,현재값,70,-,-,Y,개,수준값,유지,전년,"[9] 미니소는 지난 2016년 한국에 진출해 매장 70여 개를 운영하다 2021년 전면 철수했는데, 3년 만에 한국에 재진출한 것이다.",high,N,-,Y,0,0,HCX-007,article-combined-v2.0-sentence-index,2026-07-31,Y,article_combined,0
A0034-c004,A0034-c004-m1,A0034,미니소·Chagee·BYD… 중국 브랜드가 몰려온다,2025-01-03,https://www.chosun.com/economy/industry-company/2025/01/03/2LUZ5YGYRFBA5OVQH3TKOZWVC4,BYD는 작년에 2023년 대비 41.3% 증가한 427만대의 차량을 판매했다.,-,-,개별기업,N,소매·소비,BYD 판매량,"BYD, 판매량, 차량",-,-,-,-,-,-,-,2024,-,-,확정,427만대,KOSIS_VALUE,hcx,BYD 판매량,-,2023,Y,hcx,현재값,4270000,-,-,Y,대,수준값,유지,전년,[25] BYD는 작년에 2023년 대비 41.3% 증가한 427만대의 차량을 판매했다.,high,N,-,N,0,0,HCX-007,article-combined-v2.0-sentence-index,2026-07-31,Y,article_combined,0
A0034-c004,A0034-c004-m2,A0034,미니소·Chagee·BYD… 중국 브랜드가 몰려온다,2025-01-03,https://www.chosun.com/economy/industry-company/2025/01/03/2LUZ5YGYRFBA5OVQH3TKOZWVC4,BYD는 작년에 2023년 대비 41.3% 증가한 427만대의 차량을 판매했다.,-,-,개별기업,N,소매·소비,BYD 판매량,"BYD, 판매량, 차량",-,-,-,-,-,-,-,2024,-,-,확정,2023년 대비 41.3%,KOSIS_VALUE,hcx,BYD 판매량 증가율,-,2023,Y,hcx,이전값,41.3,-,-,Y,%,증감률,증가,전년,[25] BYD는 작년에 2023년 대비 41.3% 증가한 427만대의 차량을 판매했다.,high,N,-,N,0,0,HCX-007,article-combined-v2.0-sentence-index,2026-07-31,Y,article_combined,0
A0034-c005,A0034-c005-m1,A0034,미니소·Chagee·BYD… 중국 브랜드가 몰려온다,2025-01-03,https://www.chosun.com/economy/industry-company/2025/01/03/2LUZ5YGYRFBA5OVQH3TKOZWVC4,순수 전기차는 176만대에 달한다.,-,-,개별기업,N,소매·소비,BYD 전기차 판매량,"BYD, 전기차, 판매량",-,-,-,-,-,-,-,2024,-,-,확정,176만대,KOSIS_VALUE,hcx,BYD 전기차 판매량,-,2024,-,hcx,현재값,1760000,-,-,Y,대,수준값,유지,전년,[26] 순수 전기차는 176만대에 달한다.,high,N,-,N,0,0,HCX-007,article-combined-v2.0-sentence-index,2026-07-31,Y,article_combined,0
A0034-c006,A0034-c006-m1,A0034,미니소·Chagee·BYD… 중국 브랜드가 몰려온다,2025-01-03,https://www.chosun.com/economy/industry-company/2025/01/03/2LUZ5YGYRFBA5OVQH3TKOZWVC4,"샤오미의 글로벌 스마트폰 점유율은 작년 3분기 기준 삼성, 애플에 이어 3위까지 올라왔다.",-,-,개별기업,N,소매·소비,샤오미 글로벌 스마트폰 점유율,"샤오미, 글로벌, 스마트폰, 점유율",-,-,-,-,-,-,-,2024,-,-,확정,3위,KOSIS_VALUE,hcx,샤오미 글로벌 스마트폰 점유율,-,2024,-,hcx,현재값,3,-,-,Y,위,순위,유지,전년,"[28] 샤오미의 글로벌 스마트폰 점유율은 작년 3분기 기준 삼성, 애플에 이어 3위까지 올라왔다.",high,N,-,N,0,0,HCX-007,article-combined-v2.0-sentence-index,2026-07-31,Y,article_combined,0
A0037-c001,A0037-c001-m1,A0037,최상목 대행 “중기·소상공인에 파격지원 강구…국회와 긴밀히 소통”,2025-01-03,https://www.chosun.com/economy/industry-company/2025/01/03/DJ6VB45KVVBKBNKQ5APKQKECIQ,"중소기업중앙회는 3일 서울 여의도 중기중앙회에서 업종·지역별 중소기업 대표와 중소기업 단체, 정부·국회 등 각계 주요 인사 400여 명을 초청해 ‘2025 중소기업인 신년인사회’를 개최했다고 밝혔다.",-,-,국내공식통계,N,기타,참석자 수,"참석자, 중소기업인 신년인사회",-,-,-,-,-,-,-,2025,-,-,확정,400여 명,KOSIS_VALUE,hcx,참석자 수,-,2025,-,hcx,현재값,400,-,-,Y,명,수준값,-,-,"[1] 중소기업중앙회는 3일 서울 여의도 중기중앙회에서 업종·지역별 중소기업 대표와 중소기업 단체, 정부·국회 등 각계 주요 인사 400여 명을 초청해 '2025 중소기업인 신년인사회'를 개최했다고 밝혔다.",high,N,-,N,0,0,HCX-007,article-combined-v2.0-sentence-index,2026-07-31,Y,article_combined,0
A0039-c001,A0039-c001-m1,A0039,"제주항공 ""6일부터 국내˙국제선 총 1116편 감편""",2025-01-03,https://www.chosun.com/economy/industry-company/2025/01/03/TIR5LLAP7BH7HGYHI36YSHMYBQ,0 제주항공이 전남 무안공항 여객기 참사의 후속조치로 국내·국제선 총 1116편을 우선 감편한다고 3일 밝혔다.,-,-,개별기업,N,소매·소비,운항 편수,"제주항공, 국내선, 국제선, 감편",-,-,-,항공,-,-,-,202501~202503,20250329,M,확정,총 1116편,KOSIS_VALUE,hcx,운항 편수,항공,-,-,hcx,현재값,1116,-,-,N,편,수준값,감소,전년,[0] 제주항공이 전남 무안공항 여객기 참사의 후속조치로 국내·국제선 총 1116편을 우선 감편한다고 3일 밝혔다.,high,Y,measurement_period_ungrounded:1,N,0,0,HCX-007,article-combined-v2.0-sentence-index,2026-07-31,Y,article_combined,0
A0039-c002,A0039-c002-m1,A0039,"제주항공 ""6일부터 국내˙국제선 총 1116편 감편""",2025-01-03,https://www.chosun.com/economy/industry-company/2025/01/03/TIR5LLAP7BH7HGYHI36YSHMYBQ,"국내선은 김포-제주, 부산-제주, 청주-제주, 무안-제주 등 4개 노선으로 총 838편이다.",-,-,개별기업,N,소매·소비,운항 편수,"제주항공, 국내선, 국제선, 감편",-,-,-,항공,-,-,-,202501~202503,20250329,M,확정,838편,KOSIS_VALUE,hcx,운항 편수,국내선,-,-,hcx,현재값,838,-,-,N,편,수준값,감소,전년,"[4] 국내선은 김포-제주, 부산-제주, 청주-제주, 무안-제주 등 4개 노선으로 총 838편이다.",high,Y,measurement_rule_fallback:1;measurement_period_ungrounded:1,Y,1,0,HCX-007,article-combined-v2.0-sentence-index,2026-07-31,Y,article_combined,0
A0039-c002,A0039-c002-m2,A0039,"제주항공 ""6일부터 국내˙국제선 총 1116편 감편""",2025-01-03,https://www.chosun.com/economy/industry-company/2025/01/03/TIR5LLAP7BH7HGYHI36YSHMYBQ,"국내선은 김포-제주, 부산-제주, 청주-제주, 무안-제주 등 4개 노선으로 총 838편이다.",-,-,개별기업,N,소매·소비,운항 편수,"제주항공, 국내선, 국제선, 감편",-,-,-,항공,-,-,-,202501~202503,20250329,M,확정,4개,KOSIS_VALUE,rule_fallback,운항 편수,항공,202501~202503,M,rule_fallback,현재값,4,-,-,N,개,수준값,-,-,"[4] 국내선은 김포-제주, 부산-제주, 청주-제주, 무안-제주 등 4개 노선으로 총 838편이다.",high,Y,measurement_rule_fallback:1;measurement_period_ungrounded:1,Y,1,0,HCX-007,article-combined-v2.0-sentence-index,2026-07-31,Y,article_combined,0
A0039-c003,A0039-c003-m1,A0039,"제주항공 ""6일부터 국내˙국제선 총 1116편 감편""",2025-01-03,https://www.chosun.com/economy/industry-company/2025/01/03/TIR5LLAP7BH7HGYHI36YSHMYBQ,"국제선은 무안에서 나가사키, 방콕, 코타키나발루, 타이베이, 장자제를 각각 오가는 5개 노선, 278편이 대상이다.",-,-,개별기업,N,소매·소비,운항 편수,"제주항공, 국내선, 국제선, 감편",-,-,-,항공,-,-,-,202501~202503,20250329,M,확정,278편,KOSIS_VALUE,hcx,운항 편수,국제선,-,-,hcx,현재값,278,-,-,N,편,수준값,감소,전년,"[5] 국제선은 무안에서 나가사키, 방콕, 코타키나발루, 타이베이, 장자제를 각각 오가는 5개 노선, 278편이 대상이다.",high,Y,measurement_rule_fallback:1;measurement_period_ungrounded:1,Y,1,0,HCX-007,article-combined-v2.0-sentence-index,2026-07-31,Y,article_combined,0
A0039-c003,A0039-c003-m2,A0039,"제주항공 ""6일부터 국내˙국제선 총 1116편 감편""",2025-01-03,https://www.chosun.com/economy/industry-company/2025/01/03/TIR5LLAP7BH7HGYHI36YSHMYBQ,"국제선은 무안에서 나가사키, 방콕, 코타키나발루, 타이베이, 장자제를 각각 오가는 5개 노선, 278편이 대상이다.",-,-,개별기업,N,소매·소비,운항 편수,"제주항공, 국내선, 국제선, 감편",-,-,-,항공,-,-,-,202501~202503,20250329,M,확정,5개,KOSIS_VALUE,rule_fallback,운항 편수,항공,202501~202503,M,rule_fallback,현재값,5,-,-,N,개,수준값,-,-,"[5] 국제선은 무안에서 나가사키, 방콕, 코타키나발루, 타이베이, 장자제를 각각 오가는 5개 노선, 278편이 대상이다.",high,Y,measurement_rule_fallback:1;measurement_period_ungrounded:1,Y,1,0,HCX-007,article-combined-v2.0-sentence-index,2026-07-31,Y,article_combined,0
A0039-c004,A0039-c004-m1,A0039,"제주항공 ""6일부터 국내˙국제선 총 1116편 감편""",2025-01-03,https://www.chosun.com/economy/industry-company/2025/01/03/TIR5LLAP7BH7HGYHI36YSHMYBQ,제주항공은 추가적인 노선 감편을 포함해 총 1900편의 운항량을 감축하겠다는 계획이다.,-,-,개별기업,N,소매·소비,운항 편수,"제주항공, 국내선, 국제선, 감편",-,-,-,항공,-,-,-,202501~202503,20250329,M,확정,1900편,KOSIS_VALUE,hcx,운항 편수,항공,-,-,hcx,현재값,1900,-,-,N,편,수준값,감소,전년,[7] 제주항공은 추가적인 노선 감편을 포함해 총 1900편의 운항량을 감축하겠다는 계획이다.,high,Y,measurement_period_ungrounded:1,N,0,0,HCX-007,article-combined-v2.0-sentence-index,2026-07-31,Y,article_combined,0
A0044-c001,A0044-c001-m1,A0044,"팀쿡도 100만달러 쾌척... 美재계, 트럼프 취임식에 찬조 이어져",2025-01-04,https://www.chosun.com/economy/int_economy/2025/01/04/TBQG2RWUCZCOPEERSCDI2PWTHU,2 팀 쿡 애플 최고경영자(CEO)가 도널드 트럼프 미국 대통령 당선인의 취임위원회에 개인 자격으로 100만 달러(약 14억7000만원)를 기부하기로 했다.,-,-,개별기업,N,재정·조세,개인 기부금,"팀 쿡, 트럼프, 취임식, 기부",-,-,-,-,-,-,-,2025,-,-,확정,100만 달러,KOSIS_VALUE,hcx,개인 기부금,-,-,-,hcx,현재값,1000000,-,-,N,달러,수준값,-,-,[0] 팀 쿡 애플 최고경영자(CEO)가 도널드 트럼프 미국 대통령 당선인의 취임위원회에 개인 자격으로 100만 달러(약 14억7000만원)를 기부하기로 했다.,high,Y,measurement_period_ungrounded:2,N,0,0,HCX-007,article-combined-v2.0-sentence-index,2026-07-31,Y,article_combined,0
A0044-c001,A0044-c001-m2,A0044,"팀쿡도 100만달러 쾌척... 美재계, 트럼프 취임식에 찬조 이어져",2025-01-04,https://www.chosun.com/economy/int_economy/2025/01/04/TBQG2RWUCZCOPEERSCDI2PWTHU,2 팀 쿡 애플 최고경영자(CEO)가 도널드 트럼프 미국 대통령 당선인의 취임위원회에 개인 자격으로 100만 달러(약 14억7000만원)를 기부하기로 했다.,-,-,개별기업,N,재정·조세,개인 기부금,"팀 쿡, 트럼프, 취임식, 기부",-,-,-,-,-,-,-,2025,-,-,확정,14억7000만원,KOSIS_VALUE,hcx,환산된 개인 기부금,-,-,-,hcx,참고값,1470000000,-,-,Y,원,수준값,-,-,[0] 팀 쿡 애플 최고경영자(CEO)가 도널드 트럼프 미국 대통령 당선인의 취임위원회에 개인 자격으로 100만 달러(약 14억7000만원)를 기부하기로 했다.,high,Y,measurement_period_ungrounded:2,N,0,0,HCX-007,article-combined-v2.0-sentence-index,2026-07-31,Y,article_combined,0
A0046-c001,A0046-c001-m1,A0046,[美친 증시]③ “작년 많이 오른 종목은 급등락 주의... 기술주는 대형보다 중·소형주”,2025-01-04,https://www.chosun.com/economy/money/2025/01/04/6FL3VK5OUYSQJ5NKPXMCKUPCHQ,나스닥종합지수와 S&P500지수의 연간 상승률은 30% 안팎을 기록했다.,-,-,여론조사·설문,N,금융·금리,S&P 500 지수 상승률,"나스닥종합지수, S&P500지수, 연간 상승률, 30%",-,-,-,-,-,-,-,2024,-,-,확정,30% 안팎,KOSIS_VALUE,hcx,S&P 500 지수 상승률,-,2024,-,hcx,현재값,30,-,-,Y,%,증감률,증가,전년,[1] 나스닥종합지수와 S&P500지수의 연간 상승률은 30% 안팎을 기록했다.,high,N,-,N,0,0,HCX-007,article-combined-v2.0-sentence-index,2026-07-31,Y,article_combined,0
A0046-c002,A0046-c002-m1,A0046,[美친 증시]③ “작년 많이 오른 종목은 급등락 주의... 기술주는 대형보다 중·소형주”,2025-01-04,https://www.chosun.com/economy/money/2025/01/04/6FL3VK5OUYSQJ5NKPXMCKUPCHQ,"반면에 코스피지수와 코스닥지수는 연초보다 각각 9.9%, 21.7% 하락한 채 장을 마쳤다.",-,-,여론조사·설문,N,금융·금리,코스피지수 및 코스닥지수 하락률,"코스피지수, 코스닥지수, 하락률, 9.9%, 21.7%",-,-,-,-,-,-,-,2024,-,-,확정,9.9%,KOSIS_VALUE,hcx,코스피지수 하락률,-,2024,-,hcx,현재값,9.9,-,-,Y,%,증감률,감소,전년,"[2] 반면에 코스피지수와 코스닥지수는 연초보다 각각 9.9%, 21.7% 하락한 채 장을 마쳤다.",high,N,-,Y,0,0,HCX-007,article-combined-v2.0-sentence-index,2026-07-31,Y,article_combined,0
A0046-c002,A0046-c002-m2,A0046,[美친 증시]③ “작년 많이 오른 종목은 급등락 주의... 기술주는 대형보다 중·소형주”,2025-01-04,https://www.chosun.com/economy/money/2025/01/04/6FL3VK5OUYSQJ5NKPXMCKUPCHQ,"반면에 코스피지수와 코스닥지수는 연초보다 각각 9.9%, 21.7% 하락한 채 장을 마쳤다.",-,-,여론조사·설문,N,금융·금리,코스피지수 및 코스닥지수 하락률,"코스피지수, 코스닥지수, 하락률, 9.9%, 21.7%",-,-,-,-,-,-,-,2024,-,-,확정,21.7%,KOSIS_VALUE,hcx,코스닥지수 하락률,-,2024,-,hcx,현재값,21.7,-,-,Y,%,증감률,감소,전년,"[2] 반면에 코스피지수와 코스닥지수는 연초보다 각각 9.9%, 21.7% 하락한 채 장을 마쳤다.",high,N,-,Y,0,0,HCX-007,article-combined-v2.0-sentence-index,2026-07-31,Y,article_combined,0
A0046-c003,A0046-c003-m1,A0046,[美친 증시]③ “작년 많이 오른 종목은 급등락 주의... 기술주는 대형보다 중·소형주”,2025-01-04,https://www.chosun.com/economy/money/2025/01/04/6FL3VK5OUYSQJ5NKPXMCKUPCHQ,"반면에 코스피지수와 코스닥지수는 연초보다 각각 9.9%, 21.7% 하락한 채 장을 마쳤다.",-,-,여론조사·설문,N,금융·금리,코스피지수 및 코스닥지수 하락률,"코스피지수, 코스닥지수, 하락률, 9.9%, 21.7%",-,-,-,-,-,-,-,2024,-,-,확정,9.9%,KOSIS_VALUE,hcx,코스피지수 하락률,-,2024,-,hcx,현재값,9.9,-,-,Y,%,증감률,감소,전년,"[2] 반면에 코스피지수와 코스닥지수는 연초보다 각각 9.9%, 21.7% 하락한 채 장을 마쳤다.",high,N,-,Y,0,0,HCX-007,article-combined-v2.0-sentence-index,2026-07-31,Y,article_combined,0
A0046-c003,A0046-c003-m2,A0046,[美친 증시]③ “작년 많이 오른 종목은 급등락 주의... 기술주는 대형보다 중·소형주”,2025-01-04,https://www.chosun.com/economy/money/2025/01/04/6FL3VK5OUYSQJ5NKPXMCKUPCHQ,"반면에 코스피지수와 코스닥지수는 연초보다 각각 9.9%, 21.7% 하락한 채 장을 마쳤다.",-,-,여론조사·설문,N,금융·금리,코스피지수 및 코스닥지수 하락률,"코스피지수, 코스닥지수, 하락률, 9.9%, 21.7%",-,-,-,-,-,-,-,2024,-,-,확정,21.7%,KOSIS_VALUE,hcx,코스닥지수 하락률,-,2024,-,hcx,현재값,21.7,-,-,Y,%,증감률,감소,전년,"[2] 반면에 코스피지수와 코스닥지수는 연초보다 각각 9.9%, 21.7% 하락한 채 장을 마쳤다.",high,N,-,Y,0,0,HCX-007,article-combined-v2.0-sentence-index,2026-07-31,Y,article_combined,0
A0046-c004,A0046-c004-m1,A0046,[美친 증시]③ “작년 많이 오른 종목은 급등락 주의... 기술주는 대형보다 중·소형주”,2025-01-04,https://www.chosun.com/economy/money/2025/01/04/6FL3VK5OUYSQJ5NKPXMCKUPCHQ,조선비즈는 미래에셋·NH투자·삼성·KB·신한투자·하나 등 6개 증권사 리서치센터장에게 올해 미국 증시 전망에 관해 물었다.,-,-,여론조사·설문,N,금융·금리,증권사 리서치센터장 수,"조선비즈, 설문조사, 증권사 리서치센터장, 6개",-,-,-,-,-,-,-,2025,-,-,확정,6개,KOSIS_VALUE,hcx,증권사 리서치센터장 수,-,2025,-,hcx,현재값,6,-,-,Y,개,수준값,유지,전년,[10] 조선비즈는 미래에셋·NH투자·삼성·KB·신한투자·하나 등 6개 증권사 리서치센터장에게 올해 미국 증시 전망에 관해 물었다.,high,N,-,N,0,0,HCX-007,article-combined-v2.0-sentence-index,2026-07-31,Y,article_combined,0
A0047-c001,A0047-c001-m1,A0047,“욕심부리다가 또 탈락할라”… 눈높이 낮추는 ‘상장 재수생’들,2025-01-04,https://www.chosun.com/economy/money/2025/01/04/BN43SMGOJ6JMA4RWSSI66VWIGY,"엑센추어의 PER은 당시 31배 수준이었고, 2024년 실적 기반 PER 추정치 역시 29.9배 수준이다.",-,-,개별기업,N,금융·금리,PER,"PER, 주가수익비율",-,-,-,-,-,-,-,2024,-,-,확정,31배,KOSIS_VALUE,hcx,엑센추어 PER,-,2024,-,hcx,현재값,31,-,-,N,배,수준값,유지,전년,"엑센추어의 PER은 당시 31배 수준이었고, 2024년 실적 기반 PER 추정치 역시 29.9배 수준이다.",high,N,-,N,0,0,HCX-007,article-combined-v2.0-sentence-index,2026-07-31,Y,article_combined,0
A0047-c001,A0047-c001-m2,A0047,“욕심부리다가 또 탈락할라”… 눈높이 낮추는 ‘상장 재수생’들,2025-01-04,https://www.chosun.com/economy/money/2025/01/04/BN43SMGOJ6JMA4RWSSI66VWIGY,"엑센추어의 PER은 당시 31배 수준이었고, 2024년 실적 기반 PER 추정치 역시 29.9배 수준이다.",-,-,개별기업,N,금융·금리,PER,"PER, 주가수익비율",-,-,-,-,-,-,-,2024,-,-,확정,29.9배,KOSIS_VALUE,hcx,엑센추어 PER 추정,-,2024,-,hcx,현재값,29.9,-,-,N,배,수준값,감소,전년,"엑센추어의 PER은 당시 31배 수준이었고, 2024년 실적 기반 PER 추정치 역시 29.9배 수준이다.",high,N,-,N,0,0,HCX-007,article-combined-v2.0-sentence-index,2026-07-31,Y,article_combined,0
A0047-c002,A0047-c002-m1,A0047,“욕심부리다가 또 탈락할라”… 눈높이 낮추는 ‘상장 재수생’들,2025-01-04,https://www.chosun.com/economy/money/2025/01/04/BN43SMGOJ6JMA4RWSSI66VWIGY,"케이뱅크는 지난해 8월 말 상장예비심사 승인을 획득했는데, 상장예비심사 효력이 승인일로부터 6개월 동안 유지되는 만큼 올해 2월까지는 상장을 마쳐야 한다.",-,-,기타,N,기타,상장 예비 심사 승인 후 유효 기간,-,-,-,-,-,-,-,-,2025,-,-,확정,6개월,CONDITION,hcx,유효 기간,-,2024H8,H,hcx,현재값,6,-,-,N,개월,수준값,유지,특정시점,"[47] 케이뱅크는 지난해 8월 말 상장예비심사 승인을 획득했는데, 상장예비심사 효력이 승인일로부터 6개월 동안 유지되는 만큼 올해 2월까지는 상장을 마쳐야 한다.",high,N,-,N,0,0,HCX-007,article-combined-v2.0-sentence-index,2026-07-31,Y,article_combined,1
A0049-c001,A0049-c001-m1,A0049,"태국 고속도로·바라카 원전… K건설, 59년만에 수주 1조달러",2025-01-04,https://www.chosun.com/economy/real_estate/2025/01/04/EP7S222PC5CNVDUHY6OXY2BAYU,국토교통부는 우리 기업의 해외 건설 누적 수주액이 1조달러(약 1470조원)를 돌파했다고 3일 밝혔다.,-,-,국내공식통계,N,무역,해외 건설 누적 수주액,"해외 건설, 수주액, 1조달러",-,-,-,-,-,-,-,2025,-,-,확정,1조달러,KOSIS_VALUE,hcx,해외 건설 누적 수주액,-,-,-,hcx,현재값,1000000000000,-,-,N,달러,수준값,유지,전년,[8] 국토교통부는 우리 기업의 해외 건설 누적 수주액이 1조달러(약 1470조원)를 돌파했다고 3일 밝혔다.,high,Y,measurement_period_ungrounded:2,N,0,0,HCX-007,article-combined-v2.0-sentence-index,2026-07-31,Y,article_combined,0
A0049-c001,A0049-c001-m2,A0049,"태국 고속도로·바라카 원전… K건설, 59년만에 수주 1조달러",2025-01-04,https://www.chosun.com/economy/real_estate/2025/01/04/EP7S222PC5CNVDUHY6OXY2BAYU,국토교통부는 우리 기업의 해외 건설 누적 수주액이 1조달러(약 1470조원)를 돌파했다고 3일 밝혔다.,-,-,국내공식통계,N,무역,해외 건설 누적 수주액,"해외 건설, 수주액, 1조달러",-,-,-,-,-,-,-,2025,-,-,확정,1470조원,KOSIS_VALUE,hcx,해외 건설 누적 수주액,-,-,-,hcx,참고값,1470000000000000,-,-,Y,원,수준값,유지,전년,[8] 국토교통부는 우리 기업의 해외 건설 누적 수주액이 1조달러(약 1470조원)를 돌파했다고 3일 밝혔다.,high,Y,measurement_period_ungrounded:2,N,0,0,HCX-007,article-combined-v2.0-sentence-index,2026-07-31,Y,article_combined,0
A0050-c001,A0050-c001-m1,A0050,"""직장 하나론 소득 빠듯"" 너도나도 N잡러 시대, 직장인 부업 성공하려면",2025-01-04,https://www.chosun.com/economy/realty/investment_trends/2025/01/04/DKW3MEMILT2EXU3BFRNPMHNPWE,통계청 자료에 따르면 국내 부업자 수는 2023년 1분기 45만명에서 2024년 1분기 55만 명대로 20% 이상 증가했다.,-,-,국내공식통계,N,고용,부업자 수,"부업자, 고용",-,-,-,-,-,-,-,2024년 1분기,-,Q,확정,55만 명,CONDITION,hcx,부업자 수,-,2024,Y,hcx,현재값,550000,-,-,N,명,수준값,증가,전년동기,[2] 통계청 자료에 따르면 국내 부업자 수는 2023년 1분기 45만명에서 2024년 1분기 55만 명대로 20% 이상 증가했다.,high,Y,measurement_rule_fallback:1,Y,1,0,HCX-007,article-combined-v2.0-sentence-index,2026-07-31,Y,article_combined,0
A0050-c001,A0050-c001-m2,A0050,"""직장 하나론 소득 빠듯"" 너도나도 N잡러 시대, 직장인 부업 성공하려면",2025-01-04,https://www.chosun.com/economy/realty/investment_trends/2025/01/04/DKW3MEMILT2EXU3BFRNPMHNPWE,통계청 자료에 따르면 국내 부업자 수는 2023년 1분기 45만명에서 2024년 1분기 55만 명대로 20% 이상 증가했다.,-,-,국내공식통계,N,고용,부업자 수,"부업자, 고용",-,-,-,-,-,-,-,2024년 1분기,-,Q,확정,45만명,KOSIS_VALUE,hcx,부업자 수,-,2023,Y,hcx,이전값,450000,-,-,N,명,수준값,증가,전년동기,[2] 통계청 자료에 따르면 국내 부업자 수는 2023년 1분기 45만명에서 2024년 1분기 55만 명대로 20% 이상 증가했다.,high,Y,measurement_rule_fallback:1,Y,1,0,HCX-007,article-combined-v2.0-sentence-index,2026-07-31,Y,article_combined,0
A0050-c001,A0050-c001-m3,A0050,"""직장 하나론 소득 빠듯"" 너도나도 N잡러 시대, 직장인 부업 성공하려면",2025-01-04,https://www.chosun.com/economy/realty/investment_trends/2025/01/04/DKW3MEMILT2EXU3BFRNPMHNPWE,통계청 자료에 따르면 국내 부업자 수는 2023년 1분기 45만명에서 2024년 1분기 55만 명대로 20% 이상 증가했다.,-,-,국내공식통계,N,고용,부업자 수,"부업자, 고용",-,-,-,-,-,-,-,2024년 1분기,-,Q,확정,20%,CONDITION,rule_fallback,부업자 수,-,2024년 1분기,Q,rule_fallback,참고값,20,-,-,N,%,비중,증가,-,[2] 통계청 자료에 따르면 국내 부업자 수는 2023년 1분기 45만명에서 2024년 1분기 55만 명대로 20% 이상 증가했다.,high,Y,measurement_rule_fallback:1,Y,1,0,HCX-007,article-combined-v2.0-sentence-index,2026-07-31,Y,article_combined,0
A0018-c001,A0018-c001-m1,A0018,반도체 덕에… 지난해 수출 6838억달러 역대 최대,2025-01-02,https://www.chosun.com/economy/economy_general/2025/01/02/6MYGM52QIVHUJBIZYYFBUW5IQM,1 작년 한 해 전체 수출액이 6838억달러(약 1006조원)로 2023년에 비해 8.2% 증가했다고 산업통상자원부와 관세청이 1일 밝혔다.,-,-,국내공식통계,N,무역,수출액,"수출액, 무역 흑자",전국,-,-,-,-,-,-,2024,-,Y,확정,6838억달러,KOSIS_VALUE,hcx,총 수출액,-,2024,Y,hcx,현재값,683800000000,-,-,N,달러,수준값,증가,전년,[0] 1 작년 한 해 전체 수출액이 6838억달러(약 1006조원)로 2023년에 비해 8.2% 증가했다고 산업통상자원부와 관세청이 1일 밝혔다.,high,Y,measurement_rule_fallback:1,Y,1,0,HCX-007,article-combined-v2.0-sentence-index,2026-07-31,Y,article_combined,0
A0018-c001,A0018-c001-m2,A0018,반도체 덕에… 지난해 수출 6838억달러 역대 최대,2025-01-02,https://www.chosun.com/economy/economy_general/2025/01/02/6MYGM52QIVHUJBIZYYFBUW5IQM,1 작년 한 해 전체 수출액이 6838억달러(약 1006조원)로 2023년에 비해 8.2% 증가했다고 산업통상자원부와 관세청이 1일 밝혔다.,-,-,국내공식통계,N,무역,수출액,"수출액, 무역 흑자",전국,-,-,-,-,-,-,2024,-,Y,확정,8.2%,KOSIS_VALUE,hcx,총 수출액 증가율,-,2023,Y,hcx,증감률,8.2,-,-,N,%,증감률,증가,전년,[0] 1 작년 한 해 전체 수출액이 6838억달러(약 1006조원)로 2023년에 비해 8.2% 증가했다고 산업통상자원부와 관세청이 1일 밝혔다.,high,Y,measurement_rule_fallback:1,Y,1,0,HCX-007,article-combined-v2.0-sentence-index,2026-07-31,Y,article_combined,0
A0018-c001,A0018-c001-m3,A0018,반도체 덕에… 지난해 수출 6838억달러 역대 최대,2025-01-02,https://www.chosun.com/economy/economy_general/2025/01/02/6MYGM52QIVHUJBIZYYFBUW5IQM,1 작년 한 해 전체 수출액이 6838억달러(약 1006조원)로 2023년에 비해 8.2% 증가했다고 산업통상자원부와 관세청이 1일 밝혔다.,-,-,국내공식통계,N,무역,수출액,"수출액, 무역 흑자",전국,-,-,-,-,-,-,2024,-,Y,확정,1006조원,KOSIS_VALUE,rule_fallback,수출액,-,2024,Y,rule_fallback,현재값,1006000000000000,-,-,Y,원,수준값,증가,-,[0] 1 작년 한 해 전체 수출액이 6838억달러(약 1006조원)로 2023년에 비해 8.2% 증가했다고 산업통상자원부와 관세청이 1일 밝혔다.,high,Y,measurement_rule_fallback:1,Y,1,0,HCX-007,article-combined-v2.0-sentence-index,2026-07-31,Y,article_combined,0
A0018-c002,A0018-c002-m1,A0018,반도체 덕에… 지난해 수출 6838억달러 역대 최대,2025-01-02,https://www.chosun.com/economy/economy_general/2025/01/02/6MYGM52QIVHUJBIZYYFBUW5IQM,1 작년 한 해 전체 수출액이 6838억달러(약 1006조원)로 2023년에 비해 8.2% 증가했다고 산업통상자원부와 관세청이 1일 밝혔다.,-,-,국내공식통계,N,무역,수출액 증가율,"수출액, 증가율",전국,-,-,-,-,-,-,2024,-,Y,확정,6838억달러,KOSIS_VALUE,hcx,총 수출액,-,2024,Y,hcx,현재값,683800000000,-,-,N,달러,수준값,증가,전년,[0] 1 작년 한 해 전체 수출액이 6838억달러(약 1006조원)로 2023년에 비해 8.2% 증가했다고 산업통상자원부와 관세청이 1일 밝혔다.,high,Y,measurement_rule_fallback:1,Y,1,0,HCX-007,article-combined-v2.0-sentence-index,2026-07-31,Y,article_combined,0
A0018-c002,A0018-c002-m2,A0018,반도체 덕에… 지난해 수출 6838억달러 역대 최대,2025-01-02,https://www.chosun.com/economy/economy_general/2025/01/02/6MYGM52QIVHUJBIZYYFBUW5IQM,1 작년 한 해 전체 수출액이 6838억달러(약 1006조원)로 2023년에 비해 8.2% 증가했다고 산업통상자원부와 관세청이 1일 밝혔다.,-,-,국내공식통계,N,무역,수출액 증가율,"수출액, 증가율",전국,-,-,-,-,-,-,2024,-,Y,확정,8.2%,KOSIS_VALUE,hcx,총 수출액 증가율,-,2023,Y,hcx,증감률,8.2,-,-,N,%,증감률,증가,전년,[0] 1 작년 한 해 전체 수출액이 6838억달러(약 1006조원)로 2023년에 비해 8.2% 증가했다고 산업통상자원부와 관세청이 1일 밝혔다.,high,Y,measurement_rule_fallback:1,Y,1,0,HCX-007,article-combined-v2.0-sentence-index,2026-07-31,Y,article_combined,0
A0018-c002,A0018-c002-m3,A0018,반도체 덕에… 지난해 수출 6838억달러 역대 최대,2025-01-02,https://www.chosun.com/economy/economy_general/2025/01/02/6MYGM52QIVHUJBIZYYFBUW5IQM,1 작년 한 해 전체 수출액이 6838억달러(약 1006조원)로 2023년에 비해 8.2% 증가했다고 산업통상자원부와 관세청이 1일 밝혔다.,-,-,국내공식통계,N,무역,수출액 증가율,"수출액, 증가율",전국,-,-,-,-,-,-,2024,-,Y,확정,1006조원,KOSIS_VALUE,rule_fallback,수출액 증가율,-,2024,Y,rule_fallback,현재값,1006000000000000,-,-,Y,원,수준값,증가,-,[0] 1 작년 한 해 전체 수출액이 6838억달러(약 1006조원)로 2023년에 비해 8.2% 증가했다고 산업통상자원부와 관세청이 1일 밝혔다.,high,Y,measurement_rule_fallback:1,Y,1,0,HCX-007,article-combined-v2.0-sentence-index,2026-07-31,Y,article_combined,0
A0018-c003,A0018-c003-m1,A0018,반도체 덕에… 지난해 수출 6838억달러 역대 최대,2025-01-02,https://www.chosun.com/economy/economy_general/2025/01/02/6MYGM52QIVHUJBIZYYFBUW5IQM,"작년 한국의 수입액은 전년보다 1.6% 감소한 6320억달러로, 518억달러의 무역 흑자를 기록했다.",-,-,국내공식통계,N,무역,수입액 및 무역 흑자,"수입액, 무역 흑자",전국,-,-,-,-,-,-,2024,-,Y,확정,6320억달러,KOSIS_VALUE,hcx,총 수입액,-,2024,Y,hcx,현재값,632000000000,-,-,N,달러,수준값,감소,전년,"[3] 작년 한국의 수입액은 전년보다 1.6% 감소한 6320억달러로, 518억달러의 무역 흑자를 기록했다.",high,N,-,Y,0,0,HCX-007,article-combined-v2.0-sentence-index,2026-07-31,Y,article_combined,0
A0018-c003,A0018-c003-m2,A0018,반도체 덕에… 지난해 수출 6838억달러 역대 최대,2025-01-02,https://www.chosun.com/economy/economy_general/2025/01/02/6MYGM52QIVHUJBIZYYFBUW5IQM,"작년 한국의 수입액은 전년보다 1.6% 감소한 6320억달러로, 518억달러의 무역 흑자를 기록했다.",-,-,국내공식통계,N,무역,수입액 및 무역 흑자,"수입액, 무역 흑자",전국,-,-,-,-,-,-,2024,-,Y,확정,1.6%,KOSIS_VALUE,hcx,수입액 증감률,-,2024,Y,hcx,증감값,1.6,-,-,N,%,증감률,감소,전년,"[3] 작년 한국의 수입액은 전년보다 1.6% 감소한 6320억달러로, 518억달러의 무역 흑자를 기록했다.",high,N,-,Y,0,0,HCX-007,article-combined-v2.0-sentence-index,2026-07-31,Y,article_combined,0
A0018-c003,A0018-c003-m3,A0018,반도체 덕에… 지난해 수출 6838억달러 역대 최대,2025-01-02,https://www.chosun.com/economy/economy_general/2025/01/02/6MYGM52QIVHUJBIZYYFBUW5IQM,"작년 한국의 수입액은 전년보다 1.6% 감소한 6320억달러로, 518억달러의 무역 흑자를 기록했다.",-,-,국내공식통계,N,무역,수입액 및 무역 흑자,"수입액, 무역 흑자",전국,-,-,-,-,-,-,2024,-,Y,확정,518억달러,KOSIS_VALUE,hcx,무역 흑자,-,2024,Y,hcx,현재값,51800000000,-,-,N,달러,수준값,증가,전년,"[3] 작년 한국의 수입액은 전년보다 1.6% 감소한 6320억달러로, 518억달러의 무역 흑자를 기록했다.",high,N,-,Y,0,0,HCX-007,article-combined-v2.0-sentence-index,2026-07-31,Y,article_combined,0
A0018-c004,A0018-c004-m1,A0018,반도체 덕에… 지난해 수출 6838억달러 역대 최대,2025-01-02,https://www.chosun.com/economy/economy_general/2025/01/02/6MYGM52QIVHUJBIZYYFBUW5IQM,"작년 한국의 수입액은 전년보다 1.6% 감소한 6320억달러로, 518억달러의 무역 흑자를 기록했다.",-,-,국내공식통계,N,무역,무역 흑자,무역 흑자,전국,-,-,-,-,-,-,2024,-,Y,확정,6320억달러,KOSIS_VALUE,hcx,수입액,-,2024,Y,hcx,현재값,632000000000,-,-,N,달러,수준값,감소,전년,"[3] 작년 한국의 수입액은 전년보다 1.6% 감소한 6320억달러로, 518억달러의 무역 흑자를 기록했다.",high,Y,measurement_rule_fallback:1,Y,1,0,HCX-007,article-combined-v2.0-sentence-index,2026-07-31,Y,article_combined,0
A0018-c004,A0018-c004-m2,A0018,반도체 덕에… 지난해 수출 6838억달러 역대 최대,2025-01-02,https://www.chosun.com/economy/economy_general/2025/01/02/6MYGM52QIVHUJBIZYYFBUW5IQM,"작년 한국의 수입액은 전년보다 1.6% 감소한 6320억달러로, 518억달러의 무역 흑자를 기록했다.",-,-,국내공식통계,N,무역,무역 흑자,무역 흑자,전국,-,-,-,-,-,-,2024,-,Y,확정,518억달러,KOSIS_VALUE,hcx,무역 흑자,-,2024,Y,hcx,현재값,51800000000,-,-,N,달러,수준값,증가,전년,"[3] 작년 한국의 수입액은 전년보다 1.6% 감소한 6320억달러로, 518억달러의 무역 흑자를 기록했다.",high,Y,measurement_rule_fallback:1,Y,1,0,HCX-007,article-combined-v2.0-sentence-index,2026-07-31,Y,article_combined,0
A0018-c004,A0018-c004-m3,A0018,반도체 덕에… 지난해 수출 6838억달러 역대 최대,2025-01-02,https://www.chosun.com/economy/economy_general/2025/01/02/6MYGM52QIVHUJBIZYYFBUW5IQM,"작년 한국의 수입액은 전년보다 1.6% 감소한 6320억달러로, 518억달러의 무역 흑자를 기록했다.",-,-,국내공식통계,N,무역,무역 흑자,무역 흑자,전국,-,-,-,-,-,-,2024,-,Y,확정,1.6%,KOSIS_VALUE,rule_fallback,무역 흑자,-,2024,Y,rule_fallback,증감률,1.6,-,-,N,%,증감률,감소,-,"[3] 작년 한국의 수입액은 전년보다 1.6% 감소한 6320억달러로, 518억달러의 무역 흑자를 기록했다.",high,Y,measurement_rule_fallback:1,Y,1,0,HCX-007,article-combined-v2.0-sentence-index,2026-07-31,Y,article_combined,0
A0018-c005,A0018-c005-m1,A0018,반도체 덕에… 지난해 수출 6838억달러 역대 최대,2025-01-02,https://www.chosun.com/economy/economy_general/2025/01/02/6MYGM52QIVHUJBIZYYFBUW5IQM,작년 흑자 폭은 2018년(697억달러 흑자) 이후 6년 만에 최대다.,-,-,국내공식통계,N,무역,무역 흑자,무역 흑자,전국,-,-,-,-,-,-,2024,-,Y,확정,697억달러,KOSIS_VALUE,hcx,무역 흑자,-,2018,Y,hcx,이전값,69700000000,-,-,N,달러,수준값,증가,전년,[4] 작년 흑자 폭은 2018년(697억달러 흑자) 이후 6년 만에 최대다.,high,Y,measurement_rule_fallback:1,Y,1,0,HCX-007,article-combined-v2.0-sentence-index,2026-07-31,Y,article_combined,0
A0018-c005,A0018-c005-m2,A0018,반도체 덕에… 지난해 수출 6838억달러 역대 최대,2025-01-02,https://www.chosun.com/economy/economy_general/2025/01/02/6MYGM52QIVHUJBIZYYFBUW5IQM,작년 흑자 폭은 2018년(697억달러 흑자) 이후 6년 만에 최대다.,-,-,국내공식통계,N,무역,무역 흑자,무역 흑자,전국,-,-,-,-,-,-,2024,-,Y,확정,6년,CONTEXT,rule_fallback,무역 흑자,-,2024,Y,rule_fallback,참고값,6,-,-,N,년,수준값,-,-,[4] 작년 흑자 폭은 2018년(697억달러 흑자) 이후 6년 만에 최대다.,high,Y,measurement_rule_fallback:1,Y,1,0,HCX-007,article-combined-v2.0-sentence-index,2026-07-31,Y,article_combined,0
A0018-c006,A0018-c006-m1,A0018,반도체 덕에… 지난해 수출 6838억달러 역대 최대,2025-01-02,https://www.chosun.com/economy/economy_general/2025/01/02/6MYGM52QIVHUJBIZYYFBUW5IQM,주력 수출 품목인 반도체 수출액이 1419억달러로 역대 최대치를 고쳐 쓰면서 수출 증가세를 주도했다.,-,-,국내공식통계,N,무역,수출액,"수출액, 반도체",전국,-,-,반도체,-,-,-,2024,-,Y,확정,1419억달러,KOSIS_VALUE,hcx,반도체 수출액,반도체,2024,Y,hcx,현재값,141900000000,-,-,N,달러,수준값,증가,전년,[2] 주력 수출 품목인 반도체 수출액이 1419억달러로 역대 최대치를 고쳐 쓰면서 수출 증가세를 주도했다.,high,N,-,Y,0,0,HCX-007,article-combined-v2.0-sentence-index,2026-07-31,Y,article_combined,0
A0018-c007,A0018-c007-m1,A0018,반도체 덕에… 지난해 수출 6838억달러 역대 최대,2025-01-02,https://www.chosun.com/economy/economy_general/2025/01/02/6MYGM52QIVHUJBIZYYFBUW5IQM,수출 증가율은 작년 8월(10.9%)부터 11월까지 꺾이다가 지난달 들어 반도체 수출이 31.5% 불어나며 오름세로 돌아섰다.,-,-,국내공식통계,N,무역,수출액 증가율,"수출액 증가율, 반도체",전국,-,-,반도체,-,-,-,2024,-,M,확정,31.5%,KOSIS_VALUE,hcx,반도체 수출액 증가율,반도체,2024,M,hcx,현재값,31.5,-,-,N,%,증감률,증가,전월,[9] 수출 증가율은 작년 8월(10.9%)부터 11월까지 꺾이다가 지난달 들어 반도체 수출이 31.5% 불어나며 오름세로 돌아섰다.,high,N,-,Y,0,0,HCX-007,article-combined-v2.0-sentence-index,2026-07-31,Y,article_combined,0
A0018-c007,A0018-c007-m2,A0018,반도체 덕에… 지난해 수출 6838억달러 역대 최대,2025-01-02,https://www.chosun.com/economy/economy_general/2025/01/02/6MYGM52QIVHUJBIZYYFBUW5IQM,수출 증가율은 작년 8월(10.9%)부터 11월까지 꺾이다가 지난달 들어 반도체 수출이 31.5% 불어나며 오름세로 돌아섰다.,-,-,국내공식통계,N,무역,수출액 증가율,"수출액 증가율, 반도체",전국,-,-,반도체,-,-,-,2024,-,M,확정,10.9%,KOSIS_VALUE,hcx,수출액 증가율,반도체,202408,M,hcx,이전값,10.9,-,-,N,%,증감률,증가,전월,[9] 수출 증가율은 작년 8월(10.9%)부터 11월까지 꺾이다가 지난달 들어 반도체 수출이 31.5% 불어나며 오름세로 돌아섰다.,high,N,-,Y,0,0,HCX-007,article-combined-v2.0-sentence-index,2026-07-31,Y,article_combined,0
A0040-c001,A0040-c001-m1,A0040,의협회장 선거 김택우·주수호 맞대결로… 7∼8일 결선 투표,2025-01-04,https://www.chosun.com/national/welfare-medical/2025/01/04/UOLNU2ZU5NFN7BISC4S5HT7YPY,"4일 의협에 따르면, 지난 2일부터 4일까지 사흘간 이어진 회장 선거 투표에서 총 유효 투표수 2만9295표(투표율 56.45%) 중 김택우 후보가 8103표(27.66%), 주수호 후보가 7666표(26.17%)를 얻었다.",-,-,국내공식통계,N,보건·복지,대한의사협회 회장 선거 결과,"회장 선거, 투표, 유효 투표수, 투표율, 득표율",-,-,-,-,-,-,-,2025,-,-,확정,총 유효 투표수 2만9295표,KOSIS_VALUE,hcx,유효 투표수,-,-,-,hcx,현재값,29295,-,-,N,표,수준값,유지,-,"[2] 4일 의협에 따르면, 지난 2일부터 4일까지 사흘간 이어진 회장 선거 투표에서 총 유효 투표수 2만9295표(투표율 56.45%) 중 김택우 후보가 8103표(27.66%), 주수호 후보가 7666표(26.17%)를 얻었다.",high,Y,measurement_period_ungrounded:4,Y,0,0,HCX-007,article-combined-v2.0-sentence-index,2026-07-31,Y,article_combined,0
A0040-c001,A0040-c001-m2,A0040,의협회장 선거 김택우·주수호 맞대결로… 7∼8일 결선 투표,2025-01-04,https://www.chosun.com/national/welfare-medical/2025/01/04/UOLNU2ZU5NFN7BISC4S5HT7YPY,"4일 의협에 따르면, 지난 2일부터 4일까지 사흘간 이어진 회장 선거 투표에서 총 유효 투표수 2만9295표(투표율 56.45%) 중 김택우 후보가 8103표(27.66%), 주수호 후보가 7666표(26.17%)를 얻었다.",-,-,국내공식통계,N,보건·복지,대한의사협회 회장 선거 결과,"회장 선거, 투표, 유효 투표수, 투표율, 득표율",-,-,-,-,-,-,-,2025,-,-,확정,투표율 56.45%,KOSIS_VALUE,hcx,투표율,-,-,-,hcx,현재값,56.45,-,-,N,%,수준값,유지,-,"[2] 4일 의협에 따르면, 지난 2일부터 4일까지 사흘간 이어진 회장 선거 투표에서 총 유효 투표수 2만9295표(투표율 56.45%) 중 김택우 후보가 8103표(27.66%), 주수호 후보가 7666표(26.17%)를 얻었다.",high,Y,measurement_period_ungrounded:4,Y,0,0,HCX-007,article-combined-v2.0-sentence-index,2026-07-31,Y,article_combined,0
A0040-c001,A0040-c001-m3,A0040,의협회장 선거 김택우·주수호 맞대결로… 7∼8일 결선 투표,2025-01-04,https://www.chosun.com/national/welfare-medical/2025/01/04/UOLNU2ZU5NFN7BISC4S5HT7YPY,"4일 의협에 따르면, 지난 2일부터 4일까지 사흘간 이어진 회장 선거 투표에서 총 유효 투표수 2만9295표(투표율 56.45%) 중 김택우 후보가 8103표(27.66%), 주수호 후보가 7666표(26.17%)를 얻었다.",-,-,국내공식통계,N,보건·복지,대한의사협회 회장 선거 결과,"회장 선거, 투표, 유효 투표수, 투표율, 득표율",-,-,-,-,-,-,-,2025,-,-,확정,김택우 후보가 8103표(27.66%),KOSIS_VALUE,hcx,득표수 및 득표율,김택우 후보,-,-,hcx,현재값,27.66,-,-,N,%,수준값,유지,-,"[2] 4일 의협에 따르면, 지난 2일부터 4일까지 사흘간 이어진 회장 선거 투표에서 총 유효 투표수 2만9295표(투표율 56.45%) 중 김택우 후보가 8103표(27.66%), 주수호 후보가 7666표(26.17%)를 얻었다.",high,Y,measurement_period_ungrounded:4,Y,0,0,HCX-007,article-combined-v2.0-sentence-index,2026-07-31,Y,article_combined,0
A0040-c001,A0040-c001-m4,A0040,의협회장 선거 김택우·주수호 맞대결로… 7∼8일 결선 투표,2025-01-04,https://www.chosun.com/national/welfare-medical/2025/01/04/UOLNU2ZU5NFN7BISC4S5HT7YPY,"4일 의협에 따르면, 지난 2일부터 4일까지 사흘간 이어진 회장 선거 투표에서 총 유효 투표수 2만9295표(투표율 56.45%) 중 김택우 후보가 8103표(27.66%), 주수호 후보가 7666표(26.17%)를 얻었다.",-,-,국내공식통계,N,보건·복지,대한의사협회 회장 선거 결과,"회장 선거, 투표, 유효 투표수, 투표율, 득표율",-,-,-,-,-,-,-,2025,-,-,확정,주수호 후보가 7666표(26.17%),KOSIS_VALUE,hcx,득표수 및 득표율,주수호 후보,-,-,hcx,현재값,26.17,-,-,N,%,수준값,유지,-,"[2] 4일 의협에 따르면, 지난 2일부터 4일까지 사흘간 이어진 회장 선거 투표에서 총 유효 투표수 2만9295표(투표율 56.45%) 중 김택우 후보가 8103표(27.66%), 주수호 후보가 7666표(26.17%)를 얻었다.",high,Y,measurement_period_ungrounded:4,Y,0,0,HCX-007,article-combined-v2.0-sentence-index,2026-07-31,Y,article_combined,0
