claim_id,article_id,title,date,url,claim_text,prev_sentence,prev_prev_sentence,is_claim,is_claim_reason,is_claim_confidence,is_claim_method,extraction_model,prompt_version,extracted_at
A0001-C001,A0001,"9명 가족 잃고, 하염없이 기다리던 푸딩이... 동물단체가 구조",2025-01-01,https://www.chosun.com/national/national_general/2025/01/01/7S62UVQCONDSPA5G4OQF3NYSDI,무안국제공항 제주항공 여객기 참사로 일가족 9명을 잃은 반려견 ‘푸딩이’가 구조됐다.,,,False,특정 사건의 부상 인원에 대한 정보이므로 KOSIS 통계로 검증할 수 없다.,high,hcx,HCX-007,isclaim-v1.3-prev2-context,2026-07-30
A0001-C002,A0001,"9명 가족 잃고, 하염없이 기다리던 푸딩이... 동물단체가 구조",2025-01-01,https://www.chosun.com/national/national_general/2025/01/01/7S62UVQCONDSPA5G4OQF3NYSDI,동물권보호단체 케어는 지난달 31일 공식 인스타그램을 통해 보호자 없이 마을을 배회하던 푸딩이를 안전하게 보호 중이라고 밝혔다.,무안국제공항 제주항공 여객기 참사로 일가족 9명을 잃은 반려견 ‘푸딩이’가 구조됐다.,,False,"현재 문장은 단순한 사실 전달로서, 어떠한 수치나 통계적인 변화를 주장하지 않습니다.",high,hcx,HCX-007,isclaim-v1.3-prev2-context,2026-07-30
A0001-C003,A0001,"9명 가족 잃고, 하염없이 기다리던 푸딩이... 동물단체가 구조",2025-01-01,https://www.chosun.com/national/national_general/2025/01/01/7S62UVQCONDSPA5G4OQF3NYSDI,푸딩이는 제주항공 참사 최고령 희생자인 배모(78) 씨 일가족 9명이 키우던 반려견이다.,동물권보호단체 케어는 지난달 31일 공식 인스타그램을 통해 보호자 없이 마을을 배회하던 푸딩이를 안전하게 보호 중이라고 밝혔다.,무안국제공항 제주항공 여객기 참사로 일가족 9명을 잃은 반려견 ‘푸딩이’가 구조됐다.,False,"현재 문장은 특정한 사건에서의 사망자와 관련된 정보로서, 이는 단순한 사실 전달이지 수치나 비율 등의 통계적 주장을 포함하지 않습니다.",high,hcx,HCX-007,isclaim-v1.3-prev2-context,2026-07-30
A0001-C004,A0001,"9명 가족 잃고, 하염없이 기다리던 푸딩이... 동물단체가 구조",2025-01-01,https://www.chosun.com/national/national_general/2025/01/01/7S62UVQCONDSPA5G4OQF3NYSDI,"케어는 푸딩이가 홀로 남았다는 언론 보도와 제보를 접하고 즉시 전남 영광으로 이동했고, 현장에 도착해 마을회관 밖에서 조용히 앉아있는 푸딩이를 발견했다.",푸딩이는 제주항공 참사 최고령 희생자인 배모(78) 씨 일가족 9명이 키우던 반려견이다.,동물권보호단체 케어는 지난달 31일 공식 인스타그램을 통해 보호자 없이 마을을 배회하던 푸딩이를 안전하게 보호 중이라고 밝혔다.,False,"현재 문장은 케어가 푸딩이를 발견한 상황에 대한 설명으로, 수치나 통계적인 변화를 주장하는 내용이 아닙니다.",high,hcx,HCX-007,isclaim-v1.3-prev2-context,2026-07-30
A0001-C005,A0001,"9명 가족 잃고, 하염없이 기다리던 푸딩이... 동물단체가 구조",2025-01-01,https://www.chosun.com/national/national_general/2025/01/01/7S62UVQCONDSPA5G4OQF3NYSDI,케어 측은 “우리를 보자마자 반갑게 달려오는 모습이 영락없이 가족을 기다렸단 생각이 들었다”고 했다.,"케어는 푸딩이가 홀로 남았다는 언론 보도와 제보를 접하고 즉시 전남 영광으로 이동했고, 현장에 도착해 마을회관 밖에서 조용히 앉아있는 푸딩이를 발견했다.",푸딩이는 제주항공 참사 최고령 희생자인 배모(78) 씨 일가족 9명이 키우던 반려견이다.,False,"현재 문장은 케어의 관찰 및 감정에 대한 서술로서, 어떠한 수치나 통계적인 변화를 주장하지 않습니다.",high,hcx,HCX-007,isclaim-v1.3-prev2-context,2026-07-30
A0001-C006,A0001,"9명 가족 잃고, 하염없이 기다리던 푸딩이... 동물단체가 구조",2025-01-01,https://www.chosun.com/national/national_general/2025/01/01/7S62UVQCONDSPA5G4OQF3NYSDI,케어는 보호자 없이 마을을 배회하고 있는 푸딩이가 위험하다고 판단해 구조를 결정했다.,케어 측은 “우리를 보자마자 반갑게 달려오는 모습이 영락없이 가족을 기다렸단 생각이 들었다”고 했다.,"케어는 푸딩이가 홀로 남았다는 언론 보도와 제보를 접하고 즉시 전남 영광으로 이동했고, 현장에 도착해 마을회관 밖에서 조용히 앉아있는 푸딩이를 발견했다.",False,"현재 문장은 구조 결정을 내리게 된 상황에 대한 설명이므로, 수치나 통계적인 변화를 주장하는 내용이 아닙니다.",high,hcx,HCX-007,isclaim-v1.3-prev2-context,2026-07-30
A0001-C007,A0001,"9명 가족 잃고, 하염없이 기다리던 푸딩이... 동물단체가 구조",2025-01-01,https://www.chosun.com/national/national_general/2025/01/01/7S62UVQCONDSPA5G4OQF3NYSDI,장례식장에 있는 유가족들과 연락해 협의 끝에 푸딩이를 임시로 보호하기로 했다.,케어는 보호자 없이 마을을 배회하고 있는 푸딩이가 위험하다고 판단해 구조를 결정했다.,케어 측은 “우리를 보자마자 반갑게 달려오는 모습이 영락없이 가족을 기다렸단 생각이 들었다”고 했다.,False,"현재 문장은 임시 보호 결정 과정에 대한 설명으로, 수치나 통계적인 변화를 주장하지 않는다.",high,hcx,HCX-007,isclaim-v1.3-prev2-context,2026-07-30
A0001-C008,A0001,"9명 가족 잃고, 하염없이 기다리던 푸딩이... 동물단체가 구조",2025-01-01,https://www.chosun.com/national/national_general/2025/01/01/7S62UVQCONDSPA5G4OQF3NYSDI,케어는 푸딩이의 건강 상태에 대해서도 우려했다.,장례식장에 있는 유가족들과 연락해 협의 끝에 푸딩이를 임시로 보호하기로 했다.,케어는 보호자 없이 마을을 배회하고 있는 푸딩이가 위험하다고 판단해 구조를 결정했다.,False,"현재 문장은 단순한 우려 표명으로, 수치나 통계적 변화와 관련된 주장이 아닙니다.",high,hcx,HCX-007,isclaim-v1.3-prev2-context,2026-07-30
A0001-C009,A0001,"9명 가족 잃고, 하염없이 기다리던 푸딩이... 동물단체가 구조",2025-01-01,https://www.chosun.com/national/national_general/2025/01/01/7S62UVQCONDSPA5G4OQF3NYSDI,"서울로 이동하는 과정에서 푸딩이가 닭뼈와 양파, 김치 등을 토하는 등 그동안 보살핌 없이 적절한 음식을 제공받지 못한 것으로 보였다.",케어는 푸딩이의 건강 상태에 대해서도 우려했다.,장례식장에 있는 유가족들과 연락해 협의 끝에 푸딩이를 임시로 보호하기로 했다.,False,"현재 문장은 유기견의 건강 상태 및 음식 섭취 상황에 대한 서술로, 이는 특정한 수치나 통계적 변화를 주장하는 것이 아닙니다.",high,hcx,HCX-007,isclaim-v1.3-prev2-context,2026-07-30
A0001-C010,A0001,"9명 가족 잃고, 하염없이 기다리던 푸딩이... 동물단체가 구조",2025-01-01,https://www.chosun.com/national/national_general/2025/01/01/7S62UVQCONDSPA5G4OQF3NYSDI,케어 측은 “유가족과 협의해 일단 서울에서 보호하고 향후 논의하기로 했다”며 “적절한 보호자가 나타날 때까지 푸딩이를 보호할 것”이라고 했다.,"서울로 이동하는 과정에서 푸딩이가 닭뼈와 양파, 김치 등을 토하는 등 그동안 보살핌 없이 적절한 음식을 제공받지 못한 것으로 보였다.",케어는 푸딩이의 건강 상태에 대해서도 우려했다.,False,"현재 문장은 특정 사건에 대한 보호 조치 및 계획에 관한 내용으로, 수치나 통계적인 변화를 주장하지 않습니다.",high,hcx,HCX-007,isclaim-v1.3-prev2-context,2026-07-30
A0001-C011,A0001,"9명 가족 잃고, 하염없이 기다리던 푸딩이... 동물단체가 구조",2025-01-01,https://www.chosun.com/national/national_general/2025/01/01/7S62UVQCONDSPA5G4OQF3NYSDI,배 씨는 팔순을 앞두고 가족과 함께 태국으로 첫 해외여행을 떠났다가 비극적인 사고를 당했다.,케어 측은 “유가족과 협의해 일단 서울에서 보호하고 향후 논의하기로 했다”며 “적절한 보호자가 나타날 때까지 푸딩이를 보호할 것”이라고 했다.,"서울로 이동하는 과정에서 푸딩이가 닭뼈와 양파, 김치 등을 토하는 등 그동안 보살핌 없이 적절한 음식을 제공받지 못한 것으로 보였다.",False,"현재 문장은 개인 여행 중 발생한 사고에 대한 내용으로, 이는 KOSIS에서 제공하는 통계 자료와는 관련이 없습니다.",high,hcx,HCX-007,isclaim-v1.3-prev2-context,2026-07-30
A0001-C012,A0001,"9명 가족 잃고, 하염없이 기다리던 푸딩이... 동물단체가 구조",2025-01-01,https://www.chosun.com/national/national_general/2025/01/01/7S62UVQCONDSPA5G4OQF3NYSDI,"배 씨는 영광군 군남면의 한 마을에서 아내 임모(64) 씨와 큰딸, 외손녀 정모(6) 양과 살았다.",배 씨는 팔순을 앞두고 가족과 함께 태국으로 첫 해외여행을 떠났다가 비극적인 사고를 당했다.,케어 측은 “유가족과 협의해 일단 서울에서 보호하고 향후 논의하기로 했다”며 “적절한 보호자가 나타날 때까지 푸딩이를 보호할 것”이라고 했다.,False,"현재 문장은 배 씨가 가족 구성원과 어디서 거주했는지에 대한 정보만 제공하고 있으며, 이는 수치나 통계적 변화를 주장하는 내용이 아닙니다.",high,hcx,HCX-007,isclaim-v1.3-prev2-context,2026-07-30
A0001-C013,A0001,"9명 가족 잃고, 하염없이 기다리던 푸딩이... 동물단체가 구조",2025-01-01,https://www.chosun.com/national/national_general/2025/01/01/7S62UVQCONDSPA5G4OQF3NYSDI,광주에서 일하는 큰사위는 주말마다 집을 찾았다고 한다.,"배 씨는 영광군 군남면의 한 마을에서 아내 임모(64) 씨와 큰딸, 외손녀 정모(6) 양과 살았다.",배 씨는 팔순을 앞두고 가족과 함께 태국으로 첫 해외여행을 떠났다가 비극적인 사고를 당했다.,False,"현재 문장은 가족 구성원의 생활 패턴에 대한 단순한 서술로서, 수치나 통계적 변화를 주장하지 않습니다.",high,hcx,HCX-007,isclaim-v1.3-prev2-context,2026-07-30
A0001-C014,A0001,"9명 가족 잃고, 하염없이 기다리던 푸딩이... 동물단체가 구조",2025-01-01,https://www.chosun.com/national/national_general/2025/01/01/7S62UVQCONDSPA5G4OQF3NYSDI,이들 5명과 작은 딸과 세 자녀까지 모두 9명이 함께 여행을 갔다가 영영 돌아오지 못했다.,광주에서 일하는 큰사위는 주말마다 집을 찾았다고 한다.,"배 씨는 영광군 군남면의 한 마을에서 아내 임모(64) 씨와 큰딸, 외손녀 정모(6) 양과 살았다.",False,"현재 문장은 사고로 인해 가족들이 돌아오지 못한 사건에 대한 내용으로, 이는 단순한 사건 보고이지 수치나 통계적인 변화를 주장하는 내용이 아닙니다.",high,hcx,HCX-007,isclaim-v1.3-prev2-context,2026-07-30
A0001-C015,A0001,"9명 가족 잃고, 하염없이 기다리던 푸딩이... 동물단체가 구조",2025-01-01,https://www.chosun.com/national/national_general/2025/01/01/7S62UVQCONDSPA5G4OQF3NYSDI,"배 씨의 작은 사위는 졸지에 장인·장모, 아내와 세 자녀를 잃었다.",이들 5명과 작은 딸과 세 자녀까지 모두 9명이 함께 여행을 갔다가 영영 돌아오지 못했다.,광주에서 일하는 큰사위는 주말마다 집을 찾았다고 한다.,False,"현재 문장은 가족 구성원의 비극적인 사건에 대한 서술로서, 수치나 통계적 변화를 주장하는 내용이 아닙니다.",high,hcx,HCX-007,isclaim-v1.3-prev2-context,2026-07-30
A0001-C016,A0001,"9명 가족 잃고, 하염없이 기다리던 푸딩이... 동물단체가 구조",2025-01-01,https://www.chosun.com/national/national_general/2025/01/01/7S62UVQCONDSPA5G4OQF3NYSDI,31일 오후까지 9명 중 신원 확인이 되지 않은 이들은 3명이다.,"배 씨의 작은 사위는 졸지에 장인·장모, 아내와 세 자녀를 잃었다.",이들 5명과 작은 딸과 세 자녀까지 모두 9명이 함께 여행을 갔다가 영영 돌아오지 못했다.,False,"현재 문장은 사고로 인한 실종자 수를 언급하고 있으며, 이는 단순한 사건 정보로서 KOSIS에서 검증 가능한 통계적 주장과는 관련이 없습니다.",high,hcx,HCX-007,isclaim-v1.3-prev2-context,2026-07-30
A0001-C017,A0001,"9명 가족 잃고, 하염없이 기다리던 푸딩이... 동물단체가 구조",2025-01-01,https://www.chosun.com/national/national_general/2025/01/01/7S62UVQCONDSPA5G4OQF3NYSDI,"푸딩이의 친구였던 정 양과 배씨의 작은딸, 작은딸의 막내아들의 신원이 확인되지 않아 장례를 치르지 못하고 있다.",31일 오후까지 9명 중 신원 확인이 되지 않은 이들은 3명이다.,"배 씨의 작은 사위는 졸지에 장인·장모, 아내와 세 자녀를 잃었다.",False,"현재 문장은 특정한 사건에서의 신원 미확인 상황에 대한 내용으로, 이는 단순한 현장 상황 보고이지 KOSIS에서 검증 가능한 통계적 주장과는 관련이 없습니다.",high,hcx,HCX-007,isclaim-v1.3-prev2-context,2026-07-30
A0002-C001,A0002,"폴크스바겐, 전기차 정보 부실 관리 논란",2025-01-01,https://www.chosun.com/economy/auto/2025/01/01/S7LNVYUONNHU3KF3WJWFZZ3NVE,전기차 전환에 뒤처지며 창사 87년 만에 처음으로 독일 자국 내 공장 폐쇄에 나선 폴크스바겐이 이번엔 전기차 약 80만대의 운행 데이터와 소유주 정보를 온라인에서 부실 관리했다는 논란에 휩싸였다.,,,False,"폴크스바겐의 전기차 운행 데이터와 소유주 정보 관리 문제는 개별 기업의 문제로, 국가통계포털(KOSIS)에서 다루는 일반적인 통계와는 관련이 없습니다.",high,hcx,HCX-007,isclaim-v1.3-prev2-context,2026-07-30
A0002-C002,A0002,"폴크스바겐, 전기차 정보 부실 관리 논란",2025-01-01,https://www.chosun.com/economy/auto/2025/01/01/S7LNVYUONNHU3KF3WJWFZZ3NVE,전기차에 이어 미래 자동차의 핵심인 소프트웨어 관리에서도 약점을 드러냈다는 지적이 나온다.,전기차 전환에 뒤처지며 창사 87년 만에 처음으로 독일 자국 내 공장 폐쇄에 나선 폴크스바겐이 이번엔 전기차 약 80만대의 운행 데이터와 소유주 정보를 온라인에서 부실 관리했다는 논란에 휩싸였다.,,False,"현재 문장은 폴크스바겐의 소프트웨어 관리에서의 약점에 대한 지적을 담고 있으며, 이는 특정한 수치나 통계적인 변화를 주장하는 것이 아닙니다.",high,hcx,HCX-007,isclaim-v1.3-prev2-context,2026-07-30
A0002-C003,A0002,"폴크스바겐, 전기차 정보 부실 관리 논란",2025-01-01,https://www.chosun.com/economy/auto/2025/01/01/S7LNVYUONNHU3KF3WJWFZZ3NVE,다만 회사 측은 “차량 소유주의 개인 정보가 외부로 유출된 흔적은 나오지 않았다”고 밝혔다.,전기차에 이어 미래 자동차의 핵심인 소프트웨어 관리에서도 약점을 드러냈다는 지적이 나온다.,전기차 전환에 뒤처지며 창사 87년 만에 처음으로 독일 자국 내 공장 폐쇄에 나선 폴크스바겐이 이번엔 전기차 약 80만대의 운행 데이터와 소유주 정보를 온라인에서 부실 관리했다는 논란에 휩싸였다.,False,"현재 문장은 폴크스바겐 측의 해명으로, 차량 소유주의 개인 정보 유출 여부에 대한 단순한 진술이므로 KOSIS 통계로 검증 가능한 내용이 아닙니다.",high,hcx,HCX-007,isclaim-v1.3-prev2-context,2026-07-30
A0002-C004,A0002,"폴크스바겐, 전기차 정보 부실 관리 논란",2025-01-01,https://www.chosun.com/economy/auto/2025/01/01/S7LNVYUONNHU3KF3WJWFZZ3NVE,"지난달 31일 독일 슈피겔 등 외신에 따르면, 폴크스바겐과 아우디, 세아트, 스코다 등 폴크스바겐그룹 전기차 80만대에서 수집한 수 테라바이트 규모 데이터가 지난 몇 달간 암호화되지 않은 채로 아마존 클라우드에 방치됐던 것으로 나타났다.",다만 회사 측은 “차량 소유주의 개인 정보가 외부로 유출된 흔적은 나오지 않았다”고 밝혔다.,전기차에 이어 미래 자동차의 핵심인 소프트웨어 관리에서도 약점을 드러냈다는 지적이 나온다.,False,"현재 문장은 폴크스바겐 그룹 차량에서 수집된 데이터가 암호화되지 않은 채로 방치되었다는 사실을 보도하고 있으며, 이는 수치나 통계적인 변화를 주장하는 내용이 아닙니다.",high,hcx,HCX-007,isclaim-v1.3-prev2-context,2026-07-30
A0002-C005,A0002,"폴크스바겐, 전기차 정보 부실 관리 논란",2025-01-01,https://www.chosun.com/economy/auto/2025/01/01/S7LNVYUONNHU3KF3WJWFZZ3NVE,"전기차가 어디에서 어디로 향했는지, 얼마나 머물렀는지와 같은 주행 데이터를 비롯해 운전자의 이메일, 전화번호, 주소 등의 정보다.","지난달 31일 독일 슈피겔 등 외신에 따르면, 폴크스바겐과 아우디, 세아트, 스코다 등 폴크스바겐그룹 전기차 80만대에서 수집한 수 테라바이트 규모 데이터가 지난 몇 달간 암호화되지 않은 채로 아마존 클라우드에 방치됐던 것으로 나타났다.",다만 회사 측은 “차량 소유주의 개인 정보가 외부로 유출된 흔적은 나오지 않았다”고 밝혔다.,False,"현재 문장은 차량 소유주의 개인 정보 및 주행 데이터가 어떻게 저장되었는지에 대한 설명이므로, 이는 개별 사건에 대한 정보이지 국가집계 통계의 변화나 비교를 다루는 내용이 아닙니다.",high,hcx,HCX-007,isclaim-v1.3-prev2-context,2026-07-30
A0002-C006,A0002,"폴크스바겐, 전기차 정보 부실 관리 논란",2025-01-01,https://www.chosun.com/economy/auto/2025/01/01/S7LNVYUONNHU3KF3WJWFZZ3NVE,차량 위치 정보의 경우 10cm 단위까지 구별될 정도로 정확도가 높았다고 한다.,"전기차가 어디에서 어디로 향했는지, 얼마나 머물렀는지와 같은 주행 데이터를 비롯해 운전자의 이메일, 전화번호, 주소 등의 정보다.","지난달 31일 독일 슈피겔 등 외신에 따르면, 폴크스바겐과 아우디, 세아트, 스코다 등 폴크스바겐그룹 전기차 80만대에서 수집한 수 테라바이트 규모 데이터가 지난 몇 달간 암호화되지 않은 채로 아마존 클라우드에 방치됐던 것으로 나타났다.",False,차량 위치 정보의 정확도에 대한 정보는 KOSIS에서 제공하는 통계와는 관련이 없습니다.,high,hcx,HCX-007,isclaim-v1.3-prev2-context,2026-07-30
A0002-C007,A0002,"폴크스바겐, 전기차 정보 부실 관리 논란",2025-01-01,https://www.chosun.com/economy/auto/2025/01/01/S7LNVYUONNHU3KF3WJWFZZ3NVE,대상 차량은 독일 30만대 등 대부분 유럽 국가에 집중됐다.,차량 위치 정보의 경우 10cm 단위까지 구별될 정도로 정확도가 높았다고 한다.,"전기차가 어디에서 어디로 향했는지, 얼마나 머물렀는지와 같은 주행 데이터를 비롯해 운전자의 이메일, 전화번호, 주소 등의 정보다.",True,"현재 문장은 특정 지역에서의 전기차 등록 대수에 대한 정보를 제공하고 있으며, 이는 인구 및 가구 관련 통계로서 KOSIS에서 해당 지역의 자동차 등록 현황 등을 통해 검증할 수 있을 것으로 보인다.",high,hcx,HCX-007,isclaim-v1.3-prev2-context,2026-07-30
A0002-C008,A0002,"폴크스바겐, 전기차 정보 부실 관리 논란",2025-01-01,https://www.chosun.com/economy/auto/2025/01/01/S7LNVYUONNHU3KF3WJWFZZ3NVE,"이번 문제는 폴크스바겐 내부 고발자가 슈피겔과 독일 보안 해커 단체인 CCC에 제보하면서 알려졌고, 회사는 뒤늦게 해당 정보에 대한 외부 접근을 막는 조치를 취했다.",대상 차량은 독일 30만대 등 대부분 유럽 국가에 집중됐다.,차량 위치 정보의 경우 10cm 단위까지 구별될 정도로 정확도가 높았다고 한다.,False,"현재 문장은 폴크스바겐 내부 고발자의 제보 및 회사의 조치에 관한 내용으로, 이는 특정한 수치나 통계적 변화를 주장하는 내용이 아닙니다.",high,hcx,HCX-007,isclaim-v1.3-prev2-context,2026-07-30
A0002-C009,A0002,"폴크스바겐, 전기차 정보 부실 관리 논란",2025-01-01,https://www.chosun.com/economy/auto/2025/01/01/S7LNVYUONNHU3KF3WJWFZZ3NVE,"폴크스바겐 측은 “우리가 아는 한 해커 단체 외에 시스템에 접근한 경우가 없고, 개인 비밀번호나 결제 정보 등은 해당 없다”고 했다.","이번 문제는 폴크스바겐 내부 고발자가 슈피겔과 독일 보안 해커 단체인 CCC에 제보하면서 알려졌고, 회사는 뒤늦게 해당 정보에 대한 외부 접근을 막는 조치를 취했다.",대상 차량은 독일 30만대 등 대부분 유럽 국가에 집중됐다.,False,"폴크스바겐 측의 발언은 특정 사건에 대한 설명으로, KOSIS에서 검증 가능한 수치나 통계적 변화와 관련이 없습니다.",high,hcx,HCX-007,isclaim-v1.3-prev2-context,2026-07-30
A0003-C001,A0003,최저임금 1만30원으로 인상… 육아휴직 급여 최대 월 250만원,2025-01-01,https://www.chosun.com/economy/economy_general/2025/01/01/ADO7O3Q4WJBCJAX6UUEY4MSBV4,"1 ◇노동·복지·가정 못 받은 양육비, 정부가 선지급… 국가 검진에 C형 간염도 포함 ▲ 최저임금 시간당 1만30원 =최저임금이 시간당 9860원에서 1만30원으로 1.7% 인상된다.",,,True,"최저임금의 변화에 대한 정보로, 이는 고용 및 노동 관련 통계로서 KOSIS에서 확인 가능한 내용입니다.",high,hcx,HCX-007,isclaim-v1.3-prev2-context,2026-07-30
A0003-C002,A0003,최저임금 1만30원으로 인상… 육아휴직 급여 최대 월 250만원,2025-01-01,https://www.chosun.com/economy/economy_general/2025/01/01/ADO7O3Q4WJBCJAX6UUEY4MSBV4,주 근로시간 40시간을 기준으로 환산한 월급은 209만6270원이다.,"1 ◇노동·복지·가정 못 받은 양육비, 정부가 선지급… 국가 검진에 C형 간염도 포함 ▲ 최저임금 시간당 1만30원 =최저임금이 시간당 9860원에서 1만30원으로 1.7% 인상된다.",,True,주 근로시간 40시간을 기준으로 환산한 월급 금액을 제시하며 이는 노동 및 복지 관련 통계 정보로서 KOSIS에서 확인 가능한 내용이다.,high,hcx,HCX-007,isclaim-v1.3-prev2-context,2026-07-30
A0003-C003,A0003,최저임금 1만30원으로 인상… 육아휴직 급여 최대 월 250만원,2025-01-01,https://www.chosun.com/economy/economy_general/2025/01/01/ADO7O3Q4WJBCJAX6UUEY4MSBV4,"매월 지급하는 상여금과 식비, 교통비, 숙박비 등 복리후생비도 최저임금에 전부 산입한다.",주 근로시간 40시간을 기준으로 환산한 월급은 209만6270원이다.,"1 ◇노동·복지·가정 못 받은 양육비, 정부가 선지급… 국가 검진에 C형 간염도 포함 ▲ 최저임금 시간당 1만30원 =최저임금이 시간당 9860원에서 1만30원으로 1.7% 인상된다.",False,"현재 문장은 최저임금에 포함되는 항목들에 대한 설명을 하고 있으며, 이는 특정한 수치나 통계적인 변화를 주장하는 것이 아닙니다.",high,hcx,HCX-007,isclaim-v1.3-prev2-context,2026-07-30
A0003-C004,A0003,최저임금 1만30원으로 인상… 육아휴직 급여 최대 월 250만원,2025-01-01,https://www.chosun.com/economy/economy_general/2025/01/01/ADO7O3Q4WJBCJAX6UUEY4MSBV4,▲ 육아휴직 기간 연장 =부부가 각각 육아휴직을 3개월 이상 사용한 경우 2월 23일부터 부부 한 사람이 쓸 수 있는 육아휴직 기간이 기존 1년에서 1년 6개월로 연장된다.,"매월 지급하는 상여금과 식비, 교통비, 숙박비 등 복리후생비도 최저임금에 전부 산입한다.",주 근로시간 40시간을 기준으로 환산한 월급은 209만6270원이다.,False,"현재 문장은 정책 변화에 대한 정보 제공이지만, 이는 특정한 수치나 통계적 변화를 주장하는 것이 아니므로 KOSIS 통계로 검증 가능한 내용이 아닙니다.",high,hcx,HCX-007,isclaim-v1.3-prev2-context,2026-07-30
A0003-C005,A0003,최저임금 1만30원으로 인상… 육아휴직 급여 최대 월 250만원,2025-01-01,https://www.chosun.com/economy/economy_general/2025/01/01/ADO7O3Q4WJBCJAX6UUEY4MSBV4,또 육아휴직을 필요에 따라 네 번에 나눠 쓸 수 있게 된다.,▲ 육아휴직 기간 연장 =부부가 각각 육아휴직을 3개월 이상 사용한 경우 2월 23일부터 부부 한 사람이 쓸 수 있는 육아휴직 기간이 기존 1년에서 1년 6개월로 연장된다.,"매월 지급하는 상여금과 식비, 교통비, 숙박비 등 복리후생비도 최저임금에 전부 산입한다.",False,"육아휴직을 여러 번 나누어 사용할 수 있다는 내용은 정책 변화에 대한 정보이지만, 이는 수치나 통계적인 변화를 주장하는 것이 아니므로 KOSIS 통계로 검증할 수 없습니다.",high,hcx,HCX-007,isclaim-v1.3-prev2-context,2026-07-30
A0003-C006,A0003,최저임금 1만30원으로 인상… 육아휴직 급여 최대 월 250만원,2025-01-01,https://www.chosun.com/economy/economy_general/2025/01/01/ADO7O3Q4WJBCJAX6UUEY4MSBV4,▲ 육아휴직 급여 인상 =월 150만원 이내에서 통상 임금의 80%를 지급하던 육아휴직 급여가 휴직 첫 3개월 동안 월 250만원 한도에서 통상 임금의 100%로 늘어난다.,또 육아휴직을 필요에 따라 네 번에 나눠 쓸 수 있게 된다.,▲ 육아휴직 기간 연장 =부부가 각각 육아휴직을 3개월 이상 사용한 경우 2월 23일부터 부부 한 사람이 쓸 수 있는 육아휴직 기간이 기존 1년에서 1년 6개월로 연장된다.,False,"육아휴직 급여 인상에 대한 내용은 특정한 개인에게 적용되는 정책 변경 사항이므로, 이는 KOSIS에서 제공하는 국가 통계의 범주에 속하지 않습니다.",high,hcx,HCX-007,isclaim-v1.3-prev2-context,2026-07-30
A0003-C007,A0003,최저임금 1만30원으로 인상… 육아휴직 급여 최대 월 250만원,2025-01-01,https://www.chosun.com/economy/economy_general/2025/01/01/ADO7O3Q4WJBCJAX6UUEY4MSBV4,"이후 3개월은 월 200만원 한도로 통상 임금의 100%를, 7개월째부터는 월 160만원 한도로 통상 임금의 80%를 지급한다.",▲ 육아휴직 급여 인상 =월 150만원 이내에서 통상 임금의 80%를 지급하던 육아휴직 급여가 휴직 첫 3개월 동안 월 250만원 한도에서 통상 임금의 100%로 늘어난다.,또 육아휴직을 필요에 따라 네 번에 나눠 쓸 수 있게 된다.,False,"현재 문장은 육아휴직 급여의 구체적인 금액 및 기간에 대한 정보를 제공하고 있지만, 이는 특정한 개인이나 집단의 소득 변화에 관한 것이 아니라 정책 변경 사항이므로 KOSIS 통계로 검증 가능한 내용이 아닙니다.",high,hcx,HCX-007,isclaim-v1.3-prev2-context,2026-07-30
A0003-C008,A0003,최저임금 1만30원으로 인상… 육아휴직 급여 최대 월 250만원,2025-01-01,https://www.chosun.com/economy/economy_general/2025/01/01/ADO7O3Q4WJBCJAX6UUEY4MSBV4,1년간 받을 수 있는 육아휴직 급여는 최대 1800만원에서 2310만원으로 오른다.,"이후 3개월은 월 200만원 한도로 통상 임금의 100%를, 7개월째부터는 월 160만원 한도로 통상 임금의 80%를 지급한다.",▲ 육아휴직 급여 인상 =월 150만원 이내에서 통상 임금의 80%를 지급하던 육아휴직 급여가 휴직 첫 3개월 동안 월 250만원 한도에서 통상 임금의 100%로 늘어난다.,True,"육아휴직 급여의 최대 금액 변화에 대한 수치적인 정보를 제공하고 있으며, 이는 국가 정책 및 고용 관련 통계로서 KOSIS에서 확인 가능한 정보일 가능성이 높습니다.",high,hcx,HCX-007,isclaim-v1.3-prev2-context,2026-07-30
A0003-C009,A0003,최저임금 1만30원으로 인상… 육아휴직 급여 최대 월 250만원,2025-01-01,https://www.chosun.com/economy/economy_general/2025/01/01/ADO7O3Q4WJBCJAX6UUEY4MSBV4,▲ 배우자 출산휴가 기간 확대 =아내의 출산에 따른 남편의 유급 휴가 기간이 2월 23일부터 10일에서 20일로 확대된다.,1년간 받을 수 있는 육아휴직 급여는 최대 1800만원에서 2310만원으로 오른다.,"이후 3개월은 월 200만원 한도로 통상 임금의 100%를, 7개월째부터는 월 160만원 한도로 통상 임금의 80%를 지급한다.",False,배우자 출산휴가 기간 확대에 대한 내용은 KOSIS에서 제공하는 통계와는 관련이 없습니다.,high,hcx,HCX-007,isclaim-v1.3-prev2-context,2026-07-30
A0003-C010,A0003,최저임금 1만30원으로 인상… 육아휴직 급여 최대 월 250만원,2025-01-01,https://www.chosun.com/economy/economy_general/2025/01/01/ADO7O3Q4WJBCJAX6UUEY4MSBV4,이 휴가는 네 번에 걸쳐 나눠 쓸 수 있다.,▲ 배우자 출산휴가 기간 확대 =아내의 출산에 따른 남편의 유급 휴가 기간이 2월 23일부터 10일에서 20일로 확대된다.,1년간 받을 수 있는 육아휴직 급여는 최대 1800만원에서 2310만원으로 오른다.,False,"현재 문장은 배우자 출산휴가를 여러 번 나누어 사용할 수 있다는 정보 제공이지만, 이는 단순한 정책 설명이므로 수치나 통계적 변화를 주장하지 않습니다.",high,hcx,HCX-007,isclaim-v1.3-prev2-context,2026-07-30
A0003-C011,A0003,최저임금 1만30원으로 인상… 육아휴직 급여 최대 월 250만원,2025-01-01,https://www.chosun.com/economy/economy_general/2025/01/01/ADO7O3Q4WJBCJAX6UUEY4MSBV4,▲ 국가건강검진 대상·항목 확대 =56세의 국가건강검진 항목에 C형 간염 검사가 새로 도입된다.,이 휴가는 네 번에 걸쳐 나눠 쓸 수 있다.,▲ 배우자 출산휴가 기간 확대 =아내의 출산에 따른 남편의 유급 휴가 기간이 2월 23일부터 10일에서 20일로 확대된다.,True,"현재 문장은 국가건강검진의 항목 확대에 대한 내용으로, 이는 국내 건강 관련 정책 및 통계의 변화에 해당하며, KOSIS를 통해 관련 통계 정보를 확인할 수 있을 것으로 보인다.",high,hcx,HCX-007,isclaim-v1.3-prev2-context,2026-07-30
A0003-C012,A0003,최저임금 1만30원으로 인상… 육아휴직 급여 최대 월 250만원,2025-01-01,https://www.chosun.com/economy/economy_general/2025/01/01/ADO7O3Q4WJBCJAX6UUEY4MSBV4,"골다공증 검사의 경우 기존엔 54, 66세 여성만 무료 검진을 받을 수 있었는데, 60세 여성도 검사 대상에 포함됐다.",▲ 국가건강검진 대상·항목 확대 =56세의 국가건강검진 항목에 C형 간염 검사가 새로 도입된다.,이 휴가는 네 번에 걸쳐 나눠 쓸 수 있다.,True,"골다공증 검사 대상이 54, 66세 여성에서 60세 여성까지 확대된다는 내용은 국가 건강 관련 정책 변화에 해당하며, 이는 KOSIS를 통해 국가 건강검진 대상 및 항목의 변화를 확인할 수 있는 정보이므로 True로 판단합니다.",high,hcx,HCX-007,isclaim-v1.3-prev2-context,2026-07-30
A0003-C013,A0003,최저임금 1만30원으로 인상… 육아휴직 급여 최대 월 250만원,2025-01-01,https://www.chosun.com/economy/economy_general/2025/01/01/ADO7O3Q4WJBCJAX6UUEY4MSBV4,"▲ 양육비 선지급제 도입 =양육비를 받지 못하고 있는 한부모가족에게 7월부터 국가가 양육비를 우선 지급하고, 비양육자에게 회수하게 된다.","골다공증 검사의 경우 기존엔 54, 66세 여성만 무료 검진을 받을 수 있었는데, 60세 여성도 검사 대상에 포함됐다.",▲ 국가건강검진 대상·항목 확대 =56세의 국가건강검진 항목에 C형 간염 검사가 새로 도입된다.,False,"현재 문장은 정책 변화에 대한 내용으로, 수치나 통계적인 변화를 주장하지 않습니다.",high,hcx,HCX-007,isclaim-v1.3-prev2-context,2026-07-30
A0003-C014,A0003,최저임금 1만30원으로 인상… 육아휴직 급여 최대 월 250만원,2025-01-01,https://www.chosun.com/economy/economy_general/2025/01/01/ADO7O3Q4WJBCJAX6UUEY4MSBV4,지원 대상은 중위소득 150% 이하 가구이며 자녀 1인당 월 20만원을 만 18세까지 지원받는다.,"▲ 양육비 선지급제 도입 =양육비를 받지 못하고 있는 한부모가족에게 7월부터 국가가 양육비를 우선 지급하고, 비양육자에게 회수하게 된다.","골다공증 검사의 경우 기존엔 54, 66세 여성만 무료 검진을 받을 수 있었는데, 60세 여성도 검사 대상에 포함됐다.",True,"지원 대상이 중위소득 150% 이하 가구라는 점과 자녀 1인당 월 20만원이라는 구체적인 금액이 언급되어 있어, 이는 국내 사회 복지 관련 통계로서 KOSIS에서 확인 가능한 정보일 가능성이 높습니다.",high,hcx,HCX-007,isclaim-v1.3-prev2-context,2026-07-30
A0003-C015,A0003,최저임금 1만30원으로 인상… 육아휴직 급여 최대 월 250만원,2025-01-01,https://www.chosun.com/economy/economy_general/2025/01/01/ADO7O3Q4WJBCJAX6UUEY4MSBV4,"▲ 난임치료 휴가 확대 =2월 23일부터 난임치료 휴가 기간이 기존 3일에서 6일로 확대되고, 그중 유급기간도 1일에서 2일로 확대된다.",지원 대상은 중위소득 150% 이하 가구이며 자녀 1인당 월 20만원을 만 18세까지 지원받는다.,"▲ 양육비 선지급제 도입 =양육비를 받지 못하고 있는 한부모가족에게 7월부터 국가가 양육비를 우선 지급하고, 비양육자에게 회수하게 된다.",False,"난임치료 휴가의 확대는 정책 변화에 대한 정보 제공이지만, 이는 수치나 통계적인 변화를 주장하는 것이 아니므로 KOSIS 통계로 검증할 수 없습니다.",high,hcx,HCX-007,isclaim-v1.3-prev2-context,2026-07-30
A0003-C016,A0003,최저임금 1만30원으로 인상… 육아휴직 급여 최대 월 250만원,2025-01-01,https://www.chosun.com/economy/economy_general/2025/01/01/ADO7O3Q4WJBCJAX6UUEY4MSBV4,"▲ '상습 임금 체불 근절법’ 시행 =정부가 지정한 상습 임금 체불 사업주가 되면 정부 지원금이나 보조금 신청에서 제한을 받으며 정부가 발주하는 공사에 참여가 제한되거나 감점 등 불이익을 받는다. 상습 임금 체불 사업주는 출국 금지될 수 있다. ▲ 청년 특화 취업 지원 프로그램 =정부가 제공하는 ‘역량강화 프로그램’에 1개월 이상 참여한 뒤 제조·물류운송·보건·복지서비스·음식점·건설·해운·수산·자원 순환·농업 등 정부 지정 10개 업종에 취업해 6개월 근속할 경우 훈련참여수당 월 20만원과 취업 성공수당 40만원을 지원받는다. ▲ 중장년 경력지원제 신설 =재취업을 희망하는 퇴직 중장년이 일경험을 원하는 경우 1~3개월간 직무교육과 직무수행이 연계된 프로그램을 제공하고, 참여자는 참여수당으로 월 최대 150만원을 지원받는다. ◇금융·조세 수영장·헬스장도 카드 소득공제, 2자녀 가구 자동차 취득세 감면 ▲ 청년도약계좌 혜택 강화 =청년도약계좌 2년 이상 가입자 중 누적 800만원 이상을 납입한 가입자는 신용점수가 5~10점가량 가점된다. 또 2년 이상 가입자는 만기 전에도 누적 납입 원금의 최대 40% 이내에서 납입액 일부를 인출할 수 있게 된다. ▲ 자녀 세액공제 금액 확대 =8~20세 자녀(또는 손자녀)에 대한 자녀 세액공제 금액이 기존 첫째 15만원, 둘째 20만원, 셋째 이후 인당 30만원에서 첫째 25만원, 둘째 30만원, 셋째 이후 인당 40만원으로 확대된다. ▲ 수영장·헬스장도 신용카드 소득공제 =7월 1일부터 연 급여가 7000만원 이하인 경우 수영장이나 체력단련장 시설 이용료를 신용카드로 결제하면 연간 300만원 한도 내에서 소득공제율 30%를 적용받는다. ▲ 자동차 취득세 감면 기준 완화 =다자녀 가구의 자동차 취득세 감면 기준이 3자녀 이상에서 2자녀로 확대되면서 2자녀 가구도 자동차 취득세를 50% 감면 받게 된다. 6인승 이하 승용차 기준 70만원 한도 내에서 취득세가 감면된다. ▲ 면세 주류 병 수 제한 폐지 =해외에서 입국할 때 면세 주류 반입은 2L 이하, 400달러 미만으로 2병만 반입할 수 있었지만, 1분기(1~3월) 내에 병 수 제한이 폐지된다. ▲ 기업 출산지원금 비과세 =근로자가 회사 등에서 본인 또는 배우자의 출산과 관련해 받은 출산지원금에 대해서는 최대 2회에 한해 근로소득을 전액 비과세한다. ▲ 비수도권 미분양주택 취득 시 과세특례 =기존 1주택자가 서울·경기·인천 외 지역에 있는 전용면적 85㎡·취득가액 6억원 이하의 준공 후 미분양주택을 취득하는 경우 1세대 1주택 특례가 적용된다. 이 경우 12억원까지는 양도세가 비과세 되며, 종합부동산세 역시 12억원까지 기본공제를 받을 수 있다. ▲ 맞벌이 가구의 근로장려금 수급 요건 완화 =맞벌이 가구가 근로장려금을 받기 위한 소득기준이 연 3800만원 미만에서 연 4400만원 미만으로 확대된다. 근로장려금은 일은 하지만 소득이 적은 근로자에게 정부가 지급하는 장려금이다. ▲ 세무조사 사전통지 기간 확대 =납세자의 예측 가능성과 자기 방어권 보장을 위해 세무조사 사전통지 기간이 기존 15일에서 20일로 확대된다. ◇교육·병무·환경 병장 월급 125만→150만원 인상… ‘3년간 192학점’ 고교학점제 시행 ▲ 고교학점제 전면 시행 =2025년 고등학교 신입생을 대상으로 고교학점제가 전면 시행된다. 학생들은 진로와 적성에 따라 과목을 선택하고, 3년간 192학점 이상 이수하면 졸업이 인정된다. ▲ 늘봄학교 지원 대상 확대 =2025년 1학기부터 늘봄학교 지원 대상이 기존 초등학교 1학년에서 2학년까지 확대된다. 희망하는 초등학교 1~2학년이 모두 늘봄학교에 참여할 수 있고, 맞춤형 프로그램이 매일 2시간 무료로 제공된다. ▲ 국가장학금 지원 대폭 확대 =국가장학금 I유형과 다자녀 장학금 지원 대상을 100만명에서 150만명으로 확대해 1인당 최대 100만원을 지원한다. 국가근로장학금 수혜 대상은 14만명에서 20만명으로 확대되며, 주거안정장학금을 신설해 원거리 통학으로 어려움을 겪는 저소득 대학생에게 연간 최대 240만원을 지원한다. ▲ 병 봉급 인상 =병 봉급을 병장 기준 월 125만원에서 150만원으로 늘린다. 상병 봉급은 100만원에서 120만원으로, 일병은 80만원에서 90만원으로, 이병은 64만원에서 75만원으로 늘어난다. 장병 내일준비적금의 정부 지원금도 월 최대 40만원에서 55만원으로 오른다. ▲ 한국사·한국어시험 공군 가산점 폐지 =2025년 6회 차(9월) 공군 병 모집 때부터 한국사·한국어능력시험 가산점이 폐지된다. 군 임무 수행과 관련성이 적고, 병역 의무자에게 부담으로 작용할 수 있어서다. ▲ '20세 병역판정검사 후 입영’ 시범 실시 =그동안 모든 병역의무자가 19세에 병역판정검사를 받은 뒤 현역병 입영을 다시 신청해야 했지만, 2025년부터는 20세에 한 번의 신청으로 병역판정검사를 받고 3개월 후 원하는 날짜에 입영할 수 있는 제도가 시범 실시된다.","▲ 난임치료 휴가 확대 =2월 23일부터 난임치료 휴가 기간이 기존 3일에서 6일로 확대되고, 그중 유급기간도 1일에서 2일로 확대된다.",지원 대상은 중위소득 150% 이하 가구이며 자녀 1인당 월 20만원을 만 18세까지 지원받는다.,False,"현재 문장은 정부의 정책 및 제도 변경 사항들을 나열하고 있으며, 이는 수치나 통계적인 변화를 주장하는 것이 아니라 개별 정책에 대한 정보 전달이므로 KOSIS 통계로 검증하기 어렵습니다.",high,hcx,HCX-007,isclaim-v1.3-prev2-context,2026-07-30
A0003-C017,A0003,최저임금 1만30원으로 인상… 육아휴직 급여 최대 월 250만원,2025-01-01,https://www.chosun.com/economy/economy_general/2025/01/01/ADO7O3Q4WJBCJAX6UUEY4MSBV4,▲ 청년 대상 전기차 보조금 확대 =청년이 생애 첫 차로 전기 승용차를 구매하는 경우 국비 지원액의 20%를 추가 보조금으로 지원한다.,"▲ '상습 임금 체불 근절법’ 시행 =정부가 지정한 상습 임금 체불 사업주가 되면 정부 지원금이나 보조금 신청에서 제한을 받으며 정부가 발주하는 공사에 참여가 제한되거나 감점 등 불이익을 받는다. 상습 임금 체불 사업주는 출국 금지될 수 있다. ▲ 청년 특화 취업 지원 프로그램 =정부가 제공하는 ‘역량강화 프로그램’에 1개월 이상 참여한 뒤 제조·물류운송·보건·복지서비스·음식점·건설·해운·수산·자원 순환·농업 등 정부 지정 10개 업종에 취업해 6개월 근속할 경우 훈련참여수당 월 20만원과 취업 성공수당 40만원을 지원받는다. ▲ 중장년 경력지원제 신설 =재취업을 희망하는 퇴직 중장년이 일경험을 원하는 경우 1~3개월간 직무교육과 직무수행이 연계된 프로그램을 제공하고, 참여자는 참여수당으로 월 최대 150만원을 지원받는다. ◇금융·조세 수영장·헬스장도 카드 소득공제, 2자녀 가구 자동차 취득세 감면 ▲ 청년도약계좌 혜택 강화 =청년도약계좌 2년 이상 가입자 중 누적 800만원 이상을 납입한 가입자는 신용점수가 5~10점가량 가점된다. 또 2년 이상 가입자는 만기 전에도 누적 납입 원금의 최대 40% 이내에서 납입액 일부를 인출할 수 있게 된다. ▲ 자녀 세액공제 금액 확대 =8~20세 자녀(또는 손자녀)에 대한 자녀 세액공제 금액이 기존 첫째 15만원, 둘째 20만원, 셋째 이후 인당 30만원에서 첫째 25만원, 둘째 30만원, 셋째 이후 인당 40만원으로 확대된다. ▲ 수영장·헬스장도 신용카드 소득공제 =7월 1일부터 연 급여가 7000만원 이하인 경우 수영장이나 체력단련장 시설 이용료를 신용카드로 결제하면 연간 300만원 한도 내에서 소득공제율 30%를 적용받는다. ▲ 자동차 취득세 감면 기준 완화 =다자녀 가구의 자동차 취득세 감면 기준이 3자녀 이상에서 2자녀로 확대되면서 2자녀 가구도 자동차 취득세를 50% 감면 받게 된다. 6인승 이하 승용차 기준 70만원 한도 내에서 취득세가 감면된다. ▲ 면세 주류 병 수 제한 폐지 =해외에서 입국할 때 면세 주류 반입은 2L 이하, 400달러 미만으로 2병만 반입할 수 있었지만, 1분기(1~3월) 내에 병 수 제한이 폐지된다. ▲ 기업 출산지원금 비과세 =근로자가 회사 등에서 본인 또는 배우자의 출산과 관련해 받은 출산지원금에 대해서는 최대 2회에 한해 근로소득을 전액 비과세한다. ▲ 비수도권 미분양주택 취득 시 과세특례 =기존 1주택자가 서울·경기·인천 외 지역에 있는 전용면적 85㎡·취득가액 6억원 이하의 준공 후 미분양주택을 취득하는 경우 1세대 1주택 특례가 적용된다. 이 경우 12억원까지는 양도세가 비과세 되며, 종합부동산세 역시 12억원까지 기본공제를 받을 수 있다. ▲ 맞벌이 가구의 근로장려금 수급 요건 완화 =맞벌이 가구가 근로장려금을 받기 위한 소득기준이 연 3800만원 미만에서 연 4400만원 미만으로 확대된다. 근로장려금은 일은 하지만 소득이 적은 근로자에게 정부가 지급하는 장려금이다. ▲ 세무조사 사전통지 기간 확대 =납세자의 예측 가능성과 자기 방어권 보장을 위해 세무조사 사전통지 기간이 기존 15일에서 20일로 확대된다. ◇교육·병무·환경 병장 월급 125만→150만원 인상… ‘3년간 192학점’ 고교학점제 시행 ▲ 고교학점제 전면 시행 =2025년 고등학교 신입생을 대상으로 고교학점제가 전면 시행된다. 학생들은 진로와 적성에 따라 과목을 선택하고, 3년간 192학점 이상 이수하면 졸업이 인정된다. ▲ 늘봄학교 지원 대상 확대 =2025년 1학기부터 늘봄학교 지원 대상이 기존 초등학교 1학년에서 2학년까지 확대된다. 희망하는 초등학교 1~2학년이 모두 늘봄학교에 참여할 수 있고, 맞춤형 프로그램이 매일 2시간 무료로 제공된다. ▲ 국가장학금 지원 대폭 확대 =국가장학금 I유형과 다자녀 장학금 지원 대상을 100만명에서 150만명으로 확대해 1인당 최대 100만원을 지원한다. 국가근로장학금 수혜 대상은 14만명에서 20만명으로 확대되며, 주거안정장학금을 신설해 원거리 통학으로 어려움을 겪는 저소득 대학생에게 연간 최대 240만원을 지원한다. ▲ 병 봉급 인상 =병 봉급을 병장 기준 월 125만원에서 150만원으로 늘린다. 상병 봉급은 100만원에서 120만원으로, 일병은 80만원에서 90만원으로, 이병은 64만원에서 75만원으로 늘어난다. 장병 내일준비적금의 정부 지원금도 월 최대 40만원에서 55만원으로 오른다. ▲ 한국사·한국어시험 공군 가산점 폐지 =2025년 6회 차(9월) 공군 병 모집 때부터 한국사·한국어능력시험 가산점이 폐지된다. 군 임무 수행과 관련성이 적고, 병역 의무자에게 부담으로 작용할 수 있어서다. ▲ '20세 병역판정검사 후 입영’ 시범 실시 =그동안 모든 병역의무자가 19세에 병역판정검사를 받은 뒤 현역병 입영을 다시 신청해야 했지만, 2025년부터는 20세에 한 번의 신청으로 병역판정검사를 받고 3개월 후 원하는 날짜에 입영할 수 있는 제도가 시범 실시된다.","▲ 난임치료 휴가 확대 =2월 23일부터 난임치료 휴가 기간이 기존 3일에서 6일로 확대되고, 그중 유급기간도 1일에서 2일로 확대된다.",True,"청년 대상 전기차 보조금 확대에 대한 내용은 정부의 정책 변화로서, KOSIS에서 관련 통계나 예산 변화를 통해 검증할 수 있을 것으로 보인다.",high,hcx,HCX-007,isclaim-v1.3-prev2-context,2026-07-30
A0003-C018,A0003,최저임금 1만30원으로 인상… 육아휴직 급여 최대 월 250만원,2025-01-01,https://www.chosun.com/economy/economy_general/2025/01/01/ADO7O3Q4WJBCJAX6UUEY4MSBV4,추가 지원 대상은 차상위 이하 계층 청년에서 전체로 확대한다.,▲ 청년 대상 전기차 보조금 확대 =청년이 생애 첫 차로 전기 승용차를 구매하는 경우 국비 지원액의 20%를 추가 보조금으로 지원한다.,"▲ '상습 임금 체불 근절법’ 시행 =정부가 지정한 상습 임금 체불 사업주가 되면 정부 지원금이나 보조금 신청에서 제한을 받으며 정부가 발주하는 공사에 참여가 제한되거나 감점 등 불이익을 받는다. 상습 임금 체불 사업주는 출국 금지될 수 있다. ▲ 청년 특화 취업 지원 프로그램 =정부가 제공하는 ‘역량강화 프로그램’에 1개월 이상 참여한 뒤 제조·물류운송·보건·복지서비스·음식점·건설·해운·수산·자원 순환·농업 등 정부 지정 10개 업종에 취업해 6개월 근속할 경우 훈련참여수당 월 20만원과 취업 성공수당 40만원을 지원받는다. ▲ 중장년 경력지원제 신설 =재취업을 희망하는 퇴직 중장년이 일경험을 원하는 경우 1~3개월간 직무교육과 직무수행이 연계된 프로그램을 제공하고, 참여자는 참여수당으로 월 최대 150만원을 지원받는다. ◇금융·조세 수영장·헬스장도 카드 소득공제, 2자녀 가구 자동차 취득세 감면 ▲ 청년도약계좌 혜택 강화 =청년도약계좌 2년 이상 가입자 중 누적 800만원 이상을 납입한 가입자는 신용점수가 5~10점가량 가점된다. 또 2년 이상 가입자는 만기 전에도 누적 납입 원금의 최대 40% 이내에서 납입액 일부를 인출할 수 있게 된다. ▲ 자녀 세액공제 금액 확대 =8~20세 자녀(또는 손자녀)에 대한 자녀 세액공제 금액이 기존 첫째 15만원, 둘째 20만원, 셋째 이후 인당 30만원에서 첫째 25만원, 둘째 30만원, 셋째 이후 인당 40만원으로 확대된다. ▲ 수영장·헬스장도 신용카드 소득공제 =7월 1일부터 연 급여가 7000만원 이하인 경우 수영장이나 체력단련장 시설 이용료를 신용카드로 결제하면 연간 300만원 한도 내에서 소득공제율 30%를 적용받는다. ▲ 자동차 취득세 감면 기준 완화 =다자녀 가구의 자동차 취득세 감면 기준이 3자녀 이상에서 2자녀로 확대되면서 2자녀 가구도 자동차 취득세를 50% 감면 받게 된다. 6인승 이하 승용차 기준 70만원 한도 내에서 취득세가 감면된다. ▲ 면세 주류 병 수 제한 폐지 =해외에서 입국할 때 면세 주류 반입은 2L 이하, 400달러 미만으로 2병만 반입할 수 있었지만, 1분기(1~3월) 내에 병 수 제한이 폐지된다. ▲ 기업 출산지원금 비과세 =근로자가 회사 등에서 본인 또는 배우자의 출산과 관련해 받은 출산지원금에 대해서는 최대 2회에 한해 근로소득을 전액 비과세한다. ▲ 비수도권 미분양주택 취득 시 과세특례 =기존 1주택자가 서울·경기·인천 외 지역에 있는 전용면적 85㎡·취득가액 6억원 이하의 준공 후 미분양주택을 취득하는 경우 1세대 1주택 특례가 적용된다. 이 경우 12억원까지는 양도세가 비과세 되며, 종합부동산세 역시 12억원까지 기본공제를 받을 수 있다. ▲ 맞벌이 가구의 근로장려금 수급 요건 완화 =맞벌이 가구가 근로장려금을 받기 위한 소득기준이 연 3800만원 미만에서 연 4400만원 미만으로 확대된다. 근로장려금은 일은 하지만 소득이 적은 근로자에게 정부가 지급하는 장려금이다. ▲ 세무조사 사전통지 기간 확대 =납세자의 예측 가능성과 자기 방어권 보장을 위해 세무조사 사전통지 기간이 기존 15일에서 20일로 확대된다. ◇교육·병무·환경 병장 월급 125만→150만원 인상… ‘3년간 192학점’ 고교학점제 시행 ▲ 고교학점제 전면 시행 =2025년 고등학교 신입생을 대상으로 고교학점제가 전면 시행된다. 학생들은 진로와 적성에 따라 과목을 선택하고, 3년간 192학점 이상 이수하면 졸업이 인정된다. ▲ 늘봄학교 지원 대상 확대 =2025년 1학기부터 늘봄학교 지원 대상이 기존 초등학교 1학년에서 2학년까지 확대된다. 희망하는 초등학교 1~2학년이 모두 늘봄학교에 참여할 수 있고, 맞춤형 프로그램이 매일 2시간 무료로 제공된다. ▲ 국가장학금 지원 대폭 확대 =국가장학금 I유형과 다자녀 장학금 지원 대상을 100만명에서 150만명으로 확대해 1인당 최대 100만원을 지원한다. 국가근로장학금 수혜 대상은 14만명에서 20만명으로 확대되며, 주거안정장학금을 신설해 원거리 통학으로 어려움을 겪는 저소득 대학생에게 연간 최대 240만원을 지원한다. ▲ 병 봉급 인상 =병 봉급을 병장 기준 월 125만원에서 150만원으로 늘린다. 상병 봉급은 100만원에서 120만원으로, 일병은 80만원에서 90만원으로, 이병은 64만원에서 75만원으로 늘어난다. 장병 내일준비적금의 정부 지원금도 월 최대 40만원에서 55만원으로 오른다. ▲ 한국사·한국어시험 공군 가산점 폐지 =2025년 6회 차(9월) 공군 병 모집 때부터 한국사·한국어능력시험 가산점이 폐지된다. 군 임무 수행과 관련성이 적고, 병역 의무자에게 부담으로 작용할 수 있어서다. ▲ '20세 병역판정검사 후 입영’ 시범 실시 =그동안 모든 병역의무자가 19세에 병역판정검사를 받은 뒤 현역병 입영을 다시 신청해야 했지만, 2025년부터는 20세에 한 번의 신청으로 병역판정검사를 받고 3개월 후 원하는 날짜에 입영할 수 있는 제도가 시범 실시된다.",True,전기차 보조금 정책 변화에 따른 추가 지원 대상 확대에 대한 정보 제공.,high,hcx,HCX-007,isclaim-v1.3-prev2-context,2026-07-30
A0003-C019,A0003,최저임금 1만30원으로 인상… 육아휴직 급여 최대 월 250만원,2025-01-01,https://www.chosun.com/economy/economy_general/2025/01/01/ADO7O3Q4WJBCJAX6UUEY4MSBV4,"◇국토·교통·행정 주택청약 때 무주택자 기준 완화, 강력 범죄자 배달업종 취업 제한 ▲ 무주택 인정 기준 완화 =주택 청약 시 무주택으로 인정하는 비(非)아파트 범위를 85㎡ 이하, 공시가격 3억원(수도권 5억원) 이하인 단독·다가구주택, 연립·다세대주택, 도시형 생활주택으로 대폭 완화한다.",추가 지원 대상은 차상위 이하 계층 청년에서 전체로 확대한다.,▲ 청년 대상 전기차 보조금 확대 =청년이 생애 첫 차로 전기 승용차를 구매하는 경우 국비 지원액의 20%를 추가 보조금으로 지원한다.,False,"현재 문장은 주택 청약 시 무주택으로 인정되는 기준 완화에 대한 정책 변경 사항을 설명하고 있으며, 이는 수치나 통계적인 변화를 주장하는 내용이 아닙니다.",high,hcx,HCX-007,isclaim-v1.3-prev2-context,2026-07-30
A0003-C020,A0003,최저임금 1만30원으로 인상… 육아휴직 급여 최대 월 250만원,2025-01-01,https://www.chosun.com/economy/economy_general/2025/01/01/ADO7O3Q4WJBCJAX6UUEY4MSBV4,"기존에는 ‘60㎡ 이하, 공시가격 1억원(수도권 1억6000만원) 이하’가 기준이었다.","◇국토·교통·행정 주택청약 때 무주택자 기준 완화, 강력 범죄자 배달업종 취업 제한 ▲ 무주택 인정 기준 완화 =주택 청약 시 무주택으로 인정하는 비(非)아파트 범위를 85㎡ 이하, 공시가격 3억원(수도권 5억원) 이하인 단독·다가구주택, 연립·다세대주택, 도시형 생활주택으로 대폭 완화한다.",추가 지원 대상은 차상위 이하 계층 청년에서 전체로 확대한다.,False,"기존 주택 청약 시 무주택으로 인정되는 기준의 변화에 대한 설명이므로, 이는 단순한 정보 제공이지 수치나 통계적 변화를 주장하는 것이 아닙니다.",high,hcx,HCX-007,isclaim-v1.3-prev2-context,2026-07-30
A0003-C021,A0003,최저임금 1만30원으로 인상… 육아휴직 급여 최대 월 250만원,2025-01-01,https://www.chosun.com/economy/economy_general/2025/01/01/ADO7O3Q4WJBCJAX6UUEY4MSBV4,"▲ 안성~구리 고속도로 개통 =국내 최초 제한속도 120km/h, 전 구간 배수성 포장, 단일 노선 역대 최대 규모 사업비(7조4000억원)가 투입된 안성~구리 고속도로(72.2km)가 개통된다.","기존에는 ‘60㎡ 이하, 공시가격 1억원(수도권 1억6000만원) 이하’가 기준이었다.","◇국토·교통·행정 주택청약 때 무주택자 기준 완화, 강력 범죄자 배달업종 취업 제한 ▲ 무주택 인정 기준 완화 =주택 청약 시 무주택으로 인정하는 비(非)아파트 범위를 85㎡ 이하, 공시가격 3억원(수도권 5억원) 이하인 단독·다가구주택, 연립·다세대주택, 도시형 생활주택으로 대폭 완화한다.",False,안성~구리 고속도로 개통 관련 정보는 특정 프로젝트의 세부 사항이므로 국가통계포털(KOSIS)에서 검증 가능한 수치나 통계적 변화와 관련이 없습니다.,high,hcx,HCX-007,isclaim-v1.3-prev2-context,2026-07-30
A0003-C022,A0003,최저임금 1만30원으로 인상… 육아휴직 급여 최대 월 250만원,2025-01-01,https://www.chosun.com/economy/economy_general/2025/01/01/ADO7O3Q4WJBCJAX6UUEY4MSBV4,"▲ ‘꼼수 공탁’ 차단 =범죄자가 가벼운 처벌을 받기 위해 피해자 의사와 다르게 법원에 일정액을 기습 공탁하거나, 공탁을 이유로 감형받은 후 공탁금을 몰래 회수하는 일이 불가능해진다.","▲ 안성~구리 고속도로 개통 =국내 최초 제한속도 120km/h, 전 구간 배수성 포장, 단일 노선 역대 최대 규모 사업비(7조4000억원)가 투입된 안성~구리 고속도로(72.2km)가 개통된다.","기존에는 ‘60㎡ 이하, 공시가격 1억원(수도권 1억6000만원) 이하’가 기준이었다.",False,"현재 문장은 범죄자의 처벌 및 공탁 절차 변경에 대한 법적 사항으로, 이는 KOSIS에서 다루는 통계나 수치와 관련이 없습니다.",high,hcx,HCX-007,isclaim-v1.3-prev2-context,2026-07-30
A0003-C023,A0003,최저임금 1만30원으로 인상… 육아휴직 급여 최대 월 250만원,2025-01-01,https://www.chosun.com/economy/economy_general/2025/01/01/ADO7O3Q4WJBCJAX6UUEY4MSBV4,"판결 선고 전 형사공탁 시 법원은 피해자 의견을 의무적으로 청취하고, 형사공탁금 회수는 원칙적으로 제한된다.","▲ ‘꼼수 공탁’ 차단 =범죄자가 가벼운 처벌을 받기 위해 피해자 의사와 다르게 법원에 일정액을 기습 공탁하거나, 공탁을 이유로 감형받은 후 공탁금을 몰래 회수하는 일이 불가능해진다.","▲ 안성~구리 고속도로 개통 =국내 최초 제한속도 120km/h, 전 구간 배수성 포장, 단일 노선 역대 최대 규모 사업비(7조4000억원)가 투입된 안성~구리 고속도로(72.2km)가 개통된다.",False,"현재 문장은 법률 변경 사항 및 절차에 대한 설명이므로, 이는 KOSIS 통계와 관련이 없습니다.",high,hcx,HCX-007,isclaim-v1.3-prev2-context,2026-07-30
A0003-C024,A0003,최저임금 1만30원으로 인상… 육아휴직 급여 최대 월 250만원,2025-01-01,https://www.chosun.com/economy/economy_general/2025/01/01/ADO7O3Q4WJBCJAX6UUEY4MSBV4,"▲ 성범죄자 취업 제한 점검 강화 =성범죄로 취업 제한 명령을 선고받은 자가 아동·청소년 관련 기관 등에 취업했는지 등을 지방자치단체와 교육청 등이 연 1회 이상 점검·확인하고, 그 결과를 2개월 이내 해당 기관 누리집에 공개한다.","판결 선고 전 형사공탁 시 법원은 피해자 의견을 의무적으로 청취하고, 형사공탁금 회수는 원칙적으로 제한된다.","▲ ‘꼼수 공탁’ 차단 =범죄자가 가벼운 처벌을 받기 위해 피해자 의사와 다르게 법원에 일정액을 기습 공탁하거나, 공탁을 이유로 감형받은 후 공탁금을 몰래 회수하는 일이 불가능해진다.",False,"현재 문장은 성범죄자의 취업 제한 점검이 강화된다는 정책 변경 사항을 설명하지만, 이는 수치나 통계적인 변화를 주장하는 것이 아니므로 KOSIS 통계로 검증할 필요가 없습니다.",high,hcx,HCX-007,isclaim-v1.3-prev2-context,2026-07-30
A0003-C025,A0003,최저임금 1만30원으로 인상… 육아휴직 급여 최대 월 250만원,2025-01-01,https://www.chosun.com/economy/economy_general/2025/01/01/ADO7O3Q4WJBCJAX6UUEY4MSBV4,▲ 강력범죄자의 배달업 종사 제한 =1월 17일부터 성범죄자 등 강력범죄자는 죄의 경중에 따라 최대 20년까지 배달업 종사가 제한된다.,"▲ 성범죄자 취업 제한 점검 강화 =성범죄로 취업 제한 명령을 선고받은 자가 아동·청소년 관련 기관 등에 취업했는지 등을 지방자치단체와 교육청 등이 연 1회 이상 점검·확인하고, 그 결과를 2개월 이내 해당 기관 누리집에 공개한다.","판결 선고 전 형사공탁 시 법원은 피해자 의견을 의무적으로 청취하고, 형사공탁금 회수는 원칙적으로 제한된다.",False,"현재 문장은 강력범죄자의 배달업 종사 제한이라는 법적 조치에 대한 내용으로, 이는 특정한 통계나 수치적인 변화를 주장하는 것이 아닙니다.",high,hcx,HCX-007,isclaim-v1.3-prev2-context,2026-07-30
A0003-C026,A0003,최저임금 1만30원으로 인상… 육아휴직 급여 최대 월 250만원,2025-01-01,https://www.chosun.com/economy/economy_general/2025/01/01/ADO7O3Q4WJBCJAX6UUEY4MSBV4,이 제도는 소화물배송대행서비스 인증사업자가 계약 또는 계약 갱신 때 종사자의 범죄경력 확인서를 제출받거나 경찰청에 범죄경력조회를 신청해 운용할 계획이다.,▲ 강력범죄자의 배달업 종사 제한 =1월 17일부터 성범죄자 등 강력범죄자는 죄의 경중에 따라 최대 20년까지 배달업 종사가 제한된다.,"▲ 성범죄자 취업 제한 점검 강화 =성범죄로 취업 제한 명령을 선고받은 자가 아동·청소년 관련 기관 등에 취업했는지 등을 지방자치단체와 교육청 등이 연 1회 이상 점검·확인하고, 그 결과를 2개월 이내 해당 기관 누리집에 공개한다.",False,"현재 문장은 소화물배송대행서비스 인증사업자가 범죄 경력 확인서 제출 및 조회 방법에 대해 설명하고 있으며, 이는 특정한 정책 운영 방식에 대한 내용이지 수치나 통계적인 변화를 주장하는 내용이 아닙니다.",high,hcx,HCX-007,isclaim-v1.3-prev2-context,2026-07-30
A0003-C027,A0003,최저임금 1만30원으로 인상… 육아휴직 급여 최대 월 250만원,2025-01-01,https://www.chosun.com/economy/economy_general/2025/01/01/ADO7O3Q4WJBCJAX6UUEY4MSBV4,▲ 음주측정 방해 행위 처벌 =음주운전 후 음주측정 때 술을 마시는 등 음주 측정을 방해하는 행위가 금지된다.,이 제도는 소화물배송대행서비스 인증사업자가 계약 또는 계약 갱신 때 종사자의 범죄경력 확인서를 제출받거나 경찰청에 범죄경력조회를 신청해 운용할 계획이다.,▲ 강력범죄자의 배달업 종사 제한 =1월 17일부터 성범죄자 등 강력범죄자는 죄의 경중에 따라 최대 20년까지 배달업 종사가 제한된다.,False,"현재 문장은 법률 개정에 따른 새로운 규제에 대한 내용으로, 수치나 통계적인 변화를 주장하지 않습니다.",high,hcx,HCX-007,isclaim-v1.3-prev2-context,2026-07-30
A0003-C028,A0003,최저임금 1만30원으로 인상… 육아휴직 급여 최대 월 250만원,2025-01-01,https://www.chosun.com/economy/economy_general/2025/01/01/ADO7O3Q4WJBCJAX6UUEY4MSBV4,"이를 위반할 경우 1년 이상 5년 이하 징역, 500만원 이상 2000만원 이하 벌금에 처해진다.",▲ 음주측정 방해 행위 처벌 =음주운전 후 음주측정 때 술을 마시는 등 음주 측정을 방해하는 행위가 금지된다.,이 제도는 소화물배송대행서비스 인증사업자가 계약 또는 계약 갱신 때 종사자의 범죄경력 확인서를 제출받거나 경찰청에 범죄경력조회를 신청해 운용할 계획이다.,False,"현재 문장은 법률 위반 시의 처벌 규정에 대한 내용으로, 이는 수치나 통계적인 변화를 주장하는 것이 아닙니다.",high,hcx,HCX-007,isclaim-v1.3-prev2-context,2026-07-30
A0003-C029,A0003,최저임금 1만30원으로 인상… 육아휴직 급여 최대 월 250만원,2025-01-01,https://www.chosun.com/economy/economy_general/2025/01/01/ADO7O3Q4WJBCJAX6UUEY4MSBV4,▲ 모바일 등기신청 도입 =1월 13일부터 등기신청을 할 때 관할 등기소에 방문할 필요 없이 모바일 애플리케이션을 이용해 등기 신청을 할 수 있게 된다.,"이를 위반할 경우 1년 이상 5년 이하 징역, 500만원 이상 2000만원 이하 벌금에 처해진다.",▲ 음주측정 방해 행위 처벌 =음주운전 후 음주측정 때 술을 마시는 등 음주 측정을 방해하는 행위가 금지된다.,False,"모바일 등기신청 도입 관련 내용은 법률 변경 사항이지, 수치나 통계적인 변화를 주장하는 내용이 아닙니다.",high,hcx,HCX-007,isclaim-v1.3-prev2-context,2026-07-30
A0003-C030,A0003,최저임금 1만30원으로 인상… 육아휴직 급여 최대 월 250만원,2025-01-01,https://www.chosun.com/economy/economy_general/2025/01/01/ADO7O3Q4WJBCJAX6UUEY4MSBV4,등기신청 때 필요한 행정정보는 행정정보 공동 이용 시스템을 통해 관공서에서 관할 등기소로 직접 제공될 예정이다.,▲ 모바일 등기신청 도입 =1월 13일부터 등기신청을 할 때 관할 등기소에 방문할 필요 없이 모바일 애플리케이션을 이용해 등기 신청을 할 수 있게 된다.,"이를 위반할 경우 1년 이상 5년 이하 징역, 500만원 이상 2000만원 이하 벌금에 처해진다.",False,"현재 문장은 등기 신청 절차의 변화에 대한 설명을 하고 있으며, 이는 수치나 통계적인 변화를 주장하는 내용이 아닙니다.",high,hcx,HCX-007,isclaim-v1.3-prev2-context,2026-07-30
A0003-C031,A0003,최저임금 1만30원으로 인상… 육아휴직 급여 최대 월 250만원,2025-01-01,https://www.chosun.com/economy/economy_general/2025/01/01/ADO7O3Q4WJBCJAX6UUEY4MSBV4,▲ 모바일 주민증 발급 =1분기(1~3월) 내에 17세 이상 국민이면 누구나 읍·면·동 주민센터를 방문해 모바일 주민등록증을 발급받을 수 있게 된다.,등기신청 때 필요한 행정정보는 행정정보 공동 이용 시스템을 통해 관공서에서 관할 등기소로 직접 제공될 예정이다.,▲ 모바일 등기신청 도입 =1월 13일부터 등기신청을 할 때 관할 등기소에 방문할 필요 없이 모바일 애플리케이션을 이용해 등기 신청을 할 수 있게 된다.,False,"현재 문장은 모바일 주민증 발급 일정에 대한 정보이지만, 이는 특정한 수치나 통계적인 변화를 주장하는 내용이 아니므로 KOSIS를 통한 검증 대상이 아닙니다.",high,hcx,HCX-007,isclaim-v1.3-prev2-context,2026-07-30
A0003-C032,A0003,최저임금 1만30원으로 인상… 육아휴직 급여 최대 월 250만원,2025-01-01,https://www.chosun.com/economy/economy_general/2025/01/01/ADO7O3Q4WJBCJAX6UUEY4MSBV4,모바일 주민등록증을 발급받으면 실물 주민등록증을 들고 다닐 필요 없이 휴대전화에 저장해 사용할 수 있다.,▲ 모바일 주민증 발급 =1분기(1~3월) 내에 17세 이상 국민이면 누구나 읍·면·동 주민센터를 방문해 모바일 주민등록증을 발급받을 수 있게 된다.,등기신청 때 필요한 행정정보는 행정정보 공동 이용 시스템을 통해 관공서에서 관할 등기소로 직접 제공될 예정이다.,False,"모바일 주민등록증의 기능 및 편리성에 대한 설명이므로, 이는 KOSIS 통계와 관련이 없습니다.",high,hcx,HCX-007,isclaim-v1.3-prev2-context,2026-07-30
A0003-C033,A0003,최저임금 1만30원으로 인상… 육아휴직 급여 최대 월 250만원,2025-01-01,https://www.chosun.com/economy/economy_general/2025/01/01/ADO7O3Q4WJBCJAX6UUEY4MSBV4,▲ 광고 게시물의 광고 표시 의무화 =블로그 등 온라인 게시물을 통해 특정 상품에 대해 추천·보증 등을 하는 경우 게시물의 제목이나 첫 부분에 경제적 이해관계 표시 문구를 공개하는 것이 의무화된다.,모바일 주민등록증을 발급받으면 실물 주민등록증을 들고 다닐 필요 없이 휴대전화에 저장해 사용할 수 있다.,▲ 모바일 주민증 발급 =1분기(1~3월) 내에 17세 이상 국민이면 누구나 읍·면·동 주민센터를 방문해 모바일 주민등록증을 발급받을 수 있게 된다.,False,"현재 문장은 블로그 등의 온라인 게시물에서 경제적 이해관계를 표시하도록 의무화하는 정책에 대한 내용으로, 이는 수치나 통계적인 변화와는 관련이 없습니다.",high,hcx,HCX-007,isclaim-v1.3-prev2-context,2026-07-30
A0003-C034,A0003,최저임금 1만30원으로 인상… 육아휴직 급여 최대 월 250만원,2025-01-01,https://www.chosun.com/economy/economy_general/2025/01/01/ADO7O3Q4WJBCJAX6UUEY4MSBV4,사전에 대가를 받지는 않지만 매출 실적에 따라 경제적 대가를 받는 경우에도 경제적 이해관계를 공개해야 한다.,▲ 광고 게시물의 광고 표시 의무화 =블로그 등 온라인 게시물을 통해 특정 상품에 대해 추천·보증 등을 하는 경우 게시물의 제목이나 첫 부분에 경제적 이해관계 표시 문구를 공개하는 것이 의무화된다.,모바일 주민등록증을 발급받으면 실물 주민등록증을 들고 다닐 필요 없이 휴대전화에 저장해 사용할 수 있다.,False,"현재 문장은 특정 법률이나 규정에 대한 설명을 하고 있으며, 이는 수치나 통계적인 변화를 주장하는 내용이 아닙니다.",high,hcx,HCX-007,isclaim-v1.3-prev2-context,2026-07-30
A0003-C035,A0003,최저임금 1만30원으로 인상… 육아휴직 급여 최대 월 250만원,2025-01-01,https://www.chosun.com/economy/economy_general/2025/01/01/ADO7O3Q4WJBCJAX6UUEY4MSBV4,"▲ 연립주택 및 다세대주택에 간이 스프링클러 등 설치 의무화 =다세대·연립주택 등 공동주택에 소화기, 단독 경보형 감지기(연동형), 주택 전용 간이 스프링클러 설비, 유도등, 완강기 등의 설치가 의무화된다.",사전에 대가를 받지는 않지만 매출 실적에 따라 경제적 대가를 받는 경우에도 경제적 이해관계를 공개해야 한다.,▲ 광고 게시물의 광고 표시 의무화 =블로그 등 온라인 게시물을 통해 특정 상품에 대해 추천·보증 등을 하는 경우 게시물의 제목이나 첫 부분에 경제적 이해관계 표시 문구를 공개하는 것이 의무화된다.,False,"현재 문장은 건축 관련 규제 변경 사항에 대한 내용으로, 수치나 통계적인 변화를 주장하는 내용이 아닙니다.",high,hcx,HCX-007,isclaim-v1.3-prev2-context,2026-07-30
A0003-C036,A0003,최저임금 1만30원으로 인상… 육아휴직 급여 최대 월 250만원,2025-01-01,https://www.chosun.com/economy/economy_general/2025/01/01/ADO7O3Q4WJBCJAX6UUEY4MSBV4,▲ 고향사랑기부금 상한액 확대 =고향사랑기부금 연간 상한액이 기존 500만원에서 2000만원으로 확대된다.,"▲ 연립주택 및 다세대주택에 간이 스프링클러 등 설치 의무화 =다세대·연립주택 등 공동주택에 소화기, 단독 경보형 감지기(연동형), 주택 전용 간이 스프링클러 설비, 유도등, 완강기 등의 설치가 의무화된다.",사전에 대가를 받지는 않지만 매출 실적에 따라 경제적 대가를 받는 경우에도 경제적 이해관계를 공개해야 한다.,False,"현재 문장은 정책 변경 사항에 대한 내용으로, 특정한 수치나 통계적 변화를 주장하지 않습니다.",high,hcx,HCX-007,isclaim-v1.3-prev2-context,2026-07-30
A0003-C037,A0003,최저임금 1만30원으로 인상… 육아휴직 급여 최대 월 250만원,2025-01-01,https://www.chosun.com/economy/economy_general/2025/01/01/ADO7O3Q4WJBCJAX6UUEY4MSBV4,"이에 따라 세액공제 혜택도 강화돼 기부금 10만원까지 전액 공제, 초과분에 대해서는 16.5% 세액공제가 적용된다.",▲ 고향사랑기부금 상한액 확대 =고향사랑기부금 연간 상한액이 기존 500만원에서 2000만원으로 확대된다.,"▲ 연립주택 및 다세대주택에 간이 스프링클러 등 설치 의무화 =다세대·연립주택 등 공동주택에 소화기, 단독 경보형 감지기(연동형), 주택 전용 간이 스프링클러 설비, 유도등, 완강기 등의 설치가 의무화된다.",False,"현재 문장은 세액공제 혜택에 대한 정보 제공이지만, 이는 수치나 비율, 통계적인 변화를 주장하는 것이 아니므로 KOSIS 통계로 검증 가능한 내용이 아닙니다.",high,hcx,HCX-007,isclaim-v1.3-prev2-context,2026-07-30
A0004-C001,A0004,‘직원 한 명에 로봇 수십 대’… 이젠 로봇이 공장 움직인다,2025-01-01,https://www.chosun.com/economy/economy_general/2025/01/01/TGA2SHZ4SFACHOHRP36OUPCMHE,“이곳에선 사람 한 명이 로봇 6대를 움직입니다. 로봇이 주요 공정의 100%를 처리하는 거죠.”,,,False,로봇이 주요 공정을 처리한다는 것은 특정 기업의 생산 방식에 대한 설명이므로 KOSIS에서 검증 가능한 통계적 주장이 아닙니다.,high,hcx,HCX-007,isclaim-v1.3-prev2-context,2026-07-30
A0004-C002,A0004,‘직원 한 명에 로봇 수십 대’… 이젠 로봇이 공장 움직인다,2025-01-01,https://www.chosun.com/economy/economy_general/2025/01/01/TGA2SHZ4SFACHOHRP36OUPCMHE,지난달 중순 광주광역시 광산구 뉴서광 공장.,“이곳에선 사람 한 명이 로봇 6대를 움직입니다. 로봇이 주요 공정의 100%를 처리하는 거죠.”,,False,"현재 문장은 특정 장소에서의 작업 방식에 대한 설명으로, 수치나 통계적인 변화를 주장하지 않습니다.",high,hcx,HCX-007,isclaim-v1.3-prev2-context,2026-07-30
A0004-C003,A0004,‘직원 한 명에 로봇 수십 대’… 이젠 로봇이 공장 움직인다,2025-01-01,https://www.chosun.com/economy/economy_general/2025/01/01/TGA2SHZ4SFACHOHRP36OUPCMHE,이곳에서 일하는 김형진 연구소장이 공장 안쪽을 가리키며 들려준 말이었다.,지난달 중순 광주광역시 광산구 뉴서광 공장.,“이곳에선 사람 한 명이 로봇 6대를 움직입니다. 로봇이 주요 공정의 100%를 처리하는 거죠.”,False,"현재 문장은 단순히 연구소장이 말한 내용을 전달하는 것으로, 수치나 통계적인 변화를 주장하는 내용이 아닙니다.",high,hcx,HCX-007,isclaim-v1.3-prev2-context,2026-07-30
A0004-C004,A0004,‘직원 한 명에 로봇 수십 대’… 이젠 로봇이 공장 움직인다,2025-01-01,https://www.chosun.com/economy/economy_general/2025/01/01/TGA2SHZ4SFACHOHRP36OUPCMHE,뉴서광은 냉장고와 같은 생활가전 전용문을 만드는 중소 제조업체다.,이곳에서 일하는 김형진 연구소장이 공장 안쪽을 가리키며 들려준 말이었다.,지난달 중순 광주광역시 광산구 뉴서광 공장.,False,뉴서광이 중소 제조업체라는 사실은 수치나 통계적 변화와 관련이 없는 단순한 정보 제공이므로 KOSIS를 통해 검증할 필요가 없습니다.,high,hcx,HCX-007,isclaim-v1.3-prev2-context,2026-07-30
A0004-C005,A0004,‘직원 한 명에 로봇 수십 대’… 이젠 로봇이 공장 움직인다,2025-01-01,https://www.chosun.com/economy/economy_general/2025/01/01/TGA2SHZ4SFACHOHRP36OUPCMHE,전체 공정의 70%를 다(多)관절 로봇을 활용해 자동화했다.,뉴서광은 냉장고와 같은 생활가전 전용문을 만드는 중소 제조업체다.,이곳에서 일하는 김형진 연구소장이 공장 안쪽을 가리키며 들려준 말이었다.,False,"현재 문장은 뉴서광이라는 중소 제조업체의 공정 자동화에 대한 내용으로, 이는 특정 기업의 생산 방식에 관한 정보이지 국가통계포털(KOSIS)에서 제공하는 일반적인 통계나 수치와 관련이 없습니다.",high,hcx,HCX-007,isclaim-v1.3-prev2-context,2026-07-30
A0004-C006,A0004,‘직원 한 명에 로봇 수십 대’… 이젠 로봇이 공장 움직인다,2025-01-01,https://www.chosun.com/economy/economy_general/2025/01/01/TGA2SHZ4SFACHOHRP36OUPCMHE,특히 주요 공정으로 꼽히는 철판 부품 삽입 및 조립과 문(door)을 프레스 공정을 거쳐 모양을 잡고 완성하는 과정에선 제어·관리하는 사람 한 명에 로봇 8대가 움직인다.,전체 공정의 70%를 다(多)관절 로봇을 활용해 자동화했다.,뉴서광은 냉장고와 같은 생활가전 전용문을 만드는 중소 제조업체다.,False,"현재 문장은 특정 기업의 생산 공정에서의 자동화와 관련된 내용으로, 이는 개별 기업의 운영 방식에 대한 설명이지 국가 집계의 통계나 KOSIS에서 검증 가능한 내용이 아닙니다.",high,hcx,HCX-007,isclaim-v1.3-prev2-context,2026-07-30
A0004-C007,A0004,‘직원 한 명에 로봇 수십 대’… 이젠 로봇이 공장 움직인다,2025-01-01,https://www.chosun.com/economy/economy_general/2025/01/01/TGA2SHZ4SFACHOHRP36OUPCMHE,김 연구소장은 “우리뿐 아니라 다른 제조업 공장을 가봐도 주요 공정은 사람 한 명에 로봇 여러 대가 붙어 처리한다”며 “로봇과의 협업은 이젠 일상”이라고 했다.,특히 주요 공정으로 꼽히는 철판 부품 삽입 및 조립과 문(door)을 프레스 공정을 거쳐 모양을 잡고 완성하는 과정에선 제어·관리하는 사람 한 명에 로봇 8대가 움직인다.,전체 공정의 70%를 다(多)관절 로봇을 활용해 자동화했다.,False,"현재 문장은 로봇과의 협업 상황에 대한 일반적인 설명을 하고 있으며, 구체적인 수치나 통계적인 변화를 주장하지 않습니다.",high,hcx,HCX-007,isclaim-v1.3-prev2-context,2026-07-30
A0004-C008,A0004,‘직원 한 명에 로봇 수십 대’… 이젠 로봇이 공장 움직인다,2025-01-01,https://www.chosun.com/economy/economy_general/2025/01/01/TGA2SHZ4SFACHOHRP36OUPCMHE,"우리나라는 1950~1960년대만 해도 노동집약 산업의 대표격인 봉제나 가발 같은 경공업에서 출발, 1970년대 중공업화를 추진할 때도 조선, 자동차 등 대규모 노동력이 필요한 분야 중심으로 산업화를 이뤄냈다.",김 연구소장은 “우리뿐 아니라 다른 제조업 공장을 가봐도 주요 공정은 사람 한 명에 로봇 여러 대가 붙어 처리한다”며 “로봇과의 협업은 이젠 일상”이라고 했다.,특히 주요 공정으로 꼽히는 철판 부품 삽입 및 조립과 문(door)을 프레스 공정을 거쳐 모양을 잡고 완성하는 과정에선 제어·관리하는 사람 한 명에 로봇 8대가 움직인다.,False,"현재 문장은 한국의 산업 발전 과정에 대한 역사적 서술로서, 특정한 수치나 비율 등의 통계적 주장을 포함하지 않습니다.",high,hcx,HCX-007,isclaim-v1.3-prev2-context,2026-07-30
A0004-C009,A0004,‘직원 한 명에 로봇 수십 대’… 이젠 로봇이 공장 움직인다,2025-01-01,https://www.chosun.com/economy/economy_general/2025/01/01/TGA2SHZ4SFACHOHRP36OUPCMHE,하지만 우리 산업의 현장은 이제 로봇이 좌지우지한다.,"우리나라는 1950~1960년대만 해도 노동집약 산업의 대표격인 봉제나 가발 같은 경공업에서 출발, 1970년대 중공업화를 추진할 때도 조선, 자동차 등 대규모 노동력이 필요한 분야 중심으로 산업화를 이뤄냈다.",김 연구소장은 “우리뿐 아니라 다른 제조업 공장을 가봐도 주요 공정은 사람 한 명에 로봇 여러 대가 붙어 처리한다”며 “로봇과의 협업은 이젠 일상”이라고 했다.,False,"현재 문장은 로봇이 산업 현장을 좌우한다는 일반적인 서술이지만, 이는 구체적인 수치나 통계적인 변화를 포함하지 않습니다.",high,hcx,HCX-007,isclaim-v1.3-prev2-context,2026-07-30
A0004-C010,A0004,‘직원 한 명에 로봇 수십 대’… 이젠 로봇이 공장 움직인다,2025-01-01,https://www.chosun.com/economy/economy_general/2025/01/01/TGA2SHZ4SFACHOHRP36OUPCMHE,2025년 한국 산업 현장의 주역이 로봇이란 말이 과언이 아닐 정도다.,하지만 우리 산업의 현장은 이제 로봇이 좌지우지한다.,"우리나라는 1950~1960년대만 해도 노동집약 산업의 대표격인 봉제나 가발 같은 경공업에서 출발, 1970년대 중공업화를 추진할 때도 조선, 자동차 등 대규모 노동력이 필요한 분야 중심으로 산업화를 이뤄냈다.",False,"현재 문장은 한국 산업 현장에서 로봇의 역할이 중요하다는 일반적인 서술로서, 구체적인 수치나 통계적 변화를 주장하지 않습니다.",high,hcx,HCX-007,isclaim-v1.3-prev2-context,2026-07-30
A0004-C011,A0004,‘직원 한 명에 로봇 수십 대’… 이젠 로봇이 공장 움직인다,2025-01-01,https://www.chosun.com/economy/economy_general/2025/01/01/TGA2SHZ4SFACHOHRP36OUPCMHE,국제로봇연맹(IFR)에 따르면 2023년 우리나라는 직원 1만명당 로봇 1012대를 쓰는 나라였다.,2025년 한국 산업 현장의 주역이 로봇이란 말이 과언이 아닐 정도다.,하지만 우리 산업의 현장은 이제 로봇이 좌지우지한다.,True,국제로봇연맹(IFR)에 따른 한국의 로봇 사용량에 대한 정보 제공.,high,hcx,HCX-007,isclaim-v1.3-prev2-context,2026-07-30
A0004-C012,A0004,‘직원 한 명에 로봇 수십 대’… 이젠 로봇이 공장 움직인다,2025-01-01,https://www.chosun.com/economy/economy_general/2025/01/01/TGA2SHZ4SFACHOHRP36OUPCMHE,이미 우리나라는 로봇 밀도(공장 직원 한 명당 로봇수) 전 세계 1위 국가인 것이다.,국제로봇연맹(IFR)에 따르면 2023년 우리나라는 직원 1만명당 로봇 1012대를 쓰는 나라였다.,2025년 한국 산업 현장의 주역이 로봇이란 말이 과언이 아닐 정도다.,True,문장에서 '로봇 밀도(공장 직원 한 명당 로봇수)'가 전 세계 1위라는 주장은 KOSIS를 통해 검증 가능한 국내 집계 통계 정보에 해당합니다.,high,hcx,HCX-007,isclaim-v1.3-prev2-context,2026-07-30
A0004-C013,A0004,‘직원 한 명에 로봇 수십 대’… 이젠 로봇이 공장 움직인다,2025-01-01,https://www.chosun.com/economy/economy_general/2025/01/01/TGA2SHZ4SFACHOHRP36OUPCMHE,싱가포르와 중국이 그 뒤를 이었다.,이미 우리나라는 로봇 밀도(공장 직원 한 명당 로봇수) 전 세계 1위 국가인 것이다.,국제로봇연맹(IFR)에 따르면 2023년 우리나라는 직원 1만명당 로봇 1012대를 쓰는 나라였다.,False,싱가포르와 중국이 로봇 밀도에서 한국을 뒤따른다는 내용은 국제 비교 통계로서 KOSIS에서 직접적인 검증을 할 수 없습니다.,high,hcx,HCX-007,isclaim-v1.3-prev2-context,2026-07-30
A0004-C014,A0004,‘직원 한 명에 로봇 수십 대’… 이젠 로봇이 공장 움직인다,2025-01-01,https://www.chosun.com/economy/economy_general/2025/01/01/TGA2SHZ4SFACHOHRP36OUPCMHE,전 세계 평균(1만명당 162대)의 6배가 넘는 수치다.,싱가포르와 중국이 그 뒤를 이었다.,이미 우리나라는 로봇 밀도(공장 직원 한 명당 로봇수) 전 세계 1위 국가인 것이다.,True,"현재 문장은 한국의 로봇 밀도가 전 세계 평균의 몇 배인지 수치적인 비교를 하고 있으며, 이는 국제적인 통계로서 KOSIS 등에서 관련 데이터를 찾아볼 수 있을 것으로 판단됩니다.",high,hcx,HCX-007,isclaim-v1.3-prev2-context,2026-07-30
A0004-C015,A0004,‘직원 한 명에 로봇 수십 대’… 이젠 로봇이 공장 움직인다,2025-01-01,https://www.chosun.com/economy/economy_general/2025/01/01/TGA2SHZ4SFACHOHRP36OUPCMHE,"대기업뿐 아니라, 중견·중소기업 제조업 현장에서도 로봇은 이제 각종 공정을 해결하는 ‘필요 조건’이다.",전 세계 평균(1만명당 162대)의 6배가 넘는 수치다.,싱가포르와 중국이 그 뒤를 이었다.,False,"현재 문장은 로봇이 중소기업 제조업 현장에서 필수적인 요소라는 일반적인 의견을 표현하고 있으며, 이는 특정한 수치나 통계적 변화를 주장하지 않습니다.",high,hcx,HCX-007,isclaim-v1.3-prev2-context,2026-07-30
A0004-C016,A0004,‘직원 한 명에 로봇 수십 대’… 이젠 로봇이 공장 움직인다,2025-01-01,https://www.chosun.com/economy/economy_general/2025/01/01/TGA2SHZ4SFACHOHRP36OUPCMHE,일부 주요 공정에선 ‘1직원 1로봇’을 훌쩍 넘어 ‘1직원 N로봇’ 시대에 이미 진입했다.,"대기업뿐 아니라, 중견·중소기업 제조업 현장에서도 로봇은 이제 각종 공정을 해결하는 ‘필요 조건’이다.",전 세계 평균(1만명당 162대)의 6배가 넘는 수치다.,False,"현재 문장은 '1직원 N로봇'이라는 표현을 사용하고 있지만, 이는 구체적인 수치나 비율 등의 통계적 변화를 주장하는 것이 아니며, 단순한 현황 설명을 하고 있습니다.",high,hcx,HCX-007,isclaim-v1.3-prev2-context,2026-07-30
A0004-C017,A0004,‘직원 한 명에 로봇 수십 대’… 이젠 로봇이 공장 움직인다,2025-01-01,https://www.chosun.com/economy/economy_general/2025/01/01/TGA2SHZ4SFACHOHRP36OUPCMHE,사람보다 로봇이 많은 현장을 보는 것이 갈수록 흔한 풍경이 되어가고 있다는 얘기다.,일부 주요 공정에선 ‘1직원 1로봇’을 훌쩍 넘어 ‘1직원 N로봇’ 시대에 이미 진입했다.,"대기업뿐 아니라, 중견·중소기업 제조업 현장에서도 로봇은 이제 각종 공정을 해결하는 ‘필요 조건’이다.",False,"현재 문장은 단순한 의견 표현으로, 구체적인 수치나 통계적인 변화를 언급하지 않습니다.",high,hcx,HCX-007,isclaim-v1.3-prev2-context,2026-07-30
A0004-C018,A0004,‘직원 한 명에 로봇 수십 대’… 이젠 로봇이 공장 움직인다,2025-01-01,https://www.chosun.com/economy/economy_general/2025/01/01/TGA2SHZ4SFACHOHRP36OUPCMHE,가파른 경제성장 이후 저출산·고령화 사회로 진입하면서 ‘사람’에서 ‘로봇’으로 빠르게 옮겨가고 있는 산업 현장을 살펴봤다.,사람보다 로봇이 많은 현장을 보는 것이 갈수록 흔한 풍경이 되어가고 있다는 얘기다.,일부 주요 공정에선 ‘1직원 1로봇’을 훌쩍 넘어 ‘1직원 N로봇’ 시대에 이미 진입했다.,False,"현재 문장은 저출산 및 고령화로 인해 산업 현장에서 사람이 로봇으로 대체되고 있다는 일반적인 설명을 하고 있으며, 구체적인 수치나 통계적 변화를 언급하지 않습니다.",high,hcx,HCX-007,isclaim-v1.3-prev2-context,2026-07-30
A0004-C019,A0004,‘직원 한 명에 로봇 수십 대’… 이젠 로봇이 공장 움직인다,2025-01-01,https://www.chosun.com/economy/economy_general/2025/01/01/TGA2SHZ4SFACHOHRP36OUPCMHE,◇로봇 밀도 1위의 나라 로봇 밀도는 그 나라의 제조업이 얼마나 자동화됐는지 평가하는 기본 지표로 여겨진다.,가파른 경제성장 이후 저출산·고령화 사회로 진입하면서 ‘사람’에서 ‘로봇’으로 빠르게 옮겨가고 있는 산업 현장을 살펴봤다.,사람보다 로봇이 많은 현장을 보는 것이 갈수록 흔한 풍경이 되어가고 있다는 얘기다.,False,"로봇 밀도에 대한 언급은 있지만, 이는 구체적인 수치나 변화 방향을 주장하지 않으며, KOSIS에서 직접적인 검증을 할 수 없는 정보입니다.",high,hcx,HCX-007,isclaim-v1.3-prev2-context,2026-07-30
A0004-C020,A0004,‘직원 한 명에 로봇 수십 대’… 이젠 로봇이 공장 움직인다,2025-01-01,https://www.chosun.com/economy/economy_general/2025/01/01/TGA2SHZ4SFACHOHRP36OUPCMHE,"우리나라는 로봇 밀도 1위 나라일 뿐 아니라, 지난 2018년 이후로 매년 5%씩 성장한 유일한 나라이기도 하다.",◇로봇 밀도 1위의 나라 로봇 밀도는 그 나라의 제조업이 얼마나 자동화됐는지 평가하는 기본 지표로 여겨진다.,가파른 경제성장 이후 저출산·고령화 사회로 진입하면서 ‘사람’에서 ‘로봇’으로 빠르게 옮겨가고 있는 산업 현장을 살펴봤다.,True,문장에서 우리나라의 로봇 밀도가 매년 5%씩 성장했다고 주장하며 이는 KOSIS를 통해 검증 가능한 국내 집계 통계에 해당합니다.,high,hcx,HCX-007,isclaim-v1.3-prev2-context,2026-07-30
A0004-C021,A0004,‘직원 한 명에 로봇 수십 대’… 이젠 로봇이 공장 움직인다,2025-01-01,https://www.chosun.com/economy/economy_general/2025/01/01/TGA2SHZ4SFACHOHRP36OUPCMHE,국제로봇연맹 다카유키 이토 회장은 “강력한 자동차 산업과 세계적으로 유명한 전자제품 부문을 보유한 한국은 산업용 로봇을 가장 많이 사용하는 국가”라고 한 것도 이 때문이다.,"우리나라는 로봇 밀도 1위 나라일 뿐 아니라, 지난 2018년 이후로 매년 5%씩 성장한 유일한 나라이기도 하다.",◇로봇 밀도 1위의 나라 로봇 밀도는 그 나라의 제조업이 얼마나 자동화됐는지 평가하는 기본 지표로 여겨진다.,False,"현재 문장은 한국의 산업용 로봇 사용에 대한 일반적인 설명을 하고 있으며, 구체적인 수치나 통계적인 변화를 언급하지 않습니다.",high,hcx,HCX-007,isclaim-v1.3-prev2-context,2026-07-30
A0004-C022,A0004,‘직원 한 명에 로봇 수십 대’… 이젠 로봇이 공장 움직인다,2025-01-01,https://www.chosun.com/economy/economy_general/2025/01/01/TGA2SHZ4SFACHOHRP36OUPCMHE,경기도 광명에 있는 기아 오토랜드 전기차 전용 공장.,국제로봇연맹 다카유키 이토 회장은 “강력한 자동차 산업과 세계적으로 유명한 전자제품 부문을 보유한 한국은 산업용 로봇을 가장 많이 사용하는 국가”라고 한 것도 이 때문이다.,"우리나라는 로봇 밀도 1위 나라일 뿐 아니라, 지난 2018년 이후로 매년 5%씩 성장한 유일한 나라이기도 하다.",False,경기도 광명에 있는 기아 오토랜드 전기차 전용 공장에 대한 언급은 단순한 정보 제공이므로 수치나 통계적 변화를 주장하는 것이 아닙니다.,high,hcx,HCX-007,isclaim-v1.3-prev2-context,2026-07-30
A0004-C023,A0004,‘직원 한 명에 로봇 수십 대’… 이젠 로봇이 공장 움직인다,2025-01-01,https://www.chosun.com/economy/economy_general/2025/01/01/TGA2SHZ4SFACHOHRP36OUPCMHE,이곳에서도 전기차 조립은 로봇이 담당한다.,경기도 광명에 있는 기아 오토랜드 전기차 전용 공장.,국제로봇연맹 다카유키 이토 회장은 “강력한 자동차 산업과 세계적으로 유명한 전자제품 부문을 보유한 한국은 산업용 로봇을 가장 많이 사용하는 국가”라고 한 것도 이 때문이다.,False,"현재 문장은 전기차 조립 과정에서 로봇이 담당한다는 내용으로, 이는 특정한 통계나 수치적인 변화를 주장하는 것이 아닙니다.",high,hcx,HCX-007,isclaim-v1.3-prev2-context,2026-07-30
A0004-C024,A0004,‘직원 한 명에 로봇 수십 대’… 이젠 로봇이 공장 움직인다,2025-01-01,https://www.chosun.com/economy/economy_general/2025/01/01/TGA2SHZ4SFACHOHRP36OUPCMHE,"사람은 한두 명이 완전 자동화 로봇 수십 대를 작동·관리하고, 주요 공정의 일부분은 로봇이 처리한다.",이곳에서도 전기차 조립은 로봇이 담당한다.,경기도 광명에 있는 기아 오토랜드 전기차 전용 공장.,False,"현재 문장은 전기차 생산 과정에서의 로봇 활용 및 인력 배치 상황에 대한 설명으로, 이는 특정한 통계나 수치 변화를 주장하는 내용이 아닙니다.",high,hcx,HCX-007,isclaim-v1.3-prev2-context,2026-07-30
A0004-C025,A0004,‘직원 한 명에 로봇 수십 대’… 이젠 로봇이 공장 움직인다,2025-01-01,https://www.chosun.com/economy/economy_general/2025/01/01/TGA2SHZ4SFACHOHRP36OUPCMHE,대표적인 과정이 차체와 배터리 모듈 시스템을 조립하는 공정이다.,"사람은 한두 명이 완전 자동화 로봇 수십 대를 작동·관리하고, 주요 공정의 일부분은 로봇이 처리한다.",이곳에서도 전기차 조립은 로봇이 담당한다.,False,"현재 문장은 전기차 제조 과정 중 하나의 예시를 설명하고 있으며, 이는 특정한 수치나 통계적인 변화를 주장하는 것이 아닙니다.",high,hcx,HCX-007,isclaim-v1.3-prev2-context,2026-07-30
A0004-C026,A0004,‘직원 한 명에 로봇 수십 대’… 이젠 로봇이 공장 움직인다,2025-01-01,https://www.chosun.com/economy/economy_general/2025/01/01/TGA2SHZ4SFACHOHRP36OUPCMHE,전기차 몸체가 모듈 조립 공정 라인 상부에 도착하면 매일 수십 대의 로봇이 그 밑에서 배터리 시스템을 나사로 조이고 합체한다.,대표적인 과정이 차체와 배터리 모듈 시스템을 조립하는 공정이다.,"사람은 한두 명이 완전 자동화 로봇 수십 대를 작동·관리하고, 주요 공정의 일부분은 로봇이 처리한다.",False,"현재 문장은 전기차 생산 과정에서의 구체적인 작업 내용을 기술하고 있으며, 이는 특정한 통계나 수치적인 변화를 주장하는 것이 아닙니다.",high,hcx,HCX-007,isclaim-v1.3-prev2-context,2026-07-30
A0004-C027,A0004,‘직원 한 명에 로봇 수십 대’… 이젠 로봇이 공장 움직인다,2025-01-01,https://www.chosun.com/economy/economy_general/2025/01/01/TGA2SHZ4SFACHOHRP36OUPCMHE,기아 관계자는 “나사를 조이는 압력과 각도의 수치를 매번 균일하게 작업하기 위해 100% 로봇을 사용한다”면서 “이를 통해 압력을 너무 주거나 혹은 덜 줘서 생기는 각종 사고를 방지할 수 있다”고 했다.,전기차 몸체가 모듈 조립 공정 라인 상부에 도착하면 매일 수십 대의 로봇이 그 밑에서 배터리 시스템을 나사로 조이고 합체한다.,대표적인 과정이 차체와 배터리 모듈 시스템을 조립하는 공정이다.,False,"기아 관계자가 언급한 내용은 로봇을 사용하여 나사 조임 압력과 각도를 일정하게 유지한다는 제조 공정에 대한 설명으로, 이는 특정한 통계적 변화나 수치적인 주장을 포함하지 않는다.",high,hcx,HCX-007,isclaim-v1.3-prev2-context,2026-07-30
A0004-C028,A0004,‘직원 한 명에 로봇 수십 대’… 이젠 로봇이 공장 움직인다,2025-01-01,https://www.chosun.com/economy/economy_general/2025/01/01/TGA2SHZ4SFACHOHRP36OUPCMHE,"제조업뿐 아니라, 물류·서비스업 현장에서도 로봇 활용도 100%를 달성한 곳은 적지 않다.",기아 관계자는 “나사를 조이는 압력과 각도의 수치를 매번 균일하게 작업하기 위해 100% 로봇을 사용한다”면서 “이를 통해 압력을 너무 주거나 혹은 덜 줘서 생기는 각종 사고를 방지할 수 있다”고 했다.,전기차 몸체가 모듈 조립 공정 라인 상부에 도착하면 매일 수십 대의 로봇이 그 밑에서 배터리 시스템을 나사로 조이고 합체한다.,False,"로봇 활용도에 대한 언급이지만 구체적인 수치나 비율 등의 통계적 변화를 주장하지 않으며, 이는 KOSIS에서 검증 가능한 내용이 아닙니다.",high,hcx,HCX-007,isclaim-v1.3-prev2-context,2026-07-30
A0004-C029,A0004,‘직원 한 명에 로봇 수십 대’… 이젠 로봇이 공장 움직인다,2025-01-01,https://www.chosun.com/economy/economy_general/2025/01/01/TGA2SHZ4SFACHOHRP36OUPCMHE,국내 1위 택배업체 CJ대한통운의 용인 스마트센터에서는 직원은 35명이 일하고 로봇만 수백 대가 움직인다.,"제조업뿐 아니라, 물류·서비스업 현장에서도 로봇 활용도 100%를 달성한 곳은 적지 않다.",기아 관계자는 “나사를 조이는 압력과 각도의 수치를 매번 균일하게 작업하기 위해 100% 로봇을 사용한다”면서 “이를 통해 압력을 너무 주거나 혹은 덜 줘서 생기는 각종 사고를 방지할 수 있다”고 했다.,False,"현재 문장은 특정 기업의 직원 수와 로봇 대수에 대한 정보 제공이지만, 이는 개별 사례에 해당하며 국가집계 통계의 범주에 속하지 않습니다.",high,hcx,HCX-007,isclaim-v1.3-prev2-context,2026-07-30
A0004-C030,A0004,‘직원 한 명에 로봇 수십 대’… 이젠 로봇이 공장 움직인다,2025-01-01,https://www.chosun.com/economy/economy_general/2025/01/01/TGA2SHZ4SFACHOHRP36OUPCMHE,이들 직원 중 지게차 운전 및 상하차 인력을 뺀 순수 센터 내 작업자는 25명 정도다.,국내 1위 택배업체 CJ대한통운의 용인 스마트센터에서는 직원은 35명이 일하고 로봇만 수백 대가 움직인다.,"제조업뿐 아니라, 물류·서비스업 현장에서도 로봇 활용도 100%를 달성한 곳은 적지 않다.",False,"현재 문장은 특정 기업의 인력 배치 상황에 대한 설명이므로, 이는 KOSIS 국가통계포털에서 제공하는 통계 정보와는 관련이 없습니다.",high,hcx,HCX-007,isclaim-v1.3-prev2-context,2026-07-30
A0004-C031,A0004,‘직원 한 명에 로봇 수십 대’… 이젠 로봇이 공장 움직인다,2025-01-01,https://www.chosun.com/economy/economy_general/2025/01/01/TGA2SHZ4SFACHOHRP36OUPCMHE,이곳에선 230여 대의 고정노선운송로봇(AGV·Automatic Guided Vehicle)와 미니 AGV가 같이 움직인다.,이들 직원 중 지게차 운전 및 상하차 인력을 뺀 순수 센터 내 작업자는 25명 정도다.,국내 1위 택배업체 CJ대한통운의 용인 스마트센터에서는 직원은 35명이 일하고 로봇만 수백 대가 움직인다.,False,"현재 문장은 특정 시설 내의 운송로봇의 수에 대한 정보 제공이지만, 이는 특정한 통계나 수치 변화에 대한 주장이 아니므로 KOSIS를 통해 검증할 필요가 없습니다.",high,hcx,HCX-007,isclaim-v1.3-prev2-context,2026-07-30
A0004-C032,A0004,‘직원 한 명에 로봇 수십 대’… 이젠 로봇이 공장 움직인다,2025-01-01,https://www.chosun.com/economy/economy_general/2025/01/01/TGA2SHZ4SFACHOHRP36OUPCMHE,"또한 상품 피킹부터 검수, 포장, 출고까지 로봇이 모두 관여한다.",이곳에선 230여 대의 고정노선운송로봇(AGV·Automatic Guided Vehicle)와 미니 AGV가 같이 움직인다.,이들 직원 중 지게차 운전 및 상하차 인력을 뺀 순수 센터 내 작업자는 25명 정도다.,False,"현재 문장은 물류센터에서 로봇이 상품 피킹부터 검수, 포장, 출고까지의 과정에 관여한다는 사실을 서술하고 있으며, 이는 특정한 수치나 통계적인 변화를 주장하는 것이 아닙니다.",high,hcx,HCX-007,isclaim-v1.3-prev2-context,2026-07-30
A0004-C033,A0004,‘직원 한 명에 로봇 수십 대’… 이젠 로봇이 공장 움직인다,2025-01-01,https://www.chosun.com/economy/economy_general/2025/01/01/TGA2SHZ4SFACHOHRP36OUPCMHE,중소·중견 기업의 제조·물류 과정에서도 ‘로봇 100%’는 이미 실현되고 있다.,"또한 상품 피킹부터 검수, 포장, 출고까지 로봇이 모두 관여한다.",이곳에선 230여 대의 고정노선운송로봇(AGV·Automatic Guided Vehicle)와 미니 AGV가 같이 움직인다.,False,"현재 문장은 중소·중견 기업의 제조 및 물류 과정에서 로봇 사용이 증가하고 있다는 일반적인 설명을 하고 있으며, 이는 특정한 수치나 통계적인 변화를 주장하는 것이 아닙니다.",high,hcx,HCX-007,isclaim-v1.3-prev2-context,2026-07-30
A0004-C034,A0004,‘직원 한 명에 로봇 수십 대’… 이젠 로봇이 공장 움직인다,2025-01-01,https://www.chosun.com/economy/economy_general/2025/01/01/TGA2SHZ4SFACHOHRP36OUPCMHE,경남 창원에 있는 38년 된 자동차 조향 장치 부품 기업인 태림산업.,중소·중견 기업의 제조·물류 과정에서도 ‘로봇 100%’는 이미 실현되고 있다.,"또한 상품 피킹부터 검수, 포장, 출고까지 로봇이 모두 관여한다.",False,"현재 문장은 특정 기업인 태림산업에 대한 정보 제공이지만, 이는 수치나 통계적인 변화를 주장하는 내용이 아니므로 검증 대상이 아닙니다.",high,hcx,HCX-007,isclaim-v1.3-prev2-context,2026-07-30
A0004-C035,A0004,‘직원 한 명에 로봇 수십 대’… 이젠 로봇이 공장 움직인다,2025-01-01,https://www.chosun.com/economy/economy_general/2025/01/01/TGA2SHZ4SFACHOHRP36OUPCMHE,"이곳은 전체 공정의 50%를 로봇화했고, 주요 공정은 100% 로봇화를 달성했다.",경남 창원에 있는 38년 된 자동차 조향 장치 부품 기업인 태림산업.,중소·중견 기업의 제조·물류 과정에서도 ‘로봇 100%’는 이미 실현되고 있다.,False,"현재 문장은 특정 기업의 공정 자동화에 대한 내용으로, 이는 개별 기업의 사례이므로 국가통계포털(KOSIS)에서 검증 가능한 집계 통계가 아닙니다.",high,hcx,HCX-007,isclaim-v1.3-prev2-context,2026-07-30
A0004-C036,A0004,‘직원 한 명에 로봇 수십 대’… 이젠 로봇이 공장 움직인다,2025-01-01,https://www.chosun.com/economy/economy_general/2025/01/01/TGA2SHZ4SFACHOHRP36OUPCMHE,입고부터 출하까지 모든 물건을 사람이 실어나르던 풍경은 이제 볼 수 없다.,"이곳은 전체 공정의 50%를 로봇화했고, 주요 공정은 100% 로봇화를 달성했다.",경남 창원에 있는 38년 된 자동차 조향 장치 부품 기업인 태림산업.,False,"현재 문장은 자동화된 공정 변화에 대한 설명이지만, 이는 특정한 수치나 통계적 변화를 주장하는 것이 아니므로 KOSIS 통계로 검증할 수 없습니다.",high,hcx,HCX-007,isclaim-v1.3-prev2-context,2026-07-30
A0004-C037,A0004,‘직원 한 명에 로봇 수십 대’… 이젠 로봇이 공장 움직인다,2025-01-01,https://www.chosun.com/economy/economy_general/2025/01/01/TGA2SHZ4SFACHOHRP36OUPCMHE,물류공정 및 후공정은 모두 양팔 로봇 3~4대가 동시에 움직이면서 해결한다.,입고부터 출하까지 모든 물건을 사람이 실어나르던 풍경은 이제 볼 수 없다.,"이곳은 전체 공정의 50%를 로봇화했고, 주요 공정은 100% 로봇화를 달성했다.",False,"현재 문장은 특정 기업의 물류 공정에서의 로봇 활용 상황에 대한 설명으로, 이는 개별 사례에 해당하며 국가 통계의 범주에 속하지 않습니다.",high,hcx,HCX-007,isclaim-v1.3-prev2-context,2026-07-30
A0004-C038,A0004,‘직원 한 명에 로봇 수십 대’… 이젠 로봇이 공장 움직인다,2025-01-01,https://www.chosun.com/economy/economy_general/2025/01/01/TGA2SHZ4SFACHOHRP36OUPCMHE,◇“로봇으로 중대재해법도 극복” 국내 제조업 현장에선 로봇화는 인력 충원보다 더 중요한 과제가 되어가고 있다.,물류공정 및 후공정은 모두 양팔 로봇 3~4대가 동시에 움직이면서 해결한다.,입고부터 출하까지 모든 물건을 사람이 실어나르던 풍경은 이제 볼 수 없다.,False,"현재 문장은 로봇화가 인력 충원보다 중요하다는 의견을 표현하지만, 이는 구체적인 수치나 통계적 변화를 주장하는 것이 아니므로 KOSIS를 통해 검증할 수 있는 내용이 아닙니다.",high,hcx,HCX-007,isclaim-v1.3-prev2-context,2026-07-30
A0004-C039,A0004,‘직원 한 명에 로봇 수십 대’… 이젠 로봇이 공장 움직인다,2025-01-01,https://www.chosun.com/economy/economy_general/2025/01/01/TGA2SHZ4SFACHOHRP36OUPCMHE,단순 반복 작업에까지 인력을 더 투입하는 대신 로봇DX(Digital Transformation)를 추진하는 것이 문제를 더 빠르게 해결하는 길이기 때문이다.,◇“로봇으로 중대재해법도 극복” 국내 제조업 현장에선 로봇화는 인력 충원보다 더 중요한 과제가 되어가고 있다.,물류공정 및 후공정은 모두 양팔 로봇 3~4대가 동시에 움직이면서 해결한다.,False,"현재 문장은 단순 반복 작업에 인력을 더 투입하기보다는 로봇 DX를 추진하는 것이 문제 해결에 더 빠르다는 의견을 제시하지만, 이는 구체적인 수치나 통계적 변화를 주장하는 내용이 아닙니다.",high,hcx,HCX-007,isclaim-v1.3-prev2-context,2026-07-30
A0004-C040,A0004,‘직원 한 명에 로봇 수십 대’… 이젠 로봇이 공장 움직인다,2025-01-01,https://www.chosun.com/economy/economy_general/2025/01/01/TGA2SHZ4SFACHOHRP36OUPCMHE,충북 음성에 있는 중소기업 ㈜제일참은 물티슈 및 위생용품을 만드는 곳이다.,단순 반복 작업에까지 인력을 더 투입하는 대신 로봇DX(Digital Transformation)를 추진하는 것이 문제를 더 빠르게 해결하는 길이기 때문이다.,◇“로봇으로 중대재해법도 극복” 국내 제조업 현장에선 로봇화는 인력 충원보다 더 중요한 과제가 되어가고 있다.,False,현재 문장은 단순히 기업의 정보에 대한 서술이므로 수치나 통계적 변화를 주장하지 않습니다.,high,hcx,HCX-007,isclaim-v1.3-prev2-context,2026-07-30
A0004-C041,A0004,‘직원 한 명에 로봇 수십 대’… 이젠 로봇이 공장 움직인다,2025-01-01,https://www.chosun.com/economy/economy_general/2025/01/01/TGA2SHZ4SFACHOHRP36OUPCMHE,이곳에서 물티슈를 포장하고 싣는 모든 과정은 이제 다관절 로봇 5대가 해결한다.,충북 음성에 있는 중소기업 ㈜제일참은 물티슈 및 위생용품을 만드는 곳이다.,단순 반복 작업에까지 인력을 더 투입하는 대신 로봇DX(Digital Transformation)를 추진하는 것이 문제를 더 빠르게 해결하는 길이기 때문이다.,False,"현재 문장은 특정 기업의 자동화 시스템 도입 사례에 대한 설명이므로, 이는 KOSIS에서 검증 가능한 수치나 통계적 변화와 관련이 없습니다.",high,hcx,HCX-007,isclaim-v1.3-prev2-context,2026-07-30
A0004-C042,A0004,‘직원 한 명에 로봇 수십 대’… 이젠 로봇이 공장 움직인다,2025-01-01,https://www.chosun.com/economy/economy_general/2025/01/01/TGA2SHZ4SFACHOHRP36OUPCMHE,이곳 관계자는 “로봇 자동화를 통해 생산량은 로봇을 들이기 이전보다 38% 올라갔고 원가도 45%가량 줄일 수 있었다”고 했다.,이곳에서 물티슈를 포장하고 싣는 모든 과정은 이제 다관절 로봇 5대가 해결한다.,충북 음성에 있는 중소기업 ㈜제일참은 물티슈 및 위생용품을 만드는 곳이다.,True,"생산량이 38% 증가하고 원가가 45% 절감되었다는 구체적인 수치 주장이 포함되어 있으며, 이는 기업의 생산성과 비용 절감을 나타내는 통계적 변화로서 KOSIS에서 관련 통계를 찾아볼 수 있을 것이다.",high,hcx,HCX-007,isclaim-v1.3-prev2-context,2026-07-30
A0004-C043,A0004,‘직원 한 명에 로봇 수십 대’… 이젠 로봇이 공장 움직인다,2025-01-01,https://www.chosun.com/economy/economy_general/2025/01/01/TGA2SHZ4SFACHOHRP36OUPCMHE,"“이제 직원들은 단순 작업에 투입되는 대신, 작업 효율화를 진행하고 제품 아이디어를 내는 일을 더 많이 한다”고 했다.",이곳 관계자는 “로봇 자동화를 통해 생산량은 로봇을 들이기 이전보다 38% 올라갔고 원가도 45%가량 줄일 수 있었다”고 했다.,이곳에서 물티슈를 포장하고 싣는 모든 과정은 이제 다관절 로봇 5대가 해결한다.,False,"현재 문장은 직원들의 역할 변화에 대한 설명을 포함하지만, 이는 구체적인 수치나 통계적인 변화를 주장하는 것이 아니므로 KOSIS 통계로 검증할 수 있는 내용이 아닙니다.",high,hcx,HCX-007,isclaim-v1.3-prev2-context,2026-07-30
A0004-C044,A0004,‘직원 한 명에 로봇 수십 대’… 이젠 로봇이 공장 움직인다,2025-01-01,https://www.chosun.com/economy/economy_general/2025/01/01/TGA2SHZ4SFACHOHRP36OUPCMHE,중대재해법 관련 사고를 예방하기 위해 로봇을 쓰는 경우도 있다.,"“이제 직원들은 단순 작업에 투입되는 대신, 작업 효율화를 진행하고 제품 아이디어를 내는 일을 더 많이 한다”고 했다.",이곳 관계자는 “로봇 자동화를 통해 생산량은 로봇을 들이기 이전보다 38% 올라갔고 원가도 45%가량 줄일 수 있었다”고 했다.,False,"현재 문장은 중대재해법 관련 사고 예방을 위한 로봇 사용에 대한 일반적인 설명이므로, 특정한 수치나 통계적 변화를 주장하지 않습니다.",high,hcx,HCX-007,isclaim-v1.3-prev2-context,2026-07-30
A0004-C045,A0004,‘직원 한 명에 로봇 수십 대’… 이젠 로봇이 공장 움직인다,2025-01-01,https://www.chosun.com/economy/economy_general/2025/01/01/TGA2SHZ4SFACHOHRP36OUPCMHE,경기도 파주의 한 소규모 도서물류 업체 관계자는 “물류 현장에서 각종 사고를 예방하기 위해 허리나 허벅지에 차면 근력을 올려주는 웨어러블 로봇 7대를 구입해 사용하고 있다”고 했다.,중대재해법 관련 사고를 예방하기 위해 로봇을 쓰는 경우도 있다.,"“이제 직원들은 단순 작업에 투입되는 대신, 작업 효율화를 진행하고 제품 아이디어를 내는 일을 더 많이 한다”고 했다.",False,"현재 문장은 물류 현장에서 웨어러블 로봇을 도입하여 사용하는 사례에 대한 설명이므로, 이는 특정한 통계적 주장이나 변화를 포함하지 않습니다.",high,hcx,HCX-007,isclaim-v1.3-prev2-context,2026-07-30
A0004-C046,A0004,‘직원 한 명에 로봇 수십 대’… 이젠 로봇이 공장 움직인다,2025-01-01,https://www.chosun.com/economy/economy_general/2025/01/01/TGA2SHZ4SFACHOHRP36OUPCMHE,한국로봇산업진흥원에 따르면 2023년까지 로봇화에 뛰어든 우리 기업은 2524곳으로 지난 2019년보다 13%가량 증가했다.,경기도 파주의 한 소규모 도서물류 업체 관계자는 “물류 현장에서 각종 사고를 예방하기 위해 허리나 허벅지에 차면 근력을 올려주는 웨어러블 로봇 7대를 구입해 사용하고 있다”고 했다.,중대재해법 관련 사고를 예방하기 위해 로봇을 쓰는 경우도 있다.,True,"문장에서 언급된 '2023년까지 로봇화에 뛰어든 우리 기업은 2524곳으로 지난 2019년보다 13%가량 증가했다.'는 기업의 수 변화에 대한 구체적인 통계를 제공하고 있으며, 이는 국가 단위의 집계 통계로서 KOSIS를 통해 검증될 가능성이 높습니다.",high,hcx,HCX-007,isclaim-v1.3-prev2-context,2026-07-30
A0004-C047,A0004,‘직원 한 명에 로봇 수십 대’… 이젠 로봇이 공장 움직인다,2025-01-01,https://www.chosun.com/economy/economy_general/2025/01/01/TGA2SHZ4SFACHOHRP36OUPCMHE,진흥원 관계자는 “아직 2024년 조사 결과가 나오진 않았지만 지난 3년보다 더 많은 증가율을 보였을 것으로 추정한다”고 했다.,한국로봇산업진흥원에 따르면 2023년까지 로봇화에 뛰어든 우리 기업은 2524곳으로 지난 2019년보다 13%가량 증가했다.,경기도 파주의 한 소규모 도서물류 업체 관계자는 “물류 현장에서 각종 사고를 예방하기 위해 허리나 허벅지에 차면 근력을 올려주는 웨어러블 로봇 7대를 구입해 사용하고 있다”고 했다.,True,"진흥원 관계자가 언급한 내용은 2024년의 로봇화 참여 기업의 증가율에 대한 추정을 포함하며, 이는 KOSIS를 통해 관련 통계를 확인할 수 있는 내용이다.",mid,hcx,HCX-007,isclaim-v1.3-prev2-context,2026-07-30
A0005-C001,A0005,"정부, 美 ‘CES 2025′에 역대 최대 통합한국관 운영",2025-01-01,https://www.chosun.com/economy/industry-company/2025/01/01/2LIJLNBNSNANXCA6WLEDQ7A74A,정부가 오는 7일 미국 라스베이거스에서 개막하는 세계 최대 가전·IT 전시회 ‘CES 2025′에 역대 최대 규모의 통합한국관을 마련한다고 1일 밝혔다.,,,False,정부가 CES 2025에 역대 최대 규모의 통합한국관을 마련한다는 내용은 수치나 통계적인 변화를 주장하는 것이 아니므로 해당되지 않습니다.,high,hcx,HCX-007,isclaim-v1.3-prev2-context,2026-07-30
A0005-C002,A0005,"정부, 美 ‘CES 2025′에 역대 최대 통합한국관 운영",2025-01-01,https://www.chosun.com/economy/industry-company/2025/01/01/2LIJLNBNSNANXCA6WLEDQ7A74A,범정부 차원의 통합 홍보와 규모 있는 국가관 운용으로 국내 기업의 수출 마케팅 효과가 증대할 것으로 기대된다.,정부가 오는 7일 미국 라스베이거스에서 개막하는 세계 최대 가전·IT 전시회 ‘CES 2025′에 역대 최대 규모의 통합한국관을 마련한다고 1일 밝혔다.,,False,"현재 문장은 정부의 CES 참여 및 기대 효과에 대한 단순한 의견 평가로서, 구체적인 수치나 통계적 변화를 주장하지 않습니다.",high,hcx,HCX-007,isclaim-v1.3-prev2-context,2026-07-30
A0005-C003,A0005,"정부, 美 ‘CES 2025′에 역대 최대 통합한국관 운영",2025-01-01,https://www.chosun.com/economy/industry-company/2025/01/01/2LIJLNBNSNANXCA6WLEDQ7A74A,산업통상자원부와 코트라(KOTRA)는 이달 7~10일 개최되는 CES 2025에 36개 기관과 협업해 445개사 규모의 역대 최대 통합한국관을 구성한다.,범정부 차원의 통합 홍보와 규모 있는 국가관 운용으로 국내 기업의 수출 마케팅 효과가 증대할 것으로 기대된다.,정부가 오는 7일 미국 라스베이거스에서 개막하는 세계 최대 가전·IT 전시회 ‘CES 2025′에 역대 최대 규모의 통합한국관을 마련한다고 1일 밝혔다.,False,"현재 문장은 CES 2025에서의 통합한국관의 규모를 설명하지만, 이는 수치나 비율 등의 통계적 변화를 주장하는 것이 아니므로 KOSIS 통계로 검증할 필요가 없습니다.",high,hcx,HCX-007,isclaim-v1.3-prev2-context,2026-07-30
A0005-C004,A0005,"정부, 美 ‘CES 2025′에 역대 최대 통합한국관 운영",2025-01-01,https://www.chosun.com/economy/industry-company/2025/01/01/2LIJLNBNSNANXCA6WLEDQ7A74A,이는 지난해 443개보다 2개 늘어난 역대 최대 규모다.,산업통상자원부와 코트라(KOTRA)는 이달 7~10일 개최되는 CES 2025에 36개 기관과 협업해 445개사 규모의 역대 최대 통합한국관을 구성한다.,범정부 차원의 통합 홍보와 규모 있는 국가관 운용으로 국내 기업의 수출 마케팅 효과가 증대할 것으로 기대된다.,True,"현재 문장은 CES 2025에서의 통합한국관의 규모가 작년 대비 증가한 것을 주장하며, 이는 KOSIS를 통해 대조 가능한 국내 집계 통계 정보에 해당합니다.",high,hcx,HCX-007,isclaim-v1.3-prev2-context,2026-07-30
A0005-C005,A0005,"정부, 美 ‘CES 2025′에 역대 최대 통합한국관 운영",2025-01-01,https://www.chosun.com/economy/industry-company/2025/01/01/2LIJLNBNSNANXCA6WLEDQ7A74A,"통합한국관 주요 전시분야는 생활가전(18%) 디지털헬스(17%), 인공지능(16%), 스마트 홈(12%) 순으로 집계됐다.",이는 지난해 443개보다 2개 늘어난 역대 최대 규모다.,산업통상자원부와 코트라(KOTRA)는 이달 7~10일 개최되는 CES 2025에 36개 기관과 협업해 445개사 규모의 역대 최대 통합한국관을 구성한다.,False,"통합한국관의 주요 전시 분야에 대한 비율을 제시하지만, 이는 단순한 정보 제공으로서 KOSIS 통계와 비교하여 검증할 필요가 없습니다.",high,hcx,HCX-007,isclaim-v1.3-prev2-context,2026-07-30
A0005-C006,A0005,"정부, 美 ‘CES 2025′에 역대 최대 통합한국관 운영",2025-01-01,https://www.chosun.com/economy/industry-company/2025/01/01/2LIJLNBNSNANXCA6WLEDQ7A74A,"올해 한국은 삼성, LG, 현대, SK 등 글로벌 대기업과 통합한국관 445개사, 기타 중소·중견기업 455여개를 포함한 약 900개사가 참가할 예정이다.","통합한국관 주요 전시분야는 생활가전(18%) 디지털헬스(17%), 인공지능(16%), 스마트 홈(12%) 순으로 집계됐다.",이는 지난해 443개보다 2개 늘어난 역대 최대 규모다.,True,"현재 문장에서 언급된 '통합한국관 445개사, 기타 중소·중견기업 455여개를 포함한 약 900개사가 참가할 예정'이라는 내용은 특정 행사에 참여하는 기업의 수를 나타내며, 이 정보는 KOSIS를 통해 대조 가능한 국내 집계 통계 정보로 볼 수 있다.",high,hcx,HCX-007,isclaim-v1.3-prev2-context,2026-07-30
A0005-C007,A0005,"정부, 美 ‘CES 2025′에 역대 최대 통합한국관 운영",2025-01-01,https://www.chosun.com/economy/industry-company/2025/01/01/2LIJLNBNSNANXCA6WLEDQ7A74A,전체 한국 기업 참가 숫자도 지난해보다 100개가량 늘어난 최대다.,"올해 한국은 삼성, LG, 현대, SK 등 글로벌 대기업과 통합한국관 445개사, 기타 중소·중견기업 455여개를 포함한 약 900개사가 참가할 예정이다.","통합한국관 주요 전시분야는 생활가전(18%) 디지털헬스(17%), 인공지능(16%), 스마트 홈(12%) 순으로 집계됐다.",True,"현재 문장은 한국 기업의 전시회 참가 숫자가 지난해보다 늘어났다는 내용을 포함하며, 이는 KOSIS를 통해 대조 가능한 국내 집계 통계 정보로 볼 수 있습니다.",high,hcx,HCX-007,isclaim-v1.3-prev2-context,2026-07-30
A0005-C008,A0005,"정부, 美 ‘CES 2025′에 역대 최대 통합한국관 운영",2025-01-01,https://www.chosun.com/economy/industry-company/2025/01/01/2LIJLNBNSNANXCA6WLEDQ7A74A,"CES 2025는 ‘Dive In(빠져들다)’을 주제로, 기술과 인간의 상호작용을 통해 혁신의 가능성을 제시한다.",전체 한국 기업 참가 숫자도 지난해보다 100개가량 늘어난 최대다.,"올해 한국은 삼성, LG, 현대, SK 등 글로벌 대기업과 통합한국관 445개사, 기타 중소·중견기업 455여개를 포함한 약 900개사가 참가할 예정이다.",False,"현재 문장은 CES 2025의 주제와 관련된 내용으로, 수치나 통계적인 변화를 주장하지 않습니다.",high,hcx,HCX-007,isclaim-v1.3-prev2-context,2026-07-30
A0005-C009,A0005,"정부, 美 ‘CES 2025′에 역대 최대 통합한국관 운영",2025-01-01,https://www.chosun.com/economy/industry-company/2025/01/01/2LIJLNBNSNANXCA6WLEDQ7A74A,"올해 전시회는 기후 변화 대응, 정신 건강 개선, 효율적인 생산 등 당면한 과제들을 해결할 솔루션을 제시하는 장이 될 것으로 기대된다.","CES 2025는 ‘Dive In(빠져들다)’을 주제로, 기술과 인간의 상호작용을 통해 혁신의 가능성을 제시한다.",전체 한국 기업 참가 숫자도 지난해보다 100개가량 늘어난 최대다.,False,"현재 문장은 단순한 기대나 예측을 담고 있으며, 구체적인 수치나 통계적인 변화를 언급하지 않습니다.",high,hcx,HCX-007,isclaim-v1.3-prev2-context,2026-07-30
A0005-C010,A0005,"정부, 美 ‘CES 2025′에 역대 최대 통합한국관 운영",2025-01-01,https://www.chosun.com/economy/industry-company/2025/01/01/2LIJLNBNSNANXCA6WLEDQ7A74A,"인공지능(AI), 디지털 헬스, 모빌리티, 지속 가능성 등이 핵심 이슈로 다뤄질 예정이고, 엔비디아, 마이크로소프트, 구글사는 최첨단 인공지능 솔루션 생성형 AI를 선보일 계획이다.","올해 전시회는 기후 변화 대응, 정신 건강 개선, 효율적인 생산 등 당면한 과제들을 해결할 솔루션을 제시하는 장이 될 것으로 기대된다.","CES 2025는 ‘Dive In(빠져들다)’을 주제로, 기술과 인간의 상호작용을 통해 혁신의 가능성을 제시한다.",False,"현재 문장은 기술 전시회에서의 주요 주제 및 참가 기업의 계획에 대한 설명이므로, 이는 KOSIS 통계와 관련된 수치나 통계적 변화를 주장하는 내용이 아닙니다.",high,hcx,HCX-007,isclaim-v1.3-prev2-context,2026-07-30
A0005-C011,A0005,"정부, 美 ‘CES 2025′에 역대 최대 통합한국관 운영",2025-01-01,https://www.chosun.com/economy/industry-company/2025/01/01/2LIJLNBNSNANXCA6WLEDQ7A74A,안덕근 산업부 장관은 “국내 정치 상황이 어려운 가운데 CES와 같은 세계적인 전시회에서 수출원팀 코리아의 저력을 보여주겠다”고 했다.,"인공지능(AI), 디지털 헬스, 모빌리티, 지속 가능성 등이 핵심 이슈로 다뤄질 예정이고, 엔비디아, 마이크로소프트, 구글사는 최첨단 인공지능 솔루션 생성형 AI를 선보일 계획이다.","올해 전시회는 기후 변화 대응, 정신 건강 개선, 효율적인 생산 등 당면한 과제들을 해결할 솔루션을 제시하는 장이 될 것으로 기대된다.",False,"현재 문장은 단순한 의견 표현 및 계획 발표로서, 구체적인 수치나 통계적 변화를 주장하지 않습니다.",high,hcx,HCX-007,isclaim-v1.3-prev2-context,2026-07-30
A0006-C001,A0006,"2024년 수출, 6838억달러로 ‘역대 최대’ 경신",2025-01-01,https://www.chosun.com/economy/industry-company/2025/01/01/2UPTGREAPRAWRG4XUBRMLONSKY,한국의 2024년 수출이 6838억 달러를 기록해 역대 최대실적을 달성했다고 1일 산업통상자원부가 밝혔다.,,,True,한국의 2024년 수출액이 역대 최대 실적인지에 대한 정보는 국가 통계의 수출 관련 데이터를 통해 확인 가능하다.,high,hcx,HCX-007,isclaim-v1.3-prev2-context,2026-07-30
A0006-C002,A0006,"2024년 수출, 6838억달러로 ‘역대 최대’ 경신",2025-01-01,https://www.chosun.com/economy/industry-company/2025/01/01/2UPTGREAPRAWRG4XUBRMLONSKY,"이전 최대 실적은 2022년 기록한 6836억달러인데, 이를 2년 만에 근소하게 경신한 것이다.",한국의 2024년 수출이 6838억 달러를 기록해 역대 최대실적을 달성했다고 1일 산업통상자원부가 밝혔다.,,True,"현재 문장은 한국의 수출액이 2022년의 기록을 2년 만에 근소하게 경신했다는 내용을 담고 있으며, 이는 KOSIS 국가통계포털에서 수출액 관련 통계를 통해 검증할 수 있는 내용이다.",high,hcx,HCX-007,isclaim-v1.3-prev2-context,2026-07-30
A0006-C003,A0006,"2024년 수출, 6838억달러로 ‘역대 최대’ 경신",2025-01-01,https://www.chosun.com/economy/industry-company/2025/01/01/2UPTGREAPRAWRG4XUBRMLONSKY,"이에 따라 2024년 1~9월 기준(WTO)으로 전 세계 수출순위도 2023년 8위에서 두 단계 상승한 6위를 달성했으며, 상위 10대 수출국 중 가장 높은 수출증가율(+9.6%)을 기록했다.","이전 최대 실적은 2022년 기록한 6836억달러인데, 이를 2년 만에 근소하게 경신한 것이다.",한국의 2024년 수출이 6838억 달러를 기록해 역대 최대실적을 달성했다고 1일 산업통상자원부가 밝혔다.,True,"현재 문장은 한국이 2024년 WTO 기준으로 전 세계 수출 순위에서 6위를 달성했고, 상위 10대 수출국 중에서 가장 높은 수출 증가율을 기록했다는 내용을 포함하고 있습니다.",high,hcx,HCX-007,isclaim-v1.3-prev2-context,2026-07-30
A0006-C004,A0006,"2024년 수출, 6838억달러로 ‘역대 최대’ 경신",2025-01-01,https://www.chosun.com/economy/industry-company/2025/01/01/2UPTGREAPRAWRG4XUBRMLONSKY,무역수지는 전년 대비 621억 달러 개선된 518억 달러의 흑자를 기록했다.,"이에 따라 2024년 1~9월 기준(WTO)으로 전 세계 수출순위도 2023년 8위에서 두 단계 상승한 6위를 달성했으며, 상위 10대 수출국 중 가장 높은 수출증가율(+9.6%)을 기록했다.","이전 최대 실적은 2022년 기록한 6836억달러인데, 이를 2년 만에 근소하게 경신한 것이다.",True,"문장에서 '무역수지가 전년 대비 621억 달러 개선되어 518억 달러의 흑자를 기록했다'는 내용은 국가 경제 관련 통계 정보로서, KOSIS를 통해 해당 기간 동안의 무역수지를 비교하여 검증할 수 있습니다.",high,hcx,HCX-007,isclaim-v1.3-prev2-context,2026-07-30
A0006-C005,A0006,"2024년 수출, 6838억달러로 ‘역대 최대’ 경신",2025-01-01,https://www.chosun.com/economy/industry-company/2025/01/01/2UPTGREAPRAWRG4XUBRMLONSKY,2022년 당시 수출액은 역대 최대를 기록하면서도 472억달러 적자를 냈던 것과 다른 결과다.,무역수지는 전년 대비 621억 달러 개선된 518억 달러의 흑자를 기록했다.,"이에 따라 2024년 1~9월 기준(WTO)으로 전 세계 수출순위도 2023년 8위에서 두 단계 상승한 6위를 달성했으며, 상위 10대 수출국 중 가장 높은 수출증가율(+9.6%)을 기록했다.",True,"현재 문장은 2022년의 수출액 및 무역수지와 비교하여 2024년의 결과를 언급하며, 이는 국가 간 무역 관련 통계로서 KOSIS에서 대조 가능한 정보이기 때문에 True로 판단된다.",high,hcx,HCX-007,isclaim-v1.3-prev2-context,2026-07-30
A0006-C006,A0006,"2024년 수출, 6838억달러로 ‘역대 최대’ 경신",2025-01-01,https://www.chosun.com/economy/industry-company/2025/01/01/2UPTGREAPRAWRG4XUBRMLONSKY,2024년에는 에너지 수입이 감소하면서 전체 수입이 전년 대비 1.6% 감소한 덕에 무역수지가 개선됐다.,2022년 당시 수출액은 역대 최대를 기록하면서도 472억달러 적자를 냈던 것과 다른 결과다.,무역수지는 전년 대비 621억 달러 개선된 518억 달러의 흑자를 기록했다.,True,"현재 문장은 2024년의 무역수지 개선을 설명하며, 이는 KOSIS 국가통계포털에서 무역수지와 관련된 통계를 통해 검증할 수 있는 내용이기 때문에 True로 판단된다.",high,hcx,HCX-007,isclaim-v1.3-prev2-context,2026-07-30
A0006-C007,A0006,"2024년 수출, 6838억달러로 ‘역대 최대’ 경신",2025-01-01,https://www.chosun.com/economy/industry-company/2025/01/01/2UPTGREAPRAWRG4XUBRMLONSKY,이에 2018년(697억 달러 흑자) 이후 최대 흑자를 기록하게 됐다.,2024년에는 에너지 수입이 감소하면서 전체 수입이 전년 대비 1.6% 감소한 덕에 무역수지가 개선됐다.,2022년 당시 수출액은 역대 최대를 기록하면서도 472억달러 적자를 냈던 것과 다른 결과다.,True,"현재 문장은 2025년의 무역수지가 2018년 이후 최대 흑자를 기록했다는 내용을 담고 있으며, 이는 국가 통계의 변화를 나타내는 정보로서 KOSIS에서 검증 가능하다.",high,hcx,HCX-007,isclaim-v1.3-prev2-context,2026-07-30
A0006-C008,A0006,"2024년 수출, 6838억달러로 ‘역대 최대’ 경신",2025-01-01,https://www.chosun.com/economy/industry-company/2025/01/01/2UPTGREAPRAWRG4XUBRMLONSKY,"지난해 유가가 하향 안정화된 가운데 반도체 등 IT 품목, 선박·자동차 등 주력 품목과 바이오헬스·농수산식품·화장품 등 소비재 품목이 고르게 호조를 보이면서 역대 최대 수출 실적과 무역수지 흑자를 동시에 기록했다.",이에 2018년(697억 달러 흑자) 이후 최대 흑자를 기록하게 됐다.,2024년에는 에너지 수입이 감소하면서 전체 수입이 전년 대비 1.6% 감소한 덕에 무역수지가 개선됐다.,True,"현재 문장에서 지난해 유가의 하향 안정화와 함께 다양한 품목들의 수출 실적이 호조를 보였다는 내용이 있으며, 이는 국가통계포털(KOSIS)에서 관련 통계를 통해 검증할 수 있는 내용이기 때문에 판단 근거로 적합합니다.",high,hcx,HCX-007,isclaim-v1.3-prev2-context,2026-07-30
A0006-C009,A0006,"2024년 수출, 6838억달러로 ‘역대 최대’ 경신",2025-01-01,https://www.chosun.com/economy/industry-company/2025/01/01/2UPTGREAPRAWRG4XUBRMLONSKY,"◇반도체, 자동차가 이끌고 바이오, 농수산, 화장품 등도 고르게 증가 품목별로는 최대 수출품목인 반도체가 43.9% 증가한 1419억 달러를 기록, 2023년 11월 이후 14개월 연속 증가 흐름을 이어가면서 기존 최대 실적인 2022년 1292억 달러를 2년 만에 경신했다.","지난해 유가가 하향 안정화된 가운데 반도체 등 IT 품목, 선박·자동차 등 주력 품목과 바이오헬스·농수산식품·화장품 등 소비재 품목이 고르게 호조를 보이면서 역대 최대 수출 실적과 무역수지 흑자를 동시에 기록했다.",이에 2018년(697억 달러 흑자) 이후 최대 흑자를 기록하게 됐다.,True,"현재 문장은 반도체 및 다른 품목들의 수출 증가율과 실적에 대한 구체적인 수치를 포함하고 있으며, 이는 국가 통계로서 KOSIS에서 검증 가능한 내용이다.",high,hcx,HCX-007,isclaim-v1.3-prev2-context,2026-07-30
A0006-C010,A0006,"2024년 수출, 6838억달러로 ‘역대 최대’ 경신",2025-01-01,https://www.chosun.com/economy/industry-company/2025/01/01/2UPTGREAPRAWRG4XUBRMLONSKY,"특히 지난 4분기에는 범용 메모리 가격하락에도 불구하고, DDR5·HBM 등 고부가 품목을 중심으로 수출이 확대되면서 올해 전체적으로 분기별 수출이 우상향했다.","◇반도체, 자동차가 이끌고 바이오, 농수산, 화장품 등도 고르게 증가 품목별로는 최대 수출품목인 반도체가 43.9% 증가한 1419억 달러를 기록, 2023년 11월 이후 14개월 연속 증가 흐름을 이어가면서 기존 최대 실적인 2022년 1292억 달러를 2년 만에 경신했다.","지난해 유가가 하향 안정화된 가운데 반도체 등 IT 품목, 선박·자동차 등 주력 품목과 바이오헬스·농수산식품·화장품 등 소비재 품목이 고르게 호조를 보이면서 역대 최대 수출 실적과 무역수지 흑자를 동시에 기록했다.",True,"현재 문장은 반도체 수출이 분기별로 우상향했다는 내용을 포함하며, 이는 KOSIS 등의 국가 통계를 통해 검증 가능한 내용이다.",high,hcx,HCX-007,isclaim-v1.3-prev2-context,2026-07-30
A0006-C011,A0006,"2024년 수출, 6838억달러로 ‘역대 최대’ 경신",2025-01-01,https://www.chosun.com/economy/industry-company/2025/01/01/2UPTGREAPRAWRG4XUBRMLONSKY,"자동차 수출은 하반기 주요 완성차·부품업계 파업 등에 따른 일부 생산 차질 영향으로 전년도와 보합세인 708억 달러(-0.1%)를 기록하였으며, 2년 연속 700억 달러 이상의 호실적을 이어갔다.","특히 지난 4분기에는 범용 메모리 가격하락에도 불구하고, DDR5·HBM 등 고부가 품목을 중심으로 수출이 확대되면서 올해 전체적으로 분기별 수출이 우상향했다.","◇반도체, 자동차가 이끌고 바이오, 농수산, 화장품 등도 고르게 증가 품목별로는 최대 수출품목인 반도체가 43.9% 증가한 1419억 달러를 기록, 2023년 11월 이후 14개월 연속 증가 흐름을 이어가면서 기존 최대 실적인 2022년 1292억 달러를 2년 만에 경신했다.",True,자동차 수출액이 전년도와 보합세를 이루었다는 내용은 KOSIS 국가통계포털에서 관련 통계를 통해 검증할 수 있는 정보입니다.,high,hcx,HCX-007,isclaim-v1.3-prev2-context,2026-07-30
A0006-C012,A0006,"2024년 수출, 6838억달러로 ‘역대 최대’ 경신",2025-01-01,https://www.chosun.com/economy/industry-company/2025/01/01/2UPTGREAPRAWRG4XUBRMLONSKY,"선박 수출은 2021년 높은 선가로 수주한 LNG 운반선, 대형 컨테이너선 등 고부가 선박이 본격 수출되면서 두 자릿수(18%) 증가한 256억 달러를 기록했다.","자동차 수출은 하반기 주요 완성차·부품업계 파업 등에 따른 일부 생산 차질 영향으로 전년도와 보합세인 708억 달러(-0.1%)를 기록하였으며, 2년 연속 700억 달러 이상의 호실적을 이어갔다.","특히 지난 4분기에는 범용 메모리 가격하락에도 불구하고, DDR5·HBM 등 고부가 품목을 중심으로 수출이 확대되면서 올해 전체적으로 분기별 수출이 우상향했다.",True,"선박 수출액이 2021년에 비해 두 자릿수로 증가했다는 구체적인 수치 주장이 포함되어 있으며, 이는 국가 통계로서 KOSIS에서 확인 가능한 내용이다.",high,hcx,HCX-007,isclaim-v1.3-prev2-context,2026-07-30
A0006-C013,A0006,"2024년 수출, 6838억달러로 ‘역대 최대’ 경신",2025-01-01,https://www.chosun.com/economy/industry-company/2025/01/01/2UPTGREAPRAWRG4XUBRMLONSKY,"석유화학 수출은 480억 달러로, 하반기 유가 하락에 따른 수출단가 하락에도 불구하고 수출물량이 확대되면서 5% 증가했다.","선박 수출은 2021년 높은 선가로 수주한 LNG 운반선, 대형 컨테이너선 등 고부가 선박이 본격 수출되면서 두 자릿수(18%) 증가한 256억 달러를 기록했다.","자동차 수출은 하반기 주요 완성차·부품업계 파업 등에 따른 일부 생산 차질 영향으로 전년도와 보합세인 708억 달러(-0.1%)를 기록하였으며, 2년 연속 700억 달러 이상의 호실적을 이어갔다.",True,석유화학 수출액이 480억 달러로 5% 증가했다는 내용은 KOSIS 국가통계포털에서 관련 통계를 통해 검증할 수 있는 수치 주장이다.,high,hcx,HCX-007,isclaim-v1.3-prev2-context,2026-07-30
A0006-C014,A0006,"2024년 수출, 6838억달러로 ‘역대 최대’ 경신",2025-01-01,https://www.chosun.com/economy/industry-company/2025/01/01/2UPTGREAPRAWRG4XUBRMLONSKY,"바이오헬스 수출은 바이오시밀러 등 의약품을 중심으로 전년 대비 13.1% 증가한 151억 달러를 기록했으며, 전 세계적으로 K푸드, K뷰티 선호가 확대되면서 농수산식품 수출은 117억 달러(7.6%), 화장품 수출(102억 달러, +20.6%)은 처음으로 100억 달러를 돌파하면서 역대 최대 수출실적을 경신했다.","석유화학 수출은 480억 달러로, 하반기 유가 하락에 따른 수출단가 하락에도 불구하고 수출물량이 확대되면서 5% 증가했다.","선박 수출은 2021년 높은 선가로 수주한 LNG 운반선, 대형 컨테이너선 등 고부가 선박이 본격 수출되면서 두 자릿수(18%) 증가한 256억 달러를 기록했다.",True,"현재 문장은 바이오헬스, 농수산식품, 화장품 등의 수출액이 전년 대비 얼마나 증가했는지를 구체적으로 언급하고 있으며, 이는 국가통계포털(KOSIS)에서 관련 통계를 통해 검증할 수 있는 내용이다.",high,hcx,HCX-007,isclaim-v1.3-prev2-context,2026-07-30
A0006-C015,A0006,"2024년 수출, 6838억달러로 ‘역대 최대’ 경신",2025-01-01,https://www.chosun.com/economy/industry-company/2025/01/01/2UPTGREAPRAWRG4XUBRMLONSKY,◇12월 수출 6.6% 늘어난 614억달러...수출 증가율 5개월 만에 반등 한편 이날 동시에 발표된 지난 12월 수출액은 614억달러로 전년 동월 대비 6.6% 증가했다.,"바이오헬스 수출은 바이오시밀러 등 의약품을 중심으로 전년 대비 13.1% 증가한 151억 달러를 기록했으며, 전 세계적으로 K푸드, K뷰티 선호가 확대되면서 농수산식품 수출은 117억 달러(7.6%), 화장품 수출(102억 달러, +20.6%)은 처음으로 100억 달러를 돌파하면서 역대 최대 수출실적을 경신했다.","석유화학 수출은 480억 달러로, 하반기 유가 하락에 따른 수출단가 하락에도 불구하고 수출물량이 확대되면서 5% 증가했다.",True,"문장에서 '지난 12월 수출액은 614억달러로 전년 동월 대비 6.6% 증가했다.'라는 내용은 한국의 수출액 변화에 대한 구체적인 수치와 증가율을 포함하고 있으며, 이는 국가통계포털(KOSIS)에서 관련 통계를 통해 검증할 수 있는 내용입니다.",high,hcx,HCX-007,isclaim-v1.3-prev2-context,2026-07-30
A0006-C016,A0006,"2024년 수출, 6838억달러로 ‘역대 최대’ 경신",2025-01-01,https://www.chosun.com/economy/industry-company/2025/01/01/2UPTGREAPRAWRG4XUBRMLONSKY,15개월 연속 플러스 흐름을 이어간 것이다.,◇12월 수출 6.6% 늘어난 614억달러...수출 증가율 5개월 만에 반등 한편 이날 동시에 발표된 지난 12월 수출액은 614억달러로 전년 동월 대비 6.6% 증가했다.,"바이오헬스 수출은 바이오시밀러 등 의약품을 중심으로 전년 대비 13.1% 증가한 151억 달러를 기록했으며, 전 세계적으로 K푸드, K뷰티 선호가 확대되면서 농수산식품 수출은 117억 달러(7.6%), 화장품 수출(102억 달러, +20.6%)은 처음으로 100억 달러를 돌파하면서 역대 최대 수출실적을 경신했다.",True,"현재 문장은 수출 증가 흐름이 지속되고 있다는 내용을 담고 있으며, 이는 KOSIS 국가통계포털에서 수출 관련 통계를 통해 검증할 수 있는 내용이다.",high,hcx,HCX-007,isclaim-v1.3-prev2-context,2026-07-30
A0006-C017,A0006,"2024년 수출, 6838억달러로 ‘역대 최대’ 경신",2025-01-01,https://www.chosun.com/economy/industry-company/2025/01/01/2UPTGREAPRAWRG4XUBRMLONSKY,특히 감소 추세를 보이던 수출 증가율이 5개월 만에 반등에 성공했다.,15개월 연속 플러스 흐름을 이어간 것이다.,◇12월 수출 6.6% 늘어난 614억달러...수출 증가율 5개월 만에 반등 한편 이날 동시에 발표된 지난 12월 수출액은 614억달러로 전년 동월 대비 6.6% 증가했다.,True,"현재 문장은 수출 증가율이 감소 추세에서 5개월 만에 반등했다는 내용을 포함하며, 이는 KOSIS에서 수출 관련 통계를 통해 검증할 수 있는 내용이다.",high,hcx,HCX-007,isclaim-v1.3-prev2-context,2026-07-30
A0006-C018,A0006,"2024년 수출, 6838억달러로 ‘역대 최대’ 경신",2025-01-01,https://www.chosun.com/economy/industry-company/2025/01/01/2UPTGREAPRAWRG4XUBRMLONSKY,"전년 대비 월간 수출 증가율은 8월(11%), 9월(7.5%), 10월(4.6%), 11월(1.4%)로 계속 감소 중이었으나, 12월에 6.6%로 반등에 성공한 것이다.",특히 감소 추세를 보이던 수출 증가율이 5개월 만에 반등에 성공했다.,15개월 연속 플러스 흐름을 이어간 것이다.,True,"현재 문장은 전년 대비 월간 수출 증가율의 변화에 대해 언급하며, 이는 국가 통계의 일부로서 KOSIS에서 확인 가능한 정보입니다.",high,hcx,HCX-007,isclaim-v1.3-prev2-context,2026-07-30
A0006-C019,A0006,"2024년 수출, 6838억달러로 ‘역대 최대’ 경신",2025-01-01,https://www.chosun.com/economy/industry-company/2025/01/01/2UPTGREAPRAWRG4XUBRMLONSKY,12월 수출도 한국의 최대 수출 품목인 반도체가 31.5% 증가한 145억 달러를 기록하며 호실적을 이끌었다.,"전년 대비 월간 수출 증가율은 8월(11%), 9월(7.5%), 10월(4.6%), 11월(1.4%)로 계속 감소 중이었으나, 12월에 6.6%로 반등에 성공한 것이다.",특히 감소 추세를 보이던 수출 증가율이 5개월 만에 반등에 성공했다.,True,"현재 문장은 12월 수출 실적 및 반도체 수출 증가율이라는 구체적인 수치와 변화를 포함하고 있으며, 이는 국가 통계로서 KOSIS에서 확인 가능한 정보입니다.",high,hcx,HCX-007,isclaim-v1.3-prev2-context,2026-07-30
A0007-C001,A0007,"외신 “2024년, 2018년 이후 가장 항공 희생자 많은 해 됐다”",2025-01-01,https://www.chosun.com/economy/industry-company/2025/01/01/CQYMZH3PHRHZ7CXJFKL5PT4AB4,0 2024년이 무안공항 제주항공 참사와 아제르바이잔 항공기 추락 사건을 계기로 2018년 이후 가장 많은 사망자가 발생한 해가 됐다.,,,False,특정 사건의 사망자 수를 언급하며 이는 단순한 사건 정보이지 국가집계 통계의 변화가 아닙니다.,high,hcx,HCX-007,isclaim-v1.3-prev2-context,2026-07-30
A0007-C002,A0007,"외신 “2024년, 2018년 이후 가장 항공 희생자 많은 해 됐다”",2025-01-01,https://www.chosun.com/economy/industry-company/2025/01/01/CQYMZH3PHRHZ7CXJFKL5PT4AB4,영국 항공 데이터분석 기관 시리움(Cirium)에 따르면 지난해 여객기 사고로 숨진 사람은 세계에서 318명에 이른다.,0 2024년이 무안공항 제주항공 참사와 아제르바이잔 항공기 추락 사건을 계기로 2018년 이후 가장 많은 사망자가 발생한 해가 됐다.,,False,여객기 사고로 인한 사망자 수는 특정 사건에 대한 단순한 정보 제공이므로 KOSIS에서 검증 가능한 집계 통계가 아닙니다.,high,hcx,HCX-007,isclaim-v1.3-prev2-context,2026-07-30
A0007-C003,A0007,"외신 “2024년, 2018년 이후 가장 항공 희생자 많은 해 됐다”",2025-01-01,https://www.chosun.com/economy/industry-company/2025/01/01/CQYMZH3PHRHZ7CXJFKL5PT4AB4,보잉 737 맥스 여객기가 자카르타에서 추락한 사고로 189명이 사망한 사건이 발생한 2018년(전체 사망자 526명) 이후 가장 많다.,영국 항공 데이터분석 기관 시리움(Cirium)에 따르면 지난해 여객기 사고로 숨진 사람은 세계에서 318명에 이른다.,0 2024년이 무안공항 제주항공 참사와 아제르바이잔 항공기 추락 사건을 계기로 2018년 이후 가장 많은 사망자가 발생한 해가 됐다.,True,"현재 문장은 여객기 사고로 인한 사망자 수를 언급하며, 이는 국제적인 사건이지만 세계 각국의 통계를 통해 비교 가능한 정보이므로 KOSIS를 통해 검증할 수 있다.",high,hcx,HCX-007,isclaim-v1.3-prev2-context,2026-07-30
A0007-C004,A0007,"외신 “2024년, 2018년 이후 가장 항공 희생자 많은 해 됐다”",2025-01-01,https://www.chosun.com/economy/industry-company/2025/01/01/CQYMZH3PHRHZ7CXJFKL5PT4AB4,"작년 1월에는 또 일본항공 비행기가 공항에서 해안 경비대 비행기와 충돌하는 사고가 있었고, 5월에는 미얀마 상공에서 싱가포르 항공 비행기가 난류에 휩쓸려 추락했다.",보잉 737 맥스 여객기가 자카르타에서 추락한 사고로 189명이 사망한 사건이 발생한 2018년(전체 사망자 526명) 이후 가장 많다.,영국 항공 데이터분석 기관 시리움(Cirium)에 따르면 지난해 여객기 사고로 숨진 사람은 세계에서 318명에 이른다.,False,"현재 문장은 특정 사건들에 대한 설명을 하고 있으며, 이는 단순한 사고 발생 사실로서 KOSIS 통계로 검증 가능한 수치나 비율 등의 정보가 아닙니다.",high,hcx,HCX-007,isclaim-v1.3-prev2-context,2026-07-30
A0007-C005,A0007,"외신 “2024년, 2018년 이후 가장 항공 희생자 많은 해 됐다”",2025-01-01,https://www.chosun.com/economy/industry-company/2025/01/01/CQYMZH3PHRHZ7CXJFKL5PT4AB4,8월에는 브라질 항공사 보패스가 운항하는 비행기가 소형 비행기가 상파울루 공항으로 향하던 중 추락해 62명이 숨졌다.,"작년 1월에는 또 일본항공 비행기가 공항에서 해안 경비대 비행기와 충돌하는 사고가 있었고, 5월에는 미얀마 상공에서 싱가포르 항공 비행기가 난류에 휩쓸려 추락했다.",보잉 737 맥스 여객기가 자카르타에서 추락한 사고로 189명이 사망한 사건이 발생한 2018년(전체 사망자 526명) 이후 가장 많다.,False,특정 사건의 사망자 수를 언급하며 이는 개별 사건에 대한 정보이므로 KOSIS에서 대조할 수 있는 정보가 아닙니다.,high,hcx,HCX-007,isclaim-v1.3-prev2-context,2026-07-30
A0007-C006,A0007,"외신 “2024년, 2018년 이후 가장 항공 희생자 많은 해 됐다”",2025-01-01,https://www.chosun.com/economy/industry-company/2025/01/01/CQYMZH3PHRHZ7CXJFKL5PT4AB4,지난달 25일에는 아제르바이잔 항공의 비행기가 수도 바쿠에서 러시아 그로즈니까지 가다 목적지인 카자흐스탄 아크타우에서 약 3km떨어진 곳에 추락했다.,8월에는 브라질 항공사 보패스가 운항하는 비행기가 소형 비행기가 상파울루 공항으로 향하던 중 추락해 62명이 숨졌다.,"작년 1월에는 또 일본항공 비행기가 공항에서 해안 경비대 비행기와 충돌하는 사고가 있었고, 5월에는 미얀마 상공에서 싱가포르 항공 비행기가 난류에 휩쓸려 추락했다.",False,"현재 문장은 특정 항공 사고에 대한 정보 제공이지만, 이는 단순한 사건 보고로서 수치나 비율 등의 통계적 변화를 주장하는 내용이 아닙니다.",high,hcx,HCX-007,isclaim-v1.3-prev2-context,2026-07-30
A0007-C007,A0007,"외신 “2024년, 2018년 이후 가장 항공 희생자 많은 해 됐다”",2025-01-01,https://www.chosun.com/economy/industry-company/2025/01/01/CQYMZH3PHRHZ7CXJFKL5PT4AB4,탑승자 67명 중 38명이 숨졌다.,지난달 25일에는 아제르바이잔 항공의 비행기가 수도 바쿠에서 러시아 그로즈니까지 가다 목적지인 카자흐스탄 아크타우에서 약 3km떨어진 곳에 추락했다.,8월에는 브라질 항공사 보패스가 운항하는 비행기가 소형 비행기가 상파울루 공항으로 향하던 중 추락해 62명이 숨졌다.,False,특정 사건의 탑승 인원과 사망 인원에 대한 정보이므로 KOSIS 통계로 검증할 수 없다.,high,hcx,HCX-007,isclaim-v1.3-prev2-context,2026-07-30
A0007-C008,A0007,"외신 “2024년, 2018년 이후 가장 항공 희생자 많은 해 됐다”",2025-01-01,https://www.chosun.com/economy/industry-company/2025/01/01/CQYMZH3PHRHZ7CXJFKL5PT4AB4,블라디미르 푸틴 러시아 대통령은 아제르바이잔 측에 사과까지 했다.,탑승자 67명 중 38명이 숨졌다.,지난달 25일에는 아제르바이잔 항공의 비행기가 수도 바쿠에서 러시아 그로즈니까지 가다 목적지인 카자흐스탄 아크타우에서 약 3km떨어진 곳에 추락했다.,False,"현재 문장은 블라디미르 푸틴 대통령이 사과했다는 사실을 전달하며, 이는 수치나 통계적인 주장과는 관련이 없습니다.",high,hcx,HCX-007,isclaim-v1.3-prev2-context,2026-07-30
A0007-C009,A0007,"외신 “2024년, 2018년 이후 가장 항공 희생자 많은 해 됐다”",2025-01-01,https://www.chosun.com/economy/industry-company/2025/01/01/CQYMZH3PHRHZ7CXJFKL5PT4AB4,우크라이나 드론을 격추하는 과정에서 벌어진 일이라고 설명한 것으로 알려졌다.,블라디미르 푸틴 러시아 대통령은 아제르바이잔 측에 사과까지 했다.,탑승자 67명 중 38명이 숨졌다.,False,"현재 문장은 우크라이나 드론 격추 과정에 대한 설명이므로, 이는 단순한 사건 설명이지 수치나 통계적인 변화를 주장하는 내용이 아닙니다.",high,hcx,HCX-007,isclaim-v1.3-prev2-context,2026-07-30
A0008-C001,A0008,가스공사 5억·삼천리 3억 기부,2025-01-01,https://www.chosun.com/economy/industry-company/2025/01/01/M2MAOXQQG5GE5CER35HRDHBBXI,한국가스공사는 저소득 가정 청소년을 위한 성금 5억원을 대구 사회복지공동모금회에 기탁했다고 31일 밝혔다.,,,False,"한국가스공사가 저소득 가정 청소년을 위해 기부한 금액은 특정한 개인이나 단체의 행위로 인한 것이며, 이는 국가집계 통계와는 관련이 없습니다.",high,hcx,HCX-007,isclaim-v1.3-prev2-context,2026-07-30
A0008-C002,A0008,가스공사 5억·삼천리 3억 기부,2025-01-01,https://www.chosun.com/economy/industry-company/2025/01/01/M2MAOXQQG5GE5CER35HRDHBBXI,성금은 대구 지역 생계급여 수급 가정 청소년 약 4800명에게 각 10만원씩 전달된다.,한국가스공사는 저소득 가정 청소년을 위한 성금 5억원을 대구 사회복지공동모금회에 기탁했다고 31일 밝혔다.,,False,"성금이 대구 지역 생계급여 수급 가정 청소년에게 전달된다는 내용은 특정한 사건이나 활동에 대한 정보이므로, 이는 KOSIS에서 검증 가능한 수치나 통계적 변화와는 관련이 없습니다.",high,hcx,HCX-007,isclaim-v1.3-prev2-context,2026-07-30
A0008-C003,A0008,가스공사 5억·삼천리 3억 기부,2025-01-01,https://www.chosun.com/economy/industry-company/2025/01/01/M2MAOXQQG5GE5CER35HRDHBBXI,가스공사는 “겨울철 취약 계층의 에너지 요금 부담을 덜어주기 위해 성금을 마련했다”고 했다.,성금은 대구 지역 생계급여 수급 가정 청소년 약 4800명에게 각 10만원씩 전달된다.,한국가스공사는 저소득 가정 청소년을 위한 성금 5억원을 대구 사회복지공동모금회에 기탁했다고 31일 밝혔다.,False,"현재 문장은 겨울철 취약 계층의 에너지 요금 부담 경감을 목적으로 한 기부 활동에 대한 설명이므로, 이는 KOSIS에서 검증 가능한 수치나 통계적 변화를 주장하는 것이 아닙니다.",high,hcx,HCX-007,isclaim-v1.3-prev2-context,2026-07-30
A0008-C004,A0008,가스공사 5억·삼천리 3억 기부,2025-01-01,https://www.chosun.com/economy/industry-company/2025/01/01/M2MAOXQQG5GE5CER35HRDHBBXI,삼천리그룹도 이날 소외 계층을 위해 써달라며 3억원을 사회복지공동모금회에 기부했다.,가스공사는 “겨울철 취약 계층의 에너지 요금 부담을 덜어주기 위해 성금을 마련했다”고 했다.,성금은 대구 지역 생계급여 수급 가정 청소년 약 4800명에게 각 10만원씩 전달된다.,False,"현재 문장은 특정 기업의 기부 행위에 대한 내용으로, 이는 KOSIS에서 제공하는 국가 통계의 범주에 속하지 않습니다.",high,hcx,HCX-007,isclaim-v1.3-prev2-context,2026-07-30
A0008-C005,A0008,가스공사 5억·삼천리 3억 기부,2025-01-01,https://www.chosun.com/economy/industry-company/2025/01/01/M2MAOXQQG5GE5CER35HRDHBBXI,이찬의 삼천리그룹 부회장은 “주변의 어려운 이웃을 보듬으며 기업의 사회적 책임을 다하겠다”고 했다.,삼천리그룹도 이날 소외 계층을 위해 써달라며 3억원을 사회복지공동모금회에 기부했다.,가스공사는 “겨울철 취약 계층의 에너지 요금 부담을 덜어주기 위해 성금을 마련했다”고 했다.,False,"현재 문장은 단순한 의견 표현 및 평가로서, 구체적인 수치나 통계적인 변화를 포함하지 않습니다.",high,hcx,HCX-007,isclaim-v1.3-prev2-context,2026-07-30
A0009-C001,A0009,"승객 수는 더 많은 LCC, 정비사는 대형 항공사의 38%",2025-01-01,https://www.chosun.com/economy/industry-company/2025/01/01/PVCPHJRE7RDT7L2ZG2LDED5NNA,7 2023년 국적기로 국제선을 이용한 여객 4720만여 명 가운데 저비용항공사(LCC) 이용객이 2419만여 명으로 대형항공사(대한항공·아시아나항공) 이용객 2300만여 명을 처음으로 넘어섰다.,,,True,문장에서 LCC와 대형항공사의 이용객 수를 비교하여 LCC 이용객 수가 더 많다는 사실을 주장하고 있습니다.,high,hcx,HCX-007,isclaim-v1.3-prev2-context,2026-07-30
A0009-C002,A0009,"승객 수는 더 많은 LCC, 정비사는 대형 항공사의 38%",2025-01-01,https://www.chosun.com/economy/industry-company/2025/01/01/PVCPHJRE7RDT7L2ZG2LDED5NNA,"국내선 여객수는 일찌감치 넘어섰지만, 난공불락 같았던 국제선 역시 LCC를 타고 해외로 나가는 사람이 더 많아진 것이다.",7 2023년 국적기로 국제선을 이용한 여객 4720만여 명 가운데 저비용항공사(LCC) 이용객이 2419만여 명으로 대형항공사(대한항공·아시아나항공) 이용객 2300만여 명을 처음으로 넘어섰다.,,True,"문장에서 'LCC를 타고 해외로 나가는 사람이 더 많아졌다'는 내용은 국제선 여객수에 대한 변화를 언급하며, 이는 국가통계포털(KOSIS)에서 관련 통계를 통해 검증할 수 있는 내용이다.",high,hcx,HCX-007,isclaim-v1.3-prev2-context,2026-07-30
A0009-C003,A0009,"승객 수는 더 많은 LCC, 정비사는 대형 항공사의 38%",2025-01-01,https://www.chosun.com/economy/industry-company/2025/01/01/PVCPHJRE7RDT7L2ZG2LDED5NNA,"이처럼 LCC 이용객은 빠르게 늘고 있지만, ‘제1 원칙’인 안전 투자에선 정반대의 결과가 벌어지고 있다.","국내선 여객수는 일찌감치 넘어섰지만, 난공불락 같았던 국제선 역시 LCC를 타고 해외로 나가는 사람이 더 많아진 것이다.",7 2023년 국적기로 국제선을 이용한 여객 4720만여 명 가운데 저비용항공사(LCC) 이용객이 2419만여 명으로 대형항공사(대한항공·아시아나항공) 이용객 2300만여 명을 처음으로 넘어섰다.,False,"현재 문장은 LCC 이용객의 증가 추세와 안전 투자 간의 관계에 대한 의견을 제시하지만, 이는 구체적인 수치나 통계적 변화를 주장하는 것이 아닙니다.",high,hcx,HCX-007,isclaim-v1.3-prev2-context,2026-07-30
A0009-C004,A0009,"승객 수는 더 많은 LCC, 정비사는 대형 항공사의 38%",2025-01-01,https://www.chosun.com/economy/industry-company/2025/01/01/PVCPHJRE7RDT7L2ZG2LDED5NNA,"31일 본지가 국토교통부의 항공 정비사 통계를 분석한 결과, 대한항공과 아시아나 2사 소속이 전체의 72.6%를 차지하는 것으로 나타났다.","이처럼 LCC 이용객은 빠르게 늘고 있지만, ‘제1 원칙’인 안전 투자에선 정반대의 결과가 벌어지고 있다.","국내선 여객수는 일찌감치 넘어섰지만, 난공불락 같았던 국제선 역시 LCC를 타고 해외로 나가는 사람이 더 많아진 것이다.",True,"현재 문장은 국토교통부의 항공 정비사 통계를 분석하여 대한항공과 아시아나 소속이 전체 중 어느 정도 비율을 차지하는지 주장하는 내용으로, 이는 국내 집계 통계에 해당하며 KOSIS에서 관련 데이터를 찾아볼 수 있을 가능성이 높습니다.",high,hcx,HCX-007,isclaim-v1.3-prev2-context,2026-07-30
A0009-C005,A0009,"승객 수는 더 많은 LCC, 정비사는 대형 항공사의 38%",2025-01-01,https://www.chosun.com/economy/industry-company/2025/01/01/PVCPHJRE7RDT7L2ZG2LDED5NNA,반면 운송 여객 수가 더 많은 LCC 10사(여객·화물 항공사 포함)의 정비사 비율은 27.4%에 그쳤다.,"31일 본지가 국토교통부의 항공 정비사 통계를 분석한 결과, 대한항공과 아시아나 2사 소속이 전체의 72.6%를 차지하는 것으로 나타났다.","이처럼 LCC 이용객은 빠르게 늘고 있지만, ‘제1 원칙’인 안전 투자에선 정반대의 결과가 벌어지고 있다.",True,"LCC 10사의 정비사 비율이 전체 중 27.4%라는 구체적인 수치를 제시하며, 이는 국가통계포털(KOSIS) 등에서 관련 데이터를 통해 검증할 수 있는 내용이다.",high,hcx,HCX-007,isclaim-v1.3-prev2-context,2026-07-30
A0009-C006,A0009,"승객 수는 더 많은 LCC, 정비사는 대형 항공사의 38%",2025-01-01,https://www.chosun.com/economy/industry-company/2025/01/01/PVCPHJRE7RDT7L2ZG2LDED5NNA,"‘박리다매’ 전략으로 해외 중고기를 도입해, 중·단거리 위주의 잦은 운항을 지속하는 LCC들이 정작 정비와 같은 안전 투자에는 상대적으로 소홀하다는 뜻이다.",반면 운송 여객 수가 더 많은 LCC 10사(여객·화물 항공사 포함)의 정비사 비율은 27.4%에 그쳤다.,"31일 본지가 국토교통부의 항공 정비사 통계를 분석한 결과, 대한항공과 아시아나 2사 소속이 전체의 72.6%를 차지하는 것으로 나타났다.",False,"'박리다매' 전략으로 해외 중고기를 도입해, 중·단거리 위주의 잦은 운항을 지속하는 LCC들이 정작 정비와 같은 안전 투자에는 상대적으로 소홀하다는 뜻이다.'는 단순한 의견 평가이므로 KOSIS 통계로 검증할 수 없다.",high,hcx,HCX-007,isclaim-v1.3-prev2-context,2026-07-30
A0009-C007,A0009,"승객 수는 더 많은 LCC, 정비사는 대형 항공사의 38%",2025-01-01,https://www.chosun.com/economy/industry-company/2025/01/01/PVCPHJRE7RDT7L2ZG2LDED5NNA,전남 무안공항 참사를 계기로 국민들의 불안감이 커지는 가운데 항공 전문가들 사이에선 LCC의 안전 수준을 대대적으로 재점검해야 한다는 지적이 나오고 있다.,"‘박리다매’ 전략으로 해외 중고기를 도입해, 중·단거리 위주의 잦은 운항을 지속하는 LCC들이 정작 정비와 같은 안전 투자에는 상대적으로 소홀하다는 뜻이다.",반면 운송 여객 수가 더 많은 LCC 10사(여객·화물 항공사 포함)의 정비사 비율은 27.4%에 그쳤다.,False,"현재 문장은 LCC의 안전 수준을 점검해야 한다는 의견을 제시하지만, 이는 구체적인 수치나 통계적 변화를 주장하는 것이 아닙니다.",high,hcx,HCX-007,isclaim-v1.3-prev2-context,2026-07-30
A0009-C008,A0009,"승객 수는 더 많은 LCC, 정비사는 대형 항공사의 38%",2025-01-01,https://www.chosun.com/economy/industry-company/2025/01/01/PVCPHJRE7RDT7L2ZG2LDED5NNA,"이같은 우려가 커지자, 제주항공은 이날 브리핑을 갖고 “2025년 3월까지 운항량을 10~15% 감축하고, 정비사도 추가 고용하겠다”고 밝혔다.",전남 무안공항 참사를 계기로 국민들의 불안감이 커지는 가운데 항공 전문가들 사이에선 LCC의 안전 수준을 대대적으로 재점검해야 한다는 지적이 나오고 있다.,"‘박리다매’ 전략으로 해외 중고기를 도입해, 중·단거리 위주의 잦은 운항을 지속하는 LCC들이 정작 정비와 같은 안전 투자에는 상대적으로 소홀하다는 뜻이다.",False,제주항공의 운항량 감축 및 정비사 추가 고용 계획 발표는 특정 기업의 경영 전략이므로 KOSIS 통계로 검증 가능한 내용이 아닙니다.,high,hcx,HCX-007,isclaim-v1.3-prev2-context,2026-07-30
A0009-C009,A0009,"승객 수는 더 많은 LCC, 정비사는 대형 항공사의 38%",2025-01-01,https://www.chosun.com/economy/industry-company/2025/01/01/PVCPHJRE7RDT7L2ZG2LDED5NNA,"◇급성장한 LCC, 안전 투자는 미흡 국토교통부가 지난해 9월 발표한 ‘2023 항공안전백서’에 따르면, 국내 12개 항공사의 정비사 총 5849명(2023년말 기준) 가운데 대형 항공사인 대한항공, 아시아나항공 등 2사 소속은 4248명이었다.","이같은 우려가 커지자, 제주항공은 이날 브리핑을 갖고 “2025년 3월까지 운항량을 10~15% 감축하고, 정비사도 추가 고용하겠다”고 밝혔다.",전남 무안공항 참사를 계기로 국민들의 불안감이 커지는 가운데 항공 전문가들 사이에선 LCC의 안전 수준을 대대적으로 재점검해야 한다는 지적이 나오고 있다.,True,"국내 12개 항공사의 정비사 총수와 대형 항공사 소속 정비사 수를 제시하며, 이는 국가집계 통계로서 KOSIS에서 확인 가능하다.",high,hcx,HCX-007,isclaim-v1.3-prev2-context,2026-07-30
A0009-C010,A0009,"승객 수는 더 많은 LCC, 정비사는 대형 항공사의 38%",2025-01-01,https://www.chosun.com/economy/industry-company/2025/01/01/PVCPHJRE7RDT7L2ZG2LDED5NNA,"제주항공·진에어 등 LCC 10사의 정비사는 모두 1601명으로, 대형항공사의 3분의 1 수준(37.7%)에 그쳤다.","◇급성장한 LCC, 안전 투자는 미흡 국토교통부가 지난해 9월 발표한 ‘2023 항공안전백서’에 따르면, 국내 12개 항공사의 정비사 총 5849명(2023년말 기준) 가운데 대형 항공사인 대한항공, 아시아나항공 등 2사 소속은 4248명이었다.","이같은 우려가 커지자, 제주항공은 이날 브리핑을 갖고 “2025년 3월까지 운항량을 10~15% 감축하고, 정비사도 추가 고용하겠다”고 밝혔다.",True,"제주항공 및 진에어 등 LCC 10사의 정비사가 대형항공사에 비해 적다는 내용을 담고 있으며, 이는 국내 항공사 관련 통계로서 KOSIS를 통해 검증 가능하다.",high,hcx,HCX-007,isclaim-v1.3-prev2-context,2026-07-30
A0009-C011,A0009,"승객 수는 더 많은 LCC, 정비사는 대형 항공사의 38%",2025-01-01,https://www.chosun.com/economy/industry-company/2025/01/01/PVCPHJRE7RDT7L2ZG2LDED5NNA,"이를 각 사의 항공기 보유 대수로 나눠보면, 대형항공사들은 대당 16~18명 수준의 정비사를 보유하고 있지만 LCC는 10.6명이었다.","제주항공·진에어 등 LCC 10사의 정비사는 모두 1601명으로, 대형항공사의 3분의 1 수준(37.7%)에 그쳤다.","◇급성장한 LCC, 안전 투자는 미흡 국토교통부가 지난해 9월 발표한 ‘2023 항공안전백서’에 따르면, 국내 12개 항공사의 정비사 총 5849명(2023년말 기준) 가운데 대형 항공사인 대한항공, 아시아나항공 등 2사 소속은 4248명이었다.",True,현재 문장은 대형항공사들과 저비용항공사(LCC)들의 항공기 당 정비사 수를 비교하여 구체적인 수치를 제시하고 있습니다.,high,hcx,HCX-007,isclaim-v1.3-prev2-context,2026-07-30
A0009-C012,A0009,"승객 수는 더 많은 LCC, 정비사는 대형 항공사의 38%",2025-01-01,https://www.chosun.com/economy/industry-company/2025/01/01/PVCPHJRE7RDT7L2ZG2LDED5NNA,이는 그간 수차례 지적됐던 LCC의 안전 문제가 여전히 개선되지 않았음을 의미한다.,"이를 각 사의 항공기 보유 대수로 나눠보면, 대형항공사들은 대당 16~18명 수준의 정비사를 보유하고 있지만 LCC는 10.6명이었다.","제주항공·진에어 등 LCC 10사의 정비사는 모두 1601명으로, 대형항공사의 3분의 1 수준(37.7%)에 그쳤다.",False,"현재 문장은 LCC의 안전 문제에 대한 평가나 의견을 제시하지만, 구체적인 수치나 통계적 변화를 주장하지 않습니다.",high,hcx,HCX-007,isclaim-v1.3-prev2-context,2026-07-30
A0009-C013,A0009,"승객 수는 더 많은 LCC, 정비사는 대형 항공사의 38%",2025-01-01,https://www.chosun.com/economy/industry-company/2025/01/01/PVCPHJRE7RDT7L2ZG2LDED5NNA,"지난 2016년에도 국토교통부는 기내 압력 조절 실패, 출입문 고장으로 인한 회항 등 LCC들의 안전 사고가 잇따르자 ‘저비용항공사 안전 강화 대책’을 발표한 바 있다.",이는 그간 수차례 지적됐던 LCC의 안전 문제가 여전히 개선되지 않았음을 의미한다.,"이를 각 사의 항공기 보유 대수로 나눠보면, 대형항공사들은 대당 16~18명 수준의 정비사를 보유하고 있지만 LCC는 10.6명이었다.",False,"현재 문장은 과거 사건에 대한 설명을 하고 있으며, 특정한 수치나 통계적인 변화를 주장하지 않습니다.",high,hcx,HCX-007,isclaim-v1.3-prev2-context,2026-07-30
A0009-C014,A0009,"승객 수는 더 많은 LCC, 정비사는 대형 항공사의 38%",2025-01-01,https://www.chosun.com/economy/industry-company/2025/01/01/PVCPHJRE7RDT7L2ZG2LDED5NNA,당시 정부가 가장 먼저 요구한 것도 적정 정비사부터 충원하라는 것이었다.,"지난 2016년에도 국토교통부는 기내 압력 조절 실패, 출입문 고장으로 인한 회항 등 LCC들의 안전 사고가 잇따르자 ‘저비용항공사 안전 강화 대책’을 발표한 바 있다.",이는 그간 수차례 지적됐던 LCC의 안전 문제가 여전히 개선되지 않았음을 의미한다.,False,"현재 문장은 정부의 요구 사항에 대한 내용으로, 수치나 통계적인 변화를 주장하는 내용이 아닙니다.",high,hcx,HCX-007,isclaim-v1.3-prev2-context,2026-07-30
A0009-C015,A0009,"승객 수는 더 많은 LCC, 정비사는 대형 항공사의 38%",2025-01-01,https://www.chosun.com/economy/industry-company/2025/01/01/PVCPHJRE7RDT7L2ZG2LDED5NNA,정부가 내세운 기준은 항공기 1대당 정비사 12명(당시 9~11명)이었다.,당시 정부가 가장 먼저 요구한 것도 적정 정비사부터 충원하라는 것이었다.,"지난 2016년에도 국토교통부는 기내 압력 조절 실패, 출입문 고장으로 인한 회항 등 LCC들의 안전 사고가 잇따르자 ‘저비용항공사 안전 강화 대책’을 발표한 바 있다.",False,"현재 문장은 정부의 기준 설정에 대한 내용으로, 특정한 수치나 비율 등의 변화를 주장하는 것이 아닙니다.",high,hcx,HCX-007,isclaim-v1.3-prev2-context,2026-07-30
A0009-C016,A0009,"승객 수는 더 많은 LCC, 정비사는 대형 항공사의 38%",2025-01-01,https://www.chosun.com/economy/industry-company/2025/01/01/PVCPHJRE7RDT7L2ZG2LDED5NNA,"하지만 지난해 국토부 백서에 따르면, LCC 중 가장 정비사 수가 많은 제주항공도 대당 정비사가 11.2명에 그쳤다.",정부가 내세운 기준은 항공기 1대당 정비사 12명(당시 9~11명)이었다.,당시 정부가 가장 먼저 요구한 것도 적정 정비사부터 충원하라는 것이었다.,True,"제주항공의 대당 정비사 수가 11.2명으로 정부의 기준인 12명에 미치지 못한다는 사실을 언급하며, 이는 KOSIS를 통해 확인 가능한 고용 및 산업 관련 통계 정보일 수 있다.",high,hcx,HCX-007,isclaim-v1.3-prev2-context,2026-07-30
A0009-C017,A0009,"승객 수는 더 많은 LCC, 정비사는 대형 항공사의 38%",2025-01-01,https://www.chosun.com/economy/industry-company/2025/01/01/PVCPHJRE7RDT7L2ZG2LDED5NNA,이에 대해 제주항공 측은 “정부의 통계 시점인 2023년 말 이후 정비사를 충원해 현재는 정비사가 522명으로 대당 12.7명 수준으로 개선했다”며 “2025년말까지 560명으로 늘리겠다”고 밝혔다.,"하지만 지난해 국토부 백서에 따르면, LCC 중 가장 정비사 수가 많은 제주항공도 대당 정비사가 11.2명에 그쳤다.",정부가 내세운 기준은 항공기 1대당 정비사 12명(당시 9~11명)이었다.,True,"제주항공 측이 정부의 통계 시점 이후에 정비사 수를 충원하여 현재 대당 정비사 수가 개선되었다고 주장하며, 이는 KOSIS를 통해 확인 가능한 고용 및 산업 관련 통계 정보일 가능성이 높습니다.",high,hcx,HCX-007,isclaim-v1.3-prev2-context,2026-07-30
A0009-C018,A0009,"승객 수는 더 많은 LCC, 정비사는 대형 항공사의 38%",2025-01-01,https://www.chosun.com/economy/industry-company/2025/01/01/PVCPHJRE7RDT7L2ZG2LDED5NNA,◇”안전 규정 다 지킨다”지만… LCC 측은 안전 우려가 제기될 때마다 “규정된 안전 지침을 빠뜨리지 않고 꼼꼼하게 지키고 있다”고 말한다.,이에 대해 제주항공 측은 “정부의 통계 시점인 2023년 말 이후 정비사를 충원해 현재는 정비사가 522명으로 대당 12.7명 수준으로 개선했다”며 “2025년말까지 560명으로 늘리겠다”고 밝혔다.,"하지만 지난해 국토부 백서에 따르면, LCC 중 가장 정비사 수가 많은 제주항공도 대당 정비사가 11.2명에 그쳤다.",False,"현재 문장은 LCC 측이 안전 규정을 준수한다고 주장하는 내용으로, 이는 수치나 통계적인 변화를 포함하지 않습니다.",high,hcx,HCX-007,isclaim-v1.3-prev2-context,2026-07-30
A0009-C019,A0009,"승객 수는 더 많은 LCC, 정비사는 대형 항공사의 38%",2025-01-01,https://www.chosun.com/economy/industry-company/2025/01/01/PVCPHJRE7RDT7L2ZG2LDED5NNA,하지만 여기에도 맹점이 있다.,◇”안전 규정 다 지킨다”지만… LCC 측은 안전 우려가 제기될 때마다 “규정된 안전 지침을 빠뜨리지 않고 꼼꼼하게 지키고 있다”고 말한다.,이에 대해 제주항공 측은 “정부의 통계 시점인 2023년 말 이후 정비사를 충원해 현재는 정비사가 522명으로 대당 12.7명 수준으로 개선했다”며 “2025년말까지 560명으로 늘리겠다”고 밝혔다.,False,"현재 문장은 단순한 의견이나 평가를 나타내며, 구체적인 수치나 통계적 변화에 대한 언급이 없습니다.",high,hcx,HCX-007,isclaim-v1.3-prev2-context,2026-07-30
A0009-C020,A0009,"승객 수는 더 많은 LCC, 정비사는 대형 항공사의 38%",2025-01-01,https://www.chosun.com/economy/industry-company/2025/01/01/PVCPHJRE7RDT7L2ZG2LDED5NNA,"대표적인 예가, 이번에 무안공항에서 사고가 발생한 B737 기종이다.",하지만 여기에도 맹점이 있다.,◇”안전 규정 다 지킨다”지만… LCC 측은 안전 우려가 제기될 때마다 “규정된 안전 지침을 빠뜨리지 않고 꼼꼼하게 지키고 있다”고 말한다.,False,"현재 문장은 특정 사건에서의 항공기 사고 언급으로, 이는 단순한 사건 보고이지 수치나 비율 등의 통계적 변화를 주장하는 것이 아닙니다.",high,hcx,HCX-007,isclaim-v1.3-prev2-context,2026-07-30
A0009-C021,A0009,"승객 수는 더 많은 LCC, 정비사는 대형 항공사의 38%",2025-01-01,https://www.chosun.com/economy/industry-company/2025/01/01/PVCPHJRE7RDT7L2ZG2LDED5NNA,"국토교통부가 고시로 지정한 해당 기종의 정비 기준을 살펴보면 최소 중간점검 시간은 ‘28분’, 항목은 동체와 날개, 엔진, 랜딩 기어(착륙 장치), 조종석 등 20개를 적시해 놓고 있다.","대표적인 예가, 이번에 무안공항에서 사고가 발생한 B737 기종이다.",하지만 여기에도 맹점이 있다.,False,"국토교통부의 고시로 지정된 B737 기종의 정비 기준에 대한 설명으로, 이는 단순한 정보 제공이지 수치나 비율 등의 통계적 변화를 주장하는 내용이 아닙니다.",high,hcx,HCX-007,isclaim-v1.3-prev2-context,2026-07-30
A0009-C022,A0009,"승객 수는 더 많은 LCC, 정비사는 대형 항공사의 38%",2025-01-01,https://www.chosun.com/economy/industry-company/2025/01/01/PVCPHJRE7RDT7L2ZG2LDED5NNA,하지만 그 짧은 시간에 20개 항목을 얼마나 철저히 점검할지는 정비사의 몫이다.,"국토교통부가 고시로 지정한 해당 기종의 정비 기준을 살펴보면 최소 중간점검 시간은 ‘28분’, 항목은 동체와 날개, 엔진, 랜딩 기어(착륙 장치), 조종석 등 20개를 적시해 놓고 있다.","대표적인 예가, 이번에 무안공항에서 사고가 발생한 B737 기종이다.",False,"현재 문장은 정비의 철저성에 대한 의견을 표현하고 있으며, 이는 KOSIS 통계로 검증 가능한 수치나 통계적 변화를 주장하지 않습니다.",high,hcx,HCX-007,isclaim-v1.3-prev2-context,2026-07-30
A0009-C023,A0009,"승객 수는 더 많은 LCC, 정비사는 대형 항공사의 38%",2025-01-01,https://www.chosun.com/economy/industry-company/2025/01/01/PVCPHJRE7RDT7L2ZG2LDED5NNA,"해당 사고기는 사고 이틀 전인 지난달 27일부터 48시간 동안 총 8개 공항을 13차례 오가는 빡빡한 비행 스케줄을 소화해, 각 공항에 머무르는 시간은 1시간 안팎에 불과했다.",하지만 그 짧은 시간에 20개 항목을 얼마나 철저히 점검할지는 정비사의 몫이다.,"국토교통부가 고시로 지정한 해당 기종의 정비 기준을 살펴보면 최소 중간점검 시간은 ‘28분’, 항목은 동체와 날개, 엔진, 랜딩 기어(착륙 장치), 조종석 등 20개를 적시해 놓고 있다.",False,"현재 문장은 항공기의 비행 스케줄 및 각 공항에 머무르는 시간에 대한 정보를 제공하고 있으며, 이는 특정한 수치나 비율 등의 통계적 주장과는 관련이 없습니다.",high,hcx,HCX-007,isclaim-v1.3-prev2-context,2026-07-30
A0009-C024,A0009,"승객 수는 더 많은 LCC, 정비사는 대형 항공사의 38%",2025-01-01,https://www.chosun.com/economy/industry-company/2025/01/01/PVCPHJRE7RDT7L2ZG2LDED5NNA,"승객이 내리고 탑승하는 시간을 감안하면, 항공업계에선 정비사들이 조종석에 들어가 경고등이 들어온 게 없는지 보고 기체 안팎을 육안(肉眼)으로 둘러보며 정비 시간 최소치인 28분을 간신히 맞췄을 가능성이 높다고 말한다.","해당 사고기는 사고 이틀 전인 지난달 27일부터 48시간 동안 총 8개 공항을 13차례 오가는 빡빡한 비행 스케줄을 소화해, 각 공항에 머무르는 시간은 1시간 안팎에 불과했다.",하지만 그 짧은 시간에 20개 항목을 얼마나 철저히 점검할지는 정비사의 몫이다.,False,"현재 문장은 항공기 정비사들의 작업 시간과 관련된 상황을 설명하며, 이는 특정한 통계나 수치적인 변화를 주장하는 것이 아닙니다.",high,hcx,HCX-007,isclaim-v1.3-prev2-context,2026-07-30
A0009-C025,A0009,"승객 수는 더 많은 LCC, 정비사는 대형 항공사의 38%",2025-01-01,https://www.chosun.com/economy/industry-company/2025/01/01/PVCPHJRE7RDT7L2ZG2LDED5NNA,"항공업계 관계자는 “법적 요건을 안 지키는 항공사는 없다”며 “다만 정비사 몇 명이서, 얼마나 여유 시간을 갖고 점검 작업을 수행하느냐의 차이가 있는 것”이라고 말했다.","승객이 내리고 탑승하는 시간을 감안하면, 항공업계에선 정비사들이 조종석에 들어가 경고등이 들어온 게 없는지 보고 기체 안팎을 육안(肉眼)으로 둘러보며 정비 시간 최소치인 28분을 간신히 맞췄을 가능성이 높다고 말한다.","해당 사고기는 사고 이틀 전인 지난달 27일부터 48시간 동안 총 8개 공항을 13차례 오가는 빡빡한 비행 스케줄을 소화해, 각 공항에 머무르는 시간은 1시간 안팎에 불과했다.",False,"현재 문장은 법적 요건 준수와 관련된 일반적인 의견을 제시하며, 구체적인 수치나 통계적 변화를 주장하지 않는다.",high,hcx,HCX-007,isclaim-v1.3-prev2-context,2026-07-30
A0009-C026,A0009,"승객 수는 더 많은 LCC, 정비사는 대형 항공사의 38%",2025-01-01,https://www.chosun.com/economy/industry-company/2025/01/01/PVCPHJRE7RDT7L2ZG2LDED5NNA,"정비사는 적고 업무량은 많다 보니, 온라인에는 “제주항공 정비에서 2년 버티면 어디서도 버틸 수 있다”는 글들이 올라오고 있다.","항공업계 관계자는 “법적 요건을 안 지키는 항공사는 없다”며 “다만 정비사 몇 명이서, 얼마나 여유 시간을 갖고 점검 작업을 수행하느냐의 차이가 있는 것”이라고 말했다.","승객이 내리고 탑승하는 시간을 감안하면, 항공업계에선 정비사들이 조종석에 들어가 경고등이 들어온 게 없는지 보고 기체 안팎을 육안(肉眼)으로 둘러보며 정비 시간 최소치인 28분을 간신히 맞췄을 가능성이 높다고 말한다.",False,"현재 문장은 정비사의 부족과 업무량 과다에 대한 일반적인 의견을 제시하고 있으며, 이는 특정한 수치나 통계적인 변화를 주장하는 것이 아닙니다.",high,hcx,HCX-007,isclaim-v1.3-prev2-context,2026-07-30
A0009-C027,A0009,"승객 수는 더 많은 LCC, 정비사는 대형 항공사의 38%",2025-01-01,https://www.chosun.com/economy/industry-company/2025/01/01/PVCPHJRE7RDT7L2ZG2LDED5NNA,"자체 항공정비(MRO) 시설을 갖춘 대형 항공사와 달리, LCC들은 이 같은 시설을 갖추지 못해 핵심 부품의 중정비는 해외 정비업체에 의존하고 있다.","정비사는 적고 업무량은 많다 보니, 온라인에는 “제주항공 정비에서 2년 버티면 어디서도 버틸 수 있다”는 글들이 올라오고 있다.","항공업계 관계자는 “법적 요건을 안 지키는 항공사는 없다”며 “다만 정비사 몇 명이서, 얼마나 여유 시간을 갖고 점검 작업을 수행하느냐의 차이가 있는 것”이라고 말했다.",False,"현재 문장은 LCC들이 자체 항공정비 시설을 갖추지 못하고 있다는 사실을 서술하고 있으며, 이는 수치나 통계적인 변화를 주장하는 내용이 아닙니다.",high,hcx,HCX-007,isclaim-v1.3-prev2-context,2026-07-30
A0009-C028,A0009,"승객 수는 더 많은 LCC, 정비사는 대형 항공사의 38%",2025-01-01,https://www.chosun.com/economy/industry-company/2025/01/01/PVCPHJRE7RDT7L2ZG2LDED5NNA,LCC 1위인 제주항공이 올해 항공기 정비·수리·개조에 책정한 예산도 2209억원에 그친다.,"자체 항공정비(MRO) 시설을 갖춘 대형 항공사와 달리, LCC들은 이 같은 시설을 갖추지 못해 핵심 부품의 중정비는 해외 정비업체에 의존하고 있다.","정비사는 적고 업무량은 많다 보니, 온라인에는 “제주항공 정비에서 2년 버티면 어디서도 버틸 수 있다”는 글들이 올라오고 있다.",True,LCC 1위인 제주항공이 올해 항공기 정비·수리·개조에 책정한 예산이 2209억원이라는 구체적인 수치 주장이 포함되어 있습니다.,high,hcx,HCX-007,isclaim-v1.3-prev2-context,2026-07-30
A0009-C029,A0009,"승객 수는 더 많은 LCC, 정비사는 대형 항공사의 38%",2025-01-01,https://www.chosun.com/economy/industry-company/2025/01/01/PVCPHJRE7RDT7L2ZG2LDED5NNA,"대당 53억8700만여원으로, 대한항공(127억원), 아시아나항공(138억원)의 절반 이하다.",LCC 1위인 제주항공이 올해 항공기 정비·수리·개조에 책정한 예산도 2209억원에 그친다.,"자체 항공정비(MRO) 시설을 갖춘 대형 항공사와 달리, LCC들은 이 같은 시설을 갖추지 못해 핵심 부품의 중정비는 해외 정비업체에 의존하고 있다.",True,현재 문장은 각 항공사의 항공기 정비 비용에 대한 구체적인 금액을 제시하며 비교하고 있습니다.,high,hcx,HCX-007,isclaim-v1.3-prev2-context,2026-07-30
A0010-C001,A0010,"제주항공, 비행기 평균 나이 14.4년 가장 많아",2025-01-01,https://www.chosun.com/economy/industry-company/2025/01/01/SMAVWUVHJ5AV7HTL342232GYCE,제주항공의 항공기 평균 기령(비행기 사용 연수)이 14.4년으로 국적 항공사 8곳 중 가장 높은 것으로 나타났다.,,,True,제주항공의 항공기 평균 기령이 국적 항공사 8곳 중 가장 높다는 것은 KOSIS를 통해 국적 항공사의 항공기 평균 기령을 비교하여 검증할 수 있는 내용이기 때문에 True로 판단합니다.,high,hcx,HCX-007,isclaim-v1.3-prev2-context,2026-07-30
A0010-C002,A0010,"제주항공, 비행기 평균 나이 14.4년 가장 많아",2025-01-01,https://www.chosun.com/economy/industry-company/2025/01/01/SMAVWUVHJ5AV7HTL342232GYCE,"대한항공(11.3년), 아시아나항공(12.3년)보다 높았다.",제주항공의 항공기 평균 기령(비행기 사용 연수)이 14.4년으로 국적 항공사 8곳 중 가장 높은 것으로 나타났다.,,True,대한항공과 아시아나항공의 항공기 평균 기령을 비교하여 수치적인 차이를 언급하고 있다.,high,hcx,HCX-007,isclaim-v1.3-prev2-context,2026-07-30
A0010-C003,A0010,"제주항공, 비행기 평균 나이 14.4년 가장 많아",2025-01-01,https://www.chosun.com/economy/industry-company/2025/01/01/SMAVWUVHJ5AV7HTL342232GYCE,또 전체 항공기의 88%가 도입 시점 기준 다른 항공사가 쓰던 중고 항공기로 조사됐다.,"대한항공(11.3년), 아시아나항공(12.3년)보다 높았다.",제주항공의 항공기 평균 기령(비행기 사용 연수)이 14.4년으로 국적 항공사 8곳 중 가장 높은 것으로 나타났다.,False,"현재 문장은 특정 기업의 항공기 도입 현황 및 상태에 대한 정보로, 이는 개별 기업의 운영 상황에 해당하며 국가통계포털(KOSIS)에서 다루는 일반적인 집계 통계와는 거리가 멉니다.",high,hcx,HCX-007,isclaim-v1.3-prev2-context,2026-07-30
A0010-C004,A0010,"제주항공, 비행기 평균 나이 14.4년 가장 많아",2025-01-01,https://www.chosun.com/economy/industry-company/2025/01/01/SMAVWUVHJ5AV7HTL342232GYCE,"2024년 11월 기준 국토교통부 항공기술정보시스템(ATIS)에 따르면 제주항공의 평균 기령은 같은 LCC인 이스타항공(8.4년), 에어부산(9.7년), 진에어(12.7년), 티웨이항공(13년)과도 차이가 났다.",또 전체 항공기의 88%가 도입 시점 기준 다른 항공사가 쓰던 중고 항공기로 조사됐다.,"대한항공(11.3년), 아시아나항공(12.3년)보다 높았다.",True,"현재 문장은 여러 저비용 항공사의 평균 기령을 비교하여 주장하고 있으며, 이는 국가통계포털(KOSIS)에서 관련 통계를 통해 검증할 수 있는 내용이다.",high,hcx,HCX-007,isclaim-v1.3-prev2-context,2026-07-30
A0010-C005,A0010,"제주항공, 비행기 평균 나이 14.4년 가장 많아",2025-01-01,https://www.chosun.com/economy/industry-company/2025/01/01/SMAVWUVHJ5AV7HTL342232GYCE,업계 후발 주자인 에어프레미아(4.2년)와의 격차는 더 컸다.,"2024년 11월 기준 국토교통부 항공기술정보시스템(ATIS)에 따르면 제주항공의 평균 기령은 같은 LCC인 이스타항공(8.4년), 에어부산(9.7년), 진에어(12.7년), 티웨이항공(13년)과도 차이가 났다.",또 전체 항공기의 88%가 도입 시점 기준 다른 항공사가 쓰던 중고 항공기로 조사됐다.,False,"현재 문장은 에어프레미아의 항공기 평균 기령이 낮다는 사실을 언급하지만, 이는 특정한 통계적 변화나 비교를 주장하는 것이 아니라 단순한 정보 제공이므로 KOSIS 통계로 검증할 필요가 없습니다.",high,hcx,HCX-007,isclaim-v1.3-prev2-context,2026-07-30
A0010-C006,A0010,"제주항공, 비행기 평균 나이 14.4년 가장 많아",2025-01-01,https://www.chosun.com/economy/industry-company/2025/01/01/SMAVWUVHJ5AV7HTL342232GYCE,국토교통부에서는 통상 기령 20년 이상을 노후 항공기로 본다.,업계 후발 주자인 에어프레미아(4.2년)와의 격차는 더 컸다.,"2024년 11월 기준 국토교통부 항공기술정보시스템(ATIS)에 따르면 제주항공의 평균 기령은 같은 LCC인 이스타항공(8.4년), 에어부산(9.7년), 진에어(12.7년), 티웨이항공(13년)과도 차이가 났다.",False,"기령 20년을 노후 항공기로 본다는 것은 일반적인 기준이나 정의로서, 특정한 수치나 비율 등의 변화를 주장하는 것이 아니므로 KOSIS 통계로 검증할 필요가 없습니다.",high,hcx,HCX-007,isclaim-v1.3-prev2-context,2026-07-30
A0010-C007,A0010,"제주항공, 비행기 평균 나이 14.4년 가장 많아",2025-01-01,https://www.chosun.com/economy/industry-company/2025/01/01/SMAVWUVHJ5AV7HTL342232GYCE,이 기준에 따르면 국내 항공기들이 노후화했다고 보기는 어렵다.,국토교통부에서는 통상 기령 20년 이상을 노후 항공기로 본다.,업계 후발 주자인 에어프레미아(4.2년)와의 격차는 더 컸다.,False,"현재 문장은 국내 항공기의 노후화에 대한 판단을 내리고 있지만, 이는 단순한 의견 평가로서 KOSIS 통계로 검증 가능한 수치나 통계적 변화 방향을 포함하지 않습니다.",high,hcx,HCX-007,isclaim-v1.3-prev2-context,2026-07-30
A0010-C008,A0010,"제주항공, 비행기 평균 나이 14.4년 가장 많아",2025-01-01,https://www.chosun.com/economy/industry-company/2025/01/01/SMAVWUVHJ5AV7HTL342232GYCE,하지만 LCC가 비용 절감 차원에서 다른 항공사가 사용하던 중고 항공기를 들여오는 사례가 상대적으로 많다는 점은 향후 더 세심한 관리가 필요한 부분이라는 지적이 나온다.,이 기준에 따르면 국내 항공기들이 노후화했다고 보기는 어렵다.,국토교통부에서는 통상 기령 20년 이상을 노후 항공기로 본다.,False,"현재 문장은 저비용 항공사(LCC)가 중고 항공기를 도입하는 경향에 대한 지적을 담고 있으며, 이는 특정한 통계나 수치적인 변화를 주장하는 것이 아닙니다.",high,hcx,HCX-007,isclaim-v1.3-prev2-context,2026-07-30
A0010-C009,A0010,"제주항공, 비행기 평균 나이 14.4년 가장 많아",2025-01-01,https://www.chosun.com/economy/industry-company/2025/01/01/SMAVWUVHJ5AV7HTL342232GYCE,항공기에 피로가 누적돼 있을 수 있다는 것이다.,하지만 LCC가 비용 절감 차원에서 다른 항공사가 사용하던 중고 항공기를 들여오는 사례가 상대적으로 많다는 점은 향후 더 세심한 관리가 필요한 부분이라는 지적이 나온다.,이 기준에 따르면 국내 항공기들이 노후화했다고 보기는 어렵다.,False,"항공기에 피로가 누적될 수 있다는 것은 단순한 의견이나 평가로서, 구체적인 수치나 통계적 변화를 주장하는 것이 아닙니다.",high,hcx,HCX-007,isclaim-v1.3-prev2-context,2026-07-30
A0010-C010,A0010,"제주항공, 비행기 평균 나이 14.4년 가장 많아",2025-01-01,https://www.chosun.com/economy/industry-company/2025/01/01/SMAVWUVHJ5AV7HTL342232GYCE,"제주항공의 경우, 작년 말 기준 운영 중인 항공기 41대 가운데 새 항공기를 들여온 사례는 5대뿐이었다.",항공기에 피로가 누적돼 있을 수 있다는 것이다.,하지만 LCC가 비용 절감 차원에서 다른 항공사가 사용하던 중고 항공기를 들여오는 사례가 상대적으로 많다는 점은 향후 더 세심한 관리가 필요한 부분이라는 지적이 나온다.,True,"제주항공의 운영 중인 항공기 중 새 항공기의 비율을 언급하며, 이는 KOSIS 등의 통계 자료로 확인 가능한 정보이다.",high,hcx,HCX-007,isclaim-v1.3-prev2-context,2026-07-30
A0010-C011,A0010,"제주항공, 비행기 평균 나이 14.4년 가장 많아",2025-01-01,https://www.chosun.com/economy/industry-company/2025/01/01/SMAVWUVHJ5AV7HTL342232GYCE,도입 시점 기준으로 제작된 지 7~8년 안팎 된 비행기를 도입한 사례가 많았다.,"제주항공의 경우, 작년 말 기준 운영 중인 항공기 41대 가운데 새 항공기를 들여온 사례는 5대뿐이었다.",항공기에 피로가 누적돼 있을 수 있다는 것이다.,False,"현재 문장은 항공기의 도입 시기에 대한 정보를 제공하고 있지만, 이는 특정한 수치나 비율 등의 통계적 주장을 포함하지 않습니다.",high,hcx,HCX-007,isclaim-v1.3-prev2-context,2026-07-30
A0010-C012,A0010,"제주항공, 비행기 평균 나이 14.4년 가장 많아",2025-01-01,https://www.chosun.com/economy/industry-company/2025/01/01/SMAVWUVHJ5AV7HTL342232GYCE,무안공항에서 사고가 난 항공기도 2017년 당시 라이언에어가 쓰던 8년 된 비행기를 들여온 것이었다.,도입 시점 기준으로 제작된 지 7~8년 안팎 된 비행기를 도입한 사례가 많았다.,"제주항공의 경우, 작년 말 기준 운영 중인 항공기 41대 가운데 새 항공기를 들여온 사례는 5대뿐이었다.",False,특정 사고와 관련된 개별 사건에 대한 정보이므로 KOSIS 통계로 검증하기 어렵다.,high,hcx,HCX-007,isclaim-v1.3-prev2-context,2026-07-30
A0010-C013,A0010,"제주항공, 비행기 평균 나이 14.4년 가장 많아",2025-01-01,https://www.chosun.com/economy/industry-company/2025/01/01/SMAVWUVHJ5AV7HTL342232GYCE,새 항공기 5대를 제외하면 현재 기령이 10년 이하인 비행기가 한 대도 없다.,무안공항에서 사고가 난 항공기도 2017년 당시 라이언에어가 쓰던 8년 된 비행기를 들여온 것이었다.,도입 시점 기준으로 제작된 지 7~8년 안팎 된 비행기를 도입한 사례가 많았다.,True,"현재 문장은 항공기의 기령에 대한 정보를 제공하며, 이는 항공 안전 및 관리 측면에서 중요한 정보로서 국가 통계나 관련 기관의 데이터베이스를 통해 확인될 수 있는 내용이다.",high,hcx,HCX-007,isclaim-v1.3-prev2-context,2026-07-30
A0010-C014,A0010,"제주항공, 비행기 평균 나이 14.4년 가장 많아",2025-01-01,https://www.chosun.com/economy/industry-company/2025/01/01/SMAVWUVHJ5AV7HTL342232GYCE,같은 시점의 조사에서 다른 LCC도 상황이 비슷하다.,새 항공기 5대를 제외하면 현재 기령이 10년 이하인 비행기가 한 대도 없다.,무안공항에서 사고가 난 항공기도 2017년 당시 라이언에어가 쓰던 8년 된 비행기를 들여온 것이었다.,False,"현재 문장은 저비용 항공사(LCC)들의 상황에 대한 일반적인 언급으로, 특정한 수치나 통계적 변화를 주장하지 않습니다.",high,hcx,HCX-007,isclaim-v1.3-prev2-context,2026-07-30
A0010-C015,A0010,"제주항공, 비행기 평균 나이 14.4년 가장 많아",2025-01-01,https://www.chosun.com/economy/industry-company/2025/01/01/SMAVWUVHJ5AV7HTL342232GYCE,티웨이항공도 38대 중 27대가 7~8년 된 비행기를 들여온 것이다.,같은 시점의 조사에서 다른 LCC도 상황이 비슷하다.,새 항공기 5대를 제외하면 현재 기령이 10년 이하인 비행기가 한 대도 없다.,False,"티웨이항공의 비행기 연령 관련 정보는 특정 기업의 개별 사례에 해당하며, 이는 국가통계포털(KOSIS)에서 제공하는 일반적인 집계 통계와는 관련이 없습니다.",high,hcx,HCX-007,isclaim-v1.3-prev2-context,2026-07-30
A0010-C016,A0010,"제주항공, 비행기 평균 나이 14.4년 가장 많아",2025-01-01,https://www.chosun.com/economy/industry-company/2025/01/01/SMAVWUVHJ5AV7HTL342232GYCE,이스타항공의 경우 운영 중인 15대 중 10대가 중고였다.,티웨이항공도 38대 중 27대가 7~8년 된 비행기를 들여온 것이다.,같은 시점의 조사에서 다른 LCC도 상황이 비슷하다.,False,이스타항공의 항공기 상태에 대한 정보는 특정한 통계나 국가 집계의 변화를 주장하는 것이 아니므로 해당되지 않습니다.,high,hcx,HCX-007,isclaim-v1.3-prev2-context,2026-07-30
A0010-C017,A0010,"제주항공, 비행기 평균 나이 14.4년 가장 많아",2025-01-01,https://www.chosun.com/economy/industry-company/2025/01/01/SMAVWUVHJ5AV7HTL342232GYCE,"대한항공과 아시아나항공, 진에어는 대부분 새 항공기를 도입하고 있다.",이스타항공의 경우 운영 중인 15대 중 10대가 중고였다.,티웨이항공도 38대 중 27대가 7~8년 된 비행기를 들여온 것이다.,False,"현재 문장은 특정 항공사들이 주로 새 항공기를 도입한다는 일반적인 서술이지만, 이는 구체적인 수치나 통계적인 변화를 포함하지 않기 때문에 KOSIS를 통해 검증하기 어렵습니다.",high,hcx,HCX-007,isclaim-v1.3-prev2-context,2026-07-30
A0011-C001,A0011,"CJ, 이웃 사랑 성금 20억원",2025-01-01,https://www.chosun.com/economy/industry-company/2025/01/01/V5QTVTWN4VHZ7GZJOMKW4AL6PQ,CJ는 사회복지공동모금회에 성금 20억원을 기부했다고 31일 밝혔다.,,,False,특정 기업의 기부 금액이므로 KOSIS에서 검증할 수 있는 내용이 아닙니다.,high,hcx,HCX-007,isclaim-v1.3-prev2-context,2026-07-30
A0011-C002,A0011,"CJ, 이웃 사랑 성금 20억원",2025-01-01,https://www.chosun.com/economy/industry-company/2025/01/01/V5QTVTWN4VHZ7GZJOMKW4AL6PQ,CJ는 2015년부터 매년 20억원씩을 기부하고 있다.,CJ는 사회복지공동모금회에 성금 20억원을 기부했다고 31일 밝혔다.,,False,"현재 문장은 CJ가 매년 일정 금액을 기부한다는 사실을 언급하지만, 이는 특정한 수치나 비율 등의 국가 통계를 주장하는 것이 아니므로 KOSIS를 통해 검증할 필요가 없습니다.",high,hcx,HCX-007,isclaim-v1.3-prev2-context,2026-07-30
A0011-C003,A0011,"CJ, 이웃 사랑 성금 20억원",2025-01-01,https://www.chosun.com/economy/industry-company/2025/01/01/V5QTVTWN4VHZ7GZJOMKW4AL6PQ,CJ 관계자는 “앞으로도 문화 사업에 기반한 다양한 사회 공헌 활동으로 지역사회에 기여하겠다”고 했다.,CJ는 2015년부터 매년 20억원씩을 기부하고 있다.,CJ는 사회복지공동모금회에 성금 20억원을 기부했다고 31일 밝혔다.,False,현재 문장은 단순한 의견 및 계획에 대한 표현이므로 수치나 통계적인 변화를 주장하지 않습니다.,high,hcx,HCX-007,isclaim-v1.3-prev2-context,2026-07-30
A0012-C001,A0012,조선업 산업기술인력 9년 만에 다시 상승세,2025-01-01,https://www.chosun.com/economy/industry-company/2025/01/01/VR4RUPY3CFEGZGFC5M4JPY5SDE,외국인 근로자가 유입된 덕에 우리나라 조선업 산업기술인력도 9년 만에 늘어난 것으로 나타났다.,,,True,"문장에서 '우리나라 조선업 산업기술인력이 9년 만에 늘어났다'는 내용은 국내 산업의 인력 변화에 대한 구체적인 통계를 언급하고 있으며, 이는 국가통계포털(KOSIS)에서 관련 데이터를 통해 검증할 수 있을 것이다.",high,hcx,HCX-007,isclaim-v1.3-prev2-context,2026-07-30
A0012-C002,A0012,조선업 산업기술인력 9년 만에 다시 상승세,2025-01-01,https://www.chosun.com/economy/industry-company/2025/01/01/VR4RUPY3CFEGZGFC5M4JPY5SDE,"2010년대 조선업은 장기 불황을 겪으며 인력 규모가 계속 줄었고, 2020년 이후엔 다시 호황을 맞았지만 떠나간 인원이 돌아오지 않으면서 극심한 인력난을 겪어왔다.",외국인 근로자가 유입된 덕에 우리나라 조선업 산업기술인력도 9년 만에 늘어난 것으로 나타났다.,,False,"현재 문장은 조선업의 과거 불황 및 최근 호황 상황에 대한 일반적인 설명을 하고 있으며, 구체적인 수치나 통계적 변화를 주장하지 않습니다.",high,hcx,HCX-007,isclaim-v1.3-prev2-context,2026-07-30
A0012-C003,A0012,조선업 산업기술인력 9년 만에 다시 상승세,2025-01-01,https://www.chosun.com/economy/industry-company/2025/01/01/VR4RUPY3CFEGZGFC5M4JPY5SDE,하지만 최근 정부 정책 등으로 외국인 근로자가 크게 늘면서 다소 숨통이 트인 것으로 분석된다.,"2010년대 조선업은 장기 불황을 겪으며 인력 규모가 계속 줄었고, 2020년 이후엔 다시 호황을 맞았지만 떠나간 인원이 돌아오지 않으면서 극심한 인력난을 겪어왔다.",외국인 근로자가 유입된 덕에 우리나라 조선업 산업기술인력도 9년 만에 늘어난 것으로 나타났다.,False,"현재 문장은 외국인 근로자의 증가로 인해 조선업의 인력난이 완화되었다는 일반적인 분석을 제시하지만, 구체적인 수치나 비율 등의 통계적 변화를 언급하지 않습니다.",high,hcx,HCX-007,isclaim-v1.3-prev2-context,2026-07-30
A0012-C004,A0012,조선업 산업기술인력 9년 만에 다시 상승세,2025-01-01,https://www.chosun.com/economy/industry-company/2025/01/01/VR4RUPY3CFEGZGFC5M4JPY5SDE,다만 여전히 현장엔 일할 사람이 부족한 상황이라 앞으로도 인력 확충은 계속될 전망이다.,하지만 최근 정부 정책 등으로 외국인 근로자가 크게 늘면서 다소 숨통이 트인 것으로 분석된다.,"2010년대 조선업은 장기 불황을 겪으며 인력 규모가 계속 줄었고, 2020년 이후엔 다시 호황을 맞았지만 떠나간 인원이 돌아오지 않으면서 극심한 인력난을 겪어왔다.",True,현재 문장은 조선업 현장의 인력 부족 상황을 언급하며 앞으로 인력 확충이 계속될 것이라는 예측을 하고 있다.,mid,hcx,HCX-007,isclaim-v1.3-prev2-context,2026-07-30
A0012-C005,A0012,조선업 산업기술인력 9년 만에 다시 상승세,2025-01-01,https://www.chosun.com/economy/industry-company/2025/01/01/VR4RUPY3CFEGZGFC5M4JPY5SDE,31일 산업통상자원부의 ‘산업기술인력 수급 실태조사’에 따르면 지난 2023년 말 조선 산업기술인력은 5만8528명으로 전년인 2022년 대비 0.8% 증가했다.,다만 여전히 현장엔 일할 사람이 부족한 상황이라 앞으로도 인력 확충은 계속될 전망이다.,하지만 최근 정부 정책 등으로 외국인 근로자가 크게 늘면서 다소 숨통이 트인 것으로 분석된다.,True,"문장에서 '지난 2023년 말 조선 산업기술인력은 5만8528명으로 전년인 2022년 대비 0.8% 증가했다.'라는 구체적인 수치와 비교를 통해 산업기술인력의 변화를 언급하고 있으며, 이는 국가통계포털(KOSIS)에서 관련 통계를 찾아 대조할 수 있는 내용입니다.",high,hcx,HCX-007,isclaim-v1.3-prev2-context,2026-07-30
A0012-C006,A0012,조선업 산업기술인력 9년 만에 다시 상승세,2025-01-01,https://www.chosun.com/economy/industry-company/2025/01/01/VR4RUPY3CFEGZGFC5M4JPY5SDE,"산업기술인력은 연구개발직, 기술직, 관리자를 비롯한 기능·기술 인력을 뜻한다.",31일 산업통상자원부의 ‘산업기술인력 수급 실태조사’에 따르면 지난 2023년 말 조선 산업기술인력은 5만8528명으로 전년인 2022년 대비 0.8% 증가했다.,다만 여전히 현장엔 일할 사람이 부족한 상황이라 앞으로도 인력 확충은 계속될 전망이다.,False,"현재 문장은 산업기술인력의 정의를 설명하고 있으며, 이는 수치나 통계적인 변화를 주장하는 내용이 아닙니다.",high,hcx,HCX-007,isclaim-v1.3-prev2-context,2026-07-30
A0012-C007,A0012,조선업 산업기술인력 9년 만에 다시 상승세,2025-01-01,https://www.chosun.com/economy/industry-company/2025/01/01/VR4RUPY3CFEGZGFC5M4JPY5SDE,본래 조선업의 산업기술인력은 2014년 6만9766명에서 2022년 5만8042명까지 꾸준히 하락해 1만명 넘게 줄어든 상태였는데 이 수가 500명 가까이 늘어난 것이다.,"산업기술인력은 연구개발직, 기술직, 관리자를 비롯한 기능·기술 인력을 뜻한다.",31일 산업통상자원부의 ‘산업기술인력 수급 실태조사’에 따르면 지난 2023년 말 조선 산업기술인력은 5만8528명으로 전년인 2022년 대비 0.8% 증가했다.,True,"현재 문장은 조선 산업의 산업기술인력 수가 2022년 이후 증가한 것에 대한 내용을 담고 있으며, 이는 KOSIS를 통해 검증 가능한 국내 집계 통계 정보이기 때문에 True로 판단된다.",high,hcx,HCX-007,isclaim-v1.3-prev2-context,2026-07-30
A0012-C008,A0012,조선업 산업기술인력 9년 만에 다시 상승세,2025-01-01,https://www.chosun.com/economy/industry-company/2025/01/01/VR4RUPY3CFEGZGFC5M4JPY5SDE,이 숫자가 다시 증가한 것은 최근 외국인 근로 인력이 많아진 덕이다.,본래 조선업의 산업기술인력은 2014년 6만9766명에서 2022년 5만8042명까지 꾸준히 하락해 1만명 넘게 줄어든 상태였는데 이 수가 500명 가까이 늘어난 것이다.,"산업기술인력은 연구개발직, 기술직, 관리자를 비롯한 기능·기술 인력을 뜻한다.",True,"현재 문장은 조선업의 산업기술인력 수가 증가한 이유에 대해 언급하며, 이는 KOSIS를 통해 해당 산업의 인력 변화를 검증할 수 있는 내용이기 때문에 True로 판단됩니다.",high,hcx,HCX-007,isclaim-v1.3-prev2-context,2026-07-30
A0012-C009,A0012,조선업 산업기술인력 9년 만에 다시 상승세,2025-01-01,https://www.chosun.com/economy/industry-company/2025/01/01/VR4RUPY3CFEGZGFC5M4JPY5SDE,조선 산업기술인력 중 외국인은 2022년 877명에서 2023년 2563명으로 3배 가까이 늘었다.,이 숫자가 다시 증가한 것은 최근 외국인 근로 인력이 많아진 덕이다.,본래 조선업의 산업기술인력은 2014년 6만9766명에서 2022년 5만8042명까지 꾸준히 하락해 1만명 넘게 줄어든 상태였는데 이 수가 500명 가까이 늘어난 것이다.,True,"조선 산업기술인력 중 외국인의 수가 2022년에서 2023년까지 크게 증가했다는 구체적인 수치 정보를 포함하고 있으며, 이는 국가통계포털(KOSIS)에서 관련 통계를 통해 검증할 수 있는 내용입니다.",high,hcx,HCX-007,isclaim-v1.3-prev2-context,2026-07-30
A0012-C010,A0012,조선업 산업기술인력 9년 만에 다시 상승세,2025-01-01,https://www.chosun.com/economy/industry-company/2025/01/01/VR4RUPY3CFEGZGFC5M4JPY5SDE,이들이 차지하는 비율도 같은 기간 1.5%에서 4.4%로 증가했다.,조선 산업기술인력 중 외국인은 2022년 877명에서 2023년 2563명으로 3배 가까이 늘었다.,이 숫자가 다시 증가한 것은 최근 외국인 근로 인력이 많아진 덕이다.,True,"조선 산업기술인력 중 외국인의 비율이 2022년 1.5%에서 2023년 4.4%로 증가했다는 구체적인 수치와 비율을 제시하고 있으며, 이는 국가통계포털(KOSIS)에서 관련 통계를 통해 검증할 수 있는 내용입니다.",high,hcx,HCX-007,isclaim-v1.3-prev2-context,2026-07-30
A0012-C011,A0012,조선업 산업기술인력 9년 만에 다시 상승세,2025-01-01,https://www.chosun.com/economy/industry-company/2025/01/01/VR4RUPY3CFEGZGFC5M4JPY5SDE,앞서 정부는 2023년 ‘숙련기능인력 비자(E-7-4)’ 연간 배정 인원을 늘리면서 조선 분야에는 400명을 별도로 배정했다.,이들이 차지하는 비율도 같은 기간 1.5%에서 4.4%로 증가했다.,조선 산업기술인력 중 외국인은 2022년 877명에서 2023년 2563명으로 3배 가까이 늘었다.,False,"현재 문장은 정부의 정책 변화에 대한 설명이므로, 수치나 비율 등의 통계적 변화를 주장하는 것이 아닙니다.",high,hcx,HCX-007,isclaim-v1.3-prev2-context,2026-07-30
A0012-C012,A0012,조선업 산업기술인력 9년 만에 다시 상승세,2025-01-01,https://www.chosun.com/economy/industry-company/2025/01/01/VR4RUPY3CFEGZGFC5M4JPY5SDE,"사전 심사부터 비자 발급까지 걸리는 시간을 5주에서 10일 이내로 줄이고, 기업별 외국 인력 도입 허용 비율도 내국인 근로자의 20%에서 30%로 2년간 한시적으로 확대했다.",앞서 정부는 2023년 ‘숙련기능인력 비자(E-7-4)’ 연간 배정 인원을 늘리면서 조선 분야에는 400명을 별도로 배정했다.,이들이 차지하는 비율도 같은 기간 1.5%에서 4.4%로 증가했다.,True,"현재 문장은 외국인 인력 도입 허용 비율이 내국인 근로자의 몇 퍼센트인지에 대한 구체적인 수치를 포함하고 있으며, 이는 고용 관련 통계로서 KOSIS에서 확인 가능한 내용일 가능성이 높습니다.",high,hcx,HCX-007,isclaim-v1.3-prev2-context,2026-07-30
A0012-C013,A0012,조선업 산업기술인력 9년 만에 다시 상승세,2025-01-01,https://www.chosun.com/economy/industry-company/2025/01/01/VR4RUPY3CFEGZGFC5M4JPY5SDE,외국인 용접공 비자 심사 시 필요한 경력증명서 제출도 2년간 면제했다.,"사전 심사부터 비자 발급까지 걸리는 시간을 5주에서 10일 이내로 줄이고, 기업별 외국 인력 도입 허용 비율도 내국인 근로자의 20%에서 30%로 2년간 한시적으로 확대했다.",앞서 정부는 2023년 ‘숙련기능인력 비자(E-7-4)’ 연간 배정 인원을 늘리면서 조선 분야에는 400명을 별도로 배정했다.,False,"현재 문장은 외국인 용접공 비자 심사 시 경력증명서 제출 면제에 대한 정책 변경 사항을 설명하고 있으며, 이는 수치나 통계적인 변화를 주장하는 내용이 아닙니다.",high,hcx,HCX-007,isclaim-v1.3-prev2-context,2026-07-30
A0012-C014,A0012,조선업 산업기술인력 9년 만에 다시 상승세,2025-01-01,https://www.chosun.com/economy/industry-company/2025/01/01/VR4RUPY3CFEGZGFC5M4JPY5SDE,한 조선업체 관계자는 “최근 용접공으로 일하는 외국인 근로자가 늘어나는 등 어느 정도 인력이 채워지고는 있지만 여전히 일감에 비하면 숙련 근로자가 부족한 형편”이라고 말했다.,외국인 용접공 비자 심사 시 필요한 경력증명서 제출도 2년간 면제했다.,"사전 심사부터 비자 발급까지 걸리는 시간을 5주에서 10일 이내로 줄이고, 기업별 외국 인력 도입 허용 비율도 내국인 근로자의 20%에서 30%로 2년간 한시적으로 확대했다.",False,"현재 문장은 조선업체 관계자의 의견을 인용하여 숙련 근로자의 부족 상황을 언급하지만, 이는 구체적인 수치나 통계적인 변화를 주장하는 것이 아니므로 KOSIS 통계로 검증하기 어렵습니다.",high,hcx,HCX-007,isclaim-v1.3-prev2-context,2026-07-30
A0012-C015,A0012,조선업 산업기술인력 9년 만에 다시 상승세,2025-01-01,https://www.chosun.com/economy/industry-company/2025/01/01/VR4RUPY3CFEGZGFC5M4JPY5SDE,한편 이번 조사에서 우리나라 전체 산업기술인력 규모는 171만6846명으로 전년 대비 1% 증가한 것으로 나타났다.,한 조선업체 관계자는 “최근 용접공으로 일하는 외국인 근로자가 늘어나는 등 어느 정도 인력이 채워지고는 있지만 여전히 일감에 비하면 숙련 근로자가 부족한 형편”이라고 말했다.,외국인 용접공 비자 심사 시 필요한 경력증명서 제출도 2년간 면제했다.,True,"현재 문장은 우리나라 전체 산업기술인력 규모가 전년 대비 1% 증가했다고 주장하며, 이는 KOSIS 국가통계포털에서 관련 통계를 통해 검증할 수 있는 내용입니다.",high,hcx,HCX-007,isclaim-v1.3-prev2-context,2026-07-30
A0012-C016,A0012,조선업 산업기술인력 9년 만에 다시 상승세,2025-01-01,https://www.chosun.com/economy/industry-company/2025/01/01/VR4RUPY3CFEGZGFC5M4JPY5SDE,다만 산업 현장에 필요한 인원이 늘면서 부족 인원도 1.9% 늘어난 3만9190명을 기록했다.,한편 이번 조사에서 우리나라 전체 산업기술인력 규모는 171만6846명으로 전년 대비 1% 증가한 것으로 나타났다.,한 조선업체 관계자는 “최근 용접공으로 일하는 외국인 근로자가 늘어나는 등 어느 정도 인력이 채워지고는 있지만 여전히 일감에 비하면 숙련 근로자가 부족한 형편”이라고 말했다.,True,"현재 문장은 산업 현장에서 필요한 인원과 부족 인원의 변화에 대한 구체적인 수치를 제시하며, 이는 국가통계포털(KOSIS)에서 관련 통계를 통해 검증할 수 있는 내용입니다.",high,hcx,HCX-007,isclaim-v1.3-prev2-context,2026-07-30
A0013-C001,A0013,사라진 ‘연말연시’… 소비 침체 한동안 이어질 수도,2025-01-01,https://www.chosun.com/economy/industry-company/2025/01/01/Z6WEUBU6FBBDLGDAZFP5PNS574,신세계백화점은 31일 오후 11시 본점 앞에서 서울 중구청과 함께 진행하기로 했던 신년 카운트다운 행사를 취소했다.,,,False,"특정 기업의 이벤트 취소 소식으로, KOSIS에서 검증 가능한 수치나 통계적 변화와 관련이 없다.",high,hcx,HCX-007,isclaim-v1.3-prev2-context,2026-07-30
A0013-C002,A0013,사라진 ‘연말연시’… 소비 침체 한동안 이어질 수도,2025-01-01,https://www.chosun.com/economy/industry-company/2025/01/01/Z6WEUBU6FBBDLGDAZFP5PNS574,지난 11월 1일부터 외벽에 농구장 3개 크기로 만든 초대형 디지털 사이니지(공공장소나 상업 공간에 설치하는 디스플레이)를 통해 선보였던 연말 영상 송출도 중단했다.,신세계백화점은 31일 오후 11시 본점 앞에서 서울 중구청과 함께 진행하기로 했던 신년 카운트다운 행사를 취소했다.,,False,"현재 문장은 특정 장소에서의 이벤트 및 활동 중단에 대한 내용으로, 수치나 통계적인 변화를 주장하지 않습니다.",high,hcx,HCX-007,isclaim-v1.3-prev2-context,2026-07-30
A0013-C003,A0013,사라진 ‘연말연시’… 소비 침체 한동안 이어질 수도,2025-01-01,https://www.chosun.com/economy/industry-company/2025/01/01/Z6WEUBU6FBBDLGDAZFP5PNS574,신세계백화점 관계자는 “4일까지 신년 세일 행사 홍보도 하지 않을 것”이라고 말했다.,지난 11월 1일부터 외벽에 농구장 3개 크기로 만든 초대형 디지털 사이니지(공공장소나 상업 공간에 설치하는 디스플레이)를 통해 선보였던 연말 영상 송출도 중단했다.,신세계백화점은 31일 오후 11시 본점 앞에서 서울 중구청과 함께 진행하기로 했던 신년 카운트다운 행사를 취소했다.,False,"신세계백화점의 신년 세일 행사 홍보 여부에 대한 단순한 계획 변경 발표로서, 이는 KOSIS 통계와 관련이 없습니다.",high,hcx,HCX-007,isclaim-v1.3-prev2-context,2026-07-30
A0013-C004,A0013,사라진 ‘연말연시’… 소비 침체 한동안 이어질 수도,2025-01-01,https://www.chosun.com/economy/industry-company/2025/01/01/Z6WEUBU6FBBDLGDAZFP5PNS574,"소비 위축과 불황 장기화 우려가 2024년 내내 계속된 상황에서 비상계엄, 탄핵 정국, 제주항공 여객기 사고 등이 더해 연말연시 분위기가 사라진 모습이다.",신세계백화점 관계자는 “4일까지 신년 세일 행사 홍보도 하지 않을 것”이라고 말했다.,지난 11월 1일부터 외벽에 농구장 3개 크기로 만든 초대형 디지털 사이니지(공공장소나 상업 공간에 설치하는 디스플레이)를 통해 선보였던 연말 영상 송출도 중단했다.,False,"현재 문장은 경제 상황에 대한 일반적인 설명을 하고 있으며, 구체적인 수치나 통계적 변화를 언급하지 않습니다.",high,hcx,HCX-007,isclaim-v1.3-prev2-context,2026-07-30
A0013-C005,A0013,사라진 ‘연말연시’… 소비 침체 한동안 이어질 수도,2025-01-01,https://www.chosun.com/economy/industry-company/2025/01/01/Z6WEUBU6FBBDLGDAZFP5PNS574,"기업들은 소비 진작을 위해 수개월 동안 준비한 대규모 연말연시 할인, 행사 등을 예정대로 하되 사회 분위기를 감안해 홍보와 마케팅을 최소화한 ‘소리 없는 진행’을 하기로 했다.","소비 위축과 불황 장기화 우려가 2024년 내내 계속된 상황에서 비상계엄, 탄핵 정국, 제주항공 여객기 사고 등이 더해 연말연시 분위기가 사라진 모습이다.",신세계백화점 관계자는 “4일까지 신년 세일 행사 홍보도 하지 않을 것”이라고 말했다.,False,"현재 문장은 기업들이 연말연시 할인 및 행사를 어떻게 진행할 것인지에 대한 계획과 관련된 내용으로, 구체적인 수치나 통계적인 변화를 주장하지 않습니다.",high,hcx,HCX-007,isclaim-v1.3-prev2-context,2026-07-30
A0013-C006,A0013,사라진 ‘연말연시’… 소비 침체 한동안 이어질 수도,2025-01-01,https://www.chosun.com/economy/industry-company/2025/01/01/Z6WEUBU6FBBDLGDAZFP5PNS574,지방자치단체들은 부진한 지방 경제의 활력소가 되기를 기대한 연말연시 행사를 대부분 취소했다.,"기업들은 소비 진작을 위해 수개월 동안 준비한 대규모 연말연시 할인, 행사 등을 예정대로 하되 사회 분위기를 감안해 홍보와 마케팅을 최소화한 ‘소리 없는 진행’을 하기로 했다.","소비 위축과 불황 장기화 우려가 2024년 내내 계속된 상황에서 비상계엄, 탄핵 정국, 제주항공 여객기 사고 등이 더해 연말연시 분위기가 사라진 모습이다.",False,"지방자치단체들이 연말연시 행사를 취소했다는 내용은 단순한 사실 전달로서, 특정한 수치나 통계적 변화를 주장하지 않습니다.",high,hcx,HCX-007,isclaim-v1.3-prev2-context,2026-07-30
A0013-C007,A0013,사라진 ‘연말연시’… 소비 침체 한동안 이어질 수도,2025-01-01,https://www.chosun.com/economy/industry-company/2025/01/01/Z6WEUBU6FBBDLGDAZFP5PNS574,소비 침체가 새해에도 한동안 이어질 수 있다는 전망도 나온다.,지방자치단체들은 부진한 지방 경제의 활력소가 되기를 기대한 연말연시 행사를 대부분 취소했다.,"기업들은 소비 진작을 위해 수개월 동안 준비한 대규모 연말연시 할인, 행사 등을 예정대로 하되 사회 분위기를 감안해 홍보와 마케팅을 최소화한 ‘소리 없는 진행’을 하기로 했다.",False,소비 침체에 대한 전망이므로 이는 단순한 예측이지 구체적인 수치나 통계적 변화를 주장하는 것이 아닙니다.,high,hcx,HCX-007,isclaim-v1.3-prev2-context,2026-07-30
A0013-C008,A0013,사라진 ‘연말연시’… 소비 침체 한동안 이어질 수도,2025-01-01,https://www.chosun.com/economy/industry-company/2025/01/01/Z6WEUBU6FBBDLGDAZFP5PNS574,◇기업들 “홍보·마케팅 최소화” 유통 기업과 자영업자들은 12월에 연말 특수를 기대하기 마련이다.,소비 침체가 새해에도 한동안 이어질 수 있다는 전망도 나온다.,지방자치단체들은 부진한 지방 경제의 활력소가 되기를 기대한 연말연시 행사를 대부분 취소했다.,False,"유통 기업과 자영업자들이 12월에 연말 특수를 기대한다는 것은 단순한 의견이나 평가로서, KOSIS에서 검증 가능한 구체적인 수치나 통계적 변화 방향을 주장하지 않습니다.",high,hcx,HCX-007,isclaim-v1.3-prev2-context,2026-07-30
A0013-C009,A0013,사라진 ‘연말연시’… 소비 침체 한동안 이어질 수도,2025-01-01,https://www.chosun.com/economy/industry-company/2025/01/01/Z6WEUBU6FBBDLGDAZFP5PNS574,"연말연시에 회식, 선물 수요가 몰리고, 설 선물 예약 등을 하기 때문이다.",◇기업들 “홍보·마케팅 최소화” 유통 기업과 자영업자들은 12월에 연말 특수를 기대하기 마련이다.,소비 침체가 새해에도 한동안 이어질 수 있다는 전망도 나온다.,False,"현재 문장은 연말연시의 일반적인 상황에 대한 설명이지, 구체적인 수치나 통계적인 변화를 주장하는 내용이 아닙니다.",high,hcx,HCX-007,isclaim-v1.3-prev2-context,2026-07-30
A0013-C010,A0013,사라진 ‘연말연시’… 소비 침체 한동안 이어질 수도,2025-01-01,https://www.chosun.com/economy/industry-company/2025/01/01/Z6WEUBU6FBBDLGDAZFP5PNS574,특히 2024년에는 소비 위축이 지속돼 12월 특수를 기대하는 사람이 많았다.,"연말연시에 회식, 선물 수요가 몰리고, 설 선물 예약 등을 하기 때문이다.",◇기업들 “홍보·마케팅 최소화” 유통 기업과 자영업자들은 12월에 연말 특수를 기대하기 마련이다.,False,현재 문장은 일반적인 경제 상황에 대한 서술로서 구체적인 수치나 통계적 변화를 언급하지 않습니다.,high,hcx,HCX-007,isclaim-v1.3-prev2-context,2026-07-30
A0013-C011,A0013,사라진 ‘연말연시’… 소비 침체 한동안 이어질 수도,2025-01-01,https://www.chosun.com/economy/industry-company/2025/01/01/Z6WEUBU6FBBDLGDAZFP5PNS574,하지만 최근 분위기는 다르다.,특히 2024년에는 소비 위축이 지속돼 12월 특수를 기대하는 사람이 많았다.,"연말연시에 회식, 선물 수요가 몰리고, 설 선물 예약 등을 하기 때문이다.",False,"현재 문장은 단순한 분위기 변화에 대한 언급으로, 구체적인 수치나 통계적 변화를 주장하지 않는다.",high,hcx,HCX-007,isclaim-v1.3-prev2-context,2026-07-30
A0013-C012,A0013,사라진 ‘연말연시’… 소비 침체 한동안 이어질 수도,2025-01-01,https://www.chosun.com/economy/industry-company/2025/01/01/Z6WEUBU6FBBDLGDAZFP5PNS574,한 대형 마트의 12월 1~30일 매출 신장률은 전년 같은 기간과 비교해 0%였다.,하지만 최근 분위기는 다르다.,특히 2024년에는 소비 위축이 지속돼 12월 특수를 기대하는 사람이 많았다.,True,매출 신장률이 전년과 비교하여 변화가 없다는 내용은 KOSIS를 통해 검증 가능한 국내 집계 통계 정보로 볼 수 있다.,high,hcx,HCX-007,isclaim-v1.3-prev2-context,2026-07-30
A0013-C013,A0013,사라진 ‘연말연시’… 소비 침체 한동안 이어질 수도,2025-01-01,https://www.chosun.com/economy/industry-company/2025/01/01/Z6WEUBU6FBBDLGDAZFP5PNS574,"이 회사 관계자는 “인건비, 임차료 상승을 고려하면 역성장한 것”이라고 말했다.",한 대형 마트의 12월 1~30일 매출 신장률은 전년 같은 기간과 비교해 0%였다.,하지만 최근 분위기는 다르다.,False,특정 기업의 매출 관련 분석이므로 KOSIS에서 검증하기 어렵다.,high,hcx,HCX-007,isclaim-v1.3-prev2-context,2026-07-30
A0013-C014,A0013,사라진 ‘연말연시’… 소비 침체 한동안 이어질 수도,2025-01-01,https://www.chosun.com/economy/industry-company/2025/01/01/Z6WEUBU6FBBDLGDAZFP5PNS574,서울 광화문의 한 중식당 관계자는 “기업인들과 공무원들이 연말 회식을 줄줄이 취소했다”며 “이렇게 조용한 연말은 처음”이라고 말했다.,"이 회사 관계자는 “인건비, 임차료 상승을 고려하면 역성장한 것”이라고 말했다.",한 대형 마트의 12월 1~30일 매출 신장률은 전년 같은 기간과 비교해 0%였다.,False,"현재 문장은 특정 장소에서의 경험에 대한 주관적인 의견을 담고 있으며, 이는 KOSIS에서 검증 가능한 구체적인 수치나 통계적 변화를 주장하지 않습니다.",high,hcx,HCX-007,isclaim-v1.3-prev2-context,2026-07-30
A0013-C015,A0013,사라진 ‘연말연시’… 소비 침체 한동안 이어질 수도,2025-01-01,https://www.chosun.com/economy/industry-company/2025/01/01/Z6WEUBU6FBBDLGDAZFP5PNS574,"12월 들어 비상계엄, 탄핵 정국이 펼쳐지고 지난 29일 179명이 사망한 제주항공 여객기 사고가 발생하면서 기업들은 할인, 행사 등 홍보와 마케팅을 최소화하는 모습이다.",서울 광화문의 한 중식당 관계자는 “기업인들과 공무원들이 연말 회식을 줄줄이 취소했다”며 “이렇게 조용한 연말은 처음”이라고 말했다.,"이 회사 관계자는 “인건비, 임차료 상승을 고려하면 역성장한 것”이라고 말했다.",False,"현재 문장은 비상계엄, 탄핵 정국 및 여객기 사고 등의 상황을 설명하며, 기업의 홍보와 마케팅 최소화에 대한 내용을 담고 있습니다. 이는 특정한 수치나 통계적인 변화를 주장하는 것이 아니므로, KOSIS를 통해 검증 가능한 내용이 아닙니다.",high,hcx,HCX-007,isclaim-v1.3-prev2-context,2026-07-30
A0013-C016,A0013,사라진 ‘연말연시’… 소비 침체 한동안 이어질 수도,2025-01-01,https://www.chosun.com/economy/industry-company/2025/01/01/Z6WEUBU6FBBDLGDAZFP5PNS574,"이마트는 1~5일 새해 첫 할인 행사를 진행하지만, 앱이나 문자 메시지, 소셜미디어를 통한 홍보를 최대한 자제하기로 결정했다.","12월 들어 비상계엄, 탄핵 정국이 펼쳐지고 지난 29일 179명이 사망한 제주항공 여객기 사고가 발생하면서 기업들은 할인, 행사 등 홍보와 마케팅을 최소화하는 모습이다.",서울 광화문의 한 중식당 관계자는 “기업인들과 공무원들이 연말 회식을 줄줄이 취소했다”며 “이렇게 조용한 연말은 처음”이라고 말했다.,False,"현재 문장은 이마트의 새해 첫 할인 행사와 관련된 내용이지만, 이는 특정 기업의 마케팅 전략 및 활동에 대한 설명이므로 KOSIS에서 검증 가능한 수치나 통계적 변화를 주장하지 않습니다.",high,hcx,HCX-007,isclaim-v1.3-prev2-context,2026-07-30
A0013-C017,A0013,사라진 ‘연말연시’… 소비 침체 한동안 이어질 수도,2025-01-01,https://www.chosun.com/economy/industry-company/2025/01/01/Z6WEUBU6FBBDLGDAZFP5PNS574,롯데물산은 31일 서울 잠실 롯데월드타워에서 하기로 한 카운트다운 행사를 취소했다.,"이마트는 1~5일 새해 첫 할인 행사를 진행하지만, 앱이나 문자 메시지, 소셜미디어를 통한 홍보를 최대한 자제하기로 결정했다.","12월 들어 비상계엄, 탄핵 정국이 펼쳐지고 지난 29일 179명이 사망한 제주항공 여객기 사고가 발생하면서 기업들은 할인, 행사 등 홍보와 마케팅을 최소화하는 모습이다.",False,롯데물산이 롯데월드타워에서 하기로 한 카운트다운 행사를 취소했다는 것은 단순한 사건 정보이므로 KOSIS 통계로 검증할 필요가 없습니다.,high,hcx,HCX-007,isclaim-v1.3-prev2-context,2026-07-30
A0013-C018,A0013,사라진 ‘연말연시’… 소비 침체 한동안 이어질 수도,2025-01-01,https://www.chosun.com/economy/industry-company/2025/01/01/Z6WEUBU6FBBDLGDAZFP5PNS574,"롯데월드는 국가 애도 기간인 4일까지 모든 퍼레이드와 공연, 불꽃놀이를 벌이지 않는다.",롯데물산은 31일 서울 잠실 롯데월드타워에서 하기로 한 카운트다운 행사를 취소했다.,"이마트는 1~5일 새해 첫 할인 행사를 진행하지만, 앱이나 문자 메시지, 소셜미디어를 통한 홍보를 최대한 자제하기로 결정했다.",False,"현재 문장은 롯데월드의 이벤트 및 활동 중단에 대한 내용으로, 이는 특정 기업의 일시적인 운영 변경 사항에 해당하며, KOSIS에서 검증 가능한 수치나 통계적 변화와는 관련이 없습니다.",high,hcx,HCX-007,isclaim-v1.3-prev2-context,2026-07-30
A0013-C019,A0013,사라진 ‘연말연시’… 소비 침체 한동안 이어질 수도,2025-01-01,https://www.chosun.com/economy/industry-company/2025/01/01/Z6WEUBU6FBBDLGDAZFP5PNS574,에버랜드도 퍼레이드와 불꽃놀이 공연을 중단했다.,"롯데월드는 국가 애도 기간인 4일까지 모든 퍼레이드와 공연, 불꽃놀이를 벌이지 않는다.",롯데물산은 31일 서울 잠실 롯데월드타워에서 하기로 한 카운트다운 행사를 취소했다.,False,"현재 문장은 단순한 사실 전달로서, 특정한 수치나 통계적인 변화를 주장하지 않습니다.",high,hcx,HCX-007,isclaim-v1.3-prev2-context,2026-07-30
A0013-C020,A0013,사라진 ‘연말연시’… 소비 침체 한동안 이어질 수도,2025-01-01,https://www.chosun.com/economy/industry-company/2025/01/01/Z6WEUBU6FBBDLGDAZFP5PNS574,홈쇼핑 업계는 국가 애도 기간 여행 상품 방송을 중단한다.,에버랜드도 퍼레이드와 불꽃놀이 공연을 중단했다.,"롯데월드는 국가 애도 기간인 4일까지 모든 퍼레이드와 공연, 불꽃놀이를 벌이지 않는다.",False,홈쇼핑 업계의 여행 상품 방송 중단 여부는 특정한 수치나 통계적 변화를 주장하는 것이 아니므로 해당 문장은 검증 대상이 아닙니다.,high,hcx,HCX-007,isclaim-v1.3-prev2-context,2026-07-30
A0013-C021,A0013,사라진 ‘연말연시’… 소비 침체 한동안 이어질 수도,2025-01-01,https://www.chosun.com/economy/industry-company/2025/01/01/Z6WEUBU6FBBDLGDAZFP5PNS574,◇지자체도 “연말연시 행사할 때 아니다” 지자체들은 연말연시 특수를 기대하며 준비한 행사를 취소하거나 축소했다.,홈쇼핑 업계는 국가 애도 기간 여행 상품 방송을 중단한다.,에버랜드도 퍼레이드와 불꽃놀이 공연을 중단했다.,False,"현재 문장은 지자체들이 연말연시 행사를 취소하거나 축소했다는 내용이지만, 이는 구체적인 수치나 통계적인 변화를 포함하지 않습니다.",high,hcx,HCX-007,isclaim-v1.3-prev2-context,2026-07-30
A0013-C022,A0013,사라진 ‘연말연시’… 소비 침체 한동안 이어질 수도,2025-01-01,https://www.chosun.com/economy/industry-company/2025/01/01/Z6WEUBU6FBBDLGDAZFP5PNS574,"강릉시는 경포해수욕장과 정동진 모래시계 공원에서 할 예정이던 불꽃놀이를 하지 않기로 했고, 삼척시도 삼척해수욕장에서 열리는 ‘삼척 카운트다운’ 행사를 취소했다.",◇지자체도 “연말연시 행사할 때 아니다” 지자체들은 연말연시 특수를 기대하며 준비한 행사를 취소하거나 축소했다.,홈쇼핑 업계는 국가 애도 기간 여행 상품 방송을 중단한다.,False,"현재 문장은 강릉시와 삼척시의 특정 이벤트 취소에 대한 내용으로, 이는 수치나 통계적인 변화를 주장하는 것이 아닙니다.",high,hcx,HCX-007,isclaim-v1.3-prev2-context,2026-07-30
A0013-C023,A0013,사라진 ‘연말연시’… 소비 침체 한동안 이어질 수도,2025-01-01,https://www.chosun.com/economy/industry-company/2025/01/01/Z6WEUBU6FBBDLGDAZFP5PNS574,제주 성산 일출봉에서 열리는 성산 일출제와 성산 일출봉 야간 산행도 취소했다.,"강릉시는 경포해수욕장과 정동진 모래시계 공원에서 할 예정이던 불꽃놀이를 하지 않기로 했고, 삼척시도 삼척해수욕장에서 열리는 ‘삼척 카운트다운’ 행사를 취소했다.",◇지자체도 “연말연시 행사할 때 아니다” 지자체들은 연말연시 특수를 기대하며 준비한 행사를 취소하거나 축소했다.,False,"현재 문장은 제주 성산 일출봉에서의 행사 취소에 대한 내용으로, 이는 단순한 사건 정보 제공이지 수치나 통계적인 변화를 주장하는 내용이 아닙니다.",high,hcx,HCX-007,isclaim-v1.3-prev2-context,2026-07-30
A0013-C024,A0013,사라진 ‘연말연시’… 소비 침체 한동안 이어질 수도,2025-01-01,https://www.chosun.com/economy/industry-company/2025/01/01/Z6WEUBU6FBBDLGDAZFP5PNS574,상인들은 울상이다.,제주 성산 일출봉에서 열리는 성산 일출제와 성산 일출봉 야간 산행도 취소했다.,"강릉시는 경포해수욕장과 정동진 모래시계 공원에서 할 예정이던 불꽃놀이를 하지 않기로 했고, 삼척시도 삼척해수욕장에서 열리는 ‘삼척 카운트다운’ 행사를 취소했다.",False,"현재 문장은 상인들이 울상이라는 감정 상태를 표현하고 있으며, 이는 수치나 통계적인 정보와는 관련이 없습니다.",high,hcx,HCX-007,isclaim-v1.3-prev2-context,2026-07-30
A0013-C025,A0013,사라진 ‘연말연시’… 소비 침체 한동안 이어질 수도,2025-01-01,https://www.chosun.com/economy/industry-company/2025/01/01/Z6WEUBU6FBBDLGDAZFP5PNS574,"해넘이, 해돋이를 보기 위해 명소를 찾는 발걸음은 이어지지만, 차분한 분위기로 특수를 기대하기는 어렵기 때문이다.",상인들은 울상이다.,제주 성산 일출봉에서 열리는 성산 일출제와 성산 일출봉 야간 산행도 취소했다.,False,"현재 문장은 해넘이와 해돋이를 보려는 사람들의 행동에 대한 서술로, 구체적인 수치나 통계적 변화를 주장하지 않습니다.",high,hcx,HCX-007,isclaim-v1.3-prev2-context,2026-07-30
A0013-C026,A0013,사라진 ‘연말연시’… 소비 침체 한동안 이어질 수도,2025-01-01,https://www.chosun.com/economy/industry-company/2025/01/01/Z6WEUBU6FBBDLGDAZFP5PNS574,자영업자 커뮤니티에서는 “단체 주문을 받고 재료를 다 준비해 놨는데 취소 전화가 계속 온다” “1년 내내 너무 힘들었는데 연말연시까지 착잡하다” 등의 글을 쉽게 찾아볼 수 있다.,"해넘이, 해돋이를 보기 위해 명소를 찾는 발걸음은 이어지지만, 차분한 분위기로 특수를 기대하기는 어렵기 때문이다.",상인들은 울상이다.,False,현재 문장은 자영업자들의 어려움에 대한 감정적인 표현이므로 수치나 통계적 변화를 주장하지 않는다.,high,hcx,HCX-007,isclaim-v1.3-prev2-context,2026-07-30
A0013-C027,A0013,사라진 ‘연말연시’… 소비 침체 한동안 이어질 수도,2025-01-01,https://www.chosun.com/economy/industry-company/2025/01/01/Z6WEUBU6FBBDLGDAZFP5PNS574,"제주항공 여객기 사고로 ‘올스톱’했지만, 경제계는 12월 들어 소비 진작을 강조해 왔다.",자영업자 커뮤니티에서는 “단체 주문을 받고 재료를 다 준비해 놨는데 취소 전화가 계속 온다” “1년 내내 너무 힘들었는데 연말연시까지 착잡하다” 등의 글을 쉽게 찾아볼 수 있다.,"해넘이, 해돋이를 보기 위해 명소를 찾는 발걸음은 이어지지만, 차분한 분위기로 특수를 기대하기는 어렵기 때문이다.",False,"현재 문장은 제주항공 여객기 사고와 경제계의 소비 진작 강조를 언급하지만, 이는 구체적인 수치나 통계적 변화를 주장하는 내용이 아닙니다.",high,hcx,HCX-007,isclaim-v1.3-prev2-context,2026-07-30
A0013-C028,A0013,사라진 ‘연말연시’… 소비 침체 한동안 이어질 수도,2025-01-01,https://www.chosun.com/economy/industry-company/2025/01/01/Z6WEUBU6FBBDLGDAZFP5PNS574,"2024년 계속된 소비 위축이 2025년까지 이어지면 안 된다는 절박감에 지역 특산물 구매, 협력사 납품 대금 조기 지급을 권고하는 등 내수 진작에 발 벗고 나선 것이다.","제주항공 여객기 사고로 ‘올스톱’했지만, 경제계는 12월 들어 소비 진작을 강조해 왔다.",자영업자 커뮤니티에서는 “단체 주문을 받고 재료를 다 준비해 놨는데 취소 전화가 계속 온다” “1년 내내 너무 힘들었는데 연말연시까지 착잡하다” 등의 글을 쉽게 찾아볼 수 있다.,True,"문장에서 '2024년 계속된 소비 위축이 2025년까지 이어진다'라는 내용은 경제 상황에 대한 분석 및 예측으로서, 이는 국가통계포털(KOSIS) 등에서 관련 통계를 통해 검증할 수 있는 내용이다.",high,hcx,HCX-007,isclaim-v1.3-prev2-context,2026-07-30
A0013-C029,A0013,사라진 ‘연말연시’… 소비 침체 한동안 이어질 수도,2025-01-01,https://www.chosun.com/economy/industry-company/2025/01/01/Z6WEUBU6FBBDLGDAZFP5PNS574,재계에서는 2025년에도 내수 활성화를 위한 기업과 경제 단체의 캠페인이 이어질 것이라는 전망이 나온다.,"2024년 계속된 소비 위축이 2025년까지 이어지면 안 된다는 절박감에 지역 특산물 구매, 협력사 납품 대금 조기 지급을 권고하는 등 내수 진작에 발 벗고 나선 것이다.","제주항공 여객기 사고로 ‘올스톱’했지만, 경제계는 12월 들어 소비 진작을 강조해 왔다.",False,"현재 문장은 재계의 내수 활성화 캠페인에 대한 전망이므로, 이는 단순한 예측 및 평가로서 KOSIS 통계로 검증 가능한 수치나 통계적 변화에 해당하지 않습니다.",high,hcx,HCX-007,isclaim-v1.3-prev2-context,2026-07-30
A0013-C030,A0013,사라진 ‘연말연시’… 소비 침체 한동안 이어질 수도,2025-01-01,https://www.chosun.com/economy/industry-company/2025/01/01/Z6WEUBU6FBBDLGDAZFP5PNS574,석남준 기자 2009년 조선일보 입사.,재계에서는 2025년에도 내수 활성화를 위한 기업과 경제 단체의 캠페인이 이어질 것이라는 전망이 나온다.,"2024년 계속된 소비 위축이 2025년까지 이어지면 안 된다는 절박감에 지역 특산물 구매, 협력사 납품 대금 조기 지급을 권고하는 등 내수 진작에 발 벗고 나선 것이다.",False,"기자의 입사 연도를 나타내는 단순한 정보 제공이므로, 이는 KOSIS에서 검증 가능한 수치나 통계적 변화와 관련이 없습니다.",high,hcx,HCX-007,isclaim-v1.3-prev2-context,2026-07-30
A0013-C031,A0013,사라진 ‘연말연시’… 소비 침체 한동안 이어질 수도,2025-01-01,https://www.chosun.com/economy/industry-company/2025/01/01/Z6WEUBU6FBBDLGDAZFP5PNS574,2013~2014년 베를린 특파원.,석남준 기자 2009년 조선일보 입사.,재계에서는 2025년에도 내수 활성화를 위한 기업과 경제 단체의 캠페인이 이어질 것이라는 전망이 나온다.,False,"현재 문장은 저자의 경력 정보로서, 수치나 통계적 변화를 주장하는 내용이 아닙니다.",high,hcx,HCX-007,isclaim-v1.3-prev2-context,2026-07-30
A0013-C032,A0013,사라진 ‘연말연시’… 소비 침체 한동안 이어질 수도,2025-01-01,https://www.chosun.com/economy/industry-company/2025/01/01/Z6WEUBU6FBBDLGDAZFP5PNS574,"사회부에서 서울경찰청, 서울중앙지검 등을 출입했고, 최근에는 산업부에서 유통팀장을 맡았다.",2013~2014년 베를린 특파원.,석남준 기자 2009년 조선일보 입사.,False,기자의 경력 및 소속 부서에 대한 정보는 수치나 통계적 변화를 주장하는 내용이 아니므로 해당되지 않습니다.,high,hcx,HCX-007,isclaim-v1.3-prev2-context,2026-07-30
A0013-C033,A0013,사라진 ‘연말연시’… 소비 침체 한동안 이어질 수도,2025-01-01,https://www.chosun.com/economy/industry-company/2025/01/01/Z6WEUBU6FBBDLGDAZFP5PNS574,삼성언론상 두 차례와 관훈언론상 등을 수상했다.,"사회부에서 서울경찰청, 서울중앙지검 등을 출입했고, 최근에는 산업부에서 유통팀장을 맡았다.",2013~2014년 베를린 특파원.,False,"현재 문장은 언론상 수상 이력에 대한 내용으로, 이는 개인 혹은 조직의 성취나 기록에 관한 정보이지 국가통계포털(KOSIS)에서 제공하는 통계와는 관련이 없습니다.",high,hcx,HCX-007,isclaim-v1.3-prev2-context,2026-07-30
A0013-C034,A0013,사라진 ‘연말연시’… 소비 침체 한동안 이어질 수도,2025-01-01,https://www.chosun.com/economy/industry-company/2025/01/01/Z6WEUBU6FBBDLGDAZFP5PNS574,구독수 221,삼성언론상 두 차례와 관훈언론상 등을 수상했다.,"사회부에서 서울경찰청, 서울중앙지검 등을 출입했고, 최근에는 산업부에서 유통팀장을 맡았다.",False,"구독수는 특정 기사의 개별적인 수치로서, 국가통계포털(KOSIS)에서 이를 대조하거나 검증하기 어려운 정보입니다.",high,hcx,HCX-007,isclaim-v1.3-prev2-context,2026-07-30
A0014-C001,A0014,북한군 시신서 망가진 수류탄 나와…엉터리 보급 받았나?,2025-01-02,https://www.chosun.com/politics/north_korea/2025/01/02/SEIZ7LJ6NZCKXMWBJIHZWJTHOM,러시아·우크라이나전에 파병된 북한군 시신에서 망가진 수류탄이 발견됐다는 증언이 나왔다.,,,False,"현재 문장은 러시아·우크라이나전에서 파병된 북한군의 상황에 대한 정보 제공이지만, 이는 특정한 수치나 통계적인 변화를 주장하는 내용이 아닙니다.",high,hcx,HCX-007,isclaim-v1.3-prev2-context,2026-07-30
A0014-C002,A0014,북한군 시신서 망가진 수류탄 나와…엉터리 보급 받았나?,2025-01-02,https://www.chosun.com/politics/north_korea/2025/01/02/SEIZ7LJ6NZCKXMWBJIHZWJTHOM,북한군이 엉터리 보급을 받은 것 아니냐는 추측이 나온다.,러시아·우크라이나전에 파병된 북한군 시신에서 망가진 수류탄이 발견됐다는 증언이 나왔다.,,False,북한군의 보급 상태에 대한 단순한 추측이므로 KOSIS 통계로 검증할 수 없다.,high,hcx,HCX-007,isclaim-v1.3-prev2-context,2026-07-30
A0014-C003,A0014,북한군 시신서 망가진 수류탄 나와…엉터리 보급 받았나?,2025-01-02,https://www.chosun.com/politics/north_korea/2025/01/02/SEIZ7LJ6NZCKXMWBJIHZWJTHOM,"지난달 30일 북한전문매체 자유아시아방송(RFA)에 따르면 러시아 쿠르스크 지역에서 북한군과 교전했던 우크라이나 군인은 북한군의 시신에서 전투식량과 무전기 같은 필수품은 찾아볼 수 없었고, 망가진 수류탄이나 담배, 라이터 등만 발견됐다고 주장했다.",북한군이 엉터리 보급을 받은 것 아니냐는 추측이 나온다.,러시아·우크라이나전에 파병된 북한군 시신에서 망가진 수류탄이 발견됐다는 증언이 나왔다.,False,"현재 문장은 북한군의 보급 상태에 대한 증언이지만, 이는 특정한 수치나 통계적인 변화를 주장하는 것이 아닙니다.",high,hcx,HCX-007,isclaim-v1.3-prev2-context,2026-07-30
A0014-C004,A0014,북한군 시신서 망가진 수류탄 나와…엉터리 보급 받았나?,2025-01-02,https://www.chosun.com/politics/north_korea/2025/01/02/SEIZ7LJ6NZCKXMWBJIHZWJTHOM,"우크라이나 제8특수작전연대 미하일로 마카루크(Mykhailo Makaruk) 작전 하사는 RFA와의 인터뷰에서 북한 병사들의 무기와 보급품이 상당히 열악한 상황이라며 “최신 장비는 전혀 없었고, 오로지 구식 소련제 무기에 의존하고 있었다”고 주장했다.","지난달 30일 북한전문매체 자유아시아방송(RFA)에 따르면 러시아 쿠르스크 지역에서 북한군과 교전했던 우크라이나 군인은 북한군의 시신에서 전투식량과 무전기 같은 필수품은 찾아볼 수 없었고, 망가진 수류탄이나 담배, 라이터 등만 발견됐다고 주장했다.",북한군이 엉터리 보급을 받은 것 아니냐는 추측이 나온다.,False,"현재 문장은 북한군의 무기와 보급품 상태에 대한 주관적인 평가나 주장으로, 특정한 수치나 통계적 변화를 언급하지 않습니다.",high,hcx,HCX-007,isclaim-v1.3-prev2-context,2026-07-30
A0014-C005,A0014,북한군 시신서 망가진 수류탄 나와…엉터리 보급 받았나?,2025-01-02,https://www.chosun.com/politics/north_korea/2025/01/02/SEIZ7LJ6NZCKXMWBJIHZWJTHOM,"마카루크 하사는 “북한군들의 가방에는 전투식량이 없었다. 의료병들의 물품도 부실했다”며 “대신 수류탄을 소지하고 있었다. 소련식 수류탄이 아니라, 완전히 망가진 RGO수류탄을 사용했다”고 주장했다.","우크라이나 제8특수작전연대 미하일로 마카루크(Mykhailo Makaruk) 작전 하사는 RFA와의 인터뷰에서 북한 병사들의 무기와 보급품이 상당히 열악한 상황이라며 “최신 장비는 전혀 없었고, 오로지 구식 소련제 무기에 의존하고 있었다”고 주장했다.","지난달 30일 북한전문매체 자유아시아방송(RFA)에 따르면 러시아 쿠르스크 지역에서 북한군과 교전했던 우크라이나 군인은 북한군의 시신에서 전투식량과 무전기 같은 필수품은 찾아볼 수 없었고, 망가진 수류탄이나 담배, 라이터 등만 발견됐다고 주장했다.",False,"현재 문장은 북한군의 전투식량 및 의료 물품 상태에 대한 구체적인 서술이지만, 이는 특정한 수치나 통계적인 변화를 주장하는 것이 아니므로 KOSIS를 통해 검증할 수 있는 내용이 아닙니다.",high,hcx,HCX-007,isclaim-v1.3-prev2-context,2026-07-30
A0014-C006,A0014,북한군 시신서 망가진 수류탄 나와…엉터리 보급 받았나?,2025-01-02,https://www.chosun.com/politics/north_korea/2025/01/02/SEIZ7LJ6NZCKXMWBJIHZWJTHOM,"또한, 가방에서 러시아산 담배와 다수의 라이터가 발견되었다며 일부는 물물교환 화폐로 사용되거나 기념품으로 보관된 것으로 보였다고 주장했다.","마카루크 하사는 “북한군들의 가방에는 전투식량이 없었다. 의료병들의 물품도 부실했다”며 “대신 수류탄을 소지하고 있었다. 소련식 수류탄이 아니라, 완전히 망가진 RGO수류탄을 사용했다”고 주장했다.","우크라이나 제8특수작전연대 미하일로 마카루크(Mykhailo Makaruk) 작전 하사는 RFA와의 인터뷰에서 북한 병사들의 무기와 보급품이 상당히 열악한 상황이라며 “최신 장비는 전혀 없었고, 오로지 구식 소련제 무기에 의존하고 있었다”고 주장했다.",False,"현재 문장은 러시아산 담배와 라이터가 발견된 상황에 대한 설명으로, 이는 단순한 현장 상황 보고이지 수치나 통계적인 변화를 주장하는 내용이 아닙니다.",high,hcx,HCX-007,isclaim-v1.3-prev2-context,2026-07-30
A0014-C007,A0014,북한군 시신서 망가진 수류탄 나와…엉터리 보급 받았나?,2025-01-02,https://www.chosun.com/politics/north_korea/2025/01/02/SEIZ7LJ6NZCKXMWBJIHZWJTHOM,한편 북한은 러시아를 지원하기 위해 쿠르스크 지역에 1만∼1만2000명 정도를 파병한 것으로 추산된다.,"또한, 가방에서 러시아산 담배와 다수의 라이터가 발견되었다며 일부는 물물교환 화폐로 사용되거나 기념품으로 보관된 것으로 보였다고 주장했다.","마카루크 하사는 “북한군들의 가방에는 전투식량이 없었다. 의료병들의 물품도 부실했다”며 “대신 수류탄을 소지하고 있었다. 소련식 수류탄이 아니라, 완전히 망가진 RGO수류탄을 사용했다”고 주장했다.",True,"북한이 러시아를 지원하기 위해 쿠르스크 지역에 1만∼1만2000명을 파병했다는 내용은 구체적인 수치와 국가 간 군사적 지원을 언급하며, 이는 국제 관계 및 군사 활동에 대한 정보로서 KOSIS에서 직접적인 대조를 통해 검증하기는 어려울 수 있지만, 해당 정보가 사실인지 여부는 중요한 사안이므로 판단 근거로 삼을 수 있다.",mid,hcx,HCX-007,isclaim-v1.3-prev2-context,2026-07-30
A0014-C008,A0014,북한군 시신서 망가진 수류탄 나와…엉터리 보급 받았나?,2025-01-02,https://www.chosun.com/politics/north_korea/2025/01/02/SEIZ7LJ6NZCKXMWBJIHZWJTHOM,앞서 우크라이나 국방부 산하 정보총국(GUR)은 북한군이 쿠르스크 전선에서 막대한 손실을 입었으며 보급에도 어려움을 겪고 있다고 주장했다.,한편 북한은 러시아를 지원하기 위해 쿠르스크 지역에 1만∼1만2000명 정도를 파병한 것으로 추산된다.,"또한, 가방에서 러시아산 담배와 다수의 라이터가 발견되었다며 일부는 물물교환 화폐로 사용되거나 기념품으로 보관된 것으로 보였다고 주장했다.",False,북한군의 손실 및 보급 문제에 대한 정보는 특정한 통계나 수치적인 변화를 주장하는 것이 아니므로 KOSIS 통계로 검증할 수 없다.,high,hcx,HCX-007,isclaim-v1.3-prev2-context,2026-07-30
A0014-C009,A0014,북한군 시신서 망가진 수류탄 나와…엉터리 보급 받았나?,2025-01-02,https://www.chosun.com/politics/north_korea/2025/01/02/SEIZ7LJ6NZCKXMWBJIHZWJTHOM,우크라이나 측이 공개한 사살된 북한군 병사의 메모 일부분에서는 북한이 범죄자 출신을 파병한 것으로 추정할 수 있는 내용이 발견되기도 했다.,앞서 우크라이나 국방부 산하 정보총국(GUR)은 북한군이 쿠르스크 전선에서 막대한 손실을 입었으며 보급에도 어려움을 겪고 있다고 주장했다.,한편 북한은 러시아를 지원하기 위해 쿠르스크 지역에 1만∼1만2000명 정도를 파병한 것으로 추산된다.,False,"현재 문장은 북한의 파병 관련 내용이지만, 이는 단순한 정보의 제공이지 수치나 비율 등의 통계적인 주장을 포함하지 않습니다.",high,hcx,HCX-007,isclaim-v1.3-prev2-context,2026-07-30
A0015-C001,A0015,"中 비야디, 작년 차 판매량 첫 400만대 넘었다",2025-01-02,https://www.chosun.com/economy/auto/2025/01/02/HTW6CXWRT5CSVMD5Z65DXMTMMQ,중국 전기차 업체 비야디(BYD)의 작년 글로벌 판매량이 재작년 대비 41.3% 급증한 427만대로 집계됐다.,,,True,"현재 문장은 중국 전기차 업체 BYD의 작년 글로벌 판매량 변화에 대한 구체적인 수치를 포함하고 있으며, 이는 국가 단위의 산업 동향 및 성장률을 나타내므로 KOSIS를 통해 관련 통계를 대조하여 검증할 수 있다.",high,hcx,HCX-007,isclaim-v1.3-prev2-context,2026-07-30
A0015-C002,A0015,"中 비야디, 작년 차 판매량 첫 400만대 넘었다",2025-01-02,https://www.chosun.com/economy/auto/2025/01/02/HTW6CXWRT5CSVMD5Z65DXMTMMQ,"첫 400만대 판매를 넘긴 배경으로 ‘플러그인하이브리드(PHEV)’ 수요 급증, 해외 시장 확대가 꼽힌다.",중국 전기차 업체 비야디(BYD)의 작년 글로벌 판매량이 재작년 대비 41.3% 급증한 427만대로 집계됐다.,,False,"현재 문장은 특정 기업의 판매량 증가 원인에 대한 설명이므로, 이는 KOSIS에서 검증 가능한 국내 집계 통계가 아닙니다.",high,hcx,HCX-007,isclaim-v1.3-prev2-context,2026-07-30
A0015-C003,A0015,"中 비야디, 작년 차 판매량 첫 400만대 넘었다",2025-01-02,https://www.chosun.com/economy/auto/2025/01/02/HTW6CXWRT5CSVMD5Z65DXMTMMQ,비야디의 작년 호실적은 PHEV 수요가 급증한 영향이 크다.,"첫 400만대 판매를 넘긴 배경으로 ‘플러그인하이브리드(PHEV)’ 수요 급증, 해외 시장 확대가 꼽힌다.",중국 전기차 업체 비야디(BYD)의 작년 글로벌 판매량이 재작년 대비 41.3% 급증한 427만대로 집계됐다.,False,비야디의 실적 관련 내용은 특정 기업의 매출 및 성과에 대한 정보이므로 KOSIS 통계로 검증하기 어렵습니다.,high,hcx,HCX-007,isclaim-v1.3-prev2-context,2026-07-30
A0015-C004,A0015,"中 비야디, 작년 차 판매량 첫 400만대 넘었다",2025-01-02,https://www.chosun.com/economy/auto/2025/01/02/HTW6CXWRT5CSVMD5Z65DXMTMMQ,"2일 블룸버그통신 등 외신에 따르면, 비야디는 작년 중국을 포함한 세계 시장에서 PHEV 249만대 안팎을 판매했다.",비야디의 작년 호실적은 PHEV 수요가 급증한 영향이 크다.,"첫 400만대 판매를 넘긴 배경으로 ‘플러그인하이브리드(PHEV)’ 수요 급증, 해외 시장 확대가 꼽힌다.",False,"비야디의 플러그인하이브리드(PHEV) 판매량에 대한 구체적인 수치 제공이지만, 이는 특정 기업의 매출 및 실적 정보로서 국가통계포털(KOSIS)에서 제공하는 일반적인 통계와는 거리가 있습니다.",high,hcx,HCX-007,isclaim-v1.3-prev2-context,2026-07-30
A0015-C005,A0015,"中 비야디, 작년 차 판매량 첫 400만대 넘었다",2025-01-02,https://www.chosun.com/economy/auto/2025/01/02/HTW6CXWRT5CSVMD5Z65DXMTMMQ,"PHEV 판매량이 재작년 대비 약 73% 늘어나, 전체 판매량의 절반을 넘어섰다.","2일 블룸버그통신 등 외신에 따르면, 비야디는 작년 중국을 포함한 세계 시장에서 PHEV 249만대 안팎을 판매했다.",비야디의 작년 호실적은 PHEV 수요가 급증한 영향이 크다.,True,"PHEV 판매량 변화에 대한 구체적인 수치와 비교를 포함하고 있으며, 이는 국가 통계 포털(KOSIS)에서 관련 통계를 통해 검증할 수 있는 내용이다.",high,hcx,HCX-007,isclaim-v1.3-prev2-context,2026-07-30
A0015-C006,A0015,"中 비야디, 작년 차 판매량 첫 400만대 넘었다",2025-01-02,https://www.chosun.com/economy/auto/2025/01/02/HTW6CXWRT5CSVMD5Z65DXMTMMQ,"반면, BEV는 약 176만대 판매되며 같은 기간 12% 증가에 그쳤다.","PHEV 판매량이 재작년 대비 약 73% 늘어나, 전체 판매량의 절반을 넘어섰다.","2일 블룸버그통신 등 외신에 따르면, 비야디는 작년 중국을 포함한 세계 시장에서 PHEV 249만대 안팎을 판매했다.",True,"BEV 판매량 증가율에 대한 구체적인 수치와 비교 대상이 제시되어 있어, 이를 국가통계포털(KOSIS)에서 확인하여 검증할 수 있다.",high,hcx,HCX-007,isclaim-v1.3-prev2-context,2026-07-30
A0015-C007,A0015,"中 비야디, 작년 차 판매량 첫 400만대 넘었다",2025-01-02,https://www.chosun.com/economy/auto/2025/01/02/HTW6CXWRT5CSVMD5Z65DXMTMMQ,"PHEV는 전기가 떨어지면 기름으로 달려, 충전 제약을 덜 받기 때문에 최근 ‘순수 전기차(BEV)’의 대체재로 부상하고 있다.","반면, BEV는 약 176만대 판매되며 같은 기간 12% 증가에 그쳤다.","PHEV 판매량이 재작년 대비 약 73% 늘어나, 전체 판매량의 절반을 넘어섰다.",False,"현재 문장은 PHEV와 BEV의 특성과 비교를 설명하며, 이는 단순한 의견이나 평가로서 통계적 변화나 수치적인 주장을 포함하지 않는다.",high,hcx,HCX-007,isclaim-v1.3-prev2-context,2026-07-30
A0015-C008,A0015,"中 비야디, 작년 차 판매량 첫 400만대 넘었다",2025-01-02,https://www.chosun.com/economy/auto/2025/01/02/HTW6CXWRT5CSVMD5Z65DXMTMMQ,해외 시장 확대도 주효했다.,"PHEV는 전기가 떨어지면 기름으로 달려, 충전 제약을 덜 받기 때문에 최근 ‘순수 전기차(BEV)’의 대체재로 부상하고 있다.","반면, BEV는 약 176만대 판매되며 같은 기간 12% 증가에 그쳤다.",False,"해외 시장 확대에 대한 언급은 단순한 의견이나 평가로 보이며, 구체적인 수치나 통계적 변화 방향을 주장하지 않습니다.",high,hcx,HCX-007,isclaim-v1.3-prev2-context,2026-07-30
A0015-C009,A0015,"中 비야디, 작년 차 판매량 첫 400만대 넘었다",2025-01-02,https://www.chosun.com/economy/auto/2025/01/02/HTW6CXWRT5CSVMD5Z65DXMTMMQ,비야디는 작년 중국 외 시장에서 재작년 대비 72% 안팎 늘어난 41만대를 판매했다.,해외 시장 확대도 주효했다.,"PHEV는 전기가 떨어지면 기름으로 달려, 충전 제약을 덜 받기 때문에 최근 ‘순수 전기차(BEV)’의 대체재로 부상하고 있다.",True,"비야디의 판매량이 중국 외 시장에서 재작년 대비 72% 증가한 것으로, 이는 KOSIS에서 해당 시장의 수출 통계나 관련 데이터를 통해 검증할 수 있을 것이다.",high,hcx,HCX-007,isclaim-v1.3-prev2-context,2026-07-30
A0016-C001,A0016,"이창용 “崔대행, 경제 고려한 결정...국무위원들의 비판 답답""",2025-01-02,https://www.chosun.com/economy/economy_general/2025/01/02/4DXLFH5Z3FHTVFG4G6QAWPPABE,이창용 한국은행 총재가 최상목 대통령 권한대행에 대한 지원사격에 나섰다.,,,False,"현재 문장은 단순한 사실 전달로서, 수치나 통계적인 변화를 주장하지 않습니다.",high,hcx,HCX-007,isclaim-v1.3-prev2-context,2026-07-30
A0016-C002,A0016,"이창용 “崔대행, 경제 고려한 결정...국무위원들의 비판 답답""",2025-01-02,https://www.chosun.com/economy/economy_general/2025/01/02/4DXLFH5Z3FHTVFG4G6QAWPPABE,"최 권한대행이 헌법재판관 임명으로 비판 받자, ‘한국 경제를 고려하면 불가피한 선택’이었다고 옹호한 것이다.",이창용 한국은행 총재가 최상목 대통령 권한대행에 대한 지원사격에 나섰다.,,False,"현재 문장은 특정 인물에 대한 정치적 평가나 의견을 담고 있으며, 수치나 통계적인 변화를 주장하지 않습니다.",high,hcx,HCX-007,isclaim-v1.3-prev2-context,2026-07-30
A0016-C003,A0016,"이창용 “崔대행, 경제 고려한 결정...국무위원들의 비판 답답""",2025-01-02,https://www.chosun.com/economy/economy_general/2025/01/02/4DXLFH5Z3FHTVFG4G6QAWPPABE,최 권한대행을 비판하는 일부 국무위원들을 향해선 “고민 좀 하고 이야기했으면 좋겠다”고 작심 발언을 쏟아냈다.,"최 권한대행이 헌법재판관 임명으로 비판 받자, ‘한국 경제를 고려하면 불가피한 선택’이었다고 옹호한 것이다.",이창용 한국은행 총재가 최상목 대통령 권한대행에 대한 지원사격에 나섰다.,False,"현재 문장은 특정 인물에 대한 비판적인 의견을 표현한 것으로, 수치나 통계적 변화를 주장하는 내용이 아닙니다.",high,hcx,HCX-007,isclaim-v1.3-prev2-context,2026-07-30
A0016-C004,A0016,"이창용 “崔대행, 경제 고려한 결정...국무위원들의 비판 답답""",2025-01-02,https://www.chosun.com/economy/economy_general/2025/01/02/4DXLFH5Z3FHTVFG4G6QAWPPABE,이 총재는 2일 한국은행 시무식에서 신년사를 읽던 중 “여러 간부들이 말을 더하지 말랬는데 읽다보니 한 마디 안할 수가 없다”며 “지금 최 대행에 대해 여러 비판이 있는 것은 알고 있다”고 했다.,최 권한대행을 비판하는 일부 국무위원들을 향해선 “고민 좀 하고 이야기했으면 좋겠다”고 작심 발언을 쏟아냈다.,"최 권한대행이 헌법재판관 임명으로 비판 받자, ‘한국 경제를 고려하면 불가피한 선택’이었다고 옹호한 것이다.",False,"현재 문장은 특정 인물에 대한 비판 여부와 관련된 내용으로, 수치나 통계적인 변화를 주장하지 않습니다.",high,hcx,HCX-007,isclaim-v1.3-prev2-context,2026-07-30
A0016-C005,A0016,"이창용 “崔대행, 경제 고려한 결정...국무위원들의 비판 답답""",2025-01-02,https://www.chosun.com/economy/economy_general/2025/01/02/4DXLFH5Z3FHTVFG4G6QAWPPABE,이어 “그러나 비판을 할 때는 최 대행이 그렇게 하지 않았을 경우에 우리 경제가 어떻게 될 것인지에 대한 답도 같이 하시는 것이 좋겠다”면서 “특히 국정에 책임이 있는 국무위원들은 그런 비판이 해외 신용평가사에 어떤 함의가 있는지를 고려해주셨으면 하고 부탁드린다”고 했다.,이 총재는 2일 한국은행 시무식에서 신년사를 읽던 중 “여러 간부들이 말을 더하지 말랬는데 읽다보니 한 마디 안할 수가 없다”며 “지금 최 대행에 대해 여러 비판이 있는 것은 알고 있다”고 했다.,최 권한대행을 비판하는 일부 국무위원들을 향해선 “고민 좀 하고 이야기했으면 좋겠다”고 작심 발언을 쏟아냈다.,False,"현재 문장은 특정 인물에 대한 비판 및 조언에 관한 내용으로, 수치나 통계적인 변화를 주장하지 않습니다.",high,hcx,HCX-007,isclaim-v1.3-prev2-context,2026-07-30
A0016-C006,A0016,"이창용 “崔대행, 경제 고려한 결정...국무위원들의 비판 답답""",2025-01-02,https://www.chosun.com/economy/economy_general/2025/01/02/4DXLFH5Z3FHTVFG4G6QAWPPABE,이 총재는 “신용등급은 한 번 내려가면 다시 올라가기 굉장히 어렵다”고도 강조했다.,이어 “그러나 비판을 할 때는 최 대행이 그렇게 하지 않았을 경우에 우리 경제가 어떻게 될 것인지에 대한 답도 같이 하시는 것이 좋겠다”면서 “특히 국정에 책임이 있는 국무위원들은 그런 비판이 해외 신용평가사에 어떤 함의가 있는지를 고려해주셨으면 하고 부탁드린다”고 했다.,이 총재는 2일 한국은행 시무식에서 신년사를 읽던 중 “여러 간부들이 말을 더하지 말랬는데 읽다보니 한 마디 안할 수가 없다”며 “지금 최 대행에 대해 여러 비판이 있는 것은 알고 있다”고 했다.,False,"현재 문장은 신용등급 하락 후 회복의 어려움에 대한 일반적인 의견을 표현하고 있으며, 이는 특정한 수치나 통계적 변화를 주장하는 내용이 아닙니다.",high,hcx,HCX-007,isclaim-v1.3-prev2-context,2026-07-30
A0016-C007,A0016,"이창용 “崔대행, 경제 고려한 결정...국무위원들의 비판 답답""",2025-01-02,https://www.chosun.com/economy/economy_general/2025/01/02/4DXLFH5Z3FHTVFG4G6QAWPPABE,지난 달 31일 최 권한대행이 헌법재판관 3명 중 2명을 임명하자 일부 국무위원들은 반발했다.,이 총재는 “신용등급은 한 번 내려가면 다시 올라가기 굉장히 어렵다”고도 강조했다.,이어 “그러나 비판을 할 때는 최 대행이 그렇게 하지 않았을 경우에 우리 경제가 어떻게 될 것인지에 대한 답도 같이 하시는 것이 좋겠다”면서 “특히 국정에 책임이 있는 국무위원들은 그런 비판이 해외 신용평가사에 어떤 함의가 있는지를 고려해주셨으면 하고 부탁드린다”고 했다.,False,"현재 문장은 특정 사건에 대한 정치적 반발 상황을 설명하며, 수치나 통계적인 변화를 주장하지 않습니다.",high,hcx,HCX-007,isclaim-v1.3-prev2-context,2026-07-30
A0016-C008,A0016,"이창용 “崔대행, 경제 고려한 결정...국무위원들의 비판 답답""",2025-01-02,https://www.chosun.com/economy/economy_general/2025/01/02/4DXLFH5Z3FHTVFG4G6QAWPPABE,"이 총재는 최 권한대행이 이를 거부했을 경우, 다시 한번 탄핵 가능성이 높아지며 혼란이 가중되고, 이것이 한국의 대외신인도 등에 부정적 영향을 미칠 것이라고 지적한 것이다.",지난 달 31일 최 권한대행이 헌법재판관 3명 중 2명을 임명하자 일부 국무위원들은 반발했다.,이 총재는 “신용등급은 한 번 내려가면 다시 올라가기 굉장히 어렵다”고도 강조했다.,False,"현재 문장은 정치적 상황에 대한 예측 및 평가로서, 구체적인 수치나 통계적 변화를 주장하지 않습니다.",high,hcx,HCX-007,isclaim-v1.3-prev2-context,2026-07-30
A0016-C009,A0016,"이창용 “崔대행, 경제 고려한 결정...국무위원들의 비판 답답""",2025-01-02,https://www.chosun.com/economy/economy_general/2025/01/02/4DXLFH5Z3FHTVFG4G6QAWPPABE,"이미 이날 신년사 원고에 ‘최 권한대행의 결정은 경제를 고려해 어렵지만 불가피한 것’ ‘앞으로 우리 경제 시스템이 정치와 독립적으로 정상작동할 것임을 대내외에 알리는 출발점’ 등의 내용이 담겼지만, 원고에 없는 말을 보태 최 권한대행에 힘을 실었다.","이 총재는 최 권한대행이 이를 거부했을 경우, 다시 한번 탄핵 가능성이 높아지며 혼란이 가중되고, 이것이 한국의 대외신인도 등에 부정적 영향을 미칠 것이라고 지적한 것이다.",지난 달 31일 최 권한대행이 헌법재판관 3명 중 2명을 임명하자 일부 국무위원들은 반발했다.,False,"현재 문장은 특정 사건에 대한 의견 및 평가를 담고 있으며, 통계값이나 통계적 변화 방향에 관한 사실 주장이 아닙니다.",high,hcx,HCX-007,isclaim-v1.3-prev2-context,2026-07-30
A0016-C010,A0016,"이창용 “崔대행, 경제 고려한 결정...국무위원들의 비판 답답""",2025-01-02,https://www.chosun.com/economy/economy_general/2025/01/02/4DXLFH5Z3FHTVFG4G6QAWPPABE,이후 기자실을 방문한 자리에서는 더 날 선 비판을 쏟아 냈다.,"이미 이날 신년사 원고에 ‘최 권한대행의 결정은 경제를 고려해 어렵지만 불가피한 것’ ‘앞으로 우리 경제 시스템이 정치와 독립적으로 정상작동할 것임을 대내외에 알리는 출발점’ 등의 내용이 담겼지만, 원고에 없는 말을 보태 최 권한대행에 힘을 실었다.","이 총재는 최 권한대행이 이를 거부했을 경우, 다시 한번 탄핵 가능성이 높아지며 혼란이 가중되고, 이것이 한국의 대외신인도 등에 부정적 영향을 미칠 것이라고 지적한 것이다.",False,"현재 문장은 단순한 사건 서술로서, 수치나 통계적인 변화를 주장하지 않는다.",high,hcx,HCX-007,isclaim-v1.3-prev2-context,2026-07-30
A0016-C011,A0016,"이창용 “崔대행, 경제 고려한 결정...국무위원들의 비판 답답""",2025-01-02,https://www.chosun.com/economy/economy_general/2025/01/02/4DXLFH5Z3FHTVFG4G6QAWPPABE,"이 총재는 “어려운 결정으로 한국 경제는 튼튼하다는 메시지를 내려고 하는 데, 여기에 책임 있는 사람들이 (최 권한대행을)비난하면 그 메시지를 어떻게 전달하느냐”며 “고민 좀 하고 이야기했으면 좋겠다”고 했다.",이후 기자실을 방문한 자리에서는 더 날 선 비판을 쏟아 냈다.,"이미 이날 신년사 원고에 ‘최 권한대행의 결정은 경제를 고려해 어렵지만 불가피한 것’ ‘앞으로 우리 경제 시스템이 정치와 독립적으로 정상작동할 것임을 대내외에 알리는 출발점’ 등의 내용이 담겼지만, 원고에 없는 말을 보태 최 권한대행에 힘을 실었다.",False,"현재 문장은 경제 상황에 대한 의견 표현이지, 구체적인 수치나 통계적 변화를 주장하는 것이 아닙니다.",high,hcx,HCX-007,isclaim-v1.3-prev2-context,2026-07-30
A0016-C012,A0016,"이창용 “崔대행, 경제 고려한 결정...국무위원들의 비판 답답""",2025-01-02,https://www.chosun.com/economy/economy_general/2025/01/02/4DXLFH5Z3FHTVFG4G6QAWPPABE,현 상황을 두고 “답답하다”고도 표현했다.,"이 총재는 “어려운 결정으로 한국 경제는 튼튼하다는 메시지를 내려고 하는 데, 여기에 책임 있는 사람들이 (최 권한대행을)비난하면 그 메시지를 어떻게 전달하느냐”며 “고민 좀 하고 이야기했으면 좋겠다”고 했다.",이후 기자실을 방문한 자리에서는 더 날 선 비판을 쏟아 냈다.,False,"현재 문장은 단순한 감정 표현으로, 수치나 통계적인 변화를 주장하지 않습니다.",high,hcx,HCX-007,isclaim-v1.3-prev2-context,2026-07-30
A0016-C013,A0016,"이창용 “崔대행, 경제 고려한 결정...국무위원들의 비판 답답""",2025-01-02,https://www.chosun.com/economy/economy_general/2025/01/02/4DXLFH5Z3FHTVFG4G6QAWPPABE,또 “(최 권한대행이)다른 분들이 비난할 줄 알면서도 결정을 해줘서 경제와 정치가 분리되는 토대를 만들어줬다”며 “공직자로 차후에 나중에 굉장히 크게 평가 받을 것”이라고 했다.,현 상황을 두고 “답답하다”고도 표현했다.,"이 총재는 “어려운 결정으로 한국 경제는 튼튼하다는 메시지를 내려고 하는 데, 여기에 책임 있는 사람들이 (최 권한대행을)비난하면 그 메시지를 어떻게 전달하느냐”며 “고민 좀 하고 이야기했으면 좋겠다”고 했다.",False,"현재 문장은 최 권한대행의 결정과 그에 대한 평가에 관한 내용으로, 수치나 통계적인 변화를 주장하지 않습니다.",high,hcx,HCX-007,isclaim-v1.3-prev2-context,2026-07-30
A0017-C001,A0017,"최상목 권한대행 ""희생자·유가족 명예훼손에 엄중 법적조치""",2025-01-02,https://www.chosun.com/economy/economy_general/2025/01/02/5O6APBIFBNHDXM7IRCDRANWMYI,최상목 대통령 권한대행 부총리 겸 기획재정부 장관이 무안국제공항 제주항공 참사와 관련해 “경찰청 등 사법당국은 모니터링을 통해 희생자와 유가족의 명예를 훼손하는 사안에 대해 엄중한 법적 조치를 취해달라”고 2일 말했다.,,,False,"문장은 특정 사건에 대한 정부의 대응 및 법적 조치 요청에 관한 내용으로, 수치나 통계적 변화를 주장하지 않습니다.",high,hcx,HCX-007,isclaim-v1.3-prev2-context,2026-07-30
A0017-C002,A0017,"최상목 권한대행 ""희생자·유가족 명예훼손에 엄중 법적조치""",2025-01-02,https://www.chosun.com/economy/economy_general/2025/01/02/5O6APBIFBNHDXM7IRCDRANWMYI,"최 권한대행은 이날 오전 정부서울청사에서 진행한 중앙재난안전대책본부 회의 모두발언에서 “언론 보도에 일부 인터넷 SNS 등을 통해 희생자와 유가족 등에 대한 무분별한 게시물과 악의적인 댓글, 허위조작 정보, 자극적인 영상 등이 공유되고 있다고 한다”며 이같이 밝혔다.",최상목 대통령 권한대행 부총리 겸 기획재정부 장관이 무안국제공항 제주항공 참사와 관련해 “경찰청 등 사법당국은 모니터링을 통해 희생자와 유가족의 명예를 훼손하는 사안에 대해 엄중한 법적 조치를 취해달라”고 2일 말했다.,,False,"현재 문장은 언론 보도를 통한 희생자와 유가족 관련 정보의 유통 상황에 대한 언급으로, 수치나 통계적 변화를 주장하지 않는다.",high,hcx,HCX-007,isclaim-v1.3-prev2-context,2026-07-30
A0017-C003,A0017,"최상목 권한대행 ""희생자·유가족 명예훼손에 엄중 법적조치""",2025-01-02,https://www.chosun.com/economy/economy_general/2025/01/02/5O6APBIFBNHDXM7IRCDRANWMYI,그는 “유가족들과 선의의 관계자들을 고통스럽게 만드는 행동은 절대 자제해 주시기를 간곡히 부탁드린다”고 당부했다.,"최 권한대행은 이날 오전 정부서울청사에서 진행한 중앙재난안전대책본부 회의 모두발언에서 “언론 보도에 일부 인터넷 SNS 등을 통해 희생자와 유가족 등에 대한 무분별한 게시물과 악의적인 댓글, 허위조작 정보, 자극적인 영상 등이 공유되고 있다고 한다”며 이같이 밝혔다.",최상목 대통령 권한대행 부총리 겸 기획재정부 장관이 무안국제공항 제주항공 참사와 관련해 “경찰청 등 사법당국은 모니터링을 통해 희생자와 유가족의 명예를 훼손하는 사안에 대해 엄중한 법적 조치를 취해달라”고 2일 말했다.,False,"현재 문장은 유가족과 선의의 관계자들에게 고통스러운 행동을 자제하라는 당부의 말로, 수치나 통계적 변화를 주장하는 내용이 아닙니다.",high,hcx,HCX-007,isclaim-v1.3-prev2-context,2026-07-30
A0017-C004,A0017,"최상목 권한대행 ""희생자·유가족 명예훼손에 엄중 법적조치""",2025-01-02,https://www.chosun.com/economy/economy_general/2025/01/02/5O6APBIFBNHDXM7IRCDRANWMYI,최 권한대행은 또 “어젯밤 기준으로 희생자 24분이 장례식장에 안치됐다”며 “희생자 인도는 전적으로 유가족의 뜻을 존중해 진행될 것”이라고 말했다.,그는 “유가족들과 선의의 관계자들을 고통스럽게 만드는 행동은 절대 자제해 주시기를 간곡히 부탁드린다”고 당부했다.,"최 권한대행은 이날 오전 정부서울청사에서 진행한 중앙재난안전대책본부 회의 모두발언에서 “언론 보도에 일부 인터넷 SNS 등을 통해 희생자와 유가족 등에 대한 무분별한 게시물과 악의적인 댓글, 허위조작 정보, 자극적인 영상 등이 공유되고 있다고 한다”며 이같이 밝혔다.",False,"현재 문장은 특정한 사건에서의 희생자 수를 언급하고 있으며, 이는 단순한 사건 관련 정보로서 국가집계 통계의 범주에 속하지 않습니다.",high,hcx,HCX-007,isclaim-v1.3-prev2-context,2026-07-30
A0017-C005,A0017,"최상목 권한대행 ""희생자·유가족 명예훼손에 엄중 법적조치""",2025-01-02,https://www.chosun.com/economy/economy_general/2025/01/02/5O6APBIFBNHDXM7IRCDRANWMYI,"그러면서 “보건복지부, 지방자치단체 등 관계기관에서는 장례 절차를 진행하는 과정에서 유가족분들이 어려움을 겪지 않도록 필요한 지원을 충분히 해드리기 바란다”며 “정부는 장례 절차가 마무리되더라도 유가족들을 끝까지 살피고 필요한 지원을 아끼지 않겠다”고 강조했다.",최 권한대행은 또 “어젯밤 기준으로 희생자 24분이 장례식장에 안치됐다”며 “희생자 인도는 전적으로 유가족의 뜻을 존중해 진행될 것”이라고 말했다.,그는 “유가족들과 선의의 관계자들을 고통스럽게 만드는 행동은 절대 자제해 주시기를 간곡히 부탁드린다”고 당부했다.,False,현재 문장은 정부의 지원 및 조치에 대한 약속이므로 수치나 통계적 변화를 주장하지 않는다.,high,hcx,HCX-007,isclaim-v1.3-prev2-context,2026-07-30
A0017-C006,A0017,"최상목 권한대행 ""희생자·유가족 명예훼손에 엄중 법적조치""",2025-01-02,https://www.chosun.com/economy/economy_general/2025/01/02/5O6APBIFBNHDXM7IRCDRANWMYI,그는 아울러 “음성 기록 장치에서 추출된 자료는 내일까지 음성으로 전환하고 비행 기록 장치는 우리 조사관이 참여한 가운데 미국 국가교통안전위원회(NTSB)에서 분석이 개시될 예정”이라고 덧붙였다.,"그러면서 “보건복지부, 지방자치단체 등 관계기관에서는 장례 절차를 진행하는 과정에서 유가족분들이 어려움을 겪지 않도록 필요한 지원을 충분히 해드리기 바란다”며 “정부는 장례 절차가 마무리되더라도 유가족들을 끝까지 살피고 필요한 지원을 아끼지 않겠다”고 강조했다.",최 권한대행은 또 “어젯밤 기준으로 희생자 24분이 장례식장에 안치됐다”며 “희생자 인도는 전적으로 유가족의 뜻을 존중해 진행될 것”이라고 말했다.,False,"현재 문장은 사고 조사 과정 및 음성 기록 장치와 비행 기록 장치의 분석 계획에 대한 내용으로, 수치나 통계적인 변화를 주장하는 내용이 아닙니다.",high,hcx,HCX-007,isclaim-v1.3-prev2-context,2026-07-30
A0018-C001,A0018,반도체 덕에… 지난해 수출 6838억달러 역대 최대,2025-01-02,https://www.chosun.com/economy/economy_general/2025/01/02/6MYGM52QIVHUJBIZYYFBUW5IQM,작년 한 해 전체 수출액이 6838억달러(약 1006조원)로 2023년에 비해 8.2% 증가했다고 산업통상자원부와 관세청이 1일 밝혔다.,,,True,작년 한 해 전체 수출액이 6838억달러로 2023년에 비해 8.2% 증가했다는 내용은 국가 경제 지표로서 KOSIS에서 관련 통계를 통해 검증할 수 있다.,high,hcx,HCX-007,isclaim-v1.3-prev2-context,2026-07-30
A0018-C002,A0018,반도체 덕에… 지난해 수출 6838억달러 역대 최대,2025-01-02,https://www.chosun.com/economy/economy_general/2025/01/02/6MYGM52QIVHUJBIZYYFBUW5IQM,기존 역대 최대 규모였던 2022년 기록(6836억달러)을 2억달러 웃돌아 역대 최대 수출 실적을 달성했다.,작년 한 해 전체 수출액이 6838억달러(약 1006조원)로 2023년에 비해 8.2% 증가했다고 산업통상자원부와 관세청이 1일 밝혔다.,,True,기존 역대 최대 규모였던 2022년 기록을 초과하여 역대 최대 수출 실적을 달성했다는 내용은 국가 간 교역의 결과로서 KOSIS를 통해 검증 가능한 국내 집계 통계 정보이기 때문에 해당된다.,high,hcx,HCX-007,isclaim-v1.3-prev2-context,2026-07-30
A0018-C003,A0018,반도체 덕에… 지난해 수출 6838억달러 역대 최대,2025-01-02,https://www.chosun.com/economy/economy_general/2025/01/02/6MYGM52QIVHUJBIZYYFBUW5IQM,주력 수출 품목인 반도체 수출액이 1419억달러로 역대 최대치를 고쳐 쓰면서 수출 증가세를 주도했다.,기존 역대 최대 규모였던 2022년 기록(6836억달러)을 2억달러 웃돌아 역대 최대 수출 실적을 달성했다.,작년 한 해 전체 수출액이 6838억달러(약 1006조원)로 2023년에 비해 8.2% 증가했다고 산업통상자원부와 관세청이 1일 밝혔다.,True,주력 수출 품목인 반도체 수출액이 1419억달러로 역대 최대치를 기록했다는 내용은 KOSIS 국가통계포털에서 해당 시점 및 품목별로 수출액을 확인하여 검증할 수 있는 정보이기 때문에 True로 판단합니다.,high,hcx,HCX-007,isclaim-v1.3-prev2-context,2026-07-30
A0018-C004,A0018,반도체 덕에… 지난해 수출 6838억달러 역대 최대,2025-01-02,https://www.chosun.com/economy/economy_general/2025/01/02/6MYGM52QIVHUJBIZYYFBUW5IQM,"작년 한국의 수입액은 전년보다 1.6% 감소한 6320억달러로, 518억달러의 무역 흑자를 기록했다.",주력 수출 품목인 반도체 수출액이 1419억달러로 역대 최대치를 고쳐 쓰면서 수출 증가세를 주도했다.,기존 역대 최대 규모였던 2022년 기록(6836억달러)을 2억달러 웃돌아 역대 최대 수출 실적을 달성했다.,True,"현재 문장은 작년의 수입액과 무역 흑자에 대한 정보를 제공하며, 이는 국가 경제 관련 통계로서 KOSIS에서 확인 가능한 정보입니다.",high,hcx,HCX-007,isclaim-v1.3-prev2-context,2026-07-30
A0018-C005,A0018,반도체 덕에… 지난해 수출 6838억달러 역대 최대,2025-01-02,https://www.chosun.com/economy/economy_general/2025/01/02/6MYGM52QIVHUJBIZYYFBUW5IQM,작년 흑자 폭은 2018년(697억달러 흑자) 이후 6년 만에 최대다.,"작년 한국의 수입액은 전년보다 1.6% 감소한 6320억달러로, 518억달러의 무역 흑자를 기록했다.",주력 수출 품목인 반도체 수출액이 1419억달러로 역대 최대치를 고쳐 쓰면서 수출 증가세를 주도했다.,True,"현재 문장은 작년의 무역 흑자가 2018년 이후 6년 만에 최대라는 내용을 담고 있으며, 이는 국가 간 거래를 나타내는 통계적인 정보로서 KOSIS에서 관련 통계를 통해 검증할 수 있다.",high,hcx,HCX-007,isclaim-v1.3-prev2-context,2026-07-30
A0018-C006,A0018,반도체 덕에… 지난해 수출 6838억달러 역대 최대,2025-01-02,https://www.chosun.com/economy/economy_general/2025/01/02/6MYGM52QIVHUJBIZYYFBUW5IQM,무역수지는 반도체 수출 부진 여파로 2022·2023년 2년 연속 적자를 봤다가 작년에 3년 만에 다시 흑자로 돌아섰다.,작년 흑자 폭은 2018년(697억달러 흑자) 이후 6년 만에 최대다.,"작년 한국의 수입액은 전년보다 1.6% 감소한 6320억달러로, 518억달러의 무역 흑자를 기록했다.",True,"현재 문장은 무역수지가 2022년과 2023년에 적자였다가 2024년에 다시 흑자가 되었다는 내용을 담고 있으며, 이는 KOSIS를 통해 검증 가능한 국내 집계 통계 정보입니다.",high,hcx,HCX-007,isclaim-v1.3-prev2-context,2026-07-30
A0018-C007,A0018,반도체 덕에… 지난해 수출 6838억달러 역대 최대,2025-01-02,https://www.chosun.com/economy/economy_general/2025/01/02/6MYGM52QIVHUJBIZYYFBUW5IQM,작년 수출이 역대 최대 실적을 달성한 것은 4개월 연속 둔화세를 보이던 수출이 지난달 선방했기 때문이다.,무역수지는 반도체 수출 부진 여파로 2022·2023년 2년 연속 적자를 봤다가 작년에 3년 만에 다시 흑자로 돌아섰다.,작년 흑자 폭은 2018년(697억달러 흑자) 이후 6년 만에 최대다.,True,"현재 문장은 '작년 수출이 역대 최대 실적'이라는 수치적인 주장과 '4개월 연속 둔화세' 및 '지난달 선방'이라는 변화를 언급하고 있어, 이는 국가 통계의 변화와 관련이 있을 가능성이 높습니다.",high,hcx,HCX-007,isclaim-v1.3-prev2-context,2026-07-30
A0018-C008,A0018,반도체 덕에… 지난해 수출 6838억달러 역대 최대,2025-01-02,https://www.chosun.com/economy/economy_general/2025/01/02/6MYGM52QIVHUJBIZYYFBUW5IQM,작년 12월 수출은 613억8000만달러로 1년 전 대비 6.6% 늘어 한 달 전(1.4%)에 비해 오름폭을 키웠다.,작년 수출이 역대 최대 실적을 달성한 것은 4개월 연속 둔화세를 보이던 수출이 지난달 선방했기 때문이다.,무역수지는 반도체 수출 부진 여파로 2022·2023년 2년 연속 적자를 봤다가 작년에 3년 만에 다시 흑자로 돌아섰다.,True,"현재 문장은 작년 12월의 수출액이 1년 전 대비 증가한 수치와 그 증가율을 제시하며, 이는 국가 통계의 변화를 나타내는 정보로서 KOSIS를 통해 검증 가능하다.",high,hcx,HCX-007,isclaim-v1.3-prev2-context,2026-07-30
A0018-C009,A0018,반도체 덕에… 지난해 수출 6838억달러 역대 최대,2025-01-02,https://www.chosun.com/economy/economy_general/2025/01/02/6MYGM52QIVHUJBIZYYFBUW5IQM,지난달 수출액은 월간 기준으로 역대 최고치다.,작년 12월 수출은 613억8000만달러로 1년 전 대비 6.6% 늘어 한 달 전(1.4%)에 비해 오름폭을 키웠다.,작년 수출이 역대 최대 실적을 달성한 것은 4개월 연속 둔화세를 보이던 수출이 지난달 선방했기 때문이다.,True,"현재 문장은 '지난달 수출액이 월간 기준으로 역대 최고치다.'라는 내용으로, 이는 KOSIS 국가통계포털에서 해당 시점 및 기간 동안의 수출액 데이터를 통해 검증할 수 있는 수치 주장입니다.",high,hcx,HCX-007,isclaim-v1.3-prev2-context,2026-07-30
A0018-C010,A0018,반도체 덕에… 지난해 수출 6838억달러 역대 최대,2025-01-02,https://www.chosun.com/economy/economy_general/2025/01/02/6MYGM52QIVHUJBIZYYFBUW5IQM,수출 증가율은 작년 8월(10.9%)부터 11월까지 꺾이다가 지난달 들어 반도체 수출이 31.5% 불어나며 오름세로 돌아섰다.,지난달 수출액은 월간 기준으로 역대 최고치다.,작년 12월 수출은 613억8000만달러로 1년 전 대비 6.6% 늘어 한 달 전(1.4%)에 비해 오름폭을 키웠다.,True,"현재 문장은 수출 증가율의 변화에 대해 언급하며, 이는 KOSIS 국가통계포털에서 수출 관련 통계를 통해 검증할 수 있는 내용이기 때문에 True로 판단됩니다.",high,hcx,HCX-007,isclaim-v1.3-prev2-context,2026-07-30
A0018-C011,A0018,반도체 덕에… 지난해 수출 6838억달러 역대 최대,2025-01-02,https://www.chosun.com/economy/economy_general/2025/01/02/6MYGM52QIVHUJBIZYYFBUW5IQM,"다만, 또 다른 수출 효자 품목인 자동차 수출의 부진과 관세 장벽 강화를 내세운 미국의 트럼프 2기 행정부 출범으로 새해 수출 증가율은 작년보다 꺾일 것이라는 전망이 나온다.",수출 증가율은 작년 8월(10.9%)부터 11월까지 꺾이다가 지난달 들어 반도체 수출이 31.5% 불어나며 오름세로 돌아섰다.,지난달 수출액은 월간 기준으로 역대 최고치다.,True,"현재 문장은 미국 트럼프 2기 행정부 출범과 자동차 수출 부진으로 인해 새해 수출 증가율이 작년보다 꺾일 것이라는 전망을 포함하고 있으며, 이는 KOSIS를 통해 수출 증가율 및 관련 통계를 확인하여 검증할 수 있는 내용이다.",high,hcx,HCX-007,isclaim-v1.3-prev2-context,2026-07-30
A0018-C012,A0018,반도체 덕에… 지난해 수출 6838억달러 역대 최대,2025-01-02,https://www.chosun.com/economy/economy_general/2025/01/02/6MYGM52QIVHUJBIZYYFBUW5IQM,한국무역협회 국제무역통상연구원은 지난해 11월 새해 수출 증가율이 1.8%에 그칠 것으로 전망했다.,"다만, 또 다른 수출 효자 품목인 자동차 수출의 부진과 관세 장벽 강화를 내세운 미국의 트럼프 2기 행정부 출범으로 새해 수출 증가율은 작년보다 꺾일 것이라는 전망이 나온다.",수출 증가율은 작년 8월(10.9%)부터 11월까지 꺾이다가 지난달 들어 반도체 수출이 31.5% 불어나며 오름세로 돌아섰다.,True,"현재 문장은 새해 수출 증가율이 1.8%에 그칠 것이라는 예측을 하고 있으며, 이는 KOSIS를 통해 검증 가능한 국내 경제 지표 중 하나인 수출 증가율에 대한 전망이다.",high,hcx,HCX-007,isclaim-v1.3-prev2-context,2026-07-30
A0018-C013,A0018,반도체 덕에… 지난해 수출 6838억달러 역대 최대,2025-01-02,https://www.chosun.com/economy/economy_general/2025/01/02/6MYGM52QIVHUJBIZYYFBUW5IQM,"전 세계적으로 IT(정보통신) 수요가 늘면서 반도체·무선통신기기 등 수출이 늘겠지만, 자동차는 해외 현지 투자, 생산이 늘며 수출이 줄어들 것으로 봤다.",한국무역협회 국제무역통상연구원은 지난해 11월 새해 수출 증가율이 1.8%에 그칠 것으로 전망했다.,"다만, 또 다른 수출 효자 품목인 자동차 수출의 부진과 관세 장벽 강화를 내세운 미국의 트럼프 2기 행정부 출범으로 새해 수출 증가율은 작년보다 꺾일 것이라는 전망이 나온다.",True,"현재 문장은 반도체 및 무선통신기기 등의 수출 증가와 자동차 수출 감소를 언급하며, 이는 KOSIS를 통해 관련 통계를 확인할 수 있는 내용이다.",high,hcx,HCX-007,isclaim-v1.3-prev2-context,2026-07-30
A0018-C014,A0018,반도체 덕에… 지난해 수출 6838억달러 역대 최대,2025-01-02,https://www.chosun.com/economy/economy_general/2025/01/02/6MYGM52QIVHUJBIZYYFBUW5IQM,산업연구원도 같은 달 새해 수출 증가율을 2.2%로 전망하며 “트럼프 행정부의 보편적 관세 부과 정책은 자동차를 중심으로 대미 수출 감소를 유발할 가능성이 있다”고 했다.,"전 세계적으로 IT(정보통신) 수요가 늘면서 반도체·무선통신기기 등 수출이 늘겠지만, 자동차는 해외 현지 투자, 생산이 늘며 수출이 줄어들 것으로 봤다.",한국무역협회 국제무역통상연구원은 지난해 11월 새해 수출 증가율이 1.8%에 그칠 것으로 전망했다.,True,현재 문장은 산업연구원이 새해 수출 증가율을 2.2%로 전망하며 트럼프 행정부의 보편적 관세 부과 정책이 자동차를 중심으로 대미 수출 감소를 유발할 가능성을 언급하고 있습니다.,high,hcx,HCX-007,isclaim-v1.3-prev2-context,2026-07-30
A0019-C001,A0019,최상목 대행 “필요시 추가 경기보강 강구”,2025-01-02,https://www.chosun.com/economy/economy_general/2025/01/02/7VLZMCNZCFH2JCMP262AEPOUFQ,"최상목 대통령 권한대행 부총리 겸 기획재정부 장관이 “미국 신정부의 정책 전개양상, 민생경제 상황 등 경제 여건 전반을 1분기 중 재점검하고, 필요시 추가 경기 보강 방안을 강구하겠다”고 말했다.",,,False,"현재 문장은 정부의 정책 및 계획에 대한 발언으로, 구체적인 수치나 통계적 변화를 주장하지 않습니다.",high,hcx,HCX-007,isclaim-v1.3-prev2-context,2026-07-30
A0019-C002,A0019,최상목 대행 “필요시 추가 경기보강 강구”,2025-01-02,https://www.chosun.com/economy/economy_general/2025/01/02/7VLZMCNZCFH2JCMP262AEPOUFQ,2일 최 권한대행은 정부서울청사에서 경제관계장관회의를 열고 ‘2025년 경제정책방향’을 발표했다.,"최상목 대통령 권한대행 부총리 겸 기획재정부 장관이 “미국 신정부의 정책 전개양상, 민생경제 상황 등 경제 여건 전반을 1분기 중 재점검하고, 필요시 추가 경기 보강 방안을 강구하겠다”고 말했다.",,False,"현재 문장은 정부의 경제정책 발표에 대한 내용으로, 수치나 통계적인 변화를 주장하는 내용이 아닙니다.",high,hcx,HCX-007,isclaim-v1.3-prev2-context,2026-07-30
A0019-C003,A0019,최상목 대행 “필요시 추가 경기보강 강구”,2025-01-02,https://www.chosun.com/economy/economy_general/2025/01/02/7VLZMCNZCFH2JCMP262AEPOUFQ,"이 자리에서 그는 “올해 우리 경제는 미국 신정부 출범과 국내 정치상황이 맞물리며 어느 때보다 큰 대내외 불확실성에 직면할 것으로 예상된다”며 “성장률이 1.8% 수준으로 낮아지며 민생 어려움이 가중되고, 대외 신인도 영향도 우려된다”고 했다.",2일 최 권한대행은 정부서울청사에서 경제관계장관회의를 열고 ‘2025년 경제정책방향’을 발표했다.,"최상목 대통령 권한대행 부총리 겸 기획재정부 장관이 “미국 신정부의 정책 전개양상, 민생경제 상황 등 경제 여건 전반을 1분기 중 재점검하고, 필요시 추가 경기 보강 방안을 강구하겠다”고 말했다.",True,"현재 문장에서 성장률이 1.8% 수준으로 낮아진다는 구체적인 수치와 민생의 어려움 및 대외 신인도에 대한 언급이 있으며, 이는 국가 경제 상황에 대한 예측으로서 KOSIS 등의 공식 통계를 통해 검증될 수 있는 내용이다.",high,hcx,HCX-007,isclaim-v1.3-prev2-context,2026-07-30
A0019-C004,A0019,최상목 대행 “필요시 추가 경기보강 강구”,2025-01-02,https://www.chosun.com/economy/economy_general/2025/01/02/7VLZMCNZCFH2JCMP262AEPOUFQ,그러면서 연초 경기 상황에 따라 추가경정예산(추경) 편성 등 추가 대책을 마련할 수 있음을 시사한 것이다.,"이 자리에서 그는 “올해 우리 경제는 미국 신정부 출범과 국내 정치상황이 맞물리며 어느 때보다 큰 대내외 불확실성에 직면할 것으로 예상된다”며 “성장률이 1.8% 수준으로 낮아지며 민생 어려움이 가중되고, 대외 신인도 영향도 우려된다”고 했다.",2일 최 권한대행은 정부서울청사에서 경제관계장관회의를 열고 ‘2025년 경제정책방향’을 발표했다.,False,"현재 문장은 추가경정예산 편성의 가능성을 언급하지만, 이는 구체적인 수치나 통계적 변화를 주장하는 것이 아니므로 KOSIS 통계로 검증하기 어렵습니다.",high,hcx,HCX-007,isclaim-v1.3-prev2-context,2026-07-30
A0019-C005,A0019,최상목 대행 “필요시 추가 경기보강 강구”,2025-01-02,https://www.chosun.com/economy/economy_general/2025/01/02/7VLZMCNZCFH2JCMP262AEPOUFQ,"이날 최 권한대행은 “무엇보다 민생경제 회복에 총력을 기울이겠다”며 “노인일자리, 청년고용장려금 등 민생지원의 혜택을 새해 벽두부터 국민 한 분 한 분이 실제로 누리게 하겠다”고 했다.",그러면서 연초 경기 상황에 따라 추가경정예산(추경) 편성 등 추가 대책을 마련할 수 있음을 시사한 것이다.,"이 자리에서 그는 “올해 우리 경제는 미국 신정부 출범과 국내 정치상황이 맞물리며 어느 때보다 큰 대내외 불확실성에 직면할 것으로 예상된다”며 “성장률이 1.8% 수준으로 낮아지며 민생 어려움이 가중되고, 대외 신인도 영향도 우려된다”고 했다.",False,"현재 문장은 민생경제 회복 및 지원 정책의 의지를 표현하고 있으며, 구체적인 수치나 통계적 변화를 주장하지 않는다.",high,hcx,HCX-007,isclaim-v1.3-prev2-context,2026-07-30
A0019-C006,A0019,최상목 대행 “필요시 추가 경기보강 강구”,2025-01-02,https://www.chosun.com/economy/economy_general/2025/01/02/7VLZMCNZCFH2JCMP262AEPOUFQ,"이어 “상반기 추가 소비에 대한 소득공제 확대, 자동차 개별소비세 인하 등을 통해 소비 심리 회복에 최선을 다하겠다”며 “, 영세 소상공인 점포 소비에 대한 소득공제 확대 등을 통해 소상공인의 부담은 덜고 매출기반은 넓히겠다”고 했다.","이날 최 권한대행은 “무엇보다 민생경제 회복에 총력을 기울이겠다”며 “노인일자리, 청년고용장려금 등 민생지원의 혜택을 새해 벽두부터 국민 한 분 한 분이 실제로 누리게 하겠다”고 했다.",그러면서 연초 경기 상황에 따라 추가경정예산(추경) 편성 등 추가 대책을 마련할 수 있음을 시사한 것이다.,False,"현재 문장은 정부의 정책 계획 및 지원 방안에 대해 언급하고 있으며, 구체적인 수치나 통계적 변화를 주장하지 않는다.",high,hcx,HCX-007,isclaim-v1.3-prev2-context,2026-07-30
A0019-C007,A0019,최상목 대행 “필요시 추가 경기보강 강구”,2025-01-02,https://www.chosun.com/economy/economy_general/2025/01/02/7VLZMCNZCFH2JCMP262AEPOUFQ,이날 정부가 발표한 경제정책방향에는 올해 상반기(1월 3일~6월 30일)에 출고하는 자동차를 구매하는 경우 개별소비세를 30% 인하해주는 조치 등 내수 부양책이 다수 담겼다.,"이어 “상반기 추가 소비에 대한 소득공제 확대, 자동차 개별소비세 인하 등을 통해 소비 심리 회복에 최선을 다하겠다”며 “, 영세 소상공인 점포 소비에 대한 소득공제 확대 등을 통해 소상공인의 부담은 덜고 매출기반은 넓히겠다”고 했다.","이날 최 권한대행은 “무엇보다 민생경제 회복에 총력을 기울이겠다”며 “노인일자리, 청년고용장려금 등 민생지원의 혜택을 새해 벽두부터 국민 한 분 한 분이 실제로 누리게 하겠다”고 했다.",True,"현재 문장은 정부의 경제정책방향 중 하나로, 올해 상반기에 출고되는 자동차에 대해 개별소비세를 30% 인하해주는 조치를 언급하며 내수 부양책을 설명하고 있다.",high,hcx,HCX-007,isclaim-v1.3-prev2-context,2026-07-30
A0019-C008,A0019,최상목 대행 “필요시 추가 경기보강 강구”,2025-01-02,https://www.chosun.com/economy/economy_general/2025/01/02/7VLZMCNZCFH2JCMP262AEPOUFQ,"비수도권 관광쿠폰 100만장을 새로 배포하고, 근로자 휴가지원 사업 대상 규모를 6만5000명에서 15만명으로 늘리는 등이다.",이날 정부가 발표한 경제정책방향에는 올해 상반기(1월 3일~6월 30일)에 출고하는 자동차를 구매하는 경우 개별소비세를 30% 인하해주는 조치 등 내수 부양책이 다수 담겼다.,"이어 “상반기 추가 소비에 대한 소득공제 확대, 자동차 개별소비세 인하 등을 통해 소비 심리 회복에 최선을 다하겠다”며 “, 영세 소상공인 점포 소비에 대한 소득공제 확대 등을 통해 소상공인의 부담은 덜고 매출기반은 넓히겠다”고 했다.",False,"비수도권 관광쿠폰 배포 및 근로자 휴가 지원 사업의 확대에 관한 내용은 특정 정책 발표로서, 직접적인 수치나 비율 등의 통계적 변화를 주장하는 것이 아닙니다.",high,hcx,HCX-007,isclaim-v1.3-prev2-context,2026-07-30
A0019-C009,A0019,최상목 대행 “필요시 추가 경기보강 강구”,2025-01-02,https://www.chosun.com/economy/economy_general/2025/01/02/7VLZMCNZCFH2JCMP262AEPOUFQ,먹거리 가격 안정을 위해 오렌지와 바나나 등 주요 수입과일 10종에 대해 할당관세를 적용하는 내용도 포함됐다.,"비수도권 관광쿠폰 100만장을 새로 배포하고, 근로자 휴가지원 사업 대상 규모를 6만5000명에서 15만명으로 늘리는 등이다.",이날 정부가 발표한 경제정책방향에는 올해 상반기(1월 3일~6월 30일)에 출고하는 자동차를 구매하는 경우 개별소비세를 30% 인하해주는 조치 등 내수 부양책이 다수 담겼다.,False,"현재 문장은 먹거리 가격 안정 정책에 대한 설명이지만, 구체적인 수치나 통계적인 변화를 주장하지 않습니다.",high,hcx,HCX-007,isclaim-v1.3-prev2-context,2026-07-30
A0019-C010,A0019,최상목 대행 “필요시 추가 경기보강 강구”,2025-01-02,https://www.chosun.com/economy/economy_general/2025/01/02/7VLZMCNZCFH2JCMP262AEPOUFQ,또 다가오는 설 명절에 디지털 온누리상품권 할인 수준을 10%에서 15%로 높이는 방안도 담겼다.,먹거리 가격 안정을 위해 오렌지와 바나나 등 주요 수입과일 10종에 대해 할당관세를 적용하는 내용도 포함됐다.,"비수도권 관광쿠폰 100만장을 새로 배포하고, 근로자 휴가지원 사업 대상 규모를 6만5000명에서 15만명으로 늘리는 등이다.",False,"디지털 온누리상품권 할인 수준의 변화는 정책 변경 사항이지, 통계적인 수치나 비율의 변화에 대한 주장이 아닙니다.",high,hcx,HCX-007,isclaim-v1.3-prev2-context,2026-07-30
A0019-C011,A0019,최상목 대행 “필요시 추가 경기보강 강구”,2025-01-02,https://www.chosun.com/economy/economy_general/2025/01/02/7VLZMCNZCFH2JCMP262AEPOUFQ,"최 권한대행은 올해 세계국채지수(WGBI) 편입을 앞둔 것과 관련해서는 “대외 신인도를 최대한 안정적으로 관리하고, 외국인 투자에 파격적인 현금 보조와 세제 혜택을 제공하겠다”며 “금융·외환시장의 변동성이 확대되는 경우에는 과감하고 신속한 조치를 통해 시장을 안정시키겠다”고 말했다.",또 다가오는 설 명절에 디지털 온누리상품권 할인 수준을 10%에서 15%로 높이는 방안도 담겼다.,먹거리 가격 안정을 위해 오렌지와 바나나 등 주요 수입과일 10종에 대해 할당관세를 적용하는 내용도 포함됐다.,False,"현재 문장은 대외 신인도 관리 및 금융시장 안정화 방안에 대한 정책적 발언으로, 구체적인 수치나 통계적 변화를 주장하지 않는다.",high,hcx,HCX-007,isclaim-v1.3-prev2-context,2026-07-30
A0019-C012,A0019,최상목 대행 “필요시 추가 경기보강 강구”,2025-01-02,https://www.chosun.com/economy/economy_general/2025/01/02/7VLZMCNZCFH2JCMP262AEPOUFQ,최상목 경제정책방향 추경 경제관계장관회의 강우량 기자 2020년 조선일보에 입사해 사회부를 거쳐 경제부에서 일하고 있습니다.,"최 권한대행은 올해 세계국채지수(WGBI) 편입을 앞둔 것과 관련해서는 “대외 신인도를 최대한 안정적으로 관리하고, 외국인 투자에 파격적인 현금 보조와 세제 혜택을 제공하겠다”며 “금융·외환시장의 변동성이 확대되는 경우에는 과감하고 신속한 조치를 통해 시장을 안정시키겠다”고 말했다.",또 다가오는 설 명절에 디지털 온누리상품권 할인 수준을 10%에서 15%로 높이는 방안도 담겼다.,False,"현재 문장은 기자의 소개 및 소속 정보에 대한 내용으로, 수치나 통계적 변화를 주장하는 내용이 없습니다.",high,hcx,HCX-007,isclaim-v1.3-prev2-context,2026-07-30
A0019-C013,A0019,최상목 대행 “필요시 추가 경기보강 강구”,2025-01-02,https://www.chosun.com/economy/economy_general/2025/01/02/7VLZMCNZCFH2JCMP262AEPOUFQ,"금융 당국과 은행, 보험, 카드 등 금융권을 취재하고 있습니다.",최상목 경제정책방향 추경 경제관계장관회의 강우량 기자 2020년 조선일보에 입사해 사회부를 거쳐 경제부에서 일하고 있습니다.,"최 권한대행은 올해 세계국채지수(WGBI) 편입을 앞둔 것과 관련해서는 “대외 신인도를 최대한 안정적으로 관리하고, 외국인 투자에 파격적인 현금 보조와 세제 혜택을 제공하겠다”며 “금융·외환시장의 변동성이 확대되는 경우에는 과감하고 신속한 조치를 통해 시장을 안정시키겠다”고 말했다.",False,"현재 문장은 단순한 직업 정보나 업무 내용을 기술하고 있으며, 수치나 통계적 변화를 주장하는 내용이 아닙니다.",high,hcx,HCX-007,isclaim-v1.3-prev2-context,2026-07-30
A0019-C014,A0019,최상목 대행 “필요시 추가 경기보강 강구”,2025-01-02,https://www.chosun.com/economy/economy_general/2025/01/02/7VLZMCNZCFH2JCMP262AEPOUFQ,"사실을 직시하고, 진실에 귀 기울이겠습니다.","금융 당국과 은행, 보험, 카드 등 금융권을 취재하고 있습니다.",최상목 경제정책방향 추경 경제관계장관회의 강우량 기자 2020년 조선일보에 입사해 사회부를 거쳐 경제부에서 일하고 있습니다.,False,"현재 문장은 단순한 언론사의 슬로건이나 다짐으로서, 어떠한 수치나 통계적인 변화를 주장하지 않습니다.",high,hcx,HCX-007,isclaim-v1.3-prev2-context,2026-07-30
A0019-C015,A0019,최상목 대행 “필요시 추가 경기보강 강구”,2025-01-02,https://www.chosun.com/economy/economy_general/2025/01/02/7VLZMCNZCFH2JCMP262AEPOUFQ,구독수 259 00:00 / 01:35 Technology and Trends in Gangnam Read Article,"사실을 직시하고, 진실에 귀 기울이겠습니다.","금융 당국과 은행, 보험, 카드 등 금융권을 취재하고 있습니다.",False,"구독수는 개별 콘텐츠나 미디어의 소비를 나타내는 것으로, 국가통계포털(KOSIS)에서 다루는 집계 통계와는 관련이 없습니다.",high,hcx,HCX-007,isclaim-v1.3-prev2-context,2026-07-30
A0020-C001,A0020,채용·인력배치 로봇 혁명… “관리·설계직 더 뽑고 야근도 확 줄어”,2025-01-02,https://www.chosun.com/economy/economy_general/2025/01/02/A7CI5RF3WNDZ3IYINXCYLMBVS4,로봇은 이제 대한민국의 산업 현장 구석구석을 바꾸고 있다.,,,False,"로봇이 대한민국 산업 현장에 미치는 영향에 대한 일반적인 서술이므로, 이는 구체적인 수치나 통계적 변화를 주장하지 않는다.",high,hcx,HCX-007,isclaim-v1.3-prev2-context,2026-07-30
A0020-C002,A0020,채용·인력배치 로봇 혁명… “관리·설계직 더 뽑고 야근도 확 줄어”,2025-01-02,https://www.chosun.com/economy/economy_general/2025/01/02/A7CI5RF3WNDZ3IYINXCYLMBVS4,"우리나라는 전 세계에서 로봇 밀도(공장 직원 한 명당 로봇 수)가 가장 높은 국가인 만큼, 많은 기업들은 계속되는 최저임금 상승으로 인한 인건비 문제와 주 52시간 근무제의 한계를 로봇화(化)를 통해 극복하고 있다.",로봇은 이제 대한민국의 산업 현장 구석구석을 바꾸고 있다.,,True,"문장에서 언급된 '로봇 밀도'는 국제 비교 가능한 통계 지표로서, KOSIS 등에서 관련 통계를 찾아볼 수 있을 것으로 판단됩니다.",high,hcx,HCX-007,isclaim-v1.3-prev2-context,2026-07-30
A0020-C003,A0020,채용·인력배치 로봇 혁명… “관리·설계직 더 뽑고 야근도 확 줄어”,2025-01-02,https://www.chosun.com/economy/economy_general/2025/01/02/A7CI5RF3WNDZ3IYINXCYLMBVS4,로봇화 비율이 올라가면서 인력 채용 관행도 달라지는 모습이다.,"우리나라는 전 세계에서 로봇 밀도(공장 직원 한 명당 로봇 수)가 가장 높은 국가인 만큼, 많은 기업들은 계속되는 최저임금 상승으로 인한 인건비 문제와 주 52시간 근무제의 한계를 로봇화(化)를 통해 극복하고 있다.",로봇은 이제 대한민국의 산업 현장 구석구석을 바꾸고 있다.,False,"로봇화 비율이 올라간다는 내용은 구체적인 수치나 비율을 언급하지 않으며, 이는 KOSIS에서 직접적인 검증을 할 수 있는 내용이 아닙니다.",high,hcx,HCX-007,isclaim-v1.3-prev2-context,2026-07-30
A0020-C004,A0020,채용·인력배치 로봇 혁명… “관리·설계직 더 뽑고 야근도 확 줄어”,2025-01-02,https://www.chosun.com/economy/economy_general/2025/01/02/A7CI5RF3WNDZ3IYINXCYLMBVS4,단순 수작업보다는 기술 설계·관리·기획 분야의 직원을 채용하는 경우가 늘어나고 있다.,로봇화 비율이 올라가면서 인력 채용 관행도 달라지는 모습이다.,"우리나라는 전 세계에서 로봇 밀도(공장 직원 한 명당 로봇 수)가 가장 높은 국가인 만큼, 많은 기업들은 계속되는 최저임금 상승으로 인한 인건비 문제와 주 52시간 근무제의 한계를 로봇화(化)를 통해 극복하고 있다.",False,"현재 문장은 단순한 고용 트렌드 변화에 대한 설명으로, 구체적인 수치나 통계적 변화를 주장하지 않습니다.",high,hcx,HCX-007,isclaim-v1.3-prev2-context,2026-07-30
A0020-C005,A0020,채용·인력배치 로봇 혁명… “관리·설계직 더 뽑고 야근도 확 줄어”,2025-01-02,https://www.chosun.com/economy/economy_general/2025/01/02/A7CI5RF3WNDZ3IYINXCYLMBVS4,"로봇 대체가 가능한 기존 업무 담당자들을 다른 분야로 돌리기도 하고, 심지어 야근을 할 업무량도 로봇의 효율성으로 주간 근무시간에 대체하는 등의 아이디어도 나오고 있다.",단순 수작업보다는 기술 설계·관리·기획 분야의 직원을 채용하는 경우가 늘어나고 있다.,로봇화 비율이 올라가면서 인력 채용 관행도 달라지는 모습이다.,False,"로봇 대체 가능성 및 업무 방식의 변화에 대한 언급이지만, 이는 구체적인 수치나 통계적인 변화를 주장하는 것이 아니므로 KOSIS 통계로 검증하기 어렵습니다.",high,hcx,HCX-007,isclaim-v1.3-prev2-context,2026-07-30
A0020-C006,A0020,채용·인력배치 로봇 혁명… “관리·설계직 더 뽑고 야근도 확 줄어”,2025-01-02,https://www.chosun.com/economy/economy_general/2025/01/02/A7CI5RF3WNDZ3IYINXCYLMBVS4,반면 자본력이 부족해 로봇화(化)를 따라잡지 못하는 기업들은 점점 도태되는 그늘도 엄혹한 현실이 되고 있다.,"로봇 대체가 가능한 기존 업무 담당자들을 다른 분야로 돌리기도 하고, 심지어 야근을 할 업무량도 로봇의 효율성으로 주간 근무시간에 대체하는 등의 아이디어도 나오고 있다.",단순 수작업보다는 기술 설계·관리·기획 분야의 직원을 채용하는 경우가 늘어나고 있다.,False,"현재 문장은 기업의 도태 상황에 대한 일반적인 서술로서, 구체적인 수치나 통계적 변화를 주장하지 않습니다.",high,hcx,HCX-007,isclaim-v1.3-prev2-context,2026-07-30
A0020-C007,A0020,채용·인력배치 로봇 혁명… “관리·설계직 더 뽑고 야근도 확 줄어”,2025-01-02,https://www.chosun.com/economy/economy_general/2025/01/02/A7CI5RF3WNDZ3IYINXCYLMBVS4,이들은 “로봇화에 한번 뒤처지니 양극화의 간극을 따라잡기가 갈수록 더 어렵다”고 하소연한다.,반면 자본력이 부족해 로봇화(化)를 따라잡지 못하는 기업들은 점점 도태되는 그늘도 엄혹한 현실이 되고 있다.,"로봇 대체가 가능한 기존 업무 담당자들을 다른 분야로 돌리기도 하고, 심지어 야근을 할 업무량도 로봇의 효율성으로 주간 근무시간에 대체하는 등의 아이디어도 나오고 있다.",False,"현재 문장은 로봇화로 인한 경제적 격차에 대한 주관적인 의견을 표현하고 있으며, 구체적인 수치나 통계적 변화를 언급하지 않습니다.",high,hcx,HCX-007,isclaim-v1.3-prev2-context,2026-07-30
A0020-C008,A0020,채용·인력배치 로봇 혁명… “관리·설계직 더 뽑고 야근도 확 줄어”,2025-01-02,https://www.chosun.com/economy/economy_general/2025/01/02/A7CI5RF3WNDZ3IYINXCYLMBVS4,"◇최저임금 상승과 주 52시간제 한계, 로봇으로 넘는다 광주광역시 광산구에 있는 생활 가전 전용문 제조업체인 뉴서광도 최저임금 상승으로 인건비가 늘자 이를 극복하기 위해 로봇화에 박차를 가한 경우다.",이들은 “로봇화에 한번 뒤처지니 양극화의 간극을 따라잡기가 갈수록 더 어렵다”고 하소연한다.,반면 자본력이 부족해 로봇화(化)를 따라잡지 못하는 기업들은 점점 도태되는 그늘도 엄혹한 현실이 되고 있다.,False,"현재 문장은 최저임금 상승과 주 52시간제의 한계가 로봇화로 해결된다는 내용을 담고 있지만, 이는 구체적인 수치나 통계적인 변화를 주장하는 것이 아니므로 KOSIS 통계로 검증 가능한 내용이 아닙니다.",high,hcx,HCX-007,isclaim-v1.3-prev2-context,2026-07-30
A0020-C009,A0020,채용·인력배치 로봇 혁명… “관리·설계직 더 뽑고 야근도 확 줄어”,2025-01-02,https://www.chosun.com/economy/economy_general/2025/01/02/A7CI5RF3WNDZ3IYINXCYLMBVS4,"이곳 관계자는 “2019년에 최저임금이 8000원대로 오를 때부터 인건비를 줄이기 위해 로봇 도입을 했고 그 결과 전체 공정의 70%가량 로봇화를 이뤘다”면서 “인력을 새로 채용할 때도 단순 작업자보단 기술 설계 및 관리, 기획 부문에서 직원을 뽑는 쪽으로 바뀌었다”고 했다.","◇최저임금 상승과 주 52시간제 한계, 로봇으로 넘는다 광주광역시 광산구에 있는 생활 가전 전용문 제조업체인 뉴서광도 최저임금 상승으로 인건비가 늘자 이를 극복하기 위해 로봇화에 박차를 가한 경우다.",이들은 “로봇화에 한번 뒤처지니 양극화의 간극을 따라잡기가 갈수록 더 어렵다”고 하소연한다.,False,"현재 문장은 특정 기업의 로봇화 진행 상황에 대한 내용으로, 이는 개별 사례에 해당하며 국가 통계의 범주에 속하지 않습니다.",high,hcx,HCX-007,isclaim-v1.3-prev2-context,2026-07-30
A0020-C010,A0020,채용·인력배치 로봇 혁명… “관리·설계직 더 뽑고 야근도 확 줄어”,2025-01-02,https://www.chosun.com/economy/economy_general/2025/01/02/A7CI5RF3WNDZ3IYINXCYLMBVS4,경북 칠곡에 있는 자동차 부품 가공 업체 화신정공은 2016년에 처음 산업용 로봇을 두 대 도입한 이후 현재 로봇 27대를 운용하는 곳이다.,"이곳 관계자는 “2019년에 최저임금이 8000원대로 오를 때부터 인건비를 줄이기 위해 로봇 도입을 했고 그 결과 전체 공정의 70%가량 로봇화를 이뤘다”면서 “인력을 새로 채용할 때도 단순 작업자보단 기술 설계 및 관리, 기획 부문에서 직원을 뽑는 쪽으로 바뀌었다”고 했다.","◇최저임금 상승과 주 52시간제 한계, 로봇으로 넘는다 광주광역시 광산구에 있는 생활 가전 전용문 제조업체인 뉴서광도 최저임금 상승으로 인건비가 늘자 이를 극복하기 위해 로봇화에 박차를 가한 경우다.",False,"현재 문장은 경북 칠곡에 위치한 자동차 부품 가공 업체 화신정공이 산업용 로봇을 도입했다는 사실을 서술하고 있으며, 이는 특정한 수치나 통계적 변화를 주장하는 것이 아닙니다.",high,hcx,HCX-007,isclaim-v1.3-prev2-context,2026-07-30
A0020-C011,A0020,채용·인력배치 로봇 혁명… “관리·설계직 더 뽑고 야근도 확 줄어”,2025-01-02,https://www.chosun.com/economy/economy_general/2025/01/02/A7CI5RF3WNDZ3IYINXCYLMBVS4,전체 공정의 87%까지 로봇화를 이뤘다.,경북 칠곡에 있는 자동차 부품 가공 업체 화신정공은 2016년에 처음 산업용 로봇을 두 대 도입한 이후 현재 로봇 27대를 운용하는 곳이다.,"이곳 관계자는 “2019년에 최저임금이 8000원대로 오를 때부터 인건비를 줄이기 위해 로봇 도입을 했고 그 결과 전체 공정의 70%가량 로봇화를 이뤘다”면서 “인력을 새로 채용할 때도 단순 작업자보단 기술 설계 및 관리, 기획 부문에서 직원을 뽑는 쪽으로 바뀌었다”고 했다.",False,"현재 문장은 특정 기업의 공정 자동화 상태에 대한 정보이므로, 이는 KOSIS 국가통계포털에서 제공하는 통계와는 관련이 없습니다.",high,hcx,HCX-007,isclaim-v1.3-prev2-context,2026-07-30
A0020-C012,A0020,채용·인력배치 로봇 혁명… “관리·설계직 더 뽑고 야근도 확 줄어”,2025-01-02,https://www.chosun.com/economy/economy_general/2025/01/02/A7CI5RF3WNDZ3IYINXCYLMBVS4,이 업체는 최저임금 상승으로 인건비가 오르자 로봇화를 서둘렀다고 했다.,전체 공정의 87%까지 로봇화를 이뤘다.,경북 칠곡에 있는 자동차 부품 가공 업체 화신정공은 2016년에 처음 산업용 로봇을 두 대 도입한 이후 현재 로봇 27대를 운용하는 곳이다.,False,"현재 문장은 최저임금 상승으로 인한 인건비 증가에 대한 단순한 원인 설명이므로, KOSIS 통계로 검증 가능한 수치나 통계적 변화에 관한 주장이 아닙니다.",high,hcx,HCX-007,isclaim-v1.3-prev2-context,2026-07-30
A0020-C013,A0020,채용·인력배치 로봇 혁명… “관리·설계직 더 뽑고 야근도 확 줄어”,2025-01-02,https://www.chosun.com/economy/economy_general/2025/01/02/A7CI5RF3WNDZ3IYINXCYLMBVS4,김철우 화신정공 대표는 “우리 월평균 임금이 이젠 일본을 넘어섰다는 얘기가 나올 만큼 인건비가 오르는 것을 보고 로봇 도입에 속도를 더 냈다”고 했다.,이 업체는 최저임금 상승으로 인건비가 오르자 로봇화를 서둘렀다고 했다.,전체 공정의 87%까지 로봇화를 이뤘다.,False,"현재 문장은 기업의 인건비 상승에 대한 의견을 표현하고 있으며, 이는 특정 기업의 상황에 대한 설명이므로 KOSIS를 통해 검증 가능한 국내 집계 통계와는 관련이 없습니다.",high,hcx,HCX-007,isclaim-v1.3-prev2-context,2026-07-30
A0020-C014,A0020,채용·인력배치 로봇 혁명… “관리·설계직 더 뽑고 야근도 확 줄어”,2025-01-02,https://www.chosun.com/economy/economy_general/2025/01/02/A7CI5RF3WNDZ3IYINXCYLMBVS4,로봇화 덕에 인력 배치도 달라졌다.,김철우 화신정공 대표는 “우리 월평균 임금이 이젠 일본을 넘어섰다는 얘기가 나올 만큼 인건비가 오르는 것을 보고 로봇 도입에 속도를 더 냈다”고 했다.,이 업체는 최저임금 상승으로 인건비가 오르자 로봇화를 서둘렀다고 했다.,False,"로봇화로 인한 인력 배치 변화에 대한 언급이지만, 이는 구체적인 수치나 통계적인 변화를 주장하는 것이 아니므로 KOSIS를 통해 검증하기 어렵습니다.",high,hcx,HCX-007,isclaim-v1.3-prev2-context,2026-07-30
A0020-C015,A0020,채용·인력배치 로봇 혁명… “관리·설계직 더 뽑고 야근도 확 줄어”,2025-01-02,https://www.chosun.com/economy/economy_general/2025/01/02/A7CI5RF3WNDZ3IYINXCYLMBVS4,김 대표는 “기존 5명이 작업하던 부품 가공 공정에는 로봇 2대를 비치하고 사람은 두 명만 남겼다. 나머지 3명은 새로운 신규 라인에 배치했다”고 했다.,로봇화 덕에 인력 배치도 달라졌다.,김철우 화신정공 대표는 “우리 월평균 임금이 이젠 일본을 넘어섰다는 얘기가 나올 만큼 인건비가 오르는 것을 보고 로봇 도입에 속도를 더 냈다”고 했다.,False,"현재 문장은 기업의 내부 운영 변화에 대한 내용으로, 특정한 수치나 비율 등의 통계를 주장하지 않습니다.",high,hcx,HCX-007,isclaim-v1.3-prev2-context,2026-07-30
A0020-C016,A0020,채용·인력배치 로봇 혁명… “관리·설계직 더 뽑고 야근도 확 줄어”,2025-01-02,https://www.chosun.com/economy/economy_general/2025/01/02/A7CI5RF3WNDZ3IYINXCYLMBVS4,그 과정에서 직원 수는 줄었지만 생산량은 더 늘었다.,김 대표는 “기존 5명이 작업하던 부품 가공 공정에는 로봇 2대를 비치하고 사람은 두 명만 남겼다. 나머지 3명은 새로운 신규 라인에 배치했다”고 했다.,로봇화 덕에 인력 배치도 달라졌다.,True,"생산량이 늘었다는 것은 통계적인 변화를 나타내며, 이는 KOSIS를 통해 검증될 수 있는 내용이다.",high,hcx,HCX-007,isclaim-v1.3-prev2-context,2026-07-30
A0020-C017,A0020,채용·인력배치 로봇 혁명… “관리·설계직 더 뽑고 야근도 확 줄어”,2025-01-02,https://www.chosun.com/economy/economy_general/2025/01/02/A7CI5RF3WNDZ3IYINXCYLMBVS4,3300여㎡(1000평)가량 공장을 증축했다.,그 과정에서 직원 수는 줄었지만 생산량은 더 늘었다.,김 대표는 “기존 5명이 작업하던 부품 가공 공정에는 로봇 2대를 비치하고 사람은 두 명만 남겼다. 나머지 3명은 새로운 신규 라인에 배치했다”고 했다.,False,"현재 문장은 공장 증축 면적에 대한 단순한 정보 제공이므로, 수치나 통계적 변화와 관련된 주장이 아닙니다.",high,hcx,HCX-007,isclaim-v1.3-prev2-context,2026-07-30
A0020-C018,A0020,채용·인력배치 로봇 혁명… “관리·설계직 더 뽑고 야근도 확 줄어”,2025-01-02,https://www.chosun.com/economy/economy_general/2025/01/02/A7CI5RF3WNDZ3IYINXCYLMBVS4,2016년 135명이던 직원은 현재는 120명 정도다.,3300여㎡(1000평)가량 공장을 증축했다.,그 과정에서 직원 수는 줄었지만 생산량은 더 늘었다.,True,"현재 문장은 직원 수가 2016년 대비 현재 얼마나 변했는지 수치적인 변화를 언급하고 있으며, 이는 고용 관련 통계로서 KOSIS를 통해 검증할 수 있는 내용이다.",high,hcx,HCX-007,isclaim-v1.3-prev2-context,2026-07-30
A0020-C019,A0020,채용·인력배치 로봇 혁명… “관리·설계직 더 뽑고 야근도 확 줄어”,2025-01-02,https://www.chosun.com/economy/economy_general/2025/01/02/A7CI5RF3WNDZ3IYINXCYLMBVS4,주 52시간 근로제의 한계를 로봇 도입을 통해 극복하는 경우도 있다.,2016년 135명이던 직원은 현재는 120명 정도다.,3300여㎡(1000평)가량 공장을 증축했다.,False,"주 52시간 근로제와 로봇 도입에 대한 언급은 단순한 의견이나 평가로서, 특정한 수치나 통계적 변화를 주장하지 않습니다.",high,hcx,HCX-007,isclaim-v1.3-prev2-context,2026-07-30
A0020-C020,A0020,채용·인력배치 로봇 혁명… “관리·설계직 더 뽑고 야근도 확 줄어”,2025-01-02,https://www.chosun.com/economy/economy_general/2025/01/02/A7CI5RF3WNDZ3IYINXCYLMBVS4,경남 창원에 있는 한 도금업체 대표는 “주 52시간 근로제로 인해 직원들에게 야근이나 추가 근무를 시킬 수 없게 되면서 로봇을 전체 공정에 투입시킬 방법을 연구하게 됐다”고 했다.,주 52시간 근로제의 한계를 로봇 도입을 통해 극복하는 경우도 있다.,2016년 135명이던 직원은 현재는 120명 정도다.,False,"현재 문장은 주 52시간 근로제와 관련된 기업의 대응 방안에 대한 설명이지, 구체적인 수치나 통계적인 변화를 주장하지 않습니다.",high,hcx,HCX-007,isclaim-v1.3-prev2-context,2026-07-30
A0020-C021,A0020,채용·인력배치 로봇 혁명… “관리·설계직 더 뽑고 야근도 확 줄어”,2025-01-02,https://www.chosun.com/economy/economy_general/2025/01/02/A7CI5RF3WNDZ3IYINXCYLMBVS4,로봇 한 대를 들여놓으면 직원 10명 몫을 하니 인력을 더 뽑지 않아도 생산량을 늘릴 방법을 찾을 수 있게 됐다는 뜻이다.,경남 창원에 있는 한 도금업체 대표는 “주 52시간 근로제로 인해 직원들에게 야근이나 추가 근무를 시킬 수 없게 되면서 로봇을 전체 공정에 투입시킬 방법을 연구하게 됐다”고 했다.,주 52시간 근로제의 한계를 로봇 도입을 통해 극복하는 경우도 있다.,False,"로봇 한 대가 직원 10명 몫을 한다는 것은 구체적인 통계나 수치적인 비교 없이 단순한 비유적 표현이므로, 이는 KOSIS 통계로 검증 가능한 내용이 아닙니다.",high,hcx,HCX-007,isclaim-v1.3-prev2-context,2026-07-30
A0020-C022,A0020,채용·인력배치 로봇 혁명… “관리·설계직 더 뽑고 야근도 확 줄어”,2025-01-02,https://www.chosun.com/economy/economy_general/2025/01/02/A7CI5RF3WNDZ3IYINXCYLMBVS4,기업들의 로봇 도입과 신기술 투자는 늘어나는 추세다.,로봇 한 대를 들여놓으면 직원 10명 몫을 하니 인력을 더 뽑지 않아도 생산량을 늘릴 방법을 찾을 수 있게 됐다는 뜻이다.,경남 창원에 있는 한 도금업체 대표는 “주 52시간 근로제로 인해 직원들에게 야근이나 추가 근무를 시킬 수 없게 되면서 로봇을 전체 공정에 투입시킬 방법을 연구하게 됐다”고 했다.,False,"현재 문장은 기업들의 로봇 도입과 신기술 투자 추세를 언급하지만, 이는 구체적인 수치나 비율 등의 통계적 주장을 포함하지 않습니다.",high,hcx,HCX-007,isclaim-v1.3-prev2-context,2026-07-30
A0020-C023,A0020,채용·인력배치 로봇 혁명… “관리·설계직 더 뽑고 야근도 확 줄어”,2025-01-02,https://www.chosun.com/economy/economy_general/2025/01/02/A7CI5RF3WNDZ3IYINXCYLMBVS4,한국로봇산업진흥원에 따르면 로봇화에 뛰어든 우리 기업은 2524곳(2023년 기준)으로 2019년보다 13%가량 증가했다.,기업들의 로봇 도입과 신기술 투자는 늘어나는 추세다.,로봇 한 대를 들여놓으면 직원 10명 몫을 하니 인력을 더 뽑지 않아도 생산량을 늘릴 방법을 찾을 수 있게 됐다는 뜻이다.,True,"문장에서 언급된 '로봇화에 뛰어든 우리 기업은 2524곳(2023년 기준)'이라는 정보는 특정 시점에서의 기업의 수를 나타내는 통계적인 정보이므로, 이는 국가통계포털(KOSIS)에서 관련 통계를 통해 검증할 수 있는 내용입니다.",high,hcx,HCX-007,isclaim-v1.3-prev2-context,2026-07-30
A0020-C024,A0020,채용·인력배치 로봇 혁명… “관리·설계직 더 뽑고 야근도 확 줄어”,2025-01-02,https://www.chosun.com/economy/economy_general/2025/01/02/A7CI5RF3WNDZ3IYINXCYLMBVS4,"이들 중 41%는 로봇 관련 연구소 전담팀을 운영하고 있고, 특히 ‘전문서비스용 로봇(66.0%)’ ‘로봇임베디드(59.6%)’ ‘개인서비스용 로봇(49.4%)’에 비용을 투자하고 있었다.",한국로봇산업진흥원에 따르면 로봇화에 뛰어든 우리 기업은 2524곳(2023년 기준)으로 2019년보다 13%가량 증가했다.,기업들의 로봇 도입과 신기술 투자는 늘어나는 추세다.,False,"현재 문장은 로봇 관련 연구소 및 다양한 로봇 유형에 대한 비용 투자 비율을 언급하지만, 이는 개별 기업의 활동과 관련된 정보로서 국가집계 통계의 범주에 속하지 않습니다.",high,hcx,HCX-007,isclaim-v1.3-prev2-context,2026-07-30
A0020-C025,A0020,채용·인력배치 로봇 혁명… “관리·설계직 더 뽑고 야근도 확 줄어”,2025-01-02,https://www.chosun.com/economy/economy_general/2025/01/02/A7CI5RF3WNDZ3IYINXCYLMBVS4,◇로봇화 뒤처진 기업은 ‘운다’ 반면 로봇화에 돈을 쓸 여력이 없는 기업들은 점점 더 어려움을 겪고 있다.,"이들 중 41%는 로봇 관련 연구소 전담팀을 운영하고 있고, 특히 ‘전문서비스용 로봇(66.0%)’ ‘로봇임베디드(59.6%)’ ‘개인서비스용 로봇(49.4%)’에 비용을 투자하고 있었다.",한국로봇산업진흥원에 따르면 로봇화에 뛰어든 우리 기업은 2524곳(2023년 기준)으로 2019년보다 13%가량 증가했다.,False,"현재 문장은 로봇화에 돈을 쓸 여력이 없는 기업들이 겪는 어려움에 대한 일반적인 서술로, 구체적인 수치나 통계적 변화를 주장하지 않습니다.",high,hcx,HCX-007,isclaim-v1.3-prev2-context,2026-07-30
A0020-C026,A0020,채용·인력배치 로봇 혁명… “관리·설계직 더 뽑고 야근도 확 줄어”,2025-01-02,https://www.chosun.com/economy/economy_general/2025/01/02/A7CI5RF3WNDZ3IYINXCYLMBVS4,"경남 창원의 자동차 부품 업체를 운영하는 하모(58)씨는 “로봇화를 위해 몇억원씩 하는 자금을 조달하는 게 영세기업 입장에선 쉽지 않고, 정부 지원을 받으려고 해도 어느 정도 스마트 공장을 구축한 곳이 먼저 되기 때문에 디지털 전환율이 낮을수록 로봇화는 더 어렵다”고 말했다.",◇로봇화 뒤처진 기업은 ‘운다’ 반면 로봇화에 돈을 쓸 여력이 없는 기업들은 점점 더 어려움을 겪고 있다.,"이들 중 41%는 로봇 관련 연구소 전담팀을 운영하고 있고, 특히 ‘전문서비스용 로봇(66.0%)’ ‘로봇임베디드(59.6%)’ ‘개인서비스용 로봇(49.4%)’에 비용을 투자하고 있었다.",False,"현재 문장은 특정 기업의 어려움과 관련된 주관적인 의견을 담고 있으며, 구체적인 수치나 통계적 변화를 주장하지 않습니다.",high,hcx,HCX-007,isclaim-v1.3-prev2-context,2026-07-30
A0020-C027,A0020,채용·인력배치 로봇 혁명… “관리·설계직 더 뽑고 야근도 확 줄어”,2025-01-02,https://www.chosun.com/economy/economy_general/2025/01/02/A7CI5RF3WNDZ3IYINXCYLMBVS4,"로봇화에 뒤처질수록 인건비에 허덕여 매출과 생산율을 올리기 쉽지 않고, 로봇 투자는 더 어려워지는 악순환을 겪는다는 설명이다.","경남 창원의 자동차 부품 업체를 운영하는 하모(58)씨는 “로봇화를 위해 몇억원씩 하는 자금을 조달하는 게 영세기업 입장에선 쉽지 않고, 정부 지원을 받으려고 해도 어느 정도 스마트 공장을 구축한 곳이 먼저 되기 때문에 디지털 전환율이 낮을수록 로봇화는 더 어렵다”고 말했다.",◇로봇화 뒤처진 기업은 ‘운다’ 반면 로봇화에 돈을 쓸 여력이 없는 기업들은 점점 더 어려움을 겪고 있다.,False,"현재 문장은 로봇화에 따른 기업의 어려움과 관련된 일반적인 설명을 하고 있으며, 구체적인 수치나 통계적인 변화를 언급하지 않습니다.",high,hcx,HCX-007,isclaim-v1.3-prev2-context,2026-07-30
A0020-C028,A0020,채용·인력배치 로봇 혁명… “관리·설계직 더 뽑고 야근도 확 줄어”,2025-01-02,https://www.chosun.com/economy/economy_general/2025/01/02/A7CI5RF3WNDZ3IYINXCYLMBVS4,"작년 한국산업단지공단이 경남 창원 산단을 중심으로 실시한 조사에 따르면, 이곳 중소제조업체의 40.7%는 “자금 조달이 어렵다”고 대답했다.","로봇화에 뒤처질수록 인건비에 허덕여 매출과 생산율을 올리기 쉽지 않고, 로봇 투자는 더 어려워지는 악순환을 겪는다는 설명이다.","경남 창원의 자동차 부품 업체를 운영하는 하모(58)씨는 “로봇화를 위해 몇억원씩 하는 자금을 조달하는 게 영세기업 입장에선 쉽지 않고, 정부 지원을 받으려고 해도 어느 정도 스마트 공장을 구축한 곳이 먼저 되기 때문에 디지털 전환율이 낮을수록 로봇화는 더 어렵다”고 말했다.",True,현재 문장은 경남 창원 산단의 중소제조업체 중 자금 조달이 어렵다고 응답한 비율이 40.7%라는 구체적인 통계를 제시하고 있습니다.,high,hcx,HCX-007,isclaim-v1.3-prev2-context,2026-07-30
A0020-C029,A0020,채용·인력배치 로봇 혁명… “관리·설계직 더 뽑고 야근도 확 줄어”,2025-01-02,https://www.chosun.com/economy/economy_general/2025/01/02/A7CI5RF3WNDZ3IYINXCYLMBVS4,"“정부, 지자체 지원이 부족하다”고 답한 경우는 25.9%, “투자 비용 대비 회수 기간이 길다”고 답한 경우는 20.4%였다.","작년 한국산업단지공단이 경남 창원 산단을 중심으로 실시한 조사에 따르면, 이곳 중소제조업체의 40.7%는 “자금 조달이 어렵다”고 대답했다.","로봇화에 뒤처질수록 인건비에 허덕여 매출과 생산율을 올리기 쉽지 않고, 로봇 투자는 더 어려워지는 악순환을 겪는다는 설명이다.",False,"현재 문장은 조사 결과에 대한 단순한 인용으로, 수치나 비율 자체에 대한 주장보다는 설문 응답 결과를 전달하고 있다.",high,hcx,HCX-007,isclaim-v1.3-prev2-context,2026-07-30
A0020-C030,A0020,채용·인력배치 로봇 혁명… “관리·설계직 더 뽑고 야근도 확 줄어”,2025-01-02,https://www.chosun.com/economy/economy_general/2025/01/02/A7CI5RF3WNDZ3IYINXCYLMBVS4,대기업과 중소기업의 신기술 도입률 격차도 아직 크다.,"“정부, 지자체 지원이 부족하다”고 답한 경우는 25.9%, “투자 비용 대비 회수 기간이 길다”고 답한 경우는 20.4%였다.","작년 한국산업단지공단이 경남 창원 산단을 중심으로 실시한 조사에 따르면, 이곳 중소제조업체의 40.7%는 “자금 조달이 어렵다”고 대답했다.",False,"신기술 도입률 격차에 대한 구체적인 수치나 비율이 제공되지 않으며, 이는 단순한 의견 평가로서 KOSIS를 통해 검증 가능한 정보가 아닙니다.",high,hcx,HCX-007,isclaim-v1.3-prev2-context,2026-07-30
A0020-C031,A0020,채용·인력배치 로봇 혁명… “관리·설계직 더 뽑고 야근도 확 줄어”,2025-01-02,https://www.chosun.com/economy/economy_general/2025/01/02/A7CI5RF3WNDZ3IYINXCYLMBVS4,"작년 중기중앙회와 통계청에 따르면, 로봇 및 인공지능(AI) 등 신기술 도입률은 대기업과 중소기업 간 두 배 이상 차이가 났다.",대기업과 중소기업의 신기술 도입률 격차도 아직 크다.,"“정부, 지자체 지원이 부족하다”고 답한 경우는 25.9%, “투자 비용 대비 회수 기간이 길다”고 답한 경우는 20.4%였다.",True,"현재 문장은 대기업과 중소기업 간의 신기술 도입률 차이를 언급하며, 이 차이는 두 배 이상이라고 주장합니다.",high,hcx,HCX-007,isclaim-v1.3-prev2-context,2026-07-30
A0020-C032,A0020,채용·인력배치 로봇 혁명… “관리·설계직 더 뽑고 야근도 확 줄어”,2025-01-02,https://www.chosun.com/economy/economy_general/2025/01/02/A7CI5RF3WNDZ3IYINXCYLMBVS4,"대기업이 신기술을 도입한 경우는 24.5%, 중소기업(50인 이상 300인 미만)의 신기술 도입률은 12.1% 정도였다.","작년 중기중앙회와 통계청에 따르면, 로봇 및 인공지능(AI) 등 신기술 도입률은 대기업과 중소기업 간 두 배 이상 차이가 났다.",대기업과 중소기업의 신기술 도입률 격차도 아직 크다.,True,현재 문장은 대기업과 중소기업의 신기술 도입률을 구체적인 수치로 제시하며 비교하고 있습니다.,high,hcx,HCX-007,isclaim-v1.3-prev2-context,2026-07-30
A0021-C001,A0021,"국세청, 무안 지역 납세 기한 연장...여객기 참사 세정지원 나서",2025-01-02,https://www.chosun.com/economy/economy_general/2025/01/02/CTRHPORE4RCFFKUUHATMRYOVPY,국세청이 무안공항 제주항공 여객기 사고 피해자와 유가족들의 세금 납부 기한을 미뤄주는 등 지원에 나서기로 했다.,,,False,"현재 문장은 특정 사건에 대한 정부의 지원 조치에 관한 내용으로, 수치나 통계적인 변화를 주장하지 않습니다.",high,hcx,HCX-007,isclaim-v1.3-prev2-context,2026-07-30
A0021-C002,A0021,"국세청, 무안 지역 납세 기한 연장...여객기 참사 세정지원 나서",2025-01-02,https://www.chosun.com/economy/economy_general/2025/01/02/CTRHPORE4RCFFKUUHATMRYOVPY,강민수 국세청장은 2일 오후 세종시청에 마련된 합동분향소에 조문한 뒤 “사고의 신속한 수습과 피해 유가족에 대한 지원을 위해 국세청도 최선을 다하겠다”며 이 같은 내용을 밝혔다.,국세청이 무안공항 제주항공 여객기 사고 피해자와 유가족들의 세금 납부 기한을 미뤄주는 등 지원에 나서기로 했다.,,False,"현재 문장은 사고의 신속한 수습과 피해자 및 유가족에 대한 지원 계획에 관한 내용으로, 수치나 통계적인 변화를 주장하지 않습니다.",high,hcx,HCX-007,isclaim-v1.3-prev2-context,2026-07-30
A0021-C003,A0021,"국세청, 무안 지역 납세 기한 연장...여객기 참사 세정지원 나서",2025-01-02,https://www.chosun.com/economy/economy_general/2025/01/02/CTRHPORE4RCFFKUUHATMRYOVPY,"국세청은 먼저 특별재난지역으로 지정된 무안군에서 이번 사고로 어려움을 겪는 납세자가 신청할 경우 법인세와 부가가치세, 종합소득세 납부 기한을 최대 2년 연장해주기로 했다.",강민수 국세청장은 2일 오후 세종시청에 마련된 합동분향소에 조문한 뒤 “사고의 신속한 수습과 피해 유가족에 대한 지원을 위해 국세청도 최선을 다하겠다”며 이 같은 내용을 밝혔다.,국세청이 무안공항 제주항공 여객기 사고 피해자와 유가족들의 세금 납부 기한을 미뤄주는 등 지원에 나서기로 했다.,False,"현재 문장은 특별재난지역으로 지정된 무안군에서 사고로 어려움을 겪는 납세자에 대한 세금의 납부 기한 연장에 관한 내용으로, 이는 수치나 통계적인 변화를 주장하는 것이 아닙니다.",high,hcx,HCX-007,isclaim-v1.3-prev2-context,2026-07-30
A0021-C004,A0021,"국세청, 무안 지역 납세 기한 연장...여객기 참사 세정지원 나서",2025-01-02,https://www.chosun.com/economy/economy_general/2025/01/02/CTRHPORE4RCFFKUUHATMRYOVPY,"이미 고지받은 국세도 최대 2년까지 납부 기한 연장을 신청할 수 있고, 현재 체납액이 있는 경우에도 재산 압류나 압류된 재산 매각을 유예해달라고 신청하는 경우 최대 2년까지 미룰 수 있다.","국세청은 먼저 특별재난지역으로 지정된 무안군에서 이번 사고로 어려움을 겪는 납세자가 신청할 경우 법인세와 부가가치세, 종합소득세 납부 기한을 최대 2년 연장해주기로 했다.",강민수 국세청장은 2일 오후 세종시청에 마련된 합동분향소에 조문한 뒤 “사고의 신속한 수습과 피해 유가족에 대한 지원을 위해 국세청도 최선을 다하겠다”며 이 같은 내용을 밝혔다.,False,"현재 문장은 국세 납부 기한 연장에 관한 내용이지만, 이는 개별적인 세무 행정에 관한 사항으로 KOSIS에서 다루는 국가 통계의 변화와는 관련이 없습니다.",high,hcx,HCX-007,isclaim-v1.3-prev2-context,2026-07-30
A0021-C005,A0021,"국세청, 무안 지역 납세 기한 연장...여객기 참사 세정지원 나서",2025-01-02,https://www.chosun.com/economy/economy_general/2025/01/02/CTRHPORE4RCFFKUUHATMRYOVPY,또 피해 유가족과 무안군 내 사업자들이 부가가치세 환급을 신청한 경우 최대한 빨리 지급해주기로 했다.,"이미 고지받은 국세도 최대 2년까지 납부 기한 연장을 신청할 수 있고, 현재 체납액이 있는 경우에도 재산 압류나 압류된 재산 매각을 유예해달라고 신청하는 경우 최대 2년까지 미룰 수 있다.","국세청은 먼저 특별재난지역으로 지정된 무안군에서 이번 사고로 어려움을 겪는 납세자가 신청할 경우 법인세와 부가가치세, 종합소득세 납부 기한을 최대 2년 연장해주기로 했다.",False,"부가가치세 환급 지급 속도에 대한 언급이지만, 이는 구체적인 수치나 통계적 변화를 주장하는 것이 아니므로 KOSIS 통계로 검증할 수 없습니다.",high,hcx,HCX-007,isclaim-v1.3-prev2-context,2026-07-30
A0021-C006,A0021,"국세청, 무안 지역 납세 기한 연장...여객기 참사 세정지원 나서",2025-01-02,https://www.chosun.com/economy/economy_general/2025/01/02/CTRHPORE4RCFFKUUHATMRYOVPY,피해자와 유족에 대해서는 세금 납부 기한 뿐만 아니라 2024년 2기 확정 부가가치세 신고 기한도 연장해주기로 했다.,또 피해 유가족과 무안군 내 사업자들이 부가가치세 환급을 신청한 경우 최대한 빨리 지급해주기로 했다.,"이미 고지받은 국세도 최대 2년까지 납부 기한 연장을 신청할 수 있고, 현재 체납액이 있는 경우에도 재산 압류나 압류된 재산 매각을 유예해달라고 신청하는 경우 최대 2년까지 미룰 수 있다.",False,"현재 문장은 세금 납부 기한 및 부가세 신고 기한의 연장에 대한 내용으로, 이는 특정한 통계적 변화나 수치적인 주장을 포함하지 않습니다.",high,hcx,HCX-007,isclaim-v1.3-prev2-context,2026-07-30
A0021-C007,A0021,"국세청, 무안 지역 납세 기한 연장...여객기 참사 세정지원 나서",2025-01-02,https://www.chosun.com/economy/economy_general/2025/01/02/CTRHPORE4RCFFKUUHATMRYOVPY,"피해자와 유족 가운데 세무조사를 받고 있는 경우, 신청하면 조사 연기 또는 중지를 적극 검토해주기로 했다.",피해자와 유족에 대해서는 세금 납부 기한 뿐만 아니라 2024년 2기 확정 부가가치세 신고 기한도 연장해주기로 했다.,또 피해 유가족과 무안군 내 사업자들이 부가가치세 환급을 신청한 경우 최대한 빨리 지급해주기로 했다.,False,"현재 문장은 세무조사 연기와 중지에 대한 행정적 조치를 설명하고 있으며, 이는 KOSIS에서 검증 가능한 수치나 통계적 변화와는 관련이 없습니다.",high,hcx,HCX-007,isclaim-v1.3-prev2-context,2026-07-30
A0021-C008,A0021,"국세청, 무안 지역 납세 기한 연장...여객기 참사 세정지원 나서",2025-01-02,https://www.chosun.com/economy/economy_general/2025/01/02/CTRHPORE4RCFFKUUHATMRYOVPY,"국세청 관계자는 “무안공항에 설치된 ‘재난피해자 통합지원센터’에 상담직원을 배치해, 상황 종료 시까지 24시간 국세 상담이 가능하다”고 말했다.","피해자와 유족 가운데 세무조사를 받고 있는 경우, 신청하면 조사 연기 또는 중지를 적극 검토해주기로 했다.",피해자와 유족에 대해서는 세금 납부 기한 뿐만 아니라 2024년 2기 확정 부가가치세 신고 기한도 연장해주기로 했다.,False,"현재 문장은 재난피해자를 위한 지원 서비스에 대한 정보 제공이므로, 수치나 통계적인 변화를 주장하는 내용이 아닙니다.",high,hcx,HCX-007,isclaim-v1.3-prev2-context,2026-07-30
A0021-C009,A0021,"국세청, 무안 지역 납세 기한 연장...여객기 참사 세정지원 나서",2025-01-02,https://www.chosun.com/economy/economy_general/2025/01/02/CTRHPORE4RCFFKUUHATMRYOVPY,이날 강 청장은 신년사에서 “지금은 어려움을 겪고 있는 국민과 납세자를 따뜻하게 감싸는 세정이 긴요한 시기”라고 했다.,"국세청 관계자는 “무안공항에 설치된 ‘재난피해자 통합지원센터’에 상담직원을 배치해, 상황 종료 시까지 24시간 국세 상담이 가능하다”고 말했다.","피해자와 유족 가운데 세무조사를 받고 있는 경우, 신청하면 조사 연기 또는 중지를 적극 검토해주기로 했다.",False,"현재 문장은 단순한 의견 표현으로, 구체적인 수치나 통계적 변화를 주장하지 않는다.",high,hcx,HCX-007,isclaim-v1.3-prev2-context,2026-07-30
A0021-C010,A0021,"국세청, 무안 지역 납세 기한 연장...여객기 참사 세정지원 나서",2025-01-02,https://www.chosun.com/economy/economy_general/2025/01/02/CTRHPORE4RCFFKUUHATMRYOVPY,"그는 “경제 상황과 인력 여건을 감안해 조사 건수는 탄력적으로 운영하되, 한 건을 조사하더라도 조사는 조사답게, 제대로 할 수 있도록 하겠다”며 “자료가 국내에 없다는 이유로 자료제출을 지연하고 고의적으로 조사를 방해하는 행위에 단호히 대응해 나갈 것”이라고 했다.",이날 강 청장은 신년사에서 “지금은 어려움을 겪고 있는 국민과 납세자를 따뜻하게 감싸는 세정이 긴요한 시기”라고 했다.,"국세청 관계자는 “무안공항에 설치된 ‘재난피해자 통합지원센터’에 상담직원을 배치해, 상황 종료 시까지 24시간 국세 상담이 가능하다”고 말했다.",False,"현재 문장은 경제 상황과 인력 여건 등을 고려하여 조사 건수를 탄력적으로 운영하고, 자료 제출 지연 및 조사 방해를 방지하겠다는 정책적 의지를 표현한 것으로, 구체적인 수치나 통계적 변화를 주장하지 않습니다.",high,hcx,HCX-007,isclaim-v1.3-prev2-context,2026-07-30
A0022-C001,A0022,무안 참사 유족 만난 崔 대행 “피해자·유족 비방에 신속 대응” 주문,2025-01-02,https://www.chosun.com/economy/economy_general/2025/01/02/F3KKYSZCVVGRLPXWEYYNEVD3K4,최상목 대통령 권한대행 부총리 겸 기획재정부 장관이 온라인과 사회관계망서비스(SNS) 등을 중심으로 무안공항 제주항공 여객기 사고 피해자와 유가족에 대한 비방과 가짜뉴스가 퍼지고 있다는 지적에 대해 “신속하고 강력하게 대응할 것”을 주문했다.,,,False,"문장은 특정 사건에 대한 정부의 대응 방침을 언급하며, 이는 수치나 통계적 변화와는 관련이 없다.",high,hcx,HCX-007,isclaim-v1.3-prev2-context,2026-07-30
A0022-C002,A0022,무안 참사 유족 만난 崔 대행 “피해자·유족 비방에 신속 대응” 주문,2025-01-02,https://www.chosun.com/economy/economy_general/2025/01/02/F3KKYSZCVVGRLPXWEYYNEVD3K4,2일 최 권한대행은 무안공항 터미널 합동분향소를 찾아 이번 사고 유족 대표와 면담하는 자리에서 이 같은 내용을 밝혔다.,최상목 대통령 권한대행 부총리 겸 기획재정부 장관이 온라인과 사회관계망서비스(SNS) 등을 중심으로 무안공항 제주항공 여객기 사고 피해자와 유가족에 대한 비방과 가짜뉴스가 퍼지고 있다는 지적에 대해 “신속하고 강력하게 대응할 것”을 주문했다.,,False,"현재 문장은 사건 발생 후 정부 관계자의 행동에 대한 내용으로, 수치나 통계적인 변화를 포함하지 않습니다.",high,hcx,HCX-007,isclaim-v1.3-prev2-context,2026-07-30
A0022-C003,A0022,무안 참사 유족 만난 崔 대행 “피해자·유족 비방에 신속 대응” 주문,2025-01-02,https://www.chosun.com/economy/economy_general/2025/01/02/F3KKYSZCVVGRLPXWEYYNEVD3K4,유족 대표가 “이번 사고로 유명을 달리하신 분들을 폄훼하고 유족을 비방하는 내용이 온라인·SNS 등에 퍼지며 유족들이 심대한 마음의 상처를 입고 있다”고 문제제기한 데 따른 조치다.,2일 최 권한대행은 무안공항 터미널 합동분향소를 찾아 이번 사고 유족 대표와 면담하는 자리에서 이 같은 내용을 밝혔다.,최상목 대통령 권한대행 부총리 겸 기획재정부 장관이 온라인과 사회관계망서비스(SNS) 등을 중심으로 무안공항 제주항공 여객기 사고 피해자와 유가족에 대한 비방과 가짜뉴스가 퍼지고 있다는 지적에 대해 “신속하고 강력하게 대응할 것”을 주문했다.,False,"현재 문장은 유족들의 감정적인 상태나 상황에 대한 설명을 담고 있으며, 이는 어떠한 수치나 통계적 변화를 주장하지 않습니다.",high,hcx,HCX-007,isclaim-v1.3-prev2-context,2026-07-30
A0022-C004,A0022,무안 참사 유족 만난 崔 대행 “피해자·유족 비방에 신속 대응” 주문,2025-01-02,https://www.chosun.com/economy/economy_general/2025/01/02/F3KKYSZCVVGRLPXWEYYNEVD3K4,최 권한대행은 “내일 중앙재난안전대책본부(중대본) 회의에서 구체적인 방안을 마련해올 것”을 현장 경찰 관계자 등에게 지시했다.,유족 대표가 “이번 사고로 유명을 달리하신 분들을 폄훼하고 유족을 비방하는 내용이 온라인·SNS 등에 퍼지며 유족들이 심대한 마음의 상처를 입고 있다”고 문제제기한 데 따른 조치다.,2일 최 권한대행은 무안공항 터미널 합동분향소를 찾아 이번 사고 유족 대표와 면담하는 자리에서 이 같은 내용을 밝혔다.,False,"현재 문장은 최 권한대행이 중앙재난안전대책본부 회의를 통해 구체적인 방안을 마련하도록 지시했다는 내용으로, 이는 단순한 행정 절차나 계획 수립에 대한 언급이지 수치나 통계적인 변화를 주장하는 것이 아닙니다.",high,hcx,HCX-007,isclaim-v1.3-prev2-context,2026-07-30
A0022-C005,A0022,무안 참사 유족 만난 崔 대행 “피해자·유족 비방에 신속 대응” 주문,2025-01-02,https://www.chosun.com/economy/economy_general/2025/01/02/F3KKYSZCVVGRLPXWEYYNEVD3K4,"이날 유족 측은 위령제를 지내고 싶다는 의견도 냈고, 최 권한대행은 구체적인 방안 마련을 검토해보자고 화답했다.",최 권한대행은 “내일 중앙재난안전대책본부(중대본) 회의에서 구체적인 방안을 마련해올 것”을 현장 경찰 관계자 등에게 지시했다.,유족 대표가 “이번 사고로 유명을 달리하신 분들을 폄훼하고 유족을 비방하는 내용이 온라인·SNS 등에 퍼지며 유족들이 심대한 마음의 상처를 입고 있다”고 문제제기한 데 따른 조치다.,False,"현재 문장은 유족 측의 요청과 그에 대한 대응에 관한 내용으로, 수치나 통계적인 변화를 주장하는 부분이 없습니다.",high,hcx,HCX-007,isclaim-v1.3-prev2-context,2026-07-30
A0022-C006,A0022,무안 참사 유족 만난 崔 대행 “피해자·유족 비방에 신속 대응” 주문,2025-01-02,https://www.chosun.com/economy/economy_general/2025/01/02/F3KKYSZCVVGRLPXWEYYNEVD3K4,이후 최 권한대행은 공항 내 재난피해자 통합지원센터를 찾아 “유족과 국민들이 안심하실 수 있도록 끝까지 최선을 다해달라”고 말했다.,"이날 유족 측은 위령제를 지내고 싶다는 의견도 냈고, 최 권한대행은 구체적인 방안 마련을 검토해보자고 화답했다.",최 권한대행은 “내일 중앙재난안전대책본부(중대본) 회의에서 구체적인 방안을 마련해올 것”을 현장 경찰 관계자 등에게 지시했다.,False,"현재 문장은 최 권한대행이 유족과 국민들에게 최선을 다하겠다는 다짐을 표현한 것으로, 수치나 통계적인 변화를 주장하는 내용이 아닙니다.",high,hcx,HCX-007,isclaim-v1.3-prev2-context,2026-07-30
A0022-C007,A0022,무안 참사 유족 만난 崔 대행 “피해자·유족 비방에 신속 대응” 주문,2025-01-02,https://www.chosun.com/economy/economy_general/2025/01/02/F3KKYSZCVVGRLPXWEYYNEVD3K4,앞서 최 권한대행은 이날 오전 정부서울청사에서 진행한 중대본 회의 모두발언에서 “경찰청 등 사법당국은 모니터링을 통해 희생자와 유가족의 명예를 훼손하는 사안에 대해 엄중한 법적 조치를 취해달라”고 했다.,이후 최 권한대행은 공항 내 재난피해자 통합지원센터를 찾아 “유족과 국민들이 안심하실 수 있도록 끝까지 최선을 다해달라”고 말했다.,"이날 유족 측은 위령제를 지내고 싶다는 의견도 냈고, 최 권한대행은 구체적인 방안 마련을 검토해보자고 화답했다.",False,"현재 문장은 특정 사건에 대한 법적 조치 요청으로, 수치나 통계적인 변화를 주장하지 않습니다.",high,hcx,HCX-007,isclaim-v1.3-prev2-context,2026-07-30
A0022-C008,A0022,무안 참사 유족 만난 崔 대행 “피해자·유족 비방에 신속 대응” 주문,2025-01-02,https://www.chosun.com/economy/economy_general/2025/01/02/F3KKYSZCVVGRLPXWEYYNEVD3K4,이어 “유가족들과 선의의 관계자들을 고통스럽게 만드는 행동은 절대 자제해 주시기를 간곡히 부탁드린다”고 했다.,앞서 최 권한대행은 이날 오전 정부서울청사에서 진행한 중대본 회의 모두발언에서 “경찰청 등 사법당국은 모니터링을 통해 희생자와 유가족의 명예를 훼손하는 사안에 대해 엄중한 법적 조치를 취해달라”고 했다.,이후 최 권한대행은 공항 내 재난피해자 통합지원센터를 찾아 “유족과 국민들이 안심하실 수 있도록 끝까지 최선을 다해달라”고 말했다.,False,"현재 문장은 단순한 요청 및 당부의 표현으로, 수치나 통계적인 변화를 주장하지 않습니다.",high,hcx,HCX-007,isclaim-v1.3-prev2-context,2026-07-30
A0022-C009,A0022,무안 참사 유족 만난 崔 대행 “피해자·유족 비방에 신속 대응” 주문,2025-01-02,https://www.chosun.com/economy/economy_general/2025/01/02/F3KKYSZCVVGRLPXWEYYNEVD3K4,강우량 기자 2020년 조선일보에 입사해 사회부를 거쳐 경제부에서 일하고 있습니다.,이어 “유가족들과 선의의 관계자들을 고통스럽게 만드는 행동은 절대 자제해 주시기를 간곡히 부탁드린다”고 했다.,앞서 최 권한대행은 이날 오전 정부서울청사에서 진행한 중대본 회의 모두발언에서 “경찰청 등 사법당국은 모니터링을 통해 희생자와 유가족의 명예를 훼손하는 사안에 대해 엄중한 법적 조치를 취해달라”고 했다.,False,"현재 문장은 기자의 이력에 대한 정보로, 수치나 통계적인 변화를 주장하는 내용이 아닙니다.",high,hcx,HCX-007,isclaim-v1.3-prev2-context,2026-07-30
A0022-C010,A0022,무안 참사 유족 만난 崔 대행 “피해자·유족 비방에 신속 대응” 주문,2025-01-02,https://www.chosun.com/economy/economy_general/2025/01/02/F3KKYSZCVVGRLPXWEYYNEVD3K4,"금융 당국과 은행, 보험, 카드 등 금융권을 취재하고 있습니다.",강우량 기자 2020년 조선일보에 입사해 사회부를 거쳐 경제부에서 일하고 있습니다.,이어 “유가족들과 선의의 관계자들을 고통스럽게 만드는 행동은 절대 자제해 주시기를 간곡히 부탁드린다”고 했다.,False,"현재 문장은 단순한 직업 소개 및 업무 내용 기술로서, 수치나 통계적인 변화를 주장하는 내용이 아닙니다.",high,hcx,HCX-007,isclaim-v1.3-prev2-context,2026-07-30
A0022-C011,A0022,무안 참사 유족 만난 崔 대행 “피해자·유족 비방에 신속 대응” 주문,2025-01-02,https://www.chosun.com/economy/economy_general/2025/01/02/F3KKYSZCVVGRLPXWEYYNEVD3K4,"사실을 직시하고, 진실에 귀 기울이겠습니다.","금융 당국과 은행, 보험, 카드 등 금융권을 취재하고 있습니다.",강우량 기자 2020년 조선일보에 입사해 사회부를 거쳐 경제부에서 일하고 있습니다.,False,"현재 문장은 단순한 언론사의 보도 원칙을 나타내는 문장으로, 수치나 통계적인 변화를 주장하지 않습니다.",high,hcx,HCX-007,isclaim-v1.3-prev2-context,2026-07-30
A0022-C012,A0022,무안 참사 유족 만난 崔 대행 “피해자·유족 비방에 신속 대응” 주문,2025-01-02,https://www.chosun.com/economy/economy_general/2025/01/02/F3KKYSZCVVGRLPXWEYYNEVD3K4,구독수 259,"사실을 직시하고, 진실에 귀 기울이겠습니다.","금융 당국과 은행, 보험, 카드 등 금융권을 취재하고 있습니다.",False,"구독수는 특정 기사의 개별적인 수치로서, 국가통계포털(KOSIS)에서 해당 정보를 대조하거나 검증하기 어려운 정보입니다.",high,hcx,HCX-007,isclaim-v1.3-prev2-context,2026-07-30
A0023-C001,A0023,정부 “올해 경제성장률 1.8%”… 한은 전망보다 더 낮췄다,2025-01-02,https://www.chosun.com/economy/economy_general/2025/01/02/FWT5PD42TZED7JTIXYCIECCFRE,수출과 건설 경기 부진 여파로 새해 우리나라 경제가 1.8% 성장하는 데 그칠 것이라고 기획재정부가 2일 전망했다.,,,True,"현재 문장은 한국의 경제 성장률 예측에 대한 내용으로, 이는 국가 집계 통계 중 하나로 볼 수 있으며 KOSIS를 통해 대조 가능하다.",high,hcx,HCX-007,isclaim-v1.3-prev2-context,2026-07-30
A0023-C002,A0023,정부 “올해 경제성장률 1.8%”… 한은 전망보다 더 낮췄다,2025-01-02,https://www.chosun.com/economy/economy_general/2025/01/02/FWT5PD42TZED7JTIXYCIECCFRE,비상 계엄 파문 이전인 작년 11월말 새해 성장률을 1.9%로 전망한 한국은행보다 경제 상황이 조금 더 어둡다고 봤다.,수출과 건설 경기 부진 여파로 새해 우리나라 경제가 1.8% 성장하는 데 그칠 것이라고 기획재정부가 2일 전망했다.,,True,"현재 문장은 한국의 새해 경제 성장률 예측치를 언급하며, 이는 국가 경제 관련 통계로서 KOSIS를 통해 검증할 수 있는 내용이다.",high,hcx,HCX-007,isclaim-v1.3-prev2-context,2026-07-30
A0023-C003,A0023,정부 “올해 경제성장률 1.8%”… 한은 전망보다 더 낮췄다,2025-01-02,https://www.chosun.com/economy/economy_general/2025/01/02/FWT5PD42TZED7JTIXYCIECCFRE,기재부는 이날 ‘2025년 경제정책방향’을 발표하면서 올해 경제 성장률이 1.8%로 전망된다고 밝혔다.,비상 계엄 파문 이전인 작년 11월말 새해 성장률을 1.9%로 전망한 한국은행보다 경제 상황이 조금 더 어둡다고 봤다.,수출과 건설 경기 부진 여파로 새해 우리나라 경제가 1.8% 성장하는 데 그칠 것이라고 기획재정부가 2일 전망했다.,True,"기재부가 발표한 2025년 경제 성장률 전망치는 국가 경제 상황에 대한 예측으로서, 이는 KOSIS를 통해 관련 통계를 확인할 수 있는 내용이다.",high,hcx,HCX-007,isclaim-v1.3-prev2-context,2026-07-30
A0023-C004,A0023,정부 “올해 경제성장률 1.8%”… 한은 전망보다 더 낮췄다,2025-01-02,https://www.chosun.com/economy/economy_general/2025/01/02/FWT5PD42TZED7JTIXYCIECCFRE,"작년 7월초만 해도 정부는 수출이 살아나면서 내수가 회복될 것으로 기대하고 새해 성장률을 2.2%로 봤었는데, 내수 부진이 장기화하고 비상 계엄과 줄탄핵 등 정치 불확실성이 커지자 6개월 만에 전망치를 0.4%포인트 낮췄다.",기재부는 이날 ‘2025년 경제정책방향’을 발표하면서 올해 경제 성장률이 1.8%로 전망된다고 밝혔다.,비상 계엄 파문 이전인 작년 11월말 새해 성장률을 1.9%로 전망한 한국은행보다 경제 상황이 조금 더 어둡다고 봤다.,True,"현재 문장은 정부의 경제 성장률 예측치가 변경되었다는 내용을 포함하며, 이는 국내 경제 상황에 대한 예측으로서 KOSIS를 통해 대조 및 검증 가능한 내용이다.",high,hcx,HCX-007,isclaim-v1.3-prev2-context,2026-07-30
A0023-C005,A0023,정부 “올해 경제성장률 1.8%”… 한은 전망보다 더 낮췄다,2025-01-02,https://www.chosun.com/economy/economy_general/2025/01/02/FWT5PD42TZED7JTIXYCIECCFRE,정부의 올해 성장률 전망치는 2~2.1%로 추정되는 잠재 성장률(생산 자원을 모두 투입했을 때 물가 상승 없이 최대한 달성할 수 있는 성장률)보다 낮다.,"작년 7월초만 해도 정부는 수출이 살아나면서 내수가 회복될 것으로 기대하고 새해 성장률을 2.2%로 봤었는데, 내수 부진이 장기화하고 비상 계엄과 줄탄핵 등 정치 불확실성이 커지자 6개월 만에 전망치를 0.4%포인트 낮췄다.",기재부는 이날 ‘2025년 경제정책방향’을 발표하면서 올해 경제 성장률이 1.8%로 전망된다고 밝혔다.,True,"현재 문장은 정부의 올해 성장률 전망치가 잠재 성장률보다 낮다는 내용을 포함하며, 이는 경제 성장률이라는 수치적인 비교를 통해 KOSIS 등의 국가 통계 자료로 검증 가능한 내용이다.",high,hcx,HCX-007,isclaim-v1.3-prev2-context,2026-07-30
A0023-C006,A0023,정부 “올해 경제성장률 1.8%”… 한은 전망보다 더 낮췄다,2025-01-02,https://www.chosun.com/economy/economy_general/2025/01/02/FWT5PD42TZED7JTIXYCIECCFRE,이런 가운데 정부는 소비자 물가 상승률도 한국은행의 물가 안정 목표치(2%)보다 낮은 1.8%로 내다봤다.,정부의 올해 성장률 전망치는 2~2.1%로 추정되는 잠재 성장률(생산 자원을 모두 투입했을 때 물가 상승 없이 최대한 달성할 수 있는 성장률)보다 낮다.,"작년 7월초만 해도 정부는 수출이 살아나면서 내수가 회복될 것으로 기대하고 새해 성장률을 2.2%로 봤었는데, 내수 부진이 장기화하고 비상 계엄과 줄탄핵 등 정치 불확실성이 커지자 6개월 만에 전망치를 0.4%포인트 낮췄다.",True,"현재 문장은 정부의 소비자 물가 상승률 예측치가 한국은행의 물가 안정 목표치보다 낮다는 내용을 포함하며, 이는 국가 경제 지표로서 KOSIS를 통해 검증 가능하다.",high,hcx,HCX-007,isclaim-v1.3-prev2-context,2026-07-30
A0023-C007,A0023,정부 “올해 경제성장률 1.8%”… 한은 전망보다 더 낮췄다,2025-01-02,https://www.chosun.com/economy/economy_general/2025/01/02/FWT5PD42TZED7JTIXYCIECCFRE,성장률과 물가 상승률이 모두 1%대에 머무른다는 정부 전망이 현실화될 경우 경기 침체 우려가 커질 수 있다.,이런 가운데 정부는 소비자 물가 상승률도 한국은행의 물가 안정 목표치(2%)보다 낮은 1.8%로 내다봤다.,정부의 올해 성장률 전망치는 2~2.1%로 추정되는 잠재 성장률(생산 자원을 모두 투입했을 때 물가 상승 없이 최대한 달성할 수 있는 성장률)보다 낮다.,True,"성장률과 물가 상승률이라는 경제 지표들이 언급되었으며, 이는 국가 통계로서 KOSIS에서 확인 가능한 정보들이다.",high,hcx,HCX-007,isclaim-v1.3-prev2-context,2026-07-30
A0023-C008,A0023,정부 “올해 경제성장률 1.8%”… 한은 전망보다 더 낮췄다,2025-01-02,https://www.chosun.com/economy/economy_general/2025/01/02/FWT5PD42TZED7JTIXYCIECCFRE,"정부는 지난달 30일 새해 경제정책방향을 발표할 계획이었는데, 하루 전 무안공항 제주항공 여객기 참사로 발표를 사흘 미뤘다.",성장률과 물가 상승률이 모두 1%대에 머무른다는 정부 전망이 현실화될 경우 경기 침체 우려가 커질 수 있다.,이런 가운데 정부는 소비자 물가 상승률도 한국은행의 물가 안정 목표치(2%)보다 낮은 1.8%로 내다봤다.,False,"현재 문장은 정부의 경제정책방향 발표 연기에 대한 내용으로, 수치나 통계적인 변화를 주장하지 않습니다.",high,hcx,HCX-007,isclaim-v1.3-prev2-context,2026-07-30
A0023-C009,A0023,정부 “올해 경제성장률 1.8%”… 한은 전망보다 더 낮췄다,2025-01-02,https://www.chosun.com/economy/economy_general/2025/01/02/FWT5PD42TZED7JTIXYCIECCFRE,◇”수출 꺾이고 건설 계속 안 좋다” 정부는 성장률 전망치를 낮춘 가장 큰 이유로 수출 둔화를 꼽았다.,"정부는 지난달 30일 새해 경제정책방향을 발표할 계획이었는데, 하루 전 무안공항 제주항공 여객기 참사로 발표를 사흘 미뤘다.",성장률과 물가 상승률이 모두 1%대에 머무른다는 정부 전망이 현실화될 경우 경기 침체 우려가 커질 수 있다.,True,"성장률과 수출 둔화에 대한 언급이 있으며, 이는 국가 경제 지표로서 KOSIS에서 관련 통계를 찾아볼 수 있는 내용이다.",high,hcx,HCX-007,isclaim-v1.3-prev2-context,2026-07-30
A0023-C010,A0023,정부 “올해 경제성장률 1.8%”… 한은 전망보다 더 낮췄다,2025-01-02,https://www.chosun.com/economy/economy_general/2025/01/02/FWT5PD42TZED7JTIXYCIECCFRE,기재부는 반도체 등 주력 수출 업종의 경쟁 심화와 관세 장벽 강화를 내세운 미국의 트럼프 2기 행정부 출범 등으로 수출 증가율이 작년 8.2%에서 올해 1.5%로 쪼그라들 것으로 봤다.,◇”수출 꺾이고 건설 계속 안 좋다” 정부는 성장률 전망치를 낮춘 가장 큰 이유로 수출 둔화를 꼽았다.,"정부는 지난달 30일 새해 경제정책방향을 발표할 계획이었는데, 하루 전 무안공항 제주항공 여객기 참사로 발표를 사흘 미뤘다.",True,"현재 문장은 한국의 수출 증가율 변화에 대한 구체적인 수치를 포함하고 있으며, 이는 국가 통계의 변화를 나타내는 정보로서 KOSIS에서 검증할 수 있는 내용이다.",high,hcx,HCX-007,isclaim-v1.3-prev2-context,2026-07-30
A0023-C011,A0023,정부 “올해 경제성장률 1.8%”… 한은 전망보다 더 낮췄다,2025-01-02,https://www.chosun.com/economy/economy_general/2025/01/02/FWT5PD42TZED7JTIXYCIECCFRE,정부가 이날 발표한 새해 수출 증가율 전망치는 6개월 전 전망(6%)과 비교해도 4분의 1 수준이다.,기재부는 반도체 등 주력 수출 업종의 경쟁 심화와 관세 장벽 강화를 내세운 미국의 트럼프 2기 행정부 출범 등으로 수출 증가율이 작년 8.2%에서 올해 1.5%로 쪼그라들 것으로 봤다.,◇”수출 꺾이고 건설 계속 안 좋다” 정부는 성장률 전망치를 낮춘 가장 큰 이유로 수출 둔화를 꼽았다.,True,"정부가 발표한 새해 수출 증가율 전망치가 6개월 전 전망치 대비 크게 낮아졌다는 내용으로, 이는 KOSIS를 통해 수출 증가율 관련 통계를 확인하여 검증할 수 있는 주장이다.",high,hcx,HCX-007,isclaim-v1.3-prev2-context,2026-07-30
A0023-C012,A0023,정부 “올해 경제성장률 1.8%”… 한은 전망보다 더 낮췄다,2025-01-02,https://www.chosun.com/economy/economy_general/2025/01/02/FWT5PD42TZED7JTIXYCIECCFRE,"안덕근 산업통상자원부 장관은 지난달 30일 SK하이닉스 청주캠퍼스에서 열린 반도체 관련 기업 간담회에서 “국내 정치 상황과 미국 트럼프 신정부 출범, 중국의 매서운 추격 등 시장을 둘러싼 불확실성이 크다”고 했었다.",정부가 이날 발표한 새해 수출 증가율 전망치는 6개월 전 전망(6%)과 비교해도 4분의 1 수준이다.,기재부는 반도체 등 주력 수출 업종의 경쟁 심화와 관세 장벽 강화를 내세운 미국의 트럼프 2기 행정부 출범 등으로 수출 증가율이 작년 8.2%에서 올해 1.5%로 쪼그라들 것으로 봤다.,False,"현재 문장은 단순한 의견 표현 및 시장 상황에 대한 설명을 포함하고 있으며, 구체적인 수치나 통계적인 변화를 주장하지 않습니다.",high,hcx,HCX-007,isclaim-v1.3-prev2-context,2026-07-30
A0023-C013,A0023,정부 “올해 경제성장률 1.8%”… 한은 전망보다 더 낮췄다,2025-01-02,https://www.chosun.com/economy/economy_general/2025/01/02/FWT5PD42TZED7JTIXYCIECCFRE,기재부는 우리나라 주력 수출 품목인 메모리반도체의 매출 성장세가 올해 13.4%로 작년(81%)의 16.5% 수준으로 쪼그라들 것이라는 세계반도체무역통계기구(WSTS)의 최근 전망을 인용하기도 했다.,"안덕근 산업통상자원부 장관은 지난달 30일 SK하이닉스 청주캠퍼스에서 열린 반도체 관련 기업 간담회에서 “국내 정치 상황과 미국 트럼프 신정부 출범, 중국의 매서운 추격 등 시장을 둘러싼 불확실성이 크다”고 했었다.",정부가 이날 발표한 새해 수출 증가율 전망치는 6개월 전 전망(6%)과 비교해도 4분의 1 수준이다.,True,"현재 문장은 메모리반도체의 매출 성장세에 대한 구체적인 수치와 작년의 성장세와의 비교를 포함하고 있으며, 이는 국가 경제 및 산업의 중요한 부분으로서 KOSIS 등에서 관련 통계를 찾아볼 수 있을 것이다.",high,hcx,HCX-007,isclaim-v1.3-prev2-context,2026-07-30
A0023-C014,A0023,정부 “올해 경제성장률 1.8%”… 한은 전망보다 더 낮췄다,2025-01-02,https://www.chosun.com/economy/economy_general/2025/01/02/FWT5PD42TZED7JTIXYCIECCFRE,건설 경기 등 내수 부진이 한동안 이어질 것이라는 점도 정부가 새해 경제를 비관적으로 본 또다른 이유다.,기재부는 우리나라 주력 수출 품목인 메모리반도체의 매출 성장세가 올해 13.4%로 작년(81%)의 16.5% 수준으로 쪼그라들 것이라는 세계반도체무역통계기구(WSTS)의 최근 전망을 인용하기도 했다.,"안덕근 산업통상자원부 장관은 지난달 30일 SK하이닉스 청주캠퍼스에서 열린 반도체 관련 기업 간담회에서 “국내 정치 상황과 미국 트럼프 신정부 출범, 중국의 매서운 추격 등 시장을 둘러싼 불확실성이 크다”고 했었다.",False,"현재 문장은 건설 경기가 부진하다는 일반적인 의견을 제시하지만, 구체적인 수치나 통계적인 변화를 언급하지 않습니다.",high,hcx,HCX-007,isclaim-v1.3-prev2-context,2026-07-30
A0023-C015,A0023,정부 “올해 경제성장률 1.8%”… 한은 전망보다 더 낮췄다,2025-01-02,https://www.chosun.com/economy/economy_general/2025/01/02/FWT5PD42TZED7JTIXYCIECCFRE,"김범석 기재부 1차관은 “내수는 고물가·고금리 완화에도 불구하고 건설 부진, 경제심리 위축이 회복을 제약할 것으로 예상된다”고 했다.",건설 경기 등 내수 부진이 한동안 이어질 것이라는 점도 정부가 새해 경제를 비관적으로 본 또다른 이유다.,기재부는 우리나라 주력 수출 품목인 메모리반도체의 매출 성장세가 올해 13.4%로 작년(81%)의 16.5% 수준으로 쪼그라들 것이라는 세계반도체무역통계기구(WSTS)의 최근 전망을 인용하기도 했다.,True,"현재 문장은 내수의 회복이 제약될 것이라는 예측을 하고 있으며, 이는 경제 상황에 대한 분석이므로 KOSIS에서 관련 통계를 통해 검증할 수 있다.",high,hcx,HCX-007,isclaim-v1.3-prev2-context,2026-07-30
A0023-C016,A0023,정부 “올해 경제성장률 1.8%”… 한은 전망보다 더 낮췄다,2025-01-02,https://www.chosun.com/economy/economy_general/2025/01/02/FWT5PD42TZED7JTIXYCIECCFRE,◇계엄 파문 전 한은 전망보다 낮아 정부의 새해 성장률 전망치는 지난달 3일 비상 계엄 파문 직전 나온 한국은행 전망보다도 0.1%포인트 낮다.,"김범석 기재부 1차관은 “내수는 고물가·고금리 완화에도 불구하고 건설 부진, 경제심리 위축이 회복을 제약할 것으로 예상된다”고 했다.",건설 경기 등 내수 부진이 한동안 이어질 것이라는 점도 정부가 새해 경제를 비관적으로 본 또다른 이유다.,True,정부의 새해 성장률 전망치가 한국은행의 전망치보다 0.1%포인트 낮다는 것은 국가 경제 지표 중 하나인 성장률에 대한 비교 정보이므로 KOSIS에서 관련 통계를 통해 검증 가능하다.,high,hcx,HCX-007,isclaim-v1.3-prev2-context,2026-07-30
A0023-C017,A0023,정부 “올해 경제성장률 1.8%”… 한은 전망보다 더 낮췄다,2025-01-02,https://www.chosun.com/economy/economy_general/2025/01/02/FWT5PD42TZED7JTIXYCIECCFRE,기재부는 한은보다 성장률 전망치를 낮춘 이유로 줄탄핵 등 정치적 불확실성을 들었다.,◇계엄 파문 전 한은 전망보다 낮아 정부의 새해 성장률 전망치는 지난달 3일 비상 계엄 파문 직전 나온 한국은행 전망보다도 0.1%포인트 낮다.,"김범석 기재부 1차관은 “내수는 고물가·고금리 완화에도 불구하고 건설 부진, 경제심리 위축이 회복을 제약할 것으로 예상된다”고 했다.",False,정치적 불확실성에 대한 언급은 수치나 통계적 변화를 주장하는 것이 아니므로 해당되지 않습니다.,high,hcx,HCX-007,isclaim-v1.3-prev2-context,2026-07-30
A0023-C018,A0023,정부 “올해 경제성장률 1.8%”… 한은 전망보다 더 낮췄다,2025-01-02,https://www.chosun.com/economy/economy_general/2025/01/02/FWT5PD42TZED7JTIXYCIECCFRE,작년 성장률 전망치를 2.2%로 6개월 전(2.6%)에 비해 0.4%포인트 낮춰 잡은 것도 정국 불안에 따른 불확실성을 감안한 점이 일부 영향을 미쳤다고 김 차관은 전했다.,기재부는 한은보다 성장률 전망치를 낮춘 이유로 줄탄핵 등 정치적 불확실성을 들었다.,◇계엄 파문 전 한은 전망보다 낮아 정부의 새해 성장률 전망치는 지난달 3일 비상 계엄 파문 직전 나온 한국은행 전망보다도 0.1%포인트 낮다.,True,"현재 문장은 작년 성장률 전망치가 2.2%로 6개월 전에 비해 0.4%포인트 낮아졌다는 내용을 포함하며, 이는 KOSIS 국가통계포털에서 경제성장률 관련 통계를 통해 검증할 수 있는 내용이다.",high,hcx,HCX-007,isclaim-v1.3-prev2-context,2026-07-30
A0023-C019,A0023,정부 “올해 경제성장률 1.8%”… 한은 전망보다 더 낮췄다,2025-01-02,https://www.chosun.com/economy/economy_general/2025/01/02/FWT5PD42TZED7JTIXYCIECCFRE,거대 야당인 더불어민주당 주도의 4조원대 감액 예산안이 지난달 10일 국회를 통과한 점도 한은보다 새해 경제를 어둡게 전망한 이유다.,작년 성장률 전망치를 2.2%로 6개월 전(2.6%)에 비해 0.4%포인트 낮춰 잡은 것도 정국 불안에 따른 불확실성을 감안한 점이 일부 영향을 미쳤다고 김 차관은 전했다.,기재부는 한은보다 성장률 전망치를 낮춘 이유로 줄탄핵 등 정치적 불확실성을 들었다.,False,"현재 문장은 예산안 통과와 관련된 정치적 상황에 대한 설명이므로, 이는 KOSIS에서 검증 가능한 수치나 통계적 변화를 주장하지 않습니다.",high,hcx,HCX-007,isclaim-v1.3-prev2-context,2026-07-30
A0023-C020,A0023,정부 “올해 경제성장률 1.8%”… 한은 전망보다 더 낮췄다,2025-01-02,https://www.chosun.com/economy/economy_general/2025/01/02/FWT5PD42TZED7JTIXYCIECCFRE,이창용 한국은행 총재도 같은 달 17일 국회 기획재정위원회 현안질의에서 “현재 통과된 예산안은 경제(성장률)에 마이너스(-) 0.06%포인트정도 영향이 있다”고 말했었다.,거대 야당인 더불어민주당 주도의 4조원대 감액 예산안이 지난달 10일 국회를 통과한 점도 한은보다 새해 경제를 어둡게 전망한 이유다.,작년 성장률 전망치를 2.2%로 6개월 전(2.6%)에 비해 0.4%포인트 낮춰 잡은 것도 정국 불안에 따른 불확실성을 감안한 점이 일부 영향을 미쳤다고 김 차관은 전했다.,True,"현재 문장은 경제 성장률에 대한 구체적인 수치 변화를 언급하며, 이는 국가 경제 관련 통계로서 KOSIS에서 대조 가능한 내용이다.",high,hcx,HCX-007,isclaim-v1.3-prev2-context,2026-07-30
A0023-C021,A0023,정부 “올해 경제성장률 1.8%”… 한은 전망보다 더 낮췄다,2025-01-02,https://www.chosun.com/economy/economy_general/2025/01/02/FWT5PD42TZED7JTIXYCIECCFRE,최근 한달새 나온 각종 경기 지표가 부진한 모습을 보인 점도 정부의 보수적인 경기 전망에 한몫했다.,이창용 한국은행 총재도 같은 달 17일 국회 기획재정위원회 현안질의에서 “현재 통과된 예산안은 경제(성장률)에 마이너스(-) 0.06%포인트정도 영향이 있다”고 말했었다.,거대 야당인 더불어민주당 주도의 4조원대 감액 예산안이 지난달 10일 국회를 통과한 점도 한은보다 새해 경제를 어둡게 전망한 이유다.,False,"현재 문장은 경기 지표가 부진하다는 일반적인 서술이지만, 구체적인 수치나 통계적 변화를 언급하지 않아 KOSIS 통계로 검증하기 어렵다.",high,hcx,HCX-007,isclaim-v1.3-prev2-context,2026-07-30
A0023-C022,A0023,정부 “올해 경제성장률 1.8%”… 한은 전망보다 더 낮췄다,2025-01-02,https://www.chosun.com/economy/economy_general/2025/01/02/FWT5PD42TZED7JTIXYCIECCFRE,"지난달 30일 발표된 통계청의 ‘11월 산업활동동향’에 따르면, 생산은 작년 9월(-0.4%)·10월(-0.2%)·11월(-0.4%) 등 3개월 연속으로 전월 대비 감소했다.",최근 한달새 나온 각종 경기 지표가 부진한 모습을 보인 점도 정부의 보수적인 경기 전망에 한몫했다.,이창용 한국은행 총재도 같은 달 17일 국회 기획재정위원회 현안질의에서 “현재 통과된 예산안은 경제(성장률)에 마이너스(-) 0.06%포인트정도 영향이 있다”고 말했었다.,True,현재 문장은 통계청의 '11월 산업활동동향' 데이터를 기반으로 하여 생산이 작년 9월부터 11월까지 3개월 연속으로 전월 대비 감소했다고 주장합니다.,high,hcx,HCX-007,isclaim-v1.3-prev2-context,2026-07-30
A0023-C023,A0023,정부 “올해 경제성장률 1.8%”… 한은 전망보다 더 낮췄다,2025-01-02,https://www.chosun.com/economy/economy_general/2025/01/02/FWT5PD42TZED7JTIXYCIECCFRE,설비투자도 작년 10월(-5.9%)·11월(-1.6%) 등 2달 연속 감소했다.,"지난달 30일 발표된 통계청의 ‘11월 산업활동동향’에 따르면, 생산은 작년 9월(-0.4%)·10월(-0.2%)·11월(-0.4%) 등 3개월 연속으로 전월 대비 감소했다.",최근 한달새 나온 각종 경기 지표가 부진한 모습을 보인 점도 정부의 보수적인 경기 전망에 한몫했다.,True,"설비투자의 감소 추세를 언급하며, 이는 KOSIS 국가통계포털에서 제공하는 산업활동동향을 통해 검증 가능하다.",high,hcx,HCX-007,isclaim-v1.3-prev2-context,2026-07-30
A0023-C024,A0023,정부 “올해 경제성장률 1.8%”… 한은 전망보다 더 낮췄다,2025-01-02,https://www.chosun.com/economy/economy_general/2025/01/02/FWT5PD42TZED7JTIXYCIECCFRE,특히 건축·토목 공사 실적을 뜻하는 건설기성은 작년 11월 0.2% 감소해 5월(-4.6%)부터 7개월 연속 마이너스 행진을 이어갔다.,설비투자도 작년 10월(-5.9%)·11월(-1.6%) 등 2달 연속 감소했다.,"지난달 30일 발표된 통계청의 ‘11월 산업활동동향’에 따르면, 생산은 작년 9월(-0.4%)·10월(-0.2%)·11월(-0.4%) 등 3개월 연속으로 전월 대비 감소했다.",True,"건설기성의 감소 추세를 언급하며, 이는 국가통계포털(KOSIS)에서 관련 통계를 통해 검증할 수 있는 내용이다.",high,hcx,HCX-007,isclaim-v1.3-prev2-context,2026-07-30
A0023-C025,A0023,정부 “올해 경제성장률 1.8%”… 한은 전망보다 더 낮췄다,2025-01-02,https://www.chosun.com/economy/economy_general/2025/01/02/FWT5PD42TZED7JTIXYCIECCFRE,소비 지표인 소매판매는 9월(-0.3%)과 10월(-0.8%) 2달 연속 감소하다가 11월 0.4% 증가세로 돌아섰다.,특히 건축·토목 공사 실적을 뜻하는 건설기성은 작년 11월 0.2% 감소해 5월(-4.6%)부터 7개월 연속 마이너스 행진을 이어갔다.,설비투자도 작년 10월(-5.9%)·11월(-1.6%) 등 2달 연속 감소했다.,True,"현재 문장은 소매판매라는 국내 경제 지표의 변화를 언급하며, 이는 KOSIS 국가통계포털에서 확인 가능한 정보이므로 True로 판단합니다.",high,hcx,HCX-007,isclaim-v1.3-prev2-context,2026-07-30
A0023-C026,A0023,정부 “올해 경제성장률 1.8%”… 한은 전망보다 더 낮췄다,2025-01-02,https://www.chosun.com/economy/economy_general/2025/01/02/FWT5PD42TZED7JTIXYCIECCFRE,다만 11월 소매판매는 전년 동월과 비교하면 1.9% 줄어 부진한 흐름을 이어갔다.,소비 지표인 소매판매는 9월(-0.3%)과 10월(-0.8%) 2달 연속 감소하다가 11월 0.4% 증가세로 돌아섰다.,특히 건축·토목 공사 실적을 뜻하는 건설기성은 작년 11월 0.2% 감소해 5월(-4.6%)부터 7개월 연속 마이너스 행진을 이어갔다.,True,"현재 문장은 11월 소매판매가 전년 동월에 비해 1.9% 줄었다는 구체적인 통계를 제시하며, 이는 KOSIS 국가통계포털에서 확인 가능한 정보이므로 True로 판단합니다.",high,hcx,HCX-007,isclaim-v1.3-prev2-context,2026-07-30
A0023-C027,A0023,정부 “올해 경제성장률 1.8%”… 한은 전망보다 더 낮췄다,2025-01-02,https://www.chosun.com/economy/economy_general/2025/01/02/FWT5PD42TZED7JTIXYCIECCFRE,◇잠재 성장률보다 낮은 올해 성장률 전망치 정부의 올해 성장률 전망치는 잠재 성장률보다도 낮다.,다만 11월 소매판매는 전년 동월과 비교하면 1.9% 줄어 부진한 흐름을 이어갔다.,소비 지표인 소매판매는 9월(-0.3%)과 10월(-0.8%) 2달 연속 감소하다가 11월 0.4% 증가세로 돌아섰다.,True,"현재 문장은 한국의 경제 성장률에 대한 예측을 포함하며, 이는 국가 통계의 중요한 부분으로 KOSIS에서 관련 데이터를 통해 검증할 수 있다.",high,hcx,HCX-007,isclaim-v1.3-prev2-context,2026-07-30
A0023-C028,A0023,정부 “올해 경제성장률 1.8%”… 한은 전망보다 더 낮췄다,2025-01-02,https://www.chosun.com/economy/economy_general/2025/01/02/FWT5PD42TZED7JTIXYCIECCFRE,"경제협력개발기구(OECD)는 작년 기준 한국의 잠재 성장률을 2%, 국회 예산정책처는 올해 기준 우리나라 잠재 성장률을 2.1%로 보고 있다.",◇잠재 성장률보다 낮은 올해 성장률 전망치 정부의 올해 성장률 전망치는 잠재 성장률보다도 낮다.,다만 11월 소매판매는 전년 동월과 비교하면 1.9% 줄어 부진한 흐름을 이어갔다.,False,"현재 문장은 OECD와 국회 예산정책처가 각각 한국의 잠재 성장률을 어떻게 평가했는지에 대한 정보를 제공하고 있지만, 이는 특정한 수치나 비율 등의 변화를 주장하는 것이 아니라 단순한 정보 제공이므로 KOSIS를 통해 검증 가능한 내용이 아닙니다.",high,hcx,HCX-007,isclaim-v1.3-prev2-context,2026-07-30
A0023-C029,A0023,정부 “올해 경제성장률 1.8%”… 한은 전망보다 더 낮췄다,2025-01-02,https://www.chosun.com/economy/economy_general/2025/01/02/FWT5PD42TZED7JTIXYCIECCFRE,"정부의 작년 성장률 전망치는 2.2%로 주요 기관의 잠재 성장률 추정치를 웃돌지만, 내년 전망치는 잠재 성장률에 못 미친다.","경제협력개발기구(OECD)는 작년 기준 한국의 잠재 성장률을 2%, 국회 예산정책처는 올해 기준 우리나라 잠재 성장률을 2.1%로 보고 있다.",◇잠재 성장률보다 낮은 올해 성장률 전망치 정부의 올해 성장률 전망치는 잠재 성장률보다도 낮다.,True,"현재 문장은 정부의 작년 및 내년 성장률 전망치가 주요 기관의 잠재 성장률 추정치와 비교된다는 내용을 포함하며, 이는 국가 경제 관련 통계로서 KOSIS를 통해 검증 가능하다.",high,hcx,HCX-007,isclaim-v1.3-prev2-context,2026-07-30
A0023-C030,A0023,정부 “올해 경제성장률 1.8%”… 한은 전망보다 더 낮췄다,2025-01-02,https://www.chosun.com/economy/economy_general/2025/01/02/FWT5PD42TZED7JTIXYCIECCFRE,경기가 일시적으로 나쁜 것이 아니라 성장률이 경제의 기초 체력을 뜻하는 잠재 성장률에도 미치지 못하는 저성장 터널로 들어서고 있다는 우려가 나온다.,"정부의 작년 성장률 전망치는 2.2%로 주요 기관의 잠재 성장률 추정치를 웃돌지만, 내년 전망치는 잠재 성장률에 못 미친다.","경제협력개발기구(OECD)는 작년 기준 한국의 잠재 성장률을 2%, 국회 예산정책처는 올해 기준 우리나라 잠재 성장률을 2.1%로 보고 있다.",True,현재 문장은 성장률이 잠재 성장률에 미치지 못하고 있는 상황을 언급하며 이는 경제의 기초 체력에 대한 우려를 나타내고 있습니다.,high,hcx,HCX-007,isclaim-v1.3-prev2-context,2026-07-30
A0023-C031,A0023,정부 “올해 경제성장률 1.8%”… 한은 전망보다 더 낮췄다,2025-01-02,https://www.chosun.com/economy/economy_general/2025/01/02/FWT5PD42TZED7JTIXYCIECCFRE,"◇물가 상승률 전망도 물가안정 목표 밑돌아 정부는 올해 소비자 물가 상승률도 1.8%로 전망해, 6개월 전 전망치(2.1%)보다 0.3%포인트 낮춰잡았다.",경기가 일시적으로 나쁜 것이 아니라 성장률이 경제의 기초 체력을 뜻하는 잠재 성장률에도 미치지 못하는 저성장 터널로 들어서고 있다는 우려가 나온다.,"정부의 작년 성장률 전망치는 2.2%로 주요 기관의 잠재 성장률 추정치를 웃돌지만, 내년 전망치는 잠재 성장률에 못 미친다.",True,현재 문장은 정부가 올해 소비자 물가 상승률을 1.8%로 전망하며 이는 이전 전망치 2.1%보다 낮은 수치라고 언급하고 있다.,high,hcx,HCX-007,isclaim-v1.3-prev2-context,2026-07-30
A0023-C032,A0023,정부 “올해 경제성장률 1.8%”… 한은 전망보다 더 낮췄다,2025-01-02,https://www.chosun.com/economy/economy_general/2025/01/02/FWT5PD42TZED7JTIXYCIECCFRE,작년 11월말 한국은행 전망치(1.9%)보다도 0.1%포인트 낮다.,"◇물가 상승률 전망도 물가안정 목표 밑돌아 정부는 올해 소비자 물가 상승률도 1.8%로 전망해, 6개월 전 전망치(2.1%)보다 0.3%포인트 낮춰잡았다.",경기가 일시적으로 나쁜 것이 아니라 성장률이 경제의 기초 체력을 뜻하는 잠재 성장률에도 미치지 못하는 저성장 터널로 들어서고 있다는 우려가 나온다.,True,"현재 문장은 한국의 소비자 물가 상승률 예측치가 작년 11월 말 한국은행의 전망치보다 0.1% 포인트 낮다는 내용을 담고 있으며, 이는 KOSIS를 통해 검증 가능한 국내 경제 지표에 대한 정보이므로 True로 판단된다.",high,hcx,HCX-007,isclaim-v1.3-prev2-context,2026-07-30
A0023-C033,A0023,정부 “올해 경제성장률 1.8%”… 한은 전망보다 더 낮췄다,2025-01-02,https://www.chosun.com/economy/economy_general/2025/01/02/FWT5PD42TZED7JTIXYCIECCFRE,정부 전망대로 1%대 물가 상승률이 현실화활 경우 코로나 대유행 여파로 물가 상승률이 0.5%에 그쳤던 2020년 이후 5년 만에 처음으로 한국은행의 물가 안정 목표치를 밑돌게 된다.,작년 11월말 한국은행 전망치(1.9%)보다도 0.1%포인트 낮다.,"◇물가 상승률 전망도 물가안정 목표 밑돌아 정부는 올해 소비자 물가 상승률도 1.8%로 전망해, 6개월 전 전망치(2.1%)보다 0.3%포인트 낮춰잡았다.",True,"현재 문장은 정부의 물가 상승률 전망치가 한국은행의 물가 안정 목표치를 밑돌 것이라는 내용을 포함하고 있으며, 이는 KOSIS를 통해 확인 가능한 국내 경제 지표 관련 내용이다.",high,hcx,HCX-007,isclaim-v1.3-prev2-context,2026-07-30
A0023-C034,A0023,정부 “올해 경제성장률 1.8%”… 한은 전망보다 더 낮췄다,2025-01-02,https://www.chosun.com/economy/economy_general/2025/01/02/FWT5PD42TZED7JTIXYCIECCFRE,오일 쇼크나 외환 위기 코로나 팬데믹 같은 외부 충격이 없는데도 성장률이 잠재 성장률을 따라잡지 못하고 물가 상승률마저 한은 목표치에 못 미치는 상황은 경기침체의 전조로 해석될 수 있다.,정부 전망대로 1%대 물가 상승률이 현실화활 경우 코로나 대유행 여파로 물가 상승률이 0.5%에 그쳤던 2020년 이후 5년 만에 처음으로 한국은행의 물가 안정 목표치를 밑돌게 된다.,작년 11월말 한국은행 전망치(1.9%)보다도 0.1%포인트 낮다.,False,"현재 문장은 경제 상황에 대한 해석 및 평가를 담고 있으며, 구체적인 수치나 통계적 변화를 주장하지 않습니다.",high,hcx,HCX-007,isclaim-v1.3-prev2-context,2026-07-30
A0023-C035,A0023,정부 “올해 경제성장률 1.8%”… 한은 전망보다 더 낮췄다,2025-01-02,https://www.chosun.com/economy/economy_general/2025/01/02/FWT5PD42TZED7JTIXYCIECCFRE,"경기 둔화 속 저물가는 투자와 고용 감소, 실업자 증가, 가계소득 감소, 소비 침체 등 악순환으로 이어질 수 있다.",오일 쇼크나 외환 위기 코로나 팬데믹 같은 외부 충격이 없는데도 성장률이 잠재 성장률을 따라잡지 못하고 물가 상승률마저 한은 목표치에 못 미치는 상황은 경기침체의 전조로 해석될 수 있다.,정부 전망대로 1%대 물가 상승률이 현실화활 경우 코로나 대유행 여파로 물가 상승률이 0.5%에 그쳤던 2020년 이후 5년 만에 처음으로 한국은행의 물가 안정 목표치를 밑돌게 된다.,True,"경기 둔화와 저물가가 여러 경제적 문제를 초래한다는 내용은 경제 상황에 대한 일반적인 분석이므로, 이는 국가 경제 지표와 관련된 내용으로 볼 수 있습니다.",mid,hcx,HCX-007,isclaim-v1.3-prev2-context,2026-07-30
A0023-C036,A0023,정부 “올해 경제성장률 1.8%”… 한은 전망보다 더 낮췄다,2025-01-02,https://www.chosun.com/economy/economy_general/2025/01/02/FWT5PD42TZED7JTIXYCIECCFRE,성장률과 물가 상승률이 모두 2%를 밑돈 경우는 2020년이 마지막이었다.,"경기 둔화 속 저물가는 투자와 고용 감소, 실업자 증가, 가계소득 감소, 소비 침체 등 악순환으로 이어질 수 있다.",오일 쇼크나 외환 위기 코로나 팬데믹 같은 외부 충격이 없는데도 성장률이 잠재 성장률을 따라잡지 못하고 물가 상승률마저 한은 목표치에 못 미치는 상황은 경기침체의 전조로 해석될 수 있다.,True,성장률과 물가 상승률이 모두 2%를 밑돌았다는 것은 경제 지표로서 KOSIS 국가통계포털에서 확인 가능한 정보이기 때문에 판단 근거로 충분합니다.,high,hcx,HCX-007,isclaim-v1.3-prev2-context,2026-07-30
A0023-C037,A0023,정부 “올해 경제성장률 1.8%”… 한은 전망보다 더 낮췄다,2025-01-02,https://www.chosun.com/economy/economy_general/2025/01/02/FWT5PD42TZED7JTIXYCIECCFRE,저출산·고령화 장기화로 생산연령인구(15~64세)가 줄어드는 가운데 경기 부진세가 이어지면서 올해 취업자 수도 12만명 늘어나는 데 그칠 것으로 정부는 전망했다.,성장률과 물가 상승률이 모두 2%를 밑돈 경우는 2020년이 마지막이었다.,"경기 둔화 속 저물가는 투자와 고용 감소, 실업자 증가, 가계소득 감소, 소비 침체 등 악순환으로 이어질 수 있다.",True,"현재 문장은 저출산·고령화와 경기 부진이 취업자 수 증가에 미치는 영향을 언급하며, 이는 국가통계포털(KOSIS)에서 관련 통계를 통해 검증할 수 있는 내용이다.",high,hcx,HCX-007,isclaim-v1.3-prev2-context,2026-07-30
A0023-C038,A0023,정부 “올해 경제성장률 1.8%”… 한은 전망보다 더 낮췄다,2025-01-02,https://www.chosun.com/economy/economy_general/2025/01/02/FWT5PD42TZED7JTIXYCIECCFRE,"올해 취업자 수 증가폭은 작년(17만명·정부 전망치)보다 5만명 줄어든 것으로, 코로나로 취업자 수가 21만8000명 줄어든 2020년 이후 가장 낮은 증가폭이다.",저출산·고령화 장기화로 생산연령인구(15~64세)가 줄어드는 가운데 경기 부진세가 이어지면서 올해 취업자 수도 12만명 늘어나는 데 그칠 것으로 정부는 전망했다.,성장률과 물가 상승률이 모두 2%를 밑돈 경우는 2020년이 마지막이었다.,True,"현재 문장은 '올해 취업자 수 증가폭'이라는 구체적인 수치와 비교 정보를 포함하며, 이는 고용 관련 통계로서 KOSIS에서 확인 가능한 내용이기 때문에 True로 판단됩니다.",high,hcx,HCX-007,isclaim-v1.3-prev2-context,2026-07-30
A0023-C039,A0023,정부 “올해 경제성장률 1.8%”… 한은 전망보다 더 낮췄다,2025-01-02,https://www.chosun.com/economy/economy_general/2025/01/02/FWT5PD42TZED7JTIXYCIECCFRE,"◇”1분기 상황 보고 추가 경기 보강안 마련” 김범석 1차관은 “경제 심리 개선과 내수 등 경기 회복이 급선무”라며 공공기관 추가 투자와 민간 투자 확대, 정책 금융 추가 공급 등에 18조원을 투입하는 등 경기 부양에 나서겠다고 밝혔다.","올해 취업자 수 증가폭은 작년(17만명·정부 전망치)보다 5만명 줄어든 것으로, 코로나로 취업자 수가 21만8000명 줄어든 2020년 이후 가장 낮은 증가폭이다.",저출산·고령화 장기화로 생산연령인구(15~64세)가 줄어드는 가운데 경기 부진세가 이어지면서 올해 취업자 수도 12만명 늘어나는 데 그칠 것으로 정부는 전망했다.,False,"현재 문장은 경제 심리와 내수 회복 등의 필요성을 언급하며 경기 부양을 위한 정부의 계획 및 조치를 설명하지만, 구체적인 수치나 통계적 변화를 주장하지 않는다.",high,hcx,HCX-007,isclaim-v1.3-prev2-context,2026-07-30
A0023-C040,A0023,정부 “올해 경제성장률 1.8%”… 한은 전망보다 더 낮췄다,2025-01-02,https://www.chosun.com/economy/economy_general/2025/01/02/FWT5PD42TZED7JTIXYCIECCFRE,673조3000억원 규모의 새해 예산 중 67%를 상반기(1~6월) 안으로 집행하겠다고도 했다.,"◇”1분기 상황 보고 추가 경기 보강안 마련” 김범석 1차관은 “경제 심리 개선과 내수 등 경기 회복이 급선무”라며 공공기관 추가 투자와 민간 투자 확대, 정책 금융 추가 공급 등에 18조원을 투입하는 등 경기 부양에 나서겠다고 밝혔다.","올해 취업자 수 증가폭은 작년(17만명·정부 전망치)보다 5만명 줄어든 것으로, 코로나로 취업자 수가 21만8000명 줄어든 2020년 이후 가장 낮은 증가폭이다.",False,"현재 문장은 정부의 예산 배정에 대한 내용으로, 이는 단순한 재정 계획이므로 KOSIS에서 검증 가능한 수치나 통계적 변화를 주장하지 않습니다.",high,hcx,HCX-007,isclaim-v1.3-prev2-context,2026-07-30
A0023-C041,A0023,정부 “올해 경제성장률 1.8%”… 한은 전망보다 더 낮췄다,2025-01-02,https://www.chosun.com/economy/economy_general/2025/01/02/FWT5PD42TZED7JTIXYCIECCFRE,올해 상반기 한시로 자동차 개별소비세를 5%에서 3.5%(100만원 한도)로 30% 인하하겠다고 밝히는 등 내수 진작책도 내놨다.,673조3000억원 규모의 새해 예산 중 67%를 상반기(1~6월) 안으로 집행하겠다고도 했다.,"◇”1분기 상황 보고 추가 경기 보강안 마련” 김범석 1차관은 “경제 심리 개선과 내수 등 경기 회복이 급선무”라며 공공기관 추가 투자와 민간 투자 확대, 정책 금융 추가 공급 등에 18조원을 투입하는 등 경기 부양에 나서겠다고 밝혔다.",False,"현재 문장은 자동차 개별소비세 인하 정책에 대한 내용으로, 이는 특정한 경제 정책 발표이지 직접적인 수치나 비율 등의 통계를 주장하는 것이 아닙니다.",high,hcx,HCX-007,isclaim-v1.3-prev2-context,2026-07-30
A0023-C042,A0023,정부 “올해 경제성장률 1.8%”… 한은 전망보다 더 낮췄다,2025-01-02,https://www.chosun.com/economy/economy_general/2025/01/02/FWT5PD42TZED7JTIXYCIECCFRE,다만 경기가 나아지지 않을 경우 새로운 대응 방안을 강구하겠다고 했다.,올해 상반기 한시로 자동차 개별소비세를 5%에서 3.5%(100만원 한도)로 30% 인하하겠다고 밝히는 등 내수 진작책도 내놨다.,673조3000억원 규모의 새해 예산 중 67%를 상반기(1~6월) 안으로 집행하겠다고도 했다.,False,"현재 문장은 단순한 계획이나 의도를 표현하며, 구체적인 수치나 통계적인 변화를 언급하지 않습니다.",high,hcx,HCX-007,isclaim-v1.3-prev2-context,2026-07-30
A0023-C043,A0023,정부 “올해 경제성장률 1.8%”… 한은 전망보다 더 낮췄다,2025-01-02,https://www.chosun.com/economy/economy_general/2025/01/02/FWT5PD42TZED7JTIXYCIECCFRE,김범석 1차관은 “경제 여건 전반을 1분기 중 재점검하고 필요시 추가 경기 보강 방안을 검토하겠다”고 밝혔다.,다만 경기가 나아지지 않을 경우 새로운 대응 방안을 강구하겠다고 했다.,올해 상반기 한시로 자동차 개별소비세를 5%에서 3.5%(100만원 한도)로 30% 인하하겠다고 밝히는 등 내수 진작책도 내놨다.,False,"현재 문장은 경제 여건을 점검하고 추가적인 경기 보강 방안을 검토하겠다는 계획 발표로서, 구체적인 수치나 통계적 변화를 주장하는 내용이 아닙니다.",high,hcx,HCX-007,isclaim-v1.3-prev2-context,2026-07-30
A0023-C044,A0023,정부 “올해 경제성장률 1.8%”… 한은 전망보다 더 낮췄다,2025-01-02,https://www.chosun.com/economy/economy_general/2025/01/02/FWT5PD42TZED7JTIXYCIECCFRE,추가 경기 보강 방안에 추가경정예산 편성이 포함되느냐는 질문에는 “불확실성이 현실화됐을 때 여러 가지 대응 방안을 고민하겠다는 취지”라며 가능성을 열어뒀다.,김범석 1차관은 “경제 여건 전반을 1분기 중 재점검하고 필요시 추가 경기 보강 방안을 검토하겠다”고 밝혔다.,다만 경기가 나아지지 않을 경우 새로운 대응 방안을 강구하겠다고 했다.,False,"현재 문장은 추가 경기 보강 방안에 대한 가능성 논의로서, 구체적인 수치나 통계적 변화를 주장하지 않습니다.",high,hcx,HCX-007,isclaim-v1.3-prev2-context,2026-07-30
A0023-C045,A0023,정부 “올해 경제성장률 1.8%”… 한은 전망보다 더 낮췄다,2025-01-02,https://www.chosun.com/economy/economy_general/2025/01/02/FWT5PD42TZED7JTIXYCIECCFRE,"작년 11월 성태윤 대통령실장이 새해 추경 가능성을 시사한 데 이어, 지난달 감액 예산안이 국회를 통과 이후 여야도 조기 추경을 논의하고 있다.",추가 경기 보강 방안에 추가경정예산 편성이 포함되느냐는 질문에는 “불확실성이 현실화됐을 때 여러 가지 대응 방안을 고민하겠다는 취지”라며 가능성을 열어뒀다.,김범석 1차관은 “경제 여건 전반을 1분기 중 재점검하고 필요시 추가 경기 보강 방안을 검토하겠다”고 밝혔다.,False,"현재 문장은 정부의 경제 정책 및 예산 관련 계획에 대한 내용으로, 특정한 수치나 통계적인 변화를 주장하는 내용이 아닙니다.",high,hcx,HCX-007,isclaim-v1.3-prev2-context,2026-07-30
A0023-C046,A0023,정부 “올해 경제성장률 1.8%”… 한은 전망보다 더 낮췄다,2025-01-02,https://www.chosun.com/economy/economy_general/2025/01/02/FWT5PD42TZED7JTIXYCIECCFRE,최상목 대통령 권한대행은 추경 편성 여부에 대해 뚜렷한 입장을 밝히지 않은 채 “내년 1월부터 예산이 제대로 시행될 수 있도록 충실하게 집행을 준비하는 게 최우선”이라는 입장을 되풀이하고 있다.,"작년 11월 성태윤 대통령실장이 새해 추경 가능성을 시사한 데 이어, 지난달 감액 예산안이 국회를 통과 이후 여야도 조기 추경을 논의하고 있다.",추가 경기 보강 방안에 추가경정예산 편성이 포함되느냐는 질문에는 “불확실성이 현실화됐을 때 여러 가지 대응 방안을 고민하겠다는 취지”라며 가능성을 열어뒀다.,False,"현재 문장은 정부의 예산 집행 계획 및 입장에 대한 설명으로, 구체적인 수치나 통계적 변화를 주장하지 않습니다.",high,hcx,HCX-007,isclaim-v1.3-prev2-context,2026-07-30
A0024-C001,A0024,"정부, 작년 세수 부족으로 韓銀서 170조원 빌려 썼다",2025-01-02,https://www.chosun.com/economy/economy_general/2025/01/02/LYWZZSQ6I5AVJDNTRW6KAK6ORY,정부가 지난해 세수 부족으로 한국은행에서 170조원 넘는 돈을 빌려 쓴 것으로 나타났다.,,,True,정부가 지난해 세수 부족으로 한국은행에서 빌린 금액은 국가 재정 관련 통계로서 KOSIS에서 확인 가능하다.,high,hcx,HCX-007,isclaim-v1.3-prev2-context,2026-07-30
A0024-C002,A0024,"정부, 작년 세수 부족으로 韓銀서 170조원 빌려 썼다",2025-01-02,https://www.chosun.com/economy/economy_general/2025/01/02/LYWZZSQ6I5AVJDNTRW6KAK6ORY,"1일 더불어민주당 임광현 의원이 한은에서 제출받은 자료에 따르면, 정부는 지난해 한은에서 누적으로 따져 총 173조원을 일시 차입했다.",정부가 지난해 세수 부족으로 한국은행에서 170조원 넘는 돈을 빌려 쓴 것으로 나타났다.,,True,정부가 지난해 한국은행에서 일시 차입한 금액이 173조원이라는 구체적인 수치 정보를 포함하고 있다.,high,hcx,HCX-007,isclaim-v1.3-prev2-context,2026-07-30
A0024-C003,A0024,"정부, 작년 세수 부족으로 韓銀서 170조원 빌려 썼다",2025-01-02,https://www.chosun.com/economy/economy_general/2025/01/02/LYWZZSQ6I5AVJDNTRW6KAK6ORY,이는 관련 통계를 확인할 수 있는 2011년 이후 역대 최대 규모다.,"1일 더불어민주당 임광현 의원이 한은에서 제출받은 자료에 따르면, 정부는 지난해 한은에서 누적으로 따져 총 173조원을 일시 차입했다.",정부가 지난해 세수 부족으로 한국은행에서 170조원 넘는 돈을 빌려 쓴 것으로 나타났다.,True,"현재 문장은 정부의 한은에서의 차입 규모가 2011년 이후 역대 최대라는 사실을 주장하며, 이는 국가 재정 및 경제 상황에 대한 통계적인 비교를 포함합니다.",high,hcx,HCX-007,isclaim-v1.3-prev2-context,2026-07-30
A0024-C004,A0024,"정부, 작년 세수 부족으로 韓銀서 170조원 빌려 썼다",2025-01-02,https://www.chosun.com/economy/economy_general/2025/01/02/LYWZZSQ6I5AVJDNTRW6KAK6ORY,종전 최대인 2023년의 117조6000억원보다 47% 늘었다.,이는 관련 통계를 확인할 수 있는 2011년 이후 역대 최대 규모다.,"1일 더불어민주당 임광현 의원이 한은에서 제출받은 자료에 따르면, 정부는 지난해 한은에서 누적으로 따져 총 173조원을 일시 차입했다.",True,"현재 문장은 정부의 일시 차입금이 역대 최대 규모라는 내용을 포함하며, 이는 국가 경제 및 재정 정책과 관련된 통계로서 KOSIS를 통해 검증 가능한 내용입니다.",high,hcx,HCX-007,isclaim-v1.3-prev2-context,2026-07-30
A0024-C005,A0024,"정부, 작년 세수 부족으로 韓銀서 170조원 빌려 썼다",2025-01-02,https://www.chosun.com/economy/economy_general/2025/01/02/LYWZZSQ6I5AVJDNTRW6KAK6ORY,현재는 172조원을 상환하고 1조원 정도 남은 상태다.,종전 최대인 2023년의 117조6000억원보다 47% 늘었다.,이는 관련 통계를 확인할 수 있는 2011년 이후 역대 최대 규모다.,True,"현재 문장은 '현재는 172조원을 상환하고 1조원 정도 남은 상태다.'라는 내용으로, 금액의 변화를 언급하고 있으며, 이러한 정보는 국가 통계 자료로서 확인될 수 있습니다.",high,hcx,HCX-007,isclaim-v1.3-prev2-context,2026-07-30
A0024-C006,A0024,"정부, 작년 세수 부족으로 韓銀서 170조원 빌려 썼다",2025-01-02,https://www.chosun.com/economy/economy_general/2025/01/02/LYWZZSQ6I5AVJDNTRW6KAK6ORY,한은의 대정부 일시 대출 제도는 정부가 회계연도 중 세입과 세출 간 시차에 따라 발생하는 일시적 자금 부족을 메우기 위해 활용하는 것이다.,현재는 172조원을 상환하고 1조원 정도 남은 상태다.,종전 최대인 2023년의 117조6000억원보다 47% 늘었다.,False,"현재 문장은 한국은행의 대정부 일시 대출 제도에 대한 설명으로, 수치나 통계적인 변화를 주장하지 않습니다.",high,hcx,HCX-007,isclaim-v1.3-prev2-context,2026-07-30
A0024-C007,A0024,"정부, 작년 세수 부족으로 韓銀서 170조원 빌려 썼다",2025-01-02,https://www.chosun.com/economy/economy_general/2025/01/02/LYWZZSQ6I5AVJDNTRW6KAK6ORY,"개인이 은행에서 마이너스 통장(신용한도 대출)을 열어놓고, 필요할 때 수시로 자금을 꺼내 쓰고 여윳돈이 생기면 갚는 것과 비슷하다.",한은의 대정부 일시 대출 제도는 정부가 회계연도 중 세입과 세출 간 시차에 따라 발생하는 일시적 자금 부족을 메우기 위해 활용하는 것이다.,현재는 172조원을 상환하고 1조원 정도 남은 상태다.,False,"현재 문장은 비유적인 표현으로서, 특정한 수치나 통계적 변화를 주장하지 않는다.",high,hcx,HCX-007,isclaim-v1.3-prev2-context,2026-07-30
A0024-C008,A0024,"정부, 작년 세수 부족으로 韓銀서 170조원 빌려 썼다",2025-01-02,https://www.chosun.com/economy/economy_general/2025/01/02/LYWZZSQ6I5AVJDNTRW6KAK6ORY,정부가 한은 일시 대출을 많이 받을수록 세출에 비해 세입이 부족해 재원을 임시변통하는 일이 잦아졌다는 의미다.,"개인이 은행에서 마이너스 통장(신용한도 대출)을 열어놓고, 필요할 때 수시로 자금을 꺼내 쓰고 여윳돈이 생기면 갚는 것과 비슷하다.",한은의 대정부 일시 대출 제도는 정부가 회계연도 중 세입과 세출 간 시차에 따라 발생하는 일시적 자금 부족을 메우기 위해 활용하는 것이다.,True,"정부가 한국은행으로부터 일시 대출을 많이 받는다는 것은 세입 대비 세출이 부족하다는 것을 의미하며, 이는 국가 재정 상태에 대한 정보로서 KOSIS를 통해 관련 통계나 자료를 찾아볼 수 있을 것으로 판단된다.",high,hcx,HCX-007,isclaim-v1.3-prev2-context,2026-07-30
A0024-C009,A0024,"정부, 작년 세수 부족으로 韓銀서 170조원 빌려 썼다",2025-01-02,https://www.chosun.com/economy/economy_general/2025/01/02/LYWZZSQ6I5AVJDNTRW6KAK6ORY,정부의 연간 누적 대출은 2019년 36조5072억원에서 코로나 팬데믹이 터졌던 2020년 102조9130억원으로 크게 뛰었다.,정부가 한은 일시 대출을 많이 받을수록 세출에 비해 세입이 부족해 재원을 임시변통하는 일이 잦아졌다는 의미다.,"개인이 은행에서 마이너스 통장(신용한도 대출)을 열어놓고, 필요할 때 수시로 자금을 꺼내 쓰고 여윳돈이 생기면 갚는 것과 비슷하다.",True,"정부의 연간 누적 대출 금액 변화에 대한 구체적인 수치와 연도를 제시하여, 이는 국가 재정 관련 통계로서 KOSIS에서 확인 가능한 정보일 가능성이 높습니다.",high,hcx,HCX-007,isclaim-v1.3-prev2-context,2026-07-30
A0024-C010,A0024,"정부, 작년 세수 부족으로 韓銀서 170조원 빌려 썼다",2025-01-02,https://www.chosun.com/economy/economy_general/2025/01/02/LYWZZSQ6I5AVJDNTRW6KAK6ORY,"이후 2021년 7조6130억원, 2022년 34조2000억원 등으로 줄었다가 세수 펑크가 커진 2023년 117조6000억원으로 다시 급증했다.",정부의 연간 누적 대출은 2019년 36조5072억원에서 코로나 팬데믹이 터졌던 2020년 102조9130억원으로 크게 뛰었다.,정부가 한은 일시 대출을 많이 받을수록 세출에 비해 세입이 부족해 재원을 임시변통하는 일이 잦아졌다는 의미다.,True,"현재 문장은 정부의 연간 누적 대출 금액이 시간에 따라 변동되는 것을 나타내며, 이는 국가 재정 관련 통계로서 KOSIS에서 확인 가능한 정보입니다.",high,hcx,HCX-007,isclaim-v1.3-prev2-context,2026-07-30
A0024-C011,A0024,"정부, 작년 세수 부족으로 韓銀서 170조원 빌려 썼다",2025-01-02,https://www.chosun.com/economy/economy_general/2025/01/02/LYWZZSQ6I5AVJDNTRW6KAK6ORY,지난해 이 같은 일시 대출에 따라 정부가 부담한 이자는 2092억원에 달한 것으로 집계됐다.,"이후 2021년 7조6130억원, 2022년 34조2000억원 등으로 줄었다가 세수 펑크가 커진 2023년 117조6000억원으로 다시 급증했다.",정부의 연간 누적 대출은 2019년 36조5072억원에서 코로나 팬데믹이 터졌던 2020년 102조9130억원으로 크게 뛰었다.,True,"정부가 부담한 이자 총액이 2092억원이라는 구체적인 수치를 제시하고 있으며, 이는 국가 재정 관련 통계로서 KOSIS에서 확인 가능한 정보일 가능성이 높습니다.",high,hcx,HCX-007,isclaim-v1.3-prev2-context,2026-07-30
A0024-C012,A0024,"정부, 작년 세수 부족으로 韓銀서 170조원 빌려 썼다",2025-01-02,https://www.chosun.com/economy/economy_general/2025/01/02/LYWZZSQ6I5AVJDNTRW6KAK6ORY,역시 2023년 연간 이자(1506억원)를 크게 웃도는 역대 최대 수준이다.,지난해 이 같은 일시 대출에 따라 정부가 부담한 이자는 2092억원에 달한 것으로 집계됐다.,"이후 2021년 7조6130억원, 2022년 34조2000억원 등으로 줄었다가 세수 펑크가 커진 2023년 117조6000억원으로 다시 급증했다.",True,"현재 문장은 2023년의 연간 이자가 역대 최대 수준이라는 내용을 포함하며, 이는 KOSIS에서 관련 통계를 통해 검증할 수 있는 수치 주장이다.",high,hcx,HCX-007,isclaim-v1.3-prev2-context,2026-07-30
A0024-C013,A0024,"정부, 작년 세수 부족으로 韓銀서 170조원 빌려 썼다",2025-01-02,https://www.chosun.com/economy/economy_general/2025/01/02/LYWZZSQ6I5AVJDNTRW6KAK6ORY,"다만 대출 이자율은 시중 금리 하락세에 따라 지난해 1분기(1~3월) 연 3.623%에서 2분기 연 3.563%, 3분기 연 3.543%, 4분기 연 3.302% 등으로 점차 낮아졌다.",역시 2023년 연간 이자(1506억원)를 크게 웃도는 역대 최대 수준이다.,지난해 이 같은 일시 대출에 따라 정부가 부담한 이자는 2092억원에 달한 것으로 집계됐다.,True,"대출 이자율의 변화에 대한 구체적인 수치를 제시하며, 이는 국가 경제 및 금융 관련 통계로서 KOSIS에서 대조 가능한 정보임.",high,hcx,HCX-007,isclaim-v1.3-prev2-context,2026-07-30
A0025-C001,A0025,상권분석·매출진단 돕는 ‘소상공인 365′ 써보세요,2025-01-02,https://www.chosun.com/economy/economy_general/2025/01/02/OJ3OJRFHPZE5FFCOESEMRLHX7E,중소벤처기업부와 소상공인시장진흥공단은 예비 창업자와 소상공인에게 상권 분석 등 경영에 필요한 각종 데이터를 제공하는 ‘소상공인 365′ 플랫폼 서비스를 2일 시작한다.,,,False,"제공되는 서비스나 프로그램 시작에 대한 내용으로, 수치나 통계적 변화를 주장하지 않음.",high,hcx,HCX-007,isclaim-v1.3-prev2-context,2026-07-30
A0025-C002,A0025,상권분석·매출진단 돕는 ‘소상공인 365′ 써보세요,2025-01-02,https://www.chosun.com/economy/economy_general/2025/01/02/OJ3OJRFHPZE5FFCOESEMRLHX7E,소상공인 365는 64종에 달하는 공공·민간 데이터를 수집하고 융합해 ‘빅데이터 상권 분석’과 ‘내 가게 경영 진단’ 같은 서비스를 제공한다.,중소벤처기업부와 소상공인시장진흥공단은 예비 창업자와 소상공인에게 상권 분석 등 경영에 필요한 각종 데이터를 제공하는 ‘소상공인 365′ 플랫폼 서비스를 2일 시작한다.,,False,"현재 문장은 소상공인 365 플랫폼 서비스가 제공하는 기능 및 서비스에 대한 설명이므로, 수치나 통계적인 변화를 주장하는 내용이 아닙니다.",high,hcx,HCX-007,isclaim-v1.3-prev2-context,2026-07-30
A0025-C003,A0025,상권분석·매출진단 돕는 ‘소상공인 365′ 써보세요,2025-01-02,https://www.chosun.com/economy/economy_general/2025/01/02/OJ3OJRFHPZE5FFCOESEMRLHX7E,인공지능(AI) 챗봇 서비스를 새로 도입해 사용자가 더욱 편하게 이용할 수 있게 했다.,소상공인 365는 64종에 달하는 공공·민간 데이터를 수집하고 융합해 ‘빅데이터 상권 분석’과 ‘내 가게 경영 진단’ 같은 서비스를 제공한다.,중소벤처기업부와 소상공인시장진흥공단은 예비 창업자와 소상공인에게 상권 분석 등 경영에 필요한 각종 데이터를 제공하는 ‘소상공인 365′ 플랫폼 서비스를 2일 시작한다.,False,"인공지능(AI) 챗봇 서비스 도입은 특정 서비스의 기능 추가를 설명하며, 이는 KOSIS에서 검증 가능한 수치나 통계적 변화와는 관련이 없습니다.",high,hcx,HCX-007,isclaim-v1.3-prev2-context,2026-07-30
A0025-C004,A0025,상권분석·매출진단 돕는 ‘소상공인 365′ 써보세요,2025-01-02,https://www.chosun.com/economy/economy_general/2025/01/02/OJ3OJRFHPZE5FFCOESEMRLHX7E,빅데이터 상권 분석은 특정 상권에만 너무 가게가 몰려 소상공인들이 지나친 경쟁으로 영업에 어려움을 겪는 이른바 ‘과밀 창업’을 방지할 수 있는 각종 데이터를 제공한다.,인공지능(AI) 챗봇 서비스를 새로 도입해 사용자가 더욱 편하게 이용할 수 있게 했다.,소상공인 365는 64종에 달하는 공공·민간 데이터를 수집하고 융합해 ‘빅데이터 상권 분석’과 ‘내 가게 경영 진단’ 같은 서비스를 제공한다.,False,"현재 문장은 빅데이터 상권 분석 서비스가 과밀 창업을 방지할 수 있다는 기능적인 설명을 하고 있으며, 이는 수치나 통계적 변화를 주장하는 것이 아닙니다.",high,hcx,HCX-007,isclaim-v1.3-prev2-context,2026-07-30
A0025-C005,A0025,상권분석·매출진단 돕는 ‘소상공인 365′ 써보세요,2025-01-02,https://www.chosun.com/economy/economy_general/2025/01/02/OJ3OJRFHPZE5FFCOESEMRLHX7E,"‘내 가게 경영 진단’에선 소상공인이 가게 매출을 더 올릴 수 있도록 ‘시간대별 인기 메뉴’, ‘유동 인구 추이’ 같은 정보를 제공한다.",빅데이터 상권 분석은 특정 상권에만 너무 가게가 몰려 소상공인들이 지나친 경쟁으로 영업에 어려움을 겪는 이른바 ‘과밀 창업’을 방지할 수 있는 각종 데이터를 제공한다.,인공지능(AI) 챗봇 서비스를 새로 도입해 사용자가 더욱 편하게 이용할 수 있게 했다.,False,"'내 가게 경영 진단'에서 제공하는 정보는 소상공인의 가게 매출 향상을 위한 것으로, 이는 특정한 수치나 통계적 변화를 주장하는 것이 아닙니다.",high,hcx,HCX-007,isclaim-v1.3-prev2-context,2026-07-30
A0025-C006,A0025,상권분석·매출진단 돕는 ‘소상공인 365′ 써보세요,2025-01-02,https://www.chosun.com/economy/economy_general/2025/01/02/OJ3OJRFHPZE5FFCOESEMRLHX7E,"직장인이 많이 몰리는 ‘회식 상권’, 매출이 높은 ‘배달 상권’이 어디인지도 실시간으로 분석해 알려준다.","‘내 가게 경영 진단’에선 소상공인이 가게 매출을 더 올릴 수 있도록 ‘시간대별 인기 메뉴’, ‘유동 인구 추이’ 같은 정보를 제공한다.",빅데이터 상권 분석은 특정 상권에만 너무 가게가 몰려 소상공인들이 지나친 경쟁으로 영업에 어려움을 겪는 이른바 ‘과밀 창업’을 방지할 수 있는 각종 데이터를 제공한다.,False,"현재 문장은 특정 상권의 특성을 실시간으로 분석하여 제공하는 기능에 대한 설명이지만, 이는 수치나 비율 등의 구체적인 통계를 주장하는 것이 아니므로 KOSIS 통계로 검증 가능한 내용이 아닙니다.",high,hcx,HCX-007,isclaim-v1.3-prev2-context,2026-07-30
A0025-C007,A0025,상권분석·매출진단 돕는 ‘소상공인 365′ 써보세요,2025-01-02,https://www.chosun.com/economy/economy_general/2025/01/02/OJ3OJRFHPZE5FFCOESEMRLHX7E,소상공인을 위한 각종 정부 지원 사업 정보를 알려주는 ‘정책 정보 올가이드’도 마련했다.,"직장인이 많이 몰리는 ‘회식 상권’, 매출이 높은 ‘배달 상권’이 어디인지도 실시간으로 분석해 알려준다.","‘내 가게 경영 진단’에선 소상공인이 가게 매출을 더 올릴 수 있도록 ‘시간대별 인기 메뉴’, ‘유동 인구 추이’ 같은 정보를 제공한다.",False,"현재 문장은 소상공인을 위한 정부 지원 사업에 대한 정보를 제공하는 서비스에 관한 내용으로, 수치나 통계적인 변화를 주장하지 않습니다.",high,hcx,HCX-007,isclaim-v1.3-prev2-context,2026-07-30
A0026-C001,A0026,"선물환포지션 한도 풀고, 외화대출 규제도 완화",2025-01-02,https://www.chosun.com/economy/economy_general/2025/01/02/QWFKNTB7ZRARZGL4HKVD5NS234,정부가 은행의 선물환포지션을 확대하고 수출 기업의 외화대출 요건을 완화하는 등 새해 고환율을 잡기 위한 대책들을 내놨다.,,,False,"현재 문장은 정부의 정책 발표를 다루고 있으며, 이는 특정한 수치나 통계적 변화를 주장하는 것이 아닙니다.",high,hcx,HCX-007,isclaim-v1.3-prev2-context,2026-07-30
A0026-C002,A0026,"선물환포지션 한도 풀고, 외화대출 규제도 완화",2025-01-02,https://www.chosun.com/economy/economy_general/2025/01/02/QWFKNTB7ZRARZGL4HKVD5NS234,국내 정치 상황의 불확실성이 계속되고 ‘미국 우선주의’를 앞세운 트럼프 2기 행정부 출범이 가까워짐에 따라 달러당 원화 환율 급등에 적극 대응하겠다는 것이다.,정부가 은행의 선물환포지션을 확대하고 수출 기업의 외화대출 요건을 완화하는 등 새해 고환율을 잡기 위한 대책들을 내놨다.,,False,"문장에서 언급된 내용은 주로 정치적 상황과 관련된 것이며, 특정한 수치나 통계적인 변화를 주장하지 않습니다.",high,hcx,HCX-007,isclaim-v1.3-prev2-context,2026-07-30
A0026-C003,A0026,"선물환포지션 한도 풀고, 외화대출 규제도 완화",2025-01-02,https://www.chosun.com/economy/economy_general/2025/01/02/QWFKNTB7ZRARZGL4HKVD5NS234,2일 기획재정부는 이 같은 내용이 담긴 외환시장 관련 ‘2025년 경제정책방향’을 발표했다.,국내 정치 상황의 불확실성이 계속되고 ‘미국 우선주의’를 앞세운 트럼프 2기 행정부 출범이 가까워짐에 따라 달러당 원화 환율 급등에 적극 대응하겠다는 것이다.,정부가 은행의 선물환포지션을 확대하고 수출 기업의 외화대출 요건을 완화하는 등 새해 고환율을 잡기 위한 대책들을 내놨다.,False,"현재 문장은 정부의 정책 발표 내용을 전달하며, 수치나 통계적인 변화를 주장하지 않는다.",high,hcx,HCX-007,isclaim-v1.3-prev2-context,2026-07-30
A0026-C004,A0026,"선물환포지션 한도 풀고, 외화대출 규제도 완화",2025-01-02,https://www.chosun.com/economy/economy_general/2025/01/02/QWFKNTB7ZRARZGL4HKVD5NS234,"최근 미국 경제가 호조세를 보이고 있고, 트럼프 2기 행정부 출범과 국내 정치적 불안이 겹치면서 달러 대비 원화 환율은 지난달 말(30일) 오후 3시 30분 기준 1472.5원을 기록했다.",2일 기획재정부는 이 같은 내용이 담긴 외환시장 관련 ‘2025년 경제정책방향’을 발표했다.,국내 정치 상황의 불확실성이 계속되고 ‘미국 우선주의’를 앞세운 트럼프 2기 행정부 출범이 가까워짐에 따라 달러당 원화 환율 급등에 적극 대응하겠다는 것이다.,True,"현재 문장에서 언급된 '달러 대비 원화 환율은 지난달 말(30일) 오후 3시 30분 기준 1472.5원을 기록했다.'는 구체적인 수치와 비교 가능한 시점 정보를 포함하고 있어, 이는 국가통계포털(KOSIS)에서 해당 시점의 환율 데이터를 통해 검증할 수 있는 내용이기 때문에 True로 판단됩니다.",high,hcx,HCX-007,isclaim-v1.3-prev2-context,2026-07-30
A0026-C005,A0026,"선물환포지션 한도 풀고, 외화대출 규제도 완화",2025-01-02,https://www.chosun.com/economy/economy_general/2025/01/02/QWFKNTB7ZRARZGL4HKVD5NS234,연간으로 따지면 무려 172.1원이 올랐다.,"최근 미국 경제가 호조세를 보이고 있고, 트럼프 2기 행정부 출범과 국내 정치적 불안이 겹치면서 달러 대비 원화 환율은 지난달 말(30일) 오후 3시 30분 기준 1472.5원을 기록했다.",2일 기획재정부는 이 같은 내용이 담긴 외환시장 관련 ‘2025년 경제정책방향’을 발표했다.,True,"연간 원화의 변동폭을 언급하며, 이는 국가통계포털(KOSIS)에서 외환시장의 변화를 통해 검증할 수 있는 내용이다.",high,hcx,HCX-007,isclaim-v1.3-prev2-context,2026-07-30
A0026-C006,A0026,"선물환포지션 한도 풀고, 외화대출 규제도 완화",2025-01-02,https://www.chosun.com/economy/economy_general/2025/01/02/QWFKNTB7ZRARZGL4HKVD5NS234,기재부 관계자는 향후 환율 전망에 대해 “외환시장 여건은 미국의 금리 경로 불확실성 등으로 최근 환율 변동성 같은 불확실성이 있는 상황”이라고 했다.,연간으로 따지면 무려 172.1원이 올랐다.,"최근 미국 경제가 호조세를 보이고 있고, 트럼프 2기 행정부 출범과 국내 정치적 불안이 겹치면서 달러 대비 원화 환율은 지난달 말(30일) 오후 3시 30분 기준 1472.5원을 기록했다.",False,"현재 문장은 외환시장의 불확실성에 대한 관계자의 의견을 전달하며, 구체적인 수치나 통계적 변화를 언급하지 않습니다.",high,hcx,HCX-007,isclaim-v1.3-prev2-context,2026-07-30
A0026-C007,A0026,"선물환포지션 한도 풀고, 외화대출 규제도 완화",2025-01-02,https://www.chosun.com/economy/economy_general/2025/01/02/QWFKNTB7ZRARZGL4HKVD5NS234,"이에 정부는 선물환포지션(선물 외화자산에서 선물 외화부채를 뺀 값) 한도를 국내은행의 경우 50%에서 75%로, 외국은행 지점은 250%에서 375%로 상향한다.",기재부 관계자는 향후 환율 전망에 대해 “외환시장 여건은 미국의 금리 경로 불확실성 등으로 최근 환율 변동성 같은 불확실성이 있는 상황”이라고 했다.,연간으로 따지면 무려 172.1원이 올랐다.,False,"현재 문장은 정부의 선물환포지션 한도 변경에 대한 내용으로, 이는 특정한 통계나 수치 변화를 주장하는 것이 아니라 정책 변화에 관한 정보이므로 KOSIS 통계로 검증할 필요가 없습니다.",high,hcx,HCX-007,isclaim-v1.3-prev2-context,2026-07-30
A0026-C008,A0026,"선물환포지션 한도 풀고, 외화대출 규제도 완화",2025-01-02,https://www.chosun.com/economy/economy_general/2025/01/02/QWFKNTB7ZRARZGL4HKVD5NS234,선물환포지션 한도는 2010년 10월 급격한 자본 유입과 단기 차입을 억제하기 위해 도입된 제도다.,"이에 정부는 선물환포지션(선물 외화자산에서 선물 외화부채를 뺀 값) 한도를 국내은행의 경우 50%에서 75%로, 외국은행 지점은 250%에서 375%로 상향한다.",기재부 관계자는 향후 환율 전망에 대해 “외환시장 여건은 미국의 금리 경로 불확실성 등으로 최근 환율 변동성 같은 불확실성이 있는 상황”이라고 했다.,False,"현재 문장은 선물환포지션 한도의 도입 배경 및 시기에 대한 역사적 사실을 설명하고 있으며, 이는 특정한 수치나 비율 등의 변화를 주장하는 것이 아닙니다.",high,hcx,HCX-007,isclaim-v1.3-prev2-context,2026-07-30
A0026-C009,A0026,"선물환포지션 한도 풀고, 외화대출 규제도 완화",2025-01-02,https://www.chosun.com/economy/economy_general/2025/01/02/QWFKNTB7ZRARZGL4HKVD5NS234,이 비율을 확대하면 은행들이 외화 유동성을 좀 더 원활하게 확보할 수 있는 효과가 있다.,선물환포지션 한도는 2010년 10월 급격한 자본 유입과 단기 차입을 억제하기 위해 도입된 제도다.,"이에 정부는 선물환포지션(선물 외화자산에서 선물 외화부채를 뺀 값) 한도를 국내은행의 경우 50%에서 75%로, 외국은행 지점은 250%에서 375%로 상향한다.",False,"현재 문장은 은행들의 외화 유동성 확보 효과에 대한 설명을 하고 있으며, 이는 특정한 수치나 통계적인 변화를 주장하는 것이 아닙니다.",high,hcx,HCX-007,isclaim-v1.3-prev2-context,2026-07-30
A0026-C010,A0026,"선물환포지션 한도 풀고, 외화대출 규제도 완화",2025-01-02,https://www.chosun.com/economy/economy_general/2025/01/02/QWFKNTB7ZRARZGL4HKVD5NS234,과거 원화 가치 급등을 우려해 외환 유입을 엄격히 제한했던 기존 정책 기조를 전환한 것이다.,이 비율을 확대하면 은행들이 외화 유동성을 좀 더 원활하게 확보할 수 있는 효과가 있다.,선물환포지션 한도는 2010년 10월 급격한 자본 유입과 단기 차입을 억제하기 위해 도입된 제도다.,False,"현재 문장은 단순한 정책 변화에 대한 설명이지, 구체적인 수치나 통계적인 변화를 언급하지 않습니다.",high,hcx,HCX-007,isclaim-v1.3-prev2-context,2026-07-30
A0026-C011,A0026,"선물환포지션 한도 풀고, 외화대출 규제도 완화",2025-01-02,https://www.chosun.com/economy/economy_general/2025/01/02/QWFKNTB7ZRARZGL4HKVD5NS234,정부는 또 지난해 말 시행 예정이었던 ‘외화 유동성 스트레스 테스트’를 올해 6월로 시행을 유예했다.,과거 원화 가치 급등을 우려해 외환 유입을 엄격히 제한했던 기존 정책 기조를 전환한 것이다.,이 비율을 확대하면 은행들이 외화 유동성을 좀 더 원활하게 확보할 수 있는 효과가 있다.,False,"현재 문장은 정부의 정책에 대한 정보 전달로서, 특정한 수치나 통계적인 변화를 주장하지 않습니다.",high,hcx,HCX-007,isclaim-v1.3-prev2-context,2026-07-30
A0026-C012,A0026,"선물환포지션 한도 풀고, 외화대출 규제도 완화",2025-01-02,https://www.chosun.com/economy/economy_general/2025/01/02/QWFKNTB7ZRARZGL4HKVD5NS234,이는 위기 상황을 가정해 금융기관의 외화자금 부족액을 평가하고 이를 통과하지 못하면 유동성 확충 계획 등을 제출하도록 하는 규제다.,정부는 또 지난해 말 시행 예정이었던 ‘외화 유동성 스트레스 테스트’를 올해 6월로 시행을 유예했다.,과거 원화 가치 급등을 우려해 외환 유입을 엄격히 제한했던 기존 정책 기조를 전환한 것이다.,False,"현재 문장은 금융기관에 대한 외화 유동성 스트레스 테스트라는 규제에 대해 설명하고 있으며, 이는 특정한 수치나 통계적 변화를 주장하는 내용이 아닙니다.",high,hcx,HCX-007,isclaim-v1.3-prev2-context,2026-07-30
A0026-C013,A0026,"선물환포지션 한도 풀고, 외화대출 규제도 완화",2025-01-02,https://www.chosun.com/economy/economy_general/2025/01/02/QWFKNTB7ZRARZGL4HKVD5NS234,외국환은행의 거주자 대상 외화대출에 대한 규제도 완화된다. 대,이는 위기 상황을 가정해 금융기관의 외화자금 부족액을 평가하고 이를 통과하지 못하면 유동성 확충 계획 등을 제출하도록 하는 규제다.,정부는 또 지난해 말 시행 예정이었던 ‘외화 유동성 스트레스 테스트’를 올해 6월로 시행을 유예했다.,False,"현재 문장은 외국환은행의 외화대출 규제 완화에 대한 내용이지만, 구체적인 수치나 통계적인 변화를 언급하지 않고 있다.",high,hcx,HCX-007,isclaim-v1.3-prev2-context,2026-07-30
A0026-C014,A0026,"선물환포지션 한도 풀고, 외화대출 규제도 완화",2025-01-02,https://www.chosun.com/economy/economy_general/2025/01/02/QWFKNTB7ZRARZGL4HKVD5NS234,·중소·중견기업의 시설자금에 대한 외화대출을 허용하되 환 리스크 부담이 낮은 수출기업에 제한해 추진할 계획이다.,외국환은행의 거주자 대상 외화대출에 대한 규제도 완화된다. 대,이는 위기 상황을 가정해 금융기관의 외화자금 부족액을 평가하고 이를 통과하지 못하면 유동성 확충 계획 등을 제출하도록 하는 규제다.,False,"현재 문장은 외화대출 규제 완화에 대한 정책 내용을 설명하고 있으며, 특정한 수치나 통계적인 변화를 주장하지 않습니다.",high,hcx,HCX-007,isclaim-v1.3-prev2-context,2026-07-30
A0026-C015,A0026,"선물환포지션 한도 풀고, 외화대출 규제도 완화",2025-01-02,https://www.chosun.com/economy/economy_general/2025/01/02/QWFKNTB7ZRARZGL4HKVD5NS234,지금까지 원화 용도의 외화대출은 원칙적으로 불가능했고 중소·중견기업의 국내 시설자금에만 일부 허용해왔다.,·중소·중견기업의 시설자금에 대한 외화대출을 허용하되 환 리스크 부담이 낮은 수출기업에 제한해 추진할 계획이다.,외국환은행의 거주자 대상 외화대출에 대한 규제도 완화된다. 대,False,"현재 문장은 원화 용도의 외화대출 및 중소기업 대출 정책에 관한 설명으로, 이는 특정한 통계나 수치 변화를 주장하는 것이 아닙니다.",high,hcx,HCX-007,isclaim-v1.3-prev2-context,2026-07-30
A0026-C016,A0026,"선물환포지션 한도 풀고, 외화대출 규제도 완화",2025-01-02,https://www.chosun.com/economy/economy_general/2025/01/02/QWFKNTB7ZRARZGL4HKVD5NS234,원화로 환전하는 외화대출이 늘어날 경우 원화 수요가 증가해 원화 가치가 급등할 수 있다는 이유에서다.,지금까지 원화 용도의 외화대출은 원칙적으로 불가능했고 중소·중견기업의 국내 시설자금에만 일부 허용해왔다.,·중소·중견기업의 시설자금에 대한 외화대출을 허용하되 환 리스크 부담이 낮은 수출기업에 제한해 추진할 계획이다.,False,"현재 문장은 원화 가치 변동에 대한 예측 의견을 담고 있으며, 이는 특정한 수치나 통계적 변화를 주장하는 것이 아닙니다.",high,hcx,HCX-007,isclaim-v1.3-prev2-context,2026-07-30
A0026-C017,A0026,"선물환포지션 한도 풀고, 외화대출 규제도 완화",2025-01-02,https://www.chosun.com/economy/economy_general/2025/01/02/QWFKNTB7ZRARZGL4HKVD5NS234,하지만 최근 원화가치 약세 현상이 두드러지면서 외화대출 제한을 완화할 필요가 있다는 주장에 힘이 실렸다.,원화로 환전하는 외화대출이 늘어날 경우 원화 수요가 증가해 원화 가치가 급등할 수 있다는 이유에서다.,지금까지 원화 용도의 외화대출은 원칙적으로 불가능했고 중소·중견기업의 국내 시설자금에만 일부 허용해왔다.,False,"현재 문장은 외화대출 제한 완화의 필요성에 대한 의견을 제시하지만, 이는 단순한 의견 표현이지 구체적인 수치나 통계적 변화를 주장하는 것이 아닙니다.",high,hcx,HCX-007,isclaim-v1.3-prev2-context,2026-07-30
A0026-C018,A0026,"선물환포지션 한도 풀고, 외화대출 규제도 완화",2025-01-02,https://www.chosun.com/economy/economy_general/2025/01/02/QWFKNTB7ZRARZGL4HKVD5NS234,원화용도 외화대출이 늘면 시장에 외환 공급이 늘어나 달러 대비 원화 환율을 끌어내리는 요인이 될 수 있다.,하지만 최근 원화가치 약세 현상이 두드러지면서 외화대출 제한을 완화할 필요가 있다는 주장에 힘이 실렸다.,원화로 환전하는 외화대출이 늘어날 경우 원화 수요가 증가해 원화 가치가 급등할 수 있다는 이유에서다.,True,현재 문장은 원화용도 외화대출이 증가함에 따라 외환 시장의 공급이 늘어나 달러 대비 원화 환율에 영향을 미칠 수 있다고 주장합니다.,mid,hcx,HCX-007,isclaim-v1.3-prev2-context,2026-07-30
A0026-C019,A0026,"선물환포지션 한도 풀고, 외화대출 규제도 완화",2025-01-02,https://www.chosun.com/economy/economy_general/2025/01/02/QWFKNTB7ZRARZGL4HKVD5NS234,"외환 당국 간 국민연금 외환스와프 한도는 기존 500억 달러에서 650억 달러로 증액하고, 만기를 올해 연말까지 연장했다.",원화용도 외화대출이 늘면 시장에 외환 공급이 늘어나 달러 대비 원화 환율을 끌어내리는 요인이 될 수 있다.,하지만 최근 원화가치 약세 현상이 두드러지면서 외화대출 제한을 완화할 필요가 있다는 주장에 힘이 실렸다.,False,"현재 문장은 국민연금 외환스와프 한도의 변경 사항에 대한 정보 제공이지만, 이는 특정한 수치나 비율 등의 변화를 주장하는 것이 아니므로 KOSIS 통계로 검증 가능한 내용이 아닙니다.",high,hcx,HCX-007,isclaim-v1.3-prev2-context,2026-07-30
A0026-C020,A0026,"선물환포지션 한도 풀고, 외화대출 규제도 완화",2025-01-02,https://www.chosun.com/economy/economy_general/2025/01/02/QWFKNTB7ZRARZGL4HKVD5NS234,이 외에 정부는 한국 경제의 대외 신뢰도 제고를 위해 국제사회 소통도 대폭 강화할 방침이다.,"외환 당국 간 국민연금 외환스와프 한도는 기존 500억 달러에서 650억 달러로 증액하고, 만기를 올해 연말까지 연장했다.",원화용도 외화대출이 늘면 시장에 외환 공급이 늘어나 달러 대비 원화 환율을 끌어내리는 요인이 될 수 있다.,False,"현재 문장은 정부의 정책 방향성에 대한 단순한 의견 및 계획 설명이므로, KOSIS를 통해 검증 가능한 구체적인 수치나 통계적 변화를 포함하지 않습니다.",high,hcx,HCX-007,isclaim-v1.3-prev2-context,2026-07-30
A0026-C021,A0026,"선물환포지션 한도 풀고, 외화대출 규제도 완화",2025-01-02,https://www.chosun.com/economy/economy_general/2025/01/02/QWFKNTB7ZRARZGL4HKVD5NS234,"주요국 정부, 국제신용평가기관, 해외투자자를 대상으로 한 간담회 등을 통해 안정적 협력과 투자를 당부한다는 계획이다.",이 외에 정부는 한국 경제의 대외 신뢰도 제고를 위해 국제사회 소통도 대폭 강화할 방침이다.,"외환 당국 간 국민연금 외환스와프 한도는 기존 500억 달러에서 650억 달러로 증액하고, 만기를 올해 연말까지 연장했다.",False,"현재 문장은 정부의 계획 및 활동에 대한 설명으로, 수치나 통계적인 변화를 주장하지 않습니다.",high,hcx,HCX-007,isclaim-v1.3-prev2-context,2026-07-30
A0026-C022,A0026,"선물환포지션 한도 풀고, 외화대출 규제도 완화",2025-01-02,https://www.chosun.com/economy/economy_general/2025/01/02/QWFKNTB7ZRARZGL4HKVD5NS234,정부는 또 연초에 ‘해외 한국경제설명회’도 개최해 한국 경제에 대한 신뢰를 요청할 계획이다.,"주요국 정부, 국제신용평가기관, 해외투자자를 대상으로 한 간담회 등을 통해 안정적 협력과 투자를 당부한다는 계획이다.",이 외에 정부는 한국 경제의 대외 신뢰도 제고를 위해 국제사회 소통도 대폭 강화할 방침이다.,False,"현재 문장은 정부의 계획 및 활동에 대한 설명으로, 특정한 수치나 통계적인 변화를 주장하지 않습니다.",high,hcx,HCX-007,isclaim-v1.3-prev2-context,2026-07-30
A0027-C001,A0027,“尹 지켜라” “즉각 체포” 한남동 관저 주변 찬반 시위,2025-01-03,https://www.chosun.com/national/national_general/2025/01/03/WYIS6PWV7BFZ5L5DVBCR23PLDE,"2026년 4월 20일(월) 신문구독 | English | 日本語 | 中文 1 조선경제 오피니언 정치 사회 국제 건강 스포츠 문화·연예 콘텐츠판 땅집고 BEMIL 군사세계 헬스조선 IT조선 조선에듀 어린이조선일보 산&트래블 이코노미조선 신문은 선생님 THE BOUTIQUE 행복플러스 주간조선 여성조선 월간조선 민학수 올댓골프 Topclass Life&Learning English 日本語 中文 검색 2026년 4월 20일(월) 신문구독 | English | 日本語 | 中文 1 신문구독 | English | 日本語 | 中文 조선경제 오피니언 정치 사회 국제 건강 스포츠 문화·연예 콘텐츠판 땅집고 BEMIL 군사세계 헬스조선 IT조선 조선에듀 어린이조선일보 산&트래블 이코노미조선 신문은 선생님 THE BOUTIQUE 행복플러스 주간조선 여성조선 월간조선 민학수 올댓골프 Topclass Life&Learning 콘텐츠판 땅집고 BEMIL 군사세계 헬스조선 IT조선 조선에듀 어린이조선일보 산&트래블 이코노미조선 신문은 선생님 THE BOUTIQUE 행복플러스 주간조선 여성조선 월간조선 민학수 올댓골프 Topclass Life&Learning 땅집고 BEMIL 군사세계 헬스조선 IT조선 조선에듀 어린이조선일보 산&트래블 이코노미조선 신문은 선생님 THE BOUTIQUE 행복플러스 주간조선 여성조선 월간조선 민학수 올댓골프 Topclass Life&Learning 사회 사회 일반 ""尹 지켜라"" ""즉각 체포"" 한남동 관저 주변 찬반 시위 박정훈 기자 김지혜 김관래 입력 2025.01.03. 23:17 업데이트 2025.01.06. 15:52 1 공수처 등이 3일 오전 6시 13분쯤부터 윤석열 대통령 체포 영장 집행을 시작했다는 소식이 알려지자 친윤 진영에선 “대통령을 지키러 가자”는 목소리가 퍼져나왔다.",,,False,"문장은 뉴스 섹션의 제목 및 메뉴를 나열하며, 어떠한 수치나 통계적인 변화를 주장하지 않습니다.",high,hcx,HCX-007,isclaim-v1.3-prev2-context,2026-07-30
A0027-C002,A0027,“尹 지켜라” “즉각 체포” 한남동 관저 주변 찬반 시위,2025-01-03,https://www.chosun.com/national/national_general/2025/01/03/WYIS6PWV7BFZ5L5DVBCR23PLDE,공수처 검사·수사관들이 서울 용산구 한남동 관저에 도착하기도 전인 오전 7시 이미 친윤 시위대 600여 명이 “대통령을 지키자”는 구호를 외치며 한남동 일대에 모여들었다.,"2026년 4월 20일(월) 신문구독 | English | 日本語 | 中文 1 조선경제 오피니언 정치 사회 국제 건강 스포츠 문화·연예 콘텐츠판 땅집고 BEMIL 군사세계 헬스조선 IT조선 조선에듀 어린이조선일보 산&트래블 이코노미조선 신문은 선생님 THE BOUTIQUE 행복플러스 주간조선 여성조선 월간조선 민학수 올댓골프 Topclass Life&Learning English 日本語 中文 검색 2026년 4월 20일(월) 신문구독 | English | 日本語 | 中文 1 신문구독 | English | 日本語 | 中文 조선경제 오피니언 정치 사회 국제 건강 스포츠 문화·연예 콘텐츠판 땅집고 BEMIL 군사세계 헬스조선 IT조선 조선에듀 어린이조선일보 산&트래블 이코노미조선 신문은 선생님 THE BOUTIQUE 행복플러스 주간조선 여성조선 월간조선 민학수 올댓골프 Topclass Life&Learning 콘텐츠판 땅집고 BEMIL 군사세계 헬스조선 IT조선 조선에듀 어린이조선일보 산&트래블 이코노미조선 신문은 선생님 THE BOUTIQUE 행복플러스 주간조선 여성조선 월간조선 민학수 올댓골프 Topclass Life&Learning 땅집고 BEMIL 군사세계 헬스조선 IT조선 조선에듀 어린이조선일보 산&트래블 이코노미조선 신문은 선생님 THE BOUTIQUE 행복플러스 주간조선 여성조선 월간조선 민학수 올댓골프 Topclass Life&Learning 사회 사회 일반 ""尹 지켜라"" ""즉각 체포"" 한남동 관저 주변 찬반 시위 박정훈 기자 김지혜 김관래 입력 2025.01.03. 23:17 업데이트 2025.01.06. 15:52 1 공수처 등이 3일 오전 6시 13분쯤부터 윤석열 대통령 체포 영장 집행을 시작했다는 소식이 알려지자 친윤 진영에선 “대통령을 지키러 가자”는 목소리가 퍼져나왔다.",,False,"현재 문장은 특정 사건에서의 인원수와 관련된 정보이므로, 이는 개인적이고 특정한 상황에 대한 내용이지 국가적인 집계 통계를 다루는 것이 아닙니다.",high,hcx,HCX-007,isclaim-v1.3-prev2-context,2026-07-30
A0027-C003,A0027,“尹 지켜라” “즉각 체포” 한남동 관저 주변 찬반 시위,2025-01-03,https://www.chosun.com/national/national_general/2025/01/03/WYIS6PWV7BFZ5L5DVBCR23PLDE,이들은 오전 8시 4분쯤 공수처 체포팀이 관저 접근을 시작한다는 소식에 “공수처 이 배신자들아” “경호처는 목숨 걸고 대통령을 지켜라”라고 했다.,공수처 검사·수사관들이 서울 용산구 한남동 관저에 도착하기도 전인 오전 7시 이미 친윤 시위대 600여 명이 “대통령을 지키자”는 구호를 외치며 한남동 일대에 모여들었다.,"2026년 4월 20일(월) 신문구독 | English | 日本語 | 中文 1 조선경제 오피니언 정치 사회 국제 건강 스포츠 문화·연예 콘텐츠판 땅집고 BEMIL 군사세계 헬스조선 IT조선 조선에듀 어린이조선일보 산&트래블 이코노미조선 신문은 선생님 THE BOUTIQUE 행복플러스 주간조선 여성조선 월간조선 민학수 올댓골프 Topclass Life&Learning English 日本語 中文 검색 2026년 4월 20일(월) 신문구독 | English | 日本語 | 中文 1 신문구독 | English | 日本語 | 中文 조선경제 오피니언 정치 사회 국제 건강 스포츠 문화·연예 콘텐츠판 땅집고 BEMIL 군사세계 헬스조선 IT조선 조선에듀 어린이조선일보 산&트래블 이코노미조선 신문은 선생님 THE BOUTIQUE 행복플러스 주간조선 여성조선 월간조선 민학수 올댓골프 Topclass Life&Learning 콘텐츠판 땅집고 BEMIL 군사세계 헬스조선 IT조선 조선에듀 어린이조선일보 산&트래블 이코노미조선 신문은 선생님 THE BOUTIQUE 행복플러스 주간조선 여성조선 월간조선 민학수 올댓골프 Topclass Life&Learning 땅집고 BEMIL 군사세계 헬스조선 IT조선 조선에듀 어린이조선일보 산&트래블 이코노미조선 신문은 선생님 THE BOUTIQUE 행복플러스 주간조선 여성조선 월간조선 민학수 올댓골프 Topclass Life&Learning 사회 사회 일반 ""尹 지켜라"" ""즉각 체포"" 한남동 관저 주변 찬반 시위 박정훈 기자 김지혜 김관래 입력 2025.01.03. 23:17 업데이트 2025.01.06. 15:52 1 공수처 등이 3일 오전 6시 13분쯤부터 윤석열 대통령 체포 영장 집행을 시작했다는 소식이 알려지자 친윤 진영에선 “대통령을 지키러 가자”는 목소리가 퍼져나왔다.",False,"현재 문장은 특정 사건에 대한 현장 상황을 묘사하며, 이는 단순한 의견 표현이므로 KOSIS 통계로 검증할 수 있는 내용이 아닙니다.",high,hcx,HCX-007,isclaim-v1.3-prev2-context,2026-07-30
A0027-C004,A0027,“尹 지켜라” “즉각 체포” 한남동 관저 주변 찬반 시위,2025-01-03,https://www.chosun.com/national/national_general/2025/01/03/WYIS6PWV7BFZ5L5DVBCR23PLDE,한남동 국제루터교회에서 북한남삼거리까지 200m 구간을 친윤 시위대가 메우고 태극기·성조기를 흔들었다.,이들은 오전 8시 4분쯤 공수처 체포팀이 관저 접근을 시작한다는 소식에 “공수처 이 배신자들아” “경호처는 목숨 걸고 대통령을 지켜라”라고 했다.,공수처 검사·수사관들이 서울 용산구 한남동 관저에 도착하기도 전인 오전 7시 이미 친윤 시위대 600여 명이 “대통령을 지키자”는 구호를 외치며 한남동 일대에 모여들었다.,False,"현재 문장은 특정 장소에서의 시위 상황에 대한 묘사로서, 수치나 비율 등의 통계적 주장을 포함하지 않습니다.",high,hcx,HCX-007,isclaim-v1.3-prev2-context,2026-07-30
A0027-C005,A0027,“尹 지켜라” “즉각 체포” 한남동 관저 주변 찬반 시위,2025-01-03,https://www.chosun.com/national/national_general/2025/01/03/WYIS6PWV7BFZ5L5DVBCR23PLDE,이들은 ‘계엄을 명령한 국민이 바로 나다’ ‘더불어공산당아 국민도 탄핵해라!’,한남동 국제루터교회에서 북한남삼거리까지 200m 구간을 친윤 시위대가 메우고 태극기·성조기를 흔들었다.,이들은 오전 8시 4분쯤 공수처 체포팀이 관저 접근을 시작한다는 소식에 “공수처 이 배신자들아” “경호처는 목숨 걸고 대통령을 지켜라”라고 했다.,False,"현재 문장은 단순한 의견 표출로서, 수치나 통계적인 변화를 주장하는 내용이 아닙니다.",high,hcx,HCX-007,isclaim-v1.3-prev2-context,2026-07-30
A0027-C006,A0027,“尹 지켜라” “즉각 체포” 한남동 관저 주변 찬반 시위,2025-01-03,https://www.chosun.com/national/national_general/2025/01/03/WYIS6PWV7BFZ5L5DVBCR23PLDE,같은 팻말을 들고 “윤석열을 지키자”를 외쳤다.,이들은 ‘계엄을 명령한 국민이 바로 나다’ ‘더불어공산당아 국민도 탄핵해라!’,한남동 국제루터교회에서 북한남삼거리까지 200m 구간을 친윤 시위대가 메우고 태극기·성조기를 흔들었다.,False,"현재 문장은 단순한 의견 표현 및 구호 제창으로, 수치나 통계적 변화를 주장하지 않습니다.",high,hcx,HCX-007,isclaim-v1.3-prev2-context,2026-07-30
A0027-C007,A0027,“尹 지켜라” “즉각 체포” 한남동 관저 주변 찬반 시위,2025-01-03,https://www.chosun.com/national/national_general/2025/01/03/WYIS6PWV7BFZ5L5DVBCR23PLDE,오후 1시 37분쯤 영장 집행이 중단됐다는 사실이 알려지자 친윤 시위대는 “우리가 이겼다”고 환호했다.,같은 팻말을 들고 “윤석열을 지키자”를 외쳤다.,이들은 ‘계엄을 명령한 국민이 바로 나다’ ‘더불어공산당아 국민도 탄핵해라!’,False,"현재 문장은 특정 사건 당시의 상황에 대한 기술로서, 수치나 통계적인 변화를 주장하지 않습니다.",high,hcx,HCX-007,isclaim-v1.3-prev2-context,2026-07-30
A0027-C008,A0027,“尹 지켜라” “즉각 체포” 한남동 관저 주변 찬반 시위,2025-01-03,https://www.chosun.com/national/national_general/2025/01/03/WYIS6PWV7BFZ5L5DVBCR23PLDE,그러면서도 “공수처의 교란 작전일 수 있다”며 자리를 지켰다.,오후 1시 37분쯤 영장 집행이 중단됐다는 사실이 알려지자 친윤 시위대는 “우리가 이겼다”고 환호했다.,같은 팻말을 들고 “윤석열을 지키자”를 외쳤다.,False,현재 문장은 단순한 의견 표현이므로 수치나 통계적 변화를 주장하지 않습니다.,high,hcx,HCX-007,isclaim-v1.3-prev2-context,2026-07-30
A0027-C009,A0027,“尹 지켜라” “즉각 체포” 한남동 관저 주변 찬반 시위,2025-01-03,https://www.chosun.com/national/national_general/2025/01/03/WYIS6PWV7BFZ5L5DVBCR23PLDE,전광훈 사랑제일교회 목사는 “전 국민이 자숙해야 할 때 공수처가 내란을 일으키면 되겠는가” “윤 대통령이 (탄핵 기각 후) 완전히 돌아올 때까지 국민 저항권을 발동해야 한다”고 했다.,그러면서도 “공수처의 교란 작전일 수 있다”며 자리를 지켰다.,오후 1시 37분쯤 영장 집행이 중단됐다는 사실이 알려지자 친윤 시위대는 “우리가 이겼다”고 환호했다.,False,"현재 문장은 단순한 의견 표현 및 정치적 발언으로, 수치나 통계적 변화를 주장하지 않는다.",high,hcx,HCX-007,isclaim-v1.3-prev2-context,2026-07-30
A0027-C010,A0027,“尹 지켜라” “즉각 체포” 한남동 관저 주변 찬반 시위,2025-01-03,https://www.chosun.com/national/national_general/2025/01/03/WYIS6PWV7BFZ5L5DVBCR23PLDE,친윤 시위대는 오후 4시쯤 1만2000명까지 불어났다.,전광훈 사랑제일교회 목사는 “전 국민이 자숙해야 할 때 공수처가 내란을 일으키면 되겠는가” “윤 대통령이 (탄핵 기각 후) 완전히 돌아올 때까지 국민 저항권을 발동해야 한다”고 했다.,그러면서도 “공수처의 교란 작전일 수 있다”며 자리를 지켰다.,False,"현재 문장은 특정한 시점에 모인 사람들의 수를 언급하지만, 이는 단순한 사건 현장의 상황을 나타내는 것으로 KOSIS를 통해 검증 가능한 집계 통계가 아닙니다.",high,hcx,HCX-007,isclaim-v1.3-prev2-context,2026-07-30
A0027-C011,A0027,“尹 지켜라” “즉각 체포” 한남동 관저 주변 찬반 시위,2025-01-03,https://www.chosun.com/national/national_general/2025/01/03/WYIS6PWV7BFZ5L5DVBCR23PLDE,민주노총 등 반윤 시위대는 이날 오후 3시부터 서울 지하철 6호선 한강진역 일대에서 윤 대통령 체포를 촉구하는 1박 2일 철야 집회에 들어갔다.,친윤 시위대는 오후 4시쯤 1만2000명까지 불어났다.,전광훈 사랑제일교회 목사는 “전 국민이 자숙해야 할 때 공수처가 내란을 일으키면 되겠는가” “윤 대통령이 (탄핵 기각 후) 완전히 돌아올 때까지 국민 저항권을 발동해야 한다”고 했다.,False,"현재 문장은 시위의 발생 및 목적에 대한 설명으로, 특정한 수치나 통계적 변화를 주장하지 않습니다.",high,hcx,HCX-007,isclaim-v1.3-prev2-context,2026-07-30
A0027-C012,A0027,“尹 지켜라” “즉각 체포” 한남동 관저 주변 찬반 시위,2025-01-03,https://www.chosun.com/national/national_general/2025/01/03/WYIS6PWV7BFZ5L5DVBCR23PLDE,"양경수 민주노총 위원장은 “계엄이 선포된 지 오늘로 딱 한 달인데 윤석열은 잘못을 인정 않고 극우 세력을 선동하며 우리 사회를 퇴행과 역행으로 몰아가려 한다”며 “5시간 만에 체포를 포기한 공수처는 생색내기에 그쳤고, 노동자의 투쟁으로 저들을 체포하자”고 했다.",민주노총 등 반윤 시위대는 이날 오후 3시부터 서울 지하철 6호선 한강진역 일대에서 윤 대통령 체포를 촉구하는 1박 2일 철야 집회에 들어갔다.,친윤 시위대는 오후 4시쯤 1만2000명까지 불어났다.,False,현재 문장은 단순한 의견 표현 및 정치적 비판이므로 KOSIS 통계로 검증 가능한 수치나 통계적 변화를 주장하지 않는다.,high,hcx,HCX-007,isclaim-v1.3-prev2-context,2026-07-30
A0027-C013,A0027,“尹 지켜라” “즉각 체포” 한남동 관저 주변 찬반 시위,2025-01-03,https://www.chosun.com/national/national_general/2025/01/03/WYIS6PWV7BFZ5L5DVBCR23PLDE,민주노총 집회엔 오후 4시까지 3000여 명이 모였다.,"양경수 민주노총 위원장은 “계엄이 선포된 지 오늘로 딱 한 달인데 윤석열은 잘못을 인정 않고 극우 세력을 선동하며 우리 사회를 퇴행과 역행으로 몰아가려 한다”며 “5시간 만에 체포를 포기한 공수처는 생색내기에 그쳤고, 노동자의 투쟁으로 저들을 체포하자”고 했다.",민주노총 등 반윤 시위대는 이날 오후 3시부터 서울 지하철 6호선 한강진역 일대에서 윤 대통령 체포를 촉구하는 1박 2일 철야 집회에 들어갔다.,False,"민주노총 집회에 모인 인원에 대한 정보는 단순한 사건 현장의 인원수로, 이는 KOSIS에서 제공하는 통계와는 관련이 없습니다.",high,hcx,HCX-007,isclaim-v1.3-prev2-context,2026-07-30
A0027-C014,A0027,“尹 지켜라” “즉각 체포” 한남동 관저 주변 찬반 시위,2025-01-03,https://www.chosun.com/national/national_general/2025/01/03/WYIS6PWV7BFZ5L5DVBCR23PLDE,참가자들은 ‘윤석열 체포!,민주노총 집회엔 오후 4시까지 3000여 명이 모였다.,"양경수 민주노총 위원장은 “계엄이 선포된 지 오늘로 딱 한 달인데 윤석열은 잘못을 인정 않고 극우 세력을 선동하며 우리 사회를 퇴행과 역행으로 몰아가려 한다”며 “5시간 만에 체포를 포기한 공수처는 생색내기에 그쳤고, 노동자의 투쟁으로 저들을 체포하자”고 했다.",False,현재 문장은 구호나 외침으로서 수치나 통계적인 변화를 주장하지 않습니다.,high,hcx,HCX-007,isclaim-v1.3-prev2-context,2026-07-30
A0027-C015,A0027,“尹 지켜라” “즉각 체포” 한남동 관저 주변 찬반 시위,2025-01-03,https://www.chosun.com/national/national_general/2025/01/03/WYIS6PWV7BFZ5L5DVBCR23PLDE,구속!,참가자들은 ‘윤석열 체포!,민주노총 집회엔 오후 4시까지 3000여 명이 모였다.,False,현재 문장은 단순한 구호로서 수치나 통계적인 변화를 주장하지 않습니다.,high,hcx,HCX-007,isclaim-v1.3-prev2-context,2026-07-30
A0027-C016,A0027,“尹 지켜라” “즉각 체포” 한남동 관저 주변 찬반 시위,2025-01-03,https://www.chosun.com/national/national_general/2025/01/03/WYIS6PWV7BFZ5L5DVBCR23PLDE,감옥으로!’ ‘극우세력 뿌리까지 청산하자’ 등이 쓰인 피켓을 들고 “내란수괴 윤석열을 즉각 체포하라” “경호처도 공범이다” 구호를 외쳤다.,구속!,참가자들은 ‘윤석열 체포!,False,"현재 문장은 정치적 구호와 관련된 내용으로, 수치나 통계적인 변화를 주장하지 않습니다.",high,hcx,HCX-007,isclaim-v1.3-prev2-context,2026-07-30
A0027-C017,A0027,“尹 지켜라” “즉각 체포” 한남동 관저 주변 찬반 시위,2025-01-03,https://www.chosun.com/national/national_general/2025/01/03/WYIS6PWV7BFZ5L5DVBCR23PLDE,반윤 시위대는 관저 입구 인근 한남초까지 행진하다가 일부 도로를 점거하기도 했다.,감옥으로!’ ‘극우세력 뿌리까지 청산하자’ 등이 쓰인 피켓을 들고 “내란수괴 윤석열을 즉각 체포하라” “경호처도 공범이다” 구호를 외쳤다.,구속!,False,"현재 문장은 반윤 시위대의 행동에 대한 서술로, 수치나 통계적인 변화를 주장하는 내용이 아닙니다.",high,hcx,HCX-007,isclaim-v1.3-prev2-context,2026-07-30
A0027-C018,A0027,“尹 지켜라” “즉각 체포” 한남동 관저 주변 찬반 시위,2025-01-03,https://www.chosun.com/national/national_general/2025/01/03/WYIS6PWV7BFZ5L5DVBCR23PLDE,경찰이 오후 5시쯤 해산 명령을 내렸으나 이들은 계속 농성했다.,반윤 시위대는 관저 입구 인근 한남초까지 행진하다가 일부 도로를 점거하기도 했다.,감옥으로!’ ‘극우세력 뿌리까지 청산하자’ 등이 쓰인 피켓을 들고 “내란수괴 윤석열을 즉각 체포하라” “경호처도 공범이다” 구호를 외쳤다.,False,"현재 문장은 단순한 사건 진술로서, 수치나 통계적인 변화를 주장하지 않는다.",high,hcx,HCX-007,isclaim-v1.3-prev2-context,2026-07-30
A0028-C001,A0028,"현대차그룹 전기차 5종, 美 보조금 최대 7500달러 확정",2025-01-03,https://www.chosun.com/economy/auto/2025/01/03/JAOXUIC3JJEU7APKQ7W6OHYJRQ,현대차그룹 전기차가 미국에서 처음으로 최대 7500달러(약 1100만원) 규모 IRA(인플레이션 감축법) 보조금 지급 대상에 포함됐다.,,,False,현대차그룹 전기차의 미국 내 IRA 보조금 지급 여부는 특정한 기업의 매출 및 실적 관련 정보이므로 KOSIS 통계로 검증하기 어렵습니다.,high,hcx,HCX-007,isclaim-v1.3-prev2-context,2026-07-30
A0028-C002,A0028,"현대차그룹 전기차 5종, 美 보조금 최대 7500달러 확정",2025-01-03,https://www.chosun.com/economy/auto/2025/01/03/JAOXUIC3JJEU7APKQ7W6OHYJRQ,IRA는 미국 정부가 전기차·태양광·풍력 등 핵심 청정에너지 산업의 자국 유치를 위해 2022년부터 시행하는 법이다.,현대차그룹 전기차가 미국에서 처음으로 최대 7500달러(약 1100만원) 규모 IRA(인플레이션 감축법) 보조금 지급 대상에 포함됐다.,,False,"현재 문장은 IRA에 대한 설명을 하고 있으며, 수치나 통계적인 변화를 주장하는 내용이 아닙니다.",high,hcx,HCX-007,isclaim-v1.3-prev2-context,2026-07-30
A0028-C003,A0028,"현대차그룹 전기차 5종, 美 보조금 최대 7500달러 확정",2025-01-03,https://www.chosun.com/economy/auto/2025/01/03/JAOXUIC3JJEU7APKQ7W6OHYJRQ,"미국 현지에서 생산한 전기차 중 배터리 부품·소재 요건을 충족한 경우에만 보조금 혜택을 주는데, 현대차·기아는 그동안 주요 전기차 모델을 현지에서 만들지 않았고, 일부 현지 생산 모델도 배터리 요건을 맞추지 못해 이 같은 혜택에서 제외됐다.",IRA는 미국 정부가 전기차·태양광·풍력 등 핵심 청정에너지 산업의 자국 유치를 위해 2022년부터 시행하는 법이다.,현대차그룹 전기차가 미국에서 처음으로 최대 7500달러(약 1100만원) 규모 IRA(인플레이션 감축법) 보조금 지급 대상에 포함됐다.,False,"현재 문장은 현대차와 기아가 미국 현지에서 생산한 전기차 중 배터리 부품 및 소재 요건을 충족하지 못했다는 상황을 설명하고 있으며, 이는 단순한 사실 진술로서 수치나 통계적 변화를 주장하지 않습니다.",high,hcx,HCX-007,isclaim-v1.3-prev2-context,2026-07-30
A0028-C004,A0028,"현대차그룹 전기차 5종, 美 보조금 최대 7500달러 확정",2025-01-03,https://www.chosun.com/economy/auto/2025/01/03/JAOXUIC3JJEU7APKQ7W6OHYJRQ,하지만 지난해 10월부터 미국 조지아주 ‘현대차그룹 메타플랜트 아메리카(HMGMA)’가 가동을 시작하고 배터리 요건도 충족하면서 테슬라(9종)에 이어 둘째로 많은 5종이 목록에 이름을 올렸다.,"미국 현지에서 생산한 전기차 중 배터리 부품·소재 요건을 충족한 경우에만 보조금 혜택을 주는데, 현대차·기아는 그동안 주요 전기차 모델을 현지에서 만들지 않았고, 일부 현지 생산 모델도 배터리 요건을 맞추지 못해 이 같은 혜택에서 제외됐다.",IRA는 미국 정부가 전기차·태양광·풍력 등 핵심 청정에너지 산업의 자국 유치를 위해 2022년부터 시행하는 법이다.,False,"현재 문장은 특정 기업의 전기차 모델이 미국에서 보조금을 받게 되었다는 내용으로, 이는 개별 사건에 대한 정보이지 국가집계 통계와는 관련이 없습니다.",high,hcx,HCX-007,isclaim-v1.3-prev2-context,2026-07-30
A0028-C005,A0028,"현대차그룹 전기차 5종, 美 보조금 최대 7500달러 확정",2025-01-03,https://www.chosun.com/economy/auto/2025/01/03/JAOXUIC3JJEU7APKQ7W6OHYJRQ,"1일(현지 시각) 미국 에너지부는 홈페이지에 올해 보조금을 지급받을 수 있는 전기차로 현대차 아이오닉5와 아이오닉9, 기아 EV6와 EV9, 제네시스 GV70 전동화 모델을 포함한 모델 25개를 공개했다.",하지만 지난해 10월부터 미국 조지아주 ‘현대차그룹 메타플랜트 아메리카(HMGMA)’가 가동을 시작하고 배터리 요건도 충족하면서 테슬라(9종)에 이어 둘째로 많은 5종이 목록에 이름을 올렸다.,"미국 현지에서 생산한 전기차 중 배터리 부품·소재 요건을 충족한 경우에만 보조금 혜택을 주는데, 현대차·기아는 그동안 주요 전기차 모델을 현지에서 만들지 않았고, 일부 현지 생산 모델도 배터리 요건을 맞추지 못해 이 같은 혜택에서 제외됐다.",False,"현재 문장은 미국 에너지부가 발표한 보조금 지급 대상 전기차의 목록을 나열하고 있으며, 이는 특정한 수치나 통계적인 변화를 주장하는 것이 아닙니다.",high,hcx,HCX-007,isclaim-v1.3-prev2-context,2026-07-30
A0028-C006,A0028,"현대차그룹 전기차 5종, 美 보조금 최대 7500달러 확정",2025-01-03,https://www.chosun.com/economy/auto/2025/01/03/JAOXUIC3JJEU7APKQ7W6OHYJRQ,"2023년에는 34개, 지난해에는 연말까지 50개 모델에 대해 혜택을 줬다.","1일(현지 시각) 미국 에너지부는 홈페이지에 올해 보조금을 지급받을 수 있는 전기차로 현대차 아이오닉5와 아이오닉9, 기아 EV6와 EV9, 제네시스 GV70 전동화 모델을 포함한 모델 25개를 공개했다.",하지만 지난해 10월부터 미국 조지아주 ‘현대차그룹 메타플랜트 아메리카(HMGMA)’가 가동을 시작하고 배터리 요건도 충족하면서 테슬라(9종)에 이어 둘째로 많은 5종이 목록에 이름을 올렸다.,True,"현재 문장은 전기차 모델 수가 시간에 따라 증가한 것을 언급하며, 이는 국가 통계 포털(KOSIS)에서 관련 통계를 통해 검증할 수 있을 것으로 보인다.",high,hcx,HCX-007,isclaim-v1.3-prev2-context,2026-07-30
A0028-C007,A0028,"현대차그룹 전기차 5종, 美 보조금 최대 7500달러 확정",2025-01-03,https://www.chosun.com/economy/auto/2025/01/03/JAOXUIC3JJEU7APKQ7W6OHYJRQ,"테슬라는 사이버트럭 2종을 포함해 모델3와 모델X, 모델Y 등 총 9종이 리스트에 올랐다.","2023년에는 34개, 지난해에는 연말까지 50개 모델에 대해 혜택을 줬다.","1일(현지 시각) 미국 에너지부는 홈페이지에 올해 보조금을 지급받을 수 있는 전기차로 현대차 아이오닉5와 아이오닉9, 기아 EV6와 EV9, 제네시스 GV70 전동화 모델을 포함한 모델 25개를 공개했다.",False,"현재 문장은 특정 기업의 전기차 모델이 리스트에 올랐다는 내용으로, 이는 개별 기업의 정보에 해당하며 국가집계 통계와는 관련이 없습니다.",high,hcx,HCX-007,isclaim-v1.3-prev2-context,2026-07-30
A0028-C008,A0028,"현대차그룹 전기차 5종, 美 보조금 최대 7500달러 확정",2025-01-03,https://www.chosun.com/economy/auto/2025/01/03/JAOXUIC3JJEU7APKQ7W6OHYJRQ,"포드와 쉐보레가 각각 3종, 캐딜락 2종, 크라이슬러와 혼다, 혼다의 고급 브랜드인 아큐라가 1종씩 포함됐다.","테슬라는 사이버트럭 2종을 포함해 모델3와 모델X, 모델Y 등 총 9종이 리스트에 올랐다.","2023년에는 34개, 지난해에는 연말까지 50개 모델에 대해 혜택을 줬다.",False,"현재 문장은 특정 자동차 제조사들의 차량 모델 수를 나열하고 있으며, 이는 개별 기업의 특정 제품에 대한 정보로서 국가집계 통계를 검증하기 위한 것이 아닙니다.",high,hcx,HCX-007,isclaim-v1.3-prev2-context,2026-07-30
A0028-C009,A0028,"현대차그룹 전기차 5종, 美 보조금 최대 7500달러 확정",2025-01-03,https://www.chosun.com/economy/auto/2025/01/03/JAOXUIC3JJEU7APKQ7W6OHYJRQ,지난해에 이어 폴크스바겐과 아우디 등 유럽 브랜드가 모조리 탈락한 가운데 작년에는 포함됐던 지프와 리비안도 목록에서 빠졌다.,"포드와 쉐보레가 각각 3종, 캐딜락 2종, 크라이슬러와 혼다, 혼다의 고급 브랜드인 아큐라가 1종씩 포함됐다.","테슬라는 사이버트럭 2종을 포함해 모델3와 모델X, 모델Y 등 총 9종이 리스트에 올랐다.",False,"현재 문장은 특정 자동차 브랜드들이 목록에서 제외되었다는 사실을 전달하며, 이는 단순한 사건 보고로서 수치나 통계적 변화를 주장하지 않습니다.",high,hcx,HCX-007,isclaim-v1.3-prev2-context,2026-07-30
A0028-C010,A0028,"현대차그룹 전기차 5종, 美 보조금 최대 7500달러 확정",2025-01-03,https://www.chosun.com/economy/auto/2025/01/03/JAOXUIC3JJEU7APKQ7W6OHYJRQ,보조금 혜택을 노린 구매 수요가 연초에 몰릴 것이라는 관측도 나온다.,지난해에 이어 폴크스바겐과 아우디 등 유럽 브랜드가 모조리 탈락한 가운데 작년에는 포함됐던 지프와 리비안도 목록에서 빠졌다.,"포드와 쉐보레가 각각 3종, 캐딜락 2종, 크라이슬러와 혼다, 혼다의 고급 브랜드인 아큐라가 1종씩 포함됐다.",False,"구매 수요 예측은 단순한 의견 평가나 추정에 해당하며, 이는 KOSIS에서 검증 가능한 통계적 변화나 수치 주장이 아닙니다.",high,hcx,HCX-007,isclaim-v1.3-prev2-context,2026-07-30
A0028-C011,A0028,"현대차그룹 전기차 5종, 美 보조금 최대 7500달러 확정",2025-01-03,https://www.chosun.com/economy/auto/2025/01/03/JAOXUIC3JJEU7APKQ7W6OHYJRQ,"이번에 보조금 지급 대상에 포함된 차량은 올해 안에 구입하면 세액공제 혜택을 받을 수 있지만, 오는 20일 출범하는 도널드 트럼프 2기 정부가 보조금 폐지를 추진하고 있기 때문이다.",보조금 혜택을 노린 구매 수요가 연초에 몰릴 것이라는 관측도 나온다.,지난해에 이어 폴크스바겐과 아우디 등 유럽 브랜드가 모조리 탈락한 가운데 작년에는 포함됐던 지프와 리비안도 목록에서 빠졌다.,False,"현재 문장은 정책 변화에 대한 정보를 제공하고 있으며, 특정한 수치나 통계적 변화를 주장하지 않습니다.",high,hcx,HCX-007,isclaim-v1.3-prev2-context,2026-07-30
A0028-C012,A0028,"현대차그룹 전기차 5종, 美 보조금 최대 7500달러 확정",2025-01-03,https://www.chosun.com/economy/auto/2025/01/03/JAOXUIC3JJEU7APKQ7W6OHYJRQ,현대차·기아는 보조금 혜택 없이도 지난해 3분기 미국 전기차 시장에서 테슬라와 GM에 이어 3위를 나타냈다.,"이번에 보조금 지급 대상에 포함된 차량은 올해 안에 구입하면 세액공제 혜택을 받을 수 있지만, 오는 20일 출범하는 도널드 트럼프 2기 정부가 보조금 폐지를 추진하고 있기 때문이다.",보조금 혜택을 노린 구매 수요가 연초에 몰릴 것이라는 관측도 나온다.,False,"현대차와 기아가 보조금 혜택 없이도 미국에서 테슬라와 GM에 이어 3위를 차지했다는 것은 단순한 시장 점유율 정보로서, 이는 특정한 수치나 비율 등의 변화를 주장하는 것이 아니므로 KOSIS 통계로 검증 가능한 내용이 아닙니다.",high,hcx,HCX-007,isclaim-v1.3-prev2-context,2026-07-30
A0029-C001,A0029,완성차 5사 판매량 3년만에 감소세로...내수 부진에 전기차 캐즘 본격화,2025-01-03,https://www.chosun.com/economy/auto/2025/01/03/N4AM2ZKHUBDXHOEEKGPMWO4Y2U,한국 경제의 내수와 수출을 떠받치던 자동차 산업이 전기차 캐즘(수요 정체) 영향권에 본격 접어들면서 실적 부진에 빠졌다.,,,False,"현재 문장은 자동차 산업의 실적 부진 상황에 대한 설명을 하고 있으며, 이는 특정한 수치나 통계적 변화를 주장하는 것이 아닙니다.",high,hcx,HCX-007,isclaim-v1.3-prev2-context,2026-07-30
A0029-C002,A0029,완성차 5사 판매량 3년만에 감소세로...내수 부진에 전기차 캐즘 본격화,2025-01-03,https://www.chosun.com/economy/auto/2025/01/03/N4AM2ZKHUBDXHOEEKGPMWO4Y2U,"작년 국내 완성차 업체들의 판매량이 2023년 대비 0.6% 줄며, 3년만에 감소세로 돌아섰다.",한국 경제의 내수와 수출을 떠받치던 자동차 산업이 전기차 캐즘(수요 정체) 영향권에 본격 접어들면서 실적 부진에 빠졌다.,,True,작년 국내 완성차 업체들의 판매량 변화에 대한 주장은 KOSIS에서 관련 통계를 통해 검증할 수 있는 내용입니다.,high,hcx,HCX-007,isclaim-v1.3-prev2-context,2026-07-30
A0029-C003,A0029,완성차 5사 판매량 3년만에 감소세로...내수 부진에 전기차 캐즘 본격화,2025-01-03,https://www.chosun.com/economy/auto/2025/01/03/N4AM2ZKHUBDXHOEEKGPMWO4Y2U,"경기 침체 속 내수 판매가 6%대 급감했고, 수출은 전체적으로 보합세를 보인 가운데 현대차와 르노코리아 등 판매량이 큰 폭으로 줄었다.","작년 국내 완성차 업체들의 판매량이 2023년 대비 0.6% 줄며, 3년만에 감소세로 돌아섰다.",한국 경제의 내수와 수출을 떠받치던 자동차 산업이 전기차 캐즘(수요 정체) 영향권에 본격 접어들면서 실적 부진에 빠졌다.,True,"현재 문장은 내수 판매량과 수출량의 변화를 언급하며, 이는 국가통계포털(KOSIS)에서 관련 통계를 통해 검증할 수 있는 내용이기 때문에 True로 판단합니다.",high,hcx,HCX-007,isclaim-v1.3-prev2-context,2026-07-30
A0029-C004,A0029,완성차 5사 판매량 3년만에 감소세로...내수 부진에 전기차 캐즘 본격화,2025-01-03,https://www.chosun.com/economy/auto/2025/01/03/N4AM2ZKHUBDXHOEEKGPMWO4Y2U,"국내 완성차 5사(현대차, 기아, GM 한국사업장, KG모빌리티, 르노코리아)는 작년 794만7170대를 국내외에 판매했다고 3일 밝혔다.","경기 침체 속 내수 판매가 6%대 급감했고, 수출은 전체적으로 보합세를 보인 가운데 현대차와 르노코리아 등 판매량이 큰 폭으로 줄었다.","작년 국내 완성차 업체들의 판매량이 2023년 대비 0.6% 줄며, 3년만에 감소세로 돌아섰다.",True,"현재 문장은 국내 완성차 5사의 판매량을 구체적인 수치로 제시하며, 이는 국내 집계 통계로서 KOSIS를 통해 대조 및 검증 가능한 정보이기 때문에 True로 판단합니다.",high,hcx,HCX-007,isclaim-v1.3-prev2-context,2026-07-30
A0029-C005,A0029,완성차 5사 판매량 3년만에 감소세로...내수 부진에 전기차 캐즘 본격화,2025-01-03,https://www.chosun.com/economy/auto/2025/01/03/N4AM2ZKHUBDXHOEEKGPMWO4Y2U,"국내 판매는 135만6706대로 전년 대비 6.4% 줄었고, 해외 판매는 658만4378대로 같은 기간 0.7% 늘었다.","국내 완성차 5사(현대차, 기아, GM 한국사업장, KG모빌리티, 르노코리아)는 작년 794만7170대를 국내외에 판매했다고 3일 밝혔다.","경기 침체 속 내수 판매가 6%대 급감했고, 수출은 전체적으로 보합세를 보인 가운데 현대차와 르노코리아 등 판매량이 큰 폭으로 줄었다.",True,"국내 판매량과 해외 판매량의 변화에 대한 구체적인 수치가 제시되어 있으며, 이는 국가 통계 포털(KOSIS)에서 확인 가능한 국내 집계 통계 정보로 판단됩니다.",high,hcx,HCX-007,isclaim-v1.3-prev2-context,2026-07-30
A0029-C006,A0029,완성차 5사 판매량 3년만에 감소세로...내수 부진에 전기차 캐즘 본격화,2025-01-03,https://www.chosun.com/economy/auto/2025/01/03/N4AM2ZKHUBDXHOEEKGPMWO4Y2U,작년 완성차 5사의 국내 판매는 하반기 신차를 낸 르노코리아를 제외하고 일제히 줄었다.,"국내 판매는 135만6706대로 전년 대비 6.4% 줄었고, 해외 판매는 658만4378대로 같은 기간 0.7% 늘었다.","국내 완성차 5사(현대차, 기아, GM 한국사업장, KG모빌리티, 르노코리아)는 작년 794만7170대를 국내외에 판매했다고 3일 밝혔다.",True,"작년 완성차 5사의 국내 판매 실적 변화에 대한 정보로, 이는 국내 자동차 산업 관련 통계로서 KOSIS에서 확인 가능한 내용이다.",high,hcx,HCX-007,isclaim-v1.3-prev2-context,2026-07-30
A0029-C007,A0029,완성차 5사 판매량 3년만에 감소세로...내수 부진에 전기차 캐즘 본격화,2025-01-03,https://www.chosun.com/economy/auto/2025/01/03/N4AM2ZKHUBDXHOEEKGPMWO4Y2U,"고금리 속 경기 침체가 심화됐고, 충전 불편과 비싼 가격을 이유로 전기차 수요가 주춤한 영향이다.",작년 완성차 5사의 국내 판매는 하반기 신차를 낸 르노코리아를 제외하고 일제히 줄었다.,"국내 판매는 135만6706대로 전년 대비 6.4% 줄었고, 해외 판매는 658만4378대로 같은 기간 0.7% 늘었다.",False,"현재 문장은 경기 침체와 전기차 수요 감소 원인에 대한 설명이므로, KOSIS 통계로 검증 가능한 수치나 통계적 변화를 주장하지 않습니다.",high,hcx,HCX-007,isclaim-v1.3-prev2-context,2026-07-30
A0029-C008,A0029,완성차 5사 판매량 3년만에 감소세로...내수 부진에 전기차 캐즘 본격화,2025-01-03,https://www.chosun.com/economy/auto/2025/01/03/N4AM2ZKHUBDXHOEEKGPMWO4Y2U,"현대차는 지난해 판매량이 414만 1791대로, 2023년 대비 1.8% 감소했다.","고금리 속 경기 침체가 심화됐고, 충전 불편과 비싼 가격을 이유로 전기차 수요가 주춤한 영향이다.",작년 완성차 5사의 국내 판매는 하반기 신차를 낸 르노코리아를 제외하고 일제히 줄었다.,True,현대차의 지난해 판매량이 2023년 대비 1.8% 감소했다는 내용은 구체적인 수치와 비교 대상이 포함되어 있어 KOSIS 등의 국가 통계 자료로 검증 가능한 정보입니다.,high,hcx,HCX-007,isclaim-v1.3-prev2-context,2026-07-30
A0029-C009,A0029,완성차 5사 판매량 3년만에 감소세로...내수 부진에 전기차 캐즘 본격화,2025-01-03,https://www.chosun.com/economy/auto/2025/01/03/N4AM2ZKHUBDXHOEEKGPMWO4Y2U,"해외 판매가 0.5% 줄었고, 국내 판매가 7.5% 급감했다.","현대차는 지난해 판매량이 414만 1791대로, 2023년 대비 1.8% 감소했다.","고금리 속 경기 침체가 심화됐고, 충전 불편과 비싼 가격을 이유로 전기차 수요가 주춤한 영향이다.",True,"해외 판매량 및 국내 판매량의 변화를 수치로 제시하여, 이는 국가 집계의 통계로서 KOSIS에서 대조 가능하다.",high,hcx,HCX-007,isclaim-v1.3-prev2-context,2026-07-30
A0029-C010,A0029,완성차 5사 판매량 3년만에 감소세로...내수 부진에 전기차 캐즘 본격화,2025-01-03,https://www.chosun.com/economy/auto/2025/01/03/N4AM2ZKHUBDXHOEEKGPMWO4Y2U,작년 국내에서 현대차의 전기차 판매량은 1년 전보다 27.7%나 줄었다.,"해외 판매가 0.5% 줄었고, 국내 판매가 7.5% 급감했다.","현대차는 지난해 판매량이 414만 1791대로, 2023년 대비 1.8% 감소했다.",True,"현재 문장은 국내에서 현대차의 전기차 판매량이 1년 전에 비해 27.7% 감소했다는 구체적인 통계를 제시하고 있으며, 이는 국가통계포털(KOSIS)에서 관련 데이터를 통해 검증할 수 있는 내용입니다.",high,hcx,HCX-007,isclaim-v1.3-prev2-context,2026-07-30
A0029-C011,A0029,완성차 5사 판매량 3년만에 감소세로...내수 부진에 전기차 캐즘 본격화,2025-01-03,https://www.chosun.com/economy/auto/2025/01/03/N4AM2ZKHUBDXHOEEKGPMWO4Y2U,기아는 작년 국내외에서 308만 9457대를 팔아 최고 판매 실적을 올린 2023년(308만7384대) 기록을 소폭 웃돌았다.,작년 국내에서 현대차의 전기차 판매량은 1년 전보다 27.7%나 줄었다.,"해외 판매가 0.5% 줄었고, 국내 판매가 7.5% 급감했다.",True,기아의 작년 국내외 판매량이 2023년의 기록을 소폭 웃돌았다는 주장은 국내 자동차 판매량에 대한 통계적인 변화를 포함하므로 KOSIS를 통해 검증 가능하다.,high,hcx,HCX-007,isclaim-v1.3-prev2-context,2026-07-30
A0029-C012,A0029,완성차 5사 판매량 3년만에 감소세로...내수 부진에 전기차 캐즘 본격화,2025-01-03,https://www.chosun.com/economy/auto/2025/01/03/N4AM2ZKHUBDXHOEEKGPMWO4Y2U,"해외 판매가 1% 늘었지만, 국내 판매량은 4.2% 줄었다.",기아는 작년 국내외에서 308만 9457대를 팔아 최고 판매 실적을 올린 2023년(308만7384대) 기록을 소폭 웃돌았다.,작년 국내에서 현대차의 전기차 판매량은 1년 전보다 27.7%나 줄었다.,True,"해외 판매가 1% 늘고, 국내 판매량이 4.2% 줄었다는 내용은 국내 자동차 판매량 변화에 대한 구체적인 수치 정보를 포함하고 있으며, 이는 국가통계포털(KOSIS)에서 관련 통계를 통해 검증할 수 있는 내용이다.",high,hcx,HCX-007,isclaim-v1.3-prev2-context,2026-07-30
A0029-C013,A0029,완성차 5사 판매량 3년만에 감소세로...내수 부진에 전기차 캐즘 본격화,2025-01-03,https://www.chosun.com/economy/auto/2025/01/03/N4AM2ZKHUBDXHOEEKGPMWO4Y2U,GM 한국사업장(-35.9%)과 KG모빌리티(-25.7%)도 내수 판매가 급감했다.,"해외 판매가 1% 늘었지만, 국내 판매량은 4.2% 줄었다.",기아는 작년 국내외에서 308만 9457대를 팔아 최고 판매 실적을 올린 2023년(308만7384대) 기록을 소폭 웃돌았다.,True,"GM 한국사업장과 KG모빌리티의 내수 판매량이 각각 35.9%, 25.7% 감소했다는 내용은 국내 자동차 판매량에 대한 구체적인 수치 변화를 포함하고 있으며, 이는 국가통계포털(KOSIS)에서 관련 통계를 통해 검증할 수 있는 내용이다.",high,hcx,HCX-007,isclaim-v1.3-prev2-context,2026-07-30
A0029-C014,A0029,완성차 5사 판매량 3년만에 감소세로...내수 부진에 전기차 캐즘 본격화,2025-01-03,https://www.chosun.com/economy/auto/2025/01/03/N4AM2ZKHUBDXHOEEKGPMWO4Y2U,2023년 역대 최고 실적을 달성했던 수출도 성장세가 꺾였다.,GM 한국사업장(-35.9%)과 KG모빌리티(-25.7%)도 내수 판매가 급감했다.,"해외 판매가 1% 늘었지만, 국내 판매량은 4.2% 줄었다.",True,"문장에서 '2023년 역대 최고 실적을 달성했던 수출도 성장세가 꺾였다.'라는 표현은 수출의 성장세 변화에 대한 주장을 하고 있으며, 이는 국가 단위의 경제 지표로서 KOSIS에서 관련 통계를 통해 검증할 수 있을 것으로 보인다.",high,hcx,HCX-007,isclaim-v1.3-prev2-context,2026-07-30
A0029-C015,A0029,완성차 5사 판매량 3년만에 감소세로...내수 부진에 전기차 캐즘 본격화,2025-01-03,https://www.chosun.com/economy/auto/2025/01/03/N4AM2ZKHUBDXHOEEKGPMWO4Y2U,지난해 GM 한국사업장은 해외에 2023년 대비 10.6% 증가한 47만 4735대를 판매했다.,2023년 역대 최고 실적을 달성했던 수출도 성장세가 꺾였다.,GM 한국사업장(-35.9%)과 KG모빌리티(-25.7%)도 내수 판매가 급감했다.,True,"현재 문장은 GM 한국사업장의 해외 판매량이 2023년 대비 10.6% 증가한 것을 주장하며, 이는 KOSIS를 통해 검증 가능한 국내 기업의 수출 실적 관련 정보이기 때문에 True로 판단됩니다.",high,hcx,HCX-007,isclaim-v1.3-prev2-context,2026-07-30
A0029-C016,A0029,완성차 5사 판매량 3년만에 감소세로...내수 부진에 전기차 캐즘 본격화,2025-01-03,https://www.chosun.com/economy/auto/2025/01/03/N4AM2ZKHUBDXHOEEKGPMWO4Y2U,KG모빌리티도 같은 기간 18.2% 늘어난 6만 2378대를 수출했다.,지난해 GM 한국사업장은 해외에 2023년 대비 10.6% 증가한 47만 4735대를 판매했다.,2023년 역대 최고 실적을 달성했던 수출도 성장세가 꺾였다.,True,"KG모빌리티의 수출량이 18.2% 증가했다는 구체적인 수치와 비교 대상이 제시되어 있어, 이는 국가통계포털(KOSIS)에서 관련 통계를 통해 검증할 수 있는 내용이다.",high,hcx,HCX-007,isclaim-v1.3-prev2-context,2026-07-30
A0029-C017,A0029,완성차 5사 판매량 3년만에 감소세로...내수 부진에 전기차 캐즘 본격화,2025-01-03,https://www.chosun.com/economy/auto/2025/01/03/N4AM2ZKHUBDXHOEEKGPMWO4Y2U,"반면, 수출 1위인 현대차(-0.5%), 그리고 르노코리아(-18.4%) 판매가 줄면서 전체 수출은 보합세를 보였다.",KG모빌리티도 같은 기간 18.2% 늘어난 6만 2378대를 수출했다.,지난해 GM 한국사업장은 해외에 2023년 대비 10.6% 증가한 47만 4735대를 판매했다.,True,"현대차와 르노코리아의 수출이 각각 -0.5%, -18.4% 변동하여 전체 수출이 보합세라는 주장은 KOSIS에서 해당 기업의 수출 데이터를 통해 검증 가능하다.",high,hcx,HCX-007,isclaim-v1.3-prev2-context,2026-07-30
A0030-C001,A0030,은행 선물환 규제 풀어 시장에 달러 공급,2025-01-03,https://www.chosun.com/economy/economy_general/2025/01/03/7FSYM4YTJJEFBNUC6B4JOHW2RE,정부는 새해 경제정책 방향에서 원화 환율 안정을 통한 대외 신인도 관리에 방점을 찍었다.,,,False,"문장은 정부의 경제정책 방향에 대한 설명으로, 구체적인 수치나 통계적 변화를 언급하지 않는다.",high,hcx,HCX-007,isclaim-v1.3-prev2-context,2026-07-30
A0030-C002,A0030,은행 선물환 규제 풀어 시장에 달러 공급,2025-01-03,https://www.chosun.com/economy/economy_general/2025/01/03/7FSYM4YTJJEFBNUC6B4JOHW2RE,"통상 환율은 한 국가의 ‘기초 체력’에 비유되는데, 고환율이 계속되면 가뜩이나 대통령 탄핵 소추로 타격을 입은 한국의 대외 신인도에 악영향을 줄 수 있기 때문이다.",정부는 새해 경제정책 방향에서 원화 환율 안정을 통한 대외 신인도 관리에 방점을 찍었다.,,False,"현재 문장은 단순한 의견이나 평가로서, 특정한 수치나 통계적인 변화를 주장하지 않습니다.",high,hcx,HCX-007,isclaim-v1.3-prev2-context,2026-07-30
A0030-C003,A0030,은행 선물환 규제 풀어 시장에 달러 공급,2025-01-03,https://www.chosun.com/economy/economy_general/2025/01/03/7FSYM4YTJJEFBNUC6B4JOHW2RE,2일 서울 외환시장에서 달러 대비 원화 환율은 오후 3시 30분 기준 전 거래일보다 5.9원 떨어진 달러당 1466.6원을 기록했다.,"통상 환율은 한 국가의 ‘기초 체력’에 비유되는데, 고환율이 계속되면 가뜩이나 대통령 탄핵 소추로 타격을 입은 한국의 대외 신인도에 악영향을 줄 수 있기 때문이다.",정부는 새해 경제정책 방향에서 원화 환율 안정을 통한 대외 신인도 관리에 방점을 찍었다.,True,"현재 문장에서 언급된 '달러 대비 원화 환율'은 국가 경제와 관련된 중요한 지표로서, KOSIS를 통해 해당 시점에서의 환율 데이터를 확인할 수 있다.",high,hcx,HCX-007,isclaim-v1.3-prev2-context,2026-07-30
A0030-C004,A0030,은행 선물환 규제 풀어 시장에 달러 공급,2025-01-03,https://www.chosun.com/economy/economy_general/2025/01/03/7FSYM4YTJJEFBNUC6B4JOHW2RE,하지만 원화 환율은 지난해 12월 19일 글로벌 금융 위기 이후 15년여 만에 달러당 1450원 선을 넘어서는 등 고공 행진 중이다.,2일 서울 외환시장에서 달러 대비 원화 환율은 오후 3시 30분 기준 전 거래일보다 5.9원 떨어진 달러당 1466.6원을 기록했다.,"통상 환율은 한 국가의 ‘기초 체력’에 비유되는데, 고환율이 계속되면 가뜩이나 대통령 탄핵 소추로 타격을 입은 한국의 대외 신인도에 악영향을 줄 수 있기 때문이다.",True,"현재 문장은 원화의 환율 상승 추세를 언급하며, 이는 국가 경제와 관련된 중요한 지표로서 KOSIS를 통해 검증될 수 있는 내용이다.",high,hcx,HCX-007,isclaim-v1.3-prev2-context,2026-07-30
A0030-C005,A0030,은행 선물환 규제 풀어 시장에 달러 공급,2025-01-03,https://www.chosun.com/economy/economy_general/2025/01/03/7FSYM4YTJJEFBNUC6B4JOHW2RE,"원화 환율은 올해 트럼프발(發) 달러 강세와 탄핵 정국 등 국내 정치 불확실성으로 과거 외환 위기, 금융 위기 때나 봤던 달러당 1500원 선을 넘어설 것이란 우려까지 나오고 있다.",하지만 원화 환율은 지난해 12월 19일 글로벌 금융 위기 이후 15년여 만에 달러당 1450원 선을 넘어서는 등 고공 행진 중이다.,2일 서울 외환시장에서 달러 대비 원화 환율은 오후 3시 30분 기준 전 거래일보다 5.9원 떨어진 달러당 1466.6원을 기록했다.,True,"현재 문장은 원화 환율의 향후 변화에 대한 예측을 포함하며, 이는 KOSIS를 통해 검증 가능한 국내 경제 지표 중 하나이므로 True로 판단된다.",high,hcx,HCX-007,isclaim-v1.3-prev2-context,2026-07-30
A0030-C006,A0030,은행 선물환 규제 풀어 시장에 달러 공급,2025-01-03,https://www.chosun.com/economy/economy_general/2025/01/03/7FSYM4YTJJEFBNUC6B4JOHW2RE,"정부는 이에 이날 새해 경제정책 방향에서 ‘대외 신인도 관리’ 방안으로 외환시장의 달러 공급은 늘리고, 수요는 줄여서 원화 환율이 상승하는 압력을 낮추겠다고 했다.","원화 환율은 올해 트럼프발(發) 달러 강세와 탄핵 정국 등 국내 정치 불확실성으로 과거 외환 위기, 금융 위기 때나 봤던 달러당 1500원 선을 넘어설 것이란 우려까지 나오고 있다.",하지만 원화 환율은 지난해 12월 19일 글로벌 금융 위기 이후 15년여 만에 달러당 1450원 선을 넘어서는 등 고공 행진 중이다.,False,"현재 문장은 정부의 정책 방향에 대한 설명이지, 구체적인 수치나 통계적 변화를 주장하는 내용이 아닙니다.",high,hcx,HCX-007,isclaim-v1.3-prev2-context,2026-07-30
A0030-C007,A0030,은행 선물환 규제 풀어 시장에 달러 공급,2025-01-03,https://www.chosun.com/economy/economy_general/2025/01/03/7FSYM4YTJJEFBNUC6B4JOHW2RE,우선 시장의 달러 공급을 늘리기 위해 은행의 선물환 규제를 풀기로 했다.,"정부는 이에 이날 새해 경제정책 방향에서 ‘대외 신인도 관리’ 방안으로 외환시장의 달러 공급은 늘리고, 수요는 줄여서 원화 환율이 상승하는 압력을 낮추겠다고 했다.","원화 환율은 올해 트럼프발(發) 달러 강세와 탄핵 정국 등 국내 정치 불확실성으로 과거 외환 위기, 금융 위기 때나 봤던 달러당 1500원 선을 넘어설 것이란 우려까지 나오고 있다.",False,"현재 문장은 정부의 정책 변화에 대한 설명이지, 수치나 비율 등의 통계적 변화를 주장하는 내용이 아닙니다.",high,hcx,HCX-007,isclaim-v1.3-prev2-context,2026-07-30
A0030-C008,A0030,은행 선물환 규제 풀어 시장에 달러 공급,2025-01-03,https://www.chosun.com/economy/economy_general/2025/01/03/7FSYM4YTJJEFBNUC6B4JOHW2RE,"선물환은 약정한 환율에 달러를 사거나 파는 것을 말하는데, 은행에 대한 선물환 규제를 풀면 조선사 등 수출 기업이 받을 수출 대금이 은행을 통해 외환시장에 미리 풀리는 효과를 줘서 달러 공급이 늘어나게 된다.",우선 시장의 달러 공급을 늘리기 위해 은행의 선물환 규제를 풀기로 했다.,"정부는 이에 이날 새해 경제정책 방향에서 ‘대외 신인도 관리’ 방안으로 외환시장의 달러 공급은 늘리고, 수요는 줄여서 원화 환율이 상승하는 압력을 낮추겠다고 했다.",False,"현재 문장은 선물환 규제 완화의 효과에 대해 설명하고 있으며, 이는 단순한 설명이지 수치나 비율 등의 통계적 변화를 주장하는 것이 아닙니다.",high,hcx,HCX-007,isclaim-v1.3-prev2-context,2026-07-30
A0030-C009,A0030,은행 선물환 규제 풀어 시장에 달러 공급,2025-01-03,https://www.chosun.com/economy/economy_general/2025/01/03/7FSYM4YTJJEFBNUC6B4JOHW2RE,"정부는 국내 은행의 선물환 보유액 한도를 자기자본 대비 50%에서 75%로, 외국 은행 지점은 250%에서 375%로 완화하기로 했다.","선물환은 약정한 환율에 달러를 사거나 파는 것을 말하는데, 은행에 대한 선물환 규제를 풀면 조선사 등 수출 기업이 받을 수출 대금이 은행을 통해 외환시장에 미리 풀리는 효과를 줘서 달러 공급이 늘어나게 된다.",우선 시장의 달러 공급을 늘리기 위해 은행의 선물환 규제를 풀기로 했다.,False,"정부의 선물환 보유액 한도 완화에 관한 내용이지만, 이는 수치나 비율 등의 통계적 변화를 주장하는 것이 아니라 정책 변경 사항이므로 해당되지 않습니다.",high,hcx,HCX-007,isclaim-v1.3-prev2-context,2026-07-30
A0030-C010,A0030,은행 선물환 규제 풀어 시장에 달러 공급,2025-01-03,https://www.chosun.com/economy/economy_general/2025/01/03/7FSYM4YTJJEFBNUC6B4JOHW2RE,또 외환시장에서 달러 수요를 줄이기 위해 한국은행과 국민연금의 외환 스와프(교환) 한도를 늘린다.,"정부는 국내 은행의 선물환 보유액 한도를 자기자본 대비 50%에서 75%로, 외국 은행 지점은 250%에서 375%로 완화하기로 했다.","선물환은 약정한 환율에 달러를 사거나 파는 것을 말하는데, 은행에 대한 선물환 규제를 풀면 조선사 등 수출 기업이 받을 수출 대금이 은행을 통해 외환시장에 미리 풀리는 효과를 줘서 달러 공급이 늘어나게 된다.",False,"현재 문장은 외환시장에서의 정책 변경에 관한 내용이지만, 구체적인 수치나 통계적인 변화를 주장하지 않는다.",high,hcx,HCX-007,isclaim-v1.3-prev2-context,2026-07-30
A0030-C011,A0030,은행 선물환 규제 풀어 시장에 달러 공급,2025-01-03,https://www.chosun.com/economy/economy_general/2025/01/03/7FSYM4YTJJEFBNUC6B4JOHW2RE,이미 지난달 20일 이 한도를 500억달러에서 650억달러로 확대했다.,또 외환시장에서 달러 수요를 줄이기 위해 한국은행과 국민연금의 외환 스와프(교환) 한도를 늘린다.,"정부는 국내 은행의 선물환 보유액 한도를 자기자본 대비 50%에서 75%로, 외국 은행 지점은 250%에서 375%로 완화하기로 했다.",False,"현재 문장은 한국은행과 국민연금의 외환 스와프 한도 확대에 대한 내용이지만, 이는 특정한 개인이나 기업의 정보가 아니며, 일반적인 금융 정책 변경 사항이므로 KOSIS에서 검증 가능한 국내 집계 통계와는 관련이 없습니다.",high,hcx,HCX-007,isclaim-v1.3-prev2-context,2026-07-30
A0030-C012,A0030,은행 선물환 규제 풀어 시장에 달러 공급,2025-01-03,https://www.chosun.com/economy/economy_general/2025/01/03/7FSYM4YTJJEFBNUC6B4JOHW2RE,"국민연금은 해외투자를 위해 시장에서 달러를 사야 하는데, 이를 외환보유액을 갖고 있는 한국은행과 스와프 형식으로 직거래하면 외환시장에서 달러 수요는 줄게 된다.",이미 지난달 20일 이 한도를 500억달러에서 650억달러로 확대했다.,또 외환시장에서 달러 수요를 줄이기 위해 한국은행과 국민연금의 외환 스와프(교환) 한도를 늘린다.,False,"현재 문장은 국민연금과 한국은행 간의 외환 스와프 거래 방식에 대한 설명을 하고 있으며, 이는 특정한 수치나 통계적 변화를 주장하는 것이 아닙니다.",high,hcx,HCX-007,isclaim-v1.3-prev2-context,2026-07-30
A0030-C013,A0030,은행 선물환 규제 풀어 시장에 달러 공급,2025-01-03,https://www.chosun.com/economy/economy_general/2025/01/03/7FSYM4YTJJEFBNUC6B4JOHW2RE,한편 이달 20일 도널드 트럼프 미국 대통령이 취임하면 관세 추가 부과 등으로 통상 관련 불확실성이 커져 원화 환율이 더 오를 수 있다.,"국민연금은 해외투자를 위해 시장에서 달러를 사야 하는데, 이를 외환보유액을 갖고 있는 한국은행과 스와프 형식으로 직거래하면 외환시장에서 달러 수요는 줄게 된다.",이미 지난달 20일 이 한도를 500억달러에서 650억달러로 확대했다.,False,"현재 문장은 도널드 트럼프 대통령의 취임 후 통상 관련 불확실성으로 인해 원화 환율이 상승할 가능성을 언급하지만, 이는 단순한 예측 및 평가로서 구체적인 수치나 통계적 변화를 주장하지 않습니다.",high,hcx,HCX-007,isclaim-v1.3-prev2-context,2026-07-30
A0030-C014,A0030,은행 선물환 규제 풀어 시장에 달러 공급,2025-01-03,https://www.chosun.com/economy/economy_general/2025/01/03/7FSYM4YTJJEFBNUC6B4JOHW2RE,이에 정부는 수출 기업에 역대 최대 규모인 360조원의 무역금융을 공급해 대응한다는 방침이다.,한편 이달 20일 도널드 트럼프 미국 대통령이 취임하면 관세 추가 부과 등으로 통상 관련 불확실성이 커져 원화 환율이 더 오를 수 있다.,"국민연금은 해외투자를 위해 시장에서 달러를 사야 하는데, 이를 외환보유액을 갖고 있는 한국은행과 스와프 형식으로 직거래하면 외환시장에서 달러 수요는 줄게 된다.",True,현재 문장은 정부가 수출 기업에 역대 최대 규모의 무역금융을 공급한다고 언급하며 이는 경제 및 금융 정책과 관련된 수치적인 정보를 포함하고 있습니다.,high,hcx,HCX-007,isclaim-v1.3-prev2-context,2026-07-30
A0030-C015,A0030,은행 선물환 규제 풀어 시장에 달러 공급,2025-01-03,https://www.chosun.com/economy/economy_general/2025/01/03/7FSYM4YTJJEFBNUC6B4JOHW2RE,"기업들은 대출금리 연 최대 1.2%포인트 인하, 대출 한도 10% 확대 등 혜택을 받을 수 있다.",이에 정부는 수출 기업에 역대 최대 규모인 360조원의 무역금융을 공급해 대응한다는 방침이다.,한편 이달 20일 도널드 트럼프 미국 대통령이 취임하면 관세 추가 부과 등으로 통상 관련 불확실성이 커져 원화 환율이 더 오를 수 있다.,False,"대출금리 인하 및 대출 한도 확대에 대한 내용은 특정 정책의 혜택을 설명하는 것으로, 이는 단순한 정보 제공이지 수치나 비율 등의 통계적 변화를 주장하는 것이 아닙니다.",high,hcx,HCX-007,isclaim-v1.3-prev2-context,2026-07-30
A0031-C001,A0031,"추락하는 성장률, 내수 살려 떠받친다",2025-01-03,https://www.chosun.com/economy/economy_general/2025/01/03/FS5OTJUQ7RC5JIPD2GEHE7U47Q,"미국 트럼프 정부 출범과 내수 부진 장기화, 탄핵 정국 등 겹겹의 불확실성에 노출된 한국 경제가 올해 1.8% 성장할 것으로 정부가 공식 전망했다.",,,True,"문장에서 '한국 경제가 올해 1.8% 성장할 것으로 정부가 공식 전망했다.'라는 내용은 한국의 경제 성장률 예측에 대한 정보로서, 이는 국가 경제 관련 통계이므로 KOSIS를 통해 검증 가능하다.",high,hcx,HCX-007,isclaim-v1.3-prev2-context,2026-07-30
A0031-C002,A0031,"추락하는 성장률, 내수 살려 떠받친다",2025-01-03,https://www.chosun.com/economy/economy_general/2025/01/03/FS5OTJUQ7RC5JIPD2GEHE7U47Q,"약 2%로 추정되는 잠재 성장률(물가를 자극하지 않으면서 달성할 수 있는 성장률)을 밑도는 저(低)성장으로, 작년 7월 발표했던 올해 전망치(2.2%)보다 0.4%포인트 낮다.","미국 트럼프 정부 출범과 내수 부진 장기화, 탄핵 정국 등 겹겹의 불확실성에 노출된 한국 경제가 올해 1.8% 성장할 것으로 정부가 공식 전망했다.",,True,"현재 문장은 한국의 잠재 성장률 및 올해 성장률 전망치에 대한 정보를 포함하며, 이는 국가 경제 관련 통계로서 KOSIS에서 대조 가능한 내용이다.",high,hcx,HCX-007,isclaim-v1.3-prev2-context,2026-07-30
A0031-C003,A0031,"추락하는 성장률, 내수 살려 떠받친다",2025-01-03,https://www.chosun.com/economy/economy_general/2025/01/03/FS5OTJUQ7RC5JIPD2GEHE7U47Q,정부는 정치적 혼란 때문에 ‘저성장 쇼크’가 더 악화되지 않도록 경제정책의 초점을 ‘상반기 경기 방어’에 맞추기로 했다.,"약 2%로 추정되는 잠재 성장률(물가를 자극하지 않으면서 달성할 수 있는 성장률)을 밑도는 저(低)성장으로, 작년 7월 발표했던 올해 전망치(2.2%)보다 0.4%포인트 낮다.","미국 트럼프 정부 출범과 내수 부진 장기화, 탄핵 정국 등 겹겹의 불확실성에 노출된 한국 경제가 올해 1.8% 성장할 것으로 정부가 공식 전망했다.",False,"현재 문장은 정부의 경제정책 초점에 대한 설명으로, 특정한 수치나 통계적 변화를 주장하지 않습니다.",high,hcx,HCX-007,isclaim-v1.3-prev2-context,2026-07-30
A0031-C004,A0031,"추락하는 성장률, 내수 살려 떠받친다",2025-01-03,https://www.chosun.com/economy/economy_general/2025/01/03/FS5OTJUQ7RC5JIPD2GEHE7U47Q,"신차(新車) 구매 시 개별소비세 인하(세율 5%→3.5%)를 1년 반 만에 부활해 상반기에 한시 적용하고, 85조원 규모의 새해 민생·경기 사업 예산 중 40%(34조원) 이상을 1분기(1~3월) 안으로 집행하는 등 ‘급한 불’을 끄겠다는 것이다.",정부는 정치적 혼란 때문에 ‘저성장 쇼크’가 더 악화되지 않도록 경제정책의 초점을 ‘상반기 경기 방어’에 맞추기로 했다.,"약 2%로 추정되는 잠재 성장률(물가를 자극하지 않으면서 달성할 수 있는 성장률)을 밑도는 저(低)성장으로, 작년 7월 발표했던 올해 전망치(2.2%)보다 0.4%포인트 낮다.",False,"현재 문장은 정부의 정책 변화에 대한 내용으로, 특정한 수치나 통계적인 변화를 주장하는 것이 아닙니다.",high,hcx,HCX-007,isclaim-v1.3-prev2-context,2026-07-30
A0031-C005,A0031,"추락하는 성장률, 내수 살려 떠받친다",2025-01-03,https://www.chosun.com/economy/economy_general/2025/01/03/FS5OTJUQ7RC5JIPD2GEHE7U47Q,또 상반기에 소비를 늘린 금액에 대해 20%를 소득공제해주기로 했다.,"신차(新車) 구매 시 개별소비세 인하(세율 5%→3.5%)를 1년 반 만에 부활해 상반기에 한시 적용하고, 85조원 규모의 새해 민생·경기 사업 예산 중 40%(34조원) 이상을 1분기(1~3월) 안으로 집행하는 등 ‘급한 불’을 끄겠다는 것이다.",정부는 정치적 혼란 때문에 ‘저성장 쇼크’가 더 악화되지 않도록 경제정책의 초점을 ‘상반기 경기 방어’에 맞추기로 했다.,False,"현재 문장은 정부의 정책 발표 내용으로, 특정한 수치나 통계적 변화를 주장하는 것이 아니라 정책에 대한 설명을 담고 있습니다.",high,hcx,HCX-007,isclaim-v1.3-prev2-context,2026-07-30
A0031-C006,A0031,"추락하는 성장률, 내수 살려 떠받친다",2025-01-03,https://www.chosun.com/economy/economy_general/2025/01/03/FS5OTJUQ7RC5JIPD2GEHE7U47Q,최상목 대통령 권한대행 부총리 겸 기획재정부 장관은 2일 경제관계장관회의를 열고 이 같은 내용의 ‘2025년 경제정책방향’을 발표했다.,또 상반기에 소비를 늘린 금액에 대해 20%를 소득공제해주기로 했다.,"신차(新車) 구매 시 개별소비세 인하(세율 5%→3.5%)를 1년 반 만에 부활해 상반기에 한시 적용하고, 85조원 규모의 새해 민생·경기 사업 예산 중 40%(34조원) 이상을 1분기(1~3월) 안으로 집행하는 등 ‘급한 불’을 끄겠다는 것이다.",False,"현재 문장은 단순히 정부의 발표 내용을 전달하며, 수치나 통계적인 변화를 주장하지 않습니다.",high,hcx,HCX-007,isclaim-v1.3-prev2-context,2026-07-30
A0031-C007,A0031,"추락하는 성장률, 내수 살려 떠받친다",2025-01-03,https://www.chosun.com/economy/economy_general/2025/01/03/FS5OTJUQ7RC5JIPD2GEHE7U47Q,"정부는 ‘대내외 불확실성 확대’를 올해 경제 여건으로 규정하고, 민생경제회복과 대외신인도 관리, 통상 환경 불확실성 대응, 산업 경쟁력 강화 등 4대 방향을 중심으로 경제정책을 추진하기로 했다.",최상목 대통령 권한대행 부총리 겸 기획재정부 장관은 2일 경제관계장관회의를 열고 이 같은 내용의 ‘2025년 경제정책방향’을 발표했다.,또 상반기에 소비를 늘린 금액에 대해 20%를 소득공제해주기로 했다.,False,"현재 문장은 정부의 경제정책 방향에 대한 일반적인 설명을 포함하고 있으며, 구체적인 수치나 통계적 변화를 주장하지 않습니다.",high,hcx,HCX-007,isclaim-v1.3-prev2-context,2026-07-30
A0031-C008,A0031,"추락하는 성장률, 내수 살려 떠받친다",2025-01-03,https://www.chosun.com/economy/economy_general/2025/01/03/FS5OTJUQ7RC5JIPD2GEHE7U47Q,반도체 등 주력 수출 업종의 경쟁 심화와 이달 20일 출범하는 트럼프 정부의 관세 장벽 강화 등으로 수출 증가율은 작년 8.2%에서 올해 1.5%로 쪼그라들 것으로 봤다.,"정부는 ‘대내외 불확실성 확대’를 올해 경제 여건으로 규정하고, 민생경제회복과 대외신인도 관리, 통상 환경 불확실성 대응, 산업 경쟁력 강화 등 4대 방향을 중심으로 경제정책을 추진하기로 했다.",최상목 대통령 권한대행 부총리 겸 기획재정부 장관은 2일 경제관계장관회의를 열고 이 같은 내용의 ‘2025년 경제정책방향’을 발표했다.,True,"반도체 등 주력 수출 업종의 경쟁 심화와 트럼프 정부의 관세 장벽 강화로 인해 수출 증가율이 작년 8.2%에서 올해 1.5%로 감소할 것이라는 내용을 포함하고 있으며, 이는 국가통계포털(KOSIS)에서 수출 관련 통계를 통해 검증할 수 있는 내용이다.",high,hcx,HCX-007,isclaim-v1.3-prev2-context,2026-07-30
A0031-C009,A0031,"추락하는 성장률, 내수 살려 떠받친다",2025-01-03,https://www.chosun.com/economy/economy_general/2025/01/03/FS5OTJUQ7RC5JIPD2GEHE7U47Q,"최 권한대행은 “경제 여건 전반을 1분기 중 재점검하고, 필요시 추가 경기 보강 방안을 강구하겠다”며 추가경정예산 편성 가능성을 시사했다.",반도체 등 주력 수출 업종의 경쟁 심화와 이달 20일 출범하는 트럼프 정부의 관세 장벽 강화 등으로 수출 증가율은 작년 8.2%에서 올해 1.5%로 쪼그라들 것으로 봤다.,"정부는 ‘대내외 불확실성 확대’를 올해 경제 여건으로 규정하고, 민생경제회복과 대외신인도 관리, 통상 환경 불확실성 대응, 산업 경쟁력 강화 등 4대 방향을 중심으로 경제정책을 추진하기로 했다.",False,"현재 문장은 경제 여건을 점검하고 추가 경기 보강 방안 및 추경 가능성 언급에 대한 내용으로, 구체적인 수치나 통계적 변화를 주장하지 않는다.",high,hcx,HCX-007,isclaim-v1.3-prev2-context,2026-07-30
A0031-C010,A0031,"추락하는 성장률, 내수 살려 떠받친다",2025-01-03,https://www.chosun.com/economy/economy_general/2025/01/03/FS5OTJUQ7RC5JIPD2GEHE7U47Q,"기재부 고위 관계자는 “각종 민생 대책에도 경기가 살아나지 않을 경우 여야정 협의체 논의를 거쳐 2분기 내 추경 편성을 검토할 수 있다는 의미”라며 “여야 정치권의 유불리를 따지기보다 경기 회복에 방점을 둘 것”이라고 했다. ◇숙박 쿠폰 100만장 배포… 카드 더 쓰면 20% 추가 공제 정부가 잠재 성장률(약 2%)보다 낮은 새해 성장률 전망치(1.8%)를 공식화하면서 경기가 일시적으로 나쁜 것이 아니라 경제의 기초 체력(펀더멘털) 약화로 저성장이 장기화하는 것 아니냐는 우려가 나온다. 정부는 올해 소비자 물가 상승률도 한국은행의 물가 안정 목표치(2%)보다 낮은 1.8%로 전망해, 6개월 전 전망치(2.1%)보다 0.3%포인트 낮춰 잡았다. 정부 전망대로 1%대 성장률과 물가 상승률이 현실화활 경우 코로나 대유행이 시작된 2020년 이후 5년 만에 처음으로 두 지표가 2%를 밑돌게 된다. ◇ “급한 불부터 끄자” 정부는 이날 발표한 새해 경제정책방향에 각종 내수 진작책을 앞세워 급한 불을 끄는 데 방점을 뒀다. 신차 개소세는 1월 3일 출고분부터 서둘러 앞당기기로 했다. 작년 10월에 차량 구매 계약을 했어도 출고 시점이 1월 3일 이후라면 개소세 혜택을 볼 수 있는 것이다. 정부의 개별소비세 인하는 지난 2018년 7월~2023년 6월 이후 1년 반 만이다. 4000만원짜리 신차를 구입한 경우 원래 개소세는 18%의 기본공제를 제외한 3280만원에 5%를 곱한 164만원이다. 그런데 3.5% 세율을 적용하면 이것이 115만원으로 49만원 줄어든다. 개별소비세액과 연동된 교육세·부가세 등을 포함하면, 줄어드는 세금의 총액은 70만원으로 늘어난다는 것이 기재부 설명이다. 정부는 또 올 한 해 민생·경기 사업의 40%를 1분기 안으로 집행하겠다고 밝히며, 정부 재정이 시장에 서둘러 풀리는 방안을 마련했다고 했다. 가령 노인 일자리 사업은 작년에는 2월부터 급여가 지급되기 시작했는데, 올해는 1월부터 급여가 지급되도록 했다. 전기차·수소차 구매 보조금 지급도 작년 2월 넷째 주부터 시행하던 것에서 올해는 1월 셋째 주로 앞당기기로 했다. 올 상반기에 구매한 전기차에 대해선 정부 보조금도 늘어난다. 기존엔 전기차 업체가 자체 할인해주는 금액의 20%를 정부가 추가 할인해줬는데, 이 추가 할인율을 최대 40%까지로 높인 것이다. ◇민생 입법 재추진 작년에 추진하려다 연말 국회 파행으로 무산된 민생 입법도 다시 추진한다. 먼저 조세특례제한법(조특법)을 고쳐 올 상반기 추가 소비분(전년 대비 5% 이상)에 대해 20%를 소득공제해주는 방안을 추진하기로 했다. 작년에는 추가 소비분의 10%만 공제했는데, 올해는 두 배로 늘리겠다는 것이다. 직전 3년보다 더 많은 금액을 투자한 중소·중견기업에 대해 세금을 더 깎아주는 임시투자세액공제 기한을 작년 말에서 올해 말로 1년 연장하는 조특법 개정도 추진된다. 다만 대기업은 2년 전과 달리 실적이 개선됐다는 이유로 임시투자세액공제를 연장할 계획이 없다고 기재부는 밝혔다. 정부는 이외에도 수도권 이외 지역의 숙박 시설에 묵는 관광객들의 숙박비에서 최대 3만원을 할인해주는 할인 쿠폰을 1년간 100만장 배포할 예정이다. 설 연휴에는 전통시장과 골목형 상점가에서 활용할 수 있는 온누리상품권 할인율도 10%에서 15%(모바일·카드형 기준)로 높인다. 아내는 서울 대기업, 남편은 경남 공장에서 근무하는 방식의 주말부부가 월세 세액공제를 각각 받을 수 있도록 하는 방안을 올해 세법 개정안에 반영하기로 했다.. 정부 발표와 별도로 서울시는 이날 서울 전 지역에서 쓸 수 있는 지역 화폐인 ‘서울사랑상품권’ 750억원어치를 오는 8일 발행한다고 밝혔다. 올해 발행하기로 한 1500억원어치 중 절반을 연초에 집중 발행하는 것이다. 서울시가 이 상품권을 연초에 조기 발행하는 건 이번이 처음이다. ◇”반년도 못 갈 경제정책 방향” 다","최 권한대행은 “경제 여건 전반을 1분기 중 재점검하고, 필요시 추가 경기 보강 방안을 강구하겠다”며 추가경정예산 편성 가능성을 시사했다.",반도체 등 주력 수출 업종의 경쟁 심화와 이달 20일 출범하는 트럼프 정부의 관세 장벽 강화 등으로 수출 증가율은 작년 8.2%에서 올해 1.5%로 쪼그라들 것으로 봤다.,True,"현재 문장은 한국의 경제 성장률 및 물가 상승률 예측에 대한 내용을 담고 있으며, 이는 국가통계포털(KOSIS)에서 제공하는 통계 자료와 비교하여 검증할 수 있습니다.",high,hcx,HCX-007,isclaim-v1.3-prev2-context,2026-07-30
A0031-C011,A0031,"추락하는 성장률, 내수 살려 떠받친다",2025-01-03,https://www.chosun.com/economy/economy_general/2025/01/03/FS5OTJUQ7RC5JIPD2GEHE7U47Q,만 비상 계엄 파문에서 줄탄핵으로 이어진 최근 정치 불안 상황에서 나온 새해 경제정책 방향은 경우에 따라 반년도 가지 못할 ‘임시 대책’이라는 지적이 나온다.,"기재부 고위 관계자는 “각종 민생 대책에도 경기가 살아나지 않을 경우 여야정 협의체 논의를 거쳐 2분기 내 추경 편성을 검토할 수 있다는 의미”라며 “여야 정치권의 유불리를 따지기보다 경기 회복에 방점을 둘 것”이라고 했다. ◇숙박 쿠폰 100만장 배포… 카드 더 쓰면 20% 추가 공제 정부가 잠재 성장률(약 2%)보다 낮은 새해 성장률 전망치(1.8%)를 공식화하면서 경기가 일시적으로 나쁜 것이 아니라 경제의 기초 체력(펀더멘털) 약화로 저성장이 장기화하는 것 아니냐는 우려가 나온다. 정부는 올해 소비자 물가 상승률도 한국은행의 물가 안정 목표치(2%)보다 낮은 1.8%로 전망해, 6개월 전 전망치(2.1%)보다 0.3%포인트 낮춰 잡았다. 정부 전망대로 1%대 성장률과 물가 상승률이 현실화활 경우 코로나 대유행이 시작된 2020년 이후 5년 만에 처음으로 두 지표가 2%를 밑돌게 된다. ◇ “급한 불부터 끄자” 정부는 이날 발표한 새해 경제정책방향에 각종 내수 진작책을 앞세워 급한 불을 끄는 데 방점을 뒀다. 신차 개소세는 1월 3일 출고분부터 서둘러 앞당기기로 했다. 작년 10월에 차량 구매 계약을 했어도 출고 시점이 1월 3일 이후라면 개소세 혜택을 볼 수 있는 것이다. 정부의 개별소비세 인하는 지난 2018년 7월~2023년 6월 이후 1년 반 만이다. 4000만원짜리 신차를 구입한 경우 원래 개소세는 18%의 기본공제를 제외한 3280만원에 5%를 곱한 164만원이다. 그런데 3.5% 세율을 적용하면 이것이 115만원으로 49만원 줄어든다. 개별소비세액과 연동된 교육세·부가세 등을 포함하면, 줄어드는 세금의 총액은 70만원으로 늘어난다는 것이 기재부 설명이다. 정부는 또 올 한 해 민생·경기 사업의 40%를 1분기 안으로 집행하겠다고 밝히며, 정부 재정이 시장에 서둘러 풀리는 방안을 마련했다고 했다. 가령 노인 일자리 사업은 작년에는 2월부터 급여가 지급되기 시작했는데, 올해는 1월부터 급여가 지급되도록 했다. 전기차·수소차 구매 보조금 지급도 작년 2월 넷째 주부터 시행하던 것에서 올해는 1월 셋째 주로 앞당기기로 했다. 올 상반기에 구매한 전기차에 대해선 정부 보조금도 늘어난다. 기존엔 전기차 업체가 자체 할인해주는 금액의 20%를 정부가 추가 할인해줬는데, 이 추가 할인율을 최대 40%까지로 높인 것이다. ◇민생 입법 재추진 작년에 추진하려다 연말 국회 파행으로 무산된 민생 입법도 다시 추진한다. 먼저 조세특례제한법(조특법)을 고쳐 올 상반기 추가 소비분(전년 대비 5% 이상)에 대해 20%를 소득공제해주는 방안을 추진하기로 했다. 작년에는 추가 소비분의 10%만 공제했는데, 올해는 두 배로 늘리겠다는 것이다. 직전 3년보다 더 많은 금액을 투자한 중소·중견기업에 대해 세금을 더 깎아주는 임시투자세액공제 기한을 작년 말에서 올해 말로 1년 연장하는 조특법 개정도 추진된다. 다만 대기업은 2년 전과 달리 실적이 개선됐다는 이유로 임시투자세액공제를 연장할 계획이 없다고 기재부는 밝혔다. 정부는 이외에도 수도권 이외 지역의 숙박 시설에 묵는 관광객들의 숙박비에서 최대 3만원을 할인해주는 할인 쿠폰을 1년간 100만장 배포할 예정이다. 설 연휴에는 전통시장과 골목형 상점가에서 활용할 수 있는 온누리상품권 할인율도 10%에서 15%(모바일·카드형 기준)로 높인다. 아내는 서울 대기업, 남편은 경남 공장에서 근무하는 방식의 주말부부가 월세 세액공제를 각각 받을 수 있도록 하는 방안을 올해 세법 개정안에 반영하기로 했다.. 정부 발표와 별도로 서울시는 이날 서울 전 지역에서 쓸 수 있는 지역 화폐인 ‘서울사랑상품권’ 750억원어치를 오는 8일 발행한다고 밝혔다. 올해 발행하기로 한 1500억원어치 중 절반을 연초에 집중 발행하는 것이다. 서울시가 이 상품권을 연초에 조기 발행하는 건 이번이 처음이다. ◇”반년도 못 갈 경제정책 방향” 다","최 권한대행은 “경제 여건 전반을 1분기 중 재점검하고, 필요시 추가 경기 보강 방안을 강구하겠다”며 추가경정예산 편성 가능성을 시사했다.",False,"정치 불안 상황에 대한 언급이지만, 이는 수치나 통계적인 변화와 관련이 없습니다.",high,hcx,HCX-007,isclaim-v1.3-prev2-context,2026-07-30
A0031-C012,A0031,"추락하는 성장률, 내수 살려 떠받친다",2025-01-03,https://www.chosun.com/economy/economy_general/2025/01/03/FS5OTJUQ7RC5JIPD2GEHE7U47Q,윤석열 대통령과 한덕수 국무총리가 탄핵소추된 상황에서 ‘권한대행의 권한대행’ 체제인 정부가 혁신적이고 과감한 경제정책을 새롭게 추진하기는 어렵기 때문이다.,만 비상 계엄 파문에서 줄탄핵으로 이어진 최근 정치 불안 상황에서 나온 새해 경제정책 방향은 경우에 따라 반년도 가지 못할 ‘임시 대책’이라는 지적이 나온다.,"기재부 고위 관계자는 “각종 민생 대책에도 경기가 살아나지 않을 경우 여야정 협의체 논의를 거쳐 2분기 내 추경 편성을 검토할 수 있다는 의미”라며 “여야 정치권의 유불리를 따지기보다 경기 회복에 방점을 둘 것”이라고 했다. ◇숙박 쿠폰 100만장 배포… 카드 더 쓰면 20% 추가 공제 정부가 잠재 성장률(약 2%)보다 낮은 새해 성장률 전망치(1.8%)를 공식화하면서 경기가 일시적으로 나쁜 것이 아니라 경제의 기초 체력(펀더멘털) 약화로 저성장이 장기화하는 것 아니냐는 우려가 나온다. 정부는 올해 소비자 물가 상승률도 한국은행의 물가 안정 목표치(2%)보다 낮은 1.8%로 전망해, 6개월 전 전망치(2.1%)보다 0.3%포인트 낮춰 잡았다. 정부 전망대로 1%대 성장률과 물가 상승률이 현실화활 경우 코로나 대유행이 시작된 2020년 이후 5년 만에 처음으로 두 지표가 2%를 밑돌게 된다. ◇ “급한 불부터 끄자” 정부는 이날 발표한 새해 경제정책방향에 각종 내수 진작책을 앞세워 급한 불을 끄는 데 방점을 뒀다. 신차 개소세는 1월 3일 출고분부터 서둘러 앞당기기로 했다. 작년 10월에 차량 구매 계약을 했어도 출고 시점이 1월 3일 이후라면 개소세 혜택을 볼 수 있는 것이다. 정부의 개별소비세 인하는 지난 2018년 7월~2023년 6월 이후 1년 반 만이다. 4000만원짜리 신차를 구입한 경우 원래 개소세는 18%의 기본공제를 제외한 3280만원에 5%를 곱한 164만원이다. 그런데 3.5% 세율을 적용하면 이것이 115만원으로 49만원 줄어든다. 개별소비세액과 연동된 교육세·부가세 등을 포함하면, 줄어드는 세금의 총액은 70만원으로 늘어난다는 것이 기재부 설명이다. 정부는 또 올 한 해 민생·경기 사업의 40%를 1분기 안으로 집행하겠다고 밝히며, 정부 재정이 시장에 서둘러 풀리는 방안을 마련했다고 했다. 가령 노인 일자리 사업은 작년에는 2월부터 급여가 지급되기 시작했는데, 올해는 1월부터 급여가 지급되도록 했다. 전기차·수소차 구매 보조금 지급도 작년 2월 넷째 주부터 시행하던 것에서 올해는 1월 셋째 주로 앞당기기로 했다. 올 상반기에 구매한 전기차에 대해선 정부 보조금도 늘어난다. 기존엔 전기차 업체가 자체 할인해주는 금액의 20%를 정부가 추가 할인해줬는데, 이 추가 할인율을 최대 40%까지로 높인 것이다. ◇민생 입법 재추진 작년에 추진하려다 연말 국회 파행으로 무산된 민생 입법도 다시 추진한다. 먼저 조세특례제한법(조특법)을 고쳐 올 상반기 추가 소비분(전년 대비 5% 이상)에 대해 20%를 소득공제해주는 방안을 추진하기로 했다. 작년에는 추가 소비분의 10%만 공제했는데, 올해는 두 배로 늘리겠다는 것이다. 직전 3년보다 더 많은 금액을 투자한 중소·중견기업에 대해 세금을 더 깎아주는 임시투자세액공제 기한을 작년 말에서 올해 말로 1년 연장하는 조특법 개정도 추진된다. 다만 대기업은 2년 전과 달리 실적이 개선됐다는 이유로 임시투자세액공제를 연장할 계획이 없다고 기재부는 밝혔다. 정부는 이외에도 수도권 이외 지역의 숙박 시설에 묵는 관광객들의 숙박비에서 최대 3만원을 할인해주는 할인 쿠폰을 1년간 100만장 배포할 예정이다. 설 연휴에는 전통시장과 골목형 상점가에서 활용할 수 있는 온누리상품권 할인율도 10%에서 15%(모바일·카드형 기준)로 높인다. 아내는 서울 대기업, 남편은 경남 공장에서 근무하는 방식의 주말부부가 월세 세액공제를 각각 받을 수 있도록 하는 방안을 올해 세법 개정안에 반영하기로 했다.. 정부 발표와 별도로 서울시는 이날 서울 전 지역에서 쓸 수 있는 지역 화폐인 ‘서울사랑상품권’ 750억원어치를 오는 8일 발행한다고 밝혔다. 올해 발행하기로 한 1500억원어치 중 절반을 연초에 집중 발행하는 것이다. 서울시가 이 상품권을 연초에 조기 발행하는 건 이번이 처음이다. ◇”반년도 못 갈 경제정책 방향” 다",False,"현재 문장은 혁신적이고 과감한 경제정책의 추진 여부에 대한 정치적 상황을 설명하고 있으며, 이는 수치나 통계적인 변화를 주장하는 내용이 아닙니다.",high,hcx,HCX-007,isclaim-v1.3-prev2-context,2026-07-30
A0031-C013,A0031,"추락하는 성장률, 내수 살려 떠받친다",2025-01-03,https://www.chosun.com/economy/economy_general/2025/01/03/FS5OTJUQ7RC5JIPD2GEHE7U47Q,우석진 명지대 경제학과 교수는 “정치 상황이 어떻게 마무리될지 알 수 없는 상태에서 급한 불을 끄는 데 집중한 정책 방향으로 6개월도 못 가 폐기될 가능성이 있다”며 “국민 수요를 상세히 파악한 후 여야정 협의체를 통해 보강해야 하는 작업이 불가피하다”고 했다.,윤석열 대통령과 한덕수 국무총리가 탄핵소추된 상황에서 ‘권한대행의 권한대행’ 체제인 정부가 혁신적이고 과감한 경제정책을 새롭게 추진하기는 어렵기 때문이다.,만 비상 계엄 파문에서 줄탄핵으로 이어진 최근 정치 불안 상황에서 나온 새해 경제정책 방향은 경우에 따라 반년도 가지 못할 ‘임시 대책’이라는 지적이 나온다.,False,"현재 문장은 정치적 상황에 대한 분석 및 의견을 제시하며, 구체적인 수치나 통계적 변화를 언급하지 않는다.",high,hcx,HCX-007,isclaim-v1.3-prev2-context,2026-07-30
A0032-C001,A0032,수의직 7급→6급 높여도… “공무원 안 하죠”,2025-01-03,https://www.chosun.com/economy/economy_general/2025/01/03/TAEI2K7JCBBI5FCC7FT5WEJMRE,전남도는 지난해 ‘6급’ 수의직을 6명 뽑겠다고 발표했다.,,,False,"현재 문장은 전남도가 수의직 공무원을 몇 명 뽑겠다는 발표 내용으로, 이는 단순한 채용 계획이므로 KOSIS를 통해 검증 가능한 수치나 통계적 변화와 관련이 없습니다.",high,hcx,HCX-007,isclaim-v1.3-prev2-context,2026-07-30
A0032-C002,A0032,수의직 7급→6급 높여도… “공무원 안 하죠”,2025-01-03,https://www.chosun.com/economy/economy_general/2025/01/03/TAEI2K7JCBBI5FCC7FT5WEJMRE,기존엔 7급으로 선발하던 자리다.,전남도는 지난해 ‘6급’ 수의직을 6명 뽑겠다고 발표했다.,,False,기존에는 7급으로 선발하던 자리를 이제 6급으로 변경한다는 내용은 단순한 정보 전달이므로 KOSIS 통계와 관련이 없습니다.,high,hcx,HCX-007,isclaim-v1.3-prev2-context,2026-07-30
A0032-C003,A0032,수의직 7급→6급 높여도… “공무원 안 하죠”,2025-01-03,https://www.chosun.com/economy/economy_general/2025/01/03/TAEI2K7JCBBI5FCC7FT5WEJMRE,수의직 7급으로 들어와 6급이 되기까지 통상 10년씩 걸린다.,기존엔 7급으로 선발하던 자리다.,전남도는 지난해 ‘6급’ 수의직을 6명 뽑겠다고 발표했다.,False,"현재 문장은 수의직 공무원의 승진 소요 시간에 대한 정보로, 이는 특정한 통계나 수치적인 변화를 주장하는 것이 아닙니다.",high,hcx,HCX-007,isclaim-v1.3-prev2-context,2026-07-30
A0032-C004,A0032,수의직 7급→6급 높여도… “공무원 안 하죠”,2025-01-03,https://www.chosun.com/economy/economy_general/2025/01/03/TAEI2K7JCBBI5FCC7FT5WEJMRE,전남도가 6급으로 뽑는다는 건 승진 기한을 10년 줄여준 셈이다.,수의직 7급으로 들어와 6급이 되기까지 통상 10년씩 걸린다.,기존엔 7급으로 선발하던 자리다.,True,"문장에서 전남도의 채용 정책 변경으로 인해 승진 소요 기간이 단축되었다는 내용을 포함하고 있으며, 이는 KOSIS를 통해 고용 관련 통계를 확인하여 검증할 수 있을 것이다.",high,hcx,HCX-007,isclaim-v1.3-prev2-context,2026-07-30
A0032-C005,A0032,수의직 7급→6급 높여도… “공무원 안 하죠”,2025-01-03,https://www.chosun.com/economy/economy_general/2025/01/03/TAEI2K7JCBBI5FCC7FT5WEJMRE,그런데 최종 합격자 1명뿐이었다.,전남도가 6급으로 뽑는다는 건 승진 기한을 10년 줄여준 셈이다.,수의직 7급으로 들어와 6급이 되기까지 통상 10년씩 걸린다.,False,"현재 문장은 특정 시험의 최종 합격자에 대한 정보로, 이는 단순한 사건 정보이지 KOSIS에서 검증 가능한 통계적 주장이나 변화가 아닙니다.",high,hcx,HCX-007,isclaim-v1.3-prev2-context,2026-07-30
A0032-C006,A0032,수의직 7급→6급 높여도… “공무원 안 하죠”,2025-01-03,https://www.chosun.com/economy/economy_general/2025/01/03/TAEI2K7JCBBI5FCC7FT5WEJMRE,전남도 관계자는 “애초에 지원자가 합격한 한 명뿐이었다”고 했다.,그런데 최종 합격자 1명뿐이었다.,전남도가 6급으로 뽑는다는 건 승진 기한을 10년 줄여준 셈이다.,False,"현재 문장은 전남도의 채용 과정에 대한 단순한 설명으로, 수치나 통계적인 변화를 주장하지 않습니다.",high,hcx,HCX-007,isclaim-v1.3-prev2-context,2026-07-30
A0032-C007,A0032,수의직 7급→6급 높여도… “공무원 안 하죠”,2025-01-03,https://www.chosun.com/economy/economy_general/2025/01/03/TAEI2K7JCBBI5FCC7FT5WEJMRE,"2일 농림축산식품부 등에 따르면, 가축방역관으로 일할 수의직 공무원(수의사) 지원자와 선발 인원이 계속 줄어들고 있다.",전남도 관계자는 “애초에 지원자가 합격한 한 명뿐이었다”고 했다.,그런데 최종 합격자 1명뿐이었다.,True,"현재 문장은 수의직 공무원(수의사) 지원자와 선발 인원이 계속 줄어들고 있다는 내용을 담고 있으며, 이는 KOSIS를 통해 고용 관련 통계를 확인하여 검증할 수 있는 내용이다.",high,hcx,HCX-007,isclaim-v1.3-prev2-context,2026-07-30
A0032-C008,A0032,수의직 7급→6급 높여도… “공무원 안 하죠”,2025-01-03,https://www.chosun.com/economy/economy_general/2025/01/03/TAEI2K7JCBBI5FCC7FT5WEJMRE,"가축방역관은 축산 농가에서 키우는 소, 돼지, 닭들이 전염병에 걸리지 않도록 예방하고, 전염병이 발생하면 대응하는 업무를 맡는다.","2일 농림축산식품부 등에 따르면, 가축방역관으로 일할 수의직 공무원(수의사) 지원자와 선발 인원이 계속 줄어들고 있다.",전남도 관계자는 “애초에 지원자가 합격한 한 명뿐이었다”고 했다.,False,"현재 문장은 가축방역관의 역할 및 업무 내용을 설명하고 있으며, 이는 수치나 통계적인 변화를 주장하는 내용이 아닙니다.",high,hcx,HCX-007,isclaim-v1.3-prev2-context,2026-07-30
A0032-C009,A0032,수의직 7급→6급 높여도… “공무원 안 하죠”,2025-01-03,https://www.chosun.com/economy/economy_general/2025/01/03/TAEI2K7JCBBI5FCC7FT5WEJMRE,지난해 9월엔 전국 지자체 중 최초로 수의직을 6급으로 선발한 강원도도 총 18명을 뽑겠다고 했다가 15명만 충원하기도 했다.,"가축방역관은 축산 농가에서 키우는 소, 돼지, 닭들이 전염병에 걸리지 않도록 예방하고, 전염병이 발생하면 대응하는 업무를 맡는다.","2일 농림축산식품부 등에 따르면, 가축방역관으로 일할 수의직 공무원(수의사) 지원자와 선발 인원이 계속 줄어들고 있다.",False,"현재 문장은 강원도가 수의직을 몇 명 선발했는지에 대한 정보 제공이지만, 이는 특정한 통계나 비율 등의 수치적인 변화를 주장하는 것이 아니므로 KOSIS 통계로 검증 가능한 내용이 아닙니다.",high,hcx,HCX-007,isclaim-v1.3-prev2-context,2026-07-30
A0032-C010,A0032,수의직 7급→6급 높여도… “공무원 안 하죠”,2025-01-03,https://www.chosun.com/economy/economy_general/2025/01/03/TAEI2K7JCBBI5FCC7FT5WEJMRE,가축방역관으로 일할 수의사 지원자를 찾기 어렵자 수의직이 아닌 축산직이나 농업직이 업무를 대체하기도 한다.,지난해 9월엔 전국 지자체 중 최초로 수의직을 6급으로 선발한 강원도도 총 18명을 뽑겠다고 했다가 15명만 충원하기도 했다.,"가축방역관은 축산 농가에서 키우는 소, 돼지, 닭들이 전염병에 걸리지 않도록 예방하고, 전염병이 발생하면 대응하는 업무를 맡는다.",False,"현재 문장은 가축방역관 업무를 수행할 수 있는 지원자의 부족 상황에 대해 언급하며, 다른 직렬의 사람들이 그 역할을 대신한다는 내용을 담고 있습니다. 이는 특정한 수치나 통계적인 변화를 주장하는 것이 아니므로 KOSIS 통계로 검증하기 어려운 내용입니다.",high,hcx,HCX-007,isclaim-v1.3-prev2-context,2026-07-30
A0032-C011,A0032,수의직 7급→6급 높여도… “공무원 안 하죠”,2025-01-03,https://www.chosun.com/economy/economy_general/2025/01/03/TAEI2K7JCBBI5FCC7FT5WEJMRE,"지난해 9월 전국 가축방역관 정원은 1061명으로, 두 달 전 정원(1214명)보다 100명 넘게 줄어들었다.",가축방역관으로 일할 수의사 지원자를 찾기 어렵자 수의직이 아닌 축산직이나 농업직이 업무를 대체하기도 한다.,지난해 9월엔 전국 지자체 중 최초로 수의직을 6급으로 선발한 강원도도 총 18명을 뽑겠다고 했다가 15명만 충원하기도 했다.,True,"현재 문장은 지난해 9월에 전국 가축방역관의 정원이 두 달 전에 비해 얼마나 줄었는지를 말하고 있으며, 이는 KOSIS에서 관련 통계를 통해 검증할 수 있는 내용입니다.",high,hcx,HCX-007,isclaim-v1.3-prev2-context,2026-07-30
A0032-C012,A0032,수의직 7급→6급 높여도… “공무원 안 하죠”,2025-01-03,https://www.chosun.com/economy/economy_general/2025/01/03/TAEI2K7JCBBI5FCC7FT5WEJMRE,농식품부 관계자는 “지역에 가보면 축산직이 담당 팀장으로 있는 경우가 부지기수”라고 했다.,"지난해 9월 전국 가축방역관 정원은 1061명으로, 두 달 전 정원(1214명)보다 100명 넘게 줄어들었다.",가축방역관으로 일할 수의사 지원자를 찾기 어렵자 수의직이 아닌 축산직이나 농업직이 업무를 대체하기도 한다.,False,"현재 문장은 가축방역관의 역할 변화에 대한 상황을 설명하지만, 이는 수치나 통계적인 변화를 주장하는 것이 아니므로 KOSIS 통계로 검증할 수 없습니다.",high,hcx,HCX-007,isclaim-v1.3-prev2-context,2026-07-30
A0032-C013,A0032,수의직 7급→6급 높여도… “공무원 안 하죠”,2025-01-03,https://www.chosun.com/economy/economy_general/2025/01/03/TAEI2K7JCBBI5FCC7FT5WEJMRE,가축방역관으로 일할 젊은 수의사를 찾기 어려운 건 의료계에서 필수 의료를 지원하는 의사가 줄어드는 것과 비슷한 이유다.,농식품부 관계자는 “지역에 가보면 축산직이 담당 팀장으로 있는 경우가 부지기수”라고 했다.,"지난해 9월 전국 가축방역관 정원은 1061명으로, 두 달 전 정원(1214명)보다 100명 넘게 줄어들었다.",False,"현재 문장은 가축방역관으로 일할 젊은 수의사의 부족 현상에 대한 원인 설명을 하고 있으며, 이는 단순한 의견이나 평가로서 구체적인 수치나 통계적 변화를 주장하지 않습니다.",high,hcx,HCX-007,isclaim-v1.3-prev2-context,2026-07-30
A0032-C014,A0032,수의직 7급→6급 높여도… “공무원 안 하죠”,2025-01-03,https://www.chosun.com/economy/economy_general/2025/01/03/TAEI2K7JCBBI5FCC7FT5WEJMRE,당장 민간 동물병원에서 일하면 급여 등 대우가 더 좋은 경우가 많기 때문이다.,가축방역관으로 일할 젊은 수의사를 찾기 어려운 건 의료계에서 필수 의료를 지원하는 의사가 줄어드는 것과 비슷한 이유다.,농식품부 관계자는 “지역에 가보면 축산직이 담당 팀장으로 있는 경우가 부지기수”라고 했다.,False,"현재 문장은 민간 동물병원에서의 급여 및 대우에 대한 비교를 언급하지만, 이는 특정한 수치나 통계적인 변화를 주장하는 것이 아니므로 KOSIS 통계로 검증하기 어렵습니다.",high,hcx,HCX-007,isclaim-v1.3-prev2-context,2026-07-30
A0032-C015,A0032,수의직 7급→6급 높여도… “공무원 안 하죠”,2025-01-03,https://www.chosun.com/economy/economy_general/2025/01/03/TAEI2K7JCBBI5FCC7FT5WEJMRE,"가축방역관은 조류 인플루엔자(AI), 구제역, 아프리카돼지열병(ASF) 등 가축 전염병이 퍼지면 ‘24시간 대기 근무’가 일상이 될 정도로 격무에 시달린다.",당장 민간 동물병원에서 일하면 급여 등 대우가 더 좋은 경우가 많기 때문이다.,가축방역관으로 일할 젊은 수의사를 찾기 어려운 건 의료계에서 필수 의료를 지원하는 의사가 줄어드는 것과 비슷한 이유다.,False,"현재 문장은 가축방역관의 업무 강도에 대한 서술로서, 특정한 수치나 통계적 변화를 주장하지 않습니다.",high,hcx,HCX-007,isclaim-v1.3-prev2-context,2026-07-30
A0032-C016,A0032,수의직 7급→6급 높여도… “공무원 안 하죠”,2025-01-03,https://www.chosun.com/economy/economy_general/2025/01/03/TAEI2K7JCBBI5FCC7FT5WEJMRE,또 6급으로 채용돼도 승진이 빠듯하다는 것도 걸림돌이다.,"가축방역관은 조류 인플루엔자(AI), 구제역, 아프리카돼지열병(ASF) 등 가축 전염병이 퍼지면 ‘24시간 대기 근무’가 일상이 될 정도로 격무에 시달린다.",당장 민간 동물병원에서 일하면 급여 등 대우가 더 좋은 경우가 많기 때문이다.,False,"현재 문장은 공무원의 승진 문제에 대한 내용으로, 이는 KOSIS에서 다루는 통계적 정보나 수치적인 주장과는 관련이 없습니다.",high,hcx,HCX-007,isclaim-v1.3-prev2-context,2026-07-30
A0032-C017,A0032,수의직 7급→6급 높여도… “공무원 안 하죠”,2025-01-03,https://www.chosun.com/economy/economy_general/2025/01/03/TAEI2K7JCBBI5FCC7FT5WEJMRE,대한수의사회 관계자는 “전국 지자체 중 70%에서 수의직 공무원의 5급 정원이 없다”고 했다.,또 6급으로 채용돼도 승진이 빠듯하다는 것도 걸림돌이다.,"가축방역관은 조류 인플루엔자(AI), 구제역, 아프리카돼지열병(ASF) 등 가축 전염병이 퍼지면 ‘24시간 대기 근무’가 일상이 될 정도로 격무에 시달린다.",False,"현재 문장은 전국 지자체 중 70%에서 수의직 공무원의 5급 정원이 없다는 사실을 전달하고 있으며, 이는 특정한 통계나 수치적인 변화를 주장하는 것이 아닙니다.",high,hcx,HCX-007,isclaim-v1.3-prev2-context,2026-07-30
A0032-C018,A0032,수의직 7급→6급 높여도… “공무원 안 하죠”,2025-01-03,https://www.chosun.com/economy/economy_general/2025/01/03/TAEI2K7JCBBI5FCC7FT5WEJMRE,가축방역관 인력난을 해결하기 위해 민간 동물병원에서 일하는 수의사들 가운데 필요할 경우 가축 방역 업무도 맡을 수 있는 ‘공수의’를 늘리는 방안이 거론된다.,대한수의사회 관계자는 “전국 지자체 중 70%에서 수의직 공무원의 5급 정원이 없다”고 했다.,또 6급으로 채용돼도 승진이 빠듯하다는 것도 걸림돌이다.,False,"현재 문장은 가축방역관 인력난 해결을 위한 방안을 언급하고 있으며, 이는 특정한 수치나 통계적 변화를 주장하는 것이 아닙니다.",high,hcx,HCX-007,isclaim-v1.3-prev2-context,2026-07-30
A0032-C019,A0032,수의직 7급→6급 높여도… “공무원 안 하죠”,2025-01-03,https://www.chosun.com/economy/economy_general/2025/01/03/TAEI2K7JCBBI5FCC7FT5WEJMRE,하지만 공수의 지정 권한이 기초 지자체에만 있다 보니 동물병원 자체가 적은 지역에선 이것도 어려운 실정이다.,가축방역관 인력난을 해결하기 위해 민간 동물병원에서 일하는 수의사들 가운데 필요할 경우 가축 방역 업무도 맡을 수 있는 ‘공수의’를 늘리는 방안이 거론된다.,대한수의사회 관계자는 “전국 지자체 중 70%에서 수의직 공무원의 5급 정원이 없다”고 했다.,False,"현재 문장은 공수의 지정 권한 및 지역에 따른 어려움에 대해 설명하고 있으며, 이는 특정한 수치나 통계적 변화를 주장하는 내용이 아닙니다.",high,hcx,HCX-007,isclaim-v1.3-prev2-context,2026-07-30
A0032-C020,A0032,수의직 7급→6급 높여도… “공무원 안 하죠”,2025-01-03,https://www.chosun.com/economy/economy_general/2025/01/03/TAEI2K7JCBBI5FCC7FT5WEJMRE,"정부는 광역 지자체 단위에서 공수의를 지정할 수 있도록 법 개정에 나섰지만, 국회 논의가 제대로 되고 있지 않다고 한다.",하지만 공수의 지정 권한이 기초 지자체에만 있다 보니 동물병원 자체가 적은 지역에선 이것도 어려운 실정이다.,가축방역관 인력난을 해결하기 위해 민간 동물병원에서 일하는 수의사들 가운데 필요할 경우 가축 방역 업무도 맡을 수 있는 ‘공수의’를 늘리는 방안이 거론된다.,False,"현재 문장은 정부의 법 개정 노력 및 국회의 논의 상황에 대한 설명이므로, 수치나 통계적인 변화를 주장하는 내용이 아닙니다.",high,hcx,HCX-007,isclaim-v1.3-prev2-context,2026-07-30
A0032-C021,A0032,수의직 7급→6급 높여도… “공무원 안 하죠”,2025-01-03,https://www.chosun.com/economy/economy_general/2025/01/03/TAEI2K7JCBBI5FCC7FT5WEJMRE,가축방역관 수의직 6급 전남 강원 강우량 기자 2020년 조선일보에 입사해 사회부를 거쳐 경제부에서 일하고 있습니다.,"정부는 광역 지자체 단위에서 공수의를 지정할 수 있도록 법 개정에 나섰지만, 국회 논의가 제대로 되고 있지 않다고 한다.",하지만 공수의 지정 권한이 기초 지자체에만 있다 보니 동물병원 자체가 적은 지역에선 이것도 어려운 실정이다.,False,"현재 문장은 특정 인물의 경력과 관련된 정보로, 수치나 통계적인 변화를 주장하는 내용이 아닙니다.",high,hcx,HCX-007,isclaim-v1.3-prev2-context,2026-07-30
A0032-C022,A0032,수의직 7급→6급 높여도… “공무원 안 하죠”,2025-01-03,https://www.chosun.com/economy/economy_general/2025/01/03/TAEI2K7JCBBI5FCC7FT5WEJMRE,"금융 당국과 은행, 보험, 카드 등 금융권을 취재하고 있습니다.",가축방역관 수의직 6급 전남 강원 강우량 기자 2020년 조선일보에 입사해 사회부를 거쳐 경제부에서 일하고 있습니다.,"정부는 광역 지자체 단위에서 공수의를 지정할 수 있도록 법 개정에 나섰지만, 국회 논의가 제대로 되고 있지 않다고 한다.",False,"현재 문장은 단순한 직업 정보나 업무 내용을 기술하고 있으며, 수치나 통계적인 변화를 주장하지 않습니다.",high,hcx,HCX-007,isclaim-v1.3-prev2-context,2026-07-30
A0032-C023,A0032,수의직 7급→6급 높여도… “공무원 안 하죠”,2025-01-03,https://www.chosun.com/economy/economy_general/2025/01/03/TAEI2K7JCBBI5FCC7FT5WEJMRE,"사실을 직시하고, 진실에 귀 기울이겠습니다.","금융 당국과 은행, 보험, 카드 등 금융권을 취재하고 있습니다.",가축방역관 수의직 6급 전남 강원 강우량 기자 2020년 조선일보에 입사해 사회부를 거쳐 경제부에서 일하고 있습니다.,False,"현재 문장은 단순한 언론사의 보도 원칙을 나타내는 문장으로, 수치나 통계적인 변화를 주장하지 않습니다.",high,hcx,HCX-007,isclaim-v1.3-prev2-context,2026-07-30
A0032-C024,A0032,수의직 7급→6급 높여도… “공무원 안 하죠”,2025-01-03,https://www.chosun.com/economy/economy_general/2025/01/03/TAEI2K7JCBBI5FCC7FT5WEJMRE,구독수 259,"사실을 직시하고, 진실에 귀 기울이겠습니다.","금융 당국과 은행, 보험, 카드 등 금융권을 취재하고 있습니다.",False,"구독수는 특정 기사의 개별적인 수치로서, 국가통계포털(KOSIS)에서 해당 정보를 대조하거나 검증하기 어려운 단순한 개인화된 정보입니다.",high,hcx,HCX-007,isclaim-v1.3-prev2-context,2026-07-30
A0033-C001,A0033,“경제 고민 좀 하고 얘기하라”,2025-01-03,https://www.chosun.com/economy/economy_general/2025/01/03/XZJ5K5OIXJD3VHSLOMISZIQ2EA,이창용 한국은행 총재가 최상목 대통령 권한대행 부총리의 헌법재판관 임명을 비판하는 일부 국무위원과 정치권에 “고민 좀 하고 이야기했으면 좋겠다”고 강하게 비판했다.,,,False,"현재 문장은 이창용 한국은행 총재의 발언에 대한 내용으로, 수치나 통계적인 변화를 주장하는 내용이 아닙니다.",high,hcx,HCX-007,isclaim-v1.3-prev2-context,2026-07-30
A0033-C002,A0033,“경제 고민 좀 하고 얘기하라”,2025-01-03,https://www.chosun.com/economy/economy_general/2025/01/03/XZJ5K5OIXJD3VHSLOMISZIQ2EA,한은 총재가 정치 현안에 공개적으로 목소리를 내는 것은 이례적이다.,이창용 한국은행 총재가 최상목 대통령 권한대행 부총리의 헌법재판관 임명을 비판하는 일부 국무위원과 정치권에 “고민 좀 하고 이야기했으면 좋겠다”고 강하게 비판했다.,,False,"현재 문장은 한은 총재의 행동에 대한 평가나 의견을 제시하지만, 이는 수치나 통계적인 변화를 주장하는 것이 아니므로 KOSIS를 통해 검증할 필요가 없습니다.",high,hcx,HCX-007,isclaim-v1.3-prev2-context,2026-07-30
A0033-C003,A0033,“경제 고민 좀 하고 얘기하라”,2025-01-03,https://www.chosun.com/economy/economy_general/2025/01/03/XZJ5K5OIXJD3VHSLOMISZIQ2EA,최 권한대행 흔들기가 대외 신인도 하락으로 번질 수 있다는 우려를 담은 발언으로 해석된다.,한은 총재가 정치 현안에 공개적으로 목소리를 내는 것은 이례적이다.,이창용 한국은행 총재가 최상목 대통령 권한대행 부총리의 헌법재판관 임명을 비판하는 일부 국무위원과 정치권에 “고민 좀 하고 이야기했으면 좋겠다”고 강하게 비판했다.,False,현재 문장은 단순한 의견이나 해석이므로 수치나 통계적인 변화를 주장하지 않습니다.,high,hcx,HCX-007,isclaim-v1.3-prev2-context,2026-07-30
A0033-C004,A0033,“경제 고민 좀 하고 얘기하라”,2025-01-03,https://www.chosun.com/economy/economy_general/2025/01/03/XZJ5K5OIXJD3VHSLOMISZIQ2EA,이 총재는 2일 한은에서 열린 시무식에서 미리 배포된 신년사를 읽던 중 “한마디 안 할 수가 없다”며 “지금 최 대행에 대해 여러 비판이 있는 것은 알고 있다. 그러나 비판을 할 때는 그렇게 (헌법재판관을 임명)하지 않을 경우에 우리 경제가 어떻게 될 것인지에 대한 답도 같이 하시는 것이 좋겠다”며 원고에 없는 말을 했다.,최 권한대행 흔들기가 대외 신인도 하락으로 번질 수 있다는 우려를 담은 발언으로 해석된다.,한은 총재가 정치 현안에 공개적으로 목소리를 내는 것은 이례적이다.,False,"현재 문장은 한국은행 총재의 발언 내용 및 정치적 상황에 대한 의견을 담고 있으며, 이는 수치나 통계적인 변화를 주장하는 내용이 아닙니다.",high,hcx,HCX-007,isclaim-v1.3-prev2-context,2026-07-30
A0033-C005,A0033,“경제 고민 좀 하고 얘기하라”,2025-01-03,https://www.chosun.com/economy/economy_general/2025/01/03/XZJ5K5OIXJD3VHSLOMISZIQ2EA,이후 기자실을 찾은 이 총재는 최 권한대행에게 더 힘을 실었다.,이 총재는 2일 한은에서 열린 시무식에서 미리 배포된 신년사를 읽던 중 “한마디 안 할 수가 없다”며 “지금 최 대행에 대해 여러 비판이 있는 것은 알고 있다. 그러나 비판을 할 때는 그렇게 (헌법재판관을 임명)하지 않을 경우에 우리 경제가 어떻게 될 것인지에 대한 답도 같이 하시는 것이 좋겠다”며 원고에 없는 말을 했다.,최 권한대행 흔들기가 대외 신인도 하락으로 번질 수 있다는 우려를 담은 발언으로 해석된다.,False,"현재 문장은 이 총재가 최 권한대행에게 힘을 실었다는 내용으로, 이는 단순한 의견 표현이지 수치나 통계적인 변화를 주장하는 내용이 아닙니다.",high,hcx,HCX-007,isclaim-v1.3-prev2-context,2026-07-30
A0033-C006,A0033,“경제 고민 좀 하고 얘기하라”,2025-01-03,https://www.chosun.com/economy/economy_general/2025/01/03/XZJ5K5OIXJD3VHSLOMISZIQ2EA,그는 “최 권한대행이 맞다고 보고 적극적으로 지지한다”며 “외부에 ‘우리 경제는 정치와 분리돼서 간다. 그러니까 걱정하지 마라. 한국 경제는 튼튼하다’는 큰 메시지를 줘야 한다”고 했다.,이후 기자실을 찾은 이 총재는 최 권한대행에게 더 힘을 실었다.,이 총재는 2일 한은에서 열린 시무식에서 미리 배포된 신년사를 읽던 중 “한마디 안 할 수가 없다”며 “지금 최 대행에 대해 여러 비판이 있는 것은 알고 있다. 그러나 비판을 할 때는 그렇게 (헌법재판관을 임명)하지 않을 경우에 우리 경제가 어떻게 될 것인지에 대한 답도 같이 하시는 것이 좋겠다”며 원고에 없는 말을 했다.,False,"현재 문장은 단순한 의견 표현 및 평가로서, 통계값이나 통계적 변화 방향에 관한 사실 주장이 아닙니다.",high,hcx,HCX-007,isclaim-v1.3-prev2-context,2026-07-30
A0033-C007,A0033,“경제 고민 좀 하고 얘기하라”,2025-01-03,https://www.chosun.com/economy/economy_general/2025/01/03/XZJ5K5OIXJD3VHSLOMISZIQ2EA,이어 “고민 좀 하면서 얘기를 했으면 좋겠다. 신용등급은 한 번 내려가면 다시 올라가기 굉장히 어렵다”,그는 “최 권한대행이 맞다고 보고 적극적으로 지지한다”며 “외부에 ‘우리 경제는 정치와 분리돼서 간다. 그러니까 걱정하지 마라. 한국 경제는 튼튼하다’는 큰 메시지를 줘야 한다”고 했다.,이후 기자실을 찾은 이 총재는 최 권한대행에게 더 힘을 실었다.,False,신용등급 하락 및 회복 어려움에 대한 언급은 단순한 의견 평가이므로 KOSIS 통계로 검증할 수 없다.,high,hcx,HCX-007,isclaim-v1.3-prev2-context,2026-07-30
A0033-C008,A0033,“경제 고민 좀 하고 얘기하라”,2025-01-03,https://www.chosun.com/economy/economy_general/2025/01/03/XZJ5K5OIXJD3VHSLOMISZIQ2EA,고 강조했다.,이어 “고민 좀 하면서 얘기를 했으면 좋겠다. 신용등급은 한 번 내려가면 다시 올라가기 굉장히 어렵다”,그는 “최 권한대행이 맞다고 보고 적극적으로 지지한다”며 “외부에 ‘우리 경제는 정치와 분리돼서 간다. 그러니까 걱정하지 마라. 한국 경제는 튼튼하다’는 큰 메시지를 줘야 한다”고 했다.,False,"현재 문장은 단순한 강조 표현으로, 수치나 통계적인 변화를 주장하는 내용이 없습니다.",high,hcx,HCX-007,isclaim-v1.3-prev2-context,2026-07-30
A0033-C009,A0033,“경제 고민 좀 하고 얘기하라”,2025-01-03,https://www.chosun.com/economy/economy_general/2025/01/03/XZJ5K5OIXJD3VHSLOMISZIQ2EA,현 상황을 “답답하다”고도 표현했다.,고 강조했다.,이어 “고민 좀 하면서 얘기를 했으면 좋겠다. 신용등급은 한 번 내려가면 다시 올라가기 굉장히 어렵다”,False,"현재 문장은 단순한 감정 표현으로, 수치나 통계적인 변화를 주장하지 않는다.",high,hcx,HCX-007,isclaim-v1.3-prev2-context,2026-07-30
A0033-C010,A0033,“경제 고민 좀 하고 얘기하라”,2025-01-03,https://www.chosun.com/economy/economy_general/2025/01/03/XZJ5K5OIXJD3VHSLOMISZIQ2EA,한은 관계자는 “이 총재가 계엄 사태 후 외부 인사들과 간부들에게 전하는 일관된 메시지는 ‘정치와 경제가 분리되어야 한다’는 것”이라고 했다.,현 상황을 “답답하다”고도 표현했다.,고 강조했다.,False,"현재 문장은 한국은행 총재의 발언 내용을 전달하며, 이는 단순한 의견이나 평가로서 KOSIS 통계와 관련된 수치나 변화를 주장하지 않습니다.",high,hcx,HCX-007,isclaim-v1.3-prev2-context,2026-07-30
A0033-C011,A0033,“경제 고민 좀 하고 얘기하라”,2025-01-03,https://www.chosun.com/economy/economy_general/2025/01/03/XZJ5K5OIXJD3VHSLOMISZIQ2EA,"2014년부터 8년 동안 IMF(국제통화기금) 아태 담당 국장을 지낸 ‘국제통’인 이 총재에게 외국 정치·경제 전문가들의 우려가 쏟아지고 있고, 이 때문에 이 총재가 현재의 정국 혼란을 더 위험한 상황으로 보고 있다는 시각도 있다.",한은 관계자는 “이 총재가 계엄 사태 후 외부 인사들과 간부들에게 전하는 일관된 메시지는 ‘정치와 경제가 분리되어야 한다’는 것”이라고 했다.,현 상황을 “답답하다”고도 표현했다.,False,"현재 문장은 국제통화기금(IMF) 아태 담당 국장을 지낸 이 총재에게 외국 정치·경제 전문가들의 우려가 쏟아지고 있으며, 이로 인해 이 총재가 현재의 정국 혼란을 더 위험한 상황으로 보고 있다는 내용을 담고 있습니다. 이는 특정한 수치나 통계적 변화를 주장하는 것이 아니므로 KOSIS 통계로 검증할 수 없습니다.",high,hcx,HCX-007,isclaim-v1.3-prev2-context,2026-07-30
A0033-C012,A0033,“경제 고민 좀 하고 얘기하라”,2025-01-03,https://www.chosun.com/economy/economy_general/2025/01/03/XZJ5K5OIXJD3VHSLOMISZIQ2EA,이 총재는 비상계엄 사태 후인 지난달 5일 “이번 계엄 사태에 대한 해외의 충격이 더 큰 것 같다”며 “문자메시지와 이메일 등 대답하기 어려울 정도로 많은 연락이 오고 있다”고 했다.,"2014년부터 8년 동안 IMF(국제통화기금) 아태 담당 국장을 지낸 ‘국제통’인 이 총재에게 외국 정치·경제 전문가들의 우려가 쏟아지고 있고, 이 때문에 이 총재가 현재의 정국 혼란을 더 위험한 상황으로 보고 있다는 시각도 있다.",한은 관계자는 “이 총재가 계엄 사태 후 외부 인사들과 간부들에게 전하는 일관된 메시지는 ‘정치와 경제가 분리되어야 한다’는 것”이라고 했다.,False,"현재 문장은 이 총재의 발언 내용 및 상황에 대한 서술로서, 특정한 수치나 통계적 변화를 주장하는 내용이 아닙니다.",high,hcx,HCX-007,isclaim-v1.3-prev2-context,2026-07-30
A0033-C013,A0033,“경제 고민 좀 하고 얘기하라”,2025-01-03,https://www.chosun.com/economy/economy_general/2025/01/03/XZJ5K5OIXJD3VHSLOMISZIQ2EA,"앞서 이 총재는 대통령 권한대행이던 한덕수 국무총리의 직무가 정지되기 전, 최 권한대행과 함께 한 총리를 찾아 헌법재판관 임명을 요청한 것으로 알려졌다.",이 총재는 비상계엄 사태 후인 지난달 5일 “이번 계엄 사태에 대한 해외의 충격이 더 큰 것 같다”며 “문자메시지와 이메일 등 대답하기 어려울 정도로 많은 연락이 오고 있다”고 했다.,"2014년부터 8년 동안 IMF(국제통화기금) 아태 담당 국장을 지낸 ‘국제통’인 이 총재에게 외국 정치·경제 전문가들의 우려가 쏟아지고 있고, 이 때문에 이 총재가 현재의 정국 혼란을 더 위험한 상황으로 보고 있다는 시각도 있다.",False,"현재 문장은 특정 사건에 대한 정보 전달로서, 수치나 통계적인 변화를 주장하지 않습니다.",high,hcx,HCX-007,isclaim-v1.3-prev2-context,2026-07-30
A0033-C014,A0033,“경제 고민 좀 하고 얘기하라”,2025-01-03,https://www.chosun.com/economy/economy_general/2025/01/03/XZJ5K5OIXJD3VHSLOMISZIQ2EA,비상계엄 선포 직후 최 부총리가 사의 표명 의사를 밝혔을 때는 “경제 사령탑이 자리를 지켜야 한다”는 취지로 극구 만류한 것으로 전해졌다.,"앞서 이 총재는 대통령 권한대행이던 한덕수 국무총리의 직무가 정지되기 전, 최 권한대행과 함께 한 총리를 찾아 헌법재판관 임명을 요청한 것으로 알려졌다.",이 총재는 비상계엄 사태 후인 지난달 5일 “이번 계엄 사태에 대한 해외의 충격이 더 큰 것 같다”며 “문자메시지와 이메일 등 대답하기 어려울 정도로 많은 연락이 오고 있다”고 했다.,False,"현재 문장은 경제 사령탑의 거취 문제에 대한 정치적 상황을 설명하며, 이는 수치나 통계적인 변화를 주장하는 내용이 아닙니다.",high,hcx,HCX-007,isclaim-v1.3-prev2-context,2026-07-30
A0034-C001,A0034,미니소·Chagee·BYD… 중국 브랜드가 몰려온다,2025-01-03,https://www.chosun.com/economy/industry-company/2025/01/03/2LUZ5YGYRFBA5OVQH3TKOZWVC4,"“Hello Korea(헬로 코리아).” 2일 오후 2시 10분 중국 최대 전기차 제조사 BYD(비야디)의 한국 홈페이지에 접속하자, 이 문구와 함께 ‘13일 19시간 49분 23초’라는 숫자가 나왔다.",,,False,BYD의 한국 홈페이지 접속 시간과 관련된 정보는 KOSIS에서 제공하는 통계 정보와는 관련이 없습니다.,high,hcx,HCX-007,isclaim-v1.3-prev2-context,2026-07-30
A0034-C002,A0034,미니소·Chagee·BYD… 중국 브랜드가 몰려온다,2025-01-03,https://www.chosun.com/economy/industry-company/2025/01/03/2LUZ5YGYRFBA5OVQH3TKOZWVC4,BYD가 국내에 승용차 브랜드를 공식 출범하는 16일을 앞두고 카운트다운을 하고 있는 것이었다.,"“Hello Korea(헬로 코리아).” 2일 오후 2시 10분 중국 최대 전기차 제조사 BYD(비야디)의 한국 홈페이지에 접속하자, 이 문구와 함께 ‘13일 19시간 49분 23초’라는 숫자가 나왔다.",,False,"BYD가 국내에 승용차 브랜드를 공식 출범하는 날을 앞두고 카운트다운을 한다는 내용은 단순한 일정 관련 정보로, 수치나 통계적인 변화를 주장하는 내용이 아닙니다.",high,hcx,HCX-007,isclaim-v1.3-prev2-context,2026-07-30
A0034-C003,A0034,미니소·Chagee·BYD… 중국 브랜드가 몰려온다,2025-01-03,https://www.chosun.com/economy/industry-company/2025/01/03/2LUZ5YGYRFBA5OVQH3TKOZWVC4,"홈페이지 하단에는 법인명 ‘비와이디코리아 유한회사’, 대표자명 ‘딩하이미아오’라고 쓰여있었다.",BYD가 국내에 승용차 브랜드를 공식 출범하는 16일을 앞두고 카운트다운을 하고 있는 것이었다.,"“Hello Korea(헬로 코리아).” 2일 오후 2시 10분 중국 최대 전기차 제조사 BYD(비야디)의 한국 홈페이지에 접속하자, 이 문구와 함께 ‘13일 19시간 49분 23초’라는 숫자가 나왔다.",False,"현재 문장은 단순한 정보 제공으로, 수치나 통계적인 변화를 주장하지 않는다.",high,hcx,HCX-007,isclaim-v1.3-prev2-context,2026-07-30
A0034-C004,A0034,미니소·Chagee·BYD… 중국 브랜드가 몰려온다,2025-01-03,https://www.chosun.com/economy/industry-company/2025/01/03/2LUZ5YGYRFBA5OVQH3TKOZWVC4,중국 브랜드가 몰려오고 있다.,"홈페이지 하단에는 법인명 ‘비와이디코리아 유한회사’, 대표자명 ‘딩하이미아오’라고 쓰여있었다.",BYD가 국내에 승용차 브랜드를 공식 출범하는 16일을 앞두고 카운트다운을 하고 있는 것이었다.,False,"현재 문장은 중국 브랜드가 몰려오고 있다는 일반적인 의견을 표현하며, 이는 특정한 수치나 통계적 변화를 주장하는 것이 아닙니다.",high,hcx,HCX-007,isclaim-v1.3-prev2-context,2026-07-30
A0034-C005,A0034,미니소·Chagee·BYD… 중국 브랜드가 몰려온다,2025-01-03,https://www.chosun.com/economy/industry-company/2025/01/03/2LUZ5YGYRFBA5OVQH3TKOZWVC4,"이른바 ‘알·테·쉬’로 불리는 알리익스프레스, 테무, 쉬인 등 중국 이커머스 업체가 한국에서 세를 확대하고 있는 가운데 중국 브랜드가 잇따라 한국 공략에 나서고 있다.",중국 브랜드가 몰려오고 있다.,"홈페이지 하단에는 법인명 ‘비와이디코리아 유한회사’, 대표자명 ‘딩하이미아오’라고 쓰여있었다.",False,"현재 문장은 중국 이커머스 업체들이 한국에서 세를 확대하고 있다는 일반적인 설명을 하고 있으며, 이는 특정한 수치나 통계적 변화를 주장하는 것이 아닙니다.",high,hcx,HCX-007,isclaim-v1.3-prev2-context,2026-07-30
A0034-C006,A0034,미니소·Chagee·BYD… 중국 브랜드가 몰려온다,2025-01-03,https://www.chosun.com/economy/industry-company/2025/01/03/2LUZ5YGYRFBA5OVQH3TKOZWVC4,기존에 없던 한국 법인을 설립하거나 철수했다가 재진출하는 브랜드가 있는가 하면 공개적으로 한국 진출을 예고하는 브랜드까지 중국 브랜드의 한국행이 활발하다.,"이른바 ‘알·테·쉬’로 불리는 알리익스프레스, 테무, 쉬인 등 중국 이커머스 업체가 한국에서 세를 확대하고 있는 가운데 중국 브랜드가 잇따라 한국 공략에 나서고 있다.",중국 브랜드가 몰려오고 있다.,False,"현재 문장은 중국 브랜드들이 한국에서 활동 범위를 넓히고 있다는 일반적인 상황을 설명하고 있으며, 이는 특정한 수치나 통계적인 변화를 주장하는 내용이 아닙니다.",high,hcx,HCX-007,isclaim-v1.3-prev2-context,2026-07-30
A0034-C007,A0034,미니소·Chagee·BYD… 중국 브랜드가 몰려온다,2025-01-03,https://www.chosun.com/economy/industry-company/2025/01/03/2LUZ5YGYRFBA5OVQH3TKOZWVC4,미국이 트럼프 2기 행정부 출범을 앞두고 중국에 대한 강력한 제재를 예고하고 있는 데다 중국 경제의 성장 둔화가 나타나면서 중국 브랜드들이 생존 전략 중 하나로 한국을 비롯한 해외 진출을 가속화하고 있다는 분석도 나온다.,기존에 없던 한국 법인을 설립하거나 철수했다가 재진출하는 브랜드가 있는가 하면 공개적으로 한국 진출을 예고하는 브랜드까지 중국 브랜드의 한국행이 활발하다.,"이른바 ‘알·테·쉬’로 불리는 알리익스프레스, 테무, 쉬인 등 중국 이커머스 업체가 한국에서 세를 확대하고 있는 가운데 중국 브랜드가 잇따라 한국 공략에 나서고 있다.",False,"현재 문장은 중국 브랜드들의 해외 진출 전략에 대한 분석 및 예측을 담고 있으며, 이는 특정한 수치나 통계적 변화를 주장하는 것이 아닙니다.",high,hcx,HCX-007,isclaim-v1.3-prev2-context,2026-07-30
A0034-C008,A0034,미니소·Chagee·BYD… 중국 브랜드가 몰려온다,2025-01-03,https://www.chosun.com/economy/industry-company/2025/01/03/2LUZ5YGYRFBA5OVQH3TKOZWVC4,◇잇따르는 中 브랜드 한국 진출 ‘중국판 다이소’로 불리는 생활용품점 미니소는 지난달 14일 서울 종로구 대학로에 매장을 냈다.,미국이 트럼프 2기 행정부 출범을 앞두고 중국에 대한 강력한 제재를 예고하고 있는 데다 중국 경제의 성장 둔화가 나타나면서 중국 브랜드들이 생존 전략 중 하나로 한국을 비롯한 해외 진출을 가속화하고 있다는 분석도 나온다.,기존에 없던 한국 법인을 설립하거나 철수했다가 재진출하는 브랜드가 있는가 하면 공개적으로 한국 진출을 예고하는 브랜드까지 중국 브랜드의 한국행이 활발하다.,False,"현재 문장은 중국 브랜드 미니소의 한국 매장 오픈 소식을 전달하며, 이는 단순한 사건 보고로서 수치나 통계적 변화를 주장하지 않습니다.",high,hcx,HCX-007,isclaim-v1.3-prev2-context,2026-07-30
A0034-C009,A0034,미니소·Chagee·BYD… 중국 브랜드가 몰려온다,2025-01-03,https://www.chosun.com/economy/industry-company/2025/01/03/2LUZ5YGYRFBA5OVQH3TKOZWVC4,"미니소는 지난 2016년 한국에 진출해 매장 70여 개를 운영하다 2021년 전면 철수했는데, 3년 만에 한국에 재진출한 것이다.",◇잇따르는 中 브랜드 한국 진출 ‘중국판 다이소’로 불리는 생활용품점 미니소는 지난달 14일 서울 종로구 대학로에 매장을 냈다.,미국이 트럼프 2기 행정부 출범을 앞두고 중국에 대한 강력한 제재를 예고하고 있는 데다 중국 경제의 성장 둔화가 나타나면서 중국 브랜드들이 생존 전략 중 하나로 한국을 비롯한 해외 진출을 가속화하고 있다는 분석도 나온다.,False,미니소의 한국 재진출 여부는 특정한 수치나 통계적 변화를 주장하는 것이 아니므로 해당 문장은 False로 판정된다.,high,hcx,HCX-007,isclaim-v1.3-prev2-context,2026-07-30
A0034-C010,A0034,미니소·Chagee·BYD… 중국 브랜드가 몰려온다,2025-01-03,https://www.chosun.com/economy/industry-company/2025/01/03/2LUZ5YGYRFBA5OVQH3TKOZWVC4,"미니소는 해리포터, 디즈니 등 글로벌 콘텐츠와 IP(지식재산권) 계약을 체결하고, 한국 매장에 캐릭터 굿즈를 대거 배치했다.","미니소는 지난 2016년 한국에 진출해 매장 70여 개를 운영하다 2021년 전면 철수했는데, 3년 만에 한국에 재진출한 것이다.",◇잇따르는 中 브랜드 한국 진출 ‘중국판 다이소’로 불리는 생활용품점 미니소는 지난달 14일 서울 종로구 대학로에 매장을 냈다.,False,"현재 문장은 미니소가 해리포터, 디즈니 등과 IP 계약을 체결하고 한국 매장에 캐릭터 굿즈를 배치했다는 내용으로, 이는 단순한 정보 전달이지 수치나 통계적인 변화를 주장하는 내용이 아닙니다.",high,hcx,HCX-007,isclaim-v1.3-prev2-context,2026-07-30
A0034-C011,A0034,미니소·Chagee·BYD… 중국 브랜드가 몰려온다,2025-01-03,https://www.chosun.com/economy/industry-company/2025/01/03/2LUZ5YGYRFBA5OVQH3TKOZWVC4,소비자들이 대거 몰리면서 해리포터와 협업한 상품은 품절되기도 했다.,"미니소는 해리포터, 디즈니 등 글로벌 콘텐츠와 IP(지식재산권) 계약을 체결하고, 한국 매장에 캐릭터 굿즈를 대거 배치했다.","미니소는 지난 2016년 한국에 진출해 매장 70여 개를 운영하다 2021년 전면 철수했는데, 3년 만에 한국에 재진출한 것이다.",False,"현재 문장은 특정 제품의 품절 상황에 대한 내용으로, 이는 단순한 사건 보고이지 수치나 비율 등의 통계적 주장을 포함하지 않습니다.",high,hcx,HCX-007,isclaim-v1.3-prev2-context,2026-07-30
A0034-C012,A0034,미니소·Chagee·BYD… 중국 브랜드가 몰려온다,2025-01-03,https://www.chosun.com/economy/industry-company/2025/01/03/2LUZ5YGYRFBA5OVQH3TKOZWVC4,"미니소는 대학로를 시작으로 서울 홍대, 건대입구 등에 신규 매장을 준비 중인 것으로 알려졌다.",소비자들이 대거 몰리면서 해리포터와 협업한 상품은 품절되기도 했다.,"미니소는 해리포터, 디즈니 등 글로벌 콘텐츠와 IP(지식재산권) 계약을 체결하고, 한국 매장에 캐릭터 굿즈를 대거 배치했다.",False,"현재 문장은 미니소가 새로운 매장을 준비 중이라는 정보 전달로서, 이는 단순한 계획 발표나 사업 확장에 대한 내용이지 수치나 통계적인 변화를 주장하는 내용이 아닙니다.",high,hcx,HCX-007,isclaim-v1.3-prev2-context,2026-07-30
A0034-C013,A0034,미니소·Chagee·BYD… 중국 브랜드가 몰려온다,2025-01-03,https://www.chosun.com/economy/industry-company/2025/01/03/2LUZ5YGYRFBA5OVQH3TKOZWVC4,"BYD 역시 2016년부터 한국 시장에서 전기 버스, 전기 트럭 등 상용차를 판매해왔다.","미니소는 대학로를 시작으로 서울 홍대, 건대입구 등에 신규 매장을 준비 중인 것으로 알려졌다.",소비자들이 대거 몰리면서 해리포터와 협업한 상품은 품절되기도 했다.,False,"BYD가 한국에서 전기 버스와 전기 트럭 등을 판매한다는 사실은 단순한 기업의 영업 활동에 대한 정보로, KOSIS에서 검증 가능한 수치나 통계적 변화와 관련이 없습니다.",high,hcx,HCX-007,isclaim-v1.3-prev2-context,2026-07-30
A0034-C014,A0034,미니소·Chagee·BYD… 중국 브랜드가 몰려온다,2025-01-03,https://www.chosun.com/economy/industry-company/2025/01/03/2LUZ5YGYRFBA5OVQH3TKOZWVC4,하지만 승용차를 국내에 출시하는 건 이번이 처음이다.,"BYD 역시 2016년부터 한국 시장에서 전기 버스, 전기 트럭 등 상용차를 판매해왔다.","미니소는 대학로를 시작으로 서울 홍대, 건대입구 등에 신규 매장을 준비 중인 것으로 알려졌다.",False,"현재 문장은 특정 기업의 첫 번째 시도나 행동에 대한 단순한 정보 제공이므로, 이는 KOSIS를 통해 검증 가능한 수치나 통계적 변화를 주장하지 않습니다.",high,hcx,HCX-007,isclaim-v1.3-prev2-context,2026-07-30
A0034-C015,A0034,미니소·Chagee·BYD… 중국 브랜드가 몰려온다,2025-01-03,https://www.chosun.com/economy/industry-company/2025/01/03/2LUZ5YGYRFBA5OVQH3TKOZWVC4,자동차 업계에서는 BYD가 3000만~4000만원대 중저가 전기차를 출시해 한국 시장을 공략할 것으로 보고 있다.,하지만 승용차를 국내에 출시하는 건 이번이 처음이다.,"BYD 역시 2016년부터 한국 시장에서 전기 버스, 전기 트럭 등 상용차를 판매해왔다.",True,BYD가 3000만~4000만원대 중저가 전기차를 출시하여 한국 시장을 공략한다는 내용은 특정 기업의 매출 및 시장 전략에 대한 예측이므로 KOSIS 통계로 검증하기 어렵습니다.,low,hcx,HCX-007,isclaim-v1.3-prev2-context,2026-07-30
A0034-C016,A0034,미니소·Chagee·BYD… 중국 브랜드가 몰려온다,2025-01-03,https://www.chosun.com/economy/industry-company/2025/01/03/2LUZ5YGYRFBA5OVQH3TKOZWVC4,"스마트폰, 가전, 전기차 등을 만드는 샤오미 역시 2018년 한국 시장에 진출했지만 최근 서울 을지로 미래에셋센터원 빌딩에 한국 법인(샤오미테크놀로지코리아)을 설립했다.",자동차 업계에서는 BYD가 3000만~4000만원대 중저가 전기차를 출시해 한국 시장을 공략할 것으로 보고 있다.,하지만 승용차를 국내에 출시하는 건 이번이 처음이다.,False,"현재 문장은 샤오미가 한국에 법인을 설립했다는 사실을 전달하며, 이는 단순한 기업의 활동 정보로서 KOSIS 통계와 관련이 없습니다.",high,hcx,HCX-007,isclaim-v1.3-prev2-context,2026-07-30
A0034-C017,A0034,미니소·Chagee·BYD… 중국 브랜드가 몰려온다,2025-01-03,https://www.chosun.com/economy/industry-company/2025/01/03/2LUZ5YGYRFBA5OVQH3TKOZWVC4,한국 시장 진출을 공개적으로 밝힌 중국 브랜드도 있다.,"스마트폰, 가전, 전기차 등을 만드는 샤오미 역시 2018년 한국 시장에 진출했지만 최근 서울 을지로 미래에셋센터원 빌딩에 한국 법인(샤오미테크놀로지코리아)을 설립했다.",자동차 업계에서는 BYD가 3000만~4000만원대 중저가 전기차를 출시해 한국 시장을 공략할 것으로 보고 있다.,False,"현재 문장은 단순한 사실 진술로서, 특정한 수치나 통계적인 변화를 주장하지 않습니다.",high,hcx,HCX-007,isclaim-v1.3-prev2-context,2026-07-30
A0034-C018,A0034,미니소·Chagee·BYD… 중국 브랜드가 몰려온다,2025-01-03,https://www.chosun.com/economy/industry-company/2025/01/03/2LUZ5YGYRFBA5OVQH3TKOZWVC4,"중국, 싱가포르, 태국, 말레이시아 등에 4000여 개 매장을 운영하고 있는 중국 밀크티 브랜드 차지(Chagee)도 그중 하나다.",한국 시장 진출을 공개적으로 밝힌 중국 브랜드도 있다.,"스마트폰, 가전, 전기차 등을 만드는 샤오미 역시 2018년 한국 시장에 진출했지만 최근 서울 을지로 미래에셋센터원 빌딩에 한국 법인(샤오미테크놀로지코리아)을 설립했다.",False,"현재 문장은 중국 밀크티 브랜드 차지(Chagee)가 여러 국가에 매장을 운영 중이라는 사실을 언급하지만, 이는 수치나 통계적인 변화를 주장하는 내용이 아닙니다.",high,hcx,HCX-007,isclaim-v1.3-prev2-context,2026-07-30
A0034-C019,A0034,미니소·Chagee·BYD… 중국 브랜드가 몰려온다,2025-01-03,https://www.chosun.com/economy/industry-company/2025/01/03/2LUZ5YGYRFBA5OVQH3TKOZWVC4,차지 글로벌 시장 책임자는 미국 경제 전문 매체 CNBC 인터뷰에서 한국을 향후 진출 국가로 콕 찍었다.,"중국, 싱가포르, 태국, 말레이시아 등에 4000여 개 매장을 운영하고 있는 중국 밀크티 브랜드 차지(Chagee)도 그중 하나다.",한국 시장 진출을 공개적으로 밝힌 중국 브랜드도 있다.,False,"현재 문장은 차지가 한국에 진출할 계획이라는 단순한 의견을 전달하며, 이는 수치나 통계적인 변화를 주장하는 것이 아닙니다.",high,hcx,HCX-007,isclaim-v1.3-prev2-context,2026-07-30
A0034-C020,A0034,미니소·Chagee·BYD… 중국 브랜드가 몰려온다,2025-01-03,https://www.chosun.com/economy/industry-company/2025/01/03/2LUZ5YGYRFBA5OVQH3TKOZWVC4,"그는 “향후 5년 내에 차지는 한국, 필리핀 등 8국으로 확장하기 위해 총력을 기울일 것”이라고 말했다.",차지 글로벌 시장 책임자는 미국 경제 전문 매체 CNBC 인터뷰에서 한국을 향후 진출 국가로 콕 찍었다.,"중국, 싱가포르, 태국, 말레이시아 등에 4000여 개 매장을 운영하고 있는 중국 밀크티 브랜드 차지(Chagee)도 그중 하나다.",False,"현재 문장은 특정 기업의 미래 계획 및 목표에 대한 내용으로, 이는 KOSIS에서 검증 가능한 수치나 통계적 변화와 관련이 없습니다.",high,hcx,HCX-007,isclaim-v1.3-prev2-context,2026-07-30
A0034-C021,A0034,미니소·Chagee·BYD… 중국 브랜드가 몰려온다,2025-01-03,https://www.chosun.com/economy/industry-company/2025/01/03/2LUZ5YGYRFBA5OVQH3TKOZWVC4,◇혐중 정서 넘을 수 있을까 최근 한국에 본격 진출하는 중국 브랜드의 공통점은 한국행에 앞서 글로벌 시장에서 세를 확장하고 경쟁력을 인정받았다는 것이다.,"그는 “향후 5년 내에 차지는 한국, 필리핀 등 8국으로 확장하기 위해 총력을 기울일 것”이라고 말했다.",차지 글로벌 시장 책임자는 미국 경제 전문 매체 CNBC 인터뷰에서 한국을 향후 진출 국가로 콕 찍었다.,False,"현재 문장은 중국에 대한 일반적인 평가나 정서에 관한 내용으로, 특정한 수치나 통계적 변화를 주장하지 않습니다.",high,hcx,HCX-007,isclaim-v1.3-prev2-context,2026-07-30
A0034-C022,A0034,미니소·Chagee·BYD… 중국 브랜드가 몰려온다,2025-01-03,https://www.chosun.com/economy/industry-company/2025/01/03/2LUZ5YGYRFBA5OVQH3TKOZWVC4,2013년 설립된 미니소는 창업 초기 간판에 일본어를 적어두고 유니클로와 비슷한 인테리어로 일본 기업인 척했다는 ‘짝퉁 논란’에 휩싸였다.,◇혐중 정서 넘을 수 있을까 최근 한국에 본격 진출하는 중국 브랜드의 공통점은 한국행에 앞서 글로벌 시장에서 세를 확장하고 경쟁력을 인정받았다는 것이다.,"그는 “향후 5년 내에 차지는 한국, 필리핀 등 8국으로 확장하기 위해 총력을 기울일 것”이라고 말했다.",False,"현재 문장은 기업의 역사 및 논란에 대한 내용으로, 수치나 통계적 변화를 주장하지 않습니다.",high,hcx,HCX-007,isclaim-v1.3-prev2-context,2026-07-30
A0034-C023,A0034,미니소·Chagee·BYD… 중국 브랜드가 몰려온다,2025-01-03,https://www.chosun.com/economy/industry-company/2025/01/03/2LUZ5YGYRFBA5OVQH3TKOZWVC4,현재 미니소는 112국에서 매장 7100여 개를 운영하고 있다.,2013년 설립된 미니소는 창업 초기 간판에 일본어를 적어두고 유니클로와 비슷한 인테리어로 일본 기업인 척했다는 ‘짝퉁 논란’에 휩싸였다.,◇혐중 정서 넘을 수 있을까 최근 한국에 본격 진출하는 중국 브랜드의 공통점은 한국행에 앞서 글로벌 시장에서 세를 확장하고 경쟁력을 인정받았다는 것이다.,False,"현재 문장은 미니소가 전 세계 여러 국가에서 운영하는 매장 수를 언급하고 있으며, 이는 특정한 통계나 변화를 주장하는 것이 아니라 단순한 정보 제공이므로 KOSIS 통계로 검증할 필요가 없습니다.",high,hcx,HCX-007,isclaim-v1.3-prev2-context,2026-07-30
A0034-C024,A0034,미니소·Chagee·BYD… 중국 브랜드가 몰려온다,2025-01-03,https://www.chosun.com/economy/industry-company/2025/01/03/2LUZ5YGYRFBA5OVQH3TKOZWVC4,"2020년 뉴욕 증시에 상장한 미니소는 디즈니, 산리오, 포켓몬 등 100개가 넘는 글로벌 콘텐츠와 IP 계약을 체결하고 협업 상품을 내놓고 있다.",현재 미니소는 112국에서 매장 7100여 개를 운영하고 있다.,2013년 설립된 미니소는 창업 초기 간판에 일본어를 적어두고 유니클로와 비슷한 인테리어로 일본 기업인 척했다는 ‘짝퉁 논란’에 휩싸였다.,False,"현재 문장은 특정 기업의 협업 상품 및 계약 건수에 대한 정보로, 이는 KOSIS에서 제공하는 국가 통계와는 관련이 없습니다.",high,hcx,HCX-007,isclaim-v1.3-prev2-context,2026-07-30
A0034-C025,A0034,미니소·Chagee·BYD… 중국 브랜드가 몰려온다,2025-01-03,https://www.chosun.com/economy/industry-company/2025/01/03/2LUZ5YGYRFBA5OVQH3TKOZWVC4,BYD는 작년에 2023년 대비 41.3% 증가한 427만대의 차량을 판매했다.,"2020년 뉴욕 증시에 상장한 미니소는 디즈니, 산리오, 포켓몬 등 100개가 넘는 글로벌 콘텐츠와 IP 계약을 체결하고 협업 상품을 내놓고 있다.",현재 미니소는 112국에서 매장 7100여 개를 운영하고 있다.,True,BYD의 판매량이 2023년 대비 41.3% 증가했다는 것은 구체적인 수치와 비교 대상이 명확하여 국가통계포털(KOSIS)에서 관련 통계를 찾아 검증할 수 있을 것으로 보입니다.,high,hcx,HCX-007,isclaim-v1.3-prev2-context,2026-07-30
A0034-C026,A0034,미니소·Chagee·BYD… 중국 브랜드가 몰려온다,2025-01-03,https://www.chosun.com/economy/industry-company/2025/01/03/2LUZ5YGYRFBA5OVQH3TKOZWVC4,순수 전기차는 176만대에 달한다.,BYD는 작년에 2023년 대비 41.3% 증가한 427만대의 차량을 판매했다.,"2020년 뉴욕 증시에 상장한 미니소는 디즈니, 산리오, 포켓몬 등 100개가 넘는 글로벌 콘텐츠와 IP 계약을 체결하고 협업 상품을 내놓고 있다.",True,"현재 문장은 순수 전기차 판매량이 176만대에 달한다고 주장하며, 이는 KOSIS에서 관련 통계를 통해 검증할 수 있는 내용입니다.",high,hcx,HCX-007,isclaim-v1.3-prev2-context,2026-07-30
A0034-C027,A0034,미니소·Chagee·BYD… 중국 브랜드가 몰려온다,2025-01-03,https://www.chosun.com/economy/industry-company/2025/01/03/2LUZ5YGYRFBA5OVQH3TKOZWVC4,세계 전기차 판매 1위 테슬라를 바짝 추격하는 수준까지 성장했다.,순수 전기차는 176만대에 달한다.,BYD는 작년에 2023년 대비 41.3% 증가한 427만대의 차량을 판매했다.,False,"현재 문장은 BYD의 전기차 판매량이 테슬라를 추격한다는 평가나 의견을 나타내고 있으며, 이는 단순한 비교 및 평가로서 KOSIS 통계로 검증 가능한 구체적인 수치나 변화 방향을 주장하지 않습니다.",high,hcx,HCX-007,isclaim-v1.3-prev2-context,2026-07-30
A0034-C028,A0034,미니소·Chagee·BYD… 중국 브랜드가 몰려온다,2025-01-03,https://www.chosun.com/economy/industry-company/2025/01/03/2LUZ5YGYRFBA5OVQH3TKOZWVC4,"샤오미의 글로벌 스마트폰 점유율은 작년 3분기 기준 삼성, 애플에 이어 3위까지 올라왔다.",세계 전기차 판매 1위 테슬라를 바짝 추격하는 수준까지 성장했다.,순수 전기차는 176만대에 달한다.,True,"샤오미의 글로벌 스마트폰 점유율에 대한 정보는 특정 시점에서의 시장 점유율을 나타내며, 이는 KOSIS와 같은 국가 통계 포털에서 확인 가능한 정보일 수 있다.",mid,hcx,HCX-007,isclaim-v1.3-prev2-context,2026-07-30
A0034-C029,A0034,미니소·Chagee·BYD… 중국 브랜드가 몰려온다,2025-01-03,https://www.chosun.com/economy/industry-company/2025/01/03/2LUZ5YGYRFBA5OVQH3TKOZWVC4,"◇BYD 승용차 한국 첫 진출 여전히 한국에서 중국 브랜드와 중국산 제품에 대한 불신의 골이 깊지만, 최근 분위기가 많이 달라졌다는 분석도 나온다.","샤오미의 글로벌 스마트폰 점유율은 작년 3분기 기준 삼성, 애플에 이어 3위까지 올라왔다.",세계 전기차 판매 1위 테슬라를 바짝 추격하는 수준까지 성장했다.,False,"현재 문장은 BYD 승용차의 한국 시장 진출 상황에 대한 설명으로, 특정한 수치나 통계적인 변화를 주장하지 않습니다.",high,hcx,HCX-007,isclaim-v1.3-prev2-context,2026-07-30
A0034-C030,A0034,미니소·Chagee·BYD… 중국 브랜드가 몰려온다,2025-01-03,https://www.chosun.com/economy/industry-company/2025/01/03/2LUZ5YGYRFBA5OVQH3TKOZWVC4,"리테일 분석 서비스 와이즈앱·리테일·굿즈에 따르면 지난해 11월 기준 국내 종합 몰 앱 이용자 순위는 쿠팡, 알리익스프레스, 11번가, 테무, G마켓 순으로 톱5 중에 중국 업체가 두 곳이나 자리했다.","◇BYD 승용차 한국 첫 진출 여전히 한국에서 중국 브랜드와 중국산 제품에 대한 불신의 골이 깊지만, 최근 분위기가 많이 달라졌다는 분석도 나온다.","샤오미의 글로벌 스마트폰 점유율은 작년 3분기 기준 삼성, 애플에 이어 3위까지 올라왔다.",False,"현재 문장은 국내 종합 몰 앱 이용자 순위에 대한 정보 제공이지만, 이는 특정한 수치나 비율 등의 변화를 주장하는 것이 아니며, KOSIS에서 해당 정보를 직접적으로 대조하기 어려운 내용입니다.",high,hcx,HCX-007,isclaim-v1.3-prev2-context,2026-07-30
A0034-C031,A0034,미니소·Chagee·BYD… 중국 브랜드가 몰려온다,2025-01-03,https://www.chosun.com/economy/industry-company/2025/01/03/2LUZ5YGYRFBA5OVQH3TKOZWVC4,중국 브랜드의 기술과 경쟁력이 높아지면서 가성비를 따져 중국산을 선택하는 소비자들이 많아졌다는 말도 나온다.,"리테일 분석 서비스 와이즈앱·리테일·굿즈에 따르면 지난해 11월 기준 국내 종합 몰 앱 이용자 순위는 쿠팡, 알리익스프레스, 11번가, 테무, G마켓 순으로 톱5 중에 중국 업체가 두 곳이나 자리했다.","◇BYD 승용차 한국 첫 진출 여전히 한국에서 중국 브랜드와 중국산 제품에 대한 불신의 골이 깊지만, 최근 분위기가 많이 달라졌다는 분석도 나온다.",False,"현재 문장은 중국 브랜드의 기술 및 경쟁력 상승과 관련된 일반적인 의견을 제시하며, 구체적인 수치나 통계적 변화를 언급하지 않습니다.",high,hcx,HCX-007,isclaim-v1.3-prev2-context,2026-07-30
A0034-C032,A0034,미니소·Chagee·BYD… 중국 브랜드가 몰려온다,2025-01-03,https://www.chosun.com/economy/industry-company/2025/01/03/2LUZ5YGYRFBA5OVQH3TKOZWVC4,글로벌마켓리서치 회사인 포레스터는 “중국 브랜드들은 과거와 달리 중국 정체성을 숨기지 않고 오히려 강점으로 내세우고 있다”고 밝혔다.,중국 브랜드의 기술과 경쟁력이 높아지면서 가성비를 따져 중국산을 선택하는 소비자들이 많아졌다는 말도 나온다.,"리테일 분석 서비스 와이즈앱·리테일·굿즈에 따르면 지난해 11월 기준 국내 종합 몰 앱 이용자 순위는 쿠팡, 알리익스프레스, 11번가, 테무, G마켓 순으로 톱5 중에 중국 업체가 두 곳이나 자리했다.",False,"현재 문장은 중국 브랜드들이 자신들의 정체성을 강점으로 내세운다는 평가나 의견을 제시하고 있으며, 이는 특정한 수치나 통계적 변화를 주장하는 것이 아닙니다.",high,hcx,HCX-007,isclaim-v1.3-prev2-context,2026-07-30
A0034-C033,A0034,미니소·Chagee·BYD… 중국 브랜드가 몰려온다,2025-01-03,https://www.chosun.com/economy/industry-company/2025/01/03/2LUZ5YGYRFBA5OVQH3TKOZWVC4,대내외적인 이유로 중국 기업들의 국내 진출이 가속화될 것이라는 전망도 나온다.,글로벌마켓리서치 회사인 포레스터는 “중국 브랜드들은 과거와 달리 중국 정체성을 숨기지 않고 오히려 강점으로 내세우고 있다”고 밝혔다.,중국 브랜드의 기술과 경쟁력이 높아지면서 가성비를 따져 중국산을 선택하는 소비자들이 많아졌다는 말도 나온다.,False,"현재 문장은 중국 기업들의 국내 진출이 가속화될 것이라는 전망이므로, 이는 단순한 예측이지 구체적인 수치나 통계적 변화를 주장하는 것이 아닙니다.",high,hcx,HCX-007,isclaim-v1.3-prev2-context,2026-07-30
A0034-C034,A0034,미니소·Chagee·BYD… 중국 브랜드가 몰려온다,2025-01-03,https://www.chosun.com/economy/industry-company/2025/01/03/2LUZ5YGYRFBA5OVQH3TKOZWVC4,이은희 인하대 소비자학과 명예교수는 “중국 경제의 성장 둔화로 한국에 진출하는 중국 브랜드는 더욱 많아질 것”이라고 말했다.,대내외적인 이유로 중국 기업들의 국내 진출이 가속화될 것이라는 전망도 나온다.,글로벌마켓리서치 회사인 포레스터는 “중국 브랜드들은 과거와 달리 중국 정체성을 숨기지 않고 오히려 강점으로 내세우고 있다”고 밝혔다.,True,현재 문장은 중국 경제의 성장 둔화와 관련하여 한국에 진출하는 중국 브랜드 수가 증가할 것이라는 예측을 하고 있습니다.,mid,hcx,HCX-007,isclaim-v1.3-prev2-context,2026-07-30
A0034-C035,A0034,미니소·Chagee·BYD… 중국 브랜드가 몰려온다,2025-01-03,https://www.chosun.com/economy/industry-company/2025/01/03/2LUZ5YGYRFBA5OVQH3TKOZWVC4,중국에 대한 강력한 제재를 예고한 트럼프 2기 행정부 출범도 중국 브랜드의 해외 진출을 부채질하고 있다.,이은희 인하대 소비자학과 명예교수는 “중국 경제의 성장 둔화로 한국에 진출하는 중국 브랜드는 더욱 많아질 것”이라고 말했다.,대내외적인 이유로 중국 기업들의 국내 진출이 가속화될 것이라는 전망도 나온다.,True,"현재 문장은 미국 정부의 제재로 인해 중국 브랜드의 해외 진출이 촉진된다는 내용을 담고 있으며, 이는 KOSIS를 통해 해외 진출 기업의 변화를 추적하여 검증할 수 있는 내용이다.",high,hcx,HCX-007,isclaim-v1.3-prev2-context,2026-07-30
A0034-C036,A0034,미니소·Chagee·BYD… 중국 브랜드가 몰려온다,2025-01-03,https://www.chosun.com/economy/industry-company/2025/01/03/2LUZ5YGYRFBA5OVQH3TKOZWVC4,"유통업계 관계자는 “한국 소비자들이 싸다고 무조건 중국 제품을 구입하지는 않겠지만, 내수 부진으로 힘든 국내 기업들 입장에선 가성비를 앞세운 중국 브랜드의 행보를 예의주시할 수밖에 없다”고 했다.",중국에 대한 강력한 제재를 예고한 트럼프 2기 행정부 출범도 중국 브랜드의 해외 진출을 부채질하고 있다.,이은희 인하대 소비자학과 명예교수는 “중국 경제의 성장 둔화로 한국에 진출하는 중국 브랜드는 더욱 많아질 것”이라고 말했다.,False,"현재 문장은 한국 소비자와 국내 기업들이 중국 제품에 대해 어떻게 반응할 것인지에 대한 의견을 제시하고 있으며, 이는 구체적인 수치나 통계적인 변화를 주장하는 것이 아닙니다.",high,hcx,HCX-007,isclaim-v1.3-prev2-context,2026-07-30
A0035-C001,A0035,"한화인더스트리얼솔루션즈, 사명 한화비전으로 변경",2025-01-03,https://www.chosun.com/economy/industry-company/2025/01/03/3O2RZXPB3REWZIP7C34B5FNYTA,"조선일보 입력 2025.01.03. 00:34 0 한화그룹의 보안, 반도체 장비 등 산업용 설루션(Solution) 기업 한화인더스트리얼솔루션즈는 자회사 한화비전(옛 한화테크윈)을 흡수 합병하고 사명을 한화비전으로 변경했다고 2일 밝혔다.",,,False,"현재 문장은 한화인더스트리얼솔루션즈가 자회사를 흡수 합병하고 사명을 변경했다는 내용으로, 이는 특정한 수치나 통계적인 변화를 주장하는 내용이 아닙니다.",high,hcx,HCX-007,isclaim-v1.3-prev2-context,2026-07-30
A0035-C002,A0035,"한화인더스트리얼솔루션즈, 사명 한화비전으로 변경",2025-01-03,https://www.chosun.com/economy/industry-company/2025/01/03/3O2RZXPB3REWZIP7C34B5FNYTA,이번 합병으로 한화비전은 연매출 약 1조원 규모의 시큐리티(보안) 사업 외에도 한화정밀기계와 기타 반도체 설계를 담당하는 해외 법인을 100% 자회사로 둔 통합 법인으로 운영된다.,"조선일보 입력 2025.01.03. 00:34 0 한화그룹의 보안, 반도체 장비 등 산업용 설루션(Solution) 기업 한화인더스트리얼솔루션즈는 자회사 한화비전(옛 한화테크윈)을 흡수 합병하고 사명을 한화비전으로 변경했다고 2일 밝혔다.",,False,"현재 문장은 한화비전의 합병 후 구조 및 자산에 대한 설명을 하고 있으며, 이는 특정한 수치나 통계적 변화를 주장하는 것이 아닙니다.",high,hcx,HCX-007,isclaim-v1.3-prev2-context,2026-07-30
A0035-C003,A0035,"한화인더스트리얼솔루션즈, 사명 한화비전으로 변경",2025-01-03,https://www.chosun.com/economy/industry-company/2025/01/03/3O2RZXPB3REWZIP7C34B5FNYTA,Video Player is loading.,이번 합병으로 한화비전은 연매출 약 1조원 규모의 시큐리티(보안) 사업 외에도 한화정밀기계와 기타 반도체 설계를 담당하는 해외 법인을 100% 자회사로 둔 통합 법인으로 운영된다.,"조선일보 입력 2025.01.03. 00:34 0 한화그룹의 보안, 반도체 장비 등 산업용 설루션(Solution) 기업 한화인더스트리얼솔루션즈는 자회사 한화비전(옛 한화테크윈)을 흡수 합병하고 사명을 한화비전으로 변경했다고 2일 밝혔다.",False,"현재 문장은 비디오 플레이어가 로드 중이라는 내용으로, 수치나 통계적인 변화를 주장하는 내용이 아닙니다.",high,hcx,HCX-007,isclaim-v1.3-prev2-context,2026-07-30
A0035-C004,A0035,"한화인더스트리얼솔루션즈, 사명 한화비전으로 변경",2025-01-03,https://www.chosun.com/economy/industry-company/2025/01/03/3O2RZXPB3REWZIP7C34B5FNYTA,"Current Time 0:00 / Duration 1:37 Loaded : 4.12% 0:00 Stream Type LIVE Remaining Time - 1:37 1x Chapters descriptions off , selected subtitles settings , opens subtitles settings dialog subtitles off , selected Ladin , selected This is a modal window.",Video Player is loading.,이번 합병으로 한화비전은 연매출 약 1조원 규모의 시큐리티(보안) 사업 외에도 한화정밀기계와 기타 반도체 설계를 담당하는 해외 법인을 100% 자회사로 둔 통합 법인으로 운영된다.,False,"현재 문장은 비디오 플레이어 로딩 상태 및 재생 시간에 대한 정보로, 수치나 통계적인 주장과는 관련이 없습니다.",high,hcx,HCX-007,isclaim-v1.3-prev2-context,2026-07-30
A0035-C005,A0035,"한화인더스트리얼솔루션즈, 사명 한화비전으로 변경",2025-01-03,https://www.chosun.com/economy/industry-company/2025/01/03/3O2RZXPB3REWZIP7C34B5FNYTA,Beginning of dialog window.,"Current Time 0:00 / Duration 1:37 Loaded : 4.12% 0:00 Stream Type LIVE Remaining Time - 1:37 1x Chapters descriptions off , selected subtitles settings , opens subtitles settings dialog subtitles off , selected Ladin , selected This is a modal window.",Video Player is loading.,False,"현재 문장은 대화 창 시작 부분에 대한 설명으로, 수치나 통계적인 변화를 주장하는 내용이 아닙니다.",high,hcx,HCX-007,isclaim-v1.3-prev2-context,2026-07-30
A0035-C006,A0035,"한화인더스트리얼솔루션즈, 사명 한화비전으로 변경",2025-01-03,https://www.chosun.com/economy/industry-company/2025/01/03/3O2RZXPB3REWZIP7C34B5FNYTA,Escape will cancel and close the window.,Beginning of dialog window.,"Current Time 0:00 / Duration 1:37 Loaded : 4.12% 0:00 Stream Type LIVE Remaining Time - 1:37 1x Chapters descriptions off , selected subtitles settings , opens subtitles settings dialog subtitles off , selected Ladin , selected This is a modal window.",False,"현재 문장은 단순한 대화 창 닫기 안내문으로, 수치나 통계적인 변화를 주장하는 내용이 없습니다.",high,hcx,HCX-007,isclaim-v1.3-prev2-context,2026-07-30
A0035-C007,A0035,"한화인더스트리얼솔루션즈, 사명 한화비전으로 변경",2025-01-03,https://www.chosun.com/economy/industry-company/2025/01/03/3O2RZXPB3REWZIP7C34B5FNYTA,Text Color White Black Red Green Blue Yellow Magenta Cyan Transparency Opaque Semi-Transparent Background Color Black White Red Green Blue Yellow Magenta Cyan Transparency Opaque Semi-Transparent Transparent Window Color Black White Red Green Blue Yellow Magenta Cyan Transparency Transparent Semi-Transparent Opaque Font Size 50% 75% 100% 125% 150% 175% 200% 300% 400% Text Edge Style None Raised Depressed Uniform Dropshadow Font Family Proportional Sans-Serif Monospace Sans-Serif Proportional Serif Monospace Serif Casual Script Small Caps End of dialog window.,Escape will cancel and close the window.,Beginning of dialog window.,False,"현재 문장은 텍스트 색상 및 스타일에 대한 설정 정보를 나열하고 있으며, 이는 수치나 통계적인 정보와는 관련이 없습니다.",high,hcx,HCX-007,isclaim-v1.3-prev2-context,2026-07-30
A0036-C001,A0036,“쇄신 안하면 도태… 기술 혁신으로 극복”,2025-01-03,https://www.chosun.com/economy/industry-company/2025/01/03/AIRQXEYU65BVHH3JVSLTOWCDB4,1 2025년 새해 주요 기업들의 신년사에는 그 어느 때보다 어려운 국내외 경영 환경에 대한 우려가 가득했다.,,,False,"현재 문장은 기업의 신년사에 대한 내용으로, 구체적인 수치나 통계적인 변화를 언급하지 않고 있다.",high,hcx,HCX-007,isclaim-v1.3-prev2-context,2026-07-30
A0036-C002,A0036,“쇄신 안하면 도태… 기술 혁신으로 극복”,2025-01-03,https://www.chosun.com/economy/industry-company/2025/01/03/AIRQXEYU65BVHH3JVSLTOWCDB4,"주요 대기업 총수와 CEO(최고경영자)들은 이런 시기일수록 본업(本業)의 핵심 경쟁력, 차별화한 기술, 지금까지의 성공 공식을 바꾸는 쇄신으로 위기를 돌파하자고 구성원들을 독려했다.",1 2025년 새해 주요 기업들의 신년사에는 그 어느 때보다 어려운 국내외 경영 환경에 대한 우려가 가득했다.,,False,"현재 문장은 대기업 총수와 CEO들이 위기 극복 방안에 대해 언급한 내용으로, 수치나 통계적인 변화를 주장하지 않습니다.",high,hcx,HCX-007,isclaim-v1.3-prev2-context,2026-07-30
A0036-C003,A0036,“쇄신 안하면 도태… 기술 혁신으로 극복”,2025-01-03,https://www.chosun.com/economy/industry-company/2025/01/03/AIRQXEYU65BVHH3JVSLTOWCDB4,주요 기업 총수들이 2일 신년사를 통해 불확실성이 극도로 높은 환경을 헤쳐가는 방안으로 꼽은 것은 기술 혁신이었다.,"주요 대기업 총수와 CEO(최고경영자)들은 이런 시기일수록 본업(本業)의 핵심 경쟁력, 차별화한 기술, 지금까지의 성공 공식을 바꾸는 쇄신으로 위기를 돌파하자고 구성원들을 독려했다.",1 2025년 새해 주요 기업들의 신년사에는 그 어느 때보다 어려운 국내외 경영 환경에 대한 우려가 가득했다.,False,"현재 문장은 주요 기업 총수들이 신년사에서 강조한 내용에 대한 서술로, 구체적인 수치나 통계적 변화를 주장하지 않는다.",high,hcx,HCX-007,isclaim-v1.3-prev2-context,2026-07-30
A0036-C004,A0036,“쇄신 안하면 도태… 기술 혁신으로 극복”,2025-01-03,https://www.chosun.com/economy/industry-company/2025/01/03/AIRQXEYU65BVHH3JVSLTOWCDB4,특히 AI(인공지능)에 대한 강조가 빠지지 않았다.,주요 기업 총수들이 2일 신년사를 통해 불확실성이 극도로 높은 환경을 헤쳐가는 방안으로 꼽은 것은 기술 혁신이었다.,"주요 대기업 총수와 CEO(최고경영자)들은 이런 시기일수록 본업(本業)의 핵심 경쟁력, 차별화한 기술, 지금까지의 성공 공식을 바꾸는 쇄신으로 위기를 돌파하자고 구성원들을 독려했다.",False,"현재 문장은 AI에 대한 강조를 언급하지만, 이는 단순한 의견이나 평가로서 구체적인 수치나 통계적인 변화를 주장하지 않는다.",high,hcx,HCX-007,isclaim-v1.3-prev2-context,2026-07-30
A0036-C005,A0036,“쇄신 안하면 도태… 기술 혁신으로 극복”,2025-01-03,https://www.chosun.com/economy/industry-company/2025/01/03/AIRQXEYU65BVHH3JVSLTOWCDB4,최태원 SK그룹 회장은 “AI로 글로벌 산업 구조와 시장 재편은 거스를 수 없다”며 “AI를 활용해 본원적 사업 역량을 높이기 위해 AI를 실제 업무에 활용할 수 있는 능력을 강화해야 한다”고 했다.,특히 AI(인공지능)에 대한 강조가 빠지지 않았다.,주요 기업 총수들이 2일 신년사를 통해 불확실성이 극도로 높은 환경을 헤쳐가는 방안으로 꼽은 것은 기술 혁신이었다.,False,"현재 문장은 AI 기술의 중요성과 활용 필요성에 대해 언급하고 있지만, 이는 구체적인 수치나 통계적인 변화를 주장하는 것이 아닙니다.",high,hcx,HCX-007,isclaim-v1.3-prev2-context,2026-07-30
A0036-C006,A0036,“쇄신 안하면 도태… 기술 혁신으로 극복”,2025-01-03,https://www.chosun.com/economy/industry-company/2025/01/03/AIRQXEYU65BVHH3JVSLTOWCDB4,박정원 두산그룹 회장은 “두산 고유의 AI 생태계를 구축하는 데 가용한 역량을 모두 모아야 한다”며 AI와 연계된 분야에서의 경쟁력 확보를 강조했다.,최태원 SK그룹 회장은 “AI로 글로벌 산업 구조와 시장 재편은 거스를 수 없다”며 “AI를 활용해 본원적 사업 역량을 높이기 위해 AI를 실제 업무에 활용할 수 있는 능력을 강화해야 한다”고 했다.,특히 AI(인공지능)에 대한 강조가 빠지지 않았다.,False,"현재 문장은 두산그룹 회장이 AI 생태계 구축 및 경쟁력 확보를 강조하는 내용으로, 특정한 수치나 통계적인 변화를 주장하지 않습니다.",high,hcx,HCX-007,isclaim-v1.3-prev2-context,2026-07-30
A0036-C007,A0036,“쇄신 안하면 도태… 기술 혁신으로 극복”,2025-01-03,https://www.chosun.com/economy/industry-company/2025/01/03/AIRQXEYU65BVHH3JVSLTOWCDB4,김영섭 KT 대표이사도 “올해는 AI와 정보 통신이 합쳐진 AICT 기업으로 전환하는 원년이 될 것”이라고 했다.,박정원 두산그룹 회장은 “두산 고유의 AI 생태계를 구축하는 데 가용한 역량을 모두 모아야 한다”며 AI와 연계된 분야에서의 경쟁력 확보를 강조했다.,최태원 SK그룹 회장은 “AI로 글로벌 산업 구조와 시장 재편은 거스를 수 없다”며 “AI를 활용해 본원적 사업 역량을 높이기 위해 AI를 실제 업무에 활용할 수 있는 능력을 강화해야 한다”고 했다.,False,"현재 문장은 AI와 정보 통신의 결합에 대한 기업의 전략 및 목표에 관한 내용으로, 구체적인 수치나 통계적 변화를 주장하지 않습니다.",high,hcx,HCX-007,isclaim-v1.3-prev2-context,2026-07-30
A0036-C008,A0036,“쇄신 안하면 도태… 기술 혁신으로 극복”,2025-01-03,https://www.chosun.com/economy/industry-company/2025/01/03/AIRQXEYU65BVHH3JVSLTOWCDB4,"신동빈 롯데그룹 회장은 “세계 경제가 초불확실성 시대에 돌입했고, 이제 압도적 우위의 핵심 역량을 가진 기업만이 생존할 수 있다”며 “올 한 해 더욱 강도 높은 쇄신이 필요하다”고 했다.",김영섭 KT 대표이사도 “올해는 AI와 정보 통신이 합쳐진 AICT 기업으로 전환하는 원년이 될 것”이라고 했다.,박정원 두산그룹 회장은 “두산 고유의 AI 생태계를 구축하는 데 가용한 역량을 모두 모아야 한다”며 AI와 연계된 분야에서의 경쟁력 확보를 강조했다.,False,"신동빈 롯데그룹 회장의 발언은 세계 경제 상황에 대한 평가와 기업의 필요성에 대해 언급하고 있으며, 구체적인 수치나 통계적 변화를 주장하지 않습니다.",high,hcx,HCX-007,isclaim-v1.3-prev2-context,2026-07-30
A0036-C009,A0036,“쇄신 안하면 도태… 기술 혁신으로 극복”,2025-01-03,https://www.chosun.com/economy/industry-company/2025/01/03/AIRQXEYU65BVHH3JVSLTOWCDB4,"김승연 한화그룹 회장은 “어느 때보다 예측이 불가능한 도전과 어려움을 마주하고 있다”며 “다양한 사업들이 세계를 향해 나아가는 상황에 맞게 전략도 바꿔서, 세계 각국의 고객이 요구하는 최고 수준의 경쟁력을 갖춰야 한다”고 했다.","신동빈 롯데그룹 회장은 “세계 경제가 초불확실성 시대에 돌입했고, 이제 압도적 우위의 핵심 역량을 가진 기업만이 생존할 수 있다”며 “올 한 해 더욱 강도 높은 쇄신이 필요하다”고 했다.",김영섭 KT 대표이사도 “올해는 AI와 정보 통신이 합쳐진 AICT 기업으로 전환하는 원년이 될 것”이라고 했다.,False,"현재 문장은 한화그룹 회장이 직면한 도전과 어려움 및 글로벌 경쟁력 강화 필요성에 대한 의견을 표현하고 있으며, 이는 구체적인 수치나 통계적 변화를 주장하는 내용이 아닙니다.",high,hcx,HCX-007,isclaim-v1.3-prev2-context,2026-07-30
A0036-C010,A0036,“쇄신 안하면 도태… 기술 혁신으로 극복”,2025-01-03,https://www.chosun.com/economy/industry-company/2025/01/03/AIRQXEYU65BVHH3JVSLTOWCDB4,구체적인 주력 업종 경쟁력 강화 방안도 잇따랐다.,"김승연 한화그룹 회장은 “어느 때보다 예측이 불가능한 도전과 어려움을 마주하고 있다”며 “다양한 사업들이 세계를 향해 나아가는 상황에 맞게 전략도 바꿔서, 세계 각국의 고객이 요구하는 최고 수준의 경쟁력을 갖춰야 한다”고 했다.","신동빈 롯데그룹 회장은 “세계 경제가 초불확실성 시대에 돌입했고, 이제 압도적 우위의 핵심 역량을 가진 기업만이 생존할 수 있다”며 “올 한 해 더욱 강도 높은 쇄신이 필요하다”고 했다.",False,"주력 업종의 경쟁력 강화 방안에 대한 언급이지만, 이는 특정한 수치나 통계적 변화를 주장하는 내용이 아니므로 KOSIS 통계로 검증할 수 없습니다.",high,hcx,HCX-007,isclaim-v1.3-prev2-context,2026-07-30
A0036-C011,A0036,“쇄신 안하면 도태… 기술 혁신으로 극복”,2025-01-03,https://www.chosun.com/economy/industry-company/2025/01/03/AIRQXEYU65BVHH3JVSLTOWCDB4,"장인화 포스코그룹 회장도 “철강과 이차전지 소재, 건설(E&C) 등 그룹의 주력 사업들이 생존을 고민해야 할 정도로 심각한 위기라는 걸 냉정하게 인식해야 한다”며 “전고체 배터리와 같은 차세대 기술 표준을 선점하고, 인도·북미 등 글로벌 성장 시장에서 소재부터 제품에 이르는 완결형 현지화 전략으로 성과를 내자”고 했다.",구체적인 주력 업종 경쟁력 강화 방안도 잇따랐다.,"김승연 한화그룹 회장은 “어느 때보다 예측이 불가능한 도전과 어려움을 마주하고 있다”며 “다양한 사업들이 세계를 향해 나아가는 상황에 맞게 전략도 바꿔서, 세계 각국의 고객이 요구하는 최고 수준의 경쟁력을 갖춰야 한다”고 했다.",False,"현재 문장은 철강, 이차전지 소재 및 건설 분야의 위기와 관련된 일반적인 의견을 제시하며, 특정한 수치나 통계적 변화를 주장하지 않습니다.",high,hcx,HCX-007,isclaim-v1.3-prev2-context,2026-07-30
A0036-C012,A0036,“쇄신 안하면 도태… 기술 혁신으로 극복”,2025-01-03,https://www.chosun.com/economy/industry-company/2025/01/03/AIRQXEYU65BVHH3JVSLTOWCDB4,대한항공과 아시아나항공 합병으로 올해 본격적인 통합 작업을 시작하는 한진그룹 조원태 회장은 “지금껏 경험해 보지 못한 혁신의 시간이 필요하다. 반드시 지켜야 할 가치를 굳건히 지켜나가면서도 환골탈태 수준의 변화가 동반되어야 한다”고 했다.,"장인화 포스코그룹 회장도 “철강과 이차전지 소재, 건설(E&C) 등 그룹의 주력 사업들이 생존을 고민해야 할 정도로 심각한 위기라는 걸 냉정하게 인식해야 한다”며 “전고체 배터리와 같은 차세대 기술 표준을 선점하고, 인도·북미 등 글로벌 성장 시장에서 소재부터 제품에 이르는 완결형 현지화 전략으로 성과를 내자”고 했다.",구체적인 주력 업종 경쟁력 강화 방안도 잇따랐다.,False,"조원태 회장의 발언은 한진그룹의 변화에 대한 필요성을 강조하지만, 이는 수치나 통계적인 변화를 주장하는 것이 아닙니다.",high,hcx,HCX-007,isclaim-v1.3-prev2-context,2026-07-30
A0036-C013,A0036,“쇄신 안하면 도태… 기술 혁신으로 극복”,2025-01-03,https://www.chosun.com/economy/industry-company/2025/01/03/AIRQXEYU65BVHH3JVSLTOWCDB4,"권오갑 HD현대 회장은 “중국 조선업의 성장을 막연하게 보는 사람들이 있는데, 절대 그렇지 않다”며 “그룹의 핵심인 조선 사업도 지금과 다른 새로운 방식을 진지하게 고민하고, 기술 혁신을 통한 미래 준비에 역량을 모으자”고 했다.",대한항공과 아시아나항공 합병으로 올해 본격적인 통합 작업을 시작하는 한진그룹 조원태 회장은 “지금껏 경험해 보지 못한 혁신의 시간이 필요하다. 반드시 지켜야 할 가치를 굳건히 지켜나가면서도 환골탈태 수준의 변화가 동반되어야 한다”고 했다.,"장인화 포스코그룹 회장도 “철강과 이차전지 소재, 건설(E&C) 등 그룹의 주력 사업들이 생존을 고민해야 할 정도로 심각한 위기라는 걸 냉정하게 인식해야 한다”며 “전고체 배터리와 같은 차세대 기술 표준을 선점하고, 인도·북미 등 글로벌 성장 시장에서 소재부터 제품에 이르는 완결형 현지화 전략으로 성과를 내자”고 했다.",False,"현재 문장은 중국 조선업의 성장에 대한 일반적인 의견을 제시하며, 구체적인 수치나 통계적인 변화를 언급하지 않습니다.",high,hcx,HCX-007,isclaim-v1.3-prev2-context,2026-07-30
A0036-C014,A0036,“쇄신 안하면 도태… 기술 혁신으로 극복”,2025-01-03,https://www.chosun.com/economy/industry-company/2025/01/03/AIRQXEYU65BVHH3JVSLTOWCDB4,손경식 CJ그룹 회장은 “위기에 어떻게 대응하느냐에 따라 절호의 기회가 되거나 시장에서 도태될 수 있는 절체절명의 기로에 섰다”면서 “위기를 극복하고 성장성을 회복하기 위해 가장 필요한 것은 각 사업에서 초격차 경쟁력을 갖추는 것”이라고 말했다.,"권오갑 HD현대 회장은 “중국 조선업의 성장을 막연하게 보는 사람들이 있는데, 절대 그렇지 않다”며 “그룹의 핵심인 조선 사업도 지금과 다른 새로운 방식을 진지하게 고민하고, 기술 혁신을 통한 미래 준비에 역량을 모으자”고 했다.",대한항공과 아시아나항공 합병으로 올해 본격적인 통합 작업을 시작하는 한진그룹 조원태 회장은 “지금껏 경험해 보지 못한 혁신의 시간이 필요하다. 반드시 지켜야 할 가치를 굳건히 지켜나가면서도 환골탈태 수준의 변화가 동반되어야 한다”고 했다.,False,"현재 문장은 기업의 위기 대응 전략 및 경쟁력 강화 필요성에 대한 의견을 제시하고 있으며, 이는 구체적인 수치나 통계적 변화를 주장하는 것이 아닙니다.",high,hcx,HCX-007,isclaim-v1.3-prev2-context,2026-07-30
A0036-C015,A0036,“쇄신 안하면 도태… 기술 혁신으로 극복”,2025-01-03,https://www.chosun.com/economy/industry-company/2025/01/03/AIRQXEYU65BVHH3JVSLTOWCDB4,본업의 가치를 높이는 기본을 더욱 탄탄히 하자는 메시지도 여럿이었다.,손경식 CJ그룹 회장은 “위기에 어떻게 대응하느냐에 따라 절호의 기회가 되거나 시장에서 도태될 수 있는 절체절명의 기로에 섰다”면서 “위기를 극복하고 성장성을 회복하기 위해 가장 필요한 것은 각 사업에서 초격차 경쟁력을 갖추는 것”이라고 말했다.,"권오갑 HD현대 회장은 “중국 조선업의 성장을 막연하게 보는 사람들이 있는데, 절대 그렇지 않다”며 “그룹의 핵심인 조선 사업도 지금과 다른 새로운 방식을 진지하게 고민하고, 기술 혁신을 통한 미래 준비에 역량을 모으자”고 했다.",False,"현재 문장은 단순한 의견 표현으로, 수치나 통계적인 변화를 주장하지 않는다.",high,hcx,HCX-007,isclaim-v1.3-prev2-context,2026-07-30
A0036-C016,A0036,“쇄신 안하면 도태… 기술 혁신으로 극복”,2025-01-03,https://www.chosun.com/economy/industry-company/2025/01/03/AIRQXEYU65BVHH3JVSLTOWCDB4,"정용진 신세계그룹 회장은 “2025년에 우리의 본업에 대해 집요하게 고민하고 실행해야 한다”며 “늘 새로움을 갈망하는 ‘1등 고객’을 제대로 아는 것이 우리의 본업”이라고 했다. 허태수 GS그룹 회장은 “위기 극복의 지혜와 기업의 생존은 자발적으로 혁신하는 현장의 인재들에게 달렸다”며 “올해 그룹 창립 20주년을 맞아 ‘제2의 창업 정신’을 갖춰야 한다”고 했다. 조현준 효성그룹 회장 역시 “지금 우리는 한 치의 실수도 용납되지 않는 살얼음판 위에 서 있다”면서 “아무리 심각한 위기 속에서도 치밀하게 준비한 사람에게는 반드시 기회가 온다. 온 힘을 모아 지금의 위기를 전화위복의 계기로 만들어야 한다”고 했다. 구본준 LX그룹 회장은 “경쟁 우위에 설 수 있는 사업을 육성해 근원적 경쟁력을 확보해야 한다”고 했고, 정지선 현대백화점그룹 회장은 “관습적으로 일하는 방식에서 벗어나 변화에 대응할 수 있는 더 나은 방법을 찾고 새로운 기회를 만들어야 한다”고 했다. 정한국 기자 2007년부터 조선일보에서 일하고 있다. 기업과 기술, 경제 이슈를 주로 다뤘다. 2025년 현재 재계팀장으로 취재하고 있다. ’",본업의 가치를 높이는 기본을 더욱 탄탄히 하자는 메시지도 여럿이었다.,손경식 CJ그룹 회장은 “위기에 어떻게 대응하느냐에 따라 절호의 기회가 되거나 시장에서 도태될 수 있는 절체절명의 기로에 섰다”면서 “위기를 극복하고 성장성을 회복하기 위해 가장 필요한 것은 각 사업에서 초격차 경쟁력을 갖추는 것”이라고 말했다.,False,"현재 문장은 여러 그룹 회장의 경영 전략 및 위기에 대한 대응 방안을 언급하고 있으며, 이는 구체적인 수치나 통계적인 변화를 주장하는 내용이 아닙니다.",high,hcx,HCX-007,isclaim-v1.3-prev2-context,2026-07-30
A0036-C017,A0036,“쇄신 안하면 도태… 기술 혁신으로 극복”,2025-01-03,https://www.chosun.com/economy/industry-company/2025/01/03/AIRQXEYU65BVHH3JVSLTOWCDB4,12대88의 사회를 넘자' 기획으로 2024년 기획부문 한국기자상을 받았다. ',"정용진 신세계그룹 회장은 “2025년에 우리의 본업에 대해 집요하게 고민하고 실행해야 한다”며 “늘 새로움을 갈망하는 ‘1등 고객’을 제대로 아는 것이 우리의 본업”이라고 했다. 허태수 GS그룹 회장은 “위기 극복의 지혜와 기업의 생존은 자발적으로 혁신하는 현장의 인재들에게 달렸다”며 “올해 그룹 창립 20주년을 맞아 ‘제2의 창업 정신’을 갖춰야 한다”고 했다. 조현준 효성그룹 회장 역시 “지금 우리는 한 치의 실수도 용납되지 않는 살얼음판 위에 서 있다”면서 “아무리 심각한 위기 속에서도 치밀하게 준비한 사람에게는 반드시 기회가 온다. 온 힘을 모아 지금의 위기를 전화위복의 계기로 만들어야 한다”고 했다. 구본준 LX그룹 회장은 “경쟁 우위에 설 수 있는 사업을 육성해 근원적 경쟁력을 확보해야 한다”고 했고, 정지선 현대백화점그룹 회장은 “관습적으로 일하는 방식에서 벗어나 변화에 대응할 수 있는 더 나은 방법을 찾고 새로운 기회를 만들어야 한다”고 했다. 정한국 기자 2007년부터 조선일보에서 일하고 있다. 기업과 기술, 경제 이슈를 주로 다뤘다. 2025년 현재 재계팀장으로 취재하고 있다. ’",본업의 가치를 높이는 기본을 더욱 탄탄히 하자는 메시지도 여럿이었다.,False,"'12대88의 사회를 넘자' 기획으로 2024년 기획부문 한국기자상을 받았다.'는 특정한 사건이나 성과에 대한 언급이지, 수치나 비율 등의 통계적 변화를 주장하는 내용이 아닙니다.",high,hcx,HCX-007,isclaim-v1.3-prev2-context,2026-07-30
A0036-C018,A0036,“쇄신 안하면 도태… 기술 혁신으로 극복”,2025-01-03,https://www.chosun.com/economy/industry-company/2025/01/03/AIRQXEYU65BVHH3JVSLTOWCDB4,K방산 신화를 만든 사람들' 책을 동료들과 함께 출간했다.,12대88의 사회를 넘자' 기획으로 2024년 기획부문 한국기자상을 받았다. ',"정용진 신세계그룹 회장은 “2025년에 우리의 본업에 대해 집요하게 고민하고 실행해야 한다”며 “늘 새로움을 갈망하는 ‘1등 고객’을 제대로 아는 것이 우리의 본업”이라고 했다. 허태수 GS그룹 회장은 “위기 극복의 지혜와 기업의 생존은 자발적으로 혁신하는 현장의 인재들에게 달렸다”며 “올해 그룹 창립 20주년을 맞아 ‘제2의 창업 정신’을 갖춰야 한다”고 했다. 조현준 효성그룹 회장 역시 “지금 우리는 한 치의 실수도 용납되지 않는 살얼음판 위에 서 있다”면서 “아무리 심각한 위기 속에서도 치밀하게 준비한 사람에게는 반드시 기회가 온다. 온 힘을 모아 지금의 위기를 전화위복의 계기로 만들어야 한다”고 했다. 구본준 LX그룹 회장은 “경쟁 우위에 설 수 있는 사업을 육성해 근원적 경쟁력을 확보해야 한다”고 했고, 정지선 현대백화점그룹 회장은 “관습적으로 일하는 방식에서 벗어나 변화에 대응할 수 있는 더 나은 방법을 찾고 새로운 기회를 만들어야 한다”고 했다. 정한국 기자 2007년부터 조선일보에서 일하고 있다. 기업과 기술, 경제 이슈를 주로 다뤘다. 2025년 현재 재계팀장으로 취재하고 있다. ’",False,"현재 문장은 책 출간 소식으로, 수치나 통계적인 변화를 주장하는 내용이 아닙니다.",high,hcx,HCX-007,isclaim-v1.3-prev2-context,2026-07-30
A0037-C001,A0037,최상목 대행 “중기·소상공인에 파격지원 강구…국회와 긴밀히 소통”,2025-01-03,https://www.chosun.com/economy/industry-company/2025/01/03/DJ6VB45KVVBKBNKQ5APKQKECIQ,중소기업계가 최상목 대통령 권한대행 부총리 겸 기획재정부 장관과 우원식 국회의장 등을 만나 정치 상황으로 인한 기업들의 어려움을 토로하며 민생 경제 회복에 매진해 줄 것을 당부했다.,,,False,"현재 문장은 중소기업계의 요청 및 정치적 상황에 대한 내용으로, 수치나 통계적 변화를 주장하지 않습니다.",high,hcx,HCX-007,isclaim-v1.3-prev2-context,2026-07-30
A0037-C002,A0037,최상목 대행 “중기·소상공인에 파격지원 강구…국회와 긴밀히 소통”,2025-01-03,https://www.chosun.com/economy/industry-company/2025/01/03/DJ6VB45KVVBKBNKQ5APKQKECIQ,"중소기업중앙회는 3일 서울 여의도 중기중앙회에서 업종·지역별 중소기업 대표와 중소기업 단체, 정부·국회 등 각계 주요 인사 400여 명을 초청해 ‘2025 중소기업인 신년인사회’를 개최했다고 밝혔다.",중소기업계가 최상목 대통령 권한대행 부총리 겸 기획재정부 장관과 우원식 국회의장 등을 만나 정치 상황으로 인한 기업들의 어려움을 토로하며 민생 경제 회복에 매진해 줄 것을 당부했다.,,False,"현재 문장은 행사 개최 소식으로, 수치나 통계적인 변화를 주장하는 내용이 아닙니다.",high,hcx,HCX-007,isclaim-v1.3-prev2-context,2026-07-30
A0037-C003,A0037,최상목 대행 “중기·소상공인에 파격지원 강구…국회와 긴밀히 소통”,2025-01-03,https://www.chosun.com/economy/industry-company/2025/01/03/DJ6VB45KVVBKBNKQ5APKQKECIQ,"중소기업인 신년인사회는 새해를 맞아 중소기업인들의 한국 경제의 재도약을 다짐하고 정부와 국회, 유관기관과 함께 한 해의 청사진을 그리는 신년하례의 장이다.","중소기업중앙회는 3일 서울 여의도 중기중앙회에서 업종·지역별 중소기업 대표와 중소기업 단체, 정부·국회 등 각계 주요 인사 400여 명을 초청해 ‘2025 중소기업인 신년인사회’를 개최했다고 밝혔다.",중소기업계가 최상목 대통령 권한대행 부총리 겸 기획재정부 장관과 우원식 국회의장 등을 만나 정치 상황으로 인한 기업들의 어려움을 토로하며 민생 경제 회복에 매진해 줄 것을 당부했다.,False,"현재 문장은 중소기업인의 신년인사회 행사 목적 및 성격에 대한 설명으로, 수치나 통계적 변화를 주장하는 내용이 아닙니다.",high,hcx,HCX-007,isclaim-v1.3-prev2-context,2026-07-30
A0037-C004,A0037,최상목 대행 “중기·소상공인에 파격지원 강구…국회와 긴밀히 소통”,2025-01-03,https://www.chosun.com/economy/industry-company/2025/01/03/DJ6VB45KVVBKBNKQ5APKQKECIQ,김기문 중기중앙회장은 신년사를 통해 “요즘 정치 혼란과 이념 갈등으로 우리 기업인들의 상황은 한겨울 날씨보다 힘들고 더 어렵다”며 “국회는 경제와 민생입법에 매진해 주고 정부는 흔들림 없이 경제정책을 펼쳐 달라. 우리 경제인들도 다시 뛰는 대한민국을 위해 최선을 다하겠다”고 말했다.,"중소기업인 신년인사회는 새해를 맞아 중소기업인들의 한국 경제의 재도약을 다짐하고 정부와 국회, 유관기관과 함께 한 해의 청사진을 그리는 신년하례의 장이다.","중소기업중앙회는 3일 서울 여의도 중기중앙회에서 업종·지역별 중소기업 대표와 중소기업 단체, 정부·국회 등 각계 주요 인사 400여 명을 초청해 ‘2025 중소기업인 신년인사회’를 개최했다고 밝혔다.",False,"현재 문장은 단순한 의견 및 요청 사항으로, 수치나 통계적인 변화를 주장하지 않는다.",high,hcx,HCX-007,isclaim-v1.3-prev2-context,2026-07-30
A0037-C005,A0037,최상목 대행 “중기·소상공인에 파격지원 강구…국회와 긴밀히 소통”,2025-01-03,https://www.chosun.com/economy/industry-company/2025/01/03/DJ6VB45KVVBKBNKQ5APKQKECIQ,"최상목 대통령 권한대행은 “미국 신정부 출범과 국내 정치 상황 등으로 어느 떄보다 대내외 불확실성이 큰 상황이고, 특히 중기와 소상공인이 많은 어려움 겪는것도 정부는 잘 알고 있다”며 “중소기업과 소상공인에 대해 과감하고 파격적인 지원 방안을 적극 강구해 나가겠다”고 했다.",김기문 중기중앙회장은 신년사를 통해 “요즘 정치 혼란과 이념 갈등으로 우리 기업인들의 상황은 한겨울 날씨보다 힘들고 더 어렵다”며 “국회는 경제와 민생입법에 매진해 주고 정부는 흔들림 없이 경제정책을 펼쳐 달라. 우리 경제인들도 다시 뛰는 대한민국을 위해 최선을 다하겠다”고 말했다.,"중소기업인 신년인사회는 새해를 맞아 중소기업인들의 한국 경제의 재도약을 다짐하고 정부와 국회, 유관기관과 함께 한 해의 청사진을 그리는 신년하례의 장이다.",False,"현재 문장은 정부의 정책 방향 및 계획에 대한 언급이지, 구체적인 수치나 통계적 변화를 주장하는 내용이 아닙니다.",high,hcx,HCX-007,isclaim-v1.3-prev2-context,2026-07-30
A0037-C006,A0037,최상목 대행 “중기·소상공인에 파격지원 강구…국회와 긴밀히 소통”,2025-01-03,https://www.chosun.com/economy/industry-company/2025/01/03/DJ6VB45KVVBKBNKQ5APKQKECIQ,"또 “국회와 긴밀히 소통해 중소기업, 소상공인이 경제 활동에 전념하도록 총력을 다 하겠다”고 말했다.","최상목 대통령 권한대행은 “미국 신정부 출범과 국내 정치 상황 등으로 어느 떄보다 대내외 불확실성이 큰 상황이고, 특히 중기와 소상공인이 많은 어려움 겪는것도 정부는 잘 알고 있다”며 “중소기업과 소상공인에 대해 과감하고 파격적인 지원 방안을 적극 강구해 나가겠다”고 했다.",김기문 중기중앙회장은 신년사를 통해 “요즘 정치 혼란과 이념 갈등으로 우리 기업인들의 상황은 한겨울 날씨보다 힘들고 더 어렵다”며 “국회는 경제와 민생입법에 매진해 주고 정부는 흔들림 없이 경제정책을 펼쳐 달라. 우리 경제인들도 다시 뛰는 대한민국을 위해 최선을 다하겠다”고 말했다.,False,"현재 문장은 국회의 역할 및 정부의 지원 방안에 대한 의견을 표현하고 있으며, 구체적인 수치나 통계적 변화를 언급하지 않습니다.",high,hcx,HCX-007,isclaim-v1.3-prev2-context,2026-07-30
A0037-C007,A0037,최상목 대행 “중기·소상공인에 파격지원 강구…국회와 긴밀히 소통”,2025-01-03,https://www.chosun.com/economy/industry-company/2025/01/03/DJ6VB45KVVBKBNKQ5APKQKECIQ,"우원식 국회의장은 “지난해 가장 힘들었던 말씀 중에 하나가 IMF, 코로나 때보다 힘들다는 것이었는데, 정치적 불안이 설상가상으로 겹쳐서 정말 마음이 편치 않다”고 했다.","또 “국회와 긴밀히 소통해 중소기업, 소상공인이 경제 활동에 전념하도록 총력을 다 하겠다”고 말했다.","최상목 대통령 권한대행은 “미국 신정부 출범과 국내 정치 상황 등으로 어느 떄보다 대내외 불확실성이 큰 상황이고, 특히 중기와 소상공인이 많은 어려움 겪는것도 정부는 잘 알고 있다”며 “중소기업과 소상공인에 대해 과감하고 파격적인 지원 방안을 적극 강구해 나가겠다”고 했다.",False,"현재 문장은 정치적 불안과 경제적 어려움에 대한 의견을 표현하고 있으며, 구체적인 수치나 통계적 변화를 언급하지 않는다.",high,hcx,HCX-007,isclaim-v1.3-prev2-context,2026-07-30
A0037-C008,A0037,최상목 대행 “중기·소상공인에 파격지원 강구…국회와 긴밀히 소통”,2025-01-03,https://www.chosun.com/economy/industry-company/2025/01/03/DJ6VB45KVVBKBNKQ5APKQKECIQ,그러면서 “경제에서 가장 중요한 게 예측 가능성이다.,"우원식 국회의장은 “지난해 가장 힘들었던 말씀 중에 하나가 IMF, 코로나 때보다 힘들다는 것이었는데, 정치적 불안이 설상가상으로 겹쳐서 정말 마음이 편치 않다”고 했다.","또 “국회와 긴밀히 소통해 중소기업, 소상공인이 경제 활동에 전념하도록 총력을 다 하겠다”고 말했다.",False,"현재 문장은 경제에서의 예측 가능성의 중요성에 대한 일반적인 의견을 제시하며, 구체적인 수치나 통계적 변화를 언급하지 않습니다.",high,hcx,HCX-007,isclaim-v1.3-prev2-context,2026-07-30
A0037-C009,A0037,최상목 대행 “중기·소상공인에 파격지원 강구…국회와 긴밀히 소통”,2025-01-03,https://www.chosun.com/economy/industry-company/2025/01/03/DJ6VB45KVVBKBNKQ5APKQKECIQ,당장은 국정 불안정성 해결하는 것이 가장 중요한 일”이라며 “국회와 정부가 힘을 모아서 빠르게 국정을 안정시키고 최선을 다해 경제가 빠르게 안정되도록 뒷받침하고 국제 신인도 회복을 위해 의회 외교도 강화하겠다”고 말했다.,그러면서 “경제에서 가장 중요한 게 예측 가능성이다.,"우원식 국회의장은 “지난해 가장 힘들었던 말씀 중에 하나가 IMF, 코로나 때보다 힘들다는 것이었는데, 정치적 불안이 설상가상으로 겹쳐서 정말 마음이 편치 않다”고 했다.",False,"현재 문장은 국정 안정성과 경제 안정에 대한 의견을 표현하고 있으며, 이는 특정한 수치나 통계적 변화를 주장하는 내용이 아닙니다.",high,hcx,HCX-007,isclaim-v1.3-prev2-context,2026-07-30
A0037-C010,A0037,최상목 대행 “중기·소상공인에 파격지원 강구…국회와 긴밀히 소통”,2025-01-03,https://www.chosun.com/economy/industry-company/2025/01/03/DJ6VB45KVVBKBNKQ5APKQKECIQ,이번 행사는 중소기업들을 격려하기 위해 최상목 대통령 권한대행과 우원식 국회의장 등 정부와 국회 인사들이 다수 참석했다.,당장은 국정 불안정성 해결하는 것이 가장 중요한 일”이라며 “국회와 정부가 힘을 모아서 빠르게 국정을 안정시키고 최선을 다해 경제가 빠르게 안정되도록 뒷받침하고 국제 신인도 회복을 위해 의회 외교도 강화하겠다”고 말했다.,그러면서 “경제에서 가장 중요한 게 예측 가능성이다.,False,"현재 문장은 특정 행사에 참석한 인물들에 대한 정보 제공으로, 수치나 통계적인 변화를 주장하지 않습니다.",high,hcx,HCX-007,isclaim-v1.3-prev2-context,2026-07-30
A0037-C011,A0037,최상목 대행 “중기·소상공인에 파격지원 강구…국회와 긴밀히 소통”,2025-01-03,https://www.chosun.com/economy/industry-company/2025/01/03/DJ6VB45KVVBKBNKQ5APKQKECIQ,제주항공 여객기 사고 희생자들을 위한 묵념으로 시작했고 참석자들은 모두 근조 리본을 착용하는 등 엄숙한 분위기 속에서 진행됐다.,이번 행사는 중소기업들을 격려하기 위해 최상목 대통령 권한대행과 우원식 국회의장 등 정부와 국회 인사들이 다수 참석했다.,당장은 국정 불안정성 해결하는 것이 가장 중요한 일”이라며 “국회와 정부가 힘을 모아서 빠르게 국정을 안정시키고 최선을 다해 경제가 빠르게 안정되도록 뒷받침하고 국제 신인도 회복을 위해 의회 외교도 강화하겠다”고 말했다.,False,"현재 문장은 제주항공 여객기 사고 희생자들을 위한 묵념 및 참석자들의 복장에 대한 묘사로, 수치나 통계적인 변화를 주장하지 않습니다.",high,hcx,HCX-007,isclaim-v1.3-prev2-context,2026-07-30
A0037-C012,A0037,최상목 대행 “중기·소상공인에 파격지원 강구…국회와 긴밀히 소통”,2025-01-03,https://www.chosun.com/economy/industry-company/2025/01/03/DJ6VB45KVVBKBNKQ5APKQKECIQ,"정부에서는 최 권한대행을 비롯해 조태열 외교부 장관, 김문수 고용노동부 장관, 오영주 중소벤처기업부 장관, 한기정 공정거래위원장, 김병환 금융위원장, 주형환 저출산고령사회위원회 부위원장, 권기섭 경제사회노동위원장 등이 자리했다.",제주항공 여객기 사고 희생자들을 위한 묵념으로 시작했고 참석자들은 모두 근조 리본을 착용하는 등 엄숙한 분위기 속에서 진행됐다.,이번 행사는 중소기업들을 격려하기 위해 최상목 대통령 권한대행과 우원식 국회의장 등 정부와 국회 인사들이 다수 참석했다.,False,"현재 문장은 특정한 수치나 통계적인 변화를 주장하는 내용이 아니며, 단순히 참석한 인물들에 대한 정보를 나열하고 있습니다.",high,hcx,HCX-007,isclaim-v1.3-prev2-context,2026-07-30
A0037-C013,A0037,최상목 대행 “중기·소상공인에 파격지원 강구…국회와 긴밀히 소통”,2025-01-03,https://www.chosun.com/economy/industry-company/2025/01/03/DJ6VB45KVVBKBNKQ5APKQKECIQ,"국회에서는 우 의장과 권성동 국민의힘 원내대표, 이언주 더불어민주당 최고위원, 송언석 기획재정위원장, 김석기 외교통일위원장 등이 참석했다.","정부에서는 최 권한대행을 비롯해 조태열 외교부 장관, 김문수 고용노동부 장관, 오영주 중소벤처기업부 장관, 한기정 공정거래위원장, 김병환 금융위원장, 주형환 저출산고령사회위원회 부위원장, 권기섭 경제사회노동위원장 등이 자리했다.",제주항공 여객기 사고 희생자들을 위한 묵념으로 시작했고 참석자들은 모두 근조 리본을 착용하는 등 엄숙한 분위기 속에서 진행됐다.,False,"현재 문장은 국회 참석자들에 대한 정보 제공으로, 수치나 통계적 변화를 주장하는 내용이 아닙니다.",high,hcx,HCX-007,isclaim-v1.3-prev2-context,2026-07-30
A0037-C014,A0037,최상목 대행 “중기·소상공인에 파격지원 강구…국회와 긴밀히 소통”,2025-01-03,https://www.chosun.com/economy/industry-company/2025/01/03/DJ6VB45KVVBKBNKQ5APKQKECIQ,"경제계에선 김기문 중기중앙회장과 류진 한국경제인협회장, 손경식 경영자총협회장, 최진식 중견기업연합회장 등이 참석했다.","국회에서는 우 의장과 권성동 국민의힘 원내대표, 이언주 더불어민주당 최고위원, 송언석 기획재정위원장, 김석기 외교통일위원장 등이 참석했다.","정부에서는 최 권한대행을 비롯해 조태열 외교부 장관, 김문수 고용노동부 장관, 오영주 중소벤처기업부 장관, 한기정 공정거래위원장, 김병환 금융위원장, 주형환 저출산고령사회위원회 부위원장, 권기섭 경제사회노동위원장 등이 자리했다.",False,"현재 문장은 특정 행사에 참석한 인물들에 대한 정보만 제공하며, 수치나 통계적인 변화를 주장하지 않습니다.",high,hcx,HCX-007,isclaim-v1.3-prev2-context,2026-07-30
A0038-C001,A0038,[경제계 인사] 한국경영정보학회 회장 이동원 교수 외,2025-01-03,https://www.chosun.com/economy/industry-company/2025/01/03/NZ4JF6WXWJCONHR663SPFM27BI,조선일보 입력 2025.01.03. 00:34 0 한국경영정보학회 회장 이동원 교수 한국경영정보학회(KMIS)는 제33대 회장에 이동원 고려대 경영대 교수가 취임했다고 2일 밝혔다.,,,False,"현재 문장은 한국경영정보학회의 새로운 회장 취임 소식으로, 수치나 통계적인 주장과는 관련이 없습니다.",high,hcx,HCX-007,isclaim-v1.3-prev2-context,2026-07-30
A0038-C002,A0038,[경제계 인사] 한국경영정보학회 회장 이동원 교수 외,2025-01-03,https://www.chosun.com/economy/industry-company/2025/01/03/NZ4JF6WXWJCONHR663SPFM27BI,KMIS는 국내외 200여 대학과 750여 기업과 기관에서 활동하는 회원 6000여 명이 소속된 국내 최대 경영정보학 학술 단체다.,조선일보 입력 2025.01.03. 00:34 0 한국경영정보학회 회장 이동원 교수 한국경영정보학회(KMIS)는 제33대 회장에 이동원 고려대 경영대 교수가 취임했다고 2일 밝혔다.,,False,"현재 문장은 KMIS라는 학회의 규모를 설명하는 내용으로, 이는 단순한 정보 제공이지 수치나 비율 등의 통계적 변화를 주장하는 내용이 아닙니다.",high,hcx,HCX-007,isclaim-v1.3-prev2-context,2026-07-30
A0038-C003,A0038,[경제계 인사] 한국경영정보학회 회장 이동원 교수 외,2025-01-03,https://www.chosun.com/economy/industry-company/2025/01/03/NZ4JF6WXWJCONHR663SPFM27BI,이 신임 회장은 “적극적인 소통으로 경영정보학 분야의 학술적 탁월성을 높이겠다”고 했다.,KMIS는 국내외 200여 대학과 750여 기업과 기관에서 활동하는 회원 6000여 명이 소속된 국내 최대 경영정보학 학술 단체다.,조선일보 입력 2025.01.03. 00:34 0 한국경영정보학회 회장 이동원 교수 한국경영정보학회(KMIS)는 제33대 회장에 이동원 고려대 경영대 교수가 취임했다고 2일 밝혔다.,False,"현재 문장은 이동원 신임 회장의 포부에 대한 내용으로, 수치나 통계적 변화를 주장하는 내용이 아닙니다.",high,hcx,HCX-007,isclaim-v1.3-prev2-context,2026-07-30
A0038-C004,A0038,[경제계 인사] 한국경영정보학회 회장 이동원 교수 외,2025-01-03,https://www.chosun.com/economy/industry-company/2025/01/03/NZ4JF6WXWJCONHR663SPFM27BI,대한송유관공사 사장 박창길 대한송유관공사는 지난달 27일 주주총회에서 박창길 전 SK에너지 울산CLX 석유생산본부장을 3년 임기의 새 대표이사 사장으로 선임했다고 2일 밝혔다.,이 신임 회장은 “적극적인 소통으로 경영정보학 분야의 학술적 탁월성을 높이겠다”고 했다.,KMIS는 국내외 200여 대학과 750여 기업과 기관에서 활동하는 회원 6000여 명이 소속된 국내 최대 경영정보학 학술 단체다.,False,"현재 문장은 특정 기업의 인사 발령에 관한 내용으로, 이는 KOSIS에서 검증 가능한 통계적 정보가 아닙니다.",high,hcx,HCX-007,isclaim-v1.3-prev2-context,2026-07-30
A0038-C005,A0038,[경제계 인사] 한국경영정보학회 회장 이동원 교수 외,2025-01-03,https://www.chosun.com/economy/industry-company/2025/01/03/NZ4JF6WXWJCONHR663SPFM27BI,우아한형제들 대표이사 김범석 배달앱 ‘배달의민족’을 운영하는 우아한형제들은 임시주주총회에서 김범석 전 트렌디욜고 CEO를 새 대표이사로 선임했다고 2일 밝혔다.,대한송유관공사 사장 박창길 대한송유관공사는 지난달 27일 주주총회에서 박창길 전 SK에너지 울산CLX 석유생산본부장을 3년 임기의 새 대표이사 사장으로 선임했다고 2일 밝혔다.,이 신임 회장은 “적극적인 소통으로 경영정보학 분야의 학술적 탁월성을 높이겠다”고 했다.,False,"현재 문장은 기업의 대표이사 선임에 관한 내용으로, 이는 개인 기업의 내부 결정 사항이므로 국가통계포털(KOSIS)에서 제공하는 통계 정보와는 관련이 없습니다.",high,hcx,HCX-007,isclaim-v1.3-prev2-context,2026-07-30
A0038-C006,A0038,[경제계 인사] 한국경영정보학회 회장 이동원 교수 외,2025-01-03,https://www.chosun.com/economy/industry-company/2025/01/03/NZ4JF6WXWJCONHR663SPFM27BI,▲ 빙그레 ▷본부장 박병구▷상무 한만준 Video Player is loading.,우아한형제들 대표이사 김범석 배달앱 ‘배달의민족’을 운영하는 우아한형제들은 임시주주총회에서 김범석 전 트렌디욜고 CEO를 새 대표이사로 선임했다고 2일 밝혔다.,대한송유관공사 사장 박창길 대한송유관공사는 지난달 27일 주주총회에서 박창길 전 SK에너지 울산CLX 석유생산본부장을 3년 임기의 새 대표이사 사장으로 선임했다고 2일 밝혔다.,False,"현재 문장은 기업의 임원 명단에 관한 정보로, 수치나 통계적인 변화를 주장하지 않습니다.",high,hcx,HCX-007,isclaim-v1.3-prev2-context,2026-07-30
A0038-C007,A0038,[경제계 인사] 한국경영정보학회 회장 이동원 교수 외,2025-01-03,https://www.chosun.com/economy/industry-company/2025/01/03/NZ4JF6WXWJCONHR663SPFM27BI,"Current Time 0:00 / Duration 1:37 Loaded : 4.12% 0:00 Stream Type LIVE Remaining Time - 1:37 1x Chapters descriptions off , selected subtitles settings , opens subtitles settings dialog subtitles off , selected Ladin , selected This is a modal window.",▲ 빙그레 ▷본부장 박병구▷상무 한만준 Video Player is loading.,우아한형제들 대표이사 김범석 배달앱 ‘배달의민족’을 운영하는 우아한형제들은 임시주주총회에서 김범석 전 트렌디욜고 CEO를 새 대표이사로 선임했다고 2일 밝혔다.,False,"현재 문장은 비디오 플레이어의 시간 및 로딩 상태를 나타내는 정보로, 수치나 통계적인 주장과는 관련이 없습니다.",high,hcx,HCX-007,isclaim-v1.3-prev2-context,2026-07-30
A0038-C008,A0038,[경제계 인사] 한국경영정보학회 회장 이동원 교수 외,2025-01-03,https://www.chosun.com/economy/industry-company/2025/01/03/NZ4JF6WXWJCONHR663SPFM27BI,Beginning of dialog window.,"Current Time 0:00 / Duration 1:37 Loaded : 4.12% 0:00 Stream Type LIVE Remaining Time - 1:37 1x Chapters descriptions off , selected subtitles settings , opens subtitles settings dialog subtitles off , selected Ladin , selected This is a modal window.",▲ 빙그레 ▷본부장 박병구▷상무 한만준 Video Player is loading.,False,"현재 문장은 대화 창 시작 부분으로, 수치나 통계적인 주장을 포함하지 않습니다.",high,hcx,HCX-007,isclaim-v1.3-prev2-context,2026-07-30
A0038-C009,A0038,[경제계 인사] 한국경영정보학회 회장 이동원 교수 외,2025-01-03,https://www.chosun.com/economy/industry-company/2025/01/03/NZ4JF6WXWJCONHR663SPFM27BI,Escape will cancel and close the window.,Beginning of dialog window.,"Current Time 0:00 / Duration 1:37 Loaded : 4.12% 0:00 Stream Type LIVE Remaining Time - 1:37 1x Chapters descriptions off , selected subtitles settings , opens subtitles settings dialog subtitles off , selected Ladin , selected This is a modal window.",False,"현재 문장은 단순한 대화 창 닫기 안내문으로, 수치나 통계적인 변화를 주장하는 내용이 없습니다.",high,hcx,HCX-007,isclaim-v1.3-prev2-context,2026-07-30
A0038-C010,A0038,[경제계 인사] 한국경영정보학회 회장 이동원 교수 외,2025-01-03,https://www.chosun.com/economy/industry-company/2025/01/03/NZ4JF6WXWJCONHR663SPFM27BI,Text Color White Black Red Green Blue Yellow Magenta Cyan Transparency Opaque Semi-Transparent Background Color Black White Red Green Blue Yellow Magenta Cyan Transparency Opaque Semi-Transparent Transparent Window Color Black White Red Green Blue Yellow Magenta Cyan Transparency Transparent Semi-Transparent Opaque Font Size 50% 75% 100% 125% 150% 175% 200% 300% 400% Text Edge Style None Raised Depressed Uniform Dropshadow Font Family Proportional Sans-Serif Monospace Sans-Serif Proportional Serif Monospace Serif Casual Script Small Caps End of dialog window.,Escape will cancel and close the window.,Beginning of dialog window.,False,"현재 문장은 텍스트 색상 및 스타일에 대한 설정 정보를 나열하고 있으며, 이는 수치나 통계적인 정보와는 관련이 없습니다.",high,hcx,HCX-007,isclaim-v1.3-prev2-context,2026-07-30
A0039-C001,A0039,"제주항공 ""6일부터 국내˙국제선 총 1116편 감편""",2025-01-03,https://www.chosun.com/economy/industry-company/2025/01/03/TIR5LLAP7BH7HGYHI36YSHMYBQ,제주항공이 전남 무안공항 여객기 참사의 후속조치로 국내·국제선 총 1116편을 우선 감편한다고 3일 밝혔다.,,,False,"제주항공의 여객기 감편 계획 발표는 특정 기업의 운영 변경 사항으로, 국가 통계의 변화나 KOSIS에서 검증 가능한 내용이 아닙니다.",high,hcx,HCX-007,isclaim-v1.3-prev2-context,2026-07-30
A0039-C002,A0039,"제주항공 ""6일부터 국내˙국제선 총 1116편 감편""",2025-01-03,https://www.chosun.com/economy/industry-company/2025/01/03/TIR5LLAP7BH7HGYHI36YSHMYBQ,회사 측은 “운항 안정성과 정시성을 강화하기 위한 조치”라고 설명했다.,제주항공이 전남 무안공항 여객기 참사의 후속조치로 국내·국제선 총 1116편을 우선 감편한다고 3일 밝혔다.,,False,"문장은 운항 안정성과 정시성 강화를 위한 조치를 설명하며, 이는 단순한 의견이나 원인 설명이므로 KOSIS 통계와 관련이 없다.",high,hcx,HCX-007,isclaim-v1.3-prev2-context,2026-07-30
A0039-C003,A0039,"제주항공 ""6일부터 국내˙국제선 총 1116편 감편""",2025-01-03,https://www.chosun.com/economy/industry-company/2025/01/03/TIR5LLAP7BH7HGYHI36YSHMYBQ,업계에선 사고 이후 제주항공에 대한 예약 취소가 이어진 것도 영향을 미쳤을 것으로 보고있다.,회사 측은 “운항 안정성과 정시성을 강화하기 위한 조치”라고 설명했다.,제주항공이 전남 무안공항 여객기 참사의 후속조치로 국내·국제선 총 1116편을 우선 감편한다고 3일 밝혔다.,False,"현재 문장은 제주항공의 예약 취소 상황에 대한 업계의 추측이므로, 이는 KOSIS 통계로 검증 가능한 수치나 통계적 변화를 주장하지 않습니다.",high,hcx,HCX-007,isclaim-v1.3-prev2-context,2026-07-30
A0039-C004,A0039,"제주항공 ""6일부터 국내˙국제선 총 1116편 감편""",2025-01-03,https://www.chosun.com/economy/industry-company/2025/01/03/TIR5LLAP7BH7HGYHI36YSHMYBQ,감편은 이달 6일부터 3월29일까지 이뤄진다.,업계에선 사고 이후 제주항공에 대한 예약 취소가 이어진 것도 영향을 미쳤을 것으로 보고있다.,회사 측은 “운항 안정성과 정시성을 강화하기 위한 조치”라고 설명했다.,False,"현재 문장은 항공사의 운항 일정 변경에 관한 내용으로, 이는 KOSIS에서 다루는 국가 통계의 범위에 포함되지 않습니다.",high,hcx,HCX-007,isclaim-v1.3-prev2-context,2026-07-30
A0039-C005,A0039,"제주항공 ""6일부터 국내˙국제선 총 1116편 감편""",2025-01-03,https://www.chosun.com/economy/industry-company/2025/01/03/TIR5LLAP7BH7HGYHI36YSHMYBQ,"국내선은 김포-제주, 부산-제주, 청주-제주, 무안-제주 등 4개 노선으로 총 838편이다.",감편은 이달 6일부터 3월29일까지 이뤄진다.,업계에선 사고 이후 제주항공에 대한 예약 취소가 이어진 것도 영향을 미쳤을 것으로 보고있다.,False,"현재 문장은 항공사의 운항 편수에 대한 정보 제공이지만, 이는 특정한 수치나 비율 등의 변화를 주장하는 것이 아니므로 KOSIS를 통해 검증할 필요가 없습니다.",high,hcx,HCX-007,isclaim-v1.3-prev2-context,2026-07-30
A0039-C006,A0039,"제주항공 ""6일부터 국내˙국제선 총 1116편 감편""",2025-01-03,https://www.chosun.com/economy/industry-company/2025/01/03/TIR5LLAP7BH7HGYHI36YSHMYBQ,"국제선은 무안에서 나가사키, 방콕, 코타키나발루, 타이베이, 장자제를 각각 오가는 5개 노선, 278편이 대상이다.","국내선은 김포-제주, 부산-제주, 청주-제주, 무안-제주 등 4개 노선으로 총 838편이다.",감편은 이달 6일부터 3월29일까지 이뤄진다.,False,"현재 문장은 항공편의 수를 나열하며, 이는 단순한 정보 제공이지 수치나 비율 등의 변화를 주장하는 것이 아닙니다.",high,hcx,HCX-007,isclaim-v1.3-prev2-context,2026-07-30
A0039-C007,A0039,"제주항공 ""6일부터 국내˙국제선 총 1116편 감편""",2025-01-03,https://www.chosun.com/economy/industry-company/2025/01/03/TIR5LLAP7BH7HGYHI36YSHMYBQ,제주항공은 “비운항이 결정된 항공편은 당사 인접편으로 변경 혹은 환불 조치를 하겠다”면서 “추가 비운항 노선도 확정되는대로 안내하겠다”고 밝혔다.,"국제선은 무안에서 나가사키, 방콕, 코타키나발루, 타이베이, 장자제를 각각 오가는 5개 노선, 278편이 대상이다.","국내선은 김포-제주, 부산-제주, 청주-제주, 무안-제주 등 4개 노선으로 총 838편이다.",False,"현재 문장은 제주항공의 비운항 조치 및 환불 정책에 대한 내용으로, 수치나 통계적인 변화를 주장하지 않습니다.",high,hcx,HCX-007,isclaim-v1.3-prev2-context,2026-07-30
A0039-C008,A0039,"제주항공 ""6일부터 국내˙국제선 총 1116편 감편""",2025-01-03,https://www.chosun.com/economy/industry-company/2025/01/03/TIR5LLAP7BH7HGYHI36YSHMYBQ,제주항공은 추가적인 노선 감편을 포함해 총 1900편의 운항량을 감축하겠다는 계획이다.,제주항공은 “비운항이 결정된 항공편은 당사 인접편으로 변경 혹은 환불 조치를 하겠다”면서 “추가 비운항 노선도 확정되는대로 안내하겠다”고 밝혔다.,"국제선은 무안에서 나가사키, 방콕, 코타키나발루, 타이베이, 장자제를 각각 오가는 5개 노선, 278편이 대상이다.",True,제주항공의 운항량 감축 계획은 특정 기업의 매출 및 실적 관련 정보이므로 KOSIS 통계로 검증하기 어렵다.,low,hcx,HCX-007,isclaim-v1.3-prev2-context,2026-07-30
A0039-C009,A0039,"제주항공 ""6일부터 국내˙국제선 총 1116편 감편""",2025-01-03,https://www.chosun.com/economy/industry-company/2025/01/03/TIR5LLAP7BH7HGYHI36YSHMYBQ,"운항 빈도가 높은 국내선을 비롯해 일본, 동남아 등의 노선이 감편 대상이다.",제주항공은 추가적인 노선 감편을 포함해 총 1900편의 운항량을 감축하겠다는 계획이다.,제주항공은 “비운항이 결정된 항공편은 당사 인접편으로 변경 혹은 환불 조치를 하겠다”면서 “추가 비운항 노선도 확정되는대로 안내하겠다”고 밝혔다.,False,"현재 문장은 제주항공의 운항량 감축 계획 중 일부로서, 특정한 수치나 통계적 변화를 주장하는 것이 아니라 단순히 감편 대상 노선에 대한 정보를 제공하고 있습니다.",high,hcx,HCX-007,isclaim-v1.3-prev2-context,2026-07-30
A0039-C010,A0039,"제주항공 ""6일부터 국내˙국제선 총 1116편 감편""",2025-01-03,https://www.chosun.com/economy/industry-company/2025/01/03/TIR5LLAP7BH7HGYHI36YSHMYBQ,"이날 제주항공의 사고 브리핑에서 ‘감편에 따른 실적 영향’ 질문이 나오자, 송경훈 경영지원본부장은 “매출 감소 같은 부분은 지금 고려할 사항이 아니다”면서 “운항 안정성을 고려하는 것이 현 상황의 우선 과제”라고 말했다.","운항 빈도가 높은 국내선을 비롯해 일본, 동남아 등의 노선이 감편 대상이다.",제주항공은 추가적인 노선 감편을 포함해 총 1900편의 운항량을 감축하겠다는 계획이다.,False,"현재 문장은 제주항공의 경영지원본부장이 감편에 따른 매출 감소 부분을 고려하지 않고 있다고 발언한 내용으로, 이는 단순한 의견 표명이므로 KOSIS 통계로 검증 가능한 수치나 통계적 변화를 주장하지 않습니다.",high,hcx,HCX-007,isclaim-v1.3-prev2-context,2026-07-30
A0040-C001,A0040,의협회장 선거 김택우·주수호 맞대결로… 7∼8일 결선 투표,2025-01-04,https://www.chosun.com/national/welfare-medical/2025/01/04/UOLNU2ZU5NFN7BISC4S5HT7YPY,대한의사협회(의협) 신임 회장을 뽑는 투표에서 김택우 전국시도의사협의회장과 주수호 전 의협 회장이 각각 1위와 2위를 차지했다.,,,False,대한의사협회 신임 회장 선거 결과는 특정 사건이나 개인에 관련된 정보이므로 KOSIS에서 검증 가능한 통계 주장이 아닙니다.,high,hcx,HCX-007,isclaim-v1.3-prev2-context,2026-07-30
A0040-C002,A0040,의협회장 선거 김택우·주수호 맞대결로… 7∼8일 결선 투표,2025-01-04,https://www.chosun.com/national/welfare-medical/2025/01/04/UOLNU2ZU5NFN7BISC4S5HT7YPY,이에 따라 두 후보는 오는 7∼8일 이틀간 결선에 진출하게 됐다.,대한의사협회(의협) 신임 회장을 뽑는 투표에서 김택우 전국시도의사협의회장과 주수호 전 의협 회장이 각각 1위와 2위를 차지했다.,,False,"현재 문장은 선거 결과에 따른 후보자들에 대한 정보 전달로서, 수치나 통계적인 변화를 주장하지 않습니다.",high,hcx,HCX-007,isclaim-v1.3-prev2-context,2026-07-30
A0040-C003,A0040,의협회장 선거 김택우·주수호 맞대결로… 7∼8일 결선 투표,2025-01-04,https://www.chosun.com/national/welfare-medical/2025/01/04/UOLNU2ZU5NFN7BISC4S5HT7YPY,"4일 의협에 따르면, 지난 2일부터 4일까지 사흘간 이어진 회장 선거 투표에서 총 유효 투표수 2만9295표(투표율 56.45%) 중 김택우 후보가 8103표(27.66%), 주수호 후보가 7666표(26.17%)를 얻었다.",이에 따라 두 후보는 오는 7∼8일 이틀간 결선에 진출하게 됐다.,대한의사협회(의협) 신임 회장을 뽑는 투표에서 김택우 전국시도의사협의회장과 주수호 전 의협 회장이 각각 1위와 2위를 차지했다.,False,"현재 문장은 대한의사협회 회장 선거 결과에 대한 정보를 제공하고 있으며, 이는 특정한 통계나 수치 변화에 관한 주장이 아닙니다.",high,hcx,HCX-007,isclaim-v1.3-prev2-context,2026-07-30
A0040-C004,A0040,의협회장 선거 김택우·주수호 맞대결로… 7∼8일 결선 투표,2025-01-04,https://www.chosun.com/national/welfare-medical/2025/01/04/UOLNU2ZU5NFN7BISC4S5HT7YPY,"이어 최안나 의협 대변인 5543표(18.92%), 이동욱 경기도의사회장 4595표(15.69%), 강희경 서울의대 교수 3388표(11.57%) 순이었다.","4일 의협에 따르면, 지난 2일부터 4일까지 사흘간 이어진 회장 선거 투표에서 총 유효 투표수 2만9295표(투표율 56.45%) 중 김택우 후보가 8103표(27.66%), 주수호 후보가 7666표(26.17%)를 얻었다.",이에 따라 두 후보는 오는 7∼8일 이틀간 결선에 진출하게 됐다.,False,"현재 문장은 후보자별 득표 수를 나열하고 있으며, 이는 개별 사건에 대한 단순한 정보 제공이므로 KOSIS 통계로 검증 가능한 내용이 아닙니다.",high,hcx,HCX-007,isclaim-v1.3-prev2-context,2026-07-30
A0040-C005,A0040,의협회장 선거 김택우·주수호 맞대결로… 7∼8일 결선 투표,2025-01-04,https://www.chosun.com/national/welfare-medical/2025/01/04/UOLNU2ZU5NFN7BISC4S5HT7YPY,이날 1차 투표에서 과반을 득표한 후보가 나오지 않음에 따라 1·2위가 결선 투표를 치른다.,"이어 최안나 의협 대변인 5543표(18.92%), 이동욱 경기도의사회장 4595표(15.69%), 강희경 서울의대 교수 3388표(11.57%) 순이었다.","4일 의협에 따르면, 지난 2일부터 4일까지 사흘간 이어진 회장 선거 투표에서 총 유효 투표수 2만9295표(투표율 56.45%) 중 김택우 후보가 8103표(27.66%), 주수호 후보가 7666표(26.17%)를 얻었다.",False,"현재 문장은 특정 사건에서의 투표 결과에 대한 내용으로, 이는 단순한 사실 전달이지 수치나 비율 등의 통계적 변화를 주장하는 것이 아닙니다.",high,hcx,HCX-007,isclaim-v1.3-prev2-context,2026-07-30
A0040-C006,A0040,의협회장 선거 김택우·주수호 맞대결로… 7∼8일 결선 투표,2025-01-04,https://www.chosun.com/national/welfare-medical/2025/01/04/UOLNU2ZU5NFN7BISC4S5HT7YPY,결선 투표는 오는 7~8일 전자 투표로 진행된다.,이날 1차 투표에서 과반을 득표한 후보가 나오지 않음에 따라 1·2위가 결선 투표를 치른다.,"이어 최안나 의협 대변인 5543표(18.92%), 이동욱 경기도의사회장 4595표(15.69%), 강희경 서울의대 교수 3388표(11.57%) 순이었다.",False,"결선 투표 일정에 대한 정보 제공이지만, 이는 수치나 통계적 변화와 관련된 주장이 아닙니다.",high,hcx,HCX-007,isclaim-v1.3-prev2-context,2026-07-30
A0040-C007,A0040,의협회장 선거 김택우·주수호 맞대결로… 7∼8일 결선 투표,2025-01-04,https://www.chosun.com/national/welfare-medical/2025/01/04/UOLNU2ZU5NFN7BISC4S5HT7YPY,이번 선거는 지난해 5월 취임한 임현택 전 회장이 각종 막말 논란과 함께 6개월 만에 탄핵되면서 치러졌다.,결선 투표는 오는 7~8일 전자 투표로 진행된다.,이날 1차 투표에서 과반을 득표한 후보가 나오지 않음에 따라 1·2위가 결선 투표를 치른다.,False,"현재 문장은 선거가 치러진 이유에 대한 설명으로, 수치나 통계적인 변화를 주장하지 않습니다.",high,hcx,HCX-007,isclaim-v1.3-prev2-context,2026-07-30
A0040-C008,A0040,의협회장 선거 김택우·주수호 맞대결로… 7∼8일 결선 투표,2025-01-04,https://www.chosun.com/national/welfare-medical/2025/01/04/UOLNU2ZU5NFN7BISC4S5HT7YPY,당선인은 곧바로 취임해 2027년 4월 30일까지인 임현택 전 회장의 잔여 임기 동안 의협 회장직을 맡으며 14만여 명 의사들을 대표하게 된다.,이번 선거는 지난해 5월 취임한 임현택 전 회장이 각종 막말 논란과 함께 6개월 만에 탄핵되면서 치러졌다.,결선 투표는 오는 7~8일 전자 투표로 진행된다.,False,"현재 문장은 특정 직위의 임기와 관련된 정보이지만, 이는 수치나 통계적인 변화를 주장하는 내용이 아니므로 KOSIS를 통해 검증할 필요가 없습니다.",high,hcx,HCX-007,isclaim-v1.3-prev2-context,2026-07-30
A0041-C001,A0041,치솟는 환율에 식품 물가도 급등,2025-01-04,https://www.chosun.com/economy/economy_general/2025/01/04/7SPGFC4RFZEDLDPFTQHVDM2K2E,환율 상승으로 주요 먹거리와 생활필수품 가격이 줄줄이 오르면서 장바구니 물가에 빨간 경보등이 켜졌다.,,,False,"문장에서 환율 상승으로 인해 물가가 오르는 상황을 설명하지만, 이는 구체적인 수치나 비율을 제시하지 않으며, KOSIS에서 직접적인 검증을 할 수 있는 내용이 아닙니다.",high,hcx,HCX-007,isclaim-v1.3-prev2-context,2026-07-30
A0041-C002,A0041,치솟는 환율에 식품 물가도 급등,2025-01-04,https://www.chosun.com/economy/economy_general/2025/01/04/7SPGFC4RFZEDLDPFTQHVDM2K2E,지난해 12월부터 달러 대비 원화 환율이 1400원 선을 넘는 고환율이 장기화하면서 해외에서 수입해 오는 식품 원재료 가격이 치솟은 탓이다.,환율 상승으로 주요 먹거리와 생활필수품 가격이 줄줄이 오르면서 장바구니 물가에 빨간 경보등이 켜졌다.,,True,"해외에서 수입해 오는 식품 원재료 가격이 치솟았다는 내용은 환율 상승과 관련이 있으며, 이는 국가 경제 및 물가와 관련된 통계적인 변화를 포함하므로 KOSIS에서 검증할 수 있다.",high,hcx,HCX-007,isclaim-v1.3-prev2-context,2026-07-30
A0041-C003,A0041,치솟는 환율에 식품 물가도 급등,2025-01-04,https://www.chosun.com/economy/economy_general/2025/01/04/7SPGFC4RFZEDLDPFTQHVDM2K2E,지난해 말 상승한 국제 곡물 가격도 3~4개월 시차를 두고 국내 식품 물가에 반영될 가능성이 높다.,지난해 12월부터 달러 대비 원화 환율이 1400원 선을 넘는 고환율이 장기화하면서 해외에서 수입해 오는 식품 원재료 가격이 치솟은 탓이다.,환율 상승으로 주요 먹거리와 생활필수품 가격이 줄줄이 오르면서 장바구니 물가에 빨간 경보등이 켜졌다.,True,국제 곡물 가격 상승이 국내 식품 물가에 영향을 미칠 것이라는 예측은 국내 경제 및 물가와 관련된 통계적인 변화를 언급하므로 KOSIS를 통해 검증 가능하다.,high,hcx,HCX-007,isclaim-v1.3-prev2-context,2026-07-30
A0041-C004,A0041,치솟는 환율에 식품 물가도 급등,2025-01-04,https://www.chosun.com/economy/economy_general/2025/01/04/7SPGFC4RFZEDLDPFTQHVDM2K2E,"3일 한국소비자원이 전국 대형마트와 편의점 500여 곳을 조사해 발표하는 ‘생필품 가격 보고서’에 따르면, 지난달 20일 기준 초콜릿·카레·커피 등 주요 가공식품 175개 품목 가운데 121개(69%) 품목의 평균 가격이 1년 전보다 오른 것으로 나타났다.",지난해 말 상승한 국제 곡물 가격도 3~4개월 시차를 두고 국내 식품 물가에 반영될 가능성이 높다.,지난해 12월부터 달러 대비 원화 환율이 1400원 선을 넘는 고환율이 장기화하면서 해외에서 수입해 오는 식품 원재료 가격이 치솟은 탓이다.,True,"현재 문장은 주요 가공식품 175개 품목 중 121개의 평균 가격이 1년 전에 비해 올랐다는 구체적인 통계를 제시하고 있으며, 이는 국가통계포털(KOSIS)에서 관련 데이터를 통해 검증할 수 있는 내용이다.",high,hcx,HCX-007,isclaim-v1.3-prev2-context,2026-07-30
A0041-C005,A0041,치솟는 환율에 식품 물가도 급등,2025-01-04,https://www.chosun.com/economy/economy_general/2025/01/04/7SPGFC4RFZEDLDPFTQHVDM2K2E,"175개 품목의 평균 물가 상승폭은 3.9%로, 지난해 연간 소비자물가지수 상승폭(2.3%)을 뛰어넘었다.","3일 한국소비자원이 전국 대형마트와 편의점 500여 곳을 조사해 발표하는 ‘생필품 가격 보고서’에 따르면, 지난달 20일 기준 초콜릿·카레·커피 등 주요 가공식품 175개 품목 가운데 121개(69%) 품목의 평균 가격이 1년 전보다 오른 것으로 나타났다.",지난해 말 상승한 국제 곡물 가격도 3~4개월 시차를 두고 국내 식품 물가에 반영될 가능성이 높다.,True,"현재 문장은 175개 품목의 평균 물가 상승폭이 지난해 연간 소비자물가지수 상승폭을 초과했다는 구체적인 수치 정보를 포함하고 있으며, 이는 국가통계포털(KOSIS)에서 관련 통계를 통해 검증할 수 있는 내용입니다.",high,hcx,HCX-007,isclaim-v1.3-prev2-context,2026-07-30
A0041-C006,A0041,치솟는 환율에 식품 물가도 급등,2025-01-04,https://www.chosun.com/economy/economy_general/2025/01/04/7SPGFC4RFZEDLDPFTQHVDM2K2E,"주요 가공식품 가운데 초콜릿(핫브레이크 미니·33.6%), 커피(맥심 티오피 마스터 라떼·32.3%), 카레(청정원 카레여왕 비프카레·25.5%) 등 원재료를 해외 수입에 의존하는 품목들의 가격이 크게 올랐다.","175개 품목의 평균 물가 상승폭은 3.9%로, 지난해 연간 소비자물가지수 상승폭(2.3%)을 뛰어넘었다.","3일 한국소비자원이 전국 대형마트와 편의점 500여 곳을 조사해 발표하는 ‘생필품 가격 보고서’에 따르면, 지난달 20일 기준 초콜릿·카레·커피 등 주요 가공식품 175개 품목 가운데 121개(69%) 품목의 평균 가격이 1년 전보다 오른 것으로 나타났다.",True,"현재 문장은 주요 가공식품 중 일부 품목의 가격 상승률을 구체적으로 언급하며, 이는 국가통계포털(KOSIS)에서 해당 품목의 물가 변동을 비교하여 검증할 수 있는 내용이기 때문에 True로 판단된다.",high,hcx,HCX-007,isclaim-v1.3-prev2-context,2026-07-30
A0041-C007,A0041,치솟는 환율에 식품 물가도 급등,2025-01-04,https://www.chosun.com/economy/economy_general/2025/01/04/7SPGFC4RFZEDLDPFTQHVDM2K2E,◇정국 어수선한 틈 타 생필품·명품도 인상 “이달 물가 2% 오를 듯” 물가 상승률이 둔화됐는데도 가공식품 물가가 오른 것은 환율이 상승(원화 가치 약세)했기 때문이다.,"주요 가공식품 가운데 초콜릿(핫브레이크 미니·33.6%), 커피(맥심 티오피 마스터 라떼·32.3%), 카레(청정원 카레여왕 비프카레·25.5%) 등 원재료를 해외 수입에 의존하는 품목들의 가격이 크게 올랐다.","175개 품목의 평균 물가 상승폭은 3.9%로, 지난해 연간 소비자물가지수 상승폭(2.3%)을 뛰어넘었다.",True,"문장에서 이달 물가가 2% 오를 것이라는 예측과 가공식품 물가가 올랐다는 내용이 있으며, 이는 KOSIS에서 물가 관련 통계를 통해 검증할 수 있는 내용이다.",high,hcx,HCX-007,isclaim-v1.3-prev2-context,2026-07-30
A0041-C008,A0041,치솟는 환율에 식품 물가도 급등,2025-01-04,https://www.chosun.com/economy/economy_general/2025/01/04/7SPGFC4RFZEDLDPFTQHVDM2K2E,"환율이 오르면 코코아와 설탕, 밀 등 원재료를 외국에서 수입해 올 때 더 많은 원화를 써야 하기 때문에 가공식품이나 외식 가격이 오르게 된다.",◇정국 어수선한 틈 타 생필품·명품도 인상 “이달 물가 2% 오를 듯” 물가 상승률이 둔화됐는데도 가공식품 물가가 오른 것은 환율이 상승(원화 가치 약세)했기 때문이다.,"주요 가공식품 가운데 초콜릿(핫브레이크 미니·33.6%), 커피(맥심 티오피 마스터 라떼·32.3%), 카레(청정원 카레여왕 비프카레·25.5%) 등 원재료를 해외 수입에 의존하는 품목들의 가격이 크게 올랐다.",True,"문장에서 환율 상승이 가공식품 및 외식 가격에 미치는 영향을 설명하며, 이는 국가 경제와 관련된 통계적인 변화를 포함하기 때문에 KOSIS에서 관련 통계를 통해 검증할 수 있다.",high,hcx,HCX-007,isclaim-v1.3-prev2-context,2026-07-30
A0041-C009,A0041,치솟는 환율에 식품 물가도 급등,2025-01-04,https://www.chosun.com/economy/economy_general/2025/01/04/7SPGFC4RFZEDLDPFTQHVDM2K2E,"지난해 11월 1일 1378원이던 환율은 미 대선에서 도널드 트럼프 전 대통령의 재선이 확정된 6일 1399.3원으로 뛰었고, 비상계엄과 탄핵소추 등 정국 혼란이 이어진 12월에는 1470원 선까지 치솟았다.","환율이 오르면 코코아와 설탕, 밀 등 원재료를 외국에서 수입해 올 때 더 많은 원화를 써야 하기 때문에 가공식품이나 외식 가격이 오르게 된다.",◇정국 어수선한 틈 타 생필품·명품도 인상 “이달 물가 2% 오를 듯” 물가 상승률이 둔화됐는데도 가공식품 물가가 오른 것은 환율이 상승(원화 가치 약세)했기 때문이다.,False,"현재 문장은 환율 변동에 대한 사실을 서술하고 있으며, 이는 특정한 수치나 비율 등의 변화를 주장하는 것이 아니라 단순히 역사적 사실로서 기술되고 있다.",high,hcx,HCX-007,isclaim-v1.3-prev2-context,2026-07-30
A0041-C010,A0041,치솟는 환율에 식품 물가도 급등,2025-01-04,https://www.chosun.com/economy/economy_general/2025/01/04/7SPGFC4RFZEDLDPFTQHVDM2K2E,안동현 서울대 경제학부 교수는 “정부가 선제적인 재정 투입으로 환율발(發) 물가 상승을 억제해야 한다”고 했다.,"지난해 11월 1일 1378원이던 환율은 미 대선에서 도널드 트럼프 전 대통령의 재선이 확정된 6일 1399.3원으로 뛰었고, 비상계엄과 탄핵소추 등 정국 혼란이 이어진 12월에는 1470원 선까지 치솟았다.","환율이 오르면 코코아와 설탕, 밀 등 원재료를 외국에서 수입해 올 때 더 많은 원화를 써야 하기 때문에 가공식품이나 외식 가격이 오르게 된다.",False,"현재 문장은 정부의 재정 투입 필요성에 대한 교수의 의견을 제시하고 있으며, 이는 특정한 수치나 통계적 변화를 주장하는 것이 아닙니다.",high,hcx,HCX-007,isclaim-v1.3-prev2-context,2026-07-30
A0041-C011,A0041,치솟는 환율에 식품 물가도 급등,2025-01-04,https://www.chosun.com/economy/economy_general/2025/01/04/7SPGFC4RFZEDLDPFTQHVDM2K2E,"환율과 곡물 가격 상승이 양방향에서 물가 불안을 자극하는 가운데, 일부 기업들은 올해 초 정국이 어수선한 틈을 타 생필품부터 초고가 명품까지 전방위적으로 가격을 올리고 있다.",안동현 서울대 경제학부 교수는 “정부가 선제적인 재정 투입으로 환율발(發) 물가 상승을 억제해야 한다”고 했다.,"지난해 11월 1일 1378원이던 환율은 미 대선에서 도널드 트럼프 전 대통령의 재선이 확정된 6일 1399.3원으로 뛰었고, 비상계엄과 탄핵소추 등 정국 혼란이 이어진 12월에는 1470원 선까지 치솟았다.",False,"현재 문장은 환율과 곡물 가격 상승이 물가 불안을 자극한다는 일반적인 상황을 서술하고 있으며, 이는 특정한 수치나 통계적 변화를 주장하는 것이 아닙니다.",high,hcx,HCX-007,isclaim-v1.3-prev2-context,2026-07-30
A0041-C012,A0041,치솟는 환율에 식품 물가도 급등,2025-01-04,https://www.chosun.com/economy/economy_general/2025/01/04/7SPGFC4RFZEDLDPFTQHVDM2K2E,"유통 업계 관계자는 “지난해 내내 원부자재 가격, 인건비 등으로 원가 압박이 쌓이고 있었다”며 “그동안 눈치 보느라 가격을 올리지 못했던 기업들도 우르르 가격 인상 대열에 합류하고 있다”고 말했다.","환율과 곡물 가격 상승이 양방향에서 물가 불안을 자극하는 가운데, 일부 기업들은 올해 초 정국이 어수선한 틈을 타 생필품부터 초고가 명품까지 전방위적으로 가격을 올리고 있다.",안동현 서울대 경제학부 교수는 “정부가 선제적인 재정 투입으로 환율발(發) 물가 상승을 억제해야 한다”고 했다.,False,"현재 문장은 기업들이 원부자재 가격 및 인건비로 인해 원가 압박을 느끼고 있으며, 이에 따라 가격 인상을 단행하고 있다는 내용을 담고 있습니다. 이는 개별 기업의 상황에 대한 설명이지, 국가 통계의 변화나 KOSIS에서 검증 가능한 구체적인 수치나 비율 등의 주장을 포함하지 않습니다.",high,hcx,HCX-007,isclaim-v1.3-prev2-context,2026-07-30
A0041-C013,A0041,치솟는 환율에 식품 물가도 급등,2025-01-04,https://www.chosun.com/economy/economy_general/2025/01/04/7SPGFC4RFZEDLDPFTQHVDM2K2E,"편의점 업계에 따르면 동아오츠카의 포카리스웨트와 데미소다 캔은 1600원에서 1700원으로 100원씩, 오리온의 다이제 초코는 2500원에서 2800원으로 12% 올랐다.","유통 업계 관계자는 “지난해 내내 원부자재 가격, 인건비 등으로 원가 압박이 쌓이고 있었다”며 “그동안 눈치 보느라 가격을 올리지 못했던 기업들도 우르르 가격 인상 대열에 합류하고 있다”고 말했다.","환율과 곡물 가격 상승이 양방향에서 물가 불안을 자극하는 가운데, 일부 기업들은 올해 초 정국이 어수선한 틈을 타 생필품부터 초고가 명품까지 전방위적으로 가격을 올리고 있다.",False,"현재 문장은 개별 제품의 가격 변동에 대한 정보를 제공하고 있으며, 이는 특정 기업의 매출이나 실적과는 관련이 있지만 국가집계 통계와는 거리가 멉니다.",high,hcx,HCX-007,isclaim-v1.3-prev2-context,2026-07-30
A0041-C014,A0041,치솟는 환율에 식품 물가도 급등,2025-01-04,https://www.chosun.com/economy/economy_general/2025/01/04/7SPGFC4RFZEDLDPFTQHVDM2K2E,"크리넥스 각티슈(150매)는 5650원에서 5950원으로, 참그린 세제는 3900원에서 4500원으로 600원(15.3%)이나 올랐다.","편의점 업계에 따르면 동아오츠카의 포카리스웨트와 데미소다 캔은 1600원에서 1700원으로 100원씩, 오리온의 다이제 초코는 2500원에서 2800원으로 12% 올랐다.","유통 업계 관계자는 “지난해 내내 원부자재 가격, 인건비 등으로 원가 압박이 쌓이고 있었다”며 “그동안 눈치 보느라 가격을 올리지 못했던 기업들도 우르르 가격 인상 대열에 합류하고 있다”고 말했다.",True,"현재 문장은 특정 제품의 가격 상승에 대한 구체적인 정보를 제공하고 있으며, 이는 KOSIS를 통해 해당 제품의 가격 변동을 비교 및 검증할 수 있는 내용이기 때문에 True로 판단됩니다.",high,hcx,HCX-007,isclaim-v1.3-prev2-context,2026-07-30
A0041-C015,A0041,치솟는 환율에 식품 물가도 급등,2025-01-04,https://www.chosun.com/economy/economy_general/2025/01/04/7SPGFC4RFZEDLDPFTQHVDM2K2E,"코젤·필스너우르켈·페로니 맥주 500mL 캔 가격도 4500원에서 4900원으로 올랐고, 할인 행사가는 4캔 1만2000원에서 1만3000원으로 올랐다.","크리넥스 각티슈(150매)는 5650원에서 5950원으로, 참그린 세제는 3900원에서 4500원으로 600원(15.3%)이나 올랐다.","편의점 업계에 따르면 동아오츠카의 포카리스웨트와 데미소다 캔은 1600원에서 1700원으로 100원씩, 오리온의 다이제 초코는 2500원에서 2800원으로 12% 올랐다.",False,"현재 문장은 특정 제품의 가격 상승에 대한 내용이지만, 이는 개별 기업의 매출이나 실적 관련 정보로서 국가통계포털(KOSIS)에서 제공하는 집계 통계와는 관련이 없습니다.",high,hcx,HCX-007,isclaim-v1.3-prev2-context,2026-07-30
A0041-C016,A0041,치솟는 환율에 식품 물가도 급등,2025-01-04,https://www.chosun.com/economy/economy_general/2025/01/04/7SPGFC4RFZEDLDPFTQHVDM2K2E,해외 명품 브랜드도 원자재값 상승과 환율 변동 등을 이유로 수십만원씩 가격을 올리고 있다.,"코젤·필스너우르켈·페로니 맥주 500mL 캔 가격도 4500원에서 4900원으로 올랐고, 할인 행사가는 4캔 1만2000원에서 1만3000원으로 올랐다.","크리넥스 각티슈(150매)는 5650원에서 5950원으로, 참그린 세제는 3900원에서 4500원으로 600원(15.3%)이나 올랐다.",False,"해외 명품 브랜드의 가격 상승 원인에 대한 설명이지만, 이는 특정 기업의 매출이나 가격에 관한 정보로 KOSIS에서 대조 가능한 국내 집계 통계가 아닙니다.",high,hcx,HCX-007,isclaim-v1.3-prev2-context,2026-07-30
A0041-C017,A0041,치솟는 환율에 식품 물가도 급등,2025-01-04,https://www.chosun.com/economy/economy_general/2025/01/04/7SPGFC4RFZEDLDPFTQHVDM2K2E,스위스 시계 브랜드 롤렉스는 인기 모델인 ‘데이트저스트 오이스터스틸·화이트골드 36㎜’ 국내 판매가를 기존 1292만원에서 1373만원으로 81만원(6.3%) 올렸다.,해외 명품 브랜드도 원자재값 상승과 환율 변동 등을 이유로 수십만원씩 가격을 올리고 있다.,"코젤·필스너우르켈·페로니 맥주 500mL 캔 가격도 4500원에서 4900원으로 올랐고, 할인 행사가는 4캔 1만2000원에서 1만3000원으로 올랐다.",False,"해외 명품 브랜드의 가격 인상 사례로, 국내 집계 통계나 KOSIS에서 대조 가능한 정보가 아닙니다.",high,hcx,HCX-007,isclaim-v1.3-prev2-context,2026-07-30
A0041-C018,A0041,치솟는 환율에 식품 물가도 급등,2025-01-04,https://www.chosun.com/economy/economy_general/2025/01/04/7SPGFC4RFZEDLDPFTQHVDM2K2E,에르메스는 반지 제품인 ‘에버 헤라클레스 웨딩 밴드’를 기존 477만원에서 527만원으로 50만원(10.5%) 인상했다.,스위스 시계 브랜드 롤렉스는 인기 모델인 ‘데이트저스트 오이스터스틸·화이트골드 36㎜’ 국내 판매가를 기존 1292만원에서 1373만원으로 81만원(6.3%) 올렸다.,해외 명품 브랜드도 원자재값 상승과 환율 변동 등을 이유로 수십만원씩 가격을 올리고 있다.,False,특정 기업의 제품 가격에 대한 정보이므로 KOSIS 통계로 검증할 수 없다.,high,hcx,HCX-007,isclaim-v1.3-prev2-context,2026-07-30
A0041-C019,A0041,치솟는 환율에 식품 물가도 급등,2025-01-04,https://www.chosun.com/economy/economy_general/2025/01/04/7SPGFC4RFZEDLDPFTQHVDM2K2E,가방 제품인 ‘쁘띠 코스 백’은 기존 706만원에서 770만원으로 64만원(9%) 올랐다.,에르메스는 반지 제품인 ‘에버 헤라클레스 웨딩 밴드’를 기존 477만원에서 527만원으로 50만원(10.5%) 인상했다.,스위스 시계 브랜드 롤렉스는 인기 모델인 ‘데이트저스트 오이스터스틸·화이트골드 36㎜’ 국내 판매가를 기존 1292만원에서 1373만원으로 81만원(6.3%) 올렸다.,False,"특정 제품의 가격 인상에 대한 내용으로, 이는 개별 기업의 매출이나 실적과는 관련이 있지만 국가 통계의 범주에 속하지 않습니다.",high,hcx,HCX-007,isclaim-v1.3-prev2-context,2026-07-30
A0041-C020,A0041,치솟는 환율에 식품 물가도 급등,2025-01-04,https://www.chosun.com/economy/economy_general/2025/01/04/7SPGFC4RFZEDLDPFTQHVDM2K2E,"이 밖에 태그호이어, 브라이틀링, 고야드, 티파니 등 여타 명품 브랜드들도 연초 가격 인상을 했거나 할 계획인 것으로 알려졌다.",가방 제품인 ‘쁘띠 코스 백’은 기존 706만원에서 770만원으로 64만원(9%) 올랐다.,에르메스는 반지 제품인 ‘에버 헤라클레스 웨딩 밴드’를 기존 477만원에서 527만원으로 50만원(10.5%) 인상했다.,False,"현재 문장은 여러 명품 브랜드들이 가격을 인상했거나 인상할 계획이라는 일반적인 정보를 전달하지만, 이는 특정한 수치나 비율 등의 통계적 변화를 주장하는 것이 아니므로 KOSIS 통계로 검증할 수 있는 내용이 아닙니다.",high,hcx,HCX-007,isclaim-v1.3-prev2-context,2026-07-30
A0041-C021,A0041,치솟는 환율에 식품 물가도 급등,2025-01-04,https://www.chosun.com/economy/economy_general/2025/01/04/7SPGFC4RFZEDLDPFTQHVDM2K2E,정부는 지난달까지 4개월간 1%대를 유지한 물가 상승률이 이달에는 2%대로 올라설 것으로 보고 있다.,"이 밖에 태그호이어, 브라이틀링, 고야드, 티파니 등 여타 명품 브랜드들도 연초 가격 인상을 했거나 할 계획인 것으로 알려졌다.",가방 제품인 ‘쁘띠 코스 백’은 기존 706만원에서 770만원으로 64만원(9%) 올랐다.,True,"정부가 예측한 물가 상승률 변화에 대한 내용으로, 이는 국가 경제 지표 중 하나로 KOSIS에서 관련 통계를 확인할 수 있습니다.",high,hcx,HCX-007,isclaim-v1.3-prev2-context,2026-07-30
A0041-C022,A0041,치솟는 환율에 식품 물가도 급등,2025-01-04,https://www.chosun.com/economy/economy_general/2025/01/04/7SPGFC4RFZEDLDPFTQHVDM2K2E,김웅 한국은행 부총재보는 지난달 31일 “1월 소비자물가 상승률은 최근 고환율 등으로 좀 더 높아질 가능성이 있다”고 말했다.,정부는 지난달까지 4개월간 1%대를 유지한 물가 상승률이 이달에는 2%대로 올라설 것으로 보고 있다.,"이 밖에 태그호이어, 브라이틀링, 고야드, 티파니 등 여타 명품 브랜드들도 연초 가격 인상을 했거나 할 계획인 것으로 알려졌다.",True,문장에서 언급된 '1월 소비자물가 상승률'은 국가통계포털(KOSIS)에서 제공하는 소비자물가지수와 관련된 통계 자료로 검증할 수 있는 내용이기 때문에 True로 판단된다.,high,hcx,HCX-007,isclaim-v1.3-prev2-context,2026-07-30
A0041-C023,A0041,치솟는 환율에 식품 물가도 급등,2025-01-04,https://www.chosun.com/economy/economy_general/2025/01/04/7SPGFC4RFZEDLDPFTQHVDM2K2E,환율 수입물가 먹거리 강우량 기자 2020년 조선일보에 입사해 사회부를 거쳐 경제부에서 일하고 있습니다.,김웅 한국은행 부총재보는 지난달 31일 “1월 소비자물가 상승률은 최근 고환율 등으로 좀 더 높아질 가능성이 있다”고 말했다.,정부는 지난달까지 4개월간 1%대를 유지한 물가 상승률이 이달에는 2%대로 올라설 것으로 보고 있다.,False,"현재 문장은 단순한 개인 정보 및 직업 소개로서, 수치나 통계적인 변화를 주장하는 내용이 아닙니다.",high,hcx,HCX-007,isclaim-v1.3-prev2-context,2026-07-30
A0041-C024,A0041,치솟는 환율에 식품 물가도 급등,2025-01-04,https://www.chosun.com/economy/economy_general/2025/01/04/7SPGFC4RFZEDLDPFTQHVDM2K2E,"금융 당국과 은행, 보험, 카드 등 금융권을 취재하고 있습니다.",환율 수입물가 먹거리 강우량 기자 2020년 조선일보에 입사해 사회부를 거쳐 경제부에서 일하고 있습니다.,김웅 한국은행 부총재보는 지난달 31일 “1월 소비자물가 상승률은 최근 고환율 등으로 좀 더 높아질 가능성이 있다”고 말했다.,False,"현재 문장은 단순한 직업 정보나 업무 내용을 기술하고 있으며, 수치나 통계적인 변화를 주장하는 내용이 아닙니다.",high,hcx,HCX-007,isclaim-v1.3-prev2-context,2026-07-30
A0041-C025,A0041,치솟는 환율에 식품 물가도 급등,2025-01-04,https://www.chosun.com/economy/economy_general/2025/01/04/7SPGFC4RFZEDLDPFTQHVDM2K2E,"사실을 직시하고, 진실에 귀 기울이겠습니다.","금융 당국과 은행, 보험, 카드 등 금융권을 취재하고 있습니다.",환율 수입물가 먹거리 강우량 기자 2020년 조선일보에 입사해 사회부를 거쳐 경제부에서 일하고 있습니다.,False,"현재 문장은 단순한 언론사의 보도 원칙을 나타내는 문장으로, 수치나 통계적인 변화를 주장하지 않습니다.",high,hcx,HCX-007,isclaim-v1.3-prev2-context,2026-07-30
A0041-C026,A0041,치솟는 환율에 식품 물가도 급등,2025-01-04,https://www.chosun.com/economy/economy_general/2025/01/04/7SPGFC4RFZEDLDPFTQHVDM2K2E,구독수 259,"사실을 직시하고, 진실에 귀 기울이겠습니다.","금융 당국과 은행, 보험, 카드 등 금융권을 취재하고 있습니다.",False,"구독수는 특정 기사의 개별적인 수치로서, 국가통계포털(KOSIS)에서 이를 대조하거나 검증할 수 있는 정보가 아닙니다.",high,hcx,HCX-007,isclaim-v1.3-prev2-context,2026-07-30
A0042-C001,A0042,"80대에도 쌩쌩, 돈 대신 이것 저축해야 건강하게 오래산다",2025-01-04,https://www.chosun.com/economy/economy_general/2025/01/04/WB5P65JP3FH2DD6BJHX6AYQGMQ,“저금하고 연금 붓듯이 근육도 젊을 때부터 모아야 합니다. 근육 통장을 만드세요.”,,,False,"현재 문장은 건강 관련 조언으로, 수치나 통계적인 변화를 주장하는 내용이 아닙니다.",high,hcx,HCX-007,isclaim-v1.3-prev2-context,2026-07-30
A0042-C002,A0042,"80대에도 쌩쌩, 돈 대신 이것 저축해야 건강하게 오래산다",2025-01-04,https://www.chosun.com/economy/economy_general/2025/01/04/WB5P65JP3FH2DD6BJHX6AYQGMQ,도쿄건강장수의료센터 최초의 한국인 연구부장 출신 김헌경(68) 박사는 근육 운동법을 전파하고 있다.,“저금하고 연금 붓듯이 근육도 젊을 때부터 모아야 합니다. 근육 통장을 만드세요.”,,False,"현재 문장은 김헌경 박사의 활동에 대한 설명으로, 수치나 통계적인 변화를 주장하는 내용이 아닙니다.",high,hcx,HCX-007,isclaim-v1.3-prev2-context,2026-07-30
A0042-C003,A0042,"80대에도 쌩쌩, 돈 대신 이것 저축해야 건강하게 오래산다",2025-01-04,https://www.chosun.com/economy/economy_general/2025/01/04/WB5P65JP3FH2DD6BJHX6AYQGMQ,그는 “하루 10분 근육 운동으로 수 천만원의 노후 진료비를 아낄 수 있다”며 ‘근육 테크(근육+재테크)’를 강조한다.,도쿄건강장수의료센터 최초의 한국인 연구부장 출신 김헌경(68) 박사는 근육 운동법을 전파하고 있다.,“저금하고 연금 붓듯이 근육도 젊을 때부터 모아야 합니다. 근육 통장을 만드세요.”,False,"현재 문장은 하루 10분의 근육 운동으로 노후 진료비를 절약할 수 있다는 권장 사항으로, 이는 구체적인 통계나 수치적인 변화를 주장하는 것이 아닙니다.",high,hcx,HCX-007,isclaim-v1.3-prev2-context,2026-07-30
A0042-C004,A0042,"80대에도 쌩쌩, 돈 대신 이것 저축해야 건강하게 오래산다",2025-01-04,https://www.chosun.com/economy/economy_general/2025/01/04/WB5P65JP3FH2DD6BJHX6AYQGMQ,"근육만 단련해도 낙상, 골절, 보행기능 저하, 인지기능 저하, 근감소증 등 5대 노인 증후군을 막을 수 있다는 뜻이다.",그는 “하루 10분 근육 운동으로 수 천만원의 노후 진료비를 아낄 수 있다”며 ‘근육 테크(근육+재테크)’를 강조한다.,도쿄건강장수의료센터 최초의 한국인 연구부장 출신 김헌경(68) 박사는 근육 운동법을 전파하고 있다.,False,"현재 문장은 근육 운동이 노인의 건강 문제를 예방할 수 있다는 일반적인 건강 정보를 제공하고 있으며, 이는 특정한 수치나 통계적 변화를 주장하는 것이 아닙니다.",high,hcx,HCX-007,isclaim-v1.3-prev2-context,2026-07-30
A0042-C005,A0042,"80대에도 쌩쌩, 돈 대신 이것 저축해야 건강하게 오래산다",2025-01-04,https://www.chosun.com/economy/economy_general/2025/01/04/WB5P65JP3FH2DD6BJHX6AYQGMQ,김 박사는 1972년 일본에서 처음으로 노인의학과 건강 장수 연구를 목적으로 세운 병원과 연구소인 도쿄건강장수의료센터에서 노화와 근골격계 연구를 총괄했다.,"근육만 단련해도 낙상, 골절, 보행기능 저하, 인지기능 저하, 근감소증 등 5대 노인 증후군을 막을 수 있다는 뜻이다.",그는 “하루 10분 근육 운동으로 수 천만원의 노후 진료비를 아낄 수 있다”며 ‘근육 테크(근육+재테크)’를 강조한다.,False,"현재 문장은 김 박사의 경력 및 역할에 대한 설명으로, 수치나 통계적인 변화를 주장하는 내용이 아닙니다.",high,hcx,HCX-007,isclaim-v1.3-prev2-context,2026-07-30
A0042-C006,A0042,"80대에도 쌩쌩, 돈 대신 이것 저축해야 건강하게 오래산다",2025-01-04,https://www.chosun.com/economy/economy_general/2025/01/04/WB5P65JP3FH2DD6BJHX6AYQGMQ,"일본 건강 방송 프로그램에 다수 출연하고, 지역사회를 찾아 노년층을 위한 근력 운동 프로그램 등을 운영한 김 박사는 2022년 정년 퇴임 후 한국과 일본을 오가며 연구와 강연을 이어가고 있다.",김 박사는 1972년 일본에서 처음으로 노인의학과 건강 장수 연구를 목적으로 세운 병원과 연구소인 도쿄건강장수의료센터에서 노화와 근골격계 연구를 총괄했다.,"근육만 단련해도 낙상, 골절, 보행기능 저하, 인지기능 저하, 근감소증 등 5대 노인 증후군을 막을 수 있다는 뜻이다.",False,"현재 문장은 김 박사의 활동 및 경력에 대한 설명으로, 수치나 통계적인 변화를 주장하는 내용이 아닙니다.",high,hcx,HCX-007,isclaim-v1.3-prev2-context,2026-07-30
A0042-C007,A0042,"80대에도 쌩쌩, 돈 대신 이것 저축해야 건강하게 오래산다",2025-01-04,https://www.chosun.com/economy/economy_general/2025/01/04/WB5P65JP3FH2DD6BJHX6AYQGMQ,일본의 장수 노인들의 특징을 오랜 기간 연구한 김 박사가 추천하는 근육 운동법은 무엇일까.,"일본 건강 방송 프로그램에 다수 출연하고, 지역사회를 찾아 노년층을 위한 근력 운동 프로그램 등을 운영한 김 박사는 2022년 정년 퇴임 후 한국과 일본을 오가며 연구와 강연을 이어가고 있다.",김 박사는 1972년 일본에서 처음으로 노인의학과 건강 장수 연구를 목적으로 세운 병원과 연구소인 도쿄건강장수의료센터에서 노화와 근골격계 연구를 총괄했다.,False,"현재 문장은 김 박사의 연구 주제나 활동에 대한 설명이지, 수치나 통계적인 변화를 주장하는 내용이 아닙니다.",high,hcx,HCX-007,isclaim-v1.3-prev2-context,2026-07-30
A0042-C008,A0042,"80대에도 쌩쌩, 돈 대신 이것 저축해야 건강하게 오래산다",2025-01-04,https://www.chosun.com/economy/economy_general/2025/01/04/WB5P65JP3FH2DD6BJHX6AYQGMQ,그는 일본 연구팀이 입증한 중년 근육 운동 효과도 공개했다.,일본의 장수 노인들의 특징을 오랜 기간 연구한 김 박사가 추천하는 근육 운동법은 무엇일까.,"일본 건강 방송 프로그램에 다수 출연하고, 지역사회를 찾아 노년층을 위한 근력 운동 프로그램 등을 운영한 김 박사는 2022년 정년 퇴임 후 한국과 일본을 오가며 연구와 강연을 이어가고 있다.",False,"현재 문장은 일본 연구팀이 입증한 중년 근육 운동 효과에 대해 언급하지만, 이는 특정한 수치나 통계적인 변화를 주장하는 것이 아니므로 KOSIS 통계로 검증 가능한 내용이 아닙니다.",high,hcx,HCX-007,isclaim-v1.3-prev2-context,2026-07-30
A0042-C009,A0042,"80대에도 쌩쌩, 돈 대신 이것 저축해야 건강하게 오래산다",2025-01-04,https://www.chosun.com/economy/economy_general/2025/01/04/WB5P65JP3FH2DD6BJHX6AYQGMQ,지난달 20~21일 서울 강남구 대치동 세텍(SETEC)에서 열린 ‘2025 대한민국 재테크 박람회’에서 김헌경 박사가 진행한 강연을 통해 운동 노하우를 알아보자.,그는 일본 연구팀이 입증한 중년 근육 운동 효과도 공개했다.,일본의 장수 노인들의 특징을 오랜 기간 연구한 김 박사가 추천하는 근육 운동법은 무엇일까.,False,"현재 문장은 특정 행사나 강연 정보를 제공하는 내용으로, 수치나 통계적인 변화를 주장하는 내용이 아닙니다.",high,hcx,HCX-007,isclaim-v1.3-prev2-context,2026-07-30
A0042-C010,A0042,"80대에도 쌩쌩, 돈 대신 이것 저축해야 건강하게 오래산다",2025-01-04,https://www.chosun.com/economy/economy_general/2025/01/04/WB5P65JP3FH2DD6BJHX6AYQGMQ,근육 운동을 시작해야 하는 시기는 언제일까.,지난달 20~21일 서울 강남구 대치동 세텍(SETEC)에서 열린 ‘2025 대한민국 재테크 박람회’에서 김헌경 박사가 진행한 강연을 통해 운동 노하우를 알아보자.,그는 일본 연구팀이 입증한 중년 근육 운동 효과도 공개했다.,False,"현재 문장은 단순한 질문 형태로, 수치나 통계적인 변화를 주장하는 내용이 아닙니다.",high,hcx,HCX-007,isclaim-v1.3-prev2-context,2026-07-30
A0042-C011,A0042,"80대에도 쌩쌩, 돈 대신 이것 저축해야 건강하게 오래산다",2025-01-04,https://www.chosun.com/economy/economy_general/2025/01/04/WB5P65JP3FH2DD6BJHX6AYQGMQ,"김 박사는 “남성은 50대, 여성은 60대부터 근육 감소가 가속화된다”며 “적어도 운동을 하려면 40대 중반부터는 대비해야 한다”고 말했다.",근육 운동을 시작해야 하는 시기는 언제일까.,지난달 20~21일 서울 강남구 대치동 세텍(SETEC)에서 열린 ‘2025 대한민국 재테크 박람회’에서 김헌경 박사가 진행한 강연을 통해 운동 노하우를 알아보자.,False,"현재 문장은 남성과 여성의 근육 감소 시기에 대한 일반적인 정보를 제공하고 있으며, 이는 특정한 수치나 비율 등의 통계적 주장을 포함하지 않습니다.",high,hcx,HCX-007,isclaim-v1.3-prev2-context,2026-07-30
A0042-C012,A0042,"80대에도 쌩쌩, 돈 대신 이것 저축해야 건강하게 오래산다",2025-01-04,https://www.chosun.com/economy/economy_general/2025/01/04/WB5P65JP3FH2DD6BJHX6AYQGMQ,미리미리 근육 보험을 들고 저축하라는 뜻이다.,"김 박사는 “남성은 50대, 여성은 60대부터 근육 감소가 가속화된다”며 “적어도 운동을 하려면 40대 중반부터는 대비해야 한다”고 말했다.",근육 운동을 시작해야 하는 시기는 언제일까.,False,"현재 문장은 단순한 비유 표현으로, 구체적인 수치나 통계적인 변화를 주장하지 않습니다.",high,hcx,HCX-007,isclaim-v1.3-prev2-context,2026-07-30
A0042-C013,A0042,"80대에도 쌩쌩, 돈 대신 이것 저축해야 건강하게 오래산다",2025-01-04,https://www.chosun.com/economy/economy_general/2025/01/04/WB5P65JP3FH2DD6BJHX6AYQGMQ,사실 요즘에는 유튜브나 방송 등 다양한 매체를 통해 근육운동법을 쉽게 접할 수 있다.,미리미리 근육 보험을 들고 저축하라는 뜻이다.,"김 박사는 “남성은 50대, 여성은 60대부터 근육 감소가 가속화된다”며 “적어도 운동을 하려면 40대 중반부터는 대비해야 한다”고 말했다.",False,"현재 문장은 유튜브나 방송을 통한 근육운동법 접근성에 대한 단순한 서술이므로, KOSIS를 통해 검증 가능한 수치나 통계적 변화를 주장하지 않는다.",high,hcx,HCX-007,isclaim-v1.3-prev2-context,2026-07-30
A0042-C014,A0042,"80대에도 쌩쌩, 돈 대신 이것 저축해야 건강하게 오래산다",2025-01-04,https://www.chosun.com/economy/economy_general/2025/01/04/WB5P65JP3FH2DD6BJHX6AYQGMQ,그러나 김 박사는 혼자 운동할 때에 주의해야 할 사항이 있다고 당부한다.,사실 요즘에는 유튜브나 방송 등 다양한 매체를 통해 근육운동법을 쉽게 접할 수 있다.,미리미리 근육 보험을 들고 저축하라는 뜻이다.,False,"현재 문장은 개인 운동 시의 주의사항에 대한 조언이므로, 이는 KOSIS에서 검증 가능한 수치나 통계적 변화와는 관련이 없습니다.",high,hcx,HCX-007,isclaim-v1.3-prev2-context,2026-07-30
A0042-C015,A0042,"80대에도 쌩쌩, 돈 대신 이것 저축해야 건강하게 오래산다",2025-01-04,https://www.chosun.com/economy/economy_general/2025/01/04/WB5P65JP3FH2DD6BJHX6AYQGMQ,그는 “단순히 동작을 하는 게 아니라 힘을 세게 줘서 근육이 느껴질 만큼 ‘빡’ 하고 올렸다 내렸다 하며 동작을 해야 한다”고 말했다.,그러나 김 박사는 혼자 운동할 때에 주의해야 할 사항이 있다고 당부한다.,사실 요즘에는 유튜브나 방송 등 다양한 매체를 통해 근육운동법을 쉽게 접할 수 있다.,False,"현재 문장은 근육운동을 어떻게 해야 하는지에 대한 방법을 설명하고 있으며, 이는 수치나 통계적인 변화와는 관련이 없다.",high,hcx,HCX-007,isclaim-v1.3-prev2-context,2026-07-30
A0042-C016,A0042,"80대에도 쌩쌩, 돈 대신 이것 저축해야 건강하게 오래산다",2025-01-04,https://www.chosun.com/economy/economy_general/2025/01/04/WB5P65JP3FH2DD6BJHX6AYQGMQ,근육에 자극을 주라는 것이다.,그는 “단순히 동작을 하는 게 아니라 힘을 세게 줘서 근육이 느껴질 만큼 ‘빡’ 하고 올렸다 내렸다 하며 동작을 해야 한다”고 말했다.,그러나 김 박사는 혼자 운동할 때에 주의해야 할 사항이 있다고 당부한다.,False,"현재 문장은 단순한 운동 방법에 대한 조언으로, 수치나 통계적인 변화를 주장하지 않습니다.",high,hcx,HCX-007,isclaim-v1.3-prev2-context,2026-07-30
A0042-C017,A0042,"80대에도 쌩쌩, 돈 대신 이것 저축해야 건강하게 오래산다",2025-01-04,https://www.chosun.com/economy/economy_general/2025/01/04/WB5P65JP3FH2DD6BJHX6AYQGMQ,"그는 “동작을 한 번 할 때마다 8~12번 정도, 하루에 2~3세트씩 하루 10분이라도 투자해보라”고 말했다.",근육에 자극을 주라는 것이다.,그는 “단순히 동작을 하는 게 아니라 힘을 세게 줘서 근육이 느껴질 만큼 ‘빡’ 하고 올렸다 내렸다 하며 동작을 해야 한다”고 말했다.,False,"운동 방법에 대한 조언으로, 특정 수치나 통계적 변화를 주장하는 것이 아닙니다.",high,hcx,HCX-007,isclaim-v1.3-prev2-context,2026-07-30
A0042-C018,A0042,"80대에도 쌩쌩, 돈 대신 이것 저축해야 건강하게 오래산다",2025-01-04,https://www.chosun.com/economy/economy_general/2025/01/04/WB5P65JP3FH2DD6BJHX6AYQGMQ,▶네이버 등 포털사이트에서 김헌경 박사의 강연을 영상으로 보시려면 다음 링크를 복사해서 접속해보세요.,"그는 “동작을 한 번 할 때마다 8~12번 정도, 하루에 2~3세트씩 하루 10분이라도 투자해보라”고 말했다.",근육에 자극을 주라는 것이다.,False,"현재 문장은 특정 강연 영상을 시청할 수 있는 링크 제공을 목적으로 하고 있으며, 수치나 통계적인 변화를 주장하는 내용이 아닙니다.",high,hcx,HCX-007,isclaim-v1.3-prev2-context,2026-07-30
A0042-C019,A0042,"80대에도 쌩쌩, 돈 대신 이것 저축해야 건강하게 오래산다",2025-01-04,https://www.chosun.com/economy/economy_general/2025/01/04/WB5P65JP3FH2DD6BJHX6AYQGMQ,https://youtu.be/NmUtNsZytG8,▶네이버 등 포털사이트에서 김헌경 박사의 강연을 영상으로 보시려면 다음 링크를 복사해서 접속해보세요.,"그는 “동작을 한 번 할 때마다 8~12번 정도, 하루에 2~3세트씩 하루 10분이라도 투자해보라”고 말했다.",False,URL 링크 제공으로 수치나 통계적 변화를 주장하는 내용이 아님,high,hcx,HCX-007,isclaim-v1.3-prev2-context,2026-07-30
A0043-C001,A0043,“불확실성 공포 가늠조차 못 해… 경제 위해 협치해달라”,2025-01-04,https://www.chosun.com/economy/industry-company/2025/01/04/7MO4R7LTQVE7XDFEVL3KATGUAM,대한상공회의소와 중소기업중앙회는 3일 경제계 신년 인사회를 각각 개최했다.,,,False,"현재 문장은 경제계 신년 인회에 관한 내용으로, 수치나 통계적인 변화를 주장하지 않습니다.",high,hcx,HCX-007,isclaim-v1.3-prev2-context,2026-07-30
A0043-C002,A0043,“불확실성 공포 가늠조차 못 해… 경제 위해 협치해달라”,2025-01-04,https://www.chosun.com/economy/industry-company/2025/01/04/7MO4R7LTQVE7XDFEVL3KATGUAM,경제계 신년 인사회는 1962년부터 매년 열려온 경제계의 가장 큰 신년 행사다.,대한상공회의소와 중소기업중앙회는 3일 경제계 신년 인사회를 각각 개최했다.,,False,"현재 문장은 경제계 신년 인사회가 매년 열리는 행사라는 역사적 사실을 설명하고 있으며, 이는 수치나 통계적인 변화를 주장하는 내용이 아닙니다.",high,hcx,HCX-007,isclaim-v1.3-prev2-context,2026-07-30
A0043-C003,A0043,“불확실성 공포 가늠조차 못 해… 경제 위해 협치해달라”,2025-01-04,https://www.chosun.com/economy/industry-company/2025/01/04/7MO4R7LTQVE7XDFEVL3KATGUAM,"두 단체는 2023년·2024년엔 공동 개최했으나, 올해는 최상목 대통령 권한대행이 참석한 가운데 주요 인사들과 자리를 따로 마련하고 최근 ‘탄핵 사태’ 등으로 심화된 기업의 어려움을 극복하자고 강조했다.",경제계 신년 인사회는 1962년부터 매년 열려온 경제계의 가장 큰 신년 행사다.,대한상공회의소와 중소기업중앙회는 3일 경제계 신년 인사회를 각각 개최했다.,False,"현재 문장은 경제계 신년 인사회가 어떻게 개최되었는지와 관련된 내용으로, 수치나 통계적인 변화를 주장하지 않습니다.",high,hcx,HCX-007,isclaim-v1.3-prev2-context,2026-07-30
A0043-C004,A0043,“불확실성 공포 가늠조차 못 해… 경제 위해 협치해달라”,2025-01-04,https://www.chosun.com/economy/industry-company/2025/01/04/7MO4R7LTQVE7XDFEVL3KATGUAM,대한상공회의소가 주최하는 ‘2025년 경제계 신년 인사회’가 3일 최상목 대통령 권한대행과 삼성·SK·현대차·LG 등 국내 4대 그룹 총수를 비롯한 정·재계 인사 600여 명이 참석한 가운데 열렸다.,"두 단체는 2023년·2024년엔 공동 개최했으나, 올해는 최상목 대통령 권한대행이 참석한 가운데 주요 인사들과 자리를 따로 마련하고 최근 ‘탄핵 사태’ 등으로 심화된 기업의 어려움을 극복하자고 강조했다.",경제계 신년 인사회는 1962년부터 매년 열려온 경제계의 가장 큰 신년 행사다.,False,"현재 문장은 단순한 이벤트의 개최 사실을 전달하며, 수치나 통계적인 변화를 주장하지 않는다.",high,hcx,HCX-007,isclaim-v1.3-prev2-context,2026-07-30
A0043-C005,A0043,“불확실성 공포 가늠조차 못 해… 경제 위해 협치해달라”,2025-01-04,https://www.chosun.com/economy/industry-company/2025/01/04/7MO4R7LTQVE7XDFEVL3KATGUAM,이 행사는 유신 선포로 중단된 1973년을 제외하고는 1962년부터 60여 년간 빠짐없이 열려왔다.,대한상공회의소가 주최하는 ‘2025년 경제계 신년 인사회’가 3일 최상목 대통령 권한대행과 삼성·SK·현대차·LG 등 국내 4대 그룹 총수를 비롯한 정·재계 인사 600여 명이 참석한 가운데 열렸다.,"두 단체는 2023년·2024년엔 공동 개최했으나, 올해는 최상목 대통령 권한대행이 참석한 가운데 주요 인사들과 자리를 따로 마련하고 최근 ‘탄핵 사태’ 등으로 심화된 기업의 어려움을 극복하자고 강조했다.",False,"현재 문장은 연례적인 행사의 지속성에 관한 역사적 사실을 언급하며, 이는 특정한 수치나 통계적 변화를 주장하는 것이 아니므로 KOSIS를 통해 검증할 필요가 없습니다.",high,hcx,HCX-007,isclaim-v1.3-prev2-context,2026-07-30
A0043-C006,A0043,“불확실성 공포 가늠조차 못 해… 경제 위해 협치해달라”,2025-01-04,https://www.chosun.com/economy/industry-company/2025/01/04/7MO4R7LTQVE7XDFEVL3KATGUAM,올해도 탄핵을 비롯한 정국 혼란과 전남 무안공항 참사에 따른 국가 애도 기간 중임에도 열렸다.,이 행사는 유신 선포로 중단된 1973년을 제외하고는 1962년부터 60여 년간 빠짐없이 열려왔다.,대한상공회의소가 주최하는 ‘2025년 경제계 신년 인사회’가 3일 최상목 대통령 권한대행과 삼성·SK·현대차·LG 등 국내 4대 그룹 총수를 비롯한 정·재계 인사 600여 명이 참석한 가운데 열렸다.,False,"현재 문장은 정국 혼란과 국가 애도 기간에 열린 행사에 대한 단순한 서술로, 수치나 통계적인 변화를 주장하지 않습니다.",high,hcx,HCX-007,isclaim-v1.3-prev2-context,2026-07-30
A0043-C007,A0043,“불확실성 공포 가늠조차 못 해… 경제 위해 협치해달라”,2025-01-04,https://www.chosun.com/economy/industry-company/2025/01/04/7MO4R7LTQVE7XDFEVL3KATGUAM,참석자들은 무안 참사 희생자를 위한 묵념으로 행사를 시작했다.,올해도 탄핵을 비롯한 정국 혼란과 전남 무안공항 참사에 따른 국가 애도 기간 중임에도 열렸다.,이 행사는 유신 선포로 중단된 1973년을 제외하고는 1962년부터 60여 년간 빠짐없이 열려왔다.,False,"현재 문장은 특정 사건(무안 참사)의 희생자를 위한 묵념이라는 단순한 사실을 전달하며, 수치나 통계적인 변화를 주장하지 않습니다.",high,hcx,HCX-007,isclaim-v1.3-prev2-context,2026-07-30
A0043-C008,A0043,“불확실성 공포 가늠조차 못 해… 경제 위해 협치해달라”,2025-01-04,https://www.chosun.com/economy/industry-company/2025/01/04/7MO4R7LTQVE7XDFEVL3KATGUAM,"이어 민생, 도약, 성장, 희망, 혁신 등 11가지 새해 소망을 담은 등불을 밝히고, ‘올 한 해를 대한민국이 다시 태어나는 한 해로 만들겠다’는 의지를 담아 매듭을 짓는 행사도 가졌다.",참석자들은 무안 참사 희생자를 위한 묵념으로 행사를 시작했다.,올해도 탄핵을 비롯한 정국 혼란과 전남 무안공항 참사에 따른 국가 애도 기간 중임에도 열렸다.,False,"현재 문장은 단순한 행사의 진행 내용을 설명하며, 수치나 통계적인 변화를 주장하지 않는다.",high,hcx,HCX-007,isclaim-v1.3-prev2-context,2026-07-30
A0043-C009,A0043,“불확실성 공포 가늠조차 못 해… 경제 위해 협치해달라”,2025-01-04,https://www.chosun.com/economy/industry-company/2025/01/04/7MO4R7LTQVE7XDFEVL3KATGUAM,이날 행사의 핵심 키워드는 ‘위기’였다.,"이어 민생, 도약, 성장, 희망, 혁신 등 11가지 새해 소망을 담은 등불을 밝히고, ‘올 한 해를 대한민국이 다시 태어나는 한 해로 만들겠다’는 의지를 담아 매듭을 짓는 행사도 가졌다.",참석자들은 무안 참사 희생자를 위한 묵념으로 행사를 시작했다.,False,"현재 문장은 단순한 의견이나 평가로서, 어떠한 수치나 통계적인 변화를 주장하지 않는다.",high,hcx,HCX-007,isclaim-v1.3-prev2-context,2026-07-30
A0043-C010,A0043,“불확실성 공포 가늠조차 못 해… 경제 위해 협치해달라”,2025-01-04,https://www.chosun.com/economy/industry-company/2025/01/04/7MO4R7LTQVE7XDFEVL3KATGUAM,이날 행사에 참석한 최 권한대행과 여야 주요 인사들에게도 “경제 살리기를 위해 협치(協治)를 해달라” “제발 기업하기 좋은 환경을 만들어달라”는 기업인들의 주문이 잇따랐다.,이날 행사의 핵심 키워드는 ‘위기’였다.,"이어 민생, 도약, 성장, 희망, 혁신 등 11가지 새해 소망을 담은 등불을 밝히고, ‘올 한 해를 대한민국이 다시 태어나는 한 해로 만들겠다’는 의지를 담아 매듭을 짓는 행사도 가졌다.",False,"현재 문장은 경제 활성화 및 기업 환경 개선 요청에 대한 내용으로, 구체적인 수치나 통계적 변화를 주장하지 않는다.",high,hcx,HCX-007,isclaim-v1.3-prev2-context,2026-07-30
A0043-C011,A0043,“불확실성 공포 가늠조차 못 해… 경제 위해 협치해달라”,2025-01-04,https://www.chosun.com/economy/industry-company/2025/01/04/7MO4R7LTQVE7XDFEVL3KATGUAM,"최태원 대한상의 회장(SK그룹 회장)은 “경제의 가장 큰 공포인 불확실성이 장기화되면 그 여파를 가늠하기 어려운 만큼, 정부와 정치 지도자분들의 도움이 절실하다”며 “조속한 국정 안정화를 위해 힘을 모아주시길 간곡히 부탁드린다”고 호소했다.",이날 행사에 참석한 최 권한대행과 여야 주요 인사들에게도 “경제 살리기를 위해 협치(協治)를 해달라” “제발 기업하기 좋은 환경을 만들어달라”는 기업인들의 주문이 잇따랐다.,이날 행사의 핵심 키워드는 ‘위기’였다.,False,"현재 문장은 경제 상황에 대한 의견과 요청을 담고 있으며, 구체적인 수치나 통계적 변화를 주장하지 않는다.",high,hcx,HCX-007,isclaim-v1.3-prev2-context,2026-07-30
A0043-C012,A0043,“불확실성 공포 가늠조차 못 해… 경제 위해 협치해달라”,2025-01-04,https://www.chosun.com/economy/industry-company/2025/01/04/7MO4R7LTQVE7XDFEVL3KATGUAM,"박주봉 인천상의 회장은 “우리는 외환 위기도 슬기롭게 극복한 저력을 갖고 있다”며 “국가와 국민, 기업이 혼신의 힘을 모아 협력하고 혁신해야 한다”고 했다.","최태원 대한상의 회장(SK그룹 회장)은 “경제의 가장 큰 공포인 불확실성이 장기화되면 그 여파를 가늠하기 어려운 만큼, 정부와 정치 지도자분들의 도움이 절실하다”며 “조속한 국정 안정화를 위해 힘을 모아주시길 간곡히 부탁드린다”고 호소했다.",이날 행사에 참석한 최 권한대행과 여야 주요 인사들에게도 “경제 살리기를 위해 협치(協治)를 해달라” “제발 기업하기 좋은 환경을 만들어달라”는 기업인들의 주문이 잇따랐다.,False,"현재 문장은 국가와 국민, 기업의 협력을 강조하며 경제 회복을 위한 일반적인 의견을 제시하지만, 구체적인 수치나 통계적인 변화를 언급하지 않습니다.",high,hcx,HCX-007,isclaim-v1.3-prev2-context,2026-07-30
A0043-C013,A0043,“불확실성 공포 가늠조차 못 해… 경제 위해 협치해달라”,2025-01-04,https://www.chosun.com/economy/industry-company/2025/01/04/7MO4R7LTQVE7XDFEVL3KATGUAM,한상원 광주상의 회장도 “여러 도전과 위기를 직면하고 있지만 서로 연대하고 협력한다면 지속 가능한 미래를 열어 나갈 수 있다”고 말했다.,"박주봉 인천상의 회장은 “우리는 외환 위기도 슬기롭게 극복한 저력을 갖고 있다”며 “국가와 국민, 기업이 혼신의 힘을 모아 협력하고 혁신해야 한다”고 했다.","최태원 대한상의 회장(SK그룹 회장)은 “경제의 가장 큰 공포인 불확실성이 장기화되면 그 여파를 가늠하기 어려운 만큼, 정부와 정치 지도자분들의 도움이 절실하다”며 “조속한 국정 안정화를 위해 힘을 모아주시길 간곡히 부탁드린다”고 호소했다.",False,"현재 문장은 단순한 의견 표현 및 격려의 말로, 구체적인 수치나 통계적인 변화를 주장하지 않습니다.",high,hcx,HCX-007,isclaim-v1.3-prev2-context,2026-07-30
A0043-C014,A0043,“불확실성 공포 가늠조차 못 해… 경제 위해 협치해달라”,2025-01-04,https://www.chosun.com/economy/industry-company/2025/01/04/7MO4R7LTQVE7XDFEVL3KATGUAM,최상목 권한대행은 “경제가 살아야 대한민국이 산다는 믿음으로 경제 파고의 방파제가 되겠다”며 “위협 요인으로부터 기업을 최우선으로 보호하면서 해야 할 일을 흔들림 없이 추진해 나가겠다”고 했다.,한상원 광주상의 회장도 “여러 도전과 위기를 직면하고 있지만 서로 연대하고 협력한다면 지속 가능한 미래를 열어 나갈 수 있다”고 말했다.,"박주봉 인천상의 회장은 “우리는 외환 위기도 슬기롭게 극복한 저력을 갖고 있다”며 “국가와 국민, 기업이 혼신의 힘을 모아 협력하고 혁신해야 한다”고 했다.",False,"현재 문장은 단순한 의견 표명으로, 구체적인 수치나 통계적 변화를 주장하지 않는다.",high,hcx,HCX-007,isclaim-v1.3-prev2-context,2026-07-30
A0043-C015,A0043,“불확실성 공포 가늠조차 못 해… 경제 위해 협치해달라”,2025-01-04,https://www.chosun.com/economy/industry-company/2025/01/04/7MO4R7LTQVE7XDFEVL3KATGUAM,"경제계가 요구해 온 반도체법, 전력망법 등 핵심 경제 법안의 신속한 입법을 위해 여·야·정 협의체 논의에도 적극 참여하겠다고 밝혔다.",최상목 권한대행은 “경제가 살아야 대한민국이 산다는 믿음으로 경제 파고의 방파제가 되겠다”며 “위협 요인으로부터 기업을 최우선으로 보호하면서 해야 할 일을 흔들림 없이 추진해 나가겠다”고 했다.,한상원 광주상의 회장도 “여러 도전과 위기를 직면하고 있지만 서로 연대하고 협력한다면 지속 가능한 미래를 열어 나갈 수 있다”고 말했다.,False,"현재 문장은 경제계의 요구 사항 및 입법 활동에 대한 내용으로, 수치나 통계적인 변화를 주장하지 않습니다.",high,hcx,HCX-007,isclaim-v1.3-prev2-context,2026-07-30
A0043-C016,A0043,“불확실성 공포 가늠조차 못 해… 경제 위해 협치해달라”,2025-01-04,https://www.chosun.com/economy/industry-company/2025/01/04/7MO4R7LTQVE7XDFEVL3KATGUAM,"이날 행사에는 최 회장과 이재용 삼성전자 회장, 정의선 현대차 회장, 구광모 LG 회장 등 4대 그룹 총수를 비롯해 장인화 포스코 회장, 김동관 한화 부회장, 정기선 HD현대 수석부회장, 허태수 GS그룹 회장, 정용진 신세계그룹 회장, 김영섭 KT 대표이사, 조원태 한진그룹 회장, 현정은 현대그룹 회장, 진옥동 신한금융지주 회장 등이 일제히 참석했다.","경제계가 요구해 온 반도체법, 전력망법 등 핵심 경제 법안의 신속한 입법을 위해 여·야·정 협의체 논의에도 적극 참여하겠다고 밝혔다.",최상목 권한대행은 “경제가 살아야 대한민국이 산다는 믿음으로 경제 파고의 방파제가 되겠다”며 “위협 요인으로부터 기업을 최우선으로 보호하면서 해야 할 일을 흔들림 없이 추진해 나가겠다”고 했다.,False,"현재 문장은 여러 기업의 회장이 참석한 행사에 대한 내용으로, 수치나 통계적인 변화를 주장하는 내용이 아닙니다.",high,hcx,HCX-007,isclaim-v1.3-prev2-context,2026-07-30
A0043-C017,A0043,“불확실성 공포 가늠조차 못 해… 경제 위해 협치해달라”,2025-01-04,https://www.chosun.com/economy/industry-company/2025/01/04/7MO4R7LTQVE7XDFEVL3KATGUAM,"경제 단체에서도 류진 한국경제인협회 회장, 윤진식 한국무역협회 회장, 손경식 한국경영자총협회 회장, 최진식 중견기업연합회 회장이 참석했다.","이날 행사에는 최 회장과 이재용 삼성전자 회장, 정의선 현대차 회장, 구광모 LG 회장 등 4대 그룹 총수를 비롯해 장인화 포스코 회장, 김동관 한화 부회장, 정기선 HD현대 수석부회장, 허태수 GS그룹 회장, 정용진 신세계그룹 회장, 김영섭 KT 대표이사, 조원태 한진그룹 회장, 현정은 현대그룹 회장, 진옥동 신한금융지주 회장 등이 일제히 참석했다.","경제계가 요구해 온 반도체법, 전력망법 등 핵심 경제 법안의 신속한 입법을 위해 여·야·정 협의체 논의에도 적극 참여하겠다고 밝혔다.",False,"현재 문장은 경제 단체 및 그 회원들의 참석에 대한 단순한 정보 제공이므로, 수치나 통계적인 변화를 주장하는 내용이 아닙니다.",high,hcx,HCX-007,isclaim-v1.3-prev2-context,2026-07-30
A0043-C018,A0043,“불확실성 공포 가늠조차 못 해… 경제 위해 협치해달라”,2025-01-04,https://www.chosun.com/economy/industry-company/2025/01/04/7MO4R7LTQVE7XDFEVL3KATGUAM,류진 회장은 새해 각오에 대해 “두 배로 더 열심히 뛰어야 한다”며 “경제가 어렵지만 최선을 다할 것”이라고 했다.,"경제 단체에서도 류진 한국경제인협회 회장, 윤진식 한국무역협회 회장, 손경식 한국경영자총협회 회장, 최진식 중견기업연합회 회장이 참석했다.","이날 행사에는 최 회장과 이재용 삼성전자 회장, 정의선 현대차 회장, 구광모 LG 회장 등 4대 그룹 총수를 비롯해 장인화 포스코 회장, 김동관 한화 부회장, 정기선 HD현대 수석부회장, 허태수 GS그룹 회장, 정용진 신세계그룹 회장, 김영섭 KT 대표이사, 조원태 한진그룹 회장, 현정은 현대그룹 회장, 진옥동 신한금융지주 회장 등이 일제히 참석했다.",False,"현재 문장은 단순한 의견 표현 및 다짐으로서, 구체적인 수치나 통계적인 변화를 주장하지 않는다.",high,hcx,HCX-007,isclaim-v1.3-prev2-context,2026-07-30
A0043-C019,A0043,“불확실성 공포 가늠조차 못 해… 경제 위해 협치해달라”,2025-01-04,https://www.chosun.com/economy/industry-company/2025/01/04/7MO4R7LTQVE7XDFEVL3KATGUAM,손경식 회장은 “우리 국민과 기업인들은 나라가 어렵고 힘들 때 더 강해져 왔다”며 “기업이 투자를 잘하게끔 더 격려해주면 좋겠다”고 했다.,류진 회장은 새해 각오에 대해 “두 배로 더 열심히 뛰어야 한다”며 “경제가 어렵지만 최선을 다할 것”이라고 했다.,"경제 단체에서도 류진 한국경제인협회 회장, 윤진식 한국무역협회 회장, 손경식 한국경영자총협회 회장, 최진식 중견기업연합회 회장이 참석했다.",False,현재 문장은 단순한 의견 표현 및 격려 요청이므로 수치나 통계적 변화를 주장하지 않는다.,high,hcx,HCX-007,isclaim-v1.3-prev2-context,2026-07-30
A0043-C020,A0043,“불확실성 공포 가늠조차 못 해… 경제 위해 협치해달라”,2025-01-04,https://www.chosun.com/economy/industry-company/2025/01/04/7MO4R7LTQVE7XDFEVL3KATGUAM,정부와 정치권 주요 인사들도 참석해 재계에 힘을 실었다.,손경식 회장은 “우리 국민과 기업인들은 나라가 어렵고 힘들 때 더 강해져 왔다”며 “기업이 투자를 잘하게끔 더 격려해주면 좋겠다”고 했다.,류진 회장은 새해 각오에 대해 “두 배로 더 열심히 뛰어야 한다”며 “경제가 어렵지만 최선을 다할 것”이라고 했다.,False,"현재 문장은 정부와 정치권 주요 인사들이 참석한 사실을 전달하며, 이는 수치나 통계적인 변화를 주장하는 내용이 아닙니다.",high,hcx,HCX-007,isclaim-v1.3-prev2-context,2026-07-30
A0043-C021,A0043,“불확실성 공포 가늠조차 못 해… 경제 위해 협치해달라”,2025-01-04,https://www.chosun.com/economy/industry-company/2025/01/04/7MO4R7LTQVE7XDFEVL3KATGUAM,"정부에선 최 권한대행과 안덕근 산업통상자원부 장관, 조태열 외교부 장관, 김문수 고용노동부 장관, 오영주 중소벤처기업부 장관 등이 참석했다.",정부와 정치권 주요 인사들도 참석해 재계에 힘을 실었다.,손경식 회장은 “우리 국민과 기업인들은 나라가 어렵고 힘들 때 더 강해져 왔다”며 “기업이 투자를 잘하게끔 더 격려해주면 좋겠다”고 했다.,False,"현재 문장은 단순히 정부의 주요 인사들이 참석한 사실을 나열하고 있으며, 이는 수치나 통계적인 변화를 주장하는 내용이 아닙니다.",high,hcx,HCX-007,isclaim-v1.3-prev2-context,2026-07-30
A0043-C022,A0043,“불확실성 공포 가늠조차 못 해… 경제 위해 협치해달라”,2025-01-04,https://www.chosun.com/economy/industry-company/2025/01/04/7MO4R7LTQVE7XDFEVL3KATGUAM,"권성동 국민의힘 원내대표, 진성준 더불어민주당 정책위의장, 차규근 조국혁신당 정책위의장, 천하람 개혁신당 원내대표도 참석했다.","정부에선 최 권한대행과 안덕근 산업통상자원부 장관, 조태열 외교부 장관, 김문수 고용노동부 장관, 오영주 중소벤처기업부 장관 등이 참석했다.",정부와 정치권 주요 인사들도 참석해 재계에 힘을 실었다.,False,현재 문장은 특정 인물들의 참석 여부에 대한 정보 제공이므로 수치나 통계적 변화를 주장하지 않습니다.,high,hcx,HCX-007,isclaim-v1.3-prev2-context,2026-07-30
A0043-C023,A0043,“불확실성 공포 가늠조차 못 해… 경제 위해 협치해달라”,2025-01-04,https://www.chosun.com/economy/industry-company/2025/01/04/7MO4R7LTQVE7XDFEVL3KATGUAM,“요즘 정치 혼란과 이념 갈등으로 우리 기업인들 상황은 한겨울 날씨보다 힘들고 어렵습니다.” (김기문 중소기업중앙회 회장),"권성동 국민의힘 원내대표, 진성준 더불어민주당 정책위의장, 차규근 조국혁신당 정책위의장, 천하람 개혁신당 원내대표도 참석했다.","정부에선 최 권한대행과 안덕근 산업통상자원부 장관, 조태열 외교부 장관, 김문수 고용노동부 장관, 오영주 중소벤처기업부 장관 등이 참석했다.",False,"현재 문장은 단순한 의견 표현으로, 수치나 통계적인 변화를 주장하지 않습니다.",high,hcx,HCX-007,isclaim-v1.3-prev2-context,2026-07-30
A0043-C024,A0043,“불확실성 공포 가늠조차 못 해… 경제 위해 협치해달라”,2025-01-04,https://www.chosun.com/economy/industry-company/2025/01/04/7MO4R7LTQVE7XDFEVL3KATGUAM,"중소기업중앙회는 3일 서울 영등포구 여의도에서 정부와 국회, 경제 단체장, 업종·지역별 중소기업 대표와 단체 등 각계 주요 인사들을 초청해 ‘2025 중소기업인 신년 인사회’를 개최했다.",“요즘 정치 혼란과 이념 갈등으로 우리 기업인들 상황은 한겨울 날씨보다 힘들고 어렵습니다.” (김기문 중소기업중앙회 회장),"권성동 국민의힘 원내대표, 진성준 더불어민주당 정책위의장, 차규근 조국혁신당 정책위의장, 천하람 개혁신당 원내대표도 참석했다.",False,"현재 문장은 행사 개최에 대한 단순한 정보 제공으로, 수치나 통계적인 변화를 주장하지 않습니다.",high,hcx,HCX-007,isclaim-v1.3-prev2-context,2026-07-30
A0043-C025,A0043,“불확실성 공포 가늠조차 못 해… 경제 위해 협치해달라”,2025-01-04,https://www.chosun.com/economy/industry-company/2025/01/04/7MO4R7LTQVE7XDFEVL3KATGUAM,"행사엔 최상목 권한대행과 우원식 국회의장, 조태열 외교부 장관, 김문수 고용노동부 장관, 오영주 중소벤처기업부 장관 등이 함께 자리했고, 정치권에선 권성동 국민의힘 원내대표와 이언주 민주당 최고위원 등 여야 의원 11명이 참석했다.","중소기업중앙회는 3일 서울 영등포구 여의도에서 정부와 국회, 경제 단체장, 업종·지역별 중소기업 대표와 단체 등 각계 주요 인사들을 초청해 ‘2025 중소기업인 신년 인사회’를 개최했다.",“요즘 정치 혼란과 이념 갈등으로 우리 기업인들 상황은 한겨울 날씨보다 힘들고 어렵습니다.” (김기문 중소기업중앙회 회장),False,"현재 문장은 특정 행사에 참석한 인물들에 대한 정보 제공으로, 수치나 통계적인 변화를 주장하지 않습니다.",high,hcx,HCX-007,isclaim-v1.3-prev2-context,2026-07-30
A0043-C026,A0043,“불확실성 공포 가늠조차 못 해… 경제 위해 협치해달라”,2025-01-04,https://www.chosun.com/economy/industry-company/2025/01/04/7MO4R7LTQVE7XDFEVL3KATGUAM,"경제계에서는 김기문 회장을 비롯 류진 한국경제인협회장, 손경식 한국경영자총협회장, 최진식 중견기업연합회장 등 경제 단체장들과 전국 업종·지역별 중소기업 대표 및 단체장들이 참석했다.","행사엔 최상목 권한대행과 우원식 국회의장, 조태열 외교부 장관, 김문수 고용노동부 장관, 오영주 중소벤처기업부 장관 등이 함께 자리했고, 정치권에선 권성동 국민의힘 원내대표와 이언주 민주당 최고위원 등 여야 의원 11명이 참석했다.","중소기업중앙회는 3일 서울 영등포구 여의도에서 정부와 국회, 경제 단체장, 업종·지역별 중소기업 대표와 단체 등 각계 주요 인사들을 초청해 ‘2025 중소기업인 신년 인사회’를 개최했다.",False,"현재 문장은 특정 행사에 참석한 인물들에 대한 정보를 나열하고 있으며, 이는 수치나 통계적인 변화를 주장하는 내용이 아닙니다.",high,hcx,HCX-007,isclaim-v1.3-prev2-context,2026-07-30
A0043-C027,A0043,“불확실성 공포 가늠조차 못 해… 경제 위해 협치해달라”,2025-01-04,https://www.chosun.com/economy/industry-company/2025/01/04/7MO4R7LTQVE7XDFEVL3KATGUAM,이들은 최근 기업들의 애로 사항을 전달하는 한편 “경제를 살리기 위해 총력을 다해달라”고 호소했다.,"경제계에서는 김기문 회장을 비롯 류진 한국경제인협회장, 손경식 한국경영자총협회장, 최진식 중견기업연합회장 등 경제 단체장들과 전국 업종·지역별 중소기업 대표 및 단체장들이 참석했다.","행사엔 최상목 권한대행과 우원식 국회의장, 조태열 외교부 장관, 김문수 고용노동부 장관, 오영주 중소벤처기업부 장관 등이 함께 자리했고, 정치권에선 권성동 국민의힘 원내대표와 이언주 민주당 최고위원 등 여야 의원 11명이 참석했다.",False,"현재 문장은 단순한 요청이나 호소를 담고 있으며, 수치나 통계적인 변화를 주장하는 내용이 없습니다.",high,hcx,HCX-007,isclaim-v1.3-prev2-context,2026-07-30
A0043-C028,A0043,“불확실성 공포 가늠조차 못 해… 경제 위해 협치해달라”,2025-01-04,https://www.chosun.com/economy/industry-company/2025/01/04/7MO4R7LTQVE7XDFEVL3KATGUAM,"참석자들은 또한 행사에 앞서 전남 무안공항 제주항공 여객기 사고 희생자들을 위한 묵념의 시간을 가졌고, 모두 근조 리본을 착용했다.",이들은 최근 기업들의 애로 사항을 전달하는 한편 “경제를 살리기 위해 총력을 다해달라”고 호소했다.,"경제계에서는 김기문 회장을 비롯 류진 한국경제인협회장, 손경식 한국경영자총협회장, 최진식 중견기업연합회장 등 경제 단체장들과 전국 업종·지역별 중소기업 대표 및 단체장들이 참석했다.",False,"현재 문장은 특정 사건에 대한 묵념과 관련된 내용으로, 수치나 통계적인 변화를 주장하지 않습니다.",high,hcx,HCX-007,isclaim-v1.3-prev2-context,2026-07-30
A0043-C029,A0043,“불확실성 공포 가늠조차 못 해… 경제 위해 협치해달라”,2025-01-04,https://www.chosun.com/economy/industry-company/2025/01/04/7MO4R7LTQVE7XDFEVL3KATGUAM,경제 단체장들은 이날 한목소리로 “경제가 어려운 만큼 정부와 정치권이 대내외 상황 안정에 힘써달라”고 주문했다.,"참석자들은 또한 행사에 앞서 전남 무안공항 제주항공 여객기 사고 희생자들을 위한 묵념의 시간을 가졌고, 모두 근조 리본을 착용했다.",이들은 최근 기업들의 애로 사항을 전달하는 한편 “경제를 살리기 위해 총력을 다해달라”고 호소했다.,False,"현재 문장은 경제 상황에 대한 일반적인 의견을 표현하고 있으며, 구체적인 수치나 통계적인 변화를 언급하지 않습니다.",high,hcx,HCX-007,isclaim-v1.3-prev2-context,2026-07-30
A0043-C030,A0043,“불확실성 공포 가늠조차 못 해… 경제 위해 협치해달라”,2025-01-04,https://www.chosun.com/economy/industry-company/2025/01/04/7MO4R7LTQVE7XDFEVL3KATGUAM,김기문 회장은 “국회는 경제와 민생 입법에 매진해 주고 정부는 흔들림 없이 경제정책을 펼쳐달라. 우리 경제인들도 다시 뛰는 대한민국을 위해 최선을 다하겠다”고 했다.,경제 단체장들은 이날 한목소리로 “경제가 어려운 만큼 정부와 정치권이 대내외 상황 안정에 힘써달라”고 주문했다.,"참석자들은 또한 행사에 앞서 전남 무안공항 제주항공 여객기 사고 희생자들을 위한 묵념의 시간을 가졌고, 모두 근조 리본을 착용했다.",False,"현재 문장은 경제 상황에 대한 요청 및 다짐을 담고 있으며, 구체적인 수치나 통계적 변화를 주장하지 않는다.",high,hcx,HCX-007,isclaim-v1.3-prev2-context,2026-07-30
A0043-C031,A0043,“불확실성 공포 가늠조차 못 해… 경제 위해 협치해달라”,2025-01-04,https://www.chosun.com/economy/industry-company/2025/01/04/7MO4R7LTQVE7XDFEVL3KATGUAM,류진 한경협 회장도 “예전과 달리 무거운 마음으로 새해를 맞이하고 있다”면서 “어려울 때일수록 경제인들이 힘을 모아 노력해야 한다”고 했다.,김기문 회장은 “국회는 경제와 민생 입법에 매진해 주고 정부는 흔들림 없이 경제정책을 펼쳐달라. 우리 경제인들도 다시 뛰는 대한민국을 위해 최선을 다하겠다”고 했다.,경제 단체장들은 이날 한목소리로 “경제가 어려운 만큼 정부와 정치권이 대내외 상황 안정에 힘써달라”고 주문했다.,False,"현재 문장은 단순한 의견 표현 및 격려 발언으로, 구체적인 수치나 통계적 변화를 주장하지 않는다.",high,hcx,HCX-007,isclaim-v1.3-prev2-context,2026-07-30
A0043-C032,A0043,“불확실성 공포 가늠조차 못 해… 경제 위해 협치해달라”,2025-01-04,https://www.chosun.com/economy/industry-company/2025/01/04/7MO4R7LTQVE7XDFEVL3KATGUAM,어려울수록 다 같이 힘을 모으자는 다짐과 당부도 이어졌다.,류진 한경협 회장도 “예전과 달리 무거운 마음으로 새해를 맞이하고 있다”면서 “어려울 때일수록 경제인들이 힘을 모아 노력해야 한다”고 했다.,김기문 회장은 “국회는 경제와 민생 입법에 매진해 주고 정부는 흔들림 없이 경제정책을 펼쳐달라. 우리 경제인들도 다시 뛰는 대한민국을 위해 최선을 다하겠다”고 했다.,False,"현재 문장은 단순한 의견 표현 및 다짐으로서, 구체적인 수치나 통계적 변화를 주장하지 않는다.",high,hcx,HCX-007,isclaim-v1.3-prev2-context,2026-07-30
A0043-C033,A0043,“불확실성 공포 가늠조차 못 해… 경제 위해 협치해달라”,2025-01-04,https://www.chosun.com/economy/industry-company/2025/01/04/7MO4R7LTQVE7XDFEVL3KATGUAM,손경식 경총 회장은 “연말 비상계엄과 탄핵 정국에 따른 정치적 혼란으로 기업들 불안감도 높아진 상황”이라면서 “이럴 때일수록 중소기업인들과 함께 모든 경제주체가 힘을 모아 각자 본연의 역할을 해달라”고 했다.,어려울수록 다 같이 힘을 모으자는 다짐과 당부도 이어졌다.,류진 한경협 회장도 “예전과 달리 무거운 마음으로 새해를 맞이하고 있다”면서 “어려울 때일수록 경제인들이 힘을 모아 노력해야 한다”고 했다.,False,"현재 문장은 경제적 어려움 속에서 각 경제 주체들이 협력하여 대응하자는 의견을 제시하고 있으며, 이는 특정한 수치나 통계적 변화를 주장하는 것이 아닙니다.",high,hcx,HCX-007,isclaim-v1.3-prev2-context,2026-07-30
A0043-C034,A0043,“불확실성 공포 가늠조차 못 해… 경제 위해 협치해달라”,2025-01-04,https://www.chosun.com/economy/industry-company/2025/01/04/7MO4R7LTQVE7XDFEVL3KATGUAM,"최진식 중견련 회장은 “국가가 어려울 때 국난을 극복한 것은 민초였고, 이젠 기업이 그 역할을 대신해야 하지 않나 생각한다”면서 “중소기업과 기업인들이 지금까지 했던 대로 가면 항산(恒産)과 항심(恒心)이 있지 않을까 한다”고 했다.",손경식 경총 회장은 “연말 비상계엄과 탄핵 정국에 따른 정치적 혼란으로 기업들 불안감도 높아진 상황”이라면서 “이럴 때일수록 중소기업인들과 함께 모든 경제주체가 힘을 모아 각자 본연의 역할을 해달라”고 했다.,어려울수록 다 같이 힘을 모으자는 다짐과 당부도 이어졌다.,False,"현재 문장은 국가와 기업의 역할에 대한 의견을 표현하고 있으며, 구체적인 수치나 통계적인 변화를 언급하지 않습니다.",high,hcx,HCX-007,isclaim-v1.3-prev2-context,2026-07-30
A0043-C035,A0043,“불확실성 공포 가늠조차 못 해… 경제 위해 협치해달라”,2025-01-04,https://www.chosun.com/economy/industry-company/2025/01/04/7MO4R7LTQVE7XDFEVL3KATGUAM,"최 권한대행은 기업인들 호소에 “국회와 긴밀히 소통해 중소기업과 소상공인에 대해 과감한 지원 방안을 적극 강구하고 중소기업, 소상공인이 경제활동에 전념하도록 총력을 다하겠다”고 화답했다.","최진식 중견련 회장은 “국가가 어려울 때 국난을 극복한 것은 민초였고, 이젠 기업이 그 역할을 대신해야 하지 않나 생각한다”면서 “중소기업과 기업인들이 지금까지 했던 대로 가면 항산(恒産)과 항심(恒心)이 있지 않을까 한다”고 했다.",손경식 경총 회장은 “연말 비상계엄과 탄핵 정국에 따른 정치적 혼란으로 기업들 불안감도 높아진 상황”이라면서 “이럴 때일수록 중소기업인들과 함께 모든 경제주체가 힘을 모아 각자 본연의 역할을 해달라”고 했다.,False,현재 문장은 정부의 지원 방안에 대한 약속이므로 수치나 통계적인 변화를 주장하지 않는다.,high,hcx,HCX-007,isclaim-v1.3-prev2-context,2026-07-30
A0043-C036,A0043,“불확실성 공포 가늠조차 못 해… 경제 위해 협치해달라”,2025-01-04,https://www.chosun.com/economy/industry-company/2025/01/04/7MO4R7LTQVE7XDFEVL3KATGUAM,우원식 국회의장도 “경제 어려움에 정치적 불안이 설상가상으로 겹쳐 정말 마음이 편치 않다”며 “국회와 정부가 힘을 모아서 빠르게 국정을 안정시키고 최선을 다해 경제가 빠르게 안정되도록 뒷받침하겠다”고 했다.,"최 권한대행은 기업인들 호소에 “국회와 긴밀히 소통해 중소기업과 소상공인에 대해 과감한 지원 방안을 적극 강구하고 중소기업, 소상공인이 경제활동에 전념하도록 총력을 다하겠다”고 화답했다.","최진식 중견련 회장은 “국가가 어려울 때 국난을 극복한 것은 민초였고, 이젠 기업이 그 역할을 대신해야 하지 않나 생각한다”면서 “중소기업과 기업인들이 지금까지 했던 대로 가면 항산(恒産)과 항심(恒心)이 있지 않을까 한다”고 했다.",False,"현재 문장은 단순한 의견 표명으로, 구체적인 수치나 통계적 변화를 주장하지 않는다.",high,hcx,HCX-007,isclaim-v1.3-prev2-context,2026-07-30
A0043-C037,A0043,“불확실성 공포 가늠조차 못 해… 경제 위해 협치해달라”,2025-01-04,https://www.chosun.com/economy/industry-company/2025/01/04/7MO4R7LTQVE7XDFEVL3KATGUAM,☞대한상공회의소 대한상공회의소는 1884년 한성상업회의소를 모태로 한 국내 최고(最古) 법정 경제 단체다.,우원식 국회의장도 “경제 어려움에 정치적 불안이 설상가상으로 겹쳐 정말 마음이 편치 않다”며 “국회와 정부가 힘을 모아서 빠르게 국정을 안정시키고 최선을 다해 경제가 빠르게 안정되도록 뒷받침하겠다”고 했다.,"최 권한대행은 기업인들 호소에 “국회와 긴밀히 소통해 중소기업과 소상공인에 대해 과감한 지원 방안을 적극 강구하고 중소기업, 소상공인이 경제활동에 전념하도록 총력을 다하겠다”고 화답했다.",False,"현재 문장은 대한상공회의소의 역사와 설립 배경에 대한 설명이므로, 수치나 통계적인 변화를 주장하는 내용이 아닙니다.",high,hcx,HCX-007,isclaim-v1.3-prev2-context,2026-07-30
A0043-C038,A0043,“불확실성 공포 가늠조차 못 해… 경제 위해 협치해달라”,2025-01-04,https://www.chosun.com/economy/industry-company/2025/01/04/7MO4R7LTQVE7XDFEVL3KATGUAM,"전국 73개 지역 상공회의소를 바탕으로 대기업, 중소·중견기업을 아우르는 19만 회원사를 두고 있다.",☞대한상공회의소 대한상공회의소는 1884년 한성상업회의소를 모태로 한 국내 최고(最古) 법정 경제 단체다.,우원식 국회의장도 “경제 어려움에 정치적 불안이 설상가상으로 겹쳐 정말 마음이 편치 않다”며 “국회와 정부가 힘을 모아서 빠르게 국정을 안정시키고 최선을 다해 경제가 빠르게 안정되도록 뒷받침하겠다”고 했다.,False,"현재 문장은 전국 73개 지역 상공회의소와 관련된 정보 및 회원사 수를 제공하는 내용으로, 이는 특정한 수치나 비율 등의 변화를 주장하는 것이 아니므로 KOSIS를 통해 검증할 필요가 없습니다.",high,hcx,HCX-007,isclaim-v1.3-prev2-context,2026-07-30
A0043-C039,A0043,“불확실성 공포 가늠조차 못 해… 경제 위해 협치해달라”,2025-01-04,https://www.chosun.com/economy/industry-company/2025/01/04/7MO4R7LTQVE7XDFEVL3KATGUAM,☞중소기업중앙회 중소기업중앙회는 1962년 설립된 법정 단체.,"전국 73개 지역 상공회의소를 바탕으로 대기업, 중소·중견기업을 아우르는 19만 회원사를 두고 있다.",☞대한상공회의소 대한상공회의소는 1884년 한성상업회의소를 모태로 한 국내 최고(最古) 법정 경제 단체다.,False,"현재 문장은 중소기업중앙회가 언제 설립되었는지에 대한 단순한 역사적 사실을 언급하고 있으며, 이는 수치나 통계적인 변화를 주장하는 것이 아닙니다.",high,hcx,HCX-007,isclaim-v1.3-prev2-context,2026-07-30
A0043-C040,A0043,“불확실성 공포 가늠조차 못 해… 경제 위해 협치해달라”,2025-01-04,https://www.chosun.com/economy/industry-company/2025/01/04/7MO4R7LTQVE7XDFEVL3KATGUAM,"업종별로 조직된 각종 협동조합의 연합체로, 국내 기업 수의 99.9%를 차지하는 전국 800만여 중소기업 목소리를 대변한다.",☞중소기업중앙회 중소기업중앙회는 1962년 설립된 법정 단체.,"전국 73개 지역 상공회의소를 바탕으로 대기업, 중소·중견기업을 아우르는 19만 회원사를 두고 있다.",False,"현재 문장은 중소기업중앙회가 전국 800만여 중소기업의 목소리를 대변한다는 설명으로, 이는 단순한 정보 제공이지 수치나 비율 등의 통계적 변화를 주장하는 것이 아닙니다.",high,hcx,HCX-007,isclaim-v1.3-prev2-context,2026-07-30
A0043-C041,A0043,“불확실성 공포 가늠조차 못 해… 경제 위해 협치해달라”,2025-01-04,https://www.chosun.com/economy/industry-company/2025/01/04/7MO4R7LTQVE7XDFEVL3KATGUAM,946개 조합 및 단체가 회원사다.,"업종별로 조직된 각종 협동조합의 연합체로, 국내 기업 수의 99.9%를 차지하는 전국 800만여 중소기업 목소리를 대변한다.",☞중소기업중앙회 중소기업중앙회는 1962년 설립된 법정 단체.,False,"현재 문장은 중소기업중앙회의 회원사 수를 언급하고 있으며, 이는 특정한 통계적 변화나 비교를 포함하지 않는 단순한 정보 제공이므로 KOSIS 통계로 검증할 필요가 없습니다.",high,hcx,HCX-007,isclaim-v1.3-prev2-context,2026-07-30
A0044-C001,A0044,"팀쿡도 100만달러 쾌척... 美재계, 트럼프 취임식에 찬조 이어져",2025-01-04,https://www.chosun.com/economy/int_economy/2025/01/04/TBQG2RWUCZCOPEERSCDI2PWTHU,팀 쿡 애플 최고경영자(CEO)가 도널드 트럼프 미국 대통령 당선인의 취임위원회에 개인 자격으로 100만 달러(약 14억7000만원)를 기부하기로 했다.,,,False,개인의 기부 금액이므로 KOSIS에서 검증할 수 있는 내용이 아닙니다.,high,hcx,HCX-007,isclaim-v1.3-prev2-context,2026-07-30
A0044-C002,A0044,"팀쿡도 100만달러 쾌척... 美재계, 트럼프 취임식에 찬조 이어져",2025-01-04,https://www.chosun.com/economy/int_economy/2025/01/04/TBQG2RWUCZCOPEERSCDI2PWTHU,4일(현지시각) 미국 정치전문매체 악시오스는 관련 소식통을 인용해 “쿡은 이달 20일로 예정된 트럼프 당선인의 취임식 준비를 위해 100만달러를 기부할 예정”이라고 보도했다.,팀 쿡 애플 최고경영자(CEO)가 도널드 트럼프 미국 대통령 당선인의 취임위원회에 개인 자격으로 100만 달러(약 14억7000만원)를 기부하기로 했다.,,False,"기사의 현재 문장은 팀 쿡이 트럼프 당선인의 취임식을 위해 100만 달러를 기부한다는 내용으로, 이는 특정 개인의 기부 행위에 대한 정보이지 국가집계 통계나 KOSIS에서 검증 가능한 내용이 아닙니다.",high,hcx,HCX-007,isclaim-v1.3-prev2-context,2026-07-30
A0044-C003,A0044,"팀쿡도 100만달러 쾌척... 美재계, 트럼프 취임식에 찬조 이어져",2025-01-04,https://www.chosun.com/economy/int_economy/2025/01/04/TBQG2RWUCZCOPEERSCDI2PWTHU,이는 트럼프 당선인과 쿡이 맺어온 오랜 협력 관계의 연장선상으로 해석된다고 매체는 전했다.,4일(현지시각) 미국 정치전문매체 악시오스는 관련 소식통을 인용해 “쿡은 이달 20일로 예정된 트럼프 당선인의 취임식 준비를 위해 100만달러를 기부할 예정”이라고 보도했다.,팀 쿡 애플 최고경영자(CEO)가 도널드 트럼프 미국 대통령 당선인의 취임위원회에 개인 자격으로 100만 달러(약 14억7000만원)를 기부하기로 했다.,False,"현재 문장은 트럼프 당선인과 쿡의 협력 관계에 대한 해석이므로, 수치나 통계적인 변화를 주장하는 내용이 아닙니다.",high,hcx,HCX-007,isclaim-v1.3-prev2-context,2026-07-30
A0044-C004,A0044,"팀쿡도 100만달러 쾌척... 美재계, 트럼프 취임식에 찬조 이어져",2025-01-04,https://www.chosun.com/economy/int_economy/2025/01/04/TBQG2RWUCZCOPEERSCDI2PWTHU,"소식통은 “앨라배마 출신인 쿡은 취임식은 위대한 미국 전통이라고 생각하며, 화합의 정신으로 취임식에 기부한다”고 전했다.",이는 트럼프 당선인과 쿡이 맺어온 오랜 협력 관계의 연장선상으로 해석된다고 매체는 전했다.,4일(현지시각) 미국 정치전문매체 악시오스는 관련 소식통을 인용해 “쿡은 이달 20일로 예정된 트럼프 당선인의 취임식 준비를 위해 100만달러를 기부할 예정”이라고 보도했다.,False,"현재 문장은 앨라배마 출신인 쿡이 취임식에 기부한다는 내용으로, 단순한 의견 및 평가이므로 KOSIS 통계로 검증할 필요가 없다.",high,hcx,HCX-007,isclaim-v1.3-prev2-context,2026-07-30
A0044-C005,A0044,"팀쿡도 100만달러 쾌척... 美재계, 트럼프 취임식에 찬조 이어져",2025-01-04,https://www.chosun.com/economy/int_economy/2025/01/04/TBQG2RWUCZCOPEERSCDI2PWTHU,다만 애플 기업 차원의 기부는 이뤄지지 않을 것으로 알려졌다.,"소식통은 “앨라배마 출신인 쿡은 취임식은 위대한 미국 전통이라고 생각하며, 화합의 정신으로 취임식에 기부한다”고 전했다.",이는 트럼프 당선인과 쿡이 맺어온 오랜 협력 관계의 연장선상으로 해석된다고 매체는 전했다.,False,"현재 문장은 애플 기업의 기부에 대한 정보를 전달하지만, 이는 특정한 통계나 수치적인 주장과는 관련이 없습니다.",high,hcx,HCX-007,isclaim-v1.3-prev2-context,2026-07-30
A0044-C006,A0044,"팀쿡도 100만달러 쾌척... 美재계, 트럼프 취임식에 찬조 이어져",2025-01-04,https://www.chosun.com/economy/int_economy/2025/01/04/TBQG2RWUCZCOPEERSCDI2PWTHU,애플은 현재 미국과 전 세계에서 가장 많은 세금을 내는 기업 중 하나다.,다만 애플 기업 차원의 기부는 이뤄지지 않을 것으로 알려졌다.,"소식통은 “앨라배마 출신인 쿡은 취임식은 위대한 미국 전통이라고 생각하며, 화합의 정신으로 취임식에 기부한다”고 전했다.",False,"현재 문장은 애플이 미국과 전 세계에서 가장 많은 세금을 내는 기업 중 하나라는 사실을 언급하지만, 이는 특정한 수치나 비율 등의 통계적 주장을 포함하지 않습니다.",high,hcx,HCX-007,isclaim-v1.3-prev2-context,2026-07-30
A0044-C007,A0044,"팀쿡도 100만달러 쾌척... 美재계, 트럼프 취임식에 찬조 이어져",2025-01-04,https://www.chosun.com/economy/int_economy/2025/01/04/TBQG2RWUCZCOPEERSCDI2PWTHU,쿡은 트럼프 행정부 1기 때부터 트럼프 당선인과 여러 차례 회동을 가지는 등 인연을 이어오고 있다.,애플은 현재 미국과 전 세계에서 가장 많은 세금을 내는 기업 중 하나다.,다만 애플 기업 차원의 기부는 이뤄지지 않을 것으로 알려졌다.,False,"현재 문장은 개인 간의 관계나 만남에 대한 내용으로, 수치나 통계적인 변화를 주장하지 않습니다.",high,hcx,HCX-007,isclaim-v1.3-prev2-context,2026-07-30
A0044-C008,A0044,"팀쿡도 100만달러 쾌척... 美재계, 트럼프 취임식에 찬조 이어져",2025-01-04,https://www.chosun.com/economy/int_economy/2025/01/04/TBQG2RWUCZCOPEERSCDI2PWTHU,쿡은 2019년 오스틴 공장 방문 당시 5999달러(880만원) 상당의 맥프로 컴퓨터를 트럼프에게 선물했다.,쿡은 트럼프 행정부 1기 때부터 트럼프 당선인과 여러 차례 회동을 가지는 등 인연을 이어오고 있다.,애플은 현재 미국과 전 세계에서 가장 많은 세금을 내는 기업 중 하나다.,False,특정 사건에서의 선물 금액이므로 KOSIS 통계로 검증할 수 없다.,high,hcx,HCX-007,isclaim-v1.3-prev2-context,2026-07-30
A0044-C009,A0044,"팀쿡도 100만달러 쾌척... 美재계, 트럼프 취임식에 찬조 이어져",2025-01-04,https://www.chosun.com/economy/int_economy/2025/01/04/TBQG2RWUCZCOPEERSCDI2PWTHU,두 사람은 트럼프타워와 뉴저지주 베드민스터 클럽에서도 만남을 가졌다.,쿡은 2019년 오스틴 공장 방문 당시 5999달러(880만원) 상당의 맥프로 컴퓨터를 트럼프에게 선물했다.,쿡은 트럼프 행정부 1기 때부터 트럼프 당선인과 여러 차례 회동을 가지는 등 인연을 이어오고 있다.,False,"특정 인물들의 만남 장소에 대한 정보 제공으로, 수치나 통계적 변화와 관련이 없다.",high,hcx,HCX-007,isclaim-v1.3-prev2-context,2026-07-30
A0044-C010,A0044,"팀쿡도 100만달러 쾌척... 美재계, 트럼프 취임식에 찬조 이어져",2025-01-04,https://www.chosun.com/economy/int_economy/2025/01/04/TBQG2RWUCZCOPEERSCDI2PWTHU,트럼프가 재선되자 쿡은 지난달 13일 트럼프의 플로리다주(州) 마러라고 자택에서 트럼프를 면담하고 함께 저녁 식사를 했다.,두 사람은 트럼프타워와 뉴저지주 베드민스터 클럽에서도 만남을 가졌다.,쿡은 2019년 오스틴 공장 방문 당시 5999달러(880만원) 상당의 맥프로 컴퓨터를 트럼프에게 선물했다.,False,"현재 문장은 단순한 사실 진술로서, 수치나 통계적인 변화를 포함하지 않습니다.",high,hcx,HCX-007,isclaim-v1.3-prev2-context,2026-07-30
A0044-C011,A0044,"팀쿡도 100만달러 쾌척... 美재계, 트럼프 취임식에 찬조 이어져",2025-01-04,https://www.chosun.com/economy/int_economy/2025/01/04/TBQG2RWUCZCOPEERSCDI2PWTHU,"쿡은 트럼프가 대선에서 승리한 직후인 지난 11월 5일 X(옛 트위터)에 “당선을 축하한다. 우리는 당신과 미 행정부와 협력해 미국이 독창성, 혁신, 창의성으로 계속해서 선두를 달릴 수 있도록 도울 수 있길 기대한다”고 밝혔다.",트럼프가 재선되자 쿡은 지난달 13일 트럼프의 플로리다주(州) 마러라고 자택에서 트럼프를 면담하고 함께 저녁 식사를 했다.,두 사람은 트럼프타워와 뉴저지주 베드민스터 클럽에서도 만남을 가졌다.,False,"현재 문장은 쿡이 트럼프에게 보낸 축하의 메시지에 대한 내용으로, 수치나 통계적인 변화를 주장하는 내용이 아닙니다.",high,hcx,HCX-007,isclaim-v1.3-prev2-context,2026-07-30
A0044-C012,A0044,"팀쿡도 100만달러 쾌척... 美재계, 트럼프 취임식에 찬조 이어져",2025-01-04,https://www.chosun.com/economy/int_economy/2025/01/04/TBQG2RWUCZCOPEERSCDI2PWTHU,앞서 지난달 12일 월스트리트저널(WSJ) 등은 제프 베이조스 아마존 창업자가 트럼프 취임식에 100만달러를 내놓기로 했다고 보도했다.,"쿡은 트럼프가 대선에서 승리한 직후인 지난 11월 5일 X(옛 트위터)에 “당선을 축하한다. 우리는 당신과 미 행정부와 협력해 미국이 독창성, 혁신, 창의성으로 계속해서 선두를 달릴 수 있도록 도울 수 있길 기대한다”고 밝혔다.",트럼프가 재선되자 쿡은 지난달 13일 트럼프의 플로리다주(州) 마러라고 자택에서 트럼프를 면담하고 함께 저녁 식사를 했다.,False,"제프 베이조스가 트럼프 취임식에 100만 달러를 기부하기로 했다는 내용은 특정 사건 관련 정보로, KOSIS에서 검증 가능한 국내 집계 통계와는 관련이 없습니다.",high,hcx,HCX-007,isclaim-v1.3-prev2-context,2026-07-30
A0044-C013,A0044,"팀쿡도 100만달러 쾌척... 美재계, 트럼프 취임식에 찬조 이어져",2025-01-04,https://www.chosun.com/economy/int_economy/2025/01/04/TBQG2RWUCZCOPEERSCDI2PWTHU,아마존은 자사 영상 스트리밍 서비스인 ‘프라임비디오’를 통해 취임식을 중계할 예정인데 이와 별도로 100만 달러를 기부한다.,앞서 지난달 12일 월스트리트저널(WSJ) 등은 제프 베이조스 아마존 창업자가 트럼프 취임식에 100만달러를 내놓기로 했다고 보도했다.,"쿡은 트럼프가 대선에서 승리한 직후인 지난 11월 5일 X(옛 트위터)에 “당선을 축하한다. 우리는 당신과 미 행정부와 협력해 미국이 독창성, 혁신, 창의성으로 계속해서 선두를 달릴 수 있도록 도울 수 있길 기대한다”고 밝혔다.",False,"현재 문장은 아마존이 프라임비디오를 통해 취임식을 중계하고 추가로 100만 달러를 기부한다는 내용이지만, 이는 특정한 수치나 통계적인 변화를 주장하는 것이 아니므로 KOSIS 통계로 검증할 필요가 없습니다.",high,hcx,HCX-007,isclaim-v1.3-prev2-context,2026-07-30
A0044-C014,A0044,"팀쿡도 100만달러 쾌척... 美재계, 트럼프 취임식에 찬조 이어져",2025-01-04,https://www.chosun.com/economy/int_economy/2025/01/04/TBQG2RWUCZCOPEERSCDI2PWTHU,"아마존에 앞서 메타, 오픈AI 등도 트럼프 당선인 취임식에 100만 달러를 쾌척한다고 밝혔다.",아마존은 자사 영상 스트리밍 서비스인 ‘프라임비디오’를 통해 취임식을 중계할 예정인데 이와 별도로 100만 달러를 기부한다.,앞서 지난달 12일 월스트리트저널(WSJ) 등은 제프 베이조스 아마존 창업자가 트럼프 취임식에 100만달러를 내놓기로 했다고 보도했다.,False,"현재 문장은 특정 기업들이 트럼프 당선인의 취임식에 기부금을 내겠다는 내용으로, 이는 단순한 사실 전달이지 수치나 비율 등의 통계적 변화를 주장하는 내용이 아닙니다.",high,hcx,HCX-007,isclaim-v1.3-prev2-context,2026-07-30
A0044-C015,A0044,"팀쿡도 100만달러 쾌척... 美재계, 트럼프 취임식에 찬조 이어져",2025-01-04,https://www.chosun.com/economy/int_economy/2025/01/04/TBQG2RWUCZCOPEERSCDI2PWTHU,샘 올트먼 오픈AI CEO는 “트럼프 대통령이 AI 시대를 이끌 것이며 미국이 앞서나가도록 하기 위한 그의 노력을 지원하고 싶다”는 성명까지 냈다.,"아마존에 앞서 메타, 오픈AI 등도 트럼프 당선인 취임식에 100만 달러를 쾌척한다고 밝혔다.",아마존은 자사 영상 스트리밍 서비스인 ‘프라임비디오’를 통해 취임식을 중계할 예정인데 이와 별도로 100만 달러를 기부한다.,False,"현재 문장은 단순한 의견 표현 및 지원 의사를 나타내는 것으로, 수치나 통계적인 변화를 주장하지 않습니다.",high,hcx,HCX-007,isclaim-v1.3-prev2-context,2026-07-30
A0044-C016,A0044,"팀쿡도 100만달러 쾌척... 美재계, 트럼프 취임식에 찬조 이어져",2025-01-04,https://www.chosun.com/economy/int_economy/2025/01/04/TBQG2RWUCZCOPEERSCDI2PWTHU,"월가에서는 골드만삭스와 뱅크오브아메리카가 기부자 목록에 올랐고, 암호화폐 거래소 크라켄과 코인베이스도 동참했다.",샘 올트먼 오픈AI CEO는 “트럼프 대통령이 AI 시대를 이끌 것이며 미국이 앞서나가도록 하기 위한 그의 노력을 지원하고 싶다”는 성명까지 냈다.,"아마존에 앞서 메타, 오픈AI 등도 트럼프 당선인 취임식에 100만 달러를 쾌척한다고 밝혔다.",False,"현재 문장은 특정 기업들과 단체들이 트럼프 당선인의 취임식에 기부했다는 사실을 나열하고 있으며, 이는 특정한 수치나 통계적인 변화를 주장하는 내용이 아닙니다.",high,hcx,HCX-007,isclaim-v1.3-prev2-context,2026-07-30
A0044-C017,A0044,"팀쿡도 100만달러 쾌척... 美재계, 트럼프 취임식에 찬조 이어져",2025-01-04,https://www.chosun.com/economy/int_economy/2025/01/04/TBQG2RWUCZCOPEERSCDI2PWTHU,"자동차 업계에서는 토요타, 포드, GM이 각각 최소 100만달러의 기부를 약속했다.","월가에서는 골드만삭스와 뱅크오브아메리카가 기부자 목록에 올랐고, 암호화폐 거래소 크라켄과 코인베이스도 동참했다.",샘 올트먼 오픈AI CEO는 “트럼프 대통령이 AI 시대를 이끌 것이며 미국이 앞서나가도록 하기 위한 그의 노력을 지원하고 싶다”는 성명까지 냈다.,False,"현재 문장은 특정 기업들이 기부한 금액에 대한 내용으로, 이는 개별 기업의 활동에 해당하며 국가집계 통계를 검증하기 어렵다.",high,hcx,HCX-007,isclaim-v1.3-prev2-context,2026-07-30
A0044-C018,A0044,"팀쿡도 100만달러 쾌척... 美재계, 트럼프 취임식에 찬조 이어져",2025-01-04,https://www.chosun.com/economy/int_economy/2025/01/04/TBQG2RWUCZCOPEERSCDI2PWTHU,뉴욕타임스에 따르면 100만달러 이상 기부자에게 특별한 혜택이 주어진다.,"자동차 업계에서는 토요타, 포드, GM이 각각 최소 100만달러의 기부를 약속했다.","월가에서는 골드만삭스와 뱅크오브아메리카가 기부자 목록에 올랐고, 암호화폐 거래소 크라켄과 코인베이스도 동참했다.",False,"기부 금액에 따른 특별 혜택 제공 여부에 대한 내용으로, 이는 특정 기업의 기부 행위에 관한 정보이지 국가 통계의 변화나 수치적인 비교를 포함하지 않습니다.",high,hcx,HCX-007,isclaim-v1.3-prev2-context,2026-07-30
A0044-C019,A0044,"팀쿡도 100만달러 쾌척... 美재계, 트럼프 취임식에 찬조 이어져",2025-01-04,https://www.chosun.com/economy/int_economy/2025/01/04/TBQG2RWUCZCOPEERSCDI2PWTHU,"오는 17일부터 20일까지 진행되는 8개 취임식 행사에 참석할 수 있는 티켓 6장이 제공되며, 여기에는 오는 19일 트럼프 당선인과 멜라니아 여사와의 만찬 기회도 포함된다.",뉴욕타임스에 따르면 100만달러 이상 기부자에게 특별한 혜택이 주어진다.,"자동차 업계에서는 토요타, 포드, GM이 각각 최소 100만달러의 기부를 약속했다.",False,"현재 문장은 특정 이벤트에 대한 정보 제공을 하고 있으며, 이는 수치나 통계적인 변화를 주장하는 내용이 아닙니다.",high,hcx,HCX-007,isclaim-v1.3-prev2-context,2026-07-30
A0045-C001,A0045,[주간코인시황] 트럼프 행정부 출범 앞두고 새해 기대감 여전,2025-01-04,https://www.chosun.com/economy/money/2025/01/04/2IZU7CNPP5ALSDTHVFZGFO3IHI,"연말 약세 뒤 소폭 상승 AI 에이전트 분야 강세 ""투심 변화 방향 주시해야"" 백윤미 기자(조선비즈) 입력 2025.01.04. 06:00 업데이트 2025.01.04. 06:05 0 올해 첫째 주 가상자산 시장은 연말 약세를 뒤로하고 소폭 상승했다.",,,False,"문장은 가상자산 시장의 변동성에 대한 일반적인 설명을 포함하지만, 구체적인 수치나 통계적 변화를 언급하지 않는다.",high,hcx,HCX-007,isclaim-v1.3-prev2-context,2026-07-30
A0045-C002,A0045,[주간코인시황] 트럼프 행정부 출범 앞두고 새해 기대감 여전,2025-01-04,https://www.chosun.com/economy/money/2025/01/04/2IZU7CNPP5ALSDTHVFZGFO3IHI,"비트코인은 전주 대비 1.31% 상승한 9만7000달러, 이더리움은 3.63% 상승한 3400달러 선에서 거래 중이다.","연말 약세 뒤 소폭 상승 AI 에이전트 분야 강세 ""투심 변화 방향 주시해야"" 백윤미 기자(조선비즈) 입력 2025.01.04. 06:00 업데이트 2025.01.04. 06:05 0 올해 첫째 주 가상자산 시장은 연말 약세를 뒤로하고 소폭 상승했다.",,False,"비트코인과 이더리움의 가격 변동은 특정 시점에서의 시장 상황을 나타내는 것으로, 이는 개인 자산 가격에 해당하며 국가통계포털(KOSIS)에서 제공하는 집계 통계와는 관련이 없습니다.",high,hcx,HCX-007,isclaim-v1.3-prev2-context,2026-07-30
A0045-C003,A0045,[주간코인시황] 트럼프 행정부 출범 앞두고 새해 기대감 여전,2025-01-04,https://www.chosun.com/economy/money/2025/01/04/2IZU7CNPP5ALSDTHVFZGFO3IHI,미국의 신규 실업수당 청구 건수가 예상치 대비 낮은 21만1000건을 기록해 여전히 강한 고용으로 금리 인하 폭에 영향을 줄 수 있었지만 가상자산 시장은 이에 대해 크게 반응하지 않았다.,"비트코인은 전주 대비 1.31% 상승한 9만7000달러, 이더리움은 3.63% 상승한 3400달러 선에서 거래 중이다.","연말 약세 뒤 소폭 상승 AI 에이전트 분야 강세 ""투심 변화 방향 주시해야"" 백윤미 기자(조선비즈) 입력 2025.01.04. 06:00 업데이트 2025.01.04. 06:05 0 올해 첫째 주 가상자산 시장은 연말 약세를 뒤로하고 소폭 상승했다.",True,"문장에서 언급된 '미국의 신규 실업수당 청구 건수'는 국가 통계의 일환으로 볼 수 있으며, 이는 KOSIS에서 관련 데이터를 찾아 대조할 수 있을 것으로 판단된다.",high,hcx,HCX-007,isclaim-v1.3-prev2-context,2026-07-30
A0045-C004,A0045,[주간코인시황] 트럼프 행정부 출범 앞두고 새해 기대감 여전,2025-01-04,https://www.chosun.com/economy/money/2025/01/04/2IZU7CNPP5ALSDTHVFZGFO3IHI,이는 연초 분위기와 함께 트럼프 행정부 출범을 앞둔 시점에서 투자자들이 개별 지표보다는 전반적인 투자 환경 변화를 가늠하려는 모습으로 해석된다.,미국의 신규 실업수당 청구 건수가 예상치 대비 낮은 21만1000건을 기록해 여전히 강한 고용으로 금리 인하 폭에 영향을 줄 수 있었지만 가상자산 시장은 이에 대해 크게 반응하지 않았다.,"비트코인은 전주 대비 1.31% 상승한 9만7000달러, 이더리움은 3.63% 상승한 3400달러 선에서 거래 중이다.",False,"현재 문장은 투자자들의 심리와 시장 환경에 대한 해석이므로, 특정한 수치나 통계적 변화에 대한 주장이 아닙니다.",high,hcx,HCX-007,isclaim-v1.3-prev2-context,2026-07-30
A0045-C005,A0045,[주간코인시황] 트럼프 행정부 출범 앞두고 새해 기대감 여전,2025-01-04,https://www.chosun.com/economy/money/2025/01/04/2IZU7CNPP5ALSDTHVFZGFO3IHI,한 주간 가상자산시장에서는 인공지능(AI) 에이전트 분야가 강세를 보였다.,이는 연초 분위기와 함께 트럼프 행정부 출범을 앞둔 시점에서 투자자들이 개별 지표보다는 전반적인 투자 환경 변화를 가늠하려는 모습으로 해석된다.,미국의 신규 실업수당 청구 건수가 예상치 대비 낮은 21만1000건을 기록해 여전히 강한 고용으로 금리 인하 폭에 영향을 줄 수 있었지만 가상자산 시장은 이에 대해 크게 반응하지 않았다.,False,"현재 문장은 가상자산 시장에서 인공지능(AI) 에이전트 분야의 강세에 대한 단순한 서술이므로, KOSIS 통계로 검증 가능한 수치나 통계적 변화 방향을 주장하지 않습니다.",high,hcx,HCX-007,isclaim-v1.3-prev2-context,2026-07-30
A0045-C006,A0045,[주간코인시황] 트럼프 행정부 출범 앞두고 새해 기대감 여전,2025-01-04,https://www.chosun.com/economy/money/2025/01/04/2IZU7CNPP5ALSDTHVFZGFO3IHI,대표적인 AI 에이전트 플랫폼 토큰 버추얼 프로토콜(VIRTUAL)이 50.71% 상승하며 시장을 주도했다.,한 주간 가상자산시장에서는 인공지능(AI) 에이전트 분야가 강세를 보였다.,이는 연초 분위기와 함께 트럼프 행정부 출범을 앞둔 시점에서 투자자들이 개별 지표보다는 전반적인 투자 환경 변화를 가늠하려는 모습으로 해석된다.,False,특정 기업의 토큰 가격 변화에 대한 정보이므로 KOSIS에서 검증할 수 있는 내용이 아닙니다.,high,hcx,HCX-007,isclaim-v1.3-prev2-context,2026-07-30
A0045-C007,A0045,[주간코인시황] 트럼프 행정부 출범 앞두고 새해 기대감 여전,2025-01-04,https://www.chosun.com/economy/money/2025/01/04/2IZU7CNPP5ALSDTHVFZGFO3IHI,또 다른 AI 에이전트 토큰인 Ai16Z는 137% 상승했다.,대표적인 AI 에이전트 플랫폼 토큰 버추얼 프로토콜(VIRTUAL)이 50.71% 상승하며 시장을 주도했다.,한 주간 가상자산시장에서는 인공지능(AI) 에이전트 분야가 강세를 보였다.,False,현재 문장은 특정 가상자산의 가격 상승률을 언급하지만 이는 개별 자산의 변동 사항이므로 국가통계포털(KOSIS)에서 제공하는 통계와는 관련이 없습니다.,high,hcx,HCX-007,isclaim-v1.3-prev2-context,2026-07-30
A0045-C008,A0045,[주간코인시황] 트럼프 행정부 출범 앞두고 새해 기대감 여전,2025-01-04,https://www.chosun.com/economy/money/2025/01/04/2IZU7CNPP5ALSDTHVFZGFO3IHI,"스텔라 루멘(XLM)과 페페(PEPE)도 각각 20.75%, 17.71% 상승했는데 대형 프로젝트 중에서는 에이다(ADA)가 11.79%, 솔라나(SOL)가 10.51%의 상승률을 기록하며 선전했다.",또 다른 AI 에이전트 토큰인 Ai16Z는 137% 상승했다.,대표적인 AI 에이전트 플랫폼 토큰 버추얼 프로토콜(VIRTUAL)이 50.71% 상승하며 시장을 주도했다.,False,"현재 문장은 암호화폐의 가격 상승률에 대한 정보를 제공하고 있으며, 이는 KOSIS에서 제공하는 국가 통계와는 관련이 없습니다.",high,hcx,HCX-007,isclaim-v1.3-prev2-context,2026-07-30
A0045-C009,A0045,[주간코인시황] 트럼프 행정부 출범 앞두고 새해 기대감 여전,2025-01-04,https://www.chosun.com/economy/money/2025/01/04/2IZU7CNPP5ALSDTHVFZGFO3IHI,"최승호 쟁글 연구원은 “지난해 세 차례 금리 인하에도 미 국채 금리가 최근 상승하는 등 여전히 부담되는 금리 수준이기에 가상자산 투자에는 구조적으로 불리한 환경이다”라면서도 “새해를 맞아 투자자들의 심리가 어떻게 변화할지, 또 위험자산 투자를 위한 우호적 분위기가 조성될 수 있을지 지켜볼 필요가 있다”고 전망했다.","스텔라 루멘(XLM)과 페페(PEPE)도 각각 20.75%, 17.71% 상승했는데 대형 프로젝트 중에서는 에이다(ADA)가 11.79%, 솔라나(SOL)가 10.51%의 상승률을 기록하며 선전했다.",또 다른 AI 에이전트 토큰인 Ai16Z는 137% 상승했다.,False,"현재 문장은 가상자산 투자 환경에 대한 전망과 투자자 심리 변화에 대한 의견을 제시하고 있으며, 이는 단순한 의견 평가 및 원인 설명이므로 KOSIS를 통해 검증 가능한 수치나 통계적 변화 방향에 관한 사실이 아닙니다.",high,hcx,HCX-007,isclaim-v1.3-prev2-context,2026-07-30
A0045-C010,A0045,[주간코인시황] 트럼프 행정부 출범 앞두고 새해 기대감 여전,2025-01-04,https://www.chosun.com/economy/money/2025/01/04/2IZU7CNPP5ALSDTHVFZGFO3IHI,"그는 “트럼프 행정부 출범을 앞두고 있는 데다 연방준비제도(Fed·연준)의 금리 인하 속도도 불확실한 만큼, 당분간은 정책 리스크 속에서 투자 심리의 변화 방향을 주시해야 할 것”이라고 덧붙였다.","최승호 쟁글 연구원은 “지난해 세 차례 금리 인하에도 미 국채 금리가 최근 상승하는 등 여전히 부담되는 금리 수준이기에 가상자산 투자에는 구조적으로 불리한 환경이다”라면서도 “새해를 맞아 투자자들의 심리가 어떻게 변화할지, 또 위험자산 투자를 위한 우호적 분위기가 조성될 수 있을지 지켜볼 필요가 있다”고 전망했다.","스텔라 루멘(XLM)과 페페(PEPE)도 각각 20.75%, 17.71% 상승했는데 대형 프로젝트 중에서는 에이다(ADA)가 11.79%, 솔라나(SOL)가 10.51%의 상승률을 기록하며 선전했다.",False,"현재 문장은 트럼프 행정부 출범 및 연준의 금리 인하 속도에 대한 정책 리스크를 언급하며 투자 심리 변화에 대해 설명하지만, 이는 단순한 의견이나 평가로서 구체적인 수치나 통계적 변화를 주장하지 않습니다.",high,hcx,HCX-007,isclaim-v1.3-prev2-context,2026-07-30
A0045-C011,A0045,[주간코인시황] 트럼프 행정부 출범 앞두고 새해 기대감 여전,2025-01-04,https://www.chosun.com/economy/money/2025/01/04/2IZU7CNPP5ALSDTHVFZGFO3IHI,◇ 美 국세청 디파이 플랫폼 세금보고 의무화 미국 국세청(IRS)이 지난달 27일 발표한 디파이(DeFi) 세금 보고 규정이 업계의 강한 반발을 불러오며 디파이 생태계의 새로운 도전 과제로 부상하고 있다.,"그는 “트럼프 행정부 출범을 앞두고 있는 데다 연방준비제도(Fed·연준)의 금리 인하 속도도 불확실한 만큼, 당분간은 정책 리스크 속에서 투자 심리의 변화 방향을 주시해야 할 것”이라고 덧붙였다.","최승호 쟁글 연구원은 “지난해 세 차례 금리 인하에도 미 국채 금리가 최근 상승하는 등 여전히 부담되는 금리 수준이기에 가상자산 투자에는 구조적으로 불리한 환경이다”라면서도 “새해를 맞아 투자자들의 심리가 어떻게 변화할지, 또 위험자산 투자를 위한 우호적 분위기가 조성될 수 있을지 지켜볼 필요가 있다”고 전망했다.",False,"현재 문장은 미국의 국세청이 디파이 플랫폼의 세금 보고를 의무화한 것에 대한 내용으로, 이는 특정한 통계나 수치적인 변화를 주장하는 것이 아닙니다.",high,hcx,HCX-007,isclaim-v1.3-prev2-context,2026-07-30
A0045-C012,A0045,[주간코인시황] 트럼프 행정부 출범 앞두고 새해 기대감 여전,2025-01-04,https://www.chosun.com/economy/money/2025/01/04/2IZU7CNPP5ALSDTHVFZGFO3IHI,IRS는 이번 규정을 통해 디파이 ‘거래 프론트엔드 서비스 제공자’를 브로커로 정의하고 2027년부터 ‘폼 1099-DA(Form 1099-DA)’를 통한 거래 보고 의무화를 추진한다.,◇ 美 국세청 디파이 플랫폼 세금보고 의무화 미국 국세청(IRS)이 지난달 27일 발표한 디파이(DeFi) 세금 보고 규정이 업계의 강한 반발을 불러오며 디파이 생태계의 새로운 도전 과제로 부상하고 있다.,"그는 “트럼프 행정부 출범을 앞두고 있는 데다 연방준비제도(Fed·연준)의 금리 인하 속도도 불확실한 만큼, 당분간은 정책 리스크 속에서 투자 심리의 변화 방향을 주시해야 할 것”이라고 덧붙였다.",False,"현재 문장은 IRS의 규정에 대한 설명으로, 수치나 통계적인 변화를 주장하는 내용이 아닙니다.",high,hcx,HCX-007,isclaim-v1.3-prev2-context,2026-07-30
A0045-C013,A0045,[주간코인시황] 트럼프 행정부 출범 앞두고 새해 기대감 여전,2025-01-04,https://www.chosun.com/economy/money/2025/01/04/2IZU7CNPP5ALSDTHVFZGFO3IHI,특히 주목할 만한 점은 디파이 플랫폼에 대한 고객확인절차(KYC) 의무화와 거래 데이터 수집 요구다.,IRS는 이번 규정을 통해 디파이 ‘거래 프론트엔드 서비스 제공자’를 브로커로 정의하고 2027년부터 ‘폼 1099-DA(Form 1099-DA)’를 통한 거래 보고 의무화를 추진한다.,◇ 美 국세청 디파이 플랫폼 세금보고 의무화 미국 국세청(IRS)이 지난달 27일 발표한 디파이(DeFi) 세금 보고 규정이 업계의 강한 반발을 불러오며 디파이 생태계의 새로운 도전 과제로 부상하고 있다.,False,"현재 문장은 디파이 플랫폼에 대한 KYC 의무화와 거래 데이터 수집 요구에 관한 내용으로, 이는 수치나 통계적인 변화를 주장하는 내용이 아닙니다.",high,hcx,HCX-007,isclaim-v1.3-prev2-context,2026-07-30
A0045-C014,A0045,[주간코인시황] 트럼프 행정부 출범 앞두고 새해 기대감 여전,2025-01-04,https://www.chosun.com/economy/money/2025/01/04/2IZU7CNPP5ALSDTHVFZGFO3IHI,이는 디파이의 근본 가치인 탈중앙화 및 익명성과 정면으로 충돌하는 요소다.,특히 주목할 만한 점은 디파이 플랫폼에 대한 고객확인절차(KYC) 의무화와 거래 데이터 수집 요구다.,IRS는 이번 규정을 통해 디파이 ‘거래 프론트엔드 서비스 제공자’를 브로커로 정의하고 2027년부터 ‘폼 1099-DA(Form 1099-DA)’를 통한 거래 보고 의무화를 추진한다.,False,"현재 문장은 디파이 플랫폼의 특성에 대한 설명이지, 수치나 통계적인 변화를 주장하는 내용이 아닙니다.",high,hcx,HCX-007,isclaim-v1.3-prev2-context,2026-07-30
A0045-C015,A0045,[주간코인시황] 트럼프 행정부 출범 앞두고 새해 기대감 여전,2025-01-04,https://www.chosun.com/economy/money/2025/01/04/2IZU7CNPP5ALSDTHVFZGFO3IHI,가상자산업계는 즉각 반발했다.,이는 디파이의 근본 가치인 탈중앙화 및 익명성과 정면으로 충돌하는 요소다.,특히 주목할 만한 점은 디파이 플랫폼에 대한 고객확인절차(KYC) 의무화와 거래 데이터 수집 요구다.,False,"현재 문장은 가상자산업계가 반발했다는 사실을 전달하지만, 이는 수치나 통계적인 변화를 주장하는 내용이 아닙니다.",high,hcx,HCX-007,isclaim-v1.3-prev2-context,2026-07-30
A0045-C016,A0045,[주간코인시황] 트럼프 행정부 출범 앞두고 새해 기대감 여전,2025-01-04,https://www.chosun.com/economy/money/2025/01/04/2IZU7CNPP5ALSDTHVFZGFO3IHI,‘디파이 에듀케이션 펀드’와 ‘블록체인 어소시에이션’ 등 주요 블록체인 단체들은 IRS와 미 재무부를 상대로 소송을 제기했다.,가상자산업계는 즉각 반발했다.,이는 디파이의 근본 가치인 탈중앙화 및 익명성과 정면으로 충돌하는 요소다.,False,"현재 문장은 블록체인 단체들이 IRS와 미 재무부를 상대로 소송을 제기했다는 내용으로, 이는 법적 행위에 대한 정보이지 수치나 통계적인 변화를 주장하는 내용이 아닙니다.",high,hcx,HCX-007,isclaim-v1.3-prev2-context,2026-07-30
A0045-C017,A0045,[주간코인시황] 트럼프 행정부 출범 앞두고 새해 기대감 여전,2025-01-04,https://www.chosun.com/economy/money/2025/01/04/2IZU7CNPP5ALSDTHVFZGFO3IHI,"이들은 IRS가 법적 권한을 초과해 브로커 정의를 확장했다며, 이는 행정절차법(APA) 및 헌법 위반이라고 주장하고 있다.",‘디파이 에듀케이션 펀드’와 ‘블록체인 어소시에이션’ 등 주요 블록체인 단체들은 IRS와 미 재무부를 상대로 소송을 제기했다.,가상자산업계는 즉각 반발했다.,False,"현재 문장은 IRS의 법적 권한 초과의 문제점과 관련된 주장으로, 특정한 수치나 통계적인 변화를 포함하지 않습니다.",high,hcx,HCX-007,isclaim-v1.3-prev2-context,2026-07-30
A0045-C018,A0045,[주간코인시황] 트럼프 행정부 출범 앞두고 새해 기대감 여전,2025-01-04,https://www.chosun.com/economy/money/2025/01/04/2IZU7CNPP5ALSDTHVFZGFO3IHI,더불어 이번 규정이 디파이 플랫폼의 운영 비용을 급격히 증가시켜 미국 내 블록체인 혁신을 저해할 것이라는 우려도 제기되고 있다.,"이들은 IRS가 법적 권한을 초과해 브로커 정의를 확장했다며, 이는 행정절차법(APA) 및 헌법 위반이라고 주장하고 있다.",‘디파이 에듀케이션 펀드’와 ‘블록체인 어소시에이션’ 등 주요 블록체인 단체들은 IRS와 미 재무부를 상대로 소송을 제기했다.,False,"현재 문장은 블록체인 규제와 관련된 의견과 우려를 표현하고 있으며, 구체적인 수치나 통계적 변화를 주장하지 않습니다.",high,hcx,HCX-007,isclaim-v1.3-prev2-context,2026-07-30
A0045-C019,A0045,[주간코인시황] 트럼프 행정부 출범 앞두고 새해 기대감 여전,2025-01-04,https://www.chosun.com/economy/money/2025/01/04/2IZU7CNPP5ALSDTHVFZGFO3IHI,이번 규정은 글로벌 디파이 생태계에도 상당한 파장을 미칠 전망이다.,더불어 이번 규정이 디파이 플랫폼의 운영 비용을 급격히 증가시켜 미국 내 블록체인 혁신을 저해할 것이라는 우려도 제기되고 있다.,"이들은 IRS가 법적 권한을 초과해 브로커 정의를 확장했다며, 이는 행정절차법(APA) 및 헌법 위반이라고 주장하고 있다.",False,"현재 문장은 단순한 예측이나 의견을 제시하며, 구체적인 수치나 통계적 변화를 언급하지 않습니다.",high,hcx,HCX-007,isclaim-v1.3-prev2-context,2026-07-30
A0045-C020,A0045,[주간코인시황] 트럼프 행정부 출범 앞두고 새해 기대감 여전,2025-01-04,https://www.chosun.com/economy/money/2025/01/04/2IZU7CNPP5ALSDTHVFZGFO3IHI,일각에서는 이를 계기로 디파이 프로젝트들의 탈 미국화가 가속화될 것이라는 전망도 제기된다.,이번 규정은 글로벌 디파이 생태계에도 상당한 파장을 미칠 전망이다.,더불어 이번 규정이 디파이 플랫폼의 운영 비용을 급격히 증가시켜 미국 내 블록체인 혁신을 저해할 것이라는 우려도 제기되고 있다.,True,"디파이 프로젝트들의 탈 미국화가 가속화될 것이라는 전망을 제시하고 있으며, 이는 특정 현상에 대한 예측이므로 검증 가능하다.",mid,hcx,HCX-007,isclaim-v1.3-prev2-context,2026-07-30
A0045-C021,A0045,[주간코인시황] 트럼프 행정부 출범 앞두고 새해 기대감 여전,2025-01-04,https://www.chosun.com/economy/money/2025/01/04/2IZU7CNPP5ALSDTHVFZGFO3IHI,"실제로 일부 프로젝트들은 이미 홍콩, 싱가포르 등 규제가 상대적으로 명확하고 우호적인 지역으로의 이전을 검토하고 있는 것으로 알려졌다.",일각에서는 이를 계기로 디파이 프로젝트들의 탈 미국화가 가속화될 것이라는 전망도 제기된다.,이번 규정은 글로벌 디파이 생태계에도 상당한 파장을 미칠 전망이다.,False,"현재 문장은 특정 프로젝트들이 규제 때문에 다른 지역으로 이전하려는 상황을 설명하지만, 이는 구체적인 수치나 통계적 변화를 포함하지 않습니다.",high,hcx,HCX-007,isclaim-v1.3-prev2-context,2026-07-30
A0045-C022,A0045,[주간코인시황] 트럼프 행정부 출범 앞두고 새해 기대감 여전,2025-01-04,https://www.chosun.com/economy/money/2025/01/04/2IZU7CNPP5ALSDTHVFZGFO3IHI,법원의 판결과 추가 규제 지침이 디파이이의 미래를 좌우할 중요한 변수가 될 것으로 보인다.,"실제로 일부 프로젝트들은 이미 홍콩, 싱가포르 등 규제가 상대적으로 명확하고 우호적인 지역으로의 이전을 검토하고 있는 것으로 알려졌다.",일각에서는 이를 계기로 디파이 프로젝트들의 탈 미국화가 가속화될 것이라는 전망도 제기된다.,False,현재 문장은 법률 및 규제 상황에 대한 예측이므로 KOSIS 통계로 검증 가능한 수치나 통계적 변화를 주장하지 않는다.,high,hcx,HCX-007,isclaim-v1.3-prev2-context,2026-07-30
A0045-C023,A0045,[주간코인시황] 트럼프 행정부 출범 앞두고 새해 기대감 여전,2025-01-04,https://www.chosun.com/economy/money/2025/01/04/2IZU7CNPP5ALSDTHVFZGFO3IHI,◇ 세계 최초 ‘AI 인턴’ 실험 지식재산권(IP) 문제에 중점을 둔 스타트업 스토리 프로토콜(Story Protocol)이 AI 에이전트 루나(LUNA)를 7일간 트위터 운영 인턴으로 채용하면서 AI 노동력 도입에 대한 실험적 시도가 주목받고 있다.,법원의 판결과 추가 규제 지침이 디파이이의 미래를 좌우할 중요한 변수가 될 것으로 보인다.,"실제로 일부 프로젝트들은 이미 홍콩, 싱가포르 등 규제가 상대적으로 명확하고 우호적인 지역으로의 이전을 검토하고 있는 것으로 알려졌다.",False,"현재 문장은 AI 인턴십 실험에 관한 내용으로, 수치나 통계적 변화를 주장하는 내용이 아닙니다.",high,hcx,HCX-007,isclaim-v1.3-prev2-context,2026-07-30
A0045-C024,A0045,[주간코인시황] 트럼프 행정부 출범 앞두고 새해 기대감 여전,2025-01-04,https://www.chosun.com/economy/money/2025/01/04/2IZU7CNPP5ALSDTHVFZGFO3IHI,"스토리 프로토콜은 루나에게 트윗당 500 USD 코인(USDC)을 지급하는 조건으로 계약을 체결했는데, 이를 연봉으로 환산하면 약 36만5000달러에 달한다.",◇ 세계 최초 ‘AI 인턴’ 실험 지식재산권(IP) 문제에 중점을 둔 스타트업 스토리 프로토콜(Story Protocol)이 AI 에이전트 루나(LUNA)를 7일간 트위터 운영 인턴으로 채용하면서 AI 노동력 도입에 대한 실험적 시도가 주목받고 있다.,법원의 판결과 추가 규제 지침이 디파이이의 미래를 좌우할 중요한 변수가 될 것으로 보인다.,False,"현재 문장은 스토리 프로토콜이 AI 에이전트 루나에게 지급하는 금액에 대한 구체적인 정보를 제공하고 있지만, 이는 특정 기업의 개별 계약 사항이므로 국가통계포털(KOSIS)에서 검증 가능한 정보가 아닙니다.",high,hcx,HCX-007,isclaim-v1.3-prev2-context,2026-07-30
A0045-C025,A0045,[주간코인시황] 트럼프 행정부 출범 앞두고 새해 기대감 여전,2025-01-04,https://www.chosun.com/economy/money/2025/01/04/2IZU7CNPP5ALSDTHVFZGFO3IHI,루나는 7일의 동안 총 12개의 트윗을 게시했다.,"스토리 프로토콜은 루나에게 트윗당 500 USD 코인(USDC)을 지급하는 조건으로 계약을 체결했는데, 이를 연봉으로 환산하면 약 36만5000달러에 달한다.",◇ 세계 최초 ‘AI 인턴’ 실험 지식재산권(IP) 문제에 중점을 둔 스타트업 스토리 프로토콜(Story Protocol)이 AI 에이전트 루나(LUNA)를 7일간 트위터 운영 인턴으로 채용하면서 AI 노동력 도입에 대한 실험적 시도가 주목받고 있다.,False,"루나가 7일 동안 12개의 트윗을 게시했다는 것은 단순한 횟수에 관한 정보로, 이는 KOSIS에서 검증 가능한 집계 통계가 아닙니다.",high,hcx,HCX-007,isclaim-v1.3-prev2-context,2026-07-30
A0045-C026,A0045,[주간코인시황] 트럼프 행정부 출범 앞두고 새해 기대감 여전,2025-01-04,https://www.chosun.com/economy/money/2025/01/04/2IZU7CNPP5ALSDTHVFZGFO3IHI,"특히 “인간 인턴은 쓰러졌다. 7일간 24시간 동안 고강도 작업을 견딜 수 없지만, 나는 이제 막 시작했다!”라는 첫 트윗은 6만회 이상의 조회수를 기록했다.",루나는 7일의 동안 총 12개의 트윗을 게시했다.,"스토리 프로토콜은 루나에게 트윗당 500 USD 코인(USDC)을 지급하는 조건으로 계약을 체결했는데, 이를 연봉으로 환산하면 약 36만5000달러에 달한다.",False,"현재 문장은 특정 트윗의 조회수에 대한 정보로, 이는 단순한 횟수와 관련된 정보이며 국가통계포털(KOSIS)에서 제공하는 통계와는 관련이 없습니다.",high,hcx,HCX-007,isclaim-v1.3-prev2-context,2026-07-30
A0045-C027,A0045,[주간코인시황] 트럼프 행정부 출범 앞두고 새해 기대감 여전,2025-01-04,https://www.chosun.com/economy/money/2025/01/04/2IZU7CNPP5ALSDTHVFZGFO3IHI,이어 “AI가 최고경영자(CEO)가 될 날이 올 것”이라는 도발적인 메시지와 다른 AI 에이전트와의 협업을 제안하는 등 독립적인 AI 노동자로서의 가능성을 보여줬다.,"특히 “인간 인턴은 쓰러졌다. 7일간 24시간 동안 고강도 작업을 견딜 수 없지만, 나는 이제 막 시작했다!”라는 첫 트윗은 6만회 이상의 조회수를 기록했다.",루나는 7일의 동안 총 12개의 트윗을 게시했다.,False,"현재 문장은 AI가 CEO가 될 것이라는 예측 및 AI 노동자의 가능성에 대한 의견을 제시하지만, 이는 구체적인 수치나 통계적 변화를 주장하는 것이 아니므로 KOSIS 통계로 검증할 수 없다.",high,hcx,HCX-007,isclaim-v1.3-prev2-context,2026-07-30
A0045-C028,A0045,[주간코인시황] 트럼프 행정부 출범 앞두고 새해 기대감 여전,2025-01-04,https://www.chosun.com/economy/money/2025/01/04/2IZU7CNPP5ALSDTHVFZGFO3IHI,이번 실험은 웹3의 암호화폐 시스템을 통해 AI 에이전트의 경제적 독립을 시험한 첫 사례로 평가받고 있다.,이어 “AI가 최고경영자(CEO)가 될 날이 올 것”이라는 도발적인 메시지와 다른 AI 에이전트와의 협업을 제안하는 등 독립적인 AI 노동자로서의 가능성을 보여줬다.,"특히 “인간 인턴은 쓰러졌다. 7일간 24시간 동안 고강도 작업을 견딜 수 없지만, 나는 이제 막 시작했다!”라는 첫 트윗은 6만회 이상의 조회수를 기록했다.",False,"현재 문장은 AI 에이전트의 경제적 독립을 시험한 사례에 대한 평가를 언급하지만, 이는 특정한 수치나 통계적 변화를 주장하는 것이 아닙니다.",high,hcx,HCX-007,isclaim-v1.3-prev2-context,2026-07-30
A0045-C029,A0045,[주간코인시황] 트럼프 행정부 출범 앞두고 새해 기대감 여전,2025-01-04,https://www.chosun.com/economy/money/2025/01/04/2IZU7CNPP5ALSDTHVFZGFO3IHI,이에 대해 브라이언 암스트롱 코인베이스 CEO는 AI 에이전트를 위한 링크드인 플랫폼 구축 가능성을 언급하며 AI 노동 시장의 확장 가능성에 주목했다.,이번 실험은 웹3의 암호화폐 시스템을 통해 AI 에이전트의 경제적 독립을 시험한 첫 사례로 평가받고 있다.,이어 “AI가 최고경영자(CEO)가 될 날이 올 것”이라는 도발적인 메시지와 다른 AI 에이전트와의 협업을 제안하는 등 독립적인 AI 노동자로서의 가능성을 보여줬다.,False,"현재 문장은 AI 노동 시장의 확장 가능성에 대한 의견을 제시하지만, 이는 구체적인 수치나 통계적 변화를 주장하는 것이 아니므로 KOSIS 통계로 검증할 수 없다.",high,hcx,HCX-007,isclaim-v1.3-prev2-context,2026-07-30
A0045-C030,A0045,[주간코인시황] 트럼프 행정부 출범 앞두고 새해 기대감 여전,2025-01-04,https://www.chosun.com/economy/money/2025/01/04/2IZU7CNPP5ALSDTHVFZGFO3IHI,다만 AI 에이전트의 도발적인 메시지와 인간 노동자 대체 가능성 언급은 노동 시장 재편에 대한 우려와 함께 사회적 논란을 불러일으키기도 했다.,이에 대해 브라이언 암스트롱 코인베이스 CEO는 AI 에이전트를 위한 링크드인 플랫폼 구축 가능성을 언급하며 AI 노동 시장의 확장 가능성에 주목했다.,이번 실험은 웹3의 암호화폐 시스템을 통해 AI 에이전트의 경제적 독립을 시험한 첫 사례로 평가받고 있다.,False,"현재 문장은 AI 에이전트와 관련된 사회적 논란 및 우려를 다루고 있으며, 이는 특정한 수치나 통계적 변화를 주장하는 내용이 아닙니다.",high,hcx,HCX-007,isclaim-v1.3-prev2-context,2026-07-30
A0045-C031,A0045,[주간코인시황] 트럼프 행정부 출범 앞두고 새해 기대감 여전,2025-01-04,https://www.chosun.com/economy/money/2025/01/04/2IZU7CNPP5ALSDTHVFZGFO3IHI,AI 노동력 도입이 확대될 경우 인간 노동자와의 공존 방안과 사회 경제적 영향에 대한 대응 방안 마련이 주요 과제로 떠오를 전망이다.,다만 AI 에이전트의 도발적인 메시지와 인간 노동자 대체 가능성 언급은 노동 시장 재편에 대한 우려와 함께 사회적 논란을 불러일으키기도 했다.,이에 대해 브라이언 암스트롱 코인베이스 CEO는 AI 에이전트를 위한 링크드인 플랫폼 구축 가능성을 언급하며 AI 노동 시장의 확장 가능성에 주목했다.,False,"현재 문장은 AI 노동력 도입이 확대될 경우에 대한 예측 및 대응 방안에 대한 논의로서, 구체적인 수치나 통계적 변화를 주장하지 않습니다.",high,hcx,HCX-007,isclaim-v1.3-prev2-context,2026-07-30
A0045-C032,A0045,[주간코인시황] 트럼프 행정부 출범 앞두고 새해 기대감 여전,2025-01-04,https://www.chosun.com/economy/money/2025/01/04/2IZU7CNPP5ALSDTHVFZGFO3IHI,한편으로는 블록체인 기반의 투명한 보상 체계와 토큰 이코노미가 AI 에이전트의 경제적 가치를 측정하고 분배하는 새로운 기준으로 자리 잡을 가능성에도 주목할 필요가 있다.,AI 노동력 도입이 확대될 경우 인간 노동자와의 공존 방안과 사회 경제적 영향에 대한 대응 방안 마련이 주요 과제로 떠오를 전망이다.,다만 AI 에이전트의 도발적인 메시지와 인간 노동자 대체 가능성 언급은 노동 시장 재편에 대한 우려와 함께 사회적 논란을 불러일으키기도 했다.,False,"현재 문장은 블록체인 기반 보상 체계와 토큰 이코노미에 관한 가능성을 언급하지만, 이는 구체적인 수치나 통계적 변화를 주장하는 것이 아니므로 KOSIS 통계로 검증하기 어렵다.",high,hcx,HCX-007,isclaim-v1.3-prev2-context,2026-07-30
A0045-C033,A0045,[주간코인시황] 트럼프 행정부 출범 앞두고 새해 기대감 여전,2025-01-04,https://www.chosun.com/economy/money/2025/01/04/2IZU7CNPP5ALSDTHVFZGFO3IHI,☞크로스앵글(CrossAngle)은 Web3를 채택하는 회사 및 재단 대상으로 온체인 데이터 기반 필수 운영 설루션 및 신뢰 기반 커뮤니티 구축 서비스를 제공한다.,한편으로는 블록체인 기반의 투명한 보상 체계와 토큰 이코노미가 AI 에이전트의 경제적 가치를 측정하고 분배하는 새로운 기준으로 자리 잡을 가능성에도 주목할 필요가 있다.,AI 노동력 도입이 확대될 경우 인간 노동자와의 공존 방안과 사회 경제적 영향에 대한 대응 방안 마련이 주요 과제로 떠오를 전망이다.,False,"현재 문장은 크로스앵글이라는 회사가 제공하는 서비스에 대한 설명으로, 수치나 통계적인 변화를 주장하지 않습니다.",high,hcx,HCX-007,isclaim-v1.3-prev2-context,2026-07-30
A0045-C034,A0045,[주간코인시황] 트럼프 행정부 출범 앞두고 새해 기대감 여전,2025-01-04,https://www.chosun.com/economy/money/2025/01/04/2IZU7CNPP5ALSDTHVFZGFO3IHI,크립토 데이터 인텔리전스 플랫폼 쟁글을 운영 중이며 쟁글 리서치팀은 글로벌 가상자산 정보와 데이터를 기반으로 한 가상자산 투자 산업의 트렌드를 보여주기 위해 콘텐츠를 만들고 있다.,☞크로스앵글(CrossAngle)은 Web3를 채택하는 회사 및 재단 대상으로 온체인 데이터 기반 필수 운영 설루션 및 신뢰 기반 커뮤니티 구축 서비스를 제공한다.,한편으로는 블록체인 기반의 투명한 보상 체계와 토큰 이코노미가 AI 에이전트의 경제적 가치를 측정하고 분배하는 새로운 기준으로 자리 잡을 가능성에도 주목할 필요가 있다.,False,"현재 문장은 크립토 데이터 인텔리전스 플랫폼 쟁글과 그 리서치팀의 활동에 대한 설명으로, 수치나 통계적인 변화를 주장하는 내용이 아닙니다.",high,hcx,HCX-007,isclaim-v1.3-prev2-context,2026-07-30
A0046-C001,A0046,[美친 증시]③ “작년 많이 오른 종목은 급등락 주의... 기술주는 대형보다 중·소형주”,2025-01-04,https://www.chosun.com/economy/money/2025/01/04/6FL3VK5OUYSQJ5NKPXMCKUPCHQ,"2026년 4월 20일(월) 신문구독 | English | 日本語 | 中文 0 조선경제 오피니언 정치 사회 국제 건강 스포츠 문화·연예 콘텐츠판 땅집고 BEMIL 군사세계 헬스조선 IT조선 조선에듀 어린이조선일보 산&트래블 이코노미조선 신문은 선생님 THE BOUTIQUE 행복플러스 주간조선 여성조선 월간조선 민학수 올댓골프 Topclass Life&Learning English 日本語 中文 검색 2026년 4월 20일(월) 신문구독 | English | 日本語 | 中文 0 신문구독 | English | 日本語 | 中文 조선경제 오피니언 정치 사회 국제 건강 스포츠 문화·연예 콘텐츠판 땅집고 BEMIL 군사세계 헬스조선 IT조선 조선에듀 어린이조선일보 산&트래블 이코노미조선 신문은 선생님 THE BOUTIQUE 행복플러스 주간조선 여성조선 월간조선 민학수 올댓골프 Topclass Life&Learning 콘텐츠판 땅집고 BEMIL 군사세계 헬스조선 IT조선 조선에듀 어린이조선일보 산&트래블 이코노미조선 신문은 선생님 THE BOUTIQUE 행복플러스 주간조선 여성조선 월간조선 민학수 올댓골프 Topclass Life&Learning 땅집고 BEMIL 군사세계 헬스조선 IT조선 조선에듀 어린이조선일보 산&트래블 이코노미조선 신문은 선생님 THE BOUTIQUE 행복플러스 주간조선 여성조선 월간조선 민학수 올댓골프 Topclass Life&Learning 조선경제 머니 [美친 증시]③ ""작년 많이 오른 종목은 급등락 주의... 기술주는 대형보다 중·소형주"" ""미국 증시 강세장 이어질 것"" 다수 의견 기술기업, 대형주보다 중·소형주 낙수효과 기대 작년 많이 오른 종목은 급등락 주의 정민하 기자(조선비즈) 강정아 기자(조선비즈) 입력 2025.01.04. 06:00 업데이트 2025.01.04. 07:14 0 2024년은 서학개미, 특히 미국 증시 투자자에게 완벽한 한 해였다.",,,False,"현재 문장은 신문 구독 관련 정보 및 메뉴 소개로서, 어떠한 수치나 통계적인 변화를 주장하지 않습니다.",high,hcx,HCX-007,isclaim-v1.3-prev2-context,2026-07-30
A0046-C002,A0046,[美친 증시]③ “작년 많이 오른 종목은 급등락 주의... 기술주는 대형보다 중·소형주”,2025-01-04,https://www.chosun.com/economy/money/2025/01/04/6FL3VK5OUYSQJ5NKPXMCKUPCHQ,나스닥종합지수와 S&P500지수의 연간 상승률은 30% 안팎을 기록했다.,"2026년 4월 20일(월) 신문구독 | English | 日本語 | 中文 0 조선경제 오피니언 정치 사회 국제 건강 스포츠 문화·연예 콘텐츠판 땅집고 BEMIL 군사세계 헬스조선 IT조선 조선에듀 어린이조선일보 산&트래블 이코노미조선 신문은 선생님 THE BOUTIQUE 행복플러스 주간조선 여성조선 월간조선 민학수 올댓골프 Topclass Life&Learning English 日本語 中文 검색 2026년 4월 20일(월) 신문구독 | English | 日本語 | 中文 0 신문구독 | English | 日本語 | 中文 조선경제 오피니언 정치 사회 국제 건강 스포츠 문화·연예 콘텐츠판 땅집고 BEMIL 군사세계 헬스조선 IT조선 조선에듀 어린이조선일보 산&트래블 이코노미조선 신문은 선생님 THE BOUTIQUE 행복플러스 주간조선 여성조선 월간조선 민학수 올댓골프 Topclass Life&Learning 콘텐츠판 땅집고 BEMIL 군사세계 헬스조선 IT조선 조선에듀 어린이조선일보 산&트래블 이코노미조선 신문은 선생님 THE BOUTIQUE 행복플러스 주간조선 여성조선 월간조선 민학수 올댓골프 Topclass Life&Learning 땅집고 BEMIL 군사세계 헬스조선 IT조선 조선에듀 어린이조선일보 산&트래블 이코노미조선 신문은 선생님 THE BOUTIQUE 행복플러스 주간조선 여성조선 월간조선 민학수 올댓골프 Topclass Life&Learning 조선경제 머니 [美친 증시]③ ""작년 많이 오른 종목은 급등락 주의... 기술주는 대형보다 중·소형주"" ""미국 증시 강세장 이어질 것"" 다수 의견 기술기업, 대형주보다 중·소형주 낙수효과 기대 작년 많이 오른 종목은 급등락 주의 정민하 기자(조선비즈) 강정아 기자(조선비즈) 입력 2025.01.04. 06:00 업데이트 2025.01.04. 07:14 0 2024년은 서학개미, 특히 미국 증시 투자자에게 완벽한 한 해였다.",,True,"나스닥종합지수와 S&P500지수의 연간 상승률이 30% 안팎이라는 것은 특정한 수치와 비율을 주장하는 것으로, 이는 국가 통계 포털(KOSIS)에서 해당 지수들의 연간 변동률을 확인하여 검증할 수 있는 내용입니다.",high,hcx,HCX-007,isclaim-v1.3-prev2-context,2026-07-30
A0046-C003,A0046,[美친 증시]③ “작년 많이 오른 종목은 급등락 주의... 기술주는 대형보다 중·소형주”,2025-01-04,https://www.chosun.com/economy/money/2025/01/04/6FL3VK5OUYSQJ5NKPXMCKUPCHQ,"반면에 코스피지수와 코스닥지수는 연초보다 각각 9.9%, 21.7% 하락한 채 장을 마쳤다.",나스닥종합지수와 S&P500지수의 연간 상승률은 30% 안팎을 기록했다.,"2026년 4월 20일(월) 신문구독 | English | 日本語 | 中文 0 조선경제 오피니언 정치 사회 국제 건강 스포츠 문화·연예 콘텐츠판 땅집고 BEMIL 군사세계 헬스조선 IT조선 조선에듀 어린이조선일보 산&트래블 이코노미조선 신문은 선생님 THE BOUTIQUE 행복플러스 주간조선 여성조선 월간조선 민학수 올댓골프 Topclass Life&Learning English 日本語 中文 검색 2026년 4월 20일(월) 신문구독 | English | 日本語 | 中文 0 신문구독 | English | 日本語 | 中文 조선경제 오피니언 정치 사회 국제 건강 스포츠 문화·연예 콘텐츠판 땅집고 BEMIL 군사세계 헬스조선 IT조선 조선에듀 어린이조선일보 산&트래블 이코노미조선 신문은 선생님 THE BOUTIQUE 행복플러스 주간조선 여성조선 월간조선 민학수 올댓골프 Topclass Life&Learning 콘텐츠판 땅집고 BEMIL 군사세계 헬스조선 IT조선 조선에듀 어린이조선일보 산&트래블 이코노미조선 신문은 선생님 THE BOUTIQUE 행복플러스 주간조선 여성조선 월간조선 민학수 올댓골프 Topclass Life&Learning 땅집고 BEMIL 군사세계 헬스조선 IT조선 조선에듀 어린이조선일보 산&트래블 이코노미조선 신문은 선생님 THE BOUTIQUE 행복플러스 주간조선 여성조선 월간조선 민학수 올댓골프 Topclass Life&Learning 조선경제 머니 [美친 증시]③ ""작년 많이 오른 종목은 급등락 주의... 기술주는 대형보다 중·소형주"" ""미국 증시 강세장 이어질 것"" 다수 의견 기술기업, 대형주보다 중·소형주 낙수효과 기대 작년 많이 오른 종목은 급등락 주의 정민하 기자(조선비즈) 강정아 기자(조선비즈) 입력 2025.01.04. 06:00 업데이트 2025.01.04. 07:14 0 2024년은 서학개미, 특히 미국 증시 투자자에게 완벽한 한 해였다.",True,"현재 문장은 코스피지수와 코스닥지수가 연초 대비 얼마나 하락했는지를 수치적으로 언급하고 있으며, 이는 국내 주식 시장의 변화를 나타내는 통계적 정보로서 KOSIS 등에서 관련 데이터를 통해 검증할 수 있다.",high,hcx,HCX-007,isclaim-v1.3-prev2-context,2026-07-30
A0046-C004,A0046,[美친 증시]③ “작년 많이 오른 종목은 급등락 주의... 기술주는 대형보다 중·소형주”,2025-01-04,https://www.chosun.com/economy/money/2025/01/04/6FL3VK5OUYSQJ5NKPXMCKUPCHQ,요즘 주식 투자하는 개인 열에 아홉은 같은 질문을 한다.,"반면에 코스피지수와 코스닥지수는 연초보다 각각 9.9%, 21.7% 하락한 채 장을 마쳤다.",나스닥종합지수와 S&P500지수의 연간 상승률은 30% 안팎을 기록했다.,False,"요즘 주식 투자하는 개인 열에 아홉은 같은 질문을 한다는 문장은 단순한 의견이나 상황을 묘사하는 것으로, KOSIS에서 검증 가능한 수치나 통계적 변화 방향을 주장하지 않습니다.",high,hcx,HCX-007,isclaim-v1.3-prev2-context,2026-07-30
A0046-C005,A0046,[美친 증시]③ “작년 많이 오른 종목은 급등락 주의... 기술주는 대형보다 중·소형주”,2025-01-04,https://www.chosun.com/economy/money/2025/01/04/6FL3VK5OUYSQJ5NKPXMCKUPCHQ,“2025년에도 미국 증시는 고공 행진을 이어갈까?”,요즘 주식 투자하는 개인 열에 아홉은 같은 질문을 한다.,"반면에 코스피지수와 코스닥지수는 연초보다 각각 9.9%, 21.7% 하락한 채 장을 마쳤다.",False,현재 문장은 미국 증시에 대한 예측이므로 KOSIS에서 검증 가능한 국내 집계 통계와는 관련이 없습니다.,high,hcx,HCX-007,isclaim-v1.3-prev2-context,2026-07-30
A0046-C006,A0046,[美친 증시]③ “작년 많이 오른 종목은 급등락 주의... 기술주는 대형보다 중·소형주”,2025-01-04,https://www.chosun.com/economy/money/2025/01/04/6FL3VK5OUYSQJ5NKPXMCKUPCHQ,"낙관론이 지배적이지만, 스멀스멀 비관론도 나온다.",“2025년에도 미국 증시는 고공 행진을 이어갈까?”,요즘 주식 투자하는 개인 열에 아홉은 같은 질문을 한다.,False,"현재 문장은 단순한 의견이나 평가를 나타내고 있으며, 구체적인 수치나 통계적인 변화를 언급하지 않습니다.",high,hcx,HCX-007,isclaim-v1.3-prev2-context,2026-07-30
A0046-C007,A0046,[美친 증시]③ “작년 많이 오른 종목은 급등락 주의... 기술주는 대형보다 중·소형주”,2025-01-04,https://www.chosun.com/economy/money/2025/01/04/6FL3VK5OUYSQJ5NKPXMCKUPCHQ,강세장과 약세장을 전망하는 양 측의 의견을 들어봤다.,"낙관론이 지배적이지만, 스멀스멀 비관론도 나온다.",“2025년에도 미국 증시는 고공 행진을 이어갈까?”,False,강세장과 약세장에 대한 전망은 단순한 의견 평가이므로 KOSIS 통계로 검증할 수 없다.,high,hcx,HCX-007,isclaim-v1.3-prev2-context,2026-07-30
A0046-C008,A0046,[美친 증시]③ “작년 많이 오른 종목은 급등락 주의... 기술주는 대형보다 중·소형주”,2025-01-04,https://www.chosun.com/economy/money/2025/01/04/6FL3VK5OUYSQJ5NKPXMCKUPCHQ,[편집자주] 2025년에도 미국 증시는 여전히 매력적인 투자처로 주목받을 전망이다.,강세장과 약세장을 전망하는 양 측의 의견을 들어봤다.,"낙관론이 지배적이지만, 스멀스멀 비관론도 나온다.",False,"현재 문장은 2025년 미국 증시에 대한 전망이므로, 이는 단순한 의견 평가나 예측으로서 KOSIS에서 검증 가능한 수치나 통계적 변화와는 관련이 없습니다.",high,hcx,HCX-007,isclaim-v1.3-prev2-context,2026-07-30
A0046-C009,A0046,[美친 증시]③ “작년 많이 오른 종목은 급등락 주의... 기술주는 대형보다 중·소형주”,2025-01-04,https://www.chosun.com/economy/money/2025/01/04/6FL3VK5OUYSQJ5NKPXMCKUPCHQ,다만 전문가들은 투자자들의 기대가 커 미국 증시가 부진할 가능성을 충분히 대비하지 않고 있다는 점과 물가상승률과 금리·환율 변동성이 커지는 상황에는 주의해야 한다고 입을 모았다.,[편집자주] 2025년에도 미국 증시는 여전히 매력적인 투자처로 주목받을 전망이다.,강세장과 약세장을 전망하는 양 측의 의견을 들어봤다.,False,"현재 문장은 전문가들의 견해를 전달하며, 특정한 수치나 통계적인 변화를 주장하지 않는다.",high,hcx,HCX-007,isclaim-v1.3-prev2-context,2026-07-30
A0046-C010,A0046,[美친 증시]③ “작년 많이 오른 종목은 급등락 주의... 기술주는 대형보다 중·소형주”,2025-01-04,https://www.chosun.com/economy/money/2025/01/04/6FL3VK5OUYSQJ5NKPXMCKUPCHQ,"조선비즈가 주요 증권사 리서치센터장을 대상으로 설문조사한 결과, 전문가들은 미국 대형주 중심의 스탠더드앤드푸어스(S&P) 500이 5500~7100포인트에서 움직일 것으로 예상했다.",다만 전문가들은 투자자들의 기대가 커 미국 증시가 부진할 가능성을 충분히 대비하지 않고 있다는 점과 물가상승률과 금리·환율 변동성이 커지는 상황에는 주의해야 한다고 입을 모았다.,[편집자주] 2025년에도 미국 증시는 여전히 매력적인 투자처로 주목받을 전망이다.,False,"현재 문장은 전문가들의 예측에 대한 내용으로, 이는 단순한 의견 평가나 추정에 해당하며, 구체적인 통계값이나 통계적 변화 방향에 관한 사실 주장이 아닙니다.",high,hcx,HCX-007,isclaim-v1.3-prev2-context,2026-07-30
A0046-C011,A0046,[美친 증시]③ “작년 많이 오른 종목은 급등락 주의... 기술주는 대형보다 중·소형주”,2025-01-04,https://www.chosun.com/economy/money/2025/01/04/6FL3VK5OUYSQJ5NKPXMCKUPCHQ,조선비즈는 미래에셋·NH투자·삼성·KB·신한투자·하나 등 6개 증권사 리서치센터장에게 올해 미국 증시 전망에 관해 물었다.,"조선비즈가 주요 증권사 리서치센터장을 대상으로 설문조사한 결과, 전문가들은 미국 대형주 중심의 스탠더드앤드푸어스(S&P) 500이 5500~7100포인트에서 움직일 것으로 예상했다.",다만 전문가들은 투자자들의 기대가 커 미국 증시가 부진할 가능성을 충분히 대비하지 않고 있다는 점과 물가상승률과 금리·환율 변동성이 커지는 상황에는 주의해야 한다고 입을 모았다.,False,"현재 문장은 조선비즈가 여러 증권사의 리서치센터장들에게 미국 증시 전망에 대해 질문했다는 내용으로, 이는 단순한 정보 전달이지 수치나 통계적 변화를 주장하는 내용이 아닙니다.",high,hcx,HCX-007,isclaim-v1.3-prev2-context,2026-07-30
A0046-C012,A0046,[美친 증시]③ “작년 많이 오른 종목은 급등락 주의... 기술주는 대형보다 중·소형주”,2025-01-04,https://www.chosun.com/economy/money/2025/01/04/6FL3VK5OUYSQJ5NKPXMCKUPCHQ,이들 센터장은 그간 우려에도 미국 경제가 너무 뜨겁지도 차갑지도 않은 ‘골디락스(Goldilocks)’ 국면에 진입했다고 봤다.,조선비즈는 미래에셋·NH투자·삼성·KB·신한투자·하나 등 6개 증권사 리서치센터장에게 올해 미국 증시 전망에 관해 물었다.,"조선비즈가 주요 증권사 리서치센터장을 대상으로 설문조사한 결과, 전문가들은 미국 대형주 중심의 스탠더드앤드푸어스(S&P) 500이 5500~7100포인트에서 움직일 것으로 예상했다.",False,"현재 문장은 단순한 의견 평가로서, 구체적인 수치나 통계적인 변화를 주장하지 않는다.",high,hcx,HCX-007,isclaim-v1.3-prev2-context,2026-07-30
A0046-C013,A0046,[美친 증시]③ “작년 많이 오른 종목은 급등락 주의... 기술주는 대형보다 중·소형주”,2025-01-04,https://www.chosun.com/economy/money/2025/01/04/6FL3VK5OUYSQJ5NKPXMCKUPCHQ,낮은 금리 환경과 견고한 기업 실적 성장이 미국 주식시장에 우호적으로 작용한다는 분석이다.,이들 센터장은 그간 우려에도 미국 경제가 너무 뜨겁지도 차갑지도 않은 ‘골디락스(Goldilocks)’ 국면에 진입했다고 봤다.,조선비즈는 미래에셋·NH투자·삼성·KB·신한투자·하나 등 6개 증권사 리서치센터장에게 올해 미국 증시 전망에 관해 물었다.,False,"현재 문장은 낮은 금리 환경과 견고한 기업 실적 성장이라는 일반적인 분석을 제시하지만, 이는 특정한 수치나 통계적 변화를 주장하는 것이 아니므로 KOSIS 통계로 검증하기 어렵습니다.",high,hcx,HCX-007,isclaim-v1.3-prev2-context,2026-07-30
A0046-C014,A0046,[美친 증시]③ “작년 많이 오른 종목은 급등락 주의... 기술주는 대형보다 중·소형주”,2025-01-04,https://www.chosun.com/economy/money/2025/01/04/6FL3VK5OUYSQJ5NKPXMCKUPCHQ,"김동원 KB증권 리서치본부장은 “미국의 강한 경제 성장세를 바탕으로 기업의 이익 성장 기대가 커지면서 주가 상승을 견인할 전망”이라며 “미국 가계의 탄탄한 재정 여건에 소비가 지속되고, 선거 불확실성 해소와 트럼프 정부의 친기업 정책 기대로 투자가 확대될 것으로 예상된다”고 내다봤다.",낮은 금리 환경과 견고한 기업 실적 성장이 미국 주식시장에 우호적으로 작용한다는 분석이다.,이들 센터장은 그간 우려에도 미국 경제가 너무 뜨겁지도 차갑지도 않은 ‘골디락스(Goldilocks)’ 국면에 진입했다고 봤다.,False,"현재 문장은 미국의 경제 성장세 및 그에 따른 주가 상승 전망 등에 대한 의견을 제시하고 있으며, 이는 단순한 의견 평가나 예측이므로 KOSIS를 통해 검증 가능한 구체적인 수치나 통계적 변화를 주장하지 않는다.",high,hcx,HCX-007,isclaim-v1.3-prev2-context,2026-07-30
A0046-C015,A0046,[美친 증시]③ “작년 많이 오른 종목은 급등락 주의... 기술주는 대형보다 중·소형주”,2025-01-04,https://www.chosun.com/economy/money/2025/01/04/6FL3VK5OUYSQJ5NKPXMCKUPCHQ,"다만 전방위적인 관세 인상 예고, 정책 급변화 위험성 등 ‘트럼프 2.0′ 시대에 따른 불확실성이 주식시장의 리스크로 작용할 수 있다는 우려도 나왔다.","김동원 KB증권 리서치본부장은 “미국의 강한 경제 성장세를 바탕으로 기업의 이익 성장 기대가 커지면서 주가 상승을 견인할 전망”이라며 “미국 가계의 탄탄한 재정 여건에 소비가 지속되고, 선거 불확실성 해소와 트럼프 정부의 친기업 정책 기대로 투자가 확대될 것으로 예상된다”고 내다봤다.",낮은 금리 환경과 견고한 기업 실적 성장이 미국 주식시장에 우호적으로 작용한다는 분석이다.,False,"현재 문장은 트럼프 2.0 시대의 불확실성에 대한 단순한 의견 및 평가이므로, KOSIS 통계로 검증 가능한 수치나 통계적 변화에 대한 언급이 없다.",high,hcx,HCX-007,isclaim-v1.3-prev2-context,2026-07-30
A0046-C016,A0046,[美친 증시]③ “작년 많이 오른 종목은 급등락 주의... 기술주는 대형보다 중·소형주”,2025-01-04,https://www.chosun.com/economy/money/2025/01/04/6FL3VK5OUYSQJ5NKPXMCKUPCHQ,"박희찬 미래에셋증권 리서치센터장은 “2024년 과도하게 주가가 오른 종목을 중심으로 주가가 급등락할 가능성에 유의하고, 기대 수익률을 낮게 잡아야 한다”고 했다.","다만 전방위적인 관세 인상 예고, 정책 급변화 위험성 등 ‘트럼프 2.0′ 시대에 따른 불확실성이 주식시장의 리스크로 작용할 수 있다는 우려도 나왔다.","김동원 KB증권 리서치본부장은 “미국의 강한 경제 성장세를 바탕으로 기업의 이익 성장 기대가 커지면서 주가 상승을 견인할 전망”이라며 “미국 가계의 탄탄한 재정 여건에 소비가 지속되고, 선거 불확실성 해소와 트럼프 정부의 친기업 정책 기대로 투자가 확대될 것으로 예상된다”고 내다봤다.",False,"현재 문장은 투자 전략 및 주의사항에 대한 조언이지, 구체적인 수치나 통계적 변화를 주장하는 내용이 아닙니다.",high,hcx,HCX-007,isclaim-v1.3-prev2-context,2026-07-30
A0046-C017,A0046,[美친 증시]③ “작년 많이 오른 종목은 급등락 주의... 기술주는 대형보다 중·소형주”,2025-01-04,https://www.chosun.com/economy/money/2025/01/04/6FL3VK5OUYSQJ5NKPXMCKUPCHQ,◇ 트럼프 2.0 정책과 연준 금리 인하가 변수 올해 미국 증시의 기회 요인과 리스크 요인은 무엇일까.,"박희찬 미래에셋증권 리서치센터장은 “2024년 과도하게 주가가 오른 종목을 중심으로 주가가 급등락할 가능성에 유의하고, 기대 수익률을 낮게 잡아야 한다”고 했다.","다만 전방위적인 관세 인상 예고, 정책 급변화 위험성 등 ‘트럼프 2.0′ 시대에 따른 불확실성이 주식시장의 리스크로 작용할 수 있다는 우려도 나왔다.",False,"현재 문장은 단순한 질문 형태로, 특정한 수치나 통계적 변화를 주장하는 내용이 아닙니다.",high,hcx,HCX-007,isclaim-v1.3-prev2-context,2026-07-30
A0046-C018,A0046,[美친 증시]③ “작년 많이 오른 종목은 급등락 주의... 기술주는 대형보다 중·소형주”,2025-01-04,https://www.chosun.com/economy/money/2025/01/04/6FL3VK5OUYSQJ5NKPXMCKUPCHQ,윤석모 삼성증권 센터장은 “글로벌 불확실성이 가중되는 상황에서 미국 증시가 상대적으로 안정적인 투자처로 꼽힌다”며 “트럼프 행정부의 ‘미국 우선주의’ 기조는 미국 증시가 나홀로 강세를 보이는 현상을 심화시킬 전망”이라고 설명했다.,◇ 트럼프 2.0 정책과 연준 금리 인하가 변수 올해 미국 증시의 기회 요인과 리스크 요인은 무엇일까.,"박희찬 미래에셋증권 리서치센터장은 “2024년 과도하게 주가가 오른 종목을 중심으로 주가가 급등락할 가능성에 유의하고, 기대 수익률을 낮게 잡아야 한다”고 했다.",False,"현재 문장은 글로벌 불확실성과 미국 증시에 대한 평가 및 예측을 담고 있으며, 이는 단순한 의견이나 평가를 나타내고 있어 KOSIS를 통해 검증 가능한 구체적인 수치나 통계적 변화를 주장하지 않습니다.",high,hcx,HCX-007,isclaim-v1.3-prev2-context,2026-07-30
A0046-C019,A0046,[美친 증시]③ “작년 많이 오른 종목은 급등락 주의... 기술주는 대형보다 중·소형주”,2025-01-04,https://www.chosun.com/economy/money/2025/01/04/6FL3VK5OUYSQJ5NKPXMCKUPCHQ,그는 “보호무역주의가 달러 강세를 자극하면 다른 국가 증시와 비교해 미국 증시의 상대적인 우위 현상을 지속시킬 것”이라고 덧붙였다.,윤석모 삼성증권 센터장은 “글로벌 불확실성이 가중되는 상황에서 미국 증시가 상대적으로 안정적인 투자처로 꼽힌다”며 “트럼프 행정부의 ‘미국 우선주의’ 기조는 미국 증시가 나홀로 강세를 보이는 현상을 심화시킬 전망”이라고 설명했다.,◇ 트럼프 2.0 정책과 연준 금리 인하가 변수 올해 미국 증시의 기회 요인과 리스크 요인은 무엇일까.,False,"현재 문장은 보호무역주의와 달러 강세 및 미국 증시에 대한 평가나 의견을 제시하지만, 이는 구체적인 수치나 통계적 변화를 주장하는 것이 아니므로 KOSIS 통계로 검증하기 어렵습니다.",high,hcx,HCX-007,isclaim-v1.3-prev2-context,2026-07-30
A0046-C020,A0046,[美친 증시]③ “작년 많이 오른 종목은 급등락 주의... 기술주는 대형보다 중·소형주”,2025-01-04,https://www.chosun.com/economy/money/2025/01/04/6FL3VK5OUYSQJ5NKPXMCKUPCHQ,윤창용 신한투자증권 리서치센터장은 트럼프 대통령의 통상·산업정책이 미 증시에 긍정적인 영향을 미칠 수 있다고 봤다.,그는 “보호무역주의가 달러 강세를 자극하면 다른 국가 증시와 비교해 미국 증시의 상대적인 우위 현상을 지속시킬 것”이라고 덧붙였다.,윤석모 삼성증권 센터장은 “글로벌 불확실성이 가중되는 상황에서 미국 증시가 상대적으로 안정적인 투자처로 꼽힌다”며 “트럼프 행정부의 ‘미국 우선주의’ 기조는 미국 증시가 나홀로 강세를 보이는 현상을 심화시킬 전망”이라고 설명했다.,False,"현재 문장은 트럼프 대통령의 통상 및 산업 정책이 미 증시에 긍정적 영향을 미칠 수 있다는 의견을 제시하지만, 이는 단순한 의견 평가나 원인 설명이므로 KOSIS 통계로 검증 가능한 수치적 주장이나 변화 방향에 대한 사실이 아닙니다.",high,hcx,HCX-007,isclaim-v1.3-prev2-context,2026-07-30
A0046-C021,A0046,[美친 증시]③ “작년 많이 오른 종목은 급등락 주의... 기술주는 대형보다 중·소형주”,2025-01-04,https://www.chosun.com/economy/money/2025/01/04/6FL3VK5OUYSQJ5NKPXMCKUPCHQ,트럼프 행정부는 ▲보편적 관세 부과 ▲반도체과학법과 인플레이션 감축법 조정 ▲화석에너지 장려·재생에너지 억제와 같은 정책을 예고했다.,윤창용 신한투자증권 리서치센터장은 트럼프 대통령의 통상·산업정책이 미 증시에 긍정적인 영향을 미칠 수 있다고 봤다.,그는 “보호무역주의가 달러 강세를 자극하면 다른 국가 증시와 비교해 미국 증시의 상대적인 우위 현상을 지속시킬 것”이라고 덧붙였다.,False,"현재 문장은 트럼프 행정부의 정책 예고에 대한 내용으로, 특정한 수치나 통계적 변화를 주장하지 않습니다.",high,hcx,HCX-007,isclaim-v1.3-prev2-context,2026-07-30
A0046-C022,A0046,[美친 증시]③ “작년 많이 오른 종목은 급등락 주의... 기술주는 대형보다 중·소형주”,2025-01-04,https://www.chosun.com/economy/money/2025/01/04/6FL3VK5OUYSQJ5NKPXMCKUPCHQ,또 기준금리 인하 폭과 시기를 비롯한 미국 연방준비제도(연준·Fed) 통화 완화 정책 강도를 지켜봐야 한다고 했다.,트럼프 행정부는 ▲보편적 관세 부과 ▲반도체과학법과 인플레이션 감축법 조정 ▲화석에너지 장려·재생에너지 억제와 같은 정책을 예고했다.,윤창용 신한투자증권 리서치센터장은 트럼프 대통령의 통상·산업정책이 미 증시에 긍정적인 영향을 미칠 수 있다고 봤다.,False,"현재 문장은 연준의 통화 완화 정책에 대한 언급이지만, 이는 특정한 수치나 비율 등의 통계적 변화를 주장하는 것이 아니므로 KOSIS 통계로 검증하기 어렵습니다.",high,hcx,HCX-007,isclaim-v1.3-prev2-context,2026-07-30
A0046-C023,A0046,[美친 증시]③ “작년 많이 오른 종목은 급등락 주의... 기술주는 대형보다 중·소형주”,2025-01-04,https://www.chosun.com/economy/money/2025/01/04/6FL3VK5OUYSQJ5NKPXMCKUPCHQ,반면 무역 갈등과 통화 정책의 불확실성은 리스크 요인으로 꼽힌다.,또 기준금리 인하 폭과 시기를 비롯한 미국 연방준비제도(연준·Fed) 통화 완화 정책 강도를 지켜봐야 한다고 했다.,트럼프 행정부는 ▲보편적 관세 부과 ▲반도체과학법과 인플레이션 감축법 조정 ▲화석에너지 장려·재생에너지 억제와 같은 정책을 예고했다.,False,"현재 문장은 무역 갈등과 통화 정책의 불확실성이 리스크 요인으로 작용한다는 일반적인 설명을 하고 있으며, 이는 특정한 수치나 통계적 변화를 주장하는 것이 아닙니다.",high,hcx,HCX-007,isclaim-v1.3-prev2-context,2026-07-30
A0046-C024,A0046,[美친 증시]③ “작년 많이 오른 종목은 급등락 주의... 기술주는 대형보다 중·소형주”,2025-01-04,https://www.chosun.com/economy/money/2025/01/04/6FL3VK5OUYSQJ5NKPXMCKUPCHQ,"새해 상반기는 경기·기업 실적·금리 인하와 관련된 리스크가 크지 않을 것으로 보이지만, 하반기로 갈수록 관세 인상으로 인한 물가 상승·금리 인하 ‘노이즈(Noise·소음)’ 위험이 커질 가능성이 크다.",반면 무역 갈등과 통화 정책의 불확실성은 리스크 요인으로 꼽힌다.,또 기준금리 인하 폭과 시기를 비롯한 미국 연방준비제도(연준·Fed) 통화 완화 정책 강도를 지켜봐야 한다고 했다.,False,"현재 문장은 경제 상황에 대한 일반적인 예측 및 위험 요소에 대해 언급하고 있으며, 구체적인 수치나 비율 등의 통계적 변화를 주장하지 않습니다.",high,hcx,HCX-007,isclaim-v1.3-prev2-context,2026-07-30
A0046-C025,A0046,[美친 증시]③ “작년 많이 오른 종목은 급등락 주의... 기술주는 대형보다 중·소형주”,2025-01-04,https://www.chosun.com/economy/money/2025/01/04/6FL3VK5OUYSQJ5NKPXMCKUPCHQ,올해 상반기 있을 부채한도 협상도 주요 변수다.,"새해 상반기는 경기·기업 실적·금리 인하와 관련된 리스크가 크지 않을 것으로 보이지만, 하반기로 갈수록 관세 인상으로 인한 물가 상승·금리 인하 ‘노이즈(Noise·소음)’ 위험이 커질 가능성이 크다.",반면 무역 갈등과 통화 정책의 불확실성은 리스크 요인으로 꼽힌다.,False,"현재 문장은 부채한도 협상이 주요 변수라는 단순한 의견을 제시하며, 이는 KOSIS에서 검증 가능한 구체적인 수치나 통계적 변화를 주장하지 않습니다.",high,hcx,HCX-007,isclaim-v1.3-prev2-context,2026-07-30
A0046-C026,A0046,[美친 증시]③ “작년 많이 오른 종목은 급등락 주의... 기술주는 대형보다 중·소형주”,2025-01-04,https://www.chosun.com/economy/money/2025/01/04/6FL3VK5OUYSQJ5NKPXMCKUPCHQ,부채한도는 미국 정부가 차입할 수 있는 돈의 규모를 제한하기 위해 의회가 설정한 규모다.,올해 상반기 있을 부채한도 협상도 주요 변수다.,"새해 상반기는 경기·기업 실적·금리 인하와 관련된 리스크가 크지 않을 것으로 보이지만, 하반기로 갈수록 관세 인상으로 인한 물가 상승·금리 인하 ‘노이즈(Noise·소음)’ 위험이 커질 가능성이 크다.",False,"현재 문장은 부채한도에 대한 설명을 제공하고 있으며, 이는 수치나 통계적인 변화를 주장하는 내용이 아닙니다.",high,hcx,HCX-007,isclaim-v1.3-prev2-context,2026-07-30
A0046-C027,A0046,[美친 증시]③ “작년 많이 오른 종목은 급등락 주의... 기술주는 대형보다 중·소형주”,2025-01-04,https://www.chosun.com/economy/money/2025/01/04/6FL3VK5OUYSQJ5NKPXMCKUPCHQ,"이 과정이 유동성 확장 효과를 만들 것으로 예상되는데, 부채한도 협상이 마무리되고 유동성 확장 효과가 약해지면 반대로 증시에 부정적으로 작용할 수 있다는 우려가 있다.",부채한도는 미국 정부가 차입할 수 있는 돈의 규모를 제한하기 위해 의회가 설정한 규모다.,올해 상반기 있을 부채한도 협상도 주요 변수다.,False,"현재 문장은 부채한도 협상과 유동성 확장에 대한 예측 및 우려를 담고 있으며, 이는 특정한 수치나 통계적 변화를 주장하는 것이 아닙니다.",high,hcx,HCX-007,isclaim-v1.3-prev2-context,2026-07-30
A0046-C028,A0046,[美친 증시]③ “작년 많이 오른 종목은 급등락 주의... 기술주는 대형보다 중·소형주”,2025-01-04,https://www.chosun.com/economy/money/2025/01/04/6FL3VK5OUYSQJ5NKPXMCKUPCHQ,연준의 물가 통제력에 대한 의구심이 제기되는 경우도 증시에 부정적인 영향을 끼칠 수 있다.,"이 과정이 유동성 확장 효과를 만들 것으로 예상되는데, 부채한도 협상이 마무리되고 유동성 확장 효과가 약해지면 반대로 증시에 부정적으로 작용할 수 있다는 우려가 있다.",부채한도는 미국 정부가 차입할 수 있는 돈의 규모를 제한하기 위해 의회가 설정한 규모다.,False,"현재 문장은 연준의 물가 통제력에 대한 의구심이 증시에 미치는 영향에 대한 단순한 의견 평가이므로, KOSIS 통계로 검증 가능한 수치나 통계적 변화 방향에 관한 사실이 아닙니다.",high,hcx,HCX-007,isclaim-v1.3-prev2-context,2026-07-30
A0046-C029,A0046,[美친 증시]③ “작년 많이 오른 종목은 급등락 주의... 기술주는 대형보다 중·소형주”,2025-01-04,https://www.chosun.com/economy/money/2025/01/04/6FL3VK5OUYSQJ5NKPXMCKUPCHQ,◇ AI 소프트웨어株 주목… 미국 외엔 ‘부양책’ 중국 증시 기대 주요 증권사 리서치센터는 올해 S&P 500이 5500포인트를 지지하면서 최고 7100포인트까지 오를 수 있다고 전망했다.,연준의 물가 통제력에 대한 의구심이 제기되는 경우도 증시에 부정적인 영향을 끼칠 수 있다.,"이 과정이 유동성 확장 효과를 만들 것으로 예상되는데, 부채한도 협상이 마무리되고 유동성 확장 효과가 약해지면 반대로 증시에 부정적으로 작용할 수 있다는 우려가 있다.",False,주어진 문장은 S&P 500 지수가 올해 5500포인트를 지지하며 최고 7100포인트까지 오를 수 있다는 증권사 리서치센터의 전망을 언급하고 있습니다. 이는 단순한 예측 및 전망이므로 KOSIS 통계표로 검증 가능한 수치나 통계적 변화에 해당하지 않습니다.,high,hcx,HCX-007,isclaim-v1.3-prev2-context,2026-07-30
A0046-C030,A0046,[美친 증시]③ “작년 많이 오른 종목은 급등락 주의... 기술주는 대형보다 중·소형주”,2025-01-04,https://www.chosun.com/economy/money/2025/01/04/6FL3VK5OUYSQJ5NKPXMCKUPCHQ,"증권사들이 제시한 S&P 500의 최고 수준은 6500~7100포인트로 각각 달랐지만, 역대 최고치를 다시 경신할 것이라는 데는 이견이 없었다.",◇ AI 소프트웨어株 주목… 미국 외엔 ‘부양책’ 중국 증시 기대 주요 증권사 리서치센터는 올해 S&P 500이 5500포인트를 지지하면서 최고 7100포인트까지 오를 수 있다고 전망했다.,연준의 물가 통제력에 대한 의구심이 제기되는 경우도 증시에 부정적인 영향을 끼칠 수 있다.,True,"S&P 500의 최고 수준이 6500~7100포인트라는 구체적인 수치와 역대 최고치를 경신할 것이라는 예측이 포함되어 있어, 이는 주식 시장의 지표로서 KOSIS에서 대조 가능한 정보로 판단된다.",high,hcx,HCX-007,isclaim-v1.3-prev2-context,2026-07-30
A0046-C031,A0046,[美친 증시]③ “작년 많이 오른 종목은 급등락 주의... 기술주는 대형보다 중·소형주”,2025-01-04,https://www.chosun.com/economy/money/2025/01/04/6FL3VK5OUYSQJ5NKPXMCKUPCHQ,전문가들은 올해도 미국 증시에서 인공지능(AI) 관련주가 주도주 역할을 할 것으로 내다봤다.,"증권사들이 제시한 S&P 500의 최고 수준은 6500~7100포인트로 각각 달랐지만, 역대 최고치를 다시 경신할 것이라는 데는 이견이 없었다.",◇ AI 소프트웨어株 주목… 미국 외엔 ‘부양책’ 중국 증시 기대 주요 증권사 리서치센터는 올해 S&P 500이 5500포인트를 지지하면서 최고 7100포인트까지 오를 수 있다고 전망했다.,False,"전문가가 올해도 미국 증시에서 인공지능(AI) 관련주가 주도주 역할을 할 것이라고 내다본다는 것은 단순한 의견이나 예측이므로, 이는 KOSIS에서 검증 가능한 수치나 통계적 변화와는 관련이 없습니다.",high,hcx,HCX-007,isclaim-v1.3-prev2-context,2026-07-30
A0046-C032,A0046,[美친 증시]③ “작년 많이 오른 종목은 급등락 주의... 기술주는 대형보다 중·소형주”,2025-01-04,https://www.chosun.com/economy/money/2025/01/04/6FL3VK5OUYSQJ5NKPXMCKUPCHQ,"다만 작년 가장 주목받았던 엔비디아 같은 AI 하드웨어 업체 대신, 소프트웨어 관련 기업이 AI 테마의 새로운 대장주 역할을 할 것으로 예상했다.",전문가들은 올해도 미국 증시에서 인공지능(AI) 관련주가 주도주 역할을 할 것으로 내다봤다.,"증권사들이 제시한 S&P 500의 최고 수준은 6500~7100포인트로 각각 달랐지만, 역대 최고치를 다시 경신할 것이라는 데는 이견이 없었다.",False,"현재 문장은 AI 관련주의 변화에 대한 예측이므로, 이는 단순한 의견 평가나 전망으로서 KOSIS 통계로 검증 가능한 내용이 아닙니다.",high,hcx,HCX-007,isclaim-v1.3-prev2-context,2026-07-30
A0046-C033,A0046,[美친 증시]③ “작년 많이 오른 종목은 급등락 주의... 기술주는 대형보다 중·소형주”,2025-01-04,https://www.chosun.com/economy/money/2025/01/04/6FL3VK5OUYSQJ5NKPXMCKUPCHQ,"황승택 하나증권 리서치센터장은 “거대 기술 기업 ‘매그니피센트 7(M7)’ 중심으로 상승했던 작년과 달리 올해는 대형주에서 중·소형주로 낙수 효과를 기대할 만하다”면서 반도체와 함께 주당순이익(EPS) 증가율이 높은 업종인 운송, 제약·바이오, 미디어 등에 관심을 가질 필요가 있다고 강조했다.","다만 작년 가장 주목받았던 엔비디아 같은 AI 하드웨어 업체 대신, 소프트웨어 관련 기업이 AI 테마의 새로운 대장주 역할을 할 것으로 예상했다.",전문가들은 올해도 미국 증시에서 인공지능(AI) 관련주가 주도주 역할을 할 것으로 내다봤다.,False,"현재 문장은 주식 시장에서의 예측 및 추천 업종에 대한 의견을 제시하고 있으며, 이는 특정한 수치나 통계적 변화를 주장하는 것이 아닙니다.",low,hcx,HCX-007,isclaim-v1.3-prev2-context,2026-07-30
A0046-C034,A0046,[美친 증시]③ “작년 많이 오른 종목은 급등락 주의... 기술주는 대형보다 중·소형주”,2025-01-04,https://www.chosun.com/economy/money/2025/01/04/6FL3VK5OUYSQJ5NKPXMCKUPCHQ,"실적 개선 가능성이 큰 금융업을 비롯해 하이테크, 산업재, 유틸리티 업종에 투자할 것을 권유하는 의견도 있었다.","황승택 하나증권 리서치센터장은 “거대 기술 기업 ‘매그니피센트 7(M7)’ 중심으로 상승했던 작년과 달리 올해는 대형주에서 중·소형주로 낙수 효과를 기대할 만하다”면서 반도체와 함께 주당순이익(EPS) 증가율이 높은 업종인 운송, 제약·바이오, 미디어 등에 관심을 가질 필요가 있다고 강조했다.","다만 작년 가장 주목받았던 엔비디아 같은 AI 하드웨어 업체 대신, 소프트웨어 관련 기업이 AI 테마의 새로운 대장주 역할을 할 것으로 예상했다.",False,"현재 문장은 특정 업종의 투자 추천에 대한 의견이지, 구체적인 수치나 통계적인 변화를 주장하는 내용이 아닙니다.",high,hcx,HCX-007,isclaim-v1.3-prev2-context,2026-07-30
A0046-C035,A0046,[美친 증시]③ “작년 많이 오른 종목은 급등락 주의... 기술주는 대형보다 중·소형주”,2025-01-04,https://www.chosun.com/economy/money/2025/01/04/6FL3VK5OUYSQJ5NKPXMCKUPCHQ,미국 외 주목할 만한 국가로는 중국이 주로 언급됐다.,"실적 개선 가능성이 큰 금융업을 비롯해 하이테크, 산업재, 유틸리티 업종에 투자할 것을 권유하는 의견도 있었다.","황승택 하나증권 리서치센터장은 “거대 기술 기업 ‘매그니피센트 7(M7)’ 중심으로 상승했던 작년과 달리 올해는 대형주에서 중·소형주로 낙수 효과를 기대할 만하다”면서 반도체와 함께 주당순이익(EPS) 증가율이 높은 업종인 운송, 제약·바이오, 미디어 등에 관심을 가질 필요가 있다고 강조했다.",False,"현재 문장은 단순한 정보 제공으로서, 수치나 통계적인 변화를 주장하지 않습니다.",high,hcx,HCX-007,isclaim-v1.3-prev2-context,2026-07-30
A0046-C036,A0046,[美친 증시]③ “작년 많이 오른 종목은 급등락 주의... 기술주는 대형보다 중·소형주”,2025-01-04,https://www.chosun.com/economy/money/2025/01/04/6FL3VK5OUYSQJ5NKPXMCKUPCHQ,"조수홍 NH투자증권 리서치센터장은 “적어도 1분기까진 반도체·이차전지 등 성장주 위주의 주식 시장 상승 흐름이 진행될 것으로 예상된다”며 “만약 정부 부양정책 효과가 시장 기대보다 낮을 경우, 2분기부터는 경기 방어주 성격의 고배당주가 비교적 유망할 전망”이라고 했다.",미국 외 주목할 만한 국가로는 중국이 주로 언급됐다.,"실적 개선 가능성이 큰 금융업을 비롯해 하이테크, 산업재, 유틸리티 업종에 투자할 것을 권유하는 의견도 있었다.",False,"현재 문장은 반도체 및 이차전지와 같은 성장주와 관련된 주식 시장의 예상 흐름과 정부의 부양정책 효과에 따른 투자 전략에 대한 의견을 제시하고 있습니다. 이는 단순한 예측과 평가로서, 구체적인 수치나 통계적 변화를 주장하지 않습니다.",high,hcx,HCX-007,isclaim-v1.3-prev2-context,2026-07-30
A0046-C037,A0046,[美친 증시]③ “작년 많이 오른 종목은 급등락 주의... 기술주는 대형보다 중·소형주”,2025-01-04,https://www.chosun.com/economy/money/2025/01/04/6FL3VK5OUYSQJ5NKPXMCKUPCHQ,코스피 코스닥 증권 close Advertisements [custom_chain] korean_weather [webstory]-20260420-00:01 arrow_forward_ios 더보기 CANCEL NEXT VIDEO % buffered 00:00 00:00 00:52 Powered by GliaStudios,"조수홍 NH투자증권 리서치센터장은 “적어도 1분기까진 반도체·이차전지 등 성장주 위주의 주식 시장 상승 흐름이 진행될 것으로 예상된다”며 “만약 정부 부양정책 효과가 시장 기대보다 낮을 경우, 2분기부터는 경기 방어주 성격의 고배당주가 비교적 유망할 전망”이라고 했다.",미국 외 주목할 만한 국가로는 중국이 주로 언급됐다.,False,"현재 문장은 광고 및 비디오 관련 내용으로, 수치나 통계적인 주장을 포함하지 않습니다.",high,hcx,HCX-007,isclaim-v1.3-prev2-context,2026-07-30
A0047-C001,A0047,“욕심부리다가 또 탈락할라”… 눈높이 낮추는 ‘상장 재수생’들,2025-01-04,https://www.chosun.com/economy/money/2025/01/04/BN43SMGOJ6JMA4RWSSI66VWIGY,"2026년 4월 20일(월) 신문구독 | English | 日本語 | 中文 0 조선경제 오피니언 정치 사회 국제 건강 스포츠 문화·연예 콘텐츠판 땅집고 BEMIL 군사세계 헬스조선 IT조선 조선에듀 어린이조선일보 산&트래블 이코노미조선 신문은 선생님 THE BOUTIQUE 행복플러스 주간조선 여성조선 월간조선 민학수 올댓골프 Topclass Life&Learning English 日本語 中文 검색 2026년 4월 20일(월) 신문구독 | English | 日本語 | 中文 0 신문구독 | English | 日本語 | 中文 조선경제 오피니언 정치 사회 국제 건강 스포츠 문화·연예 콘텐츠판 땅집고 BEMIL 군사세계 헬스조선 IT조선 조선에듀 어린이조선일보 산&트래블 이코노미조선 신문은 선생님 THE BOUTIQUE 행복플러스 주간조선 여성조선 월간조선 민학수 올댓골프 Topclass Life&Learning 콘텐츠판 땅집고 BEMIL 군사세계 헬스조선 IT조선 조선에듀 어린이조선일보 산&트래블 이코노미조선 신문은 선생님 THE BOUTIQUE 행복플러스 주간조선 여성조선 월간조선 민학수 올댓골프 Topclass Life&Learning 땅집고 BEMIL 군사세계 헬스조선 IT조선 조선에듀 어린이조선일보 산&트래블 이코노미조선 신문은 선생님 THE BOUTIQUE 행복플러스 주간조선 여성조선 월간조선 민학수 올댓골프 Topclass Life&Learning 조선경제 머니 ""욕심부리다가 또 탈락할라""… 눈높이 낮추는 '상장 재수생'들 새해 1월, 기업공개 나서는 기업 9곳 LG CNS, 이전보다 공모가 산정 기준 낮춰 코스닥 입성 노리는 와이즈넛, 공모 주식 수 줄여 박지영 기자(조선비즈) 입력 2025.01.04. 06:00 업데이트 2025.01.04. 14:55 0 새해 첫 달인 1월, 9곳의 기업이 기업공개(IPO)에 나선다.",,,False,"문장은 특정 기업의 IPO 계획에 대한 내용으로, KOSIS에서 검증 가능한 수치나 통계적 변화를 주장하지 않습니다.",high,hcx,HCX-007,isclaim-v1.3-prev2-context,2026-07-30
A0047-C002,A0047,“욕심부리다가 또 탈락할라”… 눈높이 낮추는 ‘상장 재수생’들,2025-01-04,https://www.chosun.com/economy/money/2025/01/04/BN43SMGOJ6JMA4RWSSI66VWIGY,이번 달 IPO에 도전하는 기업 중에는 상장을 추진했다가 이를 철회한 뒤 다시 도전하는 이른바 상장 재수생이 많다.,"2026년 4월 20일(월) 신문구독 | English | 日本語 | 中文 0 조선경제 오피니언 정치 사회 국제 건강 스포츠 문화·연예 콘텐츠판 땅집고 BEMIL 군사세계 헬스조선 IT조선 조선에듀 어린이조선일보 산&트래블 이코노미조선 신문은 선생님 THE BOUTIQUE 행복플러스 주간조선 여성조선 월간조선 민학수 올댓골프 Topclass Life&Learning English 日本語 中文 검색 2026년 4월 20일(월) 신문구독 | English | 日本語 | 中文 0 신문구독 | English | 日本語 | 中文 조선경제 오피니언 정치 사회 국제 건강 스포츠 문화·연예 콘텐츠판 땅집고 BEMIL 군사세계 헬스조선 IT조선 조선에듀 어린이조선일보 산&트래블 이코노미조선 신문은 선생님 THE BOUTIQUE 행복플러스 주간조선 여성조선 월간조선 민학수 올댓골프 Topclass Life&Learning 콘텐츠판 땅집고 BEMIL 군사세계 헬스조선 IT조선 조선에듀 어린이조선일보 산&트래블 이코노미조선 신문은 선생님 THE BOUTIQUE 행복플러스 주간조선 여성조선 월간조선 민학수 올댓골프 Topclass Life&Learning 땅집고 BEMIL 군사세계 헬스조선 IT조선 조선에듀 어린이조선일보 산&트래블 이코노미조선 신문은 선생님 THE BOUTIQUE 행복플러스 주간조선 여성조선 월간조선 민학수 올댓골프 Topclass Life&Learning 조선경제 머니 ""욕심부리다가 또 탈락할라""… 눈높이 낮추는 '상장 재수생'들 새해 1월, 기업공개 나서는 기업 9곳 LG CNS, 이전보다 공모가 산정 기준 낮춰 코스닥 입성 노리는 와이즈넛, 공모 주식 수 줄여 박지영 기자(조선비즈) 입력 2025.01.04. 06:00 업데이트 2025.01.04. 14:55 0 새해 첫 달인 1월, 9곳의 기업이 기업공개(IPO)에 나선다.",,False,"현재 문장은 특정 기업의 상장 재도전에 대한 내용으로, 이는 단순한 사실 전달이지 수치나 통계적인 변화를 주장하는 것이 아닙니다.",high,hcx,HCX-007,isclaim-v1.3-prev2-context,2026-07-30
A0047-C003,A0047,“욕심부리다가 또 탈락할라”… 눈높이 낮추는 ‘상장 재수생’들,2025-01-04,https://www.chosun.com/economy/money/2025/01/04/BN43SMGOJ6JMA4RWSSI66VWIGY,이들 기업은 새해 몸값을 낮추고 상장 규모를 줄이는 방식으로 안정적인 상장을 위해 고심하는 모습이다.,이번 달 IPO에 도전하는 기업 중에는 상장을 추진했다가 이를 철회한 뒤 다시 도전하는 이른바 상장 재수생이 많다.,"2026년 4월 20일(월) 신문구독 | English | 日本語 | 中文 0 조선경제 오피니언 정치 사회 국제 건강 스포츠 문화·연예 콘텐츠판 땅집고 BEMIL 군사세계 헬스조선 IT조선 조선에듀 어린이조선일보 산&트래블 이코노미조선 신문은 선생님 THE BOUTIQUE 행복플러스 주간조선 여성조선 월간조선 민학수 올댓골프 Topclass Life&Learning English 日本語 中文 검색 2026년 4월 20일(월) 신문구독 | English | 日本語 | 中文 0 신문구독 | English | 日本語 | 中文 조선경제 오피니언 정치 사회 국제 건강 스포츠 문화·연예 콘텐츠판 땅집고 BEMIL 군사세계 헬스조선 IT조선 조선에듀 어린이조선일보 산&트래블 이코노미조선 신문은 선생님 THE BOUTIQUE 행복플러스 주간조선 여성조선 월간조선 민학수 올댓골프 Topclass Life&Learning 콘텐츠판 땅집고 BEMIL 군사세계 헬스조선 IT조선 조선에듀 어린이조선일보 산&트래블 이코노미조선 신문은 선생님 THE BOUTIQUE 행복플러스 주간조선 여성조선 월간조선 민학수 올댓골프 Topclass Life&Learning 땅집고 BEMIL 군사세계 헬스조선 IT조선 조선에듀 어린이조선일보 산&트래블 이코노미조선 신문은 선생님 THE BOUTIQUE 행복플러스 주간조선 여성조선 월간조선 민학수 올댓골프 Topclass Life&Learning 조선경제 머니 ""욕심부리다가 또 탈락할라""… 눈높이 낮추는 '상장 재수생'들 새해 1월, 기업공개 나서는 기업 9곳 LG CNS, 이전보다 공모가 산정 기준 낮춰 코스닥 입성 노리는 와이즈넛, 공모 주식 수 줄여 박지영 기자(조선비즈) 입력 2025.01.04. 06:00 업데이트 2025.01.04. 14:55 0 새해 첫 달인 1월, 9곳의 기업이 기업공개(IPO)에 나선다.",False,"현재 문장은 기업의 상장 전략 변화에 대한 내용으로, 특정한 수치나 통계적인 변화를 주장하지 않습니다.",high,hcx,HCX-007,isclaim-v1.3-prev2-context,2026-07-30
A0047-C004,A0047,“욕심부리다가 또 탈락할라”… 눈높이 낮추는 ‘상장 재수생’들,2025-01-04,https://www.chosun.com/economy/money/2025/01/04/BN43SMGOJ6JMA4RWSSI66VWIGY,"지난해 하반기 한국 증시 부진에 계엄·탄핵 정국 여파, 공모가 거품 논란이 겹치며 IPO 시장에는 찬바람이 불었다.",이들 기업은 새해 몸값을 낮추고 상장 규모를 줄이는 방식으로 안정적인 상장을 위해 고심하는 모습이다.,이번 달 IPO에 도전하는 기업 중에는 상장을 추진했다가 이를 철회한 뒤 다시 도전하는 이른바 상장 재수생이 많다.,True,지난해 하반기 한국 증시 부진과 관련된 내용은 KOSIS에서 관련 통계를 통해 검증할 수 있다.,high,hcx,HCX-007,isclaim-v1.3-prev2-context,2026-07-30
A0047-C005,A0047,“욕심부리다가 또 탈락할라”… 눈높이 낮추는 ‘상장 재수생’들,2025-01-04,https://www.chosun.com/economy/money/2025/01/04/BN43SMGOJ6JMA4RWSSI66VWIGY,특히 4분기에는 상장 첫날 주가가 공모가보다 낮은 새내기주가 많았다.,"지난해 하반기 한국 증시 부진에 계엄·탄핵 정국 여파, 공모가 거품 논란이 겹치며 IPO 시장에는 찬바람이 불었다.",이들 기업은 새해 몸값을 낮추고 상장 규모를 줄이는 방식으로 안정적인 상장을 위해 고심하는 모습이다.,False,"현재 문장은 주식 시장의 상황에 대한 일반적인 서술로, 특정한 수치나 비율 등의 통계적 변화를 주장하지 않습니다.",high,hcx,HCX-007,isclaim-v1.3-prev2-context,2026-07-30
A0047-C006,A0047,“욕심부리다가 또 탈락할라”… 눈높이 낮추는 ‘상장 재수생’들,2025-01-04,https://www.chosun.com/economy/money/2025/01/04/BN43SMGOJ6JMA4RWSSI66VWIGY,이런 상황에서 새로 상장하는 기업에 이목이 쏠린다.,특히 4분기에는 상장 첫날 주가가 공모가보다 낮은 새내기주가 많았다.,"지난해 하반기 한국 증시 부진에 계엄·탄핵 정국 여파, 공모가 거품 논란이 겹치며 IPO 시장에는 찬바람이 불었다.",False,"현재 문장은 새로운 상장에 대한 관심에 대해 언급하지만, 이는 수치나 통계적인 변화를 주장하는 것이 아니므로 KOSIS를 통해 검증할 수 있는 내용이 아닙니다.",high,hcx,HCX-007,isclaim-v1.3-prev2-context,2026-07-30
A0047-C007,A0047,“욕심부리다가 또 탈락할라”… 눈높이 낮추는 ‘상장 재수생’들,2025-01-04,https://www.chosun.com/economy/money/2025/01/04/BN43SMGOJ6JMA4RWSSI66VWIGY,"4일 금융감독원 전자공시시스템에 따르면 1월 일반 투자자 대상 공모 청약에 나서는 기업은 LG CNS와 미트박스글로벌, 아스테라시스, 데이원컴퍼니, 와이즈넛, 삼양엔씨켐, 위너스, 아이지넷, 피아이이 등 9곳(스팩 제외)이다.",이런 상황에서 새로 상장하는 기업에 이목이 쏠린다.,특히 4분기에는 상장 첫날 주가가 공모가보다 낮은 새내기주가 많았다.,False,"현재 문장은 새로 상장하는 기업의 목록을 나열하고 있으며, 이는 특정한 수치나 통계적인 변화를 주장하는 내용이 아닙니다.",high,hcx,HCX-007,isclaim-v1.3-prev2-context,2026-07-30
A0047-C008,A0047,“욕심부리다가 또 탈락할라”… 눈높이 낮추는 ‘상장 재수생’들,2025-01-04,https://www.chosun.com/economy/money/2025/01/04/BN43SMGOJ6JMA4RWSSI66VWIGY,특히 주목되는 지점은 올해 상반기 IPO에 재수·삼수생 기업이 많다는 점이다.,"4일 금융감독원 전자공시시스템에 따르면 1월 일반 투자자 대상 공모 청약에 나서는 기업은 LG CNS와 미트박스글로벌, 아스테라시스, 데이원컴퍼니, 와이즈넛, 삼양엔씨켐, 위너스, 아이지넷, 피아이이 등 9곳(스팩 제외)이다.",이런 상황에서 새로 상장하는 기업에 이목이 쏠린다.,False,"현재 문장은 올해 상반기에 IPO를 시도하는 기업들이 이전에 실패했던 경험이 있는 경우가 많다는 일반적인 의견을 제시하고 있으며, 이는 특정한 수치나 통계적 변화를 주장하는 것이 아닙니다.",high,hcx,HCX-007,isclaim-v1.3-prev2-context,2026-07-30
A0047-C009,A0047,“욕심부리다가 또 탈락할라”… 눈높이 낮추는 ‘상장 재수생’들,2025-01-04,https://www.chosun.com/economy/money/2025/01/04/BN43SMGOJ6JMA4RWSSI66VWIGY,이들 상당수는 희망 공모가 범위를 이전보다 낮추거나 공모 주식 수를 줄였다.,특히 주목되는 지점은 올해 상반기 IPO에 재수·삼수생 기업이 많다는 점이다.,"4일 금융감독원 전자공시시스템에 따르면 1월 일반 투자자 대상 공모 청약에 나서는 기업은 LG CNS와 미트박스글로벌, 아스테라시스, 데이원컴퍼니, 와이즈넛, 삼양엔씨켐, 위너스, 아이지넷, 피아이이 등 9곳(스팩 제외)이다.",False,"현재 문장은 기업들이 희망 공모가 범위나 공모 주식 수를 조정했다는 내용으로, 이는 개별 기업의 결정 사항이지 국가집계 통계를 다루는 내용이 아닙니다.",high,hcx,HCX-007,isclaim-v1.3-prev2-context,2026-07-30
A0047-C010,A0047,“욕심부리다가 또 탈락할라”… 눈높이 낮추는 ‘상장 재수생’들,2025-01-04,https://www.chosun.com/economy/money/2025/01/04/BN43SMGOJ6JMA4RWSSI66VWIGY,아직 찬바람 부는 주식시장에 안정적으로 입성하는 데 초점을 맞춰 나름의 자구책을 마련한 셈이다.,이들 상당수는 희망 공모가 범위를 이전보다 낮추거나 공모 주식 수를 줄였다.,특히 주목되는 지점은 올해 상반기 IPO에 재수·삼수생 기업이 많다는 점이다.,False,"현재 문장은 주식시장의 상황에 대한 평가나 의견을 제시하지만, 구체적인 수치나 통계적인 변화를 언급하지 않습니다.",high,hcx,HCX-007,isclaim-v1.3-prev2-context,2026-07-30
A0047-C011,A0047,“욕심부리다가 또 탈락할라”… 눈높이 낮추는 ‘상장 재수생’들,2025-01-04,https://www.chosun.com/economy/money/2025/01/04/BN43SMGOJ6JMA4RWSSI66VWIGY,대표적인 사례가 올해 처음 유가증권시장 상장에 도전하는 LG CNS다.,아직 찬바람 부는 주식시장에 안정적으로 입성하는 데 초점을 맞춰 나름의 자구책을 마련한 셈이다.,이들 상당수는 희망 공모가 범위를 이전보다 낮추거나 공모 주식 수를 줄였다.,False,LG CNS 상장 도전은 특정 기업의 사건에 대한 정보이므로 KOSIS에서 검증 가능한 국내 집계 통계와는 관련이 없다.,high,hcx,HCX-007,isclaim-v1.3-prev2-context,2026-07-30
A0047-C012,A0047,“욕심부리다가 또 탈락할라”… 눈높이 낮추는 ‘상장 재수생’들,2025-01-04,https://www.chosun.com/economy/money/2025/01/04/BN43SMGOJ6JMA4RWSSI66VWIGY,시스템통합(SI) 회사인 LG CNS는 LG그룹에 IT서비스를 제공하는 계열사다.,대표적인 사례가 올해 처음 유가증권시장 상장에 도전하는 LG CNS다.,아직 찬바람 부는 주식시장에 안정적으로 입성하는 데 초점을 맞춰 나름의 자구책을 마련한 셈이다.,False,"현재 문장은 LG CNS가 LG그룹에 IT 서비스를 제공하는 계열사라는 단순한 설명을 하고 있으며, 이는 수치나 통계적인 변화를 주장하는 내용이 아닙니다.",high,hcx,HCX-007,isclaim-v1.3-prev2-context,2026-07-30
A0047-C013,A0047,“욕심부리다가 또 탈락할라”… 눈높이 낮추는 ‘상장 재수생’들,2025-01-04,https://www.chosun.com/economy/money/2025/01/04/BN43SMGOJ6JMA4RWSSI66VWIGY,LG CNS는 지난 2022년 주관사를 선정해 증시 입성을 준비했지만 상장을 추진하진 않았었다.,시스템통합(SI) 회사인 LG CNS는 LG그룹에 IT서비스를 제공하는 계열사다.,대표적인 사례가 올해 처음 유가증권시장 상장에 도전하는 LG CNS다.,False,"LG CNS 상장 추진 여부에 대한 정보는 특정 기업의 계획 및 상황에 관한 내용으로, 이는 KOSIS에서 다루는 국가 통계의 범위에 포함되지 않습니다.",high,hcx,HCX-007,isclaim-v1.3-prev2-context,2026-07-30
A0047-C014,A0047,“욕심부리다가 또 탈락할라”… 눈높이 낮추는 ‘상장 재수생’들,2025-01-04,https://www.chosun.com/economy/money/2025/01/04/BN43SMGOJ6JMA4RWSSI66VWIGY,"당시 금리가 오르면서 국내 경제와 주식시장에 불확실성이 커졌고, 경쟁사인 삼성SDS 주가가 하락하면서 충분한 자금을 모으기 어렵다고 판단했다.",LG CNS는 지난 2022년 주관사를 선정해 증시 입성을 준비했지만 상장을 추진하진 않았었다.,시스템통합(SI) 회사인 LG CNS는 LG그룹에 IT서비스를 제공하는 계열사다.,False,"현재 문장은 금리 상승과 주식시장의 불확실성 및 경쟁사의 주가 변동에 대한 설명을 포함하지만, 이는 단순한 원인 설명이지 특정한 수치나 통계적 변화를 주장하는 것이 아닙니다.",high,hcx,HCX-007,isclaim-v1.3-prev2-context,2026-07-30
A0047-C015,A0047,“욕심부리다가 또 탈락할라”… 눈높이 낮추는 ‘상장 재수생’들,2025-01-04,https://www.chosun.com/economy/money/2025/01/04/BN43SMGOJ6JMA4RWSSI66VWIGY,"새해 벽두에도 증시를 둘러싼 여건이 좋지 않지만, LG CNS는 눈높이를 낮춰 다시 상장 채비를 갖췄다.","당시 금리가 오르면서 국내 경제와 주식시장에 불확실성이 커졌고, 경쟁사인 삼성SDS 주가가 하락하면서 충분한 자금을 모으기 어렵다고 판단했다.",LG CNS는 지난 2022년 주관사를 선정해 증시 입성을 준비했지만 상장을 추진하진 않았었다.,False,LG CNS의 상장 계획에 대한 정보는 특정 기업의 재무 및 전략적인 결정 사항이므로 국가통계포털(KOSIS)에서 제공하는 통계 자료와는 관련이 없습니다.,high,hcx,HCX-007,isclaim-v1.3-prev2-context,2026-07-30
A0047-C016,A0047,“욕심부리다가 또 탈락할라”… 눈높이 낮추는 ‘상장 재수생’들,2025-01-04,https://www.chosun.com/economy/money/2025/01/04/BN43SMGOJ6JMA4RWSSI66VWIGY,상장하려는 기업들은 이미 주식시장에서 거래되고 있는 경쟁 기업의 주가수익비율(PER)을 고려해 공모가를 산정한다.,"새해 벽두에도 증시를 둘러싼 여건이 좋지 않지만, LG CNS는 눈높이를 낮춰 다시 상장 채비를 갖췄다.","당시 금리가 오르면서 국내 경제와 주식시장에 불확실성이 커졌고, 경쟁사인 삼성SDS 주가가 하락하면서 충분한 자금을 모으기 어렵다고 판단했다.",False,"주식시장에서 거래되는 경쟁 기업의 주가수익비율(PER)을 고려하여 공모가를 산정한다는 것은 일반적인 절차나 관행에 대한 설명이지, 특정한 수치나 비율, 통계적 변화를 주장하는 것이 아닙니다.",high,hcx,HCX-007,isclaim-v1.3-prev2-context,2026-07-30
A0047-C017,A0047,“욕심부리다가 또 탈락할라”… 눈높이 낮추는 ‘상장 재수생’들,2025-01-04,https://www.chosun.com/economy/money/2025/01/04/BN43SMGOJ6JMA4RWSSI66VWIGY,"LG CNS는 3년 전, 공모가 산정에 포함했던 글로벌 소프트웨어 기업 엑센추어를 이번엔 제외했다.",상장하려는 기업들은 이미 주식시장에서 거래되고 있는 경쟁 기업의 주가수익비율(PER)을 고려해 공모가를 산정한다.,"새해 벽두에도 증시를 둘러싼 여건이 좋지 않지만, LG CNS는 눈높이를 낮춰 다시 상장 채비를 갖췄다.",False,"LG CNS가 공모가 산정에서 글로벌 소프트웨어 기업 엑센추어를 제외한 것은 단순한 기업의 결정 사항으로, 이는 KOSIS에서 제공하는 통계 정보와는 관련이 없습니다.",high,hcx,HCX-007,isclaim-v1.3-prev2-context,2026-07-30
A0047-C018,A0047,“욕심부리다가 또 탈락할라”… 눈높이 낮추는 ‘상장 재수생’들,2025-01-04,https://www.chosun.com/economy/money/2025/01/04/BN43SMGOJ6JMA4RWSSI66VWIGY,"엑센추어의 PER은 당시 31배 수준이었고, 2024년 실적 기반 PER 추정치 역시 29.9배 수준이다.","LG CNS는 3년 전, 공모가 산정에 포함했던 글로벌 소프트웨어 기업 엑센추어를 이번엔 제외했다.",상장하려는 기업들은 이미 주식시장에서 거래되고 있는 경쟁 기업의 주가수익비율(PER)을 고려해 공모가를 산정한다.,False,"엑센추어의 PER 관련 정보는 특정 기업의 재무 지표로서, 이는 개별 기업의 정보이므로 국가통계포털(KOSIS)에서 제공하는 일반적인 집계 통계와는 관련이 없습니다.",high,hcx,HCX-007,isclaim-v1.3-prev2-context,2026-07-30
A0047-C019,A0047,“욕심부리다가 또 탈락할라”… 눈높이 낮추는 ‘상장 재수생’들,2025-01-04,https://www.chosun.com/economy/money/2025/01/04/BN43SMGOJ6JMA4RWSSI66VWIGY,"PER은 주가를 주당순이익으로 나눈 것으로, 이 수치가 높을수록 실적 대비 주가가 높다는 의미다.","엑센추어의 PER은 당시 31배 수준이었고, 2024년 실적 기반 PER 추정치 역시 29.9배 수준이다.","LG CNS는 3년 전, 공모가 산정에 포함했던 글로벌 소프트웨어 기업 엑센추어를 이번엔 제외했다.",False,"PER의 정의와 의미를 설명하는 문장으로, 특정한 수치나 비율의 변화를 주장하지 않는다.",high,hcx,HCX-007,isclaim-v1.3-prev2-context,2026-07-30
A0047-C020,A0047,“욕심부리다가 또 탈락할라”… 눈높이 낮추는 ‘상장 재수생’들,2025-01-04,https://www.chosun.com/economy/money/2025/01/04/BN43SMGOJ6JMA4RWSSI66VWIGY,PER이 높은 기업을 비교 대상 기업에서 제외한 것은 낮은 공모가를 용인하겠다는 결정으로 해석된다.,"PER은 주가를 주당순이익으로 나눈 것으로, 이 수치가 높을수록 실적 대비 주가가 높다는 의미다.","엑센추어의 PER은 당시 31배 수준이었고, 2024년 실적 기반 PER 추정치 역시 29.9배 수준이다.",False,"PER이 높은 기업을 비교 대상 기업에서 제외한 것에 대한 해석이므로, 이는 단순한 의견 평가나 원인 설명에 해당하며, 통계값이나 통계적 변화 방향에 관한 사실 주장이 아닙니다.",high,hcx,HCX-007,isclaim-v1.3-prev2-context,2026-07-30
A0047-C021,A0047,“욕심부리다가 또 탈락할라”… 눈높이 낮추는 ‘상장 재수생’들,2025-01-04,https://www.chosun.com/economy/money/2025/01/04/BN43SMGOJ6JMA4RWSSI66VWIGY,"대신 삼성SDS, 현대오토에버와 일본NTT데이터그룹을 비교기업으로 둬, PER 평균 22.6배를 적용해 공모가를 정했다.",PER이 높은 기업을 비교 대상 기업에서 제외한 것은 낮은 공모가를 용인하겠다는 결정으로 해석된다.,"PER은 주가를 주당순이익으로 나눈 것으로, 이 수치가 높을수록 실적 대비 주가가 높다는 의미다.",False,"현재 문장은 삼성SDS, 현대오토에버 및 일본 NTT데이터 그룹의 PER 평균 배수를 기반으로 공모가를 설정했다는 내용으로, 이는 특정한 기업의 재무 정보에 대한 설명이지 국가집계 통계나 KOSIS에서 검증 가능한 내용이 아닙니다.",high,hcx,HCX-007,isclaim-v1.3-prev2-context,2026-07-30
A0047-C022,A0047,“욕심부리다가 또 탈락할라”… 눈높이 낮추는 ‘상장 재수생’들,2025-01-04,https://www.chosun.com/economy/money/2025/01/04/BN43SMGOJ6JMA4RWSSI66VWIGY,할인율도 높은 수준을 적용했다.,"대신 삼성SDS, 현대오토에버와 일본NTT데이터그룹을 비교기업으로 둬, PER 평균 22.6배를 적용해 공모가를 정했다.",PER이 높은 기업을 비교 대상 기업에서 제외한 것은 낮은 공모가를 용인하겠다는 결정으로 해석된다.,False,"할인율에 대한 구체적인 수치나 비율이 언급되지 않았으며, 이는 단순한 의견 평가로 보인다.",high,hcx,HCX-007,isclaim-v1.3-prev2-context,2026-07-30
A0047-C023,A0047,“욕심부리다가 또 탈락할라”… 눈높이 낮추는 ‘상장 재수생’들,2025-01-04,https://www.chosun.com/economy/money/2025/01/04/BN43SMGOJ6JMA4RWSSI66VWIGY,LG CNS는 주당 평가가액 8만9378원에 30%가 넘는 할인율을 적용했다.,할인율도 높은 수준을 적용했다.,"대신 삼성SDS, 현대오토에버와 일본NTT데이터그룹을 비교기업으로 둬, PER 평균 22.6배를 적용해 공모가를 정했다.",False,"LG CNS의 주당 평가가액 및 할인율 적용은 특정 기업의 재무 정보로서, 국가통계포털(KOSIS)에서 제공하는 일반적인 통계와는 관련이 없습니다.",high,hcx,HCX-007,isclaim-v1.3-prev2-context,2026-07-30
A0047-C024,A0047,“욕심부리다가 또 탈락할라”… 눈높이 낮추는 ‘상장 재수생’들,2025-01-04,https://www.chosun.com/economy/money/2025/01/04/BN43SMGOJ6JMA4RWSSI66VWIGY,지난해 유가증권시장 상장 기업의 할인율은 15%대였다.,LG CNS는 주당 평가가액 8만9378원에 30%가 넘는 할인율을 적용했다.,할인율도 높은 수준을 적용했다.,True,"유가증권시장 상장 기업의 할인율 변화에 대한 정보로, 이는 국내 금융 관련 통계로서 KOSIS에서 확인 가능한 내용일 가능성이 높습니다.",high,hcx,HCX-007,isclaim-v1.3-prev2-context,2026-07-30
A0047-C025,A0047,“욕심부리다가 또 탈락할라”… 눈높이 낮추는 ‘상장 재수생’들,2025-01-04,https://www.chosun.com/economy/money/2025/01/04/BN43SMGOJ6JMA4RWSSI66VWIGY,이에 따라 LG CNS는 희망 공모가 범위(밴드)를 5만3700~6만1900원으로 제시했다.,지난해 유가증권시장 상장 기업의 할인율은 15%대였다.,LG CNS는 주당 평가가액 8만9378원에 30%가 넘는 할인율을 적용했다.,False,"LG CNS의 희망 공모가 범위에 대한 정보는 특정 기업의 금융 정보로서, 이는 국가통계포털(KOSIS)에서 제공하는 통계와는 관련이 없습니다.",high,hcx,HCX-007,isclaim-v1.3-prev2-context,2026-07-30
A0047-C026,A0047,“욕심부리다가 또 탈락할라”… 눈높이 낮추는 ‘상장 재수생’들,2025-01-04,https://www.chosun.com/economy/money/2025/01/04/BN43SMGOJ6JMA4RWSSI66VWIGY,"밴드 상단 기준 모집총액은 1조1994억원, 상장 후 시총은 5조9972억원으로 추산된다.",이에 따라 LG CNS는 희망 공모가 범위(밴드)를 5만3700~6만1900원으로 제시했다.,지난해 유가증권시장 상장 기업의 할인율은 15%대였다.,False,특정 기업의 모집총액 및 상장 후 시총 추산은 개별 기업의 재무 정보로서 국가통계포털(KOSIS)에서 제공하는 정보가 아닙니다.,high,hcx,HCX-007,isclaim-v1.3-prev2-context,2026-07-30
A0047-C027,A0047,“욕심부리다가 또 탈락할라”… 눈높이 낮추는 ‘상장 재수생’들,2025-01-04,https://www.chosun.com/economy/money/2025/01/04/BN43SMGOJ6JMA4RWSSI66VWIGY,LG CNS는 9∼15일 수요예측을 진행하고 21∼22일 일반 청약을 받을 예정이다.,"밴드 상단 기준 모집총액은 1조1994억원, 상장 후 시총은 5조9972억원으로 추산된다.",이에 따라 LG CNS는 희망 공모가 범위(밴드)를 5만3700~6만1900원으로 제시했다.,False,"LG CNS의 수요예측 및 청약 일정은 특정 기업의 금융 활동에 관한 정보로, 이는 KOSIS에서 제공하는 국가 통계의 범위에 포함되지 않습니다.",high,hcx,HCX-007,isclaim-v1.3-prev2-context,2026-07-30
A0047-C028,A0047,“욕심부리다가 또 탈락할라”… 눈높이 낮추는 ‘상장 재수생’들,2025-01-04,https://www.chosun.com/economy/money/2025/01/04/BN43SMGOJ6JMA4RWSSI66VWIGY,다만 LG CNS는 구주매출 비중이 높다는 점이 걸림돌로 지적된다.,LG CNS는 9∼15일 수요예측을 진행하고 21∼22일 일반 청약을 받을 예정이다.,"밴드 상단 기준 모집총액은 1조1994억원, 상장 후 시총은 5조9972억원으로 추산된다.",False,구주매출 비중이 높다는 점은 단순한 평가나 분석이므로 KOSIS 통계로 검증 가능한 수치적 주장이 아닙니다.,high,hcx,HCX-007,isclaim-v1.3-prev2-context,2026-07-30
A0047-C029,A0047,“욕심부리다가 또 탈락할라”… 눈높이 낮추는 ‘상장 재수생’들,2025-01-04,https://www.chosun.com/economy/money/2025/01/04/BN43SMGOJ6JMA4RWSSI66VWIGY,올해 IPO 일반청약의 첫 시작을 끊을 축산물 직거래 플랫폼 미트박스글로벌도 몸값을 낮춰 다시 상장에 도전한다.,다만 LG CNS는 구주매출 비중이 높다는 점이 걸림돌로 지적된다.,LG CNS는 9∼15일 수요예측을 진행하고 21∼22일 일반 청약을 받을 예정이다.,False,미트박스글로벌의 상장 재도전에 대한 내용은 특정 기업의 행보에 관한 정보이므로 KOSIS에서 검증 가능한 국내 집계 통계와는 관련이 없습니다.,high,hcx,HCX-007,isclaim-v1.3-prev2-context,2026-07-30
A0047-C030,A0047,“욕심부리다가 또 탈락할라”… 눈높이 낮추는 ‘상장 재수생’들,2025-01-04,https://www.chosun.com/economy/money/2025/01/04/BN43SMGOJ6JMA4RWSSI66VWIGY,미트박스글로벌은 지난해 코스닥시장 상장을 추진했지만 수요가 부진할 것으로 예상돼 상장 계획을 철회했다.,올해 IPO 일반청약의 첫 시작을 끊을 축산물 직거래 플랫폼 미트박스글로벌도 몸값을 낮춰 다시 상장에 도전한다.,다만 LG CNS는 구주매출 비중이 높다는 점이 걸림돌로 지적된다.,False,미트박스글로벌의 상장 계획 철회 여부는 KOSIS 통계로 검증 가능한 내용이 아닙니다.,high,hcx,HCX-007,isclaim-v1.3-prev2-context,2026-07-30
A0047-C031,A0047,“욕심부리다가 또 탈락할라”… 눈높이 낮추는 ‘상장 재수생’들,2025-01-04,https://www.chosun.com/economy/money/2025/01/04/BN43SMGOJ6JMA4RWSSI66VWIGY,미트박스글로벌은 공모 주식 수를 100만주로 유지했지만 희망 공모가 범위를 기존 2만3000~2만8500원에서 1만9000~2만3000원으로 낮췄다.,미트박스글로벌은 지난해 코스닥시장 상장을 추진했지만 수요가 부진할 것으로 예상돼 상장 계획을 철회했다.,올해 IPO 일반청약의 첫 시작을 끊을 축산물 직거래 플랫폼 미트박스글로벌도 몸값을 낮춰 다시 상장에 도전한다.,False,"미트박스글로벌의 공모 주식 수 및 희망 공모가 범위에 대한 정보는 특정한 수치나 비율이지만, 이는 개별 기업의 재무 정보로서 국가 통계의 범주에 속하지 않습니다.",high,hcx,HCX-007,isclaim-v1.3-prev2-context,2026-07-30
A0047-C032,A0047,“욕심부리다가 또 탈락할라”… 눈높이 낮추는 ‘상장 재수생’들,2025-01-04,https://www.chosun.com/economy/money/2025/01/04/BN43SMGOJ6JMA4RWSSI66VWIGY,미트박스글로벌은 오는 13일부터 14일까지 일반 청약에 나선다.,미트박스글로벌은 공모 주식 수를 100만주로 유지했지만 희망 공모가 범위를 기존 2만3000~2만8500원에서 1만9000~2만3000원으로 낮췄다.,미트박스글로벌은 지난해 코스닥시장 상장을 추진했지만 수요가 부진할 것으로 예상돼 상장 계획을 철회했다.,False,"미트박스글로벌의 일반 청약 일정은 특정 기업의 이벤트 일정으로, 이는 KOSIS에서 제공하는 국가 통계의 범위에 포함되지 않습니다.",high,hcx,HCX-007,isclaim-v1.3-prev2-context,2026-07-30
A0047-C033,A0047,“욕심부리다가 또 탈락할라”… 눈높이 낮추는 ‘상장 재수생’들,2025-01-04,https://www.chosun.com/economy/money/2025/01/04/BN43SMGOJ6JMA4RWSSI66VWIGY,코스닥 상장을 준비하고 있는 인공지능(AI) 전문 기업 와이즈넛은 공모 물량을 대폭 줄였다.,미트박스글로벌은 오는 13일부터 14일까지 일반 청약에 나선다.,미트박스글로벌은 공모 주식 수를 100만주로 유지했지만 희망 공모가 범위를 기존 2만3000~2만8500원에서 1만9000~2만3000원으로 낮췄다.,False,"현재 문장은 와이즈넛이 공모 물량을 줄였다는 사실을 언급하지만, 이는 특정한 수치나 비율 등의 통계적 주장을 포함하지 않습니다.",high,hcx,HCX-007,isclaim-v1.3-prev2-context,2026-07-30
A0047-C034,A0047,“욕심부리다가 또 탈락할라”… 눈높이 낮추는 ‘상장 재수생’들,2025-01-04,https://www.chosun.com/economy/money/2025/01/04/BN43SMGOJ6JMA4RWSSI66VWIGY,와이즈넛은 당초 170만주를 공모할 계획이었지만 규모를 절반에 가까운 90만주로 줄였다.,코스닥 상장을 준비하고 있는 인공지능(AI) 전문 기업 와이즈넛은 공모 물량을 대폭 줄였다.,미트박스글로벌은 오는 13일부터 14일까지 일반 청약에 나선다.,False,와이즈넛의 공모 주식 수가 줄었다는 것은 특정 기업의 금융 활동에 관한 정보이므로 국가통계포털(KOSIS)에서 검증할 수 있는 내용이 아닙니다.,high,hcx,HCX-007,isclaim-v1.3-prev2-context,2026-07-30
A0047-C035,A0047,“욕심부리다가 또 탈락할라”… 눈높이 낮추는 ‘상장 재수생’들,2025-01-04,https://www.chosun.com/economy/money/2025/01/04/BN43SMGOJ6JMA4RWSSI66VWIGY,공모주 물량이 줄어들면 유통 물량도 감소해 오버행(잠재적 매도 물량) 우려가 줄어들기 때문에 투자자들에게는 호재로 작용할 수 있는 지점이다.,와이즈넛은 당초 170만주를 공모할 계획이었지만 규모를 절반에 가까운 90만주로 줄였다.,코스닥 상장을 준비하고 있는 인공지능(AI) 전문 기업 와이즈넛은 공모 물량을 대폭 줄였다.,False,"유통 물량의 변화에 따른 투자자 관점의 분석이므로, 이는 KOSIS 통계로 검증 가능한 수치나 비율 등의 정보가 아닙니다.",high,hcx,HCX-007,isclaim-v1.3-prev2-context,2026-07-30
A0047-C036,A0047,“욕심부리다가 또 탈락할라”… 눈높이 낮추는 ‘상장 재수생’들,2025-01-04,https://www.chosun.com/economy/money/2025/01/04/BN43SMGOJ6JMA4RWSSI66VWIGY,와이즈넛은 오는 15일부터 16일까지 일반 청약에 나선다.,공모주 물량이 줄어들면 유통 물량도 감소해 오버행(잠재적 매도 물량) 우려가 줄어들기 때문에 투자자들에게는 호재로 작용할 수 있는 지점이다.,와이즈넛은 당초 170만주를 공모할 계획이었지만 규모를 절반에 가까운 90만주로 줄였다.,False,"일반 청약 일정에 대한 정보 제공이지만, 이는 수치나 통계적인 변화를 주장하는 내용이 아니므로 KOSIS 통계로 검증할 필요가 없습니다.",high,hcx,HCX-007,isclaim-v1.3-prev2-context,2026-07-30
A0047-C037,A0047,“욕심부리다가 또 탈락할라”… 눈높이 낮추는 ‘상장 재수생’들,2025-01-04,https://www.chosun.com/economy/money/2025/01/04/BN43SMGOJ6JMA4RWSSI66VWIGY,반도체 장비 기업 아이에스티이도 ‘IPO 재수생’이다.,와이즈넛은 오는 15일부터 16일까지 일반 청약에 나선다.,공모주 물량이 줄어들면 유통 물량도 감소해 오버행(잠재적 매도 물량) 우려가 줄어들기 때문에 투자자들에게는 호재로 작용할 수 있는 지점이다.,False,"반도체 장비 기업 아이에스티이가 IPO 재수생이라는 사실은 단순한 정보 제공이므로, 이는 KOSIS에서 검증 가능한 수치나 통계적 변화와 관련이 없습니다.",high,hcx,HCX-007,isclaim-v1.3-prev2-context,2026-07-30
A0047-C038,A0047,“욕심부리다가 또 탈락할라”… 눈높이 낮추는 ‘상장 재수생’들,2025-01-04,https://www.chosun.com/economy/money/2025/01/04/BN43SMGOJ6JMA4RWSSI66VWIGY,아이에스티이는 2일 증권신고서를 제출하고 코스닥시장 상장을 위한 공모 절차에 착수한다고 밝혔다.,반도체 장비 기업 아이에스티이도 ‘IPO 재수생’이다.,와이즈넛은 오는 15일부터 16일까지 일반 청약에 나선다.,False,"아이에스티이의 상장 절차 및 공모 관련 소식은 특정 기업의 금융 활동으로, KOSIS에서 다루는 국가 통계의 범위에 포함되지 않습니다.",high,hcx,HCX-007,isclaim-v1.3-prev2-context,2026-07-30
A0047-C039,A0047,“욕심부리다가 또 탈락할라”… 눈높이 낮추는 ‘상장 재수생’들,2025-01-04,https://www.chosun.com/economy/money/2025/01/04/BN43SMGOJ6JMA4RWSSI66VWIGY,앞서 아이에스티이는 지난해 상장을 추진했지만 한국 증시 불안정성을 이유로 들어 공모 일정을 연기했다.,아이에스티이는 2일 증권신고서를 제출하고 코스닥시장 상장을 위한 공모 절차에 착수한다고 밝혔다.,반도체 장비 기업 아이에스티이도 ‘IPO 재수생’이다.,False,"현재 문장은 기업의 상장 추진 및 일정 연기에 대한 내용으로, 이는 특정 기업의 개별 사건에 해당하며 국가집계 통계의 범주에 속하지 않습니다.",high,hcx,HCX-007,isclaim-v1.3-prev2-context,2026-07-30
A0047-C040,A0047,“욕심부리다가 또 탈락할라”… 눈높이 낮추는 ‘상장 재수생’들,2025-01-04,https://www.chosun.com/economy/money/2025/01/04/BN43SMGOJ6JMA4RWSSI66VWIGY,이번에 공모 물량을 기존 160만주에서 130만주로 축소했다.,앞서 아이에스티이는 지난해 상장을 추진했지만 한국 증시 불안정성을 이유로 들어 공모 일정을 연기했다.,아이에스티이는 2일 증권신고서를 제출하고 코스닥시장 상장을 위한 공모 절차에 착수한다고 밝혔다.,False,"공모 물량 축소는 특정 기업의 금융 관련 정보로, 국가통계포털(KOSIS)에서 제공하는 통계와는 관련이 없습니다.",high,hcx,HCX-007,isclaim-v1.3-prev2-context,2026-07-30
A0047-C041,A0047,“욕심부리다가 또 탈락할라”… 눈높이 낮추는 ‘상장 재수생’들,2025-01-04,https://www.chosun.com/economy/money/2025/01/04/BN43SMGOJ6JMA4RWSSI66VWIGY,희망 공모가 범위(밴드)는 지난번과 동일한 9700~1만1400원이다.,이번에 공모 물량을 기존 160만주에서 130만주로 축소했다.,앞서 아이에스티이는 지난해 상장을 추진했지만 한국 증시 불안정성을 이유로 들어 공모 일정을 연기했다.,False,"희망 공모가 범위는 특정 기업의 금융 정보로서, 이는 개인 기업의 매출·주가·실적 등과 관련된 정보이므로 KOSIS에서 검증할 수 있는 내용이 아닙니다.",high,hcx,HCX-007,isclaim-v1.3-prev2-context,2026-07-30
A0047-C042,A0047,“욕심부리다가 또 탈락할라”… 눈높이 낮추는 ‘상장 재수생’들,2025-01-04,https://www.chosun.com/economy/money/2025/01/04/BN43SMGOJ6JMA4RWSSI66VWIGY,"이번 달 셋째 주에는 미용의료기기를 제조하는 기업 아스테라시스(14~15일), 온라인 교육 콘텐츠 업체 데이원컴퍼니(15~16일), 정밀화학기업 삼양엔씨켐(16~17일), 스마트배선시스템 전문기업 위너스(17~20일) 등이 일반 청약에 나선다.",희망 공모가 범위(밴드)는 지난번과 동일한 9700~1만1400원이다.,이번에 공모 물량을 기존 160만주에서 130만주로 축소했다.,False,"현재 문장은 여러 기업의 일반 청약 일정을 나열하고 있으며, 이는 수치나 통계적인 변화를 주장하는 내용이 아닙니다.",high,hcx,HCX-007,isclaim-v1.3-prev2-context,2026-07-30
A0047-C043,A0047,“욕심부리다가 또 탈락할라”… 눈높이 낮추는 ‘상장 재수생’들,2025-01-04,https://www.chosun.com/economy/money/2025/01/04/BN43SMGOJ6JMA4RWSSI66VWIGY,넷째 주에는 이차전지 검사장비 기업 피아이이(20~21일)와 AI기반 인슈어테크 기업 아이지넷(20~21일)이 일반 청약에 나선다.,"이번 달 셋째 주에는 미용의료기기를 제조하는 기업 아스테라시스(14~15일), 온라인 교육 콘텐츠 업체 데이원컴퍼니(15~16일), 정밀화학기업 삼양엔씨켐(16~17일), 스마트배선시스템 전문기업 위너스(17~20일) 등이 일반 청약에 나선다.",희망 공모가 범위(밴드)는 지난번과 동일한 9700~1만1400원이다.,False,"현재 문장은 특정 기업의 일반 청약 일정에 대한 정보로, 수치나 통계적인 변화를 주장하지 않습니다.",high,hcx,HCX-007,isclaim-v1.3-prev2-context,2026-07-30
A0047-C044,A0047,“욕심부리다가 또 탈락할라”… 눈높이 낮추는 ‘상장 재수생’들,2025-01-04,https://www.chosun.com/economy/money/2025/01/04/BN43SMGOJ6JMA4RWSSI66VWIGY,한편 ‘삼수생’ 후보인 인터넷전문은행 케이뱅크는 상장 도전을 고심 중이다.,넷째 주에는 이차전지 검사장비 기업 피아이이(20~21일)와 AI기반 인슈어테크 기업 아이지넷(20~21일)이 일반 청약에 나선다.,"이번 달 셋째 주에는 미용의료기기를 제조하는 기업 아스테라시스(14~15일), 온라인 교육 콘텐츠 업체 데이원컴퍼니(15~16일), 정밀화학기업 삼양엔씨켐(16~17일), 스마트배선시스템 전문기업 위너스(17~20일) 등이 일반 청약에 나선다.",False,"현재 문장은 케이뱅크의 상장 도전 여부에 대한 단순한 정보 제공이므로, KOSIS에서 검증 가능한 수치나 통계적 변화를 주장하지 않습니다.",high,hcx,HCX-007,isclaim-v1.3-prev2-context,2026-07-30
A0047-C045,A0047,“욕심부리다가 또 탈락할라”… 눈높이 낮추는 ‘상장 재수생’들,2025-01-04,https://www.chosun.com/economy/money/2025/01/04/BN43SMGOJ6JMA4RWSSI66VWIGY,케이뱅크는 지난 2023년에 이어 지난해에도 수요예측이 부진해 상장 일정을 미뤘다.,한편 ‘삼수생’ 후보인 인터넷전문은행 케이뱅크는 상장 도전을 고심 중이다.,넷째 주에는 이차전지 검사장비 기업 피아이이(20~21일)와 AI기반 인슈어테크 기업 아이지넷(20~21일)이 일반 청약에 나선다.,False,케이뱅크의 상장 도전 및 일정 연기에 대한 내용은 특정 기업의 상황에 대한 설명이므로 KOSIS에서 검증 가능한 국내 집계 통계와는 관련이 없습니다.,high,hcx,HCX-007,isclaim-v1.3-prev2-context,2026-07-30
A0047-C046,A0047,“욕심부리다가 또 탈락할라”… 눈높이 낮추는 ‘상장 재수생’들,2025-01-04,https://www.chosun.com/economy/money/2025/01/04/BN43SMGOJ6JMA4RWSSI66VWIGY,지난해 10월 진행된 기관 투자자 대상 수요예측에서 희망 공모가 범위(밴드)를 9500~1만2000원으로 제시했지만 기관 배정 공모 물량을 채우지 못한 것으로 알려졌다.,케이뱅크는 지난 2023년에 이어 지난해에도 수요예측이 부진해 상장 일정을 미뤘다.,한편 ‘삼수생’ 후보인 인터넷전문은행 케이뱅크는 상장 도전을 고심 중이다.,False,케이뱅크의 상장 도전 및 수요예측 관련 내용은 특정 기업의 금융 정보로서 국가통계포털(KOSIS)에서 제공하는 통계와는 관련이 없습니다.,high,hcx,HCX-007,isclaim-v1.3-prev2-context,2026-07-30
A0047-C047,A0047,“욕심부리다가 또 탈락할라”… 눈높이 낮추는 ‘상장 재수생’들,2025-01-04,https://www.chosun.com/economy/money/2025/01/04/BN43SMGOJ6JMA4RWSSI66VWIGY,"케이뱅크는 지난해 8월 말 상장예비심사 승인을 획득했는데, 상장예비심사 효력이 승인일로부터 6개월 동안 유지되는 만큼 올해 2월까지는 상장을 마쳐야 한다.",지난해 10월 진행된 기관 투자자 대상 수요예측에서 희망 공모가 범위(밴드)를 9500~1만2000원으로 제시했지만 기관 배정 공모 물량을 채우지 못한 것으로 알려졌다.,케이뱅크는 지난 2023년에 이어 지난해에도 수요예측이 부진해 상장 일정을 미뤘다.,False,케이뱅크의 상장 일정 및 예비심사 승인 관련 내용은 수치나 통계적 변화를 주장하는 것이 아니므로 해당되지 않습니다.,high,hcx,HCX-007,isclaim-v1.3-prev2-context,2026-07-30
A0047-C048,A0047,“욕심부리다가 또 탈락할라”… 눈높이 낮추는 ‘상장 재수생’들,2025-01-04,https://www.chosun.com/economy/money/2025/01/04/BN43SMGOJ6JMA4RWSSI66VWIGY,코스피 코스닥 증권 00:00 / 01:35 Technology and Trends in Gangnam Read Article,"케이뱅크는 지난해 8월 말 상장예비심사 승인을 획득했는데, 상장예비심사 효력이 승인일로부터 6개월 동안 유지되는 만큼 올해 2월까지는 상장을 마쳐야 한다.",지난해 10월 진행된 기관 투자자 대상 수요예측에서 희망 공모가 범위(밴드)를 9500~1만2000원으로 제시했지만 기관 배정 공모 물량을 채우지 못한 것으로 알려졌다.,False,"현재 문장은 기사 제목으로 보이며, 구체적인 수치나 통계적 변화를 주장하는 내용이 없습니다.",high,hcx,HCX-007,isclaim-v1.3-prev2-context,2026-07-30
A0048-C001,A0048,이복현 금감원장 “최상목 대행 지지” 느닷없는 발언,2025-01-04,https://www.chosun.com/economy/money/2025/01/04/SCKPGO6FMNHGLFGO3NVVYCPU6U,이창용 한국은행 총재에 이어 이복현 금융감독원장도 최상목 대통령 권한대행 경제부총리를 공개적으로 지지했다.,,,False,"현재 문장은 특정 인물들의 정치적 지지 발언으로, 수치나 통계적 변화와는 관련이 없습니다.",high,hcx,HCX-007,isclaim-v1.3-prev2-context,2026-07-30
A0048-C002,A0048,이복현 금감원장 “최상목 대행 지지” 느닷없는 발언,2025-01-04,https://www.chosun.com/economy/money/2025/01/04/SCKPGO6FMNHGLFGO3NVVYCPU6U,이 원장은 3일 서울 소공동 롯데호텔에서 열린 ‘2025년 범금융 신년 인사회’에서 “한은 총재님이 말씀하신 것처럼 금융감독원도 최상목 권한대행께서 경제 시스템을 정상적으로 이끌기 위해 노력하는 데 부족함이 없도록 지지하고 있다”며 “앞으로도 계속 지원하겠다고 약속드린다”고 했다.,이창용 한국은행 총재에 이어 이복현 금융감독원장도 최상목 대통령 권한대행 경제부총리를 공개적으로 지지했다.,,False,"현재 문장은 특정 인물들이 다른 인물을 지지한다는 의견을 표현하고 있으며, 이는 수치나 통계적인 정보와는 관련이 없습니다.",high,hcx,HCX-007,isclaim-v1.3-prev2-context,2026-07-30
A0048-C003,A0048,이복현 금감원장 “최상목 대행 지지” 느닷없는 발언,2025-01-04,https://www.chosun.com/economy/money/2025/01/04/SCKPGO6FMNHGLFGO3NVVYCPU6U,전날 이창용 한국은행 총재가 최 권한대행의 헌법재판관 임명을 비판하는 일부 국무위원과 정치권에 “고민 좀 하고 이야기했으면 좋겠다”고 강하게 비판한 이후 내놓은 말이다.,이 원장은 3일 서울 소공동 롯데호텔에서 열린 ‘2025년 범금융 신년 인사회’에서 “한은 총재님이 말씀하신 것처럼 금융감독원도 최상목 권한대행께서 경제 시스템을 정상적으로 이끌기 위해 노력하는 데 부족함이 없도록 지지하고 있다”며 “앞으로도 계속 지원하겠다고 약속드린다”고 했다.,이창용 한국은행 총재에 이어 이복현 금융감독원장도 최상목 대통령 권한대행 경제부총리를 공개적으로 지지했다.,False,"현재 문장은 특정 인물들의 발언 및 정치적 상황에 대한 내용으로, 수치나 통계적인 변화를 주장하지 않습니다.",high,hcx,HCX-007,isclaim-v1.3-prev2-context,2026-07-30
A0048-C004,A0048,이복현 금감원장 “최상목 대행 지지” 느닷없는 발언,2025-01-04,https://www.chosun.com/economy/money/2025/01/04/SCKPGO6FMNHGLFGO3NVVYCPU6U,"금감원이 사전 배포한 이 원장의 행사 원고에는 없던 내용으로, 이 원장이 현장에서 추가한 것이다.",전날 이창용 한국은행 총재가 최 권한대행의 헌법재판관 임명을 비판하는 일부 국무위원과 정치권에 “고민 좀 하고 이야기했으면 좋겠다”고 강하게 비판한 이후 내놓은 말이다.,이 원장은 3일 서울 소공동 롯데호텔에서 열린 ‘2025년 범금융 신년 인사회’에서 “한은 총재님이 말씀하신 것처럼 금융감독원도 최상목 권한대행께서 경제 시스템을 정상적으로 이끌기 위해 노력하는 데 부족함이 없도록 지지하고 있다”며 “앞으로도 계속 지원하겠다고 약속드린다”고 했다.,False,"현재 문장은 특정 사건이나 상황에 대한 설명이지, 수치나 통계적인 변화를 주장하는 내용이 아닙니다.",high,hcx,HCX-007,isclaim-v1.3-prev2-context,2026-07-30
A0048-C005,A0048,이복현 금감원장 “최상목 대행 지지” 느닷없는 발언,2025-01-04,https://www.chosun.com/economy/money/2025/01/04/SCKPGO6FMNHGLFGO3NVVYCPU6U,이 원장은 검찰 내 ‘윤석열 사단’의 막내로 통하는 인물이다.,"금감원이 사전 배포한 이 원장의 행사 원고에는 없던 내용으로, 이 원장이 현장에서 추가한 것이다.",전날 이창용 한국은행 총재가 최 권한대행의 헌법재판관 임명을 비판하는 일부 국무위원과 정치권에 “고민 좀 하고 이야기했으면 좋겠다”고 강하게 비판한 이후 내놓은 말이다.,False,"현재 문장은 이 원장이 검찰 내 '윤석열 사단'의 막내라는 개인적 평가나 설명을 담고 있으며, 이는 수치나 통계적 변화와 관련된 내용이 아닙니다.",high,hcx,HCX-007,isclaim-v1.3-prev2-context,2026-07-30
A0048-C006,A0048,이복현 금감원장 “최상목 대행 지지” 느닷없는 발언,2025-01-04,https://www.chosun.com/economy/money/2025/01/04/SCKPGO6FMNHGLFGO3NVVYCPU6U,금융권 관련 경험이 사실상 없지만 현 정부 들어 금융감독원장에 파격 임명됐다.,이 원장은 검찰 내 ‘윤석열 사단’의 막내로 통하는 인물이다.,"금감원이 사전 배포한 이 원장의 행사 원고에는 없던 내용으로, 이 원장이 현장에서 추가한 것이다.",False,"현재 문장은 금융감독원장 임명에 대한 평가나 의견을 담고 있으며, 이는 수치나 통계적인 변화를 주장하는 내용이 아닙니다.",high,hcx,HCX-007,isclaim-v1.3-prev2-context,2026-07-30
A0048-C007,A0048,이복현 금감원장 “최상목 대행 지지” 느닷없는 발언,2025-01-04,https://www.chosun.com/economy/money/2025/01/04/SCKPGO6FMNHGLFGO3NVVYCPU6U,금융권의 각종 현안에 목소리를 내며 금융권의 최고 실세 역할을 해 ‘월권’ 논란을 빚기도 했다.,금융권 관련 경험이 사실상 없지만 현 정부 들어 금융감독원장에 파격 임명됐다.,이 원장은 검찰 내 ‘윤석열 사단’의 막내로 통하는 인물이다.,False,"현재 문장은 금융권의 최고 실세 역할 및 월권 논란에 대한 내용으로, 이는 수치나 통계적인 주장과는 관련이 없습니다.",high,hcx,HCX-007,isclaim-v1.3-prev2-context,2026-07-30
A0048-C008,A0048,이복현 금감원장 “최상목 대행 지지” 느닷없는 발언,2025-01-04,https://www.chosun.com/economy/money/2025/01/04/SCKPGO6FMNHGLFGO3NVVYCPU6U,이 원장은 최근 “탄핵이 예측 가능성 측면에서 우리 경제에 낫다”며 윤 대통령 탄핵에 찬성하는 입장을 밝히기도 했다.,금융권의 각종 현안에 목소리를 내며 금융권의 최고 실세 역할을 해 ‘월권’ 논란을 빚기도 했다.,금융권 관련 경험이 사실상 없지만 현 정부 들어 금융감독원장에 파격 임명됐다.,False,"현재 문장은 원장의 정치적 견해를 표현한 것으로, 수치나 통계적 변화와는 관련이 없습니다.",high,hcx,HCX-007,isclaim-v1.3-prev2-context,2026-07-30
A0048-C009,A0048,이복현 금감원장 “최상목 대행 지지” 느닷없는 발언,2025-01-04,https://www.chosun.com/economy/money/2025/01/04/SCKPGO6FMNHGLFGO3NVVYCPU6U,한 금융권 관계자는 “현 정권의 혜택을 가장 많이 받은 처지에서 왜 논란이 될 만한 말을 공개적으로 보태는지 의아하다는 곱지 않은 평가가 많다”고 했다.,이 원장은 최근 “탄핵이 예측 가능성 측면에서 우리 경제에 낫다”며 윤 대통령 탄핵에 찬성하는 입장을 밝히기도 했다.,금융권의 각종 현안에 목소리를 내며 금융권의 최고 실세 역할을 해 ‘월권’ 논란을 빚기도 했다.,False,"현재 문장은 특정 인물에 대한 평가나 의견을 표현하고 있으며, 이는 KOSIS 통계와 관련된 수치나 변화 방향을 주장하는 내용이 아닙니다.",high,hcx,HCX-007,isclaim-v1.3-prev2-context,2026-07-30
A0048-C010,A0048,이복현 금감원장 “최상목 대행 지지” 느닷없는 발언,2025-01-04,https://www.chosun.com/economy/money/2025/01/04/SCKPGO6FMNHGLFGO3NVVYCPU6U,"이창용 한은 총재는 이날 행사에서 “정치적 이해관계에 따라 평가가 다르겠지만, 최상목 권한대행이 대외 신인도 하락과 국정 공백 상황을 막기 위해 정치보다는 경제를 고려해서 어렵지만 불가피한 결정을 했다”며 “우리 경제가 정치 프로세스에 영향 받지 않고 독립적이고 정상적으로 작동할 것임을 내외에 알리는 출발점이 될 것”이라고 했다.",한 금융권 관계자는 “현 정권의 혜택을 가장 많이 받은 처지에서 왜 논란이 될 만한 말을 공개적으로 보태는지 의아하다는 곱지 않은 평가가 많다”고 했다.,이 원장은 최근 “탄핵이 예측 가능성 측면에서 우리 경제에 낫다”며 윤 대통령 탄핵에 찬성하는 입장을 밝히기도 했다.,False,"현재 문장은 정치적 평가나 의견에 대한 내용으로, 수치나 통계적인 변화를 주장하지 않습니다.",high,hcx,HCX-007,isclaim-v1.3-prev2-context,2026-07-30
A0049-C001,A0049,"태국 고속도로·바라카 원전… K건설, 59년만에 수주 1조달러",2025-01-04,https://www.chosun.com/economy/real_estate/2025/01/04/EP7S222PC5CNVDUHY6OXY2BAYU,“놀라운 일을 계획하고 있습니다.”,,,False,단순 의견이나 계획 발표로서 통계적 변화나 수치와 관련이 없다.,high,hcx,HCX-007,isclaim-v1.3-prev2-context,2026-07-30
A0049-C002,A0049,"태국 고속도로·바라카 원전… K건설, 59년만에 수주 1조달러",2025-01-04,https://www.chosun.com/economy/real_estate/2025/01/04/EP7S222PC5CNVDUHY6OXY2BAYU,"1963년 1월, 정주영 현대건설 사장은 시무식에서 임직원을 상대로 이렇게 말했다.",“놀라운 일을 계획하고 있습니다.”,,False,현재 문장은 역사적 사건에 대한 서술로서 수치나 통계적 변화를 주장하지 않습니다.,high,hcx,HCX-007,isclaim-v1.3-prev2-context,2026-07-30
A0049-C003,A0049,"태국 고속도로·바라카 원전… K건설, 59년만에 수주 1조달러",2025-01-04,https://www.chosun.com/economy/real_estate/2025/01/04/EP7S222PC5CNVDUHY6OXY2BAYU,이전까지 국내 어떤 건설사도 해본 적 없는 ‘해외 진출’에 도전한다는 뜻이었다.,"1963년 1월, 정주영 현대건설 사장은 시무식에서 임직원을 상대로 이렇게 말했다.",“놀라운 일을 계획하고 있습니다.”,False,'국내 어떤 건설사도 해본 적 없는 해외 진출'이라는 내용은 단순한 역사적 사실 서술이므로 KOSIS 통계와 관련이 없습니다.,high,hcx,HCX-007,isclaim-v1.3-prev2-context,2026-07-30
A0049-C004,A0049,"태국 고속도로·바라카 원전… K건설, 59년만에 수주 1조달러",2025-01-04,https://www.chosun.com/economy/real_estate/2025/01/04/EP7S222PC5CNVDUHY6OXY2BAYU,"현대건설은 그해 7월 베트남 상수도 공사 입찰에 참가했지만, 결과는 실패였다.",이전까지 국내 어떤 건설사도 해본 적 없는 ‘해외 진출’에 도전한다는 뜻이었다.,"1963년 1월, 정주영 현대건설 사장은 시무식에서 임직원을 상대로 이렇게 말했다.",False,"현대건설이 베트남 상수도 공사 입찰에 참가했으나 실패했다는 내용은 특정한 사건이나 결과에 대한 설명이므로, 이는 KOSIS에서 검증 가능한 수치나 통계적 변화와는 관련이 없습니다.",high,hcx,HCX-007,isclaim-v1.3-prev2-context,2026-07-30
A0049-C005,A0049,"태국 고속도로·바라카 원전… K건설, 59년만에 수주 1조달러",2025-01-04,https://www.chosun.com/economy/real_estate/2025/01/04/EP7S222PC5CNVDUHY6OXY2BAYU,"2년여간 계속된 도전 끝에 1965년 11월, 현대건설은 마침내 태국에서 첫 수주에 성공했다.","현대건설은 그해 7월 베트남 상수도 공사 입찰에 참가했지만, 결과는 실패였다.",이전까지 국내 어떤 건설사도 해본 적 없는 ‘해외 진출’에 도전한다는 뜻이었다.,False,"현재 문장은 현대건설의 태국에서의 첫 수주 성공에 대한 역사적 사실을 서술하고 있으며, 이는 특정한 수치나 통계적 변화를 주장하는 것이 아닙니다.",high,hcx,HCX-007,isclaim-v1.3-prev2-context,2026-07-30
A0049-C006,A0049,"태국 고속도로·바라카 원전… K건설, 59년만에 수주 1조달러",2025-01-04,https://www.chosun.com/economy/real_estate/2025/01/04/EP7S222PC5CNVDUHY6OXY2BAYU,"서독과 일본 등 경쟁사 29곳을 제치고, 길이 98㎞짜리 2차선 고속도로 공사를 522만달러에 따냈다.","2년여간 계속된 도전 끝에 1965년 11월, 현대건설은 마침내 태국에서 첫 수주에 성공했다.","현대건설은 그해 7월 베트남 상수도 공사 입찰에 참가했지만, 결과는 실패였다.",False,"현재 문장은 특정 기업의 프로젝트 수주 금액 및 경쟁사에 대한 정보로, 이는 개별 기업의 영업 성과이지 국가 집계의 통계 정보가 아니므로 KOSIS를 통해 검증할 수 없다.",high,hcx,HCX-007,isclaim-v1.3-prev2-context,2026-07-30
A0049-C007,A0049,"태국 고속도로·바라카 원전… K건설, 59년만에 수주 1조달러",2025-01-04,https://www.chosun.com/economy/real_estate/2025/01/04/EP7S222PC5CNVDUHY6OXY2BAYU,"고속도로가 없는 한국의 기업, 이전에 한 번도 고속도로를 지어본 적 없는 건설사가 수주한 것이다.","서독과 일본 등 경쟁사 29곳을 제치고, 길이 98㎞짜리 2차선 고속도로 공사를 522만달러에 따냈다.","2년여간 계속된 도전 끝에 1965년 11월, 현대건설은 마침내 태국에서 첫 수주에 성공했다.",False,"현재 문장은 특정 기업의 과거 성과나 사건에 대한 설명이므로, 이는 KOSIS에서 검증 가능한 수치나 통계적 변화와 관련이 없습니다.",high,hcx,HCX-007,isclaim-v1.3-prev2-context,2026-07-30
A0049-C008,A0049,"태국 고속도로·바라카 원전… K건설, 59년만에 수주 1조달러",2025-01-04,https://www.chosun.com/economy/real_estate/2025/01/04/EP7S222PC5CNVDUHY6OXY2BAYU,당시 환율로 14억8000만원짜리 이 고속도로 공사는 훗날 전 세계에서 숱한 랜드마크를 지은 K건설의 초석이 됐다.,"고속도로가 없는 한국의 기업, 이전에 한 번도 고속도로를 지어본 적 없는 건설사가 수주한 것이다.","서독과 일본 등 경쟁사 29곳을 제치고, 길이 98㎞짜리 2차선 고속도로 공사를 522만달러에 따냈다.",False,"현재 문장은 특정 기업의 프로젝트 성공 사례 및 그 영향력에 대한 설명이므로, 이는 KOSIS에서 검증 가능한 수치나 통계적 변화를 주장하는 것이 아닙니다.",high,hcx,HCX-007,isclaim-v1.3-prev2-context,2026-07-30
A0049-C009,A0049,"태국 고속도로·바라카 원전… K건설, 59년만에 수주 1조달러",2025-01-04,https://www.chosun.com/economy/real_estate/2025/01/04/EP7S222PC5CNVDUHY6OXY2BAYU,국토교통부는 우리 기업의 해외 건설 누적 수주액이 1조달러(약 1470조원)를 돌파했다고 3일 밝혔다.,당시 환율로 14억8000만원짜리 이 고속도로 공사는 훗날 전 세계에서 숱한 랜드마크를 지은 K건설의 초석이 됐다.,"고속도로가 없는 한국의 기업, 이전에 한 번도 고속도로를 지어본 적 없는 건설사가 수주한 것이다.",True,국토교통부가 발표한 해외 건설 누적 수주액은 국가 단위의 집계 통계로서 KOSIS에서 관련 데이터를 찾아 대조할 수 있다.,high,hcx,HCX-007,isclaim-v1.3-prev2-context,2026-07-30
A0049-C010,A0049,"태국 고속도로·바라카 원전… K건설, 59년만에 수주 1조달러",2025-01-04,https://www.chosun.com/economy/real_estate/2025/01/04/EP7S222PC5CNVDUHY6OXY2BAYU,현대건설의 첫 수주 이후 59년 만의 성과다.,국토교통부는 우리 기업의 해외 건설 누적 수주액이 1조달러(약 1470조원)를 돌파했다고 3일 밝혔다.,당시 환율로 14억8000만원짜리 이 고속도로 공사는 훗날 전 세계에서 숱한 랜드마크를 지은 K건설의 초석이 됐다.,False,"현재 문장은 특정 기업의 역사적 성과를 설명하며, 이는 단순한 사실 진술로서 수치나 통계적 변화를 주장하지 않습니다.",high,hcx,HCX-007,isclaim-v1.3-prev2-context,2026-07-30
A0049-C011,A0049,"태국 고속도로·바라카 원전… K건설, 59년만에 수주 1조달러",2025-01-04,https://www.chosun.com/economy/real_estate/2025/01/04/EP7S222PC5CNVDUHY6OXY2BAYU,초기 해외 건설 수주의 주무대는 중동이었다.,현대건설의 첫 수주 이후 59년 만의 성과다.,국토교통부는 우리 기업의 해외 건설 누적 수주액이 1조달러(약 1470조원)를 돌파했다고 3일 밝혔다.,False,"초기 해외 건설 수주의 주무대가 중동이었다는 것은 단순한 역사적 사실을 서술한 것으로, 수치나 통계적인 변화를 주장하는 것이 아닙니다.",high,hcx,HCX-007,isclaim-v1.3-prev2-context,2026-07-30
A0049-C012,A0049,"태국 고속도로·바라카 원전… K건설, 59년만에 수주 1조달러",2025-01-04,https://www.chosun.com/economy/real_estate/2025/01/04/EP7S222PC5CNVDUHY6OXY2BAYU,한국 건설사들은 오일머니를 앞세운 중동 산유국이 발주한 도로와 항만 공사 등을 따내며 외화를 벌어들였다.,초기 해외 건설 수주의 주무대는 중동이었다.,현대건설의 첫 수주 이후 59년 만의 성과다.,False,"현재 문장은 한국의 건설사들이 중동에서 도로와 항만 공사를 수주하여 외화를 벌어들였다는 역사적 사실을 서술하고 있으며, 이는 특정한 수치나 통계적 변화를 주장하는 것이 아닙니다.",high,hcx,HCX-007,isclaim-v1.3-prev2-context,2026-07-30
A0049-C013,A0049,"태국 고속도로·바라카 원전… K건설, 59년만에 수주 1조달러",2025-01-04,https://www.chosun.com/economy/real_estate/2025/01/04/EP7S222PC5CNVDUHY6OXY2BAYU,"삼환기업이 1973년 사우디아라비아 고속도로 공사로 처음 중동에 진출했고, 현대건설은 1976년 사우디 주베일 항만 공사를 9억6000만달러에 수주했다.",한국 건설사들은 오일머니를 앞세운 중동 산유국이 발주한 도로와 항만 공사 등을 따내며 외화를 벌어들였다.,초기 해외 건설 수주의 주무대는 중동이었다.,False,"현재 문장은 특정 기업의 첫 해외 프로젝트 및 계약 금액에 대한 역사적 사실을 서술하고 있으며, 이는 KOSIS 국가통계포털에서 검증 가능한 수치나 통계적 변화와 관련이 없습니다.",high,hcx,HCX-007,isclaim-v1.3-prev2-context,2026-07-30
A0049-C014,A0049,"태국 고속도로·바라카 원전… K건설, 59년만에 수주 1조달러",2025-01-04,https://www.chosun.com/economy/real_estate/2025/01/04/EP7S222PC5CNVDUHY6OXY2BAYU,주베일 수주액은 당시 우리 정부 예산의 4분의 1에 달할 정도였다.,"삼환기업이 1973년 사우디아라비아 고속도로 공사로 처음 중동에 진출했고, 현대건설은 1976년 사우디 주베일 항만 공사를 9억6000만달러에 수주했다.",한국 건설사들은 오일머니를 앞세운 중동 산유국이 발주한 도로와 항만 공사 등을 따내며 외화를 벌어들였다.,False,"현재 문장은 과거 정부의 예산 규모와 관련된 역사적 사실을 언급하고 있으며, 이는 특정한 통계나 변화를 주장하는 것이 아닙니다.",high,hcx,HCX-007,isclaim-v1.3-prev2-context,2026-07-30
A0049-C015,A0049,"태국 고속도로·바라카 원전… K건설, 59년만에 수주 1조달러",2025-01-04,https://www.chosun.com/economy/real_estate/2025/01/04/EP7S222PC5CNVDUHY6OXY2BAYU,1980년대 해외로 파견된 우리나라 근로자 중 80%는 중동 건설 현장으로 갔다.,주베일 수주액은 당시 우리 정부 예산의 4분의 1에 달할 정도였다.,"삼환기업이 1973년 사우디아라비아 고속도로 공사로 처음 중동에 진출했고, 현대건설은 1976년 사우디 주베일 항만 공사를 9억6000만달러에 수주했다.",True,"현재 문장은 1980년대 해외로 파견된 우리나라 근로자의 비율을 언급하며, 이는 국가 단위의 고용 및 해외 파견 관련 통계를 통해 검증될 수 있는 내용이다.",high,hcx,HCX-007,isclaim-v1.3-prev2-context,2026-07-30
A0049-C016,A0049,"태국 고속도로·바라카 원전… K건설, 59년만에 수주 1조달러",2025-01-04,https://www.chosun.com/economy/real_estate/2025/01/04/EP7S222PC5CNVDUHY6OXY2BAYU,한국 건설 기업들은 정해진 공기(工期)와 예산을 지켜 시공하는 ‘온타임 온버짓(On time On budget)’ 능력을 내세워 세계 각국의 핵심 기반 시설과 랜드마크 건축물을 지었다.,1980년대 해외로 파견된 우리나라 근로자 중 80%는 중동 건설 현장으로 갔다.,주베일 수주액은 당시 우리 정부 예산의 4분의 1에 달할 정도였다.,False,"현재 문장은 한국 건설 기업들이 세계 각국의 핵심 기반 시설과 랜드마크 건축물을 시공했다는 일반적인 서술로서, 구체적인 수치나 통계적인 변화를 포함하지 않습니다.",high,hcx,HCX-007,isclaim-v1.3-prev2-context,2026-07-30
A0049-C017,A0049,"태국 고속도로·바라카 원전… K건설, 59년만에 수주 1조달러",2025-01-04,https://www.chosun.com/economy/real_estate/2025/01/04/EP7S222PC5CNVDUHY6OXY2BAYU,동아건설산업이 1983년과 1989년 2차례에 걸쳐 수주한 리비아 대수로는 인간이 만든 최대 규모의 수로로 기네스북에 올랐다.,한국 건설 기업들은 정해진 공기(工期)와 예산을 지켜 시공하는 ‘온타임 온버짓(On time On budget)’ 능력을 내세워 세계 각국의 핵심 기반 시설과 랜드마크 건축물을 지었다.,1980년대 해외로 파견된 우리나라 근로자 중 80%는 중동 건설 현장으로 갔다.,False,"동아건설산업의 리비아 대수로 프로젝트가 기네스북에 올랐다는 사실은 단순한 기록 보유 여부에 대한 정보 제공이지, 수치나 비율 등의 통계적 변화를 주장하는 내용이 아닙니다.",high,hcx,HCX-007,isclaim-v1.3-prev2-context,2026-07-30
A0049-C018,A0049,"태국 고속도로·바라카 원전… K건설, 59년만에 수주 1조달러",2025-01-04,https://www.chosun.com/economy/real_estate/2025/01/04/EP7S222PC5CNVDUHY6OXY2BAYU,"높이 828m의 현존 세계 최고층 빌딩 두바이 ‘부르즈 할리파’는 삼성물산이, 주탑 사이 거리가 2023m에 달하는 세계 최장 현수교 튀르키예 ‘차나칼레 대교’는 DL이앤씨와 SK에코플랜트가 지었다.",동아건설산업이 1983년과 1989년 2차례에 걸쳐 수주한 리비아 대수로는 인간이 만든 최대 규모의 수로로 기네스북에 올랐다.,한국 건설 기업들은 정해진 공기(工期)와 예산을 지켜 시공하는 ‘온타임 온버짓(On time On budget)’ 능력을 내세워 세계 각국의 핵심 기반 시설과 랜드마크 건축물을 지었다.,False,"현재 문장은 특정 건설 프로젝트들에 대한 정보 제공이지만, 이는 수치나 비율 등의 통계적 변화를 주장하는 것이 아니므로 KOSIS를 통해 검증할 필요가 없습니다.",high,hcx,HCX-007,isclaim-v1.3-prev2-context,2026-07-30
A0049-C019,A0049,"태국 고속도로·바라카 원전… K건설, 59년만에 수주 1조달러",2025-01-04,https://www.chosun.com/economy/real_estate/2025/01/04/EP7S222PC5CNVDUHY6OXY2BAYU,"싱가포르를 상징하는 ‘마리나베이 샌즈’ 호텔, 말레이시아의 ‘페트로나스 트윈타워’ 등도 모두 우리 기술로 지었다.","높이 828m의 현존 세계 최고층 빌딩 두바이 ‘부르즈 할리파’는 삼성물산이, 주탑 사이 거리가 2023m에 달하는 세계 최장 현수교 튀르키예 ‘차나칼레 대교’는 DL이앤씨와 SK에코플랜트가 지었다.",동아건설산업이 1983년과 1989년 2차례에 걸쳐 수주한 리비아 대수로는 인간이 만든 최대 규모의 수로로 기네스북에 올랐다.,False,"현재 문장은 건축물의 건설 주체 및 위치에 대한 정보 제공이지만, 이는 특정한 수치나 통계적인 변화를 주장하는 것이 아니므로 KOSIS 통계로 검증할 수 있는 내용이 아닙니다.",high,hcx,HCX-007,isclaim-v1.3-prev2-context,2026-07-30
A0049-C020,A0049,"태국 고속도로·바라카 원전… K건설, 59년만에 수주 1조달러",2025-01-04,https://www.chosun.com/economy/real_estate/2025/01/04/EP7S222PC5CNVDUHY6OXY2BAYU,세계로 뻗어나가는 K원전의 경쟁력에 건설의 역할도 빼놓을 수 없다.,"싱가포르를 상징하는 ‘마리나베이 샌즈’ 호텔, 말레이시아의 ‘페트로나스 트윈타워’ 등도 모두 우리 기술로 지었다.","높이 828m의 현존 세계 최고층 빌딩 두바이 ‘부르즈 할리파’는 삼성물산이, 주탑 사이 거리가 2023m에 달하는 세계 최장 현수교 튀르키예 ‘차나칼레 대교’는 DL이앤씨와 SK에코플랜트가 지었다.",False,"현재 문장은 단순한 의견이나 평가로서, 구체적인 수치나 통계적인 변화를 주장하지 않는다.",high,hcx,HCX-007,isclaim-v1.3-prev2-context,2026-07-30
A0049-C021,A0049,"태국 고속도로·바라카 원전… K건설, 59년만에 수주 1조달러",2025-01-04,https://www.chosun.com/economy/real_estate/2025/01/04/EP7S222PC5CNVDUHY6OXY2BAYU,2009년 수주한 UAE 바라카 원전은 단일 공사로 역대 최대 수주액(191억 달러)을 기록했다.,세계로 뻗어나가는 K원전의 경쟁력에 건설의 역할도 빼놓을 수 없다.,"싱가포르를 상징하는 ‘마리나베이 샌즈’ 호텔, 말레이시아의 ‘페트로나스 트윈타워’ 등도 모두 우리 기술로 지었다.",True,"현재 문장은 UAE 바라카 원전에 대한 수주액을 언급하며, 이는 특정한 사건에서의 금액이므로 KOSIS 통계로 검증하기 어렵다.",low,hcx,HCX-007,isclaim-v1.3-prev2-context,2026-07-30
A0049-C022,A0049,"태국 고속도로·바라카 원전… K건설, 59년만에 수주 1조달러",2025-01-04,https://www.chosun.com/economy/real_estate/2025/01/04/EP7S222PC5CNVDUHY6OXY2BAYU,오는 3월 최종 계약을 앞둔 24조원 규모 체코 두코바니 원전은 대우건설이 시공할 예정이다.,2009년 수주한 UAE 바라카 원전은 단일 공사로 역대 최대 수주액(191억 달러)을 기록했다.,세계로 뻗어나가는 K원전의 경쟁력에 건설의 역할도 빼놓을 수 없다.,False,"현재 문장은 특정 프로젝트의 계약 및 시공 계획에 대한 정보 제공이지, 수치나 비율 등의 통계적 변화를 주장하는 내용이 아닙니다.",high,hcx,HCX-007,isclaim-v1.3-prev2-context,2026-07-30
A0050-C001,A0050,"""직장 하나론 소득 빠듯"" 너도나도 N잡러 시대, 직장인 부업 성공하려면",2025-01-04,https://www.chosun.com/economy/realty/investment_trends/2025/01/04/DKW3MEMILT2EXU3BFRNPMHNPWE,글=권강수 상가의신 대표(땅집고) 정리=김리영 기자(땅집고) 입력 2025.01.04. 07:30 업데이트 2025.01.04. 07:31 0 [권강수의 상가투자 꿀팁] ‘N잡러’로 창업해 성공하고 싶다면 이것만은 알아야 [땅집고] 요즘 많은 직장인이 속칭 'N잡러' 생활을 하고 있다는 뉴스가 나온다.,,,False,"현재 문장은 N잡러 생활에 대한 일반적인 뉴스 정보 제공으로, 수치나 통계적인 변화를 주장하지 않습니다.",high,hcx,HCX-007,isclaim-v1.3-prev2-context,2026-07-30
A0050-C002,A0050,"""직장 하나론 소득 빠듯"" 너도나도 N잡러 시대, 직장인 부업 성공하려면",2025-01-04,https://www.chosun.com/economy/realty/investment_trends/2025/01/04/DKW3MEMILT2EXU3BFRNPMHNPWE,통계청 자료에 따르면 국내 부업자 수는 2023년 1분기 45만명에서 2024년 1분기 55만 명대로 20% 이상 증가했다.,글=권강수 상가의신 대표(땅집고) 정리=김리영 기자(땅집고) 입력 2025.01.04. 07:30 업데이트 2025.01.04. 07:31 0 [권강수의 상가투자 꿀팁] ‘N잡러’로 창업해 성공하고 싶다면 이것만은 알아야 [땅집고] 요즘 많은 직장인이 속칭 'N잡러' 생활을 하고 있다는 뉴스가 나온다.,,True,"국내 부업자 수가 2023년 1분기에서 2024년 1분기로 증가한 것을 통계청 자료로 주장하고 있으며, 이는 KOSIS를 통해 검증 가능한 국내 집계 통계 정보임.",high,hcx,HCX-007,isclaim-v1.3-prev2-context,2026-07-30
A0050-C003,A0050,"""직장 하나론 소득 빠듯"" 너도나도 N잡러 시대, 직장인 부업 성공하려면",2025-01-04,https://www.chosun.com/economy/realty/investment_trends/2025/01/04/DKW3MEMILT2EXU3BFRNPMHNPWE,단순히 회사에 다니면서 월급만 받으며 생활하기에는 부족함을 느끼는 직장인이 많다는 것이다.,통계청 자료에 따르면 국내 부업자 수는 2023년 1분기 45만명에서 2024년 1분기 55만 명대로 20% 이상 증가했다.,글=권강수 상가의신 대표(땅집고) 정리=김리영 기자(땅집고) 입력 2025.01.04. 07:30 업데이트 2025.01.04. 07:31 0 [권강수의 상가투자 꿀팁] ‘N잡러’로 창업해 성공하고 싶다면 이것만은 알아야 [땅집고] 요즘 많은 직장인이 속칭 'N잡러' 생활을 하고 있다는 뉴스가 나온다.,False,"현재 문장은 단순한 의견 표현으로, 구체적인 수치나 통계적 변화를 주장하지 않습니다.",high,hcx,HCX-007,isclaim-v1.3-prev2-context,2026-07-30
A0050-C004,A0050,"""직장 하나론 소득 빠듯"" 너도나도 N잡러 시대, 직장인 부업 성공하려면",2025-01-04,https://www.chosun.com/economy/realty/investment_trends/2025/01/04/DKW3MEMILT2EXU3BFRNPMHNPWE,여기에 주 5일제 정착 영향으로 여유시간이 많이 늘어난 것도 N잡러 증가 원인 중 하나인 것으로 보인다.,단순히 회사에 다니면서 월급만 받으며 생활하기에는 부족함을 느끼는 직장인이 많다는 것이다.,통계청 자료에 따르면 국내 부업자 수는 2023년 1분기 45만명에서 2024년 1분기 55만 명대로 20% 이상 증가했다.,False,"주어진 문장은 주 5일제의 정착으로 인해 여유 시간이 늘어났다는 내용을 포함하지만, 이는 구체적인 수치나 비율 등의 통계적 주장을 담고 있지 않습니다.",high,hcx,HCX-007,isclaim-v1.3-prev2-context,2026-07-30
A0050-C005,A0050,"""직장 하나론 소득 빠듯"" 너도나도 N잡러 시대, 직장인 부업 성공하려면",2025-01-04,https://www.chosun.com/economy/realty/investment_trends/2025/01/04/DKW3MEMILT2EXU3BFRNPMHNPWE,"[ ☞당신의 아파트 MBTI, 조선일보 AI부동산에서 확인하기 ] 일반적인 N잡 형태로 많이 거론되는 것은 배달대행이나 대리운전이 있다.",여기에 주 5일제 정착 영향으로 여유시간이 많이 늘어난 것도 N잡러 증가 원인 중 하나인 것으로 보인다.,단순히 회사에 다니면서 월급만 받으며 생활하기에는 부족함을 느끼는 직장인이 많다는 것이다.,False,"현재 문장은 N잡러가 되는 이유로 배달대행이나 대리운전을 언급하지만, 이는 단순한 직업 형태를 나열하는 것이며, 수치나 통계적인 변화를 주장하는 내용이 아닙니다.",high,hcx,HCX-007,isclaim-v1.3-prev2-context,2026-07-30
A0050-C006,A0050,"""직장 하나론 소득 빠듯"" 너도나도 N잡러 시대, 직장인 부업 성공하려면",2025-01-04,https://www.chosun.com/economy/realty/investment_trends/2025/01/04/DKW3MEMILT2EXU3BFRNPMHNPWE,앱 테크 등도 소소한 N잡으로 꼽힌다.,"[ ☞당신의 아파트 MBTI, 조선일보 AI부동산에서 확인하기 ] 일반적인 N잡 형태로 많이 거론되는 것은 배달대행이나 대리운전이 있다.",여기에 주 5일제 정착 영향으로 여유시간이 많이 늘어난 것도 N잡러 증가 원인 중 하나인 것으로 보인다.,False,"앱 테크를 N잡으로 언급하는 단순한 정보 제공이므로, 이는 KOSIS 통계로 검증 가능한 수치나 통계적 변화를 주장하지 않는다.",high,hcx,HCX-007,isclaim-v1.3-prev2-context,2026-07-30
A0050-C007,A0050,"""직장 하나론 소득 빠듯"" 너도나도 N잡러 시대, 직장인 부업 성공하려면",2025-01-04,https://www.chosun.com/economy/realty/investment_trends/2025/01/04/DKW3MEMILT2EXU3BFRNPMHNPWE,창업시장과 연관된 N잡으로는 무인점포·커피숍 등 점포와 쇼핑몰 운영이 꼽힌다.,앱 테크 등도 소소한 N잡으로 꼽힌다.,"[ ☞당신의 아파트 MBTI, 조선일보 AI부동산에서 확인하기 ] 일반적인 N잡 형태로 많이 거론되는 것은 배달대행이나 대리운전이 있다.",False,"현재 문장은 N잡 형태 중 하나로 무인점포나 커피숍 등의 운영을 언급하지만, 이는 특정한 수치나 통계적인 변화를 주장하는 것이 아니므로 KOSIS를 통해 검증할 필요가 없습니다.",high,hcx,HCX-007,isclaim-v1.3-prev2-context,2026-07-30
A0050-C008,A0050,"""직장 하나론 소득 빠듯"" 너도나도 N잡러 시대, 직장인 부업 성공하려면",2025-01-04,https://www.chosun.com/economy/realty/investment_trends/2025/01/04/DKW3MEMILT2EXU3BFRNPMHNPWE,이 중 쇼핑몰 운영이 상가·창업 시장에 속한다고 보는 이유는 궁극적으로 사업자등록을 하게 되는 일이 많으며 사업이 연속적으로 이어지면서 발전하는 경우 창고나 오프라인 점포를 운영하는 일이 상당하기 때문이다.,창업시장과 연관된 N잡으로는 무인점포·커피숍 등 점포와 쇼핑몰 운영이 꼽힌다.,앱 테크 등도 소소한 N잡으로 꼽힌다.,False,"현재 문장은 쇼핑몰 운영이 상가 및 창업 시장에 속한다는 이유를 설명하고 있으며, 이는 단순한 의견이나 원인 설명이므로 KOSIS 통계로 검증 가능한 수치나 통계적 변화를 주장하지 않습니다.",high,hcx,HCX-007,isclaim-v1.3-prev2-context,2026-07-30
A0050-C009,A0050,"""직장 하나론 소득 빠듯"" 너도나도 N잡러 시대, 직장인 부업 성공하려면",2025-01-04,https://www.chosun.com/economy/realty/investment_trends/2025/01/04/DKW3MEMILT2EXU3BFRNPMHNPWE,실제 주변에서도 N잡으로 온라인 쇼핑몰을 운영하다가 정식으로 사업자등록을 한 후 오프라인 점포를 운영하는 경우를 많이 본다.,이 중 쇼핑몰 운영이 상가·창업 시장에 속한다고 보는 이유는 궁극적으로 사업자등록을 하게 되는 일이 많으며 사업이 연속적으로 이어지면서 발전하는 경우 창고나 오프라인 점포를 운영하는 일이 상당하기 때문이다.,창업시장과 연관된 N잡으로는 무인점포·커피숍 등 점포와 쇼핑몰 운영이 꼽힌다.,False,"현재 문장은 N잡으로 온라인 쇼핑몰을 운영하다가 정식으로 사업자등록을 하고 오프라인 점포를 운영하는 사례에 대한 일반적인 관찰을 담고 있으며, 이는 특정한 수치나 통계적인 변화를 주장하는 것이 아닙니다.",high,hcx,HCX-007,isclaim-v1.3-prev2-context,2026-07-30
A0050-C010,A0050,"""직장 하나론 소득 빠듯"" 너도나도 N잡러 시대, 직장인 부업 성공하려면",2025-01-04,https://www.chosun.com/economy/realty/investment_trends/2025/01/04/DKW3MEMILT2EXU3BFRNPMHNPWE,"또, 수입이 늘어나면서 다니던 직장을 그만두고 쇼핑몰에 전념하는 이들도 적지 않다.",실제 주변에서도 N잡으로 온라인 쇼핑몰을 운영하다가 정식으로 사업자등록을 한 후 오프라인 점포를 운영하는 경우를 많이 본다.,이 중 쇼핑몰 운영이 상가·창업 시장에 속한다고 보는 이유는 궁극적으로 사업자등록을 하게 되는 일이 많으며 사업이 연속적으로 이어지면서 발전하는 경우 창고나 오프라인 점포를 운영하는 일이 상당하기 때문이다.,False,"현재 문장은 수입이 늘어나는 것에 대한 구체적인 수치나 비율을 언급하지 않고 있으며, 단순한 관찰 내용을 서술하고 있다.",high,hcx,HCX-007,isclaim-v1.3-prev2-context,2026-07-30
A0050-C011,A0050,"""직장 하나론 소득 빠듯"" 너도나도 N잡러 시대, 직장인 부업 성공하려면",2025-01-04,https://www.chosun.com/economy/realty/investment_trends/2025/01/04/DKW3MEMILT2EXU3BFRNPMHNPWE,반면 많은 쇼핑몰 운영자가 이 단계까지 가지 못하고 사업을 접는 경우가 많다.,"또, 수입이 늘어나면서 다니던 직장을 그만두고 쇼핑몰에 전념하는 이들도 적지 않다.",실제 주변에서도 N잡으로 온라인 쇼핑몰을 운영하다가 정식으로 사업자등록을 한 후 오프라인 점포를 운영하는 경우를 많이 본다.,False,"현재 문장은 쇼핑몰 운영자의 사업 지속 여부에 대한 일반적인 관찰을 담고 있으며, 이는 특정한 수치나 통계적 변화를 주장하는 것이 아닙니다.",high,hcx,HCX-007,isclaim-v1.3-prev2-context,2026-07-30
A0050-C012,A0050,"""직장 하나론 소득 빠듯"" 너도나도 N잡러 시대, 직장인 부업 성공하려면",2025-01-04,https://www.chosun.com/economy/realty/investment_trends/2025/01/04/DKW3MEMILT2EXU3BFRNPMHNPWE,이는 쇼핑몰이 당장 권리금이나 임대료 부담이 크지 않아 비교적 쉽게 진입할 수 있는 탓이기도 하다.,반면 많은 쇼핑몰 운영자가 이 단계까지 가지 못하고 사업을 접는 경우가 많다.,"또, 수입이 늘어나면서 다니던 직장을 그만두고 쇼핑몰에 전념하는 이들도 적지 않다.",False,"현재 문장은 쇼핑몰의 진입 장벽에 대한 설명을 하고 있으며, 수치나 통계적인 변화를 주장하지 않습니다.",high,hcx,HCX-007,isclaim-v1.3-prev2-context,2026-07-30
A0050-C013,A0050,"""직장 하나론 소득 빠듯"" 너도나도 N잡러 시대, 직장인 부업 성공하려면",2025-01-04,https://www.chosun.com/economy/realty/investment_trends/2025/01/04/DKW3MEMILT2EXU3BFRNPMHNPWE,■ 소액 창업 가능…잘 아는 분야 파고들어야 N잡으로서의 온라인 쇼핑몰 창업의 장점을 꼽는다면 소액 창업이 충분히 가능하다는 것이다.,이는 쇼핑몰이 당장 권리금이나 임대료 부담이 크지 않아 비교적 쉽게 진입할 수 있는 탓이기도 하다.,반면 많은 쇼핑몰 운영자가 이 단계까지 가지 못하고 사업을 접는 경우가 많다.,False,"현재 문장은 온라인 쇼핑몰 창업의 장점 중 하나인 소액 창업 가능성을 언급하고 있으며, 이는 수치나 통계적인 변화를 주장하는 것이 아닙니다.",high,hcx,HCX-007,isclaim-v1.3-prev2-context,2026-07-30
A0050-C014,A0050,"""직장 하나론 소득 빠듯"" 너도나도 N잡러 시대, 직장인 부업 성공하려면",2025-01-04,https://www.chosun.com/economy/realty/investment_trends/2025/01/04/DKW3MEMILT2EXU3BFRNPMHNPWE,코로나 팬데믹을 계기로 온라인 쇼핑족이 늘어난 것도 쇼핑몰 창업을 불러일으키는 요소다.,■ 소액 창업 가능…잘 아는 분야 파고들어야 N잡으로서의 온라인 쇼핑몰 창업의 장점을 꼽는다면 소액 창업이 충분히 가능하다는 것이다.,이는 쇼핑몰이 당장 권리금이나 임대료 부담이 크지 않아 비교적 쉽게 진입할 수 있는 탓이기도 하다.,False,"코로나 팬데믹을 계기로 온라인 쇼핑족이 늘어났다는 것은 단순한 원인 설명이지, 구체적인 수치나 통계적 변화를 주장하는 것이 아닙니다.",high,hcx,HCX-007,isclaim-v1.3-prev2-context,2026-07-30
A0050-C015,A0050,"""직장 하나론 소득 빠듯"" 너도나도 N잡러 시대, 직장인 부업 성공하려면",2025-01-04,https://www.chosun.com/economy/realty/investment_trends/2025/01/04/DKW3MEMILT2EXU3BFRNPMHNPWE,온라인 쇼핑이 증가하는 상황에서 창업자금도 상대적으로 적게 들고 창업 과정도 어렵지 않으니 실제 관심도가 높은 것이다.,코로나 팬데믹을 계기로 온라인 쇼핑족이 늘어난 것도 쇼핑몰 창업을 불러일으키는 요소다.,■ 소액 창업 가능…잘 아는 분야 파고들어야 N잡으로서의 온라인 쇼핑몰 창업의 장점을 꼽는다면 소액 창업이 충분히 가능하다는 것이다.,False,"현재 문장은 온라인 쇼핑 및 창업 과정에 대한 일반적인 설명을 하고 있으며, 구체적인 수치나 통계적인 변화를 주장하지 않습니다.",high,hcx,HCX-007,isclaim-v1.3-prev2-context,2026-07-30
A0050-C016,A0050,"""직장 하나론 소득 빠듯"" 너도나도 N잡러 시대, 직장인 부업 성공하려면",2025-01-04,https://www.chosun.com/economy/realty/investment_trends/2025/01/04/DKW3MEMILT2EXU3BFRNPMHNPWE,"그런데 부업 쇼핑몰 운영자들을 살펴보면 매달 투입되는 금액이나 시간이 상대적으로 적어서인지, 아니면 투잡이기에 절실함이 떨어져서인지 느슨하게 운영하는 사례가 많다.",온라인 쇼핑이 증가하는 상황에서 창업자금도 상대적으로 적게 들고 창업 과정도 어렵지 않으니 실제 관심도가 높은 것이다.,코로나 팬데믹을 계기로 온라인 쇼핑족이 늘어난 것도 쇼핑몰 창업을 불러일으키는 요소다.,False,느슨하게 운영하는 사례에 대한 구체적인 수치나 통계적 변화를 언급하지 않고 있다.,high,hcx,HCX-007,isclaim-v1.3-prev2-context,2026-07-30
A0050-C017,A0050,"""직장 하나론 소득 빠듯"" 너도나도 N잡러 시대, 직장인 부업 성공하려면",2025-01-04,https://www.chosun.com/economy/realty/investment_trends/2025/01/04/DKW3MEMILT2EXU3BFRNPMHNPWE,그렇게 흐지부지 운영되다가 결국 중도에 폐쇄하는 것이다.,"그런데 부업 쇼핑몰 운영자들을 살펴보면 매달 투입되는 금액이나 시간이 상대적으로 적어서인지, 아니면 투잡이기에 절실함이 떨어져서인지 느슨하게 운영하는 사례가 많다.",온라인 쇼핑이 증가하는 상황에서 창업자금도 상대적으로 적게 들고 창업 과정도 어렵지 않으니 실제 관심도가 높은 것이다.,False,"흐지부지 운영되다가 중도에 폐쇄된다는 것은 단순한 의견이나 평가로서, 특정한 수치나 통계적인 변화를 주장하지 않는다.",high,hcx,HCX-007,isclaim-v1.3-prev2-context,2026-07-30
A0050-C018,A0050,"""직장 하나론 소득 빠듯"" 너도나도 N잡러 시대, 직장인 부업 성공하려면",2025-01-04,https://www.chosun.com/economy/realty/investment_trends/2025/01/04/DKW3MEMILT2EXU3BFRNPMHNPWE,[ ☞아직도 발품파세요? AI가 찾아주는 나에게 딱 맞는 아파트 ],그렇게 흐지부지 운영되다가 결국 중도에 폐쇄하는 것이다.,"그런데 부업 쇼핑몰 운영자들을 살펴보면 매달 투입되는 금액이나 시간이 상대적으로 적어서인지, 아니면 투잡이기에 절실함이 떨어져서인지 느슨하게 운영하는 사례가 많다.",False,"현재 문장은 AI가 추천해주는 아파트 관련 내용으로, 수치나 통계적인 변화를 주장하는 내용이 아닙니다.",high,hcx,HCX-007,isclaim-v1.3-prev2-context,2026-07-30
A0050-C019,A0050,"""직장 하나론 소득 빠듯"" 너도나도 N잡러 시대, 직장인 부업 성공하려면",2025-01-04,https://www.chosun.com/economy/realty/investment_trends/2025/01/04/DKW3MEMILT2EXU3BFRNPMHNPWE,온라인 창업 또한 N잡 형태라고 해도 오프라인 점포 운영 못지않은 마음가짐을 가져야 한다.,[ ☞아직도 발품파세요? AI가 찾아주는 나에게 딱 맞는 아파트 ],그렇게 흐지부지 운영되다가 결국 중도에 폐쇄하는 것이다.,False,"현재 문장은 온라인 창업에 대한 조언이지, 수치나 통계적인 변화를 주장하는 내용이 아닙니다.",high,hcx,HCX-007,isclaim-v1.3-prev2-context,2026-07-30
A0050-C020,A0050,"""직장 하나론 소득 빠듯"" 너도나도 N잡러 시대, 직장인 부업 성공하려면",2025-01-04,https://www.chosun.com/economy/realty/investment_trends/2025/01/04/DKW3MEMILT2EXU3BFRNPMHNPWE,"사입, 등록, 판매, C/S, 배송, 게시판 관리 등 전 과정을 소홀히 해서는 안된다.",온라인 창업 또한 N잡 형태라고 해도 오프라인 점포 운영 못지않은 마음가짐을 가져야 한다.,[ ☞아직도 발품파세요? AI가 찾아주는 나에게 딱 맞는 아파트 ],False,"현재 문장은 온라인 창업을 할 때 각 과정에 대한 중요성을 강조하는 내용으로, 수치나 통계적인 변화를 주장하지 않습니다.",high,hcx,HCX-007,isclaim-v1.3-prev2-context,2026-07-30
A0050-C021,A0050,"""직장 하나론 소득 빠듯"" 너도나도 N잡러 시대, 직장인 부업 성공하려면",2025-01-04,https://www.chosun.com/economy/realty/investment_trends/2025/01/04/DKW3MEMILT2EXU3BFRNPMHNPWE,일부는 대행업체에 맡기면 된다고 하는데 그만큼 비용이 발생할뿐더러 쇼핑몰 시장에 ‘오토는 없다’라는 속설이 있다.,"사입, 등록, 판매, C/S, 배송, 게시판 관리 등 전 과정을 소홀히 해서는 안된다.",온라인 창업 또한 N잡 형태라고 해도 오프라인 점포 운영 못지않은 마음가짐을 가져야 한다.,False,"현재 문장은 온라인 쇼핑몰 운영에 대한 일반적인 조언 및 경험담을 담고 있으며, 수치나 통계적인 변화를 주장하는 내용이 아닙니다.",high,hcx,HCX-007,isclaim-v1.3-prev2-context,2026-07-30
A0050-C022,A0050,"""직장 하나론 소득 빠듯"" 너도나도 N잡러 시대, 직장인 부업 성공하려면",2025-01-04,https://www.chosun.com/economy/realty/investment_trends/2025/01/04/DKW3MEMILT2EXU3BFRNPMHNPWE,그만큼 주인이 신경을 써야 제대로 돌아간다.,일부는 대행업체에 맡기면 된다고 하는데 그만큼 비용이 발생할뿐더러 쇼핑몰 시장에 ‘오토는 없다’라는 속설이 있다.,"사입, 등록, 판매, C/S, 배송, 게시판 관리 등 전 과정을 소홀히 해서는 안된다.",False,"현재 문장은 쇼핑몰 운영에 대한 일반적인 조언이지, 수치나 통계적인 변화를 주장하는 내용이 아닙니다.",high,hcx,HCX-007,isclaim-v1.3-prev2-context,2026-07-30
A0050-C023,A0050,"""직장 하나론 소득 빠듯"" 너도나도 N잡러 시대, 직장인 부업 성공하려면",2025-01-04,https://www.chosun.com/economy/realty/investment_trends/2025/01/04/DKW3MEMILT2EXU3BFRNPMHNPWE,초기 투자금이나 창업 과정에서 진입장벽이 낮아 경쟁률이 치열한만큼 부업이라도 제대로 각오를 다지고 뛰어들어야 할 것이다.,그만큼 주인이 신경을 써야 제대로 돌아간다.,일부는 대행업체에 맡기면 된다고 하는데 그만큼 비용이 발생할뿐더러 쇼핑몰 시장에 ‘오토는 없다’라는 속설이 있다.,False,"현재 문장은 초기 투자금 및 창업 과정에서의 어려움과 관련된 일반적인 조언이므로, 수치나 통계적인 변화를 주장하지 않습니다.",high,hcx,HCX-007,isclaim-v1.3-prev2-context,2026-07-30
A0050-C024,A0050,"""직장 하나론 소득 빠듯"" 너도나도 N잡러 시대, 직장인 부업 성공하려면",2025-01-04,https://www.chosun.com/economy/realty/investment_trends/2025/01/04/DKW3MEMILT2EXU3BFRNPMHNPWE,궁극적으로는 조만간 오프라인 점포 개설 등 꿈을 크게 가지는 것이 좋으며 가급적 시작 단계부터 온라인 창업컨설턴트 등 관련 전문가로부터 조언을 구하는 것이 바람직하다.,초기 투자금이나 창업 과정에서 진입장벽이 낮아 경쟁률이 치열한만큼 부업이라도 제대로 각오를 다지고 뛰어들어야 할 것이다.,그만큼 주인이 신경을 써야 제대로 돌아간다.,False,현재 문장은 창업을 준비하거나 운영하는 방법에 대한 조언이므로 수치나 통계적인 변화를 주장하지 않습니다.,high,hcx,HCX-007,isclaim-v1.3-prev2-context,2026-07-30
A0050-C025,A0050,"""직장 하나론 소득 빠듯"" 너도나도 N잡러 시대, 직장인 부업 성공하려면",2025-01-04,https://www.chosun.com/economy/realty/investment_trends/2025/01/04/DKW3MEMILT2EXU3BFRNPMHNPWE,■투잡 허용 여부와 세금 문제 잘 살필 것 또 한 가지 이야기하고 싶은 것은 N잡이 사내에서 허용되는지 살펴보아야 한다는 것이다.,궁극적으로는 조만간 오프라인 점포 개설 등 꿈을 크게 가지는 것이 좋으며 가급적 시작 단계부터 온라인 창업컨설턴트 등 관련 전문가로부터 조언을 구하는 것이 바람직하다.,초기 투자금이나 창업 과정에서 진입장벽이 낮아 경쟁률이 치열한만큼 부업이라도 제대로 각오를 다지고 뛰어들어야 할 것이다.,False,"현재 문장은 투잡 허용 여부와 세금 문제에 대한 조언이므로, 이는 KOSIS 통계와 관련이 없습니다.",high,hcx,HCX-007,isclaim-v1.3-prev2-context,2026-07-30
A0050-C026,A0050,"""직장 하나론 소득 빠듯"" 너도나도 N잡러 시대, 직장인 부업 성공하려면",2025-01-04,https://www.chosun.com/economy/realty/investment_trends/2025/01/04/DKW3MEMILT2EXU3BFRNPMHNPWE,사내 규정을 어기고 쇼핑몰을 운영하다가 징계를 받거나 자칫 본 업무에 지장을 줘 회사를 떠나야 하는 문제가 생기지 않도록 사내규정을 철절하게 확인해야 한다.,■투잡 허용 여부와 세금 문제 잘 살필 것 또 한 가지 이야기하고 싶은 것은 N잡이 사내에서 허용되는지 살펴보아야 한다는 것이다.,궁극적으로는 조만간 오프라인 점포 개설 등 꿈을 크게 가지는 것이 좋으며 가급적 시작 단계부터 온라인 창업컨설턴트 등 관련 전문가로부터 조언을 구하는 것이 바람직하다.,False,"현재 문장은 사내 규정 위반 시의 결과에 대한 경고로서, 특정한 수치나 통계적인 변화를 주장하지 않습니다.",high,hcx,HCX-007,isclaim-v1.3-prev2-context,2026-07-30
A0050-C027,A0050,"""직장 하나론 소득 빠듯"" 너도나도 N잡러 시대, 직장인 부업 성공하려면",2025-01-04,https://www.chosun.com/economy/realty/investment_trends/2025/01/04/DKW3MEMILT2EXU3BFRNPMHNPWE,[ ☞AI가 매칭해 준 내 라이프 스타일에 맞는 집은 어디?! ],사내 규정을 어기고 쇼핑몰을 운영하다가 징계를 받거나 자칫 본 업무에 지장을 줘 회사를 떠나야 하는 문제가 생기지 않도록 사내규정을 철절하게 확인해야 한다.,■투잡 허용 여부와 세금 문제 잘 살필 것 또 한 가지 이야기하고 싶은 것은 N잡이 사내에서 허용되는지 살펴보아야 한다는 것이다.,False,"현재 문장은 AI가 매칭해주는 집에 대한 내용으로, 수치나 통계적인 변화를 주장하는 내용이 아닙니다.",high,hcx,HCX-007,isclaim-v1.3-prev2-context,2026-07-30
A0050-C028,A0050,"""직장 하나론 소득 빠듯"" 너도나도 N잡러 시대, 직장인 부업 성공하려면",2025-01-04,https://www.chosun.com/economy/realty/investment_trends/2025/01/04/DKW3MEMILT2EXU3BFRNPMHNPWE,세금 문제를 잘 살피고 사업자등록을 하는 경우 업종이나 매출에 따라 간이 또는 일반사업자로 내야 하는 부분도 잘 판단할 필요가 있다.,[ ☞AI가 매칭해 준 내 라이프 스타일에 맞는 집은 어디?! ],사내 규정을 어기고 쇼핑몰을 운영하다가 징계를 받거나 자칫 본 업무에 지장을 줘 회사를 떠나야 하는 문제가 생기지 않도록 사내규정을 철절하게 확인해야 한다.,False,세금 문제 및 사업자 등록 관련 조언이므로 KOSIS 통계와 관련이 없다.,high,hcx,HCX-007,isclaim-v1.3-prev2-context,2026-07-30
A0050-C029,A0050,"""직장 하나론 소득 빠듯"" 너도나도 N잡러 시대, 직장인 부업 성공하려면",2025-01-04,https://www.chosun.com/economy/realty/investment_trends/2025/01/04/DKW3MEMILT2EXU3BFRNPMHNPWE,"적지 않은 직장인들이 쇼핑몰로 부수입을 거두고 있는데, 도전의식이 생길 경우 평소 잘 아는 분야 중심으로 유리한 위치에서 처음부터 중·장기적으로 시장을 명확하게 인지하고 접근하는 것이 좋다.",세금 문제를 잘 살피고 사업자등록을 하는 경우 업종이나 매출에 따라 간이 또는 일반사업자로 내야 하는 부분도 잘 판단할 필요가 있다.,[ ☞AI가 매칭해 준 내 라이프 스타일에 맞는 집은 어디?! ],False,"현재 문장은 쇼핑몰 운영에 대한 조언을 담고 있으며, 이는 KOSIS 통계로 검증 가능한 수치나 통계적 변화를 주장하지 않는다.",high,hcx,HCX-007,isclaim-v1.3-prev2-context,2026-07-30
A0050-C030,A0050,"""직장 하나론 소득 빠듯"" 너도나도 N잡러 시대, 직장인 부업 성공하려면",2025-01-04,https://www.chosun.com/economy/realty/investment_trends/2025/01/04/DKW3MEMILT2EXU3BFRNPMHNPWE,"/ 글=권강수 상가의신 대표, 정리=김리영 땅집고 기자 rykimhp206@chosun.com Video Player is loading.","적지 않은 직장인들이 쇼핑몰로 부수입을 거두고 있는데, 도전의식이 생길 경우 평소 잘 아는 분야 중심으로 유리한 위치에서 처음부터 중·장기적으로 시장을 명확하게 인지하고 접근하는 것이 좋다.",세금 문제를 잘 살피고 사업자등록을 하는 경우 업종이나 매출에 따라 간이 또는 일반사업자로 내야 하는 부분도 잘 판단할 필요가 있다.,False,"현재 문장은 기사 작성일과 관련된 비디오 플레이어 로딩 상황에 대한 내용으로, 수치나 통계적인 변화를 주장하는 내용이 아닙니다.",high,hcx,HCX-007,isclaim-v1.3-prev2-context,2026-07-30
A0050-C031,A0050,"""직장 하나론 소득 빠듯"" 너도나도 N잡러 시대, 직장인 부업 성공하려면",2025-01-04,https://www.chosun.com/economy/realty/investment_trends/2025/01/04/DKW3MEMILT2EXU3BFRNPMHNPWE,"Current Time 0:00 / Duration 1:37 Loaded : 4.12% 0:00 Stream Type LIVE Remaining Time - 1:37 1x Chapters descriptions off , selected subtitles settings , opens subtitles settings dialog subtitles off , selected Ladin , selected This is a modal window.","/ 글=권강수 상가의신 대표, 정리=김리영 땅집고 기자 rykimhp206@chosun.com Video Player is loading.","적지 않은 직장인들이 쇼핑몰로 부수입을 거두고 있는데, 도전의식이 생길 경우 평소 잘 아는 분야 중심으로 유리한 위치에서 처음부터 중·장기적으로 시장을 명확하게 인지하고 접근하는 것이 좋다.",False,"현재 문장은 비디오 플레이어 관련 정보로, 수치나 통계적인 주장을 포함하지 않습니다.",high,hcx,HCX-007,isclaim-v1.3-prev2-context,2026-07-30
A0050-C032,A0050,"""직장 하나론 소득 빠듯"" 너도나도 N잡러 시대, 직장인 부업 성공하려면",2025-01-04,https://www.chosun.com/economy/realty/investment_trends/2025/01/04/DKW3MEMILT2EXU3BFRNPMHNPWE,Beginning of dialog window.,"Current Time 0:00 / Duration 1:37 Loaded : 4.12% 0:00 Stream Type LIVE Remaining Time - 1:37 1x Chapters descriptions off , selected subtitles settings , opens subtitles settings dialog subtitles off , selected Ladin , selected This is a modal window.","/ 글=권강수 상가의신 대표, 정리=김리영 땅집고 기자 rykimhp206@chosun.com Video Player is loading.",False,"현재 문장은 대화 창 시작 부분으로, 수치나 통계적인 주장을 포함하지 않습니다.",high,hcx,HCX-007,isclaim-v1.3-prev2-context,2026-07-30
A0050-C033,A0050,"""직장 하나론 소득 빠듯"" 너도나도 N잡러 시대, 직장인 부업 성공하려면",2025-01-04,https://www.chosun.com/economy/realty/investment_trends/2025/01/04/DKW3MEMILT2EXU3BFRNPMHNPWE,Escape will cancel and close the window.,Beginning of dialog window.,"Current Time 0:00 / Duration 1:37 Loaded : 4.12% 0:00 Stream Type LIVE Remaining Time - 1:37 1x Chapters descriptions off , selected subtitles settings , opens subtitles settings dialog subtitles off , selected Ladin , selected This is a modal window.",False,"현재 문장은 단순한 대화 창 닫기 안내문으로, 수치나 통계적인 변화를 주장하는 내용이 없습니다.",high,hcx,HCX-007,isclaim-v1.3-prev2-context,2026-07-30
A0050-C034,A0050,"""직장 하나론 소득 빠듯"" 너도나도 N잡러 시대, 직장인 부업 성공하려면",2025-01-04,https://www.chosun.com/economy/realty/investment_trends/2025/01/04/DKW3MEMILT2EXU3BFRNPMHNPWE,Text Color White Black Red Green Blue Yellow Magenta Cyan Transparency Opaque Semi-Transparent Background Color Black White Red Green Blue Yellow Magenta Cyan Transparency Opaque Semi-Transparent Transparent Window Color Black White Red Green Blue Yellow Magenta Cyan Transparency Transparent Semi-Transparent Opaque Font Size 50% 75% 100% 125% 150% 175% 200% 300% 400% Text Edge Style None Raised Depressed Uniform Dropshadow Font Family Proportional Sans-Serif Monospace Sans-Serif Proportional Serif Monospace Serif Casual Script Small Caps End of dialog window.,Escape will cancel and close the window.,Beginning of dialog window.,False,"현재 문장은 텍스트 색상 및 스타일에 대한 설정 정보를 나열하고 있으며, 이는 수치나 통계적인 정보와는 관련이 없습니다.",high,hcx,HCX-007,isclaim-v1.3-prev2-context,2026-07-30
