claim_id,article_id,title,date,url,paragraph_id,paragraph_sentence_index,paragraph_count,claim_text,prev_sentence,prev_prev_sentence,next_sentence,is_claim,is_claim_reason,is_claim_confidence,is_claim_method,extraction_model,prompt_version,extracted_at
A0001-C001,A0001,"어수선한 부동산 시장…""올 서울 집값 떨어지나요?"" 전문가 대답은",2025-01-04,https://www.chosun.com/economy/realty/investment_trends/2025/01/04/VVTAU7BYLMGCYVANP52PLMARRY,1,1,1,"[탄핵 이후 부동산 시장 대전망] 고준석 연세대 상남경영원 교수 “서울은 공급 감소 불가피…분양가·집값 다 오른다” [땅집고] ""올해 서울 집값은 2~3%, 경기도는 1~2% 정도 상승하겠지만 지방은 1~2% 하락할 것이다. 탄핵 정국은 환율 급등, 공사비 인상, 분양가 상승 등 가격 상승 불쏘시개가 될 가능성이 높다.""",,,"국내 1세대 은행 PB(프라이빗뱅킹) 출신 부동산 전문가로 꼽히는 고준석 연세대 경영전문대학원 상남경영원 교수는 땅집고 와 가진 인터뷰에서 ""올해는 서울·수도권에서도 서울과 가까운 지역, GTX(수도권광역급행철도) 개통으로 교통이 개선된 지역은 가격이 오를 것""이라며 ""공급 부족은 부동산 가격 상승의 가장 큰 원인이기 때문에 다주택자 보유 물건이 시장에 나와 가격 안정에 도움을 줄 수 있도록 세제 혜택이 필요하다""고 밝혔다.",False,"현재 문장은 전문가의 예측 및 의견을 담고 있으며, 이는 KOSIS에서 제공하는 공식적인 통계 자료와는 관련이 없습니다.",high,hcx,HCX-007,isclaim-v1.3-prev2-context,2026-08-05
A0001-C002,A0001,"어수선한 부동산 시장…""올 서울 집값 떨어지나요?"" 전문가 대답은",2025-01-04,https://www.chosun.com/economy/realty/investment_trends/2025/01/04/VVTAU7BYLMGCYVANP52PLMARRY,1,2,1,"국내 1세대 은행 PB(프라이빗뱅킹) 출신 부동산 전문가로 꼽히는 고준석 연세대 경영전문대학원 상남경영원 교수는 땅집고 와 가진 인터뷰에서 ""올해는 서울·수도권에서도 서울과 가까운 지역, GTX(수도권광역급행철도) 개통으로 교통이 개선된 지역은 가격이 오를 것""이라며 ""공급 부족은 부동산 가격 상승의 가장 큰 원인이기 때문에 다주택자 보유 물건이 시장에 나와 가격 안정에 도움을 줄 수 있도록 세제 혜택이 필요하다""고 밝혔다.","[탄핵 이후 부동산 시장 대전망] 고준석 연세대 상남경영원 교수 “서울은 공급 감소 불가피…분양가·집값 다 오른다” [땅집고] ""올해 서울 집값은 2~3%, 경기도는 1~2% 정도 상승하겠지만 지방은 1~2% 하락할 것이다. 탄핵 정국은 환율 급등, 공사비 인상, 분양가 상승 등 가격 상승 불쏘시개가 될 가능성이 높다.""",,"☞나에게 딱 맞는 아파트, AI가 찾아드립니다 ―",False,"현재 문장은 부동산 시장의 예측 및 정책 제안에 대한 의견을 담고 있으며, 구체적인 수치나 통계적 변화를 주장하지 않습니다.",high,hcx,HCX-007,isclaim-v1.3-prev2-context,2026-08-05
A0001-C003,A0001,"어수선한 부동산 시장…""올 서울 집값 떨어지나요?"" 전문가 대답은",2025-01-04,https://www.chosun.com/economy/realty/investment_trends/2025/01/04/VVTAU7BYLMGCYVANP52PLMARRY,1,3,1,"☞나에게 딱 맞는 아파트, AI가 찾아드립니다 ―","국내 1세대 은행 PB(프라이빗뱅킹) 출신 부동산 전문가로 꼽히는 고준석 연세대 경영전문대학원 상남경영원 교수는 땅집고 와 가진 인터뷰에서 ""올해는 서울·수도권에서도 서울과 가까운 지역, GTX(수도권광역급행철도) 개통으로 교통이 개선된 지역은 가격이 오를 것""이라며 ""공급 부족은 부동산 가격 상승의 가장 큰 원인이기 때문에 다주택자 보유 물건이 시장에 나와 가격 안정에 도움을 줄 수 있도록 세제 혜택이 필요하다""고 밝혔다.","[탄핵 이후 부동산 시장 대전망] 고준석 연세대 상남경영원 교수 “서울은 공급 감소 불가피…분양가·집값 다 오른다” [땅집고] ""올해 서울 집값은 2~3%, 경기도는 1~2% 정도 상승하겠지만 지방은 1~2% 하락할 것이다. 탄핵 정국은 환율 급등, 공사비 인상, 분양가 상승 등 가격 상승 불쏘시개가 될 가능성이 높다.""",올해 서울과 수도권 집값은 오를까.,False,"현재 문장은 AI 기술이 아파트를 추천해주는 서비스에 대한 내용으로, 수치나 통계적인 변화를 주장하는 내용이 아닙니다.",high,hcx,HCX-007,isclaim-v1.3-prev2-context,2026-08-05
A0001-C004,A0001,"어수선한 부동산 시장…""올 서울 집값 떨어지나요?"" 전문가 대답은",2025-01-04,https://www.chosun.com/economy/realty/investment_trends/2025/01/04/VVTAU7BYLMGCYVANP52PLMARRY,1,4,1,올해 서울과 수도권 집값은 오를까.,"☞나에게 딱 맞는 아파트, AI가 찾아드립니다 ―","국내 1세대 은행 PB(프라이빗뱅킹) 출신 부동산 전문가로 꼽히는 고준석 연세대 경영전문대학원 상남경영원 교수는 땅집고 와 가진 인터뷰에서 ""올해는 서울·수도권에서도 서울과 가까운 지역, GTX(수도권광역급행철도) 개통으로 교통이 개선된 지역은 가격이 오를 것""이라며 ""공급 부족은 부동산 가격 상승의 가장 큰 원인이기 때문에 다주택자 보유 물건이 시장에 나와 가격 안정에 도움을 줄 수 있도록 세제 혜택이 필요하다""고 밝혔다.",“서울은 상승할 것이라고 본다. 수도권에서도 서울 접경 지역이나 GTX 효과로 교통 환경이 개선되는 곳은 상승할 것이다. 나머지 지역은 조금 떨어질 수도 있을 것이라고 본다. 수치적으로 보면 서울은 2~3% 정도 상승할 것이다. 경기도는 외곽 지역의 경우 하락 가능성도 있기 때문에 종합적으로 1~2% 정도 오를 것이다. 지방은 보합 수준이거나 1~2% 정도 하락할 것으로 보고 있다.” ―,False,"현재 문장은 단순한 질문 형태로, 구체적인 수치나 비율 등의 통계적 변화를 주장하지 않습니다.",high,hcx,HCX-007,isclaim-v1.3-prev2-context,2026-08-05
A0001-C005,A0001,"어수선한 부동산 시장…""올 서울 집값 떨어지나요?"" 전문가 대답은",2025-01-04,https://www.chosun.com/economy/realty/investment_trends/2025/01/04/VVTAU7BYLMGCYVANP52PLMARRY,1,5,1,“서울은 상승할 것이라고 본다. 수도권에서도 서울 접경 지역이나 GTX 효과로 교통 환경이 개선되는 곳은 상승할 것이다. 나머지 지역은 조금 떨어질 수도 있을 것이라고 본다. 수치적으로 보면 서울은 2~3% 정도 상승할 것이다. 경기도는 외곽 지역의 경우 하락 가능성도 있기 때문에 종합적으로 1~2% 정도 오를 것이다. 지방은 보합 수준이거나 1~2% 정도 하락할 것으로 보고 있다.” ―,올해 서울과 수도권 집값은 오를까.,"☞나에게 딱 맞는 아파트, AI가 찾아드립니다 ―",수도권은 주택 공급이 줄고 있는데.,True,"현재 문장은 서울과 수도권의 집값 상승 및 하락 예측에 대한 구체적인 수치와 비율을 포함하고 있으며, 이는 국가통계포털(KOSIS)에서 관련 통계를 통해 검증할 수 있는 내용이다.",high,hcx,HCX-007,isclaim-v1.3-prev2-context,2026-08-05
A0001-C006,A0001,"어수선한 부동산 시장…""올 서울 집값 떨어지나요?"" 전문가 대답은",2025-01-04,https://www.chosun.com/economy/realty/investment_trends/2025/01/04/VVTAU7BYLMGCYVANP52PLMARRY,1,6,1,수도권은 주택 공급이 줄고 있는데.,“서울은 상승할 것이라고 본다. 수도권에서도 서울 접경 지역이나 GTX 효과로 교통 환경이 개선되는 곳은 상승할 것이다. 나머지 지역은 조금 떨어질 수도 있을 것이라고 본다. 수치적으로 보면 서울은 2~3% 정도 상승할 것이다. 경기도는 외곽 지역의 경우 하락 가능성도 있기 때문에 종합적으로 1~2% 정도 오를 것이다. 지방은 보합 수준이거나 1~2% 정도 하락할 것으로 보고 있다.” ―,올해 서울과 수도권 집값은 오를까.,“공급 부족은 가격 상승에 가장 큰 원인이다. 결국은 다주택자들이 가지고 있는 물건이 시장에 나올 수 있도록 세금 규제가 아닌 완화 정책이 필요하다. 매물이 순환될 수 있도록 해줘야 가격 안정에 도움이 될 것이다.” ―,False,"주어진 문장은 수도권의 주택 공급 상황에 대한 단순한 서술로서, 구체적인 수치나 비율 등의 통계적 변화를 주장하지 않습니다.",high,hcx,HCX-007,isclaim-v1.3-prev2-context,2026-08-05
A0001-C007,A0001,"어수선한 부동산 시장…""올 서울 집값 떨어지나요?"" 전문가 대답은",2025-01-04,https://www.chosun.com/economy/realty/investment_trends/2025/01/04/VVTAU7BYLMGCYVANP52PLMARRY,1,7,1,“공급 부족은 가격 상승에 가장 큰 원인이다. 결국은 다주택자들이 가지고 있는 물건이 시장에 나올 수 있도록 세금 규제가 아닌 완화 정책이 필요하다. 매물이 순환될 수 있도록 해줘야 가격 안정에 도움이 될 것이다.” ―,수도권은 주택 공급이 줄고 있는데.,“서울은 상승할 것이라고 본다. 수도권에서도 서울 접경 지역이나 GTX 효과로 교통 환경이 개선되는 곳은 상승할 것이다. 나머지 지역은 조금 떨어질 수도 있을 것이라고 본다. 수치적으로 보면 서울은 2~3% 정도 상승할 것이다. 경기도는 외곽 지역의 경우 하락 가능성도 있기 때문에 종합적으로 1~2% 정도 오를 것이다. 지방은 보합 수준이거나 1~2% 정도 하락할 것으로 보고 있다.” ―,정치적 불확실성도 큰 변수 아닌가.,False,"현재 문장은 주택 가격 상승 원인과 해결책에 대한 의견을 제시하지만, 구체적인 수치나 통계적 변화를 주장하지 않습니다.",high,hcx,HCX-007,isclaim-v1.3-prev2-context,2026-08-05
A0001-C008,A0001,"어수선한 부동산 시장…""올 서울 집값 떨어지나요?"" 전문가 대답은",2025-01-04,https://www.chosun.com/economy/realty/investment_trends/2025/01/04/VVTAU7BYLMGCYVANP52PLMARRY,1,8,1,정치적 불확실성도 큰 변수 아닌가.,“공급 부족은 가격 상승에 가장 큰 원인이다. 결국은 다주택자들이 가지고 있는 물건이 시장에 나올 수 있도록 세금 규제가 아닌 완화 정책이 필요하다. 매물이 순환될 수 있도록 해줘야 가격 안정에 도움이 될 것이다.” ―,수도권은 주택 공급이 줄고 있는데.,"“당장 환율이 급격하게 올랐다. 환율이 오르면 수입 건설 원자재 가격이 상승한다. 그렇다면 공사비에도 영향을 주고, 분양가도 인상 압박을 받는다. 여러모로 가격 상승의 불쏘시개가 될 가능성이 굉장히 높다. 여기에 올해부터 아파트 신규 입주 물량이 줄어드는 것을 감안하면 가격 상승이 서울 주요 지역에서 시작해 서울 전역, 수도권 전역으로 퍼져나갈 수도 있다.”",False,"정치적 불확실성이 부동산 가격에 미치는 영향에 대한 의견 표현이므로, 이는 KOSIS를 통해 검증 가능한 구체적인 수치나 통계적 변화를 주장하는 것이 아닙니다.",high,hcx,HCX-007,isclaim-v1.3-prev2-context,2026-08-05
A0001-C009,A0001,"어수선한 부동산 시장…""올 서울 집값 떨어지나요?"" 전문가 대답은",2025-01-04,https://www.chosun.com/economy/realty/investment_trends/2025/01/04/VVTAU7BYLMGCYVANP52PLMARRY,1,9,1,"“당장 환율이 급격하게 올랐다. 환율이 오르면 수입 건설 원자재 가격이 상승한다. 그렇다면 공사비에도 영향을 주고, 분양가도 인상 압박을 받는다. 여러모로 가격 상승의 불쏘시개가 될 가능성이 굉장히 높다. 여기에 올해부터 아파트 신규 입주 물량이 줄어드는 것을 감안하면 가격 상승이 서울 주요 지역에서 시작해 서울 전역, 수도권 전역으로 퍼져나갈 수도 있다.”",정치적 불확실성도 큰 변수 아닌가.,“공급 부족은 가격 상승에 가장 큰 원인이다. 결국은 다주택자들이 가지고 있는 물건이 시장에 나올 수 있도록 세금 규제가 아닌 완화 정책이 필요하다. 매물이 순환될 수 있도록 해줘야 가격 안정에 도움이 될 것이다.” ―,"☞당신의 아파트 MBTI, 조선일보 AI부동산에서 확인하기 ―올해 부동산 정책에도 큰 변화가 올까.",False,"현재 문장은 환율 상승과 그로 인한 경제적 영향 및 부동산 시장에서의 가격 상승 가능성을 언급하지만, 이는 특정한 수치나 비율을 주장하는 것이 아니며, KOSIS에서 직접적인 검증을 할 수 있는 내용이 아닙니다.",high,hcx,HCX-007,isclaim-v1.3-prev2-context,2026-08-05
A0001-C010,A0001,"어수선한 부동산 시장…""올 서울 집값 떨어지나요?"" 전문가 대답은",2025-01-04,https://www.chosun.com/economy/realty/investment_trends/2025/01/04/VVTAU7BYLMGCYVANP52PLMARRY,1,10,1,"☞당신의 아파트 MBTI, 조선일보 AI부동산에서 확인하기 ―올해 부동산 정책에도 큰 변화가 올까.","“당장 환율이 급격하게 올랐다. 환율이 오르면 수입 건설 원자재 가격이 상승한다. 그렇다면 공사비에도 영향을 주고, 분양가도 인상 압박을 받는다. 여러모로 가격 상승의 불쏘시개가 될 가능성이 굉장히 높다. 여기에 올해부터 아파트 신규 입주 물량이 줄어드는 것을 감안하면 가격 상승이 서울 주요 지역에서 시작해 서울 전역, 수도권 전역으로 퍼져나갈 수도 있다.”",정치적 불확실성도 큰 변수 아닌가.,"“주택 공급 정책은 설령 정권이 바뀌더라도 꾸준하게, 지속적으로 추진해야 한다. 1기 신도시 재건축의 경우 정비 선도지구까지 선정했는데, 공급 확대 측면에서 연속성이 중요하다. 서울 외곽의 개발제한구역(그린벨트) 해제를 통한 신규 택지 조성과 주택 공급 계획 또한 지속돼야 한다. 중장기적으로 이런 정책들이 가격에 영향을 미치기 때문에 올해가 굉장히 중요한 시점이라고 볼 수 있다. 반대로 부동산 세금 정책에는 변화가 예상된다. 공시지가라든가 종합부동산세와 관련된 것이다. 현 정부에서는 종합부동산세 인하 방침인데, 만약 정권이 바뀐다면 연속성이 떨어지지 않을까 우려되는 부분이 있다.” ―",False,"현재 문장은 부동산 정책에 대한 질문으로, 수치나 통계적인 변화를 주장하는 내용이 아닙니다.",high,hcx,HCX-007,isclaim-v1.3-prev2-context,2026-08-05
A0001-C011,A0001,"어수선한 부동산 시장…""올 서울 집값 떨어지나요?"" 전문가 대답은",2025-01-04,https://www.chosun.com/economy/realty/investment_trends/2025/01/04/VVTAU7BYLMGCYVANP52PLMARRY,1,11,1,"“주택 공급 정책은 설령 정권이 바뀌더라도 꾸준하게, 지속적으로 추진해야 한다. 1기 신도시 재건축의 경우 정비 선도지구까지 선정했는데, 공급 확대 측면에서 연속성이 중요하다. 서울 외곽의 개발제한구역(그린벨트) 해제를 통한 신규 택지 조성과 주택 공급 계획 또한 지속돼야 한다. 중장기적으로 이런 정책들이 가격에 영향을 미치기 때문에 올해가 굉장히 중요한 시점이라고 볼 수 있다. 반대로 부동산 세금 정책에는 변화가 예상된다. 공시지가라든가 종합부동산세와 관련된 것이다. 현 정부에서는 종합부동산세 인하 방침인데, 만약 정권이 바뀐다면 연속성이 떨어지지 않을까 우려되는 부분이 있다.” ―","☞당신의 아파트 MBTI, 조선일보 AI부동산에서 확인하기 ―올해 부동산 정책에도 큰 변화가 올까.","“당장 환율이 급격하게 올랐다. 환율이 오르면 수입 건설 원자재 가격이 상승한다. 그렇다면 공사비에도 영향을 주고, 분양가도 인상 압박을 받는다. 여러모로 가격 상승의 불쏘시개가 될 가능성이 굉장히 높다. 여기에 올해부터 아파트 신규 입주 물량이 줄어드는 것을 감안하면 가격 상승이 서울 주요 지역에서 시작해 서울 전역, 수도권 전역으로 퍼져나갈 수도 있다.”",수요자들은 어떻게 대처하나.,False,"현재 문장은 주택 공급 정책 및 부동산 세금 정책에 대한 의견을 제시하고 있으며, 이는 단순한 의견 평가나 원인 설명이므로 KOSIS를 통해 검증 가능한 수치나 통계적 변화에 관한 주장이 아닙니다.",high,hcx,HCX-007,isclaim-v1.3-prev2-context,2026-08-05
A0001-C013,A0001,"어수선한 부동산 시장…""올 서울 집값 떨어지나요?"" 전문가 대답은",2025-01-04,https://www.chosun.com/economy/realty/investment_trends/2025/01/04/VVTAU7BYLMGCYVANP52PLMARRY,1,13,1,"“무주택자인지, 집을 갖고 있는지에 따라 전략을 달리 해야 한다. 올해 집값이 떨어진다고 보기는 어렵다. 오히려 서울, 수도권 주요 지역은 올라갈 것이다. 다만 현재는 거래량이 감소해 매수자 우위 시기다. 자금 계획을 세웠다면 매수 시점을 오히려 빠르게 잡고 내 집 마련에 나서야 한다. [ ☞AI가 매칭해 준 내 라이프 스타일에 맞는 집은 어디?! ] 다주택자의 경우 정권 교체 후 세금 규제가 심해질텐데, 리스크가 될 수 있다. 이 부분을 감안하면 금리가 내리기 시작할 때가 기회다. 금리가 떨어지면 수요자들이 늘어날 것이고, 이때 집을 매도하는 것이 좋다.” ―",수요자들은 어떻게 대처하나.,"“주택 공급 정책은 설령 정권이 바뀌더라도 꾸준하게, 지속적으로 추진해야 한다. 1기 신도시 재건축의 경우 정비 선도지구까지 선정했는데, 공급 확대 측면에서 연속성이 중요하다. 서울 외곽의 개발제한구역(그린벨트) 해제를 통한 신규 택지 조성과 주택 공급 계획 또한 지속돼야 한다. 중장기적으로 이런 정책들이 가격에 영향을 미치기 때문에 올해가 굉장히 중요한 시점이라고 볼 수 있다. 반대로 부동산 세금 정책에는 변화가 예상된다. 공시지가라든가 종합부동산세와 관련된 것이다. 현 정부에서는 종합부동산세 인하 방침인데, 만약 정권이 바뀐다면 연속성이 떨어지지 않을까 우려되는 부분이 있다.” ―",지방은 미분양 등으로 침체에 빠져있는데.,False,"현재 문장은 주택 시장 및 금리 변화에 대한 예측과 전략적인 조언을 포함하고 있으며, 이는 KOSIS에서 제공하는 구체적인 통계나 수치와 직접 관련이 없습니다.",high,hcx,HCX-007,isclaim-v1.3-prev2-context,2026-08-05
A0001-C014,A0001,"어수선한 부동산 시장…""올 서울 집값 떨어지나요?"" 전문가 대답은",2025-01-04,https://www.chosun.com/economy/realty/investment_trends/2025/01/04/VVTAU7BYLMGCYVANP52PLMARRY,1,14,1,지방은 미분양 등으로 침체에 빠져있는데.,"“무주택자인지, 집을 갖고 있는지에 따라 전략을 달리 해야 한다. 올해 집값이 떨어진다고 보기는 어렵다. 오히려 서울, 수도권 주요 지역은 올라갈 것이다. 다만 현재는 거래량이 감소해 매수자 우위 시기다. 자금 계획을 세웠다면 매수 시점을 오히려 빠르게 잡고 내 집 마련에 나서야 한다. [ ☞AI가 매칭해 준 내 라이프 스타일에 맞는 집은 어디?! ] 다주택자의 경우 정권 교체 후 세금 규제가 심해질텐데, 리스크가 될 수 있다. 이 부분을 감안하면 금리가 내리기 시작할 때가 기회다. 금리가 떨어지면 수요자들이 늘어날 것이고, 이때 집을 매도하는 것이 좋다.” ―",수요자들은 어떻게 대처하나.,"""법인 임대사업자와 다주택자는 주택취득세율이 12%다. 다음 정부에서는 법인 임대사업자가 시장에서 순기능을 할 수 있도록 행정적, 정책적 지원이 필요하다. 지방 아파트를 사서 임대 사업을 할 수 있도록 환경을 조성해야 한다. 세제 지원이 절실해 보인다. 이게 선행되지 않는다면 지방 미분양 해소는 힘들다. 지방 미분양 보유한 시공사들이 다른 지역에서 신규 사업 착공하기 굉장히 어렵다. 공급은 또 다시 줄어들기 때문에 결국엔 가격이 오르게 된다. 지금 당장은 미분양이 심각해도 장기적으로 볼 때 가격을 끌어올리는 방향으로 흘러간다.""",False,"지방의 부동산 시장 상황에 대한 일반적인 서술이지만, 구체적인 수치나 통계적 변화를 언급하지 않아 KOSIS 통계로 검증하기 어렵습니다.",high,hcx,HCX-007,isclaim-v1.3-prev2-context,2026-08-05
A0001-C015,A0001,"어수선한 부동산 시장…""올 서울 집값 떨어지나요?"" 전문가 대답은",2025-01-04,https://www.chosun.com/economy/realty/investment_trends/2025/01/04/VVTAU7BYLMGCYVANP52PLMARRY,1,15,1,"""법인 임대사업자와 다주택자는 주택취득세율이 12%다. 다음 정부에서는 법인 임대사업자가 시장에서 순기능을 할 수 있도록 행정적, 정책적 지원이 필요하다. 지방 아파트를 사서 임대 사업을 할 수 있도록 환경을 조성해야 한다. 세제 지원이 절실해 보인다. 이게 선행되지 않는다면 지방 미분양 해소는 힘들다. 지방 미분양 보유한 시공사들이 다른 지역에서 신규 사업 착공하기 굉장히 어렵다. 공급은 또 다시 줄어들기 때문에 결국엔 가격이 오르게 된다. 지금 당장은 미분양이 심각해도 장기적으로 볼 때 가격을 끌어올리는 방향으로 흘러간다.""",지방은 미분양 등으로 침체에 빠져있는데.,"“무주택자인지, 집을 갖고 있는지에 따라 전략을 달리 해야 한다. 올해 집값이 떨어진다고 보기는 어렵다. 오히려 서울, 수도권 주요 지역은 올라갈 것이다. 다만 현재는 거래량이 감소해 매수자 우위 시기다. 자금 계획을 세웠다면 매수 시점을 오히려 빠르게 잡고 내 집 마련에 나서야 한다. [ ☞AI가 매칭해 준 내 라이프 스타일에 맞는 집은 어디?! ] 다주택자의 경우 정권 교체 후 세금 규제가 심해질텐데, 리스크가 될 수 있다. 이 부분을 감안하면 금리가 내리기 시작할 때가 기회다. 금리가 떨어지면 수요자들이 늘어날 것이고, 이때 집을 매도하는 것이 좋다.” ―",,False,"현재 문장은 주로 정책 제안 및 경제적 예측에 대한 내용으로 구성되어 있으며, 구체적인 수치나 통계적 변화를 주장하지 않습니다.",high,hcx,HCX-007,isclaim-v1.3-prev2-context,2026-08-05
A0002-C001,A0002,우주정거장에도 ‘AI 승무원’… 둥둥 떠다니며 비행사 비서 역할,2025-01-04,https://www.chosun.com/economy/science/2025/01/04/DGZ7ZS3DC5BBDK3M2KAHEH3HYY,1,1,1,인공지능(AI)은 관측 수준을 넘어 우주 탐사·개발에 전방위로 활용되며 필수 도구로 자리 잡았다.,,,국제우주정거장(ISS)에서는 AI 승무원 ‘사이먼2(CIMON2)’가 우주 비행사들의 비서 역할을 하고 있다.,False,"현재 문장은 인공지능이 우주 탐사와 개발에 활용된다는 일반적인 설명을 하고 있으며, 이는 특정한 수치나 통계적인 변화를 주장하는 것이 아닙니다.",high,hcx,HCX-007,isclaim-v1.3-prev2-context,2026-08-05
A0002-C002,A0002,우주정거장에도 ‘AI 승무원’… 둥둥 떠다니며 비행사 비서 역할,2025-01-04,https://www.chosun.com/economy/science/2025/01/04/DGZ7ZS3DC5BBDK3M2KAHEH3HYY,1,2,1,국제우주정거장(ISS)에서는 AI 승무원 ‘사이먼2(CIMON2)’가 우주 비행사들의 비서 역할을 하고 있다.,인공지능(AI)은 관측 수준을 넘어 우주 탐사·개발에 전방위로 활용되며 필수 도구로 자리 잡았다.,,사이먼2는 2018년 세계 최초로 ISS에 투입된 AI 승무원 ‘사이먼’의 후속 모델이다.,False,국제우주정거장에서 AI 승무원의 역할에 대한 설명이므로 수치나 통계적 변화를 주장하지 않는다.,high,hcx,HCX-007,isclaim-v1.3-prev2-context,2026-08-05
A0002-C003,A0002,우주정거장에도 ‘AI 승무원’… 둥둥 떠다니며 비행사 비서 역할,2025-01-04,https://www.chosun.com/economy/science/2025/01/04/DGZ7ZS3DC5BBDK3M2KAHEH3HYY,1,3,1,사이먼2는 2018년 세계 최초로 ISS에 투입된 AI 승무원 ‘사이먼’의 후속 모델이다.,국제우주정거장(ISS)에서는 AI 승무원 ‘사이먼2(CIMON2)’가 우주 비행사들의 비서 역할을 하고 있다.,인공지능(AI)은 관측 수준을 넘어 우주 탐사·개발에 전방위로 활용되며 필수 도구로 자리 잡았다.,"배구공 크기의 사이먼2는 우주정거장 안을 떠다니면서 우주 비행사들 음성 지시에 따라 과학 실험을 하고, 정비 업무를 보조하는 등 다양한 임무를 수행한다.",False,"현재 문장은 특정 기술의 발전 및 계보에 대한 정보 제공이지, 수치나 통계적인 변화를 주장하는 내용이 아닙니다.",high,hcx,HCX-007,isclaim-v1.3-prev2-context,2026-08-05
A0002-C004,A0002,우주정거장에도 ‘AI 승무원’… 둥둥 떠다니며 비행사 비서 역할,2025-01-04,https://www.chosun.com/economy/science/2025/01/04/DGZ7ZS3DC5BBDK3M2KAHEH3HYY,1,4,1,"배구공 크기의 사이먼2는 우주정거장 안을 떠다니면서 우주 비행사들 음성 지시에 따라 과학 실험을 하고, 정비 업무를 보조하는 등 다양한 임무를 수행한다.",사이먼2는 2018년 세계 최초로 ISS에 투입된 AI 승무원 ‘사이먼’의 후속 모델이다.,국제우주정거장(ISS)에서는 AI 승무원 ‘사이먼2(CIMON2)’가 우주 비행사들의 비서 역할을 하고 있다.,"우주 비행사의 목소리를 분석해 기쁜지 슬픈지 감정을 파악한 뒤 좋아하는 노래를 들려주거나, 말동무가 되어주는 역할도 하고 있다.",False,"현재 문장은 AI 승무원 '사이먼2'가 수행하는 구체적인 작업들에 대한 설명을 포함하고 있으며, 이는 수치나 통계적인 변화를 주장하는 내용이 아닙니다.",high,hcx,HCX-007,isclaim-v1.3-prev2-context,2026-08-05
A0002-C005,A0002,우주정거장에도 ‘AI 승무원’… 둥둥 떠다니며 비행사 비서 역할,2025-01-04,https://www.chosun.com/economy/science/2025/01/04/DGZ7ZS3DC5BBDK3M2KAHEH3HYY,1,5,1,"우주 비행사의 목소리를 분석해 기쁜지 슬픈지 감정을 파악한 뒤 좋아하는 노래를 들려주거나, 말동무가 되어주는 역할도 하고 있다.","배구공 크기의 사이먼2는 우주정거장 안을 떠다니면서 우주 비행사들 음성 지시에 따라 과학 실험을 하고, 정비 업무를 보조하는 등 다양한 임무를 수행한다.",사이먼2는 2018년 세계 최초로 ISS에 투입된 AI 승무원 ‘사이먼’의 후속 모델이다.,NASA(미 항공우주국)는 왕복 570일 이상 걸리는 화성을 비롯해 심(深)우주 탐사에 AI 의사를 투입하는 방안을 추진 중이다.,False,"현재 문장은 우주 비행사의 감정 상태를 파악하여 노래나 대화를 제공하는 기능에 대한 설명을 담고 있으며, 이는 수치나 통계적인 변화를 주장하는 내용이 아닙니다.",high,hcx,HCX-007,isclaim-v1.3-prev2-context,2026-08-05
A0002-C006,A0002,우주정거장에도 ‘AI 승무원’… 둥둥 떠다니며 비행사 비서 역할,2025-01-04,https://www.chosun.com/economy/science/2025/01/04/DGZ7ZS3DC5BBDK3M2KAHEH3HYY,1,6,1,NASA(미 항공우주국)는 왕복 570일 이상 걸리는 화성을 비롯해 심(深)우주 탐사에 AI 의사를 투입하는 방안을 추진 중이다.,"우주 비행사의 목소리를 분석해 기쁜지 슬픈지 감정을 파악한 뒤 좋아하는 노래를 들려주거나, 말동무가 되어주는 역할도 하고 있다.","배구공 크기의 사이먼2는 우주정거장 안을 떠다니면서 우주 비행사들 음성 지시에 따라 과학 실험을 하고, 정비 업무를 보조하는 등 다양한 임무를 수행한다.","우주 비행사들이 아플 경우를 대비, AI 의사가 우주선에 동승해 건강 상태를 실시간으로 살피고 대처하도록 한다는 것이다.",False,"현재 문장은 NASA가 심우주 탐사에 AI 의사를 투입하는 방안을 추진하고 있다는 내용이지만, 이는 특정한 수치나 통계적인 변화를 주장하는 것이 아니므로 KOSIS 통계표로 검증할 수 있는 내용이 아닙니다.",high,hcx,HCX-007,isclaim-v1.3-prev2-context,2026-08-05
A0002-C007,A0002,우주정거장에도 ‘AI 승무원’… 둥둥 떠다니며 비행사 비서 역할,2025-01-04,https://www.chosun.com/economy/science/2025/01/04/DGZ7ZS3DC5BBDK3M2KAHEH3HYY,1,7,1,"우주 비행사들이 아플 경우를 대비, AI 의사가 우주선에 동승해 건강 상태를 실시간으로 살피고 대처하도록 한다는 것이다.",NASA(미 항공우주국)는 왕복 570일 이상 걸리는 화성을 비롯해 심(深)우주 탐사에 AI 의사를 투입하는 방안을 추진 중이다.,"우주 비행사의 목소리를 분석해 기쁜지 슬픈지 감정을 파악한 뒤 좋아하는 노래를 들려주거나, 말동무가 되어주는 역할도 하고 있다.",우주 개발에서도 AI는 필수다.,False,"현재 문장은 우주 비행사들의 건강을 실시간으로 모니터링하고 대처하기 위해 AI 의사를 활용한다는 내용으로, 이는 특정한 통계나 수치적인 변화를 주장하는 것이 아닙니다.",high,hcx,HCX-007,isclaim-v1.3-prev2-context,2026-08-05
A0002-C008,A0002,우주정거장에도 ‘AI 승무원’… 둥둥 떠다니며 비행사 비서 역할,2025-01-04,https://www.chosun.com/economy/science/2025/01/04/DGZ7ZS3DC5BBDK3M2KAHEH3HYY,1,8,1,우주 개발에서도 AI는 필수다.,"우주 비행사들이 아플 경우를 대비, AI 의사가 우주선에 동승해 건강 상태를 실시간으로 살피고 대처하도록 한다는 것이다.",NASA(미 항공우주국)는 왕복 570일 이상 걸리는 화성을 비롯해 심(深)우주 탐사에 AI 의사를 투입하는 방안을 추진 중이다.,"현재 화성에 있는 이동형 탐사 로봇(로버) ‘퍼서비어런스’는 다양한 종류의 표면 암석을 AI로 감지, 분류한다.",False,"현재 문장은 우주 개발에 있어 AI의 중요성에 대한 일반적인 의견을 표현하고 있으며, 구체적인 수치나 통계적인 변화를 언급하지 않습니다.",high,hcx,HCX-007,isclaim-v1.3-prev2-context,2026-08-05
A0002-C009,A0002,우주정거장에도 ‘AI 승무원’… 둥둥 떠다니며 비행사 비서 역할,2025-01-04,https://www.chosun.com/economy/science/2025/01/04/DGZ7ZS3DC5BBDK3M2KAHEH3HYY,1,9,1,"현재 화성에 있는 이동형 탐사 로봇(로버) ‘퍼서비어런스’는 다양한 종류의 표면 암석을 AI로 감지, 분류한다.",우주 개발에서도 AI는 필수다.,"우주 비행사들이 아플 경우를 대비, AI 의사가 우주선에 동승해 건강 상태를 실시간으로 살피고 대처하도록 한다는 것이다.",AI가 지형을 탐색하고 이동하는 자율 주행 시스템도 갖추고 있다.,False,"현재 문장은 화성에서의 AI 활용 사례에 대한 설명으로, 특정한 수치나 통계적 변화를 주장하지 않습니다.",high,hcx,HCX-007,isclaim-v1.3-prev2-context,2026-08-05
A0002-C010,A0002,우주정거장에도 ‘AI 승무원’… 둥둥 떠다니며 비행사 비서 역할,2025-01-04,https://www.chosun.com/economy/science/2025/01/04/DGZ7ZS3DC5BBDK3M2KAHEH3HYY,1,10,1,AI가 지형을 탐색하고 이동하는 자율 주행 시스템도 갖추고 있다.,"현재 화성에 있는 이동형 탐사 로봇(로버) ‘퍼서비어런스’는 다양한 종류의 표면 암석을 AI로 감지, 분류한다.",우주 개발에서도 AI는 필수다.,우주선의 이착륙과 운항에서 AI 역할은 더욱 커지고 있다.,False,"AI가 지형을 탐색하고 이동하는 자율 주행 시스템이라는 것은 기술적인 설명이지, 수치나 비율 등의 통계적 변화를 주장하는 것이 아닙니다.",high,hcx,HCX-007,isclaim-v1.3-prev2-context,2026-08-05
A0002-C011,A0002,우주정거장에도 ‘AI 승무원’… 둥둥 떠다니며 비행사 비서 역할,2025-01-04,https://www.chosun.com/economy/science/2025/01/04/DGZ7ZS3DC5BBDK3M2KAHEH3HYY,1,11,1,우주선의 이착륙과 운항에서 AI 역할은 더욱 커지고 있다.,AI가 지형을 탐색하고 이동하는 자율 주행 시스템도 갖추고 있다.,"현재 화성에 있는 이동형 탐사 로봇(로버) ‘퍼서비어런스’는 다양한 종류의 표면 암석을 AI로 감지, 분류한다.",일론 머스크가 설립한 우주 기업 스페이스X는 우주선이 ISS와 도킹(결합)하는 과정을 비롯해 운항 전반을 AI가 최적화하는 체계를 개발했다.,False,우주선의 이착륙과 운항에서 AI 역할의 변화에 대한 내용은 KOSIS 통계로 검증 가능한 수치나 비율 등의 정보가 아니므로 해당 문장은 False로 판정된다.,high,hcx,HCX-007,isclaim-v1.3-prev2-context,2026-08-05
A0002-C012,A0002,우주정거장에도 ‘AI 승무원’… 둥둥 떠다니며 비행사 비서 역할,2025-01-04,https://www.chosun.com/economy/science/2025/01/04/DGZ7ZS3DC5BBDK3M2KAHEH3HYY,1,12,1,일론 머스크가 설립한 우주 기업 스페이스X는 우주선이 ISS와 도킹(결합)하는 과정을 비롯해 운항 전반을 AI가 최적화하는 체계를 개발했다.,우주선의 이착륙과 운항에서 AI 역할은 더욱 커지고 있다.,AI가 지형을 탐색하고 이동하는 자율 주행 시스템도 갖추고 있다.,연료 사용 효율은 물론이고 최적 항로를 AI가 제시하는 것이다.,False,"현재 문장은 특정 기업의 기술 개발에 대한 설명을 하고 있으며, 이는 KOSIS에서 검증 가능한 수치나 통계적 변화와 관련이 없습니다.",high,hcx,HCX-007,isclaim-v1.3-prev2-context,2026-08-05
A0002-C013,A0002,우주정거장에도 ‘AI 승무원’… 둥둥 떠다니며 비행사 비서 역할,2025-01-04,https://www.chosun.com/economy/science/2025/01/04/DGZ7ZS3DC5BBDK3M2KAHEH3HYY,1,13,1,연료 사용 효율은 물론이고 최적 항로를 AI가 제시하는 것이다.,일론 머스크가 설립한 우주 기업 스페이스X는 우주선이 ISS와 도킹(결합)하는 과정을 비롯해 운항 전반을 AI가 최적화하는 체계를 개발했다.,우주선의 이착륙과 운항에서 AI 역할은 더욱 커지고 있다.,고장 난 위성 파편을 비롯해 우주 쓰레기(잔해)를 회피하는 데도 AI가 활용된다.,False,"현재 문장은 기술적인 설명을 하고 있으며, 특정한 수치나 통계적 변화를 주장하지 않는다.",high,hcx,HCX-007,isclaim-v1.3-prev2-context,2026-08-05
A0002-C014,A0002,우주정거장에도 ‘AI 승무원’… 둥둥 떠다니며 비행사 비서 역할,2025-01-04,https://www.chosun.com/economy/science/2025/01/04/DGZ7ZS3DC5BBDK3M2KAHEH3HYY,1,14,1,고장 난 위성 파편을 비롯해 우주 쓰레기(잔해)를 회피하는 데도 AI가 활용된다.,연료 사용 효율은 물론이고 최적 항로를 AI가 제시하는 것이다.,일론 머스크가 설립한 우주 기업 스페이스X는 우주선이 ISS와 도킹(결합)하는 과정을 비롯해 운항 전반을 AI가 최적화하는 체계를 개발했다.,"위성, 우주선에 탑재된 AI가 주변의 우주 쓰레기 위험을 실시간으로 감지해 속도와 방향을 바꾸는 식으로 충돌을 피한다.",False,"현재 문장은 우주 쓰레기를 회피하는 데 AI가 활용된다는 내용이지만, 이는 특정한 수치나 통계적인 변화를 주장하는 것이 아니므로 KOSIS 통계로 검증하기 어렵습니다.",high,hcx,HCX-007,isclaim-v1.3-prev2-context,2026-08-05
A0002-C015,A0002,우주정거장에도 ‘AI 승무원’… 둥둥 떠다니며 비행사 비서 역할,2025-01-04,https://www.chosun.com/economy/science/2025/01/04/DGZ7ZS3DC5BBDK3M2KAHEH3HYY,1,15,1,"위성, 우주선에 탑재된 AI가 주변의 우주 쓰레기 위험을 실시간으로 감지해 속도와 방향을 바꾸는 식으로 충돌을 피한다.",고장 난 위성 파편을 비롯해 우주 쓰레기(잔해)를 회피하는 데도 AI가 활용된다.,연료 사용 효율은 물론이고 최적 항로를 AI가 제시하는 것이다.,NASA의 모의 화성 거주지 ‘마스 듄 알파’도 AI 분석을 통해 화성 환경과 최대한 가깝게 설계됐다.,False,"현재 문장은 위성 및 우주선의 AI 시스템이 우주 쓰레기를 감지하여 충돌을 피한다는 기술적 설명을 하고 있으며, 이는 특정한 수치나 통계적 변화를 주장하는 것이 아닙니다.",high,hcx,HCX-007,isclaim-v1.3-prev2-context,2026-08-05
A0002-C016,A0002,우주정거장에도 ‘AI 승무원’… 둥둥 떠다니며 비행사 비서 역할,2025-01-04,https://www.chosun.com/economy/science/2025/01/04/DGZ7ZS3DC5BBDK3M2KAHEH3HYY,1,16,1,NASA의 모의 화성 거주지 ‘마스 듄 알파’도 AI 분석을 통해 화성 환경과 최대한 가깝게 설계됐다.,"위성, 우주선에 탑재된 AI가 주변의 우주 쓰레기 위험을 실시간으로 감지해 속도와 방향을 바꾸는 식으로 충돌을 피한다.",고장 난 위성 파편을 비롯해 우주 쓰레기(잔해)를 회피하는 데도 AI가 활용된다.,"온도와 습도 등 실시간 환경 측정과 조정, 모의 거주 실험 참가자들의 신체 및 심리 상태 파악에도 AI가 쓰이고 있다.",False,"현재 문장은 NASA의 모의 화성 거주지가 AI 분석을 통해 설계되었다는 내용이지만, 이는 수치나 통계적인 변화를 주장하는 내용이 아니므로 KOSIS 통계표로 검증할 수 있는 사항이 아닙니다.",high,hcx,HCX-007,isclaim-v1.3-prev2-context,2026-08-05
A0002-C017,A0002,우주정거장에도 ‘AI 승무원’… 둥둥 떠다니며 비행사 비서 역할,2025-01-04,https://www.chosun.com/economy/science/2025/01/04/DGZ7ZS3DC5BBDK3M2KAHEH3HYY,1,17,1,"온도와 습도 등 실시간 환경 측정과 조정, 모의 거주 실험 참가자들의 신체 및 심리 상태 파악에도 AI가 쓰이고 있다.",NASA의 모의 화성 거주지 ‘마스 듄 알파’도 AI 분석을 통해 화성 환경과 최대한 가깝게 설계됐다.,"위성, 우주선에 탑재된 AI가 주변의 우주 쓰레기 위험을 실시간으로 감지해 속도와 방향을 바꾸는 식으로 충돌을 피한다.",,False,"현재 문장은 온도와 습도 등의 실시간 환경 측정과 조정, 그리고 모의 거주 실험 참가자들의 신체 및 심리 상태를 AI를 활용해 파악한다는 내용이지만, 이는 특정한 수치나 비율 등을 주장하는 것이 아니므로 KOSIS 통계로 검증 가능한 내용이 아닙니다.",high,hcx,HCX-007,isclaim-v1.3-prev2-context,2026-08-05
A0003-C001,A0003,"[단독] 의대생 단체, 올해에도 휴학계 제출로 ‘의대 증원 저지’ 투쟁",2025-01-05,https://www.chosun.com/national/welfare-medical/2025/01/05/QCXOMT2XWRFZDDSZTI6UT3ZCXU,1,1,1,정부의 의대 증원 정책 등에 반발해 휴학 중인 의과대학 학생들이 작년에 이어 올해에도 계속 휴학하는 방식으로 ‘의대 증원 저지 투쟁’을 이어가는 것으로 확인됐다.,,,5일 의료계에 따르면 전국 40개 의대 학생회·학년별 대표자 등은 지난 4일 임시총회를 열어 이같이 결정했다.,False,"현재 문장은 정부의 의대 증원 정책에 대한 학생들의 반응을 설명하며, 이는 특정한 통계나 수치적인 변화를 주장하는 내용이 아닙니다.",high,hcx,HCX-007,isclaim-v1.3-prev2-context,2026-08-05
A0003-C002,A0003,"[단독] 의대생 단체, 올해에도 휴학계 제출로 ‘의대 증원 저지’ 투쟁",2025-01-05,https://www.chosun.com/national/welfare-medical/2025/01/05/QCXOMT2XWRFZDDSZTI6UT3ZCXU,1,2,1,5일 의료계에 따르면 전국 40개 의대 학생회·학년별 대표자 등은 지난 4일 임시총회를 열어 이같이 결정했다.,정부의 의대 증원 정책 등에 반발해 휴학 중인 의과대학 학생들이 작년에 이어 올해에도 계속 휴학하는 방식으로 ‘의대 증원 저지 투쟁’을 이어가는 것으로 확인됐다.,,"전체학생대표자총회는 이날 전국 의대생들에게 공지문을 보내 “11월 15일 확대전체학생대표자 총회의 의결을 받들어, 대한의과대학·의학전문대학원학생협회(의대협)의 2025학년도의 투쟁을 휴학계 제출로 진행한다”며 “휴학계 제출이 불가능한 단위나 학년은 이에 준하는 행동으로 참여한다”고 밝혔다.",False,"현재 문장은 의대 학생들의 집단 행동에 대한 내용으로, 수치나 통계적인 변화를 주장하지 않습니다.",high,hcx,HCX-007,isclaim-v1.3-prev2-context,2026-08-05
A0003-C003,A0003,"[단독] 의대생 단체, 올해에도 휴학계 제출로 ‘의대 증원 저지’ 투쟁",2025-01-05,https://www.chosun.com/national/welfare-medical/2025/01/05/QCXOMT2XWRFZDDSZTI6UT3ZCXU,1,3,1,"전체학생대표자총회는 이날 전국 의대생들에게 공지문을 보내 “11월 15일 확대전체학생대표자 총회의 의결을 받들어, 대한의과대학·의학전문대학원학생협회(의대협)의 2025학년도의 투쟁을 휴학계 제출로 진행한다”며 “휴학계 제출이 불가능한 단위나 학년은 이에 준하는 행동으로 참여한다”고 밝혔다.",5일 의료계에 따르면 전국 40개 의대 학생회·학년별 대표자 등은 지난 4일 임시총회를 열어 이같이 결정했다.,정부의 의대 증원 정책 등에 반발해 휴학 중인 의과대학 학생들이 작년에 이어 올해에도 계속 휴학하는 방식으로 ‘의대 증원 저지 투쟁’을 이어가는 것으로 확인됐다.,"앞서 의대협은 지난해 11월 확대전체학생대표자 총회를 열어 올해에도 투쟁을 이어가기로 방침을 정했지만, 대정부 투쟁을 어떤 방식으로 할지는 정하지 않았었다.",False,"현재 문장은 의대생들의 휴학 관련 결정을 전달하는 내용으로, 수치나 통계적인 변화를 주장하지 않습니다.",high,hcx,HCX-007,isclaim-v1.3-prev2-context,2026-08-05
A0003-C004,A0003,"[단독] 의대생 단체, 올해에도 휴학계 제출로 ‘의대 증원 저지’ 투쟁",2025-01-05,https://www.chosun.com/national/welfare-medical/2025/01/05/QCXOMT2XWRFZDDSZTI6UT3ZCXU,1,4,1,"앞서 의대협은 지난해 11월 확대전체학생대표자 총회를 열어 올해에도 투쟁을 이어가기로 방침을 정했지만, 대정부 투쟁을 어떤 방식으로 할지는 정하지 않았었다.","전체학생대표자총회는 이날 전국 의대생들에게 공지문을 보내 “11월 15일 확대전체학생대표자 총회의 의결을 받들어, 대한의과대학·의학전문대학원학생협회(의대협)의 2025학년도의 투쟁을 휴학계 제출로 진행한다”며 “휴학계 제출이 불가능한 단위나 학년은 이에 준하는 행동으로 참여한다”고 밝혔다.",5일 의료계에 따르면 전국 40개 의대 학생회·학년별 대표자 등은 지난 4일 임시총회를 열어 이같이 결정했다.,의대생 단체가 휴학계 제출 등으로 올해 투쟁 방침을 굳히면서 3월 의대생 복귀는 어려워질 전망이다.,False,"현재 문장은 의대협의 투쟁 방식에 대한 내용으로, 수치나 통계적인 변화를 주장하는 내용이 아닙니다.",high,hcx,HCX-007,isclaim-v1.3-prev2-context,2026-08-05
A0003-C005,A0003,"[단독] 의대생 단체, 올해에도 휴학계 제출로 ‘의대 증원 저지’ 투쟁",2025-01-05,https://www.chosun.com/national/welfare-medical/2025/01/05/QCXOMT2XWRFZDDSZTI6UT3ZCXU,1,5,1,의대생 단체가 휴학계 제출 등으로 올해 투쟁 방침을 굳히면서 3월 의대생 복귀는 어려워질 전망이다.,"앞서 의대협은 지난해 11월 확대전체학생대표자 총회를 열어 올해에도 투쟁을 이어가기로 방침을 정했지만, 대정부 투쟁을 어떤 방식으로 할지는 정하지 않았었다.","전체학생대표자총회는 이날 전국 의대생들에게 공지문을 보내 “11월 15일 확대전체학생대표자 총회의 의결을 받들어, 대한의과대학·의학전문대학원학생협회(의대협)의 2025학년도의 투쟁을 휴학계 제출로 진행한다”며 “휴학계 제출이 불가능한 단위나 학년은 이에 준하는 행동으로 참여한다”고 밝혔다.",,False,"현재 문장은 의대생의 복귀 여부에 대한 예측이므로, 이는 수치나 통계적인 변화를 주장하는 것이 아닙니다.",high,hcx,HCX-007,isclaim-v1.3-prev2-context,2026-08-05
A0004-C002,A0004,"현대차그룹, 미국 시장에서 2년 연속 최고 실적... 年 170만대 돌파",2025-01-05,https://www.chosun.com/economy/auto/2025/01/05/253WLIRTMRHZPM5JGBCLQCVX5M,1,2,1,"현대차그룹 전체로 처음으로 미국에서만 한 해에 170만대 넘게 팔았고, 현대차는 제네시스를 포함해 연 90만대 판매량을 첫 돌파 했다.","현대차그룹이 지난해 미국 시장에서 현대차, 기아, 제네시스 등 브랜드별로 2년 연속 역대 최고 실적을 기록했다.",,현대차그룹은 5일 지난해 미국 시장에서 현대차·기아 전체 판매량은 1년 전(165만2821대)보다 3.4% 늘어난 170만8293대를 기록했다고 밝혔다.,True,"현대차그룹의 미국 시장 판매량 및 현대차의 연간 판매량이 구체적인 수치로 제시되어 있으며, 이는 국가통계포털(KOSIS)에서 관련 통계를 통해 검증할 수 있는 내용이다.",high,hcx,HCX-007,isclaim-v1.3-prev2-context,2026-08-05
A0004-C003,A0004,"현대차그룹, 미국 시장에서 2년 연속 최고 실적... 年 170만대 돌파",2025-01-05,https://www.chosun.com/economy/auto/2025/01/05/253WLIRTMRHZPM5JGBCLQCVX5M,1,3,1,현대차그룹은 5일 지난해 미국 시장에서 현대차·기아 전체 판매량은 1년 전(165만2821대)보다 3.4% 늘어난 170만8293대를 기록했다고 밝혔다.,"현대차그룹 전체로 처음으로 미국에서만 한 해에 170만대 넘게 팔았고, 현대차는 제네시스를 포함해 연 90만대 판매량을 첫 돌파 했다.","현대차그룹이 지난해 미국 시장에서 현대차, 기아, 제네시스 등 브랜드별로 2년 연속 역대 최고 실적을 기록했다.","현대차는 제네시스를 포함해 한 해 전보다 4.8% 늘어난 91만1805대를 판매했고, 기아는 1.8% 증가한 79만6488대를 팔았다.",True,"현대차그룹의 미국 시장에서의 판매량이 1년 전에 비해 3.4% 증가한 것을 주장하며, 이는 KOSIS를 통해 검증 가능한 국내 집계 통계 정보입니다.",high,hcx,HCX-007,isclaim-v1.3-prev2-context,2026-08-05
A0004-C004,A0004,"현대차그룹, 미국 시장에서 2년 연속 최고 실적... 年 170만대 돌파",2025-01-05,https://www.chosun.com/economy/auto/2025/01/05/253WLIRTMRHZPM5JGBCLQCVX5M,1,4,1,"현대차는 제네시스를 포함해 한 해 전보다 4.8% 늘어난 91만1805대를 판매했고, 기아는 1.8% 증가한 79만6488대를 팔았다.",현대차그룹은 5일 지난해 미국 시장에서 현대차·기아 전체 판매량은 1년 전(165만2821대)보다 3.4% 늘어난 170만8293대를 기록했다고 밝혔다.,"현대차그룹 전체로 처음으로 미국에서만 한 해에 170만대 넘게 팔았고, 현대차는 제네시스를 포함해 연 90만대 판매량을 첫 돌파 했다.","현대차와 제네시스도 각각 2023년보다 4.4%, 8.5% 증가한 83만6802대, 7만5003대를 나타냈다.",True,현대차의 판매량이 전년 대비 4.8% 증가하여 91만1805대로 늘어났다는 구체적인 수치 정보와 기아 역시 1.8% 증가한 79만6488대를 판매했다는 정보가 포함되어 있어 이는 국가통계포털(KOSIS)에서 확인 가능한 국내 집계 통계에 해당합니다.,high,hcx,HCX-007,isclaim-v1.3-prev2-context,2026-08-05
A0004-C005,A0004,"현대차그룹, 미국 시장에서 2년 연속 최고 실적... 年 170만대 돌파",2025-01-05,https://www.chosun.com/economy/auto/2025/01/05/253WLIRTMRHZPM5JGBCLQCVX5M,1,5,1,"현대차와 제네시스도 각각 2023년보다 4.4%, 8.5% 증가한 83만6802대, 7만5003대를 나타냈다.","현대차는 제네시스를 포함해 한 해 전보다 4.8% 늘어난 91만1805대를 판매했고, 기아는 1.8% 증가한 79만6488대를 팔았다.",현대차그룹은 5일 지난해 미국 시장에서 현대차·기아 전체 판매량은 1년 전(165만2821대)보다 3.4% 늘어난 170만8293대를 기록했다고 밝혔다.,"현대차, 기아, 제네시스 모두 역대 최고를 기록했던 2023년 실적을 웃도는 연간 최다 판매량이다.",True,"현대차와 제네시스의 판매량이 2023년 대비 각각 4.4%, 8.5% 증가했다는 구체적인 수치 주장이 포함되어 있으며, 이는 KOSIS를 통해 검증 가능한 국내 집계 통계 정보로 판단됩니다.",high,hcx,HCX-007,isclaim-v1.3-prev2-context,2026-08-05
A0004-C006,A0004,"현대차그룹, 미국 시장에서 2년 연속 최고 실적... 年 170만대 돌파",2025-01-05,https://www.chosun.com/economy/auto/2025/01/05/253WLIRTMRHZPM5JGBCLQCVX5M,1,6,1,"현대차, 기아, 제네시스 모두 역대 최고를 기록했던 2023년 실적을 웃도는 연간 최다 판매량이다.","현대차와 제네시스도 각각 2023년보다 4.4%, 8.5% 증가한 83만6802대, 7만5003대를 나타냈다.","현대차는 제네시스를 포함해 한 해 전보다 4.8% 늘어난 91만1805대를 판매했고, 기아는 1.8% 증가한 79만6488대를 팔았다.",현대차·기아 모두 SUV(스포츠유틸리티차)를 포함한 RV(레저용 차량) 차종과 전기차를 비롯한 친환경차 판매가 호조를 보였다.,True,"현대차, 기아, 제네시스의 연간 판매량이 2023년의 기록을 초과했다는 내용은 KOSIS 국가통계포털에서 자동차 판매량 관련 통계를 통해 검증할 수 있는 내용입니다.",high,hcx,HCX-007,isclaim-v1.3-prev2-context,2026-08-05
A0004-C007,A0004,"현대차그룹, 미국 시장에서 2년 연속 최고 실적... 年 170만대 돌파",2025-01-05,https://www.chosun.com/economy/auto/2025/01/05/253WLIRTMRHZPM5JGBCLQCVX5M,1,7,1,현대차·기아 모두 SUV(스포츠유틸리티차)를 포함한 RV(레저용 차량) 차종과 전기차를 비롯한 친환경차 판매가 호조를 보였다.,"현대차, 기아, 제네시스 모두 역대 최고를 기록했던 2023년 실적을 웃도는 연간 최다 판매량이다.","현대차와 제네시스도 각각 2023년보다 4.4%, 8.5% 증가한 83만6802대, 7만5003대를 나타냈다.","현대차는 전기차인 아이오닉5(4만4400대)가 31%, 대형 SUV(스포츠유틸리티차) 팰리세이드(11만55대)가 23% 급증하며 판매를 이끌었다.",False,"현재 문장은 현대차와 기아의 SUV 및 전기차 판매가 호조를 보였다는 사실을 언급하지만, 이는 구체적인 수치나 비율 등의 통계적 변화를 주장하지 않습니다.",high,hcx,HCX-007,isclaim-v1.3-prev2-context,2026-08-05
A0004-C008,A0004,"현대차그룹, 미국 시장에서 2년 연속 최고 실적... 年 170만대 돌파",2025-01-05,https://www.chosun.com/economy/auto/2025/01/05/253WLIRTMRHZPM5JGBCLQCVX5M,1,8,1,"현대차는 전기차인 아이오닉5(4만4400대)가 31%, 대형 SUV(스포츠유틸리티차) 팰리세이드(11만55대)가 23% 급증하며 판매를 이끌었다.",현대차·기아 모두 SUV(스포츠유틸리티차)를 포함한 RV(레저용 차량) 차종과 전기차를 비롯한 친환경차 판매가 호조를 보였다.,"현대차, 기아, 제네시스 모두 역대 최고를 기록했던 2023년 실적을 웃도는 연간 최다 판매량이다.","기아는 EV9(2만2017대), 스포티지(16만1917대), 카니발(4만9726대), K3·K4(13만9778대), EV6(2만1715대), 텔루라이드(11만5504대) 등 6종이 연간 최다 판매를 기록하며 80만대에 육박했다.",True,"현대차의 전기차 아이오닉5와 대형 SUV 팰리세이드의 판매량이 각각 31%, 23% 증가했다는 구체적인 수치와 비율을 제시하고 있으며, 이는 국가통계포털(KOSIS)에서 관련 통계를 통해 검증할 수 있는 내용이다.",high,hcx,HCX-007,isclaim-v1.3-prev2-context,2026-08-05
A0004-C009,A0004,"현대차그룹, 미국 시장에서 2년 연속 최고 실적... 年 170만대 돌파",2025-01-05,https://www.chosun.com/economy/auto/2025/01/05/253WLIRTMRHZPM5JGBCLQCVX5M,1,9,1,"기아는 EV9(2만2017대), 스포티지(16만1917대), 카니발(4만9726대), K3·K4(13만9778대), EV6(2만1715대), 텔루라이드(11만5504대) 등 6종이 연간 최다 판매를 기록하며 80만대에 육박했다.","현대차는 전기차인 아이오닉5(4만4400대)가 31%, 대형 SUV(스포츠유틸리티차) 팰리세이드(11만55대)가 23% 급증하며 판매를 이끌었다.",현대차·기아 모두 SUV(스포츠유틸리티차)를 포함한 RV(레저용 차량) 차종과 전기차를 비롯한 친환경차 판매가 호조를 보였다.,"한편, 미국 시장에서 현대차그룹은 미국 GM(268만9346대), 일본 도요타(233만2623대), 미국 포드(206만5161대)에 이어 4위를 나타냈다.",False,"현재 문장은 기아 자동차의 다양한 차종의 판매량을 나열하고 있으며, 이는 개별 기업의 판매 실적에 대한 정보로서 국가통계포털(KOSIS)에서 제공하는 집계 통계와는 관련이 없습니다.",high,hcx,HCX-007,isclaim-v1.3-prev2-context,2026-08-05
A0004-C010,A0004,"현대차그룹, 미국 시장에서 2년 연속 최고 실적... 年 170만대 돌파",2025-01-05,https://www.chosun.com/economy/auto/2025/01/05/253WLIRTMRHZPM5JGBCLQCVX5M,1,10,1,"한편, 미국 시장에서 현대차그룹은 미국 GM(268만9346대), 일본 도요타(233만2623대), 미국 포드(206만5161대)에 이어 4위를 나타냈다.","기아는 EV9(2만2017대), 스포티지(16만1917대), 카니발(4만9726대), K3·K4(13만9778대), EV6(2만1715대), 텔루라이드(11만5504대) 등 6종이 연간 최다 판매를 기록하며 80만대에 육박했다.","현대차는 전기차인 아이오닉5(4만4400대)가 31%, 대형 SUV(스포츠유틸리티차) 팰리세이드(11만55대)가 23% 급증하며 판매를 이끌었다.","현대차그룹에 이어 혼다(142만3857대), 닛산·미쓰비시(103만3851대), 스바루(66만7725대), 폴크스바겐(37만9178대)이 뒤를 이었다.",False,미국 시장에서 현대차그룹의 판매 순위에 대한 정보는 특정 기업의 매출 및 실적에 해당하므로 KOSIS에서 검증할 수 있는 내용이 아닙니다.,high,hcx,HCX-007,isclaim-v1.3-prev2-context,2026-08-05
A0004-C011,A0004,"현대차그룹, 미국 시장에서 2년 연속 최고 실적... 年 170만대 돌파",2025-01-05,https://www.chosun.com/economy/auto/2025/01/05/253WLIRTMRHZPM5JGBCLQCVX5M,1,11,1,"현대차그룹에 이어 혼다(142만3857대), 닛산·미쓰비시(103만3851대), 스바루(66만7725대), 폴크스바겐(37만9178대)이 뒤를 이었다.","한편, 미국 시장에서 현대차그룹은 미국 GM(268만9346대), 일본 도요타(233만2623대), 미국 포드(206만5161대)에 이어 4위를 나타냈다.","기아는 EV9(2만2017대), 스포티지(16만1917대), 카니발(4만9726대), K3·K4(13만9778대), EV6(2만1715대), 텔루라이드(11만5504대) 등 6종이 연간 최다 판매를 기록하며 80만대에 육박했다.",,False,"현재 문장은 각 자동차 제조사의 판매량을 나열하고 있으며, 이는 개별 기업의 매출 정보로서 국가통계포털(KOSIS)에서 제공하는 집계 통계와는 관련이 없습니다.",high,hcx,HCX-007,isclaim-v1.3-prev2-context,2026-08-05
A0005-C001,A0005,"난 ‘상업맨’ 넌 ‘한일맨’... 우리은행 퇴직자들, 26년만에 합친다",2025-01-05,https://www.chosun.com/economy/economy_general/2025/01/05/S7HQZ4OR5JHBDA5JL37UHDYOLQ,1,1,1,우리은행 전신인 상업은행과 한일은행의 퇴직직원 동우회가 26년 만에 통합된다.,,,"1999년 한일·상업은행이 통합해 우리은행이 출범한 이후 두 은행 출신 퇴직자들은 지금까지 각각 동우회를 운영해왔는데, 해산하고 통합하기로 한 것이다.",False,"우리은행 전신인 상업은행과 한일은행의 퇴직직원 동우회 통합 소식은 단순한 사건 보고로서, 수치나 통계적 변화를 주장하는 내용이 아닙니다.",high,hcx,HCX-007,isclaim-v1.3-prev2-context,2026-08-05
A0005-C002,A0005,"난 ‘상업맨’ 넌 ‘한일맨’... 우리은행 퇴직자들, 26년만에 합친다",2025-01-05,https://www.chosun.com/economy/economy_general/2025/01/05/S7HQZ4OR5JHBDA5JL37UHDYOLQ,1,2,1,"1999년 한일·상업은행이 통합해 우리은행이 출범한 이후 두 은행 출신 퇴직자들은 지금까지 각각 동우회를 운영해왔는데, 해산하고 통합하기로 한 것이다.",우리은행 전신인 상업은행과 한일은행의 퇴직직원 동우회가 26년 만에 통합된다.,,"강원 상업은행 동우회장, 유중근 한일은행 동우회장은 지난 3일 서울 중구 우리은행 본점 대강당에서 동우회 통합 추진 양해각서(MOU)를 맺고 빠른 시일 내에 조직을 통합하기로 했다.",False,현재 문장은 특정 사건이나 상황에 대한 설명이므로 수치나 통계적 변화를 주장하지 않습니다.,high,hcx,HCX-007,isclaim-v1.3-prev2-context,2026-08-05
A0005-C003,A0005,"난 ‘상업맨’ 넌 ‘한일맨’... 우리은행 퇴직자들, 26년만에 합친다",2025-01-05,https://www.chosun.com/economy/economy_general/2025/01/05/S7HQZ4OR5JHBDA5JL37UHDYOLQ,1,3,1,"강원 상업은행 동우회장, 유중근 한일은행 동우회장은 지난 3일 서울 중구 우리은행 본점 대강당에서 동우회 통합 추진 양해각서(MOU)를 맺고 빠른 시일 내에 조직을 통합하기로 했다.","1999년 한일·상업은행이 통합해 우리은행이 출범한 이후 두 은행 출신 퇴직자들은 지금까지 각각 동우회를 운영해왔는데, 해산하고 통합하기로 한 것이다.",우리은행 전신인 상업은행과 한일은행의 퇴직직원 동우회가 26년 만에 통합된다.,우리은행에 따르면 두 은행의 동우회는 퇴직직원들의 자율적 모임으로 회원 간 친목과 상호부조를 도모하기 위해 1970년대에 설립돼 왔다.,False,"현재 문장은 특정 사건이나 단체 간의 합의 및 계획에 대한 내용으로, 수치나 통계적인 변화를 주장하지 않습니다.",high,hcx,HCX-007,isclaim-v1.3-prev2-context,2026-08-05
A0005-C004,A0005,"난 ‘상업맨’ 넌 ‘한일맨’... 우리은행 퇴직자들, 26년만에 합친다",2025-01-05,https://www.chosun.com/economy/economy_general/2025/01/05/S7HQZ4OR5JHBDA5JL37UHDYOLQ,1,4,1,우리은행에 따르면 두 은행의 동우회는 퇴직직원들의 자율적 모임으로 회원 간 친목과 상호부조를 도모하기 위해 1970년대에 설립돼 왔다.,"강원 상업은행 동우회장, 유중근 한일은행 동우회장은 지난 3일 서울 중구 우리은행 본점 대강당에서 동우회 통합 추진 양해각서(MOU)를 맺고 빠른 시일 내에 조직을 통합하기로 했다.","1999년 한일·상업은행이 통합해 우리은행이 출범한 이후 두 은행 출신 퇴직자들은 지금까지 각각 동우회를 운영해왔는데, 해산하고 통합하기로 한 것이다.",2002년 우리은행으로 통합된 이후에도 지점장급 이상 직원 가운데 자신들 출신 인사에게 연락해 가입비를 받고 회원으로 등록시키는 형태로 몸집을 불렸다.,False,"현재 문장은 우리은행의 동우회에 대한 설명을 하고 있으며, 이는 수치나 통계적인 변화를 주장하는 내용이 아닙니다.",high,hcx,HCX-007,isclaim-v1.3-prev2-context,2026-08-05
A0005-C005,A0005,"난 ‘상업맨’ 넌 ‘한일맨’... 우리은행 퇴직자들, 26년만에 합친다",2025-01-05,https://www.chosun.com/economy/economy_general/2025/01/05/S7HQZ4OR5JHBDA5JL37UHDYOLQ,1,5,1,2002년 우리은행으로 통합된 이후에도 지점장급 이상 직원 가운데 자신들 출신 인사에게 연락해 가입비를 받고 회원으로 등록시키는 형태로 몸집을 불렸다.,우리은행에 따르면 두 은행의 동우회는 퇴직직원들의 자율적 모임으로 회원 간 친목과 상호부조를 도모하기 위해 1970년대에 설립돼 왔다.,"강원 상업은행 동우회장, 유중근 한일은행 동우회장은 지난 3일 서울 중구 우리은행 본점 대강당에서 동우회 통합 추진 양해각서(MOU)를 맺고 빠른 시일 내에 조직을 통합하기로 했다.","하지만 우리은행이 상업·한일의 계파문화 때문에 발전이 지체되고, 각종 문제가 발생하고 있다는 지적이 이어지자, 동우회 통합이 필요하다는 의견이 대두됐다.",False,"현재 문장은 우리은행 동우회의 운영 방식에 대한 설명으로, 수치나 통계적인 변화를 주장하는 내용이 아닙니다.",high,hcx,HCX-007,isclaim-v1.3-prev2-context,2026-08-05
A0005-C006,A0005,"난 ‘상업맨’ 넌 ‘한일맨’... 우리은행 퇴직자들, 26년만에 합친다",2025-01-05,https://www.chosun.com/economy/economy_general/2025/01/05/S7HQZ4OR5JHBDA5JL37UHDYOLQ,1,6,1,"하지만 우리은행이 상업·한일의 계파문화 때문에 발전이 지체되고, 각종 문제가 발생하고 있다는 지적이 이어지자, 동우회 통합이 필요하다는 의견이 대두됐다.",2002년 우리은행으로 통합된 이후에도 지점장급 이상 직원 가운데 자신들 출신 인사에게 연락해 가입비를 받고 회원으로 등록시키는 형태로 몸집을 불렸다.,우리은행에 따르면 두 은행의 동우회는 퇴직직원들의 자율적 모임으로 회원 간 친목과 상호부조를 도모하기 위해 1970년대에 설립돼 왔다.,그러다 경제 관료 출신인 임종룡 우리금융회장이 지난 2023년 3월 취임하면서 통합 작업이 급물살을 탔다.,False,"현재 문장은 우리은행의 내부 문화 및 문제점에 대한 의견을 제시하고 있으며, 이는 KOSIS에서 검증 가능한 수치나 통계적 변화와는 관련이 없습니다.",high,hcx,HCX-007,isclaim-v1.3-prev2-context,2026-08-05
A0005-C007,A0005,"난 ‘상업맨’ 넌 ‘한일맨’... 우리은행 퇴직자들, 26년만에 합친다",2025-01-05,https://www.chosun.com/economy/economy_general/2025/01/05/S7HQZ4OR5JHBDA5JL37UHDYOLQ,1,7,1,그러다 경제 관료 출신인 임종룡 우리금융회장이 지난 2023년 3월 취임하면서 통합 작업이 급물살을 탔다.,"하지만 우리은행이 상업·한일의 계파문화 때문에 발전이 지체되고, 각종 문제가 발생하고 있다는 지적이 이어지자, 동우회 통합이 필요하다는 의견이 대두됐다.",2002년 우리은행으로 통합된 이후에도 지점장급 이상 직원 가운데 자신들 출신 인사에게 연락해 가입비를 받고 회원으로 등록시키는 형태로 몸집을 불렸다.,"임 회장은 취임사에서도 “분열과 반목의 정서, 낡고 답답한 업무 관행, 불투명하고 공정하지 못한 인사 등 음지의 문화는 이제 반드시 멈춰야 한다”고 말하는 등 계파 해체에 대한 의지를 밝혔고, 직접 역대 은행장들을 접촉해 동우회 통합이 필요하다는 의견을 전달했다.",False,"임종룡 우리금융회장의 취임과 관련된 내용은 수치나 통계적인 변화를 주장하지 않으며, 따라서 KOSIS를 통해 검증할 필요가 없습니다.",high,hcx,HCX-007,isclaim-v1.3-prev2-context,2026-08-05
A0005-C008,A0005,"난 ‘상업맨’ 넌 ‘한일맨’... 우리은행 퇴직자들, 26년만에 합친다",2025-01-05,https://www.chosun.com/economy/economy_general/2025/01/05/S7HQZ4OR5JHBDA5JL37UHDYOLQ,1,8,1,"임 회장은 취임사에서도 “분열과 반목의 정서, 낡고 답답한 업무 관행, 불투명하고 공정하지 못한 인사 등 음지의 문화는 이제 반드시 멈춰야 한다”고 말하는 등 계파 해체에 대한 의지를 밝혔고, 직접 역대 은행장들을 접촉해 동우회 통합이 필요하다는 의견을 전달했다.",그러다 경제 관료 출신인 임종룡 우리금융회장이 지난 2023년 3월 취임하면서 통합 작업이 급물살을 탔다.,"하지만 우리은행이 상업·한일의 계파문화 때문에 발전이 지체되고, 각종 문제가 발생하고 있다는 지적이 이어지자, 동우회 통합이 필요하다는 의견이 대두됐다.","우리은행 관계자는 “원로 은행장들도 우리은행이 고객 신뢰를 되찾고 재도약을 해야 하는 중요한 시기인 만큼, 퇴직 선배들이 솔선수범하겠다는 데에 뜻을 모았다”고 말했다.",False,"현재 문장은 조직 내부의 문제 해결 및 변화에 대한 내용으로, 수치나 통계적인 변화를 주장하지 않습니다.",high,hcx,HCX-007,isclaim-v1.3-prev2-context,2026-08-05
A0005-C009,A0005,"난 ‘상업맨’ 넌 ‘한일맨’... 우리은행 퇴직자들, 26년만에 합친다",2025-01-05,https://www.chosun.com/economy/economy_general/2025/01/05/S7HQZ4OR5JHBDA5JL37UHDYOLQ,1,9,1,"우리은행 관계자는 “원로 은행장들도 우리은행이 고객 신뢰를 되찾고 재도약을 해야 하는 중요한 시기인 만큼, 퇴직 선배들이 솔선수범하겠다는 데에 뜻을 모았다”고 말했다.","임 회장은 취임사에서도 “분열과 반목의 정서, 낡고 답답한 업무 관행, 불투명하고 공정하지 못한 인사 등 음지의 문화는 이제 반드시 멈춰야 한다”고 말하는 등 계파 해체에 대한 의지를 밝혔고, 직접 역대 은행장들을 접촉해 동우회 통합이 필요하다는 의견을 전달했다.",그러다 경제 관료 출신인 임종룡 우리금융회장이 지난 2023년 3월 취임하면서 통합 작업이 급물살을 탔다.,"통합 우리은행 동우회장은 누가 맡을 지, 어떤 식으로 선출할 지는 정해지지 않았다.",False,"현재 문장은 원로 은행장들의 뜻과 관련된 내용으로, 구체적인 수치나 통계적인 변화를 언급하지 않고 있다.",high,hcx,HCX-007,isclaim-v1.3-prev2-context,2026-08-05
A0005-C010,A0005,"난 ‘상업맨’ 넌 ‘한일맨’... 우리은행 퇴직자들, 26년만에 합친다",2025-01-05,https://www.chosun.com/economy/economy_general/2025/01/05/S7HQZ4OR5JHBDA5JL37UHDYOLQ,1,10,1,"통합 우리은행 동우회장은 누가 맡을 지, 어떤 식으로 선출할 지는 정해지지 않았다.","우리은행 관계자는 “원로 은행장들도 우리은행이 고객 신뢰를 되찾고 재도약을 해야 하는 중요한 시기인 만큼, 퇴직 선배들이 솔선수범하겠다는 데에 뜻을 모았다”고 말했다.","임 회장은 취임사에서도 “분열과 반목의 정서, 낡고 답답한 업무 관행, 불투명하고 공정하지 못한 인사 등 음지의 문화는 이제 반드시 멈춰야 한다”고 말하는 등 계파 해체에 대한 의지를 밝혔고, 직접 역대 은행장들을 접촉해 동우회 통합이 필요하다는 의견을 전달했다.",우리은행 관계자는 “본격적인 통합 작업을 하면서 결정해야 할 문제”라고 말했다.,False,"현재 문장은 통합 우리은행 동우회장에 대한 정보나 결정 사항이 없다는 단순한 진술로, 수치나 통계적인 변화를 주장하지 않습니다.",high,hcx,HCX-007,isclaim-v1.3-prev2-context,2026-08-05
A0005-C011,A0005,"난 ‘상업맨’ 넌 ‘한일맨’... 우리은행 퇴직자들, 26년만에 합친다",2025-01-05,https://www.chosun.com/economy/economy_general/2025/01/05/S7HQZ4OR5JHBDA5JL37UHDYOLQ,1,11,1,우리은행 관계자는 “본격적인 통합 작업을 하면서 결정해야 할 문제”라고 말했다.,"통합 우리은행 동우회장은 누가 맡을 지, 어떤 식으로 선출할 지는 정해지지 않았다.","우리은행 관계자는 “원로 은행장들도 우리은행이 고객 신뢰를 되찾고 재도약을 해야 하는 중요한 시기인 만큼, 퇴직 선배들이 솔선수범하겠다는 데에 뜻을 모았다”고 말했다.",한편 우리금융은 계파 청산을 위한 또다른 방안으로 현재 금융지주 내 모든 인사 자료에서 출신 은행 구분을 완전히 삭제하기로 했다.,False,"현재 문장은 단순한 의견이나 계획에 대한 진술로서, 수치나 통계적 변화를 주장하지 않습니다.",high,hcx,HCX-007,isclaim-v1.3-prev2-context,2026-08-05
A0005-C012,A0005,"난 ‘상업맨’ 넌 ‘한일맨’... 우리은행 퇴직자들, 26년만에 합친다",2025-01-05,https://www.chosun.com/economy/economy_general/2025/01/05/S7HQZ4OR5JHBDA5JL37UHDYOLQ,1,12,1,한편 우리금융은 계파 청산을 위한 또다른 방안으로 현재 금융지주 내 모든 인사 자료에서 출신 은행 구분을 완전히 삭제하기로 했다.,우리은행 관계자는 “본격적인 통합 작업을 하면서 결정해야 할 문제”라고 말했다.,"통합 우리은행 동우회장은 누가 맡을 지, 어떤 식으로 선출할 지는 정해지지 않았다.",,False,"현재 문장은 우리금융의 인사 자료 변경에 대한 내용으로, 이는 수치나 통계적 변화와 관련이 없습니다.",high,hcx,HCX-007,isclaim-v1.3-prev2-context,2026-08-05
A0006-C001,A0006,고물가에 설선물 벅차다면…사전예약‧묶음판매 그나마 싸다,2025-01-05,https://www.chosun.com/economy/market_trend/2025/01/05/GAQ4BB4HOJEWNP5GGCUHQTHY7M,1,1,1,"고물가에 합리적인 가격의 설선물을 찾는 소비자 수요가 늘어난 가운데, 백화점과 마트업계가 올해 예약판매 물량과 기획 세트 물량을 전년 대비 늘렸다.",,,올해 설 선물 세트를 미리 구매한 소비자들은 작년보다 대폭 늘었다.,False,"문장은 고물가와 관련된 소비자의 수요 변화에 대해 언급하지만, 구체적인 수치나 통계적 변화를 주장하지 않습니다.",high,hcx,HCX-007,isclaim-v1.3-prev2-context,2026-08-05
A0006-C002,A0006,고물가에 설선물 벅차다면…사전예약‧묶음판매 그나마 싸다,2025-01-05,https://www.chosun.com/economy/market_trend/2025/01/05/GAQ4BB4HOJEWNP5GGCUHQTHY7M,1,2,1,올해 설 선물 세트를 미리 구매한 소비자들은 작년보다 대폭 늘었다.,"고물가에 합리적인 가격의 설선물을 찾는 소비자 수요가 늘어난 가운데, 백화점과 마트업계가 올해 예약판매 물량과 기획 세트 물량을 전년 대비 늘렸다.",,"지난 1일까지 설선물 매출을 지난 설 동기간과 비교했을 때 롯데백화점은 45%, 신세계 72.4%, 현대백화점 71.8%, 갤러리아백화점은 32.0% 각각 증가했다.",True,설 선물 세트를 미리 구매한 소비자의 수가 작년보다 증가했다는 것은 KOSIS를 통해 관련 통계를 확인할 수 있는 내용이기 때문에 True로 판단합니다.,high,hcx,HCX-007,isclaim-v1.3-prev2-context,2026-08-05
A0006-C003,A0006,고물가에 설선물 벅차다면…사전예약‧묶음판매 그나마 싸다,2025-01-05,https://www.chosun.com/economy/market_trend/2025/01/05/GAQ4BB4HOJEWNP5GGCUHQTHY7M,1,3,1,"지난 1일까지 설선물 매출을 지난 설 동기간과 비교했을 때 롯데백화점은 45%, 신세계 72.4%, 현대백화점 71.8%, 갤러리아백화점은 32.0% 각각 증가했다.",올해 설 선물 세트를 미리 구매한 소비자들은 작년보다 대폭 늘었다.,"고물가에 합리적인 가격의 설선물을 찾는 소비자 수요가 늘어난 가운데, 백화점과 마트업계가 올해 예약판매 물량과 기획 세트 물량을 전년 대비 늘렸다.",대형마트 3사의 매출은 지난 설과 비슷한 수준이다.,True,"현재 문장은 각 백화점의 설선물 매출이 지난해 같은 기간 대비 얼마나 증가했는지를 구체적인 수치로 제시하고 있으며, 이는 국가통계포털(KOSIS)에서 관련 통계를 통해 검증할 수 있는 내용입니다.",high,hcx,HCX-007,isclaim-v1.3-prev2-context,2026-08-05
A0006-C004,A0006,고물가에 설선물 벅차다면…사전예약‧묶음판매 그나마 싸다,2025-01-05,https://www.chosun.com/economy/market_trend/2025/01/05/GAQ4BB4HOJEWNP5GGCUHQTHY7M,1,4,1,대형마트 3사의 매출은 지난 설과 비슷한 수준이다.,"지난 1일까지 설선물 매출을 지난 설 동기간과 비교했을 때 롯데백화점은 45%, 신세계 72.4%, 현대백화점 71.8%, 갤러리아백화점은 32.0% 각각 증가했다.",올해 설 선물 세트를 미리 구매한 소비자들은 작년보다 대폭 늘었다.,신세계백화점은 오는 9일까지 21일간 2025년 설 선물세트를 예약 판매하고 있다.,True,"현재 문장은 대형마트 3사의 매출이 지난 설과 비슷하다는 내용을 담고 있으며, 이는 KOSIS를 통해 확인 가능한 국내 집계 통계 정보로 볼 수 있습니다.",high,hcx,HCX-007,isclaim-v1.3-prev2-context,2026-08-05
A0006-C005,A0006,고물가에 설선물 벅차다면…사전예약‧묶음판매 그나마 싸다,2025-01-05,https://www.chosun.com/economy/market_trend/2025/01/05/GAQ4BB4HOJEWNP5GGCUHQTHY7M,1,5,1,신세계백화점은 오는 9일까지 21일간 2025년 설 선물세트를 예약 판매하고 있다.,대형마트 3사의 매출은 지난 설과 비슷한 수준이다.,"지난 1일까지 설선물 매출을 지난 설 동기간과 비교했을 때 롯데백화점은 45%, 신세계 72.4%, 현대백화점 71.8%, 갤러리아백화점은 32.0% 각각 증가했다.",지난해 설 대비 10% 늘어난 5만여 세트를 예약판매 물량으로 준비했다.,False,"현재 문장은 신세계백화점이 2025년 설 선물세트를 예약 판매하는 활동에 대한 정보 제공이지, 수치나 통계적인 변화를 주장하는 내용이 아닙니다.",high,hcx,HCX-007,isclaim-v1.3-prev2-context,2026-08-05
A0006-C007,A0006,고물가에 설선물 벅차다면…사전예약‧묶음판매 그나마 싸다,2025-01-05,https://www.chosun.com/economy/market_trend/2025/01/05/GAQ4BB4HOJEWNP5GGCUHQTHY7M,1,7,1,"주요 품목 할인율로는 한우 5~10%, 굴비 20%, 청과 10%, 와인 50%, 건강식품 60% 등이다.",지난해 설 대비 10% 늘어난 5만여 세트를 예약판매 물량으로 준비했다.,신세계백화점은 오는 9일까지 21일간 2025년 설 선물세트를 예약 판매하고 있다.,현대백화점도 오는 9일까지 2025년 설 선물세트 예약 판매를 진행한다.,False,주요 품목의 할인율은 개별 상품의 가격에 대한 정보이므로 국가통계포털(KOSIS)에서 검증 가능한 집계 통계가 아닙니다.,high,hcx,HCX-007,isclaim-v1.3-prev2-context,2026-08-05
A0006-C008,A0006,고물가에 설선물 벅차다면…사전예약‧묶음판매 그나마 싸다,2025-01-05,https://www.chosun.com/economy/market_trend/2025/01/05/GAQ4BB4HOJEWNP5GGCUHQTHY7M,1,8,1,현대백화점도 오는 9일까지 2025년 설 선물세트 예약 판매를 진행한다.,"주요 품목 할인율로는 한우 5~10%, 굴비 20%, 청과 10%, 와인 50%, 건강식품 60% 등이다.",지난해 설 대비 10% 늘어난 5만여 세트를 예약판매 물량으로 준비했다.,압구정본점 등 전국 15개 점포를 비롯해 공식 온라인몰 ‘더현대닷컴(12월30일~1월23일)’과 현대홈쇼핑 공식 온라인몰 ‘현대H몰(1월6일~1월23일)’ 등에서 순차적으로 진행하고 있다.,False,"현재 문장은 단순히 현대백화점이 2025년 설 선물세트 예약 판매를 진행한다는 사실을 전달하며, 이는 수치나 통계적인 변화를 주장하는 내용이 아닙니다.",high,hcx,HCX-007,isclaim-v1.3-prev2-context,2026-08-05
A0006-C009,A0006,고물가에 설선물 벅차다면…사전예약‧묶음판매 그나마 싸다,2025-01-05,https://www.chosun.com/economy/market_trend/2025/01/05/GAQ4BB4HOJEWNP5GGCUHQTHY7M,1,9,1,압구정본점 등 전국 15개 점포를 비롯해 공식 온라인몰 ‘더현대닷컴(12월30일~1월23일)’과 현대홈쇼핑 공식 온라인몰 ‘현대H몰(1월6일~1월23일)’ 등에서 순차적으로 진행하고 있다.,현대백화점도 오는 9일까지 2025년 설 선물세트 예약 판매를 진행한다.,"주요 품목 할인율로는 한우 5~10%, 굴비 20%, 청과 10%, 와인 50%, 건강식품 60% 등이다.",예약 판매 기간 중 한우·굴비·청과·건강식품·주류 등 선물세트 약 200여 종을 최대 30% 할인 판매한다.,False,"현재 문장은 백화점의 설 선물세트 예약 판매 일정 및 장소에 대한 정보 제공으로, 수치나 통계적인 변화를 주장하는 내용이 아닙니다.",high,hcx,HCX-007,isclaim-v1.3-prev2-context,2026-08-05
A0006-C010,A0006,고물가에 설선물 벅차다면…사전예약‧묶음판매 그나마 싸다,2025-01-05,https://www.chosun.com/economy/market_trend/2025/01/05/GAQ4BB4HOJEWNP5GGCUHQTHY7M,1,10,1,예약 판매 기간 중 한우·굴비·청과·건강식품·주류 등 선물세트 약 200여 종을 최대 30% 할인 판매한다.,압구정본점 등 전국 15개 점포를 비롯해 공식 온라인몰 ‘더현대닷컴(12월30일~1월23일)’과 현대홈쇼핑 공식 온라인몰 ‘현대H몰(1월6일~1월23일)’ 등에서 순차적으로 진행하고 있다.,현대백화점도 오는 9일까지 2025년 설 선물세트 예약 판매를 진행한다.,"롯데백화점은 5일까지 롯데백화점 전점에서 축산, 수산, 청과, 그로서리 등에서 약 230개 설 사전 예약 판매 품목을 선보이며 최대 60% 할인 판매한다.",False,"현재 문장은 특정 기업의 상품 할인 판매에 대한 내용으로, 이는 KOSIS에서 제공하는 국가 통계의 범위에 포함되지 않습니다.",high,hcx,HCX-007,isclaim-v1.3-prev2-context,2026-08-05
A0006-C011,A0006,고물가에 설선물 벅차다면…사전예약‧묶음판매 그나마 싸다,2025-01-05,https://www.chosun.com/economy/market_trend/2025/01/05/GAQ4BB4HOJEWNP5GGCUHQTHY7M,1,11,1,"롯데백화점은 5일까지 롯데백화점 전점에서 축산, 수산, 청과, 그로서리 등에서 약 230개 설 사전 예약 판매 품목을 선보이며 최대 60% 할인 판매한다.",예약 판매 기간 중 한우·굴비·청과·건강식품·주류 등 선물세트 약 200여 종을 최대 30% 할인 판매한다.,압구정본점 등 전국 15개 점포를 비롯해 공식 온라인몰 ‘더현대닷컴(12월30일~1월23일)’과 현대홈쇼핑 공식 온라인몰 ‘현대H몰(1월6일~1월23일)’ 등에서 순차적으로 진행하고 있다.,마트업계도 설선물 사전예약을 진행 중이다.,False,"현재 문장은 롯데백화점의 설 사전 예약 판매 품목 및 할인율에 대한 정보로, 이는 특정한 통계나 수치 변화에 관한 주장이 아닙니다.",high,hcx,HCX-007,isclaim-v1.3-prev2-context,2026-08-05
A0006-C012,A0006,고물가에 설선물 벅차다면…사전예약‧묶음판매 그나마 싸다,2025-01-05,https://www.chosun.com/economy/market_trend/2025/01/05/GAQ4BB4HOJEWNP5GGCUHQTHY7M,1,12,1,마트업계도 설선물 사전예약을 진행 중이다.,"롯데백화점은 5일까지 롯데백화점 전점에서 축산, 수산, 청과, 그로서리 등에서 약 230개 설 사전 예약 판매 품목을 선보이며 최대 60% 할인 판매한다.",예약 판매 기간 중 한우·굴비·청과·건강식품·주류 등 선물세트 약 200여 종을 최대 30% 할인 판매한다.,롯데마트는 주류 전문매장 보틀벙커와 함께 오는 15일까지 총 200여 품목의 주류 선물세트 사전예약 프로모션을 진행하고 있다.,False,마트 업계의 설 선물 사전 예약 진행 여부는 단순한 사실 전달이므로 KOSIS 통계로 검증할 필요가 없습니다.,high,hcx,HCX-007,isclaim-v1.3-prev2-context,2026-08-05
A0006-C013,A0006,고물가에 설선물 벅차다면…사전예약‧묶음판매 그나마 싸다,2025-01-05,https://www.chosun.com/economy/market_trend/2025/01/05/GAQ4BB4HOJEWNP5GGCUHQTHY7M,1,13,1,롯데마트는 주류 전문매장 보틀벙커와 함께 오는 15일까지 총 200여 품목의 주류 선물세트 사전예약 프로모션을 진행하고 있다.,마트업계도 설선물 사전예약을 진행 중이다.,"롯데백화점은 5일까지 롯데백화점 전점에서 축산, 수산, 청과, 그로서리 등에서 약 230개 설 사전 예약 판매 품목을 선보이며 최대 60% 할인 판매한다.",특히 가성비 높은 ‘2병 묶음’ 선물세트의 물량을 지난 설보다 약 30% 늘렸다.,False,"주류 선물세트 사전예약 프로모션 관련 내용으로, 이는 특정 기업의 마케팅 활동에 대한 정보이므로 KOSIS 통계와 관련이 없습니다.",high,hcx,HCX-007,isclaim-v1.3-prev2-context,2026-08-05
A0006-C014,A0006,고물가에 설선물 벅차다면…사전예약‧묶음판매 그나마 싸다,2025-01-05,https://www.chosun.com/economy/market_trend/2025/01/05/GAQ4BB4HOJEWNP5GGCUHQTHY7M,1,14,1,특히 가성비 높은 ‘2병 묶음’ 선물세트의 물량을 지난 설보다 약 30% 늘렸다.,롯데마트는 주류 전문매장 보틀벙커와 함께 오는 15일까지 총 200여 품목의 주류 선물세트 사전예약 프로모션을 진행하고 있다.,마트업계도 설선물 사전예약을 진행 중이다.,롯데마트 관계자는 “지난 설 선물세트 판매 실적을 살펴보면 와인 묶음 선물세트의 매출이 전년대비 20% 가량 증가했다”고 했다.,True,현재 문장은 가성비 높은 '2병 묶음' 선물세트의 물량이 지난 설보다 약 30% 늘어났다는 구체적인 수치 변화를 포함하고 있습니다.,high,hcx,HCX-007,isclaim-v1.3-prev2-context,2026-08-05
A0006-C015,A0006,고물가에 설선물 벅차다면…사전예약‧묶음판매 그나마 싸다,2025-01-05,https://www.chosun.com/economy/market_trend/2025/01/05/GAQ4BB4HOJEWNP5GGCUHQTHY7M,1,15,1,롯데마트 관계자는 “지난 설 선물세트 판매 실적을 살펴보면 와인 묶음 선물세트의 매출이 전년대비 20% 가량 증가했다”고 했다.,특히 가성비 높은 ‘2병 묶음’ 선물세트의 물량을 지난 설보다 약 30% 늘렸다.,롯데마트는 주류 전문매장 보틀벙커와 함께 오는 15일까지 총 200여 품목의 주류 선물세트 사전예약 프로모션을 진행하고 있다.,이마트에서는 과일 세트 주요 품목 가격을 전년보다 낮은 5만원 미만으로 구입할 수 있다.,True,롯데마트 관계자가 언급한 와인 묶음 선물세트의 매출이 전년대비 20% 증가한 것은 KOSIS를 통해 확인 가능한 국내 유통 및 소비 관련 통계 정보이기 때문에 True로 판단합니다.,high,hcx,HCX-007,isclaim-v1.3-prev2-context,2026-08-05
A0006-C016,A0006,고물가에 설선물 벅차다면…사전예약‧묶음판매 그나마 싸다,2025-01-05,https://www.chosun.com/economy/market_trend/2025/01/05/GAQ4BB4HOJEWNP5GGCUHQTHY7M,1,16,1,이마트에서는 과일 세트 주요 품목 가격을 전년보다 낮은 5만원 미만으로 구입할 수 있다.,롯데마트 관계자는 “지난 설 선물세트 판매 실적을 살펴보면 와인 묶음 선물세트의 매출이 전년대비 20% 가량 증가했다”고 했다.,특히 가성비 높은 ‘2병 묶음’ 선물세트의 물량을 지난 설보다 약 30% 늘렸다.,특히 사과 선물 세트 가격이 지난 설보다 약 10% 낮게 책정됐다.,True,"현재 문장은 이마트에서 판매하는 과일 세트의 가격이 전년 대비 낮다는 내용을 포함하고 있으며, 이는 KOSIS를 통해 비교 가능한 통계 정보로 볼 수 있습니다.",high,hcx,HCX-007,isclaim-v1.3-prev2-context,2026-08-05
A0006-C017,A0006,고물가에 설선물 벅차다면…사전예약‧묶음판매 그나마 싸다,2025-01-05,https://www.chosun.com/economy/market_trend/2025/01/05/GAQ4BB4HOJEWNP5GGCUHQTHY7M,1,17,1,특히 사과 선물 세트 가격이 지난 설보다 약 10% 낮게 책정됐다.,이마트에서는 과일 세트 주요 품목 가격을 전년보다 낮은 5만원 미만으로 구입할 수 있다.,롯데마트 관계자는 “지난 설 선물세트 판매 실적을 살펴보면 와인 묶음 선물세트의 매출이 전년대비 20% 가량 증가했다”고 했다.,올해 생산량이 늘어난 샤인머스캣 역시 지난 설 대비 약 30% 저렴하다.,True,사과 선물 세트의 가격이 지난 설 대비 약 10% 낮다는 것은 KOSIS를 통해 해당 시점 및 대상의 물가나 가격 변동을 비교하여 검증할 수 있는 내용이기 때문에 True로 판단합니다.,high,hcx,HCX-007,isclaim-v1.3-prev2-context,2026-08-05
A0006-C018,A0006,고물가에 설선물 벅차다면…사전예약‧묶음판매 그나마 싸다,2025-01-05,https://www.chosun.com/economy/market_trend/2025/01/05/GAQ4BB4HOJEWNP5GGCUHQTHY7M,1,18,1,올해 생산량이 늘어난 샤인머스캣 역시 지난 설 대비 약 30% 저렴하다.,특히 사과 선물 세트 가격이 지난 설보다 약 10% 낮게 책정됐다.,이마트에서는 과일 세트 주요 품목 가격을 전년보다 낮은 5만원 미만으로 구입할 수 있다.,축산·수산 선물 세트도 10만원 미만 가격대 선물 세트가 준비돼 있다.,True,"샤인머스캣의 가격 변동에 대한 정보로, 이는 국내 농산물 가격에 해당하며 KOSIS를 통해 비교 및 검증 가능하다.",high,hcx,HCX-007,isclaim-v1.3-prev2-context,2026-08-05
A0006-C019,A0006,고물가에 설선물 벅차다면…사전예약‧묶음판매 그나마 싸다,2025-01-05,https://www.chosun.com/economy/market_trend/2025/01/05/GAQ4BB4HOJEWNP5GGCUHQTHY7M,1,19,1,축산·수산 선물 세트도 10만원 미만 가격대 선물 세트가 준비돼 있다.,올해 생산량이 늘어난 샤인머스캣 역시 지난 설 대비 약 30% 저렴하다.,특히 사과 선물 세트 가격이 지난 설보다 약 10% 낮게 책정됐다.,홈플러스는 2만~6만 원대 중·저가 선물 세트 상품 수를 전년 대비 약 10% 늘렸다.,False,"현재 문장은 축산·수산 선물 세트의 가격대에 대한 정보를 제공하고 있지만, 이는 특정한 수치나 비율 등의 통계적 주장을 포함하지 않습니다.",high,hcx,HCX-007,isclaim-v1.3-prev2-context,2026-08-05
A0006-C020,A0006,고물가에 설선물 벅차다면…사전예약‧묶음판매 그나마 싸다,2025-01-05,https://www.chosun.com/economy/market_trend/2025/01/05/GAQ4BB4HOJEWNP5GGCUHQTHY7M,1,20,1,홈플러스는 2만~6만 원대 중·저가 선물 세트 상품 수를 전년 대비 약 10% 늘렸다.,축산·수산 선물 세트도 10만원 미만 가격대 선물 세트가 준비돼 있다.,올해 생산량이 늘어난 샤인머스캣 역시 지난 설 대비 약 30% 저렴하다.,물가 상승에도 수요가 많은 선물세트의 경우 가격을 동결해 소비자 부담을 최소화했다고 한다.,True,"홈플러스가 제공하는 중·저가 선물 세트의 수가 전년 대비 증가한 것을 주장하며, 이는 KOSIS를 통해 판매량 및 가격 변동에 대한 통계를 확인하여 검증할 수 있습니다.",high,hcx,HCX-007,isclaim-v1.3-prev2-context,2026-08-05
A0007-C001,A0007,"“보험사, 올해 경기 불확실성 확대로 인한 유동성 모니터링 강화해야”",2025-01-05,https://www.chosun.com/economy/money/2025/01/05/4RQQJHQPRSPR4FCEJPVQ2FVIJE,1,1,1,"올해 경기 불확실성이 확대되는 만큼 보험사의 경영 효율화, 유동성 모니터링 강화가 요구된다는 분석이 제기됐다.",,,보험연구원은 5일 ‘2025년 보험산업 주요 이슈’ 보고서를 통해 “경기 불확실성 확대로 올해 보험산업 성장이 제한적일 것으로 전망한다”며 이처럼 밝혔다.,False,"현재 문장은 보험사의 경영 효율화와 유동성 모니터링 필요성에 대한 분석 제기에 관한 내용으로, 이는 단순한 의견 평가나 원인 설명이지 수치나 통계적 변화에 관한 주장이 아닙니다.",high,hcx,HCX-007,isclaim-v1.3-prev2-context,2026-08-05
A0007-C002,A0007,"“보험사, 올해 경기 불확실성 확대로 인한 유동성 모니터링 강화해야”",2025-01-05,https://www.chosun.com/economy/money/2025/01/05/4RQQJHQPRSPR4FCEJPVQ2FVIJE,1,2,1,보험연구원은 5일 ‘2025년 보험산업 주요 이슈’ 보고서를 통해 “경기 불확실성 확대로 올해 보험산업 성장이 제한적일 것으로 전망한다”며 이처럼 밝혔다.,"올해 경기 불확실성이 확대되는 만큼 보험사의 경영 효율화, 유동성 모니터링 강화가 요구된다는 분석이 제기됐다.",,"연구원은 “금리 하락이 전망됨에 따라 보험사는 금리 위험 관리를 강화해야 한다”며 “경기 둔화 및 침체는 보험 수요 감소, 해지율 상승으로 이어질 수 있는 만큼 유동성 모니터링을 강화할 필요가 있다”고 설명했다.",False,"현재 문장은 보험산업의 성장 전망에 대한 의견을 제시하지만, 이는 구체적인 수치나 통계적 변화를 주장하는 것이 아니므로 KOSIS를 통한 검증 대상이 아닙니다.",high,hcx,HCX-007,isclaim-v1.3-prev2-context,2026-08-05
A0007-C003,A0007,"“보험사, 올해 경기 불확실성 확대로 인한 유동성 모니터링 강화해야”",2025-01-05,https://www.chosun.com/economy/money/2025/01/05/4RQQJHQPRSPR4FCEJPVQ2FVIJE,1,3,1,"연구원은 “금리 하락이 전망됨에 따라 보험사는 금리 위험 관리를 강화해야 한다”며 “경기 둔화 및 침체는 보험 수요 감소, 해지율 상승으로 이어질 수 있는 만큼 유동성 모니터링을 강화할 필요가 있다”고 설명했다.",보험연구원은 5일 ‘2025년 보험산업 주요 이슈’ 보고서를 통해 “경기 불확실성 확대로 올해 보험산업 성장이 제한적일 것으로 전망한다”며 이처럼 밝혔다.,"올해 경기 불확실성이 확대되는 만큼 보험사의 경영 효율화, 유동성 모니터링 강화가 요구된다는 분석이 제기됐다.",달러 강세와 관련해서는 “환 헤지 파생상품의 만기를 연장하는 과정에서 리스크가 발생할 수 있기 때문에 거시 금융 여건을 고려해 환 헤지 기간과 수단 등을 재조정해야 한다”고 덧붙였다.,True,"현재 문장은 금리 하락 전망과 경기 둔화가 보험사에 미치는 영향을 설명하며, 이는 보험산업의 성장과 관련된 통계적인 변화를 포함합니다.",high,hcx,HCX-007,isclaim-v1.3-prev2-context,2026-08-05
A0007-C004,A0007,"“보험사, 올해 경기 불확실성 확대로 인한 유동성 모니터링 강화해야”",2025-01-05,https://www.chosun.com/economy/money/2025/01/05/4RQQJHQPRSPR4FCEJPVQ2FVIJE,1,4,1,달러 강세와 관련해서는 “환 헤지 파생상품의 만기를 연장하는 과정에서 리스크가 발생할 수 있기 때문에 거시 금융 여건을 고려해 환 헤지 기간과 수단 등을 재조정해야 한다”고 덧붙였다.,"연구원은 “금리 하락이 전망됨에 따라 보험사는 금리 위험 관리를 강화해야 한다”며 “경기 둔화 및 침체는 보험 수요 감소, 해지율 상승으로 이어질 수 있는 만큼 유동성 모니터링을 강화할 필요가 있다”고 설명했다.",보험연구원은 5일 ‘2025년 보험산업 주요 이슈’ 보고서를 통해 “경기 불확실성 확대로 올해 보험산업 성장이 제한적일 것으로 전망한다”며 이처럼 밝혔다.,연구원은 올해 내수가 완만히 개선되는 가운데 수출 증가세가 둔화하면서 경제성장률은 작년에 비해 다소 하락한 2% 수준이 될 것으로 예상했다.,False,"현재 문장은 환 헤지 파생상품의 리스크 관리 방안에 대한 조언이므로, 이는 KOSIS에서 검증 가능한 수치나 통계적 변화와 관련이 없습니다.",high,hcx,HCX-007,isclaim-v1.3-prev2-context,2026-08-05
A0007-C005,A0007,"“보험사, 올해 경기 불확실성 확대로 인한 유동성 모니터링 강화해야”",2025-01-05,https://www.chosun.com/economy/money/2025/01/05/4RQQJHQPRSPR4FCEJPVQ2FVIJE,1,5,1,연구원은 올해 내수가 완만히 개선되는 가운데 수출 증가세가 둔화하면서 경제성장률은 작년에 비해 다소 하락한 2% 수준이 될 것으로 예상했다.,달러 강세와 관련해서는 “환 헤지 파생상품의 만기를 연장하는 과정에서 리스크가 발생할 수 있기 때문에 거시 금융 여건을 고려해 환 헤지 기간과 수단 등을 재조정해야 한다”고 덧붙였다.,"연구원은 “금리 하락이 전망됨에 따라 보험사는 금리 위험 관리를 강화해야 한다”며 “경기 둔화 및 침체는 보험 수요 감소, 해지율 상승으로 이어질 수 있는 만큼 유동성 모니터링을 강화할 필요가 있다”고 설명했다.","올해 말 국채 10년물 금리는 2% 중반대에 이를 것으로 예상되나, 경기 침체 우려가 하방 압력으로 작용하면서 시장금리는 당초 예상보다 더 낮은 수준에 머무를 수 있다고 지적했다.",True,현재 문장은 한국의 경제성장률이 작년 대비 하락하여 2% 수준이 될 것이라는 예측을 하고 있습니다. 이는 국가 경제 지표로서 KOSIS를 통해 검증 가능한 내용입니다.,high,hcx,HCX-007,isclaim-v1.3-prev2-context,2026-08-05
A0007-C006,A0007,"“보험사, 올해 경기 불확실성 확대로 인한 유동성 모니터링 강화해야”",2025-01-05,https://www.chosun.com/economy/money/2025/01/05/4RQQJHQPRSPR4FCEJPVQ2FVIJE,1,6,1,"올해 말 국채 10년물 금리는 2% 중반대에 이를 것으로 예상되나, 경기 침체 우려가 하방 압력으로 작용하면서 시장금리는 당초 예상보다 더 낮은 수준에 머무를 수 있다고 지적했다.",연구원은 올해 내수가 완만히 개선되는 가운데 수출 증가세가 둔화하면서 경제성장률은 작년에 비해 다소 하락한 2% 수준이 될 것으로 예상했다.,달러 강세와 관련해서는 “환 헤지 파생상품의 만기를 연장하는 과정에서 리스크가 발생할 수 있기 때문에 거시 금융 여건을 고려해 환 헤지 기간과 수단 등을 재조정해야 한다”고 덧붙였다.,연구원은 보험업계 새 회계제도인 IFRS17과 관련해서는 “보험회사별로 산출하는 계리적 가정에 대한 신뢰성을 높이기 위해 올해부터는 종합적인 관리체계 방안이 마련돼야 한다”고 강조했다.,True,"현재 문장은 '올해 말 국채 10년물 금리가 2% 중반대에 이를 것이다'라는 구체적인 수치 예측을 포함하고 있으며, 이는 국가 경제와 관련된 중요한 지표로서 KOSIS에서 대조 가능한 내용이기 때문이다.",high,hcx,HCX-007,isclaim-v1.3-prev2-context,2026-08-05
A0007-C007,A0007,"“보험사, 올해 경기 불확실성 확대로 인한 유동성 모니터링 강화해야”",2025-01-05,https://www.chosun.com/economy/money/2025/01/05/4RQQJHQPRSPR4FCEJPVQ2FVIJE,1,7,1,연구원은 보험업계 새 회계제도인 IFRS17과 관련해서는 “보험회사별로 산출하는 계리적 가정에 대한 신뢰성을 높이기 위해 올해부터는 종합적인 관리체계 방안이 마련돼야 한다”고 강조했다.,"올해 말 국채 10년물 금리는 2% 중반대에 이를 것으로 예상되나, 경기 침체 우려가 하방 압력으로 작용하면서 시장금리는 당초 예상보다 더 낮은 수준에 머무를 수 있다고 지적했다.",연구원은 올해 내수가 완만히 개선되는 가운데 수출 증가세가 둔화하면서 경제성장률은 작년에 비해 다소 하락한 2% 수준이 될 것으로 예상했다.,이어 “보험부채평가 기준을 구체적으로 제시해 회사별 비교가능성과 투명성을 제고해야 한다”고 설명했다.,False,"현재 문장은 보험회사의 계리적 가정 및 관리체계 방안에 대한 의견을 제시하고 있으며, 이는 특정한 수치나 통계적 변화를 주장하는 것이 아닙니다.",high,hcx,HCX-007,isclaim-v1.3-prev2-context,2026-08-05
A0007-C008,A0007,"“보험사, 올해 경기 불확실성 확대로 인한 유동성 모니터링 강화해야”",2025-01-05,https://www.chosun.com/economy/money/2025/01/05/4RQQJHQPRSPR4FCEJPVQ2FVIJE,1,8,1,이어 “보험부채평가 기준을 구체적으로 제시해 회사별 비교가능성과 투명성을 제고해야 한다”고 설명했다.,연구원은 보험업계 새 회계제도인 IFRS17과 관련해서는 “보험회사별로 산출하는 계리적 가정에 대한 신뢰성을 높이기 위해 올해부터는 종합적인 관리체계 방안이 마련돼야 한다”고 강조했다.,"올해 말 국채 10년물 금리는 2% 중반대에 이를 것으로 예상되나, 경기 침체 우려가 하방 압력으로 작용하면서 시장금리는 당초 예상보다 더 낮은 수준에 머무를 수 있다고 지적했다.",보험 모집과 관련해서는 “경제 불확실성이 확대될 것으로 예상됨에 따라 수수료 중심의 과당경쟁을 지양하고 모집시장에서 사업비 지출을 합리화해야 한다”고 언급했다.,False,"현재 문장은 보험부채평가 기준의 구체화와 관련된 내용으로, 이는 단순한 의견이나 평가로서 KOSIS 통계와 관련이 없습니다.",high,hcx,HCX-007,isclaim-v1.3-prev2-context,2026-08-05
A0007-C009,A0007,"“보험사, 올해 경기 불확실성 확대로 인한 유동성 모니터링 강화해야”",2025-01-05,https://www.chosun.com/economy/money/2025/01/05/4RQQJHQPRSPR4FCEJPVQ2FVIJE,1,9,1,보험 모집과 관련해서는 “경제 불확실성이 확대될 것으로 예상됨에 따라 수수료 중심의 과당경쟁을 지양하고 모집시장에서 사업비 지출을 합리화해야 한다”고 언급했다.,이어 “보험부채평가 기준을 구체적으로 제시해 회사별 비교가능성과 투명성을 제고해야 한다”고 설명했다.,연구원은 보험업계 새 회계제도인 IFRS17과 관련해서는 “보험회사별로 산출하는 계리적 가정에 대한 신뢰성을 높이기 위해 올해부터는 종합적인 관리체계 방안이 마련돼야 한다”고 강조했다.,"실손의료보험 개편과 관련해서는 “본인 부담금 상향을 통해 도덕적 해이를 완화하고, 보건정책과 연계한 보험상품 개편을 통해 정책의 실효성을 강화해야 한다”고 제언했다.",False,"현재 문장은 보험 모집 시장의 경쟁 및 비용 구조 개선 필요성에 대한 의견을 표현하고 있으며, 이는 특정한 수치나 통계적 변화를 주장하는 것이 아닙니다.",high,hcx,HCX-007,isclaim-v1.3-prev2-context,2026-08-05
A0007-C010,A0007,"“보험사, 올해 경기 불확실성 확대로 인한 유동성 모니터링 강화해야”",2025-01-05,https://www.chosun.com/economy/money/2025/01/05/4RQQJHQPRSPR4FCEJPVQ2FVIJE,1,10,1,"실손의료보험 개편과 관련해서는 “본인 부담금 상향을 통해 도덕적 해이를 완화하고, 보건정책과 연계한 보험상품 개편을 통해 정책의 실효성을 강화해야 한다”고 제언했다.",보험 모집과 관련해서는 “경제 불확실성이 확대될 것으로 예상됨에 따라 수수료 중심의 과당경쟁을 지양하고 모집시장에서 사업비 지출을 합리화해야 한다”고 언급했다.,이어 “보험부채평가 기준을 구체적으로 제시해 회사별 비교가능성과 투명성을 제고해야 한다”고 설명했다.,00:00 / 01:35 Technology and Trends in Gangnam Read Article,False,"현재 문장은 실손의료보험 개편 방안에 대한 제안으로, 구체적인 수치나 통계적 변화를 주장하지 않습니다.",high,hcx,HCX-007,isclaim-v1.3-prev2-context,2026-08-05
A0007-C011,A0007,"“보험사, 올해 경기 불확실성 확대로 인한 유동성 모니터링 강화해야”",2025-01-05,https://www.chosun.com/economy/money/2025/01/05/4RQQJHQPRSPR4FCEJPVQ2FVIJE,1,11,1,00:00 / 01:35 Technology and Trends in Gangnam Read Article,"실손의료보험 개편과 관련해서는 “본인 부담금 상향을 통해 도덕적 해이를 완화하고, 보건정책과 연계한 보험상품 개편을 통해 정책의 실효성을 강화해야 한다”고 제언했다.",보험 모집과 관련해서는 “경제 불확실성이 확대될 것으로 예상됨에 따라 수수료 중심의 과당경쟁을 지양하고 모집시장에서 사업비 지출을 합리화해야 한다”고 언급했다.,,False,"현재 문장은 기술 및 트렌드에 관한 내용으로, 수치나 통계적인 변화를 주장하지 않는다.",high,hcx,HCX-007,isclaim-v1.3-prev2-context,2026-08-05
A0008-C001,A0008,"금감원, IFRS17 계도기간 종료...“연말 결산시 충실히 반영해야”",2025-01-05,https://www.chosun.com/economy/money/2025/01/05/AHCYQSBZ6DRCIZPXIE32AZ4CLU,1,1,1,금융당국이 2024년 연말 결산을 앞두고 보험업계에 그동안 검토된 새 회계제도(IFRS17) 관련 사항을 충실히 반영하라고 다시 한번 강조했다.,,,금융감독원은 5일 ‘IFRS17 안정화 추진경과 및 향후 감독방향’ 보도자료를 내고 “이번 연말 결산으로 계도 기간이 종료되는 만큼 보험업계가 그간 검토된 사항을 결산에 충실히 반영하도록 감독역량을 집중하겠다”고 밝혔다.,False,"문장은 보험업계의 회계제도에 대한 금융당국의 강조를 다루고 있으며, 이는 수치나 통계적인 변화를 주장하는 내용이 아닙니다.",high,hcx,HCX-007,isclaim-v1.3-prev2-context,2026-08-05
A0008-C002,A0008,"금감원, IFRS17 계도기간 종료...“연말 결산시 충실히 반영해야”",2025-01-05,https://www.chosun.com/economy/money/2025/01/05/AHCYQSBZ6DRCIZPXIE32AZ4CLU,1,2,1,금융감독원은 5일 ‘IFRS17 안정화 추진경과 및 향후 감독방향’ 보도자료를 내고 “이번 연말 결산으로 계도 기간이 종료되는 만큼 보험업계가 그간 검토된 사항을 결산에 충실히 반영하도록 감독역량을 집중하겠다”고 밝혔다.,금융당국이 2024년 연말 결산을 앞두고 보험업계에 그동안 검토된 새 회계제도(IFRS17) 관련 사항을 충실히 반영하라고 다시 한번 강조했다.,,앞서 금융당국은 IFRS17의 계리적 가정 등과 관련해 보험업계에 혼란이 잇따르자 작년 한시적으로 IFRS17 기준서상 판단·해석 차이에 대한 계도기간을 운영했다.,False,"현재 문장은 금융감독원의 IFRS17 관련 감독 방향에 대한 내용으로, 수치나 통계적인 변화를 주장하는 내용이 아닙니다.",high,hcx,HCX-007,isclaim-v1.3-prev2-context,2026-08-05
A0008-C003,A0008,"금감원, IFRS17 계도기간 종료...“연말 결산시 충실히 반영해야”",2025-01-05,https://www.chosun.com/economy/money/2025/01/05/AHCYQSBZ6DRCIZPXIE32AZ4CLU,1,3,1,앞서 금융당국은 IFRS17의 계리적 가정 등과 관련해 보험업계에 혼란이 잇따르자 작년 한시적으로 IFRS17 기준서상 판단·해석 차이에 대한 계도기간을 운영했다.,금융감독원은 5일 ‘IFRS17 안정화 추진경과 및 향후 감독방향’ 보도자료를 내고 “이번 연말 결산으로 계도 기간이 종료되는 만큼 보험업계가 그간 검토된 사항을 결산에 충실히 반영하도록 감독역량을 집중하겠다”고 밝혔다.,금융당국이 2024년 연말 결산을 앞두고 보험업계에 그동안 검토된 새 회계제도(IFRS17) 관련 사항을 충실히 반영하라고 다시 한번 강조했다.,이후 보험개혁회의를 통해 IFRS17이 단기실적 경쟁수단으로 악용되지 않도록 무·저해지 상품 해지율 개선 등 내용을 담은 보험회계 개선방안을 발표했다.,False,"현재 문장은 IFRS17의 계리적 가정 등과 관련된 혼란과 계도 기간에 대해 설명하고 있으며, 이는 수치나 통계적인 변화를 주장하는 내용이 아닙니다.",high,hcx,HCX-007,isclaim-v1.3-prev2-context,2026-08-05
A0008-C004,A0008,"금감원, IFRS17 계도기간 종료...“연말 결산시 충실히 반영해야”",2025-01-05,https://www.chosun.com/economy/money/2025/01/05/AHCYQSBZ6DRCIZPXIE32AZ4CLU,1,4,1,이후 보험개혁회의를 통해 IFRS17이 단기실적 경쟁수단으로 악용되지 않도록 무·저해지 상품 해지율 개선 등 내용을 담은 보험회계 개선방안을 발표했다.,앞서 금융당국은 IFRS17의 계리적 가정 등과 관련해 보험업계에 혼란이 잇따르자 작년 한시적으로 IFRS17 기준서상 판단·해석 차이에 대한 계도기간을 운영했다.,금융감독원은 5일 ‘IFRS17 안정화 추진경과 및 향후 감독방향’ 보도자료를 내고 “이번 연말 결산으로 계도 기간이 종료되는 만큼 보험업계가 그간 검토된 사항을 결산에 충실히 반영하도록 감독역량을 집중하겠다”고 밝혔다.,"또 업계 공동협의체, 질의회신연석회의·회계심의위원회 등을 통해 공시이율 예실차 회계처리, 보험계약마진(CSM) 상각률 산출기준 등에 대한 검토 결과를 지도해 왔다.",False,"현재 문장은 보험개혁회의의 발표 내용에 관한 것으로, 특정한 수치나 통계적인 변화를 주장하지 않습니다.",high,hcx,HCX-007,isclaim-v1.3-prev2-context,2026-08-05
A0008-C006,A0008,"금감원, IFRS17 계도기간 종료...“연말 결산시 충실히 반영해야”",2025-01-05,https://www.chosun.com/economy/money/2025/01/05/AHCYQSBZ6DRCIZPXIE32AZ4CLU,1,6,1,금감원이 결산을 앞두고 다시 한번 엄정한 회계 처리를 강조한 것은 계엄 사태 이후 정치적·경제적 불확실성이 높아짐에 따라 업계 일각에서 회계 처리를 느슨하게 해도 되는 것 아니냐는 분위기가 감지되면서다.,"또 업계 공동협의체, 질의회신연석회의·회계심의위원회 등을 통해 공시이율 예실차 회계처리, 보험계약마진(CSM) 상각률 산출기준 등에 대한 검토 결과를 지도해 왔다.",이후 보험개혁회의를 통해 IFRS17이 단기실적 경쟁수단으로 악용되지 않도록 무·저해지 상품 해지율 개선 등 내용을 담은 보험회계 개선방안을 발표했다.,"금감원은 보험사 외부감사인과 정기적으로 간담회를 개최해 결산 감사 주요 이슈를 선제적으로 점검하고, 운영 중인 ‘핫라인’을 통해 보험업계로부터 결산 관련 주요 질의사항을 신속히 파악해 대응할 계획이다.",False,"현재 문장은 금융감독원의 회계 처리 강조 이유에 대한 설명으로, 특정한 수치나 통계적 변화를 주장하지 않습니다.",high,hcx,HCX-007,isclaim-v1.3-prev2-context,2026-08-05
A0008-C007,A0008,"금감원, IFRS17 계도기간 종료...“연말 결산시 충실히 반영해야”",2025-01-05,https://www.chosun.com/economy/money/2025/01/05/AHCYQSBZ6DRCIZPXIE32AZ4CLU,1,7,1,"금감원은 보험사 외부감사인과 정기적으로 간담회를 개최해 결산 감사 주요 이슈를 선제적으로 점검하고, 운영 중인 ‘핫라인’을 통해 보험업계로부터 결산 관련 주요 질의사항을 신속히 파악해 대응할 계획이다.",금감원이 결산을 앞두고 다시 한번 엄정한 회계 처리를 강조한 것은 계엄 사태 이후 정치적·경제적 불확실성이 높아짐에 따라 업계 일각에서 회계 처리를 느슨하게 해도 되는 것 아니냐는 분위기가 감지되면서다.,"또 업계 공동협의체, 질의회신연석회의·회계심의위원회 등을 통해 공시이율 예실차 회계처리, 보험계약마진(CSM) 상각률 산출기준 등에 대한 검토 결과를 지도해 왔다.",금감원 관계자는 “연말 결산부터는 회계 관련 논의 사항을 제대로 반영해야 한다”며 “계도 기간 중이라도 고의로 회계가정을 비합리적으로 적용해 실적을 부풀리려고 할 경우에는 제재를 피할 수 없다”고 말했다.,False,"현재 문장은 금융감독원의 계획 및 활동에 대한 설명으로, 수치나 통계적인 변화를 주장하는 내용이 아닙니다.",high,hcx,HCX-007,isclaim-v1.3-prev2-context,2026-08-05
A0008-C008,A0008,"금감원, IFRS17 계도기간 종료...“연말 결산시 충실히 반영해야”",2025-01-05,https://www.chosun.com/economy/money/2025/01/05/AHCYQSBZ6DRCIZPXIE32AZ4CLU,1,8,1,금감원 관계자는 “연말 결산부터는 회계 관련 논의 사항을 제대로 반영해야 한다”며 “계도 기간 중이라도 고의로 회계가정을 비합리적으로 적용해 실적을 부풀리려고 할 경우에는 제재를 피할 수 없다”고 말했다.,"금감원은 보험사 외부감사인과 정기적으로 간담회를 개최해 결산 감사 주요 이슈를 선제적으로 점검하고, 운영 중인 ‘핫라인’을 통해 보험업계로부터 결산 관련 주요 질의사항을 신속히 파악해 대응할 계획이다.",금감원이 결산을 앞두고 다시 한번 엄정한 회계 처리를 강조한 것은 계엄 사태 이후 정치적·경제적 불확실성이 높아짐에 따라 업계 일각에서 회계 처리를 느슨하게 해도 되는 것 아니냐는 분위기가 감지되면서다.,또 “IFRS17 기초가정의 중요성 및 최근 금융시장 불확실성 등을 고려해 보험부채 시가평가 제도가 더욱 안정화될 수 있도록 보험 회계 감독·검사 강화방안을 조속히 마련해 추진하겠다”고 강조했다.,False,"현재 문장은 금감원의 회계 처리 방침 및 제재 계획에 대한 내용으로, 특정한 수치나 통계적 변화를 주장하는 내용이 아닙니다.",high,hcx,HCX-007,isclaim-v1.3-prev2-context,2026-08-05
A0008-C009,A0008,"금감원, IFRS17 계도기간 종료...“연말 결산시 충실히 반영해야”",2025-01-05,https://www.chosun.com/economy/money/2025/01/05/AHCYQSBZ6DRCIZPXIE32AZ4CLU,1,9,1,또 “IFRS17 기초가정의 중요성 및 최근 금융시장 불확실성 등을 고려해 보험부채 시가평가 제도가 더욱 안정화될 수 있도록 보험 회계 감독·검사 강화방안을 조속히 마련해 추진하겠다”고 강조했다.,금감원 관계자는 “연말 결산부터는 회계 관련 논의 사항을 제대로 반영해야 한다”며 “계도 기간 중이라도 고의로 회계가정을 비합리적으로 적용해 실적을 부풀리려고 할 경우에는 제재를 피할 수 없다”고 말했다.,"금감원은 보험사 외부감사인과 정기적으로 간담회를 개최해 결산 감사 주요 이슈를 선제적으로 점검하고, 운영 중인 ‘핫라인’을 통해 보험업계로부터 결산 관련 주요 질의사항을 신속히 파악해 대응할 계획이다.",,False,"현재 문장은 보험 회계 감독 및 검사 강화를 위한 방안을 마련하겠다는 계획에 대한 내용으로, 구체적인 수치나 통계적인 변화를 주장하지 않습니다.",high,hcx,HCX-007,isclaim-v1.3-prev2-context,2026-08-05
A0009-C001,A0009,"거래소, 공매도 중앙점검시스템 개발 완료… “6일 연계테스트 시작”",2025-01-05,https://www.chosun.com/economy/money/2025/01/05/AMEAD7FQ7HRRBMZKUK2KX7XG4Y,1,1,1,한국거래소가 불법 공매도 방지를 위해 기관투자자의 공매도 거래내역을 상시 점검할 수 있는 공매도 중앙점검시스템(NSDS) 개발을 완료했다고 5일 밝혔다.,,,거래소는 오는 6일부터 잔고관리시스템을 구축한 주요 기관투자자와 연계 테스트를 시작할 예정이다.,False,"현재 문장은 한국거래소의 시스템 개발 완료 소식으로, 수치나 통계적 변화를 주장하는 내용이 아닙니다.",high,hcx,HCX-007,isclaim-v1.3-prev2-context,2026-08-05
A0009-C002,A0009,"거래소, 공매도 중앙점검시스템 개발 완료… “6일 연계테스트 시작”",2025-01-05,https://www.chosun.com/economy/money/2025/01/05/AMEAD7FQ7HRRBMZKUK2KX7XG4Y,1,2,1,거래소는 오는 6일부터 잔고관리시스템을 구축한 주요 기관투자자와 연계 테스트를 시작할 예정이다.,한국거래소가 불법 공매도 방지를 위해 기관투자자의 공매도 거래내역을 상시 점검할 수 있는 공매도 중앙점검시스템(NSDS) 개발을 완료했다고 5일 밝혔다.,,앞서 거래소는 지난해 6월 13일 정부가 공매도 제도개선 방안을 발표한 이후 같은 해 7월부터 NSDS 개발에 착수했다.,False,"현재 문장은 거래소의 시스템 구축 및 테스트 일정에 대한 내용으로, 수치나 통계적인 변화를 주장하지 않습니다.",high,hcx,HCX-007,isclaim-v1.3-prev2-context,2026-08-05
A0009-C003,A0009,"거래소, 공매도 중앙점검시스템 개발 완료… “6일 연계테스트 시작”",2025-01-05,https://www.chosun.com/economy/money/2025/01/05/AMEAD7FQ7HRRBMZKUK2KX7XG4Y,1,3,1,앞서 거래소는 지난해 6월 13일 정부가 공매도 제도개선 방안을 발표한 이후 같은 해 7월부터 NSDS 개발에 착수했다.,거래소는 오는 6일부터 잔고관리시스템을 구축한 주요 기관투자자와 연계 테스트를 시작할 예정이다.,한국거래소가 불법 공매도 방지를 위해 기관투자자의 공매도 거래내역을 상시 점검할 수 있는 공매도 중앙점검시스템(NSDS) 개발을 완료했다고 5일 밝혔다.,공매도 전산시스템은 크게 두 가지로 나뉜다.,False,"현재 문장은 거래소의 공매도 시스템 개발 과정에 대한 설명으로, 수치나 통계적인 변화를 주장하는 내용이 아닙니다.",high,hcx,HCX-007,isclaim-v1.3-prev2-context,2026-08-05
A0009-C004,A0009,"거래소, 공매도 중앙점검시스템 개발 완료… “6일 연계테스트 시작”",2025-01-05,https://www.chosun.com/economy/money/2025/01/05/AMEAD7FQ7HRRBMZKUK2KX7XG4Y,1,4,1,공매도 전산시스템은 크게 두 가지로 나뉜다.,앞서 거래소는 지난해 6월 13일 정부가 공매도 제도개선 방안을 발표한 이후 같은 해 7월부터 NSDS 개발에 착수했다.,거래소는 오는 6일부터 잔고관리시스템을 구축한 주요 기관투자자와 연계 테스트를 시작할 예정이다.,먼저 기관투자자 자체 잔고관리시스템은 불법 공매도를 자체적으로 사전 차단하기 위해 매도 가능 잔고 등을 실시간으로 관리하는 기관 내 전산시스템이다.,False,"현재 문장은 공매도 전산시스템의 종류에 대한 설명이므로, 수치나 통계적인 변화를 주장하는 내용이 아닙니다.",high,hcx,HCX-007,isclaim-v1.3-prev2-context,2026-08-05
A0009-C005,A0009,"거래소, 공매도 중앙점검시스템 개발 완료… “6일 연계테스트 시작”",2025-01-05,https://www.chosun.com/economy/money/2025/01/05/AMEAD7FQ7HRRBMZKUK2KX7XG4Y,1,5,1,먼저 기관투자자 자체 잔고관리시스템은 불법 공매도를 자체적으로 사전 차단하기 위해 매도 가능 잔고 등을 실시간으로 관리하는 기관 내 전산시스템이다.,공매도 전산시스템은 크게 두 가지로 나뉜다.,앞서 거래소는 지난해 6월 13일 정부가 공매도 제도개선 방안을 발표한 이후 같은 해 7월부터 NSDS 개발에 착수했다.,NSDS의 경우 기관투자자가 잔고 및 변동내역을 거래소에 보고하면 거래소·넥스트레이드(ATS)의 거래내역과 잔고를 비교해 불법 공매도를 적발한다.,False,"현재 문장은 공매도 전산시스템의 구성 요소에 대한 설명으로, 수치나 통계적인 변화를 주장하지 않습니다.",high,hcx,HCX-007,isclaim-v1.3-prev2-context,2026-08-05
A0009-C006,A0009,"거래소, 공매도 중앙점검시스템 개발 완료… “6일 연계테스트 시작”",2025-01-05,https://www.chosun.com/economy/money/2025/01/05/AMEAD7FQ7HRRBMZKUK2KX7XG4Y,1,6,1,NSDS의 경우 기관투자자가 잔고 및 변동내역을 거래소에 보고하면 거래소·넥스트레이드(ATS)의 거래내역과 잔고를 비교해 불법 공매도를 적발한다.,먼저 기관투자자 자체 잔고관리시스템은 불법 공매도를 자체적으로 사전 차단하기 위해 매도 가능 잔고 등을 실시간으로 관리하는 기관 내 전산시스템이다.,공매도 전산시스템은 크게 두 가지로 나뉜다.,이는 거래체결일로부터 3거래일이 소요된다.,False,"현재 문장은 공매도 전산 시스템(NSDS)의 작동 방식에 대한 설명으로, 수치나 통계적인 변화를 주장하는 내용이 아닙니다.",high,hcx,HCX-007,isclaim-v1.3-prev2-context,2026-08-05
A0009-C007,A0009,"거래소, 공매도 중앙점검시스템 개발 완료… “6일 연계테스트 시작”",2025-01-05,https://www.chosun.com/economy/money/2025/01/05/AMEAD7FQ7HRRBMZKUK2KX7XG4Y,1,7,1,이는 거래체결일로부터 3거래일이 소요된다.,NSDS의 경우 기관투자자가 잔고 및 변동내역을 거래소에 보고하면 거래소·넥스트레이드(ATS)의 거래내역과 잔고를 비교해 불법 공매도를 적발한다.,먼저 기관투자자 자체 잔고관리시스템은 불법 공매도를 자체적으로 사전 차단하기 위해 매도 가능 잔고 등을 실시간으로 관리하는 기관 내 전산시스템이다.,NSDS에서는 불법 공매도 자동 적출 기능과 기관투자자의 적출 내역 확인·소명자료 제출 등을 지원하기 위한 기관투자자용 웹사이트 등을 제공한다.,False,"현재 문장은 거래 체결 후 3거래일이 소요된다는 정보 제공이지만, 이는 수치나 비율 등의 통계적 주장과는 관련이 없습니다.",high,hcx,HCX-007,isclaim-v1.3-prev2-context,2026-08-05
A0009-C008,A0009,"거래소, 공매도 중앙점검시스템 개발 완료… “6일 연계테스트 시작”",2025-01-05,https://www.chosun.com/economy/money/2025/01/05/AMEAD7FQ7HRRBMZKUK2KX7XG4Y,1,8,1,NSDS에서는 불법 공매도 자동 적출 기능과 기관투자자의 적출 내역 확인·소명자료 제출 등을 지원하기 위한 기관투자자용 웹사이트 등을 제공한다.,이는 거래체결일로부터 3거래일이 소요된다.,NSDS의 경우 기관투자자가 잔고 및 변동내역을 거래소에 보고하면 거래소·넥스트레이드(ATS)의 거래내역과 잔고를 비교해 불법 공매도를 적발한다.,이번 연계 테스트는 90% 이상의 공매도 거래 비중을 차지하는 주요 국내·외 기관투자자 30여개사가 참여할 예정이다.,False,"현재 문장은 NSDS 시스템의 기능과 관련된 설명으로, 수치나 통계적인 변화를 주장하지 않는다.",high,hcx,HCX-007,isclaim-v1.3-prev2-context,2026-08-05
A0009-C009,A0009,"거래소, 공매도 중앙점검시스템 개발 완료… “6일 연계테스트 시작”",2025-01-05,https://www.chosun.com/economy/money/2025/01/05/AMEAD7FQ7HRRBMZKUK2KX7XG4Y,1,9,1,이번 연계 테스트는 90% 이상의 공매도 거래 비중을 차지하는 주요 국내·외 기관투자자 30여개사가 참여할 예정이다.,NSDS에서는 불법 공매도 자동 적출 기능과 기관투자자의 적출 내역 확인·소명자료 제출 등을 지원하기 위한 기관투자자용 웹사이트 등을 제공한다.,이는 거래체결일로부터 3거래일이 소요된다.,거래소는 오는 2월까지 NSDS와의 인터페이스 연결 및 데이터 정합성 등을 집중 점검할 방침이다.,False,"현재 문장은 특정 사건에서의 참여 예정 인원에 대한 정보로, KOSIS에서 검증 가능한 집계 통계가 아닙니다.",high,hcx,HCX-007,isclaim-v1.3-prev2-context,2026-08-05
A0009-C010,A0009,"거래소, 공매도 중앙점검시스템 개발 완료… “6일 연계테스트 시작”",2025-01-05,https://www.chosun.com/economy/money/2025/01/05/AMEAD7FQ7HRRBMZKUK2KX7XG4Y,1,10,1,거래소는 오는 2월까지 NSDS와의 인터페이스 연결 및 데이터 정합성 등을 집중 점검할 방침이다.,이번 연계 테스트는 90% 이상의 공매도 거래 비중을 차지하는 주요 국내·외 기관투자자 30여개사가 참여할 예정이다.,NSDS에서는 불법 공매도 자동 적출 기능과 기관투자자의 적출 내역 확인·소명자료 제출 등을 지원하기 위한 기관투자자용 웹사이트 등을 제공한다.,이후 테스트를 완수한 기관투자자를 대상으로 올해 3월 6일부터 같은 달 26일까지 모의시장을 운영한다.,False,"현재 문장은 거래소가 NSDS와의 인터페이스 연결 및 데이터 정합성을 점검한다는 내용으로, 이는 수치나 통계적인 변화를 주장하는 내용이 아닙니다.",high,hcx,HCX-007,isclaim-v1.3-prev2-context,2026-08-05
A0009-C011,A0009,"거래소, 공매도 중앙점검시스템 개발 완료… “6일 연계테스트 시작”",2025-01-05,https://www.chosun.com/economy/money/2025/01/05/AMEAD7FQ7HRRBMZKUK2KX7XG4Y,1,11,1,이후 테스트를 완수한 기관투자자를 대상으로 올해 3월 6일부터 같은 달 26일까지 모의시장을 운영한다.,거래소는 오는 2월까지 NSDS와의 인터페이스 연결 및 데이터 정합성 등을 집중 점검할 방침이다.,이번 연계 테스트는 90% 이상의 공매도 거래 비중을 차지하는 주요 국내·외 기관투자자 30여개사가 참여할 예정이다.,거래소 관계자는 “오는 3월 31일 공매도 전산시스템 의무화 시행 전까지 시스템 안정화를 위해 만전을 기할 것”이라고 말했다.,False,"현재 문장은 모의시장 운영 일정에 대한 정보 제공으로, 수치나 통계적인 변화를 주장하는 내용이 아닙니다.",high,hcx,HCX-007,isclaim-v1.3-prev2-context,2026-08-05
A0009-C012,A0009,"거래소, 공매도 중앙점검시스템 개발 완료… “6일 연계테스트 시작”",2025-01-05,https://www.chosun.com/economy/money/2025/01/05/AMEAD7FQ7HRRBMZKUK2KX7XG4Y,1,12,1,거래소 관계자는 “오는 3월 31일 공매도 전산시스템 의무화 시행 전까지 시스템 안정화를 위해 만전을 기할 것”이라고 말했다.,이후 테스트를 완수한 기관투자자를 대상으로 올해 3월 6일부터 같은 달 26일까지 모의시장을 운영한다.,거래소는 오는 2월까지 NSDS와의 인터페이스 연결 및 데이터 정합성 등을 집중 점검할 방침이다.,그간 거래소는 NSDS 개발을 추진하면서 국내·외 기관투자자를 대상으로 총 4차례에 걸쳐 설명회를 개최해 NSDS 개발 상황을 공유했다.,False,"현재 문장은 시스템의 안정화에 대한 계획과 관련된 내용으로, 특정한 수치나 통계적인 변화를 주장하지 않습니다.",high,hcx,HCX-007,isclaim-v1.3-prev2-context,2026-08-05
A0009-C013,A0009,"거래소, 공매도 중앙점검시스템 개발 완료… “6일 연계테스트 시작”",2025-01-05,https://www.chosun.com/economy/money/2025/01/05/AMEAD7FQ7HRRBMZKUK2KX7XG4Y,1,13,1,그간 거래소는 NSDS 개발을 추진하면서 국내·외 기관투자자를 대상으로 총 4차례에 걸쳐 설명회를 개최해 NSDS 개발 상황을 공유했다.,거래소 관계자는 “오는 3월 31일 공매도 전산시스템 의무화 시행 전까지 시스템 안정화를 위해 만전을 기할 것”이라고 말했다.,이후 테스트를 완수한 기관투자자를 대상으로 올해 3월 6일부터 같은 달 26일까지 모의시장을 운영한다.,거래소는 이달 중 NSDS 잔고 보고에 활용할 수 있는 상세 매뉴얼인 ‘NSDS 가이드북’도 배포할 계획이다.,False,"현재 문장은 거래소가 NSDS 개발을 추진하며 설명회를 개최했다는 내용으로, 이는 단순한 정보 공유 및 활동 보고로서 수치나 통계적 변화를 주장하는 내용이 아닙니다.",high,hcx,HCX-007,isclaim-v1.3-prev2-context,2026-08-05
A0009-C014,A0009,"거래소, 공매도 중앙점검시스템 개발 완료… “6일 연계테스트 시작”",2025-01-05,https://www.chosun.com/economy/money/2025/01/05/AMEAD7FQ7HRRBMZKUK2KX7XG4Y,1,14,1,거래소는 이달 중 NSDS 잔고 보고에 활용할 수 있는 상세 매뉴얼인 ‘NSDS 가이드북’도 배포할 계획이다.,그간 거래소는 NSDS 개발을 추진하면서 국내·외 기관투자자를 대상으로 총 4차례에 걸쳐 설명회를 개최해 NSDS 개발 상황을 공유했다.,거래소 관계자는 “오는 3월 31일 공매도 전산시스템 의무화 시행 전까지 시스템 안정화를 위해 만전을 기할 것”이라고 말했다.,"거래소 관계자는 “공매도 전산시스템 구축을 통해 무차입 공매도 거래를 방지하고, 공매도에 대한 시장의 신뢰도를 제고할 수 있을 것으로 기대한다”고 했다.",False,"현재 문장은 거래소가 NSDS 가이드북을 배포할 계획이라는 내용으로, 이는 단순한 계획 발표이지 수치나 통계적인 변화를 주장하는 내용이 아닙니다.",high,hcx,HCX-007,isclaim-v1.3-prev2-context,2026-08-05
A0009-C015,A0009,"거래소, 공매도 중앙점검시스템 개발 완료… “6일 연계테스트 시작”",2025-01-05,https://www.chosun.com/economy/money/2025/01/05/AMEAD7FQ7HRRBMZKUK2KX7XG4Y,1,15,1,"거래소 관계자는 “공매도 전산시스템 구축을 통해 무차입 공매도 거래를 방지하고, 공매도에 대한 시장의 신뢰도를 제고할 수 있을 것으로 기대한다”고 했다.",거래소는 이달 중 NSDS 잔고 보고에 활용할 수 있는 상세 매뉴얼인 ‘NSDS 가이드북’도 배포할 계획이다.,그간 거래소는 NSDS 개발을 추진하면서 국내·외 기관투자자를 대상으로 총 4차례에 걸쳐 설명회를 개최해 NSDS 개발 상황을 공유했다.,코스피 코스닥 증권,False,"현재 문장은 공매도 전산시스템 구축과 관련된 기대감을 표현하고 있으며, 이는 구체적인 수치나 통계적 변화를 주장하는 것이 아닙니다.",high,hcx,HCX-007,isclaim-v1.3-prev2-context,2026-08-05
A0009-C016,A0009,"거래소, 공매도 중앙점검시스템 개발 완료… “6일 연계테스트 시작”",2025-01-05,https://www.chosun.com/economy/money/2025/01/05/AMEAD7FQ7HRRBMZKUK2KX7XG4Y,1,16,1,코스피 코스닥 증권,"거래소 관계자는 “공매도 전산시스템 구축을 통해 무차입 공매도 거래를 방지하고, 공매도에 대한 시장의 신뢰도를 제고할 수 있을 것으로 기대한다”고 했다.",거래소는 이달 중 NSDS 잔고 보고에 활용할 수 있는 상세 매뉴얼인 ‘NSDS 가이드북’도 배포할 계획이다.,,False,코스피 코스닥 증권이라는 표현은 단순한 용어 설명이므로 수치나 통계적 변화를 주장하지 않습니다.,high,hcx,HCX-007,isclaim-v1.3-prev2-context,2026-08-05
A0010-C001,A0010,"우리은행, 상업·한일 동우회 통합…“계파문화 없애겠다”",2025-01-05,https://www.chosun.com/economy/money/2025/01/05/D2AWPTAJRGA3OEXXXB3B3NGI3Y,1,1,1,우리은행 전신인 구 상업·한일은행의 퇴직직원 동우회가 양 은행 합병 26년만에 ‘우리은행 동우회’로 통합된다.,,,우리은행은 지난 3일 서울 중구 본점 대강당에서 열린 창립 126주년 기념식 이후 양 동우회 통합 추진 MOU를 맺고 빠른 시일 내에 조직 통합을 완성하기로 했다고 5일 밝혔다.,False,"문장은 특정 기업의 조직 변화에 대한 내용으로, 수치나 통계적 변화와 관련이 없습니다.",high,hcx,HCX-007,isclaim-v1.3-prev2-context,2026-08-05
A0010-C002,A0010,"우리은행, 상업·한일 동우회 통합…“계파문화 없애겠다”",2025-01-05,https://www.chosun.com/economy/money/2025/01/05/D2AWPTAJRGA3OEXXXB3B3NGI3Y,1,2,1,우리은행은 지난 3일 서울 중구 본점 대강당에서 열린 창립 126주년 기념식 이후 양 동우회 통합 추진 MOU를 맺고 빠른 시일 내에 조직 통합을 완성하기로 했다고 5일 밝혔다.,우리은행 전신인 구 상업·한일은행의 퇴직직원 동우회가 양 은행 합병 26년만에 ‘우리은행 동우회’로 통합된다.,,"이 자리에는 임종룡 우리금융그룹 회장, 정진완 우리은행장, 강원 상업은행 동우회장, 유중근 한일은행 동우회장 등이 참석했다.",False,"문장은 우리은행의 동우회 통합 관련 내용으로, 수치나 통계적인 변화를 주장하지 않습니다.",high,hcx,HCX-007,isclaim-v1.3-prev2-context,2026-08-05
A0010-C003,A0010,"우리은행, 상업·한일 동우회 통합…“계파문화 없애겠다”",2025-01-05,https://www.chosun.com/economy/money/2025/01/05/D2AWPTAJRGA3OEXXXB3B3NGI3Y,1,3,1,"이 자리에는 임종룡 우리금융그룹 회장, 정진완 우리은행장, 강원 상업은행 동우회장, 유중근 한일은행 동우회장 등이 참석했다.",우리은행은 지난 3일 서울 중구 본점 대강당에서 열린 창립 126주년 기념식 이후 양 동우회 통합 추진 MOU를 맺고 빠른 시일 내에 조직 통합을 완성하기로 했다고 5일 밝혔다.,우리은행 전신인 구 상업·한일은행의 퇴직직원 동우회가 양 은행 합병 26년만에 ‘우리은행 동우회’로 통합된다.,동우회는 회원 상호 간의 친목과 상호부조를 도모하기 위한 퇴직직원들의 자율적 모임이다.,False,"현재 문장은 행사 참석자에 대한 정보 제공으로, 수치나 통계적인 변화를 주장하지 않습니다.",high,hcx,HCX-007,isclaim-v1.3-prev2-context,2026-08-05
A0010-C004,A0010,"우리은행, 상업·한일 동우회 통합…“계파문화 없애겠다”",2025-01-05,https://www.chosun.com/economy/money/2025/01/05/D2AWPTAJRGA3OEXXXB3B3NGI3Y,1,4,1,동우회는 회원 상호 간의 친목과 상호부조를 도모하기 위한 퇴직직원들의 자율적 모임이다.,"이 자리에는 임종룡 우리금융그룹 회장, 정진완 우리은행장, 강원 상업은행 동우회장, 유중근 한일은행 동우회장 등이 참석했다.",우리은행은 지난 3일 서울 중구 본점 대강당에서 열린 창립 126주년 기념식 이후 양 동우회 통합 추진 MOU를 맺고 빠른 시일 내에 조직 통합을 완성하기로 했다고 5일 밝혔다.,"1970년대에 설립된 상업, 한일 동우회는 1999년 양 은행의 합병에도 불구하고 따로따로 운영됐다.",False,"현재 문장은 동우회의 목적과 성격에 대한 설명이므로, 수치나 통계적인 변화를 주장하는 내용이 아닙니다.",high,hcx,HCX-007,isclaim-v1.3-prev2-context,2026-08-05
A0010-C005,A0010,"우리은행, 상업·한일 동우회 통합…“계파문화 없애겠다”",2025-01-05,https://www.chosun.com/economy/money/2025/01/05/D2AWPTAJRGA3OEXXXB3B3NGI3Y,1,5,1,"1970년대에 설립된 상업, 한일 동우회는 1999년 양 은행의 합병에도 불구하고 따로따로 운영됐다.",동우회는 회원 상호 간의 친목과 상호부조를 도모하기 위한 퇴직직원들의 자율적 모임이다.,"이 자리에는 임종룡 우리금융그룹 회장, 정진완 우리은행장, 강원 상업은행 동우회장, 유중근 한일은행 동우회장 등이 참석했다.",우리은행에서 함께 근무한 직원들이 퇴직 후에는 출신은행 별로 각기 다른 동우회에 가입하는 형태가 유지된 것이다.,False,"현재 문장은 역사적 사실을 서술하며, 특정한 수치나 통계적 변화를 주장하지 않습니다.",high,hcx,HCX-007,isclaim-v1.3-prev2-context,2026-08-05
A0010-C006,A0010,"우리은행, 상업·한일 동우회 통합…“계파문화 없애겠다”",2025-01-05,https://www.chosun.com/economy/money/2025/01/05/D2AWPTAJRGA3OEXXXB3B3NGI3Y,1,6,1,우리은행에서 함께 근무한 직원들이 퇴직 후에는 출신은행 별로 각기 다른 동우회에 가입하는 형태가 유지된 것이다.,"1970년대에 설립된 상업, 한일 동우회는 1999년 양 은행의 합병에도 불구하고 따로따로 운영됐다.",동우회는 회원 상호 간의 친목과 상호부조를 도모하기 위한 퇴직직원들의 자율적 모임이다.,우리금융그룹은 2023년 3월 임종룡 회장 취임 직후 ‘기업문화혁신TF’를 설치해 임직원의 화학적 통합을 위해 노력해왔다.,False,"현재 문장은 우리은행에서 함께 근무한 직원들이 퇴직 후 출신 은행별로 다른 동우회에 가입한다는 사실을 서술하고 있으며, 이는 수치나 통계적인 변화를 주장하는 내용이 아닙니다.",high,hcx,HCX-007,isclaim-v1.3-prev2-context,2026-08-05
A0010-C007,A0010,"우리은행, 상업·한일 동우회 통합…“계파문화 없애겠다”",2025-01-05,https://www.chosun.com/economy/money/2025/01/05/D2AWPTAJRGA3OEXXXB3B3NGI3Y,1,7,1,우리금융그룹은 2023년 3월 임종룡 회장 취임 직후 ‘기업문화혁신TF’를 설치해 임직원의 화학적 통합을 위해 노력해왔다.,우리은행에서 함께 근무한 직원들이 퇴직 후에는 출신은행 별로 각기 다른 동우회에 가입하는 형태가 유지된 것이다.,"1970년대에 설립된 상업, 한일 동우회는 1999년 양 은행의 합병에도 불구하고 따로따로 운영됐다.","그러나 대내외에서 상업, 한일 양 은행의 계파문화가 은행발전의 저해요인으로 지적되면서 계파의 상징으로 여겨진 동우회 통합이 시급한 과제로 떠올랐다.",False,"현재 문장은 우리금융그룹의 기업 문화 혁신 활동에 대한 내용으로, 수치나 통계적인 변화를 주장하지 않습니다.",high,hcx,HCX-007,isclaim-v1.3-prev2-context,2026-08-05
A0010-C008,A0010,"우리은행, 상업·한일 동우회 통합…“계파문화 없애겠다”",2025-01-05,https://www.chosun.com/economy/money/2025/01/05/D2AWPTAJRGA3OEXXXB3B3NGI3Y,1,8,1,"그러나 대내외에서 상업, 한일 양 은행의 계파문화가 은행발전의 저해요인으로 지적되면서 계파의 상징으로 여겨진 동우회 통합이 시급한 과제로 떠올랐다.",우리금융그룹은 2023년 3월 임종룡 회장 취임 직후 ‘기업문화혁신TF’를 설치해 임직원의 화학적 통합을 위해 노력해왔다.,우리은행에서 함께 근무한 직원들이 퇴직 후에는 출신은행 별로 각기 다른 동우회에 가입하는 형태가 유지된 것이다.,또한 1999년 합병 이후 입행한 통합세대의 퇴직시기가 다가오면서 동우회 통합의 필요성이 더욱 커졌다.,False,"현재 문장은 금융 그룹 내부의 문화 및 조직 문제에 대한 내용으로, 수치나 통계적인 변화를 주장하지 않습니다.",high,hcx,HCX-007,isclaim-v1.3-prev2-context,2026-08-05
A0010-C009,A0010,"우리은행, 상업·한일 동우회 통합…“계파문화 없애겠다”",2025-01-05,https://www.chosun.com/economy/money/2025/01/05/D2AWPTAJRGA3OEXXXB3B3NGI3Y,1,9,1,또한 1999년 합병 이후 입행한 통합세대의 퇴직시기가 다가오면서 동우회 통합의 필요성이 더욱 커졌다.,"그러나 대내외에서 상업, 한일 양 은행의 계파문화가 은행발전의 저해요인으로 지적되면서 계파의 상징으로 여겨진 동우회 통합이 시급한 과제로 떠올랐다.",우리금융그룹은 2023년 3월 임종룡 회장 취임 직후 ‘기업문화혁신TF’를 설치해 임직원의 화학적 통합을 위해 노력해왔다.,이에 임 회장이 직접 역대 은행장들을 설득해 통합 추진의 속도를 높였다.,False,"현재 문장은 단순한 사실 진술로서, 특정한 수치나 통계적 변화를 주장하지 않습니다.",high,hcx,HCX-007,isclaim-v1.3-prev2-context,2026-08-05
A0010-C010,A0010,"우리은행, 상업·한일 동우회 통합…“계파문화 없애겠다”",2025-01-05,https://www.chosun.com/economy/money/2025/01/05/D2AWPTAJRGA3OEXXXB3B3NGI3Y,1,10,1,이에 임 회장이 직접 역대 은행장들을 설득해 통합 추진의 속도를 높였다.,또한 1999년 합병 이후 입행한 통합세대의 퇴직시기가 다가오면서 동우회 통합의 필요성이 더욱 커졌다.,"그러나 대내외에서 상업, 한일 양 은행의 계파문화가 은행발전의 저해요인으로 지적되면서 계파의 상징으로 여겨진 동우회 통합이 시급한 과제로 떠올랐다.",원로 은행장들도 우리은행이 고객 신뢰를 되찾고 재도약을 해야 하는 중요한 시기인 만큼 후배들의 쇄신 노력에 적극 동참하자며 퇴직 선배들도 솔선수범하겠다는 데에 뜻을 모았다.,False,"현재 문장은 특정 인물의 행동에 대한 설명으로, 수치나 통계적인 변화를 주장하지 않습니다.",high,hcx,HCX-007,isclaim-v1.3-prev2-context,2026-08-05
A0010-C011,A0010,"우리은행, 상업·한일 동우회 통합…“계파문화 없애겠다”",2025-01-05,https://www.chosun.com/economy/money/2025/01/05/D2AWPTAJRGA3OEXXXB3B3NGI3Y,1,11,1,원로 은행장들도 우리은행이 고객 신뢰를 되찾고 재도약을 해야 하는 중요한 시기인 만큼 후배들의 쇄신 노력에 적극 동참하자며 퇴직 선배들도 솔선수범하겠다는 데에 뜻을 모았다.,이에 임 회장이 직접 역대 은행장들을 설득해 통합 추진의 속도를 높였다.,또한 1999년 합병 이후 입행한 통합세대의 퇴직시기가 다가오면서 동우회 통합의 필요성이 더욱 커졌다.,"우리금융은 계파문화 청산을 위한 전사적 인식개선을 위해 윤리규범을 손질하고, 모든 인사자료에서 출신은행 구분을 완전히 삭제하는 등 임직원간 융화를 위해 필요한 모든 조치를 추진할 계획이다.",False,"현재 문장은 원로 은행장들과 후배들이 협력하여 은행의 신뢰 회복 및 재도약을 위해 노력한다는 내용으로, 이는 단순한 의견이나 평가이지 수치나 통계적인 변화를 주장하는 내용이 아닙니다.",high,hcx,HCX-007,isclaim-v1.3-prev2-context,2026-08-05
A0010-C012,A0010,"우리은행, 상업·한일 동우회 통합…“계파문화 없애겠다”",2025-01-05,https://www.chosun.com/economy/money/2025/01/05/D2AWPTAJRGA3OEXXXB3B3NGI3Y,1,12,1,"우리금융은 계파문화 청산을 위한 전사적 인식개선을 위해 윤리규범을 손질하고, 모든 인사자료에서 출신은행 구분을 완전히 삭제하는 등 임직원간 융화를 위해 필요한 모든 조치를 추진할 계획이다.",원로 은행장들도 우리은행이 고객 신뢰를 되찾고 재도약을 해야 하는 중요한 시기인 만큼 후배들의 쇄신 노력에 적극 동참하자며 퇴직 선배들도 솔선수범하겠다는 데에 뜻을 모았다.,이에 임 회장이 직접 역대 은행장들을 설득해 통합 추진의 속도를 높였다.,,False,"현재 문장은 우리금융의 내부 정책 변경 및 계획에 대한 내용으로, 수치나 통계적인 변화를 주장하는 내용이 아닙니다.",high,hcx,HCX-007,isclaim-v1.3-prev2-context,2026-08-05
A0011-C001,A0011,"코스피 상장사 영업이익, 3개월 전보다 16.5% 감소",2025-01-05,https://www.chosun.com/economy/money/2025/01/05/D7Q77X65OPU7RZMENDCWE4TXTM,1,1,1,작년 4분기 실적 발표 시즌이 다가온 가운데 상장사들의 성적표가 3개월 전보다 약 16.5% 낮아진 것으로 나타났다.,,,투자자들은 국내 증시에 관한 투자 심리가 다시 한 번 낮아질 것을 우려하고 있다.,True,작년 4분기 상장사들의 실적이 3개월 전보다 약 16.5% 낮아졌다는 내용은 KOSIS에서 관련 통계를 통해 검증할 수 있는 수치적인 변화이므로 True로 판단됩니다.,high,hcx,HCX-007,isclaim-v1.3-prev2-context,2026-08-05
A0011-C002,A0011,"코스피 상장사 영업이익, 3개월 전보다 16.5% 감소",2025-01-05,https://www.chosun.com/economy/money/2025/01/05/D7Q77X65OPU7RZMENDCWE4TXTM,1,2,1,투자자들은 국내 증시에 관한 투자 심리가 다시 한 번 낮아질 것을 우려하고 있다.,작년 4분기 실적 발표 시즌이 다가온 가운데 상장사들의 성적표가 3개월 전보다 약 16.5% 낮아진 것으로 나타났다.,,5일 금융정보업체 연합인포맥스에 따르면 지난 3일 기준 코스피 시장 시가총액 1위 삼성전자의 작년 4분기 영업이익 컨센서스(시장 추정치 평균)는 8조4751억원으로 집계됐다.,False,투자자들의 심리 변화에 대한 내용은 KOSIS에서 제공하는 통계 자료로 검증하기 어렵습니다.,high,hcx,HCX-007,isclaim-v1.3-prev2-context,2026-08-05
A0011-C003,A0011,"코스피 상장사 영업이익, 3개월 전보다 16.5% 감소",2025-01-05,https://www.chosun.com/economy/money/2025/01/05/D7Q77X65OPU7RZMENDCWE4TXTM,1,3,1,5일 금융정보업체 연합인포맥스에 따르면 지난 3일 기준 코스피 시장 시가총액 1위 삼성전자의 작년 4분기 영업이익 컨센서스(시장 추정치 평균)는 8조4751억원으로 집계됐다.,투자자들은 국내 증시에 관한 투자 심리가 다시 한 번 낮아질 것을 우려하고 있다.,작년 4분기 실적 발표 시즌이 다가온 가운데 상장사들의 성적표가 3개월 전보다 약 16.5% 낮아진 것으로 나타났다.,"직전년도 같은 기간에 기록한 2조8247억원 대비 3배 수준으로 증가한 것이지만, 단순 증가 폭과 별개로 눈높이가 6개월 전보다 30% 이상 낮아진 점이 투자자들의 우려를 키우고 있다.",False,현재 문장은 삼성전자의 작년 4분기 영업이익 컨센서스를 언급하며 이는 단순한 예측치나 추정값이므로 KOSIS를 통해 검증 가능한 국내 집계 통계라고 보기 어렵습니다.,high,hcx,HCX-007,isclaim-v1.3-prev2-context,2026-08-05
A0011-C004,A0011,"코스피 상장사 영업이익, 3개월 전보다 16.5% 감소",2025-01-05,https://www.chosun.com/economy/money/2025/01/05/D7Q77X65OPU7RZMENDCWE4TXTM,1,4,1,"직전년도 같은 기간에 기록한 2조8247억원 대비 3배 수준으로 증가한 것이지만, 단순 증가 폭과 별개로 눈높이가 6개월 전보다 30% 이상 낮아진 점이 투자자들의 우려를 키우고 있다.",5일 금융정보업체 연합인포맥스에 따르면 지난 3일 기준 코스피 시장 시가총액 1위 삼성전자의 작년 4분기 영업이익 컨센서스(시장 추정치 평균)는 8조4751억원으로 집계됐다.,투자자들은 국내 증시에 관한 투자 심리가 다시 한 번 낮아질 것을 우려하고 있다.,특히 오는 8일 잠정 실적 발표를 앞두고 최근 일주일간 컨센서스 하향 폭이 7%를 웃도는 등 실적 전망 및 목표주가 하향 조정이 잇따르며 투자심리가 크게 악화됐다.,True,"현재 문장은 삼성전자의 작년 4분기 영업이익이 직전년도 같은 기간 대비 3배 수준으로 증가했다는 구체적인 수치 정보를 포함하고 있으며, 이는 KOSIS 등의 국가 통계를 통해 검증 가능한 내용입니다.",high,hcx,HCX-007,isclaim-v1.3-prev2-context,2026-08-05
A0011-C005,A0011,"코스피 상장사 영업이익, 3개월 전보다 16.5% 감소",2025-01-05,https://www.chosun.com/economy/money/2025/01/05/D7Q77X65OPU7RZMENDCWE4TXTM,1,5,1,특히 오는 8일 잠정 실적 발표를 앞두고 최근 일주일간 컨센서스 하향 폭이 7%를 웃도는 등 실적 전망 및 목표주가 하향 조정이 잇따르며 투자심리가 크게 악화됐다.,"직전년도 같은 기간에 기록한 2조8247억원 대비 3배 수준으로 증가한 것이지만, 단순 증가 폭과 별개로 눈높이가 6개월 전보다 30% 이상 낮아진 점이 투자자들의 우려를 키우고 있다.",5일 금융정보업체 연합인포맥스에 따르면 지난 3일 기준 코스피 시장 시가총액 1위 삼성전자의 작년 4분기 영업이익 컨센서스(시장 추정치 평균)는 8조4751억원으로 집계됐다.,범위를 코스피 전체로 넓혀봐도 분위기는 비슷하다.,False,"현재 문장은 실적 전망 및 목표주가 하향 조정과 관련된 내용으로, 이는 단순한 기업의 재무 상태나 시장의 반응에 대한 설명이지 국가 통계의 변화나 KOSIS에서 검증 가능한 내용이 아닙니다.",high,hcx,HCX-007,isclaim-v1.3-prev2-context,2026-08-05
A0011-C006,A0011,"코스피 상장사 영업이익, 3개월 전보다 16.5% 감소",2025-01-05,https://www.chosun.com/economy/money/2025/01/05/D7Q77X65OPU7RZMENDCWE4TXTM,1,6,1,범위를 코스피 전체로 넓혀봐도 분위기는 비슷하다.,특히 오는 8일 잠정 실적 발표를 앞두고 최근 일주일간 컨센서스 하향 폭이 7%를 웃도는 등 실적 전망 및 목표주가 하향 조정이 잇따르며 투자심리가 크게 악화됐다.,"직전년도 같은 기간에 기록한 2조8247억원 대비 3배 수준으로 증가한 것이지만, 단순 증가 폭과 별개로 눈높이가 6개월 전보다 30% 이상 낮아진 점이 투자자들의 우려를 키우고 있다.",3일 기준 증권사 3개 이상이 추정치를 제시한 코스피 상장사 110곳의 총 영업이익은 39조6531억원이다.,False,현재 문장은 코스피 전체의 분위기를 언급하지만 구체적인 수치나 통계적 변화를 주장하지 않습니다.,high,hcx,HCX-007,isclaim-v1.3-prev2-context,2026-08-05
A0011-C007,A0011,"코스피 상장사 영업이익, 3개월 전보다 16.5% 감소",2025-01-05,https://www.chosun.com/economy/money/2025/01/05/D7Q77X65OPU7RZMENDCWE4TXTM,1,7,1,3일 기준 증권사 3개 이상이 추정치를 제시한 코스피 상장사 110곳의 총 영업이익은 39조6531억원이다.,범위를 코스피 전체로 넓혀봐도 분위기는 비슷하다.,특히 오는 8일 잠정 실적 발표를 앞두고 최근 일주일간 컨센서스 하향 폭이 7%를 웃도는 등 실적 전망 및 목표주가 하향 조정이 잇따르며 투자심리가 크게 악화됐다.,"2023년 4분기 영업이익 합 19조7942억원과 비교하면 2배 수준이지만, 비교군이 있는 87개 종목으로 범위를 좁혀보면 3개월 전보다 영업이익이 16.5%가량 줄어든 것으로 나타났다.",True,"코스피 상장사의 총 영업이익 추정치라는 구체적인 수치 정보를 포함하며, 이는 국가 경제와 관련된 중요한 지표로서 KOSIS에서 관련 통계를 찾아볼 수 있을 것이다.",high,hcx,HCX-007,isclaim-v1.3-prev2-context,2026-08-05
A0011-C008,A0011,"코스피 상장사 영업이익, 3개월 전보다 16.5% 감소",2025-01-05,https://www.chosun.com/economy/money/2025/01/05/D7Q77X65OPU7RZMENDCWE4TXTM,1,8,1,"2023년 4분기 영업이익 합 19조7942억원과 비교하면 2배 수준이지만, 비교군이 있는 87개 종목으로 범위를 좁혀보면 3개월 전보다 영업이익이 16.5%가량 줄어든 것으로 나타났다.",3일 기준 증권사 3개 이상이 추정치를 제시한 코스피 상장사 110곳의 총 영업이익은 39조6531억원이다.,범위를 코스피 전체로 넓혀봐도 분위기는 비슷하다.,다만 실적 하향 조정이 상당 기간 이뤄지면서 조정폭이 안정되고 있는 데다 업종별 차별화가 나타나면서 증시의 실적 민감도는 다소 낮아질 수 있다는 이야기도 나온다.,True,"현재 문장은 2023년 4분기와 비교하여 2025년의 코스피 상장사의 영업이익 변화에 대한 구체적인 수치를 제시하고 있으며, 이는 국가통계포털(KOSIS)에서 관련 통계를 통해 검증할 수 있을 것이다.",high,hcx,HCX-007,isclaim-v1.3-prev2-context,2026-08-05
A0011-C009,A0011,"코스피 상장사 영업이익, 3개월 전보다 16.5% 감소",2025-01-05,https://www.chosun.com/economy/money/2025/01/05/D7Q77X65OPU7RZMENDCWE4TXTM,1,9,1,다만 실적 하향 조정이 상당 기간 이뤄지면서 조정폭이 안정되고 있는 데다 업종별 차별화가 나타나면서 증시의 실적 민감도는 다소 낮아질 수 있다는 이야기도 나온다.,"2023년 4분기 영업이익 합 19조7942억원과 비교하면 2배 수준이지만, 비교군이 있는 87개 종목으로 범위를 좁혀보면 3개월 전보다 영업이익이 16.5%가량 줄어든 것으로 나타났다.",3일 기준 증권사 3개 이상이 추정치를 제시한 코스피 상장사 110곳의 총 영업이익은 39조6531억원이다.,"12월 수출이 예상치를 상회하는 호조를 보인 데다 이익 추정치 하향이 반도체 업종에 집중돼 있고, 에너지·유틸리티·조선·증권·헬스케어 등의 업종은 소폭이나마 상향되고 있다는 점에서다.",False,"현재 문장은 증시의 실적 민감도에 대한 평가나 예측이지, 구체적인 수치나 통계적 변화를 주장하는 내용이 아닙니다.",high,hcx,HCX-007,isclaim-v1.3-prev2-context,2026-08-05
A0011-C010,A0011,"코스피 상장사 영업이익, 3개월 전보다 16.5% 감소",2025-01-05,https://www.chosun.com/economy/money/2025/01/05/D7Q77X65OPU7RZMENDCWE4TXTM,1,10,1,"12월 수출이 예상치를 상회하는 호조를 보인 데다 이익 추정치 하향이 반도체 업종에 집중돼 있고, 에너지·유틸리티·조선·증권·헬스케어 등의 업종은 소폭이나마 상향되고 있다는 점에서다.",다만 실적 하향 조정이 상당 기간 이뤄지면서 조정폭이 안정되고 있는 데다 업종별 차별화가 나타나면서 증시의 실적 민감도는 다소 낮아질 수 있다는 이야기도 나온다.,"2023년 4분기 영업이익 합 19조7942억원과 비교하면 2배 수준이지만, 비교군이 있는 87개 종목으로 범위를 좁혀보면 3개월 전보다 영업이익이 16.5%가량 줄어든 것으로 나타났다.","최재원 키움증권 연구원은 “연말·연초 반도체 업황에 대한 눈높이 조정이 지속되면서 국내 증시의 이익 전망은 여전히 하향 압력이 높은 상황이 이어지고 있다”면서도 “시총 초대형 업종인 반도체 업종에서의 하향 영향이 크고, 여타 업종에서는 실적 반등 신호가 포착되고 있다는 점은 긍정적”이라고 했다.",True,"현재 문장은 '12월 수출이 예상치를 상회하는 호조를 보였다'는 구체적인 수치나 변화에 대한 언급이 있으며, 이는 국가 경제 지표로서 KOSIS에서 확인 가능한 정보일 가능성이 높습니다.",high,hcx,HCX-007,isclaim-v1.3-prev2-context,2026-08-05
A0011-C011,A0011,"코스피 상장사 영업이익, 3개월 전보다 16.5% 감소",2025-01-05,https://www.chosun.com/economy/money/2025/01/05/D7Q77X65OPU7RZMENDCWE4TXTM,1,11,1,"최재원 키움증권 연구원은 “연말·연초 반도체 업황에 대한 눈높이 조정이 지속되면서 국내 증시의 이익 전망은 여전히 하향 압력이 높은 상황이 이어지고 있다”면서도 “시총 초대형 업종인 반도체 업종에서의 하향 영향이 크고, 여타 업종에서는 실적 반등 신호가 포착되고 있다는 점은 긍정적”이라고 했다.","12월 수출이 예상치를 상회하는 호조를 보인 데다 이익 추정치 하향이 반도체 업종에 집중돼 있고, 에너지·유틸리티·조선·증권·헬스케어 등의 업종은 소폭이나마 상향되고 있다는 점에서다.",다만 실적 하향 조정이 상당 기간 이뤄지면서 조정폭이 안정되고 있는 데다 업종별 차별화가 나타나면서 증시의 실적 민감도는 다소 낮아질 수 있다는 이야기도 나온다.,,False,"현재 문장은 특정 기업의 연구원이 반도체 및 기타 업종의 실적 전망에 대해 의견을 제시한 것으로, 이는 단순한 의견 평가나 원인 설명에 해당하며, 구체적인 통계값이나 통계적 변화 방향에 관한 사실 주장이 아닙니다.",high,hcx,HCX-007,isclaim-v1.3-prev2-context,2026-08-05
A0012-C001,A0012,"MBK장학재단, 올해 대학 입학하는 장학생 모집… “입학금 전액 지원”",2025-01-05,https://www.chosun.com/economy/money/2025/01/05/EIE2RZKXMU242CQCQZO7GYITEY,1,1,1,MBK장학재단이 2025년도 대학 입학예정자를 대상으로 오는 13일까지 제18기 장학생을 모집한다고 5일 밝혔다.,,,장학생에게는 입학금 전액을 지원한다.,False,MBK장학재단의 장학금 모집 관련 소식은 수치나 통계적 변화를 주장하는 내용이 아니므로 해당되지 않습니다.,high,hcx,HCX-007,isclaim-v1.3-prev2-context,2026-08-05
A0012-C002,A0012,"MBK장학재단, 올해 대학 입학하는 장학생 모집… “입학금 전액 지원”",2025-01-05,https://www.chosun.com/economy/money/2025/01/05/EIE2RZKXMU242CQCQZO7GYITEY,1,2,1,장학생에게는 입학금 전액을 지원한다.,MBK장학재단이 2025년도 대학 입학예정자를 대상으로 오는 13일까지 제18기 장학생을 모집한다고 5일 밝혔다.,,한 학기 평점 3.0 이상 유지 시 학업 종료까지(의대·약대·한의대는 8학기 지원 후 심사를 거쳐 계속 지원 여부 결정) 등록금 전액을 지원한다.,False,"현재 문장은 장학재단이 제공하는 혜택에 대한 정보로, KOSIS에서 검증 가능한 수치나 통계적 변화를 주장하지 않습니다.",high,hcx,HCX-007,isclaim-v1.3-prev2-context,2026-08-05
A0012-C003,A0012,"MBK장학재단, 올해 대학 입학하는 장학생 모집… “입학금 전액 지원”",2025-01-05,https://www.chosun.com/economy/money/2025/01/05/EIE2RZKXMU242CQCQZO7GYITEY,1,3,1,한 학기 평점 3.0 이상 유지 시 학업 종료까지(의대·약대·한의대는 8학기 지원 후 심사를 거쳐 계속 지원 여부 결정) 등록금 전액을 지원한다.,장학생에게는 입학금 전액을 지원한다.,MBK장학재단이 2025년도 대학 입학예정자를 대상으로 오는 13일까지 제18기 장학생을 모집한다고 5일 밝혔다.,"별도 선발 조건이나 기준이 없는 대신, 장학생들은 ‘Pay it forward(도움을 받은 만큼, 다른 사람들에게 받은 도움을 환원한다)’라는 MBK장학재단의 가치를 존중하고 준수해야 한다.",False,"현재 문장은 장학금의 지급 조건 및 지원 범위에 대한 내용으로, 특정한 수치나 통계적인 변화를 주장하지 않습니다.",high,hcx,HCX-007,isclaim-v1.3-prev2-context,2026-08-05
A0012-C004,A0012,"MBK장학재단, 올해 대학 입학하는 장학생 모집… “입학금 전액 지원”",2025-01-05,https://www.chosun.com/economy/money/2025/01/05/EIE2RZKXMU242CQCQZO7GYITEY,1,4,1,"별도 선발 조건이나 기준이 없는 대신, 장학생들은 ‘Pay it forward(도움을 받은 만큼, 다른 사람들에게 받은 도움을 환원한다)’라는 MBK장학재단의 가치를 존중하고 준수해야 한다.",한 학기 평점 3.0 이상 유지 시 학업 종료까지(의대·약대·한의대는 8학기 지원 후 심사를 거쳐 계속 지원 여부 결정) 등록금 전액을 지원한다.,장학생에게는 입학금 전액을 지원한다.,MBK 장학재단은 우수하지만 경제적인 이유로 학업을 이어가는 데 어려움을 겪는 학생들을 재정적으로 지원하고자 2007년 김병주 MBK파트너스 회장이 설립했다.,False,"현재 문장은 장학금의 지급 조건 및 가치에 대한 설명으로, 수치나 통계적인 변화를 포함하지 않습니다.",high,hcx,HCX-007,isclaim-v1.3-prev2-context,2026-08-05
A0012-C005,A0012,"MBK장학재단, 올해 대학 입학하는 장학생 모집… “입학금 전액 지원”",2025-01-05,https://www.chosun.com/economy/money/2025/01/05/EIE2RZKXMU242CQCQZO7GYITEY,1,5,1,MBK 장학재단은 우수하지만 경제적인 이유로 학업을 이어가는 데 어려움을 겪는 학생들을 재정적으로 지원하고자 2007년 김병주 MBK파트너스 회장이 설립했다.,"별도 선발 조건이나 기준이 없는 대신, 장학생들은 ‘Pay it forward(도움을 받은 만큼, 다른 사람들에게 받은 도움을 환원한다)’라는 MBK장학재단의 가치를 존중하고 준수해야 한다.",한 학기 평점 3.0 이상 유지 시 학업 종료까지(의대·약대·한의대는 8학기 지원 후 심사를 거쳐 계속 지원 여부 결정) 등록금 전액을 지원한다.,지난 18년간 MBK장학재단을 통해 총 202명의 장학생들이 배출됐다.,False,"현재 문장은 MBK 장학재단의 설립 목적 및 배경에 대한 설명으로, 수치나 통계적 변화를 주장하는 내용이 아닙니다.",high,hcx,HCX-007,isclaim-v1.3-prev2-context,2026-08-05
A0012-C006,A0012,"MBK장학재단, 올해 대학 입학하는 장학생 모집… “입학금 전액 지원”",2025-01-05,https://www.chosun.com/economy/money/2025/01/05/EIE2RZKXMU242CQCQZO7GYITEY,1,6,1,지난 18년간 MBK장학재단을 통해 총 202명의 장학생들이 배출됐다.,MBK 장학재단은 우수하지만 경제적인 이유로 학업을 이어가는 데 어려움을 겪는 학생들을 재정적으로 지원하고자 2007년 김병주 MBK파트너스 회장이 설립했다.,"별도 선발 조건이나 기준이 없는 대신, 장학생들은 ‘Pay it forward(도움을 받은 만큼, 다른 사람들에게 받은 도움을 환원한다)’라는 MBK장학재단의 가치를 존중하고 준수해야 한다.",김병주 이사장은 “세상을 변화시킬 수 있는 원동력은 교육에 있다”며 “우리 학생들이 온전히 학업을 마치고 사회의 발전에 기여하는 주역들로 성장하는데 보탬이 되고자 한다”고 말했다.,True,"MBK장학재단을 통해 배출된 장학생 수가 202명이라는 구체적인 통계를 제시하고 있으며, 이는 국가통계포털(KOSIS)에서 관련 데이터를 찾아볼 수 있는 국내 집계 통계에 해당합니다.",high,hcx,HCX-007,isclaim-v1.3-prev2-context,2026-08-05
A0012-C007,A0012,"MBK장학재단, 올해 대학 입학하는 장학생 모집… “입학금 전액 지원”",2025-01-05,https://www.chosun.com/economy/money/2025/01/05/EIE2RZKXMU242CQCQZO7GYITEY,1,7,1,김병주 이사장은 “세상을 변화시킬 수 있는 원동력은 교육에 있다”며 “우리 학생들이 온전히 학업을 마치고 사회의 발전에 기여하는 주역들로 성장하는데 보탬이 되고자 한다”고 말했다.,지난 18년간 MBK장학재단을 통해 총 202명의 장학생들이 배출됐다.,MBK 장학재단은 우수하지만 경제적인 이유로 학업을 이어가는 데 어려움을 겪는 학생들을 재정적으로 지원하고자 2007년 김병주 MBK파트너스 회장이 설립했다.,일정과 제출서류 등에 대한 구체적인 정보는 MBK 장학재단 홈페이지를 참조하면 된다.,False,"현재 문장은 교육의 중요성에 대한 의견을 표현하고 있으며, 이는 수치나 통계적 변화를 주장하는 내용이 아닙니다.",high,hcx,HCX-007,isclaim-v1.3-prev2-context,2026-08-05
A0012-C008,A0012,"MBK장학재단, 올해 대학 입학하는 장학생 모집… “입학금 전액 지원”",2025-01-05,https://www.chosun.com/economy/money/2025/01/05/EIE2RZKXMU242CQCQZO7GYITEY,1,8,1,일정과 제출서류 등에 대한 구체적인 정보는 MBK 장학재단 홈페이지를 참조하면 된다.,김병주 이사장은 “세상을 변화시킬 수 있는 원동력은 교육에 있다”며 “우리 학생들이 온전히 학업을 마치고 사회의 발전에 기여하는 주역들로 성장하는데 보탬이 되고자 한다”고 말했다.,지난 18년간 MBK장학재단을 통해 총 202명의 장학생들이 배출됐다.,코스피 코스닥 증권,False,"현재 문장은 MBK 장학재단의 일정 및 제출 서류에 대한 정보를 제공하는 내용으로, 수치나 통계적인 변화를 주장하지 않습니다.",high,hcx,HCX-007,isclaim-v1.3-prev2-context,2026-08-05
A0012-C009,A0012,"MBK장학재단, 올해 대학 입학하는 장학생 모집… “입학금 전액 지원”",2025-01-05,https://www.chosun.com/economy/money/2025/01/05/EIE2RZKXMU242CQCQZO7GYITEY,1,9,1,코스피 코스닥 증권,일정과 제출서류 등에 대한 구체적인 정보는 MBK 장학재단 홈페이지를 참조하면 된다.,김병주 이사장은 “세상을 변화시킬 수 있는 원동력은 교육에 있다”며 “우리 학생들이 온전히 학업을 마치고 사회의 발전에 기여하는 주역들로 성장하는데 보탬이 되고자 한다”고 말했다.,,False,"코스피와 코스닥 관련 내용은 주식 시장에 관한 정보로서, 이는 개인 기업의 매출이나 주가와 관련된 사항이므로 KOSIS에서 검증하기 어렵습니다.",high,hcx,HCX-007,isclaim-v1.3-prev2-context,2026-08-05
A0013-C001,A0013,"OK금융그룹, 대부업 완전 철수… 최윤 회장 동생 회사 2곳 청산",2025-01-05,https://www.chosun.com/economy/money/2025/01/05/EXEY76HXH47MJVLQRHGB5PMDWY,1,1,1,OK금융그룹 오너 일가의 대부업체 2곳이 지난달 30일 최종 청산한 것으로 확인됐다.,,,최윤 OK금융 회장 동생 최호씨가 소유한 대부업체들이다.,False,"OK금융그룹 오너 일가의 대부업체 청산에 대한 내용은 특정 기업의 사건에 해당하며, 이는 국가통계포털(KOSIS)에서 다루는 일반적인 집계 통계와는 관련이 없습니다.",high,hcx,HCX-007,isclaim-v1.3-prev2-context,2026-08-05
A0013-C002,A0013,"OK금융그룹, 대부업 완전 철수… 최윤 회장 동생 회사 2곳 청산",2025-01-05,https://www.chosun.com/economy/money/2025/01/05/EXEY76HXH47MJVLQRHGB5PMDWY,1,2,1,최윤 OK금융 회장 동생 최호씨가 소유한 대부업체들이다.,OK금융그룹 오너 일가의 대부업체 2곳이 지난달 30일 최종 청산한 것으로 확인됐다.,,이에 따라 OK금융과 관련된 대부업체가 모두 문을 닫게 됐다.,False,"현재 문장은 특정 개인이 소유한 대부업체를 언급하며, 이는 개별 기업의 정보로서 국가집계 통계를 검증할 수 있는 내용이 아닙니다.",high,hcx,HCX-007,isclaim-v1.3-prev2-context,2026-08-05
A0013-C003,A0013,"OK금융그룹, 대부업 완전 철수… 최윤 회장 동생 회사 2곳 청산",2025-01-05,https://www.chosun.com/economy/money/2025/01/05/EXEY76HXH47MJVLQRHGB5PMDWY,1,3,1,이에 따라 OK금융과 관련된 대부업체가 모두 문을 닫게 됐다.,최윤 OK금융 회장 동생 최호씨가 소유한 대부업체들이다.,OK금융그룹 오너 일가의 대부업체 2곳이 지난달 30일 최종 청산한 것으로 확인됐다.,5일 금융 당국에 따르면 OK홀딩스가 보유한 옐로우캐피탈이 대부업 라이선스를 반납하고 지난달 30일 최종 폐업했다.,False,"현재 문장은 OK금융 관련 대부업체들이 문을 닫았다는 사실을 전달하지만, 이는 특정한 수치나 통계적인 변화를 주장하는 것이 아닙니다.",high,hcx,HCX-007,isclaim-v1.3-prev2-context,2026-08-05
A0013-C004,A0013,"OK금융그룹, 대부업 완전 철수… 최윤 회장 동생 회사 2곳 청산",2025-01-05,https://www.chosun.com/economy/money/2025/01/05/EXEY76HXH47MJVLQRHGB5PMDWY,1,4,1,5일 금융 당국에 따르면 OK홀딩스가 보유한 옐로우캐피탈이 대부업 라이선스를 반납하고 지난달 30일 최종 폐업했다.,이에 따라 OK금융과 관련된 대부업체가 모두 문을 닫게 됐다.,최윤 OK금융 회장 동생 최호씨가 소유한 대부업체들이다.,OK홀딩스는 지난해 11월 최호씨가 소유하고 있던 옐로우캐피탈 자산을 양수받아 청산 작업을 진행했다.,False,OK홀딩스가 보유한 옐로우캐피탈의 대부업 라이선스 반납 및 폐업 여부는 특정한 사건이나 상황에 대한 정보이므로 KOSIS 통계와 관련이 없습니다.,high,hcx,HCX-007,isclaim-v1.3-prev2-context,2026-08-05
A0013-C005,A0013,"OK금융그룹, 대부업 완전 철수… 최윤 회장 동생 회사 2곳 청산",2025-01-05,https://www.chosun.com/economy/money/2025/01/05/EXEY76HXH47MJVLQRHGB5PMDWY,1,5,1,OK홀딩스는 지난해 11월 최호씨가 소유하고 있던 옐로우캐피탈 자산을 양수받아 청산 작업을 진행했다.,5일 금융 당국에 따르면 OK홀딩스가 보유한 옐로우캐피탈이 대부업 라이선스를 반납하고 지난달 30일 최종 폐업했다.,이에 따라 OK금융과 관련된 대부업체가 모두 문을 닫게 됐다.,최호씨가 소유했던 다른 대부업체인 ‘H&H파이낸셜’도 같은 날 문을 닫았다.,False,"OK홀딩스가 옐로우캐피탈 자산을 양수한 후 청산 작업을 진행했다는 내용은 단순한 사실 전달로서, 수치나 통계적인 변화를 주장하는 내용이 아닙니다.",high,hcx,HCX-007,isclaim-v1.3-prev2-context,2026-08-05
A0013-C006,A0013,"OK금융그룹, 대부업 완전 철수… 최윤 회장 동생 회사 2곳 청산",2025-01-05,https://www.chosun.com/economy/money/2025/01/05/EXEY76HXH47MJVLQRHGB5PMDWY,1,6,1,최호씨가 소유했던 다른 대부업체인 ‘H&H파이낸셜’도 같은 날 문을 닫았다.,OK홀딩스는 지난해 11월 최호씨가 소유하고 있던 옐로우캐피탈 자산을 양수받아 청산 작업을 진행했다.,5일 금융 당국에 따르면 OK홀딩스가 보유한 옐로우캐피탈이 대부업 라이선스를 반납하고 지난달 30일 최종 폐업했다.,H&H파이낸셜은 대부업 자산을 제3자에게 매각한 것으로 전해졌다.,False,"현재 문장은 특정 기업의 자산 처분 및 폐업 관련 내용으로, 이는 KOSIS에서 제공하는 국가 통계의 범위에 포함되지 않습니다.",high,hcx,HCX-007,isclaim-v1.3-prev2-context,2026-08-05
A0013-C007,A0013,"OK금융그룹, 대부업 완전 철수… 최윤 회장 동생 회사 2곳 청산",2025-01-05,https://www.chosun.com/economy/money/2025/01/05/EXEY76HXH47MJVLQRHGB5PMDWY,1,7,1,H&H파이낸셜은 대부업 자산을 제3자에게 매각한 것으로 전해졌다.,최호씨가 소유했던 다른 대부업체인 ‘H&H파이낸셜’도 같은 날 문을 닫았다.,OK홀딩스는 지난해 11월 최호씨가 소유하고 있던 옐로우캐피탈 자산을 양수받아 청산 작업을 진행했다.,OK금융은 계획대로 지난해 말까지 대부업 철수 작업을 매듭 짓게 됐다.,False,"현재 문장은 특정 기업의 자산 매각 상황에 대한 정보 제공이지만, 이는 KOSIS에서 검증 가능한 수치나 통계적 변화를 주장하는 내용이 아닙니다.",high,hcx,HCX-007,isclaim-v1.3-prev2-context,2026-08-05
A0013-C008,A0013,"OK금융그룹, 대부업 완전 철수… 최윤 회장 동생 회사 2곳 청산",2025-01-05,https://www.chosun.com/economy/money/2025/01/05/EXEY76HXH47MJVLQRHGB5PMDWY,1,8,1,OK금융은 계획대로 지난해 말까지 대부업 철수 작업을 매듭 짓게 됐다.,H&H파이낸셜은 대부업 자산을 제3자에게 매각한 것으로 전해졌다.,최호씨가 소유했던 다른 대부업체인 ‘H&H파이낸셜’도 같은 날 문을 닫았다.,OK금융의 대부업 청산은 2014년 시작됐다.,False,"OK금융의 대부업 철수는 특정 기업의 사업 변화에 대한 내용으로, 이는 KOSIS에서 다루는 국가 통계의 범위에 포함되지 않습니다.",high,hcx,HCX-007,isclaim-v1.3-prev2-context,2026-08-05
A0013-C009,A0013,"OK금융그룹, 대부업 완전 철수… 최윤 회장 동생 회사 2곳 청산",2025-01-05,https://www.chosun.com/economy/money/2025/01/05/EXEY76HXH47MJVLQRHGB5PMDWY,1,9,1,OK금융의 대부업 청산은 2014년 시작됐다.,OK금융은 계획대로 지난해 말까지 대부업 철수 작업을 매듭 짓게 됐다.,H&H파이낸셜은 대부업 자산을 제3자에게 매각한 것으로 전해졌다.,"OK금융은 당시 예주·예나래저축은행(현 OK저축은행) 인수를 추진했는데, 금융 당국이 대부업 완전 철수를 조건으로 내걸었다.",False,OK금융의 대부업 청산이 시작된 연도에 대한 정보는 KOSIS에서 제공하는 통계와는 관련이 없습니다.,high,hcx,HCX-007,isclaim-v1.3-prev2-context,2026-08-05
A0013-C010,A0013,"OK금융그룹, 대부업 완전 철수… 최윤 회장 동생 회사 2곳 청산",2025-01-05,https://www.chosun.com/economy/money/2025/01/05/EXEY76HXH47MJVLQRHGB5PMDWY,1,10,1,"OK금융은 당시 예주·예나래저축은행(현 OK저축은행) 인수를 추진했는데, 금융 당국이 대부업 완전 철수를 조건으로 내걸었다.",OK금융의 대부업 청산은 2014년 시작됐다.,OK금융은 계획대로 지난해 말까지 대부업 철수 작업을 매듭 짓게 됐다.,이에 OK금융은 대부업 자산을 단계적으로 줄여 2024년 시장에서 완전 철수하겠다고 금융 당국에 약속했다.,False,"현재 문장은 OK금융의 대부업 철수와 관련된 역사적 사실을 서술하고 있으며, 이는 수치나 통계적인 변화를 주장하는 내용이 아닙니다.",high,hcx,HCX-007,isclaim-v1.3-prev2-context,2026-08-05
A0013-C011,A0013,"OK금융그룹, 대부업 완전 철수… 최윤 회장 동생 회사 2곳 청산",2025-01-05,https://www.chosun.com/economy/money/2025/01/05/EXEY76HXH47MJVLQRHGB5PMDWY,1,11,1,이에 OK금융은 대부업 자산을 단계적으로 줄여 2024년 시장에서 완전 철수하겠다고 금융 당국에 약속했다.,"OK금융은 당시 예주·예나래저축은행(현 OK저축은행) 인수를 추진했는데, 금융 당국이 대부업 완전 철수를 조건으로 내걸었다.",OK금융의 대부업 청산은 2014년 시작됐다.,"OK금융은 2018년 ‘원캐싱’, 2019년 ‘미즈사랑’, 지난해 ‘러시앤캐시’를 단계적으로 청산했다.",False,OK금융의 대부업 자산 축소 및 시장에서의 완전 철수에 대한 계획은 특정한 수치나 통계적 변화를 주장하는 것이 아니므로 해당 문장은 False로 판별됩니다.,high,hcx,HCX-007,isclaim-v1.3-prev2-context,2026-08-05
A0013-C012,A0013,"OK금융그룹, 대부업 완전 철수… 최윤 회장 동생 회사 2곳 청산",2025-01-05,https://www.chosun.com/economy/money/2025/01/05/EXEY76HXH47MJVLQRHGB5PMDWY,1,12,1,"OK금융은 2018년 ‘원캐싱’, 2019년 ‘미즈사랑’, 지난해 ‘러시앤캐시’를 단계적으로 청산했다.",이에 OK금융은 대부업 자산을 단계적으로 줄여 2024년 시장에서 완전 철수하겠다고 금융 당국에 약속했다.,"OK금융은 당시 예주·예나래저축은행(현 OK저축은행) 인수를 추진했는데, 금융 당국이 대부업 완전 철수를 조건으로 내걸었다.",그러나 2022년 변수가 생겼다.,False,"OK금융이 원캐싱, 미즈사랑, 러시앤캐시를 단계적으로 청산했다는 사실은 단순한 기업의 자산 처분 과정에 대한 설명이므로, 이는 KOSIS 국가통계포털에서 검증 가능한 수치나 통계적 변화와는 관련이 없습니다.",high,hcx,HCX-007,isclaim-v1.3-prev2-context,2026-08-05
A0013-C013,A0013,"OK금융그룹, 대부업 완전 철수… 최윤 회장 동생 회사 2곳 청산",2025-01-05,https://www.chosun.com/economy/money/2025/01/05/EXEY76HXH47MJVLQRHGB5PMDWY,1,13,1,그러나 2022년 변수가 생겼다.,"OK금융은 2018년 ‘원캐싱’, 2019년 ‘미즈사랑’, 지난해 ‘러시앤캐시’를 단계적으로 청산했다.",이에 OK금융은 대부업 자산을 단계적으로 줄여 2024년 시장에서 완전 철수하겠다고 금융 당국에 약속했다.,OK금융 자산 규모가 급격히 늘어나면서 공정거래위원회 대기업 집단으로 지정된 것이다.,False,"현재 문장은 단순한 사실 진술로서, 수치나 통계적인 변화를 주장하지 않습니다.",high,hcx,HCX-007,isclaim-v1.3-prev2-context,2026-08-05
A0013-C014,A0013,"OK금융그룹, 대부업 완전 철수… 최윤 회장 동생 회사 2곳 청산",2025-01-05,https://www.chosun.com/economy/money/2025/01/05/EXEY76HXH47MJVLQRHGB5PMDWY,1,14,1,OK금융 자산 규모가 급격히 늘어나면서 공정거래위원회 대기업 집단으로 지정된 것이다.,그러나 2022년 변수가 생겼다.,"OK금융은 2018년 ‘원캐싱’, 2019년 ‘미즈사랑’, 지난해 ‘러시앤캐시’를 단계적으로 청산했다.",이에 동생 최호씨가 운영하는 대부업체가 친인척 관련 동일기업집단으로 묶였다.,False,"OK금융의 자산 규모가 급격히 늘어났다는 사실은 특정 기업의 재무 상태에 대한 정보로서, 이는 개별 기업의 특정한 상황에 해당하며 국가통계포털(KOSIS)에서 제공하는 일반적인 통계와는 관련이 없습니다.",high,hcx,HCX-007,isclaim-v1.3-prev2-context,2026-08-05
A0013-C015,A0013,"OK금융그룹, 대부업 완전 철수… 최윤 회장 동생 회사 2곳 청산",2025-01-05,https://www.chosun.com/economy/money/2025/01/05/EXEY76HXH47MJVLQRHGB5PMDWY,1,15,1,이에 동생 최호씨가 운영하는 대부업체가 친인척 관련 동일기업집단으로 묶였다.,OK금융 자산 규모가 급격히 늘어나면서 공정거래위원회 대기업 집단으로 지정된 것이다.,그러나 2022년 변수가 생겼다.,최호씨는 지분 100%를 소유한 채권추심업체 비콜렉트를 통해 H&H파이낸셜과 옐로우캐피탈을 소유하고 있었다.,False,"현재 문장은 특정 기업의 계열사 및 관계에 대한 설명을 하고 있으며, 이는 KOSIS에서 검증 가능한 수치나 통계적 변화와는 관련이 없습니다.",high,hcx,HCX-007,isclaim-v1.3-prev2-context,2026-08-05
A0013-C016,A0013,"OK금융그룹, 대부업 완전 철수… 최윤 회장 동생 회사 2곳 청산",2025-01-05,https://www.chosun.com/economy/money/2025/01/05/EXEY76HXH47MJVLQRHGB5PMDWY,1,16,1,최호씨는 지분 100%를 소유한 채권추심업체 비콜렉트를 통해 H&H파이낸셜과 옐로우캐피탈을 소유하고 있었다.,이에 동생 최호씨가 운영하는 대부업체가 친인척 관련 동일기업집단으로 묶였다.,OK금융 자산 규모가 급격히 늘어나면서 공정거래위원회 대기업 집단으로 지정된 것이다.,금융 당국은 결국 2023년 10월 OK금융에 대해 ‘대주주 적격성 유지요건 충족 명령’을 내려 최호씨가 보유한 대부업체도 정리할 것을 요구했다.,False,"현재 문장은 개인 소유 구조 및 기업의 지배 관계에 대한 설명이므로, 이는 KOSIS에서 검증 가능한 수치나 통계적 변화와 관련이 없습니다.",high,hcx,HCX-007,isclaim-v1.3-prev2-context,2026-08-05
A0013-C017,A0013,"OK금융그룹, 대부업 완전 철수… 최윤 회장 동생 회사 2곳 청산",2025-01-05,https://www.chosun.com/economy/money/2025/01/05/EXEY76HXH47MJVLQRHGB5PMDWY,1,17,1,금융 당국은 결국 2023년 10월 OK금융에 대해 ‘대주주 적격성 유지요건 충족 명령’을 내려 최호씨가 보유한 대부업체도 정리할 것을 요구했다.,최호씨는 지분 100%를 소유한 채권추심업체 비콜렉트를 통해 H&H파이낸셜과 옐로우캐피탈을 소유하고 있었다.,이에 동생 최호씨가 운영하는 대부업체가 친인척 관련 동일기업집단으로 묶였다.,대부업 완전 청산으로 OK금융의 상상인저축은행 인수도 속도를 낼 전망이다.,False,"현재 문장은 금융 당국의 조치에 대한 설명으로, 특정한 수치나 통계적인 변화를 주장하지 않습니다.",high,hcx,HCX-007,isclaim-v1.3-prev2-context,2026-08-05
A0013-C018,A0013,"OK금융그룹, 대부업 완전 철수… 최윤 회장 동생 회사 2곳 청산",2025-01-05,https://www.chosun.com/economy/money/2025/01/05/EXEY76HXH47MJVLQRHGB5PMDWY,1,18,1,대부업 완전 청산으로 OK금융의 상상인저축은행 인수도 속도를 낼 전망이다.,금융 당국은 결국 2023년 10월 OK금융에 대해 ‘대주주 적격성 유지요건 충족 명령’을 내려 최호씨가 보유한 대부업체도 정리할 것을 요구했다.,최호씨는 지분 100%를 소유한 채권추심업체 비콜렉트를 통해 H&H파이낸셜과 옐로우캐피탈을 소유하고 있었다.,OK금융은 최근 상상인저축은행 실사를 마치고 인수 조건을 검토하고 있다.,False,"현재 문장은 대부업 청산과 저축은행 인수 속도에 대한 예측 및 상황을 설명하지만, 이는 구체적인 수치나 통계적 변화를 주장하는 것이 아닙니다.",high,hcx,HCX-007,isclaim-v1.3-prev2-context,2026-08-05
A0013-C019,A0013,"OK금융그룹, 대부업 완전 철수… 최윤 회장 동생 회사 2곳 청산",2025-01-05,https://www.chosun.com/economy/money/2025/01/05/EXEY76HXH47MJVLQRHGB5PMDWY,1,19,1,OK금융은 최근 상상인저축은행 실사를 마치고 인수 조건을 검토하고 있다.,대부업 완전 청산으로 OK금융의 상상인저축은행 인수도 속도를 낼 전망이다.,금융 당국은 결국 2023년 10월 OK금융에 대해 ‘대주주 적격성 유지요건 충족 명령’을 내려 최호씨가 보유한 대부업체도 정리할 것을 요구했다.,업계는 상상인저축은행 매각가를 자본금(6월 말 기준 2945억원) 수준인 3000억원 내외로 보고 있다.,False,OK금융의 상상인저축은행 실사 및 인수 조건 검토는 특정한 수치나 통계적 변화를 주장하는 것이 아니므로 해당되지 않습니다.,high,hcx,HCX-007,isclaim-v1.3-prev2-context,2026-08-05
A0013-C020,A0013,"OK금융그룹, 대부업 완전 철수… 최윤 회장 동생 회사 2곳 청산",2025-01-05,https://www.chosun.com/economy/money/2025/01/05/EXEY76HXH47MJVLQRHGB5PMDWY,1,20,1,업계는 상상인저축은행 매각가를 자본금(6월 말 기준 2945억원) 수준인 3000억원 내외로 보고 있다.,OK금융은 최근 상상인저축은행 실사를 마치고 인수 조건을 검토하고 있다.,대부업 완전 청산으로 OK금융의 상상인저축은행 인수도 속도를 낼 전망이다.,,False,"현재 문장은 상상인저축은행의 매각가에 대한 업계의 예상치를 언급하고 있으며, 이는 특정한 개인이나 기업의 금융 거래와 관련된 정보로서 국가통계포털(KOSIS)에서 제공하는 통계와는 관련이 없습니다.",high,hcx,HCX-007,isclaim-v1.3-prev2-context,2026-08-05
A0014-C001,A0014,작년 공모주 시장은 ‘상고하저’… 관련 펀드서 하반기 4000억원 유출,2025-01-05,https://www.chosun.com/economy/money/2025/01/05/F6MTU64EMXMQ33GSC2BIOEZTZY,1,1,1,지난해 하반기 증시 부진으로 공모주 시장이 얼어붙으면서 관련 펀드에서도 자금이 빠져나간 것으로 나타났다.,,,5일 펀드 평가사 한국펀드평가에 따르면 지난해 상반기 공모주 펀드 135개에 유입된 자금은 8794억원으로 집계됐다.,False,지난해 하반기 증시 부진과 공모주 시장 상황에 대한 설명이므로 KOSIS 통계로 검증 가능한 수치나 변화 방향에 대한 주장이 아닙니다.,high,hcx,HCX-007,isclaim-v1.3-prev2-context,2026-08-05
A0014-C002,A0014,작년 공모주 시장은 ‘상고하저’… 관련 펀드서 하반기 4000억원 유출,2025-01-05,https://www.chosun.com/economy/money/2025/01/05/F6MTU64EMXMQ33GSC2BIOEZTZY,1,2,1,5일 펀드 평가사 한국펀드평가에 따르면 지난해 상반기 공모주 펀드 135개에 유입된 자금은 8794억원으로 집계됐다.,지난해 하반기 증시 부진으로 공모주 시장이 얼어붙으면서 관련 펀드에서도 자금이 빠져나간 것으로 나타났다.,,그러나 하반기 들어서는 지난달 16일까지 4362억원의 자금이 유출됐다.,True,"현재 문장은 '지난해 상반기 공모주 펀드에 유입된 자금'이라는 구체적인 수치 정보를 포함하고 있으며, 이는 국내 금융 시장에 대한 집계 통계로서 KOSIS를 통해 검증될 가능성이 있다.",high,hcx,HCX-007,isclaim-v1.3-prev2-context,2026-08-05
A0014-C003,A0014,작년 공모주 시장은 ‘상고하저’… 관련 펀드서 하반기 4000억원 유출,2025-01-05,https://www.chosun.com/economy/money/2025/01/05/F6MTU64EMXMQ33GSC2BIOEZTZY,1,3,1,그러나 하반기 들어서는 지난달 16일까지 4362억원의 자금이 유출됐다.,5일 펀드 평가사 한국펀드평가에 따르면 지난해 상반기 공모주 펀드 135개에 유입된 자금은 8794억원으로 집계됐다.,지난해 하반기 증시 부진으로 공모주 시장이 얼어붙으면서 관련 펀드에서도 자금이 빠져나간 것으로 나타났다.,이는 공모주 시장이 위축되자 이에 실망한 자금이 공모주 펀드에서도 빠져나간 것으로 풀이된다.,True,"현재 문장은 하반기에 공모주 펀드에서 자금 유출이 발생했다는 내용을 담고 있으며, 이는 KOSIS를 통해 금융 상품의 자금 흐름 데이터를 대조하여 검증할 수 있는 내용이다.",high,hcx,HCX-007,isclaim-v1.3-prev2-context,2026-08-05
A0014-C004,A0014,작년 공모주 시장은 ‘상고하저’… 관련 펀드서 하반기 4000억원 유출,2025-01-05,https://www.chosun.com/economy/money/2025/01/05/F6MTU64EMXMQ33GSC2BIOEZTZY,1,4,1,이는 공모주 시장이 위축되자 이에 실망한 자금이 공모주 펀드에서도 빠져나간 것으로 풀이된다.,그러나 하반기 들어서는 지난달 16일까지 4362억원의 자금이 유출됐다.,5일 펀드 평가사 한국펀드평가에 따르면 지난해 상반기 공모주 펀드 135개에 유입된 자금은 8794억원으로 집계됐다.,실제로 지난해 상반기 상장한 기업 29개사 모두 최종 공모가가 희망 범위 상단이거나 상단을 초과했다.,False,"현재 문장은 단순한 원인 분석 및 해석이므로, KOSIS를 통해 검증 가능한 수치나 통계적 변화를 주장하지 않습니다.",high,hcx,HCX-007,isclaim-v1.3-prev2-context,2026-08-05
A0014-C005,A0014,작년 공모주 시장은 ‘상고하저’… 관련 펀드서 하반기 4000억원 유출,2025-01-05,https://www.chosun.com/economy/money/2025/01/05/F6MTU64EMXMQ33GSC2BIOEZTZY,1,5,1,실제로 지난해 상반기 상장한 기업 29개사 모두 최종 공모가가 희망 범위 상단이거나 상단을 초과했다.,이는 공모주 시장이 위축되자 이에 실망한 자금이 공모주 펀드에서도 빠져나간 것으로 풀이된다.,그러나 하반기 들어서는 지난달 16일까지 4362억원의 자금이 유출됐다.,하지만 하반기 상장한 48개 기업 중 12개 기업은 희망 범위 하단 또는 하단에도 미치지 못했다.,False,"현재 문장은 지난해 상장한 기업의 공모가에 대한 정보 제공이지만, 이는 단순한 사실 전달로서 수치나 비율 등의 변화를 주장하는 것이 아니므로 KOSIS 통계로 검증 가능한 내용이 아닙니다.",high,hcx,HCX-007,isclaim-v1.3-prev2-context,2026-08-05
A0014-C006,A0014,작년 공모주 시장은 ‘상고하저’… 관련 펀드서 하반기 4000억원 유출,2025-01-05,https://www.chosun.com/economy/money/2025/01/05/F6MTU64EMXMQ33GSC2BIOEZTZY,1,6,1,하지만 하반기 상장한 48개 기업 중 12개 기업은 희망 범위 하단 또는 하단에도 미치지 못했다.,실제로 지난해 상반기 상장한 기업 29개사 모두 최종 공모가가 희망 범위 상단이거나 상단을 초과했다.,이는 공모주 시장이 위축되자 이에 실망한 자금이 공모주 펀드에서도 빠져나간 것으로 풀이된다.,이 가운데 공모가가 희망 범위에 미달한 기업은 8곳으로 모두 지난해 4분기에 상장했다.,True,"현재 문장은 '하반기 상장한 48개 기업 중 12개 기업이 희망 범위 하단 또는 하단에도 미치지 못했다'는 내용을 담고 있으며, 이는 상장 기업의 공모가와 관련된 통계를 나타내고 있다.",high,hcx,HCX-007,isclaim-v1.3-prev2-context,2026-08-05
A0014-C007,A0014,작년 공모주 시장은 ‘상고하저’… 관련 펀드서 하반기 4000억원 유출,2025-01-05,https://www.chosun.com/economy/money/2025/01/05/F6MTU64EMXMQ33GSC2BIOEZTZY,1,7,1,이 가운데 공모가가 희망 범위에 미달한 기업은 8곳으로 모두 지난해 4분기에 상장했다.,하지만 하반기 상장한 48개 기업 중 12개 기업은 희망 범위 하단 또는 하단에도 미치지 못했다.,실제로 지난해 상반기 상장한 기업 29개사 모두 최종 공모가가 희망 범위 상단이거나 상단을 초과했다.,"특히 4분기에는 케이뱅크, 씨케이솔루션, 동방메디컬, 미트박스글로벌, 오름테라퓨틱 등 상장을 철회하거나 일정을 연기하는 기업들이 속출하기도 했다.",True,"현재 문장은 공모가가 희망 범위에 미달한 기업의 수를 언급하며, 이는 특정 시점(지난해 4분기) 동안의 통계적인 정보이므로 KOSIS를 통해 검증 가능하다.",high,hcx,HCX-007,isclaim-v1.3-prev2-context,2026-08-05
A0014-C008,A0014,작년 공모주 시장은 ‘상고하저’… 관련 펀드서 하반기 4000억원 유출,2025-01-05,https://www.chosun.com/economy/money/2025/01/05/F6MTU64EMXMQ33GSC2BIOEZTZY,1,8,1,"특히 4분기에는 케이뱅크, 씨케이솔루션, 동방메디컬, 미트박스글로벌, 오름테라퓨틱 등 상장을 철회하거나 일정을 연기하는 기업들이 속출하기도 했다.",이 가운데 공모가가 희망 범위에 미달한 기업은 8곳으로 모두 지난해 4분기에 상장했다.,하지만 하반기 상장한 48개 기업 중 12개 기업은 희망 범위 하단 또는 하단에도 미치지 못했다.,기업 컨설팅 업체인 IR큐더스는 지난해 기업공개(IPO) 결산 자료에서 “2024년 기업공개(IPO) 시장은 전형적인 ‘상고하저’ 형태를 띠었다”면서 공모가가 희망 범위에 미달한 기업이 4분기에 집중됐던 점을 언급하며 “하반기에 IPO 시장에서 ‘옥석 가리기’가 심화했다”고 전했다.,False,"현재 문장은 특정 기업의 상장 철회나 일정 연기에 대한 내용을 다루고 있으며, 이는 개별 사건에 해당하므로 KOSIS에서 검증 가능한 집계 통계가 아닙니다.",high,hcx,HCX-007,isclaim-v1.3-prev2-context,2026-08-05
A0014-C009,A0014,작년 공모주 시장은 ‘상고하저’… 관련 펀드서 하반기 4000억원 유출,2025-01-05,https://www.chosun.com/economy/money/2025/01/05/F6MTU64EMXMQ33GSC2BIOEZTZY,1,9,1,기업 컨설팅 업체인 IR큐더스는 지난해 기업공개(IPO) 결산 자료에서 “2024년 기업공개(IPO) 시장은 전형적인 ‘상고하저’ 형태를 띠었다”면서 공모가가 희망 범위에 미달한 기업이 4분기에 집중됐던 점을 언급하며 “하반기에 IPO 시장에서 ‘옥석 가리기’가 심화했다”고 전했다.,"특히 4분기에는 케이뱅크, 씨케이솔루션, 동방메디컬, 미트박스글로벌, 오름테라퓨틱 등 상장을 철회하거나 일정을 연기하는 기업들이 속출하기도 했다.",이 가운데 공모가가 희망 범위에 미달한 기업은 8곳으로 모두 지난해 4분기에 상장했다.,그러나 올해 상반기부터는 공모 규모 1조원 이상인 ‘대어(大魚)’ LG CNS를 시작으로 대기업이 속속 상장 채비를 하면서 공모주 시장이 활기를 띨 것으로 내다봤다.,False,"현재 문장은 2024년 기업공개(IPO) 시장의 형태 및 공모가가 희망 범위에 미달한 기업의 분포에 대한 일반적인 설명을 하고 있으며, 이는 특정한 수치나 비율 등의 통계적 주장을 포함하지 않습니다.",high,hcx,HCX-007,isclaim-v1.3-prev2-context,2026-08-05
A0014-C010,A0014,작년 공모주 시장은 ‘상고하저’… 관련 펀드서 하반기 4000억원 유출,2025-01-05,https://www.chosun.com/economy/money/2025/01/05/F6MTU64EMXMQ33GSC2BIOEZTZY,1,10,1,그러나 올해 상반기부터는 공모 규모 1조원 이상인 ‘대어(大魚)’ LG CNS를 시작으로 대기업이 속속 상장 채비를 하면서 공모주 시장이 활기를 띨 것으로 내다봤다.,기업 컨설팅 업체인 IR큐더스는 지난해 기업공개(IPO) 결산 자료에서 “2024년 기업공개(IPO) 시장은 전형적인 ‘상고하저’ 형태를 띠었다”면서 공모가가 희망 범위에 미달한 기업이 4분기에 집중됐던 점을 언급하며 “하반기에 IPO 시장에서 ‘옥석 가리기’가 심화했다”고 전했다.,"특히 4분기에는 케이뱅크, 씨케이솔루션, 동방메디컬, 미트박스글로벌, 오름테라퓨틱 등 상장을 철회하거나 일정을 연기하는 기업들이 속출하기도 했다.","LG CNS가 다음 달 유가증권시장 상장을 목표로 이미 본격적인 공모 절차에 돌입했고 케이뱅크와 서울보증보험, 롯데글로벌로지스, 달바글로벌 등도 상장을 준비 중이다.",False,"현재 문장은 올해 상반기부터 대기업들이 상장하면서 공모주 시장이 활기를 띨 것이라는 예측이므로, 이는 단순한 예측이지 구체적인 수치나 통계적 변화를 주장하는 것이 아닙니다.",high,hcx,HCX-007,isclaim-v1.3-prev2-context,2026-08-05
A0014-C011,A0014,작년 공모주 시장은 ‘상고하저’… 관련 펀드서 하반기 4000억원 유출,2025-01-05,https://www.chosun.com/economy/money/2025/01/05/F6MTU64EMXMQ33GSC2BIOEZTZY,1,11,1,"LG CNS가 다음 달 유가증권시장 상장을 목표로 이미 본격적인 공모 절차에 돌입했고 케이뱅크와 서울보증보험, 롯데글로벌로지스, 달바글로벌 등도 상장을 준비 중이다.",그러나 올해 상반기부터는 공모 규모 1조원 이상인 ‘대어(大魚)’ LG CNS를 시작으로 대기업이 속속 상장 채비를 하면서 공모주 시장이 활기를 띨 것으로 내다봤다.,기업 컨설팅 업체인 IR큐더스는 지난해 기업공개(IPO) 결산 자료에서 “2024년 기업공개(IPO) 시장은 전형적인 ‘상고하저’ 형태를 띠었다”면서 공모가가 희망 범위에 미달한 기업이 4분기에 집중됐던 점을 언급하며 “하반기에 IPO 시장에서 ‘옥석 가리기’가 심화했다”고 전했다.,코스피 코스닥 증권,False,"현재 문장은 LG CNS 및 다른 기업들이 유가증권시장 상장을 준비 중이라는 사실을 전달하지만, 이는 특정한 수치나 통계적 변화를 주장하는 내용이 아닙니다.",high,hcx,HCX-007,isclaim-v1.3-prev2-context,2026-08-05
A0014-C012,A0014,작년 공모주 시장은 ‘상고하저’… 관련 펀드서 하반기 4000억원 유출,2025-01-05,https://www.chosun.com/economy/money/2025/01/05/F6MTU64EMXMQ33GSC2BIOEZTZY,1,12,1,코스피 코스닥 증권,"LG CNS가 다음 달 유가증권시장 상장을 목표로 이미 본격적인 공모 절차에 돌입했고 케이뱅크와 서울보증보험, 롯데글로벌로지스, 달바글로벌 등도 상장을 준비 중이다.",그러나 올해 상반기부터는 공모 규모 1조원 이상인 ‘대어(大魚)’ LG CNS를 시작으로 대기업이 속속 상장 채비를 하면서 공모주 시장이 활기를 띨 것으로 내다봤다.,,False,코스피 코스닥 증권에 대한 언급은 단순한 정보 제공이므로 수치나 통계적 변화를 주장하는 것이 아닙니다.,high,hcx,HCX-007,isclaim-v1.3-prev2-context,2026-08-05
A0015-C001,A0015,정상혁 신한은행장 “밸류업 달성 위해 질적 성장이 중요”,2025-01-05,https://www.chosun.com/economy/money/2025/01/05/J6FYROXWBK5EPQSMBRFO2ISHVI,1,1,1,정상혁 신한은행장은 “밸류업(기업가치 제고) 목표 달성을 위해서는 지금까지의 자산 성장 중심 영업에 더해 자원의 효율적 활용을 통한 질적 성장이 중요하다”고 밝혔다.,,,5일 신한은행에 따르면 그는 지난 3일 경기 용인 블루캠퍼스에서 열린 ‘2025년 상반기 경영전략 회의’에서 임직원들에게 이렇게 ‘성장 방식의 전환’을 강조했다.,False,"정상혁 신한은행장의 발언은 단순한 의견 평가나 전략적 제언으로서, 특정한 수치나 통계적 변화를 주장하는 것이 아닙니다.",high,hcx,HCX-007,isclaim-v1.3-prev2-context,2026-08-05
A0015-C002,A0015,정상혁 신한은행장 “밸류업 달성 위해 질적 성장이 중요”,2025-01-05,https://www.chosun.com/economy/money/2025/01/05/J6FYROXWBK5EPQSMBRFO2ISHVI,1,2,1,5일 신한은행에 따르면 그는 지난 3일 경기 용인 블루캠퍼스에서 열린 ‘2025년 상반기 경영전략 회의’에서 임직원들에게 이렇게 ‘성장 방식의 전환’을 강조했다.,정상혁 신한은행장은 “밸류업(기업가치 제고) 목표 달성을 위해서는 지금까지의 자산 성장 중심 영업에 더해 자원의 효율적 활용을 통한 질적 성장이 중요하다”고 밝혔다.,,"정 행장은 “변화의 방향을 잘 읽고 준비를 철저히 해야 한다”며 영업 방식의 변화, 미래를 위한 변화, 현장의 변화를 주문했다.",False,"현재 문장은 신한은행장의 발언 내용을 전달하며, 이는 단순한 의견 표현 및 전략 강조로서 구체적인 수치나 통계적 변화를 주장하지 않습니다.",high,hcx,HCX-007,isclaim-v1.3-prev2-context,2026-08-05
A0015-C003,A0015,정상혁 신한은행장 “밸류업 달성 위해 질적 성장이 중요”,2025-01-05,https://www.chosun.com/economy/money/2025/01/05/J6FYROXWBK5EPQSMBRFO2ISHVI,1,3,1,"정 행장은 “변화의 방향을 잘 읽고 준비를 철저히 해야 한다”며 영업 방식의 변화, 미래를 위한 변화, 현장의 변화를 주문했다.",5일 신한은행에 따르면 그는 지난 3일 경기 용인 블루캠퍼스에서 열린 ‘2025년 상반기 경영전략 회의’에서 임직원들에게 이렇게 ‘성장 방식의 전환’을 강조했다.,정상혁 신한은행장은 “밸류업(기업가치 제고) 목표 달성을 위해서는 지금까지의 자산 성장 중심 영업에 더해 자원의 효율적 활용을 통한 질적 성장이 중요하다”고 밝혔다.,아울러 “변화의 과정에서 리더들이 도덕적으로 바른 기준을 가지고 균형을 잡아야 한다”고 덧붙였다.,False,"현재 문장은 단순한 의견이나 평가로서, 구체적인 수치나 통계적인 변화에 대한 언급이 없습니다.",high,hcx,HCX-007,isclaim-v1.3-prev2-context,2026-08-05
A0015-C004,A0015,정상혁 신한은행장 “밸류업 달성 위해 질적 성장이 중요”,2025-01-05,https://www.chosun.com/economy/money/2025/01/05/J6FYROXWBK5EPQSMBRFO2ISHVI,1,4,1,아울러 “변화의 과정에서 리더들이 도덕적으로 바른 기준을 가지고 균형을 잡아야 한다”고 덧붙였다.,"정 행장은 “변화의 방향을 잘 읽고 준비를 철저히 해야 한다”며 영업 방식의 변화, 미래를 위한 변화, 현장의 변화를 주문했다.",5일 신한은행에 따르면 그는 지난 3일 경기 용인 블루캠퍼스에서 열린 ‘2025년 상반기 경영전략 회의’에서 임직원들에게 이렇게 ‘성장 방식의 전환’을 강조했다.,이번 행사는 국가 애도 기간 등을 고려해 부서장 이상만 참석한 가운데 간소하게 치러졌다.,False,"현재 문장은 변화에 대한 리더십의 필요성을 강조하지만, 이는 수치나 통계적인 변화와는 관련이 없습니다.",high,hcx,HCX-007,isclaim-v1.3-prev2-context,2026-08-05
A0015-C005,A0015,정상혁 신한은행장 “밸류업 달성 위해 질적 성장이 중요”,2025-01-05,https://www.chosun.com/economy/money/2025/01/05/J6FYROXWBK5EPQSMBRFO2ISHVI,1,5,1,이번 행사는 국가 애도 기간 등을 고려해 부서장 이상만 참석한 가운데 간소하게 치러졌다.,아울러 “변화의 과정에서 리더들이 도덕적으로 바른 기준을 가지고 균형을 잡아야 한다”고 덧붙였다.,"정 행장은 “변화의 방향을 잘 읽고 준비를 철저히 해야 한다”며 영업 방식의 변화, 미래를 위한 변화, 현장의 변화를 주문했다.",,False,"현재 문장은 특정 행사의 진행 방식에 대한 설명으로, 수치나 통계적인 변화와 관련이 없습니다.",high,hcx,HCX-007,isclaim-v1.3-prev2-context,2026-08-05
A0016-C002,A0016,"전남도, 무안참사 추모공원 460억 들여 짓는다",2025-01-06,https://www.chosun.com/national/national_general/2025/01/06/ELMYO6U4P5C5RNWH4YN6T3D7BE,1,2,1,세월호나 핼러윈 참사처럼 특별법을 제정해 참사 유가족들을 지원하겠다는 것이다.,전남도가 ‘제주항공 참사’ 특별법 제정을 추진한다.,,김영록 전남지사는 6일 기자회견을 열고 이 같은 계획을 밝혔다.,False,"현재 문장은 특별법 제정과 관련된 내용으로, 수치나 통계적인 변화를 주장하는 내용이 아닙니다.",high,hcx,HCX-007,isclaim-v1.3-prev2-context,2026-08-05
A0016-C003,A0016,"전남도, 무안참사 추모공원 460억 들여 짓는다",2025-01-06,https://www.chosun.com/national/national_general/2025/01/06/ELMYO6U4P5C5RNWH4YN6T3D7BE,1,3,1,김영록 전남지사는 6일 기자회견을 열고 이 같은 계획을 밝혔다.,세월호나 핼러윈 참사처럼 특별법을 제정해 참사 유가족들을 지원하겠다는 것이다.,전남도가 ‘제주항공 참사’ 특별법 제정을 추진한다.,특별법이 제정되면 국비 460억원을 투입해 무안공항 인근에 7만㎡ 규모의 추모공원을 조성한다는 계획이다.,False,김영록 전남지사가 기자회견을 열었다는 사실은 특정한 수치나 통계적 변화를 주장하는 것이 아니므로 해당 문장은 False로 판정됩니다.,high,hcx,HCX-007,isclaim-v1.3-prev2-context,2026-08-05
A0016-C004,A0016,"전남도, 무안참사 추모공원 460억 들여 짓는다",2025-01-06,https://www.chosun.com/national/national_general/2025/01/06/ELMYO6U4P5C5RNWH4YN6T3D7BE,1,4,1,특별법이 제정되면 국비 460억원을 투입해 무안공항 인근에 7만㎡ 규모의 추모공원을 조성한다는 계획이다.,김영록 전남지사는 6일 기자회견을 열고 이 같은 계획을 밝혔다.,세월호나 핼러윈 참사처럼 특별법을 제정해 참사 유가족들을 지원하겠다는 것이다.,"추모탑과 유가족을 위로하는 숲과 정원, 방문객 센터를 조성할 예정이다.",False,특별법 제정과 관련된 예산 계획이므로 KOSIS에서 검증 가능한 수치나 통계적 변화와 관련이 없다.,high,hcx,HCX-007,isclaim-v1.3-prev2-context,2026-08-05
A0016-C005,A0016,"전남도, 무안참사 추모공원 460억 들여 짓는다",2025-01-06,https://www.chosun.com/national/national_general/2025/01/06/ELMYO6U4P5C5RNWH4YN6T3D7BE,1,5,1,"추모탑과 유가족을 위로하는 숲과 정원, 방문객 센터를 조성할 예정이다.",특별법이 제정되면 국비 460억원을 투입해 무안공항 인근에 7만㎡ 규모의 추모공원을 조성한다는 계획이다.,김영록 전남지사는 6일 기자회견을 열고 이 같은 계획을 밝혔다.,"아울러 재발 방지를 위해 최첨단 조류 감시·퇴치 시스템 도입, 대형 항공기 이착륙이 가능한 활주로 건설을 정부에 건의할 것이라고 밝혔다.",False,"현재 문장은 추모공원 내 시설물에 대한 설명을 하고 있으며, 이는 수치나 통계적인 변화를 주장하는 내용이 아닙니다.",high,hcx,HCX-007,isclaim-v1.3-prev2-context,2026-08-05
A0016-C006,A0016,"전남도, 무안참사 추모공원 460억 들여 짓는다",2025-01-06,https://www.chosun.com/national/national_general/2025/01/06/ELMYO6U4P5C5RNWH4YN6T3D7BE,1,6,1,"아울러 재발 방지를 위해 최첨단 조류 감시·퇴치 시스템 도입, 대형 항공기 이착륙이 가능한 활주로 건설을 정부에 건의할 것이라고 밝혔다.","추모탑과 유가족을 위로하는 숲과 정원, 방문객 센터를 조성할 예정이다.",특별법이 제정되면 국비 460억원을 투입해 무안공항 인근에 7만㎡ 규모의 추모공원을 조성한다는 계획이다.,전남도는 오는 18일 무안공항 활주로에서 희생자를 추모하는 ‘합동위령제’를 열기로 했다.,False,"현재 문장은 최첨단 조류 감시 및 퇴치 시스템 도입과 대형 항공기 이착륙이 가능한 활주로 건설에 대한 정부의 건의를 언급하고 있으며, 이는 특정한 수치나 통계적 변화를 주장하는 것이 아닙니다.",high,hcx,HCX-007,isclaim-v1.3-prev2-context,2026-08-05
A0016-C007,A0016,"전남도, 무안참사 추모공원 460억 들여 짓는다",2025-01-06,https://www.chosun.com/national/national_general/2025/01/06/ELMYO6U4P5C5RNWH4YN6T3D7BE,1,7,1,전남도는 오는 18일 무안공항 활주로에서 희생자를 추모하는 ‘합동위령제’를 열기로 했다.,"아울러 재발 방지를 위해 최첨단 조류 감시·퇴치 시스템 도입, 대형 항공기 이착륙이 가능한 활주로 건설을 정부에 건의할 것이라고 밝혔다.","추모탑과 유가족을 위로하는 숲과 정원, 방문객 센터를 조성할 예정이다.",정부와 지방자치단체 차원에서 처음 여는 합동위령제다.,False,"현재 문장은 희생자를 추모하기 위한 행사 개최에 대한 내용으로, 수치나 통계적인 변화를 주장하지 않습니다.",high,hcx,HCX-007,isclaim-v1.3-prev2-context,2026-08-05
A0016-C008,A0016,"전남도, 무안참사 추모공원 460억 들여 짓는다",2025-01-06,https://www.chosun.com/national/national_general/2025/01/06/ELMYO6U4P5C5RNWH4YN6T3D7BE,1,8,1,정부와 지방자치단체 차원에서 처음 여는 합동위령제다.,전남도는 오는 18일 무안공항 활주로에서 희생자를 추모하는 ‘합동위령제’를 열기로 했다.,"아울러 재발 방지를 위해 최첨단 조류 감시·퇴치 시스템 도입, 대형 항공기 이착륙이 가능한 활주로 건설을 정부에 건의할 것이라고 밝혔다.",유가족 700여 명과 공무원 등 1000여 명이 참석할 예정이다.,False,"현재 문장은 합동위령제가 처음으로 열린다는 사실을 전달하지만, 이는 수치나 통계적인 변화를 주장하는 내용이 아닙니다.",high,hcx,HCX-007,isclaim-v1.3-prev2-context,2026-08-05
A0016-C009,A0016,"전남도, 무안참사 추모공원 460억 들여 짓는다",2025-01-06,https://www.chosun.com/national/national_general/2025/01/06/ELMYO6U4P5C5RNWH4YN6T3D7BE,1,9,1,유가족 700여 명과 공무원 등 1000여 명이 참석할 예정이다.,정부와 지방자치단체 차원에서 처음 여는 합동위령제다.,전남도는 오는 18일 무안공항 활주로에서 희생자를 추모하는 ‘합동위령제’를 열기로 했다.,무안공항은 앞으로 2~3개월 이후에 재개장할 것으로 보인다.,False,"참석자 수는 단순한 행사 참여 인원에 대한 정보로, 이는 KOSIS에서 제공하는 통계와는 관련이 없습니다.",high,hcx,HCX-007,isclaim-v1.3-prev2-context,2026-08-05
A0016-C010,A0016,"전남도, 무안참사 추모공원 460억 들여 짓는다",2025-01-06,https://www.chosun.com/national/national_general/2025/01/06/ELMYO6U4P5C5RNWH4YN6T3D7BE,1,10,1,무안공항은 앞으로 2~3개월 이후에 재개장할 것으로 보인다.,유가족 700여 명과 공무원 등 1000여 명이 참석할 예정이다.,정부와 지방자치단체 차원에서 처음 여는 합동위령제다.,국토교통부는 이날 무안공항을 14일까지 폐쇄한다고 밝혔다.,False,무안공항의 재개장에 대한 예측은 특정 시점에서의 이벤트 예측이므로 KOSIS 통계로 검증 가능한 수치나 통계적 변화가 아닙니다.,high,hcx,HCX-007,isclaim-v1.3-prev2-context,2026-08-05
A0016-C011,A0016,"전남도, 무안참사 추모공원 460억 들여 짓는다",2025-01-06,https://www.chosun.com/national/national_general/2025/01/06/ELMYO6U4P5C5RNWH4YN6T3D7BE,1,11,1,국토교통부는 이날 무안공항을 14일까지 폐쇄한다고 밝혔다.,무안공항은 앞으로 2~3개월 이후에 재개장할 것으로 보인다.,유가족 700여 명과 공무원 등 1000여 명이 참석할 예정이다.,당초 7일까지 폐쇄할 예정이었으나 기간을 연장했다.,False,"국토교통부가 무안공항을 14일까지 폐쇄한다는 것은 단순한 일정 발표로서, 이는 KOSIS에서 검증 가능한 수치나 통계적 변화와는 관련이 없습니다.",high,hcx,HCX-007,isclaim-v1.3-prev2-context,2026-08-05
A0016-C012,A0016,"전남도, 무안참사 추모공원 460억 들여 짓는다",2025-01-06,https://www.chosun.com/national/national_general/2025/01/06/ELMYO6U4P5C5RNWH4YN6T3D7BE,1,12,1,당초 7일까지 폐쇄할 예정이었으나 기간을 연장했다.,국토교통부는 이날 무안공항을 14일까지 폐쇄한다고 밝혔다.,무안공항은 앞으로 2~3개월 이후에 재개장할 것으로 보인다.,국토부 관계자는 “한미 합동조사팀의 현장 조사 일정도 남아 있어 사고 현장인 활주로를 더 보존해야 한다”고 했다.,False,"문장은 무안공항의 폐쇄 기간 연장에 대한 사실을 전달하지만, 이는 수치나 통계적 변화와 관련된 주장이 아닙니다.",high,hcx,HCX-007,isclaim-v1.3-prev2-context,2026-08-05
A0016-C013,A0016,"전남도, 무안참사 추모공원 460억 들여 짓는다",2025-01-06,https://www.chosun.com/national/national_general/2025/01/06/ELMYO6U4P5C5RNWH4YN6T3D7BE,1,13,1,국토부 관계자는 “한미 합동조사팀의 현장 조사 일정도 남아 있어 사고 현장인 활주로를 더 보존해야 한다”고 했다.,당초 7일까지 폐쇄할 예정이었으나 기간을 연장했다.,국토교통부는 이날 무안공항을 14일까지 폐쇄한다고 밝혔다.,참사 당시 파손된 착륙 유도 시설 등을 복구하는 데도 2~3개월은 걸릴 것이라고 정부는 밝혔다.,False,"현재 문장은 한미 합동조사팀의 현장 조사 일정에 대한 설명으로, 수치나 통계적인 변화를 주장하지 않습니다.",high,hcx,HCX-007,isclaim-v1.3-prev2-context,2026-08-05
A0016-C014,A0016,"전남도, 무안참사 추모공원 460억 들여 짓는다",2025-01-06,https://www.chosun.com/national/national_general/2025/01/06/ELMYO6U4P5C5RNWH4YN6T3D7BE,1,14,1,참사 당시 파손된 착륙 유도 시설 등을 복구하는 데도 2~3개월은 걸릴 것이라고 정부는 밝혔다.,국토부 관계자는 “한미 합동조사팀의 현장 조사 일정도 남아 있어 사고 현장인 활주로를 더 보존해야 한다”고 했다.,당초 7일까지 폐쇄할 예정이었으나 기간을 연장했다.,지난달 29일 사고 이후 8일간 공항에서 활동한 자원봉사자는 총 5509명으로 집계됐다.,False,복구 작업에 소요되는 시간에 대한 정보는 특정한 통계나 수치적인 변화를 주장하는 것이 아니므로 해당 문장은 False로 판정됩니다.,high,hcx,HCX-007,isclaim-v1.3-prev2-context,2026-08-05
A0016-C015,A0016,"전남도, 무안참사 추모공원 460억 들여 짓는다",2025-01-06,https://www.chosun.com/national/national_general/2025/01/06/ELMYO6U4P5C5RNWH4YN6T3D7BE,1,15,1,지난달 29일 사고 이후 8일간 공항에서 활동한 자원봉사자는 총 5509명으로 집계됐다.,참사 당시 파손된 착륙 유도 시설 등을 복구하는 데도 2~3개월은 걸릴 것이라고 정부는 밝혔다.,국토부 관계자는 “한미 합동조사팀의 현장 조사 일정도 남아 있어 사고 현장인 활주로를 더 보존해야 한다”고 했다.,전남도 관계자는 “전남도에 등록하지 않은 종교단체와 개인 등을 포함하면 실제 자원봉사자 수는 2배 이상으로 추정된다”고 했다.,True,사고 후 8일간 공항에서 활동한 자원봉사자의 수가 5509명으로 집계되었다는 구체적인 수치 정보를 제공하고 있다.,high,hcx,HCX-007,isclaim-v1.3-prev2-context,2026-08-05
A0016-C016,A0016,"전남도, 무안참사 추모공원 460억 들여 짓는다",2025-01-06,https://www.chosun.com/national/national_general/2025/01/06/ELMYO6U4P5C5RNWH4YN6T3D7BE,1,16,1,전남도 관계자는 “전남도에 등록하지 않은 종교단체와 개인 등을 포함하면 실제 자원봉사자 수는 2배 이상으로 추정된다”고 했다.,지난달 29일 사고 이후 8일간 공항에서 활동한 자원봉사자는 총 5509명으로 집계됐다.,참사 당시 파손된 착륙 유도 시설 등을 복구하는 데도 2~3개월은 걸릴 것이라고 정부는 밝혔다.,"한편, 작년 상반기 ‘항공기 정비’를 이유로 지연 운항한 항공편이 가장 많은 항공사는 제주항공인 것으로 나타났다.",True,"현재 문장은 전남도의 자원봉사자 수가 실제로는 더 많다는 추정을 하고 있으며, 이는 특정 사건과 관련된 집계 통계로서 KOSIS를 통해 대조할 수 있을 가능성을 내포합니다.",mid,hcx,HCX-007,isclaim-v1.3-prev2-context,2026-08-05
A0016-C017,A0016,"전남도, 무안참사 추모공원 460억 들여 짓는다",2025-01-06,https://www.chosun.com/national/national_general/2025/01/06/ELMYO6U4P5C5RNWH4YN6T3D7BE,1,17,1,"한편, 작년 상반기 ‘항공기 정비’를 이유로 지연 운항한 항공편이 가장 많은 항공사는 제주항공인 것으로 나타났다.",전남도 관계자는 “전남도에 등록하지 않은 종교단체와 개인 등을 포함하면 실제 자원봉사자 수는 2배 이상으로 추정된다”고 했다.,지난달 29일 사고 이후 8일간 공항에서 활동한 자원봉사자는 총 5509명으로 집계됐다.,"국회 국토교통위원회 이연희 의원(더불어민주당)이 국토부에서 받은 자료에 따르면, 제주항공이 작년 상반기 운항한 5만2883편 중 536편이 항공기 정비를 이유로 지연 운항했다.",True,"작년 상반기에 '항공기 정비'를 이유로 지연 운항한 항공편의 수가 특정 항공사별로 비교되고 있으며, 이는 KOSIS 등의 통계 자료로 확인 가능한 정보일 가능성이 있다.",high,hcx,HCX-007,isclaim-v1.3-prev2-context,2026-08-05
A0016-C018,A0016,"전남도, 무안참사 추모공원 460억 들여 짓는다",2025-01-06,https://www.chosun.com/national/national_general/2025/01/06/ELMYO6U4P5C5RNWH4YN6T3D7BE,1,18,1,"국회 국토교통위원회 이연희 의원(더불어민주당)이 국토부에서 받은 자료에 따르면, 제주항공이 작년 상반기 운항한 5만2883편 중 536편이 항공기 정비를 이유로 지연 운항했다.","한편, 작년 상반기 ‘항공기 정비’를 이유로 지연 운항한 항공편이 가장 많은 항공사는 제주항공인 것으로 나타났다.",전남도 관계자는 “전남도에 등록하지 않은 종교단체와 개인 등을 포함하면 실제 자원봉사자 수는 2배 이상으로 추정된다”고 했다.,"이는 전체 운항 편수가 많은 대한항공(422편)보다 많고 다른 저비용항공사(LCC)인 티웨이항공(315편), 진에어(243편), 에어부산(227편)보다도 많은 것이다.",True,제주항공이 작년 상반기 운항한 항공편 중 일정 비율이 항공기 정비로 인해 지연 운항되었다는 구체적인 수치 정보를 제공하고 있다.,high,hcx,HCX-007,isclaim-v1.3-prev2-context,2026-08-05
A0016-C019,A0016,"전남도, 무안참사 추모공원 460억 들여 짓는다",2025-01-06,https://www.chosun.com/national/national_general/2025/01/06/ELMYO6U4P5C5RNWH4YN6T3D7BE,1,19,1,"이는 전체 운항 편수가 많은 대한항공(422편)보다 많고 다른 저비용항공사(LCC)인 티웨이항공(315편), 진에어(243편), 에어부산(227편)보다도 많은 것이다.","국회 국토교통위원회 이연희 의원(더불어민주당)이 국토부에서 받은 자료에 따르면, 제주항공이 작년 상반기 운항한 5만2883편 중 536편이 항공기 정비를 이유로 지연 운항했다.","한편, 작년 상반기 ‘항공기 정비’를 이유로 지연 운항한 항공편이 가장 많은 항공사는 제주항공인 것으로 나타났다.",“제주항공이 항공기를 무리하게 가동하다 크고 작은 문제가 생겼을 수 있다”는 지적이 나온다.,False,"현재 문장은 각 항공사의 지연 운항 편수에 대한 비교 정보를 제공하고 있으며, 이는 개별 기업의 운영 상황에 관한 정보로서 국가집계 통계의 범주에 속하지 않습니다.",high,hcx,HCX-007,isclaim-v1.3-prev2-context,2026-08-05
A0016-C020,A0016,"전남도, 무안참사 추모공원 460억 들여 짓는다",2025-01-06,https://www.chosun.com/national/national_general/2025/01/06/ELMYO6U4P5C5RNWH4YN6T3D7BE,1,20,1,“제주항공이 항공기를 무리하게 가동하다 크고 작은 문제가 생겼을 수 있다”는 지적이 나온다.,"이는 전체 운항 편수가 많은 대한항공(422편)보다 많고 다른 저비용항공사(LCC)인 티웨이항공(315편), 진에어(243편), 에어부산(227편)보다도 많은 것이다.","국회 국토교통위원회 이연희 의원(더불어민주당)이 국토부에서 받은 자료에 따르면, 제주항공이 작년 상반기 운항한 5만2883편 중 536편이 항공기 정비를 이유로 지연 운항했다.",제주항공 참사 이후 제주도를 찾은 관광객이 줄어든 것으로 나타났다.,False,"현재 문장은 제주항공의 항공기 가동에 대한 지적 의견을 제시하지만, 구체적인 수치나 통계적 변화를 주장하지 않습니다.",high,hcx,HCX-007,isclaim-v1.3-prev2-context,2026-08-05
A0016-C021,A0016,"전남도, 무안참사 추모공원 460억 들여 짓는다",2025-01-06,https://www.chosun.com/national/national_general/2025/01/06/ELMYO6U4P5C5RNWH4YN6T3D7BE,1,21,1,제주항공 참사 이후 제주도를 찾은 관광객이 줄어든 것으로 나타났다.,“제주항공이 항공기를 무리하게 가동하다 크고 작은 문제가 생겼을 수 있다”는 지적이 나온다.,"이는 전체 운항 편수가 많은 대한항공(422편)보다 많고 다른 저비용항공사(LCC)인 티웨이항공(315편), 진에어(243편), 에어부산(227편)보다도 많은 것이다.","제주도관광협회에 따르면, 제주항공 참사 이튿날인 지난달 30일부터 지난 5일까지 일주일간 제주도를 찾은 관광객은 20만8516명으로 지난해 같은 기간보다 3만1495명(13.1%) 감소했다.",True,"현재 문장은 제주항공 참사 이후 제주도 방문 관광객 수가 줄어들었다는 내용을 포함하며, 이는 KOSIS 등의 국가 통계를 통해 확인 가능한 내용일 수 있습니다.",mid,hcx,HCX-007,isclaim-v1.3-prev2-context,2026-08-05
A0016-C022,A0016,"전남도, 무안참사 추모공원 460억 들여 짓는다",2025-01-06,https://www.chosun.com/national/national_general/2025/01/06/ELMYO6U4P5C5RNWH4YN6T3D7BE,1,22,1,"제주도관광협회에 따르면, 제주항공 참사 이튿날인 지난달 30일부터 지난 5일까지 일주일간 제주도를 찾은 관광객은 20만8516명으로 지난해 같은 기간보다 3만1495명(13.1%) 감소했다.",제주항공 참사 이후 제주도를 찾은 관광객이 줄어든 것으로 나타났다.,“제주항공이 항공기를 무리하게 가동하다 크고 작은 문제가 생겼을 수 있다”는 지적이 나온다.,이 가운데 내국인 관광객은 전년 대비 3만7105명(16.7%) 줄었다.,True,"현재 문장은 제주도를 찾은 관광객 수가 작년 같은 기간에 비해 얼마나 감소했는지 구체적인 수치와 비율을 제시하며, 이는 국가통계포털(KOSIS)에서 관련 통계를 통해 검증할 수 있는 내용이기 때문에 True로 판단된다.",high,hcx,HCX-007,isclaim-v1.3-prev2-context,2026-08-05
A0016-C023,A0016,"전남도, 무안참사 추모공원 460억 들여 짓는다",2025-01-06,https://www.chosun.com/national/national_general/2025/01/06/ELMYO6U4P5C5RNWH4YN6T3D7BE,1,23,1,이 가운데 내국인 관광객은 전년 대비 3만7105명(16.7%) 줄었다.,"제주도관광협회에 따르면, 제주항공 참사 이튿날인 지난달 30일부터 지난 5일까지 일주일간 제주도를 찾은 관광객은 20만8516명으로 지난해 같은 기간보다 3만1495명(13.1%) 감소했다.",제주항공 참사 이후 제주도를 찾은 관광객이 줄어든 것으로 나타났다.,관광업계에서는 “제주항공 참사 이후 제주항공 등 저비용항공사를 이용해 제주도를 찾은 관광객이 감소한 것으로 보인다”고 했다.,True,"현재 문장은 내국인 관광객 수가 전년 대비 얼마나 감소했는지를 수치로 제시하고 있으며, 이는 국가통계포털(KOSIS)에서 관련 통계를 통해 검증할 수 있는 내용이다.",high,hcx,HCX-007,isclaim-v1.3-prev2-context,2026-08-05
A0016-C024,A0016,"전남도, 무안참사 추모공원 460억 들여 짓는다",2025-01-06,https://www.chosun.com/national/national_general/2025/01/06/ELMYO6U4P5C5RNWH4YN6T3D7BE,1,24,1,관광업계에서는 “제주항공 참사 이후 제주항공 등 저비용항공사를 이용해 제주도를 찾은 관광객이 감소한 것으로 보인다”고 했다.,이 가운데 내국인 관광객은 전년 대비 3만7105명(16.7%) 줄었다.,"제주도관광협회에 따르면, 제주항공 참사 이튿날인 지난달 30일부터 지난 5일까지 일주일간 제주도를 찾은 관광객은 20만8516명으로 지난해 같은 기간보다 3만1495명(13.1%) 감소했다.",,False,"현재 문장은 제주항공 참사 이후 저비용항공사를 이용한 관광객이 감소했다는 의견을 제시하지만, 이는 단순한 의견 평가나 원인 설명이므로 KOSIS 통계로 검증 가능한 수치나 통계적 변화를 주장하지 않습니다.",high,hcx,HCX-007,isclaim-v1.3-prev2-context,2026-08-05
A0017-C001,A0017,"지난해 최고 인기 수입차는 테슬라 모델 Y...BMW 520, 벤츠 E200 뒤 이어",2025-01-06,https://www.chosun.com/economy/auto/2025/01/06/S27CLI355JFNZLDTKSS6EHCNPI,1,1,1,테슬라 모델 Y가 지난해 우리나라에서 최고 인기 수입차로 꼽혔다.,,,내수 부진으로 수입차 판매가 줄어든 가운데 브랜드에서는 BMW가 지난해에 이어 1위를 유지했다.,False,테슬라 모델 Y가 지난해 우리나라에서 최고 인기 수입차라는 것은 특정 기업의 판매 실적에 대한 정보이므로 KOSIS 통계로 검증하기 어렵습니다.,high,hcx,HCX-007,isclaim-v1.3-prev2-context,2026-08-05
A0017-C002,A0017,"지난해 최고 인기 수입차는 테슬라 모델 Y...BMW 520, 벤츠 E200 뒤 이어",2025-01-06,https://www.chosun.com/economy/auto/2025/01/06/S27CLI355JFNZLDTKSS6EHCNPI,1,2,1,내수 부진으로 수입차 판매가 줄어든 가운데 브랜드에서는 BMW가 지난해에 이어 1위를 유지했다.,테슬라 모델 Y가 지난해 우리나라에서 최고 인기 수입차로 꼽혔다.,,한국수입자동차협회(KAIDA)는 6일 지난해 수입 승용차 신규 등록 대수를 집계한 결과 테슬라 모델 Y가 지난해 모두 1만8717대가 팔리며 수입 승용차 가운데 최고 인기 모델로 꼽혔다고 밝혔다.,False,내수 부진과 수입차 판매 동향 및 브랜드 순위 관련 내용은 KOSIS에서 제공하는 통계 정보와는 관련이 없습니다.,high,hcx,HCX-007,isclaim-v1.3-prev2-context,2026-08-05
A0017-C003,A0017,"지난해 최고 인기 수입차는 테슬라 모델 Y...BMW 520, 벤츠 E200 뒤 이어",2025-01-06,https://www.chosun.com/economy/auto/2025/01/06/S27CLI355JFNZLDTKSS6EHCNPI,1,3,1,한국수입자동차협회(KAIDA)는 6일 지난해 수입 승용차 신규 등록 대수를 집계한 결과 테슬라 모델 Y가 지난해 모두 1만8717대가 팔리며 수입 승용차 가운데 최고 인기 모델로 꼽혔다고 밝혔다.,내수 부진으로 수입차 판매가 줄어든 가운데 브랜드에서는 BMW가 지난해에 이어 1위를 유지했다.,테슬라 모델 Y가 지난해 우리나라에서 최고 인기 수입차로 꼽혔다.,"미국산에서 중국산으로 바꾸는 대신, 가격을 수백만원 이상 할인해 판매하자 30대 소비자가 몰린 결과다.",True,"현재 문장에서 언급된 '테슬라 모델 Y가 지난해 모두 1만8717대가 팔리며 수입 승용차 가운데 최고 인기 모델로 꼽혔다'라는 내용은 구체적인 수치와 통계를 포함하고 있으며, 이는 국가통계포털(KOSIS)에서 관련 데이터를 통해 검증할 수 있는 내용이기 때문에 True로 판단됩니다.",high,hcx,HCX-007,isclaim-v1.3-prev2-context,2026-08-05
A0017-C004,A0017,"지난해 최고 인기 수입차는 테슬라 모델 Y...BMW 520, 벤츠 E200 뒤 이어",2025-01-06,https://www.chosun.com/economy/auto/2025/01/06/S27CLI355JFNZLDTKSS6EHCNPI,1,4,1,"미국산에서 중국산으로 바꾸는 대신, 가격을 수백만원 이상 할인해 판매하자 30대 소비자가 몰린 결과다.",한국수입자동차협회(KAIDA)는 6일 지난해 수입 승용차 신규 등록 대수를 집계한 결과 테슬라 모델 Y가 지난해 모두 1만8717대가 팔리며 수입 승용차 가운데 최고 인기 모델로 꼽혔다고 밝혔다.,내수 부진으로 수입차 판매가 줄어든 가운데 브랜드에서는 BMW가 지난해에 이어 1위를 유지했다.,"스테디셀러인 BMW 520(1만2352대), 메르세데스-벤츠 E200(1만540대)는 모델 Y에 밀려 2, 3위를 나타냈다.",False,"현재 문장은 특정 차량 모델의 판매 전략 및 소비자 반응에 대한 설명이므로, 이는 KOSIS에서 검증 가능한 수치나 통계적 변화를 주장하지 않습니다.",high,hcx,HCX-007,isclaim-v1.3-prev2-context,2026-08-05
A0017-C005,A0017,"지난해 최고 인기 수입차는 테슬라 모델 Y...BMW 520, 벤츠 E200 뒤 이어",2025-01-06,https://www.chosun.com/economy/auto/2025/01/06/S27CLI355JFNZLDTKSS6EHCNPI,1,5,1,"스테디셀러인 BMW 520(1만2352대), 메르세데스-벤츠 E200(1만540대)는 모델 Y에 밀려 2, 3위를 나타냈다.","미국산에서 중국산으로 바꾸는 대신, 가격을 수백만원 이상 할인해 판매하자 30대 소비자가 몰린 결과다.",한국수입자동차협회(KAIDA)는 6일 지난해 수입 승용차 신규 등록 대수를 집계한 결과 테슬라 모델 Y가 지난해 모두 1만8717대가 팔리며 수입 승용차 가운데 최고 인기 모델로 꼽혔다고 밝혔다.,"벤츠의 E300 4MATIC, 테슬라 모델 3가 각각 1만대 이상 팔리며 뒤를 이었다.",True,"현재 문장은 특정 자동차 모델들의 판매량 순위에 대한 정보를 제공하고 있으며, 이는 국내 집계 통계로서 KOSIS를 통해 대조 및 검증이 가능하다.",high,hcx,HCX-007,isclaim-v1.3-prev2-context,2026-08-05
A0017-C006,A0017,"지난해 최고 인기 수입차는 테슬라 모델 Y...BMW 520, 벤츠 E200 뒤 이어",2025-01-06,https://www.chosun.com/economy/auto/2025/01/06/S27CLI355JFNZLDTKSS6EHCNPI,1,6,1,"벤츠의 E300 4MATIC, 테슬라 모델 3가 각각 1만대 이상 팔리며 뒤를 이었다.","스테디셀러인 BMW 520(1만2352대), 메르세데스-벤츠 E200(1만540대)는 모델 Y에 밀려 2, 3위를 나타냈다.","미국산에서 중국산으로 바꾸는 대신, 가격을 수백만원 이상 할인해 판매하자 30대 소비자가 몰린 결과다.",전체 수입차 판매는 2023년(27만1034대)보다 2.9% 감소한 26만3288대에 그쳤다.,False,"현재 문장은 특정 자동차 모델들의 판매량에 대한 정보를 제공하고 있지만, 이는 개별 기업의 매출 및 실적 정보로서 국가통계포털(KOSIS)에서 제공하는 통계와는 관련이 없습니다.",high,hcx,HCX-007,isclaim-v1.3-prev2-context,2026-08-05
A0017-C007,A0017,"지난해 최고 인기 수입차는 테슬라 모델 Y...BMW 520, 벤츠 E200 뒤 이어",2025-01-06,https://www.chosun.com/economy/auto/2025/01/06/S27CLI355JFNZLDTKSS6EHCNPI,1,7,1,전체 수입차 판매는 2023년(27만1034대)보다 2.9% 감소한 26만3288대에 그쳤다.,"벤츠의 E300 4MATIC, 테슬라 모델 3가 각각 1만대 이상 팔리며 뒤를 이었다.","스테디셀러인 BMW 520(1만2352대), 메르세데스-벤츠 E200(1만540대)는 모델 Y에 밀려 2, 3위를 나타냈다.","대부분의 브랜드가 마이너스 성장을 나타낸 가운데, 브랜드별로는 BMW(7만3754대, -4.7%), 메르세데스-벤츠(6만6400대, -13.4%)가 1,2위를 나타내며 지난해와 같은 순위를 유지했다.",True,"현재 문장은 2023년 대비 2024년의 전체 수입차 판매량이 감소했다는 구체적인 통계를 제시하고 있으며, 이는 국가통계포털(KOSIS)에서 관련 데이터를 통해 검증할 수 있는 내용입니다.",high,hcx,HCX-007,isclaim-v1.3-prev2-context,2026-08-05
A0017-C008,A0017,"지난해 최고 인기 수입차는 테슬라 모델 Y...BMW 520, 벤츠 E200 뒤 이어",2025-01-06,https://www.chosun.com/economy/auto/2025/01/06/S27CLI355JFNZLDTKSS6EHCNPI,1,8,1,"대부분의 브랜드가 마이너스 성장을 나타낸 가운데, 브랜드별로는 BMW(7만3754대, -4.7%), 메르세데스-벤츠(6만6400대, -13.4%)가 1,2위를 나타내며 지난해와 같은 순위를 유지했다.",전체 수입차 판매는 2023년(27만1034대)보다 2.9% 감소한 26만3288대에 그쳤다.,"벤츠의 E300 4MATIC, 테슬라 모델 3가 각각 1만대 이상 팔리며 뒤를 이었다.","새로 집계에 들어온 테슬라가 2023년(1만 6461대)의 두 배에 가까운 2만9750대를 판매하며 3위에 올랐으며, 볼보, 렉서스 등도 1만대를 웃돌며 뒤를 이었다.",True,현재 문장에서 언급된 수입차 브랜드들의 판매량 및 성장률은 국가통계포털(KOSIS)에서 제공하는 자동차 판매 관련 통계 자료로 검증될 수 있다.,high,hcx,HCX-007,isclaim-v1.3-prev2-context,2026-08-05
A0017-C009,A0017,"지난해 최고 인기 수입차는 테슬라 모델 Y...BMW 520, 벤츠 E200 뒤 이어",2025-01-06,https://www.chosun.com/economy/auto/2025/01/06/S27CLI355JFNZLDTKSS6EHCNPI,1,9,1,"새로 집계에 들어온 테슬라가 2023년(1만 6461대)의 두 배에 가까운 2만9750대를 판매하며 3위에 올랐으며, 볼보, 렉서스 등도 1만대를 웃돌며 뒤를 이었다.","대부분의 브랜드가 마이너스 성장을 나타낸 가운데, 브랜드별로는 BMW(7만3754대, -4.7%), 메르세데스-벤츠(6만6400대, -13.4%)가 1,2위를 나타내며 지난해와 같은 순위를 유지했다.",전체 수입차 판매는 2023년(27만1034대)보다 2.9% 감소한 26만3288대에 그쳤다.,연료별로는 하이브리드가 절반이 넘는 13만4426대(51.1%)를 기록한 가운데 가솔린(23.8%)과 전기(18.8%)가 다음 자리를 차지했다.,True,"현재 문장은 테슬라의 판매량이 2023년의 두 배에 가깝다는 구체적인 수치 정보를 포함하고 있으며, 이는 KOSIS를 통해 검증 가능한 자동차 판매량 관련 통계 정보로 판단된다.",high,hcx,HCX-007,isclaim-v1.3-prev2-context,2026-08-05
A0017-C010,A0017,"지난해 최고 인기 수입차는 테슬라 모델 Y...BMW 520, 벤츠 E200 뒤 이어",2025-01-06,https://www.chosun.com/economy/auto/2025/01/06/S27CLI355JFNZLDTKSS6EHCNPI,1,10,1,연료별로는 하이브리드가 절반이 넘는 13만4426대(51.1%)를 기록한 가운데 가솔린(23.8%)과 전기(18.8%)가 다음 자리를 차지했다.,"새로 집계에 들어온 테슬라가 2023년(1만 6461대)의 두 배에 가까운 2만9750대를 판매하며 3위에 올랐으며, 볼보, 렉서스 등도 1만대를 웃돌며 뒤를 이었다.","대부분의 브랜드가 마이너스 성장을 나타낸 가운데, 브랜드별로는 BMW(7만3754대, -4.7%), 메르세데스-벤츠(6만6400대, -13.4%)가 1,2위를 나타내며 지난해와 같은 순위를 유지했다.","2023년 9만1680대였던 하이브리드는 46.6%나 크게 늘었고, 전기차는 전년대비 86.3% 급증했다.",True,"현재 문장은 연료별 차량 판매 비율을 제시하고 있으며, 이는 국내 자동차 시장 동향에 대한 통계적인 정보를 제공합니다.",high,hcx,HCX-007,isclaim-v1.3-prev2-context,2026-08-05
A0017-C011,A0017,"지난해 최고 인기 수입차는 테슬라 모델 Y...BMW 520, 벤츠 E200 뒤 이어",2025-01-06,https://www.chosun.com/economy/auto/2025/01/06/S27CLI355JFNZLDTKSS6EHCNPI,1,11,1,"2023년 9만1680대였던 하이브리드는 46.6%나 크게 늘었고, 전기차는 전년대비 86.3% 급증했다.",연료별로는 하이브리드가 절반이 넘는 13만4426대(51.1%)를 기록한 가운데 가솔린(23.8%)과 전기(18.8%)가 다음 자리를 차지했다.,"새로 집계에 들어온 테슬라가 2023년(1만 6461대)의 두 배에 가까운 2만9750대를 판매하며 3위에 올랐으며, 볼보, 렉서스 등도 1만대를 웃돌며 뒤를 이었다.","플러그인하이브리드(PHEV)는 3.5%에 그쳤고, 2023년 8.2%였던 디젤은 지난해 2.9%로 쪼그라들었다.",True,"현재 문장은 하이브리드와 전기차 판매량의 변화에 대한 구체적인 수치와 비율을 제시하고 있으며, 이는 국가통계포털(KOSIS)에서 관련 통계를 통해 검증할 수 있는 내용입니다.",high,hcx,HCX-007,isclaim-v1.3-prev2-context,2026-08-05
A0017-C012,A0017,"지난해 최고 인기 수입차는 테슬라 모델 Y...BMW 520, 벤츠 E200 뒤 이어",2025-01-06,https://www.chosun.com/economy/auto/2025/01/06/S27CLI355JFNZLDTKSS6EHCNPI,1,12,1,"플러그인하이브리드(PHEV)는 3.5%에 그쳤고, 2023년 8.2%였던 디젤은 지난해 2.9%로 쪼그라들었다.","2023년 9만1680대였던 하이브리드는 46.6%나 크게 늘었고, 전기차는 전년대비 86.3% 급증했다.",연료별로는 하이브리드가 절반이 넘는 13만4426대(51.1%)를 기록한 가운데 가솔린(23.8%)과 전기(18.8%)가 다음 자리를 차지했다.,,True,"플러그인하이브리드와 디젤 차량 판매 비중의 변화에 대한 수치적인 정보를 제공하고 있으며, 이는 국가통계포털(KOSIS)에서 관련 통계를 통해 검증할 수 있는 내용이다.",high,hcx,HCX-007,isclaim-v1.3-prev2-context,2026-08-05
A0018-C001,A0018,"현대차그룹, 작년 美서 170만대 판매… 2년 연속 최고 실적",2025-01-06,https://www.chosun.com/economy/auto/2025/01/06/WVJGROK7TRGKDCWGUBVMHY7XF4,1,1,1,현대차그룹이 지난해 미국 시장에서 170만대 이상을 판매하며 2년 연속 역대 최고 실적을 냈다.,,,"지난해 국내 내수 판매가 전년 대비 감소하고, 유럽과 중남미 등에서도 판매가 부진한 가운데 미국 시장이 버팀목이 된 것이다.",False,현대차그룹의 미국 시장 판매량은 특정 기업의 매출 실적에 해당하므로 KOSIS에서 검증할 수 있는 국내 집계 통계가 아닙니다.,high,hcx,HCX-007,isclaim-v1.3-prev2-context,2026-08-05
A0018-C002,A0018,"현대차그룹, 작년 美서 170만대 판매… 2년 연속 최고 실적",2025-01-06,https://www.chosun.com/economy/auto/2025/01/06/WVJGROK7TRGKDCWGUBVMHY7XF4,1,2,1,"지난해 국내 내수 판매가 전년 대비 감소하고, 유럽과 중남미 등에서도 판매가 부진한 가운데 미국 시장이 버팀목이 된 것이다.",현대차그룹이 지난해 미국 시장에서 170만대 이상을 판매하며 2년 연속 역대 최고 실적을 냈다.,,현대차그룹은 지난해 미국 시장에서 현대차·기아 전체 판매량이 역대 최다 판매를 기록했던 1년 전보다 3.4% 늘어난 170만8293대를 기록했다고 5일 밝혔다.,True,"현재 문장은 현대차그룹의 지난해 국내 내수 판매 및 유럽과 중남미 등의 판매 실적 변화에 대해 언급하고 있으며, 이는 국내 자동차 판매량 관련 통계를 통해 검증 가능하다.",high,hcx,HCX-007,isclaim-v1.3-prev2-context,2026-08-05
A0018-C003,A0018,"현대차그룹, 작년 美서 170만대 판매… 2년 연속 최고 실적",2025-01-06,https://www.chosun.com/economy/auto/2025/01/06/WVJGROK7TRGKDCWGUBVMHY7XF4,1,3,1,현대차그룹은 지난해 미국 시장에서 현대차·기아 전체 판매량이 역대 최다 판매를 기록했던 1년 전보다 3.4% 늘어난 170만8293대를 기록했다고 5일 밝혔다.,"지난해 국내 내수 판매가 전년 대비 감소하고, 유럽과 중남미 등에서도 판매가 부진한 가운데 미국 시장이 버팀목이 된 것이다.",현대차그룹이 지난해 미국 시장에서 170만대 이상을 판매하며 2년 연속 역대 최고 실적을 냈다.,"현대차는 전년 대비 4.4% 늘어난 83만6802대, 기아는 1.8% 증가한 79만6488대, 제네시스는 8.5% 급증한 7만5003대를 나타냈다.",True,"현대차그룹의 미국 시장 판매량 증가율을 언급하며, 이는 KOSIS에서 관련 통계를 통해 검증할 수 있는 내용이기 때문이다.",high,hcx,HCX-007,isclaim-v1.3-prev2-context,2026-08-05
A0018-C004,A0018,"현대차그룹, 작년 美서 170만대 판매… 2년 연속 최고 실적",2025-01-06,https://www.chosun.com/economy/auto/2025/01/06/WVJGROK7TRGKDCWGUBVMHY7XF4,1,4,1,"현대차는 전년 대비 4.4% 늘어난 83만6802대, 기아는 1.8% 증가한 79만6488대, 제네시스는 8.5% 급증한 7만5003대를 나타냈다.",현대차그룹은 지난해 미국 시장에서 현대차·기아 전체 판매량이 역대 최다 판매를 기록했던 1년 전보다 3.4% 늘어난 170만8293대를 기록했다고 5일 밝혔다.,"지난해 국내 내수 판매가 전년 대비 감소하고, 유럽과 중남미 등에서도 판매가 부진한 가운데 미국 시장이 버팀목이 된 것이다.","현대차그룹 전체뿐 아니라 현대차, 기아, 제네시스 등 브랜드별로도 최고를 기록했던 2023년 실적을 일제히 넘어서면서 GM과 도요타, 포드에 이어 2년 연속 ‘톱4′ 자리를 지켰다.",True,"현대차의 미국 시장 판매량 증가율, 기아와 제네시스의 판매량 증가율을 제시하며 이는 국가통계포털(KOSIS)에서 확인 가능한 국내 자동차 판매 관련 통계 자료로 검증 가능하다.",high,hcx,HCX-007,isclaim-v1.3-prev2-context,2026-08-05
A0018-C005,A0018,"현대차그룹, 작년 美서 170만대 판매… 2년 연속 최고 실적",2025-01-06,https://www.chosun.com/economy/auto/2025/01/06/WVJGROK7TRGKDCWGUBVMHY7XF4,1,5,1,"현대차그룹 전체뿐 아니라 현대차, 기아, 제네시스 등 브랜드별로도 최고를 기록했던 2023년 실적을 일제히 넘어서면서 GM과 도요타, 포드에 이어 2년 연속 ‘톱4′ 자리를 지켰다.","현대차는 전년 대비 4.4% 늘어난 83만6802대, 기아는 1.8% 증가한 79만6488대, 제네시스는 8.5% 급증한 7만5003대를 나타냈다.",현대차그룹은 지난해 미국 시장에서 현대차·기아 전체 판매량이 역대 최다 판매를 기록했던 1년 전보다 3.4% 늘어난 170만8293대를 기록했다고 5일 밝혔다.,현대차는 고급 브랜드인 제네시스를 포함한 미국 시장 판매량이 처음으로 연간 90만대를 돌파했다.,False,"현재 문장은 현대차 그룹 및 각 브랜드의 실적 개선에 대한 설명을 하고 있지만, 이는 단순한 의견 평가나 원인 설명에 해당하며, 구체적인 수치나 통계적 변화 방향에 관한 사실 주장이 아닙니다.",high,hcx,HCX-007,isclaim-v1.3-prev2-context,2026-08-05
A0018-C006,A0018,"현대차그룹, 작년 美서 170만대 판매… 2년 연속 최고 실적",2025-01-06,https://www.chosun.com/economy/auto/2025/01/06/WVJGROK7TRGKDCWGUBVMHY7XF4,1,6,1,현대차는 고급 브랜드인 제네시스를 포함한 미국 시장 판매량이 처음으로 연간 90만대를 돌파했다.,"현대차그룹 전체뿐 아니라 현대차, 기아, 제네시스 등 브랜드별로도 최고를 기록했던 2023년 실적을 일제히 넘어서면서 GM과 도요타, 포드에 이어 2년 연속 ‘톱4′ 자리를 지켰다.","현대차는 전년 대비 4.4% 늘어난 83만6802대, 기아는 1.8% 증가한 79만6488대, 제네시스는 8.5% 급증한 7만5003대를 나타냈다.","현대차 아이오닉5와 팰리세이드, 기아 스포티지, 카니발, EV6 등 SUV(스포츠유틸리티차)를 비롯한 RV(레저용 차량)와 친환경차 인기가 미국 내 선전의 배경으로 꼽혔다.",True,"현대차의 미국 시장 판매량이 처음으로 연간 90만대를 돌파했다는 내용은 특정 기업의 매출 및 실적 관련 정보로서, 이는 KOSIS에서 제공하는 국가 통계의 범주에 속하지 않습니다.",high,hcx,HCX-007,isclaim-v1.3-prev2-context,2026-08-05
A0018-C007,A0018,"현대차그룹, 작년 美서 170만대 판매… 2년 연속 최고 실적",2025-01-06,https://www.chosun.com/economy/auto/2025/01/06/WVJGROK7TRGKDCWGUBVMHY7XF4,1,7,1,"현대차 아이오닉5와 팰리세이드, 기아 스포티지, 카니발, EV6 등 SUV(스포츠유틸리티차)를 비롯한 RV(레저용 차량)와 친환경차 인기가 미국 내 선전의 배경으로 꼽혔다.",현대차는 고급 브랜드인 제네시스를 포함한 미국 시장 판매량이 처음으로 연간 90만대를 돌파했다.,"현대차그룹 전체뿐 아니라 현대차, 기아, 제네시스 등 브랜드별로도 최고를 기록했던 2023년 실적을 일제히 넘어서면서 GM과 도요타, 포드에 이어 2년 연속 ‘톱4′ 자리를 지켰다.",,False,"현재 문장은 현대차의 인기 차종 및 그 배경에 대한 설명을 하고 있으며, 이는 특정한 수치나 통계적 변화를 주장하는 것이 아닙니다.",high,hcx,HCX-007,isclaim-v1.3-prev2-context,2026-08-05
A0019-C001,A0019,"여름 폭염으로 공급 줄어… 배추 가격 59%, 무 77% 올라",2025-01-06,https://www.chosun.com/economy/economy_general/2025/01/06/AKAFLQIYCBABRFMMXNI5JKO7EU,1,1,1,"지난해 여름 폭염 등의 영향으로 설 성수품인 배추, 무 등의 가격이 1년 전보다 1.5배 이상 비싼 것으로 나타났다.",,,"5일 한국농수산식품유통공사(aT)에 따르면, 지난 3일 기준 배추의 평균 소매가격은 한 포기에 5027원으로 1년 전, 평년과 비교해 각각 59%, 42% 올랐다.",True,"설 성수품인 배추, 무 등의 가격이 1년 전보다 1.5배 이상 비싸다는 것은 KOSIS를 통해 물가나 농산물 가격 변동 데이터를 확인하여 검증할 수 있는 내용이다.",high,hcx,HCX-007,isclaim-v1.3-prev2-context,2026-08-05
A0019-C002,A0019,"여름 폭염으로 공급 줄어… 배추 가격 59%, 무 77% 올라",2025-01-06,https://www.chosun.com/economy/economy_general/2025/01/06/AKAFLQIYCBABRFMMXNI5JKO7EU,1,2,1,"5일 한국농수산식품유통공사(aT)에 따르면, 지난 3일 기준 배추의 평균 소매가격은 한 포기에 5027원으로 1년 전, 평년과 비교해 각각 59%, 42% 올랐다.","지난해 여름 폭염 등의 영향으로 설 성수품인 배추, 무 등의 가격이 1년 전보다 1.5배 이상 비싼 것으로 나타났다.",,평년 가격은 2020년부터 작년까지 소매가격 중 최대·최소를 제외한 3년 평균값을 의미한다.,True,"현재 문장에서 배추의 평균 소매가격 상승률을 언급하며, 이는 KOSIS를 통해 검증 가능한 국내 집계 통계 정보이기 때문에 True로 판단합니다.",high,hcx,HCX-007,isclaim-v1.3-prev2-context,2026-08-05
A0019-C003,A0019,"여름 폭염으로 공급 줄어… 배추 가격 59%, 무 77% 올라",2025-01-06,https://www.chosun.com/economy/economy_general/2025/01/06/AKAFLQIYCBABRFMMXNI5JKO7EU,1,3,1,평년 가격은 2020년부터 작년까지 소매가격 중 최대·최소를 제외한 3년 평균값을 의미한다.,"5일 한국농수산식품유통공사(aT)에 따르면, 지난 3일 기준 배추의 평균 소매가격은 한 포기에 5027원으로 1년 전, 평년과 비교해 각각 59%, 42% 올랐다.","지난해 여름 폭염 등의 영향으로 설 성수품인 배추, 무 등의 가격이 1년 전보다 1.5배 이상 비싼 것으로 나타났다.","무는 한 개에 3206원으로 1년 전보다 77% 비싸졌고, 평년보다 53% 가격이 올랐다.",False,"현재 문장은 평년 가격에 대한 정의를 설명하고 있으며, 이는 특정한 수치나 비율, 통계적 변화를 주장하는 것이 아닙니다.",high,hcx,HCX-007,isclaim-v1.3-prev2-context,2026-08-05
A0019-C004,A0019,"여름 폭염으로 공급 줄어… 배추 가격 59%, 무 77% 올라",2025-01-06,https://www.chosun.com/economy/economy_general/2025/01/06/AKAFLQIYCBABRFMMXNI5JKO7EU,1,4,1,"무는 한 개에 3206원으로 1년 전보다 77% 비싸졌고, 평년보다 53% 가격이 올랐다.",평년 가격은 2020년부터 작년까지 소매가격 중 최대·최소를 제외한 3년 평균값을 의미한다.,"5일 한국농수산식품유통공사(aT)에 따르면, 지난 3일 기준 배추의 평균 소매가격은 한 포기에 5027원으로 1년 전, 평년과 비교해 각각 59%, 42% 올랐다.","배추, 무 등의 가격이 크게 오른 주된 원인으로 여름 폭염 등의 영향으로 공급이 감소한 것이 꼽힌다.",True,"현재 문장은 무의 소매가격이 1년 전 및 평년에 비해 얼마나 상승했는지 구체적인 비율을 제시하며, 이는 KOSIS를 통해 검증 가능한 국내 집계 통계 정보이기 때문입니다.",high,hcx,HCX-007,isclaim-v1.3-prev2-context,2026-08-05
A0019-C005,A0019,"여름 폭염으로 공급 줄어… 배추 가격 59%, 무 77% 올라",2025-01-06,https://www.chosun.com/economy/economy_general/2025/01/06/AKAFLQIYCBABRFMMXNI5JKO7EU,1,5,1,"배추, 무 등의 가격이 크게 오른 주된 원인으로 여름 폭염 등의 영향으로 공급이 감소한 것이 꼽힌다.","무는 한 개에 3206원으로 1년 전보다 77% 비싸졌고, 평년보다 53% 가격이 올랐다.",평년 가격은 2020년부터 작년까지 소매가격 중 최대·최소를 제외한 3년 평균값을 의미한다.,지난해 여름철(6~8월) 평균 기온이 25.6℃로 1973년 이후 최고치를 기록한 데다 늦더위가 추석 이후까지 이어지면서 농산물 생육이 부진해졌기 때문이다.,False,"여름 폭염 등으로 인한 배추, 무 등의 공급 감소가 가격 상승의 원인이라는 것은 단순한 원인 설명이므로 KOSIS 통계로 검증 가능한 수치나 통계적 변화를 주장하지 않습니다.",high,hcx,HCX-007,isclaim-v1.3-prev2-context,2026-08-05
A0019-C006,A0019,"여름 폭염으로 공급 줄어… 배추 가격 59%, 무 77% 올라",2025-01-06,https://www.chosun.com/economy/economy_general/2025/01/06/AKAFLQIYCBABRFMMXNI5JKO7EU,1,6,1,지난해 여름철(6~8월) 평균 기온이 25.6℃로 1973년 이후 최고치를 기록한 데다 늦더위가 추석 이후까지 이어지면서 농산물 생육이 부진해졌기 때문이다.,"배추, 무 등의 가격이 크게 오른 주된 원인으로 여름 폭염 등의 영향으로 공급이 감소한 것이 꼽힌다.","무는 한 개에 3206원으로 1년 전보다 77% 비싸졌고, 평년보다 53% 가격이 올랐다.",지난해 김장철 가격 안정을 위해 배추와 무의 조기 출하가 이뤄진 점도 최근 가격 상승 요인 중 하나로 꼽힌다.,False,"현재 문장은 기후 변화에 따른 농산물 생육 부진의 원인을 설명하고 있으며, 이는 직접적인 수치나 통계적 변화를 주장하는 내용이 아닙니다.",high,hcx,HCX-007,isclaim-v1.3-prev2-context,2026-08-05
A0019-C007,A0019,"여름 폭염으로 공급 줄어… 배추 가격 59%, 무 77% 올라",2025-01-06,https://www.chosun.com/economy/economy_general/2025/01/06/AKAFLQIYCBABRFMMXNI5JKO7EU,1,7,1,지난해 김장철 가격 안정을 위해 배추와 무의 조기 출하가 이뤄진 점도 최근 가격 상승 요인 중 하나로 꼽힌다.,지난해 여름철(6~8월) 평균 기온이 25.6℃로 1973년 이후 최고치를 기록한 데다 늦더위가 추석 이후까지 이어지면서 농산물 생육이 부진해졌기 때문이다.,"배추, 무 등의 가격이 크게 오른 주된 원인으로 여름 폭염 등의 영향으로 공급이 감소한 것이 꼽힌다.","정부는 배추 가격 안정을 위해 가용 물량을 최대한 시장에 방출하고, 수매를 잠정 중단하는 방안을 검토 중이다.",False,"현재 문장은 배추와 무의 조기 출하가 가격 상승 요인이 되었다는 설명을 하고 있지만, 이는 구체적인 수치나 통계적인 변화를 주장하는 내용이 아닙니다.",high,hcx,HCX-007,isclaim-v1.3-prev2-context,2026-08-05
A0019-C008,A0019,"여름 폭염으로 공급 줄어… 배추 가격 59%, 무 77% 올라",2025-01-06,https://www.chosun.com/economy/economy_general/2025/01/06/AKAFLQIYCBABRFMMXNI5JKO7EU,1,8,1,"정부는 배추 가격 안정을 위해 가용 물량을 최대한 시장에 방출하고, 수매를 잠정 중단하는 방안을 검토 중이다.",지난해 김장철 가격 안정을 위해 배추와 무의 조기 출하가 이뤄진 점도 최근 가격 상승 요인 중 하나로 꼽힌다.,지난해 여름철(6~8월) 평균 기온이 25.6℃로 1973년 이후 최고치를 기록한 데다 늦더위가 추석 이후까지 이어지면서 농산물 생육이 부진해졌기 때문이다.,"또 이번 주 농산물 물가 관리 대책을 발표하는 한편, 설 성수품 공급을 역대 최고 수준으로 늘리고 관련 할인 행사도 적극적으로 지원할 방침이다.",False,"정부의 배추 가격 안정화 방안은 정책 결정에 관한 내용으로, 특정한 수치나 통계적 변화를 주장하는 것이 아닙니다.",high,hcx,HCX-007,isclaim-v1.3-prev2-context,2026-08-05
A0019-C009,A0019,"여름 폭염으로 공급 줄어… 배추 가격 59%, 무 77% 올라",2025-01-06,https://www.chosun.com/economy/economy_general/2025/01/06/AKAFLQIYCBABRFMMXNI5JKO7EU,1,9,1,"또 이번 주 농산물 물가 관리 대책을 발표하는 한편, 설 성수품 공급을 역대 최고 수준으로 늘리고 관련 할인 행사도 적극적으로 지원할 방침이다.","정부는 배추 가격 안정을 위해 가용 물량을 최대한 시장에 방출하고, 수매를 잠정 중단하는 방안을 검토 중이다.",지난해 김장철 가격 안정을 위해 배추와 무의 조기 출하가 이뤄진 점도 최근 가격 상승 요인 중 하나로 꼽힌다.,,False,"현재 문장은 정부의 정책 및 계획에 대한 내용으로, 특정한 수치나 통계적인 변화를 주장하지 않습니다.",high,hcx,HCX-007,isclaim-v1.3-prev2-context,2026-08-05
A0020-C001,A0020,대중-대미 수출 격차 21년 만 최소...트럼프 2기 미국 수출 1위 올라서나,2025-01-06,https://www.chosun.com/economy/economy_general/2025/01/06/BXDMXSYJWZDNDOGA5VONBDMCWY,1,1,1,지난해 한국의 대(對)중국 수출액과 대미국 수출액 간 격차가 21년 만에 최소치를 기록한 것으로 나타났다.,,,중국이 경기 부진을 겪는 가운데 ‘경제 자립’을 기치로 주요 부품을 자체 조달하면서 한중간 교역이 위축된 탓이다.,True,"문장에서 지난해 한국과 중국 및 미국 간의 수출액 차이를 언급하며, 이는 국가 간 무역 통계를 나타내므로 KOSIS를 통해 검증 가능하다.",high,hcx,HCX-007,isclaim-v1.3-prev2-context,2026-08-05
A0020-C002,A0020,대중-대미 수출 격차 21년 만 최소...트럼프 2기 미국 수출 1위 올라서나,2025-01-06,https://www.chosun.com/economy/economy_general/2025/01/06/BXDMXSYJWZDNDOGA5VONBDMCWY,1,2,1,중국이 경기 부진을 겪는 가운데 ‘경제 자립’을 기치로 주요 부품을 자체 조달하면서 한중간 교역이 위축된 탓이다.,지난해 한국의 대(對)중국 수출액과 대미국 수출액 간 격차가 21년 만에 최소치를 기록한 것으로 나타났다.,,반면 미국과는 동맹 강화를 바탕으로 교역이 활발해지면서 대미 투자와 수출이 크게 늘었다.,False,"현재 문장은 경제 상황에 대한 원인 분석 및 평가로서, 특정한 수치나 통계적 변화를 주장하지 않습니다.",high,hcx,HCX-007,isclaim-v1.3-prev2-context,2026-08-05
A0020-C003,A0020,대중-대미 수출 격차 21년 만 최소...트럼프 2기 미국 수출 1위 올라서나,2025-01-06,https://www.chosun.com/economy/economy_general/2025/01/06/BXDMXSYJWZDNDOGA5VONBDMCWY,1,3,1,반면 미국과는 동맹 강화를 바탕으로 교역이 활발해지면서 대미 투자와 수출이 크게 늘었다.,중국이 경기 부진을 겪는 가운데 ‘경제 자립’을 기치로 주요 부품을 자체 조달하면서 한중간 교역이 위축된 탓이다.,지난해 한국의 대(對)중국 수출액과 대미국 수출액 간 격차가 21년 만에 최소치를 기록한 것으로 나타났다.,"6일 한국무역협회에 따르면, 지난해 대중 수출액은 1330억2600만달러로 전년 대비 6.6% 늘었다.",True,"현재 문장은 한국과 미국 간의 교역 및 투자가 활발해져서 대미 수출이 크게 늘었다고 주장하며, 이는 국가 간 경제 활동의 변화를 나타내는 통계적인 내용으로 볼 수 있다.",high,hcx,HCX-007,isclaim-v1.3-prev2-context,2026-08-05
A0020-C004,A0020,대중-대미 수출 격차 21년 만 최소...트럼프 2기 미국 수출 1위 올라서나,2025-01-06,https://www.chosun.com/economy/economy_general/2025/01/06/BXDMXSYJWZDNDOGA5VONBDMCWY,1,4,1,"6일 한국무역협회에 따르면, 지난해 대중 수출액은 1330억2600만달러로 전년 대비 6.6% 늘었다.",반면 미국과는 동맹 강화를 바탕으로 교역이 활발해지면서 대미 투자와 수출이 크게 늘었다.,중국이 경기 부진을 겪는 가운데 ‘경제 자립’을 기치로 주요 부품을 자체 조달하면서 한중간 교역이 위축된 탓이다.,대미 수출액은 1277억9100만달러로 1년 전보다 10.45% 늘었다.,True,"현재 문장은 한국의 대중 수출액이 전년 대비 증가한 수치적인 변화를 언급하고 있으며, 이는 국가 간 교역의 변화에 대한 구체적인 통계적 주장을 포함합니다.",high,hcx,HCX-007,isclaim-v1.3-prev2-context,2026-08-05
A0020-C005,A0020,대중-대미 수출 격차 21년 만 최소...트럼프 2기 미국 수출 1위 올라서나,2025-01-06,https://www.chosun.com/economy/economy_general/2025/01/06/BXDMXSYJWZDNDOGA5VONBDMCWY,1,5,1,대미 수출액은 1277억9100만달러로 1년 전보다 10.45% 늘었다.,"6일 한국무역협회에 따르면, 지난해 대중 수출액은 1330억2600만달러로 전년 대비 6.6% 늘었다.",반면 미국과는 동맹 강화를 바탕으로 교역이 활발해지면서 대미 투자와 수출이 크게 늘었다.,이에 따라 대중 수출액이 대미 수출액보다 52억3500만달러 더 많았다.,True,"현재 문장은 대미 수출액이 1년 전에 비해 얼마나 증가했는지를 수치로 명확하게 제시하고 있으며, 이는 국가 간 교역 및 경제 관련 통계로서 KOSIS를 통해 검증 가능한 내용입니다.",high,hcx,HCX-007,isclaim-v1.3-prev2-context,2026-08-05
A0020-C006,A0020,대중-대미 수출 격차 21년 만 최소...트럼프 2기 미국 수출 1위 올라서나,2025-01-06,https://www.chosun.com/economy/economy_general/2025/01/06/BXDMXSYJWZDNDOGA5VONBDMCWY,1,6,1,이에 따라 대중 수출액이 대미 수출액보다 52억3500만달러 더 많았다.,대미 수출액은 1277억9100만달러로 1년 전보다 10.45% 늘었다.,"6일 한국무역협회에 따르면, 지난해 대중 수출액은 1330억2600만달러로 전년 대비 6.6% 늘었다.","지난 2003년 이후 대중 수출이 대미 수출을 뛰어 넘은 상황을 유지하고 있지만, 격차는 2003년(8억9000만달러) 이후 21년 만에 가장 작았다.",True,"현재 문장은 대중 수출액과 대미 수출액을 비교하여 그 차이를 주장하는 내용으로, 이는 국가 간 무역 통계를 다루고 있습니다.",high,hcx,HCX-007,isclaim-v1.3-prev2-context,2026-08-05
A0020-C007,A0020,대중-대미 수출 격차 21년 만 최소...트럼프 2기 미국 수출 1위 올라서나,2025-01-06,https://www.chosun.com/economy/economy_general/2025/01/06/BXDMXSYJWZDNDOGA5VONBDMCWY,1,7,1,"지난 2003년 이후 대중 수출이 대미 수출을 뛰어 넘은 상황을 유지하고 있지만, 격차는 2003년(8억9000만달러) 이후 21년 만에 가장 작았다.",이에 따라 대중 수출액이 대미 수출액보다 52억3500만달러 더 많았다.,대미 수출액은 1277억9100만달러로 1년 전보다 10.45% 늘었다.,7년 전인 2018년까지만 해도 대중 수출액과 대미 수출액 간 격차는 894억500만달러에 달했다.,True,"현재 문장은 대중 수출과 대미 수출 간의 차이를 언급하며, 이 차이가 2003년 이후 가장 작다는 내용을 포함하고 있습니다. 이는 국가 간 무역 통계를 비교하는 내용으로, KOSIS를 통해 대조 및 검증할 수 있는 정보입니다.",high,hcx,HCX-007,isclaim-v1.3-prev2-context,2026-08-05
A0020-C008,A0020,대중-대미 수출 격차 21년 만 최소...트럼프 2기 미국 수출 1위 올라서나,2025-01-06,https://www.chosun.com/economy/economy_general/2025/01/06/BXDMXSYJWZDNDOGA5VONBDMCWY,1,8,1,7년 전인 2018년까지만 해도 대중 수출액과 대미 수출액 간 격차는 894억500만달러에 달했다.,"지난 2003년 이후 대중 수출이 대미 수출을 뛰어 넘은 상황을 유지하고 있지만, 격차는 2003년(8억9000만달러) 이후 21년 만에 가장 작았다.",이에 따라 대중 수출액이 대미 수출액보다 52억3500만달러 더 많았다.,"그러나 이후 대미 수출액이 매년 역대 최대치를 갱신하며, 2022년(1097억6600만달러) 처음으로 1000억달러선을 넘어섰다.",True,"현재 문장은 대중 수출액과 대미 수출액 간의 과거 격차에 대한 구체적인 수치를 제시하며, 이는 국가 간 무역 통계를 나타내므로 KOSIS를 통해 검증 가능하다.",high,hcx,HCX-007,isclaim-v1.3-prev2-context,2026-08-05
A0020-C009,A0020,대중-대미 수출 격차 21년 만 최소...트럼프 2기 미국 수출 1위 올라서나,2025-01-06,https://www.chosun.com/economy/economy_general/2025/01/06/BXDMXSYJWZDNDOGA5VONBDMCWY,1,9,1,"그러나 이후 대미 수출액이 매년 역대 최대치를 갱신하며, 2022년(1097억6600만달러) 처음으로 1000억달러선을 넘어섰다.",7년 전인 2018년까지만 해도 대중 수출액과 대미 수출액 간 격차는 894억500만달러에 달했다.,"지난 2003년 이후 대중 수출이 대미 수출을 뛰어 넘은 상황을 유지하고 있지만, 격차는 2003년(8억9000만달러) 이후 21년 만에 가장 작았다.",특히 지난해 반도체(122.8%)와 자동차(8.2%) 등 주요 품목들의 대미 수출이 활기를 띠면서 중국 뒤를 바짝 따라잡은 것이다.,True,"현재 문장은 대미 수출액이 매년 역대 최대치를 갱신하여 2022년에 처음으로 1000억 달러를 넘어섰다는 내용을 포함하고 있으며, 이는 국가 간의 무역 통계를 나타내므로 KOSIS에서 검증 가능하다.",high,hcx,HCX-007,isclaim-v1.3-prev2-context,2026-08-05
A0020-C010,A0020,대중-대미 수출 격차 21년 만 최소...트럼프 2기 미국 수출 1위 올라서나,2025-01-06,https://www.chosun.com/economy/economy_general/2025/01/06/BXDMXSYJWZDNDOGA5VONBDMCWY,1,10,1,특히 지난해 반도체(122.8%)와 자동차(8.2%) 등 주요 품목들의 대미 수출이 활기를 띠면서 중국 뒤를 바짝 따라잡은 것이다.,"그러나 이후 대미 수출액이 매년 역대 최대치를 갱신하며, 2022년(1097억6600만달러) 처음으로 1000억달러선을 넘어섰다.",7년 전인 2018년까지만 해도 대중 수출액과 대미 수출액 간 격차는 894억500만달러에 달했다.,"대중 수출은 지난 2010년(1168억3800만달러)부터 1000억달러선을 넘어섰고, 2021년에는 1629억1300만달러까지 늘어났지만 이후 감소세가 눈에 띄었다.",True,현재 문장은 반도체와 자동차 등의 주요 품목들이 미국으로 활발하게 수출되면서 중국의 뒤를 바짝 따라잡고 있다는 내용을 포함하고 있습니다.,high,hcx,HCX-007,isclaim-v1.3-prev2-context,2026-08-05
A0020-C011,A0020,대중-대미 수출 격차 21년 만 최소...트럼프 2기 미국 수출 1위 올라서나,2025-01-06,https://www.chosun.com/economy/economy_general/2025/01/06/BXDMXSYJWZDNDOGA5VONBDMCWY,1,11,1,"대중 수출은 지난 2010년(1168억3800만달러)부터 1000억달러선을 넘어섰고, 2021년에는 1629억1300만달러까지 늘어났지만 이후 감소세가 눈에 띄었다.",특히 지난해 반도체(122.8%)와 자동차(8.2%) 등 주요 품목들의 대미 수출이 활기를 띠면서 중국 뒤를 바짝 따라잡은 것이다.,"그러나 이후 대미 수출액이 매년 역대 최대치를 갱신하며, 2022년(1097억6600만달러) 처음으로 1000억달러선을 넘어섰다.","중국이 코로나 엔데믹(풍토병화) 이후 내수 부진의 늪에서 벗어나지 못하고 있는 데다, 완제품 생산에 필요한 중간재를 자체적으로 조달하고 나섰기 때문이다.",True,"현재 문장은 대중 수출액의 변화에 대해 언급하고 있으며, 이는 국가 간 무역 통계를 다루는 내용으로 KOSIS에서 관련 데이터를 찾아볼 수 있을 것으로 판단됩니다.",high,hcx,HCX-007,isclaim-v1.3-prev2-context,2026-08-05
A0020-C012,A0020,대중-대미 수출 격차 21년 만 최소...트럼프 2기 미국 수출 1위 올라서나,2025-01-06,https://www.chosun.com/economy/economy_general/2025/01/06/BXDMXSYJWZDNDOGA5VONBDMCWY,1,12,1,"중국이 코로나 엔데믹(풍토병화) 이후 내수 부진의 늪에서 벗어나지 못하고 있는 데다, 완제품 생산에 필요한 중간재를 자체적으로 조달하고 나섰기 때문이다.","대중 수출은 지난 2010년(1168억3800만달러)부터 1000억달러선을 넘어섰고, 2021년에는 1629억1300만달러까지 늘어났지만 이후 감소세가 눈에 띄었다.",특히 지난해 반도체(122.8%)와 자동차(8.2%) 등 주요 품목들의 대미 수출이 활기를 띠면서 중국 뒤를 바짝 따라잡은 것이다.,"그동안은 한국이 부품과 소재를 중국에 수출하면, 중국이 제품을 완성시키는 방식의 공급망이 구축돼있었다.",False,"현재 문장은 중국의 내수 부진과 자급 노력에 대한 설명으로, 특정한 수치나 통계적 변화를 주장하지 않습니다.",high,hcx,HCX-007,isclaim-v1.3-prev2-context,2026-08-05
A0020-C013,A0020,대중-대미 수출 격차 21년 만 최소...트럼프 2기 미국 수출 1위 올라서나,2025-01-06,https://www.chosun.com/economy/economy_general/2025/01/06/BXDMXSYJWZDNDOGA5VONBDMCWY,1,13,1,"그동안은 한국이 부품과 소재를 중국에 수출하면, 중국이 제품을 완성시키는 방식의 공급망이 구축돼있었다.","중국이 코로나 엔데믹(풍토병화) 이후 내수 부진의 늪에서 벗어나지 못하고 있는 데다, 완제품 생산에 필요한 중간재를 자체적으로 조달하고 나섰기 때문이다.","대중 수출은 지난 2010년(1168억3800만달러)부터 1000억달러선을 넘어섰고, 2021년에는 1629억1300만달러까지 늘어났지만 이후 감소세가 눈에 띄었다.",미국 트럼프 2기 출범에 따라 미·중 갈등이 더욱 극심해질 경우 미국이 수출 대상국 1위 자리에 오를 수 있을 것이란 분석이 나온다.,False,"현재 문장은 한국의 부품과 소재가 중국에서 어떻게 사용되는지에 대한 설명이므로, 특정한 수치나 통계적 변화를 주장하지 않습니다.",high,hcx,HCX-007,isclaim-v1.3-prev2-context,2026-08-05
A0020-C014,A0020,대중-대미 수출 격차 21년 만 최소...트럼프 2기 미국 수출 1위 올라서나,2025-01-06,https://www.chosun.com/economy/economy_general/2025/01/06/BXDMXSYJWZDNDOGA5VONBDMCWY,1,14,1,미국 트럼프 2기 출범에 따라 미·중 갈등이 더욱 극심해질 경우 미국이 수출 대상국 1위 자리에 오를 수 있을 것이란 분석이 나온다.,"그동안은 한국이 부품과 소재를 중국에 수출하면, 중국이 제품을 완성시키는 방식의 공급망이 구축돼있었다.","중국이 코로나 엔데믹(풍토병화) 이후 내수 부진의 늪에서 벗어나지 못하고 있는 데다, 완제품 생산에 필요한 중간재를 자체적으로 조달하고 나섰기 때문이다.","실제 트럼프 미 대통령 당선인은 중국산 수입품을 대상으로 60% 세율의 관세 푹탄을 안기겠다고 공공연히 밝히고 있어, 미국 중심으로 공급망이 재편될 가능성이 높다.",False,"현재 문장은 미국의 수출 대상국 변화에 대한 예측 및 분석을 담고 있으며, 이는 특정한 수치나 통계적 변화를 주장하는 내용이 아닙니다.",high,hcx,HCX-007,isclaim-v1.3-prev2-context,2026-08-05
A0020-C015,A0020,대중-대미 수출 격차 21년 만 최소...트럼프 2기 미국 수출 1위 올라서나,2025-01-06,https://www.chosun.com/economy/economy_general/2025/01/06/BXDMXSYJWZDNDOGA5VONBDMCWY,1,15,1,"실제 트럼프 미 대통령 당선인은 중국산 수입품을 대상으로 60% 세율의 관세 푹탄을 안기겠다고 공공연히 밝히고 있어, 미국 중심으로 공급망이 재편될 가능성이 높다.",미국 트럼프 2기 출범에 따라 미·중 갈등이 더욱 극심해질 경우 미국이 수출 대상국 1위 자리에 오를 수 있을 것이란 분석이 나온다.,"그동안은 한국이 부품과 소재를 중국에 수출하면, 중국이 제품을 완성시키는 방식의 공급망이 구축돼있었다.",이 경우 한국의 대중국 수출도 크게 위축될 수밖에 없다.,False,"현재 문장은 미국의 공급망 재편 가능성에 대한 예측 및 분석을 담고 있으며, 이는 특정한 수치나 통계적 변화를 주장하는 내용이 아닙니다.",high,hcx,HCX-007,isclaim-v1.3-prev2-context,2026-08-05
A0020-C016,A0020,대중-대미 수출 격차 21년 만 최소...트럼프 2기 미국 수출 1위 올라서나,2025-01-06,https://www.chosun.com/economy/economy_general/2025/01/06/BXDMXSYJWZDNDOGA5VONBDMCWY,1,16,1,이 경우 한국의 대중국 수출도 크게 위축될 수밖에 없다.,"실제 트럼프 미 대통령 당선인은 중국산 수입품을 대상으로 60% 세율의 관세 푹탄을 안기겠다고 공공연히 밝히고 있어, 미국 중심으로 공급망이 재편될 가능성이 높다.",미국 트럼프 2기 출범에 따라 미·중 갈등이 더욱 극심해질 경우 미국이 수출 대상국 1위 자리에 오를 수 있을 것이란 분석이 나온다.,,True,"현재 문장은 미국의 정책 변화에 따른 한국의 대중국 수출이 위축될 것이라는 예측을 하고 있으며, 이는 국가 간 무역 및 경제 관련 통계로서 KOSIS에서 대조 가능한 내용이다.",high,hcx,HCX-007,isclaim-v1.3-prev2-context,2026-08-05
A0021-C001,A0021,AI가 일상 곳곳으로...SK ‘CES 2025’에서 미래 기술 선보인다,2025-01-06,https://www.chosun.com/economy/economy_general/2025/01/06/QZ2BWJMGSRCRHKGUMMDSTQEOME,1,1,1,"SK그룹이 세계 최대 가전·IT(정보기술) 박람회 ‘CES 2025′에 참여해 AI(인공지능) 기술을 선보이고, 사업 비전을 구체화한다.",,,최태원 SK그룹 회장을 비롯한 경영진이 참여해 글로벌 기업과의 AI 협업도 모색한다.,False,"SK그룹의 CES 참여 및 AI 기술 발표는 특정 기업의 활동과 관련된 내용으로, 국가집계통계가 아니며 KOSIS에서 검증할 수 있는 내용이 아닙니다.",high,hcx,HCX-007,isclaim-v1.3-prev2-context,2026-08-05
A0021-C002,A0021,AI가 일상 곳곳으로...SK ‘CES 2025’에서 미래 기술 선보인다,2025-01-06,https://www.chosun.com/economy/economy_general/2025/01/06/QZ2BWJMGSRCRHKGUMMDSTQEOME,1,2,1,최태원 SK그룹 회장을 비롯한 경영진이 참여해 글로벌 기업과의 AI 협업도 모색한다.,"SK그룹이 세계 최대 가전·IT(정보기술) 박람회 ‘CES 2025′에 참여해 AI(인공지능) 기술을 선보이고, 사업 비전을 구체화한다.",,SK그룹은 오는 7일(현지 시각) 미국 라스베이거스에서 열리는 올해 CES에 참가한다고 6일 밝혔다.,False,"현재 문장은 특정 기업의 활동 및 계획에 대한 내용으로, 수치나 통계적인 변화를 주장하지 않습니다.",high,hcx,HCX-007,isclaim-v1.3-prev2-context,2026-08-05
A0021-C003,A0021,AI가 일상 곳곳으로...SK ‘CES 2025’에서 미래 기술 선보인다,2025-01-06,https://www.chosun.com/economy/economy_general/2025/01/06/QZ2BWJMGSRCRHKGUMMDSTQEOME,1,3,1,SK그룹은 오는 7일(현지 시각) 미국 라스베이거스에서 열리는 올해 CES에 참가한다고 6일 밝혔다.,최태원 SK그룹 회장을 비롯한 경영진이 참여해 글로벌 기업과의 AI 협업도 모색한다.,"SK그룹이 세계 최대 가전·IT(정보기술) 박람회 ‘CES 2025′에 참여해 AI(인공지능) 기술을 선보이고, 사업 비전을 구체화한다.","SK하이닉스, SK텔레콤, SKC, SK엔무브 등 4개 관계사가 ‘혁신적인 AI 기술로 지속가능한 미래를 만든다’를 주제로 공동 전시관을 운영한다.",False,현재 문장은 이벤트 일정 및 장소에 대한 정보 제공이므로 수치나 통계적 변화를 주장하지 않습니다.,high,hcx,HCX-007,isclaim-v1.3-prev2-context,2026-08-05
A0021-C004,A0021,AI가 일상 곳곳으로...SK ‘CES 2025’에서 미래 기술 선보인다,2025-01-06,https://www.chosun.com/economy/economy_general/2025/01/06/QZ2BWJMGSRCRHKGUMMDSTQEOME,1,4,1,"SK하이닉스, SK텔레콤, SKC, SK엔무브 등 4개 관계사가 ‘혁신적인 AI 기술로 지속가능한 미래를 만든다’를 주제로 공동 전시관을 운영한다.",SK그룹은 오는 7일(현지 시각) 미국 라스베이거스에서 열리는 올해 CES에 참가한다고 6일 밝혔다.,최태원 SK그룹 회장을 비롯한 경영진이 참여해 글로벌 기업과의 AI 협업도 모색한다.,"AI 기술을 선보이는 데 그치는 게 아니라, 상용화를 앞둔 AI 기술과 서비스를 대거 공개하며 사업 비전을 구체화한다는 계획이다.",False,"현재 문장은 특정 기업의 전시회 참여 및 주제와 관련된 내용으로, 수치나 통계적 변화를 주장하지 않습니다.",high,hcx,HCX-007,isclaim-v1.3-prev2-context,2026-08-05
A0021-C005,A0021,AI가 일상 곳곳으로...SK ‘CES 2025’에서 미래 기술 선보인다,2025-01-06,https://www.chosun.com/economy/economy_general/2025/01/06/QZ2BWJMGSRCRHKGUMMDSTQEOME,1,5,1,"AI 기술을 선보이는 데 그치는 게 아니라, 상용화를 앞둔 AI 기술과 서비스를 대거 공개하며 사업 비전을 구체화한다는 계획이다.","SK하이닉스, SK텔레콤, SKC, SK엔무브 등 4개 관계사가 ‘혁신적인 AI 기술로 지속가능한 미래를 만든다’를 주제로 공동 전시관을 운영한다.",SK그룹은 오는 7일(현지 시각) 미국 라스베이거스에서 열리는 올해 CES에 참가한다고 6일 밝혔다.,"SK그룹은 반도체, 에너지 등 다방면에 걸친 AI 기술을 통해 일상 곳곳에 변화를 가져오는 것을 올해 CES의 화두로 삼았다.",False,"현재 문장은 단순한 계획 및 목표에 대한 설명으로, 수치나 통계적 변화를 주장하지 않습니다.",high,hcx,HCX-007,isclaim-v1.3-prev2-context,2026-08-05
A0021-C006,A0021,AI가 일상 곳곳으로...SK ‘CES 2025’에서 미래 기술 선보인다,2025-01-06,https://www.chosun.com/economy/economy_general/2025/01/06/QZ2BWJMGSRCRHKGUMMDSTQEOME,1,6,1,"SK그룹은 반도체, 에너지 등 다방면에 걸친 AI 기술을 통해 일상 곳곳에 변화를 가져오는 것을 올해 CES의 화두로 삼았다.","AI 기술을 선보이는 데 그치는 게 아니라, 상용화를 앞둔 AI 기술과 서비스를 대거 공개하며 사업 비전을 구체화한다는 계획이다.","SK하이닉스, SK텔레콤, SKC, SK엔무브 등 4개 관계사가 ‘혁신적인 AI 기술로 지속가능한 미래를 만든다’를 주제로 공동 전시관을 운영한다.","최태원 회장은 작년 11월 열린 ‘SK AI 서밋 2024′에서 “SK와 파트너들의 다양한 설루션을 묶어 AI 보틀넥(병목)을 해결하고 좀 더 좋은 AI가 우리 생활에 빨리 올 수 있도록, 글로벌 AI 혁신을 가속화하는데 기여하겠다”고 했다.",False,"현재 문장은 SK그룹의 CES에서의 목표나 계획에 대한 설명이지, 구체적인 수치나 통계적 변화에 대한 주장이 아닙니다.",high,hcx,HCX-007,isclaim-v1.3-prev2-context,2026-08-05
A0021-C007,A0021,AI가 일상 곳곳으로...SK ‘CES 2025’에서 미래 기술 선보인다,2025-01-06,https://www.chosun.com/economy/economy_general/2025/01/06/QZ2BWJMGSRCRHKGUMMDSTQEOME,1,7,1,"최태원 회장은 작년 11월 열린 ‘SK AI 서밋 2024′에서 “SK와 파트너들의 다양한 설루션을 묶어 AI 보틀넥(병목)을 해결하고 좀 더 좋은 AI가 우리 생활에 빨리 올 수 있도록, 글로벌 AI 혁신을 가속화하는데 기여하겠다”고 했다.","SK그룹은 반도체, 에너지 등 다방면에 걸친 AI 기술을 통해 일상 곳곳에 변화를 가져오는 것을 올해 CES의 화두로 삼았다.","AI 기술을 선보이는 데 그치는 게 아니라, 상용화를 앞둔 AI 기술과 서비스를 대거 공개하며 사업 비전을 구체화한다는 계획이다.",SK그룹의 올해 CES 전시는 21개 대형 LED 화면으로 구성된 ‘혁신의 문’에서 시작된다.,False,"현재 문장은 최태원 회장의 발언 내용으로, 구체적인 수치나 통계적인 변화에 대한 언급 없이 일반적인 목표 및 계획에 대해 이야기하고 있다.",high,hcx,HCX-007,isclaim-v1.3-prev2-context,2026-08-05
A0021-C008,A0021,AI가 일상 곳곳으로...SK ‘CES 2025’에서 미래 기술 선보인다,2025-01-06,https://www.chosun.com/economy/economy_general/2025/01/06/QZ2BWJMGSRCRHKGUMMDSTQEOME,1,8,1,SK그룹의 올해 CES 전시는 21개 대형 LED 화면으로 구성된 ‘혁신의 문’에서 시작된다.,"최태원 회장은 작년 11월 열린 ‘SK AI 서밋 2024′에서 “SK와 파트너들의 다양한 설루션을 묶어 AI 보틀넥(병목)을 해결하고 좀 더 좋은 AI가 우리 생활에 빨리 올 수 있도록, 글로벌 AI 혁신을 가속화하는데 기여하겠다”고 했다.","SK그룹은 반도체, 에너지 등 다방면에 걸친 AI 기술을 통해 일상 곳곳에 변화를 가져오는 것을 올해 CES의 화두로 삼았다.",SK가 보유한 AI 기술이 바꿀 미래 모습을 담고 있다.,False,"현재 문장은 CES 전시 구성에 대한 설명으로, 수치나 통계적인 변화 방향을 주장하지 않습니다.",high,hcx,HCX-007,isclaim-v1.3-prev2-context,2026-08-05
A0021-C009,A0021,AI가 일상 곳곳으로...SK ‘CES 2025’에서 미래 기술 선보인다,2025-01-06,https://www.chosun.com/economy/economy_general/2025/01/06/QZ2BWJMGSRCRHKGUMMDSTQEOME,1,9,1,SK가 보유한 AI 기술이 바꿀 미래 모습을 담고 있다.,SK그룹의 올해 CES 전시는 21개 대형 LED 화면으로 구성된 ‘혁신의 문’에서 시작된다.,"최태원 회장은 작년 11월 열린 ‘SK AI 서밋 2024′에서 “SK와 파트너들의 다양한 설루션을 묶어 AI 보틀넥(병목)을 해결하고 좀 더 좋은 AI가 우리 생활에 빨리 올 수 있도록, 글로벌 AI 혁신을 가속화하는데 기여하겠다”고 했다.",테마는 크게 3가지.,False,"현재 문장은 단순한 의견이나 평가로서, 특정한 수치나 통계적인 변화를 주장하지 않습니다.",high,hcx,HCX-007,isclaim-v1.3-prev2-context,2026-08-05
A0021-C010,A0021,AI가 일상 곳곳으로...SK ‘CES 2025’에서 미래 기술 선보인다,2025-01-06,https://www.chosun.com/economy/economy_general/2025/01/06/QZ2BWJMGSRCRHKGUMMDSTQEOME,1,10,1,테마는 크게 3가지.,SK가 보유한 AI 기술이 바꿀 미래 모습을 담고 있다.,SK그룹의 올해 CES 전시는 21개 대형 LED 화면으로 구성된 ‘혁신의 문’에서 시작된다.,우선 ‘AI DC(AI 데이터센터)’다.,False,현재 문장은 단순한 정보 제공으로서 수치나 통계적인 변화를 주장하지 않습니다.,high,hcx,HCX-007,isclaim-v1.3-prev2-context,2026-08-05
A0021-C011,A0021,AI가 일상 곳곳으로...SK ‘CES 2025’에서 미래 기술 선보인다,2025-01-06,https://www.chosun.com/economy/economy_general/2025/01/06/QZ2BWJMGSRCRHKGUMMDSTQEOME,1,11,1,우선 ‘AI DC(AI 데이터센터)’다.,테마는 크게 3가지.,SK가 보유한 AI 기술이 바꿀 미래 모습을 담고 있다.,"데이터센터를 구성하는 에너지 설루션, AI 반도체, 클라우드 서비스 등을 소개한다.",False,"현재 문장은 AI 데이터센터라는 주제 설명으로, 수치나 통계적 변화를 주장하지 않는다.",high,hcx,HCX-007,isclaim-v1.3-prev2-context,2026-08-05
A0021-C012,A0021,AI가 일상 곳곳으로...SK ‘CES 2025’에서 미래 기술 선보인다,2025-01-06,https://www.chosun.com/economy/economy_general/2025/01/06/QZ2BWJMGSRCRHKGUMMDSTQEOME,1,12,1,"데이터센터를 구성하는 에너지 설루션, AI 반도체, 클라우드 서비스 등을 소개한다.",우선 ‘AI DC(AI 데이터센터)’다.,테마는 크게 3가지.,‘AI 서비스’ 테마에선 일상과 맞닿은 서비스를 접할 수 있다.,False,"현재 문장은 데이터센터 구성 요소들에 대한 설명을 하고 있으며, 이는 수치나 통계적인 변화를 주장하는 내용이 아닙니다.",high,hcx,HCX-007,isclaim-v1.3-prev2-context,2026-08-05
A0021-C013,A0021,AI가 일상 곳곳으로...SK ‘CES 2025’에서 미래 기술 선보인다,2025-01-06,https://www.chosun.com/economy/economy_general/2025/01/06/QZ2BWJMGSRCRHKGUMMDSTQEOME,1,13,1,‘AI 서비스’ 테마에선 일상과 맞닿은 서비스를 접할 수 있다.,"데이터센터를 구성하는 에너지 설루션, AI 반도체, 클라우드 서비스 등을 소개한다.",우선 ‘AI DC(AI 데이터센터)’다.,AI를 활용해 쉽게 광고를 만들 수 있는 설루션 ‘GenAd’ 등이 공개된다.,False,"'AI 서비스' 테마에서는 일상과 맞닿은 서비스를 접할 수 있다는 내용은 단순한 정보 제공이지, 수치나 비율 등의 통계적인 주장을 포함하지 않습니다.",high,hcx,HCX-007,isclaim-v1.3-prev2-context,2026-08-05
A0021-C014,A0021,AI가 일상 곳곳으로...SK ‘CES 2025’에서 미래 기술 선보인다,2025-01-06,https://www.chosun.com/economy/economy_general/2025/01/06/QZ2BWJMGSRCRHKGUMMDSTQEOME,1,14,1,AI를 활용해 쉽게 광고를 만들 수 있는 설루션 ‘GenAd’ 등이 공개된다.,‘AI 서비스’ 테마에선 일상과 맞닿은 서비스를 접할 수 있다.,"데이터센터를 구성하는 에너지 설루션, AI 반도체, 클라우드 서비스 등을 소개한다.",SK텔레콤이 북미 시장을 대상으로 올해 출시 준비 중인 AI 에이전트 ‘에스터(Aster)’도 현장에서 시연된다.,False,"현재 문장은 AI를 활용한 광고 제작 솔루션 'GenAd' 등의 공개에 대한 내용으로, 이는 특정 제품의 출시나 기능에 관한 정보이지 수치나 통계적인 변화를 주장하는 내용이 아닙니다.",high,hcx,HCX-007,isclaim-v1.3-prev2-context,2026-08-05
A0021-C015,A0021,AI가 일상 곳곳으로...SK ‘CES 2025’에서 미래 기술 선보인다,2025-01-06,https://www.chosun.com/economy/economy_general/2025/01/06/QZ2BWJMGSRCRHKGUMMDSTQEOME,1,15,1,SK텔레콤이 북미 시장을 대상으로 올해 출시 준비 중인 AI 에이전트 ‘에스터(Aster)’도 현장에서 시연된다.,AI를 활용해 쉽게 광고를 만들 수 있는 설루션 ‘GenAd’ 등이 공개된다.,‘AI 서비스’ 테마에선 일상과 맞닿은 서비스를 접할 수 있다.,글로벌 파트너사 다섯 곳의 AI 설루션과 서비스 등을 소개한 ‘AI Ecosystem’ 테마를 끝으로 전시가 마무리된다.,False,"현재 문장은 특정 기업의 새로운 AI 에이전트 출시에 대한 내용으로, 이는 단순한 정보 제공이지 수치나 통계적인 변화를 주장하는 내용이 아닙니다.",high,hcx,HCX-007,isclaim-v1.3-prev2-context,2026-08-05
A0021-C016,A0021,AI가 일상 곳곳으로...SK ‘CES 2025’에서 미래 기술 선보인다,2025-01-06,https://www.chosun.com/economy/economy_general/2025/01/06/QZ2BWJMGSRCRHKGUMMDSTQEOME,1,16,1,글로벌 파트너사 다섯 곳의 AI 설루션과 서비스 등을 소개한 ‘AI Ecosystem’ 테마를 끝으로 전시가 마무리된다.,SK텔레콤이 북미 시장을 대상으로 올해 출시 준비 중인 AI 에이전트 ‘에스터(Aster)’도 현장에서 시연된다.,AI를 활용해 쉽게 광고를 만들 수 있는 설루션 ‘GenAd’ 등이 공개된다.,SK그룹은 전시관 일부를 회의 공간으로 마련해 글로벌 기업들과 AI 관련 소통을 모색할 계획이다.,False,현재 문장은 특정 이벤트나 전시 내용에 대한 설명이므로 수치나 통계적인 변화를 주장하지 않습니다.,high,hcx,HCX-007,isclaim-v1.3-prev2-context,2026-08-05
A0001-C012,A0001,"어수선한 부동산 시장…""올 서울 집값 떨어지나요?"" 전문가 대답은",2025-01-04,https://www.chosun.com/economy/realty/investment_trends/2025/01/04/VVTAU7BYLMGCYVANP52PLMARRY,1,12,1,수요자들은 어떻게 대처하나.,"“주택 공급 정책은 설령 정권이 바뀌더라도 꾸준하게, 지속적으로 추진해야 한다. 1기 신도시 재건축의 경우 정비 선도지구까지 선정했는데, 공급 확대 측면에서 연속성이 중요하다. 서울 외곽의 개발제한구역(그린벨트) 해제를 통한 신규 택지 조성과 주택 공급 계획 또한 지속돼야 한다. 중장기적으로 이런 정책들이 가격에 영향을 미치기 때문에 올해가 굉장히 중요한 시점이라고 볼 수 있다. 반대로 부동산 세금 정책에는 변화가 예상된다. 공시지가라든가 종합부동산세와 관련된 것이다. 현 정부에서는 종합부동산세 인하 방침인데, 만약 정권이 바뀐다면 연속성이 떨어지지 않을까 우려되는 부분이 있다.” ―","☞당신의 아파트 MBTI, 조선일보 AI부동산에서 확인하기 ―올해 부동산 정책에도 큰 변화가 올까.","“무주택자인지, 집을 갖고 있는지에 따라 전략을 달리 해야 한다. 올해 집값이 떨어진다고 보기는 어렵다. 오히려 서울, 수도권 주요 지역은 올라갈 것이다. 다만 현재는 거래량이 감소해 매수자 우위 시기다. 자금 계획을 세웠다면 매수 시점을 오히려 빠르게 잡고 내 집 마련에 나서야 한다. [ ☞AI가 매칭해 준 내 라이프 스타일에 맞는 집은 어디?! ] 다주택자의 경우 정권 교체 후 세금 규제가 심해질텐데, 리스크가 될 수 있다. 이 부분을 감안하면 금리가 내리기 시작할 때가 기회다. 금리가 떨어지면 수요자들이 늘어날 것이고, 이때 집을 매도하는 것이 좋다.” ―",False,"수요자들이 어떻게 대처하는지에 대한 단순한 질문이므로, 이는 수치나 통계적인 변화와는 관련이 없습니다.",high,hcx,HCX-007,isclaim-v1.3-prev2-context,2026-08-05
A0004-C001,A0004,"현대차그룹, 미국 시장에서 2년 연속 최고 실적... 年 170만대 돌파",2025-01-05,https://www.chosun.com/economy/auto/2025/01/05/253WLIRTMRHZPM5JGBCLQCVX5M,1,1,1,"현대차그룹이 지난해 미국 시장에서 현대차, 기아, 제네시스 등 브랜드별로 2년 연속 역대 최고 실적을 기록했다.",,,"현대차그룹 전체로 처음으로 미국에서만 한 해에 170만대 넘게 팔았고, 현대차는 제네시스를 포함해 연 90만대 판매량을 첫 돌파 했다.",False,현대차그룹의 실적 기록은 특정 기업의 성과이므로 KOSIS에서 검증할 수 있는 국내 집계 통계가 아닙니다.,high,hcx,HCX-007,isclaim-v1.3-prev2-context,2026-08-05
A0006-C006,A0006,고물가에 설선물 벅차다면…사전예약‧묶음판매 그나마 싸다,2025-01-05,https://www.chosun.com/economy/market_trend/2025/01/05/GAQ4BB4HOJEWNP5GGCUHQTHY7M,1,6,1,지난해 설 대비 10% 늘어난 5만여 세트를 예약판매 물량으로 준비했다.,신세계백화점은 오는 9일까지 21일간 2025년 설 선물세트를 예약 판매하고 있다.,대형마트 3사의 매출은 지난 설과 비슷한 수준이다.,"주요 품목 할인율로는 한우 5~10%, 굴비 20%, 청과 10%, 와인 50%, 건강식품 60% 등이다.",True,"현재 문장은 지난해 설 대비 증가한 예약판매 물량을 언급하며, 이는 KOSIS를 통해 확인 가능한 통계적 변화로 볼 수 있습니다.",high,hcx,HCX-007,isclaim-v1.3-prev2-context,2026-08-05
A0006-C021,A0006,고물가에 설선물 벅차다면…사전예약‧묶음판매 그나마 싸다,2025-01-05,https://www.chosun.com/economy/market_trend/2025/01/05/GAQ4BB4HOJEWNP5GGCUHQTHY7M,1,21,1,물가 상승에도 수요가 많은 선물세트의 경우 가격을 동결해 소비자 부담을 최소화했다고 한다.,홈플러스는 2만~6만 원대 중·저가 선물 세트 상품 수를 전년 대비 약 10% 늘렸다.,축산·수산 선물 세트도 10만원 미만 가격대 선물 세트가 준비돼 있다.,오는 15일까지 행사카드로 결제하면 최대 50% 할인 혜택을 준다.,False,"현재 문장은 단순한 의견이나 평가로서, 구체적인 수치나 통계적인 변화를 포함하지 않습니다.",high,hcx,HCX-007,isclaim-v1.3-prev2-context,2026-08-05
A0006-C022,A0006,고물가에 설선물 벅차다면…사전예약‧묶음판매 그나마 싸다,2025-01-05,https://www.chosun.com/economy/market_trend/2025/01/05/GAQ4BB4HOJEWNP5GGCUHQTHY7M,1,22,1,오는 15일까지 행사카드로 결제하면 최대 50% 할인 혜택을 준다.,물가 상승에도 수요가 많은 선물세트의 경우 가격을 동결해 소비자 부담을 최소화했다고 한다.,홈플러스는 2만~6만 원대 중·저가 선물 세트 상품 수를 전년 대비 약 10% 늘렸다.,,False,"현재 문장은 할인 혜택 제공 여부에 대한 정보로, 수치나 통계적인 변화를 주장하지 않습니다.",high,hcx,HCX-007,isclaim-v1.3-prev2-context,2026-08-05
A0008-C005,A0008,"금감원, IFRS17 계도기간 종료...“연말 결산시 충실히 반영해야”",2025-01-05,https://www.chosun.com/economy/money/2025/01/05/AHCYQSBZ6DRCIZPXIE32AZ4CLU,1,5,1,"또 업계 공동협의체, 질의회신연석회의·회계심의위원회 등을 통해 공시이율 예실차 회계처리, 보험계약마진(CSM) 상각률 산출기준 등에 대한 검토 결과를 지도해 왔다.",이후 보험개혁회의를 통해 IFRS17이 단기실적 경쟁수단으로 악용되지 않도록 무·저해지 상품 해지율 개선 등 내용을 담은 보험회계 개선방안을 발표했다.,앞서 금융당국은 IFRS17의 계리적 가정 등과 관련해 보험업계에 혼란이 잇따르자 작년 한시적으로 IFRS17 기준서상 판단·해석 차이에 대한 계도기간을 운영했다.,금감원이 결산을 앞두고 다시 한번 엄정한 회계 처리를 강조한 것은 계엄 사태 이후 정치적·경제적 불확실성이 높아짐에 따라 업계 일각에서 회계 처리를 느슨하게 해도 되는 것 아니냐는 분위기가 감지되면서다.,False,"현재 문장은 보험회계의 구체적인 절차나 방법에 대한 설명을 하고 있으며, 이는 특정한 수치나 통계적 변화를 주장하는 것이 아닙니다.",high,hcx,HCX-007,isclaim-v1.3-prev2-context,2026-08-05
A0016-C001,A0016,"전남도, 무안참사 추모공원 460억 들여 짓는다",2025-01-06,https://www.chosun.com/national/national_general/2025/01/06/ELMYO6U4P5C5RNWH4YN6T3D7BE,1,1,1,전남도가 ‘제주항공 참사’ 특별법 제정을 추진한다.,,,세월호나 핼러윈 참사처럼 특별법을 제정해 참사 유가족들을 지원하겠다는 것이다.,False,특정 사건에 대한 법률 제정 추진이므로 KOSIS 통계와 관련이 없다.,high,hcx,HCX-007,isclaim-v1.3-prev2-context,2026-08-05
A0021-C017,A0021,AI가 일상 곳곳으로...SK ‘CES 2025’에서 미래 기술 선보인다,2025-01-06,https://www.chosun.com/economy/economy_general/2025/01/06/QZ2BWJMGSRCRHKGUMMDSTQEOME,1,17,1,SK그룹은 전시관 일부를 회의 공간으로 마련해 글로벌 기업들과 AI 관련 소통을 모색할 계획이다.,글로벌 파트너사 다섯 곳의 AI 설루션과 서비스 등을 소개한 ‘AI Ecosystem’ 테마를 끝으로 전시가 마무리된다.,SK텔레콤이 북미 시장을 대상으로 올해 출시 준비 중인 AI 에이전트 ‘에스터(Aster)’도 현장에서 시연된다.,"이번 전시에는 최태원 SK그룹 회장을 비롯해 곽노정 SK하이닉스 사장, 유영상 SK텔레콤 사장, 최성환 SK네트웍스 사업총괄 사장 등 주요 계열사의 경영진도 방문한다.",False,"현재 문장은 단순한 계획 발표로서, 수치나 통계적인 변화를 포함하지 않습니다.",high,hcx,HCX-007,isclaim-v1.3-prev2-context,2026-08-05
A0021-C018,A0021,AI가 일상 곳곳으로...SK ‘CES 2025’에서 미래 기술 선보인다,2025-01-06,https://www.chosun.com/economy/economy_general/2025/01/06/QZ2BWJMGSRCRHKGUMMDSTQEOME,1,18,1,"이번 전시에는 최태원 SK그룹 회장을 비롯해 곽노정 SK하이닉스 사장, 유영상 SK텔레콤 사장, 최성환 SK네트웍스 사업총괄 사장 등 주요 계열사의 경영진도 방문한다.",SK그룹은 전시관 일부를 회의 공간으로 마련해 글로벌 기업들과 AI 관련 소통을 모색할 계획이다.,글로벌 파트너사 다섯 곳의 AI 설루션과 서비스 등을 소개한 ‘AI Ecosystem’ 테마를 끝으로 전시가 마무리된다.,SK 관계자는 “이번 CES 전시를 통해 AI 기술이 일상 속으로 들어와 전방위적으로 활용되는 모습과 무궁무진한 성장 가능성을 보여주고자 했다”며 “AI 혁신을 위해서는 다양한 플레이어들과의 협력이 필수적인 만큼 앞으로도 글로벌 파트너십을 강화할 수 있는 다양한 기회들을 마련할 것”이라고 했다.,False,"현재 문장은 특정 기업의 경영진이 전시회에 참석한다는 내용으로, 이는 수치나 통계적인 변화를 주장하는 내용이 아닙니다.",high,hcx,HCX-007,isclaim-v1.3-prev2-context,2026-08-05
A0021-C019,A0021,AI가 일상 곳곳으로...SK ‘CES 2025’에서 미래 기술 선보인다,2025-01-06,https://www.chosun.com/economy/economy_general/2025/01/06/QZ2BWJMGSRCRHKGUMMDSTQEOME,1,19,1,SK 관계자는 “이번 CES 전시를 통해 AI 기술이 일상 속으로 들어와 전방위적으로 활용되는 모습과 무궁무진한 성장 가능성을 보여주고자 했다”며 “AI 혁신을 위해서는 다양한 플레이어들과의 협력이 필수적인 만큼 앞으로도 글로벌 파트너십을 강화할 수 있는 다양한 기회들을 마련할 것”이라고 했다.,"이번 전시에는 최태원 SK그룹 회장을 비롯해 곽노정 SK하이닉스 사장, 유영상 SK텔레콤 사장, 최성환 SK네트웍스 사업총괄 사장 등 주요 계열사의 경영진도 방문한다.",SK그룹은 전시관 일부를 회의 공간으로 마련해 글로벌 기업들과 AI 관련 소통을 모색할 계획이다.,,False,"현재 문장은 AI 기술의 발전 및 협력 필요성에 대한 의견을 제시하지만, 구체적인 수치나 통계적 변화를 주장하지 않는다.",high,hcx,HCX-007,isclaim-v1.3-prev2-context,2026-08-05
A0022-C001,A0022,계엄 이후 얼어붙은 내수... 덜 먹고 덜 놀러갔다,2025-01-06,https://www.chosun.com/economy/economy_general/2025/01/06/UNEVPXHOQFFWRGCMGJ72EICGC4,1,1,1,"비상계엄과 탄핵소추, 항공기 참사 등 연이은 대형 사건·사고가 연말·연초 내수 경기 특수(特需)를 집어삼켰다.",,,"특히 외식과 숙박, 오락·문화 등 ‘먹고 놀고 즐기는’ 소비가 급감했다.",False,"비상계엄과 탄핵소추, 항공기 참사와 같은 사건들은 특정한 수치나 통계적 변화를 주장하지 않으며, 이는 KOSIS에서 검증 가능한 내용이 아닙니다.",high,hcx,HCX-007,isclaim-v1.3-prev2-context,2026-08-05
A0022-C002,A0022,계엄 이후 얼어붙은 내수... 덜 먹고 덜 놀러갔다,2025-01-06,https://www.chosun.com/economy/economy_general/2025/01/06/UNEVPXHOQFFWRGCMGJ72EICGC4,1,2,1,"특히 외식과 숙박, 오락·문화 등 ‘먹고 놀고 즐기는’ 소비가 급감했다.","비상계엄과 탄핵소추, 항공기 참사 등 연이은 대형 사건·사고가 연말·연초 내수 경기 특수(特需)를 집어삼켰다.",,"5일 통계청의 속보성 지표인 ‘나우캐스트’에 따르면, 작년 12월 둘째 주(7~13일) 전국 신용카드 이용 금액은 1년 전보다 3.1% 감소했다.",False,"현재 문장은 외식, 숙박, 오락 및 문화 등의 소비 감소를 언급하지만 이는 구체적인 수치나 통계적 변화를 포함하지 않으며, 따라서 KOSIS 통계로 검증하기 어렵습니다.",high,hcx,HCX-007,isclaim-v1.3-prev2-context,2026-08-05
A0022-C003,A0022,계엄 이후 얼어붙은 내수... 덜 먹고 덜 놀러갔다,2025-01-06,https://www.chosun.com/economy/economy_general/2025/01/06/UNEVPXHOQFFWRGCMGJ72EICGC4,1,3,1,"5일 통계청의 속보성 지표인 ‘나우캐스트’에 따르면, 작년 12월 둘째 주(7~13일) 전국 신용카드 이용 금액은 1년 전보다 3.1% 감소했다.","특히 외식과 숙박, 오락·문화 등 ‘먹고 놀고 즐기는’ 소비가 급감했다.","비상계엄과 탄핵소추, 항공기 참사 등 연이은 대형 사건·사고가 연말·연초 내수 경기 특수(特需)를 집어삼켰다.","직전 주인 11월 30일~12월 6일 카드 이용액은 전년 대비 7.3% 증가했는데, 1주일 만에 마이너스로 돌아선 것이다.",True,"현재 문장은 통계청의 나우캐스트 데이터를 기반으로 작년 12월 둘째 주의 전국 신용카드 이용 금액이 1년 전보다 3.1% 감소했다고 주장하며, 이는 KOSIS에서 확인 가능한 통계 정보이므로 True로 판단된다.",high,hcx,HCX-007,isclaim-v1.3-prev2-context,2026-08-05
A0022-C004,A0022,계엄 이후 얼어붙은 내수... 덜 먹고 덜 놀러갔다,2025-01-06,https://www.chosun.com/economy/economy_general/2025/01/06/UNEVPXHOQFFWRGCMGJ72EICGC4,1,4,1,"직전 주인 11월 30일~12월 6일 카드 이용액은 전년 대비 7.3% 증가했는데, 1주일 만에 마이너스로 돌아선 것이다.","5일 통계청의 속보성 지표인 ‘나우캐스트’에 따르면, 작년 12월 둘째 주(7~13일) 전국 신용카드 이용 금액은 1년 전보다 3.1% 감소했다.","특히 외식과 숙박, 오락·문화 등 ‘먹고 놀고 즐기는’ 소비가 급감했다.","12월 둘째 주는 국회에서 윤석열 대통령에 대한 1차 탄핵안이 정족수 미달로 무산(12월 7일)된 뒤, 2차 탄핵안이 가결(14일)되기 직전까지 기간이다.",True,"현재 문장은 신용카드 이용액의 변화에 대한 구체적인 수치를 포함하며, 이는 국가 경제 활동의 중요한 지표 중 하나로 KOSIS를 통해 검증될 수 있다.",high,hcx,HCX-007,isclaim-v1.3-prev2-context,2026-08-05
A0022-C005,A0022,계엄 이후 얼어붙은 내수... 덜 먹고 덜 놀러갔다,2025-01-06,https://www.chosun.com/economy/economy_general/2025/01/06/UNEVPXHOQFFWRGCMGJ72EICGC4,1,5,1,"12월 둘째 주는 국회에서 윤석열 대통령에 대한 1차 탄핵안이 정족수 미달로 무산(12월 7일)된 뒤, 2차 탄핵안이 가결(14일)되기 직전까지 기간이다.","직전 주인 11월 30일~12월 6일 카드 이용액은 전년 대비 7.3% 증가했는데, 1주일 만에 마이너스로 돌아선 것이다.","5일 통계청의 속보성 지표인 ‘나우캐스트’에 따르면, 작년 12월 둘째 주(7~13일) 전국 신용카드 이용 금액은 1년 전보다 3.1% 감소했다.","정치권에서 탄핵 찬반 논란이 치열하게 이어지고, 서울 여의도와 광화문에서 대규모 탄핵 찬반 집회가 열리던 때다.",False,"현재 문장은 국회에서의 탄핵안 관련 사건에 대한 설명을 하고 있으며, 이는 수치나 통계적인 변화를 주장하는 내용이 아닙니다.",high,hcx,HCX-007,isclaim-v1.3-prev2-context,2026-08-05
A0022-C006,A0022,계엄 이후 얼어붙은 내수... 덜 먹고 덜 놀러갔다,2025-01-06,https://www.chosun.com/economy/economy_general/2025/01/06/UNEVPXHOQFFWRGCMGJ72EICGC4,1,6,1,"정치권에서 탄핵 찬반 논란이 치열하게 이어지고, 서울 여의도와 광화문에서 대규모 탄핵 찬반 집회가 열리던 때다.","12월 둘째 주는 국회에서 윤석열 대통령에 대한 1차 탄핵안이 정족수 미달로 무산(12월 7일)된 뒤, 2차 탄핵안이 가결(14일)되기 직전까지 기간이다.","직전 주인 11월 30일~12월 6일 카드 이용액은 전년 대비 7.3% 증가했는데, 1주일 만에 마이너스로 돌아선 것이다.",계엄과 탄핵 추진 등 정국 혼란이 장기 부진에 빠져 있는 내수 경기 회복을 어렵게 할 것이라는 우려가 현실로 나타난 것이다.,False,"정치권 논란 및 집회 상황에 대한 설명으로, 수치나 통계적 변화와 관련이 없다.",high,hcx,HCX-007,isclaim-v1.3-prev2-context,2026-08-05
A0022-C007,A0022,계엄 이후 얼어붙은 내수... 덜 먹고 덜 놀러갔다,2025-01-06,https://www.chosun.com/economy/economy_general/2025/01/06/UNEVPXHOQFFWRGCMGJ72EICGC4,1,7,1,계엄과 탄핵 추진 등 정국 혼란이 장기 부진에 빠져 있는 내수 경기 회복을 어렵게 할 것이라는 우려가 현실로 나타난 것이다.,"정치권에서 탄핵 찬반 논란이 치열하게 이어지고, 서울 여의도와 광화문에서 대규모 탄핵 찬반 집회가 열리던 때다.","12월 둘째 주는 국회에서 윤석열 대통령에 대한 1차 탄핵안이 정족수 미달로 무산(12월 7일)된 뒤, 2차 탄핵안이 가결(14일)되기 직전까지 기간이다.","부문별로는 오락·스포츠 및 문화(-7.4%), 숙박 서비스(-7.1%), 음식 및 음료서비스(-4.5%)의 소비가 더 큰 폭으로 줄었다.",False,"현재 문장은 정치적 상황에 대한 우려를 표현하고 있으며, 이는 수치나 통계적인 변화를 주장하는 것이 아닙니다.",high,hcx,HCX-007,isclaim-v1.3-prev2-context,2026-08-05
A0022-C008,A0022,계엄 이후 얼어붙은 내수... 덜 먹고 덜 놀러갔다,2025-01-06,https://www.chosun.com/economy/economy_general/2025/01/06/UNEVPXHOQFFWRGCMGJ72EICGC4,1,8,1,"부문별로는 오락·스포츠 및 문화(-7.4%), 숙박 서비스(-7.1%), 음식 및 음료서비스(-4.5%)의 소비가 더 큰 폭으로 줄었다.",계엄과 탄핵 추진 등 정국 혼란이 장기 부진에 빠져 있는 내수 경기 회복을 어렵게 할 것이라는 우려가 현실로 나타난 것이다.,"정치권에서 탄핵 찬반 논란이 치열하게 이어지고, 서울 여의도와 광화문에서 대규모 탄핵 찬반 집회가 열리던 때다.",소비가 그만큼 ‘엄숙’해진 것이다.,True,"부문별 소비 감소율 (-7.4%, -7.1%, -4.5%)이 제시되어 있으며, 이는 KOSIS에서 관련 통계를 통해 대조 가능하다.",high,hcx,HCX-007,isclaim-v1.3-prev2-context,2026-08-05
A0022-C009,A0022,계엄 이후 얼어붙은 내수... 덜 먹고 덜 놀러갔다,2025-01-06,https://www.chosun.com/economy/economy_general/2025/01/06/UNEVPXHOQFFWRGCMGJ72EICGC4,1,9,1,소비가 그만큼 ‘엄숙’해진 것이다.,"부문별로는 오락·스포츠 및 문화(-7.4%), 숙박 서비스(-7.1%), 음식 및 음료서비스(-4.5%)의 소비가 더 큰 폭으로 줄었다.",계엄과 탄핵 추진 등 정국 혼란이 장기 부진에 빠져 있는 내수 경기 회복을 어렵게 할 것이라는 우려가 현실로 나타난 것이다.,연말 소비자심리지수는 코로나 사태 이후 4년 9개월 만에 가장 큰 폭으로 하락했다.,False,현재 문장은 단순한 서술로서 구체적인 수치나 통계적 변화를 언급하지 않고 있습니다.,high,hcx,HCX-007,isclaim-v1.3-prev2-context,2026-08-05
A0022-C010,A0022,계엄 이후 얼어붙은 내수... 덜 먹고 덜 놀러갔다,2025-01-06,https://www.chosun.com/economy/economy_general/2025/01/06/UNEVPXHOQFFWRGCMGJ72EICGC4,1,10,1,연말 소비자심리지수는 코로나 사태 이후 4년 9개월 만에 가장 큰 폭으로 하락했다.,소비가 그만큼 ‘엄숙’해진 것이다.,"부문별로는 오락·스포츠 및 문화(-7.4%), 숙박 서비스(-7.1%), 음식 및 음료서비스(-4.5%)의 소비가 더 큰 폭으로 줄었다.",◇계엄 해제 안된 내수… 덜 먹고 덜 놀러갔다,True,연말 소비자심리지수의 하락 여부는 국가통계포털(KOSIS)에서 관련 통계를 통해 확인할 수 있다.,high,hcx,HCX-007,isclaim-v1.3-prev2-context,2026-08-05
A0022-C011,A0022,계엄 이후 얼어붙은 내수... 덜 먹고 덜 놀러갔다,2025-01-06,https://www.chosun.com/economy/economy_general/2025/01/06/UNEVPXHOQFFWRGCMGJ72EICGC4,1,11,1,◇계엄 해제 안된 내수… 덜 먹고 덜 놀러갔다,연말 소비자심리지수는 코로나 사태 이후 4년 9개월 만에 가장 큰 폭으로 하락했다.,소비가 그만큼 ‘엄숙’해진 것이다.,"서울 여의도의 금융회사에 다니는 김모(44)씨는 원래 작년 12월 16일 부서 차원의 송년 회식에 참석할 예정이었지만, 계엄 여파로 회식이 ‘무기한 연기’됐다.",False,"현재 문장은 계엄 해제가 되지 않은 상태에서의 내수 상황에 대한 일반적인 서술로, 구체적인 수치나 통계적 변화를 언급하지 않습니다.",high,hcx,HCX-007,isclaim-v1.3-prev2-context,2026-08-05
A0022-C012,A0022,계엄 이후 얼어붙은 내수... 덜 먹고 덜 놀러갔다,2025-01-06,https://www.chosun.com/economy/economy_general/2025/01/06/UNEVPXHOQFFWRGCMGJ72EICGC4,1,12,1,"서울 여의도의 금융회사에 다니는 김모(44)씨는 원래 작년 12월 16일 부서 차원의 송년 회식에 참석할 예정이었지만, 계엄 여파로 회식이 ‘무기한 연기’됐다.",◇계엄 해제 안된 내수… 덜 먹고 덜 놀러갔다,연말 소비자심리지수는 코로나 사태 이후 4년 9개월 만에 가장 큰 폭으로 하락했다.,"김씨는 “나라 전체가 뒤숭숭한데 우리끼리 ‘부어라 마셔라’ 분위기로 회식하는 건 적절하지 않다는 회사 차원의 판단이 있었다”며 “그런데 연말에 제주항공 참사까지 겹치면서, 이젠 송년회를 대신할 신년회도 열기 어려워졌다”고 말했다.",False,"현재 문장은 개인 경험에 대한 내용으로, KOSIS에서 검증 가능한 수치나 통계적 변화를 주장하지 않습니다.",high,hcx,HCX-007,isclaim-v1.3-prev2-context,2026-08-05
A0022-C013,A0022,계엄 이후 얼어붙은 내수... 덜 먹고 덜 놀러갔다,2025-01-06,https://www.chosun.com/economy/economy_general/2025/01/06/UNEVPXHOQFFWRGCMGJ72EICGC4,1,13,1,"김씨는 “나라 전체가 뒤숭숭한데 우리끼리 ‘부어라 마셔라’ 분위기로 회식하는 건 적절하지 않다는 회사 차원의 판단이 있었다”며 “그런데 연말에 제주항공 참사까지 겹치면서, 이젠 송년회를 대신할 신년회도 열기 어려워졌다”고 말했다.","서울 여의도의 금융회사에 다니는 김모(44)씨는 원래 작년 12월 16일 부서 차원의 송년 회식에 참석할 예정이었지만, 계엄 여파로 회식이 ‘무기한 연기’됐다.",◇계엄 해제 안된 내수… 덜 먹고 덜 놀러갔다,"김씨는 지난달 크리스마스 때 사흘간 휴가를 썼지만, 예년처럼 강원도 스키장 등으로 놀러 가지 않고 집에서 조용히 지냈다고 한다.",False,"현재 문장은 특정 개인이 경험한 상황에 대한 설명으로, KOSIS에서 검증 가능한 수치나 통계적 변화를 주장하지 않습니다.",high,hcx,HCX-007,isclaim-v1.3-prev2-context,2026-08-05
A0022-C014,A0022,계엄 이후 얼어붙은 내수... 덜 먹고 덜 놀러갔다,2025-01-06,https://www.chosun.com/economy/economy_general/2025/01/06/UNEVPXHOQFFWRGCMGJ72EICGC4,1,14,1,"김씨는 지난달 크리스마스 때 사흘간 휴가를 썼지만, 예년처럼 강원도 스키장 등으로 놀러 가지 않고 집에서 조용히 지냈다고 한다.","김씨는 “나라 전체가 뒤숭숭한데 우리끼리 ‘부어라 마셔라’ 분위기로 회식하는 건 적절하지 않다는 회사 차원의 판단이 있었다”며 “그런데 연말에 제주항공 참사까지 겹치면서, 이젠 송년회를 대신할 신년회도 열기 어려워졌다”고 말했다.","서울 여의도의 금융회사에 다니는 김모(44)씨는 원래 작년 12월 16일 부서 차원의 송년 회식에 참석할 예정이었지만, 계엄 여파로 회식이 ‘무기한 연기’됐다.","그는 “많은 국민이 나라 걱정으로 추운 날씨에도 집회에 참가하는데, 나만 좋은 데서 쉬고 맛있고 비싼 음식을 먹을 기분이 잘 나지 않았다”며 “시시각각 정국 상황이 뒤바뀌니, 정치 뉴스를 보다가 휴가가 다 간 느낌”이라고 했다.",False,"현재 문장은 개인 휴가 사용 및 활동 내용에 대한 이야기로, 이는 KOSIS에서 제공하는 통계 정보와는 관련이 없습니다.",high,hcx,HCX-007,isclaim-v1.3-prev2-context,2026-08-05
A0022-C015,A0022,계엄 이후 얼어붙은 내수... 덜 먹고 덜 놀러갔다,2025-01-06,https://www.chosun.com/economy/economy_general/2025/01/06/UNEVPXHOQFFWRGCMGJ72EICGC4,1,15,1,"그는 “많은 국민이 나라 걱정으로 추운 날씨에도 집회에 참가하는데, 나만 좋은 데서 쉬고 맛있고 비싼 음식을 먹을 기분이 잘 나지 않았다”며 “시시각각 정국 상황이 뒤바뀌니, 정치 뉴스를 보다가 휴가가 다 간 느낌”이라고 했다.","김씨는 지난달 크리스마스 때 사흘간 휴가를 썼지만, 예년처럼 강원도 스키장 등으로 놀러 가지 않고 집에서 조용히 지냈다고 한다.","김씨는 “나라 전체가 뒤숭숭한데 우리끼리 ‘부어라 마셔라’ 분위기로 회식하는 건 적절하지 않다는 회사 차원의 판단이 있었다”며 “그런데 연말에 제주항공 참사까지 겹치면서, 이젠 송년회를 대신할 신년회도 열기 어려워졌다”고 말했다.","대기업 직장인 최모(42)씨는 당초 지난달 18~24일 일주일간 휴가를 내고 부산으로 가족 여행을 다녀올 계획이었지만, 계엄 이후 이를 취소했다.",False,"현재 문장은 단순한 개인 경험 및 감정 표현으로, 수치나 통계적인 변화를 주장하지 않는다.",high,hcx,HCX-007,isclaim-v1.3-prev2-context,2026-08-05
A0022-C016,A0022,계엄 이후 얼어붙은 내수... 덜 먹고 덜 놀러갔다,2025-01-06,https://www.chosun.com/economy/economy_general/2025/01/06/UNEVPXHOQFFWRGCMGJ72EICGC4,1,16,1,"대기업 직장인 최모(42)씨는 당초 지난달 18~24일 일주일간 휴가를 내고 부산으로 가족 여행을 다녀올 계획이었지만, 계엄 이후 이를 취소했다.","그는 “많은 국민이 나라 걱정으로 추운 날씨에도 집회에 참가하는데, 나만 좋은 데서 쉬고 맛있고 비싼 음식을 먹을 기분이 잘 나지 않았다”며 “시시각각 정국 상황이 뒤바뀌니, 정치 뉴스를 보다가 휴가가 다 간 느낌”이라고 했다.","김씨는 지난달 크리스마스 때 사흘간 휴가를 썼지만, 예년처럼 강원도 스키장 등으로 놀러 가지 않고 집에서 조용히 지냈다고 한다.","그는 국내 주식 시장에 수천만 원 정도 투자하고 있었는데, 계엄 직후 투자 종목의 주가가 폭락하기 시작하면서 며칠 만에 500만원 가까운 손해를 봤다.",False,"현재 문장은 개인 휴가 계획 변경에 대한 내용으로, 이는 KOSIS에서 제공하는 통계 자료와는 관련이 없습니다.",high,hcx,HCX-007,isclaim-v1.3-prev2-context,2026-08-05
A0022-C017,A0022,계엄 이후 얼어붙은 내수... 덜 먹고 덜 놀러갔다,2025-01-06,https://www.chosun.com/economy/economy_general/2025/01/06/UNEVPXHOQFFWRGCMGJ72EICGC4,1,17,1,"그는 국내 주식 시장에 수천만 원 정도 투자하고 있었는데, 계엄 직후 투자 종목의 주가가 폭락하기 시작하면서 며칠 만에 500만원 가까운 손해를 봤다.","대기업 직장인 최모(42)씨는 당초 지난달 18~24일 일주일간 휴가를 내고 부산으로 가족 여행을 다녀올 계획이었지만, 계엄 이후 이를 취소했다.","그는 “많은 국민이 나라 걱정으로 추운 날씨에도 집회에 참가하는데, 나만 좋은 데서 쉬고 맛있고 비싼 음식을 먹을 기분이 잘 나지 않았다”며 “시시각각 정국 상황이 뒤바뀌니, 정치 뉴스를 보다가 휴가가 다 간 느낌”이라고 했다.",최씨는 “‘계엄 정국’에선 연말 기분도 안 나는 데다 투자에서도 목돈을 잃어 최대한 절약하기로 했다”고 말했다.,False,"현재 문장은 개인 투자자의 손해 상황에 대한 내용으로, 이는 개별 사건에 해당하며 국가통계포털(KOSIS)에서 제공하는 통계와는 관련이 없습니다.",high,hcx,HCX-007,isclaim-v1.3-prev2-context,2026-08-05
A0022-C018,A0022,계엄 이후 얼어붙은 내수... 덜 먹고 덜 놀러갔다,2025-01-06,https://www.chosun.com/economy/economy_general/2025/01/06/UNEVPXHOQFFWRGCMGJ72EICGC4,1,18,1,최씨는 “‘계엄 정국’에선 연말 기분도 안 나는 데다 투자에서도 목돈을 잃어 최대한 절약하기로 했다”고 말했다.,"그는 국내 주식 시장에 수천만 원 정도 투자하고 있었는데, 계엄 직후 투자 종목의 주가가 폭락하기 시작하면서 며칠 만에 500만원 가까운 손해를 봤다.","대기업 직장인 최모(42)씨는 당초 지난달 18~24일 일주일간 휴가를 내고 부산으로 가족 여행을 다녀올 계획이었지만, 계엄 이후 이를 취소했다.",◇‘줄일 수 있는 소비’ 확 줄었다,False,"현재 문장은 개인 경험 및 감정에 대한 내용으로, KOSIS 통계로 검증 가능한 수치나 통계적 변화를 주장하지 않는다.",high,hcx,HCX-007,isclaim-v1.3-prev2-context,2026-08-05
A0022-C020,A0022,계엄 이후 얼어붙은 내수... 덜 먹고 덜 놀러갔다,2025-01-06,https://www.chosun.com/economy/economy_general/2025/01/06/UNEVPXHOQFFWRGCMGJ72EICGC4,1,20,1,"김씨와 최씨처럼 국내 소비자들은 계엄 이후 외식과 숙박, 오락·스포츠 등에서 집중적으로 소비를 줄였다.",◇‘줄일 수 있는 소비’ 확 줄었다,최씨는 “‘계엄 정국’에선 연말 기분도 안 나는 데다 투자에서도 목돈을 잃어 최대한 절약하기로 했다”고 말했다.,"12월 둘째 주(12월 7~13일) 신용카드 총 이용액은 1년 전 대비 3.1% 감소했는데, 오락·스포츠 및 문화(-7.4%), 숙박 서비스(-7.1%), 음식 및 음료서비스(-4.5%) 등 분야에서는 더 줄었다.",True,"국내 소비자들이 계엄 이후 외식, 숙박, 오락 및 스포츠 등의 분야에서 소비를 줄였다는 내용은 국내 경제 활동에 대한 변화를 나타내며, 이는 국가통계포털(KOSIS)에서 관련 통계를 통해 검증할 수 있을 것으로 보인다.",high,hcx,HCX-007,isclaim-v1.3-prev2-context,2026-08-05
A0022-C021,A0022,계엄 이후 얼어붙은 내수... 덜 먹고 덜 놀러갔다,2025-01-06,https://www.chosun.com/economy/economy_general/2025/01/06/UNEVPXHOQFFWRGCMGJ72EICGC4,1,21,1,"12월 둘째 주(12월 7~13일) 신용카드 총 이용액은 1년 전 대비 3.1% 감소했는데, 오락·스포츠 및 문화(-7.4%), 숙박 서비스(-7.1%), 음식 및 음료서비스(-4.5%) 등 분야에서는 더 줄었다.","김씨와 최씨처럼 국내 소비자들은 계엄 이후 외식과 숙박, 오락·스포츠 등에서 집중적으로 소비를 줄였다.",◇‘줄일 수 있는 소비’ 확 줄었다,"영화·연극 표값, 스포츠 경기 입장료, 놀이공원과 레포츠 시설 이용료, 호텔이나 리조트 숙박비, 회사 회식비 또는 가족 외식비 등으로 쓰는 돈이 확 줄었다는 얘기다.",True,"신용카드 총 이용액과 각 분야의 소비 감소율을 제시하며, 이는 국내 소비 패턴 변화에 대한 통계적인 정보를 제공하므로 KOSIS에서 관련 통계를 찾아볼 수 있다.",high,hcx,HCX-007,isclaim-v1.3-prev2-context,2026-08-05
A0022-C022,A0022,계엄 이후 얼어붙은 내수... 덜 먹고 덜 놀러갔다,2025-01-06,https://www.chosun.com/economy/economy_general/2025/01/06/UNEVPXHOQFFWRGCMGJ72EICGC4,1,22,1,"영화·연극 표값, 스포츠 경기 입장료, 놀이공원과 레포츠 시설 이용료, 호텔이나 리조트 숙박비, 회사 회식비 또는 가족 외식비 등으로 쓰는 돈이 확 줄었다는 얘기다.","12월 둘째 주(12월 7~13일) 신용카드 총 이용액은 1년 전 대비 3.1% 감소했는데, 오락·스포츠 및 문화(-7.4%), 숙박 서비스(-7.1%), 음식 및 음료서비스(-4.5%) 등 분야에서는 더 줄었다.","김씨와 최씨처럼 국내 소비자들은 계엄 이후 외식과 숙박, 오락·스포츠 등에서 집중적으로 소비를 줄였다.","반면 같은 기간 의류 및 신발(2.9%), 교육 서비스(5.7%), 식료품 및 음료(2.7%) 부문에서는 1년 전 대비 카드 이용액이 늘었다.",True,"현재 문장은 영화·연극 표값, 스포츠 경기 입장료, 놀이공원과 레포츠 시설 이용료, 호텔이나 리조트 숙박비 등의 비용이 줄어들었다고 언급하며 이는 KOSIS에서 관련 통계를 통해 확인 가능한 내용이다.",high,hcx,HCX-007,isclaim-v1.3-prev2-context,2026-08-05
A0022-C023,A0022,계엄 이후 얼어붙은 내수... 덜 먹고 덜 놀러갔다,2025-01-06,https://www.chosun.com/economy/economy_general/2025/01/06/UNEVPXHOQFFWRGCMGJ72EICGC4,1,23,1,"반면 같은 기간 의류 및 신발(2.9%), 교육 서비스(5.7%), 식료품 및 음료(2.7%) 부문에서는 1년 전 대비 카드 이용액이 늘었다.","영화·연극 표값, 스포츠 경기 입장료, 놀이공원과 레포츠 시설 이용료, 호텔이나 리조트 숙박비, 회사 회식비 또는 가족 외식비 등으로 쓰는 돈이 확 줄었다는 얘기다.","12월 둘째 주(12월 7~13일) 신용카드 총 이용액은 1년 전 대비 3.1% 감소했는데, 오락·스포츠 및 문화(-7.4%), 숙박 서비스(-7.1%), 음식 및 음료서비스(-4.5%) 등 분야에서는 더 줄었다.",이는 경기와 관계 없이 꾸준히 수요가 유지되는 분야다.,True,"현재 문장은 신용카드 총 이용액 중 특정 부문에서의 변화를 언급하며, 이는 KOSIS를 통해 관련 통계를 확인할 수 있는 내용이다.",high,hcx,HCX-007,isclaim-v1.3-prev2-context,2026-08-05
A0022-C024,A0022,계엄 이후 얼어붙은 내수... 덜 먹고 덜 놀러갔다,2025-01-06,https://www.chosun.com/economy/economy_general/2025/01/06/UNEVPXHOQFFWRGCMGJ72EICGC4,1,24,1,이는 경기와 관계 없이 꾸준히 수요가 유지되는 분야다.,"반면 같은 기간 의류 및 신발(2.9%), 교육 서비스(5.7%), 식료품 및 음료(2.7%) 부문에서는 1년 전 대비 카드 이용액이 늘었다.","영화·연극 표값, 스포츠 경기 입장료, 놀이공원과 레포츠 시설 이용료, 호텔이나 리조트 숙박비, 회사 회식비 또는 가족 외식비 등으로 쓰는 돈이 확 줄었다는 얘기다.",통계 당국 관계자는 “소비자들이 계엄 이후 ‘줄일 수 있는 소비’는 최대한 줄인 것으로 보인다”며 “‘외식 소비’가 줄어든 반면 ‘식료품 소비’는 늘어난 것은 그만큼 밖에서 사 먹기보다 식재료를 가지고 집에서 만들어 먹었다는 뜻”이라고 말했다.,False,"현재 문장은 경기와 관계없이 수요가 유지되는 분야에 대한 단순한 서술이므로, 수치나 통계적 변화를 주장하지 않습니다.",high,hcx,HCX-007,isclaim-v1.3-prev2-context,2026-08-05
A0022-C025,A0022,계엄 이후 얼어붙은 내수... 덜 먹고 덜 놀러갔다,2025-01-06,https://www.chosun.com/economy/economy_general/2025/01/06/UNEVPXHOQFFWRGCMGJ72EICGC4,1,25,1,통계 당국 관계자는 “소비자들이 계엄 이후 ‘줄일 수 있는 소비’는 최대한 줄인 것으로 보인다”며 “‘외식 소비’가 줄어든 반면 ‘식료품 소비’는 늘어난 것은 그만큼 밖에서 사 먹기보다 식재료를 가지고 집에서 만들어 먹었다는 뜻”이라고 말했다.,이는 경기와 관계 없이 꾸준히 수요가 유지되는 분야다.,"반면 같은 기간 의류 및 신발(2.9%), 교육 서비스(5.7%), 식료품 및 음료(2.7%) 부문에서는 1년 전 대비 카드 이용액이 늘었다.",12월 둘째 주에 이어 12월 셋째 주(14~20일)에도 ‘덜 놀고 덜 즐기는’ 추세는 이어졌다.,False,"현재 문장은 외식 소비와 식료품 소비 변화에 대한 해석을 담고 있지만, 구체적인 수치나 비율 등의 통계적 변화를 주장하지 않습니다.",high,hcx,HCX-007,isclaim-v1.3-prev2-context,2026-08-05
A0022-C026,A0022,계엄 이후 얼어붙은 내수... 덜 먹고 덜 놀러갔다,2025-01-06,https://www.chosun.com/economy/economy_general/2025/01/06/UNEVPXHOQFFWRGCMGJ72EICGC4,1,26,1,12월 둘째 주에 이어 12월 셋째 주(14~20일)에도 ‘덜 놀고 덜 즐기는’ 추세는 이어졌다.,통계 당국 관계자는 “소비자들이 계엄 이후 ‘줄일 수 있는 소비’는 최대한 줄인 것으로 보인다”며 “‘외식 소비’가 줄어든 반면 ‘식료품 소비’는 늘어난 것은 그만큼 밖에서 사 먹기보다 식재료를 가지고 집에서 만들어 먹었다는 뜻”이라고 말했다.,이는 경기와 관계 없이 꾸준히 수요가 유지되는 분야다.,"전체 신용카드 이용액은 1년 전 대비 2.8% 늘어났지만, 외식·숙박·오락 소비는 줄어든 것이다.",False,"'덜 놀고 덜 즐기는' 추세라는 표현은 구체적인 수치나 비율을 포함하지 않으며, KOSIS 통계로 검증 가능한 내용이 아닙니다.",high,hcx,HCX-007,isclaim-v1.3-prev2-context,2026-08-05
A0022-C027,A0022,계엄 이후 얼어붙은 내수... 덜 먹고 덜 놀러갔다,2025-01-06,https://www.chosun.com/economy/economy_general/2025/01/06/UNEVPXHOQFFWRGCMGJ72EICGC4,1,27,1,"전체 신용카드 이용액은 1년 전 대비 2.8% 늘어났지만, 외식·숙박·오락 소비는 줄어든 것이다.",12월 둘째 주에 이어 12월 셋째 주(14~20일)에도 ‘덜 놀고 덜 즐기는’ 추세는 이어졌다.,통계 당국 관계자는 “소비자들이 계엄 이후 ‘줄일 수 있는 소비’는 최대한 줄인 것으로 보인다”며 “‘외식 소비’가 줄어든 반면 ‘식료품 소비’는 늘어난 것은 그만큼 밖에서 사 먹기보다 식재료를 가지고 집에서 만들어 먹었다는 뜻”이라고 말했다.,"셋째 주 신용카드 소비를 분야별로 보면 숙박 서비스는 1년 전 대비 8.3% 줄었고, 오락·스포츠 및 문화(-5.9%), 음식 및 음료서비스(-0.3%)에서도 감소세가 계속됐다.",True,"현재 문장은 전체 신용카드 이용액의 변화 및 외식, 숙박, 오락 소비의 변화에 대한 구체적인 수치를 포함하고 있으며, 이는 국가 경제 활동과 관련된 통계로서 KOSIS를 통해 검증될 수 있다.",high,hcx,HCX-007,isclaim-v1.3-prev2-context,2026-08-05
A0022-C028,A0022,계엄 이후 얼어붙은 내수... 덜 먹고 덜 놀러갔다,2025-01-06,https://www.chosun.com/economy/economy_general/2025/01/06/UNEVPXHOQFFWRGCMGJ72EICGC4,1,28,1,"셋째 주 신용카드 소비를 분야별로 보면 숙박 서비스는 1년 전 대비 8.3% 줄었고, 오락·스포츠 및 문화(-5.9%), 음식 및 음료서비스(-0.3%)에서도 감소세가 계속됐다.","전체 신용카드 이용액은 1년 전 대비 2.8% 늘어났지만, 외식·숙박·오락 소비는 줄어든 것이다.",12월 둘째 주에 이어 12월 셋째 주(14~20일)에도 ‘덜 놀고 덜 즐기는’ 추세는 이어졌다.,소비 감소는 다른 지표에서도 확인된다.,True,"현재 문장은 신용카드 소비 분야에서 숙박 서비스, 오락·스포츠 및 문화, 음식 및 음료 서비스의 감소세를 언급하며, 이는 KOSIS 국가통계포털에서 관련 통계를 통해 검증할 수 있는 내용이다.",high,hcx,HCX-007,isclaim-v1.3-prev2-context,2026-08-05
A0022-C029,A0022,계엄 이후 얼어붙은 내수... 덜 먹고 덜 놀러갔다,2025-01-06,https://www.chosun.com/economy/economy_general/2025/01/06/UNEVPXHOQFFWRGCMGJ72EICGC4,1,29,1,소비 감소는 다른 지표에서도 확인된다.,"셋째 주 신용카드 소비를 분야별로 보면 숙박 서비스는 1년 전 대비 8.3% 줄었고, 오락·스포츠 및 문화(-5.9%), 음식 및 음료서비스(-0.3%)에서도 감소세가 계속됐다.","전체 신용카드 이용액은 1년 전 대비 2.8% 늘어났지만, 외식·숙박·오락 소비는 줄어든 것이다.",소비 심리를 나타내는 소비자심리지수(CCSI)는 12월 88.4로 전월보다 12.3포인트 급락했다.,False,현재 문장은 단순히 '소비 감소는 다른 지표에서도 확인된다.'라고 언급하며 구체적인 수치나 비율 등의 정보를 제공하지 않습니다.,low,hcx,HCX-007,isclaim-v1.3-prev2-context,2026-08-05
A0022-C030,A0022,계엄 이후 얼어붙은 내수... 덜 먹고 덜 놀러갔다,2025-01-06,https://www.chosun.com/economy/economy_general/2025/01/06/UNEVPXHOQFFWRGCMGJ72EICGC4,1,30,1,소비 심리를 나타내는 소비자심리지수(CCSI)는 12월 88.4로 전월보다 12.3포인트 급락했다.,소비 감소는 다른 지표에서도 확인된다.,"셋째 주 신용카드 소비를 분야별로 보면 숙박 서비스는 1년 전 대비 8.3% 줄었고, 오락·스포츠 및 문화(-5.9%), 음식 및 음료서비스(-0.3%)에서도 감소세가 계속됐다.",이는 코로나 사태 때인 2020년 3월(-18.3포인트) 이후 최대 폭 하락이다.,True,소비자심리지수(CCSI)가 12월에 88.4로 전월보다 12.3포인트 하락했다는 내용은 KOSIS 국가통계포털에서 관련 통계를 통해 검증할 수 있는 내용입니다.,high,hcx,HCX-007,isclaim-v1.3-prev2-context,2026-08-05
A0022-C031,A0022,계엄 이후 얼어붙은 내수... 덜 먹고 덜 놀러갔다,2025-01-06,https://www.chosun.com/economy/economy_general/2025/01/06/UNEVPXHOQFFWRGCMGJ72EICGC4,1,31,1,이는 코로나 사태 때인 2020년 3월(-18.3포인트) 이후 최대 폭 하락이다.,소비 심리를 나타내는 소비자심리지수(CCSI)는 12월 88.4로 전월보다 12.3포인트 급락했다.,소비 감소는 다른 지표에서도 확인된다.,"◇자영업자 고통은 가중 소비자들이 지갑을 동여매자, 안 그래도 역대급 내수 부진에 시달리고 있던 자영업자들의 고통은 더 커지고 있다.",True,"소비자심리지수(CCSI)의 변동폭이 언급되어 있으며, 이는 KOSIS를 통해 대조 가능한 국내 집계 통계에 해당합니다.",high,hcx,HCX-007,isclaim-v1.3-prev2-context,2026-08-05
A0022-C032,A0022,계엄 이후 얼어붙은 내수... 덜 먹고 덜 놀러갔다,2025-01-06,https://www.chosun.com/economy/economy_general/2025/01/06/UNEVPXHOQFFWRGCMGJ72EICGC4,1,32,1,"◇자영업자 고통은 가중 소비자들이 지갑을 동여매자, 안 그래도 역대급 내수 부진에 시달리고 있던 자영업자들의 고통은 더 커지고 있다.",이는 코로나 사태 때인 2020년 3월(-18.3포인트) 이후 최대 폭 하락이다.,소비 심리를 나타내는 소비자심리지수(CCSI)는 12월 88.4로 전월보다 12.3포인트 급락했다.,"서울 여의도에서 4년째 영업 중인 한 돼지고깃집은 지난달 3일 계엄 사태가 발생한 주에 점심 손님은 평소 대비 30%, 저녁 손님은 50%가량 줄었다고 한다.",False,현재 문장은 자영업자들의 고통이 커졌다는 일반적인 서술로서 구체적인 수치나 통계적 변화를 언급하지 않습니다.,high,hcx,HCX-007,isclaim-v1.3-prev2-context,2026-08-05
A0022-C033,A0022,계엄 이후 얼어붙은 내수... 덜 먹고 덜 놀러갔다,2025-01-06,https://www.chosun.com/economy/economy_general/2025/01/06/UNEVPXHOQFFWRGCMGJ72EICGC4,1,33,1,"서울 여의도에서 4년째 영업 중인 한 돼지고깃집은 지난달 3일 계엄 사태가 발생한 주에 점심 손님은 평소 대비 30%, 저녁 손님은 50%가량 줄었다고 한다.","◇자영업자 고통은 가중 소비자들이 지갑을 동여매자, 안 그래도 역대급 내수 부진에 시달리고 있던 자영업자들의 고통은 더 커지고 있다.",이는 코로나 사태 때인 2020년 3월(-18.3포인트) 이후 최대 폭 하락이다.,특히 계엄 사태 후 첫 주말이었던 지난달 7일 저녁 예약은 90% 줄었다.,False,"현재 문장은 특정 가게의 손님 수 변화에 대한 구체적인 사례를 다루고 있으며, 이는 개별 사례에 해당하므로 KOSIS를 통해 검증 가능한 집단적인 통계 정보가 아닙니다.",high,hcx,HCX-007,isclaim-v1.3-prev2-context,2026-08-05
A0022-C034,A0022,계엄 이후 얼어붙은 내수... 덜 먹고 덜 놀러갔다,2025-01-06,https://www.chosun.com/economy/economy_general/2025/01/06/UNEVPXHOQFFWRGCMGJ72EICGC4,1,34,1,특히 계엄 사태 후 첫 주말이었던 지난달 7일 저녁 예약은 90% 줄었다.,"서울 여의도에서 4년째 영업 중인 한 돼지고깃집은 지난달 3일 계엄 사태가 발생한 주에 점심 손님은 평소 대비 30%, 저녁 손님은 50%가량 줄었다고 한다.","◇자영업자 고통은 가중 소비자들이 지갑을 동여매자, 안 그래도 역대급 내수 부진에 시달리고 있던 자영업자들의 고통은 더 커지고 있다.","이 가게 사장은 “안 그래도 최근 몇 개월간 손님이 줄어 힘들었는데, 결정타를 맞은 느낌”이라고 했다.",False,"현재 문장은 특정 가게의 예약 상황에 대한 정보로, 이는 개별 사건에 해당하며 KOSIS에서 대조 가능한 국가 집계 통계와는 관련이 없습니다.",high,hcx,HCX-007,isclaim-v1.3-prev2-context,2026-08-05
A0022-C035,A0022,계엄 이후 얼어붙은 내수... 덜 먹고 덜 놀러갔다,2025-01-06,https://www.chosun.com/economy/economy_general/2025/01/06/UNEVPXHOQFFWRGCMGJ72EICGC4,1,35,1,"이 가게 사장은 “안 그래도 최근 몇 개월간 손님이 줄어 힘들었는데, 결정타를 맞은 느낌”이라고 했다.",특히 계엄 사태 후 첫 주말이었던 지난달 7일 저녁 예약은 90% 줄었다.,"서울 여의도에서 4년째 영업 중인 한 돼지고깃집은 지난달 3일 계엄 사태가 발생한 주에 점심 손님은 평소 대비 30%, 저녁 손님은 50%가량 줄었다고 한다.",최근 우리 경제의 내수 지표는 ‘부진 일변도’ 분위기다.,False,"현재 문장은 단순한 의견이나 감정 표현으로, 구체적인 수치나 통계적 변화를 주장하지 않습니다.",high,hcx,HCX-007,isclaim-v1.3-prev2-context,2026-08-05
A0022-C036,A0022,계엄 이후 얼어붙은 내수... 덜 먹고 덜 놀러갔다,2025-01-06,https://www.chosun.com/economy/economy_general/2025/01/06/UNEVPXHOQFFWRGCMGJ72EICGC4,1,36,1,최근 우리 경제의 내수 지표는 ‘부진 일변도’ 분위기다.,"이 가게 사장은 “안 그래도 최근 몇 개월간 손님이 줄어 힘들었는데, 결정타를 맞은 느낌”이라고 했다.",특히 계엄 사태 후 첫 주말이었던 지난달 7일 저녁 예약은 90% 줄었다.,"대표적인 내수경기 지표인 소매판매액지수는 2024년 3분기 100.6으로 1년 전보다 1.9% 감소했는데, 2022년 2분기(-0.2%) 이래 10개 분기 연속으로 감소세가 이어지는 중이다.",True,현재 문장은 '내수 지표가 부진하다'라는 경제적 상황을 언급하며 이는 국가 경제 관련 통계로서 KOSIS에서 확인 가능한 내용이다.,high,hcx,HCX-007,isclaim-v1.3-prev2-context,2026-08-05
A0022-C037,A0022,계엄 이후 얼어붙은 내수... 덜 먹고 덜 놀러갔다,2025-01-06,https://www.chosun.com/economy/economy_general/2025/01/06/UNEVPXHOQFFWRGCMGJ72EICGC4,1,37,1,"대표적인 내수경기 지표인 소매판매액지수는 2024년 3분기 100.6으로 1년 전보다 1.9% 감소했는데, 2022년 2분기(-0.2%) 이래 10개 분기 연속으로 감소세가 이어지는 중이다.",최근 우리 경제의 내수 지표는 ‘부진 일변도’ 분위기다.,"이 가게 사장은 “안 그래도 최근 몇 개월간 손님이 줄어 힘들었는데, 결정타를 맞은 느낌”이라고 했다.",1995년 관련 통계 작성 이래 최장 기록이다.,True,"현재 문장은 소매판매액지수라는 구체적인 내수경기 지표가 언급되며, 그 지표가 1년 전에 비해 1.9% 감소했고, 이러한 감소세가 지속되고 있다는 내용을 포함합니다.",high,hcx,HCX-007,isclaim-v1.3-prev2-context,2026-08-05
A0022-C038,A0022,계엄 이후 얼어붙은 내수... 덜 먹고 덜 놀러갔다,2025-01-06,https://www.chosun.com/economy/economy_general/2025/01/06/UNEVPXHOQFFWRGCMGJ72EICGC4,1,38,1,1995년 관련 통계 작성 이래 최장 기록이다.,"대표적인 내수경기 지표인 소매판매액지수는 2024년 3분기 100.6으로 1년 전보다 1.9% 감소했는데, 2022년 2분기(-0.2%) 이래 10개 분기 연속으로 감소세가 이어지는 중이다.",최근 우리 경제의 내수 지표는 ‘부진 일변도’ 분위기다.,"한 외식 업계 관계자는 “국민들의 ‘소비 자제’ 분위기는 계엄과 탄핵 정국을 거쳐 최근 많은 희생자가 발생한 제주항공 참사로 정점을 찍은 분위기”라며 “먹고 마시는 데 돈 쓰기 어려운 사회적 분위기는 어쩔 수 없지만, 내수 부진이 계속되면 우리 경제의 전체적 활력이 떨어진다는 점에서 우려스럽다”고 말했다.",False,"현재 문장은 단순한 역사적 사실을 언급하며, 특정한 수치나 통계적 변화를 주장하지 않습니다.",high,hcx,HCX-007,isclaim-v1.3-prev2-context,2026-08-05
A0022-C039,A0022,계엄 이후 얼어붙은 내수... 덜 먹고 덜 놀러갔다,2025-01-06,https://www.chosun.com/economy/economy_general/2025/01/06/UNEVPXHOQFFWRGCMGJ72EICGC4,1,39,1,"한 외식 업계 관계자는 “국민들의 ‘소비 자제’ 분위기는 계엄과 탄핵 정국을 거쳐 최근 많은 희생자가 발생한 제주항공 참사로 정점을 찍은 분위기”라며 “먹고 마시는 데 돈 쓰기 어려운 사회적 분위기는 어쩔 수 없지만, 내수 부진이 계속되면 우리 경제의 전체적 활력이 떨어진다는 점에서 우려스럽다”고 말했다.",1995년 관련 통계 작성 이래 최장 기록이다.,"대표적인 내수경기 지표인 소매판매액지수는 2024년 3분기 100.6으로 1년 전보다 1.9% 감소했는데, 2022년 2분기(-0.2%) 이래 10개 분기 연속으로 감소세가 이어지는 중이다.",,False,"현재 문장은 소비 자제와 관련된 외식 업계의 의견을 담고 있으며, 구체적인 수치나 통계적 변화를 언급하지 않는다.",high,hcx,HCX-007,isclaim-v1.3-prev2-context,2026-08-05
A0023-C001,A0023,환율 방어 쓰였지만...지난달 외환보유액 2억 달러↑,2025-01-06,https://www.chosun.com/economy/economy_general/2025/01/06/YNGVH2UQHNG7HBDXBGVNC3SXYU,1,1,1,"작년 12월 환율 방어를 위해 외환보유액이 쓰였지만, 전체 외환보유액은 전달에 비해 오히려 늘어난 것으로 나타났다.",,,다만 연말 기준으로는 2019년 말 이후 5년 만에 최소 수준이다.,True,"문장에서 '작년 12월 환율 방어를 위해 외환보유액이 쓰였지만, 전체 외환보유액은 전달에 비해 오히려 늘어난 것으로 나타났다.'라는 내용은 외환보유액의 변화에 대한 구체적인 정보를 제공하고 있으며, 이는 국가 경제 관련 통계로서 KOSIS에서 확인 가능한 정보입니다.",high,hcx,HCX-007,isclaim-v1.3-prev2-context,2026-08-05
A0023-C002,A0023,환율 방어 쓰였지만...지난달 외환보유액 2억 달러↑,2025-01-06,https://www.chosun.com/economy/economy_general/2025/01/06/YNGVH2UQHNG7HBDXBGVNC3SXYU,1,2,1,다만 연말 기준으로는 2019년 말 이후 5년 만에 최소 수준이다.,"작년 12월 환율 방어를 위해 외환보유액이 쓰였지만, 전체 외환보유액은 전달에 비해 오히려 늘어난 것으로 나타났다.",,한국은행이 6일 발표한 외환보유액 통계에 따르면 작년 12월말 기준 우리나라 외환보유액은 4156억달러(약 711조7632억원)으로 집계 됐다.,True,연말 기준 외환보유액의 규모가 2019년 말 이후 5년 만에 최소 수준이라는 것은 국가 경제 관련 통계로서 KOSIS를 통해 검증 가능하다.,high,hcx,HCX-007,isclaim-v1.3-prev2-context,2026-08-05
A0023-C003,A0023,환율 방어 쓰였지만...지난달 외환보유액 2억 달러↑,2025-01-06,https://www.chosun.com/economy/economy_general/2025/01/06/YNGVH2UQHNG7HBDXBGVNC3SXYU,1,3,1,한국은행이 6일 발표한 외환보유액 통계에 따르면 작년 12월말 기준 우리나라 외환보유액은 4156억달러(약 711조7632억원)으로 집계 됐다.,다만 연말 기준으로는 2019년 말 이후 5년 만에 최소 수준이다.,"작년 12월 환율 방어를 위해 외환보유액이 쓰였지만, 전체 외환보유액은 전달에 비해 오히려 늘어난 것으로 나타났다.",11월말(4153억달9000만달러)보다 2억1000만달러 늘어난 것이다.,True,"현재 문장은 한국의 외환보유액이라는 구체적인 수치 정보를 포함하고 있으며, 이는 국가 경제 관련 통계로서 KOSIS에서 확인 가능한 정보입니다.",high,hcx,HCX-007,isclaim-v1.3-prev2-context,2026-08-05
A0023-C004,A0023,환율 방어 쓰였지만...지난달 외환보유액 2억 달러↑,2025-01-06,https://www.chosun.com/economy/economy_general/2025/01/06/YNGVH2UQHNG7HBDXBGVNC3SXYU,1,4,1,11월말(4153억달9000만달러)보다 2억1000만달러 늘어난 것이다.,한국은행이 6일 발표한 외환보유액 통계에 따르면 작년 12월말 기준 우리나라 외환보유액은 4156억달러(약 711조7632억원)으로 집계 됐다.,다만 연말 기준으로는 2019년 말 이후 5년 만에 최소 수준이다.,앞서 전달 달러화 대비 원화 환율이 1460원대를 넘나들면서 당국이 환율 방어에 나서자 일각에서는 외환보유액이 크게 줄어들 수 있다는 위기론이 제기됐다.,True,"현재 문장은 외환보유액이 11월 말에 비해 12월 말에 얼마나 증가했는지를 나타내는 구체적인 수치 변화를 포함하고 있으며, 이는 국가 경제 관련 통계로서 KOSIS를 통해 검증 가능하다.",high,hcx,HCX-007,isclaim-v1.3-prev2-context,2026-08-05
A0023-C005,A0023,환율 방어 쓰였지만...지난달 외환보유액 2억 달러↑,2025-01-06,https://www.chosun.com/economy/economy_general/2025/01/06/YNGVH2UQHNG7HBDXBGVNC3SXYU,1,5,1,앞서 전달 달러화 대비 원화 환율이 1460원대를 넘나들면서 당국이 환율 방어에 나서자 일각에서는 외환보유액이 크게 줄어들 수 있다는 위기론이 제기됐다.,11월말(4153억달9000만달러)보다 2억1000만달러 늘어난 것이다.,한국은행이 6일 발표한 외환보유액 통계에 따르면 작년 12월말 기준 우리나라 외환보유액은 4156억달러(약 711조7632억원)으로 집계 됐다.,"여기에 달러화 강세로, 달러로 환산한 다른 외화자산인 유로·엔 등의 금액이 줄면서 외환보유액이 줄어드는 요인으로 작용했다.",False,"현재 문장은 외환보유액 감소에 대한 우려를 표현하지만, 이는 단순한 의견이나 예측이므로 KOSIS 통계로 검증 가능한 수치나 통계적 변화에 대한 직접적인 주장이 아닙니다.",high,hcx,HCX-007,isclaim-v1.3-prev2-context,2026-08-05
A0023-C006,A0023,환율 방어 쓰였지만...지난달 외환보유액 2억 달러↑,2025-01-06,https://www.chosun.com/economy/economy_general/2025/01/06/YNGVH2UQHNG7HBDXBGVNC3SXYU,1,6,1,"여기에 달러화 강세로, 달러로 환산한 다른 외화자산인 유로·엔 등의 금액이 줄면서 외환보유액이 줄어드는 요인으로 작용했다.",앞서 전달 달러화 대비 원화 환율이 1460원대를 넘나들면서 당국이 환율 방어에 나서자 일각에서는 외환보유액이 크게 줄어들 수 있다는 위기론이 제기됐다.,11월말(4153억달9000만달러)보다 2억1000만달러 늘어난 것이다.,한은 관계자는 “그럼에도 분기말 효과로 금융기관의 외화 예수금이 늘고 외환보유액 운용 수익도 더해지면서 전 달에 비해 외환보유액이 늘었다”고 설명했다.,False,"현재 문장은 달러화 강세가 외환보유액 감소에 영향을 미친다는 설명을 하고 있지만, 이는 단순한 원인 분석이지 구체적인 수치나 비율 등을 주장하는 것이 아닙니다.",high,hcx,HCX-007,isclaim-v1.3-prev2-context,2026-08-05
A0023-C007,A0023,환율 방어 쓰였지만...지난달 외환보유액 2억 달러↑,2025-01-06,https://www.chosun.com/economy/economy_general/2025/01/06/YNGVH2UQHNG7HBDXBGVNC3SXYU,1,7,1,한은 관계자는 “그럼에도 분기말 효과로 금융기관의 외화 예수금이 늘고 외환보유액 운용 수익도 더해지면서 전 달에 비해 외환보유액이 늘었다”고 설명했다.,"여기에 달러화 강세로, 달러로 환산한 다른 외화자산인 유로·엔 등의 금액이 줄면서 외환보유액이 줄어드는 요인으로 작용했다.",앞서 전달 달러화 대비 원화 환율이 1460원대를 넘나들면서 당국이 환율 방어에 나서자 일각에서는 외환보유액이 크게 줄어들 수 있다는 위기론이 제기됐다.,지난 달 외환보유액이 늘어나는 데는 금융기관의 외화예수금 영향이 컸다.,True,분기말 효과로 인해 금융기관의 외화 예수금이 증가하고 외환보유액 운용 수익이 더해져 외환보유액이 증가했다는 내용은 국내 경제 및 통화 관련 통계로서 KOSIS를 통해 검증 가능하다.,high,hcx,HCX-007,isclaim-v1.3-prev2-context,2026-08-05
A0023-C008,A0023,환율 방어 쓰였지만...지난달 외환보유액 2억 달러↑,2025-01-06,https://www.chosun.com/economy/economy_general/2025/01/06/YNGVH2UQHNG7HBDXBGVNC3SXYU,1,8,1,지난 달 외환보유액이 늘어나는 데는 금융기관의 외화예수금 영향이 컸다.,한은 관계자는 “그럼에도 분기말 효과로 금융기관의 외화 예수금이 늘고 외환보유액 운용 수익도 더해지면서 전 달에 비해 외환보유액이 늘었다”고 설명했다.,"여기에 달러화 강세로, 달러로 환산한 다른 외화자산인 유로·엔 등의 금액이 줄면서 외환보유액이 줄어드는 요인으로 작용했다.",은행 등 금융기관들은 한은에 외화 예금을 예치할 수 있다.,True,현재 문장은 지난달 외환보유액의 변화에 대해 언급하며 그 원인으로 금융기관의 외화예수금을 지적합니다. 이는 국내 경제 관련 통계 정보로서 KOSIS를 통해 검증 가능합니다.,high,hcx,HCX-007,isclaim-v1.3-prev2-context,2026-08-05
A0023-C009,A0023,환율 방어 쓰였지만...지난달 외환보유액 2억 달러↑,2025-01-06,https://www.chosun.com/economy/economy_general/2025/01/06/YNGVH2UQHNG7HBDXBGVNC3SXYU,1,9,1,은행 등 금융기관들은 한은에 외화 예금을 예치할 수 있다.,지난 달 외환보유액이 늘어나는 데는 금융기관의 외화예수금 영향이 컸다.,한은 관계자는 “그럼에도 분기말 효과로 금융기관의 외화 예수금이 늘고 외환보유액 운용 수익도 더해지면서 전 달에 비해 외환보유액이 늘었다”고 설명했다.,이는 안전자산으로 분류되기 때문에 금융기관 입장에서는 위험자산 비중을 줄이는 데 도움이 된다.,False,"현재 문장은 은행 및 금융기관들이 한국은행에 외화를 예치할 수 있다는 사실을 설명하고 있으며, 이는 특정한 수치나 통계적인 변화를 주장하는 것이 아닙니다.",high,hcx,HCX-007,isclaim-v1.3-prev2-context,2026-08-05
A0023-C010,A0023,환율 방어 쓰였지만...지난달 외환보유액 2억 달러↑,2025-01-06,https://www.chosun.com/economy/economy_general/2025/01/06/YNGVH2UQHNG7HBDXBGVNC3SXYU,1,10,1,이는 안전자산으로 분류되기 때문에 금융기관 입장에서는 위험자산 비중을 줄이는 데 도움이 된다.,은행 등 금융기관들은 한은에 외화 예금을 예치할 수 있다.,지난 달 외환보유액이 늘어나는 데는 금융기관의 외화예수금 영향이 컸다.,매 분기말 국제결제은행(BIS) 기준 위험자산 대비 자기자본비율을 고려해 은행 등이 보유 달러를 한은 계좌에 넣기 때문에 분기말마다 금융기관의 외화 예수금이 늘어나는 경향이 있다.,False,"현재 문장은 금융기관이 외화를 중앙은행에 예치함으로써 위험자산을 줄이는 것에 대한 설명이므로, KOSIS 통계와 관련이 없습니다.",high,hcx,HCX-007,isclaim-v1.3-prev2-context,2026-08-05
A0023-C011,A0023,환율 방어 쓰였지만...지난달 외환보유액 2억 달러↑,2025-01-06,https://www.chosun.com/economy/economy_general/2025/01/06/YNGVH2UQHNG7HBDXBGVNC3SXYU,1,11,1,매 분기말 국제결제은행(BIS) 기준 위험자산 대비 자기자본비율을 고려해 은행 등이 보유 달러를 한은 계좌에 넣기 때문에 분기말마다 금융기관의 외화 예수금이 늘어나는 경향이 있다.,이는 안전자산으로 분류되기 때문에 금융기관 입장에서는 위험자산 비중을 줄이는 데 도움이 된다.,은행 등 금융기관들은 한은에 외화 예금을 예치할 수 있다.,"또, 한은 외자운용원이 외환보유액 운용을 통해 얻은 이익도 외환보유액이 늘어나는 데 영향을 줬다.",True,"현재 문장은 매 분기말 BIS 기준 위험자산 대비 자기자본비율에 따라 은행 등의 외화 예수금이 늘어난다는 내용을 포함하며, 이는 금융기관의 행동 패턴 및 그에 따른 결과를 설명하므로 KOSIS 통계 자료와의 비교 가능성이 존재합니다.",high,hcx,HCX-007,isclaim-v1.3-prev2-context,2026-08-05
A0023-C012,A0023,환율 방어 쓰였지만...지난달 외환보유액 2억 달러↑,2025-01-06,https://www.chosun.com/economy/economy_general/2025/01/06/YNGVH2UQHNG7HBDXBGVNC3SXYU,1,12,1,"또, 한은 외자운용원이 외환보유액 운용을 통해 얻은 이익도 외환보유액이 늘어나는 데 영향을 줬다.",매 분기말 국제결제은행(BIS) 기준 위험자산 대비 자기자본비율을 고려해 은행 등이 보유 달러를 한은 계좌에 넣기 때문에 분기말마다 금융기관의 외화 예수금이 늘어나는 경향이 있다.,이는 안전자산으로 분류되기 때문에 금융기관 입장에서는 위험자산 비중을 줄이는 데 도움이 된다.,"다만, 연말 외환보유액은 2019년 4088억2000만달러 이후 5년만에 최저다.",False,"현재 문장은 한국은행 외자운용원의 외환보유액 운용 이익을 언급하지만, 구체적인 수치나 비율 등의 통계적 변화를 주장하지 않습니다.",high,hcx,HCX-007,isclaim-v1.3-prev2-context,2026-08-05
A0023-C013,A0023,환율 방어 쓰였지만...지난달 외환보유액 2억 달러↑,2025-01-06,https://www.chosun.com/economy/economy_general/2025/01/06/YNGVH2UQHNG7HBDXBGVNC3SXYU,1,13,1,"다만, 연말 외환보유액은 2019년 4088억2000만달러 이후 5년만에 최저다.","또, 한은 외자운용원이 외환보유액 운용을 통해 얻은 이익도 외환보유액이 늘어나는 데 영향을 줬다.",매 분기말 국제결제은행(BIS) 기준 위험자산 대비 자기자본비율을 고려해 은행 등이 보유 달러를 한은 계좌에 넣기 때문에 분기말마다 금융기관의 외화 예수금이 늘어나는 경향이 있다.,연말 외환보유액은 2021년 4631억2000만달러 이후 3년 연속 줄고 있다.,True,"연말 외환보유액이 2019년 이후 5년 만에 최저라는 내용은 국가 경제 관련 통계 정보로서, KOSIS에서 해당 통계를 확인하여 검증할 수 있습니다.",high,hcx,HCX-007,isclaim-v1.3-prev2-context,2026-08-05
A0023-C014,A0023,환율 방어 쓰였지만...지난달 외환보유액 2억 달러↑,2025-01-06,https://www.chosun.com/economy/economy_general/2025/01/06/YNGVH2UQHNG7HBDXBGVNC3SXYU,1,14,1,연말 외환보유액은 2021년 4631억2000만달러 이후 3년 연속 줄고 있다.,"다만, 연말 외환보유액은 2019년 4088억2000만달러 이후 5년만에 최저다.","또, 한은 외자운용원이 외환보유액 운용을 통해 얻은 이익도 외환보유액이 늘어나는 데 영향을 줬다.",한은의 외환보유액 규모는 11월말 기준(4154억달러)로 세계 9위 수준이다.,True,"연말 외환보유액의 변화에 대한 수치적인 정보를 제공하고 있으며, 이는 국가 경제 관련 통계로서 KOSIS에서 확인 가능한 내용입니다.",high,hcx,HCX-007,isclaim-v1.3-prev2-context,2026-08-05
A0023-C015,A0023,환율 방어 쓰였지만...지난달 외환보유액 2억 달러↑,2025-01-06,https://www.chosun.com/economy/economy_general/2025/01/06/YNGVH2UQHNG7HBDXBGVNC3SXYU,1,15,1,한은의 외환보유액 규모는 11월말 기준(4154억달러)로 세계 9위 수준이다.,연말 외환보유액은 2021년 4631억2000만달러 이후 3년 연속 줄고 있다.,"다만, 연말 외환보유액은 2019년 4088억2000만달러 이후 5년만에 최저다.",,False,"현재 문장은 한국은행의 외환보유액이 11월 말 기준으로 세계 9위라는 정보를 제공하고 있지만, 이는 단순한 정보 제공이지 수치나 비율 등의 변화를 주장하는 것이 아니므로 KOSIS를 통해 검증할 필요가 없습니다.",high,hcx,HCX-007,isclaim-v1.3-prev2-context,2026-08-05
A0024-C001,A0024,"KT, 새해 맞아 출산·육아 지원 대폭 강화… 신생아 1명당 최대 1억원 사내 대출",2025-01-06,https://www.chosun.com/economy/industry-company/2025/01/06/33KAWRMCYZF7BFEJGJIWCL5TK4,1,1,1,초등학생 자녀를 둔 KT 직원은 올해부터 기존 2년의 육아 휴직에 더해 1년을 더 쉴 수 있다.,,,또 아이를 낳은 KT 직원은 신생아 1명당 최대 1억원의 사내 대출을 받을 수 있게 됐다.,False,"특정 기업의 정책 변화에 대한 내용으로, KOSIS에서 검증 가능한 수치나 통계적 변화와 관련이 없다.",high,hcx,HCX-007,isclaim-v1.3-prev2-context,2026-08-05
A0024-C002,A0024,"KT, 새해 맞아 출산·육아 지원 대폭 강화… 신생아 1명당 최대 1억원 사내 대출",2025-01-06,https://www.chosun.com/economy/industry-company/2025/01/06/33KAWRMCYZF7BFEJGJIWCL5TK4,1,2,1,또 아이를 낳은 KT 직원은 신생아 1명당 최대 1억원의 사내 대출을 받을 수 있게 됐다.,초등학생 자녀를 둔 KT 직원은 올해부터 기존 2년의 육아 휴직에 더해 1년을 더 쉴 수 있다.,,KT는 이 같은 내용의 임직원 출산·육아 지원 제도를 올해부터 실시한다고 6일 밝혔다.,False,"현재 문장은 특정 기업의 복지 혜택에 대한 내용으로, 국가집계 통계의 수치나 변화 방향을 주장하지 않습니다.",high,hcx,HCX-007,isclaim-v1.3-prev2-context,2026-08-05
A0024-C003,A0024,"KT, 새해 맞아 출산·육아 지원 대폭 강화… 신생아 1명당 최대 1억원 사내 대출",2025-01-06,https://www.chosun.com/economy/industry-company/2025/01/06/33KAWRMCYZF7BFEJGJIWCL5TK4,1,3,1,KT는 이 같은 내용의 임직원 출산·육아 지원 제도를 올해부터 실시한다고 6일 밝혔다.,또 아이를 낳은 KT 직원은 신생아 1명당 최대 1억원의 사내 대출을 받을 수 있게 됐다.,초등학생 자녀를 둔 KT 직원은 올해부터 기존 2년의 육아 휴직에 더해 1년을 더 쉴 수 있다.,KT 노사가 지난해 7월 단체교섭에서 합의한 내용이 새해를 맞아 시행되는 것이다.,False,"현재 문장은 KT의 임직원 출산 및 육아 지원 제도에 대한 내용으로, 이는 특정한 정책 발표이지 수치나 통계적인 변화를 주장하는 내용이 아닙니다.",high,hcx,HCX-007,isclaim-v1.3-prev2-context,2026-08-05
A0024-C004,A0024,"KT, 새해 맞아 출산·육아 지원 대폭 강화… 신생아 1명당 최대 1억원 사내 대출",2025-01-06,https://www.chosun.com/economy/industry-company/2025/01/06/33KAWRMCYZF7BFEJGJIWCL5TK4,1,4,1,KT 노사가 지난해 7월 단체교섭에서 합의한 내용이 새해를 맞아 시행되는 것이다.,KT는 이 같은 내용의 임직원 출산·육아 지원 제도를 올해부터 실시한다고 6일 밝혔다.,또 아이를 낳은 KT 직원은 신생아 1명당 최대 1억원의 사내 대출을 받을 수 있게 됐다.,KT에 따르면 이외에도 다양한 지원 제도가 신설됐다.,False,"현재 문장은 KT 노사의 합의 사항이 새해에 시행된다는 내용으로, 이는 단순한 사실 전달이지 수치나 통계적인 변화를 주장하는 것이 아닙니다.",high,hcx,HCX-007,isclaim-v1.3-prev2-context,2026-08-05
A0024-C005,A0024,"KT, 새해 맞아 출산·육아 지원 대폭 강화… 신생아 1명당 최대 1억원 사내 대출",2025-01-06,https://www.chosun.com/economy/industry-company/2025/01/06/33KAWRMCYZF7BFEJGJIWCL5TK4,1,5,1,KT에 따르면 이외에도 다양한 지원 제도가 신설됐다.,KT 노사가 지난해 7월 단체교섭에서 합의한 내용이 새해를 맞아 시행되는 것이다.,KT는 이 같은 내용의 임직원 출산·육아 지원 제도를 올해부터 실시한다고 6일 밝혔다.,기존에는 무급으로 운영됐던 육아 휴직 2년차에도 월 160만원의 급여가 지원된다.,False,"KT의 새로운 지원 제도에 대한 언급이지만, 이는 수치나 통계적인 변화를 주장하는 것이 아니므로 KOSIS 통계로 검증할 수 없습니다.",high,hcx,HCX-007,isclaim-v1.3-prev2-context,2026-08-05
A0024-C006,A0024,"KT, 새해 맞아 출산·육아 지원 대폭 강화… 신생아 1명당 최대 1억원 사내 대출",2025-01-06,https://www.chosun.com/economy/industry-company/2025/01/06/33KAWRMCYZF7BFEJGJIWCL5TK4,1,6,1,기존에는 무급으로 운영됐던 육아 휴직 2년차에도 월 160만원의 급여가 지원된다.,KT에 따르면 이외에도 다양한 지원 제도가 신설됐다.,KT 노사가 지난해 7월 단체교섭에서 합의한 내용이 새해를 맞아 시행되는 것이다.,생활비 부담으로 육아 휴직을 다 못 쓰고 업무에 복귀하는 일을 줄이기 위해서다.,False,"현재 문장은 특정 기업의 정책 변화에 대한 내용으로, 이는 KOSIS에서 제공하는 국가 통계의 범위에 포함되지 않습니다.",high,hcx,HCX-007,isclaim-v1.3-prev2-context,2026-08-05
A0024-C007,A0024,"KT, 새해 맞아 출산·육아 지원 대폭 강화… 신생아 1명당 최대 1억원 사내 대출",2025-01-06,https://www.chosun.com/economy/industry-company/2025/01/06/33KAWRMCYZF7BFEJGJIWCL5TK4,1,7,1,생활비 부담으로 육아 휴직을 다 못 쓰고 업무에 복귀하는 일을 줄이기 위해서다.,기존에는 무급으로 운영됐던 육아 휴직 2년차에도 월 160만원의 급여가 지원된다.,KT에 따르면 이외에도 다양한 지원 제도가 신설됐다.,육아 부담을 덜기 위해 직원들의 근무 방식도 개편했다.,False,생활비 부담으로 육아 휴직을 다 못 쓰고 업무에 복귀하는 일에 대한 언급은 단순한 원인 설명이므로 KOSIS 통계로 검증 가능한 수치나 변화 방향에 관한 주장이 아닙니다.,high,hcx,HCX-007,isclaim-v1.3-prev2-context,2026-08-05
A0024-C008,A0024,"KT, 새해 맞아 출산·육아 지원 대폭 강화… 신생아 1명당 최대 1억원 사내 대출",2025-01-06,https://www.chosun.com/economy/industry-company/2025/01/06/33KAWRMCYZF7BFEJGJIWCL5TK4,1,8,1,육아 부담을 덜기 위해 직원들의 근무 방식도 개편했다.,생활비 부담으로 육아 휴직을 다 못 쓰고 업무에 복귀하는 일을 줄이기 위해서다.,기존에는 무급으로 운영됐던 육아 휴직 2년차에도 월 160만원의 급여가 지원된다.,재택 근무와 사무실 근무를 유연하게 혼합할 수 있는 ‘듀얼 워크’ 제도를 신설했다.,False,"현재 문장은 단순한 정책 변경 사항에 대한 설명이지, 수치나 통계적인 변화를 주장하지 않는다.",high,hcx,HCX-007,isclaim-v1.3-prev2-context,2026-08-05
A0024-C009,A0024,"KT, 새해 맞아 출산·육아 지원 대폭 강화… 신생아 1명당 최대 1억원 사내 대출",2025-01-06,https://www.chosun.com/economy/industry-company/2025/01/06/33KAWRMCYZF7BFEJGJIWCL5TK4,1,9,1,재택 근무와 사무실 근무를 유연하게 혼합할 수 있는 ‘듀얼 워크’ 제도를 신설했다.,육아 부담을 덜기 위해 직원들의 근무 방식도 개편했다.,생활비 부담으로 육아 휴직을 다 못 쓰고 업무에 복귀하는 일을 줄이기 위해서다.,"기존에도 직원들이 재택 근무를 할 수 있었지만, 한번 재택근무를 신청하면 사무실에서 급하게 처리할 일이 있어도 재택 근무만 해야 했다.",False,"현재 문장은 기업의 근무 방식 변경에 대한 내용으로, 수치나 통계적인 변화를 주장하지 않습니다.",high,hcx,HCX-007,isclaim-v1.3-prev2-context,2026-08-05
A0024-C010,A0024,"KT, 새해 맞아 출산·육아 지원 대폭 강화… 신생아 1명당 최대 1억원 사내 대출",2025-01-06,https://www.chosun.com/economy/industry-company/2025/01/06/33KAWRMCYZF7BFEJGJIWCL5TK4,1,10,1,"기존에도 직원들이 재택 근무를 할 수 있었지만, 한번 재택근무를 신청하면 사무실에서 급하게 처리할 일이 있어도 재택 근무만 해야 했다.",재택 근무와 사무실 근무를 유연하게 혼합할 수 있는 ‘듀얼 워크’ 제도를 신설했다.,육아 부담을 덜기 위해 직원들의 근무 방식도 개편했다.,사무실로 출근한 경우에도 차를 쓰지 않는 이상 도중에 재택 근무로 바꿀 수 없었다.,False,"현재 문장은 기업의 내부 정책 변경에 대한 내용으로, KOSIS에서 제공하는 국가 통계의 수치나 변화와 관련이 없습니다.",high,hcx,HCX-007,isclaim-v1.3-prev2-context,2026-08-05
A0024-C011,A0024,"KT, 새해 맞아 출산·육아 지원 대폭 강화… 신생아 1명당 최대 1억원 사내 대출",2025-01-06,https://www.chosun.com/economy/industry-company/2025/01/06/33KAWRMCYZF7BFEJGJIWCL5TK4,1,11,1,사무실로 출근한 경우에도 차를 쓰지 않는 이상 도중에 재택 근무로 바꿀 수 없었다.,"기존에도 직원들이 재택 근무를 할 수 있었지만, 한번 재택근무를 신청하면 사무실에서 급하게 처리할 일이 있어도 재택 근무만 해야 했다.",재택 근무와 사무실 근무를 유연하게 혼합할 수 있는 ‘듀얼 워크’ 제도를 신설했다.,"하지만 새해부터는 사무실 출근했더라도, 자녀의 어린이집 하원 시간 등에 맞춰 재택 근무로 전환하는 것이 가능해졌다.",False,"현재 문장은 회사의 재택 근무 및 사무실 근무 정책에 대한 설명을 하고 있으며, 이는 수치나 통계적인 변화를 주장하는 내용이 아닙니다.",high,hcx,HCX-007,isclaim-v1.3-prev2-context,2026-08-05
A0024-C012,A0024,"KT, 새해 맞아 출산·육아 지원 대폭 강화… 신생아 1명당 최대 1억원 사내 대출",2025-01-06,https://www.chosun.com/economy/industry-company/2025/01/06/33KAWRMCYZF7BFEJGJIWCL5TK4,1,12,1,"하지만 새해부터는 사무실 출근했더라도, 자녀의 어린이집 하원 시간 등에 맞춰 재택 근무로 전환하는 것이 가능해졌다.",사무실로 출근한 경우에도 차를 쓰지 않는 이상 도중에 재택 근무로 바꿀 수 없었다.,"기존에도 직원들이 재택 근무를 할 수 있었지만, 한번 재택근무를 신청하면 사무실에서 급하게 처리할 일이 있어도 재택 근무만 해야 했다.",이외 만 18세까지의 자녀를 둔 직원들에게 지급되던 자녀 교육 보조비도 기존 연 60만원에서 100만원으로 늘렸다.,False,"현재 문장은 기업의 재택 근무 정책에 대한 변경 사항을 설명하며, 이는 KOSIS에서 제공하는 통계 정보와는 관련이 없습니다.",high,hcx,HCX-007,isclaim-v1.3-prev2-context,2026-08-05
A0024-C013,A0024,"KT, 새해 맞아 출산·육아 지원 대폭 강화… 신생아 1명당 최대 1억원 사내 대출",2025-01-06,https://www.chosun.com/economy/industry-company/2025/01/06/33KAWRMCYZF7BFEJGJIWCL5TK4,1,13,1,이외 만 18세까지의 자녀를 둔 직원들에게 지급되던 자녀 교육 보조비도 기존 연 60만원에서 100만원으로 늘렸다.,"하지만 새해부터는 사무실 출근했더라도, 자녀의 어린이집 하원 시간 등에 맞춰 재택 근무로 전환하는 것이 가능해졌다.",사무실로 출근한 경우에도 차를 쓰지 않는 이상 도중에 재택 근무로 바꿀 수 없었다.,"또 KT 직원 중 만 8세 이하 자녀를 둔 직원들은 하루 1~5시간, 주 15~35시간의 단축 근무를 사용할 수 있는데, 이 역시 만 12세 이하 자녀를 둔 직원들로 범위를 늘렸다.",False,"현재 문장은 특정 기업의 정책 변경에 대한 내용으로, KOSIS에서 제공하는 국가 통계의 범위 내에 있지 않습니다.",high,hcx,HCX-007,isclaim-v1.3-prev2-context,2026-08-05
A0024-C014,A0024,"KT, 새해 맞아 출산·육아 지원 대폭 강화… 신생아 1명당 최대 1억원 사내 대출",2025-01-06,https://www.chosun.com/economy/industry-company/2025/01/06/33KAWRMCYZF7BFEJGJIWCL5TK4,1,14,1,"또 KT 직원 중 만 8세 이하 자녀를 둔 직원들은 하루 1~5시간, 주 15~35시간의 단축 근무를 사용할 수 있는데, 이 역시 만 12세 이하 자녀를 둔 직원들로 범위를 늘렸다.",이외 만 18세까지의 자녀를 둔 직원들에게 지급되던 자녀 교육 보조비도 기존 연 60만원에서 100만원으로 늘렸다.,"하지만 새해부터는 사무실 출근했더라도, 자녀의 어린이집 하원 시간 등에 맞춰 재택 근무로 전환하는 것이 가능해졌다.","KT 관계자는 “지난해 3월 발족한 ‘하이베이비(Hi Baby) TF’를 통해 임신, 육아 중인 직원들에게 실질적으로 도움이 될 지원 대책을 논의한 결과”라며 “앞으로도 다양한 지원 방안을 내놓을 것”이라고 했다.",False,"현재 문장은 특정 기업의 인사 정책에 대한 내용으로, 이는 KOSIS에서 제공하는 국가 통계의 범위에 포함되지 않습니다.",high,hcx,HCX-007,isclaim-v1.3-prev2-context,2026-08-05
A0024-C015,A0024,"KT, 새해 맞아 출산·육아 지원 대폭 강화… 신생아 1명당 최대 1억원 사내 대출",2025-01-06,https://www.chosun.com/economy/industry-company/2025/01/06/33KAWRMCYZF7BFEJGJIWCL5TK4,1,15,1,"KT 관계자는 “지난해 3월 발족한 ‘하이베이비(Hi Baby) TF’를 통해 임신, 육아 중인 직원들에게 실질적으로 도움이 될 지원 대책을 논의한 결과”라며 “앞으로도 다양한 지원 방안을 내놓을 것”이라고 했다.","또 KT 직원 중 만 8세 이하 자녀를 둔 직원들은 하루 1~5시간, 주 15~35시간의 단축 근무를 사용할 수 있는데, 이 역시 만 12세 이하 자녀를 둔 직원들로 범위를 늘렸다.",이외 만 18세까지의 자녀를 둔 직원들에게 지급되던 자녀 교육 보조비도 기존 연 60만원에서 100만원으로 늘렸다.,,False,"현재 문장은 KT 관계자의 발언으로, 구체적인 수치나 통계적인 변화를 주장하지 않고 있다.",high,hcx,HCX-007,isclaim-v1.3-prev2-context,2026-08-05
A0025-C001,A0025,"그룹총수들 1년새 주식재산 6.6兆 감소… 이재용 3조, 김범수 2.2조↓",2025-01-06,https://www.chosun.com/economy/industry-company/2025/01/06/5M7OQPWRUZEMJMDSCU53JKZEJE,1,1,1,지난해 주가 하락으로 주요 그룹 총수 10명 중 6명꼴로 주식 자산 가치가 감소했다는 조사 결과가 나왔다.,,,기업분석전문 한국CXO연구소는 공정거래위원회 지정 88개 대기업집단 중 2025년 초 기준 주식평가액 1000억원 이상의 그룹 총수를 대상으로 조사한 결과 이같이 나타났다고 6일 밝혔다.,False,주요 그룹 총수의 주식 자산 가치 감소는 개별 기업의 재무 상태에 대한 정보이므로 KOSIS에서 검증하기 어렵습니다.,high,hcx,HCX-007,isclaim-v1.3-prev2-context,2026-08-05
A0025-C002,A0025,"그룹총수들 1년새 주식재산 6.6兆 감소… 이재용 3조, 김범수 2.2조↓",2025-01-06,https://www.chosun.com/economy/industry-company/2025/01/06/5M7OQPWRUZEMJMDSCU53JKZEJE,1,2,1,기업분석전문 한국CXO연구소는 공정거래위원회 지정 88개 대기업집단 중 2025년 초 기준 주식평가액 1000억원 이상의 그룹 총수를 대상으로 조사한 결과 이같이 나타났다고 6일 밝혔다.,지난해 주가 하락으로 주요 그룹 총수 10명 중 6명꼴로 주식 자산 가치가 감소했다는 조사 결과가 나왔다.,,"조사 대상 총수의 올해 초 주식평가액은 58조1584억원(지난 2일 종가 기준)으로, 작년 초의 64조7728억원 대비 1년 새 6조6144억원 줄었다.",False,주요 그룹 총수의 주식 자산 가치 변화에 대한 정보는 개별 기업의 재무 정보나 주가와 관련된 사항이므로 국가통계포털(KOSIS)에서 제공하는 집계 통계와는 관련이 없습니다.,high,hcx,HCX-007,isclaim-v1.3-prev2-context,2026-08-05
A0025-C003,A0025,"그룹총수들 1년새 주식재산 6.6兆 감소… 이재용 3조, 김범수 2.2조↓",2025-01-06,https://www.chosun.com/economy/industry-company/2025/01/06/5M7OQPWRUZEMJMDSCU53JKZEJE,1,3,1,"조사 대상 총수의 올해 초 주식평가액은 58조1584억원(지난 2일 종가 기준)으로, 작년 초의 64조7728억원 대비 1년 새 6조6144억원 줄었다.",기업분석전문 한국CXO연구소는 공정거래위원회 지정 88개 대기업집단 중 2025년 초 기준 주식평가액 1000억원 이상의 그룹 총수를 대상으로 조사한 결과 이같이 나타났다고 6일 밝혔다.,지난해 주가 하락으로 주요 그룹 총수 10명 중 6명꼴로 주식 자산 가치가 감소했다는 조사 결과가 나왔다.,감소율은 10.2%다.,True,"주식평가액이 작년 초 대비 얼마나 줄었는지 구체적인 금액 변화를 제시하며, 이는 KOSIS를 통해 대조 가능한 국내 집계 통계 정보로 볼 수 있다.",high,hcx,HCX-007,isclaim-v1.3-prev2-context,2026-08-05
A0025-C004,A0025,"그룹총수들 1년새 주식재산 6.6兆 감소… 이재용 3조, 김범수 2.2조↓",2025-01-06,https://www.chosun.com/economy/industry-company/2025/01/06/5M7OQPWRUZEMJMDSCU53JKZEJE,1,4,1,감소율은 10.2%다.,"조사 대상 총수의 올해 초 주식평가액은 58조1584억원(지난 2일 종가 기준)으로, 작년 초의 64조7728억원 대비 1년 새 6조6144억원 줄었다.",기업분석전문 한국CXO연구소는 공정거래위원회 지정 88개 대기업집단 중 2025년 초 기준 주식평가액 1000억원 이상의 그룹 총수를 대상으로 조사한 결과 이같이 나타났다고 6일 밝혔다.,"조사 대상 44명 중 28명(63.6%)은 주식 가치가 하락했고, 16명(36.4%)은 상승했다.",True,"주식평가액의 감소율을 언급하며, 이는 KOSIS에서 관련 통계를 통해 검증할 수 있는 내용이다.",high,hcx,HCX-007,isclaim-v1.3-prev2-context,2026-08-05
A0025-C005,A0025,"그룹총수들 1년새 주식재산 6.6兆 감소… 이재용 3조, 김범수 2.2조↓",2025-01-06,https://www.chosun.com/economy/industry-company/2025/01/06/5M7OQPWRUZEMJMDSCU53JKZEJE,1,5,1,"조사 대상 44명 중 28명(63.6%)은 주식 가치가 하락했고, 16명(36.4%)은 상승했다.",감소율은 10.2%다.,"조사 대상 총수의 올해 초 주식평가액은 58조1584억원(지난 2일 종가 기준)으로, 작년 초의 64조7728억원 대비 1년 새 6조6144억원 줄었다.",최근 1년 새 주식재산 감소율이 가장 큰 총수는 이동채 에코프로 창업자 겸 상임고문이었다.,True,"현재 문장은 조사 대상 44명 중 몇 명이 주식 가치의 상승 및 하락했는지를 비율로 나타내고 있으며, 이는 집단 내 변화를 나타내는 통계적인 정보이므로 KOSIS를 통해 검증 가능하다.",high,hcx,HCX-007,isclaim-v1.3-prev2-context,2026-08-05
A0025-C006,A0025,"그룹총수들 1년새 주식재산 6.6兆 감소… 이재용 3조, 김범수 2.2조↓",2025-01-06,https://www.chosun.com/economy/industry-company/2025/01/06/5M7OQPWRUZEMJMDSCU53JKZEJE,1,6,1,최근 1년 새 주식재산 감소율이 가장 큰 총수는 이동채 에코프로 창업자 겸 상임고문이었다.,"조사 대상 44명 중 28명(63.6%)은 주식 가치가 하락했고, 16명(36.4%)은 상승했다.",감소율은 10.2%다.,주식 가치가 작년 초 3조1995억원에서 올초 1조3841억원으로 56.7% 감소했다.,False,"특정 인물인 이동채 에코프로 창업자의 주식 재산 감소율에 대한 정보이므로, 이는 개인 단위의 정보로서 국가통계포털(KOSIS)에서 제공하는 집단적인 통계와는 관련이 없습니다.",high,hcx,HCX-007,isclaim-v1.3-prev2-context,2026-08-05
A0025-C007,A0025,"그룹총수들 1년새 주식재산 6.6兆 감소… 이재용 3조, 김범수 2.2조↓",2025-01-06,https://www.chosun.com/economy/industry-company/2025/01/06/5M7OQPWRUZEMJMDSCU53JKZEJE,1,7,1,주식 가치가 작년 초 3조1995억원에서 올초 1조3841억원으로 56.7% 감소했다.,최근 1년 새 주식재산 감소율이 가장 큰 총수는 이동채 에코프로 창업자 겸 상임고문이었다.,"조사 대상 44명 중 28명(63.6%)은 주식 가치가 하락했고, 16명(36.4%)은 상승했다.","이용한 원익 회장(2390억원1297억원, 45.7%↓), 김범수 카카오 창업자(6조1186억원3조9527억원, 35.4%↓), 김홍국 하림 회장(1938억원1323억원, 31.7%↓)도 주식 재산이 30% 이상 줄었다.",True,"주식 가치의 변화가 수치로 명시되어 있으며, 이는 국가 경제나 산업 동향과 관련된 정보로서 KOSIS에서 관련 통계를 찾아볼 수 있을 것으로 판단됩니다.",high,hcx,HCX-007,isclaim-v1.3-prev2-context,2026-08-05
A0025-C008,A0025,"그룹총수들 1년새 주식재산 6.6兆 감소… 이재용 3조, 김범수 2.2조↓",2025-01-06,https://www.chosun.com/economy/industry-company/2025/01/06/5M7OQPWRUZEMJMDSCU53JKZEJE,1,8,1,"이용한 원익 회장(2390억원1297억원, 45.7%↓), 김범수 카카오 창업자(6조1186억원3조9527억원, 35.4%↓), 김홍국 하림 회장(1938억원1323억원, 31.7%↓)도 주식 재산이 30% 이상 줄었다.",주식 가치가 작년 초 3조1995억원에서 올초 1조3841억원으로 56.7% 감소했다.,최근 1년 새 주식재산 감소율이 가장 큰 총수는 이동채 에코프로 창업자 겸 상임고문이었다.,금액 기준으로는 주식 재산 1위인 이재용 삼성전자 회장의 평가액이 14조8673억원에서 11조9099억원으로 2조9574억원 줄어 감소 폭이 가장 컸다.,False,"주식 가치의 변동은 개인 기업의 재정 상태나 시장 상황에 따른 것이며, 이는 국가 통계의 범주에 속하지 않습니다.",high,hcx,HCX-007,isclaim-v1.3-prev2-context,2026-08-05
A0025-C009,A0025,"그룹총수들 1년새 주식재산 6.6兆 감소… 이재용 3조, 김범수 2.2조↓",2025-01-06,https://www.chosun.com/economy/industry-company/2025/01/06/5M7OQPWRUZEMJMDSCU53JKZEJE,1,9,1,금액 기준으로는 주식 재산 1위인 이재용 삼성전자 회장의 평가액이 14조8673억원에서 11조9099억원으로 2조9574억원 줄어 감소 폭이 가장 컸다.,"이용한 원익 회장(2390억원1297억원, 45.7%↓), 김범수 카카오 창업자(6조1186억원3조9527억원, 35.4%↓), 김홍국 하림 회장(1938억원1323억원, 31.7%↓)도 주식 재산이 30% 이상 줄었다.",주식 가치가 작년 초 3조1995억원에서 올초 1조3841억원으로 56.7% 감소했다.,반면 주식평가액 증가율 1위는 박정원 두산 회장이었다.,False,"개인의 주식 가치 변화에 대한 내용으로, 이는 KOSIS에서 다루는 국가 집계 통계와는 관련이 없습니다.",high,hcx,HCX-007,isclaim-v1.3-prev2-context,2026-08-05
A0025-C010,A0025,"그룹총수들 1년새 주식재산 6.6兆 감소… 이재용 3조, 김범수 2.2조↓",2025-01-06,https://www.chosun.com/economy/industry-company/2025/01/06/5M7OQPWRUZEMJMDSCU53JKZEJE,1,10,1,반면 주식평가액 증가율 1위는 박정원 두산 회장이었다.,금액 기준으로는 주식 재산 1위인 이재용 삼성전자 회장의 평가액이 14조8673억원에서 11조9099억원으로 2조9574억원 줄어 감소 폭이 가장 컸다.,"이용한 원익 회장(2390억원1297억원, 45.7%↓), 김범수 카카오 창업자(6조1186억원3조9527억원, 35.4%↓), 김홍국 하림 회장(1938억원1323억원, 31.7%↓)도 주식 재산이 30% 이상 줄었다.",㈜두산의 주가 상승에 힘입어 평가액이 작년 초 1212억원에서 올해 초 3456억원으로 185.1% 증가했다.,False,"주식평가액 증가율은 개별 기업의 재무 정보로서, 국가통계포털(KOSIS)에서 제공하는 집계 통계와는 관련이 없습니다.",high,hcx,HCX-007,isclaim-v1.3-prev2-context,2026-08-05
A0025-C011,A0025,"그룹총수들 1년새 주식재산 6.6兆 감소… 이재용 3조, 김범수 2.2조↓",2025-01-06,https://www.chosun.com/economy/industry-company/2025/01/06/5M7OQPWRUZEMJMDSCU53JKZEJE,1,11,1,㈜두산의 주가 상승에 힘입어 평가액이 작년 초 1212억원에서 올해 초 3456억원으로 185.1% 증가했다.,반면 주식평가액 증가율 1위는 박정원 두산 회장이었다.,금액 기준으로는 주식 재산 1위인 이재용 삼성전자 회장의 평가액이 14조8673억원에서 11조9099억원으로 2조9574억원 줄어 감소 폭이 가장 컸다.,경영권 분쟁을 겪고있는 영풍 장형진 고문의 주식평가액은 고려아연의 주가 상승 영향으로 작년 초 3843억원에서 올해 초 7023억원으로 82.8% 뛰었다.,True,"㈜두산의 주가 상승에 따른 평가액 증가율을 언급하며, 이는 KOSIS에서 관련 통계를 통해 대조할 수 있는 내용이기 때문에 True로 판단합니다.",high,hcx,HCX-007,isclaim-v1.3-prev2-context,2026-08-05
A0025-C012,A0025,"그룹총수들 1년새 주식재산 6.6兆 감소… 이재용 3조, 김범수 2.2조↓",2025-01-06,https://www.chosun.com/economy/industry-company/2025/01/06/5M7OQPWRUZEMJMDSCU53JKZEJE,1,12,1,경영권 분쟁을 겪고있는 영풍 장형진 고문의 주식평가액은 고려아연의 주가 상승 영향으로 작년 초 3843억원에서 올해 초 7023억원으로 82.8% 뛰었다.,㈜두산의 주가 상승에 힘입어 평가액이 작년 초 1212억원에서 올해 초 3456억원으로 185.1% 증가했다.,반면 주식평가액 증가율 1위는 박정원 두산 회장이었다.,"오일선 한국CXO연구소장은 “44개 그룹 총수가 보유한 주식 종목은 140개 정도인데, 이 중 70% 정도가 최근 1년 새 주식 가치가 하락하면서 총수의 주식재산도 전반적으로 감소세를 피하지 못했다”고 했다.",True,"현재 문장은 특정 기업의 주식평가액 증가율을 언급하며, 이는 KOSIS에서 해당 기업의 주가와 관련된 통계를 통해 검증할 수 있는 내용이기 때문에 True로 판단합니다.",high,hcx,HCX-007,isclaim-v1.3-prev2-context,2026-08-05
A0025-C013,A0025,"그룹총수들 1년새 주식재산 6.6兆 감소… 이재용 3조, 김범수 2.2조↓",2025-01-06,https://www.chosun.com/economy/industry-company/2025/01/06/5M7OQPWRUZEMJMDSCU53JKZEJE,1,13,1,"오일선 한국CXO연구소장은 “44개 그룹 총수가 보유한 주식 종목은 140개 정도인데, 이 중 70% 정도가 최근 1년 새 주식 가치가 하락하면서 총수의 주식재산도 전반적으로 감소세를 피하지 못했다”고 했다.",경영권 분쟁을 겪고있는 영풍 장형진 고문의 주식평가액은 고려아연의 주가 상승 영향으로 작년 초 3843억원에서 올해 초 7023억원으로 82.8% 뛰었다.,㈜두산의 주가 상승에 힘입어 평가액이 작년 초 1212억원에서 올해 초 3456억원으로 185.1% 증가했다.,,True,"문장에서 '총수의 주식재산이 전반적으로 감소세를 피하지 못했다'는 내용은 국내 경제 및 기업의 주식 가치 변화에 대한 통계적인 주장을 포함하고 있으며, 이는 KOSIS를 통해 관련 통계를 대조하여 검증할 수 있을 것으로 보인다.",high,hcx,HCX-007,isclaim-v1.3-prev2-context,2026-08-05
A0026-C001,A0026,"반도체 수출, 中·홍콩 비율 9%p 이상 줄어",2025-01-06,https://www.chosun.com/economy/industry-company/2025/01/06/BMVO4ZZBRRFZ7NTLK4INPJWIF4,1,1,1,우리나라 수출의 20%가량을 맡고 있는 핵심 품목인 반도체의 ‘수출 지형도’가 눈에 띄게 변한 것으로 나타났다.,,,"최근 중국(홍콩 포함) 비율이 크게 줄고 미국과 대만, 베트남 수출 비율은 확대되고 있다.",False,"문장에서 반도체 수출 지형의 변화에 대해 언급하지만, 구체적인 수치나 통계적 변화를 명시하지 않아 KOSIS를 통해 검증하기 어렵습니다.",high,hcx,HCX-007,isclaim-v1.3-prev2-context,2026-08-05
A0026-C002,A0026,"반도체 수출, 中·홍콩 비율 9%p 이상 줄어",2025-01-06,https://www.chosun.com/economy/industry-company/2025/01/06/BMVO4ZZBRRFZ7NTLK4INPJWIF4,1,2,1,"최근 중국(홍콩 포함) 비율이 크게 줄고 미국과 대만, 베트남 수출 비율은 확대되고 있다.",우리나라 수출의 20%가량을 맡고 있는 핵심 품목인 반도체의 ‘수출 지형도’가 눈에 띄게 변한 것으로 나타났다.,,"미·중 갈등과 세계 IT 제조 기업의 탈(脫)중국 흐름, 미국의 인공지능(AI)용 반도체 수요 증가 등이 영향을 줬다.",True,"현재 문장은 반도체 수출의 국가별 비율 변화에 대한 내용을 담고 있으며, 이는 국내 집계 통계로서 KOSIS를 통해 대조 및 검증 가능하다.",high,hcx,HCX-007,isclaim-v1.3-prev2-context,2026-08-05
A0026-C003,A0026,"반도체 수출, 中·홍콩 비율 9%p 이상 줄어",2025-01-06,https://www.chosun.com/economy/industry-company/2025/01/06/BMVO4ZZBRRFZ7NTLK4INPJWIF4,1,3,1,"미·중 갈등과 세계 IT 제조 기업의 탈(脫)중국 흐름, 미국의 인공지능(AI)용 반도체 수요 증가 등이 영향을 줬다.","최근 중국(홍콩 포함) 비율이 크게 줄고 미국과 대만, 베트남 수출 비율은 확대되고 있다.",우리나라 수출의 20%가량을 맡고 있는 핵심 품목인 반도체의 ‘수출 지형도’가 눈에 띄게 변한 것으로 나타났다.,미국의 대중 수출 규제가 갈수록 심해지는 상황에서 중국이 반도체 자립에 나서고 있는 만큼 앞으로는 우리의 중국 수출 비율이 더 줄어들 것이라는 전망이 나온다.,False,"미·중 갈등과 세계 IT 제조 기업의 탈중국 흐름, 미국의 인공지능(AI)용 반도체 수요 증가 등의 영향에 대한 설명은 단순한 원인 분석이지, 구체적인 수치나 통계적 변화를 주장하는 것이 아닙니다.",high,hcx,HCX-007,isclaim-v1.3-prev2-context,2026-08-05
A0026-C004,A0026,"반도체 수출, 中·홍콩 비율 9%p 이상 줄어",2025-01-06,https://www.chosun.com/economy/industry-company/2025/01/06/BMVO4ZZBRRFZ7NTLK4INPJWIF4,1,4,1,미국의 대중 수출 규제가 갈수록 심해지는 상황에서 중국이 반도체 자립에 나서고 있는 만큼 앞으로는 우리의 중국 수출 비율이 더 줄어들 것이라는 전망이 나온다.,"미·중 갈등과 세계 IT 제조 기업의 탈(脫)중국 흐름, 미국의 인공지능(AI)용 반도체 수요 증가 등이 영향을 줬다.","최근 중국(홍콩 포함) 비율이 크게 줄고 미국과 대만, 베트남 수출 비율은 확대되고 있다.","5일 산업통상자원부와 한국무역협회에 따르면 작년 1~11월 반도체 수출(1274억달러) 가운데 중국 비율은 33.3%, 홍콩 비율은 18.4%로 나타났다.",True,현재 문장은 중국의 반도체 자립 노력과 미국 수출 규제 강화로 인해 한국의 중국 수출 비율이 줄어들 것이라는 예측을 하고 있습니다.,mid,hcx,HCX-007,isclaim-v1.3-prev2-context,2026-08-05
A0026-C005,A0026,"반도체 수출, 中·홍콩 비율 9%p 이상 줄어",2025-01-06,https://www.chosun.com/economy/industry-company/2025/01/06/BMVO4ZZBRRFZ7NTLK4INPJWIF4,1,5,1,"5일 산업통상자원부와 한국무역협회에 따르면 작년 1~11월 반도체 수출(1274억달러) 가운데 중국 비율은 33.3%, 홍콩 비율은 18.4%로 나타났다.",미국의 대중 수출 규제가 갈수록 심해지는 상황에서 중국이 반도체 자립에 나서고 있는 만큼 앞으로는 우리의 중국 수출 비율이 더 줄어들 것이라는 전망이 나온다.,"미·중 갈등과 세계 IT 제조 기업의 탈(脫)중국 흐름, 미국의 인공지능(AI)용 반도체 수요 증가 등이 영향을 줬다.","둘을 합해 51.7%로, 지난 2020년(61.1%)과 비교하면 4년 만에 9%포인트 이상 줄었다.",True,"현재 문장은 한국의 반도체 수출 중 중국과 홍콩의 비율을 구체적인 수치로 제시하며, 이는 국가 통계의 일부로서 KOSIS를 통해 검증 가능하다.",high,hcx,HCX-007,isclaim-v1.3-prev2-context,2026-08-05
A0026-C006,A0026,"반도체 수출, 中·홍콩 비율 9%p 이상 줄어",2025-01-06,https://www.chosun.com/economy/industry-company/2025/01/06/BMVO4ZZBRRFZ7NTLK4INPJWIF4,1,6,1,"둘을 합해 51.7%로, 지난 2020년(61.1%)과 비교하면 4년 만에 9%포인트 이상 줄었다.","5일 산업통상자원부와 한국무역협회에 따르면 작년 1~11월 반도체 수출(1274억달러) 가운데 중국 비율은 33.3%, 홍콩 비율은 18.4%로 나타났다.",미국의 대중 수출 규제가 갈수록 심해지는 상황에서 중국이 반도체 자립에 나서고 있는 만큼 앞으로는 우리의 중국 수출 비율이 더 줄어들 것이라는 전망이 나온다.,업계에서는 홍콩으로 수출하는 반도체의 80~90%가 중국으로 들어가는 것으로 본다.,True,"현재 문장은 한국의 반도체 수출 중 중국과 홍콩 비율을 언급하며, 이 비율이 2020년에 비해 줄었다고 주장합니다. 이는 KOSIS를 통해 확인 가능한 국내 집계 통계 정보입니다.",high,hcx,HCX-007,isclaim-v1.3-prev2-context,2026-08-05
A0026-C007,A0026,"반도체 수출, 中·홍콩 비율 9%p 이상 줄어",2025-01-06,https://www.chosun.com/economy/industry-company/2025/01/06/BMVO4ZZBRRFZ7NTLK4INPJWIF4,1,7,1,업계에서는 홍콩으로 수출하는 반도체의 80~90%가 중국으로 들어가는 것으로 본다.,"둘을 합해 51.7%로, 지난 2020년(61.1%)과 비교하면 4년 만에 9%포인트 이상 줄었다.","5일 산업통상자원부와 한국무역협회에 따르면 작년 1~11월 반도체 수출(1274억달러) 가운데 중국 비율은 33.3%, 홍콩 비율은 18.4%로 나타났다.",반면 미국과 미국의 ‘반도체 동맹’인 대만을 합한 수출 비율은 같은 기간 13.9%에서 21.7%로 8%포인트가량 올랐다.,False,업계에서 보는 추정치를 언급한 것이므로 이는 검증 가능한 통계적 주장이 아닙니다.,high,hcx,HCX-007,isclaim-v1.3-prev2-context,2026-08-05
A0026-C008,A0026,"반도체 수출, 中·홍콩 비율 9%p 이상 줄어",2025-01-06,https://www.chosun.com/economy/industry-company/2025/01/06/BMVO4ZZBRRFZ7NTLK4INPJWIF4,1,8,1,반면 미국과 미국의 ‘반도체 동맹’인 대만을 합한 수출 비율은 같은 기간 13.9%에서 21.7%로 8%포인트가량 올랐다.,업계에서는 홍콩으로 수출하는 반도체의 80~90%가 중국으로 들어가는 것으로 본다.,"둘을 합해 51.7%로, 지난 2020년(61.1%)과 비교하면 4년 만에 9%포인트 이상 줄었다.","미국 수출 비율(7.2%)은 큰 변화가 없었지만, 대만 수출 비율은 2020년 6.4%에서 지난해 14.5%로 급상승했다.",True,"현재 문장은 반도체 수출 비율이 미국 및 대만과의 관계에서 증가한 것을 언급하며, 이는 국가 간 통계의 변화를 나타내므로 KOSIS를 통해 검증 가능하다.",high,hcx,HCX-007,isclaim-v1.3-prev2-context,2026-08-05
A0026-C009,A0026,"반도체 수출, 中·홍콩 비율 9%p 이상 줄어",2025-01-06,https://www.chosun.com/economy/industry-company/2025/01/06/BMVO4ZZBRRFZ7NTLK4INPJWIF4,1,9,1,"미국 수출 비율(7.2%)은 큰 변화가 없었지만, 대만 수출 비율은 2020년 6.4%에서 지난해 14.5%로 급상승했다.",반면 미국과 미국의 ‘반도체 동맹’인 대만을 합한 수출 비율은 같은 기간 13.9%에서 21.7%로 8%포인트가량 올랐다.,업계에서는 홍콩으로 수출하는 반도체의 80~90%가 중국으로 들어가는 것으로 본다.,SK하이닉스가 미국 엔비디아에 공급하는 HBM(고대역폭 메모리) 물량이 중간 제조 기지인 대만 수출로 잡힌 영향이 크다.,True,"현재 문장은 반도체 수출 비율이 시간에 따라 변했다는 구체적인 통계를 포함하고 있으며, 이는 국가 간 비교 가능한 통계 자료로서 KOSIS를 통해 검증될 수 있다.",high,hcx,HCX-007,isclaim-v1.3-prev2-context,2026-08-05
A0026-C010,A0026,"반도체 수출, 中·홍콩 비율 9%p 이상 줄어",2025-01-06,https://www.chosun.com/economy/industry-company/2025/01/06/BMVO4ZZBRRFZ7NTLK4INPJWIF4,1,10,1,SK하이닉스가 미국 엔비디아에 공급하는 HBM(고대역폭 메모리) 물량이 중간 제조 기지인 대만 수출로 잡힌 영향이 크다.,"미국 수출 비율(7.2%)은 큰 변화가 없었지만, 대만 수출 비율은 2020년 6.4%에서 지난해 14.5%로 급상승했다.",반면 미국과 미국의 ‘반도체 동맹’인 대만을 합한 수출 비율은 같은 기간 13.9%에서 21.7%로 8%포인트가량 올랐다.,대만 TSMC는 한국 HBM을 그래픽처리장치(GPU)와 함께 패키징해 엔비디아의 AI 가속기 제품을 제작한다.,False,"현재 문장은 특정 기업의 수출 활동에 대한 설명을 하고 있으며, 이는 개별 기업의 활동이므로 국가 통계의 범주에 속하지 않습니다.",high,hcx,HCX-007,isclaim-v1.3-prev2-context,2026-08-05
A0026-C011,A0026,"반도체 수출, 中·홍콩 비율 9%p 이상 줄어",2025-01-06,https://www.chosun.com/economy/industry-company/2025/01/06/BMVO4ZZBRRFZ7NTLK4INPJWIF4,1,11,1,대만 TSMC는 한국 HBM을 그래픽처리장치(GPU)와 함께 패키징해 엔비디아의 AI 가속기 제품을 제작한다.,SK하이닉스가 미국 엔비디아에 공급하는 HBM(고대역폭 메모리) 물량이 중간 제조 기지인 대만 수출로 잡힌 영향이 크다.,"미국 수출 비율(7.2%)은 큰 변화가 없었지만, 대만 수출 비율은 2020년 6.4%에서 지난해 14.5%로 급상승했다.",삼성전자 공장 이전 등의 영향으로 베트남 수출 비율도 2020년 11.6%에서 작년 12.9%로 증가했다.,False,"현재 문장은 대만 TSMC가 한국 HBM을 GPU와 함께 패키징하여 엔비디아의 AI 가속기를 제작한다는 사실을 기술하고 있으며, 이는 특정한 수치나 통계적인 변화를 주장하는 것이 아닙니다.",high,hcx,HCX-007,isclaim-v1.3-prev2-context,2026-08-05
A0026-C012,A0026,"반도체 수출, 中·홍콩 비율 9%p 이상 줄어",2025-01-06,https://www.chosun.com/economy/industry-company/2025/01/06/BMVO4ZZBRRFZ7NTLK4INPJWIF4,1,12,1,삼성전자 공장 이전 등의 영향으로 베트남 수출 비율도 2020년 11.6%에서 작년 12.9%로 증가했다.,대만 TSMC는 한국 HBM을 그래픽처리장치(GPU)와 함께 패키징해 엔비디아의 AI 가속기 제품을 제작한다.,SK하이닉스가 미국 엔비디아에 공급하는 HBM(고대역폭 메모리) 물량이 중간 제조 기지인 대만 수출로 잡힌 영향이 크다.,"지난 2019년 삼성전자는 한때 스마트폰 물량의 17%가량을 담당하던 중국 후이저우 공장을 폐쇄하고, 대신 베트남 생산 거점을 확대했다.",True,베트남 수출 비율이 2020년 11.6%에서 작년 12.9%로 증가했다는 내용은 국가 간 교역 및 경제 관련 통계로서 KOSIS를 통해 검증 가능하다.,high,hcx,HCX-007,isclaim-v1.3-prev2-context,2026-08-05
A0026-C013,A0026,"반도체 수출, 中·홍콩 비율 9%p 이상 줄어",2025-01-06,https://www.chosun.com/economy/industry-company/2025/01/06/BMVO4ZZBRRFZ7NTLK4INPJWIF4,1,13,1,"지난 2019년 삼성전자는 한때 스마트폰 물량의 17%가량을 담당하던 중국 후이저우 공장을 폐쇄하고, 대신 베트남 생산 거점을 확대했다.",삼성전자 공장 이전 등의 영향으로 베트남 수출 비율도 2020년 11.6%에서 작년 12.9%로 증가했다.,대만 TSMC는 한국 HBM을 그래픽처리장치(GPU)와 함께 패키징해 엔비디아의 AI 가속기 제품을 제작한다.,전문가들은 미국의 중국 규제가 첨단 반도체에서 레거시(범용) 반도체로 확산하면서 한국의 대중국 반도체 수출 물량이 앞으로 더 낮아질 것으로 예상한다.,True,"삼성전자의 중국 후이저우 공장 폐쇄 및 베트남 생산 거점 확대에 대한 내용은 국내 기업의 생산 변화에 관한 정보로서, 해당 변화가 국가 경제나 산업 구조에 미치는 영향을 분석하기 위해 KOSIS 통계 자료와 비교할 수 있다.",high,hcx,HCX-007,isclaim-v1.3-prev2-context,2026-08-05
A0026-C014,A0026,"반도체 수출, 中·홍콩 비율 9%p 이상 줄어",2025-01-06,https://www.chosun.com/economy/industry-company/2025/01/06/BMVO4ZZBRRFZ7NTLK4INPJWIF4,1,14,1,전문가들은 미국의 중국 규제가 첨단 반도체에서 레거시(범용) 반도체로 확산하면서 한국의 대중국 반도체 수출 물량이 앞으로 더 낮아질 것으로 예상한다.,"지난 2019년 삼성전자는 한때 스마트폰 물량의 17%가량을 담당하던 중국 후이저우 공장을 폐쇄하고, 대신 베트남 생산 거점을 확대했다.",삼성전자 공장 이전 등의 영향으로 베트남 수출 비율도 2020년 11.6%에서 작년 12.9%로 증가했다.,장상식 한국무역협회 국제무역통상연구원장은 “중국이 반도체 자립에 나서고 있는 데다가 세계 IT 기업이 동남아와 인도로 생산 기지를 옮기고 있어 앞으로 중국 비율은 더 낮아질 것으로 본다”고 말했다.,True,"현재 문장은 전문가들이 한국의 대중국 반도체 수출 물량이 앞으로 더 낮아질 것이라고 예상한다는 내용으로, 이는 통계적인 변화를 예측하는 주장입니다.",high,hcx,HCX-007,isclaim-v1.3-prev2-context,2026-08-05
A0026-C015,A0026,"반도체 수출, 中·홍콩 비율 9%p 이상 줄어",2025-01-06,https://www.chosun.com/economy/industry-company/2025/01/06/BMVO4ZZBRRFZ7NTLK4INPJWIF4,1,15,1,장상식 한국무역협회 국제무역통상연구원장은 “중국이 반도체 자립에 나서고 있는 데다가 세계 IT 기업이 동남아와 인도로 생산 기지를 옮기고 있어 앞으로 중국 비율은 더 낮아질 것으로 본다”고 말했다.,전문가들은 미국의 중국 규제가 첨단 반도체에서 레거시(범용) 반도체로 확산하면서 한국의 대중국 반도체 수출 물량이 앞으로 더 낮아질 것으로 예상한다.,"지난 2019년 삼성전자는 한때 스마트폰 물량의 17%가량을 담당하던 중국 후이저우 공장을 폐쇄하고, 대신 베트남 생산 거점을 확대했다.",,True,현재 문장은 중국의 반도체 자립 및 글로벌 IT 기업의 생산기지 이동으로 인해 한국의 대중국 반도체 수출 비율이 낮아질 것이라는 예측을 하고 있다.,high,hcx,HCX-007,isclaim-v1.3-prev2-context,2026-08-05
A0027-C001,A0027,전기차 ‘캐즘 쇼크’… 배터리 기업 10곳 영업익 반토막,2025-01-06,https://www.chosun.com/economy/industry-company/2025/01/06/BO3WGUVLFVHH3BXGQ3BHBBNZWU,1,1,1,국내 배터리 업계 대표 기업의 2024년 영업이익 실적은 모두 ‘비상’이다.,,,"국내 1위 배터리 제조사인 LG에너지솔루션의 2024년 영업이익은 약 6984억원으로 전년(2조1632억원)의 3분의 1 수준으로 급감, 삼성SDI도 약 7692억원으로 전년(1조6334억원)의 절반 수준에 그칠 전망이다.",False,특정 기업 한 곳의 매출·주가·실적에 대한 정보이므로 KOSIS 통계로 검증할 수 없다.,high,hcx,HCX-007,isclaim-v1.3-prev2-context,2026-08-05
A0027-C002,A0027,전기차 ‘캐즘 쇼크’… 배터리 기업 10곳 영업익 반토막,2025-01-06,https://www.chosun.com/economy/industry-company/2025/01/06/BO3WGUVLFVHH3BXGQ3BHBBNZWU,1,2,1,"국내 1위 배터리 제조사인 LG에너지솔루션의 2024년 영업이익은 약 6984억원으로 전년(2조1632억원)의 3분의 1 수준으로 급감, 삼성SDI도 약 7692억원으로 전년(1조6334억원)의 절반 수준에 그칠 전망이다.",국내 배터리 업계 대표 기업의 2024년 영업이익 실적은 모두 ‘비상’이다.,,SK온이 포함된 SK이노베이션도 2136억원으로 전년(1조9039억원) 대비 9분의 1 수준으로 줄었다.,True,"문장에서 LG에너지솔루션과 삼성SDI의 2024년 영업이익이 각각 전년 대비 얼마나 감소했는지를 구체적으로 언급하고 있으며, 이는 KOSIS를 통해 확인 가능한 국내 기업의 실적 관련 정보이므로 True로 판단된다.",high,hcx,HCX-007,isclaim-v1.3-prev2-context,2026-08-05
A0027-C003,A0027,전기차 ‘캐즘 쇼크’… 배터리 기업 10곳 영업익 반토막,2025-01-06,https://www.chosun.com/economy/industry-company/2025/01/06/BO3WGUVLFVHH3BXGQ3BHBBNZWU,1,3,1,SK온이 포함된 SK이노베이션도 2136억원으로 전년(1조9039억원) 대비 9분의 1 수준으로 줄었다.,"국내 1위 배터리 제조사인 LG에너지솔루션의 2024년 영업이익은 약 6984억원으로 전년(2조1632억원)의 3분의 1 수준으로 급감, 삼성SDI도 약 7692억원으로 전년(1조6334억원)의 절반 수준에 그칠 전망이다.",국내 배터리 업계 대표 기업의 2024년 영업이익 실적은 모두 ‘비상’이다.,실제 경영 실적은 장부 숫자 이상으로 나쁘다.,True,"SK이노베이션의 2024년 영업이익이 전년 대비 크게 감소했다는 내용을 포함하며, 이는 국내 집계 통계로서 KOSIS를 통해 대조 및 검증 가능하다.",high,hcx,HCX-007,isclaim-v1.3-prev2-context,2026-08-05
A0027-C004,A0027,전기차 ‘캐즘 쇼크’… 배터리 기업 10곳 영업익 반토막,2025-01-06,https://www.chosun.com/economy/industry-company/2025/01/06/BO3WGUVLFVHH3BXGQ3BHBBNZWU,1,4,1,실제 경영 실적은 장부 숫자 이상으로 나쁘다.,SK온이 포함된 SK이노베이션도 2136억원으로 전년(1조9039억원) 대비 9분의 1 수준으로 줄었다.,"국내 1위 배터리 제조사인 LG에너지솔루션의 2024년 영업이익은 약 6984억원으로 전년(2조1632억원)의 3분의 1 수준으로 급감, 삼성SDI도 약 7692억원으로 전년(1조6334억원)의 절반 수준에 그칠 전망이다.",미국 정부가 미국 현지에서 생산을 하는 대가로 주는 IRA(인플레이션 감축법) 보조금을 제외하면 사실상 ‘적자’로 추정된다.,False,현재 문장은 단순한 의견 평가로서 구체적인 수치나 통계적 변화에 대한 언급이 없습니다.,high,hcx,HCX-007,isclaim-v1.3-prev2-context,2026-08-05
A0027-C005,A0027,전기차 ‘캐즘 쇼크’… 배터리 기업 10곳 영업익 반토막,2025-01-06,https://www.chosun.com/economy/industry-company/2025/01/06/BO3WGUVLFVHH3BXGQ3BHBBNZWU,1,5,1,미국 정부가 미국 현지에서 생산을 하는 대가로 주는 IRA(인플레이션 감축법) 보조금을 제외하면 사실상 ‘적자’로 추정된다.,실제 경영 실적은 장부 숫자 이상으로 나쁘다.,SK온이 포함된 SK이노베이션도 2136억원으로 전년(1조9039억원) 대비 9분의 1 수준으로 줄었다.,한때 코스닥 시가총액 1위를 기록하며 승승장구했던 배터리 소재 기업 에코프로비엠은 2023년 2952억원 흑자에서 작년엔 약 400억원 적자가 예상된다.,False,현재 문장은 단순한 의견 평가나 원인 설명이므로 KOSIS 통계로 검증 가능한 수치나 통계적 변화 방향에 대한 주장이 아닙니다.,high,hcx,HCX-007,isclaim-v1.3-prev2-context,2026-08-05
A0027-C006,A0027,전기차 ‘캐즘 쇼크’… 배터리 기업 10곳 영업익 반토막,2025-01-06,https://www.chosun.com/economy/industry-company/2025/01/06/BO3WGUVLFVHH3BXGQ3BHBBNZWU,1,6,1,한때 코스닥 시가총액 1위를 기록하며 승승장구했던 배터리 소재 기업 에코프로비엠은 2023년 2952억원 흑자에서 작년엔 약 400억원 적자가 예상된다.,미국 정부가 미국 현지에서 생산을 하는 대가로 주는 IRA(인플레이션 감축법) 보조금을 제외하면 사실상 ‘적자’로 추정된다.,실제 경영 실적은 장부 숫자 이상으로 나쁘다.,반도체 불황에도 한국 산업을 이끌었던 전기차·배터리 산업 생태계가 급격히 무너지고 있다.,True,"현재 문장은 에코프로비엠의 재무 실적 변화에 대한 구체적인 수치 정보를 포함하고 있으며, 이는 기업의 매출 및 이익 변동으로서 국가 경제나 산업 동향 분석에 활용될 수 있는 정보이므로 KOSIS를 통해 관련 통계를 대조하여 검증할 수 있다.",high,hcx,HCX-007,isclaim-v1.3-prev2-context,2026-08-05
A0027-C007,A0027,전기차 ‘캐즘 쇼크’… 배터리 기업 10곳 영업익 반토막,2025-01-06,https://www.chosun.com/economy/industry-company/2025/01/06/BO3WGUVLFVHH3BXGQ3BHBBNZWU,1,7,1,반도체 불황에도 한국 산업을 이끌었던 전기차·배터리 산업 생태계가 급격히 무너지고 있다.,한때 코스닥 시가총액 1위를 기록하며 승승장구했던 배터리 소재 기업 에코프로비엠은 2023년 2952억원 흑자에서 작년엔 약 400억원 적자가 예상된다.,미국 정부가 미국 현지에서 생산을 하는 대가로 주는 IRA(인플레이션 감축법) 보조금을 제외하면 사실상 ‘적자’로 추정된다.,"주요 10대 기업의 영업이익은 전년 대비 반 토막났고, 보조금 효과를 제외하면 10개 기업 중 약 7개 기업이 적자 위기에 놓였다.",False,"전기차 및 배터리 산업의 상황에 대한 일반적인 서술이지만, 구체적인 수치나 통계적 변화를 언급하지 않는다.",high,hcx,HCX-007,isclaim-v1.3-prev2-context,2026-08-05
A0027-C008,A0027,전기차 ‘캐즘 쇼크’… 배터리 기업 10곳 영업익 반토막,2025-01-06,https://www.chosun.com/economy/industry-company/2025/01/06/BO3WGUVLFVHH3BXGQ3BHBBNZWU,1,8,1,"주요 10대 기업의 영업이익은 전년 대비 반 토막났고, 보조금 효과를 제외하면 10개 기업 중 약 7개 기업이 적자 위기에 놓였다.",반도체 불황에도 한국 산업을 이끌었던 전기차·배터리 산업 생태계가 급격히 무너지고 있다.,한때 코스닥 시가총액 1위를 기록하며 승승장구했던 배터리 소재 기업 에코프로비엠은 2023년 2952억원 흑자에서 작년엔 약 400억원 적자가 예상된다.,‘전기차 캐즘(일시적 수요 정체) 쇼크’가 본격화한 것이다.,True,"주요 10대 기업의 영업이익 변화에 대한 언급은 국내 경제 및 산업의 변화를 나타내는 중요한 지표로서, 이를 통해 KOSIS 등에서 관련 통계를 대조하여 검증할 수 있을 것으로 보인다.",high,hcx,HCX-007,isclaim-v1.3-prev2-context,2026-08-05
A0027-C009,A0027,전기차 ‘캐즘 쇼크’… 배터리 기업 10곳 영업익 반토막,2025-01-06,https://www.chosun.com/economy/industry-company/2025/01/06/BO3WGUVLFVHH3BXGQ3BHBBNZWU,1,9,1,‘전기차 캐즘(일시적 수요 정체) 쇼크’가 본격화한 것이다.,"주요 10대 기업의 영업이익은 전년 대비 반 토막났고, 보조금 효과를 제외하면 10개 기업 중 약 7개 기업이 적자 위기에 놓였다.",반도체 불황에도 한국 산업을 이끌었던 전기차·배터리 산업 생태계가 급격히 무너지고 있다.,1000조원 넘는 수주를 달성한 배터리 3사도 국내외에서 투자를 연기하고 비상 경영에 들어갔다.,False,"'전기차 캐즘(일시적 수요 정체)'이라는 표현은 단순한 의견 평가나 원인 설명에 해당하며, 구체적인 수치나 통계적 변화 방향을 주장하지 않습니다.",high,hcx,HCX-007,isclaim-v1.3-prev2-context,2026-08-05
A0027-C010,A0027,전기차 ‘캐즘 쇼크’… 배터리 기업 10곳 영업익 반토막,2025-01-06,https://www.chosun.com/economy/industry-company/2025/01/06/BO3WGUVLFVHH3BXGQ3BHBBNZWU,1,10,1,1000조원 넘는 수주를 달성한 배터리 3사도 국내외에서 투자를 연기하고 비상 경영에 들어갔다.,‘전기차 캐즘(일시적 수요 정체) 쇼크’가 본격화한 것이다.,"주요 10대 기업의 영업이익은 전년 대비 반 토막났고, 보조금 효과를 제외하면 10개 기업 중 약 7개 기업이 적자 위기에 놓였다.",중국의 공습으로 음극재 공장 가동률이 크게 낮아진 포스코퓨처엠 역시 음극재사업 부문에서 적자를 내는 상황이다.,False,"배터리 3사의 투자 연기와 비상 경영 상태에 대한 언급이지만, 이는 특정 기업들의 상황에 대한 내용으로 국가통계포털(KOSIS)에서 검증 가능한 구체적인 수치나 통계적 변화를 주장하지 않습니다.",high,hcx,HCX-007,isclaim-v1.3-prev2-context,2026-08-05
A0027-C011,A0027,전기차 ‘캐즘 쇼크’… 배터리 기업 10곳 영업익 반토막,2025-01-06,https://www.chosun.com/economy/industry-company/2025/01/06/BO3WGUVLFVHH3BXGQ3BHBBNZWU,1,11,1,중국의 공습으로 음극재 공장 가동률이 크게 낮아진 포스코퓨처엠 역시 음극재사업 부문에서 적자를 내는 상황이다.,1000조원 넘는 수주를 달성한 배터리 3사도 국내외에서 투자를 연기하고 비상 경영에 들어갔다.,‘전기차 캐즘(일시적 수요 정체) 쇼크’가 본격화한 것이다.,"글로벌 시장에서도 주요 자동차 기업들이 전기차 분야 투자를 연기하거나 대폭 축소했고, 유럽 최대 배터리 기업인 노스볼트가 파산하는 등 배터리 산업 전반에서 고강도 구조조정이 이어지고 있다.",False,"현재 문장은 특정 기업의 사업 부문에 대한 상황을 설명하지만, 이는 개별 기업의 재무 상태나 운영 상황에 관한 내용으로 국가집계 통계를 통해 검증 가능한 내용이 아닙니다.",high,hcx,HCX-007,isclaim-v1.3-prev2-context,2026-08-05
A0027-C012,A0027,전기차 ‘캐즘 쇼크’… 배터리 기업 10곳 영업익 반토막,2025-01-06,https://www.chosun.com/economy/industry-company/2025/01/06/BO3WGUVLFVHH3BXGQ3BHBBNZWU,1,12,1,"글로벌 시장에서도 주요 자동차 기업들이 전기차 분야 투자를 연기하거나 대폭 축소했고, 유럽 최대 배터리 기업인 노스볼트가 파산하는 등 배터리 산업 전반에서 고강도 구조조정이 이어지고 있다.",중국의 공습으로 음극재 공장 가동률이 크게 낮아진 포스코퓨처엠 역시 음극재사업 부문에서 적자를 내는 상황이다.,1000조원 넘는 수주를 달성한 배터리 3사도 국내외에서 투자를 연기하고 비상 경영에 들어갔다.,"◇불황 터널 끝 안 보이는 배터리 업계 5일 금융정보업체 에프앤가이드에 따르면, 국내 배터리 업계 주요 10개 기업의 2024년 연간 영업이익 합계는 약 4조9860억원으로 전망된다.",False,"글로벌 시장에서 주요 자동차 기업들이 전기차 분야 투자를 연기하거나 대폭 축소했다는 내용은 구체적인 수치나 통계적인 변화를 언급하지 않으며, 이는 국가통계포털(KOSIS)에서 검증 가능한 정보가 아닙니다.",high,hcx,HCX-007,isclaim-v1.3-prev2-context,2026-08-05
A0027-C013,A0027,전기차 ‘캐즘 쇼크’… 배터리 기업 10곳 영업익 반토막,2025-01-06,https://www.chosun.com/economy/industry-company/2025/01/06/BO3WGUVLFVHH3BXGQ3BHBBNZWU,1,13,1,"◇불황 터널 끝 안 보이는 배터리 업계 5일 금융정보업체 에프앤가이드에 따르면, 국내 배터리 업계 주요 10개 기업의 2024년 연간 영업이익 합계는 약 4조9860억원으로 전망된다.","글로벌 시장에서도 주요 자동차 기업들이 전기차 분야 투자를 연기하거나 대폭 축소했고, 유럽 최대 배터리 기업인 노스볼트가 파산하는 등 배터리 산업 전반에서 고강도 구조조정이 이어지고 있다.",중국의 공습으로 음극재 공장 가동률이 크게 낮아진 포스코퓨처엠 역시 음극재사업 부문에서 적자를 내는 상황이다.,전년(2023년) 약 11조9465억원 대비 절반 미만이다.,True,"국내 배터리 업계 주요 10개 기업의 2024년 연간 영업이익 합계가 약 4조9860억원이라는 구체적인 수치 정보를 제공하고 있으며, 이는 국내 경제 및 산업의 중요한 지표로서 KOSIS를 통해 대조 가능한 정보이다.",high,hcx,HCX-007,isclaim-v1.3-prev2-context,2026-08-05
A0027-C014,A0027,전기차 ‘캐즘 쇼크’… 배터리 기업 10곳 영업익 반토막,2025-01-06,https://www.chosun.com/economy/industry-company/2025/01/06/BO3WGUVLFVHH3BXGQ3BHBBNZWU,1,14,1,전년(2023년) 약 11조9465억원 대비 절반 미만이다.,"◇불황 터널 끝 안 보이는 배터리 업계 5일 금융정보업체 에프앤가이드에 따르면, 국내 배터리 업계 주요 10개 기업의 2024년 연간 영업이익 합계는 약 4조9860억원으로 전망된다.","글로벌 시장에서도 주요 자동차 기업들이 전기차 분야 투자를 연기하거나 대폭 축소했고, 유럽 최대 배터리 기업인 노스볼트가 파산하는 등 배터리 산업 전반에서 고강도 구조조정이 이어지고 있다.","LG엔솔, 삼성SDI, SK이노베이션(자회사 SK온 포함) 등 배터리 3사, LG화학, 포스코홀딩스, 포스코퓨처엠, 에코프로비엠, 엘앤에프, SKIET, 더블유씨피 등 배터리 소재 기업 7사 대부분 실적이 크게 나빠질 것으로 전망된다.",True,"현재 문장은 국내 배터리 업계의 2024년 연간 영업이익이 전년 대비 절반 미만이라는 구체적인 수치 비교를 포함하고 있으며, 이는 국가통계포털(KOSIS)에서 관련 통계를 통해 검증할 수 있는 내용입니다.",high,hcx,HCX-007,isclaim-v1.3-prev2-context,2026-08-05
A0027-C016,A0027,전기차 ‘캐즘 쇼크’… 배터리 기업 10곳 영업익 반토막,2025-01-06,https://www.chosun.com/economy/industry-company/2025/01/06/BO3WGUVLFVHH3BXGQ3BHBBNZWU,1,16,1,"조(兆) 단위 영업이익을 내던 배터리 3사는 영업이익이 수천억 원대로 급감했고, 미국의 IRA(인플레이션 감축법) 보조금을 제외하면 사실상 영업적자가 유력하다.","LG엔솔, 삼성SDI, SK이노베이션(자회사 SK온 포함) 등 배터리 3사, LG화학, 포스코홀딩스, 포스코퓨처엠, 에코프로비엠, 엘앤에프, SKIET, 더블유씨피 등 배터리 소재 기업 7사 대부분 실적이 크게 나빠질 것으로 전망된다.",전년(2023년) 약 11조9465억원 대비 절반 미만이다.,배터리 소재 대표 기업인 에코프로비엠은 2023년 2952억원 흑자에서 작년 약 397억원 적자를 낸 것으로 전망된다.,False,"배터리 3사의 실적 하락 및 영업적자에 대한 예측은 특정 기업의 재무 상태에 관한 내용으로, 이는 KOSIS에서 다루는 국가 단위의 집계 통계와는 관련이 없습니다.",high,hcx,HCX-007,isclaim-v1.3-prev2-context,2026-08-05
A0027-C017,A0027,전기차 ‘캐즘 쇼크’… 배터리 기업 10곳 영업익 반토막,2025-01-06,https://www.chosun.com/economy/industry-company/2025/01/06/BO3WGUVLFVHH3BXGQ3BHBBNZWU,1,17,1,배터리 소재 대표 기업인 에코프로비엠은 2023년 2952억원 흑자에서 작년 약 397억원 적자를 낸 것으로 전망된다.,"조(兆) 단위 영업이익을 내던 배터리 3사는 영업이익이 수천억 원대로 급감했고, 미국의 IRA(인플레이션 감축법) 보조금을 제외하면 사실상 영업적자가 유력하다.","LG엔솔, 삼성SDI, SK이노베이션(자회사 SK온 포함) 등 배터리 3사, LG화학, 포스코홀딩스, 포스코퓨처엠, 에코프로비엠, 엘앤에프, SKIET, 더블유씨피 등 배터리 소재 기업 7사 대부분 실적이 크게 나빠질 것으로 전망된다.",유럽 노스볼트와 대규모 계약을 체결했지만 노스볼트 파산으로 수주가 급감한 엘앤에프도 적자가 2배 수준으로 늘 전망이다.,True,"배터리 소재 대표 기업인 에코프로비엠의 실적 변화에 대한 구체적인 수치와 비교를 제시하고 있으며, 이는 KOSIS 등의 국가 통계를 통해 검증될 수 있는 내용이다.",high,hcx,HCX-007,isclaim-v1.3-prev2-context,2026-08-05
A0027-C018,A0027,전기차 ‘캐즘 쇼크’… 배터리 기업 10곳 영업익 반토막,2025-01-06,https://www.chosun.com/economy/industry-company/2025/01/06/BO3WGUVLFVHH3BXGQ3BHBBNZWU,1,18,1,유럽 노스볼트와 대규모 계약을 체결했지만 노스볼트 파산으로 수주가 급감한 엘앤에프도 적자가 2배 수준으로 늘 전망이다.,배터리 소재 대표 기업인 에코프로비엠은 2023년 2952억원 흑자에서 작년 약 397억원 적자를 낸 것으로 전망된다.,"조(兆) 단위 영업이익을 내던 배터리 3사는 영업이익이 수천억 원대로 급감했고, 미국의 IRA(인플레이션 감축법) 보조금을 제외하면 사실상 영업적자가 유력하다.",◇전기차 내수 2년 연속 감소 국내 전기차 생태계를 떠받쳤던 전기차 내수가 빠르게 감소하는 것도 악재다.,False,"현재 문장은 특정 기업의 상황에 대한 설명을 포함하지만, 이는 개별 기업의 재무 상태나 사건에 관한 내용으로 국가집계 통계의 범주에 속하지 않습니다.",high,hcx,HCX-007,isclaim-v1.3-prev2-context,2026-08-05
A0027-C019,A0027,전기차 ‘캐즘 쇼크’… 배터리 기업 10곳 영업익 반토막,2025-01-06,https://www.chosun.com/economy/industry-company/2025/01/06/BO3WGUVLFVHH3BXGQ3BHBBNZWU,1,19,1,◇전기차 내수 2년 연속 감소 국내 전기차 생태계를 떠받쳤던 전기차 내수가 빠르게 감소하는 것도 악재다.,유럽 노스볼트와 대규모 계약을 체결했지만 노스볼트 파산으로 수주가 급감한 엘앤에프도 적자가 2배 수준으로 늘 전망이다.,배터리 소재 대표 기업인 에코프로비엠은 2023년 2952억원 흑자에서 작년 약 397억원 적자를 낸 것으로 전망된다.,"지난해 완성차 5사(현대차, 기아, GM한국사업장, KG모빌리티, 르노코리아)가 국내 시장에서 판매한 전기차는 9만1385대로 2023년(11만5900대)보다 21.2% 줄었다.",True,전기차 내수의 변화에 대한 언급이므로 이는 국내 집계 통계로서 KOSIS에서 관련 데이터를 찾아 대조할 수 있다.,high,hcx,HCX-007,isclaim-v1.3-prev2-context,2026-08-05
A0027-C020,A0027,전기차 ‘캐즘 쇼크’… 배터리 기업 10곳 영업익 반토막,2025-01-06,https://www.chosun.com/economy/industry-company/2025/01/06/BO3WGUVLFVHH3BXGQ3BHBBNZWU,1,20,1,"지난해 완성차 5사(현대차, 기아, GM한국사업장, KG모빌리티, 르노코리아)가 국내 시장에서 판매한 전기차는 9만1385대로 2023년(11만5900대)보다 21.2% 줄었다.",◇전기차 내수 2년 연속 감소 국내 전기차 생태계를 떠받쳤던 전기차 내수가 빠르게 감소하는 것도 악재다.,유럽 노스볼트와 대규모 계약을 체결했지만 노스볼트 파산으로 수주가 급감한 엘앤에프도 적자가 2배 수준으로 늘 전망이다.,"국내 완성차 업체들의 전기차 판매는 2020년 3만1356대에서 2022년 12만3676대로 2년 만에 3배 가까이 급증했지만, 2023년 소폭 감소한 데 이어 지난해엔 연 10만대 선이 무너졌다.",True,현재 문장은 지난해 완성차 5사가 국내에서 판매한 전기차의 수가 전년도 대비 얼마나 감소했는지를 구체적인 수치와 함께 제시하고 있습니다.,high,hcx,HCX-007,isclaim-v1.3-prev2-context,2026-08-05
A0027-C021,A0027,전기차 ‘캐즘 쇼크’… 배터리 기업 10곳 영업익 반토막,2025-01-06,https://www.chosun.com/economy/industry-company/2025/01/06/BO3WGUVLFVHH3BXGQ3BHBBNZWU,1,21,1,"국내 완성차 업체들의 전기차 판매는 2020년 3만1356대에서 2022년 12만3676대로 2년 만에 3배 가까이 급증했지만, 2023년 소폭 감소한 데 이어 지난해엔 연 10만대 선이 무너졌다.","지난해 완성차 5사(현대차, 기아, GM한국사업장, KG모빌리티, 르노코리아)가 국내 시장에서 판매한 전기차는 9만1385대로 2023년(11만5900대)보다 21.2% 줄었다.",◇전기차 내수 2년 연속 감소 국내 전기차 생태계를 떠받쳤던 전기차 내수가 빠르게 감소하는 것도 악재다.,오는 20일 출범하는 트럼프 2기가 관세 인상 등을 내세워 전기차를 비롯한 자동차의 현지 생산을 압박하는 상황에서 내수 감소는 배터리 등 전기차 생태계에 치명적이라는 지적이 나온다.,True,"국내 완성차 업체들의 전기차 판매 추이에 대한 구체적인 수치 변화가 언급되어 있으며, 이는 국가통계포털(KOSIS)에서 관련 통계를 통해 검증할 수 있는 내용이다.",high,hcx,HCX-007,isclaim-v1.3-prev2-context,2026-08-05
A0027-C022,A0027,전기차 ‘캐즘 쇼크’… 배터리 기업 10곳 영업익 반토막,2025-01-06,https://www.chosun.com/economy/industry-company/2025/01/06/BO3WGUVLFVHH3BXGQ3BHBBNZWU,1,22,1,오는 20일 출범하는 트럼프 2기가 관세 인상 등을 내세워 전기차를 비롯한 자동차의 현지 생산을 압박하는 상황에서 내수 감소는 배터리 등 전기차 생태계에 치명적이라는 지적이 나온다.,"국내 완성차 업체들의 전기차 판매는 2020년 3만1356대에서 2022년 12만3676대로 2년 만에 3배 가까이 급증했지만, 2023년 소폭 감소한 데 이어 지난해엔 연 10만대 선이 무너졌다.","지난해 완성차 5사(현대차, 기아, GM한국사업장, KG모빌리티, 르노코리아)가 국내 시장에서 판매한 전기차는 9만1385대로 2023년(11만5900대)보다 21.2% 줄었다.",특히 중국 전기차 업체 비야디(BYD)가 올해부터 국내 승용차 시장에 진출하면서 그나마 줄어든 국내 전기차 수요를 잠식할 것이란 우려도 제기된다.,False,"현재 문장은 전기차 생태계에 대한 일반적인 지적이지, 구체적인 수치나 통계적 변화를 주장하지 않는다.",high,hcx,HCX-007,isclaim-v1.3-prev2-context,2026-08-05
A0027-C023,A0027,전기차 ‘캐즘 쇼크’… 배터리 기업 10곳 영업익 반토막,2025-01-06,https://www.chosun.com/economy/industry-company/2025/01/06/BO3WGUVLFVHH3BXGQ3BHBBNZWU,1,23,1,특히 중국 전기차 업체 비야디(BYD)가 올해부터 국내 승용차 시장에 진출하면서 그나마 줄어든 국내 전기차 수요를 잠식할 것이란 우려도 제기된다.,오는 20일 출범하는 트럼프 2기가 관세 인상 등을 내세워 전기차를 비롯한 자동차의 현지 생산을 압박하는 상황에서 내수 감소는 배터리 등 전기차 생태계에 치명적이라는 지적이 나온다.,"국내 완성차 업체들의 전기차 판매는 2020년 3만1356대에서 2022년 12만3676대로 2년 만에 3배 가까이 급증했지만, 2023년 소폭 감소한 데 이어 지난해엔 연 10만대 선이 무너졌다.",이항구 아인스(AINs) 연구위원은 “현대차·기아도 현지 생산을 확대할 수밖에 없는 상황에서 내수 감소는 부품 업체 등 업계 전반에 위기”라며 “특히 중국이 강한 LFP(리튬인산철)배터리를 채택한 전기차의 비율이 2030년에는 40%까지 늘어날 것으로 예상되는 상황에서 대책이 필요하다”고 말했다.,False,"현재 문장은 중국 전기차 업체 BYD가 국내 승용차 시장에 진출하여 국내 전기차 수요가 더 줄어들 것이라는 의견을 제시하지만, 이는 단순한 예측 및 평가로서 구체적인 수치나 통계적 변화를 주장하지 않습니다.",high,hcx,HCX-007,isclaim-v1.3-prev2-context,2026-08-05
A0027-C024,A0027,전기차 ‘캐즘 쇼크’… 배터리 기업 10곳 영업익 반토막,2025-01-06,https://www.chosun.com/economy/industry-company/2025/01/06/BO3WGUVLFVHH3BXGQ3BHBBNZWU,1,24,1,이항구 아인스(AINs) 연구위원은 “현대차·기아도 현지 생산을 확대할 수밖에 없는 상황에서 내수 감소는 부품 업체 등 업계 전반에 위기”라며 “특히 중국이 강한 LFP(리튬인산철)배터리를 채택한 전기차의 비율이 2030년에는 40%까지 늘어날 것으로 예상되는 상황에서 대책이 필요하다”고 말했다.,특히 중국 전기차 업체 비야디(BYD)가 올해부터 국내 승용차 시장에 진출하면서 그나마 줄어든 국내 전기차 수요를 잠식할 것이란 우려도 제기된다.,오는 20일 출범하는 트럼프 2기가 관세 인상 등을 내세워 전기차를 비롯한 자동차의 현지 생산을 압박하는 상황에서 내수 감소는 배터리 등 전기차 생태계에 치명적이라는 지적이 나온다.,"◇中 맞설 유일한 생태계, 생존 전략 고심 SK온, 대규모 구조조정… LG엔솔, 비상 경영 선언 한국 전기차·배터리 생태계는 글로벌 시장에서 중국을 견제할 수 있는 사실상 유일한 생태계로 꼽힌다.",False,"현재 문장은 중국의 LFP 배터리를 채택한 전기차의 비율이 2030년에 40%까지 늘어날 것이라는 예측을 포함하지만, 이는 구체적인 통계나 수치 변화에 대한 직접적인 주장이 아니며, 단순한 미래 예측이므로 KOSIS 통계로 검증하기 어렵다.",low,hcx,HCX-007,isclaim-v1.3-prev2-context,2026-08-05
A0027-C025,A0027,전기차 ‘캐즘 쇼크’… 배터리 기업 10곳 영업익 반토막,2025-01-06,https://www.chosun.com/economy/industry-company/2025/01/06/BO3WGUVLFVHH3BXGQ3BHBBNZWU,1,25,1,"◇中 맞설 유일한 생태계, 생존 전략 고심 SK온, 대규모 구조조정… LG엔솔, 비상 경영 선언 한국 전기차·배터리 생태계는 글로벌 시장에서 중국을 견제할 수 있는 사실상 유일한 생태계로 꼽힌다.",이항구 아인스(AINs) 연구위원은 “현대차·기아도 현지 생산을 확대할 수밖에 없는 상황에서 내수 감소는 부품 업체 등 업계 전반에 위기”라며 “특히 중국이 강한 LFP(리튬인산철)배터리를 채택한 전기차의 비율이 2030년에는 40%까지 늘어날 것으로 예상되는 상황에서 대책이 필요하다”고 말했다.,특히 중국 전기차 업체 비야디(BYD)가 올해부터 국내 승용차 시장에 진출하면서 그나마 줄어든 국내 전기차 수요를 잠식할 것이란 우려도 제기된다.,"미국, 유럽은 완성차 기업에선 앞섰지만 배터리 기술력이 없어 한국, 일본 기업에 의존하고 있다.",False,"현재 문장은 한국의 전기차 및 배터리 산업 생태계가 중국을 견제할 수 있다는 일반적인 평가나 의견을 제시하고 있으며, 이는 특정한 수치나 통계적 변화를 주장하는 내용이 아닙니다.",high,hcx,HCX-007,isclaim-v1.3-prev2-context,2026-08-05
A0027-C026,A0027,전기차 ‘캐즘 쇼크’… 배터리 기업 10곳 영업익 반토막,2025-01-06,https://www.chosun.com/economy/industry-company/2025/01/06/BO3WGUVLFVHH3BXGQ3BHBBNZWU,1,26,1,"미국, 유럽은 완성차 기업에선 앞섰지만 배터리 기술력이 없어 한국, 일본 기업에 의존하고 있다.","◇中 맞설 유일한 생태계, 생존 전략 고심 SK온, 대규모 구조조정… LG엔솔, 비상 경영 선언 한국 전기차·배터리 생태계는 글로벌 시장에서 중국을 견제할 수 있는 사실상 유일한 생태계로 꼽힌다.",이항구 아인스(AINs) 연구위원은 “현대차·기아도 현지 생산을 확대할 수밖에 없는 상황에서 내수 감소는 부품 업체 등 업계 전반에 위기”라며 “특히 중국이 강한 LFP(리튬인산철)배터리를 채택한 전기차의 비율이 2030년에는 40%까지 늘어날 것으로 예상되는 상황에서 대책이 필요하다”고 말했다.,그러나 올해 ‘캐즘’과 ‘중국 저가 공세’ 이중 악재에 시달리며 배터리 시장 점유율이 20%대 미만으로 떨어지는 등 생존 전략을 고심해야 하는 위기에 놓였다.,False,"현재 문장은 미국과 유럽의 완성차 기업들이 배터리 기술력 부족으로 한국과 일본 기업에 의존한다는 내용으로, 이는 단순한 의견 평가나 원인 설명이지 구체적인 수치나 통계적인 변화를 주장하는 것이 아닙니다.",high,hcx,HCX-007,isclaim-v1.3-prev2-context,2026-08-05
A0027-C027,A0027,전기차 ‘캐즘 쇼크’… 배터리 기업 10곳 영업익 반토막,2025-01-06,https://www.chosun.com/economy/industry-company/2025/01/06/BO3WGUVLFVHH3BXGQ3BHBBNZWU,1,27,1,그러나 올해 ‘캐즘’과 ‘중국 저가 공세’ 이중 악재에 시달리며 배터리 시장 점유율이 20%대 미만으로 떨어지는 등 생존 전략을 고심해야 하는 위기에 놓였다.,"미국, 유럽은 완성차 기업에선 앞섰지만 배터리 기술력이 없어 한국, 일본 기업에 의존하고 있다.","◇中 맞설 유일한 생태계, 생존 전략 고심 SK온, 대규모 구조조정… LG엔솔, 비상 경영 선언 한국 전기차·배터리 생태계는 글로벌 시장에서 중국을 견제할 수 있는 사실상 유일한 생태계로 꼽힌다.",국내 배터리 기업들은 캐즘 이후를 대비하며 강도 높은 자구책을 실시하고 있다.,True,"현재 문장에서 '배터리 시장 점유율이 20%대 미만'이라는 구체적인 수치와 관련된 주장을 하고 있으며, 이는 국가통계포털(KOSIS)에서 관련 통계를 통해 검증할 수 있을 것으로 보인다.",high,hcx,HCX-007,isclaim-v1.3-prev2-context,2026-08-05
A0027-C028,A0027,전기차 ‘캐즘 쇼크’… 배터리 기업 10곳 영업익 반토막,2025-01-06,https://www.chosun.com/economy/industry-company/2025/01/06/BO3WGUVLFVHH3BXGQ3BHBBNZWU,1,28,1,국내 배터리 기업들은 캐즘 이후를 대비하며 강도 높은 자구책을 실시하고 있다.,그러나 올해 ‘캐즘’과 ‘중국 저가 공세’ 이중 악재에 시달리며 배터리 시장 점유율이 20%대 미만으로 떨어지는 등 생존 전략을 고심해야 하는 위기에 놓였다.,"미국, 유럽은 완성차 기업에선 앞섰지만 배터리 기술력이 없어 한국, 일본 기업에 의존하고 있다.","출범 이후 적자가 이어졌던 SK온은 작년 7월 가장 먼저 비상경영을 선포했고, 2달 뒤인 9월 말에는 희망퇴직과 무급휴가 신청을 받으며 대규모 구조조정에 들어갔다.",False,"현재 문장은 국내 배터리 기업들이 자구책을 실시하고 있다는 일반적인 상황을 서술하고 있으며, 구체적인 수치나 통계적인 변화를 언급하지 않습니다.",high,hcx,HCX-007,isclaim-v1.3-prev2-context,2026-08-05
A0027-C029,A0027,전기차 ‘캐즘 쇼크’… 배터리 기업 10곳 영업익 반토막,2025-01-06,https://www.chosun.com/economy/industry-company/2025/01/06/BO3WGUVLFVHH3BXGQ3BHBBNZWU,1,29,1,"출범 이후 적자가 이어졌던 SK온은 작년 7월 가장 먼저 비상경영을 선포했고, 2달 뒤인 9월 말에는 희망퇴직과 무급휴가 신청을 받으며 대규모 구조조정에 들어갔다.",국내 배터리 기업들은 캐즘 이후를 대비하며 강도 높은 자구책을 실시하고 있다.,그러나 올해 ‘캐즘’과 ‘중국 저가 공세’ 이중 악재에 시달리며 배터리 시장 점유율이 20%대 미만으로 떨어지는 등 생존 전략을 고심해야 하는 위기에 놓였다.,LG엔솔도 지난 연말 비상경영을 선언했다.,False,현재 문장은 특정 기업의 경영 상황에 대한 설명이므로 KOSIS 통계로 검증 가능한 내용이 아닙니다.,high,hcx,HCX-007,isclaim-v1.3-prev2-context,2026-08-05
A0027-C030,A0027,전기차 ‘캐즘 쇼크’… 배터리 기업 10곳 영업익 반토막,2025-01-06,https://www.chosun.com/economy/industry-company/2025/01/06/BO3WGUVLFVHH3BXGQ3BHBBNZWU,1,30,1,LG엔솔도 지난 연말 비상경영을 선언했다.,"출범 이후 적자가 이어졌던 SK온은 작년 7월 가장 먼저 비상경영을 선포했고, 2달 뒤인 9월 말에는 희망퇴직과 무급휴가 신청을 받으며 대규모 구조조정에 들어갔다.",국내 배터리 기업들은 캐즘 이후를 대비하며 강도 높은 자구책을 실시하고 있다.,지난 10년 가운데 올해 처음으로 매출 역성장이 예상됐기 때문이다.,False,"LG엔솔의 비상경영 선언은 기업의 내부 경영 전략에 관한 내용으로, 특정한 수치나 통계적 변화를 주장하지 않습니다.",high,hcx,HCX-007,isclaim-v1.3-prev2-context,2026-08-05
A0027-C031,A0027,전기차 ‘캐즘 쇼크’… 배터리 기업 10곳 영업익 반토막,2025-01-06,https://www.chosun.com/economy/industry-company/2025/01/06/BO3WGUVLFVHH3BXGQ3BHBBNZWU,1,31,1,지난 10년 가운데 올해 처음으로 매출 역성장이 예상됐기 때문이다.,LG엔솔도 지난 연말 비상경영을 선언했다.,"출범 이후 적자가 이어졌던 SK온은 작년 7월 가장 먼저 비상경영을 선포했고, 2달 뒤인 9월 말에는 희망퇴직과 무급휴가 신청을 받으며 대규모 구조조정에 들어갔다.","에코프로비엠, 엘앤에프, 포스코퓨처엠 등 소재 분야 대표 기업도 빠르게 투자를 축소하고 공급망 재편에 나서는 등 생존 전략을 고심하고 있다.",True,"현재 문장은 '매출 역성장'이라는 경제적 지표를 언급하며, 이는 기업의 성과 및 경제 활동과 관련된 중요한 정보로서 국가 통계 포털(KOSIS)에서 관련 통계를 찾아볼 수 있을 것으로 판단됩니다.",high,hcx,HCX-007,isclaim-v1.3-prev2-context,2026-08-05
A0027-C032,A0027,전기차 ‘캐즘 쇼크’… 배터리 기업 10곳 영업익 반토막,2025-01-06,https://www.chosun.com/economy/industry-company/2025/01/06/BO3WGUVLFVHH3BXGQ3BHBBNZWU,1,32,1,"에코프로비엠, 엘앤에프, 포스코퓨처엠 등 소재 분야 대표 기업도 빠르게 투자를 축소하고 공급망 재편에 나서는 등 생존 전략을 고심하고 있다.",지난 10년 가운데 올해 처음으로 매출 역성장이 예상됐기 때문이다.,LG엔솔도 지난 연말 비상경영을 선언했다.,"에코프로비엠은 설비투자 규모를 1조5000억원에서 1조원 수준으로 축소하고, 해외 합작 공장 일정을 연기했다.",False,"현재 문장은 특정 기업의 투자 축소와 공급망 재편 등의 경영 전략에 대한 내용으로, 이는 개별 기업의 행동에 관한 것이며 국가집계 통계를 검증할 수 있는 내용이 아닙니다.",high,hcx,HCX-007,isclaim-v1.3-prev2-context,2026-08-05
A0027-C033,A0027,전기차 ‘캐즘 쇼크’… 배터리 기업 10곳 영업익 반토막,2025-01-06,https://www.chosun.com/economy/industry-company/2025/01/06/BO3WGUVLFVHH3BXGQ3BHBBNZWU,1,33,1,"에코프로비엠은 설비투자 규모를 1조5000억원에서 1조원 수준으로 축소하고, 해외 합작 공장 일정을 연기했다.","에코프로비엠, 엘앤에프, 포스코퓨처엠 등 소재 분야 대표 기업도 빠르게 투자를 축소하고 공급망 재편에 나서는 등 생존 전략을 고심하고 있다.",지난 10년 가운데 올해 처음으로 매출 역성장이 예상됐기 때문이다.,포스코퓨처엠도 투자를 중단하고 일부 자산을 매각하며 재무 구조 개선에 나섰다.,False,"특정 기업의 투자 축소와 일정 연기에 대한 내용으로, 이는 개별 기업의 경영 전략에 해당하며 국가통계포털(KOSIS)에서 제공하는 통계와는 관련이 없습니다.",high,hcx,HCX-007,isclaim-v1.3-prev2-context,2026-08-05
A0027-C034,A0027,전기차 ‘캐즘 쇼크’… 배터리 기업 10곳 영업익 반토막,2025-01-06,https://www.chosun.com/economy/industry-company/2025/01/06/BO3WGUVLFVHH3BXGQ3BHBBNZWU,1,34,1,포스코퓨처엠도 투자를 중단하고 일부 자산을 매각하며 재무 구조 개선에 나섰다.,"에코프로비엠은 설비투자 규모를 1조5000억원에서 1조원 수준으로 축소하고, 해외 합작 공장 일정을 연기했다.","에코프로비엠, 엘앤에프, 포스코퓨처엠 등 소재 분야 대표 기업도 빠르게 투자를 축소하고 공급망 재편에 나서는 등 생존 전략을 고심하고 있다.",,False,"특정 기업의 투자 중단 및 자산 매각 관련 내용으로, 이는 개별 기업의 경영 전략에 해당하므로 KOSIS에서 대조 가능한 국내 집계 통계와는 관련이 없습니다.",high,hcx,HCX-007,isclaim-v1.3-prev2-context,2026-08-05
A0028-C001,A0028,"SK에너지, 유럽에 친환경 항공유 수출",2025-01-06,https://www.chosun.com/economy/industry-company/2025/01/06/D2FWYKS6CRAKZNA67UYB5LDPHE,1,1,1,SK이노베이션의 정유 부문 자회사인 SK에너지가 유럽 소재 정유사에 지속가능항공유(SAF)를 수출했다고 5일 밝혔다.,,,유럽연합(EU)이 올 1월부터 유럽 지역에서 이륙하는 모든 항공기에 SAF를 최소 2%씩 혼합해 사용하도록 의무화한 가운데 SK에너지가 현지 수출에 성공한 것이다.,False,SK에너지의 지속가능항공유(SAF) 수출 소식은 특정한 기업의 활동이므로 KOSIS에서 검증 가능한 국내 집계 통계와는 관련이 없습니다.,high,hcx,HCX-007,isclaim-v1.3-prev2-context,2026-08-05
A0028-C002,A0028,"SK에너지, 유럽에 친환경 항공유 수출",2025-01-06,https://www.chosun.com/economy/industry-company/2025/01/06/D2FWYKS6CRAKZNA67UYB5LDPHE,1,2,1,유럽연합(EU)이 올 1월부터 유럽 지역에서 이륙하는 모든 항공기에 SAF를 최소 2%씩 혼합해 사용하도록 의무화한 가운데 SK에너지가 현지 수출에 성공한 것이다.,SK이노베이션의 정유 부문 자회사인 SK에너지가 유럽 소재 정유사에 지속가능항공유(SAF)를 수출했다고 5일 밝혔다.,,SAF는 폐식용유 및 동물성 지방 등 바이오 원료를 가공해 만드는 친환경 항공유다.,False,유럽연합(EU)의 SAF 혼합 사용 의무화 정책 및 SK에너지의 수출 성공 여부는 특정한 통계나 수치 변화를 주장하는 것이 아니므로 해당되지 않습니다.,high,hcx,HCX-007,isclaim-v1.3-prev2-context,2026-08-05
A0028-C003,A0028,"SK에너지, 유럽에 친환경 항공유 수출",2025-01-06,https://www.chosun.com/economy/industry-company/2025/01/06/D2FWYKS6CRAKZNA67UYB5LDPHE,1,3,1,SAF는 폐식용유 및 동물성 지방 등 바이오 원료를 가공해 만드는 친환경 항공유다.,유럽연합(EU)이 올 1월부터 유럽 지역에서 이륙하는 모든 항공기에 SAF를 최소 2%씩 혼합해 사용하도록 의무화한 가운데 SK에너지가 현지 수출에 성공한 것이다.,SK이노베이션의 정유 부문 자회사인 SK에너지가 유럽 소재 정유사에 지속가능항공유(SAF)를 수출했다고 5일 밝혔다.,기존 항공유와 물리적·화학적 성질이 같아 항공기를 개조하지 않고도 섞어 사용할 수 있다.,False,SAF의 구성 요소나 제조 방법에 대한 설명이므로 수치나 통계적 변화를 주장하지 않는다.,high,hcx,HCX-007,isclaim-v1.3-prev2-context,2026-08-05
A0028-C004,A0028,"SK에너지, 유럽에 친환경 항공유 수출",2025-01-06,https://www.chosun.com/economy/industry-company/2025/01/06/D2FWYKS6CRAKZNA67UYB5LDPHE,1,4,1,기존 항공유와 물리적·화학적 성질이 같아 항공기를 개조하지 않고도 섞어 사용할 수 있다.,SAF는 폐식용유 및 동물성 지방 등 바이오 원료를 가공해 만드는 친환경 항공유다.,유럽연합(EU)이 올 1월부터 유럽 지역에서 이륙하는 모든 항공기에 SAF를 최소 2%씩 혼합해 사용하도록 의무화한 가운데 SK에너지가 현지 수출에 성공한 것이다.,"다만 트럼프 2기 출범과 함께 미국이 국제적인 온실가스 감축 약속인 파리협약에서 탈퇴할 방침을 내놓고, 유럽 각국도 급증한 에너지 비용 탓에 산업 경쟁력이 약화하며 탈탄소 정책에 숨 고르기를 하는 상황에서 SAF 도입도 속도 조절을 할 것이라는 관측이 나온다.",False,기존 항공유와 SAF의 물리적·화학적 성질 비교는 단순한 기술적 설명이므로 KOSIS 통계와 관련이 없다.,high,hcx,HCX-007,isclaim-v1.3-prev2-context,2026-08-05
A0028-C005,A0028,"SK에너지, 유럽에 친환경 항공유 수출",2025-01-06,https://www.chosun.com/economy/industry-company/2025/01/06/D2FWYKS6CRAKZNA67UYB5LDPHE,1,5,1,"다만 트럼프 2기 출범과 함께 미국이 국제적인 온실가스 감축 약속인 파리협약에서 탈퇴할 방침을 내놓고, 유럽 각국도 급증한 에너지 비용 탓에 산업 경쟁력이 약화하며 탈탄소 정책에 숨 고르기를 하는 상황에서 SAF 도입도 속도 조절을 할 것이라는 관측이 나온다.",기존 항공유와 물리적·화학적 성질이 같아 항공기를 개조하지 않고도 섞어 사용할 수 있다.,SAF는 폐식용유 및 동물성 지방 등 바이오 원료를 가공해 만드는 친환경 항공유다.,"EU는 올해부터 강화하려던 자동차 배기가스 기준을 지난해 원래대로 유지하기로 했고, 2030년부터 내연기관 신차 판매를 금지하려던 영국은 이를 2035년 이후로 연기했다.",False,"현재 문장은 SAF 도입 속도에 대한 예측과 관련된 내용으로, 특정한 수치나 통계적 변화를 주장하지 않습니다.",high,hcx,HCX-007,isclaim-v1.3-prev2-context,2026-08-05
A0028-C006,A0028,"SK에너지, 유럽에 친환경 항공유 수출",2025-01-06,https://www.chosun.com/economy/industry-company/2025/01/06/D2FWYKS6CRAKZNA67UYB5LDPHE,1,6,1,"EU는 올해부터 강화하려던 자동차 배기가스 기준을 지난해 원래대로 유지하기로 했고, 2030년부터 내연기관 신차 판매를 금지하려던 영국은 이를 2035년 이후로 연기했다.","다만 트럼프 2기 출범과 함께 미국이 국제적인 온실가스 감축 약속인 파리협약에서 탈퇴할 방침을 내놓고, 유럽 각국도 급증한 에너지 비용 탓에 산업 경쟁력이 약화하며 탈탄소 정책에 숨 고르기를 하는 상황에서 SAF 도입도 속도 조절을 할 것이라는 관측이 나온다.",기존 항공유와 물리적·화학적 성질이 같아 항공기를 개조하지 않고도 섞어 사용할 수 있다.,,False,"현재 문장은 EU와 영국의 자동차 배기가스 기준 및 내연기관 신차 판매 금지에 대한 정책 변화에 대해 언급하고 있으며, 이는 특정한 통계나 수치 변화를 주장하는 것이 아닙니다.",high,hcx,HCX-007,isclaim-v1.3-prev2-context,2026-08-05
A0029-C001,A0029,도로에 소주병 300박스 ‘와르르’... 지나가던 택시 덮쳤다,2025-01-07,https://www.chosun.com/national/regional/2025/01/07/7CJILQEN6ZEQDNDSVGNC7VRDXI,1,1,1,곡선 도로를 달리던 화물 차량에서 소주 상자 300개가 떨어지면서 옆 차로를 달리던 택시를 덮치는 사고가 발생했다.,,,7일 울산경찰청에 따르면 이날 오후 1시 34분쯤 울산 북구 원지삼거리를 돌아 울산공항 방향으로 달리던 화물 차량의 적재함에서 소주 30병 들이 500박스 중 300박스 가량이 도로에 떨어졌다.,False,"사고 발생 상황에 대한 단순한 서술로서, 수치나 통계적 변화를 주장하지 않음.",high,hcx,HCX-007,isclaim-v1.3-prev2-context,2026-08-05
A0029-C002,A0029,도로에 소주병 300박스 ‘와르르’... 지나가던 택시 덮쳤다,2025-01-07,https://www.chosun.com/national/regional/2025/01/07/7CJILQEN6ZEQDNDSVGNC7VRDXI,1,2,1,7일 울산경찰청에 따르면 이날 오후 1시 34분쯤 울산 북구 원지삼거리를 돌아 울산공항 방향으로 달리던 화물 차량의 적재함에서 소주 30병 들이 500박스 중 300박스 가량이 도로에 떨어졌다.,곡선 도로를 달리던 화물 차량에서 소주 상자 300개가 떨어지면서 옆 차로를 달리던 택시를 덮치는 사고가 발생했다.,,박스들이 도로 위로 쏟아지면서 옆 차로를 주행하던 택시 옆면으로 튕겨 택시와 부딪히기도 했다.,False,"현재 문장은 사고 발생 상황에 대한 설명으로, 수치나 비율 등의 통계적 변화를 주장하지 않습니다.",high,hcx,HCX-007,isclaim-v1.3-prev2-context,2026-08-05
A0029-C003,A0029,도로에 소주병 300박스 ‘와르르’... 지나가던 택시 덮쳤다,2025-01-07,https://www.chosun.com/national/regional/2025/01/07/7CJILQEN6ZEQDNDSVGNC7VRDXI,1,3,1,박스들이 도로 위로 쏟아지면서 옆 차로를 주행하던 택시 옆면으로 튕겨 택시와 부딪히기도 했다.,7일 울산경찰청에 따르면 이날 오후 1시 34분쯤 울산 북구 원지삼거리를 돌아 울산공항 방향으로 달리던 화물 차량의 적재함에서 소주 30병 들이 500박스 중 300박스 가량이 도로에 떨어졌다.,곡선 도로를 달리던 화물 차량에서 소주 상자 300개가 떨어지면서 옆 차로를 달리던 택시를 덮치는 사고가 발생했다.,택시에는 운전 기사와 승객 1명 등 2명이 타고 있었지만 크게 다치지는 않은 것으로 전해졌다.,False,"현재 문장은 사고 상황에 대한 서술로서, 수치나 통계적 변화를 주장하는 내용이 아닙니다.",high,hcx,HCX-007,isclaim-v1.3-prev2-context,2026-08-05
A0029-C004,A0029,도로에 소주병 300박스 ‘와르르’... 지나가던 택시 덮쳤다,2025-01-07,https://www.chosun.com/national/regional/2025/01/07/7CJILQEN6ZEQDNDSVGNC7VRDXI,1,4,1,택시에는 운전 기사와 승객 1명 등 2명이 타고 있었지만 크게 다치지는 않은 것으로 전해졌다.,박스들이 도로 위로 쏟아지면서 옆 차로를 주행하던 택시 옆면으로 튕겨 택시와 부딪히기도 했다.,7일 울산경찰청에 따르면 이날 오후 1시 34분쯤 울산 북구 원지삼거리를 돌아 울산공항 방향으로 달리던 화물 차량의 적재함에서 소주 30병 들이 500박스 중 300박스 가량이 도로에 떨어졌다.,다만 상자에 들어 있던 소주병 약 9000개가 대부분 깨지고 유리 파편이 사방으로 튀면서 4개 차로 중 2개 차로가 통제돼 극심한 정체를 빚었다.,False,"현재 문장은 사고 당시 택시에 탑승했던 사람들의 부상 여부에 대한 정보로, 이는 단순한 사건 보고이지 KOSIS를 통해 검증 가능한 통계적 주장이 아닙니다.",high,hcx,HCX-007,isclaim-v1.3-prev2-context,2026-08-05
A0029-C005,A0029,도로에 소주병 300박스 ‘와르르’... 지나가던 택시 덮쳤다,2025-01-07,https://www.chosun.com/national/regional/2025/01/07/7CJILQEN6ZEQDNDSVGNC7VRDXI,1,5,1,다만 상자에 들어 있던 소주병 약 9000개가 대부분 깨지고 유리 파편이 사방으로 튀면서 4개 차로 중 2개 차로가 통제돼 극심한 정체를 빚었다.,택시에는 운전 기사와 승객 1명 등 2명이 타고 있었지만 크게 다치지는 않은 것으로 전해졌다.,박스들이 도로 위로 쏟아지면서 옆 차로를 주행하던 택시 옆면으로 튕겨 택시와 부딪히기도 했다.,50대인 화물 차량 운전자는 사고 당시 음주 상태는 아니었던 것으로 확인됐다.,False,"현재 문장은 사고로 인해 발생한 차량 정체 상황에 대한 설명으로, 이는 수치나 통계적인 변화를 주장하는 내용이 아닙니다.",high,hcx,HCX-007,isclaim-v1.3-prev2-context,2026-08-05
A0029-C006,A0029,도로에 소주병 300박스 ‘와르르’... 지나가던 택시 덮쳤다,2025-01-07,https://www.chosun.com/national/regional/2025/01/07/7CJILQEN6ZEQDNDSVGNC7VRDXI,1,6,1,50대인 화물 차량 운전자는 사고 당시 음주 상태는 아니었던 것으로 확인됐다.,다만 상자에 들어 있던 소주병 약 9000개가 대부분 깨지고 유리 파편이 사방으로 튀면서 4개 차로 중 2개 차로가 통제돼 극심한 정체를 빚었다.,택시에는 운전 기사와 승객 1명 등 2명이 타고 있었지만 크게 다치지는 않은 것으로 전해졌다.,경찰은 사고 일대 현장을 정리한 뒤 적재물 추락 방지 위반 여부 등을 조사하고 있다.,False,화물 차량 운전자의 나이와 음주 상태에 대한 정보는 개인 정보이므로 KOSIS 통계로 검증할 수 없다.,high,hcx,HCX-007,isclaim-v1.3-prev2-context,2026-08-05
A0029-C007,A0029,도로에 소주병 300박스 ‘와르르’... 지나가던 택시 덮쳤다,2025-01-07,https://www.chosun.com/national/regional/2025/01/07/7CJILQEN6ZEQDNDSVGNC7VRDXI,1,7,1,경찰은 사고 일대 현장을 정리한 뒤 적재물 추락 방지 위반 여부 등을 조사하고 있다.,50대인 화물 차량 운전자는 사고 당시 음주 상태는 아니었던 것으로 확인됐다.,다만 상자에 들어 있던 소주병 약 9000개가 대부분 깨지고 유리 파편이 사방으로 튀면서 4개 차로 중 2개 차로가 통제돼 극심한 정체를 빚었다.,울산경찰청 소주병 300박스 도로 사고,False,"현재 문장은 경찰이 사고 현장을 정리하고 조사를 진행한다는 내용으로, 수치나 통계적인 변화를 주장하지 않습니다.",high,hcx,HCX-007,isclaim-v1.3-prev2-context,2026-08-05
A0029-C008,A0029,도로에 소주병 300박스 ‘와르르’... 지나가던 택시 덮쳤다,2025-01-07,https://www.chosun.com/national/regional/2025/01/07/7CJILQEN6ZEQDNDSVGNC7VRDXI,1,8,1,울산경찰청 소주병 300박스 도로 사고,경찰은 사고 일대 현장을 정리한 뒤 적재물 추락 방지 위반 여부 등을 조사하고 있다.,50대인 화물 차량 운전자는 사고 당시 음주 상태는 아니었던 것으로 확인됐다.,,False,현재 문장은 단순한 사건 보고로서 수치나 통계적인 변화를 주장하지 않습니다.,high,hcx,HCX-007,isclaim-v1.3-prev2-context,2026-08-05
A0030-C001,A0030,[경제계 인사] 한온시스템 대표이사 이수일 외,2025-01-07,https://www.chosun.com/economy/auto/2025/01/07/5ZY64TIAFJDXBFUXZYB6VGPFJY,1,1,1,한온시스템 대표이사 이수일 한온시스템은 이수일 한국앤컴퍼니그룹 부회장을 신임 대표이사로 선임했다고 6일 밝혔다.,,,"한국앤컴퍼니그룹은 지난해 10월 말 한온시스템 인수 계약을 맺었으며, 이 신임 대표는 인수 후 통합 과정을 지휘했다.",False,"현재 문장은 한온시스템의 신임 대표이사 선임을 알리는 내용으로, 이는 특정한 개인 정보 및 기업의 인사 발령에 해당하며, 국가집계 통계를 검증하는 내용이 아닙니다.",high,hcx,HCX-007,isclaim-v1.3-prev2-context,2026-08-05
A0030-C002,A0030,[경제계 인사] 한온시스템 대표이사 이수일 외,2025-01-07,https://www.chosun.com/economy/auto/2025/01/07/5ZY64TIAFJDXBFUXZYB6VGPFJY,1,2,1,"한국앤컴퍼니그룹은 지난해 10월 말 한온시스템 인수 계약을 맺었으며, 이 신임 대표는 인수 후 통합 과정을 지휘했다.",한온시스템 대표이사 이수일 한온시스템은 이수일 한국앤컴퍼니그룹 부회장을 신임 대표이사로 선임했다고 6일 밝혔다.,,볼보그룹코리아 대표이사 홍석철 굴착기 제조업체 볼보그룹코리아(옛 볼보건설기계코리아)는 신임 대표이사에 홍석철 창원 오퍼레이션 총괄을 선임했다고 6일 밝혔다.,False,"현재 문장은 한국앤컴퍼니그룹의 한온시스템 인수 및 통합 과정에 대한 설명이므로, 이는 수치나 통계적인 변화를 주장하는 내용이 아닙니다.",high,hcx,HCX-007,isclaim-v1.3-prev2-context,2026-08-05
A0030-C003,A0030,[경제계 인사] 한온시스템 대표이사 이수일 외,2025-01-07,https://www.chosun.com/economy/auto/2025/01/07/5ZY64TIAFJDXBFUXZYB6VGPFJY,1,3,1,볼보그룹코리아 대표이사 홍석철 굴착기 제조업체 볼보그룹코리아(옛 볼보건설기계코리아)는 신임 대표이사에 홍석철 창원 오퍼레이션 총괄을 선임했다고 6일 밝혔다.,"한국앤컴퍼니그룹은 지난해 10월 말 한온시스템 인수 계약을 맺었으며, 이 신임 대표는 인수 후 통합 과정을 지휘했다.",한온시스템 대표이사 이수일 한온시스템은 이수일 한국앤컴퍼니그룹 부회장을 신임 대표이사로 선임했다고 6일 밝혔다.,,False,"현재 문장은 기업의 인사 발령에 대한 내용으로, 수치나 통계적인 변화를 주장하지 않습니다.",high,hcx,HCX-007,isclaim-v1.3-prev2-context,2026-08-05
A0031-C001,A0031,"테슬라 Y, 벤츠·BMW 제쳐… 2년 연속 최고 인기 수입차",2025-01-07,https://www.chosun.com/economy/auto/2025/01/07/LZQVWHYSWNHDFOXAWZNALC57BY,1,1,1,테슬라 모델 Y가 BMW 520과 메르세데스-벤츠 E200을 제치고 지난해 국내 수입차 시장에서 최고 인기차에 올랐다.,,,"2023년 벤츠 E250, BMW 520을 누른 데 이어 2년 연속 1위다.",False,"테슬라 모델 Y가 다른 차량들을 제치고 국내 수입차 시장에서 최고 인기차에 올랐다는 내용은 특정 기업의 매출이나 실적, 시장 점유율 등에 관한 정보이므로 KOSIS 통계로 검증하기 어렵습니다.",high,hcx,HCX-007,isclaim-v1.3-prev2-context,2026-08-05
A0031-C002,A0031,"테슬라 Y, 벤츠·BMW 제쳐… 2년 연속 최고 인기 수입차",2025-01-07,https://www.chosun.com/economy/auto/2025/01/07/LZQVWHYSWNHDFOXAWZNALC57BY,1,2,1,"2023년 벤츠 E250, BMW 520을 누른 데 이어 2년 연속 1위다.",테슬라 모델 Y가 BMW 520과 메르세데스-벤츠 E200을 제치고 지난해 국내 수입차 시장에서 최고 인기차에 올랐다.,,2010년대 중반 폴크스바겐 티구안이 반짝했던 때를 제외하면 BMW 520과 벤츠 E클래스 대표 모델이 양분해왔던 수입 베스트셀링카 자리를 모델 Y가 굳혀가는 것이다.,False,특정 기업의 판매 실적 및 순위 변동은 집계 통계가 아니므로 KOSIS에서 검증할 수 없다.,high,hcx,HCX-007,isclaim-v1.3-prev2-context,2026-08-05
A0031-C003,A0031,"테슬라 Y, 벤츠·BMW 제쳐… 2년 연속 최고 인기 수입차",2025-01-07,https://www.chosun.com/economy/auto/2025/01/07/LZQVWHYSWNHDFOXAWZNALC57BY,1,3,1,2010년대 중반 폴크스바겐 티구안이 반짝했던 때를 제외하면 BMW 520과 벤츠 E클래스 대표 모델이 양분해왔던 수입 베스트셀링카 자리를 모델 Y가 굳혀가는 것이다.,"2023년 벤츠 E250, BMW 520을 누른 데 이어 2년 연속 1위다.",테슬라 모델 Y가 BMW 520과 메르세데스-벤츠 E200을 제치고 지난해 국내 수입차 시장에서 최고 인기차에 올랐다.,한국수입자동차협회(KAIDA)는 6일 “지난해 테슬라 모델 Y가 연간 1만8717대가 팔리며 수입 승용차 가운데 최고 인기 모델에 올랐다”고 밝혔다.,False,"현재 문장은 특정 자동차 모델들의 시장 점유율 변화에 대한 설명이므로, 이는 KOSIS 통계로 검증 가능한 내용이 아닙니다.",high,hcx,HCX-007,isclaim-v1.3-prev2-context,2026-08-05
A0031-C004,A0031,"테슬라 Y, 벤츠·BMW 제쳐… 2년 연속 최고 인기 수입차",2025-01-07,https://www.chosun.com/economy/auto/2025/01/07/LZQVWHYSWNHDFOXAWZNALC57BY,1,4,1,한국수입자동차협회(KAIDA)는 6일 “지난해 테슬라 모델 Y가 연간 1만8717대가 팔리며 수입 승용차 가운데 최고 인기 모델에 올랐다”고 밝혔다.,2010년대 중반 폴크스바겐 티구안이 반짝했던 때를 제외하면 BMW 520과 벤츠 E클래스 대표 모델이 양분해왔던 수입 베스트셀링카 자리를 모델 Y가 굳혀가는 것이다.,"2023년 벤츠 E250, BMW 520을 누른 데 이어 2년 연속 1위다.","모델 Y는 2023년 하반기부터 중국산을 국내에 들여오며, 가격을 기존 미국산보다 수백만원 이상 할인했다.",True,현재 문장은 지난해 테슬라 모델 Y 판매량이 1만8717대로 수입 승용차 중 최고 인기 모델이라는 구체적인 통계를 제시하고 있다.,high,hcx,HCX-007,isclaim-v1.3-prev2-context,2026-08-05
A0031-C005,A0031,"테슬라 Y, 벤츠·BMW 제쳐… 2년 연속 최고 인기 수입차",2025-01-07,https://www.chosun.com/economy/auto/2025/01/07/LZQVWHYSWNHDFOXAWZNALC57BY,1,5,1,"모델 Y는 2023년 하반기부터 중국산을 국내에 들여오며, 가격을 기존 미국산보다 수백만원 이상 할인했다.",한국수입자동차협회(KAIDA)는 6일 “지난해 테슬라 모델 Y가 연간 1만8717대가 팔리며 수입 승용차 가운데 최고 인기 모델에 올랐다”고 밝혔다.,2010년대 중반 폴크스바겐 티구안이 반짝했던 때를 제외하면 BMW 520과 벤츠 E클래스 대표 모델이 양분해왔던 수입 베스트셀링카 자리를 모델 Y가 굳혀가는 것이다.,"BMW 520과 벤츠 E200은 2, 3위, 벤츠 E300 4MATIC, 테슬라 모델 3는 4, 5위를 나타냈다.",False,모델 Y의 가격 할인은 특정 기업의 매출 및 가격에 관한 정보이므로 KOSIS 통계로 검증할 수 없다.,high,hcx,HCX-007,isclaim-v1.3-prev2-context,2026-08-05
A0031-C006,A0031,"테슬라 Y, 벤츠·BMW 제쳐… 2년 연속 최고 인기 수입차",2025-01-07,https://www.chosun.com/economy/auto/2025/01/07/LZQVWHYSWNHDFOXAWZNALC57BY,1,6,1,"BMW 520과 벤츠 E200은 2, 3위, 벤츠 E300 4MATIC, 테슬라 모델 3는 4, 5위를 나타냈다.","모델 Y는 2023년 하반기부터 중국산을 국내에 들여오며, 가격을 기존 미국산보다 수백만원 이상 할인했다.",한국수입자동차협회(KAIDA)는 6일 “지난해 테슬라 모델 Y가 연간 1만8717대가 팔리며 수입 승용차 가운데 최고 인기 모델에 올랐다”고 밝혔다.,전체 수입차 판매는 2023년(27만1034대)보다 2.9% 감소한 26만3288대에 그쳤다.,False,"현재 문장은 특정 자동차 모델들의 판매 순위에 대한 정보를 제공하고 있으며, 이는 개별 기업의 매출 및 실적 정보로서 KOSIS에서 제공하는 국가 통계의 범주에 속하지 않습니다.",high,hcx,HCX-007,isclaim-v1.3-prev2-context,2026-08-05
A0031-C007,A0031,"테슬라 Y, 벤츠·BMW 제쳐… 2년 연속 최고 인기 수입차",2025-01-07,https://www.chosun.com/economy/auto/2025/01/07/LZQVWHYSWNHDFOXAWZNALC57BY,1,7,1,전체 수입차 판매는 2023년(27만1034대)보다 2.9% 감소한 26만3288대에 그쳤다.,"BMW 520과 벤츠 E200은 2, 3위, 벤츠 E300 4MATIC, 테슬라 모델 3는 4, 5위를 나타냈다.","모델 Y는 2023년 하반기부터 중국산을 국내에 들여오며, 가격을 기존 미국산보다 수백만원 이상 할인했다.","브랜드별로는 BMW(7만3754대)와 벤츠(6만6400대)가 전년과 같은 1, 2위를 유지했고, 테슬라가 2023년(1만 6461대)의 두 배에 가까운 2만9750대를 판매하며 3위에 올랐다.",True,"현재 문장은 2023년 대비 2024년의 전체 수입차 판매량이 감소했다는 구체적인 통계를 제시하며, 이는 국가통계포털(KOSIS)에서 확인 가능한 국내 집계 통계 정보이기 때문에 True로 판단됩니다.",high,hcx,HCX-007,isclaim-v1.3-prev2-context,2026-08-05
A0031-C008,A0031,"테슬라 Y, 벤츠·BMW 제쳐… 2년 연속 최고 인기 수입차",2025-01-07,https://www.chosun.com/economy/auto/2025/01/07/LZQVWHYSWNHDFOXAWZNALC57BY,1,8,1,"브랜드별로는 BMW(7만3754대)와 벤츠(6만6400대)가 전년과 같은 1, 2위를 유지했고, 테슬라가 2023년(1만 6461대)의 두 배에 가까운 2만9750대를 판매하며 3위에 올랐다.",전체 수입차 판매는 2023년(27만1034대)보다 2.9% 감소한 26만3288대에 그쳤다.,"BMW 520과 벤츠 E200은 2, 3위, 벤츠 E300 4MATIC, 테슬라 모델 3는 4, 5위를 나타냈다.",,True,"현재 문장은 브랜드별 수입차 판매량에 대한 구체적인 수치 정보를 포함하고 있으며, 이는 국가통계포털(KOSIS)에서 관련 통계를 통해 검증할 수 있는 내용이다.",high,hcx,HCX-007,isclaim-v1.3-prev2-context,2026-08-05
A0032-C001,A0032,현대차 ‘고졸 킹산직’ 1100명 채용,2025-01-07,https://www.chosun.com/economy/auto/2025/01/07/SLMMHC5I7JF5LGSUIKKJXGUJCI,1,1,1,현대차가 새해 고졸 생산직 채용에 나선다.,,,내년까지 총 1100명을 채용한다는 계획이다.,False,현대차의 고졸 생산직 채용 소식은 특정 기업의 고용 계획이므로 KOSIS 통계로 검증할 수 있는 내용이 아닙니다.,high,hcx,HCX-007,isclaim-v1.3-prev2-context,2026-08-05
A0032-C002,A0032,현대차 ‘고졸 킹산직’ 1100명 채용,2025-01-07,https://www.chosun.com/economy/auto/2025/01/07/SLMMHC5I7JF5LGSUIKKJXGUJCI,1,2,1,내년까지 총 1100명을 채용한다는 계획이다.,현대차가 새해 고졸 생산직 채용에 나선다.,,"현대차 생산직은 정년이 보장되는 데다 초봉이 6000만원 안팎에 이르고, 차량 할인 등 복지도 업계 최고 수준이라 일자리를 찾는 20~30대 사이에서 ‘킹산직(킹+생산직)’으로 불린다.",False,내년까지 총 1100명을 채용한다는 계획은 특정 기업의 고용 계획이므로 KOSIS에서 검증할 수 있는 내용이 아닙니다.,high,hcx,HCX-007,isclaim-v1.3-prev2-context,2026-08-05
A0032-C003,A0032,현대차 ‘고졸 킹산직’ 1100명 채용,2025-01-07,https://www.chosun.com/economy/auto/2025/01/07/SLMMHC5I7JF5LGSUIKKJXGUJCI,1,3,1,"현대차 생산직은 정년이 보장되는 데다 초봉이 6000만원 안팎에 이르고, 차량 할인 등 복지도 업계 최고 수준이라 일자리를 찾는 20~30대 사이에서 ‘킹산직(킹+생산직)’으로 불린다.",내년까지 총 1100명을 채용한다는 계획이다.,현대차가 새해 고졸 생산직 채용에 나선다.,지난해 상반기 현대차 채용 당시엔 경쟁률이 수백 대 1에 달했다.,False,"현재 문장은 현대차 생산직의 복지 및 사회적 인식에 대한 설명을 하고 있으며, 이는 특정한 수치나 통계적 변화를 주장하는 것이 아닙니다.",high,hcx,HCX-007,isclaim-v1.3-prev2-context,2026-08-05
A0032-C004,A0032,현대차 ‘고졸 킹산직’ 1100명 채용,2025-01-07,https://www.chosun.com/economy/auto/2025/01/07/SLMMHC5I7JF5LGSUIKKJXGUJCI,1,4,1,지난해 상반기 현대차 채용 당시엔 경쟁률이 수백 대 1에 달했다.,"현대차 생산직은 정년이 보장되는 데다 초봉이 6000만원 안팎에 이르고, 차량 할인 등 복지도 업계 최고 수준이라 일자리를 찾는 20~30대 사이에서 ‘킹산직(킹+생산직)’으로 불린다.",내년까지 총 1100명을 채용한다는 계획이다.,"현대차는 6일 자동차 생산, 연구개발(R&D) 기술인력, R&D 유틸리티 관리 등 3가지 부문에서 고졸 기술인력 수백 명을 채용한다고 밝혔다.",False,"경쟁률은 단순한 비교 수치로서, KOSIS에서 제공하는 국가 통계의 범주에 속하지 않습니다.",high,hcx,HCX-007,isclaim-v1.3-prev2-context,2026-08-05
A0032-C005,A0032,현대차 ‘고졸 킹산직’ 1100명 채용,2025-01-07,https://www.chosun.com/economy/auto/2025/01/07/SLMMHC5I7JF5LGSUIKKJXGUJCI,1,5,1,"현대차는 6일 자동차 생산, 연구개발(R&D) 기술인력, R&D 유틸리티 관리 등 3가지 부문에서 고졸 기술인력 수백 명을 채용한다고 밝혔다.",지난해 상반기 현대차 채용 당시엔 경쟁률이 수백 대 1에 달했다.,"현대차 생산직은 정년이 보장되는 데다 초봉이 6000만원 안팎에 이르고, 차량 할인 등 복지도 업계 최고 수준이라 일자리를 찾는 20~30대 사이에서 ‘킹산직(킹+생산직)’으로 불린다.",지원 자격은 고등학교 졸업 이상으로 오는 14~20일 서류를 접수한다.,False,"현대차가 다양한 부문에서 고졸 기술인력을 채용한다는 내용은 특정한 수치나 통계적 변화를 주장하지 않으며, 이는 개별 기업의 고용 계획이므로 KOSIS에서 검증 가능한 정보가 아닙니다.",high,hcx,HCX-007,isclaim-v1.3-prev2-context,2026-08-05
A0032-C006,A0032,현대차 ‘고졸 킹산직’ 1100명 채용,2025-01-07,https://www.chosun.com/economy/auto/2025/01/07/SLMMHC5I7JF5LGSUIKKJXGUJCI,1,6,1,지원 자격은 고등학교 졸업 이상으로 오는 14~20일 서류를 접수한다.,"현대차는 6일 자동차 생산, 연구개발(R&D) 기술인력, R&D 유틸리티 관리 등 3가지 부문에서 고졸 기술인력 수백 명을 채용한다고 밝혔다.",지난해 상반기 현대차 채용 당시엔 경쟁률이 수백 대 1에 달했다.,"서류 합격자는 인·적성 검사와 1차 및 최종 면접을 거치며, 최종 합격자는 부문별로 5~6월에 발표할 예정이다.",False,지원 자격 및 서류 접수 일정은 수치나 통계적 변화와 관련된 주장이 아니므로 해당되지 않습니다.,high,hcx,HCX-007,isclaim-v1.3-prev2-context,2026-08-05
A0032-C007,A0032,현대차 ‘고졸 킹산직’ 1100명 채용,2025-01-07,https://www.chosun.com/economy/auto/2025/01/07/SLMMHC5I7JF5LGSUIKKJXGUJCI,1,7,1,"서류 합격자는 인·적성 검사와 1차 및 최종 면접을 거치며, 최종 합격자는 부문별로 5~6월에 발표할 예정이다.",지원 자격은 고등학교 졸업 이상으로 오는 14~20일 서류를 접수한다.,"현대차는 6일 자동차 생산, 연구개발(R&D) 기술인력, R&D 유틸리티 관리 등 3가지 부문에서 고졸 기술인력 수백 명을 채용한다고 밝혔다.","자동차 생산 부문 합격자는 6월과 7월 두 차례로 나눠 현대차 울산·아산·전주 공장 생산 현장에 배치되며, R&D 기술인력 및 유틸리티 관리 부문 합격자는 6월 중 현대차그룹 남양연구소에서 근무를 시작하게 된다.",False,"현재 문장은 채용 절차와 일정에 대한 정보로, 수치나 통계적인 변화를 주장하지 않습니다.",high,hcx,HCX-007,isclaim-v1.3-prev2-context,2026-08-05
A0032-C008,A0032,현대차 ‘고졸 킹산직’ 1100명 채용,2025-01-07,https://www.chosun.com/economy/auto/2025/01/07/SLMMHC5I7JF5LGSUIKKJXGUJCI,1,8,1,"자동차 생산 부문 합격자는 6월과 7월 두 차례로 나눠 현대차 울산·아산·전주 공장 생산 현장에 배치되며, R&D 기술인력 및 유틸리티 관리 부문 합격자는 6월 중 현대차그룹 남양연구소에서 근무를 시작하게 된다.","서류 합격자는 인·적성 검사와 1차 및 최종 면접을 거치며, 최종 합격자는 부문별로 5~6월에 발표할 예정이다.",지원 자격은 고등학교 졸업 이상으로 오는 14~20일 서류를 접수한다.,현대차는 2013년 4월 이후 기술직 채용을 중단했다가 2022년 임협에서 노사가 신규 채용을 합의하고 2023년부터 채용을 진행하고 있다.,False,"현재 문장은 채용 일정과 관련된 정보로, 수치나 통계적인 변화를 주장하지 않습니다.",high,hcx,HCX-007,isclaim-v1.3-prev2-context,2026-08-05
A0032-C009,A0032,현대차 ‘고졸 킹산직’ 1100명 채용,2025-01-07,https://www.chosun.com/economy/auto/2025/01/07/SLMMHC5I7JF5LGSUIKKJXGUJCI,1,9,1,현대차는 2013년 4월 이후 기술직 채용을 중단했다가 2022년 임협에서 노사가 신규 채용을 합의하고 2023년부터 채용을 진행하고 있다.,"자동차 생산 부문 합격자는 6월과 7월 두 차례로 나눠 현대차 울산·아산·전주 공장 생산 현장에 배치되며, R&D 기술인력 및 유틸리티 관리 부문 합격자는 6월 중 현대차그룹 남양연구소에서 근무를 시작하게 된다.","서류 합격자는 인·적성 검사와 1차 및 최종 면접을 거치며, 최종 합격자는 부문별로 5~6월에 발표할 예정이다.",2023년 상반기와 지난해 상·하반기 공채에선 각각 400명씩을 채용했다.,False,"현재 문장은 현대차의 기술직 채용 재개 과정에 대한 역사적 사실을 서술하고 있으며, 이는 특정한 수치나 통계적 변화를 주장하는 것이 아닙니다.",high,hcx,HCX-007,isclaim-v1.3-prev2-context,2026-08-05
A0032-C010,A0032,현대차 ‘고졸 킹산직’ 1100명 채용,2025-01-07,https://www.chosun.com/economy/auto/2025/01/07/SLMMHC5I7JF5LGSUIKKJXGUJCI,1,10,1,2023년 상반기와 지난해 상·하반기 공채에선 각각 400명씩을 채용했다.,현대차는 2013년 4월 이후 기술직 채용을 중단했다가 2022년 임협에서 노사가 신규 채용을 합의하고 2023년부터 채용을 진행하고 있다.,"자동차 생산 부문 합격자는 6월과 7월 두 차례로 나눠 현대차 울산·아산·전주 공장 생산 현장에 배치되며, R&D 기술인력 및 유틸리티 관리 부문 합격자는 6월 중 현대차그룹 남양연구소에서 근무를 시작하게 된다.",지난해 말에는 드라마 ‘미스터 션샤인’에 나온 배우 이정현씨가 현대차그룹 계열사인 기아의 엔지니어(생산직) 채용에 지원했다,True,"현재 문장은 현대차의 연간 채용 인원에 대한 구체적인 수치를 포함하고 있으며, 이는 고용 관련 통계로서 KOSIS에서 확인 가능한 정보일 가능성이 높습니다.",high,hcx,HCX-007,isclaim-v1.3-prev2-context,2026-08-05
A0032-C011,A0032,현대차 ‘고졸 킹산직’ 1100명 채용,2025-01-07,https://www.chosun.com/economy/auto/2025/01/07/SLMMHC5I7JF5LGSUIKKJXGUJCI,1,11,1,지난해 말에는 드라마 ‘미스터 션샤인’에 나온 배우 이정현씨가 현대차그룹 계열사인 기아의 엔지니어(생산직) 채용에 지원했다,2023년 상반기와 지난해 상·하반기 공채에선 각각 400명씩을 채용했다.,현대차는 2013년 4월 이후 기술직 채용을 중단했다가 2022년 임협에서 노사가 신규 채용을 합의하고 2023년부터 채용을 진행하고 있다.,탈락한 일이 알려지기도 했다.,False,현재 문장은 특정 사건이나 개인에 대한 정보이므로 KOSIS 통계로 검증할 수 없다.,high,hcx,HCX-007,isclaim-v1.3-prev2-context,2026-08-05
A0032-C012,A0032,현대차 ‘고졸 킹산직’ 1100명 채용,2025-01-07,https://www.chosun.com/economy/auto/2025/01/07/SLMMHC5I7JF5LGSUIKKJXGUJCI,1,12,1,탈락한 일이 알려지기도 했다.,지난해 말에는 드라마 ‘미스터 션샤인’에 나온 배우 이정현씨가 현대차그룹 계열사인 기아의 엔지니어(생산직) 채용에 지원했다,2023년 상반기와 지난해 상·하반기 공채에선 각각 400명씩을 채용했다.,,False,"현재 문장은 특정 사건이나 개인 경험에 대한 내용으로, KOSIS에서 검증 가능한 수치나 통계적 변화를 주장하지 않습니다.",high,hcx,HCX-007,isclaim-v1.3-prev2-context,2026-08-05
A0033-C001,A0033,BYD “모든 멕시코 주민의 첫 전기차” 내세우자… 멕시코 “전기차 독자 생산할 것”,2025-01-07,https://www.chosun.com/economy/auto/2025/01/07/TY2H22LT25BJRA73UP7YYS7WEU,1,1,1,"BYD, 지리자동차(吉利) 등 중국 자동차 브랜드의 공습이 강해지고 미국의 관세 위협이 현실화하자 멕시코 정부가 민관 합작으로 전기차 생산과 국내 공급망 구축에 나선다고 밝혔다.",,,"CNN 등 외신에 따르면, 클라우디아 셰인바움 멕시코 대통령은 6일(현지 시각) 정례 기자회견을 갖고 “저렴한 가격으로 환경 친화적이며 안전한 경형 전기차를 개발할 예정”이라며 “정부 예산과 민간 기업 자본을 투입해 전기차 생산 공장을 세울 것”이라고 말했다.",False,문장은 특정 기업의 행동에 대한 설명이므로 KOSIS 통계로 검증 가능한 내용이 아닙니다.,high,hcx,HCX-007,isclaim-v1.3-prev2-context,2026-08-05
A0033-C002,A0033,BYD “모든 멕시코 주민의 첫 전기차” 내세우자… 멕시코 “전기차 독자 생산할 것”,2025-01-07,https://www.chosun.com/economy/auto/2025/01/07/TY2H22LT25BJRA73UP7YYS7WEU,1,2,1,"CNN 등 외신에 따르면, 클라우디아 셰인바움 멕시코 대통령은 6일(현지 시각) 정례 기자회견을 갖고 “저렴한 가격으로 환경 친화적이며 안전한 경형 전기차를 개발할 예정”이라며 “정부 예산과 민간 기업 자본을 투입해 전기차 생산 공장을 세울 것”이라고 말했다.","BYD, 지리자동차(吉利) 등 중국 자동차 브랜드의 공습이 강해지고 미국의 관세 위협이 현실화하자 멕시코 정부가 민관 합작으로 전기차 생산과 국내 공급망 구축에 나선다고 밝혔다.",,자동차 생산을 위해 설립된 ‘올리니아’의 로베르트 카푸아노 대표는 이날 회견에서 “첫 전기차 모델을 2026년 6월 월드컵 개막 이전에 공개하겠다”며 100% 멕시코 내에서 제조하는 부품을 활용하겠다고도 밝혔다.,False,"현재 문장은 멕시코 정부의 전기차 개발 및 생산 계획에 대한 내용으로, 구체적인 수치나 통계적 변화를 주장하지 않는다.",high,hcx,HCX-007,isclaim-v1.3-prev2-context,2026-08-05
A0033-C003,A0033,BYD “모든 멕시코 주민의 첫 전기차” 내세우자… 멕시코 “전기차 독자 생산할 것”,2025-01-07,https://www.chosun.com/economy/auto/2025/01/07/TY2H22LT25BJRA73UP7YYS7WEU,1,3,1,자동차 생산을 위해 설립된 ‘올리니아’의 로베르트 카푸아노 대표는 이날 회견에서 “첫 전기차 모델을 2026년 6월 월드컵 개막 이전에 공개하겠다”며 100% 멕시코 내에서 제조하는 부품을 활용하겠다고도 밝혔다.,"CNN 등 외신에 따르면, 클라우디아 셰인바움 멕시코 대통령은 6일(현지 시각) 정례 기자회견을 갖고 “저렴한 가격으로 환경 친화적이며 안전한 경형 전기차를 개발할 예정”이라며 “정부 예산과 민간 기업 자본을 투입해 전기차 생산 공장을 세울 것”이라고 말했다.","BYD, 지리자동차(吉利) 등 중국 자동차 브랜드의 공습이 강해지고 미국의 관세 위협이 현실화하자 멕시코 정부가 민관 합작으로 전기차 생산과 국내 공급망 구축에 나선다고 밝혔다.",전기차 배터리의 핵심 소재인 리튬을 멕시코 국내에서 우선 공급해 가격 경쟁력을 확보하겠다는 계획도 함께 알려졌다.,False,"현재 문장은 첫 전기차 모델 출시 일정 및 제조 부품의 국산화 계획에 대한 내용으로, 이는 특정한 수치나 통계적 변화를 주장하는 것이 아닙니다.",high,hcx,HCX-007,isclaim-v1.3-prev2-context,2026-08-05
A0033-C004,A0033,BYD “모든 멕시코 주민의 첫 전기차” 내세우자… 멕시코 “전기차 독자 생산할 것”,2025-01-07,https://www.chosun.com/economy/auto/2025/01/07/TY2H22LT25BJRA73UP7YYS7WEU,1,4,1,전기차 배터리의 핵심 소재인 리튬을 멕시코 국내에서 우선 공급해 가격 경쟁력을 확보하겠다는 계획도 함께 알려졌다.,자동차 생산을 위해 설립된 ‘올리니아’의 로베르트 카푸아노 대표는 이날 회견에서 “첫 전기차 모델을 2026년 6월 월드컵 개막 이전에 공개하겠다”며 100% 멕시코 내에서 제조하는 부품을 활용하겠다고도 밝혔다.,"CNN 등 외신에 따르면, 클라우디아 셰인바움 멕시코 대통령은 6일(현지 시각) 정례 기자회견을 갖고 “저렴한 가격으로 환경 친화적이며 안전한 경형 전기차를 개발할 예정”이라며 “정부 예산과 민간 기업 자본을 투입해 전기차 생산 공장을 세울 것”이라고 말했다.",최근 멕시코를 향한 중국 전기차의 공습이 심화하고 있고 미국의 관세 위협까지 눈앞의 위기로 다가오면서 자체적인 전기차 생산에까지 나선 것이라는 분석이 나온다.,False,"현재 문장은 전기차 배터리 소재 관련 계획을 설명하지만, 이는 특정한 수치나 통계적 변화를 주장하는 것이 아니므로 KOSIS 통계로 검증 가능한 내용이 아닙니다.",high,hcx,HCX-007,isclaim-v1.3-prev2-context,2026-08-05
A0033-C005,A0033,BYD “모든 멕시코 주민의 첫 전기차” 내세우자… 멕시코 “전기차 독자 생산할 것”,2025-01-07,https://www.chosun.com/economy/auto/2025/01/07/TY2H22LT25BJRA73UP7YYS7WEU,1,5,1,최근 멕시코를 향한 중국 전기차의 공습이 심화하고 있고 미국의 관세 위협까지 눈앞의 위기로 다가오면서 자체적인 전기차 생산에까지 나선 것이라는 분석이 나온다.,전기차 배터리의 핵심 소재인 리튬을 멕시코 국내에서 우선 공급해 가격 경쟁력을 확보하겠다는 계획도 함께 알려졌다.,자동차 생산을 위해 설립된 ‘올리니아’의 로베르트 카푸아노 대표는 이날 회견에서 “첫 전기차 모델을 2026년 6월 월드컵 개막 이전에 공개하겠다”며 100% 멕시코 내에서 제조하는 부품을 활용하겠다고도 밝혔다.,"앞서 트럼프 당선인은 작년 7월 멕시코에 대규모 관세를 부과하겠다고 밝혔고, 머스크는 멕시코 몬테레이 인근에 대규모 전기차 공장을 짓겠다던 계획을 철회했다.",False,"현재 문장은 멕시코 내 전기차 산업 동향 및 외부 요인에 대한 분석을 제시하지만, 구체적인 수치나 통계적 변화를 주장하지 않습니다.",high,hcx,HCX-007,isclaim-v1.3-prev2-context,2026-08-05
A0033-C006,A0033,BYD “모든 멕시코 주민의 첫 전기차” 내세우자… 멕시코 “전기차 독자 생산할 것”,2025-01-07,https://www.chosun.com/economy/auto/2025/01/07/TY2H22LT25BJRA73UP7YYS7WEU,1,6,1,"앞서 트럼프 당선인은 작년 7월 멕시코에 대규모 관세를 부과하겠다고 밝혔고, 머스크는 멕시코 몬테레이 인근에 대규모 전기차 공장을 짓겠다던 계획을 철회했다.",최근 멕시코를 향한 중국 전기차의 공습이 심화하고 있고 미국의 관세 위협까지 눈앞의 위기로 다가오면서 자체적인 전기차 생산에까지 나선 것이라는 분석이 나온다.,전기차 배터리의 핵심 소재인 리튬을 멕시코 국내에서 우선 공급해 가격 경쟁력을 확보하겠다는 계획도 함께 알려졌다.,중국 전기차 브랜드들도 멕시코 시장 진입을 강화하고 있다.,False,"현재 문장은 트럼프 당선인의 발언 및 머스크의 공장 건설 계획 철회에 대한 사실을 전달하며, 이는 특정한 통계나 수치 변화를 주장하는 내용이 아닙니다.",high,hcx,HCX-007,isclaim-v1.3-prev2-context,2026-08-05
A0033-C007,A0033,BYD “모든 멕시코 주민의 첫 전기차” 내세우자… 멕시코 “전기차 독자 생산할 것”,2025-01-07,https://www.chosun.com/economy/auto/2025/01/07/TY2H22LT25BJRA73UP7YYS7WEU,1,7,1,중국 전기차 브랜드들도 멕시코 시장 진입을 강화하고 있다.,"앞서 트럼프 당선인은 작년 7월 멕시코에 대규모 관세를 부과하겠다고 밝혔고, 머스크는 멕시코 몬테레이 인근에 대규모 전기차 공장을 짓겠다던 계획을 철회했다.",최근 멕시코를 향한 중국 전기차의 공습이 심화하고 있고 미국의 관세 위협까지 눈앞의 위기로 다가오면서 자체적인 전기차 생산에까지 나선 것이라는 분석이 나온다.,"멕시코 통계청 등에 따르면, 지난 2023년 한 해 멕시코 자동차 시장 내 중국 자동차 브랜드의 점유율은 19.5%에 달했다.",False,"현재 문장은 중국 전기차 브랜드들이 멕시코 시장에 진입하고 있다는 사실을 전달하지만, 이는 특정한 수치나 통계적 변화를 주장하는 것이 아니므로 KOSIS 통계로 검증할 필요가 없습니다.",high,hcx,HCX-007,isclaim-v1.3-prev2-context,2026-08-05
A0033-C008,A0033,BYD “모든 멕시코 주민의 첫 전기차” 내세우자… 멕시코 “전기차 독자 생산할 것”,2025-01-07,https://www.chosun.com/economy/auto/2025/01/07/TY2H22LT25BJRA73UP7YYS7WEU,1,8,1,"멕시코 통계청 등에 따르면, 지난 2023년 한 해 멕시코 자동차 시장 내 중국 자동차 브랜드의 점유율은 19.5%에 달했다.",중국 전기차 브랜드들도 멕시코 시장 진입을 강화하고 있다.,"앞서 트럼프 당선인은 작년 7월 멕시코에 대규모 관세를 부과하겠다고 밝혔고, 머스크는 멕시코 몬테레이 인근에 대규모 전기차 공장을 짓겠다던 계획을 철회했다.",지난해부터 비야디(BYD)는 멕시코시티에서 35만8800페소(약 2800만원)부터 출발하는 소형 전기차 판매에 나서며 “비야디가 모든 멕시코 주민의 첫 전기차”라는 슬로건을 내세우기도 했다.,True,"현재 문장은 멕시코 자동차 시장에서 중국 자동차 브랜드의 점유율에 대한 구체적인 통계를 제시하고 있으며, 이는 국가 간 비교 가능한 통계 정보로서 KOSIS를 통해 검증될 수 있는 내용이다.",high,hcx,HCX-007,isclaim-v1.3-prev2-context,2026-08-05
A0033-C009,A0033,BYD “모든 멕시코 주민의 첫 전기차” 내세우자… 멕시코 “전기차 독자 생산할 것”,2025-01-07,https://www.chosun.com/economy/auto/2025/01/07/TY2H22LT25BJRA73UP7YYS7WEU,1,9,1,지난해부터 비야디(BYD)는 멕시코시티에서 35만8800페소(약 2800만원)부터 출발하는 소형 전기차 판매에 나서며 “비야디가 모든 멕시코 주민의 첫 전기차”라는 슬로건을 내세우기도 했다.,"멕시코 통계청 등에 따르면, 지난 2023년 한 해 멕시코 자동차 시장 내 중국 자동차 브랜드의 점유율은 19.5%에 달했다.",중국 전기차 브랜드들도 멕시코 시장 진입을 강화하고 있다.,"이 밖에 장화이자동차그룹(JAC), 지리자동차그룹, 상하이자동차(SAIC) 등 중국 내 주요 자동차 업체들도 각종 프로모션을 앞세워 멕시코에서의 입지를 강화하고 있는 상황이다.",False,"현재 문장은 비야디(BYD)의 멕시코에서의 마케팅 전략 및 차량 가격에 대한 정보를 제공하고 있으며, 이는 특정한 통계나 수치 변화에 대한 주장이 아닙니다.",high,hcx,HCX-007,isclaim-v1.3-prev2-context,2026-08-05
A0033-C010,A0033,BYD “모든 멕시코 주민의 첫 전기차” 내세우자… 멕시코 “전기차 독자 생산할 것”,2025-01-07,https://www.chosun.com/economy/auto/2025/01/07/TY2H22LT25BJRA73UP7YYS7WEU,1,10,1,"이 밖에 장화이자동차그룹(JAC), 지리자동차그룹, 상하이자동차(SAIC) 등 중국 내 주요 자동차 업체들도 각종 프로모션을 앞세워 멕시코에서의 입지를 강화하고 있는 상황이다.",지난해부터 비야디(BYD)는 멕시코시티에서 35만8800페소(약 2800만원)부터 출발하는 소형 전기차 판매에 나서며 “비야디가 모든 멕시코 주민의 첫 전기차”라는 슬로건을 내세우기도 했다.,"멕시코 통계청 등에 따르면, 지난 2023년 한 해 멕시코 자동차 시장 내 중국 자동차 브랜드의 점유율은 19.5%에 달했다.",,False,"현재 문장은 멕시코 시장에서 중국 자동차 제조사들이 프로모션을 통해 입지를 강화하고 있다는 상황을 설명하지만, 이는 구체적인 수치나 통계적인 변화를 주장하는 것이 아니므로 KOSIS 통계로 검증할 수 없습니다.",high,hcx,HCX-007,isclaim-v1.3-prev2-context,2026-08-05
A0034-C001,A0034,"보조금 폐지한 독일, 전기차 판매 급감...유럽 최대 전기차 시장도 영국에 넘겨줘",2025-01-07,https://www.chosun.com/economy/auto/2025/01/07/Y62DLGXPGZCNNK2IBLFZNNKMKY,1,1,1,유럽 최대 자동차 시장 독일에서 지난해 전기차 판매량이 급감했다.,,,유럽 내 전기차 시장 1위 자리도 영국에 내줬다.,True,전기차 판매량의 변화를 언급하며 이는 국가 단위의 집계 통계로서 KOSIS에서 대조할 가능성이 있다.,high,hcx,HCX-007,isclaim-v1.3-prev2-context,2026-08-05
A0034-C002,A0034,"보조금 폐지한 독일, 전기차 판매 급감...유럽 최대 전기차 시장도 영국에 넘겨줘",2025-01-07,https://www.chosun.com/economy/auto/2025/01/07/Y62DLGXPGZCNNK2IBLFZNNKMKY,1,2,1,유럽 내 전기차 시장 1위 자리도 영국에 내줬다.,유럽 최대 자동차 시장 독일에서 지난해 전기차 판매량이 급감했다.,,6일(현지 시각) 독일 연방도로교통청(KBA)에 따르면 지난해 신규 등록 전기차는 38만609대로 2023년 52만4219대에서 27.4％ 감소했다.,True,유럽 내 전기차 시장에서 독일이 영국에게 1위 자리를 내줬다는 것은 국가 간 비교를 통해 시장의 변화를 나타내는 정보이므로 KOSIS에서 관련 통계를 찾아볼 수 있다.,high,hcx,HCX-007,isclaim-v1.3-prev2-context,2026-08-05
A0034-C005,A0034,"보조금 폐지한 독일, 전기차 판매 급감...유럽 최대 전기차 시장도 영국에 넘겨줘",2025-01-07,https://www.chosun.com/economy/auto/2025/01/07/Y62DLGXPGZCNNK2IBLFZNNKMKY,1,5,1,"다만 하이브리드차는 12.7％, 휘발유차가 9％ 늘었다.",전기차 판매가 급감하면서 전체 신규 등록 차량은 같은 기간 284만4609대에서 281만7331대로 1.0％ 감소했다.,6일(현지 시각) 독일 연방도로교통청(KBA)에 따르면 지난해 신규 등록 전기차는 38만609대로 2023년 52만4219대에서 27.4％ 감소했다.,신규 등록 차량 가운데 휘발유차는 35.2％로 가장 많았고 전기차 점유율은 13.5％에 그쳤다.,True,"하이브리드차와 휘발유차의 신규 등록 증가율을 언급하며, 이는 국내 자동차 등록 통계를 통해 검증 가능하다.",high,hcx,HCX-007,isclaim-v1.3-prev2-context,2026-08-05
A0034-C006,A0034,"보조금 폐지한 독일, 전기차 판매 급감...유럽 최대 전기차 시장도 영국에 넘겨줘",2025-01-07,https://www.chosun.com/economy/auto/2025/01/07/Y62DLGXPGZCNNK2IBLFZNNKMKY,1,6,1,신규 등록 차량 가운데 휘발유차는 35.2％로 가장 많았고 전기차 점유율은 13.5％에 그쳤다.,"다만 하이브리드차는 12.7％, 휘발유차가 9％ 늘었다.",전기차 판매가 급감하면서 전체 신규 등록 차량은 같은 기간 284만4609대에서 281만7331대로 1.0％ 감소했다.,독일 전기차 시장은 글로벌 수요 둔화에 더해 2023년 말 긴축재정에 들어간 연방정부가 전기차 보조금을 폐지하면서 쪼그라들기 시작했다.,True,"신규 등록 차량 중 휘발유차의 비중과 전기차의 비중을 제시하며, 이는 국가통계포털(KOSIS)에서 관련 통계를 통해 검증할 수 있는 내용이다.",high,hcx,HCX-007,isclaim-v1.3-prev2-context,2026-08-05
A0034-C007,A0034,"보조금 폐지한 독일, 전기차 판매 급감...유럽 최대 전기차 시장도 영국에 넘겨줘",2025-01-07,https://www.chosun.com/economy/auto/2025/01/07/Y62DLGXPGZCNNK2IBLFZNNKMKY,1,7,1,독일 전기차 시장은 글로벌 수요 둔화에 더해 2023년 말 긴축재정에 들어간 연방정부가 전기차 보조금을 폐지하면서 쪼그라들기 시작했다.,신규 등록 차량 가운데 휘발유차는 35.2％로 가장 많았고 전기차 점유율은 13.5％에 그쳤다.,"다만 하이브리드차는 12.7％, 휘발유차가 9％ 늘었다.",휘발유차가 늘면서 신규 차량의 평균 탄소배출량도 ㎞당 114.9ｇ에서 119.8ｇ으로 증가한 것으로 집계됐다.,False,"현재 문장은 독일 전기차 시장의 상황에 대한 설명이지만, 이는 특정한 수치나 비율 등의 구체적인 통계를 주장하는 것이 아니므로 KOSIS 통계표로 검증하기 어렵습니다.",high,hcx,HCX-007,isclaim-v1.3-prev2-context,2026-08-05
A0034-C008,A0034,"보조금 폐지한 독일, 전기차 판매 급감...유럽 최대 전기차 시장도 영국에 넘겨줘",2025-01-07,https://www.chosun.com/economy/auto/2025/01/07/Y62DLGXPGZCNNK2IBLFZNNKMKY,1,8,1,휘발유차가 늘면서 신규 차량의 평균 탄소배출량도 ㎞당 114.9ｇ에서 119.8ｇ으로 증가한 것으로 집계됐다.,독일 전기차 시장은 글로벌 수요 둔화에 더해 2023년 말 긴축재정에 들어간 연방정부가 전기차 보조금을 폐지하면서 쪼그라들기 시작했다.,신규 등록 차량 가운데 휘발유차는 35.2％로 가장 많았고 전기차 점유율은 13.5％에 그쳤다.,"신규 등록 차량을 브랜드별로 보면 포르셰가 9.9％, 폴크스바겐이 3.4％ 늘었으나 BMW(-0.1％), 메르세데스-벤츠(-7.0％), 아우디(-18.1％) 등 다른 독일 업체는 일제히 마이너스 성장했다.",True,"현재 문장은 신규 차량의 평균 탄소 배출량이 증가했다는 구체적인 수치 정보를 포함하고 있으며, 이는 국가 통계 자료로서 KOSIS를 통해 검증될 수 있는 내용입니다.",high,hcx,HCX-007,isclaim-v1.3-prev2-context,2026-08-05
A0034-C009,A0034,"보조금 폐지한 독일, 전기차 판매 급감...유럽 최대 전기차 시장도 영국에 넘겨줘",2025-01-07,https://www.chosun.com/economy/auto/2025/01/07/Y62DLGXPGZCNNK2IBLFZNNKMKY,1,9,1,"신규 등록 차량을 브랜드별로 보면 포르셰가 9.9％, 폴크스바겐이 3.4％ 늘었으나 BMW(-0.1％), 메르세데스-벤츠(-7.0％), 아우디(-18.1％) 등 다른 독일 업체는 일제히 마이너스 성장했다.",휘발유차가 늘면서 신규 차량의 평균 탄소배출량도 ㎞당 114.9ｇ에서 119.8ｇ으로 증가한 것으로 집계됐다.,독일 전기차 시장은 글로벌 수요 둔화에 더해 2023년 말 긴축재정에 들어간 연방정부가 전기차 보조금을 폐지하면서 쪼그라들기 시작했다.,"전기차 브랜드 테슬라(-41％)와 비야디(-30.2％), 폴스타(-49.4％)도 판매량이 큰 폭으로 감소했으며, 현대차와 기아는 1년 사이 각각 9.4％, 8.0％ 줄었다.",True,"현재 문장은 신규 등록 차량의 브랜드별 변화를 수치로 제시하며, 이는 국내 집계 통계로서 KOSIS를 통해 대조 및 검증 가능하다.",high,hcx,HCX-007,isclaim-v1.3-prev2-context,2026-08-05
A0034-C010,A0034,"보조금 폐지한 독일, 전기차 판매 급감...유럽 최대 전기차 시장도 영국에 넘겨줘",2025-01-07,https://www.chosun.com/economy/auto/2025/01/07/Y62DLGXPGZCNNK2IBLFZNNKMKY,1,10,1,"전기차 브랜드 테슬라(-41％)와 비야디(-30.2％), 폴스타(-49.4％)도 판매량이 큰 폭으로 감소했으며, 현대차와 기아는 1년 사이 각각 9.4％, 8.0％ 줄었다.","신규 등록 차량을 브랜드별로 보면 포르셰가 9.9％, 폴크스바겐이 3.4％ 늘었으나 BMW(-0.1％), 메르세데스-벤츠(-7.0％), 아우디(-18.1％) 등 다른 독일 업체는 일제히 마이너스 성장했다.",휘발유차가 늘면서 신규 차량의 평균 탄소배출량도 ㎞당 114.9ｇ에서 119.8ｇ으로 증가한 것으로 집계됐다.,"한편, 독일이 2023년을 정점으로 전기차 판매가 쪼그라든 가운데 영국은 전년 대비 21% 급증한 38만1970대가 판매되며 유럽 내 최대 전기차 시장에 올랐다.",True,"전기차 브랜드들의 판매량 변화에 대한 구체적인 비율이 제시되어 있으며, 이는 KOSIS 등의 국가 통계 자료로 확인 가능한 정보일 가능성이 높습니다.",high,hcx,HCX-007,isclaim-v1.3-prev2-context,2026-08-05
A0034-C011,A0034,"보조금 폐지한 독일, 전기차 판매 급감...유럽 최대 전기차 시장도 영국에 넘겨줘",2025-01-07,https://www.chosun.com/economy/auto/2025/01/07/Y62DLGXPGZCNNK2IBLFZNNKMKY,1,11,1,"한편, 독일이 2023년을 정점으로 전기차 판매가 쪼그라든 가운데 영국은 전년 대비 21% 급증한 38만1970대가 판매되며 유럽 내 최대 전기차 시장에 올랐다.","전기차 브랜드 테슬라(-41％)와 비야디(-30.2％), 폴스타(-49.4％)도 판매량이 큰 폭으로 감소했으며, 현대차와 기아는 1년 사이 각각 9.4％, 8.0％ 줄었다.","신규 등록 차량을 브랜드별로 보면 포르셰가 9.9％, 폴크스바겐이 3.4％ 늘었으나 BMW(-0.1％), 메르세데스-벤츠(-7.0％), 아우디(-18.1％) 등 다른 독일 업체는 일제히 마이너스 성장했다.",,True,"전기차 판매량 변화에 대한 구체적인 수치가 포함되어 있으며, 이는 국가 단위의 통계로서 KOSIS를 통해 검증할 수 있는 내용이다.",high,hcx,HCX-007,isclaim-v1.3-prev2-context,2026-08-05
A0035-C001,A0035,“트럼프發 인플레 피할 수 없어… 美 금리 상승할 것”,2025-01-07,https://www.chosun.com/economy/economy_general/2025/01/07/CKJOVMVRZZC6VFP7K7JSIGFYBI,1,1,1,"“트럼프가 내세운 관세 부과와 대규모 재정 적자 탓에 미국은 인플레이션을 피할 수 없는 상황입니다. 미국 금리는 오직 한 방향, 상승을 가리키고 있습니다.”",,,"배리 아이컨그린(73) 미국 캘리포니아대 버클리캠퍼스(UC버클리) 경제학과 교수는 최근 본지와 이메일 인터뷰에서 이같이 미국 경제를 전망하며 “금리가 저점 수준으로 바닥을 찍었고, 앞으로 올라갈 일만 남았다”고 했다.",False,"문장은 미국의 경제 상황에 대한 의견을 제시하지만, 이는 단순한 평가나 원인 설명이므로 KOSIS 통계로 검증 가능한 수치나 통계적 변화에 관한 주장이 아닙니다.",high,hcx,HCX-007,isclaim-v1.3-prev2-context,2026-08-05
A0035-C002,A0035,“트럼프發 인플레 피할 수 없어… 美 금리 상승할 것”,2025-01-07,https://www.chosun.com/economy/economy_general/2025/01/07/CKJOVMVRZZC6VFP7K7JSIGFYBI,1,2,1,"배리 아이컨그린(73) 미국 캘리포니아대 버클리캠퍼스(UC버클리) 경제학과 교수는 최근 본지와 이메일 인터뷰에서 이같이 미국 경제를 전망하며 “금리가 저점 수준으로 바닥을 찍었고, 앞으로 올라갈 일만 남았다”고 했다.","“트럼프가 내세운 관세 부과와 대규모 재정 적자 탓에 미국은 인플레이션을 피할 수 없는 상황입니다. 미국 금리는 오직 한 방향, 상승을 가리키고 있습니다.”",,올해 두 차례 금리 인하를 예고한 미국 중앙은행인 연방준비제도의 전망과 완전히 다른 얘기다.,False,"현재 문장은 미국 경제 및 금리 전망에 대한 교수의 의견을 담고 있으며, 이는 단순한 예측이므로 KOSIS 통계로 검증 가능한 수치나 통계적 변화를 주장하지 않습니다.",high,hcx,HCX-007,isclaim-v1.3-prev2-context,2026-08-05
A0035-C003,A0035,“트럼프發 인플레 피할 수 없어… 美 금리 상승할 것”,2025-01-07,https://www.chosun.com/economy/economy_general/2025/01/07/CKJOVMVRZZC6VFP7K7JSIGFYBI,1,3,1,올해 두 차례 금리 인하를 예고한 미국 중앙은행인 연방준비제도의 전망과 완전히 다른 얘기다.,"배리 아이컨그린(73) 미국 캘리포니아대 버클리캠퍼스(UC버클리) 경제학과 교수는 최근 본지와 이메일 인터뷰에서 이같이 미국 경제를 전망하며 “금리가 저점 수준으로 바닥을 찍었고, 앞으로 올라갈 일만 남았다”고 했다.","“트럼프가 내세운 관세 부과와 대규모 재정 적자 탓에 미국은 인플레이션을 피할 수 없는 상황입니다. 미국 금리는 오직 한 방향, 상승을 가리키고 있습니다.”","그는 “트럼프 당선인은 대책 없이 나오는 국가를 나약하다고 생각한다”며 “트럼프 당선인이 부과하겠다고 밝힌 관세에 대해 한국 등 세계 각국이 걱정하고, 적극적으로 대응해야 한다”고 하기도 했다.",False,"현재 문장은 미국 중앙은행의 금리 전망과 관련된 내용이지만, 이는 단순한 의견 비교로서 구체적인 수치나 통계적 변화를 주장하지 않습니다.",high,hcx,HCX-007,isclaim-v1.3-prev2-context,2026-08-05
A0035-C004,A0035,“트럼프發 인플레 피할 수 없어… 美 금리 상승할 것”,2025-01-07,https://www.chosun.com/economy/economy_general/2025/01/07/CKJOVMVRZZC6VFP7K7JSIGFYBI,1,4,1,"그는 “트럼프 당선인은 대책 없이 나오는 국가를 나약하다고 생각한다”며 “트럼프 당선인이 부과하겠다고 밝힌 관세에 대해 한국 등 세계 각국이 걱정하고, 적극적으로 대응해야 한다”고 하기도 했다.",올해 두 차례 금리 인하를 예고한 미국 중앙은행인 연방준비제도의 전망과 완전히 다른 얘기다.,"배리 아이컨그린(73) 미국 캘리포니아대 버클리캠퍼스(UC버클리) 경제학과 교수는 최근 본지와 이메일 인터뷰에서 이같이 미국 경제를 전망하며 “금리가 저점 수준으로 바닥을 찍었고, 앞으로 올라갈 일만 남았다”고 했다.",아이컨그린 교수는 1997∼1998년 한국 외환 위기 당시 국제통화기금(IMF) 수석자문위원을 지냈다.,False,"현재 문장은 트럼프 당선인의 관세가 한국에 미칠 영향에 대한 평가나 의견을 제시하지만, 이는 수치나 통계적인 변화를 주장하는 것이 아닙니다.",high,hcx,HCX-007,isclaim-v1.3-prev2-context,2026-08-05
A0035-C005,A0035,“트럼프發 인플레 피할 수 없어… 美 금리 상승할 것”,2025-01-07,https://www.chosun.com/economy/economy_general/2025/01/07/CKJOVMVRZZC6VFP7K7JSIGFYBI,1,5,1,아이컨그린 교수는 1997∼1998년 한국 외환 위기 당시 국제통화기금(IMF) 수석자문위원을 지냈다.,"그는 “트럼프 당선인은 대책 없이 나오는 국가를 나약하다고 생각한다”며 “트럼프 당선인이 부과하겠다고 밝힌 관세에 대해 한국 등 세계 각국이 걱정하고, 적극적으로 대응해야 한다”고 하기도 했다.",올해 두 차례 금리 인하를 예고한 미국 중앙은행인 연방준비제도의 전망과 완전히 다른 얘기다.,2007년부터 10여 년간은 한국은행 경제연구원 해외 고문으로 활약한 바 있는 지한파(知韓派) 교수다.,False,"현재 문장은 아이컨그린 교수의 경력에 대한 정보 제공이지, 수치나 통계적인 변화를 주장하는 내용이 아닙니다.",high,hcx,HCX-007,isclaim-v1.3-prev2-context,2026-08-05
A0035-C006,A0035,“트럼프發 인플레 피할 수 없어… 美 금리 상승할 것”,2025-01-07,https://www.chosun.com/economy/economy_general/2025/01/07/CKJOVMVRZZC6VFP7K7JSIGFYBI,1,6,1,2007년부터 10여 년간은 한국은행 경제연구원 해외 고문으로 활약한 바 있는 지한파(知韓派) 교수다.,아이컨그린 교수는 1997∼1998년 한국 외환 위기 당시 국제통화기금(IMF) 수석자문위원을 지냈다.,"그는 “트럼프 당선인은 대책 없이 나오는 국가를 나약하다고 생각한다”며 “트럼프 당선인이 부과하겠다고 밝힌 관세에 대해 한국 등 세계 각국이 걱정하고, 적극적으로 대응해야 한다”고 하기도 했다.",그는 탄핵 정국에 있는 한국에 대해선 “정치적으로는 젊은 층을 중심으로 민주주의에 대한 열망이 강하기 때문에 잘 극복할 것”이라고 했다.,False,"현재 문장은 단순한 개인 이력에 대한 정보로서, 수치나 통계적인 변화를 주장하는 내용이 아닙니다.",high,hcx,HCX-007,isclaim-v1.3-prev2-context,2026-08-05
A0035-C007,A0035,“트럼프發 인플레 피할 수 없어… 美 금리 상승할 것”,2025-01-07,https://www.chosun.com/economy/economy_general/2025/01/07/CKJOVMVRZZC6VFP7K7JSIGFYBI,1,7,1,그는 탄핵 정국에 있는 한국에 대해선 “정치적으로는 젊은 층을 중심으로 민주주의에 대한 열망이 강하기 때문에 잘 극복할 것”이라고 했다.,2007년부터 10여 년간은 한국은행 경제연구원 해외 고문으로 활약한 바 있는 지한파(知韓派) 교수다.,아이컨그린 교수는 1997∼1998년 한국 외환 위기 당시 국제통화기금(IMF) 수석자문위원을 지냈다.,-트럼프의 재집권으로 예상되는 가장 큰 경제적 변화는.,False,"현재 문장은 한국의 정치적 상황에 대한 개인적인 의견을 표현하며, 이는 수치나 통계적인 변화를 주장하는 것이 아닙니다.",high,hcx,HCX-007,isclaim-v1.3-prev2-context,2026-08-05
A0035-C008,A0035,“트럼프發 인플레 피할 수 없어… 美 금리 상승할 것”,2025-01-07,https://www.chosun.com/economy/economy_general/2025/01/07/CKJOVMVRZZC6VFP7K7JSIGFYBI,1,8,1,-트럼프의 재집권으로 예상되는 가장 큰 경제적 변화는.,그는 탄핵 정국에 있는 한국에 대해선 “정치적으로는 젊은 층을 중심으로 민주주의에 대한 열망이 강하기 때문에 잘 극복할 것”이라고 했다.,2007년부터 10여 년간은 한국은행 경제연구원 해외 고문으로 활약한 바 있는 지한파(知韓派) 교수다.,"“대규모 재정 적자와 규제 완화다. 트럼프는 감세를 들고 나왔지만, 동시에 각종 정책을 펴기 위해 지출을 늘려야 하니 대규모 재정 적자가 발생할 것이다. 물론 정부효율부(DOGE)를 만들어 각종 비용을 줄이겠다고 했지만, 성공할 것 같지 않다. 금융 시장 등에서는 대대적인 규제 완화가 예상된다. 다만 시기가 문제다. 좋은 시기에는 역동성과 활력을 불어넣을 수 있지만, 그렇지 않다면 반대의 결과를 가져온다. 트럼프의 규제 완화도 좋은 결과가 나올 것이라는 생각이 들지 않는다.”",False,"현재 문장은 트럼프의 재집권으로 예상되는 경제적 변화에 대한 단순한 예측이므로, 이는 특정한 수치나 통계적 변화를 주장하는 것이 아닙니다.",high,hcx,HCX-007,isclaim-v1.3-prev2-context,2026-08-05
A0035-C009,A0035,“트럼프發 인플레 피할 수 없어… 美 금리 상승할 것”,2025-01-07,https://www.chosun.com/economy/economy_general/2025/01/07/CKJOVMVRZZC6VFP7K7JSIGFYBI,1,9,1,"“대규모 재정 적자와 규제 완화다. 트럼프는 감세를 들고 나왔지만, 동시에 각종 정책을 펴기 위해 지출을 늘려야 하니 대규모 재정 적자가 발생할 것이다. 물론 정부효율부(DOGE)를 만들어 각종 비용을 줄이겠다고 했지만, 성공할 것 같지 않다. 금융 시장 등에서는 대대적인 규제 완화가 예상된다. 다만 시기가 문제다. 좋은 시기에는 역동성과 활력을 불어넣을 수 있지만, 그렇지 않다면 반대의 결과를 가져온다. 트럼프의 규제 완화도 좋은 결과가 나올 것이라는 생각이 들지 않는다.”",-트럼프의 재집권으로 예상되는 가장 큰 경제적 변화는.,그는 탄핵 정국에 있는 한국에 대해선 “정치적으로는 젊은 층을 중심으로 민주주의에 대한 열망이 강하기 때문에 잘 극복할 것”이라고 했다.,-그렇다면 미국 경제는 어떻게 될까.,False,"현재 문장은 트럼프의 경제 정책에 대한 예측 및 평가로서, 특정한 수치나 통계적 변화를 주장하는 것이 아닙니다.",high,hcx,HCX-007,isclaim-v1.3-prev2-context,2026-08-05
A0035-C010,A0035,“트럼프發 인플레 피할 수 없어… 美 금리 상승할 것”,2025-01-07,https://www.chosun.com/economy/economy_general/2025/01/07/CKJOVMVRZZC6VFP7K7JSIGFYBI,1,10,1,-그렇다면 미국 경제는 어떻게 될까.,"“대규모 재정 적자와 규제 완화다. 트럼프는 감세를 들고 나왔지만, 동시에 각종 정책을 펴기 위해 지출을 늘려야 하니 대규모 재정 적자가 발생할 것이다. 물론 정부효율부(DOGE)를 만들어 각종 비용을 줄이겠다고 했지만, 성공할 것 같지 않다. 금융 시장 등에서는 대대적인 규제 완화가 예상된다. 다만 시기가 문제다. 좋은 시기에는 역동성과 활력을 불어넣을 수 있지만, 그렇지 않다면 반대의 결과를 가져온다. 트럼프의 규제 완화도 좋은 결과가 나올 것이라는 생각이 들지 않는다.”",-트럼프의 재집권으로 예상되는 가장 큰 경제적 변화는.,"“매우 걱정된다. 투자자들은 불확실성에 부정적으로 반응하는데, 트럼프는 불확실한 사람이다. 관세 부과 문제만 봐도, 중국 등 다른 나라의 보복 관세 때문에 미국의 생산비가 올라 소비자 물가도 오르게 된다. 자동차 산업이 대표적 사례다. 미국 자동차 산업은 지금까지 캐나다, 멕시코 등과 잘 협력해 왔다. 만약 관세로 철강, 알루미늄 가격이 오르면 자동차 값이 올라 소비자가 피해를 볼 수 있다. 또 트럼프가 칩스 법(미국 반도체 지원법)과 인플레이션 감축법을 손보면 클린테크(친환경 기술)와 하이테크(최첨단 기술) 산업에 타격을 줄 우려가 있다.”",False,"현재 문장은 단순한 질문 형태로, 구체적인 수치나 통계적 변화를 주장하지 않습니다.",high,hcx,HCX-007,isclaim-v1.3-prev2-context,2026-08-05
A0035-C011,A0035,“트럼프發 인플레 피할 수 없어… 美 금리 상승할 것”,2025-01-07,https://www.chosun.com/economy/economy_general/2025/01/07/CKJOVMVRZZC6VFP7K7JSIGFYBI,1,11,1,"“매우 걱정된다. 투자자들은 불확실성에 부정적으로 반응하는데, 트럼프는 불확실한 사람이다. 관세 부과 문제만 봐도, 중국 등 다른 나라의 보복 관세 때문에 미국의 생산비가 올라 소비자 물가도 오르게 된다. 자동차 산업이 대표적 사례다. 미국 자동차 산업은 지금까지 캐나다, 멕시코 등과 잘 협력해 왔다. 만약 관세로 철강, 알루미늄 가격이 오르면 자동차 값이 올라 소비자가 피해를 볼 수 있다. 또 트럼프가 칩스 법(미국 반도체 지원법)과 인플레이션 감축법을 손보면 클린테크(친환경 기술)와 하이테크(최첨단 기술) 산업에 타격을 줄 우려가 있다.”",-그렇다면 미국 경제는 어떻게 될까.,"“대규모 재정 적자와 규제 완화다. 트럼프는 감세를 들고 나왔지만, 동시에 각종 정책을 펴기 위해 지출을 늘려야 하니 대규모 재정 적자가 발생할 것이다. 물론 정부효율부(DOGE)를 만들어 각종 비용을 줄이겠다고 했지만, 성공할 것 같지 않다. 금융 시장 등에서는 대대적인 규제 완화가 예상된다. 다만 시기가 문제다. 좋은 시기에는 역동성과 활력을 불어넣을 수 있지만, 그렇지 않다면 반대의 결과를 가져온다. 트럼프의 규제 완화도 좋은 결과가 나올 것이라는 생각이 들지 않는다.”",-트럼프 관세는 어떻게 대응해야 하나.,False,"현재 문장은 트럼프 정책에 대한 평가 및 예측에 관한 내용으로, 구체적인 수치나 통계적 변화를 주장하지 않습니다.",high,hcx,HCX-007,isclaim-v1.3-prev2-context,2026-08-05
A0035-C012,A0035,“트럼프發 인플레 피할 수 없어… 美 금리 상승할 것”,2025-01-07,https://www.chosun.com/economy/economy_general/2025/01/07/CKJOVMVRZZC6VFP7K7JSIGFYBI,1,12,1,-트럼프 관세는 어떻게 대응해야 하나.,"“매우 걱정된다. 투자자들은 불확실성에 부정적으로 반응하는데, 트럼프는 불확실한 사람이다. 관세 부과 문제만 봐도, 중국 등 다른 나라의 보복 관세 때문에 미국의 생산비가 올라 소비자 물가도 오르게 된다. 자동차 산업이 대표적 사례다. 미국 자동차 산업은 지금까지 캐나다, 멕시코 등과 잘 협력해 왔다. 만약 관세로 철강, 알루미늄 가격이 오르면 자동차 값이 올라 소비자가 피해를 볼 수 있다. 또 트럼프가 칩스 법(미국 반도체 지원법)과 인플레이션 감축법을 손보면 클린테크(친환경 기술)와 하이테크(최첨단 기술) 산업에 타격을 줄 우려가 있다.”",-그렇다면 미국 경제는 어떻게 될까.,"“한국, 중국 같은 나라는 가만히 있으면 안 된다. 트럼프는 아무 대책 없는 나라를 나약하다고 해석할 수 있다. 그렇다고 과잉 반응하면 오히려 트럼프를 자극할 수 있어 조심해야 한다. 트럼프 첫 번째 임기 때 한국이나 중국은 이 균형을 비교적 잘 유지했다.”",False,"현재 문장은 트럼프의 관세 정책에 대한 대응 방안을 묻는 질문이지, 특정한 수치나 통계적 변화를 주장하는 내용이 아닙니다.",high,hcx,HCX-007,isclaim-v1.3-prev2-context,2026-08-05
A0035-C013,A0035,“트럼프發 인플레 피할 수 없어… 美 금리 상승할 것”,2025-01-07,https://www.chosun.com/economy/economy_general/2025/01/07/CKJOVMVRZZC6VFP7K7JSIGFYBI,1,13,1,"“한국, 중국 같은 나라는 가만히 있으면 안 된다. 트럼프는 아무 대책 없는 나라를 나약하다고 해석할 수 있다. 그렇다고 과잉 반응하면 오히려 트럼프를 자극할 수 있어 조심해야 한다. 트럼프 첫 번째 임기 때 한국이나 중국은 이 균형을 비교적 잘 유지했다.”",-트럼프 관세는 어떻게 대응해야 하나.,"“매우 걱정된다. 투자자들은 불확실성에 부정적으로 반응하는데, 트럼프는 불확실한 사람이다. 관세 부과 문제만 봐도, 중국 등 다른 나라의 보복 관세 때문에 미국의 생산비가 올라 소비자 물가도 오르게 된다. 자동차 산업이 대표적 사례다. 미국 자동차 산업은 지금까지 캐나다, 멕시코 등과 잘 협력해 왔다. 만약 관세로 철강, 알루미늄 가격이 오르면 자동차 값이 올라 소비자가 피해를 볼 수 있다. 또 트럼프가 칩스 법(미국 반도체 지원법)과 인플레이션 감축법을 손보면 클린테크(친환경 기술)와 하이테크(최첨단 기술) 산업에 타격을 줄 우려가 있다.”",미 연준은 지난달 기준금리를 연 4.25~4.5%로 0.25%포인트 낮췄다.,False,"현재 문장은 특정 국가의 외교 전략 및 정치적 판단에 대한 의견을 제시하며, 이는 KOSIS에서 검증 가능한 수치나 통계적 변화를 주장하지 않습니다.",high,hcx,HCX-007,isclaim-v1.3-prev2-context,2026-08-05
A0035-C014,A0035,“트럼프發 인플레 피할 수 없어… 美 금리 상승할 것”,2025-01-07,https://www.chosun.com/economy/economy_general/2025/01/07/CKJOVMVRZZC6VFP7K7JSIGFYBI,1,14,1,미 연준은 지난달 기준금리를 연 4.25~4.5%로 0.25%포인트 낮췄다.,"“한국, 중국 같은 나라는 가만히 있으면 안 된다. 트럼프는 아무 대책 없는 나라를 나약하다고 해석할 수 있다. 그렇다고 과잉 반응하면 오히려 트럼프를 자극할 수 있어 조심해야 한다. 트럼프 첫 번째 임기 때 한국이나 중국은 이 균형을 비교적 잘 유지했다.”",-트럼프 관세는 어떻게 대응해야 하나.,"또 올해 말 기준 금리(중간값)는 연 3.9%로 떨어질 것으로 전망했고, 내년 말(연 3.4%)과 2027년 말(연 3.1%)에도 더 낮아질 것으로 예측했다.",False,"미 연준이 기준금리를 낮춘 것은 특정한 수치나 비율 등의 변화를 주장하는 것이 아니며, 이는 단순한 사실 전달이므로 KOSIS 통계로 검증할 필요가 없습니다.",high,hcx,HCX-007,isclaim-v1.3-prev2-context,2026-08-05
A0035-C015,A0035,“트럼프發 인플레 피할 수 없어… 美 금리 상승할 것”,2025-01-07,https://www.chosun.com/economy/economy_general/2025/01/07/CKJOVMVRZZC6VFP7K7JSIGFYBI,1,15,1,"또 올해 말 기준 금리(중간값)는 연 3.9%로 떨어질 것으로 전망했고, 내년 말(연 3.4%)과 2027년 말(연 3.1%)에도 더 낮아질 것으로 예측했다.",미 연준은 지난달 기준금리를 연 4.25~4.5%로 0.25%포인트 낮췄다.,"“한국, 중국 같은 나라는 가만히 있으면 안 된다. 트럼프는 아무 대책 없는 나라를 나약하다고 해석할 수 있다. 그렇다고 과잉 반응하면 오히려 트럼프를 자극할 수 있어 조심해야 한다. 트럼프 첫 번째 임기 때 한국이나 중국은 이 균형을 비교적 잘 유지했다.”",하지만 아이컨그린 교수의 생각은 달랐다.,False,"현재 문장은 미국 연방준비제도의 기준금리 전망에 대한 내용으로, 이는 한국의 국가통계포털(KOSIS)에서 제공하는 정보와는 관련이 없습니다.",high,hcx,HCX-007,isclaim-v1.3-prev2-context,2026-08-05
A0035-C016,A0035,“트럼프發 인플레 피할 수 없어… 美 금리 상승할 것”,2025-01-07,https://www.chosun.com/economy/economy_general/2025/01/07/CKJOVMVRZZC6VFP7K7JSIGFYBI,1,16,1,하지만 아이컨그린 교수의 생각은 달랐다.,"또 올해 말 기준 금리(중간값)는 연 3.9%로 떨어질 것으로 전망했고, 내년 말(연 3.4%)과 2027년 말(연 3.1%)에도 더 낮아질 것으로 예측했다.",미 연준은 지난달 기준금리를 연 4.25~4.5%로 0.25%포인트 낮췄다.,-미국 금리는 어떻게 될 것으로 전망하나.,False,"현재 문장은 단순한 의견이나 평가를 나타내며, 통계값이나 통계적 변화 방향에 관한 사실 주장이 아닙니다.",high,hcx,HCX-007,isclaim-v1.3-prev2-context,2026-08-05
A0035-C017,A0035,“트럼프發 인플레 피할 수 없어… 美 금리 상승할 것”,2025-01-07,https://www.chosun.com/economy/economy_general/2025/01/07/CKJOVMVRZZC6VFP7K7JSIGFYBI,1,17,1,-미국 금리는 어떻게 될 것으로 전망하나.,하지만 아이컨그린 교수의 생각은 달랐다.,"또 올해 말 기준 금리(중간값)는 연 3.9%로 떨어질 것으로 전망했고, 내년 말(연 3.4%)과 2027년 말(연 3.1%)에도 더 낮아질 것으로 예측했다.","“작년 12월 연준의 결정이 마지막 금리 인하라고 해도 놀랄 일이 아니다. 트럼프 당선인이 내세운 관세와 대규모 재정 적자 탓에 인플레이션을 피할 수 없는 상황이다. 금리는 바닥을 찍고 상승할 것이다. 오직 한 방향, 상승을 가리키고 있다.”",False,"현재 문장은 미국 금리에 대한 전망을 묻는 질문이므로, 이는 단순한 의견 요청이지 수치나 비율 등의 구체적인 통계를 주장하는 것이 아닙니다.",high,hcx,HCX-007,isclaim-v1.3-prev2-context,2026-08-05
A0035-C018,A0035,“트럼프發 인플레 피할 수 없어… 美 금리 상승할 것”,2025-01-07,https://www.chosun.com/economy/economy_general/2025/01/07/CKJOVMVRZZC6VFP7K7JSIGFYBI,1,18,1,"“작년 12월 연준의 결정이 마지막 금리 인하라고 해도 놀랄 일이 아니다. 트럼프 당선인이 내세운 관세와 대규모 재정 적자 탓에 인플레이션을 피할 수 없는 상황이다. 금리는 바닥을 찍고 상승할 것이다. 오직 한 방향, 상승을 가리키고 있다.”",-미국 금리는 어떻게 될 것으로 전망하나.,하지만 아이컨그린 교수의 생각은 달랐다.,-그래도 미국만 나 홀로 호황이다.,False,"현재 문장은 미국 금리에 대한 전망 및 예측을 포함하고 있으며, 이는 단순한 의견 평가나 추정에 해당합니다.",high,hcx,HCX-007,isclaim-v1.3-prev2-context,2026-08-05
A0035-C019,A0035,“트럼프發 인플레 피할 수 없어… 美 금리 상승할 것”,2025-01-07,https://www.chosun.com/economy/economy_general/2025/01/07/CKJOVMVRZZC6VFP7K7JSIGFYBI,1,19,1,-그래도 미국만 나 홀로 호황이다.,"“작년 12월 연준의 결정이 마지막 금리 인하라고 해도 놀랄 일이 아니다. 트럼프 당선인이 내세운 관세와 대규모 재정 적자 탓에 인플레이션을 피할 수 없는 상황이다. 금리는 바닥을 찍고 상승할 것이다. 오직 한 방향, 상승을 가리키고 있다.”",-미국 금리는 어떻게 될 것으로 전망하나.,"“미국은 인공지능(AI)이나 다른 첨단 기술 분야에서 우위를 보이고 있다. 또 바이든 행정부가 많은 수요를 일으켜 경제를 뜨겁게 달궜다. 그에 반해 중국이나 독일, 프랑스 등은 부동산 거품이 심해지고, 생산성이 떨어지고, 공공 부채가 늘어나는 등의 문제를 안고 있다. (미국 외 다른 국가들은) 정신 차려고, 대책을 내놔야 한다.”",False,"현재 문장은 미국의 경제 상황에 대한 단순한 의견을 표현하며, 구체적인 수치나 통계적 변화를 언급하지 않습니다.",high,hcx,HCX-007,isclaim-v1.3-prev2-context,2026-08-05
A0035-C021,A0035,“트럼프發 인플레 피할 수 없어… 美 금리 상승할 것”,2025-01-07,https://www.chosun.com/economy/economy_general/2025/01/07/CKJOVMVRZZC6VFP7K7JSIGFYBI,1,21,1,-한국은 탄핵 사태를 맞이했다.,"“미국은 인공지능(AI)이나 다른 첨단 기술 분야에서 우위를 보이고 있다. 또 바이든 행정부가 많은 수요를 일으켜 경제를 뜨겁게 달궜다. 그에 반해 중국이나 독일, 프랑스 등은 부동산 거품이 심해지고, 생산성이 떨어지고, 공공 부채가 늘어나는 등의 문제를 안고 있다. (미국 외 다른 국가들은) 정신 차려고, 대책을 내놔야 한다.”",-그래도 미국만 나 홀로 호황이다.,성장률이 1%대로 떨어질 수 있다는 전망도 나온다.,False,"탄핵 사태라는 표현은 특정한 사건이나 상황에 대한 설명이지, 수치나 비율, 통계적인 변화를 주장하는 내용이 아닙니다.",high,hcx,HCX-007,isclaim-v1.3-prev2-context,2026-08-05
A0035-C022,A0035,“트럼프發 인플레 피할 수 없어… 美 금리 상승할 것”,2025-01-07,https://www.chosun.com/economy/economy_general/2025/01/07/CKJOVMVRZZC6VFP7K7JSIGFYBI,1,22,1,성장률이 1%대로 떨어질 수 있다는 전망도 나온다.,-한국은 탄핵 사태를 맞이했다.,"“미국은 인공지능(AI)이나 다른 첨단 기술 분야에서 우위를 보이고 있다. 또 바이든 행정부가 많은 수요를 일으켜 경제를 뜨겁게 달궜다. 그에 반해 중국이나 독일, 프랑스 등은 부동산 거품이 심해지고, 생산성이 떨어지고, 공공 부채가 늘어나는 등의 문제를 안고 있다. (미국 외 다른 국가들은) 정신 차려고, 대책을 내놔야 한다.”","“한국은 출산율이 낮고, 고령화가 심해지는 등 인구 구조가 좋지 않다. 다른 선진국에 비해 국가 부채는 낮지만, 인구 고령화에 따른 의료·연금 지출 증가로 재정이 악화할 우려가 있다. 다만 최근 정치적 불확실성은 충분히 극복할 것으로 본다.”",True,"성장률이 1%대로 떨어진다는 것은 국내 경제 상황에 대한 예측으로, 이는 KOSIS에서 제공하는 경제 지표 및 성장률 관련 통계를 통해 검증할 수 있는 내용입니다.",high,hcx,HCX-007,isclaim-v1.3-prev2-context,2026-08-05
A0035-C023,A0035,“트럼프發 인플레 피할 수 없어… 美 금리 상승할 것”,2025-01-07,https://www.chosun.com/economy/economy_general/2025/01/07/CKJOVMVRZZC6VFP7K7JSIGFYBI,1,23,1,"“한국은 출산율이 낮고, 고령화가 심해지는 등 인구 구조가 좋지 않다. 다른 선진국에 비해 국가 부채는 낮지만, 인구 고령화에 따른 의료·연금 지출 증가로 재정이 악화할 우려가 있다. 다만 최근 정치적 불확실성은 충분히 극복할 것으로 본다.”",성장률이 1%대로 떨어질 수 있다는 전망도 나온다.,-한국은 탄핵 사태를 맞이했다.,-비트코인 등 가상 자산은 계속 오르고 있다.,True,"현재 문장에서 한국의 출산율 저하 및 고령화 문제, 그리고 이에 따른 재정 악화의 우려 등은 모두 인구 및 사회 경제적 지표로서 KOSIS에서 관련 통계를 통해 검증할 수 있는 내용들이다.",high,hcx,HCX-007,isclaim-v1.3-prev2-context,2026-08-05
A0035-C024,A0035,“트럼프發 인플레 피할 수 없어… 美 금리 상승할 것”,2025-01-07,https://www.chosun.com/economy/economy_general/2025/01/07/CKJOVMVRZZC6VFP7K7JSIGFYBI,1,24,1,-비트코인 등 가상 자산은 계속 오르고 있다.,"“한국은 출산율이 낮고, 고령화가 심해지는 등 인구 구조가 좋지 않다. 다른 선진국에 비해 국가 부채는 낮지만, 인구 고령화에 따른 의료·연금 지출 증가로 재정이 악화할 우려가 있다. 다만 최근 정치적 불확실성은 충분히 극복할 것으로 본다.”",성장률이 1%대로 떨어질 수 있다는 전망도 나온다.,“가상 화폐는 바보들의 게임이다. 거품은 머잖아 터질 것이다.”,False,"비트코인 등 가상 자산의 상승은 특정 금융 상품의 시장 동향에 대한 단순한 관찰이므로, 이는 KOSIS에서 제공하는 통계 자료로 검증 가능한 내용이 아닙니다.",high,hcx,HCX-007,isclaim-v1.3-prev2-context,2026-08-05
A0035-C026,A0035,“트럼프發 인플레 피할 수 없어… 美 금리 상승할 것”,2025-01-07,https://www.chosun.com/economy/economy_general/2025/01/07/CKJOVMVRZZC6VFP7K7JSIGFYBI,1,26,1,"☞배리 아이컨그린 1952년생으로 미국 예일대에서 경제학 박사 학위를 받고, 1987년부터 UC버클리 경제학과 교수로 있다.",“가상 화폐는 바보들의 게임이다. 거품은 머잖아 터질 것이다.”,-비트코인 등 가상 자산은 계속 오르고 있다.,역사 분석을 통해 현재 금융 시스템을 살피는 연구를 해왔다.,False,현재 문장은 배리 아이컨그린이라는 인물에 대한 정보 제공이므로 수치나 통계적 변화를 주장하는 것이 아닙니다.,high,hcx,HCX-007,isclaim-v1.3-prev2-context,2026-08-05
A0035-C027,A0035,“트럼프發 인플레 피할 수 없어… 美 금리 상승할 것”,2025-01-07,https://www.chosun.com/economy/economy_general/2025/01/07/CKJOVMVRZZC6VFP7K7JSIGFYBI,1,27,1,역사 분석을 통해 현재 금융 시스템을 살피는 연구를 해왔다.,"☞배리 아이컨그린 1952년생으로 미국 예일대에서 경제학 박사 학위를 받고, 1987년부터 UC버클리 경제학과 교수로 있다.",“가상 화폐는 바보들의 게임이다. 거품은 머잖아 터질 것이다.”,국제 금융과 통화 체제에 대한 세계적 권위자로 인정받고 있다.,False,"현재 문장은 단순한 역사적 분석 연구의 언급으로, 수치나 통계적인 변화를 주장하는 내용이 아닙니다.",high,hcx,HCX-007,isclaim-v1.3-prev2-context,2026-08-05
A0035-C028,A0035,“트럼프發 인플레 피할 수 없어… 美 금리 상승할 것”,2025-01-07,https://www.chosun.com/economy/economy_general/2025/01/07/CKJOVMVRZZC6VFP7K7JSIGFYBI,1,28,1,국제 금융과 통화 체제에 대한 세계적 권위자로 인정받고 있다.,역사 분석을 통해 현재 금융 시스템을 살피는 연구를 해왔다.,"☞배리 아이컨그린 1952년생으로 미국 예일대에서 경제학 박사 학위를 받고, 1987년부터 UC버클리 경제학과 교수로 있다.",2014년에는 1987년 이후 한국 경제의 변화를 다룬 책 ‘기적에서 성숙으로: 한국 경제의 성장’을 공동 집필하기도 했다.,False,"현재 문장은 배리 아이컨그린이 국제 금융과 통화 체제에 대한 세계적 권위자라는 평가나 의견을 제시하고 있으며, 이는 수치나 통계적인 변화를 주장하는 것이 아닙니다.",high,hcx,HCX-007,isclaim-v1.3-prev2-context,2026-08-05
A0035-C029,A0035,“트럼프發 인플레 피할 수 없어… 美 금리 상승할 것”,2025-01-07,https://www.chosun.com/economy/economy_general/2025/01/07/CKJOVMVRZZC6VFP7K7JSIGFYBI,1,29,1,2014년에는 1987년 이후 한국 경제의 변화를 다룬 책 ‘기적에서 성숙으로: 한국 경제의 성장’을 공동 집필하기도 했다.,국제 금융과 통화 체제에 대한 세계적 권위자로 인정받고 있다.,역사 분석을 통해 현재 금융 시스템을 살피는 연구를 해왔다.,,False,"현재 문장은 저자가 책을 공동 집필했다는 내용으로, 수치나 통계적인 변화 방향을 주장하지 않습니다.",high,hcx,HCX-007,isclaim-v1.3-prev2-context,2026-08-05
A0036-C001,A0036,글로벌 IB들 한국 올해 성장률 전망 1.7%로 하락,2025-01-07,https://www.chosun.com/economy/economy_general/2025/01/07/GSOS3IQE2FEEPDT6JHTTOOJBHA,1,1,1,지난달 글로벌 투자은행(IB)들이 제시한 올해 우리나라 경제 성장률 전망치 평균이 1.7%로 집계됐다.,,,석 달 만에 0.4%포인트 내려갔다.,True,"현재 문장은 '올해 우리나라 경제 성장률 전망치 평균이 1.7%'라는 구체적인 수치를 제시하며, 이는 국가 경제 관련 통계로서 KOSIS에서 대조할 가능성이 높습니다.",high,hcx,HCX-007,isclaim-v1.3-prev2-context,2026-08-05
A0036-C002,A0036,글로벌 IB들 한국 올해 성장률 전망 1.7%로 하락,2025-01-07,https://www.chosun.com/economy/economy_general/2025/01/07/GSOS3IQE2FEEPDT6JHTTOOJBHA,1,2,1,석 달 만에 0.4%포인트 내려갔다.,지난달 글로벌 투자은행(IB)들이 제시한 올해 우리나라 경제 성장률 전망치 평균이 1.7%로 집계됐다.,,"7일 국제금융센터에 따르면, 작년 12월 말 기준 바클레이스·뱅크오브아메리카메릴린치·시티·골드만삭스·JP모건·HSBC·노무라·UBS 등 글로벌 IB 8곳이 전망한 올해 우리나라 성장률 평균치는 1.7%로 집계 됐다.",True,"현재 문장은 우리나라의 경제 성장률 전망치가 석 달 만에 0.4%포인트 내려갔다는 내용을 포함하며, 이는 KOSIS를 통해 검증 가능한 국내 경제 관련 통계 정보이기 때문에 해당된다.",high,hcx,HCX-007,isclaim-v1.3-prev2-context,2026-08-05
A0036-C003,A0036,글로벌 IB들 한국 올해 성장률 전망 1.7%로 하락,2025-01-07,https://www.chosun.com/economy/economy_general/2025/01/07/GSOS3IQE2FEEPDT6JHTTOOJBHA,1,3,1,"7일 국제금융센터에 따르면, 작년 12월 말 기준 바클레이스·뱅크오브아메리카메릴린치·시티·골드만삭스·JP모건·HSBC·노무라·UBS 등 글로벌 IB 8곳이 전망한 올해 우리나라 성장률 평균치는 1.7%로 집계 됐다.",석 달 만에 0.4%포인트 내려갔다.,지난달 글로벌 투자은행(IB)들이 제시한 올해 우리나라 경제 성장률 전망치 평균이 1.7%로 집계됐다.,전달(1.8%)보다 0.1%포인트 내려갔다.,False,"현재 문장은 글로벌 투자은행들의 경제 성장률 전망치에 대한 내용으로, 이는 KOSIS에서 제공하는 국가 공식 통계와는 관련이 없습니다.",high,hcx,HCX-007,isclaim-v1.3-prev2-context,2026-08-05
A0036-C004,A0036,글로벌 IB들 한국 올해 성장률 전망 1.7%로 하락,2025-01-07,https://www.chosun.com/economy/economy_general/2025/01/07/GSOS3IQE2FEEPDT6JHTTOOJBHA,1,4,1,전달(1.8%)보다 0.1%포인트 내려갔다.,"7일 국제금융센터에 따르면, 작년 12월 말 기준 바클레이스·뱅크오브아메리카메릴린치·시티·골드만삭스·JP모건·HSBC·노무라·UBS 등 글로벌 IB 8곳이 전망한 올해 우리나라 성장률 평균치는 1.7%로 집계 됐다.",석 달 만에 0.4%포인트 내려갔다.,이는 한국은행(1.9%)이나 정부(1.8%) 전망치보다도 낮다.,True,"현재 문장은 전달 대비 경제 성장률이 0.1%포인트 내려갔다는 내용을 포함하며, 이는 KOSIS를 통해 검증 가능한 국내 경제 관련 통계 정보입니다.",high,hcx,HCX-007,isclaim-v1.3-prev2-context,2026-08-05
A0036-C005,A0036,글로벌 IB들 한국 올해 성장률 전망 1.7%로 하락,2025-01-07,https://www.chosun.com/economy/economy_general/2025/01/07/GSOS3IQE2FEEPDT6JHTTOOJBHA,1,5,1,이는 한국은행(1.9%)이나 정부(1.8%) 전망치보다도 낮다.,전달(1.8%)보다 0.1%포인트 내려갔다.,"7일 국제금융센터에 따르면, 작년 12월 말 기준 바클레이스·뱅크오브아메리카메릴린치·시티·골드만삭스·JP모건·HSBC·노무라·UBS 등 글로벌 IB 8곳이 전망한 올해 우리나라 성장률 평균치는 1.7%로 집계 됐다.","IB들은 9월 2.1%에 이어, 10월 2.0% 등으로 올해 성장률 전망을 계속 내려 잡고 있다.",False,"현재 문장은 특정 기관들의 경제 성장률 전망치를 비교하는 내용으로, KOSIS에서 직접적인 검증을 할 수 있는 내용이 아닙니다.",high,hcx,HCX-007,isclaim-v1.3-prev2-context,2026-08-05
A0036-C006,A0036,글로벌 IB들 한국 올해 성장률 전망 1.7%로 하락,2025-01-07,https://www.chosun.com/economy/economy_general/2025/01/07/GSOS3IQE2FEEPDT6JHTTOOJBHA,1,6,1,"IB들은 9월 2.1%에 이어, 10월 2.0% 등으로 올해 성장률 전망을 계속 내려 잡고 있다.",이는 한국은행(1.9%)이나 정부(1.8%) 전망치보다도 낮다.,전달(1.8%)보다 0.1%포인트 내려갔다.,특히 JP모건은 올해 성장률을 1.3%로 전망하며 가장 비관적으로 봤다.,True,"현재 문장은 한국의 경제 성장률 전망치가 지속적으로 하향 조정되고 있다는 내용을 담고 있으며, 이는 KOSIS를 통해 확인 가능한 국가 경제 관련 통계 정보이므로 True로 판단됩니다.",high,hcx,HCX-007,isclaim-v1.3-prev2-context,2026-08-05
A0036-C007,A0036,글로벌 IB들 한국 올해 성장률 전망 1.7%로 하락,2025-01-07,https://www.chosun.com/economy/economy_general/2025/01/07/GSOS3IQE2FEEPDT6JHTTOOJBHA,1,7,1,특히 JP모건은 올해 성장률을 1.3%로 전망하며 가장 비관적으로 봤다.,"IB들은 9월 2.1%에 이어, 10월 2.0% 등으로 올해 성장률 전망을 계속 내려 잡고 있다.",이는 한국은행(1.9%)이나 정부(1.8%) 전망치보다도 낮다.,"작년 9월 전망치였던 2.3%에서 1%포인트 내려간 것으로, 전달(1.7%)에 비해서도 크게 내렸다.",False,JP모건의 올해 성장률 전망치는 특정 기업의 경제 예측이므로 KOSIS에서 검증할 수 있는 국내 집계 통계가 아닙니다.,high,hcx,HCX-007,isclaim-v1.3-prev2-context,2026-08-05
A0036-C008,A0036,글로벌 IB들 한국 올해 성장률 전망 1.7%로 하락,2025-01-07,https://www.chosun.com/economy/economy_general/2025/01/07/GSOS3IQE2FEEPDT6JHTTOOJBHA,1,8,1,"작년 9월 전망치였던 2.3%에서 1%포인트 내려간 것으로, 전달(1.7%)에 비해서도 크게 내렸다.",특히 JP모건은 올해 성장률을 1.3%로 전망하며 가장 비관적으로 봤다.,"IB들은 9월 2.1%에 이어, 10월 2.0% 등으로 올해 성장률 전망을 계속 내려 잡고 있다.","박석길 JP모건 본부장은 “11월까지 확인된 데이터들을 봤을 때 설비투자, 건설투자 등이 크게 하락했다”며 “또 작년 12월 경제심리지수가 소비·기업 심리 등에서 전반적으로 큰 폭으로 하락했고, 올해 1월 의미 있게 상향 반전할 것으로 보기 어렵다”고 설명했다.",True,"현재 문장은 한국의 경제 성장률 예측치가 하향 조정되었다는 내용을 담고 있으며, 이는 국가 경제 관련 통계로서 KOSIS를 통해 검증할 수 있는 내용입니다.",high,hcx,HCX-007,isclaim-v1.3-prev2-context,2026-08-05
A0036-C009,A0036,글로벌 IB들 한국 올해 성장률 전망 1.7%로 하락,2025-01-07,https://www.chosun.com/economy/economy_general/2025/01/07/GSOS3IQE2FEEPDT6JHTTOOJBHA,1,9,1,"박석길 JP모건 본부장은 “11월까지 확인된 데이터들을 봤을 때 설비투자, 건설투자 등이 크게 하락했다”며 “또 작년 12월 경제심리지수가 소비·기업 심리 등에서 전반적으로 큰 폭으로 하락했고, 올해 1월 의미 있게 상향 반전할 것으로 보기 어렵다”고 설명했다.","작년 9월 전망치였던 2.3%에서 1%포인트 내려간 것으로, 전달(1.7%)에 비해서도 크게 내렸다.",특히 JP모건은 올해 성장률을 1.3%로 전망하며 가장 비관적으로 봤다.,실제 한은에 따르면 지난달 소비심리지수는 88.4로 11월(100.7)보다 12.3포인트나 떨어지며 코로나 팬데믹 기간이었던 2020년 3월 이후 최대 낙폭을 기록했다.,True,"현재 문장은 설비투자와 건설투자의 하락 및 경제심리지수의 하락과 관련된 내용을 포함하고 있으며, 이는 국가 경제 지표로서 KOSIS에서 관련 통계를 통해 검증할 수 있다.",high,hcx,HCX-007,isclaim-v1.3-prev2-context,2026-08-05
A0036-C010,A0036,글로벌 IB들 한국 올해 성장률 전망 1.7%로 하락,2025-01-07,https://www.chosun.com/economy/economy_general/2025/01/07/GSOS3IQE2FEEPDT6JHTTOOJBHA,1,10,1,실제 한은에 따르면 지난달 소비심리지수는 88.4로 11월(100.7)보다 12.3포인트나 떨어지며 코로나 팬데믹 기간이었던 2020년 3월 이후 최대 낙폭을 기록했다.,"박석길 JP모건 본부장은 “11월까지 확인된 데이터들을 봤을 때 설비투자, 건설투자 등이 크게 하락했다”며 “또 작년 12월 경제심리지수가 소비·기업 심리 등에서 전반적으로 큰 폭으로 하락했고, 올해 1월 의미 있게 상향 반전할 것으로 보기 어렵다”고 설명했다.","작년 9월 전망치였던 2.3%에서 1%포인트 내려간 것으로, 전달(1.7%)에 비해서도 크게 내렸다.","BNP파리바는 최근 보고서에서 “정치 불안, 항공기 추락 사고 등이 소비 심리를 추가로 악화시킬 가능성이 있다”고 분석했다.",True,"현재 문장은 한국은행의 소비심리지수가 11월에 비해 얼마나 떨어졌는지를 구체적인 수치와 함께 언급하고 있으며, 이는 국가통계포털(KOSIS)에서 관련 통계를 통해 검증할 수 있는 내용이다.",high,hcx,HCX-007,isclaim-v1.3-prev2-context,2026-08-05
A0036-C011,A0036,글로벌 IB들 한국 올해 성장률 전망 1.7%로 하락,2025-01-07,https://www.chosun.com/economy/economy_general/2025/01/07/GSOS3IQE2FEEPDT6JHTTOOJBHA,1,11,1,"BNP파리바는 최근 보고서에서 “정치 불안, 항공기 추락 사고 등이 소비 심리를 추가로 악화시킬 가능성이 있다”고 분석했다.",실제 한은에 따르면 지난달 소비심리지수는 88.4로 11월(100.7)보다 12.3포인트나 떨어지며 코로나 팬데믹 기간이었던 2020년 3월 이후 최대 낙폭을 기록했다.,"박석길 JP모건 본부장은 “11월까지 확인된 데이터들을 봤을 때 설비투자, 건설투자 등이 크게 하락했다”며 “또 작년 12월 경제심리지수가 소비·기업 심리 등에서 전반적으로 큰 폭으로 하락했고, 올해 1월 의미 있게 상향 반전할 것으로 보기 어렵다”고 설명했다.",수출 등 대외 경제 여건도 녹록하지 않다.,False,정치 불안 및 항공기 추락 사고가 소비 심리에 미치는 영향에 대한 분석은 단순한 의견 평가이므로 KOSIS 통계로 검증하기 어렵습니다.,high,hcx,HCX-007,isclaim-v1.3-prev2-context,2026-08-05
A0036-C012,A0036,글로벌 IB들 한국 올해 성장률 전망 1.7%로 하락,2025-01-07,https://www.chosun.com/economy/economy_general/2025/01/07/GSOS3IQE2FEEPDT6JHTTOOJBHA,1,12,1,수출 등 대외 경제 여건도 녹록하지 않다.,"BNP파리바는 최근 보고서에서 “정치 불안, 항공기 추락 사고 등이 소비 심리를 추가로 악화시킬 가능성이 있다”고 분석했다.",실제 한은에 따르면 지난달 소비심리지수는 88.4로 11월(100.7)보다 12.3포인트나 떨어지며 코로나 팬데믹 기간이었던 2020년 3월 이후 최대 낙폭을 기록했다.,한은은 올해 수출 증가율을 1.5%로 내다보고 있다.,False,"현재 문장은 수출 등 대외 경제 여건이 좋지 않다는 일반적인 의견을 제시하고 있으며, 이는 특정한 수치나 통계적 변화를 주장하는 것이 아닙니다.",high,hcx,HCX-007,isclaim-v1.3-prev2-context,2026-08-05
A0036-C013,A0036,글로벌 IB들 한국 올해 성장률 전망 1.7%로 하락,2025-01-07,https://www.chosun.com/economy/economy_general/2025/01/07/GSOS3IQE2FEEPDT6JHTTOOJBHA,1,13,1,한은은 올해 수출 증가율을 1.5%로 내다보고 있다.,수출 등 대외 경제 여건도 녹록하지 않다.,"BNP파리바는 최근 보고서에서 “정치 불안, 항공기 추락 사고 등이 소비 심리를 추가로 악화시킬 가능성이 있다”고 분석했다.",뱅크오브아메리카는 최근 보고서에서 “올해 첨단 반도체를 중심으로 한 미국의 대중(對中) 무역 장벽 강화 여파로 한국의 대중 수출도 타격을 받는 등 역풍이 예상돼 수출이 경제 성장을 주도하기는 어려울 전망”이라고 했다.,True,"현재 문장은 한국은행이 올해 수출 증가율을 1.5%로 예상한다는 내용으로, 이는 수치적인 예측이므로 KOSIS를 통해 검증 가능한 수치 주장에 해당합니다.",high,hcx,HCX-007,isclaim-v1.3-prev2-context,2026-08-05
A0036-C014,A0036,글로벌 IB들 한국 올해 성장률 전망 1.7%로 하락,2025-01-07,https://www.chosun.com/economy/economy_general/2025/01/07/GSOS3IQE2FEEPDT6JHTTOOJBHA,1,14,1,뱅크오브아메리카는 최근 보고서에서 “올해 첨단 반도체를 중심으로 한 미국의 대중(對中) 무역 장벽 강화 여파로 한국의 대중 수출도 타격을 받는 등 역풍이 예상돼 수출이 경제 성장을 주도하기는 어려울 전망”이라고 했다.,한은은 올해 수출 증가율을 1.5%로 내다보고 있다.,수출 등 대외 경제 여건도 녹록하지 않다.,,False,"문장은 한국의 대중 수출이 미국 무역 장벽 강화로 인해 영향을 받을 것이라는 예측을 하고 있지만, 이는 단순한 전망이므로 KOSIS 통계로 검증 가능한 수치나 통계적 변화를 주장하지 않습니다.",high,hcx,HCX-007,isclaim-v1.3-prev2-context,2026-08-05
A0037-C001,A0037,공매도 전산화 첫발… 거래 법인 등록번호 발급 시작,2025-01-07,https://www.chosun.com/economy/economy_general/2025/01/07/MMIB2Z7HRBCQZMP4CZ47NXBSJE,1,1,1,금융감독원이 오는 3월 공매도 재개를 앞두고 불법 공매도를 막기 위해 모든 공매도 거래 법인에 대해 등록 번호를 발급하기로 했다.,,,등록 번호를 이용해 불법 공매도 감시 체계를 구축한다는 계획이다.,False,"금융감독원의 공매도 관련 정책 변경에 대한 내용으로, 이는 수치나 통계적 변화와 관련이 없습니다.",high,hcx,HCX-007,isclaim-v1.3-prev2-context,2026-08-05
A0037-C002,A0037,공매도 전산화 첫발… 거래 법인 등록번호 발급 시작,2025-01-07,https://www.chosun.com/economy/economy_general/2025/01/07/MMIB2Z7HRBCQZMP4CZ47NXBSJE,1,2,1,등록 번호를 이용해 불법 공매도 감시 체계를 구축한다는 계획이다.,금융감독원이 오는 3월 공매도 재개를 앞두고 불법 공매도를 막기 위해 모든 공매도 거래 법인에 대해 등록 번호를 발급하기로 했다.,,금감원은 7일부터 대규모 공매도 거래 법인에 대한 등록 번호 발급 서비스를 실시한다고 6일 밝혔다.,False,등록 번호를 이용한 불법 공매도 감시 체계 구축 계획은 특정한 통계나 수치적인 변화를 주장하는 것이 아니므로 해당되지 않습니다.,high,hcx,HCX-007,isclaim-v1.3-prev2-context,2026-08-05
A0037-C003,A0037,공매도 전산화 첫발… 거래 법인 등록번호 발급 시작,2025-01-07,https://www.chosun.com/economy/economy_general/2025/01/07/MMIB2Z7HRBCQZMP4CZ47NXBSJE,1,3,1,금감원은 7일부터 대규모 공매도 거래 법인에 대한 등록 번호 발급 서비스를 실시한다고 6일 밝혔다.,등록 번호를 이용해 불법 공매도 감시 체계를 구축한다는 계획이다.,금융감독원이 오는 3월 공매도 재개를 앞두고 불법 공매도를 막기 위해 모든 공매도 거래 법인에 대해 등록 번호를 발급하기로 했다.,적용 대상은 무차입 공매도 발생 개연성이 있는 거래를 희망하는 모든 공매도 거래 법인이다.,False,"현재 문장은 금감원의 서비스 일정에 관한 내용으로, 수치나 통계적인 변화를 주장하지 않습니다.",high,hcx,HCX-007,isclaim-v1.3-prev2-context,2026-08-05
A0037-C004,A0037,공매도 전산화 첫발… 거래 법인 등록번호 발급 시작,2025-01-07,https://www.chosun.com/economy/economy_general/2025/01/07/MMIB2Z7HRBCQZMP4CZ47NXBSJE,1,4,1,적용 대상은 무차입 공매도 발생 개연성이 있는 거래를 희망하는 모든 공매도 거래 법인이다.,금감원은 7일부터 대규모 공매도 거래 법인에 대한 등록 번호 발급 서비스를 실시한다고 6일 밝혔다.,등록 번호를 이용해 불법 공매도 감시 체계를 구축한다는 계획이다.,금감원은 투자자 실체나 독립 거래 단위 요건 충족 여부 등을 심사한 이후 등록 번호를 발급할 예정이다.,False,"현재 문장은 공매도 거래 법인에 대한 정보 제공 및 절차에 관한 내용으로, 수치나 통계적인 변화를 주장하지 않습니다.",high,hcx,HCX-007,isclaim-v1.3-prev2-context,2026-08-05
A0037-C005,A0037,공매도 전산화 첫발… 거래 법인 등록번호 발급 시작,2025-01-07,https://www.chosun.com/economy/economy_general/2025/01/07/MMIB2Z7HRBCQZMP4CZ47NXBSJE,1,5,1,금감원은 투자자 실체나 독립 거래 단위 요건 충족 여부 등을 심사한 이후 등록 번호를 발급할 예정이다.,적용 대상은 무차입 공매도 발생 개연성이 있는 거래를 희망하는 모든 공매도 거래 법인이다.,금감원은 7일부터 대규모 공매도 거래 법인에 대한 등록 번호 발급 서비스를 실시한다고 6일 밝혔다.,공매도 중앙 점검 시스템(NSDS)은 공매도 등록 번호를 발급받은 투자자의 모든 주문을 집계해 여러 증권사나 계좌를 이용하는 경우에도 거래 정보를 취합해 무차입 공매도 여부를 상시 탐지하게 된다.,False,"현재 문장은 금감원의 절차 및 계획에 관한 내용으로, 수치나 통계적인 변화를 주장하지 않습니다.",high,hcx,HCX-007,isclaim-v1.3-prev2-context,2026-08-05
A0037-C006,A0037,공매도 전산화 첫발… 거래 법인 등록번호 발급 시작,2025-01-07,https://www.chosun.com/economy/economy_general/2025/01/07/MMIB2Z7HRBCQZMP4CZ47NXBSJE,1,6,1,공매도 중앙 점검 시스템(NSDS)은 공매도 등록 번호를 발급받은 투자자의 모든 주문을 집계해 여러 증권사나 계좌를 이용하는 경우에도 거래 정보를 취합해 무차입 공매도 여부를 상시 탐지하게 된다.,금감원은 투자자 실체나 독립 거래 단위 요건 충족 여부 등을 심사한 이후 등록 번호를 발급할 예정이다.,적용 대상은 무차입 공매도 발생 개연성이 있는 거래를 희망하는 모든 공매도 거래 법인이다.,금융 당국은 3월 31일 공매도 재개를 앞두고 그간 제도 개선 방안으로 무차입 공매도 예방과 사후 점검을 위한 공매도 전산 시스템 구축을 추진해 왔다.,False,"현재 문장은 공매도 중앙 점검 시스템의 기능 및 역할에 대한 설명이므로, 수치나 통계적인 변화를 주장하는 내용이 아닙니다.",high,hcx,HCX-007,isclaim-v1.3-prev2-context,2026-08-05
A0037-C007,A0037,공매도 전산화 첫발… 거래 법인 등록번호 발급 시작,2025-01-07,https://www.chosun.com/economy/economy_general/2025/01/07/MMIB2Z7HRBCQZMP4CZ47NXBSJE,1,7,1,금융 당국은 3월 31일 공매도 재개를 앞두고 그간 제도 개선 방안으로 무차입 공매도 예방과 사후 점검을 위한 공매도 전산 시스템 구축을 추진해 왔다.,공매도 중앙 점검 시스템(NSDS)은 공매도 등록 번호를 발급받은 투자자의 모든 주문을 집계해 여러 증권사나 계좌를 이용하는 경우에도 거래 정보를 취합해 무차입 공매도 여부를 상시 탐지하게 된다.,금감원은 투자자 실체나 독립 거래 단위 요건 충족 여부 등을 심사한 이후 등록 번호를 발급할 예정이다.,"금감원 관계자는 “등록 번호를 발급함으로써 실체성 있는 투자자만 대규모 공매도 거래를 할 수 있도록 하고, 규정에 입각한 독립 거래 단위 운영을 확인할 수 있다”며 “그만큼 거래 투명성을 높일 수 있을 것으로 보고 있다”고 했다.",False,"현재 문장은 금융 당국이 공매도 재개에 앞서 무차입 공매도 예방과 사후 점검을 위해 시스템을 구축했다는 내용으로, 이는 단순한 정보 전달이지 수치나 통계적인 변화를 주장하는 내용이 아닙니다.",high,hcx,HCX-007,isclaim-v1.3-prev2-context,2026-08-05
A0037-C008,A0037,공매도 전산화 첫발… 거래 법인 등록번호 발급 시작,2025-01-07,https://www.chosun.com/economy/economy_general/2025/01/07/MMIB2Z7HRBCQZMP4CZ47NXBSJE,1,8,1,"금감원 관계자는 “등록 번호를 발급함으로써 실체성 있는 투자자만 대규모 공매도 거래를 할 수 있도록 하고, 규정에 입각한 독립 거래 단위 운영을 확인할 수 있다”며 “그만큼 거래 투명성을 높일 수 있을 것으로 보고 있다”고 했다.",금융 당국은 3월 31일 공매도 재개를 앞두고 그간 제도 개선 방안으로 무차입 공매도 예방과 사후 점검을 위한 공매도 전산 시스템 구축을 추진해 왔다.,공매도 중앙 점검 시스템(NSDS)은 공매도 등록 번호를 발급받은 투자자의 모든 주문을 집계해 여러 증권사나 계좌를 이용하는 경우에도 거래 정보를 취합해 무차입 공매도 여부를 상시 탐지하게 된다.,,False,"현재 문장은 금융 당국의 정책 및 기대 효과에 대한 설명으로, 구체적인 수치나 통계적 변화를 주장하지 않는다.",high,hcx,HCX-007,isclaim-v1.3-prev2-context,2026-08-05
A0038-C001,A0038,“코스피 2300~2350이 저점… 이때 관심 종목 사면 손해볼 일 없을 것”,2025-01-07,https://www.chosun.com/economy/economy_general/2025/01/07/MZR2ILC64JFWZD6RKZ4DJ5SRFU,1,1,1,5 “2025년 코스피 저점은 2300~2350 정도로 보고 있습니다. 이때 관심 종목을 매수하시면 손해 볼 일은 거의 없을 겁니다.”,,,지난달 31일 ‘조선일보 머니’와 조선닷컴을 통해 공개된 ‘다시보는 2025 재테크 박람회’에선 개인 투자자의 전설이자 ‘수퍼 개미’로 불리는 남석관 베스트인컴 회장이 ‘트럼프 2기 시대의 투자전략’을 주제로 강연했다.,False,코스피 저점에 대한 예측은 단순한 의견이나 전망이므로 KOSIS 통계로 검증할 수 없습니다.,high,hcx,HCX-007,isclaim-v1.3-prev2-context,2026-08-05
A0038-C002,A0038,“코스피 2300~2350이 저점… 이때 관심 종목 사면 손해볼 일 없을 것”,2025-01-07,https://www.chosun.com/economy/economy_general/2025/01/07/MZR2ILC64JFWZD6RKZ4DJ5SRFU,1,2,1,지난달 31일 ‘조선일보 머니’와 조선닷컴을 통해 공개된 ‘다시보는 2025 재테크 박람회’에선 개인 투자자의 전설이자 ‘수퍼 개미’로 불리는 남석관 베스트인컴 회장이 ‘트럼프 2기 시대의 투자전략’을 주제로 강연했다.,5 “2025년 코스피 저점은 2300~2350 정도로 보고 있습니다. 이때 관심 종목을 매수하시면 손해 볼 일은 거의 없을 겁니다.”,,남 회장은 2000년대 중반부터 미래에셋·키움,False,"현재 문장은 특정 인물의 강연 내용을 소개하며, 어떠한 수치나 통계적인 변화를 주장하지 않습니다.",high,hcx,HCX-007,isclaim-v1.3-prev2-context,2026-08-05
A0038-C003,A0038,“코스피 2300~2350이 저점… 이때 관심 종목 사면 손해볼 일 없을 것”,2025-01-07,https://www.chosun.com/economy/economy_general/2025/01/07/MZR2ILC64JFWZD6RKZ4DJ5SRFU,1,3,1,남 회장은 2000년대 중반부터 미래에셋·키움,지난달 31일 ‘조선일보 머니’와 조선닷컴을 통해 공개된 ‘다시보는 2025 재테크 박람회’에선 개인 투자자의 전설이자 ‘수퍼 개미’로 불리는 남석관 베스트인컴 회장이 ‘트럼프 2기 시대의 투자전략’을 주제로 강연했다.,5 “2025년 코스피 저점은 2300~2350 정도로 보고 있습니다. 이때 관심 종목을 매수하시면 손해 볼 일은 거의 없을 겁니다.”,"등 주요 증권사들이 여는 투자 대회에 참가해 수차례 1등에 올랐고, 2006~2007년 2년 동안엔 2500%에 달하는 투자 수익률을 기록하기도 했다.",False,남 회장의 경력 및 활동에 대한 설명이므로 수치나 통계적 변화를 주장하는 내용이 아닙니다.,high,hcx,HCX-007,isclaim-v1.3-prev2-context,2026-08-05
A0038-C004,A0038,“코스피 2300~2350이 저점… 이때 관심 종목 사면 손해볼 일 없을 것”,2025-01-07,https://www.chosun.com/economy/economy_general/2025/01/07/MZR2ILC64JFWZD6RKZ4DJ5SRFU,1,4,1,"등 주요 증권사들이 여는 투자 대회에 참가해 수차례 1등에 올랐고, 2006~2007년 2년 동안엔 2500%에 달하는 투자 수익률을 기록하기도 했다.",남 회장은 2000년대 중반부터 미래에셋·키움,지난달 31일 ‘조선일보 머니’와 조선닷컴을 통해 공개된 ‘다시보는 2025 재테크 박람회’에선 개인 투자자의 전설이자 ‘수퍼 개미’로 불리는 남석관 베스트인컴 회장이 ‘트럼프 2기 시대의 투자전략’을 주제로 강연했다.,미국 주식시장에 비해 성과가 좋지 않은 국내 주식시장에서 돈을 벌려면 어떻게 투자해야 할까.,False,투자 수익률은 특정 개인의 성과이므로 KOSIS에서 대조할 수 있는 집계 통계가 아닙니다.,high,hcx,HCX-007,isclaim-v1.3-prev2-context,2026-08-05
A0038-C005,A0038,“코스피 2300~2350이 저점… 이때 관심 종목 사면 손해볼 일 없을 것”,2025-01-07,https://www.chosun.com/economy/economy_general/2025/01/07/MZR2ILC64JFWZD6RKZ4DJ5SRFU,1,5,1,미국 주식시장에 비해 성과가 좋지 않은 국내 주식시장에서 돈을 벌려면 어떻게 투자해야 할까.,"등 주요 증권사들이 여는 투자 대회에 참가해 수차례 1등에 올랐고, 2006~2007년 2년 동안엔 2500%에 달하는 투자 수익률을 기록하기도 했다.",남 회장은 2000년대 중반부터 미래에셋·키움,"◇”조선 기자재·자율주행·드론·AI 소프트웨어 유망” 남석관 회장은 미국의 트럼프 2기 행정부에선 조선 기자재 업종과 자율주행차, 드론 관련주, 조선업, 우크라이나 재건주 AI(인공지능) 소프트웨어 관련 업종이 주목받을 것으로 내다봤다.",False,"현재 문장은 단순한 질문 형태로, 특정한 수치나 통계적인 변화를 주장하는 내용이 아닙니다.",high,hcx,HCX-007,isclaim-v1.3-prev2-context,2026-08-05
A0038-C006,A0038,“코스피 2300~2350이 저점… 이때 관심 종목 사면 손해볼 일 없을 것”,2025-01-07,https://www.chosun.com/economy/economy_general/2025/01/07/MZR2ILC64JFWZD6RKZ4DJ5SRFU,1,6,1,"◇”조선 기자재·자율주행·드론·AI 소프트웨어 유망” 남석관 회장은 미국의 트럼프 2기 행정부에선 조선 기자재 업종과 자율주행차, 드론 관련주, 조선업, 우크라이나 재건주 AI(인공지능) 소프트웨어 관련 업종이 주목받을 것으로 내다봤다.",미국 주식시장에 비해 성과가 좋지 않은 국내 주식시장에서 돈을 벌려면 어떻게 투자해야 할까.,"등 주요 증권사들이 여는 투자 대회에 참가해 수차례 1등에 올랐고, 2006~2007년 2년 동안엔 2500%에 달하는 투자 수익률을 기록하기도 했다.",트럼프 대통령 당선인의 대선 공약과 관련됐거나 기술 혁신이 활발히 이뤄지고 있는 분야들이다.,False,"현재 문장은 특정 업종의 미래 유망성에 대한 예측 및 의견을 제시하고 있으며, 이는 구체적인 수치나 통계적 변화를 주장하는 것이 아닙니다.",high,hcx,HCX-007,isclaim-v1.3-prev2-context,2026-08-05
A0038-C007,A0038,“코스피 2300~2350이 저점… 이때 관심 종목 사면 손해볼 일 없을 것”,2025-01-07,https://www.chosun.com/economy/economy_general/2025/01/07/MZR2ILC64JFWZD6RKZ4DJ5SRFU,1,7,1,트럼프 대통령 당선인의 대선 공약과 관련됐거나 기술 혁신이 활발히 이뤄지고 있는 분야들이다.,"◇”조선 기자재·자율주행·드론·AI 소프트웨어 유망” 남석관 회장은 미국의 트럼프 2기 행정부에선 조선 기자재 업종과 자율주행차, 드론 관련주, 조선업, 우크라이나 재건주 AI(인공지능) 소프트웨어 관련 업종이 주목받을 것으로 내다봤다.",미국 주식시장에 비해 성과가 좋지 않은 국내 주식시장에서 돈을 벌려면 어떻게 투자해야 할까.,"그는 “투자 종목을 고를 때에는 거래량이 많은지, 또 앞으로 실적을 잘 낼 수 있는 업종에 속해 있는지를 꼭 확인해야 한다”고 말했다. 구체적인 추천 종목명은 강연 영상을 통해 확인할 수 있다. ◇”추격 매수는 금물”",False,"현재 문장은 특정 산업 분야에 대한 평가나 의견을 제시하고 있으며, 이는 KOSIS에서 검증 가능한 수치나 통계적 변화를 주장하지 않는다.",high,hcx,HCX-007,isclaim-v1.3-prev2-context,2026-08-05
A0038-C008,A0038,“코스피 2300~2350이 저점… 이때 관심 종목 사면 손해볼 일 없을 것”,2025-01-07,https://www.chosun.com/economy/economy_general/2025/01/07/MZR2ILC64JFWZD6RKZ4DJ5SRFU,1,8,1,"그는 “투자 종목을 고를 때에는 거래량이 많은지, 또 앞으로 실적을 잘 낼 수 있는 업종에 속해 있는지를 꼭 확인해야 한다”고 말했다. 구체적인 추천 종목명은 강연 영상을 통해 확인할 수 있다. ◇”추격 매수는 금물”",트럼프 대통령 당선인의 대선 공약과 관련됐거나 기술 혁신이 활발히 이뤄지고 있는 분야들이다.,"◇”조선 기자재·자율주행·드론·AI 소프트웨어 유망” 남석관 회장은 미국의 트럼프 2기 행정부에선 조선 기자재 업종과 자율주행차, 드론 관련주, 조선업, 우크라이나 재건주 AI(인공지능) 소프트웨어 관련 업종이 주목받을 것으로 내다봤다.",남 회장은 유망 종목도 신중하게 매수해야 한다고 강조했다.,False,"현재 문장은 투자 종목을 선택할 때 고려해야 할 사항에 대한 조언이지, 특정한 수치나 통계적인 변화를 주장하는 내용이 아닙니다.",high,hcx,HCX-007,isclaim-v1.3-prev2-context,2026-08-05
A0038-C009,A0038,“코스피 2300~2350이 저점… 이때 관심 종목 사면 손해볼 일 없을 것”,2025-01-07,https://www.chosun.com/economy/economy_general/2025/01/07/MZR2ILC64JFWZD6RKZ4DJ5SRFU,1,9,1,남 회장은 유망 종목도 신중하게 매수해야 한다고 강조했다.,"그는 “투자 종목을 고를 때에는 거래량이 많은지, 또 앞으로 실적을 잘 낼 수 있는 업종에 속해 있는지를 꼭 확인해야 한다”고 말했다. 구체적인 추천 종목명은 강연 영상을 통해 확인할 수 있다. ◇”추격 매수는 금물”",트럼프 대통령 당선인의 대선 공약과 관련됐거나 기술 혁신이 활발히 이뤄지고 있는 분야들이다.,남 회장은 “아무리 좋은 주식도 비쌀 때 사면 안 된다”며 “그래프를 보고 많이 떨어진 다음에 제자리에 오면 사야 한다”고 말했다.,False,"현재 문장은 투자 조언 및 매수에 대한 일반적인 의견을 제시하며, 특정한 수치나 통계적인 변화를 주장하지 않습니다.",high,hcx,HCX-007,isclaim-v1.3-prev2-context,2026-08-05
A0038-C010,A0038,“코스피 2300~2350이 저점… 이때 관심 종목 사면 손해볼 일 없을 것”,2025-01-07,https://www.chosun.com/economy/economy_general/2025/01/07/MZR2ILC64JFWZD6RKZ4DJ5SRFU,1,10,1,남 회장은 “아무리 좋은 주식도 비쌀 때 사면 안 된다”며 “그래프를 보고 많이 떨어진 다음에 제자리에 오면 사야 한다”고 말했다.,남 회장은 유망 종목도 신중하게 매수해야 한다고 강조했다.,"그는 “투자 종목을 고를 때에는 거래량이 많은지, 또 앞으로 실적을 잘 낼 수 있는 업종에 속해 있는지를 꼭 확인해야 한다”고 말했다. 구체적인 추천 종목명은 강연 영상을 통해 확인할 수 있다. ◇”추격 매수는 금물”",개인 투자자들이 주식으로 손실을 보는 건 가격이 많이 올랐을 때 추격 매수하기 때문이라고 했다.,False,"주어진 문장은 투자 전략에 대한 조언으로, 특정한 수치나 통계적 변화를 주장하지 않는다.",high,hcx,HCX-007,isclaim-v1.3-prev2-context,2026-08-05
A0038-C011,A0038,“코스피 2300~2350이 저점… 이때 관심 종목 사면 손해볼 일 없을 것”,2025-01-07,https://www.chosun.com/economy/economy_general/2025/01/07/MZR2ILC64JFWZD6RKZ4DJ5SRFU,1,11,1,개인 투자자들이 주식으로 손실을 보는 건 가격이 많이 올랐을 때 추격 매수하기 때문이라고 했다.,남 회장은 “아무리 좋은 주식도 비쌀 때 사면 안 된다”며 “그래프를 보고 많이 떨어진 다음에 제자리에 오면 사야 한다”고 말했다.,남 회장은 유망 종목도 신중하게 매수해야 한다고 강조했다.,그는 “주식 투자는 아주 단순하다”며 “남들이 (주가 떨어져)죽겠다고 할 때 사고 남들이 다 좋다고 할 때 팔아야 한다”고 말했다.,False,"주어진 문장은 개인 투자자들의 주식 거래 행동에 대한 의견을 제시하지만, 이는 특정한 수치나 통계적 변화를 주장하는 것이 아니므로 KOSIS 통계로 검증할 수 없습니다.",high,hcx,HCX-007,isclaim-v1.3-prev2-context,2026-08-05
A0038-C012,A0038,“코스피 2300~2350이 저점… 이때 관심 종목 사면 손해볼 일 없을 것”,2025-01-07,https://www.chosun.com/economy/economy_general/2025/01/07/MZR2ILC64JFWZD6RKZ4DJ5SRFU,1,12,1,그는 “주식 투자는 아주 단순하다”며 “남들이 (주가 떨어져)죽겠다고 할 때 사고 남들이 다 좋다고 할 때 팔아야 한다”고 말했다.,개인 투자자들이 주식으로 손실을 보는 건 가격이 많이 올랐을 때 추격 매수하기 때문이라고 했다.,남 회장은 “아무리 좋은 주식도 비쌀 때 사면 안 된다”며 “그래프를 보고 많이 떨어진 다음에 제자리에 오면 사야 한다”고 말했다.,그러면서 “지수를 이기는 종목은 없다”며 “코스피가 2300~2350대로 떨어져 개별 종목들도 우수수 떨어지면 평소 관심 있게 보던 종목을 사라”고 말했다.,False,현재 문장은 주식 투자 방법에 대한 일반적인 조언이므로 수치나 통계적인 변화를 주장하지 않는다.,high,hcx,HCX-007,isclaim-v1.3-prev2-context,2026-08-05
A0038-C013,A0038,“코스피 2300~2350이 저점… 이때 관심 종목 사면 손해볼 일 없을 것”,2025-01-07,https://www.chosun.com/economy/economy_general/2025/01/07/MZR2ILC64JFWZD6RKZ4DJ5SRFU,1,13,1,그러면서 “지수를 이기는 종목은 없다”며 “코스피가 2300~2350대로 떨어져 개별 종목들도 우수수 떨어지면 평소 관심 있게 보던 종목을 사라”고 말했다.,그는 “주식 투자는 아주 단순하다”며 “남들이 (주가 떨어져)죽겠다고 할 때 사고 남들이 다 좋다고 할 때 팔아야 한다”고 말했다.,개인 투자자들이 주식으로 손실을 보는 건 가격이 많이 올랐을 때 추격 매수하기 때문이라고 했다.,반대로 지수가 크게 떨어져 내가 산 주식이 3%가량 손실을 보게 되면 과감하게 ‘손절매’하라고도 강조했다.,False,"현재 문장은 주식 투자 전략에 대한 조언이지, 수치나 비율 등의 통계적 변화를 주장하는 내용이 아닙니다.",high,hcx,HCX-007,isclaim-v1.3-prev2-context,2026-08-05
A0038-C014,A0038,“코스피 2300~2350이 저점… 이때 관심 종목 사면 손해볼 일 없을 것”,2025-01-07,https://www.chosun.com/economy/economy_general/2025/01/07/MZR2ILC64JFWZD6RKZ4DJ5SRFU,1,14,1,반대로 지수가 크게 떨어져 내가 산 주식이 3%가량 손실을 보게 되면 과감하게 ‘손절매’하라고도 강조했다.,그러면서 “지수를 이기는 종목은 없다”며 “코스피가 2300~2350대로 떨어져 개별 종목들도 우수수 떨어지면 평소 관심 있게 보던 종목을 사라”고 말했다.,그는 “주식 투자는 아주 단순하다”며 “남들이 (주가 떨어져)죽겠다고 할 때 사고 남들이 다 좋다고 할 때 팔아야 한다”고 말했다.,그는 “조금 손해를 보더라도 팔아서 현금을 쥐고 있어야 다음에 올라갈 주식을 살 수 있다”며 “시장에 민첩하게 대응하라”고 했다.,False,주식의 손실에 대한 조언이므로 이는 개인 투자 전략에 관한 내용이지 국가집계 통계를 검증할 수 있는 내용이 아닙니다.,high,hcx,HCX-007,isclaim-v1.3-prev2-context,2026-08-05
A0038-C015,A0038,“코스피 2300~2350이 저점… 이때 관심 종목 사면 손해볼 일 없을 것”,2025-01-07,https://www.chosun.com/economy/economy_general/2025/01/07/MZR2ILC64JFWZD6RKZ4DJ5SRFU,1,15,1,그는 “조금 손해를 보더라도 팔아서 현금을 쥐고 있어야 다음에 올라갈 주식을 살 수 있다”며 “시장에 민첩하게 대응하라”고 했다.,반대로 지수가 크게 떨어져 내가 산 주식이 3%가량 손실을 보게 되면 과감하게 ‘손절매’하라고도 강조했다.,그러면서 “지수를 이기는 종목은 없다”며 “코스피가 2300~2350대로 떨어져 개별 종목들도 우수수 떨어지면 평소 관심 있게 보던 종목을 사라”고 말했다.,고공 행진 중인 미국 주식시장에는 어떻게 투자해야 할까.,False,"현재 문장은 주식 투자 전략에 대한 조언으로, 특정한 수치나 통계적인 변화를 주장하지 않습니다.",high,hcx,HCX-007,isclaim-v1.3-prev2-context,2026-08-05
A0038-C016,A0038,“코스피 2300~2350이 저점… 이때 관심 종목 사면 손해볼 일 없을 것”,2025-01-07,https://www.chosun.com/economy/economy_general/2025/01/07/MZR2ILC64JFWZD6RKZ4DJ5SRFU,1,16,1,고공 행진 중인 미국 주식시장에는 어떻게 투자해야 할까.,그는 “조금 손해를 보더라도 팔아서 현금을 쥐고 있어야 다음에 올라갈 주식을 살 수 있다”며 “시장에 민첩하게 대응하라”고 했다.,반대로 지수가 크게 떨어져 내가 산 주식이 3%가량 손실을 보게 되면 과감하게 ‘손절매’하라고도 강조했다.,남 회장은 “미국 증시가 고점이다 보니 변동성이 크다”며 “이럴 때는 안정적으로 수익을 내는 기업(대장주)에 투자하는 것이 리스크를 줄이는 방법”이라고 했다. 가격이 떨어져도 다시 오르는 회복력이 좋다는 것이다. 다만 이 역시 단기 급등한 주가가 크게 하락했을 때 매수할 것을 권했다. ◇”차트 공부 게을리하지 말아야” 남,False,"현재 문장은 미국 주식시장에 대한 일반적인 질문이지, 수치나 통계적인 변화를 주장하는 내용이 아닙니다.",high,hcx,HCX-007,isclaim-v1.3-prev2-context,2026-08-05
A0038-C017,A0038,“코스피 2300~2350이 저점… 이때 관심 종목 사면 손해볼 일 없을 것”,2025-01-07,https://www.chosun.com/economy/economy_general/2025/01/07/MZR2ILC64JFWZD6RKZ4DJ5SRFU,1,17,1,남 회장은 “미국 증시가 고점이다 보니 변동성이 크다”며 “이럴 때는 안정적으로 수익을 내는 기업(대장주)에 투자하는 것이 리스크를 줄이는 방법”이라고 했다. 가격이 떨어져도 다시 오르는 회복력이 좋다는 것이다. 다만 이 역시 단기 급등한 주가가 크게 하락했을 때 매수할 것을 권했다. ◇”차트 공부 게을리하지 말아야” 남,고공 행진 중인 미국 주식시장에는 어떻게 투자해야 할까.,그는 “조금 손해를 보더라도 팔아서 현금을 쥐고 있어야 다음에 올라갈 주식을 살 수 있다”며 “시장에 민첩하게 대응하라”고 했다.,회장은 주식 차트 분석의 중요성을 수차례 강조했다.,False,"현재 문장은 미국 증시의 변동성과 투자 전략에 대한 의견을 제시하고 있으며, 이는 특정한 수치나 통계적 변화를 주장하는 내용이 아닙니다.",high,hcx,HCX-007,isclaim-v1.3-prev2-context,2026-08-05
A0038-C018,A0038,“코스피 2300~2350이 저점… 이때 관심 종목 사면 손해볼 일 없을 것”,2025-01-07,https://www.chosun.com/economy/economy_general/2025/01/07/MZR2ILC64JFWZD6RKZ4DJ5SRFU,1,18,1,회장은 주식 차트 분석의 중요성을 수차례 강조했다.,남 회장은 “미국 증시가 고점이다 보니 변동성이 크다”며 “이럴 때는 안정적으로 수익을 내는 기업(대장주)에 투자하는 것이 리스크를 줄이는 방법”이라고 했다. 가격이 떨어져도 다시 오르는 회복력이 좋다는 것이다. 다만 이 역시 단기 급등한 주가가 크게 하락했을 때 매수할 것을 권했다. ◇”차트 공부 게을리하지 말아야” 남,고공 행진 중인 미국 주식시장에는 어떻게 투자해야 할까.,"그래야 매수, 매도 시점을 제대로 잡을 수 있다는 것이다.",False,주식 차트 분석의 중요성에 대한 단순한 의견 표현이므로 KOSIS 통계로 검증할 수 없다.,high,hcx,HCX-007,isclaim-v1.3-prev2-context,2026-08-05
A0038-C019,A0038,“코스피 2300~2350이 저점… 이때 관심 종목 사면 손해볼 일 없을 것”,2025-01-07,https://www.chosun.com/economy/economy_general/2025/01/07/MZR2ILC64JFWZD6RKZ4DJ5SRFU,1,19,1,"그래야 매수, 매도 시점을 제대로 잡을 수 있다는 것이다.",회장은 주식 차트 분석의 중요성을 수차례 강조했다.,남 회장은 “미국 증시가 고점이다 보니 변동성이 크다”며 “이럴 때는 안정적으로 수익을 내는 기업(대장주)에 투자하는 것이 리스크를 줄이는 방법”이라고 했다. 가격이 떨어져도 다시 오르는 회복력이 좋다는 것이다. 다만 이 역시 단기 급등한 주가가 크게 하락했을 때 매수할 것을 권했다. ◇”차트 공부 게을리하지 말아야” 남,"“골든크로스(단기 이동평균선이 장기 이동평균선 위로 올라서는 시점)가 발생할 때 사고, 반대로 데드크로스(단기 이동평균선이 장기 이동평균선을 하향 돌파) 시점에 파는 것이 기본”이라고 했다.",False,"현재 문장은 주식 차트를 통해 매수 및 매도 시점을 잘 잡는 방법에 대한 조언이므로, 이는 수치나 통계적인 주장과는 관련이 없습니다.",high,hcx,HCX-007,isclaim-v1.3-prev2-context,2026-08-05
A0038-C020,A0038,“코스피 2300~2350이 저점… 이때 관심 종목 사면 손해볼 일 없을 것”,2025-01-07,https://www.chosun.com/economy/economy_general/2025/01/07/MZR2ILC64JFWZD6RKZ4DJ5SRFU,1,20,1,"“골든크로스(단기 이동평균선이 장기 이동평균선 위로 올라서는 시점)가 발생할 때 사고, 반대로 데드크로스(단기 이동평균선이 장기 이동평균선을 하향 돌파) 시점에 파는 것이 기본”이라고 했다.","그래야 매수, 매도 시점을 제대로 잡을 수 있다는 것이다.",회장은 주식 차트 분석의 중요성을 수차례 강조했다.,이를 통해 시장 상황에 유연하게 대처하라고 당부했다.,False,주식 차트와 관련된 일반적인 투자 전략에 대한 설명이므로 KOSIS 통계와 관련이 없다.,high,hcx,HCX-007,isclaim-v1.3-prev2-context,2026-08-05
A0038-C021,A0038,“코스피 2300~2350이 저점… 이때 관심 종목 사면 손해볼 일 없을 것”,2025-01-07,https://www.chosun.com/economy/economy_general/2025/01/07/MZR2ILC64JFWZD6RKZ4DJ5SRFU,1,21,1,이를 통해 시장 상황에 유연하게 대처하라고 당부했다.,"“골든크로스(단기 이동평균선이 장기 이동평균선 위로 올라서는 시점)가 발생할 때 사고, 반대로 데드크로스(단기 이동평균선이 장기 이동평균선을 하향 돌파) 시점에 파는 것이 기본”이라고 했다.","그래야 매수, 매도 시점을 제대로 잡을 수 있다는 것이다.","그는 “예전 같은 성장 시대에는 장기 투자가 가능했지만, 저성장 국면인 지금은 무척 어려워졌다”며 “중장기 투자로는 절대 돈을 벌 수 없다. 짧게 짧게 (매매)하는 것이 좋다”고 말했다. ◇”시장 어려워도 수익 날 종목 있다”",False,시장 상황에 유연하게 대처하라는 단순한 조언이므로 수치나 통계적 변화를 주장하지 않는다.,high,hcx,HCX-007,isclaim-v1.3-prev2-context,2026-08-05
A0038-C022,A0038,“코스피 2300~2350이 저점… 이때 관심 종목 사면 손해볼 일 없을 것”,2025-01-07,https://www.chosun.com/economy/economy_general/2025/01/07/MZR2ILC64JFWZD6RKZ4DJ5SRFU,1,22,1,"그는 “예전 같은 성장 시대에는 장기 투자가 가능했지만, 저성장 국면인 지금은 무척 어려워졌다”며 “중장기 투자로는 절대 돈을 벌 수 없다. 짧게 짧게 (매매)하는 것이 좋다”고 말했다. ◇”시장 어려워도 수익 날 종목 있다”",이를 통해 시장 상황에 유연하게 대처하라고 당부했다.,"“골든크로스(단기 이동평균선이 장기 이동평균선 위로 올라서는 시점)가 발생할 때 사고, 반대로 데드크로스(단기 이동평균선이 장기 이동평균선을 하향 돌파) 시점에 파는 것이 기본”이라고 했다.",남 회장은 올해 국내 주식시장이 어려울 것으로 전망하고 있다.,False,"현재 문장은 주식 시장의 투자 전략에 대한 의견을 제시하고 있으며, 이는 특정한 수치나 통계적인 변화를 주장하는 내용이 아닙니다.",high,hcx,HCX-007,isclaim-v1.3-prev2-context,2026-08-05
A0038-C023,A0038,“코스피 2300~2350이 저점… 이때 관심 종목 사면 손해볼 일 없을 것”,2025-01-07,https://www.chosun.com/economy/economy_general/2025/01/07/MZR2ILC64JFWZD6RKZ4DJ5SRFU,1,23,1,남 회장은 올해 국내 주식시장이 어려울 것으로 전망하고 있다.,"그는 “예전 같은 성장 시대에는 장기 투자가 가능했지만, 저성장 국면인 지금은 무척 어려워졌다”며 “중장기 투자로는 절대 돈을 벌 수 없다. 짧게 짧게 (매매)하는 것이 좋다”고 말했다. ◇”시장 어려워도 수익 날 종목 있다”",이를 통해 시장 상황에 유연하게 대처하라고 당부했다.,그는 “그래도 오르는 종목은 있기 때문에 이럴 때일수록 공부해야 한다”고 말했다.,False,남 회장이 올해 국내 주식시장이 어려울 것이라고 전망한다는 내용은 단순한 의견이나 예측이므로 KOSIS 통계로 검증할 수 없습니다.,high,hcx,HCX-007,isclaim-v1.3-prev2-context,2026-08-05
A0038-C024,A0038,“코스피 2300~2350이 저점… 이때 관심 종목 사면 손해볼 일 없을 것”,2025-01-07,https://www.chosun.com/economy/economy_general/2025/01/07/MZR2ILC64JFWZD6RKZ4DJ5SRFU,1,24,1,그는 “그래도 오르는 종목은 있기 때문에 이럴 때일수록 공부해야 한다”고 말했다.,남 회장은 올해 국내 주식시장이 어려울 것으로 전망하고 있다.,"그는 “예전 같은 성장 시대에는 장기 투자가 가능했지만, 저성장 국면인 지금은 무척 어려워졌다”며 “중장기 투자로는 절대 돈을 벌 수 없다. 짧게 짧게 (매매)하는 것이 좋다”고 말했다. ◇”시장 어려워도 수익 날 종목 있다”","언론 뉴스와 시장 동향을 제대로 파악하고, 개별 차트 분석을 통해 사고파는 시점을 정하라는 것이다.",False,"현재 문장은 주식시장에서 오르는 종목이 있다는 일반적인 의견을 제시하며, 이는 특정한 수치나 통계적 변화를 주장하는 내용이 아닙니다.",low,hcx,HCX-007,isclaim-v1.3-prev2-context,2026-08-05
A0038-C025,A0038,“코스피 2300~2350이 저점… 이때 관심 종목 사면 손해볼 일 없을 것”,2025-01-07,https://www.chosun.com/economy/economy_general/2025/01/07/MZR2ILC64JFWZD6RKZ4DJ5SRFU,1,25,1,"언론 뉴스와 시장 동향을 제대로 파악하고, 개별 차트 분석을 통해 사고파는 시점을 정하라는 것이다.",그는 “그래도 오르는 종목은 있기 때문에 이럴 때일수록 공부해야 한다”고 말했다.,남 회장은 올해 국내 주식시장이 어려울 것으로 전망하고 있다.,그는 “공부와 연구를 많이 하는 것만이 이 어려운 시장에서 흔들림 없이 꾸준히 수익을 낼 수 있는 유일한 방법”이라고 말했다.,False,개별 차트 분석 및 사고파는 시점 결정 방법에 대한 조언이므로 KOSIS 통계와 관련이 없다.,high,hcx,HCX-007,isclaim-v1.3-prev2-context,2026-08-05
A0038-C026,A0038,“코스피 2300~2350이 저점… 이때 관심 종목 사면 손해볼 일 없을 것”,2025-01-07,https://www.chosun.com/economy/economy_general/2025/01/07/MZR2ILC64JFWZD6RKZ4DJ5SRFU,1,26,1,그는 “공부와 연구를 많이 하는 것만이 이 어려운 시장에서 흔들림 없이 꾸준히 수익을 낼 수 있는 유일한 방법”이라고 말했다.,"언론 뉴스와 시장 동향을 제대로 파악하고, 개별 차트 분석을 통해 사고파는 시점을 정하라는 것이다.",그는 “그래도 오르는 종목은 있기 때문에 이럴 때일수록 공부해야 한다”고 말했다.,그러면서 일본 주식시장에서 ‘투자의 신’이라 불리는 고레카와 긴조를 언급했다.,False,현재 문장은 투자 전략 및 방법에 대한 개인적인 조언이므로 수치나 통계적인 변화를 주장하지 않습니다.,high,hcx,HCX-007,isclaim-v1.3-prev2-context,2026-08-05
A0038-C027,A0038,“코스피 2300~2350이 저점… 이때 관심 종목 사면 손해볼 일 없을 것”,2025-01-07,https://www.chosun.com/economy/economy_general/2025/01/07/MZR2ILC64JFWZD6RKZ4DJ5SRFU,1,27,1,그러면서 일본 주식시장에서 ‘투자의 신’이라 불리는 고레카와 긴조를 언급했다.,그는 “공부와 연구를 많이 하는 것만이 이 어려운 시장에서 흔들림 없이 꾸준히 수익을 낼 수 있는 유일한 방법”이라고 말했다.,"언론 뉴스와 시장 동향을 제대로 파악하고, 개별 차트 분석을 통해 사고파는 시점을 정하라는 것이다.",남 회장은 “이분은 2년간 절에서 죽어라 공부한 뒤 65세부터 우리 돈 3500만원을 갖고 주식 투자를 시작했다”며 “이후 93세까지 1조원 가까이 벌었다. 여러분도 공부하면 할 수 있다”고 말했다.,False,"현재 문장은 일본 주식시장에서의 인물 언급으로, 수치나 통계적 변화를 주장하지 않는다.",high,hcx,HCX-007,isclaim-v1.3-prev2-context,2026-08-05
A0038-C028,A0038,“코스피 2300~2350이 저점… 이때 관심 종목 사면 손해볼 일 없을 것”,2025-01-07,https://www.chosun.com/economy/economy_general/2025/01/07/MZR2ILC64JFWZD6RKZ4DJ5SRFU,1,28,1,남 회장은 “이분은 2년간 절에서 죽어라 공부한 뒤 65세부터 우리 돈 3500만원을 갖고 주식 투자를 시작했다”며 “이후 93세까지 1조원 가까이 벌었다. 여러분도 공부하면 할 수 있다”고 말했다.,그러면서 일본 주식시장에서 ‘투자의 신’이라 불리는 고레카와 긴조를 언급했다.,그는 “공부와 연구를 많이 하는 것만이 이 어려운 시장에서 흔들림 없이 꾸준히 수익을 낼 수 있는 유일한 방법”이라고 말했다.,,False,"남 회장의 발언은 특정 인물의 투자 경험과 관련된 개인적인 이야기로, 이는 KOSIS에서 검증 가능한 통계적 주장과는 관련이 없습니다.",high,hcx,HCX-007,isclaim-v1.3-prev2-context,2026-08-05
A0039-C001,A0039,넥슨 등 게임 업체 3社 하청社에 일감 맡기고 계약서 제대로 안 써줘,2025-01-07,https://www.chosun.com/economy/economy_general/2025/01/07/TZMTAHTD3JCUBHKAZNTLIYUFYI,1,1,1,넥슨코리아·크래프톤·엔씨소프트 등 국내 주요 게임 업체 3사가 하청 업체에 일감을 맡기고도 계약서를 제대로 써주지 않은 혐의(하도급법 위반)로 6일 공정거래위원회로부터 시정명령을 받았다.,,,"법 위반 정도가 무거운 넥슨코리아와 크래프톤은 각각 3200만원, 3600만원의 과징금도 부과받았다.",False,"현재 문장은 특정 기업의 법적 문제에 대한 내용으로, 수치나 통계적 변화와 관련이 없습니다.",high,hcx,HCX-007,isclaim-v1.3-prev2-context,2026-08-05
A0039-C002,A0039,넥슨 등 게임 업체 3社 하청社에 일감 맡기고 계약서 제대로 안 써줘,2025-01-07,https://www.chosun.com/economy/economy_general/2025/01/07/TZMTAHTD3JCUBHKAZNTLIYUFYI,1,2,1,"법 위반 정도가 무거운 넥슨코리아와 크래프톤은 각각 3200만원, 3600만원의 과징금도 부과받았다.",넥슨코리아·크래프톤·엔씨소프트 등 국내 주요 게임 업체 3사가 하청 업체에 일감을 맡기고도 계약서를 제대로 써주지 않은 혐의(하도급법 위반)로 6일 공정거래위원회로부터 시정명령을 받았다.,,"공정위에 따르면, 이들 3사는 게임에 쓰이는 그래픽·녹음 등의 제작을 하청 업체에 맡기고도 용역 대금과 지급 방법 등이 담긴 계약서를 제때 써주지 않았다.",False,"현재 문장은 특정 기업의 벌금 부과에 대한 내용으로, 이는 개별 사건에 해당하며 국가집계 통계의 범주에 속하지 않습니다.",high,hcx,HCX-007,isclaim-v1.3-prev2-context,2026-08-05
A0039-C003,A0039,넥슨 등 게임 업체 3社 하청社에 일감 맡기고 계약서 제대로 안 써줘,2025-01-07,https://www.chosun.com/economy/economy_general/2025/01/07/TZMTAHTD3JCUBHKAZNTLIYUFYI,1,3,1,"공정위에 따르면, 이들 3사는 게임에 쓰이는 그래픽·녹음 등의 제작을 하청 업체에 맡기고도 용역 대금과 지급 방법 등이 담긴 계약서를 제때 써주지 않았다.","법 위반 정도가 무거운 넥슨코리아와 크래프톤은 각각 3200만원, 3600만원의 과징금도 부과받았다.",넥슨코리아·크래프톤·엔씨소프트 등 국내 주요 게임 업체 3사가 하청 업체에 일감을 맡기고도 계약서를 제대로 써주지 않은 혐의(하도급법 위반)로 6일 공정거래위원회로부터 시정명령을 받았다.,사실상 ‘구두 계약’으로 일을 맡긴 셈이다.,False,"현재 문장은 게임 업체들이 하청 업체와의 계약서 작부와 관련된 법적 문제에 대한 설명이므로, 이는 수치나 통계적인 주장과는 관련이 없습니다.",high,hcx,HCX-007,isclaim-v1.3-prev2-context,2026-08-05
A0039-C004,A0039,넥슨 등 게임 업체 3社 하청社에 일감 맡기고 계약서 제대로 안 써줘,2025-01-07,https://www.chosun.com/economy/economy_general/2025/01/07/TZMTAHTD3JCUBHKAZNTLIYUFYI,1,4,1,사실상 ‘구두 계약’으로 일을 맡긴 셈이다.,"공정위에 따르면, 이들 3사는 게임에 쓰이는 그래픽·녹음 등의 제작을 하청 업체에 맡기고도 용역 대금과 지급 방법 등이 담긴 계약서를 제때 써주지 않았다.","법 위반 정도가 무거운 넥슨코리아와 크래프톤은 각각 3200만원, 3600만원의 과징금도 부과받았다.",현행법상 이런 경우 게임사는 하청 업체가 용역을 시작하기 전에 미리 계약서를 발급해줘야 한다.,False,"'사실상 ‘구두 계약’으로 일을 맡긴 셈이다.'라는 문장은 단순한 설명이나 평가로서, 수치나 통계적인 변화를 주장하지 않습니다.",high,hcx,HCX-007,isclaim-v1.3-prev2-context,2026-08-05
A0039-C005,A0039,넥슨 등 게임 업체 3社 하청社에 일감 맡기고 계약서 제대로 안 써줘,2025-01-07,https://www.chosun.com/economy/economy_general/2025/01/07/TZMTAHTD3JCUBHKAZNTLIYUFYI,1,5,1,현행법상 이런 경우 게임사는 하청 업체가 용역을 시작하기 전에 미리 계약서를 발급해줘야 한다.,사실상 ‘구두 계약’으로 일을 맡긴 셈이다.,"공정위에 따르면, 이들 3사는 게임에 쓰이는 그래픽·녹음 등의 제작을 하청 업체에 맡기고도 용역 대금과 지급 방법 등이 담긴 계약서를 제때 써주지 않았다.","계약 내용이 불분명하면, 이에 대한 분쟁으로 하청 업체가 피해를 볼 가능성이 있기 때문이다.",False,"현재 문장은 법률적인 규정에 대한 설명이지, 수치나 통계적 변화를 주장하는 내용이 아닙니다.",high,hcx,HCX-007,isclaim-v1.3-prev2-context,2026-08-05
A0039-C006,A0039,넥슨 등 게임 업체 3社 하청社에 일감 맡기고 계약서 제대로 안 써줘,2025-01-07,https://www.chosun.com/economy/economy_general/2025/01/07/TZMTAHTD3JCUBHKAZNTLIYUFYI,1,6,1,"계약 내용이 불분명하면, 이에 대한 분쟁으로 하청 업체가 피해를 볼 가능성이 있기 때문이다.",현행법상 이런 경우 게임사는 하청 업체가 용역을 시작하기 전에 미리 계약서를 발급해줘야 한다.,사실상 ‘구두 계약’으로 일을 맡긴 셈이다.,예를 들어 넥슨코리아는 2021~2023년 약 2년간 하청 업체 12곳에 75차례에 걸쳐 계약서를 ‘지각 발급’했다.,False,"현재 문장은 계약 내용의 불분명함으로 인해 발생할 수 있는 분쟁 및 피해 가능성에 대한 일반적인 설명을 하고 있으며, 이는 특정한 수치나 통계적 변화를 주장하는 것이 아닙니다.",high,hcx,HCX-007,isclaim-v1.3-prev2-context,2026-08-05
A0039-C007,A0039,넥슨 등 게임 업체 3社 하청社에 일감 맡기고 계약서 제대로 안 써줘,2025-01-07,https://www.chosun.com/economy/economy_general/2025/01/07/TZMTAHTD3JCUBHKAZNTLIYUFYI,1,7,1,예를 들어 넥슨코리아는 2021~2023년 약 2년간 하청 업체 12곳에 75차례에 걸쳐 계약서를 ‘지각 발급’했다.,"계약 내용이 불분명하면, 이에 대한 분쟁으로 하청 업체가 피해를 볼 가능성이 있기 때문이다.",현행법상 이런 경우 게임사는 하청 업체가 용역을 시작하기 전에 미리 계약서를 발급해줘야 한다.,최대 86일까지 늑장을 부렸다.,False,"현재 문장은 특정 기업의 행위에 대한 사실을 서술하고 있으며, 이는 KOSIS에서 검증 가능한 집계 통계나 수치적인 변화에 해당하지 않습니다.",high,hcx,HCX-007,isclaim-v1.3-prev2-context,2026-08-05
A0039-C008,A0039,넥슨 등 게임 업체 3社 하청社에 일감 맡기고 계약서 제대로 안 써줘,2025-01-07,https://www.chosun.com/economy/economy_general/2025/01/07/TZMTAHTD3JCUBHKAZNTLIYUFYI,1,8,1,최대 86일까지 늑장을 부렸다.,예를 들어 넥슨코리아는 2021~2023년 약 2년간 하청 업체 12곳에 75차례에 걸쳐 계약서를 ‘지각 발급’했다.,"계약 내용이 불분명하면, 이에 대한 분쟁으로 하청 업체가 피해를 볼 가능성이 있기 때문이다.","크래프톤은 약 2년간 42차례, 엔씨소프트는 약 2개월간 28차례 비슷한 위반 행위를 저질렀다.",False,"문장에서 주장하는 것은 계약서 발급 지연 기간에 관한 것으로, 이는 특정 기업의 행위에 대한 정보이지 국가통계포털(KOSIS)에서 제공하는 일반적인 통계나 수치와 관련이 없습니다.",high,hcx,HCX-007,isclaim-v1.3-prev2-context,2026-08-05
A0039-C009,A0039,넥슨 등 게임 업체 3社 하청社에 일감 맡기고 계약서 제대로 안 써줘,2025-01-07,https://www.chosun.com/economy/economy_general/2025/01/07/TZMTAHTD3JCUBHKAZNTLIYUFYI,1,9,1,"크래프톤은 약 2년간 42차례, 엔씨소프트는 약 2개월간 28차례 비슷한 위반 행위를 저질렀다.",최대 86일까지 늑장을 부렸다.,예를 들어 넥슨코리아는 2021~2023년 약 2년간 하청 업체 12곳에 75차례에 걸쳐 계약서를 ‘지각 발급’했다.,"3사를 합쳐 총 145차례의 법 위반이 적발됐는데, 그중 49차례는 게임사가 해당 용역이 끝날 때까지도 계약서를 써 주지 않은 것으로 조사됐다.",False,"크래프톤과 엔씨소프트의 계약서 발급 지연 횟수에 대한 정보는 특정 기업의 개별 사례로, 국가통계포털(KOSIS)에서 이를 대조하거나 검증하기 어렵습니다.",high,hcx,HCX-007,isclaim-v1.3-prev2-context,2026-08-05
A0039-C010,A0039,넥슨 등 게임 업체 3社 하청社에 일감 맡기고 계약서 제대로 안 써줘,2025-01-07,https://www.chosun.com/economy/economy_general/2025/01/07/TZMTAHTD3JCUBHKAZNTLIYUFYI,1,10,1,"3사를 합쳐 총 145차례의 법 위반이 적발됐는데, 그중 49차례는 게임사가 해당 용역이 끝날 때까지도 계약서를 써 주지 않은 것으로 조사됐다.","크래프톤은 약 2년간 42차례, 엔씨소프트는 약 2개월간 28차례 비슷한 위반 행위를 저질렀다.",최대 86일까지 늑장을 부렸다.,공정위 관계자는 “게임 업계에서 관행적으로 이루어지고 있는 ‘서면 지연 발급’ 행태를 직권 조사로 적발한 사건”이라며 “앞으로 소프트웨어 등 신산업 분야에 조사 역량을 집중할 것”이라고 말했다.,False,"현재 문장은 특정 사건에서의 법 위반 횟수와 관련된 내용으로, 이는 단순한 횟수의 나열이지 국가 통계의 변화나 비교를 다루는 내용이 아닙니다.",high,hcx,HCX-007,isclaim-v1.3-prev2-context,2026-08-05
A0039-C011,A0039,넥슨 등 게임 업체 3社 하청社에 일감 맡기고 계약서 제대로 안 써줘,2025-01-07,https://www.chosun.com/economy/economy_general/2025/01/07/TZMTAHTD3JCUBHKAZNTLIYUFYI,1,11,1,공정위 관계자는 “게임 업계에서 관행적으로 이루어지고 있는 ‘서면 지연 발급’ 행태를 직권 조사로 적발한 사건”이라며 “앞으로 소프트웨어 등 신산업 분야에 조사 역량을 집중할 것”이라고 말했다.,"3사를 합쳐 총 145차례의 법 위반이 적발됐는데, 그중 49차례는 게임사가 해당 용역이 끝날 때까지도 계약서를 써 주지 않은 것으로 조사됐다.","크래프톤은 약 2년간 42차례, 엔씨소프트는 약 2개월간 28차례 비슷한 위반 행위를 저질렀다.",,False,"현재 문장은 단순한 의견 및 평가나 원인 설명이므로, KOSIS 통계로 검증 가능한 수치나 통계적 변화에 대한 주장이 아닙니다.",high,hcx,HCX-007,isclaim-v1.3-prev2-context,2026-08-05
A0040-C001,A0040,"SK그룹, CES에서 글로벌 기업들과 AI 협력 모색",2025-01-07,https://www.chosun.com/economy/economy_general/2025/01/07/WJ4YFWMMNREF5GYZ7CF6FKAKA4,1,1,1,SK그룹이 세계 최대 가전·IT(정보기술) 박람회 ‘CES 2025′에 참가해 글로벌 기업들과 AI(인공지능) 협력 방안을 모색한다.,,,"SK그룹은 7일(현지 시각) 미국 라스베이거스에서 개막하는 이번 CES에 SK하이닉스, SK텔레콤, SKC, SK엔무브 등 4개 관계사가 ‘혁신적인 AI 기술로 지속 가능한 미래를 만든다’를 주제로 공동 전시관을 운영한다고 6일 밝혔다.",False,"문장은 특정 기업의 활동 및 계획에 대한 내용으로, KOSIS에서 검증 가능한 수치나 통계적 변화와 관련이 없습니다.",high,hcx,HCX-007,isclaim-v1.3-prev2-context,2026-08-05
A0040-C002,A0040,"SK그룹, CES에서 글로벌 기업들과 AI 협력 모색",2025-01-07,https://www.chosun.com/economy/economy_general/2025/01/07/WJ4YFWMMNREF5GYZ7CF6FKAKA4,1,2,1,"SK그룹은 7일(현지 시각) 미국 라스베이거스에서 개막하는 이번 CES에 SK하이닉스, SK텔레콤, SKC, SK엔무브 등 4개 관계사가 ‘혁신적인 AI 기술로 지속 가능한 미래를 만든다’를 주제로 공동 전시관을 운영한다고 6일 밝혔다.",SK그룹이 세계 최대 가전·IT(정보기술) 박람회 ‘CES 2025′에 참가해 글로벌 기업들과 AI(인공지능) 협력 방안을 모색한다.,,"AI 에이전트(비서) 등 출시를 앞둔 사업 계획을 공개하고, AI 분야에서 글로벌 업체들의 협업 프로젝트를 시연한다.",False,"현재 문장은 특정 기업의 전시회 참여 및 주제와 관련된 내용으로, 수치나 통계적 변화를 주장하지 않습니다.",high,hcx,HCX-007,isclaim-v1.3-prev2-context,2026-08-05
A0040-C003,A0040,"SK그룹, CES에서 글로벌 기업들과 AI 협력 모색",2025-01-07,https://www.chosun.com/economy/economy_general/2025/01/07/WJ4YFWMMNREF5GYZ7CF6FKAKA4,1,3,1,"AI 에이전트(비서) 등 출시를 앞둔 사업 계획을 공개하고, AI 분야에서 글로벌 업체들의 협업 프로젝트를 시연한다.","SK그룹은 7일(현지 시각) 미국 라스베이거스에서 개막하는 이번 CES에 SK하이닉스, SK텔레콤, SKC, SK엔무브 등 4개 관계사가 ‘혁신적인 AI 기술로 지속 가능한 미래를 만든다’를 주제로 공동 전시관을 운영한다고 6일 밝혔다.",SK그룹이 세계 최대 가전·IT(정보기술) 박람회 ‘CES 2025′에 참가해 글로벌 기업들과 AI(인공지능) 협력 방안을 모색한다.,"최태원 회장을 비롯해 곽노정 SK하이닉스 사장, 유영상 SK텔레콤 사장, 최성환 SK네트웍스 사업총괄 사장 등 경영진이 대거 참석한다.",False,"현재 문장은 AI 에이전트와 관련된 사업 계획 및 프로젝트 시연에 대한 내용으로, 수치나 통계적 변화를 주장하지 않습니다.",high,hcx,HCX-007,isclaim-v1.3-prev2-context,2026-08-05
A0040-C004,A0040,"SK그룹, CES에서 글로벌 기업들과 AI 협력 모색",2025-01-07,https://www.chosun.com/economy/economy_general/2025/01/07/WJ4YFWMMNREF5GYZ7CF6FKAKA4,1,4,1,"최태원 회장을 비롯해 곽노정 SK하이닉스 사장, 유영상 SK텔레콤 사장, 최성환 SK네트웍스 사업총괄 사장 등 경영진이 대거 참석한다.","AI 에이전트(비서) 등 출시를 앞둔 사업 계획을 공개하고, AI 분야에서 글로벌 업체들의 협업 프로젝트를 시연한다.","SK그룹은 7일(현지 시각) 미국 라스베이거스에서 개막하는 이번 CES에 SK하이닉스, SK텔레콤, SKC, SK엔무브 등 4개 관계사가 ‘혁신적인 AI 기술로 지속 가능한 미래를 만든다’를 주제로 공동 전시관을 운영한다고 6일 밝혔다.","SK는 CES 전시관 일부를 회의 공간으로 두고, 글로벌 기업들과 비즈니스 미팅을 갖고 소통하는 창구로 활용한다.",False,"현재 문장은 특정 기업의 경영진들이 행사에 참석한다는 내용으로, 수치나 통계적 변화를 주장하지 않습니다.",high,hcx,HCX-007,isclaim-v1.3-prev2-context,2026-08-05
A0040-C005,A0040,"SK그룹, CES에서 글로벌 기업들과 AI 협력 모색",2025-01-07,https://www.chosun.com/economy/economy_general/2025/01/07/WJ4YFWMMNREF5GYZ7CF6FKAKA4,1,5,1,"SK는 CES 전시관 일부를 회의 공간으로 두고, 글로벌 기업들과 비즈니스 미팅을 갖고 소통하는 창구로 활용한다.","최태원 회장을 비롯해 곽노정 SK하이닉스 사장, 유영상 SK텔레콤 사장, 최성환 SK네트웍스 사업총괄 사장 등 경영진이 대거 참석한다.","AI 에이전트(비서) 등 출시를 앞둔 사업 계획을 공개하고, AI 분야에서 글로벌 업체들의 협업 프로젝트를 시연한다.",AI 기술 혁신을 이루고 시장을 빠르게 선점하기 위해 글로벌 기업들과 AI 협력이 그만큼 절실하다는 판단에서다.,False,"현재 문장은 특정 기업의 전시회 참가 및 비즈니스 미팅 활동에 대한 설명으로, 수치나 통계적인 변화를 주장하지 않습니다.",high,hcx,HCX-007,isclaim-v1.3-prev2-context,2026-08-05
A0040-C006,A0040,"SK그룹, CES에서 글로벌 기업들과 AI 협력 모색",2025-01-07,https://www.chosun.com/economy/economy_general/2025/01/07/WJ4YFWMMNREF5GYZ7CF6FKAKA4,1,6,1,AI 기술 혁신을 이루고 시장을 빠르게 선점하기 위해 글로벌 기업들과 AI 협력이 그만큼 절실하다는 판단에서다.,"SK는 CES 전시관 일부를 회의 공간으로 두고, 글로벌 기업들과 비즈니스 미팅을 갖고 소통하는 창구로 활용한다.","최태원 회장을 비롯해 곽노정 SK하이닉스 사장, 유영상 SK텔레콤 사장, 최성환 SK네트웍스 사업총괄 사장 등 경영진이 대거 참석한다.","최 회장은 작년 11월 ‘SK AI 서밋 2024′에서 “SK는 반도체부터 에너지, 데이터 센터의 구축 운영과 서비스의 개발까지 가능한 전 세계에서 흔치 않은 기업”이라며 “SK와 파트너들의 다양한 설루션을 묶어 AI 보틀넥(병목)을 해결하겠다”고 했다.",False,"현재 문장은 단순한 의견이나 평가로서, 특정한 수치나 통계적인 변화를 주장하지 않습니다.",high,hcx,HCX-007,isclaim-v1.3-prev2-context,2026-08-05
A0040-C007,A0040,"SK그룹, CES에서 글로벌 기업들과 AI 협력 모색",2025-01-07,https://www.chosun.com/economy/economy_general/2025/01/07/WJ4YFWMMNREF5GYZ7CF6FKAKA4,1,7,1,"최 회장은 작년 11월 ‘SK AI 서밋 2024′에서 “SK는 반도체부터 에너지, 데이터 센터의 구축 운영과 서비스의 개발까지 가능한 전 세계에서 흔치 않은 기업”이라며 “SK와 파트너들의 다양한 설루션을 묶어 AI 보틀넥(병목)을 해결하겠다”고 했다.",AI 기술 혁신을 이루고 시장을 빠르게 선점하기 위해 글로벌 기업들과 AI 협력이 그만큼 절실하다는 판단에서다.,"SK는 CES 전시관 일부를 회의 공간으로 두고, 글로벌 기업들과 비즈니스 미팅을 갖고 소통하는 창구로 활용한다.","SK 관계자는 “AI 혁신을 위해서는 다양한 플레이어와의 협력이 필수적인 만큼, 앞으로도 글로벌 파트너십을 강화할 다양한 기회를 마련할 것”이라고 했다.",False,"현재 문장은 SK그룹의 AI 협력 및 솔루션 제공 계획에 대한 내용으로, 특정한 수치나 통계적 변화를 주장하지 않는다.",high,hcx,HCX-007,isclaim-v1.3-prev2-context,2026-08-05
A0040-C008,A0040,"SK그룹, CES에서 글로벌 기업들과 AI 협력 모색",2025-01-07,https://www.chosun.com/economy/economy_general/2025/01/07/WJ4YFWMMNREF5GYZ7CF6FKAKA4,1,8,1,"SK 관계자는 “AI 혁신을 위해서는 다양한 플레이어와의 협력이 필수적인 만큼, 앞으로도 글로벌 파트너십을 강화할 다양한 기회를 마련할 것”이라고 했다.","최 회장은 작년 11월 ‘SK AI 서밋 2024′에서 “SK는 반도체부터 에너지, 데이터 센터의 구축 운영과 서비스의 개발까지 가능한 전 세계에서 흔치 않은 기업”이라며 “SK와 파트너들의 다양한 설루션을 묶어 AI 보틀넥(병목)을 해결하겠다”고 했다.",AI 기술 혁신을 이루고 시장을 빠르게 선점하기 위해 글로벌 기업들과 AI 협력이 그만큼 절실하다는 판단에서다.,,False,"현재 문장은 단순한 협력 계획 및 의도를 표현하며, 구체적인 수치나 통계적 변화를 언급하지 않는다.",high,hcx,HCX-007,isclaim-v1.3-prev2-context,2026-08-05
A0041-C001,A0041,4000억달러대 지켰지만… 외환 보유액 5년 만에 최소,2025-01-07,https://www.chosun.com/economy/economy_general/2025/01/07/ZDP26OMBDVBUHJ5QBB45OF4RTI,1,1,1,지난달 외환 보유액이 연말 기준으로 5년 만에 최저치를 기록했다.,,,다만 환율 방어로 전달보다 외환 보유액이 줄었을 것이라는 우려와 달리 전달 대비로는 소폭 늘었다.,True,외환 보유액의 변화에 대한 언급이므로 국가 경제 관련 통계로서 KOSIS에서 검증 가능하다.,high,hcx,HCX-007,isclaim-v1.3-prev2-context,2026-08-05
A0041-C002,A0041,4000억달러대 지켰지만… 외환 보유액 5년 만에 최소,2025-01-07,https://www.chosun.com/economy/economy_general/2025/01/07/ZDP26OMBDVBUHJ5QBB45OF4RTI,1,2,1,다만 환율 방어로 전달보다 외환 보유액이 줄었을 것이라는 우려와 달리 전달 대비로는 소폭 늘었다.,지난달 외환 보유액이 연말 기준으로 5년 만에 최저치를 기록했다.,,"한국은행이 6일 발표한 외환 보유액 통계에 따르면, 작년 12월 말 우리나라 외환 보유액은 4156억달러로 집계됐다.",True,"현재 문장은 전달 대비 외환 보유액의 변화에 대한 정보를 제공하며, 이는 국가 경제 관련 통계로서 KOSIS에서 확인 가능한 내용이다.",high,hcx,HCX-007,isclaim-v1.3-prev2-context,2026-08-05
A0041-C003,A0041,4000억달러대 지켰지만… 외환 보유액 5년 만에 최소,2025-01-07,https://www.chosun.com/economy/economy_general/2025/01/07/ZDP26OMBDVBUHJ5QBB45OF4RTI,1,3,1,"한국은행이 6일 발표한 외환 보유액 통계에 따르면, 작년 12월 말 우리나라 외환 보유액은 4156억달러로 집계됐다.",다만 환율 방어로 전달보다 외환 보유액이 줄었을 것이라는 우려와 달리 전달 대비로는 소폭 늘었다.,지난달 외환 보유액이 연말 기준으로 5년 만에 최저치를 기록했다.,연말 기준으로 2019년(4088억2000만달러) 이후 5년 만에 최저치다.,True,"작년 12월 말 우리나라의 외환 보유액이 4156억 달러라는 구체적인 수치가 포함되어 있으며, 이는 국가 경제 관련 통계로서 KOSIS에서 확인 가능한 정보입니다.",high,hcx,HCX-007,isclaim-v1.3-prev2-context,2026-08-05
A0041-C004,A0041,4000억달러대 지켰지만… 외환 보유액 5년 만에 최소,2025-01-07,https://www.chosun.com/economy/economy_general/2025/01/07/ZDP26OMBDVBUHJ5QBB45OF4RTI,1,4,1,연말 기준으로 2019년(4088억2000만달러) 이후 5년 만에 최저치다.,"한국은행이 6일 발표한 외환 보유액 통계에 따르면, 작년 12월 말 우리나라 외환 보유액은 4156억달러로 집계됐다.",다만 환율 방어로 전달보다 외환 보유액이 줄었을 것이라는 우려와 달리 전달 대비로는 소폭 늘었다.,또 2022년 이후 3년 연속 감소세다.,True,연말 기준으로 2019년 이후 5년 만에 외환 보유액이 최저치를 기록했다는 내용은 국가 경제 관련 통계 정보로서 KOSIS를 통해 검증 가능하다.,high,hcx,HCX-007,isclaim-v1.3-prev2-context,2026-08-05
A0041-C005,A0041,4000억달러대 지켰지만… 외환 보유액 5년 만에 최소,2025-01-07,https://www.chosun.com/economy/economy_general/2025/01/07/ZDP26OMBDVBUHJ5QBB45OF4RTI,1,5,1,또 2022년 이후 3년 연속 감소세다.,연말 기준으로 2019년(4088억2000만달러) 이후 5년 만에 최저치다.,"한국은행이 6일 발표한 외환 보유액 통계에 따르면, 작년 12월 말 우리나라 외환 보유액은 4156억달러로 집계됐다.","다만, 12월 말 외환 보유액은 전달보다는 2억1000만달러가량 늘어난 것이다.",True,"현재 문장은 외환 보유액이 2022년 이후 3년 연속 감소하고 있다는 내용을 담고 있으며, 이는 KOSIS를 통해 검증 가능한 국내 경제 관련 통계 정보입니다.",high,hcx,HCX-007,isclaim-v1.3-prev2-context,2026-08-05
A0041-C006,A0041,4000억달러대 지켰지만… 외환 보유액 5년 만에 최소,2025-01-07,https://www.chosun.com/economy/economy_general/2025/01/07/ZDP26OMBDVBUHJ5QBB45OF4RTI,1,6,1,"다만, 12월 말 외환 보유액은 전달보다는 2억1000만달러가량 늘어난 것이다.",또 2022년 이후 3년 연속 감소세다.,연말 기준으로 2019년(4088억2000만달러) 이후 5년 만에 최저치다.,지난달 초 달러당 1400원 수준이던 원화 환율은 달러 강세와 국내 정치 불안으로 1470원대까지 뛰었다.,True,외환 보유액의 변화에 대한 언급이므로 국가 경제 관련 통계로서 KOSIS에서 검증 가능하다.,high,hcx,HCX-007,isclaim-v1.3-prev2-context,2026-08-05
A0041-C007,A0041,4000억달러대 지켰지만… 외환 보유액 5년 만에 최소,2025-01-07,https://www.chosun.com/economy/economy_general/2025/01/07/ZDP26OMBDVBUHJ5QBB45OF4RTI,1,7,1,지난달 초 달러당 1400원 수준이던 원화 환율은 달러 강세와 국내 정치 불안으로 1470원대까지 뛰었다.,"다만, 12월 말 외환 보유액은 전달보다는 2억1000만달러가량 늘어난 것이다.",또 2022년 이후 3년 연속 감소세다.,이 때문에 당국이 환율 방어에 나서면서 외환 보유액이 크게 줄어들 수 있다는 우려가 일각에서 나왔다.,True,"현재 문장은 달러당 원화 환율의 변화에 대한 내용을 포함하며, 이는 국가 경제 및 금융 관련 통계로서 KOSIS에서 확인 가능한 정보일 가능성이 높습니다.",high,hcx,HCX-007,isclaim-v1.3-prev2-context,2026-08-05
A0041-C008,A0041,4000억달러대 지켰지만… 외환 보유액 5년 만에 최소,2025-01-07,https://www.chosun.com/economy/economy_general/2025/01/07/ZDP26OMBDVBUHJ5QBB45OF4RTI,1,8,1,이 때문에 당국이 환율 방어에 나서면서 외환 보유액이 크게 줄어들 수 있다는 우려가 일각에서 나왔다.,지난달 초 달러당 1400원 수준이던 원화 환율은 달러 강세와 국내 정치 불안으로 1470원대까지 뛰었다.,"다만, 12월 말 외환 보유액은 전달보다는 2억1000만달러가량 늘어난 것이다.",하지만 우려와 달리 외환 보유액은 오히려 늘었다.,False,"현재 문장은 환율 방어로 인해 외환 보유액이 줄어들 수 있다는 우려를 표현하고 있으며, 이는 단순한 예측이나 평가로서 구체적인 수치나 통계적 변화를 주장하지 않습니다.",high,hcx,HCX-007,isclaim-v1.3-prev2-context,2026-08-05
A0041-C009,A0041,4000억달러대 지켰지만… 외환 보유액 5년 만에 최소,2025-01-07,https://www.chosun.com/economy/economy_general/2025/01/07/ZDP26OMBDVBUHJ5QBB45OF4RTI,1,9,1,하지만 우려와 달리 외환 보유액은 오히려 늘었다.,이 때문에 당국이 환율 방어에 나서면서 외환 보유액이 크게 줄어들 수 있다는 우려가 일각에서 나왔다.,지난달 초 달러당 1400원 수준이던 원화 환율은 달러 강세와 국내 정치 불안으로 1470원대까지 뛰었다.,이에 적극적으로 개입해 환율 수준을 낮추는 대신 변동성을 줄이는 목적의 미세 조정(스무딩 오퍼레이션)으로 대응했다는 분석이 나온다.,True,현재 문장은 외환 보유액의 변화에 대한 정보를 제공하며 이는 국가 경제 관련 통계로서 KOSIS에서 확인 가능한 내용이다.,high,hcx,HCX-007,isclaim-v1.3-prev2-context,2026-08-05
A0041-C010,A0041,4000억달러대 지켰지만… 외환 보유액 5년 만에 최소,2025-01-07,https://www.chosun.com/economy/economy_general/2025/01/07/ZDP26OMBDVBUHJ5QBB45OF4RTI,1,10,1,이에 적극적으로 개입해 환율 수준을 낮추는 대신 변동성을 줄이는 목적의 미세 조정(스무딩 오퍼레이션)으로 대응했다는 분석이 나온다.,하지만 우려와 달리 외환 보유액은 오히려 늘었다.,이 때문에 당국이 환율 방어에 나서면서 외환 보유액이 크게 줄어들 수 있다는 우려가 일각에서 나왔다.,지난달 이창용 한은 총재도 “계엄 사태 후 스무딩 오퍼레이션을 했다”고 했다.,False,"현재 문장은 환율 수준 조절 및 변동성 관리 방안에 대한 분석을 제시하지만, 이는 구체적인 수치나 통계적 변화를 주장하는 것이 아니므로 KOSIS 통계로 검증 가능한 내용이 아닙니다.",high,hcx,HCX-007,isclaim-v1.3-prev2-context,2026-08-05
A0041-C011,A0041,4000억달러대 지켰지만… 외환 보유액 5년 만에 최소,2025-01-07,https://www.chosun.com/economy/economy_general/2025/01/07/ZDP26OMBDVBUHJ5QBB45OF4RTI,1,11,1,지난달 이창용 한은 총재도 “계엄 사태 후 스무딩 오퍼레이션을 했다”고 했다.,이에 적극적으로 개입해 환율 수준을 낮추는 대신 변동성을 줄이는 목적의 미세 조정(스무딩 오퍼레이션)으로 대응했다는 분석이 나온다.,하지만 우려와 달리 외환 보유액은 오히려 늘었다.,"한편 한은 관계자는 분기 말에 은행 등 금융회사들이 회계 목적으로 안전 자산 비중을 높이고자 한은에 외화 예수금을 예치하고, 이달 외화 자산 운용을 통해 얻은 수익이 다른 달에 비해 컸던 것도 외환 보유액이 늘어나는 데 영향을 줬다고 설명했다.",False,"현재 문장은 한국은행 총재의 발언 내용을 전달하며, 이는 단순한 사실 전달이지 수치나 통계적인 변화를 주장하는 내용이 아닙니다.",high,hcx,HCX-007,isclaim-v1.3-prev2-context,2026-08-05
A0041-C012,A0041,4000억달러대 지켰지만… 외환 보유액 5년 만에 최소,2025-01-07,https://www.chosun.com/economy/economy_general/2025/01/07/ZDP26OMBDVBUHJ5QBB45OF4RTI,1,12,1,"한편 한은 관계자는 분기 말에 은행 등 금융회사들이 회계 목적으로 안전 자산 비중을 높이고자 한은에 외화 예수금을 예치하고, 이달 외화 자산 운용을 통해 얻은 수익이 다른 달에 비해 컸던 것도 외환 보유액이 늘어나는 데 영향을 줬다고 설명했다.",지난달 이창용 한은 총재도 “계엄 사태 후 스무딩 오퍼레이션을 했다”고 했다.,이에 적극적으로 개입해 환율 수준을 낮추는 대신 변동성을 줄이는 목적의 미세 조정(스무딩 오퍼레이션)으로 대응했다는 분석이 나온다.,이날 달러 대비 원화 환율은 주간 거래에서 오후 3시 30분 기준 전 거래일보다 1.3원 오른 1469.7원에 마감했다.,False,"현재 문장은 한국은행 관계자가 외환보유액 증가 요인에 대해 설명하고 있으며, 이는 특정한 수치나 비율 등의 통계적 변화를 주장하는 것이 아닙니다.",high,hcx,HCX-007,isclaim-v1.3-prev2-context,2026-08-05
A0041-C013,A0041,4000억달러대 지켰지만… 외환 보유액 5년 만에 최소,2025-01-07,https://www.chosun.com/economy/economy_general/2025/01/07/ZDP26OMBDVBUHJ5QBB45OF4RTI,1,13,1,이날 달러 대비 원화 환율은 주간 거래에서 오후 3시 30분 기준 전 거래일보다 1.3원 오른 1469.7원에 마감했다.,"한편 한은 관계자는 분기 말에 은행 등 금융회사들이 회계 목적으로 안전 자산 비중을 높이고자 한은에 외화 예수금을 예치하고, 이달 외화 자산 운용을 통해 얻은 수익이 다른 달에 비해 컸던 것도 외환 보유액이 늘어나는 데 영향을 줬다고 설명했다.",지난달 이창용 한은 총재도 “계엄 사태 후 스무딩 오퍼레이션을 했다”고 했다.,"장 초반 엔화, 위안화 약세 흐름에 동조하면서 달러 대비 원화 환율은 1474원대까지 올랐으나 외국인이 유가증권시장에서 3700억원 가까이 순매수를 하는 등의 영향으로 약세 폭이 축소됐다.",False,"달러 대비 원화 환율 변동은 특정한 시점에서의 시장 상황을 나타내는 것으로, 이는 단순한 환율 정보 제공이지 KOSIS에서 제공하는 통계나 지표와는 관련이 없습니다.",high,hcx,HCX-007,isclaim-v1.3-prev2-context,2026-08-05
A0041-C014,A0041,4000억달러대 지켰지만… 외환 보유액 5년 만에 최소,2025-01-07,https://www.chosun.com/economy/economy_general/2025/01/07/ZDP26OMBDVBUHJ5QBB45OF4RTI,1,14,1,"장 초반 엔화, 위안화 약세 흐름에 동조하면서 달러 대비 원화 환율은 1474원대까지 올랐으나 외국인이 유가증권시장에서 3700억원 가까이 순매수를 하는 등의 영향으로 약세 폭이 축소됐다.",이날 달러 대비 원화 환율은 주간 거래에서 오후 3시 30분 기준 전 거래일보다 1.3원 오른 1469.7원에 마감했다.,"한편 한은 관계자는 분기 말에 은행 등 금융회사들이 회계 목적으로 안전 자산 비중을 높이고자 한은에 외화 예수금을 예치하고, 이달 외화 자산 운용을 통해 얻은 수익이 다른 달에 비해 컸던 것도 외환 보유액이 늘어나는 데 영향을 줬다고 설명했다.",주요 6국 통화 대비 달러 가치를 나타내는 달러 인덱스는 지난주 109대보다는 소폭 내린 108 후반대에서 움직였다.,False,"현재 문장은 달러 대비 원화 환율의 변동 상황에 대한 설명을 하고 있으며, 이는 특정한 수치나 비율의 변화를 주장하는 것이 아니라 시장 상황에 따른 환율 변동에 대한 기술적인 내용입니다.",high,hcx,HCX-007,isclaim-v1.3-prev2-context,2026-08-05
A0041-C015,A0041,4000억달러대 지켰지만… 외환 보유액 5년 만에 최소,2025-01-07,https://www.chosun.com/economy/economy_general/2025/01/07/ZDP26OMBDVBUHJ5QBB45OF4RTI,1,15,1,주요 6국 통화 대비 달러 가치를 나타내는 달러 인덱스는 지난주 109대보다는 소폭 내린 108 후반대에서 움직였다.,"장 초반 엔화, 위안화 약세 흐름에 동조하면서 달러 대비 원화 환율은 1474원대까지 올랐으나 외국인이 유가증권시장에서 3700억원 가까이 순매수를 하는 등의 영향으로 약세 폭이 축소됐다.",이날 달러 대비 원화 환율은 주간 거래에서 오후 3시 30분 기준 전 거래일보다 1.3원 오른 1469.7원에 마감했다.,,True,"달러 인덱스가 지난주 109대에서 이번 주 108 후반대로 변동했다는 내용은 주요 6국 통화 대비 달러 가치의 변화를 나타내며, 이는 KOSIS에서 관련 통계를 통해 검증할 수 있는 내용이다.",high,hcx,HCX-007,isclaim-v1.3-prev2-context,2026-08-05
A0042-C001,A0042,국방부 “경호처가 군 장병 尹체포 막는데 투입하면 병력 뺄 것”,2025-01-08,https://www.chosun.com/politics/diplomacy-defense/2025/01/08/YERIVNJ4GNGJZC3RS73JL3XG2M,1,1,1,윤석열 대통령에 대한 2차 체포영장 집행을 막기 위해 대통령 경호처가 군 병력을 투입할 경우 국방부는 장관 직무대행 권한으로 이를 취소하거나 정지시키겠다는 방침을 세운 것으로 알려졌다.,,,이는 관저 외곽지역 경계라는 부대 ‘본연의 임무’를 벗어난다는 판단에 따른 것이다.,False,"대통령 경호처의 행동에 대한 정치적 결정 및 계획에 관한 내용으로, 이는 수치나 통계적 변화와는 관련이 없습니다.",high,hcx,HCX-007,isclaim-v1.3-prev2-context,2026-08-05
A0042-C002,A0042,국방부 “경호처가 군 장병 尹체포 막는데 투입하면 병력 뺄 것”,2025-01-08,https://www.chosun.com/politics/diplomacy-defense/2025/01/08/YERIVNJ4GNGJZC3RS73JL3XG2M,1,2,1,이는 관저 외곽지역 경계라는 부대 ‘본연의 임무’를 벗어난다는 판단에 따른 것이다.,윤석열 대통령에 대한 2차 체포영장 집행을 막기 위해 대통령 경호처가 군 병력을 투입할 경우 국방부는 장관 직무대행 권한으로 이를 취소하거나 정지시키겠다는 방침을 세운 것으로 알려졌다.,,"경호처는 지난 3일 공수처의 첫 체포영장 집행 시도 당시 의무복무 병사를 윤 대통령 체포영장 집행 저지에 동원했다는 의혹을 받고 있는데, 향후 국방부는 이 같은 작전통제를 좌시하지 않겠다는 의미로 해석된다.",False,"현재 문장은 특정 상황에 대한 평가나 판단을 담고 있으며, 수치나 통계적인 변화를 주장하지 않습니다.",high,hcx,HCX-007,isclaim-v1.3-prev2-context,2026-08-05
A0042-C003,A0042,국방부 “경호처가 군 장병 尹체포 막는데 투입하면 병력 뺄 것”,2025-01-08,https://www.chosun.com/politics/diplomacy-defense/2025/01/08/YERIVNJ4GNGJZC3RS73JL3XG2M,1,3,1,"경호처는 지난 3일 공수처의 첫 체포영장 집행 시도 당시 의무복무 병사를 윤 대통령 체포영장 집행 저지에 동원했다는 의혹을 받고 있는데, 향후 국방부는 이 같은 작전통제를 좌시하지 않겠다는 의미로 해석된다.",이는 관저 외곽지역 경계라는 부대 ‘본연의 임무’를 벗어난다는 판단에 따른 것이다.,윤석열 대통령에 대한 2차 체포영장 집행을 막기 위해 대통령 경호처가 군 병력을 투입할 경우 국방부는 장관 직무대행 권한으로 이를 취소하거나 정지시키겠다는 방침을 세운 것으로 알려졌다.,경호부대를 파견 중인 경찰 역시 영장 집행에는 협조해야 한다는 입장을 유지하고 있어 2차 체포영장 집행 때는 경호처 인력만 방어선을 구축하게 될 가능성이 높아졌다.,False,"현재 문장은 특정 사건에 관련된 정보와 국방부의 대응 계획에 관한 내용으로, 수치나 통계적인 변화를 주장하지 않습니다.",high,hcx,HCX-007,isclaim-v1.3-prev2-context,2026-08-05
A0042-C004,A0042,국방부 “경호처가 군 장병 尹체포 막는데 투입하면 병력 뺄 것”,2025-01-08,https://www.chosun.com/politics/diplomacy-defense/2025/01/08/YERIVNJ4GNGJZC3RS73JL3XG2M,1,4,1,경호부대를 파견 중인 경찰 역시 영장 집행에는 협조해야 한다는 입장을 유지하고 있어 2차 체포영장 집행 때는 경호처 인력만 방어선을 구축하게 될 가능성이 높아졌다.,"경호처는 지난 3일 공수처의 첫 체포영장 집행 시도 당시 의무복무 병사를 윤 대통령 체포영장 집행 저지에 동원했다는 의혹을 받고 있는데, 향후 국방부는 이 같은 작전통제를 좌시하지 않겠다는 의미로 해석된다.",이는 관저 외곽지역 경계라는 부대 ‘본연의 임무’를 벗어난다는 판단에 따른 것이다.,국방부 관계자는 8일 “경호처와 협의 하에 지원하고 있는 부대의 주 임무는 경호처 경비·방호지침에 명시되어 있듯이 외곽 지역 경계임무”라며 “해당 부대가 공수처의 체포영장 집행을 막는 데 운용되는 것은 부대에 부여된 본연의 임무를 벗어나는 것”이라며 이 같은 입장을 밝혔다.,False,"현재 문장은 경호처와 경찰 간의 상황에 대한 설명이므로, 수치나 통계적인 변화를 주장하는 내용이 아닙니다.",high,hcx,HCX-007,isclaim-v1.3-prev2-context,2026-08-05
A0042-C005,A0042,국방부 “경호처가 군 장병 尹체포 막는데 투입하면 병력 뺄 것”,2025-01-08,https://www.chosun.com/politics/diplomacy-defense/2025/01/08/YERIVNJ4GNGJZC3RS73JL3XG2M,1,5,1,국방부 관계자는 8일 “경호처와 협의 하에 지원하고 있는 부대의 주 임무는 경호처 경비·방호지침에 명시되어 있듯이 외곽 지역 경계임무”라며 “해당 부대가 공수처의 체포영장 집행을 막는 데 운용되는 것은 부대에 부여된 본연의 임무를 벗어나는 것”이라며 이 같은 입장을 밝혔다.,경호부대를 파견 중인 경찰 역시 영장 집행에는 협조해야 한다는 입장을 유지하고 있어 2차 체포영장 집행 때는 경호처 인력만 방어선을 구축하게 될 가능성이 높아졌다.,"경호처는 지난 3일 공수처의 첫 체포영장 집행 시도 당시 의무복무 병사를 윤 대통령 체포영장 집행 저지에 동원했다는 의혹을 받고 있는데, 향후 국방부는 이 같은 작전통제를 좌시하지 않겠다는 의미로 해석된다.","수도방위사령부 예하 55경비단 등이 경호처에 배속돼 있는데, 이들을 해당 임무에 투입하는 것은 위법하거나 부당하다는 것이 국방부 입장으로 전해졌다.",False,"현재 문장은 국방부와 경호처 간의 관계 및 부대의 임무에 대한 설명이므로, 수치나 통계적인 변화를 주장하는 내용이 아닙니다.",high,hcx,HCX-007,isclaim-v1.3-prev2-context,2026-08-05
A0042-C006,A0042,국방부 “경호처가 군 장병 尹체포 막는데 투입하면 병력 뺄 것”,2025-01-08,https://www.chosun.com/politics/diplomacy-defense/2025/01/08/YERIVNJ4GNGJZC3RS73JL3XG2M,1,6,1,"수도방위사령부 예하 55경비단 등이 경호처에 배속돼 있는데, 이들을 해당 임무에 투입하는 것은 위법하거나 부당하다는 것이 국방부 입장으로 전해졌다.",국방부 관계자는 8일 “경호처와 협의 하에 지원하고 있는 부대의 주 임무는 경호처 경비·방호지침에 명시되어 있듯이 외곽 지역 경계임무”라며 “해당 부대가 공수처의 체포영장 집행을 막는 데 운용되는 것은 부대에 부여된 본연의 임무를 벗어나는 것”이라며 이 같은 입장을 밝혔다.,경호부대를 파견 중인 경찰 역시 영장 집행에는 협조해야 한다는 입장을 유지하고 있어 2차 체포영장 집행 때는 경호처 인력만 방어선을 구축하게 될 가능성이 높아졌다.,김선호 차관(국방 장관 직무대행)은 지난 3일 “공수처의 체포영장 집행을 저지하는 데 군 병력을 투입하는 것은 맞지 않다”는 입장을 경호처에 전달한 바 있다.,False,"현재 문장은 수도방위사령부 예하 55경비단의 배치 및 임무 수행에 대한 법적 문제나 부당성에 대해 언급하고 있으며, 이는 특정한 수치나 통계적 변화를 주장하는 내용이 아닙니다.",high,hcx,HCX-007,isclaim-v1.3-prev2-context,2026-08-05
A0042-C007,A0042,국방부 “경호처가 군 장병 尹체포 막는데 투입하면 병력 뺄 것”,2025-01-08,https://www.chosun.com/politics/diplomacy-defense/2025/01/08/YERIVNJ4GNGJZC3RS73JL3XG2M,1,7,1,김선호 차관(국방 장관 직무대행)은 지난 3일 “공수처의 체포영장 집행을 저지하는 데 군 병력을 투입하는 것은 맞지 않다”는 입장을 경호처에 전달한 바 있다.,"수도방위사령부 예하 55경비단 등이 경호처에 배속돼 있는데, 이들을 해당 임무에 투입하는 것은 위법하거나 부당하다는 것이 국방부 입장으로 전해졌다.",국방부 관계자는 8일 “경호처와 협의 하에 지원하고 있는 부대의 주 임무는 경호처 경비·방호지침에 명시되어 있듯이 외곽 지역 경계임무”라며 “해당 부대가 공수처의 체포영장 집행을 막는 데 운용되는 것은 부대에 부여된 본연의 임무를 벗어나는 것”이라며 이 같은 입장을 밝혔다.,해당 부대에도 “경찰과의 물리적 충돌이 있어서는 안 된다”는 지침을 내렸다고 국방부는 밝혔다.,False,"현재 문장은 단순한 의견 표명으로, 수치나 통계적인 변화를 주장하지 않는다.",high,hcx,HCX-007,isclaim-v1.3-prev2-context,2026-08-05
A0042-C008,A0042,국방부 “경호처가 군 장병 尹체포 막는데 투입하면 병력 뺄 것”,2025-01-08,https://www.chosun.com/politics/diplomacy-defense/2025/01/08/YERIVNJ4GNGJZC3RS73JL3XG2M,1,8,1,해당 부대에도 “경찰과의 물리적 충돌이 있어서는 안 된다”는 지침을 내렸다고 국방부는 밝혔다.,김선호 차관(국방 장관 직무대행)은 지난 3일 “공수처의 체포영장 집행을 저지하는 데 군 병력을 투입하는 것은 맞지 않다”는 입장을 경호처에 전달한 바 있다.,"수도방위사령부 예하 55경비단 등이 경호처에 배속돼 있는데, 이들을 해당 임무에 투입하는 것은 위법하거나 부당하다는 것이 국방부 입장으로 전해졌다.",이런 가운데 국방부가 해당 부대가 위법하거나 부당한 임무를 지시받을 경우 해당 부대의 임무를 취소하거나 정지시킬 수 있다는 입장을 공식화 한 것이다.,False,"현재 문장은 단순한 지침 전달 내용으로, 수치나 통계적인 변화를 주장하지 않습니다.",high,hcx,HCX-007,isclaim-v1.3-prev2-context,2026-08-05
A0042-C009,A0042,국방부 “경호처가 군 장병 尹체포 막는데 투입하면 병력 뺄 것”,2025-01-08,https://www.chosun.com/politics/diplomacy-defense/2025/01/08/YERIVNJ4GNGJZC3RS73JL3XG2M,1,9,1,이런 가운데 국방부가 해당 부대가 위법하거나 부당한 임무를 지시받을 경우 해당 부대의 임무를 취소하거나 정지시킬 수 있다는 입장을 공식화 한 것이다.,해당 부대에도 “경찰과의 물리적 충돌이 있어서는 안 된다”는 지침을 내렸다고 국방부는 밝혔다.,김선호 차관(국방 장관 직무대행)은 지난 3일 “공수처의 체포영장 집행을 저지하는 데 군 병력을 투입하는 것은 맞지 않다”는 입장을 경호처에 전달한 바 있다.,국방부 관계자는 “경호처와 논의해서 해당 부대 배속을 종료할 수 있다”고 했다.,False,"현재 문장은 국방부의 정책 및 입장에 대한 설명으로, 수치나 통계적인 변화를 주장하는 내용이 아닙니다.",high,hcx,HCX-007,isclaim-v1.3-prev2-context,2026-08-05
A0042-C010,A0042,국방부 “경호처가 군 장병 尹체포 막는데 투입하면 병력 뺄 것”,2025-01-08,https://www.chosun.com/politics/diplomacy-defense/2025/01/08/YERIVNJ4GNGJZC3RS73JL3XG2M,1,10,1,국방부 관계자는 “경호처와 논의해서 해당 부대 배속을 종료할 수 있다”고 했다.,이런 가운데 국방부가 해당 부대가 위법하거나 부당한 임무를 지시받을 경우 해당 부대의 임무를 취소하거나 정지시킬 수 있다는 입장을 공식화 한 것이다.,해당 부대에도 “경찰과의 물리적 충돌이 있어서는 안 된다”는 지침을 내렸다고 국방부는 밝혔다.,장교는 물론 병사까지 체포영장 집행 저지 임무를 맡지 않도록 하겠다는 것이다.,False,"현재 문장은 국방부와 경호처 간의 논의 및 결정 사항에 대한 내용으로, 특정한 수치나 통계적인 변화를 주장하지 않습니다.",high,hcx,HCX-007,isclaim-v1.3-prev2-context,2026-08-05
A0042-C011,A0042,국방부 “경호처가 군 장병 尹체포 막는데 투입하면 병력 뺄 것”,2025-01-08,https://www.chosun.com/politics/diplomacy-defense/2025/01/08/YERIVNJ4GNGJZC3RS73JL3XG2M,1,11,1,장교는 물론 병사까지 체포영장 집행 저지 임무를 맡지 않도록 하겠다는 것이다.,국방부 관계자는 “경호처와 논의해서 해당 부대 배속을 종료할 수 있다”고 했다.,이런 가운데 국방부가 해당 부대가 위법하거나 부당한 임무를 지시받을 경우 해당 부대의 임무를 취소하거나 정지시킬 수 있다는 입장을 공식화 한 것이다.,경호처는 지난 3일 공수처의 체포영장 집행 과정에서 “대치 과정에 병사를 동원한 적이 없다. 병사들은 대치 현장에 없었다”고 했다.,False,"현재 문장은 단순한 의견이나 방침의 표현이지, 수치나 비율 등의 통계적인 주장을 포함하지 않습니다.",high,hcx,HCX-007,isclaim-v1.3-prev2-context,2026-08-05
A0042-C012,A0042,국방부 “경호처가 군 장병 尹체포 막는데 투입하면 병력 뺄 것”,2025-01-08,https://www.chosun.com/politics/diplomacy-defense/2025/01/08/YERIVNJ4GNGJZC3RS73JL3XG2M,1,12,1,경호처는 지난 3일 공수처의 체포영장 집행 과정에서 “대치 과정에 병사를 동원한 적이 없다. 병사들은 대치 현장에 없었다”고 했다.,장교는 물론 병사까지 체포영장 집행 저지 임무를 맡지 않도록 하겠다는 것이다.,국방부 관계자는 “경호처와 논의해서 해당 부대 배속을 종료할 수 있다”고 했다.,하지만 당시 경찰 채증 과정에서 의무복무 중인 병사 수십명이 현장에 있었던 것이 촬영됐다고 경찰은 주장해 진실공방이 벌어지고 있다.,False,"현재 문장은 특정 사건에 대한 경호처의 해명으로, 단순한 사실 진술이지 수치나 통계적인 변화를 주장하는 내용이 아닙니다.",high,hcx,HCX-007,isclaim-v1.3-prev2-context,2026-08-05
A0042-C013,A0042,국방부 “경호처가 군 장병 尹체포 막는데 투입하면 병력 뺄 것”,2025-01-08,https://www.chosun.com/politics/diplomacy-defense/2025/01/08/YERIVNJ4GNGJZC3RS73JL3XG2M,1,13,1,하지만 당시 경찰 채증 과정에서 의무복무 중인 병사 수십명이 현장에 있었던 것이 촬영됐다고 경찰은 주장해 진실공방이 벌어지고 있다.,경호처는 지난 3일 공수처의 체포영장 집행 과정에서 “대치 과정에 병사를 동원한 적이 없다. 병사들은 대치 현장에 없었다”고 했다.,장교는 물론 병사까지 체포영장 집행 저지 임무를 맡지 않도록 하겠다는 것이다.,군 관계자는 “당시 실제로 병사들 수십명이 줄지어 서있었던 것은 맞는다”면서도 “병사들은 가만히 서 있었을 뿐 공수처 관계자의 출입을 제지하지는 않은 것으로 안다”고 했다.,False,"현재 문장은 특정한 사건에서의 상황에 대한 주장으로, 이는 단순한 사실 관계 확인 문제이지 KOSIS에서 검증 가능한 통계적 내용이 아닙니다.",high,hcx,HCX-007,isclaim-v1.3-prev2-context,2026-08-05
A0042-C014,A0042,국방부 “경호처가 군 장병 尹체포 막는데 투입하면 병력 뺄 것”,2025-01-08,https://www.chosun.com/politics/diplomacy-defense/2025/01/08/YERIVNJ4GNGJZC3RS73JL3XG2M,1,14,1,군 관계자는 “당시 실제로 병사들 수십명이 줄지어 서있었던 것은 맞는다”면서도 “병사들은 가만히 서 있었을 뿐 공수처 관계자의 출입을 제지하지는 않은 것으로 안다”고 했다.,하지만 당시 경찰 채증 과정에서 의무복무 중인 병사 수십명이 현장에 있었던 것이 촬영됐다고 경찰은 주장해 진실공방이 벌어지고 있다.,경호처는 지난 3일 공수처의 체포영장 집행 과정에서 “대치 과정에 병사를 동원한 적이 없다. 병사들은 대치 현장에 없었다”고 했다.,,False,"현재 문장은 병사들이 줄지어 서 있었다는 상황을 설명하지만, 이는 특정한 수치나 통계적인 변화를 주장하는 내용이 아닙니다.",high,hcx,HCX-007,isclaim-v1.3-prev2-context,2026-08-05
A0043-C001,A0043,"한국앤컴퍼니, 이웃 성금 9억원",2025-01-08,https://www.chosun.com/economy/auto/2025/01/08/DWKEQ3NUE5GOLOCUPCQT2K7IJY,1,1,1,한국앤컴퍼니그룹은 연말연시를 맞아 이웃 사랑 성금 9억원을 사회복지공동모금회에 전달했다고 7일 밝혔다.,,,2003년부터 한국앤컴퍼니그룹이 기부한 성금은 누적 155억원에 이른다.,False,한국앤컴퍼니그룹이 사회복지공동모금회에 기부한 금액은 개인 기업의 사회적 기여 활동이므로 KOSIS에서 검증 가능한 국가 통계의 수치나 변화에 해당하지 않습니다.,high,hcx,HCX-007,isclaim-v1.3-prev2-context,2026-08-05
A0043-C002,A0043,"한국앤컴퍼니, 이웃 성금 9억원",2025-01-08,https://www.chosun.com/economy/auto/2025/01/08/DWKEQ3NUE5GOLOCUPCQT2K7IJY,1,2,1,2003년부터 한국앤컴퍼니그룹이 기부한 성금은 누적 155억원에 이른다.,한국앤컴퍼니그룹은 연말연시를 맞아 이웃 사랑 성금 9억원을 사회복지공동모금회에 전달했다고 7일 밝혔다.,,,False,한국앤컴퍼니그룹이 기부한 성금의 누적은 개별 기업의 활동이므로 국가통계포털(KOSIS)에서 제공하는 통계와는 관련이 없습니다.,high,hcx,HCX-007,isclaim-v1.3-prev2-context,2026-08-05
A0044-C001,A0044,"샤오미, 한국법인 사업에 車 포함",2025-01-08,https://www.chosun.com/economy/auto/2025/01/08/Z5XVXV5BUBAFXJKVG63JP3COHY,1,1,1,중국 빅테크 샤오미가 최근 국내에 법인을 설립하면서 사업 목적에 자동차 분야도 포함한 것으로 나타났다.,,,중국 전기차 기업 BYD가 올 초 국내 승용차 시장에 진출하는 가운데 전기차로 사업 영역을 넓힌 샤오미까지 국내 시장 진출을 타진하고 있다는 관측이 나온다.,False,샤오미의 사업 목적에 자동차 분야를 포함했다는 것은 특정 기업의 사업 계획이므로 KOSIS에서 검증할 수 있는 내용이 아닙니다.,high,hcx,HCX-007,isclaim-v1.3-prev2-context,2026-08-05
A0044-C002,A0044,"샤오미, 한국법인 사업에 車 포함",2025-01-08,https://www.chosun.com/economy/auto/2025/01/08/Z5XVXV5BUBAFXJKVG63JP3COHY,1,2,1,중국 전기차 기업 BYD가 올 초 국내 승용차 시장에 진출하는 가운데 전기차로 사업 영역을 넓힌 샤오미까지 국내 시장 진출을 타진하고 있다는 관측이 나온다.,중국 빅테크 샤오미가 최근 국내에 법인을 설립하면서 사업 목적에 자동차 분야도 포함한 것으로 나타났다.,,"7일 샤오미테크놀로지코리아와 서울중앙지법에 따르면, 샤오미는 지난해 9월 자본금 4억8000만원 규모로 국내 법인을 설립하면서 사업 목적에 휴대폰, 태블릿, 대형 가전, 청소 가전 등과 함께 자동차와 자동차 부품 수입과 도소매업을 기재했다.",False,"현재 문장은 중국 전기차 기업 BYD와 샤오미가 국내 시장에서 활동한다는 내용을 전달하지만, 이는 구체적인 수치나 통계적인 변화를 주장하는 내용이 아닙니다.",high,hcx,HCX-007,isclaim-v1.3-prev2-context,2026-08-05
A0044-C003,A0044,"샤오미, 한국법인 사업에 車 포함",2025-01-08,https://www.chosun.com/economy/auto/2025/01/08/Z5XVXV5BUBAFXJKVG63JP3COHY,1,3,1,"7일 샤오미테크놀로지코리아와 서울중앙지법에 따르면, 샤오미는 지난해 9월 자본금 4억8000만원 규모로 국내 법인을 설립하면서 사업 목적에 휴대폰, 태블릿, 대형 가전, 청소 가전 등과 함께 자동차와 자동차 부품 수입과 도소매업을 기재했다.",중국 전기차 기업 BYD가 올 초 국내 승용차 시장에 진출하는 가운데 전기차로 사업 영역을 넓힌 샤오미까지 국내 시장 진출을 타진하고 있다는 관측이 나온다.,중국 빅테크 샤오미가 최근 국내에 법인을 설립하면서 사업 목적에 자동차 분야도 포함한 것으로 나타났다.,"샤오미는 지난해 3월 첫 전기차인 SU7을 중국 시장에서 출시해 9개월 만에 13만대를 판매했고, 올해도 신규 모델 2개를 내놓을 예정이다.",False,"샤오미의 국내 법인 설립 및 사업 목적에 대한 정보 제공이지만, 이는 수치나 통계적 변화를 주장하는 내용이 아닙니다.",high,hcx,HCX-007,isclaim-v1.3-prev2-context,2026-08-05
A0044-C004,A0044,"샤오미, 한국법인 사업에 車 포함",2025-01-08,https://www.chosun.com/economy/auto/2025/01/08/Z5XVXV5BUBAFXJKVG63JP3COHY,1,4,1,"샤오미는 지난해 3월 첫 전기차인 SU7을 중국 시장에서 출시해 9개월 만에 13만대를 판매했고, 올해도 신규 모델 2개를 내놓을 예정이다.","7일 샤오미테크놀로지코리아와 서울중앙지법에 따르면, 샤오미는 지난해 9월 자본금 4억8000만원 규모로 국내 법인을 설립하면서 사업 목적에 휴대폰, 태블릿, 대형 가전, 청소 가전 등과 함께 자동차와 자동차 부품 수입과 도소매업을 기재했다.",중국 전기차 기업 BYD가 올 초 국내 승용차 시장에 진출하는 가운데 전기차로 사업 영역을 넓힌 샤오미까지 국내 시장 진출을 타진하고 있다는 관측이 나온다.,"샤오미코리아 관계자는 “글로벌에서 진행 중인 사업을 모두 (사업 목적에) 포함한 것으로, 한국에서의 자동차 사업 여부는 미정”이라고 했다.",False,샤오미가 중국에서 판매한 전기차 SU7의 판매량 및 향후 출시 예정인 신규 모델 수는 특정 기업의 매출 및 계획에 대한 정보이므로 KOSIS 통계로 검증하기 어렵습니다.,high,hcx,HCX-007,isclaim-v1.3-prev2-context,2026-08-05
A0044-C005,A0044,"샤오미, 한국법인 사업에 車 포함",2025-01-08,https://www.chosun.com/economy/auto/2025/01/08/Z5XVXV5BUBAFXJKVG63JP3COHY,1,5,1,"샤오미코리아 관계자는 “글로벌에서 진행 중인 사업을 모두 (사업 목적에) 포함한 것으로, 한국에서의 자동차 사업 여부는 미정”이라고 했다.","샤오미는 지난해 3월 첫 전기차인 SU7을 중국 시장에서 출시해 9개월 만에 13만대를 판매했고, 올해도 신규 모델 2개를 내놓을 예정이다.","7일 샤오미테크놀로지코리아와 서울중앙지법에 따르면, 샤오미는 지난해 9월 자본금 4억8000만원 규모로 국내 법인을 설립하면서 사업 목적에 휴대폰, 태블릿, 대형 가전, 청소 가전 등과 함께 자동차와 자동차 부품 수입과 도소매업을 기재했다.",,False,"현재 문장은 샤오미가 한국에서 자동차 사업을 할지 여부가 확정되지 않았다는 단순한 의견을 제시하고 있으며, 이는 어떠한 수치나 통계적인 변화를 주장하지 않습니다.",high,hcx,HCX-007,isclaim-v1.3-prev2-context,2026-08-05
A0045-C001,A0045,崔 대행 “체포영장 집행 때 물리적 충돌·시민부상 없어야”,2025-01-08,https://www.chosun.com/economy/economy_general/2025/01/08/4R3UEAWTKZAKJCV2KRHBI6UR3A,1,1,1,최상목 대통령 권한대행 부총리 겸 기획재정부 장관이 윤석열 대통령에 대한 고위공직자범죄수사처(공수처)의 2차 체포영장 집행과 관련해 “시민들 부상이나 정부 기관간 물리적 충돌이 발생하지 않도록 만전을 기해달라”고 8일 밝혔다.,,,대통령경호처에 대한 지휘권 행사 등 영장 집행에 적극 관여하기 보다 안전사고 방지 등 기존 입장을 고수한 것으로 풀이된다.,False,"문장은 특정 사건에 대한 정부의 대응 요청으로, 수치나 통계적 변화를 주장하지 않습니다.",high,hcx,HCX-007,isclaim-v1.3-prev2-context,2026-08-05
A0045-C002,A0045,崔 대행 “체포영장 집행 때 물리적 충돌·시민부상 없어야”,2025-01-08,https://www.chosun.com/economy/economy_general/2025/01/08/4R3UEAWTKZAKJCV2KRHBI6UR3A,1,2,1,대통령경호처에 대한 지휘권 행사 등 영장 집행에 적극 관여하기 보다 안전사고 방지 등 기존 입장을 고수한 것으로 풀이된다.,최상목 대통령 권한대행 부총리 겸 기획재정부 장관이 윤석열 대통령에 대한 고위공직자범죄수사처(공수처)의 2차 체포영장 집행과 관련해 “시민들 부상이나 정부 기관간 물리적 충돌이 발생하지 않도록 만전을 기해달라”고 8일 밝혔다.,,이날 오후 최 권한대행은 정부서울청사에서 열린 ‘주요 현안 해법회의’에 참석해 “(윤 대통령에 대한) 체포영장 집행과 관련해 간곡히 말씀드린다”며 “시민들 부상이나 정부 기관간 물리적 충돌 등 불상사가 절대 없도록 만전을 기해달라”고 말했다.,False,"현재 문장은 대통령의 권한대행 부총리의 발언 및 그에 따른 해석에 관한 내용으로, 어떠한 수치나 통계적인 변화를 주장하지 않습니다.",high,hcx,HCX-007,isclaim-v1.3-prev2-context,2026-08-05
A0045-C003,A0045,崔 대행 “체포영장 집행 때 물리적 충돌·시민부상 없어야”,2025-01-08,https://www.chosun.com/economy/economy_general/2025/01/08/4R3UEAWTKZAKJCV2KRHBI6UR3A,1,3,1,이날 오후 최 권한대행은 정부서울청사에서 열린 ‘주요 현안 해법회의’에 참석해 “(윤 대통령에 대한) 체포영장 집행과 관련해 간곡히 말씀드린다”며 “시민들 부상이나 정부 기관간 물리적 충돌 등 불상사가 절대 없도록 만전을 기해달라”고 말했다.,대통령경호처에 대한 지휘권 행사 등 영장 집행에 적극 관여하기 보다 안전사고 방지 등 기존 입장을 고수한 것으로 풀이된다.,최상목 대통령 권한대행 부총리 겸 기획재정부 장관이 윤석열 대통령에 대한 고위공직자범죄수사처(공수처)의 2차 체포영장 집행과 관련해 “시민들 부상이나 정부 기관간 물리적 충돌이 발생하지 않도록 만전을 기해달라”고 8일 밝혔다.,그는 지난 5일에도 대변인실 언론공지를 통해 “체포영장 집행 과정에서 시민들과 공무원이 다치는 일이 없도록 각별히 신경 써달라”고 밝힌 바 있다.,False,"현재 문장은 특정한 수치나 통계적 변화를 주장하는 내용이 아니라, 상황에 대한 당부 및 요청이므로 KOSIS 통계로 검증할 수 있는 사항이 아닙니다.",high,hcx,HCX-007,isclaim-v1.3-prev2-context,2026-08-05
A0045-C004,A0045,崔 대행 “체포영장 집행 때 물리적 충돌·시민부상 없어야”,2025-01-08,https://www.chosun.com/economy/economy_general/2025/01/08/4R3UEAWTKZAKJCV2KRHBI6UR3A,1,4,1,그는 지난 5일에도 대변인실 언론공지를 통해 “체포영장 집행 과정에서 시민들과 공무원이 다치는 일이 없도록 각별히 신경 써달라”고 밝힌 바 있다.,이날 오후 최 권한대행은 정부서울청사에서 열린 ‘주요 현안 해법회의’에 참석해 “(윤 대통령에 대한) 체포영장 집행과 관련해 간곡히 말씀드린다”며 “시민들 부상이나 정부 기관간 물리적 충돌 등 불상사가 절대 없도록 만전을 기해달라”고 말했다.,대통령경호처에 대한 지휘권 행사 등 영장 집행에 적극 관여하기 보다 안전사고 방지 등 기존 입장을 고수한 것으로 풀이된다.,"공수처는 1차 체포영장 집행 과정에서 최 권한대행에게 “대통령경호처가 영장 집행에 협조하도록 지휘해 달라”고 요청했고, 야당인 더불어민주당도 ‘지휘권 행사’를 압박해 왔다.",False,"현재 문장은 체포영장 집행 과정에서의 안전 문제에 대한 당부 내용으로, 수치나 통계적인 변화를 주장하는 내용이 아닙니다.",high,hcx,HCX-007,isclaim-v1.3-prev2-context,2026-08-05
A0045-C005,A0045,崔 대행 “체포영장 집행 때 물리적 충돌·시민부상 없어야”,2025-01-08,https://www.chosun.com/economy/economy_general/2025/01/08/4R3UEAWTKZAKJCV2KRHBI6UR3A,1,5,1,"공수처는 1차 체포영장 집행 과정에서 최 권한대행에게 “대통령경호처가 영장 집행에 협조하도록 지휘해 달라”고 요청했고, 야당인 더불어민주당도 ‘지휘권 행사’를 압박해 왔다.",그는 지난 5일에도 대변인실 언론공지를 통해 “체포영장 집행 과정에서 시민들과 공무원이 다치는 일이 없도록 각별히 신경 써달라”고 밝힌 바 있다.,이날 오후 최 권한대행은 정부서울청사에서 열린 ‘주요 현안 해법회의’에 참석해 “(윤 대통령에 대한) 체포영장 집행과 관련해 간곡히 말씀드린다”며 “시민들 부상이나 정부 기관간 물리적 충돌 등 불상사가 절대 없도록 만전을 기해달라”고 말했다.,그러나 최 권한대행은 ‘권한대행 비상체제’에서 논란이 될 수 있는 정치 현안과는 거리를 두고 경제·외교 등을 안정적으로 관리하겠다는 원론적 입장을 고수한 것으로 보인다.,False,"현재 문장은 법적 절차나 정치적 상황에 관한 내용으로, 수치나 통계적 변화를 주장하지 않습니다.",high,hcx,HCX-007,isclaim-v1.3-prev2-context,2026-08-05
A0045-C006,A0045,崔 대행 “체포영장 집행 때 물리적 충돌·시민부상 없어야”,2025-01-08,https://www.chosun.com/economy/economy_general/2025/01/08/4R3UEAWTKZAKJCV2KRHBI6UR3A,1,6,1,그러나 최 권한대행은 ‘권한대행 비상체제’에서 논란이 될 수 있는 정치 현안과는 거리를 두고 경제·외교 등을 안정적으로 관리하겠다는 원론적 입장을 고수한 것으로 보인다.,"공수처는 1차 체포영장 집행 과정에서 최 권한대행에게 “대통령경호처가 영장 집행에 협조하도록 지휘해 달라”고 요청했고, 야당인 더불어민주당도 ‘지휘권 행사’를 압박해 왔다.",그는 지난 5일에도 대변인실 언론공지를 통해 “체포영장 집행 과정에서 시민들과 공무원이 다치는 일이 없도록 각별히 신경 써달라”고 밝힌 바 있다.,그는 지난 7일 정부서울청사에서 주재한 국무회의에서 “오직 국민과 역사의 평가만 두려워하며 국가를 위해 제대로 판단하고 책임 있게 행동하는 것이 공직자로서 도리”라고 말했다.,False,현재 문장은 정치적 입장에 대한 설명이므로 수치나 통계적 변화를 주장하지 않는다.,high,hcx,HCX-007,isclaim-v1.3-prev2-context,2026-08-05
A0045-C007,A0045,崔 대행 “체포영장 집행 때 물리적 충돌·시민부상 없어야”,2025-01-08,https://www.chosun.com/economy/economy_general/2025/01/08/4R3UEAWTKZAKJCV2KRHBI6UR3A,1,7,1,그는 지난 7일 정부서울청사에서 주재한 국무회의에서 “오직 국민과 역사의 평가만 두려워하며 국가를 위해 제대로 판단하고 책임 있게 행동하는 것이 공직자로서 도리”라고 말했다.,그러나 최 권한대행은 ‘권한대행 비상체제’에서 논란이 될 수 있는 정치 현안과는 거리를 두고 경제·외교 등을 안정적으로 관리하겠다는 원론적 입장을 고수한 것으로 보인다.,"공수처는 1차 체포영장 집행 과정에서 최 권한대행에게 “대통령경호처가 영장 집행에 협조하도록 지휘해 달라”고 요청했고, 야당인 더불어민주당도 ‘지휘권 행사’를 압박해 왔다.",,False,"현재 문장은 단순한 의견 표현이나 발언 내용으로, 수치나 통계적인 변화를 주장하지 않는다.",high,hcx,HCX-007,isclaim-v1.3-prev2-context,2026-08-05
A0046-C001,A0046,"작년 3분기 가계 여유자금, 전분기 대비 3.5조원 줄어",2025-01-08,https://www.chosun.com/economy/economy_general/2025/01/08/7BSTYTMU2FBLNCLOUTBUKTCYQY,1,1,1,작년 3분기(7~9월)에 빚을 내서 집을 사는 행렬에 가계 여유 자금도 3조5000억원쯤 줄어든 것으로 나타났다.,,,"7일 한국은행이 발표한 자금 순환 통계에 따르면, 작년 3분기 가계 및 비영리단체의 순자금 운용 규모는 37조7000억원으로 집계됐다.",True,작년 3분기에 가계 여유 자금이 3조5000억원 줄어들었다는 내용은 KOSIS에서 관련 통계를 통해 검증할 수 있는 국내 경제 지표에 해당합니다.,high,hcx,HCX-007,isclaim-v1.3-prev2-context,2026-08-05
A0046-C002,A0046,"작년 3분기 가계 여유자금, 전분기 대비 3.5조원 줄어",2025-01-08,https://www.chosun.com/economy/economy_general/2025/01/08/7BSTYTMU2FBLNCLOUTBUKTCYQY,1,2,1,"7일 한국은행이 발표한 자금 순환 통계에 따르면, 작년 3분기 가계 및 비영리단체의 순자금 운용 규모는 37조7000억원으로 집계됐다.",작년 3분기(7~9월)에 빚을 내서 집을 사는 행렬에 가계 여유 자금도 3조5000억원쯤 줄어든 것으로 나타났다.,,이는 직전 분기의 41조2000억원보다 3조5000억원가량 줄어든 것이다.,True,"작년 3분기 가계 및 비영리단체의 순자금 운용 규모가 37조7000억원으로 집계되었다는 내용은 한국의 경제 상황에 대한 구체적인 수치 정보를 제공하며, 이는 국가통계포털(KOSIS)에서 관련 통계를 통해 검증할 수 있는 내용입니다.",high,hcx,HCX-007,isclaim-v1.3-prev2-context,2026-08-05
A0046-C003,A0046,"작년 3분기 가계 여유자금, 전분기 대비 3.5조원 줄어",2025-01-08,https://www.chosun.com/economy/economy_general/2025/01/08/7BSTYTMU2FBLNCLOUTBUKTCYQY,1,3,1,이는 직전 분기의 41조2000억원보다 3조5000억원가량 줄어든 것이다.,"7일 한국은행이 발표한 자금 순환 통계에 따르면, 작년 3분기 가계 및 비영리단체의 순자금 운용 규모는 37조7000억원으로 집계됐다.",작년 3분기(7~9월)에 빚을 내서 집을 사는 행렬에 가계 여유 자금도 3조5000억원쯤 줄어든 것으로 나타났다.,"순자금 운용액은 여윳돈을 뜻하는 것으로 예금, 보험, 연금, 펀드, 주식 등으로 굴린 돈을 나타내는 자금 운용액에서 빌린 돈인 자금 조달액을 뺀 값이다.",True,"현재 문장은 작년 3분기 가계 및 비영리단체의 순자금 운용 규모가 직전 분기 대비 얼마나 줄어들었는지 수치적으로 언급하고 있으며, 이는 국가통계포털(KOSIS)에서 관련 통계를 통해 검증할 수 있는 내용이다.",high,hcx,HCX-007,isclaim-v1.3-prev2-context,2026-08-05
A0046-C004,A0046,"작년 3분기 가계 여유자금, 전분기 대비 3.5조원 줄어",2025-01-08,https://www.chosun.com/economy/economy_general/2025/01/08/7BSTYTMU2FBLNCLOUTBUKTCYQY,1,4,1,"순자금 운용액은 여윳돈을 뜻하는 것으로 예금, 보험, 연금, 펀드, 주식 등으로 굴린 돈을 나타내는 자금 운용액에서 빌린 돈인 자금 조달액을 뺀 값이다.",이는 직전 분기의 41조2000억원보다 3조5000억원가량 줄어든 것이다.,"7일 한국은행이 발표한 자금 순환 통계에 따르면, 작년 3분기 가계 및 비영리단체의 순자금 운용 규모는 37조7000억원으로 집계됐다.",가계 및 비영리단체의 순자금 운용액은 작년 1분기 77조6000억원에서 두 분기 연속 줄었다.,False,"현재 문장은 순자금 운용액의 정의를 설명하고 있으며, 수치나 비율 등의 통계적 변화를 주장하지 않습니다.",high,hcx,HCX-007,isclaim-v1.3-prev2-context,2026-08-05
A0046-C005,A0046,"작년 3분기 가계 여유자금, 전분기 대비 3.5조원 줄어",2025-01-08,https://www.chosun.com/economy/economy_general/2025/01/08/7BSTYTMU2FBLNCLOUTBUKTCYQY,1,5,1,가계 및 비영리단체의 순자금 운용액은 작년 1분기 77조6000억원에서 두 분기 연속 줄었다.,"순자금 운용액은 여윳돈을 뜻하는 것으로 예금, 보험, 연금, 펀드, 주식 등으로 굴린 돈을 나타내는 자금 운용액에서 빌린 돈인 자금 조달액을 뺀 값이다.",이는 직전 분기의 41조2000억원보다 3조5000억원가량 줄어든 것이다.,직전 최저치는 2023년 4분기의 29조8000억원이다.,True,"현재 문장은 가계 및 비영리단체의 순자금 운용액이 작년 1분기 대비 두 분기 연속 줄었다는 내용을 포함하며, 이는 KOSIS 국가통계포털에서 관련 통계를 통해 검증할 수 있는 내용이다.",high,hcx,HCX-007,isclaim-v1.3-prev2-context,2026-08-05
A0046-C006,A0046,"작년 3분기 가계 여유자금, 전분기 대비 3.5조원 줄어",2025-01-08,https://www.chosun.com/economy/economy_general/2025/01/08/7BSTYTMU2FBLNCLOUTBUKTCYQY,1,6,1,직전 최저치는 2023년 4분기의 29조8000억원이다.,가계 및 비영리단체의 순자금 운용액은 작년 1분기 77조6000억원에서 두 분기 연속 줄었다.,"순자금 운용액은 여윳돈을 뜻하는 것으로 예금, 보험, 연금, 펀드, 주식 등으로 굴린 돈을 나타내는 자금 운용액에서 빌린 돈인 자금 조달액을 뺀 값이다.","김성준 한은 자금순환팀장은 “가계소득이 늘었지만, 주택 취득도 늘어난 영향”이라고 했다.",True,"현재 문장은 가계 및 비영리단체의 순자금 운용액이 2023년 4분기에 29조8000억원으로 역대 최저치였다는 사실을 주장하며, 이는 KOSIS를 통해 검증 가능한 국내 집계 통계 정보이기 때문에 True로 판단된다.",high,hcx,HCX-007,isclaim-v1.3-prev2-context,2026-08-05
A0046-C007,A0046,"작년 3분기 가계 여유자금, 전분기 대비 3.5조원 줄어",2025-01-08,https://www.chosun.com/economy/economy_general/2025/01/08/7BSTYTMU2FBLNCLOUTBUKTCYQY,1,7,1,"김성준 한은 자금순환팀장은 “가계소득이 늘었지만, 주택 취득도 늘어난 영향”이라고 했다.",직전 최저치는 2023년 4분기의 29조8000억원이다.,가계 및 비영리단체의 순자금 운용액은 작년 1분기 77조6000억원에서 두 분기 연속 줄었다.,통계청에 따르면 작년 3분기 가계소득은 전 분기보다 5.9% 늘었다.,False,"현재 문장은 단순한 원인 설명으로, 통계값이나 통계적 변화 방향에 관한 사실 주장이 아닙니다.",high,hcx,HCX-007,isclaim-v1.3-prev2-context,2026-08-05
A0046-C008,A0046,"작년 3분기 가계 여유자금, 전분기 대비 3.5조원 줄어",2025-01-08,https://www.chosun.com/economy/economy_general/2025/01/08/7BSTYTMU2FBLNCLOUTBUKTCYQY,1,8,1,통계청에 따르면 작년 3분기 가계소득은 전 분기보다 5.9% 늘었다.,"김성준 한은 자금순환팀장은 “가계소득이 늘었지만, 주택 취득도 늘어난 영향”이라고 했다.",직전 최저치는 2023년 4분기의 29조8000억원이다.,"그러나 작년 3분기 개인 아파트 순취득은 7만2000호로, 작년 1분기(5만6000호), 작년 2분기(5만3000호)보다 크게 늘었다.",True,작년 3분기 가계소득이 전 분기보다 5.9% 늘었다는 것은 KOSIS 국가통계포털에서 확인 가능한 정보이므로 True로 판단합니다.,high,hcx,HCX-007,isclaim-v1.3-prev2-context,2026-08-05
A0046-C009,A0046,"작년 3분기 가계 여유자금, 전분기 대비 3.5조원 줄어",2025-01-08,https://www.chosun.com/economy/economy_general/2025/01/08/7BSTYTMU2FBLNCLOUTBUKTCYQY,1,9,1,"그러나 작년 3분기 개인 아파트 순취득은 7만2000호로, 작년 1분기(5만6000호), 작년 2분기(5만3000호)보다 크게 늘었다.",통계청에 따르면 작년 3분기 가계소득은 전 분기보다 5.9% 늘었다.,"김성준 한은 자금순환팀장은 “가계소득이 늘었지만, 주택 취득도 늘어난 영향”이라고 했다.","가계 및 비영리단체의 자금 조달액 중 주택 담보대출금도 작년 3분기에 전 분기보다 19조4000억원가량 늘며, 작년 1분기(12조4000억원), 2분기(16조원) 규모를 뛰어넘었다.",True,"작년 3분기 개인 아파트 순취득이 이전 분기들에 비해 크게 증가했다는 구체적인 수치 정보를 제공하고 있으며, 이는 국가통계포털(KOSIS)에서 관련 통계를 통해 검증할 수 있는 내용이다.",high,hcx,HCX-007,isclaim-v1.3-prev2-context,2026-08-05
A0046-C010,A0046,"작년 3분기 가계 여유자금, 전분기 대비 3.5조원 줄어",2025-01-08,https://www.chosun.com/economy/economy_general/2025/01/08/7BSTYTMU2FBLNCLOUTBUKTCYQY,1,10,1,"가계 및 비영리단체의 자금 조달액 중 주택 담보대출금도 작년 3분기에 전 분기보다 19조4000억원가량 늘며, 작년 1분기(12조4000억원), 2분기(16조원) 규모를 뛰어넘었다.","그러나 작년 3분기 개인 아파트 순취득은 7만2000호로, 작년 1분기(5만6000호), 작년 2분기(5만3000호)보다 크게 늘었다.",통계청에 따르면 작년 3분기 가계소득은 전 분기보다 5.9% 늘었다.,,True,"현재 문장은 가계 및 비영리단체의 자금 조달액 중 주택 담보대출금이 작년 3분기에 전 분기보다 증가한 것을 언급하며, 이는 KOSIS에서 관련 통계를 통해 검증할 수 있는 내용이다.",high,hcx,HCX-007,isclaim-v1.3-prev2-context,2026-08-05
A0047-C001,A0047,"종신보험의 사망보험금, 살아있을 때 연금처럼 받을 수 있다",2025-01-08,https://www.chosun.com/economy/economy_general/2025/01/08/7NABNLMIERFLLITMX4DDZG37WQ,1,1,1,이르면 하반기부터 사망한 뒤 유족에게 지급되는 종신보험의 사망보험금을 가입자가 살아있을 때 연금 형태로 매달 받아 쓸 수 있도록 하는 방안이 추진된다.,,,금융위원회는 8일 최상목 대통령 권한대행 부총리에게 이 같은 내용의 ‘2025년 주요 업무 추진계획’을 보고했다.,False,"현재 문장은 보험 상품 변경 방안에 대한 내용으로, 수치나 통계적인 변화를 주장하지 않습니다.",high,hcx,HCX-007,isclaim-v1.3-prev2-context,2026-08-05
A0047-C002,A0047,"종신보험의 사망보험금, 살아있을 때 연금처럼 받을 수 있다",2025-01-08,https://www.chosun.com/economy/economy_general/2025/01/08/7NABNLMIERFLLITMX4DDZG37WQ,1,2,1,금융위원회는 8일 최상목 대통령 권한대행 부총리에게 이 같은 내용의 ‘2025년 주요 업무 추진계획’을 보고했다.,이르면 하반기부터 사망한 뒤 유족에게 지급되는 종신보험의 사망보험금을 가입자가 살아있을 때 연금 형태로 매달 받아 쓸 수 있도록 하는 방안이 추진된다.,,현재 종신보험은 가입자가 사망한 이후 자녀 등 가입자가 미리 지정한 사람만 받을 수 있다.,False,"현재 문장은 금융위원회의 2025년 주요 업무 추진계획을 보고한 내용으로, 수치나 통계적인 변화를 주장하는 내용이 아닙니다.",high,hcx,HCX-007,isclaim-v1.3-prev2-context,2026-08-05
A0047-C003,A0047,"종신보험의 사망보험금, 살아있을 때 연금처럼 받을 수 있다",2025-01-08,https://www.chosun.com/economy/economy_general/2025/01/08/7NABNLMIERFLLITMX4DDZG37WQ,1,3,1,현재 종신보험은 가입자가 사망한 이후 자녀 등 가입자가 미리 지정한 사람만 받을 수 있다.,금융위원회는 8일 최상목 대통령 권한대행 부총리에게 이 같은 내용의 ‘2025년 주요 업무 추진계획’을 보고했다.,이르면 하반기부터 사망한 뒤 유족에게 지급되는 종신보험의 사망보험금을 가입자가 살아있을 때 연금 형태로 매달 받아 쓸 수 있도록 하는 방안이 추진된다.,노후 생활이 어려워도 본인이 낸 보험금은 쓸 수 없는 구조다.,False,"현재 문장은 보험 제도에 대한 설명을 하고 있으며, 수치나 통계적인 변화를 주장하지 않습니다.",high,hcx,HCX-007,isclaim-v1.3-prev2-context,2026-08-05
A0047-C004,A0047,"종신보험의 사망보험금, 살아있을 때 연금처럼 받을 수 있다",2025-01-08,https://www.chosun.com/economy/economy_general/2025/01/08/7NABNLMIERFLLITMX4DDZG37WQ,1,4,1,노후 생활이 어려워도 본인이 낸 보험금은 쓸 수 없는 구조다.,현재 종신보험은 가입자가 사망한 이후 자녀 등 가입자가 미리 지정한 사람만 받을 수 있다.,금융위원회는 8일 최상목 대통령 권한대행 부총리에게 이 같은 내용의 ‘2025년 주요 업무 추진계획’을 보고했다.,정부는 노후 생활 안정을 위해 종신보험 보험료를 모두 납입한 경우 사망보험금을 담보로 연금 등으로 지급할 수 있도록 바꿀 방침이다.,False,"현재 문장은 보험금 사용 구조에 대한 설명을 하고 있으며, 이는 수치나 통계적인 변화를 주장하는 내용이 아닙니다.",high,hcx,HCX-007,isclaim-v1.3-prev2-context,2026-08-05
A0047-C005,A0047,"종신보험의 사망보험금, 살아있을 때 연금처럼 받을 수 있다",2025-01-08,https://www.chosun.com/economy/economy_general/2025/01/08/7NABNLMIERFLLITMX4DDZG37WQ,1,5,1,정부는 노후 생활 안정을 위해 종신보험 보험료를 모두 납입한 경우 사망보험금을 담보로 연금 등으로 지급할 수 있도록 바꿀 방침이다.,노후 생활이 어려워도 본인이 낸 보험금은 쓸 수 없는 구조다.,현재 종신보험은 가입자가 사망한 이후 자녀 등 가입자가 미리 지정한 사람만 받을 수 있다.,사망보험금은 연금 외에도 요양 시설 입주권이나 각종 헬스케어 이용권 같은 현물 형태로도 받을 수 있다.,False,"현재 문장은 정부의 정책 변경 계획에 대한 내용으로, 특정한 수치나 통계적인 변화를 주장하지 않습니다.",high,hcx,HCX-007,isclaim-v1.3-prev2-context,2026-08-05
A0047-C006,A0047,"종신보험의 사망보험금, 살아있을 때 연금처럼 받을 수 있다",2025-01-08,https://www.chosun.com/economy/economy_general/2025/01/08/7NABNLMIERFLLITMX4DDZG37WQ,1,6,1,사망보험금은 연금 외에도 요양 시설 입주권이나 각종 헬스케어 이용권 같은 현물 형태로도 받을 수 있다.,정부는 노후 생활 안정을 위해 종신보험 보험료를 모두 납입한 경우 사망보험금을 담보로 연금 등으로 지급할 수 있도록 바꿀 방침이다.,노후 생활이 어려워도 본인이 낸 보험금은 쓸 수 없는 구조다.,"현재 일부 보험회사가 요양 시설을 운영하고 있는데, 연금 대신 3년 치 시설 이용비를 보험사가 납부하는 식이다.",False,"현재 문장은 사망보험금이 다양한 형태로 제공될 수 있다는 정보를 전달하지만, 이는 특정한 수치나 통계적인 변화를 주장하는 것이 아닙니다.",high,hcx,HCX-007,isclaim-v1.3-prev2-context,2026-08-05
A0047-C007,A0047,"종신보험의 사망보험금, 살아있을 때 연금처럼 받을 수 있다",2025-01-08,https://www.chosun.com/economy/economy_general/2025/01/08/7NABNLMIERFLLITMX4DDZG37WQ,1,7,1,"현재 일부 보험회사가 요양 시설을 운영하고 있는데, 연금 대신 3년 치 시설 이용비를 보험사가 납부하는 식이다.",사망보험금은 연금 외에도 요양 시설 입주권이나 각종 헬스케어 이용권 같은 현물 형태로도 받을 수 있다.,정부는 노후 생활 안정을 위해 종신보험 보험료를 모두 납입한 경우 사망보험금을 담보로 연금 등으로 지급할 수 있도록 바꿀 방침이다.,"정부는 수령 가능한 금액과 수령 방식 등 구체적 방안을 국내 20여 생명보험사와 협의를 거쳐 다음 달 발표하고, 이르면 올해 하반기부터 시행할 예정이다.",False,"현재 문장은 특정 보험회사들이 제공하는 서비스에 대한 설명으로, 이는 개별 기업의 서비스 방식에 관한 내용이지 국가 집계의 통계나 KOSIS에서 검증 가능한 내용이 아닙니다.",high,hcx,HCX-007,isclaim-v1.3-prev2-context,2026-08-05
A0047-C008,A0047,"종신보험의 사망보험금, 살아있을 때 연금처럼 받을 수 있다",2025-01-08,https://www.chosun.com/economy/economy_general/2025/01/08/7NABNLMIERFLLITMX4DDZG37WQ,1,8,1,"정부는 수령 가능한 금액과 수령 방식 등 구체적 방안을 국내 20여 생명보험사와 협의를 거쳐 다음 달 발표하고, 이르면 올해 하반기부터 시행할 예정이다.","현재 일부 보험회사가 요양 시설을 운영하고 있는데, 연금 대신 3년 치 시설 이용비를 보험사가 납부하는 식이다.",사망보험금은 연금 외에도 요양 시설 입주권이나 각종 헬스케어 이용권 같은 현물 형태로도 받을 수 있다.,금융위 관계자는 “시가 9억원 이하 주택을 담보로 맡기고 매달 노후 생활 자금을 받는 ‘주택연금’과 유사한 일종의 ‘보험연금’으로 보면 된다”며 “법 개정 없이 보험사들이 자체 규정을 바꿔서 기존 보험계약에 반영하면 된다”고 말했다.,False,"현재 문장은 정부의 정책 계획 및 일정에 대한 내용으로, 수치나 통계적인 변화를 주장하지 않습니다.",high,hcx,HCX-007,isclaim-v1.3-prev2-context,2026-08-05
A0047-C009,A0047,"종신보험의 사망보험금, 살아있을 때 연금처럼 받을 수 있다",2025-01-08,https://www.chosun.com/economy/economy_general/2025/01/08/7NABNLMIERFLLITMX4DDZG37WQ,1,9,1,금융위 관계자는 “시가 9억원 이하 주택을 담보로 맡기고 매달 노후 생활 자금을 받는 ‘주택연금’과 유사한 일종의 ‘보험연금’으로 보면 된다”며 “법 개정 없이 보험사들이 자체 규정을 바꿔서 기존 보험계약에 반영하면 된다”고 말했다.,"정부는 수령 가능한 금액과 수령 방식 등 구체적 방안을 국내 20여 생명보험사와 협의를 거쳐 다음 달 발표하고, 이르면 올해 하반기부터 시행할 예정이다.","현재 일부 보험회사가 요양 시설을 운영하고 있는데, 연금 대신 3년 치 시설 이용비를 보험사가 납부하는 식이다.","종신보험은 보험료 납입 기간이 20~30년인데, 현재 보험료 납입이 끝난 계약은 약 362만건으로 추정된다.",False,"현재 문장은 보험연금이 주택연금과 유사하다는 비교 설명을 하고 있으며, 이는 수치나 통계적인 변화를 주장하는 내용이 아닙니다.",high,hcx,HCX-007,isclaim-v1.3-prev2-context,2026-08-05
A0047-C010,A0047,"종신보험의 사망보험금, 살아있을 때 연금처럼 받을 수 있다",2025-01-08,https://www.chosun.com/economy/economy_general/2025/01/08/7NABNLMIERFLLITMX4DDZG37WQ,1,10,1,"종신보험은 보험료 납입 기간이 20~30년인데, 현재 보험료 납입이 끝난 계약은 약 362만건으로 추정된다.",금융위 관계자는 “시가 9억원 이하 주택을 담보로 맡기고 매달 노후 생활 자금을 받는 ‘주택연금’과 유사한 일종의 ‘보험연금’으로 보면 된다”며 “법 개정 없이 보험사들이 자체 규정을 바꿔서 기존 보험계약에 반영하면 된다”고 말했다.,"정부는 수령 가능한 금액과 수령 방식 등 구체적 방안을 국내 20여 생명보험사와 협의를 거쳐 다음 달 발표하고, 이르면 올해 하반기부터 시행할 예정이다.","◇대학·지자체도 코인 투자 가능… 실손보험 90세까지 가입 정부는 고령화에 맞춰 현재 70~75세로 제한된 노후·유병력자의 실손보험 가입 연령을 90세로 올리고, 보장 연령도 100세에서 110세로 올려 의료비 부담을 덜어주기로 했다.",True,"현재 문장은 보험료 납입이 끝난 종신보험 계약 건수에 대한 구체적인 수치를 포함하고 있으며, 이는 국내 집계 통계로서 KOSIS를 통해 대조 및 검증될 가능성이 있다.",high,hcx,HCX-007,isclaim-v1.3-prev2-context,2026-08-05
A0047-C011,A0047,"종신보험의 사망보험금, 살아있을 때 연금처럼 받을 수 있다",2025-01-08,https://www.chosun.com/economy/economy_general/2025/01/08/7NABNLMIERFLLITMX4DDZG37WQ,1,11,1,"◇대학·지자체도 코인 투자 가능… 실손보험 90세까지 가입 정부는 고령화에 맞춰 현재 70~75세로 제한된 노후·유병력자의 실손보험 가입 연령을 90세로 올리고, 보장 연령도 100세에서 110세로 올려 의료비 부담을 덜어주기로 했다.","종신보험은 보험료 납입 기간이 20~30년인데, 현재 보험료 납입이 끝난 계약은 약 362만건으로 추정된다.",금융위 관계자는 “시가 9억원 이하 주택을 담보로 맡기고 매달 노후 생활 자금을 받는 ‘주택연금’과 유사한 일종의 ‘보험연금’으로 보면 된다”며 “법 개정 없이 보험사들이 자체 규정을 바꿔서 기존 보험계약에 반영하면 된다”고 말했다.,또 1월부터 은행들이 부과하는 중도상환수수료율은 실제 발생한 비용만 반영할 수 있도록 의무화된다.,False,"현재 문장은 정부의 정책 변경에 대한 내용으로, 특정한 수치나 통계적인 변화를 주장하지 않습니다.",high,hcx,HCX-007,isclaim-v1.3-prev2-context,2026-08-05
A0047-C012,A0047,"종신보험의 사망보험금, 살아있을 때 연금처럼 받을 수 있다",2025-01-08,https://www.chosun.com/economy/economy_general/2025/01/08/7NABNLMIERFLLITMX4DDZG37WQ,1,12,1,또 1월부터 은행들이 부과하는 중도상환수수료율은 실제 발생한 비용만 반영할 수 있도록 의무화된다.,"◇대학·지자체도 코인 투자 가능… 실손보험 90세까지 가입 정부는 고령화에 맞춰 현재 70~75세로 제한된 노후·유병력자의 실손보험 가입 연령을 90세로 올리고, 보장 연령도 100세에서 110세로 올려 의료비 부담을 덜어주기로 했다.","종신보험은 보험료 납입 기간이 20~30년인데, 현재 보험료 납입이 끝난 계약은 약 362만건으로 추정된다.","이에 따라 주택담보대출 중도상환수수료율은 현재 약 1.2∼1.4%에서 0.6∼0.7%로, 신용대출은 현재 0.6∼0.8%에서 0.4% 수준으로 내려간다.",False,"현재 문장은 은행들의 중도상환수수료율 변경에 대한 내용으로, 이는 특정한 수치나 통계적 변화를 주장하는 것이 아닙니다.",high,hcx,HCX-007,isclaim-v1.3-prev2-context,2026-08-05
A0047-C013,A0047,"종신보험의 사망보험금, 살아있을 때 연금처럼 받을 수 있다",2025-01-08,https://www.chosun.com/economy/economy_general/2025/01/08/7NABNLMIERFLLITMX4DDZG37WQ,1,13,1,"이에 따라 주택담보대출 중도상환수수료율은 현재 약 1.2∼1.4%에서 0.6∼0.7%로, 신용대출은 현재 0.6∼0.8%에서 0.4% 수준으로 내려간다.",또 1월부터 은행들이 부과하는 중도상환수수료율은 실제 발생한 비용만 반영할 수 있도록 의무화된다.,"◇대학·지자체도 코인 투자 가능… 실손보험 90세까지 가입 정부는 고령화에 맞춰 현재 70~75세로 제한된 노후·유병력자의 실손보험 가입 연령을 90세로 올리고, 보장 연령도 100세에서 110세로 올려 의료비 부담을 덜어주기로 했다.",금융소비자보호법에 따르면 소비자가 대출한 시점으로부터 3년 이내에 대출금을 갚는 경우 은행이 중도상환수수료를 부과할 수 있다.,True,"현재 문장은 대출 상품의 수수료율 변화에 대한 구체적인 수치를 포함하고 있으며, 이는 금융 관련 통계로서 KOSIS를 통해 대조 및 검증될 수 있다.",high,hcx,HCX-007,isclaim-v1.3-prev2-context,2026-08-05
A0047-C014,A0047,"종신보험의 사망보험금, 살아있을 때 연금처럼 받을 수 있다",2025-01-08,https://www.chosun.com/economy/economy_general/2025/01/08/7NABNLMIERFLLITMX4DDZG37WQ,1,14,1,금융소비자보호법에 따르면 소비자가 대출한 시점으로부터 3년 이내에 대출금을 갚는 경우 은행이 중도상환수수료를 부과할 수 있다.,"이에 따라 주택담보대출 중도상환수수료율은 현재 약 1.2∼1.4%에서 0.6∼0.7%로, 신용대출은 현재 0.6∼0.8%에서 0.4% 수준으로 내려간다.",또 1월부터 은행들이 부과하는 중도상환수수료율은 실제 발생한 비용만 반영할 수 있도록 의무화된다.,다만 은행들은 수수료율을 산정하는 기준을 따로 두지 않고 그 근거를 공개하지 않아 비판이 제기돼 왔다.,False,"현재 문장은 금융소비자보호법에 따른 규정을 설명하고 있으며, 이는 특정한 수치나 통계적인 변화를 주장하는 것이 아닙니다.",high,hcx,HCX-007,isclaim-v1.3-prev2-context,2026-08-05
A0047-C015,A0047,"종신보험의 사망보험금, 살아있을 때 연금처럼 받을 수 있다",2025-01-08,https://www.chosun.com/economy/economy_general/2025/01/08/7NABNLMIERFLLITMX4DDZG37WQ,1,15,1,다만 은행들은 수수료율을 산정하는 기준을 따로 두지 않고 그 근거를 공개하지 않아 비판이 제기돼 왔다.,금융소비자보호법에 따르면 소비자가 대출한 시점으로부터 3년 이내에 대출금을 갚는 경우 은행이 중도상환수수료를 부과할 수 있다.,"이에 따라 주택담보대출 중도상환수수료율은 현재 약 1.2∼1.4%에서 0.6∼0.7%로, 신용대출은 현재 0.6∼0.8%에서 0.4% 수준으로 내려간다.",이 밖에 현재 신한·우리·현대카드가 시행 중인 부동산 월세 신용카드 납부 서비스(최대 200만원 한도)는 이르면 상반기에 전체 카드사로 확대한다.,False,"현재 문장은 은행들의 중도상환수수료율 산정 기준 및 근거 비공개에 대한 비판을 언급하며, 이는 단순한 의견 표현이므로 KOSIS 통계와 관련이 없습니다.",high,hcx,HCX-007,isclaim-v1.3-prev2-context,2026-08-05
A0047-C016,A0047,"종신보험의 사망보험금, 살아있을 때 연금처럼 받을 수 있다",2025-01-08,https://www.chosun.com/economy/economy_general/2025/01/08/7NABNLMIERFLLITMX4DDZG37WQ,1,16,1,이 밖에 현재 신한·우리·현대카드가 시행 중인 부동산 월세 신용카드 납부 서비스(최대 200만원 한도)는 이르면 상반기에 전체 카드사로 확대한다.,다만 은행들은 수수료율을 산정하는 기준을 따로 두지 않고 그 근거를 공개하지 않아 비판이 제기돼 왔다.,금융소비자보호법에 따르면 소비자가 대출한 시점으로부터 3년 이내에 대출금을 갚는 경우 은행이 중도상환수수료를 부과할 수 있다.,정부는 가상자산 시장 혁신을 위해 법인의 가상자산 거래소 실명 계좌 발급을 단계적으로 허용하기로 했다.,False,"현재 문장은 특정 금융 서비스의 확대에 대한 정보를 제공하며, 이는 KOSIS에서 검증 가능한 수치나 통계적 변화와 관련이 없습니다.",high,hcx,HCX-007,isclaim-v1.3-prev2-context,2026-08-05
A0047-C017,A0047,"종신보험의 사망보험금, 살아있을 때 연금처럼 받을 수 있다",2025-01-08,https://www.chosun.com/economy/economy_general/2025/01/08/7NABNLMIERFLLITMX4DDZG37WQ,1,17,1,정부는 가상자산 시장 혁신을 위해 법인의 가상자산 거래소 실명 계좌 발급을 단계적으로 허용하기로 했다.,이 밖에 현재 신한·우리·현대카드가 시행 중인 부동산 월세 신용카드 납부 서비스(최대 200만원 한도)는 이르면 상반기에 전체 카드사로 확대한다.,다만 은행들은 수수료율을 산정하는 기준을 따로 두지 않고 그 근거를 공개하지 않아 비판이 제기돼 왔다.,현재 비트코인 같은 가상자산을 팔아 원화로 바꾸려면 가상자산 거래소에 실명 계좌를 만들어야 한다.,False,"정부의 정책 발표나 계획에 대한 내용으로, 특정한 수치나 통계적 변화를 주장하지 않는다.",high,hcx,HCX-007,isclaim-v1.3-prev2-context,2026-08-05
A0047-C018,A0047,"종신보험의 사망보험금, 살아있을 때 연금처럼 받을 수 있다",2025-01-08,https://www.chosun.com/economy/economy_general/2025/01/08/7NABNLMIERFLLITMX4DDZG37WQ,1,18,1,현재 비트코인 같은 가상자산을 팔아 원화로 바꾸려면 가상자산 거래소에 실명 계좌를 만들어야 한다.,정부는 가상자산 시장 혁신을 위해 법인의 가상자산 거래소 실명 계좌 발급을 단계적으로 허용하기로 했다.,이 밖에 현재 신한·우리·현대카드가 시행 중인 부동산 월세 신용카드 납부 서비스(최대 200만원 한도)는 이르면 상반기에 전체 카드사로 확대한다.,지금은 은행들이 자금 세탁 위험 등을 우려한 금융 당국의 행정지도에 따라 국내 법인과 기관에 대해서는 실명 계좌를 발급하지 않고 있다.,False,"현재 문장은 가상자산 거래소에서 실명 계좌를 만드는 절차에 대한 설명이지, 수치나 통계적인 변화를 주장하는 내용이 아닙니다.",high,hcx,HCX-007,isclaim-v1.3-prev2-context,2026-08-05
A0047-C019,A0047,"종신보험의 사망보험금, 살아있을 때 연금처럼 받을 수 있다",2025-01-08,https://www.chosun.com/economy/economy_general/2025/01/08/7NABNLMIERFLLITMX4DDZG37WQ,1,19,1,지금은 은행들이 자금 세탁 위험 등을 우려한 금융 당국의 행정지도에 따라 국내 법인과 기관에 대해서는 실명 계좌를 발급하지 않고 있다.,현재 비트코인 같은 가상자산을 팔아 원화로 바꾸려면 가상자산 거래소에 실명 계좌를 만들어야 한다.,정부는 가상자산 시장 혁신을 위해 법인의 가상자산 거래소 실명 계좌 발급을 단계적으로 허용하기로 했다.,"법인의 계좌 발급이 가능해지면, 서울대 등 코인을 기부받은 대학들이 코인을 현금화할 수 있게 된다.",False,"현재 문장은 은행들이 법인과 기관에 대해 실명 계좌를 발급하지 않는 상황에 대한 설명이므로, 이는 통계적인 수치나 변화를 주장하는 것이 아닙니다.",high,hcx,HCX-007,isclaim-v1.3-prev2-context,2026-08-05
A0047-C020,A0047,"종신보험의 사망보험금, 살아있을 때 연금처럼 받을 수 있다",2025-01-08,https://www.chosun.com/economy/economy_general/2025/01/08/7NABNLMIERFLLITMX4DDZG37WQ,1,20,1,"법인의 계좌 발급이 가능해지면, 서울대 등 코인을 기부받은 대학들이 코인을 현금화할 수 있게 된다.",지금은 은행들이 자금 세탁 위험 등을 우려한 금융 당국의 행정지도에 따라 국내 법인과 기관에 대해서는 실명 계좌를 발급하지 않고 있다.,현재 비트코인 같은 가상자산을 팔아 원화로 바꾸려면 가상자산 거래소에 실명 계좌를 만들어야 한다.,공정거래위원회는 이날 업무보고에서 온라인 동영상 서비스(OTT)를 중도 해지할 경우 받게 되는 환불 규정 가이드라인을 마련하겠다고 밝혔다.,False,"법인의 계좌 발급 가능성에 대한 언급이지만, 이는 특정 통계나 수치적인 변화를 주장하는 것이 아니며, KOSIS에서 검증 가능한 내용이 아닙니다.",high,hcx,HCX-007,isclaim-v1.3-prev2-context,2026-08-05
A0047-C021,A0047,"종신보험의 사망보험금, 살아있을 때 연금처럼 받을 수 있다",2025-01-08,https://www.chosun.com/economy/economy_general/2025/01/08/7NABNLMIERFLLITMX4DDZG37WQ,1,21,1,공정거래위원회는 이날 업무보고에서 온라인 동영상 서비스(OTT)를 중도 해지할 경우 받게 되는 환불 규정 가이드라인을 마련하겠다고 밝혔다.,"법인의 계좌 발급이 가능해지면, 서울대 등 코인을 기부받은 대학들이 코인을 현금화할 수 있게 된다.",지금은 은행들이 자금 세탁 위험 등을 우려한 금융 당국의 행정지도에 따라 국내 법인과 기관에 대해서는 실명 계좌를 발급하지 않고 있다.,현재 국내 OTT사들은 서로 다른 환불 규정을 두고 있어 소비자들의 불만이 적지 않다.,False,온라인 동영상 서비스(OTT) 중도 해지 환불 규정에 대한 언급은 수치나 통계적 변화와 관련이 없습니다.,high,hcx,HCX-007,isclaim-v1.3-prev2-context,2026-08-05
A0047-C022,A0047,"종신보험의 사망보험금, 살아있을 때 연금처럼 받을 수 있다",2025-01-08,https://www.chosun.com/economy/economy_general/2025/01/08/7NABNLMIERFLLITMX4DDZG37WQ,1,22,1,현재 국내 OTT사들은 서로 다른 환불 규정을 두고 있어 소비자들의 불만이 적지 않다.,공정거래위원회는 이날 업무보고에서 온라인 동영상 서비스(OTT)를 중도 해지할 경우 받게 되는 환불 규정 가이드라인을 마련하겠다고 밝혔다.,"법인의 계좌 발급이 가능해지면, 서울대 등 코인을 기부받은 대학들이 코인을 현금화할 수 있게 된다.",공정위는 가이드라인에 이용 일수에 따라 이용료를 차감하고 나머지 금액을 환불해주는 ‘일할(日割) 계산’ 방식을 포함시킬 계획이다.,True,국내 OTT사들의 환불 규정에 대한 비교나 변화에 대해 언급하며 이는 국내 집계 통계로서 KOSIS 등에서 관련 정보를 찾아볼 수 있을 것이다.,high,hcx,HCX-007,isclaim-v1.3-prev2-context,2026-08-05
A0047-C023,A0047,"종신보험의 사망보험금, 살아있을 때 연금처럼 받을 수 있다",2025-01-08,https://www.chosun.com/economy/economy_general/2025/01/08/7NABNLMIERFLLITMX4DDZG37WQ,1,23,1,공정위는 가이드라인에 이용 일수에 따라 이용료를 차감하고 나머지 금액을 환불해주는 ‘일할(日割) 계산’ 방식을 포함시킬 계획이다.,현재 국내 OTT사들은 서로 다른 환불 규정을 두고 있어 소비자들의 불만이 적지 않다.,공정거래위원회는 이날 업무보고에서 온라인 동영상 서비스(OTT)를 중도 해지할 경우 받게 되는 환불 규정 가이드라인을 마련하겠다고 밝혔다.,또 중도 해지에 대해 일부 위약금을 떼는 방식도 검토하고 있다.,False,"이용 일수에 따른 환불 방식 제안은 정책 변화에 대한 내용이지, 수치나 통계적인 변화를 주장하는 것이 아닙니다.",high,hcx,HCX-007,isclaim-v1.3-prev2-context,2026-08-05
A0047-C024,A0047,"종신보험의 사망보험금, 살아있을 때 연금처럼 받을 수 있다",2025-01-08,https://www.chosun.com/economy/economy_general/2025/01/08/7NABNLMIERFLLITMX4DDZG37WQ,1,24,1,또 중도 해지에 대해 일부 위약금을 떼는 방식도 검토하고 있다.,공정위는 가이드라인에 이용 일수에 따라 이용료를 차감하고 나머지 금액을 환불해주는 ‘일할(日割) 계산’ 방식을 포함시킬 계획이다.,현재 국내 OTT사들은 서로 다른 환불 규정을 두고 있어 소비자들의 불만이 적지 않다.,보고 싶은 콘텐츠만 골라 몰아보기로 시청한 뒤 중도 해지하는 체리피커(얌체 소비자)에 대해 비용을 물리겠다는 것이다.,False,"현재 문장은 계약 해지 시 위약금 부과 방식에 대한 내용으로, 이는 KOSIS에서 제공하는 통계 정보와는 관련이 없습니다.",high,hcx,HCX-007,isclaim-v1.3-prev2-context,2026-08-05
A0047-C025,A0047,"종신보험의 사망보험금, 살아있을 때 연금처럼 받을 수 있다",2025-01-08,https://www.chosun.com/economy/economy_general/2025/01/08/7NABNLMIERFLLITMX4DDZG37WQ,1,25,1,보고 싶은 콘텐츠만 골라 몰아보기로 시청한 뒤 중도 해지하는 체리피커(얌체 소비자)에 대해 비용을 물리겠다는 것이다.,또 중도 해지에 대해 일부 위약금을 떼는 방식도 검토하고 있다.,공정위는 가이드라인에 이용 일수에 따라 이용료를 차감하고 나머지 금액을 환불해주는 ‘일할(日割) 계산’ 방식을 포함시킬 계획이다.,이 밖에 지난해 11월 양대 배달 앱인 배달의민족(배민)과 쿠팡이츠가 기존 9.8%인 배달 중개 수수료를 2~7.8%로 최대 7.8%포인트 낮추기로 한 ‘배달앱 수수료 인하’ 상생 안을 이르면 다음 달부터 시행하겠다고 공정위는 밝혔다.,False,"현재 문장은 체리피커에 대한 비용 부과 정책에 관한 내용으로, 이는 단순한 정책 설명이지 수치나 통계적인 변화를 주장하는 내용이 아닙니다.",high,hcx,HCX-007,isclaim-v1.3-prev2-context,2026-08-05
A0047-C026,A0047,"종신보험의 사망보험금, 살아있을 때 연금처럼 받을 수 있다",2025-01-08,https://www.chosun.com/economy/economy_general/2025/01/08/7NABNLMIERFLLITMX4DDZG37WQ,1,26,1,이 밖에 지난해 11월 양대 배달 앱인 배달의민족(배민)과 쿠팡이츠가 기존 9.8%인 배달 중개 수수료를 2~7.8%로 최대 7.8%포인트 낮추기로 한 ‘배달앱 수수료 인하’ 상생 안을 이르면 다음 달부터 시행하겠다고 공정위는 밝혔다.,보고 싶은 콘텐츠만 골라 몰아보기로 시청한 뒤 중도 해지하는 체리피커(얌체 소비자)에 대해 비용을 물리겠다는 것이다.,또 중도 해지에 대해 일부 위약금을 떼는 방식도 검토하고 있다.,,False,"현재 문장은 배달의민족과 쿠팡이츠의 배달 중개 수수료 인하 계획에 대한 정보 전달로서, 특정한 수치나 비율 등의 통계적 변화를 주장하는 것이 아닙니다.",high,hcx,HCX-007,isclaim-v1.3-prev2-context,2026-08-05
A0048-C001,A0048,‘트럼프發 널뛰기’ 시작됐다… 6일밤 출렁댄 강달러,2025-01-08,https://www.chosun.com/economy/economy_general/2025/01/08/CE4Q7O7NMBGEZMFOWSBJAD7SV4,1,1,1,0 6일 저녁 8시쯤 달러당 1465원을 기록하던 미 달러 대비 원화 환율은 1시간여 만에 1454원까지 떨어졌다.(달러 가치 하락),,,같은 시간 달러 대비 엔화 환율도 157.9엔에서 156.2엔까지 1%가량 곤두박질쳤다.,False,"문장에서 언급된 달러 대비 원화 환율 변동은 특정 시점에서의 금융 시장 상황을 설명하지만, 이는 개별적인 사건으로서 국가통계포털(KOSIS)에서 제공하는 일반적인 통계 자료와는 관련이 없습니다.",high,hcx,HCX-007,isclaim-v1.3-prev2-context,2026-08-05
A0048-C002,A0048,‘트럼프發 널뛰기’ 시작됐다… 6일밤 출렁댄 강달러,2025-01-08,https://www.chosun.com/economy/economy_general/2025/01/08/CE4Q7O7NMBGEZMFOWSBJAD7SV4,1,2,1,같은 시간 달러 대비 엔화 환율도 157.9엔에서 156.2엔까지 1%가량 곤두박질쳤다.,0 6일 저녁 8시쯤 달러당 1465원을 기록하던 미 달러 대비 원화 환율은 1시간여 만에 1454원까지 떨어졌다.(달러 가치 하락),,유로화 등 주요 6개 통화에 대한 달러 가치를 표시하는 달러 인덱스도 0.7% 이상 떨어졌다.,True,"현재 문장은 달러 대비 엔화 환율의 변화를 언급하며, 이는 국제 금융 시장의 변동성을 나타내는 정보로서 국가 통계 포털(KOSIS)에서 관련 통계를 찾아볼 수 있다.",high,hcx,HCX-007,isclaim-v1.3-prev2-context,2026-08-05
A0048-C003,A0048,‘트럼프發 널뛰기’ 시작됐다… 6일밤 출렁댄 강달러,2025-01-08,https://www.chosun.com/economy/economy_general/2025/01/08/CE4Q7O7NMBGEZMFOWSBJAD7SV4,1,3,1,유로화 등 주요 6개 통화에 대한 달러 가치를 표시하는 달러 인덱스도 0.7% 이상 떨어졌다.,같은 시간 달러 대비 엔화 환율도 157.9엔에서 156.2엔까지 1%가량 곤두박질쳤다.,0 6일 저녁 8시쯤 달러당 1465원을 기록하던 미 달러 대비 원화 환율은 1시간여 만에 1454원까지 떨어졌다.(달러 가치 하락),트럼프가 ‘보편 관세’ 공약을 축소한 ‘선별 관세’를 부과할 것이란 보도 때문이었다.,True,"현재 문장은 달러 인덱스가 0.7% 이상 떨어졌다는 내용을 포함하며, 이는 통화 가치의 변화에 대한 구체적인 수치 정보를 제공합니다.",high,hcx,HCX-007,isclaim-v1.3-prev2-context,2026-08-05
A0048-C004,A0048,‘트럼프發 널뛰기’ 시작됐다… 6일밤 출렁댄 강달러,2025-01-08,https://www.chosun.com/economy/economy_general/2025/01/08/CE4Q7O7NMBGEZMFOWSBJAD7SV4,1,4,1,트럼프가 ‘보편 관세’ 공약을 축소한 ‘선별 관세’를 부과할 것이란 보도 때문이었다.,유로화 등 주요 6개 통화에 대한 달러 가치를 표시하는 달러 인덱스도 0.7% 이상 떨어졌다.,같은 시간 달러 대비 엔화 환율도 157.9엔에서 156.2엔까지 1%가량 곤두박질쳤다.,하지만 트럼프가 ‘가짜 뉴스’라고 하자 이런 환율 움직임은 다시 이전 상황으로 돌아갔다.,False,"현재 문장은 트럼프의 정책에 관한 보도를 언급하며, 이는 단순한 의견이나 사건에 대한 설명이지 수치나 통계적인 변화를 주장하는 내용이 아닙니다.",high,hcx,HCX-007,isclaim-v1.3-prev2-context,2026-08-05
A0048-C005,A0048,‘트럼프發 널뛰기’ 시작됐다… 6일밤 출렁댄 강달러,2025-01-08,https://www.chosun.com/economy/economy_general/2025/01/08/CE4Q7O7NMBGEZMFOWSBJAD7SV4,1,5,1,하지만 트럼프가 ‘가짜 뉴스’라고 하자 이런 환율 움직임은 다시 이전 상황으로 돌아갔다.,트럼프가 ‘보편 관세’ 공약을 축소한 ‘선별 관세’를 부과할 것이란 보도 때문이었다.,유로화 등 주요 6개 통화에 대한 달러 가치를 표시하는 달러 인덱스도 0.7% 이상 떨어졌다.,이날 글로벌 환율의 출렁임이 트럼프의 정책이 시장의 불확실성을 가중하는 ‘트럼프 변동성’의 서막이 될 것이란 평가가 많다.,False,"현재 문장은 환율 변동에 대한 정치적 발언에 따른 시장 반응에 관한 내용으로, 특정한 수치나 통계적 변화를 주장하지 않습니다.",high,hcx,HCX-007,isclaim-v1.3-prev2-context,2026-08-05
A0048-C006,A0048,‘트럼프發 널뛰기’ 시작됐다… 6일밤 출렁댄 강달러,2025-01-08,https://www.chosun.com/economy/economy_general/2025/01/08/CE4Q7O7NMBGEZMFOWSBJAD7SV4,1,6,1,이날 글로벌 환율의 출렁임이 트럼프의 정책이 시장의 불확실성을 가중하는 ‘트럼프 변동성’의 서막이 될 것이란 평가가 많다.,하지만 트럼프가 ‘가짜 뉴스’라고 하자 이런 환율 움직임은 다시 이전 상황으로 돌아갔다.,트럼프가 ‘보편 관세’ 공약을 축소한 ‘선별 관세’를 부과할 것이란 보도 때문이었다.,블룸버그는 “트럼프 당선인이 앞으로 몇 개월 동안 금융시장을 어떻게 뒤흔들지를 미리 엿볼 수 있는 시간”이었다고 평가했다.,False,"현재 문장은 트럼프 정책에 따른 시장 불확실성에 대한 평가를 담고 있으며, 이는 특정한 수치나 통계적 변화를 주장하는 내용이 아닙니다.",high,hcx,HCX-007,isclaim-v1.3-prev2-context,2026-08-05
A0048-C008,A0048,‘트럼프發 널뛰기’ 시작됐다… 6일밤 출렁댄 강달러,2025-01-08,https://www.chosun.com/economy/economy_general/2025/01/08/CE4Q7O7NMBGEZMFOWSBJAD7SV4,1,8,1,◇‘트럼프 관세’ 축소 보도에 환율 출렁 6일 달러 가치를 끌어내린 것은 워싱턴포스트(WP)의 보도였다.,블룸버그는 “트럼프 당선인이 앞으로 몇 개월 동안 금융시장을 어떻게 뒤흔들지를 미리 엿볼 수 있는 시간”이었다고 평가했다.,이날 글로벌 환율의 출렁임이 트럼프의 정책이 시장의 불확실성을 가중하는 ‘트럼프 변동성’의 서막이 될 것이란 평가가 많다.,WP는 익명의 소식통 3명을 인용해 트럼프 보좌진이 미국의 국가·경제 안보에 핵심적인 수입품만 관세를 올리는 ‘선별 관세’ 계획을 검토하고 있다고 보도했다.,False,"현재 문장은 '트럼프 관세' 축소와 관련된 보도가 달러 가치에 영향을 미쳤다는 사실을 전달하지만, 이는 특정한 수치나 통계적 변화를 주장하는 내용이 아닙니다.",high,hcx,HCX-007,isclaim-v1.3-prev2-context,2026-08-05
A0048-C009,A0048,‘트럼프發 널뛰기’ 시작됐다… 6일밤 출렁댄 강달러,2025-01-08,https://www.chosun.com/economy/economy_general/2025/01/08/CE4Q7O7NMBGEZMFOWSBJAD7SV4,1,9,1,WP는 익명의 소식통 3명을 인용해 트럼프 보좌진이 미국의 국가·경제 안보에 핵심적인 수입품만 관세를 올리는 ‘선별 관세’ 계획을 검토하고 있다고 보도했다.,◇‘트럼프 관세’ 축소 보도에 환율 출렁 6일 달러 가치를 끌어내린 것은 워싱턴포스트(WP)의 보도였다.,블룸버그는 “트럼프 당선인이 앞으로 몇 개월 동안 금융시장을 어떻게 뒤흔들지를 미리 엿볼 수 있는 시간”이었다고 평가했다.,그간 트럼프는 모든 수입품에 10~20%의 ‘보편 관세’를 부과하겠다고 공약해 왔다.,False,"현재 문장은 트럼프 보좌진의 계획에 대한 보도로, 특정한 수치나 통계적 변화를 주장하는 내용이 아닙니다.",high,hcx,HCX-007,isclaim-v1.3-prev2-context,2026-08-05
A0048-C010,A0048,‘트럼프發 널뛰기’ 시작됐다… 6일밤 출렁댄 강달러,2025-01-08,https://www.chosun.com/economy/economy_general/2025/01/08/CE4Q7O7NMBGEZMFOWSBJAD7SV4,1,10,1,그간 트럼프는 모든 수입품에 10~20%의 ‘보편 관세’를 부과하겠다고 공약해 왔다.,WP는 익명의 소식통 3명을 인용해 트럼프 보좌진이 미국의 국가·경제 안보에 핵심적인 수입품만 관세를 올리는 ‘선별 관세’ 계획을 검토하고 있다고 보도했다.,◇‘트럼프 관세’ 축소 보도에 환율 출렁 6일 달러 가치를 끌어내린 것은 워싱턴포스트(WP)의 보도였다.,특히 중국산에는 60% 관세를 매길 것이라고 했다.,False,"현재 문장은 트럼프의 공약에 대한 설명으로, 특정한 수치나 통계적 변화를 주장하지 않습니다.",high,hcx,HCX-007,isclaim-v1.3-prev2-context,2026-08-05
A0048-C011,A0048,‘트럼프發 널뛰기’ 시작됐다… 6일밤 출렁댄 강달러,2025-01-08,https://www.chosun.com/economy/economy_general/2025/01/08/CE4Q7O7NMBGEZMFOWSBJAD7SV4,1,11,1,특히 중국산에는 60% 관세를 매길 것이라고 했다.,그간 트럼프는 모든 수입품에 10~20%의 ‘보편 관세’를 부과하겠다고 공약해 왔다.,WP는 익명의 소식통 3명을 인용해 트럼프 보좌진이 미국의 국가·경제 안보에 핵심적인 수입품만 관세를 올리는 ‘선별 관세’ 계획을 검토하고 있다고 보도했다.,"트럼프의 ‘보편 관세’ 구상이 실현되면 수입 물가가 오르고, 미국의 인플레이션도 고개를 들며, 미국 중앙은행인 연준은 금리를 인하하지 못하고 심지어 인상할 수 있으며, 이에 따라 달러 가치는 올라가리라는 전망이 그간 많았다.",False,"특정 국가의 관세 정책에 대한 내용으로, 이는 KOSIS에서 다루는 국내 집계 통계와는 관련이 없습니다.",high,hcx,HCX-007,isclaim-v1.3-prev2-context,2026-08-05
A0048-C012,A0048,‘트럼프發 널뛰기’ 시작됐다… 6일밤 출렁댄 강달러,2025-01-08,https://www.chosun.com/economy/economy_general/2025/01/08/CE4Q7O7NMBGEZMFOWSBJAD7SV4,1,12,1,"트럼프의 ‘보편 관세’ 구상이 실현되면 수입 물가가 오르고, 미국의 인플레이션도 고개를 들며, 미국 중앙은행인 연준은 금리를 인하하지 못하고 심지어 인상할 수 있으며, 이에 따라 달러 가치는 올라가리라는 전망이 그간 많았다.",특히 중국산에는 60% 관세를 매길 것이라고 했다.,그간 트럼프는 모든 수입품에 10~20%의 ‘보편 관세’를 부과하겠다고 공약해 왔다.,하지만 트럼프가 ‘선별 관세’로 후퇴한다면 강달러 전망은 옅어질 수밖에 없다.,False,"현재 문장은 트럼프의 보편 관세 구상의 경제적 영향에 대한 전망이므로, 이는 단순한 예측 및 평가로서 KOSIS 통계로 검증 가능한 수치나 통계적 변화에 해당하지 않습니다.",high,hcx,HCX-007,isclaim-v1.3-prev2-context,2026-08-05
A0048-C013,A0048,‘트럼프發 널뛰기’ 시작됐다… 6일밤 출렁댄 강달러,2025-01-08,https://www.chosun.com/economy/economy_general/2025/01/08/CE4Q7O7NMBGEZMFOWSBJAD7SV4,1,13,1,하지만 트럼프가 ‘선별 관세’로 후퇴한다면 강달러 전망은 옅어질 수밖에 없다.,"트럼프의 ‘보편 관세’ 구상이 실현되면 수입 물가가 오르고, 미국의 인플레이션도 고개를 들며, 미국 중앙은행인 연준은 금리를 인하하지 못하고 심지어 인상할 수 있으며, 이에 따라 달러 가치는 올라가리라는 전망이 그간 많았다.",특히 중국산에는 60% 관세를 매길 것이라고 했다.,WP는 트럼프 팀이 미국으로 다시 가져오고 싶어 하는 몇 가지 핵심 산업 부문에만 관세 정책을 집중할 가능성이 높다고 했다.,False,현재 문장은 단순한 의견이나 예측이므로 KOSIS 통계로 검증 가능한 수치나 통계적 변화를 주장하지 않는다.,high,hcx,HCX-007,isclaim-v1.3-prev2-context,2026-08-05
A0048-C014,A0048,‘트럼프發 널뛰기’ 시작됐다… 6일밤 출렁댄 강달러,2025-01-08,https://www.chosun.com/economy/economy_general/2025/01/08/CE4Q7O7NMBGEZMFOWSBJAD7SV4,1,14,1,WP는 트럼프 팀이 미국으로 다시 가져오고 싶어 하는 몇 가지 핵심 산업 부문에만 관세 정책을 집중할 가능성이 높다고 했다.,하지만 트럼프가 ‘선별 관세’로 후퇴한다면 강달러 전망은 옅어질 수밖에 없다.,"트럼프의 ‘보편 관세’ 구상이 실현되면 수입 물가가 오르고, 미국의 인플레이션도 고개를 들며, 미국 중앙은행인 연준은 금리를 인하하지 못하고 심지어 인상할 수 있으며, 이에 따라 달러 가치는 올라가리라는 전망이 그간 많았다.","철강·알루미늄·구리 등의 관세를 올려 방위 산업 공급 산업을 미국으로 끌어들이고, 주사기·제약 재료 등 주요 의료용품과 배터리·희토류·태양광패널 등 에너지 생산 부문에 집중적으로 관세를 매겨, 해당 산업군의 미국 회귀를 이루어 내겠다는 것이다.",False,"현재 문장은 특정 정책의 가능성 및 그 정책에 따른 경제적 결과에 대한 예측이지만, 이는 구체적인 수치나 통계적 변화를 주장하는 것이 아니므로 KOSIS 통계로 검증하기 어렵다.",high,hcx,HCX-007,isclaim-v1.3-prev2-context,2026-08-05
A0048-C015,A0048,‘트럼프發 널뛰기’ 시작됐다… 6일밤 출렁댄 강달러,2025-01-08,https://www.chosun.com/economy/economy_general/2025/01/08/CE4Q7O7NMBGEZMFOWSBJAD7SV4,1,15,1,"철강·알루미늄·구리 등의 관세를 올려 방위 산업 공급 산업을 미국으로 끌어들이고, 주사기·제약 재료 등 주요 의료용품과 배터리·희토류·태양광패널 등 에너지 생산 부문에 집중적으로 관세를 매겨, 해당 산업군의 미국 회귀를 이루어 내겠다는 것이다.",WP는 트럼프 팀이 미국으로 다시 가져오고 싶어 하는 몇 가지 핵심 산업 부문에만 관세 정책을 집중할 가능성이 높다고 했다.,하지만 트럼프가 ‘선별 관세’로 후퇴한다면 강달러 전망은 옅어질 수밖에 없다.,"트럼프의 조언자들조차 ‘보편 관세’ 계획이 각국의 보복을 부를 수 있다고 보고 있으며, 트럼프 2기 행정부가 관세 인상으로 인한 인플레이션 가능성을 신경 쓸 수밖에 없다는 것도 관세 정책 축소의 한 요인으로 지목됐다.",False,"현재 문장은 미국의 관세 정책 변화에 대한 설명이지만, 특정한 수치나 통계적인 변화를 주장하지 않는다.",high,hcx,HCX-007,isclaim-v1.3-prev2-context,2026-08-05
A0048-C016,A0048,‘트럼프發 널뛰기’ 시작됐다… 6일밤 출렁댄 강달러,2025-01-08,https://www.chosun.com/economy/economy_general/2025/01/08/CE4Q7O7NMBGEZMFOWSBJAD7SV4,1,16,1,"트럼프의 조언자들조차 ‘보편 관세’ 계획이 각국의 보복을 부를 수 있다고 보고 있으며, 트럼프 2기 행정부가 관세 인상으로 인한 인플레이션 가능성을 신경 쓸 수밖에 없다는 것도 관세 정책 축소의 한 요인으로 지목됐다.","철강·알루미늄·구리 등의 관세를 올려 방위 산업 공급 산업을 미국으로 끌어들이고, 주사기·제약 재료 등 주요 의료용품과 배터리·희토류·태양광패널 등 에너지 생산 부문에 집중적으로 관세를 매겨, 해당 산업군의 미국 회귀를 이루어 내겠다는 것이다.",WP는 트럼프 팀이 미국으로 다시 가져오고 싶어 하는 몇 가지 핵심 산업 부문에만 관세 정책을 집중할 가능성이 높다고 했다.,"게다가 중국만 보복 관세를 물리면 미국의 국내총생산(GDP)이 0.8%, 모든 나라가 보복 관세를 물리면 1.3% 줄어드는 것으로 추정될 정도로 미국도 유탄을 맞을 수밖에 없다고 블룸버그는 분석하고 있다.",False,"현재 문장은 트럼프의 관세 정책에 대한 정치적 분석 및 경제적 영향 예측에 관한 내용으로, 구체적인 수치나 통계적 변화를 주장하지 않는다.",high,hcx,HCX-007,isclaim-v1.3-prev2-context,2026-08-05
A0048-C017,A0048,‘트럼프發 널뛰기’ 시작됐다… 6일밤 출렁댄 강달러,2025-01-08,https://www.chosun.com/economy/economy_general/2025/01/08/CE4Q7O7NMBGEZMFOWSBJAD7SV4,1,17,1,"게다가 중국만 보복 관세를 물리면 미국의 국내총생산(GDP)이 0.8%, 모든 나라가 보복 관세를 물리면 1.3% 줄어드는 것으로 추정될 정도로 미국도 유탄을 맞을 수밖에 없다고 블룸버그는 분석하고 있다.","트럼프의 조언자들조차 ‘보편 관세’ 계획이 각국의 보복을 부를 수 있다고 보고 있으며, 트럼프 2기 행정부가 관세 인상으로 인한 인플레이션 가능성을 신경 쓸 수밖에 없다는 것도 관세 정책 축소의 한 요인으로 지목됐다.","철강·알루미늄·구리 등의 관세를 올려 방위 산업 공급 산업을 미국으로 끌어들이고, 주사기·제약 재료 등 주요 의료용품과 배터리·희토류·태양광패널 등 에너지 생산 부문에 집중적으로 관세를 매겨, 해당 산업군의 미국 회귀를 이루어 내겠다는 것이다.","하지만 WP 보도 직후 트럼프는 자신의 소셜미디어 트루스소셜에서 “워싱턴포스트는 존재하지도 않는, 소위 익명의 출처를 인용해 나의 관세 정책이 축소할 것이라고 잘못 언급했다. 가짜 뉴스의 또 다른 예”라고 부인했다.",True,"현재 문장은 관세 인상으로 인해 미국의 GDP가 감소할 것이라는 예측을 포함하고 있어, 이는 경제 및 무역에 관련된 통계적 변화를 주장하는 내용이다.",high,hcx,HCX-007,isclaim-v1.3-prev2-context,2026-08-05
A0048-C018,A0048,‘트럼프發 널뛰기’ 시작됐다… 6일밤 출렁댄 강달러,2025-01-08,https://www.chosun.com/economy/economy_general/2025/01/08/CE4Q7O7NMBGEZMFOWSBJAD7SV4,1,18,1,"하지만 WP 보도 직후 트럼프는 자신의 소셜미디어 트루스소셜에서 “워싱턴포스트는 존재하지도 않는, 소위 익명의 출처를 인용해 나의 관세 정책이 축소할 것이라고 잘못 언급했다. 가짜 뉴스의 또 다른 예”라고 부인했다.","게다가 중국만 보복 관세를 물리면 미국의 국내총생산(GDP)이 0.8%, 모든 나라가 보복 관세를 물리면 1.3% 줄어드는 것으로 추정될 정도로 미국도 유탄을 맞을 수밖에 없다고 블룸버그는 분석하고 있다.","트럼프의 조언자들조차 ‘보편 관세’ 계획이 각국의 보복을 부를 수 있다고 보고 있으며, 트럼프 2기 행정부가 관세 인상으로 인한 인플레이션 가능성을 신경 쓸 수밖에 없다는 것도 관세 정책 축소의 한 요인으로 지목됐다.","트럼프의 이 발언이 나오자 달러인덱스는 단숨에 108.5까지 반등했고, 엔 달러 환율도 157엔을 회복했다.",False,"현재 문장은 워싱턴 포스트의 보도 내용에 대한 트럼프의 반박 내용으로, 수치나 통계적인 변화를 주장하는 내용이 아닙니다.",high,hcx,HCX-007,isclaim-v1.3-prev2-context,2026-08-05
A0048-C019,A0048,‘트럼프發 널뛰기’ 시작됐다… 6일밤 출렁댄 강달러,2025-01-08,https://www.chosun.com/economy/economy_general/2025/01/08/CE4Q7O7NMBGEZMFOWSBJAD7SV4,1,19,1,"트럼프의 이 발언이 나오자 달러인덱스는 단숨에 108.5까지 반등했고, 엔 달러 환율도 157엔을 회복했다.","하지만 WP 보도 직후 트럼프는 자신의 소셜미디어 트루스소셜에서 “워싱턴포스트는 존재하지도 않는, 소위 익명의 출처를 인용해 나의 관세 정책이 축소할 것이라고 잘못 언급했다. 가짜 뉴스의 또 다른 예”라고 부인했다.","게다가 중국만 보복 관세를 물리면 미국의 국내총생산(GDP)이 0.8%, 모든 나라가 보복 관세를 물리면 1.3% 줄어드는 것으로 추정될 정도로 미국도 유탄을 맞을 수밖에 없다고 블룸버그는 분석하고 있다.",원화 환율도 1460원 선으로 다시 올라갔다.,False,"현재 문장은 트럼프의 발언 이후 금융 시장의 변동 상황에 대한 기술적인 내용으로, 특정한 수치나 비율 등의 변화를 주장하지 않으며, 이는 KOSIS에서 검증 가능한 내용이 아닙니다.",high,hcx,HCX-007,isclaim-v1.3-prev2-context,2026-08-05
A0048-C020,A0048,‘트럼프發 널뛰기’ 시작됐다… 6일밤 출렁댄 강달러,2025-01-08,https://www.chosun.com/economy/economy_general/2025/01/08/CE4Q7O7NMBGEZMFOWSBJAD7SV4,1,20,1,원화 환율도 1460원 선으로 다시 올라갔다.,"트럼프의 이 발언이 나오자 달러인덱스는 단숨에 108.5까지 반등했고, 엔 달러 환율도 157엔을 회복했다.","하지만 WP 보도 직후 트럼프는 자신의 소셜미디어 트루스소셜에서 “워싱턴포스트는 존재하지도 않는, 소위 익명의 출처를 인용해 나의 관세 정책이 축소할 것이라고 잘못 언급했다. 가짜 뉴스의 또 다른 예”라고 부인했다.",트럼프의 부인에도 보편 관세 계획 축소 전망은 여전하다.,True,"현재 문장은 원화 환율이 1460원 선으로 다시 올라갔다는 구체적인 수치 정보를 포함하고 있으며, 이는 KOSIS를 통해 확인 가능한 경제 지표 중 하나이므로 True로 판단된다.",high,hcx,HCX-007,isclaim-v1.3-prev2-context,2026-08-05
A0048-C021,A0048,‘트럼프發 널뛰기’ 시작됐다… 6일밤 출렁댄 강달러,2025-01-08,https://www.chosun.com/economy/economy_general/2025/01/08/CE4Q7O7NMBGEZMFOWSBJAD7SV4,1,21,1,트럼프의 부인에도 보편 관세 계획 축소 전망은 여전하다.,원화 환율도 1460원 선으로 다시 올라갔다.,"트럼프의 이 발언이 나오자 달러인덱스는 단숨에 108.5까지 반등했고, 엔 달러 환율도 157엔을 회복했다.",ANZ 아시아 리서치 대표인 쿤 고는 로이터에 “트럼프가 부인했지만 워싱턴포스트의 보도가 사실일 가능성은 여전하다”며 “트럼프는 첫 번째 임기 때처럼 거래를 하려는 모습을 보일 것이며 관세 정책 역시 거래의 대상이 될 것”이라고 했다.,False,"현재 문장은 트럼프의 발언 및 그에 따른 금융 시장의 반응에 대한 의견 평가로서, 구체적인 수치나 통계적 변화를 주장하지 않습니다.",high,hcx,HCX-007,isclaim-v1.3-prev2-context,2026-08-05
A0048-C022,A0048,‘트럼프發 널뛰기’ 시작됐다… 6일밤 출렁댄 강달러,2025-01-08,https://www.chosun.com/economy/economy_general/2025/01/08/CE4Q7O7NMBGEZMFOWSBJAD7SV4,1,22,1,ANZ 아시아 리서치 대표인 쿤 고는 로이터에 “트럼프가 부인했지만 워싱턴포스트의 보도가 사실일 가능성은 여전하다”며 “트럼프는 첫 번째 임기 때처럼 거래를 하려는 모습을 보일 것이며 관세 정책 역시 거래의 대상이 될 것”이라고 했다.,트럼프의 부인에도 보편 관세 계획 축소 전망은 여전하다.,원화 환율도 1460원 선으로 다시 올라갔다.,◇원화 환율 1440원대 7일 서울 외환시장에서 달러 대비 원화 환율은 1453.5원에 마감(오후 3시 30분 기준)했다.,False,현재 문장은 단순한 의견 및 예측이므로 KOSIS 통계로 검증 가능한 수치나 통계적 변화를 주장하지 않는다.,high,hcx,HCX-007,isclaim-v1.3-prev2-context,2026-08-05
A0048-C023,A0048,‘트럼프發 널뛰기’ 시작됐다… 6일밤 출렁댄 강달러,2025-01-08,https://www.chosun.com/economy/economy_general/2025/01/08/CE4Q7O7NMBGEZMFOWSBJAD7SV4,1,23,1,◇원화 환율 1440원대 7일 서울 외환시장에서 달러 대비 원화 환율은 1453.5원에 마감(오후 3시 30분 기준)했다.,ANZ 아시아 리서치 대표인 쿤 고는 로이터에 “트럼프가 부인했지만 워싱턴포스트의 보도가 사실일 가능성은 여전하다”며 “트럼프는 첫 번째 임기 때처럼 거래를 하려는 모습을 보일 것이며 관세 정책 역시 거래의 대상이 될 것”이라고 했다.,트럼프의 부인에도 보편 관세 계획 축소 전망은 여전하다.,전날보다 16.2원 내렸다.,False,"현재 문장은 단순히 특정 시점에서의 원화 환율 정보를 제공하는 것으로, 이는 특정한 통계적 변화나 비교 없이 단순한 정보 전달이므로 KOSIS 통계로 검증 가능한 수치 주장이 아닙니다.",high,hcx,HCX-007,isclaim-v1.3-prev2-context,2026-08-05
A0048-C024,A0048,‘트럼프發 널뛰기’ 시작됐다… 6일밤 출렁댄 강달러,2025-01-08,https://www.chosun.com/economy/economy_general/2025/01/08/CE4Q7O7NMBGEZMFOWSBJAD7SV4,1,24,1,전날보다 16.2원 내렸다.,◇원화 환율 1440원대 7일 서울 외환시장에서 달러 대비 원화 환율은 1453.5원에 마감(오후 3시 30분 기준)했다.,ANZ 아시아 리서치 대표인 쿤 고는 로이터에 “트럼프가 부인했지만 워싱턴포스트의 보도가 사실일 가능성은 여전하다”며 “트럼프는 첫 번째 임기 때처럼 거래를 하려는 모습을 보일 것이며 관세 정책 역시 거래의 대상이 될 것”이라고 했다.,정규장 마감 후엔 1440원대에서 거래가 이뤄졌다.,True,"현재 문장은 원화의 환율이 전날보다 하락했다는 내용을 포함하며, 이는 KOSIS 국가통계포털에서 확인 가능한 경제 지표 중 하나인 환율 변동에 대한 정보이므로 검증 가능하다.",high,hcx,HCX-007,isclaim-v1.3-prev2-context,2026-08-05
A0048-C025,A0048,‘트럼프發 널뛰기’ 시작됐다… 6일밤 출렁댄 강달러,2025-01-08,https://www.chosun.com/economy/economy_general/2025/01/08/CE4Q7O7NMBGEZMFOWSBJAD7SV4,1,25,1,정규장 마감 후엔 1440원대에서 거래가 이뤄졌다.,전날보다 16.2원 내렸다.,◇원화 환율 1440원대 7일 서울 외환시장에서 달러 대비 원화 환율은 1453.5원에 마감(오후 3시 30분 기준)했다.,환율이 1450원선 아래로 내려간 것은 작년 12월 23일 이후 2주일 여만이다.,False,"현재 문장은 환율이 정규장 마감 후에 1440원대에서 거래되었다는 사실을 전달하지만, 이는 단순한 정보 제공으로서 수치나 비율 등의 변화를 주장하는 것이 아닙니다.",high,hcx,HCX-007,isclaim-v1.3-prev2-context,2026-08-05
A0048-C026,A0048,‘트럼프發 널뛰기’ 시작됐다… 6일밤 출렁댄 강달러,2025-01-08,https://www.chosun.com/economy/economy_general/2025/01/08/CE4Q7O7NMBGEZMFOWSBJAD7SV4,1,26,1,환율이 1450원선 아래로 내려간 것은 작년 12월 23일 이후 2주일 여만이다.,정규장 마감 후엔 1440원대에서 거래가 이뤄졌다.,전날보다 16.2원 내렸다.,"‘트럼프 관세 정책 후퇴’ 여파에, 이날 환 헤지 목적으로 국민연금에서 달러 매도세가 나왔고 3거래일 연속 외국인의 코스피 매수세가 이어져 환율을 끌어내렸다.",True,"환율 변동은 국가 경제와 관련된 중요한 지표로서, KOSIS를 통해 해당 시점에서의 환율 데이터를 확인할 수 있습니다.",high,hcx,HCX-007,isclaim-v1.3-prev2-context,2026-08-05
A0048-C027,A0048,‘트럼프發 널뛰기’ 시작됐다… 6일밤 출렁댄 강달러,2025-01-08,https://www.chosun.com/economy/economy_general/2025/01/08/CE4Q7O7NMBGEZMFOWSBJAD7SV4,1,27,1,"‘트럼프 관세 정책 후퇴’ 여파에, 이날 환 헤지 목적으로 국민연금에서 달러 매도세가 나왔고 3거래일 연속 외국인의 코스피 매수세가 이어져 환율을 끌어내렸다.",환율이 1450원선 아래로 내려간 것은 작년 12월 23일 이후 2주일 여만이다.,정규장 마감 후엔 1440원대에서 거래가 이뤄졌다.,하지만 원화 환율 하락세가 추세적으로 이어질지에 대해선 조심스러운 목소리가 많다.,False,"현재 문장은 환율 변동의 원인에 대한 설명을 하고 있으며, 특정한 수치나 통계적 변화를 주장하지 않습니다.",high,hcx,HCX-007,isclaim-v1.3-prev2-context,2026-08-05
A0048-C028,A0048,‘트럼프發 널뛰기’ 시작됐다… 6일밤 출렁댄 강달러,2025-01-08,https://www.chosun.com/economy/economy_general/2025/01/08/CE4Q7O7NMBGEZMFOWSBJAD7SV4,1,28,1,하지만 원화 환율 하락세가 추세적으로 이어질지에 대해선 조심스러운 목소리가 많다.,"‘트럼프 관세 정책 후퇴’ 여파에, 이날 환 헤지 목적으로 국민연금에서 달러 매도세가 나왔고 3거래일 연속 외국인의 코스피 매수세가 이어져 환율을 끌어내렸다.",환율이 1450원선 아래로 내려간 것은 작년 12월 23일 이후 2주일 여만이다.,"이민혁 KB국민은행 연구원은 “미국 고용지표 등 달러의 방향에 영향을 주는 지표들의 발표가 이어질 예정이기 때문에, 원화 환율 방향도 더 지켜봐야 한다”고 했다.",False,"현재 문장은 원화 환율 하락세의 지속 여부에 대한 일반적인 견해를 표현하며, 구체적인 수치나 통계적 변화를 언급하지 않습니다.",high,hcx,HCX-007,isclaim-v1.3-prev2-context,2026-08-05
A0048-C029,A0048,‘트럼프發 널뛰기’ 시작됐다… 6일밤 출렁댄 강달러,2025-01-08,https://www.chosun.com/economy/economy_general/2025/01/08/CE4Q7O7NMBGEZMFOWSBJAD7SV4,1,29,1,"이민혁 KB국민은행 연구원은 “미국 고용지표 등 달러의 방향에 영향을 주는 지표들의 발표가 이어질 예정이기 때문에, 원화 환율 방향도 더 지켜봐야 한다”고 했다.",하지만 원화 환율 하락세가 추세적으로 이어질지에 대해선 조심스러운 목소리가 많다.,"‘트럼프 관세 정책 후퇴’ 여파에, 이날 환 헤지 목적으로 국민연금에서 달러 매도세가 나왔고 3거래일 연속 외국인의 코스피 매수세가 이어져 환율을 끌어내렸다.",,False,"현재 문장은 미국 고용지표 등의 발표를 기다리며 원화 환율의 향후 방향을 예측하는 의견을 제시하고 있으며, 이는 단순한 의견 평가나 원인 설명이므로 KOSIS 통계로 검증 가능한 수치나 통계적 변화 방향에 대한 주장이 아닙니다.",high,hcx,HCX-007,isclaim-v1.3-prev2-context,2026-08-05
A0049-C001,A0049,테크 기업 너도나도 ‘AI 강자’ MS와 협업,2025-01-08,https://www.chosun.com/economy/economy_general/2025/01/08/JX6DUXZUURDF7NMNCKI42IFVGQ,1,1,1,"삼성전자, LG전자, 인텔, 하이센스.",,,올해 ‘CES2025’에서 이 같은 글로벌 기업들이 너도나도 마이크로소프트(MS)와 파트너십을 발표하고 나서면서 MS가 올해 CES의 숨은 주인공이라는 말까지 나온다.,False,"특정 기업의 이름을 나열한 것으로, 이는 집계 통계나 KOSIS에서 검증 가능한 수치 주장이 아닙니다.",high,hcx,HCX-007,isclaim-v1.3-prev2-context,2026-08-05
A0049-C002,A0049,테크 기업 너도나도 ‘AI 강자’ MS와 협업,2025-01-08,https://www.chosun.com/economy/economy_general/2025/01/08/JX6DUXZUURDF7NMNCKI42IFVGQ,1,2,1,올해 ‘CES2025’에서 이 같은 글로벌 기업들이 너도나도 마이크로소프트(MS)와 파트너십을 발표하고 나서면서 MS가 올해 CES의 숨은 주인공이라는 말까지 나온다.,"삼성전자, LG전자, 인텔, 하이센스.",,"국내 삼성전자와 LG전자는 물론이고 미국 인텔, 중국의 하이센스까지 세계 각국 기업들이 MS와 협업을 내세운 것이다.",False,"현재 문장은 특정 기업의 동향 및 관계 변화에 대한 내용으로, KOSIS에서 검증 가능한 수치나 통계적 변화를 주장하지 않습니다.",high,hcx,HCX-007,isclaim-v1.3-prev2-context,2026-08-05
A0049-C003,A0049,테크 기업 너도나도 ‘AI 강자’ MS와 협업,2025-01-08,https://www.chosun.com/economy/economy_general/2025/01/08/JX6DUXZUURDF7NMNCKI42IFVGQ,1,3,1,"국내 삼성전자와 LG전자는 물론이고 미국 인텔, 중국의 하이센스까지 세계 각국 기업들이 MS와 협업을 내세운 것이다.",올해 ‘CES2025’에서 이 같은 글로벌 기업들이 너도나도 마이크로소프트(MS)와 파트너십을 발표하고 나서면서 MS가 올해 CES의 숨은 주인공이라는 말까지 나온다.,"삼성전자, LG전자, 인텔, 하이센스.","MS가 코파일럿 등을 통해 인공지능(AI)을 실제 서비스로 구현하는 데 가장 앞장서고 있는 데다가, AI 학습과 서비스에 필수적인 클라우드 서비스 강자인 만큼 MS와 협업이 중요해졌다는 분석이 나온다.",False,"현재 문장은 여러 글로벌 기업들이 MS와의 협업 관계를 발표한 내용을 담고 있으며, 이는 특정한 수치나 통계적인 변화를 주장하는 내용이 아닙니다.",high,hcx,HCX-007,isclaim-v1.3-prev2-context,2026-08-05
A0049-C004,A0049,테크 기업 너도나도 ‘AI 강자’ MS와 협업,2025-01-08,https://www.chosun.com/economy/economy_general/2025/01/08/JX6DUXZUURDF7NMNCKI42IFVGQ,1,4,1,"MS가 코파일럿 등을 통해 인공지능(AI)을 실제 서비스로 구현하는 데 가장 앞장서고 있는 데다가, AI 학습과 서비스에 필수적인 클라우드 서비스 강자인 만큼 MS와 협업이 중요해졌다는 분석이 나온다.","국내 삼성전자와 LG전자는 물론이고 미국 인텔, 중국의 하이센스까지 세계 각국 기업들이 MS와 협업을 내세운 것이다.",올해 ‘CES2025’에서 이 같은 글로벌 기업들이 너도나도 마이크로소프트(MS)와 파트너십을 발표하고 나서면서 MS가 올해 CES의 숨은 주인공이라는 말까지 나온다.,CES2025 개막을 하루 앞둔 6일 라스베이거스 만덜레이베이 컨벤션 센터에서 열린 LG전자 미디어데이 무대에 저드슨 알소프 마이크로소프트 수석 부사장 겸 최고운영책임자(CCO)가 화상으로 등장했다.,False,"현재 문장은 MS의 AI 및 클라우드 서비스의 중요성에 대한 분석 의견을 제시하고 있으며, 이는 특정한 수치나 통계적 변화를 주장하는 것이 아닙니다.",high,hcx,HCX-007,isclaim-v1.3-prev2-context,2026-08-05
A0049-C005,A0049,테크 기업 너도나도 ‘AI 강자’ MS와 협업,2025-01-08,https://www.chosun.com/economy/economy_general/2025/01/08/JX6DUXZUURDF7NMNCKI42IFVGQ,1,5,1,CES2025 개막을 하루 앞둔 6일 라스베이거스 만덜레이베이 컨벤션 센터에서 열린 LG전자 미디어데이 무대에 저드슨 알소프 마이크로소프트 수석 부사장 겸 최고운영책임자(CCO)가 화상으로 등장했다.,"MS가 코파일럿 등을 통해 인공지능(AI)을 실제 서비스로 구현하는 데 가장 앞장서고 있는 데다가, AI 학습과 서비스에 필수적인 클라우드 서비스 강자인 만큼 MS와 협업이 중요해졌다는 분석이 나온다.","국내 삼성전자와 LG전자는 물론이고 미국 인텔, 중국의 하이센스까지 세계 각국 기업들이 MS와 협업을 내세운 것이다.",이날 무대에 오른 조주완 LG전자 최고경영자(CEO)는 마이크로소프트와의 전략적 파트너십을 전격 발표하며 “LG전자와 MS는 AI 기반 공간의 미래를 함께 만들어갈 것”이라고 말했다.,False,현재 문장은 이벤트에서의 인물 출연 및 활동에 대한 설명이므로 수치나 통계적 변화를 주장하지 않는다.,high,hcx,HCX-007,isclaim-v1.3-prev2-context,2026-08-05
A0049-C006,A0049,테크 기업 너도나도 ‘AI 강자’ MS와 협업,2025-01-08,https://www.chosun.com/economy/economy_general/2025/01/08/JX6DUXZUURDF7NMNCKI42IFVGQ,1,6,1,이날 무대에 오른 조주완 LG전자 최고경영자(CEO)는 마이크로소프트와의 전략적 파트너십을 전격 발표하며 “LG전자와 MS는 AI 기반 공간의 미래를 함께 만들어갈 것”이라고 말했다.,CES2025 개막을 하루 앞둔 6일 라스베이거스 만덜레이베이 컨벤션 센터에서 열린 LG전자 미디어데이 무대에 저드슨 알소프 마이크로소프트 수석 부사장 겸 최고운영책임자(CCO)가 화상으로 등장했다.,"MS가 코파일럿 등을 통해 인공지능(AI)을 실제 서비스로 구현하는 데 가장 앞장서고 있는 데다가, AI 학습과 서비스에 필수적인 클라우드 서비스 강자인 만큼 MS와 협업이 중요해졌다는 분석이 나온다.",비슷한 시각 인텔 행사장에서도 파반 다불루리 MS 부사장이 직접 무대에 등장했다.,False,"현재 문장은 LG전자와 마이크로소프트의 전략적 파트너십 및 협력 계획에 대한 내용으로, 수치나 통계적 변화를 주장하는 내용이 아닙니다.",high,hcx,HCX-007,isclaim-v1.3-prev2-context,2026-08-05
A0049-C007,A0049,테크 기업 너도나도 ‘AI 강자’ MS와 협업,2025-01-08,https://www.chosun.com/economy/economy_general/2025/01/08/JX6DUXZUURDF7NMNCKI42IFVGQ,1,7,1,비슷한 시각 인텔 행사장에서도 파반 다불루리 MS 부사장이 직접 무대에 등장했다.,이날 무대에 오른 조주완 LG전자 최고경영자(CEO)는 마이크로소프트와의 전략적 파트너십을 전격 발표하며 “LG전자와 MS는 AI 기반 공간의 미래를 함께 만들어갈 것”이라고 말했다.,CES2025 개막을 하루 앞둔 6일 라스베이거스 만덜레이베이 컨벤션 센터에서 열린 LG전자 미디어데이 무대에 저드슨 알소프 마이크로소프트 수석 부사장 겸 최고운영책임자(CCO)가 화상으로 등장했다.,전날 삼성전자는 신제품과 신기술을 선보이는 ‘퍼스트룩’ 행사에서 MS의 AI 서비스 ‘코파일럿’을 자사 모니터에 탑재한다고 밝혔다.,False,"현재 문장은 특정 기업의 이벤트 관련 내용으로, 수치나 통계적인 변화를 주장하지 않습니다.",high,hcx,HCX-007,isclaim-v1.3-prev2-context,2026-08-05
A0049-C008,A0049,테크 기업 너도나도 ‘AI 강자’ MS와 협업,2025-01-08,https://www.chosun.com/economy/economy_general/2025/01/08/JX6DUXZUURDF7NMNCKI42IFVGQ,1,8,1,전날 삼성전자는 신제품과 신기술을 선보이는 ‘퍼스트룩’ 행사에서 MS의 AI 서비스 ‘코파일럿’을 자사 모니터에 탑재한다고 밝혔다.,비슷한 시각 인텔 행사장에서도 파반 다불루리 MS 부사장이 직접 무대에 등장했다.,이날 무대에 오른 조주완 LG전자 최고경영자(CEO)는 마이크로소프트와의 전략적 파트너십을 전격 발표하며 “LG전자와 MS는 AI 기반 공간의 미래를 함께 만들어갈 것”이라고 말했다.,모니터에 코파일럿이 탑재되면 고객이 시청하고 있는 콘텐츠과 비슷한 콘텐츠 추천 기능 등을 제공할 수 있다.,False,"현재 문장은 삼성전자가 MS의 AI 서비스를 자사의 모니터에 탑재한다는 내용으로, 이는 단순한 기업의 기술 협력 및 제품 출시 정보에 해당합니다. 따라서 KOSIS 통계표로 검증 가능한 수치나 통계적 변화를 주장하는 내용이 아닙니다.",high,hcx,HCX-007,isclaim-v1.3-prev2-context,2026-08-05
A0049-C009,A0049,테크 기업 너도나도 ‘AI 강자’ MS와 협업,2025-01-08,https://www.chosun.com/economy/economy_general/2025/01/08/JX6DUXZUURDF7NMNCKI42IFVGQ,1,9,1,모니터에 코파일럿이 탑재되면 고객이 시청하고 있는 콘텐츠과 비슷한 콘텐츠 추천 기능 등을 제공할 수 있다.,전날 삼성전자는 신제품과 신기술을 선보이는 ‘퍼스트룩’ 행사에서 MS의 AI 서비스 ‘코파일럿’을 자사 모니터에 탑재한다고 밝혔다.,비슷한 시각 인텔 행사장에서도 파반 다불루리 MS 부사장이 직접 무대에 등장했다.,삼성전자는 앞으로 TV 제품에도 코파일럿 등 다양한 AI 서비스를 도입할 계획이다.,False,"현재 문장은 모니터에 코파일럿이 탑재되었을 때 제공하는 기능에 대한 설명이므로, 이는 KOSIS 통계와 관련이 없습니다.",high,hcx,HCX-007,isclaim-v1.3-prev2-context,2026-08-05
A0049-C010,A0049,테크 기업 너도나도 ‘AI 강자’ MS와 협업,2025-01-08,https://www.chosun.com/economy/economy_general/2025/01/08/JX6DUXZUURDF7NMNCKI42IFVGQ,1,10,1,삼성전자는 앞으로 TV 제품에도 코파일럿 등 다양한 AI 서비스를 도입할 계획이다.,모니터에 코파일럿이 탑재되면 고객이 시청하고 있는 콘텐츠과 비슷한 콘텐츠 추천 기능 등을 제공할 수 있다.,전날 삼성전자는 신제품과 신기술을 선보이는 ‘퍼스트룩’ 행사에서 MS의 AI 서비스 ‘코파일럿’을 자사 모니터에 탑재한다고 밝혔다.,이날 삼성 행사에선 무스타파 술레이만 MS AI CEO가 영상으로 등장해 “삼성과 MS의 협력을 통해 TV가 한 단계 진화할 것”이라고 했다.,False,"삼성전자가 TV 제품에 AI 서비스를 도입할 계획이라는 것은 단순한 기업의 전략 발표로서, 특정한 수치나 통계적인 변화를 주장하는 것이 아닙니다.",high,hcx,HCX-007,isclaim-v1.3-prev2-context,2026-08-05
A0049-C011,A0049,테크 기업 너도나도 ‘AI 강자’ MS와 협업,2025-01-08,https://www.chosun.com/economy/economy_general/2025/01/08/JX6DUXZUURDF7NMNCKI42IFVGQ,1,11,1,이날 삼성 행사에선 무스타파 술레이만 MS AI CEO가 영상으로 등장해 “삼성과 MS의 협력을 통해 TV가 한 단계 진화할 것”이라고 했다.,삼성전자는 앞으로 TV 제품에도 코파일럿 등 다양한 AI 서비스를 도입할 계획이다.,모니터에 코파일럿이 탑재되면 고객이 시청하고 있는 콘텐츠과 비슷한 콘텐츠 추천 기능 등을 제공할 수 있다.,중국 가전 기업 하이센스도 이번 CES에서 MS와 협력한 ‘스마트 키친’을 선보인다.,False,"현재 문장은 단순한 협력 발표 내용으로, 수치나 통계적인 변화를 주장하지 않는다.",high,hcx,HCX-007,isclaim-v1.3-prev2-context,2026-08-05
A0049-C012,A0049,테크 기업 너도나도 ‘AI 강자’ MS와 협업,2025-01-08,https://www.chosun.com/economy/economy_general/2025/01/08/JX6DUXZUURDF7NMNCKI42IFVGQ,1,12,1,중국 가전 기업 하이센스도 이번 CES에서 MS와 협력한 ‘스마트 키친’을 선보인다.,이날 삼성 행사에선 무스타파 술레이만 MS AI CEO가 영상으로 등장해 “삼성과 MS의 협력을 통해 TV가 한 단계 진화할 것”이라고 했다.,삼성전자는 앞으로 TV 제품에도 코파일럿 등 다양한 AI 서비스를 도입할 계획이다.,식성과 영양 목표 등을 고려해 각 개인에게 맞는 조리법을 제안하는 AI 기반 요리 도우미다.,False,"현재 문장은 특정 기업의 신제품 출시 및 협력 관계에 대한 정보 제공이므로, 이는 KOSIS에서 검증 가능한 수치나 통계적 변화와 관련이 없습니다.",high,hcx,HCX-007,isclaim-v1.3-prev2-context,2026-08-05
A0049-C013,A0049,테크 기업 너도나도 ‘AI 강자’ MS와 협업,2025-01-08,https://www.chosun.com/economy/economy_general/2025/01/08/JX6DUXZUURDF7NMNCKI42IFVGQ,1,13,1,식성과 영양 목표 등을 고려해 각 개인에게 맞는 조리법을 제안하는 AI 기반 요리 도우미다.,중국 가전 기업 하이센스도 이번 CES에서 MS와 협력한 ‘스마트 키친’을 선보인다.,이날 삼성 행사에선 무스타파 술레이만 MS AI CEO가 영상으로 등장해 “삼성과 MS의 협력을 통해 TV가 한 단계 진화할 것”이라고 했다.,이 하드웨어 기업들이 MS와 협업을 강조하고 나서는 건 MS가 AI 분야에서 각종 서비스와 설루션을 선도하고 있기 때문이다.,False,"현재 문장은 AI 기반 요리 도우미에 대한 설명을 하고 있으며, 이는 특정한 수치나 통계적인 변화를 주장하는 내용이 아닙니다.",high,hcx,HCX-007,isclaim-v1.3-prev2-context,2026-08-05
A0049-C014,A0049,테크 기업 너도나도 ‘AI 강자’ MS와 협업,2025-01-08,https://www.chosun.com/economy/economy_general/2025/01/08/JX6DUXZUURDF7NMNCKI42IFVGQ,1,14,1,이 하드웨어 기업들이 MS와 협업을 강조하고 나서는 건 MS가 AI 분야에서 각종 서비스와 설루션을 선도하고 있기 때문이다.,식성과 영양 목표 등을 고려해 각 개인에게 맞는 조리법을 제안하는 AI 기반 요리 도우미다.,중국 가전 기업 하이센스도 이번 CES에서 MS와 협력한 ‘스마트 키친’을 선보인다.,제품에 코파일럿을 입히면 오픈AI의 GPT 기반 생산성 도구를 하드웨어에 탑재하는 효과를 누릴 수 있다.,False,"현재 문장은 하드웨어 기업들이 MS와의 협력을 강조하는 이유에 대한 설명으로, 수치나 통계적인 변화를 주장하는 내용이 아닙니다.",high,hcx,HCX-007,isclaim-v1.3-prev2-context,2026-08-05
A0049-C015,A0049,테크 기업 너도나도 ‘AI 강자’ MS와 협업,2025-01-08,https://www.chosun.com/economy/economy_general/2025/01/08/JX6DUXZUURDF7NMNCKI42IFVGQ,1,15,1,제품에 코파일럿을 입히면 오픈AI의 GPT 기반 생산성 도구를 하드웨어에 탑재하는 효과를 누릴 수 있다.,이 하드웨어 기업들이 MS와 협업을 강조하고 나서는 건 MS가 AI 분야에서 각종 서비스와 설루션을 선도하고 있기 때문이다.,식성과 영양 목표 등을 고려해 각 개인에게 맞는 조리법을 제안하는 AI 기반 요리 도우미다.,이뿐만 아니라 AI가 학습과 서비스에 필수적인 클라우드 서비스 분야에서 협업 효과도 크다.,False,"현재 문장은 기술적인 기능 및 효과에 대한 설명이지, 수치나 통계적 변화를 주장하는 내용이 아닙니다.",high,hcx,HCX-007,isclaim-v1.3-prev2-context,2026-08-05
A0049-C016,A0049,테크 기업 너도나도 ‘AI 강자’ MS와 협업,2025-01-08,https://www.chosun.com/economy/economy_general/2025/01/08/JX6DUXZUURDF7NMNCKI42IFVGQ,1,16,1,이뿐만 아니라 AI가 학습과 서비스에 필수적인 클라우드 서비스 분야에서 협업 효과도 크다.,제품에 코파일럿을 입히면 오픈AI의 GPT 기반 생산성 도구를 하드웨어에 탑재하는 효과를 누릴 수 있다.,이 하드웨어 기업들이 MS와 협업을 강조하고 나서는 건 MS가 AI 분야에서 각종 서비스와 설루션을 선도하고 있기 때문이다.,"실제 CES에 앞서 지난해에만 일본 히타치, 유니레버, 아우디 등 기업과 파트너십을 맺었고, 국내에선 KT가 전략적 협업 관계를 맺고 함께 한국형 AI·클라우드, IT설루션·컨설팅 사업을 벌이기로 했다.",False,"현재 문장은 AI와 클라우드 서비스의 협업 효과에 대한 일반적인 설명을 하고 있으며, 구체적인 수치나 통계적 변화를 주장하지 않습니다.",high,hcx,HCX-007,isclaim-v1.3-prev2-context,2026-08-05
A0049-C017,A0049,테크 기업 너도나도 ‘AI 강자’ MS와 협업,2025-01-08,https://www.chosun.com/economy/economy_general/2025/01/08/JX6DUXZUURDF7NMNCKI42IFVGQ,1,17,1,"실제 CES에 앞서 지난해에만 일본 히타치, 유니레버, 아우디 등 기업과 파트너십을 맺었고, 국내에선 KT가 전략적 협업 관계를 맺고 함께 한국형 AI·클라우드, IT설루션·컨설팅 사업을 벌이기로 했다.",이뿐만 아니라 AI가 학습과 서비스에 필수적인 클라우드 서비스 분야에서 협업 효과도 크다.,제품에 코파일럿을 입히면 오픈AI의 GPT 기반 생산성 도구를 하드웨어에 탑재하는 효과를 누릴 수 있다.,,False,"현재 문장은 특정 기업들이 AI 및 클라우드 관련 파트너십을 맺었다는 내용으로, 이는 단순한 협력 관계나 사업 계획에 대한 정보이지 수치나 통계적 변화를 주장하는 내용이 아닙니다.",high,hcx,HCX-007,isclaim-v1.3-prev2-context,2026-08-05
A0050-C001,A0050,"“한국, 저성장 해결하기 위해 ‘無자녀세’ 도입 검토해야”",2025-01-08,https://www.chosun.com/economy/economy_general/2025/01/08/KKZ7ZPJITFF3REAOSU2JRXUWCA,1,1,1,"“앞으로 2년간 강달러가 유지되다가, 2027년쯤 달러 가치가 급락할 가능성이 있습니다.",,,“ 거시·금융 경제학계의 세계적인 석학 중 한 명인 찰스 굿하트(88) 런던정경대(LSE) 명예교수는 최근 본지와 화상 인터뷰에서 이렇게 달러의 운명을 진단했다.,False,"현재 문장은 향후 달러 가치 변동에 대한 예측이므로, 이는 단순한 의견 평가나 추정에 해당합니다.",high,hcx,HCX-007,isclaim-v1.3-prev2-context,2026-08-05
A0050-C002,A0050,"“한국, 저성장 해결하기 위해 ‘無자녀세’ 도입 검토해야”",2025-01-08,https://www.chosun.com/economy/economy_general/2025/01/08/KKZ7ZPJITFF3REAOSU2JRXUWCA,1,2,1,“ 거시·금융 경제학계의 세계적인 석학 중 한 명인 찰스 굿하트(88) 런던정경대(LSE) 명예교수는 최근 본지와 화상 인터뷰에서 이렇게 달러의 운명을 진단했다.,"“앞으로 2년간 강달러가 유지되다가, 2027년쯤 달러 가치가 급락할 가능성이 있습니다.",,그는 ‘굿하트 법칙’으로 유명하다.,False,"현재 문장은 찰스 굿하트 교수의 의견을 전달하며, 이는 단순한 의견 평가나 예측이므로 KOSIS 통계로 검증 가능한 수치나 통계적 변화에 대한 주장이 아닙니다.",high,hcx,HCX-007,isclaim-v1.3-prev2-context,2026-08-05
A0050-C003,A0050,"“한국, 저성장 해결하기 위해 ‘無자녀세’ 도입 검토해야”",2025-01-08,https://www.chosun.com/economy/economy_general/2025/01/08/KKZ7ZPJITFF3REAOSU2JRXUWCA,1,3,1,그는 ‘굿하트 법칙’으로 유명하다.,“ 거시·금융 경제학계의 세계적인 석학 중 한 명인 찰스 굿하트(88) 런던정경대(LSE) 명예교수는 최근 본지와 화상 인터뷰에서 이렇게 달러의 운명을 진단했다.,"“앞으로 2년간 강달러가 유지되다가, 2027년쯤 달러 가치가 급락할 가능성이 있습니다.",이 법칙은 정책 담당자가 통화량이나 주택 가격 같은 경제지표를 낮추거나 높이기 위한 조치를 취하면 해당 지표는 경제지표로서의 가치를 잃는다는 내용이다.,False,"현재 문장은 찰스 굿하트가 '굿하트 법칙'으로 유명하다는 단순한 사실을 언급하며, 이는 수치나 통계적인 변화를 주장하는 것이 아닙니다.",high,hcx,HCX-007,isclaim-v1.3-prev2-context,2026-08-05
A0050-C004,A0050,"“한국, 저성장 해결하기 위해 ‘無자녀세’ 도입 검토해야”",2025-01-08,https://www.chosun.com/economy/economy_general/2025/01/08/KKZ7ZPJITFF3REAOSU2JRXUWCA,1,4,1,이 법칙은 정책 담당자가 통화량이나 주택 가격 같은 경제지표를 낮추거나 높이기 위한 조치를 취하면 해당 지표는 경제지표로서의 가치를 잃는다는 내용이다.,그는 ‘굿하트 법칙’으로 유명하다.,“ 거시·금융 경제학계의 세계적인 석학 중 한 명인 찰스 굿하트(88) 런던정경대(LSE) 명예교수는 최근 본지와 화상 인터뷰에서 이렇게 달러의 운명을 진단했다.,그는 인구경제학의 전문가이기도 하다.,False,"현재 문장은 경제 이론에 대한 설명을 포함하고 있으며, 특정한 수치나 통계적 변화를 주장하지 않습니다.",high,hcx,HCX-007,isclaim-v1.3-prev2-context,2026-08-05
A0050-C005,A0050,"“한국, 저성장 해결하기 위해 ‘無자녀세’ 도입 검토해야”",2025-01-08,https://www.chosun.com/economy/economy_general/2025/01/08/KKZ7ZPJITFF3REAOSU2JRXUWCA,1,5,1,그는 인구경제학의 전문가이기도 하다.,이 법칙은 정책 담당자가 통화량이나 주택 가격 같은 경제지표를 낮추거나 높이기 위한 조치를 취하면 해당 지표는 경제지표로서의 가치를 잃는다는 내용이다.,그는 ‘굿하트 법칙’으로 유명하다.,2021년 ‘인구대역전’이라는 저서를 통해 앞으로 변할 인구 구조에 따라 인플레이션의 시대가 올 것이라고 예측했다.,False,"현재 문장은 단순히 그가 인구경제학 전문가라는 사실을 언급하고 있으며, 이는 어떠한 수치나 통계적인 변화를 주장하는 내용이 아닙니다.",high,hcx,HCX-007,isclaim-v1.3-prev2-context,2026-08-05
A0050-C006,A0050,"“한국, 저성장 해결하기 위해 ‘無자녀세’ 도입 검토해야”",2025-01-08,https://www.chosun.com/economy/economy_general/2025/01/08/KKZ7ZPJITFF3REAOSU2JRXUWCA,1,6,1,2021년 ‘인구대역전’이라는 저서를 통해 앞으로 변할 인구 구조에 따라 인플레이션의 시대가 올 것이라고 예측했다.,그는 인구경제학의 전문가이기도 하다.,이 법칙은 정책 담당자가 통화량이나 주택 가격 같은 경제지표를 낮추거나 높이기 위한 조치를 취하면 해당 지표는 경제지표로서의 가치를 잃는다는 내용이다.,고령화로 인해 의료비나 사회복지 서비스 비용 등이 오르다 보니 전 세계가 인플레이션을 겪을 것이라는 게 그의 주장이다.,False,"현재 문장은 인구 구조 변화에 따른 인플레이션 예측에 대한 의견을 제시하지만, 이는 단순한 의견 평가나 원인 설명이므로 KOSIS 통계로 검증 가능한 수치나 변화 방향을 주장하지 않습니다.",high,hcx,HCX-007,isclaim-v1.3-prev2-context,2026-08-05
A0050-C007,A0050,"“한국, 저성장 해결하기 위해 ‘無자녀세’ 도입 검토해야”",2025-01-08,https://www.chosun.com/economy/economy_general/2025/01/08/KKZ7ZPJITFF3REAOSU2JRXUWCA,1,7,1,고령화로 인해 의료비나 사회복지 서비스 비용 등이 오르다 보니 전 세계가 인플레이션을 겪을 것이라는 게 그의 주장이다.,2021년 ‘인구대역전’이라는 저서를 통해 앞으로 변할 인구 구조에 따라 인플레이션의 시대가 올 것이라고 예측했다.,그는 인구경제학의 전문가이기도 하다.,"한국을 여러 차례 방문했던 그는 이번 인터뷰에서 한국 경제의 저성장에 대해 “0.7명에 불과한 낮은 출산율이 원인”이라고 진단하며, 그 해법으로 아이를 낳지 않는 사람들에게 높은 세금을 물리는 이른바 ‘무자녀세(無子女稅)’ 도입 등이 필요하다고 제언했다.",True,"문장에서 고령화로 인한 의료비와 사회복지 서비스 비용 상승이 전 세계적인 인플레이션을 초래할 것이라는 주장을 하고 있으며, 이는 인구 구조 변화에 따른 경제적 영향을 설명하는 내용으로 국가 통계 포털(KOSIS)에서 관련 통계를 통해 검증할 수 있을 것으로 보인다.",high,hcx,HCX-007,isclaim-v1.3-prev2-context,2026-08-05
A0050-C008,A0050,"“한국, 저성장 해결하기 위해 ‘無자녀세’ 도입 검토해야”",2025-01-08,https://www.chosun.com/economy/economy_general/2025/01/08/KKZ7ZPJITFF3REAOSU2JRXUWCA,1,8,1,"한국을 여러 차례 방문했던 그는 이번 인터뷰에서 한국 경제의 저성장에 대해 “0.7명에 불과한 낮은 출산율이 원인”이라고 진단하며, 그 해법으로 아이를 낳지 않는 사람들에게 높은 세금을 물리는 이른바 ‘무자녀세(無子女稅)’ 도입 등이 필요하다고 제언했다.",고령화로 인해 의료비나 사회복지 서비스 비용 등이 오르다 보니 전 세계가 인플레이션을 겪을 것이라는 게 그의 주장이다.,2021년 ‘인구대역전’이라는 저서를 통해 앞으로 변할 인구 구조에 따라 인플레이션의 시대가 올 것이라고 예측했다.,–올해 미국 경제는 어떻게 될까.,True,"현재 문장은 한국의 낮은 출산율(0.7명)이 한국 경제의 저성장의 원인이라고 주장하고 있으며, 이는 KOSIS 등의 국가통계포털에서 확인 가능한 인구 관련 통계 자료로 검증 가능하다.",high,hcx,HCX-007,isclaim-v1.3-prev2-context,2026-08-05
A0050-C009,A0050,"“한국, 저성장 해결하기 위해 ‘無자녀세’ 도입 검토해야”",2025-01-08,https://www.chosun.com/economy/economy_general/2025/01/08/KKZ7ZPJITFF3REAOSU2JRXUWCA,1,9,1,–올해 미국 경제는 어떻게 될까.,"한국을 여러 차례 방문했던 그는 이번 인터뷰에서 한국 경제의 저성장에 대해 “0.7명에 불과한 낮은 출산율이 원인”이라고 진단하며, 그 해법으로 아이를 낳지 않는 사람들에게 높은 세금을 물리는 이른바 ‘무자녀세(無子女稅)’ 도입 등이 필요하다고 제언했다.",고령화로 인해 의료비나 사회복지 서비스 비용 등이 오르다 보니 전 세계가 인플레이션을 겪을 것이라는 게 그의 주장이다.,"“앞으로 세계 경제에는 각종 정치 상황이 매우 중요한 영향을 끼칠 것이다. 특히 트럼프 당선인이 우크라이나 전쟁을 종식시키고, 중동 긴장도 누그러지면 세계 에너지 가격이 크게 떨어질 수 있다. 이 경우 미국 경제는 향후 2년 동안 저물가에 고성장이라는 최고의 상황을 맞게 된다. 트럼프는 금리를 낮춰 자신이 원하는 재정 정책을 펼 수 있게 된다. 트럼프 초기 2년 동안 미국 경제는 매우 성공적인 것처럼 보일 것이다.”",False,현재 문장은 올해 미국 경제에 대한 단순한 질문이므로 수치나 통계적 변화를 주장하지 않습니다.,high,hcx,HCX-007,isclaim-v1.3-prev2-context,2026-08-05
A0050-C010,A0050,"“한국, 저성장 해결하기 위해 ‘無자녀세’ 도입 검토해야”",2025-01-08,https://www.chosun.com/economy/economy_general/2025/01/08/KKZ7ZPJITFF3REAOSU2JRXUWCA,1,10,1,"“앞으로 세계 경제에는 각종 정치 상황이 매우 중요한 영향을 끼칠 것이다. 특히 트럼프 당선인이 우크라이나 전쟁을 종식시키고, 중동 긴장도 누그러지면 세계 에너지 가격이 크게 떨어질 수 있다. 이 경우 미국 경제는 향후 2년 동안 저물가에 고성장이라는 최고의 상황을 맞게 된다. 트럼프는 금리를 낮춰 자신이 원하는 재정 정책을 펼 수 있게 된다. 트럼프 초기 2년 동안 미국 경제는 매우 성공적인 것처럼 보일 것이다.”",–올해 미국 경제는 어떻게 될까.,"한국을 여러 차례 방문했던 그는 이번 인터뷰에서 한국 경제의 저성장에 대해 “0.7명에 불과한 낮은 출산율이 원인”이라고 진단하며, 그 해법으로 아이를 낳지 않는 사람들에게 높은 세금을 물리는 이른바 ‘무자녀세(無子女稅)’ 도입 등이 필요하다고 제언했다.",–전 세계가 미국 달러 강세 때문에 어려움을 겪고 있다.,False,"현재 문장은 세계 경제 및 미국 경제 상황에 대한 예측과 전망을 다루고 있으며, 이는 특정한 수치나 통계적 변화를 주장하는 것이 아닙니다.",high,hcx,HCX-007,isclaim-v1.3-prev2-context,2026-08-05
A0050-C011,A0050,"“한국, 저성장 해결하기 위해 ‘無자녀세’ 도입 검토해야”",2025-01-08,https://www.chosun.com/economy/economy_general/2025/01/08/KKZ7ZPJITFF3REAOSU2JRXUWCA,1,11,1,–전 세계가 미국 달러 강세 때문에 어려움을 겪고 있다.,"“앞으로 세계 경제에는 각종 정치 상황이 매우 중요한 영향을 끼칠 것이다. 특히 트럼프 당선인이 우크라이나 전쟁을 종식시키고, 중동 긴장도 누그러지면 세계 에너지 가격이 크게 떨어질 수 있다. 이 경우 미국 경제는 향후 2년 동안 저물가에 고성장이라는 최고의 상황을 맞게 된다. 트럼프는 금리를 낮춰 자신이 원하는 재정 정책을 펼 수 있게 된다. 트럼프 초기 2년 동안 미국 경제는 매우 성공적인 것처럼 보일 것이다.”",–올해 미국 경제는 어떻게 될까.,“강달러는 2년 동안 이어질 것이다. 그러다 2026년쯤 되면 트럼프는 (경제 활성화를 위해) 연방준비제도에 금리 인상을 억제하라고 압력을 가할 가능성이 크다. 금리 인상이 억제되면 달러 가치는 급격히 떨어질 가능성이 크다.”,False,"현재 문장은 전 세계가 미국 달러 강세 때문에 어려움을 겪고 있다는 일반적인 서술로서, 구체적인 수치나 비율 등의 통계적 변화를 주장하지 않습니다.",high,hcx,HCX-007,isclaim-v1.3-prev2-context,2026-08-05
A0050-C012,A0050,"“한국, 저성장 해결하기 위해 ‘無자녀세’ 도입 검토해야”",2025-01-08,https://www.chosun.com/economy/economy_general/2025/01/08/KKZ7ZPJITFF3REAOSU2JRXUWCA,1,12,1,“강달러는 2년 동안 이어질 것이다. 그러다 2026년쯤 되면 트럼프는 (경제 활성화를 위해) 연방준비제도에 금리 인상을 억제하라고 압력을 가할 가능성이 크다. 금리 인상이 억제되면 달러 가치는 급격히 떨어질 가능성이 크다.”,–전 세계가 미국 달러 강세 때문에 어려움을 겪고 있다.,"“앞으로 세계 경제에는 각종 정치 상황이 매우 중요한 영향을 끼칠 것이다. 특히 트럼프 당선인이 우크라이나 전쟁을 종식시키고, 중동 긴장도 누그러지면 세계 에너지 가격이 크게 떨어질 수 있다. 이 경우 미국 경제는 향후 2년 동안 저물가에 고성장이라는 최고의 상황을 맞게 된다. 트럼프는 금리를 낮춰 자신이 원하는 재정 정책을 펼 수 있게 된다. 트럼프 초기 2년 동안 미국 경제는 매우 성공적인 것처럼 보일 것이다.”",–트럼프 2기 내내 호황일까.,True,현재 문장은 '금리 인상 억제로 인해 달러 가치가 급격히 떨어질 가능성'을 언급하며 이는 통화 정책 및 환율 변화에 대한 예측이므로 KOSIS 통계로 검증 가능하다.,high,hcx,HCX-007,isclaim-v1.3-prev2-context,2026-08-05
A0050-C013,A0050,"“한국, 저성장 해결하기 위해 ‘無자녀세’ 도입 검토해야”",2025-01-08,https://www.chosun.com/economy/economy_general/2025/01/08/KKZ7ZPJITFF3REAOSU2JRXUWCA,1,13,1,–트럼프 2기 내내 호황일까.,“강달러는 2년 동안 이어질 것이다. 그러다 2026년쯤 되면 트럼프는 (경제 활성화를 위해) 연방준비제도에 금리 인상을 억제하라고 압력을 가할 가능성이 크다. 금리 인상이 억제되면 달러 가치는 급격히 떨어질 가능성이 크다.”,–전 세계가 미국 달러 강세 때문에 어려움을 겪고 있다.,“2026년 말부터 물가가 폭등하면서 미국 경제가 매우 어려움에 빠질 가능성이 크다. 트럼프가 내세운 세금 감면이나 관세 부과 등으로 인해 2026년 하반기부터 미국 채권 금리는 큰 폭으로 오를 것이다. 이로 인해 큰 어려움에 빠질 가능성이 크다.”,False,"현재 문장은 단순한 의견이나 평가로서, 특정한 수치나 통계적인 변화를 주장하지 않습니다.",high,hcx,HCX-007,isclaim-v1.3-prev2-context,2026-08-05
A0050-C014,A0050,"“한국, 저성장 해결하기 위해 ‘無자녀세’ 도입 검토해야”",2025-01-08,https://www.chosun.com/economy/economy_general/2025/01/08/KKZ7ZPJITFF3REAOSU2JRXUWCA,1,14,1,“2026년 말부터 물가가 폭등하면서 미국 경제가 매우 어려움에 빠질 가능성이 크다. 트럼프가 내세운 세금 감면이나 관세 부과 등으로 인해 2026년 하반기부터 미국 채권 금리는 큰 폭으로 오를 것이다. 이로 인해 큰 어려움에 빠질 가능성이 크다.”,–트럼프 2기 내내 호황일까.,“강달러는 2년 동안 이어질 것이다. 그러다 2026년쯤 되면 트럼프는 (경제 활성화를 위해) 연방준비제도에 금리 인상을 억제하라고 압력을 가할 가능성이 크다. 금리 인상이 억제되면 달러 가치는 급격히 떨어질 가능성이 크다.”,–세계 경제에서 미국만 독주하는데.,True,"현재 문장은 미국의 경제 상황에 대한 예측 및 변화를 언급하며, 특히 채권 금리의 상승과 그로 인한 경제적 어려움을 주장합니다.",mid,hcx,HCX-007,isclaim-v1.3-prev2-context,2026-08-05
A0050-C016,A0050,"“한국, 저성장 해결하기 위해 ‘無자녀세’ 도입 검토해야”",2025-01-08,https://www.chosun.com/economy/economy_general/2025/01/08/KKZ7ZPJITFF3REAOSU2JRXUWCA,1,16,1,"“각국 경제는 점점 서비스 지향적으로 바뀌고 있다. 이런 상황에서 중동이나 아프리카 국가 일부를 제외하면 노동 인구는 감소하고 있다. 성장이 둔화할 수밖에 없는 상황이다. 저금리 시대가 끝나가는 점도 악재다. 과거 세계는 아시아, 특히 값싼 노동력이 많은 중국으로 생산지를 옮겨 금리를 낮게 유지할 수 있었다. 이를 통해 걱정 없이 재정 정책을 펼 수 있었고, 경제 성장률이 금리보다 높았다. 이제는 반대 현상이 나타나고 있다. 특히 유럽은 정치·경제 어려움 때문에 미국보다 훨씬 더 빠르게 성장세가 둔화하면서 금리와 성장률이 역전됐다. 유럽의 저성장 문제는 이어질 것으로 본다.”",–세계 경제에서 미국만 독주하는데.,“2026년 말부터 물가가 폭등하면서 미국 경제가 매우 어려움에 빠질 가능성이 크다. 트럼프가 내세운 세금 감면이나 관세 부과 등으로 인해 2026년 하반기부터 미국 채권 금리는 큰 폭으로 오를 것이다. 이로 인해 큰 어려움에 빠질 가능성이 크다.”,–한국도 성장률이 1%대로 떨어질 것이라는 우울한 전망이다.,False,"현재 문장은 각국의 경제 상황에 대한 일반적인 분석 및 예측을 포함하고 있으며, 구체적인 수치나 비율 등의 통계를 주장하지 않습니다.",high,hcx,HCX-007,isclaim-v1.3-prev2-context,2026-08-05
A0050-C018,A0050,"“한국, 저성장 해결하기 위해 ‘無자녀세’ 도입 검토해야”",2025-01-08,https://www.chosun.com/economy/economy_general/2025/01/08/KKZ7ZPJITFF3REAOSU2JRXUWCA,1,18,1,"“한국이 겪는 어려움에는 0.7명이라는 낮은 출산율이 영향을 끼쳤다. 누구나 나이가 들면 능력이 떨어지고, 몸이 아프다. 그러면 병원에 가서 치료해야 하는데, 이는 경제활동을 하는 젊은 사람들이 내는 세금이 있어야 가능하다. 어떤 이유에서든 자녀가 없는 사람들은 늙었을 때 다른 사람의 자녀가 내는 세금으로 살아야 한다. 이 상황이 공평하지 않다는 것을 인식해야 한다. 이를 해결하기 위해서는 자녀가 있는 사람들의 세금은 낮추고, 없는 사람의 세금을 높이는 식으로 세금 체계를 바꿀 필요가 있다.”",–한국도 성장률이 1%대로 떨어질 것이라는 우울한 전망이다.,"“각국 경제는 점점 서비스 지향적으로 바뀌고 있다. 이런 상황에서 중동이나 아프리카 국가 일부를 제외하면 노동 인구는 감소하고 있다. 성장이 둔화할 수밖에 없는 상황이다. 저금리 시대가 끝나가는 점도 악재다. 과거 세계는 아시아, 특히 값싼 노동력이 많은 중국으로 생산지를 옮겨 금리를 낮게 유지할 수 있었다. 이를 통해 걱정 없이 재정 정책을 펼 수 있었고, 경제 성장률이 금리보다 높았다. 이제는 반대 현상이 나타나고 있다. 특히 유럽은 정치·경제 어려움 때문에 미국보다 훨씬 더 빠르게 성장세가 둔화하면서 금리와 성장률이 역전됐다. 유럽의 저성장 문제는 이어질 것으로 본다.”",–한국은 미국과 중국 사이 어떤 전략을 세워야 하나.,True,"현재 문장은 한국의 낮은 출산율(0.7명)이 경제적 어려움에 영향을 미친다는 내용을 포함하며, 이는 인구 및 고용 관련 통계로서 KOSIS에서 검증 가능한 내용이다.",high,hcx,HCX-007,isclaim-v1.3-prev2-context,2026-08-05
A0050-C020,A0050,"“한국, 저성장 해결하기 위해 ‘無자녀세’ 도입 검토해야”",2025-01-08,https://www.chosun.com/economy/economy_general/2025/01/08/KKZ7ZPJITFF3REAOSU2JRXUWCA,1,20,1,“우크라이나 전쟁이 성공적으로 끝나면 아시아의 긴장도 조금 누그러질 것이다. 미·중 간의 갈등도 악화하지 않을 것이다. 미·중 갈등은 과거 트럼프 대통령 집권 때문에 나타난 현상은 아니다. 중국에 대한 각종 제재에는 미국 공화당과 민주당 모두 관여했다. 트럼프는 장사꾼이라는 사실을 잊으면 안 된다.”,–한국은 미국과 중국 사이 어떤 전략을 세워야 하나.,"“한국이 겪는 어려움에는 0.7명이라는 낮은 출산율이 영향을 끼쳤다. 누구나 나이가 들면 능력이 떨어지고, 몸이 아프다. 그러면 병원에 가서 치료해야 하는데, 이는 경제활동을 하는 젊은 사람들이 내는 세금이 있어야 가능하다. 어떤 이유에서든 자녀가 없는 사람들은 늙었을 때 다른 사람의 자녀가 내는 세금으로 살아야 한다. 이 상황이 공평하지 않다는 것을 인식해야 한다. 이를 해결하기 위해서는 자녀가 있는 사람들의 세금은 낮추고, 없는 사람의 세금을 높이는 식으로 세금 체계를 바꿀 필요가 있다.”","–트럼프 시대, 한국 경제는 어떤 점에 신경 써야 할까.",False,"현재 문장은 우크라이나 전쟁과 미·중 갈등에 관한 정치적 분석 및 예측을 담고 있으며, 수치나 통계적인 변화를 주장하지 않습니다.",high,hcx,HCX-007,isclaim-v1.3-prev2-context,2026-08-05
A0050-C021,A0050,"“한국, 저성장 해결하기 위해 ‘無자녀세’ 도입 검토해야”",2025-01-08,https://www.chosun.com/economy/economy_general/2025/01/08/KKZ7ZPJITFF3REAOSU2JRXUWCA,1,21,1,"–트럼프 시대, 한국 경제는 어떤 점에 신경 써야 할까.",“우크라이나 전쟁이 성공적으로 끝나면 아시아의 긴장도 조금 누그러질 것이다. 미·중 간의 갈등도 악화하지 않을 것이다. 미·중 갈등은 과거 트럼프 대통령 집권 때문에 나타난 현상은 아니다. 중국에 대한 각종 제재에는 미국 공화당과 민주당 모두 관여했다. 트럼프는 장사꾼이라는 사실을 잊으면 안 된다.”,–한국은 미국과 중국 사이 어떤 전략을 세워야 하나.,"“우선 물가 등의 변화에 신경 써야 한다. 트럼프 초기에는 강달러로 인해 한국에서는 곡물, 육류, 원자재, 식료품 가격이 전반적으로 상승할 수 있다. 이 경우 어떻게 할 것인지 따져봐야 한다. 거시 경제에 미치는 영향을 걱정하기보다는 미시 경제의 변화, 수입과 수출 상품 간의 상대적 가격 변화 등에 훨씬 더 주의를 기울여야 한다.”",False,"현재 문장은 단순한 질문 형태로, 특정한 수치나 통계적 변화를 주장하는 내용이 아닙니다.",high,hcx,HCX-007,isclaim-v1.3-prev2-context,2026-08-05
A0050-C022,A0050,"“한국, 저성장 해결하기 위해 ‘無자녀세’ 도입 검토해야”",2025-01-08,https://www.chosun.com/economy/economy_general/2025/01/08/KKZ7ZPJITFF3REAOSU2JRXUWCA,1,22,1,"“우선 물가 등의 변화에 신경 써야 한다. 트럼프 초기에는 강달러로 인해 한국에서는 곡물, 육류, 원자재, 식료품 가격이 전반적으로 상승할 수 있다. 이 경우 어떻게 할 것인지 따져봐야 한다. 거시 경제에 미치는 영향을 걱정하기보다는 미시 경제의 변화, 수입과 수출 상품 간의 상대적 가격 변화 등에 훨씬 더 주의를 기울여야 한다.”","–트럼프 시대, 한국 경제는 어떤 점에 신경 써야 할까.",“우크라이나 전쟁이 성공적으로 끝나면 아시아의 긴장도 조금 누그러질 것이다. 미·중 간의 갈등도 악화하지 않을 것이다. 미·중 갈등은 과거 트럼프 대통령 집권 때문에 나타난 현상은 아니다. 중국에 대한 각종 제재에는 미국 공화당과 민주당 모두 관여했다. 트럼프는 장사꾼이라는 사실을 잊으면 안 된다.”,☞찰스 굿하트 1936년 영국 옥스퍼드에서 태어났다.,False,"현재 문장은 물가와 관련된 일반적인 경제 상황에 대해 논의하고 있으며, 특정한 수치나 비율 등을 언급하지 않고 있습니다. 따라서 이는 KOSIS 통계로 검증 가능한 수치나 변화 방향을 주장하는 것이 아닙니다.",high,hcx,HCX-007,isclaim-v1.3-prev2-context,2026-08-05
A0050-C023,A0050,"“한국, 저성장 해결하기 위해 ‘無자녀세’ 도입 검토해야”",2025-01-08,https://www.chosun.com/economy/economy_general/2025/01/08/KKZ7ZPJITFF3REAOSU2JRXUWCA,1,23,1,☞찰스 굿하트 1936년 영국 옥스퍼드에서 태어났다.,"“우선 물가 등의 변화에 신경 써야 한다. 트럼프 초기에는 강달러로 인해 한국에서는 곡물, 육류, 원자재, 식료품 가격이 전반적으로 상승할 수 있다. 이 경우 어떻게 할 것인지 따져봐야 한다. 거시 경제에 미치는 영향을 걱정하기보다는 미시 경제의 변화, 수입과 수출 상품 간의 상대적 가격 변화 등에 훨씬 더 주의를 기울여야 한다.”","–트럼프 시대, 한국 경제는 어떤 점에 신경 써야 할까.",영국 케임브리지대에서 경제학을 전공하고 미국 하버드대에서 경제학 박사 학위를 받았다.,False,"현재 문장은 찰스 굿하트의 출생 정보에 대한 단순한 사실 진술로, 수치나 통계적인 변화를 주장하지 않습니다.",high,hcx,HCX-007,isclaim-v1.3-prev2-context,2026-08-05
A0050-C024,A0050,"“한국, 저성장 해결하기 위해 ‘無자녀세’ 도입 검토해야”",2025-01-08,https://www.chosun.com/economy/economy_general/2025/01/08/KKZ7ZPJITFF3REAOSU2JRXUWCA,1,24,1,영국 케임브리지대에서 경제학을 전공하고 미국 하버드대에서 경제학 박사 학위를 받았다.,☞찰스 굿하트 1936년 영국 옥스퍼드에서 태어났다.,"“우선 물가 등의 변화에 신경 써야 한다. 트럼프 초기에는 강달러로 인해 한국에서는 곡물, 육류, 원자재, 식료품 가격이 전반적으로 상승할 수 있다. 이 경우 어떻게 할 것인지 따져봐야 한다. 거시 경제에 미치는 영향을 걱정하기보다는 미시 경제의 변화, 수입과 수출 상품 간의 상대적 가격 변화 등에 훨씬 더 주의를 기울여야 한다.”",이후 케임브리지대·런던정경대 교수로 학생들을 가르쳤다.,False,"현재 문장은 찰스 굿하트의 학력에 대한 정보로, 수치나 통계적인 변화를 주장하는 내용이 아닙니다.",high,hcx,HCX-007,isclaim-v1.3-prev2-context,2026-08-05
A0050-C025,A0050,"“한국, 저성장 해결하기 위해 ‘無자녀세’ 도입 검토해야”",2025-01-08,https://www.chosun.com/economy/economy_general/2025/01/08/KKZ7ZPJITFF3REAOSU2JRXUWCA,1,25,1,이후 케임브리지대·런던정경대 교수로 학생들을 가르쳤다.,영국 케임브리지대에서 경제학을 전공하고 미국 하버드대에서 경제학 박사 학위를 받았다.,☞찰스 굿하트 1936년 영국 옥스퍼드에서 태어났다.,"1997년부터 3년간 영국은행 통화정책위원회(MPC) 위원을 지냈고, 2009~2016년 글로벌 투자은행 모건스탠리에서 컨설턴트로도 일했다.",False,"현재 문장은 찰스 굿하트의 경력에 대한 정보로, 수치나 통계적인 변화를 주장하는 내용이 아닙니다.",high,hcx,HCX-007,isclaim-v1.3-prev2-context,2026-08-05
A0050-C026,A0050,"“한국, 저성장 해결하기 위해 ‘無자녀세’ 도입 검토해야”",2025-01-08,https://www.chosun.com/economy/economy_general/2025/01/08/KKZ7ZPJITFF3REAOSU2JRXUWCA,1,26,1,"1997년부터 3년간 영국은행 통화정책위원회(MPC) 위원을 지냈고, 2009~2016년 글로벌 투자은행 모건스탠리에서 컨설턴트로도 일했다.",이후 케임브리지대·런던정경대 교수로 학생들을 가르쳤다.,영국 케임브리지대에서 경제학을 전공하고 미국 하버드대에서 경제학 박사 학위를 받았다.,,False,"현재 문장은 개인 경력에 대한 정보로, 수치나 통계적인 변화를 주장하는 내용이 아닙니다.",high,hcx,HCX-007,isclaim-v1.3-prev2-context,2026-08-05
A0022-C019,A0022,계엄 이후 얼어붙은 내수... 덜 먹고 덜 놀러갔다,2025-01-06,https://www.chosun.com/economy/economy_general/2025/01/06/UNEVPXHOQFFWRGCMGJ72EICGC4,1,19,1,◇‘줄일 수 있는 소비’ 확 줄었다,최씨는 “‘계엄 정국’에선 연말 기분도 안 나는 데다 투자에서도 목돈을 잃어 최대한 절약하기로 했다”고 말했다.,"그는 국내 주식 시장에 수천만 원 정도 투자하고 있었는데, 계엄 직후 투자 종목의 주가가 폭락하기 시작하면서 며칠 만에 500만원 가까운 손해를 봤다.","김씨와 최씨처럼 국내 소비자들은 계엄 이후 외식과 숙박, 오락·스포츠 등에서 집중적으로 소비를 줄였다.",False,"'줄일 수 있는 소비' 확 줄었다'라는 문장은 단순한 의견이나 평가로서, 구체적인 수치나 통계적인 변화를 언급하지 않습니다.",high,hcx,HCX-007,isclaim-v1.3-prev2-context,2026-08-05
A0027-C015,A0027,전기차 ‘캐즘 쇼크’… 배터리 기업 10곳 영업익 반토막,2025-01-06,https://www.chosun.com/economy/industry-company/2025/01/06/BO3WGUVLFVHH3BXGQ3BHBBNZWU,1,15,1,"LG엔솔, 삼성SDI, SK이노베이션(자회사 SK온 포함) 등 배터리 3사, LG화학, 포스코홀딩스, 포스코퓨처엠, 에코프로비엠, 엘앤에프, SKIET, 더블유씨피 등 배터리 소재 기업 7사 대부분 실적이 크게 나빠질 것으로 전망된다.",전년(2023년) 약 11조9465억원 대비 절반 미만이다.,"◇불황 터널 끝 안 보이는 배터리 업계 5일 금융정보업체 에프앤가이드에 따르면, 국내 배터리 업계 주요 10개 기업의 2024년 연간 영업이익 합계는 약 4조9860억원으로 전망된다.","조(兆) 단위 영업이익을 내던 배터리 3사는 영업이익이 수천억 원대로 급감했고, 미국의 IRA(인플레이션 감축법) 보조금을 제외하면 사실상 영업적자가 유력하다.",False,"배터리 업계의 실적 악화에 대한 예측이지만, 이는 개별 기업의 성과나 전망이므로 국가통계포털(KOSIS)에서 검증 가능한 구체적인 수치나 통계적 변화와는 관련이 없습니다.",high,hcx,HCX-007,isclaim-v1.3-prev2-context,2026-08-05
A0034-C003,A0034,"보조금 폐지한 독일, 전기차 판매 급감...유럽 최대 전기차 시장도 영국에 넘겨줘",2025-01-07,https://www.chosun.com/economy/auto/2025/01/07/Y62DLGXPGZCNNK2IBLFZNNKMKY,1,3,1,6일(현지 시각) 독일 연방도로교통청(KBA)에 따르면 지난해 신규 등록 전기차는 38만609대로 2023년 52만4219대에서 27.4％ 감소했다.,유럽 내 전기차 시장 1위 자리도 영국에 내줬다.,유럽 최대 자동차 시장 독일에서 지난해 전기차 판매량이 급감했다.,전기차 판매가 급감하면서 전체 신규 등록 차량은 같은 기간 284만4609대에서 281만7331대로 1.0％ 감소했다.,True,"현재 문장은 독일의 전기차 신규 등록 수가 전년에 비해 얼마나 감소했는지를 구체적인 수치와 함께 제시하고 있으며, 이는 국가 단위의 통계 정보로서 KOSIS를 통해 검증 가능하다.",high,hcx,HCX-007,isclaim-v1.3-prev2-context,2026-08-05
A0034-C004,A0034,"보조금 폐지한 독일, 전기차 판매 급감...유럽 최대 전기차 시장도 영국에 넘겨줘",2025-01-07,https://www.chosun.com/economy/auto/2025/01/07/Y62DLGXPGZCNNK2IBLFZNNKMKY,1,4,1,전기차 판매가 급감하면서 전체 신규 등록 차량은 같은 기간 284만4609대에서 281만7331대로 1.0％ 감소했다.,6일(현지 시각) 독일 연방도로교통청(KBA)에 따르면 지난해 신규 등록 전기차는 38만609대로 2023년 52만4219대에서 27.4％ 감소했다.,유럽 내 전기차 시장 1위 자리도 영국에 내줬다.,"다만 하이브리드차는 12.7％, 휘발유차가 9％ 늘었다.",True,"전기차 판매 감소 및 전체 신규 등록 차량의 변화에 대한 통계적 주장을 하고 있으며, 이는 국가통계포털(KOSIS)에서 검증 가능한 내용임.",high,hcx,HCX-007,isclaim-v1.3-prev2-context,2026-08-05
A0035-C020,A0035,“트럼프發 인플레 피할 수 없어… 美 금리 상승할 것”,2025-01-07,https://www.chosun.com/economy/economy_general/2025/01/07/CKJOVMVRZZC6VFP7K7JSIGFYBI,1,20,1,"“미국은 인공지능(AI)이나 다른 첨단 기술 분야에서 우위를 보이고 있다. 또 바이든 행정부가 많은 수요를 일으켜 경제를 뜨겁게 달궜다. 그에 반해 중국이나 독일, 프랑스 등은 부동산 거품이 심해지고, 생산성이 떨어지고, 공공 부채가 늘어나는 등의 문제를 안고 있다. (미국 외 다른 국가들은) 정신 차려고, 대책을 내놔야 한다.”",-그래도 미국만 나 홀로 호황이다.,"“작년 12월 연준의 결정이 마지막 금리 인하라고 해도 놀랄 일이 아니다. 트럼프 당선인이 내세운 관세와 대규모 재정 적자 탓에 인플레이션을 피할 수 없는 상황이다. 금리는 바닥을 찍고 상승할 것이다. 오직 한 방향, 상승을 가리키고 있다.”",-한국은 탄핵 사태를 맞이했다.,False,"현재 문장은 미국의 AI 및 첨단 기술 분야에서의 우위와 경제 상황에 대한 평가 및 비교를 다루고 있으며, 이는 특정한 수치나 통계적 변화를 주장하는 것이 아닙니다.",high,hcx,HCX-007,isclaim-v1.3-prev2-context,2026-08-05
A0035-C025,A0035,“트럼프發 인플레 피할 수 없어… 美 금리 상승할 것”,2025-01-07,https://www.chosun.com/economy/economy_general/2025/01/07/CKJOVMVRZZC6VFP7K7JSIGFYBI,1,25,1,“가상 화폐는 바보들의 게임이다. 거품은 머잖아 터질 것이다.”,-비트코인 등 가상 자산은 계속 오르고 있다.,"“한국은 출산율이 낮고, 고령화가 심해지는 등 인구 구조가 좋지 않다. 다른 선진국에 비해 국가 부채는 낮지만, 인구 고령화에 따른 의료·연금 지출 증가로 재정이 악화할 우려가 있다. 다만 최근 정치적 불확실성은 충분히 극복할 것으로 본다.”","☞배리 아이컨그린 1952년생으로 미국 예일대에서 경제학 박사 학위를 받고, 1987년부터 UC버클리 경제학과 교수로 있다.",False,"현재 문장은 가상화폐에 대한 평가나 의견을 제시하지만, 이는 단순한 의견 표현이므로 KOSIS 통계로 검증 가능한 수치나 통계적 변화에 관한 주장이 아닙니다.",high,hcx,HCX-007,isclaim-v1.3-prev2-context,2026-08-05
A0048-C007,A0048,‘트럼프發 널뛰기’ 시작됐다… 6일밤 출렁댄 강달러,2025-01-08,https://www.chosun.com/economy/economy_general/2025/01/08/CE4Q7O7NMBGEZMFOWSBJAD7SV4,1,7,1,블룸버그는 “트럼프 당선인이 앞으로 몇 개월 동안 금융시장을 어떻게 뒤흔들지를 미리 엿볼 수 있는 시간”이었다고 평가했다.,이날 글로벌 환율의 출렁임이 트럼프의 정책이 시장의 불확실성을 가중하는 ‘트럼프 변동성’의 서막이 될 것이란 평가가 많다.,하지만 트럼프가 ‘가짜 뉴스’라고 하자 이런 환율 움직임은 다시 이전 상황으로 돌아갔다.,◇‘트럼프 관세’ 축소 보도에 환율 출렁 6일 달러 가치를 끌어내린 것은 워싱턴포스트(WP)의 보도였다.,False,"현재 문장은 단순한 의견 및 평가를 담고 있으며, 특정한 수치나 통계적인 변화를 주장하지 않습니다.",high,hcx,HCX-007,isclaim-v1.3-prev2-context,2026-08-05
A0050-C015,A0050,"“한국, 저성장 해결하기 위해 ‘無자녀세’ 도입 검토해야”",2025-01-08,https://www.chosun.com/economy/economy_general/2025/01/08/KKZ7ZPJITFF3REAOSU2JRXUWCA,1,15,1,–세계 경제에서 미국만 독주하는데.,“2026년 말부터 물가가 폭등하면서 미국 경제가 매우 어려움에 빠질 가능성이 크다. 트럼프가 내세운 세금 감면이나 관세 부과 등으로 인해 2026년 하반기부터 미국 채권 금리는 큰 폭으로 오를 것이다. 이로 인해 큰 어려움에 빠질 가능성이 크다.”,–트럼프 2기 내내 호황일까.,"“각국 경제는 점점 서비스 지향적으로 바뀌고 있다. 이런 상황에서 중동이나 아프리카 국가 일부를 제외하면 노동 인구는 감소하고 있다. 성장이 둔화할 수밖에 없는 상황이다. 저금리 시대가 끝나가는 점도 악재다. 과거 세계는 아시아, 특히 값싼 노동력이 많은 중국으로 생산지를 옮겨 금리를 낮게 유지할 수 있었다. 이를 통해 걱정 없이 재정 정책을 펼 수 있었고, 경제 성장률이 금리보다 높았다. 이제는 반대 현상이 나타나고 있다. 특히 유럽은 정치·경제 어려움 때문에 미국보다 훨씬 더 빠르게 성장세가 둔화하면서 금리와 성장률이 역전됐다. 유럽의 저성장 문제는 이어질 것으로 본다.”",False,"현재 문장은 세계 경제에서 미국이 독주한다는 일반적인 의견을 표현하고 있으며, 이는 특정한 수치나 통계적 변화를 주장하는 것이 아닙니다.",high,hcx,HCX-007,isclaim-v1.3-prev2-context,2026-08-05
A0050-C017,A0050,"“한국, 저성장 해결하기 위해 ‘無자녀세’ 도입 검토해야”",2025-01-08,https://www.chosun.com/economy/economy_general/2025/01/08/KKZ7ZPJITFF3REAOSU2JRXUWCA,1,17,1,–한국도 성장률이 1%대로 떨어질 것이라는 우울한 전망이다.,"“각국 경제는 점점 서비스 지향적으로 바뀌고 있다. 이런 상황에서 중동이나 아프리카 국가 일부를 제외하면 노동 인구는 감소하고 있다. 성장이 둔화할 수밖에 없는 상황이다. 저금리 시대가 끝나가는 점도 악재다. 과거 세계는 아시아, 특히 값싼 노동력이 많은 중국으로 생산지를 옮겨 금리를 낮게 유지할 수 있었다. 이를 통해 걱정 없이 재정 정책을 펼 수 있었고, 경제 성장률이 금리보다 높았다. 이제는 반대 현상이 나타나고 있다. 특히 유럽은 정치·경제 어려움 때문에 미국보다 훨씬 더 빠르게 성장세가 둔화하면서 금리와 성장률이 역전됐다. 유럽의 저성장 문제는 이어질 것으로 본다.”",–세계 경제에서 미국만 독주하는데.,"“한국이 겪는 어려움에는 0.7명이라는 낮은 출산율이 영향을 끼쳤다. 누구나 나이가 들면 능력이 떨어지고, 몸이 아프다. 그러면 병원에 가서 치료해야 하는데, 이는 경제활동을 하는 젊은 사람들이 내는 세금이 있어야 가능하다. 어떤 이유에서든 자녀가 없는 사람들은 늙었을 때 다른 사람의 자녀가 내는 세금으로 살아야 한다. 이 상황이 공평하지 않다는 것을 인식해야 한다. 이를 해결하기 위해서는 자녀가 있는 사람들의 세금은 낮추고, 없는 사람의 세금을 높이는 식으로 세금 체계를 바꿀 필요가 있다.”",True,"현재 문장은 한국의 성장률이 1%대로 떨어질 것이라는 예측을 하고 있으며, 이는 KOSIS를 통해 확인 가능한 경제 성장률 관련 정보이므로 True로 판단된다.",high,hcx,HCX-007,isclaim-v1.3-prev2-context,2026-08-05
A0050-C019,A0050,"“한국, 저성장 해결하기 위해 ‘無자녀세’ 도입 검토해야”",2025-01-08,https://www.chosun.com/economy/economy_general/2025/01/08/KKZ7ZPJITFF3REAOSU2JRXUWCA,1,19,1,–한국은 미국과 중국 사이 어떤 전략을 세워야 하나.,"“한국이 겪는 어려움에는 0.7명이라는 낮은 출산율이 영향을 끼쳤다. 누구나 나이가 들면 능력이 떨어지고, 몸이 아프다. 그러면 병원에 가서 치료해야 하는데, 이는 경제활동을 하는 젊은 사람들이 내는 세금이 있어야 가능하다. 어떤 이유에서든 자녀가 없는 사람들은 늙었을 때 다른 사람의 자녀가 내는 세금으로 살아야 한다. 이 상황이 공평하지 않다는 것을 인식해야 한다. 이를 해결하기 위해서는 자녀가 있는 사람들의 세금은 낮추고, 없는 사람의 세금을 높이는 식으로 세금 체계를 바꿀 필요가 있다.”",–한국도 성장률이 1%대로 떨어질 것이라는 우울한 전망이다.,“우크라이나 전쟁이 성공적으로 끝나면 아시아의 긴장도 조금 누그러질 것이다. 미·중 간의 갈등도 악화하지 않을 것이다. 미·중 갈등은 과거 트럼프 대통령 집권 때문에 나타난 현상은 아니다. 중국에 대한 각종 제재에는 미국 공화당과 민주당 모두 관여했다. 트럼프는 장사꾼이라는 사실을 잊으면 안 된다.”,False,현재 문장은 한국의 외교 전략에 대한 질문이므로 수치나 통계적 변화를 주장하지 않는다.,high,hcx,HCX-007,isclaim-v1.3-prev2-context,2026-08-05
