claim_id,claim_measurement_id,article_id,title,date,url,claim_text,prev_sentence,next_sentence,claim_domain_scope,is_recurring_series,metric_domain,indicator,keywords,region,age_group,gender,industry_or_item,population_etc,origin_country,destination_country,period,period_end,prd_se,time_resolution_status,measurement_text,measurement_usage,measurement_source,measurement_indicator,measurement_item,measurement_period,measurement_prd_se,measurement_binding_source,measurement_role,value,value_min,value_max,value_approximate,unit,value_type,direction,change_base,evidence_text,extraction_confidence,needs_review,review_reason,measurement_repaired,measurement_fallback_count,measurement_binding_fallback_count,extraction_model,prompt_version,extracted_at,claim_indicator,claim_industry_or_item,claim_period,claim_prd_se,raw_unit,canonical_unit,unit_dimension,semantic_type,entity_type,comparison_period,mapping_eligible,mapping_exclusion_code,mapping_exclusion_reason
A0321-C002,A0321-C002-m2,A0321,“예적금 금리 또 떨어졌어?”… 남아 있는 ‘3% 예금·5% 적금’ 상품은,2025-01-25,https://www.chosun.com/economy/money/2025/01/25/7CFNMGHHWTXJHHOKXZSTNPMWQA,남아 있는 '3% 예금·5% 적금' 상품은 시중·지방·인터넷은행 수신 금리 낮춰 19개 은행 예금 중 금리 3% 초과 5개뿐 5% 넘는 1년 만기 적금도 5개…자격 조건 제한 김보연 기자(조선비즈) 입력 2025.01.25.,"2026년 4월 21일(화) 신문구독 | English | 日本語 | 中文 0 조선경제 오피니언 정치 사회 국제 건강 스포츠 문화·연예 콘텐츠판 땅집고 BEMIL 군사세계 헬스조선 IT조선 조선에듀 어린이조선일보 산&트래블 이코노미조선 신문은 선생님 THE BOUTIQUE 행복플러스 주간조선 여성조선 월간조선 민학수 올댓골프 Topclass Life&Learning English 日本語 中文 검색 2026년 4월 21일(화) 신문구독 | English | 日本語 | 中文 0 신문구독 | English | 日本語 | 中文 조선경제 오피니언 정치 사회 국제 건강 스포츠 문화·연예 콘텐츠판 땅집고 BEMIL 군사세계 헬스조선 IT조선 조선에듀 어린이조선일보 산&트래블 이코노미조선 신문은 선생님 THE BOUTIQUE 행복플러스 주간조선 여성조선 월간조선 민학수 올댓골프 Topclass Life&Learning 콘텐츠판 땅집고 BEMIL 군사세계 헬스조선 IT조선 조선에듀 어린이조선일보 산&트래블 이코노미조선 신문은 선생님 THE BOUTIQUE 행복플러스 주간조선 여성조선 월간조선 민학수 올댓골프 Topclass Life&Learning 땅집고 BEMIL 군사세계 헬스조선 IT조선 조선에듀 어린이조선일보 산&트래블 이코노미조선 신문은 선생님 THE BOUTIQUE 행복플러스 주간조선 여성조선 월간조선 민학수 올댓골프 Topclass Life&Learning 조선경제 머니 ""예적금 금리 또 떨어졌어?""…",06:00 업데이트 2025.01.25.,국내공식통계,N,금융·금리,적금 금리,"예금, 적금, 금리, 은행, 수신",-,-,-,,-,-,-,202501,-,M,확정,5%,KOSIS_VALUE,hcx,적금 금리,-,202501,M,hcx,현재값,5,-,-,N,%,수준값,-,전년동기,남아 있는 '3% 예금·5% 적금' 상품은 시중·지방·인터넷은행 수신 금리 낮춰 19개 은행 예금 중 금리 3% 초과 5개뿐 5% 넘는 1년 만기 적금도 5개…자격 조건 제한,high,N,-,Y,0,0,HCX-007,v1.5-measurement-binding,2026-07-27,예금·적금 금리,,202501,M,%,%,rate,level,unspecified,,Y,,
A0321-C002,A0321-C002-m3,A0321,“예적금 금리 또 떨어졌어?”… 남아 있는 ‘3% 예금·5% 적금’ 상품은,2025-01-25,https://www.chosun.com/economy/money/2025/01/25/7CFNMGHHWTXJHHOKXZSTNPMWQA,남아 있는 '3% 예금·5% 적금' 상품은 시중·지방·인터넷은행 수신 금리 낮춰 19개 은행 예금 중 금리 3% 초과 5개뿐 5% 넘는 1년 만기 적금도 5개…자격 조건 제한 김보연 기자(조선비즈) 입력 2025.01.25.,"2026년 4월 21일(화) 신문구독 | English | 日本語 | 中文 0 조선경제 오피니언 정치 사회 국제 건강 스포츠 문화·연예 콘텐츠판 땅집고 BEMIL 군사세계 헬스조선 IT조선 조선에듀 어린이조선일보 산&트래블 이코노미조선 신문은 선생님 THE BOUTIQUE 행복플러스 주간조선 여성조선 월간조선 민학수 올댓골프 Topclass Life&Learning English 日本語 中文 검색 2026년 4월 21일(화) 신문구독 | English | 日本語 | 中文 0 신문구독 | English | 日本語 | 中文 조선경제 오피니언 정치 사회 국제 건강 스포츠 문화·연예 콘텐츠판 땅집고 BEMIL 군사세계 헬스조선 IT조선 조선에듀 어린이조선일보 산&트래블 이코노미조선 신문은 선생님 THE BOUTIQUE 행복플러스 주간조선 여성조선 월간조선 민학수 올댓골프 Topclass Life&Learning 콘텐츠판 땅집고 BEMIL 군사세계 헬스조선 IT조선 조선에듀 어린이조선일보 산&트래블 이코노미조선 신문은 선생님 THE BOUTIQUE 행복플러스 주간조선 여성조선 월간조선 민학수 올댓골프 Topclass Life&Learning 땅집고 BEMIL 군사세계 헬스조선 IT조선 조선에듀 어린이조선일보 산&트래블 이코노미조선 신문은 선생님 THE BOUTIQUE 행복플러스 주간조선 여성조선 월간조선 민학수 올댓골프 Topclass Life&Learning 조선경제 머니 ""예적금 금리 또 떨어졌어?""…",06:00 업데이트 2025.01.25.,국내공식통계,N,금융·금리,은행 수,"예금, 적금, 금리, 은행, 수신",-,-,-,,-,-,-,202501,-,M,확정,19개,KOSIS_VALUE,hcx,은행 수,-,202501,M,hcx,현재값,19,-,-,N,개,수준값,-,전년동기,남아 있는 '3% 예금·5% 적금' 상품은 시중·지방·인터넷은행 수신 금리 낮춰 19개 은행 예금 중 금리 3% 초과 5개뿐 5% 넘는 1년 만기 적금도 5개…자격 조건 제한,high,N,-,Y,0,0,HCX-007,v1.5-measurement-binding,2026-07-27,예금·적금 금리,,202501,M,개,개,count,count,unspecified,,Y,,
A0321-C002,A0321-C002-m4,A0321,“예적금 금리 또 떨어졌어?”… 남아 있는 ‘3% 예금·5% 적금’ 상품은,2025-01-25,https://www.chosun.com/economy/money/2025/01/25/7CFNMGHHWTXJHHOKXZSTNPMWQA,남아 있는 '3% 예금·5% 적금' 상품은 시중·지방·인터넷은행 수신 금리 낮춰 19개 은행 예금 중 금리 3% 초과 5개뿐 5% 넘는 1년 만기 적금도 5개…자격 조건 제한 김보연 기자(조선비즈) 입력 2025.01.25.,"2026년 4월 21일(화) 신문구독 | English | 日本語 | 中文 0 조선경제 오피니언 정치 사회 국제 건강 스포츠 문화·연예 콘텐츠판 땅집고 BEMIL 군사세계 헬스조선 IT조선 조선에듀 어린이조선일보 산&트래블 이코노미조선 신문은 선생님 THE BOUTIQUE 행복플러스 주간조선 여성조선 월간조선 민학수 올댓골프 Topclass Life&Learning English 日本語 中文 검색 2026년 4월 21일(화) 신문구독 | English | 日本語 | 中文 0 신문구독 | English | 日本語 | 中文 조선경제 오피니언 정치 사회 국제 건강 스포츠 문화·연예 콘텐츠판 땅집고 BEMIL 군사세계 헬스조선 IT조선 조선에듀 어린이조선일보 산&트래블 이코노미조선 신문은 선생님 THE BOUTIQUE 행복플러스 주간조선 여성조선 월간조선 민학수 올댓골프 Topclass Life&Learning 콘텐츠판 땅집고 BEMIL 군사세계 헬스조선 IT조선 조선에듀 어린이조선일보 산&트래블 이코노미조선 신문은 선생님 THE BOUTIQUE 행복플러스 주간조선 여성조선 월간조선 민학수 올댓골프 Topclass Life&Learning 땅집고 BEMIL 군사세계 헬스조선 IT조선 조선에듀 어린이조선일보 산&트래블 이코노미조선 신문은 선생님 THE BOUTIQUE 행복플러스 주간조선 여성조선 월간조선 민학수 올댓골프 Topclass Life&Learning 조선경제 머니 ""예적금 금리 또 떨어졌어?""…",06:00 업데이트 2025.01.25.,국내공식통계,N,금융·금리,금리 3% 초과 은행 수,"예금, 적금, 금리, 은행, 수신",-,-,-,,-,-,-,202501,-,M,확정,5개,KOSIS_VALUE,hcx,금리 3% 초과 은행 수,-,202501,M,hcx,현재값,5,-,-,N,개,수준값,-,전년동기,남아 있는 '3% 예금·5% 적금' 상품은 시중·지방·인터넷은행 수신 금리 낮춰 19개 은행 예금 중 금리 3% 초과 5개뿐 5% 넘는 1년 만기 적금도 5개…자격 조건 제한,high,N,-,Y,0,0,HCX-007,v1.5-measurement-binding,2026-07-27,예금·적금 금리,,202501,M,개,개,count,count,unspecified,,Y,,
A1436-C005,A1436-C005-m1,A1436,사상 첫 ‘4분기 연속 0.1% 이하 성장’ 쇼크 오나,2025-04-21,https://www.chosun.com/economy/economy_general/2025/04/21/IJL2AD4SB5ETLABUQTFBKVHC7I,"◇‘4개 분기 연속 제로 성장’ 쇼크 한국은행은 지난 17일 ‘올해 1분기(1~3월) 및 향후 성장 흐름 평가’ 보고서에서 “1분기 우리나라 성장률이 지난 2월에 내놓은 전망치인 0.2%보다 더 낮으며, 마이너스(-) 성장 가능성도 배제할 수 없는 상황”이라고 했다.","전문가들은 “내수가 살아나지 않는 데다가 잠재성장률도 낮다 보니 회복력마저 떨어진 결과”라며 “우선 내수를 살리기 위해 추가경정예산(추경), 금리 인하 등 적극적 대책이 필요하다”고 하고 있다.",아무리 선방해도 0.1%보다 높은 성장을 기대하기 어렵다는 얘기다.,국내공식통계,Y,생산·산업,분기 연속 성장,"한국은행, 경제성장률, 분기, 성장률 전망치",-,-,-,,-,-,-,2025Q1,-,Q,확정,4개,KOSIS_VALUE,hcx,분기 연속 성장,-,2025Q1,Q,hcx,현재값,4,-,-,N,개,수준값,유지,전분기,"한국은행은 지난 17일 ‘올해 1분기(1~3월) 및 향후 성장 흐름 평가’ 보고서에서 ""1분기 우리나라 성장률이 지난 2월에 내놓은 전망치인 0.2%보다 더 낮으며, 마이너스(-) 성장 가능성도 배제할 수 없는 상황""이라고 했다.",high,N,-,Y,0,0,HCX-007,v1.5-measurement-binding,2026-07-27,경제성장률,,2025Q1,Q,개,개,count,count,unspecified,,Y,,
A1436-C005,A1436-C005-m2,A1436,사상 첫 ‘4분기 연속 0.1% 이하 성장’ 쇼크 오나,2025-04-21,https://www.chosun.com/economy/economy_general/2025/04/21/IJL2AD4SB5ETLABUQTFBKVHC7I,"◇‘4개 분기 연속 제로 성장’ 쇼크 한국은행은 지난 17일 ‘올해 1분기(1~3월) 및 향후 성장 흐름 평가’ 보고서에서 “1분기 우리나라 성장률이 지난 2월에 내놓은 전망치인 0.2%보다 더 낮으며, 마이너스(-) 성장 가능성도 배제할 수 없는 상황”이라고 했다.","전문가들은 “내수가 살아나지 않는 데다가 잠재성장률도 낮다 보니 회복력마저 떨어진 결과”라며 “우선 내수를 살리기 위해 추가경정예산(추경), 금리 인하 등 적극적 대책이 필요하다”고 하고 있다.",아무리 선방해도 0.1%보다 높은 성장을 기대하기 어렵다는 얘기다.,국내공식통계,Y,생산·산업,경제성장률,"한국은행, 경제성장률, 분기, 성장률 전망치",-,-,-,,-,-,-,2025Q1,-,Q,확정,0.2%,KOSIS_VALUE,hcx,경제성장률,-,2025Q1,Q,hcx,현재값,0.2,-,-,N,%,수준값,유지,전분기,"한국은행은 지난 17일 ‘올해 1분기(1~3월) 및 향후 성장 흐름 평가’ 보고서에서 ""1분기 우리나라 성장률이 지난 2월에 내놓은 전망치인 0.2%보다 더 낮으며, 마이너스(-) 성장 가능성도 배제할 수 없는 상황""이라고 했다.",high,N,-,Y,0,0,HCX-007,v1.5-measurement-binding,2026-07-27,경제성장률,,2025Q1,Q,%,%,rate,level,unspecified,,Y,,
A0333-C003,A0333-C003-m1,A0333,“하루도 안 빼고 1조6000억원 순매수” 연기금 연초 코스피 상승 주도,2025-01-26,https://www.chosun.com/economy/money/2025/01/26/3T4L54DT3BXJZWJIQZTNOI736M,16:03 0 연기금이 올 1월 유가증권시장에서 1조6000억원어치를 순매수하며 코스피지수 상승을 이끈 것으로 나타났다.,13:55 업데이트 2025.01.26.,26일 한국거래소에 따르면 국민연금 등 연기금은 연초 이후 지난 24일까지 유가증권시장(코스피)에서 1조6132억원을 순매수했다.,국내공식통계,N,금융·금리,순매수액,"연기금, 코스피, 순매수",-,-,-,,-,-,-,202501,-,M,확정,1조6000억원,KOSIS_VALUE,hcx,순매수액,-,202501,M,hcx,현재값,1600000000000,-,-,N,원,수준값,증가,전년동기,"""16:03 0 연기금이 올 1월 유가증권시장에서 1조6000억원어치를 순매수하며 코스피지수 상승을 이끈 것으로 나타났다.""",high,N,-,N,0,0,HCX-007,v1.5-measurement-binding,2026-07-27,순매수액,,202501,M,원,원,currency,amount,unspecified,,Y,,
A1218-C001,A1218-C001-m1,A1218,트럼프 관세 여파로 외국인 직접투자액 1분기 9.2% 줄어,2025-04-04,https://www.chosun.com/economy/industry-company/2025/04/04/HWJVCRJQ5FDRPI7DW3X5AERARI,올해 1분기(1~3월) 우리나라로 들어온 외국인 직접투자(FDI)가 작년 같은 기간 대비 9.2% 줄었다.,-,"지난 1월 도널드 트럼프 미 대통령이 취임 후 ‘관세 폭탄’으로 인한 불확실성 때문에 중국발 투자가 급감하고, 다른 글로벌 기업들도 투자 관망세가 짙어진 영향이라는 분석이다.",국내공식통계,Y,무역,외국인직접투자액,"외국인직접투자, FDI, 관세폭탄, 트럼프",-,-,-,,-,-,-,2025Q1,-,Q,확정,9.2%,KOSIS_VALUE,hcx,외국인직접투자액,-,2025Q1,Q,hcx,증감률,9.2,-,-,N,%,증감률,감소,전년동기,올해 1분기(1~3월) 우리나라로 들어온 외국인 직접투자(FDI)가 작년 같은 기간 대비 9.2% 줄었다.,high,N,-,N,0,0,HCX-007,v1.5-measurement-binding,2026-07-27,외국인직접투자액,,2025Q1,Q,%,%,rate,rate_change,unspecified,2024,Y,,
A0748-C007,A0748-C007-m1,A0748,출산율 9년 만에 반등… “앞으로 7년이 골든타임”,2025-02-27,https://www.chosun.com/economy/economy_general/2025/02/27/JSTSHA6HNJHELOV3RULNHTIZBI,합계 출산율이 1.24명이었던 2015년 이후 처음으로 출산율이 올랐다.,여성 1명이 낳을 것으로 예상되는 아이 수를 뜻하는 합계 출산율은 작년 0.75명으로 역대 최저였던 2023년(0.72명)보다 0.03명 늘었다.,작년 혼인 건수도 22만2422건에 달해 전년 대비 14.9% 늘었다.,국내공식통계,N,인구,합계 출산율,"출산율, 인구, 합계 출산율",-,-,-,,-,-,-,2015,-,Y,확정,1.24명,KOSIS_VALUE,hcx,합계 출산율,-,2015,Y,hcx,현재값,1.24,-,-,N,명,수준값,증가,전년동기,합계 출산율이 1.24명이었던 2015년 이후 처음으로 출산율이 올랐다.,high,N,-,N,0,0,HCX-007,v1.5-measurement-binding,2026-07-27,합계 출산율,,2025,Y,명,명,person_count,count,unspecified,,Y,,
A0290-C015,A0290-C015-m1,A0290,"“한국, 20년간 10대 수출품목 그대로… 끓는 냄비 속 개구리”",2025-01-23,https://www.chosun.com/economy/economy_general/2025/01/23/53AOV7MK3BAPZG4STEVXENK644,"지난 2005년과 작년, 한국의 10대 수출 품목을 비교하면 컴퓨터가 제외되고, 가전제품이 새로 진입한 것 외에는 아무 변화가 없었다.","◇신기술도 변화도 없는 한국, “뜨거운 물 끼얹어야” 맥킨지는 지난 20년간 변화가 없는 한국의 수출 구조도 한국 경제의 어려움을 가속하는 주요 원인으로 꼽았다.","지난해 1위였던 반도체는, 2005년에도 1위였고, 2005년 2위였던 자동차는 지난해에도 2위로 순위 변화가 없었다.",국내공식통계,N,무역,수출 품목 수,"수출품목, 10대, 컴퓨터, 가전제품, 반도체, 자동차",-,-,-,,-,-,-,2005,-,Y,확정,10대,KOSIS_VALUE,hcx,수출 품목 수,-,2005,Y,hcx,현재값,10,-,-,N,대,수준값,-,전년,"지난 2005년과 작년, 한국의 10대 수출 품목을 비교하면 컴퓨터가 제외되고, 가전제품이 새로 진입한 것 외에는 아무 변화가 없었다.",high,N,-,N,0,0,HCX-007,v1.5-measurement-binding,2026-07-27,10대 수출 품목,,2024,Y,대,대,count,count,unspecified,,Y,,
A1798-C006,A1798-C006-m1,A1798,[모닝] 브라질에서 터진 조류인플루엔자… 순살 치킨 값 오르나,2025-05-19,https://www.chosun.com/economy/economy_general/2025/05/19/SDVLEHC5O5HQRDA64LNPPHDWVM,"한국농수산식품유통공사(aT) 농식품수출정보에 따르면, 지난해 한국은 전체 닭고기 수입량 24만9751t 중 71.6%가량인 17만8956t을 브라질에서 들여왔다.",이번 조치로 브라질산 닭고기를 주로 쓰는 순살 치킨 값이 타격을 받을 것이란 전망이 나온다.,"국내 치킨 업체들은 뼈가 있는 치킨의 경우 주로 국내산을 쓰지만, 순살 치킨이나 닭강정류는 브라질산 닭고기를 사용하는 경우가 대부분이다.",국내공식통계,N,무역,닭고기 수입량 비중,"한국, 브라질, 닭고기, 수입량, aT, 농식품수출정보",-,-,-,닭고기,-,브라질,한국,2024,-,Y,확정,71.6%가량,KOSIS_VALUE,hcx,닭고기 수입량 비중,닭고기,2024,Y,hcx,현재값,71.6,-,-,Y,%,비중,-,전년,"한국농수산식품유통공사(aT) 농식품수출정보에 따르면, 지난해 한국은 전체 닭고기 수입량 24만9751t 중 71.6%가량인 17만8956t을 브라질에서 들여왔다.",high,N,-,N,0,0,HCX-007,v1.5-measurement-binding,2026-07-27,닭고기 수입량 비중,닭고기,2024,Y,%,%,rate,level,item,,Y,,
A0096-C003,A0096-C003-m2,A0096,"작년 3분기 가계 여유자금, 전분기 대비 3.5조원 줄어",2025-01-08,https://www.chosun.com/economy/economy_general/2025/01/08/7BSTYTMU2FBLNCLOUTBUKTCYQY,이는 직전 분기의 41조2000억원보다 3조5000억원가량 줄어든 것이다.,"7일 한국은행이 발표한 자금 순환 통계에 따르면, 작년 3분기 가계 및 비영리단체의 순자금 운용 규모는 37조7000억원으로 집계됐다.","순자금 운용액은 여윳돈을 뜻하는 것으로 예금, 보험, 연금, 펀드, 주식 등으로 굴린 돈을 나타내는 자금 운용액에서 빌린 돈인 자금 조달액을 뺀 값이다.",국내공식통계,Y,재정·조세,순자금 운용액 감소폭,"가계 여유자금, 전분기 대비, 3.5조원",-,-,-,,-,-,-,2024Q3,-,Q,확정,3조5000억원가량,KOSIS_VALUE,hcx,순자금 운용액 감소폭,-,2024Q3,Q,hcx,증감값,3500000000000,-,-,Y,원,증감량,감소,전분기,이는 직전 분기의 41조2000억원보다 3조5000억원가량 줄어든 것이다.,high,N,-,Y,0,0,HCX-007,v1.5-measurement-binding,2026-07-27,순자금 운용액,,2024Q3,Q,원,원,currency,absolute_change,unspecified,,Y,,
A1123-C005,A1123-C005-m1,A1123,"女 대졸 이상 비율, 80년대생부터 男 앞서",2025-03-28,https://www.chosun.com/economy/economy_general/2025/03/28/FV56ZTW6QJB45D7N322ZPHFHYU,1975~1976년생도 남성의 고학력 비율(62.9%)이 여성(60.2%)보다 높다.,"보고서에 따르면, 1970~1974년생 남성의 고학력자 비율은 53.5%로 여성(45.8%)보다 7.7%포인트 높았다.",반면 1980~1984년생부터는 여성의 고학력자 비율이 72.1%로 남성(69.4%)을 2.7%포인트 앞섰다.,국내공식통계,N,인구,남성 고학력자 비율,"여성, 남성, 대졸 이상, 비율, 1975~1976년생, 1980~1984년생",-,1975~1976년생; 1980~1984년생,전체,1975~1976년생,-,-,-,1976,-,Y,확정,62.9%,KOSIS_VALUE,hcx,남성 고학력자 비율,1975~1976년생,1976,Y,hcx,현재값,62.9,-,-,N,%,비중,유지,전년,1975~1976년생도 남성의 고학력 비율(62.9%)이 여성(60.2%)보다 높다.,high,Y,measurement_period_ungrounded:1,N,0,0,HCX-007,v1.5-measurement-binding,2026-07-27,고학력자 비율,,2025,Y,%,%,rate,rate_level,item,,Y,,
A2696-C058,A2696-C058-m1,A2696,5년마다 돌아오는 인구조사... 호구조사 같지만 정책에 쓰인다,2025-11-08,https://www.chosun.com/national/weekend/2025/11/08/ZXTXYIJJFJFLTIJZMLEW4IDNN4/,2005년 조사에서 15세 이상 기혼 여성 중 93%가 ‘추가 자녀 계획이 없다’고 답했다.,약 40년 만에 국가 인구 정책 방향이 정반대로 바뀐 것이다.,1975년 4.2%였던 1인 가구 비율은 2020년 세 집 중 한 집꼴(31.7%)로 크게 늘었다.,국내공식통계,Y,인구,추가 자녀 계획 없음 비율,"인구조사, 추가 자녀 계획",-,15세 이상,여,,-,-,-,2005,-,Y,확정,93%,KOSIS_VALUE,hcx,추가 자녀 계획 없음 비율,-,2005,Y,hcx,현재값,93,-,-,N,%,비중,-,특정시점,[검증 대상 문장],high,N,-,N,0,0,HCX-007,v1.5-measurement-binding,2026-07-27,추가 자녀 계획 여부,,2005,Y,%,%,rate,rate_level,unspecified,,Y,,
A1730-C009,A1730-C009-m1,A1730,주담대 연체율도 두 달 연속 최고치,2025-05-14,https://www.chosun.com/economy/economy_general/2025/05/14/7NSJI2LCGFEVLORPOGD5NAGVJU,"이자 비용이 전년 대비 1.2% 늘어난 10만8000원으로 4개 분기 만에 증가해 10만원을 넘겼고, 부동산 구입에 따른 취득·등록세가 늘면서 비경상조세(5만5000원)가 5배 가까이 증가한 점도 원인이 됐다.",실제 통계청에 따르면 중산층으로 분류되는 소득 상위 40~60% 가구의 여윳돈은 작년 4분기(10~12월)에 65만8000원으로 3개 분기 연속 줄며 2019년 4분기(65만3000원) 이후 최저치를 기록했다.,국제금융협회(IIF)의 세계 부채 보고서에 따르면 작년 말 기준 한국의 GDP 대비 가계 부채 비율은 91.7%로 38국 중 캐나다(100.6%)에 이어 2위를 기록했다.,국내공식통계,N,소득·임금,이자 비용 증감률,"중산층, 소득 상위 40~60%, 여윳돈, 이자 비용, 비경상조세",-,-,-,,중산층으로 분류되는 소득 상위 40~60%,-,-,2024Q4,-,Q,확정,1.2%,KOSIS_VALUE,hcx,이자 비용 증감률,-,2024Q4,Q,hcx,증감률,1.2,-,-,N,%,증감률,증가,전분기,"이자 비용이 전년 대비 1.2% 늘어난 10만8000원으로 4개 분기 만에 증가해 10만원을 넘겼고, 부동산 구입에 따른 취득·등록세가 늘면서 비경상조세(5만5000원)가 5배 가까이 증가한 점도 원인이 됐다.",high,N,-,Y,0,0,HCX-007,v1.5-measurement-binding,2026-07-27,이자 비용,,2024Q4,Q,%,%,rate,rate_change,unspecified,,Y,,
A1730-C009,A1730-C009-m2,A1730,주담대 연체율도 두 달 연속 최고치,2025-05-14,https://www.chosun.com/economy/economy_general/2025/05/14/7NSJI2LCGFEVLORPOGD5NAGVJU,"이자 비용이 전년 대비 1.2% 늘어난 10만8000원으로 4개 분기 만에 증가해 10만원을 넘겼고, 부동산 구입에 따른 취득·등록세가 늘면서 비경상조세(5만5000원)가 5배 가까이 증가한 점도 원인이 됐다.",실제 통계청에 따르면 중산층으로 분류되는 소득 상위 40~60% 가구의 여윳돈은 작년 4분기(10~12월)에 65만8000원으로 3개 분기 연속 줄며 2019년 4분기(65만3000원) 이후 최저치를 기록했다.,국제금융협회(IIF)의 세계 부채 보고서에 따르면 작년 말 기준 한국의 GDP 대비 가계 부채 비율은 91.7%로 38국 중 캐나다(100.6%)에 이어 2위를 기록했다.,국내공식통계,N,소득·임금,이자 비용,"중산층, 소득 상위 40~60%, 여윳돈, 이자 비용, 비경상조세",-,-,-,,중산층으로 분류되는 소득 상위 40~60%,-,-,2024Q4,-,Q,확정,10만8000원,KOSIS_VALUE,hcx,이자 비용,-,2024Q4,Q,hcx,현재값,108000,-,-,N,원,수준값,증가,전분기,"이자 비용이 전년 대비 1.2% 늘어난 10만8000원으로 4개 분기 만에 증가해 10만원을 넘겼고, 부동산 구입에 따른 취득·등록세가 늘면서 비경상조세(5만5000원)가 5배 가까이 증가한 점도 원인이 됐다.",high,N,-,Y,0,0,HCX-007,v1.5-measurement-binding,2026-07-27,이자 비용,,2024Q4,Q,원,원,currency,amount,unspecified,,Y,,
A1730-C009,A1730-C009-m3,A1730,주담대 연체율도 두 달 연속 최고치,2025-05-14,https://www.chosun.com/economy/economy_general/2025/05/14/7NSJI2LCGFEVLORPOGD5NAGVJU,"이자 비용이 전년 대비 1.2% 늘어난 10만8000원으로 4개 분기 만에 증가해 10만원을 넘겼고, 부동산 구입에 따른 취득·등록세가 늘면서 비경상조세(5만5000원)가 5배 가까이 증가한 점도 원인이 됐다.",실제 통계청에 따르면 중산층으로 분류되는 소득 상위 40~60% 가구의 여윳돈은 작년 4분기(10~12월)에 65만8000원으로 3개 분기 연속 줄며 2019년 4분기(65만3000원) 이후 최저치를 기록했다.,국제금융협회(IIF)의 세계 부채 보고서에 따르면 작년 말 기준 한국의 GDP 대비 가계 부채 비율은 91.7%로 38국 중 캐나다(100.6%)에 이어 2위를 기록했다.,국내공식통계,N,소득·임금,분기,"중산층, 소득 상위 40~60%, 여윳돈, 이자 비용, 비경상조세",-,-,-,,중산층으로 분류되는 소득 상위 40~60%,-,-,2024Q4,-,Q,확정,4개,KOSIS_VALUE,hcx,분기,-,2024Q4,Q,hcx,현재값,4,-,-,N,개,수준값,증가,전분기,"이자 비용이 전년 대비 1.2% 늘어난 10만8000원으로 4개 분기 만에 증가해 10만원을 넘겼고, 부동산 구입에 따른 취득·등록세가 늘면서 비경상조세(5만5000원)가 5배 가까이 증가한 점도 원인이 됐다.",high,N,-,Y,0,0,HCX-007,v1.5-measurement-binding,2026-07-27,이자 비용,,2024Q4,Q,개,개,count,count,unspecified,,Y,,
A1730-C009,A1730-C009-m4,A1730,주담대 연체율도 두 달 연속 최고치,2025-05-14,https://www.chosun.com/economy/economy_general/2025/05/14/7NSJI2LCGFEVLORPOGD5NAGVJU,"이자 비용이 전년 대비 1.2% 늘어난 10만8000원으로 4개 분기 만에 증가해 10만원을 넘겼고, 부동산 구입에 따른 취득·등록세가 늘면서 비경상조세(5만5000원)가 5배 가까이 증가한 점도 원인이 됐다.",실제 통계청에 따르면 중산층으로 분류되는 소득 상위 40~60% 가구의 여윳돈은 작년 4분기(10~12월)에 65만8000원으로 3개 분기 연속 줄며 2019년 4분기(65만3000원) 이후 최저치를 기록했다.,국제금융협회(IIF)의 세계 부채 보고서에 따르면 작년 말 기준 한국의 GDP 대비 가계 부채 비율은 91.7%로 38국 중 캐나다(100.6%)에 이어 2위를 기록했다.,국내공식통계,N,소득·임금,이자 비용,"중산층, 소득 상위 40~60%, 여윳돈, 이자 비용, 비경상조세",-,-,-,,중산층으로 분류되는 소득 상위 40~60%,-,-,2024Q4,-,Q,확정,10만원,KOSIS_VALUE,hcx,이자 비용,-,2024Q4,Q,hcx,현재값,100000,-,-,N,원,수준값,증가,전분기,"이자 비용이 전년 대비 1.2% 늘어난 10만8000원으로 4개 분기 만에 증가해 10만원을 넘겼고, 부동산 구입에 따른 취득·등록세가 늘면서 비경상조세(5만5000원)가 5배 가까이 증가한 점도 원인이 됐다.",high,N,-,Y,0,0,HCX-007,v1.5-measurement-binding,2026-07-27,이자 비용,,2024Q4,Q,원,원,currency,amount,unspecified,,Y,,
A1730-C009,A1730-C009-m5,A1730,주담대 연체율도 두 달 연속 최고치,2025-05-14,https://www.chosun.com/economy/economy_general/2025/05/14/7NSJI2LCGFEVLORPOGD5NAGVJU,"이자 비용이 전년 대비 1.2% 늘어난 10만8000원으로 4개 분기 만에 증가해 10만원을 넘겼고, 부동산 구입에 따른 취득·등록세가 늘면서 비경상조세(5만5000원)가 5배 가까이 증가한 점도 원인이 됐다.",실제 통계청에 따르면 중산층으로 분류되는 소득 상위 40~60% 가구의 여윳돈은 작년 4분기(10~12월)에 65만8000원으로 3개 분기 연속 줄며 2019년 4분기(65만3000원) 이후 최저치를 기록했다.,국제금융협회(IIF)의 세계 부채 보고서에 따르면 작년 말 기준 한국의 GDP 대비 가계 부채 비율은 91.7%로 38국 중 캐나다(100.6%)에 이어 2위를 기록했다.,국내공식통계,N,소득·임금,비경상조세,"중산층, 소득 상위 40~60%, 여윳돈, 이자 비용, 비경상조세",-,-,-,,중산층으로 분류되는 소득 상위 40~60%,-,-,2024Q4,-,Q,확정,5만5000원,KOSIS_VALUE,hcx,비경상조세,-,2024Q4,Q,hcx,현재값,55000,-,-,N,원,수준값,증가,전분기,"이자 비용이 전년 대비 1.2% 늘어난 10만8000원으로 4개 분기 만에 증가해 10만원을 넘겼고, 부동산 구입에 따른 취득·등록세가 늘면서 비경상조세(5만5000원)가 5배 가까이 증가한 점도 원인이 됐다.",high,N,-,Y,0,0,HCX-007,v1.5-measurement-binding,2026-07-27,이자 비용,,2024Q4,Q,원,원,currency,amount,unspecified,,Y,,
A1730-C009,A1730-C009-m6,A1730,주담대 연체율도 두 달 연속 최고치,2025-05-14,https://www.chosun.com/economy/economy_general/2025/05/14/7NSJI2LCGFEVLORPOGD5NAGVJU,"이자 비용이 전년 대비 1.2% 늘어난 10만8000원으로 4개 분기 만에 증가해 10만원을 넘겼고, 부동산 구입에 따른 취득·등록세가 늘면서 비경상조세(5만5000원)가 5배 가까이 증가한 점도 원인이 됐다.",실제 통계청에 따르면 중산층으로 분류되는 소득 상위 40~60% 가구의 여윳돈은 작년 4분기(10~12월)에 65만8000원으로 3개 분기 연속 줄며 2019년 4분기(65만3000원) 이후 최저치를 기록했다.,국제금융협회(IIF)의 세계 부채 보고서에 따르면 작년 말 기준 한국의 GDP 대비 가계 부채 비율은 91.7%로 38국 중 캐나다(100.6%)에 이어 2위를 기록했다.,국내공식통계,N,소득·임금,비경상조세 증가 배수,"중산층, 소득 상위 40~60%, 여윳돈, 이자 비용, 비경상조세",-,-,-,,중산층으로 분류되는 소득 상위 40~60%,-,-,2024Q4,-,Q,확정,5배,KOSIS_VALUE,hcx,비경상조세 증가 배수,-,2024Q4,Q,hcx,현재값,5,-,-,N,배,수준값,증가,전분기,"이자 비용이 전년 대비 1.2% 늘어난 10만8000원으로 4개 분기 만에 증가해 10만원을 넘겼고, 부동산 구입에 따른 취득·등록세가 늘면서 비경상조세(5만5000원)가 5배 가까이 증가한 점도 원인이 됐다.",high,N,-,Y,0,0,HCX-007,v1.5-measurement-binding,2026-07-27,이자 비용,,2024Q4,Q,배,배,multiple,multiple,unspecified,,Y,,
A1246-C009,A1246-C009-m2,A1246,‘손해율 악화·보험료 인하’에… 지난해 자동차보험 4년만에 적자 전환,2025-04-06,https://www.chosun.com/economy/money/2025/04/06/GHN72KKRIIV76NNEUBN74VJ32A,지난해 자동차부문 보험손익 합산비율(손해율+사업비율)은 손익분기점인 100%를 초과해 97억원 적자를 기록했다.,자동차보험 수입이 감소한 반면 사고 건수는 증가하면서 자동차 부문 보험손익은 악화했다.,2020년 이후 첫 적자 전환이다.,국내공식통계,N,금융·금리,적자,"자동차보험, 손해율, 사업비율, 적자",-,-,-,,-,-,-,2024,-,Y,확정,97억원,KOSIS_VALUE,hcx,적자,-,2024,Y,hcx,현재값,9700000000,-,-,N,원,수준값,-,전년,지난해 자동차부문 보험손익 합산비율(손해율+사업비율)은 손익분기점인 100%를 초과해 97억원 적자를 기록했다.,high,N,-,N,0,0,HCX-007,v1.5-measurement-binding,2026-07-27,자동차부문 보험손익 합산비율,,2024,Y,원,원,currency,amount,vehicle,,Y,,
A1383-C003,A1383-C003-m1,A1383,"가파른 농촌 소멸의 현실... 작년 농가 수 97만가구, 1년새 2.5% 줄어",2025-04-17,https://www.chosun.com/economy/economy_general/2025/04/17/3OPFBMB5FND7LKAFGEU5LNCDGA,농가에서 65세 이상 고령 인구가 차지하는 비율도 지난해 기준 55.8%로 해마다 계속 상승하면서 농촌 소멸 우려가 현실화되고 있다는 분석이 나온다.,국내 농가 수는 지난 2023년 99만9000가구를 기록하며 처음으로 100만 가구 아래로 떨어진 이후 하락세가 지속되고 있다.,"17일 통계청이 발표한 ’2024년 농림어업 조사결과’에 따르면, 2024년 농가 수는 97만 4000가구로 전년(99만9000가구) 대비 2.5% 감소했다.",국내공식통계,Y,인구,농가에서 65세 이상 고령 인구가 차지하는 비율,"농촌 소멸, 농가 수, 고령 인구",-,고령층,-,,-,-,-,2024,-,Y,확정,55.8%,KOSIS_VALUE,hcx,농가에서 65세 이상 고령 인구가 차지하는 비율,-,2024,Y,hcx,현재값,55.8,-,-,N,%,수준값,증가,전년,농가에서 65세 이상 고령 인구가 차지하는 비율도 지난해 기준 55.8%로 해마다 계속 상승하면서 농촌 소멸 우려가 현실화되고 있다는 분석이 나온다.,high,N,-,Y,0,0,HCX-007,v1.5-measurement-binding,2026-07-27,농가에서 65세 이상 고령 인구가 차지하는 비율,,2024,Y,%,%,rate,rate_level,person,,Y,,
A0023-C026,A0023-C026-m1,A0023,정부 “올해 경제성장률 1.8%”… 한은 전망보다 더 낮췄다,2025-01-02,https://www.chosun.com/economy/economy_general/2025/01/02/FWT5PD42TZED7JTIXYCIECCFRE,다만 11월 소매판매는 전년 동월과 비교하면 1.9% 줄어 부진한 흐름을 이어갔다.,소비 지표인 소매판매는 9월(-0.3%)과 10월(-0.8%) 2달 연속 감소하다가 11월 0.4% 증가세로 돌아섰다.,◇잠재 성장률보다 낮은 올해 성장률 전망치 정부의 올해 성장률 전망치는 잠재 성장률보다도 낮다.,국내공식통계,N,소매·소비,소매판매,"경제성장률, 소매판매, 전년 동월",-,-,-,,-,-,-,202501,-,M,확정,1.9%,KOSIS_VALUE,hcx,소매판매,-,202501,M,hcx,현재값,1.9,-,-,N,%,비중,감소,전년동월,다만 11월 소매판매는 전년 동월과 비교하면 1.9% 줄어 부진한 흐름을 이어갔다.,high,N,-,N,0,0,HCX-007,v1.5-measurement-binding,2026-07-27,소매판매,,202501,M,%,%,rate,level,unspecified,,Y,,
A2657-C003,A2657-C003-m1,A2657,더 가팔라진 ‘富의 사다리’… 소득계층 상승 17%뿐,2025-10-28,https://www.chosun.com/economy/economy_general/2025/10/28/BEESNX7GT5CP5F3KPXWZI7JORQ/,2022년엔 1분위(소득 하위 20%)였다가 2023년엔 2분위(하위 20~40%) 등으로 올라간 경우를 뜻하는 이 비율은 사회 계층 이동성을 따지는 지표다.,"국가데이터처가 27일 발표한 ‘2023년 소득 이동 통계’에 따르면, 2023년 소득 분위(1~5분위)가 전년 대비 한 계단 이상 상승한 사람은 소득이 있는 15세 이상 인구의 17.3%에 그쳤다.",2020년 18.2%였던 이 비율은 2021년(17.6%)부터 3년 연속 하락했다.,국내공식통계,Y,소득·임금,소득 1분위,"소득계층 상승, 소득 분위기, 사회 계층 이동성",-,15세 이상,-,,-,-,-,2022,-,Y,확정,20%,KOSIS_VALUE,hcx,소득 1분위,-,2022,Y,hcx,현재값,20,-,-,N,%,비중,-,-,"국가데이터처가 27일 발표한 ‘2023년 소득 이동 통계’에 따르면, 2023년 소득 분위(1~5분위)가 전년 대비 한 계단 이상 상승한 사람은 소득이 있는 15세 이상 인구의 17.3%에 그쳤다.",high,N,-,Y,0,0,HCX-007,v1.5-measurement-binding,2026-07-27,사회 계층 이동성 비율,,2023,Y,%,%,rate,level,unspecified,,Y,,
A2657-C003,A2657-C003-m2,A2657,더 가팔라진 ‘富의 사다리’… 소득계층 상승 17%뿐,2025-10-28,https://www.chosun.com/economy/economy_general/2025/10/28/BEESNX7GT5CP5F3KPXWZI7JORQ/,2022년엔 1분위(소득 하위 20%)였다가 2023년엔 2분위(하위 20~40%) 등으로 올라간 경우를 뜻하는 이 비율은 사회 계층 이동성을 따지는 지표다.,"국가데이터처가 27일 발표한 ‘2023년 소득 이동 통계’에 따르면, 2023년 소득 분위(1~5분위)가 전년 대비 한 계단 이상 상승한 사람은 소득이 있는 15세 이상 인구의 17.3%에 그쳤다.",2020년 18.2%였던 이 비율은 2021년(17.6%)부터 3년 연속 하락했다.,국내공식통계,Y,소득·임금,소득 2분위,"소득계층 상승, 소득 분위기, 사회 계층 이동성",-,15세 이상,-,,-,-,-,2023,-,Y,확정,40%,KOSIS_VALUE,hcx,소득 2분위,-,2023,Y,hcx,현재값,40,-,-,N,%,비중,-,-,"국가데이터처가 27일 발표한 ‘2023년 소득 이동 통계’에 따르면, 2023년 소득 분위(1~5분위)가 전년 대비 한 계단 이상 상승한 사람은 소득이 있는 15세 이상 인구의 17.3%에 그쳤다.",high,N,-,Y,0,0,HCX-007,v1.5-measurement-binding,2026-07-27,사회 계층 이동성 비율,,2023,Y,%,%,rate,level,unspecified,,Y,,
A2257-C005,A2257-C005-m1,A2257,올해 수출 하반기에 더 부진할 듯… 3.8% 감소 전망,2025-06-23,https://www.chosun.com/economy/industry-company/2025/06/23/2LYH3LOXSRF4VM7CMND72XB5JM,보고서는 연간 수출은 작년보다 2.2% 줄어든 6685억달러가 될 것으로 예상했다.,"22일 한국무역협회 국제무역통상연구원이 발표한 ‘2025년 상반기 수출입 평가 및 하반기 전망’ 보고서에 따르면, 올해 수출은 상반기에 작년보다 0.6% 줄어드는 데 이어 하반기에는 3.8% 감소한 3355억달러에 그칠 전망이다.","무협은 작년 11월 올해 전체 수출이 1.8% 성장한 6970억달러에 달할 것이라고 예상했지만, 반년 만에 ‘마이너스 성장’이라는 비관적인 전망으로 돌아선 것이다.",국내공식통계,N,무역,연간 수출 증가율,"수출, 연간, 증가율, 마이너스 성장",-,-,-,,-,-,-,2025,-,Y,확정,2.2%,KOSIS_VALUE,hcx,연간 수출 증가율,-,2025,Y,hcx,증감률,2.2,-,-,N,%,증감률,감소,전년,보고서는 연간 수출은 작년보다 2.2% 줄어든 6685억달러가 될 것으로 예상했다.,high,N,-,N,0,0,HCX-007,v1.5-measurement-binding,2026-07-27,연간 수출 증가율,,2025,Y,%,%,rate,rate_change,unspecified,2024,Y,,
A2257-C005,A2257-C005-m2,A2257,올해 수출 하반기에 더 부진할 듯… 3.8% 감소 전망,2025-06-23,https://www.chosun.com/economy/industry-company/2025/06/23/2LYH3LOXSRF4VM7CMND72XB5JM,보고서는 연간 수출은 작년보다 2.2% 줄어든 6685억달러가 될 것으로 예상했다.,"22일 한국무역협회 국제무역통상연구원이 발표한 ‘2025년 상반기 수출입 평가 및 하반기 전망’ 보고서에 따르면, 올해 수출은 상반기에 작년보다 0.6% 줄어드는 데 이어 하반기에는 3.8% 감소한 3355억달러에 그칠 전망이다.","무협은 작년 11월 올해 전체 수출이 1.8% 성장한 6970억달러에 달할 것이라고 예상했지만, 반년 만에 ‘마이너스 성장’이라는 비관적인 전망으로 돌아선 것이다.",국내공식통계,N,무역,연간 수출 총액,"수출, 연간, 증가율, 마이너스 성장",-,-,-,,-,-,-,2025,-,Y,확정,6685억달러,KOSIS_VALUE,hcx,연간 수출 총액,-,2025,Y,hcx,현재값,668500000000,-,-,N,달러,수준값,감소,전년,보고서는 연간 수출은 작년보다 2.2% 줄어든 6685억달러가 될 것으로 예상했다.,high,N,-,N,0,0,HCX-007,v1.5-measurement-binding,2026-07-27,연간 수출 증가율,,2025,Y,달러,달러,currency,amount,unspecified,,Y,,
A0766-C010,A0766-C010-m1,A0766,빚쟁이 국가서 11년 만에 세계 7위 채권국으로,2025-02-28,https://www.chosun.com/economy/economy_general/2025/02/28/USKPWHKTOJGCVO4XY4XX3BHTXA,◇서학 개미 투자 작년 50% 급증 한국의 순대외금융자산이 1조달러를 돌파한 데는 서학 개미(해외 주식 투자자)의 약진이 큰 역할을 했다.,"국제통화기금(IMF)이 집계한 국가별 순대외금융자산 순위에서 한국은 2012년 133위에 그쳤지만, 2021년에는 10위권으로 수직 상승했고, 작년엔 7위 규모로 집계됐다.",통계 집계를 시작한 2011년 76억달러(약 11조원)에 불과했던 서학 개미의 해외 주식·채권 보관액은 지난해 1587억달러로 20배로 급증했다.,국내공식통계,N,금융·금리,서학 개미 투자 증가율,"국제통화기금, 국가별 순대외금융자산 순위, 서학 개미, 해외 주식 투자자, 해외 주식·채권 보관액",-,-,-,서학 개미,-,-,-,2024,-,Y,확정,50%,KOSIS_VALUE,hcx,서학 개미 투자 증가율,서학 개미,2024,Y,hcx,현재값,50,-,-,N,%,증감률,증가,전년,◇서학 개미 투자 작년 50% 급증 한국의 순대외금융자산이 1조달러를 돌파한 데는 서학 개미(해외 주식 투자자)의 약진이 큰 역할을 했다.,high,N,-,N,0,0,HCX-007,v1.5-measurement-binding,2026-07-27,순대외금융자산,,2024,Y,%,%,rate,rate_change,item,2023,Y,,
A1719-C020,A1719-C020-m2,A1719,옥석 못 가리는 ‘기술 특례 상장’… 기업 76% 공모가 밑돌아,2025-05-13,https://www.chosun.com/economy/economy_general/2025/05/13/DRKQY2SMOJGKDBJZP2ZPYBDBXI,"기술 특례 상장 기업의 경우 상장 후 5년간 매출 요건이 유예되는데, 2019년 10월~2020년 9월 사이 상장한 기업들은 올해부터 매출액 30억원을 넘겨야 한다.","코스닥 시장에서는 매출액이 30억원 미만이면 관리종목으로 지정되고, 2년 연속 기준 미달이면 상장 폐지 사유가 된다.",그러나 이 기간 상장한 기업 22곳 중 10곳이 작년 매출액 30억원을 채우지 못했다.,국내공식통계,N,생산·산업,관리종목 지정 기준 매출액,"기술 특례 상장, 매출액, 관리종목, 상장 폐지",-,-,-,,-,-,-,2025,-,Y,확정,30억원,KOSIS_VALUE,hcx,관리종목 지정 기준 매출액,-,2025,Y,hcx,현재값,3000000000,-,-,N,원,수준값,-,특정시점,"기술 특례 상장 기업의 경우 상장 후 5년간 매출 요건이 유예되는데, 2019년 10월~2020년 9월 사이 상장한 기업들은 올해부터 매출액 30억원을 넘겨야 한다.",high,N,-,N,0,0,HCX-007,v1.5-measurement-binding,2026-07-27,매출액,,2025,Y,원,원,currency,amount,unspecified,,Y,,
A2342-C012,A2342-C012-m1,A2342,’국민 횟감‘ 광어‧우럭 값 껑충…원인은 양식장 ’초유의 상황',2025-06-30,https://www.chosun.com/economy/economy_general/2025/06/30/BV6OPN2TWZDM5MJBR4UUVW7PEQ,"지난해 양식업 피해액은 1430억원으로, 이 역시 피해 집계를 시작한 2012년 이후 최대 규모였다.","이에 따라 양식장에서 집단 폐사가 잇따랐는데, 특히 치어(어린 물고기)가 직격탄을 맞았다.",그중에서도 우럭의 피해가 583억원으로 가장 컸다.,국내공식통계,N,생산·산업,양식업 피해액,"양식업, 피해액, 집단 폐사, 치어",-,-,-,,-,-,-,2024,-,Y,확정,1430억원,KOSIS_VALUE,hcx,양식업 피해액,-,2024,Y,hcx,현재값,143000000000,-,-,N,원,수준값,-,전년,"지난해 양식업 피해액은 1430억원으로, 이 역시 피해 집계를 시작한 2012년 이후 최대 규모였다.",high,N,-,N,0,0,HCX-007,v1.5-measurement-binding,2026-07-27,양식업 피해액,,2024,Y,원,원,currency,amount,unspecified,,Y,,
A2598-C002,A2598-C002-m1,A2598,정부 시스템 647개 중 99개 재가동… 복구율 15.3%,2025-10-01,https://biz.chosun.com/topics/topics_social/2025/10/01/MYWMEY3NGVHOHKMTGIERFKXSOY/,복구율 15.3%다.,행정안전부는 1일 오전 10시 기준 국가정보자원관리원(국정자원) 화재로 중단됐던 정부 행정정보시스템 647개 중 99개가 복구됐다고 밝혔다.,최근 정상화된 시스템 중에는 국가데이터처(옛 통계청)의 '2025 기준 경제조사 통합관리(업무망)' 시스템이 포함됐다.,국내공식통계,N,기타,복구율,"정부 시스템, 복구율",-,-,-,,-,-,-,202510,-,M,확정,15.3%,KOSIS_VALUE,hcx,복구율,-,202510,M,hcx,현재값,15.3,-,-,N,%,비중,-,특정시점,복구율 15.3%다.,high,N,-,N,0,0,HCX-007,v1.5-measurement-binding,2026-07-27,복구율,,202510,M,%,%,rate,level,unspecified,,Y,,
A0898-C012,A0898-C012-m2,A0898,"국내 車 생산, 세계 7위로 추락… 멕시코에도 밀렸다",2025-03-11,https://www.chosun.com/economy/auto/2025/03/11/BD2YKP6KLNGMHHMTNOZSSXUYTQ,"그러나 반 토막 났던 독일이 회복세를 보이면서 2022년 6위로 밀렸고, 지난해엔 생산량까지 줄며 멕시코(420만대)에도 뒤졌다.","우리나라는 코로나 확산으로 각국의 자동차 업체들이 생산에 차질을 겪었던 2020년엔 상대적으로 선방, 5위까지 치고 올라갔었다.",지난해 내수 생산은 전년보다 6.5% 감소한 163만5520대로 2013년(154만3565대) 이후 가장 낮은 수준을 나타냈다.,국내공식통계,N,생산·산업,멕시코 자동차 생산량,"국내, 자동차, 생산, 세계 순위, 멕시코",-,-,-,자동차,-,-,-,2022,-,Y,확정,420만대,KOSIS_VALUE,hcx,멕시코 자동차 생산량,자동차,2022,Y,hcx,현재값,4200000,-,-,N,대,수준값,-,전년,"그러나 반 토막 났던 독일이 회복세를 보이면서 2022년 6위로 밀렸고, 지난해엔 생산량까지 줄며 멕시코(420만대)에도 뒤졌다.",high,N,-,N,0,0,HCX-007,v1.5-measurement-binding,2026-07-27,자동차 생산량,자동차,2022,Y,대,대,count,count,vehicle,,Y,,
A2399-C002,A2399-C002-m1,A2399,‘외국인 집주인’ 1만명 돌파... 가장 많은 지역은?,2025-07-04,https://www.chosun.com/economy/industry-company/2025/07/04/7PYH7TO6ZVFBNLTJKPMR2CLSYM,"4일 법원 등기정보광장에 따르면, 올해 상반기(1~6월) 전국에서 확정일자를 받은 외국인 임대인은 1만500명으로 집계됐다.",외국인 집주인이 1년새 20% 넘게 늘어나 1만명을 돌파했다.,전년 동기(8660명) 대비 21.2% 증가했다.,국내공식통계,Y,인구,외국인 임대인 수,"외국인 집주인, 임대인, 확정일자",-,-,-,,-,-,-,2025Q2,-,Q,확정,1만500명,KOSIS_VALUE,hcx,외국인 임대인 수,-,2025Q2,Q,hcx,현재값,10500,-,-,N,명,수준값,-,전년동기,올해 상반기(1~6월) 전국에서 확정일자를 받은 외국인 임대인은 1만500명으로 집계됐다.,high,N,-,N,0,0,HCX-007,v1.5-measurement-binding,2026-07-27,외국인 임대인 수,,2025Q2,Q,명,명,person_count,count,unspecified,,Y,,
A0067-C010,A0067-C010-m1,A0067,"지난해 최고 인기 수입차는 테슬라 모델 Y...BMW 520, 벤츠 E200 뒤 이어",2025-01-06,https://www.chosun.com/economy/auto/2025/01/06/S27CLI355JFNZLDTKSS6EHCNPI,연료별로는 하이브리드가 절반이 넘는 13만4426대(51.1%)를 기록한 가운데 가솔린(23.8%)과 전기(18.8%)가 다음 자리를 차지했다.,"새로 집계에 들어온 테슬라가 2023년(1만 6461대)의 두 배에 가까운 2만9750대를 판매하며 3위에 올랐으며, 볼보, 렉서스 등도 1만대를 웃돌며 뒤를 이었다.","2023년 9만1680대였던 하이브리드는 46.6%나 크게 늘었고, 전기차는 전년대비 86.3% 급증했다.",국내공식통계,Y,무역,연료별 자동차 판매 대수,"하이브리드, 가솔린, 전기, 연료별",-,-,-,하이브리드,-,-,-,2024,-,Y,확정,13만4426대,KOSIS_VALUE,hcx,연료별 자동차 판매 대수,하이브리드,2024,Y,hcx,현재값,134426,-,-,N,대,수준값,-,전년,연료별로는 하이브리드가 절반이 넘는 13만4426대(51.1%)를 기록한 가운데 가솔린(23.8%)과 전기(18.8%)가 다음 자리를 차지했다.,high,N,-,N,0,0,HCX-007,v1.5-measurement-binding,2026-07-27,연료별 자동차 판매 비중,,2024,Y,대,대,count,count,item,,Y,,
A0067-C010,A0067-C010-m2,A0067,"지난해 최고 인기 수입차는 테슬라 모델 Y...BMW 520, 벤츠 E200 뒤 이어",2025-01-06,https://www.chosun.com/economy/auto/2025/01/06/S27CLI355JFNZLDTKSS6EHCNPI,연료별로는 하이브리드가 절반이 넘는 13만4426대(51.1%)를 기록한 가운데 가솔린(23.8%)과 전기(18.8%)가 다음 자리를 차지했다.,"새로 집계에 들어온 테슬라가 2023년(1만 6461대)의 두 배에 가까운 2만9750대를 판매하며 3위에 올랐으며, 볼보, 렉서스 등도 1만대를 웃돌며 뒤를 이었다.","2023년 9만1680대였던 하이브리드는 46.6%나 크게 늘었고, 전기차는 전년대비 86.3% 급증했다.",국내공식통계,Y,무역,연료별 자동차 판매 비중,"하이브리드, 가솔린, 전기, 연료별",-,-,-,하이브리드,-,-,-,2024,-,Y,확정,51.1%,KOSIS_VALUE,hcx,연료별 자동차 판매 비중,하이브리드,2024,Y,hcx,현재값,51.1,-,-,N,%,비중,-,전년,연료별로는 하이브리드가 절반이 넘는 13만4426대(51.1%)를 기록한 가운데 가솔린(23.8%)과 전기(18.8%)가 다음 자리를 차지했다.,high,N,-,N,0,0,HCX-007,v1.5-measurement-binding,2026-07-27,연료별 자동차 판매 비중,,2024,Y,%,%,rate,level,item,,Y,,
A0067-C010,A0067-C010-m3,A0067,"지난해 최고 인기 수입차는 테슬라 모델 Y...BMW 520, 벤츠 E200 뒤 이어",2025-01-06,https://www.chosun.com/economy/auto/2025/01/06/S27CLI355JFNZLDTKSS6EHCNPI,연료별로는 하이브리드가 절반이 넘는 13만4426대(51.1%)를 기록한 가운데 가솔린(23.8%)과 전기(18.8%)가 다음 자리를 차지했다.,"새로 집계에 들어온 테슬라가 2023년(1만 6461대)의 두 배에 가까운 2만9750대를 판매하며 3위에 올랐으며, 볼보, 렉서스 등도 1만대를 웃돌며 뒤를 이었다.","2023년 9만1680대였던 하이브리드는 46.6%나 크게 늘었고, 전기차는 전년대비 86.3% 급증했다.",국내공식통계,Y,무역,연료별 자동차 판매 비중,"하이브리드, 가솔린, 전기, 연료별",-,-,-,가솔린,-,-,-,2024,-,Y,확정,23.8%,KOSIS_VALUE,hcx,연료별 자동차 판매 비중,가솔린,2024,Y,hcx,현재값,23.8,-,-,N,%,비중,-,전년,연료별로는 하이브리드가 절반이 넘는 13만4426대(51.1%)를 기록한 가운데 가솔린(23.8%)과 전기(18.8%)가 다음 자리를 차지했다.,high,N,-,N,0,0,HCX-007,v1.5-measurement-binding,2026-07-27,연료별 자동차 판매 비중,,2024,Y,%,%,rate,level,item,,Y,,
A0067-C010,A0067-C010-m4,A0067,"지난해 최고 인기 수입차는 테슬라 모델 Y...BMW 520, 벤츠 E200 뒤 이어",2025-01-06,https://www.chosun.com/economy/auto/2025/01/06/S27CLI355JFNZLDTKSS6EHCNPI,연료별로는 하이브리드가 절반이 넘는 13만4426대(51.1%)를 기록한 가운데 가솔린(23.8%)과 전기(18.8%)가 다음 자리를 차지했다.,"새로 집계에 들어온 테슬라가 2023년(1만 6461대)의 두 배에 가까운 2만9750대를 판매하며 3위에 올랐으며, 볼보, 렉서스 등도 1만대를 웃돌며 뒤를 이었다.","2023년 9만1680대였던 하이브리드는 46.6%나 크게 늘었고, 전기차는 전년대비 86.3% 급증했다.",국내공식통계,Y,무역,연료별 자동차 판매 비중,"하이브리드, 가솔린, 전기, 연료별",-,-,-,전기,-,-,-,2024,-,Y,확정,18.8%,KOSIS_VALUE,hcx,연료별 자동차 판매 비중,전기,2024,Y,hcx,현재값,18.8,-,-,N,%,비중,-,전년,연료별로는 하이브리드가 절반이 넘는 13만4426대(51.1%)를 기록한 가운데 가솔린(23.8%)과 전기(18.8%)가 다음 자리를 차지했다.,high,N,-,N,0,0,HCX-007,v1.5-measurement-binding,2026-07-27,연료별 자동차 판매 비중,,2024,Y,%,%,rate,level,item,,Y,,
A1191-C011,A1191-C011-m1,A1191,“작년 역대 최고 고용 달성? 외국인·노인 고용 늘어난 통계적인 착시에 불과”,2025-04-02,https://www.chosun.com/economy/economy_general/2025/04/02/NE2LONUUMBEZVI5DDJRPBMDR7U,"같은 방식으로 비교했을 때 2023년까지만 해도 외국인과 노인 일자리 참여자 증가 규모는 11만8000명으로, 전체 취업자 증가 폭(32만7000명)보다 적었다.",다만 예산정책처 관계자는 “단순 비교로는 알 수 없는 다른 여러 변수가 있을 수 있다”면서도 “주력 업종들에서 견실한 일자리가 충분히 창출되지 못하고 있다는 점은 분명하다”고 했다.,외국인 취업자 중 상당수는 고용 허가제를 통해 저임금·저숙련 일자리에서 일하기로 약속하고 입국한 이들이다.,국내공식통계,N,고용,외국인과 노인 일자리 참여자 증가 규모,"외국인, 노인, 일자리 참여자, 취업자 증가 폭",-,-,-,,-,-,-,2023,-,Y,확정,11만8000명,KOSIS_VALUE,hcx,외국인과 노인 일자리 참여자 증가 규모,-,2023,Y,hcx,현재값,118000,-,-,N,명,수준값,증가,전년,[검증 대상 문장],high,N,-,N,0,0,HCX-007,v1.5-measurement-binding,2026-07-27,외국인과 노인 일자리 참여자 증가 규모 및 전체 취업자 증가 폭,,2023,Y,명,명,person_count,count,unspecified,,Y,,
A1191-C011,A1191-C011-m2,A1191,“작년 역대 최고 고용 달성? 외국인·노인 고용 늘어난 통계적인 착시에 불과”,2025-04-02,https://www.chosun.com/economy/economy_general/2025/04/02/NE2LONUUMBEZVI5DDJRPBMDR7U,"같은 방식으로 비교했을 때 2023년까지만 해도 외국인과 노인 일자리 참여자 증가 규모는 11만8000명으로, 전체 취업자 증가 폭(32만7000명)보다 적었다.",다만 예산정책처 관계자는 “단순 비교로는 알 수 없는 다른 여러 변수가 있을 수 있다”면서도 “주력 업종들에서 견실한 일자리가 충분히 창출되지 못하고 있다는 점은 분명하다”고 했다.,외국인 취업자 중 상당수는 고용 허가제를 통해 저임금·저숙련 일자리에서 일하기로 약속하고 입국한 이들이다.,국내공식통계,N,고용,전체 취업자 증가 폭,"외국인, 노인, 일자리 참여자, 취업자 증가 폭",-,-,-,,-,-,-,2023,-,Y,확정,32만7000명,KOSIS_VALUE,hcx,전체 취업자 증가 폭,-,2023,Y,hcx,현재값,327000,-,-,N,명,수준값,증가,전년,[검증 대상 문장],high,N,-,N,0,0,HCX-007,v1.5-measurement-binding,2026-07-27,외국인과 노인 일자리 참여자 증가 규모 및 전체 취업자 증가 폭,,2023,Y,명,명,person_count,count,person,,Y,,
A1731-C013,A1731-C013-m1,A1731,"KDI, 올해 성장률 전망치 1.6→0.8% 반토막 하향 조정",2025-05-14,https://www.chosun.com/economy/economy_general/2025/05/14/BVZZJRMGC5H4LHGST2P2SVCX2Y,KDI는 “대내외 수요 둔화로 초래될 수 있는 물가 하방 압력을 축소하기 위해 통화정책은 보다 완화적인 기조로 운용하는 것이 바람직하다”며 “재정정책은 큰 폭의 관리재정수지 적자(GDP 대비 3.3%)를 감안하면 이미 어느 정도 완화적 기조라 정부 지출 추가 확대는 신중히 접근해야 한다”고 했다.,KDI는 올해 경기 둔화 흐름을 감안해 거시 정책은 완화적 기조로 운용해야 한다고 제언했다.,-,국내공식통계,N,재정·조세,관리재정수지 적자 비율,"KDI, 재정정책, 관리재정수지 적자",-,-,-,,-,-,-,2025,-,Y,확정,3.3%,KOSIS_VALUE,hcx,관리재정수지 적자 비율,-,2025,Y,hcx,현재값,3.3,-,-,N,%,수준값,유지,전년,“대내외 수요 둔화로 초래될 수 있는 물가 하방 압력을 축소하기 위해 통화정책은 보다 완화적인 기조로 운용하는 것이 바람직하다”며 “재정정책은 큰 폭의 관리재정수지 적자(GDP 대비 3.3%)를 감안하면 이미 어느 정도 완화적 기조라 정부 지출 추가 확대는 신중히 접근해야 한다”고 했다.,high,N,-,N,0,0,HCX-007,v1.5-measurement-binding,2026-07-27,관리재정수지 적자 비율,,2025,Y,%,%,rate,rate_level,unspecified,,Y,,
A0697-C014,A0697-C014-m1,A0697,악성 미분양 급증한 대구·경북… 부동산 PF 부실로 농·축협도 적자 수렁,2025-02-23,https://www.chosun.com/economy/money/2025/02/23/52IXBWJOUCUQEBHXGGIR5K56AM,"연체 금액도 대구는 약 1400억원, 경북은 약 4800억원 수준이다.","지난해 말 기준 농·축협 공동대출 연체율은 대구 24%, 경북 18%로 전국 1, 2위에 해당한다.",대구·경북의 부동산 경기가 좋지 않아 앞으로 공동대출 부실은 더 늘어날 전망이다.,국내공식통계,N,부동산,공동대출 연체금액,"악성 미분양, 부동산 PF, 농·축협, 적자","대구,경북",-,-,대구,-,-,-,2024말,-,Y,확정,1400억원,KOSIS_VALUE,hcx,공동대출 연체금액,대구,2024말,Y,hcx,현재값,140000000000,-,-,Y,원,수준값,-,전년,"[검증 대상 문장] 연체 금액도 대구는 약 1400억원, 경북은 약 4800억원 수준이다.",mid,N,-,N,0,0,HCX-007,v1.5-measurement-binding,2026-07-27,공동대출 연체금액,,2024말,Y,원,원,currency,amount,item,,Y,,
A0697-C014,A0697-C014-m2,A0697,악성 미분양 급증한 대구·경북… 부동산 PF 부실로 농·축협도 적자 수렁,2025-02-23,https://www.chosun.com/economy/money/2025/02/23/52IXBWJOUCUQEBHXGGIR5K56AM,"연체 금액도 대구는 약 1400억원, 경북은 약 4800억원 수준이다.","지난해 말 기준 농·축협 공동대출 연체율은 대구 24%, 경북 18%로 전국 1, 2위에 해당한다.",대구·경북의 부동산 경기가 좋지 않아 앞으로 공동대출 부실은 더 늘어날 전망이다.,국내공식통계,N,부동산,공동대출 연체금액,"악성 미분양, 부동산 PF, 농·축협, 적자","대구,경북",-,-,경북,-,-,-,2024말,-,Y,확정,4800억원,KOSIS_VALUE,hcx,공동대출 연체금액,경북,2024말,Y,hcx,현재값,480000000000,-,-,Y,원,수준값,-,전년,"[검증 대상 문장] 연체 금액도 대구는 약 1400억원, 경북은 약 4800억원 수준이다.",mid,N,-,N,0,0,HCX-007,v1.5-measurement-binding,2026-07-27,공동대출 연체금액,,2024말,Y,원,원,currency,amount,item,,Y,,
A0739-C010,A0739-C010-m1,A0739,작년 혼인 건수 15% 늘어...증가율 1970년 집계 이래 최고,2025-02-26,https://www.chosun.com/economy/economy_general/2025/02/26/GSSMZGGYMBGKXLHSR4WOOWUCQ4,2019년 12월(2만4945건) 이후 모든 월을 기준으로 5년 만에 혼인 건수가 가장 많았다.,작년 12월 혼인 건수는 2만2519건에 달해 전년 동월 대비 28.1% 늘었다.,작년 12월 혼인 건수 증가율은 12월 기준으로 1981년 월 단위 혼인 건수 통계 집계 이후 가장 높다.,국내공식통계,N,인구,혼인 건수,"작년, 혼인 건수, 증가율, 1970년, 집계",-,-,-,,-,-,-,2019,-,Y,확정,2만4945건,KOSIS_VALUE,hcx,혼인 건수,-,2019,Y,hcx,현재값,24945,-,-,N,건,수준값,-,전년동기,[검증 대상 문장],high,Y,measurement_binding_fallback:1,N,0,1,HCX-007,v1.5-measurement-binding,2026-07-27,혼인 건수,,2024,M,건,건,count,count,unspecified,,Y,,
A2295-C002,A2295-C002-m1,A2295,빚의 늪 빠진 저소득 자영업자… 1분기 연체율 12% ’12년만에 최고',2025-06-26,https://www.chosun.com/economy/economy_general/2025/06/26/XMXERK3NLNH2XI5QIICOGSEXSE,한국은행은 25일 금융안정상황 보고서에서 올해 1분기(1~3월) 말 취약 자영업자의 대출 연체율은 12.24%로 집계됐다고 밝혔다.,최근 경기 둔화 여파로 자영업자들이 어려움을 겪으면서 취약 자영업자 연체율이 12년 만에 최고치를 기록했다.,취약 자영업자는 여러 금융회사에서 돈을 빌린 다중 채무자이면서 저소득이거나 저신용자인 대출자를 뜻한다.,국내공식통계,Y,금융·금리,취약 자영업자 대출 연체율,"자영업자, 연체율, 금융안정상황 보고서",-,-,-,,-,-,-,2025Q1,-,Q,확정,12.24%,KOSIS_VALUE,hcx,취약 자영업자 대출 연체율,-,2025Q1,Q,hcx,현재값,12.24,-,-,N,%,비중,-,전년동기,한국은행은 25일 금융안정상황 보고서에서 올해 1분기(1~3월) 말 취약 자영업자의 대출 연체율은 12.24%로 집계됐다고 밝혔다.,high,N,-,N,0,0,HCX-007,v1.5-measurement-binding,2026-07-27,취약 자영업자 대출 연체율,,2025Q1,Q,%,%,rate,level,unspecified,,Y,,
A2033-C007,A2033-C007-m1,A2033,"“전세사기 두려워 택했는데, ‘미친 월세’에 생활비 절반 나간다”",2025-06-06,https://www.chosun.com/economy/economy_general/2025/06/06/OS5ROBTDJFHNHCVRV3DJBRRB34,"서울 아파트 월세 지수 증가 폭은 작년만 해도 4~6%대였지만, 올 들어 급등하기 시작해 지난 3월엔 8.7%를 기록했고 4월에도 10.3%였다.",2015년 관련 통계 집계 이후 최대 증가 폭이다.,"임차인은 보증금을 제대로 돌려받을 수 있을까 두려워서, 임대인은 금리 하락으로 전세금 이자가 줄어 기존 전세 물건들이 반전세나 월세로 전환되자 서민 주거비 부담은 갈수록 커진다.",국내공식통계,Y,부동산,서울 아파트 월세 지수,"아파트, 월세, 지수, 증가폭",서울,-,-,,-,-,-,2024Q4,-,Q,확정,4%,KOSIS_VALUE,hcx,서울 아파트 월세 지수,-,2024Q4,Q,hcx,증감률,4,-,-,N,%,증감률,증가,전분기,"서울 아파트 월세 지수 증가 폭은 작년만 해도 4~6%대였지만, 올 들어 급등하기 시작해 지난 3월엔 8.7%를 기록했고 4월에도 10.3%였다.",high,Y,measurement_period_ungrounded:2,N,0,0,HCX-007,v1.5-measurement-binding,2026-07-27,서울 아파트 월세 지수 증감률,,2025Q2,Q,%,%,rate,rate_change,unspecified,,Y,,
A2033-C007,A2033-C007-m2,A2033,"“전세사기 두려워 택했는데, ‘미친 월세’에 생활비 절반 나간다”",2025-06-06,https://www.chosun.com/economy/economy_general/2025/06/06/OS5ROBTDJFHNHCVRV3DJBRRB34,"서울 아파트 월세 지수 증가 폭은 작년만 해도 4~6%대였지만, 올 들어 급등하기 시작해 지난 3월엔 8.7%를 기록했고 4월에도 10.3%였다.",2015년 관련 통계 집계 이후 최대 증가 폭이다.,"임차인은 보증금을 제대로 돌려받을 수 있을까 두려워서, 임대인은 금리 하락으로 전세금 이자가 줄어 기존 전세 물건들이 반전세나 월세로 전환되자 서민 주거비 부담은 갈수록 커진다.",국내공식통계,Y,부동산,서울 아파트 월세 지수,"아파트, 월세, 지수, 증가폭",서울,-,-,,-,-,-,2024Q4,-,Q,확정,6%,KOSIS_VALUE,hcx,서울 아파트 월세 지수,-,2024Q4,Q,hcx,증감률,6,-,-,N,%,증감률,증가,전분기,"서울 아파트 월세 지수 증가 폭은 작년만 해도 4~6%대였지만, 올 들어 급등하기 시작해 지난 3월엔 8.7%를 기록했고 4월에도 10.3%였다.",high,Y,measurement_period_ungrounded:2,N,0,0,HCX-007,v1.5-measurement-binding,2026-07-27,서울 아파트 월세 지수 증감률,,2025Q2,Q,%,%,rate,rate_change,unspecified,,Y,,
A1478-C003,A1478-C003-m2,A1478,한국 1분기 -0.2% 역성장 쇼크... 1년간 성장 멈췄다,2025-04-24,https://www.chosun.com/economy/economy_general/2025/04/24/RYSYX6BORRBE5GFWM4X74Z3QLA,성장률이 4개 분기 연속으로 0.1% 이하를 기록한 것은 과거 대형 경제 위기 때도 없었다.,지난해 2분기 이후 분기별 실질 국내총생산(GDP) 성장률이 ‘-0.2%→0.1%→0.1%→-0.2%’로 떨어지면서 지난 1년간 우리나라 성장이 사실상 ‘마이너스(-) 성장’을 나타낸 것이다.,◇’깜짝 반등’ 없었다 24일 한국은행에 따르면 올해 1분기 실질 GDP(속보치)는 지난해 4분기보다 0.2% 감소했다.,국내공식통계,Y,생산·산업,분기 수,"한국, 1분기, 실질 GDP, 속보치",-,-,-,,-,-,-,2025Q1,-,Q,확정,4개,KOSIS_VALUE,hcx,분기 수,-,2025Q1,Q,hcx,현재값,4,-,-,N,개,수준값,유지,전분기,성장률이 4개 분기 연속으로 0.1% 이하를 기록한 것은 과거 대형 경제 위기 때도 없었다.,high,N,-,Y,0,0,HCX-007,v1.5-measurement-binding,2026-07-27,GDP 성장률,,2025Q1,Q,개,개,count,count,unspecified,,Y,,
A0871-C010,A0871-C010-m1,A0871,“아이 낳으면 1억 드립니다”… 인구 증가 ‘전국 1위’ 찍은 이 도시,2025-03-09,https://www.chosun.com/national/national_general/2025/03/09/2FUPCN2GEBEJBF4V7LWZ7PD62I,인구 유입 척도 중 하나인 순이동률에서도 인천은 2021년 이후 단 한 차례도 마이너스를 기록하지 않았다.,전국 평균인 3.6%를 크게 웃도는 수치다.,올해 역시 전국 1위를 유지하고 있다.,국내공식통계,Y,인구,순이동률,-,-,-,-,,-,-,-,2021,-,Y,확정,마이너스,KOSIS_VALUE,hcx,순이동률,-,2021,Y,hcx,현재값,0,-,-,N,%,수준값,유지,전년,인구 유입 척도 중 하나인 순이동률에서도 인천은 2021년 이후 단 한 차례도 마이너스를 기록하지 않았다.,high,N,-,N,0,0,HCX-007,v1.5-measurement-binding,2026-07-27,순이동률,,2021,Y,%,%,rate,level,unspecified,,Y,,
A0250-C027,A0250-C027-m1,A0250,"현대차, 인도에 사활… 현지인 단짝 ‘삼발이’ 뽑아낸다",2025-01-20,https://www.chosun.com/economy/auto/2025/01/20/LDRDYAENK5AGNDHCKVG5QV2OZY,작년 1~9월 현대차 인도 판매량(45만9000여대)의 3분의 1이 크레타였다.,"2015년 7월 인도에서 출시된 크레타는 개발 단계부터 현대차가 인도 시장을 고려해 제작, 인도에서 가장 잘 팔리는 현대차 제품이다.",현대차는 2030년까지 인도에서 크레타 EV를 포함해 전기차 5종을 내놓을 예정이다.,국내공식통계,N,소매·소비,현대차 인도 판매량,"현대차, 인도, 판매량, 크레타",-,-,-,크레타,-,-,-,2024,-,Y,확정,45만9000여대,KOSIS_VALUE,hcx,현대차 인도 판매량,크레타,2024,Y,hcx,현재값,459000,-,-,Y,대,수준값,-,전년,작년 1~9월 현대차 인도 판매량(45만9000여대)의 3분의 1이 크레타였다.,high,N,-,N,0,0,HCX-007,v1.5-measurement-binding,2026-07-27,현대차 인도 판매량,자동차,2024,Y,대,대,count,count,item,,Y,,
A1085-C008,A1085-C008-m1,A1085,"비대면진료 전면 허용 1년, 환자도 의사도 이용 급증",2025-03-25,https://www.chosun.com/economy/economy_general/2025/03/25/3PQ25G3OGFHIVFH467K6W3M63I,"올해 1~2월 닥터나우의 비대면 진료 중 감기, 몸살, 부인과, 소아과 등 경증 질환이 71%에 달하는 것으로 집계됐다.",원산협에 따르면 전체 비대면 진료의 40.6%는 휴일이나 야간 시간대였다.,원산협은 “비대면 진료가 실험 단계를 넘어 의료 체계의 실질적인 한 축으로 자리매김했음을 시사한다”고 했다.,국내공식통계,N,보건·복지,경증 질환 비율,"비대면 진료, 경증 질환, 감기, 몸살, 부인과, 소아과",-,-,-,,-,-,-,202503,-,M,확정,71%,KOSIS_VALUE,hcx,경증 질환 비율,-,202503,M,hcx,현재값,71,-,-,N,%,비중,-,전년동기,"올해 1~2월 닥터나우의 비대면 진료 중 감기, 몸살, 부인과, 소아과 등 경증 질환이 71%에 달하는 것으로 집계됐다.",high,N,-,N,0,0,HCX-007,v1.5-measurement-binding,2026-07-27,비대면 진료 중 경증 질환 비율,,202503,M,%,%,rate,rate_level,unspecified,,Y,,
A1183-C016,A1183-C016-m1,A1183,"한은·통계청의 경제 지표 활용, 노후 위한 투자 밑그림 그리세요",2025-04-02,https://www.chosun.com/economy/money/2025/04/02/KL276AIILNHP5L6JJNYFSJU3XE,"과거 30년간 우리나라 경제성장률이 올해 전망치인 1.5%보다 낮았던 때는 1998년 외환 위기, 2009년 글로벌 금융 위기, 2020년 코로나 팬데믹 위기 등이다.",올해 성장률 전망치의 경우 작년 5월 이후 줄곧 하향 조정돼 왔다.,한국은행 경제통계시스템(ecos.bok.or.kr)에 접속하면 각종 경제와 금융 통계들을 확인할 수 있다.,국내공식통계,N,기타,경제성장률,"한국, 경제성장률, 전망치, 외환위기, 글로벌금융위기, 코로나팬데믹",-,-,-,,-,-,-,2025,-,Y,확정,1.5%,KOSIS_VALUE,hcx,경제성장률,-,2025,Y,hcx,현재값,1.5,-,-,N,%,수준값,-,전년,"과거 30년간 우리나라 경제성장률이 올해 전망치인 1.5%보다 낮았던 때는 1998년 외환 위기, 2009년 글로벌 금융 위기, 2020년 코로나 팬데믹 위기 등이다.",high,Y,measurement_binding_fallback:1,N,0,1,HCX-007,v1.5-measurement-binding,2026-07-27,경제성장률,,2025,Y,%,%,rate,level,unspecified,,Y,,
A1119-C017,A1119-C017-m1,A1119,120만대 ‘메이드 인 USA’ 첫발… “4월 2일 이후가 중요”,2025-03-28,https://www.chosun.com/economy/auto/2025/03/28/CB3WOT3O4JEZTLLQRNXBHYA3SU,현대차그룹은 지난해 미국 전기차 시장에서 12만대를 팔며 테슬라(63만대)에 이어 2위를 나타냈다.,일본 도요타는 작년 말 북미 최초 전기차 생산 공장 가동 시기를 올해에서 내년으로 미뤘다.,2023년 대비 36.2% 증가하며 같은 기간 5.6% 감소한 테슬라와의 격차도 줄였다.,국내공식통계,N,무역,전기차 판매량,"현대차그룹, 미국 전기차 시장, 테슬라, 판매량",-,-,-,현대차그룹,-,-,미국,2025,-,Y,확정,12만대,KOSIS_VALUE,hcx,전기차 판매량,현대차그룹,2025,Y,hcx,현재값,120000,-,-,N,대,수준값,-,전년,현대차그룹은 지난해 미국 전기차 시장에서 12만대를 팔며 테슬라(63만대)에 이어 2위를 나타냈다.,high,N,-,N,0,0,HCX-007,v1.5-measurement-binding,2026-07-27,전기차 판매량,전기차,2025,Y,대,대,count,count,item,,Y,,
A1119-C017,A1119-C017-m2,A1119,120만대 ‘메이드 인 USA’ 첫발… “4월 2일 이후가 중요”,2025-03-28,https://www.chosun.com/economy/auto/2025/03/28/CB3WOT3O4JEZTLLQRNXBHYA3SU,현대차그룹은 지난해 미국 전기차 시장에서 12만대를 팔며 테슬라(63만대)에 이어 2위를 나타냈다.,일본 도요타는 작년 말 북미 최초 전기차 생산 공장 가동 시기를 올해에서 내년으로 미뤘다.,2023년 대비 36.2% 증가하며 같은 기간 5.6% 감소한 테슬라와의 격차도 줄였다.,국내공식통계,N,무역,전기차 판매량,"현대차그룹, 미국 전기차 시장, 테슬라, 판매량",-,-,-,테슬라,-,-,미국,2025,-,Y,확정,63만대,KOSIS_VALUE,hcx,전기차 판매량,테슬라,2025,Y,hcx,현재값,630000,-,-,N,대,수준값,-,전년,현대차그룹은 지난해 미국 전기차 시장에서 12만대를 팔며 테슬라(63만대)에 이어 2위를 나타냈다.,high,N,-,N,0,0,HCX-007,v1.5-measurement-binding,2026-07-27,전기차 판매량,전기차,2025,Y,대,대,count,count,item,,Y,,
A0070-C004,A0070-C004-m1,A0070,대중-대미 수출 격차 21년 만 최소...트럼프 2기 미국 수출 1위 올라서나,2025-01-06,https://www.chosun.com/economy/economy_general/2025/01/06/BXDMXSYJWZDNDOGA5VONBDMCWY,"6일 한국무역협회에 따르면, 지난해 대중 수출액은 1330억2600만달러로 전년 대비 6.6% 늘었다.",반면 미국과는 동맹 강화를 바탕으로 교역이 활발해지면서 대미 투자와 수출이 크게 늘었다.,대미 수출액은 1277억9100만달러로 1년 전보다 10.45% 늘었다.,국내공식통계,Y,무역,대중 수출액,"대중 수출액, 대미 수출액, 수출 증가율",-,-,-,,-,-,-,2024,-,Y,확정,1330억2600만달러,KOSIS_VALUE,hcx,대중 수출액,-,2024,Y,hcx,현재값,133026000000,-,-,N,달러,수준값,증가,전년,"6일 한국무역협회에 따르면, 지난해 대중 수출액은 1330억2600만달러로 전년 대비 6.6% 늘었다.",high,N,-,N,0,0,HCX-007,v1.5-measurement-binding,2026-07-27,수출액,,2024,Y,달러,달러,currency,amount,unspecified,,Y,,
A0070-C004,A0070-C004-m2,A0070,대중-대미 수출 격차 21년 만 최소...트럼프 2기 미국 수출 1위 올라서나,2025-01-06,https://www.chosun.com/economy/economy_general/2025/01/06/BXDMXSYJWZDNDOGA5VONBDMCWY,"6일 한국무역협회에 따르면, 지난해 대중 수출액은 1330억2600만달러로 전년 대비 6.6% 늘었다.",반면 미국과는 동맹 강화를 바탕으로 교역이 활발해지면서 대미 투자와 수출이 크게 늘었다.,대미 수출액은 1277억9100만달러로 1년 전보다 10.45% 늘었다.,국내공식통계,Y,무역,대중 수출액 증감률,"대중 수출액, 대미 수출액, 수출 증가율",-,-,-,,-,-,-,2024,-,Y,확정,6.6%,KOSIS_VALUE,hcx,대중 수출액 증감률,-,2024,Y,hcx,증감률,6.6,-,-,N,%,증감률,증가,전년,"6일 한국무역협회에 따르면, 지난해 대중 수출액은 1330억2600만달러로 전년 대비 6.6% 늘었다.",high,N,-,N,0,0,HCX-007,v1.5-measurement-binding,2026-07-27,수출액,,2024,Y,%,%,rate,rate_change,unspecified,2023,Y,,
A0837-C010,A0837-C010-m1,A0837,1인 年소득 5000만원? 난 왜 체감이 안 될까,2025-03-06,https://www.chosun.com/economy/economy_general/2025/03/06/6NO5N7ES2NFOJIC7KKZF4E3ZHI,"우리나라 1인당 PGDI는 1975년 482달러였는데, 지난 2023년에는 1만9498달러(약 2840만원)로 상승했다.",개인이 벌어들이는 임금과 정부로부터 받는 연금 등에서 세금이나 각종 사회보험료를 뺀 소득을 나타낸다.,"문제는 GNI에서 PGDI가 차지하는 비율이 줄고, 기업과 정부 비율이 늘고 있다는 것이다.",국내공식통계,N,소득·임금,PGDI,"1인당, 소득, PGDI, 달러, 원",-,-,-,,-,-,-,1975,-,Y,확정,482달러,KOSIS_VALUE,hcx,PGDI,-,1975,Y,hcx,현재값,482,-,-,N,달러,수준값,증가,전년,"우리나라 1인당 PGDI는 1975년 482달러였는데, 지난 2023년에는 1만9498달러(약 2840만원)로 상승했다.",high,N,-,Y,0,0,HCX-007,v1.5-measurement-binding,2026-07-27,PGDI,,2023,Y,달러,달러,currency,amount,unspecified,,Y,,
A0837-C010,A0837-C010-m2,A0837,1인 年소득 5000만원? 난 왜 체감이 안 될까,2025-03-06,https://www.chosun.com/economy/economy_general/2025/03/06/6NO5N7ES2NFOJIC7KKZF4E3ZHI,"우리나라 1인당 PGDI는 1975년 482달러였는데, 지난 2023년에는 1만9498달러(약 2840만원)로 상승했다.",개인이 벌어들이는 임금과 정부로부터 받는 연금 등에서 세금이나 각종 사회보험료를 뺀 소득을 나타낸다.,"문제는 GNI에서 PGDI가 차지하는 비율이 줄고, 기업과 정부 비율이 늘고 있다는 것이다.",국내공식통계,N,소득·임금,PGDI,"1인당, 소득, PGDI, 달러, 원",-,-,-,,-,-,-,2023,-,Y,확정,1만9498달러,KOSIS_VALUE,hcx,PGDI,-,2023,Y,hcx,현재값,19498,-,-,N,달러,수준값,증가,전년,"우리나라 1인당 PGDI는 1975년 482달러였는데, 지난 2023년에는 1만9498달러(약 2840만원)로 상승했다.",high,N,-,Y,0,0,HCX-007,v1.5-measurement-binding,2026-07-27,PGDI,,2023,Y,달러,달러,currency,amount,unspecified,,Y,,
A0837-C010,A0837-C010-m3,A0837,1인 年소득 5000만원? 난 왜 체감이 안 될까,2025-03-06,https://www.chosun.com/economy/economy_general/2025/03/06/6NO5N7ES2NFOJIC7KKZF4E3ZHI,"우리나라 1인당 PGDI는 1975년 482달러였는데, 지난 2023년에는 1만9498달러(약 2840만원)로 상승했다.",개인이 벌어들이는 임금과 정부로부터 받는 연금 등에서 세금이나 각종 사회보험료를 뺀 소득을 나타낸다.,"문제는 GNI에서 PGDI가 차지하는 비율이 줄고, 기업과 정부 비율이 늘고 있다는 것이다.",국내공식통계,N,소득·임금,PGDI,"1인당, 소득, PGDI, 달러, 원",-,-,-,,-,-,-,2023,-,Y,확정,2840만원,KOSIS_VALUE,hcx,PGDI,-,2023,Y,hcx,현재값,28400000,-,-,Y,원,수준값,증가,전년,"우리나라 1인당 PGDI는 1975년 482달러였는데, 지난 2023년에는 1만9498달러(약 2840만원)로 상승했다.",high,N,-,Y,0,0,HCX-007,v1.5-measurement-binding,2026-07-27,PGDI,,2023,Y,원,원,currency,amount,unspecified,,Y,,
A0024-C002,A0024-C002-m1,A0024,"정부, 작년 세수 부족으로 韓銀서 170조원 빌려 썼다",2025-01-02,https://www.chosun.com/economy/economy_general/2025/01/02/LYWZZSQ6I5AVJDNTRW6KAK6ORY,"1일 더불어민주당 임광현 의원이 한은에서 제출받은 자료에 따르면, 정부는 지난해 한은에서 누적으로 따져 총 173조원을 일시 차입했다.",정부가 지난해 세수 부족으로 한국은행에서 170조원 넘는 돈을 빌려 쓴 것으로 나타났다.,이는 관련 통계를 확인할 수 있는 2011년 이후 역대 최대 규모다.,국내공식통계,N,재정·조세,정부 차입금,"정부, 세수 부족, 한국은행, 차입, 자료",-,-,-,,-,-,-,2024,-,Y,확정,173조원,KOSIS_VALUE,hcx,정부 차입금,-,2024,Y,hcx,현재값,173000000000000,-,-,N,원,수준값,-,전년,정부가 지난해 세수 부족으로 한국은행에서 누적으로 따져 총 173조원을 일시 차입했다.,high,N,-,N,0,0,HCX-007,v1.5-measurement-binding,2026-07-27,정부 차입금,,2024,Y,원,원,currency,amount,unspecified,,Y,,
A1922-C001,A1922-C001-m1,A1922,"결혼 늘고 정책 먹혔다... 1분기 합계출산율, 2년 만에 0.8명대 복귀",2025-05-28,https://www.chosun.com/economy/economy_general/2025/05/28/YCG67WTAFRH2JCK555W6H46K7Y,올해 1분기 합계출산율(여성 1명이 평생 낳을 것으로 예상되는 아이 수)이 2년 만에 0.8명대를 기록했다.,-,"코로나 엔데믹(풍토병화) 이후 결혼한 부부가 본격적으로 아이를 낳기 시작한 데다, 신생아 특례 대출 등 정부와 지방자치단체의 각종 출산 장려책도 효과를 거두고 있다는 평가다.",국내공식통계,Y,인구,합계출산율,"결혼, 정책, 1분기, 합계출산율, 여성, 아이 수",-,-,-,,-,-,-,2025Q1,-,Q,확정,0.8명,KOSIS_VALUE,hcx,합계출산율,-,2025Q1,Q,hcx,현재값,0.8,-,-,N,명,수준값,-,전년동기,올해 1분기 합계출산율(여성 1명이 평생 낳을 것으로 예상되는 아이 수)이 2년 만에 0.8명대를 기록했다.,high,N,-,Y,0,0,HCX-007,v1.5-measurement-binding,2026-07-27,합계출산율,,2025Q1,Q,명,명,person_count,count,unspecified,,Y,,
A1922-C001,A1922-C001-m2,A1922,"결혼 늘고 정책 먹혔다... 1분기 합계출산율, 2년 만에 0.8명대 복귀",2025-05-28,https://www.chosun.com/economy/economy_general/2025/05/28/YCG67WTAFRH2JCK555W6H46K7Y,올해 1분기 합계출산율(여성 1명이 평생 낳을 것으로 예상되는 아이 수)이 2년 만에 0.8명대를 기록했다.,-,"코로나 엔데믹(풍토병화) 이후 결혼한 부부가 본격적으로 아이를 낳기 시작한 데다, 신생아 특례 대출 등 정부와 지방자치단체의 각종 출산 장려책도 효과를 거두고 있다는 평가다.",국내공식통계,Y,인구,합계출산율,"결혼, 정책, 1분기, 합계출산율, 여성, 아이 수",-,-,-,,-,-,-,2025Q1,-,Q,확정,1명,KOSIS_VALUE,hcx,합계출산율,-,2025Q1,Q,hcx,현재값,1,-,-,N,명,수준값,-,전년동기,올해 1분기 합계출산율(여성 1명이 평생 낳을 것으로 예상되는 아이 수)이 2년 만에 0.8명대를 기록했다.,high,N,-,Y,0,0,HCX-007,v1.5-measurement-binding,2026-07-27,합계출산율,,2025Q1,Q,명,명,person_count,count,unspecified,,Y,,
A1253-C009,A1253-C009-m2,A1253,‘관세 전쟁’ 반영 안 했는데도… 올 한국 성장률 1.4%로 내려,2025-04-07,https://www.chosun.com/economy/economy_general/2025/04/07/VVA56JEZHRGWBM24Z4F4FHUU5E,"앞서 한국은행은 지난 2월 올해 성장률 전망을 기존 1.9%에서 1.5%로 내렸고, 관세 전쟁이 격화하는 경우 1.4% 성장으로 둔화할 것으로 봤다.",미국 은행 웰스파고는 “상호 관세 부과 등으로 올해 한국 경제 성장률이 약 0.5~1.0%포인트 떨어질 것”이라고 봤다.,올 1분기(1~3월) 성장률도 한은이 전망했던 전기 대비 0.2% 성장을 달성하기 어려울 것이라는 평가가 나온다.,국내공식통계,N,재정·조세,경제성장률,"한국, 성장률, 관세전쟁",-,-,-,,-,-,-,2025,-,Y,확정,1.5%,KOSIS_VALUE,hcx,경제성장률,-,2025,Y,hcx,현재값,1.5,-,-,N,%,수준값,감소,전년,"앞서 한국은행은 지난 2월 올해 성장률 전망을 기존 1.9%에서 1.5%로 내렸고, 관세 전쟁이 격화하는 경우 1.4% 성장으로 둔화할 것으로 봤다.",high,N,-,N,0,0,HCX-007,v1.5-measurement-binding,2026-07-27,경제성장률,,2025,Y,%,%,rate,level,unspecified,,Y,,
A1253-C009,A1253-C009-m3,A1253,‘관세 전쟁’ 반영 안 했는데도… 올 한국 성장률 1.4%로 내려,2025-04-07,https://www.chosun.com/economy/economy_general/2025/04/07/VVA56JEZHRGWBM24Z4F4FHUU5E,"앞서 한국은행은 지난 2월 올해 성장률 전망을 기존 1.9%에서 1.5%로 내렸고, 관세 전쟁이 격화하는 경우 1.4% 성장으로 둔화할 것으로 봤다.",미국 은행 웰스파고는 “상호 관세 부과 등으로 올해 한국 경제 성장률이 약 0.5~1.0%포인트 떨어질 것”이라고 봤다.,올 1분기(1~3월) 성장률도 한은이 전망했던 전기 대비 0.2% 성장을 달성하기 어려울 것이라는 평가가 나온다.,국내공식통계,N,재정·조세,경제성장률,"한국, 성장률, 관세전쟁",-,-,-,,-,-,-,2025,-,Y,확정,1.4%,KOSIS_VALUE,hcx,경제성장률,-,2025,Y,hcx,증감률,1.4,-,-,N,%,수준값,감소,전년,"앞서 한국은행은 지난 2월 올해 성장률 전망을 기존 1.9%에서 1.5%로 내렸고, 관세 전쟁이 격화하는 경우 1.4% 성장으로 둔화할 것으로 봤다.",high,N,-,N,0,0,HCX-007,v1.5-measurement-binding,2026-07-27,경제성장률,,2025,Y,%,%,rate,rate_change,unspecified,2024,Y,,
A1051-C015,A1051-C015-m1,A1051,[증시한담] 다시 늘어난 주식 보유 기간… 사실은 물려서?,2025-03-22,https://www.chosun.com/economy/money/2025/03/22/O5455JDSR7DFZT47VQV3STI7BQ,한국예탁결제원에 따르면 삼성전자 주식 소유자 수는 지난해 말 기준 567만명입니다.,가장 많은 국내 투자자가 보유한 삼성전자가 대표적인 예입니다.,네이버페이 ‘내자산 서비스’와 연동한 삼성전자 투자자 29만명의 평균 매수가는 6만6962원입니다.,국내공식통계,N,금융·금리,주식 소유자 수,"삼성전자, 주식 소유자 수",-,-,-,삼성전자,-,-,-,2024말,-,Y,확정,567만명,KOSIS_VALUE,hcx,주식 소유자 수,삼성전자,2024말,Y,hcx,현재값,5670000,-,-,N,명,수준값,-,전년,한국예탁결제원에 따르면 삼성전자 주식 소유자 수는 지난해 말 기준 567만명입니다.,high,N,-,N,0,0,HCX-007,v1.5-measurement-binding,2026-07-27,주식 소유자 수,삼성전자,2024말,Y,명,명,person_count,count,item,,Y,,
A0872-C007,A0872-C007-m2,A0872,"픽업트럭 기아 타스만, 불티나게 팔리는 이유",2025-03-09,https://www.chosun.com/economy/auto/2025/03/09/7KBLGBFYONHXZBMQOMJWKE275U,"한국자동차모빌리티산업협회(KAMA)에 따르면 2019년 국내 완성차 5사의 픽업 판매량은 4만2619대였지만, 2020년 3만8117대, 2021년 2만9567대, 2022년 2만8753대, 2023년 1만7455대, 2024년 1만3475대로 매년 줄고 있다.",자동차 업계에서는 타스만의 인기가 침체했던 국내 픽업 시장 부흥으로 이어질지 관심을 키우고 있다.,전체 승용차 판매에서 차지하는 비율도 2019년 3.3%에서 2024년 1.1%로 3분의 1 수준으로 줄었다.,국내공식통계,Y,소매·소비,픽업 판매량,"완성차, 픽업, 판매량, 국내",-,-,-,완성차,-,-,-,2019,-,Y,확정,4만2619대,KOSIS_VALUE,hcx,픽업 판매량,완성차,2019,Y,hcx,현재값,42619,-,-,N,대,수준값,-,전년,"[검증 대상 문장] 한국자동차모빌리티산업협회(KAMA)에 따르면 2019년 국내 완성차 5사의 픽업 판매량은 4만2619대였지만, 2020년 3만8117대, 2021년 2만9567대, 2022년 2만8753대, 2023년 1만7455대, 2024년 1만3475대로 매년 줄고 있다.",high,N,-,Y,0,0,HCX-007,v1.5-measurement-binding,2026-07-27,픽업 판매량,완성차,2024,Y,대,대,count,count,vehicle,,Y,,
A0872-C007,A0872-C007-m3,A0872,"픽업트럭 기아 타스만, 불티나게 팔리는 이유",2025-03-09,https://www.chosun.com/economy/auto/2025/03/09/7KBLGBFYONHXZBMQOMJWKE275U,"한국자동차모빌리티산업협회(KAMA)에 따르면 2019년 국내 완성차 5사의 픽업 판매량은 4만2619대였지만, 2020년 3만8117대, 2021년 2만9567대, 2022년 2만8753대, 2023년 1만7455대, 2024년 1만3475대로 매년 줄고 있다.",자동차 업계에서는 타스만의 인기가 침체했던 국내 픽업 시장 부흥으로 이어질지 관심을 키우고 있다.,전체 승용차 판매에서 차지하는 비율도 2019년 3.3%에서 2024년 1.1%로 3분의 1 수준으로 줄었다.,국내공식통계,Y,소매·소비,픽업 판매량,"완성차, 픽업, 판매량, 국내",-,-,-,완성차,-,-,-,2020,-,Y,확정,3만8117대,KOSIS_VALUE,hcx,픽업 판매량,완성차,2020,Y,hcx,현재값,38117,-,-,N,대,수준값,-,전년,"[검증 대상 문장] 한국자동차모빌리티산업협회(KAMA)에 따르면 2019년 국내 완성차 5사의 픽업 판매량은 4만2619대였지만, 2020년 3만8117대, 2021년 2만9567대, 2022년 2만8753대, 2023년 1만7455대, 2024년 1만3475대로 매년 줄고 있다.",high,N,-,Y,0,0,HCX-007,v1.5-measurement-binding,2026-07-27,픽업 판매량,완성차,2024,Y,대,대,count,count,vehicle,,Y,,
A0872-C007,A0872-C007-m4,A0872,"픽업트럭 기아 타스만, 불티나게 팔리는 이유",2025-03-09,https://www.chosun.com/economy/auto/2025/03/09/7KBLGBFYONHXZBMQOMJWKE275U,"한국자동차모빌리티산업협회(KAMA)에 따르면 2019년 국내 완성차 5사의 픽업 판매량은 4만2619대였지만, 2020년 3만8117대, 2021년 2만9567대, 2022년 2만8753대, 2023년 1만7455대, 2024년 1만3475대로 매년 줄고 있다.",자동차 업계에서는 타스만의 인기가 침체했던 국내 픽업 시장 부흥으로 이어질지 관심을 키우고 있다.,전체 승용차 판매에서 차지하는 비율도 2019년 3.3%에서 2024년 1.1%로 3분의 1 수준으로 줄었다.,국내공식통계,Y,소매·소비,픽업 판매량,"완성차, 픽업, 판매량, 국내",-,-,-,완성차,-,-,-,2021,-,Y,확정,2만9567대,KOSIS_VALUE,hcx,픽업 판매량,완성차,2021,Y,hcx,현재값,29567,-,-,N,대,수준값,-,전년,"[검증 대상 문장] 한국자동차모빌리티산업협회(KAMA)에 따르면 2019년 국내 완성차 5사의 픽업 판매량은 4만2619대였지만, 2020년 3만8117대, 2021년 2만9567대, 2022년 2만8753대, 2023년 1만7455대, 2024년 1만3475대로 매년 줄고 있다.",high,N,-,Y,0,0,HCX-007,v1.5-measurement-binding,2026-07-27,픽업 판매량,완성차,2024,Y,대,대,count,count,vehicle,,Y,,
A0872-C007,A0872-C007-m5,A0872,"픽업트럭 기아 타스만, 불티나게 팔리는 이유",2025-03-09,https://www.chosun.com/economy/auto/2025/03/09/7KBLGBFYONHXZBMQOMJWKE275U,"한국자동차모빌리티산업협회(KAMA)에 따르면 2019년 국내 완성차 5사의 픽업 판매량은 4만2619대였지만, 2020년 3만8117대, 2021년 2만9567대, 2022년 2만8753대, 2023년 1만7455대, 2024년 1만3475대로 매년 줄고 있다.",자동차 업계에서는 타스만의 인기가 침체했던 국내 픽업 시장 부흥으로 이어질지 관심을 키우고 있다.,전체 승용차 판매에서 차지하는 비율도 2019년 3.3%에서 2024년 1.1%로 3분의 1 수준으로 줄었다.,국내공식통계,Y,소매·소비,픽업 판매량,"완성차, 픽업, 판매량, 국내",-,-,-,완성차,-,-,-,2022,-,Y,확정,2만8753대,KOSIS_VALUE,hcx,픽업 판매량,완성차,2022,Y,hcx,현재값,28753,-,-,N,대,수준값,-,전년,"[검증 대상 문장] 한국자동차모빌리티산업협회(KAMA)에 따르면 2019년 국내 완성차 5사의 픽업 판매량은 4만2619대였지만, 2020년 3만8117대, 2021년 2만9567대, 2022년 2만8753대, 2023년 1만7455대, 2024년 1만3475대로 매년 줄고 있다.",high,N,-,Y,0,0,HCX-007,v1.5-measurement-binding,2026-07-27,픽업 판매량,완성차,2024,Y,대,대,count,count,vehicle,,Y,,
A0872-C007,A0872-C007-m6,A0872,"픽업트럭 기아 타스만, 불티나게 팔리는 이유",2025-03-09,https://www.chosun.com/economy/auto/2025/03/09/7KBLGBFYONHXZBMQOMJWKE275U,"한국자동차모빌리티산업협회(KAMA)에 따르면 2019년 국내 완성차 5사의 픽업 판매량은 4만2619대였지만, 2020년 3만8117대, 2021년 2만9567대, 2022년 2만8753대, 2023년 1만7455대, 2024년 1만3475대로 매년 줄고 있다.",자동차 업계에서는 타스만의 인기가 침체했던 국내 픽업 시장 부흥으로 이어질지 관심을 키우고 있다.,전체 승용차 판매에서 차지하는 비율도 2019년 3.3%에서 2024년 1.1%로 3분의 1 수준으로 줄었다.,국내공식통계,Y,소매·소비,픽업 판매량,"완성차, 픽업, 판매량, 국내",-,-,-,완성차,-,-,-,2023,-,Y,확정,1만7455대,KOSIS_VALUE,hcx,픽업 판매량,완성차,2023,Y,hcx,현재값,17455,-,-,N,대,수준값,-,전년,"[검증 대상 문장] 한국자동차모빌리티산업협회(KAMA)에 따르면 2019년 국내 완성차 5사의 픽업 판매량은 4만2619대였지만, 2020년 3만8117대, 2021년 2만9567대, 2022년 2만8753대, 2023년 1만7455대, 2024년 1만3475대로 매년 줄고 있다.",high,N,-,Y,0,0,HCX-007,v1.5-measurement-binding,2026-07-27,픽업 판매량,완성차,2024,Y,대,대,count,count,vehicle,,Y,,
A0872-C007,A0872-C007-m7,A0872,"픽업트럭 기아 타스만, 불티나게 팔리는 이유",2025-03-09,https://www.chosun.com/economy/auto/2025/03/09/7KBLGBFYONHXZBMQOMJWKE275U,"한국자동차모빌리티산업협회(KAMA)에 따르면 2019년 국내 완성차 5사의 픽업 판매량은 4만2619대였지만, 2020년 3만8117대, 2021년 2만9567대, 2022년 2만8753대, 2023년 1만7455대, 2024년 1만3475대로 매년 줄고 있다.",자동차 업계에서는 타스만의 인기가 침체했던 국내 픽업 시장 부흥으로 이어질지 관심을 키우고 있다.,전체 승용차 판매에서 차지하는 비율도 2019년 3.3%에서 2024년 1.1%로 3분의 1 수준으로 줄었다.,국내공식통계,Y,소매·소비,픽업 판매량,"완성차, 픽업, 판매량, 국내",-,-,-,완성차,-,-,-,2024,-,Y,확정,1만3475대,KOSIS_VALUE,hcx,픽업 판매량,완성차,2024,Y,hcx,현재값,13475,-,-,N,대,수준값,-,전년,"[검증 대상 문장] 한국자동차모빌리티산업협회(KAMA)에 따르면 2019년 국내 완성차 5사의 픽업 판매량은 4만2619대였지만, 2020년 3만8117대, 2021년 2만9567대, 2022년 2만8753대, 2023년 1만7455대, 2024년 1만3475대로 매년 줄고 있다.",high,N,-,Y,0,0,HCX-007,v1.5-measurement-binding,2026-07-27,픽업 판매량,완성차,2024,Y,대,대,count,count,vehicle,,Y,,
A1356-C021,A1356-C021-m1,A1356,"3040은 생활비, 60대 이상은 팬클럽 활동에 ‘모임 통장’ 쓴다",2025-04-15,https://www.chosun.com/economy/economy_general/2025/04/15/KNSLCZWTCZCXDIAF2VXAAVSXKM,모임 통장 이용자 중 1.5%(2020년)에 불과했던 60대 이상 비율은 작년 말 6.9%로 4년 만에 4.6배로 뛰었다.,카카오뱅크 관계자는 “가수 임영웅 신드롬을 타고 중장년층에 형성된 팬덤 문화 덕에 최근 60대 이상 모임 통장 가입자가 늘었다”고 했다.,이 연령대의 10%는 모임 통장 개설 목적이 ‘팬 모임’이라고 밝혔다.,국내공식통계,N,소매·소비,모임 통장 이용자 비율,"모임 통장, 60대 이상, 비중, 배수",-,60대 이상,-,60대 이상,-,-,-,2024,-,Y,확정,6.9%,KOSIS_VALUE,hcx,모임 통장 이용자 비율,60대 이상,2024,Y,hcx,현재값,6.9,-,-,N,%,비중,-,전년,[검증 대상 문장] 모임 통장 이용자 중 1.5%(2020년)에 불과했던 60대 이상 비율은 작년 말 6.9%로 4년 만에 4.6배로 뛰었다.,high,Y,measurement_rule_fallback:2,Y,2,0,HCX-007,v1.5-measurement-binding,2026-07-27,모임 통장 이용자 비율,,2024,Y,%,%,rate,rate_level,item,,Y,,
A0882-C023,A0882-C023-m1,A0882,일본 따라가네... 중소·벤처 M&A 시장서 독립계 자문사 뜬다,2025-03-09,https://www.chosun.com/economy/money/2025/03/09/FQYIFBQP7R6CKAJTG5MV7SQ2XA,중소벤처기업연구원에 따르면 국내 제조 중소기업 경영자 중 ’60세 이상’ 비중은 2012년 14.1%에서 2022년 33.5%로 증가했다.,독립계 자문사의 먹거리가 느는 셈이다.,특히 이 중 20.4%의 중소기업은 적절한 후계자가 없으며 후계자가 없는 중소기업 중 30.7%가 M&A를 고려 중인 것으로 조사됐다.,국내공식통계,N,고용,제조 중소기업 경영자의 60세 이상 비중,"중소기업, 제조업, 경영자, 60세 이상, 후계자, M&A",-,60세 이상,-,,제조 중소기업 경영자,-,-,2022,-,Y,확정,33.5%,KOSIS_VALUE,hcx,제조 중소기업 경영자의 60세 이상 비중,-,2022,Y,hcx,현재값,33.5,-,-,N,%,수준값,증가,전년동기,중소벤처기업연구원에 따르면 국내 제조 중소기업 경영자 중 '60세 이상' 비중은 2012년 14.1%에서 2022년 33.5%로 증가했다.,high,Y,measurement_binding_fallback:1,Y,0,1,HCX-007,v1.5-measurement-binding,2026-07-27,제조 중소기업 경영자의 연령 분포,,2022,Y,%,%,rate,level,organization,,Y,,
A2426-C003,A2426-C003-m1,A2426,"국내 주식형 펀드 주간 설정액, 3개월 만에 최대 증가 폭",2025-07-06,https://www.chosun.com/economy/money/2025/07/06/DQY4UVHVL2IYBWR2FELGTNX3QU,15:40 0 국내 주식형 펀드 설정액이 일주일 새 6000억원 넘게 늘면서 3개월 만에 최대 증가 폭을 기록했다.,15:40 업데이트 2025.07.06.,6일 펀드평가사 에프앤가이드에 따르면 국내 주식형 펀드 1039개의 설정액은 지난 4일 기준 총 56조1830억원이다.,국내공식통계,Y,소매·소비,주식형 펀드 설정액,"펀드, 설정액, 증가폭",-,-,-,,-,-,-,202507,-,M,확정,6000억원,KOSIS_VALUE,hcx,주식형 펀드 설정액,-,202507,M,hcx,현재값,600000000000,-,-,N,원,수준값,증가,전월,[검증 대상 문장] 15:40 국내 주식형 펀드 설정액이 일주일 새 6000억원 넘게 늘면서 3개월 만에 최대 증가 폭을 기록했다.,high,N,-,N,0,0,HCX-007,v1.5-measurement-binding,2026-07-27,주식형 펀드 설정액,,202507,M,원,원,currency,amount,unspecified,,Y,,
A0837-C012,A0837-C012-m1,A0837,1인 年소득 5000만원? 난 왜 체감이 안 될까,2025-03-06,https://www.chosun.com/economy/economy_general/2025/03/06/6NO5N7ES2NFOJIC7KKZF4E3ZHI,"한은에 따르면 GNI 대비 PGDI 비율은 한은이 해당 통계 작성을 시작한 1975년에는 77.5%였는데, 지난 2023년 53.9%로 역대 최저치로 떨어졌다.","문제는 GNI에서 PGDI가 차지하는 비율이 줄고, 기업과 정부 비율이 늘고 있다는 것이다.","갈수록 국민소득이 개인보다 기업이나 정부에 돌아가다 보니, 개인은 소득이 늘었다고 느끼기 어려워지는 것이다.",국내공식통계,N,소득·임금,GNI 대비 PGDI 비율,"GNI, PGDI, 비율, 소득",-,-,-,,-,-,-,2023,-,Y,확정,53.9%,KOSIS_VALUE,hcx,GNI 대비 PGDI 비율,-,2023,Y,hcx,현재값,53.9,-,-,N,%,비중,-,전년,"한은에 따르면 GNI 대비 PGDI 비율은 한은이 해당 통계 작성을 시작한 1975년에는 77.5%였는데, 지난 2023년 53.9%로 역대 최저치로 떨어졌다.",high,N,-,N,0,0,HCX-007,v1.5-measurement-binding,2026-07-27,GNI 대비 PGDI 비율,,2023,Y,%,%,rate,rate_level,unspecified,,Y,,
A1731-C001,A1731-C001-m1,A1731,"KDI, 올해 성장률 전망치 1.6→0.8% 반토막 하향 조정",2025-05-14,https://www.chosun.com/economy/economy_general/2025/05/14/BVZZJRMGC5H4LHGST2P2SVCX2Y,국책연구기관인 한국개발연구원(KDI)이 14일 올해 한국의 경제성장률을 0.8%로 전망했다.,-,KDI는 지난 2월 올해 경제성장률을 1.6%로 전망했지만 건설업 부진과 통상 여건 악화가 이어지면서 0.8%포인트 하향 조정한 것이다.,국내공식통계,Y,재정·조세,경제성장률,한국개발연구원; 경제성장률; 전망치,-,-,-,,-,-,-,2025,-,Y,확정,0.8%,KOSIS_VALUE,hcx,경제성장률,-,2025,Y,hcx,현재값,0.8,-,-,N,%,수준값,유지,전년,국책연구기관인 한국개발연구원(KDI)이 14일 올해 한국의 경제성장률을 0.8%로 전망했다.,high,N,-,N,0,0,HCX-007,v1.5-measurement-binding,2026-07-27,경제성장률,,2025,Y,%,%,rate,level,unspecified,,Y,,
A1891-C007,A1891-C007-m2,A1891,팬데믹 때도 안 줄었는데… 내수 침체에 커피 음료점 첫 감소,2025-05-26,https://www.chosun.com/economy/economy_general/2025/05/26/MNOSMU43GBFBJMFG6IPB4SHSJ4,2021년 7만개를 돌파한 커피 전문점은 지난해 1분기 9만6080개까지 늘어났다.,"2018년 1분기 4만5200여 개이던 커피음료점은 2019년 5만3100여 개로 늘었고, 코로나 팬데믹 시기를 지나면서도 저가 커피의 인기에 힘입어 숫자는 계속 늘었다.","그러나 지난해 하반기 비상계엄과 탄핵 사태로 깊어진 내수 부진과 원두 가격, 인건비 등의 상승 부담으로 폐업이 늘면서 감소세로 돌아선 것이다.",국내공식통계,N,소매·소비,커피 전문점 수,"팬데믹, 내수 침체, 커피 음료점, 증가, 감소",-,-,-,,-,-,-,2024Q1,-,Q,확정,9만6080개,KOSIS_VALUE,hcx,커피 전문점 수,-,2024Q1,Q,hcx,현재값,96080,-,-,N,개,수준값,감소,전분기,2021년 7만개를 돌파한 커피 전문점은 지난해 1분기 9만6080개까지 늘어났다.,high,N,-,N,0,0,HCX-007,v1.5-measurement-binding,2026-07-28,커피 전문점 수,,2021,Y,개,개,count,count,unspecified,,Y,,
A2568-C004,A2568-C004-m1,A2568,"우리나라 가구당 순자산 약 6억원, 주택이 절반 이상 차지...전체 국민순자산은 2경4105조원으로 집계",2025-07-17,https://www.chosun.com/economy/economy_general/2025/07/17/NK56CBTS5BH4THD2J2OCG5PQZI,"이를 가구 수(2218만 가구)로 나눈 가구당 가계순자산은 전년보다 2.4% 증가한 5억8916만원, 인구(5175만명)로 나눈 1인당 가계순자산은 3.3% 늘어난 2억5251만원으로 집계됐다.",17일 한국은행이 발표한 ‘2024년 국민대차대조표(잠정)’에 따르면 작년 말 기준 우리나라 가계 및 비영리단체 순자산은 1경3068조원이다.,가계순자산은 부동산과 예금 등 한 가구가 보유한 전체 자산에서 빚(금융 부채)을 뺀 금액이다.,국내공식통계,Y,부동산,가구 수,"우리나라, 가구당 순자산, 주택, 국민순자산",-,-,-,,-,-,-,2024,-,Y,확정,2218만 가구,KOSIS_VALUE,hcx,가구 수,-,2024,Y,hcx,현재값,22180000,-,-,N,가구,수준값,증가,전년,"[검증 대상 문장] 이를 가구 수(2218만 가구)로 나눈 가구당 가계순자산은 전년보다 2.4% 증가한 5억8916만원, 인구(5175만명)로 나눈 1인당 가계순자산은 3.3% 늘어난 2억5251만원으로 집계됐다.",high,N,-,Y,0,0,HCX-007,v1.5-measurement-binding,2026-07-28,가구당 가계순자산,,2024,Y,가구,가구,count,count,household,,Y,,
A2568-C004,A2568-C004-m2,A2568,"우리나라 가구당 순자산 약 6억원, 주택이 절반 이상 차지...전체 국민순자산은 2경4105조원으로 집계",2025-07-17,https://www.chosun.com/economy/economy_general/2025/07/17/NK56CBTS5BH4THD2J2OCG5PQZI,"이를 가구 수(2218만 가구)로 나눈 가구당 가계순자산은 전년보다 2.4% 증가한 5억8916만원, 인구(5175만명)로 나눈 1인당 가계순자산은 3.3% 늘어난 2억5251만원으로 집계됐다.",17일 한국은행이 발표한 ‘2024년 국민대차대조표(잠정)’에 따르면 작년 말 기준 우리나라 가계 및 비영리단체 순자산은 1경3068조원이다.,가계순자산은 부동산과 예금 등 한 가구가 보유한 전체 자산에서 빚(금융 부채)을 뺀 금액이다.,국내공식통계,Y,부동산,가구당 가계순자산 증감률,"우리나라, 가구당 순자산, 주택, 국민순자산",-,-,-,,-,-,-,2024,-,Y,확정,2.4%,KOSIS_VALUE,hcx,가구당 가계순자산 증감률,-,2024,Y,hcx,증감률,2.4,-,-,N,%,증감률,증가,전년,"[검증 대상 문장] 이를 가구 수(2218만 가구)로 나눈 가구당 가계순자산은 전년보다 2.4% 증가한 5억8916만원, 인구(5175만명)로 나눈 1인당 가계순자산은 3.3% 늘어난 2억5251만원으로 집계됐다.",high,N,-,Y,0,0,HCX-007,v1.5-measurement-binding,2026-07-28,가구당 가계순자산,,2024,Y,%,%,rate,rate_change,household,2023,Y,,
A2568-C004,A2568-C004-m3,A2568,"우리나라 가구당 순자산 약 6억원, 주택이 절반 이상 차지...전체 국민순자산은 2경4105조원으로 집계",2025-07-17,https://www.chosun.com/economy/economy_general/2025/07/17/NK56CBTS5BH4THD2J2OCG5PQZI,"이를 가구 수(2218만 가구)로 나눈 가구당 가계순자산은 전년보다 2.4% 증가한 5억8916만원, 인구(5175만명)로 나눈 1인당 가계순자산은 3.3% 늘어난 2억5251만원으로 집계됐다.",17일 한국은행이 발표한 ‘2024년 국민대차대조표(잠정)’에 따르면 작년 말 기준 우리나라 가계 및 비영리단체 순자산은 1경3068조원이다.,가계순자산은 부동산과 예금 등 한 가구가 보유한 전체 자산에서 빚(금융 부채)을 뺀 금액이다.,국내공식통계,Y,부동산,가구당 가계순자산,"우리나라, 가구당 순자산, 주택, 국민순자산",-,-,-,,-,-,-,2024,-,Y,확정,5억8916만원,KOSIS_VALUE,hcx,가구당 가계순자산,-,2024,Y,hcx,현재값,589160000,-,-,N,원,수준값,증가,전년,"[검증 대상 문장] 이를 가구 수(2218만 가구)로 나눈 가구당 가계순자산은 전년보다 2.4% 증가한 5억8916만원, 인구(5175만명)로 나눈 1인당 가계순자산은 3.3% 늘어난 2억5251만원으로 집계됐다.",high,N,-,Y,0,0,HCX-007,v1.5-measurement-binding,2026-07-28,가구당 가계순자산,,2024,Y,원,원,currency,amount,household,,Y,,
A2568-C004,A2568-C004-m4,A2568,"우리나라 가구당 순자산 약 6억원, 주택이 절반 이상 차지...전체 국민순자산은 2경4105조원으로 집계",2025-07-17,https://www.chosun.com/economy/economy_general/2025/07/17/NK56CBTS5BH4THD2J2OCG5PQZI,"이를 가구 수(2218만 가구)로 나눈 가구당 가계순자산은 전년보다 2.4% 증가한 5억8916만원, 인구(5175만명)로 나눈 1인당 가계순자산은 3.3% 늘어난 2억5251만원으로 집계됐다.",17일 한국은행이 발표한 ‘2024년 국민대차대조표(잠정)’에 따르면 작년 말 기준 우리나라 가계 및 비영리단체 순자산은 1경3068조원이다.,가계순자산은 부동산과 예금 등 한 가구가 보유한 전체 자산에서 빚(금융 부채)을 뺀 금액이다.,국내공식통계,Y,부동산,인구,"우리나라, 가구당 순자산, 주택, 국민순자산",-,-,-,,-,-,-,2024,-,Y,확정,5175만명,KOSIS_VALUE,hcx,인구,-,2024,Y,hcx,현재값,51750000,-,-,N,명,수준값,증가,전년,"[검증 대상 문장] 이를 가구 수(2218만 가구)로 나눈 가구당 가계순자산은 전년보다 2.4% 증가한 5억8916만원, 인구(5175만명)로 나눈 1인당 가계순자산은 3.3% 늘어난 2억5251만원으로 집계됐다.",high,N,-,Y,0,0,HCX-007,v1.5-measurement-binding,2026-07-28,가구당 가계순자산,,2024,Y,명,명,person_count,count,person,,Y,,
A2568-C004,A2568-C004-m5,A2568,"우리나라 가구당 순자산 약 6억원, 주택이 절반 이상 차지...전체 국민순자산은 2경4105조원으로 집계",2025-07-17,https://www.chosun.com/economy/economy_general/2025/07/17/NK56CBTS5BH4THD2J2OCG5PQZI,"이를 가구 수(2218만 가구)로 나눈 가구당 가계순자산은 전년보다 2.4% 증가한 5억8916만원, 인구(5175만명)로 나눈 1인당 가계순자산은 3.3% 늘어난 2억5251만원으로 집계됐다.",17일 한국은행이 발표한 ‘2024년 국민대차대조표(잠정)’에 따르면 작년 말 기준 우리나라 가계 및 비영리단체 순자산은 1경3068조원이다.,가계순자산은 부동산과 예금 등 한 가구가 보유한 전체 자산에서 빚(금융 부채)을 뺀 금액이다.,국내공식통계,Y,부동산,1인당 가계순자산 증감률,"우리나라, 가구당 순자산, 주택, 국민순자산",-,-,-,,-,-,-,2024,-,Y,확정,3.3%,KOSIS_VALUE,hcx,1인당 가계순자산 증감률,-,2024,Y,hcx,증감률,3.3,-,-,N,%,증감률,증가,전년,"[검증 대상 문장] 이를 가구 수(2218만 가구)로 나눈 가구당 가계순자산은 전년보다 2.4% 증가한 5억8916만원, 인구(5175만명)로 나눈 1인당 가계순자산은 3.3% 늘어난 2억5251만원으로 집계됐다.",high,N,-,Y,0,0,HCX-007,v1.5-measurement-binding,2026-07-28,가구당 가계순자산,,2024,Y,%,%,rate,rate_change,household,2023,Y,,
A2568-C004,A2568-C004-m6,A2568,"우리나라 가구당 순자산 약 6억원, 주택이 절반 이상 차지...전체 국민순자산은 2경4105조원으로 집계",2025-07-17,https://www.chosun.com/economy/economy_general/2025/07/17/NK56CBTS5BH4THD2J2OCG5PQZI,"이를 가구 수(2218만 가구)로 나눈 가구당 가계순자산은 전년보다 2.4% 증가한 5억8916만원, 인구(5175만명)로 나눈 1인당 가계순자산은 3.3% 늘어난 2억5251만원으로 집계됐다.",17일 한국은행이 발표한 ‘2024년 국민대차대조표(잠정)’에 따르면 작년 말 기준 우리나라 가계 및 비영리단체 순자산은 1경3068조원이다.,가계순자산은 부동산과 예금 등 한 가구가 보유한 전체 자산에서 빚(금융 부채)을 뺀 금액이다.,국내공식통계,Y,부동산,1인당 가계순자산,"우리나라, 가구당 순자산, 주택, 국민순자산",-,-,-,,-,-,-,2024,-,Y,확정,2억5251만원,KOSIS_VALUE,hcx,1인당 가계순자산,-,2024,Y,hcx,현재값,252510000,-,-,N,원,수준값,증가,전년,"[검증 대상 문장] 이를 가구 수(2218만 가구)로 나눈 가구당 가계순자산은 전년보다 2.4% 증가한 5억8916만원, 인구(5175만명)로 나눈 1인당 가계순자산은 3.3% 늘어난 2억5251만원으로 집계됐다.",high,N,-,Y,0,0,HCX-007,v1.5-measurement-binding,2026-07-28,가구당 가계순자산,,2024,Y,원,원,currency,amount,household,,Y,,
A0807-C004,A0807-C004-m1,A0807,전기차 보조금 한 달 빨리 결정됐더니... 2월 완성차 5사 내수 늘었다,2025-03-04,https://www.chosun.com/economy/auto/2025/03/04/K5RBLU6XRRGMDCVYPVPCHI5UO4,"4일 완성차 5사(현대차, 기아, GM 한국사업장, KG모빌리티, 르노코리아)의 지난달 내수 판매량은 11만2302대로 집계됐다.","작년 2월에 있던 설 연휴가 올해는 1월에 있어, 영업 일수가 작년 대비 늘어난 점도 영향을 미쳤다.",작년 대비 13.1％ 늘어난 수치다.,국내공식통계,N,소매·소비,내수 판매량,"전기차, 보조금, 완성차, 내수",-,-,-,완성차,-,-,-,202503,-,M,확정,11만2302대,KOSIS_VALUE,hcx,내수 판매량,완성차,202503,M,hcx,현재값,112302,-,-,N,대,수준값,-,전년동월,"[검증 대상 문장] 4일 완성차 5사(현대차, 기아, GM 한국사업장, KG모빌리티, 르노코리아)의 지난달 내수 판매량은 11만2302대로 집계됐다.",high,N,-,Y,0,0,HCX-007,v1.5-measurement-binding,2026-07-28,내수 판매량,완성차,202503,M,대,대,count,count,item,,Y,,
A0976-C006,A0976-C006-m1,A0976,제네시스 3대 중 1대 美서 팔린다… 트럼프 관세로 제동 우려,2025-03-17,https://www.chosun.com/economy/auto/2025/03/17/QH7A3LKN4ZE47F3HF5Y3FWSDF4,국내에서는 13만674대(56.9%)를 팔아 한·미 양국이 전체 시장의 89.6%에 달했다.,"16일 현대차와 한국자동차모빌리티협회에 따르면 제네시스는 지난해 미국 시장에서 전년보다 8.4% 증가한 7만5003대를 판매, 전 세계 제네시스 판매량(22만9532대)의 32.7%를 미국에서 판 것으로 집계됐다.",2016년부터 미국 고급차 시장을 공략해온 제네시스의 미국 시장 비율은 점점 커지고 있다.,국내공식통계,Y,무역,제네시스 판매량,"현대차, 제네시스, 미국 시장, 판매량",-,-,-,자동차,-,-,-,2024,-,Y,확정,13만674대,KOSIS_VALUE,hcx,제네시스 판매량,자동차,2024,Y,hcx,현재값,130674,-,-,N,대,수준값,-,전년,국내에서는 13만674대(56.9%)를 팔아 한·미 양국이 전체 시장의 89.6%에 달했다.,high,N,-,N,0,0,HCX-007,v1.5-measurement-binding,2026-07-28,제네시스 판매량,자동차,2024,Y,대,대,count,count,vehicle,,Y,,
A0976-C006,A0976-C006-m2,A0976,제네시스 3대 중 1대 美서 팔린다… 트럼프 관세로 제동 우려,2025-03-17,https://www.chosun.com/economy/auto/2025/03/17/QH7A3LKN4ZE47F3HF5Y3FWSDF4,국내에서는 13만674대(56.9%)를 팔아 한·미 양국이 전체 시장의 89.6%에 달했다.,"16일 현대차와 한국자동차모빌리티협회에 따르면 제네시스는 지난해 미국 시장에서 전년보다 8.4% 증가한 7만5003대를 판매, 전 세계 제네시스 판매량(22만9532대)의 32.7%를 미국에서 판 것으로 집계됐다.",2016년부터 미국 고급차 시장을 공략해온 제네시스의 미국 시장 비율은 점점 커지고 있다.,국내공식통계,Y,무역,국내 판매 비율,"현대차, 제네시스, 미국 시장, 판매량",-,-,-,자동차,-,-,-,2024,-,Y,확정,56.9%,KOSIS_VALUE,hcx,국내 판매 비율,자동차,2024,Y,hcx,현재값,56.9,-,-,N,%,비중,-,전년,국내에서는 13만674대(56.9%)를 팔아 한·미 양국이 전체 시장의 89.6%에 달했다.,high,N,-,N,0,0,HCX-007,v1.5-measurement-binding,2026-07-28,제네시스 판매량,자동차,2024,Y,%,%,rate,rate_level,vehicle,,Y,,
A0976-C006,A0976-C006-m3,A0976,제네시스 3대 중 1대 美서 팔린다… 트럼프 관세로 제동 우려,2025-03-17,https://www.chosun.com/economy/auto/2025/03/17/QH7A3LKN4ZE47F3HF5Y3FWSDF4,국내에서는 13만674대(56.9%)를 팔아 한·미 양국이 전체 시장의 89.6%에 달했다.,"16일 현대차와 한국자동차모빌리티협회에 따르면 제네시스는 지난해 미국 시장에서 전년보다 8.4% 증가한 7만5003대를 판매, 전 세계 제네시스 판매량(22만9532대)의 32.7%를 미국에서 판 것으로 집계됐다.",2016년부터 미국 고급차 시장을 공략해온 제네시스의 미국 시장 비율은 점점 커지고 있다.,국내공식통계,Y,무역,한·미 판매 비율,"현대차, 제네시스, 미국 시장, 판매량",-,-,-,자동차,-,-,-,2024,-,Y,확정,89.6%,KOSIS_VALUE,hcx,한·미 판매 비율,자동차,2024,Y,hcx,현재값,89.6,-,-,N,%,비중,-,전년,국내에서는 13만674대(56.9%)를 팔아 한·미 양국이 전체 시장의 89.6%에 달했다.,high,N,-,N,0,0,HCX-007,v1.5-measurement-binding,2026-07-28,제네시스 판매량,자동차,2024,Y,%,%,rate,rate_level,vehicle,,Y,,
A2109-C017,A2109-C017-m2,A2109,“환갑 넘겨도 일해야 돼요” 노인 취업자 첫 700만명,2025-06-12,https://www.chosun.com/economy/economy_general/2025/06/12/2VNVWIY73JHI7EB3XE4YNTYIVM,"국회 예산정책처에 따르면, 작년 8월 기준 65세 임금 근로자 61.2%는 비정규직이었고, 70세는 이 비율이 85.1%에 달했다.","고용의 질 낮아 일하는 고령층이 늘고 있지만, 고용의 질은 낮은 편이다.","지난해 임금 근로자의 월평균 임금은 55세가 378만원이었지만, 60세 317만원, 65세 221만원으로 연령이 높아질수록 낮아졌다.",국내공식통계,N,고용,노인 취업자 비정규직 비율,"노인, 취업자, 비정규직, 임금 근로자, 연령",-,고령층,-,,-,-,-,2024,-,Y,확정,61.2%,KOSIS_VALUE,hcx,노인 취업자 비정규직 비율,-,2024,Y,hcx,현재값,61.2,-,-,N,%,비중,-,전년,"국회 예산정책처에 따르면, 작년 8월 기준 65세 임금 근로자 61.2%는 비정규직이었고, 70세는 이 비율이 85.1%에 달했다.",high,N,-,Y,0,0,HCX-007,v1.5-measurement-binding,2026-07-28,노인 취업자 비정규직 비율,,2024,Y,%,%,rate,rate_level,person,,Y,,
A2109-C017,A2109-C017-m4,A2109,“환갑 넘겨도 일해야 돼요” 노인 취업자 첫 700만명,2025-06-12,https://www.chosun.com/economy/economy_general/2025/06/12/2VNVWIY73JHI7EB3XE4YNTYIVM,"국회 예산정책처에 따르면, 작년 8월 기준 65세 임금 근로자 61.2%는 비정규직이었고, 70세는 이 비율이 85.1%에 달했다.","고용의 질 낮아 일하는 고령층이 늘고 있지만, 고용의 질은 낮은 편이다.","지난해 임금 근로자의 월평균 임금은 55세가 378만원이었지만, 60세 317만원, 65세 221만원으로 연령이 높아질수록 낮아졌다.",국내공식통계,N,고용,노인 취업자 비정규직 비율,"노인, 취업자, 비정규직, 임금 근로자, 연령",-,고령층,-,,-,-,-,2024,-,Y,확정,85.1%,KOSIS_VALUE,hcx,노인 취업자 비정규직 비율,-,2024,Y,hcx,현재값,85.1,-,-,N,%,비중,-,전년,"국회 예산정책처에 따르면, 작년 8월 기준 65세 임금 근로자 61.2%는 비정규직이었고, 70세는 이 비율이 85.1%에 달했다.",high,N,-,Y,0,0,HCX-007,v1.5-measurement-binding,2026-07-28,노인 취업자 비정규직 비율,,2024,Y,%,%,rate,rate_level,person,,Y,,
A2291-C013,A2291-C013-m1,A2291,결혼·출산은 33년 만에 10개월 연속 증가,2025-06-26,https://www.chosun.com/economy/economy_general/2025/06/26/GDQ3PEJNV5H3RGFRU6KZAZ6BSE,저출산고령사회위원회의 조사에 따르면 우리 국민의 결혼에 대한 긍정적 답변은 지난해 3월 70.9%에서 올해 5월 72.9%까지 꾸준히 늘었다.,"소셜미디어 등에서 결혼과 출산에 대한 긍정적 인식이 퍼지고 있는 점, 지자체의 결혼 장려금 등 각종 지원 제도도 결혼 및 출산 반등에 영향을 주고 있다는 분석이 나온다.",“자녀가 있어야 한다”는 응답도 지난해 3월 61.1%에서 올해 5월 70.9%로 늘었다.,국내공식통계,N,보건·복지,결혼에 대한 긍정적 답변 비율,"저출산고령사회위원회, 조사, 결혼, 긍정적 답변, 비율",-,-,-,,-,-,-,2024,-,Y,확정,70.9%,KOSIS_VALUE,hcx,결혼에 대한 긍정적 답변 비율,-,2024,Y,hcx,증감률,70.9,-,-,N,%,증감률,증가,전년,저출산고령사회위원회의 조사에 따르면 우리 국민의 결혼에 대한 긍정적 답변은 지난해 3월 70.9%에서 올해 5월 72.9%까지 꾸준히 늘었다.,high,N,-,N,0,0,HCX-007,v1.5-measurement-binding,2026-07-28,결혼에 대한 긍정적 답변 비율,,2025,Y,%,%,rate,rate_change,unspecified,2023,Y,,
A2291-C013,A2291-C013-m2,A2291,결혼·출산은 33년 만에 10개월 연속 증가,2025-06-26,https://www.chosun.com/economy/economy_general/2025/06/26/GDQ3PEJNV5H3RGFRU6KZAZ6BSE,저출산고령사회위원회의 조사에 따르면 우리 국민의 결혼에 대한 긍정적 답변은 지난해 3월 70.9%에서 올해 5월 72.9%까지 꾸준히 늘었다.,"소셜미디어 등에서 결혼과 출산에 대한 긍정적 인식이 퍼지고 있는 점, 지자체의 결혼 장려금 등 각종 지원 제도도 결혼 및 출산 반등에 영향을 주고 있다는 분석이 나온다.",“자녀가 있어야 한다”는 응답도 지난해 3월 61.1%에서 올해 5월 70.9%로 늘었다.,국내공식통계,N,보건·복지,결혼에 대한 긍정적 답변 비율,"저출산고령사회위원회, 조사, 결혼, 긍정적 답변, 비율",-,-,-,,-,-,-,2025,-,Y,확정,72.9%,KOSIS_VALUE,hcx,결혼에 대한 긍정적 답변 비율,-,2025,Y,hcx,증감률,72.9,-,-,N,%,증감률,증가,전년,저출산고령사회위원회의 조사에 따르면 우리 국민의 결혼에 대한 긍정적 답변은 지난해 3월 70.9%에서 올해 5월 72.9%까지 꾸준히 늘었다.,high,N,-,N,0,0,HCX-007,v1.5-measurement-binding,2026-07-28,결혼에 대한 긍정적 답변 비율,,2025,Y,%,%,rate,rate_change,unspecified,2024,Y,,
A0734-C013,A0734-C013-m1,A0734,高환율·高물가 부담에도 내수 먼저 살린다,2025-02-26,https://www.chosun.com/economy/economy_general/2025/02/26/3GHXEPBB2VAFXF5D63JKOXI6DM,미국과 주요 교역국들이 올해 관세를 큰 폭으로 부과하고 그 이후에도 유지하는 비관적인 상황일 경우 올해 우리나라 성장률이 1.4%까지 떨어질 것으로 봤다.,한은이 이날 올해 성장률 전망을 1.5%로 내려잡으면서 더 비관적 시나리오도 제시했다.,내년도 기존 전망치인 1.8%에서 1.4%로 떨어질 것이라고 내다봤다.,국내공식통계,N,재정·조세,성장률,"성장률, 비관적 시나리오",-,-,-,,-,-,-,2025,-,Y,확정,1.4%,KOSIS_VALUE,hcx,성장률,-,2025,Y,hcx,현재값,1.4,-,-,N,%,수준값,감소,전년,미국과 주요 교역국들이 올해 관세를 큰 폭으로 부과하고 그 이후에도 유지하는 비관적인 상황일 경우 올해 우리나라 성장률이 1.4%까지 떨어질 것으로 봤다.,high,N,-,N,0,0,HCX-007,v1.5-measurement-binding,2026-07-28,성장률,,2025,Y,%,%,rate,level,unspecified,,Y,,
A0307-C011,A0307-C011-m1,A0307,국민 1인당 쌀 소비량 40년 연속 줄어들어,2025-01-24,https://www.chosun.com/economy/economy_general/2025/01/24/QQUF6ZVISNG2HNXOKEHMHZYW2U,쌀과 기타양곡을 합친 전체 양곡의 1인당 소비량은 작년 0.3%(0.2kg) 감소했다.,소비자들이 쌀을 덜 먹는 대신 다른 양곡을 찾는다는 뜻이다.,-,국내공식통계,Y,인구,쌀과 기타양곡을 합친 전체 양곡의 1인당 소비량,"국민, 쌀, 소비량, 양곡",-,-,-,,-,-,-,2024,-,Y,확정,작년 0.3%(0.2kg) 감소했다.,KOSIS_VALUE,hcx,쌀과 기타양곡을 합친 전체 양곡의 1인당 소비량,-,2024,Y,hcx,증감률,0.3,-,-,N,%,증감률,감소,전년,쌀과 기타양곡을 합친 전체 양곡의 1인당 소비량은 작년 0.3%(0.2kg) 감소했다.,high,N,-,N,0,0,HCX-007,v1.5-measurement-binding,2026-07-28,쌀과 기타양곡을 합친 전체 양곡의 1인당 소비량,,2024,Y,%,%,rate,rate_change,unspecified,2023,Y,,
A1935-C016,A1935-C016-m1,A1935,올 성장률 1.5%→0.8% 조정 쇼크... 건설 경기 부진이 성장 발목 잡았다,2025-05-29,https://www.chosun.com/economy/economy_general/2025/05/29/JDD7BSFMTNAI7GE67TOVVFDLEY,"한은은 이번에 제시한 0.8% 성장 전망치는 미국의 기본 관세율 10%, 품목 관세율 25% 등 현 수준을 대체로 유지할 때를 가정으로 냈다.","만일 미국과 중국의 갈등이 다시 불붙고 미국 상호 관세가 유예 기간 후 절반 정도 다시 높아질 경우(비관적 시나리오) 올해와 내년 성장률은 0.7%, 1.2%로 각각 낮아질 수 있다고 봤다.","올해 하반기 반도체, 의약품 등 품목 관세 추가 부과도 고려했다.",국내공식통계,N,기타,성장률,"성장률, 조정, 건설 경기, 반도체, 의약품",-,-,-,,-,-,-,2025,-,Y,확정,0.8%,KOSIS_VALUE,hcx,성장률,-,2025,Y,hcx,현재값,0.8,-,-,N,%,수준값,유지,전년,"한은은 이번에 제시한 0.8% 성장 전망치는 미국의 기본 관세율 10%, 품목 관세율 25% 등 현 수준을 대체로 유지할 때를 가정으로 냈다.",high,N,-,N,0,0,HCX-007,v1.5-measurement-binding,2026-07-28,성장률,,2025,Y,%,%,rate,level,unspecified,,Y,,
A1935-C016,A1935-C016-m2,A1935,올 성장률 1.5%→0.8% 조정 쇼크... 건설 경기 부진이 성장 발목 잡았다,2025-05-29,https://www.chosun.com/economy/economy_general/2025/05/29/JDD7BSFMTNAI7GE67TOVVFDLEY,"한은은 이번에 제시한 0.8% 성장 전망치는 미국의 기본 관세율 10%, 품목 관세율 25% 등 현 수준을 대체로 유지할 때를 가정으로 냈다.","만일 미국과 중국의 갈등이 다시 불붙고 미국 상호 관세가 유예 기간 후 절반 정도 다시 높아질 경우(비관적 시나리오) 올해와 내년 성장률은 0.7%, 1.2%로 각각 낮아질 수 있다고 봤다.","올해 하반기 반도체, 의약품 등 품목 관세 추가 부과도 고려했다.",국내공식통계,N,기타,기본 관세율,"성장률, 조정, 건설 경기, 반도체, 의약품",-,-,-,,-,-,-,2025,-,Y,확정,10%,KOSIS_VALUE,hcx,기본 관세율,-,2025,Y,hcx,현재값,10,-,-,N,%,수준값,유지,전년,"한은은 이번에 제시한 0.8% 성장 전망치는 미국의 기본 관세율 10%, 품목 관세율 25% 등 현 수준을 대체로 유지할 때를 가정으로 냈다.",high,N,-,N,0,0,HCX-007,v1.5-measurement-binding,2026-07-28,성장률,,2025,Y,%,%,rate,level,unspecified,,Y,,
A1935-C016,A1935-C016-m3,A1935,올 성장률 1.5%→0.8% 조정 쇼크... 건설 경기 부진이 성장 발목 잡았다,2025-05-29,https://www.chosun.com/economy/economy_general/2025/05/29/JDD7BSFMTNAI7GE67TOVVFDLEY,"한은은 이번에 제시한 0.8% 성장 전망치는 미국의 기본 관세율 10%, 품목 관세율 25% 등 현 수준을 대체로 유지할 때를 가정으로 냈다.","만일 미국과 중국의 갈등이 다시 불붙고 미국 상호 관세가 유예 기간 후 절반 정도 다시 높아질 경우(비관적 시나리오) 올해와 내년 성장률은 0.7%, 1.2%로 각각 낮아질 수 있다고 봤다.","올해 하반기 반도체, 의약품 등 품목 관세 추가 부과도 고려했다.",국내공식통계,N,기타,품목 관세율,"성장률, 조정, 건설 경기, 반도체, 의약품",-,-,-,,-,-,-,2025,-,Y,확정,25%,KOSIS_VALUE,hcx,품목 관세율,-,2025,Y,hcx,현재값,25,-,-,N,%,수준값,유지,전년,"한은은 이번에 제시한 0.8% 성장 전망치는 미국의 기본 관세율 10%, 품목 관세율 25% 등 현 수준을 대체로 유지할 때를 가정으로 냈다.",high,N,-,N,0,0,HCX-007,v1.5-measurement-binding,2026-07-28,성장률,,2025,Y,%,%,rate,level,unspecified,,Y,,
A0012-C009,A0012-C009-m2,A0012,조선업 산업기술인력 9년 만에 다시 상승세,2025-01-01,https://www.chosun.com/economy/industry-company/2025/01/01/VR4RUPY3CFEGZGFC5M4JPY5SDE,조선 산업기술인력 중 외국인은 2022년 877명에서 2023년 2563명으로 3배 가까이 늘었다.,이 숫자가 다시 증가한 것은 최근 외국인 근로 인력이 많아진 덕이다.,이들이 차지하는 비율도 같은 기간 1.5%에서 4.4%로 증가했다.,국내공식통계,N,고용,조선 산업기술인력 중 외국인 수,"조선업, 산업기술인력, 외국인",-,-,-,조선업,-,-,-,2023,-,Y,확정,2563명,KOSIS_VALUE,hcx,조선 산업기술인력 중 외국인 수,조선업,2023,Y,hcx,현재값,2563,-,-,N,명,수준값,증가,전년,조선 산업기술인력 중 외국인은 2022년 877명에서 2023년 2563명으로 3배 가까이 늘었다.,high,N,-,Y,0,0,HCX-007,v1.5-measurement-binding,2026-07-28,조선 산업기술인력 중 외국인 수,조선업,2023,Y,명,명,person_count,count,item,,Y,,
A1612-C002,A1612-C002-m2,A1612,올해 국산차 ‘톱3’ 기아 RV가 독식,2025-05-05,https://www.chosun.com/economy/auto/2025/05/05/6ZESVWJNCNHHFNZXJM56H3P5SA,"5일 국내 완성차 5사에 따르면, 쏘렌토(3만5472대)가 올 1~4월 가장 많이 판매된 국산차로 집계됐다.",올해 1~4월 국산차 ‘톱3′를 기아의 RV(레저용 차량·SUV+밴)가 모두 차지했다.,카니발(2만9104대)과 스포티지(2만6435대)가 각각 2위와 3위에 오르며 톱3 모두 기아의 RV로 채워졌다.,국내공식통계,N,소매·소비,쏘렌토 판매량,"국산차, 톱3, 기아, RV, 레저용 차량, SUV, 밴",-,-,-,쏘렌토,-,-,-,2025,-,Y,확정,3만5472대,KOSIS_VALUE,hcx,쏘렌토 판매량,쏘렌토,2025,Y,hcx,현재값,35472,-,-,N,대,수준값,-,-,"5일 국내 완성차 5사에 따르면, 쏘렌토(3만5472대)가 올 1~4월 가장 많이 판매된 국산차로 집계됐다.",high,N,-,Y,0,0,HCX-007,v1.5-measurement-binding,2026-07-28,국산차 판매량,자동차,2025,Y,대,대,count,count,item,,Y,,
A1122-C024,A1122-C024-m1,A1122,"양양, 관광객이 주민의 28배… 인구감소지역 살리는 외부인",2025-03-28,https://www.chosun.com/economy/economy_general/2025/03/28/ECG25DYMGVGYDFA2RBNNGCAAVY,"예컨대 작년 8월 강원도 인구 감소 지역의 체류 인구 가운데 29%는 관광 목적으로 방문한 4일 이하 ‘단기 숙박객’이었지만, 수도권은 이 비율이 6.5%에 그쳤다.",전문가들은 지역 경제에 관광객 등 체류 인구의 소비를 더 늘리기 위해서는 지역별로 방문객 맞춤형 전략을 짜야 한다고 조언한다.,"반대로 체류 인구 가운데 대도시에 집을 두고 인구 감소 지역으로 통근·통학하는 이들의 비율은 강원도의 경우 7.4%에 불과했지만, 수도권은 36%나 됐다.",국내공식통계,N,인구,관광 목적 단기 숙박객 비율,"강원도, 인구 감소 지역, 체류 인구, 관광 목적, 단기 숙박객, 수도권",강원도,-,-,,체류 인구,-,-,2024,-,M,확정,29%,KOSIS_VALUE,hcx,관광 목적 단기 숙박객 비율,-,2024,M,hcx,현재값,29,-,-,N,%,수준값,-,전년,"작년 8월 강원도 인구 감소 지역의 체류 인구 가운데 29%는 관광 목적으로 방문한 4일 이하 '단기 숙박객'이었지만, 수도권은 이 비율이 6.5%에 그쳤다.",high,N,-,N,0,0,HCX-007,v1.5-measurement-binding,2026-07-28,관광 목적 단기 숙박객 비율,,2024,M,%,%,rate,rate_level,unspecified,,Y,,
A1122-C024,A1122-C024-m2,A1122,"양양, 관광객이 주민의 28배… 인구감소지역 살리는 외부인",2025-03-28,https://www.chosun.com/economy/economy_general/2025/03/28/ECG25DYMGVGYDFA2RBNNGCAAVY,"예컨대 작년 8월 강원도 인구 감소 지역의 체류 인구 가운데 29%는 관광 목적으로 방문한 4일 이하 ‘단기 숙박객’이었지만, 수도권은 이 비율이 6.5%에 그쳤다.",전문가들은 지역 경제에 관광객 등 체류 인구의 소비를 더 늘리기 위해서는 지역별로 방문객 맞춤형 전략을 짜야 한다고 조언한다.,"반대로 체류 인구 가운데 대도시에 집을 두고 인구 감소 지역으로 통근·통학하는 이들의 비율은 강원도의 경우 7.4%에 불과했지만, 수도권은 36%나 됐다.",국내공식통계,N,인구,관광 목적 단기 숙박객 비율,"강원도, 인구 감소 지역, 체류 인구, 관광 목적, 단기 숙박객, 수도권",강원도,-,-,,체류 인구,-,-,2024,-,M,확정,6.5%,KOSIS_VALUE,hcx,관광 목적 단기 숙박객 비율,-,2024,M,hcx,현재값,6.5,-,-,N,%,수준값,-,전년,"작년 8월 강원도 인구 감소 지역의 체류 인구 가운데 29%는 관광 목적으로 방문한 4일 이하 '단기 숙박객'이었지만, 수도권은 이 비율이 6.5%에 그쳤다.",high,N,-,N,0,0,HCX-007,v1.5-measurement-binding,2026-07-28,관광 목적 단기 숙박객 비율,,2024,M,%,%,rate,rate_level,unspecified,,Y,,
A1123-C004,A1123-C004-m1,A1123,"女 대졸 이상 비율, 80년대생부터 男 앞서",2025-03-28,https://www.chosun.com/economy/economy_general/2025/03/28/FV56ZTW6QJB45D7N322ZPHFHYU,"보고서에 따르면, 1970~1974년생 남성의 고학력자 비율은 53.5%로 여성(45.8%)보다 7.7%포인트 높았다.",국가통계연구원은 1970∼1994년생을 5년 단위 코호트(공통된 특성을 가진 사람들 집단)로 묶어 대졸(전문대졸 포함) 이상 고학력자 비율을 분석하고 최근 이 같은 내용의 보고서를 발표했다고 27일 밝혔다.,1975~1976년생도 남성의 고학력 비율(62.9%)이 여성(60.2%)보다 높다.,국내공식통계,N,인구,남성 고학력자 비율,"여성, 남성, 대졸 이상, 비율",-,1970~1974년생,-,,-,-,-,1974,-,Y,확정,53.5%,KOSIS_VALUE,hcx,남성 고학력자 비율,-,1974,Y,hcx,현재값,53.5,-,-,N,%,비중,-,전년,"보고서에 따르면, 1970~1974년생 남성의 고학력자 비율은 53.5%로 여성(45.8%)보다 7.7%포인트 높았다.",high,Y,measurement_period_ungrounded:2,N,0,0,HCX-007,v1.5-measurement-binding,2026-07-28,고학력자 비율,,2025,Y,%,%,rate,rate_level,unspecified,,Y,,
A0602-C009,A0602-C009-m1,A0602,빚 못 갚은 자영업자 늘어…'생계형’ 60대 이상 52% 급증,2025-02-16,https://www.chosun.com/economy/money/2025/02/16/3Y7VKQ3MB67CFT6VFWD7V6FDAA,지난해 말 60대 이상 개인사업자의 금융기관 대출잔액은 372조4966억원으로 1년 사이 24조7303억원 증가했다.,고령층 자영업자의 채무 불이행은 심각하다.,"같은 기간 20대 이하(-1조9030억원), 30대(-6조4589억원), 40대(-12조9124억원), 50대(-2조6843억원) 등 다른 연령대에서 대출 잔액이 줄어든 것과 대조적이다.",국내공식통계,N,소득·임금,개인사업자 금융기관 대출잔액,"자영업자, 채무 불이행, 금융기관 대출잔액, 60대 이상",-,60대 이상,-,,개인사업자,-,-,2024말,-,Y,확정,372조4966억원,KOSIS_VALUE,hcx,개인사업자 금융기관 대출잔액,-,2024말,Y,hcx,현재값,372496600000000,-,-,N,원,수준값,증가,전년,지난해 말 60대 이상 개인사업자의 금융기관 대출잔액은 372조4966억원으로 1년 사이 24조7303억원 증가했다.,high,Y,measurement_rule_fallback:1,Y,1,0,HCX-007,v1.5-measurement-binding,2026-07-28,개인사업자 금융기관 대출잔액,,2024말,Y,원,원,currency,amount,unspecified,,Y,,
A0602-C009,A0602-C009-m2,A0602,빚 못 갚은 자영업자 늘어…'생계형’ 60대 이상 52% 급증,2025-02-16,https://www.chosun.com/economy/money/2025/02/16/3Y7VKQ3MB67CFT6VFWD7V6FDAA,지난해 말 60대 이상 개인사업자의 금융기관 대출잔액은 372조4966억원으로 1년 사이 24조7303억원 증가했다.,고령층 자영업자의 채무 불이행은 심각하다.,"같은 기간 20대 이하(-1조9030억원), 30대(-6조4589억원), 40대(-12조9124억원), 50대(-2조6843억원) 등 다른 연령대에서 대출 잔액이 줄어든 것과 대조적이다.",국내공식통계,N,소득·임금,개인사업자 금융기관 대출잔액 증감,"자영업자, 채무 불이행, 금융기관 대출잔액, 60대 이상",-,60대 이상,-,,개인사업자,-,-,2024말,-,Y,확정,24조7303억원 증가,KOSIS_VALUE,hcx,개인사업자 금융기관 대출잔액 증감,-,2024말,Y,hcx,증감값,24730300000000,-,-,N,원,증감량,증가,전년,지난해 말 60대 이상 개인사업자의 금융기관 대출잔액은 372조4966억원으로 1년 사이 24조7303억원 증가했다.,high,Y,measurement_rule_fallback:1,Y,1,0,HCX-007,v1.5-measurement-binding,2026-07-28,개인사업자 금융기관 대출잔액,,2024말,Y,원,원,currency,absolute_change,unspecified,2023,Y,,
A2360-C005,A2360-C005-m2,A2360,"강남역, 여의도 다 제쳤다…직장인 평균 점심값 ‘1만5000원’ 찍은 동네",2025-07-01,https://www.chosun.com/economy/economy_general/2025/07/01/M2L2QUEZSZGQVKBXBIN5NNDNMI,서비스를 시작한 2017년 평균 6000원에서 8년 만에 약 58%나 상승한 수치다.,올해 상반기 기준 페이코 식권을 이용한 수도권 직장인의 평균 점심 식비는 9500원으로 집계됐다.,평균 지출 식비가 가장 높은 지역은 삼성동이었다.,국내공식통계,N,소매·소비,평균 점심 식비의 증감률,"수도권 직장인, 점심 식비, 삼성동",-,-,-,,수도권 직장인,-,-,202507,-,M,확정,58%,KOSIS_VALUE,hcx,평균 점심 식비의 증감률,-,202507,M,hcx,증감률,58,-,-,Y,%,증감률,증가,전년,서비스를 시작한 2017년 평균 6000원에서 8년 만에 약 58%나 상승한 수치다.,high,N,-,Y,0,0,HCX-007,v1.5-measurement-binding,2026-07-28,평균 점심 식비,,202507,M,%,%,rate,rate_change,unspecified,202407,Y,,
A1183-C038,A1183-C038-m1,A1183,"한은·통계청의 경제 지표 활용, 노후 위한 투자 밑그림 그리세요",2025-04-02,https://www.chosun.com/economy/money/2025/04/02/KL276AIILNHP5L6JJNYFSJU3XE,"2021년 개인의 채권 순매수액은 4조5000억원이었지만, 주식 순매수는 76조5000억원에 달한 것과 대비된다.","작년 개인 투자자들은 국내 채권을 41조6000억원(장외거래 수준) 순매수한 반면, 국내 주식(코스피, 코스닥 포함)은 1조1000억원을 순매수하는 데 그쳤다.",올해 들어서도 3월 중순까지 개인 투자자들의 채권 순매수 규모는 9조원에 육박한다.,국내공식통계,N,금융·금리,채권 순매수액,"개인 투자자, 국내 채권, 국내 주식, 코스피, 코스닥",-,-,-,,-,-,-,2021,-,Y,확정,4조5000억원,KOSIS_VALUE,hcx,채권 순매수액,-,2021,Y,hcx,현재값,4500000000000,-,-,N,원,수준값,감소,전년,"2021년 개인의 채권 순매수액은 4조5000억원이었지만, 주식 순매수는 76조5000억원에 달한 것과 대비된다.",high,N,-,N,0,0,HCX-007,v1.5-measurement-binding,2026-07-28,"채권 순매수액, 주식 순매수액",,2021,Y,원,원,currency,amount,unspecified,,Y,,
A1183-C038,A1183-C038-m2,A1183,"한은·통계청의 경제 지표 활용, 노후 위한 투자 밑그림 그리세요",2025-04-02,https://www.chosun.com/economy/money/2025/04/02/KL276AIILNHP5L6JJNYFSJU3XE,"2021년 개인의 채권 순매수액은 4조5000억원이었지만, 주식 순매수는 76조5000억원에 달한 것과 대비된다.","작년 개인 투자자들은 국내 채권을 41조6000억원(장외거래 수준) 순매수한 반면, 국내 주식(코스피, 코스닥 포함)은 1조1000억원을 순매수하는 데 그쳤다.",올해 들어서도 3월 중순까지 개인 투자자들의 채권 순매수 규모는 9조원에 육박한다.,국내공식통계,N,금융·금리,주식 순매수액,"개인 투자자, 국내 채권, 국내 주식, 코스피, 코스닥",-,-,-,,-,-,-,2021,-,Y,확정,76조5000억원,KOSIS_VALUE,hcx,주식 순매수액,-,2021,Y,hcx,현재값,76500000000000,-,-,N,원,수준값,감소,전년,"2021년 개인의 채권 순매수액은 4조5000억원이었지만, 주식 순매수는 76조5000억원에 달한 것과 대비된다.",high,N,-,N,0,0,HCX-007,v1.5-measurement-binding,2026-07-28,"채권 순매수액, 주식 순매수액",,2021,Y,원,원,currency,amount,unspecified,,Y,,
A2264-C011,A2264-C011-m1,A2264,6월 수출 깜짝 반등,2025-06-24,https://www.chosun.com/economy/economy_general/2025/06/24/ENJAOC2OZ5ATREU6RH753F4NXI,한국무역협회는 지난 22일 올해 수출이 2.2% 줄어들 것으로 전망했다.,연간 전망도 불투명하다.,협회는 작년 11월엔 올해 수출이 1.8% 늘어날 것이라고 전망했었다.,국내공식통계,N,무역,수출 증가율,"한국무역협회, 수출, 전망",-,-,-,,-,-,-,2025,-,Y,확정,2.2%,KOSIS_VALUE,hcx,수출 증가율,-,2025,Y,hcx,현재값,2.2,-,-,N,%,비중,감소,전년,올해 수출이 2.2% 줄어들 것으로 전망했다.,high,N,-,N,0,0,HCX-007,v1.5-measurement-binding,2026-07-28,수출 증가율,,2025,Y,%,%,rate,rate_change,unspecified,2024,Y,,
A1158-C002,A1158-C002-m1,A1158,“돈 못 갚아요” 자영업자 저축은행 연체율 9년여 만에 최고치,2025-03-31,https://www.chosun.com/economy/economy_general/2025/03/31/2RJUSYPX5RFTPAAUAFTPTVJ5RM,31일 한국은행이 국회 기획재정위 박성훈 의원(국민의힘)과 행정안전위 양부남 의원(더불어민주당)에게 제출한 ‘개인사업자대출 세부 업권별 연체율’ 자료에 따르면 작년 4분기 말 저축은행 연체율(1개월 이상 연체 기준)은 11.7%로 집계됐다.,은행과 2금융권 여러 곳에서 최대한 돈을 빌린 자영업자들이 높은 대출 금리와 소비 부진 등으로 상환 불능 상태에 빠져들며 저축은행 업권에서는 연체율이 10년 내 가장 높은 수준까지 치솟았다.,이는 2015년 2분기(11.87%) 이후 9년 6개월 만에 가장 높은 수준이다.,국내공식통계,Y,금융·금리,저축은행 연체율,"자영업자, 개인사업자대출, 연체율, 저축은행",-,-,-,,-,-,-,2024Q4,-,Q,확정,11.7%,KOSIS_VALUE,hcx,저축은행 연체율,-,2024Q4,Q,hcx,현재값,11.7,-,-,N,%,수준값,-,전분기,31일 한국은행이 국회 기획재정위 박성훈 의원(국민의힘)과 행정안전위 양부남 의원(더불어민주당)에게 제출한 ‘개인사업자대출 세부 업권별 연체율’ 자료에 따르면 작년 4분기 말 저축은행 연체율(1개월 이상 연체 기준)은 11.7%로 집계됐다.,high,Y,measurement_binding_fallback:1,N,0,1,HCX-007,v1.5-measurement-binding,2026-07-28,저축은행 연체율,,2024Q4,Q,%,%,rate,level,unspecified,,Y,,
A0353-C004,A0353-C004-m2,A0353,"연두색 번호판 창피해서 못 탄다?…1억 이상 수입차 판매량, 결국",2025-01-28,https://www.chosun.com/economy/economy_general/2025/01/28/FXUVCK5BXRBB5N6XQBFXYFPDYE,이는 전년(7만8208대) 대비 20.1% 감소한 수치다.,28일 한국수입자동차협회(KAIDA)에 따르면 작년 1~12월 1억원이 넘는 수입차는 총 6만2520대가 판매됐다.,"1억원 이상 고가 수입차 판매량은 해마다 늘어왔는데, 전년 대비 마이너스로 돌아선 것은 2016년 이후 8년 만이다.",국내공식통계,Y,소매·소비,1억원 이상 수입차 판매량 증감률,"수입차, 판매량, 1억원 이상, 고가 수입차",-,-,-,,-,-,-,2024,-,Y,확정,20.1%,KOSIS_VALUE,hcx,1억원 이상 수입차 판매량 증감률,-,2024,Y,hcx,증감률,20.1,-,-,N,%,증감률,감소,전년,이는 전년(7만8208대) 대비 20.1% 감소한 수치다.,high,Y,measurement_period_ungrounded:1,Y,0,0,HCX-007,v1.5-measurement-binding,2026-07-28,1억원 이상 수입차 판매량,,2024,Y,%,%,rate,rate_change,unspecified,2023,Y,,
A0024-C004,A0024-C004-m2,A0024,"정부, 작년 세수 부족으로 韓銀서 170조원 빌려 썼다",2025-01-02,https://www.chosun.com/economy/economy_general/2025/01/02/LYWZZSQ6I5AVJDNTRW6KAK6ORY,종전 최대인 2023년의 117조6000억원보다 47% 늘었다.,이는 관련 통계를 확인할 수 있는 2011년 이후 역대 최대 규모다.,현재는 172조원을 상환하고 1조원 정도 남은 상태다.,국내공식통계,N,재정·조세,정부 한국은행 차입금 증가율,"정부, 세수 부족, 한국은행, 차입금",-,-,-,,-,-,-,2023,-,Y,확정,47%,KOSIS_VALUE,hcx,정부 한국은행 차입금 증가율,-,2023,Y,hcx,증감률,47,-,-,N,%,증감률,증가,전년,종전 최대인 2023년의 117조6000억원보다 47% 늘었다.,high,N,-,N,0,0,HCX-007,v1.5-measurement-binding,2026-07-28,정부 한국은행 차입금,,2024,Y,%,%,rate,rate_change,unspecified,2022,Y,,
A2207-C001,A2207-C001-m1,A2207,두 차례 추경으로 나랏빚 1300조 첫 돌파 “재정준칙 재검토해야”,2025-06-19,https://www.chosun.com/economy/economy_general/2025/06/19/YMACPDI7UVGT5DNEMB6I5HP3E4,올해 두 차례의 추가경정예산 편성으로 올해말 국가채무가 1300조원을 넘어설 것으로 정부는 전망했다.,-,국내총생산(GDP) 대비 국가채무 비율도 49%를 넘어 ‘재정준칙 상한선’인 50%에 육박하게 된다.,국내공식통계,N,재정·조세,국가채무,"추가경정예산, GDP 대비 국가채무 비율, 재정준칙 상한선",-,-,-,,-,-,-,2025,-,Y,확정,1300조원,KOSIS_VALUE,hcx,국가채무,-,2025,Y,hcx,현재값,1300000000000000,-,-,N,원,수준값,-,전년,올해 두 차례의 추가경정예산 편성으로 올해말 국가채무가 1300조원을 넘어설 것으로 정부는 전망했다.,high,N,-,N,0,0,HCX-007,v1.5-measurement-binding,2026-07-28,국가채무,,2025,Y,원,원,currency,amount,unspecified,,Y,,
A0121-C002,A0121-C002-m1,A0121,작년 1~11월 나라 살림 적자 규모 80조원 넘어,2025-01-10,https://www.chosun.com/economy/economy_general/2025/01/10/5XD3RXZW4FET7FGHIGJESJPBAA,기획재정부가 9일 발간한 ‘월간 재정동향 1월호’에 따르면 작년 11월 말 기준 누계 총수입은 542조 원으로 1년 전보다 12조8000억 원 늘었다.,작년 1∼11월 나라 살림 적자 규모가 80조원을 넘은 것으로 나타났다.,"총수입은 국세수입, 세외수입, 기금수입 등으로 구성된다.",국내공식통계,Y,재정·조세,누계 총수입,"나라 살림 적자, 재정동향, 국세수입, 세외수입, 기금수입",-,-,-,,-,-,-,2024,-,Y,확정,542조 원,KOSIS_VALUE,hcx,누계 총수입,-,2024,Y,hcx,현재값,542000000000000,-,-,N,원,수준값,증가,전년,기획재정부가 9일 발간한 ‘월간 재정동향 1월호’에 따르면 작년 11월 말 기준 누계 총수입은 542조 원으로 1년 전보다 12조8000억 원 늘었다.,high,Y,measurement_rule_fallback:1,Y,1,0,HCX-007,v1.5-measurement-binding,2026-07-28,누계 총수입,,2024,Y,원,원,currency,amount,unspecified,,Y,,
A0121-C002,A0121-C002-m2,A0121,작년 1~11월 나라 살림 적자 규모 80조원 넘어,2025-01-10,https://www.chosun.com/economy/economy_general/2025/01/10/5XD3RXZW4FET7FGHIGJESJPBAA,기획재정부가 9일 발간한 ‘월간 재정동향 1월호’에 따르면 작년 11월 말 기준 누계 총수입은 542조 원으로 1년 전보다 12조8000억 원 늘었다.,작년 1∼11월 나라 살림 적자 규모가 80조원을 넘은 것으로 나타났다.,"총수입은 국세수입, 세외수입, 기금수입 등으로 구성된다.",국내공식통계,Y,재정·조세,누계 총수입 증가분,"나라 살림 적자, 재정동향, 국세수입, 세외수입, 기금수입",-,-,-,,-,-,-,2024,-,Y,확정,12조8000억 원,KOSIS_VALUE,hcx,누계 총수입 증가분,-,2024,Y,hcx,증감값,12800000000000,-,-,N,원,증감량,증가,전년,기획재정부가 9일 발간한 ‘월간 재정동향 1월호’에 따르면 작년 11월 말 기준 누계 총수입은 542조 원으로 1년 전보다 12조8000억 원 늘었다.,high,Y,measurement_rule_fallback:1,Y,1,0,HCX-007,v1.5-measurement-binding,2026-07-28,누계 총수입,,2024,Y,원,원,currency,absolute_change,unspecified,2023,Y,,
A0189-C003,A0189-C003-m1,A0189,고환율 쓰나미...수입물가 전년대비 7% 올라,2025-01-15,https://www.chosun.com/economy/economy_general/2025/01/15/A7RGQGDZHBAYLEWBZEBFOJULHM,한국은행이 14일 발표한 수출입물가지수 및 무역수지 통계에 따르면 작년 12월 원화 기준 수입물가지수는 142.14로 전월대비 2.4% 올랐다.,석 달 연속 수입물가가 오르면서 필수 생계비 부담으로 이어질 수 있다는 우려가 나온다.,이는 작년 4월(3.8%) 이후 8개월 만에 최대 증가폭이다.,국내공식통계,Y,물가,수입물가지수,"고환율, 수입물가, 전년 대비",-,-,-,,-,-,-,2024,-,Y,확정,2.4%,KOSIS_VALUE,hcx,수입물가지수,-,2024,Y,hcx,증감률,2.4,-,-,N,%,증감률,증가,전년,한국은행이 14일 발표한 수출입물가지수 및 무역수지 통계에 따르면 작년 12월 원화 기준 수입물가지수는 142.14로 전월대비 2.4% 올랐다.,high,N,-,N,0,0,HCX-007,v1.5-measurement-binding,2026-07-28,수입물가지수,,2024,Y,%,%,rate,rate_change,unspecified,2023,Y,,
A1764-C006,A1764-C006-m3,A1764,"“쉬는 게 버는 것?”… 70대 초보 사장, 매출은 3050의 절반",2025-05-16,https://www.chosun.com/economy/economy_general/2025/05/16/Q6AP76HLH5BWPPK7H4LMK24LBE,고령 자영업자는 1차 베이비부머(1955~1963년생)들이 법정 은퇴 연령인 60세에 진입하던 2015년 142만명에서 작년 210만명까지 매우 빠르게 증가했다.,그런데 앞으로 A씨 같은 60세 이상 고령 자영업자가 우리나라 취업자 10명 중 1명꼴이 될 전망이다.,그런데 이제는 2차 베이비부머(1964~1974년생)들의 은퇴가 늘어나면서 2032년 전체 취업자의 약 9%인 248만명에 달할 것으로 예측되고 있다.,국내공식통계,N,고용,고령 자영업자 수,"베이비부머, 고령 자영업자, 취업자",-,-,-,,-,-,-,2015,-,Y,확정,210만명,KOSIS_VALUE,hcx,고령 자영업자 수,-,2015,Y,hcx,현재값,2100000,-,-,N,명,수준값,증가,전년,고령 자영업자는 1차 베이비부머(1955~1963년생)들이 법정 은퇴 연령인 60세에 진입하던 2015년 142만명에서 작년 210만명까지 매우 빠르게 증가했다.,high,N,-,Y,0,0,HCX-007,v1.5-measurement-binding,2026-07-28,고령 자영업자 수,,2024,Y,명,명,person_count,count,unspecified,,Y,,
A2406-C008,A2406-C008-m2,A2406,국채 21조 더 찍기로… 나랏빚 연말 1300조 돌파,2025-07-05,https://www.chosun.com/economy/economy_general/2025/07/05/6TVJOFZRQBFSNDA5KTXKQ4PTHA,2차 추경 증액으로 인해 올해 정부의 총지출은 687조1000억원에서 703조3000억원으로 1차 추경 대비 16조2000억원이 늘어났다.,"여기에 국회 논의 과정에서의 증액분을 조달하기 위한 국채 발행 1조3000억원이 더해지면서, 2차 추경을 위한 적자 국채만 21조1000억원에 달하게 됐다.",재정 적자가 늘면서 재정 건전성은 더욱 악화될 전망이다.,국내공식통계,N,재정·조세,정부 총지출,"국채, 정부 총지출, 2차 추경, 재정 적자, 재정 건전성",-,-,-,,-,-,-,202507,-,M,확정,703조3000억원,KOSIS_VALUE,hcx,정부 총지출,-,202507,M,hcx,현재값,703300000000000,-,-,N,원,수준값,증가,전년,[검증 대상 문장] 2차 추경 증액으로 인해 올해 정부의 총지출은 687조1000억원에서 703조3000억원으로 1차 추경 대비 16조2000억원이 늘어났다.,high,N,-,Y,0,0,HCX-007,v1.5-measurement-binding,2026-07-28,정부 총지출,,202507,M,원,원,currency,amount,unspecified,,Y,,
A2406-C008,A2406-C008-m3,A2406,국채 21조 더 찍기로… 나랏빚 연말 1300조 돌파,2025-07-05,https://www.chosun.com/economy/economy_general/2025/07/05/6TVJOFZRQBFSNDA5KTXKQ4PTHA,2차 추경 증액으로 인해 올해 정부의 총지출은 687조1000억원에서 703조3000억원으로 1차 추경 대비 16조2000억원이 늘어났다.,"여기에 국회 논의 과정에서의 증액분을 조달하기 위한 국채 발행 1조3000억원이 더해지면서, 2차 추경을 위한 적자 국채만 21조1000억원에 달하게 됐다.",재정 적자가 늘면서 재정 건전성은 더욱 악화될 전망이다.,국내공식통계,N,재정·조세,정부 총지출 증가분,"국채, 정부 총지출, 2차 추경, 재정 적자, 재정 건전성",-,-,-,,-,-,-,202507,-,M,확정,16조2000억원,KOSIS_VALUE,hcx,정부 총지출 증가분,-,202507,M,hcx,증감값,16200000000000,-,-,N,원,증감량,증가,전년,[검증 대상 문장] 2차 추경 증액으로 인해 올해 정부의 총지출은 687조1000억원에서 703조3000억원으로 1차 추경 대비 16조2000억원이 늘어났다.,high,N,-,Y,0,0,HCX-007,v1.5-measurement-binding,2026-07-28,정부 총지출,,202507,M,원,원,currency,absolute_change,unspecified,202407,Y,,
A1246-C017,A1246-C017-m1,A1246,‘손해율 악화·보험료 인하’에… 지난해 자동차보험 4년만에 적자 전환,2025-04-06,https://www.chosun.com/economy/money/2025/04/06/GHN72KKRIIV76NNEUBN74VJ32A,비대면 전문사(악사·하나·캐롯)의 점유율은 6.4%로 0.1%포인트 상승했다.,중소형사(메리츠·한화·롯데·MG·흥국) 점유율은 8.3%로 0.1%포인트 하락했다.,"금감원은 “최근 보험료 인하 효과 누적 및 올해 정비공임 2.7% 인상 등 요인으로 손해율이 악화할 가능성이 있다”며 “2월 발표된 자동차보험 부정수급 개선대책이 안착되도록 약관개정 등 후속 조치를 추진하고, 손해율이 안정적으로 유지될 수 있도록 지원하겠다”고 했다.",국내공식통계,Y,금융·금리,비대면 전문사의 자동차보험 점유율,"자동차보험, 점유율, 비대면 전문사, 악사, 하나, 캐롯",-,-,-,비대면 전문사,-,-,-,2025,-,Y,확정,6.4%,KOSIS_VALUE,hcx,비대면 전문사의 자동차보험 점유율,비대면 전문사,2025,Y,hcx,현재값,6.4,-,-,N,%,수준값,증가,전년,비대면 전문사(악사·하나·캐롯)의 점유율은 6.4%로 0.1%포인트 상승했다.,high,N,-,N,0,0,HCX-007,v1.5-measurement-binding,2026-07-28,자동차보험 점유율,,2025,Y,%,%,rate,rate_level,item,,Y,,
A1246-C017,A1246-C017-m2,A1246,‘손해율 악화·보험료 인하’에… 지난해 자동차보험 4년만에 적자 전환,2025-04-06,https://www.chosun.com/economy/money/2025/04/06/GHN72KKRIIV76NNEUBN74VJ32A,비대면 전문사(악사·하나·캐롯)의 점유율은 6.4%로 0.1%포인트 상승했다.,중소형사(메리츠·한화·롯데·MG·흥국) 점유율은 8.3%로 0.1%포인트 하락했다.,"금감원은 “최근 보험료 인하 효과 누적 및 올해 정비공임 2.7% 인상 등 요인으로 손해율이 악화할 가능성이 있다”며 “2월 발표된 자동차보험 부정수급 개선대책이 안착되도록 약관개정 등 후속 조치를 추진하고, 손해율이 안정적으로 유지될 수 있도록 지원하겠다”고 했다.",국내공식통계,Y,금융·금리,비대면 전문사의 자동차보험 점유율 증감률,"자동차보험, 점유율, 비대면 전문사, 악사, 하나, 캐롯",-,-,-,비대면 전문사,-,-,-,2025,-,Y,확정,0.1%,KOSIS_VALUE,hcx,비대면 전문사의 자동차보험 점유율 증감률,비대면 전문사,2025,Y,hcx,증감률,0.1,-,-,N,%,증감률,증가,전년,비대면 전문사(악사·하나·캐롯)의 점유율은 6.4%로 0.1%포인트 상승했다.,high,N,-,N,0,0,HCX-007,v1.5-measurement-binding,2026-07-28,자동차보험 점유율,,2025,Y,%,%,rate,rate_change,item,2024,Y,,
A1989-C001,A1989-C001-m2,A1989,"완성차 5사, 내수마저 4개월새 꺾여… 실적 ‘빨간불’",2025-06-03,https://www.chosun.com/economy/auto/2025/06/03/TLR5CIGPBNGA7GFEENVJEVLPEU,국내 완성차 5사(현대차·기아·GM 한국사업장·KG모빌리티·르노코리아)는 지난달 내수 판매량이 작년 동월 대비 2.9% 감소한 11만3139대라고 2일 밝혔다.,-,올 들어 내수 판매가 지난 1월(-11.8%) 이후 증가세를 이어 오다 네 달 만에 다시 감소세로 돌아선 것이다.,국내공식통계,Y,소매·소비,내수 판매량 증감률,"완성차, 내수, 판매량, 현대차, 기아, GM 한국사업장, KG모빌리티, 르노코리아",-,-,-,완성차,-,-,-,2024-05,-,M,확정,작년 동월 대비 2.9% 감소,KOSIS_VALUE,hcx,내수 판매량 증감률,완성차,2024-05,M,hcx,증감률,2.9,-,-,N,%,증감률,감소,전년동월,[검증 대상 문장] 국내 완성차 5사(현대차·기아·GM 한국사업장·KG모빌리티·르노코리아)는 지난달 내수 판매량이 작년 동월 대비 2.9% 감소한 11만3139대라고 2일 밝혔다.,high,Y,measurement_binding_fallback:1;measurement_period_ungrounded:2,Y,0,1,HCX-007,v1.5-measurement-binding,2026-07-28,내수 판매량,완성차,2025-05,M,%,%,rate,rate_change,item,2023,Y,,
A0301-C015,A0301-C015-m1,A0301,잘 달린 현대차도 주춤… 영업이익 4년만에 감소,2025-01-24,https://www.chosun.com/economy/auto/2025/01/24/G4UPTF6UTRDRTKOG3ZKEG5BGUI,작년 현대차 전체 판매에서 SUV와 고급 브랜드 제네시스 판매 비율은 61.7%로 1년 전보다 1.9%포인트 올랐다.,"다만, 고가 차종의 판매 비율이 늘며 매출은 최대치를 기록했다.",올해는 주력 시장인 미국에서 트럼프 행정부 2기 출범 이후 전기차 보조금 폐지와 관세 부과 같은 정책이 예고돼 있어 실적 개선에 어려움을 겪을 수 있다는 전망이 나온다.,국내공식통계,N,소매·소비,SUV 및 제네시스 판매 비율,"현대차, SUV, 제네시스, 판매 비율",-,-,-,현대차,-,-,-,2024,-,Y,확정,61.7%,KOSIS_VALUE,hcx,SUV 및 제네시스 판매 비율,현대차,2024,Y,hcx,현재값,61.7,-,-,N,%,수준값,증가,전년,작년 현대차 전체 판매에서 SUV와 고급 브랜드 제네시스 판매 비율은 61.7%로 1년 전보다 1.9%포인트 올랐다.,high,Y,measurement_rule_fallback:1,Y,1,0,HCX-007,v1.5-measurement-binding,2026-07-28,판매 비율,자동차,2024,Y,%,%,rate,rate_level,item,,Y,,
A0301-C015,A0301-C015-m2,A0301,잘 달린 현대차도 주춤… 영업이익 4년만에 감소,2025-01-24,https://www.chosun.com/economy/auto/2025/01/24/G4UPTF6UTRDRTKOG3ZKEG5BGUI,작년 현대차 전체 판매에서 SUV와 고급 브랜드 제네시스 판매 비율은 61.7%로 1년 전보다 1.9%포인트 올랐다.,"다만, 고가 차종의 판매 비율이 늘며 매출은 최대치를 기록했다.",올해는 주력 시장인 미국에서 트럼프 행정부 2기 출범 이후 전기차 보조금 폐지와 관세 부과 같은 정책이 예고돼 있어 실적 개선에 어려움을 겪을 수 있다는 전망이 나온다.,국내공식통계,N,소매·소비,SUV 및 제네시스 판매 비율 증가폭,"현대차, SUV, 제네시스, 판매 비율",-,-,-,현대차,-,-,-,2024,-,Y,확정,1.9%포인트,KOSIS_VALUE,hcx,SUV 및 제네시스 판매 비율 증가폭,현대차,2024,Y,hcx,증감값,1.9,-,-,N,%,증감률,증가,전년,작년 현대차 전체 판매에서 SUV와 고급 브랜드 제네시스 판매 비율은 61.7%로 1년 전보다 1.9%포인트 올랐다.,high,Y,measurement_rule_fallback:1,Y,1,0,HCX-007,v1.5-measurement-binding,2026-07-28,판매 비율,자동차,2024,Y,%,%,rate,rate_change,item,2023,Y,,
A2540-C003,A2540-C003-m1,A2540,"청년 사업자, 1분기 역대 최대 폭 줄어",2025-07-15,https://www.chosun.com/economy/economy_general/2025/07/15/DTJQOLRIERCX3NWU7O572LD5IE,"14일 국세청 국세통계포털에 따르면, 올해 1분기(1~3월) 사업체를 운영 중인 30세 미만 청년 사업자는 월평균 35만4672명으로 1년 전 대비 2만6247명 줄었다.",내수 부진과 고금리 여파로 창업을 포기하거나 아예 가게 문을 닫는 경우가 늘어난 결과로 풀이된다.,청년 사업자가 줄었다는 것은 창업한 청년보다 휴업하거나 폐업한 청년이 더 많았다는 뜻이다.,국내공식통계,Y,고용,청년 사업자 수,"청년, 사업자, 1분기, 감소",-,청년,-,,-,-,-,2025Q1,-,Q,확정,35만4672명,KOSIS_VALUE,hcx,청년 사업자 수,-,2025Q1,Q,hcx,현재값,354672,-,-,N,명,수준값,감소,전년동기,"[검증 대상 문장] 14일 국세청 국세통계포털에 따르면, 올해 1분기(1~3월) 사업체를 운영 중인 30세 미만 청년 사업자는 월평균 35만4672명으로 1년 전 대비 2만6247명 줄었다.",high,Y,measurement_rule_fallback:3,Y,3,0,HCX-007,v1.5-measurement-binding,2026-07-28,청년 사업자 수,,2025Q1,Q,명,명,person_count,count,unspecified,,Y,,
A0387-C010,A0387-C010-m2,A0387,지난해 ABS 발행액 51.7조… 전년비 21% 감소,2025-01-30,https://www.chosun.com/economy/money/2025/01/30/2VI4XZSB7VSZ3VAKAIKN7VJM5U,일반 기업도 8조1380억원에서 7조6739억원으로 밀렸다.,금융회사의 발행은 같은 기간 20조8979억원에서 25조776억원으로 떨어졌다.,등록 ABS 전체 발행 잔액은 지난해 말 기준 257조6000억원으로 전년 말보다 4조2000억원 늘었다.,국내공식통계,Y,금융·금리,ABS 발행액,"ABS, 발행액, 전년비, 감소",-,-,-,일반 기업,-,-,-,2024,-,Y,확정,7조6739억원,KOSIS_VALUE,hcx,ABS 발행액,일반 기업,2024,Y,hcx,현재값,7673900000000,-,-,N,원,수준값,감소,전년,[검증 대상 문장] 일반 기업도 8조1380억원에서 7조6739억원으로 밀렸다.,high,Y,measurement_period_ungrounded:1,N,0,0,HCX-007,v1.5-measurement-binding,2026-07-28,ABS 발행액,일반 기업,2024,Y,원,원,currency,amount,item,,Y,,
A1925-C001,A1925-C001-m1,A1925,90년대생 결혼 늘자 출산율 다시 0.8명대,2025-05-29,https://www.chosun.com/economy/economy_general/2025/05/29/4U6B4YZJFFBRFFDJZFYTZWWI5A,올해 1분기 합계출산율(여성 한 명이 평생 낳을 것으로 기대되는 아이 수)이 2년 만에 0.8명대로 올라섰다.,-,"상대적으로 인구가 많은 1990년대 초반생들이 본격적으로 결혼해 아이를 낳기 시작했고, 신생아 특례대출 등 각종 출산 장려책도 효과를 거뒀다는 분석이다.",국내공식통계,Y,인구,합계출산율,"출산율, 90년대생, 결혼, 신생아 특례대출",-,-,-,,-,-,-,2025Q1,-,Q,확정,0.8명,KOSIS_VALUE,hcx,합계출산율,-,2025Q1,Q,hcx,현재값,0.8,-,-,N,명,수준값,-,전년동기,올해 1분기 합계출산율(여성 한 명이 평생 낳을 것으로 기대되는 아이 수)이 2년 만에 0.8명대로 올라섰다.,high,Y,measurement_binding_fallback:1,N,0,1,HCX-007,v1.5-measurement-binding,2026-07-28,합계출산율,,2025Q1,Q,명,명,person_count,count,unspecified,,Y,,
A1192-C007,A1192-C007-m1,A1192,"정부, 가공용 돼지고기와 계란 분말 등에 낮은 관세율 적용 검토하기로",2025-04-02,https://www.chosun.com/economy/economy_general/2025/04/02/ZPBDJPYGPRACRCRUNBE3C6B3OM,"정부는 올해 봄철에는 배추 재배 의향 면적이 전년 대비 14.1% 늘어나고, 봄무 재배 의향 면적도 12.8% 증가했다는 점에서 향후 공급 확대로 가격이 안정될 것으로 전망하고 있다.","정부는 현재 네 품목에 대해 할당관세(관세율 0%)를 적용하고 있고, 배추와 무는 직접 수입도 하고 있다.",돼지고기 가격은 전년 동월 대비 3.1% 상승했다.,국내공식통계,N,물가,배추 재배 의향 면적 증감률,"배추, 무, 재배 의향 면적, 가격 안정",-,-,-,배추,-,-,-,2025,-,Y,확정,14.1%,KOSIS_VALUE,hcx,배추 재배 의향 면적 증감률,배추,2025,Y,hcx,증감률,14.1,-,-,N,%,증감률,증가,전년,"정부는 올해 봄철에는 배추 재배 의향 면적이 전년 대비 14.1% 늘어나고, 봄무 재배 의향 면적도 12.8% 증가했다는 점에서 향후 공급 확대로 가격이 안정될 것으로 전망하고 있다.",high,N,-,N,0,0,HCX-007,v1.5-measurement-binding,2026-07-28,배추 재배 의향 면적 증감률 및 봄무 재배 의향 면적 증감률,,2025,Y,%,%,rate,rate_change,item,2024,Y,,
A1192-C007,A1192-C007-m2,A1192,"정부, 가공용 돼지고기와 계란 분말 등에 낮은 관세율 적용 검토하기로",2025-04-02,https://www.chosun.com/economy/economy_general/2025/04/02/ZPBDJPYGPRACRCRUNBE3C6B3OM,"정부는 올해 봄철에는 배추 재배 의향 면적이 전년 대비 14.1% 늘어나고, 봄무 재배 의향 면적도 12.8% 증가했다는 점에서 향후 공급 확대로 가격이 안정될 것으로 전망하고 있다.","정부는 현재 네 품목에 대해 할당관세(관세율 0%)를 적용하고 있고, 배추와 무는 직접 수입도 하고 있다.",돼지고기 가격은 전년 동월 대비 3.1% 상승했다.,국내공식통계,N,물가,봄무 재배 의향 면적 증감률,"배추, 무, 재배 의향 면적, 가격 안정",-,-,-,봄무,-,-,-,2025,-,Y,확정,12.8%,KOSIS_VALUE,hcx,봄무 재배 의향 면적 증감률,봄무,2025,Y,hcx,증감률,12.8,-,-,N,%,증감률,증가,전년,"정부는 올해 봄철에는 배추 재배 의향 면적이 전년 대비 14.1% 늘어나고, 봄무 재배 의향 면적도 12.8% 증가했다는 점에서 향후 공급 확대로 가격이 안정될 것으로 전망하고 있다.",high,N,-,N,0,0,HCX-007,v1.5-measurement-binding,2026-07-28,배추 재배 의향 면적 증감률 및 봄무 재배 의향 면적 증감률,,2025,Y,%,%,rate,rate_change,item,2024,Y,,
A0077-C013,A0077-C013-m1,A0077,전기차 ‘캐즘 쇼크’… 배터리 기업 10곳 영업익 반토막,2025-01-06,https://www.chosun.com/economy/industry-company/2025/01/06/BO3WGUVLFVHH3BXGQ3BHBBNZWU,"◇불황 터널 끝 안 보이는 배터리 업계 5일 금융정보업체 에프앤가이드에 따르면, 국내 배터리 업계 주요 10개 기업의 2024년 연간 영업이익 합계는 약 4조9860억원으로 전망된다.","글로벌 시장에서도 주요 자동차 기업들이 전기차 분야 투자를 연기하거나 대폭 축소했고, 유럽 최대 배터리 기업인 노스볼트가 파산하는 등 배터리 산업 전반에서 고강도 구조조정이 이어지고 있다.",전년(2023년) 약 11조9465억원 대비 절반 미만이다.,국내공식통계,N,생산·산업,영업이익,"배터리, 영업이익, 기업",-,-,-,배터리,-,-,-,2024,-,Y,확정,4조9860억원,KOSIS_VALUE,hcx,영업이익,배터리,2024,Y,hcx,현재값,4986000000000,-,-,Y,원,수준값,-,전년,"◇불황 터널 끝 안 보이는 배터리 업계 5일 금융정보업체 에프앤가이드에 따르면, 국내 배터리 업계 주요 10개 기업의 2024년 연간 영업이익 합계는 약 4조9860억원으로 전망된다.",high,N,-,N,0,0,HCX-007,v1.5-measurement-binding,2026-07-28,영업이익,배터리,2024,Y,원,원,currency,amount,item,,Y,,
A1004-C001,A1004-C001-m1,A1004,"서빙 로봇, 전화응대 AI… 나 홀로 사장님 ‘디지털 직원’ 골라쓰세요",2025-03-19,https://www.chosun.com/economy/economy_general/2025/03/19/A2S2JD6IBVAYPC2NKKFX32TZAU,통계청에 따르면 지난해 우리나라 전체 자영업자 수는 565만7000명이다.,-,이 중 직원 없는 ‘나 홀로 사장님’이 422만5000명으로 전체의 74.7%를 차지했다.,국내공식통계,Y,고용,자영업자 수,자영업자; 나 홀로 사장님,-,-,-,,-,-,-,2024,-,Y,확정,565만7000명,KOSIS_VALUE,hcx,자영업자 수,-,2024,Y,hcx,현재값,5657000,-,-,N,명,수준값,-,전년,통계청에 따르면 지난해 우리나라 전체 자영업자 수는 565만7000명이다.,high,N,-,N,0,0,HCX-007,v1.5-measurement-binding,2026-07-28,자영업자 수,,2024,Y,명,명,person_count,count,unspecified,,Y,,
A0424-C003,A0424-C003-m1,A0424,5대은행 가계대출 10개월 만에 축소…연초 성과급 영향,2025-02-02,https://www.chosun.com/economy/money/2025/02/02/ELWE4ZA2GRMUY7Q24NBVV7ZD7E,11:36 0 명절과 연말·연초를 맞아 상여·성과급이 지급되면서 신용대출이 줄어들면서 지난달 주요 시중은행 가계대출 규모가 10개월 만에 감소세로 돌아섰다.,11:35 업데이트 2025.02.02.,2일 금융권에 따르면 지난달 24일 기준 국내 5대 은행(KB국민·신한·하나·우리·NH농협)의 가계대출 잔액은 732조3656억원으로 집계됐다.,국내공식통계,Y,금융·금리,신용대출 감소 인원,"5대은행, 가계대출, 축소, 연초, 성과급",-,-,-,,-,-,-,202502,-,M,확정,0 명,KOSIS_VALUE,hcx,신용대출 감소 인원,-,202502,M,hcx,현재값,0,-,-,N,명,수준값,감소,전월,[검증 대상 문장] 11:36 0 명절과 연말·연초를 맞아 상여·성과급이 지급되면서 신용대출이 줄어들면서 지난달 주요 시중은행 가계대출 규모가 10개월 만에 감소세로 돌아섰다.,high,N,-,Y,0,0,HCX-007,v1.5-measurement-binding,2026-07-28,가계대출 규모,,202502,M,명,명,person_count,count,unspecified,,Y,,
A1399-C027,A1399-C027-m1,A1399,"12.2조 추경, 산불·통상 ‘급한불’ 끈다...“민주 증액 요구땐 유연 대응”",2025-04-18,https://www.chosun.com/economy/economy_general/2025/04/18/OWXOIGGFSVHRRNZCVZ4RH4FXYY,다만 한국은행은 17일 금융통화위원회에서 “올해 성장률은 2월 전망치(1.5%)를 하회할 것으로 보인다”고 밝혔다.,한국은행이 지난 2월 발표한 올해 성장률 전망치는 1.5%로 성장률이 1.6%로 올라가는 것이다.,"“앞으로 내수 부진이 일부 완화되겠지만, 수출은 통상 여건의 불확실성이 지속돼 둔화 흐름을 이어갈 것”이라는 이유였다.",국내공식통계,N,재정·조세,성장률,"한국은행, 성장률 전망치",-,-,-,,-,-,-,2025,-,Y,확정,1.5%,KOSIS_VALUE,hcx,성장률,-,2025,Y,hcx,현재값,1.5,-,-,N,%,수준값,유지,전년,"다만 한국은행은 17일 금융통화위원회에서 ""올해 성장률은 2월 전망치(1.5%)를 하회할 것으로 보인다""고 밝혔다.",mid,Y,기사에서 언급한 성장률 전망치의 변화 가능성에 대한 추가 확인 필요.,N,0,0,HCX-007,v1.5-measurement-binding,2026-07-28,성장률,,2025,Y,%,%,rate,level,unspecified,,Y,,
A0534-C011,A0534-C011-m1,A0534,"‘유퀴즈’ 정신과 교수 “우울증은 죄 없다, 죗값은 살해 교사가”",2025-02-11,https://www.chosun.com/national/national_general/2025/02/11/DNLHJD6BEFCJRPGEJ64D3JPXOA,2022년 대한우울자살예방학회에 따르면 한국의 우울증 치료율은 11%로 OECD 국가 중 최저 수준이다.,하지만 우울증 치료율은 낮은 수준이다.,미국의 우울증 치료율은 66%다.,국내공식통계,N,보건·복지,우울증 치료율,"우울증, 치료율, OECD",-,-,-,,-,-,-,2022,-,Y,확정,11%,KOSIS_VALUE,hcx,우울증 치료율,-,2022,Y,hcx,현재값,11,-,-,N,%,비중,-,전년,2022년 대한우울자살예방학회에 따르면 한국의 우울증 치료율은 11%로 OECD 국가 중 최저 수준이다.,high,N,-,N,0,0,HCX-007,v1.5-measurement-binding,2026-07-28,우울증 치료율,,2022,Y,%,%,rate,level,unspecified,,Y,,
A0312-C009,A0312-C009-m2,A0312,“對美 수출 50%가 美 제조업 부흥·MAGA 위한 것”,2025-01-24,https://www.chosun.com/economy/industry-company/2025/01/24/B2VTXBPKAJCRBN2E3LVAVYALP4,"◇중간재 수출, MAGA의 핵심 최근 5년간 한국의 대미 수출 통계를 보면 중간재 수출은 55.4%(2020년)→57.8% →60.4%→50.1%→ 51.2%(2024년)로 늘 과반을 차지했다.","통상 전문가들은 “한국이 미국과 필수 공급망에서 끈끈하게 연결돼 서로 ‘윈윈’ 하는 좋은 파트너라는 점과, 한국 기업들이 잇따라 미국 투자를 늘리면서 수출이 늘어나는 측면이 있음을 적극적으로 설득하며 협상해야 한다”고 말한다.",대미 수출 증가에는 중간재 수출의 확대가 늘 깔려 있다는 뜻이다.,국내공식통계,Y,무역,대미 수출 비중,"대미 수출, 중간재 수출, MAGA",-,-,-,,-,대한민국,미국,2020,-,Y,확정,55.4%,KOSIS_VALUE,hcx,대미 수출 비중,-,2020,Y,hcx,현재값,55.4,-,-,N,%,비중,-,-,최근 5년간 한국의 대미 수출 통계를 보면 중간재 수출은 55.4%(2020년)→57.8% →60.4%→50.1%→ 51.2%(2024년)로 늘 과반을 차지했다.,high,Y,measurement_binding_fallback:1,Y,0,1,HCX-007,v1.5-measurement-binding,2026-07-28,대미 수출 비중,,2024,Y,%,%,rate,level,unspecified,,Y,,
A0312-C009,A0312-C009-m3,A0312,“對美 수출 50%가 美 제조업 부흥·MAGA 위한 것”,2025-01-24,https://www.chosun.com/economy/industry-company/2025/01/24/B2VTXBPKAJCRBN2E3LVAVYALP4,"◇중간재 수출, MAGA의 핵심 최근 5년간 한국의 대미 수출 통계를 보면 중간재 수출은 55.4%(2020년)→57.8% →60.4%→50.1%→ 51.2%(2024년)로 늘 과반을 차지했다.","통상 전문가들은 “한국이 미국과 필수 공급망에서 끈끈하게 연결돼 서로 ‘윈윈’ 하는 좋은 파트너라는 점과, 한국 기업들이 잇따라 미국 투자를 늘리면서 수출이 늘어나는 측면이 있음을 적극적으로 설득하며 협상해야 한다”고 말한다.",대미 수출 증가에는 중간재 수출의 확대가 늘 깔려 있다는 뜻이다.,국내공식통계,Y,무역,대미 수출 비중,"대미 수출, 중간재 수출, MAGA",-,-,-,,-,대한민국,미국,2020,-,Y,확정,57.8%,KOSIS_VALUE,hcx,대미 수출 비중,-,2020,Y,hcx,현재값,57.8,-,-,N,%,비중,-,-,최근 5년간 한국의 대미 수출 통계를 보면 중간재 수출은 55.4%(2020년)→57.8% →60.4%→50.1%→ 51.2%(2024년)로 늘 과반을 차지했다.,high,Y,measurement_binding_fallback:1,Y,0,1,HCX-007,v1.5-measurement-binding,2026-07-28,대미 수출 비중,,2024,Y,%,%,rate,level,unspecified,,Y,,
A0312-C009,A0312-C009-m4,A0312,“對美 수출 50%가 美 제조업 부흥·MAGA 위한 것”,2025-01-24,https://www.chosun.com/economy/industry-company/2025/01/24/B2VTXBPKAJCRBN2E3LVAVYALP4,"◇중간재 수출, MAGA의 핵심 최근 5년간 한국의 대미 수출 통계를 보면 중간재 수출은 55.4%(2020년)→57.8% →60.4%→50.1%→ 51.2%(2024년)로 늘 과반을 차지했다.","통상 전문가들은 “한국이 미국과 필수 공급망에서 끈끈하게 연결돼 서로 ‘윈윈’ 하는 좋은 파트너라는 점과, 한국 기업들이 잇따라 미국 투자를 늘리면서 수출이 늘어나는 측면이 있음을 적극적으로 설득하며 협상해야 한다”고 말한다.",대미 수출 증가에는 중간재 수출의 확대가 늘 깔려 있다는 뜻이다.,국내공식통계,Y,무역,대미 수출 비중,"대미 수출, 중간재 수출, MAGA",-,-,-,,-,대한민국,미국,2020,-,Y,확정,60.4%,KOSIS_VALUE,hcx,대미 수출 비중,-,2020,Y,hcx,현재값,60.4,-,-,N,%,비중,-,-,최근 5년간 한국의 대미 수출 통계를 보면 중간재 수출은 55.4%(2020년)→57.8% →60.4%→50.1%→ 51.2%(2024년)로 늘 과반을 차지했다.,high,Y,measurement_binding_fallback:1,Y,0,1,HCX-007,v1.5-measurement-binding,2026-07-28,대미 수출 비중,,2024,Y,%,%,rate,level,unspecified,,Y,,
A0312-C009,A0312-C009-m5,A0312,“對美 수출 50%가 美 제조업 부흥·MAGA 위한 것”,2025-01-24,https://www.chosun.com/economy/industry-company/2025/01/24/B2VTXBPKAJCRBN2E3LVAVYALP4,"◇중간재 수출, MAGA의 핵심 최근 5년간 한국의 대미 수출 통계를 보면 중간재 수출은 55.4%(2020년)→57.8% →60.4%→50.1%→ 51.2%(2024년)로 늘 과반을 차지했다.","통상 전문가들은 “한국이 미국과 필수 공급망에서 끈끈하게 연결돼 서로 ‘윈윈’ 하는 좋은 파트너라는 점과, 한국 기업들이 잇따라 미국 투자를 늘리면서 수출이 늘어나는 측면이 있음을 적극적으로 설득하며 협상해야 한다”고 말한다.",대미 수출 증가에는 중간재 수출의 확대가 늘 깔려 있다는 뜻이다.,국내공식통계,Y,무역,대미 수출 비중,"대미 수출, 중간재 수출, MAGA",-,-,-,,-,대한민국,미국,2020,-,Y,확정,50.1%,KOSIS_VALUE,hcx,대미 수출 비중,-,2020,Y,hcx,현재값,50.1,-,-,N,%,비중,-,-,최근 5년간 한국의 대미 수출 통계를 보면 중간재 수출은 55.4%(2020년)→57.8% →60.4%→50.1%→ 51.2%(2024년)로 늘 과반을 차지했다.,high,Y,measurement_binding_fallback:1,Y,0,1,HCX-007,v1.5-measurement-binding,2026-07-28,대미 수출 비중,,2024,Y,%,%,rate,level,unspecified,,Y,,
A0312-C009,A0312-C009-m6,A0312,“對美 수출 50%가 美 제조업 부흥·MAGA 위한 것”,2025-01-24,https://www.chosun.com/economy/industry-company/2025/01/24/B2VTXBPKAJCRBN2E3LVAVYALP4,"◇중간재 수출, MAGA의 핵심 최근 5년간 한국의 대미 수출 통계를 보면 중간재 수출은 55.4%(2020년)→57.8% →60.4%→50.1%→ 51.2%(2024년)로 늘 과반을 차지했다.","통상 전문가들은 “한국이 미국과 필수 공급망에서 끈끈하게 연결돼 서로 ‘윈윈’ 하는 좋은 파트너라는 점과, 한국 기업들이 잇따라 미국 투자를 늘리면서 수출이 늘어나는 측면이 있음을 적극적으로 설득하며 협상해야 한다”고 말한다.",대미 수출 증가에는 중간재 수출의 확대가 늘 깔려 있다는 뜻이다.,국내공식통계,Y,무역,대미 수출 비중,"대미 수출, 중간재 수출, MAGA",-,-,-,,-,대한민국,미국,2024,-,Y,확정,51.2%,KOSIS_VALUE,hcx,대미 수출 비중,-,2024,Y,hcx,현재값,51.2,-,-,N,%,비중,-,-,최근 5년간 한국의 대미 수출 통계를 보면 중간재 수출은 55.4%(2020년)→57.8% →60.4%→50.1%→ 51.2%(2024년)로 늘 과반을 차지했다.,high,Y,measurement_binding_fallback:1,Y,0,1,HCX-007,v1.5-measurement-binding,2026-07-28,대미 수출 비중,,2024,Y,%,%,rate,level,unspecified,,Y,,
A1656-C004,A1656-C004-m2,A1656,"美中 첫 대화 소식, 중국 금리 인하에… 롤러코스터 탄 환율",2025-05-08,https://www.chosun.com/economy/economy_general/2025/05/08/DCMB6WNTD5DFZHQPX5S6S2IQRU,환율이 1380원대로 개장한 것은 지난해 11월 8일(1386원) 이후 6개월 만에 처음이다.,긴 연휴를 끝내고 7일 개장한 서울 외환시장에서 1달러당 원화 환율은 25.3원 급락한 1380원으로 출발했다.,지난달 8일만 해도 1481원까지 치솟으며 곧 1500원을 뚫을 기세였던 환율이 장중이긴 하지만 한 달 만에 100원가량 떨어진 것이다.,국내공식통계,N,금융·금리,환율,"미국, 중국, 금리 인하, 환율",-,-,-,,-,-,-,202411,-,M,확정,1386원,KOSIS_VALUE,hcx,환율,-,202411,M,hcx,현재값,1386,-,-,N,원,수준값,-,전년,환율이 1380원대로 개장한 것은 지난해 11월 8일(1386원) 이후 6개월 만에 처음이다.,high,Y,measurement_binding_fallback:1;measurement_period_ungrounded:1,Y,0,1,HCX-007,v1.5-measurement-binding,2026-07-28,환율,,202505,M,원,원,currency,amount,unspecified,,Y,,
A1478-C019,A1478-C019-m1,A1478,한국 1분기 -0.2% 역성장 쇼크... 1년간 성장 멈췄다,2025-04-24,https://www.chosun.com/economy/economy_general/2025/04/24/RYSYX6BORRBE5GFWM4X74Z3QLA,이는 지난 2024년 1분기 이후로 0%포인트대를 밑돌고 있다.,순수출 성장 기여도는 올해 1분기 0.3%포인트로 집계됐다.,이날 이동원 한은 경제통계2국장은 “2분기 성장률은 내수만 봤을 때 민간 소비를 중심으로 소폭 개선될 가능성이 있지만 지난 2월에 제시한 전망치(0.8%)에는 조금 못 미칠 수 있다”고 했다.,국내공식통계,Y,생산·산업,순수출 성장 기여도,"한국, 1분기, 순수출, 성장 기여도",-,-,-,,-,-,-,2024,-,Y,확정,0%,KOSIS_VALUE,hcx,순수출 성장 기여도,-,2024,Y,hcx,현재값,0,-,-,N,%,수준값,유지,전분기,이는 지난 2024년 1분기 이후로 0%포인트를 밑돌고 있다.,high,N,-,N,0,0,HCX-007,v1.5-measurement-binding,2026-07-28,순수출 성장 기여도,,2025Q1,Q,%,%,rate,level,unspecified,,Y,,
A1766-C010,A1766-C010-m1,A1766,1분기 나라살림 적자 61조… 역대 2위 수준,2025-05-16,https://www.chosun.com/economy/economy_general/2025/05/16/UA3GM2BULJCI7NGJWXOISOVFXA,지방정부와 공공기관을 포함한 도로·항만 등 사회간접자본(SOC) 투자와 공공·노인 일자리 사업 등 재정 신속 집행 실적은 올해 1분기 232조6000억원으로 작년보다 4조2000억원 늘었다.,다만 경기 부양을 위한 정부의 대대적인 재정 신속 집행으로 작년에 이어 1분기 총지출 규모가 200조원을 웃돌았다.,"이달 1일 국회를 통과한 13조8000억원의 추가경정예산(추경)과, 새 정부 출범 이후 30조원이 넘는 2차 추경 편성 가능성을 감안하면 올해 나라 살림 적자는 늘어날 수 있다는 우려가 나온다.",국내공식통계,Y,재정·조세,재정 신속 집행 실적,"SOC 투자, 공공·노인 일자리 사업, 재정 신속 집행",-,-,-,,-,-,-,2025Q1,-,Q,확정,232조6000억원,KOSIS_VALUE,hcx,재정 신속 집행 실적,-,2025Q1,Q,hcx,현재값,232600000000000,-,-,N,원,수준값,증가,전분기,지방정부와 공공기관을 포함한 도로·항만 등 사회간접자본(SOC) 투자와 공공·노인 일자리 사업 등 재정 신속 집행 실적은 올해 1분기 232조6000억원으로 작년보다 4조2000억원 늘었다.,high,N,-,N,0,0,HCX-007,v1.5-measurement-binding,2026-07-28,재정 신속 집행 실적,,2025Q1,Q,원,원,currency,amount,unspecified,,Y,,
A1766-C010,A1766-C010-m2,A1766,1분기 나라살림 적자 61조… 역대 2위 수준,2025-05-16,https://www.chosun.com/economy/economy_general/2025/05/16/UA3GM2BULJCI7NGJWXOISOVFXA,지방정부와 공공기관을 포함한 도로·항만 등 사회간접자본(SOC) 투자와 공공·노인 일자리 사업 등 재정 신속 집행 실적은 올해 1분기 232조6000억원으로 작년보다 4조2000억원 늘었다.,다만 경기 부양을 위한 정부의 대대적인 재정 신속 집행으로 작년에 이어 1분기 총지출 규모가 200조원을 웃돌았다.,"이달 1일 국회를 통과한 13조8000억원의 추가경정예산(추경)과, 새 정부 출범 이후 30조원이 넘는 2차 추경 편성 가능성을 감안하면 올해 나라 살림 적자는 늘어날 수 있다는 우려가 나온다.",국내공식통계,Y,재정·조세,재정 신속 집행 실적 증가분,"SOC 투자, 공공·노인 일자리 사업, 재정 신속 집행",-,-,-,,-,-,-,2025Q1,-,Q,확정,4조2000억원,KOSIS_VALUE,hcx,재정 신속 집행 실적 증가분,-,2025Q1,Q,hcx,증감값,4200000000000,-,-,N,원,증감량,증가,전분기,지방정부와 공공기관을 포함한 도로·항만 등 사회간접자본(SOC) 투자와 공공·노인 일자리 사업 등 재정 신속 집행 실적은 올해 1분기 232조6000억원으로 작년보다 4조2000억원 늘었다.,high,N,-,N,0,0,HCX-007,v1.5-measurement-binding,2026-07-28,재정 신속 집행 실적,,2025Q1,Q,원,원,currency,absolute_change,unspecified,,Y,,
A2256-C014,A2256-C014-m1,A2256,"기업, 시설 투자보다 월급 주려 대출받는다",2025-06-23,https://www.chosun.com/economy/economy_general/2025/06/23/XMRWOM762JGDHB6OVYHOSUWCE4,"한은이 발표한 올해 1분기 ’예금 취급 기관 산업별 대출금’에 따르면, 국내 기업의 운전 자금 목적 대출 잔액은 전 분기보다 9조5000억원 늘었다.",◇’불황형 대출’이 덮친 한국 기업 이 같은 ‘불황형 대출’ 심화 현상은 한국은행 통계에서도 확인할 수 있다.,"작년 4분기에는 직전 분기보다 3조4000억원 감소했는데, 올 들어 확 늘어난 것이다.",국내공식통계,Y,금융·금리,대출 잔액,"예금 취급 기관, 산업별 대출금, 운전 자금 목적",-,-,-,,-,-,-,2025Q1,-,Q,확정,9조5000억원,KOSIS_VALUE,hcx,대출 잔액,-,2025Q1,Q,hcx,현재값,9500000000000,-,-,N,원,수준값,증가,전분기,"한은이 발표한 올해 1분기 '예금 취급 기관 산업별 대출금'에 따르면, 국내 기업의 운전 자금 목적 대출 잔액은 전 분기보다 9조5000억원 늘었다.",high,N,-,N,0,0,HCX-007,v1.5-measurement-binding,2026-07-28,대출 잔액,,2025Q1,Q,원,원,currency,amount,unspecified,,Y,,
A0786-C022,A0786-C022-m1,A0786,"“올해도 보수적으로”… 벤처캐피털, 허리띠 더 조인다",2025-03-02,https://www.chosun.com/economy/money/2025/03/02/TEMXRK3YYCXDPV3NP3ZEPHEYRE,"2023년 연간 집계치인 41곳, 2022년의 32곳보다 늘어난 수준이다.",작년 벤처 펀드를 통한 투자 실적이 없는 VC도 56개사에 달했다.,벤처 펀드 결성이 원활해야 이를 바탕으로 투자 운용을 할 수 있는 구조인데 펀드레이징 경쟁이 심화하며 자기자본(PI) 투자로 연명하는 VC도 늘어나는 추세다.,국내공식통계,Y,소매·소비,벤처 펀드 미투자 VC 수,"벤처캐피털, 벤처 펀드, 투자 실적",-,-,-,,-,-,-,2023,-,Y,확정,41곳,KOSIS_VALUE,hcx,벤처 펀드 미투자 VC 수,-,2023,Y,hcx,현재값,41,-,-,N,개,수준값,유지,전년,"2023년 연간 집계치인 41곳, 2022년의 32곳보다 늘어난 수준이다.",high,N,-,N,0,0,HCX-007,v1.5-measurement-binding,2026-07-28,벤처 펀드 미투자 VC 수,,2023,Y,곳,개,count,count,unspecified,,Y,,
A2701-C009,A2701-C009-m1,A2701,3분기 수출 역대 최대… 美 관세 폭탄에도 반도체·지역 다변화로 선방,2025-11-10,https://biz.chosun.com/policy/policy_sub/2025/11/10/FJZFOVSDGBEVDPIJJYVIHAC63E/,"국가데이터처 관계자는 ""대기업, 중견기업, 중소기업 할 것 없이 모두 수출이 증가했지만, 반도체 수출이 크게 늘어나면서 10대 기업의 무역 집중도가 사상 최대치를 나타냈다""고 설명했다.",특히 SK하이닉스의 고대역폭 메모리(HBM) 수출이 급증해 수출 상위 10대 기업의 무역 집중도(40%)는 역대 최고치를 기록했다.,올해 3분기에는 주요국 수출 감소에도 수출 지역 다변화를 통해 양호한 수출 실적을 거뒀다.,국내공식통계,Y,무역,무역 집중도,"수출, 반도체, 대기업, 중견기업, 중소기업",-,-,-,,-,-,-,2025Q3,-,Q,확정,10대,KOSIS_VALUE,hcx,무역 집중도,-,2025Q3,Q,hcx,현재값,10,-,-,N,대,수준값,증가,전분기,"""대기업, 중견기업, 중소기업 할 것 없이 모두 수출이 증가했지만, 반도체 수출이 크게 늘어나면서 10대 기업의 무역 집중도가 사상 최대치를 나타냈다""고 설명했다.",high,N,-,N,0,0,HCX-007,v1.5-measurement-binding,2026-07-28,무역 집중도,,2025Q3,Q,대,대,count,count,unspecified,,Y,,
A0575-C006,A0575-C006-m2,A0575,나랏빚 1200조원 육박… 나라 살림 적자폭 81조,2025-02-14,https://www.chosun.com/economy/economy_general/2025/02/14/3V6NWEHDKJDNFOYS6LCCIJFPR4,재정 적자를 메우기 위해 11개월간 정부가 70조원에 가까운 국고채를 발행하면서 나랏빚이 1200조원에 육박했다.,2023년 기업 실적 부진으로 작년 1~11월 법인세 세수가 전년보다 18조원 가까이 줄어든 60조2000억원에 그친 영향이 컸다.,"작년 11월 말 기준 중앙 정부 채무는 1160조3000억원으로 집계됐는데, 정부가 예상하는 연말 지자체 채무인 32조8000억원을 이에 합치면 국가 채무는 1193조1000억원으로 추정된다.",국내공식통계,N,재정·조세,국고채 발행 규모,"나랏빚, 재정 적자, 국고채, 국가 채무",-,-,-,,-,-,-,2024,-,Y,확정,70조원,KOSIS_VALUE,hcx,국고채 발행 규모,-,2024,Y,hcx,현재값,70000000000000,-,-,N,원,수준값,-,전년,재정 적자를 메우기 위해 11개월간 정부가 70조원에 가까운 국고채를 발행하면서 나랏빚이 1200조원에 육박했다.,high,N,-,Y,0,0,HCX-007,v1.5-measurement-binding,2026-07-28,국가 채무,,2024,Y,원,원,currency,amount,unspecified,,Y,,
A0575-C006,A0575-C006-m3,A0575,나랏빚 1200조원 육박… 나라 살림 적자폭 81조,2025-02-14,https://www.chosun.com/economy/economy_general/2025/02/14/3V6NWEHDKJDNFOYS6LCCIJFPR4,재정 적자를 메우기 위해 11개월간 정부가 70조원에 가까운 국고채를 발행하면서 나랏빚이 1200조원에 육박했다.,2023년 기업 실적 부진으로 작년 1~11월 법인세 세수가 전년보다 18조원 가까이 줄어든 60조2000억원에 그친 영향이 컸다.,"작년 11월 말 기준 중앙 정부 채무는 1160조3000억원으로 집계됐는데, 정부가 예상하는 연말 지자체 채무인 32조8000억원을 이에 합치면 국가 채무는 1193조1000억원으로 추정된다.",국내공식통계,N,재정·조세,국가 채무,"나랏빚, 재정 적자, 국고채, 국가 채무",-,-,-,,-,-,-,2024,-,Y,확정,1200조원,KOSIS_VALUE,hcx,국가 채무,-,2024,Y,hcx,현재값,1200000000000000,-,-,N,원,수준값,-,전년,재정 적자를 메우기 위해 11개월간 정부가 70조원에 가까운 국고채를 발행하면서 나랏빚이 1200조원에 육박했다.,high,N,-,Y,0,0,HCX-007,v1.5-measurement-binding,2026-07-28,국가 채무,,2024,Y,원,원,currency,amount,unspecified,,Y,,
A0279-C004,A0279-C004-m1,A0279,작년 11월 출생아 14.6% 증가...2010년 이후 최대폭,2025-01-22,https://www.chosun.com/economy/economy_general/2025/01/22/HAHTAVPQ75BJXM4GWC4SNRKAZA,이는 지난 2010년 11월(17.5%) 이후 가장 높은 증가율이다.,"22일 통계청이 22일 발표한 ‘2024년 11월 인구동향’에 따르면, 작년 11월 출생아 수는 1년 전에 비해 14.6% 늘어난 2만95명으로 집계됐다.",작년 1월부터 11월까지 출생아 수 22만94명으로 전년에 비해 3% 늘어났다.,국내공식통계,N,인구,출생아 수 증가율,"작년, 11월, 출생아, 증가율, 2010년",-,-,-,,-,-,-,2010,-,Y,확정,17.5%,KOSIS_VALUE,hcx,출생아 수 증가율,-,2010,Y,hcx,증감률,17.5,-,-,N,%,증감률,증가,전년동기,이는 지난 2010년 11월(17.5%) 이후 가장 높은 증가율이다.,high,N,-,N,0,0,HCX-007,v1.5-measurement-binding,2026-07-28,출생아 수 증가율,,2024-11,M,%,%,rate,rate_change,unspecified,2009,Y,,
A0633-C003,A0633-C003-m2,A0633,작년 가계빚 41조 늘어난 1927조원...역대 최고치,2025-02-18,https://www.chosun.com/economy/economy_general/2025/02/18/R2YC75IKMRBWVONVGQIRQ7TKYI,코로나 팬데믹 기간 금리 인하로 가계빚이 빠르게 늘었던 2021년의 133조4000억원(7.7%) 이후 3년 만의 최대 증가 폭이다.,18일 한국은행은 작년 말 우리나라 가계신용 잔액이 1927조3000억원으로 전년보다 41조8000억원(2.2%) 늘었다고 밝혔다.,가계신용은 은행 등에서 받은 가계 대출과 대금 결제가 아직 안 된 신용카드 판매액(판매신용) 등을 합친 것이다.,국내공식통계,Y,금융·금리,가계신용 잔액 증감률,"가계빚, 가계대출, 신용카드 판매액",-,-,-,,-,-,-,2021,-,Y,확정,7.7%,KOSIS_VALUE,hcx,가계신용 잔액 증감률,-,2021,Y,hcx,증감률,7.7,-,-,N,%,증감률,증가,전년,코로나 팬데믹 기간 금리 인하로 가계빚이 빠르게 늘었던 2021년의 133조4000억원(7.7%) 이후 3년 만의 최대 증가 폭이다.,high,Y,measurement_binding_fallback:1,Y,0,1,HCX-007,v1.5-measurement-binding,2026-07-28,가계신용 잔액,,2024,Y,%,%,rate,rate_change,unspecified,2020,Y,,
A0399-C034,A0399-C034-m2,A0399,트럼프 ‘금리 인하’ 압박에도… 美연준 만장일치 “동결”,2025-01-31,https://www.chosun.com/economy/economy_general/2025/01/31/A7PFEUIACNH7HASFXVOJEW35UM,"신용평가기관 나이스(NICE) 평가 정보에 따르면, 3개월 이상 대출 상환을 연체한 자영업자는 작년 3분기 14만6000명으로 1년 사이 41.8%나 급증했다.",이 경우 취약 자영업자들은 경기 부진과 고금리의 이중 타격을 받을 수 있다.,"한은이 보유한 ‘자영업 다중채무자 현황’ 자료에 따르면 지난해 3분기 말 현재 자영업 다중채무자의 연체율은 2.03%로, 1년 전보다 0.64%포인트 급증했다.",국내공식통계,N,소득·임금,대출 상환 연체 자영업자 수,"신용평가기관, 나이스, 자영업자, 대출 상환 연체, 3개월, 14만6000명, 1년, 41.8%",-,-,-,,자영업자,-,-,2024Q3,-,Q,확정,14만6000명,KOSIS_VALUE,hcx,대출 상환 연체 자영업자 수,-,2024Q3,Q,hcx,현재값,146000,-,-,N,명,수준값,증가,전년동기,"신용평가기관 나이스(NICE) 평가 정보에 따르면, 3개월 이상 대출 상환을 연체한 자영업자는 작년 3분기 14만6000명으로 1년 사이 41.8%나 급증했다.",high,Y,measurement_binding_fallback:2,Y,0,2,HCX-007,v1.5-measurement-binding,2026-07-28,대출 상환 연체 자영업자 수 및 증가율,,2024Q3,Q,명,명,person_count,count,unspecified,,Y,,
A0399-C034,A0399-C034-m4,A0399,트럼프 ‘금리 인하’ 압박에도… 美연준 만장일치 “동결”,2025-01-31,https://www.chosun.com/economy/economy_general/2025/01/31/A7PFEUIACNH7HASFXVOJEW35UM,"신용평가기관 나이스(NICE) 평가 정보에 따르면, 3개월 이상 대출 상환을 연체한 자영업자는 작년 3분기 14만6000명으로 1년 사이 41.8%나 급증했다.",이 경우 취약 자영업자들은 경기 부진과 고금리의 이중 타격을 받을 수 있다.,"한은이 보유한 ‘자영업 다중채무자 현황’ 자료에 따르면 지난해 3분기 말 현재 자영업 다중채무자의 연체율은 2.03%로, 1년 전보다 0.64%포인트 급증했다.",국내공식통계,N,소득·임금,대출 상환 연체 자영업자 증가율,"신용평가기관, 나이스, 자영업자, 대출 상환 연체, 3개월, 14만6000명, 1년, 41.8%",-,-,-,,자영업자,-,-,2024Q3,-,Q,확정,41.8%,KOSIS_VALUE,hcx,대출 상환 연체 자영업자 증가율,-,2024Q3,Q,hcx,증감률,41.8,-,-,N,%,비중,증가,전년동기,"신용평가기관 나이스(NICE) 평가 정보에 따르면, 3개월 이상 대출 상환을 연체한 자영업자는 작년 3분기 14만6000명으로 1년 사이 41.8%나 급증했다.",high,Y,measurement_binding_fallback:2,Y,0,2,HCX-007,v1.5-measurement-binding,2026-07-28,대출 상환 연체 자영업자 수 및 증가율,,2024Q3,Q,%,%,rate,rate_change,unspecified,2023,Y,,
A0398-C008,A0398-C008-m2,A0398,귤 한 알에 1000원… ‘프루트플레이션’ 일상 되나,2025-01-31,https://www.chosun.com/economy/economy_general/2025/01/31/5JT3HABFHBBJPLTZRTPNYU7XCU,"딸기도 마찬가지로, 딸기(100g) 가격은 지난 2023년 1월 기준 1949원에서 지난해 1월 2156원으로 1년 새 10.6% 올랐다.","감귤 가격은 지난 2023년 1월(3349원)과 비교해 지난해 1월에 35.8%나 올랐는데, 올해 들어 또다시 치솟은 것이다.",이어 이달 기준 2379원으로 또다시 10.3% 올랐다.,국내공식통계,N,물가,딸기 가격,"딸기, 물가, 과일",-,-,-,,-,-,-,2024-01,-,M,확정,2156원,KOSIS_VALUE,hcx,딸기 가격,-,2024-01,M,hcx,현재값,2156,-,-,N,원,수준값,증가,전년동기,딸기(100g) 가격은 지난 2023년 1월 기준 1949원에서 지난해 1월 2156원으로 1년 새 10.6% 올랐다.,high,Y,measurement_binding_fallback:1,Y,0,1,HCX-007,v1.5-measurement-binding,2026-07-28,딸기 가격,,2024-01,M,원,원,currency,amount,unspecified,,Y,,
A2631-C006,A2631-C006-m1,A2631,심각해지는 고용 연령 양극화..30대·60대 빼곤 일자리 ‘총체적 부실’,2025-10-17,https://www.chosun.com/economy/economy_general/2025/10/17/6GLEDGGJMRC6VEZ6IZJO4V7ZMM/,취업자 수 증가 폭은 올해 들어 5월(24만5000명)을 제외하고 매달 10만명대를 맴돌다가 9월 들어 크게 늘었다.,이는 지난해 2월(32만9000명) 이후 1년 7개월 만에 가장 큰 증가 폭이다.,반면 청년(15~29세) 취업자는 14만6200명 감소했다.,국내공식통계,Y,고용,취업자 수 증가 폭,"고용, 연령, 양극화, 일자리, 취업자, 증가 폭",-,-,-,,-,-,-,2025,-,Y,확정,24만5000명,KOSIS_VALUE,hcx,취업자 수 증가 폭,-,2025,Y,hcx,현재값,245000,-,-,N,명,수준값,증가,전년,[검증 대상 문장] 취업자 수 증가 폭은 올해 들어 5월(24만5000명)을 제외하고 매달 10만명대를 맴돌다가 9월 들어 크게 늘었다.,high,N,-,N,0,0,HCX-007,v1.5-measurement-binding,2026-07-28,취업자 수 증가 폭,,2025,Y,명,명,person_count,count,person,,Y,,
A2631-C006,A2631-C006-m2,A2631,심각해지는 고용 연령 양극화..30대·60대 빼곤 일자리 ‘총체적 부실’,2025-10-17,https://www.chosun.com/economy/economy_general/2025/10/17/6GLEDGGJMRC6VEZ6IZJO4V7ZMM/,취업자 수 증가 폭은 올해 들어 5월(24만5000명)을 제외하고 매달 10만명대를 맴돌다가 9월 들어 크게 늘었다.,이는 지난해 2월(32만9000명) 이후 1년 7개월 만에 가장 큰 증가 폭이다.,반면 청년(15~29세) 취업자는 14만6200명 감소했다.,국내공식통계,Y,고용,취업자 수 증가 폭,"고용, 연령, 양극화, 일자리, 취업자, 증가 폭",-,-,-,,-,-,-,2025,-,Y,확정,10만명,KOSIS_VALUE,hcx,취업자 수 증가 폭,-,2025,Y,hcx,현재값,100000,-,-,N,명,수준값,증가,전년,[검증 대상 문장] 취업자 수 증가 폭은 올해 들어 5월(24만5000명)을 제외하고 매달 10만명대를 맴돌다가 9월 들어 크게 늘었다.,high,N,-,N,0,0,HCX-007,v1.5-measurement-binding,2026-07-28,취업자 수 증가 폭,,2025,Y,명,명,person_count,count,person,,Y,,
A0006-C014,A0006-C014-m1,A0006,"2024년 수출, 6838억달러로 ‘역대 최대’ 경신",2025-01-01,https://www.chosun.com/economy/industry-company/2025/01/01/2UPTGREAPRAWRG4XUBRMLONSKY,"바이오헬스 수출은 바이오시밀러 등 의약품을 중심으로 전년 대비 13.1% 증가한 151억 달러를 기록했으며, 전 세계적으로 K푸드, K뷰티 선호가 확대되면서 농수산식품 수출은 117억 달러(7.6%), 화장품 수출(102억 달러, +20.6%)은 처음으로 100억 달러를 돌파하면서 역대 최대 수출실적을 경신했다.","석유화학 수출은 480억 달러로, 하반기 유가 하락에 따른 수출단가 하락에도 불구하고 수출물량이 확대되면서 5% 증가했다.",◇12월 수출 6.6% 늘어난 614억달러...수출 증가율 5개월 만에 반등 한편 이날 동시에 발표된 지난 12월 수출액은 614억달러로 전년 동월 대비 6.6% 증가했다.,국내공식통계,N,무역,바이오헬스 수출 증가율,"바이오헬스, 농수산식품, 화장품, 수출액, 수출 증가율",-,-,-,바이오헬스,-,-,-,2024,-,Y,확정,13.1%,KOSIS_VALUE,hcx,바이오헬스 수출 증가율,바이오헬스,2024,Y,hcx,증감률,13.1,-,-,N,%,증감률,증가,전년,"바이오헬스 수출은 바이오시밀러 등 의약품을 중심으로 전년 대비 13.1% 증가한 151억 달러를 기록했으며, 전 세계적으로 K푸드, K뷰티 선호가 확대되면서 농수산식품 수출은 117억 달러(7.6%), 화장품 수출(102억 달러, +20.6%)은 처음으로 100억 달러를 돌파하면서 역대 최대 수출실적을 경신했다.",high,N,-,Y,0,0,HCX-007,v1.5-measurement-binding,2026-07-28,수출액,,2024,Y,%,%,rate,rate_change,item,2023,Y,,
A0006-C014,A0006-C014-m2,A0006,"2024년 수출, 6838억달러로 ‘역대 최대’ 경신",2025-01-01,https://www.chosun.com/economy/industry-company/2025/01/01/2UPTGREAPRAWRG4XUBRMLONSKY,"바이오헬스 수출은 바이오시밀러 등 의약품을 중심으로 전년 대비 13.1% 증가한 151억 달러를 기록했으며, 전 세계적으로 K푸드, K뷰티 선호가 확대되면서 농수산식품 수출은 117억 달러(7.6%), 화장품 수출(102억 달러, +20.6%)은 처음으로 100억 달러를 돌파하면서 역대 최대 수출실적을 경신했다.","석유화학 수출은 480억 달러로, 하반기 유가 하락에 따른 수출단가 하락에도 불구하고 수출물량이 확대되면서 5% 증가했다.",◇12월 수출 6.6% 늘어난 614억달러...수출 증가율 5개월 만에 반등 한편 이날 동시에 발표된 지난 12월 수출액은 614억달러로 전년 동월 대비 6.6% 증가했다.,국내공식통계,N,무역,바이오헬스 수출액,"바이오헬스, 농수산식품, 화장품, 수출액, 수출 증가율",-,-,-,바이오헬스,-,-,-,2024,-,Y,확정,151억 달러,KOSIS_VALUE,hcx,바이오헬스 수출액,바이오헬스,2024,Y,hcx,현재값,15100000000,-,-,N,달러,수준값,증가,전년,"바이오헬스 수출은 바이오시밀러 등 의약품을 중심으로 전년 대비 13.1% 증가한 151억 달러를 기록했으며, 전 세계적으로 K푸드, K뷰티 선호가 확대되면서 농수산식품 수출은 117억 달러(7.6%), 화장품 수출(102억 달러, +20.6%)은 처음으로 100억 달러를 돌파하면서 역대 최대 수출실적을 경신했다.",high,N,-,Y,0,0,HCX-007,v1.5-measurement-binding,2026-07-28,수출액,,2024,Y,달러,달러,currency,amount,item,,Y,,
A0006-C014,A0006-C014-m3,A0006,"2024년 수출, 6838억달러로 ‘역대 최대’ 경신",2025-01-01,https://www.chosun.com/economy/industry-company/2025/01/01/2UPTGREAPRAWRG4XUBRMLONSKY,"바이오헬스 수출은 바이오시밀러 등 의약품을 중심으로 전년 대비 13.1% 증가한 151억 달러를 기록했으며, 전 세계적으로 K푸드, K뷰티 선호가 확대되면서 농수산식품 수출은 117억 달러(7.6%), 화장품 수출(102억 달러, +20.6%)은 처음으로 100억 달러를 돌파하면서 역대 최대 수출실적을 경신했다.","석유화학 수출은 480억 달러로, 하반기 유가 하락에 따른 수출단가 하락에도 불구하고 수출물량이 확대되면서 5% 증가했다.",◇12월 수출 6.6% 늘어난 614억달러...수출 증가율 5개월 만에 반등 한편 이날 동시에 발표된 지난 12월 수출액은 614억달러로 전년 동월 대비 6.6% 증가했다.,국내공식통계,N,무역,농수산식품 수출 증가율,"바이오헬스, 농수산식품, 화장품, 수출액, 수출 증가율",-,-,-,농수산식품,-,-,-,2024,-,Y,확정,7.6%,KOSIS_VALUE,hcx,농수산식품 수출 증가율,농수산식품,2024,Y,hcx,증감률,7.6,-,-,N,%,증감률,증가,전년,"바이오헬스 수출은 바이오시밀러 등 의약품을 중심으로 전년 대비 13.1% 증가한 151억 달러를 기록했으며, 전 세계적으로 K푸드, K뷰티 선호가 확대되면서 농수산식품 수출은 117억 달러(7.6%), 화장품 수출(102억 달러, +20.6%)은 처음으로 100억 달러를 돌파하면서 역대 최대 수출실적을 경신했다.",high,N,-,Y,0,0,HCX-007,v1.5-measurement-binding,2026-07-28,수출액,,2024,Y,%,%,rate,rate_change,item,2023,Y,,
A0006-C014,A0006-C014-m4,A0006,"2024년 수출, 6838억달러로 ‘역대 최대’ 경신",2025-01-01,https://www.chosun.com/economy/industry-company/2025/01/01/2UPTGREAPRAWRG4XUBRMLONSKY,"바이오헬스 수출은 바이오시밀러 등 의약품을 중심으로 전년 대비 13.1% 증가한 151억 달러를 기록했으며, 전 세계적으로 K푸드, K뷰티 선호가 확대되면서 농수산식품 수출은 117억 달러(7.6%), 화장품 수출(102억 달러, +20.6%)은 처음으로 100억 달러를 돌파하면서 역대 최대 수출실적을 경신했다.","석유화학 수출은 480억 달러로, 하반기 유가 하락에 따른 수출단가 하락에도 불구하고 수출물량이 확대되면서 5% 증가했다.",◇12월 수출 6.6% 늘어난 614억달러...수출 증가율 5개월 만에 반등 한편 이날 동시에 발표된 지난 12월 수출액은 614억달러로 전년 동월 대비 6.6% 증가했다.,국내공식통계,N,무역,농수산식품 수출액,"바이오헬스, 농수산식품, 화장품, 수출액, 수출 증가율",-,-,-,농수산식품,-,-,-,2024,-,Y,확정,117억 달러,KOSIS_VALUE,hcx,농수산식품 수출액,농수산식품,2024,Y,hcx,현재값,11700000000,-,-,N,달러,수준값,증가,전년,"바이오헬스 수출은 바이오시밀러 등 의약품을 중심으로 전년 대비 13.1% 증가한 151억 달러를 기록했으며, 전 세계적으로 K푸드, K뷰티 선호가 확대되면서 농수산식품 수출은 117억 달러(7.6%), 화장품 수출(102억 달러, +20.6%)은 처음으로 100억 달러를 돌파하면서 역대 최대 수출실적을 경신했다.",high,N,-,Y,0,0,HCX-007,v1.5-measurement-binding,2026-07-28,수출액,,2024,Y,달러,달러,currency,amount,item,,Y,,
A0006-C014,A0006-C014-m5,A0006,"2024년 수출, 6838억달러로 ‘역대 최대’ 경신",2025-01-01,https://www.chosun.com/economy/industry-company/2025/01/01/2UPTGREAPRAWRG4XUBRMLONSKY,"바이오헬스 수출은 바이오시밀러 등 의약품을 중심으로 전년 대비 13.1% 증가한 151억 달러를 기록했으며, 전 세계적으로 K푸드, K뷰티 선호가 확대되면서 농수산식품 수출은 117억 달러(7.6%), 화장품 수출(102억 달러, +20.6%)은 처음으로 100억 달러를 돌파하면서 역대 최대 수출실적을 경신했다.","석유화학 수출은 480억 달러로, 하반기 유가 하락에 따른 수출단가 하락에도 불구하고 수출물량이 확대되면서 5% 증가했다.",◇12월 수출 6.6% 늘어난 614억달러...수출 증가율 5개월 만에 반등 한편 이날 동시에 발표된 지난 12월 수출액은 614억달러로 전년 동월 대비 6.6% 증가했다.,국내공식통계,N,무역,화장품 수출액,"바이오헬스, 농수산식품, 화장품, 수출액, 수출 증가율",-,-,-,화장품,-,-,-,2024,-,Y,확정,102억 달러,KOSIS_VALUE,hcx,화장품 수출액,화장품,2024,Y,hcx,현재값,10200000000,-,-,N,달러,수준값,증가,전년,"바이오헬스 수출은 바이오시밀러 등 의약품을 중심으로 전년 대비 13.1% 증가한 151억 달러를 기록했으며, 전 세계적으로 K푸드, K뷰티 선호가 확대되면서 농수산식품 수출은 117억 달러(7.6%), 화장품 수출(102억 달러, +20.6%)은 처음으로 100억 달러를 돌파하면서 역대 최대 수출실적을 경신했다.",high,N,-,Y,0,0,HCX-007,v1.5-measurement-binding,2026-07-28,수출액,,2024,Y,달러,달러,currency,amount,item,,Y,,
A0006-C014,A0006-C014-m6,A0006,"2024년 수출, 6838억달러로 ‘역대 최대’ 경신",2025-01-01,https://www.chosun.com/economy/industry-company/2025/01/01/2UPTGREAPRAWRG4XUBRMLONSKY,"바이오헬스 수출은 바이오시밀러 등 의약품을 중심으로 전년 대비 13.1% 증가한 151억 달러를 기록했으며, 전 세계적으로 K푸드, K뷰티 선호가 확대되면서 농수산식품 수출은 117억 달러(7.6%), 화장품 수출(102억 달러, +20.6%)은 처음으로 100억 달러를 돌파하면서 역대 최대 수출실적을 경신했다.","석유화학 수출은 480억 달러로, 하반기 유가 하락에 따른 수출단가 하락에도 불구하고 수출물량이 확대되면서 5% 증가했다.",◇12월 수출 6.6% 늘어난 614억달러...수출 증가율 5개월 만에 반등 한편 이날 동시에 발표된 지난 12월 수출액은 614억달러로 전년 동월 대비 6.6% 증가했다.,국내공식통계,N,무역,화장품 수출 증가율,"바이오헬스, 농수산식품, 화장품, 수출액, 수출 증가율",-,-,-,화장품,-,-,-,2024,-,Y,확정,20.6%,KOSIS_VALUE,hcx,화장품 수출 증가율,화장품,2024,Y,hcx,증감률,20.6,-,-,N,%,증감률,증가,전년,"바이오헬스 수출은 바이오시밀러 등 의약품을 중심으로 전년 대비 13.1% 증가한 151억 달러를 기록했으며, 전 세계적으로 K푸드, K뷰티 선호가 확대되면서 농수산식품 수출은 117억 달러(7.6%), 화장품 수출(102억 달러, +20.6%)은 처음으로 100억 달러를 돌파하면서 역대 최대 수출실적을 경신했다.",high,N,-,Y,0,0,HCX-007,v1.5-measurement-binding,2026-07-28,수출액,,2024,Y,%,%,rate,rate_change,item,2023,Y,,
A0478-C020,A0478-C020-m1,A0478,"작년 경상수지 흑자 990억달러...전년보다 3배로↑,역대 두번째 규모",2025-02-06,https://www.chosun.com/economy/economy_general/2025/02/06/RO32ISHXHREYLO3V4B2GJHWXEI,반면 내국인의 해외 주식 투자는 전달 7억달러 감소에서 5억달러 증가로 돌아섰다.,작년 12월 외국인의 국내 주식 투자는 34억3000만달러 줄며 5개월 연속 순매도를 기록했다.,한은은 도널드 트럼프 미 행정부의 친기업 정책에 대한 기대감의 영향 때문이라고 설명했다.,국내공식통계,Y,무역,외국인 국내 주식 투자,"작년, 경상수지, 흑자, 전년, 외국인, 국내 주식 투자, 순매도, 내국인, 해외 주식 투자, 한국은행",-,-,-,,-,-,-,2024-12,-,M,확정,7억달러,KOSIS_VALUE,hcx,외국인 국내 주식 투자,-,2024-12,M,hcx,현재값,700000000,-,-,N,달러,수준값,감소,전월,"작년 경상수지 흑자 990억달러...전년보다 3배로↑, 역대 두번째 규모 반면 내국인의 해외 주식 투자는 전달 7억달러 감소에서 5억달러 증가로 돌아섰다.",high,N,-,Y,0,0,HCX-007,v1.5-measurement-binding,2026-07-28,경상수지 흑자,,2024,Y,달러,달러,currency,amount,unspecified,,Y,,
A0478-C020,A0478-C020-m2,A0478,"작년 경상수지 흑자 990억달러...전년보다 3배로↑,역대 두번째 규모",2025-02-06,https://www.chosun.com/economy/economy_general/2025/02/06/RO32ISHXHREYLO3V4B2GJHWXEI,반면 내국인의 해외 주식 투자는 전달 7억달러 감소에서 5억달러 증가로 돌아섰다.,작년 12월 외국인의 국내 주식 투자는 34억3000만달러 줄며 5개월 연속 순매도를 기록했다.,한은은 도널드 트럼프 미 행정부의 친기업 정책에 대한 기대감의 영향 때문이라고 설명했다.,국내공식통계,Y,무역,내국인 해외 주식 투자,"작년, 경상수지, 흑자, 전년, 외국인, 국내 주식 투자, 순매도, 내국인, 해외 주식 투자, 한국은행",-,-,-,,-,-,-,2024-12,-,M,확정,5억달러,KOSIS_VALUE,hcx,내국인 해외 주식 투자,-,2024-12,M,hcx,현재값,500000000,-,-,N,달러,수준값,증가,전월,"작년 경상수지 흑자 990억달러...전년보다 3배로↑, 역대 두번째 규모 반면 내국인의 해외 주식 투자는 전달 7억달러 감소에서 5억달러 증가로 돌아섰다.",high,N,-,Y,0,0,HCX-007,v1.5-measurement-binding,2026-07-28,경상수지 흑자,,2024,Y,달러,달러,currency,amount,unspecified,,Y,,
A0070-C009,A0070-C009-m1,A0070,대중-대미 수출 격차 21년 만 최소...트럼프 2기 미국 수출 1위 올라서나,2025-01-06,https://www.chosun.com/economy/economy_general/2025/01/06/BXDMXSYJWZDNDOGA5VONBDMCWY,"그러나 이후 대미 수출액이 매년 역대 최대치를 갱신하며, 2022년(1097억6600만달러) 처음으로 1000억달러선을 넘어섰다.",7년 전인 2018년까지만 해도 대중 수출액과 대미 수출액 간 격차는 894억500만달러에 달했다.,특히 지난해 반도체(122.8%)와 자동차(8.2%) 등 주요 품목들의 대미 수출이 활기를 띠면서 중국 뒤를 바짝 따라잡은 것이다.,국내공식통계,N,무역,대미 수출액,"대중 수출액, 대미 수출액, 반도체, 자동차",-,-,-,"반도체, 자동차",-,-,미국,2022,-,Y,확정,1097억6600만달러,KOSIS_VALUE,hcx,대미 수출액,"반도체, 자동차",2022,Y,hcx,현재값,109766000000,-,-,N,달러,수준값,유지,전년,"그러나 이후 대미 수출액이 매년 역대 최대치를 갱신하며, 2022년(1097억6600만달러) 처음으로 1000억달러선을 넘어섰다.",high,N,-,N,0,0,HCX-007,v1.5-measurement-binding,2026-07-28,대미 수출액,"반도체, 자동차",2022,Y,달러,달러,currency,amount,vehicle,,Y,,
A1183-C039,A1183-C039-m1,A1183,"한은·통계청의 경제 지표 활용, 노후 위한 투자 밑그림 그리세요",2025-04-02,https://www.chosun.com/economy/money/2025/04/02/KL276AIILNHP5L6JJNYFSJU3XE,올해 들어서도 3월 중순까지 개인 투자자들의 채권 순매수 규모는 9조원에 육박한다.,"2021년 개인의 채권 순매수액은 4조5000억원이었지만, 주식 순매수는 76조5000억원에 달한 것과 대비된다.",다양한 채권이 얼마에 거래되고 있는지는 금융투자협회 채권정보센터(kofiabond.or.kr)에서 실시간으로 확인할 수 있다.,국내공식통계,N,금융·금리,채권 순매수 규모,"개인 투자자, 채권 순매수, 금융투자협회",-,-,-,,-,-,-,202504,-,M,확정,9조원,KOSIS_VALUE,hcx,채권 순매수 규모,-,202504,M,hcx,현재값,9000000000000,-,-,N,원,수준값,-,전년,[검증 대상 문장] 올해 들어서도 3월 중순까지 개인 투자자들의 채권 순매수 규모는 9조원에 육박한다.,high,N,-,Y,0,0,HCX-007,v1.5-measurement-binding,2026-07-28,채권 순매수 규모,,202504,M,원,원,currency,amount,unspecified,,Y,,
A0505-C006,A0505-C006-m1,A0505,"4대 은행, 이자로 한해 34兆 쓸어 담았다… 대출 늘려 역대 최대 이익",2025-02-08,https://www.chosun.com/economy/money/2025/02/08/BMJVRHDOOCOTVRVZ2BQAJ2BBNE,8일 은행권에 따르면 지난해 4대 은행의 이자이익은 총 34조3616억원으로 전년 33조6262억원보다 2.1% 증가했다.,"지난해 대출 수요가 폭증하면서 순이자마진(NIM) 하락에도 역대급 이익을 달성한 것인데, 은행들은 올해도 이자장사 논란을 피할 수 없을 것으로 보인다.",이자이익 증가에 힘입어 4대 은행의 당기순이익은 13조3430억원으로 전년 12조3114억원보다 8.38% 증가했다.,국내공식통계,Y,금융·금리,은행 수,"4대 은행, 이자, 이익",-,-,-,,-,-,-,2024,-,Y,확정,4대,KOSIS_VALUE,hcx,은행 수,-,2024,Y,hcx,현재값,4,-,-,N,대,수준값,증가,전년,지난해 4대 은행의 이자이익은 총 34조3616억원으로 전년 33조6262억원보다 2.1% 증가했다.,high,Y,measurement_period_ungrounded:1,Y,0,0,HCX-007,v1.5-measurement-binding,2026-07-28,이자이익,,2024,Y,대,대,count,count,unspecified,,Y,,
A0505-C006,A0505-C006-m2,A0505,"4대 은행, 이자로 한해 34兆 쓸어 담았다… 대출 늘려 역대 최대 이익",2025-02-08,https://www.chosun.com/economy/money/2025/02/08/BMJVRHDOOCOTVRVZ2BQAJ2BBNE,8일 은행권에 따르면 지난해 4대 은행의 이자이익은 총 34조3616억원으로 전년 33조6262억원보다 2.1% 증가했다.,"지난해 대출 수요가 폭증하면서 순이자마진(NIM) 하락에도 역대급 이익을 달성한 것인데, 은행들은 올해도 이자장사 논란을 피할 수 없을 것으로 보인다.",이자이익 증가에 힘입어 4대 은행의 당기순이익은 13조3430억원으로 전년 12조3114억원보다 8.38% 증가했다.,국내공식통계,Y,금융·금리,이자이익,"4대 은행, 이자, 이익",-,-,-,,-,-,-,2024,-,Y,확정,34조3616억원,KOSIS_VALUE,hcx,이자이익,-,2024,Y,hcx,현재값,34361600000000,-,-,N,원,수준값,증가,전년,지난해 4대 은행의 이자이익은 총 34조3616억원으로 전년 33조6262억원보다 2.1% 증가했다.,high,Y,measurement_period_ungrounded:1,Y,0,0,HCX-007,v1.5-measurement-binding,2026-07-28,이자이익,,2024,Y,원,원,currency,amount,unspecified,,Y,,
A0505-C006,A0505-C006-m4,A0505,"4대 은행, 이자로 한해 34兆 쓸어 담았다… 대출 늘려 역대 최대 이익",2025-02-08,https://www.chosun.com/economy/money/2025/02/08/BMJVRHDOOCOTVRVZ2BQAJ2BBNE,8일 은행권에 따르면 지난해 4대 은행의 이자이익은 총 34조3616억원으로 전년 33조6262억원보다 2.1% 증가했다.,"지난해 대출 수요가 폭증하면서 순이자마진(NIM) 하락에도 역대급 이익을 달성한 것인데, 은행들은 올해도 이자장사 논란을 피할 수 없을 것으로 보인다.",이자이익 증가에 힘입어 4대 은행의 당기순이익은 13조3430억원으로 전년 12조3114억원보다 8.38% 증가했다.,국내공식통계,Y,금융·금리,이자이익 증감률,"4대 은행, 이자, 이익",-,-,-,,-,-,-,2024,-,Y,확정,2.1%,KOSIS_VALUE,hcx,이자이익 증감률,-,2024,Y,hcx,증감률,2.1,-,-,N,%,증감률,증가,전년,지난해 4대 은행의 이자이익은 총 34조3616억원으로 전년 33조6262억원보다 2.1% 증가했다.,high,Y,measurement_period_ungrounded:1,Y,0,0,HCX-007,v1.5-measurement-binding,2026-07-28,이자이익,,2024,Y,%,%,rate,rate_change,unspecified,2023,Y,,
A1537-C025,A1537-C025-m1,A1537,"반도체로 2만불, 車로 3만불 시대… ‘4만불 엔진’ 안 보인다",2025-04-29,https://www.chosun.com/economy/economy_general/2025/04/29/FCDYUDVVLZFO3GHS4SZZ2HLIMM,"지난 2005년과 작년, 한국의 10대 수출 품목을 비교하면 컴퓨터가 제외되고, 가전제품이 새로 진입한 것 외에는 아무 변화가 없다.",지난 20년간 변화가 없는 한국의 수출 구조가 한국 경제의 어려움을 가속한다는 것이다.,"현재 1위 산업인 반도체는 2005년에도 1위였고, 2005년 2위였던 자동차는 여전히 2위다.",국내공식통계,N,무역,수출 품목 수,"한국, 수출, 반도체, 자동차, 10대 수출 품목",-,-,-,,-,-,-,2005,-,Y,확정,10대,KOSIS_VALUE,hcx,수출 품목 수,-,2005,Y,hcx,현재값,10,-,-,N,대,수준값,-,전년,"지난 2005년과 작년, 한국의 10대 수출 품목을 비교하면 컴퓨터가 제외되고, 가전제품이 새로 진입한 것 외에는 아무 변화가 없다.",high,N,-,N,0,0,HCX-007,v1.5-measurement-binding,2026-07-28,수출 품목 변화,,2025,Y,대,대,count,count,unspecified,,Y,,
A1183-C037,A1183-C037-m1,A1183,"한은·통계청의 경제 지표 활용, 노후 위한 투자 밑그림 그리세요",2025-04-02,https://www.chosun.com/economy/money/2025/04/02/KL276AIILNHP5L6JJNYFSJU3XE,"작년 개인 투자자들은 국내 채권을 41조6000억원(장외거래 수준) 순매수한 반면, 국내 주식(코스피, 코스닥 포함)은 1조1000억원을 순매수하는 데 그쳤다.",한편 국내 증시가 부진하면서 개인 투자자들의 채권 투자 수요도 크게 늘었다.,"2021년 개인의 채권 순매수액은 4조5000억원이었지만, 주식 순매수는 76조5000억원에 달한 것과 대비된다.",국내공식통계,N,금융·금리,채권 순매수액,"개인투자자, 채권, 국내주식, 순매수액",-,-,-,,-,-,-,2024,-,Y,확정,41조6000억원,KOSIS_VALUE,hcx,채권 순매수액,-,2024,Y,hcx,현재값,41600000000000,-,-,N,원,수준값,-,전년,"[검증 대상 문장] 작년 개인 투자자들은 국내 채권을 41조6000억원(장외거래 수준) 순매수한 반면, 국내 주식(코스피, 코스닥 포함)은 1조1000억원을 순매수하는 데 그쳤다.",high,N,-,N,0,0,HCX-007,v1.5-measurement-binding,2026-07-28,채권 순매수액,,2024,Y,원,원,currency,amount,unspecified,,Y,,
A1183-C037,A1183-C037-m2,A1183,"한은·통계청의 경제 지표 활용, 노후 위한 투자 밑그림 그리세요",2025-04-02,https://www.chosun.com/economy/money/2025/04/02/KL276AIILNHP5L6JJNYFSJU3XE,"작년 개인 투자자들은 국내 채권을 41조6000억원(장외거래 수준) 순매수한 반면, 국내 주식(코스피, 코스닥 포함)은 1조1000억원을 순매수하는 데 그쳤다.",한편 국내 증시가 부진하면서 개인 투자자들의 채권 투자 수요도 크게 늘었다.,"2021년 개인의 채권 순매수액은 4조5000억원이었지만, 주식 순매수는 76조5000억원에 달한 것과 대비된다.",국내공식통계,N,금융·금리,국내주식 순매수액,"개인투자자, 채권, 국내주식, 순매수액",-,-,-,,-,-,-,2024,-,Y,확정,1조1000억원,KOSIS_VALUE,hcx,국내주식 순매수액,-,2024,Y,hcx,현재값,1100000000000,-,-,N,원,수준값,-,전년,"[검증 대상 문장] 작년 개인 투자자들은 국내 채권을 41조6000억원(장외거래 수준) 순매수한 반면, 국내 주식(코스피, 코스닥 포함)은 1조1000억원을 순매수하는 데 그쳤다.",high,N,-,N,0,0,HCX-007,v1.5-measurement-binding,2026-07-28,채권 순매수액,,2024,Y,원,원,currency,amount,unspecified,,Y,,
A0633-C001,A0633-C001-m1,A0633,작년 가계빚 41조 늘어난 1927조원...역대 최고치,2025-02-18,https://www.chosun.com/economy/economy_general/2025/02/18/R2YC75IKMRBWVONVGQIRQ7TKYI,작년 가계빚이 3년 만의 최대 폭인 41조원 넘게 늘며 역대 최고치를 경신했다.,-,18일 한국은행은 작년 말 우리나라 가계신용 잔액이 1927조3000억원으로 전년보다 41조8000억원(2.2%) 늘었다고 밝혔다.,국내공식통계,Y,재정·조세,가계신용 증가액,"작년, 가계빚, 41조원, 역대 최고치",-,-,-,,-,-,-,2024,-,Y,확정,41조원,KOSIS_VALUE,hcx,가계신용 증가액,-,2024,Y,hcx,증감값,41000000000000,-,-,N,원,증감량,증가,전년,작년 가계빚이 3년 만의 최대 폭인 41조원 넘게 늘며 역대 최고치를 경신했다.,high,N,-,Y,0,0,HCX-007,v1.5-measurement-binding,2026-07-28,가계빚,,2024,Y,원,원,currency,absolute_change,unspecified,2023,Y,,
A0440-C020,A0440-C020-m1,A0440,작년 소매판매 2.2% 줄어... 21년 만에 최대 감소폭,2025-02-03,https://www.chosun.com/economy/economy_general/2025/02/03/Y7UQBA7SO5AJTKSOUUK52DYR34,"승용차 판매가 9.1% 감소했고, 신발·가방 등 준내구재도 0.6% 감소했다.",소매 판매는 지난 9월(-0.3%)부터 4개월째 감소 혹은 보합세를 유지하고 있다.,"지난달 설비투자는 운송장비와 기계류 등에서 늘면서 전월 대비 9.9% 증가했고, 건설 기성도 건축 실적이 개선되면서 1.3% 늘었다.",국내공식통계,Y,소매·소비,승용차 판매 증감률,"소매판매, 증감률, 감소폭",-,-,-,승용차,-,-,-,2024,-,Y,확정,9.1%,KOSIS_VALUE,hcx,승용차 판매 증감률,승용차,2024,Y,hcx,증감률,9.1,-,-,N,%,증감률,감소,전년,"승용차 판매가 9.1% 감소했고, 신발·가방 등 준내구재도 0.6% 감소했다.",high,N,-,N,0,0,HCX-007,v1.5-measurement-binding,2026-07-28,소매판매 증감률,"자동차, 신발·가방 등 준내구재",2024,Y,%,%,rate,rate_change,item,2023,Y,,
A0440-C020,A0440-C020-m2,A0440,작년 소매판매 2.2% 줄어... 21년 만에 최대 감소폭,2025-02-03,https://www.chosun.com/economy/economy_general/2025/02/03/Y7UQBA7SO5AJTKSOUUK52DYR34,"승용차 판매가 9.1% 감소했고, 신발·가방 등 준내구재도 0.6% 감소했다.",소매 판매는 지난 9월(-0.3%)부터 4개월째 감소 혹은 보합세를 유지하고 있다.,"지난달 설비투자는 운송장비와 기계류 등에서 늘면서 전월 대비 9.9% 증가했고, 건설 기성도 건축 실적이 개선되면서 1.3% 늘었다.",국내공식통계,Y,소매·소비,신발·가방 등 준내구재 판매 증감률,"소매판매, 증감률, 감소폭",-,-,-,신발·가방,-,-,-,2024,-,Y,확정,0.6%,KOSIS_VALUE,hcx,신발·가방 등 준내구재 판매 증감률,신발·가방,2024,Y,hcx,증감률,0.6,-,-,N,%,증감률,감소,전년,"승용차 판매가 9.1% 감소했고, 신발·가방 등 준내구재도 0.6% 감소했다.",high,N,-,N,0,0,HCX-007,v1.5-measurement-binding,2026-07-28,소매판매 증감률,"자동차, 신발·가방 등 준내구재",2024,Y,%,%,rate,rate_change,item,2023,Y,,
A0081-C007,A0081-C007-m1,A0081,"테슬라 Y, 벤츠·BMW 제쳐… 2년 연속 최고 인기 수입차",2025-01-07,https://www.chosun.com/economy/auto/2025/01/07/LZQVWHYSWNHDFOXAWZNALC57BY,전체 수입차 판매는 2023년(27만1034대)보다 2.9% 감소한 26만3288대에 그쳤다.,"BMW 520과 벤츠 E200은 2, 3위, 벤츠 E300 4MATIC, 테슬라 모델 3는 4, 5위를 나타냈다.","브랜드별로는 BMW(7만3754대)와 벤츠(6만6400대)가 전년과 같은 1, 2위를 유지했고, 테슬라가 2023년(1만 6461대)의 두 배에 가까운 2만9750대를 판매하며 3위에 올랐다.",국내공식통계,Y,무역,수입차 판매 대수,"수입차, 판매, 대수",-,-,-,,-,-,-,2024,-,Y,확정,26만3288대,KOSIS_VALUE,hcx,수입차 판매 대수,-,2024,Y,hcx,현재값,263288,-,-,N,대,수준값,감소,전년,전체 수입차 판매는 2023년(27만1034대)보다 2.9% 감소한 26만3288대에 그쳤다.,high,N,-,N,0,0,HCX-007,v1.5-measurement-binding,2026-07-28,수입차 판매 대수,,2023,Y,대,대,count,count,unspecified,,Y,,
A0081-C007,A0081-C007-m3,A0081,"테슬라 Y, 벤츠·BMW 제쳐… 2년 연속 최고 인기 수입차",2025-01-07,https://www.chosun.com/economy/auto/2025/01/07/LZQVWHYSWNHDFOXAWZNALC57BY,전체 수입차 판매는 2023년(27만1034대)보다 2.9% 감소한 26만3288대에 그쳤다.,"BMW 520과 벤츠 E200은 2, 3위, 벤츠 E300 4MATIC, 테슬라 모델 3는 4, 5위를 나타냈다.","브랜드별로는 BMW(7만3754대)와 벤츠(6만6400대)가 전년과 같은 1, 2위를 유지했고, 테슬라가 2023년(1만 6461대)의 두 배에 가까운 2만9750대를 판매하며 3위에 올랐다.",국내공식통계,Y,무역,수입차 판매 증감률,"수입차, 판매, 대수",-,-,-,,-,-,-,2023,-,Y,확정,2.9%,KOSIS_VALUE,hcx,수입차 판매 증감률,-,2023,Y,hcx,증감률,2.9,-,-,N,%,증감률,감소,전년,전체 수입차 판매는 2023년(27만1034대)보다 2.9% 감소한 26만3288대에 그쳤다.,high,N,-,N,0,0,HCX-007,v1.5-measurement-binding,2026-07-28,수입차 판매 대수,,2023,Y,%,%,rate,rate_change,unspecified,2022,Y,,
A0555-C019,A0555-C019-m1,A0555,‘무역 전쟁’ 먹구름… KDI도 성장률 전망 1.6%로 낮췄다,2025-02-12,https://www.chosun.com/economy/economy_general/2025/02/12/ET3EQF2MVBAHFFHKLSQYVTVVTM,지난해 수출은 전년 대비 8.2% 증가하며 역대 최대 실적을 기록했다.,"◇버팀목 수출도 옛말, 일평균 수출 6.4% 줄어 작년에 그나마 한국 경제의 버팀목 역할을 했던 수출 실적은 올 들어 크게 주춤하는 모습을 보이고 있다.",하지만 지난달 수출은 전년 동월 대비 10.3% 급감했다.,국내공식통계,N,무역,수출 실적 증감률,"수출 실적, 무역, 성장률 전망",-,-,-,,-,-,-,2024,-,Y,확정,8.2%,KOSIS_VALUE,hcx,수출 실적 증감률,-,2024,Y,hcx,증감률,8.2,-,-,N,%,증감률,증가,전년,지난해 수출은 전년 대비 8.2% 증가하며 역대 최대 실적을 기록했다.,high,N,-,N,0,0,HCX-007,v1.5-measurement-binding,2026-07-28,수출 실적 증감률,,2024,Y,%,%,rate,rate_change,unspecified,2023,Y,,
A2448-C013,A2448-C013-m1,A2448,“집값 못 잡으면 재정 지출 늘려도 내수 안 살아나”,2025-07-08,https://www.chosun.com/economy/economy_general/2025/07/08/SA6WVXYNPFDFBMQTLTRXP2I7UM,한국의 경우 2000년 10월~2023년 11월 자료를 분석해 보니 GDP 대비 정부 부채 비율이 1%포인트 증가할 경우 약 1년 뒤 소비자물가가 0.1~0.15%포인트 오르는 경향이 있었다.” ―경기 진작 효과와 물가 상승 부작용 중 어떤 게 더 큰가?,정부가 돈을 풀면 민간 부문에서 물가 상승을 예상하고 임금이나 판매 가격을 올리기 때문이다.,“지금이 ‘어떤 경기 국면인가’에 따라 다르다.,국내공식통계,N,재정·조세,GDP 대비 정부 부채 비율,"정부 부채 비율, 소비자물가, 경기 진작 효과, 물가 상승 부작용",-,-,-,,-,-,-,2023Q4,-,Q,확정,1%,KOSIS_VALUE,hcx,GDP 대비 정부 부채 비율,-,2023Q4,Q,hcx,증감률,1,-,-,N,%,증감률,증가,전년동기,한국의 경우 2000년 10월~2023년 11월 자료를 분석해 보니 GDP 대비 정부 부채 비율이 1%포인트 증가할 경우 약 1년 뒤 소비자물가가 0.1~0.15%포인트 오르는 경향이 있었다.,high,N,-,Y,0,0,HCX-007,v1.5-measurement-binding,2026-07-28,GDP 대비 정부 부채 비율,,2023Q4,Q,%,%,rate,rate_change,unspecified,2022,Y,,
A2448-C013,A2448-C013-m3,A2448,“집값 못 잡으면 재정 지출 늘려도 내수 안 살아나”,2025-07-08,https://www.chosun.com/economy/economy_general/2025/07/08/SA6WVXYNPFDFBMQTLTRXP2I7UM,한국의 경우 2000년 10월~2023년 11월 자료를 분석해 보니 GDP 대비 정부 부채 비율이 1%포인트 증가할 경우 약 1년 뒤 소비자물가가 0.1~0.15%포인트 오르는 경향이 있었다.” ―경기 진작 효과와 물가 상승 부작용 중 어떤 게 더 큰가?,정부가 돈을 풀면 민간 부문에서 물가 상승을 예상하고 임금이나 판매 가격을 올리기 때문이다.,“지금이 ‘어떤 경기 국면인가’에 따라 다르다.,국내공식통계,N,재정·조세,소비자물가,"정부 부채 비율, 소비자물가, 경기 진작 효과, 물가 상승 부작용",-,-,-,,-,-,-,2023Q4,-,Q,확정,0.1%,KOSIS_VALUE,hcx,소비자물가,-,2023Q4,Q,hcx,증감률,0.1,-,-,N,%,증감률,증가,전년동기,한국의 경우 2000년 10월~2023년 11월 자료를 분석해 보니 GDP 대비 정부 부채 비율이 1%포인트 증가할 경우 약 1년 뒤 소비자물가가 0.1~0.15%포인트 오르는 경향이 있었다.,high,N,-,Y,0,0,HCX-007,v1.5-measurement-binding,2026-07-28,GDP 대비 정부 부채 비율,,2023Q4,Q,%,%,rate,rate_change,unspecified,2022,Y,,
A2448-C013,A2448-C013-m4,A2448,“집값 못 잡으면 재정 지출 늘려도 내수 안 살아나”,2025-07-08,https://www.chosun.com/economy/economy_general/2025/07/08/SA6WVXYNPFDFBMQTLTRXP2I7UM,한국의 경우 2000년 10월~2023년 11월 자료를 분석해 보니 GDP 대비 정부 부채 비율이 1%포인트 증가할 경우 약 1년 뒤 소비자물가가 0.1~0.15%포인트 오르는 경향이 있었다.” ―경기 진작 효과와 물가 상승 부작용 중 어떤 게 더 큰가?,정부가 돈을 풀면 민간 부문에서 물가 상승을 예상하고 임금이나 판매 가격을 올리기 때문이다.,“지금이 ‘어떤 경기 국면인가’에 따라 다르다.,국내공식통계,N,재정·조세,소비자물가,"정부 부채 비율, 소비자물가, 경기 진작 효과, 물가 상승 부작용",-,-,-,,-,-,-,2023Q4,-,Q,확정,0.15%,KOSIS_VALUE,hcx,소비자물가,-,2023Q4,Q,hcx,증감률,0.15,-,-,N,%,증감률,증가,전년동기,한국의 경우 2000년 10월~2023년 11월 자료를 분석해 보니 GDP 대비 정부 부채 비율이 1%포인트 증가할 경우 약 1년 뒤 소비자물가가 0.1~0.15%포인트 오르는 경향이 있었다.,high,N,-,Y,0,0,HCX-007,v1.5-measurement-binding,2026-07-28,GDP 대비 정부 부채 비율,,2023Q4,Q,%,%,rate,rate_change,unspecified,2022,Y,,
A1734-C025,A1734-C025-m1,A1734,3년 만에 年1%대 예금 금리… 대출은 4%대 요지부동,2025-05-14,https://www.chosun.com/economy/economy_general/2025/05/14/I5TLS37Y2VFOTAH3M5IIMEUGVY,이에 4대 시중은행이 올해 1분기(1~3월) 벌어들인 이자 이익은 총 8조6000억여 원을 기록했다.,지난해 같은 달(0.41~0.8%포인트)보다 1%포인트 넘게 커졌다.,◇연 3% ‘고금리’ 상품 완판 쥐꼬리 예금 이자에 은행권 예금은 대규모로 이동 중이다.,국내공식통계,N,금융·금리,은행 수,"4대 시중은행, 이자 이익, 1분기",-,-,-,,-,-,-,2025Q1,-,Q,확정,4대,KOSIS_VALUE,hcx,은행 수,-,2025Q1,Q,hcx,현재값,4,-,-,N,대,수준값,-,전분기,이에 4대 시중은행이 올해 1분기(1~3월) 벌어들인 이자 이익은 총 8조6000억여 원을 기록했다.,high,N,-,N,0,0,HCX-007,v1.5-measurement-binding,2026-07-28,이자 이익,,2025Q1,Q,대,대,count,count,unspecified,,Y,,
A1734-C025,A1734-C025-m2,A1734,3년 만에 年1%대 예금 금리… 대출은 4%대 요지부동,2025-05-14,https://www.chosun.com/economy/economy_general/2025/05/14/I5TLS37Y2VFOTAH3M5IIMEUGVY,이에 4대 시중은행이 올해 1분기(1~3월) 벌어들인 이자 이익은 총 8조6000억여 원을 기록했다.,지난해 같은 달(0.41~0.8%포인트)보다 1%포인트 넘게 커졌다.,◇연 3% ‘고금리’ 상품 완판 쥐꼬리 예금 이자에 은행권 예금은 대규모로 이동 중이다.,국내공식통계,N,금융·금리,이자 이익,"4대 시중은행, 이자 이익, 1분기",-,-,-,,-,-,-,2025Q1,-,Q,확정,8조6000억여 원,KOSIS_VALUE,hcx,이자 이익,-,2025Q1,Q,hcx,현재값,8600000000000,-,-,Y,원,수준값,-,전분기,이에 4대 시중은행이 올해 1분기(1~3월) 벌어들인 이자 이익은 총 8조6000억여 원을 기록했다.,high,N,-,N,0,0,HCX-007,v1.5-measurement-binding,2026-07-28,이자 이익,,2025Q1,Q,원,원,currency,amount,unspecified,,Y,,
A0873-C006,A0873-C006-m1,A0873,중소기업 고령화 심화...직원 중 절반은 50세 이상,2025-03-09,https://www.chosun.com/economy/industry-company/2025/03/09/5LCMRV45ANG2FOSJCWA4DIICPQ,하지만 응답 기업의 44.4%가 올해 신규 채용 계획이 없거나 전년보다 축소하겠다고 했다.,이 같은 변화 등으로 인해 300인 미만 중소기업의 28.9%가 인력이 부족하다고 응답했다.,"채용계획이 없다는 응답은 32.3%, 축소하겠다는 대답은 12.1%로 나타났고, 작년 수준 유지는 42.8%, 지난해보다 채용 확대는 12.9%에 불과했다.",국내공식통계,N,고용,신규 채용 계획 비율,"중소기업, 고령화, 직원, 신규 채용 계획, 축소",-,-,-,,-,-,-,2025,-,Y,확정,44.4%,KOSIS_VALUE,hcx,신규 채용 계획 비율,-,2025,Y,hcx,증감률,44.4,-,-,N,%,증감률,감소,전년,응답 기업의 44.4%가 올해 신규 채용 계획이 없거나 전년보다 축소하겠다고 했다.,high,N,-,N,0,0,HCX-007,v1.5-measurement-binding,2026-07-28,신규 채용 계획 비율,,2025,Y,%,%,rate,rate_change,unspecified,2024,Y,,
A1999-C022,A1999-C022-m1,A1999,원두 가격 1년 새 두 배로… 줄줄이 뛴 커피값 더 오르나,2025-06-03,https://www.chosun.com/economy/market_trend/2025/06/03/L5XF4ZT2TJEFZAD7JDGY77MHOE,그런데 지난해 평균 가격이 5158달러까지 오르더니 올해는 8300달러까지 올랐다.,"한국농수산식품유통공사(aT)의 국제 원료 가격 동향에 따르면, 아라비카 원두는 2014년 이후 줄곧 1t(톤)당 3000~4000달러 안팎에 머물렀다.",1년 새 60% 이상 오른 것이다.,국내공식통계,N,무역,아라비카 원두 가격,"국제 원료 가격 동향, 아라비카 원두, 톤, 달러",-,-,-,,-,-,-,2025,-,Y,확정,8300달러,KOSIS_VALUE,hcx,아라비카 원두 가격,-,2025,Y,hcx,현재값,8300,-,-,N,달러,수준값,증가,전년,그런데 지난해 평균 가격이 5158달러까지 오르더니 올해는 8300달러까지 올랐다.,high,N,-,N,0,0,HCX-007,v1.5-measurement-binding,2026-07-28,아라비카 원두 가격,,2025,Y,달러,달러,currency,amount,unspecified,,Y,,
A1602-C009,A1602-C009-m1,A1602,60년간 年평균 수익률 20%…투자의 賢人이 떠난다,2025-05-04,https://www.chosun.com/economy/int_economy/2025/05/04/RW2YNHYO5RFG3EYRNOYJ3EVPOE,"버크셔 연차 보고서에 따르면, 1965~2024년 버크셔의 연평균 수익률은 19.9%로, 같은 기간 미국 대표 주가 지수인 S&P500 수익률 10.4%의 2배에 육박한다.","임직원만 40여 만명에 달하는 거대 기업이자, 애플, 코카콜라 등 초우량 주식을 보유한 투자 기업이 됐다.","1965년 1달러를 S&P500에 투자했다면 현재 약 379달러(약 53만원)가 됐겠지만, 버크셔 주식을 샀다면 무려 5만3843달러(약 7550만원)가 됐다는 뜻이다.",국내공식통계,N,금융·금리,버크셔 연평균 수익률,"버크셔, S&P500, 수익률",-,-,-,,-,-,-,2024,2024,Y,확정,19.9%,KOSIS_VALUE,hcx,버크셔 연평균 수익률,-,2024,Y,hcx,현재값,19.9,-,-,N,%,수준값,유지,전년,"버크셔 연차 보고서에 따르면, 1965~2024년 버크셔의 연평균 수익률은 19.9%로, 같은 기간 미국 대표 주가 지수인 S&P500 수익률 10.4%의 2배에 육박한다.",high,N,-,N,0,0,HCX-007,v1.5-measurement-binding,2026-07-28,연평균 수익률,,1965~2024,Y,%,%,rate,level,unspecified,,Y,,
A1602-C009,A1602-C009-m2,A1602,60년간 年평균 수익률 20%…투자의 賢人이 떠난다,2025-05-04,https://www.chosun.com/economy/int_economy/2025/05/04/RW2YNHYO5RFG3EYRNOYJ3EVPOE,"버크셔 연차 보고서에 따르면, 1965~2024년 버크셔의 연평균 수익률은 19.9%로, 같은 기간 미국 대표 주가 지수인 S&P500 수익률 10.4%의 2배에 육박한다.","임직원만 40여 만명에 달하는 거대 기업이자, 애플, 코카콜라 등 초우량 주식을 보유한 투자 기업이 됐다.","1965년 1달러를 S&P500에 투자했다면 현재 약 379달러(약 53만원)가 됐겠지만, 버크셔 주식을 샀다면 무려 5만3843달러(약 7550만원)가 됐다는 뜻이다.",국내공식통계,N,금융·금리,S&P500 연평균 수익률,"버크셔, S&P500, 수익률",-,-,-,,-,-,-,1965~2024,2024,Y,확정,10.4%,KOSIS_VALUE,hcx,S&P500 연평균 수익률,-,1965~2024,Y,hcx,현재값,10.4,-,-,N,%,수준값,유지,전년,"버크셔 연차 보고서에 따르면, 1965~2024년 버크셔의 연평균 수익률은 19.9%로, 같은 기간 미국 대표 주가 지수인 S&P500 수익률 10.4%의 2배에 육박한다.",high,N,-,N,0,0,HCX-007,v1.5-measurement-binding,2026-07-28,연평균 수익률,,1965~2024,Y,%,%,rate,level,unspecified,,Y,,
A0836-C028,A0836-C028-m1,A0836,한국 11년째 갇힌 ‘3만달러 벽’… 美·英은 어떻게 뚫었나,2025-03-06,https://www.chosun.com/economy/economy_general/2025/03/06/5HV7ZTS6RBEK5BBZBNLJDPBZPY,"1993년 세 나라의 1인당 국민소득이 일제히 2만달러대 중반으로 추락했고, 결국 수술대에 올라야 했다.",1990년 전후 일찌감치 3만달러 선에 도달한 스웨덴·덴마크·노르웨이 등 북유럽 3국도 중간에 고비를 겪었다.,"부실 은행 구조 조정을 단행하고, 세계 최고 수준이던 복지 제도도 손댔다.",국내공식통계,N,소득·임금,1인당 국민소득,"북유럽 3국, 3만달러, 2만달러대 중반",-,-,-,,-,-,-,1993,-,Y,확정,2만달러대 중반,KOSIS_VALUE,hcx,1인당 국민소득,-,1993,Y,hcx,현재값,20000,-,-,Y,달러,수준값,-,특정시점,"1993년 세 나라의 1인당 국민소득이 일제히 2만달러대 중반으로 추락했고, 결국 수술대에 올라야 했다.",high,N,-,Y,0,0,HCX-007,v1.5-measurement-binding,2026-07-28,1인당 국민소득,,1993,Y,달러,달러,currency,amount,unspecified,,Y,,
A0872-C011,A0872-C011-m1,A0872,"픽업트럭 기아 타스만, 불티나게 팔리는 이유",2025-03-09,https://www.chosun.com/economy/auto/2025/03/09/7KBLGBFYONHXZBMQOMJWKE275U,"지난해 내수 판매량을 보면 KGM의 렉스턴 스포츠는 1만2779대, 한국 GM의 콜로라도는 368대, 시에라는 328대에 그쳤다.","타스만 출시 전 완성차 5사 기준 픽업 모델은 KG모빌리티의 렉스턴 스포츠, 한국GM의 콜로라도와 시에라뿐이었다.",전체 픽업트럭 판매의 90%를 웃도는 렉스턴 스포츠가 2018년 첫 출시 이후 노후화되면서 국내 픽업 시장도 덩달아 쪼그라드는 추세였다.,국내공식통계,N,소매·소비,렉스턴 스포츠 판매량,"픽업트럭, 기아 타스만, KG모빌리티, 렉스턴 스포츠, 한국GM, 콜로라도, 시에라",-,-,-,KG모빌리티,-,-,-,2024,-,Y,확정,1만2779대,KOSIS_VALUE,hcx,렉스턴 스포츠 판매량,KG모빌리티,2024,Y,hcx,현재값,12779,-,-,N,대,수준값,유지,전년,"[검증 대상 문장] 지난해 내수 판매량을 보면 KGM의 렉스턴 스포츠는 1만2779대, 한국 GM의 콜로라도는 368대, 시에라는 328대에 그쳤다.",high,N,-,N,0,0,HCX-007,v1.5-measurement-binding,2026-07-28,내수 판매량,자동차,2024,Y,대,대,count,count,item,,Y,,
A0872-C011,A0872-C011-m2,A0872,"픽업트럭 기아 타스만, 불티나게 팔리는 이유",2025-03-09,https://www.chosun.com/economy/auto/2025/03/09/7KBLGBFYONHXZBMQOMJWKE275U,"지난해 내수 판매량을 보면 KGM의 렉스턴 스포츠는 1만2779대, 한국 GM의 콜로라도는 368대, 시에라는 328대에 그쳤다.","타스만 출시 전 완성차 5사 기준 픽업 모델은 KG모빌리티의 렉스턴 스포츠, 한국GM의 콜로라도와 시에라뿐이었다.",전체 픽업트럭 판매의 90%를 웃도는 렉스턴 스포츠가 2018년 첫 출시 이후 노후화되면서 국내 픽업 시장도 덩달아 쪼그라드는 추세였다.,국내공식통계,N,소매·소비,콜로라도 판매량,"픽업트럭, 기아 타스만, KG모빌리티, 렉스턴 스포츠, 한국GM, 콜로라도, 시에라",-,-,-,한국GM,-,-,-,2024,-,Y,확정,368대,KOSIS_VALUE,hcx,콜로라도 판매량,한국GM,2024,Y,hcx,현재값,368,-,-,N,대,수준값,유지,전년,"[검증 대상 문장] 지난해 내수 판매량을 보면 KGM의 렉스턴 스포츠는 1만2779대, 한국 GM의 콜로라도는 368대, 시에라는 328대에 그쳤다.",high,N,-,N,0,0,HCX-007,v1.5-measurement-binding,2026-07-28,내수 판매량,자동차,2024,Y,대,대,count,count,item,,Y,,
A0872-C011,A0872-C011-m3,A0872,"픽업트럭 기아 타스만, 불티나게 팔리는 이유",2025-03-09,https://www.chosun.com/economy/auto/2025/03/09/7KBLGBFYONHXZBMQOMJWKE275U,"지난해 내수 판매량을 보면 KGM의 렉스턴 스포츠는 1만2779대, 한국 GM의 콜로라도는 368대, 시에라는 328대에 그쳤다.","타스만 출시 전 완성차 5사 기준 픽업 모델은 KG모빌리티의 렉스턴 스포츠, 한국GM의 콜로라도와 시에라뿐이었다.",전체 픽업트럭 판매의 90%를 웃도는 렉스턴 스포츠가 2018년 첫 출시 이후 노후화되면서 국내 픽업 시장도 덩달아 쪼그라드는 추세였다.,국내공식통계,N,소매·소비,시에라 판매량,"픽업트럭, 기아 타스만, KG모빌리티, 렉스턴 스포츠, 한국GM, 콜로라도, 시에라",-,-,-,한국GM,-,-,-,2024,-,Y,확정,328대,KOSIS_VALUE,hcx,시에라 판매량,한국GM,2024,Y,hcx,현재값,328,-,-,N,대,수준값,유지,전년,"[검증 대상 문장] 지난해 내수 판매량을 보면 KGM의 렉스턴 스포츠는 1만2779대, 한국 GM의 콜로라도는 368대, 시에라는 328대에 그쳤다.",high,N,-,N,0,0,HCX-007,v1.5-measurement-binding,2026-07-28,내수 판매량,자동차,2024,Y,대,대,count,count,item,,Y,,
A0602-C003,A0602-C003-m1,A0602,빚 못 갚은 자영업자 늘어…'생계형’ 60대 이상 52% 급증,2025-02-16,https://www.chosun.com/economy/money/2025/02/16/3Y7VKQ3MB67CFT6VFWD7V6FDAA,13:36 0 지난해 금융기관에 진 빚을 갚지 못한 자영업자가 35% 늘어난 것으로 집계됐다.,13:30 업데이트 2025.02.16.,특히 60세 이상 고령층 증가율이 52%에 달했다.,국내공식통계,N,재정·조세,채무 미상환 자영업자 비율,"자영업자, 금융기관, 빚, 채무 미상환, 고령층",-,60세 이상,-,,고령층,-,-,2024,-,Y,확정,35%,KOSIS_VALUE,hcx,채무 미상환 자영업자 비율,-,2024,Y,hcx,증감률,35,-,-,N,%,증감률,증가,전년,지난해 금융기관에 진 빚을 갚지 못한 자영업자가 35% 늘어난 것으로 집계됐다.,high,N,-,N,0,0,HCX-007,v1.5-measurement-binding,2026-07-28,채무 미상환 자영업자 비율,,2024,Y,%,%,rate,rate_change,unspecified,2023,Y,,
A2052-C026,A2052-C026-m1,A2052,편의점들이 초저가 경쟁 벌이는 이유는?,2025-06-07,https://www.chosun.com/economy/market_trend/2025/06/07/77V6YZ6X3NHKPDXS6UHNXJ6DXA,GS25에 따르면 1000원 이하 상품의 작년 매출은 2023년 대비 46.5% 늘어났다.,GS25는 먼저 판매가를 1000원으로 설정하고 역개발을 추진했다고 한다.,"GS25는 리얼소고기라면(550원), 리얼500바(500원), 1974우유200ML(980원) 등 초저가 PB 상품을 잇따라 출시하고 있다.",국내공식통계,N,소매·소비,편의점 매출 증가율,"GS25, 초저가, 매출, 1000원 이하 상품",-,-,-,편의점,-,-,-,2023,-,Y,확정,46.5%,KOSIS_VALUE,hcx,편의점 매출 증가율,편의점,2023,Y,hcx,현재값,46.5,-,-,N,%,비중,증가,전년,GS25에 따르면 1000원 이하 상품의 작년 매출은 2023년 대비 46.5% 늘어났다.,high,N,-,N,0,0,HCX-007,v1.5-measurement-binding,2026-07-28,편의점 매출 증가율,편의점,2024,Y,%,%,rate,rate_change,item,2022,Y,,
A1587-C010,A1587-C010-m2,A1587,소비자 물가 상승률 넉달째 2%대 유지,2025-05-03,https://www.chosun.com/economy/economy_general/2025/05/03/3WY7RFA5YZGAVFW5HHYZY6PD7Y,지난달 가공식품 가격은 4.1% 뛰면서 지난 2023년 12월(4.2%) 이후 16개월 만에 최대 상승 폭을 기록했다.,가공식품과 외식 물가는 올랐다.,"외식 가격도 3.2% 올랐는데, 작년 2월(3.4%) 이후 14개월 만에 가장 큰 폭이다.",국내공식통계,Y,물가,가공식품 가격 상승률,"소비자, 물가, 상승률, 가공식품, 외식",-,-,-,가공식품,-,-,-,2023,-,Y,확정,4.2%,KOSIS_VALUE,hcx,가공식품 가격 상승률,가공식품,2023,Y,hcx,증감률,4.2,-,-,N,%,증감률,증가,전년동월,지난달 가공식품 가격은 4.1% 뛰면서 지난 2023년 12월(4.2%) 이후 16개월 만에 최대 상승 폭을 기록했다.,high,Y,measurement_period_ungrounded:1,N,0,0,HCX-007,v1.5-measurement-binding,2026-07-28,소비자 물가 상승률,,2025-04,M,%,%,rate,rate_change,item,2022,Y,,
A1122-C014,A1122-C014-m1,A1122,"양양, 관광객이 주민의 28배… 인구감소지역 살리는 외부인",2025-03-28,https://www.chosun.com/economy/economy_general/2025/03/28/ECG25DYMGVGYDFA2RBNNGCAAVY,전국 89개 인구 감소 지역 생활 인구는 작년 1월 2274만여 명에서 작년 8월 3361만여 명으로 1000만명 넘게 불었다.,이 같은 대표 휴양지들 외에도 여름 휴가철을 맞아 인구 감소 지역마다 방문객이 모여들었다.,"같은 기간 인구 감소 지역의 등록 인구는 490만여 명에서 489만여 명으로 줄었지만, 관광객 등 체류 인구가 대폭 늘어난 영향이다.",국내공식통계,N,인구,인구 감소 지역,"인구 감소 지역, 생활 인구, 등록 인구, 관광객",-,-,-,,관광객,-,-,2024,2024,Y,확정,89개,KOSIS_VALUE,hcx,인구 감소 지역,-,2024,Y,hcx,현재값,89,-,-,N,개,수준값,-,-,전국 89개 인구 감소 지역 생활 인구는 작년 1월 2274만여 명에서 작년 8월 3361만여 명으로 1000만명 넘게 불었다.,high,N,-,Y,0,0,HCX-007,v1.5-measurement-binding,2026-07-28,생활 인구,,2024,Y,개,개,count,count,person,,Y,,
A1122-C014,A1122-C014-m3,A1122,"양양, 관광객이 주민의 28배… 인구감소지역 살리는 외부인",2025-03-28,https://www.chosun.com/economy/economy_general/2025/03/28/ECG25DYMGVGYDFA2RBNNGCAAVY,전국 89개 인구 감소 지역 생활 인구는 작년 1월 2274만여 명에서 작년 8월 3361만여 명으로 1000만명 넘게 불었다.,이 같은 대표 휴양지들 외에도 여름 휴가철을 맞아 인구 감소 지역마다 방문객이 모여들었다.,"같은 기간 인구 감소 지역의 등록 인구는 490만여 명에서 489만여 명으로 줄었지만, 관광객 등 체류 인구가 대폭 늘어난 영향이다.",국내공식통계,N,인구,생활 인구,"인구 감소 지역, 생활 인구, 등록 인구, 관광객",-,-,-,,관광객,-,-,2024,2024,Y,확정,3361만여 명,KOSIS_VALUE,hcx,생활 인구,-,2024,Y,hcx,현재값,33610000,-,-,Y,명,수준값,감소,전년,전국 89개 인구 감소 지역 생활 인구는 작년 1월 2274만여 명에서 작년 8월 3361만여 명으로 1000만명 넘게 불었다.,high,N,-,Y,0,0,HCX-007,v1.5-measurement-binding,2026-07-28,생활 인구,,2024,Y,명,명,person_count,count,person,,Y,,
A1122-C014,A1122-C014-m4,A1122,"양양, 관광객이 주민의 28배… 인구감소지역 살리는 외부인",2025-03-28,https://www.chosun.com/economy/economy_general/2025/03/28/ECG25DYMGVGYDFA2RBNNGCAAVY,전국 89개 인구 감소 지역 생활 인구는 작년 1월 2274만여 명에서 작년 8월 3361만여 명으로 1000만명 넘게 불었다.,이 같은 대표 휴양지들 외에도 여름 휴가철을 맞아 인구 감소 지역마다 방문객이 모여들었다.,"같은 기간 인구 감소 지역의 등록 인구는 490만여 명에서 489만여 명으로 줄었지만, 관광객 등 체류 인구가 대폭 늘어난 영향이다.",국내공식통계,N,인구,생활 인구 증가폭,"인구 감소 지역, 생활 인구, 등록 인구, 관광객",-,-,-,,관광객,-,-,2024,2024,Y,확정,1000만명,KOSIS_VALUE,hcx,생활 인구 증가폭,-,2024,Y,hcx,증감값,10000000,-,-,N,명,증감량,증가,전년,전국 89개 인구 감소 지역 생활 인구는 작년 1월 2274만여 명에서 작년 8월 3361만여 명으로 1000만명 넘게 불었다.,high,N,-,Y,0,0,HCX-007,v1.5-measurement-binding,2026-07-28,생활 인구,,2024,Y,명,명,person_count,absolute_change,person,2023,Y,,
A1478-C012,A1478-C012-m1,A1478,한국 1분기 -0.2% 역성장 쇼크... 1년간 성장 멈췄다,2025-04-24,https://www.chosun.com/economy/economy_general/2025/04/24/RYSYX6BORRBE5GFWM4X74Z3QLA,지난해 4분기(-4.5%)보다 그 감소폭이 줄었지만 건설투자 역시 4분기 연속 역성장했다(-1.7%→-3.6%→-4.5%→-3.2%).,"의료·오락문화 부문 소비가 부진하면서 민간소비가 전 분기보다 0.1% 감소했고, 건설투자도 건물 건설을 중심으로 3.2% 줄었다.",올해 1분기 우리 경제에 대한 건설투자 부문 성장기여도는 전기 대비 0.4%포인트 낮아졌다.,국내공식통계,Y,생산·산업,건설투자 성장률,"한국, 1분기, 역성장, 건설투자, 성장기여도",전국,-,-,,-,-,-,2024Q4,-,Q,확정,4.5%,KOSIS_VALUE,hcx,건설투자 성장률,-,2024Q4,Q,hcx,증감률,4.5,-,-,N,%,증감률,감소,전분기,지난해 4분기(-4.5%)보다 그 감소폭이 줄었지만 건설투자 역시 4분기 연속 역성장했다(-1.7%→-3.6%→-4.5%→-3.2%).,high,Y,measurement_period_ungrounded:1,N,0,0,HCX-007,v1.5-measurement-binding,2026-07-28,건설투자 성장률,,2025Q1,Q,%,%,rate,rate_change,unspecified,,Y,,
A1478-C012,A1478-C012-m3,A1478,한국 1분기 -0.2% 역성장 쇼크... 1년간 성장 멈췄다,2025-04-24,https://www.chosun.com/economy/economy_general/2025/04/24/RYSYX6BORRBE5GFWM4X74Z3QLA,지난해 4분기(-4.5%)보다 그 감소폭이 줄었지만 건설투자 역시 4분기 연속 역성장했다(-1.7%→-3.6%→-4.5%→-3.2%).,"의료·오락문화 부문 소비가 부진하면서 민간소비가 전 분기보다 0.1% 감소했고, 건설투자도 건물 건설을 중심으로 3.2% 줄었다.",올해 1분기 우리 경제에 대한 건설투자 부문 성장기여도는 전기 대비 0.4%포인트 낮아졌다.,국내공식통계,Y,생산·산업,건설투자 성장률,"한국, 1분기, 역성장, 건설투자, 성장기여도",전국,-,-,,-,-,-,2024Q1,-,Q,확정,3.6%,KOSIS_VALUE,hcx,건설투자 성장률,-,2024Q1,Q,hcx,증감률,3.6,-,-,N,%,증감률,감소,전분기,지난해 4분기(-4.5%)보다 그 감소폭이 줄었지만 건설투자 역시 4분기 연속 역성장했다(-1.7%→-3.6%→-4.5%→-3.2%).,high,Y,measurement_period_ungrounded:1,N,0,0,HCX-007,v1.5-measurement-binding,2026-07-28,건설투자 성장률,,2025Q1,Q,%,%,rate,rate_change,unspecified,,Y,,
A1478-C012,A1478-C012-m4,A1478,한국 1분기 -0.2% 역성장 쇼크... 1년간 성장 멈췄다,2025-04-24,https://www.chosun.com/economy/economy_general/2025/04/24/RYSYX6BORRBE5GFWM4X74Z3QLA,지난해 4분기(-4.5%)보다 그 감소폭이 줄었지만 건설투자 역시 4분기 연속 역성장했다(-1.7%→-3.6%→-4.5%→-3.2%).,"의료·오락문화 부문 소비가 부진하면서 민간소비가 전 분기보다 0.1% 감소했고, 건설투자도 건물 건설을 중심으로 3.2% 줄었다.",올해 1분기 우리 경제에 대한 건설투자 부문 성장기여도는 전기 대비 0.4%포인트 낮아졌다.,국내공식통계,Y,생산·산업,건설투자 성장률,"한국, 1분기, 역성장, 건설투자, 성장기여도",전국,-,-,,-,-,-,2025Q1,-,Q,확정,3.2%,KOSIS_VALUE,hcx,건설투자 성장률,-,2025Q1,Q,hcx,증감률,3.2,-,-,N,%,증감률,감소,전분기,지난해 4분기(-4.5%)보다 그 감소폭이 줄었지만 건설투자 역시 4분기 연속 역성장했다(-1.7%→-3.6%→-4.5%→-3.2%).,high,Y,measurement_period_ungrounded:1,N,0,0,HCX-007,v1.5-measurement-binding,2026-07-28,건설투자 성장률,,2025Q1,Q,%,%,rate,rate_change,unspecified,,Y,,
A1945-C035,A1945-C035-m1,A1945,"수출이 이끌고, 내수가 받치는 ‘K 성장공식’ 깨졌다",2025-05-30,https://www.chosun.com/economy/economy_general/2025/05/30/TJY63R4V55F3HOICGFQN6VAWUM,"한국과 성장률이 비슷한 캐나다나 스위스, 프랑스의 경우 내수 기여도가 각각 1.5%포인트, 1.7%포인트, 0.3%포인트로 모두 한국보다 높았다.",내수의 성장 기여도는 관련 통계가 공개된 경제협력개발기구(OECD) 소속 10국 중 최하위다.,올해만의 일시적 문제도 아니다.,국내공식통계,N,재정·조세,내수 성장 기여도,"성장률, OECD, 내수, 비중",-,-,-,캐나다,-,-,-,2025,-,Y,확정,1.5%,KOSIS_VALUE,hcx,내수 성장 기여도,캐나다,2025,Y,hcx,현재값,1.5,-,-,N,%,비중,-,전년,"한국과 성장률이 비슷한 캐나다나 스위스, 프랑스의 경우 내수 기여도가 각각 1.5%포인트, 1.7%포인트, 0.3%포인트로 모두 한국보다 높았다.",high,N,-,N,0,0,HCX-007,v1.5-measurement-binding,2026-07-28,내수 성장 기여도,,2025,Y,%,%,rate,level,item,,Y,,
A1945-C035,A1945-C035-m2,A1945,"수출이 이끌고, 내수가 받치는 ‘K 성장공식’ 깨졌다",2025-05-30,https://www.chosun.com/economy/economy_general/2025/05/30/TJY63R4V55F3HOICGFQN6VAWUM,"한국과 성장률이 비슷한 캐나다나 스위스, 프랑스의 경우 내수 기여도가 각각 1.5%포인트, 1.7%포인트, 0.3%포인트로 모두 한국보다 높았다.",내수의 성장 기여도는 관련 통계가 공개된 경제협력개발기구(OECD) 소속 10국 중 최하위다.,올해만의 일시적 문제도 아니다.,국내공식통계,N,재정·조세,내수 성장 기여도,"성장률, OECD, 내수, 비중",-,-,-,스위스,-,-,-,2025,-,Y,확정,1.7%,KOSIS_VALUE,hcx,내수 성장 기여도,스위스,2025,Y,hcx,현재값,1.7,-,-,N,%,비중,-,전년,"한국과 성장률이 비슷한 캐나다나 스위스, 프랑스의 경우 내수 기여도가 각각 1.5%포인트, 1.7%포인트, 0.3%포인트로 모두 한국보다 높았다.",high,N,-,N,0,0,HCX-007,v1.5-measurement-binding,2026-07-28,내수 성장 기여도,,2025,Y,%,%,rate,level,item,,Y,,
A1945-C035,A1945-C035-m3,A1945,"수출이 이끌고, 내수가 받치는 ‘K 성장공식’ 깨졌다",2025-05-30,https://www.chosun.com/economy/economy_general/2025/05/30/TJY63R4V55F3HOICGFQN6VAWUM,"한국과 성장률이 비슷한 캐나다나 스위스, 프랑스의 경우 내수 기여도가 각각 1.5%포인트, 1.7%포인트, 0.3%포인트로 모두 한국보다 높았다.",내수의 성장 기여도는 관련 통계가 공개된 경제협력개발기구(OECD) 소속 10국 중 최하위다.,올해만의 일시적 문제도 아니다.,국내공식통계,N,재정·조세,내수 성장 기여도,"성장률, OECD, 내수, 비중",-,-,-,프랑스,-,-,-,2025,-,Y,확정,0.3%,KOSIS_VALUE,hcx,내수 성장 기여도,프랑스,2025,Y,hcx,현재값,0.3,-,-,N,%,비중,-,전년,"한국과 성장률이 비슷한 캐나다나 스위스, 프랑스의 경우 내수 기여도가 각각 1.5%포인트, 1.7%포인트, 0.3%포인트로 모두 한국보다 높았다.",high,N,-,N,0,0,HCX-007,v1.5-measurement-binding,2026-07-28,내수 성장 기여도,,2025,Y,%,%,rate,level,item,,Y,,
A2036-C003,A2036-C003-m1,A2036,"日 버블붕괴 직전과 닮은 민간 부채, 그런데 더 악성이다",2025-06-06,https://www.chosun.com/economy/economy_general/2025/06/06/XJSXS6L5XREVJLWEKTP6XDC5UY,일본의 거품 붕괴가 본격화한 1992년(208%)과 비슷한 수준이다.,한은이 5일 내놓은 ‘일본 경제로부터 되새겨 볼 교훈’ 보고서에 따르면 한국의 가계와 비금융 기업이 진 빚을 국내총생산(GDP)과 비교한 값이 2023년 기준 207%를 기록했다.,일본의 GDP 대비 민간 부채 비율은 1985년까지만 해도 162%였다.,국내공식통계,N,재정·조세,GDP 대비 민간 부채 비율,"민간 부채, GDP, 일본 경제, 거품 붕괴",-,-,-,,-,-,-,1992,-,Y,확정,208%,KOSIS_VALUE,hcx,GDP 대비 민간 부채 비율,-,1992,Y,hcx,현재값,208,-,-,N,%,비중,-,전년,일본의 거품 붕괴가 본격화한 1992년(208%)과 비슷한 수준이다.,high,N,-,N,0,0,HCX-007,v1.5-measurement-binding,2026-07-28,GDP 대비 민간 부채 비율,,2023,Y,%,%,rate,rate_level,unspecified,,Y,,
A2512-C009,A2512-C009-m1,A2512,여름휴가도 양극화… 대기업은 5일 이상·중소기업은 3일,2025-07-13,https://www.chosun.com/economy/industry-company/2025/07/13/UAA7463QBVCTZKPP6ZLWV5PR5E,전체적으로는 53.9%가 하계휴가비를 지급할 계획이라고 답해 전년(56.5%) 대비 2.6%포인트 감소했다.,"300인 이상 기업의 63.3%가 올해 하계휴가비를 지급할 계획이라고 답한 반면, 300인 미만 기업은 52.7%로 차이가 났다.",연차휴가 사용촉진제도 시행 계획이 있다고 답한 기업은 63.3%로 전년(59.1%)보다 4.1%포인트 증가했다.,국내공식통계,Y,고용,하계휴가비 지급 계획 비율,"여름휴가, 양극화, 대기업, 중소기업, 하계휴가비",-,-,-,,-,-,-,2025,-,Y,확정,53.9%,KOSIS_VALUE,hcx,하계휴가비 지급 계획 비율,-,2025,Y,hcx,현재값,53.9,-,-,N,%,수준값,감소,전년,전체적으로는 53.9%가 하계휴가비를 지급할 계획이라고 답해 전년(56.5%) 대비 2.6%포인트 감소했다.,high,N,-,Y,0,0,HCX-007,v1.5-measurement-binding,2026-07-28,하계휴가비 지급 계획 비율,,2025,Y,%,%,rate,rate_level,unspecified,,Y,,
A2512-C009,A2512-C009-m3,A2512,여름휴가도 양극화… 대기업은 5일 이상·중소기업은 3일,2025-07-13,https://www.chosun.com/economy/industry-company/2025/07/13/UAA7463QBVCTZKPP6ZLWV5PR5E,전체적으로는 53.9%가 하계휴가비를 지급할 계획이라고 답해 전년(56.5%) 대비 2.6%포인트 감소했다.,"300인 이상 기업의 63.3%가 올해 하계휴가비를 지급할 계획이라고 답한 반면, 300인 미만 기업은 52.7%로 차이가 났다.",연차휴가 사용촉진제도 시행 계획이 있다고 답한 기업은 63.3%로 전년(59.1%)보다 4.1%포인트 증가했다.,국내공식통계,Y,고용,하계휴가비 지급 계획 비율 변화,"여름휴가, 양극화, 대기업, 중소기업, 하계휴가비",-,-,-,,-,-,-,2025,-,Y,확정,2.6%포인트 감소,KOSIS_VALUE,hcx,하계휴가비 지급 계획 비율 변화,-,2025,Y,hcx,증감률,2.6,-,-,N,%,증감률,감소,전년,전체적으로는 53.9%가 하계휴가비를 지급할 계획이라고 답해 전년(56.5%) 대비 2.6%포인트 감소했다.,high,N,-,Y,0,0,HCX-007,v1.5-measurement-binding,2026-07-28,하계휴가비 지급 계획 비율,,2025,Y,%,%,rate,rate_change,unspecified,2024,Y,,
A0545-C018,A0545-C018-m1,A0545,신규발급 3장 중 1장은 ‘장롱 카드’… 애꿎은 연회비만 오른다,2025-02-11,https://www.chosun.com/economy/economy_general/2025/02/11/SJANWAEUSNGMZA37GPPJABJILA,"여신금융협회에 따르면, 2021년 1조1347억원이던 전체 신용카드사 연회비 수익은 2022년 1조2259억원, 2023년 1조3312억원으로 늘었다.",실제 카드사들의 연회비 수익은 매년 1000억원씩 증가하고 있다.,휴면 카드가 많으면 개인의 신용 평가가 낮아져 카드당 이용 한도가 줄어들 수 있다는 점에서 소비자에게 손해다.,국내공식통계,Y,금융·금리,신용카드사 연회비 수익,"신용카드사, 연회비 수익, 증가",-,-,-,,-,-,-,2021,-,Y,확정,1조1347억원,KOSIS_VALUE,hcx,신용카드사 연회비 수익,-,2021,Y,hcx,현재값,1134700000000,-,-,N,원,수준값,증가,전년,"여신금융협회에 따르면, 2021년 1조1347억원이던 전체 신용카드사 연회비 수익은 2022년 1조2259억원, 2023년 1조3312억원으로 늘었다.",high,N,-,N,0,0,HCX-007,v1.5-measurement-binding,2026-07-28,신용카드사 연회비 수익,,"2021, 2022, 2023",Y,원,원,currency,amount,unspecified,,Y,,
A0545-C018,A0545-C018-m2,A0545,신규발급 3장 중 1장은 ‘장롱 카드’… 애꿎은 연회비만 오른다,2025-02-11,https://www.chosun.com/economy/economy_general/2025/02/11/SJANWAEUSNGMZA37GPPJABJILA,"여신금융협회에 따르면, 2021년 1조1347억원이던 전체 신용카드사 연회비 수익은 2022년 1조2259억원, 2023년 1조3312억원으로 늘었다.",실제 카드사들의 연회비 수익은 매년 1000억원씩 증가하고 있다.,휴면 카드가 많으면 개인의 신용 평가가 낮아져 카드당 이용 한도가 줄어들 수 있다는 점에서 소비자에게 손해다.,국내공식통계,Y,금융·금리,신용카드사 연회비 수익,"신용카드사, 연회비 수익, 증가",-,-,-,,-,-,-,2022,-,Y,확정,1조2259억원,KOSIS_VALUE,hcx,신용카드사 연회비 수익,-,2022,Y,hcx,현재값,1225900000000,-,-,N,원,수준값,증가,전년,"여신금융협회에 따르면, 2021년 1조1347억원이던 전체 신용카드사 연회비 수익은 2022년 1조2259억원, 2023년 1조3312억원으로 늘었다.",high,N,-,N,0,0,HCX-007,v1.5-measurement-binding,2026-07-28,신용카드사 연회비 수익,,"2021, 2022, 2023",Y,원,원,currency,amount,unspecified,,Y,,
A0545-C018,A0545-C018-m3,A0545,신규발급 3장 중 1장은 ‘장롱 카드’… 애꿎은 연회비만 오른다,2025-02-11,https://www.chosun.com/economy/economy_general/2025/02/11/SJANWAEUSNGMZA37GPPJABJILA,"여신금융협회에 따르면, 2021년 1조1347억원이던 전체 신용카드사 연회비 수익은 2022년 1조2259억원, 2023년 1조3312억원으로 늘었다.",실제 카드사들의 연회비 수익은 매년 1000억원씩 증가하고 있다.,휴면 카드가 많으면 개인의 신용 평가가 낮아져 카드당 이용 한도가 줄어들 수 있다는 점에서 소비자에게 손해다.,국내공식통계,Y,금융·금리,신용카드사 연회비 수익,"신용카드사, 연회비 수익, 증가",-,-,-,,-,-,-,2023,-,Y,확정,1조3312억원,KOSIS_VALUE,hcx,신용카드사 연회비 수익,-,2023,Y,hcx,현재값,1331200000000,-,-,N,원,수준값,증가,전년,"여신금융협회에 따르면, 2021년 1조1347억원이던 전체 신용카드사 연회비 수익은 2022년 1조2259억원, 2023년 1조3312억원으로 늘었다.",high,N,-,N,0,0,HCX-007,v1.5-measurement-binding,2026-07-28,신용카드사 연회비 수익,,"2021, 2022, 2023",Y,원,원,currency,amount,unspecified,,Y,,
A0480-C014,A0480-C014-m1,A0480,"피치, 한국 국가신용등급 ‘AA-’로 유지",2025-02-06,https://www.chosun.com/economy/economy_general/2025/02/06/Z2CI3T5MOZHEXDP3MB2L4FFPCI,작년 11월 새해 성장률이 1%대 후반으로 떨어질 것이라고 봤던 한국은행은 지난달 16일에는 올해 성장률 전망치가 1.6~1.7%로 하향 조정될 것이라고 밝히기도 했다.,"한국은행(1.9%)과 한국개발연구원(2%), 국제통화기금(2%) 등 국내외 주요 기관 공식 전망치 가운데 가장 낮은 수준이다.",피치 국가신용등급 정석우 기자 정책팀장 경제부 정책팀장.,국내공식통계,N,소득·임금,성장률,"한국은행, 성장률 전망치",-,-,-,,-,-,-,2025,-,Y,확정,1%,KOSIS_VALUE,hcx,성장률,-,2025,Y,hcx,현재값,1,-,-,N,%,수준값,유지,전년,[검증 대상 문장] 작년 11월 새해 성장률이 1%대 후반으로 떨어질 것이라고 봤던 한국은행은 지난달 16일에는 올해 성장률 전망치가 1.6~1.7%로 하향 조정될 것이라고 밝히기도 했다.,high,N,-,N,0,0,HCX-007,v1.5-measurement-binding,2026-07-28,성장률,,2025,Y,%,%,rate,level,unspecified,,Y,,
A0480-C014,A0480-C014-m2,A0480,"피치, 한국 국가신용등급 ‘AA-’로 유지",2025-02-06,https://www.chosun.com/economy/economy_general/2025/02/06/Z2CI3T5MOZHEXDP3MB2L4FFPCI,작년 11월 새해 성장률이 1%대 후반으로 떨어질 것이라고 봤던 한국은행은 지난달 16일에는 올해 성장률 전망치가 1.6~1.7%로 하향 조정될 것이라고 밝히기도 했다.,"한국은행(1.9%)과 한국개발연구원(2%), 국제통화기금(2%) 등 국내외 주요 기관 공식 전망치 가운데 가장 낮은 수준이다.",피치 국가신용등급 정석우 기자 정책팀장 경제부 정책팀장.,국내공식통계,N,소득·임금,성장률,"한국은행, 성장률 전망치",-,-,-,,-,-,-,2025,-,Y,확정,1.6%,KOSIS_VALUE,hcx,성장률,-,2025,Y,hcx,현재값,1.6,-,-,N,%,수준값,유지,전년,[검증 대상 문장] 작년 11월 새해 성장률이 1%대 후반으로 떨어질 것이라고 봤던 한국은행은 지난달 16일에는 올해 성장률 전망치가 1.6~1.7%로 하향 조정될 것이라고 밝히기도 했다.,high,N,-,N,0,0,HCX-007,v1.5-measurement-binding,2026-07-28,성장률,,2025,Y,%,%,rate,level,unspecified,,Y,,
A0480-C014,A0480-C014-m3,A0480,"피치, 한국 국가신용등급 ‘AA-’로 유지",2025-02-06,https://www.chosun.com/economy/economy_general/2025/02/06/Z2CI3T5MOZHEXDP3MB2L4FFPCI,작년 11월 새해 성장률이 1%대 후반으로 떨어질 것이라고 봤던 한국은행은 지난달 16일에는 올해 성장률 전망치가 1.6~1.7%로 하향 조정될 것이라고 밝히기도 했다.,"한국은행(1.9%)과 한국개발연구원(2%), 국제통화기금(2%) 등 국내외 주요 기관 공식 전망치 가운데 가장 낮은 수준이다.",피치 국가신용등급 정석우 기자 정책팀장 경제부 정책팀장.,국내공식통계,N,소득·임금,성장률,"한국은행, 성장률 전망치",-,-,-,,-,-,-,2025,-,Y,확정,1.7%,KOSIS_VALUE,hcx,성장률,-,2025,Y,hcx,현재값,1.7,-,-,N,%,수준값,유지,전년,[검증 대상 문장] 작년 11월 새해 성장률이 1%대 후반으로 떨어질 것이라고 봤던 한국은행은 지난달 16일에는 올해 성장률 전망치가 1.6~1.7%로 하향 조정될 것이라고 밝히기도 했다.,high,N,-,N,0,0,HCX-007,v1.5-measurement-binding,2026-07-28,성장률,,2025,Y,%,%,rate,level,unspecified,,Y,,
A0006-C006,A0006-C006-m1,A0006,"2024년 수출, 6838억달러로 ‘역대 최대’ 경신",2025-01-01,https://www.chosun.com/economy/industry-company/2025/01/01/2UPTGREAPRAWRG4XUBRMLONSKY,2024년에는 에너지 수입이 감소하면서 전체 수입이 전년 대비 1.6% 감소한 덕에 무역수지가 개선됐다.,2022년 당시 수출액은 역대 최대를 기록하면서도 472억달러 적자를 냈던 것과 다른 결과다.,이에 2018년(697억 달러 흑자) 이후 최대 흑자를 기록하게 됐다.,국내공식통계,N,무역,수입 증감률,"수출, 수입, 무역수지",-,-,-,,-,-,-,2024,-,Y,확정,1.6%,KOSIS_VALUE,hcx,수입 증감률,-,2024,Y,hcx,증감률,1.6,-,-,N,%,증감률,감소,전년,2024년에는 에너지 수입이 감소하면서 전체 수입이 전년 대비 1.6% 감소한 덕에 무역수지가 개선됐다.,high,N,-,N,0,0,HCX-007,v1.5-measurement-binding,2026-07-28,무역수지,,2024,Y,%,%,rate,rate_change,unspecified,2023,Y,,
A1205-C004,A1205-C004-m1,A1205,3월 외환보유액 석 달 만에 증가… “달러 약세·분기 말 계절효과”,2025-04-03,https://www.chosun.com/economy/economy_general/2025/04/03/YOCGQD4OFBHTRBCFDXXUCZNU3Q,지난 2월 말보다 4억5000만달러 늘었다.,한국은행이 3일 발표한 외환보유액 통계에 따르면 지난달 말 기준 우리나라 외환보유액은 4096억6000만달러로 집계됐다.,올해 2월 외환보유액은 한 달 새 18억 달러 줄어들면서 2020년 5월 이후 4년 9개월 만에 가장 낮은 수준을 기록했다.,국내공식통계,Y,금융·금리,외환보유액 증감,외환보유액; 달러 약세; 분기 말 계절효과,-,-,-,,-,-,-,2025-02,-,M,확정,4억5000만달러,KOSIS_VALUE,hcx,외환보유액 증감,-,2025-02,M,hcx,증감값,450000000,-,-,N,달러,증감량,증가,전월,지난달 말 기준 우리나라 외환보유액은 4096억6000만달러로 집계됐다.,high,N,-,N,0,0,HCX-007,v1.5-measurement-binding,2026-07-28,외환보유액,,2025-03,M,달러,달러,currency,absolute_change,unspecified,,Y,,
A0721-C006,A0721-C006-m1,A0721,"한은, 기준금리 2.75%로 인하… 올 성장률 전망 1.9%→1.5%로",2025-02-25,https://www.chosun.com/economy/economy_general/2025/02/25/2QEZXWWJAVAGNFUAFBIMRPY3HE,"작년 4분기 경제성장률은 전 분기 대비 0.1%로, 외환 위기 직격탄을 맞았던 1998년 이후 처음으로 3개 분기 연속 0%대 안팎의 성장을 했다.","민간 소비와 건설 투자 부진으로 내수 경기 회복이 더디고, 수출 증가율 둔화가 뚜렷해지면서 경기 침체 우려가 커졌기 때문이다.",올해 성장률 전망치는 작년 성장률(2%)보다도 낮은 1%대 중반 수준이다.,국내공식통계,N,재정·조세,경제성장률,"경제성장률, 분기, 외환위기",-,-,-,,-,-,-,2024Q4,-,Q,확정,0.1%,KOSIS_VALUE,hcx,경제성장률,-,2024Q4,Q,hcx,현재값,0.1,-,-,N,%,비중,유지,전분기,"[검증 대상 문장] 작년 4분기 경제성장률은 전 분기 대비 0.1%로, 외환 위기 직격탄을 맞았던 1998년 이후 처음으로 3개 분기 연속 0%대 안팎의 성장을 했다.",high,N,-,Y,0,0,HCX-007,v1.5-measurement-binding,2026-07-28,경제성장률,,2024Q4,Q,%,%,rate,level,unspecified,,Y,,
A0721-C006,A0721-C006-m2,A0721,"한은, 기준금리 2.75%로 인하… 올 성장률 전망 1.9%→1.5%로",2025-02-25,https://www.chosun.com/economy/economy_general/2025/02/25/2QEZXWWJAVAGNFUAFBIMRPY3HE,"작년 4분기 경제성장률은 전 분기 대비 0.1%로, 외환 위기 직격탄을 맞았던 1998년 이후 처음으로 3개 분기 연속 0%대 안팎의 성장을 했다.","민간 소비와 건설 투자 부진으로 내수 경기 회복이 더디고, 수출 증가율 둔화가 뚜렷해지면서 경기 침체 우려가 커졌기 때문이다.",올해 성장률 전망치는 작년 성장률(2%)보다도 낮은 1%대 중반 수준이다.,국내공식통계,N,재정·조세,경제성장률,"경제성장률, 분기, 외환위기",-,-,-,,-,-,-,2024Q3,-,Q,확정,0%,KOSIS_VALUE,hcx,경제성장률,-,2024Q3,Q,hcx,현재값,0,-,-,N,%,비중,유지,전분기,"[검증 대상 문장] 작년 4분기 경제성장률은 전 분기 대비 0.1%로, 외환 위기 직격탄을 맞았던 1998년 이후 처음으로 3개 분기 연속 0%대 안팎의 성장을 했다.",high,N,-,Y,0,0,HCX-007,v1.5-measurement-binding,2026-07-28,경제성장률,,2024Q4,Q,%,%,rate,level,unspecified,,Y,,
A0721-C006,A0721-C006-m3,A0721,"한은, 기준금리 2.75%로 인하… 올 성장률 전망 1.9%→1.5%로",2025-02-25,https://www.chosun.com/economy/economy_general/2025/02/25/2QEZXWWJAVAGNFUAFBIMRPY3HE,"작년 4분기 경제성장률은 전 분기 대비 0.1%로, 외환 위기 직격탄을 맞았던 1998년 이후 처음으로 3개 분기 연속 0%대 안팎의 성장을 했다.","민간 소비와 건설 투자 부진으로 내수 경기 회복이 더디고, 수출 증가율 둔화가 뚜렷해지면서 경기 침체 우려가 커졌기 때문이다.",올해 성장률 전망치는 작년 성장률(2%)보다도 낮은 1%대 중반 수준이다.,국내공식통계,N,재정·조세,분기 연속,"경제성장률, 분기, 외환위기",-,-,-,,-,-,-,1998,-,Y,확정,3개,KOSIS_VALUE,hcx,분기 연속,-,1998,Y,hcx,현재값,3,-,-,N,개,수준값,유지,전분기,"[검증 대상 문장] 작년 4분기 경제성장률은 전 분기 대비 0.1%로, 외환 위기 직격탄을 맞았던 1998년 이후 처음으로 3개 분기 연속 0%대 안팎의 성장을 했다.",high,N,-,Y,0,0,HCX-007,v1.5-measurement-binding,2026-07-28,경제성장률,,2024Q4,Q,개,개,count,count,unspecified,,Y,,
A1537-C014,A1537-C014-m1,A1537,"반도체로 2만불, 車로 3만불 시대… ‘4만불 엔진’ 안 보인다",2025-04-29,https://www.chosun.com/economy/economy_general/2025/04/29/FCDYUDVVLZFO3GHS4SZZ2HLIMM,‘4만불 엔진’은 안 보여 1만729달러(1994년)→2만162달러(2005년)→3만667달러(2014년).,"◇반도체로 2만불, 車로 3만불 시대…",한국 경제는 1인당 GDP가 1만달러 간격의 허들을 넘을 때마다 확실한 동력을 갖고 있었다.,국내공식통계,N,소득·임금,1인당 GDP,"GDP, 소득",-,-,-,,-,-,-,1994,-,Y,확정,1만729달러,KOSIS_VALUE,hcx,1인당 GDP,-,1994,Y,hcx,현재값,10729,-,-,N,달러,수준값,유지,특정시점,'4만불 엔진'은 안 보여 1만729달러(1994년)→2만162달러(2005년)→3만667달러(2014년).,high,N,-,N,0,0,HCX-007,v1.5-measurement-binding,2026-07-28,1인당 GDP,,1994,Y,달러,달러,currency,amount,unspecified,,Y,,
A1537-C014,A1537-C014-m2,A1537,"반도체로 2만불, 車로 3만불 시대… ‘4만불 엔진’ 안 보인다",2025-04-29,https://www.chosun.com/economy/economy_general/2025/04/29/FCDYUDVVLZFO3GHS4SZZ2HLIMM,‘4만불 엔진’은 안 보여 1만729달러(1994년)→2만162달러(2005년)→3만667달러(2014년).,"◇반도체로 2만불, 車로 3만불 시대…",한국 경제는 1인당 GDP가 1만달러 간격의 허들을 넘을 때마다 확실한 동력을 갖고 있었다.,국내공식통계,N,소득·임금,1인당 GDP,"GDP, 소득",-,-,-,,-,-,-,1994,-,Y,확정,2만162달러,KOSIS_VALUE,hcx,1인당 GDP,-,1994,Y,hcx,현재값,20162,-,-,N,달러,수준값,유지,특정시점,'4만불 엔진'은 안 보여 1만729달러(1994년)→2만162달러(2005년)→3만667달러(2014년).,high,N,-,N,0,0,HCX-007,v1.5-measurement-binding,2026-07-28,1인당 GDP,,1994,Y,달러,달러,currency,amount,unspecified,,Y,,
A1537-C014,A1537-C014-m3,A1537,"반도체로 2만불, 車로 3만불 시대… ‘4만불 엔진’ 안 보인다",2025-04-29,https://www.chosun.com/economy/economy_general/2025/04/29/FCDYUDVVLZFO3GHS4SZZ2HLIMM,‘4만불 엔진’은 안 보여 1만729달러(1994년)→2만162달러(2005년)→3만667달러(2014년).,"◇반도체로 2만불, 車로 3만불 시대…",한국 경제는 1인당 GDP가 1만달러 간격의 허들을 넘을 때마다 확실한 동력을 갖고 있었다.,국내공식통계,N,소득·임금,1인당 GDP,"GDP, 소득",-,-,-,,-,-,-,2005,-,Y,확정,3만667달러,KOSIS_VALUE,hcx,1인당 GDP,-,2005,Y,hcx,현재값,30667,-,-,N,달러,수준값,유지,특정시점,'4만불 엔진'은 안 보여 1만729달러(1994년)→2만162달러(2005년)→3만667달러(2014년).,high,N,-,N,0,0,HCX-007,v1.5-measurement-binding,2026-07-28,1인당 GDP,,1994,Y,달러,달러,currency,amount,unspecified,,Y,,
A0110-C005,A0110-C005-m2,A0110,"현대차그룹, 올해 국내에 24.3조원 투자…역대 최대 규모",2025-01-09,https://www.chosun.com/economy/auto/2025/01/09/GIDKZBPVBREK7JSF6LYJLEGVYA,"지난해 현대차그룹은 3년간 총 68조원을 국내에 투자한다고 밝혔는데, 지난해와 올해 통틀어 2년 동안에만 3분의 2에 달하는 44조7000억원을 투자하게 되는 셈이다.",올해 예고한 투자 규모는 지난해 집행한 20조4000억원보다 3조9000억원(19%) 늘어나 연간 기준으로 역대 최대다.,"현대차그룹은 지난해까지 역대 최대 분기 실적 등 성과를 거뒀지만, 올해 트럼프 2기 행정부 출범과 중국 BYD의 국내 진출 등 경영상의 변수를 극복하기 위해 국내 투자 규모를 크게 늘린 것으로 분석된다.",국내공식통계,N,소매·소비,총 투자 계획,"현대차그룹, 국내, 투자",-,-,-,자동차 산업,-,-,-,2025,-,Y,확정,68조원,KOSIS_VALUE,hcx,총 투자 계획,자동차 산업,2025,Y,hcx,현재값,68000000000000,-,-,N,원,수준값,-,-,"지난해 현대차그룹은 3년간 총 68조원을 국내에 투자한다고 밝혔는데, 지난해와 올해 통틀어 2년 동안에만 3분의 2에 달하는 44조7000억원을 투자하게 되는 셈이다.",high,Y,measurement_binding_fallback:2,Y,0,2,HCX-007,v1.5-measurement-binding,2026-07-28,투자규모,자동차,2025,Y,원,원,currency,amount,vehicle,,Y,,
A0110-C005,A0110-C005-m4,A0110,"현대차그룹, 올해 국내에 24.3조원 투자…역대 최대 규모",2025-01-09,https://www.chosun.com/economy/auto/2025/01/09/GIDKZBPVBREK7JSF6LYJLEGVYA,"지난해 현대차그룹은 3년간 총 68조원을 국내에 투자한다고 밝혔는데, 지난해와 올해 통틀어 2년 동안에만 3분의 2에 달하는 44조7000억원을 투자하게 되는 셈이다.",올해 예고한 투자 규모는 지난해 집행한 20조4000억원보다 3조9000억원(19%) 늘어나 연간 기준으로 역대 최대다.,"현대차그룹은 지난해까지 역대 최대 분기 실적 등 성과를 거뒀지만, 올해 트럼프 2기 행정부 출범과 중국 BYD의 국내 진출 등 경영상의 변수를 극복하기 위해 국내 투자 규모를 크게 늘린 것으로 분석된다.",국내공식통계,N,소매·소비,2년 간 투자,"현대차그룹, 국내, 투자",-,-,-,자동차 산업,-,-,-,2025,-,Y,확정,44조7000억원,KOSIS_VALUE,hcx,2년 간 투자,자동차 산업,2025,Y,hcx,현재값,44700000000000,-,-,N,원,수준값,-,-,"지난해 현대차그룹은 3년간 총 68조원을 국내에 투자한다고 밝혔는데, 지난해와 올해 통틀어 2년 동안에만 3분의 2에 달하는 44조7000억원을 투자하게 되는 셈이다.",high,Y,measurement_binding_fallback:2,Y,0,2,HCX-007,v1.5-measurement-binding,2026-07-28,투자규모,자동차,2025,Y,원,원,currency,amount,vehicle,,Y,,
A1699-C012,A1699-C012-m1,A1699,은행 영업점 줄폐쇄 대안… 국회 “편의점·대형마트로 은행대리업 확대해야”,2025-05-11,https://www.chosun.com/economy/money/2025/05/11/7GFGJU4TORJG7AEQ6VD5XBSOYE,은행 점포 수는 2012년 7836개로 정점을 찍은 후 매해 감소해 지난해까지 총 2044개가 사라졌다.,금융감독원과 한국은행 등에 따르면 지난해 말 기준 국내 은행 전체 점포 수는 5792개다.,온라인 비대면 거래가 전체 은행 거래의 90%를 넘어서면서 은행들이 오프라인 점포를 줄이고 있기 때문이다.,국내공식통계,N,금융·금리,은행 점포 수,"은행, 영업점, 폐쇄, 편의점, 대형마트, 은행대리업",-,-,-,,-,-,-,2012,-,Y,확정,7836개,KOSIS_VALUE,hcx,은행 점포 수,-,2012,Y,hcx,현재값,7836,-,-,N,개,수준값,감소,전년,은행 점포 수는 2012년 7836개로 정점을 찍은 후 매해 감소해 지난해까지 총 2044개가 사라졌다.,high,N,-,N,0,0,HCX-007,v1.5-measurement-binding,2026-07-28,은행 점포 수,,2024,Y,개,개,count,count,unspecified,,Y,,
A1699-C012,A1699-C012-m2,A1699,은행 영업점 줄폐쇄 대안… 국회 “편의점·대형마트로 은행대리업 확대해야”,2025-05-11,https://www.chosun.com/economy/money/2025/05/11/7GFGJU4TORJG7AEQ6VD5XBSOYE,은행 점포 수는 2012년 7836개로 정점을 찍은 후 매해 감소해 지난해까지 총 2044개가 사라졌다.,금융감독원과 한국은행 등에 따르면 지난해 말 기준 국내 은행 전체 점포 수는 5792개다.,온라인 비대면 거래가 전체 은행 거래의 90%를 넘어서면서 은행들이 오프라인 점포를 줄이고 있기 때문이다.,국내공식통계,N,금융·금리,은행 점포 수,"은행, 영업점, 폐쇄, 편의점, 대형마트, 은행대리업",-,-,-,,-,-,-,2024,-,Y,확정,2044개,KOSIS_VALUE,hcx,은행 점포 수,-,2024,Y,hcx,현재값,2044,-,-,N,개,수준값,감소,전년동기,은행 점포 수는 2012년 7836개로 정점을 찍은 후 매해 감소해 지난해까지 총 2044개가 사라졌다.,high,N,-,N,0,0,HCX-007,v1.5-measurement-binding,2026-07-28,은행 점포 수,,2024,Y,개,개,count,count,unspecified,,Y,,
A0354-C028,A0354-C028-m1,A0354,올해 한국 초고령사회 진입…영수증 누가 지불할 것인가,2025-01-28,https://www.chosun.com/economy/economy_general/2025/01/28/RQTVHZUIN5HRRDBROUKFY5NLFM,이들은 954만 명으로 인구의 18.6%를 차지한다.,1964~74년생 2차 베이비붐 세대는 우리나라 단일 세대 중 규모가 가장 크다.,"2024년부터 이들이 법정 은퇴 연령(60세)에 진입하기 시작하여, 향후 10년 후면 모두 은퇴 연령 진입을 완료한다.",국내공식통계,N,인구,2차 베이비붐 세대 인구,"베이비붐, 인구, 비율",-,-,-,,-,-,-,2025,-,Y,확정,954만 명,KOSIS_VALUE,hcx,2차 베이비붐 세대 인구,-,2025,Y,hcx,현재값,9540000,-,-,N,명,수준값,-,특정시점,이들은 954만 명으로 인구의 18.6%를 차지한다.,high,N,-,N,0,0,HCX-007,v1.5-measurement-binding,2026-07-28,2차 베이비붐 세대 인구 비중,,2025,Y,명,명,person_count,count,person,,Y,,
A0354-C028,A0354-C028-m2,A0354,올해 한국 초고령사회 진입…영수증 누가 지불할 것인가,2025-01-28,https://www.chosun.com/economy/economy_general/2025/01/28/RQTVHZUIN5HRRDBROUKFY5NLFM,이들은 954만 명으로 인구의 18.6%를 차지한다.,1964~74년생 2차 베이비붐 세대는 우리나라 단일 세대 중 규모가 가장 크다.,"2024년부터 이들이 법정 은퇴 연령(60세)에 진입하기 시작하여, 향후 10년 후면 모두 은퇴 연령 진입을 완료한다.",국내공식통계,N,인구,2차 베이비붐 세대 인구 비중,"베이비붐, 인구, 비율",-,-,-,,-,-,-,2025,-,Y,확정,18.6%,KOSIS_VALUE,hcx,2차 베이비붐 세대 인구 비중,-,2025,Y,hcx,현재값,18.6,-,-,N,%,비중,-,특정시점,이들은 954만 명으로 인구의 18.6%를 차지한다.,high,N,-,N,0,0,HCX-007,v1.5-measurement-binding,2026-07-28,2차 베이비붐 세대 인구 비중,,2025,Y,%,%,rate,level,person,,Y,,
A2129-C007,A2129-C007-m1,A2129,"국내 1000대 기업, 지난해 R&D 투자 84조 ‘역대 최대’",2025-06-13,https://www.chosun.com/economy/industry-company/2025/06/13/PJY2XV4BMNAAPBJD73PL5OLMII,덕분에 기업 매출액에서 차지하는 R&D 투자액 비율도 4.8%로 조사 시작 이래 가장 높았다.,"매년 증가해 온 R&D 투자액과 달리, 전년 대비 증가율은 2022년(10.5%)을 제외하면 최근 10년간 10% 미만에서 들쑥날쑥했는데 작년엔 처음으로 15%를 넘었다.",주요 기업들이 매출이 늘어난 것보다 큰 폭으로 R&D 투자금을 늘렸다는 뜻이다.,국내공식통계,N,소매·소비,R&D 투자액 비율,"국내 1000대 기업, R&D 투자, 매출액",-,-,-,,-,-,-,2024,-,Y,확정,4.8%,KOSIS_VALUE,hcx,R&D 투자액 비율,-,2024,Y,hcx,현재값,4.8,-,-,N,%,비중,유지,전년,덕분에 기업 매출액에서 차지하는 R&D 투자액 비율도 4.8%로 조사 시작 이래 가장 높았다.,high,N,-,N,0,0,HCX-007,v1.5-measurement-binding,2026-07-28,R&D 투자액 비율,,2024,Y,%,%,rate,rate_level,unspecified,,Y,,
A1451-C004,A1451-C004-m1,A1451,"대기업 여성 연봉, 남성 70% 수준…상사 기업에서 격차 가장 커",2025-04-22,https://www.chosun.com/economy/industry-company/2025/04/22/BYCTML74DFCA3HLEJIUNEUKDDI,"2023년 68.6%에서 1.5%포인트 높아진 수치로, 2022년(66.9%)에 이어 점진적으로 오르며 남녀 성별 간 임금 격차가 다소 줄었다.","22일 기업 데이터 분석 기관 리더스인덱스가 국내 500대 기업의 남녀 직원 평균 연봉 및 근속 연수 현황을 조사한 결과, 2024년 기준 여성 평균 연봉은 7405만원으로 남성(1억561만원)의 70.1% 수준이었다.",그러나 근속연수를 기준으로 보면 남녀 격차는 여전했다.,국내공식통계,Y,소득·임금,여성 평균 연봉 대비 남성 평균 연봉 비율,"대기업, 여성 연봉, 남성, 70%, 상사 기업, 임금 격차",-,-,-,,-,-,-,2023,-,Y,확정,68.6%,KOSIS_VALUE,hcx,여성 평균 연봉 대비 남성 평균 연봉 비율,-,2023,Y,hcx,증감률,68.6,-,-,N,%,증감률,감소,전년,"2023년 68.6%에서 1.5%포인트 높아진 수치로, 2022년(66.9%)에 이어 점진적으로 오르며 남녀 성별 간 임금 격차가 다소 줄었다.",high,N,-,N,0,0,HCX-007,v1.5-measurement-binding,2026-07-28,여성 평균 연봉 대비 남성 평균 연봉 비율,,2023,Y,%,%,rate,rate_change,unspecified,2022,Y,,
A1451-C004,A1451-C004-m2,A1451,"대기업 여성 연봉, 남성 70% 수준…상사 기업에서 격차 가장 커",2025-04-22,https://www.chosun.com/economy/industry-company/2025/04/22/BYCTML74DFCA3HLEJIUNEUKDDI,"2023년 68.6%에서 1.5%포인트 높아진 수치로, 2022년(66.9%)에 이어 점진적으로 오르며 남녀 성별 간 임금 격차가 다소 줄었다.","22일 기업 데이터 분석 기관 리더스인덱스가 국내 500대 기업의 남녀 직원 평균 연봉 및 근속 연수 현황을 조사한 결과, 2024년 기준 여성 평균 연봉은 7405만원으로 남성(1억561만원)의 70.1% 수준이었다.",그러나 근속연수를 기준으로 보면 남녀 격차는 여전했다.,국내공식통계,Y,소득·임금,여성 평균 연봉 대비 남성 평균 연봉 비율,"대기업, 여성 연봉, 남성, 70%, 상사 기업, 임금 격차",-,-,-,,-,-,-,2023,-,Y,확정,1.5%,KOSIS_VALUE,hcx,여성 평균 연봉 대비 남성 평균 연봉 비율,-,2023,Y,hcx,증감률,1.5,-,-,N,%,증감률,감소,전년,"2023년 68.6%에서 1.5%포인트 높아진 수치로, 2022년(66.9%)에 이어 점진적으로 오르며 남녀 성별 간 임금 격차가 다소 줄었다.",high,N,-,N,0,0,HCX-007,v1.5-measurement-binding,2026-07-28,여성 평균 연봉 대비 남성 평균 연봉 비율,,2023,Y,%,%,rate,rate_change,unspecified,2022,Y,,
A1451-C004,A1451-C004-m3,A1451,"대기업 여성 연봉, 남성 70% 수준…상사 기업에서 격차 가장 커",2025-04-22,https://www.chosun.com/economy/industry-company/2025/04/22/BYCTML74DFCA3HLEJIUNEUKDDI,"2023년 68.6%에서 1.5%포인트 높아진 수치로, 2022년(66.9%)에 이어 점진적으로 오르며 남녀 성별 간 임금 격차가 다소 줄었다.","22일 기업 데이터 분석 기관 리더스인덱스가 국내 500대 기업의 남녀 직원 평균 연봉 및 근속 연수 현황을 조사한 결과, 2024년 기준 여성 평균 연봉은 7405만원으로 남성(1억561만원)의 70.1% 수준이었다.",그러나 근속연수를 기준으로 보면 남녀 격차는 여전했다.,국내공식통계,Y,소득·임금,여성 평균 연봉 대비 남성 평균 연봉 비율,"대기업, 여성 연봉, 남성, 70%, 상사 기업, 임금 격차",-,-,-,,-,-,-,2022,-,Y,확정,66.9%,KOSIS_VALUE,hcx,여성 평균 연봉 대비 남성 평균 연봉 비율,-,2022,Y,hcx,증감률,66.9,-,-,N,%,증감률,감소,전년,"2023년 68.6%에서 1.5%포인트 높아진 수치로, 2022년(66.9%)에 이어 점진적으로 오르며 남녀 성별 간 임금 격차가 다소 줄었다.",high,N,-,N,0,0,HCX-007,v1.5-measurement-binding,2026-07-28,여성 평균 연봉 대비 남성 평균 연봉 비율,,2023,Y,%,%,rate,rate_change,unspecified,2021,Y,,
A2393-C011,A2393-C011-m2,A2393,"1955년엔 전쟁 여파 ‘불구 상태’, 2020년부터는 ‘혼자 산 기간’ 조사",2025-07-04,https://www.chosun.com/economy/economy_general/2025/07/04/3TM7NWTGMBHMBB7OVKWWMTLA6E,1930년 당시 조선인 인구 2043만명 중 1588만8127명(77.8%)이 ‘가나와 국문을 둘 다 못 하는 자’로 집계됐다.,1930년 시작됐던 문맹 여부 조사는 의무교육제 도입 등으로 문맹률이 낮아지면서 1970년을 끝으로 사라졌다.,"1960년에는 13세 이상 인구 중 문맹자 수가 445만4004명으로 크게 줄었고, 1970년에는 학교에 입학하지 않은 6세 이상 인구(약 512만명) 중 글을 모른다고 응답한 인구가 229만9323명으로 나타났다.",국내공식통계,N,인구,총 인구,"조선인 인구, 문맹 여부, 가나와 국문, 1930년",-,-,-,,-,-,-,1930,-,Y,확정,조선인 인구 2043만명,KOSIS_VALUE,hcx,총 인구,-,1930,Y,hcx,현재값,20430000,-,-,N,명,수준값,-,-,1930년 당시 조선인 인구 2043만명 중 1588만8127명(77.8%)이 ‘가나와 국문을 둘 다 못 하는 자’로 집계됐다.,high,N,-,Y,0,0,HCX-007,v1.5-measurement-binding,2026-07-28,문맹률,,1930,Y,명,명,person_count,count,person,,Y,,
A2393-C011,A2393-C011-m3,A2393,"1955년엔 전쟁 여파 ‘불구 상태’, 2020년부터는 ‘혼자 산 기간’ 조사",2025-07-04,https://www.chosun.com/economy/economy_general/2025/07/04/3TM7NWTGMBHMBB7OVKWWMTLA6E,1930년 당시 조선인 인구 2043만명 중 1588만8127명(77.8%)이 ‘가나와 국문을 둘 다 못 하는 자’로 집계됐다.,1930년 시작됐던 문맹 여부 조사는 의무교육제 도입 등으로 문맹률이 낮아지면서 1970년을 끝으로 사라졌다.,"1960년에는 13세 이상 인구 중 문맹자 수가 445만4004명으로 크게 줄었고, 1970년에는 학교에 입학하지 않은 6세 이상 인구(약 512만명) 중 글을 모른다고 응답한 인구가 229만9323명으로 나타났다.",국내공식통계,N,인구,문맹자 수,"조선인 인구, 문맹 여부, 가나와 국문, 1930년",-,-,-,,-,-,-,1930,-,Y,확정,'가나와 국문을 둘 다 못 하는 자',KOSIS_VALUE,hcx,문맹자 수,-,1930,Y,hcx,현재값,15888127,-,-,N,명,수준값,-,-,1930년 당시 조선인 인구 2043만명 중 1588만8127명(77.8%)이 ‘가나와 국문을 둘 다 못 하는 자’로 집계됐다.,high,N,-,Y,0,0,HCX-007,v1.5-measurement-binding,2026-07-28,문맹률,,1930,Y,명,명,person_count,count,unspecified,,Y,,
A2393-C011,A2393-C011-m4,A2393,"1955년엔 전쟁 여파 ‘불구 상태’, 2020년부터는 ‘혼자 산 기간’ 조사",2025-07-04,https://www.chosun.com/economy/economy_general/2025/07/04/3TM7NWTGMBHMBB7OVKWWMTLA6E,1930년 당시 조선인 인구 2043만명 중 1588만8127명(77.8%)이 ‘가나와 국문을 둘 다 못 하는 자’로 집계됐다.,1930년 시작됐던 문맹 여부 조사는 의무교육제 도입 등으로 문맹률이 낮아지면서 1970년을 끝으로 사라졌다.,"1960년에는 13세 이상 인구 중 문맹자 수가 445만4004명으로 크게 줄었고, 1970년에는 학교에 입학하지 않은 6세 이상 인구(약 512만명) 중 글을 모른다고 응답한 인구가 229만9323명으로 나타났다.",국내공식통계,N,인구,문맹률,"조선인 인구, 문맹 여부, 가나와 국문, 1930년",-,-,-,,-,-,-,1930,-,Y,확정,77.8%,KOSIS_VALUE,hcx,문맹률,-,1930,Y,hcx,현재값,77.8,-,-,N,%,비중,-,-,1930년 당시 조선인 인구 2043만명 중 1588만8127명(77.8%)이 ‘가나와 국문을 둘 다 못 하는 자’로 집계됐다.,high,N,-,Y,0,0,HCX-007,v1.5-measurement-binding,2026-07-28,문맹률,,1930,Y,%,%,rate,level,unspecified,,Y,,
A1118-C031,A1118-C031-m1,A1118,"대미 수출의 27%, 車가 흔들린다… GM의 한국 공장 최대 타격",2025-03-28,https://www.chosun.com/economy/auto/2025/03/28/7PKR6UAHUZCMZOYVHUBNJ76PNU,"국내 자동차 부품 업계의 대미 수출액은 지난해 82억2200만달러(약 12조원)로, 전체 수출액의 36.5%를 차지한다.",또 트럼프 행정부는 ‘자동차 핵심 부품’에도 관세를 부과하기로 해 대다수 부품 업체가 관세 영향권 아래 놓였다는 관측도 나온다.,특히 영세한 곳이 많다 보니 관세와 같은 충격에는 속수무책이다.,국내공식통계,Y,무역,대미 수출액,"자동차 부품, 수출액, 관세",-,-,-,자동차 부품,-,-,미국,2024,-,Y,확정,82억2200만달러,KOSIS_VALUE,hcx,대미 수출액,자동차 부품,2024,Y,hcx,현재값,8222000000,-,-,N,달러,수준값,-,전년,"국내 자동차 부품 업계의 대미 수출액은 지난해 82억2200만달러(약 12조원)로, 전체 수출액의 36.5%를 차지한다.",high,N,-,N,0,0,HCX-007,v1.5-measurement-binding,2026-07-28,대미 수출액,자동차 부품,2024,Y,달러,달러,currency,amount,vehicle,,Y,,
A1118-C031,A1118-C031-m2,A1118,"대미 수출의 27%, 車가 흔들린다… GM의 한국 공장 최대 타격",2025-03-28,https://www.chosun.com/economy/auto/2025/03/28/7PKR6UAHUZCMZOYVHUBNJ76PNU,"국내 자동차 부품 업계의 대미 수출액은 지난해 82억2200만달러(약 12조원)로, 전체 수출액의 36.5%를 차지한다.",또 트럼프 행정부는 ‘자동차 핵심 부품’에도 관세를 부과하기로 해 대다수 부품 업체가 관세 영향권 아래 놓였다는 관측도 나온다.,특히 영세한 곳이 많다 보니 관세와 같은 충격에는 속수무책이다.,국내공식통계,Y,무역,대미 수출액,"자동차 부품, 수출액, 관세",-,-,-,자동차 부품,-,-,미국,2024,-,Y,확정,12조원,KOSIS_VALUE,hcx,대미 수출액,자동차 부품,2024,Y,hcx,현재값,12000000000000,-,-,Y,원,수준값,-,전년,"국내 자동차 부품 업계의 대미 수출액은 지난해 82억2200만달러(약 12조원)로, 전체 수출액의 36.5%를 차지한다.",high,N,-,N,0,0,HCX-007,v1.5-measurement-binding,2026-07-28,대미 수출액,자동차 부품,2024,Y,원,원,currency,amount,vehicle,,Y,,
A1118-C031,A1118-C031-m3,A1118,"대미 수출의 27%, 車가 흔들린다… GM의 한국 공장 최대 타격",2025-03-28,https://www.chosun.com/economy/auto/2025/03/28/7PKR6UAHUZCMZOYVHUBNJ76PNU,"국내 자동차 부품 업계의 대미 수출액은 지난해 82억2200만달러(약 12조원)로, 전체 수출액의 36.5%를 차지한다.",또 트럼프 행정부는 ‘자동차 핵심 부품’에도 관세를 부과하기로 해 대다수 부품 업체가 관세 영향권 아래 놓였다는 관측도 나온다.,특히 영세한 곳이 많다 보니 관세와 같은 충격에는 속수무책이다.,국내공식통계,Y,무역,대미 수출 비중,"자동차 부품, 수출액, 관세",-,-,-,자동차 부품,-,-,미국,2024,-,Y,확정,36.5%,KOSIS_VALUE,hcx,대미 수출 비중,자동차 부품,2024,Y,hcx,현재값,36.5,-,-,N,%,비중,-,전년,"국내 자동차 부품 업계의 대미 수출액은 지난해 82억2200만달러(약 12조원)로, 전체 수출액의 36.5%를 차지한다.",high,N,-,N,0,0,HCX-007,v1.5-measurement-binding,2026-07-28,대미 수출액,자동차 부품,2024,Y,%,%,rate,level,vehicle,,Y,,
A0604-C011,A0604-C011-m1,A0604,“개미 돌아오나”… 국내 증시 훈풍에 거래대금 ‘쑥’,2025-02-16,https://www.chosun.com/economy/money/2025/02/16/5HANXJSFJBXULT43QBI22PKIPA,"올해 들어 코스피지수는 7.7% 올랐고, 코스닥지수는 13.6% 더 큰 폭 상승했다.","올해 코스닥시장의 일평균 거래대금은 7조7000억원 수준으로, 지난해 12월(6조5000억원)보다 크게 늘었다.",새해 국내 주식시장의 거래대금이 증가한 것은 트럼프 2기 행정부 출범 이후 수혜 업종 찾기가 한창인 상황에서 나타난 현상이다.,국내공식통계,N,금융·금리,코스피지수 상승률,"거래대금, 코스피지수, 코스닥지수",-,-,-,,-,-,-,2025,-,Y,확정,7.7%,KOSIS_VALUE,hcx,코스피지수 상승률,-,2025,Y,hcx,증감률,7.7,-,-,N,%,증감률,증가,전년,"올해 들어 코스피지수는 7.7% 올랐고, 코스닥지수는 13.6% 더 큰 폭 상승했다.",high,N,-,N,0,0,HCX-007,v1.5-measurement-binding,2026-07-28,지수 상승률,,2025,Y,%,%,rate,rate_change,unspecified,2024,Y,,
A0604-C011,A0604-C011-m2,A0604,“개미 돌아오나”… 국내 증시 훈풍에 거래대금 ‘쑥’,2025-02-16,https://www.chosun.com/economy/money/2025/02/16/5HANXJSFJBXULT43QBI22PKIPA,"올해 들어 코스피지수는 7.7% 올랐고, 코스닥지수는 13.6% 더 큰 폭 상승했다.","올해 코스닥시장의 일평균 거래대금은 7조7000억원 수준으로, 지난해 12월(6조5000억원)보다 크게 늘었다.",새해 국내 주식시장의 거래대금이 증가한 것은 트럼프 2기 행정부 출범 이후 수혜 업종 찾기가 한창인 상황에서 나타난 현상이다.,국내공식통계,N,금융·금리,코스닥지수 상승률,"거래대금, 코스피지수, 코스닥지수",-,-,-,,-,-,-,2025,-,Y,확정,13.6%,KOSIS_VALUE,hcx,코스닥지수 상승률,-,2025,Y,hcx,증감률,13.6,-,-,N,%,증감률,증가,전년,"올해 들어 코스피지수는 7.7% 올랐고, 코스닥지수는 13.6% 더 큰 폭 상승했다.",high,N,-,N,0,0,HCX-007,v1.5-measurement-binding,2026-07-28,지수 상승률,,2025,Y,%,%,rate,rate_change,unspecified,2024,Y,,
A0600-C009,A0600-C009-m1,A0600,빚 못 갚은 자영업자 중 60대 이상이 가장 많았던 이유,2025-02-16,https://www.chosun.com/economy/economy_general/2025/02/16/JPSR6CUW55HPNKX73PTUAYO4RA,작년 우리나라 소매 판매액은 2.2% 줄어 신용카드 대란 사태가 있던 2003년(-3.2%) 이후 21년 만에 가장 큰 폭으로 줄었다.,개인사업자의 빚 부담이 커진 것은 장기화하고 있는 내수 침체가 영향을 줬다는 분석이 나온다.,특히 개인 사업자 중에서도 고령층의 부담이 더 컸다.,국내공식통계,N,소매·소비,소매 판매액,"소매 판매액, 증감률",-,-,-,,-,-,-,2024,-,Y,확정,2.2%,KOSIS_VALUE,hcx,소매 판매액,-,2024,Y,hcx,증감률,2.2,-,-,N,%,증감률,감소,전년,작년 우리나라 소매 판매액은 2.2% 줄어 신용카드 대란 사태가 있던 2003년(-3.2%) 이후 21년 만에 가장 큰 폭으로 줄었다.,high,N,-,N,0,0,HCX-007,v1.5-measurement-binding,2026-07-28,소매 판매액 증감률,,2024,Y,%,%,rate,rate_change,unspecified,2023,Y,,
A0600-C009,A0600-C009-m2,A0600,빚 못 갚은 자영업자 중 60대 이상이 가장 많았던 이유,2025-02-16,https://www.chosun.com/economy/economy_general/2025/02/16/JPSR6CUW55HPNKX73PTUAYO4RA,작년 우리나라 소매 판매액은 2.2% 줄어 신용카드 대란 사태가 있던 2003년(-3.2%) 이후 21년 만에 가장 큰 폭으로 줄었다.,개인사업자의 빚 부담이 커진 것은 장기화하고 있는 내수 침체가 영향을 줬다는 분석이 나온다.,특히 개인 사업자 중에서도 고령층의 부담이 더 컸다.,국내공식통계,N,소매·소비,소매 판매액,"소매 판매액, 증감률",-,-,-,,-,-,-,2003,-,Y,확정,3.2%,KOSIS_VALUE,hcx,소매 판매액,-,2003,Y,hcx,증감률,3.2,-,-,N,%,증감률,감소,전년,작년 우리나라 소매 판매액은 2.2% 줄어 신용카드 대란 사태가 있던 2003년(-3.2%) 이후 21년 만에 가장 큰 폭으로 줄었다.,high,N,-,N,0,0,HCX-007,v1.5-measurement-binding,2026-07-28,소매 판매액 증감률,,2024,Y,%,%,rate,rate_change,unspecified,2002,Y,,
A1964-C004,A1964-C004-m1,A1964,"10년 전보다 지출 3.3%p 줄어… 2030은 소득 감소, 60대는 노후불안",2025-06-01,https://www.chosun.com/economy/industry-company/2025/06/01/MTWGGBPM3BAEVKO7NHOHPYORY4,"예전에는 100만 원을 벌면 73만 6000원을 썼다면, 지금은 100만 원을 벌어도 70만 3000원만 쓴다는 뜻이다.","대한상공회의소가 1일 발간한 ‘세대별 소비성향 변화와 시사점’ 보고서에 따르면, 전 연령대에서 소득 대비 소비지출 비중(평균소비성향)이 2014년 73.6%에서 2024년 70.3%로 3.3%포인트 하락한 것으로 나타났다.",버는 돈에 비해 쓰는 돈이 줄어든 것이다.,국내공식통계,N,소매·소비,소득 대비 소비지출 비중,"지출, 소득, 세대별 소비성향 변화",-,-,-,,-,-,-,2024,-,Y,확정,100만 원,KOSIS_VALUE,hcx,소득 대비 소비지출 비중,-,2024,Y,hcx,현재값,1000000,-,-,N,원,수준값,유지,전년,"예전에는 100만 원을 벌면 73만 6000원을 썼다면, 지금은 100만 원을 벌어도 70만 3000원만 쓴다는 뜻이다.",high,N,-,Y,0,0,HCX-007,v1.5-measurement-binding,2026-07-28,평균소비성향,,2024,Y,원,원,currency,amount,unspecified,,Y,,
A1964-C004,A1964-C004-m3,A1964,"10년 전보다 지출 3.3%p 줄어… 2030은 소득 감소, 60대는 노후불안",2025-06-01,https://www.chosun.com/economy/industry-company/2025/06/01/MTWGGBPM3BAEVKO7NHOHPYORY4,"예전에는 100만 원을 벌면 73만 6000원을 썼다면, 지금은 100만 원을 벌어도 70만 3000원만 쓴다는 뜻이다.","대한상공회의소가 1일 발간한 ‘세대별 소비성향 변화와 시사점’ 보고서에 따르면, 전 연령대에서 소득 대비 소비지출 비중(평균소비성향)이 2014년 73.6%에서 2024년 70.3%로 3.3%포인트 하락한 것으로 나타났다.",버는 돈에 비해 쓰는 돈이 줄어든 것이다.,국내공식통계,N,소매·소비,소득 대비 소비지출 비중,"지출, 소득, 세대별 소비성향 변화",-,-,-,,-,-,-,2024,-,Y,확정,70만 3000원,KOSIS_VALUE,hcx,소득 대비 소비지출 비중,-,2024,Y,hcx,현재값,3000,-,-,N,원,수준값,감소,전년,"예전에는 100만 원을 벌면 73만 6000원을 썼다면, 지금은 100만 원을 벌어도 70만 3000원만 쓴다는 뜻이다.",high,N,-,Y,0,0,HCX-007,v1.5-measurement-binding,2026-07-28,평균소비성향,,2024,Y,원,원,currency,amount,unspecified,,Y,,
A0348-C024,A0348-C024-m1,A0348,연휴에 백화점‧아웃렛 헛걸음 안하려면…어디어디 문 열까,2025-01-27,https://www.chosun.com/economy/market_trend/2025/01/27/QU4QJ2RXYFDJLBJDKEIQYAPCOI,"신세계사이먼에 따르면 설 명절 전후 이틀간 아웃렛을 찾은 차량 수는 2023년 전년대비 13% 증가하고, 2024년 10% 증가했다.","2024년 설 연휴 기간 일평균 매출은 전년 대비 26.6% 올랐고, 고객수는 22.4% 올랐다.","업계 관계자는 “명절 문화가 간소화 되면서 연휴 기간 귀향하지 않고, 근교에 나들이를 즐기는 인구가 늘어나면서 교외형 아웃렛을 중심으로 가족 단위 방문 고객이 증가한 것으로 본다”고 했다.",국내공식통계,Y,소매·소비,차량 수 증가율,"백화점, 아웃렛, 차량 수, 증가율",-,-,-,,-,-,-,2023,-,Y,확정,13%,KOSIS_VALUE,hcx,차량 수 증가율,-,2023,Y,hcx,증감률,13,-,-,N,%,증감률,증가,전년,"신세계사이먼에 따르면 설 명절 전후 이틀간 아웃렛을 찾은 차량 수는 2023년 전년대비 13% 증가하고, 2024년 10% 증가했다.",high,N,-,N,0,0,HCX-007,v1.5-measurement-binding,2026-07-28,차량 수 증가율,,2023,Y,%,%,rate,rate_change,vehicle,2022,Y,,
A0348-C024,A0348-C024-m2,A0348,연휴에 백화점‧아웃렛 헛걸음 안하려면…어디어디 문 열까,2025-01-27,https://www.chosun.com/economy/market_trend/2025/01/27/QU4QJ2RXYFDJLBJDKEIQYAPCOI,"신세계사이먼에 따르면 설 명절 전후 이틀간 아웃렛을 찾은 차량 수는 2023년 전년대비 13% 증가하고, 2024년 10% 증가했다.","2024년 설 연휴 기간 일평균 매출은 전년 대비 26.6% 올랐고, 고객수는 22.4% 올랐다.","업계 관계자는 “명절 문화가 간소화 되면서 연휴 기간 귀향하지 않고, 근교에 나들이를 즐기는 인구가 늘어나면서 교외형 아웃렛을 중심으로 가족 단위 방문 고객이 증가한 것으로 본다”고 했다.",국내공식통계,Y,소매·소비,차량 수 증가율,"백화점, 아웃렛, 차량 수, 증가율",-,-,-,,-,-,-,2024,-,Y,확정,10%,KOSIS_VALUE,hcx,차량 수 증가율,-,2024,Y,hcx,증감률,10,-,-,N,%,증감률,증가,전년,"신세계사이먼에 따르면 설 명절 전후 이틀간 아웃렛을 찾은 차량 수는 2023년 전년대비 13% 증가하고, 2024년 10% 증가했다.",high,N,-,N,0,0,HCX-007,v1.5-measurement-binding,2026-07-28,차량 수 증가율,,2023,Y,%,%,rate,rate_change,vehicle,2023,Y,,
A0368-C012,A0368-C012-m1,A0368,내수 부진에 계엄·탄핵 ‘겹악재’...청년 고용률 43개월 만에 최저,2025-01-29,https://www.chosun.com/economy/economy_general/2025/01/29/K4EFBRTSPNCKPIDHOQOSPUXDTM,그나마 당시 반도체 경기가 워낙 좋았던 덕분에 수출·투자가 견실하게 버텨주며 2017년 3월부터 증가폭(0.9%포인트)을 끌어올릴 수 있었다.,"박 전 대통령 탄핵 소추안이 통과된 2016년 12월 청년 고용률은 0.4%포인트 증가세로 전환했지만, 이듬해인 2017년 1~2월 청년 고용률 증가세는 각각 0.2%포인트씩으로 둔화됐다.",◇朴 탄핵 당시와 정반대인 국제 경기 상황 문제는 이번 윤석열 대통령의 계엄과 탄핵 소추를 전후한 글로벌 경제 상황은 박 전 대통령 당시에 비해 훨씬 나쁘다는 점이다.,국내공식통계,N,고용,청년 고용률,"내수 부진, 계엄, 탄핵, 청년, 고용률",-,청년,-,,-,-,-,2017,-,Y,확정,0.9%,KOSIS_VALUE,hcx,청년 고용률,-,2017,Y,hcx,증감률,0.9,-,-,N,%,증감률,증가,전분기,그나마 당시 반도체 경기가 워낙 좋았던 덕분에 수출·투자가 견실하게 버텨주며 2017년 3월부터 증가폭(0.9%포인트)을 끌어올릴 수 있었다.,high,N,-,N,0,0,HCX-007,v1.5-measurement-binding,2026-07-28,청년 고용률,,2017Q1,Q,%,%,rate,rate_change,unspecified,,Y,,
A0873-C007,A0873-C007-m1,A0873,중소기업 고령화 심화...직원 중 절반은 50세 이상,2025-03-09,https://www.chosun.com/economy/industry-company/2025/03/09/5LCMRV45ANG2FOSJCWA4DIICPQ,"채용계획이 없다는 응답은 32.3%, 축소하겠다는 대답은 12.1%로 나타났고, 작년 수준 유지는 42.8%, 지난해보다 채용 확대는 12.9%에 불과했다.",하지만 응답 기업의 44.4%가 올해 신규 채용 계획이 없거나 전년보다 축소하겠다고 했다.,이는 경기 둔화와 경제심리 위축에 따른 것으로 보인다고 중소벤처연구원은 분석했다.,국내공식통계,N,고용,채용계획 없음 비율,"중소기업, 직원, 50세 이상, 신규 채용 계획, 경기 둔화, 경제심리 위축",-,-,-,,응답 기업,-,-,2025,-,Y,확정,32.3%,KOSIS_VALUE,hcx,채용계획 없음 비율,-,2025,Y,hcx,현재값,32.3,-,-,N,%,수준값,유지,전년,"[검증 대상 문장] 채용계획이 없다는 응답은 32.3%, 축소하겠다는 대답은 12.1%로 나타났고, 작년 수준 유지는 42.8%, 지난해보다 채용 확대는 12.9%에 불과했다.",high,N,-,N,0,0,HCX-007,v1.5-measurement-binding,2026-07-28,신규 채용 계획 비율,,2025,Y,%,%,rate,rate_level,unspecified,,Y,,
A0873-C007,A0873-C007-m2,A0873,중소기업 고령화 심화...직원 중 절반은 50세 이상,2025-03-09,https://www.chosun.com/economy/industry-company/2025/03/09/5LCMRV45ANG2FOSJCWA4DIICPQ,"채용계획이 없다는 응답은 32.3%, 축소하겠다는 대답은 12.1%로 나타났고, 작년 수준 유지는 42.8%, 지난해보다 채용 확대는 12.9%에 불과했다.",하지만 응답 기업의 44.4%가 올해 신규 채용 계획이 없거나 전년보다 축소하겠다고 했다.,이는 경기 둔화와 경제심리 위축에 따른 것으로 보인다고 중소벤처연구원은 분석했다.,국내공식통계,N,고용,채용계획 축소 비율,"중소기업, 직원, 50세 이상, 신규 채용 계획, 경기 둔화, 경제심리 위축",-,-,-,,응답 기업,-,-,2025,-,Y,확정,12.1%,KOSIS_VALUE,hcx,채용계획 축소 비율,-,2025,Y,hcx,현재값,12.1,-,-,N,%,수준값,유지,전년,"[검증 대상 문장] 채용계획이 없다는 응답은 32.3%, 축소하겠다는 대답은 12.1%로 나타났고, 작년 수준 유지는 42.8%, 지난해보다 채용 확대는 12.9%에 불과했다.",high,N,-,N,0,0,HCX-007,v1.5-measurement-binding,2026-07-28,신규 채용 계획 비율,,2025,Y,%,%,rate,rate_level,unspecified,,Y,,
A0873-C007,A0873-C007-m3,A0873,중소기업 고령화 심화...직원 중 절반은 50세 이상,2025-03-09,https://www.chosun.com/economy/industry-company/2025/03/09/5LCMRV45ANG2FOSJCWA4DIICPQ,"채용계획이 없다는 응답은 32.3%, 축소하겠다는 대답은 12.1%로 나타났고, 작년 수준 유지는 42.8%, 지난해보다 채용 확대는 12.9%에 불과했다.",하지만 응답 기업의 44.4%가 올해 신규 채용 계획이 없거나 전년보다 축소하겠다고 했다.,이는 경기 둔화와 경제심리 위축에 따른 것으로 보인다고 중소벤처연구원은 분석했다.,국내공식통계,N,고용,채용계획 유지 비율,"중소기업, 직원, 50세 이상, 신규 채용 계획, 경기 둔화, 경제심리 위축",-,-,-,,응답 기업,-,-,2025,-,Y,확정,42.8%,KOSIS_VALUE,hcx,채용계획 유지 비율,-,2025,Y,hcx,현재값,42.8,-,-,N,%,수준값,유지,전년,"[검증 대상 문장] 채용계획이 없다는 응답은 32.3%, 축소하겠다는 대답은 12.1%로 나타났고, 작년 수준 유지는 42.8%, 지난해보다 채용 확대는 12.9%에 불과했다.",high,N,-,N,0,0,HCX-007,v1.5-measurement-binding,2026-07-28,신규 채용 계획 비율,,2025,Y,%,%,rate,rate_level,unspecified,,Y,,
A0873-C007,A0873-C007-m4,A0873,중소기업 고령화 심화...직원 중 절반은 50세 이상,2025-03-09,https://www.chosun.com/economy/industry-company/2025/03/09/5LCMRV45ANG2FOSJCWA4DIICPQ,"채용계획이 없다는 응답은 32.3%, 축소하겠다는 대답은 12.1%로 나타났고, 작년 수준 유지는 42.8%, 지난해보다 채용 확대는 12.9%에 불과했다.",하지만 응답 기업의 44.4%가 올해 신규 채용 계획이 없거나 전년보다 축소하겠다고 했다.,이는 경기 둔화와 경제심리 위축에 따른 것으로 보인다고 중소벤처연구원은 분석했다.,국내공식통계,N,고용,채용계획 확대 비율,"중소기업, 직원, 50세 이상, 신규 채용 계획, 경기 둔화, 경제심리 위축",-,-,-,,응답 기업,-,-,2025,-,Y,확정,12.9%,KOSIS_VALUE,hcx,채용계획 확대 비율,-,2025,Y,hcx,현재값,12.9,-,-,N,%,수준값,유지,전년,"[검증 대상 문장] 채용계획이 없다는 응답은 32.3%, 축소하겠다는 대답은 12.1%로 나타났고, 작년 수준 유지는 42.8%, 지난해보다 채용 확대는 12.9%에 불과했다.",high,N,-,N,0,0,HCX-007,v1.5-measurement-binding,2026-07-28,신규 채용 계획 비율,,2025,Y,%,%,rate,rate_level,unspecified,,Y,,
A0189-C006,A0189-C006-m1,A0189,고환율 쓰나미...수입물가 전년대비 7% 올라,2025-01-15,https://www.chosun.com/economy/economy_general/2025/01/15/A7RGQGDZHBAYLEWBZEBFOJULHM,작년 같은 기간과 비교하면 7%나 올랐다.,"수입 물가지수는 작년 10월(2.1%), 11월(0.9%) 등으로 석 달 연속 전월에 비해 오르고 있다.",한은 관계자는 “두바이 유가가 전월대비 0.9% 뛰는 등 국제유가가 오르고 원달러 환율이 오른 영향”이라고 설명했다.,국내공식통계,Y,물가,수입물가지수,"고환율, 수입물가, 전년 대비",-,-,-,,-,-,-,2024,-,Y,확정,7%,KOSIS_VALUE,hcx,수입물가지수,-,2024,Y,hcx,증감률,7,-,-,N,%,증감률,증가,전년,작년 같은 기간과 비교하면 7%나 올랐다.,high,N,-,N,0,0,HCX-007,v1.5-measurement-binding,2026-07-28,수입물가지수,,2024,Y,%,%,rate,rate_change,unspecified,2023,Y,,
A2342-C013,A2342-C013-m1,A2342,’국민 횟감‘ 광어‧우럭 값 껑충…원인은 양식장 ’초유의 상황',2025-06-30,https://www.chosun.com/economy/economy_general/2025/06/30/BV6OPN2TWZDM5MJBR4UUVW7PEQ,그중에서도 우럭의 피해가 583억원으로 가장 컸다.,"지난해 양식업 피해액은 1430억원으로, 이 역시 피해 집계를 시작한 2012년 이후 최대 규모였다.","지난달 기준 500g 미만 광어 출하량은 118t으로 전년 동기 대비 38.9% 줄었고, 400g 미만 우럭은 59t으로 54.9% 급감했다.",국내공식통계,N,소득·임금,양식업 피해액,"양식업, 피해액, 우럭, 광어",-,-,-,우럭,-,-,-,2024,-,Y,확정,583억원,KOSIS_VALUE,hcx,양식업 피해액,우럭,2024,Y,hcx,현재값,58300000000,-,-,N,원,수준값,-,전년,그중에서도 우럭의 피해가 583억원으로 가장 컸다.,high,N,-,N,0,0,HCX-007,v1.5-measurement-binding,2026-07-28,양식업 피해액,"우럭, 광어",2024,Y,원,원,currency,amount,item,,Y,,
A2612-C002,A2612-C002-m1,A2612,5년간 먹거리 물가 20% 이상 상승… 과일·빵 상승률 40% 수준,2025-10-08,https://biz.chosun.com/distribution/food/2025/10/08/RXZHN5KKIVDYDBTMMCPVRSVQUE/,8일 국가데이터처에 따르면 지난달 '식료품 및 비주류 음료' 물가지수는 2020년 9월에 비해 22.9% 올랐다.,5년간 먹거리 물가가 20% 넘게 상승한 것으로 분석됐다.,같은 기간 전체 소비자 물가지수 상승률(16.2%)보다 7%포인트 가까이 높은 수치다.,국내공식통계,N,물가,먹거리 물가,"물가, 식료품, 비주류 음료",-,-,-,,-,-,-,2020,-,Y,확정,22.9%,KOSIS_VALUE,hcx,먹거리 물가,-,2020,Y,hcx,증감률,22.9,-,-,N,%,증감률,증가,전년동기,8일 국가데이터처에 따르면 지난달 '식료품 및 비주류 음료' 물가지수는 2020년 9월에 비해 22.9% 올랐다.,high,N,-,N,0,0,HCX-007,v1.5-measurement-binding,2026-07-28,먹거리 물가,,2025-09,M,%,%,rate,rate_change,unspecified,2019,Y,,
A0526-C014,A0526-C014-m1,A0526,K제약·바이오 작년 역대 최고 성적,2025-02-10,https://www.chosun.com/economy/economy_general/2025/02/10/JTTN5CUFORE5ZJON3TK6PXZWXA,지난해 의약품 대미 수출액은 15억364만달러(약 2조2000억원)다.,미국은 세계 최대 의약품 시장이자 국내 기업들의 최대 수출국이다.,한국투자증권 위해주 연구원은 “관세 부담이 약가 상승으로 이어져 가격 경쟁력이 저하될 가능성이 있다”고 했다.,국내공식통계,N,무역,의약품 대미 수출액,"K제약·바이오, 수출액, 미국",-,-,-,의약품,-,대한민국,미국,2024,-,Y,확정,15억364만달러,KOSIS_VALUE,hcx,의약품 대미 수출액,의약품,2024,Y,hcx,현재값,1503640000,-,-,N,달러,수준값,-,전년,지난해 의약품 대미 수출액은 15억364만달러(약 2조2000억원)다.,high,N,-,N,0,0,HCX-007,v1.5-measurement-binding,2026-07-28,의약품 대미 수출액,의약품,2024,Y,달러,달러,currency,amount,item,,Y,,
A0526-C014,A0526-C014-m2,A0526,K제약·바이오 작년 역대 최고 성적,2025-02-10,https://www.chosun.com/economy/economy_general/2025/02/10/JTTN5CUFORE5ZJON3TK6PXZWXA,지난해 의약품 대미 수출액은 15억364만달러(약 2조2000억원)다.,미국은 세계 최대 의약품 시장이자 국내 기업들의 최대 수출국이다.,한국투자증권 위해주 연구원은 “관세 부담이 약가 상승으로 이어져 가격 경쟁력이 저하될 가능성이 있다”고 했다.,국내공식통계,N,무역,의약품 대미 수출액,"K제약·바이오, 수출액, 미국",-,-,-,의약품,-,대한민국,미국,2024,-,Y,확정,2조2000억원,KOSIS_VALUE,hcx,의약품 대미 수출액,의약품,2024,Y,hcx,현재값,2200000000000,-,-,Y,원,수준값,-,전년,지난해 의약품 대미 수출액은 15억364만달러(약 2조2000억원)다.,high,N,-,N,0,0,HCX-007,v1.5-measurement-binding,2026-07-28,의약품 대미 수출액,의약품,2024,Y,원,원,currency,amount,item,,Y,,
A0621-C003,A0621-C003-m2,A0621,신선 과일 수입액 14억달러 ‘역대 최대’,2025-02-17,https://www.chosun.com/economy/economy_general/2025/02/17/XGPCLCETARBGZNCXTX6IRIKMCI,작년 수입액은 직전 최대치였던 2018년(13억3200만달러)보다도 8.6% 많다.,16일 한국농촌경제연구원이 집계한 바나나·파인애플·망고·아보카도·포도·키위·체리·석류·블루베리·오렌지·레몬·자몽 등 12대 주요 신선 과일 수입액은 14억4700만달러(약 2조899억원)로 전년보다 20.1% 증가했다.,코로나 대유행에 따른 물류 차질 등으로 감소해온 과일 수입은 2023년부터 증가세로 돌아섰다.,국내공식통계,Y,무역,수입액 증가율,"바나나, 파인애플, 망고, 아보카도, 포도, 키위, 체리, 석류, 블루베리, 오렌지, 레몬, 자몽",-,-,-,,-,-,-,2024,-,Y,확정,8.6%,KOSIS_VALUE,hcx,수입액 증가율,-,2024,Y,hcx,현재값,8.6,-,-,N,%,증감률,증가,전년,작년 수입액은 직전 최대치였던 2018년(13억3200만달러)보다도 8.6% 많다.,high,N,-,N,0,0,HCX-007,v1.5-measurement-binding,2026-07-28,신선 과일 수입액,,2024,Y,%,%,rate,rate_change,unspecified,2023,Y,,
A2556-C005,A2556-C005-m1,A2556,제조업 취업자 1년째 내리막에...‘쉬었음’ 20대 5년 만 최대,2025-07-16,https://www.chosun.com/economy/economy_general/2025/07/16/JJGWFZ2EF5BPZPOLN4O4NQHNLU,"16일 통계청이 발표한 ‘2025년 6월 고용동향’에 따르면, 지난달 15세 이상 취업자는 2909만1000명으로 전년 동월 대비 18만3000명 늘었다.","제조업과 제조업에서 고용이 위축되면서, 일자리를 구하지 않고 ‘그냥 쉰다’는 이들이 늘어나고 있다.","전체 인구 중 취업자 비율을 뜻하는 고용률은 63.6%로 전년 동월 대비 0.1%포인트 증가하며, 지난 1982년 관련 통계 작성 이래 최고치를 새로 썼다.",국내공식통계,Y,고용,취업자 수,"제조업, 취업자, 고용동향, 고용률",-,-,-,,-,-,-,2025년 6월,-,M,확정,2909만1000명,KOSIS_VALUE,hcx,취업자 수,-,2025년 6월,M,hcx,현재값,29091000,-,-,N,명,수준값,증가,전년동월,"16일 통계청이 발표한 ‘2025년 6월 고용동향’에 따르면, 지난달 15세 이상 취업자는 2909만1000명으로 전년 동월 대비 18만3000명 늘었다.",high,N,-,Y,0,0,HCX-007,v1.5-measurement-binding,2026-07-28,취업자 수,,2025년 6월,M,명,명,person_count,count,person,,Y,,
A2556-C005,A2556-C005-m2,A2556,제조업 취업자 1년째 내리막에...‘쉬었음’ 20대 5년 만 최대,2025-07-16,https://www.chosun.com/economy/economy_general/2025/07/16/JJGWFZ2EF5BPZPOLN4O4NQHNLU,"16일 통계청이 발표한 ‘2025년 6월 고용동향’에 따르면, 지난달 15세 이상 취업자는 2909만1000명으로 전년 동월 대비 18만3000명 늘었다.","제조업과 제조업에서 고용이 위축되면서, 일자리를 구하지 않고 ‘그냥 쉰다’는 이들이 늘어나고 있다.","전체 인구 중 취업자 비율을 뜻하는 고용률은 63.6%로 전년 동월 대비 0.1%포인트 증가하며, 지난 1982년 관련 통계 작성 이래 최고치를 새로 썼다.",국내공식통계,Y,고용,취업자 수 증감,"제조업, 취업자, 고용동향, 고용률",-,-,-,,-,-,-,2025년 6월,-,M,확정,18만3000명,KOSIS_VALUE,hcx,취업자 수 증감,-,2025년 6월,M,hcx,증감값,183000,-,-,N,명,증감량,증가,전년동월,"16일 통계청이 발표한 ‘2025년 6월 고용동향’에 따르면, 지난달 15세 이상 취업자는 2909만1000명으로 전년 동월 대비 18만3000명 늘었다.",high,N,-,Y,0,0,HCX-007,v1.5-measurement-binding,2026-07-28,취업자 수,,2025년 6월,M,명,명,person_count,absolute_change,person,2024,Y,,
A0463-C006,A0463-C006-m1,A0463,"석유·채소값 뛰니...1월 물가 2.2% 상승, 5개월 만에 2%대 복귀",2025-02-05,https://www.chosun.com/economy/economy_general/2025/02/05/V2MN7UBTEZBJPG7WGGILZRXH6Y,"소비자 물가상승률은 지난해 9월부터 12월까지 1%대를 유지했지만, 새해 들어 2%대로 올라선 모습이다.","5일 통계청에 따르면, 지난달 소비자물가지수는 115.71(2020년=100)로 전년 동월 대비 2.2% 상승했다.",2%는 한국은행이 제시한 물가상승률 목표치이기도 하다.,국내공식통계,Y,물가,소비자물가상승률,"석유, 채소값, 물가, 상승률",-,-,-,,-,-,-,2024-12,-,M,확정,1%,KOSIS_VALUE,hcx,소비자물가상승률,-,2024-12,M,hcx,증감률,1,-,-,N,%,증감률,증가,전년동기,"소비자 물가상승률은 지난해 9월부터 12월까지 1%대를 유지했지만, 새해 들어 2%대로 올라선 모습이다.",high,Y,measurement_period_ungrounded:1,N,0,0,HCX-007,v1.5-measurement-binding,2026-07-28,소비자물가상승률,,2025-01,M,%,%,rate,rate_change,unspecified,2023,Y,,
A2008-C004,A2008-C004-m1,A2008,돼지고기·계란 고공행진에 축산물 물가 3년래 최고,2025-06-04,https://www.chosun.com/economy/economy_general/2025/06/04/ZXZNKUNMVBB23IAKVMXPXYQYHQ,4일 통계청에 따르면 5월 소비자 물가 지수는 116.27(2020년을 100으로 본 상대적 지수)로 전년 동월 대비 1.9% 올랐다.,다만 돼지고기·계란 등 축산물 가격은 6% 넘게 올라 약 3년 만에 가장 높은 상승폭을 기록했다.,작년 12월 1.9%였던 소비자 물가 상승률은 올해 1월(2.2%)부터 지난 4월(2.1%)까지 2~2.2% 사이에서 움직이다가 5달 만에 다시 1%대로 내려왔다.,국내공식통계,Y,물가,소비자 물가 상승률,"소비자 물가, 상승률",-,-,-,,-,-,-,2025-05,-,M,확정,1.9%,KOSIS_VALUE,hcx,소비자 물가 상승률,-,2025-05,M,hcx,증감률,1.9,-,-,N,%,증감률,증가,전년동월,4일 통계청에 따르면 5월 소비자 물가 지수는 116.27(2020년을 100으로 본 상대적 지수)로 전년 동월 대비 1.9% 올랐다.,high,N,-,N,0,0,HCX-007,v1.5-measurement-binding,2026-07-28,소비자 물가 지수,,2025-05,M,%,%,rate,rate_change,unspecified,2024,Y,,
A0587-C018,A0587-C018-m1,A0587,"고용·물가·저성장 3대 악재에, 수출 효자 반도체 비상까지",2025-02-15,https://www.chosun.com/economy/economy_general/2025/02/15/246PHXLEYJAYHEXIH47DMU6MTI,2021년 1월(2.9%포인트 하락) 이후 49개월 만의 최대 감소 폭이다.,"청년(15~29세)층 취업자는 전년 동월 대비 21만8000명 줄었고, 청년 고용률(44.8%)도 1.5%포인트 감소했다.","또 40~50대 종사자가 많은 건설업 취업자 수는 16만9000명 줄었는데, 통계청이 2013년 관련 통계를 집계한 이후 감소 폭이 가장 컸다.",국내공식통계,N,고용,청년 고용률,"청년, 고용률, 취업자",-,15~29세,-,,-,-,-,2021,-,Y,확정,2.9%,KOSIS_VALUE,hcx,청년 고용률,-,2021,Y,hcx,증감률,2.9,-,-,N,%,증감률,감소,전년동월,2021년 1월(2.9%포인트 하락) 이후 49개월 만의 최대 감소 폭이다.,high,Y,measurement_binding_fallback:1,N,0,1,HCX-007,v1.5-measurement-binding,2026-07-28,청년 고용률,,2025-01,M,%,%,rate,rate_change,unspecified,2020,Y,,
A0268-C003,A0268-C003-m2,A0268,새해 첫 20일 수출 5.1%↓ 엿새 설 연휴로 1월 전체 수출 감소 가능성,2025-01-21,https://www.chosun.com/economy/economy_general/2025/01/21/I6KIDJTHINBDZJKIJQNJX7YJ5Q,수입은 1년 전에 비해 1.7% 줄어든 354억원으로 집계돼 38억달러의 무역 적자를 기록했다.,"21일 관세청이 발표한 ‘2025년 1월 1~20일 수출입 현황’에 따르면, 지난 1~20일 수출은 316억달러로 전년 동기 대비 5.1% 감소했다.","주력 효자 품목인 반도체 수출은 1년새 19.2%나 늘었지만, 또다른 주력 수출 품목인 승용차 수출이 주요 수출국인 미국·중국을 중심으로 7.3% 줄면서 전체 수출 감소세를 주도했다.",국내공식통계,Y,무역,수입,"수출입 현황, 무역 적자",-,-,-,,-,-,-,202501,-,M,확정,1.7%,KOSIS_VALUE,hcx,수입,-,202501,M,hcx,증감률,1.7,-,-,N,%,증감률,감소,전년동월,수입은 1년 전에 비해 1.7% 줄어든 354억원으로 집계돼 38억달러의 무역 적자를 기록했다.,high,N,-,Y,0,0,HCX-007,v1.5-measurement-binding,2026-07-28,수입,,202501,M,%,%,rate,rate_change,unspecified,202401,Y,,
A0268-C003,A0268-C003-m3,A0268,새해 첫 20일 수출 5.1%↓ 엿새 설 연휴로 1월 전체 수출 감소 가능성,2025-01-21,https://www.chosun.com/economy/economy_general/2025/01/21/I6KIDJTHINBDZJKIJQNJX7YJ5Q,수입은 1년 전에 비해 1.7% 줄어든 354억원으로 집계돼 38억달러의 무역 적자를 기록했다.,"21일 관세청이 발표한 ‘2025년 1월 1~20일 수출입 현황’에 따르면, 지난 1~20일 수출은 316억달러로 전년 동기 대비 5.1% 감소했다.","주력 효자 품목인 반도체 수출은 1년새 19.2%나 늘었지만, 또다른 주력 수출 품목인 승용차 수출이 주요 수출국인 미국·중국을 중심으로 7.3% 줄면서 전체 수출 감소세를 주도했다.",국내공식통계,Y,무역,수입,"수출입 현황, 무역 적자",-,-,-,,-,-,-,202501,-,M,확정,354억원,KOSIS_VALUE,hcx,수입,-,202501,M,hcx,현재값,35400000000,-,-,N,원,수준값,감소,전년동월,수입은 1년 전에 비해 1.7% 줄어든 354억원으로 집계돼 38억달러의 무역 적자를 기록했다.,high,N,-,Y,0,0,HCX-007,v1.5-measurement-binding,2026-07-28,수입,,202501,M,원,원,currency,amount,unspecified,,Y,,
A0268-C003,A0268-C003-m4,A0268,새해 첫 20일 수출 5.1%↓ 엿새 설 연휴로 1월 전체 수출 감소 가능성,2025-01-21,https://www.chosun.com/economy/economy_general/2025/01/21/I6KIDJTHINBDZJKIJQNJX7YJ5Q,수입은 1년 전에 비해 1.7% 줄어든 354억원으로 집계돼 38억달러의 무역 적자를 기록했다.,"21일 관세청이 발표한 ‘2025년 1월 1~20일 수출입 현황’에 따르면, 지난 1~20일 수출은 316억달러로 전년 동기 대비 5.1% 감소했다.","주력 효자 품목인 반도체 수출은 1년새 19.2%나 늘었지만, 또다른 주력 수출 품목인 승용차 수출이 주요 수출국인 미국·중국을 중심으로 7.3% 줄면서 전체 수출 감소세를 주도했다.",국내공식통계,Y,무역,무역 적자,"수출입 현황, 무역 적자",-,-,-,,-,-,-,202501,-,M,확정,38억달러,KOSIS_VALUE,hcx,무역 적자,-,202501,M,hcx,현재값,3800000000,-,-,N,달러,수준값,감소,전년동월,수입은 1년 전에 비해 1.7% 줄어든 354억원으로 집계돼 38억달러의 무역 적자를 기록했다.,high,N,-,Y,0,0,HCX-007,v1.5-measurement-binding,2026-07-28,수입,,202501,M,달러,달러,currency,amount,unspecified,,Y,,
A0231-C010,A0231-C010-m1,A0231,"필리핀, FA-50 전투기 또 산다… 상반기 중 1조원 규모 계약",2025-01-18,https://www.chosun.com/economy/industry-company/2025/01/18/ITINLKV6I5DLJH3TMJZYP5UCJQ,"지난 2022년 폴란드에 48대, 2023년 말레이시아에 18대를 수출하는 등 누적 수출액만 78억달러(약 11조3700억원)에 달한다.",최대 속도는 마하 1.5에 20㎜ 기관포와 공대공·공대지 미사일 등 다양한 정밀 유도무기를 탑재했다.,필리핀은 2014년 FA-50의 개량형인 FA-50PH 12대를 도입해 이듬해부터 현지 공군의 핵심 전력으로 운용해왔다.,국내공식통계,N,무역,수출 대수,"폴란드, 말레이시아, FA-50, 전투기, 수출액",-,-,-,FA-50 전투기,-,-,"폴란드, 말레이시아",2022,-,Y,확정,48대,KOSIS_VALUE,hcx,수출 대수,FA-50 전투기,2022,Y,hcx,현재값,48,-,-,N,대,수준값,-,전년,[검증 대상 문장],high,N,-,Y,0,0,HCX-007,v1.5-measurement-binding,2026-07-28,누적 수출액,FA-50 전투기,"2022, 2023",Y,대,대,count,count,item,,Y,,
A0231-C010,A0231-C010-m2,A0231,"필리핀, FA-50 전투기 또 산다… 상반기 중 1조원 규모 계약",2025-01-18,https://www.chosun.com/economy/industry-company/2025/01/18/ITINLKV6I5DLJH3TMJZYP5UCJQ,"지난 2022년 폴란드에 48대, 2023년 말레이시아에 18대를 수출하는 등 누적 수출액만 78억달러(약 11조3700억원)에 달한다.",최대 속도는 마하 1.5에 20㎜ 기관포와 공대공·공대지 미사일 등 다양한 정밀 유도무기를 탑재했다.,필리핀은 2014년 FA-50의 개량형인 FA-50PH 12대를 도입해 이듬해부터 현지 공군의 핵심 전력으로 운용해왔다.,국내공식통계,N,무역,수출 대수,"폴란드, 말레이시아, FA-50, 전투기, 수출액",-,-,-,FA-50 전투기,-,-,"폴란드, 말레이시아",2023,-,Y,확정,18대,KOSIS_VALUE,hcx,수출 대수,FA-50 전투기,2023,Y,hcx,현재값,18,-,-,N,대,수준값,-,전년,[검증 대상 문장],high,N,-,Y,0,0,HCX-007,v1.5-measurement-binding,2026-07-28,누적 수출액,FA-50 전투기,"2022, 2023",Y,대,대,count,count,item,,Y,,
A0231-C010,A0231-C010-m3,A0231,"필리핀, FA-50 전투기 또 산다… 상반기 중 1조원 규모 계약",2025-01-18,https://www.chosun.com/economy/industry-company/2025/01/18/ITINLKV6I5DLJH3TMJZYP5UCJQ,"지난 2022년 폴란드에 48대, 2023년 말레이시아에 18대를 수출하는 등 누적 수출액만 78억달러(약 11조3700억원)에 달한다.",최대 속도는 마하 1.5에 20㎜ 기관포와 공대공·공대지 미사일 등 다양한 정밀 유도무기를 탑재했다.,필리핀은 2014년 FA-50의 개량형인 FA-50PH 12대를 도입해 이듬해부터 현지 공군의 핵심 전력으로 운용해왔다.,국내공식통계,N,무역,누적 수출액,"폴란드, 말레이시아, FA-50, 전투기, 수출액",-,-,-,FA-50 전투기,-,-,"폴란드, 말레이시아",2023,-,Y,확정,78억달러,KOSIS_VALUE,hcx,누적 수출액,FA-50 전투기,2023,Y,hcx,현재값,7800000000,-,-,N,달러,수준값,-,전년,[검증 대상 문장],high,N,-,Y,0,0,HCX-007,v1.5-measurement-binding,2026-07-28,누적 수출액,FA-50 전투기,"2022, 2023",Y,달러,달러,currency,amount,item,,Y,,
A0231-C010,A0231-C010-m4,A0231,"필리핀, FA-50 전투기 또 산다… 상반기 중 1조원 규모 계약",2025-01-18,https://www.chosun.com/economy/industry-company/2025/01/18/ITINLKV6I5DLJH3TMJZYP5UCJQ,"지난 2022년 폴란드에 48대, 2023년 말레이시아에 18대를 수출하는 등 누적 수출액만 78억달러(약 11조3700억원)에 달한다.",최대 속도는 마하 1.5에 20㎜ 기관포와 공대공·공대지 미사일 등 다양한 정밀 유도무기를 탑재했다.,필리핀은 2014년 FA-50의 개량형인 FA-50PH 12대를 도입해 이듬해부터 현지 공군의 핵심 전력으로 운용해왔다.,국내공식통계,N,무역,누적 수출액,"폴란드, 말레이시아, FA-50, 전투기, 수출액",-,-,-,FA-50 전투기,-,-,"폴란드, 말레이시아",2023,-,Y,확정,11조3700억원,KOSIS_VALUE,hcx,누적 수출액,FA-50 전투기,2023,Y,hcx,현재값,11370000000000,-,-,Y,원,수준값,-,전년,[검증 대상 문장],high,N,-,Y,0,0,HCX-007,v1.5-measurement-binding,2026-07-28,누적 수출액,FA-50 전투기,"2022, 2023",Y,원,원,currency,amount,item,,Y,,
A0214-C029,A0214-C029-m1,A0214,이자장사 11兆 은행 노조 “임금 더 달라” 파업 릴레이,2025-01-17,https://www.chosun.com/economy/economy_general/2025/01/17/S7CY4WV3JRE4FNOCPZ75TJ27YY,국민은행은 작년 1~3분기에 2조6179억원의 순이익을 올렸다.,금융감독원에 따르면 작년 1~3분기 기준 5대 은행의 누적 순익은 약 11조7883억원으로 1년 전보다 4% 넘게 증가했다.,여기에는 은행 수익의 원천인 예대금리차(예금 금리와 대출 금리의 차이)가 크게 벌어진 것이 영향을 끼쳤다.,국내공식통계,N,금융·금리,순이익,"은행, 순익, 1~3분기",-,-,-,국민은행,-,-,-,2024Q1-Q3,-,Q,확정,2조6179억원,KOSIS_VALUE,hcx,순이익,국민은행,2024Q1-Q3,Q,hcx,현재값,2617900000000,-,-,N,원,수준값,-,전년동기,국민은행은 작년 1~3분기에 2조6179억원의 순이익을 올렸다.,high,N,-,N,0,0,HCX-007,v1.5-measurement-binding,2026-07-28,순이익,국민은행,2024Q1-Q3,Q,원,원,currency,amount,item,,Y,,
A0086-C013,A0086-C013-m1,A0086,글로벌 IB들 한국 올해 성장률 전망 1.7%로 하락,2025-01-07,https://www.chosun.com/economy/economy_general/2025/01/07/GSOS3IQE2FEEPDT6JHTTOOJBHA,한은은 올해 수출 증가율을 1.5%로 내다보고 있다.,수출 등 대외 경제 여건도 녹록하지 않다.,뱅크오브아메리카는 최근 보고서에서 “올해 첨단 반도체를 중심으로 한 미국의 대중(對中) 무역 장벽 강화 여파로 한국의 대중 수출도 타격을 받는 등 역풍이 예상돼 수출이 경제 성장을 주도하기는 어려울 전망”이라고 했다.,국내공식통계,N,무역,수출 증가율,"글로벌 IB, 한국, 성장률 전망, 수출 증가율, 첨단 반도체, 미국, 대중 무역 장벽",-,-,-,,-,-,-,2025,-,Y,확정,1.5%,KOSIS_VALUE,hcx,수출 증가율,-,2025,Y,hcx,증감률,1.5,-,-,N,%,증감률,증가,전년,한은은 올해 수출 증가율을 1.5%로 내다보고 있다.,high,N,-,N,0,0,HCX-007,v1.5-measurement-binding,2026-07-28,수출 증가율,,2025,Y,%,%,rate,rate_change,unspecified,2024,Y,,
A0565-C026,A0565-C026-m1,A0565,10원짜리 만드는 데 40원?… 쓸일 없어 90%는 집에서 굴러다녀,2025-02-13,https://www.chosun.com/economy/economy_general/2025/02/13/E5QR6SBMHJGBJPO2JOTDVZNULI,"가장 최근 나온 2021년 자료에 따르면, 갖고 있는 동전 중 일상생활에 쓰지 않고 방치하고 있는 동전 비율이 금액 기준으로 77%에 달한다.",10원 동전은 길바닥에 떨어져도 안 줍는다는데 한은은 3년 주기로 현금 사용 행태를 설문한다.,"특히 10원 동전은 방치 비율이 90%에 달해, 10개 중 9개는 집에 묵혀둔다.",국내공식통계,N,기타,방치된 동전 비율,"동전, 방치 비율, 금액 기준",-,-,-,,-,-,-,2021,-,Y,확정,77%,KOSIS_VALUE,hcx,방치된 동전 비율,-,2021,Y,hcx,현재값,77,-,-,N,%,비중,-,특정시점,"가장 최근 나온 2021년 자료에 따르면, 갖고 있는 동전 중 일상생활에 쓰지 않고 방치하고 있는 동전 비율이 금액 기준으로 77%에 달한다.",high,N,-,N,0,0,HCX-007,v1.5-measurement-binding,2026-07-28,방치된 동전 비율,,2021,Y,%,%,rate,rate_level,unspecified,,Y,,
A0220-C022,A0220-C022-m1,A0220,실적 나쁜 현대차 계열사들 ‘성과급 분쟁 중’,2025-01-17,https://www.chosun.com/economy/industry-company/2025/01/17/GGMOUEVDBRGDZEMDGI5R5WGLVY,"작년 3분기 현대차 영업이익률은 8.3%, 기아는 10.9%인 반면, 현대제철은 0.9%, 현대위아는 2.5%였고 현대트랜시스는 2.2%였다.",하지만 아직 이익으로 직결되지 않고 있다.,"현대제철의 경우 중국발 공급과잉으로 철강 산업 전체가 업황이 나쁘고, 나머지 계열사의 내연차용 변속기나 섀시 모듈, 공작 기계 사업 등은 규모를 줄이거나 정리해야 하는 상황이다.",국내공식통계,N,소매·소비,현대차 영업이익률,"현대차, 기아, 현대제철, 현대위아, 현대트랜시스",-,-,-,현대차,-,-,-,2024Q3,-,Q,확정,8.3%,KOSIS_VALUE,hcx,현대차 영업이익률,현대차,2024Q3,Q,hcx,현재값,8.3,-,-,N,%,비중,-,전분기,"작년 3분기 현대차 영업이익률은 8.3%, 기아는 10.9%인 반면, 현대제철은 0.9%, 현대위아는 2.5%였고 현대트랜시스는 2.2%였다.",high,N,-,N,0,0,HCX-007,v1.5-measurement-binding,2026-07-28,영업이익률,,2024Q3,Q,%,%,rate,level,item,,Y,,
A0220-C022,A0220-C022-m2,A0220,실적 나쁜 현대차 계열사들 ‘성과급 분쟁 중’,2025-01-17,https://www.chosun.com/economy/industry-company/2025/01/17/GGMOUEVDBRGDZEMDGI5R5WGLVY,"작년 3분기 현대차 영업이익률은 8.3%, 기아는 10.9%인 반면, 현대제철은 0.9%, 현대위아는 2.5%였고 현대트랜시스는 2.2%였다.",하지만 아직 이익으로 직결되지 않고 있다.,"현대제철의 경우 중국발 공급과잉으로 철강 산업 전체가 업황이 나쁘고, 나머지 계열사의 내연차용 변속기나 섀시 모듈, 공작 기계 사업 등은 규모를 줄이거나 정리해야 하는 상황이다.",국내공식통계,N,소매·소비,기아 영업이익률,"현대차, 기아, 현대제철, 현대위아, 현대트랜시스",-,-,-,기아,-,-,-,2024Q3,-,Q,확정,10.9%,KOSIS_VALUE,hcx,기아 영업이익률,기아,2024Q3,Q,hcx,현재값,10.9,-,-,N,%,비중,-,전분기,"작년 3분기 현대차 영업이익률은 8.3%, 기아는 10.9%인 반면, 현대제철은 0.9%, 현대위아는 2.5%였고 현대트랜시스는 2.2%였다.",high,N,-,N,0,0,HCX-007,v1.5-measurement-binding,2026-07-28,영업이익률,,2024Q3,Q,%,%,rate,level,item,,Y,,
A0220-C022,A0220-C022-m3,A0220,실적 나쁜 현대차 계열사들 ‘성과급 분쟁 중’,2025-01-17,https://www.chosun.com/economy/industry-company/2025/01/17/GGMOUEVDBRGDZEMDGI5R5WGLVY,"작년 3분기 현대차 영업이익률은 8.3%, 기아는 10.9%인 반면, 현대제철은 0.9%, 현대위아는 2.5%였고 현대트랜시스는 2.2%였다.",하지만 아직 이익으로 직결되지 않고 있다.,"현대제철의 경우 중국발 공급과잉으로 철강 산업 전체가 업황이 나쁘고, 나머지 계열사의 내연차용 변속기나 섀시 모듈, 공작 기계 사업 등은 규모를 줄이거나 정리해야 하는 상황이다.",국내공식통계,N,소매·소비,현대제철 영업이익률,"현대차, 기아, 현대제철, 현대위아, 현대트랜시스",-,-,-,현대제철,-,-,-,2024Q3,-,Q,확정,0.9%,KOSIS_VALUE,hcx,현대제철 영업이익률,현대제철,2024Q3,Q,hcx,현재값,0.9,-,-,N,%,비중,-,전분기,"작년 3분기 현대차 영업이익률은 8.3%, 기아는 10.9%인 반면, 현대제철은 0.9%, 현대위아는 2.5%였고 현대트랜시스는 2.2%였다.",high,N,-,N,0,0,HCX-007,v1.5-measurement-binding,2026-07-28,영업이익률,,2024Q3,Q,%,%,rate,level,item,,Y,,
A0220-C022,A0220-C022-m4,A0220,실적 나쁜 현대차 계열사들 ‘성과급 분쟁 중’,2025-01-17,https://www.chosun.com/economy/industry-company/2025/01/17/GGMOUEVDBRGDZEMDGI5R5WGLVY,"작년 3분기 현대차 영업이익률은 8.3%, 기아는 10.9%인 반면, 현대제철은 0.9%, 현대위아는 2.5%였고 현대트랜시스는 2.2%였다.",하지만 아직 이익으로 직결되지 않고 있다.,"현대제철의 경우 중국발 공급과잉으로 철강 산업 전체가 업황이 나쁘고, 나머지 계열사의 내연차용 변속기나 섀시 모듈, 공작 기계 사업 등은 규모를 줄이거나 정리해야 하는 상황이다.",국내공식통계,N,소매·소비,현대위아 영업이익률,"현대차, 기아, 현대제철, 현대위아, 현대트랜시스",-,-,-,현대위아,-,-,-,2024Q3,-,Q,확정,2.5%,KOSIS_VALUE,hcx,현대위아 영업이익률,현대위아,2024Q3,Q,hcx,현재값,2.5,-,-,N,%,비중,-,전분기,"작년 3분기 현대차 영업이익률은 8.3%, 기아는 10.9%인 반면, 현대제철은 0.9%, 현대위아는 2.5%였고 현대트랜시스는 2.2%였다.",high,N,-,N,0,0,HCX-007,v1.5-measurement-binding,2026-07-28,영업이익률,,2024Q3,Q,%,%,rate,level,item,,Y,,
A0220-C022,A0220-C022-m5,A0220,실적 나쁜 현대차 계열사들 ‘성과급 분쟁 중’,2025-01-17,https://www.chosun.com/economy/industry-company/2025/01/17/GGMOUEVDBRGDZEMDGI5R5WGLVY,"작년 3분기 현대차 영업이익률은 8.3%, 기아는 10.9%인 반면, 현대제철은 0.9%, 현대위아는 2.5%였고 현대트랜시스는 2.2%였다.",하지만 아직 이익으로 직결되지 않고 있다.,"현대제철의 경우 중국발 공급과잉으로 철강 산업 전체가 업황이 나쁘고, 나머지 계열사의 내연차용 변속기나 섀시 모듈, 공작 기계 사업 등은 규모를 줄이거나 정리해야 하는 상황이다.",국내공식통계,N,소매·소비,현대트랜시스 영업이익률,"현대차, 기아, 현대제철, 현대위아, 현대트랜시스",-,-,-,현대트랜시스,-,-,-,2024Q3,-,Q,확정,2.2%,KOSIS_VALUE,hcx,현대트랜시스 영업이익률,현대트랜시스,2024Q3,Q,hcx,현재값,2.2,-,-,N,%,비중,-,전분기,"작년 3분기 현대차 영업이익률은 8.3%, 기아는 10.9%인 반면, 현대제철은 0.9%, 현대위아는 2.5%였고 현대트랜시스는 2.2%였다.",high,N,-,N,0,0,HCX-007,v1.5-measurement-binding,2026-07-28,영업이익률,,2024Q3,Q,%,%,rate,level,item,,Y,,
A0736-C001,A0736-C001-m1,A0736,"여행·직구족 증가에...작년 해외 카드사용액 30조, 역대 최대",2025-02-26,https://www.chosun.com/economy/economy_general/2025/02/26/7WPH7WS3SZDTNHP3JBPSNX76QI,작년 국내 거주자들이 해외에서 쓴 신용카드와 체크카드 금액이 30조원에 달하며 최대치를 경신했다.,-,해외 여행객과 해외 ‘직구’가 늘어난 영향이다.,국내공식통계,N,무역,해외 카드 사용액,해외 카드사용액; 역대 최대; 여행; 직구,-,-,-,,-,-,-,2024,-,Y,확정,30조원,KOSIS_VALUE,hcx,해외 카드 사용액,-,2024,Y,hcx,현재값,30000000000000,-,-,N,원,수준값,-,전년,작년 국내 거주자들이 해외에서 쓴 신용카드와 체크카드 금액이 30조원에 달하며 최대치를 경신했다.,high,N,-,N,0,0,HCX-007,v1.5-measurement-binding,2026-07-28,해외 카드 사용액,,2024,Y,원,원,currency,amount,unspecified,,Y,,
A0383-C008,A0383-C008-m5,A0383,"내수부진, 혼술 문화... 서울 호프집 10곳 중 3곳 1년 내 폐업",2025-01-30,https://www.chosun.com/economy/economy_general/2025/01/30/QGHF2IJIGRHQZOVCDRVOH7YSRE,"새로 문을 연 호프집 중 1년 이상 영업을 이어간 호프집을 분류한 ‘1년 생존율’을 보면, 2019년 69%였던 1년 생존율은 2020년70.8%, 2021년 74.3%까지 증가했지만 이후 다시 60%대로 떨어졌다.","경기도(1369만4685명)에 이어 가장 많은 인구가 집중돼 있는 서울(933만1828명)에서, 서민들이 즐겨 찾는 호프집이 지속적으로 줄고 있다는 건 그만큼 내수부진이 심각하다는 의미다.","구체적으로 2022년 1년 생존율이 67.3%로 대폭 떨어진 데 이어 2023년 68.5%로 소폭 상승했지만, 지난해 68.4%로 다시 감소했다.",국내공식통계,Y,소매·소비,호프집 1년 생존율,"내수부진, 혼술 문화, 호프집, 폐업",-,-,-,호프집,-,-,-,2022,-,Y,확정,60%대,KOSIS_VALUE,hcx,호프집 1년 생존율,호프집,2022,Y,hcx,증감값,60,-,-,Y,%,수준값,감소,전년,"새로 문을 연 호프집 중 1년 이상 영업을 이어간 호프집을 분류한 ‘1년 생존율’을 보면, 2019년 69%였던 1년 생존율은 2020년70.8%, 2021년 74.3%까지 증가했지만 이후 다시 60%대로 떨어졌다.",high,Y,measurement_binding_fallback:1,Y,0,1,HCX-007,v1.5-measurement-binding,2026-07-28,호프집 1년 생존율,호프집,2023,Y,%,%,rate,level,item,,Y,,
A0031-C008,A0031-C008-m2,A0031,"추락하는 성장률, 내수 살려 떠받친다",2025-01-03,https://www.chosun.com/economy/economy_general/2025/01/03/FS5OTJUQ7RC5JIPD2GEHE7U47Q,반도체 등 주력 수출 업종의 경쟁 심화와 이달 20일 출범하는 트럼프 정부의 관세 장벽 강화 등으로 수출 증가율은 작년 8.2%에서 올해 1.5%로 쪼그라들 것으로 봤다.,"정부는 ‘대내외 불확실성 확대’를 올해 경제 여건으로 규정하고, 민생경제회복과 대외신인도 관리, 통상 환경 불확실성 대응, 산업 경쟁력 강화 등 4대 방향을 중심으로 경제정책을 추진하기로 했다.","최 권한대행은 “경제 여건 전반을 1분기 중 재점검하고, 필요시 추가 경기 보강 방안을 강구하겠다”며 추가경정예산 편성 가능성을 시사했다.",국내공식통계,N,무역,수출 증가율,"성장률, 내수, 수출 업종, 관세 장벽",-,-,-,반도체,-,-,-,2025,-,Y,확정,올해 1.5%,KOSIS_VALUE,hcx,수출 증가율,반도체,2025,Y,hcx,현재값,1.5,-,-,N,%,증감률,증가,전년,반도체 등 주력 수출 업종의 경쟁 심화와 이달 20일 출범하는 트럼프 정부의 관세 장벽 강화 등으로 수출 증가율은 작년 8.2%에서 올해 1.5%로 쪼그라들 것으로 봤다.,high,N,-,N,0,0,HCX-007,v1.5-measurement-binding,2026-07-28,수출 증가율,반도체,2025,Y,%,%,rate,rate_change,item,2024,Y,,
A1126-C004,A1126-C004-m1,A1126,‘화약 역할’ 침엽수가 숲의 절반… 소방차 다닐 산길은 거의 없어,2025-03-28,https://www.chosun.com/economy/economy_general/2025/03/28/T2FHMYNN3BDHDJWS7HY4TP5KDU,중앙재난안전대책본부는 현재까지 산불로 인해 26명이 사망했다고 발표했다. /장련성 기자 강우량 기자 박진성 기자 울산=김주영 기자 입력 2025.03.28.,일대 주민들에 대한 대피령이 떨어지기도 했다.,01:06 업데이트 2025.03.28.,국내공식통계,N,보건·복지,사망자 수,"산불, 재난, 대피령",-,-,-,,-,-,-,2025,-,Y,확정,26명,KOSIS_VALUE,hcx,사망자 수,-,2025,Y,hcx,현재값,26,-,-,N,명,수준값,-,특정시점,중앙재난안전대책본부는 현재까지 산불로 인해 26명이 사망했다고 발표했다.,high,N,-,N,0,0,HCX-007,v1.5-measurement-binding,2026-07-28,사망자 수,,2025,Y,명,명,person_count,count,unspecified,,Y,,
A2035-C004,A2035-C004-m1,A2035,"나랏빚까지 무섭게 증가… 새 정부, 2차 추경 20조 공언",2025-06-06,https://www.chosun.com/economy/economy_general/2025/06/06/XJSIHIF5WRA75FGEMIEBA6XHL4,"5일 기획재정부에 따르면, 1차 추가경정예산안(추경)까지 고려한 올해 국내총생산(GDP) 대비 국가 채무 비율은 48.4%를 기록할 것으로 추산된다.","우리나라는 재정 건전성이 좋은 편이지만, 나랏빚이 빠르게 늘고 있다는 게 문제다.",작년(47.4%)보다 1%포인트 늘어난 규모다.,국내공식통계,Y,재정·조세,국가채무 비율,"추가경정예산안, GDP, 국가 채무 비율",-,-,-,,-,-,-,2025,-,Y,확정,48.4%,KOSIS_VALUE,hcx,국가채무 비율,-,2025,Y,hcx,현재값,48.4,-,-,N,%,비중,-,전년,"기획재정부에 따르면, 1차 추가경정예산안(추경)까지 고려한 올해 국내총생산(GDP) 대비 국가 채무 비율은 48.4%를 기록할 것으로 추산된다.",high,N,-,N,0,0,HCX-007,v1.5-measurement-binding,2026-07-28,국가채무 비율,,2025,Y,%,%,rate,rate_level,unspecified,,Y,,
A1631-C003,A1631-C003-m1,A1631,1~4월 日 항공편 승객 역대 최대 기록... 코로나 이전보다 16% 증가,2025-05-06,https://www.chosun.com/economy/industry-company/2025/05/06/AT5W4GSYHZGFFCFWO6BWQPGOKY,이는 지난해 같은 기간(816만1690명)보다 8.8% 늘어난 수치다.,"6일 더불어민주당 이연희 의원실이 인천국제공항공사와 한국공항공사로부터 제출받은 자료에 따르면, 올해 1∼4월(인천공항은 1월 1일∼4월 28일 누계) 국내 공항에서 일본 노선을 이용한 승객(출입국 합산)은 총 888만195명으로 집계됐다.",코로나19 이전인 2019년(763만9774명)과 비교하면 무려 16.2%나 증가했다.,국내공식통계,Y,무역,일본 노선 이용 승객 수,"항공편, 승객, 역대 최대 기록, 코로나 이전",-,-,-,,-,-,-,2025-04,-,M,확정,816만1690명,KOSIS_VALUE,hcx,일본 노선 이용 승객 수,-,2025-04,M,hcx,현재값,8161690,-,-,N,명,수준값,증가,전년동기,이는 지난해 같은 기간(816만1690명)보다 8.8% 늘어난 수치다.,high,N,-,N,0,0,HCX-007,v1.5-measurement-binding,2026-07-28,일본 노선 이용 승객 수,,2025-04,M,명,명,person_count,count,unspecified,,Y,,
A1631-C003,A1631-C003-m2,A1631,1~4월 日 항공편 승객 역대 최대 기록... 코로나 이전보다 16% 증가,2025-05-06,https://www.chosun.com/economy/industry-company/2025/05/06/AT5W4GSYHZGFFCFWO6BWQPGOKY,이는 지난해 같은 기간(816만1690명)보다 8.8% 늘어난 수치다.,"6일 더불어민주당 이연희 의원실이 인천국제공항공사와 한국공항공사로부터 제출받은 자료에 따르면, 올해 1∼4월(인천공항은 1월 1일∼4월 28일 누계) 국내 공항에서 일본 노선을 이용한 승객(출입국 합산)은 총 888만195명으로 집계됐다.",코로나19 이전인 2019년(763만9774명)과 비교하면 무려 16.2%나 증가했다.,국내공식통계,Y,무역,일본 노선 이용 승객 증감률,"항공편, 승객, 역대 최대 기록, 코로나 이전",-,-,-,,-,-,-,2025-04,-,M,확정,8.8%,KOSIS_VALUE,hcx,일본 노선 이용 승객 증감률,-,2025-04,M,hcx,증감률,8.8,-,-,N,%,증감률,증가,전년동기,이는 지난해 같은 기간(816만1690명)보다 8.8% 늘어난 수치다.,high,N,-,N,0,0,HCX-007,v1.5-measurement-binding,2026-07-28,일본 노선 이용 승객 수,,2025-04,M,%,%,rate,rate_change,unspecified,2024,Y,,
A0199-C016,A0199-C016-m1,A0199,"외국인, 채권도 매도세로… 환율엔 또다른 악재",2025-01-16,https://www.chosun.com/economy/economy_general/2025/01/16/5SARRJG2ABC2JBGIYDQ6THY4SU,기획재정부에 따르면 작년 12월 외국인 투자자들의 국채 보유액은 3조원가량 감소했다.,외국인 투자자들은 특히 채권 중에서 ‘국가의 보증수표’라고 할 수 있는 국채를 팔아치우고 있다.,앞으로도 이런 추세가 이어질 가능성이 크다.,국내공식통계,N,금융·금리,외국인 국채 보유액,"외국인, 국채, 보유액",-,-,-,,-,-,-,202412,-,M,확정,3조원가량,KOSIS_VALUE,hcx,외국인 국채 보유액,-,202412,M,hcx,현재값,3000000000000,-,-,Y,원,수준값,감소,특정시점,기획재정부에 따르면 작년 12월 외국인 투자자들의 국채 보유액은 3조원가량 감소했다.,high,N,-,N,0,0,HCX-007,v1.5-measurement-binding,2026-07-28,외국인 국채 보유액,,202412,M,원,원,currency,amount,unspecified,,Y,,
A2653-C029,A2653-C029-m1,A2653,"불황에 고용 30만명 늘어난 비결은… ""노인이 노인 돌보는 月125만원 일자리가 견인""",2025-10-27,https://biz.chosun.com/policy/policy_sub/2025/10/27/2FODHT7STNEO3HWNL4LF4DKVKY/,이는 지난해 1인 가구 최저생계비(133만원)에 못 미치는 수준이다.,조사 시점을 기준으로 최근 3개월간 비거주 복지시설 운영업 취업자의 평균 임금은 125만원이다.,같은 대분류인 보건업 및 사회복지 서비스업의 다른 업종과 비교해도 확연히 낮다.,국내공식통계,N,고용,취업자 평균 임금,"비거주 복지시설 운영업, 1인 가구 최저생계비",-,-,-,비거주 복지시설 운영업,-,-,-,2024,-,Y,확정,133만원,KOSIS_VALUE,hcx,취업자 평균 임금,비거주 복지시설 운영업,2024,Y,hcx,현재값,1330000,-,-,N,원,수준값,-,전년동기,이는 지난해 1인 가구 최저생계비(133만원)에 못 미치는 수준이다.,high,N,-,N,0,0,HCX-007,v1.5-measurement-binding,2026-07-28,취업자 평균 임금,비거주 복지시설 운영업,2024,Y,원,원,currency,amount,person,,Y,,
A0308-C003,A0308-C003-m2,A0308,3분기 연속 제로 성장… 현실이 된 ‘피크 코리아’,2025-01-24,https://www.chosun.com/economy/economy_general/2025/01/24/SCPOEWE2RNG4NPULCO2RIKRR2I,"성장률이 3개 분기 연속으로 0.1% 이하를 기록한 것은 외환 위기 직격탄을 맞은 1997년 4분기(-0.6%), 1998년 1분기(-6.7%), 2분기(-0.8%) 이후 26년 만에 처음이다.",지난해 4~12월 경제 성장이 거의 멎었다는 뜻이다.,작년 4분기는 11월 전망(0.5%)의 5분의 1에 불과하다.,국내공식통계,N,생산·산업,경제성장률,"경제 성장, 피크 코리아, 외환 위기, 전망",-,-,-,,-,-,-,1997,-,Y,확정,0.6%,KOSIS_VALUE,hcx,경제성장률,-,1997,Y,hcx,현재값,0.6,-,-,N,%,비중,감소,전분기,"성장률이 3개 분기 연속으로 0.1% 이하를 기록한 것은 외환 위기 직격탄을 맞은 1997년 4분기(-0.6%), 1998년 1분기(-6.7%), 2분기(-0.8%) 이후 26년 만에 처음이다.",high,Y,measurement_binding_fallback:1,Y,0,1,HCX-007,v1.5-measurement-binding,2026-07-28,경제성장률,,2024Q4,Q,%,%,rate,level,unspecified,,Y,,
A0308-C003,A0308-C003-m3,A0308,3분기 연속 제로 성장… 현실이 된 ‘피크 코리아’,2025-01-24,https://www.chosun.com/economy/economy_general/2025/01/24/SCPOEWE2RNG4NPULCO2RIKRR2I,"성장률이 3개 분기 연속으로 0.1% 이하를 기록한 것은 외환 위기 직격탄을 맞은 1997년 4분기(-0.6%), 1998년 1분기(-6.7%), 2분기(-0.8%) 이후 26년 만에 처음이다.",지난해 4~12월 경제 성장이 거의 멎었다는 뜻이다.,작년 4분기는 11월 전망(0.5%)의 5분의 1에 불과하다.,국내공식통계,N,생산·산업,경제성장률,"경제 성장, 피크 코리아, 외환 위기, 전망",-,-,-,,-,-,-,1998,-,Y,확정,6.7%,KOSIS_VALUE,hcx,경제성장률,-,1998,Y,hcx,현재값,6.7,-,-,N,%,비중,감소,전분기,"성장률이 3개 분기 연속으로 0.1% 이하를 기록한 것은 외환 위기 직격탄을 맞은 1997년 4분기(-0.6%), 1998년 1분기(-6.7%), 2분기(-0.8%) 이후 26년 만에 처음이다.",high,Y,measurement_binding_fallback:1,Y,0,1,HCX-007,v1.5-measurement-binding,2026-07-28,경제성장률,,2024Q4,Q,%,%,rate,level,unspecified,,Y,,
A0308-C003,A0308-C003-m4,A0308,3분기 연속 제로 성장… 현실이 된 ‘피크 코리아’,2025-01-24,https://www.chosun.com/economy/economy_general/2025/01/24/SCPOEWE2RNG4NPULCO2RIKRR2I,"성장률이 3개 분기 연속으로 0.1% 이하를 기록한 것은 외환 위기 직격탄을 맞은 1997년 4분기(-0.6%), 1998년 1분기(-6.7%), 2분기(-0.8%) 이후 26년 만에 처음이다.",지난해 4~12월 경제 성장이 거의 멎었다는 뜻이다.,작년 4분기는 11월 전망(0.5%)의 5분의 1에 불과하다.,국내공식통계,N,생산·산업,경제성장률,"경제 성장, 피크 코리아, 외환 위기, 전망",-,-,-,,-,-,-,1998Q2,-,Q,확정,0.8%,KOSIS_VALUE,hcx,경제성장률,-,1998Q2,Q,hcx,현재값,0.8,-,-,N,%,비중,감소,전분기,"성장률이 3개 분기 연속으로 0.1% 이하를 기록한 것은 외환 위기 직격탄을 맞은 1997년 4분기(-0.6%), 1998년 1분기(-6.7%), 2분기(-0.8%) 이후 26년 만에 처음이다.",high,Y,measurement_binding_fallback:1,Y,0,1,HCX-007,v1.5-measurement-binding,2026-07-28,경제성장률,,2024Q4,Q,%,%,rate,level,unspecified,,Y,,
A0354-C009,A0354-C009-m1,A0354,올해 한국 초고령사회 진입…영수증 누가 지불할 것인가,2025-01-28,https://www.chosun.com/economy/economy_general/2025/01/28/RQTVHZUIN5HRRDBROUKFY5NLFM,이 중 약 절반인 1700만 명이 고령 인구가 된다.,"통계청이 발표한 ‘세계와 한국의 인구 현황및 전망(2024)’에 따르면, 한국 인구는 2024년 5200만 명에서 2072년 3600만 명으로 감소한다.",더욱 심각한 지표는 노년 부양비다.,국내공식통계,N,인구,고령 인구,"한국, 초고령사회, 인구",-,-,-,,-,-,-,2025,-,Y,확정,1700만 명,KOSIS_VALUE,hcx,고령 인구,-,2025,Y,hcx,현재값,17000000,-,-,N,명,수준값,-,전년,이 중 약 절반인 1700만 명이 고령 인구가 된다.,mid,N,-,N,0,0,HCX-007,v1.5-measurement-binding,2026-07-28,고령 인구,,2025,Y,명,명,person_count,count,person,,Y,,
A0698-C034,A0698-C034-m1,A0698,높아진 거래소 잣대에 고전하는 1세대 벤처캐피털... 내달 상폐 재심사,2025-02-23,https://www.chosun.com/economy/money/2025/02/23/5GQ4NMP27KG7RQOLIV4MEAF44M,2023년과 지난해 상장폐지 기업 수는 27곳이었다.,20일 기준으로 약 2개월여 만에 10개 상장사의 상장폐지가 확정됐다.,2022년엔 1년 동안 22개 상장사가 증시에서 퇴출된 데 그쳤다.,국내공식통계,N,생산·산업,상장폐지 기업 수,"거래소, 상장사, 상장폐지, 벤처캐피털",-,-,-,,-,-,-,2023,-,Y,확정,27곳,KOSIS_VALUE,hcx,상장폐지 기업 수,-,2023,Y,hcx,현재값,27,-,-,N,개,수준값,-,전년,2023년과 지난해 상장폐지 기업 수는 27곳이었다.,high,N,-,N,0,0,HCX-007,v1.5-measurement-binding,2026-07-28,상장폐지 기업 수,,2023,Y,곳,개,count,count,organization,,Y,,
A1730-C001,A1730-C001-m1,A1730,주담대 연체율도 두 달 연속 최고치,2025-05-14,https://www.chosun.com/economy/economy_general/2025/05/14/7NSJI2LCGFEVLORPOGD5NAGVJU,한국의 가계 부채는 매년 빠르게 증가해 작년 말 1900조원을 넘었다.,-,가계 부채가 국내총생산(GDP)에서 차지하는 비율이 90%를 넘어 세계 주요국 중 2위다.,국내공식통계,N,금융·금리,가계 부채,"GDP, 비율",-,-,-,,-,-,-,2024,-,Y,확정,1900조원,KOSIS_VALUE,hcx,가계 부채,-,2024,Y,hcx,현재값,1900000000000000,-,-,N,원,수준값,증가,전년,한국의 가계 부채는 매년 빠르게 증가해 작년 말 1900조원을 넘었다.,high,N,-,N,0,0,HCX-007,v1.5-measurement-binding,2026-07-28,가계 부채,,2024,Y,원,원,currency,amount,unspecified,,Y,,
A2291-C005,A2291-C005-m1,A2291,결혼·출산은 33년 만에 10개월 연속 증가,2025-06-26,https://www.chosun.com/economy/economy_general/2025/06/26/GDQ3PEJNV5H3RGFRU6KZAZ6BSE,이런 증가율은 4월 기준으로는 1991년(8.7%) 이후 34년 만에 가장 높았다.,25일 통계청은 ‘4월 인구 동향’에서 4월 출생아 수가 2만717명으로 전년 같은 달보다 8.7% 증가했다고 밝혔다.,월별 출생아 수는 지난해 7월(7.8%) 이후 10개월째 증가세를 보이고 있다.,국내공식통계,Y,인구,출생아 수,"출생아, 인구 동향, 증가율",-,-,-,,-,-,-,1991,-,Y,확정,8.7%,KOSIS_VALUE,hcx,출생아 수,-,1991,Y,hcx,증감률,8.7,-,-,N,%,증감률,증가,전년동월,이런 증가율은 4월 기준으로는 1991년(8.7%) 이후 34년 만에 가장 높았다.,high,N,-,N,0,0,HCX-007,v1.5-measurement-binding,2026-07-28,출생아 수 증감률,,2025-04,M,%,%,rate,rate_change,unspecified,1990,Y,,
A0698-C033,A0698-C033-m1,A0698,높아진 거래소 잣대에 고전하는 1세대 벤처캐피털... 내달 상폐 재심사,2025-02-23,https://www.chosun.com/economy/money/2025/02/23/5GQ4NMP27KG7RQOLIV4MEAF44M,20일 기준으로 약 2개월여 만에 10개 상장사의 상장폐지가 확정됐다.,실제 올해 들어 상장폐지 확정 기업 수가 빠르게 늘고 있다.,2023년과 지난해 상장폐지 기업 수는 27곳이었다.,국내공식통계,N,금융·금리,상장폐지 확정 기업 수,"거래소, 벤처캐피털, 상장폐지, 확정",-,-,-,,-,-,-,2025-02,-,M,확정,10개,KOSIS_VALUE,hcx,상장폐지 확정 기업 수,-,2025-02,M,hcx,현재값,10,-,-,N,개,수준값,-,특정시점,20일 기준으로 약 2개월여 만에 10개 상장사의 상장폐지가 확정됐다.,high,N,-,N,0,0,HCX-007,v1.5-measurement-binding,2026-07-28,상장폐지 확정 기업 수,,2025-02,M,개,개,count,count,organization,,Y,,
A2386-C001,A2386-C001-m1,A2386,올 상반기 韓 농식품 수출 전년 대비 8.4% 증가...불닭맛 인기에 라면 24% 수출 높아져,2025-07-03,https://www.chosun.com/economy/economy_general/2025/07/03/T7MSW2CNINHAZO2OORXLNKWARY,농림축산식품부가 올해 상반기 ‘케이-푸드 플러스(K-Food+)’의 수출액이 지난해 같은 기간보다 7.1% 증가한 66억7000만달러를 기록했다고 3일 밝혔다.,-,케이-푸드 플러스(K-Food+)란 국산 농식품류(신선 및 가공식품)와 동물약품 및 농기자재 등 농산업 제품을 포함하는 개념이다.,국내공식통계,Y,무역,수출액 증감률,"농식품, 수출액, 케이-푸드 플러스(K-Food+)",-,-,-,"농산물, 식품",-,-,-,2025H2,-,H,확정,7.1%,KOSIS_VALUE,hcx,수출액 증감률,"농산물, 식품",2025H2,H,hcx,증감률,7.1,-,-,N,%,증감률,증가,전년동기,농림축산식품부가 올해 상반기 '케이-푸드 플러스(K-Food+)'의 수출액이 지난해 같은 기간보다 7.1% 증가한 66억7000만달러를 기록했다고 3일 밝혔다.,high,N,-,N,0,0,HCX-007,v1.5-measurement-binding,2026-07-28,수출액,"농산물, 식품",2025H2,H,%,%,rate,rate_change,item,2024,Y,,
A2386-C001,A2386-C001-m2,A2386,올 상반기 韓 농식품 수출 전년 대비 8.4% 증가...불닭맛 인기에 라면 24% 수출 높아져,2025-07-03,https://www.chosun.com/economy/economy_general/2025/07/03/T7MSW2CNINHAZO2OORXLNKWARY,농림축산식품부가 올해 상반기 ‘케이-푸드 플러스(K-Food+)’의 수출액이 지난해 같은 기간보다 7.1% 증가한 66억7000만달러를 기록했다고 3일 밝혔다.,-,케이-푸드 플러스(K-Food+)란 국산 농식품류(신선 및 가공식품)와 동물약품 및 농기자재 등 농산업 제품을 포함하는 개념이다.,국내공식통계,Y,무역,수출액,"농식품, 수출액, 케이-푸드 플러스(K-Food+)",-,-,-,"농산물, 식품",-,-,-,2025H2,-,H,확정,66억7000만달러,KOSIS_VALUE,hcx,수출액,"농산물, 식품",2025H2,H,hcx,현재값,6670000000,-,-,N,달러,수준값,증가,전년동기,농림축산식품부가 올해 상반기 '케이-푸드 플러스(K-Food+)'의 수출액이 지난해 같은 기간보다 7.1% 증가한 66억7000만달러를 기록했다고 3일 밝혔다.,high,N,-,N,0,0,HCX-007,v1.5-measurement-binding,2026-07-28,수출액,"농산물, 식품",2025H2,H,달러,달러,currency,amount,item,,Y,,
A2123-C009,A2123-C009-m4,A2123,어! 6개월 예금 금리가 2년짜리보다 높네,2025-06-13,https://www.chosun.com/economy/economy_general/2025/06/13/UPQWEHKPIJAN7J7GAGHAJAZ5UE,"실제 한국은행에 따르면, 작년 5월 은행의 1년 만기 신규 정기예금 금리 평균은 연 3.61%, 6개월 미만 만기는 연 3.45%로 집계되는 등 대부분 기간에서 만기가 길수록 예금 금리가 높다.",1년 이상의 장기 예금이 은행 자금을 운용할 때 더 안정적이기 때문이다.,그러나 최근 이례적으로 장단기 예금 금리 역전 현상이 벌어지고 있다.,국내공식통계,N,금융·금리,6개월 미만 만기 신규 정기예금 금리,"은행, 예금 금리, 만기",-,-,-,,-,-,-,2024,-,M,확정,연 3.45%,KOSIS_VALUE,hcx,6개월 미만 만기 신규 정기예금 금리,-,2024,M,hcx,현재값,3.45,-,-,N,%,수준값,-,-,"작년 5월 은행의 1년 만기 신규 정기예금 금리 평균은 연 3.61%, 6개월 미만 만기는 연 3.45%로 집계되는 등 대부분 기간에서 만기가 길수록 예금 금리가 높다.",high,N,-,N,0,0,HCX-007,v1.5-measurement-binding,2026-07-28,신규 정기예금 금리,,2024,Y,%,%,rate,level,unspecified,,Y,,
A0898-C009,A0898-C009-m3,A0898,"국내 車 생산, 세계 7위로 추락… 멕시코에도 밀렸다",2025-03-11,https://www.chosun.com/economy/auto/2025/03/11/BD2YKP6KLNGMHHMTNOZSSXUYTQ,"◇5년 만에 다시 7위로 한국자동차모빌리티산업협회(KAMA)는 10일 내놓은 ‘2024년 세계 자동차 생산 현황과 시사점’ 보고서에서 국내 자동차 생산은 전년 대비 2.7% 감소한 412만8242대를 기록, 7위에 그쳤다고 밝혔다.","30만명이 넘는 자동차 산업 종사자들은 물론 철강, 운송 등 전후방 연관 산업의 일자리 역시 위기를 맞을 수 있다.",코로나 이전인 2019년(7위) 이후 가장 낮은 순위다.,국내공식통계,Y,생산·산업,자동차 생산 증감률,"한국자동차모빌리티산업협회, 세계 자동차 생산 현황, 자동차 생산",-,-,-,자동차,-,-,-,2024,-,Y,확정,2.7%,KOSIS_VALUE,hcx,자동차 생산 증감률,자동차,2024,Y,hcx,증감률,2.7,-,-,N,%,증감률,감소,전년,"◇5년 만에 다시 7위로 한국자동차모빌리티산업협회(KAMA)는 10일 내놓은 ‘2024년 세계 자동차 생산 현황과 시사점’ 보고서에서 국내 자동차 생산은 전년 대비 2.7% 감소한 412만8242대를 기록, 7위에 그쳤다고 밝혔다.",high,N,-,Y,0,0,HCX-007,v1.5-measurement-binding,2026-07-28,세계 자동차 생산 순위,자동차,2024,Y,%,%,rate,rate_change,vehicle,2023,Y,,
A0898-C009,A0898-C009-m4,A0898,"국내 車 생산, 세계 7위로 추락… 멕시코에도 밀렸다",2025-03-11,https://www.chosun.com/economy/auto/2025/03/11/BD2YKP6KLNGMHHMTNOZSSXUYTQ,"◇5년 만에 다시 7위로 한국자동차모빌리티산업협회(KAMA)는 10일 내놓은 ‘2024년 세계 자동차 생산 현황과 시사점’ 보고서에서 국내 자동차 생산은 전년 대비 2.7% 감소한 412만8242대를 기록, 7위에 그쳤다고 밝혔다.","30만명이 넘는 자동차 산업 종사자들은 물론 철강, 운송 등 전후방 연관 산업의 일자리 역시 위기를 맞을 수 있다.",코로나 이전인 2019년(7위) 이후 가장 낮은 순위다.,국내공식통계,Y,생산·산업,자동차 생산 대수,"한국자동차모빌리티산업협회, 세계 자동차 생산 현황, 자동차 생산",-,-,-,자동차,-,-,-,2024,-,Y,확정,412만8242대,KOSIS_VALUE,hcx,자동차 생산 대수,자동차,2024,Y,hcx,현재값,4128242,-,-,N,대,수준값,감소,전년,"◇5년 만에 다시 7위로 한국자동차모빌리티산업협회(KAMA)는 10일 내놓은 ‘2024년 세계 자동차 생산 현황과 시사점’ 보고서에서 국내 자동차 생산은 전년 대비 2.7% 감소한 412만8242대를 기록, 7위에 그쳤다고 밝혔다.",high,N,-,Y,0,0,HCX-007,v1.5-measurement-binding,2026-07-28,세계 자동차 생산 순위,자동차,2024,Y,대,대,count,count,vehicle,,Y,,
A2057-C003,A2057-C003-m1,A2057,"1∼5월 비행기로 韓日 오간 승객 1000만명 넘어, 역대 최대",2025-06-08,https://www.chosun.com/economy/industry-company/2025/06/08/UM3G2KZJA5G5JAXSDXKXPJLIGA,"8일 국토교통부 등에 따르면, 올해 1∼5월 한국과 일본을 오가는 항공 노선을 이용한 승객은 총 1124만6131명으로 집계됐다.",100엔(円)당 1000원을 밑도는 엔저 현상으로 일본 여행 수요가 폭증한 데다 국내 항공사들이 신규 노선을 잇따라 개설한 영향으로 분석된다.,역대 최대였던 지난해 동기(1015만6796명)보다 10.7% 많다.,국내공식통계,Y,무역,항공 노선 이용객 수,"한국, 일본, 항공 노선, 이용객 수",-,-,-,,-,-,-,2025-01 ~ 2025-05,2025-05,M,확정,1124만6131명,KOSIS_VALUE,hcx,항공 노선 이용객 수,-,2025-01 ~ 2025-05,M,hcx,현재값,11246131,-,-,N,명,수준값,-,전년동기,올해 1∼5월 한국과 일본을 오가는 항공 노선을 이용한 승객은 총 1124만6131명으로 집계됐다.,high,N,-,N,0,0,HCX-007,v1.5-measurement-binding,2026-07-28,항공 노선 이용객 수,,2025-01 ~ 2025-05,M,명,명,person_count,count,person,,Y,,
A1439-C015,A1439-C015-m2,A1439,“신입 나디아입니다”… 대기업도 외국인 채용 늘린다,2025-04-21,https://www.chosun.com/economy/industry-company/2025/04/21/7AMOSPPW5BAADGG7RTIPDBVC7A,"외국인 유학생 숫자는 2022년 19만7000명에서 2024년엔 26만3000명으로 증가해, 지금 추세면 올해 말 30만명을 넘을 것으로 전망된다.","가요, 드라마, 음식 등으로 한국 문화가 널리 알려지며 한국에 호감을 느낀 외국인 청년이 많아진 여파다.",이들 다수도 한국에 남아서 일하고 싶다는 의지가 크다.,국내공식통계,Y,인구,외국인 유학생 숫자,"외국인, 유학생, 청년",-,-,-,,-,-,-,2024,-,Y,확정,26만3000명,KOSIS_VALUE,hcx,외국인 유학생 숫자,-,2024,Y,hcx,현재값,263000,-,-,N,명,수준값,증가,전년,"외국인 유학생 숫자는 2022년 19만7000명에서 2024년엔 26만3000명으로 증가해, 지금 추세면 올해 말 30만명을 넘을 것으로 전망된다.",high,N,-,N,0,0,HCX-007,v1.5-measurement-binding,2026-07-28,외국인 유학생 숫자,,2024,Y,명,명,person_count,count,unspecified,,Y,,
A1107-C009,A1107-C009-m1,A1107,전국 주택 시총 6839조… 68%가 수도권에,2025-03-27,https://www.chosun.com/economy/economy_general/2025/03/27/7CL52K5RZFDOBO7FGPJZSJ75T4,지역별 지역내총생산(GRDP) 대비 주택 시가총액 배율은 2023년 기준 세종이 4.5배로 가장 높아 전국 평균(2.8배)을 상회했다.,"이어 단독주택(15.5%), 연립·다세대주택(8.2%) 등이 뒤를 이었다.","이 밖에 서울(4.2배), 대구(3.4배) 등이 순위권에 이름을 올렸다.",국내공식통계,N,부동산,지역내총생산(GRDP) 대비 주택 시가총액 배율,"전국, 주택 시가총액, GRDP, 수도권, 세종, 서울, 대구",-,-,-,세종,-,-,-,2023,-,Y,확정,4.5배,KOSIS_VALUE,hcx,지역내총생산(GRDP) 대비 주택 시가총액 배율,세종,2023,Y,hcx,현재값,4.5,-,-,N,배,수준값,-,전년,지역별 지역내총생산(GRDP) 대비 주택 시가총액 배율은 2023년 기준 세종이 4.5배로 가장 높아 전국 평균(2.8배)을 상회했다.,high,N,-,N,0,0,HCX-007,v1.5-measurement-binding,2026-07-28,지역내총생산(GRDP) 대비 주택 시가총액 배율,,2023,Y,배,배,multiple,multiple,item,,Y,,
A1107-C009,A1107-C009-m2,A1107,전국 주택 시총 6839조… 68%가 수도권에,2025-03-27,https://www.chosun.com/economy/economy_general/2025/03/27/7CL52K5RZFDOBO7FGPJZSJ75T4,지역별 지역내총생산(GRDP) 대비 주택 시가총액 배율은 2023년 기준 세종이 4.5배로 가장 높아 전국 평균(2.8배)을 상회했다.,"이어 단독주택(15.5%), 연립·다세대주택(8.2%) 등이 뒤를 이었다.","이 밖에 서울(4.2배), 대구(3.4배) 등이 순위권에 이름을 올렸다.",국내공식통계,N,부동산,지역내총생산(GRDP) 대비 주택 시가총액 배율,"전국, 주택 시가총액, GRDP, 수도권, 세종, 서울, 대구",-,-,-,전국 평균,-,-,-,2023,-,Y,확정,2.8배,KOSIS_VALUE,hcx,지역내총생산(GRDP) 대비 주택 시가총액 배율,전국 평균,2023,Y,hcx,현재값,2.8,-,-,N,배,수준값,-,전년,지역별 지역내총생산(GRDP) 대비 주택 시가총액 배율은 2023년 기준 세종이 4.5배로 가장 높아 전국 평균(2.8배)을 상회했다.,high,N,-,N,0,0,HCX-007,v1.5-measurement-binding,2026-07-28,지역내총생산(GRDP) 대비 주택 시가총액 배율,,2023,Y,배,배,multiple,multiple,item,,Y,,
A2289-C016,A2289-C016-m1,A2289,"광업·제조업 생산 늘어난 경북과 울산, 실질 지역내총생산 증가율 1·2위, 대구와 세종은 꼴찌 수준",2025-06-26,https://www.chosun.com/economy/economy_general/2025/06/26/6JB2D4IQQZHCFKGAPHZLSUQ7OY,"특히 대구(-24.3%), 광주(-18.5%), 세종(-19.4%) 등 8개 광역지자체의 건설업 성장률은 전국 평균 건설업 성장률보다 크게 낮은 것으로 집계됐다.",올해 1분기 전국 건설업 성장률은 전년 동기 대비 -12.4%였다.,통계청은 그동안 ‘연도별’ 지역내총생산(GRDP) 지표를 발표해왔지만 최근 분기별 GRDP 지표 개발을 완료해 이번부터 공개했다.,국내공식통계,Y,생산·산업,건설업 성장률,"광업, 제조업, 지역내총생산, 건설업 성장률, 광역지자체",-,-,-,대구,-,-,-,2025Q1,-,Q,확정,24.3%,KOSIS_VALUE,hcx,건설업 성장률,대구,2025Q1,Q,hcx,현재값,24.3,-,-,N,%,증감률,감소,전년동기,"특히 대구(-24.3%), 광주(-18.5%), 세종(-19.4%) 등 8개 광역지자체의 건설업 성장률은 전국 평균 건설업 성장률보다 크게 낮은 것으로 집계됐다.",high,N,-,N,0,0,HCX-007,v1.5-measurement-binding,2026-07-28,건설업 성장률,,2025Q1,Q,%,%,rate,rate_change,item,2024,Y,,
A2289-C016,A2289-C016-m2,A2289,"광업·제조업 생산 늘어난 경북과 울산, 실질 지역내총생산 증가율 1·2위, 대구와 세종은 꼴찌 수준",2025-06-26,https://www.chosun.com/economy/economy_general/2025/06/26/6JB2D4IQQZHCFKGAPHZLSUQ7OY,"특히 대구(-24.3%), 광주(-18.5%), 세종(-19.4%) 등 8개 광역지자체의 건설업 성장률은 전국 평균 건설업 성장률보다 크게 낮은 것으로 집계됐다.",올해 1분기 전국 건설업 성장률은 전년 동기 대비 -12.4%였다.,통계청은 그동안 ‘연도별’ 지역내총생산(GRDP) 지표를 발표해왔지만 최근 분기별 GRDP 지표 개발을 완료해 이번부터 공개했다.,국내공식통계,Y,생산·산업,건설업 성장률,"광업, 제조업, 지역내총생산, 건설업 성장률, 광역지자체",-,-,-,광주,-,-,-,2025Q1,-,Q,확정,18.5%,KOSIS_VALUE,hcx,건설업 성장률,광주,2025Q1,Q,hcx,현재값,18.5,-,-,N,%,증감률,감소,전년동기,"특히 대구(-24.3%), 광주(-18.5%), 세종(-19.4%) 등 8개 광역지자체의 건설업 성장률은 전국 평균 건설업 성장률보다 크게 낮은 것으로 집계됐다.",high,N,-,N,0,0,HCX-007,v1.5-measurement-binding,2026-07-28,건설업 성장률,,2025Q1,Q,%,%,rate,rate_change,item,2024,Y,,
A2289-C016,A2289-C016-m3,A2289,"광업·제조업 생산 늘어난 경북과 울산, 실질 지역내총생산 증가율 1·2위, 대구와 세종은 꼴찌 수준",2025-06-26,https://www.chosun.com/economy/economy_general/2025/06/26/6JB2D4IQQZHCFKGAPHZLSUQ7OY,"특히 대구(-24.3%), 광주(-18.5%), 세종(-19.4%) 등 8개 광역지자체의 건설업 성장률은 전국 평균 건설업 성장률보다 크게 낮은 것으로 집계됐다.",올해 1분기 전국 건설업 성장률은 전년 동기 대비 -12.4%였다.,통계청은 그동안 ‘연도별’ 지역내총생산(GRDP) 지표를 발표해왔지만 최근 분기별 GRDP 지표 개발을 완료해 이번부터 공개했다.,국내공식통계,Y,생산·산업,건설업 성장률,"광업, 제조업, 지역내총생산, 건설업 성장률, 광역지자체",-,-,-,세종,-,-,-,2025Q1,-,Q,확정,19.4%,KOSIS_VALUE,hcx,건설업 성장률,세종,2025Q1,Q,hcx,현재값,19.4,-,-,N,%,증감률,감소,전년동기,"특히 대구(-24.3%), 광주(-18.5%), 세종(-19.4%) 등 8개 광역지자체의 건설업 성장률은 전국 평균 건설업 성장률보다 크게 낮은 것으로 집계됐다.",high,N,-,N,0,0,HCX-007,v1.5-measurement-binding,2026-07-28,건설업 성장률,,2025Q1,Q,%,%,rate,rate_change,item,2024,Y,,
A2289-C016,A2289-C016-m4,A2289,"광업·제조업 생산 늘어난 경북과 울산, 실질 지역내총생산 증가율 1·2위, 대구와 세종은 꼴찌 수준",2025-06-26,https://www.chosun.com/economy/economy_general/2025/06/26/6JB2D4IQQZHCFKGAPHZLSUQ7OY,"특히 대구(-24.3%), 광주(-18.5%), 세종(-19.4%) 등 8개 광역지자체의 건설업 성장률은 전국 평균 건설업 성장률보다 크게 낮은 것으로 집계됐다.",올해 1분기 전국 건설업 성장률은 전년 동기 대비 -12.4%였다.,통계청은 그동안 ‘연도별’ 지역내총생산(GRDP) 지표를 발표해왔지만 최근 분기별 GRDP 지표 개발을 완료해 이번부터 공개했다.,국내공식통계,Y,생산·산업,광역지자체,"광업, 제조업, 지역내총생산, 건설업 성장률, 광역지자체",-,-,-,,-,-,-,2025Q1,-,Q,확정,8개,KOSIS_VALUE,hcx,광역지자체,-,2025Q1,Q,hcx,현재값,8,-,-,N,개,수준값,-,-,"특히 대구(-24.3%), 광주(-18.5%), 세종(-19.4%) 등 8개 광역지자체의 건설업 성장률은 전국 평균 건설업 성장률보다 크게 낮은 것으로 집계됐다.",high,N,-,N,0,0,HCX-007,v1.5-measurement-binding,2026-07-28,건설업 성장률,,2025Q1,Q,개,개,count,count,unspecified,,Y,,
A0307-C002,A0307-C002-m1,A0307,국민 1인당 쌀 소비량 40년 연속 줄어들어,2025-01-24,https://www.chosun.com/economy/economy_general/2025/01/24/QQUF6ZVISNG2HNXOKEHMHZYW2U,"통계청이 23일 발표한 ‘2024년 양곡소비량조사 결과’에 따르면, 작년 국민 1인당 쌀 소비량은 1년 전보다 1.1%(0.6kg) 감소한 55.8kg을 기록했다.",국민 1인당 쌀 소비량이 40년 연속으로 줄어든 것으로 나타났다.,1인당 쌀 소비량은 1984년(130.1kg) 이후 40년 연속으로 감소하고 있다.,국내공식통계,Y,인구,국민 1인당 쌀 소비량,쌀 소비량;양곡소비량조사,-,-,-,,-,-,-,2024,-,Y,확정,55.8kg,KOSIS_VALUE,hcx,국민 1인당 쌀 소비량,-,2024,Y,hcx,현재값,55.8,-,-,N,kg,수준값,감소,전년,"통계청이 23일 발표한 ‘2024년 양곡소비량조사 결과’에 따르면, 작년 국민 1인당 쌀 소비량은 1년 전보다 1.1%(0.6kg) 감소한 55.8kg을 기록했다.",high,N,-,Y,0,0,HCX-007,v1.5-measurement-binding,2026-07-28,국민 1인당 쌀 소비량,,2024,Y,kg,kg,quantity,level,unspecified,,Y,,
A0307-C002,A0307-C002-m2,A0307,국민 1인당 쌀 소비량 40년 연속 줄어들어,2025-01-24,https://www.chosun.com/economy/economy_general/2025/01/24/QQUF6ZVISNG2HNXOKEHMHZYW2U,"통계청이 23일 발표한 ‘2024년 양곡소비량조사 결과’에 따르면, 작년 국민 1인당 쌀 소비량은 1년 전보다 1.1%(0.6kg) 감소한 55.8kg을 기록했다.",국민 1인당 쌀 소비량이 40년 연속으로 줄어든 것으로 나타났다.,1인당 쌀 소비량은 1984년(130.1kg) 이후 40년 연속으로 감소하고 있다.,국내공식통계,Y,인구,국민 1인당 쌀 소비량 증감률,쌀 소비량;양곡소비량조사,-,-,-,,-,-,-,2024,-,Y,확정,1.1%,KOSIS_VALUE,hcx,국민 1인당 쌀 소비량 증감률,-,2024,Y,hcx,증감률,1.1,-,-,N,%,증감률,감소,전년,"통계청이 23일 발표한 ‘2024년 양곡소비량조사 결과’에 따르면, 작년 국민 1인당 쌀 소비량은 1년 전보다 1.1%(0.6kg) 감소한 55.8kg을 기록했다.",high,N,-,Y,0,0,HCX-007,v1.5-measurement-binding,2026-07-28,국민 1인당 쌀 소비량,,2024,Y,%,%,rate,rate_change,unspecified,2023,Y,,
A0439-C027,A0439-C027-m1,A0439,日 금리 올려도… ‘정국 혼란 충격’ 원화보다 더 떨어진 엔화,2025-02-03,https://www.chosun.com/economy/economy_general/2025/02/03/VYSTHUNQQNHHNDASV5NEENXIKA,한국(3만6132달러)이나 대만(3만3234달러)에 뒤진다.,국제통화기금(IMF)이 지난해 10월 추정한 일본의 작년 1인당 GDP(국내총생산)는 3만2859달러다.,"일본의 1인당 GDP는 2012년 4만9145달러에 달했는데, 12년 만에 달러로 환산해 3분의 2 수준으로 쪼그라들었다.",국내공식통계,N,소득·임금,한국의 1인당 GDP,"국제통화기금, 일본, 한국, 대만",-,-,-,,-,-,-,2024,-,Y,확정,3만6132달러,KOSIS_VALUE,hcx,한국의 1인당 GDP,-,2024,Y,hcx,현재값,36132,-,-,N,달러,수준값,-,전년,한국(3만6132달러)이나 대만(3만3234달러)에 뒤진다.,high,N,-,N,0,0,HCX-007,v1.5-measurement-binding,2026-07-28,1인당 GDP,,2024,Y,달러,달러,currency,amount,unspecified,,Y,,
A0439-C027,A0439-C027-m2,A0439,日 금리 올려도… ‘정국 혼란 충격’ 원화보다 더 떨어진 엔화,2025-02-03,https://www.chosun.com/economy/economy_general/2025/02/03/VYSTHUNQQNHHNDASV5NEENXIKA,한국(3만6132달러)이나 대만(3만3234달러)에 뒤진다.,국제통화기금(IMF)이 지난해 10월 추정한 일본의 작년 1인당 GDP(국내총생산)는 3만2859달러다.,"일본의 1인당 GDP는 2012년 4만9145달러에 달했는데, 12년 만에 달러로 환산해 3분의 2 수준으로 쪼그라들었다.",국내공식통계,N,소득·임금,대만의 1인당 GDP,"국제통화기금, 일본, 한국, 대만",-,-,-,,-,-,-,2024,-,Y,확정,3만3234달러,KOSIS_VALUE,hcx,대만의 1인당 GDP,-,2024,Y,hcx,현재값,33234,-,-,N,달러,수준값,-,전년,한국(3만6132달러)이나 대만(3만3234달러)에 뒤진다.,high,N,-,N,0,0,HCX-007,v1.5-measurement-binding,2026-07-28,1인당 GDP,,2024,Y,달러,달러,currency,amount,unspecified,,Y,,
A2649-C034,A2649-C034-m1,A2649,"신생기업수 7년 만에 최저, 기업 신생률은 역대 최저..창업 생태계 활력 크게 둔화",2025-10-23,https://www.chosun.com/economy/economy_general/2025/10/23/KQLGD54VJNALZLYY36C2SH5AAU/,"지난해 고성장기업(최근 3년간 매출액 및 상용근로자 연평균 20% 이상 증가) 수는 5403개로 전년 대비 298개(5.2%) 감소했으며, 고성장기업 비율은 2.1%로 0.2%포인트 하락했다.",기업의 성장 잠재력 둔화 흐름이 지속되고 있다는 점도 확인됐다.,"김지섭 기자 2010년 조선일보에 입사해 사회부와 산업부를 거쳤으며, 주로 경제부에서 취재해왔다.",국내공식통계,Y,고용,고성장기업 수,"신생기업수, 기업 신생률, 창업 생태계, 고성장기업, 매출액, 상용근로자",-,-,-,,-,-,-,2024,-,Y,확정,5403개,KOSIS_VALUE,hcx,고성장기업 수,-,2024,Y,hcx,현재값,5403,-,-,N,개,수준값,증가,전년,"지난해 고성장기업(최근 3년간 매출액 및 상용근로자 연평균 20% 이상 증가) 수는 5403개로 전년 대비 298개(5.2%) 감소했으며, 고성장기업 비율은 2.1%로 0.2%포인트 하락했다.",high,Y,measurement_rule_fallback:1,Y,1,0,HCX-007,v1.5-measurement-binding,2026-07-28,고성장기업 비율,,2024,Y,개,개,count,count,organization,,Y,,
A2649-C034,A2649-C034-m2,A2649,"신생기업수 7년 만에 최저, 기업 신생률은 역대 최저..창업 생태계 활력 크게 둔화",2025-10-23,https://www.chosun.com/economy/economy_general/2025/10/23/KQLGD54VJNALZLYY36C2SH5AAU/,"지난해 고성장기업(최근 3년간 매출액 및 상용근로자 연평균 20% 이상 증가) 수는 5403개로 전년 대비 298개(5.2%) 감소했으며, 고성장기업 비율은 2.1%로 0.2%포인트 하락했다.",기업의 성장 잠재력 둔화 흐름이 지속되고 있다는 점도 확인됐다.,"김지섭 기자 2010년 조선일보에 입사해 사회부와 산업부를 거쳤으며, 주로 경제부에서 취재해왔다.",국내공식통계,Y,고용,고성장기업 수 증감률,"신생기업수, 기업 신생률, 창업 생태계, 고성장기업, 매출액, 상용근로자",-,-,-,,-,-,-,2024,-,Y,확정,5.2%,KOSIS_VALUE,hcx,고성장기업 수 증감률,-,2024,Y,hcx,증감률,5.2,-,-,N,%,증감률,감소,전년,"지난해 고성장기업(최근 3년간 매출액 및 상용근로자 연평균 20% 이상 증가) 수는 5403개로 전년 대비 298개(5.2%) 감소했으며, 고성장기업 비율은 2.1%로 0.2%포인트 하락했다.",high,Y,measurement_rule_fallback:1,Y,1,0,HCX-007,v1.5-measurement-binding,2026-07-28,고성장기업 비율,,2024,Y,%,%,rate,rate_change,organization,2023,Y,,
A2649-C034,A2649-C034-m5,A2649,"신생기업수 7년 만에 최저, 기업 신생률은 역대 최저..창업 생태계 활력 크게 둔화",2025-10-23,https://www.chosun.com/economy/economy_general/2025/10/23/KQLGD54VJNALZLYY36C2SH5AAU/,"지난해 고성장기업(최근 3년간 매출액 및 상용근로자 연평균 20% 이상 증가) 수는 5403개로 전년 대비 298개(5.2%) 감소했으며, 고성장기업 비율은 2.1%로 0.2%포인트 하락했다.",기업의 성장 잠재력 둔화 흐름이 지속되고 있다는 점도 확인됐다.,"김지섭 기자 2010년 조선일보에 입사해 사회부와 산업부를 거쳤으며, 주로 경제부에서 취재해왔다.",국내공식통계,Y,고용,고성장기업 비율,"신생기업수, 기업 신생률, 창업 생태계, 고성장기업, 매출액, 상용근로자",-,-,-,,-,-,-,2024,-,Y,확정,2.1%,KOSIS_VALUE,hcx,고성장기업 비율,-,2024,Y,hcx,현재값,2.1,-,-,N,%,수준값,증가,전년,"지난해 고성장기업(최근 3년간 매출액 및 상용근로자 연평균 20% 이상 증가) 수는 5403개로 전년 대비 298개(5.2%) 감소했으며, 고성장기업 비율은 2.1%로 0.2%포인트 하락했다.",high,Y,measurement_rule_fallback:1,Y,1,0,HCX-007,v1.5-measurement-binding,2026-07-28,고성장기업 비율,,2024,Y,%,%,rate,rate_level,organization,,Y,,
A2649-C034,A2649-C034-m6,A2649,"신생기업수 7년 만에 최저, 기업 신생률은 역대 최저..창업 생태계 활력 크게 둔화",2025-10-23,https://www.chosun.com/economy/economy_general/2025/10/23/KQLGD54VJNALZLYY36C2SH5AAU/,"지난해 고성장기업(최근 3년간 매출액 및 상용근로자 연평균 20% 이상 증가) 수는 5403개로 전년 대비 298개(5.2%) 감소했으며, 고성장기업 비율은 2.1%로 0.2%포인트 하락했다.",기업의 성장 잠재력 둔화 흐름이 지속되고 있다는 점도 확인됐다.,"김지섭 기자 2010년 조선일보에 입사해 사회부와 산업부를 거쳤으며, 주로 경제부에서 취재해왔다.",국내공식통계,Y,고용,고성장기업 비율 증감률,"신생기업수, 기업 신생률, 창업 생태계, 고성장기업, 매출액, 상용근로자",-,-,-,,-,-,-,2024,-,Y,확정,0.2%,KOSIS_VALUE,hcx,고성장기업 비율 증감률,-,2024,Y,hcx,증감률,0.2,-,-,N,%,증감률,감소,전년,"지난해 고성장기업(최근 3년간 매출액 및 상용근로자 연평균 20% 이상 증가) 수는 5403개로 전년 대비 298개(5.2%) 감소했으며, 고성장기업 비율은 2.1%로 0.2%포인트 하락했다.",high,Y,measurement_rule_fallback:1,Y,1,0,HCX-007,v1.5-measurement-binding,2026-07-28,고성장기업 비율,,2024,Y,%,%,rate,rate_change,organization,2023,Y,,
A0540-C010,A0540-C010-m1,A0540,국세 31조 덜 걷혀… 2년 연속 대규모 ‘세수 펑크’,2025-02-11,https://www.chosun.com/economy/economy_general/2025/02/11/EP666GEIQNHRLLXRVM77AZUML4,정부는 작년 법인세 세수가 쪼그라들자 지난 9월 세수 재추계 보도자료를 내고 국세가 377조7000억원 걷혀 29조6000억원의 세수 결손이 발생할 것이라고 발표했었다.,내수 부진 장기화로 신차 판매가 줄어들면서 개별소비세 세수도 목표치를 1조5000억원 밑돌았다.,이날 나온 실제 세수는 이보다도 1조2000억원 적다.,국내공식통계,N,재정·조세,국세,"세수 결손, 세수 재추계, 법인세 세수",-,-,-,,-,-,-,2024,-,Y,확정,377조7000억원,KOSIS_VALUE,hcx,국세,-,2024,Y,hcx,현재값,377700000000000,-,-,N,원,수준값,-,전년,정부는 작년 법인세 세수가 쪼그라들자 지난 9월 세수 재추계 보도자료를 내고 국세가 377조7000억원 걷혀 29조6000억원의 세수 결손이 발생할 것이라고 발표했었다.,high,N,-,N,0,0,HCX-007,v1.5-measurement-binding,2026-07-28,국세,,2024,Y,원,원,currency,amount,unspecified,,Y,,
A0540-C010,A0540-C010-m2,A0540,국세 31조 덜 걷혀… 2년 연속 대규모 ‘세수 펑크’,2025-02-11,https://www.chosun.com/economy/economy_general/2025/02/11/EP666GEIQNHRLLXRVM77AZUML4,정부는 작년 법인세 세수가 쪼그라들자 지난 9월 세수 재추계 보도자료를 내고 국세가 377조7000억원 걷혀 29조6000억원의 세수 결손이 발생할 것이라고 발표했었다.,내수 부진 장기화로 신차 판매가 줄어들면서 개별소비세 세수도 목표치를 1조5000억원 밑돌았다.,이날 나온 실제 세수는 이보다도 1조2000억원 적다.,국내공식통계,N,재정·조세,세수 결손,"세수 결손, 세수 재추계, 법인세 세수",-,-,-,,-,-,-,2024,-,Y,확정,29조6000억원,KOSIS_VALUE,hcx,세수 결손,-,2024,Y,hcx,현재값,29600000000000,-,-,N,원,수준값,-,전년,정부는 작년 법인세 세수가 쪼그라들자 지난 9월 세수 재추계 보도자료를 내고 국세가 377조7000억원 걷혀 29조6000억원의 세수 결손이 발생할 것이라고 발표했었다.,high,N,-,N,0,0,HCX-007,v1.5-measurement-binding,2026-07-28,국세,,2024,Y,원,원,currency,amount,unspecified,,Y,,
A1122-C015,A1122-C015-m2,A1122,"양양, 관광객이 주민의 28배… 인구감소지역 살리는 외부인",2025-03-28,https://www.chosun.com/economy/economy_general/2025/03/28/ECG25DYMGVGYDFA2RBNNGCAAVY,"같은 기간 인구 감소 지역의 등록 인구는 490만여 명에서 489만여 명으로 줄었지만, 관광객 등 체류 인구가 대폭 늘어난 영향이다.",전국 89개 인구 감소 지역 생활 인구는 작년 1월 2274만여 명에서 작년 8월 3361만여 명으로 1000만명 넘게 불었다.,인구 감소 지역 경제에서 체류 인구의 소비력이 차지하는 비율도 커졌다.,국내공식통계,N,인구,등록 인구,"인구 감소 지역, 생활 인구, 체류 인구",-,-,-,,-,-,-,2024,-,M,확정,489만여 명,KOSIS_VALUE,hcx,등록 인구,-,2024,M,hcx,현재값,4890000,-,-,Y,명,수준값,증가,전년,"같은 기간 인구 감소 지역의 등록 인구는 490만여 명에서 489만여 명으로 줄었지만, 관광객 등 체류 인구가 대폭 늘어난 영향이다.",mid,N,-,N,0,0,HCX-007,v1.5-measurement-binding,2026-07-28,등록 인구,,2024,M,명,명,person_count,count,person,,Y,,
A0748-C014,A0748-C014-m1,A0748,출산율 9년 만에 반등… “앞으로 7년이 골든타임”,2025-02-27,https://www.chosun.com/economy/economy_general/2025/02/27/JSTSHA6HNJHELOV3RULNHTIZBI,"1990년 64만9000명대였던 출생아 수가 1991년 70만9000명대로 뛰어오른 데 이어, 올해 33세인 1992년생은 출생아 수가 73만명대로 2차 에코 붐 세대 중에서도 가장 많았기 때문이다.",정부는 올해 합계 출산율이 0.8명에 육박할 것으로 보고 있다.,"주형환 저출산위 부위원장은 이날 기자 간담회에서 “올해 역시 합계 출산율이 상승할 가능성이 높아 보인다”며 “올해 출생아 수는 지난해보다 1만여 명 늘어난 25만명대가 되고, 합계 출산율도 0.79명 내외가 될 것으로 예상된다”고 했다.",국내공식통계,N,인구,출생아 수,"출산율, 반등, 골든타임",-,-,-,,-,-,-,1990,-,Y,확정,64만9000명,KOSIS_VALUE,hcx,출생아 수,-,1990,Y,hcx,현재값,649000,-,-,N,명,수준값,증가,특정시점,"1990년 64만9000명대였던 출생아 수가 1991년 70만9000명대로 뛰어오른 데 이어, 올해 33세인 1992년생은 출생아 수가 73만명대로 2차 에코 붐 세대 중에서도 가장 많았기 때문이다.",high,N,-,Y,0,0,HCX-007,v1.5-measurement-binding,2026-07-28,출생아 수,,1990,Y,명,명,person_count,count,household,,Y,,
A0748-C014,A0748-C014-m2,A0748,출산율 9년 만에 반등… “앞으로 7년이 골든타임”,2025-02-27,https://www.chosun.com/economy/economy_general/2025/02/27/JSTSHA6HNJHELOV3RULNHTIZBI,"1990년 64만9000명대였던 출생아 수가 1991년 70만9000명대로 뛰어오른 데 이어, 올해 33세인 1992년생은 출생아 수가 73만명대로 2차 에코 붐 세대 중에서도 가장 많았기 때문이다.",정부는 올해 합계 출산율이 0.8명에 육박할 것으로 보고 있다.,"주형환 저출산위 부위원장은 이날 기자 간담회에서 “올해 역시 합계 출산율이 상승할 가능성이 높아 보인다”며 “올해 출생아 수는 지난해보다 1만여 명 늘어난 25만명대가 되고, 합계 출산율도 0.79명 내외가 될 것으로 예상된다”고 했다.",국내공식통계,N,인구,출생아 수,"출산율, 반등, 골든타임",-,-,-,,-,-,-,1991,-,Y,확정,70만9000명,KOSIS_VALUE,hcx,출생아 수,-,1991,Y,hcx,현재값,709000,-,-,N,명,수준값,증가,특정시점,"1990년 64만9000명대였던 출생아 수가 1991년 70만9000명대로 뛰어오른 데 이어, 올해 33세인 1992년생은 출생아 수가 73만명대로 2차 에코 붐 세대 중에서도 가장 많았기 때문이다.",high,N,-,Y,0,0,HCX-007,v1.5-measurement-binding,2026-07-28,출생아 수,,1990,Y,명,명,person_count,count,household,,Y,,
A0748-C014,A0748-C014-m3,A0748,출산율 9년 만에 반등… “앞으로 7년이 골든타임”,2025-02-27,https://www.chosun.com/economy/economy_general/2025/02/27/JSTSHA6HNJHELOV3RULNHTIZBI,"1990년 64만9000명대였던 출생아 수가 1991년 70만9000명대로 뛰어오른 데 이어, 올해 33세인 1992년생은 출생아 수가 73만명대로 2차 에코 붐 세대 중에서도 가장 많았기 때문이다.",정부는 올해 합계 출산율이 0.8명에 육박할 것으로 보고 있다.,"주형환 저출산위 부위원장은 이날 기자 간담회에서 “올해 역시 합계 출산율이 상승할 가능성이 높아 보인다”며 “올해 출생아 수는 지난해보다 1만여 명 늘어난 25만명대가 되고, 합계 출산율도 0.79명 내외가 될 것으로 예상된다”고 했다.",국내공식통계,N,인구,출생아 수,"출산율, 반등, 골든타임",-,-,-,,-,-,-,1992,-,Y,확정,73만명,KOSIS_VALUE,hcx,출생아 수,-,1992,Y,hcx,현재값,730000,-,-,N,명,수준값,증가,특정시점,"1990년 64만9000명대였던 출생아 수가 1991년 70만9000명대로 뛰어오른 데 이어, 올해 33세인 1992년생은 출생아 수가 73만명대로 2차 에코 붐 세대 중에서도 가장 많았기 때문이다.",high,N,-,Y,0,0,HCX-007,v1.5-measurement-binding,2026-07-28,출생아 수,,1990,Y,명,명,person_count,count,household,,Y,,
A0448-C017,A0448-C017-m1,A0448,끝이 안 보이는 내수 부진… 소매 판매 21년 만에 최대 감소,2025-02-04,https://www.chosun.com/economy/economy_general/2025/02/04/54YXZORW2RA5FHIRI552AGTUY4,12·29 제주항공 여객기 참사와 일주일간의 국가 애도 기간에 따른 추모 분위기가 확산하며 골프장·스키장·테마파크 등의 영업 실적을 집계한 예술·스포츠·여가 분야 생산 지수도 6.9% 감소했다.,골목 상권 내수 상황을 가늠할 수 있는 숙박·음식업 분야 서비스업 생산은 작년 12월 3.1% 감소해 코로나 오미크론 변이 바이러스가 빠르게 확산했던 2022년 2월(-6%) 이후 2년 10개월 만에 가장 큰 폭으로 줄었다.,내수의 또 다른 축인 건설도 부진한 흐름을 이어갔다.,국내공식통계,N,생산·산업,예술·스포츠·여가 분야 생산 지수,"내수 부진, 소매 판매, 서비스업 생산, 예술·스포츠·여가",-,-,-,,-,-,-,2024Q4,-,Q,확정,6.9%,KOSIS_VALUE,hcx,예술·스포츠·여가 분야 생산 지수,-,2024Q4,Q,hcx,증감률,6.9,-,-,N,%,증감률,감소,전분기,12·29 제주항공 여객기 참사와 일주일간의 국가 애도 기간에 따른 추모 분위기가 확산하며 골프장·스키장·테마파크 등의 영업 실적을 집계한 예술·스포츠·여가 분야 생산 지수도 6.9% 감소했다.,high,N,-,N,0,0,HCX-007,v1.5-measurement-binding,2026-07-28,예술·스포츠·여가 분야 생산 지수,,2024Q4,Q,%,%,rate,rate_change,unspecified,,Y,,
A0067-C003,A0067-C003-m1,A0067,"지난해 최고 인기 수입차는 테슬라 모델 Y...BMW 520, 벤츠 E200 뒤 이어",2025-01-06,https://www.chosun.com/economy/auto/2025/01/06/S27CLI355JFNZLDTKSS6EHCNPI,한국수입자동차협회(KAIDA)는 6일 지난해 수입 승용차 신규 등록 대수를 집계한 결과 테슬라 모델 Y가 지난해 모두 1만8717대가 팔리며 수입 승용차 가운데 최고 인기 모델로 꼽혔다고 밝혔다.,내수 부진으로 수입차 판매가 줄어든 가운데 브랜드에서는 BMW가 지난해에 이어 1위를 유지했다.,"미국산에서 중국산으로 바꾸는 대신, 가격을 수백만원 이상 할인해 판매하자 30대 소비자가 몰린 결과다.",국내공식통계,Y,무역,수입 승용차 신규 등록 대수,"수입차, 신규 등록, 테슬라 모델 Y, BMW, 벤츠 E200",-,-,-,테슬라 모델 Y,-,-,-,2024,-,Y,확정,1만8717대,KOSIS_VALUE,hcx,수입 승용차 신규 등록 대수,테슬라 모델 Y,2024,Y,hcx,현재값,18717,-,-,N,대,수준값,-,전년,한국수입자동차협회(KAIDA)는 6일 지난해 수입 승용차 신규 등록 대수를 집계한 결과 테슬라 모델 Y가 지난해 모두 1만8717대가 팔리며 수입 승용차 가운데 최고 인기 모델로 꼽혔다고 밝혔다.,high,N,-,N,0,0,HCX-007,v1.5-measurement-binding,2026-07-28,수입 승용차 신규 등록 대수,테슬라 모델 Y,2024,Y,대,대,count,count,vehicle,,Y,,
A1920-C011,A1920-C011-m1,A1920,‘165억원’ 래미안 원베일리 최고가 거래한 남성 정체는,2025-05-28,https://www.chosun.com/economy/economy_general/2025/05/28/XCYXBMUTAFGD3PVFUESXJ5DOWI,국내 아파트 가운데 국민 평형 기준 3.3㎡당 가격이 2억원을 넘은 건 처음이다.,올해 3월 이 단지의 이른바 ‘국민 평형’인 전용면적 84㎡가 70억원에 거래됐다.,한편 하 전 대표는 메가MGC커피 운영사인 ‘엔하우스’ 지분 100%를 2021년 6월 사모펀드 운용사 우윤파트너스와 프리미어파트너스에 매각했다.,국내공식통계,N,부동산,아파트 가격,"아파트, 국민 평형, 3.3㎡당 가격",-,-,-,,-,-,-,2025,-,Y,확정,2억원,KOSIS_VALUE,hcx,아파트 가격,-,2025,Y,hcx,현재값,200000000,-,-,N,원,수준값,-,전년,국내 아파트 가운데 국민 평형 기준 3.3㎡당 가격이 2억원을 넘은 건 처음이다.,high,N,-,N,0,0,HCX-007,v1.5-measurement-binding,2026-07-28,아파트 가격,,2025,Y,원,원,currency,amount,unspecified,,Y,,
A0879-C008,A0879-C008-m1,A0879,지난달 5대 은행 신규 주담대 7조… 10개월 내 최고 증가율,2025-03-09,https://www.chosun.com/economy/money/2025/03/09/7EFYYFWEN4RS2OMERP3MAXM7SA,전월 대비 증가율로만 비교하면 지난해 4월(34.8%) 이후 10개월 내 가장 가파른 수치다.,이는 전월 신규 취급액(5조5765억원)과 비교하면 34.4% 늘어난 규모다.,주담대 신규 취급액 규모는 2월 들어 증가했지만 이중 디딤돌·버팀목 등 정책 대출의 비중은 줄어들었다.,국내공식통계,Y,금융·금리,신규 주택담보대출(주담대) 취급액 증가율,"5대 은행, 신규 주담대, 증가율",-,-,-,,-,-,-,2024-04,-,M,확정,34.8%,KOSIS_VALUE,hcx,신규 주택담보대출(주담대) 취급액 증가율,-,2024-04,M,hcx,증감률,34.8,-,-,N,%,증감률,증가,전년동기,전월 대비 증가율로만 비교하면 지난해 4월(34.8%) 이후 10개월 내 가장 가파른 수치다.,high,Y,measurement_binding_fallback:1,N,0,1,HCX-007,v1.5-measurement-binding,2026-07-28,신규 주택담보대출(주담대) 취급액 증가율,,2025-02,M,%,%,rate,rate_change,unspecified,2023,Y,,
A0075-C004,A0075-C004-m1,A0075,"그룹총수들 1년새 주식재산 6.6兆 감소… 이재용 3조, 김범수 2.2조↓",2025-01-06,https://www.chosun.com/economy/industry-company/2025/01/06/5M7OQPWRUZEMJMDSCU53JKZEJE,감소율은 10.2%다.,"조사 대상 총수의 올해 초 주식평가액은 58조1584억원(지난 2일 종가 기준)으로, 작년 초의 64조7728억원 대비 1년 새 6조6144억원 줄었다.","조사 대상 44명 중 28명(63.6%)은 주식 가치가 하락했고, 16명(36.4%)은 상승했다.",국내공식통계,N,소득·임금,주식재산 감소율,"그룹총수, 주식재산, 감소율",-,-,-,,-,-,-,202501,-,M,확정,10.2%,KOSIS_VALUE,hcx,주식재산 감소율,-,202501,M,hcx,증감률,10.2,-,-,N,%,증감률,감소,전년동기,감소율은 10.2%다.,high,N,-,N,0,0,HCX-007,v1.5-measurement-binding,2026-07-28,주식재산 감소율,,202501,M,%,%,rate,rate_change,unspecified,202401,Y,,
A2420-C008,A2420-C008-m1,A2420,폐업자 작년 100만명 처음 넘어서... “극심한 내수 경기 부진”,2025-07-06,https://www.chosun.com/economy/economy_general/2025/07/06/MYX4T7Y46NCY5HUQJZU7C6XRAM,두 업종을 합치면 45만2659명으로 전체 폐업자의 44.9%에 달한다.,"업종별로는 대표적인 내수 업종인 소매업에서 29만9642명, 음식점업에서 15만3017명씩 폐업자가 나왔다.",작년 건설 불황에 건설업 폐업자도 4만9584명을 기록했다.,국내공식통계,N,인구,폐업자 수,"폐업자, 내수 경기 부진, 소매업, 음식점업, 건설업",-,-,-,,-,-,-,2024,-,Y,확정,45만2659명,KOSIS_VALUE,hcx,폐업자 수,-,2024,Y,hcx,현재값,452659,-,-,N,명,수준값,-,전년,두 업종을 합치면 45만2659명으로 전체 폐업자의 44.9%에 달한다.,high,N,-,N,0,0,HCX-007,v1.5-measurement-binding,2026-07-28,폐업자 수,,2024,Y,명,명,person_count,count,unspecified,,Y,,
A2420-C008,A2420-C008-m2,A2420,폐업자 작년 100만명 처음 넘어서... “극심한 내수 경기 부진”,2025-07-06,https://www.chosun.com/economy/economy_general/2025/07/06/MYX4T7Y46NCY5HUQJZU7C6XRAM,두 업종을 합치면 45만2659명으로 전체 폐업자의 44.9%에 달한다.,"업종별로는 대표적인 내수 업종인 소매업에서 29만9642명, 음식점업에서 15만3017명씩 폐업자가 나왔다.",작년 건설 불황에 건설업 폐업자도 4만9584명을 기록했다.,국내공식통계,N,인구,폐업자 비율,"폐업자, 내수 경기 부진, 소매업, 음식점업, 건설업",-,-,-,,-,-,-,2024,-,Y,확정,44.9%,KOSIS_VALUE,hcx,폐업자 비율,-,2024,Y,hcx,현재값,44.9,-,-,N,%,비중,-,전년,두 업종을 합치면 45만2659명으로 전체 폐업자의 44.9%에 달한다.,high,N,-,N,0,0,HCX-007,v1.5-measurement-binding,2026-07-28,폐업자 수,,2024,Y,%,%,rate,rate_level,unspecified,,Y,,
A0840-C011,A0840-C011-m1,A0840,환율 방어에 2월말 외환보유액 4100억달러 아래로…4년9개월만에 최저,2025-03-06,https://www.chosun.com/economy/economy_general/2025/03/06/QAKWDX6FQZEVHKZNSYCMXHZ33Q,2월 중 미 달러화 지수가 0.5%가량 하락하며 달러가 전달에 비해 약세를 나타낸 영향이다.,지난달 다른 외화 자산을 미 달러화로 환산한 금액은 오히려 늘었다.,올해 1월 말 기준 우리나라 외환보유액 규모는 세계 9위 수준으로 집계됐다.,국내공식통계,N,금융·금리,미 달러화 지수 변동률,"외환보유액, 환율 방어, 미 달러화 지수",-,-,-,,-,-,-,2025-02,-,M,확정,0.5%가량,KOSIS_VALUE,hcx,미 달러화 지수 변동률,-,2025-02,M,hcx,증감률,0.5,-,-,Y,%,증감률,감소,전월,2월 중 미 달러화 지수가 0.5%가량 하락하며 달러가 전달에 비해 약세를 나타낸 영향이다.,high,N,-,N,0,0,HCX-007,v1.5-measurement-binding,2026-07-28,미 달러화 지수 변동률,,2025-02,M,%,%,rate,rate_change,unspecified,,Y,,
A1891-C013,A1891-C013-m1,A1891,팬데믹 때도 안 줄었는데… 내수 침체에 커피 음료점 첫 감소,2025-05-26,https://www.chosun.com/economy/economy_general/2025/05/26/MNOSMU43GBFBJMFG6IPB4SHSJ4,"한국신용데이터(KCD)에 따르면 올해 1분기 소상공인 사업장당 평균 매출은 약 4179만원으로, 지난해 같은 기간보다 0.72% 감소했다.",매출 감소세도 뚜렷하다.,직전 분기보다는 12.9%나 급감했다.,국내공식통계,Y,소매·소비,소상공인 사업장당 평균 매출,"소상공인, 매출, 평균 매출, 1분기",-,-,-,,-,-,-,2025Q1,-,Q,확정,4179만원,KOSIS_VALUE,hcx,소상공인 사업장당 평균 매출,-,2025Q1,Q,hcx,현재값,41790000,-,-,Y,원,수준값,감소,전년동기,"한국신용데이터(KCD)에 따르면 올해 1분기 소상공인 사업장당 평균 매출은 약 4179만원으로, 지난해 같은 기간보다 0.72% 감소했다.",high,N,-,N,0,0,HCX-007,v1.5-measurement-binding,2026-07-28,소상공인 사업장당 평균 매출,,2025Q1,Q,원,원,currency,amount,unspecified,,Y,,
A1891-C013,A1891-C013-m2,A1891,팬데믹 때도 안 줄었는데… 내수 침체에 커피 음료점 첫 감소,2025-05-26,https://www.chosun.com/economy/economy_general/2025/05/26/MNOSMU43GBFBJMFG6IPB4SHSJ4,"한국신용데이터(KCD)에 따르면 올해 1분기 소상공인 사업장당 평균 매출은 약 4179만원으로, 지난해 같은 기간보다 0.72% 감소했다.",매출 감소세도 뚜렷하다.,직전 분기보다는 12.9%나 급감했다.,국내공식통계,Y,소매·소비,소상공인 사업장당 평균 매출 증감률,"소상공인, 매출, 평균 매출, 1분기",-,-,-,,-,-,-,2025Q1,-,Q,확정,0.72%,KOSIS_VALUE,hcx,소상공인 사업장당 평균 매출 증감률,-,2025Q1,Q,hcx,증감률,0.72,-,-,N,%,증감률,감소,전년동기,"한국신용데이터(KCD)에 따르면 올해 1분기 소상공인 사업장당 평균 매출은 약 4179만원으로, 지난해 같은 기간보다 0.72% 감소했다.",high,N,-,N,0,0,HCX-007,v1.5-measurement-binding,2026-07-28,소상공인 사업장당 평균 매출,,2025Q1,Q,%,%,rate,rate_change,unspecified,2024,Y,,
A1343-C008,A1343-C008-m1,A1343,고물가·관세 전쟁… 숙박·음식점업 22개월째 역대 최장 불황,2025-04-14,https://www.chosun.com/economy/economy_general/2025/04/14/WW7RNH5ORBEYPOK2PSGO5P6PBQ,"통계청에 따르면, 올해 1분기(1~3월) 도소매와 숙박음식점업 취업자 수는 552만7000명으로 전년 동기 대비 1만4000명 줄어들었다.",이처럼 숙박·음식업점의 부진이 장기화되면서 관련 업종의 고용도 타격을 받고 있다.,도소매와 숙박음식점업 취업자 수는 지난해 1분기에 전년 동기 대비 5000명 감소한 이후 5분기(1년 3개월) 연속으로 감소하고 있다.,국내공식통계,Y,고용,취업자 수,"도소매, 숙박음식점업, 취업자 수",-,-,-,,-,-,-,2025Q1,-,Q,확정,552만7000명,KOSIS_VALUE,hcx,취업자 수,-,2025Q1,Q,hcx,현재값,5527000,-,-,N,명,수준값,감소,전년동기,"통계청에 따르면, 올해 1분기(1~3월) 도소매와 숙박음식점업 취업자 수는 552만7000명으로 전년 동기 대비 1만4000명 줄어들었다.",high,N,-,N,0,0,HCX-007,v1.5-measurement-binding,2026-07-28,취업자 수,,2025Q1,Q,명,명,person_count,count,person,,Y,,
A1343-C008,A1343-C008-m2,A1343,고물가·관세 전쟁… 숙박·음식점업 22개월째 역대 최장 불황,2025-04-14,https://www.chosun.com/economy/economy_general/2025/04/14/WW7RNH5ORBEYPOK2PSGO5P6PBQ,"통계청에 따르면, 올해 1분기(1~3월) 도소매와 숙박음식점업 취업자 수는 552만7000명으로 전년 동기 대비 1만4000명 줄어들었다.",이처럼 숙박·음식업점의 부진이 장기화되면서 관련 업종의 고용도 타격을 받고 있다.,도소매와 숙박음식점업 취업자 수는 지난해 1분기에 전년 동기 대비 5000명 감소한 이후 5분기(1년 3개월) 연속으로 감소하고 있다.,국내공식통계,Y,고용,취업자 수 변화량,"도소매, 숙박음식점업, 취업자 수",-,-,-,,-,-,-,2025Q1,-,Q,확정,1만4000명,KOSIS_VALUE,hcx,취업자 수 변화량,-,2025Q1,Q,hcx,현재값,14000,-,-,N,명,수준값,감소,전년동기,"통계청에 따르면, 올해 1분기(1~3월) 도소매와 숙박음식점업 취업자 수는 552만7000명으로 전년 동기 대비 1만4000명 줄어들었다.",high,N,-,N,0,0,HCX-007,v1.5-measurement-binding,2026-07-28,취업자 수,,2025Q1,Q,명,명,person_count,count,person,,Y,,
A0070-C011,A0070-C011-m1,A0070,대중-대미 수출 격차 21년 만 최소...트럼프 2기 미국 수출 1위 올라서나,2025-01-06,https://www.chosun.com/economy/economy_general/2025/01/06/BXDMXSYJWZDNDOGA5VONBDMCWY,"대중 수출은 지난 2010년(1168억3800만달러)부터 1000억달러선을 넘어섰고, 2021년에는 1629억1300만달러까지 늘어났지만 이후 감소세가 눈에 띄었다.",특히 지난해 반도체(122.8%)와 자동차(8.2%) 등 주요 품목들의 대미 수출이 활기를 띠면서 중국 뒤를 바짝 따라잡은 것이다.,"중국이 코로나 엔데믹(풍토병화) 이후 내수 부진의 늪에서 벗어나지 못하고 있는 데다, 완제품 생산에 필요한 중간재를 자체적으로 조달하고 나섰기 때문이다.",국내공식통계,N,무역,대중 수출,"수출, 반도체, 자동차, 트럼프, 미국",-,-,-,"반도체, 자동차",-,-,중국,2010,-,Y,확정,1168억3800만달러,KOSIS_VALUE,hcx,대중 수출,"반도체, 자동차",2010,Y,hcx,현재값,116838000000,-,-,N,달러,수준값,감소,전년,[검증 대상 문장],high,N,-,N,0,0,HCX-007,v1.5-measurement-binding,2026-07-28,대중 수출,"반도체, 자동차",2021,Y,달러,달러,currency,amount,vehicle,,Y,,
A0070-C011,A0070-C011-m2,A0070,대중-대미 수출 격차 21년 만 최소...트럼프 2기 미국 수출 1위 올라서나,2025-01-06,https://www.chosun.com/economy/economy_general/2025/01/06/BXDMXSYJWZDNDOGA5VONBDMCWY,"대중 수출은 지난 2010년(1168억3800만달러)부터 1000억달러선을 넘어섰고, 2021년에는 1629억1300만달러까지 늘어났지만 이후 감소세가 눈에 띄었다.",특히 지난해 반도체(122.8%)와 자동차(8.2%) 등 주요 품목들의 대미 수출이 활기를 띠면서 중국 뒤를 바짝 따라잡은 것이다.,"중국이 코로나 엔데믹(풍토병화) 이후 내수 부진의 늪에서 벗어나지 못하고 있는 데다, 완제품 생산에 필요한 중간재를 자체적으로 조달하고 나섰기 때문이다.",국내공식통계,N,무역,대중 수출,"수출, 반도체, 자동차, 트럼프, 미국",-,-,-,"반도체, 자동차",-,-,중국,2010,-,Y,확정,1000억달러,KOSIS_VALUE,hcx,대중 수출,"반도체, 자동차",2010,Y,hcx,현재값,100000000000,-,-,N,달러,수준값,감소,전년,[검증 대상 문장],high,N,-,N,0,0,HCX-007,v1.5-measurement-binding,2026-07-28,대중 수출,"반도체, 자동차",2021,Y,달러,달러,currency,amount,vehicle,,Y,,
A0070-C011,A0070-C011-m3,A0070,대중-대미 수출 격차 21년 만 최소...트럼프 2기 미국 수출 1위 올라서나,2025-01-06,https://www.chosun.com/economy/economy_general/2025/01/06/BXDMXSYJWZDNDOGA5VONBDMCWY,"대중 수출은 지난 2010년(1168억3800만달러)부터 1000억달러선을 넘어섰고, 2021년에는 1629억1300만달러까지 늘어났지만 이후 감소세가 눈에 띄었다.",특히 지난해 반도체(122.8%)와 자동차(8.2%) 등 주요 품목들의 대미 수출이 활기를 띠면서 중국 뒤를 바짝 따라잡은 것이다.,"중국이 코로나 엔데믹(풍토병화) 이후 내수 부진의 늪에서 벗어나지 못하고 있는 데다, 완제품 생산에 필요한 중간재를 자체적으로 조달하고 나섰기 때문이다.",국내공식통계,N,무역,대중 수출,"수출, 반도체, 자동차, 트럼프, 미국",-,-,-,"반도체, 자동차",-,-,중국,2021,-,Y,확정,1629억1300만달러,KOSIS_VALUE,hcx,대중 수출,"반도체, 자동차",2021,Y,hcx,현재값,162913000000,-,-,N,달러,수준값,감소,전년,[검증 대상 문장],high,N,-,N,0,0,HCX-007,v1.5-measurement-binding,2026-07-28,대중 수출,"반도체, 자동차",2021,Y,달러,달러,currency,amount,vehicle,,Y,,
A0941-C027,A0941-C027-m1,A0941,"“全직원 고용 승계” MG손보 노조 ‘몽니’에… 메리츠화재, 인수 포기",2025-03-14,https://www.chosun.com/economy/economy_general/2025/03/14/3EN5QSHTR5DB3NOQ6LLE5MW5OM,예금보험공사에 따르면 지난해 기준 MG손보에 보험료를 낸 사람은 124만여 명으로 보험료는 1조303억원이나 된다.,보험사 등 금융회사가 파산할 때 고객이 맡긴 돈은 5000만원까지만 보호해 주기 때문이다.,여러 보험사가 MG손보의 계약을 나눠 인수해도 지나치게 불리한 계약을 떠안다가는 주주들에게 배임이라는 항의를 받을 수 있기 때문에 소비자 피해는 불가피하다.,국내공식통계,N,금융·금리,보험료 납부자 수,"MG손보, 보험료, 예금보험공사",-,-,-,,-,-,-,2024,-,Y,확정,124만여 명,KOSIS_VALUE,hcx,보험료 납부자 수,-,2024,Y,hcx,현재값,1240000,-,-,Y,명,수준값,-,전년,예금보험공사에 따르면 지난해 기준 MG손보에 보험료를 낸 사람은 124만여 명으로 보험료는 1조303억원이나 된다.,high,N,-,N,0,0,HCX-007,v1.5-measurement-binding,2026-07-28,보험료 납부자 수 및 총 보험료,,2024,Y,명,명,person_count,count,unspecified,,Y,,
A0941-C027,A0941-C027-m2,A0941,"“全직원 고용 승계” MG손보 노조 ‘몽니’에… 메리츠화재, 인수 포기",2025-03-14,https://www.chosun.com/economy/economy_general/2025/03/14/3EN5QSHTR5DB3NOQ6LLE5MW5OM,예금보험공사에 따르면 지난해 기준 MG손보에 보험료를 낸 사람은 124만여 명으로 보험료는 1조303억원이나 된다.,보험사 등 금융회사가 파산할 때 고객이 맡긴 돈은 5000만원까지만 보호해 주기 때문이다.,여러 보험사가 MG손보의 계약을 나눠 인수해도 지나치게 불리한 계약을 떠안다가는 주주들에게 배임이라는 항의를 받을 수 있기 때문에 소비자 피해는 불가피하다.,국내공식통계,N,금융·금리,총 보험료,"MG손보, 보험료, 예금보험공사",-,-,-,,-,-,-,2024,-,Y,확정,1조303억원,KOSIS_VALUE,hcx,총 보험료,-,2024,Y,hcx,현재값,1030300000000,-,-,N,원,수준값,-,전년,예금보험공사에 따르면 지난해 기준 MG손보에 보험료를 낸 사람은 124만여 명으로 보험료는 1조303억원이나 된다.,high,N,-,N,0,0,HCX-007,v1.5-measurement-binding,2026-07-28,보험료 납부자 수 및 총 보험료,,2024,Y,원,원,currency,amount,unspecified,,Y,,
A1356-C013,A1356-C013-m2,A1356,"3040은 생활비, 60대 이상은 팬클럽 활동에 ‘모임 통장’ 쓴다",2025-04-15,https://www.chosun.com/economy/economy_general/2025/04/15/KNSLCZWTCZCXDIAF2VXAAVSXKM,이어 결혼 후에 ‘가족 생활비’ 목적으로 모임 통장을 사용하는 연령대 비율은 30대(43.4%)와 40대(25.3%)에서 높게 나타나고 있다.,"연인끼리 영화 관람, 식사 등 같이 쓰는 데이트 비용을 모임 통장으로 관리하는 것이다.","통계청에 따르면, 지난해 신혼부부 맞벌이 비율은 58.2%로 역대 최대치였다.",국내공식통계,N,인구,모임 통장 사용 비율,"30대, 40대, 모임 통장, 가족 생활비",-,30대;40대,-,30대,-,-,-,2024,-,Y,확정,43.4%,KOSIS_VALUE,hcx,모임 통장 사용 비율,30대,2024,Y,hcx,현재값,43.4,-,-,N,%,비중,-,전년,이어 결혼 후에 ‘가족 생활비’ 목적으로 모임 통장을 사용하는 연령대 비율은 30대(43.4%)와 40대(25.3%)에서 높게 나타나고 있다.,high,N,-,N,0,0,HCX-007,v1.5-measurement-binding,2026-07-28,모임 통장 사용 비율,,2024,Y,%,%,rate,rate_level,item,,Y,,
A1356-C013,A1356-C013-m4,A1356,"3040은 생활비, 60대 이상은 팬클럽 활동에 ‘모임 통장’ 쓴다",2025-04-15,https://www.chosun.com/economy/economy_general/2025/04/15/KNSLCZWTCZCXDIAF2VXAAVSXKM,이어 결혼 후에 ‘가족 생활비’ 목적으로 모임 통장을 사용하는 연령대 비율은 30대(43.4%)와 40대(25.3%)에서 높게 나타나고 있다.,"연인끼리 영화 관람, 식사 등 같이 쓰는 데이트 비용을 모임 통장으로 관리하는 것이다.","통계청에 따르면, 지난해 신혼부부 맞벌이 비율은 58.2%로 역대 최대치였다.",국내공식통계,N,인구,모임 통장 사용 비율,"30대, 40대, 모임 통장, 가족 생활비",-,30대;40대,-,40대,-,-,-,2024,-,Y,확정,25.3%,KOSIS_VALUE,hcx,모임 통장 사용 비율,40대,2024,Y,hcx,현재값,25.3,-,-,N,%,비중,-,전년,이어 결혼 후에 ‘가족 생활비’ 목적으로 모임 통장을 사용하는 연령대 비율은 30대(43.4%)와 40대(25.3%)에서 높게 나타나고 있다.,high,N,-,N,0,0,HCX-007,v1.5-measurement-binding,2026-07-28,모임 통장 사용 비율,,2024,Y,%,%,rate,rate_level,item,,Y,,
A1147-C018,A1147-C018-m1,A1147,"美中 디커플링 시대에... 이재용은 중국, 정의선은 미국 간 까닭",2025-03-30,https://www.chosun.com/economy/economy_general/2025/03/30/HSTRGZS33RHDLEACK2SUIMMTTI,삼성전자의 지난해 대중수출액은 64조9275억원으로 2023년(42조2007억원)에 비해 50% 이상 급증했다.,역설적으로 미국의 대중 반도체 수출통제 조치로 중국 기업들이 반도체 재고확보에 사활을 걸면서 삼성전자 전체 매출에서 중국사업이 차지하는 비중은 과거에 비해서도 더 커졌다.,지난해 대미수출액(약 61조3533억원)을 넘어서는 규모다.,국내공식통계,N,무역,대중수출액,"삼성전자, 대중수출액, 대미수출액",-,-,-,반도체,-,한국,중국,2024,-,Y,확정,64조9275억원,KOSIS_VALUE,hcx,대중수출액,반도체,2024,Y,hcx,현재값,64927500000000,-,-,N,원,수준값,-,전년,삼성전자의 지난해 대중수출액은 64조9275억원으로 2023년(42조2007억원)에 비해 50% 이상 급증했다.,high,N,-,N,0,0,HCX-007,v1.5-measurement-binding,2026-07-28,대중수출액,반도체,2024,Y,원,원,currency,amount,item,,Y,,
A0621-C002,A0621-C002-m1,A0621,신선 과일 수입액 14억달러 ‘역대 최대’,2025-02-17,https://www.chosun.com/economy/economy_general/2025/02/17/XGPCLCETARBGZNCXTX6IRIKMCI,16일 한국농촌경제연구원이 집계한 바나나·파인애플·망고·아보카도·포도·키위·체리·석류·블루베리·오렌지·레몬·자몽 등 12대 주요 신선 과일 수입액은 14억4700만달러(약 2조899억원)로 전년보다 20.1% 증가했다.,작년 오렌지·파인애플 등 신선 과일 수입액이 14억달러(약 2조220억원)를 넘어서 역대 최대를 기록했다.,작년 수입액은 직전 최대치였던 2018년(13억3200만달러)보다도 8.6% 많다.,국내공식통계,Y,무역,신선 과일의 종류,"바나나, 파인애플, 망고, 아보카도, 포도, 키위, 체리, 석류, 블루베리, 오렌지, 레몬, 자몽",-,-,-,,-,-,-,2024,-,Y,확정,12대,KOSIS_VALUE,hcx,신선 과일의 종류,-,2024,Y,hcx,현재값,12,-,-,N,대,수준값,증가,전년,[검증 대상 문장] 16일 한국농촌경제연구원이 집계한 바나나·파인애플·망고·아보카도·포도·키위·체리·석류·블루베리·오렌지·레몬·자몽 등 12대 주요 신선 과일 수입액은 14억4700만달러(약 2조899억원)로 전년보다 20.1% 증가했다.,high,N,-,Y,0,0,HCX-007,v1.5-measurement-binding,2026-07-28,신선 과일 수입액,,2024,Y,대,대,count,count,unspecified,,Y,,
A0621-C002,A0621-C002-m2,A0621,신선 과일 수입액 14억달러 ‘역대 최대’,2025-02-17,https://www.chosun.com/economy/economy_general/2025/02/17/XGPCLCETARBGZNCXTX6IRIKMCI,16일 한국농촌경제연구원이 집계한 바나나·파인애플·망고·아보카도·포도·키위·체리·석류·블루베리·오렌지·레몬·자몽 등 12대 주요 신선 과일 수입액은 14억4700만달러(약 2조899억원)로 전년보다 20.1% 증가했다.,작년 오렌지·파인애플 등 신선 과일 수입액이 14억달러(약 2조220억원)를 넘어서 역대 최대를 기록했다.,작년 수입액은 직전 최대치였던 2018년(13억3200만달러)보다도 8.6% 많다.,국내공식통계,Y,무역,신선 과일 수입액,"바나나, 파인애플, 망고, 아보카도, 포도, 키위, 체리, 석류, 블루베리, 오렌지, 레몬, 자몽",-,-,-,,-,-,-,2024,-,Y,확정,14억4700만달러,KOSIS_VALUE,hcx,신선 과일 수입액,-,2024,Y,hcx,현재값,1447000000,-,-,N,달러,수준값,증가,전년,[검증 대상 문장] 16일 한국농촌경제연구원이 집계한 바나나·파인애플·망고·아보카도·포도·키위·체리·석류·블루베리·오렌지·레몬·자몽 등 12대 주요 신선 과일 수입액은 14억4700만달러(약 2조899억원)로 전년보다 20.1% 증가했다.,high,N,-,Y,0,0,HCX-007,v1.5-measurement-binding,2026-07-28,신선 과일 수입액,,2024,Y,달러,달러,currency,amount,unspecified,,Y,,
A0621-C002,A0621-C002-m3,A0621,신선 과일 수입액 14억달러 ‘역대 최대’,2025-02-17,https://www.chosun.com/economy/economy_general/2025/02/17/XGPCLCETARBGZNCXTX6IRIKMCI,16일 한국농촌경제연구원이 집계한 바나나·파인애플·망고·아보카도·포도·키위·체리·석류·블루베리·오렌지·레몬·자몽 등 12대 주요 신선 과일 수입액은 14억4700만달러(약 2조899억원)로 전년보다 20.1% 증가했다.,작년 오렌지·파인애플 등 신선 과일 수입액이 14억달러(약 2조220억원)를 넘어서 역대 최대를 기록했다.,작년 수입액은 직전 최대치였던 2018년(13억3200만달러)보다도 8.6% 많다.,국내공식통계,Y,무역,신선 과일 수입액,"바나나, 파인애플, 망고, 아보카도, 포도, 키위, 체리, 석류, 블루베리, 오렌지, 레몬, 자몽",-,-,-,,-,-,-,2024,-,Y,확정,2조899억원,KOSIS_VALUE,hcx,신선 과일 수입액,-,2024,Y,hcx,현재값,2089900000000,-,-,Y,원,수준값,증가,전년,[검증 대상 문장] 16일 한국농촌경제연구원이 집계한 바나나·파인애플·망고·아보카도·포도·키위·체리·석류·블루베리·오렌지·레몬·자몽 등 12대 주요 신선 과일 수입액은 14억4700만달러(약 2조899억원)로 전년보다 20.1% 증가했다.,high,N,-,Y,0,0,HCX-007,v1.5-measurement-binding,2026-07-28,신선 과일 수입액,,2024,Y,원,원,currency,amount,unspecified,,Y,,
A0621-C002,A0621-C002-m4,A0621,신선 과일 수입액 14억달러 ‘역대 최대’,2025-02-17,https://www.chosun.com/economy/economy_general/2025/02/17/XGPCLCETARBGZNCXTX6IRIKMCI,16일 한국농촌경제연구원이 집계한 바나나·파인애플·망고·아보카도·포도·키위·체리·석류·블루베리·오렌지·레몬·자몽 등 12대 주요 신선 과일 수입액은 14억4700만달러(약 2조899억원)로 전년보다 20.1% 증가했다.,작년 오렌지·파인애플 등 신선 과일 수입액이 14억달러(약 2조220억원)를 넘어서 역대 최대를 기록했다.,작년 수입액은 직전 최대치였던 2018년(13억3200만달러)보다도 8.6% 많다.,국내공식통계,Y,무역,신선 과일 수입액 증가율,"바나나, 파인애플, 망고, 아보카도, 포도, 키위, 체리, 석류, 블루베리, 오렌지, 레몬, 자몽",-,-,-,,-,-,-,2024,-,Y,확정,20.1%,KOSIS_VALUE,hcx,신선 과일 수입액 증가율,-,2024,Y,hcx,증감률,20.1,-,-,N,%,증감률,증가,전년,[검증 대상 문장] 16일 한국농촌경제연구원이 집계한 바나나·파인애플·망고·아보카도·포도·키위·체리·석류·블루베리·오렌지·레몬·자몽 등 12대 주요 신선 과일 수입액은 14억4700만달러(약 2조899억원)로 전년보다 20.1% 증가했다.,high,N,-,Y,0,0,HCX-007,v1.5-measurement-binding,2026-07-28,신선 과일 수입액,,2024,Y,%,%,rate,rate_change,unspecified,2023,Y,,
A1707-C030,A1707-C030-m1,A1707,국가 부채 비율 54.5%… 非기축통화국 평균 처음 넘을 듯,2025-05-12,https://www.chosun.com/economy/economy_general/2025/05/12/J3BY3HQE4VGQROWR7J4ZBDN4RI,2023년 말 일반 정부 부채는 약 1217조원(GDP의 50.7%)이다.,국제통화기금(IMF) 등이 국가 간 비교할 때 쓴다.,정석우 기자 정책팀장 경제부 정책팀장.,국내공식통계,Y,재정·조세,정부 부채 총액,"국가 부채 비율, GDP",-,-,-,,-,-,-,2023,-,Y,확정,1217조원,KOSIS_VALUE,hcx,정부 부채 총액,-,2023,Y,hcx,현재값,1217000000000000,-,-,Y,원,수준값,-,-,2023년 말 일반 정부 부채는 약 1217조원(GDP의 50.7%)이다.,high,N,-,N,0,0,HCX-007,v1.5-measurement-binding,2026-07-28,일반 정부 부채,,2023,Y,원,원,currency,amount,unspecified,,Y,,
A1707-C030,A1707-C030-m2,A1707,국가 부채 비율 54.5%… 非기축통화국 평균 처음 넘을 듯,2025-05-12,https://www.chosun.com/economy/economy_general/2025/05/12/J3BY3HQE4VGQROWR7J4ZBDN4RI,2023년 말 일반 정부 부채는 약 1217조원(GDP의 50.7%)이다.,국제통화기금(IMF) 등이 국가 간 비교할 때 쓴다.,정석우 기자 정책팀장 경제부 정책팀장.,국내공식통계,Y,재정·조세,정부 부채/GDP 비율,"국가 부채 비율, GDP",-,-,-,,-,-,-,2023,-,Y,확정,50.7%,KOSIS_VALUE,hcx,정부 부채/GDP 비율,-,2023,Y,hcx,현재값,50.7,-,-,N,%,비중,-,-,2023년 말 일반 정부 부채는 약 1217조원(GDP의 50.7%)이다.,high,N,-,N,0,0,HCX-007,v1.5-measurement-binding,2026-07-28,일반 정부 부채,,2023,Y,%,%,rate,rate_level,unspecified,,Y,,
A1751-C025,A1751-C025-m1,A1751,화물기 없어도 OK… 저비용 항공도 ‘하늘길 운송’ 나서,2025-05-15,https://www.chosun.com/economy/industry-company/2025/05/15/2IBFNZOVHFHXDOEK4T7QPVUT6Q,◇지난해 화물 운송량 11% 늘어 LCC 입장에선 빠르게 성장하는 항공 화물 시장은 꼭 공략해야 하는 신사업 분야가 되고 있다.,화물 운송 물동량은 2022년 약 7800t(톤)에서 지난해 약 1만9000t으로 2년 만에 3배 가까이 늘었다.,"14일 국토교통부 항공통계시스템에 따르면, 지난해 우리나라 전체 항공 화물 운송량은 총 439만5306t으로 2023년 대비 11% 늘어나는 등 상승세가 이어지고 있다.",국내공식통계,Y,무역,항공 화물 운송량 증가율,"저비용 항공, 하늘길 운송, 화물 운송 물동량, 항공 화물 시장",-,-,-,,-,-,-,2024,-,Y,확정,11%,KOSIS_VALUE,hcx,항공 화물 운송량 증가율,-,2024,Y,hcx,현재값,11,-,-,N,%,비중,-,전년,◇지난해 화물 운송량 11% 늘어 LCC 입장에선 빠르게 성장하는 항공 화물 시장은 꼭 공략해야 하는 신사업 분야가 되고 있다.,high,N,-,N,0,0,HCX-007,v1.5-measurement-binding,2026-07-28,항공 화물 운송량 증가율,,2024,Y,%,%,rate,rate_change,unspecified,2023,Y,,
