claim_id,article_id,title,date,url,claim_text,prev_sentence,prev_prev_sentence,is_claim,is_claim_reason,is_claim_confidence,is_claim_method,extraction_model,prompt_version,extracted_at
A0002-C007,A0002,"폴크스바겐, 전기차 정보 부실 관리 논란",2025-01-01,https://www.chosun.com/economy/auto/2025/01/01/S7LNVYUONNHU3KF3WJWFZZ3NVE,대상 차량은 독일 30만대 등 대부분 유럽 국가에 집중됐다.,차량 위치 정보의 경우 10cm 단위까지 구별될 정도로 정확도가 높았다고 한다.,"전기차가 어디에서 어디로 향했는지, 얼마나 머물렀는지와 같은 주행 데이터를 비롯해 운전자의 이메일, 전화번호, 주소 등의 정보다.",TRUE,"현재 문장은 특정 지역에서의 전기차 등록 대수에 대한 정보를 제공하고 있으며, 이는 인구 및 가구 관련 통계로서 KOSIS에서 해당 지역의 자동차 등록 현황 등을 통해 검증할 수 있을 것으로 보인다.",high,hcx,HCX-007,isclaim-v1.3-prev2-context,2026-07-30
A0003-C001,A0003,최저임금 1만30원으로 인상… 육아휴직 급여 최대 월 250만원,2025-01-01,https://www.chosun.com/economy/economy_general/2025/01/01/ADO7O3Q4WJBCJAX6UUEY4MSBV4,"1 ◇노동·복지·가정 못 받은 양육비, 정부가 선지급… 국가 검진에 C형 간염도 포함 ▲ 최저임금 시간당 1만30원 =최저임금이 시간당 9860원에서 1만30원으로 1.7% 인상된다.",,,TRUE,"최저임금의 변화에 대한 정보로, 이는 고용 및 노동 관련 통계로서 KOSIS에서 확인 가능한 내용입니다.",high,hcx,HCX-007,isclaim-v1.3-prev2-context,2026-07-30
A0003-C002,A0003,최저임금 1만30원으로 인상… 육아휴직 급여 최대 월 250만원,2025-01-01,https://www.chosun.com/economy/economy_general/2025/01/01/ADO7O3Q4WJBCJAX6UUEY4MSBV4,주 근로시간 40시간을 기준으로 환산한 월급은 209만6270원이다.,"1 ◇노동·복지·가정 못 받은 양육비, 정부가 선지급… 국가 검진에 C형 간염도 포함 ▲ 최저임금 시간당 1만30원 =최저임금이 시간당 9860원에서 1만30원으로 1.7% 인상된다.",,TRUE,주 근로시간 40시간을 기준으로 환산한 월급 금액을 제시하며 이는 노동 및 복지 관련 통계 정보로서 KOSIS에서 확인 가능한 내용이다.,high,hcx,HCX-007,isclaim-v1.3-prev2-context,2026-07-30
A0003-C008,A0003,최저임금 1만30원으로 인상… 육아휴직 급여 최대 월 250만원,2025-01-01,https://www.chosun.com/economy/economy_general/2025/01/01/ADO7O3Q4WJBCJAX6UUEY4MSBV4,1년간 받을 수 있는 육아휴직 급여는 최대 1800만원에서 2310만원으로 오른다.,"이후 3개월은 월 200만원 한도로 통상 임금의 100%를, 7개월째부터는 월 160만원 한도로 통상 임금의 80%를 지급한다.",▲ 육아휴직 급여 인상 =월 150만원 이내에서 통상 임금의 80%를 지급하던 육아휴직 급여가 휴직 첫 3개월 동안 월 250만원 한도에서 통상 임금의 100%로 늘어난다.,TRUE,"육아휴직 급여의 최대 금액 변화에 대한 수치적인 정보를 제공하고 있으며, 이는 국가 정책 및 고용 관련 통계로서 KOSIS에서 확인 가능한 정보일 가능성이 높습니다.",high,hcx,HCX-007,isclaim-v1.3-prev2-context,2026-07-30
A0003-C011,A0003,최저임금 1만30원으로 인상… 육아휴직 급여 최대 월 250만원,2025-01-01,https://www.chosun.com/economy/economy_general/2025/01/01/ADO7O3Q4WJBCJAX6UUEY4MSBV4,▲ 국가건강검진 대상·항목 확대 =56세의 국가건강검진 항목에 C형 간염 검사가 새로 도입된다.,이 휴가는 네 번에 걸쳐 나눠 쓸 수 있다.,▲ 배우자 출산휴가 기간 확대 =아내의 출산에 따른 남편의 유급 휴가 기간이 2월 23일부터 10일에서 20일로 확대된다.,TRUE,"현재 문장은 국가건강검진의 항목 확대에 대한 내용으로, 이는 국내 건강 관련 정책 및 통계의 변화에 해당하며, KOSIS를 통해 관련 통계 정보를 확인할 수 있을 것으로 보인다.",high,hcx,HCX-007,isclaim-v1.3-prev2-context,2026-07-30
A0003-C012,A0003,최저임금 1만30원으로 인상… 육아휴직 급여 최대 월 250만원,2025-01-01,https://www.chosun.com/economy/economy_general/2025/01/01/ADO7O3Q4WJBCJAX6UUEY4MSBV4,"골다공증 검사의 경우 기존엔 54, 66세 여성만 무료 검진을 받을 수 있었는데, 60세 여성도 검사 대상에 포함됐다.",▲ 국가건강검진 대상·항목 확대 =56세의 국가건강검진 항목에 C형 간염 검사가 새로 도입된다.,이 휴가는 네 번에 걸쳐 나눠 쓸 수 있다.,TRUE,"골다공증 검사 대상이 54, 66세 여성에서 60세 여성까지 확대된다는 내용은 국가 건강 관련 정책 변화에 해당하며, 이는 KOSIS를 통해 국가 건강검진 대상 및 항목의 변화를 확인할 수 있는 정보이므로 True로 판단합니다.",high,hcx,HCX-007,isclaim-v1.3-prev2-context,2026-07-30
A0003-C014,A0003,최저임금 1만30원으로 인상… 육아휴직 급여 최대 월 250만원,2025-01-01,https://www.chosun.com/economy/economy_general/2025/01/01/ADO7O3Q4WJBCJAX6UUEY4MSBV4,지원 대상은 중위소득 150% 이하 가구이며 자녀 1인당 월 20만원을 만 18세까지 지원받는다.,"▲ 양육비 선지급제 도입 =양육비를 받지 못하고 있는 한부모가족에게 7월부터 국가가 양육비를 우선 지급하고, 비양육자에게 회수하게 된다.","골다공증 검사의 경우 기존엔 54, 66세 여성만 무료 검진을 받을 수 있었는데, 60세 여성도 검사 대상에 포함됐다.",TRUE,"지원 대상이 중위소득 150% 이하 가구라는 점과 자녀 1인당 월 20만원이라는 구체적인 금액이 언급되어 있어, 이는 국내 사회 복지 관련 통계로서 KOSIS에서 확인 가능한 정보일 가능성이 높습니다.",high,hcx,HCX-007,isclaim-v1.3-prev2-context,2026-07-30
A0003-C017,A0003,최저임금 1만30원으로 인상… 육아휴직 급여 최대 월 250만원,2025-01-01,https://www.chosun.com/economy/economy_general/2025/01/01/ADO7O3Q4WJBCJAX6UUEY4MSBV4,▲ 청년 대상 전기차 보조금 확대 =청년이 생애 첫 차로 전기 승용차를 구매하는 경우 국비 지원액의 20%를 추가 보조금으로 지원한다.,"▲ '상습 임금 체불 근절법’ 시행 =정부가 지정한 상습 임금 체불 사업주가 되면 정부 지원금이나 보조금 신청에서 제한을 받으며 정부가 발주하는 공사에 참여가 제한되거나 감점 등 불이익을 받는다. 상습 임금 체불 사업주는 출국 금지될 수 있다. ▲ 청년 특화 취업 지원 프로그램 =정부가 제공하는 ‘역량강화 프로그램’에 1개월 이상 참여한 뒤 제조·물류운송·보건·복지서비스·음식점·건설·해운·수산·자원 순환·농업 등 정부 지정 10개 업종에 취업해 6개월 근속할 경우 훈련참여수당 월 20만원과 취업 성공수당 40만원을 지원받는다. ▲ 중장년 경력지원제 신설 =재취업을 희망하는 퇴직 중장년이 일경험을 원하는 경우 1~3개월간 직무교육과 직무수행이 연계된 프로그램을 제공하고, 참여자는 참여수당으로 월 최대 150만원을 지원받는다. ◇금융·조세 수영장·헬스장도 카드 소득공제, 2자녀 가구 자동차 취득세 감면 ▲ 청년도약계좌 혜택 강화 =청년도약계좌 2년 이상 가입자 중 누적 800만원 이상을 납입한 가입자는 신용점수가 5~10점가량 가점된다. 또 2년 이상 가입자는 만기 전에도 누적 납입 원금의 최대 40% 이내에서 납입액 일부를 인출할 수 있게 된다. ▲ 자녀 세액공제 금액 확대 =8~20세 자녀(또는 손자녀)에 대한 자녀 세액공제 금액이 기존 첫째 15만원, 둘째 20만원, 셋째 이후 인당 30만원에서 첫째 25만원, 둘째 30만원, 셋째 이후 인당 40만원으로 확대된다. ▲ 수영장·헬스장도 신용카드 소득공제 =7월 1일부터 연 급여가 7000만원 이하인 경우 수영장이나 체력단련장 시설 이용료를 신용카드로 결제하면 연간 300만원 한도 내에서 소득공제율 30%를 적용받는다. ▲ 자동차 취득세 감면 기준 완화 =다자녀 가구의 자동차 취득세 감면 기준이 3자녀 이상에서 2자녀로 확대되면서 2자녀 가구도 자동차 취득세를 50% 감면 받게 된다. 6인승 이하 승용차 기준 70만원 한도 내에서 취득세가 감면된다. ▲ 면세 주류 병 수 제한 폐지 =해외에서 입국할 때 면세 주류 반입은 2L 이하, 400달러 미만으로 2병만 반입할 수 있었지만, 1분기(1~3월) 내에 병 수 제한이 폐지된다. ▲ 기업 출산지원금 비과세 =근로자가 회사 등에서 본인 또는 배우자의 출산과 관련해 받은 출산지원금에 대해서는 최대 2회에 한해 근로소득을 전액 비과세한다. ▲ 비수도권 미분양주택 취득 시 과세특례 =기존 1주택자가 서울·경기·인천 외 지역에 있는 전용면적 85㎡·취득가액 6억원 이하의 준공 후 미분양주택을 취득하는 경우 1세대 1주택 특례가 적용된다. 이 경우 12억원까지는 양도세가 비과세 되며, 종합부동산세 역시 12억원까지 기본공제를 받을 수 있다. ▲ 맞벌이 가구의 근로장려금 수급 요건 완화 =맞벌이 가구가 근로장려금을 받기 위한 소득기준이 연 3800만원 미만에서 연 4400만원 미만으로 확대된다. 근로장려금은 일은 하지만 소득이 적은 근로자에게 정부가 지급하는 장려금이다. ▲ 세무조사 사전통지 기간 확대 =납세자의 예측 가능성과 자기 방어권 보장을 위해 세무조사 사전통지 기간이 기존 15일에서 20일로 확대된다. ◇교육·병무·환경 병장 월급 125만→150만원 인상… ‘3년간 192학점’ 고교학점제 시행 ▲ 고교학점제 전면 시행 =2025년 고등학교 신입생을 대상으로 고교학점제가 전면 시행된다. 학생들은 진로와 적성에 따라 과목을 선택하고, 3년간 192학점 이상 이수하면 졸업이 인정된다. ▲ 늘봄학교 지원 대상 확대 =2025년 1학기부터 늘봄학교 지원 대상이 기존 초등학교 1학년에서 2학년까지 확대된다. 희망하는 초등학교 1~2학년이 모두 늘봄학교에 참여할 수 있고, 맞춤형 프로그램이 매일 2시간 무료로 제공된다. ▲ 국가장학금 지원 대폭 확대 =국가장학금 I유형과 다자녀 장학금 지원 대상을 100만명에서 150만명으로 확대해 1인당 최대 100만원을 지원한다. 국가근로장학금 수혜 대상은 14만명에서 20만명으로 확대되며, 주거안정장학금을 신설해 원거리 통학으로 어려움을 겪는 저소득 대학생에게 연간 최대 240만원을 지원한다. ▲ 병 봉급 인상 =병 봉급을 병장 기준 월 125만원에서 150만원으로 늘린다. 상병 봉급은 100만원에서 120만원으로, 일병은 80만원에서 90만원으로, 이병은 64만원에서 75만원으로 늘어난다. 장병 내일준비적금의 정부 지원금도 월 최대 40만원에서 55만원으로 오른다. ▲ 한국사·한국어시험 공군 가산점 폐지 =2025년 6회 차(9월) 공군 병 모집 때부터 한국사·한국어능력시험 가산점이 폐지된다. 군 임무 수행과 관련성이 적고, 병역 의무자에게 부담으로 작용할 수 있어서다. ▲ '20세 병역판정검사 후 입영’ 시범 실시 =그동안 모든 병역의무자가 19세에 병역판정검사를 받은 뒤 현역병 입영을 다시 신청해야 했지만, 2025년부터는 20세에 한 번의 신청으로 병역판정검사를 받고 3개월 후 원하는 날짜에 입영할 수 있는 제도가 시범 실시된다.","▲ 난임치료 휴가 확대 =2월 23일부터 난임치료 휴가 기간이 기존 3일에서 6일로 확대되고, 그중 유급기간도 1일에서 2일로 확대된다.",TRUE,"청년 대상 전기차 보조금 확대에 대한 내용은 정부의 정책 변화로서, KOSIS에서 관련 통계나 예산 변화를 통해 검증할 수 있을 것으로 보인다.",high,hcx,HCX-007,isclaim-v1.3-prev2-context,2026-07-30
A0003-C018,A0003,최저임금 1만30원으로 인상… 육아휴직 급여 최대 월 250만원,2025-01-01,https://www.chosun.com/economy/economy_general/2025/01/01/ADO7O3Q4WJBCJAX6UUEY4MSBV4,추가 지원 대상은 차상위 이하 계층 청년에서 전체로 확대한다.,▲ 청년 대상 전기차 보조금 확대 =청년이 생애 첫 차로 전기 승용차를 구매하는 경우 국비 지원액의 20%를 추가 보조금으로 지원한다.,"▲ '상습 임금 체불 근절법’ 시행 =정부가 지정한 상습 임금 체불 사업주가 되면 정부 지원금이나 보조금 신청에서 제한을 받으며 정부가 발주하는 공사에 참여가 제한되거나 감점 등 불이익을 받는다. 상습 임금 체불 사업주는 출국 금지될 수 있다. ▲ 청년 특화 취업 지원 프로그램 =정부가 제공하는 ‘역량강화 프로그램’에 1개월 이상 참여한 뒤 제조·물류운송·보건·복지서비스·음식점·건설·해운·수산·자원 순환·농업 등 정부 지정 10개 업종에 취업해 6개월 근속할 경우 훈련참여수당 월 20만원과 취업 성공수당 40만원을 지원받는다. ▲ 중장년 경력지원제 신설 =재취업을 희망하는 퇴직 중장년이 일경험을 원하는 경우 1~3개월간 직무교육과 직무수행이 연계된 프로그램을 제공하고, 참여자는 참여수당으로 월 최대 150만원을 지원받는다. ◇금융·조세 수영장·헬스장도 카드 소득공제, 2자녀 가구 자동차 취득세 감면 ▲ 청년도약계좌 혜택 강화 =청년도약계좌 2년 이상 가입자 중 누적 800만원 이상을 납입한 가입자는 신용점수가 5~10점가량 가점된다. 또 2년 이상 가입자는 만기 전에도 누적 납입 원금의 최대 40% 이내에서 납입액 일부를 인출할 수 있게 된다. ▲ 자녀 세액공제 금액 확대 =8~20세 자녀(또는 손자녀)에 대한 자녀 세액공제 금액이 기존 첫째 15만원, 둘째 20만원, 셋째 이후 인당 30만원에서 첫째 25만원, 둘째 30만원, 셋째 이후 인당 40만원으로 확대된다. ▲ 수영장·헬스장도 신용카드 소득공제 =7월 1일부터 연 급여가 7000만원 이하인 경우 수영장이나 체력단련장 시설 이용료를 신용카드로 결제하면 연간 300만원 한도 내에서 소득공제율 30%를 적용받는다. ▲ 자동차 취득세 감면 기준 완화 =다자녀 가구의 자동차 취득세 감면 기준이 3자녀 이상에서 2자녀로 확대되면서 2자녀 가구도 자동차 취득세를 50% 감면 받게 된다. 6인승 이하 승용차 기준 70만원 한도 내에서 취득세가 감면된다. ▲ 면세 주류 병 수 제한 폐지 =해외에서 입국할 때 면세 주류 반입은 2L 이하, 400달러 미만으로 2병만 반입할 수 있었지만, 1분기(1~3월) 내에 병 수 제한이 폐지된다. ▲ 기업 출산지원금 비과세 =근로자가 회사 등에서 본인 또는 배우자의 출산과 관련해 받은 출산지원금에 대해서는 최대 2회에 한해 근로소득을 전액 비과세한다. ▲ 비수도권 미분양주택 취득 시 과세특례 =기존 1주택자가 서울·경기·인천 외 지역에 있는 전용면적 85㎡·취득가액 6억원 이하의 준공 후 미분양주택을 취득하는 경우 1세대 1주택 특례가 적용된다. 이 경우 12억원까지는 양도세가 비과세 되며, 종합부동산세 역시 12억원까지 기본공제를 받을 수 있다. ▲ 맞벌이 가구의 근로장려금 수급 요건 완화 =맞벌이 가구가 근로장려금을 받기 위한 소득기준이 연 3800만원 미만에서 연 4400만원 미만으로 확대된다. 근로장려금은 일은 하지만 소득이 적은 근로자에게 정부가 지급하는 장려금이다. ▲ 세무조사 사전통지 기간 확대 =납세자의 예측 가능성과 자기 방어권 보장을 위해 세무조사 사전통지 기간이 기존 15일에서 20일로 확대된다. ◇교육·병무·환경 병장 월급 125만→150만원 인상… ‘3년간 192학점’ 고교학점제 시행 ▲ 고교학점제 전면 시행 =2025년 고등학교 신입생을 대상으로 고교학점제가 전면 시행된다. 학생들은 진로와 적성에 따라 과목을 선택하고, 3년간 192학점 이상 이수하면 졸업이 인정된다. ▲ 늘봄학교 지원 대상 확대 =2025년 1학기부터 늘봄학교 지원 대상이 기존 초등학교 1학년에서 2학년까지 확대된다. 희망하는 초등학교 1~2학년이 모두 늘봄학교에 참여할 수 있고, 맞춤형 프로그램이 매일 2시간 무료로 제공된다. ▲ 국가장학금 지원 대폭 확대 =국가장학금 I유형과 다자녀 장학금 지원 대상을 100만명에서 150만명으로 확대해 1인당 최대 100만원을 지원한다. 국가근로장학금 수혜 대상은 14만명에서 20만명으로 확대되며, 주거안정장학금을 신설해 원거리 통학으로 어려움을 겪는 저소득 대학생에게 연간 최대 240만원을 지원한다. ▲ 병 봉급 인상 =병 봉급을 병장 기준 월 125만원에서 150만원으로 늘린다. 상병 봉급은 100만원에서 120만원으로, 일병은 80만원에서 90만원으로, 이병은 64만원에서 75만원으로 늘어난다. 장병 내일준비적금의 정부 지원금도 월 최대 40만원에서 55만원으로 오른다. ▲ 한국사·한국어시험 공군 가산점 폐지 =2025년 6회 차(9월) 공군 병 모집 때부터 한국사·한국어능력시험 가산점이 폐지된다. 군 임무 수행과 관련성이 적고, 병역 의무자에게 부담으로 작용할 수 있어서다. ▲ '20세 병역판정검사 후 입영’ 시범 실시 =그동안 모든 병역의무자가 19세에 병역판정검사를 받은 뒤 현역병 입영을 다시 신청해야 했지만, 2025년부터는 20세에 한 번의 신청으로 병역판정검사를 받고 3개월 후 원하는 날짜에 입영할 수 있는 제도가 시범 실시된다.",TRUE,전기차 보조금 정책 변화에 따른 추가 지원 대상 확대에 대한 정보 제공.,high,hcx,HCX-007,isclaim-v1.3-prev2-context,2026-07-30
A0004-C011,A0004,‘직원 한 명에 로봇 수십 대’… 이젠 로봇이 공장 움직인다,2025-01-01,https://www.chosun.com/economy/economy_general/2025/01/01/TGA2SHZ4SFACHOHRP36OUPCMHE,국제로봇연맹(IFR)에 따르면 2023년 우리나라는 직원 1만명당 로봇 1012대를 쓰는 나라였다.,2025년 한국 산업 현장의 주역이 로봇이란 말이 과언이 아닐 정도다.,하지만 우리 산업의 현장은 이제 로봇이 좌지우지한다.,TRUE,국제로봇연맹(IFR)에 따른 한국의 로봇 사용량에 대한 정보 제공.,high,hcx,HCX-007,isclaim-v1.3-prev2-context,2026-07-30
A0004-C012,A0004,‘직원 한 명에 로봇 수십 대’… 이젠 로봇이 공장 움직인다,2025-01-01,https://www.chosun.com/economy/economy_general/2025/01/01/TGA2SHZ4SFACHOHRP36OUPCMHE,이미 우리나라는 로봇 밀도(공장 직원 한 명당 로봇수) 전 세계 1위 국가인 것이다.,국제로봇연맹(IFR)에 따르면 2023년 우리나라는 직원 1만명당 로봇 1012대를 쓰는 나라였다.,2025년 한국 산업 현장의 주역이 로봇이란 말이 과언이 아닐 정도다.,TRUE,문장에서 '로봇 밀도(공장 직원 한 명당 로봇수)'가 전 세계 1위라는 주장은 KOSIS를 통해 검증 가능한 국내 집계 통계 정보에 해당합니다.,high,hcx,HCX-007,isclaim-v1.3-prev2-context,2026-07-30
A0004-C014,A0004,‘직원 한 명에 로봇 수십 대’… 이젠 로봇이 공장 움직인다,2025-01-01,https://www.chosun.com/economy/economy_general/2025/01/01/TGA2SHZ4SFACHOHRP36OUPCMHE,전 세계 평균(1만명당 162대)의 6배가 넘는 수치다.,싱가포르와 중국이 그 뒤를 이었다.,이미 우리나라는 로봇 밀도(공장 직원 한 명당 로봇수) 전 세계 1위 국가인 것이다.,TRUE,"현재 문장은 한국의 로봇 밀도가 전 세계 평균의 몇 배인지 수치적인 비교를 하고 있으며, 이는 국제적인 통계로서 KOSIS 등에서 관련 데이터를 찾아볼 수 있을 것으로 판단됩니다.",high,hcx,HCX-007,isclaim-v1.3-prev2-context,2026-07-30
A0004-C020,A0004,‘직원 한 명에 로봇 수십 대’… 이젠 로봇이 공장 움직인다,2025-01-01,https://www.chosun.com/economy/economy_general/2025/01/01/TGA2SHZ4SFACHOHRP36OUPCMHE,"우리나라는 로봇 밀도 1위 나라일 뿐 아니라, 지난 2018년 이후로 매년 5%씩 성장한 유일한 나라이기도 하다.",◇로봇 밀도 1위의 나라 로봇 밀도는 그 나라의 제조업이 얼마나 자동화됐는지 평가하는 기본 지표로 여겨진다.,가파른 경제성장 이후 저출산·고령화 사회로 진입하면서 ‘사람’에서 ‘로봇’으로 빠르게 옮겨가고 있는 산업 현장을 살펴봤다.,TRUE,문장에서 우리나라의 로봇 밀도가 매년 5%씩 성장했다고 주장하며 이는 KOSIS를 통해 검증 가능한 국내 집계 통계에 해당합니다.,high,hcx,HCX-007,isclaim-v1.3-prev2-context,2026-07-30
A0004-C042,A0004,‘직원 한 명에 로봇 수십 대’… 이젠 로봇이 공장 움직인다,2025-01-01,https://www.chosun.com/economy/economy_general/2025/01/01/TGA2SHZ4SFACHOHRP36OUPCMHE,이곳 관계자는 “로봇 자동화를 통해 생산량은 로봇을 들이기 이전보다 38% 올라갔고 원가도 45%가량 줄일 수 있었다”고 했다.,이곳에서 물티슈를 포장하고 싣는 모든 과정은 이제 다관절 로봇 5대가 해결한다.,충북 음성에 있는 중소기업 ㈜제일참은 물티슈 및 위생용품을 만드는 곳이다.,TRUE,"생산량이 38% 증가하고 원가가 45% 절감되었다는 구체적인 수치 주장이 포함되어 있으며, 이는 기업의 생산성과 비용 절감을 나타내는 통계적 변화로서 KOSIS에서 관련 통계를 찾아볼 수 있을 것이다.",high,hcx,HCX-007,isclaim-v1.3-prev2-context,2026-07-30
A0004-C046,A0004,‘직원 한 명에 로봇 수십 대’… 이젠 로봇이 공장 움직인다,2025-01-01,https://www.chosun.com/economy/economy_general/2025/01/01/TGA2SHZ4SFACHOHRP36OUPCMHE,한국로봇산업진흥원에 따르면 2023년까지 로봇화에 뛰어든 우리 기업은 2524곳으로 지난 2019년보다 13%가량 증가했다.,경기도 파주의 한 소규모 도서물류 업체 관계자는 “물류 현장에서 각종 사고를 예방하기 위해 허리나 허벅지에 차면 근력을 올려주는 웨어러블 로봇 7대를 구입해 사용하고 있다”고 했다.,중대재해법 관련 사고를 예방하기 위해 로봇을 쓰는 경우도 있다.,TRUE,"문장에서 언급된 '2023년까지 로봇화에 뛰어든 우리 기업은 2524곳으로 지난 2019년보다 13%가량 증가했다.'는 기업의 수 변화에 대한 구체적인 통계를 제공하고 있으며, 이는 국가 단위의 집계 통계로서 KOSIS를 통해 검증될 가능성이 높습니다.",high,hcx,HCX-007,isclaim-v1.3-prev2-context,2026-07-30
A0004-C047,A0004,‘직원 한 명에 로봇 수십 대’… 이젠 로봇이 공장 움직인다,2025-01-01,https://www.chosun.com/economy/economy_general/2025/01/01/TGA2SHZ4SFACHOHRP36OUPCMHE,진흥원 관계자는 “아직 2024년 조사 결과가 나오진 않았지만 지난 3년보다 더 많은 증가율을 보였을 것으로 추정한다”고 했다.,한국로봇산업진흥원에 따르면 2023년까지 로봇화에 뛰어든 우리 기업은 2524곳으로 지난 2019년보다 13%가량 증가했다.,경기도 파주의 한 소규모 도서물류 업체 관계자는 “물류 현장에서 각종 사고를 예방하기 위해 허리나 허벅지에 차면 근력을 올려주는 웨어러블 로봇 7대를 구입해 사용하고 있다”고 했다.,TRUE,"진흥원 관계자가 언급한 내용은 2024년의 로봇화 참여 기업의 증가율에 대한 추정을 포함하며, 이는 KOSIS를 통해 관련 통계를 확인할 수 있는 내용이다.",mid,hcx,HCX-007,isclaim-v1.3-prev2-context,2026-07-30
A0005-C004,A0005,"정부, 美 ‘CES 2025′에 역대 최대 통합한국관 운영",2025-01-01,https://www.chosun.com/economy/industry-company/2025/01/01/2LIJLNBNSNANXCA6WLEDQ7A74A,이는 지난해 443개보다 2개 늘어난 역대 최대 규모다.,산업통상자원부와 코트라(KOTRA)는 이달 7~10일 개최되는 CES 2025에 36개 기관과 협업해 445개사 규모의 역대 최대 통합한국관을 구성한다.,범정부 차원의 통합 홍보와 규모 있는 국가관 운용으로 국내 기업의 수출 마케팅 효과가 증대할 것으로 기대된다.,TRUE,"현재 문장은 CES 2025에서의 통합한국관의 규모가 작년 대비 증가한 것을 주장하며, 이는 KOSIS를 통해 대조 가능한 국내 집계 통계 정보에 해당합니다.",high,hcx,HCX-007,isclaim-v1.3-prev2-context,2026-07-30
A0005-C006,A0005,"정부, 美 ‘CES 2025′에 역대 최대 통합한국관 운영",2025-01-01,https://www.chosun.com/economy/industry-company/2025/01/01/2LIJLNBNSNANXCA6WLEDQ7A74A,"올해 한국은 삼성, LG, 현대, SK 등 글로벌 대기업과 통합한국관 445개사, 기타 중소·중견기업 455여개를 포함한 약 900개사가 참가할 예정이다.","통합한국관 주요 전시분야는 생활가전(18%) 디지털헬스(17%), 인공지능(16%), 스마트 홈(12%) 순으로 집계됐다.",이는 지난해 443개보다 2개 늘어난 역대 최대 규모다.,TRUE,"현재 문장에서 언급된 '통합한국관 445개사, 기타 중소·중견기업 455여개를 포함한 약 900개사가 참가할 예정'이라는 내용은 특정 행사에 참여하는 기업의 수를 나타내며, 이 정보는 KOSIS를 통해 대조 가능한 국내 집계 통계 정보로 볼 수 있다.",high,hcx,HCX-007,isclaim-v1.3-prev2-context,2026-07-30
A0005-C007,A0005,"정부, 美 ‘CES 2025′에 역대 최대 통합한국관 운영",2025-01-01,https://www.chosun.com/economy/industry-company/2025/01/01/2LIJLNBNSNANXCA6WLEDQ7A74A,전체 한국 기업 참가 숫자도 지난해보다 100개가량 늘어난 최대다.,"올해 한국은 삼성, LG, 현대, SK 등 글로벌 대기업과 통합한국관 445개사, 기타 중소·중견기업 455여개를 포함한 약 900개사가 참가할 예정이다.","통합한국관 주요 전시분야는 생활가전(18%) 디지털헬스(17%), 인공지능(16%), 스마트 홈(12%) 순으로 집계됐다.",TRUE,"현재 문장은 한국 기업의 전시회 참가 숫자가 지난해보다 늘어났다는 내용을 포함하며, 이는 KOSIS를 통해 대조 가능한 국내 집계 통계 정보로 볼 수 있습니다.",high,hcx,HCX-007,isclaim-v1.3-prev2-context,2026-07-30
A0006-C001,A0006,"2024년 수출, 6838억달러로 ‘역대 최대’ 경신",2025-01-01,https://www.chosun.com/economy/industry-company/2025/01/01/2UPTGREAPRAWRG4XUBRMLONSKY,한국의 2024년 수출이 6838억 달러를 기록해 역대 최대실적을 달성했다고 1일 산업통상자원부가 밝혔다.,,,TRUE,한국의 2024년 수출액이 역대 최대 실적인지에 대한 정보는 국가 통계의 수출 관련 데이터를 통해 확인 가능하다.,high,hcx,HCX-007,isclaim-v1.3-prev2-context,2026-07-30
A0006-C002,A0006,"2024년 수출, 6838억달러로 ‘역대 최대’ 경신",2025-01-01,https://www.chosun.com/economy/industry-company/2025/01/01/2UPTGREAPRAWRG4XUBRMLONSKY,"이전 최대 실적은 2022년 기록한 6836억달러인데, 이를 2년 만에 근소하게 경신한 것이다.",한국의 2024년 수출이 6838억 달러를 기록해 역대 최대실적을 달성했다고 1일 산업통상자원부가 밝혔다.,,TRUE,"현재 문장은 한국의 수출액이 2022년의 기록을 2년 만에 근소하게 경신했다는 내용을 담고 있으며, 이는 KOSIS 국가통계포털에서 수출액 관련 통계를 통해 검증할 수 있는 내용이다.",high,hcx,HCX-007,isclaim-v1.3-prev2-context,2026-07-30
A0006-C003,A0006,"2024년 수출, 6838억달러로 ‘역대 최대’ 경신",2025-01-01,https://www.chosun.com/economy/industry-company/2025/01/01/2UPTGREAPRAWRG4XUBRMLONSKY,"이에 따라 2024년 1~9월 기준(WTO)으로 전 세계 수출순위도 2023년 8위에서 두 단계 상승한 6위를 달성했으며, 상위 10대 수출국 중 가장 높은 수출증가율(+9.6%)을 기록했다.","이전 최대 실적은 2022년 기록한 6836억달러인데, 이를 2년 만에 근소하게 경신한 것이다.",한국의 2024년 수출이 6838억 달러를 기록해 역대 최대실적을 달성했다고 1일 산업통상자원부가 밝혔다.,TRUE,"현재 문장은 한국이 2024년 WTO 기준으로 전 세계 수출 순위에서 6위를 달성했고, 상위 10대 수출국 중에서 가장 높은 수출 증가율을 기록했다는 내용을 포함하고 있습니다.",high,hcx,HCX-007,isclaim-v1.3-prev2-context,2026-07-30
A0006-C004,A0006,"2024년 수출, 6838억달러로 ‘역대 최대’ 경신",2025-01-01,https://www.chosun.com/economy/industry-company/2025/01/01/2UPTGREAPRAWRG4XUBRMLONSKY,무역수지는 전년 대비 621억 달러 개선된 518억 달러의 흑자를 기록했다.,"이에 따라 2024년 1~9월 기준(WTO)으로 전 세계 수출순위도 2023년 8위에서 두 단계 상승한 6위를 달성했으며, 상위 10대 수출국 중 가장 높은 수출증가율(+9.6%)을 기록했다.","이전 최대 실적은 2022년 기록한 6836억달러인데, 이를 2년 만에 근소하게 경신한 것이다.",TRUE,"문장에서 '무역수지가 전년 대비 621억 달러 개선되어 518억 달러의 흑자를 기록했다'는 내용은 국가 경제 관련 통계 정보로서, KOSIS를 통해 해당 기간 동안의 무역수지를 비교하여 검증할 수 있습니다.",high,hcx,HCX-007,isclaim-v1.3-prev2-context,2026-07-30
A0006-C005,A0006,"2024년 수출, 6838억달러로 ‘역대 최대’ 경신",2025-01-01,https://www.chosun.com/economy/industry-company/2025/01/01/2UPTGREAPRAWRG4XUBRMLONSKY,2022년 당시 수출액은 역대 최대를 기록하면서도 472억달러 적자를 냈던 것과 다른 결과다.,무역수지는 전년 대비 621억 달러 개선된 518억 달러의 흑자를 기록했다.,"이에 따라 2024년 1~9월 기준(WTO)으로 전 세계 수출순위도 2023년 8위에서 두 단계 상승한 6위를 달성했으며, 상위 10대 수출국 중 가장 높은 수출증가율(+9.6%)을 기록했다.",TRUE,"현재 문장은 2022년의 수출액 및 무역수지와 비교하여 2024년의 결과를 언급하며, 이는 국가 간 무역 관련 통계로서 KOSIS에서 대조 가능한 정보이기 때문에 True로 판단된다.",high,hcx,HCX-007,isclaim-v1.3-prev2-context,2026-07-30
A0006-C006,A0006,"2024년 수출, 6838억달러로 ‘역대 최대’ 경신",2025-01-01,https://www.chosun.com/economy/industry-company/2025/01/01/2UPTGREAPRAWRG4XUBRMLONSKY,2024년에는 에너지 수입이 감소하면서 전체 수입이 전년 대비 1.6% 감소한 덕에 무역수지가 개선됐다.,2022년 당시 수출액은 역대 최대를 기록하면서도 472억달러 적자를 냈던 것과 다른 결과다.,무역수지는 전년 대비 621억 달러 개선된 518억 달러의 흑자를 기록했다.,TRUE,"현재 문장은 2024년의 무역수지 개선을 설명하며, 이는 KOSIS 국가통계포털에서 무역수지와 관련된 통계를 통해 검증할 수 있는 내용이기 때문에 True로 판단된다.",high,hcx,HCX-007,isclaim-v1.3-prev2-context,2026-07-30
A0006-C007,A0006,"2024년 수출, 6838억달러로 ‘역대 최대’ 경신",2025-01-01,https://www.chosun.com/economy/industry-company/2025/01/01/2UPTGREAPRAWRG4XUBRMLONSKY,이에 2018년(697억 달러 흑자) 이후 최대 흑자를 기록하게 됐다.,2024년에는 에너지 수입이 감소하면서 전체 수입이 전년 대비 1.6% 감소한 덕에 무역수지가 개선됐다.,2022년 당시 수출액은 역대 최대를 기록하면서도 472억달러 적자를 냈던 것과 다른 결과다.,TRUE,"현재 문장은 2025년의 무역수지가 2018년 이후 최대 흑자를 기록했다는 내용을 담고 있으며, 이는 국가 통계의 변화를 나타내는 정보로서 KOSIS에서 검증 가능하다.",high,hcx,HCX-007,isclaim-v1.3-prev2-context,2026-07-30
A0006-C008,A0006,"2024년 수출, 6838억달러로 ‘역대 최대’ 경신",2025-01-01,https://www.chosun.com/economy/industry-company/2025/01/01/2UPTGREAPRAWRG4XUBRMLONSKY,"지난해 유가가 하향 안정화된 가운데 반도체 등 IT 품목, 선박·자동차 등 주력 품목과 바이오헬스·농수산식품·화장품 등 소비재 품목이 고르게 호조를 보이면서 역대 최대 수출 실적과 무역수지 흑자를 동시에 기록했다.",이에 2018년(697억 달러 흑자) 이후 최대 흑자를 기록하게 됐다.,2024년에는 에너지 수입이 감소하면서 전체 수입이 전년 대비 1.6% 감소한 덕에 무역수지가 개선됐다.,TRUE,"현재 문장에서 지난해 유가의 하향 안정화와 함께 다양한 품목들의 수출 실적이 호조를 보였다는 내용이 있으며, 이는 국가통계포털(KOSIS)에서 관련 통계를 통해 검증할 수 있는 내용이기 때문에 판단 근거로 적합합니다.",high,hcx,HCX-007,isclaim-v1.3-prev2-context,2026-07-30
A0006-C009,A0006,"2024년 수출, 6838억달러로 ‘역대 최대’ 경신",2025-01-01,https://www.chosun.com/economy/industry-company/2025/01/01/2UPTGREAPRAWRG4XUBRMLONSKY,"◇반도체, 자동차가 이끌고 바이오, 농수산, 화장품 등도 고르게 증가 품목별로는 최대 수출품목인 반도체가 43.9% 증가한 1419억 달러를 기록, 2023년 11월 이후 14개월 연속 증가 흐름을 이어가면서 기존 최대 실적인 2022년 1292억 달러를 2년 만에 경신했다.","지난해 유가가 하향 안정화된 가운데 반도체 등 IT 품목, 선박·자동차 등 주력 품목과 바이오헬스·농수산식품·화장품 등 소비재 품목이 고르게 호조를 보이면서 역대 최대 수출 실적과 무역수지 흑자를 동시에 기록했다.",이에 2018년(697억 달러 흑자) 이후 최대 흑자를 기록하게 됐다.,TRUE,"현재 문장은 반도체 및 다른 품목들의 수출 증가율과 실적에 대한 구체적인 수치를 포함하고 있으며, 이는 국가 통계로서 KOSIS에서 검증 가능한 내용이다.",high,hcx,HCX-007,isclaim-v1.3-prev2-context,2026-07-30
A0006-C010,A0006,"2024년 수출, 6838억달러로 ‘역대 최대’ 경신",2025-01-01,https://www.chosun.com/economy/industry-company/2025/01/01/2UPTGREAPRAWRG4XUBRMLONSKY,"특히 지난 4분기에는 범용 메모리 가격하락에도 불구하고, DDR5·HBM 등 고부가 품목을 중심으로 수출이 확대되면서 올해 전체적으로 분기별 수출이 우상향했다.","◇반도체, 자동차가 이끌고 바이오, 농수산, 화장품 등도 고르게 증가 품목별로는 최대 수출품목인 반도체가 43.9% 증가한 1419억 달러를 기록, 2023년 11월 이후 14개월 연속 증가 흐름을 이어가면서 기존 최대 실적인 2022년 1292억 달러를 2년 만에 경신했다.","지난해 유가가 하향 안정화된 가운데 반도체 등 IT 품목, 선박·자동차 등 주력 품목과 바이오헬스·농수산식품·화장품 등 소비재 품목이 고르게 호조를 보이면서 역대 최대 수출 실적과 무역수지 흑자를 동시에 기록했다.",TRUE,"현재 문장은 반도체 수출이 분기별로 우상향했다는 내용을 포함하며, 이는 KOSIS 등의 국가 통계를 통해 검증 가능한 내용이다.",high,hcx,HCX-007,isclaim-v1.3-prev2-context,2026-07-30
A0006-C011,A0006,"2024년 수출, 6838억달러로 ‘역대 최대’ 경신",2025-01-01,https://www.chosun.com/economy/industry-company/2025/01/01/2UPTGREAPRAWRG4XUBRMLONSKY,"자동차 수출은 하반기 주요 완성차·부품업계 파업 등에 따른 일부 생산 차질 영향으로 전년도와 보합세인 708억 달러(-0.1%)를 기록하였으며, 2년 연속 700억 달러 이상의 호실적을 이어갔다.","특히 지난 4분기에는 범용 메모리 가격하락에도 불구하고, DDR5·HBM 등 고부가 품목을 중심으로 수출이 확대되면서 올해 전체적으로 분기별 수출이 우상향했다.","◇반도체, 자동차가 이끌고 바이오, 농수산, 화장품 등도 고르게 증가 품목별로는 최대 수출품목인 반도체가 43.9% 증가한 1419억 달러를 기록, 2023년 11월 이후 14개월 연속 증가 흐름을 이어가면서 기존 최대 실적인 2022년 1292억 달러를 2년 만에 경신했다.",TRUE,자동차 수출액이 전년도와 보합세를 이루었다는 내용은 KOSIS 국가통계포털에서 관련 통계를 통해 검증할 수 있는 정보입니다.,high,hcx,HCX-007,isclaim-v1.3-prev2-context,2026-07-30
A0006-C012,A0006,"2024년 수출, 6838억달러로 ‘역대 최대’ 경신",2025-01-01,https://www.chosun.com/economy/industry-company/2025/01/01/2UPTGREAPRAWRG4XUBRMLONSKY,"선박 수출은 2021년 높은 선가로 수주한 LNG 운반선, 대형 컨테이너선 등 고부가 선박이 본격 수출되면서 두 자릿수(18%) 증가한 256억 달러를 기록했다.","자동차 수출은 하반기 주요 완성차·부품업계 파업 등에 따른 일부 생산 차질 영향으로 전년도와 보합세인 708억 달러(-0.1%)를 기록하였으며, 2년 연속 700억 달러 이상의 호실적을 이어갔다.","특히 지난 4분기에는 범용 메모리 가격하락에도 불구하고, DDR5·HBM 등 고부가 품목을 중심으로 수출이 확대되면서 올해 전체적으로 분기별 수출이 우상향했다.",TRUE,"선박 수출액이 2021년에 비해 두 자릿수로 증가했다는 구체적인 수치 주장이 포함되어 있으며, 이는 국가 통계로서 KOSIS에서 확인 가능한 내용이다.",high,hcx,HCX-007,isclaim-v1.3-prev2-context,2026-07-30
A0006-C013,A0006,"2024년 수출, 6838억달러로 ‘역대 최대’ 경신",2025-01-01,https://www.chosun.com/economy/industry-company/2025/01/01/2UPTGREAPRAWRG4XUBRMLONSKY,"석유화학 수출은 480억 달러로, 하반기 유가 하락에 따른 수출단가 하락에도 불구하고 수출물량이 확대되면서 5% 증가했다.","선박 수출은 2021년 높은 선가로 수주한 LNG 운반선, 대형 컨테이너선 등 고부가 선박이 본격 수출되면서 두 자릿수(18%) 증가한 256억 달러를 기록했다.","자동차 수출은 하반기 주요 완성차·부품업계 파업 등에 따른 일부 생산 차질 영향으로 전년도와 보합세인 708억 달러(-0.1%)를 기록하였으며, 2년 연속 700억 달러 이상의 호실적을 이어갔다.",TRUE,석유화학 수출액이 480억 달러로 5% 증가했다는 내용은 KOSIS 국가통계포털에서 관련 통계를 통해 검증할 수 있는 수치 주장이다.,high,hcx,HCX-007,isclaim-v1.3-prev2-context,2026-07-30
A0006-C014,A0006,"2024년 수출, 6838억달러로 ‘역대 최대’ 경신",2025-01-01,https://www.chosun.com/economy/industry-company/2025/01/01/2UPTGREAPRAWRG4XUBRMLONSKY,"바이오헬스 수출은 바이오시밀러 등 의약품을 중심으로 전년 대비 13.1% 증가한 151억 달러를 기록했으며, 전 세계적으로 K푸드, K뷰티 선호가 확대되면서 농수산식품 수출은 117억 달러(7.6%), 화장품 수출(102억 달러, +20.6%)은 처음으로 100억 달러를 돌파하면서 역대 최대 수출실적을 경신했다.","석유화학 수출은 480억 달러로, 하반기 유가 하락에 따른 수출단가 하락에도 불구하고 수출물량이 확대되면서 5% 증가했다.","선박 수출은 2021년 높은 선가로 수주한 LNG 운반선, 대형 컨테이너선 등 고부가 선박이 본격 수출되면서 두 자릿수(18%) 증가한 256억 달러를 기록했다.",TRUE,"현재 문장은 바이오헬스, 농수산식품, 화장품 등의 수출액이 전년 대비 얼마나 증가했는지를 구체적으로 언급하고 있으며, 이는 국가통계포털(KOSIS)에서 관련 통계를 통해 검증할 수 있는 내용이다.",high,hcx,HCX-007,isclaim-v1.3-prev2-context,2026-07-30
A0006-C015,A0006,"2024년 수출, 6838억달러로 ‘역대 최대’ 경신",2025-01-01,https://www.chosun.com/economy/industry-company/2025/01/01/2UPTGREAPRAWRG4XUBRMLONSKY,◇12월 수출 6.6% 늘어난 614억달러...수출 증가율 5개월 만에 반등 한편 이날 동시에 발표된 지난 12월 수출액은 614억달러로 전년 동월 대비 6.6% 증가했다.,"바이오헬스 수출은 바이오시밀러 등 의약품을 중심으로 전년 대비 13.1% 증가한 151억 달러를 기록했으며, 전 세계적으로 K푸드, K뷰티 선호가 확대되면서 농수산식품 수출은 117억 달러(7.6%), 화장품 수출(102억 달러, +20.6%)은 처음으로 100억 달러를 돌파하면서 역대 최대 수출실적을 경신했다.","석유화학 수출은 480억 달러로, 하반기 유가 하락에 따른 수출단가 하락에도 불구하고 수출물량이 확대되면서 5% 증가했다.",TRUE,"문장에서 '지난 12월 수출액은 614억달러로 전년 동월 대비 6.6% 증가했다.'라는 내용은 한국의 수출액 변화에 대한 구체적인 수치와 증가율을 포함하고 있으며, 이는 국가통계포털(KOSIS)에서 관련 통계를 통해 검증할 수 있는 내용입니다.",high,hcx,HCX-007,isclaim-v1.3-prev2-context,2026-07-30
A0006-C016,A0006,"2024년 수출, 6838억달러로 ‘역대 최대’ 경신",2025-01-01,https://www.chosun.com/economy/industry-company/2025/01/01/2UPTGREAPRAWRG4XUBRMLONSKY,15개월 연속 플러스 흐름을 이어간 것이다.,◇12월 수출 6.6% 늘어난 614억달러...수출 증가율 5개월 만에 반등 한편 이날 동시에 발표된 지난 12월 수출액은 614억달러로 전년 동월 대비 6.6% 증가했다.,"바이오헬스 수출은 바이오시밀러 등 의약품을 중심으로 전년 대비 13.1% 증가한 151억 달러를 기록했으며, 전 세계적으로 K푸드, K뷰티 선호가 확대되면서 농수산식품 수출은 117억 달러(7.6%), 화장품 수출(102억 달러, +20.6%)은 처음으로 100억 달러를 돌파하면서 역대 최대 수출실적을 경신했다.",TRUE,"현재 문장은 수출 증가 흐름이 지속되고 있다는 내용을 담고 있으며, 이는 KOSIS 국가통계포털에서 수출 관련 통계를 통해 검증할 수 있는 내용이다.",high,hcx,HCX-007,isclaim-v1.3-prev2-context,2026-07-30
A0006-C017,A0006,"2024년 수출, 6838억달러로 ‘역대 최대’ 경신",2025-01-01,https://www.chosun.com/economy/industry-company/2025/01/01/2UPTGREAPRAWRG4XUBRMLONSKY,특히 감소 추세를 보이던 수출 증가율이 5개월 만에 반등에 성공했다.,15개월 연속 플러스 흐름을 이어간 것이다.,◇12월 수출 6.6% 늘어난 614억달러...수출 증가율 5개월 만에 반등 한편 이날 동시에 발표된 지난 12월 수출액은 614억달러로 전년 동월 대비 6.6% 증가했다.,TRUE,"현재 문장은 수출 증가율이 감소 추세에서 5개월 만에 반등했다는 내용을 포함하며, 이는 KOSIS에서 수출 관련 통계를 통해 검증할 수 있는 내용이다.",high,hcx,HCX-007,isclaim-v1.3-prev2-context,2026-07-30
A0006-C018,A0006,"2024년 수출, 6838억달러로 ‘역대 최대’ 경신",2025-01-01,https://www.chosun.com/economy/industry-company/2025/01/01/2UPTGREAPRAWRG4XUBRMLONSKY,"전년 대비 월간 수출 증가율은 8월(11%), 9월(7.5%), 10월(4.6%), 11월(1.4%)로 계속 감소 중이었으나, 12월에 6.6%로 반등에 성공한 것이다.",특히 감소 추세를 보이던 수출 증가율이 5개월 만에 반등에 성공했다.,15개월 연속 플러스 흐름을 이어간 것이다.,TRUE,"현재 문장은 전년 대비 월간 수출 증가율의 변화에 대해 언급하며, 이는 국가 통계의 일부로서 KOSIS에서 확인 가능한 정보입니다.",high,hcx,HCX-007,isclaim-v1.3-prev2-context,2026-07-30
A0006-C019,A0006,"2024년 수출, 6838억달러로 ‘역대 최대’ 경신",2025-01-01,https://www.chosun.com/economy/industry-company/2025/01/01/2UPTGREAPRAWRG4XUBRMLONSKY,12월 수출도 한국의 최대 수출 품목인 반도체가 31.5% 증가한 145억 달러를 기록하며 호실적을 이끌었다.,"전년 대비 월간 수출 증가율은 8월(11%), 9월(7.5%), 10월(4.6%), 11월(1.4%)로 계속 감소 중이었으나, 12월에 6.6%로 반등에 성공한 것이다.",특히 감소 추세를 보이던 수출 증가율이 5개월 만에 반등에 성공했다.,TRUE,"현재 문장은 12월 수출 실적 및 반도체 수출 증가율이라는 구체적인 수치와 변화를 포함하고 있으며, 이는 국가 통계로서 KOSIS에서 확인 가능한 정보입니다.",high,hcx,HCX-007,isclaim-v1.3-prev2-context,2026-07-30
A0007-C003,A0007,"외신 “2024년, 2018년 이후 가장 항공 희생자 많은 해 됐다”",2025-01-01,https://www.chosun.com/economy/industry-company/2025/01/01/CQYMZH3PHRHZ7CXJFKL5PT4AB4,보잉 737 맥스 여객기가 자카르타에서 추락한 사고로 189명이 사망한 사건이 발생한 2018년(전체 사망자 526명) 이후 가장 많다.,영국 항공 데이터분석 기관 시리움(Cirium)에 따르면 지난해 여객기 사고로 숨진 사람은 세계에서 318명에 이른다.,0 2024년이 무안공항 제주항공 참사와 아제르바이잔 항공기 추락 사건을 계기로 2018년 이후 가장 많은 사망자가 발생한 해가 됐다.,TRUE,"현재 문장은 여객기 사고로 인한 사망자 수를 언급하며, 이는 국제적인 사건이지만 세계 각국의 통계를 통해 비교 가능한 정보이므로 KOSIS를 통해 검증할 수 있다.",high,hcx,HCX-007,isclaim-v1.3-prev2-context,2026-07-30
A0009-C001,A0009,"승객 수는 더 많은 LCC, 정비사는 대형 항공사의 38%",2025-01-01,https://www.chosun.com/economy/industry-company/2025/01/01/PVCPHJRE7RDT7L2ZG2LDED5NNA,7 2023년 국적기로 국제선을 이용한 여객 4720만여 명 가운데 저비용항공사(LCC) 이용객이 2419만여 명으로 대형항공사(대한항공·아시아나항공) 이용객 2300만여 명을 처음으로 넘어섰다.,,,TRUE,문장에서 LCC와 대형항공사의 이용객 수를 비교하여 LCC 이용객 수가 더 많다는 사실을 주장하고 있습니다.,high,hcx,HCX-007,isclaim-v1.3-prev2-context,2026-07-30
A0009-C002,A0009,"승객 수는 더 많은 LCC, 정비사는 대형 항공사의 38%",2025-01-01,https://www.chosun.com/economy/industry-company/2025/01/01/PVCPHJRE7RDT7L2ZG2LDED5NNA,"국내선 여객수는 일찌감치 넘어섰지만, 난공불락 같았던 국제선 역시 LCC를 타고 해외로 나가는 사람이 더 많아진 것이다.",7 2023년 국적기로 국제선을 이용한 여객 4720만여 명 가운데 저비용항공사(LCC) 이용객이 2419만여 명으로 대형항공사(대한항공·아시아나항공) 이용객 2300만여 명을 처음으로 넘어섰다.,,TRUE,"문장에서 'LCC를 타고 해외로 나가는 사람이 더 많아졌다'는 내용은 국제선 여객수에 대한 변화를 언급하며, 이는 국가통계포털(KOSIS)에서 관련 통계를 통해 검증할 수 있는 내용이다.",high,hcx,HCX-007,isclaim-v1.3-prev2-context,2026-07-30
A0009-C004,A0009,"승객 수는 더 많은 LCC, 정비사는 대형 항공사의 38%",2025-01-01,https://www.chosun.com/economy/industry-company/2025/01/01/PVCPHJRE7RDT7L2ZG2LDED5NNA,"31일 본지가 국토교통부의 항공 정비사 통계를 분석한 결과, 대한항공과 아시아나 2사 소속이 전체의 72.6%를 차지하는 것으로 나타났다.","이처럼 LCC 이용객은 빠르게 늘고 있지만, ‘제1 원칙’인 안전 투자에선 정반대의 결과가 벌어지고 있다.","국내선 여객수는 일찌감치 넘어섰지만, 난공불락 같았던 국제선 역시 LCC를 타고 해외로 나가는 사람이 더 많아진 것이다.",TRUE,"현재 문장은 국토교통부의 항공 정비사 통계를 분석하여 대한항공과 아시아나 소속이 전체 중 어느 정도 비율을 차지하는지 주장하는 내용으로, 이는 국내 집계 통계에 해당하며 KOSIS에서 관련 데이터를 찾아볼 수 있을 가능성이 높습니다.",high,hcx,HCX-007,isclaim-v1.3-prev2-context,2026-07-30
A0009-C005,A0009,"승객 수는 더 많은 LCC, 정비사는 대형 항공사의 38%",2025-01-01,https://www.chosun.com/economy/industry-company/2025/01/01/PVCPHJRE7RDT7L2ZG2LDED5NNA,반면 운송 여객 수가 더 많은 LCC 10사(여객·화물 항공사 포함)의 정비사 비율은 27.4%에 그쳤다.,"31일 본지가 국토교통부의 항공 정비사 통계를 분석한 결과, 대한항공과 아시아나 2사 소속이 전체의 72.6%를 차지하는 것으로 나타났다.","이처럼 LCC 이용객은 빠르게 늘고 있지만, ‘제1 원칙’인 안전 투자에선 정반대의 결과가 벌어지고 있다.",TRUE,"LCC 10사의 정비사 비율이 전체 중 27.4%라는 구체적인 수치를 제시하며, 이는 국가통계포털(KOSIS) 등에서 관련 데이터를 통해 검증할 수 있는 내용이다.",high,hcx,HCX-007,isclaim-v1.3-prev2-context,2026-07-30
A0009-C009,A0009,"승객 수는 더 많은 LCC, 정비사는 대형 항공사의 38%",2025-01-01,https://www.chosun.com/economy/industry-company/2025/01/01/PVCPHJRE7RDT7L2ZG2LDED5NNA,"◇급성장한 LCC, 안전 투자는 미흡 국토교통부가 지난해 9월 발표한 ‘2023 항공안전백서’에 따르면, 국내 12개 항공사의 정비사 총 5849명(2023년말 기준) 가운데 대형 항공사인 대한항공, 아시아나항공 등 2사 소속은 4248명이었다.","이같은 우려가 커지자, 제주항공은 이날 브리핑을 갖고 “2025년 3월까지 운항량을 10~15% 감축하고, 정비사도 추가 고용하겠다”고 밝혔다.",전남 무안공항 참사를 계기로 국민들의 불안감이 커지는 가운데 항공 전문가들 사이에선 LCC의 안전 수준을 대대적으로 재점검해야 한다는 지적이 나오고 있다.,TRUE,"국내 12개 항공사의 정비사 총수와 대형 항공사 소속 정비사 수를 제시하며, 이는 국가집계 통계로서 KOSIS에서 확인 가능하다.",high,hcx,HCX-007,isclaim-v1.3-prev2-context,2026-07-30
A0009-C010,A0009,"승객 수는 더 많은 LCC, 정비사는 대형 항공사의 38%",2025-01-01,https://www.chosun.com/economy/industry-company/2025/01/01/PVCPHJRE7RDT7L2ZG2LDED5NNA,"제주항공·진에어 등 LCC 10사의 정비사는 모두 1601명으로, 대형항공사의 3분의 1 수준(37.7%)에 그쳤다.","◇급성장한 LCC, 안전 투자는 미흡 국토교통부가 지난해 9월 발표한 ‘2023 항공안전백서’에 따르면, 국내 12개 항공사의 정비사 총 5849명(2023년말 기준) 가운데 대형 항공사인 대한항공, 아시아나항공 등 2사 소속은 4248명이었다.","이같은 우려가 커지자, 제주항공은 이날 브리핑을 갖고 “2025년 3월까지 운항량을 10~15% 감축하고, 정비사도 추가 고용하겠다”고 밝혔다.",TRUE,"제주항공 및 진에어 등 LCC 10사의 정비사가 대형항공사에 비해 적다는 내용을 담고 있으며, 이는 국내 항공사 관련 통계로서 KOSIS를 통해 검증 가능하다.",high,hcx,HCX-007,isclaim-v1.3-prev2-context,2026-07-30
A0009-C011,A0009,"승객 수는 더 많은 LCC, 정비사는 대형 항공사의 38%",2025-01-01,https://www.chosun.com/economy/industry-company/2025/01/01/PVCPHJRE7RDT7L2ZG2LDED5NNA,"이를 각 사의 항공기 보유 대수로 나눠보면, 대형항공사들은 대당 16~18명 수준의 정비사를 보유하고 있지만 LCC는 10.6명이었다.","제주항공·진에어 등 LCC 10사의 정비사는 모두 1601명으로, 대형항공사의 3분의 1 수준(37.7%)에 그쳤다.","◇급성장한 LCC, 안전 투자는 미흡 국토교통부가 지난해 9월 발표한 ‘2023 항공안전백서’에 따르면, 국내 12개 항공사의 정비사 총 5849명(2023년말 기준) 가운데 대형 항공사인 대한항공, 아시아나항공 등 2사 소속은 4248명이었다.",TRUE,현재 문장은 대형항공사들과 저비용항공사(LCC)들의 항공기 당 정비사 수를 비교하여 구체적인 수치를 제시하고 있습니다.,high,hcx,HCX-007,isclaim-v1.3-prev2-context,2026-07-30
A0009-C016,A0009,"승객 수는 더 많은 LCC, 정비사는 대형 항공사의 38%",2025-01-01,https://www.chosun.com/economy/industry-company/2025/01/01/PVCPHJRE7RDT7L2ZG2LDED5NNA,"하지만 지난해 국토부 백서에 따르면, LCC 중 가장 정비사 수가 많은 제주항공도 대당 정비사가 11.2명에 그쳤다.",정부가 내세운 기준은 항공기 1대당 정비사 12명(당시 9~11명)이었다.,당시 정부가 가장 먼저 요구한 것도 적정 정비사부터 충원하라는 것이었다.,TRUE,"제주항공의 대당 정비사 수가 11.2명으로 정부의 기준인 12명에 미치지 못한다는 사실을 언급하며, 이는 KOSIS를 통해 확인 가능한 고용 및 산업 관련 통계 정보일 수 있다.",high,hcx,HCX-007,isclaim-v1.3-prev2-context,2026-07-30
A0009-C017,A0009,"승객 수는 더 많은 LCC, 정비사는 대형 항공사의 38%",2025-01-01,https://www.chosun.com/economy/industry-company/2025/01/01/PVCPHJRE7RDT7L2ZG2LDED5NNA,이에 대해 제주항공 측은 “정부의 통계 시점인 2023년 말 이후 정비사를 충원해 현재는 정비사가 522명으로 대당 12.7명 수준으로 개선했다”며 “2025년말까지 560명으로 늘리겠다”고 밝혔다.,"하지만 지난해 국토부 백서에 따르면, LCC 중 가장 정비사 수가 많은 제주항공도 대당 정비사가 11.2명에 그쳤다.",정부가 내세운 기준은 항공기 1대당 정비사 12명(당시 9~11명)이었다.,TRUE,"제주항공 측이 정부의 통계 시점 이후에 정비사 수를 충원하여 현재 대당 정비사 수가 개선되었다고 주장하며, 이는 KOSIS를 통해 확인 가능한 고용 및 산업 관련 통계 정보일 가능성이 높습니다.",high,hcx,HCX-007,isclaim-v1.3-prev2-context,2026-07-30
A0009-C028,A0009,"승객 수는 더 많은 LCC, 정비사는 대형 항공사의 38%",2025-01-01,https://www.chosun.com/economy/industry-company/2025/01/01/PVCPHJRE7RDT7L2ZG2LDED5NNA,LCC 1위인 제주항공이 올해 항공기 정비·수리·개조에 책정한 예산도 2209억원에 그친다.,"자체 항공정비(MRO) 시설을 갖춘 대형 항공사와 달리, LCC들은 이 같은 시설을 갖추지 못해 핵심 부품의 중정비는 해외 정비업체에 의존하고 있다.","정비사는 적고 업무량은 많다 보니, 온라인에는 “제주항공 정비에서 2년 버티면 어디서도 버틸 수 있다”는 글들이 올라오고 있다.",TRUE,LCC 1위인 제주항공이 올해 항공기 정비·수리·개조에 책정한 예산이 2209억원이라는 구체적인 수치 주장이 포함되어 있습니다.,high,hcx,HCX-007,isclaim-v1.3-prev2-context,2026-07-30
A0009-C029,A0009,"승객 수는 더 많은 LCC, 정비사는 대형 항공사의 38%",2025-01-01,https://www.chosun.com/economy/industry-company/2025/01/01/PVCPHJRE7RDT7L2ZG2LDED5NNA,"대당 53억8700만여원으로, 대한항공(127억원), 아시아나항공(138억원)의 절반 이하다.",LCC 1위인 제주항공이 올해 항공기 정비·수리·개조에 책정한 예산도 2209억원에 그친다.,"자체 항공정비(MRO) 시설을 갖춘 대형 항공사와 달리, LCC들은 이 같은 시설을 갖추지 못해 핵심 부품의 중정비는 해외 정비업체에 의존하고 있다.",TRUE,현재 문장은 각 항공사의 항공기 정비 비용에 대한 구체적인 금액을 제시하며 비교하고 있습니다.,high,hcx,HCX-007,isclaim-v1.3-prev2-context,2026-07-30
A0010-C001,A0010,"제주항공, 비행기 평균 나이 14.4년 가장 많아",2025-01-01,https://www.chosun.com/economy/industry-company/2025/01/01/SMAVWUVHJ5AV7HTL342232GYCE,제주항공의 항공기 평균 기령(비행기 사용 연수)이 14.4년으로 국적 항공사 8곳 중 가장 높은 것으로 나타났다.,,,TRUE,제주항공의 항공기 평균 기령이 국적 항공사 8곳 중 가장 높다는 것은 KOSIS를 통해 국적 항공사의 항공기 평균 기령을 비교하여 검증할 수 있는 내용이기 때문에 True로 판단합니다.,high,hcx,HCX-007,isclaim-v1.3-prev2-context,2026-07-30
A0010-C002,A0010,"제주항공, 비행기 평균 나이 14.4년 가장 많아",2025-01-01,https://www.chosun.com/economy/industry-company/2025/01/01/SMAVWUVHJ5AV7HTL342232GYCE,"대한항공(11.3년), 아시아나항공(12.3년)보다 높았다.",제주항공의 항공기 평균 기령(비행기 사용 연수)이 14.4년으로 국적 항공사 8곳 중 가장 높은 것으로 나타났다.,,TRUE,대한항공과 아시아나항공의 항공기 평균 기령을 비교하여 수치적인 차이를 언급하고 있다.,high,hcx,HCX-007,isclaim-v1.3-prev2-context,2026-07-30
A0010-C004,A0010,"제주항공, 비행기 평균 나이 14.4년 가장 많아",2025-01-01,https://www.chosun.com/economy/industry-company/2025/01/01/SMAVWUVHJ5AV7HTL342232GYCE,"2024년 11월 기준 국토교통부 항공기술정보시스템(ATIS)에 따르면 제주항공의 평균 기령은 같은 LCC인 이스타항공(8.4년), 에어부산(9.7년), 진에어(12.7년), 티웨이항공(13년)과도 차이가 났다.",또 전체 항공기의 88%가 도입 시점 기준 다른 항공사가 쓰던 중고 항공기로 조사됐다.,"대한항공(11.3년), 아시아나항공(12.3년)보다 높았다.",TRUE,"현재 문장은 여러 저비용 항공사의 평균 기령을 비교하여 주장하고 있으며, 이는 국가통계포털(KOSIS)에서 관련 통계를 통해 검증할 수 있는 내용이다.",high,hcx,HCX-007,isclaim-v1.3-prev2-context,2026-07-30
A0010-C010,A0010,"제주항공, 비행기 평균 나이 14.4년 가장 많아",2025-01-01,https://www.chosun.com/economy/industry-company/2025/01/01/SMAVWUVHJ5AV7HTL342232GYCE,"제주항공의 경우, 작년 말 기준 운영 중인 항공기 41대 가운데 새 항공기를 들여온 사례는 5대뿐이었다.",항공기에 피로가 누적돼 있을 수 있다는 것이다.,하지만 LCC가 비용 절감 차원에서 다른 항공사가 사용하던 중고 항공기를 들여오는 사례가 상대적으로 많다는 점은 향후 더 세심한 관리가 필요한 부분이라는 지적이 나온다.,TRUE,"제주항공의 운영 중인 항공기 중 새 항공기의 비율을 언급하며, 이는 KOSIS 등의 통계 자료로 확인 가능한 정보이다.",high,hcx,HCX-007,isclaim-v1.3-prev2-context,2026-07-30
A0010-C013,A0010,"제주항공, 비행기 평균 나이 14.4년 가장 많아",2025-01-01,https://www.chosun.com/economy/industry-company/2025/01/01/SMAVWUVHJ5AV7HTL342232GYCE,새 항공기 5대를 제외하면 현재 기령이 10년 이하인 비행기가 한 대도 없다.,무안공항에서 사고가 난 항공기도 2017년 당시 라이언에어가 쓰던 8년 된 비행기를 들여온 것이었다.,도입 시점 기준으로 제작된 지 7~8년 안팎 된 비행기를 도입한 사례가 많았다.,TRUE,"현재 문장은 항공기의 기령에 대한 정보를 제공하며, 이는 항공 안전 및 관리 측면에서 중요한 정보로서 국가 통계나 관련 기관의 데이터베이스를 통해 확인될 수 있는 내용이다.",high,hcx,HCX-007,isclaim-v1.3-prev2-context,2026-07-30
A0012-C001,A0012,조선업 산업기술인력 9년 만에 다시 상승세,2025-01-01,https://www.chosun.com/economy/industry-company/2025/01/01/VR4RUPY3CFEGZGFC5M4JPY5SDE,외국인 근로자가 유입된 덕에 우리나라 조선업 산업기술인력도 9년 만에 늘어난 것으로 나타났다.,,,TRUE,"문장에서 '우리나라 조선업 산업기술인력이 9년 만에 늘어났다'는 내용은 국내 산업의 인력 변화에 대한 구체적인 통계를 언급하고 있으며, 이는 국가통계포털(KOSIS)에서 관련 데이터를 통해 검증할 수 있을 것이다.",high,hcx,HCX-007,isclaim-v1.3-prev2-context,2026-07-30
A0012-C004,A0012,조선업 산업기술인력 9년 만에 다시 상승세,2025-01-01,https://www.chosun.com/economy/industry-company/2025/01/01/VR4RUPY3CFEGZGFC5M4JPY5SDE,다만 여전히 현장엔 일할 사람이 부족한 상황이라 앞으로도 인력 확충은 계속될 전망이다.,하지만 최근 정부 정책 등으로 외국인 근로자가 크게 늘면서 다소 숨통이 트인 것으로 분석된다.,"2010년대 조선업은 장기 불황을 겪으며 인력 규모가 계속 줄었고, 2020년 이후엔 다시 호황을 맞았지만 떠나간 인원이 돌아오지 않으면서 극심한 인력난을 겪어왔다.",TRUE,현재 문장은 조선업 현장의 인력 부족 상황을 언급하며 앞으로 인력 확충이 계속될 것이라는 예측을 하고 있다.,mid,hcx,HCX-007,isclaim-v1.3-prev2-context,2026-07-30
A0012-C005,A0012,조선업 산업기술인력 9년 만에 다시 상승세,2025-01-01,https://www.chosun.com/economy/industry-company/2025/01/01/VR4RUPY3CFEGZGFC5M4JPY5SDE,31일 산업통상자원부의 ‘산업기술인력 수급 실태조사’에 따르면 지난 2023년 말 조선 산업기술인력은 5만8528명으로 전년인 2022년 대비 0.8% 증가했다.,다만 여전히 현장엔 일할 사람이 부족한 상황이라 앞으로도 인력 확충은 계속될 전망이다.,하지만 최근 정부 정책 등으로 외국인 근로자가 크게 늘면서 다소 숨통이 트인 것으로 분석된다.,TRUE,"문장에서 '지난 2023년 말 조선 산업기술인력은 5만8528명으로 전년인 2022년 대비 0.8% 증가했다.'라는 구체적인 수치와 비교를 통해 산업기술인력의 변화를 언급하고 있으며, 이는 국가통계포털(KOSIS)에서 관련 통계를 찾아 대조할 수 있는 내용입니다.",high,hcx,HCX-007,isclaim-v1.3-prev2-context,2026-07-30
A0012-C007,A0012,조선업 산업기술인력 9년 만에 다시 상승세,2025-01-01,https://www.chosun.com/economy/industry-company/2025/01/01/VR4RUPY3CFEGZGFC5M4JPY5SDE,본래 조선업의 산업기술인력은 2014년 6만9766명에서 2022년 5만8042명까지 꾸준히 하락해 1만명 넘게 줄어든 상태였는데 이 수가 500명 가까이 늘어난 것이다.,"산업기술인력은 연구개발직, 기술직, 관리자를 비롯한 기능·기술 인력을 뜻한다.",31일 산업통상자원부의 ‘산업기술인력 수급 실태조사’에 따르면 지난 2023년 말 조선 산업기술인력은 5만8528명으로 전년인 2022년 대비 0.8% 증가했다.,TRUE,"현재 문장은 조선 산업의 산업기술인력 수가 2022년 이후 증가한 것에 대한 내용을 담고 있으며, 이는 KOSIS를 통해 검증 가능한 국내 집계 통계 정보이기 때문에 True로 판단된다.",high,hcx,HCX-007,isclaim-v1.3-prev2-context,2026-07-30
A0012-C008,A0012,조선업 산업기술인력 9년 만에 다시 상승세,2025-01-01,https://www.chosun.com/economy/industry-company/2025/01/01/VR4RUPY3CFEGZGFC5M4JPY5SDE,이 숫자가 다시 증가한 것은 최근 외국인 근로 인력이 많아진 덕이다.,본래 조선업의 산업기술인력은 2014년 6만9766명에서 2022년 5만8042명까지 꾸준히 하락해 1만명 넘게 줄어든 상태였는데 이 수가 500명 가까이 늘어난 것이다.,"산업기술인력은 연구개발직, 기술직, 관리자를 비롯한 기능·기술 인력을 뜻한다.",TRUE,"현재 문장은 조선업의 산업기술인력 수가 증가한 이유에 대해 언급하며, 이는 KOSIS를 통해 해당 산업의 인력 변화를 검증할 수 있는 내용이기 때문에 True로 판단됩니다.",high,hcx,HCX-007,isclaim-v1.3-prev2-context,2026-07-30
A0012-C009,A0012,조선업 산업기술인력 9년 만에 다시 상승세,2025-01-01,https://www.chosun.com/economy/industry-company/2025/01/01/VR4RUPY3CFEGZGFC5M4JPY5SDE,조선 산업기술인력 중 외국인은 2022년 877명에서 2023년 2563명으로 3배 가까이 늘었다.,이 숫자가 다시 증가한 것은 최근 외국인 근로 인력이 많아진 덕이다.,본래 조선업의 산업기술인력은 2014년 6만9766명에서 2022년 5만8042명까지 꾸준히 하락해 1만명 넘게 줄어든 상태였는데 이 수가 500명 가까이 늘어난 것이다.,TRUE,"조선 산업기술인력 중 외국인의 수가 2022년에서 2023년까지 크게 증가했다는 구체적인 수치 정보를 포함하고 있으며, 이는 국가통계포털(KOSIS)에서 관련 통계를 통해 검증할 수 있는 내용입니다.",high,hcx,HCX-007,isclaim-v1.3-prev2-context,2026-07-30
A0012-C010,A0012,조선업 산업기술인력 9년 만에 다시 상승세,2025-01-01,https://www.chosun.com/economy/industry-company/2025/01/01/VR4RUPY3CFEGZGFC5M4JPY5SDE,이들이 차지하는 비율도 같은 기간 1.5%에서 4.4%로 증가했다.,조선 산업기술인력 중 외국인은 2022년 877명에서 2023년 2563명으로 3배 가까이 늘었다.,이 숫자가 다시 증가한 것은 최근 외국인 근로 인력이 많아진 덕이다.,TRUE,"조선 산업기술인력 중 외국인의 비율이 2022년 1.5%에서 2023년 4.4%로 증가했다는 구체적인 수치와 비율을 제시하고 있으며, 이는 국가통계포털(KOSIS)에서 관련 통계를 통해 검증할 수 있는 내용입니다.",high,hcx,HCX-007,isclaim-v1.3-prev2-context,2026-07-30
A0012-C012,A0012,조선업 산업기술인력 9년 만에 다시 상승세,2025-01-01,https://www.chosun.com/economy/industry-company/2025/01/01/VR4RUPY3CFEGZGFC5M4JPY5SDE,"사전 심사부터 비자 발급까지 걸리는 시간을 5주에서 10일 이내로 줄이고, 기업별 외국 인력 도입 허용 비율도 내국인 근로자의 20%에서 30%로 2년간 한시적으로 확대했다.",앞서 정부는 2023년 ‘숙련기능인력 비자(E-7-4)’ 연간 배정 인원을 늘리면서 조선 분야에는 400명을 별도로 배정했다.,이들이 차지하는 비율도 같은 기간 1.5%에서 4.4%로 증가했다.,TRUE,"현재 문장은 외국인 인력 도입 허용 비율이 내국인 근로자의 몇 퍼센트인지에 대한 구체적인 수치를 포함하고 있으며, 이는 고용 관련 통계로서 KOSIS에서 확인 가능한 내용일 가능성이 높습니다.",high,hcx,HCX-007,isclaim-v1.3-prev2-context,2026-07-30
A0012-C015,A0012,조선업 산업기술인력 9년 만에 다시 상승세,2025-01-01,https://www.chosun.com/economy/industry-company/2025/01/01/VR4RUPY3CFEGZGFC5M4JPY5SDE,한편 이번 조사에서 우리나라 전체 산업기술인력 규모는 171만6846명으로 전년 대비 1% 증가한 것으로 나타났다.,한 조선업체 관계자는 “최근 용접공으로 일하는 외국인 근로자가 늘어나는 등 어느 정도 인력이 채워지고는 있지만 여전히 일감에 비하면 숙련 근로자가 부족한 형편”이라고 말했다.,외국인 용접공 비자 심사 시 필요한 경력증명서 제출도 2년간 면제했다.,TRUE,"현재 문장은 우리나라 전체 산업기술인력 규모가 전년 대비 1% 증가했다고 주장하며, 이는 KOSIS 국가통계포털에서 관련 통계를 통해 검증할 수 있는 내용입니다.",high,hcx,HCX-007,isclaim-v1.3-prev2-context,2026-07-30
A0012-C016,A0012,조선업 산업기술인력 9년 만에 다시 상승세,2025-01-01,https://www.chosun.com/economy/industry-company/2025/01/01/VR4RUPY3CFEGZGFC5M4JPY5SDE,다만 산업 현장에 필요한 인원이 늘면서 부족 인원도 1.9% 늘어난 3만9190명을 기록했다.,한편 이번 조사에서 우리나라 전체 산업기술인력 규모는 171만6846명으로 전년 대비 1% 증가한 것으로 나타났다.,한 조선업체 관계자는 “최근 용접공으로 일하는 외국인 근로자가 늘어나는 등 어느 정도 인력이 채워지고는 있지만 여전히 일감에 비하면 숙련 근로자가 부족한 형편”이라고 말했다.,TRUE,"현재 문장은 산업 현장에서 필요한 인원과 부족 인원의 변화에 대한 구체적인 수치를 제시하며, 이는 국가통계포털(KOSIS)에서 관련 통계를 통해 검증할 수 있는 내용입니다.",high,hcx,HCX-007,isclaim-v1.3-prev2-context,2026-07-30
A0013-C012,A0013,사라진 ‘연말연시’… 소비 침체 한동안 이어질 수도,2025-01-01,https://www.chosun.com/economy/industry-company/2025/01/01/Z6WEUBU6FBBDLGDAZFP5PNS574,한 대형 마트의 12월 1~30일 매출 신장률은 전년 같은 기간과 비교해 0%였다.,하지만 최근 분위기는 다르다.,특히 2024년에는 소비 위축이 지속돼 12월 특수를 기대하는 사람이 많았다.,TRUE,매출 신장률이 전년과 비교하여 변화가 없다는 내용은 KOSIS를 통해 검증 가능한 국내 집계 통계 정보로 볼 수 있다.,high,hcx,HCX-007,isclaim-v1.3-prev2-context,2026-07-30
A0013-C028,A0013,사라진 ‘연말연시’… 소비 침체 한동안 이어질 수도,2025-01-01,https://www.chosun.com/economy/industry-company/2025/01/01/Z6WEUBU6FBBDLGDAZFP5PNS574,"2024년 계속된 소비 위축이 2025년까지 이어지면 안 된다는 절박감에 지역 특산물 구매, 협력사 납품 대금 조기 지급을 권고하는 등 내수 진작에 발 벗고 나선 것이다.","제주항공 여객기 사고로 ‘올스톱’했지만, 경제계는 12월 들어 소비 진작을 강조해 왔다.",자영업자 커뮤니티에서는 “단체 주문을 받고 재료를 다 준비해 놨는데 취소 전화가 계속 온다” “1년 내내 너무 힘들었는데 연말연시까지 착잡하다” 등의 글을 쉽게 찾아볼 수 있다.,TRUE,"문장에서 '2024년 계속된 소비 위축이 2025년까지 이어진다'라는 내용은 경제 상황에 대한 분석 및 예측으로서, 이는 국가통계포털(KOSIS) 등에서 관련 통계를 통해 검증할 수 있는 내용이다.",high,hcx,HCX-007,isclaim-v1.3-prev2-context,2026-07-30
A0014-C007,A0014,북한군 시신서 망가진 수류탄 나와…엉터리 보급 받았나?,2025-01-02,https://www.chosun.com/politics/north_korea/2025/01/02/SEIZ7LJ6NZCKXMWBJIHZWJTHOM,한편 북한은 러시아를 지원하기 위해 쿠르스크 지역에 1만∼1만2000명 정도를 파병한 것으로 추산된다.,"또한, 가방에서 러시아산 담배와 다수의 라이터가 발견되었다며 일부는 물물교환 화폐로 사용되거나 기념품으로 보관된 것으로 보였다고 주장했다.","마카루크 하사는 “북한군들의 가방에는 전투식량이 없었다. 의료병들의 물품도 부실했다”며 “대신 수류탄을 소지하고 있었다. 소련식 수류탄이 아니라, 완전히 망가진 RGO수류탄을 사용했다”고 주장했다.",TRUE,"북한이 러시아를 지원하기 위해 쿠르스크 지역에 1만∼1만2000명을 파병했다는 내용은 구체적인 수치와 국가 간 군사적 지원을 언급하며, 이는 국제 관계 및 군사 활동에 대한 정보로서 KOSIS에서 직접적인 대조를 통해 검증하기는 어려울 수 있지만, 해당 정보가 사실인지 여부는 중요한 사안이므로 판단 근거로 삼을 수 있다.",mid,hcx,HCX-007,isclaim-v1.3-prev2-context,2026-07-30
A0015-C001,A0015,"中 비야디, 작년 차 판매량 첫 400만대 넘었다",2025-01-02,https://www.chosun.com/economy/auto/2025/01/02/HTW6CXWRT5CSVMD5Z65DXMTMMQ,중국 전기차 업체 비야디(BYD)의 작년 글로벌 판매량이 재작년 대비 41.3% 급증한 427만대로 집계됐다.,,,TRUE,"현재 문장은 중국 전기차 업체 BYD의 작년 글로벌 판매량 변화에 대한 구체적인 수치를 포함하고 있으며, 이는 국가 단위의 산업 동향 및 성장률을 나타내므로 KOSIS를 통해 관련 통계를 대조하여 검증할 수 있다.",high,hcx,HCX-007,isclaim-v1.3-prev2-context,2026-07-30
A0015-C005,A0015,"中 비야디, 작년 차 판매량 첫 400만대 넘었다",2025-01-02,https://www.chosun.com/economy/auto/2025/01/02/HTW6CXWRT5CSVMD5Z65DXMTMMQ,"PHEV 판매량이 재작년 대비 약 73% 늘어나, 전체 판매량의 절반을 넘어섰다.","2일 블룸버그통신 등 외신에 따르면, 비야디는 작년 중국을 포함한 세계 시장에서 PHEV 249만대 안팎을 판매했다.",비야디의 작년 호실적은 PHEV 수요가 급증한 영향이 크다.,TRUE,"PHEV 판매량 변화에 대한 구체적인 수치와 비교를 포함하고 있으며, 이는 국가 통계 포털(KOSIS)에서 관련 통계를 통해 검증할 수 있는 내용이다.",high,hcx,HCX-007,isclaim-v1.3-prev2-context,2026-07-30
A0015-C006,A0015,"中 비야디, 작년 차 판매량 첫 400만대 넘었다",2025-01-02,https://www.chosun.com/economy/auto/2025/01/02/HTW6CXWRT5CSVMD5Z65DXMTMMQ,"반면, BEV는 약 176만대 판매되며 같은 기간 12% 증가에 그쳤다.","PHEV 판매량이 재작년 대비 약 73% 늘어나, 전체 판매량의 절반을 넘어섰다.","2일 블룸버그통신 등 외신에 따르면, 비야디는 작년 중국을 포함한 세계 시장에서 PHEV 249만대 안팎을 판매했다.",TRUE,"BEV 판매량 증가율에 대한 구체적인 수치와 비교 대상이 제시되어 있어, 이를 국가통계포털(KOSIS)에서 확인하여 검증할 수 있다.",high,hcx,HCX-007,isclaim-v1.3-prev2-context,2026-07-30
A0015-C009,A0015,"中 비야디, 작년 차 판매량 첫 400만대 넘었다",2025-01-02,https://www.chosun.com/economy/auto/2025/01/02/HTW6CXWRT5CSVMD5Z65DXMTMMQ,비야디는 작년 중국 외 시장에서 재작년 대비 72% 안팎 늘어난 41만대를 판매했다.,해외 시장 확대도 주효했다.,"PHEV는 전기가 떨어지면 기름으로 달려, 충전 제약을 덜 받기 때문에 최근 ‘순수 전기차(BEV)’의 대체재로 부상하고 있다.",TRUE,"비야디의 판매량이 중국 외 시장에서 재작년 대비 72% 증가한 것으로, 이는 KOSIS에서 해당 시장의 수출 통계나 관련 데이터를 통해 검증할 수 있을 것이다.",high,hcx,HCX-007,isclaim-v1.3-prev2-context,2026-07-30
A0018-C001,A0018,반도체 덕에… 지난해 수출 6838억달러 역대 최대,2025-01-02,https://www.chosun.com/economy/economy_general/2025/01/02/6MYGM52QIVHUJBIZYYFBUW5IQM,작년 한 해 전체 수출액이 6838억달러(약 1006조원)로 2023년에 비해 8.2% 증가했다고 산업통상자원부와 관세청이 1일 밝혔다.,,,TRUE,작년 한 해 전체 수출액이 6838억달러로 2023년에 비해 8.2% 증가했다는 내용은 국가 경제 지표로서 KOSIS에서 관련 통계를 통해 검증할 수 있다.,high,hcx,HCX-007,isclaim-v1.3-prev2-context,2026-07-30
A0018-C002,A0018,반도체 덕에… 지난해 수출 6838억달러 역대 최대,2025-01-02,https://www.chosun.com/economy/economy_general/2025/01/02/6MYGM52QIVHUJBIZYYFBUW5IQM,기존 역대 최대 규모였던 2022년 기록(6836억달러)을 2억달러 웃돌아 역대 최대 수출 실적을 달성했다.,작년 한 해 전체 수출액이 6838억달러(약 1006조원)로 2023년에 비해 8.2% 증가했다고 산업통상자원부와 관세청이 1일 밝혔다.,,TRUE,기존 역대 최대 규모였던 2022년 기록을 초과하여 역대 최대 수출 실적을 달성했다는 내용은 국가 간 교역의 결과로서 KOSIS를 통해 검증 가능한 국내 집계 통계 정보이기 때문에 해당된다.,high,hcx,HCX-007,isclaim-v1.3-prev2-context,2026-07-30
A0018-C003,A0018,반도체 덕에… 지난해 수출 6838억달러 역대 최대,2025-01-02,https://www.chosun.com/economy/economy_general/2025/01/02/6MYGM52QIVHUJBIZYYFBUW5IQM,주력 수출 품목인 반도체 수출액이 1419억달러로 역대 최대치를 고쳐 쓰면서 수출 증가세를 주도했다.,기존 역대 최대 규모였던 2022년 기록(6836억달러)을 2억달러 웃돌아 역대 최대 수출 실적을 달성했다.,작년 한 해 전체 수출액이 6838억달러(약 1006조원)로 2023년에 비해 8.2% 증가했다고 산업통상자원부와 관세청이 1일 밝혔다.,TRUE,주력 수출 품목인 반도체 수출액이 1419억달러로 역대 최대치를 기록했다는 내용은 KOSIS 국가통계포털에서 해당 시점 및 품목별로 수출액을 확인하여 검증할 수 있는 정보이기 때문에 True로 판단합니다.,high,hcx,HCX-007,isclaim-v1.3-prev2-context,2026-07-30
A0018-C004,A0018,반도체 덕에… 지난해 수출 6838억달러 역대 최대,2025-01-02,https://www.chosun.com/economy/economy_general/2025/01/02/6MYGM52QIVHUJBIZYYFBUW5IQM,"작년 한국의 수입액은 전년보다 1.6% 감소한 6320억달러로, 518억달러의 무역 흑자를 기록했다.",주력 수출 품목인 반도체 수출액이 1419억달러로 역대 최대치를 고쳐 쓰면서 수출 증가세를 주도했다.,기존 역대 최대 규모였던 2022년 기록(6836억달러)을 2억달러 웃돌아 역대 최대 수출 실적을 달성했다.,TRUE,"현재 문장은 작년의 수입액과 무역 흑자에 대한 정보를 제공하며, 이는 국가 경제 관련 통계로서 KOSIS에서 확인 가능한 정보입니다.",high,hcx,HCX-007,isclaim-v1.3-prev2-context,2026-07-30
A0018-C005,A0018,반도체 덕에… 지난해 수출 6838억달러 역대 최대,2025-01-02,https://www.chosun.com/economy/economy_general/2025/01/02/6MYGM52QIVHUJBIZYYFBUW5IQM,작년 흑자 폭은 2018년(697억달러 흑자) 이후 6년 만에 최대다.,"작년 한국의 수입액은 전년보다 1.6% 감소한 6320억달러로, 518억달러의 무역 흑자를 기록했다.",주력 수출 품목인 반도체 수출액이 1419억달러로 역대 최대치를 고쳐 쓰면서 수출 증가세를 주도했다.,TRUE,"현재 문장은 작년의 무역 흑자가 2018년 이후 6년 만에 최대라는 내용을 담고 있으며, 이는 국가 간 거래를 나타내는 통계적인 정보로서 KOSIS에서 관련 통계를 통해 검증할 수 있다.",high,hcx,HCX-007,isclaim-v1.3-prev2-context,2026-07-30
A0018-C006,A0018,반도체 덕에… 지난해 수출 6838억달러 역대 최대,2025-01-02,https://www.chosun.com/economy/economy_general/2025/01/02/6MYGM52QIVHUJBIZYYFBUW5IQM,무역수지는 반도체 수출 부진 여파로 2022·2023년 2년 연속 적자를 봤다가 작년에 3년 만에 다시 흑자로 돌아섰다.,작년 흑자 폭은 2018년(697억달러 흑자) 이후 6년 만에 최대다.,"작년 한국의 수입액은 전년보다 1.6% 감소한 6320억달러로, 518억달러의 무역 흑자를 기록했다.",TRUE,"현재 문장은 무역수지가 2022년과 2023년에 적자였다가 2024년에 다시 흑자가 되었다는 내용을 담고 있으며, 이는 KOSIS를 통해 검증 가능한 국내 집계 통계 정보입니다.",high,hcx,HCX-007,isclaim-v1.3-prev2-context,2026-07-30
A0018-C007,A0018,반도체 덕에… 지난해 수출 6838억달러 역대 최대,2025-01-02,https://www.chosun.com/economy/economy_general/2025/01/02/6MYGM52QIVHUJBIZYYFBUW5IQM,작년 수출이 역대 최대 실적을 달성한 것은 4개월 연속 둔화세를 보이던 수출이 지난달 선방했기 때문이다.,무역수지는 반도체 수출 부진 여파로 2022·2023년 2년 연속 적자를 봤다가 작년에 3년 만에 다시 흑자로 돌아섰다.,작년 흑자 폭은 2018년(697억달러 흑자) 이후 6년 만에 최대다.,TRUE,"현재 문장은 '작년 수출이 역대 최대 실적'이라는 수치적인 주장과 '4개월 연속 둔화세' 및 '지난달 선방'이라는 변화를 언급하고 있어, 이는 국가 통계의 변화와 관련이 있을 가능성이 높습니다.",high,hcx,HCX-007,isclaim-v1.3-prev2-context,2026-07-30
A0018-C008,A0018,반도체 덕에… 지난해 수출 6838억달러 역대 최대,2025-01-02,https://www.chosun.com/economy/economy_general/2025/01/02/6MYGM52QIVHUJBIZYYFBUW5IQM,작년 12월 수출은 613억8000만달러로 1년 전 대비 6.6% 늘어 한 달 전(1.4%)에 비해 오름폭을 키웠다.,작년 수출이 역대 최대 실적을 달성한 것은 4개월 연속 둔화세를 보이던 수출이 지난달 선방했기 때문이다.,무역수지는 반도체 수출 부진 여파로 2022·2023년 2년 연속 적자를 봤다가 작년에 3년 만에 다시 흑자로 돌아섰다.,TRUE,"현재 문장은 작년 12월의 수출액이 1년 전 대비 증가한 수치와 그 증가율을 제시하며, 이는 국가 통계의 변화를 나타내는 정보로서 KOSIS를 통해 검증 가능하다.",high,hcx,HCX-007,isclaim-v1.3-prev2-context,2026-07-30
A0018-C009,A0018,반도체 덕에… 지난해 수출 6838억달러 역대 최대,2025-01-02,https://www.chosun.com/economy/economy_general/2025/01/02/6MYGM52QIVHUJBIZYYFBUW5IQM,지난달 수출액은 월간 기준으로 역대 최고치다.,작년 12월 수출은 613억8000만달러로 1년 전 대비 6.6% 늘어 한 달 전(1.4%)에 비해 오름폭을 키웠다.,작년 수출이 역대 최대 실적을 달성한 것은 4개월 연속 둔화세를 보이던 수출이 지난달 선방했기 때문이다.,TRUE,"현재 문장은 '지난달 수출액이 월간 기준으로 역대 최고치다.'라는 내용으로, 이는 KOSIS 국가통계포털에서 해당 시점 및 기간 동안의 수출액 데이터를 통해 검증할 수 있는 수치 주장입니다.",high,hcx,HCX-007,isclaim-v1.3-prev2-context,2026-07-30
A0018-C010,A0018,반도체 덕에… 지난해 수출 6838억달러 역대 최대,2025-01-02,https://www.chosun.com/economy/economy_general/2025/01/02/6MYGM52QIVHUJBIZYYFBUW5IQM,수출 증가율은 작년 8월(10.9%)부터 11월까지 꺾이다가 지난달 들어 반도체 수출이 31.5% 불어나며 오름세로 돌아섰다.,지난달 수출액은 월간 기준으로 역대 최고치다.,작년 12월 수출은 613억8000만달러로 1년 전 대비 6.6% 늘어 한 달 전(1.4%)에 비해 오름폭을 키웠다.,TRUE,"현재 문장은 수출 증가율의 변화에 대해 언급하며, 이는 KOSIS 국가통계포털에서 수출 관련 통계를 통해 검증할 수 있는 내용이기 때문에 True로 판단됩니다.",high,hcx,HCX-007,isclaim-v1.3-prev2-context,2026-07-30
A0018-C011,A0018,반도체 덕에… 지난해 수출 6838억달러 역대 최대,2025-01-02,https://www.chosun.com/economy/economy_general/2025/01/02/6MYGM52QIVHUJBIZYYFBUW5IQM,"다만, 또 다른 수출 효자 품목인 자동차 수출의 부진과 관세 장벽 강화를 내세운 미국의 트럼프 2기 행정부 출범으로 새해 수출 증가율은 작년보다 꺾일 것이라는 전망이 나온다.",수출 증가율은 작년 8월(10.9%)부터 11월까지 꺾이다가 지난달 들어 반도체 수출이 31.5% 불어나며 오름세로 돌아섰다.,지난달 수출액은 월간 기준으로 역대 최고치다.,TRUE,"현재 문장은 미국 트럼프 2기 행정부 출범과 자동차 수출 부진으로 인해 새해 수출 증가율이 작년보다 꺾일 것이라는 전망을 포함하고 있으며, 이는 KOSIS를 통해 수출 증가율 및 관련 통계를 확인하여 검증할 수 있는 내용이다.",high,hcx,HCX-007,isclaim-v1.3-prev2-context,2026-07-30
A0018-C012,A0018,반도체 덕에… 지난해 수출 6838억달러 역대 최대,2025-01-02,https://www.chosun.com/economy/economy_general/2025/01/02/6MYGM52QIVHUJBIZYYFBUW5IQM,한국무역협회 국제무역통상연구원은 지난해 11월 새해 수출 증가율이 1.8%에 그칠 것으로 전망했다.,"다만, 또 다른 수출 효자 품목인 자동차 수출의 부진과 관세 장벽 강화를 내세운 미국의 트럼프 2기 행정부 출범으로 새해 수출 증가율은 작년보다 꺾일 것이라는 전망이 나온다.",수출 증가율은 작년 8월(10.9%)부터 11월까지 꺾이다가 지난달 들어 반도체 수출이 31.5% 불어나며 오름세로 돌아섰다.,TRUE,"현재 문장은 새해 수출 증가율이 1.8%에 그칠 것이라는 예측을 하고 있으며, 이는 KOSIS를 통해 검증 가능한 국내 경제 지표 중 하나인 수출 증가율에 대한 전망이다.",high,hcx,HCX-007,isclaim-v1.3-prev2-context,2026-07-30
A0018-C013,A0018,반도체 덕에… 지난해 수출 6838억달러 역대 최대,2025-01-02,https://www.chosun.com/economy/economy_general/2025/01/02/6MYGM52QIVHUJBIZYYFBUW5IQM,"전 세계적으로 IT(정보통신) 수요가 늘면서 반도체·무선통신기기 등 수출이 늘겠지만, 자동차는 해외 현지 투자, 생산이 늘며 수출이 줄어들 것으로 봤다.",한국무역협회 국제무역통상연구원은 지난해 11월 새해 수출 증가율이 1.8%에 그칠 것으로 전망했다.,"다만, 또 다른 수출 효자 품목인 자동차 수출의 부진과 관세 장벽 강화를 내세운 미국의 트럼프 2기 행정부 출범으로 새해 수출 증가율은 작년보다 꺾일 것이라는 전망이 나온다.",TRUE,"현재 문장은 반도체 및 무선통신기기 등의 수출 증가와 자동차 수출 감소를 언급하며, 이는 KOSIS를 통해 관련 통계를 확인할 수 있는 내용이다.",high,hcx,HCX-007,isclaim-v1.3-prev2-context,2026-07-30
A0018-C014,A0018,반도체 덕에… 지난해 수출 6838억달러 역대 최대,2025-01-02,https://www.chosun.com/economy/economy_general/2025/01/02/6MYGM52QIVHUJBIZYYFBUW5IQM,산업연구원도 같은 달 새해 수출 증가율을 2.2%로 전망하며 “트럼프 행정부의 보편적 관세 부과 정책은 자동차를 중심으로 대미 수출 감소를 유발할 가능성이 있다”고 했다.,"전 세계적으로 IT(정보통신) 수요가 늘면서 반도체·무선통신기기 등 수출이 늘겠지만, 자동차는 해외 현지 투자, 생산이 늘며 수출이 줄어들 것으로 봤다.",한국무역협회 국제무역통상연구원은 지난해 11월 새해 수출 증가율이 1.8%에 그칠 것으로 전망했다.,TRUE,현재 문장은 산업연구원이 새해 수출 증가율을 2.2%로 전망하며 트럼프 행정부의 보편적 관세 부과 정책이 자동차를 중심으로 대미 수출 감소를 유발할 가능성을 언급하고 있습니다.,high,hcx,HCX-007,isclaim-v1.3-prev2-context,2026-07-30
A0019-C003,A0019,최상목 대행 “필요시 추가 경기보강 강구”,2025-01-02,https://www.chosun.com/economy/economy_general/2025/01/02/7VLZMCNZCFH2JCMP262AEPOUFQ,"이 자리에서 그는 “올해 우리 경제는 미국 신정부 출범과 국내 정치상황이 맞물리며 어느 때보다 큰 대내외 불확실성에 직면할 것으로 예상된다”며 “성장률이 1.8% 수준으로 낮아지며 민생 어려움이 가중되고, 대외 신인도 영향도 우려된다”고 했다.",2일 최 권한대행은 정부서울청사에서 경제관계장관회의를 열고 ‘2025년 경제정책방향’을 발표했다.,"최상목 대통령 권한대행 부총리 겸 기획재정부 장관이 “미국 신정부의 정책 전개양상, 민생경제 상황 등 경제 여건 전반을 1분기 중 재점검하고, 필요시 추가 경기 보강 방안을 강구하겠다”고 말했다.",TRUE,"현재 문장에서 성장률이 1.8% 수준으로 낮아진다는 구체적인 수치와 민생의 어려움 및 대외 신인도에 대한 언급이 있으며, 이는 국가 경제 상황에 대한 예측으로서 KOSIS 등의 공식 통계를 통해 검증될 수 있는 내용이다.",high,hcx,HCX-007,isclaim-v1.3-prev2-context,2026-07-30
A0019-C007,A0019,최상목 대행 “필요시 추가 경기보강 강구”,2025-01-02,https://www.chosun.com/economy/economy_general/2025/01/02/7VLZMCNZCFH2JCMP262AEPOUFQ,이날 정부가 발표한 경제정책방향에는 올해 상반기(1월 3일~6월 30일)에 출고하는 자동차를 구매하는 경우 개별소비세를 30% 인하해주는 조치 등 내수 부양책이 다수 담겼다.,"이어 “상반기 추가 소비에 대한 소득공제 확대, 자동차 개별소비세 인하 등을 통해 소비 심리 회복에 최선을 다하겠다”며 “, 영세 소상공인 점포 소비에 대한 소득공제 확대 등을 통해 소상공인의 부담은 덜고 매출기반은 넓히겠다”고 했다.","이날 최 권한대행은 “무엇보다 민생경제 회복에 총력을 기울이겠다”며 “노인일자리, 청년고용장려금 등 민생지원의 혜택을 새해 벽두부터 국민 한 분 한 분이 실제로 누리게 하겠다”고 했다.",TRUE,"현재 문장은 정부의 경제정책방향 중 하나로, 올해 상반기에 출고되는 자동차에 대해 개별소비세를 30% 인하해주는 조치를 언급하며 내수 부양책을 설명하고 있다.",high,hcx,HCX-007,isclaim-v1.3-prev2-context,2026-07-30
A0020-C002,A0020,채용·인력배치 로봇 혁명… “관리·설계직 더 뽑고 야근도 확 줄어”,2025-01-02,https://www.chosun.com/economy/economy_general/2025/01/02/A7CI5RF3WNDZ3IYINXCYLMBVS4,"우리나라는 전 세계에서 로봇 밀도(공장 직원 한 명당 로봇 수)가 가장 높은 국가인 만큼, 많은 기업들은 계속되는 최저임금 상승으로 인한 인건비 문제와 주 52시간 근무제의 한계를 로봇화(化)를 통해 극복하고 있다.",로봇은 이제 대한민국의 산업 현장 구석구석을 바꾸고 있다.,,TRUE,"문장에서 언급된 '로봇 밀도'는 국제 비교 가능한 통계 지표로서, KOSIS 등에서 관련 통계를 찾아볼 수 있을 것으로 판단됩니다.",high,hcx,HCX-007,isclaim-v1.3-prev2-context,2026-07-30
A0020-C016,A0020,채용·인력배치 로봇 혁명… “관리·설계직 더 뽑고 야근도 확 줄어”,2025-01-02,https://www.chosun.com/economy/economy_general/2025/01/02/A7CI5RF3WNDZ3IYINXCYLMBVS4,그 과정에서 직원 수는 줄었지만 생산량은 더 늘었다.,김 대표는 “기존 5명이 작업하던 부품 가공 공정에는 로봇 2대를 비치하고 사람은 두 명만 남겼다. 나머지 3명은 새로운 신규 라인에 배치했다”고 했다.,로봇화 덕에 인력 배치도 달라졌다.,TRUE,"생산량이 늘었다는 것은 통계적인 변화를 나타내며, 이는 KOSIS를 통해 검증될 수 있는 내용이다.",high,hcx,HCX-007,isclaim-v1.3-prev2-context,2026-07-30
A0020-C018,A0020,채용·인력배치 로봇 혁명… “관리·설계직 더 뽑고 야근도 확 줄어”,2025-01-02,https://www.chosun.com/economy/economy_general/2025/01/02/A7CI5RF3WNDZ3IYINXCYLMBVS4,2016년 135명이던 직원은 현재는 120명 정도다.,3300여㎡(1000평)가량 공장을 증축했다.,그 과정에서 직원 수는 줄었지만 생산량은 더 늘었다.,TRUE,"현재 문장은 직원 수가 2016년 대비 현재 얼마나 변했는지 수치적인 변화를 언급하고 있으며, 이는 고용 관련 통계로서 KOSIS를 통해 검증할 수 있는 내용이다.",high,hcx,HCX-007,isclaim-v1.3-prev2-context,2026-07-30
A0020-C023,A0020,채용·인력배치 로봇 혁명… “관리·설계직 더 뽑고 야근도 확 줄어”,2025-01-02,https://www.chosun.com/economy/economy_general/2025/01/02/A7CI5RF3WNDZ3IYINXCYLMBVS4,한국로봇산업진흥원에 따르면 로봇화에 뛰어든 우리 기업은 2524곳(2023년 기준)으로 2019년보다 13%가량 증가했다.,기업들의 로봇 도입과 신기술 투자는 늘어나는 추세다.,로봇 한 대를 들여놓으면 직원 10명 몫을 하니 인력을 더 뽑지 않아도 생산량을 늘릴 방법을 찾을 수 있게 됐다는 뜻이다.,TRUE,"문장에서 언급된 '로봇화에 뛰어든 우리 기업은 2524곳(2023년 기준)'이라는 정보는 특정 시점에서의 기업의 수를 나타내는 통계적인 정보이므로, 이는 국가통계포털(KOSIS)에서 관련 통계를 통해 검증할 수 있는 내용입니다.",high,hcx,HCX-007,isclaim-v1.3-prev2-context,2026-07-30
A0020-C028,A0020,채용·인력배치 로봇 혁명… “관리·설계직 더 뽑고 야근도 확 줄어”,2025-01-02,https://www.chosun.com/economy/economy_general/2025/01/02/A7CI5RF3WNDZ3IYINXCYLMBVS4,"작년 한국산업단지공단이 경남 창원 산단을 중심으로 실시한 조사에 따르면, 이곳 중소제조업체의 40.7%는 “자금 조달이 어렵다”고 대답했다.","로봇화에 뒤처질수록 인건비에 허덕여 매출과 생산율을 올리기 쉽지 않고, 로봇 투자는 더 어려워지는 악순환을 겪는다는 설명이다.","경남 창원의 자동차 부품 업체를 운영하는 하모(58)씨는 “로봇화를 위해 몇억원씩 하는 자금을 조달하는 게 영세기업 입장에선 쉽지 않고, 정부 지원을 받으려고 해도 어느 정도 스마트 공장을 구축한 곳이 먼저 되기 때문에 디지털 전환율이 낮을수록 로봇화는 더 어렵다”고 말했다.",TRUE,현재 문장은 경남 창원 산단의 중소제조업체 중 자금 조달이 어렵다고 응답한 비율이 40.7%라는 구체적인 통계를 제시하고 있습니다.,high,hcx,HCX-007,isclaim-v1.3-prev2-context,2026-07-30
A0020-C031,A0020,채용·인력배치 로봇 혁명… “관리·설계직 더 뽑고 야근도 확 줄어”,2025-01-02,https://www.chosun.com/economy/economy_general/2025/01/02/A7CI5RF3WNDZ3IYINXCYLMBVS4,"작년 중기중앙회와 통계청에 따르면, 로봇 및 인공지능(AI) 등 신기술 도입률은 대기업과 중소기업 간 두 배 이상 차이가 났다.",대기업과 중소기업의 신기술 도입률 격차도 아직 크다.,"“정부, 지자체 지원이 부족하다”고 답한 경우는 25.9%, “투자 비용 대비 회수 기간이 길다”고 답한 경우는 20.4%였다.",TRUE,"현재 문장은 대기업과 중소기업 간의 신기술 도입률 차이를 언급하며, 이 차이는 두 배 이상이라고 주장합니다.",high,hcx,HCX-007,isclaim-v1.3-prev2-context,2026-07-30
A0020-C032,A0020,채용·인력배치 로봇 혁명… “관리·설계직 더 뽑고 야근도 확 줄어”,2025-01-02,https://www.chosun.com/economy/economy_general/2025/01/02/A7CI5RF3WNDZ3IYINXCYLMBVS4,"대기업이 신기술을 도입한 경우는 24.5%, 중소기업(50인 이상 300인 미만)의 신기술 도입률은 12.1% 정도였다.","작년 중기중앙회와 통계청에 따르면, 로봇 및 인공지능(AI) 등 신기술 도입률은 대기업과 중소기업 간 두 배 이상 차이가 났다.",대기업과 중소기업의 신기술 도입률 격차도 아직 크다.,TRUE,현재 문장은 대기업과 중소기업의 신기술 도입률을 구체적인 수치로 제시하며 비교하고 있습니다.,high,hcx,HCX-007,isclaim-v1.3-prev2-context,2026-07-30
A0023-C001,A0023,정부 “올해 경제성장률 1.8%”… 한은 전망보다 더 낮췄다,2025-01-02,https://www.chosun.com/economy/economy_general/2025/01/02/FWT5PD42TZED7JTIXYCIECCFRE,수출과 건설 경기 부진 여파로 새해 우리나라 경제가 1.8% 성장하는 데 그칠 것이라고 기획재정부가 2일 전망했다.,,,TRUE,"현재 문장은 한국의 경제 성장률 예측에 대한 내용으로, 이는 국가 집계 통계 중 하나로 볼 수 있으며 KOSIS를 통해 대조 가능하다.",high,hcx,HCX-007,isclaim-v1.3-prev2-context,2026-07-30
A0023-C002,A0023,정부 “올해 경제성장률 1.8%”… 한은 전망보다 더 낮췄다,2025-01-02,https://www.chosun.com/economy/economy_general/2025/01/02/FWT5PD42TZED7JTIXYCIECCFRE,비상 계엄 파문 이전인 작년 11월말 새해 성장률을 1.9%로 전망한 한국은행보다 경제 상황이 조금 더 어둡다고 봤다.,수출과 건설 경기 부진 여파로 새해 우리나라 경제가 1.8% 성장하는 데 그칠 것이라고 기획재정부가 2일 전망했다.,,TRUE,"현재 문장은 한국의 새해 경제 성장률 예측치를 언급하며, 이는 국가 경제 관련 통계로서 KOSIS를 통해 검증할 수 있는 내용이다.",high,hcx,HCX-007,isclaim-v1.3-prev2-context,2026-07-30
A0023-C003,A0023,정부 “올해 경제성장률 1.8%”… 한은 전망보다 더 낮췄다,2025-01-02,https://www.chosun.com/economy/economy_general/2025/01/02/FWT5PD42TZED7JTIXYCIECCFRE,기재부는 이날 ‘2025년 경제정책방향’을 발표하면서 올해 경제 성장률이 1.8%로 전망된다고 밝혔다.,비상 계엄 파문 이전인 작년 11월말 새해 성장률을 1.9%로 전망한 한국은행보다 경제 상황이 조금 더 어둡다고 봤다.,수출과 건설 경기 부진 여파로 새해 우리나라 경제가 1.8% 성장하는 데 그칠 것이라고 기획재정부가 2일 전망했다.,TRUE,"기재부가 발표한 2025년 경제 성장률 전망치는 국가 경제 상황에 대한 예측으로서, 이는 KOSIS를 통해 관련 통계를 확인할 수 있는 내용이다.",high,hcx,HCX-007,isclaim-v1.3-prev2-context,2026-07-30
A0023-C004,A0023,정부 “올해 경제성장률 1.8%”… 한은 전망보다 더 낮췄다,2025-01-02,https://www.chosun.com/economy/economy_general/2025/01/02/FWT5PD42TZED7JTIXYCIECCFRE,"작년 7월초만 해도 정부는 수출이 살아나면서 내수가 회복될 것으로 기대하고 새해 성장률을 2.2%로 봤었는데, 내수 부진이 장기화하고 비상 계엄과 줄탄핵 등 정치 불확실성이 커지자 6개월 만에 전망치를 0.4%포인트 낮췄다.",기재부는 이날 ‘2025년 경제정책방향’을 발표하면서 올해 경제 성장률이 1.8%로 전망된다고 밝혔다.,비상 계엄 파문 이전인 작년 11월말 새해 성장률을 1.9%로 전망한 한국은행보다 경제 상황이 조금 더 어둡다고 봤다.,TRUE,"현재 문장은 정부의 경제 성장률 예측치가 변경되었다는 내용을 포함하며, 이는 국내 경제 상황에 대한 예측으로서 KOSIS를 통해 대조 및 검증 가능한 내용이다.",high,hcx,HCX-007,isclaim-v1.3-prev2-context,2026-07-30
A0023-C005,A0023,정부 “올해 경제성장률 1.8%”… 한은 전망보다 더 낮췄다,2025-01-02,https://www.chosun.com/economy/economy_general/2025/01/02/FWT5PD42TZED7JTIXYCIECCFRE,정부의 올해 성장률 전망치는 2~2.1%로 추정되는 잠재 성장률(생산 자원을 모두 투입했을 때 물가 상승 없이 최대한 달성할 수 있는 성장률)보다 낮다.,"작년 7월초만 해도 정부는 수출이 살아나면서 내수가 회복될 것으로 기대하고 새해 성장률을 2.2%로 봤었는데, 내수 부진이 장기화하고 비상 계엄과 줄탄핵 등 정치 불확실성이 커지자 6개월 만에 전망치를 0.4%포인트 낮췄다.",기재부는 이날 ‘2025년 경제정책방향’을 발표하면서 올해 경제 성장률이 1.8%로 전망된다고 밝혔다.,TRUE,"현재 문장은 정부의 올해 성장률 전망치가 잠재 성장률보다 낮다는 내용을 포함하며, 이는 경제 성장률이라는 수치적인 비교를 통해 KOSIS 등의 국가 통계 자료로 검증 가능한 내용이다.",high,hcx,HCX-007,isclaim-v1.3-prev2-context,2026-07-30
A0023-C006,A0023,정부 “올해 경제성장률 1.8%”… 한은 전망보다 더 낮췄다,2025-01-02,https://www.chosun.com/economy/economy_general/2025/01/02/FWT5PD42TZED7JTIXYCIECCFRE,이런 가운데 정부는 소비자 물가 상승률도 한국은행의 물가 안정 목표치(2%)보다 낮은 1.8%로 내다봤다.,정부의 올해 성장률 전망치는 2~2.1%로 추정되는 잠재 성장률(생산 자원을 모두 투입했을 때 물가 상승 없이 최대한 달성할 수 있는 성장률)보다 낮다.,"작년 7월초만 해도 정부는 수출이 살아나면서 내수가 회복될 것으로 기대하고 새해 성장률을 2.2%로 봤었는데, 내수 부진이 장기화하고 비상 계엄과 줄탄핵 등 정치 불확실성이 커지자 6개월 만에 전망치를 0.4%포인트 낮췄다.",TRUE,"현재 문장은 정부의 소비자 물가 상승률 예측치가 한국은행의 물가 안정 목표치보다 낮다는 내용을 포함하며, 이는 국가 경제 지표로서 KOSIS를 통해 검증 가능하다.",high,hcx,HCX-007,isclaim-v1.3-prev2-context,2026-07-30
A0023-C007,A0023,정부 “올해 경제성장률 1.8%”… 한은 전망보다 더 낮췄다,2025-01-02,https://www.chosun.com/economy/economy_general/2025/01/02/FWT5PD42TZED7JTIXYCIECCFRE,성장률과 물가 상승률이 모두 1%대에 머무른다는 정부 전망이 현실화될 경우 경기 침체 우려가 커질 수 있다.,이런 가운데 정부는 소비자 물가 상승률도 한국은행의 물가 안정 목표치(2%)보다 낮은 1.8%로 내다봤다.,정부의 올해 성장률 전망치는 2~2.1%로 추정되는 잠재 성장률(생산 자원을 모두 투입했을 때 물가 상승 없이 최대한 달성할 수 있는 성장률)보다 낮다.,TRUE,"성장률과 물가 상승률이라는 경제 지표들이 언급되었으며, 이는 국가 통계로서 KOSIS에서 확인 가능한 정보들이다.",high,hcx,HCX-007,isclaim-v1.3-prev2-context,2026-07-30
A0023-C009,A0023,정부 “올해 경제성장률 1.8%”… 한은 전망보다 더 낮췄다,2025-01-02,https://www.chosun.com/economy/economy_general/2025/01/02/FWT5PD42TZED7JTIXYCIECCFRE,◇”수출 꺾이고 건설 계속 안 좋다” 정부는 성장률 전망치를 낮춘 가장 큰 이유로 수출 둔화를 꼽았다.,"정부는 지난달 30일 새해 경제정책방향을 발표할 계획이었는데, 하루 전 무안공항 제주항공 여객기 참사로 발표를 사흘 미뤘다.",성장률과 물가 상승률이 모두 1%대에 머무른다는 정부 전망이 현실화될 경우 경기 침체 우려가 커질 수 있다.,TRUE,"성장률과 수출 둔화에 대한 언급이 있으며, 이는 국가 경제 지표로서 KOSIS에서 관련 통계를 찾아볼 수 있는 내용이다.",high,hcx,HCX-007,isclaim-v1.3-prev2-context,2026-07-30
A0023-C010,A0023,정부 “올해 경제성장률 1.8%”… 한은 전망보다 더 낮췄다,2025-01-02,https://www.chosun.com/economy/economy_general/2025/01/02/FWT5PD42TZED7JTIXYCIECCFRE,기재부는 반도체 등 주력 수출 업종의 경쟁 심화와 관세 장벽 강화를 내세운 미국의 트럼프 2기 행정부 출범 등으로 수출 증가율이 작년 8.2%에서 올해 1.5%로 쪼그라들 것으로 봤다.,◇”수출 꺾이고 건설 계속 안 좋다” 정부는 성장률 전망치를 낮춘 가장 큰 이유로 수출 둔화를 꼽았다.,"정부는 지난달 30일 새해 경제정책방향을 발표할 계획이었는데, 하루 전 무안공항 제주항공 여객기 참사로 발표를 사흘 미뤘다.",TRUE,"현재 문장은 한국의 수출 증가율 변화에 대한 구체적인 수치를 포함하고 있으며, 이는 국가 통계의 변화를 나타내는 정보로서 KOSIS에서 검증할 수 있는 내용이다.",high,hcx,HCX-007,isclaim-v1.3-prev2-context,2026-07-30
A0023-C011,A0023,정부 “올해 경제성장률 1.8%”… 한은 전망보다 더 낮췄다,2025-01-02,https://www.chosun.com/economy/economy_general/2025/01/02/FWT5PD42TZED7JTIXYCIECCFRE,정부가 이날 발표한 새해 수출 증가율 전망치는 6개월 전 전망(6%)과 비교해도 4분의 1 수준이다.,기재부는 반도체 등 주력 수출 업종의 경쟁 심화와 관세 장벽 강화를 내세운 미국의 트럼프 2기 행정부 출범 등으로 수출 증가율이 작년 8.2%에서 올해 1.5%로 쪼그라들 것으로 봤다.,◇”수출 꺾이고 건설 계속 안 좋다” 정부는 성장률 전망치를 낮춘 가장 큰 이유로 수출 둔화를 꼽았다.,TRUE,"정부가 발표한 새해 수출 증가율 전망치가 6개월 전 전망치 대비 크게 낮아졌다는 내용으로, 이는 KOSIS를 통해 수출 증가율 관련 통계를 확인하여 검증할 수 있는 주장이다.",high,hcx,HCX-007,isclaim-v1.3-prev2-context,2026-07-30
A0023-C013,A0023,정부 “올해 경제성장률 1.8%”… 한은 전망보다 더 낮췄다,2025-01-02,https://www.chosun.com/economy/economy_general/2025/01/02/FWT5PD42TZED7JTIXYCIECCFRE,기재부는 우리나라 주력 수출 품목인 메모리반도체의 매출 성장세가 올해 13.4%로 작년(81%)의 16.5% 수준으로 쪼그라들 것이라는 세계반도체무역통계기구(WSTS)의 최근 전망을 인용하기도 했다.,"안덕근 산업통상자원부 장관은 지난달 30일 SK하이닉스 청주캠퍼스에서 열린 반도체 관련 기업 간담회에서 “국내 정치 상황과 미국 트럼프 신정부 출범, 중국의 매서운 추격 등 시장을 둘러싼 불확실성이 크다”고 했었다.",정부가 이날 발표한 새해 수출 증가율 전망치는 6개월 전 전망(6%)과 비교해도 4분의 1 수준이다.,TRUE,"현재 문장은 메모리반도체의 매출 성장세에 대한 구체적인 수치와 작년의 성장세와의 비교를 포함하고 있으며, 이는 국가 경제 및 산업의 중요한 부분으로서 KOSIS 등에서 관련 통계를 찾아볼 수 있을 것이다.",high,hcx,HCX-007,isclaim-v1.3-prev2-context,2026-07-30
A0023-C015,A0023,정부 “올해 경제성장률 1.8%”… 한은 전망보다 더 낮췄다,2025-01-02,https://www.chosun.com/economy/economy_general/2025/01/02/FWT5PD42TZED7JTIXYCIECCFRE,"김범석 기재부 1차관은 “내수는 고물가·고금리 완화에도 불구하고 건설 부진, 경제심리 위축이 회복을 제약할 것으로 예상된다”고 했다.",건설 경기 등 내수 부진이 한동안 이어질 것이라는 점도 정부가 새해 경제를 비관적으로 본 또다른 이유다.,기재부는 우리나라 주력 수출 품목인 메모리반도체의 매출 성장세가 올해 13.4%로 작년(81%)의 16.5% 수준으로 쪼그라들 것이라는 세계반도체무역통계기구(WSTS)의 최근 전망을 인용하기도 했다.,TRUE,"현재 문장은 내수의 회복이 제약될 것이라는 예측을 하고 있으며, 이는 경제 상황에 대한 분석이므로 KOSIS에서 관련 통계를 통해 검증할 수 있다.",high,hcx,HCX-007,isclaim-v1.3-prev2-context,2026-07-30
A0023-C016,A0023,정부 “올해 경제성장률 1.8%”… 한은 전망보다 더 낮췄다,2025-01-02,https://www.chosun.com/economy/economy_general/2025/01/02/FWT5PD42TZED7JTIXYCIECCFRE,◇계엄 파문 전 한은 전망보다 낮아 정부의 새해 성장률 전망치는 지난달 3일 비상 계엄 파문 직전 나온 한국은행 전망보다도 0.1%포인트 낮다.,"김범석 기재부 1차관은 “내수는 고물가·고금리 완화에도 불구하고 건설 부진, 경제심리 위축이 회복을 제약할 것으로 예상된다”고 했다.",건설 경기 등 내수 부진이 한동안 이어질 것이라는 점도 정부가 새해 경제를 비관적으로 본 또다른 이유다.,TRUE,정부의 새해 성장률 전망치가 한국은행의 전망치보다 0.1%포인트 낮다는 것은 국가 경제 지표 중 하나인 성장률에 대한 비교 정보이므로 KOSIS에서 관련 통계를 통해 검증 가능하다.,high,hcx,HCX-007,isclaim-v1.3-prev2-context,2026-07-30
A0023-C018,A0023,정부 “올해 경제성장률 1.8%”… 한은 전망보다 더 낮췄다,2025-01-02,https://www.chosun.com/economy/economy_general/2025/01/02/FWT5PD42TZED7JTIXYCIECCFRE,작년 성장률 전망치를 2.2%로 6개월 전(2.6%)에 비해 0.4%포인트 낮춰 잡은 것도 정국 불안에 따른 불확실성을 감안한 점이 일부 영향을 미쳤다고 김 차관은 전했다.,기재부는 한은보다 성장률 전망치를 낮춘 이유로 줄탄핵 등 정치적 불확실성을 들었다.,◇계엄 파문 전 한은 전망보다 낮아 정부의 새해 성장률 전망치는 지난달 3일 비상 계엄 파문 직전 나온 한국은행 전망보다도 0.1%포인트 낮다.,TRUE,"현재 문장은 작년 성장률 전망치가 2.2%로 6개월 전에 비해 0.4%포인트 낮아졌다는 내용을 포함하며, 이는 KOSIS 국가통계포털에서 경제성장률 관련 통계를 통해 검증할 수 있는 내용이다.",high,hcx,HCX-007,isclaim-v1.3-prev2-context,2026-07-30
A0023-C020,A0023,정부 “올해 경제성장률 1.8%”… 한은 전망보다 더 낮췄다,2025-01-02,https://www.chosun.com/economy/economy_general/2025/01/02/FWT5PD42TZED7JTIXYCIECCFRE,이창용 한국은행 총재도 같은 달 17일 국회 기획재정위원회 현안질의에서 “현재 통과된 예산안은 경제(성장률)에 마이너스(-) 0.06%포인트정도 영향이 있다”고 말했었다.,거대 야당인 더불어민주당 주도의 4조원대 감액 예산안이 지난달 10일 국회를 통과한 점도 한은보다 새해 경제를 어둡게 전망한 이유다.,작년 성장률 전망치를 2.2%로 6개월 전(2.6%)에 비해 0.4%포인트 낮춰 잡은 것도 정국 불안에 따른 불확실성을 감안한 점이 일부 영향을 미쳤다고 김 차관은 전했다.,TRUE,"현재 문장은 경제 성장률에 대한 구체적인 수치 변화를 언급하며, 이는 국가 경제 관련 통계로서 KOSIS에서 대조 가능한 내용이다.",high,hcx,HCX-007,isclaim-v1.3-prev2-context,2026-07-30
A0023-C022,A0023,정부 “올해 경제성장률 1.8%”… 한은 전망보다 더 낮췄다,2025-01-02,https://www.chosun.com/economy/economy_general/2025/01/02/FWT5PD42TZED7JTIXYCIECCFRE,"지난달 30일 발표된 통계청의 ‘11월 산업활동동향’에 따르면, 생산은 작년 9월(-0.4%)·10월(-0.2%)·11월(-0.4%) 등 3개월 연속으로 전월 대비 감소했다.",최근 한달새 나온 각종 경기 지표가 부진한 모습을 보인 점도 정부의 보수적인 경기 전망에 한몫했다.,이창용 한국은행 총재도 같은 달 17일 국회 기획재정위원회 현안질의에서 “현재 통과된 예산안은 경제(성장률)에 마이너스(-) 0.06%포인트정도 영향이 있다”고 말했었다.,TRUE,현재 문장은 통계청의 '11월 산업활동동향' 데이터를 기반으로 하여 생산이 작년 9월부터 11월까지 3개월 연속으로 전월 대비 감소했다고 주장합니다.,high,hcx,HCX-007,isclaim-v1.3-prev2-context,2026-07-30
A0023-C023,A0023,정부 “올해 경제성장률 1.8%”… 한은 전망보다 더 낮췄다,2025-01-02,https://www.chosun.com/economy/economy_general/2025/01/02/FWT5PD42TZED7JTIXYCIECCFRE,설비투자도 작년 10월(-5.9%)·11월(-1.6%) 등 2달 연속 감소했다.,"지난달 30일 발표된 통계청의 ‘11월 산업활동동향’에 따르면, 생산은 작년 9월(-0.4%)·10월(-0.2%)·11월(-0.4%) 등 3개월 연속으로 전월 대비 감소했다.",최근 한달새 나온 각종 경기 지표가 부진한 모습을 보인 점도 정부의 보수적인 경기 전망에 한몫했다.,TRUE,"설비투자의 감소 추세를 언급하며, 이는 KOSIS 국가통계포털에서 제공하는 산업활동동향을 통해 검증 가능하다.",high,hcx,HCX-007,isclaim-v1.3-prev2-context,2026-07-30
A0023-C024,A0023,정부 “올해 경제성장률 1.8%”… 한은 전망보다 더 낮췄다,2025-01-02,https://www.chosun.com/economy/economy_general/2025/01/02/FWT5PD42TZED7JTIXYCIECCFRE,특히 건축·토목 공사 실적을 뜻하는 건설기성은 작년 11월 0.2% 감소해 5월(-4.6%)부터 7개월 연속 마이너스 행진을 이어갔다.,설비투자도 작년 10월(-5.9%)·11월(-1.6%) 등 2달 연속 감소했다.,"지난달 30일 발표된 통계청의 ‘11월 산업활동동향’에 따르면, 생산은 작년 9월(-0.4%)·10월(-0.2%)·11월(-0.4%) 등 3개월 연속으로 전월 대비 감소했다.",TRUE,"건설기성의 감소 추세를 언급하며, 이는 국가통계포털(KOSIS)에서 관련 통계를 통해 검증할 수 있는 내용이다.",high,hcx,HCX-007,isclaim-v1.3-prev2-context,2026-07-30
A0023-C025,A0023,정부 “올해 경제성장률 1.8%”… 한은 전망보다 더 낮췄다,2025-01-02,https://www.chosun.com/economy/economy_general/2025/01/02/FWT5PD42TZED7JTIXYCIECCFRE,소비 지표인 소매판매는 9월(-0.3%)과 10월(-0.8%) 2달 연속 감소하다가 11월 0.4% 증가세로 돌아섰다.,특히 건축·토목 공사 실적을 뜻하는 건설기성은 작년 11월 0.2% 감소해 5월(-4.6%)부터 7개월 연속 마이너스 행진을 이어갔다.,설비투자도 작년 10월(-5.9%)·11월(-1.6%) 등 2달 연속 감소했다.,TRUE,"현재 문장은 소매판매라는 국내 경제 지표의 변화를 언급하며, 이는 KOSIS 국가통계포털에서 확인 가능한 정보이므로 True로 판단합니다.",high,hcx,HCX-007,isclaim-v1.3-prev2-context,2026-07-30
A0023-C026,A0023,정부 “올해 경제성장률 1.8%”… 한은 전망보다 더 낮췄다,2025-01-02,https://www.chosun.com/economy/economy_general/2025/01/02/FWT5PD42TZED7JTIXYCIECCFRE,다만 11월 소매판매는 전년 동월과 비교하면 1.9% 줄어 부진한 흐름을 이어갔다.,소비 지표인 소매판매는 9월(-0.3%)과 10월(-0.8%) 2달 연속 감소하다가 11월 0.4% 증가세로 돌아섰다.,특히 건축·토목 공사 실적을 뜻하는 건설기성은 작년 11월 0.2% 감소해 5월(-4.6%)부터 7개월 연속 마이너스 행진을 이어갔다.,TRUE,"현재 문장은 11월 소매판매가 전년 동월에 비해 1.9% 줄었다는 구체적인 통계를 제시하며, 이는 KOSIS 국가통계포털에서 확인 가능한 정보이므로 True로 판단합니다.",high,hcx,HCX-007,isclaim-v1.3-prev2-context,2026-07-30
A0023-C027,A0023,정부 “올해 경제성장률 1.8%”… 한은 전망보다 더 낮췄다,2025-01-02,https://www.chosun.com/economy/economy_general/2025/01/02/FWT5PD42TZED7JTIXYCIECCFRE,◇잠재 성장률보다 낮은 올해 성장률 전망치 정부의 올해 성장률 전망치는 잠재 성장률보다도 낮다.,다만 11월 소매판매는 전년 동월과 비교하면 1.9% 줄어 부진한 흐름을 이어갔다.,소비 지표인 소매판매는 9월(-0.3%)과 10월(-0.8%) 2달 연속 감소하다가 11월 0.4% 증가세로 돌아섰다.,TRUE,"현재 문장은 한국의 경제 성장률에 대한 예측을 포함하며, 이는 국가 통계의 중요한 부분으로 KOSIS에서 관련 데이터를 통해 검증할 수 있다.",high,hcx,HCX-007,isclaim-v1.3-prev2-context,2026-07-30
A0023-C029,A0023,정부 “올해 경제성장률 1.8%”… 한은 전망보다 더 낮췄다,2025-01-02,https://www.chosun.com/economy/economy_general/2025/01/02/FWT5PD42TZED7JTIXYCIECCFRE,"정부의 작년 성장률 전망치는 2.2%로 주요 기관의 잠재 성장률 추정치를 웃돌지만, 내년 전망치는 잠재 성장률에 못 미친다.","경제협력개발기구(OECD)는 작년 기준 한국의 잠재 성장률을 2%, 국회 예산정책처는 올해 기준 우리나라 잠재 성장률을 2.1%로 보고 있다.",◇잠재 성장률보다 낮은 올해 성장률 전망치 정부의 올해 성장률 전망치는 잠재 성장률보다도 낮다.,TRUE,"현재 문장은 정부의 작년 및 내년 성장률 전망치가 주요 기관의 잠재 성장률 추정치와 비교된다는 내용을 포함하며, 이는 국가 경제 관련 통계로서 KOSIS를 통해 검증 가능하다.",high,hcx,HCX-007,isclaim-v1.3-prev2-context,2026-07-30
A0023-C030,A0023,정부 “올해 경제성장률 1.8%”… 한은 전망보다 더 낮췄다,2025-01-02,https://www.chosun.com/economy/economy_general/2025/01/02/FWT5PD42TZED7JTIXYCIECCFRE,경기가 일시적으로 나쁜 것이 아니라 성장률이 경제의 기초 체력을 뜻하는 잠재 성장률에도 미치지 못하는 저성장 터널로 들어서고 있다는 우려가 나온다.,"정부의 작년 성장률 전망치는 2.2%로 주요 기관의 잠재 성장률 추정치를 웃돌지만, 내년 전망치는 잠재 성장률에 못 미친다.","경제협력개발기구(OECD)는 작년 기준 한국의 잠재 성장률을 2%, 국회 예산정책처는 올해 기준 우리나라 잠재 성장률을 2.1%로 보고 있다.",TRUE,현재 문장은 성장률이 잠재 성장률에 미치지 못하고 있는 상황을 언급하며 이는 경제의 기초 체력에 대한 우려를 나타내고 있습니다.,high,hcx,HCX-007,isclaim-v1.3-prev2-context,2026-07-30
A0023-C031,A0023,정부 “올해 경제성장률 1.8%”… 한은 전망보다 더 낮췄다,2025-01-02,https://www.chosun.com/economy/economy_general/2025/01/02/FWT5PD42TZED7JTIXYCIECCFRE,"◇물가 상승률 전망도 물가안정 목표 밑돌아 정부는 올해 소비자 물가 상승률도 1.8%로 전망해, 6개월 전 전망치(2.1%)보다 0.3%포인트 낮춰잡았다.",경기가 일시적으로 나쁜 것이 아니라 성장률이 경제의 기초 체력을 뜻하는 잠재 성장률에도 미치지 못하는 저성장 터널로 들어서고 있다는 우려가 나온다.,"정부의 작년 성장률 전망치는 2.2%로 주요 기관의 잠재 성장률 추정치를 웃돌지만, 내년 전망치는 잠재 성장률에 못 미친다.",TRUE,현재 문장은 정부가 올해 소비자 물가 상승률을 1.8%로 전망하며 이는 이전 전망치 2.1%보다 낮은 수치라고 언급하고 있다.,high,hcx,HCX-007,isclaim-v1.3-prev2-context,2026-07-30
A0023-C032,A0023,정부 “올해 경제성장률 1.8%”… 한은 전망보다 더 낮췄다,2025-01-02,https://www.chosun.com/economy/economy_general/2025/01/02/FWT5PD42TZED7JTIXYCIECCFRE,작년 11월말 한국은행 전망치(1.9%)보다도 0.1%포인트 낮다.,"◇물가 상승률 전망도 물가안정 목표 밑돌아 정부는 올해 소비자 물가 상승률도 1.8%로 전망해, 6개월 전 전망치(2.1%)보다 0.3%포인트 낮춰잡았다.",경기가 일시적으로 나쁜 것이 아니라 성장률이 경제의 기초 체력을 뜻하는 잠재 성장률에도 미치지 못하는 저성장 터널로 들어서고 있다는 우려가 나온다.,TRUE,"현재 문장은 한국의 소비자 물가 상승률 예측치가 작년 11월 말 한국은행의 전망치보다 0.1% 포인트 낮다는 내용을 담고 있으며, 이는 KOSIS를 통해 검증 가능한 국내 경제 지표에 대한 정보이므로 True로 판단된다.",high,hcx,HCX-007,isclaim-v1.3-prev2-context,2026-07-30
A0023-C033,A0023,정부 “올해 경제성장률 1.8%”… 한은 전망보다 더 낮췄다,2025-01-02,https://www.chosun.com/economy/economy_general/2025/01/02/FWT5PD42TZED7JTIXYCIECCFRE,정부 전망대로 1%대 물가 상승률이 현실화활 경우 코로나 대유행 여파로 물가 상승률이 0.5%에 그쳤던 2020년 이후 5년 만에 처음으로 한국은행의 물가 안정 목표치를 밑돌게 된다.,작년 11월말 한국은행 전망치(1.9%)보다도 0.1%포인트 낮다.,"◇물가 상승률 전망도 물가안정 목표 밑돌아 정부는 올해 소비자 물가 상승률도 1.8%로 전망해, 6개월 전 전망치(2.1%)보다 0.3%포인트 낮춰잡았다.",TRUE,"현재 문장은 정부의 물가 상승률 전망치가 한국은행의 물가 안정 목표치를 밑돌 것이라는 내용을 포함하고 있으며, 이는 KOSIS를 통해 확인 가능한 국내 경제 지표 관련 내용이다.",high,hcx,HCX-007,isclaim-v1.3-prev2-context,2026-07-30
A0023-C035,A0023,정부 “올해 경제성장률 1.8%”… 한은 전망보다 더 낮췄다,2025-01-02,https://www.chosun.com/economy/economy_general/2025/01/02/FWT5PD42TZED7JTIXYCIECCFRE,"경기 둔화 속 저물가는 투자와 고용 감소, 실업자 증가, 가계소득 감소, 소비 침체 등 악순환으로 이어질 수 있다.",오일 쇼크나 외환 위기 코로나 팬데믹 같은 외부 충격이 없는데도 성장률이 잠재 성장률을 따라잡지 못하고 물가 상승률마저 한은 목표치에 못 미치는 상황은 경기침체의 전조로 해석될 수 있다.,정부 전망대로 1%대 물가 상승률이 현실화활 경우 코로나 대유행 여파로 물가 상승률이 0.5%에 그쳤던 2020년 이후 5년 만에 처음으로 한국은행의 물가 안정 목표치를 밑돌게 된다.,TRUE,"경기 둔화와 저물가가 여러 경제적 문제를 초래한다는 내용은 경제 상황에 대한 일반적인 분석이므로, 이는 국가 경제 지표와 관련된 내용으로 볼 수 있습니다.",mid,hcx,HCX-007,isclaim-v1.3-prev2-context,2026-07-30
A0023-C036,A0023,정부 “올해 경제성장률 1.8%”… 한은 전망보다 더 낮췄다,2025-01-02,https://www.chosun.com/economy/economy_general/2025/01/02/FWT5PD42TZED7JTIXYCIECCFRE,성장률과 물가 상승률이 모두 2%를 밑돈 경우는 2020년이 마지막이었다.,"경기 둔화 속 저물가는 투자와 고용 감소, 실업자 증가, 가계소득 감소, 소비 침체 등 악순환으로 이어질 수 있다.",오일 쇼크나 외환 위기 코로나 팬데믹 같은 외부 충격이 없는데도 성장률이 잠재 성장률을 따라잡지 못하고 물가 상승률마저 한은 목표치에 못 미치는 상황은 경기침체의 전조로 해석될 수 있다.,TRUE,성장률과 물가 상승률이 모두 2%를 밑돌았다는 것은 경제 지표로서 KOSIS 국가통계포털에서 확인 가능한 정보이기 때문에 판단 근거로 충분합니다.,high,hcx,HCX-007,isclaim-v1.3-prev2-context,2026-07-30
A0023-C037,A0023,정부 “올해 경제성장률 1.8%”… 한은 전망보다 더 낮췄다,2025-01-02,https://www.chosun.com/economy/economy_general/2025/01/02/FWT5PD42TZED7JTIXYCIECCFRE,저출산·고령화 장기화로 생산연령인구(15~64세)가 줄어드는 가운데 경기 부진세가 이어지면서 올해 취업자 수도 12만명 늘어나는 데 그칠 것으로 정부는 전망했다.,성장률과 물가 상승률이 모두 2%를 밑돈 경우는 2020년이 마지막이었다.,"경기 둔화 속 저물가는 투자와 고용 감소, 실업자 증가, 가계소득 감소, 소비 침체 등 악순환으로 이어질 수 있다.",TRUE,"현재 문장은 저출산·고령화와 경기 부진이 취업자 수 증가에 미치는 영향을 언급하며, 이는 국가통계포털(KOSIS)에서 관련 통계를 통해 검증할 수 있는 내용이다.",high,hcx,HCX-007,isclaim-v1.3-prev2-context,2026-07-30
A0023-C038,A0023,정부 “올해 경제성장률 1.8%”… 한은 전망보다 더 낮췄다,2025-01-02,https://www.chosun.com/economy/economy_general/2025/01/02/FWT5PD42TZED7JTIXYCIECCFRE,"올해 취업자 수 증가폭은 작년(17만명·정부 전망치)보다 5만명 줄어든 것으로, 코로나로 취업자 수가 21만8000명 줄어든 2020년 이후 가장 낮은 증가폭이다.",저출산·고령화 장기화로 생산연령인구(15~64세)가 줄어드는 가운데 경기 부진세가 이어지면서 올해 취업자 수도 12만명 늘어나는 데 그칠 것으로 정부는 전망했다.,성장률과 물가 상승률이 모두 2%를 밑돈 경우는 2020년이 마지막이었다.,TRUE,"현재 문장은 '올해 취업자 수 증가폭'이라는 구체적인 수치와 비교 정보를 포함하며, 이는 고용 관련 통계로서 KOSIS에서 확인 가능한 내용이기 때문에 True로 판단됩니다.",high,hcx,HCX-007,isclaim-v1.3-prev2-context,2026-07-30
A0024-C001,A0024,"정부, 작년 세수 부족으로 韓銀서 170조원 빌려 썼다",2025-01-02,https://www.chosun.com/economy/economy_general/2025/01/02/LYWZZSQ6I5AVJDNTRW6KAK6ORY,정부가 지난해 세수 부족으로 한국은행에서 170조원 넘는 돈을 빌려 쓴 것으로 나타났다.,,,TRUE,정부가 지난해 세수 부족으로 한국은행에서 빌린 금액은 국가 재정 관련 통계로서 KOSIS에서 확인 가능하다.,high,hcx,HCX-007,isclaim-v1.3-prev2-context,2026-07-30
A0024-C002,A0024,"정부, 작년 세수 부족으로 韓銀서 170조원 빌려 썼다",2025-01-02,https://www.chosun.com/economy/economy_general/2025/01/02/LYWZZSQ6I5AVJDNTRW6KAK6ORY,"1일 더불어민주당 임광현 의원이 한은에서 제출받은 자료에 따르면, 정부는 지난해 한은에서 누적으로 따져 총 173조원을 일시 차입했다.",정부가 지난해 세수 부족으로 한국은행에서 170조원 넘는 돈을 빌려 쓴 것으로 나타났다.,,TRUE,정부가 지난해 한국은행에서 일시 차입한 금액이 173조원이라는 구체적인 수치 정보를 포함하고 있다.,high,hcx,HCX-007,isclaim-v1.3-prev2-context,2026-07-30
A0024-C003,A0024,"정부, 작년 세수 부족으로 韓銀서 170조원 빌려 썼다",2025-01-02,https://www.chosun.com/economy/economy_general/2025/01/02/LYWZZSQ6I5AVJDNTRW6KAK6ORY,이는 관련 통계를 확인할 수 있는 2011년 이후 역대 최대 규모다.,"1일 더불어민주당 임광현 의원이 한은에서 제출받은 자료에 따르면, 정부는 지난해 한은에서 누적으로 따져 총 173조원을 일시 차입했다.",정부가 지난해 세수 부족으로 한국은행에서 170조원 넘는 돈을 빌려 쓴 것으로 나타났다.,TRUE,"현재 문장은 정부의 한은에서의 차입 규모가 2011년 이후 역대 최대라는 사실을 주장하며, 이는 국가 재정 및 경제 상황에 대한 통계적인 비교를 포함합니다.",high,hcx,HCX-007,isclaim-v1.3-prev2-context,2026-07-30
A0024-C004,A0024,"정부, 작년 세수 부족으로 韓銀서 170조원 빌려 썼다",2025-01-02,https://www.chosun.com/economy/economy_general/2025/01/02/LYWZZSQ6I5AVJDNTRW6KAK6ORY,종전 최대인 2023년의 117조6000억원보다 47% 늘었다.,이는 관련 통계를 확인할 수 있는 2011년 이후 역대 최대 규모다.,"1일 더불어민주당 임광현 의원이 한은에서 제출받은 자료에 따르면, 정부는 지난해 한은에서 누적으로 따져 총 173조원을 일시 차입했다.",TRUE,"현재 문장은 정부의 일시 차입금이 역대 최대 규모라는 내용을 포함하며, 이는 국가 경제 및 재정 정책과 관련된 통계로서 KOSIS를 통해 검증 가능한 내용입니다.",high,hcx,HCX-007,isclaim-v1.3-prev2-context,2026-07-30
A0024-C005,A0024,"정부, 작년 세수 부족으로 韓銀서 170조원 빌려 썼다",2025-01-02,https://www.chosun.com/economy/economy_general/2025/01/02/LYWZZSQ6I5AVJDNTRW6KAK6ORY,현재는 172조원을 상환하고 1조원 정도 남은 상태다.,종전 최대인 2023년의 117조6000억원보다 47% 늘었다.,이는 관련 통계를 확인할 수 있는 2011년 이후 역대 최대 규모다.,TRUE,"현재 문장은 '현재는 172조원을 상환하고 1조원 정도 남은 상태다.'라는 내용으로, 금액의 변화를 언급하고 있으며, 이러한 정보는 국가 통계 자료로서 확인될 수 있습니다.",high,hcx,HCX-007,isclaim-v1.3-prev2-context,2026-07-30
A0024-C008,A0024,"정부, 작년 세수 부족으로 韓銀서 170조원 빌려 썼다",2025-01-02,https://www.chosun.com/economy/economy_general/2025/01/02/LYWZZSQ6I5AVJDNTRW6KAK6ORY,정부가 한은 일시 대출을 많이 받을수록 세출에 비해 세입이 부족해 재원을 임시변통하는 일이 잦아졌다는 의미다.,"개인이 은행에서 마이너스 통장(신용한도 대출)을 열어놓고, 필요할 때 수시로 자금을 꺼내 쓰고 여윳돈이 생기면 갚는 것과 비슷하다.",한은의 대정부 일시 대출 제도는 정부가 회계연도 중 세입과 세출 간 시차에 따라 발생하는 일시적 자금 부족을 메우기 위해 활용하는 것이다.,TRUE,"정부가 한국은행으로부터 일시 대출을 많이 받는다는 것은 세입 대비 세출이 부족하다는 것을 의미하며, 이는 국가 재정 상태에 대한 정보로서 KOSIS를 통해 관련 통계나 자료를 찾아볼 수 있을 것으로 판단된다.",high,hcx,HCX-007,isclaim-v1.3-prev2-context,2026-07-30
A0024-C009,A0024,"정부, 작년 세수 부족으로 韓銀서 170조원 빌려 썼다",2025-01-02,https://www.chosun.com/economy/economy_general/2025/01/02/LYWZZSQ6I5AVJDNTRW6KAK6ORY,정부의 연간 누적 대출은 2019년 36조5072억원에서 코로나 팬데믹이 터졌던 2020년 102조9130억원으로 크게 뛰었다.,정부가 한은 일시 대출을 많이 받을수록 세출에 비해 세입이 부족해 재원을 임시변통하는 일이 잦아졌다는 의미다.,"개인이 은행에서 마이너스 통장(신용한도 대출)을 열어놓고, 필요할 때 수시로 자금을 꺼내 쓰고 여윳돈이 생기면 갚는 것과 비슷하다.",TRUE,"정부의 연간 누적 대출 금액 변화에 대한 구체적인 수치와 연도를 제시하여, 이는 국가 재정 관련 통계로서 KOSIS에서 확인 가능한 정보일 가능성이 높습니다.",high,hcx,HCX-007,isclaim-v1.3-prev2-context,2026-07-30
A0024-C010,A0024,"정부, 작년 세수 부족으로 韓銀서 170조원 빌려 썼다",2025-01-02,https://www.chosun.com/economy/economy_general/2025/01/02/LYWZZSQ6I5AVJDNTRW6KAK6ORY,"이후 2021년 7조6130억원, 2022년 34조2000억원 등으로 줄었다가 세수 펑크가 커진 2023년 117조6000억원으로 다시 급증했다.",정부의 연간 누적 대출은 2019년 36조5072억원에서 코로나 팬데믹이 터졌던 2020년 102조9130억원으로 크게 뛰었다.,정부가 한은 일시 대출을 많이 받을수록 세출에 비해 세입이 부족해 재원을 임시변통하는 일이 잦아졌다는 의미다.,TRUE,"현재 문장은 정부의 연간 누적 대출 금액이 시간에 따라 변동되는 것을 나타내며, 이는 국가 재정 관련 통계로서 KOSIS에서 확인 가능한 정보입니다.",high,hcx,HCX-007,isclaim-v1.3-prev2-context,2026-07-30
A0024-C011,A0024,"정부, 작년 세수 부족으로 韓銀서 170조원 빌려 썼다",2025-01-02,https://www.chosun.com/economy/economy_general/2025/01/02/LYWZZSQ6I5AVJDNTRW6KAK6ORY,지난해 이 같은 일시 대출에 따라 정부가 부담한 이자는 2092억원에 달한 것으로 집계됐다.,"이후 2021년 7조6130억원, 2022년 34조2000억원 등으로 줄었다가 세수 펑크가 커진 2023년 117조6000억원으로 다시 급증했다.",정부의 연간 누적 대출은 2019년 36조5072억원에서 코로나 팬데믹이 터졌던 2020년 102조9130억원으로 크게 뛰었다.,TRUE,"정부가 부담한 이자 총액이 2092억원이라는 구체적인 수치를 제시하고 있으며, 이는 국가 재정 관련 통계로서 KOSIS에서 확인 가능한 정보일 가능성이 높습니다.",high,hcx,HCX-007,isclaim-v1.3-prev2-context,2026-07-30
A0024-C012,A0024,"정부, 작년 세수 부족으로 韓銀서 170조원 빌려 썼다",2025-01-02,https://www.chosun.com/economy/economy_general/2025/01/02/LYWZZSQ6I5AVJDNTRW6KAK6ORY,역시 2023년 연간 이자(1506억원)를 크게 웃도는 역대 최대 수준이다.,지난해 이 같은 일시 대출에 따라 정부가 부담한 이자는 2092억원에 달한 것으로 집계됐다.,"이후 2021년 7조6130억원, 2022년 34조2000억원 등으로 줄었다가 세수 펑크가 커진 2023년 117조6000억원으로 다시 급증했다.",TRUE,"현재 문장은 2023년의 연간 이자가 역대 최대 수준이라는 내용을 포함하며, 이는 KOSIS에서 관련 통계를 통해 검증할 수 있는 수치 주장이다.",high,hcx,HCX-007,isclaim-v1.3-prev2-context,2026-07-30
A0024-C013,A0024,"정부, 작년 세수 부족으로 韓銀서 170조원 빌려 썼다",2025-01-02,https://www.chosun.com/economy/economy_general/2025/01/02/LYWZZSQ6I5AVJDNTRW6KAK6ORY,"다만 대출 이자율은 시중 금리 하락세에 따라 지난해 1분기(1~3월) 연 3.623%에서 2분기 연 3.563%, 3분기 연 3.543%, 4분기 연 3.302% 등으로 점차 낮아졌다.",역시 2023년 연간 이자(1506억원)를 크게 웃도는 역대 최대 수준이다.,지난해 이 같은 일시 대출에 따라 정부가 부담한 이자는 2092억원에 달한 것으로 집계됐다.,TRUE,"대출 이자율의 변화에 대한 구체적인 수치를 제시하며, 이는 국가 경제 및 금융 관련 통계로서 KOSIS에서 대조 가능한 정보임.",high,hcx,HCX-007,isclaim-v1.3-prev2-context,2026-07-30
A0026-C004,A0026,"선물환포지션 한도 풀고, 외화대출 규제도 완화",2025-01-02,https://www.chosun.com/economy/economy_general/2025/01/02/QWFKNTB7ZRARZGL4HKVD5NS234,"최근 미국 경제가 호조세를 보이고 있고, 트럼프 2기 행정부 출범과 국내 정치적 불안이 겹치면서 달러 대비 원화 환율은 지난달 말(30일) 오후 3시 30분 기준 1472.5원을 기록했다.",2일 기획재정부는 이 같은 내용이 담긴 외환시장 관련 ‘2025년 경제정책방향’을 발표했다.,국내 정치 상황의 불확실성이 계속되고 ‘미국 우선주의’를 앞세운 트럼프 2기 행정부 출범이 가까워짐에 따라 달러당 원화 환율 급등에 적극 대응하겠다는 것이다.,TRUE,"현재 문장에서 언급된 '달러 대비 원화 환율은 지난달 말(30일) 오후 3시 30분 기준 1472.5원을 기록했다.'는 구체적인 수치와 비교 가능한 시점 정보를 포함하고 있어, 이는 국가통계포털(KOSIS)에서 해당 시점의 환율 데이터를 통해 검증할 수 있는 내용이기 때문에 True로 판단됩니다.",high,hcx,HCX-007,isclaim-v1.3-prev2-context,2026-07-30
A0026-C005,A0026,"선물환포지션 한도 풀고, 외화대출 규제도 완화",2025-01-02,https://www.chosun.com/economy/economy_general/2025/01/02/QWFKNTB7ZRARZGL4HKVD5NS234,연간으로 따지면 무려 172.1원이 올랐다.,"최근 미국 경제가 호조세를 보이고 있고, 트럼프 2기 행정부 출범과 국내 정치적 불안이 겹치면서 달러 대비 원화 환율은 지난달 말(30일) 오후 3시 30분 기준 1472.5원을 기록했다.",2일 기획재정부는 이 같은 내용이 담긴 외환시장 관련 ‘2025년 경제정책방향’을 발표했다.,TRUE,"연간 원화의 변동폭을 언급하며, 이는 국가통계포털(KOSIS)에서 외환시장의 변화를 통해 검증할 수 있는 내용이다.",high,hcx,HCX-007,isclaim-v1.3-prev2-context,2026-07-30
A0026-C018,A0026,"선물환포지션 한도 풀고, 외화대출 규제도 완화",2025-01-02,https://www.chosun.com/economy/economy_general/2025/01/02/QWFKNTB7ZRARZGL4HKVD5NS234,원화용도 외화대출이 늘면 시장에 외환 공급이 늘어나 달러 대비 원화 환율을 끌어내리는 요인이 될 수 있다.,하지만 최근 원화가치 약세 현상이 두드러지면서 외화대출 제한을 완화할 필요가 있다는 주장에 힘이 실렸다.,원화로 환전하는 외화대출이 늘어날 경우 원화 수요가 증가해 원화 가치가 급등할 수 있다는 이유에서다.,TRUE,현재 문장은 원화용도 외화대출이 증가함에 따라 외환 시장의 공급이 늘어나 달러 대비 원화 환율에 영향을 미칠 수 있다고 주장합니다.,mid,hcx,HCX-007,isclaim-v1.3-prev2-context,2026-07-30
A0028-C006,A0028,"현대차그룹 전기차 5종, 美 보조금 최대 7500달러 확정",2025-01-03,https://www.chosun.com/economy/auto/2025/01/03/JAOXUIC3JJEU7APKQ7W6OHYJRQ,"2023년에는 34개, 지난해에는 연말까지 50개 모델에 대해 혜택을 줬다.","1일(현지 시각) 미국 에너지부는 홈페이지에 올해 보조금을 지급받을 수 있는 전기차로 현대차 아이오닉5와 아이오닉9, 기아 EV6와 EV9, 제네시스 GV70 전동화 모델을 포함한 모델 25개를 공개했다.",하지만 지난해 10월부터 미국 조지아주 ‘현대차그룹 메타플랜트 아메리카(HMGMA)’가 가동을 시작하고 배터리 요건도 충족하면서 테슬라(9종)에 이어 둘째로 많은 5종이 목록에 이름을 올렸다.,TRUE,"현재 문장은 전기차 모델 수가 시간에 따라 증가한 것을 언급하며, 이는 국가 통계 포털(KOSIS)에서 관련 통계를 통해 검증할 수 있을 것으로 보인다.",high,hcx,HCX-007,isclaim-v1.3-prev2-context,2026-07-30
A0029-C002,A0029,완성차 5사 판매량 3년만에 감소세로...내수 부진에 전기차 캐즘 본격화,2025-01-03,https://www.chosun.com/economy/auto/2025/01/03/N4AM2ZKHUBDXHOEEKGPMWO4Y2U,"작년 국내 완성차 업체들의 판매량이 2023년 대비 0.6% 줄며, 3년만에 감소세로 돌아섰다.",한국 경제의 내수와 수출을 떠받치던 자동차 산업이 전기차 캐즘(수요 정체) 영향권에 본격 접어들면서 실적 부진에 빠졌다.,,TRUE,작년 국내 완성차 업체들의 판매량 변화에 대한 주장은 KOSIS에서 관련 통계를 통해 검증할 수 있는 내용입니다.,high,hcx,HCX-007,isclaim-v1.3-prev2-context,2026-07-30
A0029-C003,A0029,완성차 5사 판매량 3년만에 감소세로...내수 부진에 전기차 캐즘 본격화,2025-01-03,https://www.chosun.com/economy/auto/2025/01/03/N4AM2ZKHUBDXHOEEKGPMWO4Y2U,"경기 침체 속 내수 판매가 6%대 급감했고, 수출은 전체적으로 보합세를 보인 가운데 현대차와 르노코리아 등 판매량이 큰 폭으로 줄었다.","작년 국내 완성차 업체들의 판매량이 2023년 대비 0.6% 줄며, 3년만에 감소세로 돌아섰다.",한국 경제의 내수와 수출을 떠받치던 자동차 산업이 전기차 캐즘(수요 정체) 영향권에 본격 접어들면서 실적 부진에 빠졌다.,TRUE,"현재 문장은 내수 판매량과 수출량의 변화를 언급하며, 이는 국가통계포털(KOSIS)에서 관련 통계를 통해 검증할 수 있는 내용이기 때문에 True로 판단합니다.",high,hcx,HCX-007,isclaim-v1.3-prev2-context,2026-07-30
A0029-C004,A0029,완성차 5사 판매량 3년만에 감소세로...내수 부진에 전기차 캐즘 본격화,2025-01-03,https://www.chosun.com/economy/auto/2025/01/03/N4AM2ZKHUBDXHOEEKGPMWO4Y2U,"국내 완성차 5사(현대차, 기아, GM 한국사업장, KG모빌리티, 르노코리아)는 작년 794만7170대를 국내외에 판매했다고 3일 밝혔다.","경기 침체 속 내수 판매가 6%대 급감했고, 수출은 전체적으로 보합세를 보인 가운데 현대차와 르노코리아 등 판매량이 큰 폭으로 줄었다.","작년 국내 완성차 업체들의 판매량이 2023년 대비 0.6% 줄며, 3년만에 감소세로 돌아섰다.",TRUE,"현재 문장은 국내 완성차 5사의 판매량을 구체적인 수치로 제시하며, 이는 국내 집계 통계로서 KOSIS를 통해 대조 및 검증 가능한 정보이기 때문에 True로 판단합니다.",high,hcx,HCX-007,isclaim-v1.3-prev2-context,2026-07-30
A0029-C005,A0029,완성차 5사 판매량 3년만에 감소세로...내수 부진에 전기차 캐즘 본격화,2025-01-03,https://www.chosun.com/economy/auto/2025/01/03/N4AM2ZKHUBDXHOEEKGPMWO4Y2U,"국내 판매는 135만6706대로 전년 대비 6.4% 줄었고, 해외 판매는 658만4378대로 같은 기간 0.7% 늘었다.","국내 완성차 5사(현대차, 기아, GM 한국사업장, KG모빌리티, 르노코리아)는 작년 794만7170대를 국내외에 판매했다고 3일 밝혔다.","경기 침체 속 내수 판매가 6%대 급감했고, 수출은 전체적으로 보합세를 보인 가운데 현대차와 르노코리아 등 판매량이 큰 폭으로 줄었다.",TRUE,"국내 판매량과 해외 판매량의 변화에 대한 구체적인 수치가 제시되어 있으며, 이는 국가 통계 포털(KOSIS)에서 확인 가능한 국내 집계 통계 정보로 판단됩니다.",high,hcx,HCX-007,isclaim-v1.3-prev2-context,2026-07-30
A0029-C006,A0029,완성차 5사 판매량 3년만에 감소세로...내수 부진에 전기차 캐즘 본격화,2025-01-03,https://www.chosun.com/economy/auto/2025/01/03/N4AM2ZKHUBDXHOEEKGPMWO4Y2U,작년 완성차 5사의 국내 판매는 하반기 신차를 낸 르노코리아를 제외하고 일제히 줄었다.,"국내 판매는 135만6706대로 전년 대비 6.4% 줄었고, 해외 판매는 658만4378대로 같은 기간 0.7% 늘었다.","국내 완성차 5사(현대차, 기아, GM 한국사업장, KG모빌리티, 르노코리아)는 작년 794만7170대를 국내외에 판매했다고 3일 밝혔다.",TRUE,"작년 완성차 5사의 국내 판매 실적 변화에 대한 정보로, 이는 국내 자동차 산업 관련 통계로서 KOSIS에서 확인 가능한 내용이다.",high,hcx,HCX-007,isclaim-v1.3-prev2-context,2026-07-30
A0029-C008,A0029,완성차 5사 판매량 3년만에 감소세로...내수 부진에 전기차 캐즘 본격화,2025-01-03,https://www.chosun.com/economy/auto/2025/01/03/N4AM2ZKHUBDXHOEEKGPMWO4Y2U,"현대차는 지난해 판매량이 414만 1791대로, 2023년 대비 1.8% 감소했다.","고금리 속 경기 침체가 심화됐고, 충전 불편과 비싼 가격을 이유로 전기차 수요가 주춤한 영향이다.",작년 완성차 5사의 국내 판매는 하반기 신차를 낸 르노코리아를 제외하고 일제히 줄었다.,TRUE,현대차의 지난해 판매량이 2023년 대비 1.8% 감소했다는 내용은 구체적인 수치와 비교 대상이 포함되어 있어 KOSIS 등의 국가 통계 자료로 검증 가능한 정보입니다.,high,hcx,HCX-007,isclaim-v1.3-prev2-context,2026-07-30
A0029-C009,A0029,완성차 5사 판매량 3년만에 감소세로...내수 부진에 전기차 캐즘 본격화,2025-01-03,https://www.chosun.com/economy/auto/2025/01/03/N4AM2ZKHUBDXHOEEKGPMWO4Y2U,"해외 판매가 0.5% 줄었고, 국내 판매가 7.5% 급감했다.","현대차는 지난해 판매량이 414만 1791대로, 2023년 대비 1.8% 감소했다.","고금리 속 경기 침체가 심화됐고, 충전 불편과 비싼 가격을 이유로 전기차 수요가 주춤한 영향이다.",TRUE,"해외 판매량 및 국내 판매량의 변화를 수치로 제시하여, 이는 국가 집계의 통계로서 KOSIS에서 대조 가능하다.",high,hcx,HCX-007,isclaim-v1.3-prev2-context,2026-07-30
A0029-C010,A0029,완성차 5사 판매량 3년만에 감소세로...내수 부진에 전기차 캐즘 본격화,2025-01-03,https://www.chosun.com/economy/auto/2025/01/03/N4AM2ZKHUBDXHOEEKGPMWO4Y2U,작년 국내에서 현대차의 전기차 판매량은 1년 전보다 27.7%나 줄었다.,"해외 판매가 0.5% 줄었고, 국내 판매가 7.5% 급감했다.","현대차는 지난해 판매량이 414만 1791대로, 2023년 대비 1.8% 감소했다.",TRUE,"현재 문장은 국내에서 현대차의 전기차 판매량이 1년 전에 비해 27.7% 감소했다는 구체적인 통계를 제시하고 있으며, 이는 국가통계포털(KOSIS)에서 관련 데이터를 통해 검증할 수 있는 내용입니다.",high,hcx,HCX-007,isclaim-v1.3-prev2-context,2026-07-30
A0029-C011,A0029,완성차 5사 판매량 3년만에 감소세로...내수 부진에 전기차 캐즘 본격화,2025-01-03,https://www.chosun.com/economy/auto/2025/01/03/N4AM2ZKHUBDXHOEEKGPMWO4Y2U,기아는 작년 국내외에서 308만 9457대를 팔아 최고 판매 실적을 올린 2023년(308만7384대) 기록을 소폭 웃돌았다.,작년 국내에서 현대차의 전기차 판매량은 1년 전보다 27.7%나 줄었다.,"해외 판매가 0.5% 줄었고, 국내 판매가 7.5% 급감했다.",TRUE,기아의 작년 국내외 판매량이 2023년의 기록을 소폭 웃돌았다는 주장은 국내 자동차 판매량에 대한 통계적인 변화를 포함하므로 KOSIS를 통해 검증 가능하다.,high,hcx,HCX-007,isclaim-v1.3-prev2-context,2026-07-30
A0029-C012,A0029,완성차 5사 판매량 3년만에 감소세로...내수 부진에 전기차 캐즘 본격화,2025-01-03,https://www.chosun.com/economy/auto/2025/01/03/N4AM2ZKHUBDXHOEEKGPMWO4Y2U,"해외 판매가 1% 늘었지만, 국내 판매량은 4.2% 줄었다.",기아는 작년 국내외에서 308만 9457대를 팔아 최고 판매 실적을 올린 2023년(308만7384대) 기록을 소폭 웃돌았다.,작년 국내에서 현대차의 전기차 판매량은 1년 전보다 27.7%나 줄었다.,TRUE,"해외 판매가 1% 늘고, 국내 판매량이 4.2% 줄었다는 내용은 국내 자동차 판매량 변화에 대한 구체적인 수치 정보를 포함하고 있으며, 이는 국가통계포털(KOSIS)에서 관련 통계를 통해 검증할 수 있는 내용이다.",high,hcx,HCX-007,isclaim-v1.3-prev2-context,2026-07-30
A0029-C013,A0029,완성차 5사 판매량 3년만에 감소세로...내수 부진에 전기차 캐즘 본격화,2025-01-03,https://www.chosun.com/economy/auto/2025/01/03/N4AM2ZKHUBDXHOEEKGPMWO4Y2U,GM 한국사업장(-35.9%)과 KG모빌리티(-25.7%)도 내수 판매가 급감했다.,"해외 판매가 1% 늘었지만, 국내 판매량은 4.2% 줄었다.",기아는 작년 국내외에서 308만 9457대를 팔아 최고 판매 실적을 올린 2023년(308만7384대) 기록을 소폭 웃돌았다.,TRUE,"GM 한국사업장과 KG모빌리티의 내수 판매량이 각각 35.9%, 25.7% 감소했다는 내용은 국내 자동차 판매량에 대한 구체적인 수치 변화를 포함하고 있으며, 이는 국가통계포털(KOSIS)에서 관련 통계를 통해 검증할 수 있는 내용이다.",high,hcx,HCX-007,isclaim-v1.3-prev2-context,2026-07-30
A0029-C014,A0029,완성차 5사 판매량 3년만에 감소세로...내수 부진에 전기차 캐즘 본격화,2025-01-03,https://www.chosun.com/economy/auto/2025/01/03/N4AM2ZKHUBDXHOEEKGPMWO4Y2U,2023년 역대 최고 실적을 달성했던 수출도 성장세가 꺾였다.,GM 한국사업장(-35.9%)과 KG모빌리티(-25.7%)도 내수 판매가 급감했다.,"해외 판매가 1% 늘었지만, 국내 판매량은 4.2% 줄었다.",TRUE,"문장에서 '2023년 역대 최고 실적을 달성했던 수출도 성장세가 꺾였다.'라는 표현은 수출의 성장세 변화에 대한 주장을 하고 있으며, 이는 국가 단위의 경제 지표로서 KOSIS에서 관련 통계를 통해 검증할 수 있을 것으로 보인다.",high,hcx,HCX-007,isclaim-v1.3-prev2-context,2026-07-30
A0029-C015,A0029,완성차 5사 판매량 3년만에 감소세로...내수 부진에 전기차 캐즘 본격화,2025-01-03,https://www.chosun.com/economy/auto/2025/01/03/N4AM2ZKHUBDXHOEEKGPMWO4Y2U,지난해 GM 한국사업장은 해외에 2023년 대비 10.6% 증가한 47만 4735대를 판매했다.,2023년 역대 최고 실적을 달성했던 수출도 성장세가 꺾였다.,GM 한국사업장(-35.9%)과 KG모빌리티(-25.7%)도 내수 판매가 급감했다.,TRUE,"현재 문장은 GM 한국사업장의 해외 판매량이 2023년 대비 10.6% 증가한 것을 주장하며, 이는 KOSIS를 통해 검증 가능한 국내 기업의 수출 실적 관련 정보이기 때문에 True로 판단됩니다.",high,hcx,HCX-007,isclaim-v1.3-prev2-context,2026-07-30
A0029-C016,A0029,완성차 5사 판매량 3년만에 감소세로...내수 부진에 전기차 캐즘 본격화,2025-01-03,https://www.chosun.com/economy/auto/2025/01/03/N4AM2ZKHUBDXHOEEKGPMWO4Y2U,KG모빌리티도 같은 기간 18.2% 늘어난 6만 2378대를 수출했다.,지난해 GM 한국사업장은 해외에 2023년 대비 10.6% 증가한 47만 4735대를 판매했다.,2023년 역대 최고 실적을 달성했던 수출도 성장세가 꺾였다.,TRUE,"KG모빌리티의 수출량이 18.2% 증가했다는 구체적인 수치와 비교 대상이 제시되어 있어, 이는 국가통계포털(KOSIS)에서 관련 통계를 통해 검증할 수 있는 내용이다.",high,hcx,HCX-007,isclaim-v1.3-prev2-context,2026-07-30
A0029-C017,A0029,완성차 5사 판매량 3년만에 감소세로...내수 부진에 전기차 캐즘 본격화,2025-01-03,https://www.chosun.com/economy/auto/2025/01/03/N4AM2ZKHUBDXHOEEKGPMWO4Y2U,"반면, 수출 1위인 현대차(-0.5%), 그리고 르노코리아(-18.4%) 판매가 줄면서 전체 수출은 보합세를 보였다.",KG모빌리티도 같은 기간 18.2% 늘어난 6만 2378대를 수출했다.,지난해 GM 한국사업장은 해외에 2023년 대비 10.6% 증가한 47만 4735대를 판매했다.,TRUE,"현대차와 르노코리아의 수출이 각각 -0.5%, -18.4% 변동하여 전체 수출이 보합세라는 주장은 KOSIS에서 해당 기업의 수출 데이터를 통해 검증 가능하다.",high,hcx,HCX-007,isclaim-v1.3-prev2-context,2026-07-30
A0030-C003,A0030,은행 선물환 규제 풀어 시장에 달러 공급,2025-01-03,https://www.chosun.com/economy/economy_general/2025/01/03/7FSYM4YTJJEFBNUC6B4JOHW2RE,2일 서울 외환시장에서 달러 대비 원화 환율은 오후 3시 30분 기준 전 거래일보다 5.9원 떨어진 달러당 1466.6원을 기록했다.,"통상 환율은 한 국가의 ‘기초 체력’에 비유되는데, 고환율이 계속되면 가뜩이나 대통령 탄핵 소추로 타격을 입은 한국의 대외 신인도에 악영향을 줄 수 있기 때문이다.",정부는 새해 경제정책 방향에서 원화 환율 안정을 통한 대외 신인도 관리에 방점을 찍었다.,TRUE,"현재 문장에서 언급된 '달러 대비 원화 환율'은 국가 경제와 관련된 중요한 지표로서, KOSIS를 통해 해당 시점에서의 환율 데이터를 확인할 수 있다.",high,hcx,HCX-007,isclaim-v1.3-prev2-context,2026-07-30
A0030-C004,A0030,은행 선물환 규제 풀어 시장에 달러 공급,2025-01-03,https://www.chosun.com/economy/economy_general/2025/01/03/7FSYM4YTJJEFBNUC6B4JOHW2RE,하지만 원화 환율은 지난해 12월 19일 글로벌 금융 위기 이후 15년여 만에 달러당 1450원 선을 넘어서는 등 고공 행진 중이다.,2일 서울 외환시장에서 달러 대비 원화 환율은 오후 3시 30분 기준 전 거래일보다 5.9원 떨어진 달러당 1466.6원을 기록했다.,"통상 환율은 한 국가의 ‘기초 체력’에 비유되는데, 고환율이 계속되면 가뜩이나 대통령 탄핵 소추로 타격을 입은 한국의 대외 신인도에 악영향을 줄 수 있기 때문이다.",TRUE,"현재 문장은 원화의 환율 상승 추세를 언급하며, 이는 국가 경제와 관련된 중요한 지표로서 KOSIS를 통해 검증될 수 있는 내용이다.",high,hcx,HCX-007,isclaim-v1.3-prev2-context,2026-07-30
A0030-C005,A0030,은행 선물환 규제 풀어 시장에 달러 공급,2025-01-03,https://www.chosun.com/economy/economy_general/2025/01/03/7FSYM4YTJJEFBNUC6B4JOHW2RE,"원화 환율은 올해 트럼프발(發) 달러 강세와 탄핵 정국 등 국내 정치 불확실성으로 과거 외환 위기, 금융 위기 때나 봤던 달러당 1500원 선을 넘어설 것이란 우려까지 나오고 있다.",하지만 원화 환율은 지난해 12월 19일 글로벌 금융 위기 이후 15년여 만에 달러당 1450원 선을 넘어서는 등 고공 행진 중이다.,2일 서울 외환시장에서 달러 대비 원화 환율은 오후 3시 30분 기준 전 거래일보다 5.9원 떨어진 달러당 1466.6원을 기록했다.,TRUE,"현재 문장은 원화 환율의 향후 변화에 대한 예측을 포함하며, 이는 KOSIS를 통해 검증 가능한 국내 경제 지표 중 하나이므로 True로 판단된다.",high,hcx,HCX-007,isclaim-v1.3-prev2-context,2026-07-30
A0030-C014,A0030,은행 선물환 규제 풀어 시장에 달러 공급,2025-01-03,https://www.chosun.com/economy/economy_general/2025/01/03/7FSYM4YTJJEFBNUC6B4JOHW2RE,이에 정부는 수출 기업에 역대 최대 규모인 360조원의 무역금융을 공급해 대응한다는 방침이다.,한편 이달 20일 도널드 트럼프 미국 대통령이 취임하면 관세 추가 부과 등으로 통상 관련 불확실성이 커져 원화 환율이 더 오를 수 있다.,"국민연금은 해외투자를 위해 시장에서 달러를 사야 하는데, 이를 외환보유액을 갖고 있는 한국은행과 스와프 형식으로 직거래하면 외환시장에서 달러 수요는 줄게 된다.",TRUE,현재 문장은 정부가 수출 기업에 역대 최대 규모의 무역금융을 공급한다고 언급하며 이는 경제 및 금융 정책과 관련된 수치적인 정보를 포함하고 있습니다.,high,hcx,HCX-007,isclaim-v1.3-prev2-context,2026-07-30
A0031-C001,A0031,"추락하는 성장률, 내수 살려 떠받친다",2025-01-03,https://www.chosun.com/economy/economy_general/2025/01/03/FS5OTJUQ7RC5JIPD2GEHE7U47Q,"미국 트럼프 정부 출범과 내수 부진 장기화, 탄핵 정국 등 겹겹의 불확실성에 노출된 한국 경제가 올해 1.8% 성장할 것으로 정부가 공식 전망했다.",,,TRUE,"문장에서 '한국 경제가 올해 1.8% 성장할 것으로 정부가 공식 전망했다.'라는 내용은 한국의 경제 성장률 예측에 대한 정보로서, 이는 국가 경제 관련 통계이므로 KOSIS를 통해 검증 가능하다.",high,hcx,HCX-007,isclaim-v1.3-prev2-context,2026-07-30
A0031-C002,A0031,"추락하는 성장률, 내수 살려 떠받친다",2025-01-03,https://www.chosun.com/economy/economy_general/2025/01/03/FS5OTJUQ7RC5JIPD2GEHE7U47Q,"약 2%로 추정되는 잠재 성장률(물가를 자극하지 않으면서 달성할 수 있는 성장률)을 밑도는 저(低)성장으로, 작년 7월 발표했던 올해 전망치(2.2%)보다 0.4%포인트 낮다.","미국 트럼프 정부 출범과 내수 부진 장기화, 탄핵 정국 등 겹겹의 불확실성에 노출된 한국 경제가 올해 1.8% 성장할 것으로 정부가 공식 전망했다.",,TRUE,"현재 문장은 한국의 잠재 성장률 및 올해 성장률 전망치에 대한 정보를 포함하며, 이는 국가 경제 관련 통계로서 KOSIS에서 대조 가능한 내용이다.",high,hcx,HCX-007,isclaim-v1.3-prev2-context,2026-07-30
A0031-C008,A0031,"추락하는 성장률, 내수 살려 떠받친다",2025-01-03,https://www.chosun.com/economy/economy_general/2025/01/03/FS5OTJUQ7RC5JIPD2GEHE7U47Q,반도체 등 주력 수출 업종의 경쟁 심화와 이달 20일 출범하는 트럼프 정부의 관세 장벽 강화 등으로 수출 증가율은 작년 8.2%에서 올해 1.5%로 쪼그라들 것으로 봤다.,"정부는 ‘대내외 불확실성 확대’를 올해 경제 여건으로 규정하고, 민생경제회복과 대외신인도 관리, 통상 환경 불확실성 대응, 산업 경쟁력 강화 등 4대 방향을 중심으로 경제정책을 추진하기로 했다.",최상목 대통령 권한대행 부총리 겸 기획재정부 장관은 2일 경제관계장관회의를 열고 이 같은 내용의 ‘2025년 경제정책방향’을 발표했다.,TRUE,"반도체 등 주력 수출 업종의 경쟁 심화와 트럼프 정부의 관세 장벽 강화로 인해 수출 증가율이 작년 8.2%에서 올해 1.5%로 감소할 것이라는 내용을 포함하고 있으며, 이는 국가통계포털(KOSIS)에서 수출 관련 통계를 통해 검증할 수 있는 내용이다.",high,hcx,HCX-007,isclaim-v1.3-prev2-context,2026-07-30
A0031-C010,A0031,"추락하는 성장률, 내수 살려 떠받친다",2025-01-03,https://www.chosun.com/economy/economy_general/2025/01/03/FS5OTJUQ7RC5JIPD2GEHE7U47Q,"기재부 고위 관계자는 “각종 민생 대책에도 경기가 살아나지 않을 경우 여야정 협의체 논의를 거쳐 2분기 내 추경 편성을 검토할 수 있다는 의미”라며 “여야 정치권의 유불리를 따지기보다 경기 회복에 방점을 둘 것”이라고 했다. ◇숙박 쿠폰 100만장 배포… 카드 더 쓰면 20% 추가 공제 정부가 잠재 성장률(약 2%)보다 낮은 새해 성장률 전망치(1.8%)를 공식화하면서 경기가 일시적으로 나쁜 것이 아니라 경제의 기초 체력(펀더멘털) 약화로 저성장이 장기화하는 것 아니냐는 우려가 나온다. 정부는 올해 소비자 물가 상승률도 한국은행의 물가 안정 목표치(2%)보다 낮은 1.8%로 전망해, 6개월 전 전망치(2.1%)보다 0.3%포인트 낮춰 잡았다. 정부 전망대로 1%대 성장률과 물가 상승률이 현실화활 경우 코로나 대유행이 시작된 2020년 이후 5년 만에 처음으로 두 지표가 2%를 밑돌게 된다. ◇ “급한 불부터 끄자” 정부는 이날 발표한 새해 경제정책방향에 각종 내수 진작책을 앞세워 급한 불을 끄는 데 방점을 뒀다. 신차 개소세는 1월 3일 출고분부터 서둘러 앞당기기로 했다. 작년 10월에 차량 구매 계약을 했어도 출고 시점이 1월 3일 이후라면 개소세 혜택을 볼 수 있는 것이다. 정부의 개별소비세 인하는 지난 2018년 7월~2023년 6월 이후 1년 반 만이다. 4000만원짜리 신차를 구입한 경우 원래 개소세는 18%의 기본공제를 제외한 3280만원에 5%를 곱한 164만원이다. 그런데 3.5% 세율을 적용하면 이것이 115만원으로 49만원 줄어든다. 개별소비세액과 연동된 교육세·부가세 등을 포함하면, 줄어드는 세금의 총액은 70만원으로 늘어난다는 것이 기재부 설명이다. 정부는 또 올 한 해 민생·경기 사업의 40%를 1분기 안으로 집행하겠다고 밝히며, 정부 재정이 시장에 서둘러 풀리는 방안을 마련했다고 했다. 가령 노인 일자리 사업은 작년에는 2월부터 급여가 지급되기 시작했는데, 올해는 1월부터 급여가 지급되도록 했다. 전기차·수소차 구매 보조금 지급도 작년 2월 넷째 주부터 시행하던 것에서 올해는 1월 셋째 주로 앞당기기로 했다. 올 상반기에 구매한 전기차에 대해선 정부 보조금도 늘어난다. 기존엔 전기차 업체가 자체 할인해주는 금액의 20%를 정부가 추가 할인해줬는데, 이 추가 할인율을 최대 40%까지로 높인 것이다. ◇민생 입법 재추진 작년에 추진하려다 연말 국회 파행으로 무산된 민생 입법도 다시 추진한다. 먼저 조세특례제한법(조특법)을 고쳐 올 상반기 추가 소비분(전년 대비 5% 이상)에 대해 20%를 소득공제해주는 방안을 추진하기로 했다. 작년에는 추가 소비분의 10%만 공제했는데, 올해는 두 배로 늘리겠다는 것이다. 직전 3년보다 더 많은 금액을 투자한 중소·중견기업에 대해 세금을 더 깎아주는 임시투자세액공제 기한을 작년 말에서 올해 말로 1년 연장하는 조특법 개정도 추진된다. 다만 대기업은 2년 전과 달리 실적이 개선됐다는 이유로 임시투자세액공제를 연장할 계획이 없다고 기재부는 밝혔다. 정부는 이외에도 수도권 이외 지역의 숙박 시설에 묵는 관광객들의 숙박비에서 최대 3만원을 할인해주는 할인 쿠폰을 1년간 100만장 배포할 예정이다. 설 연휴에는 전통시장과 골목형 상점가에서 활용할 수 있는 온누리상품권 할인율도 10%에서 15%(모바일·카드형 기준)로 높인다. 아내는 서울 대기업, 남편은 경남 공장에서 근무하는 방식의 주말부부가 월세 세액공제를 각각 받을 수 있도록 하는 방안을 올해 세법 개정안에 반영하기로 했다.. 정부 발표와 별도로 서울시는 이날 서울 전 지역에서 쓸 수 있는 지역 화폐인 ‘서울사랑상품권’ 750억원어치를 오는 8일 발행한다고 밝혔다. 올해 발행하기로 한 1500억원어치 중 절반을 연초에 집중 발행하는 것이다. 서울시가 이 상품권을 연초에 조기 발행하는 건 이번이 처음이다. ◇”반년도 못 갈 경제정책 방향” 다","최 권한대행은 “경제 여건 전반을 1분기 중 재점검하고, 필요시 추가 경기 보강 방안을 강구하겠다”며 추가경정예산 편성 가능성을 시사했다.",반도체 등 주력 수출 업종의 경쟁 심화와 이달 20일 출범하는 트럼프 정부의 관세 장벽 강화 등으로 수출 증가율은 작년 8.2%에서 올해 1.5%로 쪼그라들 것으로 봤다.,TRUE,"현재 문장은 한국의 경제 성장률 및 물가 상승률 예측에 대한 내용을 담고 있으며, 이는 국가통계포털(KOSIS)에서 제공하는 통계 자료와 비교하여 검증할 수 있습니다.",high,hcx,HCX-007,isclaim-v1.3-prev2-context,2026-07-30
A0032-C004,A0032,수의직 7급→6급 높여도… “공무원 안 하죠”,2025-01-03,https://www.chosun.com/economy/economy_general/2025/01/03/TAEI2K7JCBBI5FCC7FT5WEJMRE,전남도가 6급으로 뽑는다는 건 승진 기한을 10년 줄여준 셈이다.,수의직 7급으로 들어와 6급이 되기까지 통상 10년씩 걸린다.,기존엔 7급으로 선발하던 자리다.,TRUE,"문장에서 전남도의 채용 정책 변경으로 인해 승진 소요 기간이 단축되었다는 내용을 포함하고 있으며, 이는 KOSIS를 통해 고용 관련 통계를 확인하여 검증할 수 있을 것이다.",high,hcx,HCX-007,isclaim-v1.3-prev2-context,2026-07-30
A0032-C007,A0032,수의직 7급→6급 높여도… “공무원 안 하죠”,2025-01-03,https://www.chosun.com/economy/economy_general/2025/01/03/TAEI2K7JCBBI5FCC7FT5WEJMRE,"2일 농림축산식품부 등에 따르면, 가축방역관으로 일할 수의직 공무원(수의사) 지원자와 선발 인원이 계속 줄어들고 있다.",전남도 관계자는 “애초에 지원자가 합격한 한 명뿐이었다”고 했다.,그런데 최종 합격자 1명뿐이었다.,TRUE,"현재 문장은 수의직 공무원(수의사) 지원자와 선발 인원이 계속 줄어들고 있다는 내용을 담고 있으며, 이는 KOSIS를 통해 고용 관련 통계를 확인하여 검증할 수 있는 내용이다.",high,hcx,HCX-007,isclaim-v1.3-prev2-context,2026-07-30
A0032-C011,A0032,수의직 7급→6급 높여도… “공무원 안 하죠”,2025-01-03,https://www.chosun.com/economy/economy_general/2025/01/03/TAEI2K7JCBBI5FCC7FT5WEJMRE,"지난해 9월 전국 가축방역관 정원은 1061명으로, 두 달 전 정원(1214명)보다 100명 넘게 줄어들었다.",가축방역관으로 일할 수의사 지원자를 찾기 어렵자 수의직이 아닌 축산직이나 농업직이 업무를 대체하기도 한다.,지난해 9월엔 전국 지자체 중 최초로 수의직을 6급으로 선발한 강원도도 총 18명을 뽑겠다고 했다가 15명만 충원하기도 했다.,TRUE,"현재 문장은 지난해 9월에 전국 가축방역관의 정원이 두 달 전에 비해 얼마나 줄었는지를 말하고 있으며, 이는 KOSIS에서 관련 통계를 통해 검증할 수 있는 내용입니다.",high,hcx,HCX-007,isclaim-v1.3-prev2-context,2026-07-30
A0034-C015,A0034,미니소·Chagee·BYD… 중국 브랜드가 몰려온다,2025-01-03,https://www.chosun.com/economy/industry-company/2025/01/03/2LUZ5YGYRFBA5OVQH3TKOZWVC4,자동차 업계에서는 BYD가 3000만~4000만원대 중저가 전기차를 출시해 한국 시장을 공략할 것으로 보고 있다.,하지만 승용차를 국내에 출시하는 건 이번이 처음이다.,"BYD 역시 2016년부터 한국 시장에서 전기 버스, 전기 트럭 등 상용차를 판매해왔다.",TRUE,BYD가 3000만~4000만원대 중저가 전기차를 출시하여 한국 시장을 공략한다는 내용은 특정 기업의 매출 및 시장 전략에 대한 예측이므로 KOSIS 통계로 검증하기 어렵습니다.,low,hcx,HCX-007,isclaim-v1.3-prev2-context,2026-07-30
A0034-C025,A0034,미니소·Chagee·BYD… 중국 브랜드가 몰려온다,2025-01-03,https://www.chosun.com/economy/industry-company/2025/01/03/2LUZ5YGYRFBA5OVQH3TKOZWVC4,BYD는 작년에 2023년 대비 41.3% 증가한 427만대의 차량을 판매했다.,"2020년 뉴욕 증시에 상장한 미니소는 디즈니, 산리오, 포켓몬 등 100개가 넘는 글로벌 콘텐츠와 IP 계약을 체결하고 협업 상품을 내놓고 있다.",현재 미니소는 112국에서 매장 7100여 개를 운영하고 있다.,TRUE,BYD의 판매량이 2023년 대비 41.3% 증가했다는 것은 구체적인 수치와 비교 대상이 명확하여 국가통계포털(KOSIS)에서 관련 통계를 찾아 검증할 수 있을 것으로 보입니다.,high,hcx,HCX-007,isclaim-v1.3-prev2-context,2026-07-30
A0034-C026,A0034,미니소·Chagee·BYD… 중국 브랜드가 몰려온다,2025-01-03,https://www.chosun.com/economy/industry-company/2025/01/03/2LUZ5YGYRFBA5OVQH3TKOZWVC4,순수 전기차는 176만대에 달한다.,BYD는 작년에 2023년 대비 41.3% 증가한 427만대의 차량을 판매했다.,"2020년 뉴욕 증시에 상장한 미니소는 디즈니, 산리오, 포켓몬 등 100개가 넘는 글로벌 콘텐츠와 IP 계약을 체결하고 협업 상품을 내놓고 있다.",TRUE,"현재 문장은 순수 전기차 판매량이 176만대에 달한다고 주장하며, 이는 KOSIS에서 관련 통계를 통해 검증할 수 있는 내용입니다.",high,hcx,HCX-007,isclaim-v1.3-prev2-context,2026-07-30
A0034-C028,A0034,미니소·Chagee·BYD… 중국 브랜드가 몰려온다,2025-01-03,https://www.chosun.com/economy/industry-company/2025/01/03/2LUZ5YGYRFBA5OVQH3TKOZWVC4,"샤오미의 글로벌 스마트폰 점유율은 작년 3분기 기준 삼성, 애플에 이어 3위까지 올라왔다.",세계 전기차 판매 1위 테슬라를 바짝 추격하는 수준까지 성장했다.,순수 전기차는 176만대에 달한다.,TRUE,"샤오미의 글로벌 스마트폰 점유율에 대한 정보는 특정 시점에서의 시장 점유율을 나타내며, 이는 KOSIS와 같은 국가 통계 포털에서 확인 가능한 정보일 수 있다.",mid,hcx,HCX-007,isclaim-v1.3-prev2-context,2026-07-30
A0034-C034,A0034,미니소·Chagee·BYD… 중국 브랜드가 몰려온다,2025-01-03,https://www.chosun.com/economy/industry-company/2025/01/03/2LUZ5YGYRFBA5OVQH3TKOZWVC4,이은희 인하대 소비자학과 명예교수는 “중국 경제의 성장 둔화로 한국에 진출하는 중국 브랜드는 더욱 많아질 것”이라고 말했다.,대내외적인 이유로 중국 기업들의 국내 진출이 가속화될 것이라는 전망도 나온다.,글로벌마켓리서치 회사인 포레스터는 “중국 브랜드들은 과거와 달리 중국 정체성을 숨기지 않고 오히려 강점으로 내세우고 있다”고 밝혔다.,TRUE,현재 문장은 중국 경제의 성장 둔화와 관련하여 한국에 진출하는 중국 브랜드 수가 증가할 것이라는 예측을 하고 있습니다.,mid,hcx,HCX-007,isclaim-v1.3-prev2-context,2026-07-30
A0034-C035,A0034,미니소·Chagee·BYD… 중국 브랜드가 몰려온다,2025-01-03,https://www.chosun.com/economy/industry-company/2025/01/03/2LUZ5YGYRFBA5OVQH3TKOZWVC4,중국에 대한 강력한 제재를 예고한 트럼프 2기 행정부 출범도 중국 브랜드의 해외 진출을 부채질하고 있다.,이은희 인하대 소비자학과 명예교수는 “중국 경제의 성장 둔화로 한국에 진출하는 중국 브랜드는 더욱 많아질 것”이라고 말했다.,대내외적인 이유로 중국 기업들의 국내 진출이 가속화될 것이라는 전망도 나온다.,TRUE,"현재 문장은 미국 정부의 제재로 인해 중국 브랜드의 해외 진출이 촉진된다는 내용을 담고 있으며, 이는 KOSIS를 통해 해외 진출 기업의 변화를 추적하여 검증할 수 있는 내용이다.",high,hcx,HCX-007,isclaim-v1.3-prev2-context,2026-07-30
A0039-C008,A0039,"제주항공 ""6일부터 국내˙국제선 총 1116편 감편""",2025-01-03,https://www.chosun.com/economy/industry-company/2025/01/03/TIR5LLAP7BH7HGYHI36YSHMYBQ,제주항공은 추가적인 노선 감편을 포함해 총 1900편의 운항량을 감축하겠다는 계획이다.,제주항공은 “비운항이 결정된 항공편은 당사 인접편으로 변경 혹은 환불 조치를 하겠다”면서 “추가 비운항 노선도 확정되는대로 안내하겠다”고 밝혔다.,"국제선은 무안에서 나가사키, 방콕, 코타키나발루, 타이베이, 장자제를 각각 오가는 5개 노선, 278편이 대상이다.",TRUE,제주항공의 운항량 감축 계획은 특정 기업의 매출 및 실적 관련 정보이므로 KOSIS 통계로 검증하기 어렵다.,low,hcx,HCX-007,isclaim-v1.3-prev2-context,2026-07-30
A0041-C002,A0041,치솟는 환율에 식품 물가도 급등,2025-01-04,https://www.chosun.com/economy/economy_general/2025/01/04/7SPGFC4RFZEDLDPFTQHVDM2K2E,지난해 12월부터 달러 대비 원화 환율이 1400원 선을 넘는 고환율이 장기화하면서 해외에서 수입해 오는 식품 원재료 가격이 치솟은 탓이다.,환율 상승으로 주요 먹거리와 생활필수품 가격이 줄줄이 오르면서 장바구니 물가에 빨간 경보등이 켜졌다.,,TRUE,"해외에서 수입해 오는 식품 원재료 가격이 치솟았다는 내용은 환율 상승과 관련이 있으며, 이는 국가 경제 및 물가와 관련된 통계적인 변화를 포함하므로 KOSIS에서 검증할 수 있다.",high,hcx,HCX-007,isclaim-v1.3-prev2-context,2026-07-30
A0041-C003,A0041,치솟는 환율에 식품 물가도 급등,2025-01-04,https://www.chosun.com/economy/economy_general/2025/01/04/7SPGFC4RFZEDLDPFTQHVDM2K2E,지난해 말 상승한 국제 곡물 가격도 3~4개월 시차를 두고 국내 식품 물가에 반영될 가능성이 높다.,지난해 12월부터 달러 대비 원화 환율이 1400원 선을 넘는 고환율이 장기화하면서 해외에서 수입해 오는 식품 원재료 가격이 치솟은 탓이다.,환율 상승으로 주요 먹거리와 생활필수품 가격이 줄줄이 오르면서 장바구니 물가에 빨간 경보등이 켜졌다.,TRUE,국제 곡물 가격 상승이 국내 식품 물가에 영향을 미칠 것이라는 예측은 국내 경제 및 물가와 관련된 통계적인 변화를 언급하므로 KOSIS를 통해 검증 가능하다.,high,hcx,HCX-007,isclaim-v1.3-prev2-context,2026-07-30
A0041-C004,A0041,치솟는 환율에 식품 물가도 급등,2025-01-04,https://www.chosun.com/economy/economy_general/2025/01/04/7SPGFC4RFZEDLDPFTQHVDM2K2E,"3일 한국소비자원이 전국 대형마트와 편의점 500여 곳을 조사해 발표하는 ‘생필품 가격 보고서’에 따르면, 지난달 20일 기준 초콜릿·카레·커피 등 주요 가공식품 175개 품목 가운데 121개(69%) 품목의 평균 가격이 1년 전보다 오른 것으로 나타났다.",지난해 말 상승한 국제 곡물 가격도 3~4개월 시차를 두고 국내 식품 물가에 반영될 가능성이 높다.,지난해 12월부터 달러 대비 원화 환율이 1400원 선을 넘는 고환율이 장기화하면서 해외에서 수입해 오는 식품 원재료 가격이 치솟은 탓이다.,TRUE,"현재 문장은 주요 가공식품 175개 품목 중 121개의 평균 가격이 1년 전에 비해 올랐다는 구체적인 통계를 제시하고 있으며, 이는 국가통계포털(KOSIS)에서 관련 데이터를 통해 검증할 수 있는 내용이다.",high,hcx,HCX-007,isclaim-v1.3-prev2-context,2026-07-30
A0041-C005,A0041,치솟는 환율에 식품 물가도 급등,2025-01-04,https://www.chosun.com/economy/economy_general/2025/01/04/7SPGFC4RFZEDLDPFTQHVDM2K2E,"175개 품목의 평균 물가 상승폭은 3.9%로, 지난해 연간 소비자물가지수 상승폭(2.3%)을 뛰어넘었다.","3일 한국소비자원이 전국 대형마트와 편의점 500여 곳을 조사해 발표하는 ‘생필품 가격 보고서’에 따르면, 지난달 20일 기준 초콜릿·카레·커피 등 주요 가공식품 175개 품목 가운데 121개(69%) 품목의 평균 가격이 1년 전보다 오른 것으로 나타났다.",지난해 말 상승한 국제 곡물 가격도 3~4개월 시차를 두고 국내 식품 물가에 반영될 가능성이 높다.,TRUE,"현재 문장은 175개 품목의 평균 물가 상승폭이 지난해 연간 소비자물가지수 상승폭을 초과했다는 구체적인 수치 정보를 포함하고 있으며, 이는 국가통계포털(KOSIS)에서 관련 통계를 통해 검증할 수 있는 내용입니다.",high,hcx,HCX-007,isclaim-v1.3-prev2-context,2026-07-30
A0041-C006,A0041,치솟는 환율에 식품 물가도 급등,2025-01-04,https://www.chosun.com/economy/economy_general/2025/01/04/7SPGFC4RFZEDLDPFTQHVDM2K2E,"주요 가공식품 가운데 초콜릿(핫브레이크 미니·33.6%), 커피(맥심 티오피 마스터 라떼·32.3%), 카레(청정원 카레여왕 비프카레·25.5%) 등 원재료를 해외 수입에 의존하는 품목들의 가격이 크게 올랐다.","175개 품목의 평균 물가 상승폭은 3.9%로, 지난해 연간 소비자물가지수 상승폭(2.3%)을 뛰어넘었다.","3일 한국소비자원이 전국 대형마트와 편의점 500여 곳을 조사해 발표하는 ‘생필품 가격 보고서’에 따르면, 지난달 20일 기준 초콜릿·카레·커피 등 주요 가공식품 175개 품목 가운데 121개(69%) 품목의 평균 가격이 1년 전보다 오른 것으로 나타났다.",TRUE,"현재 문장은 주요 가공식품 중 일부 품목의 가격 상승률을 구체적으로 언급하며, 이는 국가통계포털(KOSIS)에서 해당 품목의 물가 변동을 비교하여 검증할 수 있는 내용이기 때문에 True로 판단된다.",high,hcx,HCX-007,isclaim-v1.3-prev2-context,2026-07-30
A0041-C007,A0041,치솟는 환율에 식품 물가도 급등,2025-01-04,https://www.chosun.com/economy/economy_general/2025/01/04/7SPGFC4RFZEDLDPFTQHVDM2K2E,◇정국 어수선한 틈 타 생필품·명품도 인상 “이달 물가 2% 오를 듯” 물가 상승률이 둔화됐는데도 가공식품 물가가 오른 것은 환율이 상승(원화 가치 약세)했기 때문이다.,"주요 가공식품 가운데 초콜릿(핫브레이크 미니·33.6%), 커피(맥심 티오피 마스터 라떼·32.3%), 카레(청정원 카레여왕 비프카레·25.5%) 등 원재료를 해외 수입에 의존하는 품목들의 가격이 크게 올랐다.","175개 품목의 평균 물가 상승폭은 3.9%로, 지난해 연간 소비자물가지수 상승폭(2.3%)을 뛰어넘었다.",TRUE,"문장에서 이달 물가가 2% 오를 것이라는 예측과 가공식품 물가가 올랐다는 내용이 있으며, 이는 KOSIS에서 물가 관련 통계를 통해 검증할 수 있는 내용이다.",high,hcx,HCX-007,isclaim-v1.3-prev2-context,2026-07-30
A0041-C008,A0041,치솟는 환율에 식품 물가도 급등,2025-01-04,https://www.chosun.com/economy/economy_general/2025/01/04/7SPGFC4RFZEDLDPFTQHVDM2K2E,"환율이 오르면 코코아와 설탕, 밀 등 원재료를 외국에서 수입해 올 때 더 많은 원화를 써야 하기 때문에 가공식품이나 외식 가격이 오르게 된다.",◇정국 어수선한 틈 타 생필품·명품도 인상 “이달 물가 2% 오를 듯” 물가 상승률이 둔화됐는데도 가공식품 물가가 오른 것은 환율이 상승(원화 가치 약세)했기 때문이다.,"주요 가공식품 가운데 초콜릿(핫브레이크 미니·33.6%), 커피(맥심 티오피 마스터 라떼·32.3%), 카레(청정원 카레여왕 비프카레·25.5%) 등 원재료를 해외 수입에 의존하는 품목들의 가격이 크게 올랐다.",TRUE,"문장에서 환율 상승이 가공식품 및 외식 가격에 미치는 영향을 설명하며, 이는 국가 경제와 관련된 통계적인 변화를 포함하기 때문에 KOSIS에서 관련 통계를 통해 검증할 수 있다.",high,hcx,HCX-007,isclaim-v1.3-prev2-context,2026-07-30
A0041-C014,A0041,치솟는 환율에 식품 물가도 급등,2025-01-04,https://www.chosun.com/economy/economy_general/2025/01/04/7SPGFC4RFZEDLDPFTQHVDM2K2E,"크리넥스 각티슈(150매)는 5650원에서 5950원으로, 참그린 세제는 3900원에서 4500원으로 600원(15.3%)이나 올랐다.","편의점 업계에 따르면 동아오츠카의 포카리스웨트와 데미소다 캔은 1600원에서 1700원으로 100원씩, 오리온의 다이제 초코는 2500원에서 2800원으로 12% 올랐다.","유통 업계 관계자는 “지난해 내내 원부자재 가격, 인건비 등으로 원가 압박이 쌓이고 있었다”며 “그동안 눈치 보느라 가격을 올리지 못했던 기업들도 우르르 가격 인상 대열에 합류하고 있다”고 말했다.",TRUE,"현재 문장은 특정 제품의 가격 상승에 대한 구체적인 정보를 제공하고 있으며, 이는 KOSIS를 통해 해당 제품의 가격 변동을 비교 및 검증할 수 있는 내용이기 때문에 True로 판단됩니다.",high,hcx,HCX-007,isclaim-v1.3-prev2-context,2026-07-30
A0041-C021,A0041,치솟는 환율에 식품 물가도 급등,2025-01-04,https://www.chosun.com/economy/economy_general/2025/01/04/7SPGFC4RFZEDLDPFTQHVDM2K2E,정부는 지난달까지 4개월간 1%대를 유지한 물가 상승률이 이달에는 2%대로 올라설 것으로 보고 있다.,"이 밖에 태그호이어, 브라이틀링, 고야드, 티파니 등 여타 명품 브랜드들도 연초 가격 인상을 했거나 할 계획인 것으로 알려졌다.",가방 제품인 ‘쁘띠 코스 백’은 기존 706만원에서 770만원으로 64만원(9%) 올랐다.,TRUE,"정부가 예측한 물가 상승률 변화에 대한 내용으로, 이는 국가 경제 지표 중 하나로 KOSIS에서 관련 통계를 확인할 수 있습니다.",high,hcx,HCX-007,isclaim-v1.3-prev2-context,2026-07-30
A0041-C022,A0041,치솟는 환율에 식품 물가도 급등,2025-01-04,https://www.chosun.com/economy/economy_general/2025/01/04/7SPGFC4RFZEDLDPFTQHVDM2K2E,김웅 한국은행 부총재보는 지난달 31일 “1월 소비자물가 상승률은 최근 고환율 등으로 좀 더 높아질 가능성이 있다”고 말했다.,정부는 지난달까지 4개월간 1%대를 유지한 물가 상승률이 이달에는 2%대로 올라설 것으로 보고 있다.,"이 밖에 태그호이어, 브라이틀링, 고야드, 티파니 등 여타 명품 브랜드들도 연초 가격 인상을 했거나 할 계획인 것으로 알려졌다.",TRUE,문장에서 언급된 '1월 소비자물가 상승률'은 국가통계포털(KOSIS)에서 제공하는 소비자물가지수와 관련된 통계 자료로 검증할 수 있는 내용이기 때문에 True로 판단된다.,high,hcx,HCX-007,isclaim-v1.3-prev2-context,2026-07-30
A0045-C003,A0045,[주간코인시황] 트럼프 행정부 출범 앞두고 새해 기대감 여전,2025-01-04,https://www.chosun.com/economy/money/2025/01/04/2IZU7CNPP5ALSDTHVFZGFO3IHI,미국의 신규 실업수당 청구 건수가 예상치 대비 낮은 21만1000건을 기록해 여전히 강한 고용으로 금리 인하 폭에 영향을 줄 수 있었지만 가상자산 시장은 이에 대해 크게 반응하지 않았다.,"비트코인은 전주 대비 1.31% 상승한 9만7000달러, 이더리움은 3.63% 상승한 3400달러 선에서 거래 중이다.","연말 약세 뒤 소폭 상승 AI 에이전트 분야 강세 ""투심 변화 방향 주시해야"" 백윤미 기자(조선비즈) 입력 2025.01.04. 06:00 업데이트 2025.01.04. 06:05 0 올해 첫째 주 가상자산 시장은 연말 약세를 뒤로하고 소폭 상승했다.",TRUE,"문장에서 언급된 '미국의 신규 실업수당 청구 건수'는 국가 통계의 일환으로 볼 수 있으며, 이는 KOSIS에서 관련 데이터를 찾아 대조할 수 있을 것으로 판단된다.",high,hcx,HCX-007,isclaim-v1.3-prev2-context,2026-07-30
A0045-C020,A0045,[주간코인시황] 트럼프 행정부 출범 앞두고 새해 기대감 여전,2025-01-04,https://www.chosun.com/economy/money/2025/01/04/2IZU7CNPP5ALSDTHVFZGFO3IHI,일각에서는 이를 계기로 디파이 프로젝트들의 탈 미국화가 가속화될 것이라는 전망도 제기된다.,이번 규정은 글로벌 디파이 생태계에도 상당한 파장을 미칠 전망이다.,더불어 이번 규정이 디파이 플랫폼의 운영 비용을 급격히 증가시켜 미국 내 블록체인 혁신을 저해할 것이라는 우려도 제기되고 있다.,TRUE,"디파이 프로젝트들의 탈 미국화가 가속화될 것이라는 전망을 제시하고 있으며, 이는 특정 현상에 대한 예측이므로 검증 가능하다.",mid,hcx,HCX-007,isclaim-v1.3-prev2-context,2026-07-30
A0046-C002,A0046,[美친 증시]③ “작년 많이 오른 종목은 급등락 주의... 기술주는 대형보다 중·소형주”,2025-01-04,https://www.chosun.com/economy/money/2025/01/04/6FL3VK5OUYSQJ5NKPXMCKUPCHQ,나스닥종합지수와 S&P500지수의 연간 상승률은 30% 안팎을 기록했다.,"2026년 4월 20일(월) 신문구독 | English | 日本語 | 中文 0 조선경제 오피니언 정치 사회 국제 건강 스포츠 문화·연예 콘텐츠판 땅집고 BEMIL 군사세계 헬스조선 IT조선 조선에듀 어린이조선일보 산&트래블 이코노미조선 신문은 선생님 THE BOUTIQUE 행복플러스 주간조선 여성조선 월간조선 민학수 올댓골프 Topclass Life&Learning English 日本語 中文 검색 2026년 4월 20일(월) 신문구독 | English | 日本語 | 中文 0 신문구독 | English | 日本語 | 中文 조선경제 오피니언 정치 사회 국제 건강 스포츠 문화·연예 콘텐츠판 땅집고 BEMIL 군사세계 헬스조선 IT조선 조선에듀 어린이조선일보 산&트래블 이코노미조선 신문은 선생님 THE BOUTIQUE 행복플러스 주간조선 여성조선 월간조선 민학수 올댓골프 Topclass Life&Learning 콘텐츠판 땅집고 BEMIL 군사세계 헬스조선 IT조선 조선에듀 어린이조선일보 산&트래블 이코노미조선 신문은 선생님 THE BOUTIQUE 행복플러스 주간조선 여성조선 월간조선 민학수 올댓골프 Topclass Life&Learning 땅집고 BEMIL 군사세계 헬스조선 IT조선 조선에듀 어린이조선일보 산&트래블 이코노미조선 신문은 선생님 THE BOUTIQUE 행복플러스 주간조선 여성조선 월간조선 민학수 올댓골프 Topclass Life&Learning 조선경제 머니 [美친 증시]③ ""작년 많이 오른 종목은 급등락 주의... 기술주는 대형보다 중·소형주"" ""미국 증시 강세장 이어질 것"" 다수 의견 기술기업, 대형주보다 중·소형주 낙수효과 기대 작년 많이 오른 종목은 급등락 주의 정민하 기자(조선비즈) 강정아 기자(조선비즈) 입력 2025.01.04. 06:00 업데이트 2025.01.04. 07:14 0 2024년은 서학개미, 특히 미국 증시 투자자에게 완벽한 한 해였다.",,TRUE,"나스닥종합지수와 S&P500지수의 연간 상승률이 30% 안팎이라는 것은 특정한 수치와 비율을 주장하는 것으로, 이는 국가 통계 포털(KOSIS)에서 해당 지수들의 연간 변동률을 확인하여 검증할 수 있는 내용입니다.",high,hcx,HCX-007,isclaim-v1.3-prev2-context,2026-07-30
A0046-C003,A0046,[美친 증시]③ “작년 많이 오른 종목은 급등락 주의... 기술주는 대형보다 중·소형주”,2025-01-04,https://www.chosun.com/economy/money/2025/01/04/6FL3VK5OUYSQJ5NKPXMCKUPCHQ,"반면에 코스피지수와 코스닥지수는 연초보다 각각 9.9%, 21.7% 하락한 채 장을 마쳤다.",나스닥종합지수와 S&P500지수의 연간 상승률은 30% 안팎을 기록했다.,"2026년 4월 20일(월) 신문구독 | English | 日本語 | 中文 0 조선경제 오피니언 정치 사회 국제 건강 스포츠 문화·연예 콘텐츠판 땅집고 BEMIL 군사세계 헬스조선 IT조선 조선에듀 어린이조선일보 산&트래블 이코노미조선 신문은 선생님 THE BOUTIQUE 행복플러스 주간조선 여성조선 월간조선 민학수 올댓골프 Topclass Life&Learning English 日本語 中文 검색 2026년 4월 20일(월) 신문구독 | English | 日本語 | 中文 0 신문구독 | English | 日本語 | 中文 조선경제 오피니언 정치 사회 국제 건강 스포츠 문화·연예 콘텐츠판 땅집고 BEMIL 군사세계 헬스조선 IT조선 조선에듀 어린이조선일보 산&트래블 이코노미조선 신문은 선생님 THE BOUTIQUE 행복플러스 주간조선 여성조선 월간조선 민학수 올댓골프 Topclass Life&Learning 콘텐츠판 땅집고 BEMIL 군사세계 헬스조선 IT조선 조선에듀 어린이조선일보 산&트래블 이코노미조선 신문은 선생님 THE BOUTIQUE 행복플러스 주간조선 여성조선 월간조선 민학수 올댓골프 Topclass Life&Learning 땅집고 BEMIL 군사세계 헬스조선 IT조선 조선에듀 어린이조선일보 산&트래블 이코노미조선 신문은 선생님 THE BOUTIQUE 행복플러스 주간조선 여성조선 월간조선 민학수 올댓골프 Topclass Life&Learning 조선경제 머니 [美친 증시]③ ""작년 많이 오른 종목은 급등락 주의... 기술주는 대형보다 중·소형주"" ""미국 증시 강세장 이어질 것"" 다수 의견 기술기업, 대형주보다 중·소형주 낙수효과 기대 작년 많이 오른 종목은 급등락 주의 정민하 기자(조선비즈) 강정아 기자(조선비즈) 입력 2025.01.04. 06:00 업데이트 2025.01.04. 07:14 0 2024년은 서학개미, 특히 미국 증시 투자자에게 완벽한 한 해였다.",TRUE,"현재 문장은 코스피지수와 코스닥지수가 연초 대비 얼마나 하락했는지를 수치적으로 언급하고 있으며, 이는 국내 주식 시장의 변화를 나타내는 통계적 정보로서 KOSIS 등에서 관련 데이터를 통해 검증할 수 있다.",high,hcx,HCX-007,isclaim-v1.3-prev2-context,2026-07-30
A0046-C030,A0046,[美친 증시]③ “작년 많이 오른 종목은 급등락 주의... 기술주는 대형보다 중·소형주”,2025-01-04,https://www.chosun.com/economy/money/2025/01/04/6FL3VK5OUYSQJ5NKPXMCKUPCHQ,"증권사들이 제시한 S&P 500의 최고 수준은 6500~7100포인트로 각각 달랐지만, 역대 최고치를 다시 경신할 것이라는 데는 이견이 없었다.",◇ AI 소프트웨어株 주목… 미국 외엔 ‘부양책’ 중국 증시 기대 주요 증권사 리서치센터는 올해 S&P 500이 5500포인트를 지지하면서 최고 7100포인트까지 오를 수 있다고 전망했다.,연준의 물가 통제력에 대한 의구심이 제기되는 경우도 증시에 부정적인 영향을 끼칠 수 있다.,TRUE,"S&P 500의 최고 수준이 6500~7100포인트라는 구체적인 수치와 역대 최고치를 경신할 것이라는 예측이 포함되어 있어, 이는 주식 시장의 지표로서 KOSIS에서 대조 가능한 정보로 판단된다.",high,hcx,HCX-007,isclaim-v1.3-prev2-context,2026-07-30
A0047-C004,A0047,“욕심부리다가 또 탈락할라”… 눈높이 낮추는 ‘상장 재수생’들,2025-01-04,https://www.chosun.com/economy/money/2025/01/04/BN43SMGOJ6JMA4RWSSI66VWIGY,"지난해 하반기 한국 증시 부진에 계엄·탄핵 정국 여파, 공모가 거품 논란이 겹치며 IPO 시장에는 찬바람이 불었다.",이들 기업은 새해 몸값을 낮추고 상장 규모를 줄이는 방식으로 안정적인 상장을 위해 고심하는 모습이다.,이번 달 IPO에 도전하는 기업 중에는 상장을 추진했다가 이를 철회한 뒤 다시 도전하는 이른바 상장 재수생이 많다.,TRUE,지난해 하반기 한국 증시 부진과 관련된 내용은 KOSIS에서 관련 통계를 통해 검증할 수 있다.,high,hcx,HCX-007,isclaim-v1.3-prev2-context,2026-07-30
A0047-C024,A0047,“욕심부리다가 또 탈락할라”… 눈높이 낮추는 ‘상장 재수생’들,2025-01-04,https://www.chosun.com/economy/money/2025/01/04/BN43SMGOJ6JMA4RWSSI66VWIGY,지난해 유가증권시장 상장 기업의 할인율은 15%대였다.,LG CNS는 주당 평가가액 8만9378원에 30%가 넘는 할인율을 적용했다.,할인율도 높은 수준을 적용했다.,TRUE,"유가증권시장 상장 기업의 할인율 변화에 대한 정보로, 이는 국내 금융 관련 통계로서 KOSIS에서 확인 가능한 내용일 가능성이 높습니다.",high,hcx,HCX-007,isclaim-v1.3-prev2-context,2026-07-30
A0049-C009,A0049,"태국 고속도로·바라카 원전… K건설, 59년만에 수주 1조달러",2025-01-04,https://www.chosun.com/economy/real_estate/2025/01/04/EP7S222PC5CNVDUHY6OXY2BAYU,국토교통부는 우리 기업의 해외 건설 누적 수주액이 1조달러(약 1470조원)를 돌파했다고 3일 밝혔다.,당시 환율로 14억8000만원짜리 이 고속도로 공사는 훗날 전 세계에서 숱한 랜드마크를 지은 K건설의 초석이 됐다.,"고속도로가 없는 한국의 기업, 이전에 한 번도 고속도로를 지어본 적 없는 건설사가 수주한 것이다.",TRUE,국토교통부가 발표한 해외 건설 누적 수주액은 국가 단위의 집계 통계로서 KOSIS에서 관련 데이터를 찾아 대조할 수 있다.,high,hcx,HCX-007,isclaim-v1.3-prev2-context,2026-07-30
A0049-C015,A0049,"태국 고속도로·바라카 원전… K건설, 59년만에 수주 1조달러",2025-01-04,https://www.chosun.com/economy/real_estate/2025/01/04/EP7S222PC5CNVDUHY6OXY2BAYU,1980년대 해외로 파견된 우리나라 근로자 중 80%는 중동 건설 현장으로 갔다.,주베일 수주액은 당시 우리 정부 예산의 4분의 1에 달할 정도였다.,"삼환기업이 1973년 사우디아라비아 고속도로 공사로 처음 중동에 진출했고, 현대건설은 1976년 사우디 주베일 항만 공사를 9억6000만달러에 수주했다.",TRUE,"현재 문장은 1980년대 해외로 파견된 우리나라 근로자의 비율을 언급하며, 이는 국가 단위의 고용 및 해외 파견 관련 통계를 통해 검증될 수 있는 내용이다.",high,hcx,HCX-007,isclaim-v1.3-prev2-context,2026-07-30
A0049-C021,A0049,"태국 고속도로·바라카 원전… K건설, 59년만에 수주 1조달러",2025-01-04,https://www.chosun.com/economy/real_estate/2025/01/04/EP7S222PC5CNVDUHY6OXY2BAYU,2009년 수주한 UAE 바라카 원전은 단일 공사로 역대 최대 수주액(191억 달러)을 기록했다.,세계로 뻗어나가는 K원전의 경쟁력에 건설의 역할도 빼놓을 수 없다.,"싱가포르를 상징하는 ‘마리나베이 샌즈’ 호텔, 말레이시아의 ‘페트로나스 트윈타워’ 등도 모두 우리 기술로 지었다.",TRUE,"현재 문장은 UAE 바라카 원전에 대한 수주액을 언급하며, 이는 특정한 사건에서의 금액이므로 KOSIS 통계로 검증하기 어렵다.",low,hcx,HCX-007,isclaim-v1.3-prev2-context,2026-07-30
A0050-C002,A0050,"""직장 하나론 소득 빠듯"" 너도나도 N잡러 시대, 직장인 부업 성공하려면",2025-01-04,https://www.chosun.com/economy/realty/investment_trends/2025/01/04/DKW3MEMILT2EXU3BFRNPMHNPWE,통계청 자료에 따르면 국내 부업자 수는 2023년 1분기 45만명에서 2024년 1분기 55만 명대로 20% 이상 증가했다.,글=권강수 상가의신 대표(땅집고) 정리=김리영 기자(땅집고) 입력 2025.01.04. 07:30 업데이트 2025.01.04. 07:31 0 [권강수의 상가투자 꿀팁] ‘N잡러’로 창업해 성공하고 싶다면 이것만은 알아야 [땅집고] 요즘 많은 직장인이 속칭 'N잡러' 생활을 하고 있다는 뉴스가 나온다.,,TRUE,"국내 부업자 수가 2023년 1분기에서 2024년 1분기로 증가한 것을 통계청 자료로 주장하고 있으며, 이는 KOSIS를 통해 검증 가능한 국내 집계 통계 정보임.",high,hcx,HCX-007,isclaim-v1.3-prev2-context,2026-07-30
