claim_id,claim_measurement_id,indicator,metric_domain,industry_or_item,value,unit,raw_unit,unit_dimension,semantic_type,entity_type,value_type,measurement_role,measurement_usage,period,prd_se,change_base,comparison_period,candidate_rank,candidate_score,candidate_runner_up_score,table_prd_se_list,candidate_status,candidate_status_code,candidate_status_reason,candidate_hits,retrieval_backend,lexical_score,lexical_eligible,semantic_score,reranker_score,fusion_score,table_override_rule,mapping_override_rule,org_id,tbl_id,tbl_name,stat_id,category_path,meta_candidates,selected_itm_id,selected_itm_name,selected_itm_unit,selected_itm_score,selected_obj_l1_axis_id,selected_obj_l1_axis_name,selected_obj_l1,selected_obj_l1_name,selected_obj_l1_score,selected_obj_l2_axis_id,selected_obj_l2_axis_name,selected_obj_l2,selected_obj_l2_name,selected_obj_l2_score,selected_obj_l3_axis_id,selected_obj_l3_axis_name,selected_obj_l3,selected_obj_l3_name,selected_obj_l3_score,selected_obj_l4_axis_id,selected_obj_l4_axis_name,selected_obj_l4,selected_obj_l4_name,selected_obj_l4_score,selected_obj_l5_axis_id,selected_obj_l5_axis_name,selected_obj_l5,selected_obj_l5_name,selected_obj_l5_score,selected_obj_l6_axis_id,selected_obj_l6_axis_name,selected_obj_l6,selected_obj_l6_name,selected_obj_l6_score,selected_obj_l7_axis_id,selected_obj_l7_axis_name,selected_obj_l7,selected_obj_l7_name,selected_obj_l7_score,selected_obj_l8_axis_id,selected_obj_l8_axis_name,selected_obj_l8,selected_obj_l8_name,selected_obj_l8_score,selected_code_status,mapping_type,unit_compatibility_reason,claim_text
A0004-SP7C04DFBFD3,A0004-SP7C04DFBFD3-m1,로봇화에 뛰어든 기업의 수,무역,-,13,%,%,rate,rate_change,organization,증감률,증감률,KOSIS_VALUE,2019,Y,전년,2018,1,388,172,,TABLE_ONLY,META_NOT_LOADED,통계표 메타 조회 전 후보,"로봇,산업",lexical,388,Y,,,,,,401,DT_401001_005,사업체 수,2006203,로봇산업실태조사,meta_index 없음 또는 코드명 매칭 없음,,,,,,,,,,,,,,,,,,,,,,,,,,,,,,,,,,,,,,,,,,,,,meta 없음,,,한국로봇산업진흥원에 따르면 2023년까지 로봇화에 뛰어든 우리 기업은 2524곳으로 지난 2019년보다 13%가량 증가했다.
A0004-SP7C04DFBFD3,A0004-SP7C04DFBFD3-m1,로봇화에 뛰어든 기업의 수,무역,-,13,%,%,rate,rate_change,organization,증감률,증감률,KOSIS_VALUE,2019,Y,전년,2018,2,172,,,ALTERNATE,NOT_TOP_TABLE,후순위 통계표 후보,"전체,로봇",lexical,172,Y,,,,,,336,DT_336003N_ICT_004,전체 자동화 설비 중 제조용 로봇의 비율,2006021,사업체패널조사 > 자동차와 스마트공장,meta_index 없음 또는 코드명 매칭 없음,,,,,,,,,,,,,,,,,,,,,,,,,,,,,,,,,,,,,,,,,,,,,meta 없음,,,한국로봇산업진흥원에 따르면 2023년까지 로봇화에 뛰어든 우리 기업은 2524곳으로 지난 2019년보다 13%가량 증가했다.
A0004-SP7C04DFBFD3,A0004-SP7C04DFBFD3-m1,로봇화에 뛰어든 기업의 수,무역,-,13,%,%,rate,rate_change,organization,증감률,증감률,KOSIS_VALUE,2019,Y,전년,2018,3,166,,,ALTERNATE,NOT_TOP_TABLE,후순위 통계표 후보,"로봇,기업,제조업",lexical,166,Y,,,,,,395,DT_395N_I2021277,디지털 신기술별 도입 여부: 로봇공학,2003024,한국기업혁신조사 > 2022년도 조사(제조업 부문) > 디지털전환 > 디지털 신기술별 도입 여부,meta_index 없음 또는 코드명 매칭 없음,,,,,,,,,,,,,,,,,,,,,,,,,,,,,,,,,,,,,,,,,,,,,meta 없음,,,한국로봇산업진흥원에 따르면 2023년까지 로봇화에 뛰어든 우리 기업은 2524곳으로 지난 2019년보다 13%가량 증가했다.
A0004-SP7C04DFBFD3,A0004-SP7C04DFBFD3-m1,로봇화에 뛰어든 기업의 수,무역,-,13,%,%,rate,rate_change,organization,증감률,증감률,KOSIS_VALUE,2019,Y,전년,2018,4,166,,,ALTERNATE,NOT_TOP_TABLE,후순위 통계표 후보,"로봇,기업,제조업",lexical,166,Y,,,,,,395,DT_395N_I2021268,디지털 신기술별 중요도: 로봇공학,2003024,한국기업혁신조사 > 2022년도 조사(제조업 부문) > 디지털전환 > 디지털 신기술별 중요도,meta_index 없음 또는 코드명 매칭 없음,,,,,,,,,,,,,,,,,,,,,,,,,,,,,,,,,,,,,,,,,,,,,meta 없음,,,한국로봇산업진흥원에 따르면 2023년까지 로봇화에 뛰어든 우리 기업은 2524곳으로 지난 2019년보다 13%가량 증가했다.
A0004-SP7C04DFBFD3,A0004-SP7C04DFBFD3-m1,로봇화에 뛰어든 기업의 수,무역,-,13,%,%,rate,rate_change,organization,증감률,증감률,KOSIS_VALUE,2019,Y,전년,2018,5,164,,,ALTERNATE,NOT_TOP_TABLE,후순위 통계표 후보,"로봇,산업",lexical,164,Y,,,,,,401,DT_401001_001,로봇산업 매출 현황,2006203,로봇산업실태조사,meta_index 없음 또는 코드명 매칭 없음,,,,,,,,,,,,,,,,,,,,,,,,,,,,,,,,,,,,,,,,,,,,,meta 없음,,,한국로봇산업진흥원에 따르면 2023년까지 로봇화에 뛰어든 우리 기업은 2524곳으로 지난 2019년보다 13%가량 증가했다.
A0006-SP382DCE21AF,A0006-SP382DCE21AF-m1,수출액,무역,-,683800000000,달러,달러,currency,amount,unspecified,수준값,현재값,KOSIS_VALUE,2024,Y,전년,,1,404,140,,TABLE_ONLY,META_NOT_LOADED,통계표 메타 조회 전 후보,"수출액,품목별,수출,수입,무역",lexical,404,Y,,,,,,360,DT_1R11001_FRM101,"품목별 수출액, 수입액",1976045,SITC에의한무역통계,meta_index 없음 또는 코드명 매칭 없음,,,,,,,,,,,,,,,,,,,,,,,,,,,,,,,,,,,,,,,,,,,,,meta 없음,,,한국의 2024년 수출이 6838억 달러를 기록해 역대 최대실적을 달성했다고 1일 산업통상자원부가 밝혔다.
A0006-SP382DCE21AF,A0006-SP382DCE21AF-m1,수출액,무역,-,683800000000,달러,달러,currency,amount,unspecified,수준값,현재값,KOSIS_VALUE,2024,Y,전년,,2,140,,,ALTERNATE,NOT_TOP_TABLE,후순위 통계표 후보,"수출액,수출",lexical,140,Y,,,,,,115,DT_115040_21,연간 총 수출액,2024010,탄소소재·부품산업통계조사,meta_index 없음 또는 코드명 매칭 없음,,,,,,,,,,,,,,,,,,,,,,,,,,,,,,,,,,,,,,,,,,,,,meta 없음,,,한국의 2024년 수출이 6838억 달러를 기록해 역대 최대실적을 달성했다고 1일 산업통상자원부가 밝혔다.
A0006-SP382DCE21AF,A0006-SP382DCE21AF-m1,수출액,무역,-,683800000000,달러,달러,currency,amount,unspecified,수준값,현재값,KOSIS_VALUE,2024,Y,전년,,3,124,,,ALTERNATE,NOT_TOP_TABLE,후순위 통계표 후보,"수출,수입",lexical,124,Y,,,,,,145,DT_145013_035,의료용 마약류 연간 수출실적,2019051,의료용마약류취급현황 > 의료용 마약류 제조·수입·수출 현황,meta_index 없음 또는 코드명 매칭 없음,,,,,,,,,,,,,,,,,,,,,,,,,,,,,,,,,,,,,,,,,,,,,meta 없음,,,한국의 2024년 수출이 6838억 달러를 기록해 역대 최대실적을 달성했다고 1일 산업통상자원부가 밝혔다.
A0006-SP382DCE21AF,A0006-SP382DCE21AF-m1,수출액,무역,-,683800000000,달러,달러,currency,amount,unspecified,수준값,현재값,KOSIS_VALUE,2024,Y,전년,,4,120,,,ALTERNATE,NOT_TOP_TABLE,후순위 통계표 후보,"수출,수입",lexical,120,Y,,,,,,113,DT_113_STBL_1027295,광고산업 : 수출 및 수입액 현황(연도별),2004043,콘텐츠산업조사 > 광고산업,meta_index 없음 또는 코드명 매칭 없음,,,,,,,,,,,,,,,,,,,,,,,,,,,,,,,,,,,,,,,,,,,,,meta 없음,,,한국의 2024년 수출이 6838억 달러를 기록해 역대 최대실적을 달성했다고 1일 산업통상자원부가 밝혔다.
A0006-SP382DCE21AF,A0006-SP382DCE21AF-m1,수출액,무역,-,683800000000,달러,달러,currency,amount,unspecified,수준값,현재값,KOSIS_VALUE,2024,Y,전년,,5,116,,,ALTERNATE,NOT_TOP_TABLE,후순위 통계표 후보,무역,lexical,116,Y,,,,,,127,DT_AAA0001_S10502,연도별 기술무역 추이,2003037,기술무역통계 > 기술무역추이,meta_index 없음 또는 코드명 매칭 없음,,,,,,,,,,,,,,,,,,,,,,,,,,,,,,,,,,,,,,,,,,,,,meta 없음,,,한국의 2024년 수출이 6838억 달러를 기록해 역대 최대실적을 달성했다고 1일 산업통상자원부가 밝혔다.
A0006-SP454B0C203E,A0006-SP454B0C203E-m3,수출증가율,무역,-,9.6,%,%,rate,rate_change,unspecified,증감률,증감률,KOSIS_VALUE,2024,Y,전년,2023,1,484,176,,TABLE_ONLY,META_NOT_LOADED,통계표 메타 조회 전 후보,"품목별,수출액,수출,수입,무역",lexical,484,Y,,,,,,360,DT_1R11001_FRM101,"품목별 수출액, 수입액",1976045,SITC에의한무역통계,meta_index 없음 또는 코드명 매칭 없음,,,,,,,,,,,,,,,,,,,,,,,,,,,,,,,,,,,,,,,,,,,,,meta 없음,,,"이에 따라 2024년 1~9월 기준(WTO)으로 전 세계 수출순위도 2023년 8위에서 두 단계 상승한 6위를 달성했으며, 상위 10대 수출국 중 가장 높은 수출증가율(+9.6%)을 기록했다."
A0006-SP454B0C203E,A0006-SP454B0C203E-m3,수출증가율,무역,-,9.6,%,%,rate,rate_change,unspecified,증감률,증감률,KOSIS_VALUE,2024,Y,전년,2023,2,176,,,ALTERNATE,NOT_TOP_TABLE,후순위 통계표 후보,"품목별,수출액,수출",lexical,176,Y,,,,,,466,DT_446001_A027,쌀가루 생산판매 현황 : 품목별 수출액 - 총계,2024007,쌀가공식품제조업실태조사 > 쌀가공식품제조업,meta_index 없음 또는 코드명 매칭 없음,,,,,,,,,,,,,,,,,,,,,,,,,,,,,,,,,,,,,,,,,,,,,meta 없음,,,"이에 따라 2024년 1~9월 기준(WTO)으로 전 세계 수출순위도 2023년 8위에서 두 단계 상승한 6위를 달성했으며, 상위 10대 수출국 중 가장 높은 수출증가율(+9.6%)을 기록했다."
A0006-SP454B0C203E,A0006-SP454B0C203E-m3,수출증가율,무역,-,9.6,%,%,rate,rate_change,unspecified,증감률,증감률,KOSIS_VALUE,2024,Y,전년,2023,3,168,,,ALTERNATE,NOT_TOP_TABLE,후순위 통계표 후보,"품목별,수출,수입,무역",lexical,168,Y,,,,,,134,DT_134006_N001,품목별 수입·수출현황,2017044,기업무역활동통계,meta_index 없음 또는 코드명 매칭 없음,,,,,,,,,,,,,,,,,,,,,,,,,,,,,,,,,,,,,,,,,,,,,meta 없음,,,"이에 따라 2024년 1~9월 기준(WTO)으로 전 세계 수출순위도 2023년 8위에서 두 단계 상승한 6위를 달성했으며, 상위 10대 수출국 중 가장 높은 수출증가율(+9.6%)을 기록했다."
A0006-SP454B0C203E,A0006-SP454B0C203E-m3,수출증가율,무역,-,9.6,%,%,rate,rate_change,unspecified,증감률,증감률,KOSIS_VALUE,2024,Y,전년,2023,4,166,,,ALTERNATE,NOT_TOP_TABLE,후순위 통계표 후보,"품목별,수입,기준,상위",lexical,166,Y,,,,,,145,DT_145_2012_H005,"품목별(중량기준, 상위 20개) 수입신고 현황",2006066,수입식품현황 > 수입식품등 국가 및 품목별 검사현황,meta_index 없음 또는 코드명 매칭 없음,,,,,,,,,,,,,,,,,,,,,,,,,,,,,,,,,,,,,,,,,,,,,meta 없음,,,"이에 따라 2024년 1~9월 기준(WTO)으로 전 세계 수출순위도 2023년 8위에서 두 단계 상승한 6위를 달성했으며, 상위 10대 수출국 중 가장 높은 수출증가율(+9.6%)을 기록했다."
A0006-SP454B0C203E,A0006-SP454B0C203E-m3,수출증가율,무역,-,9.6,%,%,rate,rate_change,unspecified,증감률,증감률,KOSIS_VALUE,2024,Y,전년,2023,5,152,,,ALTERNATE,NOT_TOP_TABLE,후순위 통계표 후보,"품목별,수출",lexical,152,Y,,,,,,434,DT_434_STBL_1028692,게임기기 품목별 수출입 실적,2016058,문화체육관광산업통계 > 수출입 실적 현황,meta_index 없음 또는 코드명 매칭 없음,,,,,,,,,,,,,,,,,,,,,,,,,,,,,,,,,,,,,,,,,,,,,meta 없음,,,"이에 따라 2024년 1~9월 기준(WTO)으로 전 세계 수출순위도 2023년 8위에서 두 단계 상승한 6위를 달성했으며, 상위 10대 수출국 중 가장 높은 수출증가율(+9.6%)을 기록했다."
A0006-SP454B0C203E,A0006-SP454B0C203E-m4,상위 수출국,무역,-,10,대,대,count,count,unspecified,수준값,현재값,KOSIS_VALUE,202409,M,전년,,1,484,268,,TABLE_ONLY,META_NOT_LOADED,통계표 메타 조회 전 후보,"품목별,수출액,수출,수입,무역",lexical,484,Y,,,,,,360,DT_1R11001_FRM101,"품목별 수출액, 수입액",1976045,SITC에의한무역통계,meta_index 없음 또는 코드명 매칭 없음,,,,,,,,,,,,,,,,,,,,,,,,,,,,,,,,,,,,,,,,,,,,,meta 없음,,,"이에 따라 2024년 1~9월 기준(WTO)으로 전 세계 수출순위도 2023년 8위에서 두 단계 상승한 6위를 달성했으며, 상위 10대 수출국 중 가장 높은 수출증가율(+9.6%)을 기록했다."
A0006-SP454B0C203E,A0006-SP454B0C203E-m4,상위 수출국,무역,-,10,대,대,count,count,unspecified,수준값,현재값,KOSIS_VALUE,202409,M,전년,,2,268,,,ALTERNATE,NOT_TOP_TABLE,후순위 통계표 후보,"수출,순위,수출국,상위",lexical,268,Y,,,,,,142,DT_12029,"주요 수출 국가(1+2+3순위, 상위 6위)",2012054,1인창조기업실태조사 > 2012년 > 기업운영 실태 및 향후 운영 계획,meta_index 없음 또는 코드명 매칭 없음,,,,,,,,,,,,,,,,,,,,,,,,,,,,,,,,,,,,,,,,,,,,,meta 없음,,,"이에 따라 2024년 1~9월 기준(WTO)으로 전 세계 수출순위도 2023년 8위에서 두 단계 상승한 6위를 달성했으며, 상위 10대 수출국 중 가장 높은 수출증가율(+9.6%)을 기록했다."
A0006-SP454B0C203E,A0006-SP454B0C203E-m4,상위 수출국,무역,-,10,대,대,count,count,unspecified,수준값,현재값,KOSIS_VALUE,202409,M,전년,,3,268,,,ALTERNATE,NOT_TOP_TABLE,후순위 통계표 후보,"수출,순위,수출국,상위",lexical,268,Y,,,,,,115,DT_14217M_254,주요수출 국가 1+2+3+4+5순위(상위 14개),2015016,중견기업 기본통계 > 중견기업 > 2015년 이후  > 국제화 추진,meta_index 없음 또는 코드명 매칭 없음,,,,,,,,,,,,,,,,,,,,,,,,,,,,,,,,,,,,,,,,,,,,,meta 없음,,,"이에 따라 2024년 1~9월 기준(WTO)으로 전 세계 수출순위도 2023년 8위에서 두 단계 상승한 6위를 달성했으며, 상위 10대 수출국 중 가장 높은 수출증가율(+9.6%)을 기록했다."
A0006-SP454B0C203E,A0006-SP454B0C203E-m4,상위 수출국,무역,-,10,대,대,count,count,unspecified,수준값,현재값,KOSIS_VALUE,202409,M,전년,,4,268,,,ALTERNATE,NOT_TOP_TABLE,후순위 통계표 후보,"수출,순위,수출국,상위",lexical,268,Y,,,,,,115,DT_14217C_055,중견기업 후보기업 주요수출 국가 1+2+3+4+5순위(상위 14개),2015016,중견기업 기본통계 > 중견기업 후보기업 > 국제화 추진,meta_index 없음 또는 코드명 매칭 없음,,,,,,,,,,,,,,,,,,,,,,,,,,,,,,,,,,,,,,,,,,,,,meta 없음,,,"이에 따라 2024년 1~9월 기준(WTO)으로 전 세계 수출순위도 2023년 8위에서 두 단계 상승한 6위를 달성했으며, 상위 10대 수출국 중 가장 높은 수출증가율(+9.6%)을 기록했다."
A0006-SP454B0C203E,A0006-SP454B0C203E-m4,상위 수출국,무역,-,10,대,대,count,count,unspecified,수준값,현재값,KOSIS_VALUE,202409,M,전년,,5,246,,,ALTERNATE,NOT_TOP_TABLE,후순위 통계표 후보,"품목별,상위,수입,기준",lexical,246,Y,,,,,,145,DT_145_2012_H005,"품목별(중량기준, 상위 20개) 수입신고 현황",2006066,수입식품현황 > 수입식품등 국가 및 품목별 검사현황,meta_index 없음 또는 코드명 매칭 없음,,,,,,,,,,,,,,,,,,,,,,,,,,,,,,,,,,,,,,,,,,,,,meta 없음,,,"이에 따라 2024년 1~9월 기준(WTO)으로 전 세계 수출순위도 2023년 8위에서 두 단계 상승한 6위를 달성했으며, 상위 10대 수출국 중 가장 높은 수출증가율(+9.6%)을 기록했다."
A0006-SPBCB2234D20,A0006-SPBCB2234D20-m1,전체 수입 증감률,무역,-,1.6,%,%,rate,rate_change,unspecified,증감률,증감률,KOSIS_VALUE,2024,Y,전년,2023,1,1303,432,,TABLE_ONLY,META_NOT_LOADED,통계표 메타 조회 전 후보,"수입액,수입,에너지수입액,에너지,에너지수급,codebook:energy_import_y",lexical+codebook,1303,Y,,,,energy_import_y,energy_total_import_y,339,DT_F_Y160,에너지 수입액,2002019,에너지수급통계 > 구) 에너지밸런스 기준 > 에너지수급(연간),meta_index 없음 또는 코드명 매칭 없음,,,,,,,,,,,,,,,,,,,,,,,,,,,,,,,,,,,,,,,,,,,,,코드북 후보 선택,,,2024년에는 에너지 수입이 감소하면서 전체 수입이 전년 대비 1.6% 감소한 덕에 무역수지가 개선됐다.
A0006-SPBCB2234D20,A0006-SPBCB2234D20-m1,전체 수입 증감률,무역,-,1.6,%,%,rate,rate_change,unspecified,증감률,증감률,KOSIS_VALUE,2024,Y,전년,2023,2,432,,,ALTERNATE,NOT_TOP_TABLE,후순위 통계표 후보,"수입액,품목별,수출액,수입,수출,무역",lexical,432,Y,,,,,,360,DT_1R11001_FRM101,"품목별 수출액, 수입액",1976045,SITC에의한무역통계,meta_index 없음 또는 코드명 매칭 없음,,,,,,,,,,,,,,,,,,,,,,,,,,,,,,,,,,,,,,,,,,,,,meta 없음,,,2024년에는 에너지 수입이 감소하면서 전체 수입이 전년 대비 1.6% 감소한 덕에 무역수지가 개선됐다.
A0006-SPBCB2234D20,A0006-SPBCB2234D20-m1,전체 수입 증감률,무역,-,1.6,%,%,rate,rate_change,unspecified,증감률,증감률,KOSIS_VALUE,2024,Y,전년,2023,3,156,,,ALTERNATE,NOT_TOP_TABLE,후순위 통계표 후보,"수입액,무역,수입,무역수지,수출",lexical,156,Y,,,,,,145,DT_145009_026,"국내 의약품 생산·수출·수입액, 무역수지, 시장규모",2016008,의약품생산및수출수입실적 > 수출입 현황,meta_index 없음 또는 코드명 매칭 없음,,,,,,,,,,,,,,,,,,,,,,,,,,,,,,,,,,,,,,,,,,,,,meta 없음,,,2024년에는 에너지 수입이 감소하면서 전체 수입이 전년 대비 1.6% 감소한 덕에 무역수지가 개선됐다.
A0006-SPBCB2234D20,A0006-SPBCB2234D20-m1,전체 수입 증감률,무역,-,1.6,%,%,rate,rate_change,unspecified,증감률,증감률,KOSIS_VALUE,2024,Y,전년,2023,4,148,,,ALTERNATE,NOT_TOP_TABLE,후순위 통계표 후보,"수입액,수입,수출",lexical,148,Y,,,,,,113,DT_113_STBL_1027295,광고산업 : 수출 및 수입액 현황(연도별),2004043,콘텐츠산업조사 > 광고산업,meta_index 없음 또는 코드명 매칭 없음,,,,,,,,,,,,,,,,,,,,,,,,,,,,,,,,,,,,,,,,,,,,,meta 없음,,,2024년에는 에너지 수입이 감소하면서 전체 수입이 전년 대비 1.6% 감소한 덕에 무역수지가 개선됐다.
A0006-SPBCB2234D20,A0006-SPBCB2234D20-m1,전체 수입 증감률,무역,-,1.6,%,%,rate,rate_change,unspecified,증감률,증감률,KOSIS_VALUE,2024,Y,전년,2023,5,140,,,ALTERNATE,NOT_TOP_TABLE,후순위 통계표 후보,"수입액,수입",lexical,140,Y,,,,,,115,TX_115_2009_H1180,당해연도 신규 기술료 수입액(기술이전 거래 유형별),2006017,공공기술이전사업화현황조사 > 2007년~2012년 > 성과,meta_index 없음 또는 코드명 매칭 없음,,,,,,,,,,,,,,,,,,,,,,,,,,,,,,,,,,,,,,,,,,,,,meta 없음,,,2024년에는 에너지 수입이 감소하면서 전체 수입이 전년 대비 1.6% 감소한 덕에 무역수지가 개선됐다.
A0006-SP9282109973,A0006-SP9282109973-m1,반도체 수출 증감률,무역,반도체,43.9,%,%,rate,rate_change,vehicle,증감률,증감률,KOSIS_VALUE,2024,Y,전년,2023,1,1098,484,,TABLE_ONLY,META_NOT_LOADED,통계표 메타 조회 전 후보,"수출,수입,ICT,codebook:semiconductor_export_y",lexical+codebook,1098,Y,,,,semiconductor_export_y,semiconductor_export_y,127,DT_127005_005,수출 및 수입액,1996008,ICT실태조사,meta_index 없음 또는 코드명 매칭 없음,,,,,,,,,,,,,,,,,,,,,,,,,,,,,,,,,,,,,,,,,,,,,코드북 후보 선택,,,"◇반도체, 자동차가 이끌고 바이오, 농수산, 화장품 등도 고르게 증가 품목별로는 최대 수출품목인 반도체가 43.9% 증가한 1419억 달러를 기록, 2023년 11월 이후 14개월 연속 증가 흐름을 이어가면서 기존 최대 실적인 2022년 1292억 달러를 2년 만에 경신했다."
A0006-SP9282109973,A0006-SP9282109973-m1,반도체 수출 증감률,무역,반도체,43.9,%,%,rate,rate_change,vehicle,증감률,증감률,KOSIS_VALUE,2024,Y,전년,2023,2,484,,,ALTERNATE,NOT_TOP_TABLE,후순위 통계표 후보,"품목별,수출액,수출,수입,무역",lexical,484,Y,,,,,,360,DT_1R11001_FRM101,"품목별 수출액, 수입액",1976045,SITC에의한무역통계,meta_index 없음 또는 코드명 매칭 없음,,,,,,,,,,,,,,,,,,,,,,,,,,,,,,,,,,,,,,,,,,,,,meta 없음,,,"◇반도체, 자동차가 이끌고 바이오, 농수산, 화장품 등도 고르게 증가 품목별로는 최대 수출품목인 반도체가 43.9% 증가한 1419억 달러를 기록, 2023년 11월 이후 14개월 연속 증가 흐름을 이어가면서 기존 최대 실적인 2022년 1292억 달러를 2년 만에 경신했다."
A0006-SP9282109973,A0006-SP9282109973-m1,반도체 수출 증감률,무역,반도체,43.9,%,%,rate,rate_change,vehicle,증감률,증감률,KOSIS_VALUE,2024,Y,전년,2023,3,168,,,ALTERNATE,NOT_TOP_TABLE,후순위 통계표 후보,"품목별,수출,수입,무역",lexical,168,Y,,,,,,134,DT_134006_N001,품목별 수입·수출현황,2017044,기업무역활동통계,meta_index 없음 또는 코드명 매칭 없음,,,,,,,,,,,,,,,,,,,,,,,,,,,,,,,,,,,,,,,,,,,,,meta 없음,,,"◇반도체, 자동차가 이끌고 바이오, 농수산, 화장품 등도 고르게 증가 품목별로는 최대 수출품목인 반도체가 43.9% 증가한 1419억 달러를 기록, 2023년 11월 이후 14개월 연속 증가 흐름을 이어가면서 기존 최대 실적인 2022년 1292억 달러를 2년 만에 경신했다."
A0006-SP9282109973,A0006-SP9282109973-m1,반도체 수출 증감률,무역,반도체,43.9,%,%,rate,rate_change,vehicle,증감률,증감률,KOSIS_VALUE,2024,Y,전년,2023,4,152,,,ALTERNATE,NOT_TOP_TABLE,후순위 통계표 후보,"품목별,수출",lexical,152,Y,,,,,,434,DT_434_STBL_1028692,게임기기 품목별 수출입 실적,2016058,문화체육관광산업통계 > 수출입 실적 현황,meta_index 없음 또는 코드명 매칭 없음,,,,,,,,,,,,,,,,,,,,,,,,,,,,,,,,,,,,,,,,,,,,,meta 없음,,,"◇반도체, 자동차가 이끌고 바이오, 농수산, 화장품 등도 고르게 증가 품목별로는 최대 수출품목인 반도체가 43.9% 증가한 1419억 달러를 기록, 2023년 11월 이후 14개월 연속 증가 흐름을 이어가면서 기존 최대 실적인 2022년 1292억 달러를 2년 만에 경신했다."
A0006-SP9282109973,A0006-SP9282109973-m1,반도체 수출 증감률,무역,반도체,43.9,%,%,rate,rate_change,vehicle,증감률,증감률,KOSIS_VALUE,2024,Y,전년,2023,5,152,,,ALTERNATE,NOT_TOP_TABLE,후순위 통계표 후보,"품목별,수출",lexical,152,Y,,,,,,434,DT_434_STBL_1028682,공예품 품목별 수출입 실적,2016058,문화체육관광산업통계 > 수출입 실적 현황,meta_index 없음 또는 코드명 매칭 없음,,,,,,,,,,,,,,,,,,,,,,,,,,,,,,,,,,,,,,,,,,,,,meta 없음,,,"◇반도체, 자동차가 이끌고 바이오, 농수산, 화장품 등도 고르게 증가 품목별로는 최대 수출품목인 반도체가 43.9% 증가한 1419억 달러를 기록, 2023년 11월 이후 14개월 연속 증가 흐름을 이어가면서 기존 최대 실적인 2022년 1292억 달러를 2년 만에 경신했다."
A0006-SP9282109973,A0006-SP9282109973-m2,반도체 수출액,무역,반도체,141900000000,달러,달러,currency,amount,vehicle,수준값,현재값,KOSIS_VALUE,2024,Y,전년,,1,1090,476,,TABLE_ONLY,META_NOT_LOADED,통계표 메타 조회 전 후보,"수입,수출,ICT,codebook:semiconductor_export_y",lexical+codebook,1090,Y,,,,semiconductor_export_y,semiconductor_export_y,127,DT_127005_005,수출 및 수입액,1996008,ICT실태조사,meta_index 없음 또는 코드명 매칭 없음,,,,,,,,,,,,,,,,,,,,,,,,,,,,,,,,,,,,,,,,,,,,,코드북 후보 선택,,,"◇반도체, 자동차가 이끌고 바이오, 농수산, 화장품 등도 고르게 증가 품목별로는 최대 수출품목인 반도체가 43.9% 증가한 1419억 달러를 기록, 2023년 11월 이후 14개월 연속 증가 흐름을 이어가면서 기존 최대 실적인 2022년 1292억 달러를 2년 만에 경신했다."
A0006-SP9282109973,A0006-SP9282109973-m2,반도체 수출액,무역,반도체,141900000000,달러,달러,currency,amount,vehicle,수준값,현재값,KOSIS_VALUE,2024,Y,전년,,2,476,,,ALTERNATE,NOT_TOP_TABLE,후순위 통계표 후보,"수출액,품목별,수입,수출,무역",lexical,476,Y,,,,,,360,DT_1R11001_FRM101,"품목별 수출액, 수입액",1976045,SITC에의한무역통계,meta_index 없음 또는 코드명 매칭 없음,,,,,,,,,,,,,,,,,,,,,,,,,,,,,,,,,,,,,,,,,,,,,meta 없음,,,"◇반도체, 자동차가 이끌고 바이오, 농수산, 화장품 등도 고르게 증가 품목별로는 최대 수출품목인 반도체가 43.9% 증가한 1419억 달러를 기록, 2023년 11월 이후 14개월 연속 증가 흐름을 이어가면서 기존 최대 실적인 2022년 1292억 달러를 2년 만에 경신했다."
A0006-SP9282109973,A0006-SP9282109973-m2,반도체 수출액,무역,반도체,141900000000,달러,달러,currency,amount,vehicle,수준값,현재값,KOSIS_VALUE,2024,Y,전년,,3,160,,,ALTERNATE,NOT_TOP_TABLE,후순위 통계표 후보,"품목별,수입,수출,무역",lexical,160,Y,,,,,,134,DT_134006_N001,품목별 수입·수출현황,2017044,기업무역활동통계,meta_index 없음 또는 코드명 매칭 없음,,,,,,,,,,,,,,,,,,,,,,,,,,,,,,,,,,,,,,,,,,,,,meta 없음,,,"◇반도체, 자동차가 이끌고 바이오, 농수산, 화장품 등도 고르게 증가 품목별로는 최대 수출품목인 반도체가 43.9% 증가한 1419억 달러를 기록, 2023년 11월 이후 14개월 연속 증가 흐름을 이어가면서 기존 최대 실적인 2022년 1292억 달러를 2년 만에 경신했다."
A0006-SP9282109973,A0006-SP9282109973-m2,반도체 수출액,무역,반도체,141900000000,달러,달러,currency,amount,vehicle,수준값,현재값,KOSIS_VALUE,2024,Y,전년,,4,148,,,ALTERNATE,NOT_TOP_TABLE,후순위 통계표 후보,"품목별,수입,수출",lexical,148,Y,,,,,,301,DT_401Y017,수입물가지수(품목별),1976001,수출입물가조사(2020=100) > 수입물가,meta_index 없음 또는 코드명 매칭 없음,,,,,,,,,,,,,,,,,,,,,,,,,,,,,,,,,,,,,,,,,,,,,meta 없음,,,"◇반도체, 자동차가 이끌고 바이오, 농수산, 화장품 등도 고르게 증가 품목별로는 최대 수출품목인 반도체가 43.9% 증가한 1419억 달러를 기록, 2023년 11월 이후 14개월 연속 증가 흐름을 이어가면서 기존 최대 실적인 2022년 1292억 달러를 2년 만에 경신했다."
A0006-SP9282109973,A0006-SP9282109973-m2,반도체 수출액,무역,반도체,141900000000,달러,달러,currency,amount,vehicle,수준값,현재값,KOSIS_VALUE,2024,Y,전년,,5,144,,,ALTERNATE,NOT_TOP_TABLE,후순위 통계표 후보,"품목별,수입,무역",lexical,144,Y,,,,,,134,DT_13405_004,품목별 FTA 수입활용률,2014013,FTA특혜무역활용통계,meta_index 없음 또는 코드명 매칭 없음,,,,,,,,,,,,,,,,,,,,,,,,,,,,,,,,,,,,,,,,,,,,,meta 없음,,,"◇반도체, 자동차가 이끌고 바이오, 농수산, 화장품 등도 고르게 증가 품목별로는 최대 수출품목인 반도체가 43.9% 증가한 1419억 달러를 기록, 2023년 11월 이후 14개월 연속 증가 흐름을 이어가면서 기존 최대 실적인 2022년 1292억 달러를 2년 만에 경신했다."
A0006-SP64EB447E6E,A0006-SP64EB447E6E-m1,자동차 수출,무역,자동차,70800000000,달러,달러,currency,amount,vehicle,수준값,현재값,KOSIS_VALUE,2024,Y,전년,,1,484,394,,TABLE_ONLY,META_NOT_LOADED,통계표 메타 조회 전 후보,"품목별,수출액,수출,수입,무역",lexical,484,Y,,,,,,360,DT_1R11001_FRM101,"품목별 수출액, 수입액",1976045,SITC에의한무역통계,meta_index 없음 또는 코드명 매칭 없음,,,,,,,,,,,,,,,,,,,,,,,,,,,,,,,,,,,,,,,,,,,,,meta 없음,,,"자동차 수출은 하반기 주요 완성차·부품업계 파업 등에 따른 일부 생산 차질 영향으로 전년도와 보합세인 708억 달러(-0.1%)를 기록하였으며, 2년 연속 700억 달러 이상의 호실적을 이어갔다."
A0006-SP64EB447E6E,A0006-SP64EB447E6E-m1,자동차 수출,무역,자동차,70800000000,달러,달러,currency,amount,vehicle,수준값,현재값,KOSIS_VALUE,2024,Y,전년,,2,394,,,ALTERNATE,NOT_TOP_TABLE,후순위 통계표 후보,"자동차,수출액,수출",lexical,394,Y,,,,,,463,DT_FS463001_A055,자동차튜닝 관련 매출액 중 해외수출액 비중,2022033,자동차튜닝산업실태조사,meta_index 없음 또는 코드명 매칭 없음,,,,,,,,,,,,,,,,,,,,,,,,,,,,,,,,,,,,,,,,,,,,,meta 없음,,,"자동차 수출은 하반기 주요 완성차·부품업계 파업 등에 따른 일부 생산 차질 영향으로 전년도와 보합세인 708억 달러(-0.1%)를 기록하였으며, 2년 연속 700억 달러 이상의 호실적을 이어갔다."
A0006-SP64EB447E6E,A0006-SP64EB447E6E-m1,자동차 수출,무역,자동차,70800000000,달러,달러,currency,amount,vehicle,수준값,현재값,KOSIS_VALUE,2024,Y,전년,,3,394,,,ALTERNATE,NOT_TOP_TABLE,후순위 통계표 후보,"자동차,수출액,수출",lexical,394,Y,,,,,,463,DT_FS463001_A056,자동차튜닝 관련 해외수출액,2022033,자동차튜닝산업실태조사,meta_index 없음 또는 코드명 매칭 없음,,,,,,,,,,,,,,,,,,,,,,,,,,,,,,,,,,,,,,,,,,,,,meta 없음,,,"자동차 수출은 하반기 주요 완성차·부품업계 파업 등에 따른 일부 생산 차질 영향으로 전년도와 보합세인 708억 달러(-0.1%)를 기록하였으며, 2년 연속 700억 달러 이상의 호실적을 이어갔다."
A0006-SP64EB447E6E,A0006-SP64EB447E6E-m1,자동차 수출,무역,자동차,70800000000,달러,달러,currency,amount,vehicle,수준값,현재값,KOSIS_VALUE,2024,Y,전년,,4,374,,,ALTERNATE,NOT_TOP_TABLE,후순위 통계표 후보,"품목별,수출,생산,자동차",lexical,374,Y,,,,,,115,DT_115042_25_024,생산 품목별 수출 금액(합계),2025009,자동차부품산업실태조사,meta_index 없음 또는 코드명 매칭 없음,,,,,,,,,,,,,,,,,,,,,,,,,,,,,,,,,,,,,,,,,,,,,meta 없음,,,"자동차 수출은 하반기 주요 완성차·부품업계 파업 등에 따른 일부 생산 차질 영향으로 전년도와 보합세인 708억 달러(-0.1%)를 기록하였으며, 2년 연속 700억 달러 이상의 호실적을 이어갔다."
A0006-SP64EB447E6E,A0006-SP64EB447E6E-m1,자동차 수출,무역,자동차,70800000000,달러,달러,currency,amount,vehicle,수준값,현재값,KOSIS_VALUE,2024,Y,전년,,5,358,,,ALTERNATE,NOT_TOP_TABLE,후순위 통계표 후보,"자동차,수출",lexical,358,Y,,,,,,115,DT_115042_25_045,자동차 부품 수출계획 관련 애로사항,2025009,자동차부품산업실태조사,meta_index 없음 또는 코드명 매칭 없음,,,,,,,,,,,,,,,,,,,,,,,,,,,,,,,,,,,,,,,,,,,,,meta 없음,,,"자동차 수출은 하반기 주요 완성차·부품업계 파업 등에 따른 일부 생산 차질 영향으로 전년도와 보합세인 708억 달러(-0.1%)를 기록하였으며, 2년 연속 700억 달러 이상의 호실적을 이어갔다."
A0006-SP64EB447E6E,A0006-SP64EB447E6E-m2,자동차 수출 증감률,무역,자동차,0.1,%,%,rate,rate_change,vehicle,증감률,증감률,KOSIS_VALUE,2024,Y,전년,2023,1,484,394,,TABLE_ONLY,META_NOT_LOADED,통계표 메타 조회 전 후보,"품목별,수출액,수출,수입,무역",lexical,484,Y,,,,,,360,DT_1R11001_FRM101,"품목별 수출액, 수입액",1976045,SITC에의한무역통계,meta_index 없음 또는 코드명 매칭 없음,,,,,,,,,,,,,,,,,,,,,,,,,,,,,,,,,,,,,,,,,,,,,meta 없음,,,"자동차 수출은 하반기 주요 완성차·부품업계 파업 등에 따른 일부 생산 차질 영향으로 전년도와 보합세인 708억 달러(-0.1%)를 기록하였으며, 2년 연속 700억 달러 이상의 호실적을 이어갔다."
A0006-SP64EB447E6E,A0006-SP64EB447E6E-m2,자동차 수출 증감률,무역,자동차,0.1,%,%,rate,rate_change,vehicle,증감률,증감률,KOSIS_VALUE,2024,Y,전년,2023,2,394,,,ALTERNATE,NOT_TOP_TABLE,후순위 통계표 후보,"자동차,수출액,수출",lexical,394,Y,,,,,,463,DT_FS463001_A055,자동차튜닝 관련 매출액 중 해외수출액 비중,2022033,자동차튜닝산업실태조사,meta_index 없음 또는 코드명 매칭 없음,,,,,,,,,,,,,,,,,,,,,,,,,,,,,,,,,,,,,,,,,,,,,meta 없음,,,"자동차 수출은 하반기 주요 완성차·부품업계 파업 등에 따른 일부 생산 차질 영향으로 전년도와 보합세인 708억 달러(-0.1%)를 기록하였으며, 2년 연속 700억 달러 이상의 호실적을 이어갔다."
A0006-SP64EB447E6E,A0006-SP64EB447E6E-m2,자동차 수출 증감률,무역,자동차,0.1,%,%,rate,rate_change,vehicle,증감률,증감률,KOSIS_VALUE,2024,Y,전년,2023,3,394,,,ALTERNATE,NOT_TOP_TABLE,후순위 통계표 후보,"자동차,수출액,수출",lexical,394,Y,,,,,,463,DT_FS463001_A056,자동차튜닝 관련 해외수출액,2022033,자동차튜닝산업실태조사,meta_index 없음 또는 코드명 매칭 없음,,,,,,,,,,,,,,,,,,,,,,,,,,,,,,,,,,,,,,,,,,,,,meta 없음,,,"자동차 수출은 하반기 주요 완성차·부품업계 파업 등에 따른 일부 생산 차질 영향으로 전년도와 보합세인 708억 달러(-0.1%)를 기록하였으며, 2년 연속 700억 달러 이상의 호실적을 이어갔다."
A0006-SP64EB447E6E,A0006-SP64EB447E6E-m2,자동차 수출 증감률,무역,자동차,0.1,%,%,rate,rate_change,vehicle,증감률,증감률,KOSIS_VALUE,2024,Y,전년,2023,4,374,,,ALTERNATE,NOT_TOP_TABLE,후순위 통계표 후보,"품목별,수출,생산,자동차",lexical,374,Y,,,,,,115,DT_115042_25_024,생산 품목별 수출 금액(합계),2025009,자동차부품산업실태조사,meta_index 없음 또는 코드명 매칭 없음,,,,,,,,,,,,,,,,,,,,,,,,,,,,,,,,,,,,,,,,,,,,,meta 없음,,,"자동차 수출은 하반기 주요 완성차·부품업계 파업 등에 따른 일부 생산 차질 영향으로 전년도와 보합세인 708억 달러(-0.1%)를 기록하였으며, 2년 연속 700억 달러 이상의 호실적을 이어갔다."
A0006-SP64EB447E6E,A0006-SP64EB447E6E-m2,자동차 수출 증감률,무역,자동차,0.1,%,%,rate,rate_change,vehicle,증감률,증감률,KOSIS_VALUE,2024,Y,전년,2023,5,358,,,ALTERNATE,NOT_TOP_TABLE,후순위 통계표 후보,"자동차,수출",lexical,358,Y,,,,,,115,DT_115042_25_045,자동차 부품 수출계획 관련 애로사항,2025009,자동차부품산업실태조사,meta_index 없음 또는 코드명 매칭 없음,,,,,,,,,,,,,,,,,,,,,,,,,,,,,,,,,,,,,,,,,,,,,meta 없음,,,"자동차 수출은 하반기 주요 완성차·부품업계 파업 등에 따른 일부 생산 차질 영향으로 전년도와 보합세인 708억 달러(-0.1%)를 기록하였으며, 2년 연속 700억 달러 이상의 호실적을 이어갔다."
A0006-SP95A2256265,A0006-SP95A2256265-m1,선박 수출 증감률,무역,선박,18,%,%,rate,rate_change,vehicle,증감률,증감률,KOSIS_VALUE,2024,Y,전년,2023,1,484,328,,TABLE_ONLY,META_NOT_LOADED,통계표 메타 조회 전 후보,"품목별,수출액,수출,수입,무역",lexical,484,Y,,,,,,360,DT_1R11001_FRM101,"품목별 수출액, 수입액",1976045,SITC에의한무역통계,meta_index 없음 또는 코드명 매칭 없음,,,,,,,,,,,,,,,,,,,,,,,,,,,,,,,,,,,,,,,,,,,,,meta 없음,,,"선박 수출은 2021년 높은 선가로 수주한 LNG 운반선, 대형 컨테이너선 등 고부가 선박이 본격 수출되면서 두 자릿수(18%) 증가한 256억 달러를 기록했다."
A0006-SP95A2256265,A0006-SP95A2256265-m1,선박 수출 증감률,무역,선박,18,%,%,rate,rate_change,vehicle,증감률,증감률,KOSIS_VALUE,2024,Y,전년,2023,2,328,,,ALTERNATE,NOT_TOP_TABLE,후순위 통계표 후보,"선박,수출",lexical,328,Y,,,,,,146,DT_MLTM_5002627,"산업분류,기업규모,선박규모별 수출현황",2012057,원양어업통계조사,meta_index 없음 또는 코드명 매칭 없음,,,,,,,,,,,,,,,,,,,,,,,,,,,,,,,,,,,,,,,,,,,,,meta 없음,,,"선박 수출은 2021년 높은 선가로 수주한 LNG 운반선, 대형 컨테이너선 등 고부가 선박이 본격 수출되면서 두 자릿수(18%) 증가한 256억 달러를 기록했다."
A0006-SP95A2256265,A0006-SP95A2256265-m1,선박 수출 증감률,무역,선박,18,%,%,rate,rate_change,vehicle,증감률,증감률,KOSIS_VALUE,2024,Y,전년,2023,3,168,,,ALTERNATE,NOT_TOP_TABLE,후순위 통계표 후보,"품목별,수출,수입,무역",lexical,168,Y,,,,,,134,DT_134006_N001,품목별 수입·수출현황,2017044,기업무역활동통계,meta_index 없음 또는 코드명 매칭 없음,,,,,,,,,,,,,,,,,,,,,,,,,,,,,,,,,,,,,,,,,,,,,meta 없음,,,"선박 수출은 2021년 높은 선가로 수주한 LNG 운반선, 대형 컨테이너선 등 고부가 선박이 본격 수출되면서 두 자릿수(18%) 증가한 256억 달러를 기록했다."
A0006-SP95A2256265,A0006-SP95A2256265-m1,선박 수출 증감률,무역,선박,18,%,%,rate,rate_change,vehicle,증감률,증감률,KOSIS_VALUE,2024,Y,전년,2023,4,152,,,ALTERNATE,NOT_TOP_TABLE,후순위 통계표 후보,"품목별,수출",lexical,152,Y,,,,,,434,DT_434_STBL_1028692,게임기기 품목별 수출입 실적,2016058,문화체육관광산업통계 > 수출입 실적 현황,meta_index 없음 또는 코드명 매칭 없음,,,,,,,,,,,,,,,,,,,,,,,,,,,,,,,,,,,,,,,,,,,,,meta 없음,,,"선박 수출은 2021년 높은 선가로 수주한 LNG 운반선, 대형 컨테이너선 등 고부가 선박이 본격 수출되면서 두 자릿수(18%) 증가한 256억 달러를 기록했다."
A0006-SP95A2256265,A0006-SP95A2256265-m1,선박 수출 증감률,무역,선박,18,%,%,rate,rate_change,vehicle,증감률,증감률,KOSIS_VALUE,2024,Y,전년,2023,5,152,,,ALTERNATE,NOT_TOP_TABLE,후순위 통계표 후보,"품목별,수출",lexical,152,Y,,,,,,434,DT_434_STBL_1028682,공예품 품목별 수출입 실적,2016058,문화체육관광산업통계 > 수출입 실적 현황,meta_index 없음 또는 코드명 매칭 없음,,,,,,,,,,,,,,,,,,,,,,,,,,,,,,,,,,,,,,,,,,,,,meta 없음,,,"선박 수출은 2021년 높은 선가로 수주한 LNG 운반선, 대형 컨테이너선 등 고부가 선박이 본격 수출되면서 두 자릿수(18%) 증가한 256억 달러를 기록했다."
A0006-SP95A2256265,A0006-SP95A2256265-m2,선박 수출액,무역,선박,25600000000,달러,달러,currency,amount,vehicle,수준값,현재값,KOSIS_VALUE,2024,Y,전년,,1,476,320,,TABLE_ONLY,META_NOT_LOADED,통계표 메타 조회 전 후보,"수출액,품목별,수입,수출,무역",lexical,476,Y,,,,,,360,DT_1R11001_FRM101,"품목별 수출액, 수입액",1976045,SITC에의한무역통계,meta_index 없음 또는 코드명 매칭 없음,,,,,,,,,,,,,,,,,,,,,,,,,,,,,,,,,,,,,,,,,,,,,meta 없음,,,"선박 수출은 2021년 높은 선가로 수주한 LNG 운반선, 대형 컨테이너선 등 고부가 선박이 본격 수출되면서 두 자릿수(18%) 증가한 256억 달러를 기록했다."
A0006-SP95A2256265,A0006-SP95A2256265-m2,선박 수출액,무역,선박,25600000000,달러,달러,currency,amount,vehicle,수준값,현재값,KOSIS_VALUE,2024,Y,전년,,2,320,,,ALTERNATE,NOT_TOP_TABLE,후순위 통계표 후보,"선박,수출",lexical,320,Y,,,,,,146,DT_MLTM_5002627,"산업분류,기업규모,선박규모별 수출현황",2012057,원양어업통계조사,meta_index 없음 또는 코드명 매칭 없음,,,,,,,,,,,,,,,,,,,,,,,,,,,,,,,,,,,,,,,,,,,,,meta 없음,,,"선박 수출은 2021년 높은 선가로 수주한 LNG 운반선, 대형 컨테이너선 등 고부가 선박이 본격 수출되면서 두 자릿수(18%) 증가한 256억 달러를 기록했다."
A0006-SP95A2256265,A0006-SP95A2256265-m2,선박 수출액,무역,선박,25600000000,달러,달러,currency,amount,vehicle,수준값,현재값,KOSIS_VALUE,2024,Y,전년,,3,160,,,ALTERNATE,NOT_TOP_TABLE,후순위 통계표 후보,"품목별,수입,수출,무역",lexical,160,Y,,,,,,134,DT_134006_N001,품목별 수입·수출현황,2017044,기업무역활동통계,meta_index 없음 또는 코드명 매칭 없음,,,,,,,,,,,,,,,,,,,,,,,,,,,,,,,,,,,,,,,,,,,,,meta 없음,,,"선박 수출은 2021년 높은 선가로 수주한 LNG 운반선, 대형 컨테이너선 등 고부가 선박이 본격 수출되면서 두 자릿수(18%) 증가한 256억 달러를 기록했다."
A0006-SP95A2256265,A0006-SP95A2256265-m2,선박 수출액,무역,선박,25600000000,달러,달러,currency,amount,vehicle,수준값,현재값,KOSIS_VALUE,2024,Y,전년,,4,148,,,ALTERNATE,NOT_TOP_TABLE,후순위 통계표 후보,"품목별,수입,수출",lexical,148,Y,,,,,,301,DT_401Y017,수입물가지수(품목별),1976001,수출입물가조사(2020=100) > 수입물가,meta_index 없음 또는 코드명 매칭 없음,,,,,,,,,,,,,,,,,,,,,,,,,,,,,,,,,,,,,,,,,,,,,meta 없음,,,"선박 수출은 2021년 높은 선가로 수주한 LNG 운반선, 대형 컨테이너선 등 고부가 선박이 본격 수출되면서 두 자릿수(18%) 증가한 256억 달러를 기록했다."
A0006-SP95A2256265,A0006-SP95A2256265-m2,선박 수출액,무역,선박,25600000000,달러,달러,currency,amount,vehicle,수준값,현재값,KOSIS_VALUE,2024,Y,전년,,5,144,,,ALTERNATE,NOT_TOP_TABLE,후순위 통계표 후보,"품목별,수입,무역",lexical,144,Y,,,,,,134,DT_13405_004,품목별 FTA 수입활용률,2014013,FTA특혜무역활용통계,meta_index 없음 또는 코드명 매칭 없음,,,,,,,,,,,,,,,,,,,,,,,,,,,,,,,,,,,,,,,,,,,,,meta 없음,,,"선박 수출은 2021년 높은 선가로 수주한 LNG 운반선, 대형 컨테이너선 등 고부가 선박이 본격 수출되면서 두 자릿수(18%) 증가한 256억 달러를 기록했다."
A0006-SP4B17AE5654,A0006-SP4B17AE5654-m1,석유화학 수출액,무역,석유화학,48000000000,달러,달러,currency,amount,item,수준값,현재값,KOSIS_VALUE,2024,Y,전년,,1,476,160,,TABLE_ONLY,META_NOT_LOADED,통계표 메타 조회 전 후보,"수출액,품목별,수입,수출,무역",lexical,476,Y,,,,,,360,DT_1R11001_FRM101,"품목별 수출액, 수입액",1976045,SITC에의한무역통계,meta_index 없음 또는 코드명 매칭 없음,,,,,,,,,,,,,,,,,,,,,,,,,,,,,,,,,,,,,,,,,,,,,meta 없음,,,"석유화학 수출은 480억 달러로, 하반기 유가 하락에 따른 수출단가 하락에도 불구하고 수출물량이 확대되면서 5% 증가했다."
A0006-SP4B17AE5654,A0006-SP4B17AE5654-m1,석유화학 수출액,무역,석유화학,48000000000,달러,달러,currency,amount,item,수준값,현재값,KOSIS_VALUE,2024,Y,전년,,2,160,,,ALTERNATE,NOT_TOP_TABLE,후순위 통계표 후보,"품목별,수입,수출,무역",lexical,160,Y,,,,,,134,DT_134006_N001,품목별 수입·수출현황,2017044,기업무역활동통계,meta_index 없음 또는 코드명 매칭 없음,,,,,,,,,,,,,,,,,,,,,,,,,,,,,,,,,,,,,,,,,,,,,meta 없음,,,"석유화학 수출은 480억 달러로, 하반기 유가 하락에 따른 수출단가 하락에도 불구하고 수출물량이 확대되면서 5% 증가했다."
A0006-SP4B17AE5654,A0006-SP4B17AE5654-m1,석유화학 수출액,무역,석유화학,48000000000,달러,달러,currency,amount,item,수준값,현재값,KOSIS_VALUE,2024,Y,전년,,3,148,,,ALTERNATE,NOT_TOP_TABLE,후순위 통계표 후보,"품목별,수입,수출",lexical,148,Y,,,,,,301,DT_401Y017,수입물가지수(품목별),1976001,수출입물가조사(2020=100) > 수입물가,meta_index 없음 또는 코드명 매칭 없음,,,,,,,,,,,,,,,,,,,,,,,,,,,,,,,,,,,,,,,,,,,,,meta 없음,,,"석유화학 수출은 480억 달러로, 하반기 유가 하락에 따른 수출단가 하락에도 불구하고 수출물량이 확대되면서 5% 증가했다."
A0006-SP4B17AE5654,A0006-SP4B17AE5654-m1,석유화학 수출액,무역,석유화학,48000000000,달러,달러,currency,amount,item,수준값,현재값,KOSIS_VALUE,2024,Y,전년,,4,144,,,ALTERNATE,NOT_TOP_TABLE,후순위 통계표 후보,"품목별,수입,무역",lexical,144,Y,,,,,,134,DT_13405_004,품목별 FTA 수입활용률,2014013,FTA특혜무역활용통계,meta_index 없음 또는 코드명 매칭 없음,,,,,,,,,,,,,,,,,,,,,,,,,,,,,,,,,,,,,,,,,,,,,meta 없음,,,"석유화학 수출은 480억 달러로, 하반기 유가 하락에 따른 수출단가 하락에도 불구하고 수출물량이 확대되면서 5% 증가했다."
A0006-SP4B17AE5654,A0006-SP4B17AE5654-m1,석유화학 수출액,무역,석유화학,48000000000,달러,달러,currency,amount,item,수준값,현재값,KOSIS_VALUE,2024,Y,전년,,5,144,,,ALTERNATE,NOT_TOP_TABLE,후순위 통계표 후보,"품목별,수출,무역",lexical,144,Y,,,,,,134,DT_13405_003,품목별 FTA 수출활용률,2014013,FTA특혜무역활용통계,meta_index 없음 또는 코드명 매칭 없음,,,,,,,,,,,,,,,,,,,,,,,,,,,,,,,,,,,,,,,,,,,,,meta 없음,,,"석유화학 수출은 480억 달러로, 하반기 유가 하락에 따른 수출단가 하락에도 불구하고 수출물량이 확대되면서 5% 증가했다."
A0006-SP4B17AE5654,A0006-SP4B17AE5654-m2,석유화학 수출액 증감률,무역,석유화학,5,%,%,rate,rate_change,item,증감률,증감률,KOSIS_VALUE,2024,Y,전년,2023,1,476,160,,TABLE_ONLY,META_NOT_LOADED,통계표 메타 조회 전 후보,"수출액,품목별,수입,수출,무역",lexical,476,Y,,,,,,360,DT_1R11001_FRM101,"품목별 수출액, 수입액",1976045,SITC에의한무역통계,meta_index 없음 또는 코드명 매칭 없음,,,,,,,,,,,,,,,,,,,,,,,,,,,,,,,,,,,,,,,,,,,,,meta 없음,,,"석유화학 수출은 480억 달러로, 하반기 유가 하락에 따른 수출단가 하락에도 불구하고 수출물량이 확대되면서 5% 증가했다."
A0006-SP4B17AE5654,A0006-SP4B17AE5654-m2,석유화학 수출액 증감률,무역,석유화학,5,%,%,rate,rate_change,item,증감률,증감률,KOSIS_VALUE,2024,Y,전년,2023,2,160,,,ALTERNATE,NOT_TOP_TABLE,후순위 통계표 후보,"품목별,수입,수출,무역",lexical,160,Y,,,,,,134,DT_134006_N001,품목별 수입·수출현황,2017044,기업무역활동통계,meta_index 없음 또는 코드명 매칭 없음,,,,,,,,,,,,,,,,,,,,,,,,,,,,,,,,,,,,,,,,,,,,,meta 없음,,,"석유화학 수출은 480억 달러로, 하반기 유가 하락에 따른 수출단가 하락에도 불구하고 수출물량이 확대되면서 5% 증가했다."
A0006-SP4B17AE5654,A0006-SP4B17AE5654-m2,석유화학 수출액 증감률,무역,석유화학,5,%,%,rate,rate_change,item,증감률,증감률,KOSIS_VALUE,2024,Y,전년,2023,3,148,,,ALTERNATE,NOT_TOP_TABLE,후순위 통계표 후보,"품목별,수입,수출",lexical,148,Y,,,,,,301,DT_401Y017,수입물가지수(품목별),1976001,수출입물가조사(2020=100) > 수입물가,meta_index 없음 또는 코드명 매칭 없음,,,,,,,,,,,,,,,,,,,,,,,,,,,,,,,,,,,,,,,,,,,,,meta 없음,,,"석유화학 수출은 480억 달러로, 하반기 유가 하락에 따른 수출단가 하락에도 불구하고 수출물량이 확대되면서 5% 증가했다."
A0006-SP4B17AE5654,A0006-SP4B17AE5654-m2,석유화학 수출액 증감률,무역,석유화학,5,%,%,rate,rate_change,item,증감률,증감률,KOSIS_VALUE,2024,Y,전년,2023,4,144,,,ALTERNATE,NOT_TOP_TABLE,후순위 통계표 후보,"품목별,수입,무역",lexical,144,Y,,,,,,134,DT_13405_004,품목별 FTA 수입활용률,2014013,FTA특혜무역활용통계,meta_index 없음 또는 코드명 매칭 없음,,,,,,,,,,,,,,,,,,,,,,,,,,,,,,,,,,,,,,,,,,,,,meta 없음,,,"석유화학 수출은 480억 달러로, 하반기 유가 하락에 따른 수출단가 하락에도 불구하고 수출물량이 확대되면서 5% 증가했다."
A0006-SP4B17AE5654,A0006-SP4B17AE5654-m2,석유화학 수출액 증감률,무역,석유화학,5,%,%,rate,rate_change,item,증감률,증감률,KOSIS_VALUE,2024,Y,전년,2023,5,144,,,ALTERNATE,NOT_TOP_TABLE,후순위 통계표 후보,"품목별,수출,무역",lexical,144,Y,,,,,,134,DT_13405_003,품목별 FTA 수출활용률,2014013,FTA특혜무역활용통계,meta_index 없음 또는 코드명 매칭 없음,,,,,,,,,,,,,,,,,,,,,,,,,,,,,,,,,,,,,,,,,,,,,meta 없음,,,"석유화학 수출은 480억 달러로, 하반기 유가 하락에 따른 수출단가 하락에도 불구하고 수출물량이 확대되면서 5% 증가했다."
A0006-SPA4FBC97BC2,A0006-SPA4FBC97BC2-m1,바이오헬스 수출 증감률,무역,바이오헬스,13.1,%,%,rate,rate_change,item,증감률,증감률,KOSIS_VALUE,2024,Y,전년,2023,1,1750,484,,TABLE_ONLY,META_NOT_LOADED,통계표 메타 조회 전 후보,"바이오헬스산업,바이오,바이오헬스,codebook:biohealth_export_y",lexical+codebook,1750,Y,,,,biohealth_export_y,biohealth_export_y,358,DT_358004_002,바이오헬스산업 매출액,2021024,바이오헬스산업실태조사,meta_index 없음 또는 코드명 매칭 없음,,,,,,,,,,,,,,,,,,,,,,,,,,,,,,,,,,,,,,,,,,,,,코드북 후보 선택,,,"바이오헬스 수출은 바이오시밀러 등 의약품을 중심으로 전년 대비 13.1% 증가한 151억 달러를 기록했으며, 전 세계적으로 K푸드, K뷰티 선호가 확대되면서 농수산식품 수출은 117억 달러(7.6%), 화장품 수출(102억 달러, +20.6%)은 처음으로 100억 달러를 돌파하면서 역대 최대 수출실적을 경신했다."
A0006-SPA4FBC97BC2,A0006-SPA4FBC97BC2-m1,바이오헬스 수출 증감률,무역,바이오헬스,13.1,%,%,rate,rate_change,item,증감률,증감률,KOSIS_VALUE,2024,Y,전년,2023,2,484,,,ALTERNATE,NOT_TOP_TABLE,후순위 통계표 후보,"수출액,품목별,수출,수입,무역",lexical,484,Y,,,,,,360,DT_1R11001_FRM101,"품목별 수출액, 수입액",1976045,SITC에의한무역통계,meta_index 없음 또는 코드명 매칭 없음,,,,,,,,,,,,,,,,,,,,,,,,,,,,,,,,,,,,,,,,,,,,,meta 없음,,,"바이오헬스 수출은 바이오시밀러 등 의약품을 중심으로 전년 대비 13.1% 증가한 151억 달러를 기록했으며, 전 세계적으로 K푸드, K뷰티 선호가 확대되면서 농수산식품 수출은 117억 달러(7.6%), 화장품 수출(102억 달러, +20.6%)은 처음으로 100억 달러를 돌파하면서 역대 최대 수출실적을 경신했다."
A0006-SPA4FBC97BC2,A0006-SPA4FBC97BC2-m1,바이오헬스 수출 증감률,무역,바이오헬스,13.1,%,%,rate,rate_change,item,증감률,증감률,KOSIS_VALUE,2024,Y,전년,2023,3,168,,,ALTERNATE,NOT_TOP_TABLE,후순위 통계표 후보,"품목별,수출,수입,무역",lexical,168,Y,,,,,,134,DT_134006_N001,품목별 수입·수출현황,2017044,기업무역활동통계,meta_index 없음 또는 코드명 매칭 없음,,,,,,,,,,,,,,,,,,,,,,,,,,,,,,,,,,,,,,,,,,,,,meta 없음,,,"바이오헬스 수출은 바이오시밀러 등 의약품을 중심으로 전년 대비 13.1% 증가한 151억 달러를 기록했으며, 전 세계적으로 K푸드, K뷰티 선호가 확대되면서 농수산식품 수출은 117억 달러(7.6%), 화장품 수출(102억 달러, +20.6%)은 처음으로 100억 달러를 돌파하면서 역대 최대 수출실적을 경신했다."
A0006-SPA4FBC97BC2,A0006-SPA4FBC97BC2-m1,바이오헬스 수출 증감률,무역,바이오헬스,13.1,%,%,rate,rate_change,item,증감률,증감률,KOSIS_VALUE,2024,Y,전년,2023,4,152,,,ALTERNATE,NOT_TOP_TABLE,후순위 통계표 후보,"품목별,수출",lexical,152,Y,,,,,,434,DT_434_STBL_1028692,게임기기 품목별 수출입 실적,2016058,문화체육관광산업통계 > 수출입 실적 현황,meta_index 없음 또는 코드명 매칭 없음,,,,,,,,,,,,,,,,,,,,,,,,,,,,,,,,,,,,,,,,,,,,,meta 없음,,,"바이오헬스 수출은 바이오시밀러 등 의약품을 중심으로 전년 대비 13.1% 증가한 151억 달러를 기록했으며, 전 세계적으로 K푸드, K뷰티 선호가 확대되면서 농수산식품 수출은 117억 달러(7.6%), 화장품 수출(102억 달러, +20.6%)은 처음으로 100억 달러를 돌파하면서 역대 최대 수출실적을 경신했다."
A0006-SPA4FBC97BC2,A0006-SPA4FBC97BC2-m1,바이오헬스 수출 증감률,무역,바이오헬스,13.1,%,%,rate,rate_change,item,증감률,증감률,KOSIS_VALUE,2024,Y,전년,2023,5,152,,,ALTERNATE,NOT_TOP_TABLE,후순위 통계표 후보,"품목별,수출",lexical,152,Y,,,,,,434,DT_434_STBL_1028682,공예품 품목별 수출입 실적,2016058,문화체육관광산업통계 > 수출입 실적 현황,meta_index 없음 또는 코드명 매칭 없음,,,,,,,,,,,,,,,,,,,,,,,,,,,,,,,,,,,,,,,,,,,,,meta 없음,,,"바이오헬스 수출은 바이오시밀러 등 의약품을 중심으로 전년 대비 13.1% 증가한 151억 달러를 기록했으며, 전 세계적으로 K푸드, K뷰티 선호가 확대되면서 농수산식품 수출은 117억 달러(7.6%), 화장품 수출(102억 달러, +20.6%)은 처음으로 100억 달러를 돌파하면서 역대 최대 수출실적을 경신했다."
A0006-SPA4FBC97BC2,A0006-SPA4FBC97BC2-m2,바이오헬스 수출액,무역,바이오헬스,15100000000,달러,달러,currency,amount,item,수준값,현재값,KOSIS_VALUE,2024,Y,전년,,1,1750,484,,TABLE_ONLY,META_NOT_LOADED,통계표 메타 조회 전 후보,"바이오헬스산업,바이오,바이오헬스,codebook:biohealth_export_y",lexical+codebook,1750,Y,,,,biohealth_export_y,biohealth_export_y,358,DT_358004_002,바이오헬스산업 매출액,2021024,바이오헬스산업실태조사,meta_index 없음 또는 코드명 매칭 없음,,,,,,,,,,,,,,,,,,,,,,,,,,,,,,,,,,,,,,,,,,,,,코드북 후보 선택,,,"바이오헬스 수출은 바이오시밀러 등 의약품을 중심으로 전년 대비 13.1% 증가한 151억 달러를 기록했으며, 전 세계적으로 K푸드, K뷰티 선호가 확대되면서 농수산식품 수출은 117억 달러(7.6%), 화장품 수출(102억 달러, +20.6%)은 처음으로 100억 달러를 돌파하면서 역대 최대 수출실적을 경신했다."
A0006-SPA4FBC97BC2,A0006-SPA4FBC97BC2-m2,바이오헬스 수출액,무역,바이오헬스,15100000000,달러,달러,currency,amount,item,수준값,현재값,KOSIS_VALUE,2024,Y,전년,,2,484,,,ALTERNATE,NOT_TOP_TABLE,후순위 통계표 후보,"수출액,품목별,수출,수입,무역",lexical,484,Y,,,,,,360,DT_1R11001_FRM101,"품목별 수출액, 수입액",1976045,SITC에의한무역통계,meta_index 없음 또는 코드명 매칭 없음,,,,,,,,,,,,,,,,,,,,,,,,,,,,,,,,,,,,,,,,,,,,,meta 없음,,,"바이오헬스 수출은 바이오시밀러 등 의약품을 중심으로 전년 대비 13.1% 증가한 151억 달러를 기록했으며, 전 세계적으로 K푸드, K뷰티 선호가 확대되면서 농수산식품 수출은 117억 달러(7.6%), 화장품 수출(102억 달러, +20.6%)은 처음으로 100억 달러를 돌파하면서 역대 최대 수출실적을 경신했다."
A0006-SPA4FBC97BC2,A0006-SPA4FBC97BC2-m2,바이오헬스 수출액,무역,바이오헬스,15100000000,달러,달러,currency,amount,item,수준값,현재값,KOSIS_VALUE,2024,Y,전년,,3,168,,,ALTERNATE,NOT_TOP_TABLE,후순위 통계표 후보,"품목별,수출,수입,무역",lexical,168,Y,,,,,,134,DT_134006_N001,품목별 수입·수출현황,2017044,기업무역활동통계,meta_index 없음 또는 코드명 매칭 없음,,,,,,,,,,,,,,,,,,,,,,,,,,,,,,,,,,,,,,,,,,,,,meta 없음,,,"바이오헬스 수출은 바이오시밀러 등 의약품을 중심으로 전년 대비 13.1% 증가한 151억 달러를 기록했으며, 전 세계적으로 K푸드, K뷰티 선호가 확대되면서 농수산식품 수출은 117억 달러(7.6%), 화장품 수출(102억 달러, +20.6%)은 처음으로 100억 달러를 돌파하면서 역대 최대 수출실적을 경신했다."
A0006-SPA4FBC97BC2,A0006-SPA4FBC97BC2-m2,바이오헬스 수출액,무역,바이오헬스,15100000000,달러,달러,currency,amount,item,수준값,현재값,KOSIS_VALUE,2024,Y,전년,,4,152,,,ALTERNATE,NOT_TOP_TABLE,후순위 통계표 후보,"품목별,수출",lexical,152,Y,,,,,,434,DT_434_STBL_1028692,게임기기 품목별 수출입 실적,2016058,문화체육관광산업통계 > 수출입 실적 현황,meta_index 없음 또는 코드명 매칭 없음,,,,,,,,,,,,,,,,,,,,,,,,,,,,,,,,,,,,,,,,,,,,,meta 없음,,,"바이오헬스 수출은 바이오시밀러 등 의약품을 중심으로 전년 대비 13.1% 증가한 151억 달러를 기록했으며, 전 세계적으로 K푸드, K뷰티 선호가 확대되면서 농수산식품 수출은 117억 달러(7.6%), 화장품 수출(102억 달러, +20.6%)은 처음으로 100억 달러를 돌파하면서 역대 최대 수출실적을 경신했다."
A0006-SPA4FBC97BC2,A0006-SPA4FBC97BC2-m2,바이오헬스 수출액,무역,바이오헬스,15100000000,달러,달러,currency,amount,item,수준값,현재값,KOSIS_VALUE,2024,Y,전년,,5,152,,,ALTERNATE,NOT_TOP_TABLE,후순위 통계표 후보,"품목별,수출",lexical,152,Y,,,,,,434,DT_434_STBL_1028682,공예품 품목별 수출입 실적,2016058,문화체육관광산업통계 > 수출입 실적 현황,meta_index 없음 또는 코드명 매칭 없음,,,,,,,,,,,,,,,,,,,,,,,,,,,,,,,,,,,,,,,,,,,,,meta 없음,,,"바이오헬스 수출은 바이오시밀러 등 의약품을 중심으로 전년 대비 13.1% 증가한 151억 달러를 기록했으며, 전 세계적으로 K푸드, K뷰티 선호가 확대되면서 농수산식품 수출은 117억 달러(7.6%), 화장품 수출(102억 달러, +20.6%)은 처음으로 100억 달러를 돌파하면서 역대 최대 수출실적을 경신했다."
A0006-SPA4FBC97BC2,A0006-SPA4FBC97BC2-m3,농수산식품 수출 증감률,무역,농수산식품,7.6,%,%,rate,rate_change,item,증감률,증감률,KOSIS_VALUE,2024,Y,전년,2023,1,484,328,,TABLE_ONLY,META_NOT_LOADED,통계표 메타 조회 전 후보,"품목별,수출액,수출,수입,무역",lexical,484,Y,,,,,,360,DT_1R11001_FRM101,"품목별 수출액, 수입액",1976045,SITC에의한무역통계,meta_index 없음 또는 코드명 매칭 없음,,,,,,,,,,,,,,,,,,,,,,,,,,,,,,,,,,,,,,,,,,,,,meta 없음,,,"바이오헬스 수출은 바이오시밀러 등 의약품을 중심으로 전년 대비 13.1% 증가한 151억 달러를 기록했으며, 전 세계적으로 K푸드, K뷰티 선호가 확대되면서 농수산식품 수출은 117억 달러(7.6%), 화장품 수출(102억 달러, +20.6%)은 처음으로 100억 달러를 돌파하면서 역대 최대 수출실적을 경신했다."
A0006-SPA4FBC97BC2,A0006-SPA4FBC97BC2-m3,농수산식품 수출 증감률,무역,농수산식품,7.6,%,%,rate,rate_change,item,증감률,증감률,KOSIS_VALUE,2024,Y,전년,2023,2,328,,,ALTERNATE,NOT_TOP_TABLE,후순위 통계표 후보,"품목별,수출액,수출,식품",lexical,328,Y,,,,,,466,DT_446001_A027,쌀가루 생산판매 현황 : 품목별 수출액 - 총계,2024007,쌀가공식품제조업실태조사 > 쌀가공식품제조업,meta_index 없음 또는 코드명 매칭 없음,,,,,,,,,,,,,,,,,,,,,,,,,,,,,,,,,,,,,,,,,,,,,meta 없음,,,"바이오헬스 수출은 바이오시밀러 등 의약품을 중심으로 전년 대비 13.1% 증가한 151억 달러를 기록했으며, 전 세계적으로 K푸드, K뷰티 선호가 확대되면서 농수산식품 수출은 117억 달러(7.6%), 화장품 수출(102억 달러, +20.6%)은 처음으로 100억 달러를 돌파하면서 역대 최대 수출실적을 경신했다."
A0006-SPA4FBC97BC2,A0006-SPA4FBC97BC2-m3,농수산식품 수출 증감률,무역,농수산식품,7.6,%,%,rate,rate_change,item,증감률,증감률,KOSIS_VALUE,2024,Y,전년,2023,3,318,,,ALTERNATE,NOT_TOP_TABLE,후순위 통계표 후보,"식품,품목별,수입",lexical,318,Y,,,,,,145,TX_145_2009_H1026,가공식품 국가 및 품목별(중량순),2006066,수입식품현황 > 수입식품등 국가 및 품목별 검사현황,meta_index 없음 또는 코드명 매칭 없음,,,,,,,,,,,,,,,,,,,,,,,,,,,,,,,,,,,,,,,,,,,,,meta 없음,,,"바이오헬스 수출은 바이오시밀러 등 의약품을 중심으로 전년 대비 13.1% 증가한 151억 달러를 기록했으며, 전 세계적으로 K푸드, K뷰티 선호가 확대되면서 농수산식품 수출은 117억 달러(7.6%), 화장품 수출(102억 달러, +20.6%)은 처음으로 100억 달러를 돌파하면서 역대 최대 수출실적을 경신했다."
A0006-SPA4FBC97BC2,A0006-SPA4FBC97BC2-m3,농수산식품 수출 증감률,무역,농수산식품,7.6,%,%,rate,rate_change,item,증감률,증감률,KOSIS_VALUE,2024,Y,전년,2023,4,318,,,ALTERNATE,NOT_TOP_TABLE,후순위 통계표 후보,"식품,품목별,수입",lexical,318,Y,,,,,,145,TX_145_2009_H1028,식품첨가물 국가 및 품목별(중량순),2006066,수입식품현황 > 수입식품등 국가 및 품목별 검사현황,meta_index 없음 또는 코드명 매칭 없음,,,,,,,,,,,,,,,,,,,,,,,,,,,,,,,,,,,,,,,,,,,,,meta 없음,,,"바이오헬스 수출은 바이오시밀러 등 의약품을 중심으로 전년 대비 13.1% 증가한 151억 달러를 기록했으며, 전 세계적으로 K푸드, K뷰티 선호가 확대되면서 농수산식품 수출은 117억 달러(7.6%), 화장품 수출(102억 달러, +20.6%)은 처음으로 100억 달러를 돌파하면서 역대 최대 수출실적을 경신했다."
A0006-SPA4FBC97BC2,A0006-SPA4FBC97BC2-m3,농수산식품 수출 증감률,무역,농수산식품,7.6,%,%,rate,rate_change,item,증감률,증감률,KOSIS_VALUE,2024,Y,전년,2023,5,294,,,ALTERNATE,NOT_TOP_TABLE,후순위 통계표 후보,"품목별,식품,수입",lexical,294,Y,,,,,,145,TX_145_2009_H1029,기구 또는 용기·포장 국가 및 품목별(중량순),2006066,수입식품현황 > 수입식품등 국가 및 품목별 검사현황,meta_index 없음 또는 코드명 매칭 없음,,,,,,,,,,,,,,,,,,,,,,,,,,,,,,,,,,,,,,,,,,,,,meta 없음,,,"바이오헬스 수출은 바이오시밀러 등 의약품을 중심으로 전년 대비 13.1% 증가한 151억 달러를 기록했으며, 전 세계적으로 K푸드, K뷰티 선호가 확대되면서 농수산식품 수출은 117억 달러(7.6%), 화장품 수출(102억 달러, +20.6%)은 처음으로 100억 달러를 돌파하면서 역대 최대 수출실적을 경신했다."
A0006-SPA4FBC97BC2,A0006-SPA4FBC97BC2-m4,농수산식품 수출액,무역,농수산식품,11700000000,달러,달러,currency,amount,item,수준값,현재값,KOSIS_VALUE,2024,Y,전년,,1,484,328,,TABLE_ONLY,META_NOT_LOADED,통계표 메타 조회 전 후보,"수출액,품목별,수출,수입,무역",lexical,484,Y,,,,,,360,DT_1R11001_FRM101,"품목별 수출액, 수입액",1976045,SITC에의한무역통계,meta_index 없음 또는 코드명 매칭 없음,,,,,,,,,,,,,,,,,,,,,,,,,,,,,,,,,,,,,,,,,,,,,meta 없음,,,"바이오헬스 수출은 바이오시밀러 등 의약품을 중심으로 전년 대비 13.1% 증가한 151억 달러를 기록했으며, 전 세계적으로 K푸드, K뷰티 선호가 확대되면서 농수산식품 수출은 117억 달러(7.6%), 화장품 수출(102억 달러, +20.6%)은 처음으로 100억 달러를 돌파하면서 역대 최대 수출실적을 경신했다."
A0006-SPA4FBC97BC2,A0006-SPA4FBC97BC2-m4,농수산식품 수출액,무역,농수산식품,11700000000,달러,달러,currency,amount,item,수준값,현재값,KOSIS_VALUE,2024,Y,전년,,2,328,,,ALTERNATE,NOT_TOP_TABLE,후순위 통계표 후보,"수출액,품목별,수출,식품",lexical,328,Y,,,,,,466,DT_446001_A027,쌀가루 생산판매 현황 : 품목별 수출액 - 총계,2024007,쌀가공식품제조업실태조사 > 쌀가공식품제조업,meta_index 없음 또는 코드명 매칭 없음,,,,,,,,,,,,,,,,,,,,,,,,,,,,,,,,,,,,,,,,,,,,,meta 없음,,,"바이오헬스 수출은 바이오시밀러 등 의약품을 중심으로 전년 대비 13.1% 증가한 151억 달러를 기록했으며, 전 세계적으로 K푸드, K뷰티 선호가 확대되면서 농수산식품 수출은 117억 달러(7.6%), 화장품 수출(102억 달러, +20.6%)은 처음으로 100억 달러를 돌파하면서 역대 최대 수출실적을 경신했다."
A0006-SPA4FBC97BC2,A0006-SPA4FBC97BC2-m4,농수산식품 수출액,무역,농수산식품,11700000000,달러,달러,currency,amount,item,수준값,현재값,KOSIS_VALUE,2024,Y,전년,,3,318,,,ALTERNATE,NOT_TOP_TABLE,후순위 통계표 후보,"식품,품목별,수입",lexical,318,Y,,,,,,145,TX_145_2009_H1026,가공식품 국가 및 품목별(중량순),2006066,수입식품현황 > 수입식품등 국가 및 품목별 검사현황,meta_index 없음 또는 코드명 매칭 없음,,,,,,,,,,,,,,,,,,,,,,,,,,,,,,,,,,,,,,,,,,,,,meta 없음,,,"바이오헬스 수출은 바이오시밀러 등 의약품을 중심으로 전년 대비 13.1% 증가한 151억 달러를 기록했으며, 전 세계적으로 K푸드, K뷰티 선호가 확대되면서 농수산식품 수출은 117억 달러(7.6%), 화장품 수출(102억 달러, +20.6%)은 처음으로 100억 달러를 돌파하면서 역대 최대 수출실적을 경신했다."
A0006-SPA4FBC97BC2,A0006-SPA4FBC97BC2-m4,농수산식품 수출액,무역,농수산식품,11700000000,달러,달러,currency,amount,item,수준값,현재값,KOSIS_VALUE,2024,Y,전년,,4,318,,,ALTERNATE,NOT_TOP_TABLE,후순위 통계표 후보,"식품,품목별,수입",lexical,318,Y,,,,,,145,TX_145_2009_H1028,식품첨가물 국가 및 품목별(중량순),2006066,수입식품현황 > 수입식품등 국가 및 품목별 검사현황,meta_index 없음 또는 코드명 매칭 없음,,,,,,,,,,,,,,,,,,,,,,,,,,,,,,,,,,,,,,,,,,,,,meta 없음,,,"바이오헬스 수출은 바이오시밀러 등 의약품을 중심으로 전년 대비 13.1% 증가한 151억 달러를 기록했으며, 전 세계적으로 K푸드, K뷰티 선호가 확대되면서 농수산식품 수출은 117억 달러(7.6%), 화장품 수출(102억 달러, +20.6%)은 처음으로 100억 달러를 돌파하면서 역대 최대 수출실적을 경신했다."
A0006-SPA4FBC97BC2,A0006-SPA4FBC97BC2-m4,농수산식품 수출액,무역,농수산식품,11700000000,달러,달러,currency,amount,item,수준값,현재값,KOSIS_VALUE,2024,Y,전년,,5,294,,,ALTERNATE,NOT_TOP_TABLE,후순위 통계표 후보,"품목별,식품,수입",lexical,294,Y,,,,,,145,TX_145_2009_H1029,기구 또는 용기·포장 국가 및 품목별(중량순),2006066,수입식품현황 > 수입식품등 국가 및 품목별 검사현황,meta_index 없음 또는 코드명 매칭 없음,,,,,,,,,,,,,,,,,,,,,,,,,,,,,,,,,,,,,,,,,,,,,meta 없음,,,"바이오헬스 수출은 바이오시밀러 등 의약품을 중심으로 전년 대비 13.1% 증가한 151억 달러를 기록했으며, 전 세계적으로 K푸드, K뷰티 선호가 확대되면서 농수산식품 수출은 117억 달러(7.6%), 화장품 수출(102억 달러, +20.6%)은 처음으로 100억 달러를 돌파하면서 역대 최대 수출실적을 경신했다."
A0006-SPA4FBC97BC2,A0006-SPA4FBC97BC2-m5,화장품 수출액,무역,화장품,10200000000,달러,달러,currency,amount,item,수준값,현재값,KOSIS_VALUE,2024,Y,전년,,1,484,422,,TABLE_ONLY,META_NOT_LOADED,통계표 메타 조회 전 후보,"수출액,품목별,수출,수입,무역",lexical,484,Y,,,,,,360,DT_1R11001_FRM101,"품목별 수출액, 수입액",1976045,SITC에의한무역통계,meta_index 없음 또는 코드명 매칭 없음,,,,,,,,,,,,,,,,,,,,,,,,,,,,,,,,,,,,,,,,,,,,,meta 없음,,,"바이오헬스 수출은 바이오시밀러 등 의약품을 중심으로 전년 대비 13.1% 증가한 151억 달러를 기록했으며, 전 세계적으로 K푸드, K뷰티 선호가 확대되면서 농수산식품 수출은 117억 달러(7.6%), 화장품 수출(102억 달러, +20.6%)은 처음으로 100억 달러를 돌파하면서 역대 최대 수출실적을 경신했다."
A0006-SPA4FBC97BC2,A0006-SPA4FBC97BC2-m5,화장품 수출액,무역,화장품,10200000000,달러,달러,currency,amount,item,수준값,현재값,KOSIS_VALUE,2024,Y,전년,,2,422,,,ALTERNATE,NOT_TOP_TABLE,후순위 통계표 후보,"화장품,수출액,수출,수입",lexical,422,Y,,,,,,145,DT_145011_A006,화장품 수입 및 수출액 현황,2017087,화장품산업현황 > 화장품 수출입 현황,meta_index 없음 또는 코드명 매칭 없음,,,,,,,,,,,,,,,,,,,,,,,,,,,,,,,,,,,,,,,,,,,,,meta 없음,,,"바이오헬스 수출은 바이오시밀러 등 의약품을 중심으로 전년 대비 13.1% 증가한 151억 달러를 기록했으며, 전 세계적으로 K푸드, K뷰티 선호가 확대되면서 농수산식품 수출은 117억 달러(7.6%), 화장품 수출(102억 달러, +20.6%)은 처음으로 100억 달러를 돌파하면서 역대 최대 수출실적을 경신했다."
A0006-SPA4FBC97BC2,A0006-SPA4FBC97BC2-m5,화장품 수출액,무역,화장품,10200000000,달러,달러,currency,amount,item,수준값,현재값,KOSIS_VALUE,2024,Y,전년,,3,350,,,ALTERNATE,NOT_TOP_TABLE,후순위 통계표 후보,"화장품,수입",lexical,350,Y,,,,,,145,DT_145011_A002,화장품 수입업체 현황,2017087,화장품산업현황 > 업체 현황,meta_index 없음 또는 코드명 매칭 없음,,,,,,,,,,,,,,,,,,,,,,,,,,,,,,,,,,,,,,,,,,,,,meta 없음,,,"바이오헬스 수출은 바이오시밀러 등 의약품을 중심으로 전년 대비 13.1% 증가한 151억 달러를 기록했으며, 전 세계적으로 K푸드, K뷰티 선호가 확대되면서 농수산식품 수출은 117억 달러(7.6%), 화장품 수출(102억 달러, +20.6%)은 처음으로 100억 달러를 돌파하면서 역대 최대 수출실적을 경신했다."
A0006-SPA4FBC97BC2,A0006-SPA4FBC97BC2-m5,화장품 수출액,무역,화장품,10200000000,달러,달러,currency,amount,item,수준값,현재값,KOSIS_VALUE,2024,Y,전년,,4,346,,,ALTERNATE,NOT_TOP_TABLE,후순위 통계표 후보,"화장품,수출",lexical,346,Y,,,,,,145,DT_145011_A009,국내 화장품산업 현황,2017087,화장품산업현황 > 화장품 수출입 현황,meta_index 없음 또는 코드명 매칭 없음,,,,,,,,,,,,,,,,,,,,,,,,,,,,,,,,,,,,,,,,,,,,,meta 없음,,,"바이오헬스 수출은 바이오시밀러 등 의약품을 중심으로 전년 대비 13.1% 증가한 151억 달러를 기록했으며, 전 세계적으로 K푸드, K뷰티 선호가 확대되면서 농수산식품 수출은 117억 달러(7.6%), 화장품 수출(102억 달러, +20.6%)은 처음으로 100억 달러를 돌파하면서 역대 최대 수출실적을 경신했다."
A0006-SPA4FBC97BC2,A0006-SPA4FBC97BC2-m5,화장품 수출액,무역,화장품,10200000000,달러,달러,currency,amount,item,수준값,현재값,KOSIS_VALUE,2024,Y,전년,,5,168,,,ALTERNATE,NOT_TOP_TABLE,후순위 통계표 후보,"품목별,수출,수입,무역",lexical,168,Y,,,,,,134,DT_134006_N001,품목별 수입·수출현황,2017044,기업무역활동통계,meta_index 없음 또는 코드명 매칭 없음,,,,,,,,,,,,,,,,,,,,,,,,,,,,,,,,,,,,,,,,,,,,,meta 없음,,,"바이오헬스 수출은 바이오시밀러 등 의약품을 중심으로 전년 대비 13.1% 증가한 151억 달러를 기록했으며, 전 세계적으로 K푸드, K뷰티 선호가 확대되면서 농수산식품 수출은 117억 달러(7.6%), 화장품 수출(102억 달러, +20.6%)은 처음으로 100억 달러를 돌파하면서 역대 최대 수출실적을 경신했다."
A0006-SPA4FBC97BC2,A0006-SPA4FBC97BC2-m6,화장품 수출 증감률,무역,화장품,20.6,%,%,rate,rate_change,item,증감률,증감률,KOSIS_VALUE,2024,Y,전년,2023,1,484,422,,TABLE_ONLY,META_NOT_LOADED,통계표 메타 조회 전 후보,"품목별,수출액,수출,수입,무역",lexical,484,Y,,,,,,360,DT_1R11001_FRM101,"품목별 수출액, 수입액",1976045,SITC에의한무역통계,meta_index 없음 또는 코드명 매칭 없음,,,,,,,,,,,,,,,,,,,,,,,,,,,,,,,,,,,,,,,,,,,,,meta 없음,,,"바이오헬스 수출은 바이오시밀러 등 의약품을 중심으로 전년 대비 13.1% 증가한 151억 달러를 기록했으며, 전 세계적으로 K푸드, K뷰티 선호가 확대되면서 농수산식품 수출은 117억 달러(7.6%), 화장품 수출(102억 달러, +20.6%)은 처음으로 100억 달러를 돌파하면서 역대 최대 수출실적을 경신했다."
A0006-SPA4FBC97BC2,A0006-SPA4FBC97BC2-m6,화장품 수출 증감률,무역,화장품,20.6,%,%,rate,rate_change,item,증감률,증감률,KOSIS_VALUE,2024,Y,전년,2023,2,422,,,ALTERNATE,NOT_TOP_TABLE,후순위 통계표 후보,"화장품,수출액,수출,수입",lexical,422,Y,,,,,,145,DT_145011_A006,화장품 수입 및 수출액 현황,2017087,화장품산업현황 > 화장품 수출입 현황,meta_index 없음 또는 코드명 매칭 없음,,,,,,,,,,,,,,,,,,,,,,,,,,,,,,,,,,,,,,,,,,,,,meta 없음,,,"바이오헬스 수출은 바이오시밀러 등 의약품을 중심으로 전년 대비 13.1% 증가한 151억 달러를 기록했으며, 전 세계적으로 K푸드, K뷰티 선호가 확대되면서 농수산식품 수출은 117억 달러(7.6%), 화장품 수출(102억 달러, +20.6%)은 처음으로 100억 달러를 돌파하면서 역대 최대 수출실적을 경신했다."
A0006-SPA4FBC97BC2,A0006-SPA4FBC97BC2-m6,화장품 수출 증감률,무역,화장품,20.6,%,%,rate,rate_change,item,증감률,증감률,KOSIS_VALUE,2024,Y,전년,2023,3,350,,,ALTERNATE,NOT_TOP_TABLE,후순위 통계표 후보,"화장품,수입",lexical,350,Y,,,,,,145,DT_145011_A002,화장품 수입업체 현황,2017087,화장품산업현황 > 업체 현황,meta_index 없음 또는 코드명 매칭 없음,,,,,,,,,,,,,,,,,,,,,,,,,,,,,,,,,,,,,,,,,,,,,meta 없음,,,"바이오헬스 수출은 바이오시밀러 등 의약품을 중심으로 전년 대비 13.1% 증가한 151억 달러를 기록했으며, 전 세계적으로 K푸드, K뷰티 선호가 확대되면서 농수산식품 수출은 117억 달러(7.6%), 화장품 수출(102억 달러, +20.6%)은 처음으로 100억 달러를 돌파하면서 역대 최대 수출실적을 경신했다."
A0006-SPA4FBC97BC2,A0006-SPA4FBC97BC2-m6,화장품 수출 증감률,무역,화장품,20.6,%,%,rate,rate_change,item,증감률,증감률,KOSIS_VALUE,2024,Y,전년,2023,4,346,,,ALTERNATE,NOT_TOP_TABLE,후순위 통계표 후보,"화장품,수출",lexical,346,Y,,,,,,145,DT_145011_A009,국내 화장품산업 현황,2017087,화장품산업현황 > 화장품 수출입 현황,meta_index 없음 또는 코드명 매칭 없음,,,,,,,,,,,,,,,,,,,,,,,,,,,,,,,,,,,,,,,,,,,,,meta 없음,,,"바이오헬스 수출은 바이오시밀러 등 의약품을 중심으로 전년 대비 13.1% 증가한 151억 달러를 기록했으며, 전 세계적으로 K푸드, K뷰티 선호가 확대되면서 농수산식품 수출은 117억 달러(7.6%), 화장품 수출(102억 달러, +20.6%)은 처음으로 100억 달러를 돌파하면서 역대 최대 수출실적을 경신했다."
A0006-SPA4FBC97BC2,A0006-SPA4FBC97BC2-m6,화장품 수출 증감률,무역,화장품,20.6,%,%,rate,rate_change,item,증감률,증감률,KOSIS_VALUE,2024,Y,전년,2023,5,168,,,ALTERNATE,NOT_TOP_TABLE,후순위 통계표 후보,"품목별,수출,수입,무역",lexical,168,Y,,,,,,134,DT_134006_N001,품목별 수입·수출현황,2017044,기업무역활동통계,meta_index 없음 또는 코드명 매칭 없음,,,,,,,,,,,,,,,,,,,,,,,,,,,,,,,,,,,,,,,,,,,,,meta 없음,,,"바이오헬스 수출은 바이오시밀러 등 의약품을 중심으로 전년 대비 13.1% 증가한 151억 달러를 기록했으며, 전 세계적으로 K푸드, K뷰티 선호가 확대되면서 농수산식품 수출은 117억 달러(7.6%), 화장품 수출(102억 달러, +20.6%)은 처음으로 100억 달러를 돌파하면서 역대 최대 수출실적을 경신했다."
A0006-SP9461F3F4FE,A0006-SP9461F3F4FE-m1,총수출액,무역,-,61400000000,달러,달러,currency,amount,unspecified,수준값,현재값,KOSIS_VALUE,2024,M,전년동월,,1,484,240,,TABLE_ONLY,META_NOT_LOADED,통계표 메타 조회 전 후보,"품목별,수출액,수출,수입,무역",lexical,484,Y,,,,,,360,DT_1R11001_FRM101,"품목별 수출액, 수입액",1976045,SITC에의한무역통계,meta_index 없음 또는 코드명 매칭 없음,,,,,,,,,,,,,,,,,,,,,,,,,,,,,,,,,,,,,,,,,,,,,meta 없음,,,◇12월 수출 6.6% 늘어난 614억달러...수출 증가율 5개월 만에 반등 한편 이날 동시에 발표된 지난 12월 수출액은 614억달러로 전년 동월 대비 6.6% 증가했다.
A0006-SP9461F3F4FE,A0006-SP9461F3F4FE-m1,총수출액,무역,-,61400000000,달러,달러,currency,amount,unspecified,수준값,현재값,KOSIS_VALUE,2024,M,전년동월,,2,240,,,ALTERNATE,NOT_TOP_TABLE,후순위 통계표 후보,"수출액,수출,총수출액",lexical,240,Y,,,,,,115,DT_115040_21,연간 총 수출액,2024010,탄소소재·부품산업통계조사,meta_index 없음 또는 코드명 매칭 없음,,,,,,,,,,,,,,,,,,,,,,,,,,,,,,,,,,,,,,,,,,,,,meta 없음,,,◇12월 수출 6.6% 늘어난 614억달러...수출 증가율 5개월 만에 반등 한편 이날 동시에 발표된 지난 12월 수출액은 614억달러로 전년 동월 대비 6.6% 증가했다.
A0006-SP9461F3F4FE,A0006-SP9461F3F4FE-m1,총수출액,무역,-,61400000000,달러,달러,currency,amount,unspecified,수준값,현재값,KOSIS_VALUE,2024,M,전년동월,,3,240,,,ALTERNATE,NOT_TOP_TABLE,후순위 통계표 후보,"수출액,수출,총수출액",lexical,240,Y,,,,,,127,DT_127010_049,클라우드 부문 총 수출액 및 해외법인 총 매출액 현황,2018022,클라우드산업실태조사,meta_index 없음 또는 코드명 매칭 없음,,,,,,,,,,,,,,,,,,,,,,,,,,,,,,,,,,,,,,,,,,,,,meta 없음,,,◇12월 수출 6.6% 늘어난 614억달러...수출 증가율 5개월 만에 반등 한편 이날 동시에 발표된 지난 12월 수출액은 614억달러로 전년 동월 대비 6.6% 증가했다.
A0006-SP9461F3F4FE,A0006-SP9461F3F4FE-m1,총수출액,무역,-,61400000000,달러,달러,currency,amount,unspecified,수준값,현재값,KOSIS_VALUE,2024,M,전년동월,,4,176,,,ALTERNATE,NOT_TOP_TABLE,후순위 통계표 후보,"품목별,수출액,수출",lexical,176,Y,,,,,,466,DT_446001_A027,쌀가루 생산판매 현황 : 품목별 수출액 - 총계,2024007,쌀가공식품제조업실태조사 > 쌀가공식품제조업,meta_index 없음 또는 코드명 매칭 없음,,,,,,,,,,,,,,,,,,,,,,,,,,,,,,,,,,,,,,,,,,,,,meta 없음,,,◇12월 수출 6.6% 늘어난 614억달러...수출 증가율 5개월 만에 반등 한편 이날 동시에 발표된 지난 12월 수출액은 614억달러로 전년 동월 대비 6.6% 증가했다.
A0006-SP9461F3F4FE,A0006-SP9461F3F4FE-m1,총수출액,무역,-,61400000000,달러,달러,currency,amount,unspecified,수준값,현재값,KOSIS_VALUE,2024,M,전년동월,,5,168,,,ALTERNATE,NOT_TOP_TABLE,후순위 통계표 후보,"품목별,수출,수입,무역",lexical,168,Y,,,,,,134,DT_134006_N001,품목별 수입·수출현황,2017044,기업무역활동통계,meta_index 없음 또는 코드명 매칭 없음,,,,,,,,,,,,,,,,,,,,,,,,,,,,,,,,,,,,,,,,,,,,,meta 없음,,,◇12월 수출 6.6% 늘어난 614억달러...수출 증가율 5개월 만에 반등 한편 이날 동시에 발표된 지난 12월 수출액은 614억달러로 전년 동월 대비 6.6% 증가했다.
A0006-SP9461F3F4FE,A0006-SP9461F3F4FE-m2,수출 증가율,무역,-,6.6,%,%,rate,rate_change,unspecified,증감률,증감률,KOSIS_VALUE,2024,M,전년동월,2023,1,404,116,,TABLE_ONLY,META_NOT_LOADED,통계표 메타 조회 전 후보,"품목별,수출액,수출,수입,무역",lexical,404,Y,,,,,,360,DT_1R11001_FRM101,"품목별 수출액, 수입액",1976045,SITC에의한무역통계,meta_index 없음 또는 코드명 매칭 없음,,,,,,,,,,,,,,,,,,,,,,,,,,,,,,,,,,,,,,,,,,,,,meta 없음,,,◇12월 수출 6.6% 늘어난 614억달러...수출 증가율 5개월 만에 반등 한편 이날 동시에 발표된 지난 12월 수출액은 614억달러로 전년 동월 대비 6.6% 증가했다.
A0006-SP9461F3F4FE,A0006-SP9461F3F4FE-m2,수출 증가율,무역,-,6.6,%,%,rate,rate_change,unspecified,증감률,증감률,KOSIS_VALUE,2024,M,전년동월,2023,2,116,,,ALTERNATE,NOT_TOP_TABLE,후순위 통계표 후보,수출,lexical,116,Y,,,,,,127,DT_092_115_2009_S023,IT산업별/월별 수출 현황,2007407,ICT수출입통계,meta_index 없음 또는 코드명 매칭 없음,,,,,,,,,,,,,,,,,,,,,,,,,,,,,,,,,,,,,,,,,,,,,meta 없음,,,◇12월 수출 6.6% 늘어난 614억달러...수출 증가율 5개월 만에 반등 한편 이날 동시에 발표된 지난 12월 수출액은 614억달러로 전년 동월 대비 6.6% 증가했다.
A0006-SP9461F3F4FE,A0006-SP9461F3F4FE-m2,수출 증가율,무역,-,6.6,%,%,rate,rate_change,unspecified,증감률,증감률,KOSIS_VALUE,2024,M,전년동월,2023,3,116,,,ALTERNATE,NOT_TOP_TABLE,후순위 통계표 후보,수출,lexical,116,Y,,,,,,434,DT_434_STBL_1028697,월별 수출실적,2016058,문화체육관광산업통계 > 수출입 실적 현황,meta_index 없음 또는 코드명 매칭 없음,,,,,,,,,,,,,,,,,,,,,,,,,,,,,,,,,,,,,,,,,,,,,meta 없음,,,◇12월 수출 6.6% 늘어난 614억달러...수출 증가율 5개월 만에 반등 한편 이날 동시에 발표된 지난 12월 수출액은 614억달러로 전년 동월 대비 6.6% 증가했다.
A0006-SP9461F3F4FE,A0006-SP9461F3F4FE-m2,수출 증가율,무역,-,6.6,%,%,rate,rate_change,unspecified,증감률,증감률,KOSIS_VALUE,2024,M,전년동월,2023,4,116,,,ALTERNATE,NOT_TOP_TABLE,후순위 통계표 후보,수출,lexical,116,Y,,,,,,434,DT_434001_C301,월별 수출입 실적,2016058,문화체육관광산업통계 > 수출입 실적 현황,meta_index 없음 또는 코드명 매칭 없음,,,,,,,,,,,,,,,,,,,,,,,,,,,,,,,,,,,,,,,,,,,,,meta 없음,,,◇12월 수출 6.6% 늘어난 614억달러...수출 증가율 5개월 만에 반등 한편 이날 동시에 발표된 지난 12월 수출액은 614억달러로 전년 동월 대비 6.6% 증가했다.
A0006-SP9461F3F4FE,A0006-SP9461F3F4FE-m2,수출 증가율,무역,-,6.6,%,%,rate,rate_change,unspecified,증감률,증감률,KOSIS_VALUE,2024,M,전년동월,2023,5,108,,,ALTERNATE,NOT_TOP_TABLE,후순위 통계표 후보,"수입,수출",lexical,108,Y,,,,,,127,DT_092_115_2009_S024,IT산업별/월별 수입 현황,2007407,ICT수출입통계,meta_index 없음 또는 코드명 매칭 없음,,,,,,,,,,,,,,,,,,,,,,,,,,,,,,,,,,,,,,,,,,,,,meta 없음,,,◇12월 수출 6.6% 늘어난 614억달러...수출 증가율 5개월 만에 반등 한편 이날 동시에 발표된 지난 12월 수출액은 614억달러로 전년 동월 대비 6.6% 증가했다.
A0006-SP270B11DBD0,A0006-SP270B11DBD0-m1,수출 증가율,무역,반도체,31.5,%,%,rate,rate_change,item,증감률,증감률,KOSIS_VALUE,202412,M,전년동월,202312,1,1222,484,,TABLE_ONLY,META_NOT_LOADED,통계표 메타 조회 전 후보,"IT산업,수출,ICT,codebook:semiconductor_export_m",lexical+codebook,1222,Y,,,,semiconductor_export_m,semiconductor_export_m,127,DT_092_115_2009_S023,IT산업별/월별 수출 현황,2007407,ICT수출입통계,meta_index 없음 또는 코드명 매칭 없음,,,,,,,,,,,,,,,,,,,,,,,,,,,,,,,,,,,,,,,,,,,,,코드북 후보 선택,,,12월 수출도 한국의 최대 수출 품목인 반도체가 31.5% 증가한 145억 달러를 기록하며 호실적을 이끌었다.
A0006-SP270B11DBD0,A0006-SP270B11DBD0-m1,수출 증가율,무역,반도체,31.5,%,%,rate,rate_change,item,증감률,증감률,KOSIS_VALUE,202412,M,전년동월,202312,2,484,,,ALTERNATE,NOT_TOP_TABLE,후순위 통계표 후보,"품목별,수출액,수출,수입,무역",lexical,484,Y,,,,,,360,DT_1R11001_FRM101,"품목별 수출액, 수입액",1976045,SITC에의한무역통계,meta_index 없음 또는 코드명 매칭 없음,,,,,,,,,,,,,,,,,,,,,,,,,,,,,,,,,,,,,,,,,,,,,meta 없음,,,12월 수출도 한국의 최대 수출 품목인 반도체가 31.5% 증가한 145억 달러를 기록하며 호실적을 이끌었다.
A0006-SP270B11DBD0,A0006-SP270B11DBD0-m1,수출 증가율,무역,반도체,31.5,%,%,rate,rate_change,item,증감률,증감률,KOSIS_VALUE,202412,M,전년동월,202312,3,168,,,ALTERNATE,NOT_TOP_TABLE,후순위 통계표 후보,"품목별,수출,수입,무역",lexical,168,Y,,,,,,134,DT_134006_N001,품목별 수입·수출현황,2017044,기업무역활동통계,meta_index 없음 또는 코드명 매칭 없음,,,,,,,,,,,,,,,,,,,,,,,,,,,,,,,,,,,,,,,,,,,,,meta 없음,,,12월 수출도 한국의 최대 수출 품목인 반도체가 31.5% 증가한 145억 달러를 기록하며 호실적을 이끌었다.
A0006-SP270B11DBD0,A0006-SP270B11DBD0-m1,수출 증가율,무역,반도체,31.5,%,%,rate,rate_change,item,증감률,증감률,KOSIS_VALUE,202412,M,전년동월,202312,4,152,,,ALTERNATE,NOT_TOP_TABLE,후순위 통계표 후보,"품목별,수출",lexical,152,Y,,,,,,434,DT_434_STBL_1028692,게임기기 품목별 수출입 실적,2016058,문화체육관광산업통계 > 수출입 실적 현황,meta_index 없음 또는 코드명 매칭 없음,,,,,,,,,,,,,,,,,,,,,,,,,,,,,,,,,,,,,,,,,,,,,meta 없음,,,12월 수출도 한국의 최대 수출 품목인 반도체가 31.5% 증가한 145억 달러를 기록하며 호실적을 이끌었다.
A0006-SP270B11DBD0,A0006-SP270B11DBD0-m1,수출 증가율,무역,반도체,31.5,%,%,rate,rate_change,item,증감률,증감률,KOSIS_VALUE,202412,M,전년동월,202312,5,152,,,ALTERNATE,NOT_TOP_TABLE,후순위 통계표 후보,"품목별,수출",lexical,152,Y,,,,,,434,DT_434_STBL_1028682,공예품 품목별 수출입 실적,2016058,문화체육관광산업통계 > 수출입 실적 현황,meta_index 없음 또는 코드명 매칭 없음,,,,,,,,,,,,,,,,,,,,,,,,,,,,,,,,,,,,,,,,,,,,,meta 없음,,,12월 수출도 한국의 최대 수출 품목인 반도체가 31.5% 증가한 145억 달러를 기록하며 호실적을 이끌었다.
A0006-SP270B11DBD0,A0006-SP270B11DBD0-m2,수출액,무역,반도체,14500000000,달러,달러,currency,amount,item,수준값,현재값,KOSIS_VALUE,202412,M,전년동월,,1,1222,484,,TABLE_ONLY,META_NOT_LOADED,통계표 메타 조회 전 후보,"IT산업,수출,ICT,codebook:semiconductor_export_m",lexical+codebook,1222,Y,,,,semiconductor_export_m,semiconductor_export_m,127,DT_092_115_2009_S023,IT산업별/월별 수출 현황,2007407,ICT수출입통계,meta_index 없음 또는 코드명 매칭 없음,,,,,,,,,,,,,,,,,,,,,,,,,,,,,,,,,,,,,,,,,,,,,코드북 후보 선택,,,12월 수출도 한국의 최대 수출 품목인 반도체가 31.5% 증가한 145억 달러를 기록하며 호실적을 이끌었다.
A0006-SP270B11DBD0,A0006-SP270B11DBD0-m2,수출액,무역,반도체,14500000000,달러,달러,currency,amount,item,수준값,현재값,KOSIS_VALUE,202412,M,전년동월,,2,484,,,ALTERNATE,NOT_TOP_TABLE,후순위 통계표 후보,"수출액,품목별,수출,수입,무역",lexical,484,Y,,,,,,360,DT_1R11001_FRM101,"품목별 수출액, 수입액",1976045,SITC에의한무역통계,meta_index 없음 또는 코드명 매칭 없음,,,,,,,,,,,,,,,,,,,,,,,,,,,,,,,,,,,,,,,,,,,,,meta 없음,,,12월 수출도 한국의 최대 수출 품목인 반도체가 31.5% 증가한 145억 달러를 기록하며 호실적을 이끌었다.
A0006-SP270B11DBD0,A0006-SP270B11DBD0-m2,수출액,무역,반도체,14500000000,달러,달러,currency,amount,item,수준값,현재값,KOSIS_VALUE,202412,M,전년동월,,3,168,,,ALTERNATE,NOT_TOP_TABLE,후순위 통계표 후보,"품목별,수출,수입,무역",lexical,168,Y,,,,,,134,DT_134006_N001,품목별 수입·수출현황,2017044,기업무역활동통계,meta_index 없음 또는 코드명 매칭 없음,,,,,,,,,,,,,,,,,,,,,,,,,,,,,,,,,,,,,,,,,,,,,meta 없음,,,12월 수출도 한국의 최대 수출 품목인 반도체가 31.5% 증가한 145억 달러를 기록하며 호실적을 이끌었다.
A0006-SP270B11DBD0,A0006-SP270B11DBD0-m2,수출액,무역,반도체,14500000000,달러,달러,currency,amount,item,수준값,현재값,KOSIS_VALUE,202412,M,전년동월,,4,152,,,ALTERNATE,NOT_TOP_TABLE,후순위 통계표 후보,"품목별,수출",lexical,152,Y,,,,,,434,DT_434_STBL_1028692,게임기기 품목별 수출입 실적,2016058,문화체육관광산업통계 > 수출입 실적 현황,meta_index 없음 또는 코드명 매칭 없음,,,,,,,,,,,,,,,,,,,,,,,,,,,,,,,,,,,,,,,,,,,,,meta 없음,,,12월 수출도 한국의 최대 수출 품목인 반도체가 31.5% 증가한 145억 달러를 기록하며 호실적을 이끌었다.
A0006-SP270B11DBD0,A0006-SP270B11DBD0-m2,수출액,무역,반도체,14500000000,달러,달러,currency,amount,item,수준값,현재값,KOSIS_VALUE,202412,M,전년동월,,5,152,,,ALTERNATE,NOT_TOP_TABLE,후순위 통계표 후보,"품목별,수출",lexical,152,Y,,,,,,434,DT_434_STBL_1028682,공예품 품목별 수출입 실적,2016058,문화체육관광산업통계 > 수출입 실적 현황,meta_index 없음 또는 코드명 매칭 없음,,,,,,,,,,,,,,,,,,,,,,,,,,,,,,,,,,,,,,,,,,,,,meta 없음,,,12월 수출도 한국의 최대 수출 품목인 반도체가 31.5% 증가한 145억 달러를 기록하며 호실적을 이끌었다.
A0012-SPE7F554D64E,A0012-SPE7F554D64E-m1,조선 산업기술인력,고용,조선업,58528,명,명,person_count,count,item,수준값,현재값,KOSIS_VALUE,2023,Y,전년,,1,238,230,,TABLE_ONLY,META_NOT_LOADED,통계표 메타 조회 전 후보,"인력,경기,산업,산업기술인력,실태조사,수급",lexical,238,Y,,,,,,115,DT_115_2012_CC080,"경기도･산업별(중분류) 퇴사인력, 구인 및 채용인력(미충원인력 등)",2004042,"산업기술인력수급실태조사 > 퇴사인력, 구인 및 채용인력",meta_index 없음 또는 코드명 매칭 없음,,,,,,,,,,,,,,,,,,,,,,,,,,,,,,,,,,,,,,,,,,,,,meta 없음,,,31일 산업통상자원부의 ‘산업기술인력 수급 실태조사’에 따르면 지난 2023년 말 조선 산업기술인력은 5만8528명으로 전년인 2022년 대비 0.8% 증가했다.
A0012-SPE7F554D64E,A0012-SPE7F554D64E-m1,조선 산업기술인력,고용,조선업,58528,명,명,person_count,count,item,수준값,현재값,KOSIS_VALUE,2023,Y,전년,,2,230,,,ALTERNATE,NOT_TOP_TABLE,후순위 통계표 후보,"인력,산업,산업기술인력,실태조사,수급",lexical,230,Y,,,,,,115,DT_115_2012_CC086,"강원특별자치도･산업별(중분류) 퇴사인력, 구인 및 채용인력(미충원인력 등)",2004042,"산업기술인력수급실태조사 > 퇴사인력, 구인 및 채용인력",meta_index 없음 또는 코드명 매칭 없음,,,,,,,,,,,,,,,,,,,,,,,,,,,,,,,,,,,,,,,,,,,,,meta 없음,,,31일 산업통상자원부의 ‘산업기술인력 수급 실태조사’에 따르면 지난 2023년 말 조선 산업기술인력은 5만8528명으로 전년인 2022년 대비 0.8% 증가했다.
A0012-SPE7F554D64E,A0012-SPE7F554D64E-m1,조선 산업기술인력,고용,조선업,58528,명,명,person_count,count,item,수준값,현재값,KOSIS_VALUE,2023,Y,전년,,3,230,,,ALTERNATE,NOT_TOP_TABLE,후순위 통계표 후보,"인력,산업,산업기술인력,실태조사,수급",lexical,230,Y,,,,,,115,DT_115_2012_CC122,"경상남도･산업별(중분류) 퇴사인력, 구인 및 채용인력(미충원인력 등)",2004042,"산업기술인력수급실태조사 > 퇴사인력, 구인 및 채용인력",meta_index 없음 또는 코드명 매칭 없음,,,,,,,,,,,,,,,,,,,,,,,,,,,,,,,,,,,,,,,,,,,,,meta 없음,,,31일 산업통상자원부의 ‘산업기술인력 수급 실태조사’에 따르면 지난 2023년 말 조선 산업기술인력은 5만8528명으로 전년인 2022년 대비 0.8% 증가했다.
A0012-SPE7F554D64E,A0012-SPE7F554D64E-m1,조선 산업기술인력,고용,조선업,58528,명,명,person_count,count,item,수준값,현재값,KOSIS_VALUE,2023,Y,전년,,4,230,,,ALTERNATE,NOT_TOP_TABLE,후순위 통계표 후보,"인력,산업,산업기술인력,실태조사,수급",lexical,230,Y,,,,,,115,DT_115_2012_CC116,"경상북도･산업별(중분류) 퇴사인력, 구인 및 채용인력(미충원인력 등)",2004042,"산업기술인력수급실태조사 > 퇴사인력, 구인 및 채용인력",meta_index 없음 또는 코드명 매칭 없음,,,,,,,,,,,,,,,,,,,,,,,,,,,,,,,,,,,,,,,,,,,,,meta 없음,,,31일 산업통상자원부의 ‘산업기술인력 수급 실태조사’에 따르면 지난 2023년 말 조선 산업기술인력은 5만8528명으로 전년인 2022년 대비 0.8% 증가했다.
A0012-SPE7F554D64E,A0012-SPE7F554D64E-m1,조선 산업기술인력,고용,조선업,58528,명,명,person_count,count,item,수준값,현재값,KOSIS_VALUE,2023,Y,전년,,5,230,,,ALTERNATE,NOT_TOP_TABLE,후순위 통계표 후보,"인력,산업,산업기술인력,실태조사,수급",lexical,230,Y,,,,,,115,DT_115_2012_CC062,"광주광역시･산업별(중분류) 퇴사인력, 구인 및 채용인력(미충원인력 등)",2004042,"산업기술인력수급실태조사 > 퇴사인력, 구인 및 채용인력",meta_index 없음 또는 코드명 매칭 없음,,,,,,,,,,,,,,,,,,,,,,,,,,,,,,,,,,,,,,,,,,,,,meta 없음,,,31일 산업통상자원부의 ‘산업기술인력 수급 실태조사’에 따르면 지난 2023년 말 조선 산업기술인력은 5만8528명으로 전년인 2022년 대비 0.8% 증가했다.
A0012-SPE7F554D64E,A0012-SPE7F554D64E-m2,조선 산업기술인력 증가율,고용,조선업,0.8,%,%,rate,rate_change,item,증감률,증감률,KOSIS_VALUE,2023,Y,전년,2022,1,238,230,,TABLE_ONLY,META_NOT_LOADED,통계표 메타 조회 전 후보,"인력,경기,산업,산업기술인력,실태조사,수급",lexical,238,Y,,,,,,115,DT_115_2012_CC080,"경기도･산업별(중분류) 퇴사인력, 구인 및 채용인력(미충원인력 등)",2004042,"산업기술인력수급실태조사 > 퇴사인력, 구인 및 채용인력",meta_index 없음 또는 코드명 매칭 없음,,,,,,,,,,,,,,,,,,,,,,,,,,,,,,,,,,,,,,,,,,,,,meta 없음,,,31일 산업통상자원부의 ‘산업기술인력 수급 실태조사’에 따르면 지난 2023년 말 조선 산업기술인력은 5만8528명으로 전년인 2022년 대비 0.8% 증가했다.
A0012-SPE7F554D64E,A0012-SPE7F554D64E-m2,조선 산업기술인력 증가율,고용,조선업,0.8,%,%,rate,rate_change,item,증감률,증감률,KOSIS_VALUE,2023,Y,전년,2022,2,230,,,ALTERNATE,NOT_TOP_TABLE,후순위 통계표 후보,"인력,산업,산업기술인력,실태조사,수급",lexical,230,Y,,,,,,115,DT_115_2012_CC086,"강원특별자치도･산업별(중분류) 퇴사인력, 구인 및 채용인력(미충원인력 등)",2004042,"산업기술인력수급실태조사 > 퇴사인력, 구인 및 채용인력",meta_index 없음 또는 코드명 매칭 없음,,,,,,,,,,,,,,,,,,,,,,,,,,,,,,,,,,,,,,,,,,,,,meta 없음,,,31일 산업통상자원부의 ‘산업기술인력 수급 실태조사’에 따르면 지난 2023년 말 조선 산업기술인력은 5만8528명으로 전년인 2022년 대비 0.8% 증가했다.
A0012-SPE7F554D64E,A0012-SPE7F554D64E-m2,조선 산업기술인력 증가율,고용,조선업,0.8,%,%,rate,rate_change,item,증감률,증감률,KOSIS_VALUE,2023,Y,전년,2022,3,230,,,ALTERNATE,NOT_TOP_TABLE,후순위 통계표 후보,"인력,산업,산업기술인력,실태조사,수급",lexical,230,Y,,,,,,115,DT_115_2012_CC122,"경상남도･산업별(중분류) 퇴사인력, 구인 및 채용인력(미충원인력 등)",2004042,"산업기술인력수급실태조사 > 퇴사인력, 구인 및 채용인력",meta_index 없음 또는 코드명 매칭 없음,,,,,,,,,,,,,,,,,,,,,,,,,,,,,,,,,,,,,,,,,,,,,meta 없음,,,31일 산업통상자원부의 ‘산업기술인력 수급 실태조사’에 따르면 지난 2023년 말 조선 산업기술인력은 5만8528명으로 전년인 2022년 대비 0.8% 증가했다.
A0012-SPE7F554D64E,A0012-SPE7F554D64E-m2,조선 산업기술인력 증가율,고용,조선업,0.8,%,%,rate,rate_change,item,증감률,증감률,KOSIS_VALUE,2023,Y,전년,2022,4,230,,,ALTERNATE,NOT_TOP_TABLE,후순위 통계표 후보,"인력,산업,산업기술인력,실태조사,수급",lexical,230,Y,,,,,,115,DT_115_2012_CC116,"경상북도･산업별(중분류) 퇴사인력, 구인 및 채용인력(미충원인력 등)",2004042,"산업기술인력수급실태조사 > 퇴사인력, 구인 및 채용인력",meta_index 없음 또는 코드명 매칭 없음,,,,,,,,,,,,,,,,,,,,,,,,,,,,,,,,,,,,,,,,,,,,,meta 없음,,,31일 산업통상자원부의 ‘산업기술인력 수급 실태조사’에 따르면 지난 2023년 말 조선 산업기술인력은 5만8528명으로 전년인 2022년 대비 0.8% 증가했다.
A0012-SPE7F554D64E,A0012-SPE7F554D64E-m2,조선 산업기술인력 증가율,고용,조선업,0.8,%,%,rate,rate_change,item,증감률,증감률,KOSIS_VALUE,2023,Y,전년,2022,5,230,,,ALTERNATE,NOT_TOP_TABLE,후순위 통계표 후보,"인력,산업,산업기술인력,실태조사,수급",lexical,230,Y,,,,,,115,DT_115_2012_CC062,"광주광역시･산업별(중분류) 퇴사인력, 구인 및 채용인력(미충원인력 등)",2004042,"산업기술인력수급실태조사 > 퇴사인력, 구인 및 채용인력",meta_index 없음 또는 코드명 매칭 없음,,,,,,,,,,,,,,,,,,,,,,,,,,,,,,,,,,,,,,,,,,,,,meta 없음,,,31일 산업통상자원부의 ‘산업기술인력 수급 실태조사’에 따르면 지난 2023년 말 조선 산업기술인력은 5만8528명으로 전년인 2022년 대비 0.8% 증가했다.
A0012-SP80940BC114,A0012-SP80940BC114-m2,조선업 산업기술인력,고용,조선업,58042,명,명,person_count,count,item,수준값,현재값,KOSIS_VALUE,2022,Y,전년,,1,196,188,,TABLE_ONLY,META_NOT_LOADED,통계표 메타 조회 전 후보,"경기,산업,산업기술인력",lexical,196,Y,,,,,,115,DT_115_2012_CC080,"경기도･산업별(중분류) 퇴사인력, 구인 및 채용인력(미충원인력 등)",2004042,"산업기술인력수급실태조사 > 퇴사인력, 구인 및 채용인력",meta_index 없음 또는 코드명 매칭 없음,,,,,,,,,,,,,,,,,,,,,,,,,,,,,,,,,,,,,,,,,,,,,meta 없음,,,본래 조선업의 산업기술인력은 2014년 6만9766명에서 2022년 5만8042명까지 꾸준히 하락해 1만명 넘게 줄어든 상태였는데 이 수가 500명 가까이 늘어난 것이다.
A0012-SP80940BC114,A0012-SP80940BC114-m2,조선업 산업기술인력,고용,조선업,58042,명,명,person_count,count,item,수준값,현재값,KOSIS_VALUE,2022,Y,전년,,2,188,,,ALTERNATE,NOT_TOP_TABLE,후순위 통계표 후보,"산업,산업기술인력",lexical,188,Y,,,,,,115,DT_115_2012_CC086,"강원특별자치도･산업별(중분류) 퇴사인력, 구인 및 채용인력(미충원인력 등)",2004042,"산업기술인력수급실태조사 > 퇴사인력, 구인 및 채용인력",meta_index 없음 또는 코드명 매칭 없음,,,,,,,,,,,,,,,,,,,,,,,,,,,,,,,,,,,,,,,,,,,,,meta 없음,,,본래 조선업의 산업기술인력은 2014년 6만9766명에서 2022년 5만8042명까지 꾸준히 하락해 1만명 넘게 줄어든 상태였는데 이 수가 500명 가까이 늘어난 것이다.
A0012-SP80940BC114,A0012-SP80940BC114-m2,조선업 산업기술인력,고용,조선업,58042,명,명,person_count,count,item,수준값,현재값,KOSIS_VALUE,2022,Y,전년,,3,188,,,ALTERNATE,NOT_TOP_TABLE,후순위 통계표 후보,"산업,산업기술인력",lexical,188,Y,,,,,,115,DT_115_2012_CC122,"경상남도･산업별(중분류) 퇴사인력, 구인 및 채용인력(미충원인력 등)",2004042,"산업기술인력수급실태조사 > 퇴사인력, 구인 및 채용인력",meta_index 없음 또는 코드명 매칭 없음,,,,,,,,,,,,,,,,,,,,,,,,,,,,,,,,,,,,,,,,,,,,,meta 없음,,,본래 조선업의 산업기술인력은 2014년 6만9766명에서 2022년 5만8042명까지 꾸준히 하락해 1만명 넘게 줄어든 상태였는데 이 수가 500명 가까이 늘어난 것이다.
A0012-SP80940BC114,A0012-SP80940BC114-m2,조선업 산업기술인력,고용,조선업,58042,명,명,person_count,count,item,수준값,현재값,KOSIS_VALUE,2022,Y,전년,,4,188,,,ALTERNATE,NOT_TOP_TABLE,후순위 통계표 후보,"산업,산업기술인력",lexical,188,Y,,,,,,115,DT_115_2012_CC116,"경상북도･산업별(중분류) 퇴사인력, 구인 및 채용인력(미충원인력 등)",2004042,"산업기술인력수급실태조사 > 퇴사인력, 구인 및 채용인력",meta_index 없음 또는 코드명 매칭 없음,,,,,,,,,,,,,,,,,,,,,,,,,,,,,,,,,,,,,,,,,,,,,meta 없음,,,본래 조선업의 산업기술인력은 2014년 6만9766명에서 2022년 5만8042명까지 꾸준히 하락해 1만명 넘게 줄어든 상태였는데 이 수가 500명 가까이 늘어난 것이다.
A0012-SP80940BC114,A0012-SP80940BC114-m2,조선업 산업기술인력,고용,조선업,58042,명,명,person_count,count,item,수준값,현재값,KOSIS_VALUE,2022,Y,전년,,5,188,,,ALTERNATE,NOT_TOP_TABLE,후순위 통계표 후보,"산업,산업기술인력",lexical,188,Y,,,,,,115,DT_115_2012_CC062,"광주광역시･산업별(중분류) 퇴사인력, 구인 및 채용인력(미충원인력 등)",2004042,"산업기술인력수급실태조사 > 퇴사인력, 구인 및 채용인력",meta_index 없음 또는 코드명 매칭 없음,,,,,,,,,,,,,,,,,,,,,,,,,,,,,,,,,,,,,,,,,,,,,meta 없음,,,본래 조선업의 산업기술인력은 2014년 6만9766명에서 2022년 5만8042명까지 꾸준히 하락해 1만명 넘게 줄어든 상태였는데 이 수가 500명 가까이 늘어난 것이다.
A0012-SP80940BC114,A0012-SP80940BC114-m3,조선업 산업기술인력 감소폭,고용,조선업,10000,명,명,person_count,count,item,수준값,현재값,KOSIS_VALUE,2022,Y,전년,,1,196,188,,TABLE_ONLY,META_NOT_LOADED,통계표 메타 조회 전 후보,"경기,산업,산업기술인력",lexical,196,Y,,,,,,115,DT_115_2012_CC080,"경기도･산업별(중분류) 퇴사인력, 구인 및 채용인력(미충원인력 등)",2004042,"산업기술인력수급실태조사 > 퇴사인력, 구인 및 채용인력",meta_index 없음 또는 코드명 매칭 없음,,,,,,,,,,,,,,,,,,,,,,,,,,,,,,,,,,,,,,,,,,,,,meta 없음,,,본래 조선업의 산업기술인력은 2014년 6만9766명에서 2022년 5만8042명까지 꾸준히 하락해 1만명 넘게 줄어든 상태였는데 이 수가 500명 가까이 늘어난 것이다.
A0012-SP80940BC114,A0012-SP80940BC114-m3,조선업 산업기술인력 감소폭,고용,조선업,10000,명,명,person_count,count,item,수준값,현재값,KOSIS_VALUE,2022,Y,전년,,2,188,,,ALTERNATE,NOT_TOP_TABLE,후순위 통계표 후보,"산업,산업기술인력",lexical,188,Y,,,,,,115,DT_115_2012_CC086,"강원특별자치도･산업별(중분류) 퇴사인력, 구인 및 채용인력(미충원인력 등)",2004042,"산업기술인력수급실태조사 > 퇴사인력, 구인 및 채용인력",meta_index 없음 또는 코드명 매칭 없음,,,,,,,,,,,,,,,,,,,,,,,,,,,,,,,,,,,,,,,,,,,,,meta 없음,,,본래 조선업의 산업기술인력은 2014년 6만9766명에서 2022년 5만8042명까지 꾸준히 하락해 1만명 넘게 줄어든 상태였는데 이 수가 500명 가까이 늘어난 것이다.
A0012-SP80940BC114,A0012-SP80940BC114-m3,조선업 산업기술인력 감소폭,고용,조선업,10000,명,명,person_count,count,item,수준값,현재값,KOSIS_VALUE,2022,Y,전년,,3,188,,,ALTERNATE,NOT_TOP_TABLE,후순위 통계표 후보,"산업,산업기술인력",lexical,188,Y,,,,,,115,DT_115_2012_CC122,"경상남도･산업별(중분류) 퇴사인력, 구인 및 채용인력(미충원인력 등)",2004042,"산업기술인력수급실태조사 > 퇴사인력, 구인 및 채용인력",meta_index 없음 또는 코드명 매칭 없음,,,,,,,,,,,,,,,,,,,,,,,,,,,,,,,,,,,,,,,,,,,,,meta 없음,,,본래 조선업의 산업기술인력은 2014년 6만9766명에서 2022년 5만8042명까지 꾸준히 하락해 1만명 넘게 줄어든 상태였는데 이 수가 500명 가까이 늘어난 것이다.
A0012-SP80940BC114,A0012-SP80940BC114-m3,조선업 산업기술인력 감소폭,고용,조선업,10000,명,명,person_count,count,item,수준값,현재값,KOSIS_VALUE,2022,Y,전년,,4,188,,,ALTERNATE,NOT_TOP_TABLE,후순위 통계표 후보,"산업,산업기술인력",lexical,188,Y,,,,,,115,DT_115_2012_CC116,"경상북도･산업별(중분류) 퇴사인력, 구인 및 채용인력(미충원인력 등)",2004042,"산업기술인력수급실태조사 > 퇴사인력, 구인 및 채용인력",meta_index 없음 또는 코드명 매칭 없음,,,,,,,,,,,,,,,,,,,,,,,,,,,,,,,,,,,,,,,,,,,,,meta 없음,,,본래 조선업의 산업기술인력은 2014년 6만9766명에서 2022년 5만8042명까지 꾸준히 하락해 1만명 넘게 줄어든 상태였는데 이 수가 500명 가까이 늘어난 것이다.
A0012-SP80940BC114,A0012-SP80940BC114-m3,조선업 산업기술인력 감소폭,고용,조선업,10000,명,명,person_count,count,item,수준값,현재값,KOSIS_VALUE,2022,Y,전년,,5,188,,,ALTERNATE,NOT_TOP_TABLE,후순위 통계표 후보,"산업,산업기술인력",lexical,188,Y,,,,,,115,DT_115_2012_CC062,"광주광역시･산업별(중분류) 퇴사인력, 구인 및 채용인력(미충원인력 등)",2004042,"산업기술인력수급실태조사 > 퇴사인력, 구인 및 채용인력",meta_index 없음 또는 코드명 매칭 없음,,,,,,,,,,,,,,,,,,,,,,,,,,,,,,,,,,,,,,,,,,,,,meta 없음,,,본래 조선업의 산업기술인력은 2014년 6만9766명에서 2022년 5만8042명까지 꾸준히 하락해 1만명 넘게 줄어든 상태였는데 이 수가 500명 가까이 늘어난 것이다.
A0012-SP80940BC114,A0012-SP80940BC114-m4,조선업 산업기술인력 증가폭,고용,조선업,500,명,명,person_count,count,item,수준값,현재값,KOSIS_VALUE,2023,Y,전년,,1,196,188,,TABLE_ONLY,META_NOT_LOADED,통계표 메타 조회 전 후보,"경기,산업,산업기술인력",lexical,196,Y,,,,,,115,DT_115_2012_CC080,"경기도･산업별(중분류) 퇴사인력, 구인 및 채용인력(미충원인력 등)",2004042,"산업기술인력수급실태조사 > 퇴사인력, 구인 및 채용인력",meta_index 없음 또는 코드명 매칭 없음,,,,,,,,,,,,,,,,,,,,,,,,,,,,,,,,,,,,,,,,,,,,,meta 없음,,,본래 조선업의 산업기술인력은 2014년 6만9766명에서 2022년 5만8042명까지 꾸준히 하락해 1만명 넘게 줄어든 상태였는데 이 수가 500명 가까이 늘어난 것이다.
A0012-SP80940BC114,A0012-SP80940BC114-m4,조선업 산업기술인력 증가폭,고용,조선업,500,명,명,person_count,count,item,수준값,현재값,KOSIS_VALUE,2023,Y,전년,,2,188,,,ALTERNATE,NOT_TOP_TABLE,후순위 통계표 후보,"산업,산업기술인력",lexical,188,Y,,,,,,115,DT_115_2012_CC086,"강원특별자치도･산업별(중분류) 퇴사인력, 구인 및 채용인력(미충원인력 등)",2004042,"산업기술인력수급실태조사 > 퇴사인력, 구인 및 채용인력",meta_index 없음 또는 코드명 매칭 없음,,,,,,,,,,,,,,,,,,,,,,,,,,,,,,,,,,,,,,,,,,,,,meta 없음,,,본래 조선업의 산업기술인력은 2014년 6만9766명에서 2022년 5만8042명까지 꾸준히 하락해 1만명 넘게 줄어든 상태였는데 이 수가 500명 가까이 늘어난 것이다.
A0012-SP80940BC114,A0012-SP80940BC114-m4,조선업 산업기술인력 증가폭,고용,조선업,500,명,명,person_count,count,item,수준값,현재값,KOSIS_VALUE,2023,Y,전년,,3,188,,,ALTERNATE,NOT_TOP_TABLE,후순위 통계표 후보,"산업,산업기술인력",lexical,188,Y,,,,,,115,DT_115_2012_CC122,"경상남도･산업별(중분류) 퇴사인력, 구인 및 채용인력(미충원인력 등)",2004042,"산업기술인력수급실태조사 > 퇴사인력, 구인 및 채용인력",meta_index 없음 또는 코드명 매칭 없음,,,,,,,,,,,,,,,,,,,,,,,,,,,,,,,,,,,,,,,,,,,,,meta 없음,,,본래 조선업의 산업기술인력은 2014년 6만9766명에서 2022년 5만8042명까지 꾸준히 하락해 1만명 넘게 줄어든 상태였는데 이 수가 500명 가까이 늘어난 것이다.
A0012-SP80940BC114,A0012-SP80940BC114-m4,조선업 산업기술인력 증가폭,고용,조선업,500,명,명,person_count,count,item,수준값,현재값,KOSIS_VALUE,2023,Y,전년,,4,188,,,ALTERNATE,NOT_TOP_TABLE,후순위 통계표 후보,"산업,산업기술인력",lexical,188,Y,,,,,,115,DT_115_2012_CC116,"경상북도･산업별(중분류) 퇴사인력, 구인 및 채용인력(미충원인력 등)",2004042,"산업기술인력수급실태조사 > 퇴사인력, 구인 및 채용인력",meta_index 없음 또는 코드명 매칭 없음,,,,,,,,,,,,,,,,,,,,,,,,,,,,,,,,,,,,,,,,,,,,,meta 없음,,,본래 조선업의 산업기술인력은 2014년 6만9766명에서 2022년 5만8042명까지 꾸준히 하락해 1만명 넘게 줄어든 상태였는데 이 수가 500명 가까이 늘어난 것이다.
A0012-SP80940BC114,A0012-SP80940BC114-m4,조선업 산업기술인력 증가폭,고용,조선업,500,명,명,person_count,count,item,수준값,현재값,KOSIS_VALUE,2023,Y,전년,,5,188,,,ALTERNATE,NOT_TOP_TABLE,후순위 통계표 후보,"산업,산업기술인력",lexical,188,Y,,,,,,115,DT_115_2012_CC062,"광주광역시･산업별(중분류) 퇴사인력, 구인 및 채용인력(미충원인력 등)",2004042,"산업기술인력수급실태조사 > 퇴사인력, 구인 및 채용인력",meta_index 없음 또는 코드명 매칭 없음,,,,,,,,,,,,,,,,,,,,,,,,,,,,,,,,,,,,,,,,,,,,,meta 없음,,,본래 조선업의 산업기술인력은 2014년 6만9766명에서 2022년 5만8042명까지 꾸준히 하락해 1만명 넘게 줄어든 상태였는데 이 수가 500명 가까이 늘어난 것이다.
A0012-SP13E0E2E6EE,A0012-SP13E0E2E6EE-m2,조선 산업기술인력 중 외국인 수,고용,조선업,2563,명,명,person_count,count,item,수준값,현재값,KOSIS_VALUE,2023,Y,전년,,1,238,238,,TABLE_ONLY,META_NOT_LOADED,통계표 메타 조회 전 후보,"외국인,고용,생산,제조업",lexical,238,Y,,,,,,111,DT_111014_A073,외국인 고용 영향력_생산비용,2025005,"외국인고용실태조사(농업,제조업분야) > 일반제조업",meta_index 없음 또는 코드명 매칭 없음,,,,,,,,,,,,,,,,,,,,,,,,,,,,,,,,,,,,,,,,,,,,,meta 없음,,,조선 산업기술인력 중 외국인은 2022년 877명에서 2023년 2563명으로 3배 가까이 늘었다.
A0012-SP13E0E2E6EE,A0012-SP13E0E2E6EE-m2,조선 산업기술인력 중 외국인 수,고용,조선업,2563,명,명,person_count,count,item,수준값,현재값,KOSIS_VALUE,2023,Y,전년,,2,238,,,ALTERNATE,NOT_TOP_TABLE,후순위 통계표 후보,"외국인,고용,생산,제조업",lexical,238,Y,,,,,,111,DT_111014_B104,외국인 고용 영향력_생산비용,2025005,"외국인고용실태조사(농업,제조업분야) > 비전문고용제조업",meta_index 없음 또는 코드명 매칭 없음,,,,,,,,,,,,,,,,,,,,,,,,,,,,,,,,,,,,,,,,,,,,,meta 없음,,,조선 산업기술인력 중 외국인은 2022년 877명에서 2023년 2563명으로 3배 가까이 늘었다.
A0012-SP13E0E2E6EE,A0012-SP13E0E2E6EE-m2,조선 산업기술인력 중 외국인 수,고용,조선업,2563,명,명,person_count,count,item,수준값,현재값,KOSIS_VALUE,2023,Y,전년,,3,230,,,ALTERNATE,NOT_TOP_TABLE,후순위 통계표 후보,"외국인,고용,제조업",lexical,230,Y,,,,,,111,DT_111014_C081,2년 전 대비 고용 규모 변화_외국인,2025005,"외국인고용실태조사(농업,제조업분야) > 농업경영체",meta_index 없음 또는 코드명 매칭 없음,,,,,,,,,,,,,,,,,,,,,,,,,,,,,,,,,,,,,,,,,,,,,meta 없음,,,조선 산업기술인력 중 외국인은 2022년 877명에서 2023년 2563명으로 3배 가까이 늘었다.
A0012-SP13E0E2E6EE,A0012-SP13E0E2E6EE-m2,조선 산업기술인력 중 외국인 수,고용,조선업,2563,명,명,person_count,count,item,수준값,현재값,KOSIS_VALUE,2023,Y,전년,,4,230,,,ALTERNATE,NOT_TOP_TABLE,후순위 통계표 후보,"외국인,고용,제조업",lexical,230,Y,,,,,,111,DT_111014_C006,고용 외국인 체류자격(중복 응답),2025005,"외국인고용실태조사(농업,제조업분야) > 농업경영체",meta_index 없음 또는 코드명 매칭 없음,,,,,,,,,,,,,,,,,,,,,,,,,,,,,,,,,,,,,,,,,,,,,meta 없음,,,조선 산업기술인력 중 외국인은 2022년 877명에서 2023년 2563명으로 3배 가까이 늘었다.
A0012-SP13E0E2E6EE,A0012-SP13E0E2E6EE-m2,조선 산업기술인력 중 외국인 수,고용,조선업,2563,명,명,person_count,count,item,수준값,현재값,KOSIS_VALUE,2023,Y,전년,,5,230,,,ALTERNATE,NOT_TOP_TABLE,후순위 통계표 후보,"외국인,고용,제조업",lexical,230,Y,,,,,,111,DT_111014_A019,고용 외국인 체류자격(중복응답),2025005,"외국인고용실태조사(농업,제조업분야) > 일반제조업",meta_index 없음 또는 코드명 매칭 없음,,,,,,,,,,,,,,,,,,,,,,,,,,,,,,,,,,,,,,,,,,,,,meta 없음,,,조선 산업기술인력 중 외국인은 2022년 877명에서 2023년 2563명으로 3배 가까이 늘었다.
A0012-SPFEFB3037E3,A0012-SPFEFB3037E3-m1,조선 산업기술인력 중 외국인의 비율,고용,조선업,1.5,%,%,rate,rate_change,item,증감률,증감률,KOSIS_VALUE,2023,Y,전년,2022,1,202,196,,TABLE_ONLY,META_NOT_LOADED,통계표 메타 조회 전 후보,"외국인의,외국인,산업",lexical,202,Y,,,,,,138,TX_13801_A171,외국인의 등록건수표,1976032,지식재산권통계 > 산업재산권(~1980),meta_index 없음 또는 코드명 매칭 없음,,,,,,,,,,,,,,,,,,,,,,,,,,,,,,,,,,,,,,,,,,,,,meta 없음,,,이들이 차지하는 비율도 같은 기간 1.5%에서 4.4%로 증가했다.
A0012-SPFEFB3037E3,A0012-SPFEFB3037E3-m1,조선 산업기술인력 중 외국인의 비율,고용,조선업,1.5,%,%,rate,rate_change,item,증감률,증감률,KOSIS_VALUE,2023,Y,전년,2022,2,196,,,ALTERNATE,NOT_TOP_TABLE,후순위 통계표 후보,"경기,산업,산업기술인력",lexical,196,Y,,,,,,115,DT_115_2012_CC080,"경기도･산업별(중분류) 퇴사인력, 구인 및 채용인력(미충원인력 등)",2004042,"산업기술인력수급실태조사 > 퇴사인력, 구인 및 채용인력",meta_index 없음 또는 코드명 매칭 없음,,,,,,,,,,,,,,,,,,,,,,,,,,,,,,,,,,,,,,,,,,,,,meta 없음,,,이들이 차지하는 비율도 같은 기간 1.5%에서 4.4%로 증가했다.
A0012-SPFEFB3037E3,A0012-SPFEFB3037E3-m1,조선 산업기술인력 중 외국인의 비율,고용,조선업,1.5,%,%,rate,rate_change,item,증감률,증감률,KOSIS_VALUE,2023,Y,전년,2022,3,188,,,ALTERNATE,NOT_TOP_TABLE,후순위 통계표 후보,"산업,산업기술인력",lexical,188,Y,,,,,,115,DT_115_2012_CC086,"강원특별자치도･산업별(중분류) 퇴사인력, 구인 및 채용인력(미충원인력 등)",2004042,"산업기술인력수급실태조사 > 퇴사인력, 구인 및 채용인력",meta_index 없음 또는 코드명 매칭 없음,,,,,,,,,,,,,,,,,,,,,,,,,,,,,,,,,,,,,,,,,,,,,meta 없음,,,이들이 차지하는 비율도 같은 기간 1.5%에서 4.4%로 증가했다.
A0012-SPFEFB3037E3,A0012-SPFEFB3037E3-m1,조선 산업기술인력 중 외국인의 비율,고용,조선업,1.5,%,%,rate,rate_change,item,증감률,증감률,KOSIS_VALUE,2023,Y,전년,2022,4,188,,,ALTERNATE,NOT_TOP_TABLE,후순위 통계표 후보,"산업,산업기술인력",lexical,188,Y,,,,,,115,DT_115_2012_CC122,"경상남도･산업별(중분류) 퇴사인력, 구인 및 채용인력(미충원인력 등)",2004042,"산업기술인력수급실태조사 > 퇴사인력, 구인 및 채용인력",meta_index 없음 또는 코드명 매칭 없음,,,,,,,,,,,,,,,,,,,,,,,,,,,,,,,,,,,,,,,,,,,,,meta 없음,,,이들이 차지하는 비율도 같은 기간 1.5%에서 4.4%로 증가했다.
A0012-SPFEFB3037E3,A0012-SPFEFB3037E3-m1,조선 산업기술인력 중 외국인의 비율,고용,조선업,1.5,%,%,rate,rate_change,item,증감률,증감률,KOSIS_VALUE,2023,Y,전년,2022,5,188,,,ALTERNATE,NOT_TOP_TABLE,후순위 통계표 후보,"산업,산업기술인력",lexical,188,Y,,,,,,115,DT_115_2012_CC116,"경상북도･산업별(중분류) 퇴사인력, 구인 및 채용인력(미충원인력 등)",2004042,"산업기술인력수급실태조사 > 퇴사인력, 구인 및 채용인력",meta_index 없음 또는 코드명 매칭 없음,,,,,,,,,,,,,,,,,,,,,,,,,,,,,,,,,,,,,,,,,,,,,meta 없음,,,이들이 차지하는 비율도 같은 기간 1.5%에서 4.4%로 증가했다.
A0012-SPFEFB3037E3,A0012-SPFEFB3037E3-m2,조선 산업기술인력 중 외국인의 비율,고용,조선업,4.4,%,%,rate,rate_change,item,증감률,증감률,KOSIS_VALUE,2023,Y,전년,2022,1,202,196,,TABLE_ONLY,META_NOT_LOADED,통계표 메타 조회 전 후보,"외국인의,외국인,산업",lexical,202,Y,,,,,,138,TX_13801_A171,외국인의 등록건수표,1976032,지식재산권통계 > 산업재산권(~1980),meta_index 없음 또는 코드명 매칭 없음,,,,,,,,,,,,,,,,,,,,,,,,,,,,,,,,,,,,,,,,,,,,,meta 없음,,,이들이 차지하는 비율도 같은 기간 1.5%에서 4.4%로 증가했다.
A0012-SPFEFB3037E3,A0012-SPFEFB3037E3-m2,조선 산업기술인력 중 외국인의 비율,고용,조선업,4.4,%,%,rate,rate_change,item,증감률,증감률,KOSIS_VALUE,2023,Y,전년,2022,2,196,,,ALTERNATE,NOT_TOP_TABLE,후순위 통계표 후보,"경기,산업,산업기술인력",lexical,196,Y,,,,,,115,DT_115_2012_CC080,"경기도･산업별(중분류) 퇴사인력, 구인 및 채용인력(미충원인력 등)",2004042,"산업기술인력수급실태조사 > 퇴사인력, 구인 및 채용인력",meta_index 없음 또는 코드명 매칭 없음,,,,,,,,,,,,,,,,,,,,,,,,,,,,,,,,,,,,,,,,,,,,,meta 없음,,,이들이 차지하는 비율도 같은 기간 1.5%에서 4.4%로 증가했다.
A0012-SPFEFB3037E3,A0012-SPFEFB3037E3-m2,조선 산업기술인력 중 외국인의 비율,고용,조선업,4.4,%,%,rate,rate_change,item,증감률,증감률,KOSIS_VALUE,2023,Y,전년,2022,3,188,,,ALTERNATE,NOT_TOP_TABLE,후순위 통계표 후보,"산업,산업기술인력",lexical,188,Y,,,,,,115,DT_115_2012_CC086,"강원특별자치도･산업별(중분류) 퇴사인력, 구인 및 채용인력(미충원인력 등)",2004042,"산업기술인력수급실태조사 > 퇴사인력, 구인 및 채용인력",meta_index 없음 또는 코드명 매칭 없음,,,,,,,,,,,,,,,,,,,,,,,,,,,,,,,,,,,,,,,,,,,,,meta 없음,,,이들이 차지하는 비율도 같은 기간 1.5%에서 4.4%로 증가했다.
A0012-SPFEFB3037E3,A0012-SPFEFB3037E3-m2,조선 산업기술인력 중 외국인의 비율,고용,조선업,4.4,%,%,rate,rate_change,item,증감률,증감률,KOSIS_VALUE,2023,Y,전년,2022,4,188,,,ALTERNATE,NOT_TOP_TABLE,후순위 통계표 후보,"산업,산업기술인력",lexical,188,Y,,,,,,115,DT_115_2012_CC122,"경상남도･산업별(중분류) 퇴사인력, 구인 및 채용인력(미충원인력 등)",2004042,"산업기술인력수급실태조사 > 퇴사인력, 구인 및 채용인력",meta_index 없음 또는 코드명 매칭 없음,,,,,,,,,,,,,,,,,,,,,,,,,,,,,,,,,,,,,,,,,,,,,meta 없음,,,이들이 차지하는 비율도 같은 기간 1.5%에서 4.4%로 증가했다.
A0012-SPFEFB3037E3,A0012-SPFEFB3037E3-m2,조선 산업기술인력 중 외국인의 비율,고용,조선업,4.4,%,%,rate,rate_change,item,증감률,증감률,KOSIS_VALUE,2023,Y,전년,2022,5,188,,,ALTERNATE,NOT_TOP_TABLE,후순위 통계표 후보,"산업,산업기술인력",lexical,188,Y,,,,,,115,DT_115_2012_CC116,"경상북도･산업별(중분류) 퇴사인력, 구인 및 채용인력(미충원인력 등)",2004042,"산업기술인력수급실태조사 > 퇴사인력, 구인 및 채용인력",meta_index 없음 또는 코드명 매칭 없음,,,,,,,,,,,,,,,,,,,,,,,,,,,,,,,,,,,,,,,,,,,,,meta 없음,,,이들이 차지하는 비율도 같은 기간 1.5%에서 4.4%로 증가했다.
A0018-SP32C9008706,A0018-SP32C9008706-m1,총수출액,무역,,683800000000,달러,달러,currency,amount,unspecified,수준값,현재값,KOSIS_VALUE,2024,Y,전년,,1,476,312,,TABLE_ONLY,META_NOT_LOADED,통계표 메타 조회 전 후보,"수출액,품목별,수입,수출,무역",lexical,476,Y,,,,,,360,DT_1R11001_FRM101,"품목별 수출액, 수입액",1976045,SITC에의한무역통계,meta_index 없음 또는 코드명 매칭 없음,,,,,,,,,,,,,,,,,,,,,,,,,,,,,,,,,,,,,,,,,,,,,meta 없음,,,작년 한 해 전체 수출액이 6838억달러(약 1006조원)로 2023년에 비해 8.2% 증가했다고 산업통상자원부와 관세청이 1일 밝혔다.
A0018-SP32C9008706,A0018-SP32C9008706-m1,총수출액,무역,,683800000000,달러,달러,currency,amount,unspecified,수준값,현재값,KOSIS_VALUE,2024,Y,전년,,2,312,,,ALTERNATE,NOT_TOP_TABLE,후순위 통계표 후보,"수출액,총수출액,수출",lexical,312,Y,,,,,,115,DT_115040_21,연간 총 수출액,2024010,탄소소재·부품산업통계조사,meta_index 없음 또는 코드명 매칭 없음,,,,,,,,,,,,,,,,,,,,,,,,,,,,,,,,,,,,,,,,,,,,,meta 없음,,,작년 한 해 전체 수출액이 6838억달러(약 1006조원)로 2023년에 비해 8.2% 증가했다고 산업통상자원부와 관세청이 1일 밝혔다.
A0018-SP32C9008706,A0018-SP32C9008706-m1,총수출액,무역,,683800000000,달러,달러,currency,amount,unspecified,수준값,현재값,KOSIS_VALUE,2024,Y,전년,,3,232,,,ALTERNATE,NOT_TOP_TABLE,후순위 통계표 후보,"수출액,총수출액,수출",lexical,232,Y,,,,,,127,DT_127010_049,클라우드 부문 총 수출액 및 해외법인 총 매출액 현황,2018022,클라우드산업실태조사,meta_index 없음 또는 코드명 매칭 없음,,,,,,,,,,,,,,,,,,,,,,,,,,,,,,,,,,,,,,,,,,,,,meta 없음,,,작년 한 해 전체 수출액이 6838억달러(약 1006조원)로 2023년에 비해 8.2% 증가했다고 산업통상자원부와 관세청이 1일 밝혔다.
A0018-SP32C9008706,A0018-SP32C9008706-m1,총수출액,무역,,683800000000,달러,달러,currency,amount,unspecified,수준값,현재값,KOSIS_VALUE,2024,Y,전년,,4,168,,,ALTERNATE,NOT_TOP_TABLE,후순위 통계표 후보,"수출액,품목별,수출",lexical,168,Y,,,,,,466,DT_446001_A027,쌀가루 생산판매 현황 : 품목별 수출액 - 총계,2024007,쌀가공식품제조업실태조사 > 쌀가공식품제조업,meta_index 없음 또는 코드명 매칭 없음,,,,,,,,,,,,,,,,,,,,,,,,,,,,,,,,,,,,,,,,,,,,,meta 없음,,,작년 한 해 전체 수출액이 6838억달러(약 1006조원)로 2023년에 비해 8.2% 증가했다고 산업통상자원부와 관세청이 1일 밝혔다.
A0018-SP32C9008706,A0018-SP32C9008706-m1,총수출액,무역,,683800000000,달러,달러,currency,amount,unspecified,수준값,현재값,KOSIS_VALUE,2024,Y,전년,,5,160,,,ALTERNATE,NOT_TOP_TABLE,후순위 통계표 후보,"품목별,수입,수출,무역",lexical,160,Y,,,,,,134,DT_134006_N001,품목별 수입·수출현황,2017044,기업무역활동통계,meta_index 없음 또는 코드명 매칭 없음,,,,,,,,,,,,,,,,,,,,,,,,,,,,,,,,,,,,,,,,,,,,,meta 없음,,,작년 한 해 전체 수출액이 6838억달러(약 1006조원)로 2023년에 비해 8.2% 증가했다고 산업통상자원부와 관세청이 1일 밝혔다.
A0018-SP32C9008706,A0018-SP32C9008706-m2,총수출액,무역,,1006000000000000,원,원,currency,amount,unspecified,수준값,현재값,KOSIS_VALUE,2024,Y,전년,,1,476,312,,TABLE_ONLY,META_NOT_LOADED,통계표 메타 조회 전 후보,"수출액,품목별,수입,수출,무역",lexical,476,Y,,,,,,360,DT_1R11001_FRM101,"품목별 수출액, 수입액",1976045,SITC에의한무역통계,meta_index 없음 또는 코드명 매칭 없음,,,,,,,,,,,,,,,,,,,,,,,,,,,,,,,,,,,,,,,,,,,,,meta 없음,,,작년 한 해 전체 수출액이 6838억달러(약 1006조원)로 2023년에 비해 8.2% 증가했다고 산업통상자원부와 관세청이 1일 밝혔다.
A0018-SP32C9008706,A0018-SP32C9008706-m2,총수출액,무역,,1006000000000000,원,원,currency,amount,unspecified,수준값,현재값,KOSIS_VALUE,2024,Y,전년,,2,312,,,ALTERNATE,NOT_TOP_TABLE,후순위 통계표 후보,"수출액,총수출액,수출",lexical,312,Y,,,,,,115,DT_115040_21,연간 총 수출액,2024010,탄소소재·부품산업통계조사,meta_index 없음 또는 코드명 매칭 없음,,,,,,,,,,,,,,,,,,,,,,,,,,,,,,,,,,,,,,,,,,,,,meta 없음,,,작년 한 해 전체 수출액이 6838억달러(약 1006조원)로 2023년에 비해 8.2% 증가했다고 산업통상자원부와 관세청이 1일 밝혔다.
A0018-SP32C9008706,A0018-SP32C9008706-m2,총수출액,무역,,1006000000000000,원,원,currency,amount,unspecified,수준값,현재값,KOSIS_VALUE,2024,Y,전년,,3,232,,,ALTERNATE,NOT_TOP_TABLE,후순위 통계표 후보,"수출액,총수출액,수출",lexical,232,Y,,,,,,127,DT_127010_049,클라우드 부문 총 수출액 및 해외법인 총 매출액 현황,2018022,클라우드산업실태조사,meta_index 없음 또는 코드명 매칭 없음,,,,,,,,,,,,,,,,,,,,,,,,,,,,,,,,,,,,,,,,,,,,,meta 없음,,,작년 한 해 전체 수출액이 6838억달러(약 1006조원)로 2023년에 비해 8.2% 증가했다고 산업통상자원부와 관세청이 1일 밝혔다.
A0018-SP32C9008706,A0018-SP32C9008706-m2,총수출액,무역,,1006000000000000,원,원,currency,amount,unspecified,수준값,현재값,KOSIS_VALUE,2024,Y,전년,,4,168,,,ALTERNATE,NOT_TOP_TABLE,후순위 통계표 후보,"수출액,품목별,수출",lexical,168,Y,,,,,,466,DT_446001_A027,쌀가루 생산판매 현황 : 품목별 수출액 - 총계,2024007,쌀가공식품제조업실태조사 > 쌀가공식품제조업,meta_index 없음 또는 코드명 매칭 없음,,,,,,,,,,,,,,,,,,,,,,,,,,,,,,,,,,,,,,,,,,,,,meta 없음,,,작년 한 해 전체 수출액이 6838억달러(약 1006조원)로 2023년에 비해 8.2% 증가했다고 산업통상자원부와 관세청이 1일 밝혔다.
A0018-SP32C9008706,A0018-SP32C9008706-m2,총수출액,무역,,1006000000000000,원,원,currency,amount,unspecified,수준값,현재값,KOSIS_VALUE,2024,Y,전년,,5,160,,,ALTERNATE,NOT_TOP_TABLE,후순위 통계표 후보,"품목별,수입,수출,무역",lexical,160,Y,,,,,,134,DT_134006_N001,품목별 수입·수출현황,2017044,기업무역활동통계,meta_index 없음 또는 코드명 매칭 없음,,,,,,,,,,,,,,,,,,,,,,,,,,,,,,,,,,,,,,,,,,,,,meta 없음,,,작년 한 해 전체 수출액이 6838억달러(약 1006조원)로 2023년에 비해 8.2% 증가했다고 산업통상자원부와 관세청이 1일 밝혔다.
A0018-SP32C9008706,A0018-SP32C9008706-m3,총수출액 증감률,무역,,8.2,%,%,rate,rate_change,unspecified,증감률,증감률,KOSIS_VALUE,2024,Y,전년,2023,1,476,312,,TABLE_ONLY,META_NOT_LOADED,통계표 메타 조회 전 후보,"수출액,품목별,수입,수출,무역",lexical,476,Y,,,,,,360,DT_1R11001_FRM101,"품목별 수출액, 수입액",1976045,SITC에의한무역통계,meta_index 없음 또는 코드명 매칭 없음,,,,,,,,,,,,,,,,,,,,,,,,,,,,,,,,,,,,,,,,,,,,,meta 없음,,,작년 한 해 전체 수출액이 6838억달러(약 1006조원)로 2023년에 비해 8.2% 증가했다고 산업통상자원부와 관세청이 1일 밝혔다.
A0018-SP32C9008706,A0018-SP32C9008706-m3,총수출액 증감률,무역,,8.2,%,%,rate,rate_change,unspecified,증감률,증감률,KOSIS_VALUE,2024,Y,전년,2023,2,312,,,ALTERNATE,NOT_TOP_TABLE,후순위 통계표 후보,"수출액,총수출액,수출",lexical,312,Y,,,,,,115,DT_115040_21,연간 총 수출액,2024010,탄소소재·부품산업통계조사,meta_index 없음 또는 코드명 매칭 없음,,,,,,,,,,,,,,,,,,,,,,,,,,,,,,,,,,,,,,,,,,,,,meta 없음,,,작년 한 해 전체 수출액이 6838억달러(약 1006조원)로 2023년에 비해 8.2% 증가했다고 산업통상자원부와 관세청이 1일 밝혔다.
A0018-SP32C9008706,A0018-SP32C9008706-m3,총수출액 증감률,무역,,8.2,%,%,rate,rate_change,unspecified,증감률,증감률,KOSIS_VALUE,2024,Y,전년,2023,3,232,,,ALTERNATE,NOT_TOP_TABLE,후순위 통계표 후보,"수출액,총수출액,수출",lexical,232,Y,,,,,,127,DT_127010_049,클라우드 부문 총 수출액 및 해외법인 총 매출액 현황,2018022,클라우드산업실태조사,meta_index 없음 또는 코드명 매칭 없음,,,,,,,,,,,,,,,,,,,,,,,,,,,,,,,,,,,,,,,,,,,,,meta 없음,,,작년 한 해 전체 수출액이 6838억달러(약 1006조원)로 2023년에 비해 8.2% 증가했다고 산업통상자원부와 관세청이 1일 밝혔다.
A0018-SP32C9008706,A0018-SP32C9008706-m3,총수출액 증감률,무역,,8.2,%,%,rate,rate_change,unspecified,증감률,증감률,KOSIS_VALUE,2024,Y,전년,2023,4,168,,,ALTERNATE,NOT_TOP_TABLE,후순위 통계표 후보,"수출액,품목별,수출",lexical,168,Y,,,,,,466,DT_446001_A027,쌀가루 생산판매 현황 : 품목별 수출액 - 총계,2024007,쌀가공식품제조업실태조사 > 쌀가공식품제조업,meta_index 없음 또는 코드명 매칭 없음,,,,,,,,,,,,,,,,,,,,,,,,,,,,,,,,,,,,,,,,,,,,,meta 없음,,,작년 한 해 전체 수출액이 6838억달러(약 1006조원)로 2023년에 비해 8.2% 증가했다고 산업통상자원부와 관세청이 1일 밝혔다.
A0018-SP32C9008706,A0018-SP32C9008706-m3,총수출액 증감률,무역,,8.2,%,%,rate,rate_change,unspecified,증감률,증감률,KOSIS_VALUE,2024,Y,전년,2023,5,160,,,ALTERNATE,NOT_TOP_TABLE,후순위 통계표 후보,"품목별,수입,수출,무역",lexical,160,Y,,,,,,134,DT_134006_N001,품목별 수입·수출현황,2017044,기업무역활동통계,meta_index 없음 또는 코드명 매칭 없음,,,,,,,,,,,,,,,,,,,,,,,,,,,,,,,,,,,,,,,,,,,,,meta 없음,,,작년 한 해 전체 수출액이 6838억달러(약 1006조원)로 2023년에 비해 8.2% 증가했다고 산업통상자원부와 관세청이 1일 밝혔다.
A0018-SPBAED6BB4CA,A0018-SPBAED6BB4CA-m2,총 수출액 증감,무역,,200000000,달러,달러,currency,absolute_change,unspecified,증감량,증감값,KOSIS_VALUE,2022,Y,전년동기,2021,1,480,216,,TABLE_ONLY,META_NOT_LOADED,통계표 메타 조회 전 후보,"수출액,품목별,수출,수입,무역",lexical,480,Y,,,,,,360,DT_1R11001_FRM101,"품목별 수출액, 수입액",1976045,SITC에의한무역통계,meta_index 없음 또는 코드명 매칭 없음,,,,,,,,,,,,,,,,,,,,,,,,,,,,,,,,,,,,,,,,,,,,,meta 없음,,,기존 역대 최대 규모였던 2022년 기록(6836억달러)을 2억달러 웃돌아 역대 최대 수출 실적을 달성했다.
A0018-SPBAED6BB4CA,A0018-SPBAED6BB4CA-m2,총 수출액 증감,무역,,200000000,달러,달러,currency,absolute_change,unspecified,증감량,증감값,KOSIS_VALUE,2022,Y,전년동기,2021,2,216,,,ALTERNATE,NOT_TOP_TABLE,후순위 통계표 후보,"수출액,수출,증감",lexical,216,Y,,,,,,127,DT_127010_008,전년 대비 수출액 증감 현황 및 이유,2018022,클라우드산업실태조사,meta_index 없음 또는 코드명 매칭 없음,,,,,,,,,,,,,,,,,,,,,,,,,,,,,,,,,,,,,,,,,,,,,meta 없음,,,기존 역대 최대 규모였던 2022년 기록(6836억달러)을 2억달러 웃돌아 역대 최대 수출 실적을 달성했다.
A0018-SPBAED6BB4CA,A0018-SPBAED6BB4CA-m2,총 수출액 증감,무역,,200000000,달러,달러,currency,absolute_change,unspecified,증감량,증감값,KOSIS_VALUE,2022,Y,전년동기,2021,3,182,,,ALTERNATE,NOT_TOP_TABLE,후순위 통계표 후보,"품목별,실적,수출",lexical,182,Y,,,,,,434,DT_434_STBL_1028692,게임기기 품목별 수출입 실적,2016058,문화체육관광산업통계 > 수출입 실적 현황,meta_index 없음 또는 코드명 매칭 없음,,,,,,,,,,,,,,,,,,,,,,,,,,,,,,,,,,,,,,,,,,,,,meta 없음,,,기존 역대 최대 규모였던 2022년 기록(6836억달러)을 2억달러 웃돌아 역대 최대 수출 실적을 달성했다.
A0018-SPBAED6BB4CA,A0018-SPBAED6BB4CA-m2,총 수출액 증감,무역,,200000000,달러,달러,currency,absolute_change,unspecified,증감량,증감값,KOSIS_VALUE,2022,Y,전년동기,2021,4,182,,,ALTERNATE,NOT_TOP_TABLE,후순위 통계표 후보,"품목별,실적,수출",lexical,182,Y,,,,,,434,DT_434_STBL_1028682,공예품 품목별 수출입 실적,2016058,문화체육관광산업통계 > 수출입 실적 현황,meta_index 없음 또는 코드명 매칭 없음,,,,,,,,,,,,,,,,,,,,,,,,,,,,,,,,,,,,,,,,,,,,,meta 없음,,,기존 역대 최대 규모였던 2022년 기록(6836억달러)을 2억달러 웃돌아 역대 최대 수출 실적을 달성했다.
A0018-SPBAED6BB4CA,A0018-SPBAED6BB4CA-m2,총 수출액 증감,무역,,200000000,달러,달러,currency,absolute_change,unspecified,증감량,증감값,KOSIS_VALUE,2022,Y,전년동기,2021,5,182,,,ALTERNATE,NOT_TOP_TABLE,후순위 통계표 후보,"품목별,실적,수출",lexical,182,Y,,,,,,434,DT_434_STBL_1028678,레저용품 품목별 수출입 실적,2016058,문화체육관광산업통계 > 수출입 실적 현황,meta_index 없음 또는 코드명 매칭 없음,,,,,,,,,,,,,,,,,,,,,,,,,,,,,,,,,,,,,,,,,,,,,meta 없음,,,기존 역대 최대 규모였던 2022년 기록(6836억달러)을 2억달러 웃돌아 역대 최대 수출 실적을 달성했다.
A0018-SP2F67F9842A,A0018-SP2F67F9842A-m1,수출액,무역,반도체,141900000000,달러,달러,currency,amount,item,수준값,현재값,KOSIS_VALUE,2024,Y,전년,,1,1098,484,,TABLE_ONLY,META_NOT_LOADED,통계표 메타 조회 전 후보,"수출,수입,ICT,codebook:semiconductor_export_y",lexical+codebook,1098,Y,,,,semiconductor_export_y,semiconductor_export_y,127,DT_127005_005,수출 및 수입액,1996008,ICT실태조사,meta_index 없음 또는 코드명 매칭 없음,,,,,,,,,,,,,,,,,,,,,,,,,,,,,,,,,,,,,,,,,,,,,코드북 후보 선택,,,주력 수출 품목인 반도체 수출액이 1419억달러로 역대 최대치를 고쳐 쓰면서 수출 증가세를 주도했다.
A0018-SP2F67F9842A,A0018-SP2F67F9842A-m1,수출액,무역,반도체,141900000000,달러,달러,currency,amount,item,수준값,현재값,KOSIS_VALUE,2024,Y,전년,,2,484,,,ALTERNATE,NOT_TOP_TABLE,후순위 통계표 후보,"수출액,품목별,수출,수입,무역",lexical,484,Y,,,,,,360,DT_1R11001_FRM101,"품목별 수출액, 수입액",1976045,SITC에의한무역통계,meta_index 없음 또는 코드명 매칭 없음,,,,,,,,,,,,,,,,,,,,,,,,,,,,,,,,,,,,,,,,,,,,,meta 없음,,,주력 수출 품목인 반도체 수출액이 1419억달러로 역대 최대치를 고쳐 쓰면서 수출 증가세를 주도했다.
A0018-SP2F67F9842A,A0018-SP2F67F9842A-m1,수출액,무역,반도체,141900000000,달러,달러,currency,amount,item,수준값,현재값,KOSIS_VALUE,2024,Y,전년,,3,168,,,ALTERNATE,NOT_TOP_TABLE,후순위 통계표 후보,"품목별,수출,수입,무역",lexical,168,Y,,,,,,134,DT_134006_N001,품목별 수입·수출현황,2017044,기업무역활동통계,meta_index 없음 또는 코드명 매칭 없음,,,,,,,,,,,,,,,,,,,,,,,,,,,,,,,,,,,,,,,,,,,,,meta 없음,,,주력 수출 품목인 반도체 수출액이 1419억달러로 역대 최대치를 고쳐 쓰면서 수출 증가세를 주도했다.
A0018-SP2F67F9842A,A0018-SP2F67F9842A-m1,수출액,무역,반도체,141900000000,달러,달러,currency,amount,item,수준값,현재값,KOSIS_VALUE,2024,Y,전년,,4,152,,,ALTERNATE,NOT_TOP_TABLE,후순위 통계표 후보,"품목별,수출",lexical,152,Y,,,,,,434,DT_434_STBL_1028692,게임기기 품목별 수출입 실적,2016058,문화체육관광산업통계 > 수출입 실적 현황,meta_index 없음 또는 코드명 매칭 없음,,,,,,,,,,,,,,,,,,,,,,,,,,,,,,,,,,,,,,,,,,,,,meta 없음,,,주력 수출 품목인 반도체 수출액이 1419억달러로 역대 최대치를 고쳐 쓰면서 수출 증가세를 주도했다.
A0018-SP2F67F9842A,A0018-SP2F67F9842A-m1,수출액,무역,반도체,141900000000,달러,달러,currency,amount,item,수준값,현재값,KOSIS_VALUE,2024,Y,전년,,5,152,,,ALTERNATE,NOT_TOP_TABLE,후순위 통계표 후보,"품목별,수출",lexical,152,Y,,,,,,434,DT_434_STBL_1028682,공예품 품목별 수출입 실적,2016058,문화체육관광산업통계 > 수출입 실적 현황,meta_index 없음 또는 코드명 매칭 없음,,,,,,,,,,,,,,,,,,,,,,,,,,,,,,,,,,,,,,,,,,,,,meta 없음,,,주력 수출 품목인 반도체 수출액이 1419억달러로 역대 최대치를 고쳐 쓰면서 수출 증가세를 주도했다.
A0018-SP33EC69A061,A0018-SP33EC69A061-m1,수입액 증감률,무역,-,1.6,%,%,rate,rate_change,unspecified,증감률,증감률,KOSIS_VALUE,2024,Y,전년,2023,1,416,132,,TABLE_ONLY,META_NOT_LOADED,통계표 메타 조회 전 후보,"수입액,수출액,품목별,수입,수출,무역",lexical,416,Y,,,,,,360,DT_1R11001_FRM101,"품목별 수출액, 수입액",1976045,SITC에의한무역통계,meta_index 없음 또는 코드명 매칭 없음,,,,,,,,,,,,,,,,,,,,,,,,,,,,,,,,,,,,,,,,,,,,,meta 없음,,,"작년 한국의 수입액은 전년보다 1.6% 감소한 6320억달러로, 518억달러의 무역 흑자를 기록했다."
A0018-SP33EC69A061,A0018-SP33EC69A061-m1,수입액 증감률,무역,-,1.6,%,%,rate,rate_change,unspecified,증감률,증감률,KOSIS_VALUE,2024,Y,전년,2023,2,132,,,ALTERNATE,NOT_TOP_TABLE,후순위 통계표 후보,"수입액,수입,수출",lexical,132,Y,,,,,,113,DT_113_STBL_1027295,광고산업 : 수출 및 수입액 현황(연도별),2004043,콘텐츠산업조사 > 광고산업,meta_index 없음 또는 코드명 매칭 없음,,,,,,,,,,,,,,,,,,,,,,,,,,,,,,,,,,,,,,,,,,,,,meta 없음,,,"작년 한국의 수입액은 전년보다 1.6% 감소한 6320억달러로, 518억달러의 무역 흑자를 기록했다."
A0018-SP33EC69A061,A0018-SP33EC69A061-m1,수입액 증감률,무역,-,1.6,%,%,rate,rate_change,unspecified,증감률,증감률,KOSIS_VALUE,2024,Y,전년,2023,3,132,,,ALTERNATE,NOT_TOP_TABLE,후순위 통계표 후보,"수입액,무역수지,무역,수입,수출",lexical,132,Y,,,,,,145,DT_145009_026,"국내 의약품 생산·수출·수입액, 무역수지, 시장규모",2016008,의약품생산및수출수입실적 > 수출입 현황,meta_index 없음 또는 코드명 매칭 없음,,,,,,,,,,,,,,,,,,,,,,,,,,,,,,,,,,,,,,,,,,,,,meta 없음,,,"작년 한국의 수입액은 전년보다 1.6% 감소한 6320억달러로, 518억달러의 무역 흑자를 기록했다."
A0018-SP33EC69A061,A0018-SP33EC69A061-m1,수입액 증감률,무역,-,1.6,%,%,rate,rate_change,unspecified,증감률,증감률,KOSIS_VALUE,2024,Y,전년,2023,4,124,,,ALTERNATE,NOT_TOP_TABLE,후순위 통계표 후보,"수입액,수입",lexical,124,Y,,,,,,115,TX_115_2009_H1180,당해연도 신규 기술료 수입액(기술이전 거래 유형별),2006017,공공기술이전사업화현황조사 > 2007년~2012년 > 성과,meta_index 없음 또는 코드명 매칭 없음,,,,,,,,,,,,,,,,,,,,,,,,,,,,,,,,,,,,,,,,,,,,,meta 없음,,,"작년 한국의 수입액은 전년보다 1.6% 감소한 6320억달러로, 518억달러의 무역 흑자를 기록했다."
A0018-SP33EC69A061,A0018-SP33EC69A061-m1,수입액 증감률,무역,-,1.6,%,%,rate,rate_change,unspecified,증감률,증감률,KOSIS_VALUE,2024,Y,전년,2023,5,124,,,ALTERNATE,NOT_TOP_TABLE,후순위 통계표 후보,"수입액,수입",lexical,124,Y,,,,,,115,TX_115_2009_H1177,당해연도 신규 기술이전 계약체결 기술료 수입액,2006017,공공기술이전사업화현황조사 > 2007년~2012년 > 성과,meta_index 없음 또는 코드명 매칭 없음,,,,,,,,,,,,,,,,,,,,,,,,,,,,,,,,,,,,,,,,,,,,,meta 없음,,,"작년 한국의 수입액은 전년보다 1.6% 감소한 6320억달러로, 518억달러의 무역 흑자를 기록했다."
A0018-SP33EC69A061,A0018-SP33EC69A061-m2,수입액,무역,-,632000000000,달러,달러,currency,amount,unspecified,수준값,현재값,KOSIS_VALUE,2024,Y,전년,,1,416,132,,TABLE_ONLY,META_NOT_LOADED,통계표 메타 조회 전 후보,"수입액,수출액,품목별,수입,수출,무역",lexical,416,Y,,,,,,360,DT_1R11001_FRM101,"품목별 수출액, 수입액",1976045,SITC에의한무역통계,meta_index 없음 또는 코드명 매칭 없음,,,,,,,,,,,,,,,,,,,,,,,,,,,,,,,,,,,,,,,,,,,,,meta 없음,,,"작년 한국의 수입액은 전년보다 1.6% 감소한 6320억달러로, 518억달러의 무역 흑자를 기록했다."
A0018-SP33EC69A061,A0018-SP33EC69A061-m2,수입액,무역,-,632000000000,달러,달러,currency,amount,unspecified,수준값,현재값,KOSIS_VALUE,2024,Y,전년,,2,132,,,ALTERNATE,NOT_TOP_TABLE,후순위 통계표 후보,"수입액,수입,수출",lexical,132,Y,,,,,,113,DT_113_STBL_1027295,광고산업 : 수출 및 수입액 현황(연도별),2004043,콘텐츠산업조사 > 광고산업,meta_index 없음 또는 코드명 매칭 없음,,,,,,,,,,,,,,,,,,,,,,,,,,,,,,,,,,,,,,,,,,,,,meta 없음,,,"작년 한국의 수입액은 전년보다 1.6% 감소한 6320억달러로, 518억달러의 무역 흑자를 기록했다."
A0018-SP33EC69A061,A0018-SP33EC69A061-m2,수입액,무역,-,632000000000,달러,달러,currency,amount,unspecified,수준값,현재값,KOSIS_VALUE,2024,Y,전년,,3,132,,,ALTERNATE,NOT_TOP_TABLE,후순위 통계표 후보,"수입액,무역수지,무역,수입,수출",lexical,132,Y,,,,,,145,DT_145009_026,"국내 의약품 생산·수출·수입액, 무역수지, 시장규모",2016008,의약품생산및수출수입실적 > 수출입 현황,meta_index 없음 또는 코드명 매칭 없음,,,,,,,,,,,,,,,,,,,,,,,,,,,,,,,,,,,,,,,,,,,,,meta 없음,,,"작년 한국의 수입액은 전년보다 1.6% 감소한 6320억달러로, 518억달러의 무역 흑자를 기록했다."
A0018-SP33EC69A061,A0018-SP33EC69A061-m2,수입액,무역,-,632000000000,달러,달러,currency,amount,unspecified,수준값,현재값,KOSIS_VALUE,2024,Y,전년,,4,124,,,ALTERNATE,NOT_TOP_TABLE,후순위 통계표 후보,"수입액,수입",lexical,124,Y,,,,,,115,TX_115_2009_H1180,당해연도 신규 기술료 수입액(기술이전 거래 유형별),2006017,공공기술이전사업화현황조사 > 2007년~2012년 > 성과,meta_index 없음 또는 코드명 매칭 없음,,,,,,,,,,,,,,,,,,,,,,,,,,,,,,,,,,,,,,,,,,,,,meta 없음,,,"작년 한국의 수입액은 전년보다 1.6% 감소한 6320억달러로, 518억달러의 무역 흑자를 기록했다."
A0018-SP33EC69A061,A0018-SP33EC69A061-m2,수입액,무역,-,632000000000,달러,달러,currency,amount,unspecified,수준값,현재값,KOSIS_VALUE,2024,Y,전년,,5,124,,,ALTERNATE,NOT_TOP_TABLE,후순위 통계표 후보,"수입액,수입",lexical,124,Y,,,,,,115,TX_115_2009_H1177,당해연도 신규 기술이전 계약체결 기술료 수입액,2006017,공공기술이전사업화현황조사 > 2007년~2012년 > 성과,meta_index 없음 또는 코드명 매칭 없음,,,,,,,,,,,,,,,,,,,,,,,,,,,,,,,,,,,,,,,,,,,,,meta 없음,,,"작년 한국의 수입액은 전년보다 1.6% 감소한 6320억달러로, 518억달러의 무역 흑자를 기록했다."
A0018-SP6C1F318589,A0018-SP6C1F318589-m1,총수출액,무역,-,61380000000,달러,달러,currency,amount,unspecified,수준값,현재값,KOSIS_VALUE,202412,M,전년동월,,1,484,240,,TABLE_ONLY,META_NOT_LOADED,통계표 메타 조회 전 후보,"품목별,수출액,수출,수입,무역",lexical,484,Y,,,,,,360,DT_1R11001_FRM101,"품목별 수출액, 수입액",1976045,SITC에의한무역통계,meta_index 없음 또는 코드명 매칭 없음,,,,,,,,,,,,,,,,,,,,,,,,,,,,,,,,,,,,,,,,,,,,,meta 없음,,,작년 12월 수출은 613억8000만달러로 1년 전 대비 6.6% 늘어 한 달 전(1.4%)에 비해 오름폭을 키웠다.
A0018-SP6C1F318589,A0018-SP6C1F318589-m1,총수출액,무역,-,61380000000,달러,달러,currency,amount,unspecified,수준값,현재값,KOSIS_VALUE,202412,M,전년동월,,2,240,,,ALTERNATE,NOT_TOP_TABLE,후순위 통계표 후보,"수출액,수출,총수출액",lexical,240,Y,,,,,,115,DT_115040_21,연간 총 수출액,2024010,탄소소재·부품산업통계조사,meta_index 없음 또는 코드명 매칭 없음,,,,,,,,,,,,,,,,,,,,,,,,,,,,,,,,,,,,,,,,,,,,,meta 없음,,,작년 12월 수출은 613억8000만달러로 1년 전 대비 6.6% 늘어 한 달 전(1.4%)에 비해 오름폭을 키웠다.
A0018-SP6C1F318589,A0018-SP6C1F318589-m1,총수출액,무역,-,61380000000,달러,달러,currency,amount,unspecified,수준값,현재값,KOSIS_VALUE,202412,M,전년동월,,3,240,,,ALTERNATE,NOT_TOP_TABLE,후순위 통계표 후보,"수출액,수출,총수출액",lexical,240,Y,,,,,,127,DT_127010_049,클라우드 부문 총 수출액 및 해외법인 총 매출액 현황,2018022,클라우드산업실태조사,meta_index 없음 또는 코드명 매칭 없음,,,,,,,,,,,,,,,,,,,,,,,,,,,,,,,,,,,,,,,,,,,,,meta 없음,,,작년 12월 수출은 613억8000만달러로 1년 전 대비 6.6% 늘어 한 달 전(1.4%)에 비해 오름폭을 키웠다.
A0018-SP6C1F318589,A0018-SP6C1F318589-m1,총수출액,무역,-,61380000000,달러,달러,currency,amount,unspecified,수준값,현재값,KOSIS_VALUE,202412,M,전년동월,,4,188,,,ALTERNATE,NOT_TOP_TABLE,후순위 통계표 후보,"품목별,수출,실적",lexical,188,Y,,,,,,434,DT_434_STBL_1028692,게임기기 품목별 수출입 실적,2016058,문화체육관광산업통계 > 수출입 실적 현황,meta_index 없음 또는 코드명 매칭 없음,,,,,,,,,,,,,,,,,,,,,,,,,,,,,,,,,,,,,,,,,,,,,meta 없음,,,작년 12월 수출은 613억8000만달러로 1년 전 대비 6.6% 늘어 한 달 전(1.4%)에 비해 오름폭을 키웠다.
A0018-SP6C1F318589,A0018-SP6C1F318589-m1,총수출액,무역,-,61380000000,달러,달러,currency,amount,unspecified,수준값,현재값,KOSIS_VALUE,202412,M,전년동월,,5,188,,,ALTERNATE,NOT_TOP_TABLE,후순위 통계표 후보,"품목별,수출,실적",lexical,188,Y,,,,,,434,DT_434_STBL_1028682,공예품 품목별 수출입 실적,2016058,문화체육관광산업통계 > 수출입 실적 현황,meta_index 없음 또는 코드명 매칭 없음,,,,,,,,,,,,,,,,,,,,,,,,,,,,,,,,,,,,,,,,,,,,,meta 없음,,,작년 12월 수출은 613억8000만달러로 1년 전 대비 6.6% 늘어 한 달 전(1.4%)에 비해 오름폭을 키웠다.
A0018-SP6C1F318589,A0018-SP6C1F318589-m2,수출 증가율,무역,-,6.6,%,%,rate,rate_change,unspecified,증감률,증감률,KOSIS_VALUE,202412,M,전년동월,202312,1,404,182,,TABLE_ONLY,META_NOT_LOADED,통계표 메타 조회 전 후보,"품목별,수출액,수출,수입,무역",lexical,404,Y,,,,,,360,DT_1R11001_FRM101,"품목별 수출액, 수입액",1976045,SITC에의한무역통계,meta_index 없음 또는 코드명 매칭 없음,,,,,,,,,,,,,,,,,,,,,,,,,,,,,,,,,,,,,,,,,,,,,meta 없음,,,작년 12월 수출은 613억8000만달러로 1년 전 대비 6.6% 늘어 한 달 전(1.4%)에 비해 오름폭을 키웠다.
A0018-SP6C1F318589,A0018-SP6C1F318589-m2,수출 증가율,무역,-,6.6,%,%,rate,rate_change,unspecified,증감률,증감률,KOSIS_VALUE,202412,M,전년동월,202312,2,182,,,ALTERNATE,NOT_TOP_TABLE,후순위 통계표 후보,"수출,IT산업,ICT",lexical,182,Y,,,,,,127,DT_092_115_2009_S023,IT산업별/월별 수출 현황,2007407,ICT수출입통계,meta_index 없음 또는 코드명 매칭 없음,,,,,,,,,,,,,,,,,,,,,,,,,,,,,,,,,,,,,,,,,,,,,meta 없음,,,작년 12월 수출은 613억8000만달러로 1년 전 대비 6.6% 늘어 한 달 전(1.4%)에 비해 오름폭을 키웠다.
A0018-SP6C1F318589,A0018-SP6C1F318589-m2,수출 증가율,무역,-,6.6,%,%,rate,rate_change,unspecified,증감률,증감률,KOSIS_VALUE,202412,M,전년동월,202312,3,174,,,ALTERNATE,NOT_TOP_TABLE,후순위 통계표 후보,"IT산업,수입,수출,ICT",lexical,174,Y,,,,,,127,DT_092_115_2009_S024,IT산업별/월별 수입 현황,2007407,ICT수출입통계,meta_index 없음 또는 코드명 매칭 없음,,,,,,,,,,,,,,,,,,,,,,,,,,,,,,,,,,,,,,,,,,,,,meta 없음,,,작년 12월 수출은 613억8000만달러로 1년 전 대비 6.6% 늘어 한 달 전(1.4%)에 비해 오름폭을 키웠다.
A0018-SP6C1F318589,A0018-SP6C1F318589-m2,수출 증가율,무역,-,6.6,%,%,rate,rate_change,unspecified,증감률,증감률,KOSIS_VALUE,202412,M,전년동월,202312,4,152,,,ALTERNATE,NOT_TOP_TABLE,후순위 통계표 후보,"수출,실적",lexical,152,Y,,,,,,434,DT_434_STBL_1028697,월별 수출실적,2016058,문화체육관광산업통계 > 수출입 실적 현황,meta_index 없음 또는 코드명 매칭 없음,,,,,,,,,,,,,,,,,,,,,,,,,,,,,,,,,,,,,,,,,,,,,meta 없음,,,작년 12월 수출은 613억8000만달러로 1년 전 대비 6.6% 늘어 한 달 전(1.4%)에 비해 오름폭을 키웠다.
A0018-SP6C1F318589,A0018-SP6C1F318589-m2,수출 증가율,무역,-,6.6,%,%,rate,rate_change,unspecified,증감률,증감률,KOSIS_VALUE,202412,M,전년동월,202312,5,152,,,ALTERNATE,NOT_TOP_TABLE,후순위 통계표 후보,"수출,실적",lexical,152,Y,,,,,,434,DT_434001_C301,월별 수출입 실적,2016058,문화체육관광산업통계 > 수출입 실적 현황,meta_index 없음 또는 코드명 매칭 없음,,,,,,,,,,,,,,,,,,,,,,,,,,,,,,,,,,,,,,,,,,,,,meta 없음,,,작년 12월 수출은 613억8000만달러로 1년 전 대비 6.6% 늘어 한 달 전(1.4%)에 비해 오름폭을 키웠다.
A0018-SP6C1F318589,A0018-SP6C1F318589-m4,수출 증가율,무역,-,1.4,%,%,rate,rate_change,unspecified,증감률,증감률,KOSIS_VALUE,202411,M,전월,202410,1,404,182,,TABLE_ONLY,META_NOT_LOADED,통계표 메타 조회 전 후보,"품목별,수출액,수출,수입,무역",lexical,404,Y,,,,,,360,DT_1R11001_FRM101,"품목별 수출액, 수입액",1976045,SITC에의한무역통계,meta_index 없음 또는 코드명 매칭 없음,,,,,,,,,,,,,,,,,,,,,,,,,,,,,,,,,,,,,,,,,,,,,meta 없음,,,작년 12월 수출은 613억8000만달러로 1년 전 대비 6.6% 늘어 한 달 전(1.4%)에 비해 오름폭을 키웠다.
A0018-SP6C1F318589,A0018-SP6C1F318589-m4,수출 증가율,무역,-,1.4,%,%,rate,rate_change,unspecified,증감률,증감률,KOSIS_VALUE,202411,M,전월,202410,2,182,,,ALTERNATE,NOT_TOP_TABLE,후순위 통계표 후보,"수출,IT산업,ICT",lexical,182,Y,,,,,,127,DT_092_115_2009_S023,IT산업별/월별 수출 현황,2007407,ICT수출입통계,meta_index 없음 또는 코드명 매칭 없음,,,,,,,,,,,,,,,,,,,,,,,,,,,,,,,,,,,,,,,,,,,,,meta 없음,,,작년 12월 수출은 613억8000만달러로 1년 전 대비 6.6% 늘어 한 달 전(1.4%)에 비해 오름폭을 키웠다.
A0018-SP6C1F318589,A0018-SP6C1F318589-m4,수출 증가율,무역,-,1.4,%,%,rate,rate_change,unspecified,증감률,증감률,KOSIS_VALUE,202411,M,전월,202410,3,174,,,ALTERNATE,NOT_TOP_TABLE,후순위 통계표 후보,"IT산업,수입,수출,ICT",lexical,174,Y,,,,,,127,DT_092_115_2009_S024,IT산업별/월별 수입 현황,2007407,ICT수출입통계,meta_index 없음 또는 코드명 매칭 없음,,,,,,,,,,,,,,,,,,,,,,,,,,,,,,,,,,,,,,,,,,,,,meta 없음,,,작년 12월 수출은 613억8000만달러로 1년 전 대비 6.6% 늘어 한 달 전(1.4%)에 비해 오름폭을 키웠다.
A0018-SP6C1F318589,A0018-SP6C1F318589-m4,수출 증가율,무역,-,1.4,%,%,rate,rate_change,unspecified,증감률,증감률,KOSIS_VALUE,202411,M,전월,202410,4,152,,,ALTERNATE,NOT_TOP_TABLE,후순위 통계표 후보,"수출,실적",lexical,152,Y,,,,,,434,DT_434_STBL_1028697,월별 수출실적,2016058,문화체육관광산업통계 > 수출입 실적 현황,meta_index 없음 또는 코드명 매칭 없음,,,,,,,,,,,,,,,,,,,,,,,,,,,,,,,,,,,,,,,,,,,,,meta 없음,,,작년 12월 수출은 613억8000만달러로 1년 전 대비 6.6% 늘어 한 달 전(1.4%)에 비해 오름폭을 키웠다.
A0018-SP6C1F318589,A0018-SP6C1F318589-m4,수출 증가율,무역,-,1.4,%,%,rate,rate_change,unspecified,증감률,증감률,KOSIS_VALUE,202411,M,전월,202410,5,152,,,ALTERNATE,NOT_TOP_TABLE,후순위 통계표 후보,"수출,실적",lexical,152,Y,,,,,,434,DT_434001_C301,월별 수출입 실적,2016058,문화체육관광산업통계 > 수출입 실적 현황,meta_index 없음 또는 코드명 매칭 없음,,,,,,,,,,,,,,,,,,,,,,,,,,,,,,,,,,,,,,,,,,,,,meta 없음,,,작년 12월 수출은 613억8000만달러로 1년 전 대비 6.6% 늘어 한 달 전(1.4%)에 비해 오름폭을 키웠다.
A0018-SP8114050F3A,A0018-SP8114050F3A-m1,수출 증가율,무역,반도체,10.9,%,%,rate,rate_change,item,증감률,증감률,KOSIS_VALUE,202308,M,전년동월,202208,1,1222,484,,TABLE_ONLY,META_NOT_LOADED,통계표 메타 조회 전 후보,"IT산업,수출,ICT,codebook:semiconductor_export_m",lexical+codebook,1222,Y,,,,semiconductor_export_m,semiconductor_export_m,127,DT_092_115_2009_S023,IT산업별/월별 수출 현황,2007407,ICT수출입통계,meta_index 없음 또는 코드명 매칭 없음,,,,,,,,,,,,,,,,,,,,,,,,,,,,,,,,,,,,,,,,,,,,,코드북 후보 선택,,,수출 증가율은 작년 8월(10.9%)부터 11월까지 꺾이다가 지난달 들어 반도체 수출이 31.5% 불어나며 오름세로 돌아섰다.
A0018-SP8114050F3A,A0018-SP8114050F3A-m1,수출 증가율,무역,반도체,10.9,%,%,rate,rate_change,item,증감률,증감률,KOSIS_VALUE,202308,M,전년동월,202208,2,484,,,ALTERNATE,NOT_TOP_TABLE,후순위 통계표 후보,"품목별,수출액,수출,수입,무역",lexical,484,Y,,,,,,360,DT_1R11001_FRM101,"품목별 수출액, 수입액",1976045,SITC에의한무역통계,meta_index 없음 또는 코드명 매칭 없음,,,,,,,,,,,,,,,,,,,,,,,,,,,,,,,,,,,,,,,,,,,,,meta 없음,,,수출 증가율은 작년 8월(10.9%)부터 11월까지 꺾이다가 지난달 들어 반도체 수출이 31.5% 불어나며 오름세로 돌아섰다.
A0018-SP8114050F3A,A0018-SP8114050F3A-m1,수출 증가율,무역,반도체,10.9,%,%,rate,rate_change,item,증감률,증감률,KOSIS_VALUE,202308,M,전년동월,202208,3,168,,,ALTERNATE,NOT_TOP_TABLE,후순위 통계표 후보,"품목별,수출,수입,무역",lexical,168,Y,,,,,,134,DT_134006_N001,품목별 수입·수출현황,2017044,기업무역활동통계,meta_index 없음 또는 코드명 매칭 없음,,,,,,,,,,,,,,,,,,,,,,,,,,,,,,,,,,,,,,,,,,,,,meta 없음,,,수출 증가율은 작년 8월(10.9%)부터 11월까지 꺾이다가 지난달 들어 반도체 수출이 31.5% 불어나며 오름세로 돌아섰다.
A0018-SP8114050F3A,A0018-SP8114050F3A-m1,수출 증가율,무역,반도체,10.9,%,%,rate,rate_change,item,증감률,증감률,KOSIS_VALUE,202308,M,전년동월,202208,4,154,,,ALTERNATE,NOT_TOP_TABLE,후순위 통계표 후보,"품목별,수입,수출,10",lexical,154,Y,,,,,,301,DT_401Y017,수입물가지수(품목별),1976001,수출입물가조사(2020=100) > 수입물가,meta_index 없음 또는 코드명 매칭 없음,,,,,,,,,,,,,,,,,,,,,,,,,,,,,,,,,,,,,,,,,,,,,meta 없음,,,수출 증가율은 작년 8월(10.9%)부터 11월까지 꺾이다가 지난달 들어 반도체 수출이 31.5% 불어나며 오름세로 돌아섰다.
A0018-SP8114050F3A,A0018-SP8114050F3A-m1,수출 증가율,무역,반도체,10.9,%,%,rate,rate_change,item,증감률,증감률,KOSIS_VALUE,202308,M,전년동월,202208,5,154,,,ALTERNATE,NOT_TOP_TABLE,후순위 통계표 후보,"품목별,수출,10",lexical,154,Y,,,,,,301,DT_402Y016,수출물가지수(품목별),1976001,수출입물가조사(2020=100) > 수출물가,meta_index 없음 또는 코드명 매칭 없음,,,,,,,,,,,,,,,,,,,,,,,,,,,,,,,,,,,,,,,,,,,,,meta 없음,,,수출 증가율은 작년 8월(10.9%)부터 11월까지 꺾이다가 지난달 들어 반도체 수출이 31.5% 불어나며 오름세로 돌아섰다.
A0018-SP8114050F3A,A0018-SP8114050F3A-m2,수출 증가율,무역,반도체,31.5,%,%,rate,rate_change,item,증감률,증감률,KOSIS_VALUE,202312,M,전년동월,202212,1,1222,484,,TABLE_ONLY,META_NOT_LOADED,통계표 메타 조회 전 후보,"IT산업,수출,ICT,codebook:semiconductor_export_m",lexical+codebook,1222,Y,,,,semiconductor_export_m,semiconductor_export_m,127,DT_092_115_2009_S023,IT산업별/월별 수출 현황,2007407,ICT수출입통계,meta_index 없음 또는 코드명 매칭 없음,,,,,,,,,,,,,,,,,,,,,,,,,,,,,,,,,,,,,,,,,,,,,코드북 후보 선택,,,수출 증가율은 작년 8월(10.9%)부터 11월까지 꺾이다가 지난달 들어 반도체 수출이 31.5% 불어나며 오름세로 돌아섰다.
A0018-SP8114050F3A,A0018-SP8114050F3A-m2,수출 증가율,무역,반도체,31.5,%,%,rate,rate_change,item,증감률,증감률,KOSIS_VALUE,202312,M,전년동월,202212,2,484,,,ALTERNATE,NOT_TOP_TABLE,후순위 통계표 후보,"품목별,수출액,수출,수입,무역",lexical,484,Y,,,,,,360,DT_1R11001_FRM101,"품목별 수출액, 수입액",1976045,SITC에의한무역통계,meta_index 없음 또는 코드명 매칭 없음,,,,,,,,,,,,,,,,,,,,,,,,,,,,,,,,,,,,,,,,,,,,,meta 없음,,,수출 증가율은 작년 8월(10.9%)부터 11월까지 꺾이다가 지난달 들어 반도체 수출이 31.5% 불어나며 오름세로 돌아섰다.
A0018-SP8114050F3A,A0018-SP8114050F3A-m2,수출 증가율,무역,반도체,31.5,%,%,rate,rate_change,item,증감률,증감률,KOSIS_VALUE,202312,M,전년동월,202212,3,168,,,ALTERNATE,NOT_TOP_TABLE,후순위 통계표 후보,"품목별,수출,수입,무역",lexical,168,Y,,,,,,134,DT_134006_N001,품목별 수입·수출현황,2017044,기업무역활동통계,meta_index 없음 또는 코드명 매칭 없음,,,,,,,,,,,,,,,,,,,,,,,,,,,,,,,,,,,,,,,,,,,,,meta 없음,,,수출 증가율은 작년 8월(10.9%)부터 11월까지 꺾이다가 지난달 들어 반도체 수출이 31.5% 불어나며 오름세로 돌아섰다.
A0018-SP8114050F3A,A0018-SP8114050F3A-m2,수출 증가율,무역,반도체,31.5,%,%,rate,rate_change,item,증감률,증감률,KOSIS_VALUE,202312,M,전년동월,202212,4,154,,,ALTERNATE,NOT_TOP_TABLE,후순위 통계표 후보,"품목별,수입,수출,10",lexical,154,Y,,,,,,301,DT_401Y017,수입물가지수(품목별),1976001,수출입물가조사(2020=100) > 수입물가,meta_index 없음 또는 코드명 매칭 없음,,,,,,,,,,,,,,,,,,,,,,,,,,,,,,,,,,,,,,,,,,,,,meta 없음,,,수출 증가율은 작년 8월(10.9%)부터 11월까지 꺾이다가 지난달 들어 반도체 수출이 31.5% 불어나며 오름세로 돌아섰다.
A0018-SP8114050F3A,A0018-SP8114050F3A-m2,수출 증가율,무역,반도체,31.5,%,%,rate,rate_change,item,증감률,증감률,KOSIS_VALUE,202312,M,전년동월,202212,5,154,,,ALTERNATE,NOT_TOP_TABLE,후순위 통계표 후보,"품목별,수출,10",lexical,154,Y,,,,,,301,DT_402Y016,수출물가지수(품목별),1976001,수출입물가조사(2020=100) > 수출물가,meta_index 없음 또는 코드명 매칭 없음,,,,,,,,,,,,,,,,,,,,,,,,,,,,,,,,,,,,,,,,,,,,,meta 없음,,,수출 증가율은 작년 8월(10.9%)부터 11월까지 꺾이다가 지난달 들어 반도체 수출이 31.5% 불어나며 오름세로 돌아섰다.
A0020-SPE84B1B5437,A0020-SPE84B1B5437-m1,로봇화에 뛰어든 기업 수,고용,-,13,%,%,rate,rate_change,organization,증감률,증감률,KOSIS_VALUE,2019,Y,전년,2018,1,388,166,,TABLE_ONLY,META_NOT_LOADED,통계표 메타 조회 전 후보,"로봇,산업",lexical,388,Y,,,,,,401,DT_401001_005,사업체 수,2006203,로봇산업실태조사,meta_index 없음 또는 코드명 매칭 없음,,,,,,,,,,,,,,,,,,,,,,,,,,,,,,,,,,,,,,,,,,,,,meta 없음,,,한국로봇산업진흥원에 따르면 로봇화에 뛰어든 우리 기업은 2524곳(2023년 기준)으로 2019년보다 13%가량 증가했다.
A0020-SPE84B1B5437,A0020-SPE84B1B5437-m1,로봇화에 뛰어든 기업 수,고용,-,13,%,%,rate,rate_change,organization,증감률,증감률,KOSIS_VALUE,2019,Y,전년,2018,2,166,,,ALTERNATE,NOT_TOP_TABLE,후순위 통계표 후보,"로봇,기업,제조업",lexical,166,Y,,,,,,395,DT_395N_I2021277,디지털 신기술별 도입 여부: 로봇공학,2003024,한국기업혁신조사 > 2022년도 조사(제조업 부문) > 디지털전환 > 디지털 신기술별 도입 여부,meta_index 없음 또는 코드명 매칭 없음,,,,,,,,,,,,,,,,,,,,,,,,,,,,,,,,,,,,,,,,,,,,,meta 없음,,,한국로봇산업진흥원에 따르면 로봇화에 뛰어든 우리 기업은 2524곳(2023년 기준)으로 2019년보다 13%가량 증가했다.
A0020-SPE84B1B5437,A0020-SPE84B1B5437-m1,로봇화에 뛰어든 기업 수,고용,-,13,%,%,rate,rate_change,organization,증감률,증감률,KOSIS_VALUE,2019,Y,전년,2018,3,166,,,ALTERNATE,NOT_TOP_TABLE,후순위 통계표 후보,"로봇,기업,제조업",lexical,166,Y,,,,,,395,DT_395N_I2021268,디지털 신기술별 중요도: 로봇공학,2003024,한국기업혁신조사 > 2022년도 조사(제조업 부문) > 디지털전환 > 디지털 신기술별 중요도,meta_index 없음 또는 코드명 매칭 없음,,,,,,,,,,,,,,,,,,,,,,,,,,,,,,,,,,,,,,,,,,,,,meta 없음,,,한국로봇산업진흥원에 따르면 로봇화에 뛰어든 우리 기업은 2524곳(2023년 기준)으로 2019년보다 13%가량 증가했다.
A0020-SPE84B1B5437,A0020-SPE84B1B5437-m1,로봇화에 뛰어든 기업 수,고용,-,13,%,%,rate,rate_change,organization,증감률,증감률,KOSIS_VALUE,2019,Y,전년,2018,4,165,,,ALTERNATE,NOT_TOP_TABLE,후순위 통계표 후보,"로봇,기업,2023년",lexical,165,Y,,,,,,395,DT_395N_S2022277,디지털 신기술별 도입 여부: 로봇공학,2003024,한국기업혁신조사 > 2023년도 조사(서비스 부문) > 디지털전환 > 디지털 신기술별 도입 여부,meta_index 없음 또는 코드명 매칭 없음,,,,,,,,,,,,,,,,,,,,,,,,,,,,,,,,,,,,,,,,,,,,,meta 없음,,,한국로봇산업진흥원에 따르면 로봇화에 뛰어든 우리 기업은 2524곳(2023년 기준)으로 2019년보다 13%가량 증가했다.
A0020-SPE84B1B5437,A0020-SPE84B1B5437-m1,로봇화에 뛰어든 기업 수,고용,-,13,%,%,rate,rate_change,organization,증감률,증감률,KOSIS_VALUE,2019,Y,전년,2018,5,165,,,ALTERNATE,NOT_TOP_TABLE,후순위 통계표 후보,"로봇,기업,2023년",lexical,165,Y,,,,,,395,DT_395N_S2022268,디지털 신기술별 중요도: 로봇공학,2003024,한국기업혁신조사 > 2023년도 조사(서비스 부문) > 디지털전환 > 디지털 신기술별 중요도,meta_index 없음 또는 코드명 매칭 없음,,,,,,,,,,,,,,,,,,,,,,,,,,,,,,,,,,,,,,,,,,,,,meta 없음,,,한국로봇산업진흥원에 따르면 로봇화에 뛰어든 우리 기업은 2524곳(2023년 기준)으로 2019년보다 13%가량 증가했다.
A0023-SPC9A6E7ED48,A0023-SPC9A6E7ED48-m1,예산안의 경제성장률 영향,재정·조세,-,0.06,%,%,rate,level,unspecified,비중,현재값,KOSIS_VALUE,2025,Y,전년,,1,240,230,,TABLE_ONLY,META_NOT_LOADED,통계표 메타 조회 전 후보,영향,lexical,240,Y,,,,,,113,DT_113_STBL_1020844,남북통일에 대한 남북체육교류의 영향력 연도별 비교,1991014,국민생활체육조사 > 체육활동 참여 현황,meta_index 없음 또는 코드명 매칭 없음,,,,,,,,,,,,,,,,,,,,,,,,,,,,,,,,,,,,,,,,,,,,,meta 없음,,,이창용 한국은행 총재도 같은 달 17일 국회 기획재정위원회 현안질의에서 “현재 통과된 예산안은 경제(성장률)에 마이너스(-) 0.06%포인트정도 영향이 있다”고 말했었다.
A0023-SPC9A6E7ED48,A0023-SPC9A6E7ED48-m1,예산안의 경제성장률 영향,재정·조세,-,0.06,%,%,rate,level,unspecified,비중,현재값,KOSIS_VALUE,2025,Y,전년,,2,230,,,ALTERNATE,NOT_TOP_TABLE,후순위 통계표 후보,영향,lexical,230,Y,,,,,,336,DT_336003N_AI_002,연도별 AI 도입 누적 현황,2006021,사업체패널조사 > 인공지능(AI)가 사업체에 미친 영향,meta_index 없음 또는 코드명 매칭 없음,,,,,,,,,,,,,,,,,,,,,,,,,,,,,,,,,,,,,,,,,,,,,meta 없음,,,이창용 한국은행 총재도 같은 달 17일 국회 기획재정위원회 현안질의에서 “현재 통과된 예산안은 경제(성장률)에 마이너스(-) 0.06%포인트정도 영향이 있다”고 말했었다.
A0023-SPC9A6E7ED48,A0023-SPC9A6E7ED48-m1,예산안의 경제성장률 영향,재정·조세,-,0.06,%,%,rate,level,unspecified,비중,현재값,KOSIS_VALUE,2025,Y,전년,,3,182,,,ALTERNATE,NOT_TOP_TABLE,후순위 통계표 후보,"영향,조세",lexical,182,Y,,,,,,395,DT_395N_S2020288,코로나19 관련 정부지원이 혁신활동/성과에 미친 영향 중요도: 조세 지원,2003024,한국기업혁신조사 > 2021년도 조사(서비스 부문) > 코로나 19 > 코로나19 관련 정부지원이 혁신활동/성과에 미친 영향 중요도,meta_index 없음 또는 코드명 매칭 없음,,,,,,,,,,,,,,,,,,,,,,,,,,,,,,,,,,,,,,,,,,,,,meta 없음,,,이창용 한국은행 총재도 같은 달 17일 국회 기획재정위원회 현안질의에서 “현재 통과된 예산안은 경제(성장률)에 마이너스(-) 0.06%포인트정도 영향이 있다”고 말했었다.
A0023-SPC9A6E7ED48,A0023-SPC9A6E7ED48-m1,예산안의 경제성장률 영향,재정·조세,-,0.06,%,%,rate,level,unspecified,비중,현재값,KOSIS_VALUE,2025,Y,전년,,4,182,,,ALTERNATE,NOT_TOP_TABLE,후순위 통계표 후보,"영향,조세",lexical,182,Y,,,,,,395,DT_395N_I2019267,코로나19관련 정부지원이 회사의 혁신활동 및 성과에 미친 영향: 조세 지원,2003024,한국기업혁신조사 > 2020년도 조사(제조업 부문) > 코로나19 > 코로나19 관련 정부지원이 회사의 혁신활동 및 성과에 미친 영향,meta_index 없음 또는 코드명 매칭 없음,,,,,,,,,,,,,,,,,,,,,,,,,,,,,,,,,,,,,,,,,,,,,meta 없음,,,이창용 한국은행 총재도 같은 달 17일 국회 기획재정위원회 현안질의에서 “현재 통과된 예산안은 경제(성장률)에 마이너스(-) 0.06%포인트정도 영향이 있다”고 말했었다.
A0023-SPC9A6E7ED48,A0023-SPC9A6E7ED48-m1,예산안의 경제성장률 영향,재정·조세,-,0.06,%,%,rate,level,unspecified,비중,현재값,KOSIS_VALUE,2025,Y,전년,,5,170,,,ALTERNATE,NOT_TOP_TABLE,후순위 통계표 후보,영향,lexical,170,Y,,,,,,395,DT_395N_S2023216,기후변화가 기업 활동에 미친 영향 유무: 기상이변의 영향,2003024,한국기업혁신조사 > 2024년도 조사(제조업 부문) > 기후변화가 기업활동에 미친 영향 > 기후변화가 기업 활동에 미친 영향 유무,meta_index 없음 또는 코드명 매칭 없음,,,,,,,,,,,,,,,,,,,,,,,,,,,,,,,,,,,,,,,,,,,,,meta 없음,,,이창용 한국은행 총재도 같은 달 17일 국회 기획재정위원회 현안질의에서 “현재 통과된 예산안은 경제(성장률)에 마이너스(-) 0.06%포인트정도 영향이 있다”고 말했었다.
A0023-SPE3405D9C32,A0023-SPE3405D9C32-m1,산업생산지수,생산·산업,-,0.4,%,%,rate,rate_change,unspecified,증감률,증감률,KOSIS_VALUE,202409,M,전월,202408,1,296,116,,TABLE_ONLY,META_NOT_LOADED,통계표 메타 조회 전 후보,"생산,산업생산지수,산업",lexical,296,Y,,,,,,101,DT_1JH20201,전산업생산지수(원지수),2011011,전산업생산지수,meta_index 없음 또는 코드명 매칭 없음,,,,,,,,,,,,,,,,,,,,,,,,,,,,,,,,,,,,,,,,,,,,,meta 없음,,,"지난달 30일 발표된 통계청의 ‘11월 산업활동동향’에 따르면, 생산은 작년 9월(-0.4%)·10월(-0.2%)·11월(-0.4%) 등 3개월 연속으로 전월 대비 감소했다."
A0023-SPE3405D9C32,A0023-SPE3405D9C32-m1,산업생산지수,생산·산업,-,0.4,%,%,rate,rate_change,unspecified,증감률,증감률,KOSIS_VALUE,202409,M,전월,202408,2,116,,,ALTERNATE,NOT_TOP_TABLE,후순위 통계표 후보,"생산,산업생산지수,산업",lexical,116,Y,,,,,,101,DT_1JH20202,전산업생산지수(계절조정지수),2011011,전산업생산지수,meta_index 없음 또는 코드명 매칭 없음,,,,,,,,,,,,,,,,,,,,,,,,,,,,,,,,,,,,,,,,,,,,,meta 없음,,,"지난달 30일 발표된 통계청의 ‘11월 산업활동동향’에 따르면, 생산은 작년 9월(-0.4%)·10월(-0.2%)·11월(-0.4%) 등 3개월 연속으로 전월 대비 감소했다."
A0023-SPE3405D9C32,A0023-SPE3405D9C32-m2,산업생산지수,생산·산업,-,0.2,%,%,rate,rate_change,unspecified,증감률,증감률,KOSIS_VALUE,202410,M,전월,202409,1,296,116,,TABLE_ONLY,META_NOT_LOADED,통계표 메타 조회 전 후보,"생산,산업생산지수,산업",lexical,296,Y,,,,,,101,DT_1JH20201,전산업생산지수(원지수),2011011,전산업생산지수,meta_index 없음 또는 코드명 매칭 없음,,,,,,,,,,,,,,,,,,,,,,,,,,,,,,,,,,,,,,,,,,,,,meta 없음,,,"지난달 30일 발표된 통계청의 ‘11월 산업활동동향’에 따르면, 생산은 작년 9월(-0.4%)·10월(-0.2%)·11월(-0.4%) 등 3개월 연속으로 전월 대비 감소했다."
A0023-SPE3405D9C32,A0023-SPE3405D9C32-m2,산업생산지수,생산·산업,-,0.2,%,%,rate,rate_change,unspecified,증감률,증감률,KOSIS_VALUE,202410,M,전월,202409,2,116,,,ALTERNATE,NOT_TOP_TABLE,후순위 통계표 후보,"생산,산업생산지수,산업",lexical,116,Y,,,,,,101,DT_1JH20202,전산업생산지수(계절조정지수),2011011,전산업생산지수,meta_index 없음 또는 코드명 매칭 없음,,,,,,,,,,,,,,,,,,,,,,,,,,,,,,,,,,,,,,,,,,,,,meta 없음,,,"지난달 30일 발표된 통계청의 ‘11월 산업활동동향’에 따르면, 생산은 작년 9월(-0.4%)·10월(-0.2%)·11월(-0.4%) 등 3개월 연속으로 전월 대비 감소했다."
A0023-SP5A84C92CFD,A0023-SP5A84C92CFD-m1,소매판매 증감률,소매·소비,-,1.9,%,%,rate,rate_change,unspecified,증감률,현재값,KOSIS_VALUE,202411,M,전년동기,202311,1,260,260,,TABLE_ONLY,META_NOT_LOADED,통계표 메타 조회 전 후보,"소매판매,소매,판매,서비스",lexical,260,Y,,,,,,101,DT_1K41017,음식점포함 소매판매액지수(2020=100.0),1999001,서비스업동향조사 > 소매판매통계 > 소매판매액지수,meta_index 없음 또는 코드명 매칭 없음,,,,,,,,,,,,,,,,,,,,,,,,,,,,,,,,,,,,,,,,,,,,,meta 없음,,,다만 11월 소매판매는 전년 동월과 비교하면 1.9% 줄어 부진한 흐름을 이어갔다.
A0023-SP5A84C92CFD,A0023-SP5A84C92CFD-m1,소매판매 증감률,소매·소비,-,1.9,%,%,rate,rate_change,unspecified,증감률,현재값,KOSIS_VALUE,202411,M,전년동기,202311,2,260,,,ALTERNATE,NOT_TOP_TABLE,후순위 통계표 후보,"소매판매,소매,판매,서비스",lexical,260,Y,,,,,,101,DT_1K41012,재별 및 상품군별 소매판매액지수(2020=100.0),1999001,서비스업동향조사 > 소매판매통계 > 소매판매액지수,meta_index 없음 또는 코드명 매칭 없음,,,,,,,,,,,,,,,,,,,,,,,,,,,,,,,,,,,,,,,,,,,,,meta 없음,,,다만 11월 소매판매는 전년 동월과 비교하면 1.9% 줄어 부진한 흐름을 이어갔다.
A0023-SP5A84C92CFD,A0023-SP5A84C92CFD-m1,소매판매 증감률,소매·소비,-,1.9,%,%,rate,rate_change,unspecified,증감률,현재값,KOSIS_VALUE,202411,M,전년동기,202311,3,212,,,ALTERNATE,NOT_TOP_TABLE,후순위 통계표 후보,"소매,판매,소매판매,서비스",lexical,212,Y,,,,,,101,DT_1K41016,광역경제권 대형소매점 판매액지수(2020=100.0),1999001,서비스업동향조사 > 소매판매통계 > 소매판매액지수,meta_index 없음 또는 코드명 매칭 없음,,,,,,,,,,,,,,,,,,,,,,,,,,,,,,,,,,,,,,,,,,,,,meta 없음,,,다만 11월 소매판매는 전년 동월과 비교하면 1.9% 줄어 부진한 흐름을 이어갔다.
A0023-SP5A84C92CFD,A0023-SP5A84C92CFD-m1,소매판매 증감률,소매·소비,-,1.9,%,%,rate,rate_change,unspecified,증감률,현재값,KOSIS_VALUE,202411,M,전년동기,202311,4,212,,,ALTERNATE,NOT_TOP_TABLE,후순위 통계표 후보,"소매,판매,소매판매,서비스",lexical,212,Y,,,,,,101,DT_1K41003,소매업태별 판매액,1999001,서비스업동향조사 > 소매판매통계 > 소매판매액,meta_index 없음 또는 코드명 매칭 없음,,,,,,,,,,,,,,,,,,,,,,,,,,,,,,,,,,,,,,,,,,,,,meta 없음,,,다만 11월 소매판매는 전년 동월과 비교하면 1.9% 줄어 부진한 흐름을 이어갔다.
A0023-SP5A84C92CFD,A0023-SP5A84C92CFD-m1,소매판매 증감률,소매·소비,-,1.9,%,%,rate,rate_change,unspecified,증감률,현재값,KOSIS_VALUE,202411,M,전년동기,202311,5,212,,,ALTERNATE,NOT_TOP_TABLE,후순위 통계표 후보,"소매,판매,소매판매,서비스",lexical,212,Y,,,,,,101,DT_1K41013,소매업태별 판매액지수(2020=100.0),1999001,서비스업동향조사 > 소매판매통계 > 소매판매액지수,meta_index 없음 또는 코드명 매칭 없음,,,,,,,,,,,,,,,,,,,,,,,,,,,,,,,,,,,,,,,,,,,,,meta 없음,,,다만 11월 소매판매는 전년 동월과 비교하면 1.9% 줄어 부진한 흐름을 이어갔다.
A0023-SP253B27241B,A0023-SP253B27241B-m1,성장률과 물가 상승률,기타,-,2,%,%,rate,rate_change,unspecified,증감률,증감률,KOSIS_VALUE,2020,Y,전년,2019,1,286,286,,TABLE_ONLY,META_NOT_LOADED,통계표 메타 조회 전 후보,"물가,소비자물가",lexical,286,Y,,,,,,101,DT_1J22041,연도별 소비자물가 등락률,1964001,소비자물가조사,meta_index 없음 또는 코드명 매칭 없음,,,,,,,,,,,,,,,,,,,,,,,,,,,,,,,,,,,,,,,,,,,,,meta 없음,,,성장률과 물가 상승률이 모두 2%를 밑돈 경우는 2020년이 마지막이었다.
A0023-SP253B27241B,A0023-SP253B27241B-m1,성장률과 물가 상승률,기타,-,2,%,%,rate,rate_change,unspecified,증감률,증감률,KOSIS_VALUE,2020,Y,전년,2019,2,286,,,ALTERNATE,NOT_TOP_TABLE,후순위 통계표 후보,"물가,소비자물가",lexical,286,Y,,,,,,101,DT_1J22135,"연도별 지출목적별 소비자물가지수(9개도, 39개시: 2020=100)",1964001,소비자물가조사,meta_index 없음 또는 코드명 매칭 없음,,,,,,,,,,,,,,,,,,,,,,,,,,,,,,,,,,,,,,,,,,,,,meta 없음,,,성장률과 물가 상승률이 모두 2%를 밑돈 경우는 2020년이 마지막이었다.
A0023-SP253B27241B,A0023-SP253B27241B-m1,성장률과 물가 상승률,기타,-,2,%,%,rate,rate_change,unspecified,증감률,증감률,KOSIS_VALUE,2020,Y,전년,2019,3,286,,,ALTERNATE,NOT_TOP_TABLE,후순위 통계표 후보,"물가,소비자물가",lexical,286,Y,,,,,,101,DT_1J22136,"연도별 품목성질별 소비자물가지수(9개도, 39개시: 2020=100)",1964001,소비자물가조사,meta_index 없음 또는 코드명 매칭 없음,,,,,,,,,,,,,,,,,,,,,,,,,,,,,,,,,,,,,,,,,,,,,meta 없음,,,성장률과 물가 상승률이 모두 2%를 밑돈 경우는 2020년이 마지막이었다.
A0023-SP253B27241B,A0023-SP253B27241B-m1,성장률과 물가 상승률,기타,-,2,%,%,rate,rate_change,unspecified,증감률,증감률,KOSIS_VALUE,2020,Y,전년,2019,4,206,,,ALTERNATE,NOT_TOP_TABLE,후순위 통계표 후보,"물가,생산자물가",lexical,206,Y,,,,,,301,DT_404Y014,생산자물가지수(기본분류),1966003,생산자물가조사(2020=100),meta_index 없음 또는 코드명 매칭 없음,,,,,,,,,,,,,,,,,,,,,,,,,,,,,,,,,,,,,,,,,,,,,meta 없음,,,성장률과 물가 상승률이 모두 2%를 밑돈 경우는 2020년이 마지막이었다.
A0023-SP253B27241B,A0023-SP253B27241B-m1,성장률과 물가 상승률,기타,-,2,%,%,rate,rate_change,unspecified,증감률,증감률,KOSIS_VALUE,2020,Y,전년,2019,5,206,,,ALTERNATE,NOT_TOP_TABLE,후순위 통계표 후보,"물가,생산자물가",lexical,206,Y,,,,,,301,DT_404Y015,생산자물가지수(특수분류),1966003,생산자물가조사(2020=100),meta_index 없음 또는 코드명 매칭 없음,,,,,,,,,,,,,,,,,,,,,,,,,,,,,,,,,,,,,,,,,,,,,meta 없음,,,성장률과 물가 상승률이 모두 2%를 밑돈 경우는 2020년이 마지막이었다.
A0026-SP62C4E813C9,A0026-SP62C4E813C9-m1,환율 상승폭,금융·금리,-,172.1,원,원,currency,absolute_change,unspecified,증감량,현재값,KOSIS_VALUE,2025,Y,전년,2024,1,164,164,,TABLE_ONLY,META_NOT_LOADED,통계표 메타 조회 전 후보,환율,lexical,164,Y,,,,,,177,DT_11702_N126,2주간 이환율 추이,1973001,국민건강영양조사 > 건강행태 > 삶의 질,meta_index 없음 또는 코드명 매칭 없음,,,,,,,,,,,,,,,,,,,,,,,,,,,,,,,,,,,,,,,,,,,,,meta 없음,,,연간으로 따지면 무려 172.1원이 올랐다.
A0026-SP62C4E813C9,A0026-SP62C4E813C9-m1,환율 상승폭,금융·금리,-,172.1,원,원,currency,absolute_change,unspecified,증감량,현재값,KOSIS_VALUE,2025,Y,전년,2024,2,164,,,ALTERNATE,NOT_TOP_TABLE,후순위 통계표 후보,환율,lexical,164,Y,,,,,,152,DT_152009_A124,PB제품 하도급 단가 결정 고려 요인_환율 변화,2021003,하도급거래실태조사 > 제조업_원사업자 > 하도급거래 세부사항 > 전속거래·PB거래,meta_index 없음 또는 코드명 매칭 없음,,,,,,,,,,,,,,,,,,,,,,,,,,,,,,,,,,,,,,,,,,,,,meta 없음,,,연간으로 따지면 무려 172.1원이 올랐다.
A0026-SP62C4E813C9,A0026-SP62C4E813C9-m1,환율 상승폭,금융·금리,-,172.1,원,원,currency,absolute_change,unspecified,증감량,현재값,KOSIS_VALUE,2025,Y,전년,2024,3,164,,,ALTERNATE,NOT_TOP_TABLE,후순위 통계표 후보,환율,lexical,164,Y,,,,,,389,DT_389003_A028,간접고용인력 중 직접고용인력 전환율,2005024,인적자본기업패널조사 > 인적자본기업패널조사Ⅱ(2020년 이후) > 기업(본사) > 인력현황,meta_index 없음 또는 코드명 매칭 없음,,,,,,,,,,,,,,,,,,,,,,,,,,,,,,,,,,,,,,,,,,,,,meta 없음,,,연간으로 따지면 무려 172.1원이 올랐다.
A0026-SP62C4E813C9,A0026-SP62C4E813C9-m1,환율 상승폭,금융·금리,-,172.1,원,원,currency,absolute_change,unspecified,증감량,현재값,KOSIS_VALUE,2025,Y,전년,2024,4,164,,,ALTERNATE,NOT_TOP_TABLE,후순위 통계표 후보,환율,lexical,164,Y,,,,,,408,DT_30404_N0009,규모별 전월세전환율,1985011,전국주택가격동향조사 > 전국주택가격동향(기준월 : 2026.01),meta_index 없음 또는 코드명 매칭 없음,,,,,,,,,,,,,,,,,,,,,,,,,,,,,,,,,,,,,,,,,,,,,meta 없음,,,연간으로 따지면 무려 172.1원이 올랐다.
A0026-SP62C4E813C9,A0026-SP62C4E813C9-m1,환율 상승폭,금융·금리,-,172.1,원,원,currency,absolute_change,unspecified,증감량,현재값,KOSIS_VALUE,2025,Y,전년,2024,5,164,,,ALTERNATE,NOT_TOP_TABLE,후순위 통계표 후보,환율,lexical,164,Y,,,,,,408,DT_40801_N4206_06,상권별 소규모 상가 전환율,2014002,상업용부동산임대동향조사 > 2024년 3분기 이후 > 상가 > 소규모,meta_index 없음 또는 코드명 매칭 없음,,,,,,,,,,,,,,,,,,,,,,,,,,,,,,,,,,,,,,,,,,,,,meta 없음,,,연간으로 따지면 무려 172.1원이 올랐다.
A0029-SPBB0C2661F9,A0029-SPBB0C2661F9-m1,해외 판매 증감률,소매·소비,,0.5,%,%,rate,rate_change,unspecified,증감률,증감률,KOSIS_VALUE,2024,Y,전년,2023,1,262,220,,TABLE_ONLY,META_NOT_LOADED,통계표 메타 조회 전 후보,"해외,서비스",lexical,262,Y,,,,,,462,DT_462001_021,해외 프로젝트 계약건수 및 연간 매출액,2022016,"건축서비스산업실태조사 > 해외업체와의 협업, 해외프로젝트",meta_index 없음 또는 코드명 매칭 없음,,,,,,,,,,,,,,,,,,,,,,,,,,,,,,,,,,,,,,,,,,,,,meta 없음,,,"해외 판매가 0.5% 줄었고, 국내 판매가 7.5% 급감했다."
A0029-SPBB0C2661F9,A0029-SPBB0C2661F9-m1,해외 판매 증감률,소매·소비,,0.5,%,%,rate,rate_change,unspecified,증감률,증감률,KOSIS_VALUE,2024,Y,전년,2023,2,220,,,ALTERNATE,NOT_TOP_TABLE,후순위 통계표 후보,"자동차,판매,소매",lexical,220,Y,,,,,,101,DT_2KI2048,"[자동차판매,소매,음식주점]산업세세분류별 배달(택배) 판매여부 현황",2010012,경제총조사 > 등록기반 > 10차 개정 > 2020년 > 특성편 > 기타(광업 및 제조업 이외),meta_index 없음 또는 코드명 매칭 없음,,,,,,,,,,,,,,,,,,,,,,,,,,,,,,,,,,,,,,,,,,,,,meta 없음,,,"해외 판매가 0.5% 줄었고, 국내 판매가 7.5% 급감했다."
A0029-SPBB0C2661F9,A0029-SPBB0C2661F9-m1,해외 판매 증감률,소매·소비,,0.5,%,%,rate,rate_change,unspecified,증감률,증감률,KOSIS_VALUE,2024,Y,전년,2023,3,212,,,ALTERNATE,NOT_TOP_TABLE,후순위 통계표 후보,"판매,소매,서비스",lexical,212,Y,,,,,,101,DT_1K41016,광역경제권 대형소매점 판매액지수(2020=100.0),1999001,서비스업동향조사 > 소매판매통계 > 소매판매액지수,meta_index 없음 또는 코드명 매칭 없음,,,,,,,,,,,,,,,,,,,,,,,,,,,,,,,,,,,,,,,,,,,,,meta 없음,,,"해외 판매가 0.5% 줄었고, 국내 판매가 7.5% 급감했다."
A0029-SPBB0C2661F9,A0029-SPBB0C2661F9-m1,해외 판매 증감률,소매·소비,,0.5,%,%,rate,rate_change,unspecified,증감률,증감률,KOSIS_VALUE,2024,Y,전년,2023,4,212,,,ALTERNATE,NOT_TOP_TABLE,후순위 통계표 후보,"판매,소매,서비스",lexical,212,Y,,,,,,101,DT_1K41003,소매업태별 판매액,1999001,서비스업동향조사 > 소매판매통계 > 소매판매액,meta_index 없음 또는 코드명 매칭 없음,,,,,,,,,,,,,,,,,,,,,,,,,,,,,,,,,,,,,,,,,,,,,meta 없음,,,"해외 판매가 0.5% 줄었고, 국내 판매가 7.5% 급감했다."
A0029-SPBB0C2661F9,A0029-SPBB0C2661F9-m1,해외 판매 증감률,소매·소비,,0.5,%,%,rate,rate_change,unspecified,증감률,증감률,KOSIS_VALUE,2024,Y,전년,2023,5,212,,,ALTERNATE,NOT_TOP_TABLE,후순위 통계표 후보,"판매,소매,서비스",lexical,212,Y,,,,,,101,DT_1K41013,소매업태별 판매액지수(2020=100.0),1999001,서비스업동향조사 > 소매판매통계 > 소매판매액지수,meta_index 없음 또는 코드명 매칭 없음,,,,,,,,,,,,,,,,,,,,,,,,,,,,,,,,,,,,,,,,,,,,,meta 없음,,,"해외 판매가 0.5% 줄었고, 국내 판매가 7.5% 급감했다."
A0029-SPBB0C2661F9,A0029-SPBB0C2661F9-m2,국내 판매 증감률,소매·소비,,7.5,%,%,rate,rate_change,unspecified,증감률,증감률,KOSIS_VALUE,2024,Y,전년,2023,1,220,212,,TABLE_ONLY,META_NOT_LOADED,통계표 메타 조회 전 후보,"자동차,판매,소매",lexical,220,Y,,,,,,101,DT_2KI2048,"[자동차판매,소매,음식주점]산업세세분류별 배달(택배) 판매여부 현황",2010012,경제총조사 > 등록기반 > 10차 개정 > 2020년 > 특성편 > 기타(광업 및 제조업 이외),meta_index 없음 또는 코드명 매칭 없음,,,,,,,,,,,,,,,,,,,,,,,,,,,,,,,,,,,,,,,,,,,,,meta 없음,,,"해외 판매가 0.5% 줄었고, 국내 판매가 7.5% 급감했다."
A0029-SPBB0C2661F9,A0029-SPBB0C2661F9-m2,국내 판매 증감률,소매·소비,,7.5,%,%,rate,rate_change,unspecified,증감률,증감률,KOSIS_VALUE,2024,Y,전년,2023,2,212,,,ALTERNATE,NOT_TOP_TABLE,후순위 통계표 후보,"판매,소매,서비스",lexical,212,Y,,,,,,101,DT_1K41016,광역경제권 대형소매점 판매액지수(2020=100.0),1999001,서비스업동향조사 > 소매판매통계 > 소매판매액지수,meta_index 없음 또는 코드명 매칭 없음,,,,,,,,,,,,,,,,,,,,,,,,,,,,,,,,,,,,,,,,,,,,,meta 없음,,,"해외 판매가 0.5% 줄었고, 국내 판매가 7.5% 급감했다."
A0029-SPBB0C2661F9,A0029-SPBB0C2661F9-m2,국내 판매 증감률,소매·소비,,7.5,%,%,rate,rate_change,unspecified,증감률,증감률,KOSIS_VALUE,2024,Y,전년,2023,3,212,,,ALTERNATE,NOT_TOP_TABLE,후순위 통계표 후보,"판매,소매,서비스",lexical,212,Y,,,,,,101,DT_1K41003,소매업태별 판매액,1999001,서비스업동향조사 > 소매판매통계 > 소매판매액,meta_index 없음 또는 코드명 매칭 없음,,,,,,,,,,,,,,,,,,,,,,,,,,,,,,,,,,,,,,,,,,,,,meta 없음,,,"해외 판매가 0.5% 줄었고, 국내 판매가 7.5% 급감했다."
A0029-SPBB0C2661F9,A0029-SPBB0C2661F9-m2,국내 판매 증감률,소매·소비,,7.5,%,%,rate,rate_change,unspecified,증감률,증감률,KOSIS_VALUE,2024,Y,전년,2023,4,212,,,ALTERNATE,NOT_TOP_TABLE,후순위 통계표 후보,"판매,소매,서비스",lexical,212,Y,,,,,,101,DT_1K41013,소매업태별 판매액지수(2020=100.0),1999001,서비스업동향조사 > 소매판매통계 > 소매판매액지수,meta_index 없음 또는 코드명 매칭 없음,,,,,,,,,,,,,,,,,,,,,,,,,,,,,,,,,,,,,,,,,,,,,meta 없음,,,"해외 판매가 0.5% 줄었고, 국내 판매가 7.5% 급감했다."
A0029-SPBB0C2661F9,A0029-SPBB0C2661F9-m2,국내 판매 증감률,소매·소비,,7.5,%,%,rate,rate_change,unspecified,증감률,증감률,KOSIS_VALUE,2024,Y,전년,2023,5,212,,,ALTERNATE,NOT_TOP_TABLE,후순위 통계표 후보,"판매,소매,서비스",lexical,212,Y,,,,,,101,DT_1K41017,음식점포함 소매판매액지수(2020=100.0),1999001,서비스업동향조사 > 소매판매통계 > 소매판매액지수,meta_index 없음 또는 코드명 매칭 없음,,,,,,,,,,,,,,,,,,,,,,,,,,,,,,,,,,,,,,,,,,,,,meta 없음,,,"해외 판매가 0.5% 줄었고, 국내 판매가 7.5% 급감했다."
A0029-SP31842CA273,A0029-SP31842CA273-m1,해외 판매 증가율,소매·소비,,1,%,%,rate,rate_change,unspecified,증감률,증감률,KOSIS_VALUE,2024,Y,전년,2023,1,262,220,,TABLE_ONLY,META_NOT_LOADED,통계표 메타 조회 전 후보,"해외,서비스",lexical,262,Y,,,,,,462,DT_462001_021,해외 프로젝트 계약건수 및 연간 매출액,2022016,"건축서비스산업실태조사 > 해외업체와의 협업, 해외프로젝트",meta_index 없음 또는 코드명 매칭 없음,,,,,,,,,,,,,,,,,,,,,,,,,,,,,,,,,,,,,,,,,,,,,meta 없음,,,"해외 판매가 1% 늘었지만, 국내 판매량은 4.2% 줄었다."
A0029-SP31842CA273,A0029-SP31842CA273-m1,해외 판매 증가율,소매·소비,,1,%,%,rate,rate_change,unspecified,증감률,증감률,KOSIS_VALUE,2024,Y,전년,2023,2,220,,,ALTERNATE,NOT_TOP_TABLE,후순위 통계표 후보,"자동차,판매,소매",lexical,220,Y,,,,,,101,DT_2KI2048,"[자동차판매,소매,음식주점]산업세세분류별 배달(택배) 판매여부 현황",2010012,경제총조사 > 등록기반 > 10차 개정 > 2020년 > 특성편 > 기타(광업 및 제조업 이외),meta_index 없음 또는 코드명 매칭 없음,,,,,,,,,,,,,,,,,,,,,,,,,,,,,,,,,,,,,,,,,,,,,meta 없음,,,"해외 판매가 1% 늘었지만, 국내 판매량은 4.2% 줄었다."
A0029-SP31842CA273,A0029-SP31842CA273-m1,해외 판매 증가율,소매·소비,,1,%,%,rate,rate_change,unspecified,증감률,증감률,KOSIS_VALUE,2024,Y,전년,2023,3,212,,,ALTERNATE,NOT_TOP_TABLE,후순위 통계표 후보,"판매,소매,서비스",lexical,212,Y,,,,,,101,DT_1K41016,광역경제권 대형소매점 판매액지수(2020=100.0),1999001,서비스업동향조사 > 소매판매통계 > 소매판매액지수,meta_index 없음 또는 코드명 매칭 없음,,,,,,,,,,,,,,,,,,,,,,,,,,,,,,,,,,,,,,,,,,,,,meta 없음,,,"해외 판매가 1% 늘었지만, 국내 판매량은 4.2% 줄었다."
A0029-SP31842CA273,A0029-SP31842CA273-m1,해외 판매 증가율,소매·소비,,1,%,%,rate,rate_change,unspecified,증감률,증감률,KOSIS_VALUE,2024,Y,전년,2023,4,212,,,ALTERNATE,NOT_TOP_TABLE,후순위 통계표 후보,"판매,소매,서비스",lexical,212,Y,,,,,,101,DT_1K41003,소매업태별 판매액,1999001,서비스업동향조사 > 소매판매통계 > 소매판매액,meta_index 없음 또는 코드명 매칭 없음,,,,,,,,,,,,,,,,,,,,,,,,,,,,,,,,,,,,,,,,,,,,,meta 없음,,,"해외 판매가 1% 늘었지만, 국내 판매량은 4.2% 줄었다."
A0029-SP31842CA273,A0029-SP31842CA273-m1,해외 판매 증가율,소매·소비,,1,%,%,rate,rate_change,unspecified,증감률,증감률,KOSIS_VALUE,2024,Y,전년,2023,5,212,,,ALTERNATE,NOT_TOP_TABLE,후순위 통계표 후보,"판매,소매,서비스",lexical,212,Y,,,,,,101,DT_1K41013,소매업태별 판매액지수(2020=100.0),1999001,서비스업동향조사 > 소매판매통계 > 소매판매액지수,meta_index 없음 또는 코드명 매칭 없음,,,,,,,,,,,,,,,,,,,,,,,,,,,,,,,,,,,,,,,,,,,,,meta 없음,,,"해외 판매가 1% 늘었지만, 국내 판매량은 4.2% 줄었다."
A0029-SP31842CA273,A0029-SP31842CA273-m2,국내 판매 감소율,소매·소비,,4.2,%,%,rate,rate_change,unspecified,증감률,증감률,KOSIS_VALUE,2024,Y,전년,2023,1,220,212,,TABLE_ONLY,META_NOT_LOADED,통계표 메타 조회 전 후보,"자동차,판매,소매",lexical,220,Y,,,,,,101,DT_2KI2048,"[자동차판매,소매,음식주점]산업세세분류별 배달(택배) 판매여부 현황",2010012,경제총조사 > 등록기반 > 10차 개정 > 2020년 > 특성편 > 기타(광업 및 제조업 이외),meta_index 없음 또는 코드명 매칭 없음,,,,,,,,,,,,,,,,,,,,,,,,,,,,,,,,,,,,,,,,,,,,,meta 없음,,,"해외 판매가 1% 늘었지만, 국내 판매량은 4.2% 줄었다."
A0029-SP31842CA273,A0029-SP31842CA273-m2,국내 판매 감소율,소매·소비,,4.2,%,%,rate,rate_change,unspecified,증감률,증감률,KOSIS_VALUE,2024,Y,전년,2023,2,212,,,ALTERNATE,NOT_TOP_TABLE,후순위 통계표 후보,"판매,소매,서비스",lexical,212,Y,,,,,,101,DT_1K41016,광역경제권 대형소매점 판매액지수(2020=100.0),1999001,서비스업동향조사 > 소매판매통계 > 소매판매액지수,meta_index 없음 또는 코드명 매칭 없음,,,,,,,,,,,,,,,,,,,,,,,,,,,,,,,,,,,,,,,,,,,,,meta 없음,,,"해외 판매가 1% 늘었지만, 국내 판매량은 4.2% 줄었다."
A0029-SP31842CA273,A0029-SP31842CA273-m2,국내 판매 감소율,소매·소비,,4.2,%,%,rate,rate_change,unspecified,증감률,증감률,KOSIS_VALUE,2024,Y,전년,2023,3,212,,,ALTERNATE,NOT_TOP_TABLE,후순위 통계표 후보,"판매,소매,서비스",lexical,212,Y,,,,,,101,DT_1K41003,소매업태별 판매액,1999001,서비스업동향조사 > 소매판매통계 > 소매판매액,meta_index 없음 또는 코드명 매칭 없음,,,,,,,,,,,,,,,,,,,,,,,,,,,,,,,,,,,,,,,,,,,,,meta 없음,,,"해외 판매가 1% 늘었지만, 국내 판매량은 4.2% 줄었다."
A0029-SP31842CA273,A0029-SP31842CA273-m2,국내 판매 감소율,소매·소비,,4.2,%,%,rate,rate_change,unspecified,증감률,증감률,KOSIS_VALUE,2024,Y,전년,2023,4,212,,,ALTERNATE,NOT_TOP_TABLE,후순위 통계표 후보,"판매,소매,서비스",lexical,212,Y,,,,,,101,DT_1K41013,소매업태별 판매액지수(2020=100.0),1999001,서비스업동향조사 > 소매판매통계 > 소매판매액지수,meta_index 없음 또는 코드명 매칭 없음,,,,,,,,,,,,,,,,,,,,,,,,,,,,,,,,,,,,,,,,,,,,,meta 없음,,,"해외 판매가 1% 늘었지만, 국내 판매량은 4.2% 줄었다."
A0029-SP31842CA273,A0029-SP31842CA273-m2,국내 판매 감소율,소매·소비,,4.2,%,%,rate,rate_change,unspecified,증감률,증감률,KOSIS_VALUE,2024,Y,전년,2023,5,212,,,ALTERNATE,NOT_TOP_TABLE,후순위 통계표 후보,"판매,소매,서비스",lexical,212,Y,,,,,,101,DT_1K41017,음식점포함 소매판매액지수(2020=100.0),1999001,서비스업동향조사 > 소매판매통계 > 소매판매액지수,meta_index 없음 또는 코드명 매칭 없음,,,,,,,,,,,,,,,,,,,,,,,,,,,,,,,,,,,,,,,,,,,,,meta 없음,,,"해외 판매가 1% 늘었지만, 국내 판매량은 4.2% 줄었다."
A0031-SP041EDC0971,A0031-SP041EDC0971-m1,수출 증가율,무역,반도체,8.2,%,%,rate,rate_change,item,증감률,증감률,KOSIS_VALUE,2025,Y,전년,2024,1,1098,484,,TABLE_ONLY,META_NOT_LOADED,통계표 메타 조회 전 후보,"수출,수입,ICT,codebook:semiconductor_export_y",lexical+codebook,1098,Y,,,,semiconductor_export_y,semiconductor_export_y,127,DT_127005_005,수출 및 수입액,1996008,ICT실태조사,meta_index 없음 또는 코드명 매칭 없음,,,,,,,,,,,,,,,,,,,,,,,,,,,,,,,,,,,,,,,,,,,,,코드북 후보 선택,,,반도체 등 주력 수출 업종의 경쟁 심화와 이달 20일 출범하는 트럼프 정부의 관세 장벽 강화 등으로 수출 증가율은 작년 8.2%에서 올해 1.5%로 쪼그라들 것으로 봤다.
A0031-SP041EDC0971,A0031-SP041EDC0971-m1,수출 증가율,무역,반도체,8.2,%,%,rate,rate_change,item,증감률,증감률,KOSIS_VALUE,2025,Y,전년,2024,2,484,,,ALTERNATE,NOT_TOP_TABLE,후순위 통계표 후보,"품목별,수출액,수출,수입,무역",lexical,484,Y,,,,,,360,DT_1R11001_FRM101,"품목별 수출액, 수입액",1976045,SITC에의한무역통계,meta_index 없음 또는 코드명 매칭 없음,,,,,,,,,,,,,,,,,,,,,,,,,,,,,,,,,,,,,,,,,,,,,meta 없음,,,반도체 등 주력 수출 업종의 경쟁 심화와 이달 20일 출범하는 트럼프 정부의 관세 장벽 강화 등으로 수출 증가율은 작년 8.2%에서 올해 1.5%로 쪼그라들 것으로 봤다.
A0031-SP041EDC0971,A0031-SP041EDC0971-m1,수출 증가율,무역,반도체,8.2,%,%,rate,rate_change,item,증감률,증감률,KOSIS_VALUE,2025,Y,전년,2024,3,168,,,ALTERNATE,NOT_TOP_TABLE,후순위 통계표 후보,"품목별,수출,수입,무역",lexical,168,Y,,,,,,134,DT_134006_N001,품목별 수입·수출현황,2017044,기업무역활동통계,meta_index 없음 또는 코드명 매칭 없음,,,,,,,,,,,,,,,,,,,,,,,,,,,,,,,,,,,,,,,,,,,,,meta 없음,,,반도체 등 주력 수출 업종의 경쟁 심화와 이달 20일 출범하는 트럼프 정부의 관세 장벽 강화 등으로 수출 증가율은 작년 8.2%에서 올해 1.5%로 쪼그라들 것으로 봤다.
A0031-SP041EDC0971,A0031-SP041EDC0971-m1,수출 증가율,무역,반도체,8.2,%,%,rate,rate_change,item,증감률,증감률,KOSIS_VALUE,2025,Y,전년,2024,4,152,,,ALTERNATE,NOT_TOP_TABLE,후순위 통계표 후보,"품목별,수출",lexical,152,Y,,,,,,434,DT_434_STBL_1028692,게임기기 품목별 수출입 실적,2016058,문화체육관광산업통계 > 수출입 실적 현황,meta_index 없음 또는 코드명 매칭 없음,,,,,,,,,,,,,,,,,,,,,,,,,,,,,,,,,,,,,,,,,,,,,meta 없음,,,반도체 등 주력 수출 업종의 경쟁 심화와 이달 20일 출범하는 트럼프 정부의 관세 장벽 강화 등으로 수출 증가율은 작년 8.2%에서 올해 1.5%로 쪼그라들 것으로 봤다.
A0031-SP041EDC0971,A0031-SP041EDC0971-m1,수출 증가율,무역,반도체,8.2,%,%,rate,rate_change,item,증감률,증감률,KOSIS_VALUE,2025,Y,전년,2024,5,152,,,ALTERNATE,NOT_TOP_TABLE,후순위 통계표 후보,"품목별,수출",lexical,152,Y,,,,,,434,DT_434_STBL_1028682,공예품 품목별 수출입 실적,2016058,문화체육관광산업통계 > 수출입 실적 현황,meta_index 없음 또는 코드명 매칭 없음,,,,,,,,,,,,,,,,,,,,,,,,,,,,,,,,,,,,,,,,,,,,,meta 없음,,,반도체 등 주력 수출 업종의 경쟁 심화와 이달 20일 출범하는 트럼프 정부의 관세 장벽 강화 등으로 수출 증가율은 작년 8.2%에서 올해 1.5%로 쪼그라들 것으로 봤다.
A0031-SP041EDC0971,A0031-SP041EDC0971-m2,수출 증가율,무역,반도체,1.5,%,%,rate,rate_change,item,증감률,증감률,KOSIS_VALUE,2025,Y,전년,2024,1,1098,484,,TABLE_ONLY,META_NOT_LOADED,통계표 메타 조회 전 후보,"수출,수입,ICT,codebook:semiconductor_export_y",lexical+codebook,1098,Y,,,,semiconductor_export_y,semiconductor_export_y,127,DT_127005_005,수출 및 수입액,1996008,ICT실태조사,meta_index 없음 또는 코드명 매칭 없음,,,,,,,,,,,,,,,,,,,,,,,,,,,,,,,,,,,,,,,,,,,,,코드북 후보 선택,,,반도체 등 주력 수출 업종의 경쟁 심화와 이달 20일 출범하는 트럼프 정부의 관세 장벽 강화 등으로 수출 증가율은 작년 8.2%에서 올해 1.5%로 쪼그라들 것으로 봤다.
A0031-SP041EDC0971,A0031-SP041EDC0971-m2,수출 증가율,무역,반도체,1.5,%,%,rate,rate_change,item,증감률,증감률,KOSIS_VALUE,2025,Y,전년,2024,2,484,,,ALTERNATE,NOT_TOP_TABLE,후순위 통계표 후보,"품목별,수출액,수출,수입,무역",lexical,484,Y,,,,,,360,DT_1R11001_FRM101,"품목별 수출액, 수입액",1976045,SITC에의한무역통계,meta_index 없음 또는 코드명 매칭 없음,,,,,,,,,,,,,,,,,,,,,,,,,,,,,,,,,,,,,,,,,,,,,meta 없음,,,반도체 등 주력 수출 업종의 경쟁 심화와 이달 20일 출범하는 트럼프 정부의 관세 장벽 강화 등으로 수출 증가율은 작년 8.2%에서 올해 1.5%로 쪼그라들 것으로 봤다.
A0031-SP041EDC0971,A0031-SP041EDC0971-m2,수출 증가율,무역,반도체,1.5,%,%,rate,rate_change,item,증감률,증감률,KOSIS_VALUE,2025,Y,전년,2024,3,168,,,ALTERNATE,NOT_TOP_TABLE,후순위 통계표 후보,"품목별,수출,수입,무역",lexical,168,Y,,,,,,134,DT_134006_N001,품목별 수입·수출현황,2017044,기업무역활동통계,meta_index 없음 또는 코드명 매칭 없음,,,,,,,,,,,,,,,,,,,,,,,,,,,,,,,,,,,,,,,,,,,,,meta 없음,,,반도체 등 주력 수출 업종의 경쟁 심화와 이달 20일 출범하는 트럼프 정부의 관세 장벽 강화 등으로 수출 증가율은 작년 8.2%에서 올해 1.5%로 쪼그라들 것으로 봤다.
A0031-SP041EDC0971,A0031-SP041EDC0971-m2,수출 증가율,무역,반도체,1.5,%,%,rate,rate_change,item,증감률,증감률,KOSIS_VALUE,2025,Y,전년,2024,4,152,,,ALTERNATE,NOT_TOP_TABLE,후순위 통계표 후보,"품목별,수출",lexical,152,Y,,,,,,434,DT_434_STBL_1028692,게임기기 품목별 수출입 실적,2016058,문화체육관광산업통계 > 수출입 실적 현황,meta_index 없음 또는 코드명 매칭 없음,,,,,,,,,,,,,,,,,,,,,,,,,,,,,,,,,,,,,,,,,,,,,meta 없음,,,반도체 등 주력 수출 업종의 경쟁 심화와 이달 20일 출범하는 트럼프 정부의 관세 장벽 강화 등으로 수출 증가율은 작년 8.2%에서 올해 1.5%로 쪼그라들 것으로 봤다.
A0031-SP041EDC0971,A0031-SP041EDC0971-m2,수출 증가율,무역,반도체,1.5,%,%,rate,rate_change,item,증감률,증감률,KOSIS_VALUE,2025,Y,전년,2024,5,152,,,ALTERNATE,NOT_TOP_TABLE,후순위 통계표 후보,"품목별,수출",lexical,152,Y,,,,,,434,DT_434_STBL_1028682,공예품 품목별 수출입 실적,2016058,문화체육관광산업통계 > 수출입 실적 현황,meta_index 없음 또는 코드명 매칭 없음,,,,,,,,,,,,,,,,,,,,,,,,,,,,,,,,,,,,,,,,,,,,,meta 없음,,,반도체 등 주력 수출 업종의 경쟁 심화와 이달 20일 출범하는 트럼프 정부의 관세 장벽 강화 등으로 수출 증가율은 작년 8.2%에서 올해 1.5%로 쪼그라들 것으로 봤다.
A0041-SPF140502152,A0041-SPF140502152-m1,품목 수,물가,-,175,개,개,count,count,unspecified,수준값,현재값,KOSIS_VALUE,202501,M,전년동기,,1,248,248,,TABLE_ONLY,META_NOT_LOADED,통계표 메타 조회 전 후보,"물가,식품,품목,가공식품",lexical,248,Y,,,,,,114,DT_114053_040_2019_01,가공식품 품목별 구입 시 우선 확인하는 사항(곡물가공품),2016043,가공식품소비자태도조사 > 2018년 이후 > 가공식품 품목별 구입현황,meta_index 없음 또는 코드명 매칭 없음,,,,,,,,,,,,,,,,,,,,,,,,,,,,,,,,,,,,,,,,,,,,,meta 없음,,,"3일 한국소비자원이 전국 대형마트와 편의점 500여 곳을 조사해 발표하는 ‘생필품 가격 보고서’에 따르면, 지난달 20일 기준 초콜릿·카레·커피 등 주요 가공식품 175개 품목 가운데 121개(69%) 품목의 평균 가격이 1년 전보다 오른 것으로 나타났다."
A0041-SPF140502152,A0041-SPF140502152-m1,품목 수,물가,-,175,개,개,count,count,unspecified,수준값,현재값,KOSIS_VALUE,202501,M,전년동기,,2,248,,,ALTERNATE,NOT_TOP_TABLE,후순위 통계표 후보,"물가,식품,품목,가공식품",lexical,248,Y,,,,,,114,DT_114053_041_01,최근 1년간 가공식품 품목별 구입경험 및 구입 변화(곡물가공품),2016043,가공식품소비자태도조사 > 2018년 이후 > 가공식품 품목별 구입현황,meta_index 없음 또는 코드명 매칭 없음,,,,,,,,,,,,,,,,,,,,,,,,,,,,,,,,,,,,,,,,,,,,,meta 없음,,,"3일 한국소비자원이 전국 대형마트와 편의점 500여 곳을 조사해 발표하는 ‘생필품 가격 보고서’에 따르면, 지난달 20일 기준 초콜릿·카레·커피 등 주요 가공식품 175개 품목 가운데 121개(69%) 품목의 평균 가격이 1년 전보다 오른 것으로 나타났다."
A0041-SPF140502152,A0041-SPF140502152-m1,품목 수,물가,-,175,개,개,count,count,unspecified,수준값,현재값,KOSIS_VALUE,202501,M,전년동기,,3,230,,,ALTERNATE,NOT_TOP_TABLE,후순위 통계표 후보,"물가,품목,생산자물가",lexical,230,Y,,,,,,301,DT_404Y016,생산자물가지수(품목별),1966003,생산자물가조사(2020=100),meta_index 없음 또는 코드명 매칭 없음,,,,,,,,,,,,,,,,,,,,,,,,,,,,,,,,,,,,,,,,,,,,,meta 없음,,,"3일 한국소비자원이 전국 대형마트와 편의점 500여 곳을 조사해 발표하는 ‘생필품 가격 보고서’에 따르면, 지난달 20일 기준 초콜릿·카레·커피 등 주요 가공식품 175개 품목 가운데 121개(69%) 품목의 평균 가격이 1년 전보다 오른 것으로 나타났다."
A0041-SPF140502152,A0041-SPF140502152-m1,품목 수,물가,-,175,개,개,count,count,unspecified,수준값,현재값,KOSIS_VALUE,202501,M,전년동기,,4,230,,,ALTERNATE,NOT_TOP_TABLE,후순위 통계표 후보,"물가,품목,소비자물가",lexical,230,Y,,,,,,101,DT_1J22136,"연도별 품목성질별 소비자물가지수(9개도, 39개시: 2020=100)",1964001,소비자물가조사,meta_index 없음 또는 코드명 매칭 없음,,,,,,,,,,,,,,,,,,,,,,,,,,,,,,,,,,,,,,,,,,,,,meta 없음,,,"3일 한국소비자원이 전국 대형마트와 편의점 500여 곳을 조사해 발표하는 ‘생필품 가격 보고서’에 따르면, 지난달 20일 기준 초콜릿·카레·커피 등 주요 가공식품 175개 품목 가운데 121개(69%) 품목의 평균 가격이 1년 전보다 오른 것으로 나타났다."
A0041-SPF140502152,A0041-SPF140502152-m1,품목 수,물가,-,175,개,개,count,count,unspecified,수준값,현재값,KOSIS_VALUE,202501,M,전년동기,,5,230,,,ALTERNATE,NOT_TOP_TABLE,후순위 통계표 후보,"물가,품목,소비자물가",lexical,230,Y,,,,,,101,DT_1J22001,"지출목적별 소비자물가지수(품목포함, 2020=100)",1964001,소비자물가조사,meta_index 없음 또는 코드명 매칭 없음,,,,,,,,,,,,,,,,,,,,,,,,,,,,,,,,,,,,,,,,,,,,,meta 없음,,,"3일 한국소비자원이 전국 대형마트와 편의점 500여 곳을 조사해 발표하는 ‘생필품 가격 보고서’에 따르면, 지난달 20일 기준 초콜릿·카레·커피 등 주요 가공식품 175개 품목 가운데 121개(69%) 품목의 평균 가격이 1년 전보다 오른 것으로 나타났다."
A0041-SPF140502152,A0041-SPF140502152-m2,상승 품목 수,물가,-,121,개,개,count,count,unspecified,수준값,현재값,KOSIS_VALUE,202501,M,전년동기,,1,248,248,,TABLE_ONLY,META_NOT_LOADED,통계표 메타 조회 전 후보,"물가,식품,품목,가공식품",lexical,248,Y,,,,,,114,DT_114053_040_2019_01,가공식품 품목별 구입 시 우선 확인하는 사항(곡물가공품),2016043,가공식품소비자태도조사 > 2018년 이후 > 가공식품 품목별 구입현황,meta_index 없음 또는 코드명 매칭 없음,,,,,,,,,,,,,,,,,,,,,,,,,,,,,,,,,,,,,,,,,,,,,meta 없음,,,"3일 한국소비자원이 전국 대형마트와 편의점 500여 곳을 조사해 발표하는 ‘생필품 가격 보고서’에 따르면, 지난달 20일 기준 초콜릿·카레·커피 등 주요 가공식품 175개 품목 가운데 121개(69%) 품목의 평균 가격이 1년 전보다 오른 것으로 나타났다."
A0041-SPF140502152,A0041-SPF140502152-m2,상승 품목 수,물가,-,121,개,개,count,count,unspecified,수준값,현재값,KOSIS_VALUE,202501,M,전년동기,,2,248,,,ALTERNATE,NOT_TOP_TABLE,후순위 통계표 후보,"물가,식품,품목,가공식품",lexical,248,Y,,,,,,114,DT_114053_041_01,최근 1년간 가공식품 품목별 구입경험 및 구입 변화(곡물가공품),2016043,가공식품소비자태도조사 > 2018년 이후 > 가공식품 품목별 구입현황,meta_index 없음 또는 코드명 매칭 없음,,,,,,,,,,,,,,,,,,,,,,,,,,,,,,,,,,,,,,,,,,,,,meta 없음,,,"3일 한국소비자원이 전국 대형마트와 편의점 500여 곳을 조사해 발표하는 ‘생필품 가격 보고서’에 따르면, 지난달 20일 기준 초콜릿·카레·커피 등 주요 가공식품 175개 품목 가운데 121개(69%) 품목의 평균 가격이 1년 전보다 오른 것으로 나타났다."
A0041-SPF140502152,A0041-SPF140502152-m2,상승 품목 수,물가,-,121,개,개,count,count,unspecified,수준값,현재값,KOSIS_VALUE,202501,M,전년동기,,3,230,,,ALTERNATE,NOT_TOP_TABLE,후순위 통계표 후보,"물가,품목,생산자물가",lexical,230,Y,,,,,,301,DT_404Y016,생산자물가지수(품목별),1966003,생산자물가조사(2020=100),meta_index 없음 또는 코드명 매칭 없음,,,,,,,,,,,,,,,,,,,,,,,,,,,,,,,,,,,,,,,,,,,,,meta 없음,,,"3일 한국소비자원이 전국 대형마트와 편의점 500여 곳을 조사해 발표하는 ‘생필품 가격 보고서’에 따르면, 지난달 20일 기준 초콜릿·카레·커피 등 주요 가공식품 175개 품목 가운데 121개(69%) 품목의 평균 가격이 1년 전보다 오른 것으로 나타났다."
A0041-SPF140502152,A0041-SPF140502152-m2,상승 품목 수,물가,-,121,개,개,count,count,unspecified,수준값,현재값,KOSIS_VALUE,202501,M,전년동기,,4,230,,,ALTERNATE,NOT_TOP_TABLE,후순위 통계표 후보,"물가,품목,소비자물가",lexical,230,Y,,,,,,101,DT_1J22136,"연도별 품목성질별 소비자물가지수(9개도, 39개시: 2020=100)",1964001,소비자물가조사,meta_index 없음 또는 코드명 매칭 없음,,,,,,,,,,,,,,,,,,,,,,,,,,,,,,,,,,,,,,,,,,,,,meta 없음,,,"3일 한국소비자원이 전국 대형마트와 편의점 500여 곳을 조사해 발표하는 ‘생필품 가격 보고서’에 따르면, 지난달 20일 기준 초콜릿·카레·커피 등 주요 가공식품 175개 품목 가운데 121개(69%) 품목의 평균 가격이 1년 전보다 오른 것으로 나타났다."
A0041-SPF140502152,A0041-SPF140502152-m2,상승 품목 수,물가,-,121,개,개,count,count,unspecified,수준값,현재값,KOSIS_VALUE,202501,M,전년동기,,5,230,,,ALTERNATE,NOT_TOP_TABLE,후순위 통계표 후보,"물가,품목,소비자물가",lexical,230,Y,,,,,,101,DT_1J22001,"지출목적별 소비자물가지수(품목포함, 2020=100)",1964001,소비자물가조사,meta_index 없음 또는 코드명 매칭 없음,,,,,,,,,,,,,,,,,,,,,,,,,,,,,,,,,,,,,,,,,,,,,meta 없음,,,"3일 한국소비자원이 전국 대형마트와 편의점 500여 곳을 조사해 발표하는 ‘생필품 가격 보고서’에 따르면, 지난달 20일 기준 초콜릿·카레·커피 등 주요 가공식품 175개 품목 가운데 121개(69%) 품목의 평균 가격이 1년 전보다 오른 것으로 나타났다."
A0041-SPF140502152,A0041-SPF140502152-m3,상승 품목 비율,물가,-,69,%,%,rate,rate_change,unspecified,증감률,증감률,KOSIS_VALUE,202501,M,전년동기,202401,1,248,248,,TABLE_ONLY,META_NOT_LOADED,통계표 메타 조회 전 후보,"물가,식품,품목,가공식품",lexical,248,Y,,,,,,114,DT_114053_040_2019_01,가공식품 품목별 구입 시 우선 확인하는 사항(곡물가공품),2016043,가공식품소비자태도조사 > 2018년 이후 > 가공식품 품목별 구입현황,meta_index 없음 또는 코드명 매칭 없음,,,,,,,,,,,,,,,,,,,,,,,,,,,,,,,,,,,,,,,,,,,,,meta 없음,,,"3일 한국소비자원이 전국 대형마트와 편의점 500여 곳을 조사해 발표하는 ‘생필품 가격 보고서’에 따르면, 지난달 20일 기준 초콜릿·카레·커피 등 주요 가공식품 175개 품목 가운데 121개(69%) 품목의 평균 가격이 1년 전보다 오른 것으로 나타났다."
A0041-SPF140502152,A0041-SPF140502152-m3,상승 품목 비율,물가,-,69,%,%,rate,rate_change,unspecified,증감률,증감률,KOSIS_VALUE,202501,M,전년동기,202401,2,248,,,ALTERNATE,NOT_TOP_TABLE,후순위 통계표 후보,"물가,식품,품목,가공식품",lexical,248,Y,,,,,,114,DT_114053_041_01,최근 1년간 가공식품 품목별 구입경험 및 구입 변화(곡물가공품),2016043,가공식품소비자태도조사 > 2018년 이후 > 가공식품 품목별 구입현황,meta_index 없음 또는 코드명 매칭 없음,,,,,,,,,,,,,,,,,,,,,,,,,,,,,,,,,,,,,,,,,,,,,meta 없음,,,"3일 한국소비자원이 전국 대형마트와 편의점 500여 곳을 조사해 발표하는 ‘생필품 가격 보고서’에 따르면, 지난달 20일 기준 초콜릿·카레·커피 등 주요 가공식품 175개 품목 가운데 121개(69%) 품목의 평균 가격이 1년 전보다 오른 것으로 나타났다."
A0041-SPF140502152,A0041-SPF140502152-m3,상승 품목 비율,물가,-,69,%,%,rate,rate_change,unspecified,증감률,증감률,KOSIS_VALUE,202501,M,전년동기,202401,3,230,,,ALTERNATE,NOT_TOP_TABLE,후순위 통계표 후보,"물가,품목,생산자물가",lexical,230,Y,,,,,,301,DT_404Y016,생산자물가지수(품목별),1966003,생산자물가조사(2020=100),meta_index 없음 또는 코드명 매칭 없음,,,,,,,,,,,,,,,,,,,,,,,,,,,,,,,,,,,,,,,,,,,,,meta 없음,,,"3일 한국소비자원이 전국 대형마트와 편의점 500여 곳을 조사해 발표하는 ‘생필품 가격 보고서’에 따르면, 지난달 20일 기준 초콜릿·카레·커피 등 주요 가공식품 175개 품목 가운데 121개(69%) 품목의 평균 가격이 1년 전보다 오른 것으로 나타났다."
A0041-SPF140502152,A0041-SPF140502152-m3,상승 품목 비율,물가,-,69,%,%,rate,rate_change,unspecified,증감률,증감률,KOSIS_VALUE,202501,M,전년동기,202401,4,230,,,ALTERNATE,NOT_TOP_TABLE,후순위 통계표 후보,"물가,품목,소비자물가",lexical,230,Y,,,,,,101,DT_1J22136,"연도별 품목성질별 소비자물가지수(9개도, 39개시: 2020=100)",1964001,소비자물가조사,meta_index 없음 또는 코드명 매칭 없음,,,,,,,,,,,,,,,,,,,,,,,,,,,,,,,,,,,,,,,,,,,,,meta 없음,,,"3일 한국소비자원이 전국 대형마트와 편의점 500여 곳을 조사해 발표하는 ‘생필품 가격 보고서’에 따르면, 지난달 20일 기준 초콜릿·카레·커피 등 주요 가공식품 175개 품목 가운데 121개(69%) 품목의 평균 가격이 1년 전보다 오른 것으로 나타났다."
A0041-SPF140502152,A0041-SPF140502152-m3,상승 품목 비율,물가,-,69,%,%,rate,rate_change,unspecified,증감률,증감률,KOSIS_VALUE,202501,M,전년동기,202401,5,230,,,ALTERNATE,NOT_TOP_TABLE,후순위 통계표 후보,"물가,품목,소비자물가",lexical,230,Y,,,,,,101,DT_1J22001,"지출목적별 소비자물가지수(품목포함, 2020=100)",1964001,소비자물가조사,meta_index 없음 또는 코드명 매칭 없음,,,,,,,,,,,,,,,,,,,,,,,,,,,,,,,,,,,,,,,,,,,,,meta 없음,,,"3일 한국소비자원이 전국 대형마트와 편의점 500여 곳을 조사해 발표하는 ‘생필품 가격 보고서’에 따르면, 지난달 20일 기준 초콜릿·카레·커피 등 주요 가공식품 175개 품목 가운데 121개(69%) 품목의 평균 가격이 1년 전보다 오른 것으로 나타났다."
A0041-SP87530E5592,A0041-SP87530E5592-m1,품목 수,물가,-,175,개,개,count,count,unspecified,수준값,현재값,KOSIS_VALUE,202501,M,전년,,1,310,310,,TABLE_ONLY,META_NOT_LOADED,통계표 메타 조회 전 후보,"물가,소비자물가지수,품목,소비자물가",lexical,310,Y,,,,,,101,DT_1J22136,"연도별 품목성질별 소비자물가지수(9개도, 39개시: 2020=100)",1964001,소비자물가조사,meta_index 없음 또는 코드명 매칭 없음,,,,,,,,,,,,,,,,,,,,,,,,,,,,,,,,,,,,,,,,,,,,,meta 없음,,,"175개 품목의 평균 물가 상승폭은 3.9%로, 지난해 연간 소비자물가지수 상승폭(2.3%)을 뛰어넘었다."
A0041-SP87530E5592,A0041-SP87530E5592-m1,품목 수,물가,-,175,개,개,count,count,unspecified,수준값,현재값,KOSIS_VALUE,202501,M,전년,,2,310,,,ALTERNATE,NOT_TOP_TABLE,후순위 통계표 후보,"물가,소비자물가지수,품목,소비자물가",lexical,310,Y,,,,,,101,DT_1J22001,"지출목적별 소비자물가지수(품목포함, 2020=100)",1964001,소비자물가조사,meta_index 없음 또는 코드명 매칭 없음,,,,,,,,,,,,,,,,,,,,,,,,,,,,,,,,,,,,,,,,,,,,,meta 없음,,,"175개 품목의 평균 물가 상승폭은 3.9%로, 지난해 연간 소비자물가지수 상승폭(2.3%)을 뛰어넘었다."
A0041-SP87530E5592,A0041-SP87530E5592-m1,품목 수,물가,-,175,개,개,count,count,unspecified,수준값,현재값,KOSIS_VALUE,202501,M,전년,,3,310,,,ALTERNATE,NOT_TOP_TABLE,후순위 통계표 후보,"물가,소비자물가지수,품목,소비자물가",lexical,310,Y,,,,,,101,DT_1J22112,품목별 소비자물가지수(품목성질별: 2020=100),1964001,소비자물가조사,meta_index 없음 또는 코드명 매칭 없음,,,,,,,,,,,,,,,,,,,,,,,,,,,,,,,,,,,,,,,,,,,,,meta 없음,,,"175개 품목의 평균 물가 상승폭은 3.9%로, 지난해 연간 소비자물가지수 상승폭(2.3%)을 뛰어넘었다."
A0041-SP87530E5592,A0041-SP87530E5592-m1,품목 수,물가,-,175,개,개,count,count,unspecified,수준값,현재값,KOSIS_VALUE,202501,M,전년,,4,310,,,ALTERNATE,NOT_TOP_TABLE,후순위 통계표 후보,"물가,소비자물가지수,품목,소비자물가",lexical,310,Y,,,,,,101,DT_1J22002,품목성질별 소비자물가지수(2020=100),1964001,소비자물가조사,meta_index 없음 또는 코드명 매칭 없음,,,,,,,,,,,,,,,,,,,,,,,,,,,,,,,,,,,,,,,,,,,,,meta 없음,,,"175개 품목의 평균 물가 상승폭은 3.9%로, 지난해 연간 소비자물가지수 상승폭(2.3%)을 뛰어넘었다."
A0041-SP87530E5592,A0041-SP87530E5592-m1,품목 수,물가,-,175,개,개,count,count,unspecified,수준값,현재값,KOSIS_VALUE,202501,M,전년,,5,230,,,ALTERNATE,NOT_TOP_TABLE,후순위 통계표 후보,"물가,식품,품목",lexical,230,Y,,,,,,114,DT_114053_040_2019_01,가공식품 품목별 구입 시 우선 확인하는 사항(곡물가공품),2016043,가공식품소비자태도조사 > 2018년 이후 > 가공식품 품목별 구입현황,meta_index 없음 또는 코드명 매칭 없음,,,,,,,,,,,,,,,,,,,,,,,,,,,,,,,,,,,,,,,,,,,,,meta 없음,,,"175개 품목의 평균 물가 상승폭은 3.9%로, 지난해 연간 소비자물가지수 상승폭(2.3%)을 뛰어넘었다."
A0041-SP87530E5592,A0041-SP87530E5592-m2,평균 물가 상승폭,물가,-,3.9,%,%,rate,rate_change,unspecified,증감률,증감률,KOSIS_VALUE,202501,M,전년,202401,1,290,290,,TABLE_ONLY,META_NOT_LOADED,통계표 메타 조회 전 후보,"물가,소비자물가지수,소비자물가",lexical,290,Y,,,,,,101,DT_1J22003,소비자물가지수(2020=100),1964001,소비자물가조사,meta_index 없음 또는 코드명 매칭 없음,,,,,,,,,,,,,,,,,,,,,,,,,,,,,,,,,,,,,,,,,,,,,meta 없음,,,"175개 품목의 평균 물가 상승폭은 3.9%로, 지난해 연간 소비자물가지수 상승폭(2.3%)을 뛰어넘었다."
A0041-SP87530E5592,A0041-SP87530E5592-m2,평균 물가 상승폭,물가,-,3.9,%,%,rate,rate_change,unspecified,증감률,증감률,KOSIS_VALUE,202501,M,전년,202401,2,290,,,ALTERNATE,NOT_TOP_TABLE,후순위 통계표 후보,"물가,소비자물가지수,소비자물가",lexical,290,Y,,,,,,101,DT_1J22135,"연도별 지출목적별 소비자물가지수(9개도, 39개시: 2020=100)",1964001,소비자물가조사,meta_index 없음 또는 코드명 매칭 없음,,,,,,,,,,,,,,,,,,,,,,,,,,,,,,,,,,,,,,,,,,,,,meta 없음,,,"175개 품목의 평균 물가 상승폭은 3.9%로, 지난해 연간 소비자물가지수 상승폭(2.3%)을 뛰어넘었다."
A0041-SP87530E5592,A0041-SP87530E5592-m2,평균 물가 상승폭,물가,-,3.9,%,%,rate,rate_change,unspecified,증감률,증감률,KOSIS_VALUE,202501,M,전년,202401,3,290,,,ALTERNATE,NOT_TOP_TABLE,후순위 통계표 후보,"물가,소비자물가지수,소비자물가",lexical,290,Y,,,,,,101,DT_1J22136,"연도별 품목성질별 소비자물가지수(9개도, 39개시: 2020=100)",1964001,소비자물가조사,meta_index 없음 또는 코드명 매칭 없음,,,,,,,,,,,,,,,,,,,,,,,,,,,,,,,,,,,,,,,,,,,,,meta 없음,,,"175개 품목의 평균 물가 상승폭은 3.9%로, 지난해 연간 소비자물가지수 상승폭(2.3%)을 뛰어넘었다."
A0041-SP87530E5592,A0041-SP87530E5592-m2,평균 물가 상승폭,물가,-,3.9,%,%,rate,rate_change,unspecified,증감률,증감률,KOSIS_VALUE,202501,M,전년,202401,4,290,,,ALTERNATE,NOT_TOP_TABLE,후순위 통계표 후보,"물가,소비자물가지수,소비자물가",lexical,290,Y,,,,,,101,DT_1J22017,연쇄방식 소비자물가지수(2020=100),1964001,소비자물가조사,meta_index 없음 또는 코드명 매칭 없음,,,,,,,,,,,,,,,,,,,,,,,,,,,,,,,,,,,,,,,,,,,,,meta 없음,,,"175개 품목의 평균 물가 상승폭은 3.9%로, 지난해 연간 소비자물가지수 상승폭(2.3%)을 뛰어넘었다."
A0041-SP87530E5592,A0041-SP87530E5592-m2,평균 물가 상승폭,물가,-,3.9,%,%,rate,rate_change,unspecified,증감률,증감률,KOSIS_VALUE,202501,M,전년,202401,5,290,,,ALTERNATE,NOT_TOP_TABLE,후순위 통계표 후보,"물가,소비자물가지수,소비자물가",lexical,290,Y,,,,,,101,DT_1J22006,자가주거비포함 소비자물가지수(2020=100),1964001,소비자물가조사,meta_index 없음 또는 코드명 매칭 없음,,,,,,,,,,,,,,,,,,,,,,,,,,,,,,,,,,,,,,,,,,,,,meta 없음,,,"175개 품목의 평균 물가 상승폭은 3.9%로, 지난해 연간 소비자물가지수 상승폭(2.3%)을 뛰어넘었다."
A0041-SP87530E5592,A0041-SP87530E5592-m3,지난해 연간 소비자물가지수 상승폭,물가,-,2.3,%,%,rate,rate_change,unspecified,증감률,증감률,KOSIS_VALUE,2024,Y,전년,2023,1,370,370,,TABLE_ONLY,META_NOT_LOADED,통계표 메타 조회 전 후보,"소비자물가지수,물가,소비자물가",lexical,370,Y,,,,,,101,DT_1J22135,"연도별 지출목적별 소비자물가지수(9개도, 39개시: 2020=100)",1964001,소비자물가조사,meta_index 없음 또는 코드명 매칭 없음,,,,,,,,,,,,,,,,,,,,,,,,,,,,,,,,,,,,,,,,,,,,,meta 없음,,,"175개 품목의 평균 물가 상승폭은 3.9%로, 지난해 연간 소비자물가지수 상승폭(2.3%)을 뛰어넘었다."
A0041-SP87530E5592,A0041-SP87530E5592-m3,지난해 연간 소비자물가지수 상승폭,물가,-,2.3,%,%,rate,rate_change,unspecified,증감률,증감률,KOSIS_VALUE,2024,Y,전년,2023,2,370,,,ALTERNATE,NOT_TOP_TABLE,후순위 통계표 후보,"소비자물가지수,물가,소비자물가",lexical,370,Y,,,,,,101,DT_1J22136,"연도별 품목성질별 소비자물가지수(9개도, 39개시: 2020=100)",1964001,소비자물가조사,meta_index 없음 또는 코드명 매칭 없음,,,,,,,,,,,,,,,,,,,,,,,,,,,,,,,,,,,,,,,,,,,,,meta 없음,,,"175개 품목의 평균 물가 상승폭은 3.9%로, 지난해 연간 소비자물가지수 상승폭(2.3%)을 뛰어넘었다."
A0041-SP87530E5592,A0041-SP87530E5592-m3,지난해 연간 소비자물가지수 상승폭,물가,-,2.3,%,%,rate,rate_change,unspecified,증감률,증감률,KOSIS_VALUE,2024,Y,전년,2023,3,290,,,ALTERNATE,NOT_TOP_TABLE,후순위 통계표 후보,"소비자물가지수,물가,소비자물가",lexical,290,Y,,,,,,101,DT_1J22003,소비자물가지수(2020=100),1964001,소비자물가조사,meta_index 없음 또는 코드명 매칭 없음,,,,,,,,,,,,,,,,,,,,,,,,,,,,,,,,,,,,,,,,,,,,,meta 없음,,,"175개 품목의 평균 물가 상승폭은 3.9%로, 지난해 연간 소비자물가지수 상승폭(2.3%)을 뛰어넘었다."
A0041-SP87530E5592,A0041-SP87530E5592-m3,지난해 연간 소비자물가지수 상승폭,물가,-,2.3,%,%,rate,rate_change,unspecified,증감률,증감률,KOSIS_VALUE,2024,Y,전년,2023,4,290,,,ALTERNATE,NOT_TOP_TABLE,후순위 통계표 후보,"소비자물가지수,물가,소비자물가",lexical,290,Y,,,,,,101,DT_1J22017,연쇄방식 소비자물가지수(2020=100),1964001,소비자물가조사,meta_index 없음 또는 코드명 매칭 없음,,,,,,,,,,,,,,,,,,,,,,,,,,,,,,,,,,,,,,,,,,,,,meta 없음,,,"175개 품목의 평균 물가 상승폭은 3.9%로, 지난해 연간 소비자물가지수 상승폭(2.3%)을 뛰어넘었다."
A0041-SP87530E5592,A0041-SP87530E5592-m3,지난해 연간 소비자물가지수 상승폭,물가,-,2.3,%,%,rate,rate_change,unspecified,증감률,증감률,KOSIS_VALUE,2024,Y,전년,2023,5,290,,,ALTERNATE,NOT_TOP_TABLE,후순위 통계표 후보,"소비자물가지수,물가,소비자물가",lexical,290,Y,,,,,,101,DT_1J22006,자가주거비포함 소비자물가지수(2020=100),1964001,소비자물가조사,meta_index 없음 또는 코드명 매칭 없음,,,,,,,,,,,,,,,,,,,,,,,,,,,,,,,,,,,,,,,,,,,,,meta 없음,,,"175개 품목의 평균 물가 상승폭은 3.9%로, 지난해 연간 소비자물가지수 상승폭(2.3%)을 뛰어넘었다."
A0047-SP3DFD1749C6,A0047-SP3DFD1749C6-m1,상장 기업의 할인율,금융·금리,-,15,%,%,rate,level,organization,수준값,현재값,KOSIS_VALUE,2024,Y,전년,,1,256,250,,TABLE_ONLY,META_NOT_LOADED,통계표 메타 조회 전 후보,기업의,lexical,256,Y,,,,,,133,DT_133N_8610,"8.6.9 중소기업의 업태별 신고 법인수Ⅰ(지역,법인종류,사업연도,조정구분)[2013~]",1976068,국세통계 > 국세통계(~최근) > 법인세 > 법인수,meta_index 없음 또는 코드명 매칭 없음,,,,,,,,,,,,,,,,,,,,,,,,,,,,,,,,,,,,,,,,,,,,,meta 없음,,,지난해 유가증권시장 상장 기업의 할인율은 15%대였다.
A0047-SP3DFD1749C6,A0047-SP3DFD1749C6-m1,상장 기업의 할인율,금융·금리,-,15,%,%,rate,level,organization,수준값,현재값,KOSIS_VALUE,2024,Y,전년,,2,250,,,ALTERNATE,NOT_TOP_TABLE,후순위 통계표 후보,"상장,기업의",lexical,250,Y,,,,,,344,DT_344002_001,상장기업의 부가가치 분석,1979014,상장기업의부가가치분석,meta_index 없음 또는 코드명 매칭 없음,,,,,,,,,,,,,,,,,,,,,,,,,,,,,,,,,,,,,,,,,,,,,meta 없음,,,지난해 유가증권시장 상장 기업의 할인율은 15%대였다.
A0047-SP3DFD1749C6,A0047-SP3DFD1749C6-m1,상장 기업의 할인율,금융·금리,-,15,%,%,rate,level,organization,수준값,현재값,KOSIS_VALUE,2024,Y,전년,,3,244,,,ALTERNATE,NOT_TOP_TABLE,후순위 통계표 후보,상장,lexical,244,Y,,,,,,133,DT_133N_812,"8.1.2 법인세 신고 현황Ⅱ(법인종류,사업연도,개업일,상장·비상장,영리·비영리,법인규모,조정구분)[2007~]",1976068,국세통계 > 국세통계(~최근) > 법인세 > 법인세 신고 현황,meta_index 없음 또는 코드명 매칭 없음,,,,,,,,,,,,,,,,,,,,,,,,,,,,,,,,,,,,,,,,,,,,,meta 없음,,,지난해 유가증권시장 상장 기업의 할인율은 15%대였다.
A0047-SP3DFD1749C6,A0047-SP3DFD1749C6-m1,상장 기업의 할인율,금융·금리,-,15,%,%,rate,level,organization,수준값,현재값,KOSIS_VALUE,2024,Y,전년,,4,238,,,ALTERNATE,NOT_TOP_TABLE,후순위 통계표 후보,"상장,기업의",lexical,238,Y,,,,,,395,DT_395N_S2024262,기업의 운영 상황: 상장여부,2003024,한국기업혁신조사 > 2025년도 조사(서비스 부문) > 기업의 운영 상황,meta_index 없음 또는 코드명 매칭 없음,,,,,,,,,,,,,,,,,,,,,,,,,,,,,,,,,,,,,,,,,,,,,meta 없음,,,지난해 유가증권시장 상장 기업의 할인율은 15%대였다.
A0047-SP3DFD1749C6,A0047-SP3DFD1749C6-m1,상장 기업의 할인율,금융·금리,-,15,%,%,rate,level,organization,수준값,현재값,KOSIS_VALUE,2024,Y,전년,,5,238,,,ALTERNATE,NOT_TOP_TABLE,후순위 통계표 후보,"상장,기업의",lexical,238,Y,,,,,,395,DT_395N_S2023293,기업의 운영 상황: 상장여부,2003024,한국기업혁신조사 > 2024년도 조사(제조업 부문) > 기업의 운영 상황,meta_index 없음 또는 코드명 매칭 없음,,,,,,,,,,,,,,,,,,,,,,,,,,,,,,,,,,,,,,,,,,,,,meta 없음,,,지난해 유가증권시장 상장 기업의 할인율은 15%대였다.
