domain,sample_count,gold_verifiable_count,eligibility_accuracy,table_mapping_accuracy,item_period_accuracy,codebook_api_success_rate
물가,20,11,0.6,0.36363636363636365,0.36363636363636365,1.0
고용,20,10,0.65,0.7,0.4,1.0
무역,20,7,0.45,0.7142857142857143,0.7142857142857143,1.0
인구,20,12,0.75,0.5,0.3333333333333333,1.0
소매,20,11,0.6,0.8181818181818182,0.36363636363636365,1.0
