claim_id,claim_measurement_id,article_id,title,date,url,claim_text,measurement_text,measurement_usage,claim_domain_scope,measurement_binding_source,measurement_role,measurement_indicator,measurement_item,value,unit,measurement_period,measurement_prd_se,gold_verifiable,gold_measurement_correct,gold_ready,gold_label_tier,gold_org_id,gold_tbl_id,gold_tbl_name,gold_itm_id,gold_itm_name,gold_obj_l1,gold_obj_l1_name,gold_prd_se,gold_period,gold_previous_period,gold_value_type,gold_derivation_method,gold_source_unit,gold_source_value,gold_source_previous_value,gold_actual_value,gold_claim_signed_value,gold_abs_error,gold_relative_error_pct,gold_tolerance,gold_verdict,gold_coordinate_status,gold_confidence,gold_reason,gold_evidence_url,gold_retrieved_at,gold_label_source,human_reviewed
A0002-CG0001,A0002-CG0001-m1,A0002,"폴크스바겐, 전기차 정보 부실 관리 논란",2025-01-01,https://www.chosun.com/economy/auto/2025/01/01/S7LNVYUONNHU3KF3WJWFZZ3NVE,전기차 전환에 뒤처지며 창사 87년 만에 처음으로 독일 자국 내 공장 폐쇄에 나선 폴크스바겐이 이번엔 전기차 약 80만대의 운행 데이터와 소유주 정보를 온라인에서 부실 관리했다는 논란에 휩싸였다.,창사 87년 만에 처음으로,KOSIS_VALUE,국내공식통계,codex_common_codebook,참고값,N/A,전기차,87,년,N/A,N/A,N,N,N,MEASUREMENT_ERROR,N/A,N/A,N/A,N/A,N/A,N/A,N/A,N/A,N/A,N/A,N/A,N/A,N/A,N/A,N/A,N/A,N/A,N/A,N/A,N/A,판단불가,NOT_APPLICABLE,HIGH,OUT_OF_KOSIS_SCOPE; INDICATOR_MISSING; 잠긴 Codex 공통 골드의 제외 판정을 유지함.,N/A,2026-08-05T16:37:34+09:00,CODEX_COMMON_GOLD_V1_200,N
A0002-CG0002,A0002-CG0002-m1,A0002,"폴크스바겐, 전기차 정보 부실 관리 논란",2025-01-01,https://www.chosun.com/economy/auto/2025/01/01/S7LNVYUONNHU3KF3WJWFZZ3NVE,전기차 전환에 뒤처지며 창사 87년 만에 처음으로 독일 자국 내 공장 폐쇄에 나선 폴크스바겐이 이번엔 전기차 약 80만대의 운행 데이터와 소유주 정보를 온라인에서 부실 관리했다는 논란에 휩싸였다.,전기차 약 80만대,KOSIS_VALUE,국내공식통계,codex_common_codebook,현재값,운행 데이터와 소유주 정보의 수량,전기차,800000,대,N/A,N/A,N,N,N,MEASUREMENT_ERROR,N/A,N/A,N/A,N/A,N/A,N/A,N/A,N/A,N/A,N/A,N/A,N/A,N/A,N/A,N/A,N/A,N/A,N/A,N/A,N/A,판단불가,NOT_APPLICABLE,HIGH,OUT_OF_KOSIS_SCOPE; PERIOD_OR_PERIODICITY_MISSING; 잠긴 Codex 공통 골드의 제외 판정을 유지함.,N/A,2026-08-05T16:37:34+09:00,CODEX_COMMON_GOLD_V1_200,N
A0002-CG0003,A0002-CG0003-m1,A0002,"폴크스바겐, 전기차 정보 부실 관리 논란",2025-01-01,https://www.chosun.com/economy/auto/2025/01/01/S7LNVYUONNHU3KF3WJWFZZ3NVE,"지난달 31일 독일 슈피겔 등 외신에 따르면, 폴크스바겐과 아우디, 세아트, 스코다 등 폴크스바겐그룹 전기차 80만대에서 수집한 수 테라바이트 규모 데이터가 지난 몇 달간 암호화되지 않은 채로 아마존 클라우드에 방치됐던 것으로 나타났다.",80만대,KOSIS_VALUE,국내공식통계,codex_common_codebook,현재값,전기차 데이터 노출 대수,전기차,800000,대,N/A,N/A,N,N,N,MEASUREMENT_ERROR,N/A,N/A,N/A,N/A,N/A,N/A,N/A,N/A,N/A,N/A,N/A,N/A,N/A,N/A,N/A,N/A,N/A,N/A,N/A,N/A,판단불가,NOT_APPLICABLE,HIGH,OUT_OF_KOSIS_SCOPE; PERIOD_OR_PERIODICITY_MISSING; 잠긴 Codex 공통 골드의 제외 판정을 유지함.,N/A,2026-08-05T16:37:34+09:00,CODEX_COMMON_GOLD_V1_200,N
A0003-CG0016,A0003-CG0016-m1,A0003,최저임금 1만30원으로 인상… 육아휴직 급여 최대 월 250만원,2025-01-01,https://www.chosun.com/economy/economy_general/2025/01/01/ADO7O3Q4WJBCJAX6UUEY4MSBV4,▲ 병 봉급 인상 =병 봉급을 병장 기준 월 125만원에서 150만원으로 늘린다.,125만원,KOSIS_VALUE,국내공식통계,codex_common_codebook,이전값,군인 봉급,군인 봉급,1250000,원,2025,Y,N,Y,N,MCP_NOT_VERIFIABLE,N/A,N/A,N/A,N/A,N/A,N/A,N/A,N/A,N/A,N/A,N/A,N/A,N/A,N/A,N/A,N/A,N/A,N/A,N/A,N/A,판단불가,NOT_APPLICABLE,HIGH,OUT_OF_KOSIS_SCOPE; MEASUREMENT_CORRECT; 잠긴 Codex 공통 골드의 제외 판정을 유지함.,N/A,2026-08-05T16:37:34+09:00,CODEX_COMMON_GOLD_V1_200,N
A0003-CG0017,A0003-CG0017-m1,A0003,최저임금 1만30원으로 인상… 육아휴직 급여 최대 월 250만원,2025-01-01,https://www.chosun.com/economy/economy_general/2025/01/01/ADO7O3Q4WJBCJAX6UUEY4MSBV4,▲ 병 봉급 인상 =병 봉급을 병장 기준 월 125만원에서 150만원으로 늘린다.,150만원,KOSIS_VALUE,국내공식통계,codex_common_codebook,현재값,군인 봉급,군인 봉급,1500000,원,2025,Y,N,Y,N,MCP_NOT_VERIFIABLE,N/A,N/A,N/A,N/A,N/A,N/A,N/A,N/A,N/A,N/A,N/A,N/A,N/A,N/A,N/A,N/A,N/A,N/A,N/A,N/A,판단불가,NOT_APPLICABLE,HIGH,OUT_OF_KOSIS_SCOPE; MEASUREMENT_CORRECT; 잠긴 Codex 공통 골드의 제외 판정을 유지함.,N/A,2026-08-05T16:37:34+09:00,CODEX_COMMON_GOLD_V1_200,N
A0003-CG0018,A0003-CG0018-m1,A0003,최저임금 1만30원으로 인상… 육아휴직 급여 최대 월 250만원,2025-01-01,https://www.chosun.com/economy/economy_general/2025/01/01/ADO7O3Q4WJBCJAX6UUEY4MSBV4,▲ 맞벌이 가구의 근로장려금 수급 요건 완화 =맞벌이 가구가 근로장려금을 받기 위한 소득기준이 연 3800만원 미만에서 연 4400만원 미만으로 확대된다.,3800만원,KOSIS_VALUE,국내공식통계,codex_common_codebook,참고값,근로장려금 수급 요건 소득기준,근로장려금 수급 요건 소득기준,38000000,원,2025,Y,N,Y,N,MCP_NOT_VERIFIABLE,N/A,N/A,N/A,N/A,N/A,N/A,N/A,N/A,N/A,N/A,N/A,N/A,N/A,N/A,N/A,N/A,N/A,N/A,N/A,N/A,판단불가,NOT_APPLICABLE,HIGH,OUT_OF_KOSIS_SCOPE; MEASUREMENT_CORRECT; 잠긴 Codex 공통 골드의 제외 판정을 유지함.,N/A,2026-08-05T16:37:34+09:00,CODEX_COMMON_GOLD_V1_200,N
A0006-CG0131,A0006-CG0131-m1,A0006,"2024년 수출, 6838억달러로 ‘역대 최대’ 경신",2025-01-01,https://www.chosun.com/economy/industry-company/2025/01/01/2UPTGREAPRAWRG4XUBRMLONSKY,2022년 당시 수출액은 역대 최대를 기록하면서도 472억달러 적자를 냈던 것과 다른 결과다.,472억달러,KOSIS_VALUE,국내공식통계,codex_common_codebook,이전값,무역수지,무역수지,47200000000,달러,2022,Y,Y,Y,Y,CODEBOOK_KOSIS,360,DT_1R11001_FRM101,"품목별 수출액, 수입액",N/A,N/A,N/A,N/A,Y,2022,N/A,이전값,TABLE_SERIES_LABEL,N/A,N/A,N/A,N/A,47200000000,N/A,N/A,N/A,값검증대기,TABLE_ONLY,HIGH,"READY:TRADE_OFFICIAL_SERIES; 잠긴 Codex 공통 골드에서 측정·검증 가능 판정, KOSIS MCP로 통계표명 재확인, 세부 항목·분류·실제값은 미확정.",https://kosis.kr/statHtml/statHtml.do?orgId=360&tblId=DT_1R11001_FRM101&vw_cd=MT_ZTITLE,2026-08-05T16:37:34+09:00,CODEX_COMMON_GOLD_V1+KOSIS_MCP_TABLE_INFO_200,N
A0006-CG0133,A0006-CG0133-m1,A0006,"2024년 수출, 6838억달러로 ‘역대 최대’ 경신",2025-01-01,https://www.chosun.com/economy/industry-company/2025/01/01/2UPTGREAPRAWRG4XUBRMLONSKY,무역수지는 전년 대비 621억 달러 개선된 518억 달러의 흑자를 기록했다.,518억 달러,KOSIS_VALUE,국내공식통계,codex_common_codebook,현재값,무역수지,무역수지,51800000000,달러,2024,Y,Y,Y,Y,CODEBOOK_KOSIS,360,DT_1R11001_FRM101,"품목별 수출액, 수입액",N/A,N/A,N/A,N/A,Y,2024,N/A,현재값,TABLE_SERIES_LABEL,N/A,N/A,N/A,N/A,51800000000,N/A,N/A,N/A,값검증대기,TABLE_ONLY,HIGH,"READY:TRADE_OFFICIAL_SERIES; 잠긴 Codex 공통 골드에서 측정·검증 가능 판정, KOSIS MCP로 통계표명 재확인, 세부 항목·분류·실제값은 미확정.",https://kosis.kr/statHtml/statHtml.do?orgId=360&tblId=DT_1R11001_FRM101&vw_cd=MT_ZTITLE,2026-08-05T16:37:34+09:00,CODEX_COMMON_GOLD_V1+KOSIS_MCP_TABLE_INFO_200,N
A0006-CG0134,A0006-CG0134-m1,A0006,"2024년 수출, 6838억달러로 ‘역대 최대’ 경신",2025-01-01,https://www.chosun.com/economy/industry-company/2025/01/01/2UPTGREAPRAWRG4XUBRMLONSKY,무역수지는 전년 대비 621억 달러 개선된 518억 달러의 흑자를 기록했다.,621억 달러,KOSIS_VALUE,국내공식통계,codex_common_codebook,현재값,무역수지 변화폭,무역수지 변화폭,62100000000,달러,2024,Y,Y,Y,Y,CODEBOOK_KOSIS,360,DT_1R11001_FRM101,"품목별 수출액, 수입액",N/A,N/A,N/A,N/A,Y,2024,N/A,현재값,TABLE_SERIES_LABEL,N/A,N/A,N/A,N/A,62100000000,N/A,N/A,N/A,값검증대기,TABLE_ONLY,HIGH,"READY:TRADE_OFFICIAL_SERIES; 잠긴 Codex 공통 골드에서 측정·검증 가능 판정, KOSIS MCP로 통계표명 재확인, 세부 항목·분류·실제값은 미확정.",https://kosis.kr/statHtml/statHtml.do?orgId=360&tblId=DT_1R11001_FRM101&vw_cd=MT_ZTITLE,2026-08-05T16:37:34+09:00,CODEX_COMMON_GOLD_V1+KOSIS_MCP_TABLE_INFO_200,N
A0006-CG0135,A0006-CG0135-m1,A0006,"2024년 수출, 6838억달러로 ‘역대 최대’ 경신",2025-01-01,https://www.chosun.com/economy/industry-company/2025/01/01/2UPTGREAPRAWRG4XUBRMLONSKY,이에 2018년(697억 달러 흑자) 이후 최대 흑자를 기록하게 됐다.,697억 달러,KOSIS_VALUE,국내공식통계,codex_common_codebook,현재값,무역수지,무역수지,69700000000,달러,2018,Y,Y,Y,Y,CODEBOOK_KOSIS,360,DT_1R11001_FRM101,"품목별 수출액, 수입액",N/A,N/A,N/A,N/A,Y,2018,N/A,현재값,TABLE_SERIES_LABEL,N/A,N/A,N/A,N/A,69700000000,N/A,N/A,N/A,값검증대기,TABLE_ONLY,HIGH,"READY:TRADE_OFFICIAL_SERIES; 잠긴 Codex 공통 골드에서 측정·검증 가능 판정, KOSIS MCP로 통계표명 재확인, 세부 항목·분류·실제값은 미확정.",https://kosis.kr/statHtml/statHtml.do?orgId=360&tblId=DT_1R11001_FRM101&vw_cd=MT_ZTITLE,2026-08-05T16:37:34+09:00,CODEX_COMMON_GOLD_V1+KOSIS_MCP_TABLE_INFO_200,N
A0006-CG0137,A0006-CG0137-m1,A0006,"2024년 수출, 6838억달러로 ‘역대 최대’ 경신",2025-01-01,https://www.chosun.com/economy/industry-company/2025/01/01/2UPTGREAPRAWRG4XUBRMLONSKY,2024년에는 에너지 수입이 감소하면서 전체 수입이 전년 대비 1.6% 감소한 덕에 무역수지가 개선됐다.,1.6%,KOSIS_VALUE,국내공식통계,codex_common_codebook,증감률,전체 수입 증감률,전체 수입 증감률,1.6,%,2024,Y,Y,Y,Y,CODEBOOK_KOSIS,360,DT_1R11001_FRM101,"품목별 수출액, 수입액",N/A,N/A,N/A,N/A,Y,2024,N/A,증감률,TABLE_SERIES_LABEL,N/A,N/A,N/A,N/A,1.6,N/A,N/A,N/A,값검증대기,TABLE_ONLY,HIGH,"READY:TRADE_OFFICIAL_SERIES; 잠긴 Codex 공통 골드에서 측정·검증 가능 판정, KOSIS MCP로 통계표명 재확인, 세부 항목·분류·실제값은 미확정.",https://kosis.kr/statHtml/statHtml.do?orgId=360&tblId=DT_1R11001_FRM101&vw_cd=MT_ZTITLE,2026-08-05T16:37:34+09:00,CODEX_COMMON_GOLD_V1+KOSIS_MCP_TABLE_INFO_200,N
A0006-CG0138,A0006-CG0138-m1,A0006,"2024년 수출, 6838억달러로 ‘역대 최대’ 경신",2025-01-01,https://www.chosun.com/economy/industry-company/2025/01/01/2UPTGREAPRAWRG4XUBRMLONSKY,"바이오헬스 수출은 바이오시밀러 등 의약품을 중심으로 전년 대비 13.1% 증가한 151억 달러를 기록했으며, 전 세계적으로 K푸드, K뷰티 선호가 확대되면서 농수산식품 수출은 117억 달러(7.6%), 화장품 수출(102억 달러, +20.6%)은 처음으로 100억 달러를 돌파하면서 역대 최대 수출실적을 경신했다.",117억 달러,KOSIS_VALUE,국내공식통계,codex_common_codebook,현재값,농수산식품 수출액,농수산식품,11700000000,달러,2024,Y,Y,Y,Y,CODEBOOK_KOSIS,360,DT_1R11001_FRM101,"품목별 수출액, 수입액",N/A,N/A,N/A,N/A,Y,2024,N/A,현재값,TABLE_SERIES_LABEL,N/A,N/A,N/A,N/A,11700000000,N/A,N/A,N/A,값검증대기,TABLE_ONLY,HIGH,"READY:TRADE_OFFICIAL_SERIES; 잠긴 Codex 공통 골드에서 측정·검증 가능 판정, KOSIS MCP로 통계표명 재확인, 세부 항목·분류·실제값은 미확정.",https://kosis.kr/statHtml/statHtml.do?orgId=360&tblId=DT_1R11001_FRM101&vw_cd=MT_ZTITLE,2026-08-05T16:37:34+09:00,CODEX_COMMON_GOLD_V1+KOSIS_MCP_TABLE_INFO_200,N
A0006-CG0139,A0006-CG0139-m1,A0006,"2024년 수출, 6838억달러로 ‘역대 최대’ 경신",2025-01-01,https://www.chosun.com/economy/industry-company/2025/01/01/2UPTGREAPRAWRG4XUBRMLONSKY,"바이오헬스 수출은 바이오시밀러 등 의약품을 중심으로 전년 대비 13.1% 증가한 151억 달러를 기록했으며, 전 세계적으로 K푸드, K뷰티 선호가 확대되면서 농수산식품 수출은 117억 달러(7.6%), 화장품 수출(102억 달러, +20.6%)은 처음으로 100억 달러를 돌파하면서 역대 최대 수출실적을 경신했다.",7.6%,KOSIS_VALUE,국내공식통계,codex_common_codebook,증감률,농수산식품 수출 증감률,농수산식품,7.6,%,2024,Y,Y,Y,Y,CODEBOOK_KOSIS,360,DT_1R11001_FRM101,"품목별 수출액, 수입액",N/A,N/A,N/A,N/A,Y,2024,N/A,증감률,TABLE_SERIES_LABEL,N/A,N/A,N/A,N/A,7.6,N/A,N/A,N/A,값검증대기,TABLE_ONLY,HIGH,"READY:TRADE_OFFICIAL_SERIES; 잠긴 Codex 공통 골드에서 측정·검증 가능 판정, KOSIS MCP로 통계표명 재확인, 세부 항목·분류·실제값은 미확정.",https://kosis.kr/statHtml/statHtml.do?orgId=360&tblId=DT_1R11001_FRM101&vw_cd=MT_ZTITLE,2026-08-05T16:37:34+09:00,CODEX_COMMON_GOLD_V1+KOSIS_MCP_TABLE_INFO_200,N
A0006-CG0140,A0006-CG0140-m1,A0006,"2024년 수출, 6838억달러로 ‘역대 최대’ 경신",2025-01-01,https://www.chosun.com/economy/industry-company/2025/01/01/2UPTGREAPRAWRG4XUBRMLONSKY,"바이오헬스 수출은 바이오시밀러 등 의약품을 중심으로 전년 대비 13.1% 증가한 151억 달러를 기록했으며, 전 세계적으로 K푸드, K뷰티 선호가 확대되면서 농수산식품 수출은 117억 달러(7.6%), 화장품 수출(102억 달러, +20.6%)은 처음으로 100억 달러를 돌파하면서 역대 최대 수출실적을 경신했다.",13.1%,KOSIS_VALUE,국내공식통계,codex_common_codebook,증감률,바이오헬스 수출 증감률,바이오헬스,13.1,%,2024,Y,Y,Y,Y,CODEBOOK_KOSIS,360,DT_1R11001_FRM101,"품목별 수출액, 수입액",N/A,N/A,N/A,N/A,Y,2024,N/A,증감률,TABLE_SERIES_LABEL,N/A,N/A,N/A,N/A,13.1,N/A,N/A,N/A,값검증대기,TABLE_ONLY,HIGH,"READY:TRADE_OFFICIAL_SERIES; 잠긴 Codex 공통 골드에서 측정·검증 가능 판정, KOSIS MCP로 통계표명 재확인, 세부 항목·분류·실제값은 미확정.",https://kosis.kr/statHtml/statHtml.do?orgId=360&tblId=DT_1R11001_FRM101&vw_cd=MT_ZTITLE,2026-08-05T16:37:34+09:00,CODEX_COMMON_GOLD_V1+KOSIS_MCP_TABLE_INFO_200,N
A0006-CG0141,A0006-CG0141-m1,A0006,"2024년 수출, 6838억달러로 ‘역대 최대’ 경신",2025-01-01,https://www.chosun.com/economy/industry-company/2025/01/01/2UPTGREAPRAWRG4XUBRMLONSKY,"바이오헬스 수출은 바이오시밀러 등 의약품을 중심으로 전년 대비 13.1% 증가한 151억 달러를 기록했으며, 전 세계적으로 K푸드, K뷰티 선호가 확대되면서 농수산식품 수출은 117억 달러(7.6%), 화장품 수출(102억 달러, +20.6%)은 처음으로 100억 달러를 돌파하면서 역대 최대 수출실적을 경신했다.",151억 달러,KOSIS_VALUE,국내공식통계,codex_common_codebook,현재값,바이오헬스 수출액,바이오헬스,15100000000,달러,2024,Y,Y,Y,Y,CODEBOOK_KOSIS,360,DT_1R11001_FRM101,"품목별 수출액, 수입액",N/A,N/A,N/A,N/A,Y,2024,N/A,현재값,TABLE_SERIES_LABEL,N/A,N/A,N/A,N/A,15100000000,N/A,N/A,N/A,값검증대기,TABLE_ONLY,HIGH,"READY:TRADE_OFFICIAL_SERIES; 잠긴 Codex 공통 골드에서 측정·검증 가능 판정, KOSIS MCP로 통계표명 재확인, 세부 항목·분류·실제값은 미확정.",https://kosis.kr/statHtml/statHtml.do?orgId=360&tblId=DT_1R11001_FRM101&vw_cd=MT_ZTITLE,2026-08-05T16:37:34+09:00,CODEX_COMMON_GOLD_V1+KOSIS_MCP_TABLE_INFO_200,N
A0006-CG0142,A0006-CG0142-m1,A0006,"2024년 수출, 6838억달러로 ‘역대 최대’ 경신",2025-01-01,https://www.chosun.com/economy/industry-company/2025/01/01/2UPTGREAPRAWRG4XUBRMLONSKY,"◇반도체, 자동차가 이끌고 바이오, 농수산, 화장품 등도 고르게 증가 품목별로는 최대 수출품목인 반도체가 43.9% 증가한 1419억 달러를 기록, 2023년 11월 이후 14개월 연속 증가 흐름을 이어가면서 기존 최대 실적인 2022년 1292억 달러를 2년 만에 경신했다.",1292억 달러,KOSIS_VALUE,국내공식통계,codex_common_codebook,이전값,반도체 수출액,반도체,129200000000,달러,2022,Y,Y,Y,Y,CODEBOOK_KOSIS,360,DT_1R11001_FRM101,"품목별 수출액, 수입액",N/A,N/A,N/A,N/A,Y,2022,N/A,이전값,TABLE_SERIES_LABEL,N/A,N/A,N/A,N/A,129200000000,N/A,N/A,N/A,값검증대기,TABLE_ONLY,HIGH,"READY:TRADE_OFFICIAL_SERIES; 잠긴 Codex 공통 골드에서 측정·검증 가능 판정, KOSIS MCP로 통계표명 재확인, 세부 항목·분류·실제값은 미확정.",https://kosis.kr/statHtml/statHtml.do?orgId=360&tblId=DT_1R11001_FRM101&vw_cd=MT_ZTITLE,2026-08-05T16:37:34+09:00,CODEX_COMMON_GOLD_V1+KOSIS_MCP_TABLE_INFO_200,N
A0006-CG0147,A0006-CG0147-m1,A0006,"2024년 수출, 6838억달러로 ‘역대 최대’ 경신",2025-01-01,https://www.chosun.com/economy/industry-company/2025/01/01/2UPTGREAPRAWRG4XUBRMLONSKY,"◇반도체, 자동차가 이끌고 바이오, 농수산, 화장품 등도 고르게 증가 품목별로는 최대 수출품목인 반도체가 43.9% 증가한 1419억 달러를 기록, 2023년 11월 이후 14개월 연속 증가 흐름을 이어가면서 기존 최대 실적인 2022년 1292억 달러를 2년 만에 경신했다.",43.9%,KOSIS_VALUE,국내공식통계,codex_common_codebook,증감률,반도체 수출 증감률,반도체,43.9,%,2024,Y,Y,Y,Y,CODEBOOK_KOSIS,360,DT_1R11001_FRM101,"품목별 수출액, 수입액",N/A,N/A,N/A,N/A,Y,2024,N/A,증감률,TABLE_SERIES_LABEL,N/A,N/A,N/A,N/A,43.9,N/A,N/A,N/A,값검증대기,TABLE_ONLY,HIGH,"READY:TRADE_OFFICIAL_SERIES; 잠긴 Codex 공통 골드에서 측정·검증 가능 판정, KOSIS MCP로 통계표명 재확인, 세부 항목·분류·실제값은 미확정.",https://kosis.kr/statHtml/statHtml.do?orgId=360&tblId=DT_1R11001_FRM101&vw_cd=MT_ZTITLE,2026-08-05T16:37:34+09:00,CODEX_COMMON_GOLD_V1+KOSIS_MCP_TABLE_INFO_200,N
A0006-CG0149,A0006-CG0149-m1,A0006,"2024년 수출, 6838억달러로 ‘역대 최대’ 경신",2025-01-01,https://www.chosun.com/economy/industry-company/2025/01/01/2UPTGREAPRAWRG4XUBRMLONSKY,"석유화학 수출은 480억 달러로, 하반기 유가 하락에 따른 수출단가 하락에도 불구하고 수출물량이 확대되면서 5% 증가했다.",480억 달러,KOSIS_VALUE,국내공식통계,codex_common_codebook,현재값,석유화학 수출액,석유화학,48000000000,달러,2024,Y,Y,Y,Y,CODEBOOK_KOSIS,360,DT_1R11001_FRM101,"품목별 수출액, 수입액",N/A,N/A,N/A,N/A,Y,2024,N/A,현재값,TABLE_SERIES_LABEL,N/A,N/A,N/A,N/A,48000000000,N/A,N/A,N/A,값검증대기,TABLE_ONLY,HIGH,"READY:TRADE_OFFICIAL_SERIES; 잠긴 Codex 공통 골드에서 측정·검증 가능 판정, KOSIS MCP로 통계표명 재확인, 세부 항목·분류·실제값은 미확정.",https://kosis.kr/statHtml/statHtml.do?orgId=360&tblId=DT_1R11001_FRM101&vw_cd=MT_ZTITLE,2026-08-05T16:37:34+09:00,CODEX_COMMON_GOLD_V1+KOSIS_MCP_TABLE_INFO_200,N
A0006-CG0150,A0006-CG0150-m1,A0006,"2024년 수출, 6838억달러로 ‘역대 최대’ 경신",2025-01-01,https://www.chosun.com/economy/industry-company/2025/01/01/2UPTGREAPRAWRG4XUBRMLONSKY,"석유화학 수출은 480억 달러로, 하반기 유가 하락에 따른 수출단가 하락에도 불구하고 수출물량이 확대되면서 5% 증가했다.",5%,KOSIS_VALUE,국내공식통계,codex_common_codebook,증감률,석유화학 수출액 증감률,석유화학,5,%,2024,Y,Y,Y,Y,CODEBOOK_KOSIS,360,DT_1R11001_FRM101,"품목별 수출액, 수입액",N/A,N/A,N/A,N/A,Y,2024,N/A,증감률,TABLE_SERIES_LABEL,N/A,N/A,N/A,N/A,5,N/A,N/A,N/A,값검증대기,TABLE_ONLY,HIGH,"READY:TRADE_OFFICIAL_SERIES; 잠긴 Codex 공통 골드에서 측정·검증 가능 판정, KOSIS MCP로 통계표명 재확인, 세부 항목·분류·실제값은 미확정.",https://kosis.kr/statHtml/statHtml.do?orgId=360&tblId=DT_1R11001_FRM101&vw_cd=MT_ZTITLE,2026-08-05T16:37:34+09:00,CODEX_COMMON_GOLD_V1+KOSIS_MCP_TABLE_INFO_200,N
A0006-CG0151,A0006-CG0151-m1,A0006,"2024년 수출, 6838억달러로 ‘역대 최대’ 경신",2025-01-01,https://www.chosun.com/economy/industry-company/2025/01/01/2UPTGREAPRAWRG4XUBRMLONSKY,"선박 수출은 2021년 높은 선가로 수주한 LNG 운반선, 대형 컨테이너선 등 고부가 선박이 본격 수출되면서 두 자릿수(18%) 증가한 256억 달러를 기록했다.",두 자릿수(18%),KOSIS_VALUE,국내공식통계,codex_common_codebook,증감률,선박 수출 증감률,선박,18,%,2024,Y,Y,Y,Y,CODEBOOK_KOSIS,360,DT_1R11001_FRM101,"품목별 수출액, 수입액",N/A,N/A,N/A,N/A,Y,2024,N/A,증감률,TABLE_SERIES_LABEL,N/A,N/A,N/A,N/A,18,N/A,N/A,N/A,값검증대기,TABLE_ONLY,HIGH,"READY:TRADE_OFFICIAL_SERIES; 잠긴 Codex 공통 골드에서 측정·검증 가능 판정, KOSIS MCP로 통계표명 재확인, 세부 항목·분류·실제값은 미확정.",https://kosis.kr/statHtml/statHtml.do?orgId=360&tblId=DT_1R11001_FRM101&vw_cd=MT_ZTITLE,2026-08-05T16:37:34+09:00,CODEX_COMMON_GOLD_V1+KOSIS_MCP_TABLE_INFO_200,N
A0006-CG0152,A0006-CG0152-m1,A0006,"2024년 수출, 6838억달러로 ‘역대 최대’ 경신",2025-01-01,https://www.chosun.com/economy/industry-company/2025/01/01/2UPTGREAPRAWRG4XUBRMLONSKY,"선박 수출은 2021년 높은 선가로 수주한 LNG 운반선, 대형 컨테이너선 등 고부가 선박이 본격 수출되면서 두 자릿수(18%) 증가한 256억 달러를 기록했다.",256억 달러,KOSIS_VALUE,국내공식통계,codex_common_codebook,현재값,선박 수출액,선박,25600000000,달러,2024,Y,Y,Y,Y,CODEBOOK_KOSIS,360,DT_1R11001_FRM101,"품목별 수출액, 수입액",N/A,N/A,N/A,N/A,Y,2024,N/A,현재값,TABLE_SERIES_LABEL,N/A,N/A,N/A,N/A,25600000000,N/A,N/A,N/A,값검증대기,TABLE_ONLY,HIGH,"READY:TRADE_OFFICIAL_SERIES; 잠긴 Codex 공통 골드에서 측정·검증 가능 판정, KOSIS MCP로 통계표명 재확인, 세부 항목·분류·실제값은 미확정.",https://kosis.kr/statHtml/statHtml.do?orgId=360&tblId=DT_1R11001_FRM101&vw_cd=MT_ZTITLE,2026-08-05T16:37:34+09:00,CODEX_COMMON_GOLD_V1+KOSIS_MCP_TABLE_INFO_200,N
A0006-CG0153,A0006-CG0153-m1,A0006,"2024년 수출, 6838억달러로 ‘역대 최대’ 경신",2025-01-01,https://www.chosun.com/economy/industry-company/2025/01/01/2UPTGREAPRAWRG4XUBRMLONSKY,"자동차 수출은 하반기 주요 완성차·부품업계 파업 등에 따른 일부 생산 차질 영향으로 전년도와 보합세인 708억 달러(-0.1%)를 기록하였으며, 2년 연속 700억 달러 이상의 호실적을 이어갔다.",-0.1%,KOSIS_VALUE,국내공식통계,codex_common_codebook,증감률,자동차 수출 증감률,자동차,0.1,%,2024,Y,Y,Y,Y,CODEBOOK_KOSIS,360,DT_1R11001_FRM101,"품목별 수출액, 수입액",N/A,N/A,N/A,N/A,Y,2024,N/A,증감률,TABLE_SERIES_LABEL,N/A,N/A,N/A,N/A,0.1,N/A,N/A,N/A,값검증대기,TABLE_ONLY,HIGH,"READY:TRADE_OFFICIAL_SERIES; 잠긴 Codex 공통 골드에서 측정·검증 가능 판정, KOSIS MCP로 통계표명 재확인, 세부 항목·분류·실제값은 미확정.",https://kosis.kr/statHtml/statHtml.do?orgId=360&tblId=DT_1R11001_FRM101&vw_cd=MT_ZTITLE,2026-08-05T16:37:34+09:00,CODEX_COMMON_GOLD_V1+KOSIS_MCP_TABLE_INFO_200,N
A0006-CG0156,A0006-CG0156-m1,A0006,"2024년 수출, 6838억달러로 ‘역대 최대’ 경신",2025-01-01,https://www.chosun.com/economy/industry-company/2025/01/01/2UPTGREAPRAWRG4XUBRMLONSKY,"자동차 수출은 하반기 주요 완성차·부품업계 파업 등에 따른 일부 생산 차질 영향으로 전년도와 보합세인 708억 달러(-0.1%)를 기록하였으며, 2년 연속 700억 달러 이상의 호실적을 이어갔다.",708억 달러,KOSIS_VALUE,국내공식통계,codex_common_codebook,현재값,자동차 수출,자동차,70800000000,달러,2024,Y,Y,Y,Y,CODEBOOK_KOSIS,360,DT_1R11001_FRM101,"품목별 수출액, 수입액",N/A,N/A,N/A,N/A,Y,2024,N/A,현재값,TABLE_SERIES_LABEL,N/A,N/A,N/A,N/A,70800000000,N/A,N/A,N/A,값검증대기,TABLE_ONLY,HIGH,"READY:TRADE_OFFICIAL_SERIES; 잠긴 Codex 공통 골드에서 측정·검증 가능 판정, KOSIS MCP로 통계표명 재확인, 세부 항목·분류·실제값은 미확정.",https://kosis.kr/statHtml/statHtml.do?orgId=360&tblId=DT_1R11001_FRM101&vw_cd=MT_ZTITLE,2026-08-05T16:37:34+09:00,CODEX_COMMON_GOLD_V1+KOSIS_MCP_TABLE_INFO_200,N
A0006-CG0157,A0006-CG0157-m1,A0006,"2024년 수출, 6838억달러로 ‘역대 최대’ 경신",2025-01-01,https://www.chosun.com/economy/industry-company/2025/01/01/2UPTGREAPRAWRG4XUBRMLONSKY,"전년 대비 월간 수출 증가율은 8월(11%), 9월(7.5%), 10월(4.6%), 11월(1.4%)로 계속 감소 중이었으나, 12월에 6.6%로 반등에 성공한 것이다.",1.4%,KOSIS_VALUE,국내공식통계,codex_common_codebook,증감률,수출 증가율,수출 증가율,1.4,%,202411,M,Y,Y,Y,CODEBOOK_KOSIS,360,DT_1R11001_FRM101,"품목별 수출액, 수입액",N/A,N/A,N/A,N/A,M,202411,N/A,증감률,TABLE_SERIES_LABEL,N/A,N/A,N/A,N/A,1.4,N/A,N/A,N/A,값검증대기,TABLE_ONLY,HIGH,"READY:TRADE_OFFICIAL_SERIES; 잠긴 Codex 공통 골드에서 측정·검증 가능 판정, KOSIS MCP로 통계표명 재확인, 세부 항목·분류·실제값은 미확정.",https://kosis.kr/statHtml/statHtml.do?orgId=360&tblId=DT_1R11001_FRM101&vw_cd=MT_ZTITLE,2026-08-05T16:37:34+09:00,CODEX_COMMON_GOLD_V1+KOSIS_MCP_TABLE_INFO_200,N
A0006-CG0159,A0006-CG0159-m1,A0006,"2024년 수출, 6838억달러로 ‘역대 최대’ 경신",2025-01-01,https://www.chosun.com/economy/industry-company/2025/01/01/2UPTGREAPRAWRG4XUBRMLONSKY,"전년 대비 월간 수출 증가율은 8월(11%), 9월(7.5%), 10월(4.6%), 11월(1.4%)로 계속 감소 중이었으나, 12월에 6.6%로 반등에 성공한 것이다.",11%,KOSIS_VALUE,국내공식통계,codex_common_codebook,증감률,수출 증가율,수출 증가율,11,%,202408,M,Y,Y,Y,CODEBOOK_KOSIS,360,DT_1R11001_FRM101,"품목별 수출액, 수입액",N/A,N/A,N/A,N/A,M,202408,N/A,증감률,TABLE_SERIES_LABEL,N/A,N/A,N/A,N/A,11,N/A,N/A,N/A,값검증대기,TABLE_ONLY,HIGH,"READY:TRADE_OFFICIAL_SERIES; 잠긴 Codex 공통 골드에서 측정·검증 가능 판정, KOSIS MCP로 통계표명 재확인, 세부 항목·분류·실제값은 미확정.",https://kosis.kr/statHtml/statHtml.do?orgId=360&tblId=DT_1R11001_FRM101&vw_cd=MT_ZTITLE,2026-08-05T16:37:34+09:00,CODEX_COMMON_GOLD_V1+KOSIS_MCP_TABLE_INFO_200,N
A0006-CG0162,A0006-CG0162-m1,A0006,"2024년 수출, 6838억달러로 ‘역대 최대’ 경신",2025-01-01,https://www.chosun.com/economy/industry-company/2025/01/01/2UPTGREAPRAWRG4XUBRMLONSKY,"전년 대비 월간 수출 증가율은 8월(11%), 9월(7.5%), 10월(4.6%), 11월(1.4%)로 계속 감소 중이었으나, 12월에 6.6%로 반등에 성공한 것이다.",4.6%,KOSIS_VALUE,국내공식통계,codex_common_codebook,증감률,수출 증가율,수출 증가율,4.6,%,202410,M,Y,Y,Y,CODEBOOK_KOSIS,360,DT_1R11001_FRM101,"품목별 수출액, 수입액",N/A,N/A,N/A,N/A,M,202410,N/A,증감률,TABLE_SERIES_LABEL,N/A,N/A,N/A,N/A,4.6,N/A,N/A,N/A,값검증대기,TABLE_ONLY,HIGH,"READY:TRADE_OFFICIAL_SERIES; 잠긴 Codex 공통 골드에서 측정·검증 가능 판정, KOSIS MCP로 통계표명 재확인, 세부 항목·분류·실제값은 미확정.",https://kosis.kr/statHtml/statHtml.do?orgId=360&tblId=DT_1R11001_FRM101&vw_cd=MT_ZTITLE,2026-08-05T16:37:34+09:00,CODEX_COMMON_GOLD_V1+KOSIS_MCP_TABLE_INFO_200,N
A0006-CG0166,A0006-CG0166-m1,A0006,"2024년 수출, 6838억달러로 ‘역대 최대’ 경신",2025-01-01,https://www.chosun.com/economy/industry-company/2025/01/01/2UPTGREAPRAWRG4XUBRMLONSKY,"전년 대비 월간 수출 증가율은 8월(11%), 9월(7.5%), 10월(4.6%), 11월(1.4%)로 계속 감소 중이었으나, 12월에 6.6%로 반등에 성공한 것이다.",6.6%,KOSIS_VALUE,국내공식통계,codex_common_codebook,증감률,수출 증가율,수출 증가율,6.6,%,202412,M,Y,Y,Y,CODEBOOK_KOSIS,360,DT_1R11001_FRM101,"품목별 수출액, 수입액",N/A,N/A,N/A,N/A,M,202412,N/A,증감률,TABLE_SERIES_LABEL,N/A,N/A,N/A,N/A,6.6,N/A,N/A,N/A,값검증대기,TABLE_ONLY,HIGH,"READY:TRADE_OFFICIAL_SERIES; 잠긴 Codex 공통 골드에서 측정·검증 가능 판정, KOSIS MCP로 통계표명 재확인, 세부 항목·분류·실제값은 미확정.",https://kosis.kr/statHtml/statHtml.do?orgId=360&tblId=DT_1R11001_FRM101&vw_cd=MT_ZTITLE,2026-08-05T16:37:34+09:00,CODEX_COMMON_GOLD_V1+KOSIS_MCP_TABLE_INFO_200,N
A0006-CG0169,A0006-CG0169-m1,A0006,"2024년 수출, 6838억달러로 ‘역대 최대’ 경신",2025-01-01,https://www.chosun.com/economy/industry-company/2025/01/01/2UPTGREAPRAWRG4XUBRMLONSKY,◇12월 수출 6.6% 늘어난 614억달러...수출 증가율 5개월 만에 반등 한편 이날 동시에 발표된 지난 12월 수출액은 614억달러로 전년 동월 대비 6.6% 증가했다.,614억달러,KOSIS_VALUE,국내공식통계,codex_common_codebook,현재값,총수출액,총수출액,61400000000,달러,2024,M,Y,Y,Y,CODEBOOK_KOSIS,360,DT_1R11001_FRM101,"품목별 수출액, 수입액",N/A,N/A,N/A,N/A,M,2024,N/A,현재값,TABLE_SERIES_LABEL,N/A,N/A,N/A,N/A,61400000000,N/A,N/A,N/A,값검증대기,TABLE_ONLY,HIGH,"READY:TRADE_OFFICIAL_SERIES; 잠긴 Codex 공통 골드에서 측정·검증 가능 판정, KOSIS MCP로 통계표명 재확인, 세부 항목·분류·실제값은 미확정.",https://kosis.kr/statHtml/statHtml.do?orgId=360&tblId=DT_1R11001_FRM101&vw_cd=MT_ZTITLE,2026-08-05T16:37:34+09:00,CODEX_COMMON_GOLD_V1+KOSIS_MCP_TABLE_INFO_200,N
A0006-CG0171,A0006-CG0171-m1,A0006,"2024년 수출, 6838억달러로 ‘역대 최대’ 경신",2025-01-01,https://www.chosun.com/economy/industry-company/2025/01/01/2UPTGREAPRAWRG4XUBRMLONSKY,"이전 최대 실적은 2022년 기록한 6836억달러인데, 이를 2년 만에 근소하게 경신한 것이다.",6836억달러,KOSIS_VALUE,국내공식통계,codex_common_codebook,이전값,수출액,수출액,683600000000,달러,2022,Y,Y,Y,Y,CODEBOOK_KOSIS,360,DT_1R11001_FRM101,"품목별 수출액, 수입액",N/A,N/A,N/A,N/A,Y,2022,N/A,이전값,TABLE_SERIES_LABEL,N/A,N/A,N/A,N/A,683600000000,N/A,N/A,N/A,값검증대기,TABLE_ONLY,HIGH,"READY:TRADE_OFFICIAL_SERIES; 잠긴 Codex 공통 골드에서 측정·검증 가능 판정, KOSIS MCP로 통계표명 재확인, 세부 항목·분류·실제값은 미확정.",https://kosis.kr/statHtml/statHtml.do?orgId=360&tblId=DT_1R11001_FRM101&vw_cd=MT_ZTITLE,2026-08-05T16:37:34+09:00,CODEX_COMMON_GOLD_V1+KOSIS_MCP_TABLE_INFO_200,N
A0006-CG0174,A0006-CG0174-m1,A0006,"2024년 수출, 6838억달러로 ‘역대 최대’ 경신",2025-01-01,https://www.chosun.com/economy/industry-company/2025/01/01/2UPTGREAPRAWRG4XUBRMLONSKY,"전년 대비 월간 수출 증가율은 8월(11%), 9월(7.5%), 10월(4.6%), 11월(1.4%)로 계속 감소 중이었으나, 12월에 6.6%로 반등에 성공한 것이다.",7.5%,KOSIS_VALUE,국내공식통계,codex_common_codebook,증감률,수출 증가율,수출 증가율,7.5,%,202409,M,Y,Y,Y,CODEBOOK_KOSIS,360,DT_1R11001_FRM101,"품목별 수출액, 수입액",N/A,N/A,N/A,N/A,M,202409,N/A,증감률,TABLE_SERIES_LABEL,N/A,N/A,N/A,N/A,7.5,N/A,N/A,N/A,값검증대기,TABLE_ONLY,HIGH,"READY:TRADE_OFFICIAL_SERIES; 잠긴 Codex 공통 골드에서 측정·검증 가능 판정, KOSIS MCP로 통계표명 재확인, 세부 항목·분류·실제값은 미확정.",https://kosis.kr/statHtml/statHtml.do?orgId=360&tblId=DT_1R11001_FRM101&vw_cd=MT_ZTITLE,2026-08-05T16:37:34+09:00,CODEX_COMMON_GOLD_V1+KOSIS_MCP_TABLE_INFO_200,N
A0006-CG0176,A0006-CG0176-m1,A0006,"2024년 수출, 6838억달러로 ‘역대 최대’ 경신",2025-01-01,https://www.chosun.com/economy/industry-company/2025/01/01/2UPTGREAPRAWRG4XUBRMLONSKY,"이에 따라 2024년 1~9월 기준(WTO)으로 전 세계 수출순위도 2023년 8위에서 두 단계 상승한 6위를 달성했으며, 상위 10대 수출국 중 가장 높은 수출증가율(+9.6%)을 기록했다.",+9.6%,KOSIS_VALUE,국내공식통계,codex_common_codebook,증감률,수출증가율,수출증가율,9.6,%,2024,Y,Y,Y,Y,CODEBOOK_KOSIS,360,DT_1R11001_FRM101,"품목별 수출액, 수입액",N/A,N/A,N/A,N/A,Y,2024,N/A,증감률,TABLE_SERIES_LABEL,N/A,N/A,N/A,N/A,9.6,N/A,N/A,N/A,값검증대기,TABLE_ONLY,HIGH,"READY:TRADE_OFFICIAL_SERIES; 잠긴 Codex 공통 골드에서 측정·검증 가능 판정, KOSIS MCP로 통계표명 재확인, 세부 항목·분류·실제값은 미확정.",https://kosis.kr/statHtml/statHtml.do?orgId=360&tblId=DT_1R11001_FRM101&vw_cd=MT_ZTITLE,2026-08-05T16:37:34+09:00,CODEX_COMMON_GOLD_V1+KOSIS_MCP_TABLE_INFO_200,N
A0006-CG0179,A0006-CG0179-m1,A0006,"2024년 수출, 6838억달러로 ‘역대 최대’ 경신",2025-01-01,https://www.chosun.com/economy/industry-company/2025/01/01/2UPTGREAPRAWRG4XUBRMLONSKY,"바이오헬스 수출은 바이오시밀러 등 의약품을 중심으로 전년 대비 13.1% 증가한 151억 달러를 기록했으며, 전 세계적으로 K푸드, K뷰티 선호가 확대되면서 농수산식품 수출은 117억 달러(7.6%), 화장품 수출(102억 달러, +20.6%)은 처음으로 100억 달러를 돌파하면서 역대 최대 수출실적을 경신했다.",102억 달러,KOSIS_VALUE,국내공식통계,codex_common_codebook,현재값,화장품 수출액,화장품,10200000000,달러,2024,Y,Y,Y,Y,CODEBOOK_KOSIS,360,DT_1R11001_FRM101,"품목별 수출액, 수입액",N/A,N/A,N/A,N/A,Y,2024,N/A,현재값,TABLE_SERIES_LABEL,N/A,N/A,N/A,N/A,10200000000,N/A,N/A,N/A,값검증대기,TABLE_ONLY,HIGH,"READY:TRADE_OFFICIAL_SERIES; 잠긴 Codex 공통 골드에서 측정·검증 가능 판정, KOSIS MCP로 통계표명 재확인, 세부 항목·분류·실제값은 미확정.",https://kosis.kr/statHtml/statHtml.do?orgId=360&tblId=DT_1R11001_FRM101&vw_cd=MT_ZTITLE,2026-08-05T16:37:34+09:00,CODEX_COMMON_GOLD_V1+KOSIS_MCP_TABLE_INFO_200,N
A0006-CG0180,A0006-CG0180-m1,A0006,"2024년 수출, 6838억달러로 ‘역대 최대’ 경신",2025-01-01,https://www.chosun.com/economy/industry-company/2025/01/01/2UPTGREAPRAWRG4XUBRMLONSKY,"바이오헬스 수출은 바이오시밀러 등 의약품을 중심으로 전년 대비 13.1% 증가한 151억 달러를 기록했으며, 전 세계적으로 K푸드, K뷰티 선호가 확대되면서 농수산식품 수출은 117억 달러(7.6%), 화장품 수출(102억 달러, +20.6%)은 처음으로 100억 달러를 돌파하면서 역대 최대 수출실적을 경신했다.",20.6%,KOSIS_VALUE,국내공식통계,codex_common_codebook,증감률,화장품 수출 증감률,화장품,20.6,%,2024,Y,Y,Y,Y,CODEBOOK_KOSIS,360,DT_1R11001_FRM101,"품목별 수출액, 수입액",N/A,N/A,N/A,N/A,Y,2024,N/A,증감률,TABLE_SERIES_LABEL,N/A,N/A,N/A,N/A,20.6,N/A,N/A,N/A,값검증대기,TABLE_ONLY,HIGH,"READY:TRADE_OFFICIAL_SERIES; 잠긴 Codex 공통 골드에서 측정·검증 가능 판정, KOSIS MCP로 통계표명 재확인, 세부 항목·분류·실제값은 미확정.",https://kosis.kr/statHtml/statHtml.do?orgId=360&tblId=DT_1R11001_FRM101&vw_cd=MT_ZTITLE,2026-08-05T16:37:34+09:00,CODEX_COMMON_GOLD_V1+KOSIS_MCP_TABLE_INFO_200,N
A0006-SP270B11DBD0,A0006-SP270B11DBD0-m1,A0006,"2024년 수출, 6838억달러로 ‘역대 최대’ 경신",2025-01-01,https://www.chosun.com/economy/industry-company/2025/01/01/2UPTGREAPRAWRG4XUBRMLONSKY,12월 수출도 한국의 최대 수출 품목인 반도체가 31.5% 증가한 145억 달러를 기록하며 호실적을 이끌었다.,31.5%,KOSIS_VALUE,국내공식통계,hcx,증감률,수출 증가율,반도체,31.5,%,202412,M,Y,Y,Y,FULL_KOSIS,127,DT_092_115_2009_S023,IT산업별/월별 수출 현황,13103131003T1,IT산업별/월별 수출 현황,13102131003A.AF11100000,반도체,M,202412,202312,증감률,YOY_FROM_LEVEL,달러,14511028387.0,11066415208.0,31.126729968615873,31.5,0.37327003138412707,1.1849842266162764,absolute_error<=0.5%p,일치,UNIQUE,HIGH,MCP 검색 1위이며 반도체 분류 코드가 직접 존재,https://kosis.kr/statHtml/statHtml.do?orgId=127&tblId=DT_092_115_2009_S023&vw_cd=MT_ZTITLE,2026-08-05T00:00:00+09:00,KOSIS_MCP_AUTO_V1,N
A0006-SP270B11DBD0,A0006-SP270B11DBD0-m2,A0006,"2024년 수출, 6838억달러로 ‘역대 최대’ 경신",2025-01-01,https://www.chosun.com/economy/industry-company/2025/01/01/2UPTGREAPRAWRG4XUBRMLONSKY,12월 수출도 한국의 최대 수출 품목인 반도체가 31.5% 증가한 145억 달러를 기록하며 호실적을 이끌었다.,145억 달러,KOSIS_VALUE,국내공식통계,hcx,현재값,수출액,반도체,14500000000.0,달러,202412,M,Y,Y,Y,FULL_KOSIS,127,DT_092_115_2009_S023,IT산업별/월별 수출 현황,13103131003T1,IT산업별/월별 수출 현황,13102131003A.AF11100000,반도체,M,202412,N/A,수준값,DIRECT,달러,14511028387.0,N/A,14511028387.0,14500000000.0,11028387.0,0.07605784137931035,relative_error<=0.5%,일치,UNIQUE,HIGH,MCP 검색 1위이며 반도체 분류 코드가 직접 존재,https://kosis.kr/statHtml/statHtml.do?orgId=127&tblId=DT_092_115_2009_S023&vw_cd=MT_ZTITLE,2026-08-05T00:00:00+09:00,KOSIS_MCP_AUTO_V1,N
A0006-SP382DCE21AF,A0006-SP382DCE21AF-m1,A0006,"2024년 수출, 6838억달러로 ‘역대 최대’ 경신",2025-01-01,https://www.chosun.com/economy/industry-company/2025/01/01/2UPTGREAPRAWRG4XUBRMLONSKY,한국의 2024년 수출이 6838억 달러를 기록해 역대 최대실적을 달성했다고 1일 산업통상자원부가 밝혔다.,6838억 달러,KOSIS_VALUE,국내공식통계,hcx,현재값,수출액,-,683800000000.0,달러,2024,Y,Y,Y,Y,FULL_KOSIS,360,DT_1R11001_FRM101,품목별 수출액 수입액,13103112831T1,수출액,13102112831A.A,총액,Y,2024,N/A,수준값,DIRECT,천달러,683609488.0,N/A,683609488000.0,683800000000.0,190512000.0,0.027860778005264698,relative_error<=0.5%,일치,ALTERNATE_RESOLVED,HIGH,MCP 총수출액 검색 1위; 국가별 표의 계와 값이 같은 공식 대체 좌표,https://kosis.kr/statHtml/statHtml.do?orgId=360&tblId=DT_1R11001_FRM101&vw_cd=MT_ZTITLE,2026-08-05T00:00:00+09:00,KOSIS_MCP_AUTO_V1,N
A0006-SP9282109973,A0006-SP9282109973-m2,A0006,"2024년 수출, 6838억달러로 ‘역대 최대’ 경신",2025-01-01,https://www.chosun.com/economy/industry-company/2025/01/01/2UPTGREAPRAWRG4XUBRMLONSKY,"◇반도체, 자동차가 이끌고 바이오, 농수산, 화장품 등도 고르게 증가 품목별로는 최대 수출품목인 반도체가 43.9% 증가한 1419억 달러를 기록, 2023년 11월 이후 14개월 연속 증가 흐름을 이어가면서 기존 최대 실적인 2022년 1292억 달러를 2년 만에 경신했다.",1419억 달러,KOSIS_VALUE,국내공식통계,hcx,현재값,반도체 수출액,반도체,141900000000.0,달러,2024,Y,Y,Y,Y,FULL_KOSIS,127,DT_127005_005,수출 및 수입액,T001,수출액,A020101,반도체,Y,2024,N/A,수준값,DIRECT,백만US$,142086.0,N/A,142086000000.0,141900000000.0,186000000.0,0.13107822410147993,relative_error<=0.5%,일치,UNIQUE,HIGH,MCP 메타에 반도체와 수출액 코드가 직접 존재,https://kosis.kr/statHtml/statHtml.do?orgId=127&tblId=DT_127005_005&vw_cd=MT_ZTITLE,2026-08-05T00:00:00+09:00,KOSIS_MCP_AUTO_V1,N
A0006-SP9461F3F4FE,A0006-SP9461F3F4FE-m2,A0006,"2024년 수출, 6838억달러로 ‘역대 최대’ 경신",2025-01-01,https://www.chosun.com/economy/industry-company/2025/01/01/2UPTGREAPRAWRG4XUBRMLONSKY,◇12월 수출 6.6% 늘어난 614억달러...수출 증가율 5개월 만에 반등 한편 이날 동시에 발표된 지난 12월 수출액은 614억달러로 전년 동월 대비 6.6% 증가했다.,6.6%,KOSIS_VALUE,국내공식통계,hcx,증감률,수출 증가율,-,6.6,%,2024,M,Y,Y,Y,FULL_KOSIS,360,DT_1R11001_FRM101,품목별 수출액 수입액,13103112831T1,수출액,13102112831A.A,총액,M,202412,202312,증감률,YOY_FROM_LEVEL,천달러,61359250.0,57573193.0,6.576076126262453,6.6,0.02392387373754623,0.36248293541736715,absolute_error<=0.5%p,일치,ALTERNATE_RESOLVED,HIGH,기사의 지난 12월을 202412로 정규화하고 전년동월 값으로 계산,https://kosis.kr/statHtml/statHtml.do?orgId=360&tblId=DT_1R11001_FRM101&vw_cd=MT_ZTITLE,2026-08-05T00:00:00+09:00,KOSIS_MCP_AUTO_V1,N
A0006-SPA4FBC97BC2,A0006-SPA4FBC97BC2-m5,A0006,"2024년 수출, 6838억달러로 ‘역대 최대’ 경신",2025-01-01,https://www.chosun.com/economy/industry-company/2025/01/01/2UPTGREAPRAWRG4XUBRMLONSKY,"바이오헬스 수출은 바이오시밀러 등 의약품을 중심으로 전년 대비 13.1% 증가한 151억 달러를 기록했으며, 전 세계적으로 K푸드, K뷰티 선호가 확대되면서 농수산식품 수출은 117억 달러(7.6%), 화장품 수출(102억 달러, +20.6%)은 처음으로 100억 달러를 돌파하면서 역대",102억 달러,KOSIS_VALUE,국내공식통계,hcx,현재값,화장품 수출액,화장품,10200000000.0,달러,2024,Y,Y,Y,Y,FULL_KOSIS,145,DT_145011_A006,화장품 수입 및 수출액 현황,T002,수출액,DATA,데이터,Y,2024,N/A,수준값,DIRECT,천$,10177312.0,N/A,10177312000.0,10200000000.0,22688000.0,0.2224313725490196,relative_error<=0.5%,일치,UNIQUE,HIGH,MCP 검증에서 화장품산업현황의 수출액 항목으로 확인,https://kosis.kr/statHtml/statHtml.do?orgId=145&tblId=DT_145011_A006&vw_cd=MT_ZTITLE,2026-08-05T00:00:00+09:00,KOSIS_MCP_AUTO_V1,N
A0009-CG0211,A0009-CG0211-m1,A0009,"승객 수는 더 많은 LCC, 정비사는 대형 항공사의 38%",2025-01-01,https://www.chosun.com/economy/industry-company/2025/01/01/PVCPHJRE7RDT7L2ZG2LDED5NNA,7 2023년 국적기로 국제선을 이용한 여객 4720만여 명 가운데 저비용항공사(LCC) 이용객이 2419만여 명으로 대형항공사(대한항공·아시아나항공) 이용객 2300만여 명을 처음으로 넘어섰다.,2300만여 명,KOSIS_VALUE,국내공식통계,codex_common_codebook,현재값,대형항공사 이용객 수,대형항공사 이용객 수,23000000,명,2023,Y,Y,Y,Y,CODEBOOK_KOSIS,381,DT_920005_B008,항공사별 통계,N/A,N/A,N/A,N/A,Y,2023,N/A,현재값,TABLE_SERIES_LABEL,N/A,N/A,N/A,N/A,23000000,N/A,N/A,N/A,값검증대기,TABLE_ONLY,HIGH,"READY:AVIATION_OFFICIAL_SERIES; 잠긴 Codex 공통 골드에서 측정·검증 가능 판정, KOSIS MCP로 통계표명 재확인, 세부 항목·분류·실제값은 미확정.",https://kosis.kr/statHtml/statHtml.do?orgId=381&tblId=DT_920005_B008&vw_cd=MT_ZTITLE,2026-08-05T16:37:34+09:00,CODEX_COMMON_GOLD_V1+KOSIS_MCP_TABLE_INFO_200,N
A0009-CG0212,A0009-CG0212-m1,A0009,"승객 수는 더 많은 LCC, 정비사는 대형 항공사의 38%",2025-01-01,https://www.chosun.com/economy/industry-company/2025/01/01/PVCPHJRE7RDT7L2ZG2LDED5NNA,7 2023년 국적기로 국제선을 이용한 여객 4720만여 명 가운데 저비용항공사(LCC) 이용객이 2419만여 명으로 대형항공사(대한항공·아시아나항공) 이용객 2300만여 명을 처음으로 넘어섰다.,2419만여 명,KOSIS_VALUE,국내공식통계,codex_common_codebook,현재값,LCC 이용객 수,LCC,24190000,명,2023,Y,Y,Y,Y,CODEBOOK_KOSIS,381,DT_920005_B008,항공사별 통계,N/A,N/A,N/A,N/A,Y,2023,N/A,현재값,TABLE_SERIES_LABEL,N/A,N/A,N/A,N/A,24190000,N/A,N/A,N/A,값검증대기,TABLE_ONLY,HIGH,"READY:AVIATION_OFFICIAL_SERIES; 잠긴 Codex 공통 골드에서 측정·검증 가능 판정, KOSIS MCP로 통계표명 재확인, 세부 항목·분류·실제값은 미확정.",https://kosis.kr/statHtml/statHtml.do?orgId=381&tblId=DT_920005_B008&vw_cd=MT_ZTITLE,2026-08-05T16:37:34+09:00,CODEX_COMMON_GOLD_V1+KOSIS_MCP_TABLE_INFO_200,N
A0009-CG0213,A0009-CG0213-m1,A0009,"승객 수는 더 많은 LCC, 정비사는 대형 항공사의 38%",2025-01-01,https://www.chosun.com/economy/industry-company/2025/01/01/PVCPHJRE7RDT7L2ZG2LDED5NNA,7 2023년 국적기로 국제선을 이용한 여객 4720만여 명 가운데 저비용항공사(LCC) 이용객이 2419만여 명으로 대형항공사(대한항공·아시아나항공) 이용객 2300만여 명을 처음으로 넘어섰다.,4720만여 명,KOSIS_VALUE,국내공식통계,codex_common_codebook,현재값,국제선 이용객 수,"LCC, 대형항공사",47200000,명,2023,Y,Y,Y,Y,CODEBOOK_KOSIS,381,DT_920005_B008,항공사별 통계,N/A,N/A,N/A,N/A,Y,2023,N/A,현재값,TABLE_SERIES_LABEL,N/A,N/A,N/A,N/A,47200000,N/A,N/A,N/A,값검증대기,TABLE_ONLY,HIGH,"READY:AVIATION_OFFICIAL_SERIES; 잠긴 Codex 공통 골드에서 측정·검증 가능 판정, KOSIS MCP로 통계표명 재확인, 세부 항목·분류·실제값은 미확정.",https://kosis.kr/statHtml/statHtml.do?orgId=381&tblId=DT_920005_B008&vw_cd=MT_ZTITLE,2026-08-05T16:37:34+09:00,CODEX_COMMON_GOLD_V1+KOSIS_MCP_TABLE_INFO_200,N
A0009-CG0214,A0009-CG0214-m1,A0009,"승객 수는 더 많은 LCC, 정비사는 대형 항공사의 38%",2025-01-01,https://www.chosun.com/economy/industry-company/2025/01/01/PVCPHJRE7RDT7L2ZG2LDED5NNA,7 2023년 국적기로 국제선을 이용한 여객 4720만여 명 가운데 저비용항공사(LCC) 이용객이 2419만여 명으로 대형항공사(대한항공·아시아나항공) 이용객 2300만여 명을 처음으로 넘어섰다.,4720만여 명,KOSIS_VALUE,국내공식통계,codex_common_codebook,현재값,국제선 여객 수,국제선 여객 수,47200000,명,2023,Y,Y,Y,Y,CODEBOOK_KOSIS,381,DT_920005_B008,항공사별 통계,N/A,N/A,N/A,N/A,Y,2023,N/A,현재값,TABLE_SERIES_LABEL,N/A,N/A,N/A,N/A,47200000,N/A,N/A,N/A,값검증대기,TABLE_ONLY,HIGH,"READY:AVIATION_OFFICIAL_SERIES; 잠긴 Codex 공통 골드에서 측정·검증 가능 판정, KOSIS MCP로 통계표명 재확인, 세부 항목·분류·실제값은 미확정.",https://kosis.kr/statHtml/statHtml.do?orgId=381&tblId=DT_920005_B008&vw_cd=MT_ZTITLE,2026-08-05T16:37:34+09:00,CODEX_COMMON_GOLD_V1+KOSIS_MCP_TABLE_INFO_200,N
A0009-CG0216,A0009-CG0216-m1,A0009,"승객 수는 더 많은 LCC, 정비사는 대형 항공사의 38%",2025-01-01,https://www.chosun.com/economy/industry-company/2025/01/01/PVCPHJRE7RDT7L2ZG2LDED5NNA,"이를 각 사의 항공기 보유 대수로 나눠보면, 대형항공사들은 대당 16~18명 수준의 정비사를 보유하고 있지만 LCC는 10.6명이었다.",16명,KOSIS_VALUE,국내공식통계,codex_common_codebook,현재값,정비사 보유 비율,대형항공사,16,명,2023,Y,Y,Y,Y,CODEBOOK_KOSIS,444,DT_444002_N2023A006,직무별 종사자 현황,N/A,N/A,N/A,N/A,Y,2023,N/A,현재값,TABLE_SERIES_LABEL,N/A,N/A,N/A,N/A,16,N/A,N/A,N/A,값검증대기,TABLE_ONLY,HIGH,"READY:AVIATION_OFFICIAL_SERIES; 잠긴 Codex 공통 골드에서 측정·검증 가능 판정, KOSIS MCP로 통계표명 재확인, 세부 항목·분류·실제값은 미확정.",https://kosis.kr/statHtml/statHtml.do?orgId=444&tblId=DT_444002_N2023A006&vw_cd=MT_ZTITLE,2026-08-05T16:37:34+09:00,CODEX_COMMON_GOLD_V1+KOSIS_MCP_TABLE_INFO_200,N
A0009-CG0217,A0009-CG0217-m1,A0009,"승객 수는 더 많은 LCC, 정비사는 대형 항공사의 38%",2025-01-01,https://www.chosun.com/economy/industry-company/2025/01/01/PVCPHJRE7RDT7L2ZG2LDED5NNA,"이를 각 사의 항공기 보유 대수로 나눠보면, 대형항공사들은 대당 16~18명 수준의 정비사를 보유하고 있지만 LCC는 10.6명이었다.",18명,KOSIS_VALUE,국내공식통계,codex_common_codebook,현재값,정비사 보유 비율,대형항공사,18,명,2023,Y,Y,Y,Y,CODEBOOK_KOSIS,444,DT_444002_N2023A006,직무별 종사자 현황,N/A,N/A,N/A,N/A,Y,2023,N/A,현재값,TABLE_SERIES_LABEL,N/A,N/A,N/A,N/A,18,N/A,N/A,N/A,값검증대기,TABLE_ONLY,HIGH,"READY:AVIATION_OFFICIAL_SERIES; 잠긴 Codex 공통 골드에서 측정·검증 가능 판정, KOSIS MCP로 통계표명 재확인, 세부 항목·분류·실제값은 미확정.",https://kosis.kr/statHtml/statHtml.do?orgId=444&tblId=DT_444002_N2023A006&vw_cd=MT_ZTITLE,2026-08-05T16:37:34+09:00,CODEX_COMMON_GOLD_V1+KOSIS_MCP_TABLE_INFO_200,N
A0009-CG0218,A0009-CG0218-m1,A0009,"승객 수는 더 많은 LCC, 정비사는 대형 항공사의 38%",2025-01-01,https://www.chosun.com/economy/industry-company/2025/01/01/PVCPHJRE7RDT7L2ZG2LDED5NNA,"◇급성장한 LCC, 안전 투자는 미흡 국토교통부가 지난해 9월 발표한 ‘2023 항공안전백서’에 따르면, 국내 12개 항공사의 정비사 총 5849명(2023년말 기준) 가운데 대형 항공사인 대한항공, 아시아나항공 등 2사 소속은 4248명이었다. 제주항공·진에어 등 LCC 10사의 정비사는 모두 1601명으로, 대형항공사의 3분의 1 수준(37.7%)에 그쳤다.",4248명,KOSIS_VALUE,국내공식통계,codex_common_codebook,현재값,대형 항공사 정비사 수,항공,4248,명,2023,Y,Y,Y,Y,CODEBOOK_KOSIS,444,DT_444002_N2023A006,직무별 종사자 현황,N/A,N/A,N/A,N/A,Y,2023,N/A,현재값,TABLE_SERIES_LABEL,N/A,N/A,N/A,N/A,4248,N/A,N/A,N/A,값검증대기,TABLE_ONLY,HIGH,"READY:AVIATION_OFFICIAL_SERIES; 잠긴 Codex 공통 골드에서 측정·검증 가능 판정, KOSIS MCP로 통계표명 재확인, 세부 항목·분류·실제값은 미확정.",https://kosis.kr/statHtml/statHtml.do?orgId=444&tblId=DT_444002_N2023A006&vw_cd=MT_ZTITLE,2026-08-05T16:37:34+09:00,CODEX_COMMON_GOLD_V1+KOSIS_MCP_TABLE_INFO_200,N
A0009-CG0220,A0009-CG0220-m1,A0009,"승객 수는 더 많은 LCC, 정비사는 대형 항공사의 38%",2025-01-01,https://www.chosun.com/economy/industry-company/2025/01/01/PVCPHJRE7RDT7L2ZG2LDED5NNA,"이를 각 사의 항공기 보유 대수로 나눠보면, 대형항공사들은 대당 16~18명 수준의 정비사를 보유하고 있지만 LCC는 10.6명이었다.",10.6명,KOSIS_VALUE,국내공식통계,codex_common_codebook,현재값,정비사 보유 비율,LCC,10.6,명,2023,Y,Y,Y,Y,CODEBOOK_KOSIS,444,DT_444002_N2023A006,직무별 종사자 현황,N/A,N/A,N/A,N/A,Y,2023,N/A,현재값,TABLE_SERIES_LABEL,N/A,N/A,N/A,N/A,10.6,N/A,N/A,N/A,값검증대기,TABLE_ONLY,HIGH,"READY:AVIATION_OFFICIAL_SERIES; 잠긴 Codex 공통 골드에서 측정·검증 가능 판정, KOSIS MCP로 통계표명 재확인, 세부 항목·분류·실제값은 미확정.",https://kosis.kr/statHtml/statHtml.do?orgId=444&tblId=DT_444002_N2023A006&vw_cd=MT_ZTITLE,2026-08-05T16:37:34+09:00,CODEX_COMMON_GOLD_V1+KOSIS_MCP_TABLE_INFO_200,N
A0009-CG0221,A0009-CG0221-m1,A0009,"승객 수는 더 많은 LCC, 정비사는 대형 항공사의 38%",2025-01-01,https://www.chosun.com/economy/industry-company/2025/01/01/PVCPHJRE7RDT7L2ZG2LDED5NNA,"◇급성장한 LCC, 안전 투자는 미흡 국토교통부가 지난해 9월 발표한 ‘2023 항공안전백서’에 따르면, 국내 12개 항공사의 정비사 총 5849명(2023년말 기준) 가운데 대형 항공사인 대한항공, 아시아나항공 등 2사 소속은 4248명이었다. 제주항공·진에어 등 LCC 10사의 정비사는 모두 1601명으로, 대형항공사의 3분의 1 수준(37.7%)에 그쳤다.",1601명,KOSIS_VALUE,국내공식통계,codex_common_codebook,현재값,LCC 정비사 수,항공,1601,명,2023,Y,Y,Y,Y,CODEBOOK_KOSIS,444,DT_444002_N2023A006,직무별 종사자 현황,N/A,N/A,N/A,N/A,Y,2023,N/A,현재값,TABLE_SERIES_LABEL,N/A,N/A,N/A,N/A,1601,N/A,N/A,N/A,값검증대기,TABLE_ONLY,HIGH,"READY:AVIATION_OFFICIAL_SERIES; 잠긴 Codex 공통 골드에서 측정·검증 가능 판정, KOSIS MCP로 통계표명 재확인, 세부 항목·분류·실제값은 미확정.",https://kosis.kr/statHtml/statHtml.do?orgId=444&tblId=DT_444002_N2023A006&vw_cd=MT_ZTITLE,2026-08-05T16:37:34+09:00,CODEX_COMMON_GOLD_V1+KOSIS_MCP_TABLE_INFO_200,N
A0009-CG0224,A0009-CG0224-m1,A0009,"승객 수는 더 많은 LCC, 정비사는 대형 항공사의 38%",2025-01-01,https://www.chosun.com/economy/industry-company/2025/01/01/PVCPHJRE7RDT7L2ZG2LDED5NNA,"◇급성장한 LCC, 안전 투자는 미흡 국토교통부가 지난해 9월 발표한 ‘2023 항공안전백서’에 따르면, 국내 12개 항공사의 정비사 총 5849명(2023년말 기준) 가운데 대형 항공사인 대한항공, 아시아나항공 등 2사 소속은 4248명이었다. 제주항공·진에어 등 LCC 10사의 정비사는 모두 1601명으로, 대형항공사의 3분의 1 수준(37.7%)에 그쳤다.",37.7%,KOSIS_VALUE,국내공식통계,codex_common_codebook,현재값,LCC 정비사 비율,항공,37.7,%,2023,Y,Y,Y,Y,CODEBOOK_KOSIS,444,DT_444002_N2023A006,직무별 종사자 현황,N/A,N/A,N/A,N/A,Y,2023,N/A,현재값,TABLE_SERIES_LABEL,N/A,N/A,N/A,N/A,37.7,N/A,N/A,N/A,값검증대기,TABLE_ONLY,HIGH,"READY:AVIATION_OFFICIAL_SERIES; 잠긴 Codex 공통 골드에서 측정·검증 가능 판정, KOSIS MCP로 통계표명 재확인, 세부 항목·분류·실제값은 미확정.",https://kosis.kr/statHtml/statHtml.do?orgId=444&tblId=DT_444002_N2023A006&vw_cd=MT_ZTITLE,2026-08-05T16:37:34+09:00,CODEX_COMMON_GOLD_V1+KOSIS_MCP_TABLE_INFO_200,N
A0009-CG0227,A0009-CG0227-m1,A0009,"승객 수는 더 많은 LCC, 정비사는 대형 항공사의 38%",2025-01-01,https://www.chosun.com/economy/industry-company/2025/01/01/PVCPHJRE7RDT7L2ZG2LDED5NNA,정부가 내세운 기준은 항공기 1대당 정비사 12명(당시 9~11명)이었다.,11명,KOSIS_VALUE,국내공식통계,codex_common_codebook,현재값,정비사 비율,항공,11,명,2023,Y,Y,Y,Y,CODEBOOK_KOSIS,444,DT_444002_N2023A006,직무별 종사자 현황,N/A,N/A,N/A,N/A,Y,2023,N/A,현재값,TABLE_SERIES_LABEL,N/A,N/A,N/A,N/A,11,N/A,N/A,N/A,값검증대기,TABLE_ONLY,HIGH,"READY:AVIATION_OFFICIAL_SERIES; 잠긴 Codex 공통 골드에서 측정·검증 가능 판정, KOSIS MCP로 통계표명 재확인, 세부 항목·분류·실제값은 미확정.",https://kosis.kr/statHtml/statHtml.do?orgId=444&tblId=DT_444002_N2023A006&vw_cd=MT_ZTITLE,2026-08-05T16:37:34+09:00,CODEX_COMMON_GOLD_V1+KOSIS_MCP_TABLE_INFO_200,N
A0009-CG0229,A0009-CG0229-m1,A0009,"승객 수는 더 많은 LCC, 정비사는 대형 항공사의 38%",2025-01-01,https://www.chosun.com/economy/industry-company/2025/01/01/PVCPHJRE7RDT7L2ZG2LDED5NNA,정부가 내세운 기준은 항공기 1대당 정비사 12명(당시 9~11명)이었다.,항공기 1대당 정비사 12명,KOSIS_VALUE,국내공식통계,codex_common_codebook,참고값,정비사 비율,항공기,12,명,2023,Y,Y,Y,Y,CODEBOOK_KOSIS,444,DT_444002_N2023A006,직무별 종사자 현황,N/A,N/A,N/A,N/A,Y,2023,N/A,참고값,TABLE_SERIES_LABEL,N/A,N/A,N/A,N/A,12,N/A,N/A,N/A,값검증대기,TABLE_ONLY,HIGH,"READY:AVIATION_OFFICIAL_SERIES; 잠긴 Codex 공통 골드에서 측정·검증 가능 판정, KOSIS MCP로 통계표명 재확인, 세부 항목·분류·실제값은 미확정.",https://kosis.kr/statHtml/statHtml.do?orgId=444&tblId=DT_444002_N2023A006&vw_cd=MT_ZTITLE,2026-08-05T16:37:34+09:00,CODEX_COMMON_GOLD_V1+KOSIS_MCP_TABLE_INFO_200,N
A0009-CG0231,A0009-CG0231-m1,A0009,"승객 수는 더 많은 LCC, 정비사는 대형 항공사의 38%",2025-01-01,https://www.chosun.com/economy/industry-company/2025/01/01/PVCPHJRE7RDT7L2ZG2LDED5NNA,"◇급성장한 LCC, 안전 투자는 미흡 국토교통부가 지난해 9월 발표한 ‘2023 항공안전백서’에 따르면, 국내 12개 항공사의 정비사 총 5849명(2023년말 기준) 가운데 대형 항공사인 대한항공, 아시아나항공 등 2사 소속은 4248명이었다.",4248명,KOSIS_VALUE,국내공식통계,codex_common_codebook,현재값,정비사 수,정비사 수,4248,명,2023,Y,Y,Y,Y,CODEBOOK_KOSIS,444,DT_444002_N2023A006,직무별 종사자 현황,N/A,N/A,N/A,N/A,Y,2023,N/A,현재값,TABLE_SERIES_LABEL,N/A,N/A,N/A,N/A,4248,N/A,N/A,N/A,값검증대기,TABLE_ONLY,HIGH,"READY:AVIATION_OFFICIAL_SERIES; 잠긴 Codex 공통 골드에서 측정·검증 가능 판정, KOSIS MCP로 통계표명 재확인, 세부 항목·분류·실제값은 미확정.",https://kosis.kr/statHtml/statHtml.do?orgId=444&tblId=DT_444002_N2023A006&vw_cd=MT_ZTITLE,2026-08-05T16:37:34+09:00,CODEX_COMMON_GOLD_V1+KOSIS_MCP_TABLE_INFO_200,N
A0009-CG0234,A0009-CG0234-m1,A0009,"승객 수는 더 많은 LCC, 정비사는 대형 항공사의 38%",2025-01-01,https://www.chosun.com/economy/industry-company/2025/01/01/PVCPHJRE7RDT7L2ZG2LDED5NNA,"◇급성장한 LCC, 안전 투자는 미흡 국토교통부가 지난해 9월 발표한 ‘2023 항공안전백서’에 따르면, 국내 12개 항공사의 정비사 총 5849명(2023년말 기준) 가운데 대형 항공사인 대한항공, 아시아나항공 등 2사 소속은 4248명이었다. 제주항공·진에어 등 LCC 10사의 정비사는 모두 1601명으로, 대형항공사의 3분의 1 수준(37.7%)에 그쳤다.",5849명,KOSIS_VALUE,국내공식통계,codex_common_codebook,현재값,정비사 총수,항공,5849,명,2023,Y,Y,Y,Y,CODEBOOK_KOSIS,444,DT_444002_N2023A006,직무별 종사자 현황,N/A,N/A,N/A,N/A,Y,2023,N/A,현재값,TABLE_SERIES_LABEL,N/A,N/A,N/A,N/A,5849,N/A,N/A,N/A,값검증대기,TABLE_ONLY,HIGH,"READY:AVIATION_OFFICIAL_SERIES; 잠긴 Codex 공통 골드에서 측정·검증 가능 판정, KOSIS MCP로 통계표명 재확인, 세부 항목·분류·실제값은 미확정.",https://kosis.kr/statHtml/statHtml.do?orgId=444&tblId=DT_444002_N2023A006&vw_cd=MT_ZTITLE,2026-08-05T16:37:34+09:00,CODEX_COMMON_GOLD_V1+KOSIS_MCP_TABLE_INFO_200,N
A0009-CG0235,A0009-CG0235-m1,A0009,"승객 수는 더 많은 LCC, 정비사는 대형 항공사의 38%",2025-01-01,https://www.chosun.com/economy/industry-company/2025/01/01/PVCPHJRE7RDT7L2ZG2LDED5NNA,정부가 내세운 기준은 항공기 1대당 정비사 12명(당시 9~11명)이었다.,당시 9~11명,KOSIS_VALUE,국내공식통계,codex_common_codebook,참고값,정비사 비율,항공기,9,명,2023,Y,Y,Y,Y,CODEBOOK_KOSIS,444,DT_444002_N2023A006,직무별 종사자 현황,N/A,N/A,N/A,N/A,Y,2023,N/A,참고값,TABLE_SERIES_LABEL,N/A,N/A,N/A,N/A,9,N/A,N/A,N/A,값검증대기,TABLE_ONLY,HIGH,"READY:AVIATION_OFFICIAL_SERIES; 잠긴 Codex 공통 골드에서 측정·검증 가능 판정, KOSIS MCP로 통계표명 재확인, 세부 항목·분류·실제값은 미확정.",https://kosis.kr/statHtml/statHtml.do?orgId=444&tblId=DT_444002_N2023A006&vw_cd=MT_ZTITLE,2026-08-05T16:37:34+09:00,CODEX_COMMON_GOLD_V1+KOSIS_MCP_TABLE_INFO_200,N
A0012-C009,A0012-C009-m2,A0012,조선업 산업기술인력 9년 만에 다시 상승세,2025-01-01,https://www.chosun.com/economy/industry-company/2025/01/01/VR4RUPY3CFEGZGFC5M4JPY5SDE,조선 산업기술인력 중 외국인은 2022년 877명에서 2023년 2563명으로 3배 가까이 늘었다.,2563명,KOSIS_VALUE,국내공식통계,hcx,현재값,조선 산업기술인력 중 외국인 수,조선업,2563,명,2023,Y,N,Y,N,MCP_NOT_VERIFIABLE,N/A,N/A,N/A,N/A,N/A,N/A,N/A,N/A,N/A,N/A,N/A,N/A,N/A,N/A,N/A,N/A,N/A,N/A,N/A,N/A,판단불가,NOT_APPLICABLE,HIGH,검색된 산업기술인력 표는 지역축만 제공해 전국 조선업 외국인 수를 직접 고정할 수 없음.,N/A,2026-08-05T15:45:28+09:00,KOSIS_MCP_AUTO_V3,N
A0012-CG0253,A0012-CG0253-m1,A0012,조선업 산업기술인력 9년 만에 다시 상승세,2025-01-01,https://www.chosun.com/economy/industry-company/2025/01/01/VR4RUPY3CFEGZGFC5M4JPY5SDE,이들이 차지하는 비율도 같은 기간 1.5%에서 4.4%로 증가했다.,1.5%,KOSIS_VALUE,국내공식통계,codex_common_codebook,증감률,조선 산업기술인력 중 외국인의 비율,조선업,1.5,%,2022,Y,Y,Y,Y,CODEBOOK_KOSIS,115,DT_115_2012_AA001,"산업별(중분류) 현재인원(성별, 고용형태별 등)",N/A,N/A,N/A,N/A,Y,2022,N/A,증감률,TABLE_SERIES_LABEL,N/A,N/A,N/A,N/A,1.5,N/A,N/A,N/A,값검증대기,TABLE_ONLY,HIGH,"READY:INDUSTRIAL_WORKFORCE_SURVEY; 잠긴 Codex 공통 골드에서 측정·검증 가능 판정, KOSIS MCP로 통계표명 재확인, 세부 항목·분류·실제값은 미확정.",https://kosis.kr/statHtml/statHtml.do?orgId=115&tblId=DT_115_2012_AA001&vw_cd=MT_ZTITLE,2026-08-05T16:37:34+09:00,CODEX_COMMON_GOLD_V1+KOSIS_MCP_TABLE_INFO_200,N
A0012-CG0256,A0012-CG0256-m1,A0012,조선업 산업기술인력 9년 만에 다시 상승세,2025-01-01,https://www.chosun.com/economy/industry-company/2025/01/01/VR4RUPY3CFEGZGFC5M4JPY5SDE,이들이 차지하는 비율도 같은 기간 1.5%에서 4.4%로 증가했다.,4.4%,KOSIS_VALUE,국내공식통계,codex_common_codebook,증감률,조선 산업기술인력 중 외국인의 비율,조선업,4.4,%,2023,Y,Y,Y,Y,CODEBOOK_KOSIS,115,DT_115_2012_AA001,"산업별(중분류) 현재인원(성별, 고용형태별 등)",N/A,N/A,N/A,N/A,Y,2023,N/A,증감률,TABLE_SERIES_LABEL,N/A,N/A,N/A,N/A,4.4,N/A,N/A,N/A,값검증대기,TABLE_ONLY,HIGH,"READY:INDUSTRIAL_WORKFORCE_SURVEY; 잠긴 Codex 공통 골드에서 측정·검증 가능 판정, KOSIS MCP로 통계표명 재확인, 세부 항목·분류·실제값은 미확정.",https://kosis.kr/statHtml/statHtml.do?orgId=115&tblId=DT_115_2012_AA001&vw_cd=MT_ZTITLE,2026-08-05T16:37:34+09:00,CODEX_COMMON_GOLD_V1+KOSIS_MCP_TABLE_INFO_200,N
A0012-CG0257,A0012-CG0257-m1,A0012,조선업 산업기술인력 9년 만에 다시 상승세,2025-01-01,https://www.chosun.com/economy/industry-company/2025/01/01/VR4RUPY3CFEGZGFC5M4JPY5SDE,조선 산업기술인력 중 외국인은 2022년 877명에서 2023년 2563명으로 3배 가까이 늘었다.,877명,KOSIS_VALUE,국내공식통계,codex_common_codebook,이전값,조선 산업기술인력 중 외국인 수,조선업,877,명,2022,Y,Y,Y,Y,CODEBOOK_KOSIS,115,DT_115_2012_AA001,"산업별(중분류) 현재인원(성별, 고용형태별 등)",N/A,N/A,N/A,N/A,Y,2022,N/A,이전값,TABLE_SERIES_LABEL,N/A,N/A,N/A,N/A,877,N/A,N/A,N/A,값검증대기,TABLE_ONLY,HIGH,"READY:INDUSTRIAL_WORKFORCE_SURVEY; 잠긴 Codex 공통 골드에서 측정·검증 가능 판정, KOSIS MCP로 통계표명 재확인, 세부 항목·분류·실제값은 미확정.",https://kosis.kr/statHtml/statHtml.do?orgId=115&tblId=DT_115_2012_AA001&vw_cd=MT_ZTITLE,2026-08-05T16:37:34+09:00,CODEX_COMMON_GOLD_V1+KOSIS_MCP_TABLE_INFO_200,N
A0012-CG0258,A0012-CG0258-m1,A0012,조선업 산업기술인력 9년 만에 다시 상승세,2025-01-01,https://www.chosun.com/economy/industry-company/2025/01/01/VR4RUPY3CFEGZGFC5M4JPY5SDE,한편 이번 조사에서 우리나라 전체 산업기술인력 규모는 171만6846명으로 전년 대비 1% 증가한 것으로 나타났다.,171만6846명,KOSIS_VALUE,국내공식통계,codex_common_codebook,현재값,우리나라 전체 산업기술인력 규모,우리나라 전체 산업기술인력 규모,1716846,명,2023,Y,Y,Y,Y,CODEBOOK_KOSIS,115,DT_115_2012_AA001,"산업별(중분류) 현재인원(성별, 고용형태별 등)",N/A,N/A,N/A,N/A,Y,2023,N/A,현재값,TABLE_SERIES_LABEL,N/A,N/A,N/A,N/A,1716846,N/A,N/A,N/A,값검증대기,TABLE_ONLY,HIGH,"READY:INDUSTRIAL_WORKFORCE_SURVEY; 잠긴 Codex 공통 골드에서 측정·검증 가능 판정, KOSIS MCP로 통계표명 재확인, 세부 항목·분류·실제값은 미확정.",https://kosis.kr/statHtml/statHtml.do?orgId=115&tblId=DT_115_2012_AA001&vw_cd=MT_ZTITLE,2026-08-05T16:37:34+09:00,CODEX_COMMON_GOLD_V1+KOSIS_MCP_TABLE_INFO_200,N
A0012-CG0259,A0012-CG0259-m1,A0012,조선업 산업기술인력 9년 만에 다시 상승세,2025-01-01,https://www.chosun.com/economy/industry-company/2025/01/01/VR4RUPY3CFEGZGFC5M4JPY5SDE,한편 이번 조사에서 우리나라 전체 산업기술인력 규모는 171만6846명으로 전년 대비 1% 증가한 것으로 나타났다.,1%,KOSIS_VALUE,국내공식통계,codex_common_codebook,증감률,우리나라 전체 산업기술인력 증가율,우리나라 전체 산업기술인력 증가율,1,%,2023,Y,Y,Y,Y,CODEBOOK_KOSIS,115,DT_115_2012_AA001,"산업별(중분류) 현재인원(성별, 고용형태별 등)",N/A,N/A,N/A,N/A,Y,2023,N/A,증감률,TABLE_SERIES_LABEL,N/A,N/A,N/A,N/A,1,N/A,N/A,N/A,값검증대기,TABLE_ONLY,HIGH,"READY:INDUSTRIAL_WORKFORCE_SURVEY; 잠긴 Codex 공통 골드에서 측정·검증 가능 판정, KOSIS MCP로 통계표명 재확인, 세부 항목·분류·실제값은 미확정.",https://kosis.kr/statHtml/statHtml.do?orgId=115&tblId=DT_115_2012_AA001&vw_cd=MT_ZTITLE,2026-08-05T16:37:34+09:00,CODEX_COMMON_GOLD_V1+KOSIS_MCP_TABLE_INFO_200,N
A0012-CG0260,A0012-CG0260-m1,A0012,조선업 산업기술인력 9년 만에 다시 상승세,2025-01-01,https://www.chosun.com/economy/industry-company/2025/01/01/VR4RUPY3CFEGZGFC5M4JPY5SDE,31일 산업통상자원부의 ‘산업기술인력 수급 실태조사’에 따르면 지난 2023년 말 조선 산업기술인력은 5만8528명으로 전년인 2022년 대비 0.8% 증가했다.,0.8%,KOSIS_VALUE,국내공식통계,codex_common_codebook,증감률,조선 산업기술인력 증가율,조선업,0.8,%,2022,Y,Y,Y,Y,CODEBOOK_KOSIS,115,DT_115_2012_AA001,"산업별(중분류) 현재인원(성별, 고용형태별 등)",N/A,N/A,N/A,N/A,Y,2022,N/A,증감률,TABLE_SERIES_LABEL,N/A,N/A,N/A,N/A,0.8,N/A,N/A,N/A,값검증대기,TABLE_ONLY,HIGH,"READY:INDUSTRIAL_WORKFORCE_SURVEY; 잠긴 Codex 공통 골드에서 측정·검증 가능 판정, KOSIS MCP로 통계표명 재확인, 세부 항목·분류·실제값은 미확정.",https://kosis.kr/statHtml/statHtml.do?orgId=115&tblId=DT_115_2012_AA001&vw_cd=MT_ZTITLE,2026-08-05T16:37:34+09:00,CODEX_COMMON_GOLD_V1+KOSIS_MCP_TABLE_INFO_200,N
A0012-CG0261,A0012-CG0261-m1,A0012,조선업 산업기술인력 9년 만에 다시 상승세,2025-01-01,https://www.chosun.com/economy/industry-company/2025/01/01/VR4RUPY3CFEGZGFC5M4JPY5SDE,본래 조선업의 산업기술인력은 2014년 6만9766명에서 2022년 5만8042명까지 꾸준히 하락해 1만명 넘게 줄어든 상태였는데 이 수가 500명 가까이 늘어난 것이다.,1만명,KOSIS_VALUE,국내공식통계,codex_common_codebook,현재값,조선업 산업기술인력 감소폭,조선업,10000,명,2022,Y,Y,Y,Y,CODEBOOK_KOSIS,115,DT_115_2012_AA001,"산업별(중분류) 현재인원(성별, 고용형태별 등)",N/A,N/A,N/A,N/A,Y,2022,N/A,현재값,TABLE_SERIES_LABEL,N/A,N/A,N/A,N/A,10000,N/A,N/A,N/A,값검증대기,TABLE_ONLY,HIGH,"READY:INDUSTRIAL_WORKFORCE_SURVEY; 잠긴 Codex 공통 골드에서 측정·검증 가능 판정, KOSIS MCP로 통계표명 재확인, 세부 항목·분류·실제값은 미확정.",https://kosis.kr/statHtml/statHtml.do?orgId=115&tblId=DT_115_2012_AA001&vw_cd=MT_ZTITLE,2026-08-05T16:37:34+09:00,CODEX_COMMON_GOLD_V1+KOSIS_MCP_TABLE_INFO_200,N
A0012-CG0264,A0012-CG0264-m1,A0012,조선업 산업기술인력 9년 만에 다시 상승세,2025-01-01,https://www.chosun.com/economy/industry-company/2025/01/01/VR4RUPY3CFEGZGFC5M4JPY5SDE,본래 조선업의 산업기술인력은 2014년 6만9766명에서 2022년 5만8042명까지 꾸준히 하락해 1만명 넘게 줄어든 상태였는데 이 수가 500명 가까이 늘어난 것이다.,500명,KOSIS_VALUE,국내공식통계,codex_common_codebook,증감량,조선업 산업기술인력 증가폭,조선업,500,명,2023,Y,Y,Y,Y,CODEBOOK_KOSIS,115,DT_115_2012_AA001,"산업별(중분류) 현재인원(성별, 고용형태별 등)",N/A,N/A,N/A,N/A,Y,2023,N/A,증감량,TABLE_SERIES_LABEL,N/A,N/A,N/A,N/A,500,N/A,N/A,N/A,값검증대기,TABLE_ONLY,HIGH,"READY:INDUSTRIAL_WORKFORCE_SURVEY; 잠긴 Codex 공통 골드에서 측정·검증 가능 판정, KOSIS MCP로 통계표명 재확인, 세부 항목·분류·실제값은 미확정.",https://kosis.kr/statHtml/statHtml.do?orgId=115&tblId=DT_115_2012_AA001&vw_cd=MT_ZTITLE,2026-08-05T16:37:34+09:00,CODEX_COMMON_GOLD_V1+KOSIS_MCP_TABLE_INFO_200,N
A0012-CG0265,A0012-CG0265-m1,A0012,조선업 산업기술인력 9년 만에 다시 상승세,2025-01-01,https://www.chosun.com/economy/industry-company/2025/01/01/VR4RUPY3CFEGZGFC5M4JPY5SDE,본래 조선업의 산업기술인력은 2014년 6만9766명에서 2022년 5만8042명까지 꾸준히 하락해 1만명 넘게 줄어든 상태였는데 이 수가 500명 가까이 늘어난 것이다.,500명,KOSIS_VALUE,국내공식통계,codex_common_codebook,현재값,조선업 산업기술인력 증가폭,조선업,500,명,2023,Y,Y,Y,Y,CODEBOOK_KOSIS,115,DT_115_2012_AA001,"산업별(중분류) 현재인원(성별, 고용형태별 등)",N/A,N/A,N/A,N/A,Y,2023,N/A,현재값,TABLE_SERIES_LABEL,N/A,N/A,N/A,N/A,500,N/A,N/A,N/A,값검증대기,TABLE_ONLY,HIGH,"READY:INDUSTRIAL_WORKFORCE_SURVEY; 잠긴 Codex 공통 골드에서 측정·검증 가능 판정, KOSIS MCP로 통계표명 재확인, 세부 항목·분류·실제값은 미확정.",https://kosis.kr/statHtml/statHtml.do?orgId=115&tblId=DT_115_2012_AA001&vw_cd=MT_ZTITLE,2026-08-05T16:37:34+09:00,CODEX_COMMON_GOLD_V1+KOSIS_MCP_TABLE_INFO_200,N
A0012-CG0266,A0012-CG0266-m1,A0012,조선업 산업기술인력 9년 만에 다시 상승세,2025-01-01,https://www.chosun.com/economy/industry-company/2025/01/01/VR4RUPY3CFEGZGFC5M4JPY5SDE,본래 조선업의 산업기술인력은 2014년 6만9766명에서 2022년 5만8042명까지 꾸준히 하락해 1만명 넘게 줄어든 상태였는데 이 수가 500명 가까이 늘어난 것이다.,5만8042명,KOSIS_VALUE,국내공식통계,codex_common_codebook,이전값,조선업 산업기술인력,조선업,58042,명,2022,Y,Y,Y,Y,CODEBOOK_KOSIS,115,DT_115_2012_AA001,"산업별(중분류) 현재인원(성별, 고용형태별 등)",N/A,N/A,N/A,N/A,Y,2022,N/A,이전값,TABLE_SERIES_LABEL,N/A,N/A,N/A,N/A,58042,N/A,N/A,N/A,값검증대기,TABLE_ONLY,HIGH,"READY:INDUSTRIAL_WORKFORCE_SURVEY; 잠긴 Codex 공통 골드에서 측정·검증 가능 판정, KOSIS MCP로 통계표명 재확인, 세부 항목·분류·실제값은 미확정.",https://kosis.kr/statHtml/statHtml.do?orgId=115&tblId=DT_115_2012_AA001&vw_cd=MT_ZTITLE,2026-08-05T16:37:34+09:00,CODEX_COMMON_GOLD_V1+KOSIS_MCP_TABLE_INFO_200,N
A0012-CG0267,A0012-CG0267-m1,A0012,조선업 산업기술인력 9년 만에 다시 상승세,2025-01-01,https://www.chosun.com/economy/industry-company/2025/01/01/VR4RUPY3CFEGZGFC5M4JPY5SDE,본래 조선업의 산업기술인력은 2014년 6만9766명에서 2022년 5만8042명까지 꾸준히 하락해 1만명 넘게 줄어든 상태였는데 이 수가 500명 가까이 늘어난 것이다.,5만8042명,KOSIS_VALUE,국내공식통계,codex_common_codebook,현재값,조선업 산업기술인력,조선업,58042,명,2022,Y,Y,Y,Y,CODEBOOK_KOSIS,115,DT_115_2012_AA001,"산업별(중분류) 현재인원(성별, 고용형태별 등)",N/A,N/A,N/A,N/A,Y,2022,N/A,현재값,TABLE_SERIES_LABEL,N/A,N/A,N/A,N/A,58042,N/A,N/A,N/A,값검증대기,TABLE_ONLY,HIGH,"READY:INDUSTRIAL_WORKFORCE_SURVEY; 잠긴 Codex 공통 골드에서 측정·검증 가능 판정, KOSIS MCP로 통계표명 재확인, 세부 항목·분류·실제값은 미확정.",https://kosis.kr/statHtml/statHtml.do?orgId=115&tblId=DT_115_2012_AA001&vw_cd=MT_ZTITLE,2026-08-05T16:37:34+09:00,CODEX_COMMON_GOLD_V1+KOSIS_MCP_TABLE_INFO_200,N
A0012-CG0268,A0012-CG0268-m1,A0012,조선업 산업기술인력 9년 만에 다시 상승세,2025-01-01,https://www.chosun.com/economy/industry-company/2025/01/01/VR4RUPY3CFEGZGFC5M4JPY5SDE,31일 산업통상자원부의 ‘산업기술인력 수급 실태조사’에 따르면 지난 2023년 말 조선 산업기술인력은 5만8528명으로 전년인 2022년 대비 0.8% 증가했다.,5만8528명,KOSIS_VALUE,국내공식통계,codex_common_codebook,현재값,조선 산업기술인력,조선업,58528,명,2023,Y,Y,Y,Y,CODEBOOK_KOSIS,115,DT_115_2012_AA001,"산업별(중분류) 현재인원(성별, 고용형태별 등)",N/A,N/A,N/A,N/A,Y,2023,N/A,현재값,TABLE_SERIES_LABEL,N/A,N/A,N/A,N/A,58528,N/A,N/A,N/A,값검증대기,TABLE_ONLY,HIGH,"READY:INDUSTRIAL_WORKFORCE_SURVEY; 잠긴 Codex 공통 골드에서 측정·검증 가능 판정, KOSIS MCP로 통계표명 재확인, 세부 항목·분류·실제값은 미확정.",https://kosis.kr/statHtml/statHtml.do?orgId=115&tblId=DT_115_2012_AA001&vw_cd=MT_ZTITLE,2026-08-05T16:37:34+09:00,CODEX_COMMON_GOLD_V1+KOSIS_MCP_TABLE_INFO_200,N
A0012-CG0269,A0012-CG0269-m1,A0012,조선업 산업기술인력 9년 만에 다시 상승세,2025-01-01,https://www.chosun.com/economy/industry-company/2025/01/01/VR4RUPY3CFEGZGFC5M4JPY5SDE,본래 조선업의 산업기술인력은 2014년 6만9766명에서 2022년 5만8042명까지 꾸준히 하락해 1만명 넘게 줄어든 상태였는데 이 수가 500명 가까이 늘어난 것이다.,6만9766명,KOSIS_VALUE,국내공식통계,codex_common_codebook,이전값,조선업 산업기술인력,조선업,69766,명,2014,Y,Y,Y,Y,CODEBOOK_KOSIS,115,DT_115_2012_AA001,"산업별(중분류) 현재인원(성별, 고용형태별 등)",N/A,N/A,N/A,N/A,Y,2014,N/A,이전값,TABLE_SERIES_LABEL,N/A,N/A,N/A,N/A,69766,N/A,N/A,N/A,값검증대기,TABLE_ONLY,HIGH,"READY:INDUSTRIAL_WORKFORCE_SURVEY; 잠긴 Codex 공통 골드에서 측정·검증 가능 판정, KOSIS MCP로 통계표명 재확인, 세부 항목·분류·실제값은 미확정.",https://kosis.kr/statHtml/statHtml.do?orgId=115&tblId=DT_115_2012_AA001&vw_cd=MT_ZTITLE,2026-08-05T16:37:34+09:00,CODEX_COMMON_GOLD_V1+KOSIS_MCP_TABLE_INFO_200,N
A0018-CG0302,A0018-CG0302-m1,A0018,반도체 덕에… 지난해 수출 6838억달러 역대 최대,2025-01-02,https://www.chosun.com/economy/economy_general/2025/01/02/6MYGM52QIVHUJBIZYYFBUW5IQM,"작년 한국의 수입액은 전년보다 1.6% 감소한 6320억달러로, 518억달러의 무역 흑자를 기록했다.",518억달러,KOSIS_VALUE,국내공식통계,codex_common_codebook,현재값,무역 흑자,무역 흑자,51800000000,달러,2024,Y,Y,Y,Y,CODEBOOK_KOSIS,360,DT_1R11001_FRM101,"품목별 수출액, 수입액",N/A,N/A,N/A,N/A,Y,2024,N/A,현재값,TABLE_SERIES_LABEL,N/A,N/A,N/A,N/A,51800000000,N/A,N/A,N/A,값검증대기,TABLE_ONLY,HIGH,"READY:TRADE_OFFICIAL_SERIES; 잠긴 Codex 공통 골드에서 측정·검증 가능 판정, KOSIS MCP로 통계표명 재확인, 세부 항목·분류·실제값은 미확정.",https://kosis.kr/statHtml/statHtml.do?orgId=360&tblId=DT_1R11001_FRM101&vw_cd=MT_ZTITLE,2026-08-05T16:37:34+09:00,CODEX_COMMON_GOLD_V1+KOSIS_MCP_TABLE_INFO_200,N
A0018-CG0303,A0018-CG0303-m1,A0018,반도체 덕에… 지난해 수출 6838억달러 역대 최대,2025-01-02,https://www.chosun.com/economy/economy_general/2025/01/02/6MYGM52QIVHUJBIZYYFBUW5IQM,작년 흑자 폭은 2018년(697억달러 흑자) 이후 6년 만에 최대다.,697억달러,KOSIS_VALUE,국내공식통계,codex_common_codebook,현재값,흑자 폭,흑자 폭,69700000000,달러,2018,Y,Y,Y,Y,CODEBOOK_KOSIS,360,DT_1R11001_FRM101,"품목별 수출액, 수입액",N/A,N/A,N/A,N/A,Y,2018,N/A,현재값,TABLE_SERIES_LABEL,N/A,N/A,N/A,N/A,69700000000,N/A,N/A,N/A,값검증대기,TABLE_ONLY,HIGH,"READY:TRADE_OFFICIAL_SERIES; 잠긴 Codex 공통 골드에서 측정·검증 가능 판정, KOSIS MCP로 통계표명 재확인, 세부 항목·분류·실제값은 미확정.",https://kosis.kr/statHtml/statHtml.do?orgId=360&tblId=DT_1R11001_FRM101&vw_cd=MT_ZTITLE,2026-08-05T16:37:34+09:00,CODEX_COMMON_GOLD_V1+KOSIS_MCP_TABLE_INFO_200,N
A0018-CG0305,A0018-CG0305-m1,A0018,반도체 덕에… 지난해 수출 6838억달러 역대 최대,2025-01-02,https://www.chosun.com/economy/economy_general/2025/01/02/6MYGM52QIVHUJBIZYYFBUW5IQM,"작년 한국의 수입액은 전년보다 1.6% 감소한 6320억달러로, 518억달러의 무역 흑자를 기록했다.",1.6%,KOSIS_VALUE,국내공식통계,codex_common_codebook,증감률,수입액 증감률,수입액 증감률,1.6,%,2024,Y,Y,Y,Y,CODEBOOK_KOSIS,360,DT_1R11001_FRM101,"품목별 수출액, 수입액",N/A,N/A,N/A,N/A,Y,2024,N/A,증감률,TABLE_SERIES_LABEL,N/A,N/A,N/A,N/A,1.6,N/A,N/A,N/A,값검증대기,TABLE_ONLY,HIGH,"READY:TRADE_OFFICIAL_SERIES; 잠긴 Codex 공통 골드에서 측정·검증 가능 판정, KOSIS MCP로 통계표명 재확인, 세부 항목·분류·실제값은 미확정.",https://kosis.kr/statHtml/statHtml.do?orgId=360&tblId=DT_1R11001_FRM101&vw_cd=MT_ZTITLE,2026-08-05T16:37:34+09:00,CODEX_COMMON_GOLD_V1+KOSIS_MCP_TABLE_INFO_200,N
A0018-CG0307,A0018-CG0307-m1,A0018,반도체 덕에… 지난해 수출 6838억달러 역대 최대,2025-01-02,https://www.chosun.com/economy/economy_general/2025/01/02/6MYGM52QIVHUJBIZYYFBUW5IQM,작년 12월 수출은 613억8000만달러로 1년 전 대비 6.6% 늘어 한 달 전(1.4%)에 비해 오름폭을 키웠다.,1.4%,KOSIS_VALUE,국내공식통계,codex_common_codebook,참고값,수출 증가율,반도체,1.4,%,2024,Y,Y,Y,Y,CODEBOOK_KOSIS,360,DT_1R11001_FRM101,"품목별 수출액, 수입액",N/A,N/A,N/A,N/A,Y,2024,N/A,참고값,TABLE_SERIES_LABEL,N/A,N/A,N/A,N/A,1.4,N/A,N/A,N/A,값검증대기,TABLE_ONLY,HIGH,"READY:TRADE_OFFICIAL_SERIES; 잠긴 Codex 공통 골드에서 측정·검증 가능 판정, KOSIS MCP로 통계표명 재확인, 세부 항목·분류·실제값은 미확정.",https://kosis.kr/statHtml/statHtml.do?orgId=360&tblId=DT_1R11001_FRM101&vw_cd=MT_ZTITLE,2026-08-05T16:37:34+09:00,CODEX_COMMON_GOLD_V1+KOSIS_MCP_TABLE_INFO_200,N
A0018-CG0309,A0018-CG0309-m1,A0018,반도체 덕에… 지난해 수출 6838억달러 역대 최대,2025-01-02,https://www.chosun.com/economy/economy_general/2025/01/02/6MYGM52QIVHUJBIZYYFBUW5IQM,작년 한 해 전체 수출액이 6838억달러(약 1006조원)로 2023년에 비해 8.2% 증가했다고 산업통상자원부와 관세청이 1일 밝혔다.,1006조원,KOSIS_VALUE,국내공식통계,codex_common_codebook,현재값,총수출액,반도체,1006000000000000,원,2024,Y,Y,Y,Y,CODEBOOK_KOSIS,360,DT_1R11001_FRM101,"품목별 수출액, 수입액",N/A,N/A,N/A,N/A,Y,2024,N/A,현재값,TABLE_SERIES_LABEL,N/A,N/A,N/A,N/A,1006000000000000,N/A,N/A,N/A,값검증대기,TABLE_ONLY,HIGH,"READY:TRADE_OFFICIAL_SERIES; 잠긴 Codex 공통 골드에서 측정·검증 가능 판정, KOSIS MCP로 통계표명 재확인, 세부 항목·분류·실제값은 미확정.",https://kosis.kr/statHtml/statHtml.do?orgId=360&tblId=DT_1R11001_FRM101&vw_cd=MT_ZTITLE,2026-08-05T16:37:34+09:00,CODEX_COMMON_GOLD_V1+KOSIS_MCP_TABLE_INFO_200,N
A0018-CG0311,A0018-CG0311-m1,A0018,반도체 덕에… 지난해 수출 6838억달러 역대 최대,2025-01-02,https://www.chosun.com/economy/economy_general/2025/01/02/6MYGM52QIVHUJBIZYYFBUW5IQM,기존 역대 최대 규모였던 2022년 기록(6836억달러)을 2억달러 웃돌아 역대 최대 수출 실적을 달성했다.,2억달러,KOSIS_VALUE,국내공식통계,codex_common_codebook,증감량,총 수출액 증감,반도체,200000000,달러,2022,Y,Y,Y,Y,CODEBOOK_KOSIS,360,DT_1R11001_FRM101,"품목별 수출액, 수입액",N/A,N/A,N/A,N/A,Y,2022,N/A,증감량,TABLE_SERIES_LABEL,N/A,N/A,N/A,N/A,200000000,N/A,N/A,N/A,값검증대기,TABLE_ONLY,HIGH,"READY:TRADE_OFFICIAL_SERIES; 잠긴 Codex 공통 골드에서 측정·검증 가능 판정, KOSIS MCP로 통계표명 재확인, 세부 항목·분류·실제값은 미확정.",https://kosis.kr/statHtml/statHtml.do?orgId=360&tblId=DT_1R11001_FRM101&vw_cd=MT_ZTITLE,2026-08-05T16:37:34+09:00,CODEX_COMMON_GOLD_V1+KOSIS_MCP_TABLE_INFO_200,N
A0018-CG0313,A0018-CG0313-m1,A0018,반도체 덕에… 지난해 수출 6838억달러 역대 최대,2025-01-02,https://www.chosun.com/economy/economy_general/2025/01/02/6MYGM52QIVHUJBIZYYFBUW5IQM,수출 증가율은 작년 8월(10.9%)부터 11월까지 꺾이다가 지난달 들어 반도체 수출이 31.5% 불어나며 오름세로 돌아섰다.,31.5%,KOSIS_VALUE,국내공식통계,codex_common_codebook,증감률,수출 증가율,반도체,31.5,%,2024,M,Y,Y,Y,CODEBOOK_KOSIS,360,DT_1R11001_FRM101,"품목별 수출액, 수입액",N/A,N/A,N/A,N/A,M,2024,N/A,증감률,TABLE_SERIES_LABEL,N/A,N/A,N/A,N/A,31.5,N/A,N/A,N/A,값검증대기,TABLE_ONLY,HIGH,"READY:TRADE_OFFICIAL_SERIES; 잠긴 Codex 공통 골드에서 측정·검증 가능 판정, KOSIS MCP로 통계표명 재확인, 세부 항목·분류·실제값은 미확정.",https://kosis.kr/statHtml/statHtml.do?orgId=360&tblId=DT_1R11001_FRM101&vw_cd=MT_ZTITLE,2026-08-05T16:37:34+09:00,CODEX_COMMON_GOLD_V1+KOSIS_MCP_TABLE_INFO_200,N
A0018-CG0314,A0018-CG0314-m1,A0018,반도체 덕에… 지난해 수출 6838억달러 역대 최대,2025-01-02,https://www.chosun.com/economy/economy_general/2025/01/02/6MYGM52QIVHUJBIZYYFBUW5IQM,작년 12월 수출은 613억8000만달러로 1년 전 대비 6.6% 늘어 한 달 전(1.4%)에 비해 오름폭을 키웠다.,6.6%,KOSIS_VALUE,국내공식통계,codex_common_codebook,현재값,수출 증가율,반도체,6.6,%,2024,Y,Y,Y,Y,CODEBOOK_KOSIS,360,DT_1R11001_FRM101,"품목별 수출액, 수입액",N/A,N/A,N/A,N/A,Y,2024,N/A,현재값,TABLE_SERIES_LABEL,N/A,N/A,N/A,N/A,6.6,N/A,N/A,N/A,값검증대기,TABLE_ONLY,HIGH,"READY:TRADE_OFFICIAL_SERIES; 잠긴 Codex 공통 골드에서 측정·검증 가능 판정, KOSIS MCP로 통계표명 재확인, 세부 항목·분류·실제값은 미확정.",https://kosis.kr/statHtml/statHtml.do?orgId=360&tblId=DT_1R11001_FRM101&vw_cd=MT_ZTITLE,2026-08-05T16:37:34+09:00,CODEX_COMMON_GOLD_V1+KOSIS_MCP_TABLE_INFO_200,N
A0018-CG0315,A0018-CG0315-m1,A0018,반도체 덕에… 지난해 수출 6838억달러 역대 최대,2025-01-02,https://www.chosun.com/economy/economy_general/2025/01/02/6MYGM52QIVHUJBIZYYFBUW5IQM,작년 12월 수출은 613억8000만달러로 1년 전 대비 6.6% 늘어 한 달 전(1.4%)에 비해 오름폭을 키웠다.,613억8000만달러,KOSIS_VALUE,국내공식통계,codex_common_codebook,현재값,수출액,반도체,61380000000,달러,2024,Y,Y,Y,Y,CODEBOOK_KOSIS,360,DT_1R11001_FRM101,"품목별 수출액, 수입액",N/A,N/A,N/A,N/A,Y,2024,N/A,현재값,TABLE_SERIES_LABEL,N/A,N/A,N/A,N/A,61380000000,N/A,N/A,N/A,값검증대기,TABLE_ONLY,HIGH,"READY:TRADE_OFFICIAL_SERIES; 잠긴 Codex 공통 골드에서 측정·검증 가능 판정, KOSIS MCP로 통계표명 재확인, 세부 항목·분류·실제값은 미확정.",https://kosis.kr/statHtml/statHtml.do?orgId=360&tblId=DT_1R11001_FRM101&vw_cd=MT_ZTITLE,2026-08-05T16:37:34+09:00,CODEX_COMMON_GOLD_V1+KOSIS_MCP_TABLE_INFO_200,N
A0018-CG0316,A0018-CG0316-m1,A0018,반도체 덕에… 지난해 수출 6838억달러 역대 최대,2025-01-02,https://www.chosun.com/economy/economy_general/2025/01/02/6MYGM52QIVHUJBIZYYFBUW5IQM,기존 역대 최대 규모였던 2022년 기록(6836억달러)을 2억달러 웃돌아 역대 최대 수출 실적을 달성했다.,6836억달러,KOSIS_VALUE,국내공식통계,codex_common_codebook,이전값,총 수출액,반도체,683600000000,달러,2022,Y,Y,Y,Y,CODEBOOK_KOSIS,360,DT_1R11001_FRM101,"품목별 수출액, 수입액",N/A,N/A,N/A,N/A,Y,2022,N/A,이전값,TABLE_SERIES_LABEL,N/A,N/A,N/A,N/A,683600000000,N/A,N/A,N/A,값검증대기,TABLE_ONLY,HIGH,"READY:TRADE_OFFICIAL_SERIES; 잠긴 Codex 공통 골드에서 측정·검증 가능 판정, KOSIS MCP로 통계표명 재확인, 세부 항목·분류·실제값은 미확정.",https://kosis.kr/statHtml/statHtml.do?orgId=360&tblId=DT_1R11001_FRM101&vw_cd=MT_ZTITLE,2026-08-05T16:37:34+09:00,CODEX_COMMON_GOLD_V1+KOSIS_MCP_TABLE_INFO_200,N
A0018-CG0318,A0018-CG0318-m1,A0018,반도체 덕에… 지난해 수출 6838억달러 역대 최대,2025-01-02,https://www.chosun.com/economy/economy_general/2025/01/02/6MYGM52QIVHUJBIZYYFBUW5IQM,작년 한 해 전체 수출액이 6838억달러(약 1006조원)로 2023년에 비해 8.2% 증가했다고 산업통상자원부와 관세청이 1일 밝혔다.,8.2%,KOSIS_VALUE,국내공식통계,codex_common_codebook,증감률,총수출액 증감률,반도체,8.2,%,2023,Y,Y,Y,Y,CODEBOOK_KOSIS,360,DT_1R11001_FRM101,"품목별 수출액, 수입액",N/A,N/A,N/A,N/A,Y,2023,N/A,증감률,TABLE_SERIES_LABEL,N/A,N/A,N/A,N/A,8.2,N/A,N/A,N/A,값검증대기,TABLE_ONLY,HIGH,"READY:TRADE_OFFICIAL_SERIES; 잠긴 Codex 공통 골드에서 측정·검증 가능 판정, KOSIS MCP로 통계표명 재확인, 세부 항목·분류·실제값은 미확정.",https://kosis.kr/statHtml/statHtml.do?orgId=360&tblId=DT_1R11001_FRM101&vw_cd=MT_ZTITLE,2026-08-05T16:37:34+09:00,CODEX_COMMON_GOLD_V1+KOSIS_MCP_TABLE_INFO_200,N
A0018-CG0321,A0018-CG0321-m1,A0018,반도체 덕에… 지난해 수출 6838억달러 역대 최대,2025-01-02,https://www.chosun.com/economy/economy_general/2025/01/02/6MYGM52QIVHUJBIZYYFBUW5IQM,작년 12월 수출은 613억8000만달러로 1년 전 대비 6.6% 늘어 한 달 전(1.4%)에 비해 오름폭을 키웠다.,1.4%,KOSIS_VALUE,국내공식통계,codex_common_codebook,참고값,수출액 증감률,수출액 증감률,1.4,%,202401,M,Y,Y,Y,CODEBOOK_KOSIS,360,DT_1R11001_FRM101,"품목별 수출액, 수입액",N/A,N/A,N/A,N/A,M,202401,N/A,참고값,TABLE_SERIES_LABEL,N/A,N/A,N/A,N/A,1.4,N/A,N/A,N/A,값검증대기,TABLE_ONLY,HIGH,"READY:TRADE_OFFICIAL_SERIES; 잠긴 Codex 공통 골드에서 측정·검증 가능 판정, KOSIS MCP로 통계표명 재확인, 세부 항목·분류·실제값은 미확정.",https://kosis.kr/statHtml/statHtml.do?orgId=360&tblId=DT_1R11001_FRM101&vw_cd=MT_ZTITLE,2026-08-05T16:37:34+09:00,CODEX_COMMON_GOLD_V1+KOSIS_MCP_TABLE_INFO_200,N
A0018-CG0322,A0018-CG0322-m1,A0018,반도체 덕에… 지난해 수출 6838억달러 역대 최대,2025-01-02,https://www.chosun.com/economy/economy_general/2025/01/02/6MYGM52QIVHUJBIZYYFBUW5IQM,작년 12월 수출은 613억8000만달러로 1년 전 대비 6.6% 늘어 한 달 전(1.4%)에 비해 오름폭을 키웠다.,1.4%,KOSIS_VALUE,국내공식통계,codex_common_codebook,증감률,수출 증가율,수출 증가율,1.4,%,202411,M,Y,Y,Y,CODEBOOK_KOSIS,360,DT_1R11001_FRM101,"품목별 수출액, 수입액",N/A,N/A,N/A,N/A,M,202411,N/A,증감률,TABLE_SERIES_LABEL,N/A,N/A,N/A,N/A,1.4,N/A,N/A,N/A,값검증대기,TABLE_ONLY,HIGH,"READY:TRADE_OFFICIAL_SERIES; 잠긴 Codex 공통 골드에서 측정·검증 가능 판정, KOSIS MCP로 통계표명 재확인, 세부 항목·분류·실제값은 미확정.",https://kosis.kr/statHtml/statHtml.do?orgId=360&tblId=DT_1R11001_FRM101&vw_cd=MT_ZTITLE,2026-08-05T16:37:34+09:00,CODEX_COMMON_GOLD_V1+KOSIS_MCP_TABLE_INFO_200,N
A0018-CG0325,A0018-CG0325-m1,A0018,반도체 덕에… 지난해 수출 6838억달러 역대 최대,2025-01-02,https://www.chosun.com/economy/economy_general/2025/01/02/6MYGM52QIVHUJBIZYYFBUW5IQM,작년 한 해 전체 수출액이 6838억달러(약 1006조원)로 2023년에 비해 8.2% 증가했다고 산업통상자원부와 관세청이 1일 밝혔다.,1006조원,KOSIS_VALUE,국내공식통계,codex_common_codebook,현재값,수출액,수출액,1006000000000000,원,2024,Y,Y,Y,Y,CODEBOOK_KOSIS,360,DT_1R11001_FRM101,"품목별 수출액, 수입액",N/A,N/A,N/A,N/A,Y,2024,N/A,현재값,TABLE_SERIES_LABEL,N/A,N/A,N/A,N/A,1006000000000000,N/A,N/A,N/A,값검증대기,TABLE_ONLY,HIGH,"READY:TRADE_OFFICIAL_SERIES; 잠긴 Codex 공통 골드에서 측정·검증 가능 판정, KOSIS MCP로 통계표명 재확인, 세부 항목·분류·실제값은 미확정.",https://kosis.kr/statHtml/statHtml.do?orgId=360&tblId=DT_1R11001_FRM101&vw_cd=MT_ZTITLE,2026-08-05T16:37:34+09:00,CODEX_COMMON_GOLD_V1+KOSIS_MCP_TABLE_INFO_200,N
A0018-CG0327,A0018-CG0327-m1,A0018,반도체 덕에… 지난해 수출 6838억달러 역대 최대,2025-01-02,https://www.chosun.com/economy/economy_general/2025/01/02/6MYGM52QIVHUJBIZYYFBUW5IQM,기존 역대 최대 규모였던 2022년 기록(6836억달러)을 2억달러 웃돌아 역대 최대 수출 실적을 달성했다.,2억달러,KOSIS_VALUE,국내공식통계,codex_common_codebook,현재값,수출액,수출액,200000000,달러,2022,Y,Y,Y,Y,CODEBOOK_KOSIS,360,DT_1R11001_FRM101,"품목별 수출액, 수입액",N/A,N/A,N/A,N/A,Y,2022,N/A,현재값,TABLE_SERIES_LABEL,N/A,N/A,N/A,N/A,200000000,N/A,N/A,N/A,값검증대기,TABLE_ONLY,HIGH,"READY:TRADE_OFFICIAL_SERIES; 잠긴 Codex 공통 골드에서 측정·검증 가능 판정, KOSIS MCP로 통계표명 재확인, 세부 항목·분류·실제값은 미확정.",https://kosis.kr/statHtml/statHtml.do?orgId=360&tblId=DT_1R11001_FRM101&vw_cd=MT_ZTITLE,2026-08-05T16:37:34+09:00,CODEX_COMMON_GOLD_V1+KOSIS_MCP_TABLE_INFO_200,N
A0018-CG0328,A0018-CG0328-m1,A0018,반도체 덕에… 지난해 수출 6838억달러 역대 최대,2025-01-02,https://www.chosun.com/economy/economy_general/2025/01/02/6MYGM52QIVHUJBIZYYFBUW5IQM,작년 12월 수출은 613억8000만달러로 1년 전 대비 6.6% 늘어 한 달 전(1.4%)에 비해 오름폭을 키웠다.,6.6%,KOSIS_VALUE,국내공식통계,codex_common_codebook,증감률,수출액 증감률,수출액 증감률,6.6,%,202401,M,Y,Y,Y,CODEBOOK_KOSIS,360,DT_1R11001_FRM101,"품목별 수출액, 수입액",N/A,N/A,N/A,N/A,M,202401,N/A,증감률,TABLE_SERIES_LABEL,N/A,N/A,N/A,N/A,6.6,N/A,N/A,N/A,값검증대기,TABLE_ONLY,HIGH,"READY:TRADE_OFFICIAL_SERIES; 잠긴 Codex 공통 골드에서 측정·검증 가능 판정, KOSIS MCP로 통계표명 재확인, 세부 항목·분류·실제값은 미확정.",https://kosis.kr/statHtml/statHtml.do?orgId=360&tblId=DT_1R11001_FRM101&vw_cd=MT_ZTITLE,2026-08-05T16:37:34+09:00,CODEX_COMMON_GOLD_V1+KOSIS_MCP_TABLE_INFO_200,N
A0018-CG0329,A0018-CG0329-m1,A0018,반도체 덕에… 지난해 수출 6838억달러 역대 최대,2025-01-02,https://www.chosun.com/economy/economy_general/2025/01/02/6MYGM52QIVHUJBIZYYFBUW5IQM,작년 12월 수출은 613억8000만달러로 1년 전 대비 6.6% 늘어 한 달 전(1.4%)에 비해 오름폭을 키웠다.,6.6%,KOSIS_VALUE,국내공식통계,codex_common_codebook,증감률,수출 증가율,수출 증가율,6.6,%,202412,M,Y,Y,Y,CODEBOOK_KOSIS,360,DT_1R11001_FRM101,"품목별 수출액, 수입액",N/A,N/A,N/A,N/A,M,202412,N/A,증감률,TABLE_SERIES_LABEL,N/A,N/A,N/A,N/A,6.6,N/A,N/A,N/A,값검증대기,TABLE_ONLY,HIGH,"READY:TRADE_OFFICIAL_SERIES; 잠긴 Codex 공통 골드에서 측정·검증 가능 판정, KOSIS MCP로 통계표명 재확인, 세부 항목·분류·실제값은 미확정.",https://kosis.kr/statHtml/statHtml.do?orgId=360&tblId=DT_1R11001_FRM101&vw_cd=MT_ZTITLE,2026-08-05T16:37:34+09:00,CODEX_COMMON_GOLD_V1+KOSIS_MCP_TABLE_INFO_200,N
A0018-CG0330,A0018-CG0330-m1,A0018,반도체 덕에… 지난해 수출 6838억달러 역대 최대,2025-01-02,https://www.chosun.com/economy/economy_general/2025/01/02/6MYGM52QIVHUJBIZYYFBUW5IQM,작년 12월 수출은 613억8000만달러로 1년 전 대비 6.6% 늘어 한 달 전(1.4%)에 비해 오름폭을 키웠다.,613억8000만달러,KOSIS_VALUE,국내공식통계,codex_common_codebook,현재값,수출액,수출액,61380000000,달러,202401,M,Y,Y,Y,CODEBOOK_KOSIS,360,DT_1R11001_FRM101,"품목별 수출액, 수입액",N/A,N/A,N/A,N/A,M,202401,N/A,현재값,TABLE_SERIES_LABEL,N/A,N/A,N/A,N/A,61380000000,N/A,N/A,N/A,값검증대기,TABLE_ONLY,HIGH,"READY:TRADE_OFFICIAL_SERIES; 잠긴 Codex 공통 골드에서 측정·검증 가능 판정, KOSIS MCP로 통계표명 재확인, 세부 항목·분류·실제값은 미확정.",https://kosis.kr/statHtml/statHtml.do?orgId=360&tblId=DT_1R11001_FRM101&vw_cd=MT_ZTITLE,2026-08-05T16:37:34+09:00,CODEX_COMMON_GOLD_V1+KOSIS_MCP_TABLE_INFO_200,N
A0018-CG0331,A0018-CG0331-m1,A0018,반도체 덕에… 지난해 수출 6838억달러 역대 최대,2025-01-02,https://www.chosun.com/economy/economy_general/2025/01/02/6MYGM52QIVHUJBIZYYFBUW5IQM,작년 12월 수출은 613억8000만달러로 1년 전 대비 6.6% 늘어 한 달 전(1.4%)에 비해 오름폭을 키웠다.,613억8000만달러,KOSIS_VALUE,국내공식통계,codex_common_codebook,현재값,총수출액,총수출액,61380000000,달러,202412,M,Y,Y,Y,CODEBOOK_KOSIS,360,DT_1R11001_FRM101,"품목별 수출액, 수입액",N/A,N/A,N/A,N/A,M,202412,N/A,현재값,TABLE_SERIES_LABEL,N/A,N/A,N/A,N/A,61380000000,N/A,N/A,N/A,값검증대기,TABLE_ONLY,HIGH,"READY:TRADE_OFFICIAL_SERIES; 잠긴 Codex 공통 골드에서 측정·검증 가능 판정, KOSIS MCP로 통계표명 재확인, 세부 항목·분류·실제값은 미확정.",https://kosis.kr/statHtml/statHtml.do?orgId=360&tblId=DT_1R11001_FRM101&vw_cd=MT_ZTITLE,2026-08-05T16:37:34+09:00,CODEX_COMMON_GOLD_V1+KOSIS_MCP_TABLE_INFO_200,N
A0018-CG0334,A0018-CG0334-m1,A0018,반도체 덕에… 지난해 수출 6838억달러 역대 최대,2025-01-02,https://www.chosun.com/economy/economy_general/2025/01/02/6MYGM52QIVHUJBIZYYFBUW5IQM,작년 한 해 전체 수출액이 6838억달러(약 1006조원)로 2023년에 비해 8.2% 증가했다고 산업통상자원부와 관세청이 1일 밝혔다.,8.2%,KOSIS_VALUE,국내공식통계,codex_common_codebook,증감률,수출액 증감률,수출액 증감률,8.2,%,2023,Y,Y,Y,Y,CODEBOOK_KOSIS,360,DT_1R11001_FRM101,"품목별 수출액, 수입액",N/A,N/A,N/A,N/A,Y,2023,N/A,증감률,TABLE_SERIES_LABEL,N/A,N/A,N/A,N/A,8.2,N/A,N/A,N/A,값검증대기,TABLE_ONLY,HIGH,"READY:TRADE_OFFICIAL_SERIES; 잠긴 Codex 공통 골드에서 측정·검증 가능 판정, KOSIS MCP로 통계표명 재확인, 세부 항목·분류·실제값은 미확정.",https://kosis.kr/statHtml/statHtml.do?orgId=360&tblId=DT_1R11001_FRM101&vw_cd=MT_ZTITLE,2026-08-05T16:37:34+09:00,CODEX_COMMON_GOLD_V1+KOSIS_MCP_TABLE_INFO_200,N
A0018-SP2F67F9842A,A0018-SP2F67F9842A-m1,A0018,반도체 덕에… 지난해 수출 6838억달러 역대 최대,2025-01-02,https://www.chosun.com/economy/economy_general/2025/01/02/6MYGM52QIVHUJBIZYYFBUW5IQM,주력 수출 품목인 반도체 수출액이 1419억달러로 역대 최대치를 고쳐 쓰면서 수출 증가세를 주도했다.,1419억달러,KOSIS_VALUE,국내공식통계,hcx,현재값,수출액,반도체,141900000000.0,달러,2024,Y,Y,Y,Y,FULL_KOSIS,127,DT_127005_005,수출 및 수입액,T001,수출액,A020101,반도체,Y,2024,N/A,수준값,DIRECT,백만US$,142086.0,N/A,142086000000.0,141900000000.0,186000000.0,0.13107822410147993,relative_error<=0.5%,일치,UNIQUE,HIGH,MCP 메타에 반도체와 수출액 코드가 직접 존재,https://kosis.kr/statHtml/statHtml.do?orgId=127&tblId=DT_127005_005&vw_cd=MT_ZTITLE,2026-08-05T00:00:00+09:00,KOSIS_MCP_AUTO_V1,N
A0018-SP32C9008706,A0018-SP32C9008706-m1,A0018,반도체 덕에… 지난해 수출 6838억달러 역대 최대,2025-01-02,https://www.chosun.com/economy/economy_general/2025/01/02/6MYGM52QIVHUJBIZYYFBUW5IQM,작년 한 해 전체 수출액이 6838억달러(약 1006조원)로 2023년에 비해 8.2% 증가했다고 산업통상자원부와 관세청이 1일 밝혔다.,6838억달러,KOSIS_VALUE,국내공식통계,hcx,현재값,총수출액,반도체,683800000000.0,달러,2024,Y,Y,Y,Y,FULL_KOSIS,360,DT_1R11001_FRM101,품목별 수출액 수입액,13103112831T1,수출액,13102112831A.A,총액,Y,2024,N/A,수준값,DIRECT,천달러,683609488.0,N/A,683609488000.0,683800000000.0,190512000.0,0.027860778005264698,relative_error<=0.5%,일치,UNIQUE,HIGH,MCP 총수출액 검색 1위,https://kosis.kr/statHtml/statHtml.do?orgId=360&tblId=DT_1R11001_FRM101&vw_cd=MT_ZTITLE,2026-08-05T00:00:00+09:00,KOSIS_MCP_AUTO_V1,N
A0018-SP33EC69A061,A0018-SP33EC69A061-m2,A0018,반도체 덕에… 지난해 수출 6838억달러 역대 최대,2025-01-02,https://www.chosun.com/economy/economy_general/2025/01/02/6MYGM52QIVHUJBIZYYFBUW5IQM,"작년 한국의 수입액은 전년보다 1.6% 감소한 6320억달러로, 518억달러의 무역 흑자를 기록했다.",6320억달러,KOSIS_VALUE,국내공식통계,hcx,현재값,수입액,-,632000000000.0,달러,2024,Y,Y,Y,Y,FULL_KOSIS,360,DT_1R11001_FRM101,품목별 수출액 수입액,13103112831T2,수입액,13102112831A.A,총액,Y,2024,N/A,수준값,DIRECT,천달러,631767209.0,N/A,631767209000.0,632000000000.0,232791000.0,0.03683401898734177,relative_error<=0.5%,일치,ALTERNATE_RESOLVED,HIGH,MCP 메타의 수입액·총액 코드와 직접 일치,https://kosis.kr/statHtml/statHtml.do?orgId=360&tblId=DT_1R11001_FRM101&vw_cd=MT_ZTITLE,2026-08-05T00:00:00+09:00,KOSIS_MCP_AUTO_V1,N
A0018-SP6C1F318589,A0018-SP6C1F318589-m1,A0018,반도체 덕에… 지난해 수출 6838억달러 역대 최대,2025-01-02,https://www.chosun.com/economy/economy_general/2025/01/02/6MYGM52QIVHUJBIZYYFBUW5IQM,작년 12월 수출은 613억8000만달러로 1년 전 대비 6.6% 늘어 한 달 전(1.4%)에 비해 오름폭을 키웠다.,613억8000만달러,KOSIS_VALUE,국내공식통계,hcx,현재값,총수출액,-,61380000000.0,달러,2024-12,M,Y,Y,Y,FULL_KOSIS,360,DT_1R11001_FRM101,품목별 수출액 수입액,13103112831T1,수출액,13102112831A.A,총액,M,202412,N/A,수준값,DIRECT,천달러,61359250.0,N/A,61359250000.0,61380000000.0,20750000.0,0.033805799934832195,relative_error<=0.5%,일치,UNIQUE,HIGH,MCP 월별 총수출액 원자료와 직접 일치,https://kosis.kr/statHtml/statHtml.do?orgId=360&tblId=DT_1R11001_FRM101&vw_cd=MT_ZTITLE,2026-08-05T00:00:00+09:00,KOSIS_MCP_AUTO_V1,N
A0018-SP6C1F318589,A0018-SP6C1F318589-m2,A0018,반도체 덕에… 지난해 수출 6838억달러 역대 최대,2025-01-02,https://www.chosun.com/economy/economy_general/2025/01/02/6MYGM52QIVHUJBIZYYFBUW5IQM,작년 12월 수출은 613억8000만달러로 1년 전 대비 6.6% 늘어 한 달 전(1.4%)에 비해 오름폭을 키웠다.,6.6%,KOSIS_VALUE,국내공식통계,hcx,증감률,수출 증가율,-,6.6,%,2024-12,M,Y,Y,Y,FULL_KOSIS,360,DT_1R11001_FRM101,품목별 수출액 수입액,13103112831T1,수출액,13102112831A.A,총액,M,202412,202312,증감률,YOY_FROM_LEVEL,천달러,61359250.0,57573193.0,6.576076126262453,6.6,0.02392387373754623,0.36248293541736715,absolute_error<=0.5%p,일치,ALTERNATE_RESOLVED,HIGH,MCP 월별 총수출액의 전년동월비로 재계산,https://kosis.kr/statHtml/statHtml.do?orgId=360&tblId=DT_1R11001_FRM101&vw_cd=MT_ZTITLE,2026-08-05T00:00:00+09:00,KOSIS_MCP_AUTO_V1,N
A0023-C026,A0023-C026-m1,A0023,정부 “올해 경제성장률 1.8%”… 한은 전망보다 더 낮췄다,2025-01-02,https://www.chosun.com/economy/economy_general/2025/01/02/FWT5PD42TZED7JTIXYCIECCFRE,다만 11월 소매판매는 전년 동월과 비교하면 1.9% 줄어 부진한 흐름을 이어갔다.,1.90%,KOSIS_VALUE,국내공식통계,hcx,현재값,소매판매,-,1.9,%,202501,M,Y,Y,Y,FULL_KOSIS,101,DT_1K41012,재별 및 상품군별 소매판매액지수(2020=100.0),T2,불변지수,G0,총지수,M,202411,202311,증감률,YOY_FROM_INDEX,지수,105.1,107.5,-2.2325581395348904,-1.9,0.33255813953489044,17.50305997552055,absolute_error<=0.5%p,일치,UNIQUE,HIGH,기사의 '11월'을 2024년 11월로 보정하고 소매판매 불변지수의 전년 동월비를 계산함.,https://kosis.kr/statHtml/statHtml.do?orgId=101&tblId=DT_1K41012&vw_cd=MT_ZTITLE,2026-08-05T15:45:28+09:00,KOSIS_MCP_AUTO_V3,N
A0023-CG0421,A0023-CG0421-m1,A0023,정부 “올해 경제성장률 1.8%”… 한은 전망보다 더 낮췄다,2025-01-02,https://www.chosun.com/economy/economy_general/2025/01/02/FWT5PD42TZED7JTIXYCIECCFRE,소비 지표인 소매판매는 9월(-0.3%)과 10월(-0.8%) 2달 연속 감소하다가 11월 0.4% 증가세로 돌아섰다.,0.3%,KOSIS_VALUE,국내공식통계,codex_common_codebook,증감률,소매판매,소매판매,0.3,%,20243,Q,Y,Y,Y,CODEBOOK_KOSIS,101,DT_1K41012,재별 및 상품군별 소매판매액지수(2020=100.0),N/A,N/A,N/A,N/A,Q,20243,N/A,증감률,TABLE_SERIES_LABEL,N/A,N/A,N/A,N/A,0.3,N/A,N/A,N/A,값검증대기,TABLE_ONLY,HIGH,"READY:INDUSTRIAL_ACTIVITY_OFFICIAL_SERIES; 잠긴 Codex 공통 골드에서 측정·검증 가능 판정, KOSIS MCP로 통계표명 재확인, 세부 항목·분류·실제값은 미확정.",https://kosis.kr/statHtml/statHtml.do?orgId=101&tblId=DT_1K41012&vw_cd=MT_ZTITLE,2026-08-05T16:37:34+09:00,CODEX_COMMON_GOLD_V1+KOSIS_MCP_TABLE_INFO_200,N
A0023-CG0422,A0023-CG0422-m1,A0023,정부 “올해 경제성장률 1.8%”… 한은 전망보다 더 낮췄다,2025-01-02,https://www.chosun.com/economy/economy_general/2025/01/02/FWT5PD42TZED7JTIXYCIECCFRE,소비 지표인 소매판매는 9월(-0.3%)과 10월(-0.8%) 2달 연속 감소하다가 11월 0.4% 증가세로 돌아섰다.,0.4%,KOSIS_VALUE,국내공식통계,codex_common_codebook,증감률,소매판매,소매판매,0.4,%,20244,Q,Y,Y,Y,CODEBOOK_KOSIS,101,DT_1K41012,재별 및 상품군별 소매판매액지수(2020=100.0),N/A,N/A,N/A,N/A,Q,20244,N/A,증감률,TABLE_SERIES_LABEL,N/A,N/A,N/A,N/A,0.4,N/A,N/A,N/A,값검증대기,TABLE_ONLY,HIGH,"READY:INDUSTRIAL_ACTIVITY_OFFICIAL_SERIES; 잠긴 Codex 공통 골드에서 측정·검증 가능 판정, KOSIS MCP로 통계표명 재확인, 세부 항목·분류·실제값은 미확정.",https://kosis.kr/statHtml/statHtml.do?orgId=101&tblId=DT_1K41012&vw_cd=MT_ZTITLE,2026-08-05T16:37:34+09:00,CODEX_COMMON_GOLD_V1+KOSIS_MCP_TABLE_INFO_200,N
A0023-CG0423,A0023-CG0423-m1,A0023,정부 “올해 경제성장률 1.8%”… 한은 전망보다 더 낮췄다,2025-01-02,https://www.chosun.com/economy/economy_general/2025/01/02/FWT5PD42TZED7JTIXYCIECCFRE,소비 지표인 소매판매는 9월(-0.3%)과 10월(-0.8%) 2달 연속 감소하다가 11월 0.4% 증가세로 돌아섰다.,0.8%,KOSIS_VALUE,국내공식통계,codex_common_codebook,증감률,소매판매,소매판매,0.8,%,20244,Q,Y,Y,Y,CODEBOOK_KOSIS,101,DT_1K41012,재별 및 상품군별 소매판매액지수(2020=100.0),N/A,N/A,N/A,N/A,Q,20244,N/A,증감률,TABLE_SERIES_LABEL,N/A,N/A,N/A,N/A,0.8,N/A,N/A,N/A,값검증대기,TABLE_ONLY,HIGH,"READY:INDUSTRIAL_ACTIVITY_OFFICIAL_SERIES; 잠긴 Codex 공통 골드에서 측정·검증 가능 판정, KOSIS MCP로 통계표명 재확인, 세부 항목·분류·실제값은 미확정.",https://kosis.kr/statHtml/statHtml.do?orgId=101&tblId=DT_1K41012&vw_cd=MT_ZTITLE,2026-08-05T16:37:34+09:00,CODEX_COMMON_GOLD_V1+KOSIS_MCP_TABLE_INFO_200,N
A0023-CG0424,A0023-CG0424-m1,A0023,정부 “올해 경제성장률 1.8%”… 한은 전망보다 더 낮췄다,2025-01-02,https://www.chosun.com/economy/economy_general/2025/01/02/FWT5PD42TZED7JTIXYCIECCFRE,다만 11월 소매판매는 전년 동월과 비교하면 1.9% 줄어 부진한 흐름을 이어갔다.,1.9%,KOSIS_VALUE,국내공식통계,codex_common_codebook,현재값,소매판매 증감률,소매판매 증감률,1.9,%,202411,M,Y,Y,Y,CODEBOOK_KOSIS,101,DT_1K41012,재별 및 상품군별 소매판매액지수(2020=100.0),N/A,N/A,N/A,N/A,M,202411,N/A,현재값,TABLE_SERIES_LABEL,N/A,N/A,N/A,N/A,1.9,N/A,N/A,N/A,값검증대기,TABLE_ONLY,HIGH,"READY:INDUSTRIAL_ACTIVITY_OFFICIAL_SERIES; 잠긴 Codex 공통 골드에서 측정·검증 가능 판정, KOSIS MCP로 통계표명 재확인, 세부 항목·분류·실제값은 미확정.",https://kosis.kr/statHtml/statHtml.do?orgId=101&tblId=DT_1K41012&vw_cd=MT_ZTITLE,2026-08-05T16:37:34+09:00,CODEX_COMMON_GOLD_V1+KOSIS_MCP_TABLE_INFO_200,N
A0023-CG0425,A0023-CG0425-m1,A0023,정부 “올해 경제성장률 1.8%”… 한은 전망보다 더 낮췄다,2025-01-02,https://www.chosun.com/economy/economy_general/2025/01/02/FWT5PD42TZED7JTIXYCIECCFRE,다만 11월 소매판매는 전년 동월과 비교하면 1.9% 줄어 부진한 흐름을 이어갔다.,1.9%,KOSIS_VALUE,국내공식통계,codex_common_codebook,현재값,소매판매,소매판매,1.9,%,20244,Q,Y,Y,Y,CODEBOOK_KOSIS,101,DT_1K41012,재별 및 상품군별 소매판매액지수(2020=100.0),N/A,N/A,N/A,N/A,Q,20244,N/A,현재값,TABLE_SERIES_LABEL,N/A,N/A,N/A,N/A,1.9,N/A,N/A,N/A,값검증대기,TABLE_ONLY,HIGH,"READY:INDUSTRIAL_ACTIVITY_OFFICIAL_SERIES; 잠긴 Codex 공통 골드에서 측정·검증 가능 판정, KOSIS MCP로 통계표명 재확인, 세부 항목·분류·실제값은 미확정.",https://kosis.kr/statHtml/statHtml.do?orgId=101&tblId=DT_1K41012&vw_cd=MT_ZTITLE,2026-08-05T16:37:34+09:00,CODEX_COMMON_GOLD_V1+KOSIS_MCP_TABLE_INFO_200,N
A0024-C002,A0024-C002-m1,A0024,"정부, 작년 세수 부족으로 韓銀서 170조원 빌려 썼다",2025-01-02,https://www.chosun.com/economy/economy_general/2025/01/02/LYWZZSQ6I5AVJDNTRW6KAK6ORY,"1일 더불어민주당 임광현 의원이 한은에서 제출받은 자료에 따르면, 정부는 지난해 한은에서 누적으로 따져 총 173조원을 일시 차입했다.",173조원,KOSIS_VALUE,국내공식통계,hcx,현재값,정부 차입금,-,1.73E+14,원,2024,Y,N,Y,N,MCP_NOT_VERIFIABLE,N/A,N/A,N/A,N/A,N/A,N/A,N/A,N/A,N/A,N/A,N/A,N/A,N/A,N/A,N/A,N/A,N/A,N/A,N/A,N/A,판단불가,NOT_APPLICABLE,MEDIUM,기존 자동 범위 판정에서 KOSIS 직접 검증 대상이 아닌 것으로 분류됨.,N/A,2026-08-05T15:45:28+09:00,KOSIS_MCP_AUTO_V3,N
A0041-CG0696,A0041-CG0696-m1,A0041,치솟는 환율에 식품 물가도 급등,2025-01-04,https://www.chosun.com/economy/economy_general/2025/01/04/7SPGFC4RFZEDLDPFTQHVDM2K2E,"175개 품목의 평균 물가 상승폭은 3.9%로, 지난해 연간 소비자물가지수 상승폭(2.3%)을 뛰어넘었다.",2.3%,KOSIS_VALUE,국내공식통계,codex_common_codebook,증감률,지난해 연간 소비자물가지수 상승폭,지난해 연간 소비자물가지수 상승폭,2.3,%,202401,M,Y,Y,Y,CODEBOOK_KOSIS,101,DT_1J22041,연도별 소비자물가 등락률,N/A,N/A,N/A,N/A,M,202401,N/A,증감률,TABLE_SERIES_LABEL,N/A,N/A,N/A,N/A,2.3,N/A,N/A,N/A,값검증대기,TABLE_ONLY,HIGH,"READY:CONSUMER_PRICE_INDEX; 잠긴 Codex 공통 골드에서 측정·검증 가능 판정, KOSIS MCP로 통계표명 재확인, 세부 항목·분류·실제값은 미확정.",https://kosis.kr/statHtml/statHtml.do?orgId=101&tblId=DT_1J22041&vw_cd=MT_ZTITLE,2026-08-05T16:37:34+09:00,CODEX_COMMON_GOLD_V1+KOSIS_MCP_TABLE_INFO_200,N
A0041-CG0697,A0041-CG0697-m1,A0041,치솟는 환율에 식품 물가도 급등,2025-01-04,https://www.chosun.com/economy/economy_general/2025/01/04/7SPGFC4RFZEDLDPFTQHVDM2K2E,"175개 품목의 평균 물가 상승폭은 3.9%로, 지난해 연간 소비자물가지수 상승폭(2.3%)을 뛰어넘었다.",2.3%,KOSIS_VALUE,국내공식통계,codex_common_codebook,증감률,지난해 연간 소비자물가지수 상승폭,지난해 연간 소비자물가지수 상승폭,2.3,%,202401,Y,Y,Y,Y,CODEBOOK_KOSIS,101,DT_1J22041,연도별 소비자물가 등락률,N/A,N/A,N/A,N/A,Y,202401,N/A,증감률,TABLE_SERIES_LABEL,N/A,N/A,N/A,N/A,2.3,N/A,N/A,N/A,값검증대기,TABLE_ONLY,HIGH,"READY:CONSUMER_PRICE_INDEX; 잠긴 Codex 공통 골드에서 측정·검증 가능 판정, KOSIS MCP로 통계표명 재확인, 세부 항목·분류·실제값은 미확정.",https://kosis.kr/statHtml/statHtml.do?orgId=101&tblId=DT_1J22041&vw_cd=MT_ZTITLE,2026-08-05T16:37:34+09:00,CODEX_COMMON_GOLD_V1+KOSIS_MCP_TABLE_INFO_200,N
A0046-SPD2EDAD8C3F,A0046-SPD2EDAD8C3F-m2,A0046,[美친 증시]③ “작년 많이 오른 종목은 급등락 주의... 기술주는 대형보다 중·소형주”,2025-01-04,https://www.chosun.com/economy/money/2025/01/04/6FL3VK5OUYSQJ5NKPXMCKUPCHQ,"반면에 코스피지수와 코스닥지수는 연초보다 각각 9.9%, 21.7% 하락한 채 장을 마쳤다.",21.7%,KOSIS_VALUE,국내공식통계,hcx,증감률,코스닥지수 변동률,-,21.7,%,2024,Y,Y,Y,Y,FULL_KOSIS,343,DT_343_2010_S0065,코스닥 지수,13103792840T1,코스닥지수,13102792840A.02,연월말,Y,2024,2023,증감률,YOY_FROM_LEVEL,지수,678.19,866.57,-21.738578533759533,-21.7,0.038578533759533684,0.17778126156467136,absolute_error<=0.5%p,일치,UNIQUE,HIGH,MCP 연말 코스닥지수의 2023→2024 증감률로 재계산,https://kosis.kr/statHtml/statHtml.do?orgId=343&tblId=DT_343_2010_S0065&vw_cd=MT_ZTITLE,2026-08-05T00:00:00+09:00,KOSIS_MCP_AUTO_V1,N
A0067-C010,A0067-C010-m1,A0067,"지난해 최고 인기 수입차는 테슬라 모델 Y...BMW 520, 벤츠 E200 뒤 이어",2025-01-06,https://www.chosun.com/economy/auto/2025/01/06/S27CLI355JFNZLDTKSS6EHCNPI,연료별로는 하이브리드가 절반이 넘는 13만4426대(51.1%)를 기록한 가운데 가솔린(23.8%)과 전기(18.8%)가 다음 자리를 차지했다.,13만4426대,KOSIS_VALUE,국내공식통계,hcx,현재값,연료별 자동차 판매 대수,하이브리드,134426,대,2024,Y,N,Y,N,MCP_NOT_VERIFIABLE,N/A,N/A,N/A,N/A,N/A,N/A,N/A,N/A,N/A,N/A,N/A,N/A,N/A,N/A,N/A,N/A,N/A,N/A,N/A,N/A,판단불가,NOT_APPLICABLE,HIGH,기사는 수입차 판매 집계이고 KOSIS 자동차등록 통계와 모집단이 달라 직접 대조할 수 없음.,N/A,2026-08-05T15:45:28+09:00,KOSIS_MCP_AUTO_V3,N
A0067-C010,A0067-C010-m2,A0067,"지난해 최고 인기 수입차는 테슬라 모델 Y...BMW 520, 벤츠 E200 뒤 이어",2025-01-06,https://www.chosun.com/economy/auto/2025/01/06/S27CLI355JFNZLDTKSS6EHCNPI,연료별로는 하이브리드가 절반이 넘는 13만4426대(51.1%)를 기록한 가운데 가솔린(23.8%)과 전기(18.8%)가 다음 자리를 차지했다.,51.10%,KOSIS_VALUE,국내공식통계,hcx,현재값,연료별 자동차 판매 비중,하이브리드,51.1,%,2024,Y,N,Y,N,MCP_NOT_VERIFIABLE,N/A,N/A,N/A,N/A,N/A,N/A,N/A,N/A,N/A,N/A,N/A,N/A,N/A,N/A,N/A,N/A,N/A,N/A,N/A,N/A,판단불가,NOT_APPLICABLE,HIGH,기사는 수입차 판매 비중이고 KOSIS 자동차등록 통계와 모집단이 달라 직접 대조할 수 없음.,N/A,2026-08-05T15:45:28+09:00,KOSIS_MCP_AUTO_V3,N
A0067-C010,A0067-C010-m3,A0067,"지난해 최고 인기 수입차는 테슬라 모델 Y...BMW 520, 벤츠 E200 뒤 이어",2025-01-06,https://www.chosun.com/economy/auto/2025/01/06/S27CLI355JFNZLDTKSS6EHCNPI,연료별로는 하이브리드가 절반이 넘는 13만4426대(51.1%)를 기록한 가운데 가솔린(23.8%)과 전기(18.8%)가 다음 자리를 차지했다.,23.80%,KOSIS_VALUE,국내공식통계,hcx,현재값,연료별 자동차 판매 비중,가솔린,23.8,%,2024,Y,N,Y,N,MCP_NOT_VERIFIABLE,N/A,N/A,N/A,N/A,N/A,N/A,N/A,N/A,N/A,N/A,N/A,N/A,N/A,N/A,N/A,N/A,N/A,N/A,N/A,N/A,판단불가,NOT_APPLICABLE,HIGH,기사는 수입차 판매 비중이고 KOSIS 자동차등록 통계와 모집단이 달라 직접 대조할 수 없음.,N/A,2026-08-05T15:45:28+09:00,KOSIS_MCP_AUTO_V3,N
A0067-C010,A0067-C010-m4,A0067,"지난해 최고 인기 수입차는 테슬라 모델 Y...BMW 520, 벤츠 E200 뒤 이어",2025-01-06,https://www.chosun.com/economy/auto/2025/01/06/S27CLI355JFNZLDTKSS6EHCNPI,연료별로는 하이브리드가 절반이 넘는 13만4426대(51.1%)를 기록한 가운데 가솔린(23.8%)과 전기(18.8%)가 다음 자리를 차지했다.,18.80%,KOSIS_VALUE,국내공식통계,hcx,현재값,연료별 자동차 판매 비중,전기,18.8,%,2024,Y,N,Y,N,MCP_NOT_VERIFIABLE,N/A,N/A,N/A,N/A,N/A,N/A,N/A,N/A,N/A,N/A,N/A,N/A,N/A,N/A,N/A,N/A,N/A,N/A,N/A,N/A,판단불가,NOT_APPLICABLE,HIGH,기사는 수입차 판매 비중이고 KOSIS 자동차등록 통계와 모집단이 달라 직접 대조할 수 없음.,N/A,2026-08-05T15:45:28+09:00,KOSIS_MCP_AUTO_V3,N
A0070-C004,A0070-C004-m1,A0070,대중-대미 수출 격차 21년 만 최소...트럼프 2기 미국 수출 1위 올라서나,2025-01-06,https://www.chosun.com/economy/economy_general/2025/01/06/BXDMXSYJWZDNDOGA5VONBDMCWY,"6일 한국무역협회에 따르면, 지난해 대중 수출액은 1330억2600만달러로 전년 대비 6.6% 늘었다.",1330억2600만달러,KOSIS_VALUE,국내공식통계,hcx,현재값,대중 수출액,-,1.33026E+11,달러,2024,Y,Y,Y,Y,FULL_KOSIS,360,DT_1R11006_FRM101,국가별 수출입,13103103829T1,수출금액,13102103829E.CN,중국,Y,2024,N/A,수준값,DIRECT,천달러,133011386,N/A,133011386000,133026000000,14614000,0.010985822320448634,relative_error<=0.5%,일치,UNIQUE,HIGH,중국 국가코드의 2024년 수출금액을 천달러에서 달러로 환산함.,https://kosis.kr/statHtml/statHtml.do?orgId=360&tblId=DT_1R11006_FRM101&vw_cd=MT_ZTITLE,2026-08-05T15:45:28+09:00,KOSIS_MCP_AUTO_V3,N
A0070-C004,A0070-C004-m2,A0070,대중-대미 수출 격차 21년 만 최소...트럼프 2기 미국 수출 1위 올라서나,2025-01-06,https://www.chosun.com/economy/economy_general/2025/01/06/BXDMXSYJWZDNDOGA5VONBDMCWY,"6일 한국무역협회에 따르면, 지난해 대중 수출액은 1330억2600만달러로 전년 대비 6.6% 늘었다.",6.60%,KOSIS_VALUE,국내공식통계,hcx,증감률,대중 수출액 증감률,-,6.6,%,2024,Y,Y,Y,Y,FULL_KOSIS,360,DT_1R11006_FRM101,국가별 수출입,13103103829T1,수출금액,13102103829E.CN,중국,Y,2024,2023,증감률,YOY_FROM_LEVEL,천달러,133011386,124817682,6.564537867319142,6.6,0.035462132680857295,0.5373050406190499,absolute_error<=0.5%p,일치,UNIQUE,HIGH,중국 수출금액의 2023년 대비 2024년 증감률을 계산함.,https://kosis.kr/statHtml/statHtml.do?orgId=360&tblId=DT_1R11006_FRM101&vw_cd=MT_ZTITLE,2026-08-05T15:45:28+09:00,KOSIS_MCP_AUTO_V3,N
A0096-C003,A0096-C003-m2,A0096,"작년 3분기 가계 여유자금, 전분기 대비 3.5조원 줄어",2025-01-08,https://www.chosun.com/economy/economy_general/2025/01/08/7BSTYTMU2FBLNCLOUTBUKTCYQY,이는 직전 분기의 41조2000억원보다 3조5000억원가량 줄어든 것이다.,3조5000억원가량,KOSIS_VALUE,국내공식통계,hcx,증감값,순자금 운용액 감소폭,-,3.5E+12,원,2024Q3,Q,N,Y,N,MCP_NOT_VERIFIABLE,N/A,N/A,N/A,N/A,N/A,N/A,N/A,N/A,N/A,N/A,N/A,N/A,N/A,N/A,N/A,N/A,N/A,N/A,N/A,N/A,판단불가,NOT_APPLICABLE,HIGH,순자금 운용액의 직전 분기 차이는 기사 내 파생값으로 동일 정의의 직접 KOSIS 좌표를 확정하지 못함.,N/A,2026-08-05T15:45:28+09:00,KOSIS_MCP_AUTO_V3,N
A0250-C027,A0250-C027-m1,A0250,"현대차, 인도에 사활… 현지인 단짝 ‘삼발이’ 뽑아낸다",2025-01-20,https://www.chosun.com/economy/auto/2025/01/20/LDRDYAENK5AGNDHCKVG5QV2OZY,작년 1~9월 현대차 인도 판매량(45만9000여대)의 3분의 1이 크레타였다.,45만9000여대,KOSIS_VALUE,국내공식통계,hcx,현재값,현대차 인도 판매량,크레타,459000,대,2024,Y,N,Y,N,MCP_NOT_VERIFIABLE,N/A,N/A,N/A,N/A,N/A,N/A,N/A,N/A,N/A,N/A,N/A,N/A,N/A,N/A,N/A,N/A,N/A,N/A,N/A,N/A,판단불가,NOT_APPLICABLE,MEDIUM,기존 자동 범위 판정에서 KOSIS 직접 검증 대상이 아닌 것으로 분류됨.,N/A,2026-08-05T15:45:28+09:00,KOSIS_MCP_AUTO_V3,N
A0290-C015,A0290-C015-m1,A0290,"“한국, 20년간 10대 수출품목 그대로… 끓는 냄비 속 개구리”",2025-01-23,https://www.chosun.com/economy/economy_general/2025/01/23/53AOV7MK3BAPZG4STEVXENK644,"지난 2005년과 작년, 한국의 10대 수출 품목을 비교하면 컴퓨터가 제외되고, 가전제품이 새로 진입한 것 외에는 아무 변화가 없었다.",10대,KOSIS_VALUE,국내공식통계,hcx,현재값,수출 품목 수,-,10,대,2005,Y,N,N,N,MEASUREMENT_ERROR,N/A,N/A,N/A,N/A,N/A,N/A,N/A,N/A,N/A,N/A,N/A,N/A,N/A,N/A,N/A,N/A,N/A,N/A,N/A,N/A,판단불가,NOT_APPLICABLE,MEDIUM,기존 자동 측정 규칙에서 측정값 추출 오류로 분류되어 KOSIS 골드 좌표를 부여하지 않음.,N/A,2026-08-05T15:45:28+09:00,KOSIS_MCP_AUTO_V3,N
A0307-C011,A0307-C011-m1,A0307,국민 1인당 쌀 소비량 40년 연속 줄어들어,2025-01-24,https://www.chosun.com/economy/economy_general/2025/01/24/QQUF6ZVISNG2HNXOKEHMHZYW2U,쌀과 기타양곡을 합친 전체 양곡의 1인당 소비량은 작년 0.3%(0.2kg) 감소했다.,작년 0.3%(0.2kg) 감소했다.,KOSIS_VALUE,국내공식통계,hcx,증감률,쌀과 기타양곡을 합친 전체 양곡의 1인당 소비량,-,0.3,%,2024,Y,Y,Y,Y,FULL_KOSIS,101,DT_1ED0001,1인당 연간 양곡소비량,T10,전가구,00; objL2=00,양곡계; 계,Y,2024,2023,증감률,YOY_FROM_LEVEL,kg,64.4,64.6,-0.3095975232197956,-0.3,0.009597523219795623,3.1991744065985412,absolute_error<=0.5%p,일치,UNIQUE,HIGH,전체 양곡 1인당 소비량의 2023년 대비 2024년 증감률을 계산함.,https://kosis.kr/statHtml/statHtml.do?orgId=101&tblId=DT_1ED0001&vw_cd=MT_ZTITLE,2026-08-05T15:45:28+09:00,KOSIS_MCP_AUTO_V3,N
A0321-C002,A0321-C002-m2,A0321,“예적금 금리 또 떨어졌어?”… 남아 있는 ‘3% 예금·5% 적금’ 상품은,2025-01-25,https://www.chosun.com/economy/money/2025/01/25/7CFNMGHHWTXJHHOKXZSTNPMWQA,남아 있는 '3% 예금·5% 적금' 상품은 시중·지방·인터넷은행 수신 금리 낮춰 19개 은행 예금 중 금리 3% 초과 5개뿐 5% 넘는 1년 만기 적금도 5개…자격 조건 제한 김보연 기자(조선비즈) 입력 2025.01.25.,5%,KOSIS_VALUE,국내공식통계,hcx,현재값,적금 금리,-,5,%,202501,M,N,Y,N,MCP_NOT_VERIFIABLE,N/A,N/A,N/A,N/A,N/A,N/A,N/A,N/A,N/A,N/A,N/A,N/A,N/A,N/A,N/A,N/A,N/A,N/A,N/A,N/A,판단불가,NOT_APPLICABLE,MEDIUM,기존 자동 범위 판정에서 KOSIS 직접 검증 대상이 아닌 것으로 분류됨.,N/A,2026-08-05T15:45:28+09:00,KOSIS_MCP_AUTO_V3,N
A0321-C002,A0321-C002-m3,A0321,“예적금 금리 또 떨어졌어?”… 남아 있는 ‘3% 예금·5% 적금’ 상품은,2025-01-25,https://www.chosun.com/economy/money/2025/01/25/7CFNMGHHWTXJHHOKXZSTNPMWQA,남아 있는 '3% 예금·5% 적금' 상품은 시중·지방·인터넷은행 수신 금리 낮춰 19개 은행 예금 중 금리 3% 초과 5개뿐 5% 넘는 1년 만기 적금도 5개…자격 조건 제한 김보연 기자(조선비즈) 입력 2025.01.25.,19개,KOSIS_VALUE,국내공식통계,hcx,현재값,은행 수,-,19,개,202501,M,N,Y,N,MCP_NOT_VERIFIABLE,N/A,N/A,N/A,N/A,N/A,N/A,N/A,N/A,N/A,N/A,N/A,N/A,N/A,N/A,N/A,N/A,N/A,N/A,N/A,N/A,판단불가,NOT_APPLICABLE,MEDIUM,기존 자동 범위 판정에서 KOSIS 직접 검증 대상이 아닌 것으로 분류됨.,N/A,2026-08-05T15:45:28+09:00,KOSIS_MCP_AUTO_V3,N
A0321-C002,A0321-C002-m4,A0321,“예적금 금리 또 떨어졌어?”… 남아 있는 ‘3% 예금·5% 적금’ 상품은,2025-01-25,https://www.chosun.com/economy/money/2025/01/25/7CFNMGHHWTXJHHOKXZSTNPMWQA,남아 있는 '3% 예금·5% 적금' 상품은 시중·지방·인터넷은행 수신 금리 낮춰 19개 은행 예금 중 금리 3% 초과 5개뿐 5% 넘는 1년 만기 적금도 5개…자격 조건 제한 김보연 기자(조선비즈) 입력 2025.01.25.,5개,KOSIS_VALUE,국내공식통계,hcx,현재값,금리 3% 초과 은행 수,-,5,개,202501,M,N,Y,N,MCP_NOT_VERIFIABLE,N/A,N/A,N/A,N/A,N/A,N/A,N/A,N/A,N/A,N/A,N/A,N/A,N/A,N/A,N/A,N/A,N/A,N/A,N/A,N/A,판단불가,NOT_APPLICABLE,MEDIUM,기존 자동 범위 판정에서 KOSIS 직접 검증 대상이 아닌 것으로 분류됨.,N/A,2026-08-05T15:45:28+09:00,KOSIS_MCP_AUTO_V3,N
A0333-C003,A0333-C003-m1,A0333,“하루도 안 빼고 1조6000억원 순매수” 연기금 연초 코스피 상승 주도,2025-01-26,https://www.chosun.com/economy/money/2025/01/26/3T4L54DT3BXJZWJIQZTNOI736M,16:03 0 연기금이 올 1월 유가증권시장에서 1조6000억원어치를 순매수하며 코스피지수 상승을 이끈 것으로 나타났다.,1조6000억원,KOSIS_VALUE,국내공식통계,hcx,현재값,순매수액,-,1.6E+12,원,202501,M,N,Y,N,MCP_NOT_VERIFIABLE,N/A,N/A,N/A,N/A,N/A,N/A,N/A,N/A,N/A,N/A,N/A,N/A,N/A,N/A,N/A,N/A,N/A,N/A,N/A,N/A,판단불가,NOT_APPLICABLE,MEDIUM,기존 자동 범위 판정에서 KOSIS 직접 검증 대상이 아닌 것으로 분류됨.,N/A,2026-08-05T15:45:28+09:00,KOSIS_MCP_AUTO_V3,N
A0602-C009,A0602-C009-m1,A0602,빚 못 갚은 자영업자 늘어…'생계형’ 60대 이상 52% 급증,2025-02-16,https://www.chosun.com/economy/money/2025/02/16/3Y7VKQ3MB67CFT6VFWD7V6FDAA,지난해 말 60대 이상 개인사업자의 금융기관 대출잔액은 372조4966억원으로 1년 사이 24조7303억원 증가했다.,372조4966억원,KOSIS_VALUE,국내공식통계,hcx,현재값,개인사업자 금융기관 대출잔액,-,3.72497E+14,원,2024말,Y,N,Y,N,MCP_NOT_VERIFIABLE,N/A,N/A,N/A,N/A,N/A,N/A,N/A,N/A,N/A,N/A,N/A,N/A,N/A,N/A,N/A,N/A,N/A,N/A,N/A,N/A,판단불가,NOT_APPLICABLE,MEDIUM,기존 자동 범위 판정에서 KOSIS 직접 검증 대상이 아닌 것으로 분류됨.,N/A,2026-08-05T15:45:28+09:00,KOSIS_MCP_AUTO_V3,N
A0697-C014,A0697-C014-m1,A0697,악성 미분양 급증한 대구·경북… 부동산 PF 부실로 농·축협도 적자 수렁,2025-02-23,https://www.chosun.com/economy/money/2025/02/23/52IXBWJOUCUQEBHXGGIR5K56AM,"연체 금액도 대구는 약 1400억원, 경북은 약 4800억원 수준이다.",1400억원,KOSIS_VALUE,국내공식통계,hcx,현재값,공동대출 연체금액,대구,1.4E+11,원,2024말,Y,N,Y,N,MCP_NOT_VERIFIABLE,N/A,N/A,N/A,N/A,N/A,N/A,N/A,N/A,N/A,N/A,N/A,N/A,N/A,N/A,N/A,N/A,N/A,N/A,N/A,N/A,판단불가,NOT_APPLICABLE,MEDIUM,기존 자동 범위 판정에서 KOSIS 직접 검증 대상이 아닌 것으로 분류됨.,N/A,2026-08-05T15:45:28+09:00,KOSIS_MCP_AUTO_V3,N
A0697-C014,A0697-C014-m2,A0697,악성 미분양 급증한 대구·경북… 부동산 PF 부실로 농·축협도 적자 수렁,2025-02-23,https://www.chosun.com/economy/money/2025/02/23/52IXBWJOUCUQEBHXGGIR5K56AM,"연체 금액도 대구는 약 1400억원, 경북은 약 4800억원 수준이다.",4800억원,KOSIS_VALUE,국내공식통계,hcx,현재값,공동대출 연체금액,경북,4.8E+11,원,2024말,Y,N,Y,N,MCP_NOT_VERIFIABLE,N/A,N/A,N/A,N/A,N/A,N/A,N/A,N/A,N/A,N/A,N/A,N/A,N/A,N/A,N/A,N/A,N/A,N/A,N/A,N/A,판단불가,NOT_APPLICABLE,MEDIUM,기존 자동 범위 판정에서 KOSIS 직접 검증 대상이 아닌 것으로 분류됨.,N/A,2026-08-05T15:45:28+09:00,KOSIS_MCP_AUTO_V3,N
A0734-C013,A0734-C013-m1,A0734,高환율·高물가 부담에도 내수 먼저 살린다,2025-02-26,https://www.chosun.com/economy/economy_general/2025/02/26/3GHXEPBB2VAFXF5D63JKOXI6DM,미국과 주요 교역국들이 올해 관세를 큰 폭으로 부과하고 그 이후에도 유지하는 비관적인 상황일 경우 올해 우리나라 성장률이 1.4%까지 떨어질 것으로 봤다.,1.40%,KOSIS_VALUE,국내공식통계,hcx,현재값,성장률,-,1.4,%,2025,Y,N,Y,N,MCP_NOT_VERIFIABLE,N/A,N/A,N/A,N/A,N/A,N/A,N/A,N/A,N/A,N/A,N/A,N/A,N/A,N/A,N/A,N/A,N/A,N/A,N/A,N/A,판단불가,NOT_APPLICABLE,MEDIUM,기존 자동 범위 판정에서 KOSIS 직접 검증 대상이 아닌 것으로 분류됨.,N/A,2026-08-05T15:45:28+09:00,KOSIS_MCP_AUTO_V3,N
A0739-C010,A0739-C010-m1,A0739,작년 혼인 건수 15% 늘어...증가율 1970년 집계 이래 최고,2025-02-26,https://www.chosun.com/economy/economy_general/2025/02/26/GSSMZGGYMBGKXLHSR4WOOWUCQ4,2019년 12월(2만4945건) 이후 모든 월을 기준으로 5년 만에 혼인 건수가 가장 많았다.,2만4945건,KOSIS_VALUE,국내공식통계,hcx,현재값,혼인 건수,-,24945,건,2019,Y,Y,Y,Y,FULL_KOSIS,101,DT_1B8000G,"월·분기·연간 인구동향(출생,사망,혼인,이혼)",T1,수치,00; objL2=20,전국; 혼인건수,M,201912,N/A,수준값,DIRECT,건,24945,N/A,24945,24945,0,0.0,exact,일치,UNIQUE,HIGH,기사의 비교 기준인 2019년 12월 전국 혼인건수를 직접 조회함.,https://kosis.kr/statHtml/statHtml.do?orgId=101&tblId=DT_1B8000G&vw_cd=MT_ZTITLE,2026-08-05T15:45:28+09:00,KOSIS_MCP_AUTO_V3,N
A0748-C007,A0748-C007-m1,A0748,출산율 9년 만에 반등… “앞으로 7년이 골든타임”,2025-02-27,https://www.chosun.com/economy/economy_general/2025/02/27/JSTSHA6HNJHELOV3RULNHTIZBI,합계 출산율이 1.24명이었던 2015년 이후 처음으로 출산율이 올랐다.,1.24명,KOSIS_VALUE,국내공식통계,hcx,현재값,합계 출산율,-,1.24,명,2015,Y,Y,Y,Y,FULL_KOSIS,101,DT_1B8000H,인구동태건수 및 동태율 추이,T12,합계출산율,00,전국,Y,2015,N/A,수준값,DIRECT,명,1.239,N/A,1.239,1.24,0.0009999999999998899,0.0806451612903137,absolute_error<=0.01,일치,UNIQUE,HIGH,2015년 전국 합계출산율을 직접 조회함.,https://kosis.kr/statHtml/statHtml.do?orgId=101&tblId=DT_1B8000H&vw_cd=MT_ZTITLE,2026-08-05T15:45:28+09:00,KOSIS_MCP_AUTO_V3,N
A0766-C010,A0766-C010-m1,A0766,빚쟁이 국가서 11년 만에 세계 7위 채권국으로,2025-02-28,https://www.chosun.com/economy/economy_general/2025/02/28/USKPWHKTOJGCVO4XY4XX3BHTXA,◇서학 개미 투자 작년 50% 급증 한국의 순대외금융자산이 1조달러를 돌파한 데는 서학 개미(해외 주식 투자자)의 약진이 큰 역할을 했다.,50%,KOSIS_VALUE,국내공식통계,hcx,현재값,서학 개미 투자 증가율,서학 개미,50,%,2024,Y,N,Y,N,MCP_NOT_VERIFIABLE,N/A,N/A,N/A,N/A,N/A,N/A,N/A,N/A,N/A,N/A,N/A,N/A,N/A,N/A,N/A,N/A,N/A,N/A,N/A,N/A,판단불가,NOT_APPLICABLE,HIGH,서학개미 투자 증가율에 대응하는 KOSIS 공식 통계표를 찾지 못함.,N/A,2026-08-05T15:45:28+09:00,KOSIS_MCP_AUTO_V3,N
A0807-C004,A0807-C004-m1,A0807,전기차 보조금 한 달 빨리 결정됐더니... 2월 완성차 5사 내수 늘었다,2025-03-04,https://www.chosun.com/economy/auto/2025/03/04/K5RBLU6XRRGMDCVYPVPCHI5UO4,"4일 완성차 5사(현대차, 기아, GM 한국사업장, KG모빌리티, 르노코리아)의 지난달 내수 판매량은 11만2302대로 집계됐다.",11만2302대,KOSIS_VALUE,국내공식통계,hcx,현재값,내수 판매량,완성차,112302,대,202503,M,N,Y,N,MCP_NOT_VERIFIABLE,N/A,N/A,N/A,N/A,N/A,N/A,N/A,N/A,N/A,N/A,N/A,N/A,N/A,N/A,N/A,N/A,N/A,N/A,N/A,N/A,판단불가,NOT_APPLICABLE,MEDIUM,기존 자동 범위 판정에서 KOSIS 직접 검증 대상이 아닌 것으로 분류됨.,N/A,2026-08-05T15:45:28+09:00,KOSIS_MCP_AUTO_V3,N
A0837-C010,A0837-C010-m1,A0837,1인 年소득 5000만원? 난 왜 체감이 안 될까,2025-03-06,https://www.chosun.com/economy/economy_general/2025/03/06/6NO5N7ES2NFOJIC7KKZF4E3ZHI,"우리나라 1인당 PGDI는 1975년 482달러였는데, 지난 2023년에는 1만9498달러(약 2840만원)로 상승했다.",482달러,KOSIS_VALUE,국내공식통계,hcx,현재값,PGDI,-,482,달러,1975,Y,N,Y,N,MCP_NOT_VERIFIABLE,N/A,N/A,N/A,N/A,N/A,N/A,N/A,N/A,N/A,N/A,N/A,N/A,N/A,N/A,N/A,N/A,N/A,N/A,N/A,N/A,판단불가,NOT_APPLICABLE,HIGH,1인당 PGDI는 한국은행 국민계정 계열로 로컬 KOSIS 카탈로그에서 직접 좌표를 찾지 못함.,N/A,2026-08-05T15:45:28+09:00,KOSIS_MCP_AUTO_V3,N
A0837-C010,A0837-C010-m2,A0837,1인 年소득 5000만원? 난 왜 체감이 안 될까,2025-03-06,https://www.chosun.com/economy/economy_general/2025/03/06/6NO5N7ES2NFOJIC7KKZF4E3ZHI,"우리나라 1인당 PGDI는 1975년 482달러였는데, 지난 2023년에는 1만9498달러(약 2840만원)로 상승했다.",1만9498달러,KOSIS_VALUE,국내공식통계,hcx,현재값,PGDI,-,19498,달러,2023,Y,N,Y,N,MCP_NOT_VERIFIABLE,N/A,N/A,N/A,N/A,N/A,N/A,N/A,N/A,N/A,N/A,N/A,N/A,N/A,N/A,N/A,N/A,N/A,N/A,N/A,N/A,판단불가,NOT_APPLICABLE,HIGH,1인당 PGDI는 한국은행 국민계정 계열로 로컬 KOSIS 카탈로그에서 직접 좌표를 찾지 못함.,N/A,2026-08-05T15:45:28+09:00,KOSIS_MCP_AUTO_V3,N
A0837-C010,A0837-C010-m3,A0837,1인 年소득 5000만원? 난 왜 체감이 안 될까,2025-03-06,https://www.chosun.com/economy/economy_general/2025/03/06/6NO5N7ES2NFOJIC7KKZF4E3ZHI,"우리나라 1인당 PGDI는 1975년 482달러였는데, 지난 2023년에는 1만9498달러(약 2840만원)로 상승했다.",2840만원,KOSIS_VALUE,국내공식통계,hcx,현재값,PGDI,-,28400000,원,2023,Y,N,Y,N,MCP_NOT_VERIFIABLE,N/A,N/A,N/A,N/A,N/A,N/A,N/A,N/A,N/A,N/A,N/A,N/A,N/A,N/A,N/A,N/A,N/A,N/A,N/A,N/A,판단불가,NOT_APPLICABLE,HIGH,원화 PGDI는 달러값에 환율을 적용한 기사 환산치라 단일 KOSIS 원자료가 아님.,N/A,2026-08-05T15:45:28+09:00,KOSIS_MCP_AUTO_V3,N
A0837-C012,A0837-C012-m1,A0837,1인 年소득 5000만원? 난 왜 체감이 안 될까,2025-03-06,https://www.chosun.com/economy/economy_general/2025/03/06/6NO5N7ES2NFOJIC7KKZF4E3ZHI,"한은에 따르면 GNI 대비 PGDI 비율은 한은이 해당 통계 작성을 시작한 1975년에는 77.5%였는데, 지난 2023년 53.9%로 역대 최저치로 떨어졌다.",53.90%,KOSIS_VALUE,국내공식통계,hcx,현재값,GNI 대비 PGDI 비율,-,53.9,%,2023,Y,N,Y,N,MCP_NOT_VERIFIABLE,N/A,N/A,N/A,N/A,N/A,N/A,N/A,N/A,N/A,N/A,N/A,N/A,N/A,N/A,N/A,N/A,N/A,N/A,N/A,N/A,판단불가,NOT_APPLICABLE,HIGH,GNI 대비 PGDI 비율은 한국은행 국민계정 파생지표로 로컬 KOSIS 좌표를 확정하지 못함.,N/A,2026-08-05T15:45:28+09:00,KOSIS_MCP_AUTO_V3,N
A0871-C010,A0871-C010-m1,A0871,“아이 낳으면 1억 드립니다”… 인구 증가 ‘전국 1위’ 찍은 이 도시,2025-03-09,https://www.chosun.com/national/national_general/2025/03/09/2FUPCN2GEBEJBF4V7LWZ7PD62I,인구 유입 척도 중 하나인 순이동률에서도 인천은 2021년 이후 단 한 차례도 마이너스를 기록하지 않았다.,마이너스,KOSIS_VALUE,국내공식통계,hcx,현재값,순이동률,-,0,%,2021,Y,N,N,N,MCP_NOT_VERIFIABLE,N/A,N/A,N/A,N/A,N/A,N/A,N/A,N/A,N/A,N/A,N/A,N/A,N/A,N/A,N/A,N/A,N/A,N/A,N/A,N/A,판단불가,NOT_APPLICABLE,HIGH,'2021년 이후 한 번도 음수가 아님'은 다기간 조건 주장으로 단일 측정값 0%와 동일하지 않음.,N/A,2026-08-05T15:45:28+09:00,KOSIS_MCP_AUTO_V3,N
A0872-C007,A0872-C007-m2,A0872,"픽업트럭 기아 타스만, 불티나게 팔리는 이유",2025-03-09,https://www.chosun.com/economy/auto/2025/03/09/7KBLGBFYONHXZBMQOMJWKE275U,"한국자동차모빌리티산업협회(KAMA)에 따르면 2019년 국내 완성차 5사의 픽업 판매량은 4만2619대였지만, 2020년 3만8117대, 2021년 2만9567대, 2022년 2만8753대, 2023년 1만7455대, 2024년 1만3475대로 매년 줄고 있다.",4만2619대,KOSIS_VALUE,국내공식통계,hcx,현재값,픽업 판매량,완성차,42619,대,2019,Y,N,Y,N,MCP_NOT_VERIFIABLE,N/A,N/A,N/A,N/A,N/A,N/A,N/A,N/A,N/A,N/A,N/A,N/A,N/A,N/A,N/A,N/A,N/A,N/A,N/A,N/A,판단불가,NOT_APPLICABLE,MEDIUM,기존 자동 범위 판정에서 KOSIS 직접 검증 대상이 아닌 것으로 분류됨.,N/A,2026-08-05T15:45:28+09:00,KOSIS_MCP_AUTO_V3,N
A0872-C007,A0872-C007-m3,A0872,"픽업트럭 기아 타스만, 불티나게 팔리는 이유",2025-03-09,https://www.chosun.com/economy/auto/2025/03/09/7KBLGBFYONHXZBMQOMJWKE275U,"한국자동차모빌리티산업협회(KAMA)에 따르면 2019년 국내 완성차 5사의 픽업 판매량은 4만2619대였지만, 2020년 3만8117대, 2021년 2만9567대, 2022년 2만8753대, 2023년 1만7455대, 2024년 1만3475대로 매년 줄고 있다.",3만8117대,KOSIS_VALUE,국내공식통계,hcx,현재값,픽업 판매량,완성차,38117,대,2020,Y,N,Y,N,MCP_NOT_VERIFIABLE,N/A,N/A,N/A,N/A,N/A,N/A,N/A,N/A,N/A,N/A,N/A,N/A,N/A,N/A,N/A,N/A,N/A,N/A,N/A,N/A,판단불가,NOT_APPLICABLE,MEDIUM,기존 자동 범위 판정에서 KOSIS 직접 검증 대상이 아닌 것으로 분류됨.,N/A,2026-08-05T15:45:28+09:00,KOSIS_MCP_AUTO_V3,N
A0872-C007,A0872-C007-m4,A0872,"픽업트럭 기아 타스만, 불티나게 팔리는 이유",2025-03-09,https://www.chosun.com/economy/auto/2025/03/09/7KBLGBFYONHXZBMQOMJWKE275U,"한국자동차모빌리티산업협회(KAMA)에 따르면 2019년 국내 완성차 5사의 픽업 판매량은 4만2619대였지만, 2020년 3만8117대, 2021년 2만9567대, 2022년 2만8753대, 2023년 1만7455대, 2024년 1만3475대로 매년 줄고 있다.",2만9567대,KOSIS_VALUE,국내공식통계,hcx,현재값,픽업 판매량,완성차,29567,대,2021,Y,N,Y,N,MCP_NOT_VERIFIABLE,N/A,N/A,N/A,N/A,N/A,N/A,N/A,N/A,N/A,N/A,N/A,N/A,N/A,N/A,N/A,N/A,N/A,N/A,N/A,N/A,판단불가,NOT_APPLICABLE,MEDIUM,기존 자동 범위 판정에서 KOSIS 직접 검증 대상이 아닌 것으로 분류됨.,N/A,2026-08-05T15:45:28+09:00,KOSIS_MCP_AUTO_V3,N
A0872-C007,A0872-C007-m5,A0872,"픽업트럭 기아 타스만, 불티나게 팔리는 이유",2025-03-09,https://www.chosun.com/economy/auto/2025/03/09/7KBLGBFYONHXZBMQOMJWKE275U,"한국자동차모빌리티산업협회(KAMA)에 따르면 2019년 국내 완성차 5사의 픽업 판매량은 4만2619대였지만, 2020년 3만8117대, 2021년 2만9567대, 2022년 2만8753대, 2023년 1만7455대, 2024년 1만3475대로 매년 줄고 있다.",2만8753대,KOSIS_VALUE,국내공식통계,hcx,현재값,픽업 판매량,완성차,28753,대,2022,Y,N,Y,N,MCP_NOT_VERIFIABLE,N/A,N/A,N/A,N/A,N/A,N/A,N/A,N/A,N/A,N/A,N/A,N/A,N/A,N/A,N/A,N/A,N/A,N/A,N/A,N/A,판단불가,NOT_APPLICABLE,MEDIUM,기존 자동 범위 판정에서 KOSIS 직접 검증 대상이 아닌 것으로 분류됨.,N/A,2026-08-05T15:45:28+09:00,KOSIS_MCP_AUTO_V3,N
A0872-C007,A0872-C007-m6,A0872,"픽업트럭 기아 타스만, 불티나게 팔리는 이유",2025-03-09,https://www.chosun.com/economy/auto/2025/03/09/7KBLGBFYONHXZBMQOMJWKE275U,"한국자동차모빌리티산업협회(KAMA)에 따르면 2019년 국내 완성차 5사의 픽업 판매량은 4만2619대였지만, 2020년 3만8117대, 2021년 2만9567대, 2022년 2만8753대, 2023년 1만7455대, 2024년 1만3475대로 매년 줄고 있다.",1만7455대,KOSIS_VALUE,국내공식통계,hcx,현재값,픽업 판매량,완성차,17455,대,2023,Y,N,Y,N,MCP_NOT_VERIFIABLE,N/A,N/A,N/A,N/A,N/A,N/A,N/A,N/A,N/A,N/A,N/A,N/A,N/A,N/A,N/A,N/A,N/A,N/A,N/A,N/A,판단불가,NOT_APPLICABLE,MEDIUM,기존 자동 범위 판정에서 KOSIS 직접 검증 대상이 아닌 것으로 분류됨.,N/A,2026-08-05T15:45:28+09:00,KOSIS_MCP_AUTO_V3,N
A0872-C007,A0872-C007-m7,A0872,"픽업트럭 기아 타스만, 불티나게 팔리는 이유",2025-03-09,https://www.chosun.com/economy/auto/2025/03/09/7KBLGBFYONHXZBMQOMJWKE275U,"한국자동차모빌리티산업협회(KAMA)에 따르면 2019년 국내 완성차 5사의 픽업 판매량은 4만2619대였지만, 2020년 3만8117대, 2021년 2만9567대, 2022년 2만8753대, 2023년 1만7455대, 2024년 1만3475대로 매년 줄고 있다.",1만3475대,KOSIS_VALUE,국내공식통계,hcx,현재값,픽업 판매량,완성차,13475,대,2024,Y,N,Y,N,MCP_NOT_VERIFIABLE,N/A,N/A,N/A,N/A,N/A,N/A,N/A,N/A,N/A,N/A,N/A,N/A,N/A,N/A,N/A,N/A,N/A,N/A,N/A,N/A,판단불가,NOT_APPLICABLE,MEDIUM,기존 자동 범위 판정에서 KOSIS 직접 검증 대상이 아닌 것으로 분류됨.,N/A,2026-08-05T15:45:28+09:00,KOSIS_MCP_AUTO_V3,N
A0882-C023,A0882-C023-m1,A0882,일본 따라가네... 중소·벤처 M&A 시장서 독립계 자문사 뜬다,2025-03-09,https://www.chosun.com/economy/money/2025/03/09/FQYIFBQP7R6CKAJTG5MV7SQ2XA,중소벤처기업연구원에 따르면 국내 제조 중소기업 경영자 중 ’60세 이상’ 비중은 2012년 14.1%에서 2022년 33.5%로 증가했다.,33.50%,KOSIS_VALUE,국내공식통계,hcx,현재값,제조 중소기업 경영자의 60세 이상 비중,-,33.5,%,2022,Y,N,Y,N,MCP_NOT_VERIFIABLE,N/A,N/A,N/A,N/A,N/A,N/A,N/A,N/A,N/A,N/A,N/A,N/A,N/A,N/A,N/A,N/A,N/A,N/A,N/A,N/A,판단불가,NOT_APPLICABLE,HIGH,중소벤처기업연구원 분석값이며 동일 정의의 KOSIS 직접 통계표를 찾지 못함.,N/A,2026-08-05T15:45:28+09:00,KOSIS_MCP_AUTO_V3,N
A0898-C012,A0898-C012-m2,A0898,"국내 車 생산, 세계 7위로 추락… 멕시코에도 밀렸다",2025-03-11,https://www.chosun.com/economy/auto/2025/03/11/BD2YKP6KLNGMHHMTNOZSSXUYTQ,"그러나 반 토막 났던 독일이 회복세를 보이면서 2022년 6위로 밀렸고, 지난해엔 생산량까지 줄며 멕시코(420만대)에도 뒤졌다.",420만대,KOSIS_VALUE,국내공식통계,hcx,현재값,멕시코 자동차 생산량,자동차,4200000,대,2022,Y,N,N,N,MEASUREMENT_ERROR,N/A,N/A,N/A,N/A,N/A,N/A,N/A,N/A,N/A,N/A,N/A,N/A,N/A,N/A,N/A,N/A,N/A,N/A,N/A,N/A,판단불가,NOT_APPLICABLE,MEDIUM,기존 자동 측정 규칙에서 측정값 추출 오류로 분류되어 KOSIS 골드 좌표를 부여하지 않음.,N/A,2026-08-05T15:45:28+09:00,KOSIS_MCP_AUTO_V3,N
A0976-C006,A0976-C006-m1,A0976,제네시스 3대 중 1대 美서 팔린다… 트럼프 관세로 제동 우려,2025-03-17,https://www.chosun.com/economy/auto/2025/03/17/QH7A3LKN4ZE47F3HF5Y3FWSDF4,국내에서는 13만674대(56.9%)를 팔아 한·미 양국이 전체 시장의 89.6%에 달했다.,13만674대,KOSIS_VALUE,국내공식통계,hcx,현재값,제네시스 판매량,자동차,130674,대,2024,Y,N,Y,N,MCP_NOT_VERIFIABLE,N/A,N/A,N/A,N/A,N/A,N/A,N/A,N/A,N/A,N/A,N/A,N/A,N/A,N/A,N/A,N/A,N/A,N/A,N/A,N/A,판단불가,NOT_APPLICABLE,MEDIUM,기존 자동 범위 판정에서 KOSIS 직접 검증 대상이 아닌 것으로 분류됨.,N/A,2026-08-05T15:45:28+09:00,KOSIS_MCP_AUTO_V3,N
A0976-C006,A0976-C006-m2,A0976,제네시스 3대 중 1대 美서 팔린다… 트럼프 관세로 제동 우려,2025-03-17,https://www.chosun.com/economy/auto/2025/03/17/QH7A3LKN4ZE47F3HF5Y3FWSDF4,국내에서는 13만674대(56.9%)를 팔아 한·미 양국이 전체 시장의 89.6%에 달했다.,56.90%,KOSIS_VALUE,국내공식통계,hcx,현재값,국내 판매 비율,자동차,56.9,%,2024,Y,N,Y,N,MCP_NOT_VERIFIABLE,N/A,N/A,N/A,N/A,N/A,N/A,N/A,N/A,N/A,N/A,N/A,N/A,N/A,N/A,N/A,N/A,N/A,N/A,N/A,N/A,판단불가,NOT_APPLICABLE,MEDIUM,기존 자동 범위 판정에서 KOSIS 직접 검증 대상이 아닌 것으로 분류됨.,N/A,2026-08-05T15:45:28+09:00,KOSIS_MCP_AUTO_V3,N
A0976-C006,A0976-C006-m3,A0976,제네시스 3대 중 1대 美서 팔린다… 트럼프 관세로 제동 우려,2025-03-17,https://www.chosun.com/economy/auto/2025/03/17/QH7A3LKN4ZE47F3HF5Y3FWSDF4,국내에서는 13만674대(56.9%)를 팔아 한·미 양국이 전체 시장의 89.6%에 달했다.,89.60%,KOSIS_VALUE,국내공식통계,hcx,현재값,한·미 판매 비율,자동차,89.6,%,2024,Y,N,Y,N,MCP_NOT_VERIFIABLE,N/A,N/A,N/A,N/A,N/A,N/A,N/A,N/A,N/A,N/A,N/A,N/A,N/A,N/A,N/A,N/A,N/A,N/A,N/A,N/A,판단불가,NOT_APPLICABLE,MEDIUM,기존 자동 범위 판정에서 KOSIS 직접 검증 대상이 아닌 것으로 분류됨.,N/A,2026-08-05T15:45:28+09:00,KOSIS_MCP_AUTO_V3,N
A1051-C015,A1051-C015-m1,A1051,[증시한담] 다시 늘어난 주식 보유 기간… 사실은 물려서?,2025-03-22,https://www.chosun.com/economy/money/2025/03/22/O5455JDSR7DFZT47VQV3STI7BQ,한국예탁결제원에 따르면 삼성전자 주식 소유자 수는 지난해 말 기준 567만명입니다.,567만명,KOSIS_VALUE,국내공식통계,hcx,현재값,주식 소유자 수,삼성전자,5670000,명,2024말,Y,N,Y,N,MCP_NOT_VERIFIABLE,N/A,N/A,N/A,N/A,N/A,N/A,N/A,N/A,N/A,N/A,N/A,N/A,N/A,N/A,N/A,N/A,N/A,N/A,N/A,N/A,판단불가,NOT_APPLICABLE,MEDIUM,기존 자동 범위 판정에서 KOSIS 직접 검증 대상이 아닌 것으로 분류됨.,N/A,2026-08-05T15:45:28+09:00,KOSIS_MCP_AUTO_V3,N
A1085-C008,A1085-C008-m1,A1085,"비대면진료 전면 허용 1년, 환자도 의사도 이용 급증",2025-03-25,https://www.chosun.com/economy/economy_general/2025/03/25/3PQ25G3OGFHIVFH467K6W3M63I,"올해 1~2월 닥터나우의 비대면 진료 중 감기, 몸살, 부인과, 소아과 등 경증 질환이 71%에 달하는 것으로 집계됐다.",71%,KOSIS_VALUE,국내공식통계,hcx,현재값,경증 질환 비율,-,71,%,202503,M,N,N,N,MEASUREMENT_ERROR,N/A,N/A,N/A,N/A,N/A,N/A,N/A,N/A,N/A,N/A,N/A,N/A,N/A,N/A,N/A,N/A,N/A,N/A,N/A,N/A,판단불가,NOT_APPLICABLE,MEDIUM,기존 자동 측정 규칙에서 측정값 추출 오류로 분류되어 KOSIS 골드 좌표를 부여하지 않음.,N/A,2026-08-05T15:45:28+09:00,KOSIS_MCP_AUTO_V3,N
A1119-C017,A1119-C017-m1,A1119,120만대 ‘메이드 인 USA’ 첫발… “4월 2일 이후가 중요”,2025-03-28,https://www.chosun.com/economy/auto/2025/03/28/CB3WOT3O4JEZTLLQRNXBHYA3SU,현대차그룹은 지난해 미국 전기차 시장에서 12만대를 팔며 테슬라(63만대)에 이어 2위를 나타냈다.,12만대,KOSIS_VALUE,국내공식통계,hcx,현재값,전기차 판매량,현대차그룹,120000,대,2025,Y,N,N,N,MEASUREMENT_ERROR,N/A,N/A,N/A,N/A,N/A,N/A,N/A,N/A,N/A,N/A,N/A,N/A,N/A,N/A,N/A,N/A,N/A,N/A,N/A,N/A,판단불가,NOT_APPLICABLE,MEDIUM,기존 자동 측정 규칙에서 측정값 추출 오류로 분류되어 KOSIS 골드 좌표를 부여하지 않음.,N/A,2026-08-05T15:45:28+09:00,KOSIS_MCP_AUTO_V3,N
A1119-C017,A1119-C017-m2,A1119,120만대 ‘메이드 인 USA’ 첫발… “4월 2일 이후가 중요”,2025-03-28,https://www.chosun.com/economy/auto/2025/03/28/CB3WOT3O4JEZTLLQRNXBHYA3SU,현대차그룹은 지난해 미국 전기차 시장에서 12만대를 팔며 테슬라(63만대)에 이어 2위를 나타냈다.,63만대,KOSIS_VALUE,국내공식통계,hcx,현재값,전기차 판매량,테슬라,630000,대,2025,Y,N,N,N,MEASUREMENT_ERROR,N/A,N/A,N/A,N/A,N/A,N/A,N/A,N/A,N/A,N/A,N/A,N/A,N/A,N/A,N/A,N/A,N/A,N/A,N/A,N/A,판단불가,NOT_APPLICABLE,MEDIUM,기존 자동 측정 규칙에서 측정값 추출 오류로 분류되어 KOSIS 골드 좌표를 부여하지 않음.,N/A,2026-08-05T15:45:28+09:00,KOSIS_MCP_AUTO_V3,N
A1122-C024,A1122-C024-m1,A1122,"양양, 관광객이 주민의 28배… 인구감소지역 살리는 외부인",2025-03-28,https://www.chosun.com/economy/economy_general/2025/03/28/ECG25DYMGVGYDFA2RBNNGCAAVY,"예컨대 작년 8월 강원도 인구 감소 지역의 체류 인구 가운데 29%는 관광 목적으로 방문한 4일 이하 ‘단기 숙박객’이었지만, 수도권은 이 비율이 6.5%에 그쳤다.",29%,KOSIS_VALUE,국내공식통계,hcx,현재값,관광 목적 단기 숙박객 비율,-,29,%,2024,M,N,Y,N,MCP_NOT_VERIFIABLE,N/A,N/A,N/A,N/A,N/A,N/A,N/A,N/A,N/A,N/A,N/A,N/A,N/A,N/A,N/A,N/A,N/A,N/A,N/A,N/A,판단불가,NOT_APPLICABLE,HIGH,생활인구 중 관광 목적 단기 숙박객 비율은 맞춤형 결합지표로 KOSIS 직접 좌표가 아님.,N/A,2026-08-05T15:45:28+09:00,KOSIS_MCP_AUTO_V3,N
A1122-C024,A1122-C024-m2,A1122,"양양, 관광객이 주민의 28배… 인구감소지역 살리는 외부인",2025-03-28,https://www.chosun.com/economy/economy_general/2025/03/28/ECG25DYMGVGYDFA2RBNNGCAAVY,"예컨대 작년 8월 강원도 인구 감소 지역의 체류 인구 가운데 29%는 관광 목적으로 방문한 4일 이하 ‘단기 숙박객’이었지만, 수도권은 이 비율이 6.5%에 그쳤다.",6.50%,KOSIS_VALUE,국내공식통계,hcx,현재값,관광 목적 단기 숙박객 비율,-,6.5,%,2024,M,N,Y,N,MCP_NOT_VERIFIABLE,N/A,N/A,N/A,N/A,N/A,N/A,N/A,N/A,N/A,N/A,N/A,N/A,N/A,N/A,N/A,N/A,N/A,N/A,N/A,N/A,판단불가,NOT_APPLICABLE,HIGH,생활인구 중 관광 목적 단기 숙박객 비율은 맞춤형 결합지표로 KOSIS 직접 좌표가 아님.,N/A,2026-08-05T15:45:28+09:00,KOSIS_MCP_AUTO_V3,N
A1123-C004,A1123-C004-m1,A1123,"女 대졸 이상 비율, 80년대생부터 男 앞서",2025-03-28,https://www.chosun.com/economy/economy_general/2025/03/28/FV56ZTW6QJB45D7N322ZPHFHYU,"보고서에 따르면, 1970~1974년생 남성의 고학력자 비율은 53.5%로 여성(45.8%)보다 7.7%포인트 높았다.",53.50%,KOSIS_VALUE,국내공식통계,hcx,현재값,남성 고학력자 비율,-,53.5,%,1974,Y,N,N,N,MEASUREMENT_ERROR,N/A,N/A,N/A,N/A,N/A,N/A,N/A,N/A,N/A,N/A,N/A,N/A,N/A,N/A,N/A,N/A,N/A,N/A,N/A,N/A,판단불가,NOT_APPLICABLE,MEDIUM,기존 자동 측정 규칙에서 측정값 추출 오류로 분류되어 KOSIS 골드 좌표를 부여하지 않음.,N/A,2026-08-05T15:45:28+09:00,KOSIS_MCP_AUTO_V3,N
A1123-C005,A1123-C005-m1,A1123,"女 대졸 이상 비율, 80년대생부터 男 앞서",2025-03-28,https://www.chosun.com/economy/economy_general/2025/03/28/FV56ZTW6QJB45D7N322ZPHFHYU,1975~1976년생도 남성의 고학력 비율(62.9%)이 여성(60.2%)보다 높다.,62.90%,KOSIS_VALUE,국내공식통계,hcx,현재값,남성 고학력자 비율,1975~1976년생,62.9,%,1976,Y,N,Y,N,MCP_NOT_VERIFIABLE,N/A,N/A,N/A,N/A,N/A,N/A,N/A,N/A,N/A,N/A,N/A,N/A,N/A,N/A,N/A,N/A,N/A,N/A,N/A,N/A,판단불가,NOT_APPLICABLE,HIGH,1975~1976년생 남성의 학력 비율은 출생코호트 재집계값으로 단일 KOSIS 좌표가 아님.,N/A,2026-08-05T15:45:28+09:00,KOSIS_MCP_AUTO_V3,N
A1183-C016,A1183-C016-m1,A1183,"한은·통계청의 경제 지표 활용, 노후 위한 투자 밑그림 그리세요",2025-04-02,https://www.chosun.com/economy/money/2025/04/02/KL276AIILNHP5L6JJNYFSJU3XE,"과거 30년간 우리나라 경제성장률이 올해 전망치인 1.5%보다 낮았던 때는 1998년 외환 위기, 2009년 글로벌 금융 위기, 2020년 코로나 팬데믹 위기 등이다.",1.50%,KOSIS_VALUE,국내공식통계,hcx,현재값,경제성장률,-,1.5,%,2025,Y,N,Y,N,MCP_NOT_VERIFIABLE,N/A,N/A,N/A,N/A,N/A,N/A,N/A,N/A,N/A,N/A,N/A,N/A,N/A,N/A,N/A,N/A,N/A,N/A,N/A,N/A,판단불가,NOT_APPLICABLE,HIGH,2025년 경제성장률 1.5%는 전망치여서 확정 실적 KOSIS 골드로 사용할 수 없음.,N/A,2026-08-05T15:45:28+09:00,KOSIS_MCP_AUTO_V3,N
A1191-C011,A1191-C011-m1,A1191,“작년 역대 최고 고용 달성? 외국인·노인 고용 늘어난 통계적인 착시에 불과”,2025-04-02,https://www.chosun.com/economy/economy_general/2025/04/02/NE2LONUUMBEZVI5DDJRPBMDR7U,"같은 방식으로 비교했을 때 2023년까지만 해도 외국인과 노인 일자리 참여자 증가 규모는 11만8000명으로, 전체 취업자 증가 폭(32만7000명)보다 적었다.",11만8000명,KOSIS_VALUE,국내공식통계,hcx,현재값,외국인과 노인 일자리 참여자 증가 규모,-,118000,명,2023,Y,N,Y,N,MCP_NOT_VERIFIABLE,N/A,N/A,N/A,N/A,N/A,N/A,N/A,N/A,N/A,N/A,N/A,N/A,N/A,N/A,N/A,N/A,N/A,N/A,N/A,N/A,판단불가,NOT_APPLICABLE,HIGH,외국인과 노인 일자리 참여자 증가 규모는 복수 집단을 재구성한 기사 파생값임.,N/A,2026-08-05T15:45:28+09:00,KOSIS_MCP_AUTO_V3,N
A1191-C011,A1191-C011-m2,A1191,“작년 역대 최고 고용 달성? 외국인·노인 고용 늘어난 통계적인 착시에 불과”,2025-04-02,https://www.chosun.com/economy/economy_general/2025/04/02/NE2LONUUMBEZVI5DDJRPBMDR7U,"같은 방식으로 비교했을 때 2023년까지만 해도 외국인과 노인 일자리 참여자 증가 규모는 11만8000명으로, 전체 취업자 증가 폭(32만7000명)보다 적었다.",32만7000명,KOSIS_VALUE,국내공식통계,hcx,현재값,전체 취업자 증가 폭,-,327000,명,2023,Y,Y,Y,Y,FULL_KOSIS,101,DT_1DA7001S,성별 경제활동인구 총괄,T30,취업자,0,계,Y,2023,2022,증감량,DIFF_FROM_LEVEL,천명,28416.3,28089.1,327200,327000,200,0.06116207951070336,relative_error<=0.5%,일치,UNIQUE,HIGH,2022년과 2023년 전체 취업자 차이를 천명에서 명으로 환산함.,https://kosis.kr/statHtml/statHtml.do?orgId=101&tblId=DT_1DA7001S&vw_cd=MT_ZTITLE,2026-08-05T15:45:28+09:00,KOSIS_MCP_AUTO_V3,N
A1218-C001,A1218-C001-m1,A1218,트럼프 관세 여파로 외국인 직접투자액 1분기 9.2% 줄어,2025-04-04,https://www.chosun.com/economy/industry-company/2025/04/04/HWJVCRJQ5FDRPI7DW3X5AERARI,올해 1분기(1~3월) 우리나라로 들어온 외국인 직접투자(FDI)가 작년 같은 기간 대비 9.2% 줄었다.,9.20%,KOSIS_VALUE,국내공식통계,hcx,증감률,외국인직접투자액,-,9.2,%,2025Q1,Q,N,Y,N,MCP_NOT_VERIFIABLE,N/A,N/A,N/A,N/A,N/A,N/A,N/A,N/A,N/A,N/A,N/A,N/A,N/A,N/A,N/A,N/A,N/A,N/A,N/A,N/A,판단불가,NOT_APPLICABLE,HIGH,국내 유입 외국인직접투자 분기 증감률에 대응하는 KOSIS 좌표를 찾지 못함.,N/A,2026-08-05T15:45:28+09:00,KOSIS_MCP_AUTO_V3,N
A1246-C009,A1246-C009-m2,A1246,‘손해율 악화·보험료 인하’에… 지난해 자동차보험 4년만에 적자 전환,2025-04-06,https://www.chosun.com/economy/money/2025/04/06/GHN72KKRIIV76NNEUBN74VJ32A,지난해 자동차부문 보험손익 합산비율(손해율+사업비율)은 손익분기점인 100%를 초과해 97억원 적자를 기록했다.,97억원,KOSIS_VALUE,국내공식통계,hcx,현재값,적자,-,9700000000,원,2024,Y,N,Y,N,MCP_NOT_VERIFIABLE,N/A,N/A,N/A,N/A,N/A,N/A,N/A,N/A,N/A,N/A,N/A,N/A,N/A,N/A,N/A,N/A,N/A,N/A,N/A,N/A,판단불가,NOT_APPLICABLE,HIGH,자동차보험 부문 손익은 금융감독 자료로 동일 정의의 KOSIS 통계표를 찾지 못함.,N/A,2026-08-05T15:45:28+09:00,KOSIS_MCP_AUTO_V3,N
A1253-C009,A1253-C009-m2,A1253,‘관세 전쟁’ 반영 안 했는데도… 올 한국 성장률 1.4%로 내려,2025-04-07,https://www.chosun.com/economy/economy_general/2025/04/07/VVA56JEZHRGWBM24Z4F4FHUU5E,"앞서 한국은행은 지난 2월 올해 성장률 전망을 기존 1.9%에서 1.5%로 내렸고, 관세 전쟁이 격화하는 경우 1.4% 성장으로 둔화할 것으로 봤다.",1.50%,KOSIS_VALUE,국내공식통계,hcx,현재값,경제성장률,-,1.5,%,2025,Y,N,Y,N,MCP_NOT_VERIFIABLE,N/A,N/A,N/A,N/A,N/A,N/A,N/A,N/A,N/A,N/A,N/A,N/A,N/A,N/A,N/A,N/A,N/A,N/A,N/A,N/A,판단불가,NOT_APPLICABLE,MEDIUM,기존 자동 범위 판정에서 KOSIS 직접 검증 대상이 아닌 것으로 분류됨.,N/A,2026-08-05T15:45:28+09:00,KOSIS_MCP_AUTO_V3,N
A1253-C009,A1253-C009-m3,A1253,‘관세 전쟁’ 반영 안 했는데도… 올 한국 성장률 1.4%로 내려,2025-04-07,https://www.chosun.com/economy/economy_general/2025/04/07/VVA56JEZHRGWBM24Z4F4FHUU5E,"앞서 한국은행은 지난 2월 올해 성장률 전망을 기존 1.9%에서 1.5%로 내렸고, 관세 전쟁이 격화하는 경우 1.4% 성장으로 둔화할 것으로 봤다.",1.40%,KOSIS_VALUE,국내공식통계,hcx,증감률,경제성장률,-,1.4,%,2025,Y,N,N,N,MEASUREMENT_ERROR,N/A,N/A,N/A,N/A,N/A,N/A,N/A,N/A,N/A,N/A,N/A,N/A,N/A,N/A,N/A,N/A,N/A,N/A,N/A,N/A,판단불가,NOT_APPLICABLE,MEDIUM,기존 자동 측정 규칙에서 측정값 추출 오류로 분류되어 KOSIS 골드 좌표를 부여하지 않음.,N/A,2026-08-05T15:45:28+09:00,KOSIS_MCP_AUTO_V3,N
A1356-C021,A1356-C021-m1,A1356,"3040은 생활비, 60대 이상은 팬클럽 활동에 ‘모임 통장’ 쓴다",2025-04-15,https://www.chosun.com/economy/economy_general/2025/04/15/KNSLCZWTCZCXDIAF2VXAAVSXKM,모임 통장 이용자 중 1.5%(2020년)에 불과했던 60대 이상 비율은 작년 말 6.9%로 4년 만에 4.6배로 뛰었다.,6.90%,KOSIS_VALUE,국내공식통계,hcx,현재값,모임 통장 이용자 비율,60대 이상,6.9,%,2024,Y,N,Y,N,MCP_NOT_VERIFIABLE,N/A,N/A,N/A,N/A,N/A,N/A,N/A,N/A,N/A,N/A,N/A,N/A,N/A,N/A,N/A,N/A,N/A,N/A,N/A,N/A,판단불가,NOT_APPLICABLE,MEDIUM,기존 자동 범위 판정에서 KOSIS 직접 검증 대상이 아닌 것으로 분류됨.,N/A,2026-08-05T15:45:28+09:00,KOSIS_MCP_AUTO_V3,N
A1383-C003,A1383-C003-m1,A1383,"가파른 농촌 소멸의 현실... 작년 농가 수 97만가구, 1년새 2.5% 줄어",2025-04-17,https://www.chosun.com/economy/economy_general/2025/04/17/3OPFBMB5FND7LKAFGEU5LNCDGA,농가에서 65세 이상 고령 인구가 차지하는 비율도 지난해 기준 55.8%로 해마다 계속 상승하면서 농촌 소멸 우려가 현실화되고 있다는 분석이 나온다.,55.80%,KOSIS_VALUE,국내공식통계,hcx,현재값,농가에서 65세 이상 고령 인구가 차지하는 비율,-,55.8,%,2024,Y,Y,Y,Y,FULL_KOSIS,101,DT_1EA1040,연령 및 성별 농가인구,T00,농가인구,"000; objL2=E14,E15,E16,E17","전국; 65~69세,70~74세,75~79세,80세 이상",Y,2024,N/A,구성비,SUM_AGE_GROUPS_DIV_TOTAL,명,1117944,N/A,55.7989937709631,55.8,0.0010062290368964,0.0018032778439003585,absolute_error<=0.1%p,일치,UNIQUE,HIGH,"65세 이상 네 연령대 농가인구 합계를 전체 농가인구 2,003,520명으로 나눔.",https://kosis.kr/statHtml/statHtml.do?orgId=101&tblId=DT_1EA1040&vw_cd=MT_ZTITLE,2026-08-05T15:45:28+09:00,KOSIS_MCP_AUTO_V3,N
A1436-C005,A1436-C005-m1,A1436,사상 첫 ‘4분기 연속 0.1% 이하 성장’ 쇼크 오나,2025-04-21,https://www.chosun.com/economy/economy_general/2025/04/21/IJL2AD4SB5ETLABUQTFBKVHC7I,"◇‘4개 분기 연속 제로 성장’ 쇼크 한국은행은 지난 17일 ‘올해 1분기(1~3월) 및 향후 성장 흐름 평가’ 보고서에서 “1분기 우리나라 성장률이 지난 2월에 내놓은 전망치인 0.2%보다 더 낮으며, 마이너스(-) 성장 가능성도 배제할 수 없는 상황”이라고 했다.",4개,KOSIS_VALUE,국내공식통계,hcx,현재값,분기 연속 성장,-,4,개,2025Q1,Q,N,N,N,MEASUREMENT_ERROR,N/A,N/A,N/A,N/A,N/A,N/A,N/A,N/A,N/A,N/A,N/A,N/A,N/A,N/A,N/A,N/A,N/A,N/A,N/A,N/A,판단불가,NOT_APPLICABLE,HIGH,'4개 분기 연속'은 시계열 조건의 횟수이며 단일 통계 측정값이 아님.,N/A,2026-08-05T15:45:28+09:00,KOSIS_MCP_AUTO_V3,N
A1436-C005,A1436-C005-m2,A1436,사상 첫 ‘4분기 연속 0.1% 이하 성장’ 쇼크 오나,2025-04-21,https://www.chosun.com/economy/economy_general/2025/04/21/IJL2AD4SB5ETLABUQTFBKVHC7I,"◇‘4개 분기 연속 제로 성장’ 쇼크 한국은행은 지난 17일 ‘올해 1분기(1~3월) 및 향후 성장 흐름 평가’ 보고서에서 “1분기 우리나라 성장률이 지난 2월에 내놓은 전망치인 0.2%보다 더 낮으며, 마이너스(-) 성장 가능성도 배제할 수 없는 상황”이라고 했다.",0.20%,KOSIS_VALUE,국내공식통계,hcx,현재값,경제성장률,-,0.2,%,2025Q1,Q,N,Y,N,MCP_NOT_VERIFIABLE,N/A,N/A,N/A,N/A,N/A,N/A,N/A,N/A,N/A,N/A,N/A,N/A,N/A,N/A,N/A,N/A,N/A,N/A,N/A,N/A,판단불가,NOT_APPLICABLE,HIGH,0.2%는 당시 한국은행 전망치로 확정 실적 KOSIS 골드가 아님.,N/A,2026-08-05T15:45:28+09:00,KOSIS_MCP_AUTO_V3,N
A1478-C003,A1478-C003-m2,A1478,한국 1분기 -0.2% 역성장 쇼크... 1년간 성장 멈췄다,2025-04-24,https://www.chosun.com/economy/economy_general/2025/04/24/RYSYX6BORRBE5GFWM4X74Z3QLA,성장률이 4개 분기 연속으로 0.1% 이하를 기록한 것은 과거 대형 경제 위기 때도 없었다.,4개,KOSIS_VALUE,국내공식통계,hcx,현재값,분기 수,-,4,개,2025Q1,Q,N,N,N,MEASUREMENT_ERROR,N/A,N/A,N/A,N/A,N/A,N/A,N/A,N/A,N/A,N/A,N/A,N/A,N/A,N/A,N/A,N/A,N/A,N/A,N/A,N/A,판단불가,NOT_APPLICABLE,HIGH,'4개 분기'는 연속 조건을 세어 만든 문맥값으로 직접 통계 측정값이 아님.,N/A,2026-08-05T15:45:28+09:00,KOSIS_MCP_AUTO_V3,N
A1612-C002,A1612-C002-m2,A1612,올해 국산차 ‘톱3’ 기아 RV가 독식,2025-05-05,https://www.chosun.com/economy/auto/2025/05/05/6ZESVWJNCNHHFNZXJM56H3P5SA,"5일 국내 완성차 5사에 따르면, 쏘렌토(3만5472대)가 올 1~4월 가장 많이 판매된 국산차로 집계됐다.",3만5472대,KOSIS_VALUE,국내공식통계,hcx,현재값,쏘렌토 판매량,쏘렌토,35472,대,2025,Y,N,Y,N,MCP_NOT_VERIFIABLE,N/A,N/A,N/A,N/A,N/A,N/A,N/A,N/A,N/A,N/A,N/A,N/A,N/A,N/A,N/A,N/A,N/A,N/A,N/A,N/A,판단불가,NOT_APPLICABLE,MEDIUM,기존 자동 범위 판정에서 KOSIS 직접 검증 대상이 아닌 것으로 분류됨.,N/A,2026-08-05T15:45:28+09:00,KOSIS_MCP_AUTO_V3,N
A1719-C020,A1719-C020-m2,A1719,옥석 못 가리는 ‘기술 특례 상장’… 기업 76% 공모가 밑돌아,2025-05-13,https://www.chosun.com/economy/economy_general/2025/05/13/DRKQY2SMOJGKDBJZP2ZPYBDBXI,"기술 특례 상장 기업의 경우 상장 후 5년간 매출 요건이 유예되는데, 2019년 10월~2020년 9월 사이 상장한 기업들은 올해부터 매출액 30억원을 넘겨야 한다.",30억원,KOSIS_VALUE,국내공식통계,hcx,현재값,관리종목 지정 기준 매출액,-,3000000000,원,2025,Y,N,N,N,MEASUREMENT_ERROR,N/A,N/A,N/A,N/A,N/A,N/A,N/A,N/A,N/A,N/A,N/A,N/A,N/A,N/A,N/A,N/A,N/A,N/A,N/A,N/A,판단불가,NOT_APPLICABLE,MEDIUM,기존 자동 측정 규칙에서 측정값 추출 오류로 분류되어 KOSIS 골드 좌표를 부여하지 않음.,N/A,2026-08-05T15:45:28+09:00,KOSIS_MCP_AUTO_V3,N
A1730-C009,A1730-C009-m1,A1730,주담대 연체율도 두 달 연속 최고치,2025-05-14,https://www.chosun.com/economy/economy_general/2025/05/14/7NSJI2LCGFEVLORPOGD5NAGVJU,"이자 비용이 전년 대비 1.2% 늘어난 10만8000원으로 4개 분기 만에 증가해 10만원을 넘겼고, 부동산 구입에 따른 취득·등록세가 늘면서 비경상조세(5만5000원)가 5배 가까이 증가한 점도 원인이 됐다.",1.20%,KOSIS_VALUE,국내공식통계,hcx,증감률,이자 비용 증감률,-,1.2,%,2024Q4,Q,N,Y,N,MCP_NOT_VERIFIABLE,N/A,N/A,N/A,N/A,N/A,N/A,N/A,N/A,N/A,N/A,N/A,N/A,N/A,N/A,N/A,N/A,N/A,N/A,N/A,N/A,판단불가,NOT_APPLICABLE,MEDIUM,기존 자동 범위 판정에서 KOSIS 직접 검증 대상이 아닌 것으로 분류됨.,N/A,2026-08-05T15:45:28+09:00,KOSIS_MCP_AUTO_V3,N
A1730-C009,A1730-C009-m2,A1730,주담대 연체율도 두 달 연속 최고치,2025-05-14,https://www.chosun.com/economy/economy_general/2025/05/14/7NSJI2LCGFEVLORPOGD5NAGVJU,"이자 비용이 전년 대비 1.2% 늘어난 10만8000원으로 4개 분기 만에 증가해 10만원을 넘겼고, 부동산 구입에 따른 취득·등록세가 늘면서 비경상조세(5만5000원)가 5배 가까이 증가한 점도 원인이 됐다.",10만8000원,KOSIS_VALUE,국내공식통계,hcx,현재값,이자 비용,-,108000,원,2024Q4,Q,N,Y,N,MCP_NOT_VERIFIABLE,N/A,N/A,N/A,N/A,N/A,N/A,N/A,N/A,N/A,N/A,N/A,N/A,N/A,N/A,N/A,N/A,N/A,N/A,N/A,N/A,판단불가,NOT_APPLICABLE,MEDIUM,기존 자동 범위 판정에서 KOSIS 직접 검증 대상이 아닌 것으로 분류됨.,N/A,2026-08-05T15:45:28+09:00,KOSIS_MCP_AUTO_V3,N
A1730-C009,A1730-C009-m3,A1730,주담대 연체율도 두 달 연속 최고치,2025-05-14,https://www.chosun.com/economy/economy_general/2025/05/14/7NSJI2LCGFEVLORPOGD5NAGVJU,"이자 비용이 전년 대비 1.2% 늘어난 10만8000원으로 4개 분기 만에 증가해 10만원을 넘겼고, 부동산 구입에 따른 취득·등록세가 늘면서 비경상조세(5만5000원)가 5배 가까이 증가한 점도 원인이 됐다.",4개,KOSIS_VALUE,국내공식통계,hcx,현재값,분기,-,4,개,2024Q4,Q,N,Y,N,MCP_NOT_VERIFIABLE,N/A,N/A,N/A,N/A,N/A,N/A,N/A,N/A,N/A,N/A,N/A,N/A,N/A,N/A,N/A,N/A,N/A,N/A,N/A,N/A,판단불가,NOT_APPLICABLE,MEDIUM,기존 자동 범위 판정에서 KOSIS 직접 검증 대상이 아닌 것으로 분류됨.,N/A,2026-08-05T15:45:28+09:00,KOSIS_MCP_AUTO_V3,N
A1730-C009,A1730-C009-m4,A1730,주담대 연체율도 두 달 연속 최고치,2025-05-14,https://www.chosun.com/economy/economy_general/2025/05/14/7NSJI2LCGFEVLORPOGD5NAGVJU,"이자 비용이 전년 대비 1.2% 늘어난 10만8000원으로 4개 분기 만에 증가해 10만원을 넘겼고, 부동산 구입에 따른 취득·등록세가 늘면서 비경상조세(5만5000원)가 5배 가까이 증가한 점도 원인이 됐다.",10만원,KOSIS_VALUE,국내공식통계,hcx,현재값,이자 비용,-,100000,원,2024Q4,Q,N,N,N,MEASUREMENT_ERROR,N/A,N/A,N/A,N/A,N/A,N/A,N/A,N/A,N/A,N/A,N/A,N/A,N/A,N/A,N/A,N/A,N/A,N/A,N/A,N/A,판단불가,NOT_APPLICABLE,MEDIUM,기존 자동 측정 규칙에서 측정값 추출 오류로 분류되어 KOSIS 골드 좌표를 부여하지 않음.,N/A,2026-08-05T15:45:28+09:00,KOSIS_MCP_AUTO_V3,N
A1730-C009,A1730-C009-m5,A1730,주담대 연체율도 두 달 연속 최고치,2025-05-14,https://www.chosun.com/economy/economy_general/2025/05/14/7NSJI2LCGFEVLORPOGD5NAGVJU,"이자 비용이 전년 대비 1.2% 늘어난 10만8000원으로 4개 분기 만에 증가해 10만원을 넘겼고, 부동산 구입에 따른 취득·등록세가 늘면서 비경상조세(5만5000원)가 5배 가까이 증가한 점도 원인이 됐다.",5만5000원,KOSIS_VALUE,국내공식통계,hcx,현재값,비경상조세,-,55000,원,2024Q4,Q,N,Y,N,MCP_NOT_VERIFIABLE,N/A,N/A,N/A,N/A,N/A,N/A,N/A,N/A,N/A,N/A,N/A,N/A,N/A,N/A,N/A,N/A,N/A,N/A,N/A,N/A,판단불가,NOT_APPLICABLE,MEDIUM,기존 자동 범위 판정에서 KOSIS 직접 검증 대상이 아닌 것으로 분류됨.,N/A,2026-08-05T15:45:28+09:00,KOSIS_MCP_AUTO_V3,N
A1730-C009,A1730-C009-m6,A1730,주담대 연체율도 두 달 연속 최고치,2025-05-14,https://www.chosun.com/economy/economy_general/2025/05/14/7NSJI2LCGFEVLORPOGD5NAGVJU,"이자 비용이 전년 대비 1.2% 늘어난 10만8000원으로 4개 분기 만에 증가해 10만원을 넘겼고, 부동산 구입에 따른 취득·등록세가 늘면서 비경상조세(5만5000원)가 5배 가까이 증가한 점도 원인이 됐다.",5배,KOSIS_VALUE,국내공식통계,hcx,현재값,비경상조세 증가 배수,-,5,배,2024Q4,Q,N,N,N,MEASUREMENT_ERROR,N/A,N/A,N/A,N/A,N/A,N/A,N/A,N/A,N/A,N/A,N/A,N/A,N/A,N/A,N/A,N/A,N/A,N/A,N/A,N/A,판단불가,NOT_APPLICABLE,MEDIUM,기존 자동 측정 규칙에서 측정값 추출 오류로 분류되어 KOSIS 골드 좌표를 부여하지 않음.,N/A,2026-08-05T15:45:28+09:00,KOSIS_MCP_AUTO_V3,N
A1731-C001,A1731-C001-m1,A1731,"KDI, 올해 성장률 전망치 1.6→0.8% 반토막 하향 조정",2025-05-14,https://www.chosun.com/economy/economy_general/2025/05/14/BVZZJRMGC5H4LHGST2P2SVCX2Y,국책연구기관인 한국개발연구원(KDI)이 14일 올해 한국의 경제성장률을 0.8%로 전망했다.,0.80%,KOSIS_VALUE,국내공식통계,hcx,현재값,경제성장률,-,0.8,%,2025,Y,N,N,N,MEASUREMENT_ERROR,N/A,N/A,N/A,N/A,N/A,N/A,N/A,N/A,N/A,N/A,N/A,N/A,N/A,N/A,N/A,N/A,N/A,N/A,N/A,N/A,판단불가,NOT_APPLICABLE,MEDIUM,기존 자동 측정 규칙에서 측정값 추출 오류로 분류되어 KOSIS 골드 좌표를 부여하지 않음.,N/A,2026-08-05T15:45:28+09:00,KOSIS_MCP_AUTO_V3,N
A1731-C013,A1731-C013-m1,A1731,"KDI, 올해 성장률 전망치 1.6→0.8% 반토막 하향 조정",2025-05-14,https://www.chosun.com/economy/economy_general/2025/05/14/BVZZJRMGC5H4LHGST2P2SVCX2Y,KDI는 “대내외 수요 둔화로 초래될 수 있는 물가 하방 압력을 축소하기 위해 통화정책은 보다 완화적인 기조로 운용하는 것이 바람직하다”며 “재정정책은 큰 폭의 관리재정수지 적자(GDP 대비 3.3%)를 감안하면 이미 어느 정도 완화적 기조라 정부 지출 추가 확대는 신중히 접근해야 한다”고 했다.,3.30%,KOSIS_VALUE,국내공식통계,hcx,현재값,관리재정수지 적자 비율,-,3.3,%,2025,Y,N,N,N,MEASUREMENT_ERROR,N/A,N/A,N/A,N/A,N/A,N/A,N/A,N/A,N/A,N/A,N/A,N/A,N/A,N/A,N/A,N/A,N/A,N/A,N/A,N/A,판단불가,NOT_APPLICABLE,MEDIUM,기존 자동 측정 규칙에서 측정값 추출 오류로 분류되어 KOSIS 골드 좌표를 부여하지 않음.,N/A,2026-08-05T15:45:28+09:00,KOSIS_MCP_AUTO_V3,N
A1798-C006,A1798-C006-m1,A1798,[모닝] 브라질에서 터진 조류인플루엔자… 순살 치킨 값 오르나,2025-05-19,https://www.chosun.com/economy/economy_general/2025/05/19/SDVLEHC5O5HQRDA64LNPPHDWVM,"한국농수산식품유통공사(aT) 농식품수출정보에 따르면, 지난해 한국은 전체 닭고기 수입량 24만9751t 중 71.6%가량인 17만8956t을 브라질에서 들여왔다.",71.6%가량,KOSIS_VALUE,국내공식통계,hcx,현재값,닭고기 수입량 비중,닭고기,71.6,%,2024,Y,N,N,N,MCP_NOT_VERIFIABLE,N/A,N/A,N/A,N/A,N/A,N/A,N/A,N/A,N/A,N/A,N/A,N/A,N/A,N/A,N/A,N/A,N/A,N/A,N/A,N/A,판단불가,NOT_APPLICABLE,HIGH,브라질산 닭고기 비중은 국가×품목 결합 집계가 필요해 단일 KOSIS 좌표를 확정하지 못함.,N/A,2026-08-05T15:45:28+09:00,KOSIS_MCP_AUTO_V3,N
A1891-C007,A1891-C007-m2,A1891,팬데믹 때도 안 줄었는데… 내수 침체에 커피 음료점 첫 감소,2025-05-26,https://www.chosun.com/economy/economy_general/2025/05/26/MNOSMU43GBFBJMFG6IPB4SHSJ4,2021년 7만개를 돌파한 커피 전문점은 지난해 1분기 9만6080개까지 늘어났다.,9만6080개,KOSIS_VALUE,국내공식통계,hcx,현재값,커피 전문점 수,-,96080,개,2024Q1,Q,N,Y,N,MCP_NOT_VERIFIABLE,N/A,N/A,N/A,N/A,N/A,N/A,N/A,N/A,N/A,N/A,N/A,N/A,N/A,N/A,N/A,N/A,N/A,N/A,N/A,N/A,판단불가,NOT_APPLICABLE,MEDIUM,기존 자동 범위 판정에서 KOSIS 직접 검증 대상이 아닌 것으로 분류됨.,N/A,2026-08-05T15:45:28+09:00,KOSIS_MCP_AUTO_V3,N
A1922-C001,A1922-C001-m1,A1922,"결혼 늘고 정책 먹혔다... 1분기 합계출산율, 2년 만에 0.8명대 복귀",2025-05-28,https://www.chosun.com/economy/economy_general/2025/05/28/YCG67WTAFRH2JCK555W6H46K7Y,올해 1분기 합계출산율(여성 1명이 평생 낳을 것으로 예상되는 아이 수)이 2년 만에 0.8명대를 기록했다.,0.8명,KOSIS_VALUE,국내공식통계,hcx,현재값,합계출산율,-,0.8,명,2025Q1,Q,Y,Y,Y,FULL_KOSIS,101,DT_1B8000G,"월·분기·연간 인구동향(출생,사망,혼인,이혼)",T1,수치,00; objL2=12,전국; 합계출산율,Q,202501,N/A,수준값,DIRECT,명,0.83,N/A,0.83,0.8,0.029999999999999916,3.7499999999999893,"range_match:[0.8,0.9)",일치,UNIQUE,HIGH,KOSIS 분기코드 202501의 합계출산율 0.83은 기사 표현 '0.8명대'에 포함됨.,https://kosis.kr/statHtml/statHtml.do?orgId=101&tblId=DT_1B8000G&vw_cd=MT_ZTITLE,2026-08-05T15:45:28+09:00,KOSIS_MCP_AUTO_V3,N
A1922-C001,A1922-C001-m2,A1922,"결혼 늘고 정책 먹혔다... 1분기 합계출산율, 2년 만에 0.8명대 복귀",2025-05-28,https://www.chosun.com/economy/economy_general/2025/05/28/YCG67WTAFRH2JCK555W6H46K7Y,올해 1분기 합계출산율(여성 1명이 평생 낳을 것으로 예상되는 아이 수)이 2년 만에 0.8명대를 기록했다.,1명,KOSIS_VALUE,국내공식통계,hcx,현재값,합계출산율,-,1,명,2025Q1,Q,N,N,N,MEASUREMENT_ERROR,N/A,N/A,N/A,N/A,N/A,N/A,N/A,N/A,N/A,N/A,N/A,N/A,N/A,N/A,N/A,N/A,N/A,N/A,N/A,N/A,판단불가,NOT_APPLICABLE,HIGH,추출값 1명은 합계출산율의 정의 문구 '여성 1명이'에서 나온 값으로 측정치가 아님.,N/A,2026-08-05T15:45:28+09:00,KOSIS_MCP_AUTO_V3,N
A1935-C016,A1935-C016-m1,A1935,올 성장률 1.5%→0.8% 조정 쇼크... 건설 경기 부진이 성장 발목 잡았다,2025-05-29,https://www.chosun.com/economy/economy_general/2025/05/29/JDD7BSFMTNAI7GE67TOVVFDLEY,"한은은 이번에 제시한 0.8% 성장 전망치는 미국의 기본 관세율 10%, 품목 관세율 25% 등 현 수준을 대체로 유지할 때를 가정으로 냈다.",0.80%,KOSIS_VALUE,국내공식통계,hcx,현재값,성장률,-,0.8,%,2025,Y,N,N,N,MEASUREMENT_ERROR,N/A,N/A,N/A,N/A,N/A,N/A,N/A,N/A,N/A,N/A,N/A,N/A,N/A,N/A,N/A,N/A,N/A,N/A,N/A,N/A,판단불가,NOT_APPLICABLE,MEDIUM,기존 자동 측정 규칙에서 측정값 추출 오류로 분류되어 KOSIS 골드 좌표를 부여하지 않음.,N/A,2026-08-05T15:45:28+09:00,KOSIS_MCP_AUTO_V3,N
A1935-C016,A1935-C016-m2,A1935,올 성장률 1.5%→0.8% 조정 쇼크... 건설 경기 부진이 성장 발목 잡았다,2025-05-29,https://www.chosun.com/economy/economy_general/2025/05/29/JDD7BSFMTNAI7GE67TOVVFDLEY,"한은은 이번에 제시한 0.8% 성장 전망치는 미국의 기본 관세율 10%, 품목 관세율 25% 등 현 수준을 대체로 유지할 때를 가정으로 냈다.",10%,KOSIS_VALUE,국내공식통계,hcx,현재값,기본 관세율,-,10,%,2025,Y,N,N,N,MEASUREMENT_ERROR,N/A,N/A,N/A,N/A,N/A,N/A,N/A,N/A,N/A,N/A,N/A,N/A,N/A,N/A,N/A,N/A,N/A,N/A,N/A,N/A,판단불가,NOT_APPLICABLE,MEDIUM,기존 자동 측정 규칙에서 측정값 추출 오류로 분류되어 KOSIS 골드 좌표를 부여하지 않음.,N/A,2026-08-05T15:45:28+09:00,KOSIS_MCP_AUTO_V3,N
A1935-C016,A1935-C016-m3,A1935,올 성장률 1.5%→0.8% 조정 쇼크... 건설 경기 부진이 성장 발목 잡았다,2025-05-29,https://www.chosun.com/economy/economy_general/2025/05/29/JDD7BSFMTNAI7GE67TOVVFDLEY,"한은은 이번에 제시한 0.8% 성장 전망치는 미국의 기본 관세율 10%, 품목 관세율 25% 등 현 수준을 대체로 유지할 때를 가정으로 냈다.",25%,KOSIS_VALUE,국내공식통계,hcx,현재값,품목 관세율,-,25,%,2025,Y,N,N,N,MEASUREMENT_ERROR,N/A,N/A,N/A,N/A,N/A,N/A,N/A,N/A,N/A,N/A,N/A,N/A,N/A,N/A,N/A,N/A,N/A,N/A,N/A,N/A,판단불가,NOT_APPLICABLE,MEDIUM,기존 자동 측정 규칙에서 측정값 추출 오류로 분류되어 KOSIS 골드 좌표를 부여하지 않음.,N/A,2026-08-05T15:45:28+09:00,KOSIS_MCP_AUTO_V3,N
A2033-C007,A2033-C007-m1,A2033,"“전세사기 두려워 택했는데, ‘미친 월세’에 생활비 절반 나간다”",2025-06-06,https://www.chosun.com/economy/economy_general/2025/06/06/OS5ROBTDJFHNHCVRV3DJBRRB34,"서울 아파트 월세 지수 증가 폭은 작년만 해도 4~6%대였지만, 올 들어 급등하기 시작해 지난 3월엔 8.7%를 기록했고 4월에도 10.3%였다.",4%,KOSIS_VALUE,국내공식통계,hcx,증감률,서울 아파트 월세 지수,-,4,%,2024Q4,Q,N,Y,N,MCP_NOT_VERIFIABLE,N/A,N/A,N/A,N/A,N/A,N/A,N/A,N/A,N/A,N/A,N/A,N/A,N/A,N/A,N/A,N/A,N/A,N/A,N/A,N/A,판단불가,NOT_APPLICABLE,MEDIUM,기존 자동 범위 판정에서 KOSIS 직접 검증 대상이 아닌 것으로 분류됨.,N/A,2026-08-05T15:45:28+09:00,KOSIS_MCP_AUTO_V3,N
A2033-C007,A2033-C007-m2,A2033,"“전세사기 두려워 택했는데, ‘미친 월세’에 생활비 절반 나간다”",2025-06-06,https://www.chosun.com/economy/economy_general/2025/06/06/OS5ROBTDJFHNHCVRV3DJBRRB34,"서울 아파트 월세 지수 증가 폭은 작년만 해도 4~6%대였지만, 올 들어 급등하기 시작해 지난 3월엔 8.7%를 기록했고 4월에도 10.3%였다.",6%,KOSIS_VALUE,국내공식통계,hcx,증감률,서울 아파트 월세 지수,-,6,%,2024Q4,Q,N,Y,N,MCP_NOT_VERIFIABLE,N/A,N/A,N/A,N/A,N/A,N/A,N/A,N/A,N/A,N/A,N/A,N/A,N/A,N/A,N/A,N/A,N/A,N/A,N/A,N/A,판단불가,NOT_APPLICABLE,MEDIUM,기존 자동 범위 판정에서 KOSIS 직접 검증 대상이 아닌 것으로 분류됨.,N/A,2026-08-05T15:45:28+09:00,KOSIS_MCP_AUTO_V3,N
A2109-C017,A2109-C017-m2,A2109,“환갑 넘겨도 일해야 돼요” 노인 취업자 첫 700만명,2025-06-12,https://www.chosun.com/economy/economy_general/2025/06/12/2VNVWIY73JHI7EB3XE4YNTYIVM,"국회 예산정책처에 따르면, 작년 8월 기준 65세 임금 근로자 61.2%는 비정규직이었고, 70세는 이 비율이 85.1%에 달했다.",61.20%,KOSIS_VALUE,국내공식통계,hcx,현재값,노인 취업자 비정규직 비율,-,61.2,%,2024,Y,N,Y,N,MCP_NOT_VERIFIABLE,N/A,N/A,N/A,N/A,N/A,N/A,N/A,N/A,N/A,N/A,N/A,N/A,N/A,N/A,N/A,N/A,N/A,N/A,N/A,N/A,판단불가,NOT_APPLICABLE,HIGH,65세 단일 연령 비정규직 비율은 공개 KOSIS 연령구간과 일치하지 않아 직접 조회할 수 없음.,N/A,2026-08-05T15:45:28+09:00,KOSIS_MCP_AUTO_V3,N
A2109-C017,A2109-C017-m4,A2109,“환갑 넘겨도 일해야 돼요” 노인 취업자 첫 700만명,2025-06-12,https://www.chosun.com/economy/economy_general/2025/06/12/2VNVWIY73JHI7EB3XE4YNTYIVM,"국회 예산정책처에 따르면, 작년 8월 기준 65세 임금 근로자 61.2%는 비정규직이었고, 70세는 이 비율이 85.1%에 달했다.",85.10%,KOSIS_VALUE,국내공식통계,hcx,현재값,노인 취업자 비정규직 비율,-,85.1,%,2024,Y,N,Y,N,MCP_NOT_VERIFIABLE,N/A,N/A,N/A,N/A,N/A,N/A,N/A,N/A,N/A,N/A,N/A,N/A,N/A,N/A,N/A,N/A,N/A,N/A,N/A,N/A,판단불가,NOT_APPLICABLE,HIGH,70세 단일 연령 비정규직 비율은 후보 표에서 해당 기간 데이터가 조회되지 않음.,N/A,2026-08-05T15:45:28+09:00,KOSIS_MCP_AUTO_V3,N
A2257-C005,A2257-C005-m1,A2257,올해 수출 하반기에 더 부진할 듯… 3.8% 감소 전망,2025-06-23,https://www.chosun.com/economy/industry-company/2025/06/23/2LYH3LOXSRF4VM7CMND72XB5JM,보고서는 연간 수출은 작년보다 2.2% 줄어든 6685억달러가 될 것으로 예상했다.,2.20%,KOSIS_VALUE,국내공식통계,hcx,증감률,연간 수출 증가율,-,2.2,%,2025,Y,N,Y,N,MCP_NOT_VERIFIABLE,N/A,N/A,N/A,N/A,N/A,N/A,N/A,N/A,N/A,N/A,N/A,N/A,N/A,N/A,N/A,N/A,N/A,N/A,N/A,N/A,판단불가,NOT_APPLICABLE,MEDIUM,기존 자동 범위 판정에서 KOSIS 직접 검증 대상이 아닌 것으로 분류됨.,N/A,2026-08-05T15:45:28+09:00,KOSIS_MCP_AUTO_V3,N
A2257-C005,A2257-C005-m2,A2257,올해 수출 하반기에 더 부진할 듯… 3.8% 감소 전망,2025-06-23,https://www.chosun.com/economy/industry-company/2025/06/23/2LYH3LOXSRF4VM7CMND72XB5JM,보고서는 연간 수출은 작년보다 2.2% 줄어든 6685억달러가 될 것으로 예상했다.,6685억달러,KOSIS_VALUE,국내공식통계,hcx,현재값,연간 수출 총액,-,6.685E+11,달러,2025,Y,N,Y,N,MCP_NOT_VERIFIABLE,N/A,N/A,N/A,N/A,N/A,N/A,N/A,N/A,N/A,N/A,N/A,N/A,N/A,N/A,N/A,N/A,N/A,N/A,N/A,N/A,판단불가,NOT_APPLICABLE,MEDIUM,기존 자동 범위 판정에서 KOSIS 직접 검증 대상이 아닌 것으로 분류됨.,N/A,2026-08-05T15:45:28+09:00,KOSIS_MCP_AUTO_V3,N
A2291-C013,A2291-C013-m1,A2291,결혼·출산은 33년 만에 10개월 연속 증가,2025-06-26,https://www.chosun.com/economy/economy_general/2025/06/26/GDQ3PEJNV5H3RGFRU6KZAZ6BSE,저출산고령사회위원회의 조사에 따르면 우리 국민의 결혼에 대한 긍정적 답변은 지난해 3월 70.9%에서 올해 5월 72.9%까지 꾸준히 늘었다.,70.90%,KOSIS_VALUE,국내공식통계,hcx,증감률,결혼에 대한 긍정적 답변 비율,-,70.9,%,2024,Y,N,N,N,MEASUREMENT_ERROR,N/A,N/A,N/A,N/A,N/A,N/A,N/A,N/A,N/A,N/A,N/A,N/A,N/A,N/A,N/A,N/A,N/A,N/A,N/A,N/A,판단불가,NOT_APPLICABLE,MEDIUM,기존 자동 측정 규칙에서 측정값 추출 오류로 분류되어 KOSIS 골드 좌표를 부여하지 않음.,N/A,2026-08-05T15:45:28+09:00,KOSIS_MCP_AUTO_V3,N
A2291-C013,A2291-C013-m2,A2291,결혼·출산은 33년 만에 10개월 연속 증가,2025-06-26,https://www.chosun.com/economy/economy_general/2025/06/26/GDQ3PEJNV5H3RGFRU6KZAZ6BSE,저출산고령사회위원회의 조사에 따르면 우리 국민의 결혼에 대한 긍정적 답변은 지난해 3월 70.9%에서 올해 5월 72.9%까지 꾸준히 늘었다.,72.90%,KOSIS_VALUE,국내공식통계,hcx,증감률,결혼에 대한 긍정적 답변 비율,-,72.9,%,2025,Y,N,N,N,MEASUREMENT_ERROR,N/A,N/A,N/A,N/A,N/A,N/A,N/A,N/A,N/A,N/A,N/A,N/A,N/A,N/A,N/A,N/A,N/A,N/A,N/A,N/A,판단불가,NOT_APPLICABLE,MEDIUM,기존 자동 측정 규칙에서 측정값 추출 오류로 분류되어 KOSIS 골드 좌표를 부여하지 않음.,N/A,2026-08-05T15:45:28+09:00,KOSIS_MCP_AUTO_V3,N
A2295-C002,A2295-C002-m1,A2295,빚의 늪 빠진 저소득 자영업자… 1분기 연체율 12% ’12년만에 최고',2025-06-26,https://www.chosun.com/economy/economy_general/2025/06/26/XMXERK3NLNH2XI5QIICOGSEXSE,한국은행은 25일 금융안정상황 보고서에서 올해 1분기(1~3월) 말 취약 자영업자의 대출 연체율은 12.24%로 집계됐다고 밝혔다.,12.24%,KOSIS_VALUE,국내공식통계,hcx,현재값,취약 자영업자 대출 연체율,-,12.24,%,2025Q1,Q,N,Y,N,MCP_NOT_VERIFIABLE,N/A,N/A,N/A,N/A,N/A,N/A,N/A,N/A,N/A,N/A,N/A,N/A,N/A,N/A,N/A,N/A,N/A,N/A,N/A,N/A,판단불가,NOT_APPLICABLE,MEDIUM,기존 자동 범위 판정에서 KOSIS 직접 검증 대상이 아닌 것으로 분류됨.,N/A,2026-08-05T15:45:28+09:00,KOSIS_MCP_AUTO_V3,N
A2342-C012,A2342-C012-m1,A2342,’국민 횟감‘ 광어‧우럭 값 껑충…원인은 양식장 ’초유의 상황',2025-06-30,https://www.chosun.com/economy/economy_general/2025/06/30/BV6OPN2TWZDM5MJBR4UUVW7PEQ,"지난해 양식업 피해액은 1430억원으로, 이 역시 피해 집계를 시작한 2012년 이후 최대 규모였다.",1430억원,KOSIS_VALUE,국내공식통계,hcx,현재값,양식업 피해액,-,1.43E+11,원,2024,Y,N,Y,N,MCP_NOT_VERIFIABLE,N/A,N/A,N/A,N/A,N/A,N/A,N/A,N/A,N/A,N/A,N/A,N/A,N/A,N/A,N/A,N/A,N/A,N/A,N/A,N/A,판단불가,NOT_APPLICABLE,MEDIUM,기존 자동 범위 판정에서 KOSIS 직접 검증 대상이 아닌 것으로 분류됨.,N/A,2026-08-05T15:45:28+09:00,KOSIS_MCP_AUTO_V3,N
A2399-C002,A2399-C002-m1,A2399,‘외국인 집주인’ 1만명 돌파... 가장 많은 지역은?,2025-07-04,https://www.chosun.com/economy/industry-company/2025/07/04/7PYH7TO6ZVFBNLTJKPMR2CLSYM,"4일 법원 등기정보광장에 따르면, 올해 상반기(1~6월) 전국에서 확정일자를 받은 외국인 임대인은 1만500명으로 집계됐다.",1만500명,KOSIS_VALUE,국내공식통계,hcx,현재값,외국인 임대인 수,-,10500,명,2025Q2,Q,N,Y,N,MCP_NOT_VERIFIABLE,N/A,N/A,N/A,N/A,N/A,N/A,N/A,N/A,N/A,N/A,N/A,N/A,N/A,N/A,N/A,N/A,N/A,N/A,N/A,N/A,판단불가,NOT_APPLICABLE,MEDIUM,기존 자동 범위 판정에서 KOSIS 직접 검증 대상이 아닌 것으로 분류됨.,N/A,2026-08-05T15:45:28+09:00,KOSIS_MCP_AUTO_V3,N
A2426-C003,A2426-C003-m1,A2426,"국내 주식형 펀드 주간 설정액, 3개월 만에 최대 증가 폭",2025-07-06,https://www.chosun.com/economy/money/2025/07/06/DQY4UVHVL2IYBWR2FELGTNX3QU,15:40 0 국내 주식형 펀드 설정액이 일주일 새 6000억원 넘게 늘면서 3개월 만에 최대 증가 폭을 기록했다.,6000억원,KOSIS_VALUE,국내공식통계,hcx,현재값,주식형 펀드 설정액,-,6E+11,원,202507,M,N,N,N,MEASUREMENT_ERROR,N/A,N/A,N/A,N/A,N/A,N/A,N/A,N/A,N/A,N/A,N/A,N/A,N/A,N/A,N/A,N/A,N/A,N/A,N/A,N/A,판단불가,NOT_APPLICABLE,MEDIUM,기존 자동 측정 규칙에서 측정값 추출 오류로 분류되어 KOSIS 골드 좌표를 부여하지 않음.,N/A,2026-08-05T15:45:28+09:00,KOSIS_MCP_AUTO_V3,N
A2568-C004,A2568-C004-m1,A2568,"우리나라 가구당 순자산 약 6억원, 주택이 절반 이상 차지...전체 국민순자산은 2경4105조원으로 집계",2025-07-17,https://www.chosun.com/economy/economy_general/2025/07/17/NK56CBTS5BH4THD2J2OCG5PQZI,"이를 가구 수(2218만 가구)로 나눈 가구당 가계순자산은 전년보다 2.4% 증가한 5억8916만원, 인구(5175만명)로 나눈 1인당 가계순자산은 3.3% 늘어난 2억5251만원으로 집계됐다.",2218만 가구,KOSIS_VALUE,국내공식통계,hcx,현재값,가구 수,-,22180000,가구,2024,Y,N,Y,N,MCP_NOT_VERIFIABLE,N/A,N/A,N/A,N/A,N/A,N/A,N/A,N/A,N/A,N/A,N/A,N/A,N/A,N/A,N/A,N/A,N/A,N/A,N/A,N/A,판단불가,NOT_APPLICABLE,HIGH,가구 수는 가계순자산 산출에 사용한 기사 분모로 국민계정 기준과 동일한 KOSIS 좌표를 확정하지 못함.,N/A,2026-08-05T15:45:28+09:00,KOSIS_MCP_AUTO_V3,N
A2568-C004,A2568-C004-m2,A2568,"우리나라 가구당 순자산 약 6억원, 주택이 절반 이상 차지...전체 국민순자산은 2경4105조원으로 집계",2025-07-17,https://www.chosun.com/economy/economy_general/2025/07/17/NK56CBTS5BH4THD2J2OCG5PQZI,"이를 가구 수(2218만 가구)로 나눈 가구당 가계순자산은 전년보다 2.4% 증가한 5억8916만원, 인구(5175만명)로 나눈 1인당 가계순자산은 3.3% 늘어난 2억5251만원으로 집계됐다.",2.40%,KOSIS_VALUE,국내공식통계,hcx,증감률,가구당 가계순자산 증감률,-,2.4,%,2024,Y,N,Y,N,MCP_NOT_VERIFIABLE,N/A,N/A,N/A,N/A,N/A,N/A,N/A,N/A,N/A,N/A,N/A,N/A,N/A,N/A,N/A,N/A,N/A,N/A,N/A,N/A,판단불가,NOT_APPLICABLE,HIGH,가구당 가계순자산 증감률은 국민대차대조표와 가구 수를 결합한 파생값임.,N/A,2026-08-05T15:45:28+09:00,KOSIS_MCP_AUTO_V3,N
A2568-C004,A2568-C004-m3,A2568,"우리나라 가구당 순자산 약 6억원, 주택이 절반 이상 차지...전체 국민순자산은 2경4105조원으로 집계",2025-07-17,https://www.chosun.com/economy/economy_general/2025/07/17/NK56CBTS5BH4THD2J2OCG5PQZI,"이를 가구 수(2218만 가구)로 나눈 가구당 가계순자산은 전년보다 2.4% 증가한 5억8916만원, 인구(5175만명)로 나눈 1인당 가계순자산은 3.3% 늘어난 2억5251만원으로 집계됐다.",5억8916만원,KOSIS_VALUE,국내공식통계,hcx,현재값,가구당 가계순자산,-,589160000,원,2024,Y,N,Y,N,MCP_NOT_VERIFIABLE,N/A,N/A,N/A,N/A,N/A,N/A,N/A,N/A,N/A,N/A,N/A,N/A,N/A,N/A,N/A,N/A,N/A,N/A,N/A,N/A,판단불가,NOT_APPLICABLE,HIGH,가구당 가계순자산은 국민대차대조표와 가구 수를 결합한 파생값임.,N/A,2026-08-05T15:45:28+09:00,KOSIS_MCP_AUTO_V3,N
A2568-C004,A2568-C004-m4,A2568,"우리나라 가구당 순자산 약 6억원, 주택이 절반 이상 차지...전체 국민순자산은 2경4105조원으로 집계",2025-07-17,https://www.chosun.com/economy/economy_general/2025/07/17/NK56CBTS5BH4THD2J2OCG5PQZI,"이를 가구 수(2218만 가구)로 나눈 가구당 가계순자산은 전년보다 2.4% 증가한 5억8916만원, 인구(5175만명)로 나눈 1인당 가계순자산은 3.3% 늘어난 2억5251만원으로 집계됐다.",5175만명,KOSIS_VALUE,국내공식통계,hcx,현재값,인구,-,51750000,명,2024,Y,N,Y,N,MCP_NOT_VERIFIABLE,N/A,N/A,N/A,N/A,N/A,N/A,N/A,N/A,N/A,N/A,N/A,N/A,N/A,N/A,N/A,N/A,N/A,N/A,N/A,N/A,판단불가,NOT_APPLICABLE,HIGH,인구는 1인당 가계순자산 산출용 기사 분모로 기준인구 정의를 단일 좌표로 확정하지 못함.,N/A,2026-08-05T15:45:28+09:00,KOSIS_MCP_AUTO_V3,N
A2568-C004,A2568-C004-m5,A2568,"우리나라 가구당 순자산 약 6억원, 주택이 절반 이상 차지...전체 국민순자산은 2경4105조원으로 집계",2025-07-17,https://www.chosun.com/economy/economy_general/2025/07/17/NK56CBTS5BH4THD2J2OCG5PQZI,"이를 가구 수(2218만 가구)로 나눈 가구당 가계순자산은 전년보다 2.4% 증가한 5억8916만원, 인구(5175만명)로 나눈 1인당 가계순자산은 3.3% 늘어난 2억5251만원으로 집계됐다.",3.30%,KOSIS_VALUE,국내공식통계,hcx,증감률,1인당 가계순자산 증감률,-,3.3,%,2024,Y,N,Y,N,MCP_NOT_VERIFIABLE,N/A,N/A,N/A,N/A,N/A,N/A,N/A,N/A,N/A,N/A,N/A,N/A,N/A,N/A,N/A,N/A,N/A,N/A,N/A,N/A,판단불가,NOT_APPLICABLE,HIGH,1인당 가계순자산 증감률은 국민대차대조표와 인구를 결합한 파생값임.,N/A,2026-08-05T15:45:28+09:00,KOSIS_MCP_AUTO_V3,N
A2568-C004,A2568-C004-m6,A2568,"우리나라 가구당 순자산 약 6억원, 주택이 절반 이상 차지...전체 국민순자산은 2경4105조원으로 집계",2025-07-17,https://www.chosun.com/economy/economy_general/2025/07/17/NK56CBTS5BH4THD2J2OCG5PQZI,"이를 가구 수(2218만 가구)로 나눈 가구당 가계순자산은 전년보다 2.4% 증가한 5억8916만원, 인구(5175만명)로 나눈 1인당 가계순자산은 3.3% 늘어난 2억5251만원으로 집계됐다.",2억5251만원,KOSIS_VALUE,국내공식통계,hcx,현재값,1인당 가계순자산,-,252510000,원,2024,Y,N,Y,N,MCP_NOT_VERIFIABLE,N/A,N/A,N/A,N/A,N/A,N/A,N/A,N/A,N/A,N/A,N/A,N/A,N/A,N/A,N/A,N/A,N/A,N/A,N/A,N/A,판단불가,NOT_APPLICABLE,HIGH,1인당 가계순자산은 국민대차대조표와 인구를 결합한 파생값임.,N/A,2026-08-05T15:45:28+09:00,KOSIS_MCP_AUTO_V3,N
A2598-C002,A2598-C002-m1,A2598,정부 시스템 647개 중 99개 재가동… 복구율 15.3%,2025-10-01,https://biz.chosun.com/topics/topics_social/2025/10/01/MYWMEY3NGVHOHKMTGIERFKXSOY/,복구율 15.3%다.,15.30%,KOSIS_VALUE,국내공식통계,hcx,현재값,복구율,-,15.3,%,202510,M,N,Y,N,MCP_NOT_VERIFIABLE,N/A,N/A,N/A,N/A,N/A,N/A,N/A,N/A,N/A,N/A,N/A,N/A,N/A,N/A,N/A,N/A,N/A,N/A,N/A,N/A,판단불가,NOT_APPLICABLE,MEDIUM,기존 자동 범위 판정에서 KOSIS 직접 검증 대상이 아닌 것으로 분류됨.,N/A,2026-08-05T15:45:28+09:00,KOSIS_MCP_AUTO_V3,N
A2657-C003,A2657-C003-m1,A2657,더 가팔라진 ‘富의 사다리’… 소득계층 상승 17%뿐,2025-10-28,https://www.chosun.com/economy/economy_general/2025/10/28/BEESNX7GT5CP5F3KPXWZI7JORQ/,2022년엔 1분위(소득 하위 20%)였다가 2023년엔 2분위(하위 20~40%) 등으로 올라간 경우를 뜻하는 이 비율은 사회 계층 이동성을 따지는 지표다.,20%,KOSIS_VALUE,국내공식통계,hcx,현재값,소득 1분위,-,20,%,2022,Y,N,Y,N,MCP_NOT_VERIFIABLE,N/A,N/A,N/A,N/A,N/A,N/A,N/A,N/A,N/A,N/A,N/A,N/A,N/A,N/A,N/A,N/A,N/A,N/A,N/A,N/A,판단불가,NOT_APPLICABLE,MEDIUM,기존 자동 범위 판정에서 KOSIS 직접 검증 대상이 아닌 것으로 분류됨.,N/A,2026-08-05T15:45:28+09:00,KOSIS_MCP_AUTO_V3,N
A2657-C003,A2657-C003-m2,A2657,더 가팔라진 ‘富의 사다리’… 소득계층 상승 17%뿐,2025-10-28,https://www.chosun.com/economy/economy_general/2025/10/28/BEESNX7GT5CP5F3KPXWZI7JORQ/,2022년엔 1분위(소득 하위 20%)였다가 2023년엔 2분위(하위 20~40%) 등으로 올라간 경우를 뜻하는 이 비율은 사회 계층 이동성을 따지는 지표다.,40%,KOSIS_VALUE,국내공식통계,hcx,현재값,소득 2분위,-,40,%,2023,Y,N,Y,N,MCP_NOT_VERIFIABLE,N/A,N/A,N/A,N/A,N/A,N/A,N/A,N/A,N/A,N/A,N/A,N/A,N/A,N/A,N/A,N/A,N/A,N/A,N/A,N/A,판단불가,NOT_APPLICABLE,MEDIUM,기존 자동 범위 판정에서 KOSIS 직접 검증 대상이 아닌 것으로 분류됨.,N/A,2026-08-05T15:45:28+09:00,KOSIS_MCP_AUTO_V3,N
A2696-C058,A2696-C058-m1,A2696,5년마다 돌아오는 인구조사... 호구조사 같지만 정책에 쓰인다,2025-11-08,https://www.chosun.com/national/weekend/2025/11/08/ZXTXYIJJFJFLTIJZMLEW4IDNN4/,2005년 조사에서 15세 이상 기혼 여성 중 93%가 ‘추가 자녀 계획이 없다’고 답했다.,93%,KOSIS_VALUE,국내공식통계,hcx,현재값,추가 자녀 계획 없음 비율,-,93,%,2005,Y,N,Y,N,MCP_NOT_VERIFIABLE,N/A,N/A,N/A,N/A,N/A,N/A,N/A,N/A,N/A,N/A,N/A,N/A,N/A,N/A,N/A,N/A,N/A,N/A,N/A,N/A,판단불가,NOT_APPLICABLE,HIGH,검색된 추가 자녀 계획 표에서 기사 기준연도 2005년 값이 조회되지 않음.,N/A,2026-08-05T15:45:28+09:00,KOSIS_MCP_AUTO_V3,N
