gold_id,claim_id,article_id,title,date,url,claim_text,claim_type,claim_value,claim_unit,gold_label,gold_label_tier,gold_verifiable,gold_ready,human_reviewed,gold_org_id,gold_tbl_id,gold_tbl_name,gold_obj_l1,gold_obj_l2,gold_itm_id,gold_item_name,gold_category_name,gold_prd_se,gold_period,gold_previous_period,gold_source_value,gold_previous_source_value,gold_source_unit,gold_actual_value,gold_derivation_method,gold_coordinate_status,gold_label_source,gold_evidence_url,gold_evidence_batch,gold_retrieved_at
MCPG-001,C00078,6,"2024년 수출, 6838억달러로 ‘역대 최대’ 경신",2025-01-01,https://www.chosun.com/economy/industry-company/2025/01/01/2UPTGREAPRAWRG4XUBRMLONSKY,24 한국의 2024년 수출이 6838억 달러를 기록해 역대 최대실적을 달성했다고 1일 산업통상자원부가 밝혔다.,LEVEL,6838.0,"['년', '일']",SUPPORTS,FULL_KOSIS_MCP,Y,Y,N,360,DT_1R11001_FRM101,품목별 수출액 수입액,13102112831A.A,N/A,13103112831T1,수출액,총액,Y,2024,N/A,683609488.0,N/A,천달러,6836.09488,MCP current value × source unit scale (1e-05),MCP_ACTUAL_VALUE_CONFIRMED,KOSIS_MCP_GET_DATA,https://kosis.kr/statHtml/statHtml.do?orgId=360&tblId=DT_1R11001_FRM101&vw_cd=MT_ZTITLE&list_id=&seqNo=&lang_mode=ko&language=kor&obj_var_id=&itm_id=&conn_path=MT_ZTITLE,241-269,2026-08-06T00:44:40.434Z
MCPG-002,C00090,6,"2024년 수출, 6838억달러로 ‘역대 최대’ 경신",2025-01-01,https://www.chosun.com/economy/industry-company/2025/01/01/2UPTGREAPRAWRG4XUBRMLONSKY,◇12월 수출 6.6% 늘어난 614억달러...수출 증가율 5개월 만에 반등 한편 이날 동시에 발표된 지난 12월 수출액은 614억달러로 전년 동월 대비 6.6% 증가했다.,CHANGE_RATE,6.6,"['월', '%', '개', '월', '%']",SUPPORTS,FULL_KOSIS_MCP,Y,Y,N,360,DT_1R11001_FRM101,품목별 수출액 수입액,13102112831A.A,N/A,13103112831T1,수출액,총액,M,202412,202312,61359250.0,57573193.0,천달러,6.576076126262444,(MCP current − MCP previous) / |MCP previous| × 100,MCP_ACTUAL_VALUE_CONFIRMED,KOSIS_MCP_GET_DATA,https://kosis.kr/statHtml/statHtml.do?orgId=360&tblId=DT_1R11001_FRM101&vw_cd=MT_ZTITLE&list_id=&seqNo=&lang_mode=ko&language=kor&obj_var_id=&itm_id=&conn_path=MT_ZTITLE,241-269,2026-08-06T00:44:40.434Z
MCPG-003,C00093,6,"2024년 수출, 6838억달러로 ‘역대 최대’ 경신",2025-01-01,https://www.chosun.com/economy/industry-company/2025/01/01/2UPTGREAPRAWRG4XUBRMLONSKY,"전년 대비 월간 수출 증가율은 8월(11%), 9월(7.5%), 10월(4.6%), 11월(1.4%)로 계속 감소 중이었으나, 12월에 6.6%로 반등에 성공한 것이다.",CHANGE_RATE,6.6,"['월', '%', '월', '%', '월', '%', '월', '%', '월', '%']",SUPPORTS,FULL_KOSIS_MCP,Y,Y,N,360,DT_1R11001_FRM101,품목별 수출액 수입액,13102112831A.A,N/A,13103112831T1,수출액,총액,M,202412,202312,61359250.0,57573193.0,천달러,6.576076126262444,(MCP current − MCP previous) / |MCP previous| × 100,MCP_ACTUAL_VALUE_CONFIRMED,KOSIS_MCP_GET_DATA,https://kosis.kr/statHtml/statHtml.do?orgId=360&tblId=DT_1R11001_FRM101&vw_cd=MT_ZTITLE&list_id=&seqNo=&lang_mode=ko&language=kor&obj_var_id=&itm_id=&conn_path=MT_ZTITLE,241-269,2026-08-06T00:44:40.434Z
MCPG-004,C00381,41,치솟는 환율에 식품 물가도 급등,2025-01-04,https://www.chosun.com/economy/economy_general/2025/01/04/7SPGFC4RFZEDLDPFTQHVDM2K2E,"175개 품목의 평균 물가 상승폭은 3.9%로, 지난해 연간 소비자물가지수 상승폭(2.3%)을 뛰어넘었다.",CHANGE_RATE,2.3,"['개', '%', '%']",SUPPORTS,FULL_KOSIS_MCP,Y,Y,N,101,DT_1J22003,소비자물가지수(2020＝100),T10,N/A,T,소비자물가지수(총지수),전국,Y,2024,2023,114.18,111.59,2020＝100,2.3209965050631807,(MCP current − MCP previous) / |MCP previous| × 100,MCP_ACTUAL_VALUE_CONFIRMED,KOSIS_MCP_GET_DATA,https://kosis.kr/statHtml/statHtml.do?orgId=101&tblId=DT_1J22003&vw_cd=MT_ZTITLE&list_id=&seqNo=&lang_mode=ko&language=kor&obj_var_id=&itm_id=&conn_path=MT_ZTITLE,241-269,2026-08-06T00:44:40.434Z
MCPG-005,C01375,191,“트럼프 2기 출범 후 일괄 관세 부과하면 한국 수출 큰 타격”,2025-01-15,https://www.chosun.com/economy/economy_general/2025/01/15/NGXOCXC67ZDMXJGBKFCDZHY77Q,한국의 수출 증가율(전년 동월 대비)은 지난해 7월 13.5%를 기록한 이후 계속해서 떨어져 지난 11월에는 1.4%로 둔화됐다.,CHANGE_RATE,1.4,"['월', '%', '월', '%']",SUPPORTS,FULL_KOSIS_MCP,Y,Y,N,360,DT_1R11001_FRM101,품목별 수출액 수입액,13102112831A.A,N/A,13103112831T1,수출액,총액,M,202411,202311,56288629.0,55561090.0,천달러,1.3094397536117452,(MCP current − MCP previous) / |MCP previous| × 100,MCP_ACTUAL_VALUE_CONFIRMED,KOSIS_MCP_GET_DATA,https://kosis.kr/statHtml/statHtml.do?orgId=360&tblId=DT_1R11001_FRM101&vw_cd=MT_ZTITLE&list_id=&seqNo=&lang_mode=ko&language=kor&obj_var_id=&itm_id=&conn_path=MT_ZTITLE,241-269,2026-08-06T00:44:40.434Z
MCPG-006,C01924,268,새해 첫 20일 수출 5.1%↓ 엿새 설 연휴로 1월 전체 수출 감소 가능성,2025-01-21,https://www.chosun.com/economy/economy_general/2025/01/21/I6KIDJTHINBDZJKIJQNJX7YJ5Q,"그 결과 작년 한 해 전체 수출액은 6838억달러로 1년 전 대비 8.2% 증가했고, 기존 역대 최대 규모였던 2022년 기록(6836억달러)을 깨고 역대 최대 수출 실적을 달성했다.",CHANGE_RATE,8.2,"['년', '%', '년']",SUPPORTS,FULL_KOSIS_MCP,Y,Y,N,360,DT_1R11001_FRM101,품목별 수출액 수입액,13102112831A.A,N/A,13103112831T1,수출액,총액,Y,2024,2023,683609488.0,632225824.0,천달러,8.127422520469521,(MCP current − MCP previous) / |MCP previous| × 100,MCP_ACTUAL_VALUE_CONFIRMED,KOSIS_MCP_GET_DATA,https://kosis.kr/statHtml/statHtml.do?orgId=360&tblId=DT_1R11001_FRM101&vw_cd=MT_ZTITLE&list_id=&seqNo=&lang_mode=ko&language=kor&obj_var_id=&itm_id=&conn_path=MT_ZTITLE,241-269,2026-08-06T00:44:40.434Z
MCPG-007,C02005,279,작년 11월 출생아 14.6% 증가...2010년 이후 최대폭,2025-01-22,https://www.chosun.com/economy/economy_general/2025/01/22/HAHTAVPQ75BJXM4GWC4SNRKAZA,출생아 수는 2015년 0.7% 증가했다가 2016년(-7.3%)부터 2023년(-7.7%)까지 8년 연속 감소했었다.,CHANGE_RATE,-7.7,"['년', '%', '년', '%', '년', '%', '년']",SUPPORTS,FULL_KOSIS_MCP,Y,Y,N,101,INH_1B8000F_01,출생아수 합계출산율 자연증가 등,11,N/A,T1,인구동태건수 및 동태율 추이,출생아수(명),Y,2023,2022,230028.0,249186.0,명,-7.68823288627772,(MCP current − MCP previous) / |MCP previous| × 100,MCP_ACTUAL_VALUE_CONFIRMED,KOSIS_MCP_GET_DATA,https://kosis.kr/statHtml/statHtml.do?orgId=101&tblId=INH_1B8000F_01&vw_cd=MT_ZTITLE&list_id=&seqNo=&lang_mode=ko&language=kor&obj_var_id=&itm_id=&conn_path=MT_ZTITLE,241-269,2026-08-06T00:44:40.434Z
MCPG-008,C02110,292,11월 출생아 수 증가율 14.6%… 14년 만에 최고,2025-01-23,https://www.chosun.com/economy/economy_general/2025/01/23/JUAXRZRN6NBLFGZUGXBFXGPKOU,연간 출생아 수는 2015년 0.7% 증가한 것을 마지막으로 2016년(-7.3%)부터 2023년(-7.7%)까지 8년 연속 감소했다.,CHANGE_RATE,-7.7,"['년', '%', '년', '%', '년', '%', '년']",SUPPORTS,FULL_KOSIS_MCP,Y,Y,N,101,INH_1B8000F_01,출생아수 합계출산율 자연증가 등,11,N/A,T1,인구동태건수 및 동태율 추이,출생아수(명),Y,2023,2022,230028.0,249186.0,명,-7.68823288627772,(MCP current − MCP previous) / |MCP previous| × 100,MCP_ACTUAL_VALUE_CONFIRMED,KOSIS_MCP_GET_DATA,https://kosis.kr/statHtml/statHtml.do?orgId=101&tblId=INH_1B8000F_01&vw_cd=MT_ZTITLE&list_id=&seqNo=&lang_mode=ko&language=kor&obj_var_id=&itm_id=&conn_path=MT_ZTITLE,241-269,2026-08-06T00:44:40.434Z
MCPG-009,C02892,368,내수 부진에 계엄·탄핵 ‘겹악재’...청년 고용률 43개월 만에 최저,2025-01-29,https://www.chosun.com/economy/economy_general/2025/01/29/K4EFBRTSPNCKPIDHOQOSPUXDTM,청년 고용률이 45% 아래로 떨어진 건 코로나가 한창 기승하던 2021년 5월(44.4%) 이후 43개월 만이다.,LEVEL,44.4,"['%', '년', '월', '%', '개']",SUPPORTS,FULL_KOSIS_MCP,Y,Y,N,101,DT_1DA7002S,연령별 경제활동인구 총괄,75,N/A,T90,고용률,15 - 29세,M,202105,N/A,44.4,N/A,%,44.4,MCP current value × source unit scale (1),MCP_ACTUAL_VALUE_CONFIRMED,KOSIS_MCP_GET_DATA,https://kosis.kr/statHtml/statHtml.do?orgId=101&tblId=DT_1DA7002S&vw_cd=MT_ZTITLE&list_id=&seqNo=&lang_mode=ko&language=kor&obj_var_id=&itm_id=&conn_path=MT_ZTITLE,241-269,2026-08-06T00:44:40.434Z
MCPG-010,C03495,440,작년 소매판매 2.2% 줄어... 21년 만에 최대 감소폭,2025-02-03,https://www.chosun.com/economy/economy_general/2025/02/03/Y7UQBA7SO5AJTKSOUUK52DYR34,소매 판매 감소는 지난 2022년(-0.3%)과 2023년(-1.5%)에 이어 3년 연속이다.,CHANGE_RATE,-1.5,"['년', '%', '년', '%', '년']",SUPPORTS,FULL_KOSIS_MCP,Y,Y,N,101,DT_1K41012,재별 및 상품군별 소매판매액지수(2020＝100.0),G0,N/A,T2,불변지수,총지수,Y,2023,2022,104.1,105.5,2020＝100,-1.327014218009484,(MCP current − MCP previous) / |MCP previous| × 100,MCP_ACTUAL_VALUE_CONFIRMED,KOSIS_MCP_GET_DATA,https://kosis.kr/statHtml/statHtml.do?orgId=101&tblId=DT_1K41012&vw_cd=MT_ZTITLE&list_id=&seqNo=&lang_mode=ko&language=kor&obj_var_id=&itm_id=&conn_path=MT_ZTITLE,241-269,2026-08-06T00:44:40.434Z
MCPG-011,C03779,478,"작년 경상수지 흑자 990억달러...전년보다 3배로↑,역대 두번째 규모",2025-02-06,https://www.chosun.com/economy/economy_general/2025/02/06/RO32ISHXHREYLO3V4B2GJHWXEI,작년 12월 수출은 전년보다 6.6% 늘어난 633억달러를 기록했다.,LEVEL,633.0,"['월', '%']",SUPPORTS,FULL_KOSIS_MCP,Y,Y,N,360,DT_1R11001_FRM101,품목별 수출액 수입액,13102112831A.A,N/A,13103112831T1,수출액,총액,M,202412,N/A,61359250.0,N/A,천달러,613.5925,MCP current value × source unit scale (1e-05),MCP_ACTUAL_VALUE_CONFIRMED,KOSIS_MCP_GET_DATA,https://kosis.kr/statHtml/statHtml.do?orgId=360&tblId=DT_1R11001_FRM101&vw_cd=MT_ZTITLE&list_id=&seqNo=&lang_mode=ko&language=kor&obj_var_id=&itm_id=&conn_path=MT_ZTITLE,241-269,2026-08-06T00:44:40.435Z
MCPG-012,C03850,489,경상수지 역대 둘째로 많은 흑자 낸 까닭은,2025-02-07,https://www.chosun.com/economy/economy_general/2025/02/07/JXWFUVYXYRFO3OXEWCPCGJUSGE,"작년 12월 수출은 633억달러로 전달보다 11.1%, 전년 같은 달보다 6.6% 뛰었다.",LEVEL,633.0,"['월', '%', '%']",SUPPORTS,FULL_KOSIS_MCP,Y,Y,N,360,DT_1R11001_FRM101,품목별 수출액 수입액,13102112831A.A,N/A,13103112831T1,수출액,총액,M,202412,N/A,61359250.0,N/A,천달러,613.5925,MCP current value × source unit scale (1e-05),MCP_ACTUAL_VALUE_CONFIRMED,KOSIS_MCP_GET_DATA,https://kosis.kr/statHtml/statHtml.do?orgId=360&tblId=DT_1R11001_FRM101&vw_cd=MT_ZTITLE&list_id=&seqNo=&lang_mode=ko&language=kor&obj_var_id=&itm_id=&conn_path=MT_ZTITLE,241-269,2026-08-06T00:44:40.435Z
MCPG-013,C04394,555,‘무역 전쟁’ 먹구름… KDI도 성장률 전망 1.6%로 낮췄다,2025-02-12,https://www.chosun.com/economy/economy_general/2025/02/12/ET3EQF2MVBAHFFHKLSQYVTVVTM,지난해 수출은 전년 대비 8.2% 증가하며 역대 최대 실적을 기록했다.,CHANGE_RATE,8.2,['%'],SUPPORTS,FULL_KOSIS_MCP,Y,Y,N,360,DT_1R11001_FRM101,품목별 수출액 수입액,13102112831A.A,N/A,13103112831T1,수출액,총액,Y,2024,2023,683609488.0,632225824.0,천달러,8.127422520469521,(MCP current − MCP previous) / |MCP previous| × 100,MCP_ACTUAL_VALUE_CONFIRMED,KOSIS_MCP_GET_DATA,https://kosis.kr/statHtml/statHtml.do?orgId=360&tblId=DT_1R11001_FRM101&vw_cd=MT_ZTITLE&list_id=&seqNo=&lang_mode=ko&language=kor&obj_var_id=&itm_id=&conn_path=MT_ZTITLE,241-269,2026-08-06T00:44:40.435Z
MCPG-014,C04581,579,1월 취업자 13.5만명 늘어...노인 일자리 신속 집행에 일시 호조,2025-02-14,https://www.chosun.com/economy/economy_general/2025/02/14/CMQ2GGIF6NFVFOK7NS472SUCSM,노인 일자리에 참여하려는 고령층도 다수 몰리며 65세 이상 실업률이 9.6%로 전년 동월 대비 0.2%포인트 오르기도 했다.,CHANGE_POINT,0.2,"['%', '%']",SUPPORTS,FULL_KOSIS_MCP,Y,Y,N,101,DT_1DA7001S,성별 경제활동인구 총괄,0,N/A,T80,실업률,계,M,202412,202312,3.8,3.3,%,0.5,MCP current − MCP previous,MCP_ACTUAL_VALUE_CONFIRMED,KOSIS_MCP_GET_DATA,https://kosis.kr/statHtml/statHtml.do?orgId=101&tblId=DT_1DA7001S&vw_cd=MT_ZTITLE&list_id=&seqNo=&lang_mode=ko&language=kor&obj_var_id=&itm_id=&conn_path=MT_ZTITLE,241-269,2026-08-06T00:44:40.435Z
MCPG-015,C05531,707,얼어붙은 美 소비심리… “트럼프 비즈니스의 허니문 끝나”,2025-02-24,https://www.chosun.com/economy/economy_general/2025/02/24/5HZ3WJESMZERNJ723VOYTKGKBQ,5년 후 기대 인플레이션도 연간 3.5%로 전월 대비 0.3%포인트 상승했다.,CHANGE_POINT,0.3,"['년', '%', '%']",SUPPORTS,FULL_KOSIS_MCP,Y,Y,N,101,DT_1J22042,월별 소비자물가 등락률,0,N/A,T02,전월비,총지수,M,202501,202412,0.7,0.4,%,0.29999999999999993,MCP current − MCP previous,MCP_ACTUAL_VALUE_CONFIRMED,KOSIS_MCP_GET_DATA,https://kosis.kr/statHtml/statHtml.do?orgId=101&tblId=DT_1J22042&vw_cd=MT_ZTITLE&list_id=&seqNo=&lang_mode=ko&language=kor&obj_var_id=&itm_id=&conn_path=MT_ZTITLE,241-269,2026-08-06T00:44:40.435Z
MCPG-016,C05780,736,작년 출생아 수 9년 만에 추락 멈췄다... 전년 대비 3.6% 늘어,2025-02-26,https://www.chosun.com/economy/economy_general/2025/02/26/5GBKUCD4IZBE7PA33W2SH2256A,54 지난해 출생아 수가 전년 대비 3.6% 늘어나며 9년 만에 반등한 것으로 나타났다.,CHANGE_RATE,3.6,"['%', '년']",SUPPORTS,FULL_KOSIS_MCP,Y,Y,N,101,INH_1B8000F_01,출생아수 합계출산율 자연증가 등,11,N/A,T1,인구동태건수 및 동태율 추이,출생아수(명),Y,2024,2023,238317.0,230028.0,명,3.6034743596431738,(MCP current − MCP previous) / |MCP previous| × 100,MCP_ACTUAL_VALUE_CONFIRMED,KOSIS_MCP_GET_DATA,https://kosis.kr/statHtml/statHtml.do?orgId=101&tblId=INH_1B8000F_01&vw_cd=MT_ZTITLE&list_id=&seqNo=&lang_mode=ko&language=kor&obj_var_id=&itm_id=&conn_path=MT_ZTITLE,241-269,2026-08-06T00:44:40.435Z
MCPG-017,C06679,840,"물가 상승률 두 달 연속 2%대...치솟은 기름값, 물가 끌어 올려",2025-03-06,https://www.chosun.com/economy/economy_general/2025/03/06/IXLFBAQ5RFD7HKWH6T3LQXPQWA,"생활물가지수는 지난해 10월(1.2%)을 저점으로 꾸준히 오름세를 보이고 있는데, 소비자들이 실제 체감하는 물가 수준이 높아지고 있음을 시사한다.",LEVEL,1.2,"['월', '%']",SUPPORTS,FULL_KOSIS_MCP,Y,Y,N,101,DT_1J22042,월별 소비자물가 등락률,1,N/A,T03,전년동월비(%),생활물가지수,M,202410,N/A,1.2,N/A,%,1.2,MCP current value × source unit scale (1),MCP_ACTUAL_VALUE_CONFIRMED,KOSIS_MCP_GET_DATA,https://kosis.kr/statHtml/statHtml.do?orgId=101&tblId=DT_1J22042&vw_cd=MT_ZTITLE&list_id=&seqNo=&lang_mode=ko&language=kor&obj_var_id=&itm_id=&conn_path=MT_ZTITLE,241-269,2026-08-06T00:44:40.435Z
MCPG-018,C08645,1120,"대미 수출의 27%, 車가 흔들린다… GM의 한국 공장 최대 타격",2025-03-28,https://www.chosun.com/economy/auto/2025/03/28/7PKR6UAHUZCMZOYVHUBNJ76PNU,"한국무역협회에 따르면, 지난해 대미 자동차 수출액은 347억달러(약 51조원)를 웃돌며 미국으로 향한 전체 수출(1278억달러)의 27.1%를 차지했다.",LEVEL,1278.0,"['조원', '%']",SUPPORTS,FULL_KOSIS_MCP,Y,Y,N,360,DT_1R11006_FRM101,국가별 수출액 수입액,13102103829E.US,N/A,13103103829T1,수출액,미국,Y,2024,N/A,127761371.0,N/A,천달러,1277.61371,MCP current value × source unit scale (1e-05),MCP_ACTUAL_VALUE_CONFIRMED,KOSIS_MCP_GET_DATA,https://kosis.kr/statHtml/statHtml.do?orgId=360&tblId=DT_1R11006_FRM101&vw_cd=MT_ZTITLE&list_id=&seqNo=&lang_mode=ko&language=kor&obj_var_id=&itm_id=&conn_path=MT_ZTITLE,241-269,2026-08-06T00:44:40.435Z
MCPG-019,C09334,1204,최상목 부총리 “상반기 전기·가스·철도 요금 동결”,2025-04-03,https://www.chosun.com/economy/economy_general/2025/04/03/NMEO4455DJAXHP6FKCGHF7CBQM,지난달 외식 물가 역시 전년 대비 3.0% 오르면서 2개월 연속 3% 상승을 기록했다.,CHANGE_RATE,3.0,"['%', '개', '%']",SUPPORTS,FULL_KOSIS_MCP,Y,Y,N,101,DT_1J22003,소비자물가지수(2020＝100),T10,N/A,T,소비자물가지수(총지수),전국,M,202403,202303,113.95,110.52,2020＝100,3.1035106768005853,(MCP current − MCP previous) / |MCP previous| × 100,MCP_ACTUAL_VALUE_CONFIRMED,KOSIS_MCP_GET_DATA,https://kosis.kr/statHtml/statHtml.do?orgId=101&tblId=DT_1J22003&vw_cd=MT_ZTITLE&list_id=&seqNo=&lang_mode=ko&language=kor&obj_var_id=&itm_id=&conn_path=MT_ZTITLE,241-269,2026-08-06T00:44:40.435Z
MCPG-020,C09952,1285,3월 청년 실업률 7.5%... 코로나 이후 최고,2025-04-09,https://www.chosun.com/economy/economy_general/2025/04/09/S5F7BYR5GJDQZFTEJM6L2KWREQ,지난달 청년층 실업률은 전체 연령대 실업률(3.1%)의 2.4배에 달한다.,LEVEL,3.1,"['%', '배']",SUPPORTS,FULL_KOSIS_MCP,Y,Y,N,101,DT_1DA7001S,성별 경제활동인구 총괄,0,N/A,T80,실업률,계,M,202503,N/A,3.1,N/A,%,3.1,MCP current value × source unit scale (1),MCP_ACTUAL_VALUE_CONFIRMED,KOSIS_MCP_GET_DATA,https://kosis.kr/statHtml/statHtml.do?orgId=101&tblId=DT_1DA7001S&vw_cd=MT_ZTITLE&list_id=&seqNo=&lang_mode=ko&language=kor&obj_var_id=&itm_id=&conn_path=MT_ZTITLE,241-269,2026-08-06T00:44:40.436Z
MCPG-021,C10172,1313,대기업 의존하던 中企… 이젠 K뷰티·첨단 장비 ‘독자 수출’,2025-04-11,https://www.chosun.com/economy/industry-company/2025/04/11/LZREOYA2CZCXVDFDG6FBQEH56A,"◇화장품, K중기 글로벌 진출의 ‘간판’ 작년 우리 중소기업의 화장품 수출액은 약 68억달러(약 9조9200억원)로, 국내 화장품 전체 수출(102억달러) 중 67%를 차지한다.",LEVEL,102.0,"['억원', '%']",SUPPORTS,FULL_KOSIS_MCP,Y,Y,N,360,DT_1R11001_FRM101,품목별 수출액 수입액,13102112831A.553,N/A,13103112831T1,수출액,향수 및 화장품화장용품(비누제외),Y,2024,N/A,9829853.0,N/A,천달러,98.29852999999999,MCP current value × source unit scale (1e-05),MCP_ACTUAL_VALUE_CONFIRMED,KOSIS_MCP_GET_DATA,https://kosis.kr/statHtml/statHtml.do?orgId=360&tblId=DT_1R11001_FRM101&vw_cd=MT_ZTITLE&list_id=&seqNo=&lang_mode=ko&language=kor&obj_var_id=&itm_id=&conn_path=MT_ZTITLE,241-269,2026-08-06T00:44:40.436Z
MCPG-022,C12150,1584,물가 상승률 4개월 째 2%대...근원물가 13개월 만 가장 많이 올라,2025-05-02,https://www.chosun.com/economy/economy_general/2025/05/02/SSY7QNJ4L5DGFGPEGDWAOOA7HE,"올해 들어 소비자물가는 지난 1월(2.2%)부터 2월(2.0%), 3월(2.1%), 그리고 4월까지 넉 달 연속으로 2%대를 유지하고 있다.",LEVEL,2.0,"['월', '%', '월', '%', '월', '%', '월', '%']",SUPPORTS,FULL_KOSIS_MCP,Y,Y,N,101,DT_1J22042,월별 소비자물가 등락률,0,N/A,T03,전년동월비(%),총지수,M,202504,N/A,2.1,N/A,%,2.1,MCP current value × source unit scale (1),MCP_ACTUAL_VALUE_CONFIRMED,KOSIS_MCP_GET_DATA,https://kosis.kr/statHtml/statHtml.do?orgId=101&tblId=DT_1J22042&vw_cd=MT_ZTITLE&list_id=&seqNo=&lang_mode=ko&language=kor&obj_var_id=&itm_id=&conn_path=MT_ZTITLE,241-269,2026-08-06T00:44:40.436Z
MCPG-023,C15976,2096,내수 부진에 숙박·음식업 취업자 3년 반 만에 최대폭 감소,2025-06-11,https://www.chosun.com/economy/economy_general/2025/06/11/3665622P5ZDKJBVBGNZMUIVGTQ,인구 대비 취업자 수를 뜻하는 고용률은 지난달 63.8%로 1년 전 대비 0.3%포인트 늘었다.,CHANGE_POINT,0.3,"['%', '년', '%']",SUPPORTS,FULL_KOSIS_MCP,Y,Y,N,101,DT_1DA7001S,성별 경제활동인구 총괄,0,N/A,T90,고용률,계,M,202505,202504,63.8,63.2,%,0.5999999999999943,MCP current − MCP previous,MCP_ACTUAL_VALUE_CONFIRMED,KOSIS_MCP_GET_DATA,https://kosis.kr/statHtml/statHtml.do?orgId=101&tblId=DT_1DA7001S&vw_cd=MT_ZTITLE&list_id=&seqNo=&lang_mode=ko&language=kor&obj_var_id=&itm_id=&conn_path=MT_ZTITLE,241-269,2026-08-06T00:44:40.436Z
MCPG-024,C16083,2111,“환갑 넘겨도 일해야 돼요” 노인 취업자 첫 700만명,2025-06-12,https://www.chosun.com/economy/economy_general/2025/06/12/2VNVWIY73JHI7EB3XE4YNTYIVM,모든 연령대를 합친 고용률은 지난달 63.8%로 1년 전보다 0.3%포인트 늘었다.,CHANGE_POINT,0.3,"['%', '년', '%']",SUPPORTS,FULL_KOSIS_MCP,Y,Y,N,101,DT_1DA7001S,성별 경제활동인구 총괄,0,N/A,T90,고용률,계,M,202505,202504,63.8,63.2,%,0.5999999999999943,MCP current − MCP previous,MCP_ACTUAL_VALUE_CONFIRMED,KOSIS_MCP_GET_DATA,https://kosis.kr/statHtml/statHtml.do?orgId=101&tblId=DT_1DA7001S&vw_cd=MT_ZTITLE&list_id=&seqNo=&lang_mode=ko&language=kor&obj_var_id=&itm_id=&conn_path=MT_ZTITLE,241-269,2026-08-06T00:44:40.436Z
MCPG-025,C18103,2375,가공식품 물가 4.6%↑ 새 정부 출범에도 고공행진,2025-07-02,https://www.chosun.com/economy/economy_general/2025/07/02/XGWZFYDANBHY5F4B2ZSPFDBPCQ,지난달 달걀 물가 상승률은 2020년말 발생한 조류인플루엔저(AI) 방역에 따른 대규모 살처분 여파로 계란값이 15.8% 올랐던 2022년 1월 이후 3년 5개월 만에 가장 높다.,CHANGE_RATE,15.8,"['년', '%', '년', '월', '년', '개']",SUPPORTS,FULL_KOSIS_MCP,Y,Y,N,101,DT_1J22042,월별 소비자물가 등락률,0,N/A,T03,전년동월비(%),총지수,M,202501,202412,2.2,1.9,%,15.789473684210542,(MCP current − MCP previous) / |MCP previous| × 100,MCP_ACTUAL_VALUE_CONFIRMED,KOSIS_MCP_GET_DATA,https://kosis.kr/statHtml/statHtml.do?orgId=101&tblId=DT_1J22042&vw_cd=MT_ZTITLE&list_id=&seqNo=&lang_mode=ko&language=kor&obj_var_id=&itm_id=&conn_path=MT_ZTITLE,241-269,2026-08-06T00:44:40.436Z
MCPG-026,C18109,2375,가공식품 물가 4.6%↑ 새 정부 출범에도 고공행진,2025-07-02,https://www.chosun.com/economy/economy_general/2025/07/02/XGWZFYDANBHY5F4B2ZSPFDBPCQ,"소비 빈도가 높은 식료품과 외식, 생활용품 물가를 집계한 생활물가지수 상승률은 지난달 2.5%로 전달(2.3%)보다 오름폭이 0.2%포인트 커졌다.",CHANGE_POINT,0.2,"['%', '%', '%']",SUPPORTS,FULL_KOSIS_MCP,Y,Y,N,101,DT_1J22042,월별 소비자물가 등락률,1,N/A,T03,전년동월비(%),생활물가지수,M,202506,202505,2.5,2.3,%,0.20000000000000018,MCP current − MCP previous,MCP_ACTUAL_VALUE_CONFIRMED,KOSIS_MCP_GET_DATA,https://kosis.kr/statHtml/statHtml.do?orgId=101&tblId=DT_1J22042&vw_cd=MT_ZTITLE&list_id=&seqNo=&lang_mode=ko&language=kor&obj_var_id=&itm_id=&conn_path=MT_ZTITLE,241-269,2026-08-06T00:44:40.436Z
MCPG-027,C19960,2638,한국서 희망 못 찾는 20대… 취업자 2년 11개월째 감소,2025-10-18,https://www.chosun.com/economy/economy_general/2025/10/18/GSSQHOVG2FAW7LHONSQ4KIKFEY/,20대 고용률은 지난해 9월(-0.2%포인트) 이후 13개월 연속 오르지 못하고 있다.,CHANGE_POINT,-0.2,"['월', '%', '개']",SUPPORTS,FULL_KOSIS_MCP,Y,Y,N,101,DT_1DA7001S,성별 경제활동인구 총괄,0,N/A,T90,고용률,계,M,202409,202408,63.3,63.2,%,0.09999999999999432,MCP current − MCP previous,MCP_ACTUAL_VALUE_CONFIRMED,KOSIS_MCP_GET_DATA,https://kosis.kr/statHtml/statHtml.do?orgId=101&tblId=DT_1DA7001S&vw_cd=MT_ZTITLE&list_id=&seqNo=&lang_mode=ko&language=kor&obj_var_id=&itm_id=&conn_path=MT_ZTITLE,241-269,2026-08-06T00:44:40.436Z
MCPG-028,C20235,2676,코로나 이후 다시 치솟는 청년 실업률,2025-11-03,https://www.chosun.com/economy/economy_general/2025/11/03/R4W2QCVPMJGWTC4A67U7WQOIUY/,"2일 국가데이터처에 따르면, 올해 3분기(7~9월) 15~29세 실업률은 5.1%로 전년 같은 기간(4.9%) 대비 0.2%포인트 상승했다.",CHANGE_POINT,0.2,"['일', '분', '월', '%', '%', '%']",SUPPORTS,FULL_KOSIS_MCP,Y,Y,N,101,DT_1DA7001S,성별 경제활동인구 총괄,0,N/A,T80,실업률,계,M,202409,202408,2.1,1.9,%,0.20000000000000018,MCP current − MCP previous,MCP_ACTUAL_VALUE_CONFIRMED,KOSIS_MCP_GET_DATA,https://kosis.kr/statHtml/statHtml.do?orgId=101&tblId=DT_1DA7001S&vw_cd=MT_ZTITLE&list_id=&seqNo=&lang_mode=ko&language=kor&obj_var_id=&itm_id=&conn_path=MT_ZTITLE,241-269,2026-08-06T00:44:40.436Z
MCPG-029,C00080,6,"2024년 수출, 6838억달러로 ‘역대 최대’ 경신",2025-01-01,https://www.chosun.com/economy/industry-company/2025/01/01/2UPTGREAPRAWRG4XUBRMLONSKY,"이에 따라 2024년 1~9월 기준(WTO)으로 전 세계 수출순위도 2023년 8위에서 두 단계 상승한 6위를 달성했으며, 상위 10대 수출국 중 가장 높은 수출증가율(+9.6%)을 기록했다.",CHANGE_RATE,9.6,"['년', '월', '년', '%']",REFUTES,FULL_KOSIS_MCP,Y,Y,N,360,DT_1R11001_FRM101,품목별 수출액 수입액,13102112831A.A,N/A,13103112831T1,수출액,총액,M,202409,202408,58544693.0,57642924.0,천달러,1.5644053726351563,(MCP current − MCP previous) / |MCP previous| × 100,MCP_ACTUAL_VALUE_CONFIRMED,KOSIS_MCP_GET_DATA,https://kosis.kr/statHtml/statHtml.do?orgId=360&tblId=DT_1R11001_FRM101&vw_cd=MT_ZTITLE&list_id=&seqNo=&lang_mode=ko&language=kor&obj_var_id=&itm_id=&conn_path=MT_ZTITLE,1-20,2026-08-05T08:24:47.180Z
MCPG-030,C00081,6,"2024년 수출, 6838억달러로 ‘역대 최대’ 경신",2025-01-01,https://www.chosun.com/economy/industry-company/2025/01/01/2UPTGREAPRAWRG4XUBRMLONSKY,2022년 당시 수출액은 역대 최대를 기록하면서도 472억달러 적자를 냈던 것과 다른 결과다.,LEVEL,472.0,['년'],REFUTES,FULL_KOSIS_MCP,Y,Y,N,360,DT_1R11001_FRM101,품목별 수출액 수입액,13102112831A.A,N/A,13103112831T1,수출액,총액,Y,2022,N/A,683584760.0,N/A,천달러,6835.847600000001,MCP current value × source unit scale (1e-05),MCP_ACTUAL_VALUE_CONFIRMED,KOSIS_MCP_GET_DATA,https://kosis.kr/statHtml/statHtml.do?orgId=360&tblId=DT_1R11001_FRM101&vw_cd=MT_ZTITLE&list_id=&seqNo=&lang_mode=ko&language=kor&obj_var_id=&itm_id=&conn_path=MT_ZTITLE,1-20,2026-08-05T08:24:47.181Z
MCPG-031,C00082,6,"2024년 수출, 6838억달러로 ‘역대 최대’ 경신",2025-01-01,https://www.chosun.com/economy/industry-company/2025/01/01/2UPTGREAPRAWRG4XUBRMLONSKY,2024년에는 에너지 수입이 감소하면서 전체 수입이 전년 대비 1.6% 감소한 덕에 무역수지가 개선됐다.,CHANGE_RATE,1.6,"['년', '%']",REFUTES,FULL_KOSIS_MCP,Y,Y,N,360,DT_1R11001_FRM101,품목별 수출액 수입액,13102112831A.A,N/A,13103112831T1,수출액,총액,Y,2024,2023,683609488.0,632225824.0,천달러,8.127422520469521,(MCP current − MCP previous) / |MCP previous| × 100,MCP_ACTUAL_VALUE_CONFIRMED,KOSIS_MCP_GET_DATA,https://kosis.kr/statHtml/statHtml.do?orgId=360&tblId=DT_1R11001_FRM101&vw_cd=MT_ZTITLE&list_id=&seqNo=&lang_mode=ko&language=kor&obj_var_id=&itm_id=&conn_path=MT_ZTITLE,1-20,2026-08-05T08:24:47.182Z
MCPG-032,C00084,6,"2024년 수출, 6838억달러로 ‘역대 최대’ 경신",2025-01-01,https://www.chosun.com/economy/industry-company/2025/01/01/2UPTGREAPRAWRG4XUBRMLONSKY,"◇반도체, 자동차가 이끌고 바이오, 농수산, 화장품 등도 고르게 증가 품목별로는 최대 수출품목인 반도체가 43.9% 증가한 1419억 달러를 기록, 2023년 11월 이후 14개월 연속 증가 흐름을 이어가면서 기존 최대 실적인 2022년 1292억 달러를 2년 만에 경신했다.",CHANGE_RATE,43.9,"['%', '년', '월', '개', '년', '년']",REFUTES,FULL_KOSIS_MCP,Y,Y,N,360,DT_1R11001_FRM101,품목별 수출액 수입액,13102112831A.7763,N/A,13103112831T1,수출액,다이오드트랜지스터 기타 이와 유사한 반도체 디바이스,M,202311,202310,302385.0,273279.0,천달러,10.65065372750925,(MCP current − MCP previous) / |MCP previous| × 100,MCP_ACTUAL_VALUE_CONFIRMED,KOSIS_MCP_GET_DATA,https://kosis.kr/statHtml/statHtml.do?orgId=360&tblId=DT_1R11001_FRM101&vw_cd=MT_ZTITLE&list_id=&seqNo=&lang_mode=ko&language=kor&obj_var_id=&itm_id=&conn_path=MT_ZTITLE,1-20,2026-08-05T08:24:47.182Z
MCPG-033,C00087,6,"2024년 수출, 6838억달러로 ‘역대 최대’ 경신",2025-01-01,https://www.chosun.com/economy/industry-company/2025/01/01/2UPTGREAPRAWRG4XUBRMLONSKY,"선박 수출은 2021년 높은 선가로 수주한 LNG 운반선, 대형 컨테이너선 등 고부가 선박이 본격 수출되면서 두 자릿수(18%) 증가한 256억 달러를 기록했다.",CHANGE_RATE,18.0,"['년', '%']",REFUTES,FULL_KOSIS_MCP,Y,Y,N,360,DT_1R11001_FRM101,품목별 수출액 수입액,13102112831A.793,N/A,13103112831T1,수출액,선박보트 및 부유구조물,Y,2021,2020,22015656.0,18725909.0,천달러,17.567889494710244,(MCP current − MCP previous) / |MCP previous| × 100,MCP_ACTUAL_VALUE_CONFIRMED,KOSIS_MCP_GET_DATA,https://kosis.kr/statHtml/statHtml.do?orgId=360&tblId=DT_1R11001_FRM101&vw_cd=MT_ZTITLE&list_id=&seqNo=&lang_mode=ko&language=kor&obj_var_id=&itm_id=&conn_path=MT_ZTITLE,1-20,2026-08-05T08:24:47.182Z
MCPG-034,C00089,6,"2024년 수출, 6838억달러로 ‘역대 최대’ 경신",2025-01-01,https://www.chosun.com/economy/industry-company/2025/01/01/2UPTGREAPRAWRG4XUBRMLONSKY,"바이오헬스 수출은 바이오시밀러 등 의약품을 중심으로 전년 대비 13.1% 증가한 151억 달러를 기록했으며, 전 세계적으로 K푸드, K뷰티 선호가 확대되면서 농수산식품 수출은 117억 달러(7.6%), 화장품 수출(102억 달러, +20.6%)은 처음으로 100억 달러를 돌파하면서 역대 최대 수출실적을 경신했다.",CHANGE_RATE,20.6,"['%', '%', '%']",REFUTES,FULL_KOSIS_MCP,Y,Y,N,360,DT_1R11001_FRM101,품목별 수출액 수입액,13102112831A.553,N/A,13103112831T1,수출액,향수 및 화장품화장용품(비누제외),Y,2024,2023,9829853.0,8220877.0,천달러,19.571829136964343,(MCP current − MCP previous) / |MCP previous| × 100,MCP_ACTUAL_VALUE_CONFIRMED,KOSIS_MCP_GET_DATA,https://kosis.kr/statHtml/statHtml.do?orgId=360&tblId=DT_1R11001_FRM101&vw_cd=MT_ZTITLE&list_id=&seqNo=&lang_mode=ko&language=kor&obj_var_id=&itm_id=&conn_path=MT_ZTITLE,1-20,2026-08-05T08:24:47.184Z
MCPG-035,C00175,18,반도체 덕에… 지난해 수출 6838억달러 역대 최대,2025-01-02,https://www.chosun.com/economy/economy_general/2025/01/02/6MYGM52QIVHUJBIZYYFBUW5IQM,1 작년 한 해 전체 수출액이 6838억달러(약 1006조원)로 2023년에 비해 8.2% 증가했다고 산업통상자원부와 관세청이 1일 밝혔다.,CHANGE_RATE,8.2,"['조원', '년', '%', '일']",REFUTES,FULL_KOSIS_MCP,Y,Y,N,360,DT_1R11001_FRM101,품목별 수출액 수입액,13102112831A.7763,N/A,13103112831T1,수출액,다이오드트랜지스터 기타 이와 유사한 반도체 디바이스,Y,2024,2023,3601287.0,3702260.0,천달러,-2.727334114837964,(MCP current − MCP previous) / |MCP previous| × 100,MCP_ACTUAL_VALUE_CONFIRMED,KOSIS_MCP_GET_DATA,https://kosis.kr/statHtml/statHtml.do?orgId=360&tblId=DT_1R11001_FRM101&vw_cd=MT_ZTITLE&list_id=&seqNo=&lang_mode=ko&language=kor&obj_var_id=&itm_id=&conn_path=MT_ZTITLE,1-20,2026-08-05T08:24:47.185Z
MCPG-036,C00176,18,반도체 덕에… 지난해 수출 6838억달러 역대 최대,2025-01-02,https://www.chosun.com/economy/economy_general/2025/01/02/6MYGM52QIVHUJBIZYYFBUW5IQM,기존 역대 최대 규모였던 2022년 기록(6836억달러)을 2억달러 웃돌아 역대 최대 수출 실적을 달성했다.,LEVEL,2.0,['년'],REFUTES,FULL_KOSIS_MCP,Y,Y,N,360,DT_1R11001_FRM101,품목별 수출액 수입액,13102112831A.7763,N/A,13103112831T1,수출액,다이오드트랜지스터 기타 이와 유사한 반도체 디바이스,Y,2022,N/A,4354496.0,N/A,천달러,43.54496,MCP current value × source unit scale (1e-05),MCP_ACTUAL_VALUE_CONFIRMED,KOSIS_MCP_GET_DATA,https://kosis.kr/statHtml/statHtml.do?orgId=360&tblId=DT_1R11001_FRM101&vw_cd=MT_ZTITLE&list_id=&seqNo=&lang_mode=ko&language=kor&obj_var_id=&itm_id=&conn_path=MT_ZTITLE,1-20,2026-08-05T08:24:47.186Z
MCPG-037,C00180,18,반도체 덕에… 지난해 수출 6838억달러 역대 최대,2025-01-02,https://www.chosun.com/economy/economy_general/2025/01/02/6MYGM52QIVHUJBIZYYFBUW5IQM,작년 수출이 역대 최대 실적을 달성한 것은 4개월 연속 둔화세를 보이던 수출이 지난달 선방했기 때문이다.,CHANGE_RATE,4.0,['개'],REFUTES,FULL_KOSIS_MCP,Y,Y,N,360,DT_1R11001_FRM101,품목별 수출액 수입액,13102112831A.7763,N/A,13103112831T1,수출액,다이오드트랜지스터 기타 이와 유사한 반도체 디바이스,M,202412,202411,274344.0,295336.0,천달러,-7.107836498090311,(MCP current − MCP previous) / |MCP previous| × 100,MCP_ACTUAL_VALUE_CONFIRMED,KOSIS_MCP_GET_DATA,https://kosis.kr/statHtml/statHtml.do?orgId=360&tblId=DT_1R11001_FRM101&vw_cd=MT_ZTITLE&list_id=&seqNo=&lang_mode=ko&language=kor&obj_var_id=&itm_id=&conn_path=MT_ZTITLE,1-20,2026-08-05T08:24:47.186Z
MCPG-038,C00182,18,반도체 덕에… 지난해 수출 6838억달러 역대 최대,2025-01-02,https://www.chosun.com/economy/economy_general/2025/01/02/6MYGM52QIVHUJBIZYYFBUW5IQM,수출 증가율은 작년 8월(10.9%)부터 11월까지 꺾이다가 지난달 들어 반도체 수출이 31.5% 불어나며 오름세로 돌아섰다.,CHANGE_RATE,31.5,"['월', '%', '월', '%']",REFUTES,FULL_KOSIS_MCP,Y,Y,N,360,DT_1R11001_FRM101,품목별 수출액 수입액,13102112831A.7763,N/A,13103112831T1,수출액,다이오드트랜지스터 기타 이와 유사한 반도체 디바이스,M,202411,202410,295336.0,326077.0,천달러,-9.42752785385047,(MCP current − MCP previous) / |MCP previous| × 100,MCP_ACTUAL_VALUE_CONFIRMED,KOSIS_MCP_GET_DATA,https://kosis.kr/statHtml/statHtml.do?orgId=360&tblId=DT_1R11001_FRM101&vw_cd=MT_ZTITLE&list_id=&seqNo=&lang_mode=ko&language=kor&obj_var_id=&itm_id=&conn_path=MT_ZTITLE,1-20,2026-08-05T08:24:47.186Z
MCPG-039,C00289,29,완성차 5사 판매량 3년만에 감소세로...내수 부진에 전기차 캐즘 본격화,2025-01-03,https://www.chosun.com/economy/auto/2025/01/03/N4AM2ZKHUBDXHOEEKGPMWO4Y2U,2023년 역대 최고 실적을 달성했던 수출도 성장세가 꺾였다.,CHANGE_RATE,2023.0,['년'],REFUTES,FULL_KOSIS_MCP,Y,Y,N,360,DT_1R11001_FRM101,품목별 수출액 수입액,13102112831A.A,N/A,13103112831T1,수출액,총액,Y,2023,2022,632225824.0,683584760.0,천달러,-7.513177444154841,(MCP current − MCP previous) / |MCP previous| × 100,MCP_ACTUAL_VALUE_CONFIRMED,KOSIS_MCP_GET_DATA,https://kosis.kr/statHtml/statHtml.do?orgId=360&tblId=DT_1R11001_FRM101&vw_cd=MT_ZTITLE&list_id=&seqNo=&lang_mode=ko&language=kor&obj_var_id=&itm_id=&conn_path=MT_ZTITLE,1-20,2026-08-05T08:24:47.187Z
MCPG-040,C00572,67,"지난해 최고 인기 수입차는 테슬라 모델 Y...BMW 520, 벤츠 E200 뒤 이어",2025-01-06,https://www.chosun.com/economy/auto/2025/01/06/S27CLI355JFNZLDTKSS6EHCNPI,전체 수입차 판매는 2023년(27만1034대)보다 2.9% 감소한 26만3288대에 그쳤다.,CHANGE_RATE,2.9,"['년', '%']",REFUTES,FULL_KOSIS_MCP,Y,Y,N,360,DT_1R11001_FRM101,품목별 수출액 수입액,13102112831A.A,N/A,13103112831T2,수입액,총액,Y,2023,2022,642572126.0,731369657.0,천달러,-12.14126538476288,(MCP current − MCP previous) / |MCP previous| × 100,MCP_ACTUAL_VALUE_CONFIRMED,KOSIS_MCP_GET_DATA,https://kosis.kr/statHtml/statHtml.do?orgId=360&tblId=DT_1R11001_FRM101&vw_cd=MT_ZTITLE&list_id=&seqNo=&lang_mode=ko&language=kor&obj_var_id=&itm_id=&conn_path=MT_ZTITLE,1-20,2026-08-05T08:24:47.188Z
MCPG-041,C01298,182,"올 첫 열흘 동안 수출, 작년보다 3.8% 늘어",2025-01-14,https://www.chosun.com/economy/industry-company/2025/01/14/IPPOGTCXI5BFRB5DIIBS3YJ77I,"13일 관세청이 발표한 올해 1월 1일~10일 수출입현황에 따르면, 수출은 160억400만달러로 전년 같은 기간보다 3.8% 늘었다.",CHANGE_RATE,3.8,"['일', '월', '일', '일', '%']",REFUTES,FULL_KOSIS_MCP,Y,Y,N,360,DT_1R11001_FRM101,품목별 수출액 수입액,13102112831A.A,N/A,13103112831T1,수출액,총액,M,202401,202312,54709823.0,57573193.0,천달러,-4.97344310919146,(MCP current − MCP previous) / |MCP previous| × 100,MCP_ACTUAL_VALUE_CONFIRMED,KOSIS_MCP_GET_DATA,https://kosis.kr/statHtml/statHtml.do?orgId=360&tblId=DT_1R11001_FRM101&vw_cd=MT_ZTITLE&list_id=&seqNo=&lang_mode=ko&language=kor&obj_var_id=&itm_id=&conn_path=MT_ZTITLE,1-20,2026-08-05T08:24:47.188Z
MCPG-042,C01332,185,"수입차 시장, IMF 이후 처음 2년 연속 역성장",2025-01-15,https://www.chosun.com/economy/auto/2025/01/15/MS2YWXFVJVFGVKZPZIJZ6DXAAU,4 작년 국내 수입차 판매량이 2.9% 줄며 2년 연속 감소세를 기록했다.,CHANGE_RATE,2.9,"['%', '년']",REFUTES,FULL_KOSIS_MCP,Y,Y,N,360,DT_1R11001_FRM101,품목별 수출액 수입액,13102112831A.A,N/A,13103112831T2,수입액,총액,Y,2024,2023,631767209.0,642572126.0,천달러,-1.6815103803615659,(MCP current − MCP previous) / |MCP previous| × 100,MCP_ACTUAL_VALUE_CONFIRMED,KOSIS_MCP_GET_DATA,https://kosis.kr/statHtml/statHtml.do?orgId=360&tblId=DT_1R11001_FRM101&vw_cd=MT_ZTITLE&list_id=&seqNo=&lang_mode=ko&language=kor&obj_var_id=&itm_id=&conn_path=MT_ZTITLE,1-20,2026-08-05T08:24:47.190Z
MCPG-043,C01922,268,새해 첫 20일 수출 5.1%↓ 엿새 설 연휴로 1월 전체 수출 감소 가능성,2025-01-21,https://www.chosun.com/economy/economy_general/2025/01/21/I6KIDJTHINBDZJKIJQNJX7YJ5Q,1월 수출이 감소할 경우 2023년 9월(-4.4%) 이후 1년 4개월 만에 처음으로 전년 동월 대비 수출액이 마이너스를 기록하게 된다.,CHANGE_RATE,-4.4,"['월', '년', '월', '%', '년', '개']",REFUTES,FULL_KOSIS_MCP,Y,Y,N,360,DT_1R11001_FRM101,품목별 수출액 수입액,13102112831A.A,N/A,13103112831T1,수출액,총액,M,202409,202309,58544693.0,54650691.0,천달러,7.1252566596093,(MCP current − MCP previous) / |MCP previous| × 100,MCP_ACTUAL_VALUE_CONFIRMED,KOSIS_MCP_GET_DATA,https://kosis.kr/statHtml/statHtml.do?orgId=360&tblId=DT_1R11001_FRM101&vw_cd=MT_ZTITLE&list_id=&seqNo=&lang_mode=ko&language=kor&obj_var_id=&itm_id=&conn_path=MT_ZTITLE,1-20,2026-08-05T08:24:47.190Z
MCPG-044,C01998,278,‘억’ 소리 나는 유튜버들… 수퍼챗도 세금 내야,2025-01-22,https://www.chosun.com/economy/economy_general/2025/01/22/BXNGUVDIIBEC5PWEXSBY5YCRDE,더불어민주당 정일영 의원실에 따르면 작년 11월 기준 보수 성향 유튜버의 수퍼챗 수입 상위 7개 채널 중 6개의 지난달 수퍼챗 수익은 한 달 새 평균 2.1배 늘어났다.,LEVEL,2.1,"['월', '개', '개', '배']",REFUTES,FULL_KOSIS_MCP,Y,Y,N,360,DT_1R11001_FRM101,품목별 수출액 수입액,13102112831A.A,N/A,13103112831T2,수입액,총액,M,202411,N/A,50718992.0,N/A,천달러,50718992.0,MCP current value × source unit scale (1),MCP_ACTUAL_VALUE_CONFIRMED,KOSIS_MCP_GET_DATA,https://kosis.kr/statHtml/statHtml.do?orgId=360&tblId=DT_1R11001_FRM101&vw_cd=MT_ZTITLE&list_id=&seqNo=&lang_mode=ko&language=kor&obj_var_id=&itm_id=&conn_path=MT_ZTITLE,1-20,2026-08-05T08:24:47.191Z
MCPG-045,C02701,353,"연두색 번호판 창피해서 못 탄다?…1억 이상 수입차 판매량, 결국",2025-01-28,https://www.chosun.com/economy/economy_general/2025/01/28/FXUVCK5BXRBB5N6XQBFXYFPDYE,"2022년에도 39.1%로, 40% 가까운 이들이 법인 명의로 수입차를 등록했다.",LEVEL,40.0,"['년', '%', '%']",REFUTES,FULL_KOSIS_MCP,Y,Y,N,360,DT_1R11001_FRM101,품목별 수출액 수입액,13102112831A.A,N/A,13103112831T2,수입액,총액,Y,2022,N/A,731369657.0,N/A,천달러,731369657.0,MCP current value × source unit scale (1),MCP_ACTUAL_VALUE_CONFIRMED,KOSIS_MCP_GET_DATA,https://kosis.kr/statHtml/statHtml.do?orgId=360&tblId=DT_1R11001_FRM101&vw_cd=MT_ZTITLE&list_id=&seqNo=&lang_mode=ko&language=kor&obj_var_id=&itm_id=&conn_path=MT_ZTITLE,1-20,2026-08-05T08:24:47.192Z
MCPG-046,C03132,396,"벤츠 E-클래스, 11년 연속 수입차 시장 베스트셀러로",2025-01-31,https://www.chosun.com/economy/auto/2025/01/31/JKT2NSYPNVCZPKT56UFOJ3YGLY,엔트리 모델인 메르세데스-벤츠 E200 아방가르드는 지난해 5월 출시 이후 짧은 판매 기간에도 지난해 수입차 트림(세부 모델)별 누적 판매 순위 3위(1만540대)에 오르기도 했다.,LEVEL,200.0,['월'],REFUTES,FULL_KOSIS_MCP,Y,Y,N,360,DT_1R11001_FRM101,품목별 수출액 수입액,13102112831A.A,N/A,13103112831T2,수입액,총액,M,202405,N/A,53132937.0,N/A,천달러,53132937.0,MCP current value × source unit scale (1),MCP_ACTUAL_VALUE_CONFIRMED,KOSIS_MCP_GET_DATA,https://kosis.kr/statHtml/statHtml.do?orgId=360&tblId=DT_1R11001_FRM101&vw_cd=MT_ZTITLE&list_id=&seqNo=&lang_mode=ko&language=kor&obj_var_id=&itm_id=&conn_path=MT_ZTITLE,1-20,2026-08-05T08:24:47.192Z
MCPG-047,C03192,406,"설연휴 영향에 1월 수출, 16개월만에 마이너스...반도체는 건재",2025-02-01,https://www.chosun.com/economy/industry-company/2025/02/01/EJLSTEFHI5DIBDJ2EDKHVA5SYQ,산업통상자원부는 1월 수출이 전년 동월 대비 10.3% 감소한 491억 달러를 기록했다고 1일 밝혔다.,CHANGE_RATE,10.3,"['월', '%', '일']",REFUTES,FULL_KOSIS_MCP,Y,Y,N,360,DT_1R11001_FRM101,품목별 수출액 수입액,13102112831A.7763,N/A,13103112831T1,수출액,다이오드트랜지스터 기타 이와 유사한 반도체 디바이스,M,202401,202301,362260.0,337745.0,천달러,7.258434617832981,(MCP current − MCP previous) / |MCP previous| × 100,MCP_ACTUAL_VALUE_CONFIRMED,KOSIS_MCP_GET_DATA,https://kosis.kr/statHtml/statHtml.do?orgId=360&tblId=DT_1R11001_FRM101&vw_cd=MT_ZTITLE&list_id=&seqNo=&lang_mode=ko&language=kor&obj_var_id=&itm_id=&conn_path=MT_ZTITLE,1-20,2026-08-05T08:24:47.193Z
MCPG-048,C03195,406,"설연휴 영향에 1월 수출, 16개월만에 마이너스...반도체는 건재",2025-02-01,https://www.chosun.com/economy/industry-company/2025/02/01/EJLSTEFHI5DIBDJ2EDKHVA5SYQ,"품목별로는 한국의 최대 수출 품목인 반도체가 101억 달러(+8.1%)로 역대 1월 중 2022년 108억 달러에 이은 2위 실적을 기록하면서, 15개월 연속 수출 플러스 및 9개월 연속 수출 100억 달러 이상의 흐름을 이어갔다.",LEVEL,100.0,"['%', '월', '년', '개', '개']",REFUTES,FULL_KOSIS_MCP,Y,Y,N,360,DT_1R11001_FRM101,품목별 수출액 수입액,13102112831A.7763,N/A,13103112831T1,수출액,다이오드트랜지스터 기타 이와 유사한 반도체 디바이스,M,202201,N/A,368308.0,N/A,천달러,3.6830799999999995,MCP current value × source unit scale (1e-05),MCP_ACTUAL_VALUE_CONFIRMED,KOSIS_MCP_GET_DATA,https://kosis.kr/statHtml/statHtml.do?orgId=360&tblId=DT_1R11001_FRM101&vw_cd=MT_ZTITLE&list_id=&seqNo=&lang_mode=ko&language=kor&obj_var_id=&itm_id=&conn_path=MT_ZTITLE,21-60,2026-08-05T08:31:33.618Z
MCPG-049,C03503,440,작년 소매판매 2.2% 줄어... 21년 만에 최대 감소폭,2025-02-03,https://www.chosun.com/economy/economy_general/2025/02/03/Y7UQBA7SO5AJTKSOUUK52DYR34,"제조업 생산이 전월 대비 4.4% 늘었는데, 특히 반도체(5.6%)와 자동차(10.7%) 등 주요 수출 품목 생산이 늘었다.",CHANGE_RATE,10.7,"['%', '%', '%']",REFUTES,FULL_KOSIS_MCP,Y,Y,N,360,DT_1R11001_FRM101,품목별 수출액 수입액,13102112831A.7763,N/A,13103112831T1,수출액,다이오드트랜지스터 기타 이와 유사한 반도체 디바이스,M,202501,202412,269627.0,274344.0,천달러,-1.7193742163123669,(MCP current − MCP previous) / |MCP previous| × 100,MCP_ACTUAL_VALUE_CONFIRMED,KOSIS_MCP_GET_DATA,https://kosis.kr/statHtml/statHtml.do?orgId=360&tblId=DT_1R11001_FRM101&vw_cd=MT_ZTITLE&list_id=&seqNo=&lang_mode=ko&language=kor&obj_var_id=&itm_id=&conn_path=MT_ZTITLE,21-60,2026-08-05T08:31:33.618Z
MCPG-050,C03627,458,수입차 업체 “전기차 보조금 미리 쏴드려요”,2025-02-05,https://www.chosun.com/economy/auto/2025/02/05/RDPWMBCZQVAAVAM6VMD2XFS5NU,"자동차 시장조사 업체 카이즈유데이터센터에 따르면, 작년 수입 승용차 판매량은 재작년 대비 7.1% 급감했다.",CHANGE_RATE,7.1,['%'],REFUTES,FULL_KOSIS_MCP,Y,Y,N,360,DT_1R11001_FRM101,품목별 수출액 수입액,13102112831A.781,N/A,13103112831T2,수입액,승용자동차 및 기타의 차량,Y,2023,2022,14508707.0,14048939.0,천달러,3.272617241771781,(MCP current − MCP previous) / |MCP previous| × 100,MCP_ACTUAL_VALUE_CONFIRMED,KOSIS_MCP_GET_DATA,https://kosis.kr/statHtml/statHtml.do?orgId=360&tblId=DT_1R11001_FRM101&vw_cd=MT_ZTITLE&list_id=&seqNo=&lang_mode=ko&language=kor&obj_var_id=&itm_id=&conn_path=MT_ZTITLE,21-60,2026-08-05T08:31:33.618Z
MCPG-051,C03780,478,"작년 경상수지 흑자 990억달러...전년보다 3배로↑,역대 두번째 규모",2025-02-06,https://www.chosun.com/economy/economy_general/2025/02/06/RO32ISHXHREYLO3V4B2GJHWXEI,"수송장비, 반도체제조장비 같은 자본재와, 소비재 수입이 늘며 수입도 전년대비 4.2% 가량 늘었다.",CHANGE_RATE,4.2,['%'],REFUTES,FULL_KOSIS_MCP,Y,Y,N,360,DT_1R11001_FRM101,품목별 수출액 수입액,13102112831A.7763,N/A,13103112831T2,수입액,다이오드트랜지스터 기타 이와 유사한 반도체 디바이스,Y,2024,2023,4647600.0,4959330.0,천달러,-6.285728112466805,(MCP current − MCP previous) / |MCP previous| × 100,MCP_ACTUAL_VALUE_CONFIRMED,KOSIS_MCP_GET_DATA,https://kosis.kr/statHtml/statHtml.do?orgId=360&tblId=DT_1R11001_FRM101&vw_cd=MT_ZTITLE&list_id=&seqNo=&lang_mode=ko&language=kor&obj_var_id=&itm_id=&conn_path=MT_ZTITLE,21-60,2026-08-05T08:31:33.618Z
MCPG-052,C03905,498,세계식량가격 두달째 하락…브라질 작황 개선에 설탕 6.8%↓,2025-02-08,https://www.chosun.com/economy/economy_general/2025/02/08/WJYLZYZR2VDABMOKYTYA76IEGI,2위 생산국인 인도 정부가 지난 2023년 10월 이후 제한해온 설탕 수출을 재개할 예정이라는 소식이 나온 점도 설탕 가격 지수를 낮추는 데 한몫했다.,LEVEL,2.0,"['년', '월']",REFUTES,FULL_KOSIS_MCP,Y,Y,N,360,DT_1R11001_FRM101,품목별 수출액 수입액,13102112831A.A,N/A,13103112831T1,수출액,총액,M,202310,N/A,54989950.0,N/A,천달러,54989950.0,MCP current value × source unit scale (1),MCP_ACTUAL_VALUE_CONFIRMED,KOSIS_MCP_GET_DATA,https://kosis.kr/statHtml/statHtml.do?orgId=360&tblId=DT_1R11001_FRM101&vw_cd=MT_ZTITLE&list_id=&seqNo=&lang_mode=ko&language=kor&obj_var_id=&itm_id=&conn_path=MT_ZTITLE,21-60,2026-08-05T08:31:33.619Z
MCPG-053,C04226,535,"‘트럼프 관세 위협’ 멕시코, 1월 車 수출 급감…美 업체에 타격",2025-02-11,https://www.chosun.com/economy/auto/2025/02/11/3KETX2SFHZCMFCE5PLN4GTWIKM,제너럴모터스(GM)도 지난달 수출 물량(4만8778대)이 1년 새 23.8% 줄어든 것으로 집계됐다.,LEVEL,23.8,"['년', '%']",REFUTES,FULL_KOSIS_MCP,Y,Y,N,360,DT_1R11001_FRM101,품목별 수출액 수입액,13102112831A.A,N/A,13103112831T1,수출액,총액,M,202501,N/A,49176984.0,N/A,천달러,49176984.0,MCP current value × source unit scale (1),MCP_ACTUAL_VALUE_CONFIRMED,KOSIS_MCP_GET_DATA,https://kosis.kr/statHtml/statHtml.do?orgId=360&tblId=DT_1R11001_FRM101&vw_cd=MT_ZTITLE&list_id=&seqNo=&lang_mode=ko&language=kor&obj_var_id=&itm_id=&conn_path=MT_ZTITLE,21-60,2026-08-05T08:31:33.619Z
MCPG-054,C04395,555,‘무역 전쟁’ 먹구름… KDI도 성장률 전망 1.6%로 낮췄다,2025-02-12,https://www.chosun.com/economy/economy_general/2025/02/12/ET3EQF2MVBAHFFHKLSQYVTVVTM,하지만 지난달 수출은 전년 동월 대비 10.3% 급감했다.,CHANGE_RATE,10.3,['%'],REFUTES,FULL_KOSIS_MCP,Y,Y,N,360,DT_1R11001_FRM101,품목별 수출액 수입액,13102112831A.A,N/A,13103112831T1,수출액,총액,M,202401,202301,54709823.0,46339145.0,천달러,18.0639457201897,(MCP current − MCP previous) / |MCP previous| × 100,MCP_ACTUAL_VALUE_CONFIRMED,KOSIS_MCP_GET_DATA,https://kosis.kr/statHtml/statHtml.do?orgId=360&tblId=DT_1R11001_FRM101&vw_cd=MT_ZTITLE&list_id=&seqNo=&lang_mode=ko&language=kor&obj_var_id=&itm_id=&conn_path=MT_ZTITLE,21-60,2026-08-05T08:31:33.619Z
MCPG-055,C05003,636,1월 자동차 수출 줄었지만 하이브리드차 수출은 35% 증가,2025-02-18,https://www.chosun.com/economy/industry-company/2025/02/18/3752GX6GLVAGFCIZAPNZLLGDWE,산업통상자원부는 지난 달 하이브리드차 수출대수가 전년 동월보다 35.5% 증가한 3만5701대를 기록했다고 17일 밝혔다.,CHANGE_RATE,35.5,"['%', '일']",REFUTES,FULL_KOSIS_MCP,Y,Y,N,360,DT_1R11001_FRM101,품목별 수출액 수입액,13102112831A.781,N/A,13103112831T1,수출액,승용자동차 및 기타의 차량,M,202412,202312,5833631.0,6196407.0,천달러,-5.854618652390006,(MCP current − MCP previous) / |MCP previous| × 100,MCP_ACTUAL_VALUE_CONFIRMED,KOSIS_MCP_GET_DATA,https://kosis.kr/statHtml/statHtml.do?orgId=360&tblId=DT_1R11001_FRM101&vw_cd=MT_ZTITLE&list_id=&seqNo=&lang_mode=ko&language=kor&obj_var_id=&itm_id=&conn_path=MT_ZTITLE,21-60,2026-08-05T08:31:33.619Z
MCPG-056,C05279,673,1∼20일 수출 16.0% 증가 ↑ 작년 설 기저 효과,2025-02-21,https://www.chosun.com/economy/economy_general/2025/02/21/SRNTSTE3VVDHLEYAP7G4Y2GAW4,1 2월 들어 지난 20일까지 수출액이 353억1600만달러로 전년 동기 대비 16% 늘었다고 관세청이 21일 밝혔다.,CHANGE_RATE,16.0,"['월', '일', '%', '일']",REFUTES,FULL_KOSIS_MCP,Y,Y,N,360,DT_1R11001_FRM101,품목별 수출액 수입액,13102112831A.A,N/A,13103112831T1,수출액,총액,M,202402,202302,52076390.0,49994593.0,천달러,4.164044299750575,(MCP current − MCP previous) / |MCP previous| × 100,MCP_ACTUAL_VALUE_CONFIRMED,KOSIS_MCP_GET_DATA,https://kosis.kr/statHtml/statHtml.do?orgId=360&tblId=DT_1R11001_FRM101&vw_cd=MT_ZTITLE&list_id=&seqNo=&lang_mode=ko&language=kor&obj_var_id=&itm_id=&conn_path=MT_ZTITLE,21-60,2026-08-05T08:31:33.620Z
MCPG-057,C06102,774,"한 달 만에 수출 플러스, 무역흑자 전환... ‘수출 효자’ 반도체는 감소세로 부진",2025-03-01,https://www.chosun.com/economy/industry-company/2025/03/01/2HADMQGKKVDHNEH52IQRPDQFLA,5 지난달 한국 수출이 작년보다 1% 증가한 526억달러(약 77조원)를 기록하며 플러스로 돌아섰다.,CHANGE_RATE,1.0,"['%', '조원']",REFUTES,FULL_KOSIS_MCP,Y,Y,N,360,DT_1R11001_FRM101,품목별 수출액 수입액,13102112831A.7763,N/A,13103112831T1,수출액,다이오드트랜지스터 기타 이와 유사한 반도체 디바이스,M,202402,202401,308807.0,362260.0,천달러,-14.755424280903217,(MCP current − MCP previous) / |MCP previous| × 100,MCP_ACTUAL_VALUE_CONFIRMED,KOSIS_MCP_GET_DATA,https://kosis.kr/statHtml/statHtml.do?orgId=360&tblId=DT_1R11001_FRM101&vw_cd=MT_ZTITLE&list_id=&seqNo=&lang_mode=ko&language=kor&obj_var_id=&itm_id=&conn_path=MT_ZTITLE,21-60,2026-08-05T08:31:33.620Z
MCPG-058,C06104,774,"한 달 만에 수출 플러스, 무역흑자 전환... ‘수출 효자’ 반도체는 감소세로 부진",2025-03-01,https://www.chosun.com/economy/industry-company/2025/03/01/2HADMQGKKVDHNEH52IQRPDQFLA,"산업통상자원부는 1일 지난달 수출은 1% 늘어난 526억달러, 수입은 0.2% 증가한 483억달러로 무역수지(수출액-수입액)는 43억달러 흑자를 나타냈다고 밝혔다.",CHANGE_RATE,0.2,"['일', '%', '%']",REFUTES,FULL_KOSIS_MCP,Y,Y,N,360,DT_1R11001_FRM101,품목별 수출액 수입액,13102112831A.7763,N/A,13103112831T1,수출액,다이오드트랜지스터 기타 이와 유사한 반도체 디바이스,M,202502,202501,255006.0,269627.0,천달러,-5.422676512367085,(MCP current − MCP previous) / |MCP previous| × 100,MCP_ACTUAL_VALUE_CONFIRMED,KOSIS_MCP_GET_DATA,https://kosis.kr/statHtml/statHtml.do?orgId=360&tblId=DT_1R11001_FRM101&vw_cd=MT_ZTITLE&list_id=&seqNo=&lang_mode=ko&language=kor&obj_var_id=&itm_id=&conn_path=MT_ZTITLE,21-60,2026-08-05T08:31:33.620Z
MCPG-059,C06108,774,"한 달 만에 수출 플러스, 무역흑자 전환... ‘수출 효자’ 반도체는 감소세로 부진",2025-03-01,https://www.chosun.com/economy/industry-company/2025/03/01/2HADMQGKKVDHNEH52IQRPDQFLA,"이를 감안해 1∼2월 수출 합계를 비교하면 올해 수출 실적은 전년 동기 대비 4.75% 감소, 수출 둔화 우려는 여전하다는 지적이 나온다.",CHANGE_RATE,4.75,"['월', '%']",REFUTES,FULL_KOSIS_MCP,Y,Y,N,360,DT_1R11001_FRM101,품목별 수출액 수입액,13102112831A.7763,N/A,13103112831T1,수출액,다이오드트랜지스터 기타 이와 유사한 반도체 디바이스,M,202402,202302,308807.0,338789.0,천달러,-8.849756042846728,(MCP current − MCP previous) / |MCP previous| × 100,MCP_ACTUAL_VALUE_CONFIRMED,KOSIS_MCP_GET_DATA,https://kosis.kr/statHtml/statHtml.do?orgId=360&tblId=DT_1R11001_FRM101&vw_cd=MT_ZTITLE&list_id=&seqNo=&lang_mode=ko&language=kor&obj_var_id=&itm_id=&conn_path=MT_ZTITLE,21-60,2026-08-05T08:31:33.620Z
MCPG-060,C06734,849,"연두색 번호판 탓?… 고가 수입차, 영리치 대신 50대가 사",2025-03-07,https://www.chosun.com/economy/auto/2025/03/07/MPF2ABV3MRHA5FPAADA7BX4PMA,"6일 한국수입자동차협회(KAIDA)에 따르면, 작년 1억원이 넘는 고가 수입차를 구매한 50대(6229명)는 전년 대비 1.5% 늘어 역대 최고치를 기록했다.",LEVEL,1.0,"['일', '억원', '명', '%']",REFUTES,FULL_KOSIS_MCP,Y,Y,N,360,DT_1R11001_FRM101,품목별 수출액 수입액,13102112831A.781,N/A,13103112831T2,수입액,승용자동차 및 기타의 차량,Y,2024,N/A,12100600.0,N/A,천달러,12100600.0,MCP current value × source unit scale (1),MCP_ACTUAL_VALUE_CONFIRMED,KOSIS_MCP_GET_DATA,https://kosis.kr/statHtml/statHtml.do?orgId=360&tblId=DT_1R11001_FRM101&vw_cd=MT_ZTITLE&list_id=&seqNo=&lang_mode=ko&language=kor&obj_var_id=&itm_id=&conn_path=MT_ZTITLE,21-60,2026-08-05T08:31:33.620Z
MCPG-061,C09177,1186,"완성차 5사 3월 판매 내수 늘고, 수출 줄어",2025-04-02,https://www.chosun.com/economy/auto/2025/04/02/WGSJKEACLREGNPQWEDWLXBGH2Y,"내수 판매(12만3817대)는 작년 동월 대비 2.9% 늘었지만, 같은 기간 수출(57만9036대)이 2.6% 줄면서 전체 판매가 줄었다.",CHANGE_RATE,2.6,"['%', '%']",REFUTES,FULL_KOSIS_MCP,Y,Y,N,360,DT_1R11001_FRM101,품목별 수출액 수입액,13102112831A.A,N/A,13103112831T1,수출액,총액,M,202412,202411,61359250.0,56288629.0,천달러,9.008251027041359,(MCP current − MCP previous) / |MCP previous| × 100,MCP_ACTUAL_VALUE_CONFIRMED,KOSIS_MCP_GET_DATA,https://kosis.kr/statHtml/statHtml.do?orgId=360&tblId=DT_1R11001_FRM101&vw_cd=MT_ZTITLE&list_id=&seqNo=&lang_mode=ko&language=kor&obj_var_id=&itm_id=&conn_path=MT_ZTITLE,21-60,2026-08-05T08:31:33.620Z
MCPG-062,C09806,1268,KDI “대외 여건 급격히 나빠져… 경기 하방 압력 확대”,2025-04-08,https://www.chosun.com/economy/economy_general/2025/04/08/4MVRN3CQ4RGEXEDAWASNFVGZUA,지난 1분기(1~3월) 반도체를 중심으로 한 정보통신기술(ICT) 수출은 전년 대비 6.1% 늘어나며 지난해 4분기(27.5%)보다 증가 폭이 대폭 줄었다.,CHANGE_RATE,27.5,"['분', '월', '%', '분', '%']",REFUTES,FULL_KOSIS_MCP,Y,Y,N,360,DT_1R11001_FRM101,품목별 수출액 수입액,13102112831A.7763,N/A,13103112831T1,수출액,다이오드트랜지스터 기타 이와 유사한 반도체 디바이스,M,202403,202303,284987.0,369202.0,천달러,-22.81000644633561,(MCP current − MCP previous) / |MCP previous| × 100,MCP_ACTUAL_VALUE_CONFIRMED,KOSIS_MCP_GET_DATA,https://kosis.kr/statHtml/statHtml.do?orgId=360&tblId=DT_1R11001_FRM101&vw_cd=MT_ZTITLE&list_id=&seqNo=&lang_mode=ko&language=kor&obj_var_id=&itm_id=&conn_path=MT_ZTITLE,21-60,2026-08-05T08:31:33.622Z
MCPG-063,C12587,1642,"해외 소비자 K뷰티 구매, 지난해 10억달러에 육박… 1년 만에 2배가량 늘어",2025-05-07,https://www.chosun.com/economy/economy_general/2025/05/07/7MTBKSUIN5E6LA73WTMRNQRDTM,"올해 1분기(1~3월) 수출 실적도 지난해 동기보다 약 20% 늘어난 18억4000만달러(약 2조5539억원)로, 역대 1분기 최고치를 경신했다.",LEVEL,4000.0,"['분', '월', '%', '억원', '분']",REFUTES,FULL_KOSIS_MCP,Y,Y,N,360,DT_1R11001_FRM101,품목별 수출액 수입액,13102112831A.A,N/A,13103112831T1,수출액,총액,M,202403,N/A,56518309.0,N/A,천달러,5651830.9,MCP current value × source unit scale (0.1),MCP_ACTUAL_VALUE_CONFIRMED,KOSIS_MCP_GET_DATA,https://kosis.kr/statHtml/statHtml.do?orgId=360&tblId=DT_1R11001_FRM101&vw_cd=MT_ZTITLE&list_id=&seqNo=&lang_mode=ko&language=kor&obj_var_id=&itm_id=&conn_path=MT_ZTITLE,21-60,2026-08-05T08:31:33.622Z
MCPG-064,C12835,1681,트럼프 “기본 관세 10% 항상 유지하지만 예외 있을 수 있다”,2025-05-10,https://www.chosun.com/economy/economy_general/2025/05/10/DXND5YC4CRDSHISNSEQQLSLHJU,트럼프 대통령은 지난달 5일 대부분의 무역 대상국에 10%의 기본 관세를 부과했다.,LEVEL,10.0,"['일', '%']",REFUTES,FULL_KOSIS_MCP,Y,Y,N,360,DT_1R11001_FRM101,품목별 수출액 수입액,13102112831A.A,N/A,13103112831T1,수출액,총액,M,202504,N/A,58035745.0,N/A,천달러,58035745.0,MCP current value × source unit scale (1),MCP_ACTUAL_VALUE_CONFIRMED,KOSIS_MCP_GET_DATA,https://kosis.kr/statHtml/statHtml.do?orgId=360&tblId=DT_1R11001_FRM101&vw_cd=MT_ZTITLE&list_id=&seqNo=&lang_mode=ko&language=kor&obj_var_id=&itm_id=&conn_path=MT_ZTITLE,21-60,2026-08-05T08:31:33.623Z
MCPG-065,C13092,1713,[모닝] 국내산 삼겹살 값 1년 새 7% 뛰었다,2025-05-12,https://www.chosun.com/economy/economy_general/2025/05/12/UYSKJDKGEZDJREULWV5EIPC4IM,지난달 수입 돼지고기 삼겹살(냉동)은 100g당 1472원으로 1년 전보다 3.2% 올랐다.,CHANGE_RATE,3.2,"['g', '원', '년', '%']",REFUTES,FULL_KOSIS_MCP,Y,Y,N,360,DT_1R11001_FRM101,품목별 수출액 수입액,13102112831A.A,N/A,13103112831T2,수입액,총액,M,202504,202503,53232716.0,53341032.0,천달러,-0.2030631878288369,(MCP current − MCP previous) / |MCP previous| × 100,MCP_ACTUAL_VALUE_CONFIRMED,KOSIS_MCP_GET_DATA,https://kosis.kr/statHtml/statHtml.do?orgId=360&tblId=DT_1R11001_FRM101&vw_cd=MT_ZTITLE&list_id=&seqNo=&lang_mode=ko&language=kor&obj_var_id=&itm_id=&conn_path=MT_ZTITLE,21-60,2026-08-05T08:31:33.623Z
MCPG-066,C13757,1798,"안 잡힌다는 고등어·오징어, 수출은 왜 늘었을까?",2025-05-19,https://www.chosun.com/economy/economy_general/2025/05/19/AURYAIAY3ZA77FIGY534GIODAY,그런데 1~4월 고등어 수출량은 3만7888톤으로 전년 동월(1만4178톤) 대비 167%나 폭증했다.,LEVEL,167.0,"['월', '톤', '톤', '%']",REFUTES,FULL_KOSIS_MCP,Y,Y,N,360,DT_1R11001_FRM101,품목별 수출액 수입액,13102112831A.A,N/A,13103112831T1,수출액,총액,M,202404,N/A,56148299.0,N/A,천달러,56148299.0,MCP current value × source unit scale (1),MCP_ACTUAL_VALUE_CONFIRMED,KOSIS_MCP_GET_DATA,https://kosis.kr/statHtml/statHtml.do?orgId=360&tblId=DT_1R11001_FRM101&vw_cd=MT_ZTITLE&list_id=&seqNo=&lang_mode=ko&language=kor&obj_var_id=&itm_id=&conn_path=MT_ZTITLE,21-60,2026-08-05T08:31:33.623Z
MCPG-067,C13769,1799,배추값 뛰자 김치 수입 16.7% 늘어,2025-05-19,https://www.chosun.com/economy/economy_general/2025/05/19/M7E3EWQ6VZBKTPTSVHNBMXWUG4,"18일 관세청에 따르면, 올해 1∼3월 김치 수입액은 4756만달러(약 670억원)로 작년 같은 기간보다 16.7% 늘었다.",CHANGE_RATE,16.7,"['일', '월', '억원', '%']",REFUTES,FULL_KOSIS_MCP,Y,Y,N,360,DT_1R11001_FRM101,품목별 수출액 수입액,13102112831A.A,N/A,13103112831T2,수입액,총액,M,202403,202303,52112905.0,59635920.0,천달러,-12.614905580395172,(MCP current − MCP previous) / |MCP previous| × 100,MCP_ACTUAL_VALUE_CONFIRMED,KOSIS_MCP_GET_DATA,https://kosis.kr/statHtml/statHtml.do?orgId=360&tblId=DT_1R11001_FRM101&vw_cd=MT_ZTITLE&list_id=&seqNo=&lang_mode=ko&language=kor&obj_var_id=&itm_id=&conn_path=MT_ZTITLE,21-60,2026-08-05T08:31:33.623Z
MCPG-068,C15096,1986,반도체 사상 최대에도 5월 수출은 마이너스,2025-06-02,https://www.chosun.com/economy/industry-company/2025/06/02/H7Z2IJ6SSRDTTFLMWJECW7ZFBQ,설 연휴 영향을 빼면 ‘수출 마이너스’는 2023년 9월(-4.4%) 이후 사실상 20개월 만에 처음이다.,LEVEL,-4.4,"['년', '월', '%', '개']",REFUTES,FULL_KOSIS_MCP,Y,Y,N,360,DT_1R11001_FRM101,품목별 수출액 수입액,13102112831A.7763,N/A,13103112831T1,수출액,다이오드트랜지스터 기타 이와 유사한 반도체 디바이스,M,202309,N/A,276630.0,N/A,천달러,276630.0,MCP current value × source unit scale (1),MCP_ACTUAL_VALUE_CONFIRMED,KOSIS_MCP_GET_DATA,https://kosis.kr/statHtml/statHtml.do?orgId=360&tblId=DT_1R11001_FRM101&vw_cd=MT_ZTITLE&list_id=&seqNo=&lang_mode=ko&language=kor&obj_var_id=&itm_id=&conn_path=MT_ZTITLE,21-60,2026-08-05T08:31:33.624Z
MCPG-069,C15097,1986,반도체 사상 최대에도 5월 수출은 마이너스,2025-06-02,https://www.chosun.com/economy/industry-company/2025/06/02/H7Z2IJ6SSRDTTFLMWJECW7ZFBQ,산업통상자원부는 1일 지난달 수출액이 작년보다 1.3% 감소한 572억7000만달러(약 79조2500억원)로 집계됐다고 밝혔다.,CHANGE_RATE,1.3,"['일', '%', '억원']",REFUTES,FULL_KOSIS_MCP,Y,Y,N,360,DT_1R11001_FRM101,품목별 수출액 수입액,13102112831A.7763,N/A,13103112831T1,수출액,다이오드트랜지스터 기타 이와 유사한 반도체 디바이스,M,202405,202404,275527.0,292533.0,천달러,-5.813361227622183,(MCP current − MCP previous) / |MCP previous| × 100,MCP_ACTUAL_VALUE_CONFIRMED,KOSIS_MCP_GET_DATA,https://kosis.kr/statHtml/statHtml.do?orgId=360&tblId=DT_1R11001_FRM101&vw_cd=MT_ZTITLE&list_id=&seqNo=&lang_mode=ko&language=kor&obj_var_id=&itm_id=&conn_path=MT_ZTITLE,21-60,2026-08-05T08:31:33.624Z
MCPG-070,C15425,2025,테슬라 5월 수입차 판매서 첫 1위...수입차 판매 16%↑,2025-06-05,https://www.chosun.com/economy/industry-company/2025/06/05/LDLPZ54VU5EX7GKZQC5XXB7IL4,5일 한국수입자동차협회(KAIDA)에 따르면 올해 5월 수입 승용차 신규 등록 대수는 작년 대비 16.4% 증가한 2만8189대로 집계됐다.,CHANGE_RATE,16.4,"['일', '월', '%']",REFUTES,FULL_KOSIS_MCP,Y,Y,N,360,DT_1R11001_FRM101,품목별 수출액 수입액,13102112831A.781,N/A,13103112831T2,수입액,승용자동차 및 기타의 차량,M,202405,202305,1183589.0,1332951.0,천달러,-11.205363137879786,(MCP current − MCP previous) / |MCP previous| × 100,MCP_ACTUAL_VALUE_CONFIRMED,KOSIS_MCP_GET_DATA,https://kosis.kr/statHtml/statHtml.do?orgId=360&tblId=DT_1R11001_FRM101&vw_cd=MT_ZTITLE&list_id=&seqNo=&lang_mode=ko&language=kor&obj_var_id=&itm_id=&conn_path=MT_ZTITLE,21-60,2026-08-05T08:31:33.624Z
MCPG-071,C16535,2175,"5월 자동차 내수 판매, 친환경차가 내연차 첫 역전",2025-06-17,https://www.chosun.com/economy/auto/2025/06/17/7Q5BOD7QBZFKDGBIM5BG2IXI5U,"한편, 5월 자동차 수출액은 작년보다 4.4% 감소한 62억 달러로 집계됐다.",CHANGE_RATE,4.4,"['월', '%']",REFUTES,FULL_KOSIS_MCP,Y,Y,N,360,DT_1R11001_FRM101,품목별 수출액 수입액,13102112831A.781,N/A,13103112831T1,수출액,승용자동차 및 기타의 차량,M,202405,202404,6292123.0,6571649.0,천달러,-4.253513844089969,(MCP current − MCP previous) / |MCP previous| × 100,MCP_ACTUAL_VALUE_CONFIRMED,KOSIS_MCP_GET_DATA,https://kosis.kr/statHtml/statHtml.do?orgId=360&tblId=DT_1R11001_FRM101&vw_cd=MT_ZTITLE&list_id=&seqNo=&lang_mode=ko&language=kor&obj_var_id=&itm_id=&conn_path=MT_ZTITLE,21-60,2026-08-05T08:31:33.625Z
MCPG-072,C00225,23,정부 “올해 경제성장률 1.8%”… 한은 전망보다 더 낮췄다,2025-01-02,https://www.chosun.com/economy/economy_general/2025/01/02/FWT5PD42TZED7JTIXYCIECCFRE,기재부는 우리나라 주력 수출 품목인 메모리반도체의 매출 성장세가 올해 13.4%로 작년(81%)의 16.5% 수준으로 쪼그라들 것이라는 세계반도체무역통계기구(WSTS)의 최근 전망을 인용하기도 했다.,CHANGE_RATE,16.5,"['%', '%', '%']",REFUTES,FULL_KOSIS_MCP,Y,Y,N,360,DT_1R11006_FRM101,국가별 수출액 수입액,13102103829E.00,N/A,13103103829T1,수출액,계,Y,2024,2023,683609488.0,632225824.0,천달러,8.127422520469521,(MCP current − MCP previous) / |MCP previous| × 100,MCP_ACTUAL_VALUE_CONFIRMED,KOSIS_MCP_GET_DATA,https://kosis.kr/statHtml/statHtml.do?orgId=360&tblId=DT_1R11006_FRM101&vw_cd=MT_ZTITLE&list_id=&seqNo=&lang_mode=ko&language=kor&obj_var_id=&itm_id=&conn_path=MT_ZTITLE,21-60,2026-08-05T08:31:33.625Z
MCPG-073,C00588,70,대중-대미 수출 격차 21년 만 최소...트럼프 2기 미국 수출 1위 올라서나,2025-01-06,https://www.chosun.com/economy/economy_general/2025/01/06/BXDMXSYJWZDNDOGA5VONBDMCWY,"6일 한국무역협회에 따르면, 지난해 대중 수출액은 1330억2600만달러로 전년 대비 6.6% 늘었다.",CHANGE_RATE,6.6,"['일', '%']",REFUTES,FULL_KOSIS_MCP,Y,Y,N,360,DT_1R11006_FRM101,국가별 수출액 수입액,13102103829E.US,N/A,13103103829T1,수출액,미국,Y,2024,2023,127761371.0,115696334.0,천달러,10.428192997022705,(MCP current − MCP previous) / |MCP previous| × 100,MCP_ACTUAL_VALUE_CONFIRMED,KOSIS_MCP_GET_DATA,https://kosis.kr/statHtml/statHtml.do?orgId=360&tblId=DT_1R11006_FRM101&vw_cd=MT_ZTITLE&list_id=&seqNo=&lang_mode=ko&language=kor&obj_var_id=&itm_id=&conn_path=MT_ZTITLE,21-60,2026-08-05T08:31:33.626Z
MCPG-074,C00592,70,대중-대미 수출 격차 21년 만 최소...트럼프 2기 미국 수출 1위 올라서나,2025-01-06,https://www.chosun.com/economy/economy_general/2025/01/06/BXDMXSYJWZDNDOGA5VONBDMCWY,"그러나 이후 대미 수출액이 매년 역대 최대치를 갱신하며, 2022년(1097억6600만달러) 처음으로 1000억달러선을 넘어섰다.",LEVEL,1000.0,['년'],REFUTES,FULL_KOSIS_MCP,Y,Y,N,360,DT_1R11006_FRM101,국가별 수출액 수입액,13102103829E.US,N/A,13103103829T1,수출액,미국,Y,2022,N/A,109765705.0,N/A,천달러,1097.65705,MCP current value × source unit scale (1e-05),MCP_ACTUAL_VALUE_CONFIRMED,KOSIS_MCP_GET_DATA,https://kosis.kr/statHtml/statHtml.do?orgId=360&tblId=DT_1R11006_FRM101&vw_cd=MT_ZTITLE&list_id=&seqNo=&lang_mode=ko&language=kor&obj_var_id=&itm_id=&conn_path=MT_ZTITLE,21-60,2026-08-05T08:31:33.627Z
MCPG-075,C00648,76,"반도체 수출, 中·홍콩 비율 9%p 이상 줄어",2025-01-06,https://www.chosun.com/economy/industry-company/2025/01/06/BMVO4ZZBRRFZ7NTLK4INPJWIF4,"5일 산업통상자원부와 한국무역협회에 따르면 작년 1~11월 반도체 수출(1274억달러) 가운데 중국 비율은 33.3%, 홍콩 비율은 18.4%로 나타났다.",LEVEL,1274.0,"['일', '월', '%', '%']",REFUTES,FULL_KOSIS_MCP,Y,Y,N,360,DT_1R11006_FRM101,국가별 수출액 수입액,13102103829E.CN,N/A,13103103829T1,수출액,중국,M,202411,N/A,11290362.0,N/A,천달러,112.90362,MCP current value × source unit scale (1e-05),MCP_ACTUAL_VALUE_CONFIRMED,KOSIS_MCP_GET_DATA,https://kosis.kr/statHtml/statHtml.do?orgId=360&tblId=DT_1R11006_FRM101&vw_cd=MT_ZTITLE&list_id=&seqNo=&lang_mode=ko&language=kor&obj_var_id=&itm_id=&conn_path=MT_ZTITLE,21-60,2026-08-05T08:31:33.627Z
MCPG-076,C00812,103,라면·냉동 김밥… K푸드 수출 1위는 미국,2025-01-08,https://www.chosun.com/economy/economy_general/2025/01/08/OCB6UW6X6NHHJAWKHI34GRQSBI,대(對)미국 수출은 15억9000만달러로 2023년보다 21.2% 늘었다.,CHANGE_RATE,21.2,"['년', '%']",REFUTES,FULL_KOSIS_MCP,Y,Y,N,360,DT_1R11006_FRM101,국가별 수출액 수입액,13102103829E.US,N/A,13103103829T1,수출액,미국,Y,2023,2022,115696334.0,109765705.0,천달러,5.402989030134686,(MCP current − MCP previous) / |MCP previous| × 100,MCP_ACTUAL_VALUE_CONFIRMED,KOSIS_MCP_GET_DATA,https://kosis.kr/statHtml/statHtml.do?orgId=360&tblId=DT_1R11006_FRM101&vw_cd=MT_ZTITLE&list_id=&seqNo=&lang_mode=ko&language=kor&obj_var_id=&itm_id=&conn_path=MT_ZTITLE,21-60,2026-08-05T08:31:33.627Z
MCPG-077,C01374,191,“트럼프 2기 출범 후 일괄 관세 부과하면 한국 수출 큰 타격”,2025-01-15,https://www.chosun.com/economy/economy_general/2025/01/15/NGXOCXC67ZDMXJGBKFCDZHY77Q,"트럼프 당선인은 지난해 선거 기간 동안 중국 제품에 대해 최대 60%, 다른 나라들에는 10%의 관세를 부과하겠다는 공약을 내놨다.",LEVEL,10.0,"['%', '%']",REFUTES,FULL_KOSIS_MCP,Y,Y,N,360,DT_1R11006_FRM101,국가별 수출액 수입액,13102103829E.CN,N/A,13103103829T1,수출액,중국,Y,2024,N/A,133011386.0,N/A,천달러,133011386.0,MCP current value × source unit scale (1),MCP_ACTUAL_VALUE_CONFIRMED,KOSIS_MCP_GET_DATA,https://kosis.kr/statHtml/statHtml.do?orgId=360&tblId=DT_1R11006_FRM101&vw_cd=MT_ZTITLE&list_id=&seqNo=&lang_mode=ko&language=kor&obj_var_id=&itm_id=&conn_path=MT_ZTITLE,21-60,2026-08-05T08:31:33.627Z
MCPG-078,C01872,257,2000만톤 넘겼다… 美원유 수입 역대 최대,2025-01-20,https://www.chosun.com/economy/industry-company/2025/01/20/7ZW4SFHX4JEOREMLIKUISOXJHM,"19일 한국무역협회에 따르면, 지난해 한국이 수입한 원유 약 1억3700만t 중 미국산은 약 2151만t(15.7%)을 기록했다.",LEVEL,15.7,"['일', '%']",REFUTES,FULL_KOSIS_MCP,Y,Y,N,360,DT_1R11006_FRM101,국가별 수출액 수입액,13102103829E.US,N/A,13103103829T2,수입액,미국,Y,2024,N/A,72132305.0,N/A,천달러,72132305.0,MCP current value × source unit scale (1),MCP_ACTUAL_VALUE_CONFIRMED,KOSIS_MCP_GET_DATA,https://kosis.kr/statHtml/statHtml.do?orgId=360&tblId=DT_1R11006_FRM101&vw_cd=MT_ZTITLE&list_id=&seqNo=&lang_mode=ko&language=kor&obj_var_id=&itm_id=&conn_path=MT_ZTITLE,21-60,2026-08-05T08:31:33.627Z
MCPG-079,C02323,312,“對美 수출 50%가 美 제조업 부흥·MAGA 위한 것”,2025-01-24,https://www.chosun.com/economy/industry-company/2025/01/24/B2VTXBPKAJCRBN2E3LVAVYALP4,"한국의 대미 투자 비율은 2018년에는 21.7%였지만, 이후 꾸준히 증가해 2023년에는 43%를 차지하며 역대 최대를 기록하기도 했다.",CHANGE_RATE,43.0,"['년', '%', '년', '%']",REFUTES,FULL_KOSIS_MCP,Y,Y,N,360,DT_1R11006_FRM101,국가별 수출액 수입액,13102103829E.00,N/A,13103103829T1,수출액,계,Y,2023,2022,632225824.0,683584760.0,천달러,-7.513177444154841,(MCP current − MCP previous) / |MCP previous| × 100,MCP_ACTUAL_VALUE_CONFIRMED,KOSIS_MCP_GET_DATA,https://kosis.kr/statHtml/statHtml.do?orgId=360&tblId=DT_1R11006_FRM101&vw_cd=MT_ZTITLE&list_id=&seqNo=&lang_mode=ko&language=kor&obj_var_id=&itm_id=&conn_path=MT_ZTITLE,21-60,2026-08-05T08:31:33.627Z
MCPG-080,C02813,360,"시진핑, 새해 ‘경제 자신감’ 강조했지만…현실은 과제 산적",2025-01-28,https://www.chosun.com/economy/int_economy/2025/01/28/UA46WL6DXVBMHHVW3JXY5I5CVU,"2023년 초부터 2024년 9월까지 미 달러 기준으로 중국의 수출가격지수는 15% 하락한 반면, 같은 기간 다른 주요 신흥 시장의 수출가격지수는 3% 이내에 그쳤다.",CHANGE_RATE,3.0,"['년', '년', '월', '%', '%']",REFUTES,FULL_KOSIS_MCP,Y,Y,N,360,DT_1R11006_FRM101,국가별 수출액 수입액,13102103829E.CN,N/A,13103103829T1,수출액,중국,M,202409,202408,11626573.0,11340799.0,천달러,2.5198753632790774,(MCP current − MCP previous) / |MCP previous| × 100,MCP_ACTUAL_VALUE_CONFIRMED,KOSIS_MCP_GET_DATA,https://kosis.kr/statHtml/statHtml.do?orgId=360&tblId=DT_1R11006_FRM101&vw_cd=MT_ZTITLE&list_id=&seqNo=&lang_mode=ko&language=kor&obj_var_id=&itm_id=&conn_path=MT_ZTITLE,21-60,2026-08-05T08:31:33.627Z
MCPG-081,C02873,366,"중국發 ‘카마겟돈’ 생존경쟁…문 닫고, 손잡고, 합치고, 高관세",2025-01-29,https://www.chosun.com/economy/auto/2025/01/29/4KUU2IM55ZB5PFF33ADIGU7KME,"中, 美·유럽 규제에 직진출과 시장 다변화 유럽연합(EU) 집행위원회는 2024년 10월 중국산 전기차에 17.8~45.3%의 반덤핑 관세를 부과한다고 밝혔다.",LEVEL,45.3,"['년', '월', '%']",REFUTES,FULL_KOSIS_MCP,Y,Y,N,360,DT_1R11006_FRM101,국가별 수출액 수입액,13102103829E.CN,N/A,13103103829T1,수출액,중국,M,202410,N/A,12172811.0,N/A,천달러,12172811.0,MCP current value × source unit scale (1),MCP_ACTUAL_VALUE_CONFIRMED,KOSIS_MCP_GET_DATA,https://kosis.kr/statHtml/statHtml.do?orgId=360&tblId=DT_1R11006_FRM101&vw_cd=MT_ZTITLE&list_id=&seqNo=&lang_mode=ko&language=kor&obj_var_id=&itm_id=&conn_path=MT_ZTITLE,21-60,2026-08-05T08:31:33.627Z
MCPG-082,C02874,366,"중국發 ‘카마겟돈’ 생존경쟁…문 닫고, 손잡고, 합치고, 高관세",2025-01-29,https://www.chosun.com/economy/auto/2025/01/29/4KUU2IM55ZB5PFF33ADIGU7KME,미국도 2024년 9월 중국산 전기차에 102.5%(최혜국 관세 2.5%에 100% 추가)의 관세를 매기기 시작했다.,LEVEL,100.0,"['년', '월', '%', '%', '%']",REFUTES,FULL_KOSIS_MCP,Y,Y,N,360,DT_1R11006_FRM101,국가별 수출액 수입액,13102103829E.US,N/A,13103103829T1,수출액,미국,M,202409,N/A,10411877.0,N/A,천달러,10411877.0,MCP current value × source unit scale (1),MCP_ACTUAL_VALUE_CONFIRMED,KOSIS_MCP_GET_DATA,https://kosis.kr/statHtml/statHtml.do?orgId=360&tblId=DT_1R11006_FRM101&vw_cd=MT_ZTITLE&list_id=&seqNo=&lang_mode=ko&language=kor&obj_var_id=&itm_id=&conn_path=MT_ZTITLE,21-60,2026-08-05T08:31:33.627Z
MCPG-083,C02931,372,中 저가 공세 몸살… 급증하는 무역조사,2025-01-29,https://www.chosun.com/economy/industry-company/2025/01/29/CM2GRQXEAZCLRCTGVEVFGUDERE,반덤핑 조사를 담당하는 무역위는 국내 철강 기업 DKC가 지난해 6월 신청한 ‘중국산 스테인리스스틸 후판’에 대해 최근 예비조사를 마치고 기획재정부에 잠정 덤핑방지 관세 21.62% 부과를 건의했다.,LEVEL,21.62,"['월', '%']",REFUTES,FULL_KOSIS_MCP,Y,Y,N,360,DT_1R11006_FRM101,국가별 수출액 수입액,13102103829E.CN,N/A,13103103829T1,수출액,중국,M,202406,N/A,10706131.0,N/A,천달러,10706131.0,MCP current value × source unit scale (1),MCP_ACTUAL_VALUE_CONFIRMED,KOSIS_MCP_GET_DATA,https://kosis.kr/statHtml/statHtml.do?orgId=360&tblId=DT_1R11006_FRM101&vw_cd=MT_ZTITLE&list_id=&seqNo=&lang_mode=ko&language=kor&obj_var_id=&itm_id=&conn_path=MT_ZTITLE,21-60,2026-08-05T08:31:33.627Z
MCPG-084,C02932,372,中 저가 공세 몸살… 급증하는 무역조사,2025-01-29,https://www.chosun.com/economy/industry-company/2025/01/29/CM2GRQXEAZCLRCTGVEVFGUDERE,코오롱인더스트리가 지난해 5월 신청한 ‘중국‧대만산 석유수지’에 대해서도 잠정 덤핑방지 관세 4.45~18.52% 부과를 기재부에 요청했다.,LEVEL,18.52,"['월', '%']",REFUTES,FULL_KOSIS_MCP,Y,Y,N,360,DT_1R11006_FRM101,국가별 수출액 수입액,13102103829E.CN,N/A,13103103829T1,수출액,중국,M,202405,N/A,11378217.0,N/A,천달러,11378217.0,MCP current value × source unit scale (1),MCP_ACTUAL_VALUE_CONFIRMED,KOSIS_MCP_GET_DATA,https://kosis.kr/statHtml/statHtml.do?orgId=360&tblId=DT_1R11006_FRM101&vw_cd=MT_ZTITLE&list_id=&seqNo=&lang_mode=ko&language=kor&obj_var_id=&itm_id=&conn_path=MT_ZTITLE,21-60,2026-08-05T08:31:33.628Z
MCPG-085,C03105,392,"전기차 겨울 주행거리 ‘최강자는 나야, 나’",2025-01-31,https://www.chosun.com/economy/auto/2025/01/31/H5FWFVF6JJDEJIOVAHFJTXQFDY,지난해 테슬라가 처음 수입차 3위로 처음 오르는 데 주효했던 중국산 ‘모델 Y(후륜구동)’는 상온 대비 저온 주행거리 비율이 77.8%에 그쳤다.,LEVEL,77.8,['%'],REFUTES,FULL_KOSIS_MCP,Y,Y,N,360,DT_1R11006_FRM101,국가별 수출액 수입액,13102103829E.CN,N/A,13103103829T2,수입액,중국,Y,2024,N/A,139878481.0,N/A,천달러,139878481.0,MCP current value × source unit scale (1),MCP_ACTUAL_VALUE_CONFIRMED,KOSIS_MCP_GET_DATA,https://kosis.kr/statHtml/statHtml.do?orgId=360&tblId=DT_1R11006_FRM101&vw_cd=MT_ZTITLE&list_id=&seqNo=&lang_mode=ko&language=kor&obj_var_id=&itm_id=&conn_path=MT_ZTITLE,21-60,2026-08-05T08:31:33.628Z
MCPG-086,C04418,559,"트럼프, 세상에 없던 ‘반도체 관세’ 꺼냈다",2025-02-12,https://www.chosun.com/economy/industry-company/2025/02/12/25AH2GBFAZEKVGNXQ7ZPACNOJU,"우리나라는 2018년 미국과 협상 끝에 연 263만t으로 수출 물량을 제한하는 대신 관세를 물지 않는 무관세 쿼터를 받기로 합의했지만, 이번 포고령에 따라 앞으로 모든 수출 물량에 대해 25% 관세를 물게 됐다.",LEVEL,25.0,"['년', '%']",REFUTES,FULL_KOSIS_MCP,Y,Y,N,360,DT_1R11006_FRM101,국가별 수출액 수입액,13102103829E.US,N/A,13103103829T1,수출액,미국,Y,2018,N/A,72719932.0,N/A,천달러,72719932.0,MCP current value × source unit scale (1),MCP_ACTUAL_VALUE_CONFIRMED,KOSIS_MCP_GET_DATA,https://kosis.kr/statHtml/statHtml.do?orgId=360&tblId=DT_1R11006_FRM101&vw_cd=MT_ZTITLE&list_id=&seqNo=&lang_mode=ko&language=kor&obj_var_id=&itm_id=&conn_path=MT_ZTITLE,61-120,2026-08-05T08:35:53.790Z
MCPG-087,C05034,641,현대차 年100만대 ‘美 관세 폭격’ 땐... 영업익 35% 줄어,2025-02-19,https://www.chosun.com/economy/auto/2025/02/19/JED6ZDX5LFHF5N4F3IGNW6UE7U,"특히 미국이 차를 주로 수입하는 주요 5국 중 멕시코와 캐나다는 이미 모든 품목에 대한 25% 관세가 예고됐고, 일본의 혼다·도요타 등은 1980년대부터 미국에서 공장을 가동하면서 현지 생산 비율이 높아진 상황에서 현대차·기아가 유럽연합(EU) 소속인 독일 자동차 회사들과 함께 표적이 될 것이란 우려가 나온다.",LEVEL,25.0,"['%', '년']",REFUTES,FULL_KOSIS_MCP,Y,Y,N,360,DT_1R11006_FRM101,국가별 수출액 수입액,13102103829E.US,N/A,13103103829T2,수입액,미국,Y,1980,N/A,4890248.0,N/A,천달러,4890248.0,MCP current value × source unit scale (1),MCP_ACTUAL_VALUE_CONFIRMED,KOSIS_MCP_GET_DATA,https://kosis.kr/statHtml/statHtml.do?orgId=360&tblId=DT_1R11006_FRM101&vw_cd=MT_ZTITLE&list_id=&seqNo=&lang_mode=ko&language=kor&obj_var_id=&itm_id=&conn_path=MT_ZTITLE,61-120,2026-08-05T08:35:53.790Z
MCPG-088,C05272,672,EU·베트남도 “中 철강 덤핑 조사”… 세계가 ‘무역 성벽’ 쌓기 시작,2025-02-21,https://www.chosun.com/economy/economy_general/2025/02/21/OIRKXJ62Q5GV5L4DXPPFZHQI4Q,"브라질은 자국 철강 업체가 종업원을 해고하는 지경에 이르자 중국에 대한 관세율을 최대 14.4%로 높인 데 이어, 지난해 6월부턴 쿼터를 초과하는 수입 물량에 25% 관세를 매기기 시작했다.",LEVEL,25.0,"['%', '월', '%']",REFUTES,FULL_KOSIS_MCP,Y,Y,N,360,DT_1R11006_FRM101,국가별 수출액 수입액,13102103829E.CN,N/A,13103103829T2,수입액,중국,M,202406,N/A,10941026.0,N/A,천달러,10941026.0,MCP current value × source unit scale (1),MCP_ACTUAL_VALUE_CONFIRMED,KOSIS_MCP_GET_DATA,https://kosis.kr/statHtml/statHtml.do?orgId=360&tblId=DT_1R11006_FRM101&vw_cd=MT_ZTITLE&list_id=&seqNo=&lang_mode=ko&language=kor&obj_var_id=&itm_id=&conn_path=MT_ZTITLE,61-120,2026-08-05T08:35:53.791Z
MCPG-089,C06483,815,K2 전차·천무… 中企가 만든 ‘방탄 세라믹’ 두르고 수출,2025-03-04,https://www.chosun.com/economy/economy_general/2025/03/04/FHVQH7KULRBFVPG4F2L53S3ALQ,1980년대 후반부터 기술 이전을 통해 미국 기업이 설계하고 국내에서 생산한 K1 전차도 방탄 장갑은 100% 수입했다.,LEVEL,100.0,"['년', '%']",REFUTES,FULL_KOSIS_MCP,Y,Y,N,360,DT_1R11006_FRM101,국가별 수출액 수입액,13102103829E.US,N/A,13103103829T1,수출액,미국,Y,1980,N/A,4606625.0,N/A,천달러,4606625.0,MCP current value × source unit scale (1),MCP_ACTUAL_VALUE_CONFIRMED,KOSIS_MCP_GET_DATA,https://kosis.kr/statHtml/statHtml.do?orgId=360&tblId=DT_1R11006_FRM101&vw_cd=MT_ZTITLE&list_id=&seqNo=&lang_mode=ko&language=kor&obj_var_id=&itm_id=&conn_path=MT_ZTITLE,61-120,2026-08-05T08:35:53.791Z
MCPG-090,C06701,844,"“美 관세 조치 피하려 중국산→한국산 둔갑” 관세청, 대대적 단속",2025-03-06,https://www.chosun.com/economy/economy_general/2025/03/06/ZR7GEJJC4JBDZFXJL7PERUNYRU,"미국은 중국산 수입품에 지난달 10%의 관세를 추가로 부과한 데 이어 이달 들어 10%를 더 붙였고, 중국도 보복관세로 미국산 농산물에 10~15% 관세를 부과하기로 했다.",LEVEL,15.0,"['%', '%', '%']",REFUTES,FULL_KOSIS_MCP,Y,Y,N,360,DT_1R11006_FRM101,국가별 수출액 수입액,13102103829E.US,N/A,13103103829T2,수입액,미국,M,202502,N/A,5739598.0,N/A,천달러,5739598.0,MCP current value × source unit scale (1),MCP_ACTUAL_VALUE_CONFIRMED,KOSIS_MCP_GET_DATA,https://kosis.kr/statHtml/statHtml.do?orgId=360&tblId=DT_1R11006_FRM101&vw_cd=MT_ZTITLE&list_id=&seqNo=&lang_mode=ko&language=kor&obj_var_id=&itm_id=&conn_path=MT_ZTITLE,61-120,2026-08-05T08:35:53.791Z
MCPG-091,C08292,1069,"中, 전기차·배터리 美 수출 통제 검토",2025-03-24,https://www.chosun.com/economy/auto/2025/03/24/PG3R3OJBSRCERGS2UTBS72D4LE,"도널드 트럼프 대통령은 지난달 펜타닐 문제를 이유로 모든 중국산 수입품에 10% 관세를 추가 부과하기 시작했고, 지난 4일엔 추가 관세율을 20%로 높였다.",LEVEL,20.0,"['%', '일', '%']",REFUTES,FULL_KOSIS_MCP,Y,Y,N,360,DT_1R11006_FRM101,국가별 수출액 수입액,13102103829E.CN,N/A,13103103829T1,수출액,중국,M,202502,N/A,9505605.0,N/A,천달러,9505605.0,MCP current value × source unit scale (1),MCP_ACTUAL_VALUE_CONFIRMED,KOSIS_MCP_GET_DATA,https://kosis.kr/statHtml/statHtml.do?orgId=360&tblId=DT_1R11006_FRM101&vw_cd=MT_ZTITLE&list_id=&seqNo=&lang_mode=ko&language=kor&obj_var_id=&itm_id=&conn_path=MT_ZTITLE,61-120,2026-08-05T08:35:53.791Z
MCPG-092,C08407,1089,요소 비축 54일분→70일분 확대...핵심 광물 재자원화 R&D 세제 지원도,2025-03-25,https://www.chosun.com/economy/economy_general/2025/03/25/6I5OOM6D35AC5F5ZEM6KUYTROY,"요소를 가공해 만든 요소수는 배기가스 배출 저감장치를 부착한 화물차에 필수적인데, 지난 2011년 국내 생산이 중단된 이후 요소 수입은 100% 중국에 의존하는 실정이었다.",LEVEL,100.0,"['년', '%']",REFUTES,FULL_KOSIS_MCP,Y,Y,N,360,DT_1R11006_FRM101,국가별 수출액 수입액,13102103829E.CN,N/A,13103103829T2,수입액,중국,Y,2011,N/A,86432238.0,N/A,천달러,86432238.0,MCP current value × source unit scale (1),MCP_ACTUAL_VALUE_CONFIRMED,KOSIS_MCP_GET_DATA,https://kosis.kr/statHtml/statHtml.do?orgId=360&tblId=DT_1R11006_FRM101&vw_cd=MT_ZTITLE&list_id=&seqNo=&lang_mode=ko&language=kor&obj_var_id=&itm_id=&conn_path=MT_ZTITLE,61-120,2026-08-05T08:35:53.791Z
MCPG-093,C08644,1120,"대미 수출의 27%, 車가 흔들린다… GM의 한국 공장 최대 타격",2025-03-28,https://www.chosun.com/economy/auto/2025/03/28/7PKR6UAHUZCMZOYVHUBNJ76PNU,"한국GM은 2018년 군산 공장이 문을 닫는 부침 속에 대미(對美) 수출 기지로 탈바꿈하며 살아나는가 싶었지만, 트럼프 2기 출범과 함께 25% 관세 부과가 눈앞에 다가오자 존립까지 위태로워졌다.",LEVEL,25.0,"['년', '%']",REFUTES,FULL_KOSIS_MCP,Y,Y,N,360,DT_1R11006_FRM101,국가별 수출액 수입액,13102103829E.00,N/A,13103103829T1,수출액,계,Y,2018,N/A,604859657.0,N/A,천달러,604859657.0,MCP current value × source unit scale (1),MCP_ACTUAL_VALUE_CONFIRMED,KOSIS_MCP_GET_DATA,https://kosis.kr/statHtml/statHtml.do?orgId=360&tblId=DT_1R11006_FRM101&vw_cd=MT_ZTITLE&list_id=&seqNo=&lang_mode=ko&language=kor&obj_var_id=&itm_id=&conn_path=MT_ZTITLE,61-120,2026-08-05T08:35:53.791Z
MCPG-094,C09181,1186,"완성차 5사 3월 판매 내수 늘고, 수출 줄어",2025-04-02,https://www.chosun.com/economy/auto/2025/04/02/WGSJKEACLREGNPQWEDWLXBGH2Y,"한편, 현대차는 지난달 수출이 작년 동기 대비 2.6% 줄었고, 수출 물량의 90% 안팎이 미국으로 향하는 GM 한국사업장도 같은 기간 수출이 19.3% 급감했다.",CHANGE_RATE,19.3,"['%', '%', '%']",REFUTES,FULL_KOSIS_MCP,Y,Y,N,360,DT_1R11006_FRM101,국가별 수출액 수입액,13102103829E.US,N/A,13103103829T1,수출액,미국,M,202403,202303,10880793.0,9775068.0,천달러,11.311686015892677,(MCP current − MCP previous) / |MCP previous| × 100,MCP_ACTUAL_VALUE_CONFIRMED,KOSIS_MCP_GET_DATA,https://kosis.kr/statHtml/statHtml.do?orgId=360&tblId=DT_1R11006_FRM101&vw_cd=MT_ZTITLE&list_id=&seqNo=&lang_mode=ko&language=kor&obj_var_id=&itm_id=&conn_path=MT_ZTITLE,61-120,2026-08-05T08:35:53.791Z
MCPG-095,C09723,1255,‘관세 전쟁’ 반영 안 했는데도… 올 한국 성장률 1.4%로 내려,2025-04-07,https://www.chosun.com/economy/economy_general/2025/04/07/VVA56JEZHRGWBM24Z4F4FHUU5E,미국의 관세 정책이 본격적으로 발표되기 전인 3월 말 해외 IB들은 이미 우리나라가 올해 1.4% 성장에 그칠 것으로 본 것이다.,CHANGE_RATE,1.4,"['월', '%']",REFUTES,FULL_KOSIS_MCP,Y,Y,N,360,DT_1R11006_FRM101,국가별 수출액 수입액,13102103829E.US,N/A,13103103829T1,수출액,미국,M,202503,202502,11109476.0,9889640.0,천달러,12.33448335834267,(MCP current − MCP previous) / |MCP previous| × 100,MCP_ACTUAL_VALUE_CONFIRMED,KOSIS_MCP_GET_DATA,https://kosis.kr/statHtml/statHtml.do?orgId=360&tblId=DT_1R11006_FRM101&vw_cd=MT_ZTITLE&list_id=&seqNo=&lang_mode=ko&language=kor&obj_var_id=&itm_id=&conn_path=MT_ZTITLE,61-120,2026-08-05T08:35:53.791Z
MCPG-096,C10741,1388,1분기 미국산 농·축·수산물 수입 17년 만에 최대,2025-04-17,https://www.chosun.com/economy/economy_general/2025/04/17/INS4VBCL4ZDZNLKDGVKLX6T2WY,1 올해 1분기(1~3월) 미국산 농·축·수산물 수입량이 전년보다 60% 넘게 늘며 17년 만에 최대를 기록했다.,LEVEL,60.0,"['분', '월', '%', '년']",REFUTES,FULL_KOSIS_MCP,Y,Y,N,360,DT_1R11006_FRM101,국가별 수출액 수입액,13102103829E.US,N/A,13103103829T2,수입액,미국,M,202403,N/A,5975811.0,N/A,천달러,5975811.0,MCP current value × source unit scale (1),MCP_ACTUAL_VALUE_CONFIRMED,KOSIS_MCP_GET_DATA,https://kosis.kr/statHtml/statHtml.do?orgId=360&tblId=DT_1R11006_FRM101&vw_cd=MT_ZTITLE&list_id=&seqNo=&lang_mode=ko&language=kor&obj_var_id=&itm_id=&conn_path=MT_ZTITLE,61-120,2026-08-05T08:35:53.791Z
MCPG-097,C11270,1455,트럼프 관세 폭탄에 대미 수출 -14.3%,2025-04-22,https://www.chosun.com/economy/industry-company/2025/04/22/NR2ZC5HTINERVEL3IZIBUC74TA,4월 대미 수출이 이 같은 추세로 마감된다면 코로나 시기였던 2020년 5월(-29.4%) 이후 월간 기준 10% 이상 처음 줄어들게 된다.,LEVEL,10.0,"['월', '년', '월', '%', '%']",REFUTES,FULL_KOSIS_MCP,Y,Y,N,360,DT_1R11006_FRM101,국가별 수출액 수입액,13102103829E.00,N/A,13103103829T1,수출액,계,M,202005,N/A,34854511.0,N/A,천달러,34854511.0,MCP current value × source unit scale (1),MCP_ACTUAL_VALUE_CONFIRMED,KOSIS_MCP_GET_DATA,https://kosis.kr/statHtml/statHtml.do?orgId=360&tblId=DT_1R11006_FRM101&vw_cd=MT_ZTITLE&list_id=&seqNo=&lang_mode=ko&language=kor&obj_var_id=&itm_id=&conn_path=MT_ZTITLE,61-120,2026-08-05T08:35:53.791Z
MCPG-098,C12366,1615,"車 부품 업계, 관세로 영업이익 1조5000억 급감할 듯",2025-05-05,https://www.chosun.com/economy/auto/2025/05/05/F42BIZ3NLVFEPAPIC45E2V5YVA,"지난달 3일부터 외국산 자동차에 25% 관세 부과로 국내에서 생산한 자동차의 미국 수출에 차질이 빚어지는 가운데, 작년 기준 대미 수출액이 11조5000억원에 달하는 자동차 부품까지 막히는 이중고가 우려된다.",LEVEL,5000.0,"['일', '%', '억원']",REFUTES,FULL_KOSIS_MCP,Y,Y,N,360,DT_1R11006_FRM101,국가별 수출액 수입액,13102103829E.US,N/A,13103103829T1,수출액,미국,M,202404,N/A,11400587.0,N/A,천달러,11400587.0,MCP current value × source unit scale (1),MCP_ACTUAL_VALUE_CONFIRMED,KOSIS_MCP_GET_DATA,https://kosis.kr/statHtml/statHtml.do?orgId=360&tblId=DT_1R11006_FRM101&vw_cd=MT_ZTITLE&list_id=&seqNo=&lang_mode=ko&language=kor&obj_var_id=&itm_id=&conn_path=MT_ZTITLE,61-120,2026-08-05T08:35:53.791Z
MCPG-099,C12553,1640,"美ㆍ中 첫 대화 소식, 中 금리 인하에...환율 널뛰기",2025-05-07,https://www.chosun.com/economy/economy_general/2025/05/07/4V4C6GOTR5FZPLY5QYERY47PWE,지난달 트럼프 행정부가 중국산 수입품에 145%의 관세를 부과하고 이에 맞서 중국이 미국산 제품에 최대 125%의 보복 관세를 매긴 뒤 양국 간 고위급 인사가 갖는 첫 회담이다.,LEVEL,125.0,"['%', '%']",REFUTES,FULL_KOSIS_MCP,Y,Y,N,360,DT_1R11006_FRM101,국가별 수출액 수입액,13102103829E.US,N/A,13103103829T2,수입액,미국,M,202504,N/A,6139710.0,N/A,천달러,6139710.0,MCP current value × source unit scale (1),MCP_ACTUAL_VALUE_CONFIRMED,KOSIS_MCP_GET_DATA,https://kosis.kr/statHtml/statHtml.do?orgId=360&tblId=DT_1R11006_FRM101&vw_cd=MT_ZTITLE&list_id=&seqNo=&lang_mode=ko&language=kor&obj_var_id=&itm_id=&conn_path=MT_ZTITLE,61-120,2026-08-05T08:35:53.791Z
MCPG-100,C12735,1666,"포드, 최대 280만원 올려… 미국 車가격 인상 현실화",2025-05-09,https://www.chosun.com/economy/auto/2025/05/09/32LFRMSA5VGCLGL2CQSS5PANBU,"포드는 지난달 3일부터 시행된 미국의 25% 자동차 관세로 인해 15억달러(약 2조원)의 비용이 올해 발생할 것으로 봤는데, 소비자 판매가를 인상해 손실을 만회하려는 것으로 보인다.",LEVEL,15.0,"['일', '%', '조원']",REFUTES,FULL_KOSIS_MCP,Y,Y,N,360,DT_1R11006_FRM101,국가별 수출액 수입액,13102103829E.US,N/A,13103103829T1,수출액,미국,M,202504,N/A,10605998.0,N/A,천달러,106.05998,MCP current value × source unit scale (1e-05),MCP_ACTUAL_VALUE_CONFIRMED,KOSIS_MCP_GET_DATA,https://kosis.kr/statHtml/statHtml.do?orgId=360&tblId=DT_1R11006_FRM101&vw_cd=MT_ZTITLE&list_id=&seqNo=&lang_mode=ko&language=kor&obj_var_id=&itm_id=&conn_path=MT_ZTITLE,61-120,2026-08-05T08:35:53.791Z
MCPG-101,C14120,1862,"브라질산 닭고기 수입… 정부, 제한적으로 허용",2025-05-24,https://www.chosun.com/economy/economy_general/2025/05/24/353PN2X7JJGLDBKHMNL7I7Y23M,"지난해 우리나라가 수입한 브라질산 닭고기는 15만8000톤으로, 전체 닭고기 수입량(18만3600t)의 86.1%, 국내 닭고기 소비량(79만1000t)의 20%를 차지했다.",LEVEL,20.0,"['톤', '%', '%']",REFUTES,FULL_KOSIS_MCP,Y,Y,N,360,DT_1R11006_FRM101,국가별 수출액 수입액,13102103829E.00,N/A,13103103829T2,수입액,계,Y,2024,N/A,631767209.0,N/A,천달러,631767209.0,MCP current value × source unit scale (1),MCP_ACTUAL_VALUE_CONFIRMED,KOSIS_MCP_GET_DATA,https://kosis.kr/statHtml/statHtml.do?orgId=360&tblId=DT_1R11006_FRM101&vw_cd=MT_ZTITLE&list_id=&seqNo=&lang_mode=ko&language=kor&obj_var_id=&itm_id=&conn_path=MT_ZTITLE,61-120,2026-08-05T08:35:53.791Z
MCPG-102,C02339,314,"日, 기준금리 0.5%로 인상… 16년 3개월 만에 최고",2025-01-25,https://www.chosun.com/economy/economy_general/2025/01/25/6UTAX7KE45F5NMJZXPIPDTVNVQ,작년 12월 소비자물가 상승률은 3%로 일본은행이 설정한 인플레이션 목표치(2%)를 훌쩍 뛰어넘었다.,CHANGE_RATE,2.0,"['월', '%', '%']",REFUTES,FULL_KOSIS_MCP,Y,Y,N,101,DT_1J22042,월별 소비자물가 등락률,0,N/A,T03,전년동월비(%),총지수,M,202412,202411,1.9,1.5,%,26.66666666666666,(MCP current − MCP previous) / |MCP previous| × 100,MCP_ACTUAL_VALUE_CONFIRMED,KOSIS_MCP_GET_DATA,https://kosis.kr/statHtml/statHtml.do?orgId=101&tblId=DT_1J22042&vw_cd=MT_ZTITLE&list_id=&seqNo=&lang_mode=ko&language=kor&obj_var_id=&itm_id=&conn_path=MT_ZTITLE,81-100,2026-08-05T08:39:55.301Z
MCPG-103,C03662,463,"석유·채소값 뛰니...1월 물가 2.2% 상승, 5개월 만에 2%대 복귀",2025-02-05,https://www.chosun.com/economy/economy_general/2025/02/05/V2MN7UBTEZBJPG7WGGILZRXH6Y,0 지난달 소비자물가가 전년 동월 대비 2.2% 오른 것으로 나타났다.,LEVEL,2.2,['%'],REFUTES,FULL_KOSIS_MCP,Y,Y,N,101,DT_1J22042,월별 소비자물가 등락률,0,N/A,T03,전년동월비(%),총지수,M,202401,N/A,2.8,N/A,%,2.8,MCP current value × source unit scale (1),MCP_ACTUAL_VALUE_CONFIRMED,KOSIS_MCP_GET_DATA,https://kosis.kr/statHtml/statHtml.do?orgId=101&tblId=DT_1J22042&vw_cd=MT_ZTITLE&list_id=&seqNo=&lang_mode=ko&language=kor&obj_var_id=&itm_id=&conn_path=MT_ZTITLE,81-100,2026-08-05T08:39:55.301Z
MCPG-104,C03663,463,"석유·채소값 뛰니...1월 물가 2.2% 상승, 5개월 만에 2%대 복귀",2025-02-05,https://www.chosun.com/economy/economy_general/2025/02/05/V2MN7UBTEZBJPG7WGGILZRXH6Y,지난해 9월(1.6%) 이후 5개월 만에 물가상승률이 2%대로 올라섰다.,CHANGE_RATE,2.0,"['월', '%', '개', '%']",REFUTES,FULL_KOSIS_MCP,Y,Y,N,101,DT_1J22042,월별 소비자물가 등락률,0,N/A,T03,전년동월비(%),총지수,M,202409,202408,1.6,2.0,%,-19.999999999999996,(MCP current − MCP previous) / |MCP previous| × 100,MCP_ACTUAL_VALUE_CONFIRMED,KOSIS_MCP_GET_DATA,https://kosis.kr/statHtml/statHtml.do?orgId=101&tblId=DT_1J22042&vw_cd=MT_ZTITLE&list_id=&seqNo=&lang_mode=ko&language=kor&obj_var_id=&itm_id=&conn_path=MT_ZTITLE,81-100,2026-08-05T08:39:55.301Z
MCPG-105,C03672,463,"석유·채소값 뛰니...1월 물가 2.2% 상승, 5개월 만에 2%대 복귀",2025-02-05,https://www.chosun.com/economy/economy_general/2025/02/05/V2MN7UBTEZBJPG7WGGILZRXH6Y,"기조적인 물가 흐름을 나타내는 근원물가지수(식료품 및 에너지 제외 지수)는 전년 동월 대비 1.9% 오르며, 4개월째 1%대를 유지했다.",LEVEL,1.0,"['%', '개', '%']",REFUTES,FULL_KOSIS_MCP,Y,Y,N,101,DT_1J22042,월별 소비자물가 등락률,4,N/A,T03,전년동월비(%),식료품및에너지제외지수,M,202412,N/A,1.8,N/A,%,1.8,MCP current value × source unit scale (1),MCP_ACTUAL_VALUE_CONFIRMED,KOSIS_MCP_GET_DATA,https://kosis.kr/statHtml/statHtml.do?orgId=101&tblId=DT_1J22042&vw_cd=MT_ZTITLE&list_id=&seqNo=&lang_mode=ko&language=kor&obj_var_id=&itm_id=&conn_path=MT_ZTITLE,81-100,2026-08-05T08:39:55.301Z
MCPG-106,C03743,475,고환율·고유가에… 소비자 물가 5개월 만에 2%대로,2025-02-06,https://www.chosun.com/economy/economy_general/2025/02/06/JUZXS35ATZH5HPELUDW6QK465M,소비자물가 상승률이 2%대로 올라선 것은 작년 8월(2%) 이후 5개월 만이다.,CHANGE_RATE,2.0,"['%', '월', '%', '개']",REFUTES,FULL_KOSIS_MCP,Y,Y,N,101,DT_1J22042,월별 소비자물가 등락률,0,N/A,T03,전년동월비(%),총지수,M,202408,202407,2.0,2.6,%,-23.076923076923077,(MCP current − MCP previous) / |MCP previous| × 100,MCP_ACTUAL_VALUE_CONFIRMED,KOSIS_MCP_GET_DATA,https://kosis.kr/statHtml/statHtml.do?orgId=101&tblId=DT_1J22042&vw_cd=MT_ZTITLE&list_id=&seqNo=&lang_mode=ko&language=kor&obj_var_id=&itm_id=&conn_path=MT_ZTITLE,81-100,2026-08-05T08:39:55.301Z
MCPG-107,C03818,485,유류세 인하 4월 말까지 연장,2025-02-07,https://www.chosun.com/economy/economy_general/2025/02/07/7U6ZK6KOTBDBJGGYKDYI3YIZOY,"전날 통계청에 따르면, 지난달 소비자 물가 상승률은 2.2%로 작년 11월(1.5%)부터 3개월 연속 오름폭이 커졌다.",CHANGE_RATE,1.5,"['%', '월', '%', '개']",REFUTES,FULL_KOSIS_MCP,Y,Y,N,101,DT_1J22042,월별 소비자물가 등락률,0,N/A,T03,전년동월비(%),총지수,M,202411,202410,1.5,1.3,%,15.38461538461538,(MCP current − MCP previous) / |MCP previous| × 100,MCP_ACTUAL_VALUE_CONFIRMED,KOSIS_MCP_GET_DATA,https://kosis.kr/statHtml/statHtml.do?orgId=101&tblId=DT_1J22042&vw_cd=MT_ZTITLE&list_id=&seqNo=&lang_mode=ko&language=kor&obj_var_id=&itm_id=&conn_path=MT_ZTITLE,81-100,2026-08-05T08:39:55.301Z
MCPG-108,C04589,580,美 소비자 물가 상승률 3%… 당분간 금리 인하 멈출 듯,2025-02-14,https://www.chosun.com/economy/economy_general/2025/02/14/DOSWUEHIRBDRXA22EYJWFTUYHI,0 지난달 미국 소비자물가 상승률이 7개월 만에 3%대로 복귀했다.,CHANGE_RATE,3.0,"['개', '%']",REFUTES,FULL_KOSIS_MCP,Y,Y,N,101,DT_1J22042,월별 소비자물가 등락률,0,N/A,T03,전년동월비(%),총지수,M,202501,202412,2.2,1.9,%,15.789473684210542,(MCP current − MCP previous) / |MCP previous| × 100,MCP_ACTUAL_VALUE_CONFIRMED,KOSIS_MCP_GET_DATA,https://kosis.kr/statHtml/statHtml.do?orgId=101&tblId=DT_1J22042&vw_cd=MT_ZTITLE&list_id=&seqNo=&lang_mode=ko&language=kor&obj_var_id=&itm_id=&conn_path=MT_ZTITLE,81-100,2026-08-05T08:39:55.301Z
MCPG-109,C04607,581,오징어채 23%·맛김 22%… 가공식품 물가 상승률 1년 만에 최고,2025-02-14,https://www.chosun.com/economy/economy_general/2025/02/14/HP4YWNUF3VGJZDLS62WBVBUM74,"13일 통계청에 따르면, 지난 1월 가공식품 물가지수는 122.03(2020년을 100으로 본 상대적 지수)으로 작년 1월보다 2.7% 상승했다.",CHANGE_RATE,2.7,"['일', '월', '년', '월', '%']",REFUTES,FULL_KOSIS_MCP,Y,Y,N,101,DT_1J22042,월별 소비자물가 등락률,0,N/A,T03,전년동월비(%),총지수,M,202401,202312,2.8,3.2,%,-12.50000000000001,(MCP current − MCP previous) / |MCP previous| × 100,MCP_ACTUAL_VALUE_CONFIRMED,KOSIS_MCP_GET_DATA,https://kosis.kr/statHtml/statHtml.do?orgId=101&tblId=DT_1J22042&vw_cd=MT_ZTITLE&list_id=&seqNo=&lang_mode=ko&language=kor&obj_var_id=&itm_id=&conn_path=MT_ZTITLE,81-100,2026-08-05T08:39:55.302Z
MCPG-110,C05149,655,1월 생산자물가 17개월만에 최대폭 상승,2025-02-20,https://www.chosun.com/economy/economy_general/2025/02/20/4S55OVIERZDWLG56V5RA5UHGCM,한국은행은 20일 지난 1월 생산자물가가 전월 대비 0.6% 오른 120.18을 기록했다고 밝혔다.,LEVEL,0.6,"['일', '월', '%']",REFUTES,FULL_KOSIS_MCP,Y,Y,N,101,DT_1J22042,월별 소비자물가 등락률,0,N/A,T02,전월비,총지수,M,202501,N/A,0.7,N/A,%,0.7,MCP current value × source unit scale (1),MCP_ACTUAL_VALUE_CONFIRMED,KOSIS_MCP_GET_DATA,https://kosis.kr/statHtml/statHtml.do?orgId=101&tblId=DT_1J22042&vw_cd=MT_ZTITLE&list_id=&seqNo=&lang_mode=ko&language=kor&obj_var_id=&itm_id=&conn_path=MT_ZTITLE,81-100,2026-08-05T08:39:55.302Z
MCPG-111,C05681,723,금리 0.25%p 내린 한은... 관세 폭탄·내수 부진에 경기 살리기 선택,2025-02-25,https://www.chosun.com/economy/economy_general/2025/02/25/2RBIFVNKT5ELXID4FUQCFM63G4,1월 소비자물가상승률이 전년 대비 2.2% 오른 등 물가도 작년 10월부터 계속해서 오르고 있다.,CHANGE_RATE,2.2,"['월', '%', '월']",REFUTES,FULL_KOSIS_MCP,Y,Y,N,101,DT_1J22042,월별 소비자물가 등락률,0,N/A,T03,전년동월비(%),총지수,M,202410,202310,1.3,3.8,%,-65.78947368421053,(MCP current − MCP previous) / |MCP previous| × 100,MCP_ACTUAL_VALUE_CONFIRMED,KOSIS_MCP_GET_DATA,https://kosis.kr/statHtml/statHtml.do?orgId=101&tblId=DT_1J22042&vw_cd=MT_ZTITLE&list_id=&seqNo=&lang_mode=ko&language=kor&obj_var_id=&itm_id=&conn_path=MT_ZTITLE,81-100,2026-08-05T08:39:55.302Z
MCPG-112,C06671,840,"물가 상승률 두 달 연속 2%대...치솟은 기름값, 물가 끌어 올려",2025-03-06,https://www.chosun.com/economy/economy_general/2025/03/06/IXLFBAQ5RFD7HKWH6T3LQXPQWA,"6일 통계청이 발표한 ‘2월 소비자물가 동향’에 따르면, 지난달 소비자물가지수는 116.08로 전년 동월 대비 2% 상승했다.",CHANGE_RATE,2.0,"['일', '월', '%']",REFUTES,FULL_KOSIS_MCP,Y,Y,N,101,DT_1J22042,월별 소비자물가 등락률,0,N/A,T03,전년동월비(%),총지수,M,202402,202302,3.1,4.7,%,-34.04255319148936,(MCP current − MCP previous) / |MCP previous| × 100,MCP_ACTUAL_VALUE_CONFIRMED,KOSIS_MCP_GET_DATA,https://kosis.kr/statHtml/statHtml.do?orgId=101&tblId=DT_1J22042&vw_cd=MT_ZTITLE&list_id=&seqNo=&lang_mode=ko&language=kor&obj_var_id=&itm_id=&conn_path=MT_ZTITLE,81-100,2026-08-05T08:39:55.302Z
MCPG-113,C06677,840,"물가 상승률 두 달 연속 2%대...치솟은 기름값, 물가 끌어 올려",2025-03-06,https://www.chosun.com/economy/economy_general/2025/03/06/IXLFBAQ5RFD7HKWH6T3LQXPQWA,"지난달 식용유지 가격 상승률은 9%로, 지난해 6월(11.6%) 이후 8개월 만에 최대 상승폭을 보였다.",CHANGE_RATE,11.6,"['%', '월', '%', '개']",REFUTES,FULL_KOSIS_MCP,Y,Y,N,101,DT_1J22042,월별 소비자물가 등락률,0,N/A,T03,전년동월비(%),총지수,M,202406,202405,2.4,2.7,%,-11.11111111111112,(MCP current − MCP previous) / |MCP previous| × 100,MCP_ACTUAL_VALUE_CONFIRMED,KOSIS_MCP_GET_DATA,https://kosis.kr/statHtml/statHtml.do?orgId=101&tblId=DT_1J22042&vw_cd=MT_ZTITLE&list_id=&seqNo=&lang_mode=ko&language=kor&obj_var_id=&itm_id=&conn_path=MT_ZTITLE,81-100,2026-08-05T08:39:55.302Z
MCPG-114,C06678,840,"물가 상승률 두 달 연속 2%대...치솟은 기름값, 물가 끌어 올려",2025-03-06,https://www.chosun.com/economy/economy_general/2025/03/06/IXLFBAQ5RFD7HKWH6T3LQXPQWA,기름값 부담이 반영된 생활물가지수는 지난달 2.6% 오르며 지난해 7월(3%) 이후 7개월 만에 최대 상승폭을 보였다.,CHANGE_RATE,3.0,"['%', '월', '%', '개']",REFUTES,FULL_KOSIS_MCP,Y,Y,N,101,DT_1J22042,월별 소비자물가 등락률,1,N/A,T03,전년동월비(%),생활물가지수,M,202407,202406,3.0,2.8,%,7.1428571428571495,(MCP current − MCP previous) / |MCP previous| × 100,MCP_ACTUAL_VALUE_CONFIRMED,KOSIS_MCP_GET_DATA,https://kosis.kr/statHtml/statHtml.do?orgId=101&tblId=DT_1J22042&vw_cd=MT_ZTITLE&list_id=&seqNo=&lang_mode=ko&language=kor&obj_var_id=&itm_id=&conn_path=MT_ZTITLE,81-100,2026-08-05T08:39:55.302Z
MCPG-115,C06681,840,"물가 상승률 두 달 연속 2%대...치솟은 기름값, 물가 끌어 올려",2025-03-06,https://www.chosun.com/economy/economy_general/2025/03/06/IXLFBAQ5RFD7HKWH6T3LQXPQWA,"마찬가지로 지난달 외식 물가는 전년 동월 대비 3% 상승했는데, 지난해 6월(3%) 이후 8개월 만에 최대 상승폭이다.",CHANGE_RATE,3.0,"['%', '월', '%', '개']",REFUTES,FULL_KOSIS_MCP,Y,Y,N,101,DT_1J22042,월별 소비자물가 등락률,0,N/A,T03,전년동월비(%),총지수,M,202406,202306,2.4,2.7,%,-11.11111111111112,(MCP current − MCP previous) / |MCP previous| × 100,MCP_ACTUAL_VALUE_CONFIRMED,KOSIS_MCP_GET_DATA,https://kosis.kr/statHtml/statHtml.do?orgId=101&tblId=DT_1J22042&vw_cd=MT_ZTITLE&list_id=&seqNo=&lang_mode=ko&language=kor&obj_var_id=&itm_id=&conn_path=MT_ZTITLE,81-100,2026-08-05T08:39:55.302Z
MCPG-116,C06682,840,"물가 상승률 두 달 연속 2%대...치솟은 기름값, 물가 끌어 올려",2025-03-06,https://www.chosun.com/economy/economy_general/2025/03/06/IXLFBAQ5RFD7HKWH6T3LQXPQWA,"다만 토마토(-19.5%)와 딸기(-6.9%), 바나나(-11.4%) 등 과실류 가격이 떨어지면서 농산물 물가는 전년 동월 대비 1.2% 감소했다.",CHANGE_RATE,1.2,"['%', '%', '%', '%']",REFUTES,FULL_KOSIS_MCP,Y,Y,N,101,DT_1J22042,월별 소비자물가 등락률,0,N/A,T03,전년동월비(%),총지수,M,202412,202312,1.9,3.2,%,-40.62500000000001,(MCP current − MCP previous) / |MCP previous| × 100,MCP_ACTUAL_VALUE_CONFIRMED,KOSIS_MCP_GET_DATA,https://kosis.kr/statHtml/statHtml.do?orgId=101&tblId=DT_1J22042&vw_cd=MT_ZTITLE&list_id=&seqNo=&lang_mode=ko&language=kor&obj_var_id=&itm_id=&conn_path=MT_ZTITLE,81-100,2026-08-05T08:39:55.302Z
MCPG-117,C07269,917,외식 물가는 치솟는데… 눈물나는 식당 술값 ‘역주행’,2025-03-12,https://www.chosun.com/economy/economy_general/2025/03/12/CJX2KI2XHBFVPIK3NBGMVKFXMA,"반면, 2월 전체 외식물가는 전년보다 3% 올라 소비자물가 상승률(2%)을 웃돌았다.",CHANGE_RATE,2.0,"['월', '%', '%']",REFUTES,FULL_KOSIS_MCP,Y,Y,N,101,DT_1J22042,월별 소비자물가 등락률,0,N/A,T03,전년동월비(%),총지수,M,202402,202401,3.1,2.8,%,10.714285714285724,(MCP current − MCP previous) / |MCP previous| × 100,MCP_ACTUAL_VALUE_CONFIRMED,KOSIS_MCP_GET_DATA,https://kosis.kr/statHtml/statHtml.do?orgId=101&tblId=DT_1J22042&vw_cd=MT_ZTITLE&list_id=&seqNo=&lang_mode=ko&language=kor&obj_var_id=&itm_id=&conn_path=MT_ZTITLE,81-100,2026-08-05T08:39:55.302Z
MCPG-118,C09086,1176,의성 마늘·청송 사과… 먹거리 물가도 비상,2025-04-01,https://www.chosun.com/economy/economy_general/2025/04/01/OCXI4WN3PBCMBAAWAGM2HDZ34U,"한국농수산식품유통공사에 따르면, 3월 하순(20∼30일) 무(20㎏) 중도매인 판매 가격은 전년 동기 대비 75.6% 올랐고, 배추(10㎏) 가격도 17.5% 상승했다.",CHANGE_RATE,17.5,"['월', '일', '%', '%']",REFUTES,FULL_KOSIS_MCP,Y,Y,N,101,DT_1J22042,월별 소비자물가 등락률,0,N/A,T03,전년동월비(%),총지수,M,202403,202303,3.1,4.2,%,-26.190476190476193,(MCP current − MCP previous) / |MCP previous| × 100,MCP_ACTUAL_VALUE_CONFIRMED,KOSIS_MCP_GET_DATA,https://kosis.kr/statHtml/statHtml.do?orgId=101&tblId=DT_1J22042&vw_cd=MT_ZTITLE&list_id=&seqNo=&lang_mode=ko&language=kor&obj_var_id=&itm_id=&conn_path=MT_ZTITLE,81-100,2026-08-05T08:39:55.305Z
MCPG-119,C09202,1190,물가상승률 석 달째 2%대...업체들 줄인상에 가공식품·외식 가격 ↑,2025-04-02,https://www.chosun.com/economy/economy_general/2025/04/02/EZEOHOZC5NBBHKNEXYWAAYWO24,연초 물가를 끌어올리는 주범이었던 석유류 가격은 미국의 석유 증산 등 국제 유가가 떨어진 게 시차를 두고 반영되며 지난달 들어 2.8% 오르는 데 그쳤다.,LEVEL,2.8,['%'],REFUTES,FULL_KOSIS_MCP,Y,Y,N,101,DT_1J22042,월별 소비자물가 등락률,0,N/A,T03,전년동월비(%),총지수,M,202503,N/A,2.1,N/A,%,2.1,MCP current value × source unit scale (1),MCP_ACTUAL_VALUE_CONFIRMED,KOSIS_MCP_GET_DATA,https://kosis.kr/statHtml/statHtml.do?orgId=101&tblId=DT_1J22042&vw_cd=MT_ZTITLE&list_id=&seqNo=&lang_mode=ko&language=kor&obj_var_id=&itm_id=&conn_path=MT_ZTITLE,81-100,2026-08-05T08:39:55.306Z
MCPG-120,C09203,1190,물가상승률 석 달째 2%대...업체들 줄인상에 가공식품·외식 가격 ↑,2025-04-02,https://www.chosun.com/economy/economy_general/2025/04/02/EZEOHOZC5NBBHKNEXYWAAYWO24,전월 대비로는 휘발유(-2.1%)와 경유(-2.2%) 모두 일제히 가격이 떨어졌다.,LEVEL,-2.2,"['%', '%']",REFUTES,FULL_KOSIS_MCP,Y,Y,N,101,DT_1J22042,월별 소비자물가 등락률,0,N/A,T02,전월비,총지수,M,202503,N/A,0.2,N/A,%,0.2,MCP current value × source unit scale (1),MCP_ACTUAL_VALUE_CONFIRMED,KOSIS_MCP_GET_DATA,https://kosis.kr/statHtml/statHtml.do?orgId=101&tblId=DT_1J22042&vw_cd=MT_ZTITLE&list_id=&seqNo=&lang_mode=ko&language=kor&obj_var_id=&itm_id=&conn_path=MT_ZTITLE,81-100,2026-08-05T08:39:55.306Z
MCPG-121,C09206,1190,물가상승률 석 달째 2%대...업체들 줄인상에 가공식품·외식 가격 ↑,2025-04-02,https://www.chosun.com/economy/economy_general/2025/04/02/EZEOHOZC5NBBHKNEXYWAAYWO24,"외식 물가는 지난 2월(3%)에 이어 지난달에도 3% 상승했는데, 생선회(5.4%)와 치킨(5.3%) 등 소비자들이 자주 찾는 외식 품목들의 가격이 크게 오르며 체감 물가상승률을 높였다.",CHANGE_RATE,5.3,"['월', '%', '%', '%', '%']",REFUTES,FULL_KOSIS_MCP,Y,Y,N,101,DT_1J22042,월별 소비자물가 등락률,0,N/A,T03,전년동월비(%),총지수,M,202502,202501,2.0,2.2,%,-9.090909090909099,(MCP current − MCP previous) / |MCP previous| × 100,MCP_ACTUAL_VALUE_CONFIRMED,KOSIS_MCP_GET_DATA,https://kosis.kr/statHtml/statHtml.do?orgId=101&tblId=DT_1J22042&vw_cd=MT_ZTITLE&list_id=&seqNo=&lang_mode=ko&language=kor&obj_var_id=&itm_id=&conn_path=MT_ZTITLE,81-100,2026-08-05T08:39:55.306Z
MCPG-122,C12149,1584,물가 상승률 4개월 째 2%대...근원물가 13개월 만 가장 많이 올라,2025-05-02,https://www.chosun.com/economy/economy_general/2025/05/02/SSY7QNJ4L5DGFGPEGDWAOOA7HE,"2일 통계청이 발표한 ‘4월 소비자물가 동향’에 따르면, 지난달 소비자물가 지수는 116.38로 전년 동월 대비 2.1% 올랐다.",CHANGE_RATE,2.1,"['일', '월', '%']",REFUTES,FULL_KOSIS_MCP,Y,Y,N,101,DT_1J22042,월별 소비자물가 등락률,0,N/A,T03,전년동월비(%),총지수,M,202404,202304,2.9,3.7,%,-21.621621621621628,(MCP current − MCP previous) / |MCP previous| × 100,MCP_ACTUAL_VALUE_CONFIRMED,KOSIS_MCP_GET_DATA,https://kosis.kr/statHtml/statHtml.do?orgId=101&tblId=DT_1J22042&vw_cd=MT_ZTITLE&list_id=&seqNo=&lang_mode=ko&language=kor&obj_var_id=&itm_id=&conn_path=MT_ZTITLE,61-120,2026-08-05T08:35:53.791Z
MCPG-123,C12152,1584,물가 상승률 4개월 째 2%대...근원물가 13개월 만 가장 많이 올라,2025-05-02,https://www.chosun.com/economy/economy_general/2025/05/02/SSY7QNJ4L5DGFGPEGDWAOOA7HE,"연초 미국의 석유 증산 등으로 국제 유가가 떨어졌던 게 시차를 두고 반영되면서, 지난달 석유류 가격은 1.7% 떨어졌다.",LEVEL,1.7,['%'],REFUTES,FULL_KOSIS_MCP,Y,Y,N,101,DT_1J22042,월별 소비자물가 등락률,0,N/A,T03,전년동월비(%),총지수,M,202504,N/A,2.1,N/A,%,2.1,MCP current value × source unit scale (1),MCP_ACTUAL_VALUE_CONFIRMED,KOSIS_MCP_GET_DATA,https://kosis.kr/statHtml/statHtml.do?orgId=101&tblId=DT_1J22042&vw_cd=MT_ZTITLE&list_id=&seqNo=&lang_mode=ko&language=kor&obj_var_id=&itm_id=&conn_path=MT_ZTITLE,61-120,2026-08-05T08:35:53.791Z
MCPG-124,C12153,1584,물가 상승률 4개월 째 2%대...근원물가 13개월 만 가장 많이 올라,2025-05-02,https://www.chosun.com/economy/economy_general/2025/05/02/SSY7QNJ4L5DGFGPEGDWAOOA7HE,"휘발유(-2.4%)와 경유(-2.9%) 등 가격이 전년 동월 대비 일제히 감소했는데, 이는 작년 11월에 각각 3.4%, 10.4%씩 하락한 이후 5개월 만이다.",CHANGE_RATE,10.4,"['%', '%', '월', '%', '%', '개']",REFUTES,FULL_KOSIS_MCP,Y,Y,N,101,DT_1J22042,월별 소비자물가 등락률,0,N/A,T03,전년동월비(%),총지수,M,202411,202311,1.5,3.3,%,-54.54545454545454,(MCP current − MCP previous) / |MCP previous| × 100,MCP_ACTUAL_VALUE_CONFIRMED,KOSIS_MCP_GET_DATA,https://kosis.kr/statHtml/statHtml.do?orgId=101&tblId=DT_1J22042&vw_cd=MT_ZTITLE&list_id=&seqNo=&lang_mode=ko&language=kor&obj_var_id=&itm_id=&conn_path=MT_ZTITLE,61-120,2026-08-05T08:35:53.791Z
MCPG-125,C12154,1584,물가 상승률 4개월 째 2%대...근원물가 13개월 만 가장 많이 올라,2025-05-02,https://www.chosun.com/economy/economy_general/2025/05/02/SSY7QNJ4L5DGFGPEGDWAOOA7HE,농산물 가격도 작년 주요 과일과 채소 가격이 높았던 기저효과로 지난달에는 1.5% 하락한 것으로 나타났다.,CHANGE_RATE,1.5,['%'],REFUTES,FULL_KOSIS_MCP,Y,Y,N,101,DT_1J22042,월별 소비자물가 등락률,0,N/A,T03,전년동월비(%),총지수,M,202404,202403,2.9,3.1,%,-6.451612903225811,(MCP current − MCP previous) / |MCP previous| × 100,MCP_ACTUAL_VALUE_CONFIRMED,KOSIS_MCP_GET_DATA,https://kosis.kr/statHtml/statHtml.do?orgId=101&tblId=DT_1J22042&vw_cd=MT_ZTITLE&list_id=&seqNo=&lang_mode=ko&language=kor&obj_var_id=&itm_id=&conn_path=MT_ZTITLE,61-120,2026-08-05T08:35:53.792Z
MCPG-126,C12158,1584,물가 상승률 4개월 째 2%대...근원물가 13개월 만 가장 많이 올라,2025-05-02,https://www.chosun.com/economy/economy_general/2025/05/02/SSY7QNJ4L5DGFGPEGDWAOOA7HE,이로 인해 근원물가에 해당하는 ‘농산물 및 석유류 제외 지수’는 전년 동월 대비 2.4% 오르면서 작년 3월(2.4%) 이후 13개월 만에 가장 높은 상승폭을 보였다.,CHANGE_RATE,2.4,"['%', '월', '%', '개']",REFUTES,FULL_KOSIS_MCP,Y,Y,N,101,DT_1J22042,월별 소비자물가 등락률,3,N/A,T03,전년동월비(%),농산물및석유류제외지수,M,202403,202303,2.4,4.7,%,-48.93617021276596,(MCP current − MCP previous) / |MCP previous| × 100,MCP_ACTUAL_VALUE_CONFIRMED,KOSIS_MCP_GET_DATA,https://kosis.kr/statHtml/statHtml.do?orgId=101&tblId=DT_1J22042&vw_cd=MT_ZTITLE&list_id=&seqNo=&lang_mode=ko&language=kor&obj_var_id=&itm_id=&conn_path=MT_ZTITLE,61-120,2026-08-05T08:35:53.792Z
MCPG-127,C00380,41,치솟는 환율에 식품 물가도 급등,2025-01-04,https://www.chosun.com/economy/economy_general/2025/01/04/7SPGFC4RFZEDLDPFTQHVDM2K2E,"3일 한국소비자원이 전국 대형마트와 편의점 500여 곳을 조사해 발표하는 ‘생필품 가격 보고서’에 따르면, 지난달 20일 기준 초콜릿·카레·커피 등 주요 가공식품 175개 품목 가운데 121개(69%) 품목의 평균 가격이 1년 전보다 오른 것으로 나타났다.",LEVEL,69.0,"['일', '일', '개', '개', '%', '년']",REFUTES,FULL_KOSIS_MCP,Y,Y,N,101,DT_1J22003,소비자물가지수(2020＝100),T10,N/A,T,소비자물가지수(총지수),전국,M,202412,N/A,114.91,N/A,2020＝100,114.91,MCP current value × source unit scale (1),MCP_ACTUAL_VALUE_CONFIRMED,KOSIS_MCP_GET_DATA,https://kosis.kr/statHtml/statHtml.do?orgId=101&tblId=DT_1J22003&vw_cd=MT_ZTITLE&list_id=&seqNo=&lang_mode=ko&language=kor&obj_var_id=&itm_id=&conn_path=MT_ZTITLE,61-120,2026-08-05T08:35:53.792Z
MCPG-128,C01659,224,"간신히 5% 찍은 中 성장률, 올해는 ‘트럼프 관세’ 먹구름",2025-01-18,https://www.chosun.com/economy/economy_general/2025/01/18/47BFYPJXONF7RIF22SP3KAKCFU,공장 출고가를 의미하는 생산자 물가는 27개월째 전년 대비 마이너스를 기록하고 있다.,LEVEL,27.0,['개'],REFUTES,FULL_KOSIS_MCP,Y,Y,N,101,DT_1J22003,소비자물가지수(2020＝100),T10,N/A,T,소비자물가지수(총지수),전국,Y,2024,N/A,114.18,N/A,2020＝100,114.18,MCP current value × source unit scale (1),MCP_ACTUAL_VALUE_CONFIRMED,KOSIS_MCP_GET_DATA,https://kosis.kr/statHtml/statHtml.do?orgId=101&tblId=DT_1J22003&vw_cd=MT_ZTITLE&list_id=&seqNo=&lang_mode=ko&language=kor&obj_var_id=&itm_id=&conn_path=MT_ZTITLE,61-120,2026-08-05T08:35:53.792Z
MCPG-129,C03159,399,트럼프 ‘금리 인하’ 압박에도… 美연준 만장일치 “동결”,2025-01-31,https://www.chosun.com/economy/economy_general/2025/01/31/A7PFEUIACNH7HASFXVOJEW35UM,"2017년 트럼프 1기가 시작했을 때 물가(2.1%)보다 훨씬 높고, 트럼프 1기 때 가장 높았던 물가(2018년 6~7월 2.9%)와 같은 수준이다.",LEVEL,2.9,"['년', '%', '년', '월', '%']",REFUTES,FULL_KOSIS_MCP,Y,Y,N,101,DT_1J22003,소비자물가지수(2020＝100),T10,N/A,T,소비자물가지수(총지수),전국,M,201807,N/A,98.59,N/A,2020＝100,98.59,MCP current value × source unit scale (1),MCP_ACTUAL_VALUE_CONFIRMED,KOSIS_MCP_GET_DATA,https://kosis.kr/statHtml/statHtml.do?orgId=101&tblId=DT_1J22003&vw_cd=MT_ZTITLE&list_id=&seqNo=&lang_mode=ko&language=kor&obj_var_id=&itm_id=&conn_path=MT_ZTITLE,61-120,2026-08-05T08:35:53.792Z
MCPG-130,C03366,426,"전설적 투자자 하워드 막스 “초저금리 안 온다, 이지 머니 시대 끝나”",2025-02-02,https://www.chosun.com/economy/money/2025/02/02/J2BFVXANLNCWDHPHVDADH4BTNQ,간담회 5일 뒤인 지난달 29일 미국 연방준비제도는 “인플레이션이 다소 상승했고 경제 전망이 불확실하다”며 기준금리를 기존 4.25~4.5%로 동결했다.,CHANGE_RATE,4.5,"['일', '일', '%']",REFUTES,FULL_KOSIS_MCP,Y,Y,N,101,DT_1J22003,소비자물가지수(2020＝100),T10,N/A,T,소비자물가지수(총지수),전국,M,202501,202412,115.71,114.91,2020＝100,0.696197023757721,(MCP current − MCP previous) / |MCP previous| × 100,MCP_ACTUAL_VALUE_CONFIRMED,KOSIS_MCP_GET_DATA,https://kosis.kr/statHtml/statHtml.do?orgId=101&tblId=DT_1J22003&vw_cd=MT_ZTITLE&list_id=&seqNo=&lang_mode=ko&language=kor&obj_var_id=&itm_id=&conn_path=MT_ZTITLE,61-120,2026-08-05T08:35:53.792Z
MCPG-131,C03550,448,끝이 안 보이는 내수 부진… 소매 판매 21년 만에 최대 감소,2025-02-04,https://www.chosun.com/economy/economy_general/2025/02/04/54YXZORW2RA5FHIRI552AGTUY4,하지만 고금리·고물가로 2022년 다시 0.3% 감소했고 2023년엔 수출 부진까지 겹쳐 소매판매가 1.5% 감소했다.,CHANGE_RATE,1.5,"['년', '%', '년', '%']",REFUTES,FULL_KOSIS_MCP,Y,Y,N,101,DT_1J22003,소비자물가지수(2020＝100),T10,N/A,T,소비자물가지수(총지수),전국,Y,2023,2022,111.59,107.72,2020＝100,3.592647604901601,(MCP current − MCP previous) / |MCP previous| × 100,MCP_ACTUAL_VALUE_CONFIRMED,KOSIS_MCP_GET_DATA,https://kosis.kr/statHtml/statHtml.do?orgId=101&tblId=DT_1J22003&vw_cd=MT_ZTITLE&list_id=&seqNo=&lang_mode=ko&language=kor&obj_var_id=&itm_id=&conn_path=MT_ZTITLE,61-120,2026-08-05T08:35:53.792Z
MCPG-132,C03667,463,"석유·채소값 뛰니...1월 물가 2.2% 상승, 5개월 만에 2%대 복귀",2025-02-05,https://www.chosun.com/economy/economy_general/2025/02/05/V2MN7UBTEZBJPG7WGGILZRXH6Y,"지난달 석유류 가격은 7.3% 증가했는데, 지난해 7월(8.4%) 이후 7개월 만에 최대 상승폭이다.",CHANGE_RATE,8.4,"['%', '월', '%', '개']",REFUTES,FULL_KOSIS_MCP,Y,Y,N,101,DT_1J22003,소비자물가지수(2020＝100),T10,N/A,T,소비자물가지수(총지수),전국,M,202407,202406,114.13,113.84,2020＝100,0.2547434996486227,(MCP current − MCP previous) / |MCP previous| × 100,MCP_ACTUAL_VALUE_CONFIRMED,KOSIS_MCP_GET_DATA,https://kosis.kr/statHtml/statHtml.do?orgId=101&tblId=DT_1J22003&vw_cd=MT_ZTITLE&list_id=&seqNo=&lang_mode=ko&language=kor&obj_var_id=&itm_id=&conn_path=MT_ZTITLE,61-120,2026-08-05T08:35:53.792Z
MCPG-133,C03670,463,"석유·채소값 뛰니...1월 물가 2.2% 상승, 5개월 만에 2%대 복귀",2025-02-05,https://www.chosun.com/economy/economy_general/2025/02/05/V2MN7UBTEZBJPG7WGGILZRXH6Y,"다만 파(-32%)와 오이(-11.6%) 등 가격이 떨어진 품목도 있었고, 사과(-2.2%)는 지난해 1~2월 가격이 워낙 크게 올랐던 기저효과로 가격 하락세를 보였다.",CHANGE_RATE,-2.2,"['%', '%', '%', '월']",REFUTES,FULL_KOSIS_MCP,Y,Y,N,101,DT_1J22003,소비자물가지수(2020＝100),T10,N/A,T,소비자물가지수(총지수),전국,M,202402,202401,113.78,113.17,2020＝100,0.5390121056817173,(MCP current − MCP previous) / |MCP previous| × 100,MCP_ACTUAL_VALUE_CONFIRMED,KOSIS_MCP_GET_DATA,https://kosis.kr/statHtml/statHtml.do?orgId=101&tblId=DT_1J22003&vw_cd=MT_ZTITLE&list_id=&seqNo=&lang_mode=ko&language=kor&obj_var_id=&itm_id=&conn_path=MT_ZTITLE,61-120,2026-08-05T08:35:53.792Z
MCPG-134,C04323,547,미국 1월 소비자물가 3% 상승... 금리 인하 속도 늦춰질 듯,2025-02-12,https://www.chosun.com/economy/economy_general/2025/02/12/6KAQJONZLRB4HIL6R2ER3BJ5WQ,미국 소비자물가가 3%대로 복귀한 것은 지난해 6월(3%) 이후 7개월 만이다.,LEVEL,3.0,"['%', '월', '%', '개']",REFUTES,FULL_KOSIS_MCP,Y,Y,N,101,DT_1J22003,소비자물가지수(2020＝100),T10,N/A,T,소비자물가지수(총지수),전국,M,202406,N/A,113.84,N/A,2020＝100,113.84,MCP current value × source unit scale (1),MCP_ACTUAL_VALUE_CONFIRMED,KOSIS_MCP_GET_DATA,https://kosis.kr/statHtml/statHtml.do?orgId=101&tblId=DT_1J22003&vw_cd=MT_ZTITLE&list_id=&seqNo=&lang_mode=ko&language=kor&obj_var_id=&itm_id=&conn_path=MT_ZTITLE,61-120,2026-08-05T08:35:53.792Z
MCPG-135,C07267,917,외식 물가는 치솟는데… 눈물나는 식당 술값 ‘역주행’,2025-03-12,https://www.chosun.com/economy/economy_general/2025/03/12/CJX2KI2XHBFVPIK3NBGMVKFXMA,"11일 통계청에 따르면, 지난 2월 식당에서 판매한 소주 가격인 외식 소주 물가는 전년 대비 1.6%, 외식 맥주 물가는 0.8% 내렸다.",CHANGE_RATE,0.8,"['일', '월', '%', '%']",REFUTES,FULL_KOSIS_MCP,Y,Y,N,101,DT_1J22003,소비자물가지수(2020＝100),T10,N/A,T,소비자물가지수(총지수),전국,M,202402,202302,113.78,110.33,2020＝100,3.126982688298743,(MCP current − MCP previous) / |MCP previous| × 100,MCP_ACTUAL_VALUE_CONFIRMED,KOSIS_MCP_GET_DATA,https://kosis.kr/statHtml/statHtml.do?orgId=101&tblId=DT_1J22003&vw_cd=MT_ZTITLE&list_id=&seqNo=&lang_mode=ko&language=kor&obj_var_id=&itm_id=&conn_path=MT_ZTITLE,61-120,2026-08-05T08:35:53.792Z
MCPG-136,C07989,1026,"일본은행, 기준금리 0.5% 수준으로 동결",2025-03-20,https://www.chosun.com/economy/economy_general/2025/03/20/VGS3HQ4C7BHR3C4DQV4LZOSVZE,"1월 소비자물가는 전년보다 4% 올라, 2년 만의 최고치였다.",LEVEL,4.0,"['월', '%', '년']",REFUTES,FULL_KOSIS_MCP,Y,Y,N,101,DT_1J22003,소비자물가지수(2020＝100),T10,N/A,T,소비자물가지수(총지수),전국,M,202401,N/A,113.17,N/A,2020＝100,113.17,MCP current value × source unit scale (1),MCP_ACTUAL_VALUE_CONFIRMED,KOSIS_MCP_GET_DATA,https://kosis.kr/statHtml/statHtml.do?orgId=101&tblId=DT_1J22003&vw_cd=MT_ZTITLE&list_id=&seqNo=&lang_mode=ko&language=kor&obj_var_id=&itm_id=&conn_path=MT_ZTITLE,61-120,2026-08-05T08:35:53.792Z
MCPG-137,C09331,1204,최상목 부총리 “상반기 전기·가스·철도 요금 동결”,2025-04-03,https://www.chosun.com/economy/economy_general/2025/04/03/NMEO4455DJAXHP6FKCGHF7CBQM,"지난달 가공식품 물가는 전년 대비 3.1% 올랐는데, 이 같은 상승 폭은 2023년 12월(4.2%) 이후 최대치다.",CHANGE_RATE,4.2,"['%', '년', '월', '%']",REFUTES,FULL_KOSIS_MCP,Y,Y,N,101,DT_1J22003,소비자물가지수(2020＝100),T10,N/A,T,소비자물가지수(총지수),전국,M,202412,202312,114.91,112.73,2020＝100,1.9338241816730175,(MCP current − MCP previous) / |MCP previous| × 100,MCP_ACTUAL_VALUE_CONFIRMED,KOSIS_MCP_GET_DATA,https://kosis.kr/statHtml/statHtml.do?orgId=101&tblId=DT_1J22003&vw_cd=MT_ZTITLE&list_id=&seqNo=&lang_mode=ko&language=kor&obj_var_id=&itm_id=&conn_path=MT_ZTITLE,61-120,2026-08-05T08:35:53.792Z
MCPG-138,C10977,1411,日과 관세협상에서 방위비 불쑥 꺼낸 美,2025-04-19,https://www.chosun.com/economy/industry-company/2025/04/19/FLZI6R3MHRGEXLOTI4J6JAO7BE,"일본은 미국과 2022~2026년 연간 평균 2210억엔(약 2조2000억원)을 현물을 포함해 주일 미군에 주기로 했고, 우리 외교부는 미 국무부와 지난해 10월, 2026년 분담금 총액을 올해 대비 8.3% 늘어난 1조5192억원을 현금으로 지급하기로 합의하고 이후 물가에 따라 인상하기로 했다.",LEVEL,5192.0,"['년', '억원', '월', '년', '%', '억원']",REFUTES,FULL_KOSIS_MCP,Y,Y,N,101,DT_1J22003,소비자물가지수(2020＝100),T10,N/A,T,소비자물가지수(총지수),전국,M,202410,N/A,114.69,N/A,2020＝100,114.69,MCP current value × source unit scale (1),MCP_ACTUAL_VALUE_CONFIRMED,KOSIS_MCP_GET_DATA,https://kosis.kr/statHtml/statHtml.do?orgId=101&tblId=DT_1J22003&vw_cd=MT_ZTITLE&list_id=&seqNo=&lang_mode=ko&language=kor&obj_var_id=&itm_id=&conn_path=MT_ZTITLE,61-120,2026-08-05T08:35:53.792Z
MCPG-139,C12850,1683,中 4월 소비자물가 작년比 0.1% 내려...3개월 연속 하락세,2025-05-10,https://www.chosun.com/economy/economy_general/2025/05/10/RY6HA23AKRAQ5ESOCKE4275KFQ,1 중국의 4월 소비자물가지수(CPI)가 지난해 동월 대비 0.1% 내려갔다.,LEVEL,0.1,"['월', '%']",REFUTES,FULL_KOSIS_MCP,Y,Y,N,101,DT_1J22003,소비자물가지수(2020＝100),T10,N/A,T,소비자물가지수(총지수),전국,M,202404,N/A,114.01,N/A,2020＝100,114.01,MCP current value × source unit scale (1),MCP_ACTUAL_VALUE_CONFIRMED,KOSIS_MCP_GET_DATA,https://kosis.kr/statHtml/statHtml.do?orgId=101&tblId=DT_1J22003&vw_cd=MT_ZTITLE&list_id=&seqNo=&lang_mode=ko&language=kor&obj_var_id=&itm_id=&conn_path=MT_ZTITLE,61-120,2026-08-05T08:35:53.792Z
MCPG-140,C14083,1853,국제 유가 하락에 4월 생산자물가 전월보다 하락,2025-05-23,https://www.chosun.com/economy/economy_general/2025/05/23/EMZ6BBQZAND4DKNQF5RMMDSQEM,"이문희 한은 물가통계팀장은 “5월 들어 중순까지 평균 유가가 전월보다 6% 정도 하락한 만큼, 이런 추세가 이어지면 5월 생산자물가에도 하방 압력으로 작용할 수 있을 것”이라고 했다.",CHANGE_RATE,6.0,"['월', '%', '월']",REFUTES,FULL_KOSIS_MCP,Y,Y,N,101,DT_1J22003,소비자물가지수(2020＝100),T10,N/A,T,소비자물가지수(총지수),전국,M,202505,202504,116.27,116.38,2020＝100,-0.09451795841209781,(MCP current − MCP previous) / |MCP previous| × 100,MCP_ACTUAL_VALUE_CONFIRMED,KOSIS_MCP_GET_DATA,https://kosis.kr/statHtml/statHtml.do?orgId=101&tblId=DT_1J22003&vw_cd=MT_ZTITLE&list_id=&seqNo=&lang_mode=ko&language=kor&obj_var_id=&itm_id=&conn_path=MT_ZTITLE,61-120,2026-08-05T08:35:53.802Z
MCPG-141,C16486,2167,"사먹기도 해먹기도 겁나는 물가, OECD 2위",2025-06-16,https://www.chosun.com/economy/economy_general/2025/06/16/V5I4E7K4IFHELJ3BU7CFB3VPHU,"aT(한국농수산식품유통공사) 농산물 유통 실태 조사에 따르면, 농산물 구매 가격에서 유통 비용이 차지하는 비율을 의미하는 ‘유통 비용률’은 1999년 39%에서 2022년 49.7%까지 높아졌다.",LEVEL,49.7,"['년', '%', '년', '%']",REFUTES,FULL_KOSIS_MCP,Y,Y,N,101,DT_1J22003,소비자물가지수(2020＝100),T10,N/A,T,소비자물가지수(총지수),전국,Y,2022,N/A,107.72,N/A,2020＝100,107.72,MCP current value × source unit scale (1),MCP_ACTUAL_VALUE_CONFIRMED,KOSIS_MCP_GET_DATA,https://kosis.kr/statHtml/statHtml.do?orgId=101&tblId=DT_1J22003&vw_cd=MT_ZTITLE&list_id=&seqNo=&lang_mode=ko&language=kor&obj_var_id=&itm_id=&conn_path=MT_ZTITLE,61-120,2026-08-05T08:35:53.802Z
MCPG-142,C18105,2375,가공식품 물가 4.6%↑ 새 정부 출범에도 고공행진,2025-07-02,https://www.chosun.com/economy/economy_general/2025/07/02/XGWZFYDANBHY5F4B2ZSPFDBPCQ,수산물 가격은 7.4% 상승해 2023년 3월(7.4%) 이후 2년 3개월 만에 가장 높은 오름폭을 보였다.,CHANGE_RATE,7.4,"['%', '년', '월', '%', '년', '개']",REFUTES,FULL_KOSIS_MCP,Y,Y,N,101,DT_1J22003,소비자물가지수(2020＝100),T10,N/A,T,소비자물가지수(총지수),전국,M,202303,202302,110.52,110.33,2020＝100,0.1722106408048561,(MCP current − MCP previous) / |MCP previous| × 100,MCP_ACTUAL_VALUE_CONFIRMED,KOSIS_MCP_GET_DATA,https://kosis.kr/statHtml/statHtml.do?orgId=101&tblId=DT_1J22003&vw_cd=MT_ZTITLE&list_id=&seqNo=&lang_mode=ko&language=kor&obj_var_id=&itm_id=&conn_path=MT_ZTITLE,121-160,2026-08-05T08:45:04.848Z
MCPG-143,C19744,2605,"통신료·외식 할인 종료… 생활물가, 전월比 1%P 상승",2025-10-02,https://biz.chosun.com/policy/policy_sub/2025/10/02/RYCCY5GNCFCR5DLWADJPTZI4RI/,작년 9월 폭염으로 인한 공급이 부족했던 채소류는 올해 9월엔 안정적으로 공급되면서 물가가 12.3% 내렸다.,CHANGE_RATE,12.3,"['월', '월', '%']",REFUTES,FULL_KOSIS_MCP,Y,Y,N,101,DT_1J22003,소비자물가지수(2020＝100),T10,N/A,T,소비자물가지수(총지수),전국,M,202409,202408,114.65,114.54,2020＝100,0.09603631918980218,(MCP current − MCP previous) / |MCP previous| × 100,MCP_ACTUAL_VALUE_CONFIRMED,KOSIS_MCP_GET_DATA,https://kosis.kr/statHtml/statHtml.do?orgId=101&tblId=DT_1J22003&vw_cd=MT_ZTITLE&list_id=&seqNo=&lang_mode=ko&language=kor&obj_var_id=&itm_id=&conn_path=MT_ZTITLE,121-160,2026-08-05T08:45:04.848Z
MCPG-144,C20319,2688,무서운 물가 버거운 월세,2025-11-05,https://www.chosun.com/economy/economy_general/2025/11/05/V34MXCN2EJFETORLTMYZB6R5TU/,지난달 소비자 물가가 1년 새 2.4% 오르며 1년 3개월 만에 가장 큰 폭으로 뛰었다고 국가데이터처가 4일 밝혔다.,LEVEL,2.4,"['년', '%', '년', '개', '일']",REFUTES,FULL_KOSIS_MCP,Y,Y,N,101,DT_1J22003,소비자물가지수(2020＝100),T10,N/A,T,소비자물가지수(총지수),전국,M,202510,N/A,117.42,N/A,2020＝100,117.42,MCP current value × source unit scale (1),MCP_ACTUAL_VALUE_CONFIRMED,KOSIS_MCP_GET_DATA,https://kosis.kr/statHtml/statHtml.do?orgId=101&tblId=DT_1J22003&vw_cd=MT_ZTITLE&list_id=&seqNo=&lang_mode=ko&language=kor&obj_var_id=&itm_id=&conn_path=MT_ZTITLE,121-160,2026-08-05T08:45:04.849Z
MCPG-145,C01344,187,崔 대행 “취약부문별 맞춤형 일자리 지원 방안 마련하라”,2025-01-15,https://www.chosun.com/economy/economy_general/2025/01/15/54OHUQPUSZHNFPOOJF6PA7N3QI,지난달 취업자 수가 46개월 만에 5만2000명(전년 동기 대비) 감소 전환한 데 따른 조치다.,CHANGE_RATE,2000.0,"['개', '명']",REFUTES,FULL_KOSIS_MCP,Y,Y,N,101,DT_1DA7001S,성별 경제활동인구 총괄,0,N/A,T30,취업자,계,M,202412,202312,28041.1,28092.9,천명,-0.18438822620663195,(MCP current − MCP previous) / |MCP previous| × 100,MCP_ACTUAL_VALUE_CONFIRMED,KOSIS_MCP_GET_DATA,https://kosis.kr/statHtml/statHtml.do?orgId=101&tblId=DT_1DA7001S&vw_cd=MT_ZTITLE&list_id=&seqNo=&lang_mode=ko&language=kor&obj_var_id=&itm_id=&conn_path=MT_ZTITLE,121-160,2026-08-05T08:45:04.849Z
MCPG-146,C01478,202,고용 한파… 청년이라 더 추운 겨울,2025-01-16,https://www.chosun.com/economy/economy_general/2025/01/16/IYBVLBS7D5AJ3ENSN7WNDOJX2Y,"지난달 실업률은 3.8%로 2022년 1월(4.1%) 이후 가장 높았고, 청년 실업률은 5.9%로 6%에 육박했다.",LEVEL,6.0,"['%', '년', '월', '%', '%', '%']",REFUTES,FULL_KOSIS_MCP,Y,Y,N,101,DT_1DA7001S,성별 경제활동인구 총괄,0,N/A,T80,실업률,계,M,202401,N/A,3.7,N/A,%,3.7,MCP current value × source unit scale (1),MCP_ACTUAL_VALUE_CONFIRMED,KOSIS_MCP_GET_DATA,https://kosis.kr/statHtml/statHtml.do?orgId=101&tblId=DT_1DA7001S&vw_cd=MT_ZTITLE&list_id=&seqNo=&lang_mode=ko&language=kor&obj_var_id=&itm_id=&conn_path=MT_ZTITLE,121-160,2026-08-05T08:45:04.849Z
MCPG-147,C03859,491,4%로 떨어진 美 실업률...금리 인하 전망 줄어,2025-02-07,https://www.chosun.com/economy/economy_general/2025/02/07/X4YBFCHS5FGHTPPSUDTKHI6V7Q,"그러나 1월 실업률은 4%를 기록, 전월(4.1%)보다 낮았다.",LEVEL,4.1,"['월', '%', '%']",REFUTES,FULL_KOSIS_MCP,Y,Y,N,101,DT_1DA7001S,성별 경제활동인구 총괄,0,N/A,T80,실업률,계,M,202501,N/A,3.7,N/A,%,3.7,MCP current value × source unit scale (1),MCP_ACTUAL_VALUE_CONFIRMED,KOSIS_MCP_GET_DATA,https://kosis.kr/statHtml/statHtml.do?orgId=101&tblId=DT_1DA7001S&vw_cd=MT_ZTITLE&list_id=&seqNo=&lang_mode=ko&language=kor&obj_var_id=&itm_id=&conn_path=MT_ZTITLE,121-160,2026-08-05T08:45:04.849Z
MCPG-148,C04576,579,1월 취업자 13.5만명 늘어...노인 일자리 신속 집행에 일시 호조,2025-02-14,https://www.chosun.com/economy/economy_general/2025/02/14/CMQ2GGIF6NFVFOK7NS472SUCSM,"14일 통계청이 발표한 ‘1월 고용동향’에 따르면, 지난달 취업자 수는 2787만8000명으로 1년 전(2774만3000명)보다 13만5000명 늘었다.",CHANGE_RATE,5000.0,"['일', '월', '명', '년', '명', '명']",REFUTES,FULL_KOSIS_MCP,Y,Y,N,101,DT_1DA7001S,성별 경제활동인구 총괄,0,N/A,T30,취업자,계,M,202501,202412,27878.0,28041.1,천명,-0.5816462264319109,(MCP current − MCP previous) / |MCP previous| × 100,MCP_ACTUAL_VALUE_CONFIRMED,KOSIS_MCP_GET_DATA,https://kosis.kr/statHtml/statHtml.do?orgId=101&tblId=DT_1DA7001S&vw_cd=MT_ZTITLE&list_id=&seqNo=&lang_mode=ko&language=kor&obj_var_id=&itm_id=&conn_path=MT_ZTITLE,121-160,2026-08-05T08:45:04.849Z
MCPG-149,C04585,579,1월 취업자 13.5만명 늘어...노인 일자리 신속 집행에 일시 호조,2025-02-14,https://www.chosun.com/economy/economy_general/2025/02/14/CMQ2GGIF6NFVFOK7NS472SUCSM,"대표적으로 도·소매업 취업자는 전년 동월 대비 9만1000명 감소하는 데 그치며, 지난해 8월(-5만5000명) 이후 5개월 만에 최저 감소폭을 보였다.",CHANGE_RATE,5000.0,"['명', '월', '명', '개']",REFUTES,FULL_KOSIS_MCP,Y,Y,N,101,DT_1DA7001S,성별 경제활동인구 총괄,0,N/A,T30,취업자,계,M,202408,202308,28800.8,28678.0,천명,0.42820280354278284,(MCP current − MCP previous) / |MCP previous| × 100,MCP_ACTUAL_VALUE_CONFIRMED,KOSIS_MCP_GET_DATA,https://kosis.kr/statHtml/statHtml.do?orgId=101&tblId=DT_1DA7001S&vw_cd=MT_ZTITLE&list_id=&seqNo=&lang_mode=ko&language=kor&obj_var_id=&itm_id=&conn_path=MT_ZTITLE,121-160,2026-08-05T08:45:04.849Z
MCPG-150,C04586,579,1월 취업자 13.5만명 늘어...노인 일자리 신속 집행에 일시 호조,2025-02-14,https://www.chosun.com/economy/economy_general/2025/02/14/CMQ2GGIF6NFVFOK7NS472SUCSM,"지난달 건설업 취업자는 전년 동월 대비 16만9000명 감소하면서, 지난 2013년 관련 통계 작성 이래 최대 감소폭을 보였다.",CHANGE_RATE,9000.0,"['명', '년']",REFUTES,FULL_KOSIS_MCP,Y,Y,N,101,DT_1DA7001S,성별 경제활동인구 총괄,0,N/A,T30,취업자,계,M,202401,202301,27742.9,27363.1,천명,1.3880006285837605,(MCP current − MCP previous) / |MCP previous| × 100,MCP_ACTUAL_VALUE_CONFIRMED,KOSIS_MCP_GET_DATA,https://kosis.kr/statHtml/statHtml.do?orgId=101&tblId=DT_1DA7001S&vw_cd=MT_ZTITLE&list_id=&seqNo=&lang_mode=ko&language=kor&obj_var_id=&itm_id=&conn_path=MT_ZTITLE,121-160,2026-08-05T08:45:04.849Z
MCPG-151,C04949,628,월급쟁이가 낸 세금 첫 60조원 돌파… 법인세 육박,2025-02-18,https://www.chosun.com/economy/economy_general/2025/02/18/ACYHDWUYD5CGBP3AODXWYTSYVQ,"통계청에 따르면, 지난해 취업자는 전년보다 16만명 늘었는데 임금 근로자는 21만5000명 늘었다.",CHANGE_RATE,16.0,['명'],REFUTES,FULL_KOSIS_MCP,Y,Y,N,101,DT_1DA7001S,성별 경제활동인구 총괄,0,N/A,T30,취업자,계,Y,2024,2023,28575.5,28416.3,천명,0.5602418330324522,(MCP current − MCP previous) / |MCP previous| × 100,MCP_ACTUAL_VALUE_CONFIRMED,KOSIS_MCP_GET_DATA,https://kosis.kr/statHtml/statHtml.do?orgId=101&tblId=DT_1DA7001S&vw_cd=MT_ZTITLE&list_id=&seqNo=&lang_mode=ko&language=kor&obj_var_id=&itm_id=&conn_path=MT_ZTITLE,121-160,2026-08-05T08:45:04.849Z
MCPG-152,C06721,846,2월 미국 신규고용 예상 밑돌아...트럼프침체 우려,2025-03-07,https://www.chosun.com/economy/economy_general/2025/03/07/ZNQGRX42MZF5VHHAYKQ33QFWFY,실업률 또한 4.1%로 전월(4%)보다 높아졌다.,LEVEL,4.0,"['%', '%']",REFUTES,FULL_KOSIS_MCP,Y,Y,N,101,DT_1DA7001S,성별 경제활동인구 총괄,0,N/A,T80,실업률,계,M,202502,N/A,3.2,N/A,%,3.2,MCP current value × source unit scale (1),MCP_ACTUAL_VALUE_CONFIRMED,KOSIS_MCP_GET_DATA,https://kosis.kr/statHtml/statHtml.do?orgId=101&tblId=DT_1DA7001S&vw_cd=MT_ZTITLE&list_id=&seqNo=&lang_mode=ko&language=kor&obj_var_id=&itm_id=&conn_path=MT_ZTITLE,121-160,2026-08-05T08:45:04.849Z
MCPG-153,C09942,1285,3월 청년 실업률 7.5%... 코로나 이후 최고,2025-04-09,https://www.chosun.com/economy/economy_general/2025/04/09/S5F7BYR5GJDQZFTEJM6L2KWREQ,4 지난달 청년 실업률이 7% 중반까지 치솟아 코로나 대유행으로 실업률이 10%까지 치솟았던 2021년 이후 4년 만에 가장 높았다.,LEVEL,10.0,"['%', '%', '년', '년']",REFUTES,FULL_KOSIS_MCP,Y,Y,N,101,DT_1DA7001S,성별 경제활동인구 총괄,0,N/A,T80,실업률,계,M,202503,N/A,3.1,N/A,%,3.1,MCP current value × source unit scale (1),MCP_ACTUAL_VALUE_CONFIRMED,KOSIS_MCP_GET_DATA,https://kosis.kr/statHtml/statHtml.do?orgId=101&tblId=DT_1DA7001S&vw_cd=MT_ZTITLE&list_id=&seqNo=&lang_mode=ko&language=kor&obj_var_id=&itm_id=&conn_path=MT_ZTITLE,121-160,2026-08-05T08:45:04.849Z
MCPG-154,C09944,1285,3월 청년 실업률 7.5%... 코로나 이후 최고,2025-04-09,https://www.chosun.com/economy/economy_general/2025/04/09/S5F7BYR5GJDQZFTEJM6L2KWREQ,"9일 통계청이 발표한 ‘3월 고용동향’에 따르면, 지난 3월 취업자 수는 2858만9000명으로 전년 동월 대비 19만3000명 증가했다.",CHANGE_RATE,3000.0,"['일', '월', '월', '명', '명']",REFUTES,FULL_KOSIS_MCP,Y,Y,N,101,DT_1DA7001S,성별 경제활동인구 총괄,0,N/A,T80,실업률,계,M,202403,202303,3.0,2.9,%,3.448275862068969,(MCP current − MCP previous) / |MCP previous| × 100,MCP_ACTUAL_VALUE_CONFIRMED,KOSIS_MCP_GET_DATA,https://kosis.kr/statHtml/statHtml.do?orgId=101&tblId=DT_1DA7001S&vw_cd=MT_ZTITLE&list_id=&seqNo=&lang_mode=ko&language=kor&obj_var_id=&itm_id=&conn_path=MT_ZTITLE,121-160,2026-08-05T08:45:04.850Z
MCPG-155,C09950,1285,3월 청년 실업률 7.5%... 코로나 이후 최고,2025-04-09,https://www.chosun.com/economy/economy_general/2025/04/09/S5F7BYR5GJDQZFTEJM6L2KWREQ,청년 경제활동인구 대비 실업자 수를 뜻하는 청년 실업률은 7.5%로 코로나 대유행이 한창이었던 2021년 6월(8.9%) 이후 3년 9개월 이후 최고치를 기록했다.,LEVEL,8.9,"['%', '년', '월', '%', '년', '개']",REFUTES,FULL_KOSIS_MCP,Y,Y,N,101,DT_1DA7001S,성별 경제활동인구 총괄,0,N/A,T80,실업률,계,M,202106,N/A,3.8,N/A,%,3.8,MCP current value × source unit scale (1),MCP_ACTUAL_VALUE_CONFIRMED,KOSIS_MCP_GET_DATA,https://kosis.kr/statHtml/statHtml.do?orgId=101&tblId=DT_1DA7001S&vw_cd=MT_ZTITLE&list_id=&seqNo=&lang_mode=ko&language=kor&obj_var_id=&itm_id=&conn_path=MT_ZTITLE,121-160,2026-08-05T08:45:04.850Z
MCPG-156,C09951,1285,3월 청년 실업률 7.5%... 코로나 이후 최고,2025-04-09,https://www.chosun.com/economy/economy_general/2025/04/09/S5F7BYR5GJDQZFTEJM6L2KWREQ,3월 기준으로는 청년 실업률이 10%에 달했던 2021년 3월 이후 4년 만에 가장 높다.,LEVEL,10.0,"['월', '%', '년', '월', '년']",REFUTES,FULL_KOSIS_MCP,Y,Y,N,101,DT_1DA7001S,성별 경제활동인구 총괄,0,N/A,T80,실업률,계,M,202103,N/A,4.3,N/A,%,4.3,MCP current value × source unit scale (1),MCP_ACTUAL_VALUE_CONFIRMED,KOSIS_MCP_GET_DATA,https://kosis.kr/statHtml/statHtml.do?orgId=101&tblId=DT_1DA7001S&vw_cd=MT_ZTITLE&list_id=&seqNo=&lang_mode=ko&language=kor&obj_var_id=&itm_id=&conn_path=MT_ZTITLE,121-160,2026-08-05T08:45:04.850Z
MCPG-157,C10000,1292,3월 청년 실업률 7.5%… 4년 만에 최대치 기록,2025-04-10,https://www.chosun.com/economy/economy_general/2025/04/10/6WLSW5D3JFC3XHV6BX4GAXERTU,"특히 건설업 취업자 수는 전년 동월 대비 8.7% 줄었는데, 2013년 관련 통계 작성 이래 최대 감소 폭이다.",CHANGE_RATE,8.7,"['%', '년']",REFUTES,FULL_KOSIS_MCP,Y,Y,N,101,DT_1DA7001S,성별 경제활동인구 총괄,0,N/A,T80,실업률,계,M,202412,202312,3.8,3.3,%,15.151515151515152,(MCP current − MCP previous) / |MCP previous| × 100,MCP_ACTUAL_VALUE_CONFIRMED,KOSIS_MCP_GET_DATA,https://kosis.kr/statHtml/statHtml.do?orgId=101&tblId=DT_1DA7001S&vw_cd=MT_ZTITLE&list_id=&seqNo=&lang_mode=ko&language=kor&obj_var_id=&itm_id=&conn_path=MT_ZTITLE,121-160,2026-08-05T08:45:04.850Z
MCPG-158,C13415,1752,제조업 취업자 6년 만에 최대 감소,2025-05-15,https://www.chosun.com/economy/economy_general/2025/05/15/YJZYOKBKABHNNK6M34RI6QJREA,제조업은 지난달 기준 취업자 수가 439만7000명으로 전체 취업자의 15.2%를 차지하는 ‘일자리 창출 1위 업종’이다.,LEVEL,15.2,"['명', '%']",REFUTES,FULL_KOSIS_MCP,Y,Y,N,101,DT_1DA7001S,성별 경제활동인구 총괄,0,N/A,T30,취업자,계,M,202504,N/A,28887.0,N/A,천명,28887.0,MCP current value × source unit scale (1),MCP_ACTUAL_VALUE_CONFIRMED,KOSIS_MCP_GET_DATA,https://kosis.kr/statHtml/statHtml.do?orgId=101&tblId=DT_1DA7001S&vw_cd=MT_ZTITLE&list_id=&seqNo=&lang_mode=ko&language=kor&obj_var_id=&itm_id=&conn_path=MT_ZTITLE,121-160,2026-08-05T08:45:04.850Z
MCPG-159,C13515,1766,"“쉬는 게 버는 것?”… 70대 초보 사장, 매출은 3050의 절반",2025-05-16,https://www.chosun.com/economy/economy_general/2025/05/16/Q6AP76HLH5BWPPK7H4LMK24LBE,그런데 이제는 2차 베이비부머(1964~1974년생)들의 은퇴가 늘어나면서 2032년 전체 취업자의 약 9%인 248만명에 달할 것으로 예측되고 있다.,LEVEL,9.0,"['년', '년', '%']",REFUTES,FULL_KOSIS_MCP,Y,Y,N,101,DT_1DA7001S,성별 경제활동인구 총괄,0,N/A,T30,취업자,계,Y,2023,N/A,28416.3,N/A,천명,28416.3,MCP current value × source unit scale (1),MCP_ACTUAL_VALUE_CONFIRMED,KOSIS_MCP_GET_DATA,https://kosis.kr/statHtml/statHtml.do?orgId=101&tblId=DT_1DA7001S&vw_cd=MT_ZTITLE&list_id=&seqNo=&lang_mode=ko&language=kor&obj_var_id=&itm_id=&conn_path=MT_ZTITLE,121-160,2026-08-05T08:45:04.850Z
MCPG-160,C14412,1902,“더 좋은 기업으로 간다”… 이젠 취업도 ‘반수 시대’,2025-05-27,https://www.chosun.com/economy/economy_general/2025/05/27/FUCSNQX24FBOTBKZVNTRCAB3WA,"◇늘어나는 취업 반수생 지난 3월 한국경제인협회(한경협)가 발표한 매출액 상위 500대 기업 대상 ‘대졸 신규 채용 계획 조사’ 결과에 따르면, 설문에 응답한 126곳이 작년 뽑은 신입 사원의 28.9%는 이미 이전에 회사를 다닌 경력이 있었다.",LEVEL,28.9,"['월', '%']",REFUTES,FULL_KOSIS_MCP,Y,Y,N,101,DT_1DA7001S,성별 경제활동인구 총괄,0,N/A,T30,취업자,계,M,202403,N/A,28395.8,N/A,천명,28395.8,MCP current value × source unit scale (1),MCP_ACTUAL_VALUE_CONFIRMED,KOSIS_MCP_GET_DATA,https://kosis.kr/statHtml/statHtml.do?orgId=101&tblId=DT_1DA7001S&vw_cd=MT_ZTITLE&list_id=&seqNo=&lang_mode=ko&language=kor&obj_var_id=&itm_id=&conn_path=MT_ZTITLE,121-160,2026-08-05T08:45:04.850Z
MCPG-161,C14417,1902,“더 좋은 기업으로 간다”… 이젠 취업도 ‘반수 시대’,2025-05-27,https://www.chosun.com/economy/economy_general/2025/05/27/FUCSNQX24FBOTBKZVNTRCAB3WA,"26일 통계청에 따르면, 청년층인 15~29세 실업률은 7.3%로 코로나 대유행 막바지인 2022년(7.4%) 이후 3년 만에 4월 기준 최고다.",LEVEL,7.4,"['일', '%', '년', '%', '년', '월']",REFUTES,FULL_KOSIS_MCP,Y,Y,N,101,DT_1DA7001S,성별 경제활동인구 총괄,0,N/A,T80,실업률,계,M,202204,N/A,3.0,N/A,%,3.0,MCP current value × source unit scale (1),MCP_ACTUAL_VALUE_CONFIRMED,KOSIS_MCP_GET_DATA,https://kosis.kr/statHtml/statHtml.do?orgId=101&tblId=DT_1DA7001S&vw_cd=MT_ZTITLE&list_id=&seqNo=&lang_mode=ko&language=kor&obj_var_id=&itm_id=&conn_path=MT_ZTITLE,121-160,2026-08-05T08:45:04.850Z
MCPG-162,C14423,1903,노인 고용률 OECD 1위지만...65세 근로자 3명 중 1명은 ‘단순 노무직’,2025-05-27,https://www.chosun.com/economy/economy_general/2025/05/27/NE3J4GIGIREKTLPROKLTL2NF3M,"27일 국회예산정책처의 ‘인구·고용동향 & 이슈’ 보고서에 따르면, 2023년 기준 우리나라 65세 이상 인구의 고용률은 37.3%로 OECD 평균(13.6%)의 3배에 육박했다.",LEVEL,13.6,"['일', '년', '%', '%', '배']",REFUTES,FULL_KOSIS_MCP,Y,Y,N,101,DT_1DA7001S,성별 경제활동인구 총괄,0,N/A,T90,고용률,계,Y,2023,N/A,62.6,N/A,%,62.6,MCP current value × source unit scale (1),MCP_ACTUAL_VALUE_CONFIRMED,KOSIS_MCP_GET_DATA,https://kosis.kr/statHtml/statHtml.do?orgId=101&tblId=DT_1DA7001S&vw_cd=MT_ZTITLE&list_id=&seqNo=&lang_mode=ko&language=kor&obj_var_id=&itm_id=&conn_path=MT_ZTITLE,121-160,2026-08-05T08:45:04.850Z
MCPG-163,C01466,202,고용 한파… 청년이라 더 추운 겨울,2025-01-16,https://www.chosun.com/economy/economy_general/2025/01/16/IYBVLBS7D5AJ3ENSN7WNDOJX2Y,"15일 통계청이 발표한 ‘2024년 12월 및 연간 고용 동향’에 따르면, 지난달 취업자 수는 2804만1000명으로 전년 동월 대비 5만2000명 감소했다.",CHANGE_RATE,2000.0,"['일', '년', '월', '명', '명']",REFUTES,FULL_KOSIS_MCP,Y,Y,N,101,DT_1DA7002S,연령별 경제활동인구 총괄,75,N/A,T30,취업자,15 - 29세,M,202412,202312,3602.0,3818.6,천명,-5.672235897973077,(MCP current − MCP previous) / |MCP previous| × 100,MCP_ACTUAL_VALUE_CONFIRMED,KOSIS_MCP_GET_DATA,https://kosis.kr/statHtml/statHtml.do?orgId=101&tblId=DT_1DA7002S&vw_cd=MT_ZTITLE&list_id=&seqNo=&lang_mode=ko&language=kor&obj_var_id=&itm_id=&conn_path=MT_ZTITLE,121-160,2026-08-05T08:45:04.850Z
MCPG-164,C01479,202,고용 한파… 청년이라 더 추운 겨울,2025-01-16,https://www.chosun.com/economy/economy_general/2025/01/16/IYBVLBS7D5AJ3ENSN7WNDOJX2Y,◇연간 취업자도 ‘반 토막’ 작년 한 해 월평균 취업자 수는 2857만6000명으로 1년 전보다 15만9000명 늘어나는 데 그쳤다.,LEVEL,9000.0,"['명', '년', '명']",REFUTES,FULL_KOSIS_MCP,Y,Y,N,101,DT_1DA7002S,연령별 경제활동인구 총괄,75,N/A,T30,취업자,15 - 29세,Y,2024,N/A,3755.2,N/A,천명,3755.2,MCP current value × source unit scale (1),MCP_ACTUAL_VALUE_CONFIRMED,KOSIS_MCP_GET_DATA,https://kosis.kr/statHtml/statHtml.do?orgId=101&tblId=DT_1DA7002S&vw_cd=MT_ZTITLE&list_id=&seqNo=&lang_mode=ko&language=kor&obj_var_id=&itm_id=&conn_path=MT_ZTITLE,121-160,2026-08-05T08:45:04.850Z
MCPG-165,C02373,319,"1년간 무료 코딩 교육… 삼성 청년 SW아카데미, 고졸 청년들 첫 입학",2025-01-25,https://www.chosun.com/economy/industry-company/2025/01/25/Y5IAISPA2ZDPHHDJN5QWX7JAN4,삼성은 “2018년부터 현재까지 누적 취업자가 7000명을 넘어섰다”며 “AI 시대를 선도할 주역으로 성장할 수 있도록 청년들을 지속적으로 키워나갈 것”이라고 밝혔다.,CHANGE_RATE,7000.0,"['년', '명']",REFUTES,FULL_KOSIS_MCP,Y,Y,N,101,DT_1DA7002S,연령별 경제활동인구 총괄,75,N/A,T30,취업자,15 - 29세,Y,2018,2017,3904.1,3906.9,천명,-0.0716680744324191,(MCP current − MCP previous) / |MCP previous| × 100,MCP_ACTUAL_VALUE_CONFIRMED,KOSIS_MCP_GET_DATA,https://kosis.kr/statHtml/statHtml.do?orgId=101&tblId=DT_1DA7002S&vw_cd=MT_ZTITLE&list_id=&seqNo=&lang_mode=ko&language=kor&obj_var_id=&itm_id=&conn_path=MT_ZTITLE,121-160,2026-08-05T08:45:04.850Z
MCPG-166,C10540,1359,25~34세 청년 취업자 1분기 3만명 넘게 줄어… 4년 만에 감소세 전환,2025-04-15,https://www.chosun.com/economy/economy_general/2025/04/15/POL2G36SVVA2TKNC5BVLK52A44,"지난달 제조업 취업자는 전년 동월 대비 11만2000명 줄며 4년 4개월 만에 최대 감소 폭을 기록했고, 건설업 취업자는 18만5000명 급감하면서 2013년 관련 통계 집계 이래 최대 감소 폭을 보였다.",CHANGE_RATE,5000.0,"['명', '년', '개', '명', '년']",REFUTES,FULL_KOSIS_MCP,Y,Y,N,101,DT_1DA7002S,연령별 경제활동인구 총괄,75,N/A,T30,취업자,15 - 29세,M,202403,202303,3775.6,3907.0,천명,-3.363194266700796,(MCP current − MCP previous) / |MCP previous| × 100,MCP_ACTUAL_VALUE_CONFIRMED,KOSIS_MCP_GET_DATA,https://kosis.kr/statHtml/statHtml.do?orgId=101&tblId=DT_1DA7002S&vw_cd=MT_ZTITLE&list_id=&seqNo=&lang_mode=ko&language=kor&obj_var_id=&itm_id=&conn_path=MT_ZTITLE,121-160,2026-08-05T08:45:04.850Z
MCPG-167,C13303,1737,청년 고용률 1년째 내리막...20대 후반 실업률 45개월만 최대치,2025-05-14,https://www.chosun.com/economy/economy_general/2025/05/14/O2W4JERT4FGXRKVNYQRYWEVEQY,"14일 통계청이 발표한 ‘2025년 4월 고용동향’에 따르면, 지난달 15세 이상 취업자는 2888만7000명으로 전년 동월 대비 19만4000명 늘었다.",CHANGE_RATE,4000.0,"['일', '년', '월', '명', '명']",REFUTES,FULL_KOSIS_MCP,Y,Y,N,101,DT_1DA7002S,연령별 경제활동인구 총괄,75,N/A,T90,고용률,15 - 29세,M,202404,202304,46.2,46.0,%,0.4347826086956583,(MCP current − MCP previous) / |MCP previous| × 100,MCP_ACTUAL_VALUE_CONFIRMED,KOSIS_MCP_GET_DATA,https://kosis.kr/statHtml/statHtml.do?orgId=101&tblId=DT_1DA7002S&vw_cd=MT_ZTITLE&list_id=&seqNo=&lang_mode=ko&language=kor&obj_var_id=&itm_id=&conn_path=MT_ZTITLE,121-160,2026-08-05T08:45:04.850Z
MCPG-168,C13310,1737,청년 고용률 1년째 내리막...20대 후반 실업률 45개월만 최대치,2025-05-14,https://www.chosun.com/economy/economy_general/2025/05/14/O2W4JERT4FGXRKVNYQRYWEVEQY,"코로나 시기였던 지난 2021년 7월(7.2%) 이후 45개월만의 최대치로, 20대 후반 실업률이 7%대에 올라선 것 자체가 2022년 4월(7%) 이후 3년 만이다.",LEVEL,7.0,"['년', '월', '%', '개', '%', '년', '월', '%', '년']",REFUTES,FULL_KOSIS_MCP,Y,Y,N,101,DT_1DA7002S,연령별 경제활동인구 총괄,75,N/A,T90,고용률,15 - 29세,M,202204,N/A,46.6,N/A,%,46.6,MCP current value × source unit scale (1),MCP_ACTUAL_VALUE_CONFIRMED,KOSIS_MCP_GET_DATA,https://kosis.kr/statHtml/statHtml.do?orgId=101&tblId=DT_1DA7002S&vw_cd=MT_ZTITLE&list_id=&seqNo=&lang_mode=ko&language=kor&obj_var_id=&itm_id=&conn_path=MT_ZTITLE,121-160,2026-08-05T08:45:04.850Z
MCPG-169,C13422,1752,제조업 취업자 6년 만에 최대 감소,2025-05-15,https://www.chosun.com/economy/economy_general/2025/05/15/YJZYOKBKABHNNK6M34RI6QJREA,청년층 고용률은 작년 5월(46.9%)부터 12개월 연속으로 뒷걸음질 쳤다.,CHANGE_RATE,46.9,"['월', '%', '개']",REFUTES,FULL_KOSIS_MCP,Y,Y,N,101,DT_1DA7002S,연령별 경제활동인구 총괄,75,N/A,T90,고용률,15 - 29세,M,202405,202404,46.9,46.2,%,1.5151515151515058,(MCP current − MCP previous) / |MCP previous| × 100,MCP_ACTUAL_VALUE_CONFIRMED,KOSIS_MCP_GET_DATA,https://kosis.kr/statHtml/statHtml.do?orgId=101&tblId=DT_1DA7002S&vw_cd=MT_ZTITLE&list_id=&seqNo=&lang_mode=ko&language=kor&obj_var_id=&itm_id=&conn_path=MT_ZTITLE,121-160,2026-08-05T08:45:04.851Z
MCPG-170,C14532,1917,조선·건설… 숙련 노동자는 정년 60 훌쩍 넘겨서도 일한다,2025-05-28,https://www.chosun.com/economy/economy_general/2025/05/28/5T7IZ3KBY5DIHCWBS2DVG7KKMA,"27일 통계청의 ‘경제활동인구조사’에 따르면, 평생 대부분을 일한 ‘주된 일자리’를 법적 정년 이후인 60~64세에 그만뒀다는 응답자가 지난해 77만명으로 1년 전(73만2000명)보다 5.2% 늘었다.",CHANGE_RATE,5.2,"['일', '년', '명', '%']",REFUTES,FULL_KOSIS_MCP,Y,Y,N,101,DT_1DA7002S,연령별 경제활동인구 총괄,00,N/A,T10,인구,15세 이상 전체,Y,2024,2023,45570.3,45407.1,천명,0.35941515754145137,(MCP current − MCP previous) / |MCP previous| × 100,MCP_ACTUAL_VALUE_CONFIRMED,KOSIS_MCP_GET_DATA,https://kosis.kr/statHtml/statHtml.do?orgId=101&tblId=DT_1DA7002S&vw_cd=MT_ZTITLE&list_id=&seqNo=&lang_mode=ko&language=kor&obj_var_id=&itm_id=&conn_path=MT_ZTITLE,121-160,2026-08-05T08:45:04.851Z
MCPG-171,C19437,2558,제조업 취업자 1년째 내리막에...‘쉬었음’ 20대 5년 만 최대,2025-07-16,https://www.chosun.com/economy/economy_general/2025/07/16/JJGWFZ2EF5BPZPOLN4O4NQHNLU,"16일 통계청이 발표한 ‘2025년 6월 고용동향’에 따르면, 지난달 15세 이상 취업자는 2909만1000명으로 전년 동월 대비 18만3000명 늘었다.",CHANGE_RATE,3000.0,"['일', '년', '월', '명', '명']",REFUTES,FULL_KOSIS_MCP,Y,Y,N,101,DT_1DA7002S,연령별 경제활동인구 총괄,20,N/A,T30,취업자,20 - 29세,M,202406,202306,3641.9,3777.3,천명,-3.5845709898604845,(MCP current − MCP previous) / |MCP previous| × 100,MCP_ACTUAL_VALUE_CONFIRMED,KOSIS_MCP_GET_DATA,https://kosis.kr/statHtml/statHtml.do?orgId=101&tblId=DT_1DA7002S&vw_cd=MT_ZTITLE&list_id=&seqNo=&lang_mode=ko&language=kor&obj_var_id=&itm_id=&conn_path=MT_ZTITLE,121-160,2026-08-05T08:45:04.851Z
MCPG-172,C19526,2569,"“그냥 쉬었다”는 20대, 5년 새 가장 많아",2025-07-17,https://www.chosun.com/economy/economy_general/2025/07/17/NDNGACBI4RAZJBDEMRKGKVA5KY,하지만 전체 취업자의 15% 이상을 차지하는 취업자 수 1위 업종인 제조업 분야는 전년 동월 대비 8만3000명 줄었다.,CHANGE_RATE,15.0,"['%', '명']",REFUTES,FULL_KOSIS_MCP,Y,Y,N,101,DT_1DA7002S,연령별 경제활동인구 총괄,20,N/A,T30,취업자,20 - 29세,M,202412,202312,3483.9,3678.1,천명,-5.279899948342889,(MCP current − MCP previous) / |MCP previous| × 100,MCP_ACTUAL_VALUE_CONFIRMED,KOSIS_MCP_GET_DATA,https://kosis.kr/statHtml/statHtml.do?orgId=101&tblId=DT_1DA7002S&vw_cd=MT_ZTITLE&list_id=&seqNo=&lang_mode=ko&language=kor&obj_var_id=&itm_id=&conn_path=MT_ZTITLE,121-160,2026-08-05T08:45:04.851Z
MCPG-173,C19911,2633,심각해지는 고용 연령 양극화..30대·60대 빼곤 일자리 ‘총체적 부실’,2025-10-17,https://www.chosun.com/economy/economy_general/2025/10/17/6GLEDGGJMRC6VEZ6IZJO4V7ZMM/,17일 국가데이터처가 발표한 ‘9월 고용동향’에 따르면 지난달 15세 이상 취업자는 2915만4000명으로 전년 동월 대비 31만2000명 증가했다.,CHANGE_RATE,2000.0,"['일', '월', '명', '명']",REFUTES,FULL_KOSIS_MCP,Y,Y,N,101,DT_1DA7002S,연령별 경제활동인구 총괄,30,N/A,T30,취업자,30 - 39세,M,202409,202309,5472.5,5395.1,천명,1.4346351318789203,(MCP current − MCP previous) / |MCP previous| × 100,MCP_ACTUAL_VALUE_CONFIRMED,KOSIS_MCP_GET_DATA,https://kosis.kr/statHtml/statHtml.do?orgId=101&tblId=DT_1DA7002S&vw_cd=MT_ZTITLE&list_id=&seqNo=&lang_mode=ko&language=kor&obj_var_id=&itm_id=&conn_path=MT_ZTITLE,121-160,2026-08-05T08:45:04.851Z
MCPG-174,C19917,2633,심각해지는 고용 연령 양극화..30대·60대 빼곤 일자리 ‘총체적 부실’,2025-10-17,https://www.chosun.com/economy/economy_general/2025/10/17/6GLEDGGJMRC6VEZ6IZJO4V7ZMM/,"특히 50대는 작년까지는 계속해서 매달 취업자 수가 전년대비 증가했는데, 올해 들어 1월부터는 9개월 연속 전년대비 감소하는 모습을 보이고 있다.",CHANGE_RATE,50.0,"['월', '개']",REFUTES,FULL_KOSIS_MCP,Y,Y,N,101,DT_1DA7002S,연령별 경제활동인구 총괄,30,N/A,T30,취업자,30 - 39세,M,202401,202301,5369.6,5284.3,천명,1.6142156955509752,(MCP current − MCP previous) / |MCP previous| × 100,MCP_ACTUAL_VALUE_CONFIRMED,KOSIS_MCP_GET_DATA,https://kosis.kr/statHtml/statHtml.do?orgId=101&tblId=DT_1DA7002S&vw_cd=MT_ZTITLE&list_id=&seqNo=&lang_mode=ko&language=kor&obj_var_id=&itm_id=&conn_path=MT_ZTITLE,121-160,2026-08-05T08:45:04.851Z
MCPG-175,C02016,279,작년 11월 출생아 14.6% 증가...2010년 이후 최대폭,2025-01-22,https://www.chosun.com/economy/economy_general/2025/01/22/HAHTAVPQ75BJXM4GWC4SNRKAZA,혼인은 2012년(-0.6%)부터 2022년(-0.4%)까지 11년 연속 감소하다가 엔데믹 결혼 붐으로 2023년 1% 반등했었다.,CHANGE_RATE,1.0,"['년', '%', '년', '%', '년', '년', '%']",REFUTES,FULL_KOSIS_MCP,Y,Y,N,101,INH_1B8000F_01,출생아수 합계출산율 자연증가 등,11,N/A,T1,인구동태건수 및 동태율 추이,출생아수(명),Y,2023,2022,230028.0,249186.0,명,-7.68823288627772,(MCP current − MCP previous) / |MCP previous| × 100,MCP_ACTUAL_VALUE_CONFIRMED,KOSIS_MCP_GET_DATA,https://kosis.kr/statHtml/statHtml.do?orgId=101&tblId=INH_1B8000F_01&vw_cd=MT_ZTITLE&list_id=&seqNo=&lang_mode=ko&language=kor&obj_var_id=&itm_id=&conn_path=MT_ZTITLE,121-160,2026-08-05T08:45:04.851Z
MCPG-176,C05784,736,작년 출생아 수 9년 만에 추락 멈췄다... 전년 대비 3.6% 늘어,2025-02-26,https://www.chosun.com/economy/economy_general/2025/02/26/5GBKUCD4IZBE7PA33W2SH2256A,출생아 수가 전년 대비 증가한 것은 지난 2015년(3000명) 이후 9년 만이다.,CHANGE_RATE,3000.0,"['년', '명', '년']",REFUTES,FULL_KOSIS_MCP,Y,Y,N,101,INH_1B8000F_01,출생아수 합계출산율 자연증가 등,11,N/A,T1,인구동태건수 및 동태율 추이,출생아수(명),Y,2024,2023,238317.0,230028.0,명,3.6034743596431738,(MCP current − MCP previous) / |MCP previous| × 100,MCP_ACTUAL_VALUE_CONFIRMED,KOSIS_MCP_GET_DATA,https://kosis.kr/statHtml/statHtml.do?orgId=101&tblId=INH_1B8000F_01&vw_cd=MT_ZTITLE&list_id=&seqNo=&lang_mode=ko&language=kor&obj_var_id=&itm_id=&conn_path=MT_ZTITLE,121-160,2026-08-05T08:45:04.851Z
MCPG-177,C05901,749,출산율 9년 만에 반등… “앞으로 7년이 골든타임”,2025-02-27,https://www.chosun.com/economy/economy_general/2025/02/27/JSTSHA6HNJHELOV3RULNHTIZBI,"코로나로 결혼을 미루다 2년 전쯤 뒤늦게 부부가 된 ‘엔데믹(풍토병화) 커플’이 아이를 낳기 시작한 데다, 연간 출생아 수가 70만명대로 늘어난 1990년대 초반생(1991~1995년 출생)들이 결혼해서 아이를 낳는 적령기(여성의 첫아이 출산 연령은 평균 33세)를 맞은 영향이 컸다.",LEVEL,70.0,"['년', '년', '년']",REFUTES,FULL_KOSIS_MCP,Y,Y,N,101,INH_1B8000F_01,출생아수 합계출산율 자연증가 등,30,N/A,T1,인구동태건수 및 동태율 추이,합계출산율(명),Y,2023,N/A,0.721,N/A,명,0.721,MCP current value × source unit scale (1),MCP_ACTUAL_VALUE_CONFIRMED,KOSIS_MCP_GET_DATA,https://kosis.kr/statHtml/statHtml.do?orgId=101&tblId=INH_1B8000F_01&vw_cd=MT_ZTITLE&list_id=&seqNo=&lang_mode=ko&language=kor&obj_var_id=&itm_id=&conn_path=MT_ZTITLE,121-160,2026-08-05T08:45:04.851Z
MCPG-178,C05907,749,출산율 9년 만에 반등… “앞으로 7년이 골든타임”,2025-02-27,https://www.chosun.com/economy/economy_general/2025/02/27/JSTSHA6HNJHELOV3RULNHTIZBI,작년 혼인 건수도 22만2422건에 달해 전년 대비 14.9% 늘었다.,CHANGE_RATE,14.9,"['건', '%']",REFUTES,FULL_KOSIS_MCP,Y,Y,N,101,INH_1B8000F_01,출생아수 합계출산율 자연증가 등,30,N/A,T1,인구동태건수 및 동태율 추이,합계출산율(명),Y,2024,2023,0.748,0.721,명,3.7447988904299616,(MCP current − MCP previous) / |MCP previous| × 100,MCP_ACTUAL_VALUE_CONFIRMED,KOSIS_MCP_GET_DATA,https://kosis.kr/statHtml/statHtml.do?orgId=101&tblId=INH_1B8000F_01&vw_cd=MT_ZTITLE&list_id=&seqNo=&lang_mode=ko&language=kor&obj_var_id=&itm_id=&conn_path=MT_ZTITLE,161-200,2026-08-06T00:35:15.657Z
MCPG-179,C00234,23,정부 “올해 경제성장률 1.8%”… 한은 전망보다 더 낮췄다,2025-01-02,https://www.chosun.com/economy/economy_general/2025/01/02/FWT5PD42TZED7JTIXYCIECCFRE,다만 11월 소매판매는 전년 동월과 비교하면 1.9% 줄어 부진한 흐름을 이어갔다.,LEVEL,1.9,"['월', '%']",REFUTES,FULL_KOSIS_MCP,Y,Y,N,101,DT_1K41012,재별 및 상품군별 소매판매액지수(2020＝100.0),G0,N/A,T2,불변지수,총지수,M,202411,N/A,105.1,N/A,2020＝100,105.1,MCP current value × source unit scale (1),MCP_ACTUAL_VALUE_CONFIRMED,KOSIS_MCP_GET_DATA,https://kosis.kr/statHtml/statHtml.do?orgId=101&tblId=DT_1K41012&vw_cd=MT_ZTITLE&list_id=&seqNo=&lang_mode=ko&language=kor&obj_var_id=&itm_id=&conn_path=MT_ZTITLE,161-200,2026-08-06T00:35:15.660Z
MCPG-180,C01239,173,"2주 남기고 정하는 임시공휴일, 기업들 혼선",2025-01-14,https://www.chosun.com/economy/economy_general/2025/01/14/5M4QGMSUVZFDJMQIRYE7VYC3VU,실제로 내수 부진이 한창이었던 작년 10월은 임시 공휴일(10월 2일) 지정에도 소매 판매액 지수가 전월 대비 0.8% 감소했다.,CHANGE_RATE,0.8,"['월', '월', '일', '%']",REFUTES,FULL_KOSIS_MCP,Y,Y,N,101,DT_1K41012,재별 및 상품군별 소매판매액지수(2020＝100.0),G12,N/A,T2,불변지수,가전제품,M,202410,202409,80.1,81.0,2020＝100,-1.111111111111118,(MCP current − MCP previous) / |MCP previous| × 100,MCP_ACTUAL_VALUE_CONFIRMED,KOSIS_MCP_GET_DATA,https://kosis.kr/statHtml/statHtml.do?orgId=101&tblId=DT_1K41012&vw_cd=MT_ZTITLE&list_id=&seqNo=&lang_mode=ko&language=kor&obj_var_id=&itm_id=&conn_path=MT_ZTITLE,161-200,2026-08-06T00:35:15.660Z
MCPG-181,C01658,224,"간신히 5% 찍은 中 성장률, 올해는 ‘트럼프 관세’ 먹구름",2025-01-18,https://www.chosun.com/economy/economy_general/2025/01/18/47BFYPJXONF7RIF22SP3KAKCFU,반면 소매 판매 증가율은 3.5%로 2023년(7.2%)의 절반에 못 미쳤다.,CHANGE_RATE,7.2,"['%', '년', '%']",REFUTES,FULL_KOSIS_MCP,Y,Y,N,101,DT_1K41012,재별 및 상품군별 소매판매액지수(2020＝100.0),G0,N/A,T2,불변지수,총지수,Y,2023,2022,104.1,105.5,2020＝100,-1.327014218009484,(MCP current − MCP previous) / |MCP previous| × 100,MCP_ACTUAL_VALUE_CONFIRMED,KOSIS_MCP_GET_DATA,https://kosis.kr/statHtml/statHtml.do?orgId=101&tblId=DT_1K41012&vw_cd=MT_ZTITLE&list_id=&seqNo=&lang_mode=ko&language=kor&obj_var_id=&itm_id=&conn_path=MT_ZTITLE,161-200,2026-08-06T00:35:15.660Z
MCPG-182,C03489,440,작년 소매판매 2.2% 줄어... 21년 만에 최대 감소폭,2025-02-03,https://www.chosun.com/economy/economy_general/2025/02/03/Y7UQBA7SO5AJTKSOUUK52DYR34,0 작년 물품 소비에 해당하는 소매 판매가 전년 대비 2.2% 줄어들면서 21년 만에 최대 감소 폭을 기록했다.,CHANGE_RATE,2.2,"['%', '년']",REFUTES,FULL_KOSIS_MCP,Y,Y,N,101,DT_1K41012,재별 및 상품군별 소매판매액지수(2020＝100.0),G12,N/A,T2,불변지수,가전제품,Y,2024,2023,86.1,89.9,2020＝100,-4.226918798665196,(MCP current − MCP previous) / |MCP previous| × 100,MCP_ACTUAL_VALUE_CONFIRMED,KOSIS_MCP_GET_DATA,https://kosis.kr/statHtml/statHtml.do?orgId=101&tblId=DT_1K41012&vw_cd=MT_ZTITLE&list_id=&seqNo=&lang_mode=ko&language=kor&obj_var_id=&itm_id=&conn_path=MT_ZTITLE,161-200,2026-08-06T00:35:15.660Z
MCPG-183,C03504,440,작년 소매판매 2.2% 줄어... 21년 만에 최대 감소폭,2025-02-03,https://www.chosun.com/economy/economy_general/2025/02/03/Y7UQBA7SO5AJTKSOUUK52DYR34,다만 지난달 소매 판매는 0.6% 감소하면서 부진을 이어갔다.,CHANGE_RATE,0.6,['%'],REFUTES,FULL_KOSIS_MCP,Y,Y,N,101,DT_1K41012,재별 및 상품군별 소매판매액지수(2020＝100.0),G0,N/A,T2,불변지수,총지수,M,202501,202412,100.2,106.0,2020＝100,-5.471698113207545,(MCP current − MCP previous) / |MCP previous| × 100,MCP_ACTUAL_VALUE_CONFIRMED,KOSIS_MCP_GET_DATA,https://kosis.kr/statHtml/statHtml.do?orgId=101&tblId=DT_1K41012&vw_cd=MT_ZTITLE&list_id=&seqNo=&lang_mode=ko&language=kor&obj_var_id=&itm_id=&conn_path=MT_ZTITLE,161-200,2026-08-06T00:35:15.660Z
MCPG-184,C03547,448,끝이 안 보이는 내수 부진… 소매 판매 21년 만에 최대 감소,2025-02-04,https://www.chosun.com/economy/economy_general/2025/02/04/54YXZORW2RA5FHIRI552AGTUY4,"3일 통계청이 발표한 ‘2024년 12월 및 연간 산업활동 동향’에 따르면, 작년 연간 소매판매액은 전년보다 2.2% 감소했다.",CHANGE_RATE,2.2,"['일', '년', '월', '%']",REFUTES,FULL_KOSIS_MCP,Y,Y,N,101,DT_1K41012,재별 및 상품군별 소매판매액지수(2020＝100.0),G0,N/A,T2,불변지수,총지수,M,202412,202411,106.0,105.1,2020＝100,0.8563273073263613,(MCP current − MCP previous) / |MCP previous| × 100,MCP_ACTUAL_VALUE_CONFIRMED,KOSIS_MCP_GET_DATA,https://kosis.kr/statHtml/statHtml.do?orgId=101&tblId=DT_1K41012&vw_cd=MT_ZTITLE&list_id=&seqNo=&lang_mode=ko&language=kor&obj_var_id=&itm_id=&conn_path=MT_ZTITLE,161-200,2026-08-06T00:35:15.660Z
MCPG-185,C03549,448,끝이 안 보이는 내수 부진… 소매 판매 21년 만에 최대 감소,2025-02-04,https://www.chosun.com/economy/economy_general/2025/02/04/54YXZORW2RA5FHIRI552AGTUY4,코로나 대유행이 시작된 2020년 0.1% 감소했던 소매판매는 이듬해 5.8% 증가세로 돌아섰었다.,CHANGE_RATE,5.8,"['년', '%', '%']",REFUTES,FULL_KOSIS_MCP,Y,Y,N,101,DT_1K41012,재별 및 상품군별 소매판매액지수(2020＝100.0),G0,N/A,T2,불변지수,총지수,Y,2020,2019,100.0,100.1,2020＝100,-0.09990009990009421,(MCP current − MCP previous) / |MCP previous| × 100,MCP_ACTUAL_VALUE_CONFIRMED,KOSIS_MCP_GET_DATA,https://kosis.kr/statHtml/statHtml.do?orgId=101&tblId=DT_1K41012&vw_cd=MT_ZTITLE&list_id=&seqNo=&lang_mode=ko&language=kor&obj_var_id=&itm_id=&conn_path=MT_ZTITLE,161-200,2026-08-06T00:35:15.661Z
MCPG-186,C03555,448,끝이 안 보이는 내수 부진… 소매 판매 21년 만에 최대 감소,2025-02-04,https://www.chosun.com/economy/economy_general/2025/02/04/54YXZORW2RA5FHIRI552AGTUY4,"작년 12월 소매판매는 전월 대비 0.6% 감소해, 9월(-0.3%·10월(-0.7%)·11월(보합)에 이어 4개월 연속으로 감소하는 흐름을 보였다.",CHANGE_RATE,-0.7,"['월', '%', '월', '%', '월', '%', '월', '개']",REFUTES,FULL_KOSIS_MCP,Y,Y,N,101,DT_1K41012,재별 및 상품군별 소매판매액지수(2020＝100.0),G0,N/A,T2,불변지수,총지수,M,202411,202410,105.1,103.7,2020＝100,1.3500482160077063,(MCP current − MCP previous) / |MCP previous| × 100,MCP_ACTUAL_VALUE_CONFIRMED,KOSIS_MCP_GET_DATA,https://kosis.kr/statHtml/statHtml.do?orgId=101&tblId=DT_1K41012&vw_cd=MT_ZTITLE&list_id=&seqNo=&lang_mode=ko&language=kor&obj_var_id=&itm_id=&conn_path=MT_ZTITLE,161-200,2026-08-06T00:35:15.661Z
MCPG-187,C04755,601,빚 못 갚은 자영업자 중 60대 이상이 가장 많았던 이유,2025-02-16,https://www.chosun.com/economy/economy_general/2025/02/16/JPSR6CUW55HPNKX73PTUAYO4RA,작년 우리나라 소매 판매액은 2.2% 줄어 신용카드 대란 사태가 있던 2003년(-3.2%) 이후 21년 만에 가장 큰 폭으로 줄었다.,CHANGE_RATE,-3.2,"['%', '년', '%', '년']",REFUTES,FULL_KOSIS_MCP,Y,Y,N,101,DT_1K41012,재별 및 상품군별 소매판매액지수(2020＝100.0),G0,N/A,T2,불변지수,총지수,Y,2024,2023,102.1,104.1,2020＝100,-1.921229586935639,(MCP current − MCP previous) / |MCP previous| × 100,MCP_ACTUAL_VALUE_CONFIRMED,KOSIS_MCP_GET_DATA,https://kosis.kr/statHtml/statHtml.do?orgId=101&tblId=DT_1K41012&vw_cd=MT_ZTITLE&list_id=&seqNo=&lang_mode=ko&language=kor&obj_var_id=&itm_id=&conn_path=MT_ZTITLE,161-200,2026-08-06T00:35:15.661Z
MCPG-188,C07771,985,경기 침체로 음식점·유원지 손님 ‘뚝’... 매출 급감,2025-03-17,https://www.chosun.com/economy/economy_general/2025/03/17/MHBMUOYKGBHQFIXQFRTZUVKWYI,◇해안 관광 무너지자 탕·구이용 가리비 가격 반 토막 실제 유원지·놀이공원 서비스업 생산지수는 지난 1월 낙폭이 8.2%에 달해 지난 2021년 1월(-78%) 이후 낙폭이 역대 최대치를 기록했다.,LEVEL,-78.0,"['월', '%', '년', '월', '%']",REFUTES,FULL_KOSIS_MCP,Y,Y,N,101,DT_1KC2020,산업별 서비스업생산지수(2020＝100.0),T,N/A,T1,경상지수,총지수,M,202101,N/A,98.3,N/A,2020＝100,98.3,MCP current value × source unit scale (1),MCP_ACTUAL_VALUE_CONFIRMED,KOSIS_MCP_GET_DATA,https://kosis.kr/statHtml/statHtml.do?orgId=101&tblId=DT_1KC2020&vw_cd=MT_ZTITLE&list_id=&seqNo=&lang_mode=ko&language=kor&obj_var_id=&itm_id=&conn_path=MT_ZTITLE,161-200,2026-08-06T00:35:15.662Z
MCPG-189,C09017,1164,생산·소비·투자 2달 만에 ‘트리플 증가’...설 연휴로 연초 경기 등락 커,2025-03-31,https://www.chosun.com/economy/economy_general/2025/03/31/7OFBJ6XSYZAL3MWER6FBINVWN4,"전자부품(9.1%)과 전기장비(6%) 등 생산이 늘어나면서 제조업 생산이 0.8% 증가했고, 자동차 판매(9.5%) 등 도·소매업(6.5%)과 금융·보험(2.3%) 생산 증가에 힘입어 서비스업 생산도 전월 대비 0.5% 늘었다.",CHANGE_RATE,0.5,"['%', '%', '%', '%', '%', '%', '%']",REFUTES,FULL_KOSIS_MCP,Y,Y,N,101,DT_1KC2020,산업별 서비스업생산지수(2020＝100.0),T,N/A,T1,경상지수,총지수,M,202502,202501,126.9,128.3,2020＝100,-1.091192517537027,(MCP current − MCP previous) / |MCP previous| × 100,MCP_ACTUAL_VALUE_CONFIRMED,KOSIS_MCP_GET_DATA,https://kosis.kr/statHtml/statHtml.do?orgId=101&tblId=DT_1KC2020&vw_cd=MT_ZTITLE&list_id=&seqNo=&lang_mode=ko&language=kor&obj_var_id=&itm_id=&conn_path=MT_ZTITLE,161-200,2026-08-06T00:35:15.662Z
MCPG-190,C14809,1944,3개월만에 생산·소비·투자 ‘트리플 감소’...다시 고개 든 경기 부진,2025-05-30,https://www.chosun.com/economy/economy_general/2025/05/30/DA5UIPBNGBANNJUP4OGVELDMBA,"서비스 소비를 나타내는 서비스업 생산은 도소매 등에서 늘었지만, 전문·과학·기술, 금융·보험 등에서 줄면서 전월보다 0.1% 감소했다.",CHANGE_RATE,0.1,['%'],REFUTES,FULL_KOSIS_MCP,Y,Y,N,101,DT_1KC2020,산업별 서비스업생산지수(2020＝100.0),T,N/A,T1,경상지수,총지수,M,202504,202503,133.9,136.5,2020＝100,-1.9047619047619007,(MCP current − MCP previous) / |MCP previous| × 100,MCP_ACTUAL_VALUE_CONFIRMED,KOSIS_MCP_GET_DATA,https://kosis.kr/statHtml/statHtml.do?orgId=101&tblId=DT_1KC2020&vw_cd=MT_ZTITLE&list_id=&seqNo=&lang_mode=ko&language=kor&obj_var_id=&itm_id=&conn_path=MT_ZTITLE,161-200,2026-08-06T00:35:15.662Z
MCPG-191,C20438,2702,"KDI “소비 회복에 경기 다소 개선”…석 달째 같은 진단, 현실은?",2025-11-09,https://www.chosun.com/economy/economy_general/2025/11/09/PU2BGMNE3JEOBM3XGQRSWQLMP4/,9월 서비스업생산은 전년 동월 대비 6.2% 증가했다.,CHANGE_RATE,6.2,"['월', '%']",REFUTES,FULL_KOSIS_MCP,Y,Y,N,101,DT_1KC2020,산업별 서비스업생산지수(2020＝100.0),T,N/A,T1,경상지수,총지수,M,202409,202309,129.2,128.1,2020＝100,0.8587041373926576,(MCP current − MCP previous) / |MCP previous| × 100,MCP_ACTUAL_VALUE_CONFIRMED,KOSIS_MCP_GET_DATA,https://kosis.kr/statHtml/statHtml.do?orgId=101&tblId=DT_1KC2020&vw_cd=MT_ZTITLE&list_id=&seqNo=&lang_mode=ko&language=kor&obj_var_id=&itm_id=&conn_path=MT_ZTITLE,161-200,2026-08-06T00:35:15.662Z
MCPG-192,C09209,1191,산불 피해 농가에 생계비 120만~187만원 지급...세금 감면·유예도,2025-04-02,https://www.chosun.com/economy/economy_general/2025/04/02/HIHVI4FWMNBMBA7ICNIQLXJRRU,2 정부가 사상 최대 규모의 산림을 불태운 영남권 산불로 피해를 입은 농가들에 대해 피해율이 50% 이상인 경우 생계비와 학자금을 지원하기로 했다.,LEVEL,50.0,['%'],REFUTES,FULL_KOSIS_MCP,Y,Y,N,101,DT_1EA1011,행정구역(시군구)별 농가 농가인구,00,N/A,T00,농가,전국,Y,2024,N/A,973707.0,N/A,가구,973707.0,MCP current value × source unit scale (1),MCP_ACTUAL_VALUE_CONFIRMED,KOSIS_MCP_GET_DATA,https://kosis.kr/statHtml/statHtml.do?orgId=101&tblId=DT_1EA1011&vw_cd=MT_ZTITLE&list_id=&seqNo=&lang_mode=ko&language=kor&obj_var_id=&itm_id=&conn_path=MT_ZTITLE,161-200,2026-08-06T00:35:15.662Z
MCPG-193,C00177,18,반도체 덕에… 지난해 수출 6838억달러 역대 최대,2025-01-02,https://www.chosun.com/economy/economy_general/2025/01/02/6MYGM52QIVHUJBIZYYFBUW5IQM,"작년 한국의 수입액은 전년보다 1.6% 감소한 6320억달러로, 518억달러의 무역 흑자를 기록했다.",CHANGE_RATE,1.6,['%'],REFUTES,FULL_KOSIS_MCP,Y,Y,N,360,DT_1R11001_FRM101,품목별 수출액 수입액,13102112831A.7763,N/A,13103112831T1,수출액,다이오드트랜지스터 기타 이와 유사한 반도체 디바이스,Y,2024,2023,3601287.0,3702260.0,천달러,-2.727334114837964,(MCP current − MCP previous) / |MCP previous| × 100,MCP_ACTUAL_VALUE_CONFIRMED,KOSIS_MCP_GET_DATA,https://kosis.kr/statHtml/statHtml.do?orgId=360&tblId=DT_1R11001_FRM101&vw_cd=MT_ZTITLE&list_id=&seqNo=&lang_mode=ko&language=kor&obj_var_id=&itm_id=&conn_path=MT_ZTITLE,161-200,2026-08-06T00:35:15.662Z
MCPG-194,C00181,18,반도체 덕에… 지난해 수출 6838억달러 역대 최대,2025-01-02,https://www.chosun.com/economy/economy_general/2025/01/02/6MYGM52QIVHUJBIZYYFBUW5IQM,작년 12월 수출은 613억8000만달러로 1년 전 대비 6.6% 늘어 한 달 전(1.4%)에 비해 오름폭을 키웠다.,LEVEL,8000.0,"['월', '년', '%', '%']",REFUTES,FULL_KOSIS_MCP,Y,Y,N,360,DT_1R11001_FRM101,품목별 수출액 수입액,13102112831A.7763,N/A,13103112831T1,수출액,다이오드트랜지스터 기타 이와 유사한 반도체 디바이스,M,202412,N/A,274344.0,N/A,천달러,27434.4,MCP current value × source unit scale (0.1),MCP_ACTUAL_VALUE_CONFIRMED,KOSIS_MCP_GET_DATA,https://kosis.kr/statHtml/statHtml.do?orgId=360&tblId=DT_1R11001_FRM101&vw_cd=MT_ZTITLE&list_id=&seqNo=&lang_mode=ko&language=kor&obj_var_id=&itm_id=&conn_path=MT_ZTITLE,161-200,2026-08-06T00:35:15.662Z
MCPG-195,C00515,57,"“보험사, 올해 경기 불확실성 확대로 인한 유동성 모니터링 강화해야”",2025-01-05,https://www.chosun.com/economy/money/2025/01/05/4RQQJHQPRSPR4FCEJPVQ2FVIJE,연구원은 올해 내수가 완만히 개선되는 가운데 수출 증가세가 둔화하면서 경제성장률은 작년에 비해 다소 하락한 2% 수준이 될 것으로 예상했다.,CHANGE_RATE,2.0,['%'],REFUTES,FULL_KOSIS_MCP,Y,Y,N,360,DT_1R11001_FRM101,품목별 수출액 수입액,13102112831A.A,N/A,13103112831T1,수출액,총액,Y,2024,2023,683609488.0,632225824.0,천달러,8.127422520469521,(MCP current − MCP previous) / |MCP previous| × 100,MCP_ACTUAL_VALUE_CONFIRMED,KOSIS_MCP_GET_DATA,https://kosis.kr/statHtml/statHtml.do?orgId=360&tblId=DT_1R11001_FRM101&vw_cd=MT_ZTITLE&list_id=&seqNo=&lang_mode=ko&language=kor&obj_var_id=&itm_id=&conn_path=MT_ZTITLE,161-200,2026-08-06T00:35:15.662Z
MCPG-196,C00593,70,대중-대미 수출 격차 21년 만 최소...트럼프 2기 미국 수출 1위 올라서나,2025-01-06,https://www.chosun.com/economy/economy_general/2025/01/06/BXDMXSYJWZDNDOGA5VONBDMCWY,특히 지난해 반도체(122.8%)와 자동차(8.2%) 등 주요 품목들의 대미 수출이 활기를 띠면서 중국 뒤를 바짝 따라잡은 것이다.,LEVEL,8.2,"['%', '%']",REFUTES,FULL_KOSIS_MCP,Y,Y,N,360,DT_1R11006_FRM101,국가별 수출액 수입액,13102103829E.US,N/A,13103103829T1,수출액,미국,Y,2024,N/A,127761371.0,N/A,천달러,127761371.0,MCP current value × source unit scale (1),MCP_ACTUAL_VALUE_CONFIRMED,KOSIS_MCP_GET_DATA,https://kosis.kr/statHtml/statHtml.do?orgId=360&tblId=DT_1R11006_FRM101&vw_cd=MT_ZTITLE&list_id=&seqNo=&lang_mode=ko&language=kor&obj_var_id=&itm_id=&conn_path=MT_ZTITLE,161-200,2026-08-06T00:35:15.662Z
MCPG-197,C00688,81,"테슬라 Y, 벤츠·BMW 제쳐… 2년 연속 최고 인기 수입차",2025-01-07,https://www.chosun.com/economy/auto/2025/01/07/LZQVWHYSWNHDFOXAWZNALC57BY,전체 수입차 판매는 2023년(27만1034대)보다 2.9% 감소한 26만3288대에 그쳤다.,CHANGE_RATE,2.9,"['년', '%']",REFUTES,FULL_KOSIS_MCP,Y,Y,N,360,DT_1R11001_FRM101,품목별 수출액 수입액,13102112831A.A,N/A,13103112831T2,수입액,총액,Y,2023,2022,642572126.0,731369657.0,천달러,-12.14126538476288,(MCP current − MCP previous) / |MCP previous| × 100,MCP_ACTUAL_VALUE_CONFIRMED,KOSIS_MCP_GET_DATA,https://kosis.kr/statHtml/statHtml.do?orgId=360&tblId=DT_1R11001_FRM101&vw_cd=MT_ZTITLE&list_id=&seqNo=&lang_mode=ko&language=kor&obj_var_id=&itm_id=&conn_path=MT_ZTITLE,161-200,2026-08-06T00:35:15.662Z
MCPG-198,C00811,103,라면·냉동 김밥… K푸드 수출 1위는 미국,2025-01-08,https://www.chosun.com/economy/economy_general/2025/01/08/OCB6UW6X6NHHJAWKHI34GRQSBI,"7일 농림축산식품부에 따르면, 지난해 K푸드+ 수출액은 130억3000만달러로 1년 전보다 6.1% 증가한 역대 최고치를 기록했다.",CHANGE_RATE,6.1,"['일', '년', '%']",REFUTES,FULL_KOSIS_MCP,Y,Y,N,360,DT_1R11006_FRM101,국가별 수출액 수입액,13102103829E.US,N/A,13103103829T1,수출액,미국,Y,2024,2023,127761371.0,115696334.0,천달러,10.428192997022705,(MCP current − MCP previous) / |MCP previous| × 100,MCP_ACTUAL_VALUE_CONFIRMED,KOSIS_MCP_GET_DATA,https://kosis.kr/statHtml/statHtml.do?orgId=360&tblId=DT_1R11006_FRM101&vw_cd=MT_ZTITLE&list_id=&seqNo=&lang_mode=ko&language=kor&obj_var_id=&itm_id=&conn_path=MT_ZTITLE,161-200,2026-08-06T00:35:15.662Z
MCPG-199,C01335,185,"수입차 시장, IMF 이후 처음 2년 연속 역성장",2025-01-15,https://www.chosun.com/economy/auto/2025/01/15/MS2YWXFVJVFGVKZPZIJZ6DXAAU,"2023년에도 전년 대비 수입차 판매량이 4.4％ 줄었는데, 2년 연속 줄어든 것이다.",CHANGE_RATE,4.4,"['년', '년']",REFUTES,FULL_KOSIS_MCP,Y,Y,N,360,DT_1R11001_FRM101,품목별 수출액 수입액,13102112831A.A,N/A,13103112831T2,수입액,총액,Y,2024,2023,631767209.0,642572126.0,천달러,-1.6815103803615659,(MCP current − MCP previous) / |MCP previous| × 100,MCP_ACTUAL_VALUE_CONFIRMED,KOSIS_MCP_GET_DATA,https://kosis.kr/statHtml/statHtml.do?orgId=360&tblId=DT_1R11001_FRM101&vw_cd=MT_ZTITLE&list_id=&seqNo=&lang_mode=ko&language=kor&obj_var_id=&itm_id=&conn_path=MT_ZTITLE,161-200,2026-08-06T00:35:15.662Z
MCPG-200,C01341,186,"현대차·기아, 친환경車 수출… 작년 70만대 넘어 ‘역대 최다’",2025-01-15,https://www.chosun.com/economy/auto/2025/01/15/PDBPQYU6K5F2ZBE6G2Z2LNEZQI,하이브리드차 수출은 전년 대비 44.6% 증가한 39만7200대로 전체 친환경차 수출의 56.1%를 차지했다.,CHANGE_RATE,56.1,"['%', '%']",REFUTES,FULL_KOSIS_MCP,Y,Y,N,360,DT_1R11001_FRM101,품목별 수출액 수입액,13102112831A.A,N/A,13103112831T1,수출액,총액,Y,2024,2023,683609488.0,632225824.0,천달러,8.127422520469521,(MCP current − MCP previous) / |MCP previous| × 100,MCP_ACTUAL_VALUE_CONFIRMED,KOSIS_MCP_GET_DATA,https://kosis.kr/statHtml/statHtml.do?orgId=360&tblId=DT_1R11001_FRM101&vw_cd=MT_ZTITLE&list_id=&seqNo=&lang_mode=ko&language=kor&obj_var_id=&itm_id=&conn_path=MT_ZTITLE,161-200,2026-08-06T00:35:15.662Z
