claim_id,claim_measurement_id,article_id,title,date,url,claim_text,prev_sentence,next_sentence,claim_domain_scope,is_recurring_series,metric_domain,indicator,keywords,region,age_group,gender,industry_or_item,population_etc,origin_country,destination_country,period,period_end,prd_se,time_resolution_status,measurement_text,measurement_usage,measurement_source,measurement_indicator,measurement_item,measurement_period,measurement_prd_se,measurement_binding_source,measurement_role,value,value_min,value_max,value_approximate,unit,value_type,direction,change_base,evidence_text,extraction_confidence,needs_review,review_reason,measurement_repaired,measurement_fallback_count,measurement_binding_fallback_count,extraction_model,prompt_version,extracted_at,claim_indicator,claim_industry_or_item,claim_period,claim_prd_se,raw_measurement_period,period_alignment_status,raw_unit,canonical_unit,unit_dimension,semantic_type,entity_type,comparison_period,mapping_eligible,in_ready,mapping_exclusion_code,mapping_exclusion_reason,mapping_gate,mapping_gate_reason,enrichment_actions,item_ungrounded,dropped_item,period_span_start,period_span_end,period_aggregation,scope_gate_code,scope_gate_reason,scope_gate_severity,scope_gate_blocked,mapping_type,obj_target_terms,retrieval_fallback_code,retrieval_fallback_reason,indicator_fallback_source,unit_dimension_hypotheses,derived_computation_required,verification_review_required,verification_review_reason,allowed_mapping_types
A0002-SPE8A529CB50,A0002-SPE8A529CB50-m1,A0002,"폴크스바겐, 전기차 정보 부실 관리 논란",2025-01-01,https://www.chosun.com/economy/auto/2025/01/01/S7LNVYUONNHU3KF3WJWFZZ3NVE,전기차 전환에 뒤처지며 창사 87년 만에 처음으로 독일 자국 내 공장 폐쇄에 나선 폴크스바겐이 이번엔 전기차 약 80만대의 운행 데이터와 소유주 정보를 온라인에서 부실 관리했다는 논란에 휩싸였다.,-,전기차에 이어 미래 자동차의 핵심인 소프트웨어 관리에서도 약점을 드러냈다는 지적이 나온다.,개별기업,N,기타,,"폴크스바겐, 전기차, 운행 데이터, 소유주 정보, 부실 관리, 논란",-,,,전기차,-,-,-,,-,,확정,창사 87년 만에 처음으로,CONTEXT,hcx,-,전기차,-,-,hcx,참고값,87,-,-,N,년,수준값,-,,전기차 전환에 뒤처지며 창사 87년 만에 처음으로 독일 자국 내 공장 폐쇄에 나선 폴크스바겐이 이번엔 전기차 약 80만대의 운행 데이터와 소유주 정보를 온라인에서 부실 관리했다는 논란에 휩싸였다.,high,N,-,N,0,0,HCX-007,v1.6-early-kosis-context,2026-07-30,,전기차,,,,,년,년,duration,condition,item,,N,N,NOT_KOSIS_VALUE,measurement_usage=CONTEXT,REJECT,NOT_KOSIS_VALUE,,N,,,,,DECLARED_SINGLE_COMPANY,claim_domain_scope=개별기업: 개별기업 수치는 KOSIS 산업 집계와 다름,REJECT,Y,direct,,,,,duration,N,N,,
A0002-SPE8A529CB50,A0002-SPE8A529CB50-m2,A0002,"폴크스바겐, 전기차 정보 부실 관리 논란",2025-01-01,https://www.chosun.com/economy/auto/2025/01/01/S7LNVYUONNHU3KF3WJWFZZ3NVE,전기차 전환에 뒤처지며 창사 87년 만에 처음으로 독일 자국 내 공장 폐쇄에 나선 폴크스바겐이 이번엔 전기차 약 80만대의 운행 데이터와 소유주 정보를 온라인에서 부실 관리했다는 논란에 휩싸였다.,-,전기차에 이어 미래 자동차의 핵심인 소프트웨어 관리에서도 약점을 드러냈다는 지적이 나온다.,개별기업,N,기타,운행 데이터와 소유주 정보의 수량,"폴크스바겐, 전기차, 운행 데이터, 소유주 정보, 부실 관리, 논란",-,,,전기차,-,-,-,,-,,확정,전기차 약 80만대,KOSIS_VALUE,hcx,운행 데이터와 소유주 정보의 수량,전기차,-,-,hcx,현재값,800000,-,-,Y,대,수준값,-,,전기차 전환에 뒤처지며 창사 87년 만에 처음으로 독일 자국 내 공장 폐쇄에 나선 폴크스바겐이 이번엔 전기차 약 80만대의 운행 데이터와 소유주 정보를 온라인에서 부실 관리했다는 논란에 휩싸였다.,high,N,-,N,0,0,HCX-007,v1.6-early-kosis-context,2026-07-30,,전기차,,,,,대,대,count,count,item,,N,N,OUT_OF_KOSIS_SCOPE,claim_domain_scope=개별기업,REJECT,OUT_OF_KOSIS_SCOPE,,N,,,,,DECLARED_SINGLE_COMPANY,claim_domain_scope=개별기업: 개별기업 수치는 KOSIS 산업 집계와 다름,REJECT,Y,direct,,,,,count,N,N,,
A0002-SPE761C6732E,A0002-SPE761C6732E-m1,A0002,"폴크스바겐, 전기차 정보 부실 관리 논란",2025-01-01,https://www.chosun.com/economy/auto/2025/01/01/S7LNVYUONNHU3KF3WJWFZZ3NVE,"지난달 31일 독일 슈피겔 등 외신에 따르면, 폴크스바겐과 아우디, 세아트, 스코다 등 폴크스바겐그룹 전기차 80만대에서 수집한 수 테라바이트 규모 데이터가 지난 몇 달간 암호화되지 않은 채로 아마존 클라우드에 방치됐던 것으로 나타났다.",다만 회사 측은 “차량 소유주의 개인 정보가 외부로 유출된 흔적은 나오지 않았다”고 밝혔다.,"전기차가 어디에서 어디로 향했는지, 얼마나 머물렀는지와 같은 주행 데이터를 비롯해 운전자의 이메일, 전화번호, 주소 등의 정보다.",개별기업,N,기타,전기차 데이터 노출 대수,전기차;폴크스바겐;아우디;세아트;스코다;,독일,,,전기차,-,-,-,,-,,확정,80만대,KOSIS_VALUE,hcx,전기차 데이터 노출 대수,전기차,-,-,hcx,현재값,800000,-,-,N,대,수준값,-,전년,"폴크스바겐과 아우디, 세아트, 스코다 등 폴크스바겐그룹 전기차 80만대에서 수집한 수 테라바이트 규모 데이터가 지난 몇 달간 암호화되지 않은 채로 아마존 클라우드에 방치됐던 것으로 나타났다.",high,Y,measurement_period_ungrounded:1,Y,0,0,HCX-007,v1.6-early-kosis-context,2026-07-30,전기차 데이터 노출 건수,자동차,202501,M,,,대,대,count,count,item,,N,N,OUT_OF_KOSIS_SCOPE,claim_domain_scope=개별기업,REJECT,OUT_OF_KOSIS_SCOPE,,N,,,,,DECLARED_SINGLE_COMPANY,claim_domain_scope=개별기업: 개별기업 수치는 KOSIS 산업 집계와 다름,REJECT,Y,direct,,,,,count,N,N,,
A0003-SP557627F275,A0003-SP557627F275-m1,A0003,최저임금 1만30원으로 인상… 육아휴직 급여 최대 월 250만원,2025-01-01,https://www.chosun.com/economy/economy_general/2025/01/01/ADO7O3Q4WJBCJAX6UUEY4MSBV4,"1 ◇노동·복지·가정 못 받은 양육비, 정부가 선지급… 국가 검진에 C형 간염도 포함 ▲ 최저임금 시간당 1만30원 =최저임금이 시간당 9860원에서 1만30원으로 1.7% 인상된다.",-,주 근로시간 40시간을 기준으로 환산한 월급은 209만6270원이다.,국내공식통계,Y,소득·임금,최저임금,"최저임금, 시간당, 인상, 육아휴직, 급여",-,,,,-,-,-,2025,-,Y,확정,1만30원,POLICY_VALUE,hcx,최저임금,-,2025,Y,hcx,현재값,10030,-,-,N,원,수준값,증가,전년,▲ 최저임금 시간당 1만30원 =최저임금이 시간당 9860원에서 1만30원으로 1.7% 인상된다.,high,Y,measurement_binding_fallback:1;measurement_period_ungrounded:1,N,0,1,HCX-007,v1.6-early-kosis-context,2026-07-30,최저임금,,2025,Y,2025,,원,원,currency,amount,unspecified,,N,N,NOT_KOSIS_VALUE,measurement_usage=POLICY_VALUE,REJECT,NOT_KOSIS_VALUE,,N,,,,,,,,N,direct,,,,,currency,N,N,,
A0003-SP557627F275,A0003-SP557627F275-m2,A0003,최저임금 1만30원으로 인상… 육아휴직 급여 최대 월 250만원,2025-01-01,https://www.chosun.com/economy/economy_general/2025/01/01/ADO7O3Q4WJBCJAX6UUEY4MSBV4,"1 ◇노동·복지·가정 못 받은 양육비, 정부가 선지급… 국가 검진에 C형 간염도 포함 ▲ 최저임금 시간당 1만30원 =최저임금이 시간당 9860원에서 1만30원으로 1.7% 인상된다.",-,주 근로시간 40시간을 기준으로 환산한 월급은 209만6270원이다.,국내공식통계,Y,소득·임금,최저임금,"최저임금, 시간당, 인상, 육아휴직, 급여",-,,,,-,-,-,2025,-,Y,확정,9860원,POLICY_VALUE,hcx,최저임금,-,2025,Y,claim_fallback,이전값,9860,-,-,N,원,수준값,증가,전년,▲ 최저임금 시간당 1만30원 =최저임금이 시간당 9860원에서 1만30원으로 1.7% 인상된다.,high,Y,measurement_binding_fallback:1;measurement_period_ungrounded:1,N,0,1,HCX-007,v1.6-early-kosis-context,2026-07-30,최저임금,,2025,Y,2025,,원,원,currency,amount,unspecified,,N,N,NOT_KOSIS_VALUE,measurement_usage=POLICY_VALUE,REJECT,NOT_KOSIS_VALUE,,N,,,,,DERIVED_DIFFERENCE,문장 내 1과 9860의 차이(9859)와 일치 — 파생 차액,REJECT,Y,direct,,,,,currency,N,N,,
A0003-SP557627F275,A0003-SP557627F275-m3,A0003,최저임금 1만30원으로 인상… 육아휴직 급여 최대 월 250만원,2025-01-01,https://www.chosun.com/economy/economy_general/2025/01/01/ADO7O3Q4WJBCJAX6UUEY4MSBV4,"1 ◇노동·복지·가정 못 받은 양육비, 정부가 선지급… 국가 검진에 C형 간염도 포함 ▲ 최저임금 시간당 1만30원 =최저임금이 시간당 9860원에서 1만30원으로 1.7% 인상된다.",-,주 근로시간 40시간을 기준으로 환산한 월급은 209만6270원이다.,국내공식통계,Y,소득·임금,최저임금 인상률,"최저임금, 시간당, 인상, 육아휴직, 급여",-,,,,-,-,-,2025,-,Y,확정,1.7%,POLICY_VALUE,hcx,최저임금 인상률,-,2025,Y,hcx,증감률,1.7,-,-,N,%,증감률,증가,전년,▲ 최저임금 시간당 1만30원 =최저임금이 시간당 9860원에서 1만30원으로 1.7% 인상된다.,high,Y,measurement_binding_fallback:1;measurement_period_ungrounded:1,N,0,1,HCX-007,v1.6-early-kosis-context,2026-07-30,최저임금,,2025,Y,2025,,%,%,rate,rate_change,unspecified,2024,N,N,NOT_KOSIS_VALUE,measurement_usage=POLICY_VALUE,REJECT,NOT_KOSIS_VALUE,,N,,,,,,,,N,direct,,,,,rate,N,N,,
A0003-SP35D2D763B2,A0003-SP35D2D763B2-m1,A0003,최저임금 1만30원으로 인상… 육아휴직 급여 최대 월 250만원,2025-01-01,https://www.chosun.com/economy/economy_general/2025/01/01/ADO7O3Q4WJBCJAX6UUEY4MSBV4,주 근로시간 40시간을 기준으로 환산한 월급은 209만6270원이다.,"1 ◇노동·복지·가정 못 받은 양육비, 정부가 선지급… 국가 검진에 C형 간염도 포함 ▲ 최저임금 시간당 1만30원 =최저임금이 시간당 9860원에서 1만30원으로 1.7% 인상된다.","매월 지급하는 상여금과 식비, 교통비, 숙박비 등 복리후생비도 최저임금에 전부 산입한다.",국내공식통계,N,소득·임금,최저임금 월급,"최저임금, 시간당, 월급, 근로시간, 육아휴직, 급여",-,,,,-,-,-,2025,-,Y,확정,209만6270원,POLICY_VALUE,hcx,최저임금 월급,-,2025,Y,claim_fallback,현재값,2096270,-,-,N,원,수준값,유지,전년,[검증 대상 문장] 주 근로시간 40시간을 기준으로 환산한 월급은 209만6270원이다.,high,Y,measurement_binding_fallback:2;measurement_period_ungrounded:2,N,0,2,HCX-007,v1.6-early-kosis-context,2026-07-30,최저임금 월급,,2025,Y,2025,,원,원,currency,amount,unspecified,,N,N,NOT_KOSIS_VALUE,measurement_usage=POLICY_VALUE,REJECT,NOT_KOSIS_VALUE,,N,,,,,,,,N,direct,,,,,currency,N,N,,
A0003-SP35D2D763B2,A0003-SP35D2D763B2-m2,A0003,최저임금 1만30원으로 인상… 육아휴직 급여 최대 월 250만원,2025-01-01,https://www.chosun.com/economy/economy_general/2025/01/01/ADO7O3Q4WJBCJAX6UUEY4MSBV4,주 근로시간 40시간을 기준으로 환산한 월급은 209만6270원이다.,"1 ◇노동·복지·가정 못 받은 양육비, 정부가 선지급… 국가 검진에 C형 간염도 포함 ▲ 최저임금 시간당 1만30원 =최저임금이 시간당 9860원에서 1만30원으로 1.7% 인상된다.","매월 지급하는 상여금과 식비, 교통비, 숙박비 등 복리후생비도 최저임금에 전부 산입한다.",국내공식통계,N,소득·임금,주 근로시간,"최저임금, 시간당, 월급, 근로시간, 육아휴직, 급여",-,,,,-,-,-,2025,-,Y,확정,40시간,CONDITION,hcx,주 근로시간,-,2025,Y,claim_fallback,참고값,40,-,-,N,시간,수준값,유지,전년,[검증 대상 문장] 주 근로시간 40시간을 기준으로 환산한 월급은 209만6270원이다.,high,Y,measurement_binding_fallback:2;measurement_period_ungrounded:2,N,0,2,HCX-007,v1.6-early-kosis-context,2026-07-30,최저임금 월급,,2025,Y,2025,,시간,시간,duration,condition,unspecified,,N,N,NOT_KOSIS_VALUE,measurement_usage=CONDITION,REJECT,NOT_KOSIS_VALUE,,N,,,,,,,,N,direct,,,,,duration,N,N,,
A0003-SP0DA2C86560,A0003-SP0DA2C86560-m1,A0003,최저임금 1만30원으로 인상… 육아휴직 급여 최대 월 250만원,2025-01-01,https://www.chosun.com/economy/economy_general/2025/01/01/ADO7O3Q4WJBCJAX6UUEY4MSBV4,▲ 육아휴직 급여 인상 =월 150만원 이내에서 통상 임금의 80%를 지급하던 육아휴직 급여가 휴직 첫 3개월 동안 월 250만원 한도에서 통상 임금의 100%로 늘어난다.,또 육아휴직을 필요에 따라 네 번에 나눠 쓸 수 있게 된다.,"이후 3개월은 월 200만원 한도로 통상 임금의 100%를, 7개월째부터는 월 160만원 한도로 통상 임금의 80%를 지급한다.",해외통계·정책,N,보건·복지,육아휴직 급여 상한,"육아휴직, 급여, 최저임금, 인상, 최대 월 250만원",-,,,,-,-,-,,-,,확정,150만원,POLICY_VALUE,hcx,육아휴직 급여 상한,-,-,-,hcx,현재값,1500000,-,-,N,원,수준값,증가,전년,▲ 육아휴직 급여 인상 =월 150만원 이내에서 통상 임금의 80%를 지급하던 육아휴직 급여가 휴직 첫 3개월 동안 월 250만원 한도에서 통상 임금의 100%로 늘어난다.,high,N,-,N,0,0,HCX-007,v1.6-early-kosis-context,2026-07-30,육아휴직 급여,,,,,,원,원,currency,amount,unspecified,,N,N,NOT_KOSIS_VALUE,measurement_usage=POLICY_VALUE,REJECT,NOT_KOSIS_VALUE,,N,,,,,POLICY_PARAMETER,제도 규정값(한도)은 통계 수치가 아님,REJECT,Y,direct,,,,,currency,N,N,,
A0003-SP0DA2C86560,A0003-SP0DA2C86560-m2,A0003,최저임금 1만30원으로 인상… 육아휴직 급여 최대 월 250만원,2025-01-01,https://www.chosun.com/economy/economy_general/2025/01/01/ADO7O3Q4WJBCJAX6UUEY4MSBV4,▲ 육아휴직 급여 인상 =월 150만원 이내에서 통상 임금의 80%를 지급하던 육아휴직 급여가 휴직 첫 3개월 동안 월 250만원 한도에서 통상 임금의 100%로 늘어난다.,또 육아휴직을 필요에 따라 네 번에 나눠 쓸 수 있게 된다.,"이후 3개월은 월 200만원 한도로 통상 임금의 100%를, 7개월째부터는 월 160만원 한도로 통상 임금의 80%를 지급한다.",해외통계·정책,N,보건·복지,육아휴직 급여 지급 비율,"육아휴직, 급여, 최저임금, 인상, 최대 월 250만원",-,,,,-,-,-,,-,,확정,80%,POLICY_VALUE,hcx,육아휴직 급여 지급 비율,-,-,-,hcx,증감률,80,-,-,N,%,증감률,증가,전년,▲ 육아휴직 급여 인상 =월 150만원 이내에서 통상 임금의 80%를 지급하던 육아휴직 급여가 휴직 첫 3개월 동안 월 250만원 한도에서 통상 임금의 100%로 늘어난다.,high,N,-,N,0,0,HCX-007,v1.6-early-kosis-context,2026-07-30,육아휴직 급여,,,,,CHANGE_RATE_FROM_TEXT,%,%,rate,rate_change,unspecified,,N,N,NOT_KOSIS_VALUE,measurement_usage=POLICY_VALUE,REJECT,NOT_KOSIS_VALUE,,N,,,,,POLICY_PARAMETER,제도 규정값(한도)은 통계 수치가 아님,REJECT,Y,direct,,,,,rate,N,N,,
A0003-SP0DA2C86560,A0003-SP0DA2C86560-m3,A0003,최저임금 1만30원으로 인상… 육아휴직 급여 최대 월 250만원,2025-01-01,https://www.chosun.com/economy/economy_general/2025/01/01/ADO7O3Q4WJBCJAX6UUEY4MSBV4,▲ 육아휴직 급여 인상 =월 150만원 이내에서 통상 임금의 80%를 지급하던 육아휴직 급여가 휴직 첫 3개월 동안 월 250만원 한도에서 통상 임금의 100%로 늘어난다.,또 육아휴직을 필요에 따라 네 번에 나눠 쓸 수 있게 된다.,"이후 3개월은 월 200만원 한도로 통상 임금의 100%를, 7개월째부터는 월 160만원 한도로 통상 임금의 80%를 지급한다.",해외통계·정책,N,보건·복지,육아휴직 기간,"육아휴직, 급여, 최저임금, 인상, 최대 월 250만원",-,,,,-,-,-,,-,,확정,3개월,CONDITION,hcx,육아휴직 기간,-,-,-,hcx,참고값,3,-,-,N,개월,수준값,증가,전년,▲ 육아휴직 급여 인상 =월 150만원 이내에서 통상 임금의 80%를 지급하던 육아휴직 급여가 휴직 첫 3개월 동안 월 250만원 한도에서 통상 임금의 100%로 늘어난다.,high,N,-,N,0,0,HCX-007,v1.6-early-kosis-context,2026-07-30,육아휴직 급여,,,,,,개월,개월,duration,condition,unspecified,,N,N,NOT_KOSIS_VALUE,measurement_usage=CONDITION,REJECT,NOT_KOSIS_VALUE,,N,,,,,POLICY_PARAMETER,제도 규정값(한도)은 통계 수치가 아님,REJECT,Y,direct,,,,,duration,N,N,,
A0003-SP0DA2C86560,A0003-SP0DA2C86560-m4,A0003,최저임금 1만30원으로 인상… 육아휴직 급여 최대 월 250만원,2025-01-01,https://www.chosun.com/economy/economy_general/2025/01/01/ADO7O3Q4WJBCJAX6UUEY4MSBV4,▲ 육아휴직 급여 인상 =월 150만원 이내에서 통상 임금의 80%를 지급하던 육아휴직 급여가 휴직 첫 3개월 동안 월 250만원 한도에서 통상 임금의 100%로 늘어난다.,또 육아휴직을 필요에 따라 네 번에 나눠 쓸 수 있게 된다.,"이후 3개월은 월 200만원 한도로 통상 임금의 100%를, 7개월째부터는 월 160만원 한도로 통상 임금의 80%를 지급한다.",해외통계·정책,N,보건·복지,육아휴직 급여 상한,"육아휴직, 급여, 최저임금, 인상, 최대 월 250만원",-,,,,-,-,-,,-,,확정,250만원,POLICY_VALUE,hcx,육아휴직 급여 상한,-,-,-,hcx,현재값,2500000,-,-,N,원,수준값,증가,전년,▲ 육아휴직 급여 인상 =월 150만원 이내에서 통상 임금의 80%를 지급하던 육아휴직 급여가 휴직 첫 3개월 동안 월 250만원 한도에서 통상 임금의 100%로 늘어난다.,high,N,-,N,0,0,HCX-007,v1.6-early-kosis-context,2026-07-30,육아휴직 급여,,,,,,원,원,currency,amount,unspecified,,N,N,NOT_KOSIS_VALUE,measurement_usage=POLICY_VALUE,REJECT,NOT_KOSIS_VALUE,,N,,,,,POLICY_PARAMETER,제도 규정값(한도)은 통계 수치가 아님,REJECT,Y,direct,,,,,currency,N,N,,
A0003-SP0DA2C86560,A0003-SP0DA2C86560-m5,A0003,최저임금 1만30원으로 인상… 육아휴직 급여 최대 월 250만원,2025-01-01,https://www.chosun.com/economy/economy_general/2025/01/01/ADO7O3Q4WJBCJAX6UUEY4MSBV4,▲ 육아휴직 급여 인상 =월 150만원 이내에서 통상 임금의 80%를 지급하던 육아휴직 급여가 휴직 첫 3개월 동안 월 250만원 한도에서 통상 임금의 100%로 늘어난다.,또 육아휴직을 필요에 따라 네 번에 나눠 쓸 수 있게 된다.,"이후 3개월은 월 200만원 한도로 통상 임금의 100%를, 7개월째부터는 월 160만원 한도로 통상 임금의 80%를 지급한다.",해외통계·정책,N,보건·복지,육아휴직 급여 지급 비율,"육아휴직, 급여, 최저임금, 인상, 최대 월 250만원",-,,,,-,-,-,,-,,확정,100%,POLICY_VALUE,hcx,육아휴직 급여 지급 비율,-,-,-,hcx,증감률,100,-,-,N,%,증감률,증가,전년,▲ 육아휴직 급여 인상 =월 150만원 이내에서 통상 임금의 80%를 지급하던 육아휴직 급여가 휴직 첫 3개월 동안 월 250만원 한도에서 통상 임금의 100%로 늘어난다.,high,N,-,N,0,0,HCX-007,v1.6-early-kosis-context,2026-07-30,육아휴직 급여,,,,,CHANGE_RATE_FROM_TEXT,%,%,rate,rate_change,unspecified,,N,N,NOT_KOSIS_VALUE,measurement_usage=POLICY_VALUE,REJECT,NOT_KOSIS_VALUE,,N,,,,,POLICY_PARAMETER,제도 규정값(한도)은 통계 수치가 아님,REJECT,Y,direct,,,,,rate,N,N,,
A0003-SPC676C4DB14,A0003-SPC676C4DB14-m1,A0003,최저임금 1만30원으로 인상… 육아휴직 급여 최대 월 250만원,2025-01-01,https://www.chosun.com/economy/economy_general/2025/01/01/ADO7O3Q4WJBCJAX6UUEY4MSBV4,"이후 3개월은 월 200만원 한도로 통상 임금의 100%를, 7개월째부터는 월 160만원 한도로 통상 임금의 80%를 지급한다.",▲ 육아휴직 급여 인상 =월 150만원 이내에서 통상 임금의 80%를 지급하던 육아휴직 급여가 휴직 첫 3개월 동안 월 250만원 한도에서 통상 임금의 100%로 늘어난다.,1년간 받을 수 있는 육아휴직 급여는 최대 1800만원에서 2310만원으로 오른다.,해외통계·정책,N,보건·복지,육아휴직 급여,"육아휴직, 급여, 최저임금, 인상, 최대 월 250만원",-,,,,-,-,-,2025,-,Y,확정,200만원,POLICY_VALUE,hcx,육아휴직 급여,-,2025,Y,hcx,현재값,2000000,-,-,N,원,수준값,-,전년,"[검증 대상 문장] 이후 3개월은 월 200만원 한도로 통상 임금의 100%를, 7개월째부터는 월 160만원 한도로 통상 임금의 80%를 지급한다.",high,N,-,Y,0,0,HCX-007,v1.6-early-kosis-context,2026-07-30,육아휴직 급여,,2025,Y,2025,,원,원,currency,amount,unspecified,,N,N,NOT_KOSIS_VALUE,measurement_usage=POLICY_VALUE,REJECT,NOT_KOSIS_VALUE,,N,,,,,POLICY_PARAMETER,제도 규정값(한도)은 통계 수치가 아님,REJECT,Y,direct,,,,,currency,N,N,,
A0003-SPC676C4DB14,A0003-SPC676C4DB14-m2,A0003,최저임금 1만30원으로 인상… 육아휴직 급여 최대 월 250만원,2025-01-01,https://www.chosun.com/economy/economy_general/2025/01/01/ADO7O3Q4WJBCJAX6UUEY4MSBV4,"이후 3개월은 월 200만원 한도로 통상 임금의 100%를, 7개월째부터는 월 160만원 한도로 통상 임금의 80%를 지급한다.",▲ 육아휴직 급여 인상 =월 150만원 이내에서 통상 임금의 80%를 지급하던 육아휴직 급여가 휴직 첫 3개월 동안 월 250만원 한도에서 통상 임금의 100%로 늘어난다.,1년간 받을 수 있는 육아휴직 급여는 최대 1800만원에서 2310만원으로 오른다.,해외통계·정책,N,보건·복지,통상 임금의 비율,"육아휴직, 급여, 최저임금, 인상, 최대 월 250만원",-,,,,-,-,-,2025,-,Y,확정,100%,POLICY_VALUE,hcx,통상 임금의 비율,-,2025,Y,hcx,목표값,100,-,-,N,%,비중,-,전년,"[검증 대상 문장] 이후 3개월은 월 200만원 한도로 통상 임금의 100%를, 7개월째부터는 월 160만원 한도로 통상 임금의 80%를 지급한다.",high,N,-,Y,0,0,HCX-007,v1.6-early-kosis-context,2026-07-30,육아휴직 급여,,2025,Y,2025,,%,%,rate,rate_level,unspecified,,N,N,NOT_KOSIS_VALUE,measurement_usage=POLICY_VALUE,REJECT,NOT_KOSIS_VALUE,,N,,,,,POLICY_PARAMETER,제도 규정값(한도)은 통계 수치가 아님,REJECT,Y,direct,,,,,rate,N,N,,
A0003-SPC676C4DB14,A0003-SPC676C4DB14-m3,A0003,최저임금 1만30원으로 인상… 육아휴직 급여 최대 월 250만원,2025-01-01,https://www.chosun.com/economy/economy_general/2025/01/01/ADO7O3Q4WJBCJAX6UUEY4MSBV4,"이후 3개월은 월 200만원 한도로 통상 임금의 100%를, 7개월째부터는 월 160만원 한도로 통상 임금의 80%를 지급한다.",▲ 육아휴직 급여 인상 =월 150만원 이내에서 통상 임금의 80%를 지급하던 육아휴직 급여가 휴직 첫 3개월 동안 월 250만원 한도에서 통상 임금의 100%로 늘어난다.,1년간 받을 수 있는 육아휴직 급여는 최대 1800만원에서 2310만원으로 오른다.,해외통계·정책,N,보건·복지,육아휴직 기간,"육아휴직, 급여, 최저임금, 인상, 최대 월 250만원",-,,,,-,-,-,2025,-,Y,확정,3개월,CONTEXT,hcx,육아휴직 기간,-,2025,Y,hcx,참고값,3,-,-,N,개월,수준값,-,,"[검증 대상 문장] 이후 3개월은 월 200만원 한도로 통상 임금의 100%를, 7개월째부터는 월 160만원 한도로 통상 임금의 80%를 지급한다.",high,N,-,Y,0,0,HCX-007,v1.6-early-kosis-context,2026-07-30,육아휴직 급여,,2025,Y,2025,,개월,개월,duration,condition,unspecified,,N,N,NOT_KOSIS_VALUE,measurement_usage=CONTEXT,REJECT,NOT_KOSIS_VALUE,,N,,,,,POLICY_PARAMETER,제도 규정값(한도)은 통계 수치가 아님,REJECT,Y,direct,,,,,duration,N,N,,
A0003-SPC676C4DB14,A0003-SPC676C4DB14-m4,A0003,최저임금 1만30원으로 인상… 육아휴직 급여 최대 월 250만원,2025-01-01,https://www.chosun.com/economy/economy_general/2025/01/01/ADO7O3Q4WJBCJAX6UUEY4MSBV4,"이후 3개월은 월 200만원 한도로 통상 임금의 100%를, 7개월째부터는 월 160만원 한도로 통상 임금의 80%를 지급한다.",▲ 육아휴직 급여 인상 =월 150만원 이내에서 통상 임금의 80%를 지급하던 육아휴직 급여가 휴직 첫 3개월 동안 월 250만원 한도에서 통상 임금의 100%로 늘어난다.,1년간 받을 수 있는 육아휴직 급여는 최대 1800만원에서 2310만원으로 오른다.,해외통계·정책,N,보건·복지,육아휴직 기간,"육아휴직, 급여, 최저임금, 인상, 최대 월 250만원",-,,,,-,-,-,2025,-,Y,확정,7개월,CONTEXT,hcx,육아휴직 기간,-,2025,Y,hcx,참고값,7,-,-,N,개월,수준값,-,,"[검증 대상 문장] 이후 3개월은 월 200만원 한도로 통상 임금의 100%를, 7개월째부터는 월 160만원 한도로 통상 임금의 80%를 지급한다.",high,N,-,Y,0,0,HCX-007,v1.6-early-kosis-context,2026-07-30,육아휴직 급여,,2025,Y,2025,,개월,개월,duration,condition,unspecified,,N,N,NOT_KOSIS_VALUE,measurement_usage=CONTEXT,REJECT,NOT_KOSIS_VALUE,,N,,,,,POLICY_PARAMETER,제도 규정값(한도)은 통계 수치가 아님,REJECT,Y,direct,,,,,duration,N,N,,
A0003-SPC676C4DB14,A0003-SPC676C4DB14-m5,A0003,최저임금 1만30원으로 인상… 육아휴직 급여 최대 월 250만원,2025-01-01,https://www.chosun.com/economy/economy_general/2025/01/01/ADO7O3Q4WJBCJAX6UUEY4MSBV4,"이후 3개월은 월 200만원 한도로 통상 임금의 100%를, 7개월째부터는 월 160만원 한도로 통상 임금의 80%를 지급한다.",▲ 육아휴직 급여 인상 =월 150만원 이내에서 통상 임금의 80%를 지급하던 육아휴직 급여가 휴직 첫 3개월 동안 월 250만원 한도에서 통상 임금의 100%로 늘어난다.,1년간 받을 수 있는 육아휴직 급여는 최대 1800만원에서 2310만원으로 오른다.,해외통계·정책,N,보건·복지,육아휴직 급여,"육아휴직, 급여, 최저임금, 인상, 최대 월 250만원",-,,,,-,-,-,2025,-,Y,확정,160만원,POLICY_VALUE,hcx,육아휴직 급여,-,2025,Y,hcx,현재값,1600000,-,-,N,원,수준값,-,전년,"[검증 대상 문장] 이후 3개월은 월 200만원 한도로 통상 임금의 100%를, 7개월째부터는 월 160만원 한도로 통상 임금의 80%를 지급한다.",high,N,-,Y,0,0,HCX-007,v1.6-early-kosis-context,2026-07-30,육아휴직 급여,,2025,Y,2025,,원,원,currency,amount,unspecified,,N,N,NOT_KOSIS_VALUE,measurement_usage=POLICY_VALUE,REJECT,NOT_KOSIS_VALUE,,N,,,,,POLICY_PARAMETER,제도 규정값(한도)은 통계 수치가 아님,REJECT,Y,direct,,,,,currency,N,N,,
A0003-SPC676C4DB14,A0003-SPC676C4DB14-m6,A0003,최저임금 1만30원으로 인상… 육아휴직 급여 최대 월 250만원,2025-01-01,https://www.chosun.com/economy/economy_general/2025/01/01/ADO7O3Q4WJBCJAX6UUEY4MSBV4,"이후 3개월은 월 200만원 한도로 통상 임금의 100%를, 7개월째부터는 월 160만원 한도로 통상 임금의 80%를 지급한다.",▲ 육아휴직 급여 인상 =월 150만원 이내에서 통상 임금의 80%를 지급하던 육아휴직 급여가 휴직 첫 3개월 동안 월 250만원 한도에서 통상 임금의 100%로 늘어난다.,1년간 받을 수 있는 육아휴직 급여는 최대 1800만원에서 2310만원으로 오른다.,해외통계·정책,N,보건·복지,통상 임금의 비율,"육아휴직, 급여, 최저임금, 인상, 최대 월 250만원",-,,,,-,-,-,2025,-,Y,확정,80%,POLICY_VALUE,hcx,통상 임금의 비율,-,2025,Y,hcx,목표값,80,-,-,N,%,비중,-,전년,"[검증 대상 문장] 이후 3개월은 월 200만원 한도로 통상 임금의 100%를, 7개월째부터는 월 160만원 한도로 통상 임금의 80%를 지급한다.",high,N,-,Y,0,0,HCX-007,v1.6-early-kosis-context,2026-07-30,육아휴직 급여,,2025,Y,2025,,%,%,rate,rate_level,unspecified,,N,N,NOT_KOSIS_VALUE,measurement_usage=POLICY_VALUE,REJECT,NOT_KOSIS_VALUE,,N,,,,,POLICY_PARAMETER,제도 규정값(한도)은 통계 수치가 아님,REJECT,Y,direct,,,,,rate,N,N,,
A0003-SP49C1E25DC7,A0003-SP49C1E25DC7-m1,A0003,최저임금 1만30원으로 인상… 육아휴직 급여 최대 월 250만원,2025-01-01,https://www.chosun.com/economy/economy_general/2025/01/01/ADO7O3Q4WJBCJAX6UUEY4MSBV4,1년간 받을 수 있는 육아휴직 급여는 최대 1800만원에서 2310만원으로 오른다.,"이후 3개월은 월 200만원 한도로 통상 임금의 100%를, 7개월째부터는 월 160만원 한도로 통상 임금의 80%를 지급한다.",▲ 배우자 출산휴가 기간 확대 =아내의 출산에 따른 남편의 유급 휴가 기간이 2월 23일부터 10일에서 20일로 확대된다.,해외통계·정책,N,보건·복지,육아휴직 기간,"육아휴직, 급여, 최대, 인상",-,,,,-,-,-,,-,,확정,1년,CONDITION,hcx,육아휴직 기간,-,-,-,hcx,참고값,1,-,-,N,년,수준값,증가,,1년간 받을 수 있는 육아휴직 급여는 최대 1800만원에서 2310만원으로 오른다.,high,N,-,Y,0,0,HCX-007,v1.6-early-kosis-context,2026-07-30,육아휴직 급여,,,,,,년,년,duration,condition,unspecified,,N,N,NOT_KOSIS_VALUE,measurement_usage=CONDITION,REJECT,NOT_KOSIS_VALUE,,N,,,,,,,,N,direct,,,,,duration,N,N,,
A0003-SP49C1E25DC7,A0003-SP49C1E25DC7-m2,A0003,최저임금 1만30원으로 인상… 육아휴직 급여 최대 월 250만원,2025-01-01,https://www.chosun.com/economy/economy_general/2025/01/01/ADO7O3Q4WJBCJAX6UUEY4MSBV4,1년간 받을 수 있는 육아휴직 급여는 최대 1800만원에서 2310만원으로 오른다.,"이후 3개월은 월 200만원 한도로 통상 임금의 100%를, 7개월째부터는 월 160만원 한도로 통상 임금의 80%를 지급한다.",▲ 배우자 출산휴가 기간 확대 =아내의 출산에 따른 남편의 유급 휴가 기간이 2월 23일부터 10일에서 20일로 확대된다.,해외통계·정책,N,보건·복지,육아휴직 급여 총액,"육아휴직, 급여, 최대, 인상",-,,,,-,-,-,,-,,확정,1800만원,POLICY_VALUE,hcx,육아휴직 급여 총액,-,-,-,hcx,이전값,18000000,-,-,N,원,수준값,증가,,1년간 받을 수 있는 육아휴직 급여는 최대 1800만원에서 2310만원으로 오른다.,high,N,-,Y,0,0,HCX-007,v1.6-early-kosis-context,2026-07-30,육아휴직 급여,,,,,,원,원,currency,amount,unspecified,,N,N,NOT_KOSIS_VALUE,measurement_usage=POLICY_VALUE,REJECT,NOT_KOSIS_VALUE,,N,,,,,,,,N,direct,,,,,currency,N,N,,
A0003-SP49C1E25DC7,A0003-SP49C1E25DC7-m3,A0003,최저임금 1만30원으로 인상… 육아휴직 급여 최대 월 250만원,2025-01-01,https://www.chosun.com/economy/economy_general/2025/01/01/ADO7O3Q4WJBCJAX6UUEY4MSBV4,1년간 받을 수 있는 육아휴직 급여는 최대 1800만원에서 2310만원으로 오른다.,"이후 3개월은 월 200만원 한도로 통상 임금의 100%를, 7개월째부터는 월 160만원 한도로 통상 임금의 80%를 지급한다.",▲ 배우자 출산휴가 기간 확대 =아내의 출산에 따른 남편의 유급 휴가 기간이 2월 23일부터 10일에서 20일로 확대된다.,해외통계·정책,N,보건·복지,육아휴직 급여 총액,"육아휴직, 급여, 최대, 인상",-,,,,-,-,-,,-,,확정,2310만원,POLICY_VALUE,hcx,육아휴직 급여 총액,-,-,-,hcx,현재값,23100000,-,-,N,원,수준값,증가,,1년간 받을 수 있는 육아휴직 급여는 최대 1800만원에서 2310만원으로 오른다.,high,N,-,Y,0,0,HCX-007,v1.6-early-kosis-context,2026-07-30,육아휴직 급여,,,,,,원,원,currency,amount,unspecified,,N,N,NOT_KOSIS_VALUE,measurement_usage=POLICY_VALUE,REJECT,NOT_KOSIS_VALUE,,N,,,,,,,,N,direct,,,,,currency,N,N,,
A0004-SPDCD9FB91B5,A0004-SPDCD9FB91B5-m1,A0004,‘직원 한 명에 로봇 수십 대’… 이젠 로봇이 공장 움직인다,2025-01-01,https://www.chosun.com/economy/economy_general/2025/01/01/TGA2SHZ4SFACHOHRP36OUPCMHE,“이곳에선 사람 한 명이 로봇 6대를 움직입니다. 로봇이 주요 공정의 100%를 처리하는 거죠.”,-,지난달 중순 광주광역시 광산구 뉴서광 공장.,국내공식통계,N,생산·산업,로봇 대수,"로봇, 공장, 직원, 공정, 자동화",-,,,로봇,-,-,-,,-,,확정,6대,KOSIS_VALUE,hcx,로봇 대수,로봇,-,-,hcx,현재값,6,-,-,N,대,수준값,-,,"""이곳에선 사람 한 명이 로봇 6대를 움직입니다. 로봇이 주요 공정의 100%를 처리하는 거죠.""",high,N,-,N,0,0,HCX-007,v1.6-early-kosis-context,2026-07-30,로봇 사용 비율,생활가전용문 제조,,,,,대,대,count,count,item,,N,N,FOREIGN_ORG_SOURCE,"'국제로봇연맹' 발표 수치 — KOSIS 미수록 국제기구 통계 (같은 기사에서 확인된 출처, 이 문장은 자체 출처 없음)",REJECT,FOREIGN_ORG_SOURCE,,N,,,,,FOREIGN_ORG_SOURCE,"'국제로봇연맹' 발표 수치 — KOSIS 미수록 국제기구 통계 (같은 기사에서 확인된 출처, 이 문장은 자체 출처 없음)",REJECT,Y,direct,,,,,count,N,N,,
A0004-SPDCD9FB91B5,A0004-SPDCD9FB91B5-m2,A0004,‘직원 한 명에 로봇 수십 대’… 이젠 로봇이 공장 움직인다,2025-01-01,https://www.chosun.com/economy/economy_general/2025/01/01/TGA2SHZ4SFACHOHRP36OUPCMHE,“이곳에선 사람 한 명이 로봇 6대를 움직입니다. 로봇이 주요 공정의 100%를 처리하는 거죠.”,-,지난달 중순 광주광역시 광산구 뉴서광 공장.,국내공식통계,N,생산·산업,자동화율,"로봇, 공장, 직원, 공정, 자동화",-,,,주요 공정,-,-,-,,-,,확정,100%,KOSIS_VALUE,hcx,자동화율,주요 공정,-,-,hcx,현재값,100,-,-,N,%,비중,-,,"""이곳에선 사람 한 명이 로봇 6대를 움직입니다. 로봇이 주요 공정의 100%를 처리하는 거죠.""",high,N,-,N,0,0,HCX-007,v1.6-early-kosis-context,2026-07-30,로봇 사용 비율,생활가전용문 제조,,,,,%,%,rate,rate_level,item,,N,N,FOREIGN_ORG_SOURCE,"'국제로봇연맹' 발표 수치 — KOSIS 미수록 국제기구 통계 (같은 기사에서 확인된 출처, 이 문장은 자체 출처 없음)",REJECT,FOREIGN_ORG_SOURCE,,N,,,,,FOREIGN_ORG_SOURCE,"'국제로봇연맹' 발표 수치 — KOSIS 미수록 국제기구 통계 (같은 기사에서 확인된 출처, 이 문장은 자체 출처 없음)",REJECT,Y,direct,,,,,rate,N,N,,
A0004-SP54E338B977,A0004-SP54E338B977-m1,A0004,‘직원 한 명에 로봇 수십 대’… 이젠 로봇이 공장 움직인다,2025-01-01,https://www.chosun.com/economy/economy_general/2025/01/01/TGA2SHZ4SFACHOHRP36OUPCMHE,전체 공정의 70%를 다(多)관절 로봇을 활용해 자동화했다.,뉴서광은 냉장고와 같은 생활가전 전용문을 만드는 중소 제조업체다.,특히 주요 공정으로 꼽히는 철판 부품 삽입 및 조립과 문(door)을 프레스 공정을 거쳐 모양을 잡고 완성하는 과정에선 제어·관리하는 사람 한 명에 로봇 8대가 움직인다.,국내공식통계,N,생산·산업,자동화 수준,"로봇, 공장, 자동화, 공정",-,,,,-,-,-,,-,,확정,70%,KOSIS_VALUE,hcx,자동화 수준,,-,-,hcx,현재값,70,-,-,N,%,비중,-,,[검증 대상 문장] 전체 공정의 70%를 다(多)관절 로봇을 활용해 자동화했다.,high,N,-,N,0,0,HCX-007,v1.6-early-kosis-context,2026-07-30,자동화 수준,생활가전 전용문 제조,,,,,%,%,rate,level,unspecified,,N,N,FOREIGN_ORG_SOURCE,"'국제로봇연맹' 발표 수치 — KOSIS 미수록 국제기구 통계 (같은 기사에서 확인된 출처, 이 문장은 자체 출처 없음)",REJECT,FOREIGN_ORG_SOURCE,,Y,생활가전 전용문 제조,,,,FOREIGN_ORG_SOURCE,"'국제로봇연맹' 발표 수치 — KOSIS 미수록 국제기구 통계 (같은 기사에서 확인된 출처, 이 문장은 자체 출처 없음)",REJECT,Y,direct,,,,,rate,N,N,,
A0004-SP769679F6CC,A0004-SP769679F6CC-m1,A0004,‘직원 한 명에 로봇 수십 대’… 이젠 로봇이 공장 움직인다,2025-01-01,https://www.chosun.com/economy/economy_general/2025/01/01/TGA2SHZ4SFACHOHRP36OUPCMHE,특히 주요 공정으로 꼽히는 철판 부품 삽입 및 조립과 문(door)을 프레스 공정을 거쳐 모양을 잡고 완성하는 과정에선 제어·관리하는 사람 한 명에 로봇 8대가 움직인다.,전체 공정의 70%를 다(多)관절 로봇을 활용해 자동화했다.,김 연구소장은 “우리뿐 아니라 다른 제조업 공장을 가봐도 주요 공정은 사람 한 명에 로봇 여러 대가 붙어 처리한다”며 “로봇과의 협업은 이젠 일상”이라고 했다.,국내공식통계,N,생산·산업,로봇 사용 비율,"로봇, 공장, 공정, 자동화, 협업",-,,,로봇,-,-,-,,-,,확정,8대,KOSIS_VALUE,hcx,로봇 사용 비율,로봇,-,-,hcx,현재값,8,-,-,N,대,수준값,-,,특히 주요 공정으로 꼽히는 철판 부품 삽입 및 조립과 문(door)을 프레스 공정을 거쳐 모양을 잡고 완성하는 과정에선 제어·관리하는 사람 한 명에 로봇 8대가 움직인다.,high,N,-,N,0,0,HCX-007,v1.6-early-kosis-context,2026-07-30,로봇 사용 비율,생활가전 전용문 제조,,,,,대,대,count,rate_level,item,,N,N,FOREIGN_ORG_SOURCE,"'국제로봇연맹' 발표 수치 — KOSIS 미수록 국제기구 통계 (같은 기사에서 확인된 출처, 이 문장은 자체 출처 없음)",REJECT,FOREIGN_ORG_SOURCE,,N,,,,,FOREIGN_ORG_SOURCE,"'국제로봇연맹' 발표 수치 — KOSIS 미수록 국제기구 통계 (같은 기사에서 확인된 출처, 이 문장은 자체 출처 없음)",REJECT,Y,direct,,,,,count,N,N,,
A0004-SPA7D22E3B0B,A0004-SPA7D22E3B0B-m1,A0004,‘직원 한 명에 로봇 수십 대’… 이젠 로봇이 공장 움직인다,2025-01-01,https://www.chosun.com/economy/economy_general/2025/01/01/TGA2SHZ4SFACHOHRP36OUPCMHE,국제로봇연맹(IFR)에 따르면 2023년 우리나라는 직원 1만명당 로봇 1012대를 쓰는 나라였다.,2025년 한국 산업 현장의 주역이 로봇이란 말이 과언이 아닐 정도다.,이미 우리나라는 로봇 밀도(공장 직원 한 명당 로봇수) 전 세계 1위 국가인 것이다.,국내공식통계,N,생산·산업,로봇 밀도,"국제로봇연맹, IFR, 직원, 로봇, 공장, 1만명당, 1012대, 싱가포르, 중국, 전 세계 평균, 162대",-,,,,-,-,-,2023,-,Y,확정,1만명당 로봇 1012대,KOSIS_VALUE,hcx,로봇 밀도,-,2023,Y,hcx,현재값,1012,-,-,N,대,수준값,-,전년,국제로봇연맹(IFR)에 따르면 2023년 우리나라는 직원 1만명당 로봇 1012대를 쓰는 나라였다.,high,N,-,N,0,0,HCX-007,v1.6-early-kosis-context,2026-07-30,로봇 밀도,,2023,Y,2023,,대,대,count,count,unspecified,,N,N,FOREIGN_ORG_SOURCE,'국제로봇연맹' 발표 수치 — KOSIS 미수록 국제기구 통계,REJECT,FOREIGN_ORG_SOURCE,,N,,,,,FOREIGN_ORG_SOURCE,'국제로봇연맹' 발표 수치 — KOSIS 미수록 국제기구 통계,REJECT,Y,direct,,,,,count,N,N,,
A0004-SPA7D22E3B0B,A0004-SPA7D22E3B0B-m2,A0004,‘직원 한 명에 로봇 수십 대’… 이젠 로봇이 공장 움직인다,2025-01-01,https://www.chosun.com/economy/economy_general/2025/01/01/TGA2SHZ4SFACHOHRP36OUPCMHE,국제로봇연맹(IFR)에 따르면 2023년 우리나라는 직원 1만명당 로봇 1012대를 쓰는 나라였다.,2025년 한국 산업 현장의 주역이 로봇이란 말이 과언이 아닐 정도다.,이미 우리나라는 로봇 밀도(공장 직원 한 명당 로봇수) 전 세계 1위 국가인 것이다.,국내공식통계,N,생산·산업,직원 수,"국제로봇연맹, IFR, 직원, 로봇, 공장, 1만명당, 1012대, 싱가포르, 중국, 전 세계 평균, 162대",-,,,,-,-,-,2023,-,Y,확정,1만명,CONDITION,hcx,직원 수,-,2023,Y,hcx,참고값,10000,-,-,N,명,수준값,-,전년,국제로봇연맹(IFR)에 따르면 2023년 우리나라는 직원 1만명당 로봇 1012대를 쓰는 나라였다.,high,N,-,N,0,0,HCX-007,v1.6-early-kosis-context,2026-07-30,로봇 밀도,,2023,Y,2023,,명,명,person_count,count,unspecified,,N,N,NOT_KOSIS_VALUE,measurement_usage=CONDITION,REJECT,NOT_KOSIS_VALUE,,N,,,,,FOREIGN_ORG_SOURCE,'국제로봇연맹' 발표 수치 — KOSIS 미수록 국제기구 통계,REJECT,Y,direct,,,,,person_count,N,N,,
A0004-SPAE6023B639,A0004-SPAE6023B639-m1,A0004,‘직원 한 명에 로봇 수십 대’… 이젠 로봇이 공장 움직인다,2025-01-01,https://www.chosun.com/economy/economy_general/2025/01/01/TGA2SHZ4SFACHOHRP36OUPCMHE,이미 우리나라는 로봇 밀도(공장 직원 한 명당 로봇수) 전 세계 1위 국가인 것이다.,국제로봇연맹(IFR)에 따르면 2023년 우리나라는 직원 1만명당 로봇 1012대를 쓰는 나라였다.,싱가포르와 중국이 그 뒤를 이었다.,국내공식통계,N,무역,로봇 밀도 순위,"로봇 밀도, 공장 직원, 로봇수, 전 세계 1위",-,,,,-,-,-,2023,-,Y,확정,1위,KOSIS_VALUE,hcx,로봇 밀도 순위,-,2023,Y,hcx,현재값,1,-,-,N,위,순위,-,전년,이미 우리나라는 로봇 밀도(공장 직원 한 명당 로봇수) 전 세계 1위 국가인 것이다.,high,N,-,N,0,0,HCX-007,v1.6-early-kosis-context,2026-07-30,로봇 밀도,,2023,Y,2023,,위,위,rank,rank,unspecified,,N,N,FOREIGN_ORG_SOURCE,"'국제로봇연맹' 발표 수치 — KOSIS 미수록 국제기구 통계 (같은 기사에서 확인된 출처, 이 문장은 자체 출처 없음)",REJECT,FOREIGN_ORG_SOURCE,,N,,,,,FOREIGN_ORG_SOURCE,"'국제로봇연맹' 발표 수치 — KOSIS 미수록 국제기구 통계 (같은 기사에서 확인된 출처, 이 문장은 자체 출처 없음)",REJECT,Y,direct,,,,,rank,N,N,,
A0004-SPEFA6291F73,A0004-SPEFA6291F73-m1,A0004,‘직원 한 명에 로봇 수십 대’… 이젠 로봇이 공장 움직인다,2025-01-01,https://www.chosun.com/economy/economy_general/2025/01/01/TGA2SHZ4SFACHOHRP36OUPCMHE,전 세계 평균(1만명당 162대)의 6배가 넘는 수치다.,싱가포르와 중국이 그 뒤를 이었다.,"대기업뿐 아니라, 중견·중소기업 제조업 현장에서도 로봇은 이제 각종 공정을 해결하는 ‘필요 조건’이다.",국내공식통계,N,생산·산업,로봇 밀도,"로봇 밀도, 직원, 공장",-,,,,-,-,-,2023,-,Y,확정,1만명당 162대,KOSIS_VALUE,hcx,로봇 밀도,-,2023,Y,hcx,현재값,162,-,-,N,대,수준값,-,전년,국제로봇연맹(IFR)에 따르면 2023년 우리나라는 직원 1만명당 로봇 1012대를 쓰는 나라였다.,high,N,-,Y,0,0,HCX-007,v1.6-early-kosis-context,2026-07-30,로봇 밀도,,2023,Y,2023,,대,대,count,count,unspecified,,N,N,GLOBAL_SCOPE_VALUE,세계 집계값(세계 평균)은 국내 공식통계에 없음,REJECT,GLOBAL_SCOPE_VALUE,,N,,,,,GLOBAL_SCOPE_VALUE,세계 집계값(세계 평균)은 국내 공식통계에 없음,REJECT,Y,direct,,,,,count,N,N,,
A0004-SPEFA6291F73,A0004-SPEFA6291F73-m2,A0004,‘직원 한 명에 로봇 수십 대’… 이젠 로봇이 공장 움직인다,2025-01-01,https://www.chosun.com/economy/economy_general/2025/01/01/TGA2SHZ4SFACHOHRP36OUPCMHE,전 세계 평균(1만명당 162대)의 6배가 넘는 수치다.,싱가포르와 중국이 그 뒤를 이었다.,"대기업뿐 아니라, 중견·중소기업 제조업 현장에서도 로봇은 이제 각종 공정을 해결하는 ‘필요 조건’이다.",국내공식통계,N,생산·산업,로봇 밀도의 기준 인구,"로봇 밀도, 직원, 공장",-,,,,-,-,-,2023,-,Y,확정,1만명,CONDITION,hcx,로봇 밀도의 기준 인구,-,2023,Y,hcx,참고값,10000,-,-,N,명,수준값,-,,국제로봇연맹(IFR)에 따르면 2023년 우리나라는 직원 1만명당 로봇 1012대를 쓰는 나라였다.,high,N,-,Y,0,0,HCX-007,v1.6-early-kosis-context,2026-07-30,로봇 밀도,,2023,Y,2023,,명,명,person_count,count,person,,N,N,NOT_KOSIS_VALUE,measurement_usage=CONDITION,REJECT,NOT_KOSIS_VALUE,,N,,,,,GLOBAL_SCOPE_VALUE,세계 집계값(세계 평균)은 국내 공식통계에 없음,REJECT,Y,direct,,,,,person_count,N,N,,
A0004-SPEFA6291F73,A0004-SPEFA6291F73-m3,A0004,‘직원 한 명에 로봇 수십 대’… 이젠 로봇이 공장 움직인다,2025-01-01,https://www.chosun.com/economy/economy_general/2025/01/01/TGA2SHZ4SFACHOHRP36OUPCMHE,전 세계 평균(1만명당 162대)의 6배가 넘는 수치다.,싱가포르와 중국이 그 뒤를 이었다.,"대기업뿐 아니라, 중견·중소기업 제조업 현장에서도 로봇은 이제 각종 공정을 해결하는 ‘필요 조건’이다.",국내공식통계,N,생산·산업,로봇 밀도 증가율,"로봇 밀도, 직원, 공장",-,,,,-,-,-,2023,-,Y,확정,6배,KOSIS_VALUE,hcx,로봇 밀도 증가율,-,2023,Y,hcx,증감률,6,-,-,N,배,수준값,-,,국제로봇연맹(IFR)에 따르면 2023년 우리나라는 직원 1만명당 로봇 1012대를 쓰는 나라였다.,high,N,-,Y,0,0,HCX-007,v1.6-early-kosis-context,2026-07-30,로봇 밀도,,2023,Y,2023,,배,배,multiple,rate_change,unspecified,,N,N,GLOBAL_SCOPE_VALUE,세계 집계값(세계 평균)은 국내 공식통계에 없음,REJECT,GLOBAL_SCOPE_VALUE,,N,,,,,GLOBAL_SCOPE_VALUE,세계 집계값(세계 평균)은 국내 공식통계에 없음,REJECT,Y,direct,,INDICATOR_UNIT_CONFLICT,비율 지표에 비율 단위가 아님: 로봇밀도증가율/multiple,,multiple|rate,N,Y,UNIT_HYPOTHESIS_REVIEW_REQUIRED,direct
A0004-SP5B2108834A,A0004-SP5B2108834A-m1,A0004,‘직원 한 명에 로봇 수십 대’… 이젠 로봇이 공장 움직인다,2025-01-01,https://www.chosun.com/economy/economy_general/2025/01/01/TGA2SHZ4SFACHOHRP36OUPCMHE,"우리나라는 로봇 밀도 1위 나라일 뿐 아니라, 지난 2018년 이후로 매년 5%씩 성장한 유일한 나라이기도 하다.",◇로봇 밀도 1위의 나라 로봇 밀도는 그 나라의 제조업이 얼마나 자동화됐는지 평가하는 기본 지표로 여겨진다.,국제로봇연맹 다카유키 이토 회장은 “강력한 자동차 산업과 세계적으로 유명한 전자제품 부문을 보유한 한국은 산업용 로봇을 가장 많이 사용하는 국가”라고 한 것도 이 때문이다.,국내공식통계,Y,생산·산업,로봇 밀도 순위,"로봇 밀도, 제조업, 자동화",-,,,,-,-,-,,-,,확정,1위,KOSIS_VALUE,hcx,로봇 밀도 순위,-,-,-,hcx,현재값,1,-,-,N,위,순위,-,전년,"우리나라는 로봇 밀도 1위 나라일 뿐 아니라, 지난 2018년 이후로 매년 5%씩 성장한 유일한 나라이기도 하다.",high,Y,measurement_period_ungrounded:1,N,0,0,HCX-007,v1.6-early-kosis-context,2026-07-30,로봇 밀도,,2025,Y,,,위,위,rank,rank,unspecified,,N,N,FOREIGN_ORG_SOURCE,"'국제로봇연맹' 발표 수치 — KOSIS 미수록 국제기구 통계 (같은 기사에서 확인된 출처, 이 문장은 자체 출처 없음)",REJECT,FOREIGN_ORG_SOURCE,,N,,,,,FOREIGN_ORG_SOURCE,"'국제로봇연맹' 발표 수치 — KOSIS 미수록 국제기구 통계 (같은 기사에서 확인된 출처, 이 문장은 자체 출처 없음)",REJECT,Y,direct,,,,,rank,N,N,,
A0004-SP5B2108834A,A0004-SP5B2108834A-m2,A0004,‘직원 한 명에 로봇 수십 대’… 이젠 로봇이 공장 움직인다,2025-01-01,https://www.chosun.com/economy/economy_general/2025/01/01/TGA2SHZ4SFACHOHRP36OUPCMHE,"우리나라는 로봇 밀도 1위 나라일 뿐 아니라, 지난 2018년 이후로 매년 5%씩 성장한 유일한 나라이기도 하다.",◇로봇 밀도 1위의 나라 로봇 밀도는 그 나라의 제조업이 얼마나 자동화됐는지 평가하는 기본 지표로 여겨진다.,국제로봇연맹 다카유키 이토 회장은 “강력한 자동차 산업과 세계적으로 유명한 전자제품 부문을 보유한 한국은 산업용 로봇을 가장 많이 사용하는 국가”라고 한 것도 이 때문이다.,국내공식통계,Y,생산·산업,로봇 밀도 증가율,"로봇 밀도, 제조업, 자동화",-,,,,-,-,-,2018,-,Y,확정,5%,KOSIS_VALUE,hcx,로봇 밀도 증가율,-,2018,Y,hcx,증감률,5,-,-,N,%,증감률,증가,전년동월,"우리나라는 로봇 밀도 1위 나라일 뿐 아니라, 지난 2018년 이후로 매년 5%씩 성장한 유일한 나라이기도 하다.",high,Y,measurement_period_ungrounded:1,N,0,0,HCX-007,v1.6-early-kosis-context,2026-07-30,로봇 밀도,,2025,Y,2018,,%,%,rate,rate_change,unspecified,2017,N,N,FOREIGN_ORG_SOURCE,"'국제로봇연맹' 발표 수치 — KOSIS 미수록 국제기구 통계 (같은 기사에서 확인된 출처, 이 문장은 자체 출처 없음)",REJECT,FOREIGN_ORG_SOURCE,,N,,,,,FOREIGN_ORG_SOURCE,"'국제로봇연맹' 발표 수치 — KOSIS 미수록 국제기구 통계 (같은 기사에서 확인된 출처, 이 문장은 자체 출처 없음)",REJECT,Y,,,DERIVED_VALUE_REQUIRES_COMPUTATION,증감값은 직접 공표 ITEM 확인 또는 수준값 재계산 필요,,rate,Y,N,,direct|rate_from_level
A0004-SPE111E9D4BD,-,A0004,‘직원 한 명에 로봇 수십 대’… 이젠 로봇이 공장 움직인다,2025-01-01,https://www.chosun.com/economy/economy_general/2025/01/01/TGA2SHZ4SFACHOHRP36OUPCMHE,국제로봇연맹 다카유키 이토 회장은 “강력한 자동차 산업과 세계적으로 유명한 전자제품 부문을 보유한 한국은 산업용 로봇을 가장 많이 사용하는 국가”라고 한 것도 이 때문이다.,"우리나라는 로봇 밀도 1위 나라일 뿐 아니라, 지난 2018년 이후로 매년 5%씩 성장한 유일한 나라이기도 하다.",경기도 광명에 있는 기아 오토랜드 전기차 전용 공장.,국내공식통계,N,생산·산업,,"로봇 밀도, 산업용 로봇, 자동차 산업, 전자제품 부문",-,,,,-,-,-,,-,,확정,-,-,-,-,-,-,-,-,,-,-,-,-,,,-,,"""국제로봇연맹(IFR)에 따르면 2023년 우리나라는 직원 1만명당 로봇 1012대를 쓰는 나라였다.""",high,N,-,N,0,0,HCX-007,v1.6-early-kosis-context,2026-07-30,로봇 밀도,,,,,,,,unknown,level,vehicle,,N,N,FOREIGN_ORG_SOURCE,'국제로봇연맹' 발표 수치 — KOSIS 미수록 국제기구 통계,REJECT,FOREIGN_ORG_SOURCE,,N,,,,,FOREIGN_ORG_SOURCE,'국제로봇연맹' 발표 수치 — KOSIS 미수록 국제기구 통계,REJECT,Y,direct,,,,,,N,N,,
A0004-SP44BAD07F32,A0004-SP44BAD07F32-m1,A0004,‘직원 한 명에 로봇 수십 대’… 이젠 로봇이 공장 움직인다,2025-01-01,https://www.chosun.com/economy/economy_general/2025/01/01/TGA2SHZ4SFACHOHRP36OUPCMHE,전기차 몸체가 모듈 조립 공정 라인 상부에 도착하면 매일 수십 대의 로봇이 그 밑에서 배터리 시스템을 나사로 조이고 합체한다.,대표적인 과정이 차체와 배터리 모듈 시스템을 조립하는 공정이다.,기아 관계자는 “나사를 조이는 압력과 각도의 수치를 매번 균일하게 작업하기 위해 100% 로봇을 사용한다”면서 “이를 통해 압력을 너무 주거나 혹은 덜 줘서 생기는 각종 사고를 방지할 수 있다”고 했다.,국내공식통계,N,생산·산업,로봇 사용량,로봇; 공장; 공정; 전기차; 배터리 시스템; 나사; 압력; 사고 방지,-,,,,-,-,-,,-,,모호,매일 수십 대의 로봇,KOSIS_VALUE,hcx,로봇 사용량,,-,-,hcx,현재값,수십,-,-,Y,대,수준값,-,,전기차 몸체가 모듈 조립 공정 라인 상부에 도착하면 매일 수십 대의 로봇이 그 밑에서 배터리 시스템을 나사로 조이고 합체한다.,mid,N,-,N,0,0,HCX-007,v1.6-early-kosis-context,2026-07-30,,전기차 제조,,,,,대,대,count,count,unspecified,,N,N,FOREIGN_ORG_SOURCE,"'국제로봇연맹' 발표 수치 — KOSIS 미수록 국제기구 통계 (같은 기사에서 확인된 출처, 이 문장은 자체 출처 없음)",REJECT,FOREIGN_ORG_SOURCE,,Y,전기차 제조 공정,,,,FOREIGN_ORG_SOURCE,"'국제로봇연맹' 발표 수치 — KOSIS 미수록 국제기구 통계 (같은 기사에서 확인된 출처, 이 문장은 자체 출처 없음)",REJECT,Y,direct,,,,,count,N,N,,
A0004-SP043B3939E5,A0004-SP043B3939E5-m1,A0004,‘직원 한 명에 로봇 수십 대’… 이젠 로봇이 공장 움직인다,2025-01-01,https://www.chosun.com/economy/economy_general/2025/01/01/TGA2SHZ4SFACHOHRP36OUPCMHE,이곳에선 230여 대의 고정노선운송로봇(AGV·Automatic Guided Vehicle)와 미니 AGV가 같이 움직인다.,이들 직원 중 지게차 운전 및 상하차 인력을 뺀 순수 센터 내 작업자는 25명 정도다.,"또한 상품 피킹부터 검수, 포장, 출고까지 로봇이 모두 관여한다.",국내공식통계,N,생산·산업,로봇 수량,"로봇, 공장, 생산",-,,,고정노선운송로봇(AGV)·미니 AGV,-,-,-,,-,,확정,230여 대,KOSIS_VALUE,hcx,로봇 수량,고정노선운송로봇(AGV)·미니 AGV,-,-,hcx,현재값,230,-,-,Y,대,수준값,-,,이곳에선 230여 대의 고정노선운송로봇(AGV·Automatic Guided Vehicle)와 미니 AGV가 같이 움직인다.,high,N,-,N,0,0,HCX-007,v1.6-early-kosis-context,2026-07-30,로봇 사용량,,,,,,대,대,count,count,item,,N,N,FOREIGN_ORG_SOURCE,"'국제로봇연맹' 발표 수치 — KOSIS 미수록 국제기구 통계 (같은 기사에서 확인된 출처, 이 문장은 자체 출처 없음)",REJECT,FOREIGN_ORG_SOURCE,,N,,,,,FOREIGN_ORG_SOURCE,"'국제로봇연맹' 발표 수치 — KOSIS 미수록 국제기구 통계 (같은 기사에서 확인된 출처, 이 문장은 자체 출처 없음)",REJECT,Y,direct,,,,,count,N,N,,
A0004-SP59CAE048EA,A0004-SP59CAE048EA-m1,A0004,‘직원 한 명에 로봇 수십 대’… 이젠 로봇이 공장 움직인다,2025-01-01,https://www.chosun.com/economy/economy_general/2025/01/01/TGA2SHZ4SFACHOHRP36OUPCMHE,"이곳은 전체 공정의 50%를 로봇화했고, 주요 공정은 100% 로봇화를 달성했다.",경남 창원에 있는 38년 된 자동차 조향 장치 부품 기업인 태림산업.,입고부터 출하까지 모든 물건을 사람이 실어나르던 풍경은 이제 볼 수 없다.,국내공식통계,N,생산·산업,로봇화 비율,"로봇, 공장, 공정, 자동화",-,,,,-,-,-,,-,,확정,50%,KOSIS_VALUE,hcx,로봇화 비율,,-,-,hcx,현재값,50,-,-,N,%,비중,-,,"이곳은 전체 공정의 50%를 로봇화했고, 주요 공정은 100% 로봇화를 달성했다.",high,N,-,N,0,0,HCX-007,v1.6-early-kosis-context,2026-07-30,로봇화 비율,자동차 조향 장치 부품,,,,,%,%,rate,rate_level,unspecified,,N,N,FOREIGN_ORG_SOURCE,"'국제로봇연맹' 발표 수치 — KOSIS 미수록 국제기구 통계 (같은 기사에서 확인된 출처, 이 문장은 자체 출처 없음)",REJECT,FOREIGN_ORG_SOURCE,,Y,자동차 조향 장치 부품,,,,FOREIGN_ORG_SOURCE,"'국제로봇연맹' 발표 수치 — KOSIS 미수록 국제기구 통계 (같은 기사에서 확인된 출처, 이 문장은 자체 출처 없음)",REJECT,Y,direct,,,,,rate,N,N,,
A0004-SP59CAE048EA,A0004-SP59CAE048EA-m2,A0004,‘직원 한 명에 로봇 수십 대’… 이젠 로봇이 공장 움직인다,2025-01-01,https://www.chosun.com/economy/economy_general/2025/01/01/TGA2SHZ4SFACHOHRP36OUPCMHE,"이곳은 전체 공정의 50%를 로봇화했고, 주요 공정은 100% 로봇화를 달성했다.",경남 창원에 있는 38년 된 자동차 조향 장치 부품 기업인 태림산업.,입고부터 출하까지 모든 물건을 사람이 실어나르던 풍경은 이제 볼 수 없다.,국내공식통계,N,생산·산업,로봇화 비율,"로봇, 공장, 공정, 자동화",-,,,주요 공정,-,-,-,,-,,확정,100%,KOSIS_VALUE,hcx,로봇화 비율,주요 공정,-,-,hcx,현재값,100,-,-,N,%,비중,-,,"이곳은 전체 공정의 50%를 로봇화했고, 주요 공정은 100% 로봇화를 달성했다.",high,N,-,N,0,0,HCX-007,v1.6-early-kosis-context,2026-07-30,로봇화 비율,자동차 조향 장치 부품,,,,,%,%,rate,rate_level,item,,N,N,FOREIGN_ORG_SOURCE,"'국제로봇연맹' 발표 수치 — KOSIS 미수록 국제기구 통계 (같은 기사에서 확인된 출처, 이 문장은 자체 출처 없음)",REJECT,FOREIGN_ORG_SOURCE,,N,,,,,FOREIGN_ORG_SOURCE,"'국제로봇연맹' 발표 수치 — KOSIS 미수록 국제기구 통계 (같은 기사에서 확인된 출처, 이 문장은 자체 출처 없음)",REJECT,Y,direct,,,,,rate,N,N,,
A0004-SPBB3523D649,A0004-SPBB3523D649-m1,A0004,‘직원 한 명에 로봇 수십 대’… 이젠 로봇이 공장 움직인다,2025-01-01,https://www.chosun.com/economy/economy_general/2025/01/01/TGA2SHZ4SFACHOHRP36OUPCMHE,이곳 관계자는 “로봇 자동화를 통해 생산량은 로봇을 들이기 이전보다 38% 올라갔고 원가도 45%가량 줄일 수 있었다”고 했다.,이곳에서 물티슈를 포장하고 싣는 모든 과정은 이제 다관절 로봇 5대가 해결한다.,"“이제 직원들은 단순 작업에 투입되는 대신, 작업 효율화를 진행하고 제품 아이디어를 내는 일을 더 많이 한다”고 했다.",개별기업,N,생산·산업,생산량 증가율,"로봇 자동화, 생산량, 원가, 공장",-,,,,-,-,-,,-,,확정,38%,KOSIS_VALUE,hcx,생산량 증가율,,-,-,hcx,증감률,38,-,-,N,%,증감률,증가,전년,"이곳 관계자는 ""로봇 자동화를 통해 생산량은 로봇을 들이기 이전보다 38% 올라갔고 원가도 45%가량 줄일 수 있었다""고 했다.",high,N,-,N,0,0,HCX-007,v1.6-early-kosis-context,2026-07-30,"생산량 증가율, 원가 절감률",물티슈 및 위생용품 제조업,,,,CHANGE_RATE_FROM_TEXT,%,%,rate,rate_change,unspecified,,N,N,OUT_OF_KOSIS_SCOPE,claim_domain_scope=개별기업,REJECT,OUT_OF_KOSIS_SCOPE,,Y,물티슈 및 위생용품 제조업,,,,DECLARED_SINGLE_COMPANY,claim_domain_scope=개별기업: 개별기업 수치는 KOSIS 산업 집계와 다름,REJECT,Y,direct,,,,,rate,N,N,,
A0004-SPBB3523D649,A0004-SPBB3523D649-m2,A0004,‘직원 한 명에 로봇 수십 대’… 이젠 로봇이 공장 움직인다,2025-01-01,https://www.chosun.com/economy/economy_general/2025/01/01/TGA2SHZ4SFACHOHRP36OUPCMHE,이곳 관계자는 “로봇 자동화를 통해 생산량은 로봇을 들이기 이전보다 38% 올라갔고 원가도 45%가량 줄일 수 있었다”고 했다.,이곳에서 물티슈를 포장하고 싣는 모든 과정은 이제 다관절 로봇 5대가 해결한다.,"“이제 직원들은 단순 작업에 투입되는 대신, 작업 효율화를 진행하고 제품 아이디어를 내는 일을 더 많이 한다”고 했다.",개별기업,N,생산·산업,원가 절감률,"로봇 자동화, 생산량, 원가, 공장",-,,,,-,-,-,,-,,확정,45%가량,KOSIS_VALUE,hcx,원가 절감률,,-,-,hcx,증감률,45,-,-,Y,%,증감률,감소,전년,"이곳 관계자는 ""로봇 자동화를 통해 생산량은 로봇을 들이기 이전보다 38% 올라갔고 원가도 45%가량 줄일 수 있었다""고 했다.",high,N,-,N,0,0,HCX-007,v1.6-early-kosis-context,2026-07-30,"생산량 증가율, 원가 절감률",물티슈 및 위생용품 제조업,,,,CHANGE_RATE_FROM_TEXT,%,%,rate,rate_change,unspecified,,N,N,OUT_OF_KOSIS_SCOPE,claim_domain_scope=개별기업,REJECT,OUT_OF_KOSIS_SCOPE,,Y,물티슈 및 위생용품 제조업,,,,DECLARED_SINGLE_COMPANY,claim_domain_scope=개별기업: 개별기업 수치는 KOSIS 산업 집계와 다름,REJECT,Y,direct,,,,,rate,N,N,,
A0005-SP23FDD17F35,A0005-SP23FDD17F35-m1,A0005,"정부, 美 ‘CES 2025′에 역대 최대 통합한국관 운영",2025-01-01,https://www.chosun.com/economy/industry-company/2025/01/01/2LIJLNBNSNANXCA6WLEDQ7A74A,이는 지난해 443개보다 2개 늘어난 역대 최대 규모다.,산업통상자원부와 코트라(KOTRA)는 이달 7~10일 개최되는 CES 2025에 36개 기관과 협업해 445개사 규모의 역대 최대 통합한국관을 구성한다.,통합한국관 주요 전시,개별기업,N,무역,통합한국관 규모,"CES, 통합한국관, 규모, 참가업체",-,,,,-,-,-,2024,-,Y,확정,443개,KOSIS_VALUE,hcx,통합한국관 규모,-,2024,Y,hcx,이전값,443,-,-,N,개,수준값,증가,전년,이는 지난해 443개보다 2개 늘어난 역대 최대 규모다.,high,N,-,Y,0,0,HCX-007,v1.6-early-kosis-context,2026-07-30,통합한국관 규모,,2025,Y,2024,RELATIVE_YEAR_FROM_ARTICLE_DATE,개,개,count,count,unspecified,,N,N,OUT_OF_KOSIS_SCOPE,claim_domain_scope=개별기업,REJECT,OUT_OF_KOSIS_SCOPE,,N,,,,,DECLARED_SINGLE_COMPANY,claim_domain_scope=개별기업: 개별기업 수치는 KOSIS 산업 집계와 다름,REJECT,Y,direct,,,,,count,N,N,,
A0005-SP23FDD17F35,A0005-SP23FDD17F35-m2,A0005,"정부, 美 ‘CES 2025′에 역대 최대 통합한국관 운영",2025-01-01,https://www.chosun.com/economy/industry-company/2025/01/01/2LIJLNBNSNANXCA6WLEDQ7A74A,이는 지난해 443개보다 2개 늘어난 역대 최대 규모다.,산업통상자원부와 코트라(KOTRA)는 이달 7~10일 개최되는 CES 2025에 36개 기관과 협업해 445개사 규모의 역대 최대 통합한국관을 구성한다.,통합한국관 주요 전시,개별기업,N,무역,통합한국관 증가분,"CES, 통합한국관, 규모, 참가업체",-,,,,-,-,-,2025,-,Y,확정,2개,KOSIS_VALUE,hcx,통합한국관 증가분,-,2025,Y,hcx,증감값,2,-,-,N,개,증감량,증가,전년,이는 지난해 443개보다 2개 늘어난 역대 최대 규모다.,high,N,-,Y,0,0,HCX-007,v1.6-early-kosis-context,2026-07-30,통합한국관 규모,,2025,Y,2025,RELATIVE_YEAR_FROM_ARTICLE_DATE|ABSOLUTE_CHANGE_FROM_TEXT|COMPARISON_PERIOD_TO_TARGET,개,개,count,absolute_change,unspecified,2024,N,N,OUT_OF_KOSIS_SCOPE,claim_domain_scope=개별기업,REJECT,OUT_OF_KOSIS_SCOPE,,N,,,,,DECLARED_SINGLE_COMPANY,claim_domain_scope=개별기업: 개별기업 수치는 KOSIS 산업 집계와 다름,REJECT,Y,direct,,,,,count,N,N,,
A0005-SP4D2596C117,A0005-SP4D2596C117-m1,A0005,"정부, 美 ‘CES 2025′에 역대 최대 통합한국관 운영",2025-01-01,https://www.chosun.com/economy/industry-company/2025/01/01/2LIJLNBNSNANXCA6WLEDQ7A74A,"분야는 생활가전(18%) 디지털헬스(17%), 인공지능(16%), 스마트 홈(12%) 순으로 집계됐다.",통합한국관 주요 전시,"올해 한국은 삼성, LG, 현대, SK 등 글로벌 대기업과 통합한국관 445개사, 기타 중소·중견기업 455여개를 포함한 약 900개사가 참가할 예정이다.",국내공식통계,N,소매·소비,전시 분야 비중,"통합한국관, CES 2025, 생활가전, 디지털헬스, 인공지능, 스마트홈",-,,,생활가전,-,-,-,2025,-,Y,확정,생활가전(18%),KOSIS_VALUE,hcx,전시 분야 비중,생활가전,2025,Y,hcx,현재값,18,-,-,N,%,비중,-,전년,"[검증 대상 문장] 통합한국관 주요 전시 분야는 생활가전(18%) 디지털헬스(17%), 인공지능(16%), 스마트 홈(12%) 순으로 집계됐다.",high,N,-,N,0,0,HCX-007,v1.6-early-kosis-context,2026-07-30,전시 분야 비중,,2025,Y,2025,,%,%,rate,level,item,,N,N,DECLARED_SINGLE_COMPANY,"claim_domain_scope=개별기업: 개별기업 수치는 KOSIS 산업 집계와 다름 (같은 기사에서 확인된 출처, 이 문장은 자체 출처 없음)",REJECT,DECLARED_SINGLE_COMPANY,,N,,,,,DECLARED_SINGLE_COMPANY,"claim_domain_scope=개별기업: 개별기업 수치는 KOSIS 산업 집계와 다름 (같은 기사에서 확인된 출처, 이 문장은 자체 출처 없음)",REJECT,Y,direct,,,,,rate,N,N,,
A0005-SP4D2596C117,A0005-SP4D2596C117-m2,A0005,"정부, 美 ‘CES 2025′에 역대 최대 통합한국관 운영",2025-01-01,https://www.chosun.com/economy/industry-company/2025/01/01/2LIJLNBNSNANXCA6WLEDQ7A74A,"분야는 생활가전(18%) 디지털헬스(17%), 인공지능(16%), 스마트 홈(12%) 순으로 집계됐다.",통합한국관 주요 전시,"올해 한국은 삼성, LG, 현대, SK 등 글로벌 대기업과 통합한국관 445개사, 기타 중소·중견기업 455여개를 포함한 약 900개사가 참가할 예정이다.",국내공식통계,N,소매·소비,전시 분야 비중,"통합한국관, CES 2025, 생활가전, 디지털헬스, 인공지능, 스마트홈",-,,,디지털헬스,-,-,-,2025,-,Y,확정,디지털헬스(17%),KOSIS_VALUE,hcx,전시 분야 비중,디지털헬스,2025,Y,hcx,현재값,17,-,-,N,%,비중,-,전년,"[검증 대상 문장] 통합한국관 주요 전시 분야는 생활가전(18%) 디지털헬스(17%), 인공지능(16%), 스마트 홈(12%) 순으로 집계됐다.",high,N,-,N,0,0,HCX-007,v1.6-early-kosis-context,2026-07-30,전시 분야 비중,,2025,Y,2025,,%,%,rate,level,item,,N,N,DECLARED_SINGLE_COMPANY,"claim_domain_scope=개별기업: 개별기업 수치는 KOSIS 산업 집계와 다름 (같은 기사에서 확인된 출처, 이 문장은 자체 출처 없음)",REJECT,DECLARED_SINGLE_COMPANY,,N,,,,,DECLARED_SINGLE_COMPANY,"claim_domain_scope=개별기업: 개별기업 수치는 KOSIS 산업 집계와 다름 (같은 기사에서 확인된 출처, 이 문장은 자체 출처 없음)",REJECT,Y,direct,,,,,rate,N,N,,
A0005-SP4D2596C117,A0005-SP4D2596C117-m3,A0005,"정부, 美 ‘CES 2025′에 역대 최대 통합한국관 운영",2025-01-01,https://www.chosun.com/economy/industry-company/2025/01/01/2LIJLNBNSNANXCA6WLEDQ7A74A,"분야는 생활가전(18%) 디지털헬스(17%), 인공지능(16%), 스마트 홈(12%) 순으로 집계됐다.",통합한국관 주요 전시,"올해 한국은 삼성, LG, 현대, SK 등 글로벌 대기업과 통합한국관 445개사, 기타 중소·중견기업 455여개를 포함한 약 900개사가 참가할 예정이다.",국내공식통계,N,소매·소비,전시 분야 비중,"통합한국관, CES 2025, 생활가전, 디지털헬스, 인공지능, 스마트홈",-,,,인공지능,-,-,-,2025,-,Y,확정,인공지능(16%),KOSIS_VALUE,hcx,전시 분야 비중,인공지능,2025,Y,hcx,현재값,16,-,-,N,%,비중,-,전년,"[검증 대상 문장] 통합한국관 주요 전시 분야는 생활가전(18%) 디지털헬스(17%), 인공지능(16%), 스마트 홈(12%) 순으로 집계됐다.",high,N,-,N,0,0,HCX-007,v1.6-early-kosis-context,2026-07-30,전시 분야 비중,,2025,Y,2025,,%,%,rate,level,item,,N,N,DECLARED_SINGLE_COMPANY,"claim_domain_scope=개별기업: 개별기업 수치는 KOSIS 산업 집계와 다름 (같은 기사에서 확인된 출처, 이 문장은 자체 출처 없음)",REJECT,DECLARED_SINGLE_COMPANY,,N,,,,,DECLARED_SINGLE_COMPANY,"claim_domain_scope=개별기업: 개별기업 수치는 KOSIS 산업 집계와 다름 (같은 기사에서 확인된 출처, 이 문장은 자체 출처 없음)",REJECT,Y,direct,,,,,rate,N,N,,
A0005-SP4D2596C117,A0005-SP4D2596C117-m4,A0005,"정부, 美 ‘CES 2025′에 역대 최대 통합한국관 운영",2025-01-01,https://www.chosun.com/economy/industry-company/2025/01/01/2LIJLNBNSNANXCA6WLEDQ7A74A,"분야는 생활가전(18%) 디지털헬스(17%), 인공지능(16%), 스마트 홈(12%) 순으로 집계됐다.",통합한국관 주요 전시,"올해 한국은 삼성, LG, 현대, SK 등 글로벌 대기업과 통합한국관 445개사, 기타 중소·중견기업 455여개를 포함한 약 900개사가 참가할 예정이다.",국내공식통계,N,소매·소비,전시 분야 비중,"통합한국관, CES 2025, 생활가전, 디지털헬스, 인공지능, 스마트홈",-,,,스마트 홈,-,-,-,2025,-,Y,확정,스마트 홈(12%),KOSIS_VALUE,hcx,전시 분야 비중,스마트 홈,2025,Y,hcx,현재값,12,-,-,N,%,비중,-,전년,"[검증 대상 문장] 통합한국관 주요 전시 분야는 생활가전(18%) 디지털헬스(17%), 인공지능(16%), 스마트 홈(12%) 순으로 집계됐다.",high,N,-,N,0,0,HCX-007,v1.6-early-kosis-context,2026-07-30,전시 분야 비중,,2025,Y,2025,,%,%,rate,level,item,,N,N,DECLARED_SINGLE_COMPANY,"claim_domain_scope=개별기업: 개별기업 수치는 KOSIS 산업 집계와 다름 (같은 기사에서 확인된 출처, 이 문장은 자체 출처 없음)",REJECT,DECLARED_SINGLE_COMPANY,,N,,,,,DECLARED_SINGLE_COMPANY,"claim_domain_scope=개별기업: 개별기업 수치는 KOSIS 산업 집계와 다름 (같은 기사에서 확인된 출처, 이 문장은 자체 출처 없음)",REJECT,Y,direct,,,,,rate,N,N,,
A0005-SP454E38A216,A0005-SP454E38A216-m1,A0005,"정부, 美 ‘CES 2025′에 역대 최대 통합한국관 운영",2025-01-01,https://www.chosun.com/economy/industry-company/2025/01/01/2LIJLNBNSNANXCA6WLEDQ7A74A,"올해 한국은 삼성, LG, 현대, SK 등 글로벌 대기업과 통합한국관 445개사, 기타 중소·중견기업 455여개를 포함한 약 900개사가 참가할 예정이다.","분야는 생활가전(18%) 디지털헬스(17%), 인공지능(16%), 스마트 홈(12%) 순으로 집계됐다.",전체 한국 기업 참가 숫자도 지난해보다 100개가량 늘어난 최대다.,개별기업,N,무역,통합한국관 참가 업체 수,"통합한국관, CES, 참가 업체 수, 글로벌 대기업, 중소·중견기업",-,,,,-,-,-,2025,-,Y,확정,통합한국관 445개사,KOSIS_VALUE,hcx,통합한국관 참가 업체 수,-,2025,Y,hcx,현재값,445,-,-,N,개,수준값,-,전년,"올해 한국은 삼성, LG, 현대, SK 등 글로벌 대기업과 통합한국관 445개사, 기타 중소·중견기업 455여개를 포함한 약 900개사가 참가할 예정이다.",high,N,-,N,0,0,HCX-007,v1.6-early-kosis-context,2026-07-30,통합한국관 참가 업체 수,,2025,Y,2025,RELATIVE_YEAR_FROM_ARTICLE_DATE,개사,개,count,count,organization,,N,N,OUT_OF_KOSIS_SCOPE,claim_domain_scope=개별기업,REJECT,OUT_OF_KOSIS_SCOPE,,N,,,,,DECLARED_SINGLE_COMPANY,claim_domain_scope=개별기업: 개별기업 수치는 KOSIS 산업 집계와 다름,REJECT,Y,direct,,,,,count,N,N,,
A0005-SP454E38A216,A0005-SP454E38A216-m2,A0005,"정부, 美 ‘CES 2025′에 역대 최대 통합한국관 운영",2025-01-01,https://www.chosun.com/economy/industry-company/2025/01/01/2LIJLNBNSNANXCA6WLEDQ7A74A,"올해 한국은 삼성, LG, 현대, SK 등 글로벌 대기업과 통합한국관 445개사, 기타 중소·중견기업 455여개를 포함한 약 900개사가 참가할 예정이다.","분야는 생활가전(18%) 디지털헬스(17%), 인공지능(16%), 스마트 홈(12%) 순으로 집계됐다.",전체 한국 기업 참가 숫자도 지난해보다 100개가량 늘어난 최대다.,개별기업,N,무역,통합한국관 참가 업체 수,"통합한국관, CES, 참가 업체 수, 글로벌 대기업, 중소·중견기업",-,,,,-,-,-,2025,-,Y,확정,기타 중소·중견기업 455여개,KOSIS_VALUE,hcx,통합한국관 참가 업체 수,-,2025,Y,hcx,현재값,455,-,-,Y,개,수준값,-,전년,"올해 한국은 삼성, LG, 현대, SK 등 글로벌 대기업과 통합한국관 445개사, 기타 중소·중견기업 455여개를 포함한 약 900개사가 참가할 예정이다.",high,N,-,N,0,0,HCX-007,v1.6-early-kosis-context,2026-07-30,통합한국관 참가 업체 수,,2025,Y,2025,RELATIVE_YEAR_FROM_ARTICLE_DATE,개,개,count,count,organization,,N,N,OUT_OF_KOSIS_SCOPE,claim_domain_scope=개별기업,REJECT,OUT_OF_KOSIS_SCOPE,,N,,,,,DECLARED_SINGLE_COMPANY,claim_domain_scope=개별기업: 개별기업 수치는 KOSIS 산업 집계와 다름,REJECT,Y,direct,,,,,count,N,N,,
A0005-SP454E38A216,A0005-SP454E38A216-m3,A0005,"정부, 美 ‘CES 2025′에 역대 최대 통합한국관 운영",2025-01-01,https://www.chosun.com/economy/industry-company/2025/01/01/2LIJLNBNSNANXCA6WLEDQ7A74A,"올해 한국은 삼성, LG, 현대, SK 등 글로벌 대기업과 통합한국관 445개사, 기타 중소·중견기업 455여개를 포함한 약 900개사가 참가할 예정이다.","분야는 생활가전(18%) 디지털헬스(17%), 인공지능(16%), 스마트 홈(12%) 순으로 집계됐다.",전체 한국 기업 참가 숫자도 지난해보다 100개가량 늘어난 최대다.,개별기업,N,무역,통합한국관 참가 업체 수,"통합한국관, CES, 참가 업체 수, 글로벌 대기업, 중소·중견기업",-,,,,-,-,-,2025,-,Y,확정,약 900개사,KOSIS_VALUE,hcx,통합한국관 참가 업체 수,-,2025,Y,hcx,현재값,900,-,-,Y,개,수준값,-,전년,"올해 한국은 삼성, LG, 현대, SK 등 글로벌 대기업과 통합한국관 445개사, 기타 중소·중견기업 455여개를 포함한 약 900개사가 참가할 예정이다.",high,N,-,N,0,0,HCX-007,v1.6-early-kosis-context,2026-07-30,통합한국관 참가 업체 수,,2025,Y,2025,RELATIVE_YEAR_FROM_ARTICLE_DATE,개사,개,count,count,organization,,N,N,OUT_OF_KOSIS_SCOPE,claim_domain_scope=개별기업,REJECT,OUT_OF_KOSIS_SCOPE,,N,,,,,DECLARED_SINGLE_COMPANY,claim_domain_scope=개별기업: 개별기업 수치는 KOSIS 산업 집계와 다름,REJECT,Y,direct,,,,,count,N,N,,
A0005-SP2C3251DAD2,A0005-SP2C3251DAD2-m1,A0005,"정부, 美 ‘CES 2025′에 역대 최대 통합한국관 운영",2025-01-01,https://www.chosun.com/economy/industry-company/2025/01/01/2LIJLNBNSNANXCA6WLEDQ7A74A,전체 한국 기업 참가 숫자도 지난해보다 100개가량 늘어난 최대다.,"올해 한국은 삼성, LG, 현대, SK 등 글로벌 대기업과 통합한국관 445개사, 기타 중소·중견기업 455여개를 포함한 약 900개사가 참가할 예정이다.","CES 2025는 ‘Dive In(빠져들다)’을 주제로, 기술과 인간의 상호작용을 통해 혁신의 가능성을 제시한다.",개별기업,N,무역,참가 기업 증가폭,"통합한국관, CES, 기업 참가",-,,,,-,-,-,2025,-,Y,확정,100개가량,KOSIS_VALUE,hcx,참가 기업 증가폭,-,2025,Y,hcx,증감값,100,-,-,Y,개,증감량,증가,전년,전체 한국 기업 참가 숫자도 지난해보다 100개가량 늘어난 최대다.,mid,N,-,N,0,0,HCX-007,v1.6-early-kosis-context,2026-07-30,참가 기업 수,,2025,Y,2025,RELATIVE_YEAR_FROM_ARTICLE_DATE|ABSOLUTE_CHANGE_FROM_TEXT|COMPARISON_PERIOD_TO_TARGET,개,개,count,absolute_change,organization,2024,N,N,OUT_OF_KOSIS_SCOPE,claim_domain_scope=개별기업,REJECT,OUT_OF_KOSIS_SCOPE,,N,,,,,DECLARED_SINGLE_COMPANY,claim_domain_scope=개별기업: 개별기업 수치는 KOSIS 산업 집계와 다름,REJECT,Y,direct,,,,,count,N,N,,
A0006-SP87456992F3,A0006-SP87456992F3-m2,A0006,"2024년 수출, 6838억달러로 ‘역대 최대’ 경신",2025-01-01,https://www.chosun.com/economy/industry-company/2025/01/01/2UPTGREAPRAWRG4XUBRMLONSKY,"이전 최대 실적은 2022년 기록한 6836억달러인데, 이를 2년 만에 근소하게 경신한 것이다.",한국의 2024년 수출이 6838억 달러를 기록해 역대 최대실적을 달성했다고 1일 산업통상자원부가 밝혔다.,"이에 따라 2024년 1~9월 기준(WTO)으로 전 세계 수출순위도 2023년 8위에서 두 단계 상승한 6위를 달성했으며, 상위 10대 수출국 중 가장 높은 수출증가율(+9.6%)을 기록했다.",국내공식통계,Y,무역,경신 기간,"수출, 역대 최대, 달러, 경신",-,,,,-,-,-,2022,-,Y,확정,2년,CONTEXT,hcx,경신 기간,-,2022,Y,hcx,참고값,2,-,-,N,년,수준값,-,,"[검증 대상 문장] 이전 최대 실적은 2022년 기록한 6836억달러인데, 이를 2년 만에 근소하게 경신한 것이다.",high,N,-,Y,0,0,HCX-007,v1.6-early-kosis-context,2026-07-30,수출액,,2024,Y,2022,,년,년,duration,condition,unspecified,,N,N,NOT_KOSIS_VALUE,measurement_usage=CONTEXT,REJECT,NOT_KOSIS_VALUE,,N,,,,,,,,N,direct,,,,,duration,N,N,,
A0006-SP454B0C203E,A0006-SP454B0C203E-m1,A0006,"2024년 수출, 6838억달러로 ‘역대 최대’ 경신",2025-01-01,https://www.chosun.com/economy/industry-company/2025/01/01/2UPTGREAPRAWRG4XUBRMLONSKY,"이에 따라 2024년 1~9월 기준(WTO)으로 전 세계 수출순위도 2023년 8위에서 두 단계 상승한 6위를 달성했으며, 상위 10대 수출국 중 가장 높은 수출증가율(+9.6%)을 기록했다.","이전 최대 실적은 2022년 기록한 6836억달러인데, 이를 2년 만에 근소하게 경신한 것이다.",무역수지는 전년 대비 621억 달러 개선된 518억 달러의 흑자를 기록했다.,국내공식통계,Y,무역,세계 수출 순위,"수출, WTO, 순위, 증가율",-,,,,-,-,-,202309,-,M,확정,6위,KOSIS_VALUE,hcx,세계 수출 순위,-,2023,Y,hcx,현재값,6,-,-,N,위,순위,증가,전년,"이에 따라 2024년 1~9월 기준(WTO)으로 전 세계 수출순위도 2023년 8위에서 두 단계 상승한 6위를 달성했으며, 상위 10대 수출국 중 가장 높은 수출증가율(+9.6%)을 기록했다.",high,N,-,Y,0,0,HCX-007,v1.6-early-kosis-context,2026-07-30,수출액,,2024,Y,2023,,위,위,rank,rank,unspecified,,N,N,RANK_NOT_DIRECTLY_COMPARABLE,순위는 KOSIS 원자료와 직접 비교하지 않음,REJECT,RANK_NOT_DIRECTLY_COMPARABLE,,N,,202301,202309,sum,GLOBAL_COMPARISON,세계 비교 문맥(전 세계) — 대상이 국내 통계인지 확인 필요,REVIEW,N,direct,,,,,rank,N,N,,
A0006-SP6E4CDD590E,A0006-SP6E4CDD590E-m1,A0006,"2024년 수출, 6838억달러로 ‘역대 최대’ 경신",2025-01-01,https://www.chosun.com/economy/industry-company/2025/01/01/2UPTGREAPRAWRG4XUBRMLONSKY,무역수지는 전년 대비 621억 달러 개선된 518억 달러의 흑자를 기록했다.,"이에 따라 2024년 1~9월 기준(WTO)으로 전 세계 수출순위도 2023년 8위에서 두 단계 상승한 6위를 달성했으며, 상위 10대 수출국 중 가장 높은 수출증가율(+9.6%)을 기록했다.",2022년 당시 수출액은 역대 최대를 기록하면서도 472억달러 적자를 냈던 것과 다른 결과다.,국내공식통계,N,무역,무역수지 변화폭,"수출, 무역수지, 흑자, 달러",-,,,,-,-,-,2024,-,Y,확정,621억 달러,KOSIS_VALUE,hcx,무역수지 변화폭,-,2024,Y,hcx,현재값,62100000000,-,-,N,달러,증감량,증가,전년,무역수지는 전년 대비 621억 달러 개선된 518억 달러의 흑자를 기록했다.,high,N,-,N,0,0,HCX-007,v1.6-early-kosis-context,2026-07-30,무역수지,,2024,Y,2024,,달러,달러,currency,absolute_change,unspecified,2023,N,N,DERIVED_TRADE_BALANCE,무역 흑자·적자는 수출액과 수입액의 차이로 계산하는 파생값,REJECT,DERIVED_TRADE_BALANCE,,N,,,,,DERIVED_INDICATOR,'무역수지' 는 두 항목의 차이로만 얻어지는 값 — 단일 좌표로 조회할 수 없음,REJECT,Y,direct,,,,,currency,N,N,,
A0006-SP6E4CDD590E,A0006-SP6E4CDD590E-m2,A0006,"2024년 수출, 6838억달러로 ‘역대 최대’ 경신",2025-01-01,https://www.chosun.com/economy/industry-company/2025/01/01/2UPTGREAPRAWRG4XUBRMLONSKY,무역수지는 전년 대비 621억 달러 개선된 518억 달러의 흑자를 기록했다.,"이에 따라 2024년 1~9월 기준(WTO)으로 전 세계 수출순위도 2023년 8위에서 두 단계 상승한 6위를 달성했으며, 상위 10대 수출국 중 가장 높은 수출증가율(+9.6%)을 기록했다.",2022년 당시 수출액은 역대 최대를 기록하면서도 472억달러 적자를 냈던 것과 다른 결과다.,국내공식통계,N,무역,무역수지,"수출, 무역수지, 흑자, 달러",-,,,,-,-,-,2024,-,Y,확정,518억 달러,KOSIS_VALUE,hcx,무역수지,-,2024,Y,hcx,현재값,51800000000,-,-,N,달러,수준값,유지,전년,무역수지는 전년 대비 621억 달러 개선된 518억 달러의 흑자를 기록했다.,high,N,-,N,0,0,HCX-007,v1.6-early-kosis-context,2026-07-30,무역수지,,2024,Y,2024,,달러,달러,currency,amount,unspecified,,N,N,DERIVED_TRADE_BALANCE,무역 흑자·적자는 수출액과 수입액의 차이로 계산하는 파생값,REJECT,DERIVED_TRADE_BALANCE,,N,,,,,DERIVED_INDICATOR,'무역수지' 는 두 항목의 차이로만 얻어지는 값 — 단일 좌표로 조회할 수 없음,REJECT,Y,direct,,,,,currency,N,N,,
A0006-SP619BEED528,A0006-SP619BEED528-m1,A0006,"2024년 수출, 6838억달러로 ‘역대 최대’ 경신",2025-01-01,https://www.chosun.com/economy/industry-company/2025/01/01/2UPTGREAPRAWRG4XUBRMLONSKY,2022년 당시 수출액은 역대 최대를 기록하면서도 472억달러 적자를 냈던 것과 다른 결과다.,무역수지는 전년 대비 621억 달러 개선된 518억 달러의 흑자를 기록했다.,2024년에는 에너지 수입이 감소하면서 전체 수입이 전년 대비 1.6% 감소한 덕에 무역수지가 개선됐다.,국내공식통계,N,무역,기간,"수출액, 역대 최대, 경신, 무역수지, 흑자, 적자",-,,,,-,-,-,2022,-,,확정,2022년,CONDITION,hcx,기간,-,2022,-,hcx,참고값,2022,-,-,N,년,수준값,-,,2022년 당시 수출액은 역대 최대를 기록하면서도 472억달러 적자를 냈던 것과 다른 결과다.,high,N,-,Y,0,0,HCX-007,v1.6-early-kosis-context,2026-07-30,수출액,,2022,,2022,,년,년,duration,condition,unspecified,,N,N,NOT_KOSIS_VALUE,measurement_usage=CONDITION,REJECT,NOT_KOSIS_VALUE,,N,,,,,,,,N,direct,,,,,duration,N,N,,
A0006-SP619BEED528,A0006-SP619BEED528-m2,A0006,"2024년 수출, 6838억달러로 ‘역대 최대’ 경신",2025-01-01,https://www.chosun.com/economy/industry-company/2025/01/01/2UPTGREAPRAWRG4XUBRMLONSKY,2022년 당시 수출액은 역대 최대를 기록하면서도 472억달러 적자를 냈던 것과 다른 결과다.,무역수지는 전년 대비 621억 달러 개선된 518억 달러의 흑자를 기록했다.,2024년에는 에너지 수입이 감소하면서 전체 수입이 전년 대비 1.6% 감소한 덕에 무역수지가 개선됐다.,국내공식통계,N,무역,무역수지,"수출액, 역대 최대, 경신, 무역수지, 흑자, 적자",-,,,,-,-,-,2022,-,,확정,472억달러,KOSIS_VALUE,hcx,무역수지,-,2022,-,hcx,목표값,47200000000,-,-,N,달러,수준값,감소,전년,2022년 당시 수출액은 역대 최대를 기록하면서도 472억달러 적자를 냈던 것과 다른 결과다.,high,N,-,Y,0,0,HCX-007,v1.6-early-kosis-context,2026-07-30,수출액,,2022,,2022,,달러,달러,currency,amount,unspecified,,N,N,TARGET_VALUE_NOT_OBSERVED,measurement_role=목표값,REJECT,TARGET_VALUE_NOT_OBSERVED,,N,,,,,DERIVED_INDICATOR,'무역수지' 는 두 항목의 차이로만 얻어지는 값 — 단일 좌표로 조회할 수 없음,REJECT,Y,direct,,,,,currency,N,N,,
A0006-SPC9A4F05C5A,A0006-SPC9A4F05C5A-m1,A0006,"2024년 수출, 6838억달러로 ‘역대 최대’ 경신",2025-01-01,https://www.chosun.com/economy/industry-company/2025/01/01/2UPTGREAPRAWRG4XUBRMLONSKY,이에 2018년(697억 달러 흑자) 이후 최대 흑자를 기록하게 됐다.,2024년에는 에너지 수입이 감소하면서 전체 수입이 전년 대비 1.6% 감소한 덕에 무역수지가 개선됐다.,"지난해 유가가 하향 안정화된 가운데 반도체 등 IT 품목, 선박·자동차 등 주력 품목과 바이오헬스·농수산식품·화장품 등 소비재 품목이 고르게 호조를 보이면서 역대 최대 수출 실적과 무역수지 흑자를 동시에 기록했다.",국내공식통계,N,무역,무역수지,"수출, 무역수지, 흑자",-,,,,-,-,-,2018,-,Y,확정,697억 달러,KOSIS_VALUE,hcx,무역수지,-,2018,Y,hcx,현재값,69700000000,-,-,N,달러,수준값,유지,전년,이에 2018년(697억 달러 흑자) 이후 최대 흑자를 기록하게 됐다.,high,N,-,N,0,0,HCX-007,v1.6-early-kosis-context,2026-07-30,무역수지,,2024,Y,2018,,달러,달러,currency,amount,unspecified,,N,N,DERIVED_TRADE_BALANCE,무역 흑자·적자는 수출액과 수입액의 차이로 계산하는 파생값,REJECT,DERIVED_TRADE_BALANCE,,N,,,,,DERIVED_INDICATOR,'무역수지' 는 두 항목의 차이로만 얻어지는 값 — 단일 좌표로 조회할 수 없음,REJECT,Y,direct,,,,,currency,N,N,,
A0006-SP9282109973,A0006-SP9282109973-m4,A0006,"2024년 수출, 6838억달러로 ‘역대 최대’ 경신",2025-01-01,https://www.chosun.com/economy/industry-company/2025/01/01/2UPTGREAPRAWRG4XUBRMLONSKY,"◇반도체, 자동차가 이끌고 바이오, 농수산, 화장품 등도 고르게 증가 품목별로는 최대 수출품목인 반도체가 43.9% 증가한 1419억 달러를 기록, 2023년 11월 이후 14개월 연속 증가 흐름을 이어가면서 기존 최대 실적인 2022년 1292억 달러를 2년 만에 경신했다.","지난해 유가가 하향 안정화된 가운데 반도체 등 IT 품목, 선박·자동차 등 주력 품목과 바이오헬스·농수산식품·화장품 등 소비재 품목이 고르게 호조를 보이면서 역대 최대 수출 실적과 무역수지 흑자를 동시에 기록했다.","특히 지난 4분기에는 범용 메모리 가격하락에도 불구하고, DDR5·HBM 등 고부가 품목을 중심으로 수출이 확대되면서 올해 전체적으로 분기별 수출이 우상향했다.",국내공식통계,N,무역,반도체 수출 증가 기간,"반도체, 자동차, 바이오, 농수산, 화장품",-,,,반도체,-,-,-,2023,-,Y,확정,14개월,CONTEXT,hcx,반도체 수출 증가 기간,반도체,2023,Y,hcx,참고값,14,-,-,N,개월,수준값,증가,,"◇반도체, 자동차가 이끌고 바이오, 농수산, 화장품 등도 고르게 증가 품목별로는 최대 수출품목인 반도체가 43.9% 증가한 1419억 달러를 기록, 2023년 11월 이후 14개월 연속 증가 흐름을 이어가면서 기존 최대 실적인 2022년 1292억 달러를 2년 만에 경신했다.",high,N,-,Y,0,0,HCX-007,v1.6-early-kosis-context,2026-07-30,수출액,"반도체, 자동차, 바이오, 농수산, 화장품",2024,Y,2023,,개월,개월,duration,condition,vehicle,,N,N,NOT_KOSIS_VALUE,measurement_usage=CONTEXT,REJECT,NOT_KOSIS_VALUE,,N,,,,,,,,N,direct,,,,,duration,N,N,,
A0006-SP9282109973,A0006-SP9282109973-m5,A0006,"2024년 수출, 6838억달러로 ‘역대 최대’ 경신",2025-01-01,https://www.chosun.com/economy/industry-company/2025/01/01/2UPTGREAPRAWRG4XUBRMLONSKY,"◇반도체, 자동차가 이끌고 바이오, 농수산, 화장품 등도 고르게 증가 품목별로는 최대 수출품목인 반도체가 43.9% 증가한 1419억 달러를 기록, 2023년 11월 이후 14개월 연속 증가 흐름을 이어가면서 기존 최대 실적인 2022년 1292억 달러를 2년 만에 경신했다.","지난해 유가가 하향 안정화된 가운데 반도체 등 IT 품목, 선박·자동차 등 주력 품목과 바이오헬스·농수산식품·화장품 등 소비재 품목이 고르게 호조를 보이면서 역대 최대 수출 실적과 무역수지 흑자를 동시에 기록했다.","특히 지난 4분기에는 범용 메모리 가격하락에도 불구하고, DDR5·HBM 등 고부가 품목을 중심으로 수출이 확대되면서 올해 전체적으로 분기별 수출이 우상향했다.",국내공식통계,N,무역,최대 실적인 2022년 경신까지 걸린 시간,"반도체, 자동차, 바이오, 농수산, 화장품",-,,,반도체,-,-,-,2022,-,Y,확정,2년,CONTEXT,hcx,최대 실적인 2022년 경신까지 걸린 시간,반도체,2022,Y,hcx,참고값,2,-,-,N,년,수준값,증가,,"◇반도체, 자동차가 이끌고 바이오, 농수산, 화장품 등도 고르게 증가 품목별로는 최대 수출품목인 반도체가 43.9% 증가한 1419억 달러를 기록, 2023년 11월 이후 14개월 연속 증가 흐름을 이어가면서 기존 최대 실적인 2022년 1292억 달러를 2년 만에 경신했다.",high,N,-,Y,0,0,HCX-007,v1.6-early-kosis-context,2026-07-30,수출액,"반도체, 자동차, 바이오, 농수산, 화장품",2024,Y,2022,,년,년,duration,condition,vehicle,,N,N,NOT_KOSIS_VALUE,measurement_usage=CONTEXT,REJECT,NOT_KOSIS_VALUE,,N,,,,,,,,N,direct,,,,,duration,N,N,,
A0006-SP64EB447E6E,A0006-SP64EB447E6E-m3,A0006,"2024년 수출, 6838억달러로 ‘역대 최대’ 경신",2025-01-01,https://www.chosun.com/economy/industry-company/2025/01/01/2UPTGREAPRAWRG4XUBRMLONSKY,"자동차 수출은 하반기 주요 완성차·부품업계 파업 등에 따른 일부 생산 차질 영향으로 전년도와 보합세인 708억 달러(-0.1%)를 기록하였으며, 2년 연속 700억 달러 이상의 호실적을 이어갔다.","특히 지난 4분기에는 범용 메모리 가격하락에도 불구하고, DDR5·HBM 등 고부가 품목을 중심으로 수출이 확대되면서 올해 전체적으로 분기별 수출이 우상향했다.","선박 수출은 2021년 높은 선가로 수주한 LNG 운반선, 대형 컨테이너선 등 고부가 선박이 본격 수출되면서 두 자릿수(18%) 증가한 256억 달러를 기록했다.",국내공식통계,N,무역,자동차 수출 목표치,"자동차, 수출, 완성차, 부품업계, 생산 차질",-,,,자동차,-,-,-,2024,-,Y,확정,700억 달러,CONDITION,hcx,자동차 수출 목표치,자동차,2024,Y,hcx,참고값,70000000000,-,-,N,달러,수준값,-,전년,"자동차 수출은 하반기 주요 완성차·부품업계 파업 등에 따른 일부 생산 차질 영향으로 전년도와 보합세인 708억 달러(-0.1%)를 기록하였으며, 2년 연속 700억 달러 이상의 호실적을 이어갔다.",high,Y,measurement_rule_fallback:1,Y,1,0,HCX-007,v1.6-early-kosis-context,2026-07-30,자동차 수출,자동차,2024,Y,2024,,달러,달러,currency,amount,vehicle,,N,N,NOT_KOSIS_VALUE,measurement_usage=CONDITION,REJECT,NOT_KOSIS_VALUE,,N,,,,,,,,N,direct,,,,,currency,N,N,,
A0006-SP64EB447E6E,A0006-SP64EB447E6E-m4,A0006,"2024년 수출, 6838억달러로 ‘역대 최대’ 경신",2025-01-01,https://www.chosun.com/economy/industry-company/2025/01/01/2UPTGREAPRAWRG4XUBRMLONSKY,"자동차 수출은 하반기 주요 완성차·부품업계 파업 등에 따른 일부 생산 차질 영향으로 전년도와 보합세인 708억 달러(-0.1%)를 기록하였으며, 2년 연속 700억 달러 이상의 호실적을 이어갔다.","특히 지난 4분기에는 범용 메모리 가격하락에도 불구하고, DDR5·HBM 등 고부가 품목을 중심으로 수출이 확대되면서 올해 전체적으로 분기별 수출이 우상향했다.","선박 수출은 2021년 높은 선가로 수주한 LNG 운반선, 대형 컨테이너선 등 고부가 선박이 본격 수출되면서 두 자릿수(18%) 증가한 256억 달러를 기록했다.",국내공식통계,N,무역,자동차 수출,"자동차, 수출, 완성차, 부품업계, 생산 차질",-,,,자동차,-,-,-,2024,-,Y,확정,2년,CONTEXT,rule_fallback,자동차 수출,자동차,2024,Y,rule_fallback,참고값,2,-,-,N,년,수준값,-,,"자동차 수출은 하반기 주요 완성차·부품업계 파업 등에 따른 일부 생산 차질 영향으로 전년도와 보합세인 708억 달러(-0.1%)를 기록하였으며, 2년 연속 700억 달러 이상의 호실적을 이어갔다.",high,Y,measurement_rule_fallback:1,Y,1,0,HCX-007,v1.6-early-kosis-context,2026-07-30,자동차 수출,자동차,2024,Y,2024,,년,년,duration,condition,vehicle,,N,N,NOT_KOSIS_VALUE,measurement_usage=CONTEXT,REJECT,NOT_KOSIS_VALUE,,N,,,,,,,,N,direct,,,,,duration,N,N,,
A0006-SPA4FBC97BC2,A0006-SPA4FBC97BC2-m7,A0006,"2024년 수출, 6838억달러로 ‘역대 최대’ 경신",2025-01-01,https://www.chosun.com/economy/industry-company/2025/01/01/2UPTGREAPRAWRG4XUBRMLONSKY,"바이오헬스 수출은 바이오시밀러 등 의약품을 중심으로 전년 대비 13.1% 증가한 151억 달러를 기록했으며, 전 세계적으로 K푸드, K뷰티 선호가 확대되면서 농수산식품 수출은 117억 달러(7.6%), 화장품 수출(102억 달러, +20.6%)은 처음으로 100억 달러를 돌파하면서 역대 최대 수출실적을 경신했다.","석유화학 수출은 480억 달러로, 하반기 유가 하락에 따른 수출단가 하락에도 불구하고 수출물량이 확대되면서 5% 증가했다.",◇12월 수출 6.6% 늘어난 614억달러...수출 증가율 5개월 만에 반등 한편 이날 동시에 발표된 지난 12월 수출액은 614억달러로 전년 동월 대비 6.6% 증가했다.,국내공식통계,N,무역,화장품 수출액 돌파 기준,"수출, 역대 최대, 경신",-,,,화장품,-,-,-,2024,-,Y,확정,100억 달러,CONTEXT,hcx,화장품 수출액 돌파 기준,화장품,2024,Y,hcx,참고값,10000000000,-,-,N,달러,수준값,증가,전년,"바이오헬스 수출은 바이오시밀러 등 의약품을 중심으로 전년 대비 13.1% 증가한 151억 달러를 기록했으며, 전 세계적으로 K푸드, K뷰티 선호가 확대되면서 농수산식품 수출은 117억 달러(7.6%), 화장품 수출(102억 달러, +20.6%)은 처음으로 100억 달러를 돌파하면서 역대 최대 수출실적을 경신했다.",high,N,-,N,0,0,HCX-007,v1.6-early-kosis-context,2026-07-30,수출액,"바이오헬스, 농수산식품, 화장품",2024,Y,2024,,달러,달러,currency,amount,item,,N,N,NOT_KOSIS_VALUE,measurement_usage=CONTEXT,REJECT,NOT_KOSIS_VALUE,,N,,,,sum,GLOBAL_COMPARISON,세계 비교 문맥(전 세계) — 대상이 국내 통계인지 확인 필요,REVIEW,N,direct,,,,,currency,N,N,,
A0006-SP9461F3F4FE,A0006-SP9461F3F4FE-m3,A0006,"2024년 수출, 6838억달러로 ‘역대 최대’ 경신",2025-01-01,https://www.chosun.com/economy/industry-company/2025/01/01/2UPTGREAPRAWRG4XUBRMLONSKY,◇12월 수출 6.6% 늘어난 614억달러...수출 증가율 5개월 만에 반등 한편 이날 동시에 발표된 지난 12월 수출액은 614억달러로 전년 동월 대비 6.6% 증가했다.,"바이오헬스 수출은 바이오시밀러 등 의약품을 중심으로 전년 대비 13.1% 증가한 151억 달러를 기록했으며, 전 세계적으로 K푸드, K뷰티 선호가 확대되면서 농수산식품 수출은 117억 달러(7.6%), 화장품 수출(102억 달러, +20.6%)은 처음으로 100억 달러를 돌파하면서 역대 최대 수출실적을 경신했다.",15개월 연속 플러스 흐름을 이어간 것이다.,국내공식통계,Y,무역,수출 증가율 반등 기간,"수출, 달러, 역대 최대, 경신",-,,,,-,-,-,202412,-,M,확정,5개월,CONTEXT,hcx,수출 증가율 반등 기간,-,2024,M,hcx,참고값,5,-,-,N,개월,수준값,증가,전년동월,지난 12월 수출액은 614억달러로 전년 동월 대비 6.6% 증가했다.,high,N,-,Y,0,0,HCX-007,v1.6-early-kosis-context,2026-07-30,수출액,,2024,M,2024,CHANGE_BASE_FROM_EXPLICIT_TEXT|SINGLE_MONTH_FROM_TEXT,개월,개월,duration,rate_change,unspecified,202312,N,N,NOT_KOSIS_VALUE,measurement_usage=CONTEXT,REJECT,NOT_KOSIS_VALUE,,N,,,,,,,,N,direct,,,,,duration,N,N,,
A0007-SPBACEEAC833,A0007-SPBACEEAC833-m1,A0007,"외신 “2024년, 2018년 이후 가장 항공 희생자 많은 해 됐다”",2025-01-01,https://www.chosun.com/economy/industry-company/2025/01/01/CQYMZH3PHRHZ7CXJFKL5PT4AB4,영국 항공 데이터분석 기관 시리움(Cirium)에 따르면 지난해 여객기 사고로 숨진 사람은 세계에서 318명에 이른다.,0 2024년이 무안공항 제주항공 참사와 아제르바이잔 항공기 추락 사건을 계기로 2018년 이후 가장 많은 사망자가 발생한 해가 됐다.,보잉 737 맥스 여객기가 자카르타에서 추락한 사고로 189명이 사망한 사건이 발생한 2018년(전체 사망자 526명) 이후 가장 많다.,해외통계·정책,N,보건·복지,항공 희생자 수,"항공, 희생자, 사망자, 여객기 사고",-,,,,-,-,-,2024,-,Y,확정,318명,KOSIS_VALUE,hcx,항공 희생자 수,-,2024,Y,hcx,현재값,318,-,-,N,명,수준값,-,전년,영국 항공 데이터분석 기관 시리움(Cirium)에 따르면 지난해 여객기 사고로 숨진 사람은 세계에서 318명에 이른다.,high,N,-,N,0,0,HCX-007,v1.6-early-kosis-context,2026-07-30,항공 희생자 수,,2024,Y,2024,RELATIVE_YEAR_FROM_ARTICLE_DATE,명,명,person_count,count,unspecified,,N,N,OUT_OF_KOSIS_SCOPE,claim_domain_scope=해외통계·정책,REJECT,OUT_OF_KOSIS_SCOPE,,N,,,,,,,,N,direct,,,,,person_count,N,N,,
A0007-SP3F647A10AD,A0007-SP3F647A10AD-m1,A0007,"외신 “2024년, 2018년 이후 가장 항공 희생자 많은 해 됐다”",2025-01-01,https://www.chosun.com/economy/industry-company/2025/01/01/CQYMZH3PHRHZ7CXJFKL5PT4AB4,보잉 737 맥스 여객기가 자카르타에서 추락한 사고로 189명이 사망한 사건이 발생한 2018년(전체 사망자 526명) 이후 가장 많다.,영국 항공 데이터분석 기관 시리움(Cirium)에 따르면 지난해 여객기 사고로 숨진 사람은 세계에서 318명에 이른다.,"작년 1월에는 또 일본항공 비행기가 공항에서 해안 경비대 비행기와 충돌하는 사고가 있었고, 5월에는 미얀마 상공에서 싱가포르 항공 비행기가 난류에 휩쓸려 추락했다.",해외통계·정책,N,보건·복지,항공 희생자 수,"항공 희생자, 사고, 사망자",-,,,,-,-,-,2018,-,Y,확정,189명,KOSIS_VALUE,hcx,항공 희생자 수,-,2018,Y,hcx,이전값,189,-,-,N,명,수준값,-,전년동기,보잉 737 맥스 여객기가 자카르타에서 추락한 사고로 189명이 사망한 사건이 발생한 2018년(전체 사망자 526명) 이후 가장 많다.,high,N,-,N,0,0,HCX-007,v1.6-early-kosis-context,2026-07-30,항공 희생자 수,,2024,Y,2018,,명,명,person_count,count,unspecified,,N,N,OUT_OF_KOSIS_SCOPE,claim_domain_scope=해외통계·정책,REJECT,OUT_OF_KOSIS_SCOPE,,N,,,,,,,,N,direct,,,,,person_count,N,N,,
A0007-SP3F647A10AD,A0007-SP3F647A10AD-m2,A0007,"외신 “2024년, 2018년 이후 가장 항공 희생자 많은 해 됐다”",2025-01-01,https://www.chosun.com/economy/industry-company/2025/01/01/CQYMZH3PHRHZ7CXJFKL5PT4AB4,보잉 737 맥스 여객기가 자카르타에서 추락한 사고로 189명이 사망한 사건이 발생한 2018년(전체 사망자 526명) 이후 가장 많다.,영국 항공 데이터분석 기관 시리움(Cirium)에 따르면 지난해 여객기 사고로 숨진 사람은 세계에서 318명에 이른다.,"작년 1월에는 또 일본항공 비행기가 공항에서 해안 경비대 비행기와 충돌하는 사고가 있었고, 5월에는 미얀마 상공에서 싱가포르 항공 비행기가 난류에 휩쓸려 추락했다.",해외통계·정책,N,보건·복지,항공 희생자 수,"항공 희생자, 사고, 사망자",-,,,,-,-,-,2018,-,Y,확정,526명,KOSIS_VALUE,hcx,항공 희생자 수,-,2018,Y,hcx,이전값,526,-,-,N,명,수준값,-,전년동기,보잉 737 맥스 여객기가 자카르타에서 추락한 사고로 189명이 사망한 사건이 발생한 2018년(전체 사망자 526명) 이후 가장 많다.,high,N,-,N,0,0,HCX-007,v1.6-early-kosis-context,2026-07-30,항공 희생자 수,,2024,Y,2018,,명,명,person_count,count,unspecified,,N,N,OUT_OF_KOSIS_SCOPE,claim_domain_scope=해외통계·정책,REJECT,OUT_OF_KOSIS_SCOPE,,N,,,,,,,,N,direct,,,,,person_count,N,N,,
A0008-SP48CB3B69FB,A0008-SP48CB3B69FB-m1,A0008,가스공사 5억·삼천리 3억 기부,2025-01-01,https://www.chosun.com/economy/industry-company/2025/01/01/M2MAOXQQG5GE5CER35HRDHBBXI,한국가스공사는 저소득 가정 청소년을 위한 성금 5억원을 대구 사회복지공동모금회에 기탁했다고 31일 밝혔다.,-,성금은 대구 지역 생계급여 수급 가정 청소년 약 4800명에게 각 10만원씩 전달된다.,개별기업,N,기타,성금,"가스공사, 저소득 가정 청소년, 성금, 대구, 사회복지공동모금회",-,청소년,,,저소득 가정 청소년,-,-,,-,,확정,5억원,KOSIS_VALUE,hcx,성금,-,-,-,hcx,현재값,500000000,-,-,N,원,수준값,-,,한국가스공사는 저소득 가정 청소년을 위한 성금 5억원을 대구 사회복지공동모금회에 기탁했다고 31일 밝혔다.,high,Y,measurement_period_ungrounded:1,N,0,0,HCX-007,v1.6-early-kosis-context,2026-07-30,성금,,202501,M,,,원,원,currency,amount,unspecified,,N,N,OUT_OF_KOSIS_SCOPE,claim_domain_scope=개별기업,REJECT,OUT_OF_KOSIS_SCOPE,,N,,,,,DECLARED_SINGLE_COMPANY,claim_domain_scope=개별기업: 개별기업 수치는 KOSIS 산업 집계와 다름,REJECT,Y,direct,,,,,currency,N,N,,
A0008-SP52B645E3ED,A0008-SP52B645E3ED-m1,A0008,가스공사 5억·삼천리 3억 기부,2025-01-01,https://www.chosun.com/economy/industry-company/2025/01/01/M2MAOXQQG5GE5CER35HRDHBBXI,성금은 대구 지역 생계급여 수급 가정 청소년 약 4800명에게 각 10만원씩 전달된다.,한국가스공사는 저소득 가정 청소년을 위한 성금 5억원을 대구 사회복지공동모금회에 기탁했다고 31일 밝혔다.,가스공사는 “겨울철 취약 계층의 에너지 요금 부담을 덜어주기 위해 성금을 마련했다”고 했다.,개별기업,N,기타,지원 대상 인원,"가스공사, 성금, 저소득, 가정, 청소년, 대구, 사회복지공동모금회",대구,,,,생계급여 수급 가정 청소년,-,-,202501,-,M,확정,약 4800명,POLICY_VALUE,hcx,지원 대상 인원,-,202501,M,claim_fallback,현재값,4800,-,-,Y,명,수준값,-,,성금은 대구 지역 생계급여 수급 가정 청소년 약 4800명에게 각 10만원씩 전달된다.,high,Y,measurement_binding_fallback:2;measurement_period_ungrounded:2,N,0,2,HCX-007,v1.6-early-kosis-context,2026-07-30,저소득 가정 청소년 지원 성금,,202501,M,202501,,명,명,person_count,count,unspecified,,N,N,NOT_KOSIS_VALUE,measurement_usage=POLICY_VALUE,REJECT,NOT_KOSIS_VALUE,,N,,,,,DECLARED_SINGLE_COMPANY,claim_domain_scope=개별기업: 개별기업 수치는 KOSIS 산업 집계와 다름,REJECT,Y,direct,,,,,person_count,N,N,,
A0008-SP52B645E3ED,A0008-SP52B645E3ED-m2,A0008,가스공사 5억·삼천리 3억 기부,2025-01-01,https://www.chosun.com/economy/industry-company/2025/01/01/M2MAOXQQG5GE5CER35HRDHBBXI,성금은 대구 지역 생계급여 수급 가정 청소년 약 4800명에게 각 10만원씩 전달된다.,한국가스공사는 저소득 가정 청소년을 위한 성금 5억원을 대구 사회복지공동모금회에 기탁했다고 31일 밝혔다.,가스공사는 “겨울철 취약 계층의 에너지 요금 부담을 덜어주기 위해 성금을 마련했다”고 했다.,개별기업,N,기타,개인별 지원 금액,"가스공사, 성금, 저소득, 가정, 청소년, 대구, 사회복지공동모금회",대구,,,,생계급여 수급 가정 청소년,-,-,202501,-,M,확정,각 10만원씩,POLICY_VALUE,hcx,개인별 지원 금액,-,202501,M,claim_fallback,현재값,100000,-,-,N,원,수준값,-,,성금은 대구 지역 생계급여 수급 가정 청소년 약 4800명에게 각 10만원씩 전달된다.,high,Y,measurement_binding_fallback:2;measurement_period_ungrounded:2,N,0,2,HCX-007,v1.6-early-kosis-context,2026-07-30,저소득 가정 청소년 지원 성금,,202501,M,202501,,원,원,currency,amount,unspecified,,N,N,NOT_KOSIS_VALUE,measurement_usage=POLICY_VALUE,REJECT,NOT_KOSIS_VALUE,,N,,,,,DECLARED_SINGLE_COMPANY,claim_domain_scope=개별기업: 개별기업 수치는 KOSIS 산업 집계와 다름,REJECT,Y,direct,,,,,currency,N,N,,
A0009-SP6DEE6F8890,A0009-SP6DEE6F8890-m1,A0009,"승객 수는 더 많은 LCC, 정비사는 대형 항공사의 38%",2025-01-01,https://www.chosun.com/economy/industry-company/2025/01/01/PVCPHJRE7RDT7L2ZG2LDED5NNA,7 2023년 국적기로 국제선을 이용한 여객 4720만여 명 가운데 저비용항공사(LCC) 이용객이 2419만여 명으로 대형항공사(대한항공·아시아나항공) 이용객 2300만여 명을 처음으로 넘어섰다.,-,"국내선 여객수는 일찌감치 넘어섰지만, 난공불락 같았던 국제선 역시 LCC를 타고 해외로 나가는 사람이 더 많아진 것이다.",국내공식통계,N,무역,국제선 이용객 수,"저비용항공사, 대형항공사, 국제선, 여객, 이용객",-,,,"LCC, 대형항공사",-,-,-,2023,-,Y,확정,4720만여 명,KOSIS_VALUE,hcx,국제선 이용객 수,"LCC, 대형항공사",2023,Y,hcx,현재값,47200000,-,-,Y,명,수준값,-,전년,2023년 국적기로 국제선을 이용한 여객 4720만여 명 가운데 저비용항공사(LCC) 이용객이 2419만여 명으로 대형항공사(대한항공·아시아나항공) 이용객 2300만여 명을 처음으로 넘어섰다.,high,N,-,N,0,0,HCX-007,v1.6-early-kosis-context,2026-07-30,국제선 이용객 수,"LCC, 대형항공사",2023,Y,2023,,명,명,person_count,count,person,,N,N,INTERNAL_DOCUMENT_SOURCE,"'본지가' — 공표 통계가 아니라 개별 요청으로 받은 자료 (같은 기사에서 확인된 출처, 이 문장은 자체 출처 없음)",REJECT,INTERNAL_DOCUMENT_SOURCE,,N,,,,,INTERNAL_DOCUMENT_SOURCE,"'본지가' — 공표 통계가 아니라 개별 요청으로 받은 자료 (같은 기사에서 확인된 출처, 이 문장은 자체 출처 없음)",REJECT,Y,direct,,,,,person_count,N,N,,
A0009-SP6DEE6F8890,A0009-SP6DEE6F8890-m2,A0009,"승객 수는 더 많은 LCC, 정비사는 대형 항공사의 38%",2025-01-01,https://www.chosun.com/economy/industry-company/2025/01/01/PVCPHJRE7RDT7L2ZG2LDED5NNA,7 2023년 국적기로 국제선을 이용한 여객 4720만여 명 가운데 저비용항공사(LCC) 이용객이 2419만여 명으로 대형항공사(대한항공·아시아나항공) 이용객 2300만여 명을 처음으로 넘어섰다.,-,"국내선 여객수는 일찌감치 넘어섰지만, 난공불락 같았던 국제선 역시 LCC를 타고 해외로 나가는 사람이 더 많아진 것이다.",국내공식통계,N,무역,LCC 이용객 수,"저비용항공사, 대형항공사, 국제선, 여객, 이용객",-,,,LCC,-,-,-,2023,-,Y,확정,2419만여 명,KOSIS_VALUE,hcx,LCC 이용객 수,LCC,2023,Y,hcx,현재값,24190000,-,-,Y,명,수준값,-,전년,2023년 국적기로 국제선을 이용한 여객 4720만여 명 가운데 저비용항공사(LCC) 이용객이 2419만여 명으로 대형항공사(대한항공·아시아나항공) 이용객 2300만여 명을 처음으로 넘어섰다.,high,N,-,N,0,0,HCX-007,v1.6-early-kosis-context,2026-07-30,국제선 이용객 수,"LCC, 대형항공사",2023,Y,2023,,명,명,person_count,count,person,,N,N,INTERNAL_DOCUMENT_SOURCE,"'본지가' — 공표 통계가 아니라 개별 요청으로 받은 자료 (같은 기사에서 확인된 출처, 이 문장은 자체 출처 없음)",REJECT,INTERNAL_DOCUMENT_SOURCE,,N,,,,,INTERNAL_DOCUMENT_SOURCE,"'본지가' — 공표 통계가 아니라 개별 요청으로 받은 자료 (같은 기사에서 확인된 출처, 이 문장은 자체 출처 없음)",REJECT,Y,direct,,,,,person_count,N,N,,
A0009-SP6DEE6F8890,A0009-SP6DEE6F8890-m3,A0009,"승객 수는 더 많은 LCC, 정비사는 대형 항공사의 38%",2025-01-01,https://www.chosun.com/economy/industry-company/2025/01/01/PVCPHJRE7RDT7L2ZG2LDED5NNA,7 2023년 국적기로 국제선을 이용한 여객 4720만여 명 가운데 저비용항공사(LCC) 이용객이 2419만여 명으로 대형항공사(대한항공·아시아나항공) 이용객 2300만여 명을 처음으로 넘어섰다.,-,"국내선 여객수는 일찌감치 넘어섰지만, 난공불락 같았던 국제선 역시 LCC를 타고 해외로 나가는 사람이 더 많아진 것이다.",국내공식통계,N,무역,대형항공사 이용객 수,"저비용항공사, 대형항공사, 국제선, 여객, 이용객",-,,,"대한항공, 아시아나항공",-,-,-,2023,-,Y,확정,2300만여 명,KOSIS_VALUE,hcx,대형항공사 이용객 수,"대한항공, 아시아나항공",2023,Y,hcx,현재값,23000000,-,-,Y,명,수준값,-,전년,2023년 국적기로 국제선을 이용한 여객 4720만여 명 가운데 저비용항공사(LCC) 이용객이 2419만여 명으로 대형항공사(대한항공·아시아나항공) 이용객 2300만여 명을 처음으로 넘어섰다.,high,N,-,N,0,0,HCX-007,v1.6-early-kosis-context,2026-07-30,국제선 이용객 수,"LCC, 대형항공사",2023,Y,2023,,명,명,person_count,count,person,,N,N,INTERNAL_DOCUMENT_SOURCE,"'본지가' — 공표 통계가 아니라 개별 요청으로 받은 자료 (같은 기사에서 확인된 출처, 이 문장은 자체 출처 없음)",REJECT,INTERNAL_DOCUMENT_SOURCE,,N,,,,,INTERNAL_DOCUMENT_SOURCE,"'본지가' — 공표 통계가 아니라 개별 요청으로 받은 자료 (같은 기사에서 확인된 출처, 이 문장은 자체 출처 없음)",REJECT,Y,direct,,,,,person_count,N,N,,
A0009-SP34DD5F12F6,A0009-SP34DD5F12F6-m1,A0009,"승객 수는 더 많은 LCC, 정비사는 대형 항공사의 38%",2025-01-01,https://www.chosun.com/economy/industry-company/2025/01/01/PVCPHJRE7RDT7L2ZG2LDED5NNA,"31일 본지가 국토교통부의 항공 정비사 통계를 분석한 결과, 대한항공과 아시아나 2사 소속이 전체의 72.6%를 차지하는 것으로 나타났다. 반면 운송 여객 수가 더 많은 LCC 10사(여객·화물 항공사 포함)의 정비사 비율은 27.4%에 그쳤다.","이처럼 LCC 이용객은 빠르게 늘고 있지만, ‘제1 원칙’인 안전 투자에선 정반대의 결과가 벌어지고 있다.","‘박리다매’ 전략으로 해외 중고기를 도입해, 중·단거리 위주의 잦은 운항을 지속하는 LCC들이 정작 정비와 같은 안전 투자에는 상대적으로 소홀하다는 뜻이다.",국내공식통계,Y,고용,대형 항공사 정비사 비율,"국토교통부, 항공 정비사, 대형항공사, LCC, 정비사 비율",-,,,항공,-,-,-,2023,-,Y,확정,72.6%,KOSIS_VALUE,hcx,대형 항공사 정비사 비율,항공,2023,Y,hcx,현재값,72.6,-,-,N,%,비중,유지,전년,"31일 본지가 국토교통부의 항공 정비사 통계를 분석한 결과, 대한항공과 아시아나 2사 소속이 전체의 72.6%를 차지하는 것으로 나타났다. 반면 운송 여객 수가 더 많은 LCC 10사(여객·화물 항공사 포함)의 정비사 비율은 27.4%에 그쳤다.",high,N,-,Y,0,0,HCX-007,v1.6-early-kosis-context,2026-07-30,정비사 비율,항공,2023,Y,2023,,%,%,rate,rate_level,person,,N,N,SHARE_CLAIM_UNSUPPORTED,구성비 주장은 분자·분모 축이 둘 다 필요해 현재 좌표 모델로 표현할 수 없다,REJECT,SHARE_CLAIM_UNSUPPORTED,,N,,,,,INTERNAL_DOCUMENT_SOURCE,'본지가' — 공표 통계가 아니라 개별 요청으로 받은 자료,REJECT,Y,direct,,,,,rate,N,N,,
A0009-SP34DD5F12F6,A0009-SP34DD5F12F6-m2,A0009,"승객 수는 더 많은 LCC, 정비사는 대형 항공사의 38%",2025-01-01,https://www.chosun.com/economy/industry-company/2025/01/01/PVCPHJRE7RDT7L2ZG2LDED5NNA,"31일 본지가 국토교통부의 항공 정비사 통계를 분석한 결과, 대한항공과 아시아나 2사 소속이 전체의 72.6%를 차지하는 것으로 나타났다. 반면 운송 여객 수가 더 많은 LCC 10사(여객·화물 항공사 포함)의 정비사 비율은 27.4%에 그쳤다.","이처럼 LCC 이용객은 빠르게 늘고 있지만, ‘제1 원칙’인 안전 투자에선 정반대의 결과가 벌어지고 있다.","‘박리다매’ 전략으로 해외 중고기를 도입해, 중·단거리 위주의 잦은 운항을 지속하는 LCC들이 정작 정비와 같은 안전 투자에는 상대적으로 소홀하다는 뜻이다.",국내공식통계,Y,고용,LCC 정비사 비율,"국토교통부, 항공 정비사, 대형항공사, LCC, 정비사 비율",-,,,항공,-,-,-,2023,-,Y,확정,27.4%,KOSIS_VALUE,hcx,LCC 정비사 비율,항공,2023,Y,hcx,현재값,27.4,-,-,N,%,비중,유지,전년,"31일 본지가 국토교통부의 항공 정비사 통계를 분석한 결과, 대한항공과 아시아나 2사 소속이 전체의 72.6%를 차지하는 것으로 나타났다. 반면 운송 여객 수가 더 많은 LCC 10사(여객·화물 항공사 포함)의 정비사 비율은 27.4%에 그쳤다.",high,N,-,Y,0,0,HCX-007,v1.6-early-kosis-context,2026-07-30,정비사 비율,항공,2023,Y,2023,,%,%,rate,rate_level,person,,N,N,SHARE_CLAIM_UNSUPPORTED,구성비 주장은 분자·분모 축이 둘 다 필요해 현재 좌표 모델로 표현할 수 없다,REJECT,SHARE_CLAIM_UNSUPPORTED,,N,,,,,INTERNAL_DOCUMENT_SOURCE,'본지가' — 공표 통계가 아니라 개별 요청으로 받은 자료,REJECT,Y,direct,,,,,rate,N,N,,
A0009-SP34DD5F12F6,A0009-SP34DD5F12F6-m3,A0009,"승객 수는 더 많은 LCC, 정비사는 대형 항공사의 38%",2025-01-01,https://www.chosun.com/economy/industry-company/2025/01/01/PVCPHJRE7RDT7L2ZG2LDED5NNA,"31일 본지가 국토교통부의 항공 정비사 통계를 분석한 결과, 대한항공과 아시아나 2사 소속이 전체의 72.6%를 차지하는 것으로 나타났다. 반면 운송 여객 수가 더 많은 LCC 10사(여객·화물 항공사 포함)의 정비사 비율은 27.4%에 그쳤다.","이처럼 LCC 이용객은 빠르게 늘고 있지만, ‘제1 원칙’인 안전 투자에선 정반대의 결과가 벌어지고 있다.","‘박리다매’ 전략으로 해외 중고기를 도입해, 중·단거리 위주의 잦은 운항을 지속하는 LCC들이 정작 정비와 같은 안전 투자에는 상대적으로 소홀하다는 뜻이다.",국내공식통계,Y,고용,대형 항공사 수,"국토교통부, 항공 정비사, 대형항공사, LCC, 정비사 비율",-,,,항공,-,-,-,2023,-,Y,확정,2사,CONTEXT,hcx,대형 항공사 수,항공,2023,Y,hcx,참고값,2,-,-,N,개,수준값,-,,"31일 본지가 국토교통부의 항공 정비사 통계를 분석한 결과, 대한항공과 아시아나 2사 소속이 전체의 72.6%를 차지하는 것으로 나타났다. 반면 운송 여객 수가 더 많은 LCC 10사(여객·화물 항공사 포함)의 정비사 비율은 27.4%에 그쳤다.",high,N,-,Y,0,0,HCX-007,v1.6-early-kosis-context,2026-07-30,정비사 비율,항공,2023,Y,2023,,사,개,count,count,organization,,N,N,NOT_KOSIS_VALUE,measurement_usage=CONTEXT,REJECT,NOT_KOSIS_VALUE,,N,,,,,INTERNAL_DOCUMENT_SOURCE,'본지가' — 공표 통계가 아니라 개별 요청으로 받은 자료,REJECT,Y,direct,,,,,count,N,N,,
A0009-SP34DD5F12F6,A0009-SP34DD5F12F6-m4,A0009,"승객 수는 더 많은 LCC, 정비사는 대형 항공사의 38%",2025-01-01,https://www.chosun.com/economy/industry-company/2025/01/01/PVCPHJRE7RDT7L2ZG2LDED5NNA,"31일 본지가 국토교통부의 항공 정비사 통계를 분석한 결과, 대한항공과 아시아나 2사 소속이 전체의 72.6%를 차지하는 것으로 나타났다. 반면 운송 여객 수가 더 많은 LCC 10사(여객·화물 항공사 포함)의 정비사 비율은 27.4%에 그쳤다.","이처럼 LCC 이용객은 빠르게 늘고 있지만, ‘제1 원칙’인 안전 투자에선 정반대의 결과가 벌어지고 있다.","‘박리다매’ 전략으로 해외 중고기를 도입해, 중·단거리 위주의 잦은 운항을 지속하는 LCC들이 정작 정비와 같은 안전 투자에는 상대적으로 소홀하다는 뜻이다.",국내공식통계,Y,고용,LCC 수,"국토교통부, 항공 정비사, 대형항공사, LCC, 정비사 비율",-,,,항공,-,-,-,2023,-,Y,확정,10사,CONTEXT,hcx,LCC 수,항공,2023,Y,hcx,참고값,10,-,-,N,개,수준값,-,,"31일 본지가 국토교통부의 항공 정비사 통계를 분석한 결과, 대한항공과 아시아나 2사 소속이 전체의 72.6%를 차지하는 것으로 나타났다. 반면 운송 여객 수가 더 많은 LCC 10사(여객·화물 항공사 포함)의 정비사 비율은 27.4%에 그쳤다.",high,N,-,Y,0,0,HCX-007,v1.6-early-kosis-context,2026-07-30,정비사 비율,항공,2023,Y,2023,,사,개,count,count,item,,N,N,NOT_KOSIS_VALUE,measurement_usage=CONTEXT,REJECT,NOT_KOSIS_VALUE,,N,,,,,INTERNAL_DOCUMENT_SOURCE,'본지가' — 공표 통계가 아니라 개별 요청으로 받은 자료,REJECT,Y,direct,,,,,count,N,N,,
A0009-SP5AD77DAE18,A0009-SP5AD77DAE18-m1,A0009,"승객 수는 더 많은 LCC, 정비사는 대형 항공사의 38%",2025-01-01,https://www.chosun.com/economy/industry-company/2025/01/01/PVCPHJRE7RDT7L2ZG2LDED5NNA,"◇급성장한 LCC, 안전 투자는 미흡 국토교통부가 지난해 9월 발표한 ‘2023 항공안전백서’에 따르면, 국내 12개 항공사의 정비사 총 5849명(2023년말 기준) 가운데 대형 항공사인 대한항공, 아시아나항공 등 2사 소속은 4248명이었다. 제주항공·진에어 등 LCC 10사의 정비사는 모두 1601명으로, 대형항공사의 3분의 1 수준(37.7%)에 그쳤다.","이같은 우려가 커지자, 제주항공은 이날 브리핑을 갖고 “2025년 3월까지 운항량을 10~15% 감축하고, 정비사도 추가 고용하겠다”고 밝혔다.","이를 각 사의 항공기 보유 대수로 나눠보면, 대형항공사들은 대당 16~18명 수준의 정비사를 보유하고 있지만 LCC는 10.6명이었다.",국내공식통계,N,고용,항공사 총수,"LCC, 대형 항공사, 정비사, 항공안전백서",-,,,항공,-,-,-,2024,-,Y,확정,12개,CONTEXT,hcx,항공사 총수,항공,2023년말,Y,hcx,현재값,12,-,-,N,개,수준값,-,전년,"국토교통부가 지난해 9월 발표한 ‘2023 항공안전백서’에 따르면, 국내 12개 항공사의 정비사 총 5849명(2023년말 기준) 가운데 대형 항공사인 대한항공, 아시아나항공 등 2사 소속은 4248명이었다. 제주항공·진에어 등 LCC 10사의 정비사는 모두 1601명으로, 대형항공사의 3분의 1 수준(37.7%)에 그쳤다.",high,N,-,Y,0,0,HCX-007,v1.6-early-kosis-context,2026-07-30,정비사 수,항공,2023년말,Y,2023년말,RELATIVE_YEAR_MONTH_FROM_ARTICLE_DATE,개,개,count,count,organization,,N,N,NOT_KOSIS_VALUE,measurement_usage=CONTEXT,REJECT,NOT_KOSIS_VALUE,,N,,,,,ENUMERATED_COMPANIES,"개별 기업 4곳(대한항공, 아시아나항공, 제주항공) 합계 — 산업 집계와 정의가 다름",REJECT,Y,direct,,,,,count,N,N,,
A0009-SP5AD77DAE18,A0009-SP5AD77DAE18-m2,A0009,"승객 수는 더 많은 LCC, 정비사는 대형 항공사의 38%",2025-01-01,https://www.chosun.com/economy/industry-company/2025/01/01/PVCPHJRE7RDT7L2ZG2LDED5NNA,"◇급성장한 LCC, 안전 투자는 미흡 국토교통부가 지난해 9월 발표한 ‘2023 항공안전백서’에 따르면, 국내 12개 항공사의 정비사 총 5849명(2023년말 기준) 가운데 대형 항공사인 대한항공, 아시아나항공 등 2사 소속은 4248명이었다. 제주항공·진에어 등 LCC 10사의 정비사는 모두 1601명으로, 대형항공사의 3분의 1 수준(37.7%)에 그쳤다.","이같은 우려가 커지자, 제주항공은 이날 브리핑을 갖고 “2025년 3월까지 운항량을 10~15% 감축하고, 정비사도 추가 고용하겠다”고 밝혔다.","이를 각 사의 항공기 보유 대수로 나눠보면, 대형항공사들은 대당 16~18명 수준의 정비사를 보유하고 있지만 LCC는 10.6명이었다.",국내공식통계,N,고용,대형 항공사 수,"LCC, 대형 항공사, 정비사, 항공안전백서",-,,,항공,-,-,-,2023,-,Y,확정,2사,CONTEXT,hcx,대형 항공사 수,항공,2023년말,Y,hcx,현재값,2,-,-,N,개,수준값,-,전년,"국토교통부가 지난해 9월 발표한 ‘2023 항공안전백서’에 따르면, 국내 12개 항공사의 정비사 총 5849명(2023년말 기준) 가운데 대형 항공사인 대한항공, 아시아나항공 등 2사 소속은 4248명이었다. 제주항공·진에어 등 LCC 10사의 정비사는 모두 1601명으로, 대형항공사의 3분의 1 수준(37.7%)에 그쳤다.",high,N,-,Y,0,0,HCX-007,v1.6-early-kosis-context,2026-07-30,정비사 수,항공,2023년말,Y,2023년말,,사,개,count,count,organization,,N,N,NOT_KOSIS_VALUE,measurement_usage=CONTEXT,REJECT,NOT_KOSIS_VALUE,,N,,,,,ENUMERATED_COMPANIES,"개별 기업 4곳(대한항공, 아시아나항공, 제주항공) 합계 — 산업 집계와 정의가 다름",REJECT,Y,direct,,,,,count,N,N,,
A0009-SP5AD77DAE18,A0009-SP5AD77DAE18-m3,A0009,"승객 수는 더 많은 LCC, 정비사는 대형 항공사의 38%",2025-01-01,https://www.chosun.com/economy/industry-company/2025/01/01/PVCPHJRE7RDT7L2ZG2LDED5NNA,"◇급성장한 LCC, 안전 투자는 미흡 국토교통부가 지난해 9월 발표한 ‘2023 항공안전백서’에 따르면, 국내 12개 항공사의 정비사 총 5849명(2023년말 기준) 가운데 대형 항공사인 대한항공, 아시아나항공 등 2사 소속은 4248명이었다. 제주항공·진에어 등 LCC 10사의 정비사는 모두 1601명으로, 대형항공사의 3분의 1 수준(37.7%)에 그쳤다.","이같은 우려가 커지자, 제주항공은 이날 브리핑을 갖고 “2025년 3월까지 운항량을 10~15% 감축하고, 정비사도 추가 고용하겠다”고 밝혔다.","이를 각 사의 항공기 보유 대수로 나눠보면, 대형항공사들은 대당 16~18명 수준의 정비사를 보유하고 있지만 LCC는 10.6명이었다.",국내공식통계,N,고용,LCC 수,"LCC, 대형 항공사, 정비사, 항공안전백서",-,,,항공,-,-,-,2023,-,Y,확정,10사,CONTEXT,hcx,LCC 수,항공,2023년말,Y,hcx,현재값,10,-,-,N,개,수준값,-,전년,"국토교통부가 지난해 9월 발표한 ‘2023 항공안전백서’에 따르면, 국내 12개 항공사의 정비사 총 5849명(2023년말 기준) 가운데 대형 항공사인 대한항공, 아시아나항공 등 2사 소속은 4248명이었다. 제주항공·진에어 등 LCC 10사의 정비사는 모두 1601명으로, 대형항공사의 3분의 1 수준(37.7%)에 그쳤다.",high,N,-,Y,0,0,HCX-007,v1.6-early-kosis-context,2026-07-30,정비사 수,항공,2023년말,Y,2023년말,,사,개,count,count,item,,N,N,NOT_KOSIS_VALUE,measurement_usage=CONTEXT,REJECT,NOT_KOSIS_VALUE,,N,,,,,ENUMERATED_COMPANIES,"개별 기업 4곳(대한항공, 아시아나항공, 제주항공) 합계 — 산업 집계와 정의가 다름",REJECT,Y,direct,,,,,count,N,N,,
A0009-SP5AD77DAE18,A0009-SP5AD77DAE18-m4,A0009,"승객 수는 더 많은 LCC, 정비사는 대형 항공사의 38%",2025-01-01,https://www.chosun.com/economy/industry-company/2025/01/01/PVCPHJRE7RDT7L2ZG2LDED5NNA,"◇급성장한 LCC, 안전 투자는 미흡 국토교통부가 지난해 9월 발표한 ‘2023 항공안전백서’에 따르면, 국내 12개 항공사의 정비사 총 5849명(2023년말 기준) 가운데 대형 항공사인 대한항공, 아시아나항공 등 2사 소속은 4248명이었다. 제주항공·진에어 등 LCC 10사의 정비사는 모두 1601명으로, 대형항공사의 3분의 1 수준(37.7%)에 그쳤다.","이같은 우려가 커지자, 제주항공은 이날 브리핑을 갖고 “2025년 3월까지 운항량을 10~15% 감축하고, 정비사도 추가 고용하겠다”고 밝혔다.","이를 각 사의 항공기 보유 대수로 나눠보면, 대형항공사들은 대당 16~18명 수준의 정비사를 보유하고 있지만 LCC는 10.6명이었다.",국내공식통계,N,고용,정비사 총수,"LCC, 대형 항공사, 정비사, 항공안전백서",-,,,항공,-,-,-,2023,-,Y,확정,5849명,KOSIS_VALUE,hcx,정비사 총수,항공,2023년말,Y,hcx,현재값,5849,-,-,N,명,수준값,-,전년,"국토교통부가 지난해 9월 발표한 ‘2023 항공안전백서’에 따르면, 국내 12개 항공사의 정비사 총 5849명(2023년말 기준) 가운데 대형 항공사인 대한항공, 아시아나항공 등 2사 소속은 4248명이었다. 제주항공·진에어 등 LCC 10사의 정비사는 모두 1601명으로, 대형항공사의 3분의 1 수준(37.7%)에 그쳤다.",high,N,-,Y,0,0,HCX-007,v1.6-early-kosis-context,2026-07-30,정비사 수,항공,2023년말,Y,2023년말,,명,명,person_count,count,person,,N,N,ENUMERATED_COMPANIES,"개별 기업 4곳(대한항공, 아시아나항공, 제주항공) 합계 — 산업 집계와 정의가 다름",REJECT,ENUMERATED_COMPANIES,,N,,,,,ENUMERATED_COMPANIES,"개별 기업 4곳(대한항공, 아시아나항공, 제주항공) 합계 — 산업 집계와 정의가 다름",REJECT,Y,direct,,,,,person_count,N,N,,
A0009-SP5AD77DAE18,A0009-SP5AD77DAE18-m5,A0009,"승객 수는 더 많은 LCC, 정비사는 대형 항공사의 38%",2025-01-01,https://www.chosun.com/economy/industry-company/2025/01/01/PVCPHJRE7RDT7L2ZG2LDED5NNA,"◇급성장한 LCC, 안전 투자는 미흡 국토교통부가 지난해 9월 발표한 ‘2023 항공안전백서’에 따르면, 국내 12개 항공사의 정비사 총 5849명(2023년말 기준) 가운데 대형 항공사인 대한항공, 아시아나항공 등 2사 소속은 4248명이었다. 제주항공·진에어 등 LCC 10사의 정비사는 모두 1601명으로, 대형항공사의 3분의 1 수준(37.7%)에 그쳤다.","이같은 우려가 커지자, 제주항공은 이날 브리핑을 갖고 “2025년 3월까지 운항량을 10~15% 감축하고, 정비사도 추가 고용하겠다”고 밝혔다.","이를 각 사의 항공기 보유 대수로 나눠보면, 대형항공사들은 대당 16~18명 수준의 정비사를 보유하고 있지만 LCC는 10.6명이었다.",국내공식통계,N,고용,대형 항공사 정비사 수,"LCC, 대형 항공사, 정비사, 항공안전백서",-,,,항공,-,-,-,2023,-,Y,확정,4248명,KOSIS_VALUE,hcx,대형 항공사 정비사 수,항공,2023년말,Y,hcx,현재값,4248,-,-,N,명,수준값,-,전년,"국토교통부가 지난해 9월 발표한 ‘2023 항공안전백서’에 따르면, 국내 12개 항공사의 정비사 총 5849명(2023년말 기준) 가운데 대형 항공사인 대한항공, 아시아나항공 등 2사 소속은 4248명이었다. 제주항공·진에어 등 LCC 10사의 정비사는 모두 1601명으로, 대형항공사의 3분의 1 수준(37.7%)에 그쳤다.",high,N,-,Y,0,0,HCX-007,v1.6-early-kosis-context,2026-07-30,정비사 수,항공,2023년말,Y,2023년말,,명,명,person_count,count,person,,N,N,ENUMERATED_COMPANIES,"개별 기업 4곳(대한항공, 아시아나항공, 제주항공) 합계 — 산업 집계와 정의가 다름",REJECT,ENUMERATED_COMPANIES,,N,,,,,ENUMERATED_COMPANIES,"개별 기업 4곳(대한항공, 아시아나항공, 제주항공) 합계 — 산업 집계와 정의가 다름",REJECT,Y,direct,,,,,person_count,N,N,,
A0009-SP5AD77DAE18,A0009-SP5AD77DAE18-m6,A0009,"승객 수는 더 많은 LCC, 정비사는 대형 항공사의 38%",2025-01-01,https://www.chosun.com/economy/industry-company/2025/01/01/PVCPHJRE7RDT7L2ZG2LDED5NNA,"◇급성장한 LCC, 안전 투자는 미흡 국토교통부가 지난해 9월 발표한 ‘2023 항공안전백서’에 따르면, 국내 12개 항공사의 정비사 총 5849명(2023년말 기준) 가운데 대형 항공사인 대한항공, 아시아나항공 등 2사 소속은 4248명이었다. 제주항공·진에어 등 LCC 10사의 정비사는 모두 1601명으로, 대형항공사의 3분의 1 수준(37.7%)에 그쳤다.","이같은 우려가 커지자, 제주항공은 이날 브리핑을 갖고 “2025년 3월까지 운항량을 10~15% 감축하고, 정비사도 추가 고용하겠다”고 밝혔다.","이를 각 사의 항공기 보유 대수로 나눠보면, 대형항공사들은 대당 16~18명 수준의 정비사를 보유하고 있지만 LCC는 10.6명이었다.",국내공식통계,N,고용,LCC 정비사 수,"LCC, 대형 항공사, 정비사, 항공안전백서",-,,,항공,-,-,-,2023,-,Y,확정,1601명,KOSIS_VALUE,hcx,LCC 정비사 수,항공,2023년말,Y,hcx,현재값,1601,-,-,N,명,수준값,-,전년,"국토교통부가 지난해 9월 발표한 ‘2023 항공안전백서’에 따르면, 국내 12개 항공사의 정비사 총 5849명(2023년말 기준) 가운데 대형 항공사인 대한항공, 아시아나항공 등 2사 소속은 4248명이었다. 제주항공·진에어 등 LCC 10사의 정비사는 모두 1601명으로, 대형항공사의 3분의 1 수준(37.7%)에 그쳤다.",high,N,-,Y,0,0,HCX-007,v1.6-early-kosis-context,2026-07-30,정비사 수,항공,2023년말,Y,2023년말,,명,명,person_count,count,person,,N,N,ENUMERATED_COMPANIES,"개별 기업 4곳(대한항공, 아시아나항공, 제주항공) 합계 — 산업 집계와 정의가 다름",REJECT,ENUMERATED_COMPANIES,,N,,,,,ENUMERATED_COMPANIES,"개별 기업 4곳(대한항공, 아시아나항공, 제주항공) 합계 — 산업 집계와 정의가 다름",REJECT,Y,direct,,,,,person_count,N,N,,
A0009-SP5AD77DAE18,A0009-SP5AD77DAE18-m7,A0009,"승객 수는 더 많은 LCC, 정비사는 대형 항공사의 38%",2025-01-01,https://www.chosun.com/economy/industry-company/2025/01/01/PVCPHJRE7RDT7L2ZG2LDED5NNA,"◇급성장한 LCC, 안전 투자는 미흡 국토교통부가 지난해 9월 발표한 ‘2023 항공안전백서’에 따르면, 국내 12개 항공사의 정비사 총 5849명(2023년말 기준) 가운데 대형 항공사인 대한항공, 아시아나항공 등 2사 소속은 4248명이었다. 제주항공·진에어 등 LCC 10사의 정비사는 모두 1601명으로, 대형항공사의 3분의 1 수준(37.7%)에 그쳤다.","이같은 우려가 커지자, 제주항공은 이날 브리핑을 갖고 “2025년 3월까지 운항량을 10~15% 감축하고, 정비사도 추가 고용하겠다”고 밝혔다.","이를 각 사의 항공기 보유 대수로 나눠보면, 대형항공사들은 대당 16~18명 수준의 정비사를 보유하고 있지만 LCC는 10.6명이었다.",국내공식통계,N,고용,LCC 정비사 비율,"LCC, 대형 항공사, 정비사, 항공안전백서",-,,,항공,-,-,-,2023,-,Y,확정,37.7%,KOSIS_VALUE,hcx,LCC 정비사 비율,항공,2023년말,Y,hcx,현재값,37.7,-,-,N,%,비중,-,전년,"국토교통부가 지난해 9월 발표한 ‘2023 항공안전백서’에 따르면, 국내 12개 항공사의 정비사 총 5849명(2023년말 기준) 가운데 대형 항공사인 대한항공, 아시아나항공 등 2사 소속은 4248명이었다. 제주항공·진에어 등 LCC 10사의 정비사는 모두 1601명으로, 대형항공사의 3분의 1 수준(37.7%)에 그쳤다.",high,N,-,Y,0,0,HCX-007,v1.6-early-kosis-context,2026-07-30,정비사 수,항공,2023년말,Y,2023년말,,%,%,rate,rate_level,person,,N,N,SHARE_CLAIM_UNSUPPORTED,구성비 주장은 분자·분모 축이 둘 다 필요해 현재 좌표 모델로 표현할 수 없다,REJECT,SHARE_CLAIM_UNSUPPORTED,,N,,,,,ENUMERATED_COMPANIES,"개별 기업 4곳(대한항공, 아시아나항공, 제주항공) 합계 — 산업 집계와 정의가 다름",REJECT,Y,direct,,,,,rate,N,N,,
A0009-SP0F7192C81B,A0009-SP0F7192C81B-m1,A0009,"승객 수는 더 많은 LCC, 정비사는 대형 항공사의 38%",2025-01-01,https://www.chosun.com/economy/industry-company/2025/01/01/PVCPHJRE7RDT7L2ZG2LDED5NNA,"제주항공·진에어 등 LCC 10사의 정비사는 모두 1601명으로, 대형항공사의 3분의 1 수준(37.7%)에 그쳤다.","◇급성장한 LCC, 안전 투자는 미흡 국토교통부가 지난해 9월 발표한 ‘2023 항공안전백서’에 따르면, 국내 12개 항공사의 정비사 총 5849명(2023년말 기준) 가운데 대형 항공사인 대한항공, 아시아나항공 등 2사 소속은 4248명이었다.","이를 각 사의 항공기 보유 대수로 나눠보면, 대형항공사들은 대당 16~18명 수준의 정비사를 보유하고 있지만 LCC는 10.6명이었다.",국내공식통계,N,고용,LCC 수,"LCC, 정비사, 대형 항공사, 비율",-,,,항공,-,-,-,2023,-,Y,확정,10사,CONTEXT,hcx,LCC 수,항공,2023년말,Y,hcx,현재값,10,-,-,N,개,수준값,-,,"제주항공·진에어 등 LCC 10사의 정비사는 모두 1601명으로, 대형항공사의 3분의 1 수준(37.7%)에 그쳤다.",high,N,-,Y,0,0,HCX-007,v1.6-early-kosis-context,2026-07-30,정비사 비율,항공,2023년말,Y,2023년말,,사,개,count,count,item,,N,N,NOT_KOSIS_VALUE,measurement_usage=CONTEXT,REJECT,NOT_KOSIS_VALUE,,N,,,,,ENUMERATED_COMPANIES,"개별 기업 2곳(제주항공, 진에어) 합계 — 산업 집계와 정의가 다름",REJECT,Y,direct,,,,,count,N,N,,
A0009-SP0F7192C81B,A0009-SP0F7192C81B-m2,A0009,"승객 수는 더 많은 LCC, 정비사는 대형 항공사의 38%",2025-01-01,https://www.chosun.com/economy/industry-company/2025/01/01/PVCPHJRE7RDT7L2ZG2LDED5NNA,"제주항공·진에어 등 LCC 10사의 정비사는 모두 1601명으로, 대형항공사의 3분의 1 수준(37.7%)에 그쳤다.","◇급성장한 LCC, 안전 투자는 미흡 국토교통부가 지난해 9월 발표한 ‘2023 항공안전백서’에 따르면, 국내 12개 항공사의 정비사 총 5849명(2023년말 기준) 가운데 대형 항공사인 대한항공, 아시아나항공 등 2사 소속은 4248명이었다.","이를 각 사의 항공기 보유 대수로 나눠보면, 대형항공사들은 대당 16~18명 수준의 정비사를 보유하고 있지만 LCC는 10.6명이었다.",국내공식통계,N,고용,LCC 정비사 수,"LCC, 정비사, 대형 항공사, 비율",-,,,항공,-,-,-,2023,-,Y,확정,1601명,KOSIS_VALUE,hcx,LCC 정비사 수,항공,2023년말,Y,hcx,현재값,1601,-,-,N,명,수준값,-,전년,"제주항공·진에어 등 LCC 10사의 정비사는 모두 1601명으로, 대형항공사의 3분의 1 수준(37.7%)에 그쳤다.",high,N,-,Y,0,0,HCX-007,v1.6-early-kosis-context,2026-07-30,정비사 비율,항공,2023년말,Y,2023년말,,명,명,person_count,count,person,,N,N,ENUMERATED_COMPANIES,"개별 기업 2곳(제주항공, 진에어) 합계 — 산업 집계와 정의가 다름",REJECT,ENUMERATED_COMPANIES,,N,,,,,ENUMERATED_COMPANIES,"개별 기업 2곳(제주항공, 진에어) 합계 — 산업 집계와 정의가 다름",REJECT,Y,direct,,,,,person_count,N,N,,
A0009-SP0F7192C81B,A0009-SP0F7192C81B-m3,A0009,"승객 수는 더 많은 LCC, 정비사는 대형 항공사의 38%",2025-01-01,https://www.chosun.com/economy/industry-company/2025/01/01/PVCPHJRE7RDT7L2ZG2LDED5NNA,"제주항공·진에어 등 LCC 10사의 정비사는 모두 1601명으로, 대형항공사의 3분의 1 수준(37.7%)에 그쳤다.","◇급성장한 LCC, 안전 투자는 미흡 국토교통부가 지난해 9월 발표한 ‘2023 항공안전백서’에 따르면, 국내 12개 항공사의 정비사 총 5849명(2023년말 기준) 가운데 대형 항공사인 대한항공, 아시아나항공 등 2사 소속은 4248명이었다.","이를 각 사의 항공기 보유 대수로 나눠보면, 대형항공사들은 대당 16~18명 수준의 정비사를 보유하고 있지만 LCC는 10.6명이었다.",국내공식통계,N,고용,LCC 정비사 비율,"LCC, 정비사, 대형 항공사, 비율",-,,,항공,-,-,-,2023,-,Y,확정,37.7%,KOSIS_VALUE,hcx,LCC 정비사 비율,항공,2023년말,Y,hcx,현재값,37.7,-,-,N,%,비중,-,전년,"제주항공·진에어 등 LCC 10사의 정비사는 모두 1601명으로, 대형항공사의 3분의 1 수준(37.7%)에 그쳤다.",high,N,-,Y,0,0,HCX-007,v1.6-early-kosis-context,2026-07-30,정비사 비율,항공,2023년말,Y,2023년말,,%,%,rate,rate_level,person,,N,N,SHARE_CLAIM_UNSUPPORTED,구성비 주장은 분자·분모 축이 둘 다 필요해 현재 좌표 모델로 표현할 수 없다,REJECT,SHARE_CLAIM_UNSUPPORTED,,N,,,,,ENUMERATED_COMPANIES,"개별 기업 2곳(제주항공, 진에어) 합계 — 산업 집계와 정의가 다름",REJECT,Y,direct,,,,,rate,N,N,,
A0009-SP0D3346E9EB,A0009-SP0D3346E9EB-m1,A0009,"승객 수는 더 많은 LCC, 정비사는 대형 항공사의 38%",2025-01-01,https://www.chosun.com/economy/industry-company/2025/01/01/PVCPHJRE7RDT7L2ZG2LDED5NNA,"이를 각 사의 항공기 보유 대수로 나눠보면, 대형항공사들은 대당 16~18명 수준의 정비사를 보유하고 있지만 LCC는 10.6명이었다.","제주항공·진에어 등 LCC 10사의 정비사는 모두 1601명으로, 대형항공사의 3분의 1 수준(37.7%)에 그쳤다.",이는 그간 수차례 지적됐던 LCC의 안전 문제가 여전히 개선되지 않았음을 의미한다.,국내공식통계,N,고용,정비사 수 대비 항공기 보유 대수,"LCC, 대형항공사, 정비사, 항공기 보유 대수",-,,,대형항공사,-,-,-,2023,-,Y,확정,16명,KOSIS_VALUE,hcx,정비사 수 대비 항공기 보유 대수,대형항공사,2023,Y,hcx,현재값,16,-,-,N,명,수준값,-,전년,"이를 각 사의 항공기 보유 대수로 나눠보면, 대형항공사들은 대당 16~18명 수준의 정비사를 보유하고 있지만 LCC는 10.6명이었다.",high,N,-,Y,0,0,HCX-007,v1.6-early-kosis-context,2026-07-30,정비사 수 대비 항공기 보유 대수,항공,2023,Y,2023,,명,명,person_count,count,person,,N,N,INTERNAL_DOCUMENT_SOURCE,"'본지가' — 공표 통계가 아니라 개별 요청으로 받은 자료 (같은 기사에서 확인된 출처, 이 문장은 자체 출처 없음)",REJECT,INTERNAL_DOCUMENT_SOURCE,,N,,,,,INTERNAL_DOCUMENT_SOURCE,"'본지가' — 공표 통계가 아니라 개별 요청으로 받은 자료 (같은 기사에서 확인된 출처, 이 문장은 자체 출처 없음)",REJECT,Y,direct,,,,,person_count,N,N,,
A0009-SP0D3346E9EB,A0009-SP0D3346E9EB-m2,A0009,"승객 수는 더 많은 LCC, 정비사는 대형 항공사의 38%",2025-01-01,https://www.chosun.com/economy/industry-company/2025/01/01/PVCPHJRE7RDT7L2ZG2LDED5NNA,"이를 각 사의 항공기 보유 대수로 나눠보면, 대형항공사들은 대당 16~18명 수준의 정비사를 보유하고 있지만 LCC는 10.6명이었다.","제주항공·진에어 등 LCC 10사의 정비사는 모두 1601명으로, 대형항공사의 3분의 1 수준(37.7%)에 그쳤다.",이는 그간 수차례 지적됐던 LCC의 안전 문제가 여전히 개선되지 않았음을 의미한다.,국내공식통계,N,고용,정비사 수 대비 항공기 보유 대수,"LCC, 대형항공사, 정비사, 항공기 보유 대수",-,,,대형항공사,-,-,-,2023,-,Y,확정,18명,KOSIS_VALUE,hcx,정비사 수 대비 항공기 보유 대수,대형항공사,2023,Y,hcx,현재값,18,-,-,N,명,수준값,-,전년,"이를 각 사의 항공기 보유 대수로 나눠보면, 대형항공사들은 대당 16~18명 수준의 정비사를 보유하고 있지만 LCC는 10.6명이었다.",high,N,-,Y,0,0,HCX-007,v1.6-early-kosis-context,2026-07-30,정비사 수 대비 항공기 보유 대수,항공,2023,Y,2023,,명,명,person_count,count,person,,N,N,INTERNAL_DOCUMENT_SOURCE,"'본지가' — 공표 통계가 아니라 개별 요청으로 받은 자료 (같은 기사에서 확인된 출처, 이 문장은 자체 출처 없음)",REJECT,INTERNAL_DOCUMENT_SOURCE,,N,,,,,INTERNAL_DOCUMENT_SOURCE,"'본지가' — 공표 통계가 아니라 개별 요청으로 받은 자료 (같은 기사에서 확인된 출처, 이 문장은 자체 출처 없음)",REJECT,Y,direct,,,,,person_count,N,N,,
A0009-SP0D3346E9EB,A0009-SP0D3346E9EB-m3,A0009,"승객 수는 더 많은 LCC, 정비사는 대형 항공사의 38%",2025-01-01,https://www.chosun.com/economy/industry-company/2025/01/01/PVCPHJRE7RDT7L2ZG2LDED5NNA,"이를 각 사의 항공기 보유 대수로 나눠보면, 대형항공사들은 대당 16~18명 수준의 정비사를 보유하고 있지만 LCC는 10.6명이었다.","제주항공·진에어 등 LCC 10사의 정비사는 모두 1601명으로, 대형항공사의 3분의 1 수준(37.7%)에 그쳤다.",이는 그간 수차례 지적됐던 LCC의 안전 문제가 여전히 개선되지 않았음을 의미한다.,국내공식통계,N,고용,정비사 수 대비 항공기 보유 대수,"LCC, 대형항공사, 정비사, 항공기 보유 대수",-,,,LCC,-,-,-,2023,-,Y,확정,10.6명,KOSIS_VALUE,hcx,정비사 수 대비 항공기 보유 대수,LCC,2023,Y,hcx,현재값,10.6,-,-,N,명,수준값,-,전년,"이를 각 사의 항공기 보유 대수로 나눠보면, 대형항공사들은 대당 16~18명 수준의 정비사를 보유하고 있지만 LCC는 10.6명이었다.",high,N,-,Y,0,0,HCX-007,v1.6-early-kosis-context,2026-07-30,정비사 수 대비 항공기 보유 대수,항공,2023,Y,2023,,명,명,person_count,count,person,,N,N,INTERNAL_DOCUMENT_SOURCE,"'본지가' — 공표 통계가 아니라 개별 요청으로 받은 자료 (같은 기사에서 확인된 출처, 이 문장은 자체 출처 없음)",REJECT,INTERNAL_DOCUMENT_SOURCE,,N,,,,,INTERNAL_DOCUMENT_SOURCE,"'본지가' — 공표 통계가 아니라 개별 요청으로 받은 자료 (같은 기사에서 확인된 출처, 이 문장은 자체 출처 없음)",REJECT,Y,direct,,,,,person_count,N,N,,
A0009-SP4BD4AFFF89,A0009-SP4BD4AFFF89-m1,A0009,"승객 수는 더 많은 LCC, 정비사는 대형 항공사의 38%",2025-01-01,https://www.chosun.com/economy/industry-company/2025/01/01/PVCPHJRE7RDT7L2ZG2LDED5NNA,"하지만 지난해 국토부 백서에 따르면, LCC 중 가장 정비사 수가 많은 제주항공도 대당 정비사가 11.2명에 그쳤다.",정부가 내세운 기준은 항공기 1대당 정비사 12명(당시 9~11명)이었다.,이에 대해 제주항공 측은 “정부의 통계 시점인 2023년 말 이후 정비사를 충원해 현재는 정비사가 522명으로 대당 12.7명 수준으로 개선했다”며 “2025년말까지 560명으로 늘리겠다”고 밝혔다.,국내공식통계,N,고용,정비사 비율,"LCC, 정비사, 대형 항공사, 정부 통계, 개선 계획",-,,,제주항공,-,-,-,2023,-,Y,확정,11.2명,KOSIS_VALUE,hcx,정비사 비율,제주항공,2023년,Y,hcx,현재값,11.2,-,-,N,명,수준값,-,전년,"하지만 지난해 국토부 백서에 따르면, LCC 중 가장 정비사 수가 많은 제주항공도 대당 정비사가 11.2명에 그쳤다.",high,N,-,N,0,0,HCX-007,v1.6-early-kosis-context,2026-07-30,정비사 비율,항공 산업,2023년,Y,2023년,,명,명,person_count,rate_level,person,,N,N,SINGLE_COMPANY_METRIC,'제주항공'가 주장의 주체 — 개별 기업 실적이지 산업 집계가 아님,REJECT,SINGLE_COMPANY_METRIC,,N,,,,,SINGLE_COMPANY_METRIC,'제주항공'가 주장의 주체 — 개별 기업 실적이지 산업 집계가 아님,REJECT,Y,direct,,INDICATOR_UNIT_CONFLICT,비율 지표에 비율 단위가 아님: 정비사비율/person_count,,person_count|rate,N,Y,UNIT_HYPOTHESIS_REVIEW_REQUIRED,direct
A0009-SP96268D0EF1,A0009-SP96268D0EF1-m1,A0009,"승객 수는 더 많은 LCC, 정비사는 대형 항공사의 38%",2025-01-01,https://www.chosun.com/economy/industry-company/2025/01/01/PVCPHJRE7RDT7L2ZG2LDED5NNA,"국토교통부가 고시로 지정한 해당 기종의 정비 기준을 살펴보면 최소 중간점검 시 간은 ‘28분’, 항목은 동체와 날개, 엔진, 랜딩 기어(착륙 장치), 조종석 등 20개를 적시해 놓고 있다. 하지만 그 짧은 시간에 20개 항목을 얼마나 철저히 점검할지는 정비사의 몫이다. 해당 사고기는 사고 이틀 전인 지난달 27일부터 48시간 동안 총 8개 공항을 13차례 오가는 빡빡한 비행 스케줄을 소화해, 각 공항에 머무르는 시간은 1시간 안팎에 불과했다. 승객이 내리고 탑승하는 시간을 감안하면, 항공업계에선 정비사들이 조종석에 들어가 경고등이 들어온 게 없는지 보고 기체 안팎을 육안(肉眼)으로 둘러보며 정비 시간 최소치인 28분을 간신히 맞췄을 가능성이 높다고 말한다. 항공업계 관계자는 “법적 요건을 안 지키는 항공사는 없다”며 “다만 정비사 몇 명이서, 얼마나 여유 시간을 갖고 점검 작업을 수행하느냐의 차이가 있는 것”이라고 말했다. 정비사는 적고 업무량은 많다 보니, 온라인에는 “제주항공 정비에서 2년 버티면 어디서도 버틸 수 있다”는 글들이 올라오고 있다. 자체 항공정비(MRO) 시설을 갖춘 대형 항공사와 달리, LCC들은 이 같은 시설을 갖추지 못해 핵심 부품의 중정비는 해외 정비업체에 의존하고 있다.","대표적인 예가, 이번에 무안공항에서 사고가 발생한 B737 기종이다.",LCC 1위인 제주항공이 올해 항공기 정비·수리·개조에 책정한 예산도 2209억원에 그친다.,국내공식통계,N,기타,정비 항목 수,"국토교통부, 고시, 정비 기준, 중간점검, 항목, 동체, 날개, 엔진, 랜딩 기어, 조종석",-,,,항공,-,-,-,,-,,확정,20개,KOSIS_VALUE,hcx,정비 항목 수,항공,-,-,hcx,현재값,20,-,-,N,개,수준값,-,,"국토교통부가 고시로 지정한 해당 기종의 정비 기준을 살펴보면 최소 중간점검 시 간은 ‘28분’, 항목은 동체와 날개, 엔진, 랜딩 기어(착륙 장치), 조종석 등 20개를 적시해 놓고 있다.",high,Y,measurement_rule_fallback:1,Y,1,0,HCX-007,v1.6-early-kosis-context,2026-07-30,정비 항목 수,항공,,,,,개,개,count,count,item,,N,N,DERIVED_DIFFERENCE,문장 내 28과 48의 차이(20)와 일치 — 파생 차액,REJECT,DERIVED_DIFFERENCE,,N,,,,,DERIVED_DIFFERENCE,문장 내 28과 48의 차이(20)와 일치 — 파생 차액,REJECT,Y,direct,,,,,count,N,N,,
A0009-SP96268D0EF1,A0009-SP96268D0EF1-m2,A0009,"승객 수는 더 많은 LCC, 정비사는 대형 항공사의 38%",2025-01-01,https://www.chosun.com/economy/industry-company/2025/01/01/PVCPHJRE7RDT7L2ZG2LDED5NNA,"국토교통부가 고시로 지정한 해당 기종의 정비 기준을 살펴보면 최소 중간점검 시 간은 ‘28분’, 항목은 동체와 날개, 엔진, 랜딩 기어(착륙 장치), 조종석 등 20개를 적시해 놓고 있다. 하지만 그 짧은 시간에 20개 항목을 얼마나 철저히 점검할지는 정비사의 몫이다. 해당 사고기는 사고 이틀 전인 지난달 27일부터 48시간 동안 총 8개 공항을 13차례 오가는 빡빡한 비행 스케줄을 소화해, 각 공항에 머무르는 시간은 1시간 안팎에 불과했다. 승객이 내리고 탑승하는 시간을 감안하면, 항공업계에선 정비사들이 조종석에 들어가 경고등이 들어온 게 없는지 보고 기체 안팎을 육안(肉眼)으로 둘러보며 정비 시간 최소치인 28분을 간신히 맞췄을 가능성이 높다고 말한다. 항공업계 관계자는 “법적 요건을 안 지키는 항공사는 없다”며 “다만 정비사 몇 명이서, 얼마나 여유 시간을 갖고 점검 작업을 수행하느냐의 차이가 있는 것”이라고 말했다. 정비사는 적고 업무량은 많다 보니, 온라인에는 “제주항공 정비에서 2년 버티면 어디서도 버틸 수 있다”는 글들이 올라오고 있다. 자체 항공정비(MRO) 시설을 갖춘 대형 항공사와 달리, LCC들은 이 같은 시설을 갖추지 못해 핵심 부품의 중정비는 해외 정비업체에 의존하고 있다.","대표적인 예가, 이번에 무안공항에서 사고가 발생한 B737 기종이다.",LCC 1위인 제주항공이 올해 항공기 정비·수리·개조에 책정한 예산도 2209억원에 그친다.,국내공식통계,N,기타,사고기 운항 시간,"국토교통부, 고시, 정비 기준, 중간점검, 항목, 동체, 날개, 엔진, 랜딩 기어, 조종석",-,,,항공,-,-,-,2024,-,,확정,48시간,CONDITION,hcx,사고기 운항 시간,항공,-,-,hcx,참고값,48,-,-,N,시간,수준값,-,,"국토교통부가 고시로 지정한 해당 기종의 정비 기준을 살펴보면 최소 중간점검 시 간은 ‘28분’, 항목은 동체와 날개, 엔진, 랜딩 기어(착륙 장치), 조종석 등 20개를 적시해 놓고 있다.",high,Y,measurement_rule_fallback:1,Y,1,0,HCX-007,v1.6-early-kosis-context,2026-07-30,정비 항목 수,항공,,,,PREVIOUS_MONTH_FROM_ARTICLE_DATE,시간,시간,duration,condition,item,,N,N,INTERNAL_DOCUMENT_SOURCE,"'본지가' — 공표 통계가 아니라 개별 요청으로 받은 자료 (같은 기사에서 확인된 출처, 이 문장은 자체 출처 없음)",REJECT,INTERNAL_DOCUMENT_SOURCE,,N,,,,,INTERNAL_DOCUMENT_SOURCE,"'본지가' — 공표 통계가 아니라 개별 요청으로 받은 자료 (같은 기사에서 확인된 출처, 이 문장은 자체 출처 없음)",REJECT,Y,direct,,,,,duration,N,N,,
A0009-SP96268D0EF1,A0009-SP96268D0EF1-m3,A0009,"승객 수는 더 많은 LCC, 정비사는 대형 항공사의 38%",2025-01-01,https://www.chosun.com/economy/industry-company/2025/01/01/PVCPHJRE7RDT7L2ZG2LDED5NNA,"국토교통부가 고시로 지정한 해당 기종의 정비 기준을 살펴보면 최소 중간점검 시 간은 ‘28분’, 항목은 동체와 날개, 엔진, 랜딩 기어(착륙 장치), 조종석 등 20개를 적시해 놓고 있다. 하지만 그 짧은 시간에 20개 항목을 얼마나 철저히 점검할지는 정비사의 몫이다. 해당 사고기는 사고 이틀 전인 지난달 27일부터 48시간 동안 총 8개 공항을 13차례 오가는 빡빡한 비행 스케줄을 소화해, 각 공항에 머무르는 시간은 1시간 안팎에 불과했다. 승객이 내리고 탑승하는 시간을 감안하면, 항공업계에선 정비사들이 조종석에 들어가 경고등이 들어온 게 없는지 보고 기체 안팎을 육안(肉眼)으로 둘러보며 정비 시간 최소치인 28분을 간신히 맞췄을 가능성이 높다고 말한다. 항공업계 관계자는 “법적 요건을 안 지키는 항공사는 없다”며 “다만 정비사 몇 명이서, 얼마나 여유 시간을 갖고 점검 작업을 수행하느냐의 차이가 있는 것”이라고 말했다. 정비사는 적고 업무량은 많다 보니, 온라인에는 “제주항공 정비에서 2년 버티면 어디서도 버틸 수 있다”는 글들이 올라오고 있다. 자체 항공정비(MRO) 시설을 갖춘 대형 항공사와 달리, LCC들은 이 같은 시설을 갖추지 못해 핵심 부품의 중정비는 해외 정비업체에 의존하고 있다.","대표적인 예가, 이번에 무안공항에서 사고가 발생한 B737 기종이다.",LCC 1위인 제주항공이 올해 항공기 정비·수리·개조에 책정한 예산도 2209억원에 그친다.,국내공식통계,N,기타,공항 수,"국토교통부, 고시, 정비 기준, 중간점검, 항목, 동체, 날개, 엔진, 랜딩 기어, 조종석",-,,,항공,-,-,-,2024,-,,확정,8개,KOSIS_VALUE,hcx,공항 수,항공,-,-,hcx,현재값,8,-,-,N,개,수준값,-,,"국토교통부가 고시로 지정한 해당 기종의 정비 기준을 살펴보면 최소 중간점검 시 간은 ‘28분’, 항목은 동체와 날개, 엔진, 랜딩 기어(착륙 장치), 조종석 등 20개를 적시해 놓고 있다.",high,Y,measurement_rule_fallback:1,Y,1,0,HCX-007,v1.6-early-kosis-context,2026-07-30,정비 항목 수,항공,,,,PREVIOUS_MONTH_FROM_ARTICLE_DATE,개,개,count,count,item,,N,N,DERIVED_DIFFERENCE,문장 내 28과 20의 차이(8)와 일치 — 파생 차액,REJECT,DERIVED_DIFFERENCE,,N,,,,,DERIVED_DIFFERENCE,문장 내 28과 20의 차이(8)와 일치 — 파생 차액,REJECT,Y,direct,,,,,count,N,N,,
A0009-SP96268D0EF1,A0009-SP96268D0EF1-m4,A0009,"승객 수는 더 많은 LCC, 정비사는 대형 항공사의 38%",2025-01-01,https://www.chosun.com/economy/industry-company/2025/01/01/PVCPHJRE7RDT7L2ZG2LDED5NNA,"국토교통부가 고시로 지정한 해당 기종의 정비 기준을 살펴보면 최소 중간점검 시 간은 ‘28분’, 항목은 동체와 날개, 엔진, 랜딩 기어(착륙 장치), 조종석 등 20개를 적시해 놓고 있다. 하지만 그 짧은 시간에 20개 항목을 얼마나 철저히 점검할지는 정비사의 몫이다. 해당 사고기는 사고 이틀 전인 지난달 27일부터 48시간 동안 총 8개 공항을 13차례 오가는 빡빡한 비행 스케줄을 소화해, 각 공항에 머무르는 시간은 1시간 안팎에 불과했다. 승객이 내리고 탑승하는 시간을 감안하면, 항공업계에선 정비사들이 조종석에 들어가 경고등이 들어온 게 없는지 보고 기체 안팎을 육안(肉眼)으로 둘러보며 정비 시간 최소치인 28분을 간신히 맞췄을 가능성이 높다고 말한다. 항공업계 관계자는 “법적 요건을 안 지키는 항공사는 없다”며 “다만 정비사 몇 명이서, 얼마나 여유 시간을 갖고 점검 작업을 수행하느냐의 차이가 있는 것”이라고 말했다. 정비사는 적고 업무량은 많다 보니, 온라인에는 “제주항공 정비에서 2년 버티면 어디서도 버틸 수 있다”는 글들이 올라오고 있다. 자체 항공정비(MRO) 시설을 갖춘 대형 항공사와 달리, LCC들은 이 같은 시설을 갖추지 못해 핵심 부품의 중정비는 해외 정비업체에 의존하고 있다.","대표적인 예가, 이번에 무안공항에서 사고가 발생한 B737 기종이다.",LCC 1위인 제주항공이 올해 항공기 정비·수리·개조에 책정한 예산도 2209억원에 그친다.,국내공식통계,N,기타,각 공항 체류 시간,"국토교통부, 고시, 정비 기준, 중간점검, 항목, 동체, 날개, 엔진, 랜딩 기어, 조종석",-,,,항공,-,-,-,,-,,확정,1시간,CONTEXT,hcx,각 공항 체류 시간,항공,-,-,hcx,참고값,1,-,-,N,시간,수준값,-,,"국토교통부가 고시로 지정한 해당 기종의 정비 기준을 살펴보면 최소 중간점검 시 간은 ‘28분’, 항목은 동체와 날개, 엔진, 랜딩 기어(착륙 장치), 조종석 등 20개를 적시해 놓고 있다.",high,Y,measurement_rule_fallback:1,Y,1,0,HCX-007,v1.6-early-kosis-context,2026-07-30,정비 항목 수,항공,,,,,시간,시간,duration,condition,item,,N,N,NOT_KOSIS_VALUE,measurement_usage=CONTEXT,REJECT,NOT_KOSIS_VALUE,,N,,,,,DERIVED_DIFFERENCE,문장 내 28과 27의 차이(1)와 일치 — 파생 차액,REJECT,Y,direct,,,,,duration,N,N,,
A0009-SP96268D0EF1,A0009-SP96268D0EF1-m5,A0009,"승객 수는 더 많은 LCC, 정비사는 대형 항공사의 38%",2025-01-01,https://www.chosun.com/economy/industry-company/2025/01/01/PVCPHJRE7RDT7L2ZG2LDED5NNA,"국토교통부가 고시로 지정한 해당 기종의 정비 기준을 살펴보면 최소 중간점검 시 간은 ‘28분’, 항목은 동체와 날개, 엔진, 랜딩 기어(착륙 장치), 조종석 등 20개를 적시해 놓고 있다. 하지만 그 짧은 시간에 20개 항목을 얼마나 철저히 점검할지는 정비사의 몫이다. 해당 사고기는 사고 이틀 전인 지난달 27일부터 48시간 동안 총 8개 공항을 13차례 오가는 빡빡한 비행 스케줄을 소화해, 각 공항에 머무르는 시간은 1시간 안팎에 불과했다. 승객이 내리고 탑승하는 시간을 감안하면, 항공업계에선 정비사들이 조종석에 들어가 경고등이 들어온 게 없는지 보고 기체 안팎을 육안(肉眼)으로 둘러보며 정비 시간 최소치인 28분을 간신히 맞췄을 가능성이 높다고 말한다. 항공업계 관계자는 “법적 요건을 안 지키는 항공사는 없다”며 “다만 정비사 몇 명이서, 얼마나 여유 시간을 갖고 점검 작업을 수행하느냐의 차이가 있는 것”이라고 말했다. 정비사는 적고 업무량은 많다 보니, 온라인에는 “제주항공 정비에서 2년 버티면 어디서도 버틸 수 있다”는 글들이 올라오고 있다. 자체 항공정비(MRO) 시설을 갖춘 대형 항공사와 달리, LCC들은 이 같은 시설을 갖추지 못해 핵심 부품의 중정비는 해외 정비업체에 의존하고 있다.","대표적인 예가, 이번에 무안공항에서 사고가 발생한 B737 기종이다.",LCC 1위인 제주항공이 올해 항공기 정비·수리·개조에 책정한 예산도 2209억원에 그친다.,국내공식통계,N,기타,정비 항목 수,"국토교통부, 고시, 정비 기준, 중간점검, 항목, 동체, 날개, 엔진, 랜딩 기어, 조종석",-,,,항공,-,-,-,,-,,확정,2년,CONTEXT,rule_fallback,정비 항목 수,항공,-,-,rule_fallback,참고값,2,-,-,N,년,수준값,-,,"국토교통부가 고시로 지정한 해당 기종의 정비 기준을 살펴보면 최소 중간점검 시 간은 ‘28분’, 항목은 동체와 날개, 엔진, 랜딩 기어(착륙 장치), 조종석 등 20개를 적시해 놓고 있다.",high,Y,measurement_rule_fallback:1,Y,1,0,HCX-007,v1.6-early-kosis-context,2026-07-30,정비 항목 수,항공,,,,,년,년,duration,condition,item,,N,N,INTERNAL_DOCUMENT_SOURCE,"'본지가' — 공표 통계가 아니라 개별 요청으로 받은 자료 (같은 기사에서 확인된 출처, 이 문장은 자체 출처 없음)",REJECT,INTERNAL_DOCUMENT_SOURCE,,N,,,,,INTERNAL_DOCUMENT_SOURCE,"'본지가' — 공표 통계가 아니라 개별 요청으로 받은 자료 (같은 기사에서 확인된 출처, 이 문장은 자체 출처 없음)",REJECT,Y,direct,,,,,duration,N,N,,
A0009-SPABFC14319F,A0009-SPABFC14319F-m1,A0009,"승객 수는 더 많은 LCC, 정비사는 대형 항공사의 38%",2025-01-01,https://www.chosun.com/economy/industry-company/2025/01/01/PVCPHJRE7RDT7L2ZG2LDED5NNA,"LCC 1위인 제주항공이 올해 항공기 정비·수리·개조에 책정한 예산도 2209억원에 그친다. 대당 53억8700만여원으로, 대한항공(127억원), 아시아나항공(138억원)의 절반 이하다.","자체 항공정비(MRO) 시설을 갖춘 대형 항공사와 달리, LCC들은 이 같은 시설을 갖추지 못해 핵심 부품의 중정비는 해외 정비업체에 의존하고 있다.",-,개별기업,N,소매·소비,LCC 순위,"LCC, 정비사, 대형 항공사, 제주항공, 대한항공, 아시아나항공",-,,,제주항공,-,-,-,2025,-,Y,확정,1위,KOSIS_VALUE,hcx,LCC 순위,제주항공,2025,Y,hcx,현재값,1,-,-,N,위,순위,-,특정시점,"LCC 1위인 제주항공이 올해 항공기 정비·수리·개조에 책정한 예산도 2209억원에 그친다. 대당 53억8700만여원으로, 대한항공(127억원), 아시아나항공(138억원)의 절반 이하다.",high,N,-,Y,0,0,HCX-007,v1.6-early-kosis-context,2026-07-30,항공기 정비·수리·개조 예산,항공,2025,Y,2025,RELATIVE_YEAR_FROM_ARTICLE_DATE,위,위,rank,rank,vehicle,,N,N,OUT_OF_KOSIS_SCOPE,claim_domain_scope=개별기업,REJECT,OUT_OF_KOSIS_SCOPE,,N,,,,,DECLARED_SINGLE_COMPANY,claim_domain_scope=개별기업: 개별기업 수치는 KOSIS 산업 집계와 다름,REJECT,Y,direct,,,,,rank,N,N,,
A0009-SPABFC14319F,A0009-SPABFC14319F-m2,A0009,"승객 수는 더 많은 LCC, 정비사는 대형 항공사의 38%",2025-01-01,https://www.chosun.com/economy/industry-company/2025/01/01/PVCPHJRE7RDT7L2ZG2LDED5NNA,"LCC 1위인 제주항공이 올해 항공기 정비·수리·개조에 책정한 예산도 2209억원에 그친다. 대당 53억8700만여원으로, 대한항공(127억원), 아시아나항공(138억원)의 절반 이하다.","자체 항공정비(MRO) 시설을 갖춘 대형 항공사와 달리, LCC들은 이 같은 시설을 갖추지 못해 핵심 부품의 중정비는 해외 정비업체에 의존하고 있다.",-,개별기업,N,소매·소비,항공기 정비·수리·개조 예산,"LCC, 정비사, 대형 항공사, 제주항공, 대한항공, 아시아나항공",-,,,제주항공,-,-,-,2025,-,Y,확정,2209억원,KOSIS_VALUE,hcx,항공기 정비·수리·개조 예산,제주항공,2025,Y,hcx,현재값,220900000000,-,-,N,원,수준값,-,특정시점,"LCC 1위인 제주항공이 올해 항공기 정비·수리·개조에 책정한 예산도 2209억원에 그친다. 대당 53억8700만여원으로, 대한항공(127억원), 아시아나항공(138억원)의 절반 이하다.",high,N,-,Y,0,0,HCX-007,v1.6-early-kosis-context,2026-07-30,항공기 정비·수리·개조 예산,항공,2025,Y,2025,RELATIVE_YEAR_FROM_ARTICLE_DATE,원,원,currency,amount,vehicle,,N,N,OUT_OF_KOSIS_SCOPE,claim_domain_scope=개별기업,REJECT,OUT_OF_KOSIS_SCOPE,,N,,,,,DECLARED_SINGLE_COMPANY,claim_domain_scope=개별기업: 개별기업 수치는 KOSIS 산업 집계와 다름,REJECT,Y,direct,,,,,currency,N,N,,
A0009-SPABFC14319F,A0009-SPABFC14319F-m3,A0009,"승객 수는 더 많은 LCC, 정비사는 대형 항공사의 38%",2025-01-01,https://www.chosun.com/economy/industry-company/2025/01/01/PVCPHJRE7RDT7L2ZG2LDED5NNA,"LCC 1위인 제주항공이 올해 항공기 정비·수리·개조에 책정한 예산도 2209억원에 그친다. 대당 53억8700만여원으로, 대한항공(127억원), 아시아나항공(138억원)의 절반 이하다.","자체 항공정비(MRO) 시설을 갖춘 대형 항공사와 달리, LCC들은 이 같은 시설을 갖추지 못해 핵심 부품의 중정비는 해외 정비업체에 의존하고 있다.",-,개별기업,N,소매·소비,항공기 정비·수리·개조 예산,"LCC, 정비사, 대형 항공사, 제주항공, 대한항공, 아시아나항공",-,,,제주항공,-,-,-,2025,-,Y,확정,53억8700만여원,KOSIS_VALUE,hcx,항공기 정비·수리·개조 예산,제주항공,2025,Y,hcx,현재값,5387000000,-,-,Y,원,수준값,-,특정시점,"LCC 1위인 제주항공이 올해 항공기 정비·수리·개조에 책정한 예산도 2209억원에 그친다. 대당 53억8700만여원으로, 대한항공(127억원), 아시아나항공(138억원)의 절반 이하다.",high,N,-,Y,0,0,HCX-007,v1.6-early-kosis-context,2026-07-30,항공기 정비·수리·개조 예산,항공,2025,Y,2025,RELATIVE_YEAR_FROM_ARTICLE_DATE,원,원,currency,amount,vehicle,,N,N,OUT_OF_KOSIS_SCOPE,claim_domain_scope=개별기업,REJECT,OUT_OF_KOSIS_SCOPE,,N,,,,,DECLARED_SINGLE_COMPANY,claim_domain_scope=개별기업: 개별기업 수치는 KOSIS 산업 집계와 다름,REJECT,Y,direct,,,,,currency,N,N,,
A0009-SPABFC14319F,A0009-SPABFC14319F-m4,A0009,"승객 수는 더 많은 LCC, 정비사는 대형 항공사의 38%",2025-01-01,https://www.chosun.com/economy/industry-company/2025/01/01/PVCPHJRE7RDT7L2ZG2LDED5NNA,"LCC 1위인 제주항공이 올해 항공기 정비·수리·개조에 책정한 예산도 2209억원에 그친다. 대당 53억8700만여원으로, 대한항공(127억원), 아시아나항공(138억원)의 절반 이하다.","자체 항공정비(MRO) 시설을 갖춘 대형 항공사와 달리, LCC들은 이 같은 시설을 갖추지 못해 핵심 부품의 중정비는 해외 정비업체에 의존하고 있다.",-,개별기업,N,소매·소비,항공기 정비·수리·개조 예산,"LCC, 정비사, 대형 항공사, 제주항공, 대한항공, 아시아나항공",-,,,대한항공,-,-,-,2025,-,Y,확정,127억원,KOSIS_VALUE,hcx,항공기 정비·수리·개조 예산,대한항공,2025,Y,hcx,참고값,12700000000,-,-,N,원,수준값,-,특정시점,"LCC 1위인 제주항공이 올해 항공기 정비·수리·개조에 책정한 예산도 2209억원에 그친다. 대당 53억8700만여원으로, 대한항공(127억원), 아시아나항공(138억원)의 절반 이하다.",high,N,-,Y,0,0,HCX-007,v1.6-early-kosis-context,2026-07-30,항공기 정비·수리·개조 예산,항공,2025,Y,2025,RELATIVE_YEAR_FROM_ARTICLE_DATE,원,원,currency,amount,vehicle,,N,N,OUT_OF_KOSIS_SCOPE,claim_domain_scope=개별기업,REJECT,OUT_OF_KOSIS_SCOPE,,N,,,,,DECLARED_SINGLE_COMPANY,claim_domain_scope=개별기업: 개별기업 수치는 KOSIS 산업 집계와 다름,REJECT,Y,direct,,,,,currency,N,N,,
A0009-SPABFC14319F,A0009-SPABFC14319F-m5,A0009,"승객 수는 더 많은 LCC, 정비사는 대형 항공사의 38%",2025-01-01,https://www.chosun.com/economy/industry-company/2025/01/01/PVCPHJRE7RDT7L2ZG2LDED5NNA,"LCC 1위인 제주항공이 올해 항공기 정비·수리·개조에 책정한 예산도 2209억원에 그친다. 대당 53억8700만여원으로, 대한항공(127억원), 아시아나항공(138억원)의 절반 이하다.","자체 항공정비(MRO) 시설을 갖춘 대형 항공사와 달리, LCC들은 이 같은 시설을 갖추지 못해 핵심 부품의 중정비는 해외 정비업체에 의존하고 있다.",-,개별기업,N,소매·소비,항공기 정비·수리·개조 예산,"LCC, 정비사, 대형 항공사, 제주항공, 대한항공, 아시아나항공",-,,,아시아나항공,-,-,-,2025,-,Y,확정,138억원,CONDITION,hcx,항공기 정비·수리·개조 예산,아시아나항공,2025,Y,hcx,참고값,13800000000,-,-,N,원,수준값,-,특정시점,"LCC 1위인 제주항공이 올해 항공기 정비·수리·개조에 책정한 예산도 2209억원에 그친다. 대당 53억8700만여원으로, 대한항공(127억원), 아시아나항공(138억원)의 절반 이하다.",high,N,-,Y,0,0,HCX-007,v1.6-early-kosis-context,2026-07-30,항공기 정비·수리·개조 예산,항공,2025,Y,2025,RELATIVE_YEAR_FROM_ARTICLE_DATE,원,원,currency,amount,vehicle,,N,N,NOT_KOSIS_VALUE,measurement_usage=CONDITION,REJECT,NOT_KOSIS_VALUE,,N,,,,,DECLARED_SINGLE_COMPANY,claim_domain_scope=개별기업: 개별기업 수치는 KOSIS 산업 집계와 다름,REJECT,Y,direct,,,,,currency,N,N,,
A0010-SPDDB60D8E6D,A0010-SPDDB60D8E6D-m1,A0010,"제주항공, 비행기 평균 나이 14.4년 가장 많아",2025-01-01,https://www.chosun.com/economy/industry-company/2025/01/01/SMAVWUVHJ5AV7HTL342232GYCE,제주항공의 항공기 평균 기령(비행기 사용 연수)이 14.4년으로 국적 항공사 8곳 중 가장 높은 것으로 나타났다.,-,"대한항공(11.3년), 아시아나항공(12.3년)보다 높았다.",국내공식통계,N,생산·산업,항공기 평균 기령,"제주항공, 항공사, 비행기, 평균 나이",-,,,항공,-,-,-,,-,,확정,14.4년,CONTEXT,hcx,항공기 평균 기령,항공,-,-,hcx,참고값,14.4,-,-,N,년,수준값,-,,제주항공의 항공기 평균 기령(비행기 사용 연수)이 14.4년으로 국적 항공사 8곳 중 가장 높은 것으로 나타났다.,high,N,-,N,0,0,HCX-007,v1.6-early-kosis-context,2026-07-30,항공기 평균 기령,항공,,,,,년,년,duration,condition,vehicle,,N,N,NOT_KOSIS_VALUE,measurement_usage=CONTEXT,REJECT,NOT_KOSIS_VALUE,,N,,,,,,,,N,direct,,,,,duration,N,N,,
A0010-SPB71B01D056,A0010-SPB71B01D056-m1,A0010,"제주항공, 비행기 평균 나이 14.4년 가장 많아",2025-01-01,https://www.chosun.com/economy/industry-company/2025/01/01/SMAVWUVHJ5AV7HTL342232GYCE,"대한항공(11.3년), 아시아나항공(12.3년)보다 높았다.",제주항공의 항공기 평균 기령(비행기 사용 연수)이 14.4년으로 국적 항공사 8곳 중 가장 높은 것으로 나타났다.,또 전체 항공기의 88%가 도입 시점 기준 다른 항공사가 쓰던 중고 항공기로 조사됐다.,국내공식통계,N,생산·산업,항공사 항공기 평균 기령,"제주항공, 항공기, 평균 기령, 국적 항공사, 대한항공, 아시아나항공",-,,,대한항공,-,-,-,2024,-,Y,확정,11.3년,CONTEXT,hcx,항공사 항공기 평균 기령,대한항공,2024,Y,hcx,참고값,11.3,-,-,N,년,수준값,-,전년,제주항공의 항공기 평균 기령(비행기 사용 연수)이 14.4년으로 국적 항공사 8곳 중 가장 높은 것으로 나타났다.,high,N,-,N,0,0,HCX-007,v1.6-early-kosis-context,2026-07-30,항공사 항공기 평균 기령,항공,2024,Y,2024,,년,년,duration,condition,organization,,N,N,NOT_KOSIS_VALUE,measurement_usage=CONTEXT,REJECT,NOT_KOSIS_VALUE,,N,,,,,,,,N,direct,,,,,duration,N,N,,
A0010-SPB71B01D056,A0010-SPB71B01D056-m2,A0010,"제주항공, 비행기 평균 나이 14.4년 가장 많아",2025-01-01,https://www.chosun.com/economy/industry-company/2025/01/01/SMAVWUVHJ5AV7HTL342232GYCE,"대한항공(11.3년), 아시아나항공(12.3년)보다 높았다.",제주항공의 항공기 평균 기령(비행기 사용 연수)이 14.4년으로 국적 항공사 8곳 중 가장 높은 것으로 나타났다.,또 전체 항공기의 88%가 도입 시점 기준 다른 항공사가 쓰던 중고 항공기로 조사됐다.,국내공식통계,N,생산·산업,항공사 항공기 평균 기령,"제주항공, 항공기, 평균 기령, 국적 항공사, 대한항공, 아시아나항공",-,,,아시아나항공,-,-,-,2024,-,Y,확정,12.3년,CONTEXT,hcx,항공사 항공기 평균 기령,아시아나항공,2024,Y,hcx,참고값,12.3,-,-,N,년,수준값,-,전년,제주항공의 항공기 평균 기령(비행기 사용 연수)이 14.4년으로 국적 항공사 8곳 중 가장 높은 것으로 나타났다.,high,N,-,N,0,0,HCX-007,v1.6-early-kosis-context,2026-07-30,항공사 항공기 평균 기령,항공,2024,Y,2024,,년,년,duration,condition,organization,,N,N,NOT_KOSIS_VALUE,measurement_usage=CONTEXT,REJECT,NOT_KOSIS_VALUE,,N,,,,,,,,N,direct,,,,,duration,N,N,,
A0011-SP108298F8E8,A0011-SP108298F8E8-m1,A0011,"CJ, 이웃 사랑 성금 20억원",2025-01-01,https://www.chosun.com/economy/industry-company/2025/01/01/V5QTVTWN4VHZ7GZJOMKW4AL6PQ,CJ는 사회복지공동모금회에 성금 20억원을 기부했다고 31일 밝혔다.,-,CJ는 2015년부터 매년 20억원씩을 기부하고 있다.,개별기업,Y,기타,사회복지공동모금회 성금,"CJ, 사회복지공동모금회, 성금, 기부",-,,,,-,-,-,,-,,확정,20억원,KOSIS_VALUE,hcx,사회복지공동모금회 성금,-,-,-,hcx,현재값,2000000000,-,-,N,원,수준값,-,전년동기,CJ는 사회복지공동모금회에 성금 20억원을 기부했다고 31일 밝혔다.,high,Y,measurement_period_ungrounded:1,N,0,0,HCX-007,v1.6-early-kosis-context,2026-07-30,사회복지공동모금회 성금,,202501,M,,,원,원,currency,amount,unspecified,,N,N,OUT_OF_KOSIS_SCOPE,claim_domain_scope=개별기업,REJECT,OUT_OF_KOSIS_SCOPE,,N,,,,,DECLARED_SINGLE_COMPANY,claim_domain_scope=개별기업: 개별기업 수치는 KOSIS 산업 집계와 다름,REJECT,Y,direct,,,,,currency,N,N,,
A0011-SP3A3DBF08D7,A0011-SP3A3DBF08D7-m1,A0011,"CJ, 이웃 사랑 성금 20억원",2025-01-01,https://www.chosun.com/economy/industry-company/2025/01/01/V5QTVTWN4VHZ7GZJOMKW4AL6PQ,CJ는 2015년부터 매년 20억원씩을 기부하고 있다.,CJ는 사회복지공동모금회에 성금 20억원을 기부했다고 31일 밝혔다.,CJ 관계자는 “앞으로도 문화 사업에 기반한 다양한 사회 공헌 활동으로 지역사회에 기여하겠다”고 했다.,개별기업,Y,기타,사회복지공동모금회 기부금액,"CJ, 이웃 사랑 성금, 사회복지공동모금회, 기부",-,,,,-,-,-,2015,-,Y,확정,20억원,KOSIS_VALUE,hcx,사회복지공동모금회 기부금액,-,2015,Y,hcx,현재값,2000000000,-,-,N,원,수준값,-,전년,CJ는 2015년부터 매년 20억원씩을 기부하고 있다.,high,N,-,N,0,0,HCX-007,v1.6-early-kosis-context,2026-07-30,사회복지공동모금회 기부금액,,202501,M,2015,,원,원,currency,amount,unspecified,,N,N,OUT_OF_KOSIS_SCOPE,claim_domain_scope=개별기업,REJECT,OUT_OF_KOSIS_SCOPE,,N,,,,,DECLARED_SINGLE_COMPANY,claim_domain_scope=개별기업: 개별기업 수치는 KOSIS 산업 집계와 다름,REJECT,Y,direct,,,,,currency,N,N,,
A0012-SPAFFAA78FA3,-,A0012,조선업 산업기술인력 9년 만에 다시 상승세,2025-01-01,https://www.chosun.com/economy/industry-company/2025/01/01/VR4RUPY3CFEGZGFC5M4JPY5SDE,이 숫자가 다시 증가한 것은 최근 외국인 근로 인력이 많아진 덕이다.,본래 조선업의 산업기술인력은 2014년 6만9766명에서 2022년 5만8042명까지 꾸준히 하락해 1만명 넘게 줄어든 상태였는데 이 수가 500명 가까이 늘어난 것이다.,조선 산업기술인력 중 외국인은 2022년 877명에서 2023년 2563명으로 3배 가까이 늘었다.,국내공식통계,Y,고용,,"조선업, 산업기술인력, 외국인 근로자",-,,,,-,-,-,,-,,확정,-,-,-,-,-,-,-,-,,-,-,-,-,,,-,,이 숫자가 다시 증가한 것은 최근 외국인 근로 인력이 많아진 덕이다.,high,N,-,N,0,0,HCX-007,v1.6-early-kosis-context,2026-07-30,조선업 산업기술인력,조선업,2023,Y,,,,,unknown,level,unspecified,,N,N,DECLARED_SINGLE_COMPANY,"claim_domain_scope=개별기업: 개별기업 수치는 KOSIS 산업 집계와 다름 (같은 기사에서 확인된 출처, 이 문장은 자체 출처 없음)",REJECT,DECLARED_SINGLE_COMPANY,,N,,,,,DECLARED_SINGLE_COMPANY,"claim_domain_scope=개별기업: 개별기업 수치는 KOSIS 산업 집계와 다름 (같은 기사에서 확인된 출처, 이 문장은 자체 출처 없음)",REJECT,Y,direct,,,,,,N,N,,
A0012-SP0FC6BA01D6,A0012-SP0FC6BA01D6-m1,A0012,조선업 산업기술인력 9년 만에 다시 상승세,2025-01-01,https://www.chosun.com/economy/industry-company/2025/01/01/VR4RUPY3CFEGZGFC5M4JPY5SDE,앞서 정부는 2023년 ‘숙련기능인력 비자(E-7-4)’ 연간 배정 인원을 늘리면서 조선 분야에는 400명을 별도로 배정했다.,이들이 차지하는 비율도 같은 기간 1.5%에서 4.4%로 증가했다.,"사전 심사부터 비자 발급까지 걸리는 시간을 5주에서 10일 이내로 줄이고, 기업별 외국 인력 도입 허용 비율도 내국인 근로자의 20%에서 30%로 2년간 한시적으로 확대했다.",개별기업,N,고용,E-7-4 비자 배정 인원,조선업; 산업기술인력; 외국인 근로자; E-7-4 비자,-,,,조선 분야,-,-,-,2023,-,Y,확정,400명,KOSIS_VALUE,hcx,E-7-4 비자 배정 인원,조선 분야,2023,Y,hcx,현재값,400,-,-,N,명,수준값,-,전년,앞서 정부는 2023년 '숙련기능인력 비자(E-7-4)' 연간 배정 인원을 늘리면서 조선 분야에는 400명을 별도로 배정했다.,high,N,-,N,0,0,HCX-007,v1.6-early-kosis-context,2026-07-30,조선업 산업기술인력,조선업,2023,Y,2023,,명,명,person_count,count,item,,N,N,OUT_OF_KOSIS_SCOPE,claim_domain_scope=개별기업,REJECT,OUT_OF_KOSIS_SCOPE,,N,,,,,DECLARED_SINGLE_COMPANY,claim_domain_scope=개별기업: 개별기업 수치는 KOSIS 산업 집계와 다름,REJECT,Y,direct,,,,,person_count,N,N,,
A0012-SPF01699BC18,A0012-SPF01699BC18-m1,A0012,조선업 산업기술인력 9년 만에 다시 상승세,2025-01-01,https://www.chosun.com/economy/industry-company/2025/01/01/VR4RUPY3CFEGZGFC5M4JPY5SDE,"사전 심사부터 비자 발급까지 걸리는 시간을 5주에서 10일 이내로 줄이고, 기업별 외국 인력 도입 허용 비율도 내국인 근로자의 20%에서 30%로 2년간 한시적으로 확대했다.",앞서 정부는 2023년 ‘숙련기능인력 비자(E-7-4)’ 연간 배정 인원을 늘리면서 조선 분야에는 400명을 별도로 배정했다.,외국인 용접공 비자 심사 시 필요한 경력증명서 제출도 2년간 면제했다.,국내공식통계,N,고용,외국 인력 도입 허용 비율,"조선업, 산업기술인력, 외국인, 비율, 증가",-,,,,-,-,-,2023,-,Y,확정,20%,KOSIS_VALUE,hcx,외국 인력 도입 허용 비율,,2023,Y,hcx,증감률,20,-,-,N,%,증감률,증가,전년,"[사전 심사부터 비자 발급까지 걸리는 시간을 5주에서 10일 이내로 줄이고, 기업별 외국 인력 도입 허용 비율도 내국인 근로자의 20%에서 30%로 2년간 한시적으로 확대했다.]",high,N,-,N,0,0,HCX-007,v1.6-early-kosis-context,2026-07-30,조선업 산업기술인력 비율,조선업,2023,Y,2023,CHANGE_RATE_FROM_TEXT,%,%,rate,rate_level,unspecified,,N,N,POLICY_PARAMETER,제도 규정값(허용 비율)은 통계 수치가 아님,REJECT,POLICY_PARAMETER,,Y,조선업,,,,POLICY_PARAMETER,제도 규정값(허용 비율)은 통계 수치가 아님,REJECT,Y,direct,,,,,rate,N,N,,
A0012-SPF01699BC18,A0012-SPF01699BC18-m2,A0012,조선업 산업기술인력 9년 만에 다시 상승세,2025-01-01,https://www.chosun.com/economy/industry-company/2025/01/01/VR4RUPY3CFEGZGFC5M4JPY5SDE,"사전 심사부터 비자 발급까지 걸리는 시간을 5주에서 10일 이내로 줄이고, 기업별 외국 인력 도입 허용 비율도 내국인 근로자의 20%에서 30%로 2년간 한시적으로 확대했다.",앞서 정부는 2023년 ‘숙련기능인력 비자(E-7-4)’ 연간 배정 인원을 늘리면서 조선 분야에는 400명을 별도로 배정했다.,외국인 용접공 비자 심사 시 필요한 경력증명서 제출도 2년간 면제했다.,국내공식통계,N,고용,외국 인력 도입 허용 비율,"조선업, 산업기술인력, 외국인, 비율, 증가",-,,,,-,-,-,2023,-,Y,확정,30%,KOSIS_VALUE,hcx,외국 인력 도입 허용 비율,,2023,Y,hcx,증감률,30,-,-,N,%,증감률,증가,전년,"[사전 심사부터 비자 발급까지 걸리는 시간을 5주에서 10일 이내로 줄이고, 기업별 외국 인력 도입 허용 비율도 내국인 근로자의 20%에서 30%로 2년간 한시적으로 확대했다.]",high,N,-,N,0,0,HCX-007,v1.6-early-kosis-context,2026-07-30,조선업 산업기술인력 비율,조선업,2023,Y,2023,CHANGE_RATE_FROM_TEXT,%,%,rate,rate_change,unspecified,2022,N,N,POLICY_PARAMETER,제도 규정값(허용 비율)은 통계 수치가 아님,REJECT,POLICY_PARAMETER,,Y,조선업,,,,POLICY_PARAMETER,제도 규정값(허용 비율)은 통계 수치가 아님,REJECT,Y,,,DERIVED_VALUE_REQUIRES_COMPUTATION,증감값은 직접 공표 ITEM 확인 또는 수준값 재계산 필요,,rate,Y,N,,direct|rate_from_level
A0012-SPF01699BC18,A0012-SPF01699BC18-m3,A0012,조선업 산업기술인력 9년 만에 다시 상승세,2025-01-01,https://www.chosun.com/economy/industry-company/2025/01/01/VR4RUPY3CFEGZGFC5M4JPY5SDE,"사전 심사부터 비자 발급까지 걸리는 시간을 5주에서 10일 이내로 줄이고, 기업별 외국 인력 도입 허용 비율도 내국인 근로자의 20%에서 30%로 2년간 한시적으로 확대했다.",앞서 정부는 2023년 ‘숙련기능인력 비자(E-7-4)’ 연간 배정 인원을 늘리면서 조선 분야에는 400명을 별도로 배정했다.,외국인 용접공 비자 심사 시 필요한 경력증명서 제출도 2년간 면제했다.,국내공식통계,N,고용,외국 인력 도입 허용 비율 확대 기간,"조선업, 산업기술인력, 외국인, 비율, 증가",-,,,,-,-,-,2023,-,Y,확정,2년,CONDITION,hcx,외국 인력 도입 허용 비율 확대 기간,,2023,Y,hcx,참고값,2,-,-,N,년,수준값,증가,전년,"[사전 심사부터 비자 발급까지 걸리는 시간을 5주에서 10일 이내로 줄이고, 기업별 외국 인력 도입 허용 비율도 내국인 근로자의 20%에서 30%로 2년간 한시적으로 확대했다.]",high,N,-,N,0,0,HCX-007,v1.6-early-kosis-context,2026-07-30,조선업 산업기술인력 비율,조선업,2023,Y,2023,,년,년,duration,rate_level,unspecified,,N,N,NOT_KOSIS_VALUE,measurement_usage=CONDITION,REJECT,NOT_KOSIS_VALUE,,Y,조선업,,,,POLICY_PARAMETER,제도 규정값(허용 비율)은 통계 수치가 아님,REJECT,Y,direct,,,,,duration,N,N,,
A0012-SP4F1F55FE07,A0012-SP4F1F55FE07-m1,A0012,조선업 산업기술인력 9년 만에 다시 상승세,2025-01-01,https://www.chosun.com/economy/industry-company/2025/01/01/VR4RUPY3CFEGZGFC5M4JPY5SDE,한편 이번 조사에서 우리나라 전체 산업기술인력 규모는 171만6846명으로 전년 대비 1% 증가한 것으로 나타났다.,한 조선업체 관계자는 “최근 용접공으로 일하는 외국인 근로자가 늘어나는 등 어느 정도 인력이 채워지고는 있지만 여전히 일감에 비하면 숙련 근로자가 부족한 형편”이라고 말했다.,다만 산업 현장에 필요한 인원이 늘면서 부족 인원도 1.9% 늘어난 3만9190명을 기록했다.,국내공식통계,Y,고용,산업기술인력 규모,"조선업, 산업기술인력, 증가, 고용",-,,,,-,-,-,,-,,확정,171만6846명,KOSIS_VALUE,hcx,산업기술인력 규모,,-,-,hcx,현재값,1716846,-,-,N,명,수준값,증가,전년,한편 이번 조사에서 우리나라 전체 산업기술인력 규모는 171만6846명으로 전년 대비 1% 증가한 것으로 나타났다.,high,Y,measurement_period_ungrounded:2,N,0,0,HCX-007,v1.6-early-kosis-context,2026-07-30,산업기술인력 규모,조선업,2025,Y,,,명,명,person_count,count,unspecified,,N,N,DECLARED_SINGLE_COMPANY,"claim_domain_scope=개별기업: 개별기업 수치는 KOSIS 산업 집계와 다름 (같은 기사에서 확인된 출처, 이 문장은 자체 출처 없음)",REJECT,DECLARED_SINGLE_COMPANY,,Y,조선업,,,,DECLARED_SINGLE_COMPANY,"claim_domain_scope=개별기업: 개별기업 수치는 KOSIS 산업 집계와 다름 (같은 기사에서 확인된 출처, 이 문장은 자체 출처 없음)",REJECT,Y,direct,,,,,person_count,N,N,,
A0012-SP4F1F55FE07,A0012-SP4F1F55FE07-m2,A0012,조선업 산업기술인력 9년 만에 다시 상승세,2025-01-01,https://www.chosun.com/economy/industry-company/2025/01/01/VR4RUPY3CFEGZGFC5M4JPY5SDE,한편 이번 조사에서 우리나라 전체 산업기술인력 규모는 171만6846명으로 전년 대비 1% 증가한 것으로 나타났다.,한 조선업체 관계자는 “최근 용접공으로 일하는 외국인 근로자가 늘어나는 등 어느 정도 인력이 채워지고는 있지만 여전히 일감에 비하면 숙련 근로자가 부족한 형편”이라고 말했다.,다만 산업 현장에 필요한 인원이 늘면서 부족 인원도 1.9% 늘어난 3만9190명을 기록했다.,국내공식통계,Y,고용,산업기술인력 규모 증감률,"조선업, 산업기술인력, 증가, 고용",-,,,,-,-,-,,-,,확정,1%,KOSIS_VALUE,hcx,산업기술인력 규모 증감률,,-,-,hcx,증감률,1,-,-,N,%,증감률,증가,전년,한편 이번 조사에서 우리나라 전체 산업기술인력 규모는 171만6846명으로 전년 대비 1% 증가한 것으로 나타났다.,high,Y,measurement_period_ungrounded:2,N,0,0,HCX-007,v1.6-early-kosis-context,2026-07-30,산업기술인력 규모,조선업,2025,Y,,CHANGE_RATE_FROM_TEXT,%,%,rate,rate_change,unspecified,,N,N,DECLARED_SINGLE_COMPANY,"claim_domain_scope=개별기업: 개별기업 수치는 KOSIS 산업 집계와 다름 (같은 기사에서 확인된 출처, 이 문장은 자체 출처 없음)",REJECT,DECLARED_SINGLE_COMPANY,,Y,조선업,,,,DECLARED_SINGLE_COMPANY,"claim_domain_scope=개별기업: 개별기업 수치는 KOSIS 산업 집계와 다름 (같은 기사에서 확인된 출처, 이 문장은 자체 출처 없음)",REJECT,Y,direct,,,,,rate,N,N,,
A0013-SP7B0D3AB461,-,A0013,사라진 ‘연말연시’… 소비 침체 한동안 이어질 수도,2025-01-01,https://www.chosun.com/economy/industry-company/2025/01/01/Z6WEUBU6FBBDLGDAZFP5PNS574,소비 침체가 새해에도 한동안 이어질 수 있다는 전망도 나온다.,지방자치단체들은 부진한 지방 경제의 활력소가 되기를 기대한 연말연시 행사를 대부분 취소했다.,◇기업들 “홍보·마케팅 최소화” 유통 기업과 자영업자들은 12월에 연말 특수를 기대하기 마련이다.,전망·목표,N,소매·소비,,-,-,,,,-,-,-,,-,,모호,-,-,-,-,-,-,-,-,,-,-,-,-,,,-,,소비 침체가 새해에도 한동안 이어질 수 있다는 전망도 나온다.,low,Y,-,N,0,0,HCX-007,v1.6-early-kosis-context,2026-07-30,소비 침체,,,,,,,,unknown,level,unspecified,,N,N,FORECAST_VALUE,전망 표현(전망) — 아직 실현되지 않은 값은 실적통계와 대조할 수 없음,REJECT,FORECAST_VALUE,,N,,,,,FORECAST_VALUE,전망 표현(전망) — 아직 실현되지 않은 값은 실적통계와 대조할 수 없음,REJECT,Y,direct,,,,,,N,N,,
A0015-SP9004E0459B,A0015-SP9004E0459B-m1,A0015,"中 비야디, 작년 차 판매량 첫 400만대 넘었다",2025-01-02,https://www.chosun.com/economy/auto/2025/01/02/HTW6CXWRT5CSVMD5Z65DXMTMMQ,중국 전기차 업체 비야디(BYD)의 작년 글로벌 판매량이 재작년 대비 41.3% 급증한 427만대로 집계됐다.,-,"첫 400만대 판매를 넘긴 배경으로 ‘플러그인하이브리드(PHEV)’ 수요 급증, 해외 시장 확대가 꼽힌다.",개별기업,N,무역,판매 증가율,"전기차, BYD, 플러그인하이브리드, PHEV, 해외 시장",-,,,전기차,-,-,-,2024,-,Y,확정,41.3%,KOSIS_VALUE,hcx,판매 증가율,전기차,2024,Y,hcx,현재값,41.3,-,-,N,%,증감률,증가,전년,중국 전기차 업체 비야디(BYD)의 작년 글로벌 판매량이 재작년 대비 41.3% 급증한 427만대로 집계됐다.,high,N,-,N,0,0,HCX-007,v1.6-early-kosis-context,2026-07-30,글로벌 판매량,전기차,2024,Y,2024,RELATIVE_YEAR_FROM_ARTICLE_DATE,%,%,rate,rate_change,item,2023,N,N,OUT_OF_KOSIS_SCOPE,claim_domain_scope=개별기업,REJECT,OUT_OF_KOSIS_SCOPE,,N,,,,,DECLARED_SINGLE_COMPANY,claim_domain_scope=개별기업: 개별기업 수치는 KOSIS 산업 집계와 다름,REJECT,Y,direct,,,,,rate,N,N,,
A0015-SP9004E0459B,A0015-SP9004E0459B-m2,A0015,"中 비야디, 작년 차 판매량 첫 400만대 넘었다",2025-01-02,https://www.chosun.com/economy/auto/2025/01/02/HTW6CXWRT5CSVMD5Z65DXMTMMQ,중국 전기차 업체 비야디(BYD)의 작년 글로벌 판매량이 재작년 대비 41.3% 급증한 427만대로 집계됐다.,-,"첫 400만대 판매를 넘긴 배경으로 ‘플러그인하이브리드(PHEV)’ 수요 급증, 해외 시장 확대가 꼽힌다.",개별기업,N,무역,글로벌 판매량,"전기차, BYD, 플러그인하이브리드, PHEV, 해외 시장",-,,,전기차,-,-,-,2024,-,Y,확정,427만대,KOSIS_VALUE,hcx,글로벌 판매량,전기차,2024,Y,hcx,현재값,4270000,-,-,N,대,수준값,유지,전년,중국 전기차 업체 비야디(BYD)의 작년 글로벌 판매량이 재작년 대비 41.3% 급증한 427만대로 집계됐다.,high,N,-,N,0,0,HCX-007,v1.6-early-kosis-context,2026-07-30,글로벌 판매량,전기차,2024,Y,2024,RELATIVE_YEAR_FROM_ARTICLE_DATE,대,대,count,count,item,,N,N,OUT_OF_KOSIS_SCOPE,claim_domain_scope=개별기업,REJECT,OUT_OF_KOSIS_SCOPE,,N,,,,,DECLARED_SINGLE_COMPANY,claim_domain_scope=개별기업: 개별기업 수치는 KOSIS 산업 집계와 다름,REJECT,Y,direct,,,,,count,N,N,,
A0015-SP72FBDD9A68,A0015-SP72FBDD9A68-m1,A0015,"中 비야디, 작년 차 판매량 첫 400만대 넘었다",2025-01-02,https://www.chosun.com/economy/auto/2025/01/02/HTW6CXWRT5CSVMD5Z65DXMTMMQ,"첫 400만대 판매를 넘긴 배경으로 ‘플러그인하이브리드(PHEV)’ 수요 급증, 해외 시장 확대가 꼽힌다.",중국 전기차 업체 비야디(BYD)의 작년 글로벌 판매량이 재작년 대비 41.3% 급증한 427만대로 집계됐다.,비야디의 작년 호실적은 PHEV 수요가 급증한 영향이 크다.,개별기업,N,무역,전기차 판매량,"전기차, 플러그인하이브리드, PHEV, 비야디, BYD",-,,,전기차,-,-,-,2024,-,Y,확정,400만대,KOSIS_VALUE,hcx,전기차 판매량,전기차,2024,Y,hcx,현재값,4000000,-,-,N,대,수준값,증가,전년,"첫 400만대 판매를 넘긴 배경으로 ‘플러그인하이브리드(PHEV)’ 수요 급증, 해외 시장 확대가 꼽힌다.",high,N,-,N,0,0,HCX-007,v1.6-early-kosis-context,2026-07-30,판매량,전기차,2024,Y,2024,,대,대,count,count,item,,N,N,OUT_OF_KOSIS_SCOPE,claim_domain_scope=개별기업,REJECT,OUT_OF_KOSIS_SCOPE,,N,,,,,DECLARED_SINGLE_COMPANY,claim_domain_scope=개별기업: 개별기업 수치는 KOSIS 산업 집계와 다름,REJECT,Y,direct,,,,,count,N,N,,
A0015-SP4959D98565,A0015-SP4959D98565-m1,A0015,"中 비야디, 작년 차 판매량 첫 400만대 넘었다",2025-01-02,https://www.chosun.com/economy/auto/2025/01/02/HTW6CXWRT5CSVMD5Z65DXMTMMQ,"2일 블룸버그통신 등 외신에 따르면, 비야디는 작년 중국을 포함한 세계 시장에서 PHEV 249만대 안팎을 판매했다.",비야디의 작년 호실적은 PHEV 수요가 급증한 영향이 크다.,"PHEV 판매량이 재작년 대비 약 73% 늘어나, 전체 판매량의 절반을 넘어섰다.",개별기업,N,생산·산업,PHEV 판매량,"전기차, 플러그인하이브리드, PHEV, 비야디, BYD",-,,,,-,-,-,2024,-,Y,확정,PHEV 249만대,KOSIS_VALUE,hcx,PHEV 판매량,,2024,Y,hcx,현재값,2490000,-,-,N,대,수준값,-,전년,"2일 블룸버그통신 등 외신에 따르면, 비야디는 작년 중국을 포함한 세계 시장에서 PHEV 249만대 안팎을 판매했다.",high,N,-,N,0,0,HCX-007,v1.6-early-kosis-context,2026-07-30,판매량,전기차,2024,Y,2024,RELATIVE_YEAR_FROM_ARTICLE_DATE,대,대,count,count,unspecified,,N,N,OUT_OF_KOSIS_SCOPE,claim_domain_scope=개별기업,REJECT,OUT_OF_KOSIS_SCOPE,,Y,전기차,,,,DECLARED_SINGLE_COMPANY,claim_domain_scope=개별기업: 개별기업 수치는 KOSIS 산업 집계와 다름,REJECT,Y,direct,,,,,count,N,N,,
A0015-SPF5B69887F7,A0015-SPF5B69887F7-m1,A0015,"中 비야디, 작년 차 판매량 첫 400만대 넘었다",2025-01-02,https://www.chosun.com/economy/auto/2025/01/02/HTW6CXWRT5CSVMD5Z65DXMTMMQ,"PHEV 판매량이 재작년 대비 약 73% 늘어나, 전체 판매량의 절반을 넘어섰다.","2일 블룸버그통신 등 외신에 따르면, 비야디는 작년 중국을 포함한 세계 시장에서 PHEV 249만대 안팎을 판매했다.","반면, BEV는 약 176만대 판매되며 같은 기간 12% 증가에 그쳤다.",개별기업,N,무역,PHEV 판매량 증감률,"전기차, 플러그인하이브리드, 판매량, 재작년 대비",-,,,PHEV,-,-,-,2024,-,Y,확정,약 73%,KOSIS_VALUE,hcx,PHEV 판매량 증감률,PHEV,2024,Y,hcx,증감률,73,-,-,Y,%,증감률,증가,전년,"PHEV 판매량이 재작년 대비 약 73% 늘어나, 전체 판매량의 절반을 넘어섰다.",mid,N,-,N,0,0,HCX-007,v1.6-early-kosis-context,2026-07-30,PHEV 판매량,자동차,2024,Y,2024,RELATIVE_YEAR_FROM_ARTICLE_DATE|CHANGE_RATE_FROM_TEXT,%,%,rate,rate_change,item,2023,N,N,OUT_OF_KOSIS_SCOPE,claim_domain_scope=개별기업,REJECT,OUT_OF_KOSIS_SCOPE,,N,,,,,DECLARED_SINGLE_COMPANY,claim_domain_scope=개별기업: 개별기업 수치는 KOSIS 산업 집계와 다름,REJECT,Y,direct,,,,,rate,N,N,,
A0015-SP4D48B5A867,A0015-SP4D48B5A867-m1,A0015,"中 비야디, 작년 차 판매량 첫 400만대 넘었다",2025-01-02,https://www.chosun.com/economy/auto/2025/01/02/HTW6CXWRT5CSVMD5Z65DXMTMMQ,"반면, BEV는 약 176만대 판매되며 같은 기간 12% 증가에 그쳤다.","PHEV 판매량이 재작년 대비 약 73% 늘어나, 전체 판매량의 절반을 넘어섰다.","PHEV는 전기가 떨어지면 기름으로 달려, 충전 제약을 덜 받기 때문에 최근 ‘순수 전기차(BEV)’의 대체재로 부상하고 있다.",개별기업,N,생산·산업,BEV 판매량,"전기차, 플러그인하이브리드, 순수 전기차",-,,,,-,-,-,2024,-,Y,확정,176만대,KOSIS_VALUE,hcx,BEV 판매량,,2024,Y,hcx,현재값,1760000,-,-,Y,대,수준값,증가,전년,"반면, BEV는 약 176만대 판매되며 같은 기간 12% 증가에 그쳤다.",high,N,-,N,0,0,HCX-007,v1.6-early-kosis-context,2026-07-30,전기차 판매량,자동차,2024,Y,2024,,대,대,count,count,unspecified,,N,N,OUT_OF_KOSIS_SCOPE,claim_domain_scope=개별기업,REJECT,OUT_OF_KOSIS_SCOPE,,Y,전기차,,,,DECLARED_SINGLE_COMPANY,claim_domain_scope=개별기업: 개별기업 수치는 KOSIS 산업 집계와 다름,REJECT,Y,direct,,,,,count,N,N,,
A0015-SP4D48B5A867,A0015-SP4D48B5A867-m2,A0015,"中 비야디, 작년 차 판매량 첫 400만대 넘었다",2025-01-02,https://www.chosun.com/economy/auto/2025/01/02/HTW6CXWRT5CSVMD5Z65DXMTMMQ,"반면, BEV는 약 176만대 판매되며 같은 기간 12% 증가에 그쳤다.","PHEV 판매량이 재작년 대비 약 73% 늘어나, 전체 판매량의 절반을 넘어섰다.","PHEV는 전기가 떨어지면 기름으로 달려, 충전 제약을 덜 받기 때문에 최근 ‘순수 전기차(BEV)’의 대체재로 부상하고 있다.",개별기업,N,생산·산업,BEV 판매량 증감률,"전기차, 플러그인하이브리드, 순수 전기차",-,,,,-,-,-,2024,-,Y,확정,12%,KOSIS_VALUE,hcx,BEV 판매량 증감률,,2024,Y,hcx,증감률,12,-,-,N,%,증감률,증가,전년,"반면, BEV는 약 176만대 판매되며 같은 기간 12% 증가에 그쳤다.",high,N,-,N,0,0,HCX-007,v1.6-early-kosis-context,2026-07-30,전기차 판매량,자동차,2024,Y,2024,CHANGE_RATE_FROM_TEXT,%,%,rate,rate_change,unspecified,2023,N,N,OUT_OF_KOSIS_SCOPE,claim_domain_scope=개별기업,REJECT,OUT_OF_KOSIS_SCOPE,,Y,전기차,,,,DECLARED_SINGLE_COMPANY,claim_domain_scope=개별기업: 개별기업 수치는 KOSIS 산업 집계와 다름,REJECT,Y,direct,,,,,rate,N,N,,
A0015-SP8592C33D61,A0015-SP8592C33D61-m1,A0015,"中 비야디, 작년 차 판매량 첫 400만대 넘었다",2025-01-02,https://www.chosun.com/economy/auto/2025/01/02/HTW6CXWRT5CSVMD5Z65DXMTMMQ,비야디는 작년 중국 외 시장에서 재작년 대비 72% 안팎 늘어난 41만대를 판매했다.,해외 시장 확대도 주효했다.,-,개별기업,N,무역,해외시장 판매량 증감률,"전기차, 플러그인하이브리드, PHEV, 비야디, BYD",-,,,,-,-,-,2024,-,Y,확정,72%,KOSIS_VALUE,hcx,해외시장 판매량 증감률,,2024,Y,hcx,증감률,72,-,-,N,%,증감률,증가,전년,비야디는 작년 중국 외 시장에서 재작년 대비 72% 안팎 늘어난 41만대를 판매했다.,high,N,-,N,0,0,HCX-007,v1.6-early-kosis-context,2026-07-30,판매량,전기차,2024,Y,2024,RELATIVE_YEAR_FROM_ARTICLE_DATE|CHANGE_RATE_FROM_TEXT,%,%,rate,rate_change,unspecified,2023,N,N,OUT_OF_KOSIS_SCOPE,claim_domain_scope=개별기업,REJECT,OUT_OF_KOSIS_SCOPE,,Y,전기차,,,,DECLARED_SINGLE_COMPANY,claim_domain_scope=개별기업: 개별기업 수치는 KOSIS 산업 집계와 다름,REJECT,Y,direct,,,,,rate,N,N,,
A0015-SP8592C33D61,A0015-SP8592C33D61-m2,A0015,"中 비야디, 작년 차 판매량 첫 400만대 넘었다",2025-01-02,https://www.chosun.com/economy/auto/2025/01/02/HTW6CXWRT5CSVMD5Z65DXMTMMQ,비야디는 작년 중국 외 시장에서 재작년 대비 72% 안팎 늘어난 41만대를 판매했다.,해외 시장 확대도 주효했다.,-,개별기업,N,무역,해외시장 판매량,"전기차, 플러그인하이브리드, PHEV, 비야디, BYD",-,,,,-,-,-,2024,-,Y,확정,41만대,KOSIS_VALUE,hcx,해외시장 판매량,,2024,Y,hcx,현재값,410000,-,-,N,대,수준값,증가,전년,비야디는 작년 중국 외 시장에서 재작년 대비 72% 안팎 늘어난 41만대를 판매했다.,high,N,-,N,0,0,HCX-007,v1.6-early-kosis-context,2026-07-30,판매량,전기차,2024,Y,2024,RELATIVE_YEAR_FROM_ARTICLE_DATE,대,대,count,count,unspecified,,N,N,OUT_OF_KOSIS_SCOPE,claim_domain_scope=개별기업,REJECT,OUT_OF_KOSIS_SCOPE,,Y,전기차,,,,DECLARED_SINGLE_COMPANY,claim_domain_scope=개별기업: 개별기업 수치는 KOSIS 산업 집계와 다름,REJECT,Y,direct,,,,,count,N,N,,
A0018-SP32C9008706,A0018-SP32C9008706-m2,A0018,반도체 덕에… 지난해 수출 6838억달러 역대 최대,2025-01-02,https://www.chosun.com/economy/economy_general/2025/01/02/6MYGM52QIVHUJBIZYYFBUW5IQM,작년 한 해 전체 수출액이 6838억달러(약 1006조원)로 2023년에 비해 8.2% 증가했다고 산업통상자원부와 관세청이 1일 밝혔다.,-,기존 역대 최대 규모였던 2022년 기록(6836억달러)을 2억달러 웃돌아 역대 최대 수출 실적을 달성했다.,국내공식통계,Y,무역,총수출액,"반도체, 수출액, 역대 최대, 산업통상자원부, 관세청",-,,,,-,-,-,2024,-,Y,확정,1006조원,KOSIS_VALUE,hcx,총수출액,,2024,Y,hcx,현재값,1006000000000000,-,-,Y,원,수준값,증가,전년,[검증 대상 문장] 작년 한 해 전체 수출액이 6838억달러(약 1006조원)로 2023년에 비해 8.2% 증가했다고 산업통상자원부와 관세청이 1일 밝혔다.,high,N,-,N,0,0,HCX-007,v1.6-early-kosis-context,2026-07-30,수출액,반도체,2024,Y,2024,RELATIVE_YEAR_FROM_ARTICLE_DATE,원,원,currency,amount,unspecified,,N,N,CONVERTED_CURRENCY_VALUE,다른 통화의 공표값을 근사 환산한 값은 KOSIS 직접값이 아님,REJECT,CONVERTED_CURRENCY_VALUE,,Y,반도체,,,sum,,,,N,direct,,,,,currency,N,N,,
A0018-SP33EC69A061,A0018-SP33EC69A061-m3,A0018,반도체 덕에… 지난해 수출 6838억달러 역대 최대,2025-01-02,https://www.chosun.com/economy/economy_general/2025/01/02/6MYGM52QIVHUJBIZYYFBUW5IQM,"작년 한국의 수입액은 전년보다 1.6% 감소한 6320억달러로, 518억달러의 무역 흑자를 기록했다.",주력 수출 품목인 반도체 수출액이 1419억달러로 역대 최대치를 고쳐 쓰면서 수출 증가세를 주도했다.,작년 흑자 폭은 2018년(697억달러 흑자) 이후 6년 만에 최대다.,국내공식통계,Y,무역,무역 흑자,"작년, 수입액, 전년, 감소, 무역 흑자",-,,,,-,-,-,2024,-,Y,확정,518억달러,KOSIS_VALUE,hcx,무역 흑자,-,2024,Y,hcx,현재값,51800000000,-,-,N,달러,수준값,감소,전년,"작년 한국의 수입액은 전년보다 1.6% 감소한 6320억달러로, 518억달러의 무역 흑자를 기록했다.",high,N,-,Y,0,0,HCX-007,v1.6-early-kosis-context,2026-07-30,수입액,,2024,Y,2024,RELATIVE_YEAR_FROM_ARTICLE_DATE,달러,달러,currency,amount,unspecified,,N,N,DERIVED_TRADE_BALANCE,무역 흑자·적자는 수출액과 수입액의 차이로 계산하는 파생값,REJECT,DERIVED_TRADE_BALANCE,,N,,,,,DERIVED_INDICATOR,'무역 흑자' 는 두 항목의 차이로만 얻어지는 값 — 단일 좌표로 조회할 수 없음,REJECT,Y,direct,,,,,currency,N,N,,
A0018-SP6B44F499DC,A0018-SP6B44F499DC-m1,A0018,반도체 덕에… 지난해 수출 6838억달러 역대 최대,2025-01-02,https://www.chosun.com/economy/economy_general/2025/01/02/6MYGM52QIVHUJBIZYYFBUW5IQM,작년 흑자 폭은 2018년(697억달러 흑자) 이후 6년 만에 최대다.,"작년 한국의 수입액은 전년보다 1.6% 감소한 6320억달러로, 518억달러의 무역 흑자를 기록했다.",무역수지는 반도체 수출 부진 여파로 2022·2023년 2년 연속 적자를 봤다가 작년에 3년 만에 다시 흑자로 돌아섰다.,국내공식통계,N,무역,흑자 폭,"작년, 흑자, 2018년, 6년, 최대",-,,,,-,-,-,2024,-,Y,확정,697억달러,KOSIS_VALUE,hcx,흑자 폭,-,2018,Y,hcx,현재값,69700000000,-,-,N,달러,수준값,유지,전년,작년 흑자 폭은 2018년(697억달러 흑자) 이후 6년 만에 최대다.,high,N,-,N,0,0,HCX-007,v1.6-early-kosis-context,2026-07-30,흑자 폭,,2024,Y,2018,RELATIVE_YEAR_FROM_ARTICLE_DATE,달러,달러,currency,amount,unspecified,,N,N,DERIVED_TRADE_BALANCE,무역 흑자·적자는 수출액과 수입액의 차이로 계산하는 파생값,REJECT,DERIVED_TRADE_BALANCE,,N,,,,,,,,N,direct,,,,,currency,N,N,,
A0018-SP6B44F499DC,A0018-SP6B44F499DC-m2,A0018,반도체 덕에… 지난해 수출 6838억달러 역대 최대,2025-01-02,https://www.chosun.com/economy/economy_general/2025/01/02/6MYGM52QIVHUJBIZYYFBUW5IQM,작년 흑자 폭은 2018년(697억달러 흑자) 이후 6년 만에 최대다.,"작년 한국의 수입액은 전년보다 1.6% 감소한 6320억달러로, 518억달러의 무역 흑자를 기록했다.",무역수지는 반도체 수출 부진 여파로 2022·2023년 2년 연속 적자를 봤다가 작년에 3년 만에 다시 흑자로 돌아섰다.,국내공식통계,N,무역,기간,"작년, 흑자, 2018년, 6년, 최대",-,,,,-,-,-,2024,-,Y,확정,6년,CONTEXT,hcx,기간,-,2018,Y,hcx,참고값,6,-,-,N,년,수준값,유지,전년,작년 흑자 폭은 2018년(697억달러 흑자) 이후 6년 만에 최대다.,high,N,-,N,0,0,HCX-007,v1.6-early-kosis-context,2026-07-30,흑자 폭,,2024,Y,2018,RELATIVE_YEAR_FROM_ARTICLE_DATE,년,년,duration,condition,unspecified,,N,N,NOT_KOSIS_VALUE,measurement_usage=CONTEXT,REJECT,NOT_KOSIS_VALUE,,N,,,,,,,,N,direct,,,,,duration,N,N,,
A0018-SP41D7627A88,A0018-SP41D7627A88-m1,A0018,반도체 덕에… 지난해 수출 6838억달러 역대 최대,2025-01-02,https://www.chosun.com/economy/economy_general/2025/01/02/6MYGM52QIVHUJBIZYYFBUW5IQM,무역수지는 반도체 수출 부진 여파로 2022·2023년 2년 연속 적자를 봤다가 작년에 3년 만에 다시 흑자로 돌아섰다.,작년 흑자 폭은 2018년(697억달러 흑자) 이후 6년 만에 최대다.,작년 수출이 역대 최대 실적을 달성한 것은 4개월 연속 둔화세를 보이던 수출이 지난달 선방했기 때문이다.,국내공식통계,Y,무역,적자 기간,"수출, 흑자, 반도체, 무역수지",-,,,,-,-,-,2024,-,Y,확정,2년,CONTEXT,hcx,적자 기간,-,2023,Y,hcx,참고값,2,-,-,N,년,수준값,-,,무역수지는 반도체 수출 부진 여파로 2022·2023년 2년 연속 적자를 봤다가 작년에 3년 만에 다시 흑자로 돌아섰다.,high,N,-,Y,0,0,HCX-007,v1.6-early-kosis-context,2026-07-30,무역수지,,2024,Y,2023,RELATIVE_YEAR_FROM_ARTICLE_DATE,년,년,duration,condition,unspecified,,N,N,NOT_KOSIS_VALUE,measurement_usage=CONTEXT,REJECT,NOT_KOSIS_VALUE,,N,,,,,,,,N,direct,,,,,duration,N,N,,
A0018-SP41D7627A88,A0018-SP41D7627A88-m2,A0018,반도체 덕에… 지난해 수출 6838억달러 역대 최대,2025-01-02,https://www.chosun.com/economy/economy_general/2025/01/02/6MYGM52QIVHUJBIZYYFBUW5IQM,무역수지는 반도체 수출 부진 여파로 2022·2023년 2년 연속 적자를 봤다가 작년에 3년 만에 다시 흑자로 돌아섰다.,작년 흑자 폭은 2018년(697억달러 흑자) 이후 6년 만에 최대다.,작년 수출이 역대 최대 실적을 달성한 것은 4개월 연속 둔화세를 보이던 수출이 지난달 선방했기 때문이다.,국내공식통계,Y,무역,흑자 복귀 주기,"수출, 흑자, 반도체, 무역수지",-,,,,-,-,-,2024,-,Y,확정,3년,CONTEXT,hcx,흑자 복귀 주기,-,2023,Y,hcx,참고값,3,-,-,N,년,수준값,-,,무역수지는 반도체 수출 부진 여파로 2022·2023년 2년 연속 적자를 봤다가 작년에 3년 만에 다시 흑자로 돌아섰다.,high,N,-,Y,0,0,HCX-007,v1.6-early-kosis-context,2026-07-30,무역수지,,2024,Y,2023,RELATIVE_YEAR_FROM_ARTICLE_DATE,년,년,duration,condition,unspecified,,N,N,NOT_KOSIS_VALUE,measurement_usage=CONTEXT,REJECT,NOT_KOSIS_VALUE,,N,,,,,,,,N,direct,,,,,duration,N,N,,
A0018-SP4F9F4EF6A5,A0018-SP4F9F4EF6A5-m1,A0018,반도체 덕에… 지난해 수출 6838억달러 역대 최대,2025-01-02,https://www.chosun.com/economy/economy_general/2025/01/02/6MYGM52QIVHUJBIZYYFBUW5IQM,작년 수출이 역대 최대 실적을 달성한 것은 4개월 연속 둔화세를 보이던 수출이 지난달 선방했기 때문이다.,무역수지는 반도체 수출 부진 여파로 2022·2023년 2년 연속 적자를 봤다가 작년에 3년 만에 다시 흑자로 돌아섰다.,작년 12월 수출은 613억8000만달러로 1년 전 대비 6.6% 늘어 한 달 전(1.4%)에 비해 오름폭을 키웠다.,국내공식통계,Y,무역,둔화 기간,"반도체, 수출액, 역대 최대 실적",-,,,,-,-,-,2024,-,Y,확정,4개월,CONTEXT,hcx,둔화 기간,,2023,M,hcx,참고값,4,-,-,N,개월,수준값,-,,작년 수출이 역대 최대 실적을 달성한 것은 4개월 연속 둔화세를 보이던 수출이 지난달 선방했기 때문이다.,high,N,-,Y,0,0,HCX-007,v1.6-early-kosis-context,2026-07-30,수출액,반도체,2024,Y,2023,RELATIVE_YEAR_FROM_ARTICLE_DATE|ANNUAL_METRIC_NOT_MONTHLY_PERIOD,개월,개월,duration,condition,unspecified,,N,N,NOT_KOSIS_VALUE,measurement_usage=CONTEXT,REJECT,NOT_KOSIS_VALUE,,Y,반도체,,,,,,,N,direct,,,,,duration,N,N,,
A0018-SP6C1F318589,A0018-SP6C1F318589-m3,A0018,반도체 덕에… 지난해 수출 6838억달러 역대 최대,2025-01-02,https://www.chosun.com/economy/economy_general/2025/01/02/6MYGM52QIVHUJBIZYYFBUW5IQM,작년 12월 수출은 613억8000만달러로 1년 전 대비 6.6% 늘어 한 달 전(1.4%)에 비해 오름폭을 키웠다.,작년 수출이 역대 최대 실적을 달성한 것은 4개월 연속 둔화세를 보이던 수출이 지난달 선방했기 때문이다.,지난달 수출액은 월간 기준으로 역대 최고치다.,국내공식통계,Y,무역,비교 기간,"수출, 역대 최대 실적, 반도체, 작년, 12월",-,,,,-,-,-,202412,-,M,확정,1년,CONTEXT,hcx,비교 기간,-,2024-12,M,hcx,참고값,1,-,-,N,년,수준값,-,,[검증 대상 문장] 작년 12월 수출은 613억8000만달러로 1년 전 대비 6.6% 늘어 한 달 전(1.4%)에 비해 오름폭을 키웠다.,high,N,-,Y,0,0,HCX-007,v1.6-early-kosis-context,2026-07-30,수출액,,2024,M,2024-12,RELATIVE_YEAR_MONTH_FROM_ARTICLE_DATE,년,년,duration,condition,unspecified,,N,N,NOT_KOSIS_VALUE,measurement_usage=CONTEXT,REJECT,NOT_KOSIS_VALUE,,N,,,,,,,,N,direct,,,,,duration,N,N,,
A0019-SP47B124F81D,-,A0019,최상목 대행 “필요시 추가 경기보강 강구”,2025-01-02,https://www.chosun.com/economy/economy_general/2025/01/02/7VLZMCNZCFH2JCMP262AEPOUFQ,"최상목 대통령 권한대행 부총리 겸 기획재정부 장관이 “미국 신정부의 정책 전개양상, 민생경제 상황 등 경제 여건 전반을 1분기 중 재점검하고, 필요시 추가 경기 보강 방안을 강구하겠다”고 말했다.",-,2일 최 권한대행은 정부서울청사에서 경제관계장관회의를 열고 ‘2025년 경제정책방향’을 발표했다.,전망·목표,N,재정·조세,,-,-,,,,-,-,-,,-,,확정,-,-,-,-,-,-,-,-,,-,-,-,-,,,-,,"최상목 대통령 권한대행 부총리 겸 기획재정부 장관이 ""미국 신정부의 정책 전개양상, 민생경제 상황 등 경제 여건 전반을 1분기 중 재점검하고, 필요시 추가 경기 보강 방안을 강구하겠다""고 말했다.",mid,N,-,N,0,0,HCX-007,v1.6-early-kosis-context,2026-07-30,추가 경기 보강 방안,,2025Q1,Q,,,,,unknown,level,unspecified,,N,N,PLAN_VALUE,계획 표현(하겠다) — 아직 실현되지 않은 값은 실적통계와 대조할 수 없음,REJECT,PLAN_VALUE,,N,,,,,PLAN_VALUE,계획 표현(하겠다) — 아직 실현되지 않은 값은 실적통계와 대조할 수 없음,REJECT,Y,direct,,,,,,N,N,,
A0019-SP206C76882C,A0019-SP206C76882C-m1,A0019,최상목 대행 “필요시 추가 경기보강 강구”,2025-01-02,https://www.chosun.com/economy/economy_general/2025/01/02/7VLZMCNZCFH2JCMP262AEPOUFQ,"이 자리에서 그는 “올해 우리 경제는 미국 신정부 출범과 국내 정치상황이 맞물리며 어느 때보다 큰 대내외 불확실성에 직면할 것으로 예상된다”며 “성장률이 1.8% 수준으로 낮아지며 민생 어려움이 가중되고, 대외 신인도 영향도 우려된다”고 했다.",2일 최 권한대행은 정부서울청사에서 경제관계장관회의를 열고 ‘2025년 경제정책방향’을 발표했다.,그러면서 연초 경기 상황에 따라 추가경정예산(추경) 편성 등 추가 대책을 마련할 수 있음을 시사한 것이다.,국내공식통계,N,기타,성장률,"성장률, 경제정책방향, 민생 어려움, 대외 신인도",-,,,,-,-,-,2025,-,Y,확정,1.8%,KOSIS_VALUE,hcx,성장률,-,2025,Y,hcx,현재값,1.8,-,-,N,%,수준값,유지,전년,"""올해 우리 경제는 미국 신정부 출범과 국내 정치상황이 맞물리며 어느 때보다 큰 대내외 불확실성에 직면할 것으로 예상된다""며 ""성장률이 1.8% 수준으로 낮아지며 민생 어려움이 가중되고, 대외 신인도 영향도 우려된다""고 했다.",high,N,-,N,0,0,HCX-007,v1.6-early-kosis-context,2026-07-30,성장률,,2025,Y,2025,RELATIVE_YEAR_FROM_ARTICLE_DATE,%,%,rate,rate_level,unspecified,,N,N,FORECAST_VALUE,전망 표현(예상) — 아직 실현되지 않은 값은 실적통계와 대조할 수 없음,REJECT,FORECAST_VALUE,,N,,,,,FORECAST_VALUE,전망 표현(예상) — 아직 실현되지 않은 값은 실적통계와 대조할 수 없음,REJECT,Y,direct,,,,,rate,N,N,,
A0020-SP6A79D2AE3A,A0020-SP6A79D2AE3A-m1,A0020,채용·인력배치 로봇 혁명… “관리·설계직 더 뽑고 야근도 확 줄어”,2025-01-02,https://www.chosun.com/economy/economy_general/2025/01/02/A7CI5RF3WNDZ3IYINXCYLMBVS4,"실시한 조사에 따르면, 이곳 중소제조업체의 40.7%는 “자금 조달이 어렵다”고 대답했다.",작년 한국산업단지공단이 경남 창원 산단을 중심으로,"“정부, 지자체 지원이 부족하다”고 답한 경우는 25.9%, “투자 비용 대비 회수 기간이 길다”고 답한 경우는 20.4%였다.",국내공식통계,N,고용,중소제조업체 자금 조달 어려움 비율,"중소제조업체, 자금 조달, 정부 지원, 투자 비용",-,,,,중소제조업체,-,-,2024,-,Y,확정,40.7%,KOSIS_VALUE,hcx,중소제조업체 자금 조달 어려움 비율,-,2024,Y,hcx,현재값,40.7,-,-,N,%,비중,-,전년,"[검증 대상 문장] 작년 한국산업단지공단이 경남 창원 산단을 중심으로 실시한 조사에 따르면, 이곳 중소제조업체의 40.7%는 ""자금 조달이 어렵다""고 대답했다.",high,N,-,N,0,0,HCX-007,v1.6-early-kosis-context,2026-07-30,중소제조업체 자금 조달 어려움 비율,,2024,Y,2024,,%,%,rate,rate_level,organization,,N,N,SHARE_CLAIM_UNSUPPORTED,구성비 주장은 분자·분모 축이 둘 다 필요해 현재 좌표 모델로 표현할 수 없다,REJECT,SHARE_CLAIM_UNSUPPORTED,,N,,,,,,,,N,direct,,,,,rate,N,N,,
A0020-SP11FC0B98F8,A0020-SP11FC0B98F8-m1,A0020,채용·인력배치 로봇 혁명… “관리·설계직 더 뽑고 야근도 확 줄어”,2025-01-02,https://www.chosun.com/economy/economy_general/2025/01/02/A7CI5RF3WNDZ3IYINXCYLMBVS4,"“정부, 지자체 지원이 부족하다”고 답한 경우는 25.9%, “투자 비용 대비 회수 기간이 길다”고 답한 경우는 20.4%였다.","실시한 조사에 따르면, 이곳 중소제조업체의 40.7%는 “자금 조달이 어렵다”고 대답했다.",대기업과 중소기업의 신기술 도입률 격차도 아직 크다.,여론조사·설문,N,고용,정부·지자체 지원 부족 인식 비율,"중소제조업체, 정부, 지자체, 지원 부족, 투자 비용, 회수 기간",-,,,,중소제조업체,-,-,,-,,확정,"'정부, 지자체 지원이 부족하다'고 답한 경우 25.9%",POLICY_VALUE,hcx,정부·지자체 지원 부족 인식 비율,-,-,-,hcx,현재값,25.9,-,-,N,%,비중,-,,"“정부, 지자체 지원이 부족하다”고 답한 경우는 25.9%, “투자 비용 대비 회수 기간이 길다”고 답한 경우는 20.4%였다.",high,N,-,N,0,0,HCX-007,v1.6-early-kosis-context,2026-07-30,중소제조업체의 정부·지자체 지원 부족 인식 비율,,,,,,%,%,rate,rate_level,unspecified,,N,N,NOT_KOSIS_VALUE,measurement_usage=POLICY_VALUE,REJECT,NOT_KOSIS_VALUE,,N,,,,,,,,N,direct,,,,,rate,N,N,,
A0020-SP11FC0B98F8,A0020-SP11FC0B98F8-m2,A0020,채용·인력배치 로봇 혁명… “관리·설계직 더 뽑고 야근도 확 줄어”,2025-01-02,https://www.chosun.com/economy/economy_general/2025/01/02/A7CI5RF3WNDZ3IYINXCYLMBVS4,"“정부, 지자체 지원이 부족하다”고 답한 경우는 25.9%, “투자 비용 대비 회수 기간이 길다”고 답한 경우는 20.4%였다.","실시한 조사에 따르면, 이곳 중소제조업체의 40.7%는 “자금 조달이 어렵다”고 대답했다.",대기업과 중소기업의 신기술 도입률 격차도 아직 크다.,여론조사·설문,N,고용,투자 비용 대비 회수 기간 문제 인식 비율,"중소제조업체, 정부, 지자체, 지원 부족, 투자 비용, 회수 기간",-,,,,중소제조업체,-,-,,-,,확정,'투자 비용 대비 회수 기간이 길다'고 답한 경우는 20.4%,POLICY_VALUE,hcx,투자 비용 대비 회수 기간 문제 인식 비율,-,-,-,hcx,현재값,20.4,-,-,N,%,비중,-,,"“정부, 지자체 지원이 부족하다”고 답한 경우는 25.9%, “투자 비용 대비 회수 기간이 길다”고 답한 경우는 20.4%였다.",high,N,-,N,0,0,HCX-007,v1.6-early-kosis-context,2026-07-30,중소제조업체의 정부·지자체 지원 부족 인식 비율,,,,,,%,%,rate,rate_level,unspecified,,N,N,NOT_KOSIS_VALUE,measurement_usage=POLICY_VALUE,REJECT,NOT_KOSIS_VALUE,,N,,,,,,,,N,direct,,,,,rate,N,N,,
A0020-SP0CC9D6D682,A0020-SP0CC9D6D682-m1,A0020,채용·인력배치 로봇 혁명… “관리·설계직 더 뽑고 야근도 확 줄어”,2025-01-02,https://www.chosun.com/economy/economy_general/2025/01/02/A7CI5RF3WNDZ3IYINXCYLMBVS4,"작년 중기중앙회와 통계청에 따르면, 로봇 및 인공지능(AI) 등 신기술 도입률은 대기업과 중소기업 간 두 배 이상 차이가 났다. 대기업이 신기술을 도입한 경우는 24.5%, 중소기업(50인 이상 300인 미만)의 신기술 도입률은 12.1% 정도였다.",대기업과 중소기업의 신기술 도입률 격차도 아직 크다.,-,국내공식통계,N,고용,대기업의 신기술 도입률,"로봇, 인공지능, 신기술, 도입률, 대기업, 중소기업",-,,,,-,-,-,2024,-,Y,확정,24.5%,CONDITION,hcx,대기업의 신기술 도입률,-,2024,Y,hcx,참고값,24.5,-,-,N,%,수준값,-,전년,"작년 중기중앙회와 통계청에 따르면, 로봇 및 인공지능(AI) 등 신기술 도입률은 대기업과 중소기업 간 두 배 이상 차이가 났다. 대기업이 신기술을 도입한 경우는 24.5%, 중소기업(50인 이상 300인 미만)의 신기술 도입률은 12.1% 정도였다.",high,N,-,N,0,0,HCX-007,v1.6-early-kosis-context,2026-07-30,신기술 도입률,,2024,Y,2024,RELATIVE_YEAR_FROM_ARTICLE_DATE,%,%,rate,rate_level,organization,,N,N,NOT_KOSIS_VALUE,measurement_usage=CONDITION,REJECT,NOT_KOSIS_VALUE,,N,,,,,,,,N,direct,50인 이상 300인 미만,,,,rate,N,N,,
A0023-SPEDE256BB63,A0023-SPEDE256BB63-m1,A0023,정부 “올해 경제성장률 1.8%”… 한은 전망보다 더 낮췄다,2025-01-02,https://www.chosun.com/economy/economy_general/2025/01/02/FWT5PD42TZED7JTIXYCIECCFRE,수출과 건설 경기 부진 여파로 새해 우리나라 경제가 1.8% 성장하는 데 그칠 것이라고 기획재정부가 2일 전망했다.,-,비상 계엄 파문 이전인 작년 11월말 새해 성장률을 1.9%로 전망한 한국은행보다 경제 상황이 조금 더 어둡다고 봤다.,국내공식통계,N,재정·조세,경제성장률,"경제성장률, 전망, 기획재정부, 한국은행",-,,,,-,-,-,2025,-,Y,확정,1.8%,KOSIS_VALUE,hcx,경제성장률,-,2025,Y,hcx,현재값,1.8,-,-,N,%,수준값,유지,전년,수출과 건설 경기 부진 여파로 새해 우리나라 경제가 1.8% 성장하는 데 그칠 것이라고 기획재정부가 2일 전망했다.,high,N,-,N,0,0,HCX-007,v1.6-early-kosis-context,2026-07-30,경제성장률,,2025,Y,2025,,%,%,rate,rate_level,unspecified,,N,N,FORECAST_VALUE,전망 표현(전망) — 아직 실현되지 않은 값은 실적통계와 대조할 수 없음,REJECT,FORECAST_VALUE,,N,,,,,FORECAST_VALUE,전망 표현(전망) — 아직 실현되지 않은 값은 실적통계와 대조할 수 없음,REJECT,Y,direct,,,,,rate,N,N,,
A0023-SPAA2B08D43E,A0023-SPAA2B08D43E-m1,A0023,정부 “올해 경제성장률 1.8%”… 한은 전망보다 더 낮췄다,2025-01-02,https://www.chosun.com/economy/economy_general/2025/01/02/FWT5PD42TZED7JTIXYCIECCFRE,비상 계엄 파문 이전인 작년 11월말 새해 성장률을 1.9%로 전망한 한국은행보다 경제 상황이 조금 더 어둡다고 봤다.,수출과 건설 경기 부진 여파로 새해 우리나라 경제가 1.8% 성장하는 데 그칠 것이라고 기획재정부가 2일 전망했다.,기재부는 이날 ‘2025년 경제정책방향’을 발표하면서 올해 경제 성장률이 1.8%로 전망된다고 밝혔다.,국내공식통계,N,재정·조세,경제성장률,"경제성장률, 전망치, 기획재정부, 한국은행",-,,,,-,-,-,2024,-,Y,확정,1.9%,KOSIS_VALUE,hcx,경제성장률,-,2024,Y,hcx,이전값,1.9,-,-,N,%,수준값,감소,전년,비상 계엄 파문 이전인 작년 11월말 새해 성장률을 1.9%로 전망한 한국은행보다 경제 상황이 조금 더 어둡다고 봤다.,high,N,-,N,0,0,HCX-007,v1.6-early-kosis-context,2026-07-30,경제성장률,,2025,Y,2024,RELATIVE_YEAR_MONTH_FROM_ARTICLE_DATE,%,%,rate,rate_level,unspecified,,N,N,FORECAST_VALUE,전망 표현(전망) — 아직 실현되지 않은 값은 실적통계와 대조할 수 없음,REJECT,FORECAST_VALUE,,N,,,,,FORECAST_VALUE,전망 표현(전망) — 아직 실현되지 않은 값은 실적통계와 대조할 수 없음,REJECT,Y,direct,,,,,rate,N,N,,
A0023-SP4EDAC50932,A0023-SP4EDAC50932-m1,A0023,정부 “올해 경제성장률 1.8%”… 한은 전망보다 더 낮췄다,2025-01-02,https://www.chosun.com/economy/economy_general/2025/01/02/FWT5PD42TZED7JTIXYCIECCFRE,기재부는 이날 ‘2025년 경제정책방향’을 발표하면서 올해 경제 성장률이 1.8%로 전망된다고 밝혔다.,비상 계엄 파문 이전인 작년 11월말 새해 성장률을 1.9%로 전망한 한국은행보다 경제 상황이 조금 더 어둡다고 봤다.,"작년 7월초만 해도 정부는 수출이 살아나면서 내수가 회복될 것으로 기대하고 새해 성장률을 2.2%로 봤었는데, 내수 부진이 장기화하고 비상 계엄과 줄탄핵 등 정치 불확실성이 커지자 6개월 만에 전망치를 0.4%포인트 낮췄다.",국내공식통계,N,재정·조세,경제성장률,"경제성장률, 전망, 기획재정부, 한국은행, 경제정책방향",-,,,,-,-,-,2025,-,Y,확정,1.8%,KOSIS_VALUE,hcx,경제성장률,-,2025,Y,hcx,현재값,1.8,-,-,N,%,수준값,유지,전년,기재부는 이날 '2025년 경제정책방향'을 발표하면서 올해 경제 성장률이 1.8%로 전망된다고 밝혔다.,high,N,-,N,0,0,HCX-007,v1.6-early-kosis-context,2026-07-30,경제성장률,,2025,Y,2025,RELATIVE_YEAR_FROM_ARTICLE_DATE,%,%,rate,rate_level,unspecified,,N,N,FORECAST_VALUE,전망 표현(전망) — 아직 실현되지 않은 값은 실적통계와 대조할 수 없음,REJECT,FORECAST_VALUE,,N,,,,,FORECAST_VALUE,전망 표현(전망) — 아직 실현되지 않은 값은 실적통계와 대조할 수 없음,REJECT,Y,direct,,,,,rate,N,N,,
A0023-SPFB1386F308,A0023-SPFB1386F308-m1,A0023,정부 “올해 경제성장률 1.8%”… 한은 전망보다 더 낮췄다,2025-01-02,https://www.chosun.com/economy/economy_general/2025/01/02/FWT5PD42TZED7JTIXYCIECCFRE,"작년 7월초만 해도 정부는 수출이 살아나면서 내수가 회복될 것으로 기대하고 새해 성장률을 2.2%로 봤었는데, 내수 부진이 장기화하고 비상 계엄과 줄탄핵 등 정치 불확실성이 커지자 6개월 만에 전망치를 0.4%포인트 낮췄다.",기재부는 이날 ‘2025년 경제정책방향’을 발표하면서 올해 경제 성장률이 1.8%로 전망된다고 밝혔다.,정부의 올해 성장률 전망치는 2~2.1%로 추정되는 잠재 성장률(생산 자원을 모두 투입했을 때 물가 상승 없이 최대한 달성할 수 있는 성장률)보다 낮다.,국내공식통계,N,재정·조세,경제성장률,"경제성장률, 전망치, 내수부진, 정치불확실성",-,,,,-,-,-,2025,-,Y,확정,2.2%,KOSIS_VALUE,hcx,경제성장률,-,2024,Y,hcx,증감률,2.2,-,-,N,%,증감률,감소,전년,"작년 7월초만 해도 정부는 수출이 살아나면서 내수가 회복될 것으로 기대하고 새해 성장률을 2.2%로 봤었는데, 내수 부진이 장기화하고 비상 계엄과 줄탄핵 등 정치 불확실성이 커지자 6개월 만에 전망치를 0.4%포인트 낮췄다.",high,Y,measurement_rule_fallback:1,Y,1,0,HCX-007,v1.6-early-kosis-context,2026-07-30,경제성장률,,2025,Y,2024,CHANGE_RATE_FROM_TEXT|COMPARISON_PERIOD_TO_TARGET,%,%,rate,rate_change,unspecified,2024,N,N,FORECAST_VALUE,전망 표현(전망) — 아직 실현되지 않은 값은 실적통계와 대조할 수 없음,REJECT,FORECAST_VALUE,,N,,,,,FORECAST_VALUE,전망 표현(전망) — 아직 실현되지 않은 값은 실적통계와 대조할 수 없음,REJECT,Y,,,DERIVED_VALUE_REQUIRES_COMPUTATION,증감값은 직접 공표 ITEM 확인 또는 수준값 재계산 필요,,rate,Y,N,,direct|rate_from_level
A0023-SPFB1386F308,A0023-SPFB1386F308-m2,A0023,정부 “올해 경제성장률 1.8%”… 한은 전망보다 더 낮췄다,2025-01-02,https://www.chosun.com/economy/economy_general/2025/01/02/FWT5PD42TZED7JTIXYCIECCFRE,"작년 7월초만 해도 정부는 수출이 살아나면서 내수가 회복될 것으로 기대하고 새해 성장률을 2.2%로 봤었는데, 내수 부진이 장기화하고 비상 계엄과 줄탄핵 등 정치 불확실성이 커지자 6개월 만에 전망치를 0.4%포인트 낮췄다.",기재부는 이날 ‘2025년 경제정책방향’을 발표하면서 올해 경제 성장률이 1.8%로 전망된다고 밝혔다.,정부의 올해 성장률 전망치는 2~2.1%로 추정되는 잠재 성장률(생산 자원을 모두 투입했을 때 물가 상승 없이 최대한 달성할 수 있는 성장률)보다 낮다.,국내공식통계,N,재정·조세,경제성장률 변화폭,"경제성장률, 전망치, 내수부진, 정치불확실성",-,,,,-,-,-,2025,-,Y,확정,0.4%,KOSIS_VALUE,hcx,경제성장률 변화폭,-,2025,Y,hcx,증감률,0.4,-,-,N,%p,증감률,감소,전년,"작년 7월초만 해도 정부는 수출이 살아나면서 내수가 회복될 것으로 기대하고 새해 성장률을 2.2%로 봤었는데, 내수 부진이 장기화하고 비상 계엄과 줄탄핵 등 정치 불확실성이 커지자 6개월 만에 전망치를 0.4%포인트 낮췄다.",high,Y,measurement_rule_fallback:1,Y,1,0,HCX-007,v1.6-early-kosis-context,2026-07-30,경제성장률,,2025,Y,2025,CHANGE_RATE_FROM_TEXT,%,%p,rate,absolute_change,unspecified,2024,N,N,FORECAST_VALUE,전망 표현(전망) — 아직 실현되지 않은 값은 실적통계와 대조할 수 없음,REJECT,FORECAST_VALUE,,N,,,,,FORECAST_VALUE,전망 표현(전망) — 아직 실현되지 않은 값은 실적통계와 대조할 수 없음,REJECT,Y,,,DERIVED_VALUE_REQUIRES_COMPUTATION,증감값은 직접 공표 ITEM 확인 또는 수준값 재계산 필요,,rate,Y,N,,direct|difference_from_level
A0023-SPFB1386F308,A0023-SPFB1386F308-m3,A0023,정부 “올해 경제성장률 1.8%”… 한은 전망보다 더 낮췄다,2025-01-02,https://www.chosun.com/economy/economy_general/2025/01/02/FWT5PD42TZED7JTIXYCIECCFRE,"작년 7월초만 해도 정부는 수출이 살아나면서 내수가 회복될 것으로 기대하고 새해 성장률을 2.2%로 봤었는데, 내수 부진이 장기화하고 비상 계엄과 줄탄핵 등 정치 불확실성이 커지자 6개월 만에 전망치를 0.4%포인트 낮췄다.",기재부는 이날 ‘2025년 경제정책방향’을 발표하면서 올해 경제 성장률이 1.8%로 전망된다고 밝혔다.,정부의 올해 성장률 전망치는 2~2.1%로 추정되는 잠재 성장률(생산 자원을 모두 투입했을 때 물가 상승 없이 최대한 달성할 수 있는 성장률)보다 낮다.,국내공식통계,N,재정·조세,경제성장률,"경제성장률, 전망치, 내수부진, 정치불확실성",-,,,,-,-,-,2025,-,Y,확정,6개월,CONTEXT,rule_fallback,경제성장률,-,2025,Y,rule_fallback,참고값,6,-,-,N,개월,수준값,-,,"작년 7월초만 해도 정부는 수출이 살아나면서 내수가 회복될 것으로 기대하고 새해 성장률을 2.2%로 봤었는데, 내수 부진이 장기화하고 비상 계엄과 줄탄핵 등 정치 불확실성이 커지자 6개월 만에 전망치를 0.4%포인트 낮췄다.",high,Y,measurement_rule_fallback:1,Y,1,0,HCX-007,v1.6-early-kosis-context,2026-07-30,경제성장률,,2025,Y,2025,,개월,개월,duration,rate_level,unspecified,,N,N,NOT_KOSIS_VALUE,measurement_usage=CONTEXT,REJECT,NOT_KOSIS_VALUE,,N,,,,,FORECAST_VALUE,전망 표현(전망) — 아직 실현되지 않은 값은 실적통계와 대조할 수 없음,REJECT,Y,direct,,,,,duration,N,N,,
A0023-SP1EEDF6FC00,A0023-SP1EEDF6FC00-m1,A0023,정부 “올해 경제성장률 1.8%”… 한은 전망보다 더 낮췄다,2025-01-02,https://www.chosun.com/economy/economy_general/2025/01/02/FWT5PD42TZED7JTIXYCIECCFRE,이런 가운데 정부는 소비자 물가 상승률도 한국은행의 물가 안정 목표치(2%)보다 낮은 1.8%로 내다봤다.,정부의 올해 성장률 전망치는 2~2.1%로 추정되는 잠재 성장률(생산 자원을 모두 투입했을 때 물가 상승 없이 최대한 달성할 수 있는 성장률)보다 낮다.,성장률과 물가 상승률이 모두 1%대에 머무른다는 정부 전망이 현실화될 경우 경기 침체 우려가 커질 수 있다.,국내공식통계,N,재정·조세,경제성장률,"경제성장률, 소비자 물가 상승률",-,,,,-,-,-,2025,-,Y,확정,1.8%,KOSIS_VALUE,hcx,경제성장률,-,2025,Y,hcx,증감률,1.8,-,-,N,%,증감률,감소,전년,이런 가운데 정부는 소비자 물가 상승률도 한국은행의 물가 안정 목표치(2%)보다 낮은 1.8%로 내다봤다.,high,N,-,N,0,0,HCX-007,v1.6-early-kosis-context,2026-07-30,경제성장률,,2025,Y,2025,CHANGE_RATE_FROM_TEXT,%,%,rate,rate_change,unspecified,2024,N,N,FORECAST_VALUE,전망 표현(내다봤) — 아직 실현되지 않은 값은 실적통계와 대조할 수 없음,REJECT,FORECAST_VALUE,,N,,,,,FORECAST_VALUE,전망 표현(내다봤) — 아직 실현되지 않은 값은 실적통계와 대조할 수 없음,REJECT,Y,,,DERIVED_VALUE_REQUIRES_COMPUTATION,증감값은 직접 공표 ITEM 확인 또는 수준값 재계산 필요,,rate,Y,N,,direct|rate_from_level
A0023-SP1EEDF6FC00,A0023-SP1EEDF6FC00-m2,A0023,정부 “올해 경제성장률 1.8%”… 한은 전망보다 더 낮췄다,2025-01-02,https://www.chosun.com/economy/economy_general/2025/01/02/FWT5PD42TZED7JTIXYCIECCFRE,이런 가운데 정부는 소비자 물가 상승률도 한국은행의 물가 안정 목표치(2%)보다 낮은 1.8%로 내다봤다.,정부의 올해 성장률 전망치는 2~2.1%로 추정되는 잠재 성장률(생산 자원을 모두 투입했을 때 물가 상승 없이 최대한 달성할 수 있는 성장률)보다 낮다.,성장률과 물가 상승률이 모두 1%대에 머무른다는 정부 전망이 현실화될 경우 경기 침체 우려가 커질 수 있다.,국내공식통계,N,재정·조세,경제성장률,"경제성장률, 소비자 물가 상승률",-,,,,-,-,-,2025,-,Y,확정,2%,KOSIS_VALUE,hcx,경제성장률,-,2024,Y,hcx,증감률,2,-,-,N,%,증감률,감소,전년,이런 가운데 정부는 소비자 물가 상승률도 한국은행의 물가 안정 목표치(2%)보다 낮은 1.8%로 내다봤다.,high,N,-,N,0,0,HCX-007,v1.6-early-kosis-context,2026-07-30,경제성장률,,2025,Y,2024,CHANGE_RATE_FROM_TEXT|COMPARISON_PERIOD_TO_TARGET,%,%,rate,rate_change,unspecified,2024,N,N,FORECAST_VALUE,전망 표현(내다봤) — 아직 실현되지 않은 값은 실적통계와 대조할 수 없음,REJECT,FORECAST_VALUE,,N,,,,,FORECAST_VALUE,전망 표현(내다봤) — 아직 실현되지 않은 값은 실적통계와 대조할 수 없음,REJECT,Y,,,DERIVED_VALUE_REQUIRES_COMPUTATION,증감값은 직접 공표 ITEM 확인 또는 수준값 재계산 필요,,rate,Y,N,,direct|rate_from_level
A0023-SPF1AEE208EE,A0023-SPF1AEE208EE-m1,A0023,정부 “올해 경제성장률 1.8%”… 한은 전망보다 더 낮췄다,2025-01-02,https://www.chosun.com/economy/economy_general/2025/01/02/FWT5PD42TZED7JTIXYCIECCFRE,◇”수출 꺾이고 건설 계속 안 좋다” 정부는 성장률 전망치를 낮춘 가장 큰 이유로 수출 둔화를 꼽았다. 기재부는 반도체 등 주력 수출 업종의 경쟁 심화와 관세 장벽 강화를 내세운 미국의 트럼프 2기 행정부 출범 등으로 수출 증가율이 작년 8.2%에서 올해 1.5%로 쪼그라들 것으로 봤다. 정부가 이날 발표한 새해 수출 증가율 전망치는 6개월 전 전망(6%)과 비교해도 4분의 1 수준이다.,"정부는 지난달 30일 새해 경제정책방향을 발표할 계획이었는데, 하루 전 무안공항 제주항공 여객기 참사로 발표를 사흘 미뤘다.","안덕근 산업통상자원부 장관은 지난달 30일 SK하이닉스 청주캠퍼스에서 열린 반도체 관련 기업 간담회에서 “국내 정치 상황과 미국 트럼프 신정부 출범, 중국의 매서운 추격 등 시장을 둘러싼 불확실성이 크다”고 했었다.",국내공식통계,N,무역,수출 증가율,"경제성장률, 수출, 반도체, 트럼프 2기 행정부, 무안공항 제주항공 여객기 참사",-,,,반도체,-,-,-,2025,-,Y,확정,작년 8.2%,KOSIS_VALUE,hcx,수출 증가율,반도체,2024,Y,hcx,증감률,8.2,-,-,N,%,증감률,증가,전년,"""수출 증가율이 작년 8.2%에서 올해 1.5%로 쪼그라들 것으로 봤다.""",high,Y,measurement_rule_fallback:1,Y,1,0,HCX-007,v1.6-early-kosis-context,2026-07-30,수출 증가율,반도체,2025,Y,2024,RELATIVE_YEAR_FROM_ARTICLE_DATE|CHANGE_RATE_FROM_TEXT,%,%,rate,rate_change,item,2024,N,N,FORECAST_VALUE,전망 표현(전망) — 아직 실현되지 않은 값은 실적통계와 대조할 수 없음,REJECT,FORECAST_VALUE,,N,,,,,FORECAST_VALUE,전망 표현(전망) — 아직 실현되지 않은 값은 실적통계와 대조할 수 없음,REJECT,Y,,,DERIVED_VALUE_REQUIRES_COMPUTATION,증감값은 직접 공표 ITEM 확인 또는 수준값 재계산 필요,,rate,Y,N,,direct|rate_from_level
A0023-SPF1AEE208EE,A0023-SPF1AEE208EE-m2,A0023,정부 “올해 경제성장률 1.8%”… 한은 전망보다 더 낮췄다,2025-01-02,https://www.chosun.com/economy/economy_general/2025/01/02/FWT5PD42TZED7JTIXYCIECCFRE,◇”수출 꺾이고 건설 계속 안 좋다” 정부는 성장률 전망치를 낮춘 가장 큰 이유로 수출 둔화를 꼽았다. 기재부는 반도체 등 주력 수출 업종의 경쟁 심화와 관세 장벽 강화를 내세운 미국의 트럼프 2기 행정부 출범 등으로 수출 증가율이 작년 8.2%에서 올해 1.5%로 쪼그라들 것으로 봤다. 정부가 이날 발표한 새해 수출 증가율 전망치는 6개월 전 전망(6%)과 비교해도 4분의 1 수준이다.,"정부는 지난달 30일 새해 경제정책방향을 발표할 계획이었는데, 하루 전 무안공항 제주항공 여객기 참사로 발표를 사흘 미뤘다.","안덕근 산업통상자원부 장관은 지난달 30일 SK하이닉스 청주캠퍼스에서 열린 반도체 관련 기업 간담회에서 “국내 정치 상황과 미국 트럼프 신정부 출범, 중국의 매서운 추격 등 시장을 둘러싼 불확실성이 크다”고 했었다.",국내공식통계,N,무역,수출 증가율,"경제성장률, 수출, 반도체, 트럼프 2기 행정부, 무안공항 제주항공 여객기 참사",-,,,반도체,-,-,-,2025,-,Y,확정,올해 1.5%,KOSIS_VALUE,hcx,수출 증가율,반도체,2025,Y,hcx,증감률,1.5,-,-,N,%,증감률,증가,전년,"""수출 증가율이 작년 8.2%에서 올해 1.5%로 쪼그라들 것으로 봤다.""",high,Y,measurement_rule_fallback:1,Y,1,0,HCX-007,v1.6-early-kosis-context,2026-07-30,수출 증가율,반도체,2025,Y,2025,RELATIVE_YEAR_FROM_ARTICLE_DATE|CHANGE_RATE_FROM_TEXT,%,%,rate,rate_change,item,2024,N,N,FORECAST_VALUE,전망 표현(전망) — 아직 실현되지 않은 값은 실적통계와 대조할 수 없음,REJECT,FORECAST_VALUE,,N,,,,,FORECAST_VALUE,전망 표현(전망) — 아직 실현되지 않은 값은 실적통계와 대조할 수 없음,REJECT,Y,,,DERIVED_VALUE_REQUIRES_COMPUTATION,증감값은 직접 공표 ITEM 확인 또는 수준값 재계산 필요,,rate,Y,N,,direct|rate_from_level
A0023-SPF1AEE208EE,A0023-SPF1AEE208EE-m3,A0023,정부 “올해 경제성장률 1.8%”… 한은 전망보다 더 낮췄다,2025-01-02,https://www.chosun.com/economy/economy_general/2025/01/02/FWT5PD42TZED7JTIXYCIECCFRE,◇”수출 꺾이고 건설 계속 안 좋다” 정부는 성장률 전망치를 낮춘 가장 큰 이유로 수출 둔화를 꼽았다. 기재부는 반도체 등 주력 수출 업종의 경쟁 심화와 관세 장벽 강화를 내세운 미국의 트럼프 2기 행정부 출범 등으로 수출 증가율이 작년 8.2%에서 올해 1.5%로 쪼그라들 것으로 봤다. 정부가 이날 발표한 새해 수출 증가율 전망치는 6개월 전 전망(6%)과 비교해도 4분의 1 수준이다.,"정부는 지난달 30일 새해 경제정책방향을 발표할 계획이었는데, 하루 전 무안공항 제주항공 여객기 참사로 발표를 사흘 미뤘다.","안덕근 산업통상자원부 장관은 지난달 30일 SK하이닉스 청주캠퍼스에서 열린 반도체 관련 기업 간담회에서 “국내 정치 상황과 미국 트럼프 신정부 출범, 중국의 매서운 추격 등 시장을 둘러싼 불확실성이 크다”고 했었다.",국내공식통계,N,무역,수출 증가율,"경제성장률, 수출, 반도체, 트럼프 2기 행정부, 무안공항 제주항공 여객기 참사",-,,,반도체,-,-,-,202404,-,Q,확정,6개월 전 전망(6%),KOSIS_VALUE,hcx,수출 증가율,반도체,2024Q4,Q,hcx,증감률,6,-,-,N,%,증감률,증가,전년,"""수출 증가율이 작년 8.2%에서 올해 1.5%로 쪼그라들 것으로 봤다.""",high,Y,measurement_rule_fallback:1,Y,1,0,HCX-007,v1.6-early-kosis-context,2026-07-30,수출 증가율,반도체,2025,Y,2024Q4,CHANGE_RATE_FROM_TEXT,%,%,rate,rate_change,item,202304,N,N,FORECAST_VALUE,전망 표현(전망) — 아직 실현되지 않은 값은 실적통계와 대조할 수 없음,REJECT,FORECAST_VALUE,,N,,,,,FORECAST_VALUE,전망 표현(전망) — 아직 실현되지 않은 값은 실적통계와 대조할 수 없음,REJECT,Y,,,DERIVED_VALUE_REQUIRES_COMPUTATION,증감값은 직접 공표 ITEM 확인 또는 수준값 재계산 필요,,rate,Y,N,,direct|rate_from_level
A0023-SPF1AEE208EE,A0023-SPF1AEE208EE-m4,A0023,정부 “올해 경제성장률 1.8%”… 한은 전망보다 더 낮췄다,2025-01-02,https://www.chosun.com/economy/economy_general/2025/01/02/FWT5PD42TZED7JTIXYCIECCFRE,◇”수출 꺾이고 건설 계속 안 좋다” 정부는 성장률 전망치를 낮춘 가장 큰 이유로 수출 둔화를 꼽았다. 기재부는 반도체 등 주력 수출 업종의 경쟁 심화와 관세 장벽 강화를 내세운 미국의 트럼프 2기 행정부 출범 등으로 수출 증가율이 작년 8.2%에서 올해 1.5%로 쪼그라들 것으로 봤다. 정부가 이날 발표한 새해 수출 증가율 전망치는 6개월 전 전망(6%)과 비교해도 4분의 1 수준이다.,"정부는 지난달 30일 새해 경제정책방향을 발표할 계획이었는데, 하루 전 무안공항 제주항공 여객기 참사로 발표를 사흘 미뤘다.","안덕근 산업통상자원부 장관은 지난달 30일 SK하이닉스 청주캠퍼스에서 열린 반도체 관련 기업 간담회에서 “국내 정치 상황과 미국 트럼프 신정부 출범, 중국의 매서운 추격 등 시장을 둘러싼 불확실성이 크다”고 했었다.",국내공식통계,N,무역,수출 증가율,"경제성장률, 수출, 반도체, 트럼프 2기 행정부, 무안공항 제주항공 여객기 참사",-,,,반도체,-,-,-,2025,-,Y,확정,6개월,CONTEXT,rule_fallback,수출 증가율,반도체,2025,Y,rule_fallback,참고값,6,-,-,N,개월,수준값,증가,,"""수출 증가율이 작년 8.2%에서 올해 1.5%로 쪼그라들 것으로 봤다.""",high,Y,measurement_rule_fallback:1,Y,1,0,HCX-007,v1.6-early-kosis-context,2026-07-30,수출 증가율,반도체,2025,Y,2025,RELATIVE_YEAR_FROM_ARTICLE_DATE,개월,개월,duration,rate_change,item,,N,N,NOT_KOSIS_VALUE,measurement_usage=CONTEXT,REJECT,NOT_KOSIS_VALUE,,N,,,,,FORECAST_VALUE,전망 표현(전망) — 아직 실현되지 않은 값은 실적통계와 대조할 수 없음,REJECT,Y,direct,,,,,duration,N,N,,
A0023-SP1CC7A26715,A0023-SP1CC7A26715-m1,A0023,정부 “올해 경제성장률 1.8%”… 한은 전망보다 더 낮췄다,2025-01-02,https://www.chosun.com/economy/economy_general/2025/01/02/FWT5PD42TZED7JTIXYCIECCFRE,정부가 이날 발표한 새해 수출 증가율 전망치는 6개월 전 전망(6%)과 비교해도 4분의 1 수준이다.,기재부는 반도체 등 주력 수출 업종의 경쟁 심화와 관세 장벽 강화를 내세운 미국의 트럼프 2기 행정부 출범 등으로 수출 증가율이 작년 8.2%에서 올해 1.5%로 쪼그라들 것으로 봤다.,"안덕근 산업통상자원부 장관은 지난달 30일 SK하이닉스 청주캠퍼스에서 열린 반도체 관련 기업 간담회에서 “국내 정치 상황과 미국 트럼프 신정부 출범, 중국의 매서운 추격 등 시장을 둘러싼 불확실성이 크다”고 했었다.",국내공식통계,N,무역,수출 증가율,"경제성장률, 수출, 증가율, 전망치, 반도체",-,,,,-,-,-,202404,-,Q,확정,6개월 전 전망(6%),KOSIS_VALUE,hcx,수출 증가율,,2024Q4,Q,hcx,증감률,6,-,-,N,%,증감률,증가,전년동기,정부가 이날 발표한 새해 수출 증가율 전망치는 6개월 전 전망(6%)과 비교해도 4분의 1 수준이다.,high,Y,measurement_rule_fallback:1,Y,1,0,HCX-007,v1.6-early-kosis-context,2026-07-30,수출 증가율,반도체,2025,Y,2024Q4,CHANGE_RATE_FROM_TEXT,%,%,rate,rate_change,unspecified,202304,N,N,FORECAST_VALUE,전망 표현(전망) — 아직 실현되지 않은 값은 실적통계와 대조할 수 없음,REJECT,FORECAST_VALUE,,Y,반도체,,,,FORECAST_VALUE,전망 표현(전망) — 아직 실현되지 않은 값은 실적통계와 대조할 수 없음,REJECT,Y,,,DERIVED_VALUE_REQUIRES_COMPUTATION,증감값은 직접 공표 ITEM 확인 또는 수준값 재계산 필요,,rate,Y,N,,direct|rate_from_level
A0023-SP1CC7A26715,A0023-SP1CC7A26715-m2,A0023,정부 “올해 경제성장률 1.8%”… 한은 전망보다 더 낮췄다,2025-01-02,https://www.chosun.com/economy/economy_general/2025/01/02/FWT5PD42TZED7JTIXYCIECCFRE,정부가 이날 발표한 새해 수출 증가율 전망치는 6개월 전 전망(6%)과 비교해도 4분의 1 수준이다.,기재부는 반도체 등 주력 수출 업종의 경쟁 심화와 관세 장벽 강화를 내세운 미국의 트럼프 2기 행정부 출범 등으로 수출 증가율이 작년 8.2%에서 올해 1.5%로 쪼그라들 것으로 봤다.,"안덕근 산업통상자원부 장관은 지난달 30일 SK하이닉스 청주캠퍼스에서 열린 반도체 관련 기업 간담회에서 “국내 정치 상황과 미국 트럼프 신정부 출범, 중국의 매서운 추격 등 시장을 둘러싼 불확실성이 크다”고 했었다.",국내공식통계,N,무역,수출 증가율,"경제성장률, 수출, 증가율, 전망치, 반도체",-,,,,-,-,-,2025,-,Y,확정,6개월,CONTEXT,rule_fallback,수출 증가율,,2025,Y,rule_fallback,참고값,6,-,-,N,개월,수준값,증가,,정부가 이날 발표한 새해 수출 증가율 전망치는 6개월 전 전망(6%)과 비교해도 4분의 1 수준이다.,high,Y,measurement_rule_fallback:1,Y,1,0,HCX-007,v1.6-early-kosis-context,2026-07-30,수출 증가율,반도체,2025,Y,2025,,개월,개월,duration,rate_change,unspecified,,N,N,NOT_KOSIS_VALUE,measurement_usage=CONTEXT,REJECT,NOT_KOSIS_VALUE,,Y,반도체,,,,FORECAST_VALUE,전망 표현(전망) — 아직 실현되지 않은 값은 실적통계와 대조할 수 없음,REJECT,Y,direct,,,,,duration,N,N,,
A0023-SP2AFDA2A4C6,A0023-SP2AFDA2A4C6-m1,A0023,정부 “올해 경제성장률 1.8%”… 한은 전망보다 더 낮췄다,2025-01-02,https://www.chosun.com/economy/economy_general/2025/01/02/FWT5PD42TZED7JTIXYCIECCFRE,기재부는 우리나라 주력 수출 품목인 메모리반도체의 매출 성장세가 올해 13.4%로 작년(81%)의 16.5% 수준으로 쪼그라들 것이라는 세계반도체무역통계기구(WSTS)의 최근 전망을 인용하기도 했다.,"안덕근 산업통상자원부 장관은 지난달 30일 SK하이닉스 청주캠퍼스에서 열린 반도체 관련 기업 간담회에서 “국내 정치 상황과 미국 트럼프 신정부 출범, 중국의 매서운 추격 등 시장을 둘러싼 불확실성이 크다”고 했었다.",건설 경기 등 내수 부진이 한동안 이어질 것이라는 점도 정부가 새해 경제를 비관적으로 본 또다른 이유다.,국내공식통계,N,무역,메모리반도체 매출 성장률,"메모리반도체, 수출, 성장세",-,,,반도체,-,-,-,2025,-,Y,확정,13.4%,KOSIS_VALUE,hcx,메모리반도체 매출 성장률,반도체,2025,Y,hcx,현재값,13.4,-,-,N,%,수준값,-,전년,기재부는 우리나라 주력 수출 품목인 메모리반도체의 매출 성장세가 올해 13.4%로 작년(81%)의 16.5% 수준으로 쪼그라들 것이라는 세계반도체무역통계기구(WSTS)의 최근 전망을 인용하기도 했다.,high,N,-,N,0,0,HCX-007,v1.6-early-kosis-context,2026-07-30,메모리반도체 매출 성장세,반도체,2025,Y,2025,RELATIVE_YEAR_FROM_ARTICLE_DATE,%,%,rate,rate_level,item,,N,N,FORECAST_VALUE,전망 표현(전망) — 아직 실현되지 않은 값은 실적통계와 대조할 수 없음,REJECT,FORECAST_VALUE,,N,,,,,FORECAST_VALUE,전망 표현(전망) — 아직 실현되지 않은 값은 실적통계와 대조할 수 없음,REJECT,Y,direct,,,,,rate,N,N,,
A0023-SP2AFDA2A4C6,A0023-SP2AFDA2A4C6-m2,A0023,정부 “올해 경제성장률 1.8%”… 한은 전망보다 더 낮췄다,2025-01-02,https://www.chosun.com/economy/economy_general/2025/01/02/FWT5PD42TZED7JTIXYCIECCFRE,기재부는 우리나라 주력 수출 품목인 메모리반도체의 매출 성장세가 올해 13.4%로 작년(81%)의 16.5% 수준으로 쪼그라들 것이라는 세계반도체무역통계기구(WSTS)의 최근 전망을 인용하기도 했다.,"안덕근 산업통상자원부 장관은 지난달 30일 SK하이닉스 청주캠퍼스에서 열린 반도체 관련 기업 간담회에서 “국내 정치 상황과 미국 트럼프 신정부 출범, 중국의 매서운 추격 등 시장을 둘러싼 불확실성이 크다”고 했었다.",건설 경기 등 내수 부진이 한동안 이어질 것이라는 점도 정부가 새해 경제를 비관적으로 본 또다른 이유다.,국내공식통계,N,무역,메모리반도체 매출 성장률,"메모리반도체, 수출, 성장세",-,,,반도체,-,-,-,2025,-,Y,확정,81%,KOSIS_VALUE,hcx,메모리반도체 매출 성장률,반도체,2024,Y,hcx,이전값,81,-,-,N,%,수준값,-,전년,기재부는 우리나라 주력 수출 품목인 메모리반도체의 매출 성장세가 올해 13.4%로 작년(81%)의 16.5% 수준으로 쪼그라들 것이라는 세계반도체무역통계기구(WSTS)의 최근 전망을 인용하기도 했다.,high,N,-,N,0,0,HCX-007,v1.6-early-kosis-context,2026-07-30,메모리반도체 매출 성장세,반도체,2025,Y,2024,RELATIVE_YEAR_FROM_ARTICLE_DATE,%,%,rate,rate_level,item,,N,N,FORECAST_VALUE,전망 표현(전망) — 아직 실현되지 않은 값은 실적통계와 대조할 수 없음,REJECT,FORECAST_VALUE,,N,,,,,FORECAST_VALUE,전망 표현(전망) — 아직 실현되지 않은 값은 실적통계와 대조할 수 없음,REJECT,Y,direct,,,,,rate,N,N,,
A0023-SP2AFDA2A4C6,A0023-SP2AFDA2A4C6-m3,A0023,정부 “올해 경제성장률 1.8%”… 한은 전망보다 더 낮췄다,2025-01-02,https://www.chosun.com/economy/economy_general/2025/01/02/FWT5PD42TZED7JTIXYCIECCFRE,기재부는 우리나라 주력 수출 품목인 메모리반도체의 매출 성장세가 올해 13.4%로 작년(81%)의 16.5% 수준으로 쪼그라들 것이라는 세계반도체무역통계기구(WSTS)의 최근 전망을 인용하기도 했다.,"안덕근 산업통상자원부 장관은 지난달 30일 SK하이닉스 청주캠퍼스에서 열린 반도체 관련 기업 간담회에서 “국내 정치 상황과 미국 트럼프 신정부 출범, 중국의 매서운 추격 등 시장을 둘러싼 불확실성이 크다”고 했었다.",건설 경기 등 내수 부진이 한동안 이어질 것이라는 점도 정부가 새해 경제를 비관적으로 본 또다른 이유다.,국내공식통계,N,무역,메모리반도체 매출 성장률 변화 비율,"메모리반도체, 수출, 성장세",-,,,반도체,-,-,-,2025,-,Y,확정,16.5% 수준,KOSIS_VALUE,hcx,메모리반도체 매출 성장률 변화 비율,반도체,2025,Y,hcx,증감률,16.5,-,-,N,%,증감률,감소,전년,기재부는 우리나라 주력 수출 품목인 메모리반도체의 매출 성장세가 올해 13.4%로 작년(81%)의 16.5% 수준으로 쪼그라들 것이라는 세계반도체무역통계기구(WSTS)의 최근 전망을 인용하기도 했다.,high,N,-,N,0,0,HCX-007,v1.6-early-kosis-context,2026-07-30,메모리반도체 매출 성장세,반도체,2025,Y,2025,RELATIVE_YEAR_FROM_ARTICLE_DATE,%,%,rate,rate_change,item,2024,N,N,FORECAST_VALUE,전망 표현(전망) — 아직 실현되지 않은 값은 실적통계와 대조할 수 없음,REJECT,FORECAST_VALUE,,N,,,,,FORECAST_VALUE,전망 표현(전망) — 아직 실현되지 않은 값은 실적통계와 대조할 수 없음,REJECT,Y,,,DERIVED_VALUE_REQUIRES_COMPUTATION,증감값은 직접 공표 ITEM 확인 또는 수준값 재계산 필요,,rate,Y,N,,direct|rate_from_level
A0023-SP822EBE13C8,A0023-SP822EBE13C8-m1,A0023,정부 “올해 경제성장률 1.8%”… 한은 전망보다 더 낮췄다,2025-01-02,https://www.chosun.com/economy/economy_general/2025/01/02/FWT5PD42TZED7JTIXYCIECCFRE,◇계엄 파문 전 한은 전망보다 낮아 정부의 새해 성장률 전망치는 지난달 3일 비상 계엄 파문 직전 나온 한국은행 전망보다도 0.1%포인트 낮다.,"김범석 기재부 1차관은 “내수는 고물가·고금리 완화에도 불구하고 건설 부진, 경제심리 위축이 회복을 제약할 것으로 예상된다”고 했다.",기재부는 한은보다 성장률 전망치를 낮춘 이유로 줄탄핵 등 정치적 불확실성을 들었다.,국내공식통계,N,재정·조세,경제성장률 차이,"경제성장률, 전망치, 한은, 기재부, 성장률 전망",-,,,,-,-,-,2025,-,Y,확정,0.1%,KOSIS_VALUE,hcx,경제성장률 차이,-,2025,Y,hcx,증감률,0.1,-,-,N,%p,증감률,감소,전년,정부의 새해 성장률 전망치는 지난달 3일 비상 계엄 파문 직전 나온 한국은행 전망보다도 0.1%포인트 낮다.,high,N,-,Y,0,0,HCX-007,v1.6-early-kosis-context,2026-07-30,경제성장률,,2025,Y,2025,PREVIOUS_MONTH_FROM_ARTICLE_DATE|COMPARISON_PERIOD_TO_TARGET,%,%p,rate,absolute_change,unspecified,2024,N,N,FORECAST_VALUE,전망 표현(전망) — 아직 실현되지 않은 값은 실적통계와 대조할 수 없음,REJECT,FORECAST_VALUE,,N,,,,,FORECAST_VALUE,전망 표현(전망) — 아직 실현되지 않은 값은 실적통계와 대조할 수 없음,REJECT,Y,,,DERIVED_VALUE_REQUIRES_COMPUTATION,증감값은 직접 공표 ITEM 확인 또는 수준값 재계산 필요,,rate,Y,N,,direct|difference_from_level
A0023-SPED919A3F82,A0023-SPED919A3F82-m1,A0023,정부 “올해 경제성장률 1.8%”… 한은 전망보다 더 낮췄다,2025-01-02,https://www.chosun.com/economy/economy_general/2025/01/02/FWT5PD42TZED7JTIXYCIECCFRE,작년 성장률 전망치를 2.2%로 6개월 전(2.6%)에 비해 0.4%포인트 낮춰 잡은 것도 정국 불안에 따른 불확실성을 감안한 점이 일부 영향을 미쳤다고 김 차관은 전했다.,기재부는 한은보다 성장률 전망치를 낮춘 이유로 줄탄핵 등 정치적 불확실성을 들었다.,거대 야당인 더불어민주당 주도의 4조원대 감액 예산안이 지난달 10일 국회를 통과한 점도 한은보다 새해 경제를 어둡게 전망한 이유다.,국내공식통계,N,재정·조세,작년 성장률 전망치,"경제성장률, 전망치, 한은, 기재부, 성장률 전망",-,,,,-,-,-,2024,-,Y,확정,2.2%,KOSIS_VALUE,hcx,작년 성장률 전망치,-,2024,Y,hcx,현재값,2.2,-,-,N,%,수준값,유지,전년,작년 성장률 전망치를 2.2%로 6개월 전(2.6%)에 비해 0.4%포인트 낮춰 잡은 것도 정국 불안에 따른 불확실성을 감안한 점이 일부 영향을 미쳤다고 김 차관은 전했다.,high,Y,measurement_rule_fallback:1;measurement_period_ungrounded:1,Y,1,0,HCX-007,v1.6-early-kosis-context,2026-07-30,경제성장률,,2025,Y,2024,RELATIVE_YEAR_FROM_ARTICLE_DATE,%,%,rate,level,unspecified,,N,N,FORECAST_VALUE,전망 표현(전망) — 아직 실현되지 않은 값은 실적통계와 대조할 수 없음,REJECT,FORECAST_VALUE,,N,,,,,FORECAST_VALUE,전망 표현(전망) — 아직 실현되지 않은 값은 실적통계와 대조할 수 없음,REJECT,Y,direct,,,,,rate,N,N,,
A0023-SPED919A3F82,A0023-SPED919A3F82-m2,A0023,정부 “올해 경제성장률 1.8%”… 한은 전망보다 더 낮췄다,2025-01-02,https://www.chosun.com/economy/economy_general/2025/01/02/FWT5PD42TZED7JTIXYCIECCFRE,작년 성장률 전망치를 2.2%로 6개월 전(2.6%)에 비해 0.4%포인트 낮춰 잡은 것도 정국 불안에 따른 불확실성을 감안한 점이 일부 영향을 미쳤다고 김 차관은 전했다.,기재부는 한은보다 성장률 전망치를 낮춘 이유로 줄탄핵 등 정치적 불확실성을 들었다.,거대 야당인 더불어민주당 주도의 4조원대 감액 예산안이 지난달 10일 국회를 통과한 점도 한은보다 새해 경제를 어둡게 전망한 이유다.,국내공식통계,N,재정·조세,6개월 전 성장률 전망치,"경제성장률, 전망치, 한은, 기재부, 성장률 전망",-,,,,-,-,-,,-,,확정,2.6%,KOSIS_VALUE,hcx,6개월 전 성장률 전망치,-,-,-,hcx,현재값,2.6,-,-,N,%,수준값,유지,전년,작년 성장률 전망치를 2.2%로 6개월 전(2.6%)에 비해 0.4%포인트 낮춰 잡은 것도 정국 불안에 따른 불확실성을 감안한 점이 일부 영향을 미쳤다고 김 차관은 전했다.,high,Y,measurement_rule_fallback:1;measurement_period_ungrounded:1,Y,1,0,HCX-007,v1.6-early-kosis-context,2026-07-30,경제성장률,,2025,Y,,,%,%,rate,level,unspecified,,N,N,FORECAST_VALUE,전망 표현(전망) — 아직 실현되지 않은 값은 실적통계와 대조할 수 없음,REJECT,FORECAST_VALUE,,N,,,,,FORECAST_VALUE,전망 표현(전망) — 아직 실현되지 않은 값은 실적통계와 대조할 수 없음,REJECT,Y,direct,,,,,rate,N,N,,
A0023-SPED919A3F82,A0023-SPED919A3F82-m3,A0023,정부 “올해 경제성장률 1.8%”… 한은 전망보다 더 낮췄다,2025-01-02,https://www.chosun.com/economy/economy_general/2025/01/02/FWT5PD42TZED7JTIXYCIECCFRE,작년 성장률 전망치를 2.2%로 6개월 전(2.6%)에 비해 0.4%포인트 낮춰 잡은 것도 정국 불안에 따른 불확실성을 감안한 점이 일부 영향을 미쳤다고 김 차관은 전했다.,기재부는 한은보다 성장률 전망치를 낮춘 이유로 줄탄핵 등 정치적 불확실성을 들었다.,거대 야당인 더불어민주당 주도의 4조원대 감액 예산안이 지난달 10일 국회를 통과한 점도 한은보다 새해 경제를 어둡게 전망한 이유다.,국내공식통계,N,재정·조세,성장률 전망치의 변화,"경제성장률, 전망치, 한은, 기재부, 성장률 전망",-,,,,-,-,-,2025,-,Y,확정,0.4%포인트 낮춰,KOSIS_VALUE,hcx,성장률 전망치의 변화,-,2024,Y,hcx,증감값,0.4,-,-,N,%p,증감률,감소,전년,작년 성장률 전망치를 2.2%로 6개월 전(2.6%)에 비해 0.4%포인트 낮춰 잡은 것도 정국 불안에 따른 불확실성을 감안한 점이 일부 영향을 미쳤다고 김 차관은 전했다.,high,Y,measurement_rule_fallback:1;measurement_period_ungrounded:1,Y,1,0,HCX-007,v1.6-early-kosis-context,2026-07-30,경제성장률,,2025,Y,2024,RELATIVE_YEAR_FROM_ARTICLE_DATE|COMPARISON_PERIOD_TO_TARGET,%,%p,rate,absolute_change,unspecified,2024,N,N,FORECAST_VALUE,전망 표현(전망) — 아직 실현되지 않은 값은 실적통계와 대조할 수 없음,REJECT,FORECAST_VALUE,,N,,,,,FORECAST_VALUE,전망 표현(전망) — 아직 실현되지 않은 값은 실적통계와 대조할 수 없음,REJECT,Y,,,DERIVED_VALUE_REQUIRES_COMPUTATION,증감값은 직접 공표 ITEM 확인 또는 수준값 재계산 필요,,rate,Y,N,,direct|difference_from_level
A0023-SPED919A3F82,A0023-SPED919A3F82-m4,A0023,정부 “올해 경제성장률 1.8%”… 한은 전망보다 더 낮췄다,2025-01-02,https://www.chosun.com/economy/economy_general/2025/01/02/FWT5PD42TZED7JTIXYCIECCFRE,작년 성장률 전망치를 2.2%로 6개월 전(2.6%)에 비해 0.4%포인트 낮춰 잡은 것도 정국 불안에 따른 불확실성을 감안한 점이 일부 영향을 미쳤다고 김 차관은 전했다.,기재부는 한은보다 성장률 전망치를 낮춘 이유로 줄탄핵 등 정치적 불확실성을 들었다.,거대 야당인 더불어민주당 주도의 4조원대 감액 예산안이 지난달 10일 국회를 통과한 점도 한은보다 새해 경제를 어둡게 전망한 이유다.,국내공식통계,N,재정·조세,경제성장률,"경제성장률, 전망치, 한은, 기재부, 성장률 전망",-,,,,-,-,-,2024,-,Y,확정,6개월,CONTEXT,rule_fallback,경제성장률,-,2025,Y,rule_fallback,참고값,6,-,-,N,개월,수준값,-,,작년 성장률 전망치를 2.2%로 6개월 전(2.6%)에 비해 0.4%포인트 낮춰 잡은 것도 정국 불안에 따른 불확실성을 감안한 점이 일부 영향을 미쳤다고 김 차관은 전했다.,high,Y,measurement_rule_fallback:1;measurement_period_ungrounded:1,Y,1,0,HCX-007,v1.6-early-kosis-context,2026-07-30,경제성장률,,2025,Y,2025,RELATIVE_YEAR_FROM_ARTICLE_DATE,개월,개월,duration,rate_level,unspecified,,N,N,NOT_KOSIS_VALUE,measurement_usage=CONTEXT,REJECT,NOT_KOSIS_VALUE,,N,,,,,FORECAST_VALUE,전망 표현(전망) — 아직 실현되지 않은 값은 실적통계와 대조할 수 없음,REJECT,Y,direct,,,,,duration,N,N,,
A0023-SPE3405D9C32,A0023-SPE3405D9C32-m3,A0023,정부 “올해 경제성장률 1.8%”… 한은 전망보다 더 낮췄다,2025-01-02,https://www.chosun.com/economy/economy_general/2025/01/02/FWT5PD42TZED7JTIXYCIECCFRE,"지난달 30일 발표된 통계청의 ‘11월 산업활동동향’에 따르면, 생산은 작년 9월(-0.4%)·10월(-0.2%)·11월(-0.4%) 등 3개월 연속으로 전월 대비 감소했다.",최근 한달새 나온 각종 경기 지표가 부진한 모습을 보인 점도 정부의 보수적인 경기 전망에 한몫했다.,설비투자도 작년 10월(-5.9%)·11월(-1.6%) 등 2달 연속 감소했다.,국내공식통계,N,생산·산업,기간,"산업활동동향, 생산, 전월 대비 감소",-,,,,-,-,-,202409,-,M,확정,3개월,CONTEXT,hcx,기간,-,2024-09~2024-11,M,hcx,참고값,3,-,-,N,개월,수준값,감소,전월,"지난달 30일 발표된 통계청의 ‘11월 산업활동동향’에 따르면, 생산은 작년 9월(-0.4%)·10월(-0.2%)·11월(-0.4%) 등 3개월 연속으로 전월 대비 감소했다.",high,N,-,Y,0,0,HCX-007,v1.6-early-kosis-context,2026-07-30,산업생산지수,,"2024-09, 2024-10, 2024-11",M,2024-09~2024-11,CHANGE_BASE_FROM_EXPLICIT_TEXT|RELATIVE_YEAR_MONTH_FROM_ARTICLE_DATE,개월,개월,duration,condition,unspecified,,N,N,NOT_KOSIS_VALUE,measurement_usage=CONTEXT,REJECT,NOT_KOSIS_VALUE,,N,,,,,,,,N,direct,,,,,duration,N,N,,
A0023-SP92101A37A4,A0023-SP92101A37A4-m1,A0023,정부 “올해 경제성장률 1.8%”… 한은 전망보다 더 낮췄다,2025-01-02,https://www.chosun.com/economy/economy_general/2025/01/02/FWT5PD42TZED7JTIXYCIECCFRE,"◇물가 상승률 전망도 물가안정 목표 밑돌아 정부는 올해 소비자 물가 상승률도 1.8%로 전망해, 6개월 전 전망치(2.1%)보다 0.3%포인트 낮춰잡았다.",경기가 일시적으로 나쁜 것이 아니라 성장률이 경제의 기초 체력을 뜻하는 잠재 성장률에도 미치지 못하는 저성장 터널로 들어서고 있다는 우려가 나온다.,작년 11월말 한국은행 전망치(1.9%)보다도 0.1%포인트 낮다.,국내공식통계,Y,물가,소비자 물가 상승률,"정부, 경제성장률, 물가안정 목표, 한국은행",-,,,,-,-,-,2025,-,Y,확정,1.8%,KOSIS_VALUE,hcx,소비자 물가 상승률,-,2025,Y,hcx,증감률,1.8,-,-,N,%,증감률,증가,전년,"◇물가 상승률 전망도 물가안정 목표 밑돌아 정부는 올해 소비자 물가 상승률도 1.8%로 전망해, 6개월 전 전망치(2.1%)보다 0.3%포인트 낮춰잡았다.",high,N,-,Y,0,0,HCX-007,v1.6-early-kosis-context,2026-07-30,소비자 물가 상승률,,2025,Y,2025,RELATIVE_YEAR_FROM_ARTICLE_DATE|CHANGE_RATE_FROM_TEXT,%,%,rate,rate_change,unspecified,2024,N,N,FORECAST_VALUE,전망 표현(전망) — 아직 실현되지 않은 값은 실적통계와 대조할 수 없음,REJECT,FORECAST_VALUE,,N,,,,,FORECAST_VALUE,전망 표현(전망) — 아직 실현되지 않은 값은 실적통계와 대조할 수 없음,REJECT,Y,,,DERIVED_VALUE_REQUIRES_COMPUTATION,증감값은 직접 공표 ITEM 확인 또는 수준값 재계산 필요,,rate,Y,N,,direct|rate_from_level
A0023-SP92101A37A4,A0023-SP92101A37A4-m2,A0023,정부 “올해 경제성장률 1.8%”… 한은 전망보다 더 낮췄다,2025-01-02,https://www.chosun.com/economy/economy_general/2025/01/02/FWT5PD42TZED7JTIXYCIECCFRE,"◇물가 상승률 전망도 물가안정 목표 밑돌아 정부는 올해 소비자 물가 상승률도 1.8%로 전망해, 6개월 전 전망치(2.1%)보다 0.3%포인트 낮춰잡았다.",경기가 일시적으로 나쁜 것이 아니라 성장률이 경제의 기초 체력을 뜻하는 잠재 성장률에도 미치지 못하는 저성장 터널로 들어서고 있다는 우려가 나온다.,작년 11월말 한국은행 전망치(1.9%)보다도 0.1%포인트 낮다.,국내공식통계,Y,물가,소비자 물가 상승률,"정부, 경제성장률, 물가안정 목표, 한국은행",-,,,,-,-,-,2025,-,Y,확정,2.1%,KOSIS_VALUE,hcx,소비자 물가 상승률,-,2024,Y,hcx,증감률,2.1,-,-,N,%,증감률,증가,전년,"◇물가 상승률 전망도 물가안정 목표 밑돌아 정부는 올해 소비자 물가 상승률도 1.8%로 전망해, 6개월 전 전망치(2.1%)보다 0.3%포인트 낮춰잡았다.",high,N,-,Y,0,0,HCX-007,v1.6-early-kosis-context,2026-07-30,소비자 물가 상승률,,2025,Y,2024,RELATIVE_YEAR_FROM_ARTICLE_DATE|CHANGE_RATE_FROM_TEXT,%,%,rate,rate_change,unspecified,2024,N,N,FORECAST_VALUE,전망 표현(전망) — 아직 실현되지 않은 값은 실적통계와 대조할 수 없음,REJECT,FORECAST_VALUE,,N,,,,,FORECAST_VALUE,전망 표현(전망) — 아직 실현되지 않은 값은 실적통계와 대조할 수 없음,REJECT,Y,,,DERIVED_VALUE_REQUIRES_COMPUTATION,증감값은 직접 공표 ITEM 확인 또는 수준값 재계산 필요,,rate,Y,N,,direct|rate_from_level
A0023-SP92101A37A4,A0023-SP92101A37A4-m3,A0023,정부 “올해 경제성장률 1.8%”… 한은 전망보다 더 낮췄다,2025-01-02,https://www.chosun.com/economy/economy_general/2025/01/02/FWT5PD42TZED7JTIXYCIECCFRE,"◇물가 상승률 전망도 물가안정 목표 밑돌아 정부는 올해 소비자 물가 상승률도 1.8%로 전망해, 6개월 전 전망치(2.1%)보다 0.3%포인트 낮춰잡았다.",경기가 일시적으로 나쁜 것이 아니라 성장률이 경제의 기초 체력을 뜻하는 잠재 성장률에도 미치지 못하는 저성장 터널로 들어서고 있다는 우려가 나온다.,작년 11월말 한국은행 전망치(1.9%)보다도 0.1%포인트 낮다.,국내공식통계,Y,물가,소비자 물가 상승률 변화폭,"정부, 경제성장률, 물가안정 목표, 한국은행",-,,,,-,-,-,2025,-,Y,확정,0.3%포인트,KOSIS_VALUE,hcx,소비자 물가 상승률 변화폭,-,2025,Y,hcx,증감률,0.3,-,-,N,%p,증감률,감소,전년,"◇물가 상승률 전망도 물가안정 목표 밑돌아 정부는 올해 소비자 물가 상승률도 1.8%로 전망해, 6개월 전 전망치(2.1%)보다 0.3%포인트 낮춰잡았다.",high,N,-,Y,0,0,HCX-007,v1.6-early-kosis-context,2026-07-30,소비자 물가 상승률,,2025,Y,2025,RELATIVE_YEAR_FROM_ARTICLE_DATE|CHANGE_RATE_FROM_TEXT,%,%p,rate,absolute_change,unspecified,2024,N,N,FORECAST_VALUE,전망 표현(전망) — 아직 실현되지 않은 값은 실적통계와 대조할 수 없음,REJECT,FORECAST_VALUE,,N,,,,,FORECAST_VALUE,전망 표현(전망) — 아직 실현되지 않은 값은 실적통계와 대조할 수 없음,REJECT,Y,,,DERIVED_VALUE_REQUIRES_COMPUTATION,증감값은 직접 공표 ITEM 확인 또는 수준값 재계산 필요,,rate,Y,N,,direct|difference_from_level
A0023-SP92101A37A4,A0023-SP92101A37A4-m4,A0023,정부 “올해 경제성장률 1.8%”… 한은 전망보다 더 낮췄다,2025-01-02,https://www.chosun.com/economy/economy_general/2025/01/02/FWT5PD42TZED7JTIXYCIECCFRE,"◇물가 상승률 전망도 물가안정 목표 밑돌아 정부는 올해 소비자 물가 상승률도 1.8%로 전망해, 6개월 전 전망치(2.1%)보다 0.3%포인트 낮춰잡았다.",경기가 일시적으로 나쁜 것이 아니라 성장률이 경제의 기초 체력을 뜻하는 잠재 성장률에도 미치지 못하는 저성장 터널로 들어서고 있다는 우려가 나온다.,작년 11월말 한국은행 전망치(1.9%)보다도 0.1%포인트 낮다.,국내공식통계,Y,물가,전망 조정 기간,"정부, 경제성장률, 물가안정 목표, 한국은행",-,,,,-,-,-,2025,-,Y,확정,6개월,CONTEXT,hcx,전망 조정 기간,-,2024,M,hcx,참고값,6,-,-,N,개월,수준값,유지,,"◇물가 상승률 전망도 물가안정 목표 밑돌아 정부는 올해 소비자 물가 상승률도 1.8%로 전망해, 6개월 전 전망치(2.1%)보다 0.3%포인트 낮춰잡았다.",high,N,-,Y,0,0,HCX-007,v1.6-early-kosis-context,2026-07-30,소비자 물가 상승률,,2025,Y,2024,RELATIVE_YEAR_FROM_ARTICLE_DATE|ANNUAL_METRIC_NOT_MONTHLY_PERIOD,개월,개월,duration,condition,unspecified,,N,N,NOT_KOSIS_VALUE,measurement_usage=CONTEXT,REJECT,NOT_KOSIS_VALUE,,N,,,,,FORECAST_VALUE,전망 표현(전망) — 아직 실현되지 않은 값은 실적통계와 대조할 수 없음,REJECT,Y,direct,,,,,duration,N,N,,
A0023-SPCF2549D440,A0023-SPCF2549D440-m1,A0023,정부 “올해 경제성장률 1.8%”… 한은 전망보다 더 낮췄다,2025-01-02,https://www.chosun.com/economy/economy_general/2025/01/02/FWT5PD42TZED7JTIXYCIECCFRE,작년 11월말 한국은행 전망치(1.9%)보다도 0.1%포인트 낮다.,"◇물가 상승률 전망도 물가안정 목표 밑돌아 정부는 올해 소비자 물가 상승률도 1.8%로 전망해, 6개월 전 전망치(2.1%)보다 0.3%포인트 낮춰잡았다.",정부 전망대로 1%대 물가 상승률이 현실화활 경우 코로나 대유행 여파로 물가 상승률이 0.5%에 그쳤던 2020년 이후 5년 만에 처음으로 한국은행의 물가 안정 목표치를 밑돌게 된다.,국내공식통계,Y,재정·조세,경제성장률,"경제성장률, 전망, 소비자 물가 상승률, 한국은행",-,,,,-,-,-,2024,-,Y,확정,1.9%,KOSIS_VALUE,hcx,경제성장률,-,2025,Y,hcx,현재값,1.9,-,-,N,%,수준값,감소,전년,작년 11월말 한국은행 전망치(1.9%)보다도 0.1%포인트 낮다.,high,N,-,N,0,0,HCX-007,v1.6-early-kosis-context,2026-07-30,경제성장률,,2025,Y,2025,RELATIVE_YEAR_MONTH_FROM_ARTICLE_DATE,%,%,rate,rate_level,unspecified,,N,N,FORECAST_VALUE,전망 표현(전망) — 아직 실현되지 않은 값은 실적통계와 대조할 수 없음,REJECT,FORECAST_VALUE,,N,,,,,FORECAST_VALUE,전망 표현(전망) — 아직 실현되지 않은 값은 실적통계와 대조할 수 없음,REJECT,Y,direct,,,,,rate,N,N,,
A0023-SPCF2549D440,A0023-SPCF2549D440-m2,A0023,정부 “올해 경제성장률 1.8%”… 한은 전망보다 더 낮췄다,2025-01-02,https://www.chosun.com/economy/economy_general/2025/01/02/FWT5PD42TZED7JTIXYCIECCFRE,작년 11월말 한국은행 전망치(1.9%)보다도 0.1%포인트 낮다.,"◇물가 상승률 전망도 물가안정 목표 밑돌아 정부는 올해 소비자 물가 상승률도 1.8%로 전망해, 6개월 전 전망치(2.1%)보다 0.3%포인트 낮춰잡았다.",정부 전망대로 1%대 물가 상승률이 현실화활 경우 코로나 대유행 여파로 물가 상승률이 0.5%에 그쳤던 2020년 이후 5년 만에 처음으로 한국은행의 물가 안정 목표치를 밑돌게 된다.,국내공식통계,Y,재정·조세,경제성장률 차이,"경제성장률, 전망, 소비자 물가 상승률, 한국은행",-,,,,-,-,-,2024,-,Y,확정,0.1%,KOSIS_VALUE,hcx,경제성장률 차이,-,2025,Y,hcx,현재값,0.1,-,-,N,%p,증감률,감소,전년동월,작년 11월말 한국은행 전망치(1.9%)보다도 0.1%포인트 낮다.,high,N,-,N,0,0,HCX-007,v1.6-early-kosis-context,2026-07-30,경제성장률,,2025,Y,2025,RELATIVE_YEAR_MONTH_FROM_ARTICLE_DATE,%,%p,rate,absolute_change,unspecified,2023,N,N,FORECAST_VALUE,전망 표현(전망) — 아직 실현되지 않은 값은 실적통계와 대조할 수 없음,REJECT,FORECAST_VALUE,,N,,,,,FORECAST_VALUE,전망 표현(전망) — 아직 실현되지 않은 값은 실적통계와 대조할 수 없음,REJECT,Y,,,DERIVED_VALUE_REQUIRES_COMPUTATION,증감값은 직접 공표 ITEM 확인 또는 수준값 재계산 필요,,rate,Y,N,,direct|difference_from_level
A0023-SP7267A91177,A0023-SP7267A91177-m1,A0023,정부 “올해 경제성장률 1.8%”… 한은 전망보다 더 낮췄다,2025-01-02,https://www.chosun.com/economy/economy_general/2025/01/02/FWT5PD42TZED7JTIXYCIECCFRE,저출산·고령화 장기화로 생산연령인구(15~64세)가 줄어드는 가운데 경기 부진세가 이어지면서 올해 취업자 수도 12만명 늘어나는 데 그칠 것으로 정부는 전망했다.,성장률과 물가 상승률이 모두 2%를 밑돈 경우는 2020년이 마지막이었다.,"올해 취업자 수 증가폭은 작년(17만명·정부 전망치)보다 5만명 줄어든 것으로, 코로나로 취업자 수가 21만8000명 줄어든 2020년 이후 가장 낮은 증가폭이다.",국내공식통계,Y,고용,취업자 수,"저출산, 고령화, 생산연령인구, 경기 부진, 취업자 수 증가폭",-,생산연령인구,,,생산연령인구(15~64세),-,-,2025,-,Y,확정,12만명,KOSIS_VALUE,hcx,취업자 수,-,2025,Y,hcx,현재값,120000,-,-,N,명,수준값,증가,전년,저출산·고령화 장기화로 생산연령인구(15~64세)가 줄어드는 가운데 경기 부진세가 이어지면서 올해 취업자 수도 12만명 늘어나는 데 그칠 것으로 정부는 전망했다.,high,Y,measurement_binding_fallback:2,Y,0,2,HCX-007,v1.6-early-kosis-context,2026-07-30,취업자 수,,2025,Y,2025,RELATIVE_YEAR_FROM_ARTICLE_DATE,명,명,person_count,count,person,,N,N,FORECAST_VALUE,전망 표현(전망) — 아직 실현되지 않은 값은 실적통계와 대조할 수 없음,REJECT,FORECAST_VALUE,,N,,,,,FORECAST_VALUE,전망 표현(전망) — 아직 실현되지 않은 값은 실적통계와 대조할 수 없음,REJECT,Y,direct,,,,,person_count,N,N,,
A0023-SP7267A91177,A0023-SP7267A91177-m2,A0023,정부 “올해 경제성장률 1.8%”… 한은 전망보다 더 낮췄다,2025-01-02,https://www.chosun.com/economy/economy_general/2025/01/02/FWT5PD42TZED7JTIXYCIECCFRE,저출산·고령화 장기화로 생산연령인구(15~64세)가 줄어드는 가운데 경기 부진세가 이어지면서 올해 취업자 수도 12만명 늘어나는 데 그칠 것으로 정부는 전망했다.,성장률과 물가 상승률이 모두 2%를 밑돈 경우는 2020년이 마지막이었다.,"올해 취업자 수 증가폭은 작년(17만명·정부 전망치)보다 5만명 줄어든 것으로, 코로나로 취업자 수가 21만8000명 줄어든 2020년 이후 가장 낮은 증가폭이다.",국내공식통계,Y,고용,생산연령인구의 시작 연령,"저출산, 고령화, 생산연령인구, 경기 부진, 취업자 수 증가폭",-,생산연령인구,,,생산연령인구(15~64세),-,-,2025,-,Y,확정,15세,CONDITION,hcx,생산연령인구의 시작 연령,-,2025,Y,claim_fallback,참고값,15,-,-,N,세,수준값,-,,저출산·고령화 장기화로 생산연령인구(15~64세)가 줄어드는 가운데 경기 부진세가 이어지면서 올해 취업자 수도 12만명 늘어나는 데 그칠 것으로 정부는 전망했다.,high,Y,measurement_binding_fallback:2,Y,0,2,HCX-007,v1.6-early-kosis-context,2026-07-30,취업자 수,,2025,Y,2025,RELATIVE_YEAR_FROM_ARTICLE_DATE,세,세,age,condition,person,,N,N,NOT_KOSIS_VALUE,measurement_usage=CONDITION,REJECT,NOT_KOSIS_VALUE,,N,,,,,FORECAST_VALUE,전망 표현(전망) — 아직 실현되지 않은 값은 실적통계와 대조할 수 없음,REJECT,Y,direct,,,,,age,N,N,,
A0023-SP7267A91177,A0023-SP7267A91177-m3,A0023,정부 “올해 경제성장률 1.8%”… 한은 전망보다 더 낮췄다,2025-01-02,https://www.chosun.com/economy/economy_general/2025/01/02/FWT5PD42TZED7JTIXYCIECCFRE,저출산·고령화 장기화로 생산연령인구(15~64세)가 줄어드는 가운데 경기 부진세가 이어지면서 올해 취업자 수도 12만명 늘어나는 데 그칠 것으로 정부는 전망했다.,성장률과 물가 상승률이 모두 2%를 밑돈 경우는 2020년이 마지막이었다.,"올해 취업자 수 증가폭은 작년(17만명·정부 전망치)보다 5만명 줄어든 것으로, 코로나로 취업자 수가 21만8000명 줄어든 2020년 이후 가장 낮은 증가폭이다.",국내공식통계,Y,고용,생산연령인구의 종료 연령,"저출산, 고령화, 생산연령인구, 경기 부진, 취업자 수 증가폭",-,생산연령인구,,,생산연령인구(15~64세),-,-,2025,-,Y,확정,64세,CONDITION,hcx,생산연령인구의 종료 연령,-,2025,Y,claim_fallback,참고값,64,-,-,N,세,수준값,-,,저출산·고령화 장기화로 생산연령인구(15~64세)가 줄어드는 가운데 경기 부진세가 이어지면서 올해 취업자 수도 12만명 늘어나는 데 그칠 것으로 정부는 전망했다.,high,Y,measurement_binding_fallback:2,Y,0,2,HCX-007,v1.6-early-kosis-context,2026-07-30,취업자 수,,2025,Y,2025,RELATIVE_YEAR_FROM_ARTICLE_DATE,세,세,age,condition,person,,N,N,NOT_KOSIS_VALUE,measurement_usage=CONDITION,REJECT,NOT_KOSIS_VALUE,,N,,,,,FORECAST_VALUE,전망 표현(전망) — 아직 실현되지 않은 값은 실적통계와 대조할 수 없음,REJECT,Y,direct,,,,,age,N,N,,
A0023-SPF3CEC76FAD,A0023-SPF3CEC76FAD-m1,A0023,정부 “올해 경제성장률 1.8%”… 한은 전망보다 더 낮췄다,2025-01-02,https://www.chosun.com/economy/economy_general/2025/01/02/FWT5PD42TZED7JTIXYCIECCFRE,673조3000억원 규모의 새해 예산 중 67%를 상반기(1~6월) 안으로 집행하겠다고도 했다.,"◇”1분기 상황 보고 추가 경기 보강안 마련” 김범석 1차관은 “경제 심리 개선과 내수 등 경기 회복이 급선무”라며 공공기관 추가 투자와 민간 투자 확대, 정책 금융 추가 공급 등에 18조원을 투입하는 등 경기 부양에 나서겠다고 밝혔다.",올해 상반기 한시로 자동차 개별소비세를 5%에서 3.5%(100만원 한도)로 30% 인하하겠다고 밝히는 등 내수 진작책도 내놨다.,국내공식통계,N,재정·조세,예산 총액,"예산, 상반기, 집행",-,,,,-,-,-,202506,-,M,확정,673조3000억원,KOSIS_VALUE,hcx,예산 총액,-,2025,Y,hcx,현재값,673300000000000,-,-,N,원,수준값,-,전년,673조3000억원 규모의 새해 예산 중 67%를 상반기(1~6월) 안으로 집행하겠다고도 했다.,high,N,-,N,0,0,HCX-007,v1.6-early-kosis-context,2026-07-30,새해 예산,,2025,Y,2025,,원,원,currency,amount,unspecified,,N,N,PLAN_VALUE,계획 표현(하겠다) — 아직 실현되지 않은 값은 실적통계와 대조할 수 없음,REJECT,PLAN_VALUE,,N,,202501,202506,sum,PLAN_VALUE,계획 표현(하겠다) — 아직 실현되지 않은 값은 실적통계와 대조할 수 없음,REJECT,Y,direct,,,,,currency,N,N,,
A0023-SPF3CEC76FAD,A0023-SPF3CEC76FAD-m2,A0023,정부 “올해 경제성장률 1.8%”… 한은 전망보다 더 낮췄다,2025-01-02,https://www.chosun.com/economy/economy_general/2025/01/02/FWT5PD42TZED7JTIXYCIECCFRE,673조3000억원 규모의 새해 예산 중 67%를 상반기(1~6월) 안으로 집행하겠다고도 했다.,"◇”1분기 상황 보고 추가 경기 보강안 마련” 김범석 1차관은 “경제 심리 개선과 내수 등 경기 회복이 급선무”라며 공공기관 추가 투자와 민간 투자 확대, 정책 금융 추가 공급 등에 18조원을 투입하는 등 경기 부양에 나서겠다고 밝혔다.",올해 상반기 한시로 자동차 개별소비세를 5%에서 3.5%(100만원 한도)로 30% 인하하겠다고 밝히는 등 내수 진작책도 내놨다.,국내공식통계,N,재정·조세,상반기 예산 집행 비율,"예산, 상반기, 집행",-,,,,-,-,-,2025,-,Y,확정,67%,KOSIS_VALUE,hcx,상반기 예산 집행 비율,-,2025,Y,hcx,현재값,67,-,-,N,%,비중,-,전년,673조3000억원 규모의 새해 예산 중 67%를 상반기(1~6월) 안으로 집행하겠다고도 했다.,high,N,-,N,0,0,HCX-007,v1.6-early-kosis-context,2026-07-30,새해 예산,,2025,Y,2025,,%,%,rate,rate_level,unspecified,,N,N,CUMULATIVE_PERIOD_UNSUPPORTED,부분 누적 기간(1~11월 등)은 연간 좌표로 확인할 수 없다,REJECT,CUMULATIVE_PERIOD_UNSUPPORTED,,N,,,,,PLAN_VALUE,계획 표현(하겠다) — 아직 실현되지 않은 값은 실적통계와 대조할 수 없음,REJECT,Y,direct,,,,,rate,N,N,,
A0024-SP0ADF6BC121,A0024-SP0ADF6BC121-m1,A0024,"정부, 작년 세수 부족으로 韓銀서 170조원 빌려 썼다",2025-01-02,https://www.chosun.com/economy/economy_general/2025/01/02/LYWZZSQ6I5AVJDNTRW6KAK6ORY,정부가 지난해 세수 부족으로 한국은행에서 170조원 넘는 돈을 빌려 쓴 것으로 나타났다.,-,"1일 더불어민주당 임광현 의원이 한은에서 제출받은 자료에 따르면, 정부는 지난해 한은에서 누적으로 따져 총 173조원을 일시 차입했다.",국내공식통계,N,재정·조세,정부 세수 부족으로 인한 한국은행에서의 차입금,"세수 부족, 한국은행, 차입금, 재정",-,,,,-,-,-,2024,-,Y,확정,170조원,KOSIS_VALUE,hcx,정부 세수 부족으로 인한 한국은행에서의 차입금,-,2024,Y,hcx,현재값,170000000000000,-,-,N,원,수준값,-,전년,정부가 지난해 세수 부족으로 한국은행에서 170조원 넘는 돈을 빌려 쓴 것으로 나타났다.,high,N,-,N,0,0,HCX-007,v1.6-early-kosis-context,2026-07-30,정부 세수 부족으로 인한 한국은행에서의 차입금,,2024,Y,2024,RELATIVE_YEAR_FROM_ARTICLE_DATE,원,원,currency,amount,unspecified,,N,N,INTERNAL_DOCUMENT_SOURCE,"'제출받은 자료' — 공표 통계가 아니라 개별 요청으로 받은 자료 (같은 기사에서 확인된 출처, 이 문장은 자체 출처 없음)",REJECT,INTERNAL_DOCUMENT_SOURCE,,N,,,,,INTERNAL_DOCUMENT_SOURCE,"'제출받은 자료' — 공표 통계가 아니라 개별 요청으로 받은 자료 (같은 기사에서 확인된 출처, 이 문장은 자체 출처 없음)",REJECT,Y,direct,,,,,currency,N,N,,
A0024-SPB6F2BCA704,A0024-SPB6F2BCA704-m1,A0024,"정부, 작년 세수 부족으로 韓銀서 170조원 빌려 썼다",2025-01-02,https://www.chosun.com/economy/economy_general/2025/01/02/LYWZZSQ6I5AVJDNTRW6KAK6ORY,"1일 더불어민주당 임광현 의원이 한은에서 제출받은 자료에 따르면, 정부는 지난해 한은에서 누적으로 따져 총 173조원을 일시 차입했다.",정부가 지난해 세수 부족으로 한국은행에서 170조원 넘는 돈을 빌려 쓴 것으로 나타났다.,이는 관련 통계를 확인할 수 있는 2011년 이후 역대 최대 규모다.,국내공식통계,N,재정·조세,한국은행에서의 일시 차입금,"세수 부족, 한국은행, 일시 차입, 재정",-,,,,-,-,-,2024,-,Y,확정,173조원,KOSIS_VALUE,hcx,한국은행에서의 일시 차입금,-,2024,Y,hcx,현재값,173000000000000,-,-,N,원,수준값,-,전년,정부가 지난해 세수 부족으로 한국은행에서 누적으로 따져 총 173조원을 일시 차입했다.,high,N,-,N,0,0,HCX-007,v1.6-early-kosis-context,2026-07-30,한국은행에서의 일시 차입금,,2024,Y,2024,RELATIVE_YEAR_FROM_ARTICLE_DATE,원,원,currency,amount,unspecified,,N,N,INTERNAL_DOCUMENT_SOURCE,'제출받은 자료' — 공표 통계가 아니라 개별 요청으로 받은 자료,REJECT,INTERNAL_DOCUMENT_SOURCE,,N,,,,,INTERNAL_DOCUMENT_SOURCE,'제출받은 자료' — 공표 통계가 아니라 개별 요청으로 받은 자료,REJECT,Y,direct,,,,,currency,N,N,,
A0024-SP85CB0B4556,-,A0024,"정부, 작년 세수 부족으로 韓銀서 170조원 빌려 썼다",2025-01-02,https://www.chosun.com/economy/economy_general/2025/01/02/LYWZZSQ6I5AVJDNTRW6KAK6ORY,이는 관련 통계를 확인할 수 있는 2011년 이후 역대 최대 규모다.,"1일 더불어민주당 임광현 의원이 한은에서 제출받은 자료에 따르면, 정부는 지난해 한은에서 누적으로 따져 총 173조원을 일시 차입했다.",종전 최대인 2023년의 117조6000억원보다 47% 늘었다.,국내공식통계,N,재정·조세,,"한국은행, 차입금, 세수 부족, 재정",-,,,,-,-,-,,-,,확정,-,-,-,-,-,-,-,-,,-,-,-,-,,,-,,이는 관련 통계를 확인할 수 있는 2011년 이후 역대 최대 규모다.,high,N,-,N,0,0,HCX-007,v1.6-early-kosis-context,2026-07-30,정부의 한국은행 차입금,,2024,Y,,,,,unknown,level,unspecified,,N,N,INTERNAL_DOCUMENT_SOURCE,"'제출받은 자료' — 공표 통계가 아니라 개별 요청으로 받은 자료 (같은 기사에서 확인된 출처, 이 문장은 자체 출처 없음)",REJECT,INTERNAL_DOCUMENT_SOURCE,,N,,,,,INTERNAL_DOCUMENT_SOURCE,"'제출받은 자료' — 공표 통계가 아니라 개별 요청으로 받은 자료 (같은 기사에서 확인된 출처, 이 문장은 자체 출처 없음)",REJECT,Y,direct,,,,,,N,N,,
A0024-SP74CC09E73F,A0024-SP74CC09E73F-m1,A0024,"정부, 작년 세수 부족으로 韓銀서 170조원 빌려 썼다",2025-01-02,https://www.chosun.com/economy/economy_general/2025/01/02/LYWZZSQ6I5AVJDNTRW6KAK6ORY,종전 최대인 2023년의 117조6000억원보다 47% 늘었다.,이는 관련 통계를 확인할 수 있는 2011년 이후 역대 최대 규모다.,현재는 172조원을 상환하고 1조원 정도 남은 상태다.,국내공식통계,N,재정·조세,정부의 한국은행 차입금,"세수 부족, 한국은행, 차입, 재정",-,,,,-,-,-,2023,-,Y,확정,117조6000억원,KOSIS_VALUE,hcx,정부의 한국은행 차입금,-,2023,Y,hcx,이전값,117600000000000,-,-,N,원,수준값,증가,전년,종전 최대인 2023년의 117조6000억원보다 47% 늘었다.,high,N,-,N,0,0,HCX-007,v1.6-early-kosis-context,2026-07-30,정부의 한국은행 차입금,,2023,Y,2023,,원,원,currency,amount,unspecified,,N,N,INTERNAL_DOCUMENT_SOURCE,"'제출받은 자료' — 공표 통계가 아니라 개별 요청으로 받은 자료 (같은 기사에서 확인된 출처, 이 문장은 자체 출처 없음)",REJECT,INTERNAL_DOCUMENT_SOURCE,,N,,,,,INTERNAL_DOCUMENT_SOURCE,"'제출받은 자료' — 공표 통계가 아니라 개별 요청으로 받은 자료 (같은 기사에서 확인된 출처, 이 문장은 자체 출처 없음)",REJECT,Y,direct,,,,,currency,N,N,,
A0024-SP74CC09E73F,A0024-SP74CC09E73F-m2,A0024,"정부, 작년 세수 부족으로 韓銀서 170조원 빌려 썼다",2025-01-02,https://www.chosun.com/economy/economy_general/2025/01/02/LYWZZSQ6I5AVJDNTRW6KAK6ORY,종전 최대인 2023년의 117조6000억원보다 47% 늘었다.,이는 관련 통계를 확인할 수 있는 2011년 이후 역대 최대 규모다.,현재는 172조원을 상환하고 1조원 정도 남은 상태다.,국내공식통계,N,재정·조세,정부의 한국은행 차입금 증가율,"세수 부족, 한국은행, 차입, 재정",-,,,,-,-,-,2023,-,Y,확정,47%,KOSIS_VALUE,hcx,정부의 한국은행 차입금 증가율,-,2023,Y,hcx,증감률,47,-,-,N,%,증감률,증가,전년,종전 최대인 2023년의 117조6000억원보다 47% 늘었다.,high,N,-,N,0,0,HCX-007,v1.6-early-kosis-context,2026-07-30,정부의 한국은행 차입금,,2023,Y,2023,CHANGE_RATE_FROM_TEXT,%,%,rate,rate_change,unspecified,2022,N,N,INTERNAL_DOCUMENT_SOURCE,"'제출받은 자료' — 공표 통계가 아니라 개별 요청으로 받은 자료 (같은 기사에서 확인된 출처, 이 문장은 자체 출처 없음)",REJECT,INTERNAL_DOCUMENT_SOURCE,,N,,,,,INTERNAL_DOCUMENT_SOURCE,"'제출받은 자료' — 공표 통계가 아니라 개별 요청으로 받은 자료 (같은 기사에서 확인된 출처, 이 문장은 자체 출처 없음)",REJECT,Y,,,DERIVED_VALUE_REQUIRES_COMPUTATION,증감값은 직접 공표 ITEM 확인 또는 수준값 재계산 필요,,rate,Y,N,,direct|rate_from_level
A0024-SPBD5E9DA6C0,A0024-SPBD5E9DA6C0-m1,A0024,"정부, 작년 세수 부족으로 韓銀서 170조원 빌려 썼다",2025-01-02,https://www.chosun.com/economy/economy_general/2025/01/02/LYWZZSQ6I5AVJDNTRW6KAK6ORY,정부의 연간 누적 대출은 2019년 36조5072억원에서 코로나 팬데믹이 터졌던 2020년 102조9130억원으로 크게 뛰었다.,정부가 한은 일시 대출을 많이 받을수록 세출에 비해 세입이 부족해 재원을 임시변통하는 일이 잦아졌다는 의미다.,"이후 2021년 7조6130억원, 2022년 34조2000억원 등으로 줄었다가 세수 펑크가 커진 2023년 117조6000억원으로 다시 급증했다.",국내공식통계,Y,재정·조세,정부의 연간 누적 대출,"세수 부족, 한국은행, 일시 대출, 재정",-,,,,-,-,-,2019,-,Y,확정,36조5072억원,KOSIS_VALUE,hcx,정부의 연간 누적 대출,-,2019,Y,hcx,이전값,36507200000000,-,-,N,원,수준값,-,전년,정부의 연간 누적 대출은 2019년 36조5072억원에서 코로나 팬데믹이 터졌던 2020년 102조9130억원으로 크게 뛰었다.,high,N,-,N,0,0,HCX-007,v1.6-early-kosis-context,2026-07-30,정부의 연간 누적 대출,,2023,Y,2019,,원,원,currency,amount,unspecified,,N,N,INTERNAL_DOCUMENT_SOURCE,"'제출받은 자료' — 공표 통계가 아니라 개별 요청으로 받은 자료 (같은 기사에서 확인된 출처, 이 문장은 자체 출처 없음)",REJECT,INTERNAL_DOCUMENT_SOURCE,,N,,,,,INTERNAL_DOCUMENT_SOURCE,"'제출받은 자료' — 공표 통계가 아니라 개별 요청으로 받은 자료 (같은 기사에서 확인된 출처, 이 문장은 자체 출처 없음)",REJECT,Y,direct,,,,,currency,N,N,,
A0024-SPBD5E9DA6C0,A0024-SPBD5E9DA6C0-m2,A0024,"정부, 작년 세수 부족으로 韓銀서 170조원 빌려 썼다",2025-01-02,https://www.chosun.com/economy/economy_general/2025/01/02/LYWZZSQ6I5AVJDNTRW6KAK6ORY,정부의 연간 누적 대출은 2019년 36조5072억원에서 코로나 팬데믹이 터졌던 2020년 102조9130억원으로 크게 뛰었다.,정부가 한은 일시 대출을 많이 받을수록 세출에 비해 세입이 부족해 재원을 임시변통하는 일이 잦아졌다는 의미다.,"이후 2021년 7조6130억원, 2022년 34조2000억원 등으로 줄었다가 세수 펑크가 커진 2023년 117조6000억원으로 다시 급증했다.",국내공식통계,Y,재정·조세,정부의 연간 누적 대출,"세수 부족, 한국은행, 일시 대출, 재정",-,,,,-,-,-,2020,-,Y,확정,102조9130억원,KOSIS_VALUE,hcx,정부의 연간 누적 대출,-,2020,Y,hcx,현재값,102913000000000,-,-,N,원,수준값,-,전년,정부의 연간 누적 대출은 2019년 36조5072억원에서 코로나 팬데믹이 터졌던 2020년 102조9130억원으로 크게 뛰었다.,high,N,-,N,0,0,HCX-007,v1.6-early-kosis-context,2026-07-30,정부의 연간 누적 대출,,2023,Y,2020,,원,원,currency,amount,unspecified,,N,N,INTERNAL_DOCUMENT_SOURCE,"'제출받은 자료' — 공표 통계가 아니라 개별 요청으로 받은 자료 (같은 기사에서 확인된 출처, 이 문장은 자체 출처 없음)",REJECT,INTERNAL_DOCUMENT_SOURCE,,N,,,,,INTERNAL_DOCUMENT_SOURCE,"'제출받은 자료' — 공표 통계가 아니라 개별 요청으로 받은 자료 (같은 기사에서 확인된 출처, 이 문장은 자체 출처 없음)",REJECT,Y,direct,,,,,currency,N,N,,
A0024-SP6B92A26CC2,A0024-SP6B92A26CC2-m1,A0024,"정부, 작년 세수 부족으로 韓銀서 170조원 빌려 썼다",2025-01-02,https://www.chosun.com/economy/economy_general/2025/01/02/LYWZZSQ6I5AVJDNTRW6KAK6ORY,"정부의 연간 누적 대출은 2019년 36조5072억원에서 코로나 팬데믹이 터졌던 2020년 102조9130억원으로 크게 뛰었다. 이후 2021년 7조6130억원, 2022년 34조2000억원 등으로 줄었다가 세수 펑크가 커진 2023년 117조6000억원으로 다시 급증했다.",정부가 한은 일시 대출을 많이 받을수록 세출에 비해 세입이 부족해 재원을 임시변통하는 일이 잦아졌다는 의미다.,지난해 이 같은 일시 대출에 따라 정부가 부담한 이자는 2092억원에 달한 것으로 집계됐다.,국내공식통계,Y,재정·조세,정부의 한은 일시 대출 누적액,"세수 부족, 한은, 일시 대출, 재정",-,,,,-,-,-,2019,-,Y,확정,36조5072억원,KOSIS_VALUE,hcx,정부의 한은 일시 대출 누적액,-,2019,Y,hcx,이전값,36507200000000,-,-,N,원,수준값,감소,전년동기,"[검증 대상 문장] 정부의 연간 누적 대출은 2019년 36조5072억원에서 코로나 팬데믹이 터졌던 2020년 102조9130억원으로 크게 뛰었다. 이후 2021년 7조6130억원, 2022년 34조2000억원 등으로 줄었다가 세수 펑크가 커진 2023년 117조6000억원으로 다시 급증했다.",high,N,-,N,0,0,HCX-007,v1.6-early-kosis-context,2026-07-30,정부의 한은 일시 대출 누적액,,2023,Y,2019,,원,원,currency,amount,unspecified,,N,N,INTERNAL_DOCUMENT_SOURCE,"'제출받은 자료' — 공표 통계가 아니라 개별 요청으로 받은 자료 (같은 기사에서 확인된 출처, 이 문장은 자체 출처 없음)",REJECT,INTERNAL_DOCUMENT_SOURCE,,N,,,,,INTERNAL_DOCUMENT_SOURCE,"'제출받은 자료' — 공표 통계가 아니라 개별 요청으로 받은 자료 (같은 기사에서 확인된 출처, 이 문장은 자체 출처 없음)",REJECT,Y,direct,,,,,currency,N,N,,
A0024-SP6B92A26CC2,A0024-SP6B92A26CC2-m2,A0024,"정부, 작년 세수 부족으로 韓銀서 170조원 빌려 썼다",2025-01-02,https://www.chosun.com/economy/economy_general/2025/01/02/LYWZZSQ6I5AVJDNTRW6KAK6ORY,"정부의 연간 누적 대출은 2019년 36조5072억원에서 코로나 팬데믹이 터졌던 2020년 102조9130억원으로 크게 뛰었다. 이후 2021년 7조6130억원, 2022년 34조2000억원 등으로 줄었다가 세수 펑크가 커진 2023년 117조6000억원으로 다시 급증했다.",정부가 한은 일시 대출을 많이 받을수록 세출에 비해 세입이 부족해 재원을 임시변통하는 일이 잦아졌다는 의미다.,지난해 이 같은 일시 대출에 따라 정부가 부담한 이자는 2092억원에 달한 것으로 집계됐다.,국내공식통계,Y,재정·조세,정부의 한은 일시 대출 누적액,"세수 부족, 한은, 일시 대출, 재정",-,,,,-,-,-,2020,-,Y,확정,102조9130억원,KOSIS_VALUE,hcx,정부의 한은 일시 대출 누적액,-,2020,Y,hcx,이전값,102913000000000,-,-,N,원,수준값,감소,전년동기,"[검증 대상 문장] 정부의 연간 누적 대출은 2019년 36조5072억원에서 코로나 팬데믹이 터졌던 2020년 102조9130억원으로 크게 뛰었다. 이후 2021년 7조6130억원, 2022년 34조2000억원 등으로 줄었다가 세수 펑크가 커진 2023년 117조6000억원으로 다시 급증했다.",high,N,-,N,0,0,HCX-007,v1.6-early-kosis-context,2026-07-30,정부의 한은 일시 대출 누적액,,2023,Y,2020,,원,원,currency,amount,unspecified,,N,N,INTERNAL_DOCUMENT_SOURCE,"'제출받은 자료' — 공표 통계가 아니라 개별 요청으로 받은 자료 (같은 기사에서 확인된 출처, 이 문장은 자체 출처 없음)",REJECT,INTERNAL_DOCUMENT_SOURCE,,N,,,,,INTERNAL_DOCUMENT_SOURCE,"'제출받은 자료' — 공표 통계가 아니라 개별 요청으로 받은 자료 (같은 기사에서 확인된 출처, 이 문장은 자체 출처 없음)",REJECT,Y,direct,,,,,currency,N,N,,
A0024-SP6B92A26CC2,A0024-SP6B92A26CC2-m3,A0024,"정부, 작년 세수 부족으로 韓銀서 170조원 빌려 썼다",2025-01-02,https://www.chosun.com/economy/economy_general/2025/01/02/LYWZZSQ6I5AVJDNTRW6KAK6ORY,"정부의 연간 누적 대출은 2019년 36조5072억원에서 코로나 팬데믹이 터졌던 2020년 102조9130억원으로 크게 뛰었다. 이후 2021년 7조6130억원, 2022년 34조2000억원 등으로 줄었다가 세수 펑크가 커진 2023년 117조6000억원으로 다시 급증했다.",정부가 한은 일시 대출을 많이 받을수록 세출에 비해 세입이 부족해 재원을 임시변통하는 일이 잦아졌다는 의미다.,지난해 이 같은 일시 대출에 따라 정부가 부담한 이자는 2092억원에 달한 것으로 집계됐다.,국내공식통계,Y,재정·조세,정부의 한은 일시 대출 누적액,"세수 부족, 한은, 일시 대출, 재정",-,,,,-,-,-,2021,-,Y,확정,7조6130억원,KOSIS_VALUE,hcx,정부의 한은 일시 대출 누적액,-,2021,Y,hcx,이전값,7613000000000,-,-,N,원,수준값,감소,전년동기,"[검증 대상 문장] 정부의 연간 누적 대출은 2019년 36조5072억원에서 코로나 팬데믹이 터졌던 2020년 102조9130억원으로 크게 뛰었다. 이후 2021년 7조6130억원, 2022년 34조2000억원 등으로 줄었다가 세수 펑크가 커진 2023년 117조6000억원으로 다시 급증했다.",high,N,-,N,0,0,HCX-007,v1.6-early-kosis-context,2026-07-30,정부의 한은 일시 대출 누적액,,2023,Y,2021,,원,원,currency,amount,unspecified,,N,N,INTERNAL_DOCUMENT_SOURCE,"'제출받은 자료' — 공표 통계가 아니라 개별 요청으로 받은 자료 (같은 기사에서 확인된 출처, 이 문장은 자체 출처 없음)",REJECT,INTERNAL_DOCUMENT_SOURCE,,N,,,,,INTERNAL_DOCUMENT_SOURCE,"'제출받은 자료' — 공표 통계가 아니라 개별 요청으로 받은 자료 (같은 기사에서 확인된 출처, 이 문장은 자체 출처 없음)",REJECT,Y,direct,,,,,currency,N,N,,
A0024-SP6B92A26CC2,A0024-SP6B92A26CC2-m4,A0024,"정부, 작년 세수 부족으로 韓銀서 170조원 빌려 썼다",2025-01-02,https://www.chosun.com/economy/economy_general/2025/01/02/LYWZZSQ6I5AVJDNTRW6KAK6ORY,"정부의 연간 누적 대출은 2019년 36조5072억원에서 코로나 팬데믹이 터졌던 2020년 102조9130억원으로 크게 뛰었다. 이후 2021년 7조6130억원, 2022년 34조2000억원 등으로 줄었다가 세수 펑크가 커진 2023년 117조6000억원으로 다시 급증했다.",정부가 한은 일시 대출을 많이 받을수록 세출에 비해 세입이 부족해 재원을 임시변통하는 일이 잦아졌다는 의미다.,지난해 이 같은 일시 대출에 따라 정부가 부담한 이자는 2092억원에 달한 것으로 집계됐다.,국내공식통계,Y,재정·조세,정부의 한은 일시 대출 누적액,"세수 부족, 한은, 일시 대출, 재정",-,,,,-,-,-,2022,-,Y,확정,34조2000억원,KOSIS_VALUE,hcx,정부의 한은 일시 대출 누적액,-,2022,Y,hcx,이전값,34200000000000,-,-,N,원,수준값,감소,전년동기,"[검증 대상 문장] 정부의 연간 누적 대출은 2019년 36조5072억원에서 코로나 팬데믹이 터졌던 2020년 102조9130억원으로 크게 뛰었다. 이후 2021년 7조6130억원, 2022년 34조2000억원 등으로 줄었다가 세수 펑크가 커진 2023년 117조6000억원으로 다시 급증했다.",high,N,-,N,0,0,HCX-007,v1.6-early-kosis-context,2026-07-30,정부의 한은 일시 대출 누적액,,2023,Y,2022,,원,원,currency,amount,unspecified,,N,N,INTERNAL_DOCUMENT_SOURCE,"'제출받은 자료' — 공표 통계가 아니라 개별 요청으로 받은 자료 (같은 기사에서 확인된 출처, 이 문장은 자체 출처 없음)",REJECT,INTERNAL_DOCUMENT_SOURCE,,N,,,,,INTERNAL_DOCUMENT_SOURCE,"'제출받은 자료' — 공표 통계가 아니라 개별 요청으로 받은 자료 (같은 기사에서 확인된 출처, 이 문장은 자체 출처 없음)",REJECT,Y,direct,,,,,currency,N,N,,
A0024-SP6B92A26CC2,A0024-SP6B92A26CC2-m5,A0024,"정부, 작년 세수 부족으로 韓銀서 170조원 빌려 썼다",2025-01-02,https://www.chosun.com/economy/economy_general/2025/01/02/LYWZZSQ6I5AVJDNTRW6KAK6ORY,"정부의 연간 누적 대출은 2019년 36조5072억원에서 코로나 팬데믹이 터졌던 2020년 102조9130억원으로 크게 뛰었다. 이후 2021년 7조6130억원, 2022년 34조2000억원 등으로 줄었다가 세수 펑크가 커진 2023년 117조6000억원으로 다시 급증했다.",정부가 한은 일시 대출을 많이 받을수록 세출에 비해 세입이 부족해 재원을 임시변통하는 일이 잦아졌다는 의미다.,지난해 이 같은 일시 대출에 따라 정부가 부담한 이자는 2092억원에 달한 것으로 집계됐다.,국내공식통계,Y,재정·조세,정부의 한은 일시 대출 누적액,"세수 부족, 한은, 일시 대출, 재정",-,,,,-,-,-,2023,-,Y,확정,117조6000억원,KOSIS_VALUE,hcx,정부의 한은 일시 대출 누적액,-,2023,Y,hcx,현재값,117600000000000,-,-,N,원,수준값,감소,전년동기,"[검증 대상 문장] 정부의 연간 누적 대출은 2019년 36조5072억원에서 코로나 팬데믹이 터졌던 2020년 102조9130억원으로 크게 뛰었다. 이후 2021년 7조6130억원, 2022년 34조2000억원 등으로 줄었다가 세수 펑크가 커진 2023년 117조6000억원으로 다시 급증했다.",high,N,-,N,0,0,HCX-007,v1.6-early-kosis-context,2026-07-30,정부의 한은 일시 대출 누적액,,2023,Y,2023,,원,원,currency,amount,unspecified,,N,N,INTERNAL_DOCUMENT_SOURCE,"'제출받은 자료' — 공표 통계가 아니라 개별 요청으로 받은 자료 (같은 기사에서 확인된 출처, 이 문장은 자체 출처 없음)",REJECT,INTERNAL_DOCUMENT_SOURCE,,N,,,,,INTERNAL_DOCUMENT_SOURCE,"'제출받은 자료' — 공표 통계가 아니라 개별 요청으로 받은 자료 (같은 기사에서 확인된 출처, 이 문장은 자체 출처 없음)",REJECT,Y,direct,,,,,currency,N,N,,
A0024-SP3ACEA6C6F7,A0024-SP3ACEA6C6F7-m1,A0024,"정부, 작년 세수 부족으로 韓銀서 170조원 빌려 썼다",2025-01-02,https://www.chosun.com/economy/economy_general/2025/01/02/LYWZZSQ6I5AVJDNTRW6KAK6ORY,"이후 2021년 7조6130억원, 2022년 34조2000억원 등으로 줄었다가 세수 펑크가 커진 2023년 117조6000억원으로 다시 급증했다.",정부의 연간 누적 대출은 2019년 36조5072억원에서 코로나 팬데믹이 터졌던 2020년 102조9130억원으로 크게 뛰었다.,지난해 이 같은 일시 대출에 따라 정부가 부담한 이자는 2092억원에 달한 것으로 집계됐다.,국내공식통계,Y,재정·조세,정부 연간 누적 대출,"세수 부족, 한국은행, 일시 대출, 재정",-,,,,-,-,-,2021,-,Y,확정,7조6130억원,KOSIS_VALUE,hcx,정부 연간 누적 대출,-,2021,Y,hcx,현재값,7613000000000,-,-,N,원,수준값,감소,전년동기,"[검증 대상 문장] 이후 2021년 7조6130억원, 2022년 34조2000억원 등으로 줄었다가 세수 펑크가 커진 2023년 117조6000억원으로 다시 급증했다.",high,N,-,N,0,0,HCX-007,v1.6-early-kosis-context,2026-07-30,정부 연간 누적 대출,,2023,Y,2021,,원,원,currency,amount,unspecified,,N,N,INTERNAL_DOCUMENT_SOURCE,"'제출받은 자료' — 공표 통계가 아니라 개별 요청으로 받은 자료 (같은 기사에서 확인된 출처, 이 문장은 자체 출처 없음)",REJECT,INTERNAL_DOCUMENT_SOURCE,,N,,,,,INTERNAL_DOCUMENT_SOURCE,"'제출받은 자료' — 공표 통계가 아니라 개별 요청으로 받은 자료 (같은 기사에서 확인된 출처, 이 문장은 자체 출처 없음)",REJECT,Y,direct,,,,,currency,N,N,,
A0024-SP3ACEA6C6F7,A0024-SP3ACEA6C6F7-m2,A0024,"정부, 작년 세수 부족으로 韓銀서 170조원 빌려 썼다",2025-01-02,https://www.chosun.com/economy/economy_general/2025/01/02/LYWZZSQ6I5AVJDNTRW6KAK6ORY,"이후 2021년 7조6130억원, 2022년 34조2000억원 등으로 줄었다가 세수 펑크가 커진 2023년 117조6000억원으로 다시 급증했다.",정부의 연간 누적 대출은 2019년 36조5072억원에서 코로나 팬데믹이 터졌던 2020년 102조9130억원으로 크게 뛰었다.,지난해 이 같은 일시 대출에 따라 정부가 부담한 이자는 2092억원에 달한 것으로 집계됐다.,국내공식통계,Y,재정·조세,정부 연간 누적 대출,"세수 부족, 한국은행, 일시 대출, 재정",-,,,,-,-,-,2022,-,Y,확정,34조2000억원,KOSIS_VALUE,hcx,정부 연간 누적 대출,-,2022,Y,hcx,현재값,34200000000000,-,-,N,원,수준값,감소,전년동기,"[검증 대상 문장] 이후 2021년 7조6130억원, 2022년 34조2000억원 등으로 줄었다가 세수 펑크가 커진 2023년 117조6000억원으로 다시 급증했다.",high,N,-,N,0,0,HCX-007,v1.6-early-kosis-context,2026-07-30,정부 연간 누적 대출,,2023,Y,2022,,원,원,currency,amount,unspecified,,N,N,INTERNAL_DOCUMENT_SOURCE,"'제출받은 자료' — 공표 통계가 아니라 개별 요청으로 받은 자료 (같은 기사에서 확인된 출처, 이 문장은 자체 출처 없음)",REJECT,INTERNAL_DOCUMENT_SOURCE,,N,,,,,INTERNAL_DOCUMENT_SOURCE,"'제출받은 자료' — 공표 통계가 아니라 개별 요청으로 받은 자료 (같은 기사에서 확인된 출처, 이 문장은 자체 출처 없음)",REJECT,Y,direct,,,,,currency,N,N,,
A0024-SP3ACEA6C6F7,A0024-SP3ACEA6C6F7-m3,A0024,"정부, 작년 세수 부족으로 韓銀서 170조원 빌려 썼다",2025-01-02,https://www.chosun.com/economy/economy_general/2025/01/02/LYWZZSQ6I5AVJDNTRW6KAK6ORY,"이후 2021년 7조6130억원, 2022년 34조2000억원 등으로 줄었다가 세수 펑크가 커진 2023년 117조6000억원으로 다시 급증했다.",정부의 연간 누적 대출은 2019년 36조5072억원에서 코로나 팬데믹이 터졌던 2020년 102조9130억원으로 크게 뛰었다.,지난해 이 같은 일시 대출에 따라 정부가 부담한 이자는 2092억원에 달한 것으로 집계됐다.,국내공식통계,Y,재정·조세,정부 연간 누적 대출,"세수 부족, 한국은행, 일시 대출, 재정",-,,,,-,-,-,2023,-,Y,확정,117조6000억원,KOSIS_VALUE,hcx,정부 연간 누적 대출,-,2023,Y,hcx,현재값,117600000000000,-,-,N,원,수준값,감소,전년동기,"[검증 대상 문장] 이후 2021년 7조6130억원, 2022년 34조2000억원 등으로 줄었다가 세수 펑크가 커진 2023년 117조6000억원으로 다시 급증했다.",high,N,-,N,0,0,HCX-007,v1.6-early-kosis-context,2026-07-30,정부 연간 누적 대출,,2023,Y,2023,,원,원,currency,amount,unspecified,,N,N,INTERNAL_DOCUMENT_SOURCE,"'제출받은 자료' — 공표 통계가 아니라 개별 요청으로 받은 자료 (같은 기사에서 확인된 출처, 이 문장은 자체 출처 없음)",REJECT,INTERNAL_DOCUMENT_SOURCE,,N,,,,,INTERNAL_DOCUMENT_SOURCE,"'제출받은 자료' — 공표 통계가 아니라 개별 요청으로 받은 자료 (같은 기사에서 확인된 출처, 이 문장은 자체 출처 없음)",REJECT,Y,direct,,,,,currency,N,N,,
A0024-SP7D75144175,A0024-SP7D75144175-m1,A0024,"정부, 작년 세수 부족으로 韓銀서 170조원 빌려 썼다",2025-01-02,https://www.chosun.com/economy/economy_general/2025/01/02/LYWZZSQ6I5AVJDNTRW6KAK6ORY,지난해 이 같은 일시 대출에 따라 정부가 부담한 이자는 2092억원에 달한 것으로 집계됐다.,"이후 2021년 7조6130억원, 2022년 34조2000억원 등으로 줄었다가 세수 펑크가 커진 2023년 117조6000억원으로 다시 급증했다.",역시 2023년 연간 이자(1506억원)를 크게 웃도는 역대 최대 수준이다.,국내공식통계,N,재정·조세,정부가 부담한 이자,"정부, 세수 부족, 한국은행, 일시 대출, 이자",-,,,,-,-,-,2024,-,Y,확정,2092억원,KOSIS_VALUE,hcx,정부가 부담한 이자,-,2024,Y,hcx,현재값,209200000000,-,-,N,원,수준값,유지,전년,지난해 이 같은 일시 대출에 따라 정부가 부담한 이자는 2092억원에 달한 것으로 집계됐다.,high,N,-,N,0,0,HCX-007,v1.6-early-kosis-context,2026-07-30,정부가 부담한 이자,,2024,Y,2024,RELATIVE_YEAR_FROM_ARTICLE_DATE,원,원,currency,amount,unspecified,,N,N,INTERNAL_DOCUMENT_SOURCE,"'제출받은 자료' — 공표 통계가 아니라 개별 요청으로 받은 자료 (같은 기사에서 확인된 출처, 이 문장은 자체 출처 없음)",REJECT,INTERNAL_DOCUMENT_SOURCE,,N,,,,,INTERNAL_DOCUMENT_SOURCE,"'제출받은 자료' — 공표 통계가 아니라 개별 요청으로 받은 자료 (같은 기사에서 확인된 출처, 이 문장은 자체 출처 없음)",REJECT,Y,direct,,,,,currency,N,N,,
A0026-SP7783F9A665,A0026-SP7783F9A665-m1,A0026,"선물환포지션 한도 풀고, 외화대출 규제도 완화",2025-01-02,https://www.chosun.com/economy/economy_general/2025/01/02/QWFKNTB7ZRARZGL4HKVD5NS234,"최근 미국 경제가 호조세를 보이고 있고, 트럼프 2기 행정부 출범과 국내 정치적 불안이 겹치면서 달러 대비 원화 환율은 지난달 말(30일) 오후 3시 30분 기준 1472.5원을 기록했다. 연간으로 따지면 무려 172.1원이 올랐다.",2일 기획재정부는 이 같은 내용이 담긴 외환시장 관련 ‘2025년 경제정책방향’을 발표했다.,기재부 관계자는 향후 환율 전망에 대해 “외환시장 여건은 미국의 금리 경로 불확실성 등으로 최근 환율 변동성 같은 불확실성이 있는 상황”이라고 했다.,국내공식통계,N,금융·금리,환율,달러 대비 원화 환율,-,,,,-,-,-,202412,-,M,확정,1472.5원,KOSIS_VALUE,hcx,환율,-,202501,M,hcx,현재값,1472.5,-,-,N,원,수준값,증가,전년,"최근 미국 경제가 호조세를 보이고 있고, 트럼프 2기 행정부 출범과 국내 정치적 불안이 겹치면서 달러 대비 원화 환율은 지난달 말(30일) 오후 3시 30분 기준 1472.5원을 기록했다. 연간으로 따지면 무려 172.1원이 올랐다.",high,N,-,N,0,0,HCX-007,v1.6-early-kosis-context,2026-07-30,환율,,202501,M,202501,PREVIOUS_MONTH_FROM_ARTICLE_DATE,원,원,currency,amount,unspecified,,N,N,INTRADAY_MARKET_RATE,특정 시각 기준 환율 — KOSIS 는 월·연 평균만 수록,REJECT,INTRADAY_MARKET_RATE,,N,,,,,INTRADAY_MARKET_RATE,특정 시각 기준 환율 — KOSIS 는 월·연 평균만 수록,REJECT,Y,direct,,,,,currency,N,N,,
A0026-SP7783F9A665,A0026-SP7783F9A665-m2,A0026,"선물환포지션 한도 풀고, 외화대출 규제도 완화",2025-01-02,https://www.chosun.com/economy/economy_general/2025/01/02/QWFKNTB7ZRARZGL4HKVD5NS234,"최근 미국 경제가 호조세를 보이고 있고, 트럼프 2기 행정부 출범과 국내 정치적 불안이 겹치면서 달러 대비 원화 환율은 지난달 말(30일) 오후 3시 30분 기준 1472.5원을 기록했다. 연간으로 따지면 무려 172.1원이 올랐다.",2일 기획재정부는 이 같은 내용이 담긴 외환시장 관련 ‘2025년 경제정책방향’을 발표했다.,기재부 관계자는 향후 환율 전망에 대해 “외환시장 여건은 미국의 금리 경로 불확실성 등으로 최근 환율 변동성 같은 불확실성이 있는 상황”이라고 했다.,국내공식통계,N,금융·금리,환율 상승폭,달러 대비 원화 환율,-,,,,-,-,-,202501,-,M,확정,172.1원,KOSIS_VALUE,hcx,환율 상승폭,-,202501,M,hcx,현재값,172.1,-,-,N,원,증감량,증가,전년,"최근 미국 경제가 호조세를 보이고 있고, 트럼프 2기 행정부 출범과 국내 정치적 불안이 겹치면서 달러 대비 원화 환율은 지난달 말(30일) 오후 3시 30분 기준 1472.5원을 기록했다. 연간으로 따지면 무려 172.1원이 올랐다.",high,N,-,N,0,0,HCX-007,v1.6-early-kosis-context,2026-07-30,환율,,202501,M,202501,,원,원,currency,absolute_change,unspecified,202401,N,N,INTRADAY_MARKET_RATE,특정 시각 기준 환율 — KOSIS 는 월·연 평균만 수록,REJECT,INTRADAY_MARKET_RATE,,N,,,,,INTRADAY_MARKET_RATE,특정 시각 기준 환율 — KOSIS 는 월·연 평균만 수록,REJECT,Y,,,DERIVED_VALUE_REQUIRES_COMPUTATION,증감값은 직접 공표 ITEM 확인 또는 수준값 재계산 필요,,currency,Y,N,,direct|difference_from_level
A0028-SPB5DC75CD1D,A0028-SPB5DC75CD1D-m1,A0028,"현대차그룹 전기차 5종, 美 보조금 최대 7500달러 확정",2025-01-03,https://www.chosun.com/economy/auto/2025/01/03/JAOXUIC3JJEU7APKQ7W6OHYJRQ,현대차그룹 전기차가 미국에서 처음으로 최대 7500달러(약 1100만원) 규모 IRA(인플레이션 감축법) 보조금 지급 대상에 포함됐다.,-,IRA는 미국 정부가 전기차·태양광·풍력 등 핵심 청정에너지 산업의 자국 유치를 위해 2022년부터 시행하는 법이다.,해외통계·정책,N,금융·금리,IRA 보조금,"전기차, 보조금, 현대차그룹, 미국, IRA",-,,,전기차,-,-,-,,-,,확정,7500달러,POLICY_VALUE,hcx,IRA 보조금,전기차,-,-,hcx,목표값,7500,-,-,N,달러,수준값,-,,현대차그룹 전기차가 미국에서 처음으로 최대 7500달러(약 1100만원) 규모 IRA(인플레이션 감축법) 보조금 지급 대상에 포함됐다.,high,N,-,N,0,0,HCX-007,v1.6-early-kosis-context,2026-07-30,IRA 보조금,전기차,,,,,달러,달러,currency,amount,item,,N,N,NOT_KOSIS_VALUE,measurement_usage=POLICY_VALUE,REJECT,NOT_KOSIS_VALUE,,N,,,,,,,,N,direct,,,,,currency,N,N,,
A0028-SPB5DC75CD1D,A0028-SPB5DC75CD1D-m2,A0028,"현대차그룹 전기차 5종, 美 보조금 최대 7500달러 확정",2025-01-03,https://www.chosun.com/economy/auto/2025/01/03/JAOXUIC3JJEU7APKQ7W6OHYJRQ,현대차그룹 전기차가 미국에서 처음으로 최대 7500달러(약 1100만원) 규모 IRA(인플레이션 감축법) 보조금 지급 대상에 포함됐다.,-,IRA는 미국 정부가 전기차·태양광·풍력 등 핵심 청정에너지 산업의 자국 유치를 위해 2022년부터 시행하는 법이다.,해외통계·정책,N,금융·금리,IRA 보조금,"전기차, 보조금, 현대차그룹, 미국, IRA",-,,,전기차,-,-,-,,-,,확정,1100만원,POLICY_VALUE,hcx,IRA 보조금,전기차,-,-,hcx,목표값,11000000,-,-,Y,원,수준값,-,,현대차그룹 전기차가 미국에서 처음으로 최대 7500달러(약 1100만원) 규모 IRA(인플레이션 감축법) 보조금 지급 대상에 포함됐다.,high,N,-,N,0,0,HCX-007,v1.6-early-kosis-context,2026-07-30,IRA 보조금,전기차,,,,,원,원,currency,amount,item,,N,N,NOT_KOSIS_VALUE,measurement_usage=POLICY_VALUE,REJECT,NOT_KOSIS_VALUE,,N,,,,,,,,N,direct,,,,,currency,N,N,,
A0028-SP488D1E6C03,A0028-SP488D1E6C03-m1,A0028,"현대차그룹 전기차 5종, 美 보조금 최대 7500달러 확정",2025-01-03,https://www.chosun.com/economy/auto/2025/01/03/JAOXUIC3JJEU7APKQ7W6OHYJRQ,"2023년에는 34개, 지난해에는 연말까지 50개 모델에 대해 혜택을 줬다.","1일(현지 시각) 미국 에너지부는 홈페이지에 올해 보조금을 지급받을 수 있는 전기차로 현대차 아이오닉5와 아이오닉9, 기아 EV6와 EV9, 제네시스 GV70 전동화 모델을 포함한 모델 25개를 공개했다.","테슬라는 사이버트럭 2종을 포함해 모델3와 모델X, 모델Y 등 총 9종이 리스트에 올랐다.",해외통계·정책,Y,무역,전기차 보조금 지급 모델 수,"전기차, 보조금, 현대차그룹, 미국, 모델",-,,,전기차,-,-,미국,2024,-,Y,확정,34개,KOSIS_VALUE,hcx,전기차 보조금 지급 모델 수,전기차,2023,Y,hcx,현재값,34,-,-,N,개,수준값,-,전년,"2023년에는 34개, 지난해에는 연말까지 50개 모델에 대해 혜택을 줬다.",high,N,-,N,0,0,HCX-007,v1.6-early-kosis-context,2026-07-30,전기차 보조금 지급 모델 수,전기차,"2023, 2024",Y,2023,RELATIVE_YEAR_FROM_ARTICLE_DATE,개,개,count,count,item,,N,N,OUT_OF_KOSIS_SCOPE,claim_domain_scope=해외통계·정책,REJECT,OUT_OF_KOSIS_SCOPE,,N,,,,,,,,N,direct,,,,,count,N,N,,
A0028-SP488D1E6C03,A0028-SP488D1E6C03-m2,A0028,"현대차그룹 전기차 5종, 美 보조금 최대 7500달러 확정",2025-01-03,https://www.chosun.com/economy/auto/2025/01/03/JAOXUIC3JJEU7APKQ7W6OHYJRQ,"2023년에는 34개, 지난해에는 연말까지 50개 모델에 대해 혜택을 줬다.","1일(현지 시각) 미국 에너지부는 홈페이지에 올해 보조금을 지급받을 수 있는 전기차로 현대차 아이오닉5와 아이오닉9, 기아 EV6와 EV9, 제네시스 GV70 전동화 모델을 포함한 모델 25개를 공개했다.","테슬라는 사이버트럭 2종을 포함해 모델3와 모델X, 모델Y 등 총 9종이 리스트에 올랐다.",해외통계·정책,Y,무역,전기차 보조금 지급 모델 수,"전기차, 보조금, 현대차그룹, 미국, 모델",-,,,전기차,-,-,미국,2024,-,Y,확정,50개,KOSIS_VALUE,hcx,전기차 보조금 지급 모델 수,전기차,2024,Y,hcx,현재값,50,-,-,N,개,수준값,-,전년,"2023년에는 34개, 지난해에는 연말까지 50개 모델에 대해 혜택을 줬다.",high,N,-,N,0,0,HCX-007,v1.6-early-kosis-context,2026-07-30,전기차 보조금 지급 모델 수,전기차,"2023, 2024",Y,2024,RELATIVE_YEAR_FROM_ARTICLE_DATE,개,개,count,count,item,,N,N,OUT_OF_KOSIS_SCOPE,claim_domain_scope=해외통계·정책,REJECT,OUT_OF_KOSIS_SCOPE,,N,,,,,,,,N,direct,,,,,count,N,N,,
A0029-SPEA6B4D01A2,A0029-SPEA6B4D01A2-m2,A0029,완성차 5사 판매량 3년만에 감소세로...내수 부진에 전기차 캐즘 본격화,2025-01-03,https://www.chosun.com/economy/auto/2025/01/03/N4AM2ZKHUBDXHOEEKGPMWO4Y2U,"작년 국내 완성차 업체들의 판매량이 2023년 대비 0.6% 줄며, 3년만에 감소세로 돌아섰다.",한국 경제의 내수와 수출을 떠받치던 자동차 산업이 전기차 캐즘(수요 정체) 영향권에 본격 접어들면서 실적 부진에 빠졌다.,"경기 침체 속 내수 판매가 6%대 급감했고, 수출은 전체적으로 보합세를 보인 가운데 현대차와 르노코리아 등 판매량이 큰 폭으로 줄었다.",국내공식통계,Y,소매·소비,완성차 판매량 변화 주기,"완성차, 판매량, 감소세, 내수, 전기차, 캐즘",-,,,완성차,-,-,-,2024,-,Y,확정,3년,CONTEXT,hcx,완성차 판매량 변화 주기,완성차,2023,Y,hcx,참고값,3,-,-,N,년,수준값,감소,전년,"작년 국내 완성차 업체들의 판매량이 2023년 대비 0.6% 줄며, 3년만에 감소세로 돌아섰다.",high,N,-,N,0,0,HCX-007,v1.6-early-kosis-context,2026-07-30,완성차 판매량 증감률,완성차,2024,Y,2023,RELATIVE_YEAR_FROM_ARTICLE_DATE,년,년,duration,condition,item,,N,N,NOT_KOSIS_VALUE,measurement_usage=CONTEXT,REJECT,NOT_KOSIS_VALUE,,N,,,,,,,,N,direct,,,,,duration,N,N,,
A0029-SPE22372050C,A0029-SPE22372050C-m1,A0029,완성차 5사 판매량 3년만에 감소세로...내수 부진에 전기차 캐즘 본격화,2025-01-03,https://www.chosun.com/economy/auto/2025/01/03/N4AM2ZKHUBDXHOEEKGPMWO4Y2U,"경기 침체 속 내수 판매가 6%대 급감했고, 수출은 전체적으로 보합세를 보인 가운데 현대차와 르노코리아 등 판매량이 큰 폭으로 줄었다.","작년 국내 완성차 업체들의 판매량이 2023년 대비 0.6% 줄며, 3년만에 감소세로 돌아섰다.","국내 완성차 5사(현대차, 기아, GM 한국사업장, KG모빌리티, 르노코리아)는 작년 794만7170대를 국내외에 판매했다고 3일 밝혔다.",국내공식통계,Y,소매·소비,완성차 판매량 증감률,"완성차, 판매량, 내수, 수출, 전기차, 캐즘",-,,,완성차,-,-,-,2024,-,Y,확정,6%,KOSIS_VALUE,hcx,완성차 판매량 증감률,완성차,2024,Y,hcx,증감률,6,-,-,N,%,증감률,감소,전년,"경기 침체 속 내수 판매가 6%대 급감했고, 수출은 전체적으로 보합세를 보인 가운데 현대차와 르노코리아 등 판매량이 큰 폭으로 줄었다.",high,N,-,N,0,0,HCX-007,v1.6-early-kosis-context,2026-07-30,완성차 판매량,완성차,2024,Y,2024,CHANGE_RATE_FROM_TEXT,%,%,rate,rate_change,item,2023,N,N,ENUMERATED_COMPANIES,"개별 기업 2곳(르노코리아, 현대차) 합계 — 산업 집계와 정의가 다름",REJECT,ENUMERATED_COMPANIES,,N,,,,,ENUMERATED_COMPANIES,"개별 기업 2곳(르노코리아, 현대차) 합계 — 산업 집계와 정의가 다름",REJECT,Y,,,DERIVED_VALUE_REQUIRES_COMPUTATION,증감값은 직접 공표 ITEM 확인 또는 수준값 재계산 필요,,rate,Y,N,,direct|rate_from_level
A0029-SP91B0F27655,A0029-SP91B0F27655-m1,A0029,완성차 5사 판매량 3년만에 감소세로...내수 부진에 전기차 캐즘 본격화,2025-01-03,https://www.chosun.com/economy/auto/2025/01/03/N4AM2ZKHUBDXHOEEKGPMWO4Y2U,"국내 완성차 5사(현대차, 기아, GM 한국사업장, KG모빌리티, 르노코리아)는 작년 794만7170대를 국내외에 판매했다고 3일 밝혔다.","경기 침체 속 내수 판매가 6%대 급감했고, 수출은 전체적으로 보합세를 보인 가운데 현대차와 르노코리아 등 판매량이 큰 폭으로 줄었다.","국내 판매는 135만6706대로 전년 대비 6.4% 줄었고, 해외 판매는 658만4378대로 같은 기간 0.7% 늘었다.",국내공식통계,Y,소매·소비,완성차 판매자 수,"완성차, 판매량, 내수, 수출, 전기차, 캐즘",-,,,완성차,-,-,-,2024,-,Y,확정,5사,CONTEXT,hcx,완성차 판매자 수,완성차,2024,Y,hcx,현재값,5,-,-,N,개,수준값,-,전년,"[검증 대상 문장] 국내 완성차 5사(현대차, 기아, GM 한국사업장, KG모빌리티, 르노코리아)는 작년 794만7170대를 국내외에 판매했다고 3일 밝혔다.",high,N,-,Y,0,0,HCX-007,v1.6-early-kosis-context,2026-07-30,완성차 판매량,완성차,2024,Y,2024,RELATIVE_YEAR_FROM_ARTICLE_DATE,사,개,count,count,item,,N,N,NOT_KOSIS_VALUE,measurement_usage=CONTEXT,REJECT,NOT_KOSIS_VALUE,,N,,,,,ENUMERATED_COMPANIES,"개별 기업 5곳(gm 한국사업장, kg모빌리티, 기아) 합계 — 산업 집계와 정의가 다름",REJECT,Y,direct,,,,,count,N,N,,
A0029-SP91B0F27655,A0029-SP91B0F27655-m2,A0029,완성차 5사 판매량 3년만에 감소세로...내수 부진에 전기차 캐즘 본격화,2025-01-03,https://www.chosun.com/economy/auto/2025/01/03/N4AM2ZKHUBDXHOEEKGPMWO4Y2U,"국내 완성차 5사(현대차, 기아, GM 한국사업장, KG모빌리티, 르노코리아)는 작년 794만7170대를 국내외에 판매했다고 3일 밝혔다.","경기 침체 속 내수 판매가 6%대 급감했고, 수출은 전체적으로 보합세를 보인 가운데 현대차와 르노코리아 등 판매량이 큰 폭으로 줄었다.","국내 판매는 135만6706대로 전년 대비 6.4% 줄었고, 해외 판매는 658만4378대로 같은 기간 0.7% 늘었다.",국내공식통계,Y,소매·소비,완성차 판매량,"완성차, 판매량, 내수, 수출, 전기차, 캐즘",-,,,완성차,-,-,-,2024,-,Y,확정,794만7170대,KOSIS_VALUE,hcx,완성차 판매량,완성차,2024,Y,hcx,현재값,7947170,-,-,N,대,수준값,-,전년,"[검증 대상 문장] 국내 완성차 5사(현대차, 기아, GM 한국사업장, KG모빌리티, 르노코리아)는 작년 794만7170대를 국내외에 판매했다고 3일 밝혔다.",high,N,-,Y,0,0,HCX-007,v1.6-early-kosis-context,2026-07-30,완성차 판매량,완성차,2024,Y,2024,RELATIVE_YEAR_FROM_ARTICLE_DATE,대,대,count,count,item,,N,N,DECLARED_COMPANY_AGGREGATE,유한한 기업 집단이 자체 발표한 실적 합계는 KOSIS 직접값이 아님,REJECT,DECLARED_COMPANY_AGGREGATE,,N,,,,,ENUMERATED_COMPANIES,"개별 기업 5곳(gm 한국사업장, kg모빌리티, 기아) 합계 — 산업 집계와 정의가 다름",REJECT,Y,direct,,,,,count,N,N,,
A0029-SPC266C13A00,A0029-SPC266C13A00-m1,A0029,완성차 5사 판매량 3년만에 감소세로...내수 부진에 전기차 캐즘 본격화,2025-01-03,https://www.chosun.com/economy/auto/2025/01/03/N4AM2ZKHUBDXHOEEKGPMWO4Y2U,"국내 판매는 135만6706대로 전년 대비 6.4% 줄었고, 해외 판매는 658만4378대로 같은 기간 0.7% 늘었다.","국내 완성차 5사(현대차, 기아, GM 한국사업장, KG모빌리티, 르노코리아)는 작년 794만7170대를 국내외에 판매했다고 3일 밝혔다.","작년 완성차 5사의 국내 판매는 하반기 신차를 낸 르노코리아를 제외하고 일제히 줄었다. 고금리 속 경기 침체가 심화됐고, 충전 불편과 비싼 가격을 이유로 전기차 수요가 주춤한 영향이다.",국내공식통계,Y,소매·소비,완성차 판매량,"완성차, 판매량, 내수, 전기차, 캐즘",-,,,완성차,-,-,-,2024,-,Y,확정,135만6706대,KOSIS_VALUE,hcx,완성차 판매량,완성차,2024,Y,hcx,현재값,1356706,-,-,N,대,수준값,감소,전년,"[검증 대상 문장] 국내 판매는 135만6706대로 전년 대비 6.4% 줄었고, 해외 판매는 658만4378대로 같은 기간 0.7% 늘었다.",high,N,-,N,0,0,HCX-007,v1.6-early-kosis-context,2026-07-30,완성차 판매량,완성차,2024,Y,2024,,대,대,count,count,item,,N,N,DECLARED_COMPANY_AGGREGATE,유한한 기업 집단이 자체 발표한 실적 합계는 KOSIS 직접값이 아님,REJECT,DECLARED_COMPANY_AGGREGATE,,N,,,,,,,,N,direct,,,,,count,N,N,,
A0029-SPC266C13A00,A0029-SPC266C13A00-m2,A0029,완성차 5사 판매량 3년만에 감소세로...내수 부진에 전기차 캐즘 본격화,2025-01-03,https://www.chosun.com/economy/auto/2025/01/03/N4AM2ZKHUBDXHOEEKGPMWO4Y2U,"국내 판매는 135만6706대로 전년 대비 6.4% 줄었고, 해외 판매는 658만4378대로 같은 기간 0.7% 늘었다.","국내 완성차 5사(현대차, 기아, GM 한국사업장, KG모빌리티, 르노코리아)는 작년 794만7170대를 국내외에 판매했다고 3일 밝혔다.","작년 완성차 5사의 국내 판매는 하반기 신차를 낸 르노코리아를 제외하고 일제히 줄었다. 고금리 속 경기 침체가 심화됐고, 충전 불편과 비싼 가격을 이유로 전기차 수요가 주춤한 영향이다.",국내공식통계,Y,소매·소비,완성차 판매량 증감률,"완성차, 판매량, 내수, 전기차, 캐즘",-,,,완성차,-,-,-,2024,-,Y,확정,6.4%,KOSIS_VALUE,hcx,완성차 판매량 증감률,완성차,2024,Y,hcx,증감률,6.4,-,-,N,%,증감률,감소,전년,"[검증 대상 문장] 국내 판매는 135만6706대로 전년 대비 6.4% 줄었고, 해외 판매는 658만4378대로 같은 기간 0.7% 늘었다.",high,N,-,N,0,0,HCX-007,v1.6-early-kosis-context,2026-07-30,완성차 판매량,완성차,2024,Y,2024,CHANGE_RATE_FROM_TEXT,%,%,rate,rate_change,item,2023,N,N,DECLARED_COMPANY_AGGREGATE,유한한 기업 집단이 자체 발표한 실적 합계는 KOSIS 직접값이 아님,REJECT,DECLARED_COMPANY_AGGREGATE,,N,,,,,,,,N,direct,,,,,rate,N,N,,
A0029-SPC266C13A00,A0029-SPC266C13A00-m3,A0029,완성차 5사 판매량 3년만에 감소세로...내수 부진에 전기차 캐즘 본격화,2025-01-03,https://www.chosun.com/economy/auto/2025/01/03/N4AM2ZKHUBDXHOEEKGPMWO4Y2U,"국내 판매는 135만6706대로 전년 대비 6.4% 줄었고, 해외 판매는 658만4378대로 같은 기간 0.7% 늘었다.","국내 완성차 5사(현대차, 기아, GM 한국사업장, KG모빌리티, 르노코리아)는 작년 794만7170대를 국내외에 판매했다고 3일 밝혔다.","작년 완성차 5사의 국내 판매는 하반기 신차를 낸 르노코리아를 제외하고 일제히 줄었다. 고금리 속 경기 침체가 심화됐고, 충전 불편과 비싼 가격을 이유로 전기차 수요가 주춤한 영향이다.",국내공식통계,Y,소매·소비,완성차 판매량,"완성차, 판매량, 내수, 전기차, 캐즘",-,,,완성차,-,-,-,2024,-,Y,확정,658만4378대,KOSIS_VALUE,hcx,완성차 판매량,완성차,2024,Y,hcx,현재값,6584378,-,-,N,대,수준값,증가,전년,"[검증 대상 문장] 국내 판매는 135만6706대로 전년 대비 6.4% 줄었고, 해외 판매는 658만4378대로 같은 기간 0.7% 늘었다.",high,N,-,N,0,0,HCX-007,v1.6-early-kosis-context,2026-07-30,완성차 판매량,완성차,2024,Y,2024,,대,대,count,count,item,,N,N,DECLARED_COMPANY_AGGREGATE,유한한 기업 집단이 자체 발표한 실적 합계는 KOSIS 직접값이 아님,REJECT,DECLARED_COMPANY_AGGREGATE,,N,,,,,,,,N,direct,,,,,count,N,N,,
A0029-SPC266C13A00,A0029-SPC266C13A00-m4,A0029,완성차 5사 판매량 3년만에 감소세로...내수 부진에 전기차 캐즘 본격화,2025-01-03,https://www.chosun.com/economy/auto/2025/01/03/N4AM2ZKHUBDXHOEEKGPMWO4Y2U,"국내 판매는 135만6706대로 전년 대비 6.4% 줄었고, 해외 판매는 658만4378대로 같은 기간 0.7% 늘었다.","국내 완성차 5사(현대차, 기아, GM 한국사업장, KG모빌리티, 르노코리아)는 작년 794만7170대를 국내외에 판매했다고 3일 밝혔다.","작년 완성차 5사의 국내 판매는 하반기 신차를 낸 르노코리아를 제외하고 일제히 줄었다. 고금리 속 경기 침체가 심화됐고, 충전 불편과 비싼 가격을 이유로 전기차 수요가 주춤한 영향이다.",국내공식통계,Y,소매·소비,완성차 판매량 증감률,"완성차, 판매량, 내수, 전기차, 캐즘",-,,,완성차,-,-,-,2024,-,Y,확정,0.7%,KOSIS_VALUE,hcx,완성차 판매량 증감률,완성차,2024,Y,hcx,증감률,0.7,-,-,N,%,증감률,증가,전년,"[검증 대상 문장] 국내 판매는 135만6706대로 전년 대비 6.4% 줄었고, 해외 판매는 658만4378대로 같은 기간 0.7% 늘었다.",high,N,-,N,0,0,HCX-007,v1.6-early-kosis-context,2026-07-30,완성차 판매량,완성차,2024,Y,2024,CHANGE_RATE_FROM_TEXT,%,%,rate,rate_change,item,2023,N,N,DECLARED_COMPANY_AGGREGATE,유한한 기업 집단이 자체 발표한 실적 합계는 KOSIS 직접값이 아님,REJECT,DECLARED_COMPANY_AGGREGATE,,N,,,,,,,,N,direct,,,,,rate,N,N,,
A0029-SPEA449CDED3,A0029-SPEA449CDED3-m1,A0029,완성차 5사 판매량 3년만에 감소세로...내수 부진에 전기차 캐즘 본격화,2025-01-03,https://www.chosun.com/economy/auto/2025/01/03/N4AM2ZKHUBDXHOEEKGPMWO4Y2U,"현대차는 지난해 판매량이 414만 1791대로, 2023년 대비 1.8% 감소했다.","작년 완성차 5사의 국내 판매는 하반기 신차를 낸 르노코리아를 제외하고 일제히 줄었다. 고금리 속 경기 침체가 심화됐고, 충전 불편과 비싼 가격을 이유로 전기차 수요가 주춤한 영향이다.","해외 판매가 0.5% 줄었고, 국내 판매가 7.5% 급감했다.",국내공식통계,Y,소매·소비,완성차 판매량,"완성차, 판매량, 감소세, 내수, 전기차, 캐즘",-,,,완성차,-,-,-,2024,-,Y,확정,414만 1791대,KOSIS_VALUE,hcx,완성차 판매량,완성차,2024,Y,hcx,현재값,1791,-,-,N,대,수준값,감소,전년,"현대차는 지난해 판매량이 414만 1791대로, 2023년 대비 1.8% 감소했다.",high,N,-,Y,0,0,HCX-007,v1.6-early-kosis-context,2026-07-30,완성차 판매량,완성차,2024,Y,2024,RELATIVE_YEAR_FROM_ARTICLE_DATE,대,대,count,count,item,,N,N,SINGLE_COMPANY_METRIC,'현대차'가 주장의 주체 — 개별 기업 실적이지 산업 집계가 아님,REJECT,SINGLE_COMPANY_METRIC,,N,,,,,SINGLE_COMPANY_METRIC,'현대차'가 주장의 주체 — 개별 기업 실적이지 산업 집계가 아님,REJECT,Y,direct,,,,,count,N,N,,
A0029-SPEA449CDED3,A0029-SPEA449CDED3-m2,A0029,완성차 5사 판매량 3년만에 감소세로...내수 부진에 전기차 캐즘 본격화,2025-01-03,https://www.chosun.com/economy/auto/2025/01/03/N4AM2ZKHUBDXHOEEKGPMWO4Y2U,"현대차는 지난해 판매량이 414만 1791대로, 2023년 대비 1.8% 감소했다.","작년 완성차 5사의 국내 판매는 하반기 신차를 낸 르노코리아를 제외하고 일제히 줄었다. 고금리 속 경기 침체가 심화됐고, 충전 불편과 비싼 가격을 이유로 전기차 수요가 주춤한 영향이다.","해외 판매가 0.5% 줄었고, 국내 판매가 7.5% 급감했다.",국내공식통계,Y,소매·소비,완성차 판매량 증감률,"완성차, 판매량, 감소세, 내수, 전기차, 캐즘",-,,,완성차,-,-,-,2024,-,Y,확정,1.8%,KOSIS_VALUE,hcx,완성차 판매량 증감률,완성차,2023,Y,hcx,증감률,1.8,-,-,N,%,증감률,감소,전년,"현대차는 지난해 판매량이 414만 1791대로, 2023년 대비 1.8% 감소했다.",high,N,-,Y,0,0,HCX-007,v1.6-early-kosis-context,2026-07-30,완성차 판매량,완성차,2024,Y,2023,RELATIVE_YEAR_FROM_ARTICLE_DATE|CHANGE_RATE_FROM_TEXT,%,%,rate,rate_change,item,2023,N,N,SINGLE_COMPANY_METRIC,'현대차'가 주장의 주체 — 개별 기업 실적이지 산업 집계가 아님,REJECT,SINGLE_COMPANY_METRIC,,N,,,,,SINGLE_COMPANY_METRIC,'현대차'가 주장의 주체 — 개별 기업 실적이지 산업 집계가 아님,REJECT,Y,,,DERIVED_VALUE_REQUIRES_COMPUTATION,증감값은 직접 공표 ITEM 확인 또는 수준값 재계산 필요,,rate,Y,N,,direct|rate_from_level
A0029-SPD56DA1F73A,A0029-SPD56DA1F73A-m1,A0029,완성차 5사 판매량 3년만에 감소세로...내수 부진에 전기차 캐즘 본격화,2025-01-03,https://www.chosun.com/economy/auto/2025/01/03/N4AM2ZKHUBDXHOEEKGPMWO4Y2U,작년 국내에서 현대차의 전기차 판매량은 1년 전보다 27.7%나 줄었다.,"해외 판매가 0.5% 줄었고, 국내 판매가 7.5% 급감했다.",기아는 작년 국내외에서 308만 9457대를 팔아 최고 판매 실적을 올린 2023년(308만7384대) 기록을 소폭 웃돌았다.,국내공식통계,N,소매·소비,전기차 판매량,"완성차, 판매량, 전기차, 캐즘, 내수",-,,,전기차,-,-,-,2024,-,Y,확정,27.7%,KOSIS_VALUE,hcx,전기차 판매량,전기차,2024,Y,hcx,증감률,27.7,-,-,N,%,증감률,감소,전년,작년 국내에서 현대차의 전기차 판매량은 1년 전보다 27.7%나 줄었다.,high,N,-,Y,0,0,HCX-007,v1.6-early-kosis-context,2026-07-30,전기차 판매량 증감률,전기차,2024,Y,2024,RELATIVE_YEAR_FROM_ARTICLE_DATE|CHANGE_RATE_FROM_TEXT,%,%,rate,rate_change,item,2023,N,N,SINGLE_COMPANY_METRIC,'현대차'가 주장의 주체 — 개별 기업 실적이지 산업 집계가 아님,REJECT,SINGLE_COMPANY_METRIC,,N,,,,,SINGLE_COMPANY_METRIC,'현대차'가 주장의 주체 — 개별 기업 실적이지 산업 집계가 아님,REJECT,Y,,,DERIVED_VALUE_REQUIRES_COMPUTATION,증감값은 직접 공표 ITEM 확인 또는 수준값 재계산 필요,,rate,Y,N,,direct|rate_from_level
A0029-SPD56DA1F73A,A0029-SPD56DA1F73A-m2,A0029,완성차 5사 판매량 3년만에 감소세로...내수 부진에 전기차 캐즘 본격화,2025-01-03,https://www.chosun.com/economy/auto/2025/01/03/N4AM2ZKHUBDXHOEEKGPMWO4Y2U,작년 국내에서 현대차의 전기차 판매량은 1년 전보다 27.7%나 줄었다.,"해외 판매가 0.5% 줄었고, 국내 판매가 7.5% 급감했다.",기아는 작년 국내외에서 308만 9457대를 팔아 최고 판매 실적을 올린 2023년(308만7384대) 기록을 소폭 웃돌았다.,국내공식통계,N,소매·소비,기간,"완성차, 판매량, 전기차, 캐즘, 내수",-,,,전기차,-,-,-,2024,-,Y,확정,1년,CONTEXT,hcx,기간,전기차,2024,Y,hcx,참고값,1,-,-,N,년,수준값,감소,,작년 국내에서 현대차의 전기차 판매량은 1년 전보다 27.7%나 줄었다.,high,N,-,Y,0,0,HCX-007,v1.6-early-kosis-context,2026-07-30,전기차 판매량 증감률,전기차,2024,Y,2024,RELATIVE_YEAR_FROM_ARTICLE_DATE,년,년,duration,condition,item,,N,N,NOT_KOSIS_VALUE,measurement_usage=CONTEXT,REJECT,NOT_KOSIS_VALUE,,N,,,,,SINGLE_COMPANY_METRIC,'현대차'가 주장의 주체 — 개별 기업 실적이지 산업 집계가 아님,REJECT,Y,direct,,,,,duration,N,N,,
A0029-SPE90A2C2B22,A0029-SPE90A2C2B22-m1,A0029,완성차 5사 판매량 3년만에 감소세로...내수 부진에 전기차 캐즘 본격화,2025-01-03,https://www.chosun.com/economy/auto/2025/01/03/N4AM2ZKHUBDXHOEEKGPMWO4Y2U,기아는 작년 국내외에서 308만 9457대를 팔아 최고 판매 실적을 올린 2023년(308만7384대) 기록을 소폭 웃돌았다.,작년 국내에서 현대차의 전기차 판매량은 1년 전보다 27.7%나 줄었다.,"해외 판매가 1% 늘었지만, 국내 판매량은 4.2% 줄었다.",국내공식통계,Y,소매·소비,판매량,"완성차, 판매량, 감소세, 내수, 전기차, 캐즘",-,,,기아,-,-,-,2024,-,Y,확정,308만 9457대,KOSIS_VALUE,hcx,판매량,기아,2024,Y,hcx,현재값,9457,-,-,N,대,수준값,-,전년,기아는 작년 국내외에서 308만 9457대를 팔아 최고 판매 실적을 올린 2023년(308만7384대) 기록을 소폭 웃돌았다.,high,N,-,Y,0,0,HCX-007,v1.6-early-kosis-context,2026-07-30,판매량,자동차,2024,Y,2024,RELATIVE_YEAR_FROM_ARTICLE_DATE,대,대,count,count,item,,N,N,SINGLE_COMPANY_METRIC,'기아'가 주장의 주체 — 개별 기업 실적이지 산업 집계가 아님,REJECT,SINGLE_COMPANY_METRIC,,N,,,,,SINGLE_COMPANY_METRIC,'기아'가 주장의 주체 — 개별 기업 실적이지 산업 집계가 아님,REJECT,Y,direct,,,,,count,N,N,,
A0029-SPE90A2C2B22,A0029-SPE90A2C2B22-m2,A0029,완성차 5사 판매량 3년만에 감소세로...내수 부진에 전기차 캐즘 본격화,2025-01-03,https://www.chosun.com/economy/auto/2025/01/03/N4AM2ZKHUBDXHOEEKGPMWO4Y2U,기아는 작년 국내외에서 308만 9457대를 팔아 최고 판매 실적을 올린 2023년(308만7384대) 기록을 소폭 웃돌았다.,작년 국내에서 현대차의 전기차 판매량은 1년 전보다 27.7%나 줄었다.,"해외 판매가 1% 늘었지만, 국내 판매량은 4.2% 줄었다.",국내공식통계,Y,소매·소비,판매량,"완성차, 판매량, 감소세, 내수, 전기차, 캐즘",-,,,기아,-,-,-,2024,-,Y,확정,308만7384대,KOSIS_VALUE,hcx,판매량,기아,2023,Y,hcx,이전값,3087384,-,-,N,대,수준값,증가,전년,기아는 작년 국내외에서 308만 9457대를 팔아 최고 판매 실적을 올린 2023년(308만7384대) 기록을 소폭 웃돌았다.,high,N,-,Y,0,0,HCX-007,v1.6-early-kosis-context,2026-07-30,판매량,자동차,2024,Y,2023,RELATIVE_YEAR_FROM_ARTICLE_DATE,대,대,count,count,item,,N,N,SINGLE_COMPANY_METRIC,'기아'가 주장의 주체 — 개별 기업 실적이지 산업 집계가 아님,REJECT,SINGLE_COMPANY_METRIC,,N,,,,,SINGLE_COMPANY_METRIC,'기아'가 주장의 주체 — 개별 기업 실적이지 산업 집계가 아님,REJECT,Y,direct,,,,,count,N,N,,
A0029-SP9055A626CA,A0029-SP9055A626CA-m1,A0029,완성차 5사 판매량 3년만에 감소세로...내수 부진에 전기차 캐즘 본격화,2025-01-03,https://www.chosun.com/economy/auto/2025/01/03/N4AM2ZKHUBDXHOEEKGPMWO4Y2U,GM 한국사업장(-35.9%)과 KG모빌리티(-25.7%)도 내수 판매가 급감했다.,"해외 판매가 1% 늘었지만, 국내 판매량은 4.2% 줄었다.",2023년 역대 최고 실적을 달성했던 수출도 성장세가 꺾였다.,국내공식통계,N,소매·소비,판매량 변화율,"완성차, 판매량, 내수, 전기차, 캐즘, 감소세, 부진",-,,,GM 한국사업장,-,-,-,2024,-,Y,확정,35.9%,KOSIS_VALUE,hcx,판매량 변화율,GM 한국사업장,2024,Y,hcx,현재값,35.9,-,-,N,%,비중,감소,전년,GM 한국사업장(-35.9%)과 KG모빌리티(-25.7%)도 내수 판매가 급감했다.,high,N,-,N,0,0,HCX-007,v1.6-early-kosis-context,2026-07-30,완성차 판매량,"GM 한국사업장, KG모빌리티",2024,Y,2024,,%,%,rate,rate_level,item,,N,N,ENUMERATED_COMPANIES,"개별 기업 2곳(gm 한국사업장, kg모빌리티) 합계 — 산업 집계와 정의가 다름",REJECT,ENUMERATED_COMPANIES,,N,,,,,ENUMERATED_COMPANIES,"개별 기업 2곳(gm 한국사업장, kg모빌리티) 합계 — 산업 집계와 정의가 다름",REJECT,Y,direct,,,,,rate,N,N,,
A0029-SP9055A626CA,A0029-SP9055A626CA-m2,A0029,완성차 5사 판매량 3년만에 감소세로...내수 부진에 전기차 캐즘 본격화,2025-01-03,https://www.chosun.com/economy/auto/2025/01/03/N4AM2ZKHUBDXHOEEKGPMWO4Y2U,GM 한국사업장(-35.9%)과 KG모빌리티(-25.7%)도 내수 판매가 급감했다.,"해외 판매가 1% 늘었지만, 국내 판매량은 4.2% 줄었다.",2023년 역대 최고 실적을 달성했던 수출도 성장세가 꺾였다.,국내공식통계,N,소매·소비,판매량 변화율,"완성차, 판매량, 내수, 전기차, 캐즘, 감소세, 부진",-,,,KG모빌리티,-,-,-,2024,-,Y,확정,25.7%,KOSIS_VALUE,hcx,판매량 변화율,KG모빌리티,2024,Y,hcx,현재값,25.7,-,-,N,%,비중,감소,전년,GM 한국사업장(-35.9%)과 KG모빌리티(-25.7%)도 내수 판매가 급감했다.,high,N,-,N,0,0,HCX-007,v1.6-early-kosis-context,2026-07-30,완성차 판매량,"GM 한국사업장, KG모빌리티",2024,Y,2024,,%,%,rate,rate_level,item,,N,N,ENUMERATED_COMPANIES,"개별 기업 2곳(gm 한국사업장, kg모빌리티) 합계 — 산업 집계와 정의가 다름",REJECT,ENUMERATED_COMPANIES,,N,,,,,ENUMERATED_COMPANIES,"개별 기업 2곳(gm 한국사업장, kg모빌리티) 합계 — 산업 집계와 정의가 다름",REJECT,Y,direct,,,,,rate,N,N,,
A0029-SPCB2FA82D0E,A0029-SPCB2FA82D0E-m1,A0029,완성차 5사 판매량 3년만에 감소세로...내수 부진에 전기차 캐즘 본격화,2025-01-03,https://www.chosun.com/economy/auto/2025/01/03/N4AM2ZKHUBDXHOEEKGPMWO4Y2U,지난해 GM 한국사업장은 해외에 2023년 대비 10.6% 증가한 47만 4735대를 판매했다.,2023년 역대 최고 실적을 달성했던 수출도 성장세가 꺾였다.,KG모빌리티도 같은 기간 18.2% 늘어난 6만 2378대를 수출했다.,국내공식통계,N,무역,해외 판매 증가율,"완성차, 판매량, 수출, 내수, 전기차, 캐즘",-,,,GM 한국사업장,-,-,-,2024,-,Y,확정,10.6%,KOSIS_VALUE,hcx,해외 판매 증가율,GM 한국사업장,2023,Y,hcx,증감률,10.6,-,-,N,%,증감률,증가,전년,지난해 GM 한국사업장은 해외에 2023년 대비 10.6% 증가한 47만 4735대를 판매했다.,high,N,-,Y,0,0,HCX-007,v1.6-early-kosis-context,2026-07-30,해외 판매 대수,자동차,2024,Y,2023,RELATIVE_YEAR_FROM_ARTICLE_DATE|CHANGE_RATE_FROM_TEXT,%,%,rate,rate_change,item,2023,N,N,SINGLE_COMPANY_METRIC,'gm 한국사업장'가 주장의 주체 — 개별 기업 실적이지 산업 집계가 아님,REJECT,SINGLE_COMPANY_METRIC,,N,,,,,SINGLE_COMPANY_METRIC,'gm 한국사업장'가 주장의 주체 — 개별 기업 실적이지 산업 집계가 아님,REJECT,Y,,,DERIVED_VALUE_REQUIRES_COMPUTATION,증감값은 직접 공표 ITEM 확인 또는 수준값 재계산 필요,,rate,Y,N,,direct|rate_from_level
A0029-SPCB2FA82D0E,A0029-SPCB2FA82D0E-m2,A0029,완성차 5사 판매량 3년만에 감소세로...내수 부진에 전기차 캐즘 본격화,2025-01-03,https://www.chosun.com/economy/auto/2025/01/03/N4AM2ZKHUBDXHOEEKGPMWO4Y2U,지난해 GM 한국사업장은 해외에 2023년 대비 10.6% 증가한 47만 4735대를 판매했다.,2023년 역대 최고 실적을 달성했던 수출도 성장세가 꺾였다.,KG모빌리티도 같은 기간 18.2% 늘어난 6만 2378대를 수출했다.,국내공식통계,N,무역,해외 판매 대수,"완성차, 판매량, 수출, 내수, 전기차, 캐즘",-,,,GM 한국사업장,-,-,-,2024,-,Y,확정,47만 4735대,KOSIS_VALUE,hcx,해외 판매 대수,GM 한국사업장,2023,Y,hcx,현재값,4735,-,-,N,대,수준값,증가,전년,지난해 GM 한국사업장은 해외에 2023년 대비 10.6% 증가한 47만 4735대를 판매했다.,high,N,-,Y,0,0,HCX-007,v1.6-early-kosis-context,2026-07-30,해외 판매 대수,자동차,2024,Y,2023,RELATIVE_YEAR_FROM_ARTICLE_DATE,대,대,count,count,item,,N,N,SINGLE_COMPANY_METRIC,'gm 한국사업장'가 주장의 주체 — 개별 기업 실적이지 산업 집계가 아님,REJECT,SINGLE_COMPANY_METRIC,,N,,,,,SINGLE_COMPANY_METRIC,'gm 한국사업장'가 주장의 주체 — 개별 기업 실적이지 산업 집계가 아님,REJECT,Y,direct,,,,,count,N,N,,
A0029-SPDC2DD48E33,A0029-SPDC2DD48E33-m1,A0029,완성차 5사 판매량 3년만에 감소세로...내수 부진에 전기차 캐즘 본격화,2025-01-03,https://www.chosun.com/economy/auto/2025/01/03/N4AM2ZKHUBDXHOEEKGPMWO4Y2U,KG모빌리티도 같은 기간 18.2% 늘어난 6만 2378대를 수출했다.,지난해 GM 한국사업장은 해외에 2023년 대비 10.6% 증가한 47만 4735대를 판매했다.,"반면, 수출 1위인 현대차(-0.5%), 그리고 르노코리아(-18.4%) 판매가 줄면서 전체 수출은 보합세를 보였다.",국내공식통계,N,무역,수출 증가율,"완성차, 판매량, 수출, 내수, 전기차, 캐즘",-,,,,-,-,-,2024,-,Y,확정,18.2%,KOSIS_VALUE,hcx,수출 증가율,,2024,Y,hcx,증감률,18.2,-,-,N,%,증감률,증가,전년,KG모빌리티도 같은 기간 18.2% 늘어난 6만 2378대를 수출했다.,high,N,-,Y,0,0,HCX-007,v1.6-early-kosis-context,2026-07-30,수출 증가율,자동차,2024,Y,2024,CHANGE_RATE_FROM_TEXT,%,%,rate,rate_change,unspecified,2023,N,N,SINGLE_COMPANY_METRIC,'kg모빌리티'가 주장의 주체 — 개별 기업 실적이지 산업 집계가 아님,REJECT,SINGLE_COMPANY_METRIC,,Y,자동차,,,,SINGLE_COMPANY_METRIC,'kg모빌리티'가 주장의 주체 — 개별 기업 실적이지 산업 집계가 아님,REJECT,Y,,,DERIVED_VALUE_REQUIRES_COMPUTATION,증감값은 직접 공표 ITEM 확인 또는 수준값 재계산 필요,,rate,Y,N,,direct|rate_from_level
A0029-SPDC2DD48E33,A0029-SPDC2DD48E33-m2,A0029,완성차 5사 판매량 3년만에 감소세로...내수 부진에 전기차 캐즘 본격화,2025-01-03,https://www.chosun.com/economy/auto/2025/01/03/N4AM2ZKHUBDXHOEEKGPMWO4Y2U,KG모빌리티도 같은 기간 18.2% 늘어난 6만 2378대를 수출했다.,지난해 GM 한국사업장은 해외에 2023년 대비 10.6% 증가한 47만 4735대를 판매했다.,"반면, 수출 1위인 현대차(-0.5%), 그리고 르노코리아(-18.4%) 판매가 줄면서 전체 수출은 보합세를 보였다.",국내공식통계,N,무역,수출량,"완성차, 판매량, 수출, 내수, 전기차, 캐즘",-,,,,-,-,-,2024,-,Y,확정,6만 2378대,KOSIS_VALUE,hcx,수출량,,2024,Y,hcx,현재값,2378,-,-,N,대,수준값,증가,전년,KG모빌리티도 같은 기간 18.2% 늘어난 6만 2378대를 수출했다.,high,N,-,Y,0,0,HCX-007,v1.6-early-kosis-context,2026-07-30,수출 증가율,자동차,2024,Y,2024,,대,대,count,count,unspecified,,N,N,SINGLE_COMPANY_METRIC,'kg모빌리티'가 주장의 주체 — 개별 기업 실적이지 산업 집계가 아님,REJECT,SINGLE_COMPANY_METRIC,,Y,자동차,,,,SINGLE_COMPANY_METRIC,'kg모빌리티'가 주장의 주체 — 개별 기업 실적이지 산업 집계가 아님,REJECT,Y,direct,,,,,count,N,N,,
A0030-SPB5B96FDF75,A0030-SPB5B96FDF75-m1,A0030,은행 선물환 규제 풀어 시장에 달러 공급,2025-01-03,https://www.chosun.com/economy/economy_general/2025/01/03/7FSYM4YTJJEFBNUC6B4JOHW2RE,2일 서울 외환시장에서 달러 대비 원화 환율은 오후 3시 30분 기준 전 거래일보다 5.9원 떨어진 달러당 1466.6원을 기록했다.,"통상 환율은 한 국가의 ‘기초 체력’에 비유되는데, 고환율이 계속되면 가뜩이나 대통령 탄핵 소추로 타격을 입은 한국의 대외 신인도에 악영향을 줄 수 있기 때문이다.",하지만 원화 환율은 지난해 12월 19일 글로벌 금융 위기 이후 15년여 만에 달러당 1450원 선을 넘어서는 등 고공 행진 중이다.,국내공식통계,N,금융·금리,환율 변동폭,"환율, 원화, 달러, 외환시장",-,,,,-,-,-,202501,-,M,확정,5.9원,KOSIS_VALUE,hcx,환율 변동폭,-,202501,M,hcx,현재값,5.9,-,-,N,원,수준값,감소,전월,[검증 대상 문장] 2일 서울 외환시장에서 달러 대비 원화 환율은 오후 3시 30분 기준 전 거래일보다 5.9원 떨어진 달러당 1466.6원을 기록했다.,high,N,-,N,0,0,HCX-007,v1.6-early-kosis-context,2026-07-30,달러 대비 원화 환율,,202501,M,202501,,원,원,currency,amount,unspecified,,N,N,INTRADAY_MARKET_RATE,특정 시각 기준 환율 — KOSIS 는 월·연 평균만 수록,REJECT,INTRADAY_MARKET_RATE,,N,,,,,INTRADAY_MARKET_RATE,특정 시각 기준 환율 — KOSIS 는 월·연 평균만 수록,REJECT,Y,direct,,,,,currency,N,N,,
A0030-SPB5B96FDF75,A0030-SPB5B96FDF75-m2,A0030,은행 선물환 규제 풀어 시장에 달러 공급,2025-01-03,https://www.chosun.com/economy/economy_general/2025/01/03/7FSYM4YTJJEFBNUC6B4JOHW2RE,2일 서울 외환시장에서 달러 대비 원화 환율은 오후 3시 30분 기준 전 거래일보다 5.9원 떨어진 달러당 1466.6원을 기록했다.,"통상 환율은 한 국가의 ‘기초 체력’에 비유되는데, 고환율이 계속되면 가뜩이나 대통령 탄핵 소추로 타격을 입은 한국의 대외 신인도에 악영향을 줄 수 있기 때문이다.",하지만 원화 환율은 지난해 12월 19일 글로벌 금융 위기 이후 15년여 만에 달러당 1450원 선을 넘어서는 등 고공 행진 중이다.,국내공식통계,N,금융·금리,달러 대비 원화 환율,"환율, 원화, 달러, 외환시장",-,,,,-,-,-,202501,-,M,확정,1466.6원,KOSIS_VALUE,hcx,달러 대비 원화 환율,-,202501,M,hcx,현재값,1466.6,-,-,N,원,수준값,유지,전월,[검증 대상 문장] 2일 서울 외환시장에서 달러 대비 원화 환율은 오후 3시 30분 기준 전 거래일보다 5.9원 떨어진 달러당 1466.6원을 기록했다.,high,N,-,N,0,0,HCX-007,v1.6-early-kosis-context,2026-07-30,달러 대비 원화 환율,,202501,M,202501,,원,원,currency,amount,unspecified,,N,N,INTRADAY_MARKET_RATE,특정 시각 기준 환율 — KOSIS 는 월·연 평균만 수록,REJECT,INTRADAY_MARKET_RATE,,N,,,,,INTRADAY_MARKET_RATE,특정 시각 기준 환율 — KOSIS 는 월·연 평균만 수록,REJECT,Y,direct,,,,,currency,N,N,,
A0030-SP2F8863834D,-,A0030,은행 선물환 규제 풀어 시장에 달러 공급,2025-01-03,https://www.chosun.com/economy/economy_general/2025/01/03/7FSYM4YTJJEFBNUC6B4JOHW2RE,"정부는 이에 이날 새해 경제정책 방향에서 ‘대외 신인도 관리’ 방안으로 외환시장의 달러 공급은 늘리고, 수요는 줄여서 원화 환율이 상승하는 압력을 낮추겠다고 했다.","원화 환율은 올해 트럼프발(發) 달러 강세와 탄핵 정국 등 국내 정치 불확실성으로 과거 외환 위기, 금융 위기 때나 봤던 달러당 1500원 선을 넘어설 것이란 우려까지 나오고 있다.",우선 시장의 달러 공급을 늘리기 위해 은행의 선물환 규제를 풀기로 했다.,국내공식통계,N,금융·금리,,-,-,,,,-,-,-,,-,,모호,-,-,-,-,-,-,-,-,,-,-,-,-,,,-,,정부는 새해 경제정책 방향에서 원화 환율 안정을 통한 대외 신인도 관리에 방점을 찍었다.,low,Y,-,N,0,0,HCX-007,v1.6-early-kosis-context,2026-07-30,,,,,,,,,unknown,level,unspecified,,N,N,PLAN_VALUE,계획 표현(겠다고) — 아직 실현되지 않은 값은 실적통계와 대조할 수 없음,REJECT,PLAN_VALUE,,N,,,,,PLAN_VALUE,계획 표현(겠다고) — 아직 실현되지 않은 값은 실적통계와 대조할 수 없음,REJECT,Y,direct,,,,,,N,N,,
A0030-SPB232F0D53E,A0030-SPB232F0D53E-m1,A0030,은행 선물환 규제 풀어 시장에 달러 공급,2025-01-03,https://www.chosun.com/economy/economy_general/2025/01/03/7FSYM4YTJJEFBNUC6B4JOHW2RE,이미 지난달 20일 이 한도를 500억달러에서 650억달러로 확대했다.,또 외환시장에서 달러 수요를 줄이기 위해 한국은행과 국민연금의 외환 스와프(교환) 한도를 늘린다.,"국민연금은 해외투자를 위해 시장에서 달러를 사야 하는데, 이를 외환보유액을 갖고 있는 한국은행과 스와프 형식으로 직거래하면 외환시장에서 달러 수요는 줄게 된다.",해외통계·정책,N,금융·금리,외환스와프 한도,-,-,,,,-,-,-,202412,-,M,확정,500억달러,POLICY_VALUE,hcx,외환스와프 한도,-,202401,M,hcx,이전값,50000000000,-,-,N,달러,수준값,증가,전년동기,[A0030-C011] 이미 지난달 20일 이 한도를 500억달러에서 650억달러로 확대했다.,high,N,-,N,0,0,HCX-007,v1.6-early-kosis-context,2026-07-30,외환스와프 한도,,202501,M,202401,PREVIOUS_MONTH_FROM_ARTICLE_DATE,달러,달러,currency,amount,unspecified,,N,N,NOT_KOSIS_VALUE,measurement_usage=POLICY_VALUE,REJECT,NOT_KOSIS_VALUE,,N,,,,,POLICY_PARAMETER,제도 규정값(한도)은 통계 수치가 아님,REJECT,Y,direct,,,,,currency,N,N,,
A0030-SPB232F0D53E,A0030-SPB232F0D53E-m2,A0030,은행 선물환 규제 풀어 시장에 달러 공급,2025-01-03,https://www.chosun.com/economy/economy_general/2025/01/03/7FSYM4YTJJEFBNUC6B4JOHW2RE,이미 지난달 20일 이 한도를 500억달러에서 650억달러로 확대했다.,또 외환시장에서 달러 수요를 줄이기 위해 한국은행과 국민연금의 외환 스와프(교환) 한도를 늘린다.,"국민연금은 해외투자를 위해 시장에서 달러를 사야 하는데, 이를 외환보유액을 갖고 있는 한국은행과 스와프 형식으로 직거래하면 외환시장에서 달러 수요는 줄게 된다.",해외통계·정책,N,금융·금리,외환스와프 한도,-,-,,,,-,-,-,202412,-,M,확정,650억달러,POLICY_VALUE,hcx,외환스와프 한도,-,202501,M,hcx,현재값,65000000000,-,-,N,달러,수준값,증가,전월,[A0030-C011] 이미 지난달 20일 이 한도를 500억달러에서 650억달러로 확대했다.,high,N,-,N,0,0,HCX-007,v1.6-early-kosis-context,2026-07-30,외환스와프 한도,,202501,M,202501,PREVIOUS_MONTH_FROM_ARTICLE_DATE,달러,달러,currency,amount,unspecified,,N,N,NOT_KOSIS_VALUE,measurement_usage=POLICY_VALUE,REJECT,NOT_KOSIS_VALUE,,N,,,,,POLICY_PARAMETER,제도 규정값(한도)은 통계 수치가 아님,REJECT,Y,direct,,,,,currency,N,N,,
A0030-SPEEE9A1B90C,A0030-SPEEE9A1B90C-m1,A0030,은행 선물환 규제 풀어 시장에 달러 공급,2025-01-03,https://www.chosun.com/economy/economy_general/2025/01/03/7FSYM4YTJJEFBNUC6B4JOHW2RE,이에 정부는 수출 기업에 역대 최대 규모인 360조원의 무역금융을 공급해 대응한다는 방침이다.,한편 이달 20일 도널드 트럼프 미국 대통령이 취임하면 관세 추가 부과 등으로 통상 관련 불확실성이 커져 원화 환율이 더 오를 수 있다.,기업들은 대출금리 연 최대,국내공식통계,N,금융·금리,무역금융 지원,달러; 환율; 은행; 선물환; 공급; 규제; 시장; 원화,-,,,,-,-,-,,-,,모호,360조원,POLICY_VALUE,hcx,무역금융 지원,-,-,-,hcx,목표값,360000000000000,-,-,N,원,수준값,-,,[검증 대상 문장] 이에 정부는 수출 기업에 역대 최대 규모인 360조원의 무역금융을 공급해 대응한다는 방침이다.,high,N,-,N,0,0,HCX-007,v1.6-early-kosis-context,2026-07-30,무역금융 지원,,,,,,원,원,currency,amount,unspecified,,N,N,NOT_KOSIS_VALUE,measurement_usage=POLICY_VALUE,REJECT,NOT_KOSIS_VALUE,,N,,,,,,,,N,direct,,,,,currency,N,N,,
A0031-SP3E8723A711,A0031-SP3E8723A711-m1,A0031,"추락하는 성장률, 내수 살려 떠받친다",2025-01-03,https://www.chosun.com/economy/economy_general/2025/01/03/FS5OTJUQ7RC5JIPD2GEHE7U47Q,"미국 트럼프 정부 출범과 내수 부진 장기화, 탄핵 정국 등 겹겹의 불확실성에 노출된 한국 경제가 올해 1.8% 성장할 것으로 정부가 공식 전망했다.",-,"약 2%로 추정되는 잠재 성장률(물가를 자극하지 않으면서 달성할 수 있는 성장률)을 밑도는 저(低)성장으로, 작년 7월 발표했던 올해 전망치(2.2%)보다 0.4%포인트 낮다.",국내공식통계,N,생산·산업,성장률,"한국 경제, 성장률, 내수, 전망치, 잠재 성장률",-,,,,-,-,-,2025,-,Y,확정,1.8%,KOSIS_VALUE,hcx,성장률,-,2025,Y,hcx,현재값,1.8,-,-,N,%,수준값,유지,전년,"미국 트럼프 정부 출범과 내수 부진 장기화, 탄핵 정국 등 겹겹의 불확실성에 노출된 한국 경제가 올해 1.8% 성장할 것으로 정부가 공식 전망했다.",high,N,-,N,0,0,HCX-007,v1.6-early-kosis-context,2026-07-30,성장률,,2025,Y,2025,RELATIVE_YEAR_FROM_ARTICLE_DATE,%,%,rate,rate_level,unspecified,,N,N,FORECAST_VALUE,전망 표현(전망) — 아직 실현되지 않은 값은 실적통계와 대조할 수 없음,REJECT,FORECAST_VALUE,,N,,,,,FORECAST_VALUE,전망 표현(전망) — 아직 실현되지 않은 값은 실적통계와 대조할 수 없음,REJECT,Y,direct,,,,,rate,N,N,,
A0031-SPDDF4498585,A0031-SPDDF4498585-m1,A0031,"추락하는 성장률, 내수 살려 떠받친다",2025-01-03,https://www.chosun.com/economy/economy_general/2025/01/03/FS5OTJUQ7RC5JIPD2GEHE7U47Q,"약 2%로 추정되는 잠재 성장률(물가를 자극하지 않으면서 달성할 수 있는 성장률)을 밑도는 저(低)성장으로, 작년 7월 발표했던 올해 전망치(2.2%)보다 0.4%포인트 낮다.","미국 트럼프 정부 출범과 내수 부진 장기화, 탄핵 정국 등 겹겹의 불확실성에 노출된 한국 경제가 올해 1.8% 성장할 것으로 정부가 공식 전망했다.",정부는 정치적 혼란 때문에 ‘저성장 쇼크’가 더 악화되지 않도록 경제정책의 초점을 ‘상반기 경기 방어’에 맞추기로 했다.,국내공식통계,N,생산·산업,잠재 성장률,"성장률, 내수, 잠재 성장률, 전망치",-,,,,-,-,-,2025,-,Y,확정,2%,KOSIS_VALUE,hcx,잠재 성장률,-,2025,Y,hcx,현재값,2,-,-,Y,%,수준값,유지,전년,"약 2%로 추정되는 잠재 성장률(물가를 자극하지 않으면서 달성할 수 있는 성장률)을 밑도는 저(低)성장으로, 작년 7월 발표했던 올해 전망치(2.2%)보다 0.4%포인트 낮다.",high,N,-,N,0,0,HCX-007,v1.6-early-kosis-context,2026-07-30,잠재 성장률,,2025,Y,2025,,%,%,rate,rate_level,unspecified,,N,N,FORECAST_VALUE,전망 표현(전망) — 아직 실현되지 않은 값은 실적통계와 대조할 수 없음,REJECT,FORECAST_VALUE,,N,,,,,FORECAST_VALUE,전망 표현(전망) — 아직 실현되지 않은 값은 실적통계와 대조할 수 없음,REJECT,Y,direct,,,,,rate,N,N,,
A0031-SPDDF4498585,A0031-SPDDF4498585-m2,A0031,"추락하는 성장률, 내수 살려 떠받친다",2025-01-03,https://www.chosun.com/economy/economy_general/2025/01/03/FS5OTJUQ7RC5JIPD2GEHE7U47Q,"약 2%로 추정되는 잠재 성장률(물가를 자극하지 않으면서 달성할 수 있는 성장률)을 밑도는 저(低)성장으로, 작년 7월 발표했던 올해 전망치(2.2%)보다 0.4%포인트 낮다.","미국 트럼프 정부 출범과 내수 부진 장기화, 탄핵 정국 등 겹겹의 불확실성에 노출된 한국 경제가 올해 1.8% 성장할 것으로 정부가 공식 전망했다.",정부는 정치적 혼란 때문에 ‘저성장 쇼크’가 더 악화되지 않도록 경제정책의 초점을 ‘상반기 경기 방어’에 맞추기로 했다.,국내공식통계,N,생산·산업,올해 전망치,"성장률, 내수, 잠재 성장률, 전망치",-,,,,-,-,-,2024,-,Y,확정,2.2%,KOSIS_VALUE,hcx,올해 전망치,-,2025,Y,hcx,현재값,2.2,-,-,N,%,수준값,감소,전년동기,"약 2%로 추정되는 잠재 성장률(물가를 자극하지 않으면서 달성할 수 있는 성장률)을 밑도는 저(低)성장으로, 작년 7월 발표했던 올해 전망치(2.2%)보다 0.4%포인트 낮다.",high,N,-,N,0,0,HCX-007,v1.6-early-kosis-context,2026-07-30,잠재 성장률,,2025,Y,2025,RELATIVE_YEAR_MONTH_FROM_ARTICLE_DATE,%,%,rate,level,unspecified,,N,N,FORECAST_VALUE,전망 표현(전망) — 아직 실현되지 않은 값은 실적통계와 대조할 수 없음,REJECT,FORECAST_VALUE,,N,,,,,FORECAST_VALUE,전망 표현(전망) — 아직 실현되지 않은 값은 실적통계와 대조할 수 없음,REJECT,Y,direct,,,,,rate,N,N,,
A0031-SPDDF4498585,A0031-SPDDF4498585-m3,A0031,"추락하는 성장률, 내수 살려 떠받친다",2025-01-03,https://www.chosun.com/economy/economy_general/2025/01/03/FS5OTJUQ7RC5JIPD2GEHE7U47Q,"약 2%로 추정되는 잠재 성장률(물가를 자극하지 않으면서 달성할 수 있는 성장률)을 밑도는 저(低)성장으로, 작년 7월 발표했던 올해 전망치(2.2%)보다 0.4%포인트 낮다.","미국 트럼프 정부 출범과 내수 부진 장기화, 탄핵 정국 등 겹겹의 불확실성에 노출된 한국 경제가 올해 1.8% 성장할 것으로 정부가 공식 전망했다.",정부는 정치적 혼란 때문에 ‘저성장 쇼크’가 더 악화되지 않도록 경제정책의 초점을 ‘상반기 경기 방어’에 맞추기로 했다.,국내공식통계,N,생산·산업,성장률 변화폭,"성장률, 내수, 잠재 성장률, 전망치",-,,,,-,-,-,2024,-,Y,확정,0.4%,KOSIS_VALUE,hcx,성장률 변화폭,-,2025,Y,hcx,증감값,0.4,-,-,N,%p,증감률,감소,전년동기,"약 2%로 추정되는 잠재 성장률(물가를 자극하지 않으면서 달성할 수 있는 성장률)을 밑도는 저(低)성장으로, 작년 7월 발표했던 올해 전망치(2.2%)보다 0.4%포인트 낮다.",high,N,-,N,0,0,HCX-007,v1.6-early-kosis-context,2026-07-30,잠재 성장률,,2025,Y,2025,RELATIVE_YEAR_MONTH_FROM_ARTICLE_DATE,%,%p,rate,absolute_change,unspecified,2023,N,N,FORECAST_VALUE,전망 표현(전망) — 아직 실현되지 않은 값은 실적통계와 대조할 수 없음,REJECT,FORECAST_VALUE,,N,,,,,FORECAST_VALUE,전망 표현(전망) — 아직 실현되지 않은 값은 실적통계와 대조할 수 없음,REJECT,Y,,,DERIVED_VALUE_REQUIRES_COMPUTATION,증감값은 직접 공표 ITEM 확인 또는 수준값 재계산 필요,,rate,Y,N,,direct|difference_from_level
A0031-SP9D49531F52,A0031-SP9D49531F52-m1,A0031,"추락하는 성장률, 내수 살려 떠받친다",2025-01-03,https://www.chosun.com/economy/economy_general/2025/01/03/FS5OTJUQ7RC5JIPD2GEHE7U47Q,"신차(新車) 구매 시 개별소비세 인하(세율 5%→3.5%)를 1년 반 만에 부활해 상반기에 한시 적용하고, 85조원 규모의 새해 민생·경기 사업 예산 중 40%(34조원) 이상을 1분기(1~3월) 안으로 집행하는 등 ‘급한 불’을 끄겠다는 것이다.",정부는 정치적 혼란 때문에 ‘저성장 쇼크’가 더 악화되지 않도록 경제정책의 초점을 ‘상반기 경기 방어’에 맞추기로 했다.,또 상반기에 소비를 늘린 금액에 대해 20%를 소득공제해주기로 했다.,국내공식통계,N,재정·조세,개별소비세율,"개별소비세, 인하, 신차 구매, 민생·경기 사업 예산, 소득공제",-,,,,-,-,-,2024,-,Y,확정,5%,KOSIS_VALUE,hcx,개별소비세율,-,2024,Y,hcx,증감률,5,-,-,N,%,증감률,감소,전년,"정부는 정치적 혼란 때문에 ‘저성장 쇼크’가 더 악화되지 않도록 경제정책의 초점을 ‘상반기 경기 방어’에 맞추기로 했다. 신차(新車) 구매 시 개별소비세 인하(세율 5%→3.5%)를 1년 반 만에 부활해 상반기에 한시 적용하고, 85조원 규모의 새해 민생·경기 사업 예산 중 40%(34조원) 이상을 1분기(1~3월) 안으로 집행하는 등 ‘급한 불’을 끄겠다는 것이다.",high,N,-,Y,0,0,HCX-007,v1.6-early-kosis-context,2026-07-30,개별소비세 인하 효과,,2025Q1,Q,2024,,%,%,rate,rate_change,unspecified,2023,N,N,POLICY_PARAMETER,제도 규정값(세율)은 통계 수치가 아님,REJECT,POLICY_PARAMETER,,N,,,,,POLICY_PARAMETER,제도 규정값(세율)은 통계 수치가 아님,REJECT,Y,,,DERIVED_VALUE_REQUIRES_COMPUTATION,증감값은 직접 공표 ITEM 확인 또는 수준값 재계산 필요,,rate,Y,N,,direct|rate_from_level
A0031-SP9D49531F52,A0031-SP9D49531F52-m2,A0031,"추락하는 성장률, 내수 살려 떠받친다",2025-01-03,https://www.chosun.com/economy/economy_general/2025/01/03/FS5OTJUQ7RC5JIPD2GEHE7U47Q,"신차(新車) 구매 시 개별소비세 인하(세율 5%→3.5%)를 1년 반 만에 부활해 상반기에 한시 적용하고, 85조원 규모의 새해 민생·경기 사업 예산 중 40%(34조원) 이상을 1분기(1~3월) 안으로 집행하는 등 ‘급한 불’을 끄겠다는 것이다.",정부는 정치적 혼란 때문에 ‘저성장 쇼크’가 더 악화되지 않도록 경제정책의 초점을 ‘상반기 경기 방어’에 맞추기로 했다.,또 상반기에 소비를 늘린 금액에 대해 20%를 소득공제해주기로 했다.,국내공식통계,N,재정·조세,개별소비세율,"개별소비세, 인하, 신차 구매, 민생·경기 사업 예산, 소득공제",-,,,,-,-,-,202501,-,Q,확정,3.5%,KOSIS_VALUE,hcx,개별소비세율,-,2025Q1,Q,hcx,증감률,3.5,-,-,N,%,증감률,감소,전년,"정부는 정치적 혼란 때문에 ‘저성장 쇼크’가 더 악화되지 않도록 경제정책의 초점을 ‘상반기 경기 방어’에 맞추기로 했다. 신차(新車) 구매 시 개별소비세 인하(세율 5%→3.5%)를 1년 반 만에 부활해 상반기에 한시 적용하고, 85조원 규모의 새해 민생·경기 사업 예산 중 40%(34조원) 이상을 1분기(1~3월) 안으로 집행하는 등 ‘급한 불’을 끄겠다는 것이다.",high,N,-,Y,0,0,HCX-007,v1.6-early-kosis-context,2026-07-30,개별소비세 인하 효과,,2025Q1,Q,2025Q1,,%,%,rate,rate_change,unspecified,202401,N,N,POLICY_PARAMETER,제도 규정값(세율)은 통계 수치가 아님,REJECT,POLICY_PARAMETER,,N,,,,,POLICY_PARAMETER,제도 규정값(세율)은 통계 수치가 아님,REJECT,Y,,,DERIVED_VALUE_REQUIRES_COMPUTATION,증감값은 직접 공표 ITEM 확인 또는 수준값 재계산 필요,,rate,Y,N,,direct|rate_from_level
A0031-SP9D49531F52,A0031-SP9D49531F52-m3,A0031,"추락하는 성장률, 내수 살려 떠받친다",2025-01-03,https://www.chosun.com/economy/economy_general/2025/01/03/FS5OTJUQ7RC5JIPD2GEHE7U47Q,"신차(新車) 구매 시 개별소비세 인하(세율 5%→3.5%)를 1년 반 만에 부활해 상반기에 한시 적용하고, 85조원 규모의 새해 민생·경기 사업 예산 중 40%(34조원) 이상을 1분기(1~3월) 안으로 집행하는 등 ‘급한 불’을 끄겠다는 것이다.",정부는 정치적 혼란 때문에 ‘저성장 쇼크’가 더 악화되지 않도록 경제정책의 초점을 ‘상반기 경기 방어’에 맞추기로 했다.,또 상반기에 소비를 늘린 금액에 대해 20%를 소득공제해주기로 했다.,국내공식통계,N,재정·조세,새해 민생·경기 사업 예산,"개별소비세, 인하, 신차 구매, 민생·경기 사업 예산, 소득공제",-,,,,-,-,-,202503,-,M,확정,85조원,KOSIS_VALUE,hcx,새해 민생·경기 사업 예산,-,2025,Y,hcx,현재값,85000000000000,-,-,N,원,수준값,감소,전년,"정부는 정치적 혼란 때문에 ‘저성장 쇼크’가 더 악화되지 않도록 경제정책의 초점을 ‘상반기 경기 방어’에 맞추기로 했다. 신차(新車) 구매 시 개별소비세 인하(세율 5%→3.5%)를 1년 반 만에 부활해 상반기에 한시 적용하고, 85조원 규모의 새해 민생·경기 사업 예산 중 40%(34조원) 이상을 1분기(1~3월) 안으로 집행하는 등 ‘급한 불’을 끄겠다는 것이다.",high,N,-,Y,0,0,HCX-007,v1.6-early-kosis-context,2026-07-30,개별소비세 인하 효과,,2025Q1,Q,2025,,원,원,currency,amount,unspecified,,N,N,POLICY_PARAMETER,제도 규정값(세율)은 통계 수치가 아님,REJECT,POLICY_PARAMETER,,N,,202501,202503,sum,POLICY_PARAMETER,제도 규정값(세율)은 통계 수치가 아님,REJECT,Y,direct,,,,,currency,N,N,,
A0031-SP9D49531F52,A0031-SP9D49531F52-m4,A0031,"추락하는 성장률, 내수 살려 떠받친다",2025-01-03,https://www.chosun.com/economy/economy_general/2025/01/03/FS5OTJUQ7RC5JIPD2GEHE7U47Q,"신차(新車) 구매 시 개별소비세 인하(세율 5%→3.5%)를 1년 반 만에 부활해 상반기에 한시 적용하고, 85조원 규모의 새해 민생·경기 사업 예산 중 40%(34조원) 이상을 1분기(1~3월) 안으로 집행하는 등 ‘급한 불’을 끄겠다는 것이다.",정부는 정치적 혼란 때문에 ‘저성장 쇼크’가 더 악화되지 않도록 경제정책의 초점을 ‘상반기 경기 방어’에 맞추기로 했다.,또 상반기에 소비를 늘린 금액에 대해 20%를 소득공제해주기로 했다.,국내공식통계,N,재정·조세,새해 민생·경기 사업 예산 집행 비율,"개별소비세, 인하, 신차 구매, 민생·경기 사업 예산, 소득공제",-,,,,-,-,-,2025,-,Y,확정,40%,CONDITION,hcx,새해 민생·경기 사업 예산 집행 비율,-,2025,Y,hcx,참고값,40,-,-,N,%,비중,감소,전년,"정부는 정치적 혼란 때문에 ‘저성장 쇼크’가 더 악화되지 않도록 경제정책의 초점을 ‘상반기 경기 방어’에 맞추기로 했다. 신차(新車) 구매 시 개별소비세 인하(세율 5%→3.5%)를 1년 반 만에 부활해 상반기에 한시 적용하고, 85조원 규모의 새해 민생·경기 사업 예산 중 40%(34조원) 이상을 1분기(1~3월) 안으로 집행하는 등 ‘급한 불’을 끄겠다는 것이다.",high,N,-,Y,0,0,HCX-007,v1.6-early-kosis-context,2026-07-30,개별소비세 인하 효과,,2025Q1,Q,2025,,%,%,rate,rate_level,unspecified,,N,N,NOT_KOSIS_VALUE,measurement_usage=CONDITION,REJECT,NOT_KOSIS_VALUE,,N,,,,,POLICY_PARAMETER,제도 규정값(세율)은 통계 수치가 아님,REJECT,Y,direct,,,,,rate,N,N,,
A0031-SP9D49531F52,A0031-SP9D49531F52-m5,A0031,"추락하는 성장률, 내수 살려 떠받친다",2025-01-03,https://www.chosun.com/economy/economy_general/2025/01/03/FS5OTJUQ7RC5JIPD2GEHE7U47Q,"신차(新車) 구매 시 개별소비세 인하(세율 5%→3.5%)를 1년 반 만에 부활해 상반기에 한시 적용하고, 85조원 규모의 새해 민생·경기 사업 예산 중 40%(34조원) 이상을 1분기(1~3월) 안으로 집행하는 등 ‘급한 불’을 끄겠다는 것이다.",정부는 정치적 혼란 때문에 ‘저성장 쇼크’가 더 악화되지 않도록 경제정책의 초점을 ‘상반기 경기 방어’에 맞추기로 했다.,또 상반기에 소비를 늘린 금액에 대해 20%를 소득공제해주기로 했다.,국내공식통계,N,재정·조세,새해 민생·경기 사업 예산 집행 금액,"개별소비세, 인하, 신차 구매, 민생·경기 사업 예산, 소득공제",-,,,,-,-,-,202503,-,M,확정,34조원,CONDITION,hcx,새해 민생·경기 사업 예산 집행 금액,-,2025,Y,hcx,참고값,34000000000000,-,-,N,원,수준값,감소,전년,"정부는 정치적 혼란 때문에 ‘저성장 쇼크’가 더 악화되지 않도록 경제정책의 초점을 ‘상반기 경기 방어’에 맞추기로 했다. 신차(新車) 구매 시 개별소비세 인하(세율 5%→3.5%)를 1년 반 만에 부활해 상반기에 한시 적용하고, 85조원 규모의 새해 민생·경기 사업 예산 중 40%(34조원) 이상을 1분기(1~3월) 안으로 집행하는 등 ‘급한 불’을 끄겠다는 것이다.",high,N,-,Y,0,0,HCX-007,v1.6-early-kosis-context,2026-07-30,개별소비세 인하 효과,,2025Q1,Q,2025,,원,원,currency,amount,unspecified,,N,N,NOT_KOSIS_VALUE,measurement_usage=CONDITION,REJECT,NOT_KOSIS_VALUE,,N,,202501,202503,sum,POLICY_PARAMETER,제도 규정값(세율)은 통계 수치가 아님,REJECT,Y,direct,,,,,currency,N,N,,
A0031-SP9D49531F52,A0031-SP9D49531F52-m6,A0031,"추락하는 성장률, 내수 살려 떠받친다",2025-01-03,https://www.chosun.com/economy/economy_general/2025/01/03/FS5OTJUQ7RC5JIPD2GEHE7U47Q,"신차(新車) 구매 시 개별소비세 인하(세율 5%→3.5%)를 1년 반 만에 부활해 상반기에 한시 적용하고, 85조원 규모의 새해 민생·경기 사업 예산 중 40%(34조원) 이상을 1분기(1~3월) 안으로 집행하는 등 ‘급한 불’을 끄겠다는 것이다.",정부는 정치적 혼란 때문에 ‘저성장 쇼크’가 더 악화되지 않도록 경제정책의 초점을 ‘상반기 경기 방어’에 맞추기로 했다.,또 상반기에 소비를 늘린 금액에 대해 20%를 소득공제해주기로 했다.,국내공식통계,N,재정·조세,개별소비세 인하 기간,"개별소비세, 인하, 신차 구매, 민생·경기 사업 예산, 소득공제",-,,,,-,-,-,202403,-,M,확정,1년,CONTEXT,hcx,개별소비세 인하 기간,-,2024,Y,hcx,참고값,1,-,-,N,년,수준값,감소,전년,"정부는 정치적 혼란 때문에 ‘저성장 쇼크’가 더 악화되지 않도록 경제정책의 초점을 ‘상반기 경기 방어’에 맞추기로 했다. 신차(新車) 구매 시 개별소비세 인하(세율 5%→3.5%)를 1년 반 만에 부활해 상반기에 한시 적용하고, 85조원 규모의 새해 민생·경기 사업 예산 중 40%(34조원) 이상을 1분기(1~3월) 안으로 집행하는 등 ‘급한 불’을 끄겠다는 것이다.",high,N,-,Y,0,0,HCX-007,v1.6-early-kosis-context,2026-07-30,개별소비세 인하 효과,,2025Q1,Q,2024,,년,년,duration,condition,unspecified,,N,N,NOT_KOSIS_VALUE,measurement_usage=CONTEXT,REJECT,NOT_KOSIS_VALUE,,N,,202401,202403,sum,POLICY_PARAMETER,제도 규정값(세율)은 통계 수치가 아님,REJECT,Y,direct,,,,,duration,N,N,,
A0031-SPADF516BA0A,A0031-SPADF516BA0A-m1,A0031,"추락하는 성장률, 내수 살려 떠받친다",2025-01-03,https://www.chosun.com/economy/economy_general/2025/01/03/FS5OTJUQ7RC5JIPD2GEHE7U47Q,"기재부 고위 관계자는 “각종 민생 대책에도 경기가 살아나지 않을 경우 여야정 협의체 논의를 거쳐 2분기 내 추경 편성을 검토할 수 있다는 의미”라며 “여야 정치권의 유불리를 따지기보다 경기 회복에 방점을 둘 것”이라고 했다. ◇숙박 쿠폰 100만장 배포… 카드 더 쓰면 20% 추가 공제 정부가 잠재 성장률(약 2%)보다 낮은 새해 성장률 전망치(1.8%)를 공식화하면서 경기가 일시적으로 나쁜 것이 아니라 경제의 기초 체력(펀더멘털) 약화로 저성장이 장기화하는 것 아니냐는 우려가 나온다. 정부는 올해 소비자 물가 상승률도 한국은행의 물가 안정 목표치(2%)보다 낮은 1.8%로 전망해, 6개월 전 전망치(2.1%)보다 0.3%포인트 낮춰 잡았다. 정부 전망대로 1%대 성장률과 물가 상승률이 현실화활 경우 코로나 대유행이 시작된 2020년 이후 5년 만에 처음으로 두 지표가 2%를 밑돌게 된다. ◇ “급한 불부터 끄자” 정부는 이날 발표한 새해 경제정책방향에 각종 내수 진작책을 앞세워 급한 불을 끄는 데 방점을 뒀다. 신차 개소세는 1월 3일 출고분부터 서둘러 앞당기기로 했다. 작년 10월에 차량 구매 계약을 했어도 출고 시점이 1월 3일 이후라면 개소세 혜택을 볼 수 있는 것이다. 정부의 개별소비세 인하는 지난 2018년 7월~2023년 6월 이후 1년 반 만이다. 4000만원짜리 신차를 구입한 경우 원래 개소세는 18%의 기본공제를 제외한 3280만원에 5%를 곱한 164만원이다. 그런데 3.5% 세율을 적용하면 이것이 115만원으로 49만원 줄어든다. 개별소비세액과 연동된 교육세·부가세 등을 포함하면, 줄어드는 세금의 총액은 70만원으로 늘어난다는 것이 기재부 설명이다. 정부는 또 올 한 해 민생·경기 사업의 40%를 1분기 안으로 집행하겠다고 밝히며, 정부 재정이 시장에 서둘러 풀리는 방안을 마련했다고 했다. 가령 노인 일자리 사업은 작년에는 2월부터 급여가 지급되기 시작했는데, 올해는 1월부터 급여가 지급되도록 했다. 전기차·수소차 구매 보조금 지급도 작년 2월 넷째 주부터 시행하던 것에서 올해는 1월 셋째 주로 앞당기기로 했다. 올 상반기에 구매한 전기차에 대해선 정부 보조금도 늘어난다. 기존엔 전기차 업체가 자체 할인해주는 금액의 20%를 정부가 추가 할인해줬는데, 이 추가 할인율을 최대 40%까지로 높인 것이다. ◇민생 입법 재추진 작년에 추진하려다 연말 국회 파행으로 무산된 민생 입법도 다시 추진한다. 먼저 조세특례제한법(조특법)을 고쳐 올 상반기 추가 소비분(전년 대비 5% 이상)에 대해 20%를 소득공제해주는 방안을 추진하기로 했다. 작년에는 추가 소비분의 10%만 공제했는데, 올해는 두 배로 늘리겠다는 것이다. 직전 3년보다 더 많은 금액을 투자한 중소·중견기업에 대해 세금을 더 깎아주는 임시투자세액공제 기한을 작년 말에서 올해 말로 1년 연장하는 조특법 개정도 추진된다. 다만 대기업은 2년 전과 달리 실적이 개선됐다는 이유로 임시투자세액공제를 연장할 계획이 없다고 기재부는 밝혔다. 정부는 이외에도 수도권 이외 지역의 숙박 시설에 묵는 관광객들의 숙박비에서 최대 3만원을 할인해주는 할인 쿠폰을 1년간 100만장 배포할 예정이다. 설 연휴에는 전통시장과 골목형 상점가에서 활용할 수 있는 온누리상품권 할인율도 10%에서 15%(모바일·카드형 기준)로 높인다. 아내는 서울 대기업, 남편은 경남 공장에서 근무하는 방식의 주말부부가 월세 세액공제를 각각 받을 수 있도록 하는 방안을 올해 세법 개정안에 반영하기로 했다.. 정부 발표와 별도로 서울시는 이날 서울 전 지역에서 쓸 수 있는 지역 화폐인 ‘서울사랑상품권’ 750억원어치를 오는 8일 발행한다고 밝혔다. 올해 발행하기로 한 1500억원어치 중 절반을 연초에 집중 발행하는 것이다. 서울시가 이 상품권을 연초에 조기 발행하는 건 이번이 처음이다. ◇”반년도 못 갈 경제정책 방향” 다만 비상 계엄 파문에서 줄탄핵으로","최 권한대행은 “경제 여건 전반을 1분기 중 재점검하고, 필요시 추가 경기 보강 방안을 강구하겠다”며 추가경정예산 편성 가능성을 시사했다.",이어진 최근 정치 불안 상황에서 나온 새해 경제정책 방향은 경우에 따라 반년도 가지 못할 ‘임시 대책’이라는 지적이 나온다.,국내공식통계,N,재정·조세,성장률,"성장률, 내수, 재정, 조세, 경제정책",-,,,,-,-,-,2025,-,Y,확정,1.8%,POLICY_VALUE,hcx,성장률,-,2025,Y,hcx,증감률,1.8,-,-,N,%,증감률,증가,전년,정부가 잠재 성장률(약 2%)보다 낮은 새해 성장률 전망치(1.8%)를 공식화하면서 경기가 일시적으로 나쁜 것이 아니라 경제의 기초 체력(펀더멘털) 약화로 저성장이 장기화하는 것 아니냐는 우려가 나온다.,high,Y,measurement_rule_fallback:23,Y,23,0,HCX-007,v1.6-early-kosis-context,2026-07-30,성장률 전망치,,2025,Y,2025,CHANGE_RATE_FROM_TEXT,%,%,rate,rate_change,vehicle,2024,N,N,NOT_KOSIS_VALUE,measurement_usage=POLICY_VALUE,REJECT,NOT_KOSIS_VALUE,,N,,,,,FORECAST_VALUE,전망 표현(전망) — 아직 실현되지 않은 값은 실적통계와 대조할 수 없음,REJECT,Y,direct,,,,,rate,N,N,,
A0031-SPADF516BA0A,A0031-SPADF516BA0A-m2,A0031,"추락하는 성장률, 내수 살려 떠받친다",2025-01-03,https://www.chosun.com/economy/economy_general/2025/01/03/FS5OTJUQ7RC5JIPD2GEHE7U47Q,"기재부 고위 관계자는 “각종 민생 대책에도 경기가 살아나지 않을 경우 여야정 협의체 논의를 거쳐 2분기 내 추경 편성을 검토할 수 있다는 의미”라며 “여야 정치권의 유불리를 따지기보다 경기 회복에 방점을 둘 것”이라고 했다. ◇숙박 쿠폰 100만장 배포… 카드 더 쓰면 20% 추가 공제 정부가 잠재 성장률(약 2%)보다 낮은 새해 성장률 전망치(1.8%)를 공식화하면서 경기가 일시적으로 나쁜 것이 아니라 경제의 기초 체력(펀더멘털) 약화로 저성장이 장기화하는 것 아니냐는 우려가 나온다. 정부는 올해 소비자 물가 상승률도 한국은행의 물가 안정 목표치(2%)보다 낮은 1.8%로 전망해, 6개월 전 전망치(2.1%)보다 0.3%포인트 낮춰 잡았다. 정부 전망대로 1%대 성장률과 물가 상승률이 현실화활 경우 코로나 대유행이 시작된 2020년 이후 5년 만에 처음으로 두 지표가 2%를 밑돌게 된다. ◇ “급한 불부터 끄자” 정부는 이날 발표한 새해 경제정책방향에 각종 내수 진작책을 앞세워 급한 불을 끄는 데 방점을 뒀다. 신차 개소세는 1월 3일 출고분부터 서둘러 앞당기기로 했다. 작년 10월에 차량 구매 계약을 했어도 출고 시점이 1월 3일 이후라면 개소세 혜택을 볼 수 있는 것이다. 정부의 개별소비세 인하는 지난 2018년 7월~2023년 6월 이후 1년 반 만이다. 4000만원짜리 신차를 구입한 경우 원래 개소세는 18%의 기본공제를 제외한 3280만원에 5%를 곱한 164만원이다. 그런데 3.5% 세율을 적용하면 이것이 115만원으로 49만원 줄어든다. 개별소비세액과 연동된 교육세·부가세 등을 포함하면, 줄어드는 세금의 총액은 70만원으로 늘어난다는 것이 기재부 설명이다. 정부는 또 올 한 해 민생·경기 사업의 40%를 1분기 안으로 집행하겠다고 밝히며, 정부 재정이 시장에 서둘러 풀리는 방안을 마련했다고 했다. 가령 노인 일자리 사업은 작년에는 2월부터 급여가 지급되기 시작했는데, 올해는 1월부터 급여가 지급되도록 했다. 전기차·수소차 구매 보조금 지급도 작년 2월 넷째 주부터 시행하던 것에서 올해는 1월 셋째 주로 앞당기기로 했다. 올 상반기에 구매한 전기차에 대해선 정부 보조금도 늘어난다. 기존엔 전기차 업체가 자체 할인해주는 금액의 20%를 정부가 추가 할인해줬는데, 이 추가 할인율을 최대 40%까지로 높인 것이다. ◇민생 입법 재추진 작년에 추진하려다 연말 국회 파행으로 무산된 민생 입법도 다시 추진한다. 먼저 조세특례제한법(조특법)을 고쳐 올 상반기 추가 소비분(전년 대비 5% 이상)에 대해 20%를 소득공제해주는 방안을 추진하기로 했다. 작년에는 추가 소비분의 10%만 공제했는데, 올해는 두 배로 늘리겠다는 것이다. 직전 3년보다 더 많은 금액을 투자한 중소·중견기업에 대해 세금을 더 깎아주는 임시투자세액공제 기한을 작년 말에서 올해 말로 1년 연장하는 조특법 개정도 추진된다. 다만 대기업은 2년 전과 달리 실적이 개선됐다는 이유로 임시투자세액공제를 연장할 계획이 없다고 기재부는 밝혔다. 정부는 이외에도 수도권 이외 지역의 숙박 시설에 묵는 관광객들의 숙박비에서 최대 3만원을 할인해주는 할인 쿠폰을 1년간 100만장 배포할 예정이다. 설 연휴에는 전통시장과 골목형 상점가에서 활용할 수 있는 온누리상품권 할인율도 10%에서 15%(모바일·카드형 기준)로 높인다. 아내는 서울 대기업, 남편은 경남 공장에서 근무하는 방식의 주말부부가 월세 세액공제를 각각 받을 수 있도록 하는 방안을 올해 세법 개정안에 반영하기로 했다.. 정부 발표와 별도로 서울시는 이날 서울 전 지역에서 쓸 수 있는 지역 화폐인 ‘서울사랑상품권’ 750억원어치를 오는 8일 발행한다고 밝혔다. 올해 발행하기로 한 1500억원어치 중 절반을 연초에 집중 발행하는 것이다. 서울시가 이 상품권을 연초에 조기 발행하는 건 이번이 처음이다. ◇”반년도 못 갈 경제정책 방향” 다만 비상 계엄 파문에서 줄탄핵으로","최 권한대행은 “경제 여건 전반을 1분기 중 재점검하고, 필요시 추가 경기 보강 방안을 강구하겠다”며 추가경정예산 편성 가능성을 시사했다.",이어진 최근 정치 불안 상황에서 나온 새해 경제정책 방향은 경우에 따라 반년도 가지 못할 ‘임시 대책’이라는 지적이 나온다.,국내공식통계,N,재정·조세,성장률,"성장률, 내수, 재정, 조세, 경제정책",-,,,,-,-,-,2025,-,Y,확정,2.2%,POLICY_VALUE,hcx,성장률,-,2024,Y,hcx,증감률,2,-,-,Y,%,증감률,증가,전년,정부가 잠재 성장률(약 2%)보다 낮은 새해 성장률 전망치(1.8%)를 공식화하면서 경기가 일시적으로 나쁜 것이 아니라 경제의 기초 체력(펀더멘털) 약화로 저성장이 장기화하는 것 아니냐는 우려가 나온다.,high,Y,measurement_rule_fallback:23,Y,23,0,HCX-007,v1.6-early-kosis-context,2026-07-30,성장률 전망치,,2025,Y,2024,CHANGE_RATE_FROM_TEXT|COMPARISON_PERIOD_TO_TARGET,%,%,rate,rate_change,vehicle,2024,N,N,NOT_KOSIS_VALUE,measurement_usage=POLICY_VALUE,REJECT,NOT_KOSIS_VALUE,,N,,,,,FORECAST_VALUE,전망 표현(전망) — 아직 실현되지 않은 값은 실적통계와 대조할 수 없음,REJECT,Y,direct,,,,,rate,N,N,,
A0031-SPADF516BA0A,A0031-SPADF516BA0A-m3,A0031,"추락하는 성장률, 내수 살려 떠받친다",2025-01-03,https://www.chosun.com/economy/economy_general/2025/01/03/FS5OTJUQ7RC5JIPD2GEHE7U47Q,"기재부 고위 관계자는 “각종 민생 대책에도 경기가 살아나지 않을 경우 여야정 협의체 논의를 거쳐 2분기 내 추경 편성을 검토할 수 있다는 의미”라며 “여야 정치권의 유불리를 따지기보다 경기 회복에 방점을 둘 것”이라고 했다. ◇숙박 쿠폰 100만장 배포… 카드 더 쓰면 20% 추가 공제 정부가 잠재 성장률(약 2%)보다 낮은 새해 성장률 전망치(1.8%)를 공식화하면서 경기가 일시적으로 나쁜 것이 아니라 경제의 기초 체력(펀더멘털) 약화로 저성장이 장기화하는 것 아니냐는 우려가 나온다. 정부는 올해 소비자 물가 상승률도 한국은행의 물가 안정 목표치(2%)보다 낮은 1.8%로 전망해, 6개월 전 전망치(2.1%)보다 0.3%포인트 낮춰 잡았다. 정부 전망대로 1%대 성장률과 물가 상승률이 현실화활 경우 코로나 대유행이 시작된 2020년 이후 5년 만에 처음으로 두 지표가 2%를 밑돌게 된다. ◇ “급한 불부터 끄자” 정부는 이날 발표한 새해 경제정책방향에 각종 내수 진작책을 앞세워 급한 불을 끄는 데 방점을 뒀다. 신차 개소세는 1월 3일 출고분부터 서둘러 앞당기기로 했다. 작년 10월에 차량 구매 계약을 했어도 출고 시점이 1월 3일 이후라면 개소세 혜택을 볼 수 있는 것이다. 정부의 개별소비세 인하는 지난 2018년 7월~2023년 6월 이후 1년 반 만이다. 4000만원짜리 신차를 구입한 경우 원래 개소세는 18%의 기본공제를 제외한 3280만원에 5%를 곱한 164만원이다. 그런데 3.5% 세율을 적용하면 이것이 115만원으로 49만원 줄어든다. 개별소비세액과 연동된 교육세·부가세 등을 포함하면, 줄어드는 세금의 총액은 70만원으로 늘어난다는 것이 기재부 설명이다. 정부는 또 올 한 해 민생·경기 사업의 40%를 1분기 안으로 집행하겠다고 밝히며, 정부 재정이 시장에 서둘러 풀리는 방안을 마련했다고 했다. 가령 노인 일자리 사업은 작년에는 2월부터 급여가 지급되기 시작했는데, 올해는 1월부터 급여가 지급되도록 했다. 전기차·수소차 구매 보조금 지급도 작년 2월 넷째 주부터 시행하던 것에서 올해는 1월 셋째 주로 앞당기기로 했다. 올 상반기에 구매한 전기차에 대해선 정부 보조금도 늘어난다. 기존엔 전기차 업체가 자체 할인해주는 금액의 20%를 정부가 추가 할인해줬는데, 이 추가 할인율을 최대 40%까지로 높인 것이다. ◇민생 입법 재추진 작년에 추진하려다 연말 국회 파행으로 무산된 민생 입법도 다시 추진한다. 먼저 조세특례제한법(조특법)을 고쳐 올 상반기 추가 소비분(전년 대비 5% 이상)에 대해 20%를 소득공제해주는 방안을 추진하기로 했다. 작년에는 추가 소비분의 10%만 공제했는데, 올해는 두 배로 늘리겠다는 것이다. 직전 3년보다 더 많은 금액을 투자한 중소·중견기업에 대해 세금을 더 깎아주는 임시투자세액공제 기한을 작년 말에서 올해 말로 1년 연장하는 조특법 개정도 추진된다. 다만 대기업은 2년 전과 달리 실적이 개선됐다는 이유로 임시투자세액공제를 연장할 계획이 없다고 기재부는 밝혔다. 정부는 이외에도 수도권 이외 지역의 숙박 시설에 묵는 관광객들의 숙박비에서 최대 3만원을 할인해주는 할인 쿠폰을 1년간 100만장 배포할 예정이다. 설 연휴에는 전통시장과 골목형 상점가에서 활용할 수 있는 온누리상품권 할인율도 10%에서 15%(모바일·카드형 기준)로 높인다. 아내는 서울 대기업, 남편은 경남 공장에서 근무하는 방식의 주말부부가 월세 세액공제를 각각 받을 수 있도록 하는 방안을 올해 세법 개정안에 반영하기로 했다.. 정부 발표와 별도로 서울시는 이날 서울 전 지역에서 쓸 수 있는 지역 화폐인 ‘서울사랑상품권’ 750억원어치를 오는 8일 발행한다고 밝혔다. 올해 발행하기로 한 1500억원어치 중 절반을 연초에 집중 발행하는 것이다. 서울시가 이 상품권을 연초에 조기 발행하는 건 이번이 처음이다. ◇”반년도 못 갈 경제정책 방향” 다만 비상 계엄 파문에서 줄탄핵으로","최 권한대행은 “경제 여건 전반을 1분기 중 재점검하고, 필요시 추가 경기 보강 방안을 강구하겠다”며 추가경정예산 편성 가능성을 시사했다.",이어진 최근 정치 불안 상황에서 나온 새해 경제정책 방향은 경우에 따라 반년도 가지 못할 ‘임시 대책’이라는 지적이 나온다.,국내공식통계,N,재정·조세,성장률 조정폭,"성장률, 내수, 재정, 조세, 경제정책",-,,,,-,-,-,2025,-,Y,확정,0.3%p,POLICY_VALUE,hcx,성장률 조정폭,-,2025,Y,hcx,증감률,0.3,-,-,N,%p,증감률,감소,전년,정부가 잠재 성장률(약 2%)보다 낮은 새해 성장률 전망치(1.8%)를 공식화하면서 경기가 일시적으로 나쁜 것이 아니라 경제의 기초 체력(펀더멘털) 약화로 저성장이 장기화하는 것 아니냐는 우려가 나온다.,high,Y,measurement_rule_fallback:23,Y,23,0,HCX-007,v1.6-early-kosis-context,2026-07-30,성장률 전망치,,2025,Y,2025,CHANGE_RATE_FROM_TEXT,%,%p,rate,absolute_change,vehicle,2024,N,N,NOT_KOSIS_VALUE,measurement_usage=POLICY_VALUE,REJECT,NOT_KOSIS_VALUE,,N,,,,,FORECAST_VALUE,전망 표현(전망) — 아직 실현되지 않은 값은 실적통계와 대조할 수 없음,REJECT,Y,direct,,,,,rate,N,N,,
A0031-SPADF516BA0A,A0031-SPADF516BA0A-m4,A0031,"추락하는 성장률, 내수 살려 떠받친다",2025-01-03,https://www.chosun.com/economy/economy_general/2025/01/03/FS5OTJUQ7RC5JIPD2GEHE7U47Q,"기재부 고위 관계자는 “각종 민생 대책에도 경기가 살아나지 않을 경우 여야정 협의체 논의를 거쳐 2분기 내 추경 편성을 검토할 수 있다는 의미”라며 “여야 정치권의 유불리를 따지기보다 경기 회복에 방점을 둘 것”이라고 했다. ◇숙박 쿠폰 100만장 배포… 카드 더 쓰면 20% 추가 공제 정부가 잠재 성장률(약 2%)보다 낮은 새해 성장률 전망치(1.8%)를 공식화하면서 경기가 일시적으로 나쁜 것이 아니라 경제의 기초 체력(펀더멘털) 약화로 저성장이 장기화하는 것 아니냐는 우려가 나온다. 정부는 올해 소비자 물가 상승률도 한국은행의 물가 안정 목표치(2%)보다 낮은 1.8%로 전망해, 6개월 전 전망치(2.1%)보다 0.3%포인트 낮춰 잡았다. 정부 전망대로 1%대 성장률과 물가 상승률이 현실화활 경우 코로나 대유행이 시작된 2020년 이후 5년 만에 처음으로 두 지표가 2%를 밑돌게 된다. ◇ “급한 불부터 끄자” 정부는 이날 발표한 새해 경제정책방향에 각종 내수 진작책을 앞세워 급한 불을 끄는 데 방점을 뒀다. 신차 개소세는 1월 3일 출고분부터 서둘러 앞당기기로 했다. 작년 10월에 차량 구매 계약을 했어도 출고 시점이 1월 3일 이후라면 개소세 혜택을 볼 수 있는 것이다. 정부의 개별소비세 인하는 지난 2018년 7월~2023년 6월 이후 1년 반 만이다. 4000만원짜리 신차를 구입한 경우 원래 개소세는 18%의 기본공제를 제외한 3280만원에 5%를 곱한 164만원이다. 그런데 3.5% 세율을 적용하면 이것이 115만원으로 49만원 줄어든다. 개별소비세액과 연동된 교육세·부가세 등을 포함하면, 줄어드는 세금의 총액은 70만원으로 늘어난다는 것이 기재부 설명이다. 정부는 또 올 한 해 민생·경기 사업의 40%를 1분기 안으로 집행하겠다고 밝히며, 정부 재정이 시장에 서둘러 풀리는 방안을 마련했다고 했다. 가령 노인 일자리 사업은 작년에는 2월부터 급여가 지급되기 시작했는데, 올해는 1월부터 급여가 지급되도록 했다. 전기차·수소차 구매 보조금 지급도 작년 2월 넷째 주부터 시행하던 것에서 올해는 1월 셋째 주로 앞당기기로 했다. 올 상반기에 구매한 전기차에 대해선 정부 보조금도 늘어난다. 기존엔 전기차 업체가 자체 할인해주는 금액의 20%를 정부가 추가 할인해줬는데, 이 추가 할인율을 최대 40%까지로 높인 것이다. ◇민생 입법 재추진 작년에 추진하려다 연말 국회 파행으로 무산된 민생 입법도 다시 추진한다. 먼저 조세특례제한법(조특법)을 고쳐 올 상반기 추가 소비분(전년 대비 5% 이상)에 대해 20%를 소득공제해주는 방안을 추진하기로 했다. 작년에는 추가 소비분의 10%만 공제했는데, 올해는 두 배로 늘리겠다는 것이다. 직전 3년보다 더 많은 금액을 투자한 중소·중견기업에 대해 세금을 더 깎아주는 임시투자세액공제 기한을 작년 말에서 올해 말로 1년 연장하는 조특법 개정도 추진된다. 다만 대기업은 2년 전과 달리 실적이 개선됐다는 이유로 임시투자세액공제를 연장할 계획이 없다고 기재부는 밝혔다. 정부는 이외에도 수도권 이외 지역의 숙박 시설에 묵는 관광객들의 숙박비에서 최대 3만원을 할인해주는 할인 쿠폰을 1년간 100만장 배포할 예정이다. 설 연휴에는 전통시장과 골목형 상점가에서 활용할 수 있는 온누리상품권 할인율도 10%에서 15%(모바일·카드형 기준)로 높인다. 아내는 서울 대기업, 남편은 경남 공장에서 근무하는 방식의 주말부부가 월세 세액공제를 각각 받을 수 있도록 하는 방안을 올해 세법 개정안에 반영하기로 했다.. 정부 발표와 별도로 서울시는 이날 서울 전 지역에서 쓸 수 있는 지역 화폐인 ‘서울사랑상품권’ 750억원어치를 오는 8일 발행한다고 밝혔다. 올해 발행하기로 한 1500억원어치 중 절반을 연초에 집중 발행하는 것이다. 서울시가 이 상품권을 연초에 조기 발행하는 건 이번이 처음이다. ◇”반년도 못 갈 경제정책 방향” 다만 비상 계엄 파문에서 줄탄핵으로","최 권한대행은 “경제 여건 전반을 1분기 중 재점검하고, 필요시 추가 경기 보강 방안을 강구하겠다”며 추가경정예산 편성 가능성을 시사했다.",이어진 최근 정치 불안 상황에서 나온 새해 경제정책 방향은 경우에 따라 반년도 가지 못할 ‘임시 대책’이라는 지적이 나온다.,국내공식통계,N,재정·조세,성장률 전망치,"성장률, 내수, 재정, 조세, 경제정책",-,,,,-,-,-,2025,-,Y,확정,20%,POLICY_VALUE,rule_fallback,성장률 전망치,-,2025,Y,rule_fallback,증감률,20,-,-,N,%,증감률,증가,,정부가 잠재 성장률(약 2%)보다 낮은 새해 성장률 전망치(1.8%)를 공식화하면서 경기가 일시적으로 나쁜 것이 아니라 경제의 기초 체력(펀더멘털) 약화로 저성장이 장기화하는 것 아니냐는 우려가 나온다.,high,Y,measurement_rule_fallback:23,Y,23,0,HCX-007,v1.6-early-kosis-context,2026-07-30,성장률 전망치,,2025,Y,2025,,%,%,rate,rate_change,vehicle,,N,N,NOT_KOSIS_VALUE,measurement_usage=POLICY_VALUE,REJECT,NOT_KOSIS_VALUE,,N,,,,,FORECAST_VALUE,전망 표현(전망) — 아직 실현되지 않은 값은 실적통계와 대조할 수 없음,REJECT,Y,direct,,,,,rate,N,N,,
A0031-SPADF516BA0A,A0031-SPADF516BA0A-m5,A0031,"추락하는 성장률, 내수 살려 떠받친다",2025-01-03,https://www.chosun.com/economy/economy_general/2025/01/03/FS5OTJUQ7RC5JIPD2GEHE7U47Q,"기재부 고위 관계자는 “각종 민생 대책에도 경기가 살아나지 않을 경우 여야정 협의체 논의를 거쳐 2분기 내 추경 편성을 검토할 수 있다는 의미”라며 “여야 정치권의 유불리를 따지기보다 경기 회복에 방점을 둘 것”이라고 했다. ◇숙박 쿠폰 100만장 배포… 카드 더 쓰면 20% 추가 공제 정부가 잠재 성장률(약 2%)보다 낮은 새해 성장률 전망치(1.8%)를 공식화하면서 경기가 일시적으로 나쁜 것이 아니라 경제의 기초 체력(펀더멘털) 약화로 저성장이 장기화하는 것 아니냐는 우려가 나온다. 정부는 올해 소비자 물가 상승률도 한국은행의 물가 안정 목표치(2%)보다 낮은 1.8%로 전망해, 6개월 전 전망치(2.1%)보다 0.3%포인트 낮춰 잡았다. 정부 전망대로 1%대 성장률과 물가 상승률이 현실화활 경우 코로나 대유행이 시작된 2020년 이후 5년 만에 처음으로 두 지표가 2%를 밑돌게 된다. ◇ “급한 불부터 끄자” 정부는 이날 발표한 새해 경제정책방향에 각종 내수 진작책을 앞세워 급한 불을 끄는 데 방점을 뒀다. 신차 개소세는 1월 3일 출고분부터 서둘러 앞당기기로 했다. 작년 10월에 차량 구매 계약을 했어도 출고 시점이 1월 3일 이후라면 개소세 혜택을 볼 수 있는 것이다. 정부의 개별소비세 인하는 지난 2018년 7월~2023년 6월 이후 1년 반 만이다. 4000만원짜리 신차를 구입한 경우 원래 개소세는 18%의 기본공제를 제외한 3280만원에 5%를 곱한 164만원이다. 그런데 3.5% 세율을 적용하면 이것이 115만원으로 49만원 줄어든다. 개별소비세액과 연동된 교육세·부가세 등을 포함하면, 줄어드는 세금의 총액은 70만원으로 늘어난다는 것이 기재부 설명이다. 정부는 또 올 한 해 민생·경기 사업의 40%를 1분기 안으로 집행하겠다고 밝히며, 정부 재정이 시장에 서둘러 풀리는 방안을 마련했다고 했다. 가령 노인 일자리 사업은 작년에는 2월부터 급여가 지급되기 시작했는데, 올해는 1월부터 급여가 지급되도록 했다. 전기차·수소차 구매 보조금 지급도 작년 2월 넷째 주부터 시행하던 것에서 올해는 1월 셋째 주로 앞당기기로 했다. 올 상반기에 구매한 전기차에 대해선 정부 보조금도 늘어난다. 기존엔 전기차 업체가 자체 할인해주는 금액의 20%를 정부가 추가 할인해줬는데, 이 추가 할인율을 최대 40%까지로 높인 것이다. ◇민생 입법 재추진 작년에 추진하려다 연말 국회 파행으로 무산된 민생 입법도 다시 추진한다. 먼저 조세특례제한법(조특법)을 고쳐 올 상반기 추가 소비분(전년 대비 5% 이상)에 대해 20%를 소득공제해주는 방안을 추진하기로 했다. 작년에는 추가 소비분의 10%만 공제했는데, 올해는 두 배로 늘리겠다는 것이다. 직전 3년보다 더 많은 금액을 투자한 중소·중견기업에 대해 세금을 더 깎아주는 임시투자세액공제 기한을 작년 말에서 올해 말로 1년 연장하는 조특법 개정도 추진된다. 다만 대기업은 2년 전과 달리 실적이 개선됐다는 이유로 임시투자세액공제를 연장할 계획이 없다고 기재부는 밝혔다. 정부는 이외에도 수도권 이외 지역의 숙박 시설에 묵는 관광객들의 숙박비에서 최대 3만원을 할인해주는 할인 쿠폰을 1년간 100만장 배포할 예정이다. 설 연휴에는 전통시장과 골목형 상점가에서 활용할 수 있는 온누리상품권 할인율도 10%에서 15%(모바일·카드형 기준)로 높인다. 아내는 서울 대기업, 남편은 경남 공장에서 근무하는 방식의 주말부부가 월세 세액공제를 각각 받을 수 있도록 하는 방안을 올해 세법 개정안에 반영하기로 했다.. 정부 발표와 별도로 서울시는 이날 서울 전 지역에서 쓸 수 있는 지역 화폐인 ‘서울사랑상품권’ 750억원어치를 오는 8일 발행한다고 밝혔다. 올해 발행하기로 한 1500억원어치 중 절반을 연초에 집중 발행하는 것이다. 서울시가 이 상품권을 연초에 조기 발행하는 건 이번이 처음이다. ◇”반년도 못 갈 경제정책 방향” 다만 비상 계엄 파문에서 줄탄핵으로","최 권한대행은 “경제 여건 전반을 1분기 중 재점검하고, 필요시 추가 경기 보강 방안을 강구하겠다”며 추가경정예산 편성 가능성을 시사했다.",이어진 최근 정치 불안 상황에서 나온 새해 경제정책 방향은 경우에 따라 반년도 가지 못할 ‘임시 대책’이라는 지적이 나온다.,국내공식통계,N,재정·조세,성장률 전망치,"성장률, 내수, 재정, 조세, 경제정책",-,,,,-,-,-,2025,-,Y,확정,6개월,CONTEXT,rule_fallback,성장률 전망치,-,2025,Y,rule_fallback,참고값,6,-,-,N,개월,수준값,증가,,정부가 잠재 성장률(약 2%)보다 낮은 새해 성장률 전망치(1.8%)를 공식화하면서 경기가 일시적으로 나쁜 것이 아니라 경제의 기초 체력(펀더멘털) 약화로 저성장이 장기화하는 것 아니냐는 우려가 나온다.,high,Y,measurement_rule_fallback:23,Y,23,0,HCX-007,v1.6-early-kosis-context,2026-07-30,성장률 전망치,,2025,Y,2025,,개월,개월,duration,condition,vehicle,,N,N,NOT_KOSIS_VALUE,measurement_usage=CONTEXT,REJECT,NOT_KOSIS_VALUE,,N,,,,,FORECAST_VALUE,전망 표현(전망) — 아직 실현되지 않은 값은 실적통계와 대조할 수 없음,REJECT,Y,direct,,,,,duration,N,N,,
A0031-SPADF516BA0A,A0031-SPADF516BA0A-m6,A0031,"추락하는 성장률, 내수 살려 떠받친다",2025-01-03,https://www.chosun.com/economy/economy_general/2025/01/03/FS5OTJUQ7RC5JIPD2GEHE7U47Q,"기재부 고위 관계자는 “각종 민생 대책에도 경기가 살아나지 않을 경우 여야정 협의체 논의를 거쳐 2분기 내 추경 편성을 검토할 수 있다는 의미”라며 “여야 정치권의 유불리를 따지기보다 경기 회복에 방점을 둘 것”이라고 했다. ◇숙박 쿠폰 100만장 배포… 카드 더 쓰면 20% 추가 공제 정부가 잠재 성장률(약 2%)보다 낮은 새해 성장률 전망치(1.8%)를 공식화하면서 경기가 일시적으로 나쁜 것이 아니라 경제의 기초 체력(펀더멘털) 약화로 저성장이 장기화하는 것 아니냐는 우려가 나온다. 정부는 올해 소비자 물가 상승률도 한국은행의 물가 안정 목표치(2%)보다 낮은 1.8%로 전망해, 6개월 전 전망치(2.1%)보다 0.3%포인트 낮춰 잡았다. 정부 전망대로 1%대 성장률과 물가 상승률이 현실화활 경우 코로나 대유행이 시작된 2020년 이후 5년 만에 처음으로 두 지표가 2%를 밑돌게 된다. ◇ “급한 불부터 끄자” 정부는 이날 발표한 새해 경제정책방향에 각종 내수 진작책을 앞세워 급한 불을 끄는 데 방점을 뒀다. 신차 개소세는 1월 3일 출고분부터 서둘러 앞당기기로 했다. 작년 10월에 차량 구매 계약을 했어도 출고 시점이 1월 3일 이후라면 개소세 혜택을 볼 수 있는 것이다. 정부의 개별소비세 인하는 지난 2018년 7월~2023년 6월 이후 1년 반 만이다. 4000만원짜리 신차를 구입한 경우 원래 개소세는 18%의 기본공제를 제외한 3280만원에 5%를 곱한 164만원이다. 그런데 3.5% 세율을 적용하면 이것이 115만원으로 49만원 줄어든다. 개별소비세액과 연동된 교육세·부가세 등을 포함하면, 줄어드는 세금의 총액은 70만원으로 늘어난다는 것이 기재부 설명이다. 정부는 또 올 한 해 민생·경기 사업의 40%를 1분기 안으로 집행하겠다고 밝히며, 정부 재정이 시장에 서둘러 풀리는 방안을 마련했다고 했다. 가령 노인 일자리 사업은 작년에는 2월부터 급여가 지급되기 시작했는데, 올해는 1월부터 급여가 지급되도록 했다. 전기차·수소차 구매 보조금 지급도 작년 2월 넷째 주부터 시행하던 것에서 올해는 1월 셋째 주로 앞당기기로 했다. 올 상반기에 구매한 전기차에 대해선 정부 보조금도 늘어난다. 기존엔 전기차 업체가 자체 할인해주는 금액의 20%를 정부가 추가 할인해줬는데, 이 추가 할인율을 최대 40%까지로 높인 것이다. ◇민생 입법 재추진 작년에 추진하려다 연말 국회 파행으로 무산된 민생 입법도 다시 추진한다. 먼저 조세특례제한법(조특법)을 고쳐 올 상반기 추가 소비분(전년 대비 5% 이상)에 대해 20%를 소득공제해주는 방안을 추진하기로 했다. 작년에는 추가 소비분의 10%만 공제했는데, 올해는 두 배로 늘리겠다는 것이다. 직전 3년보다 더 많은 금액을 투자한 중소·중견기업에 대해 세금을 더 깎아주는 임시투자세액공제 기한을 작년 말에서 올해 말로 1년 연장하는 조특법 개정도 추진된다. 다만 대기업은 2년 전과 달리 실적이 개선됐다는 이유로 임시투자세액공제를 연장할 계획이 없다고 기재부는 밝혔다. 정부는 이외에도 수도권 이외 지역의 숙박 시설에 묵는 관광객들의 숙박비에서 최대 3만원을 할인해주는 할인 쿠폰을 1년간 100만장 배포할 예정이다. 설 연휴에는 전통시장과 골목형 상점가에서 활용할 수 있는 온누리상품권 할인율도 10%에서 15%(모바일·카드형 기준)로 높인다. 아내는 서울 대기업, 남편은 경남 공장에서 근무하는 방식의 주말부부가 월세 세액공제를 각각 받을 수 있도록 하는 방안을 올해 세법 개정안에 반영하기로 했다.. 정부 발표와 별도로 서울시는 이날 서울 전 지역에서 쓸 수 있는 지역 화폐인 ‘서울사랑상품권’ 750억원어치를 오는 8일 발행한다고 밝혔다. 올해 발행하기로 한 1500억원어치 중 절반을 연초에 집중 발행하는 것이다. 서울시가 이 상품권을 연초에 조기 발행하는 건 이번이 처음이다. ◇”반년도 못 갈 경제정책 방향” 다만 비상 계엄 파문에서 줄탄핵으로","최 권한대행은 “경제 여건 전반을 1분기 중 재점검하고, 필요시 추가 경기 보강 방안을 강구하겠다”며 추가경정예산 편성 가능성을 시사했다.",이어진 최근 정치 불안 상황에서 나온 새해 경제정책 방향은 경우에 따라 반년도 가지 못할 ‘임시 대책’이라는 지적이 나온다.,국내공식통계,N,재정·조세,성장률 전망치,"성장률, 내수, 재정, 조세, 경제정책",-,,,,-,-,-,2025,-,Y,확정,2.1%,POLICY_VALUE,rule_fallback,성장률 전망치,-,2025,Y,rule_fallback,증감률,2.1,-,-,N,%,증감률,증가,,정부가 잠재 성장률(약 2%)보다 낮은 새해 성장률 전망치(1.8%)를 공식화하면서 경기가 일시적으로 나쁜 것이 아니라 경제의 기초 체력(펀더멘털) 약화로 저성장이 장기화하는 것 아니냐는 우려가 나온다.,high,Y,measurement_rule_fallback:23,Y,23,0,HCX-007,v1.6-early-kosis-context,2026-07-30,성장률 전망치,,2025,Y,2025,,%,%,rate,rate_change,vehicle,,N,N,NOT_KOSIS_VALUE,measurement_usage=POLICY_VALUE,REJECT,NOT_KOSIS_VALUE,,N,,,,,FORECAST_VALUE,전망 표현(전망) — 아직 실현되지 않은 값은 실적통계와 대조할 수 없음,REJECT,Y,direct,,,,,rate,N,N,,
A0031-SPADF516BA0A,A0031-SPADF516BA0A-m7,A0031,"추락하는 성장률, 내수 살려 떠받친다",2025-01-03,https://www.chosun.com/economy/economy_general/2025/01/03/FS5OTJUQ7RC5JIPD2GEHE7U47Q,"기재부 고위 관계자는 “각종 민생 대책에도 경기가 살아나지 않을 경우 여야정 협의체 논의를 거쳐 2분기 내 추경 편성을 검토할 수 있다는 의미”라며 “여야 정치권의 유불리를 따지기보다 경기 회복에 방점을 둘 것”이라고 했다. ◇숙박 쿠폰 100만장 배포… 카드 더 쓰면 20% 추가 공제 정부가 잠재 성장률(약 2%)보다 낮은 새해 성장률 전망치(1.8%)를 공식화하면서 경기가 일시적으로 나쁜 것이 아니라 경제의 기초 체력(펀더멘털) 약화로 저성장이 장기화하는 것 아니냐는 우려가 나온다. 정부는 올해 소비자 물가 상승률도 한국은행의 물가 안정 목표치(2%)보다 낮은 1.8%로 전망해, 6개월 전 전망치(2.1%)보다 0.3%포인트 낮춰 잡았다. 정부 전망대로 1%대 성장률과 물가 상승률이 현실화활 경우 코로나 대유행이 시작된 2020년 이후 5년 만에 처음으로 두 지표가 2%를 밑돌게 된다. ◇ “급한 불부터 끄자” 정부는 이날 발표한 새해 경제정책방향에 각종 내수 진작책을 앞세워 급한 불을 끄는 데 방점을 뒀다. 신차 개소세는 1월 3일 출고분부터 서둘러 앞당기기로 했다. 작년 10월에 차량 구매 계약을 했어도 출고 시점이 1월 3일 이후라면 개소세 혜택을 볼 수 있는 것이다. 정부의 개별소비세 인하는 지난 2018년 7월~2023년 6월 이후 1년 반 만이다. 4000만원짜리 신차를 구입한 경우 원래 개소세는 18%의 기본공제를 제외한 3280만원에 5%를 곱한 164만원이다. 그런데 3.5% 세율을 적용하면 이것이 115만원으로 49만원 줄어든다. 개별소비세액과 연동된 교육세·부가세 등을 포함하면, 줄어드는 세금의 총액은 70만원으로 늘어난다는 것이 기재부 설명이다. 정부는 또 올 한 해 민생·경기 사업의 40%를 1분기 안으로 집행하겠다고 밝히며, 정부 재정이 시장에 서둘러 풀리는 방안을 마련했다고 했다. 가령 노인 일자리 사업은 작년에는 2월부터 급여가 지급되기 시작했는데, 올해는 1월부터 급여가 지급되도록 했다. 전기차·수소차 구매 보조금 지급도 작년 2월 넷째 주부터 시행하던 것에서 올해는 1월 셋째 주로 앞당기기로 했다. 올 상반기에 구매한 전기차에 대해선 정부 보조금도 늘어난다. 기존엔 전기차 업체가 자체 할인해주는 금액의 20%를 정부가 추가 할인해줬는데, 이 추가 할인율을 최대 40%까지로 높인 것이다. ◇민생 입법 재추진 작년에 추진하려다 연말 국회 파행으로 무산된 민생 입법도 다시 추진한다. 먼저 조세특례제한법(조특법)을 고쳐 올 상반기 추가 소비분(전년 대비 5% 이상)에 대해 20%를 소득공제해주는 방안을 추진하기로 했다. 작년에는 추가 소비분의 10%만 공제했는데, 올해는 두 배로 늘리겠다는 것이다. 직전 3년보다 더 많은 금액을 투자한 중소·중견기업에 대해 세금을 더 깎아주는 임시투자세액공제 기한을 작년 말에서 올해 말로 1년 연장하는 조특법 개정도 추진된다. 다만 대기업은 2년 전과 달리 실적이 개선됐다는 이유로 임시투자세액공제를 연장할 계획이 없다고 기재부는 밝혔다. 정부는 이외에도 수도권 이외 지역의 숙박 시설에 묵는 관광객들의 숙박비에서 최대 3만원을 할인해주는 할인 쿠폰을 1년간 100만장 배포할 예정이다. 설 연휴에는 전통시장과 골목형 상점가에서 활용할 수 있는 온누리상품권 할인율도 10%에서 15%(모바일·카드형 기준)로 높인다. 아내는 서울 대기업, 남편은 경남 공장에서 근무하는 방식의 주말부부가 월세 세액공제를 각각 받을 수 있도록 하는 방안을 올해 세법 개정안에 반영하기로 했다.. 정부 발표와 별도로 서울시는 이날 서울 전 지역에서 쓸 수 있는 지역 화폐인 ‘서울사랑상품권’ 750억원어치를 오는 8일 발행한다고 밝혔다. 올해 발행하기로 한 1500억원어치 중 절반을 연초에 집중 발행하는 것이다. 서울시가 이 상품권을 연초에 조기 발행하는 건 이번이 처음이다. ◇”반년도 못 갈 경제정책 방향” 다만 비상 계엄 파문에서 줄탄핵으로","최 권한대행은 “경제 여건 전반을 1분기 중 재점검하고, 필요시 추가 경기 보강 방안을 강구하겠다”며 추가경정예산 편성 가능성을 시사했다.",이어진 최근 정치 불안 상황에서 나온 새해 경제정책 방향은 경우에 따라 반년도 가지 못할 ‘임시 대책’이라는 지적이 나온다.,국내공식통계,N,재정·조세,성장률 전망치,"성장률, 내수, 재정, 조세, 경제정책",-,,,,-,-,-,2025,-,Y,확정,1%,POLICY_VALUE,rule_fallback,성장률 전망치,-,2025,Y,rule_fallback,증감률,1,-,-,N,%,증감률,증가,,정부가 잠재 성장률(약 2%)보다 낮은 새해 성장률 전망치(1.8%)를 공식화하면서 경기가 일시적으로 나쁜 것이 아니라 경제의 기초 체력(펀더멘털) 약화로 저성장이 장기화하는 것 아니냐는 우려가 나온다.,high,Y,measurement_rule_fallback:23,Y,23,0,HCX-007,v1.6-early-kosis-context,2026-07-30,성장률 전망치,,2025,Y,2025,,%,%,rate,rate_change,vehicle,,N,N,NOT_KOSIS_VALUE,measurement_usage=POLICY_VALUE,REJECT,NOT_KOSIS_VALUE,,N,,,,,FORECAST_VALUE,전망 표현(전망) — 아직 실현되지 않은 값은 실적통계와 대조할 수 없음,REJECT,Y,direct,,,,,rate,N,N,,
A0031-SPADF516BA0A,A0031-SPADF516BA0A-m8,A0031,"추락하는 성장률, 내수 살려 떠받친다",2025-01-03,https://www.chosun.com/economy/economy_general/2025/01/03/FS5OTJUQ7RC5JIPD2GEHE7U47Q,"기재부 고위 관계자는 “각종 민생 대책에도 경기가 살아나지 않을 경우 여야정 협의체 논의를 거쳐 2분기 내 추경 편성을 검토할 수 있다는 의미”라며 “여야 정치권의 유불리를 따지기보다 경기 회복에 방점을 둘 것”이라고 했다. ◇숙박 쿠폰 100만장 배포… 카드 더 쓰면 20% 추가 공제 정부가 잠재 성장률(약 2%)보다 낮은 새해 성장률 전망치(1.8%)를 공식화하면서 경기가 일시적으로 나쁜 것이 아니라 경제의 기초 체력(펀더멘털) 약화로 저성장이 장기화하는 것 아니냐는 우려가 나온다. 정부는 올해 소비자 물가 상승률도 한국은행의 물가 안정 목표치(2%)보다 낮은 1.8%로 전망해, 6개월 전 전망치(2.1%)보다 0.3%포인트 낮춰 잡았다. 정부 전망대로 1%대 성장률과 물가 상승률이 현실화활 경우 코로나 대유행이 시작된 2020년 이후 5년 만에 처음으로 두 지표가 2%를 밑돌게 된다. ◇ “급한 불부터 끄자” 정부는 이날 발표한 새해 경제정책방향에 각종 내수 진작책을 앞세워 급한 불을 끄는 데 방점을 뒀다. 신차 개소세는 1월 3일 출고분부터 서둘러 앞당기기로 했다. 작년 10월에 차량 구매 계약을 했어도 출고 시점이 1월 3일 이후라면 개소세 혜택을 볼 수 있는 것이다. 정부의 개별소비세 인하는 지난 2018년 7월~2023년 6월 이후 1년 반 만이다. 4000만원짜리 신차를 구입한 경우 원래 개소세는 18%의 기본공제를 제외한 3280만원에 5%를 곱한 164만원이다. 그런데 3.5% 세율을 적용하면 이것이 115만원으로 49만원 줄어든다. 개별소비세액과 연동된 교육세·부가세 등을 포함하면, 줄어드는 세금의 총액은 70만원으로 늘어난다는 것이 기재부 설명이다. 정부는 또 올 한 해 민생·경기 사업의 40%를 1분기 안으로 집행하겠다고 밝히며, 정부 재정이 시장에 서둘러 풀리는 방안을 마련했다고 했다. 가령 노인 일자리 사업은 작년에는 2월부터 급여가 지급되기 시작했는데, 올해는 1월부터 급여가 지급되도록 했다. 전기차·수소차 구매 보조금 지급도 작년 2월 넷째 주부터 시행하던 것에서 올해는 1월 셋째 주로 앞당기기로 했다. 올 상반기에 구매한 전기차에 대해선 정부 보조금도 늘어난다. 기존엔 전기차 업체가 자체 할인해주는 금액의 20%를 정부가 추가 할인해줬는데, 이 추가 할인율을 최대 40%까지로 높인 것이다. ◇민생 입법 재추진 작년에 추진하려다 연말 국회 파행으로 무산된 민생 입법도 다시 추진한다. 먼저 조세특례제한법(조특법)을 고쳐 올 상반기 추가 소비분(전년 대비 5% 이상)에 대해 20%를 소득공제해주는 방안을 추진하기로 했다. 작년에는 추가 소비분의 10%만 공제했는데, 올해는 두 배로 늘리겠다는 것이다. 직전 3년보다 더 많은 금액을 투자한 중소·중견기업에 대해 세금을 더 깎아주는 임시투자세액공제 기한을 작년 말에서 올해 말로 1년 연장하는 조특법 개정도 추진된다. 다만 대기업은 2년 전과 달리 실적이 개선됐다는 이유로 임시투자세액공제를 연장할 계획이 없다고 기재부는 밝혔다. 정부는 이외에도 수도권 이외 지역의 숙박 시설에 묵는 관광객들의 숙박비에서 최대 3만원을 할인해주는 할인 쿠폰을 1년간 100만장 배포할 예정이다. 설 연휴에는 전통시장과 골목형 상점가에서 활용할 수 있는 온누리상품권 할인율도 10%에서 15%(모바일·카드형 기준)로 높인다. 아내는 서울 대기업, 남편은 경남 공장에서 근무하는 방식의 주말부부가 월세 세액공제를 각각 받을 수 있도록 하는 방안을 올해 세법 개정안에 반영하기로 했다.. 정부 발표와 별도로 서울시는 이날 서울 전 지역에서 쓸 수 있는 지역 화폐인 ‘서울사랑상품권’ 750억원어치를 오는 8일 발행한다고 밝혔다. 올해 발행하기로 한 1500억원어치 중 절반을 연초에 집중 발행하는 것이다. 서울시가 이 상품권을 연초에 조기 발행하는 건 이번이 처음이다. ◇”반년도 못 갈 경제정책 방향” 다만 비상 계엄 파문에서 줄탄핵으로","최 권한대행은 “경제 여건 전반을 1분기 중 재점검하고, 필요시 추가 경기 보강 방안을 강구하겠다”며 추가경정예산 편성 가능성을 시사했다.",이어진 최근 정치 불안 상황에서 나온 새해 경제정책 방향은 경우에 따라 반년도 가지 못할 ‘임시 대책’이라는 지적이 나온다.,국내공식통계,N,재정·조세,성장률 전망치,"성장률, 내수, 재정, 조세, 경제정책",-,,,,-,-,-,2025,-,Y,확정,5년,CONTEXT,rule_fallback,성장률 전망치,-,2025,Y,rule_fallback,참고값,5,-,-,N,년,수준값,증가,,정부가 잠재 성장률(약 2%)보다 낮은 새해 성장률 전망치(1.8%)를 공식화하면서 경기가 일시적으로 나쁜 것이 아니라 경제의 기초 체력(펀더멘털) 약화로 저성장이 장기화하는 것 아니냐는 우려가 나온다.,high,Y,measurement_rule_fallback:23,Y,23,0,HCX-007,v1.6-early-kosis-context,2026-07-30,성장률 전망치,,2025,Y,2025,,년,년,duration,condition,vehicle,,N,N,NOT_KOSIS_VALUE,measurement_usage=CONTEXT,REJECT,NOT_KOSIS_VALUE,,N,,,,,FORECAST_VALUE,전망 표현(전망) — 아직 실현되지 않은 값은 실적통계와 대조할 수 없음,REJECT,Y,direct,,,,,duration,N,N,,
A0031-SPADF516BA0A,A0031-SPADF516BA0A-m9,A0031,"추락하는 성장률, 내수 살려 떠받친다",2025-01-03,https://www.chosun.com/economy/economy_general/2025/01/03/FS5OTJUQ7RC5JIPD2GEHE7U47Q,"기재부 고위 관계자는 “각종 민생 대책에도 경기가 살아나지 않을 경우 여야정 협의체 논의를 거쳐 2분기 내 추경 편성을 검토할 수 있다는 의미”라며 “여야 정치권의 유불리를 따지기보다 경기 회복에 방점을 둘 것”이라고 했다. ◇숙박 쿠폰 100만장 배포… 카드 더 쓰면 20% 추가 공제 정부가 잠재 성장률(약 2%)보다 낮은 새해 성장률 전망치(1.8%)를 공식화하면서 경기가 일시적으로 나쁜 것이 아니라 경제의 기초 체력(펀더멘털) 약화로 저성장이 장기화하는 것 아니냐는 우려가 나온다. 정부는 올해 소비자 물가 상승률도 한국은행의 물가 안정 목표치(2%)보다 낮은 1.8%로 전망해, 6개월 전 전망치(2.1%)보다 0.3%포인트 낮춰 잡았다. 정부 전망대로 1%대 성장률과 물가 상승률이 현실화활 경우 코로나 대유행이 시작된 2020년 이후 5년 만에 처음으로 두 지표가 2%를 밑돌게 된다. ◇ “급한 불부터 끄자” 정부는 이날 발표한 새해 경제정책방향에 각종 내수 진작책을 앞세워 급한 불을 끄는 데 방점을 뒀다. 신차 개소세는 1월 3일 출고분부터 서둘러 앞당기기로 했다. 작년 10월에 차량 구매 계약을 했어도 출고 시점이 1월 3일 이후라면 개소세 혜택을 볼 수 있는 것이다. 정부의 개별소비세 인하는 지난 2018년 7월~2023년 6월 이후 1년 반 만이다. 4000만원짜리 신차를 구입한 경우 원래 개소세는 18%의 기본공제를 제외한 3280만원에 5%를 곱한 164만원이다. 그런데 3.5% 세율을 적용하면 이것이 115만원으로 49만원 줄어든다. 개별소비세액과 연동된 교육세·부가세 등을 포함하면, 줄어드는 세금의 총액은 70만원으로 늘어난다는 것이 기재부 설명이다. 정부는 또 올 한 해 민생·경기 사업의 40%를 1분기 안으로 집행하겠다고 밝히며, 정부 재정이 시장에 서둘러 풀리는 방안을 마련했다고 했다. 가령 노인 일자리 사업은 작년에는 2월부터 급여가 지급되기 시작했는데, 올해는 1월부터 급여가 지급되도록 했다. 전기차·수소차 구매 보조금 지급도 작년 2월 넷째 주부터 시행하던 것에서 올해는 1월 셋째 주로 앞당기기로 했다. 올 상반기에 구매한 전기차에 대해선 정부 보조금도 늘어난다. 기존엔 전기차 업체가 자체 할인해주는 금액의 20%를 정부가 추가 할인해줬는데, 이 추가 할인율을 최대 40%까지로 높인 것이다. ◇민생 입법 재추진 작년에 추진하려다 연말 국회 파행으로 무산된 민생 입법도 다시 추진한다. 먼저 조세특례제한법(조특법)을 고쳐 올 상반기 추가 소비분(전년 대비 5% 이상)에 대해 20%를 소득공제해주는 방안을 추진하기로 했다. 작년에는 추가 소비분의 10%만 공제했는데, 올해는 두 배로 늘리겠다는 것이다. 직전 3년보다 더 많은 금액을 투자한 중소·중견기업에 대해 세금을 더 깎아주는 임시투자세액공제 기한을 작년 말에서 올해 말로 1년 연장하는 조특법 개정도 추진된다. 다만 대기업은 2년 전과 달리 실적이 개선됐다는 이유로 임시투자세액공제를 연장할 계획이 없다고 기재부는 밝혔다. 정부는 이외에도 수도권 이외 지역의 숙박 시설에 묵는 관광객들의 숙박비에서 최대 3만원을 할인해주는 할인 쿠폰을 1년간 100만장 배포할 예정이다. 설 연휴에는 전통시장과 골목형 상점가에서 활용할 수 있는 온누리상품권 할인율도 10%에서 15%(모바일·카드형 기준)로 높인다. 아내는 서울 대기업, 남편은 경남 공장에서 근무하는 방식의 주말부부가 월세 세액공제를 각각 받을 수 있도록 하는 방안을 올해 세법 개정안에 반영하기로 했다.. 정부 발표와 별도로 서울시는 이날 서울 전 지역에서 쓸 수 있는 지역 화폐인 ‘서울사랑상품권’ 750억원어치를 오는 8일 발행한다고 밝혔다. 올해 발행하기로 한 1500억원어치 중 절반을 연초에 집중 발행하는 것이다. 서울시가 이 상품권을 연초에 조기 발행하는 건 이번이 처음이다. ◇”반년도 못 갈 경제정책 방향” 다만 비상 계엄 파문에서 줄탄핵으로","최 권한대행은 “경제 여건 전반을 1분기 중 재점검하고, 필요시 추가 경기 보강 방안을 강구하겠다”며 추가경정예산 편성 가능성을 시사했다.",이어진 최근 정치 불안 상황에서 나온 새해 경제정책 방향은 경우에 따라 반년도 가지 못할 ‘임시 대책’이라는 지적이 나온다.,국내공식통계,N,재정·조세,성장률 전망치,"성장률, 내수, 재정, 조세, 경제정책",-,,,,-,-,-,2025,-,Y,확정,1년,CONTEXT,rule_fallback,성장률 전망치,-,2025,Y,rule_fallback,참고값,1,-,-,N,년,수준값,증가,,정부가 잠재 성장률(약 2%)보다 낮은 새해 성장률 전망치(1.8%)를 공식화하면서 경기가 일시적으로 나쁜 것이 아니라 경제의 기초 체력(펀더멘털) 약화로 저성장이 장기화하는 것 아니냐는 우려가 나온다.,high,Y,measurement_rule_fallback:23,Y,23,0,HCX-007,v1.6-early-kosis-context,2026-07-30,성장률 전망치,,2025,Y,2025,,년,년,duration,condition,vehicle,,N,N,NOT_KOSIS_VALUE,measurement_usage=CONTEXT,REJECT,NOT_KOSIS_VALUE,,N,,,,,FORECAST_VALUE,전망 표현(전망) — 아직 실현되지 않은 값은 실적통계와 대조할 수 없음,REJECT,Y,direct,,,,,duration,N,N,,
A0031-SPADF516BA0A,A0031-SPADF516BA0A-m10,A0031,"추락하는 성장률, 내수 살려 떠받친다",2025-01-03,https://www.chosun.com/economy/economy_general/2025/01/03/FS5OTJUQ7RC5JIPD2GEHE7U47Q,"기재부 고위 관계자는 “각종 민생 대책에도 경기가 살아나지 않을 경우 여야정 협의체 논의를 거쳐 2분기 내 추경 편성을 검토할 수 있다는 의미”라며 “여야 정치권의 유불리를 따지기보다 경기 회복에 방점을 둘 것”이라고 했다. ◇숙박 쿠폰 100만장 배포… 카드 더 쓰면 20% 추가 공제 정부가 잠재 성장률(약 2%)보다 낮은 새해 성장률 전망치(1.8%)를 공식화하면서 경기가 일시적으로 나쁜 것이 아니라 경제의 기초 체력(펀더멘털) 약화로 저성장이 장기화하는 것 아니냐는 우려가 나온다. 정부는 올해 소비자 물가 상승률도 한국은행의 물가 안정 목표치(2%)보다 낮은 1.8%로 전망해, 6개월 전 전망치(2.1%)보다 0.3%포인트 낮춰 잡았다. 정부 전망대로 1%대 성장률과 물가 상승률이 현실화활 경우 코로나 대유행이 시작된 2020년 이후 5년 만에 처음으로 두 지표가 2%를 밑돌게 된다. ◇ “급한 불부터 끄자” 정부는 이날 발표한 새해 경제정책방향에 각종 내수 진작책을 앞세워 급한 불을 끄는 데 방점을 뒀다. 신차 개소세는 1월 3일 출고분부터 서둘러 앞당기기로 했다. 작년 10월에 차량 구매 계약을 했어도 출고 시점이 1월 3일 이후라면 개소세 혜택을 볼 수 있는 것이다. 정부의 개별소비세 인하는 지난 2018년 7월~2023년 6월 이후 1년 반 만이다. 4000만원짜리 신차를 구입한 경우 원래 개소세는 18%의 기본공제를 제외한 3280만원에 5%를 곱한 164만원이다. 그런데 3.5% 세율을 적용하면 이것이 115만원으로 49만원 줄어든다. 개별소비세액과 연동된 교육세·부가세 등을 포함하면, 줄어드는 세금의 총액은 70만원으로 늘어난다는 것이 기재부 설명이다. 정부는 또 올 한 해 민생·경기 사업의 40%를 1분기 안으로 집행하겠다고 밝히며, 정부 재정이 시장에 서둘러 풀리는 방안을 마련했다고 했다. 가령 노인 일자리 사업은 작년에는 2월부터 급여가 지급되기 시작했는데, 올해는 1월부터 급여가 지급되도록 했다. 전기차·수소차 구매 보조금 지급도 작년 2월 넷째 주부터 시행하던 것에서 올해는 1월 셋째 주로 앞당기기로 했다. 올 상반기에 구매한 전기차에 대해선 정부 보조금도 늘어난다. 기존엔 전기차 업체가 자체 할인해주는 금액의 20%를 정부가 추가 할인해줬는데, 이 추가 할인율을 최대 40%까지로 높인 것이다. ◇민생 입법 재추진 작년에 추진하려다 연말 국회 파행으로 무산된 민생 입법도 다시 추진한다. 먼저 조세특례제한법(조특법)을 고쳐 올 상반기 추가 소비분(전년 대비 5% 이상)에 대해 20%를 소득공제해주는 방안을 추진하기로 했다. 작년에는 추가 소비분의 10%만 공제했는데, 올해는 두 배로 늘리겠다는 것이다. 직전 3년보다 더 많은 금액을 투자한 중소·중견기업에 대해 세금을 더 깎아주는 임시투자세액공제 기한을 작년 말에서 올해 말로 1년 연장하는 조특법 개정도 추진된다. 다만 대기업은 2년 전과 달리 실적이 개선됐다는 이유로 임시투자세액공제를 연장할 계획이 없다고 기재부는 밝혔다. 정부는 이외에도 수도권 이외 지역의 숙박 시설에 묵는 관광객들의 숙박비에서 최대 3만원을 할인해주는 할인 쿠폰을 1년간 100만장 배포할 예정이다. 설 연휴에는 전통시장과 골목형 상점가에서 활용할 수 있는 온누리상품권 할인율도 10%에서 15%(모바일·카드형 기준)로 높인다. 아내는 서울 대기업, 남편은 경남 공장에서 근무하는 방식의 주말부부가 월세 세액공제를 각각 받을 수 있도록 하는 방안을 올해 세법 개정안에 반영하기로 했다.. 정부 발표와 별도로 서울시는 이날 서울 전 지역에서 쓸 수 있는 지역 화폐인 ‘서울사랑상품권’ 750억원어치를 오는 8일 발행한다고 밝혔다. 올해 발행하기로 한 1500억원어치 중 절반을 연초에 집중 발행하는 것이다. 서울시가 이 상품권을 연초에 조기 발행하는 건 이번이 처음이다. ◇”반년도 못 갈 경제정책 방향” 다만 비상 계엄 파문에서 줄탄핵으로","최 권한대행은 “경제 여건 전반을 1분기 중 재점검하고, 필요시 추가 경기 보강 방안을 강구하겠다”며 추가경정예산 편성 가능성을 시사했다.",이어진 최근 정치 불안 상황에서 나온 새해 경제정책 방향은 경우에 따라 반년도 가지 못할 ‘임시 대책’이라는 지적이 나온다.,국내공식통계,N,재정·조세,성장률 전망치,"성장률, 내수, 재정, 조세, 경제정책",-,,,,-,-,-,2025,-,Y,확정,4000만원,POLICY_VALUE,rule_fallback,성장률 전망치,-,2025,Y,rule_fallback,현재값,40000000,-,-,N,원,수준값,증가,,정부가 잠재 성장률(약 2%)보다 낮은 새해 성장률 전망치(1.8%)를 공식화하면서 경기가 일시적으로 나쁜 것이 아니라 경제의 기초 체력(펀더멘털) 약화로 저성장이 장기화하는 것 아니냐는 우려가 나온다.,high,Y,measurement_rule_fallback:23,Y,23,0,HCX-007,v1.6-early-kosis-context,2026-07-30,성장률 전망치,,2025,Y,2025,,원,원,currency,amount,vehicle,,N,N,NOT_KOSIS_VALUE,measurement_usage=POLICY_VALUE,REJECT,NOT_KOSIS_VALUE,,N,,,,,FORECAST_VALUE,전망 표현(전망) — 아직 실현되지 않은 값은 실적통계와 대조할 수 없음,REJECT,Y,direct,,,,,currency,N,N,,
A0031-SPADF516BA0A,A0031-SPADF516BA0A-m11,A0031,"추락하는 성장률, 내수 살려 떠받친다",2025-01-03,https://www.chosun.com/economy/economy_general/2025/01/03/FS5OTJUQ7RC5JIPD2GEHE7U47Q,"기재부 고위 관계자는 “각종 민생 대책에도 경기가 살아나지 않을 경우 여야정 협의체 논의를 거쳐 2분기 내 추경 편성을 검토할 수 있다는 의미”라며 “여야 정치권의 유불리를 따지기보다 경기 회복에 방점을 둘 것”이라고 했다. ◇숙박 쿠폰 100만장 배포… 카드 더 쓰면 20% 추가 공제 정부가 잠재 성장률(약 2%)보다 낮은 새해 성장률 전망치(1.8%)를 공식화하면서 경기가 일시적으로 나쁜 것이 아니라 경제의 기초 체력(펀더멘털) 약화로 저성장이 장기화하는 것 아니냐는 우려가 나온다. 정부는 올해 소비자 물가 상승률도 한국은행의 물가 안정 목표치(2%)보다 낮은 1.8%로 전망해, 6개월 전 전망치(2.1%)보다 0.3%포인트 낮춰 잡았다. 정부 전망대로 1%대 성장률과 물가 상승률이 현실화활 경우 코로나 대유행이 시작된 2020년 이후 5년 만에 처음으로 두 지표가 2%를 밑돌게 된다. ◇ “급한 불부터 끄자” 정부는 이날 발표한 새해 경제정책방향에 각종 내수 진작책을 앞세워 급한 불을 끄는 데 방점을 뒀다. 신차 개소세는 1월 3일 출고분부터 서둘러 앞당기기로 했다. 작년 10월에 차량 구매 계약을 했어도 출고 시점이 1월 3일 이후라면 개소세 혜택을 볼 수 있는 것이다. 정부의 개별소비세 인하는 지난 2018년 7월~2023년 6월 이후 1년 반 만이다. 4000만원짜리 신차를 구입한 경우 원래 개소세는 18%의 기본공제를 제외한 3280만원에 5%를 곱한 164만원이다. 그런데 3.5% 세율을 적용하면 이것이 115만원으로 49만원 줄어든다. 개별소비세액과 연동된 교육세·부가세 등을 포함하면, 줄어드는 세금의 총액은 70만원으로 늘어난다는 것이 기재부 설명이다. 정부는 또 올 한 해 민생·경기 사업의 40%를 1분기 안으로 집행하겠다고 밝히며, 정부 재정이 시장에 서둘러 풀리는 방안을 마련했다고 했다. 가령 노인 일자리 사업은 작년에는 2월부터 급여가 지급되기 시작했는데, 올해는 1월부터 급여가 지급되도록 했다. 전기차·수소차 구매 보조금 지급도 작년 2월 넷째 주부터 시행하던 것에서 올해는 1월 셋째 주로 앞당기기로 했다. 올 상반기에 구매한 전기차에 대해선 정부 보조금도 늘어난다. 기존엔 전기차 업체가 자체 할인해주는 금액의 20%를 정부가 추가 할인해줬는데, 이 추가 할인율을 최대 40%까지로 높인 것이다. ◇민생 입법 재추진 작년에 추진하려다 연말 국회 파행으로 무산된 민생 입법도 다시 추진한다. 먼저 조세특례제한법(조특법)을 고쳐 올 상반기 추가 소비분(전년 대비 5% 이상)에 대해 20%를 소득공제해주는 방안을 추진하기로 했다. 작년에는 추가 소비분의 10%만 공제했는데, 올해는 두 배로 늘리겠다는 것이다. 직전 3년보다 더 많은 금액을 투자한 중소·중견기업에 대해 세금을 더 깎아주는 임시투자세액공제 기한을 작년 말에서 올해 말로 1년 연장하는 조특법 개정도 추진된다. 다만 대기업은 2년 전과 달리 실적이 개선됐다는 이유로 임시투자세액공제를 연장할 계획이 없다고 기재부는 밝혔다. 정부는 이외에도 수도권 이외 지역의 숙박 시설에 묵는 관광객들의 숙박비에서 최대 3만원을 할인해주는 할인 쿠폰을 1년간 100만장 배포할 예정이다. 설 연휴에는 전통시장과 골목형 상점가에서 활용할 수 있는 온누리상품권 할인율도 10%에서 15%(모바일·카드형 기준)로 높인다. 아내는 서울 대기업, 남편은 경남 공장에서 근무하는 방식의 주말부부가 월세 세액공제를 각각 받을 수 있도록 하는 방안을 올해 세법 개정안에 반영하기로 했다.. 정부 발표와 별도로 서울시는 이날 서울 전 지역에서 쓸 수 있는 지역 화폐인 ‘서울사랑상품권’ 750억원어치를 오는 8일 발행한다고 밝혔다. 올해 발행하기로 한 1500억원어치 중 절반을 연초에 집중 발행하는 것이다. 서울시가 이 상품권을 연초에 조기 발행하는 건 이번이 처음이다. ◇”반년도 못 갈 경제정책 방향” 다만 비상 계엄 파문에서 줄탄핵으로","최 권한대행은 “경제 여건 전반을 1분기 중 재점검하고, 필요시 추가 경기 보강 방안을 강구하겠다”며 추가경정예산 편성 가능성을 시사했다.",이어진 최근 정치 불안 상황에서 나온 새해 경제정책 방향은 경우에 따라 반년도 가지 못할 ‘임시 대책’이라는 지적이 나온다.,국내공식통계,N,재정·조세,성장률 전망치,"성장률, 내수, 재정, 조세, 경제정책",-,,,,-,-,-,2025,-,Y,확정,18%,POLICY_VALUE,rule_fallback,성장률 전망치,-,2025,Y,rule_fallback,증감률,18,-,-,N,%,증감률,증가,,정부가 잠재 성장률(약 2%)보다 낮은 새해 성장률 전망치(1.8%)를 공식화하면서 경기가 일시적으로 나쁜 것이 아니라 경제의 기초 체력(펀더멘털) 약화로 저성장이 장기화하는 것 아니냐는 우려가 나온다.,high,Y,measurement_rule_fallback:23,Y,23,0,HCX-007,v1.6-early-kosis-context,2026-07-30,성장률 전망치,,2025,Y,2025,,%,%,rate,rate_change,vehicle,,N,N,NOT_KOSIS_VALUE,measurement_usage=POLICY_VALUE,REJECT,NOT_KOSIS_VALUE,,N,,,,,FORECAST_VALUE,전망 표현(전망) — 아직 실현되지 않은 값은 실적통계와 대조할 수 없음,REJECT,Y,direct,,,,,rate,N,N,,
A0031-SPADF516BA0A,A0031-SPADF516BA0A-m12,A0031,"추락하는 성장률, 내수 살려 떠받친다",2025-01-03,https://www.chosun.com/economy/economy_general/2025/01/03/FS5OTJUQ7RC5JIPD2GEHE7U47Q,"기재부 고위 관계자는 “각종 민생 대책에도 경기가 살아나지 않을 경우 여야정 협의체 논의를 거쳐 2분기 내 추경 편성을 검토할 수 있다는 의미”라며 “여야 정치권의 유불리를 따지기보다 경기 회복에 방점을 둘 것”이라고 했다. ◇숙박 쿠폰 100만장 배포… 카드 더 쓰면 20% 추가 공제 정부가 잠재 성장률(약 2%)보다 낮은 새해 성장률 전망치(1.8%)를 공식화하면서 경기가 일시적으로 나쁜 것이 아니라 경제의 기초 체력(펀더멘털) 약화로 저성장이 장기화하는 것 아니냐는 우려가 나온다. 정부는 올해 소비자 물가 상승률도 한국은행의 물가 안정 목표치(2%)보다 낮은 1.8%로 전망해, 6개월 전 전망치(2.1%)보다 0.3%포인트 낮춰 잡았다. 정부 전망대로 1%대 성장률과 물가 상승률이 현실화활 경우 코로나 대유행이 시작된 2020년 이후 5년 만에 처음으로 두 지표가 2%를 밑돌게 된다. ◇ “급한 불부터 끄자” 정부는 이날 발표한 새해 경제정책방향에 각종 내수 진작책을 앞세워 급한 불을 끄는 데 방점을 뒀다. 신차 개소세는 1월 3일 출고분부터 서둘러 앞당기기로 했다. 작년 10월에 차량 구매 계약을 했어도 출고 시점이 1월 3일 이후라면 개소세 혜택을 볼 수 있는 것이다. 정부의 개별소비세 인하는 지난 2018년 7월~2023년 6월 이후 1년 반 만이다. 4000만원짜리 신차를 구입한 경우 원래 개소세는 18%의 기본공제를 제외한 3280만원에 5%를 곱한 164만원이다. 그런데 3.5% 세율을 적용하면 이것이 115만원으로 49만원 줄어든다. 개별소비세액과 연동된 교육세·부가세 등을 포함하면, 줄어드는 세금의 총액은 70만원으로 늘어난다는 것이 기재부 설명이다. 정부는 또 올 한 해 민생·경기 사업의 40%를 1분기 안으로 집행하겠다고 밝히며, 정부 재정이 시장에 서둘러 풀리는 방안을 마련했다고 했다. 가령 노인 일자리 사업은 작년에는 2월부터 급여가 지급되기 시작했는데, 올해는 1월부터 급여가 지급되도록 했다. 전기차·수소차 구매 보조금 지급도 작년 2월 넷째 주부터 시행하던 것에서 올해는 1월 셋째 주로 앞당기기로 했다. 올 상반기에 구매한 전기차에 대해선 정부 보조금도 늘어난다. 기존엔 전기차 업체가 자체 할인해주는 금액의 20%를 정부가 추가 할인해줬는데, 이 추가 할인율을 최대 40%까지로 높인 것이다. ◇민생 입법 재추진 작년에 추진하려다 연말 국회 파행으로 무산된 민생 입법도 다시 추진한다. 먼저 조세특례제한법(조특법)을 고쳐 올 상반기 추가 소비분(전년 대비 5% 이상)에 대해 20%를 소득공제해주는 방안을 추진하기로 했다. 작년에는 추가 소비분의 10%만 공제했는데, 올해는 두 배로 늘리겠다는 것이다. 직전 3년보다 더 많은 금액을 투자한 중소·중견기업에 대해 세금을 더 깎아주는 임시투자세액공제 기한을 작년 말에서 올해 말로 1년 연장하는 조특법 개정도 추진된다. 다만 대기업은 2년 전과 달리 실적이 개선됐다는 이유로 임시투자세액공제를 연장할 계획이 없다고 기재부는 밝혔다. 정부는 이외에도 수도권 이외 지역의 숙박 시설에 묵는 관광객들의 숙박비에서 최대 3만원을 할인해주는 할인 쿠폰을 1년간 100만장 배포할 예정이다. 설 연휴에는 전통시장과 골목형 상점가에서 활용할 수 있는 온누리상품권 할인율도 10%에서 15%(모바일·카드형 기준)로 높인다. 아내는 서울 대기업, 남편은 경남 공장에서 근무하는 방식의 주말부부가 월세 세액공제를 각각 받을 수 있도록 하는 방안을 올해 세법 개정안에 반영하기로 했다.. 정부 발표와 별도로 서울시는 이날 서울 전 지역에서 쓸 수 있는 지역 화폐인 ‘서울사랑상품권’ 750억원어치를 오는 8일 발행한다고 밝혔다. 올해 발행하기로 한 1500억원어치 중 절반을 연초에 집중 발행하는 것이다. 서울시가 이 상품권을 연초에 조기 발행하는 건 이번이 처음이다. ◇”반년도 못 갈 경제정책 방향” 다만 비상 계엄 파문에서 줄탄핵으로","최 권한대행은 “경제 여건 전반을 1분기 중 재점검하고, 필요시 추가 경기 보강 방안을 강구하겠다”며 추가경정예산 편성 가능성을 시사했다.",이어진 최근 정치 불안 상황에서 나온 새해 경제정책 방향은 경우에 따라 반년도 가지 못할 ‘임시 대책’이라는 지적이 나온다.,국내공식통계,N,재정·조세,성장률 전망치,"성장률, 내수, 재정, 조세, 경제정책",-,,,,-,-,-,2025,-,Y,확정,3280만원,POLICY_VALUE,rule_fallback,성장률 전망치,-,2025,Y,rule_fallback,현재값,32800000,-,-,N,원,수준값,증가,,정부가 잠재 성장률(약 2%)보다 낮은 새해 성장률 전망치(1.8%)를 공식화하면서 경기가 일시적으로 나쁜 것이 아니라 경제의 기초 체력(펀더멘털) 약화로 저성장이 장기화하는 것 아니냐는 우려가 나온다.,high,Y,measurement_rule_fallback:23,Y,23,0,HCX-007,v1.6-early-kosis-context,2026-07-30,성장률 전망치,,2025,Y,2025,,원,원,currency,amount,vehicle,,N,N,NOT_KOSIS_VALUE,measurement_usage=POLICY_VALUE,REJECT,NOT_KOSIS_VALUE,,N,,,,,FORECAST_VALUE,전망 표현(전망) — 아직 실현되지 않은 값은 실적통계와 대조할 수 없음,REJECT,Y,direct,,,,,currency,N,N,,
A0031-SPADF516BA0A,A0031-SPADF516BA0A-m13,A0031,"추락하는 성장률, 내수 살려 떠받친다",2025-01-03,https://www.chosun.com/economy/economy_general/2025/01/03/FS5OTJUQ7RC5JIPD2GEHE7U47Q,"기재부 고위 관계자는 “각종 민생 대책에도 경기가 살아나지 않을 경우 여야정 협의체 논의를 거쳐 2분기 내 추경 편성을 검토할 수 있다는 의미”라며 “여야 정치권의 유불리를 따지기보다 경기 회복에 방점을 둘 것”이라고 했다. ◇숙박 쿠폰 100만장 배포… 카드 더 쓰면 20% 추가 공제 정부가 잠재 성장률(약 2%)보다 낮은 새해 성장률 전망치(1.8%)를 공식화하면서 경기가 일시적으로 나쁜 것이 아니라 경제의 기초 체력(펀더멘털) 약화로 저성장이 장기화하는 것 아니냐는 우려가 나온다. 정부는 올해 소비자 물가 상승률도 한국은행의 물가 안정 목표치(2%)보다 낮은 1.8%로 전망해, 6개월 전 전망치(2.1%)보다 0.3%포인트 낮춰 잡았다. 정부 전망대로 1%대 성장률과 물가 상승률이 현실화활 경우 코로나 대유행이 시작된 2020년 이후 5년 만에 처음으로 두 지표가 2%를 밑돌게 된다. ◇ “급한 불부터 끄자” 정부는 이날 발표한 새해 경제정책방향에 각종 내수 진작책을 앞세워 급한 불을 끄는 데 방점을 뒀다. 신차 개소세는 1월 3일 출고분부터 서둘러 앞당기기로 했다. 작년 10월에 차량 구매 계약을 했어도 출고 시점이 1월 3일 이후라면 개소세 혜택을 볼 수 있는 것이다. 정부의 개별소비세 인하는 지난 2018년 7월~2023년 6월 이후 1년 반 만이다. 4000만원짜리 신차를 구입한 경우 원래 개소세는 18%의 기본공제를 제외한 3280만원에 5%를 곱한 164만원이다. 그런데 3.5% 세율을 적용하면 이것이 115만원으로 49만원 줄어든다. 개별소비세액과 연동된 교육세·부가세 등을 포함하면, 줄어드는 세금의 총액은 70만원으로 늘어난다는 것이 기재부 설명이다. 정부는 또 올 한 해 민생·경기 사업의 40%를 1분기 안으로 집행하겠다고 밝히며, 정부 재정이 시장에 서둘러 풀리는 방안을 마련했다고 했다. 가령 노인 일자리 사업은 작년에는 2월부터 급여가 지급되기 시작했는데, 올해는 1월부터 급여가 지급되도록 했다. 전기차·수소차 구매 보조금 지급도 작년 2월 넷째 주부터 시행하던 것에서 올해는 1월 셋째 주로 앞당기기로 했다. 올 상반기에 구매한 전기차에 대해선 정부 보조금도 늘어난다. 기존엔 전기차 업체가 자체 할인해주는 금액의 20%를 정부가 추가 할인해줬는데, 이 추가 할인율을 최대 40%까지로 높인 것이다. ◇민생 입법 재추진 작년에 추진하려다 연말 국회 파행으로 무산된 민생 입법도 다시 추진한다. 먼저 조세특례제한법(조특법)을 고쳐 올 상반기 추가 소비분(전년 대비 5% 이상)에 대해 20%를 소득공제해주는 방안을 추진하기로 했다. 작년에는 추가 소비분의 10%만 공제했는데, 올해는 두 배로 늘리겠다는 것이다. 직전 3년보다 더 많은 금액을 투자한 중소·중견기업에 대해 세금을 더 깎아주는 임시투자세액공제 기한을 작년 말에서 올해 말로 1년 연장하는 조특법 개정도 추진된다. 다만 대기업은 2년 전과 달리 실적이 개선됐다는 이유로 임시투자세액공제를 연장할 계획이 없다고 기재부는 밝혔다. 정부는 이외에도 수도권 이외 지역의 숙박 시설에 묵는 관광객들의 숙박비에서 최대 3만원을 할인해주는 할인 쿠폰을 1년간 100만장 배포할 예정이다. 설 연휴에는 전통시장과 골목형 상점가에서 활용할 수 있는 온누리상품권 할인율도 10%에서 15%(모바일·카드형 기준)로 높인다. 아내는 서울 대기업, 남편은 경남 공장에서 근무하는 방식의 주말부부가 월세 세액공제를 각각 받을 수 있도록 하는 방안을 올해 세법 개정안에 반영하기로 했다.. 정부 발표와 별도로 서울시는 이날 서울 전 지역에서 쓸 수 있는 지역 화폐인 ‘서울사랑상품권’ 750억원어치를 오는 8일 발행한다고 밝혔다. 올해 발행하기로 한 1500억원어치 중 절반을 연초에 집중 발행하는 것이다. 서울시가 이 상품권을 연초에 조기 발행하는 건 이번이 처음이다. ◇”반년도 못 갈 경제정책 방향” 다만 비상 계엄 파문에서 줄탄핵으로","최 권한대행은 “경제 여건 전반을 1분기 중 재점검하고, 필요시 추가 경기 보강 방안을 강구하겠다”며 추가경정예산 편성 가능성을 시사했다.",이어진 최근 정치 불안 상황에서 나온 새해 경제정책 방향은 경우에 따라 반년도 가지 못할 ‘임시 대책’이라는 지적이 나온다.,국내공식통계,N,재정·조세,성장률 전망치,"성장률, 내수, 재정, 조세, 경제정책",-,,,,-,-,-,2025,-,Y,확정,5%,POLICY_VALUE,rule_fallback,성장률 전망치,-,2025,Y,rule_fallback,증감률,5,-,-,N,%,증감률,증가,,정부가 잠재 성장률(약 2%)보다 낮은 새해 성장률 전망치(1.8%)를 공식화하면서 경기가 일시적으로 나쁜 것이 아니라 경제의 기초 체력(펀더멘털) 약화로 저성장이 장기화하는 것 아니냐는 우려가 나온다.,high,Y,measurement_rule_fallback:23,Y,23,0,HCX-007,v1.6-early-kosis-context,2026-07-30,성장률 전망치,,2025,Y,2025,,%,%,rate,rate_change,vehicle,,N,N,NOT_KOSIS_VALUE,measurement_usage=POLICY_VALUE,REJECT,NOT_KOSIS_VALUE,,N,,,,,FORECAST_VALUE,전망 표현(전망) — 아직 실현되지 않은 값은 실적통계와 대조할 수 없음,REJECT,Y,direct,,,,,rate,N,N,,
A0031-SPADF516BA0A,A0031-SPADF516BA0A-m14,A0031,"추락하는 성장률, 내수 살려 떠받친다",2025-01-03,https://www.chosun.com/economy/economy_general/2025/01/03/FS5OTJUQ7RC5JIPD2GEHE7U47Q,"기재부 고위 관계자는 “각종 민생 대책에도 경기가 살아나지 않을 경우 여야정 협의체 논의를 거쳐 2분기 내 추경 편성을 검토할 수 있다는 의미”라며 “여야 정치권의 유불리를 따지기보다 경기 회복에 방점을 둘 것”이라고 했다. ◇숙박 쿠폰 100만장 배포… 카드 더 쓰면 20% 추가 공제 정부가 잠재 성장률(약 2%)보다 낮은 새해 성장률 전망치(1.8%)를 공식화하면서 경기가 일시적으로 나쁜 것이 아니라 경제의 기초 체력(펀더멘털) 약화로 저성장이 장기화하는 것 아니냐는 우려가 나온다. 정부는 올해 소비자 물가 상승률도 한국은행의 물가 안정 목표치(2%)보다 낮은 1.8%로 전망해, 6개월 전 전망치(2.1%)보다 0.3%포인트 낮춰 잡았다. 정부 전망대로 1%대 성장률과 물가 상승률이 현실화활 경우 코로나 대유행이 시작된 2020년 이후 5년 만에 처음으로 두 지표가 2%를 밑돌게 된다. ◇ “급한 불부터 끄자” 정부는 이날 발표한 새해 경제정책방향에 각종 내수 진작책을 앞세워 급한 불을 끄는 데 방점을 뒀다. 신차 개소세는 1월 3일 출고분부터 서둘러 앞당기기로 했다. 작년 10월에 차량 구매 계약을 했어도 출고 시점이 1월 3일 이후라면 개소세 혜택을 볼 수 있는 것이다. 정부의 개별소비세 인하는 지난 2018년 7월~2023년 6월 이후 1년 반 만이다. 4000만원짜리 신차를 구입한 경우 원래 개소세는 18%의 기본공제를 제외한 3280만원에 5%를 곱한 164만원이다. 그런데 3.5% 세율을 적용하면 이것이 115만원으로 49만원 줄어든다. 개별소비세액과 연동된 교육세·부가세 등을 포함하면, 줄어드는 세금의 총액은 70만원으로 늘어난다는 것이 기재부 설명이다. 정부는 또 올 한 해 민생·경기 사업의 40%를 1분기 안으로 집행하겠다고 밝히며, 정부 재정이 시장에 서둘러 풀리는 방안을 마련했다고 했다. 가령 노인 일자리 사업은 작년에는 2월부터 급여가 지급되기 시작했는데, 올해는 1월부터 급여가 지급되도록 했다. 전기차·수소차 구매 보조금 지급도 작년 2월 넷째 주부터 시행하던 것에서 올해는 1월 셋째 주로 앞당기기로 했다. 올 상반기에 구매한 전기차에 대해선 정부 보조금도 늘어난다. 기존엔 전기차 업체가 자체 할인해주는 금액의 20%를 정부가 추가 할인해줬는데, 이 추가 할인율을 최대 40%까지로 높인 것이다. ◇민생 입법 재추진 작년에 추진하려다 연말 국회 파행으로 무산된 민생 입법도 다시 추진한다. 먼저 조세특례제한법(조특법)을 고쳐 올 상반기 추가 소비분(전년 대비 5% 이상)에 대해 20%를 소득공제해주는 방안을 추진하기로 했다. 작년에는 추가 소비분의 10%만 공제했는데, 올해는 두 배로 늘리겠다는 것이다. 직전 3년보다 더 많은 금액을 투자한 중소·중견기업에 대해 세금을 더 깎아주는 임시투자세액공제 기한을 작년 말에서 올해 말로 1년 연장하는 조특법 개정도 추진된다. 다만 대기업은 2년 전과 달리 실적이 개선됐다는 이유로 임시투자세액공제를 연장할 계획이 없다고 기재부는 밝혔다. 정부는 이외에도 수도권 이외 지역의 숙박 시설에 묵는 관광객들의 숙박비에서 최대 3만원을 할인해주는 할인 쿠폰을 1년간 100만장 배포할 예정이다. 설 연휴에는 전통시장과 골목형 상점가에서 활용할 수 있는 온누리상품권 할인율도 10%에서 15%(모바일·카드형 기준)로 높인다. 아내는 서울 대기업, 남편은 경남 공장에서 근무하는 방식의 주말부부가 월세 세액공제를 각각 받을 수 있도록 하는 방안을 올해 세법 개정안에 반영하기로 했다.. 정부 발표와 별도로 서울시는 이날 서울 전 지역에서 쓸 수 있는 지역 화폐인 ‘서울사랑상품권’ 750억원어치를 오는 8일 발행한다고 밝혔다. 올해 발행하기로 한 1500억원어치 중 절반을 연초에 집중 발행하는 것이다. 서울시가 이 상품권을 연초에 조기 발행하는 건 이번이 처음이다. ◇”반년도 못 갈 경제정책 방향” 다만 비상 계엄 파문에서 줄탄핵으로","최 권한대행은 “경제 여건 전반을 1분기 중 재점검하고, 필요시 추가 경기 보강 방안을 강구하겠다”며 추가경정예산 편성 가능성을 시사했다.",이어진 최근 정치 불안 상황에서 나온 새해 경제정책 방향은 경우에 따라 반년도 가지 못할 ‘임시 대책’이라는 지적이 나온다.,국내공식통계,N,재정·조세,성장률 전망치,"성장률, 내수, 재정, 조세, 경제정책",-,,,,-,-,-,2025,-,Y,확정,164만원,POLICY_VALUE,rule_fallback,성장률 전망치,-,2025,Y,rule_fallback,현재값,1640000,-,-,N,원,수준값,증가,,정부가 잠재 성장률(약 2%)보다 낮은 새해 성장률 전망치(1.8%)를 공식화하면서 경기가 일시적으로 나쁜 것이 아니라 경제의 기초 체력(펀더멘털) 약화로 저성장이 장기화하는 것 아니냐는 우려가 나온다.,high,Y,measurement_rule_fallback:23,Y,23,0,HCX-007,v1.6-early-kosis-context,2026-07-30,성장률 전망치,,2025,Y,2025,,원,원,currency,amount,vehicle,,N,N,NOT_KOSIS_VALUE,measurement_usage=POLICY_VALUE,REJECT,NOT_KOSIS_VALUE,,N,,,,,FORECAST_VALUE,전망 표현(전망) — 아직 실현되지 않은 값은 실적통계와 대조할 수 없음,REJECT,Y,direct,,,,,currency,N,N,,
A0031-SPADF516BA0A,A0031-SPADF516BA0A-m15,A0031,"추락하는 성장률, 내수 살려 떠받친다",2025-01-03,https://www.chosun.com/economy/economy_general/2025/01/03/FS5OTJUQ7RC5JIPD2GEHE7U47Q,"기재부 고위 관계자는 “각종 민생 대책에도 경기가 살아나지 않을 경우 여야정 협의체 논의를 거쳐 2분기 내 추경 편성을 검토할 수 있다는 의미”라며 “여야 정치권의 유불리를 따지기보다 경기 회복에 방점을 둘 것”이라고 했다. ◇숙박 쿠폰 100만장 배포… 카드 더 쓰면 20% 추가 공제 정부가 잠재 성장률(약 2%)보다 낮은 새해 성장률 전망치(1.8%)를 공식화하면서 경기가 일시적으로 나쁜 것이 아니라 경제의 기초 체력(펀더멘털) 약화로 저성장이 장기화하는 것 아니냐는 우려가 나온다. 정부는 올해 소비자 물가 상승률도 한국은행의 물가 안정 목표치(2%)보다 낮은 1.8%로 전망해, 6개월 전 전망치(2.1%)보다 0.3%포인트 낮춰 잡았다. 정부 전망대로 1%대 성장률과 물가 상승률이 현실화활 경우 코로나 대유행이 시작된 2020년 이후 5년 만에 처음으로 두 지표가 2%를 밑돌게 된다. ◇ “급한 불부터 끄자” 정부는 이날 발표한 새해 경제정책방향에 각종 내수 진작책을 앞세워 급한 불을 끄는 데 방점을 뒀다. 신차 개소세는 1월 3일 출고분부터 서둘러 앞당기기로 했다. 작년 10월에 차량 구매 계약을 했어도 출고 시점이 1월 3일 이후라면 개소세 혜택을 볼 수 있는 것이다. 정부의 개별소비세 인하는 지난 2018년 7월~2023년 6월 이후 1년 반 만이다. 4000만원짜리 신차를 구입한 경우 원래 개소세는 18%의 기본공제를 제외한 3280만원에 5%를 곱한 164만원이다. 그런데 3.5% 세율을 적용하면 이것이 115만원으로 49만원 줄어든다. 개별소비세액과 연동된 교육세·부가세 등을 포함하면, 줄어드는 세금의 총액은 70만원으로 늘어난다는 것이 기재부 설명이다. 정부는 또 올 한 해 민생·경기 사업의 40%를 1분기 안으로 집행하겠다고 밝히며, 정부 재정이 시장에 서둘러 풀리는 방안을 마련했다고 했다. 가령 노인 일자리 사업은 작년에는 2월부터 급여가 지급되기 시작했는데, 올해는 1월부터 급여가 지급되도록 했다. 전기차·수소차 구매 보조금 지급도 작년 2월 넷째 주부터 시행하던 것에서 올해는 1월 셋째 주로 앞당기기로 했다. 올 상반기에 구매한 전기차에 대해선 정부 보조금도 늘어난다. 기존엔 전기차 업체가 자체 할인해주는 금액의 20%를 정부가 추가 할인해줬는데, 이 추가 할인율을 최대 40%까지로 높인 것이다. ◇민생 입법 재추진 작년에 추진하려다 연말 국회 파행으로 무산된 민생 입법도 다시 추진한다. 먼저 조세특례제한법(조특법)을 고쳐 올 상반기 추가 소비분(전년 대비 5% 이상)에 대해 20%를 소득공제해주는 방안을 추진하기로 했다. 작년에는 추가 소비분의 10%만 공제했는데, 올해는 두 배로 늘리겠다는 것이다. 직전 3년보다 더 많은 금액을 투자한 중소·중견기업에 대해 세금을 더 깎아주는 임시투자세액공제 기한을 작년 말에서 올해 말로 1년 연장하는 조특법 개정도 추진된다. 다만 대기업은 2년 전과 달리 실적이 개선됐다는 이유로 임시투자세액공제를 연장할 계획이 없다고 기재부는 밝혔다. 정부는 이외에도 수도권 이외 지역의 숙박 시설에 묵는 관광객들의 숙박비에서 최대 3만원을 할인해주는 할인 쿠폰을 1년간 100만장 배포할 예정이다. 설 연휴에는 전통시장과 골목형 상점가에서 활용할 수 있는 온누리상품권 할인율도 10%에서 15%(모바일·카드형 기준)로 높인다. 아내는 서울 대기업, 남편은 경남 공장에서 근무하는 방식의 주말부부가 월세 세액공제를 각각 받을 수 있도록 하는 방안을 올해 세법 개정안에 반영하기로 했다.. 정부 발표와 별도로 서울시는 이날 서울 전 지역에서 쓸 수 있는 지역 화폐인 ‘서울사랑상품권’ 750억원어치를 오는 8일 발행한다고 밝혔다. 올해 발행하기로 한 1500억원어치 중 절반을 연초에 집중 발행하는 것이다. 서울시가 이 상품권을 연초에 조기 발행하는 건 이번이 처음이다. ◇”반년도 못 갈 경제정책 방향” 다만 비상 계엄 파문에서 줄탄핵으로","최 권한대행은 “경제 여건 전반을 1분기 중 재점검하고, 필요시 추가 경기 보강 방안을 강구하겠다”며 추가경정예산 편성 가능성을 시사했다.",이어진 최근 정치 불안 상황에서 나온 새해 경제정책 방향은 경우에 따라 반년도 가지 못할 ‘임시 대책’이라는 지적이 나온다.,국내공식통계,N,재정·조세,성장률 전망치,"성장률, 내수, 재정, 조세, 경제정책",-,,,,-,-,-,2025,-,Y,확정,3.5%,POLICY_VALUE,rule_fallback,성장률 전망치,-,2025,Y,rule_fallback,증감률,3.5,-,-,N,%,증감률,증가,,정부가 잠재 성장률(약 2%)보다 낮은 새해 성장률 전망치(1.8%)를 공식화하면서 경기가 일시적으로 나쁜 것이 아니라 경제의 기초 체력(펀더멘털) 약화로 저성장이 장기화하는 것 아니냐는 우려가 나온다.,high,Y,measurement_rule_fallback:23,Y,23,0,HCX-007,v1.6-early-kosis-context,2026-07-30,성장률 전망치,,2025,Y,2025,,%,%,rate,rate_change,vehicle,,N,N,NOT_KOSIS_VALUE,measurement_usage=POLICY_VALUE,REJECT,NOT_KOSIS_VALUE,,N,,,,,FORECAST_VALUE,전망 표현(전망) — 아직 실현되지 않은 값은 실적통계와 대조할 수 없음,REJECT,Y,direct,,,,,rate,N,N,,
A0031-SPADF516BA0A,A0031-SPADF516BA0A-m16,A0031,"추락하는 성장률, 내수 살려 떠받친다",2025-01-03,https://www.chosun.com/economy/economy_general/2025/01/03/FS5OTJUQ7RC5JIPD2GEHE7U47Q,"기재부 고위 관계자는 “각종 민생 대책에도 경기가 살아나지 않을 경우 여야정 협의체 논의를 거쳐 2분기 내 추경 편성을 검토할 수 있다는 의미”라며 “여야 정치권의 유불리를 따지기보다 경기 회복에 방점을 둘 것”이라고 했다. ◇숙박 쿠폰 100만장 배포… 카드 더 쓰면 20% 추가 공제 정부가 잠재 성장률(약 2%)보다 낮은 새해 성장률 전망치(1.8%)를 공식화하면서 경기가 일시적으로 나쁜 것이 아니라 경제의 기초 체력(펀더멘털) 약화로 저성장이 장기화하는 것 아니냐는 우려가 나온다. 정부는 올해 소비자 물가 상승률도 한국은행의 물가 안정 목표치(2%)보다 낮은 1.8%로 전망해, 6개월 전 전망치(2.1%)보다 0.3%포인트 낮춰 잡았다. 정부 전망대로 1%대 성장률과 물가 상승률이 현실화활 경우 코로나 대유행이 시작된 2020년 이후 5년 만에 처음으로 두 지표가 2%를 밑돌게 된다. ◇ “급한 불부터 끄자” 정부는 이날 발표한 새해 경제정책방향에 각종 내수 진작책을 앞세워 급한 불을 끄는 데 방점을 뒀다. 신차 개소세는 1월 3일 출고분부터 서둘러 앞당기기로 했다. 작년 10월에 차량 구매 계약을 했어도 출고 시점이 1월 3일 이후라면 개소세 혜택을 볼 수 있는 것이다. 정부의 개별소비세 인하는 지난 2018년 7월~2023년 6월 이후 1년 반 만이다. 4000만원짜리 신차를 구입한 경우 원래 개소세는 18%의 기본공제를 제외한 3280만원에 5%를 곱한 164만원이다. 그런데 3.5% 세율을 적용하면 이것이 115만원으로 49만원 줄어든다. 개별소비세액과 연동된 교육세·부가세 등을 포함하면, 줄어드는 세금의 총액은 70만원으로 늘어난다는 것이 기재부 설명이다. 정부는 또 올 한 해 민생·경기 사업의 40%를 1분기 안으로 집행하겠다고 밝히며, 정부 재정이 시장에 서둘러 풀리는 방안을 마련했다고 했다. 가령 노인 일자리 사업은 작년에는 2월부터 급여가 지급되기 시작했는데, 올해는 1월부터 급여가 지급되도록 했다. 전기차·수소차 구매 보조금 지급도 작년 2월 넷째 주부터 시행하던 것에서 올해는 1월 셋째 주로 앞당기기로 했다. 올 상반기에 구매한 전기차에 대해선 정부 보조금도 늘어난다. 기존엔 전기차 업체가 자체 할인해주는 금액의 20%를 정부가 추가 할인해줬는데, 이 추가 할인율을 최대 40%까지로 높인 것이다. ◇민생 입법 재추진 작년에 추진하려다 연말 국회 파행으로 무산된 민생 입법도 다시 추진한다. 먼저 조세특례제한법(조특법)을 고쳐 올 상반기 추가 소비분(전년 대비 5% 이상)에 대해 20%를 소득공제해주는 방안을 추진하기로 했다. 작년에는 추가 소비분의 10%만 공제했는데, 올해는 두 배로 늘리겠다는 것이다. 직전 3년보다 더 많은 금액을 투자한 중소·중견기업에 대해 세금을 더 깎아주는 임시투자세액공제 기한을 작년 말에서 올해 말로 1년 연장하는 조특법 개정도 추진된다. 다만 대기업은 2년 전과 달리 실적이 개선됐다는 이유로 임시투자세액공제를 연장할 계획이 없다고 기재부는 밝혔다. 정부는 이외에도 수도권 이외 지역의 숙박 시설에 묵는 관광객들의 숙박비에서 최대 3만원을 할인해주는 할인 쿠폰을 1년간 100만장 배포할 예정이다. 설 연휴에는 전통시장과 골목형 상점가에서 활용할 수 있는 온누리상품권 할인율도 10%에서 15%(모바일·카드형 기준)로 높인다. 아내는 서울 대기업, 남편은 경남 공장에서 근무하는 방식의 주말부부가 월세 세액공제를 각각 받을 수 있도록 하는 방안을 올해 세법 개정안에 반영하기로 했다.. 정부 발표와 별도로 서울시는 이날 서울 전 지역에서 쓸 수 있는 지역 화폐인 ‘서울사랑상품권’ 750억원어치를 오는 8일 발행한다고 밝혔다. 올해 발행하기로 한 1500억원어치 중 절반을 연초에 집중 발행하는 것이다. 서울시가 이 상품권을 연초에 조기 발행하는 건 이번이 처음이다. ◇”반년도 못 갈 경제정책 방향” 다만 비상 계엄 파문에서 줄탄핵으로","최 권한대행은 “경제 여건 전반을 1분기 중 재점검하고, 필요시 추가 경기 보강 방안을 강구하겠다”며 추가경정예산 편성 가능성을 시사했다.",이어진 최근 정치 불안 상황에서 나온 새해 경제정책 방향은 경우에 따라 반년도 가지 못할 ‘임시 대책’이라는 지적이 나온다.,국내공식통계,N,재정·조세,성장률 전망치,"성장률, 내수, 재정, 조세, 경제정책",-,,,,-,-,-,2025,-,Y,확정,115만원,POLICY_VALUE,rule_fallback,성장률 전망치,-,2025,Y,rule_fallback,현재값,1150000,-,-,N,원,수준값,증가,,정부가 잠재 성장률(약 2%)보다 낮은 새해 성장률 전망치(1.8%)를 공식화하면서 경기가 일시적으로 나쁜 것이 아니라 경제의 기초 체력(펀더멘털) 약화로 저성장이 장기화하는 것 아니냐는 우려가 나온다.,high,Y,measurement_rule_fallback:23,Y,23,0,HCX-007,v1.6-early-kosis-context,2026-07-30,성장률 전망치,,2025,Y,2025,,원,원,currency,amount,vehicle,,N,N,NOT_KOSIS_VALUE,measurement_usage=POLICY_VALUE,REJECT,NOT_KOSIS_VALUE,,N,,,,,FORECAST_VALUE,전망 표현(전망) — 아직 실현되지 않은 값은 실적통계와 대조할 수 없음,REJECT,Y,direct,,,,,currency,N,N,,
A0031-SPADF516BA0A,A0031-SPADF516BA0A-m17,A0031,"추락하는 성장률, 내수 살려 떠받친다",2025-01-03,https://www.chosun.com/economy/economy_general/2025/01/03/FS5OTJUQ7RC5JIPD2GEHE7U47Q,"기재부 고위 관계자는 “각종 민생 대책에도 경기가 살아나지 않을 경우 여야정 협의체 논의를 거쳐 2분기 내 추경 편성을 검토할 수 있다는 의미”라며 “여야 정치권의 유불리를 따지기보다 경기 회복에 방점을 둘 것”이라고 했다. ◇숙박 쿠폰 100만장 배포… 카드 더 쓰면 20% 추가 공제 정부가 잠재 성장률(약 2%)보다 낮은 새해 성장률 전망치(1.8%)를 공식화하면서 경기가 일시적으로 나쁜 것이 아니라 경제의 기초 체력(펀더멘털) 약화로 저성장이 장기화하는 것 아니냐는 우려가 나온다. 정부는 올해 소비자 물가 상승률도 한국은행의 물가 안정 목표치(2%)보다 낮은 1.8%로 전망해, 6개월 전 전망치(2.1%)보다 0.3%포인트 낮춰 잡았다. 정부 전망대로 1%대 성장률과 물가 상승률이 현실화활 경우 코로나 대유행이 시작된 2020년 이후 5년 만에 처음으로 두 지표가 2%를 밑돌게 된다. ◇ “급한 불부터 끄자” 정부는 이날 발표한 새해 경제정책방향에 각종 내수 진작책을 앞세워 급한 불을 끄는 데 방점을 뒀다. 신차 개소세는 1월 3일 출고분부터 서둘러 앞당기기로 했다. 작년 10월에 차량 구매 계약을 했어도 출고 시점이 1월 3일 이후라면 개소세 혜택을 볼 수 있는 것이다. 정부의 개별소비세 인하는 지난 2018년 7월~2023년 6월 이후 1년 반 만이다. 4000만원짜리 신차를 구입한 경우 원래 개소세는 18%의 기본공제를 제외한 3280만원에 5%를 곱한 164만원이다. 그런데 3.5% 세율을 적용하면 이것이 115만원으로 49만원 줄어든다. 개별소비세액과 연동된 교육세·부가세 등을 포함하면, 줄어드는 세금의 총액은 70만원으로 늘어난다는 것이 기재부 설명이다. 정부는 또 올 한 해 민생·경기 사업의 40%를 1분기 안으로 집행하겠다고 밝히며, 정부 재정이 시장에 서둘러 풀리는 방안을 마련했다고 했다. 가령 노인 일자리 사업은 작년에는 2월부터 급여가 지급되기 시작했는데, 올해는 1월부터 급여가 지급되도록 했다. 전기차·수소차 구매 보조금 지급도 작년 2월 넷째 주부터 시행하던 것에서 올해는 1월 셋째 주로 앞당기기로 했다. 올 상반기에 구매한 전기차에 대해선 정부 보조금도 늘어난다. 기존엔 전기차 업체가 자체 할인해주는 금액의 20%를 정부가 추가 할인해줬는데, 이 추가 할인율을 최대 40%까지로 높인 것이다. ◇민생 입법 재추진 작년에 추진하려다 연말 국회 파행으로 무산된 민생 입법도 다시 추진한다. 먼저 조세특례제한법(조특법)을 고쳐 올 상반기 추가 소비분(전년 대비 5% 이상)에 대해 20%를 소득공제해주는 방안을 추진하기로 했다. 작년에는 추가 소비분의 10%만 공제했는데, 올해는 두 배로 늘리겠다는 것이다. 직전 3년보다 더 많은 금액을 투자한 중소·중견기업에 대해 세금을 더 깎아주는 임시투자세액공제 기한을 작년 말에서 올해 말로 1년 연장하는 조특법 개정도 추진된다. 다만 대기업은 2년 전과 달리 실적이 개선됐다는 이유로 임시투자세액공제를 연장할 계획이 없다고 기재부는 밝혔다. 정부는 이외에도 수도권 이외 지역의 숙박 시설에 묵는 관광객들의 숙박비에서 최대 3만원을 할인해주는 할인 쿠폰을 1년간 100만장 배포할 예정이다. 설 연휴에는 전통시장과 골목형 상점가에서 활용할 수 있는 온누리상품권 할인율도 10%에서 15%(모바일·카드형 기준)로 높인다. 아내는 서울 대기업, 남편은 경남 공장에서 근무하는 방식의 주말부부가 월세 세액공제를 각각 받을 수 있도록 하는 방안을 올해 세법 개정안에 반영하기로 했다.. 정부 발표와 별도로 서울시는 이날 서울 전 지역에서 쓸 수 있는 지역 화폐인 ‘서울사랑상품권’ 750억원어치를 오는 8일 발행한다고 밝혔다. 올해 발행하기로 한 1500억원어치 중 절반을 연초에 집중 발행하는 것이다. 서울시가 이 상품권을 연초에 조기 발행하는 건 이번이 처음이다. ◇”반년도 못 갈 경제정책 방향” 다만 비상 계엄 파문에서 줄탄핵으로","최 권한대행은 “경제 여건 전반을 1분기 중 재점검하고, 필요시 추가 경기 보강 방안을 강구하겠다”며 추가경정예산 편성 가능성을 시사했다.",이어진 최근 정치 불안 상황에서 나온 새해 경제정책 방향은 경우에 따라 반년도 가지 못할 ‘임시 대책’이라는 지적이 나온다.,국내공식통계,N,재정·조세,성장률 전망치,"성장률, 내수, 재정, 조세, 경제정책",-,,,,-,-,-,2025,-,Y,확정,49만원,POLICY_VALUE,rule_fallback,성장률 전망치,-,2025,Y,rule_fallback,현재값,490000,-,-,N,원,수준값,증가,,정부가 잠재 성장률(약 2%)보다 낮은 새해 성장률 전망치(1.8%)를 공식화하면서 경기가 일시적으로 나쁜 것이 아니라 경제의 기초 체력(펀더멘털) 약화로 저성장이 장기화하는 것 아니냐는 우려가 나온다.,high,Y,measurement_rule_fallback:23,Y,23,0,HCX-007,v1.6-early-kosis-context,2026-07-30,성장률 전망치,,2025,Y,2025,,원,원,currency,amount,vehicle,,N,N,NOT_KOSIS_VALUE,measurement_usage=POLICY_VALUE,REJECT,NOT_KOSIS_VALUE,,N,,,,,FORECAST_VALUE,전망 표현(전망) — 아직 실현되지 않은 값은 실적통계와 대조할 수 없음,REJECT,Y,direct,,,,,currency,N,N,,
A0031-SPADF516BA0A,A0031-SPADF516BA0A-m18,A0031,"추락하는 성장률, 내수 살려 떠받친다",2025-01-03,https://www.chosun.com/economy/economy_general/2025/01/03/FS5OTJUQ7RC5JIPD2GEHE7U47Q,"기재부 고위 관계자는 “각종 민생 대책에도 경기가 살아나지 않을 경우 여야정 협의체 논의를 거쳐 2분기 내 추경 편성을 검토할 수 있다는 의미”라며 “여야 정치권의 유불리를 따지기보다 경기 회복에 방점을 둘 것”이라고 했다. ◇숙박 쿠폰 100만장 배포… 카드 더 쓰면 20% 추가 공제 정부가 잠재 성장률(약 2%)보다 낮은 새해 성장률 전망치(1.8%)를 공식화하면서 경기가 일시적으로 나쁜 것이 아니라 경제의 기초 체력(펀더멘털) 약화로 저성장이 장기화하는 것 아니냐는 우려가 나온다. 정부는 올해 소비자 물가 상승률도 한국은행의 물가 안정 목표치(2%)보다 낮은 1.8%로 전망해, 6개월 전 전망치(2.1%)보다 0.3%포인트 낮춰 잡았다. 정부 전망대로 1%대 성장률과 물가 상승률이 현실화활 경우 코로나 대유행이 시작된 2020년 이후 5년 만에 처음으로 두 지표가 2%를 밑돌게 된다. ◇ “급한 불부터 끄자” 정부는 이날 발표한 새해 경제정책방향에 각종 내수 진작책을 앞세워 급한 불을 끄는 데 방점을 뒀다. 신차 개소세는 1월 3일 출고분부터 서둘러 앞당기기로 했다. 작년 10월에 차량 구매 계약을 했어도 출고 시점이 1월 3일 이후라면 개소세 혜택을 볼 수 있는 것이다. 정부의 개별소비세 인하는 지난 2018년 7월~2023년 6월 이후 1년 반 만이다. 4000만원짜리 신차를 구입한 경우 원래 개소세는 18%의 기본공제를 제외한 3280만원에 5%를 곱한 164만원이다. 그런데 3.5% 세율을 적용하면 이것이 115만원으로 49만원 줄어든다. 개별소비세액과 연동된 교육세·부가세 등을 포함하면, 줄어드는 세금의 총액은 70만원으로 늘어난다는 것이 기재부 설명이다. 정부는 또 올 한 해 민생·경기 사업의 40%를 1분기 안으로 집행하겠다고 밝히며, 정부 재정이 시장에 서둘러 풀리는 방안을 마련했다고 했다. 가령 노인 일자리 사업은 작년에는 2월부터 급여가 지급되기 시작했는데, 올해는 1월부터 급여가 지급되도록 했다. 전기차·수소차 구매 보조금 지급도 작년 2월 넷째 주부터 시행하던 것에서 올해는 1월 셋째 주로 앞당기기로 했다. 올 상반기에 구매한 전기차에 대해선 정부 보조금도 늘어난다. 기존엔 전기차 업체가 자체 할인해주는 금액의 20%를 정부가 추가 할인해줬는데, 이 추가 할인율을 최대 40%까지로 높인 것이다. ◇민생 입법 재추진 작년에 추진하려다 연말 국회 파행으로 무산된 민생 입법도 다시 추진한다. 먼저 조세특례제한법(조특법)을 고쳐 올 상반기 추가 소비분(전년 대비 5% 이상)에 대해 20%를 소득공제해주는 방안을 추진하기로 했다. 작년에는 추가 소비분의 10%만 공제했는데, 올해는 두 배로 늘리겠다는 것이다. 직전 3년보다 더 많은 금액을 투자한 중소·중견기업에 대해 세금을 더 깎아주는 임시투자세액공제 기한을 작년 말에서 올해 말로 1년 연장하는 조특법 개정도 추진된다. 다만 대기업은 2년 전과 달리 실적이 개선됐다는 이유로 임시투자세액공제를 연장할 계획이 없다고 기재부는 밝혔다. 정부는 이외에도 수도권 이외 지역의 숙박 시설에 묵는 관광객들의 숙박비에서 최대 3만원을 할인해주는 할인 쿠폰을 1년간 100만장 배포할 예정이다. 설 연휴에는 전통시장과 골목형 상점가에서 활용할 수 있는 온누리상품권 할인율도 10%에서 15%(모바일·카드형 기준)로 높인다. 아내는 서울 대기업, 남편은 경남 공장에서 근무하는 방식의 주말부부가 월세 세액공제를 각각 받을 수 있도록 하는 방안을 올해 세법 개정안에 반영하기로 했다.. 정부 발표와 별도로 서울시는 이날 서울 전 지역에서 쓸 수 있는 지역 화폐인 ‘서울사랑상품권’ 750억원어치를 오는 8일 발행한다고 밝혔다. 올해 발행하기로 한 1500억원어치 중 절반을 연초에 집중 발행하는 것이다. 서울시가 이 상품권을 연초에 조기 발행하는 건 이번이 처음이다. ◇”반년도 못 갈 경제정책 방향” 다만 비상 계엄 파문에서 줄탄핵으로","최 권한대행은 “경제 여건 전반을 1분기 중 재점검하고, 필요시 추가 경기 보강 방안을 강구하겠다”며 추가경정예산 편성 가능성을 시사했다.",이어진 최근 정치 불안 상황에서 나온 새해 경제정책 방향은 경우에 따라 반년도 가지 못할 ‘임시 대책’이라는 지적이 나온다.,국내공식통계,N,재정·조세,성장률 전망치,"성장률, 내수, 재정, 조세, 경제정책",-,,,,-,-,-,2025,-,Y,확정,70만원,POLICY_VALUE,rule_fallback,성장률 전망치,-,2025,Y,rule_fallback,현재값,700000,-,-,N,원,수준값,증가,,정부가 잠재 성장률(약 2%)보다 낮은 새해 성장률 전망치(1.8%)를 공식화하면서 경기가 일시적으로 나쁜 것이 아니라 경제의 기초 체력(펀더멘털) 약화로 저성장이 장기화하는 것 아니냐는 우려가 나온다.,high,Y,measurement_rule_fallback:23,Y,23,0,HCX-007,v1.6-early-kosis-context,2026-07-30,성장률 전망치,,2025,Y,2025,,원,원,currency,amount,vehicle,,N,N,NOT_KOSIS_VALUE,measurement_usage=POLICY_VALUE,REJECT,NOT_KOSIS_VALUE,,N,,,,,FORECAST_VALUE,전망 표현(전망) — 아직 실현되지 않은 값은 실적통계와 대조할 수 없음,REJECT,Y,direct,,,,,currency,N,N,,
A0031-SPADF516BA0A,A0031-SPADF516BA0A-m19,A0031,"추락하는 성장률, 내수 살려 떠받친다",2025-01-03,https://www.chosun.com/economy/economy_general/2025/01/03/FS5OTJUQ7RC5JIPD2GEHE7U47Q,"기재부 고위 관계자는 “각종 민생 대책에도 경기가 살아나지 않을 경우 여야정 협의체 논의를 거쳐 2분기 내 추경 편성을 검토할 수 있다는 의미”라며 “여야 정치권의 유불리를 따지기보다 경기 회복에 방점을 둘 것”이라고 했다. ◇숙박 쿠폰 100만장 배포… 카드 더 쓰면 20% 추가 공제 정부가 잠재 성장률(약 2%)보다 낮은 새해 성장률 전망치(1.8%)를 공식화하면서 경기가 일시적으로 나쁜 것이 아니라 경제의 기초 체력(펀더멘털) 약화로 저성장이 장기화하는 것 아니냐는 우려가 나온다. 정부는 올해 소비자 물가 상승률도 한국은행의 물가 안정 목표치(2%)보다 낮은 1.8%로 전망해, 6개월 전 전망치(2.1%)보다 0.3%포인트 낮춰 잡았다. 정부 전망대로 1%대 성장률과 물가 상승률이 현실화활 경우 코로나 대유행이 시작된 2020년 이후 5년 만에 처음으로 두 지표가 2%를 밑돌게 된다. ◇ “급한 불부터 끄자” 정부는 이날 발표한 새해 경제정책방향에 각종 내수 진작책을 앞세워 급한 불을 끄는 데 방점을 뒀다. 신차 개소세는 1월 3일 출고분부터 서둘러 앞당기기로 했다. 작년 10월에 차량 구매 계약을 했어도 출고 시점이 1월 3일 이후라면 개소세 혜택을 볼 수 있는 것이다. 정부의 개별소비세 인하는 지난 2018년 7월~2023년 6월 이후 1년 반 만이다. 4000만원짜리 신차를 구입한 경우 원래 개소세는 18%의 기본공제를 제외한 3280만원에 5%를 곱한 164만원이다. 그런데 3.5% 세율을 적용하면 이것이 115만원으로 49만원 줄어든다. 개별소비세액과 연동된 교육세·부가세 등을 포함하면, 줄어드는 세금의 총액은 70만원으로 늘어난다는 것이 기재부 설명이다. 정부는 또 올 한 해 민생·경기 사업의 40%를 1분기 안으로 집행하겠다고 밝히며, 정부 재정이 시장에 서둘러 풀리는 방안을 마련했다고 했다. 가령 노인 일자리 사업은 작년에는 2월부터 급여가 지급되기 시작했는데, 올해는 1월부터 급여가 지급되도록 했다. 전기차·수소차 구매 보조금 지급도 작년 2월 넷째 주부터 시행하던 것에서 올해는 1월 셋째 주로 앞당기기로 했다. 올 상반기에 구매한 전기차에 대해선 정부 보조금도 늘어난다. 기존엔 전기차 업체가 자체 할인해주는 금액의 20%를 정부가 추가 할인해줬는데, 이 추가 할인율을 최대 40%까지로 높인 것이다. ◇민생 입법 재추진 작년에 추진하려다 연말 국회 파행으로 무산된 민생 입법도 다시 추진한다. 먼저 조세특례제한법(조특법)을 고쳐 올 상반기 추가 소비분(전년 대비 5% 이상)에 대해 20%를 소득공제해주는 방안을 추진하기로 했다. 작년에는 추가 소비분의 10%만 공제했는데, 올해는 두 배로 늘리겠다는 것이다. 직전 3년보다 더 많은 금액을 투자한 중소·중견기업에 대해 세금을 더 깎아주는 임시투자세액공제 기한을 작년 말에서 올해 말로 1년 연장하는 조특법 개정도 추진된다. 다만 대기업은 2년 전과 달리 실적이 개선됐다는 이유로 임시투자세액공제를 연장할 계획이 없다고 기재부는 밝혔다. 정부는 이외에도 수도권 이외 지역의 숙박 시설에 묵는 관광객들의 숙박비에서 최대 3만원을 할인해주는 할인 쿠폰을 1년간 100만장 배포할 예정이다. 설 연휴에는 전통시장과 골목형 상점가에서 활용할 수 있는 온누리상품권 할인율도 10%에서 15%(모바일·카드형 기준)로 높인다. 아내는 서울 대기업, 남편은 경남 공장에서 근무하는 방식의 주말부부가 월세 세액공제를 각각 받을 수 있도록 하는 방안을 올해 세법 개정안에 반영하기로 했다.. 정부 발표와 별도로 서울시는 이날 서울 전 지역에서 쓸 수 있는 지역 화폐인 ‘서울사랑상품권’ 750억원어치를 오는 8일 발행한다고 밝혔다. 올해 발행하기로 한 1500억원어치 중 절반을 연초에 집중 발행하는 것이다. 서울시가 이 상품권을 연초에 조기 발행하는 건 이번이 처음이다. ◇”반년도 못 갈 경제정책 방향” 다만 비상 계엄 파문에서 줄탄핵으로","최 권한대행은 “경제 여건 전반을 1분기 중 재점검하고, 필요시 추가 경기 보강 방안을 강구하겠다”며 추가경정예산 편성 가능성을 시사했다.",이어진 최근 정치 불안 상황에서 나온 새해 경제정책 방향은 경우에 따라 반년도 가지 못할 ‘임시 대책’이라는 지적이 나온다.,국내공식통계,N,재정·조세,성장률 전망치,"성장률, 내수, 재정, 조세, 경제정책",-,,,,-,-,-,2025,-,Y,확정,40%,POLICY_VALUE,rule_fallback,성장률 전망치,-,2025,Y,rule_fallback,증감률,40,-,-,N,%,증감률,증가,,정부가 잠재 성장률(약 2%)보다 낮은 새해 성장률 전망치(1.8%)를 공식화하면서 경기가 일시적으로 나쁜 것이 아니라 경제의 기초 체력(펀더멘털) 약화로 저성장이 장기화하는 것 아니냐는 우려가 나온다.,high,Y,measurement_rule_fallback:23,Y,23,0,HCX-007,v1.6-early-kosis-context,2026-07-30,성장률 전망치,,2025,Y,2025,,%,%,rate,rate_change,vehicle,,N,N,NOT_KOSIS_VALUE,measurement_usage=POLICY_VALUE,REJECT,NOT_KOSIS_VALUE,,N,,,,,FORECAST_VALUE,전망 표현(전망) — 아직 실현되지 않은 값은 실적통계와 대조할 수 없음,REJECT,Y,direct,,,,,rate,N,N,,
A0031-SPADF516BA0A,A0031-SPADF516BA0A-m20,A0031,"추락하는 성장률, 내수 살려 떠받친다",2025-01-03,https://www.chosun.com/economy/economy_general/2025/01/03/FS5OTJUQ7RC5JIPD2GEHE7U47Q,"기재부 고위 관계자는 “각종 민생 대책에도 경기가 살아나지 않을 경우 여야정 협의체 논의를 거쳐 2분기 내 추경 편성을 검토할 수 있다는 의미”라며 “여야 정치권의 유불리를 따지기보다 경기 회복에 방점을 둘 것”이라고 했다. ◇숙박 쿠폰 100만장 배포… 카드 더 쓰면 20% 추가 공제 정부가 잠재 성장률(약 2%)보다 낮은 새해 성장률 전망치(1.8%)를 공식화하면서 경기가 일시적으로 나쁜 것이 아니라 경제의 기초 체력(펀더멘털) 약화로 저성장이 장기화하는 것 아니냐는 우려가 나온다. 정부는 올해 소비자 물가 상승률도 한국은행의 물가 안정 목표치(2%)보다 낮은 1.8%로 전망해, 6개월 전 전망치(2.1%)보다 0.3%포인트 낮춰 잡았다. 정부 전망대로 1%대 성장률과 물가 상승률이 현실화활 경우 코로나 대유행이 시작된 2020년 이후 5년 만에 처음으로 두 지표가 2%를 밑돌게 된다. ◇ “급한 불부터 끄자” 정부는 이날 발표한 새해 경제정책방향에 각종 내수 진작책을 앞세워 급한 불을 끄는 데 방점을 뒀다. 신차 개소세는 1월 3일 출고분부터 서둘러 앞당기기로 했다. 작년 10월에 차량 구매 계약을 했어도 출고 시점이 1월 3일 이후라면 개소세 혜택을 볼 수 있는 것이다. 정부의 개별소비세 인하는 지난 2018년 7월~2023년 6월 이후 1년 반 만이다. 4000만원짜리 신차를 구입한 경우 원래 개소세는 18%의 기본공제를 제외한 3280만원에 5%를 곱한 164만원이다. 그런데 3.5% 세율을 적용하면 이것이 115만원으로 49만원 줄어든다. 개별소비세액과 연동된 교육세·부가세 등을 포함하면, 줄어드는 세금의 총액은 70만원으로 늘어난다는 것이 기재부 설명이다. 정부는 또 올 한 해 민생·경기 사업의 40%를 1분기 안으로 집행하겠다고 밝히며, 정부 재정이 시장에 서둘러 풀리는 방안을 마련했다고 했다. 가령 노인 일자리 사업은 작년에는 2월부터 급여가 지급되기 시작했는데, 올해는 1월부터 급여가 지급되도록 했다. 전기차·수소차 구매 보조금 지급도 작년 2월 넷째 주부터 시행하던 것에서 올해는 1월 셋째 주로 앞당기기로 했다. 올 상반기에 구매한 전기차에 대해선 정부 보조금도 늘어난다. 기존엔 전기차 업체가 자체 할인해주는 금액의 20%를 정부가 추가 할인해줬는데, 이 추가 할인율을 최대 40%까지로 높인 것이다. ◇민생 입법 재추진 작년에 추진하려다 연말 국회 파행으로 무산된 민생 입법도 다시 추진한다. 먼저 조세특례제한법(조특법)을 고쳐 올 상반기 추가 소비분(전년 대비 5% 이상)에 대해 20%를 소득공제해주는 방안을 추진하기로 했다. 작년에는 추가 소비분의 10%만 공제했는데, 올해는 두 배로 늘리겠다는 것이다. 직전 3년보다 더 많은 금액을 투자한 중소·중견기업에 대해 세금을 더 깎아주는 임시투자세액공제 기한을 작년 말에서 올해 말로 1년 연장하는 조특법 개정도 추진된다. 다만 대기업은 2년 전과 달리 실적이 개선됐다는 이유로 임시투자세액공제를 연장할 계획이 없다고 기재부는 밝혔다. 정부는 이외에도 수도권 이외 지역의 숙박 시설에 묵는 관광객들의 숙박비에서 최대 3만원을 할인해주는 할인 쿠폰을 1년간 100만장 배포할 예정이다. 설 연휴에는 전통시장과 골목형 상점가에서 활용할 수 있는 온누리상품권 할인율도 10%에서 15%(모바일·카드형 기준)로 높인다. 아내는 서울 대기업, 남편은 경남 공장에서 근무하는 방식의 주말부부가 월세 세액공제를 각각 받을 수 있도록 하는 방안을 올해 세법 개정안에 반영하기로 했다.. 정부 발표와 별도로 서울시는 이날 서울 전 지역에서 쓸 수 있는 지역 화폐인 ‘서울사랑상품권’ 750억원어치를 오는 8일 발행한다고 밝혔다. 올해 발행하기로 한 1500억원어치 중 절반을 연초에 집중 발행하는 것이다. 서울시가 이 상품권을 연초에 조기 발행하는 건 이번이 처음이다. ◇”반년도 못 갈 경제정책 방향” 다만 비상 계엄 파문에서 줄탄핵으로","최 권한대행은 “경제 여건 전반을 1분기 중 재점검하고, 필요시 추가 경기 보강 방안을 강구하겠다”며 추가경정예산 편성 가능성을 시사했다.",이어진 최근 정치 불안 상황에서 나온 새해 경제정책 방향은 경우에 따라 반년도 가지 못할 ‘임시 대책’이라는 지적이 나온다.,국내공식통계,N,재정·조세,성장률 전망치,"성장률, 내수, 재정, 조세, 경제정책",-,,,,-,-,-,2025,-,Y,확정,10%,POLICY_VALUE,rule_fallback,성장률 전망치,-,2025,Y,rule_fallback,증감률,10,-,-,N,%,증감률,증가,,정부가 잠재 성장률(약 2%)보다 낮은 새해 성장률 전망치(1.8%)를 공식화하면서 경기가 일시적으로 나쁜 것이 아니라 경제의 기초 체력(펀더멘털) 약화로 저성장이 장기화하는 것 아니냐는 우려가 나온다.,high,Y,measurement_rule_fallback:23,Y,23,0,HCX-007,v1.6-early-kosis-context,2026-07-30,성장률 전망치,,2025,Y,2025,,%,%,rate,rate_level,vehicle,,N,N,NOT_KOSIS_VALUE,measurement_usage=POLICY_VALUE,REJECT,NOT_KOSIS_VALUE,,N,,,,,FORECAST_VALUE,전망 표현(전망) — 아직 실현되지 않은 값은 실적통계와 대조할 수 없음,REJECT,Y,direct,,,,,rate,N,N,,
A0031-SPADF516BA0A,A0031-SPADF516BA0A-m21,A0031,"추락하는 성장률, 내수 살려 떠받친다",2025-01-03,https://www.chosun.com/economy/economy_general/2025/01/03/FS5OTJUQ7RC5JIPD2GEHE7U47Q,"기재부 고위 관계자는 “각종 민생 대책에도 경기가 살아나지 않을 경우 여야정 협의체 논의를 거쳐 2분기 내 추경 편성을 검토할 수 있다는 의미”라며 “여야 정치권의 유불리를 따지기보다 경기 회복에 방점을 둘 것”이라고 했다. ◇숙박 쿠폰 100만장 배포… 카드 더 쓰면 20% 추가 공제 정부가 잠재 성장률(약 2%)보다 낮은 새해 성장률 전망치(1.8%)를 공식화하면서 경기가 일시적으로 나쁜 것이 아니라 경제의 기초 체력(펀더멘털) 약화로 저성장이 장기화하는 것 아니냐는 우려가 나온다. 정부는 올해 소비자 물가 상승률도 한국은행의 물가 안정 목표치(2%)보다 낮은 1.8%로 전망해, 6개월 전 전망치(2.1%)보다 0.3%포인트 낮춰 잡았다. 정부 전망대로 1%대 성장률과 물가 상승률이 현실화활 경우 코로나 대유행이 시작된 2020년 이후 5년 만에 처음으로 두 지표가 2%를 밑돌게 된다. ◇ “급한 불부터 끄자” 정부는 이날 발표한 새해 경제정책방향에 각종 내수 진작책을 앞세워 급한 불을 끄는 데 방점을 뒀다. 신차 개소세는 1월 3일 출고분부터 서둘러 앞당기기로 했다. 작년 10월에 차량 구매 계약을 했어도 출고 시점이 1월 3일 이후라면 개소세 혜택을 볼 수 있는 것이다. 정부의 개별소비세 인하는 지난 2018년 7월~2023년 6월 이후 1년 반 만이다. 4000만원짜리 신차를 구입한 경우 원래 개소세는 18%의 기본공제를 제외한 3280만원에 5%를 곱한 164만원이다. 그런데 3.5% 세율을 적용하면 이것이 115만원으로 49만원 줄어든다. 개별소비세액과 연동된 교육세·부가세 등을 포함하면, 줄어드는 세금의 총액은 70만원으로 늘어난다는 것이 기재부 설명이다. 정부는 또 올 한 해 민생·경기 사업의 40%를 1분기 안으로 집행하겠다고 밝히며, 정부 재정이 시장에 서둘러 풀리는 방안을 마련했다고 했다. 가령 노인 일자리 사업은 작년에는 2월부터 급여가 지급되기 시작했는데, 올해는 1월부터 급여가 지급되도록 했다. 전기차·수소차 구매 보조금 지급도 작년 2월 넷째 주부터 시행하던 것에서 올해는 1월 셋째 주로 앞당기기로 했다. 올 상반기에 구매한 전기차에 대해선 정부 보조금도 늘어난다. 기존엔 전기차 업체가 자체 할인해주는 금액의 20%를 정부가 추가 할인해줬는데, 이 추가 할인율을 최대 40%까지로 높인 것이다. ◇민생 입법 재추진 작년에 추진하려다 연말 국회 파행으로 무산된 민생 입법도 다시 추진한다. 먼저 조세특례제한법(조특법)을 고쳐 올 상반기 추가 소비분(전년 대비 5% 이상)에 대해 20%를 소득공제해주는 방안을 추진하기로 했다. 작년에는 추가 소비분의 10%만 공제했는데, 올해는 두 배로 늘리겠다는 것이다. 직전 3년보다 더 많은 금액을 투자한 중소·중견기업에 대해 세금을 더 깎아주는 임시투자세액공제 기한을 작년 말에서 올해 말로 1년 연장하는 조특법 개정도 추진된다. 다만 대기업은 2년 전과 달리 실적이 개선됐다는 이유로 임시투자세액공제를 연장할 계획이 없다고 기재부는 밝혔다. 정부는 이외에도 수도권 이외 지역의 숙박 시설에 묵는 관광객들의 숙박비에서 최대 3만원을 할인해주는 할인 쿠폰을 1년간 100만장 배포할 예정이다. 설 연휴에는 전통시장과 골목형 상점가에서 활용할 수 있는 온누리상품권 할인율도 10%에서 15%(모바일·카드형 기준)로 높인다. 아내는 서울 대기업, 남편은 경남 공장에서 근무하는 방식의 주말부부가 월세 세액공제를 각각 받을 수 있도록 하는 방안을 올해 세법 개정안에 반영하기로 했다.. 정부 발표와 별도로 서울시는 이날 서울 전 지역에서 쓸 수 있는 지역 화폐인 ‘서울사랑상품권’ 750억원어치를 오는 8일 발행한다고 밝혔다. 올해 발행하기로 한 1500억원어치 중 절반을 연초에 집중 발행하는 것이다. 서울시가 이 상품권을 연초에 조기 발행하는 건 이번이 처음이다. ◇”반년도 못 갈 경제정책 방향” 다만 비상 계엄 파문에서 줄탄핵으로","최 권한대행은 “경제 여건 전반을 1분기 중 재점검하고, 필요시 추가 경기 보강 방안을 강구하겠다”며 추가경정예산 편성 가능성을 시사했다.",이어진 최근 정치 불안 상황에서 나온 새해 경제정책 방향은 경우에 따라 반년도 가지 못할 ‘임시 대책’이라는 지적이 나온다.,국내공식통계,N,재정·조세,성장률 전망치,"성장률, 내수, 재정, 조세, 경제정책",-,,,,-,-,-,2025,-,Y,확정,3년,CONTEXT,rule_fallback,성장률 전망치,-,2025,Y,rule_fallback,참고값,3,-,-,N,년,수준값,증가,,정부가 잠재 성장률(약 2%)보다 낮은 새해 성장률 전망치(1.8%)를 공식화하면서 경기가 일시적으로 나쁜 것이 아니라 경제의 기초 체력(펀더멘털) 약화로 저성장이 장기화하는 것 아니냐는 우려가 나온다.,high,Y,measurement_rule_fallback:23,Y,23,0,HCX-007,v1.6-early-kosis-context,2026-07-30,성장률 전망치,,2025,Y,2025,,년,년,duration,condition,vehicle,,N,N,NOT_KOSIS_VALUE,measurement_usage=CONTEXT,REJECT,NOT_KOSIS_VALUE,,N,,,,,FORECAST_VALUE,전망 표현(전망) — 아직 실현되지 않은 값은 실적통계와 대조할 수 없음,REJECT,Y,direct,,,,,duration,N,N,,
A0031-SPADF516BA0A,A0031-SPADF516BA0A-m22,A0031,"추락하는 성장률, 내수 살려 떠받친다",2025-01-03,https://www.chosun.com/economy/economy_general/2025/01/03/FS5OTJUQ7RC5JIPD2GEHE7U47Q,"기재부 고위 관계자는 “각종 민생 대책에도 경기가 살아나지 않을 경우 여야정 협의체 논의를 거쳐 2분기 내 추경 편성을 검토할 수 있다는 의미”라며 “여야 정치권의 유불리를 따지기보다 경기 회복에 방점을 둘 것”이라고 했다. ◇숙박 쿠폰 100만장 배포… 카드 더 쓰면 20% 추가 공제 정부가 잠재 성장률(약 2%)보다 낮은 새해 성장률 전망치(1.8%)를 공식화하면서 경기가 일시적으로 나쁜 것이 아니라 경제의 기초 체력(펀더멘털) 약화로 저성장이 장기화하는 것 아니냐는 우려가 나온다. 정부는 올해 소비자 물가 상승률도 한국은행의 물가 안정 목표치(2%)보다 낮은 1.8%로 전망해, 6개월 전 전망치(2.1%)보다 0.3%포인트 낮춰 잡았다. 정부 전망대로 1%대 성장률과 물가 상승률이 현실화활 경우 코로나 대유행이 시작된 2020년 이후 5년 만에 처음으로 두 지표가 2%를 밑돌게 된다. ◇ “급한 불부터 끄자” 정부는 이날 발표한 새해 경제정책방향에 각종 내수 진작책을 앞세워 급한 불을 끄는 데 방점을 뒀다. 신차 개소세는 1월 3일 출고분부터 서둘러 앞당기기로 했다. 작년 10월에 차량 구매 계약을 했어도 출고 시점이 1월 3일 이후라면 개소세 혜택을 볼 수 있는 것이다. 정부의 개별소비세 인하는 지난 2018년 7월~2023년 6월 이후 1년 반 만이다. 4000만원짜리 신차를 구입한 경우 원래 개소세는 18%의 기본공제를 제외한 3280만원에 5%를 곱한 164만원이다. 그런데 3.5% 세율을 적용하면 이것이 115만원으로 49만원 줄어든다. 개별소비세액과 연동된 교육세·부가세 등을 포함하면, 줄어드는 세금의 총액은 70만원으로 늘어난다는 것이 기재부 설명이다. 정부는 또 올 한 해 민생·경기 사업의 40%를 1분기 안으로 집행하겠다고 밝히며, 정부 재정이 시장에 서둘러 풀리는 방안을 마련했다고 했다. 가령 노인 일자리 사업은 작년에는 2월부터 급여가 지급되기 시작했는데, 올해는 1월부터 급여가 지급되도록 했다. 전기차·수소차 구매 보조금 지급도 작년 2월 넷째 주부터 시행하던 것에서 올해는 1월 셋째 주로 앞당기기로 했다. 올 상반기에 구매한 전기차에 대해선 정부 보조금도 늘어난다. 기존엔 전기차 업체가 자체 할인해주는 금액의 20%를 정부가 추가 할인해줬는데, 이 추가 할인율을 최대 40%까지로 높인 것이다. ◇민생 입법 재추진 작년에 추진하려다 연말 국회 파행으로 무산된 민생 입법도 다시 추진한다. 먼저 조세특례제한법(조특법)을 고쳐 올 상반기 추가 소비분(전년 대비 5% 이상)에 대해 20%를 소득공제해주는 방안을 추진하기로 했다. 작년에는 추가 소비분의 10%만 공제했는데, 올해는 두 배로 늘리겠다는 것이다. 직전 3년보다 더 많은 금액을 투자한 중소·중견기업에 대해 세금을 더 깎아주는 임시투자세액공제 기한을 작년 말에서 올해 말로 1년 연장하는 조특법 개정도 추진된다. 다만 대기업은 2년 전과 달리 실적이 개선됐다는 이유로 임시투자세액공제를 연장할 계획이 없다고 기재부는 밝혔다. 정부는 이외에도 수도권 이외 지역의 숙박 시설에 묵는 관광객들의 숙박비에서 최대 3만원을 할인해주는 할인 쿠폰을 1년간 100만장 배포할 예정이다. 설 연휴에는 전통시장과 골목형 상점가에서 활용할 수 있는 온누리상품권 할인율도 10%에서 15%(모바일·카드형 기준)로 높인다. 아내는 서울 대기업, 남편은 경남 공장에서 근무하는 방식의 주말부부가 월세 세액공제를 각각 받을 수 있도록 하는 방안을 올해 세법 개정안에 반영하기로 했다.. 정부 발표와 별도로 서울시는 이날 서울 전 지역에서 쓸 수 있는 지역 화폐인 ‘서울사랑상품권’ 750억원어치를 오는 8일 발행한다고 밝혔다. 올해 발행하기로 한 1500억원어치 중 절반을 연초에 집중 발행하는 것이다. 서울시가 이 상품권을 연초에 조기 발행하는 건 이번이 처음이다. ◇”반년도 못 갈 경제정책 방향” 다만 비상 계엄 파문에서 줄탄핵으로","최 권한대행은 “경제 여건 전반을 1분기 중 재점검하고, 필요시 추가 경기 보강 방안을 강구하겠다”며 추가경정예산 편성 가능성을 시사했다.",이어진 최근 정치 불안 상황에서 나온 새해 경제정책 방향은 경우에 따라 반년도 가지 못할 ‘임시 대책’이라는 지적이 나온다.,국내공식통계,N,재정·조세,성장률 전망치,"성장률, 내수, 재정, 조세, 경제정책",-,,,,-,-,-,2025,-,Y,확정,2년,CONTEXT,rule_fallback,성장률 전망치,-,2025,Y,rule_fallback,참고값,2,-,-,N,년,수준값,증가,,정부가 잠재 성장률(약 2%)보다 낮은 새해 성장률 전망치(1.8%)를 공식화하면서 경기가 일시적으로 나쁜 것이 아니라 경제의 기초 체력(펀더멘털) 약화로 저성장이 장기화하는 것 아니냐는 우려가 나온다.,high,Y,measurement_rule_fallback:23,Y,23,0,HCX-007,v1.6-early-kosis-context,2026-07-30,성장률 전망치,,2025,Y,2025,,년,년,duration,condition,vehicle,,N,N,NOT_KOSIS_VALUE,measurement_usage=CONTEXT,REJECT,NOT_KOSIS_VALUE,,N,,,,,FORECAST_VALUE,전망 표현(전망) — 아직 실현되지 않은 값은 실적통계와 대조할 수 없음,REJECT,Y,direct,,,,,duration,N,N,,
A0031-SPADF516BA0A,A0031-SPADF516BA0A-m23,A0031,"추락하는 성장률, 내수 살려 떠받친다",2025-01-03,https://www.chosun.com/economy/economy_general/2025/01/03/FS5OTJUQ7RC5JIPD2GEHE7U47Q,"기재부 고위 관계자는 “각종 민생 대책에도 경기가 살아나지 않을 경우 여야정 협의체 논의를 거쳐 2분기 내 추경 편성을 검토할 수 있다는 의미”라며 “여야 정치권의 유불리를 따지기보다 경기 회복에 방점을 둘 것”이라고 했다. ◇숙박 쿠폰 100만장 배포… 카드 더 쓰면 20% 추가 공제 정부가 잠재 성장률(약 2%)보다 낮은 새해 성장률 전망치(1.8%)를 공식화하면서 경기가 일시적으로 나쁜 것이 아니라 경제의 기초 체력(펀더멘털) 약화로 저성장이 장기화하는 것 아니냐는 우려가 나온다. 정부는 올해 소비자 물가 상승률도 한국은행의 물가 안정 목표치(2%)보다 낮은 1.8%로 전망해, 6개월 전 전망치(2.1%)보다 0.3%포인트 낮춰 잡았다. 정부 전망대로 1%대 성장률과 물가 상승률이 현실화활 경우 코로나 대유행이 시작된 2020년 이후 5년 만에 처음으로 두 지표가 2%를 밑돌게 된다. ◇ “급한 불부터 끄자” 정부는 이날 발표한 새해 경제정책방향에 각종 내수 진작책을 앞세워 급한 불을 끄는 데 방점을 뒀다. 신차 개소세는 1월 3일 출고분부터 서둘러 앞당기기로 했다. 작년 10월에 차량 구매 계약을 했어도 출고 시점이 1월 3일 이후라면 개소세 혜택을 볼 수 있는 것이다. 정부의 개별소비세 인하는 지난 2018년 7월~2023년 6월 이후 1년 반 만이다. 4000만원짜리 신차를 구입한 경우 원래 개소세는 18%의 기본공제를 제외한 3280만원에 5%를 곱한 164만원이다. 그런데 3.5% 세율을 적용하면 이것이 115만원으로 49만원 줄어든다. 개별소비세액과 연동된 교육세·부가세 등을 포함하면, 줄어드는 세금의 총액은 70만원으로 늘어난다는 것이 기재부 설명이다. 정부는 또 올 한 해 민생·경기 사업의 40%를 1분기 안으로 집행하겠다고 밝히며, 정부 재정이 시장에 서둘러 풀리는 방안을 마련했다고 했다. 가령 노인 일자리 사업은 작년에는 2월부터 급여가 지급되기 시작했는데, 올해는 1월부터 급여가 지급되도록 했다. 전기차·수소차 구매 보조금 지급도 작년 2월 넷째 주부터 시행하던 것에서 올해는 1월 셋째 주로 앞당기기로 했다. 올 상반기에 구매한 전기차에 대해선 정부 보조금도 늘어난다. 기존엔 전기차 업체가 자체 할인해주는 금액의 20%를 정부가 추가 할인해줬는데, 이 추가 할인율을 최대 40%까지로 높인 것이다. ◇민생 입법 재추진 작년에 추진하려다 연말 국회 파행으로 무산된 민생 입법도 다시 추진한다. 먼저 조세특례제한법(조특법)을 고쳐 올 상반기 추가 소비분(전년 대비 5% 이상)에 대해 20%를 소득공제해주는 방안을 추진하기로 했다. 작년에는 추가 소비분의 10%만 공제했는데, 올해는 두 배로 늘리겠다는 것이다. 직전 3년보다 더 많은 금액을 투자한 중소·중견기업에 대해 세금을 더 깎아주는 임시투자세액공제 기한을 작년 말에서 올해 말로 1년 연장하는 조특법 개정도 추진된다. 다만 대기업은 2년 전과 달리 실적이 개선됐다는 이유로 임시투자세액공제를 연장할 계획이 없다고 기재부는 밝혔다. 정부는 이외에도 수도권 이외 지역의 숙박 시설에 묵는 관광객들의 숙박비에서 최대 3만원을 할인해주는 할인 쿠폰을 1년간 100만장 배포할 예정이다. 설 연휴에는 전통시장과 골목형 상점가에서 활용할 수 있는 온누리상품권 할인율도 10%에서 15%(모바일·카드형 기준)로 높인다. 아내는 서울 대기업, 남편은 경남 공장에서 근무하는 방식의 주말부부가 월세 세액공제를 각각 받을 수 있도록 하는 방안을 올해 세법 개정안에 반영하기로 했다.. 정부 발표와 별도로 서울시는 이날 서울 전 지역에서 쓸 수 있는 지역 화폐인 ‘서울사랑상품권’ 750억원어치를 오는 8일 발행한다고 밝혔다. 올해 발행하기로 한 1500억원어치 중 절반을 연초에 집중 발행하는 것이다. 서울시가 이 상품권을 연초에 조기 발행하는 건 이번이 처음이다. ◇”반년도 못 갈 경제정책 방향” 다만 비상 계엄 파문에서 줄탄핵으로","최 권한대행은 “경제 여건 전반을 1분기 중 재점검하고, 필요시 추가 경기 보강 방안을 강구하겠다”며 추가경정예산 편성 가능성을 시사했다.",이어진 최근 정치 불안 상황에서 나온 새해 경제정책 방향은 경우에 따라 반년도 가지 못할 ‘임시 대책’이라는 지적이 나온다.,국내공식통계,N,재정·조세,성장률 전망치,"성장률, 내수, 재정, 조세, 경제정책",-,,,,-,-,-,2025,-,Y,확정,3만원,POLICY_VALUE,rule_fallback,성장률 전망치,-,2025,Y,rule_fallback,목표값,30000,-,-,N,원,수준값,증가,,정부가 잠재 성장률(약 2%)보다 낮은 새해 성장률 전망치(1.8%)를 공식화하면서 경기가 일시적으로 나쁜 것이 아니라 경제의 기초 체력(펀더멘털) 약화로 저성장이 장기화하는 것 아니냐는 우려가 나온다.,high,Y,measurement_rule_fallback:23,Y,23,0,HCX-007,v1.6-early-kosis-context,2026-07-30,성장률 전망치,,2025,Y,2025,,원,원,currency,amount,vehicle,,N,N,NOT_KOSIS_VALUE,measurement_usage=POLICY_VALUE,REJECT,NOT_KOSIS_VALUE,,N,,,,,FORECAST_VALUE,전망 표현(전망) — 아직 실현되지 않은 값은 실적통계와 대조할 수 없음,REJECT,Y,direct,,,,,currency,N,N,,
A0031-SPADF516BA0A,A0031-SPADF516BA0A-m24,A0031,"추락하는 성장률, 내수 살려 떠받친다",2025-01-03,https://www.chosun.com/economy/economy_general/2025/01/03/FS5OTJUQ7RC5JIPD2GEHE7U47Q,"기재부 고위 관계자는 “각종 민생 대책에도 경기가 살아나지 않을 경우 여야정 협의체 논의를 거쳐 2분기 내 추경 편성을 검토할 수 있다는 의미”라며 “여야 정치권의 유불리를 따지기보다 경기 회복에 방점을 둘 것”이라고 했다. ◇숙박 쿠폰 100만장 배포… 카드 더 쓰면 20% 추가 공제 정부가 잠재 성장률(약 2%)보다 낮은 새해 성장률 전망치(1.8%)를 공식화하면서 경기가 일시적으로 나쁜 것이 아니라 경제의 기초 체력(펀더멘털) 약화로 저성장이 장기화하는 것 아니냐는 우려가 나온다. 정부는 올해 소비자 물가 상승률도 한국은행의 물가 안정 목표치(2%)보다 낮은 1.8%로 전망해, 6개월 전 전망치(2.1%)보다 0.3%포인트 낮춰 잡았다. 정부 전망대로 1%대 성장률과 물가 상승률이 현실화활 경우 코로나 대유행이 시작된 2020년 이후 5년 만에 처음으로 두 지표가 2%를 밑돌게 된다. ◇ “급한 불부터 끄자” 정부는 이날 발표한 새해 경제정책방향에 각종 내수 진작책을 앞세워 급한 불을 끄는 데 방점을 뒀다. 신차 개소세는 1월 3일 출고분부터 서둘러 앞당기기로 했다. 작년 10월에 차량 구매 계약을 했어도 출고 시점이 1월 3일 이후라면 개소세 혜택을 볼 수 있는 것이다. 정부의 개별소비세 인하는 지난 2018년 7월~2023년 6월 이후 1년 반 만이다. 4000만원짜리 신차를 구입한 경우 원래 개소세는 18%의 기본공제를 제외한 3280만원에 5%를 곱한 164만원이다. 그런데 3.5% 세율을 적용하면 이것이 115만원으로 49만원 줄어든다. 개별소비세액과 연동된 교육세·부가세 등을 포함하면, 줄어드는 세금의 총액은 70만원으로 늘어난다는 것이 기재부 설명이다. 정부는 또 올 한 해 민생·경기 사업의 40%를 1분기 안으로 집행하겠다고 밝히며, 정부 재정이 시장에 서둘러 풀리는 방안을 마련했다고 했다. 가령 노인 일자리 사업은 작년에는 2월부터 급여가 지급되기 시작했는데, 올해는 1월부터 급여가 지급되도록 했다. 전기차·수소차 구매 보조금 지급도 작년 2월 넷째 주부터 시행하던 것에서 올해는 1월 셋째 주로 앞당기기로 했다. 올 상반기에 구매한 전기차에 대해선 정부 보조금도 늘어난다. 기존엔 전기차 업체가 자체 할인해주는 금액의 20%를 정부가 추가 할인해줬는데, 이 추가 할인율을 최대 40%까지로 높인 것이다. ◇민생 입법 재추진 작년에 추진하려다 연말 국회 파행으로 무산된 민생 입법도 다시 추진한다. 먼저 조세특례제한법(조특법)을 고쳐 올 상반기 추가 소비분(전년 대비 5% 이상)에 대해 20%를 소득공제해주는 방안을 추진하기로 했다. 작년에는 추가 소비분의 10%만 공제했는데, 올해는 두 배로 늘리겠다는 것이다. 직전 3년보다 더 많은 금액을 투자한 중소·중견기업에 대해 세금을 더 깎아주는 임시투자세액공제 기한을 작년 말에서 올해 말로 1년 연장하는 조특법 개정도 추진된다. 다만 대기업은 2년 전과 달리 실적이 개선됐다는 이유로 임시투자세액공제를 연장할 계획이 없다고 기재부는 밝혔다. 정부는 이외에도 수도권 이외 지역의 숙박 시설에 묵는 관광객들의 숙박비에서 최대 3만원을 할인해주는 할인 쿠폰을 1년간 100만장 배포할 예정이다. 설 연휴에는 전통시장과 골목형 상점가에서 활용할 수 있는 온누리상품권 할인율도 10%에서 15%(모바일·카드형 기준)로 높인다. 아내는 서울 대기업, 남편은 경남 공장에서 근무하는 방식의 주말부부가 월세 세액공제를 각각 받을 수 있도록 하는 방안을 올해 세법 개정안에 반영하기로 했다.. 정부 발표와 별도로 서울시는 이날 서울 전 지역에서 쓸 수 있는 지역 화폐인 ‘서울사랑상품권’ 750억원어치를 오는 8일 발행한다고 밝혔다. 올해 발행하기로 한 1500억원어치 중 절반을 연초에 집중 발행하는 것이다. 서울시가 이 상품권을 연초에 조기 발행하는 건 이번이 처음이다. ◇”반년도 못 갈 경제정책 방향” 다만 비상 계엄 파문에서 줄탄핵으로","최 권한대행은 “경제 여건 전반을 1분기 중 재점검하고, 필요시 추가 경기 보강 방안을 강구하겠다”며 추가경정예산 편성 가능성을 시사했다.",이어진 최근 정치 불안 상황에서 나온 새해 경제정책 방향은 경우에 따라 반년도 가지 못할 ‘임시 대책’이라는 지적이 나온다.,국내공식통계,N,재정·조세,성장률 전망치,"성장률, 내수, 재정, 조세, 경제정책",-,,,,-,-,-,2025,-,Y,확정,15%,POLICY_VALUE,rule_fallback,성장률 전망치,-,2025,Y,rule_fallback,증감률,15,-,-,N,%,증감률,증가,,정부가 잠재 성장률(약 2%)보다 낮은 새해 성장률 전망치(1.8%)를 공식화하면서 경기가 일시적으로 나쁜 것이 아니라 경제의 기초 체력(펀더멘털) 약화로 저성장이 장기화하는 것 아니냐는 우려가 나온다.,high,Y,measurement_rule_fallback:23,Y,23,0,HCX-007,v1.6-early-kosis-context,2026-07-30,성장률 전망치,,2025,Y,2025,,%,%,rate,rate_change,vehicle,,N,N,NOT_KOSIS_VALUE,measurement_usage=POLICY_VALUE,REJECT,NOT_KOSIS_VALUE,,N,,,,,FORECAST_VALUE,전망 표현(전망) — 아직 실현되지 않은 값은 실적통계와 대조할 수 없음,REJECT,Y,direct,,,,,rate,N,N,,
A0031-SPADF516BA0A,A0031-SPADF516BA0A-m25,A0031,"추락하는 성장률, 내수 살려 떠받친다",2025-01-03,https://www.chosun.com/economy/economy_general/2025/01/03/FS5OTJUQ7RC5JIPD2GEHE7U47Q,"기재부 고위 관계자는 “각종 민생 대책에도 경기가 살아나지 않을 경우 여야정 협의체 논의를 거쳐 2분기 내 추경 편성을 검토할 수 있다는 의미”라며 “여야 정치권의 유불리를 따지기보다 경기 회복에 방점을 둘 것”이라고 했다. ◇숙박 쿠폰 100만장 배포… 카드 더 쓰면 20% 추가 공제 정부가 잠재 성장률(약 2%)보다 낮은 새해 성장률 전망치(1.8%)를 공식화하면서 경기가 일시적으로 나쁜 것이 아니라 경제의 기초 체력(펀더멘털) 약화로 저성장이 장기화하는 것 아니냐는 우려가 나온다. 정부는 올해 소비자 물가 상승률도 한국은행의 물가 안정 목표치(2%)보다 낮은 1.8%로 전망해, 6개월 전 전망치(2.1%)보다 0.3%포인트 낮춰 잡았다. 정부 전망대로 1%대 성장률과 물가 상승률이 현실화활 경우 코로나 대유행이 시작된 2020년 이후 5년 만에 처음으로 두 지표가 2%를 밑돌게 된다. ◇ “급한 불부터 끄자” 정부는 이날 발표한 새해 경제정책방향에 각종 내수 진작책을 앞세워 급한 불을 끄는 데 방점을 뒀다. 신차 개소세는 1월 3일 출고분부터 서둘러 앞당기기로 했다. 작년 10월에 차량 구매 계약을 했어도 출고 시점이 1월 3일 이후라면 개소세 혜택을 볼 수 있는 것이다. 정부의 개별소비세 인하는 지난 2018년 7월~2023년 6월 이후 1년 반 만이다. 4000만원짜리 신차를 구입한 경우 원래 개소세는 18%의 기본공제를 제외한 3280만원에 5%를 곱한 164만원이다. 그런데 3.5% 세율을 적용하면 이것이 115만원으로 49만원 줄어든다. 개별소비세액과 연동된 교육세·부가세 등을 포함하면, 줄어드는 세금의 총액은 70만원으로 늘어난다는 것이 기재부 설명이다. 정부는 또 올 한 해 민생·경기 사업의 40%를 1분기 안으로 집행하겠다고 밝히며, 정부 재정이 시장에 서둘러 풀리는 방안을 마련했다고 했다. 가령 노인 일자리 사업은 작년에는 2월부터 급여가 지급되기 시작했는데, 올해는 1월부터 급여가 지급되도록 했다. 전기차·수소차 구매 보조금 지급도 작년 2월 넷째 주부터 시행하던 것에서 올해는 1월 셋째 주로 앞당기기로 했다. 올 상반기에 구매한 전기차에 대해선 정부 보조금도 늘어난다. 기존엔 전기차 업체가 자체 할인해주는 금액의 20%를 정부가 추가 할인해줬는데, 이 추가 할인율을 최대 40%까지로 높인 것이다. ◇민생 입법 재추진 작년에 추진하려다 연말 국회 파행으로 무산된 민생 입법도 다시 추진한다. 먼저 조세특례제한법(조특법)을 고쳐 올 상반기 추가 소비분(전년 대비 5% 이상)에 대해 20%를 소득공제해주는 방안을 추진하기로 했다. 작년에는 추가 소비분의 10%만 공제했는데, 올해는 두 배로 늘리겠다는 것이다. 직전 3년보다 더 많은 금액을 투자한 중소·중견기업에 대해 세금을 더 깎아주는 임시투자세액공제 기한을 작년 말에서 올해 말로 1년 연장하는 조특법 개정도 추진된다. 다만 대기업은 2년 전과 달리 실적이 개선됐다는 이유로 임시투자세액공제를 연장할 계획이 없다고 기재부는 밝혔다. 정부는 이외에도 수도권 이외 지역의 숙박 시설에 묵는 관광객들의 숙박비에서 최대 3만원을 할인해주는 할인 쿠폰을 1년간 100만장 배포할 예정이다. 설 연휴에는 전통시장과 골목형 상점가에서 활용할 수 있는 온누리상품권 할인율도 10%에서 15%(모바일·카드형 기준)로 높인다. 아내는 서울 대기업, 남편은 경남 공장에서 근무하는 방식의 주말부부가 월세 세액공제를 각각 받을 수 있도록 하는 방안을 올해 세법 개정안에 반영하기로 했다.. 정부 발표와 별도로 서울시는 이날 서울 전 지역에서 쓸 수 있는 지역 화폐인 ‘서울사랑상품권’ 750억원어치를 오는 8일 발행한다고 밝혔다. 올해 발행하기로 한 1500억원어치 중 절반을 연초에 집중 발행하는 것이다. 서울시가 이 상품권을 연초에 조기 발행하는 건 이번이 처음이다. ◇”반년도 못 갈 경제정책 방향” 다만 비상 계엄 파문에서 줄탄핵으로","최 권한대행은 “경제 여건 전반을 1분기 중 재점검하고, 필요시 추가 경기 보강 방안을 강구하겠다”며 추가경정예산 편성 가능성을 시사했다.",이어진 최근 정치 불안 상황에서 나온 새해 경제정책 방향은 경우에 따라 반년도 가지 못할 ‘임시 대책’이라는 지적이 나온다.,국내공식통계,N,재정·조세,성장률 전망치,"성장률, 내수, 재정, 조세, 경제정책",-,,,,-,-,-,2025,-,Y,확정,750억원,POLICY_VALUE,rule_fallback,성장률 전망치,-,2025,Y,rule_fallback,현재값,75000000000,-,-,N,원,수준값,증가,,정부가 잠재 성장률(약 2%)보다 낮은 새해 성장률 전망치(1.8%)를 공식화하면서 경기가 일시적으로 나쁜 것이 아니라 경제의 기초 체력(펀더멘털) 약화로 저성장이 장기화하는 것 아니냐는 우려가 나온다.,high,Y,measurement_rule_fallback:23,Y,23,0,HCX-007,v1.6-early-kosis-context,2026-07-30,성장률 전망치,,2025,Y,2025,,원,원,currency,amount,vehicle,,N,N,NOT_KOSIS_VALUE,measurement_usage=POLICY_VALUE,REJECT,NOT_KOSIS_VALUE,,N,,,,,FORECAST_VALUE,전망 표현(전망) — 아직 실현되지 않은 값은 실적통계와 대조할 수 없음,REJECT,Y,direct,,,,,currency,N,N,,
A0031-SPADF516BA0A,A0031-SPADF516BA0A-m26,A0031,"추락하는 성장률, 내수 살려 떠받친다",2025-01-03,https://www.chosun.com/economy/economy_general/2025/01/03/FS5OTJUQ7RC5JIPD2GEHE7U47Q,"기재부 고위 관계자는 “각종 민생 대책에도 경기가 살아나지 않을 경우 여야정 협의체 논의를 거쳐 2분기 내 추경 편성을 검토할 수 있다는 의미”라며 “여야 정치권의 유불리를 따지기보다 경기 회복에 방점을 둘 것”이라고 했다. ◇숙박 쿠폰 100만장 배포… 카드 더 쓰면 20% 추가 공제 정부가 잠재 성장률(약 2%)보다 낮은 새해 성장률 전망치(1.8%)를 공식화하면서 경기가 일시적으로 나쁜 것이 아니라 경제의 기초 체력(펀더멘털) 약화로 저성장이 장기화하는 것 아니냐는 우려가 나온다. 정부는 올해 소비자 물가 상승률도 한국은행의 물가 안정 목표치(2%)보다 낮은 1.8%로 전망해, 6개월 전 전망치(2.1%)보다 0.3%포인트 낮춰 잡았다. 정부 전망대로 1%대 성장률과 물가 상승률이 현실화활 경우 코로나 대유행이 시작된 2020년 이후 5년 만에 처음으로 두 지표가 2%를 밑돌게 된다. ◇ “급한 불부터 끄자” 정부는 이날 발표한 새해 경제정책방향에 각종 내수 진작책을 앞세워 급한 불을 끄는 데 방점을 뒀다. 신차 개소세는 1월 3일 출고분부터 서둘러 앞당기기로 했다. 작년 10월에 차량 구매 계약을 했어도 출고 시점이 1월 3일 이후라면 개소세 혜택을 볼 수 있는 것이다. 정부의 개별소비세 인하는 지난 2018년 7월~2023년 6월 이후 1년 반 만이다. 4000만원짜리 신차를 구입한 경우 원래 개소세는 18%의 기본공제를 제외한 3280만원에 5%를 곱한 164만원이다. 그런데 3.5% 세율을 적용하면 이것이 115만원으로 49만원 줄어든다. 개별소비세액과 연동된 교육세·부가세 등을 포함하면, 줄어드는 세금의 총액은 70만원으로 늘어난다는 것이 기재부 설명이다. 정부는 또 올 한 해 민생·경기 사업의 40%를 1분기 안으로 집행하겠다고 밝히며, 정부 재정이 시장에 서둘러 풀리는 방안을 마련했다고 했다. 가령 노인 일자리 사업은 작년에는 2월부터 급여가 지급되기 시작했는데, 올해는 1월부터 급여가 지급되도록 했다. 전기차·수소차 구매 보조금 지급도 작년 2월 넷째 주부터 시행하던 것에서 올해는 1월 셋째 주로 앞당기기로 했다. 올 상반기에 구매한 전기차에 대해선 정부 보조금도 늘어난다. 기존엔 전기차 업체가 자체 할인해주는 금액의 20%를 정부가 추가 할인해줬는데, 이 추가 할인율을 최대 40%까지로 높인 것이다. ◇민생 입법 재추진 작년에 추진하려다 연말 국회 파행으로 무산된 민생 입법도 다시 추진한다. 먼저 조세특례제한법(조특법)을 고쳐 올 상반기 추가 소비분(전년 대비 5% 이상)에 대해 20%를 소득공제해주는 방안을 추진하기로 했다. 작년에는 추가 소비분의 10%만 공제했는데, 올해는 두 배로 늘리겠다는 것이다. 직전 3년보다 더 많은 금액을 투자한 중소·중견기업에 대해 세금을 더 깎아주는 임시투자세액공제 기한을 작년 말에서 올해 말로 1년 연장하는 조특법 개정도 추진된다. 다만 대기업은 2년 전과 달리 실적이 개선됐다는 이유로 임시투자세액공제를 연장할 계획이 없다고 기재부는 밝혔다. 정부는 이외에도 수도권 이외 지역의 숙박 시설에 묵는 관광객들의 숙박비에서 최대 3만원을 할인해주는 할인 쿠폰을 1년간 100만장 배포할 예정이다. 설 연휴에는 전통시장과 골목형 상점가에서 활용할 수 있는 온누리상품권 할인율도 10%에서 15%(모바일·카드형 기준)로 높인다. 아내는 서울 대기업, 남편은 경남 공장에서 근무하는 방식의 주말부부가 월세 세액공제를 각각 받을 수 있도록 하는 방안을 올해 세법 개정안에 반영하기로 했다.. 정부 발표와 별도로 서울시는 이날 서울 전 지역에서 쓸 수 있는 지역 화폐인 ‘서울사랑상품권’ 750억원어치를 오는 8일 발행한다고 밝혔다. 올해 발행하기로 한 1500억원어치 중 절반을 연초에 집중 발행하는 것이다. 서울시가 이 상품권을 연초에 조기 발행하는 건 이번이 처음이다. ◇”반년도 못 갈 경제정책 방향” 다만 비상 계엄 파문에서 줄탄핵으로","최 권한대행은 “경제 여건 전반을 1분기 중 재점검하고, 필요시 추가 경기 보강 방안을 강구하겠다”며 추가경정예산 편성 가능성을 시사했다.",이어진 최근 정치 불안 상황에서 나온 새해 경제정책 방향은 경우에 따라 반년도 가지 못할 ‘임시 대책’이라는 지적이 나온다.,국내공식통계,N,재정·조세,성장률 전망치,"성장률, 내수, 재정, 조세, 경제정책",-,,,,-,-,-,2025,-,Y,확정,1500억원,POLICY_VALUE,rule_fallback,성장률 전망치,-,2025,Y,rule_fallback,현재값,150000000000,-,-,N,원,수준값,증가,,정부가 잠재 성장률(약 2%)보다 낮은 새해 성장률 전망치(1.8%)를 공식화하면서 경기가 일시적으로 나쁜 것이 아니라 경제의 기초 체력(펀더멘털) 약화로 저성장이 장기화하는 것 아니냐는 우려가 나온다.,high,Y,measurement_rule_fallback:23,Y,23,0,HCX-007,v1.6-early-kosis-context,2026-07-30,성장률 전망치,,2025,Y,2025,,원,원,currency,amount,vehicle,,N,N,NOT_KOSIS_VALUE,measurement_usage=POLICY_VALUE,REJECT,NOT_KOSIS_VALUE,,N,,,,,FORECAST_VALUE,전망 표현(전망) — 아직 실현되지 않은 값은 실적통계와 대조할 수 없음,REJECT,Y,direct,,,,,currency,N,N,,
A0032-SPE5B9DB1B51,A0032-SPE5B9DB1B51-m1,A0032,수의직 7급→6급 높여도… “공무원 안 하죠”,2025-01-03,https://www.chosun.com/economy/economy_general/2025/01/03/TAEI2K7JCBBI5FCC7FT5WEJMRE,전남도는 지난해 ‘6급’ 수의직을 6명 뽑겠다고 발표했다.,-,기존엔 7급으로 선발하던 자리다.,국내공식통계,N,고용,수의직 채용 인원,"수의직, 6급, 전남도, 채용, 공무원",전남도,,,,-,-,-,2024,-,Y,확정,6명,KOSIS_VALUE,hcx,수의직 채용 인원,-,2024,Y,hcx,현재값,6,-,-,N,명,수준값,-,전년,전남도는 지난해 '6급' 수의직을 6명 뽑겠다고 발표했다.,high,N,-,N,0,0,HCX-007,v1.6-early-kosis-context,2026-07-30,수의직 채용 인원,,2024,Y,2024,RELATIVE_YEAR_FROM_ARTICLE_DATE,명,명,person_count,count,unspecified,,N,N,PLAN_VALUE,계획 표현(겠다고) — 아직 실현되지 않은 값은 실적통계와 대조할 수 없음,REJECT,PLAN_VALUE,,N,,,,,PLAN_VALUE,계획 표현(겠다고) — 아직 실현되지 않은 값은 실적통계와 대조할 수 없음,REJECT,Y,direct,,,,,person_count,N,N,,
A0032-SPA62C8D031D,A0032-SPA62C8D031D-m1,A0032,수의직 7급→6급 높여도… “공무원 안 하죠”,2025-01-03,https://www.chosun.com/economy/economy_general/2025/01/03/TAEI2K7JCBBI5FCC7FT5WEJMRE,수의직 7급으로 들어와 6급이 되기까지 통상 10년씩 걸린다.,기존엔 7급으로 선발하던 자리다.,전남도가 6급으로 뽑는다는 건 승진 기한을 10년 줄여준 셈이다.,국내공식통계,N,고용,수의직 승진 기간,"수의직, 7급, 6급, 승진, 공무원",-,,,,-,-,-,,-,,확정,통상 10년씩 걸린다.,CONTEXT,hcx,수의직 승진 기간,-,-,-,hcx,참고값,10,-,-,N,년,수준값,-,,수의직 7급으로 들어와 6급이 되기까지 통상 10년씩 걸린다.,high,N,-,N,0,0,HCX-007,v1.6-early-kosis-context,2026-07-30,수의직 승진 기간,,,,,,년,년,duration,condition,unspecified,,N,N,NOT_KOSIS_VALUE,measurement_usage=CONTEXT,REJECT,NOT_KOSIS_VALUE,,N,,,,,,,,N,direct,,,,,duration,N,N,,
A0032-SPC170C854C3,A0032-SPC170C854C3-m1,A0032,수의직 7급→6급 높여도… “공무원 안 하죠”,2025-01-03,https://www.chosun.com/economy/economy_general/2025/01/03/TAEI2K7JCBBI5FCC7FT5WEJMRE,전남도가 6급으로 뽑는다는 건 승진 기한을 10년 줄여준 셈이다.,수의직 7급으로 들어와 6급이 되기까지 통상 10년씩 걸린다.,그런데 최종 합격자 1명뿐이었다.,국내공식통계,N,고용,수의직 승진 기간,"수의직, 7급, 6급, 승진 기한, 전남도",-,,,,-,-,-,,-,,확정,통상 10년씩 걸린다.,CONTEXT,hcx,수의직 승진 기간,-,-,-,hcx,참고값,10,-,-,N,년,수준값,-,,수의직 7급으로 들어와 6급이 되기까지 통상 10년씩 걸린다.,high,N,-,N,0,0,HCX-007,v1.6-early-kosis-context,2026-07-30,수의직 승진 기간,,,,,,년,년,duration,condition,unspecified,,N,N,NOT_KOSIS_VALUE,measurement_usage=CONTEXT,REJECT,NOT_KOSIS_VALUE,,N,,,,,,,,N,direct,,,,,duration,N,N,,
A0032-SP20DAAC123D,A0032-SP20DAAC123D-m1,A0032,수의직 7급→6급 높여도… “공무원 안 하죠”,2025-01-03,https://www.chosun.com/economy/economy_general/2025/01/03/TAEI2K7JCBBI5FCC7FT5WEJMRE,지난해 9월엔 전국 지자체 중 최초로 수의직을 6급으로 선발한 강원도도 총 18명을 뽑겠다고 했다가 15명만 충원하기도 했다.,"가축방역관은 축산 농가에서 키우는 소, 돼지, 닭들이 전염병에 걸리지 않도록 예방하고, 전염병이 발생하면 대응하는 업무를 맡는다.",가축방역관으로 일할 수의사 지원자를 찾기 어렵자 수의직이 아닌 축산직이나 농업직이 업무를 대체하기도 한다.,국내공식통계,N,고용,수의직 공무원 선발 목표 인원,"수의직, 공무원, 선발 인원",강원도,,,,-,-,-,202409,-,M,확정,18명,KOSIS_VALUE,hcx,수의직 공무원 선발 목표 인원,-,2024-09,M,hcx,목표값,18,-,-,N,명,수준값,-,특정시점,지난해 9월엔 전국 지자체 중 최초로 수의직을 6급으로 선발한 강원도도 총 18명을 뽑겠다고 했다가 15명만 충원하기도 했다.,high,N,-,N,0,0,HCX-007,v1.6-early-kosis-context,2026-07-30,수의직 공무원 선발 인원,,2024-09,M,2024-09,,명,명,person_count,count,unspecified,,N,N,TARGET_VALUE_NOT_OBSERVED,measurement_role=목표값,REJECT,TARGET_VALUE_NOT_OBSERVED,,N,,,,,PLAN_VALUE,계획 표현(겠다고) — 아직 실현되지 않은 값은 실적통계와 대조할 수 없음,REJECT,Y,direct,,,,,person_count,N,N,,
A0032-SP20DAAC123D,A0032-SP20DAAC123D-m2,A0032,수의직 7급→6급 높여도… “공무원 안 하죠”,2025-01-03,https://www.chosun.com/economy/economy_general/2025/01/03/TAEI2K7JCBBI5FCC7FT5WEJMRE,지난해 9월엔 전국 지자체 중 최초로 수의직을 6급으로 선발한 강원도도 총 18명을 뽑겠다고 했다가 15명만 충원하기도 했다.,"가축방역관은 축산 농가에서 키우는 소, 돼지, 닭들이 전염병에 걸리지 않도록 예방하고, 전염병이 발생하면 대응하는 업무를 맡는다.",가축방역관으로 일할 수의사 지원자를 찾기 어렵자 수의직이 아닌 축산직이나 농업직이 업무를 대체하기도 한다.,국내공식통계,N,고용,수의직 공무원 선발 인원,"수의직, 공무원, 선발 인원",강원도,,,,-,-,-,202409,-,M,확정,15명,KOSIS_VALUE,hcx,수의직 공무원 선발 인원,-,2024-09,M,hcx,현재값,15,-,-,N,명,수준값,-,특정시점,지난해 9월엔 전국 지자체 중 최초로 수의직을 6급으로 선발한 강원도도 총 18명을 뽑겠다고 했다가 15명만 충원하기도 했다.,high,N,-,N,0,0,HCX-007,v1.6-early-kosis-context,2026-07-30,수의직 공무원 선발 인원,,2024-09,M,2024-09,,명,명,person_count,count,unspecified,,N,N,PLAN_VALUE,계획 표현(겠다고) — 아직 실현되지 않은 값은 실적통계와 대조할 수 없음,REJECT,PLAN_VALUE,,N,,,,,PLAN_VALUE,계획 표현(겠다고) — 아직 실현되지 않은 값은 실적통계와 대조할 수 없음,REJECT,Y,direct,,,,,person_count,N,N,,
A0032-SP3AB46EE845,A0032-SP3AB46EE845-m1,A0032,수의직 7급→6급 높여도… “공무원 안 하죠”,2025-01-03,https://www.chosun.com/economy/economy_general/2025/01/03/TAEI2K7JCBBI5FCC7FT5WEJMRE,"지난해 9월 전국 가축방역관 정원은 1061명으로, 두 달 전 정원(1214명)보다 100명 넘게 줄어들었다.",가축방역관으로 일할 수의사 지원자를 찾기 어렵자 수의직이 아닌 축산직이나 농업직이 업무를 대체하기도 한다.,농식품부 관계자는 “지역에 가보면 축산직이 담당 팀장으로 있는 경우가 부지기수”라고 했다.,국내공식통계,N,보건·복지,가축방역관 정원,"가축방역관, 정원, 수의사, 축산직, 농업직",-,,,,-,-,-,202409,-,M,확정,1061명,KOSIS_VALUE,hcx,가축방역관 정원,-,2024-09,M,hcx,현재값,1061,-,-,N,명,수준값,-,전월,"지난해 9월 전국 가축방역관 정원은 1061명으로, 두 달 전 정원(1214명)보다 100명 넘게 줄어들었다.",high,N,-,N,0,0,HCX-007,v1.6-early-kosis-context,2026-07-30,가축방역관 정원,,2024-09,M,2024-09,RELATIVE_YEAR_MONTH_FROM_ARTICLE_DATE,명,명,person_count,count,unspecified,,N,N,POLICY_PARAMETER,제도 규정값(정원)은 통계 수치가 아님,REJECT,POLICY_PARAMETER,,N,,,,,POLICY_PARAMETER,제도 규정값(정원)은 통계 수치가 아님,REJECT,Y,direct,,,,,person_count,N,N,,
A0032-SP3AB46EE845,A0032-SP3AB46EE845-m2,A0032,수의직 7급→6급 높여도… “공무원 안 하죠”,2025-01-03,https://www.chosun.com/economy/economy_general/2025/01/03/TAEI2K7JCBBI5FCC7FT5WEJMRE,"지난해 9월 전국 가축방역관 정원은 1061명으로, 두 달 전 정원(1214명)보다 100명 넘게 줄어들었다.",가축방역관으로 일할 수의사 지원자를 찾기 어렵자 수의직이 아닌 축산직이나 농업직이 업무를 대체하기도 한다.,농식품부 관계자는 “지역에 가보면 축산직이 담당 팀장으로 있는 경우가 부지기수”라고 했다.,국내공식통계,N,보건·복지,가축방역관 정원,"가축방역관, 정원, 수의사, 축산직, 농업직",-,,,,-,-,-,202409,-,M,확정,1214명,KOSIS_VALUE,hcx,가축방역관 정원,-,2024-07,M,hcx,이전값,1214,-,-,N,명,수준값,-,전월,"지난해 9월 전국 가축방역관 정원은 1061명으로, 두 달 전 정원(1214명)보다 100명 넘게 줄어들었다.",high,N,-,N,0,0,HCX-007,v1.6-early-kosis-context,2026-07-30,가축방역관 정원,,2024-09,M,2024-07,RELATIVE_YEAR_MONTH_FROM_ARTICLE_DATE,명,명,person_count,count,unspecified,,N,N,POLICY_PARAMETER,제도 규정값(정원)은 통계 수치가 아님,REJECT,POLICY_PARAMETER,,N,,,,,POLICY_PARAMETER,제도 규정값(정원)은 통계 수치가 아님,REJECT,Y,direct,,,,,person_count,N,N,,
A0032-SP3AB46EE845,A0032-SP3AB46EE845-m3,A0032,수의직 7급→6급 높여도… “공무원 안 하죠”,2025-01-03,https://www.chosun.com/economy/economy_general/2025/01/03/TAEI2K7JCBBI5FCC7FT5WEJMRE,"지난해 9월 전국 가축방역관 정원은 1061명으로, 두 달 전 정원(1214명)보다 100명 넘게 줄어들었다.",가축방역관으로 일할 수의사 지원자를 찾기 어렵자 수의직이 아닌 축산직이나 농업직이 업무를 대체하기도 한다.,농식품부 관계자는 “지역에 가보면 축산직이 담당 팀장으로 있는 경우가 부지기수”라고 했다.,국내공식통계,N,보건·복지,가축방역관 정원 감소폭,"가축방역관, 정원, 수의사, 축산직, 농업직",-,,,,-,-,-,202409,-,M,확정,100명,KOSIS_VALUE,hcx,가축방역관 정원 감소폭,-,2024-09,M,hcx,증감값,100,-,-,N,명,증감량,감소,전월,"지난해 9월 전국 가축방역관 정원은 1061명으로, 두 달 전 정원(1214명)보다 100명 넘게 줄어들었다.",high,N,-,N,0,0,HCX-007,v1.6-early-kosis-context,2026-07-30,가축방역관 정원,,2024-09,M,2024-09,ABSOLUTE_CHANGE_FROM_TEXT,명,명,person_count,absolute_change,unspecified,202408,N,N,POLICY_PARAMETER,제도 규정값(정원)은 통계 수치가 아님,REJECT,POLICY_PARAMETER,,N,,,,,POLICY_PARAMETER,제도 규정값(정원)은 통계 수치가 아님,REJECT,Y,direct,,,,,person_count,N,N,,
A0034-SP03A48FFC49,A0034-SP03A48FFC49-m1,A0034,미니소·Chagee·BYD… 중국 브랜드가 몰려온다,2025-01-03,https://www.chosun.com/economy/industry-company/2025/01/03/2LUZ5YGYRFBA5OVQH3TKOZWVC4,BYD는 작년에 2023년 대비 41.3% 증가한 427만대의 차량을 판매했다.,"2020년 뉴욕 증시에 상장한 미니소는 디즈니, 산리오, 포켓몬 등 100개가 넘는 글로벌 콘텐츠와 IP 계약을 체결하고 협업 상품을 내놓고 있다.",순수 전기차는 176만대에 달한다.,개별기업,N,생산·산업,차량판매량 증가율,"BYD, 차량, 판매량, 증가, 전기차",-,,,,-,-,-,2024,-,Y,확정,41.3%,KOSIS_VALUE,hcx,차량판매량 증가율,,2023,Y,hcx,증감률,41.3,-,-,N,%,증감률,증가,전년,BYD는 작년에 2023년 대비 41.3% 증가한 427만대의 차량을 판매했다.,high,N,-,N,0,0,HCX-007,v1.6-early-kosis-context,2026-07-30,차량판매량,전기차,2024,Y,2023,RELATIVE_YEAR_FROM_ARTICLE_DATE|CHANGE_RATE_FROM_TEXT,%,%,rate,rate_change,vehicle,2023,N,N,OUT_OF_KOSIS_SCOPE,claim_domain_scope=개별기업,REJECT,OUT_OF_KOSIS_SCOPE,,Y,전기차,,,,DECLARED_SINGLE_COMPANY,claim_domain_scope=개별기업: 개별기업 수치는 KOSIS 산업 집계와 다름,REJECT,Y,direct,,,,,rate,N,N,,
A0034-SP03A48FFC49,A0034-SP03A48FFC49-m2,A0034,미니소·Chagee·BYD… 중국 브랜드가 몰려온다,2025-01-03,https://www.chosun.com/economy/industry-company/2025/01/03/2LUZ5YGYRFBA5OVQH3TKOZWVC4,BYD는 작년에 2023년 대비 41.3% 증가한 427만대의 차량을 판매했다.,"2020년 뉴욕 증시에 상장한 미니소는 디즈니, 산리오, 포켓몬 등 100개가 넘는 글로벌 콘텐츠와 IP 계약을 체결하고 협업 상품을 내놓고 있다.",순수 전기차는 176만대에 달한다.,개별기업,N,생산·산업,차량판매량,"BYD, 차량, 판매량, 증가, 전기차",-,,,,-,-,-,2024,-,Y,확정,427만대,KOSIS_VALUE,hcx,차량판매량,,2023,Y,hcx,현재값,4270000,-,-,N,대,수준값,증가,전년,BYD는 작년에 2023년 대비 41.3% 증가한 427만대의 차량을 판매했다.,high,N,-,N,0,0,HCX-007,v1.6-early-kosis-context,2026-07-30,차량판매량,전기차,2024,Y,2023,RELATIVE_YEAR_FROM_ARTICLE_DATE,대,대,count,count,vehicle,,N,N,OUT_OF_KOSIS_SCOPE,claim_domain_scope=개별기업,REJECT,OUT_OF_KOSIS_SCOPE,,Y,전기차,,,,DECLARED_SINGLE_COMPANY,claim_domain_scope=개별기업: 개별기업 수치는 KOSIS 산업 집계와 다름,REJECT,Y,direct,,,,,count,N,N,,
A0034-SP38BD9BEE74,A0034-SP38BD9BEE74-m1,A0034,미니소·Chagee·BYD… 중국 브랜드가 몰려온다,2025-01-03,https://www.chosun.com/economy/industry-company/2025/01/03/2LUZ5YGYRFBA5OVQH3TKOZWVC4,순수 전기차는 176만대에 달한다.,BYD는 작년에 2023년 대비 41.3% 증가한 427만대의 차량을 판매했다.,세계 전기차 판매 1위 테슬라를 바짝 추격하는 수준까지 성장했다.,개별기업,N,생산·산업,전기차 판매 대수,"BYD, 전기차, 판매 대수",-,,,전기차,-,-,-,2024,-,Y,확정,176만대,KOSIS_VALUE,hcx,전기차 판매 대수,전기차,2024,Y,hcx,현재값,1760000,-,-,N,대,수준값,-,전년,순수 전기차는 176만대에 달한다.,high,N,-,N,0,0,HCX-007,v1.6-early-kosis-context,2026-07-30,전기차 판매 대수,전기차,2024,Y,2024,,대,대,count,count,item,,N,N,OUT_OF_KOSIS_SCOPE,claim_domain_scope=개별기업,REJECT,OUT_OF_KOSIS_SCOPE,,N,,,,,DECLARED_SINGLE_COMPANY,claim_domain_scope=개별기업: 개별기업 수치는 KOSIS 산업 집계와 다름,REJECT,Y,direct,,,,,count,N,N,,
A0039-SPF8C1E9C9DE,A0039-SPF8C1E9C9DE-m1,A0039,"제주항공 ""6일부터 국내˙국제선 총 1116편 감편""",2025-01-03,https://www.chosun.com/economy/industry-company/2025/01/03/TIR5LLAP7BH7HGYHI36YSHMYBQ,제주항공이 전남 무안공항 여객기 참사의 후속조치로 국내·국제선 총 1116편을 우선 감편한다고 3일 밝혔다.,-,회사 측은 “운항 안정성과 정시성을 강화하기 위한 조치”라고 설명했다.,개별기업,N,소매·소비,항공편 수,제주항공; 국내; 국제선; 감편,-,,,항공,-,-,-,,-,,확정,총 1116편,KOSIS_VALUE,hcx,항공편 수,항공,-,-,hcx,현재값,1116,-,-,N,편,수준값,-,전년동기,제주항공이 전남 무안공항 여객기 참사의 후속조치로 국내·국제선 총 1116편을 우선 감편한다고 3일 밝혔다.,high,Y,measurement_period_ungrounded:1,N,0,0,HCX-007,v1.6-early-kosis-context,2026-07-30,,항공,202501,M,,,편,편,unknown,level,item,,N,N,OUT_OF_KOSIS_SCOPE,claim_domain_scope=개별기업,REJECT,OUT_OF_KOSIS_SCOPE,,N,,,,,DECLARED_SINGLE_COMPANY,claim_domain_scope=개별기업: 개별기업 수치는 KOSIS 산업 집계와 다름,REJECT,Y,direct,,,,,,N,N,,
A0039-SP3F8D689FFE,-,A0039,"제주항공 ""6일부터 국내˙국제선 총 1116편 감편""",2025-01-03,https://www.chosun.com/economy/industry-company/2025/01/03/TIR5LLAP7BH7HGYHI36YSHMYBQ,감편은 이달 6일부터 3월29일까지 이뤄진다.,업계에선 사고 이후 제주항공에 대한 예약 취소가 이어진 것도 영향을 미쳤을 것으로 보고있다.,"국내선은 김포-제주, 부산-제주, 청주-제주, 무안-제주 등 4개 노선으로 총 838편이다.",개별기업,N,소매·소비,,"제주항공, 국내선, 국제선, 감편",-,,,,-,-,-,,2025-03-29,,확정,-,-,-,-,-,-,-,-,,-,-,-,-,,,-,,제주항공이 전남 무안공항 여객기 참사의 후속조치로 국내·국제선 총 1116편을 우선 감편한다고 3일 밝혔다.,high,N,-,N,0,0,HCX-007,v1.6-early-kosis-context,2026-07-30,항공편 감편,항공,202501~202503,M,,,,,unknown,level,unspecified,,N,N,DECLARED_SINGLE_COMPANY,claim_domain_scope=개별기업: 개별기업 수치는 KOSIS 산업 집계와 다름,REJECT,DECLARED_SINGLE_COMPANY,,N,,,,,DECLARED_SINGLE_COMPANY,claim_domain_scope=개별기업: 개별기업 수치는 KOSIS 산업 집계와 다름,REJECT,Y,direct,,,,,,N,N,,
A0039-SP22A8029097,A0039-SP22A8029097-m1,A0039,"제주항공 ""6일부터 국내˙국제선 총 1116편 감편""",2025-01-03,https://www.chosun.com/economy/industry-company/2025/01/03/TIR5LLAP7BH7HGYHI36YSHMYBQ,"국내선은 김포-제주, 부산-제주, 청주-제주, 무안-제주 등 4개 노선으로 총 838편이다.",감편은 이달 6일부터 3월29일까지 이뤄진다.,"국제선은 무안에서 나가사키, 방콕, 코타키나발루, 타이베이, 장자제를 각각 오가는 5개 노선, 278편이 대상이다.",개별기업,N,소매·소비,국내선 노선 수,"제주항공, 국내선, 국제선, 감편",-,,,"김포-제주, 부산-제주, 청주-제주, 무안-제주",-,-,-,,2025-03-29,,확정,4개,KOSIS_VALUE,hcx,국내선 노선 수,"김포-제주, 부산-제주, 청주-제주, 무안-제주",-,-,hcx,현재값,4,-,-,N,개,수준값,-,,"[검증 대상 문장] 국내선은 김포-제주, 부산-제주, 청주-제주, 무안-제주 등 4개 노선으로 총 838편이다.",high,Y,measurement_period_ungrounded:2,N,0,0,HCX-007,v1.6-early-kosis-context,2026-07-30,노선 편수,항공,202501~202503,M,,,개,개,count,count,item,,N,N,OUT_OF_KOSIS_SCOPE,claim_domain_scope=개별기업,REJECT,OUT_OF_KOSIS_SCOPE,,N,,,,,DECLARED_SINGLE_COMPANY,claim_domain_scope=개별기업: 개별기업 수치는 KOSIS 산업 집계와 다름,REJECT,Y,direct,,,,,count,N,N,,
A0039-SP22A8029097,A0039-SP22A8029097-m2,A0039,"제주항공 ""6일부터 국내˙국제선 총 1116편 감편""",2025-01-03,https://www.chosun.com/economy/industry-company/2025/01/03/TIR5LLAP7BH7HGYHI36YSHMYBQ,"국내선은 김포-제주, 부산-제주, 청주-제주, 무안-제주 등 4개 노선으로 총 838편이다.",감편은 이달 6일부터 3월29일까지 이뤄진다.,"국제선은 무안에서 나가사키, 방콕, 코타키나발루, 타이베이, 장자제를 각각 오가는 5개 노선, 278편이 대상이다.",개별기업,N,소매·소비,국내선 감편 편수,"제주항공, 국내선, 국제선, 감편",-,,,,-,-,-,,2025-03-29,,확정,838편,KOSIS_VALUE,hcx,국내선 감편 편수,,-,-,hcx,현재값,838,-,-,N,편,수준값,-,,"[검증 대상 문장] 국내선은 김포-제주, 부산-제주, 청주-제주, 무안-제주 등 4개 노선으로 총 838편이다.",high,Y,measurement_period_ungrounded:2,N,0,0,HCX-007,v1.6-early-kosis-context,2026-07-30,노선 편수,항공,202501~202503,M,,,편,편,unknown,level,unspecified,,N,N,OUT_OF_KOSIS_SCOPE,claim_domain_scope=개별기업,REJECT,OUT_OF_KOSIS_SCOPE,,Y,항공,,,,DECLARED_SINGLE_COMPANY,claim_domain_scope=개별기업: 개별기업 수치는 KOSIS 산업 집계와 다름,REJECT,Y,direct,,,,,,N,N,,
A0039-SP7433CFDF13,A0039-SP7433CFDF13-m1,A0039,"제주항공 ""6일부터 국내˙국제선 총 1116편 감편""",2025-01-03,https://www.chosun.com/economy/industry-company/2025/01/03/TIR5LLAP7BH7HGYHI36YSHMYBQ,"국제선은 무안에서 나가사키, 방콕, 코타키나발루, 타이베이, 장자제를 각각 오가는 5개 노선, 278편이 대상이다.","국내선은 김포-제주, 부산-제주, 청주-제주, 무안-제주 등 4개 노선으로 총 838편이다.",제주항공은 “비운항이 결정된 항공편은 당사 인접편으로 변경 혹은 환불 조치를 하겠다”면서 “추가 비운항 노선도 확정되는대로 안내하겠다”고 밝혔다.,개별기업,N,무역,노선 수,"제주항공, 국제선, 감편, 무안, 나가사키, 방콕, 코타키나발루, 타이베이, 장자제",-,,,,-,-,-,,-,,확정,5개,KOSIS_VALUE,hcx,노선 수,,-,-,hcx,현재값,5,-,-,N,개,수준값,-,,[검증 대상 문장],high,Y,measurement_period_ungrounded:1,N,0,0,HCX-007,v1.6-early-kosis-context,2026-07-30,,항공,202501,M,,,개,개,count,count,unspecified,,N,N,OUT_OF_KOSIS_SCOPE,claim_domain_scope=개별기업,REJECT,OUT_OF_KOSIS_SCOPE,,Y,항공,,,,DECLARED_SINGLE_COMPANY,claim_domain_scope=개별기업: 개별기업 수치는 KOSIS 산업 집계와 다름,REJECT,Y,direct,,,,,count,N,N,,
A0039-SP2F6321E762,A0039-SP2F6321E762-m1,A0039,"제주항공 ""6일부터 국내˙국제선 총 1116편 감편""",2025-01-03,https://www.chosun.com/economy/industry-company/2025/01/03/TIR5LLAP7BH7HGYHI36YSHMYBQ,제주항공은 추가적인 노선 감편을 포함해 총 1900편의 운항량을 감축하겠다는 계획이다.,제주항공은 “비운항이 결정된 항공편은 당사 인접편으로 변경 혹은 환불 조치를 하겠다”면서 “추가 비운항 노선도 확정되는대로 안내하겠다”고 밝혔다.,"운항 빈도가 높은 국내선을 비롯해 일본, 동남아 등의 노선이 감편 대상이다.",개별기업,N,소매·소비,운항량,"제주항공, 국내선, 국제선, 감편",-,,,항공,-,-,-,,-,,모호,총 1900편의 운항량을 감축,KOSIS_VALUE,hcx,운항량,항공,-,-,hcx,목표값,1900,-,-,N,편,수준값,-,,제주항공은 추가적인 노선 감편을 포함해 총 1900편의 운항량을 감축하겠다는 계획이다.,mid,Y,운항량 감축 계획의 구체적인 기간 및 세부 내용이 부족하여 추가 확인 필요.,N,0,0,HCX-007,v1.6-early-kosis-context,2026-07-30,운항량 감축 계획,항공,,,,,편,편,unknown,level,item,,N,N,OUT_OF_KOSIS_SCOPE,claim_domain_scope=개별기업,REJECT,OUT_OF_KOSIS_SCOPE,,N,,,,,DECLARED_SINGLE_COMPANY,claim_domain_scope=개별기업: 개별기업 수치는 KOSIS 산업 집계와 다름,REJECT,Y,direct,,,,,,N,N,,
A0040-SP207511C322,A0040-SP207511C322-m1,A0040,의협회장 선거 김택우·주수호 맞대결로… 7∼8일 결선 투표,2025-01-04,https://www.chosun.com/national/welfare-medical/2025/01/04/UOLNU2ZU5NFN7BISC4S5HT7YPY,대한의사협회(의협) 신임 회장을 뽑는 투표에서 김택우 전국시도의사협의회장과 주수호 전 의협 회장이 각각 1위와 2위를 차지했다.,-,이에 따라 두 후보는 오는 7∼8일 이틀간 결선에 진출하게 됐다.,여론조사·설문,N,기타,회장 선출 결과 순위,"대한의사협회, 신임 회장, 투표, 결선 투표",-,,,,-,-,-,,-,,확정,1위,KOSIS_VALUE,hcx,회장 선출 결과 순위,-,-,-,hcx,현재값,1,-,-,N,위,순위,-,전년,대한의사협회(의협) 신임 회장을 뽑는 투표에서 김택우 전국시도의사협의회장과 주수호 전 의협 회장이 각각 1위와 2위를 차지했다.,high,Y,measurement_period_ungrounded:2,N,0,0,HCX-007,v1.6-early-kosis-context,2026-07-30,회장 선출 결과 순위,,202501,M,,,위,위,rank,rank,unspecified,,N,N,OUT_OF_KOSIS_SCOPE,claim_domain_scope=여론조사·설문,REJECT,OUT_OF_KOSIS_SCOPE,,N,,,,,,,,N,direct,,,,,rank,N,N,,
A0040-SP207511C322,A0040-SP207511C322-m2,A0040,의협회장 선거 김택우·주수호 맞대결로… 7∼8일 결선 투표,2025-01-04,https://www.chosun.com/national/welfare-medical/2025/01/04/UOLNU2ZU5NFN7BISC4S5HT7YPY,대한의사협회(의협) 신임 회장을 뽑는 투표에서 김택우 전국시도의사협의회장과 주수호 전 의협 회장이 각각 1위와 2위를 차지했다.,-,이에 따라 두 후보는 오는 7∼8일 이틀간 결선에 진출하게 됐다.,여론조사·설문,N,기타,회장 선출 결과 순위,"대한의사협회, 신임 회장, 투표, 결선 투표",-,,,,-,-,-,,-,,확정,2위,KOSIS_VALUE,hcx,회장 선출 결과 순위,-,-,-,hcx,현재값,2,-,-,N,위,순위,-,전년,대한의사협회(의협) 신임 회장을 뽑는 투표에서 김택우 전국시도의사협의회장과 주수호 전 의협 회장이 각각 1위와 2위를 차지했다.,high,Y,measurement_period_ungrounded:2,N,0,0,HCX-007,v1.6-early-kosis-context,2026-07-30,회장 선출 결과 순위,,202501,M,,,위,위,rank,rank,unspecified,,N,N,OUT_OF_KOSIS_SCOPE,claim_domain_scope=여론조사·설문,REJECT,OUT_OF_KOSIS_SCOPE,,N,,,,,,,,N,direct,,,,,rank,N,N,,
A0041-SPE65565BE92,A0041-SPE65565BE92-m1,A0041,치솟는 환율에 식품 물가도 급등,2025-01-04,https://www.chosun.com/economy/economy_general/2025/01/04/7SPGFC4RFZEDLDPFTQHVDM2K2E,지난해 12월부터 달러 대비 원화 환율이 1400원 선을 넘는 고환율이 장기화하면서 해외에서 수입해 오는 식품 원재료 가격이 치솟은 탓이다.,환율 상승으로 주요 먹거리와 생활필수품 가격이 줄줄이 오르면서 장바구니 물가에 빨간 경보등이 켜졌다.,지난해 말 상승한 국제 곡물 가격도 3~4개월 시차를 두고 국내 식품 물가에 반영될 가능성이 높다.,국내공식통계,N,물가,달러 대비 원화 환율,"환율, 식품, 물가, 가격, 수입",-,,,,-,-,-,202401,-,Q,확정,1400원,KOSIS_VALUE,hcx,달러 대비 원화 환율,-,2024Q4,Q,hcx,현재값,1400,-,-,N,원,수준값,-,전년동기,지난해 12월부터 달러 대비 원화 환율이 1400원 선을 넘는 고환율이 장기화하면서 해외에서 수입해 오는 식품 원재료 가격이 치솟은 탓이다.,high,N,-,N,0,0,HCX-007,v1.6-early-kosis-context,2026-07-30,달러 대비 원화 환율,,2024Q4,Q,2024Q4,RELATIVE_YEAR_MONTH_FROM_ARTICLE_DATE,원,원,currency,amount,unspecified,,N,N,MARKET_POINT_VALUE,시장 임계값·종가·고저점은 KOSIS 기간 평균과 직접 비교할 수 없음,REJECT,MARKET_POINT_VALUE,,N,,,,,,,,N,direct,,,,,currency,N,N,,
A0041-SPF140502152,A0041-SPF140502152-m4,A0041,치솟는 환율에 식품 물가도 급등,2025-01-04,https://www.chosun.com/economy/economy_general/2025/01/04/7SPGFC4RFZEDLDPFTQHVDM2K2E,"3일 한국소비자원이 전국 대형마트와 편의점 500여 곳을 조사해 발표하는 ‘생필품 가격 보고서’에 따르면, 지난달 20일 기준 초콜릿·카레·커피 등 주요 가공식품 175개 품목 가운데 121개(69%) 품목의 평균 가격이 1년 전보다 오른 것으로 나타났다.",지난해 말 상승한 국제 곡물 가격도 3~4개월 시차를 두고 국내 식품 물가에 반영될 가능성이 높다.,"175개 품목의 평균 물가 상승폭은 3.9%로, 지난해 연간 소비자물가지수 상승폭(2.3%)을 뛰어넘었다.",국내공식통계,N,물가,평균 물가 상승폭,"환율, 식품, 물가, 가격, 상승폭",-,,,,-,-,-,202501,-,M,확정,1년,CONTEXT,rule_fallback,평균 물가 상승폭,-,202501,M,rule_fallback,참고값,1,-,-,N,년,수준값,증가,,"3일 한국소비자원이 전국 대형마트와 편의점 500여 곳을 조사해 발표하는 ‘생필품 가격 보고서’에 따르면, 지난달 20일 기준 초콜릿·카레·커피 등 주요 가공식품 175개 품목 가운데 121개(69%) 품목의 평균 가격이 1년 전보다 오른 것으로 나타났다.",high,Y,measurement_rule_fallback:1,Y,1,0,HCX-007,v1.6-early-kosis-context,2026-07-30,평균 물가 상승폭,,202501,M,202501,,년,년,duration,absolute_change,unspecified,,N,N,NOT_KOSIS_VALUE,measurement_usage=CONTEXT,REJECT,NOT_KOSIS_VALUE,,N,,,,,,,,N,direct,,,,,duration,N,N,,
A0041-SPB2E3CF4882,A0041-SPB2E3CF4882-m1,A0041,치솟는 환율에 식품 물가도 급등,2025-01-04,https://www.chosun.com/economy/economy_general/2025/01/04/7SPGFC4RFZEDLDPFTQHVDM2K2E,"주요 가공식품 가운데 초콜릿(핫브레이크 미니·33.6%), 커피(맥심 티오피 마스터 라떼·32.3%), 카레(청정원 카레여왕 비프카레·25.5%) 등 원재료를 해외 수입에 의존하는 품목들의 가격이 크게 올랐다.","175개 품목의 평균 물가 상승폭은 3.9%로, 지난해 연간 소비자물가지수 상승폭(2.3%)을 뛰어넘었다.",◇정국 어수선한 틈 타 생필품·명품도 인상 “이달 물가 2% 오를 듯” 물가 상승률이 둔화됐는데도 가공식품 물가가 오른 것은 환율이 상승(원화 가치 약세)했기 때문이다.,국내공식통계,N,물가,초콜릿 가격 상승률,"환율, 식품, 물가, 가격, 상승폭, 소비자물가지수",-,,,초콜릿,-,-,-,,-,,확정,33.6%,KOSIS_VALUE,hcx,초콜릿 가격 상승률,초콜릿,-,-,hcx,증감률,33.6,-,-,N,%,증감률,증가,전년,"주요 가공식품 가운데 초콜릿(핫브레이크 미니·33.6%), 커피(맥심 티오피 마스터 라떼·32.3%), 카레(청정원 카레여왕 비프카레·25.5%) 등 원재료를 해외 수입에 의존하는 품목들의 가격이 크게 올랐다.",high,Y,measurement_period_ungrounded:3,N,0,0,HCX-007,v1.6-early-kosis-context,2026-07-30,가공식품 가격 상승률,,202501,M,,,%,%,rate,rate_change,item,,N,N,POLICY_PARAMETER,제도 규정값(정원)은 통계 수치가 아님,REJECT,POLICY_PARAMETER,,N,,,,,POLICY_PARAMETER,제도 규정값(정원)은 통계 수치가 아님,REJECT,Y,direct,,,,,rate,N,N,,
A0041-SPB2E3CF4882,A0041-SPB2E3CF4882-m2,A0041,치솟는 환율에 식품 물가도 급등,2025-01-04,https://www.chosun.com/economy/economy_general/2025/01/04/7SPGFC4RFZEDLDPFTQHVDM2K2E,"주요 가공식품 가운데 초콜릿(핫브레이크 미니·33.6%), 커피(맥심 티오피 마스터 라떼·32.3%), 카레(청정원 카레여왕 비프카레·25.5%) 등 원재료를 해외 수입에 의존하는 품목들의 가격이 크게 올랐다.","175개 품목의 평균 물가 상승폭은 3.9%로, 지난해 연간 소비자물가지수 상승폭(2.3%)을 뛰어넘었다.",◇정국 어수선한 틈 타 생필품·명품도 인상 “이달 물가 2% 오를 듯” 물가 상승률이 둔화됐는데도 가공식품 물가가 오른 것은 환율이 상승(원화 가치 약세)했기 때문이다.,국내공식통계,N,물가,커피 가격 상승률,"환율, 식품, 물가, 가격, 상승폭, 소비자물가지수",-,,,커피,-,-,-,,-,,확정,32.3%,KOSIS_VALUE,hcx,커피 가격 상승률,커피,-,-,hcx,증감률,32.3,-,-,N,%,증감률,증가,전년,"주요 가공식품 가운데 초콜릿(핫브레이크 미니·33.6%), 커피(맥심 티오피 마스터 라떼·32.3%), 카레(청정원 카레여왕 비프카레·25.5%) 등 원재료를 해외 수입에 의존하는 품목들의 가격이 크게 올랐다.",high,Y,measurement_period_ungrounded:3,N,0,0,HCX-007,v1.6-early-kosis-context,2026-07-30,가공식품 가격 상승률,,202501,M,,,%,%,rate,rate_change,item,,N,N,POLICY_PARAMETER,제도 규정값(정원)은 통계 수치가 아님,REJECT,POLICY_PARAMETER,,N,,,,,POLICY_PARAMETER,제도 규정값(정원)은 통계 수치가 아님,REJECT,Y,direct,,,,,rate,N,N,,
A0041-SPB2E3CF4882,A0041-SPB2E3CF4882-m3,A0041,치솟는 환율에 식품 물가도 급등,2025-01-04,https://www.chosun.com/economy/economy_general/2025/01/04/7SPGFC4RFZEDLDPFTQHVDM2K2E,"주요 가공식품 가운데 초콜릿(핫브레이크 미니·33.6%), 커피(맥심 티오피 마스터 라떼·32.3%), 카레(청정원 카레여왕 비프카레·25.5%) 등 원재료를 해외 수입에 의존하는 품목들의 가격이 크게 올랐다.","175개 품목의 평균 물가 상승폭은 3.9%로, 지난해 연간 소비자물가지수 상승폭(2.3%)을 뛰어넘었다.",◇정국 어수선한 틈 타 생필품·명품도 인상 “이달 물가 2% 오를 듯” 물가 상승률이 둔화됐는데도 가공식품 물가가 오른 것은 환율이 상승(원화 가치 약세)했기 때문이다.,국내공식통계,N,물가,카레 가격 상승률,"환율, 식품, 물가, 가격, 상승폭, 소비자물가지수",-,,,카레,-,-,-,,-,,확정,25.5%,KOSIS_VALUE,hcx,카레 가격 상승률,카레,-,-,hcx,증감률,25.5,-,-,N,%,증감률,증가,전년,"주요 가공식품 가운데 초콜릿(핫브레이크 미니·33.6%), 커피(맥심 티오피 마스터 라떼·32.3%), 카레(청정원 카레여왕 비프카레·25.5%) 등 원재료를 해외 수입에 의존하는 품목들의 가격이 크게 올랐다.",high,Y,measurement_period_ungrounded:3,N,0,0,HCX-007,v1.6-early-kosis-context,2026-07-30,가공식품 가격 상승률,,202501,M,,,%,%,rate,rate_change,item,,N,N,POLICY_PARAMETER,제도 규정값(정원)은 통계 수치가 아님,REJECT,POLICY_PARAMETER,,N,,,,,POLICY_PARAMETER,제도 규정값(정원)은 통계 수치가 아님,REJECT,Y,direct,,,,,rate,N,N,,
A0041-SP33BA270147,A0041-SP33BA270147-m2,A0041,치솟는 환율에 식품 물가도 급등,2025-01-04,https://www.chosun.com/economy/economy_general/2025/01/04/7SPGFC4RFZEDLDPFTQHVDM2K2E,"지난해 11월 1일 1378원이던 환율은 미 대선에서 도널드 트럼프 전 대통령의 재선이 확정된 6일 1399.3원으로 뛰었고, 비상계엄과 탄핵소추 등 정국 혼란이 이어진 12월에는 1470원 선까지 치솟았다.","환율이 오르면 코코아와 설탕, 밀 등 원재료를 외국에서 수입해 올 때 더 많은 원화를 써야 하기 때문에 가공식품이나 외식 가격이 오르게 된다.",안동현 서울대 경제학부 교수는 “정부가 선제적인 재정 투입으로 환율발(發) 물가 상승을 억제해야 한다”고 했다.,국내공식통계,N,물가,달러 대비 원화 환율,"환율, 물가, 상승, 식품",-,,,,-,-,-,202411,-,M,확정,1399.3원,KOSIS_VALUE,hcx,달러 대비 원화 환율,-,2024-11-06,M,hcx,현재값,1399.3,-,-,N,원,수준값,증가,전년,"[검증 대상 문장] 지난해 11월 1일 1378원이던 환율은 미 대선에서 도널드 트럼프 전 대통령의 재선이 확정된 6일 1399.3원으로 뛰었고, 비상계엄과 탄핵소추 등 정국 혼란이 이어진 12월에는 1470원 선까지 치솟았다.",high,N,-,N,0,0,HCX-007,v1.6-early-kosis-context,2026-07-30,달러 대비 원화 환율,,2024,M,2024-11-06,,원,원,currency,amount,unspecified,,N,N,DAILY_MARKET_RATE,특정일 시장값은 KOSIS 월·분기 평균과 직접 비교할 수 없음,REJECT,DAILY_MARKET_RATE,,N,,,,,,,,N,direct,,,,,currency,N,N,,
A0041-SP33BA270147,A0041-SP33BA270147-m3,A0041,치솟는 환율에 식품 물가도 급등,2025-01-04,https://www.chosun.com/economy/economy_general/2025/01/04/7SPGFC4RFZEDLDPFTQHVDM2K2E,"지난해 11월 1일 1378원이던 환율은 미 대선에서 도널드 트럼프 전 대통령의 재선이 확정된 6일 1399.3원으로 뛰었고, 비상계엄과 탄핵소추 등 정국 혼란이 이어진 12월에는 1470원 선까지 치솟았다.","환율이 오르면 코코아와 설탕, 밀 등 원재료를 외국에서 수입해 올 때 더 많은 원화를 써야 하기 때문에 가공식품이나 외식 가격이 오르게 된다.",안동현 서울대 경제학부 교수는 “정부가 선제적인 재정 투입으로 환율발(發) 물가 상승을 억제해야 한다”고 했다.,국내공식통계,N,물가,달러 대비 원화 환율,"환율, 물가, 상승, 식품",-,,,,-,-,-,202412,-,M,확정,1470원,KOSIS_VALUE,hcx,달러 대비 원화 환율,-,2024-12,M,hcx,현재값,1470,-,-,N,원,수준값,증가,전년,"[검증 대상 문장] 지난해 11월 1일 1378원이던 환율은 미 대선에서 도널드 트럼프 전 대통령의 재선이 확정된 6일 1399.3원으로 뛰었고, 비상계엄과 탄핵소추 등 정국 혼란이 이어진 12월에는 1470원 선까지 치솟았다.",high,N,-,N,0,0,HCX-007,v1.6-early-kosis-context,2026-07-30,달러 대비 원화 환율,,2024,M,2024-12,,원,원,currency,amount,unspecified,,N,N,MARKET_POINT_VALUE,시장 임계값·종가·고저점은 KOSIS 기간 평균과 직접 비교할 수 없음,REJECT,MARKET_POINT_VALUE,,N,,,,,,,,N,direct,,,,,currency,N,N,,
A0041-SPB90618BE6D,A0041-SPB90618BE6D-m1,A0041,치솟는 환율에 식품 물가도 급등,2025-01-04,https://www.chosun.com/economy/economy_general/2025/01/04/7SPGFC4RFZEDLDPFTQHVDM2K2E,"편의점 업계에 따르면 동아오츠카의 포카리스웨트와 데미소다 캔은 1600원에서 1700원으로 100원씩, 오리온의 다이제 초코는 2500원에서 2800원으로 12% 올랐다.","유통 업계 관계자는 “지난해 내내 원부자재 가격, 인건비 등으로 원가 압박이 쌓이고 있었다”며 “그동안 눈치 보느라 가격을 올리지 못했던 기업들도 우르르 가격 인상 대열에 합류하고 있다”고 말했다.","크리넥스 각티슈(150매)는 5650원에서 5950원으로, 참그린 세제는 3900원에서 4500원으로 600원(15.3%)이나 올랐다.",국내공식통계,N,물가,편의점 판매가,"포카리스웨트, 데미소다, 다이제 초코, 크리넥스 각티슈, 참그린 세제",-,,,"포카리스웨트, 데미소다",-,-,-,202501,-,M,확정,1600원,KOSIS_VALUE,hcx,편의점 판매가,"포카리스웨트, 데미소다",202501,M,hcx,이전값,1600,-,-,N,원,수준값,증가,전년,"편의점 업계에 따르면 동아오츠카의 포카리스웨트와 데미소다 캔은 1600원에서 1700원으로 100원씩, 오리온의 다이제 초코는 2500원에서 2800원으로 12% 올랐다.",high,N,-,N,0,0,HCX-007,v1.6-early-kosis-context,2026-07-30,편의점 판매가,"음료, 과자, 생활용품",202501,M,202501,,원,원,currency,amount,item,,N,N,DERIVED_DIFFERENCE,문장 내 1700과 100의 차이(1600)와 일치 — 파생 차액,REJECT,DERIVED_DIFFERENCE,,N,,,,,DERIVED_DIFFERENCE,문장 내 1700과 100의 차이(1600)와 일치 — 파생 차액,REJECT,Y,direct,,,,,currency,N,N,,
A0041-SPB90618BE6D,A0041-SPB90618BE6D-m2,A0041,치솟는 환율에 식품 물가도 급등,2025-01-04,https://www.chosun.com/economy/economy_general/2025/01/04/7SPGFC4RFZEDLDPFTQHVDM2K2E,"편의점 업계에 따르면 동아오츠카의 포카리스웨트와 데미소다 캔은 1600원에서 1700원으로 100원씩, 오리온의 다이제 초코는 2500원에서 2800원으로 12% 올랐다.","유통 업계 관계자는 “지난해 내내 원부자재 가격, 인건비 등으로 원가 압박이 쌓이고 있었다”며 “그동안 눈치 보느라 가격을 올리지 못했던 기업들도 우르르 가격 인상 대열에 합류하고 있다”고 말했다.","크리넥스 각티슈(150매)는 5650원에서 5950원으로, 참그린 세제는 3900원에서 4500원으로 600원(15.3%)이나 올랐다.",국내공식통계,N,물가,편의점 판매가,"포카리스웨트, 데미소다, 다이제 초코, 크리넥스 각티슈, 참그린 세제",-,,,"포카리스웨트, 데미소다",-,-,-,202501,-,M,확정,1700원,KOSIS_VALUE,hcx,편의점 판매가,"포카리스웨트, 데미소다",202501,M,hcx,현재값,1700,-,-,N,원,수준값,증가,전년,"편의점 업계에 따르면 동아오츠카의 포카리스웨트와 데미소다 캔은 1600원에서 1700원으로 100원씩, 오리온의 다이제 초코는 2500원에서 2800원으로 12% 올랐다.",high,N,-,N,0,0,HCX-007,v1.6-early-kosis-context,2026-07-30,편의점 판매가,"음료, 과자, 생활용품",202501,M,202501,,원,원,currency,amount,item,,N,N,INDIVIDUAL_PRODUCT_PRICE,개별 상품의 비평균 소매가격은 KOSIS 품목 통계 직접값이 아님,REJECT,INDIVIDUAL_PRODUCT_PRICE,,N,,,,,,,,N,direct,,,,,currency,N,N,,
A0041-SPB90618BE6D,A0041-SPB90618BE6D-m3,A0041,치솟는 환율에 식품 물가도 급등,2025-01-04,https://www.chosun.com/economy/economy_general/2025/01/04/7SPGFC4RFZEDLDPFTQHVDM2K2E,"편의점 업계에 따르면 동아오츠카의 포카리스웨트와 데미소다 캔은 1600원에서 1700원으로 100원씩, 오리온의 다이제 초코는 2500원에서 2800원으로 12% 올랐다.","유통 업계 관계자는 “지난해 내내 원부자재 가격, 인건비 등으로 원가 압박이 쌓이고 있었다”며 “그동안 눈치 보느라 가격을 올리지 못했던 기업들도 우르르 가격 인상 대열에 합류하고 있다”고 말했다.","크리넥스 각티슈(150매)는 5650원에서 5950원으로, 참그린 세제는 3900원에서 4500원으로 600원(15.3%)이나 올랐다.",국내공식통계,N,물가,편의점 판매가,"포카리스웨트, 데미소다, 다이제 초코, 크리넥스 각티슈, 참그린 세제",-,,,"포카리스웨트, 데미소다",-,-,-,202501,-,M,확정,100원,KOSIS_VALUE,hcx,편의점 판매가,"포카리스웨트, 데미소다",202501,M,hcx,증감값,100,-,-,N,원,증감량,증가,전년,"편의점 업계에 따르면 동아오츠카의 포카리스웨트와 데미소다 캔은 1600원에서 1700원으로 100원씩, 오리온의 다이제 초코는 2500원에서 2800원으로 12% 올랐다.",high,N,-,N,0,0,HCX-007,v1.6-early-kosis-context,2026-07-30,편의점 판매가,"음료, 과자, 생활용품",202501,M,202501,,원,원,currency,absolute_change,item,202401,N,N,INDIVIDUAL_PRODUCT_PRICE,개별 상품의 비평균 소매가격은 KOSIS 품목 통계 직접값이 아님,REJECT,INDIVIDUAL_PRODUCT_PRICE,,N,,,,,DERIVED_DIFFERENCE,문장 내 1600과 1700의 차이(100)와 일치 — 파생 차액,REJECT,Y,direct,,,,,currency,N,N,,
A0041-SPB90618BE6D,A0041-SPB90618BE6D-m5,A0041,치솟는 환율에 식품 물가도 급등,2025-01-04,https://www.chosun.com/economy/economy_general/2025/01/04/7SPGFC4RFZEDLDPFTQHVDM2K2E,"편의점 업계에 따르면 동아오츠카의 포카리스웨트와 데미소다 캔은 1600원에서 1700원으로 100원씩, 오리온의 다이제 초코는 2500원에서 2800원으로 12% 올랐다.","유통 업계 관계자는 “지난해 내내 원부자재 가격, 인건비 등으로 원가 압박이 쌓이고 있었다”며 “그동안 눈치 보느라 가격을 올리지 못했던 기업들도 우르르 가격 인상 대열에 합류하고 있다”고 말했다.","크리넥스 각티슈(150매)는 5650원에서 5950원으로, 참그린 세제는 3900원에서 4500원으로 600원(15.3%)이나 올랐다.",국내공식통계,N,물가,편의점 판매가,"포카리스웨트, 데미소다, 다이제 초코, 크리넥스 각티슈, 참그린 세제",-,,,다이제 초코,-,-,-,202501,-,M,확정,2800원,KOSIS_VALUE,hcx,편의점 판매가,다이제 초코,202501,M,hcx,현재값,2800,-,-,N,원,수준값,증가,전년,"편의점 업계에 따르면 동아오츠카의 포카리스웨트와 데미소다 캔은 1600원에서 1700원으로 100원씩, 오리온의 다이제 초코는 2500원에서 2800원으로 12% 올랐다.",high,N,-,N,0,0,HCX-007,v1.6-early-kosis-context,2026-07-30,편의점 판매가,"음료, 과자, 생활용품",202501,M,202501,,원,원,currency,amount,item,,N,N,INDIVIDUAL_PRODUCT_PRICE,개별 상품의 비평균 소매가격은 KOSIS 품목 통계 직접값이 아님,REJECT,INDIVIDUAL_PRODUCT_PRICE,,N,,,,,,,,N,direct,,,,,currency,N,N,,
A0041-SP8E6F7B5760,A0041-SP8E6F7B5760-m2,A0041,치솟는 환율에 식품 물가도 급등,2025-01-04,https://www.chosun.com/economy/economy_general/2025/01/04/7SPGFC4RFZEDLDPFTQHVDM2K2E,"크리넥스 각티슈(150매)는 5650원에서 5950원으로, 참그린 세제는 3900원에서 4500원으로 600원(15.3%)이나 올랐다.","편의점 업계에 따르면 동아오츠카의 포카리스웨트와 데미소다 캔은 1600원에서 1700원으로 100원씩, 오리온의 다이제 초코는 2500원에서 2800원으로 12% 올랐다.","코젤·필스너우르켈·페로니 맥주 500mL 캔 가격도 4500원에서 4900원으로 올랐고, 할인 행사가는 4캔 1만2000원에서 1만3000원으로 올랐다.",국내공식통계,N,물가,크리넥스 각티슈 가격,"환율, 식품, 물가, 가격, 급등",-,,,크리넥스 각티슈,-,-,-,202501,-,M,확정,5950원,KOSIS_VALUE,hcx,크리넥스 각티슈 가격,크리넥스 각티슈,202501,M,hcx,현재값,5950,-,-,N,원,수준값,증가,전년동기,"[검증 대상 문장] 크리넥스 각티슈(150매)는 5650원에서 5950원으로, 참그린 세제는 3900원에서 4500원으로 600원(15.3%)이나 올랐다.",high,N,-,Y,0,0,HCX-007,v1.6-early-kosis-context,2026-07-30,생활용품 가격,"크리넥스 각티슈, 참그린 세제",202501,M,202501,,원,원,currency,amount,item,,N,N,INDIVIDUAL_PRODUCT_PRICE,개별 상품의 비평균 소매가격은 KOSIS 품목 통계 직접값이 아님,REJECT,INDIVIDUAL_PRODUCT_PRICE,,N,,,,,,,,N,direct,,,,,currency,N,N,,
A0041-SP8E6F7B5760,A0041-SP8E6F7B5760-m3,A0041,치솟는 환율에 식품 물가도 급등,2025-01-04,https://www.chosun.com/economy/economy_general/2025/01/04/7SPGFC4RFZEDLDPFTQHVDM2K2E,"크리넥스 각티슈(150매)는 5650원에서 5950원으로, 참그린 세제는 3900원에서 4500원으로 600원(15.3%)이나 올랐다.","편의점 업계에 따르면 동아오츠카의 포카리스웨트와 데미소다 캔은 1600원에서 1700원으로 100원씩, 오리온의 다이제 초코는 2500원에서 2800원으로 12% 올랐다.","코젤·필스너우르켈·페로니 맥주 500mL 캔 가격도 4500원에서 4900원으로 올랐고, 할인 행사가는 4캔 1만2000원에서 1만3000원으로 올랐다.",국내공식통계,N,물가,참그린 세제 가격,"환율, 식품, 물가, 가격, 급등",-,,,참그린 세제,-,-,-,202501,-,M,확정,3900원,KOSIS_VALUE,hcx,참그린 세제 가격,참그린 세제,202501,M,hcx,이전값,3900,-,-,N,원,수준값,증가,전년동기,"[검증 대상 문장] 크리넥스 각티슈(150매)는 5650원에서 5950원으로, 참그린 세제는 3900원에서 4500원으로 600원(15.3%)이나 올랐다.",high,N,-,Y,0,0,HCX-007,v1.6-early-kosis-context,2026-07-30,생활용품 가격,"크리넥스 각티슈, 참그린 세제",202501,M,202501,,원,원,currency,amount,item,,N,N,DERIVED_DIFFERENCE,문장 내 4500과 600의 차이(3900)와 일치 — 파생 차액,REJECT,DERIVED_DIFFERENCE,,N,,,,,DERIVED_DIFFERENCE,문장 내 4500과 600의 차이(3900)와 일치 — 파생 차액,REJECT,Y,direct,,,,,currency,N,N,,
A0041-SP8E6F7B5760,A0041-SP8E6F7B5760-m4,A0041,치솟는 환율에 식품 물가도 급등,2025-01-04,https://www.chosun.com/economy/economy_general/2025/01/04/7SPGFC4RFZEDLDPFTQHVDM2K2E,"크리넥스 각티슈(150매)는 5650원에서 5950원으로, 참그린 세제는 3900원에서 4500원으로 600원(15.3%)이나 올랐다.","편의점 업계에 따르면 동아오츠카의 포카리스웨트와 데미소다 캔은 1600원에서 1700원으로 100원씩, 오리온의 다이제 초코는 2500원에서 2800원으로 12% 올랐다.","코젤·필스너우르켈·페로니 맥주 500mL 캔 가격도 4500원에서 4900원으로 올랐고, 할인 행사가는 4캔 1만2000원에서 1만3000원으로 올랐다.",국내공식통계,N,물가,참그린 세제 가격,"환율, 식품, 물가, 가격, 급등",-,,,참그린 세제,-,-,-,202501,-,M,확정,4500원,KOSIS_VALUE,hcx,참그린 세제 가격,참그린 세제,202501,M,hcx,현재값,4500,-,-,N,원,수준값,증가,전년동기,"[검증 대상 문장] 크리넥스 각티슈(150매)는 5650원에서 5950원으로, 참그린 세제는 3900원에서 4500원으로 600원(15.3%)이나 올랐다.",high,N,-,Y,0,0,HCX-007,v1.6-early-kosis-context,2026-07-30,생활용품 가격,"크리넥스 각티슈, 참그린 세제",202501,M,202501,,원,원,currency,amount,item,,N,N,INDIVIDUAL_PRODUCT_PRICE,개별 상품의 비평균 소매가격은 KOSIS 품목 통계 직접값이 아님,REJECT,INDIVIDUAL_PRODUCT_PRICE,,N,,,,,DERIVED_DIFFERENCE,문장 내 150과 600의 차이(450)와 일치 — 파생 차액,REJECT,Y,direct,,,,,currency,N,N,,
A0041-SP8E6F7B5760,A0041-SP8E6F7B5760-m5,A0041,치솟는 환율에 식품 물가도 급등,2025-01-04,https://www.chosun.com/economy/economy_general/2025/01/04/7SPGFC4RFZEDLDPFTQHVDM2K2E,"크리넥스 각티슈(150매)는 5650원에서 5950원으로, 참그린 세제는 3900원에서 4500원으로 600원(15.3%)이나 올랐다.","편의점 업계에 따르면 동아오츠카의 포카리스웨트와 데미소다 캔은 1600원에서 1700원으로 100원씩, 오리온의 다이제 초코는 2500원에서 2800원으로 12% 올랐다.","코젤·필스너우르켈·페로니 맥주 500mL 캔 가격도 4500원에서 4900원으로 올랐고, 할인 행사가는 4캔 1만2000원에서 1만3000원으로 올랐다.",국내공식통계,N,물가,참그린 세제 가격 증감값,"환율, 식품, 물가, 가격, 급등",-,,,참그린 세제,-,-,-,202501,-,M,확정,600원,KOSIS_VALUE,hcx,참그린 세제 가격 증감값,참그린 세제,202501,M,hcx,증감값,600,-,-,N,원,증감량,증가,전년동기,"[검증 대상 문장] 크리넥스 각티슈(150매)는 5650원에서 5950원으로, 참그린 세제는 3900원에서 4500원으로 600원(15.3%)이나 올랐다.",high,N,-,Y,0,0,HCX-007,v1.6-early-kosis-context,2026-07-30,생활용품 가격,"크리넥스 각티슈, 참그린 세제",202501,M,202501,,원,원,currency,absolute_change,item,202401,N,N,INDIVIDUAL_PRODUCT_PRICE,개별 상품의 비평균 소매가격은 KOSIS 품목 통계 직접값이 아님,REJECT,INDIVIDUAL_PRODUCT_PRICE,,N,,,,,DERIVED_DIFFERENCE,문장 내 3900과 4500의 차이(600)와 일치 — 파생 차액,REJECT,Y,direct,,,,,currency,N,N,,
A0041-SP5E2250B9B7,A0041-SP5E2250B9B7-m1,A0041,치솟는 환율에 식품 물가도 급등,2025-01-04,https://www.chosun.com/economy/economy_general/2025/01/04/7SPGFC4RFZEDLDPFTQHVDM2K2E,"코젤·필스너우르켈·페로니 맥주 500mL 캔 가격도 4500원에서 4900원으로 올랐고, 할인 행사가는 4캔 1만2000원에서 1만3000원으로 올랐다.","크리넥스 각티슈(150매)는 5650원에서 5950원으로, 참그린 세제는 3900원에서 4500원으로 600원(15.3%)이나 올랐다.",해외 명품 브랜드도 원자재값 상승과 환율 변동 등을 이유로 수십만원씩 가격을 올리고 있다.,국내공식통계,N,물가,수입식품 가격,"환율, 식품, 물가, 가격, 급등",-,,,코젤·필스너우르켈·페로니 맥주,-,-,-,,-,,확정,4500원,KOSIS_VALUE,hcx,수입식품 가격,코젤·필스너우르켈·페로니 맥주,-,-,hcx,이전값,4500,-,-,N,원,수준값,증가,전년,"코젤·필스너우르켈·페로니 맥주 500mL 캔 가격도 4500원에서 4900원으로 올랐고, 할인 행사가는 4캔 1만2000원에서 1만3000원으로 올랐다.",high,Y,measurement_period_ungrounded:4,N,0,0,HCX-007,v1.6-early-kosis-context,2026-07-30,수입식품 가격,수입식품,202501,M,,,원,원,currency,amount,item,,N,N,DERIVED_DIFFERENCE,문장 내 4500과 4의 차이(4496)와 일치 — 파생 차액,REJECT,DERIVED_DIFFERENCE,,N,,,,,DERIVED_DIFFERENCE,문장 내 4500과 4의 차이(4496)와 일치 — 파생 차액,REJECT,Y,direct,,,,,currency,N,N,,
A0041-SP5E2250B9B7,A0041-SP5E2250B9B7-m2,A0041,치솟는 환율에 식품 물가도 급등,2025-01-04,https://www.chosun.com/economy/economy_general/2025/01/04/7SPGFC4RFZEDLDPFTQHVDM2K2E,"코젤·필스너우르켈·페로니 맥주 500mL 캔 가격도 4500원에서 4900원으로 올랐고, 할인 행사가는 4캔 1만2000원에서 1만3000원으로 올랐다.","크리넥스 각티슈(150매)는 5650원에서 5950원으로, 참그린 세제는 3900원에서 4500원으로 600원(15.3%)이나 올랐다.",해외 명품 브랜드도 원자재값 상승과 환율 변동 등을 이유로 수십만원씩 가격을 올리고 있다.,국내공식통계,N,물가,수입식품 가격,"환율, 식품, 물가, 가격, 급등",-,,,코젤·필스너우르켈·페로니 맥주,-,-,-,,-,,확정,4900원,KOSIS_VALUE,hcx,수입식품 가격,코젤·필스너우르켈·페로니 맥주,-,-,hcx,현재값,4900,-,-,N,원,수준값,증가,전년,"코젤·필스너우르켈·페로니 맥주 500mL 캔 가격도 4500원에서 4900원으로 올랐고, 할인 행사가는 4캔 1만2000원에서 1만3000원으로 올랐다.",high,Y,measurement_period_ungrounded:4,N,0,0,HCX-007,v1.6-early-kosis-context,2026-07-30,수입식품 가격,수입식품,202501,M,,,원,원,currency,amount,item,,N,N,DERIVED_DIFFERENCE,문장 내 4900과 4의 차이(4896)와 일치 — 파생 차액,REJECT,DERIVED_DIFFERENCE,,N,,,,,DERIVED_DIFFERENCE,문장 내 4900과 4의 차이(4896)와 일치 — 파생 차액,REJECT,Y,direct,,,,,currency,N,N,,
A0041-SPD7765E31A6,A0041-SPD7765E31A6-m1,A0041,치솟는 환율에 식품 물가도 급등,2025-01-04,https://www.chosun.com/economy/economy_general/2025/01/04/7SPGFC4RFZEDLDPFTQHVDM2K2E,스위스 시계 브랜드 롤렉스는 인기 모델인 ‘데이트저스트 오이스터스틸·화이트골드 36㎜’ 국내 판매가를 기존 1292만원에서 1373만원으로 81만원(6.3%) 올렸다.,해외 명품 브랜드도 원자재값 상승과 환율 변동 등을 이유로 수십만원씩 가격을 올리고 있다.,에르메스는 반지 제품인 ‘에버 헤라클레스 웨딩 밴드’를 기존 477만원에서 527만원으로 50만원(10.5%) 인상했다.,국내공식통계,N,물가,롤렉스 인기 모델 판매가,"롤렉스, 인기 모델, 데이트저스트 오이스터스틸·화이트골드 36㎜, 판매가, 인상",-,,,시계,-,-,-,2024,-,Y,확정,1292만원,KOSIS_VALUE,hcx,롤렉스 인기 모델 판매가,시계,2024,Y,hcx,이전값,12920000,-,-,N,원,수준값,유지,전년,스위스 시계 브랜드 롤렉스는 인기 모델인 ‘데이트저스트 오이스터스틸·화이트골드 36㎜’ 국내 판매가를 기존 1292만원에서 1373만원으로 81만원(6.3%) 올렸다.,high,N,-,N,0,0,HCX-007,v1.6-early-kosis-context,2026-07-30,롤렉스 인기 모델 판매가,시계,,,2024,,원,원,currency,amount,item,,N,N,BRANDED_PRODUCT_PRICE,개별 상품 가격(‘데이트저스트 오이스터스틸·화이트골드 ’) — KOSIS 는 품목 평균가만 수록,REJECT,BRANDED_PRODUCT_PRICE,,N,,,,,BRANDED_PRODUCT_PRICE,개별 상품 가격(‘데이트저스트 오이스터스틸·화이트골드 ’) — KOSIS 는 품목 평균가만 수록,REJECT,Y,direct,,,,,currency,N,N,,
A0041-SPD7765E31A6,A0041-SPD7765E31A6-m2,A0041,치솟는 환율에 식품 물가도 급등,2025-01-04,https://www.chosun.com/economy/economy_general/2025/01/04/7SPGFC4RFZEDLDPFTQHVDM2K2E,스위스 시계 브랜드 롤렉스는 인기 모델인 ‘데이트저스트 오이스터스틸·화이트골드 36㎜’ 국내 판매가를 기존 1292만원에서 1373만원으로 81만원(6.3%) 올렸다.,해외 명품 브랜드도 원자재값 상승과 환율 변동 등을 이유로 수십만원씩 가격을 올리고 있다.,에르메스는 반지 제품인 ‘에버 헤라클레스 웨딩 밴드’를 기존 477만원에서 527만원으로 50만원(10.5%) 인상했다.,국내공식통계,N,물가,롤렉스 인기 모델 판매가,"롤렉스, 인기 모델, 데이트저스트 오이스터스틸·화이트골드 36㎜, 판매가, 인상",-,,,시계,-,-,-,2025,-,Y,확정,1373만원,KOSIS_VALUE,hcx,롤렉스 인기 모델 판매가,시계,2025,Y,hcx,현재값,13730000,-,-,N,원,수준값,증가,전년,스위스 시계 브랜드 롤렉스는 인기 모델인 ‘데이트저스트 오이스터스틸·화이트골드 36㎜’ 국내 판매가를 기존 1292만원에서 1373만원으로 81만원(6.3%) 올렸다.,high,N,-,N,0,0,HCX-007,v1.6-early-kosis-context,2026-07-30,롤렉스 인기 모델 판매가,시계,,,2025,,원,원,currency,amount,item,,N,N,INDIVIDUAL_PRODUCT_PRICE,개별 상품의 비평균 소매가격은 KOSIS 품목 통계 직접값이 아님,REJECT,INDIVIDUAL_PRODUCT_PRICE,,N,,,,,BRANDED_PRODUCT_PRICE,개별 상품 가격(‘데이트저스트 오이스터스틸·화이트골드 ’) — KOSIS 는 품목 평균가만 수록,REJECT,Y,direct,,,,,currency,N,N,,
A0041-SPD7765E31A6,A0041-SPD7765E31A6-m3,A0041,치솟는 환율에 식품 물가도 급등,2025-01-04,https://www.chosun.com/economy/economy_general/2025/01/04/7SPGFC4RFZEDLDPFTQHVDM2K2E,스위스 시계 브랜드 롤렉스는 인기 모델인 ‘데이트저스트 오이스터스틸·화이트골드 36㎜’ 국내 판매가를 기존 1292만원에서 1373만원으로 81만원(6.3%) 올렸다.,해외 명품 브랜드도 원자재값 상승과 환율 변동 등을 이유로 수십만원씩 가격을 올리고 있다.,에르메스는 반지 제품인 ‘에버 헤라클레스 웨딩 밴드’를 기존 477만원에서 527만원으로 50만원(10.5%) 인상했다.,국내공식통계,N,물가,롤렉스 인기 모델 판매가 증가분,"롤렉스, 인기 모델, 데이트저스트 오이스터스틸·화이트골드 36㎜, 판매가, 인상",-,,,시계,-,-,-,2025,-,Y,확정,81만원,KOSIS_VALUE,hcx,롤렉스 인기 모델 판매가 증가분,시계,2025,Y,hcx,증감값,810000,-,-,N,원,증감량,증가,전년,스위스 시계 브랜드 롤렉스는 인기 모델인 ‘데이트저스트 오이스터스틸·화이트골드 36㎜’ 국내 판매가를 기존 1292만원에서 1373만원으로 81만원(6.3%) 올렸다.,high,N,-,N,0,0,HCX-007,v1.6-early-kosis-context,2026-07-30,롤렉스 인기 모델 판매가,시계,,,2025,,원,원,currency,absolute_change,item,2024,N,N,INDIVIDUAL_PRODUCT_PRICE,개별 상품의 비평균 소매가격은 KOSIS 품목 통계 직접값이 아님,REJECT,INDIVIDUAL_PRODUCT_PRICE,,N,,,,,BRANDED_PRODUCT_PRICE,개별 상품 가격(‘데이트저스트 오이스터스틸·화이트골드 ’) — KOSIS 는 품목 평균가만 수록,REJECT,Y,direct,,,,,currency,N,N,,
A0041-SPD7765E31A6,A0041-SPD7765E31A6-m4,A0041,치솟는 환율에 식품 물가도 급등,2025-01-04,https://www.chosun.com/economy/economy_general/2025/01/04/7SPGFC4RFZEDLDPFTQHVDM2K2E,스위스 시계 브랜드 롤렉스는 인기 모델인 ‘데이트저스트 오이스터스틸·화이트골드 36㎜’ 국내 판매가를 기존 1292만원에서 1373만원으로 81만원(6.3%) 올렸다.,해외 명품 브랜드도 원자재값 상승과 환율 변동 등을 이유로 수십만원씩 가격을 올리고 있다.,에르메스는 반지 제품인 ‘에버 헤라클레스 웨딩 밴드’를 기존 477만원에서 527만원으로 50만원(10.5%) 인상했다.,국내공식통계,N,물가,롤렉스 인기 모델 판매가 증가율,"롤렉스, 인기 모델, 데이트저스트 오이스터스틸·화이트골드 36㎜, 판매가, 인상",-,,,시계,-,-,-,2025,-,Y,확정,6.3%,KOSIS_VALUE,hcx,롤렉스 인기 모델 판매가 증가율,시계,2025,Y,hcx,증감률,6.3,-,-,N,%,증감률,증가,전년,스위스 시계 브랜드 롤렉스는 인기 모델인 ‘데이트저스트 오이스터스틸·화이트골드 36㎜’ 국내 판매가를 기존 1292만원에서 1373만원으로 81만원(6.3%) 올렸다.,high,N,-,N,0,0,HCX-007,v1.6-early-kosis-context,2026-07-30,롤렉스 인기 모델 판매가,시계,,,2025,,%,%,rate,rate_change,item,2024,N,N,SINGLE_COMPANY_METRIC,개별 기업(롤렉스) 실적 — KOSIS 는 산업 집계만 수록,REJECT,SINGLE_COMPANY_METRIC,,N,,,,,SINGLE_COMPANY_METRIC,개별 기업(롤렉스) 실적 — KOSIS 는 산업 집계만 수록,REJECT,Y,,,DERIVED_VALUE_REQUIRES_COMPUTATION,증감값은 직접 공표 ITEM 확인 또는 수준값 재계산 필요,,rate,Y,N,,direct|rate_from_level
A0041-SP4542276D1B,A0041-SP4542276D1B-m1,A0041,치솟는 환율에 식품 물가도 급등,2025-01-04,https://www.chosun.com/economy/economy_general/2025/01/04/7SPGFC4RFZEDLDPFTQHVDM2K2E,에르메스는 반지 제품인 ‘에버 헤라클레스 웨딩 밴드’를 기존 477만원에서 527만원으로 50만원(10.5%) 인상했다.,스위스 시계 브랜드 롤렉스는 인기 모델인 ‘데이트저스트 오이스터스틸·화이트골드 36㎜’ 국내 판매가를 기존 1292만원에서 1373만원으로 81만원(6.3%) 올렸다.,가방 제품인 ‘쁘띠 코스 백’은 기존 706만원에서 770만원으로 64만원(9%) 올랐다.,국내공식통계,N,물가,반지 가격,"환율, 식품, 물가, 급등, 가격 인상",-,,,에버 헤라클레스 웨딩 밴드,-,-,-,202501,-,M,확정,477만원,KOSIS_VALUE,hcx,반지 가격,에버 헤라클레스 웨딩 밴드,202501,M,hcx,이전값,4770000,-,-,N,원,수준값,증가,전년,에르메스는 반지 제품인 ‘에버 헤라클레스 웨딩 밴드’를 기존 477만원에서 527만원으로 50만원(10.5%) 인상했다.,high,N,-,N,0,0,HCX-007,v1.6-early-kosis-context,2026-07-30,가격 인상,"반지, 가방",202501,M,202501,,원,원,currency,amount,item,,N,N,DERIVED_DIFFERENCE,문장 내 527과 50의 차이(477)와 일치 — 파생 차액,REJECT,DERIVED_DIFFERENCE,,N,,,,,DERIVED_DIFFERENCE,문장 내 527과 50의 차이(477)와 일치 — 파생 차액,REJECT,Y,direct,,,,,currency,N,N,,
A0041-SP4542276D1B,A0041-SP4542276D1B-m3,A0041,치솟는 환율에 식품 물가도 급등,2025-01-04,https://www.chosun.com/economy/economy_general/2025/01/04/7SPGFC4RFZEDLDPFTQHVDM2K2E,에르메스는 반지 제품인 ‘에버 헤라클레스 웨딩 밴드’를 기존 477만원에서 527만원으로 50만원(10.5%) 인상했다.,스위스 시계 브랜드 롤렉스는 인기 모델인 ‘데이트저스트 오이스터스틸·화이트골드 36㎜’ 국내 판매가를 기존 1292만원에서 1373만원으로 81만원(6.3%) 올렸다.,가방 제품인 ‘쁘띠 코스 백’은 기존 706만원에서 770만원으로 64만원(9%) 올랐다.,국내공식통계,N,물가,반지 가격 인상폭,"환율, 식품, 물가, 급등, 가격 인상",-,,,에버 헤라클레스 웨딩 밴드,-,-,-,202501,-,M,확정,50만원,KOSIS_VALUE,hcx,반지 가격 인상폭,에버 헤라클레스 웨딩 밴드,202501,M,hcx,증감값,500000,-,-,N,원,증감량,증가,전년,에르메스는 반지 제품인 ‘에버 헤라클레스 웨딩 밴드’를 기존 477만원에서 527만원으로 50만원(10.5%) 인상했다.,high,N,-,N,0,0,HCX-007,v1.6-early-kosis-context,2026-07-30,가격 인상,"반지, 가방",202501,M,202501,,원,원,currency,absolute_change,item,202401,N,N,DERIVED_DIFFERENCE,문장 내 477과 527의 차이(50)와 일치 — 파생 차액,REJECT,DERIVED_DIFFERENCE,,N,,,,,DERIVED_DIFFERENCE,문장 내 477과 527의 차이(50)와 일치 — 파생 차액,REJECT,Y,,,DERIVED_VALUE_REQUIRES_COMPUTATION,증감값은 직접 공표 ITEM 확인 또는 수준값 재계산 필요,,currency,Y,N,,direct|difference_from_level
A0041-SP52DD01D7DE,A0041-SP52DD01D7DE-m1,A0041,치솟는 환율에 식품 물가도 급등,2025-01-04,https://www.chosun.com/economy/economy_general/2025/01/04/7SPGFC4RFZEDLDPFTQHVDM2K2E,가방 제품인 ‘쁘띠 코스 백’은 기존 706만원에서 770만원으로 64만원(9%) 올랐다.,에르메스는 반지 제품인 ‘에버 헤라클레스 웨딩 밴드’를 기존 477만원에서 527만원으로 50만원(10.5%) 인상했다.,"이 밖에 태그호이어, 브라이틀링, 고야드, 티파니 등 여타 명품 브랜드들도 연초 가격 인상을 했거나 할 계획인 것으로 알려졌다.",국내공식통계,N,물가,가방 가격,"환율, 식품, 물가, 급등, 명품, 가격 인상",-,,,쁘띠 코스 백,-,-,-,,-,,확정,706만원,KOSIS_VALUE,hcx,가방 가격,쁘띠 코스 백,-,-,hcx,이전값,7060000,-,-,N,원,수준값,증가,전년,가방 제품인 '쁘띠 코스 백'은 기존 706만원에서 770만원으로 64만원(9%) 올랐다.,high,Y,measurement_period_ungrounded:4,N,0,0,HCX-007,v1.6-early-kosis-context,2026-07-30,명품 브랜드 가격 인상,"가방, 시계, 주얼리",202501,M,,,원,원,currency,amount,item,,N,N,DERIVED_DIFFERENCE,문장 내 770과 64의 차이(706)와 일치 — 파생 차액,REJECT,DERIVED_DIFFERENCE,,N,,,,,DERIVED_DIFFERENCE,문장 내 770과 64의 차이(706)와 일치 — 파생 차액,REJECT,Y,direct,,,,,currency,N,N,,
A0041-SP52DD01D7DE,A0041-SP52DD01D7DE-m3,A0041,치솟는 환율에 식품 물가도 급등,2025-01-04,https://www.chosun.com/economy/economy_general/2025/01/04/7SPGFC4RFZEDLDPFTQHVDM2K2E,가방 제품인 ‘쁘띠 코스 백’은 기존 706만원에서 770만원으로 64만원(9%) 올랐다.,에르메스는 반지 제품인 ‘에버 헤라클레스 웨딩 밴드’를 기존 477만원에서 527만원으로 50만원(10.5%) 인상했다.,"이 밖에 태그호이어, 브라이틀링, 고야드, 티파니 등 여타 명품 브랜드들도 연초 가격 인상을 했거나 할 계획인 것으로 알려졌다.",국내공식통계,N,물가,가방 가격 인상폭,"환율, 식품, 물가, 급등, 명품, 가격 인상",-,,,쁘띠 코스 백,-,-,-,,-,,확정,64만원,KOSIS_VALUE,hcx,가방 가격 인상폭,쁘띠 코스 백,-,-,hcx,증감값,640000,-,-,N,원,증감량,증가,전년,가방 제품인 '쁘띠 코스 백'은 기존 706만원에서 770만원으로 64만원(9%) 올랐다.,high,Y,measurement_period_ungrounded:4,N,0,0,HCX-007,v1.6-early-kosis-context,2026-07-30,명품 브랜드 가격 인상,"가방, 시계, 주얼리",202501,M,,,원,원,currency,absolute_change,item,,N,N,DERIVED_DIFFERENCE,문장 내 706과 770의 차이(64)와 일치 — 파생 차액,REJECT,DERIVED_DIFFERENCE,,N,,,,,DERIVED_DIFFERENCE,문장 내 706과 770의 차이(64)와 일치 — 파생 차액,REJECT,Y,direct,,,,,currency,N,N,,
A0044-SPC2A93B27BC,A0044-SPC2A93B27BC-m1,A0044,"팀쿡도 100만달러 쾌척... 美재계, 트럼프 취임식에 찬조 이어져",2025-01-04,https://www.chosun.com/economy/int_economy/2025/01/04/TBQG2RWUCZCOPEERSCDI2PWTHU,팀 쿡 애플 최고경영자(CEO)가 도널드 트럼프 미국 대통령 당선인의 취임위원회에 개인 자격으로 100만 달러(약 14억7000만원)를 기부하기로 했다.,-,4일(현지시각) 미국 정치전문매체 악시오스는 관련 소식통을 인용해 “쿡은 이달 20일로 예정된 트럼프 당선인의 취임식 준비를 위해 100만달러를 기부할 예정”이라고 보도했다.,개별기업,N,기타,개인 기부금,"팀쿡, 애플 CEO, 트럼프, 취임위원회, 기부",-,,,,-,-,-,,-,,확정,100만 달러,KOSIS_VALUE,hcx,개인 기부금,-,-,-,hcx,현재값,1000000,-,-,N,달러,수준값,-,,팀 쿡 애플 최고경영자(CEO)가 도널드 트럼프 미국 대통령 당선인의 취임위원회에 개인 자격으로 100만 달러(약 14억7000만원)를 기부하기로 했다.,high,N,-,N,0,0,HCX-007,v1.6-early-kosis-context,2026-07-30,개인 기부금,,,,,,달러,달러,currency,amount,unspecified,,N,N,OUT_OF_KOSIS_SCOPE,claim_domain_scope=개별기업,REJECT,OUT_OF_KOSIS_SCOPE,,N,,,,,DECLARED_SINGLE_COMPANY,claim_domain_scope=개별기업: 개별기업 수치는 KOSIS 산업 집계와 다름,REJECT,Y,direct,,,,,currency,N,N,,
A0044-SPC2A93B27BC,A0044-SPC2A93B27BC-m2,A0044,"팀쿡도 100만달러 쾌척... 美재계, 트럼프 취임식에 찬조 이어져",2025-01-04,https://www.chosun.com/economy/int_economy/2025/01/04/TBQG2RWUCZCOPEERSCDI2PWTHU,팀 쿡 애플 최고경영자(CEO)가 도널드 트럼프 미국 대통령 당선인의 취임위원회에 개인 자격으로 100만 달러(약 14억7000만원)를 기부하기로 했다.,-,4일(현지시각) 미국 정치전문매체 악시오스는 관련 소식통을 인용해 “쿡은 이달 20일로 예정된 트럼프 당선인의 취임식 준비를 위해 100만달러를 기부할 예정”이라고 보도했다.,개별기업,N,기타,개인 기부금,"팀쿡, 애플 CEO, 트럼프, 취임위원회, 기부",-,,,,-,-,-,,-,,확정,14억7000만원,KOSIS_VALUE,hcx,개인 기부금,-,-,-,hcx,현재값,1470000000,-,-,Y,원,수준값,-,,팀 쿡 애플 최고경영자(CEO)가 도널드 트럼프 미국 대통령 당선인의 취임위원회에 개인 자격으로 100만 달러(약 14억7000만원)를 기부하기로 했다.,high,N,-,N,0,0,HCX-007,v1.6-early-kosis-context,2026-07-30,개인 기부금,,,,,,원,원,currency,amount,unspecified,,N,N,OUT_OF_KOSIS_SCOPE,claim_domain_scope=개별기업,REJECT,OUT_OF_KOSIS_SCOPE,,N,,,,,DECLARED_SINGLE_COMPANY,claim_domain_scope=개별기업: 개별기업 수치는 KOSIS 산업 집계와 다름,REJECT,Y,direct,,,,,currency,N,N,,
A0044-SP248DB6CC10,-,A0044,"팀쿡도 100만달러 쾌척... 美재계, 트럼프 취임식에 찬조 이어져",2025-01-04,https://www.chosun.com/economy/int_economy/2025/01/04/TBQG2RWUCZCOPEERSCDI2PWTHU,"쿡은 트럼프가 대선에서 승리한 직후인 지난 11월 5일 X(옛 트위터)에 “당선을 축하한다. 우리는 당신과 미 행정부와 협력해 미국이 독창성, 혁신, 창의성으로 계속해서 선두를 달릴 수 있도록 도울 수 있길 기대한다”고 밝혔다.",트럼프가 재선되자 쿡은 지난달 13일 트럼프의 플로리다주(州) 마러라고 자택에서 트럼프를 면담하고 함께 저녁 식사를 했다.,앞서 지난달 12일 월스트리트저널(WSJ) 등은 제프 베이조스 아마존 창업자가 트럼프 취임식에 100만달러를 내놓기로 했다고 보도했다.,개별기업,N,재정·조세,,-,-,,,,-,-,-,,-,,확정,-,-,-,-,,-,-,-,,-,-,-,-,,,-,,팀 쿡 애플 최고경영자(CEO)가 도널드 트럼프 미국 대통령 당선인의 취임위원회에 개인 자격으로 100만 달러(약 14억7000만원)를 기부하기로 했다.,high,N,-,N,0,0,HCX-007,v1.6-early-kosis-context,2026-07-30,기부금,취임식,2024Q4,Q,,,,,unknown,level,unspecified,,N,N,DECLARED_SINGLE_COMPANY,claim_domain_scope=개별기업: 개별기업 수치는 KOSIS 산업 집계와 다름,REJECT,DECLARED_SINGLE_COMPANY,,Y,취임식,,,,DECLARED_SINGLE_COMPANY,claim_domain_scope=개별기업: 개별기업 수치는 KOSIS 산업 집계와 다름,REJECT,Y,direct,,,,,,N,N,,
A0044-SPE06A0500F6,A0044-SPE06A0500F6-m1,A0044,"팀쿡도 100만달러 쾌척... 美재계, 트럼프 취임식에 찬조 이어져",2025-01-04,https://www.chosun.com/economy/int_economy/2025/01/04/TBQG2RWUCZCOPEERSCDI2PWTHU,앞서 지난달 12일 월스트리트저널(WSJ) 등은 제프 베이조스 아마존 창업자가 트럼프 취임식에 100만달러를 내놓기로 했다고 보도했다.,"쿡은 트럼프가 대선에서 승리한 직후인 지난 11월 5일 X(옛 트위터)에 “당선을 축하한다. 우리는 당신과 미 행정부와 협력해 미국이 독창성, 혁신, 창의성으로 계속해서 선두를 달릴 수 있도록 도울 수 있길 기대한다”고 밝혔다.",아마존은 자사 영상 스트리밍 서비스인 ‘프라임비디오’를 통해 취임식을 중계할 예정인데 이와 별도로 100만 달러를 기부한다.,개별기업,N,재정·조세,취임식 기부금,"팀쿡, 애플, 트럼프, 취임식, 기부",-,,,,-,-,-,,-,,확정,100만 달러,KOSIS_VALUE,hcx,취임식 기부금,-,-,-,hcx,현재값,1000000,-,-,N,달러,수준값,-,특정시점,팀 쿡 애플 최고경영자(CEO)가 도널드 트럼프 미국 대통령 당선인의 취임위원회에 개인 자격으로 100만 달러(약 14억7000만원)를 기부하기로 했다.,high,Y,measurement_period_ungrounded:1,N,0,0,HCX-007,v1.6-early-kosis-context,2026-07-30,취임식 기부금,,202501,M,,,달러,달러,currency,amount,unspecified,,N,N,OUT_OF_KOSIS_SCOPE,claim_domain_scope=개별기업,REJECT,OUT_OF_KOSIS_SCOPE,,N,,,,,DECLARED_SINGLE_COMPANY,claim_domain_scope=개별기업: 개별기업 수치는 KOSIS 산업 집계와 다름,REJECT,Y,direct,,,,,currency,N,N,,
A0044-SP192A3BB6B3,A0044-SP192A3BB6B3-m1,A0044,"팀쿡도 100만달러 쾌척... 美재계, 트럼프 취임식에 찬조 이어져",2025-01-04,https://www.chosun.com/economy/int_economy/2025/01/04/TBQG2RWUCZCOPEERSCDI2PWTHU,아마존은 자사 영상 스트리밍 서비스인 ‘프라임비디오’를 통해 취임식을 중계할 예정인데 이와 별도로 100만 달러를 기부한다.,앞서 지난달 12일 월스트리트저널(WSJ) 등은 제프 베이조스 아마존 창업자가 트럼프 취임식에 100만달러를 내놓기로 했다고 보도했다.,"아마존에 앞서 메타, 오픈AI 등도 트럼프 당선인 취임식에 100만 달러를 쾌척한다고 밝혔다.",개별기업,N,기타,기부금,"아마존, 프라임비디오, 취임식, 기부, 100만 달러",-,,,영상 스트리밍 서비스,-,-,-,,-,,확정,100만 달러,KOSIS_VALUE,hcx,기부금,영상 스트리밍 서비스,-,-,hcx,현재값,1000000,-,-,N,달러,수준값,-,,아마존은 자사 영상 스트리밍 서비스인 ‘프라임비디오’를 통해 취임식을 중계할 예정인데 이와 별도로 100만 달러를 기부한다.,high,Y,measurement_period_ungrounded:1,Y,0,0,HCX-007,v1.6-early-kosis-context,2026-07-30,기부금,영상 스트리밍 서비스,202501,M,,,달러,달러,currency,amount,item,,N,N,OUT_OF_KOSIS_SCOPE,claim_domain_scope=개별기업,REJECT,OUT_OF_KOSIS_SCOPE,,N,,,,,DECLARED_SINGLE_COMPANY,claim_domain_scope=개별기업: 개별기업 수치는 KOSIS 산업 집계와 다름,REJECT,Y,direct,,,,,currency,N,N,,
A0044-SPE47D5305FC,A0044-SPE47D5305FC-m1,A0044,"팀쿡도 100만달러 쾌척... 美재계, 트럼프 취임식에 찬조 이어져",2025-01-04,https://www.chosun.com/economy/int_economy/2025/01/04/TBQG2RWUCZCOPEERSCDI2PWTHU,"아마존에 앞서 메타, 오픈AI 등도 트럼프 당선인 취임식에 100만 달러를 쾌척한다고 밝혔다.",아마존은 자사 영상 스트리밍 서비스인 ‘프라임비디오’를 통해 취임식을 중계할 예정인데 이와 별도로 100만 달러를 기부한다.,샘 올트먼 오픈AI CEO는 “트럼프 대통령이 AI 시대를 이끌 것이며 미국이 앞서나가도록 하기 위한 그의 노력을 지원하고 싶다”는 성명까지 냈다.,개별기업,N,기타,취임식 찬조금,"미국, 트럼프, 취임식, 쾌척, 재계, 찬조",-,,,,-,-,-,,-,,확정,100만 달러,KOSIS_VALUE,hcx,취임식 찬조금,-,-,-,hcx,현재값,1000000,-,-,N,달러,수준값,-,,"아마존에 앞서 메타, 오픈AI 등도 트럼프 당선인 취임식에 100만 달러를 쾌척한다고 밝혔다.",high,N,-,N,0,0,HCX-007,v1.6-early-kosis-context,2026-07-30,취임식 찬조금,,,,,,달러,달러,currency,amount,unspecified,,N,N,OUT_OF_KOSIS_SCOPE,claim_domain_scope=개별기업,REJECT,OUT_OF_KOSIS_SCOPE,,N,,,,,DECLARED_SINGLE_COMPANY,claim_domain_scope=개별기업: 개별기업 수치는 KOSIS 산업 집계와 다름,REJECT,Y,direct,,,,,currency,N,N,,
A0044-SP39A7BA8364,A0044-SP39A7BA8364-m1,A0044,"팀쿡도 100만달러 쾌척... 美재계, 트럼프 취임식에 찬조 이어져",2025-01-04,https://www.chosun.com/economy/int_economy/2025/01/04/TBQG2RWUCZCOPEERSCDI2PWTHU,"자동차 업계에서는 토요타, 포드, GM이 각각 최소 100만달러의 기부를 약속했다.","월가에서는 골드만삭스와 뱅크오브아메리카가 기부자 목록에 올랐고, 암호화폐 거래소 크라켄과 코인베이스도 동참했다.",뉴욕타임스에 따르면 100만달러 이상 기부자에게 특별한 혜택이 주어진다.,개별기업,N,기타,기부금,"자동차 업계, 토요타, 포드, GM, 기부, 100만달러",-,,,토요타,-,-,-,,-,,확정,100만달러,KOSIS_VALUE,hcx,기부금,토요타,-,-,hcx,현재값,1000000,-,-,N,달러,수준값,-,,"[검증 대상 문장] 자동차 업계에서는 토요타, 포드, GM이 각각 최소 100만달러의 기부를 약속했다.",high,N,-,Y,0,0,HCX-007,v1.6-early-kosis-context,2026-07-30,기부금,자동차,,,,,달러,달러,currency,amount,vehicle,,N,N,OUT_OF_KOSIS_SCOPE,claim_domain_scope=개별기업,REJECT,OUT_OF_KOSIS_SCOPE,,N,,,,,DECLARED_SINGLE_COMPANY,claim_domain_scope=개별기업: 개별기업 수치는 KOSIS 산업 집계와 다름,REJECT,Y,direct,,,,,currency,N,N,,
A0045-SP561E674AD0,A0045-SP561E674AD0-m1,A0045,[주간코인시황] 트럼프 행정부 출범 앞두고 새해 기대감 여전,2025-01-04,https://www.chosun.com/economy/money/2025/01/04/2IZU7CNPP5ALSDTHVFZGFO3IHI,"비트코인은 전주 대비 1.31% 상승한 9만7000달러, 이더리움은 3.63% 상승한 3400달러 선에서 거래 중이다.",올해 첫째 주 가상자산 시장은 연말 약세를 뒤로하고 소폭 상승했다.,미국의 신규 실업수당 청구 건수가 예상치 대비 낮은 21만1000건을 기록해 여전히 강한 고용으로 금리 인하 폭에 영향을 줄 수 있었지만 가상자산 시장은 이에 대해 크게 반응하지 않았다.,국내공식통계,N,기타,비트코인 증감률,"비트코인, 이더리움, 가상자산, 시장, 가격",-,,,,-,-,-,202501,-,M,확정,1.31%,KOSIS_VALUE,hcx,비트코인 증감률,-,202501,M,hcx,증감률,1.31,-,-,N,%,증감률,증가,전월,[주간코인시황] 트럼프 행정부 출범 앞두고 새해 기대감 여전,high,N,-,N,0,0,HCX-007,v1.6-early-kosis-context,2026-07-30,"비트코인 가격, 이더리움 가격",,202501,M,202501,CHANGE_RATE_FROM_TEXT,%,%,rate,rate_change,unspecified,202412,N,N,FOREIGN_MARKET_VALUE,해외 자산·지수(비트코인)는 KOSIS 수록 대상이 아님,REJECT,FOREIGN_MARKET_VALUE,,N,,,,,FOREIGN_MARKET_VALUE,해외 자산·지수(비트코인)는 KOSIS 수록 대상이 아님,REJECT,Y,,,DERIVED_VALUE_REQUIRES_COMPUTATION,증감값은 직접 공표 ITEM 확인 또는 수준값 재계산 필요,,rate,Y,N,,direct|rate_from_level
A0045-SP561E674AD0,A0045-SP561E674AD0-m2,A0045,[주간코인시황] 트럼프 행정부 출범 앞두고 새해 기대감 여전,2025-01-04,https://www.chosun.com/economy/money/2025/01/04/2IZU7CNPP5ALSDTHVFZGFO3IHI,"비트코인은 전주 대비 1.31% 상승한 9만7000달러, 이더리움은 3.63% 상승한 3400달러 선에서 거래 중이다.",올해 첫째 주 가상자산 시장은 연말 약세를 뒤로하고 소폭 상승했다.,미국의 신규 실업수당 청구 건수가 예상치 대비 낮은 21만1000건을 기록해 여전히 강한 고용으로 금리 인하 폭에 영향을 줄 수 있었지만 가상자산 시장은 이에 대해 크게 반응하지 않았다.,국내공식통계,N,기타,비트코인 현재값,"비트코인, 이더리움, 가상자산, 시장, 가격",-,,,,-,-,-,202501,-,M,확정,9만7000달러,KOSIS_VALUE,hcx,비트코인 현재값,-,202501,M,hcx,현재값,97000,-,-,N,달러,수준값,증가,전월,[주간코인시황] 트럼프 행정부 출범 앞두고 새해 기대감 여전,high,N,-,N,0,0,HCX-007,v1.6-early-kosis-context,2026-07-30,"비트코인 가격, 이더리움 가격",,202501,M,202501,,달러,달러,currency,amount,unspecified,,N,N,FOREIGN_MARKET_VALUE,해외 자산·지수(비트코인)는 KOSIS 수록 대상이 아님,REJECT,FOREIGN_MARKET_VALUE,,N,,,,,FOREIGN_MARKET_VALUE,해외 자산·지수(비트코인)는 KOSIS 수록 대상이 아님,REJECT,Y,direct,,,,,currency,N,N,,
A0045-SP561E674AD0,A0045-SP561E674AD0-m3,A0045,[주간코인시황] 트럼프 행정부 출범 앞두고 새해 기대감 여전,2025-01-04,https://www.chosun.com/economy/money/2025/01/04/2IZU7CNPP5ALSDTHVFZGFO3IHI,"비트코인은 전주 대비 1.31% 상승한 9만7000달러, 이더리움은 3.63% 상승한 3400달러 선에서 거래 중이다.",올해 첫째 주 가상자산 시장은 연말 약세를 뒤로하고 소폭 상승했다.,미국의 신규 실업수당 청구 건수가 예상치 대비 낮은 21만1000건을 기록해 여전히 강한 고용으로 금리 인하 폭에 영향을 줄 수 있었지만 가상자산 시장은 이에 대해 크게 반응하지 않았다.,국내공식통계,N,기타,이더리움 증감률,"비트코인, 이더리움, 가상자산, 시장, 가격",-,,,,-,-,-,202501,-,M,확정,3.63%,KOSIS_VALUE,hcx,이더리움 증감률,-,202501,M,hcx,증감률,3.63,-,-,N,%,증감률,증가,전월,[주간코인시황] 트럼프 행정부 출범 앞두고 새해 기대감 여전,high,N,-,N,0,0,HCX-007,v1.6-early-kosis-context,2026-07-30,"비트코인 가격, 이더리움 가격",,202501,M,202501,CHANGE_RATE_FROM_TEXT,%,%,rate,rate_change,unspecified,202412,N,N,FOREIGN_MARKET_VALUE,해외 자산·지수(비트코인)는 KOSIS 수록 대상이 아님,REJECT,FOREIGN_MARKET_VALUE,,N,,,,,FOREIGN_MARKET_VALUE,해외 자산·지수(비트코인)는 KOSIS 수록 대상이 아님,REJECT,Y,,,DERIVED_VALUE_REQUIRES_COMPUTATION,증감값은 직접 공표 ITEM 확인 또는 수준값 재계산 필요,,rate,Y,N,,direct|rate_from_level
A0045-SP561E674AD0,A0045-SP561E674AD0-m4,A0045,[주간코인시황] 트럼프 행정부 출범 앞두고 새해 기대감 여전,2025-01-04,https://www.chosun.com/economy/money/2025/01/04/2IZU7CNPP5ALSDTHVFZGFO3IHI,"비트코인은 전주 대비 1.31% 상승한 9만7000달러, 이더리움은 3.63% 상승한 3400달러 선에서 거래 중이다.",올해 첫째 주 가상자산 시장은 연말 약세를 뒤로하고 소폭 상승했다.,미국의 신규 실업수당 청구 건수가 예상치 대비 낮은 21만1000건을 기록해 여전히 강한 고용으로 금리 인하 폭에 영향을 줄 수 있었지만 가상자산 시장은 이에 대해 크게 반응하지 않았다.,국내공식통계,N,기타,이더리움 현재값,"비트코인, 이더리움, 가상자산, 시장, 가격",-,,,,-,-,-,202501,-,M,확정,3400달러,KOSIS_VALUE,hcx,이더리움 현재값,-,202501,M,hcx,현재값,3400,-,-,N,달러,수준값,증가,전월,[주간코인시황] 트럼프 행정부 출범 앞두고 새해 기대감 여전,high,N,-,N,0,0,HCX-007,v1.6-early-kosis-context,2026-07-30,"비트코인 가격, 이더리움 가격",,202501,M,202501,,달러,달러,currency,amount,unspecified,,N,N,FOREIGN_MARKET_VALUE,해외 자산·지수(비트코인)는 KOSIS 수록 대상이 아님,REJECT,FOREIGN_MARKET_VALUE,,N,,,,,FOREIGN_MARKET_VALUE,해외 자산·지수(비트코인)는 KOSIS 수록 대상이 아님,REJECT,Y,direct,,,,,currency,N,N,,
A0045-SPAA7EDBF838,A0045-SPAA7EDBF838-m1,A0045,[주간코인시황] 트럼프 행정부 출범 앞두고 새해 기대감 여전,2025-01-04,https://www.chosun.com/economy/money/2025/01/04/2IZU7CNPP5ALSDTHVFZGFO3IHI,"스토리 프로토콜은 루나에게 트윗당 500 USD 코인(USDC)을 지급하는 조건으로 계약을 체결했는데, 이를 연봉으로 환산하면 약 36만5000달러에 달한다.",◇ 세계 최초 ‘AI 인턴’ 실험 지식재산권(IP) 문제에 중점을 둔 스타트업 스토리 프로토콜(Story Protocol)이 AI 에이전트 루나(LUNA)를 7일간 트위터 운영 인턴으로 채용하면서 AI 노동력 도입에 대한 실험적 시도가 주목받고 있다.,루나는 7일의 동안 총 12개의 트윗을 게시했다.,개별기업,N,소매·소비,AI 인턴 연봉,"AI 인턴, 스토리 프로토콜, 루나, 트윗, USDC",-,,,루나,-,-,-,,-,,확정,약 36만5000달러,KOSIS_VALUE,hcx,AI 인턴 연봉,루나,-,-,hcx,현재값,365000,-,-,Y,달러,수준값,-,,"스토리 프로토콜은 루나에게 트윗당 500 USD 코인(USDC)을 지급하는 조건으로 계약을 체결했는데, 이를 연봉으로 환산하면 약 36만5000달러에 달한다.",high,N,-,N,0,0,HCX-007,v1.6-early-kosis-context,2026-07-30,AI 인턴 급여,스토리 프로토콜,,,,,달러,달러,currency,amount,item,,N,N,OUT_OF_KOSIS_SCOPE,claim_domain_scope=개별기업,REJECT,OUT_OF_KOSIS_SCOPE,,N,,,,,DECLARED_SINGLE_COMPANY,claim_domain_scope=개별기업: 개별기업 수치는 KOSIS 산업 집계와 다름,REJECT,Y,direct,,,,,currency,N,N,,
A0046-SP883575DAEF,A0046-SP883575DAEF-m1,A0046,[美친 증시]③ “작년 많이 오른 종목은 급등락 주의... 기술주는 대형보다 중·소형주”,2025-01-04,https://www.chosun.com/economy/money/2025/01/04/6FL3VK5OUYSQJ5NKPXMCKUPCHQ,나스닥종합지수와 S&P500지수의 연간 상승률은 30% 안팎을 기록했다.,"0 2024년은 서학개미, 특히 미국 증시 투자자에게 완벽한 한 해였다.","반면에 코스피지수와 코스닥지수는 연초보다 각각 9.9%, 21.7% 하락한 채 장을 마쳤다.",국내공식통계,N,금융·금리,나스닥종합지수와 S&P500지수의 연간 상승률,"미국 증시, 나스닥종합지수, S&P500지수, 연간 상승률",-,,,,-,-,-,2024,-,Y,확정,30%,KOSIS_VALUE,hcx,나스닥종합지수와 S&P500지수의 연간 상승률,-,2024,Y,hcx,증감률,30,-,-,N,%,증감률,증가,전년,나스닥종합지수와 S&P500지수의 연간 상승률은 30% 안팎을 기록했다.,high,N,-,N,0,0,HCX-007,v1.6-early-kosis-context,2026-07-30,나스닥종합지수와 S&P500지수의 연간 상승률,,2024,Y,2024,CHANGE_RATE_FROM_TEXT,%,%,rate,rate_change,unspecified,2023,N,N,FOREIGN_MARKET_VALUE,해외 자산·지수(나스닥)는 KOSIS 수록 대상이 아님,REJECT,FOREIGN_MARKET_VALUE,,N,,,,,FOREIGN_MARKET_VALUE,해외 자산·지수(나스닥)는 KOSIS 수록 대상이 아님,REJECT,Y,,,DERIVED_VALUE_REQUIRES_COMPUTATION,증감값은 직접 공표 ITEM 확인 또는 수준값 재계산 필요,,rate,Y,N,,direct|rate_from_level
A0046-SPD2EDAD8C3F,A0046-SPD2EDAD8C3F-m1,A0046,[美친 증시]③ “작년 많이 오른 종목은 급등락 주의... 기술주는 대형보다 중·소형주”,2025-01-04,https://www.chosun.com/economy/money/2025/01/04/6FL3VK5OUYSQJ5NKPXMCKUPCHQ,"반면에 코스피지수와 코스닥지수는 연초보다 각각 9.9%, 21.7% 하락한 채 장을 마쳤다.",나스닥종합지수와 S&P500지수의 연간 상승률은 30% 안팎을 기록했다.,요즘 주식 투자하는 개인 열에 아홉은 같은 질문을 한다.,국내공식통계,N,금융·금리,코스피지수 변동률,"코스피지수, 코스닥지수, 연초, 하락",-,,,,-,-,-,2024,-,Y,확정,9.9%,KOSIS_VALUE,hcx,코스피지수 변동률,-,2024,Y,hcx,증감률,9.9,-,-,N,%,증감률,감소,전년,"반면에 코스피지수와 코스닥지수는 연초보다 각각 9.9%, 21.7% 하락한 채 장을 마쳤다.",high,N,-,N,0,0,HCX-007,v1.6-early-kosis-context,2026-07-30,주가 변동률,,2024,Y,2024,CHANGE_RATE_FROM_TEXT,%,%,rate,rate_change,unspecified,2023,N,N,FOREIGN_MARKET_VALUE,"해외 자산·지수(나스닥)는 KOSIS 수록 대상이 아님 (같은 기사에서 확인된 출처, 이 문장은 자체 출처 없음)",REJECT,FOREIGN_MARKET_VALUE,,N,,,,,FOREIGN_MARKET_VALUE,"해외 자산·지수(나스닥)는 KOSIS 수록 대상이 아님 (같은 기사에서 확인된 출처, 이 문장은 자체 출처 없음)",REJECT,Y,,,DERIVED_VALUE_REQUIRES_COMPUTATION,증감값은 직접 공표 ITEM 확인 또는 수준값 재계산 필요,,rate,Y,N,,direct|rate_from_level
A0046-SPD2EDAD8C3F,A0046-SPD2EDAD8C3F-m2,A0046,[美친 증시]③ “작년 많이 오른 종목은 급등락 주의... 기술주는 대형보다 중·소형주”,2025-01-04,https://www.chosun.com/economy/money/2025/01/04/6FL3VK5OUYSQJ5NKPXMCKUPCHQ,"반면에 코스피지수와 코스닥지수는 연초보다 각각 9.9%, 21.7% 하락한 채 장을 마쳤다.",나스닥종합지수와 S&P500지수의 연간 상승률은 30% 안팎을 기록했다.,요즘 주식 투자하는 개인 열에 아홉은 같은 질문을 한다.,국내공식통계,N,금융·금리,코스닥지수 변동률,"코스피지수, 코스닥지수, 연초, 하락",-,,,,-,-,-,2024,-,Y,확정,21.7%,KOSIS_VALUE,hcx,코스닥지수 변동률,-,2024,Y,hcx,증감률,21.7,-,-,N,%,증감률,감소,전년,"반면에 코스피지수와 코스닥지수는 연초보다 각각 9.9%, 21.7% 하락한 채 장을 마쳤다.",high,N,-,N,0,0,HCX-007,v1.6-early-kosis-context,2026-07-30,주가 변동률,,2024,Y,2024,CHANGE_RATE_FROM_TEXT,%,%,rate,rate_change,unspecified,2023,N,N,FOREIGN_MARKET_VALUE,"해외 자산·지수(나스닥)는 KOSIS 수록 대상이 아님 (같은 기사에서 확인된 출처, 이 문장은 자체 출처 없음)",REJECT,FOREIGN_MARKET_VALUE,,N,,,,,FOREIGN_MARKET_VALUE,"해외 자산·지수(나스닥)는 KOSIS 수록 대상이 아님 (같은 기사에서 확인된 출처, 이 문장은 자체 출처 없음)",REJECT,Y,,,DERIVED_VALUE_REQUIRES_COMPUTATION,증감값은 직접 공표 ITEM 확인 또는 수준값 재계산 필요,,rate,Y,N,,direct|rate_from_level
A0047-SP2FEC0B21E6,-,A0047,“욕심부리다가 또 탈락할라”… 눈높이 낮추는 ‘상장 재수생’들,2025-01-04,https://www.chosun.com/economy/money/2025/01/04/BN43SMGOJ6JMA4RWSSI66VWIGY,"당시 금리가 오르면서 국내 경제와 주식시장에 불확실성이 커졌고, 경쟁사인 삼성SDS 주가가 하락하면서 충분한 자금을 모으기 어렵다고 판단했다.",LG CNS는 지난 2022년 주관사를 선정해 증시 입성을 준비했지만 상장을 추진하진 않았었다.,"새해 벽두에도 증시를 둘러싼 여건이 좋지 않지만, LG CNS는 눈높이를 낮춰 다시 상장 채비를 갖췄다.",개별기업,N,기타,,-,-,,,,-,-,-,,-,,모호,-,-,-,-,,-,-,-,,-,-,-,-,,,-,,"당시 금리가 오르면서 국내 경제와 주식시장에 불확실성이 커졌고, 경쟁사인 삼성SDS 주가가 하락하면서 충분한 자금을 모으기 어렵다고 판단했다.",low,Y,-,N,0,0,HCX-007,v1.6-early-kosis-context,2026-07-30,,LG CNS,,,,,,,unknown,level,unspecified,,N,N,DECLARED_SINGLE_COMPANY,claim_domain_scope=개별기업: 개별기업 수치는 KOSIS 산업 집계와 다름,REJECT,DECLARED_SINGLE_COMPANY,,Y,LG CNS,,,,DECLARED_SINGLE_COMPANY,claim_domain_scope=개별기업: 개별기업 수치는 KOSIS 산업 집계와 다름,REJECT,Y,direct,,,,,,N,N,,
A0047-SP4119BCC239,-,A0047,“욕심부리다가 또 탈락할라”… 눈높이 낮추는 ‘상장 재수생’들,2025-01-04,https://www.chosun.com/economy/money/2025/01/04/BN43SMGOJ6JMA4RWSSI66VWIGY,상장하려는 기업들은 이미 주식시장에서 거래되고 있는 경쟁 기업의 주가수익비율(PER)을 고려해 공모가를 산정한다.,"새해 벽두에도 증시를 둘러싼 여건이 좋지 않지만, LG CNS는 눈높이를 낮춰 다시 상장 채비를 갖췄다.","LG CNS는 3년 전, 공모가 산정에 포함했던 글로벌 소프트웨어 기업 엑센추어를 이번엔 제외했다.",개별기업,N,기타,,-,-,,,,-,-,-,,-,,모호,-,-,-,-,-,-,-,-,,-,-,-,-,,,-,,상장하려는 기업들은 이미 주식시장에서 거래되고 있는 경쟁 기업의 주가수익비율(PER)을 고려해 공모가를 산정한다.,low,Y,-,N,0,0,HCX-007,v1.6-early-kosis-context,2026-07-30,,,,,,,,,unknown,level,unspecified,,N,N,DECLARED_SINGLE_COMPANY,claim_domain_scope=개별기업: 개별기업 수치는 KOSIS 산업 집계와 다름,REJECT,DECLARED_SINGLE_COMPANY,,N,,,,,DECLARED_SINGLE_COMPANY,claim_domain_scope=개별기업: 개별기업 수치는 KOSIS 산업 집계와 다름,REJECT,Y,direct,,,,,,N,N,,
A0047-SP18017ABF86,A0047-SP18017ABF86-m1,A0047,“욕심부리다가 또 탈락할라”… 눈높이 낮추는 ‘상장 재수생’들,2025-01-04,https://www.chosun.com/economy/money/2025/01/04/BN43SMGOJ6JMA4RWSSI66VWIGY,"엑센추어의 PER은 당시 31배 수준이었고, 2024년 실적 기반 PER 추정치 역시 29.9배 수준이다.","LG CNS는 3년 전, 공모가 산정에 포함했던 글로벌 소프트웨어 기업 엑센추어를 이번엔 제외했다.","PER은 주가를 주당순이익으로 나눈 것으로, 이 수치가 높을수록 실적 대비 주가가 높다는 의미다.",개별기업,N,금융·금리,PER,"엑센추어, PER, LG CNS, 공모가, 상장 재수생",-,,,엑센추어,-,-,-,2024,-,Y,확정,31배,KOSIS_VALUE,hcx,PER,엑센추어,2024,Y,hcx,현재값,31,-,-,N,배,수준값,-,전년,"엑센추어의 PER은 당시 31배 수준이었고, 2024년 실적 기반 PER 추정치 역시 29.9배 수준이다.",high,N,-,N,0,0,HCX-007,v1.6-early-kosis-context,2026-07-30,PER,글로벌 소프트웨어 기업,2024,Y,2024,,배,배,multiple,multiple,item,,N,N,OUT_OF_KOSIS_SCOPE,claim_domain_scope=개별기업,REJECT,OUT_OF_KOSIS_SCOPE,,N,,,,,DECLARED_SINGLE_COMPANY,claim_domain_scope=개별기업: 개별기업 수치는 KOSIS 산업 집계와 다름,REJECT,Y,direct,,,,,multiple,N,N,,
A0047-SP18017ABF86,A0047-SP18017ABF86-m2,A0047,“욕심부리다가 또 탈락할라”… 눈높이 낮추는 ‘상장 재수생’들,2025-01-04,https://www.chosun.com/economy/money/2025/01/04/BN43SMGOJ6JMA4RWSSI66VWIGY,"엑센추어의 PER은 당시 31배 수준이었고, 2024년 실적 기반 PER 추정치 역시 29.9배 수준이다.","LG CNS는 3년 전, 공모가 산정에 포함했던 글로벌 소프트웨어 기업 엑센추어를 이번엔 제외했다.","PER은 주가를 주당순이익으로 나눈 것으로, 이 수치가 높을수록 실적 대비 주가가 높다는 의미다.",개별기업,N,금융·금리,PER,"엑센추어, PER, LG CNS, 공모가, 상장 재수생",-,,,엑센추어,-,-,-,2024,-,Y,확정,29.9배,KOSIS_VALUE,hcx,PER,엑센추어,2024,Y,hcx,현재값,29.9,-,-,N,배,수준값,-,전년,"엑센추어의 PER은 당시 31배 수준이었고, 2024년 실적 기반 PER 추정치 역시 29.9배 수준이다.",high,N,-,N,0,0,HCX-007,v1.6-early-kosis-context,2026-07-30,PER,글로벌 소프트웨어 기업,2024,Y,2024,,배,배,multiple,multiple,item,,N,N,OUT_OF_KOSIS_SCOPE,claim_domain_scope=개별기업,REJECT,OUT_OF_KOSIS_SCOPE,,N,,,,,DECLARED_SINGLE_COMPANY,claim_domain_scope=개별기업: 개별기업 수치는 KOSIS 산업 집계와 다름,REJECT,Y,direct,,,,,multiple,N,N,,
A0047-SPD2275BA5FD,A0047-SPD2275BA5FD-m1,A0047,“욕심부리다가 또 탈락할라”… 눈높이 낮추는 ‘상장 재수생’들,2025-01-04,https://www.chosun.com/economy/money/2025/01/04/BN43SMGOJ6JMA4RWSSI66VWIGY,"대신 삼성SDS, 현대오토에버와 일본NTT데이터그룹을 비교기업으로 둬, PER 평균 22.6배를 적용해 공모가를 정했다.",PER이 높은 기업을 비교 대상 기업에서 제외한 것은 낮은 공모가를 용인하겠다는 결정으로 해석된다.,할인율도 높은 수준을 적용했다.,개별기업,N,금융·금리,PER,"PER, 비교기업, 공모가, 할인율",-,,,,-,-,-,,-,,확정,22.6배,KOSIS_VALUE,hcx,PER,-,-,-,hcx,현재값,22.6,-,-,N,배,수준값,-,,"대신 삼성SDS, 현대오토에버와 일본NTT데이터그룹을 비교기업으로 둬, PER 평균 22.6배를 적용해 공모가를 정했다.",high,N,-,N,0,0,HCX-007,v1.6-early-kosis-context,2026-07-30,PER,,,,,,배,배,multiple,multiple,unspecified,,N,N,OUT_OF_KOSIS_SCOPE,claim_domain_scope=개별기업,REJECT,OUT_OF_KOSIS_SCOPE,,N,,,,,DECLARED_SINGLE_COMPANY,claim_domain_scope=개별기업: 개별기업 수치는 KOSIS 산업 집계와 다름,REJECT,Y,direct,,,,,multiple,N,N,,
A0047-SP354FB5FBEA,A0047-SP354FB5FBEA-m1,A0047,“욕심부리다가 또 탈락할라”… 눈높이 낮추는 ‘상장 재수생’들,2025-01-04,https://www.chosun.com/economy/money/2025/01/04/BN43SMGOJ6JMA4RWSSI66VWIGY,LG CNS는 주당 평가가액 8만9378원에 30%가 넘는 할인율을 적용했다.,할인율도 높은 수준을 적용했다.,지난해 유가증권시장 상장 기업의 할인율은 15%대였다.,개별기업,N,금융·금리,평가가액,"LG CNS, 상장, 할인율, 평가가액",-,,,LG CNS,-,-,-,,-,,확정,8만9378원,KOSIS_VALUE,hcx,평가가액,LG CNS,-,-,hcx,현재값,89378,-,-,N,원,수준값,-,,LG CNS는 주당 평가가액 8만9378원에 30%가 넘는 할인율을 적용했다.,high,N,-,N,0,0,HCX-007,v1.6-early-kosis-context,2026-07-30,"평가가액, 할인율",,,,,,원,원,currency,amount,item,,N,N,OUT_OF_KOSIS_SCOPE,claim_domain_scope=개별기업,REJECT,OUT_OF_KOSIS_SCOPE,,N,,,,,DECLARED_SINGLE_COMPANY,claim_domain_scope=개별기업: 개별기업 수치는 KOSIS 산업 집계와 다름,REJECT,Y,direct,,,,,currency,N,N,,
A0047-SP354FB5FBEA,A0047-SP354FB5FBEA-m2,A0047,“욕심부리다가 또 탈락할라”… 눈높이 낮추는 ‘상장 재수생’들,2025-01-04,https://www.chosun.com/economy/money/2025/01/04/BN43SMGOJ6JMA4RWSSI66VWIGY,LG CNS는 주당 평가가액 8만9378원에 30%가 넘는 할인율을 적용했다.,할인율도 높은 수준을 적용했다.,지난해 유가증권시장 상장 기업의 할인율은 15%대였다.,개별기업,N,금융·금리,할인율,"LG CNS, 상장, 할인율, 평가가액",-,,,LG CNS,-,-,-,,-,,확정,30%,KOSIS_VALUE,hcx,할인율,LG CNS,-,-,hcx,현재값,30,-,-,N,%,비중,-,,LG CNS는 주당 평가가액 8만9378원에 30%가 넘는 할인율을 적용했다.,high,N,-,N,0,0,HCX-007,v1.6-early-kosis-context,2026-07-30,"평가가액, 할인율",,,,,,%,%,rate,rate_level,item,,N,N,OUT_OF_KOSIS_SCOPE,claim_domain_scope=개별기업,REJECT,OUT_OF_KOSIS_SCOPE,,N,,,,,DECLARED_SINGLE_COMPANY,claim_domain_scope=개별기업: 개별기업 수치는 KOSIS 산업 집계와 다름,REJECT,Y,direct,,,,,rate,N,N,,
A0047-SP3DFD1749C6,A0047-SP3DFD1749C6-m1,A0047,“욕심부리다가 또 탈락할라”… 눈높이 낮추는 ‘상장 재수생’들,2025-01-04,https://www.chosun.com/economy/money/2025/01/04/BN43SMGOJ6JMA4RWSSI66VWIGY,지난해 유가증권시장 상장 기업의 할인율은 15%대였다.,LG CNS는 주당 평가가액 8만9378원에 30%가 넘는 할인율을 적용했다.,이에 따라 LG CNS는 희망 공모가 범위(밴드)를 5만3700~6만1900원으로 제시했다.,국내공식통계,N,금융·금리,상장 기업의 할인율,"상장, 할인율, 유가증권시장",-,,,,-,-,-,2024,-,Y,확정,15%,KOSIS_VALUE,hcx,상장 기업의 할인율,-,2024,Y,hcx,현재값,15,-,-,N,%,수준값,-,전년,지난해 유가증권시장 상장 기업의 할인율은 15%대였다.,high,N,-,N,0,0,HCX-007,v1.6-early-kosis-context,2026-07-30,상장 기업의 할인율,,2024,Y,2024,RELATIVE_YEAR_FROM_ARTICLE_DATE,%,%,rate,rate_level,organization,,N,N,CAPITAL_MARKET_VALUATION,상장·공모 가치평가 할인율은 KOSIS 공식 통계 관측값이 아님,REJECT,CAPITAL_MARKET_VALUATION,,N,,,,,,,,N,direct,,,,,rate,N,N,,
A0047-SP2D4A86CC94,A0047-SP2D4A86CC94-m1,A0047,“욕심부리다가 또 탈락할라”… 눈높이 낮추는 ‘상장 재수생’들,2025-01-04,https://www.chosun.com/economy/money/2025/01/04/BN43SMGOJ6JMA4RWSSI66VWIGY,"이에 따라 LG CNS는 희망 공모가 범위(밴드)를 5만3700~6만1900원으로 제시했다. 밴드 상단 기준 모집총액은 1조1994억원, 상장 후 시총은 5조9972억원으로 추산된다.",지난해 유가증권시장 상장 기업의 할인율은 15%대였다.,LG CNS는 9∼15일 수요예측을 진행하고 21∼22일 일반 청약을 받을 예정이다.,개별기업,N,금융·금리,희망 공모가 범위,"LG CNS, 상장, 공모가, 할인율, 모집총액, 시총",-,,,,-,-,-,2025,-,Y,확정,5만3700원,KOSIS_VALUE,hcx,희망 공모가 범위,,2025,Y,hcx,현재값,53700,-,-,N,원,수준값,-,,"이에 따라 LG CNS는 희망 공모가 범위(밴드)를 5만3700~6만1900원으로 제시했다. 밴드 상단 기준 모집총액은 1조1994억원, 상장 후 시총은 5조9972억원으로 추산된다.",high,N,-,N,0,0,HCX-007,v1.6-early-kosis-context,2026-07-30,희망 공모가 범위,IT 서비스,2025,Y,2025,,원,원,currency,amount,unspecified,,N,N,OUT_OF_KOSIS_SCOPE,claim_domain_scope=개별기업,REJECT,OUT_OF_KOSIS_SCOPE,,Y,IT 서비스,,,,DECLARED_SINGLE_COMPANY,claim_domain_scope=개별기업: 개별기업 수치는 KOSIS 산업 집계와 다름,REJECT,Y,direct,,,,,currency,N,N,,
A0047-SP2D4A86CC94,A0047-SP2D4A86CC94-m2,A0047,“욕심부리다가 또 탈락할라”… 눈높이 낮추는 ‘상장 재수생’들,2025-01-04,https://www.chosun.com/economy/money/2025/01/04/BN43SMGOJ6JMA4RWSSI66VWIGY,"이에 따라 LG CNS는 희망 공모가 범위(밴드)를 5만3700~6만1900원으로 제시했다. 밴드 상단 기준 모집총액은 1조1994억원, 상장 후 시총은 5조9972억원으로 추산된다.",지난해 유가증권시장 상장 기업의 할인율은 15%대였다.,LG CNS는 9∼15일 수요예측을 진행하고 21∼22일 일반 청약을 받을 예정이다.,개별기업,N,금융·금리,희망 공모가 범위,"LG CNS, 상장, 공모가, 할인율, 모집총액, 시총",-,,,,-,-,-,2025,-,Y,확정,6만1900원,KOSIS_VALUE,hcx,희망 공모가 범위,,2025,Y,hcx,현재값,61900,-,-,N,원,수준값,-,,"이에 따라 LG CNS는 희망 공모가 범위(밴드)를 5만3700~6만1900원으로 제시했다. 밴드 상단 기준 모집총액은 1조1994억원, 상장 후 시총은 5조9972억원으로 추산된다.",high,N,-,N,0,0,HCX-007,v1.6-early-kosis-context,2026-07-30,희망 공모가 범위,IT 서비스,2025,Y,2025,,원,원,currency,amount,unspecified,,N,N,OUT_OF_KOSIS_SCOPE,claim_domain_scope=개별기업,REJECT,OUT_OF_KOSIS_SCOPE,,Y,IT 서비스,,,,DECLARED_SINGLE_COMPANY,claim_domain_scope=개별기업: 개별기업 수치는 KOSIS 산업 집계와 다름,REJECT,Y,direct,,,,,currency,N,N,,
A0047-SP2D4A86CC94,A0047-SP2D4A86CC94-m3,A0047,“욕심부리다가 또 탈락할라”… 눈높이 낮추는 ‘상장 재수생’들,2025-01-04,https://www.chosun.com/economy/money/2025/01/04/BN43SMGOJ6JMA4RWSSI66VWIGY,"이에 따라 LG CNS는 희망 공모가 범위(밴드)를 5만3700~6만1900원으로 제시했다. 밴드 상단 기준 모집총액은 1조1994억원, 상장 후 시총은 5조9972억원으로 추산된다.",지난해 유가증권시장 상장 기업의 할인율은 15%대였다.,LG CNS는 9∼15일 수요예측을 진행하고 21∼22일 일반 청약을 받을 예정이다.,개별기업,N,금융·금리,모집총액,"LG CNS, 상장, 공모가, 할인율, 모집총액, 시총",-,,,,-,-,-,2025,-,Y,확정,1조1994억원,KOSIS_VALUE,hcx,모집총액,,2025,Y,hcx,현재값,1199400000000,-,-,N,원,수준값,-,,"이에 따라 LG CNS는 희망 공모가 범위(밴드)를 5만3700~6만1900원으로 제시했다. 밴드 상단 기준 모집총액은 1조1994억원, 상장 후 시총은 5조9972억원으로 추산된다.",high,N,-,N,0,0,HCX-007,v1.6-early-kosis-context,2026-07-30,희망 공모가 범위,IT 서비스,2025,Y,2025,,원,원,currency,amount,unspecified,,N,N,OUT_OF_KOSIS_SCOPE,claim_domain_scope=개별기업,REJECT,OUT_OF_KOSIS_SCOPE,,Y,IT 서비스,,,,DECLARED_SINGLE_COMPANY,claim_domain_scope=개별기업: 개별기업 수치는 KOSIS 산업 집계와 다름,REJECT,Y,direct,,,,,currency,N,N,,
A0047-SP2D4A86CC94,A0047-SP2D4A86CC94-m4,A0047,“욕심부리다가 또 탈락할라”… 눈높이 낮추는 ‘상장 재수생’들,2025-01-04,https://www.chosun.com/economy/money/2025/01/04/BN43SMGOJ6JMA4RWSSI66VWIGY,"이에 따라 LG CNS는 희망 공모가 범위(밴드)를 5만3700~6만1900원으로 제시했다. 밴드 상단 기준 모집총액은 1조1994억원, 상장 후 시총은 5조9972억원으로 추산된다.",지난해 유가증권시장 상장 기업의 할인율은 15%대였다.,LG CNS는 9∼15일 수요예측을 진행하고 21∼22일 일반 청약을 받을 예정이다.,개별기업,N,금융·금리,상장 후 시총,"LG CNS, 상장, 공모가, 할인율, 모집총액, 시총",-,,,,-,-,-,2025,-,Y,확정,5조9972억원,KOSIS_VALUE,hcx,상장 후 시총,,2025,Y,hcx,현재값,5997200000000,-,-,N,원,수준값,-,,"이에 따라 LG CNS는 희망 공모가 범위(밴드)를 5만3700~6만1900원으로 제시했다. 밴드 상단 기준 모집총액은 1조1994억원, 상장 후 시총은 5조9972억원으로 추산된다.",high,N,-,N,0,0,HCX-007,v1.6-early-kosis-context,2026-07-30,희망 공모가 범위,IT 서비스,2025,Y,2025,,원,원,currency,amount,unspecified,,N,N,OUT_OF_KOSIS_SCOPE,claim_domain_scope=개별기업,REJECT,OUT_OF_KOSIS_SCOPE,,Y,IT 서비스,,,,DECLARED_SINGLE_COMPANY,claim_domain_scope=개별기업: 개별기업 수치는 KOSIS 산업 집계와 다름,REJECT,Y,direct,,,,,currency,N,N,,
A0047-SPE50D9E98C2,A0047-SPE50D9E98C2-m1,A0047,“욕심부리다가 또 탈락할라”… 눈높이 낮추는 ‘상장 재수생’들,2025-01-04,https://www.chosun.com/economy/money/2025/01/04/BN43SMGOJ6JMA4RWSSI66VWIGY,"밴드 상단 기준 모집총액은 1조1994억원, 상장 후 시총은 5조9972억원으로 추산된다.",이에 따라 LG CNS는 희망 공모가 범위(밴드)를 5만3700~6만1900원으로 제시했다.,LG CNS는 9∼15일 수요예측을 진행하고 21∼22일 일반 청약을 받을 예정이다.,개별기업,N,금융·금리,모집총액,"LG CNS, 상장, 공모가, 모집총액, 시가총액",-,,,,-,-,-,2025,-,Y,확정,1조1994억원,KOSIS_VALUE,hcx,모집총액,-,2025,Y,hcx,현재값,1199400000000,-,-,N,원,수준값,-,,"밴드 상단 기준 모집총액은 1조1994억원, 상장 후 시총은 5조9972억원으로 추산된다.",high,N,-,N,0,0,HCX-007,v1.6-early-kosis-context,2026-07-30,"모집총액, 시가총액",,2025,Y,2025,,원,원,currency,amount,unspecified,,N,N,OUT_OF_KOSIS_SCOPE,claim_domain_scope=개별기업,REJECT,OUT_OF_KOSIS_SCOPE,,N,,,,,DECLARED_SINGLE_COMPANY,claim_domain_scope=개별기업: 개별기업 수치는 KOSIS 산업 집계와 다름,REJECT,Y,direct,,,,,currency,N,N,,
A0047-SPE50D9E98C2,A0047-SPE50D9E98C2-m2,A0047,“욕심부리다가 또 탈락할라”… 눈높이 낮추는 ‘상장 재수생’들,2025-01-04,https://www.chosun.com/economy/money/2025/01/04/BN43SMGOJ6JMA4RWSSI66VWIGY,"밴드 상단 기준 모집총액은 1조1994억원, 상장 후 시총은 5조9972억원으로 추산된다.",이에 따라 LG CNS는 희망 공모가 범위(밴드)를 5만3700~6만1900원으로 제시했다.,LG CNS는 9∼15일 수요예측을 진행하고 21∼22일 일반 청약을 받을 예정이다.,개별기업,N,금융·금리,시가총액,"LG CNS, 상장, 공모가, 모집총액, 시가총액",-,,,,-,-,-,2025,-,Y,확정,5조9972억원,KOSIS_VALUE,hcx,시가총액,-,2025,Y,hcx,현재값,5997200000000,-,-,N,원,수준값,-,,"밴드 상단 기준 모집총액은 1조1994억원, 상장 후 시총은 5조9972억원으로 추산된다.",high,N,-,N,0,0,HCX-007,v1.6-early-kosis-context,2026-07-30,"모집총액, 시가총액",,2025,Y,2025,,원,원,currency,amount,unspecified,,N,N,OUT_OF_KOSIS_SCOPE,claim_domain_scope=개별기업,REJECT,OUT_OF_KOSIS_SCOPE,,N,,,,,DECLARED_SINGLE_COMPANY,claim_domain_scope=개별기업: 개별기업 수치는 KOSIS 산업 집계와 다름,REJECT,Y,direct,,,,,currency,N,N,,
A0047-SP8BB3A3AD7E,A0047-SP8BB3A3AD7E-m1,A0047,“욕심부리다가 또 탈락할라”… 눈높이 낮추는 ‘상장 재수생’들,2025-01-04,https://www.chosun.com/economy/money/2025/01/04/BN43SMGOJ6JMA4RWSSI66VWIGY,미트박스글로벌은 공모 주식 수를 100만주로 유지했지만 희망 공모가 범위를 기존 2만3000~2만8500원에서 1만9000~2만3000원으로 낮췄다.,미트박스글로벌은 지난해 코스닥시장 상장을 추진했지만 수요가 부진할 것으로 예상돼 상장 계획을 철회했다.,미트박스글로벌은 오는 13일부터 14일까지 일반 청약에 나선다.,개별기업,N,금융·금리,희망 공모가 범위,"상장, 공모가, 주식, 희망 공모가 범위, 상장 재수생",-,,,미트박스글로벌,-,-,-,2024,-,,확정,2만3000원,KOSIS_VALUE,hcx,희망 공모가 범위,미트박스글로벌,2024,-,hcx,이전값,23000,-,-,N,원,수준값,-,전년,미트박스글로벌은 공모 주식 수를 100만주로 유지했지만 희망 공모가 범위를 기존 2만3000~2만8500원에서 1만9000~2만3000원으로 낮췄다.,high,N,-,N,0,0,HCX-007,v1.6-early-kosis-context,2026-07-30,희망 공모가 범위,미트박스글로벌,2025,,2024,,원,원,currency,amount,item,,N,N,OUT_OF_KOSIS_SCOPE,claim_domain_scope=개별기업,REJECT,OUT_OF_KOSIS_SCOPE,,N,,,,,DECLARED_SINGLE_COMPANY,claim_domain_scope=개별기업: 개별기업 수치는 KOSIS 산업 집계와 다름,REJECT,Y,direct,,,,,currency,N,N,,
A0047-SP8BB3A3AD7E,A0047-SP8BB3A3AD7E-m2,A0047,“욕심부리다가 또 탈락할라”… 눈높이 낮추는 ‘상장 재수생’들,2025-01-04,https://www.chosun.com/economy/money/2025/01/04/BN43SMGOJ6JMA4RWSSI66VWIGY,미트박스글로벌은 공모 주식 수를 100만주로 유지했지만 희망 공모가 범위를 기존 2만3000~2만8500원에서 1만9000~2만3000원으로 낮췄다.,미트박스글로벌은 지난해 코스닥시장 상장을 추진했지만 수요가 부진할 것으로 예상돼 상장 계획을 철회했다.,미트박스글로벌은 오는 13일부터 14일까지 일반 청약에 나선다.,개별기업,N,금융·금리,희망 공모가 범위,"상장, 공모가, 주식, 희망 공모가 범위, 상장 재수생",-,,,미트박스글로벌,-,-,-,2024,-,,확정,2만8500원,KOSIS_VALUE,hcx,희망 공모가 범위,미트박스글로벌,2024,-,hcx,이전값,28500,-,-,N,원,수준값,-,전년,미트박스글로벌은 공모 주식 수를 100만주로 유지했지만 희망 공모가 범위를 기존 2만3000~2만8500원에서 1만9000~2만3000원으로 낮췄다.,high,N,-,N,0,0,HCX-007,v1.6-early-kosis-context,2026-07-30,희망 공모가 범위,미트박스글로벌,2025,,2024,,원,원,currency,amount,item,,N,N,OUT_OF_KOSIS_SCOPE,claim_domain_scope=개별기업,REJECT,OUT_OF_KOSIS_SCOPE,,N,,,,,DECLARED_SINGLE_COMPANY,claim_domain_scope=개별기업: 개별기업 수치는 KOSIS 산업 집계와 다름,REJECT,Y,direct,,,,,currency,N,N,,
A0047-SP8BB3A3AD7E,A0047-SP8BB3A3AD7E-m3,A0047,“욕심부리다가 또 탈락할라”… 눈높이 낮추는 ‘상장 재수생’들,2025-01-04,https://www.chosun.com/economy/money/2025/01/04/BN43SMGOJ6JMA4RWSSI66VWIGY,미트박스글로벌은 공모 주식 수를 100만주로 유지했지만 희망 공모가 범위를 기존 2만3000~2만8500원에서 1만9000~2만3000원으로 낮췄다.,미트박스글로벌은 지난해 코스닥시장 상장을 추진했지만 수요가 부진할 것으로 예상돼 상장 계획을 철회했다.,미트박스글로벌은 오는 13일부터 14일까지 일반 청약에 나선다.,개별기업,N,금융·금리,희망 공모가 범위,"상장, 공모가, 주식, 희망 공모가 범위, 상장 재수생",-,,,미트박스글로벌,-,-,-,2025,-,,확정,1만9000원,KOSIS_VALUE,hcx,희망 공모가 범위,미트박스글로벌,2025,-,hcx,현재값,19000,-,-,N,원,수준값,-,전년,미트박스글로벌은 공모 주식 수를 100만주로 유지했지만 희망 공모가 범위를 기존 2만3000~2만8500원에서 1만9000~2만3000원으로 낮췄다.,high,N,-,N,0,0,HCX-007,v1.6-early-kosis-context,2026-07-30,희망 공모가 범위,미트박스글로벌,2025,,2025,,원,원,currency,amount,item,,N,N,OUT_OF_KOSIS_SCOPE,claim_domain_scope=개별기업,REJECT,OUT_OF_KOSIS_SCOPE,,N,,,,,DECLARED_SINGLE_COMPANY,claim_domain_scope=개별기업: 개별기업 수치는 KOSIS 산업 집계와 다름,REJECT,Y,direct,,,,,currency,N,N,,
A0047-SP8BB3A3AD7E,A0047-SP8BB3A3AD7E-m4,A0047,“욕심부리다가 또 탈락할라”… 눈높이 낮추는 ‘상장 재수생’들,2025-01-04,https://www.chosun.com/economy/money/2025/01/04/BN43SMGOJ6JMA4RWSSI66VWIGY,미트박스글로벌은 공모 주식 수를 100만주로 유지했지만 희망 공모가 범위를 기존 2만3000~2만8500원에서 1만9000~2만3000원으로 낮췄다.,미트박스글로벌은 지난해 코스닥시장 상장을 추진했지만 수요가 부진할 것으로 예상돼 상장 계획을 철회했다.,미트박스글로벌은 오는 13일부터 14일까지 일반 청약에 나선다.,개별기업,N,금융·금리,희망 공모가 범위,"상장, 공모가, 주식, 희망 공모가 범위, 상장 재수생",-,,,미트박스글로벌,-,-,-,2025,-,,확정,2만3000원,KOSIS_VALUE,hcx,희망 공모가 범위,미트박스글로벌,2025,-,hcx,현재값,23000,-,-,N,원,수준값,-,전년,미트박스글로벌은 공모 주식 수를 100만주로 유지했지만 희망 공모가 범위를 기존 2만3000~2만8500원에서 1만9000~2만3000원으로 낮췄다.,high,N,-,N,0,0,HCX-007,v1.6-early-kosis-context,2026-07-30,희망 공모가 범위,미트박스글로벌,2025,,2025,,원,원,currency,amount,item,,N,N,OUT_OF_KOSIS_SCOPE,claim_domain_scope=개별기업,REJECT,OUT_OF_KOSIS_SCOPE,,N,,,,,DECLARED_SINGLE_COMPANY,claim_domain_scope=개별기업: 개별기업 수치는 KOSIS 산업 집계와 다름,REJECT,Y,direct,,,,,currency,N,N,,
A0047-SPF5427B86F3,A0047-SPF5427B86F3-m1,A0047,“욕심부리다가 또 탈락할라”… 눈높이 낮추는 ‘상장 재수생’들,2025-01-04,https://www.chosun.com/economy/money/2025/01/04/BN43SMGOJ6JMA4RWSSI66VWIGY,코스닥 상장을 준비하고 있는 인공지능(AI) 전문 기업 와이즈넛은 공모 물량을 대폭 줄였다. 와이즈넛은 당초 170만주를 공모할 계획이었지만 규모를 절반에 가까운 90만주로 줄였다.,미트박스글로벌은 오는 13일부터 14일까지 일반 청약에 나선다.,공모주 물량이 줄어들면 유통 물량도 감소해 오버행(잠재적 매도 물량) 우려가 줄어들기 때문에 투자자들에게는 호재로 작용할 수 있는 지점이다.,개별기업,N,기타,공모 물량,-,-,,,와이즈넛,-,-,-,,-,,확정,90만주,KOSIS_VALUE,hcx,공모 물량,와이즈넛,-,-,hcx,현재값,900000,-,-,N,주,수준값,감소,전년,코스닥 상장을 준비하고 있는 인공지능(AI) 전문 기업 와이즈넛은 공모 물량을 대폭 줄였다. 와이즈넛은 당초 170만주를 공모할 계획이었지만 규모를 절반에 가까운 90만주로 줄였다.,high,Y,measurement_period_ungrounded:1,N,0,0,HCX-007,v1.6-early-kosis-context,2026-07-30,,인공지능(AI) 전문 기업,,,,,주,주,duration,condition,item,,N,N,OUT_OF_KOSIS_SCOPE,claim_domain_scope=개별기업,REJECT,OUT_OF_KOSIS_SCOPE,,N,,,,,DECLARED_SINGLE_COMPANY,claim_domain_scope=개별기업: 개별기업 수치는 KOSIS 산업 집계와 다름,REJECT,Y,direct,,,,,duration,N,N,,
A0047-SPF5427B86F3,A0047-SPF5427B86F3-m2,A0047,“욕심부리다가 또 탈락할라”… 눈높이 낮추는 ‘상장 재수생’들,2025-01-04,https://www.chosun.com/economy/money/2025/01/04/BN43SMGOJ6JMA4RWSSI66VWIGY,코스닥 상장을 준비하고 있는 인공지능(AI) 전문 기업 와이즈넛은 공모 물량을 대폭 줄였다. 와이즈넛은 당초 170만주를 공모할 계획이었지만 규모를 절반에 가까운 90만주로 줄였다.,미트박스글로벌은 오는 13일부터 14일까지 일반 청약에 나선다.,공모주 물량이 줄어들면 유통 물량도 감소해 오버행(잠재적 매도 물량) 우려가 줄어들기 때문에 투자자들에게는 호재로 작용할 수 있는 지점이다.,개별기업,N,기타,공모 물량,-,-,,,와이즈넛,-,-,-,2024,-,Y,확정,170만주,KOSIS_VALUE,hcx,공모 물량,와이즈넛,2024,Y,hcx,이전값,1700000,-,-,N,주,수준값,감소,전년,코스닥 상장을 준비하고 있는 인공지능(AI) 전문 기업 와이즈넛은 공모 물량을 대폭 줄였다. 와이즈넛은 당초 170만주를 공모할 계획이었지만 규모를 절반에 가까운 90만주로 줄였다.,high,Y,measurement_period_ungrounded:1,N,0,0,HCX-007,v1.6-early-kosis-context,2026-07-30,,인공지능(AI) 전문 기업,,,2024,,주,주,duration,condition,item,,N,N,OUT_OF_KOSIS_SCOPE,claim_domain_scope=개별기업,REJECT,OUT_OF_KOSIS_SCOPE,,N,,,,,DECLARED_SINGLE_COMPANY,claim_domain_scope=개별기업: 개별기업 수치는 KOSIS 산업 집계와 다름,REJECT,Y,direct,,,,,duration,N,N,,
A0049-SPAEB451FBDB,A0049-SPAEB451FBDB-m1,A0049,"태국 고속도로·바라카 원전… K건설, 59년만에 수주 1조달러",2025-01-04,https://www.chosun.com/economy/real_estate/2025/01/04/EP7S222PC5CNVDUHY6OXY2BAYU,"서독과 일본 등 경쟁사 29곳을 제치고, 길이 98㎞짜리 2차선 고속도로 공사를 522만달러에 따냈다.","2년여간 계속된 도전 끝에 1965년 11월, 현대건설은 마침내 태국에서 첫 수주에 성공했다.","고속도로가 없는 한국의 기업, 이전에 한 번도 고속도로를 지어본 적 없는 건설사가 수주한 것이다.",해외통계·정책,N,무역,해외건설공사 수주액,"태국, 고속도로, 현대건설, 수주, 해외진출",-,,,고속도로,-,-,태국,1965,-,Y,확정,522만달러,KOSIS_VALUE,hcx,해외건설공사 수주액,고속도로,1965,Y,hcx,현재값,5220000,-,-,N,달러,수준값,-,,"서독과 일본 등 경쟁사 29곳을 제치고, 길이 98㎞짜리 2차선 고속도로 공사를 522만달러에 따냈다.",high,N,-,N,0,0,HCX-007,v1.6-early-kosis-context,2026-07-30,해외건설공사 수주액,고속도로,1965,Y,1965,,달러,달러,currency,amount,item,,N,N,OUT_OF_KOSIS_SCOPE,claim_domain_scope=해외통계·정책,REJECT,OUT_OF_KOSIS_SCOPE,,N,,,,sum,,,,N,direct,,,,,currency,N,N,,
A0049-SP7D08F9B163,A0049-SP7D08F9B163-m1,A0049,"태국 고속도로·바라카 원전… K건설, 59년만에 수주 1조달러",2025-01-04,https://www.chosun.com/economy/real_estate/2025/01/04/EP7S222PC5CNVDUHY6OXY2BAYU,당시 환율로 14억8000만원짜리 이 고속도로 공사는 훗날 전 세계에서 숱한 랜드마크를 지은 K건설의 초석이 됐다.,"고속도로가 없는 한국의 기업, 이전에 한 번도 고속도로를 지어본 적 없는 건설사가 수주한 것이다.",국토교통부는 우리 기업의 해외 건설 누적 수주액이 1조달러(약 1470조원)를 돌파했다고 3일 밝혔다.,해외통계·정책,N,무역,첫 수주 금액,"태국, 고속도로, 바라카 원전, K건설, 해외 건설",-,,,,-,-,-,1965,-,Y,확정,14억8000만원,KOSIS_VALUE,hcx,첫 수주 금액,,1965,Y,hcx,현재값,1480000000,-,-,N,원,수준값,-,,당시 환율로 14억8000만원짜리 이 고속도로 공사는 훗날 전 세계에서 숱한 랜드마크를 지은 K건설의 초석이 됐다.,high,N,-,N,0,0,HCX-007,v1.6-early-kosis-context,2026-07-30,해외 건설 수주액,"고속도로, 원전",202501,M,1965,,원,원,currency,amount,unspecified,,N,N,OUT_OF_KOSIS_SCOPE,claim_domain_scope=해외통계·정책,REJECT,OUT_OF_KOSIS_SCOPE,,Y,태국 고속도로,,,,GLOBAL_COMPARISON,세계 비교 문맥(전 세계) — 대상이 국내 통계인지 확인 필요,REVIEW,N,direct,,,,,currency,N,N,,
A0049-SP4FAED382D0,A0049-SP4FAED382D0-m1,A0049,"태국 고속도로·바라카 원전… K건설, 59년만에 수주 1조달러",2025-01-04,https://www.chosun.com/economy/real_estate/2025/01/04/EP7S222PC5CNVDUHY6OXY2BAYU,국토교통부는 우리 기업의 해외 건설 누적 수주액이 1조달러(약 1470조원)를 돌파했다고 3일 밝혔다.,당시 환율로 14억8000만원짜리 이 고속도로 공사는 훗날 전 세계에서 숱한 랜드마크를 지은 K건설의 초석이 됐다.,현대건설의 첫 수주 이후 59년 만의 성과다.,해외통계·정책,N,무역,해외 건설 누적 수주액,"태국, 고속도로, 바라카 원전, 현대건설, 해외",-,,,건설,-,-,-,,-,,확정,1조달러,KOSIS_VALUE,hcx,해외 건설 누적 수주액,건설,-,-,hcx,현재값,1000000000000,-,-,N,달러,수준값,-,특정시점,국토교통부는 우리 기업의 해외 건설 누적 수주액이 1조달러(약 1470조원)를 돌파했다고 3일 밝혔다.,high,Y,measurement_period_ungrounded:2,N,0,0,HCX-007,v1.6-early-kosis-context,2026-07-30,해외 건설 누적 수주액,건설,202501,M,,,달러,달러,currency,amount,item,,N,N,OUT_OF_KOSIS_SCOPE,claim_domain_scope=해외통계·정책,REJECT,OUT_OF_KOSIS_SCOPE,,N,,,,,,,,N,direct,,,,,currency,N,N,,
A0049-SP4FAED382D0,A0049-SP4FAED382D0-m2,A0049,"태국 고속도로·바라카 원전… K건설, 59년만에 수주 1조달러",2025-01-04,https://www.chosun.com/economy/real_estate/2025/01/04/EP7S222PC5CNVDUHY6OXY2BAYU,국토교통부는 우리 기업의 해외 건설 누적 수주액이 1조달러(약 1470조원)를 돌파했다고 3일 밝혔다.,당시 환율로 14억8000만원짜리 이 고속도로 공사는 훗날 전 세계에서 숱한 랜드마크를 지은 K건설의 초석이 됐다.,현대건설의 첫 수주 이후 59년 만의 성과다.,해외통계·정책,N,무역,해외 건설 누적 수주액,"태국, 고속도로, 바라카 원전, 현대건설, 해외",-,,,건설,-,-,-,,-,,확정,1470조원,KOSIS_VALUE,hcx,해외 건설 누적 수주액,건설,-,-,hcx,현재값,1470000000000000,-,-,Y,원,수준값,-,특정시점,국토교통부는 우리 기업의 해외 건설 누적 수주액이 1조달러(약 1470조원)를 돌파했다고 3일 밝혔다.,high,Y,measurement_period_ungrounded:2,N,0,0,HCX-007,v1.6-early-kosis-context,2026-07-30,해외 건설 누적 수주액,건설,202501,M,,,원,원,currency,amount,item,,N,N,OUT_OF_KOSIS_SCOPE,claim_domain_scope=해외통계·정책,REJECT,OUT_OF_KOSIS_SCOPE,,N,,,,,,,,N,direct,,,,,currency,N,N,,
A0049-SPE42C4A0976,A0049-SPE42C4A0976-m1,A0049,"태국 고속도로·바라카 원전… K건설, 59년만에 수주 1조달러",2025-01-04,https://www.chosun.com/economy/real_estate/2025/01/04/EP7S222PC5CNVDUHY6OXY2BAYU,"삼환기업이 1973년 사우디아라비아 고속도로 공사로 처음 중동에 진출했고, 현대건설은 1976년 사우디 주베일 항만 공사를 9억6000만달러에 수주했다.",한국 건설사들은 오일머니를 앞세운 중동 산유국이 발주한 도로와 항만 공사 등을 따내며 외화를 벌어들였다.,주베일 수주액은 당시 우리 정부 예산의 4분의 1에 달할 정도였다.,해외통계·정책,N,무역,해외건설공사 수주액,"삼환기업, 사우디아라비아, 고속도로, 현대건설, 주베일 항만",-,,,주베일 항만,-,-,-,1976,-,Y,확정,9억6000만달러,KOSIS_VALUE,hcx,해외건설공사 수주액,주베일 항만,1976,Y,hcx,현재값,960000000,-,-,N,달러,수준값,-,,"[검증 대상 문장] 삼환기업이 1973년 사우디아라비아 고속도로 공사로 처음 중동에 진출했고, 현대건설은 1976년 사우디 주베일 항만 공사를 9억6000만달러에 수주했다.",high,N,-,N,0,0,HCX-007,v1.6-early-kosis-context,2026-07-30,해외건설공사 수주액,항만,1976,Y,1976,,달러,달러,currency,amount,item,,N,N,OUT_OF_KOSIS_SCOPE,claim_domain_scope=해외통계·정책,REJECT,OUT_OF_KOSIS_SCOPE,,N,,,,sum,,,,N,direct,,,,,currency,N,N,,
A0049-SP5A91E3F181,A0049-SP5A91E3F181-m1,A0049,"태국 고속도로·바라카 원전… K건설, 59년만에 수주 1조달러",2025-01-04,https://www.chosun.com/economy/real_estate/2025/01/04/EP7S222PC5CNVDUHY6OXY2BAYU,2009년 수주한 UAE 바라카 원전은 단일 공사로 역대 최대 수주액(191억 달러)을 기록했다.,세계로 뻗어나가는 K원전의 경쟁력에 건설의 역할도 빼놓을 수 없다.,오는 3월 최종 계약을 앞둔 24조원 규모 체코 두코바니 원전은 대우건설이 시공할 예정이다.,해외통계·정책,N,무역,수주액,"태국, 고속도로, 바라카 원전, UAE, 체코 두코바니 원전, 대우건설",-,,,UAE 바라카 원전,-,-,-,2009,-,Y,확정,191억 달러,KOSIS_VALUE,hcx,수주액,UAE 바라카 원전,2009,Y,hcx,현재값,19100000000,-,-,N,달러,수준값,-,특정시점,[검증 대상 문장] 2009년 수주한 UAE 바라카 원전은 단일 공사로 역대 최대 수주액(191억 달러)을 기록했다.,high,N,-,N,0,0,HCX-007,v1.6-early-kosis-context,2026-07-30,수주액,원자력 발전소,2009,Y,2009,,달러,달러,currency,amount,item,,N,N,OUT_OF_KOSIS_SCOPE,claim_domain_scope=해외통계·정책,REJECT,OUT_OF_KOSIS_SCOPE,,N,,,,sum,,,,N,direct,,,,,currency,N,N,,
A0050-SPB845716842,A0050-SPB845716842-m2,A0050,"""직장 하나론 소득 빠듯"" 너도나도 N잡러 시대, 직장인 부업 성공하려면",2025-01-04,https://www.chosun.com/economy/realty/investment_trends/2025/01/04/DKW3MEMILT2EXU3BFRNPMHNPWE,통계청 자료에 따르면 국내 부업자 수는 2023년 1분기 45만명에서 2024년 1분기 55만 명대로 20% 이상 증가했다.,[권강수의 상가투자 꿀팁] ‘N잡러’로 창업해 성공하고 싶다면 이것만은 알아야 [땅집고] 요즘 많은 직장인이 속칭 'N잡러' 생활을 하고 있다는 뉴스가 나온다.,단순히 회사에 다니면서 월급만 받으며 생활하기에는 부족함을 느끼는 직장인이 많다는 것이다.,국내공식통계,N,고용,부업자 수,"N잡러, 직장인, 부업, 소득",-,,,,-,-,-,202401,-,Q,확정,55만 명,CONDITION,hcx,부업자 수,-,2024,Y,hcx,현재값,550000,-,-,N,명,수준값,증가,전분기,통계청 자료에 따르면 국내 부업자 수는 2023년 1분기 45만명에서 2024년 1분기 55만 명대로 20% 이상 증가했다.,high,N,-,N,0,0,HCX-007,v1.6-early-kosis-context,2026-07-30,부업자 수,,2024Q1,Q,2024,,명,명,person_count,count,unspecified,,N,N,NOT_KOSIS_VALUE,measurement_usage=CONDITION,REJECT,NOT_KOSIS_VALUE,,N,,,,,,,,N,direct,,,,,person_count,N,N,,
A0050-SPB845716842,A0050-SPB845716842-m3,A0050,"""직장 하나론 소득 빠듯"" 너도나도 N잡러 시대, 직장인 부업 성공하려면",2025-01-04,https://www.chosun.com/economy/realty/investment_trends/2025/01/04/DKW3MEMILT2EXU3BFRNPMHNPWE,통계청 자료에 따르면 국내 부업자 수는 2023년 1분기 45만명에서 2024년 1분기 55만 명대로 20% 이상 증가했다.,[권강수의 상가투자 꿀팁] ‘N잡러’로 창업해 성공하고 싶다면 이것만은 알아야 [땅집고] 요즘 많은 직장인이 속칭 'N잡러' 생활을 하고 있다는 뉴스가 나온다.,단순히 회사에 다니면서 월급만 받으며 생활하기에는 부족함을 느끼는 직장인이 많다는 것이다.,국내공식통계,N,고용,부업자 수 증감률,"N잡러, 직장인, 부업, 소득",-,,,,-,-,-,202401,-,Q,확정,20%,CONDITION,hcx,부업자 수 증감률,-,2024,Y,hcx,증감률,20,-,-,N,%,증감률,증가,전분기,통계청 자료에 따르면 국내 부업자 수는 2023년 1분기 45만명에서 2024년 1분기 55만 명대로 20% 이상 증가했다.,high,N,-,N,0,0,HCX-007,v1.6-early-kosis-context,2026-07-30,부업자 수,,2024Q1,Q,2024,CHANGE_RATE_FROM_TEXT,%,%,rate,rate_change,unspecified,,N,N,NOT_KOSIS_VALUE,measurement_usage=CONDITION,REJECT,NOT_KOSIS_VALUE,,N,,,,,,,,N,direct,,,,,rate,N,N,,
