claim_id,claim_measurement_id,indicator,metric_domain,industry_or_item,value,unit,raw_unit,unit_dimension,semantic_type,entity_type,value_type,direction,measurement_role,measurement_usage,period,article_date,prd_se,change_base,comparison_period,candidate_rank,candidate_score,candidate_runner_up_score,candidate_status,candidate_status_code,candidate_status_reason,candidate_hits,retrieval_backend,lexical_score,lexical_eligible,semantic_score,reranker_score,fusion_score,org_id,tbl_id,tbl_name,stat_id,category_path,meta_candidates,selected_itm_id,selected_itm_name,selected_itm_unit,selected_itm_score,selected_obj_l1_axis_id,selected_obj_l1_axis_name,selected_obj_l1,selected_obj_l1_name,selected_obj_l1_score,selected_code_status,mapping_type,unit_compatibility_reason,claim_text
A0004-C015,A0004-C015-m2,로봇 밀도,고용,-,162,대,대,count,,,수준값,-,현재값,KOSIS_VALUE,2025,2025-01-01,Y,-,,1,200,200,REJECT,NO_COMPATIBLE_ITEM,단위·지표 의미가 맞는 ITEM 없음,"로봇,제조업,산업",lexical,200.0,Y,,,,401,DT_373002_001,"제조업용 로봇 생산 현황_기계구조, 적용산업별",2006203,로봇산업실태조사,기계구조및적용산업별:기타 로봇[B0106]/item=N/score=16 | 기계구조및적용산업별:다관절 로봇[B0103]/item=N/score=16 | 기계구조및적용산업별:리니어 로봇[B0101]/item=N/score=16 | 기계구조및적용산업별:병렬형 로봇[B0104]/item=N/score=16 | 기계구조및적용산업별:스카라 로봇[B0102]/item=N/score=16 | 기계구조및적용산업별:원통형 로봇[B0105]/item=N/score=16 | 기계구조및적용산업별:제조업[B0202]/item=N/score=10 | 기계구조및적용산업별:교육 연구 및 개발[B0203]/item=N/score=4,,,,,B,기계구조및적용산업별,B0106,기타 로봇,12,itm/obj 후보 선택,,,전 세계 평균(1만명당 162대)의 6배가 넘는 수치다.
A0004-C015,A0004-C015-m2,로봇 밀도,고용,-,162,대,대,count,,,수준값,-,현재값,KOSIS_VALUE,2025,2025-01-01,Y,-,,2,200,,ALTERNATE,NOT_TOP_TABLE,후순위 통계표 후보,"로봇,제조업,산업",lexical,200.0,Y,,,,401,DT_373002_002,"제조업용 로봇 출하 현황_기계구조, 적용산업별",2006203,로봇산업실태조사,기계구조및적용산업별:기타 로봇[B0106]/item=N/score=16 | 기계구조및적용산업별:다관절 로봇[B0103]/item=N/score=16 | 기계구조및적용산업별:리니어 로봇[B0101]/item=N/score=16 | 기계구조및적용산업별:병렬형 로봇[B0104]/item=N/score=16 | 기계구조및적용산업별:스카라 로봇[B0102]/item=N/score=16 | 기계구조및적용산업별:원통형 로봇[B0105]/item=N/score=16 | 기계구조및적용산업별:제조업[B0202]/item=N/score=10 | 기계구조및적용산업별:교육 연구 및 개발[B0203]/item=N/score=4,,,,,B,기계구조및적용산업별,B0106,기타 로봇,12,itm/obj 후보 선택,,,전 세계 평균(1만명당 162대)의 6배가 넘는 수치다.
A0004-C015,A0004-C015-m2,로봇 밀도,고용,-,162,대,대,count,,,수준값,-,현재값,KOSIS_VALUE,2025,2025-01-01,Y,-,,3,188,,ALTERNATE,NOT_TOP_TABLE,후순위 통계표 후보,"로봇,산업",lexical,188.0,Y,,,,401,DT_401001_001,로봇산업 매출 현황,2006203,로봇산업실태조사,meta_index 없음 또는 코드명 매칭 없음,,,,,,,,,,meta 없음,,,전 세계 평균(1만명당 162대)의 6배가 넘는 수치다.
A0004-C015,A0004-C015-m2,로봇 밀도,고용,-,162,대,대,count,,,수준값,-,현재값,KOSIS_VALUE,2025,2025-01-01,Y,-,,4,188,,ALTERNATE,NOT_TOP_TABLE,후순위 통계표 후보,"로봇,산업",lexical,188.0,Y,,,,401,DT_401N_012,로봇산업 부문별 지적재산권 현황,2006203,로봇산업실태조사,meta_index 없음 또는 코드명 매칭 없음,,,,,,,,,,meta 없음,,,전 세계 평균(1만명당 162대)의 6배가 넘는 수치다.
A0004-C015,A0004-C015-m2,로봇 밀도,고용,-,162,대,대,count,,,수준값,-,현재값,KOSIS_VALUE,2025,2025-01-01,Y,-,,5,188,,ALTERNATE,NOT_TOP_TABLE,후순위 통계표 후보,"로봇,산업",lexical,188.0,Y,,,,401,DT_401N_008,로봇산업 분야 직무별 종사자 수,2006203,로봇산업실태조사,meta_index 없음 또는 코드명 매칭 없음,,,,,,,,,,meta 없음,,,전 세계 평균(1만명당 162대)의 6배가 넘는 수치다.
A0004-C021,A0004-C021-m2,로봇 밀도 성장률,고용,-,5,%,%,rate,,,증감률,증가,현재값,KOSIS_VALUE,2018,2025-01-01,Y,전년,,1,200,200,REJECT,NO_COMPATIBLE_ITEM,단위·지표 의미가 맞는 ITEM 없음,"로봇,제조업,산업",lexical,200.0,Y,,,,401,DT_373002_001,"제조업용 로봇 생산 현황_기계구조, 적용산업별",2006203,로봇산업실태조사,기계구조및적용산업별:기타 로봇[B0106]/item=N/score=16 | 기계구조및적용산업별:다관절 로봇[B0103]/item=N/score=16 | 기계구조및적용산업별:리니어 로봇[B0101]/item=N/score=16 | 기계구조및적용산업별:병렬형 로봇[B0104]/item=N/score=16 | 기계구조및적용산업별:스카라 로봇[B0102]/item=N/score=16 | 기계구조및적용산업별:원통형 로봇[B0105]/item=N/score=16 | 기계구조및적용산업별:제조업[B0202]/item=N/score=10 | 기계구조및적용산업별:교육 연구 및 개발[B0203]/item=N/score=4,,,,,B,기계구조및적용산업별,B0106,기타 로봇,12,itm/obj 후보 선택,,,"우리나라는 로봇 밀도 1위 나라일 뿐 아니라, 지난 2018년 이후로 매년 5%씩 성장한 유일한 나라이기도 하다."
A0004-C021,A0004-C021-m2,로봇 밀도 성장률,고용,-,5,%,%,rate,,,증감률,증가,현재값,KOSIS_VALUE,2018,2025-01-01,Y,전년,,2,200,,ALTERNATE,NOT_TOP_TABLE,후순위 통계표 후보,"로봇,제조업,산업",lexical,200.0,Y,,,,401,DT_373002_002,"제조업용 로봇 출하 현황_기계구조, 적용산업별",2006203,로봇산업실태조사,기계구조및적용산업별:기타 로봇[B0106]/item=N/score=16 | 기계구조및적용산업별:다관절 로봇[B0103]/item=N/score=16 | 기계구조및적용산업별:리니어 로봇[B0101]/item=N/score=16 | 기계구조및적용산업별:병렬형 로봇[B0104]/item=N/score=16 | 기계구조및적용산업별:스카라 로봇[B0102]/item=N/score=16 | 기계구조및적용산업별:원통형 로봇[B0105]/item=N/score=16 | 기계구조및적용산업별:제조업[B0202]/item=N/score=10 | 기계구조및적용산업별:교육 연구 및 개발[B0203]/item=N/score=4,,,,,B,기계구조및적용산업별,B0106,기타 로봇,12,itm/obj 후보 선택,,,"우리나라는 로봇 밀도 1위 나라일 뿐 아니라, 지난 2018년 이후로 매년 5%씩 성장한 유일한 나라이기도 하다."
A0004-C021,A0004-C021-m2,로봇 밀도 성장률,고용,-,5,%,%,rate,,,증감률,증가,현재값,KOSIS_VALUE,2018,2025-01-01,Y,전년,,3,188,,ALTERNATE,NOT_TOP_TABLE,후순위 통계표 후보,"로봇,산업",lexical,188.0,Y,,,,401,DT_401001_001,로봇산업 매출 현황,2006203,로봇산업실태조사,meta_index 없음 또는 코드명 매칭 없음,,,,,,,,,,meta 없음,,,"우리나라는 로봇 밀도 1위 나라일 뿐 아니라, 지난 2018년 이후로 매년 5%씩 성장한 유일한 나라이기도 하다."
A0004-C021,A0004-C021-m2,로봇 밀도 성장률,고용,-,5,%,%,rate,,,증감률,증가,현재값,KOSIS_VALUE,2018,2025-01-01,Y,전년,,4,188,,ALTERNATE,NOT_TOP_TABLE,후순위 통계표 후보,"로봇,산업",lexical,188.0,Y,,,,401,DT_401N_012,로봇산업 부문별 지적재산권 현황,2006203,로봇산업실태조사,meta_index 없음 또는 코드명 매칭 없음,,,,,,,,,,meta 없음,,,"우리나라는 로봇 밀도 1위 나라일 뿐 아니라, 지난 2018년 이후로 매년 5%씩 성장한 유일한 나라이기도 하다."
A0004-C021,A0004-C021-m2,로봇 밀도 성장률,고용,-,5,%,%,rate,,,증감률,증가,현재값,KOSIS_VALUE,2018,2025-01-01,Y,전년,,5,188,,ALTERNATE,NOT_TOP_TABLE,후순위 통계표 후보,"로봇,산업",lexical,188.0,Y,,,,401,DT_401N_008,로봇산업 분야 직무별 종사자 수,2006203,로봇산업실태조사,meta_index 없음 또는 코드명 매칭 없음,,,,,,,,,,meta 없음,,,"우리나라는 로봇 밀도 1위 나라일 뿐 아니라, 지난 2018년 이후로 매년 5%씩 성장한 유일한 나라이기도 하다."
A0004-C034,A0004-C034-m1,로봇 활용 비율,생산·산업,-,100,%,%,rate,,,비중,-,현재값,KOSIS_VALUE,2025,2025-01-01,Y,-,,1,264,240,REJECT,NO_COMPATIBLE_ITEM,단위·지표 의미가 맞는 ITEM 없음,"로봇,생산,산업,제조업,제조",lexical,264.0,Y,,,,401,DT_373002_001,"제조업용 로봇 생산 현황_기계구조, 적용산업별",2006203,로봇산업실태조사,기계구조및적용산업별:제조업[B0202]/item=N/score=26 | 기계구조및적용산업별:기타 로봇[B0106]/item=N/score=24 | 기계구조및적용산업별:다관절 로봇[B0103]/item=N/score=24 | 기계구조및적용산업별:리니어 로봇[B0101]/item=N/score=24 | 기계구조및적용산업별:병렬형 로봇[B0104]/item=N/score=24 | 기계구조및적용산업별:스카라 로봇[B0102]/item=N/score=24 | 기계구조및적용산업별:원통형 로봇[B0105]/item=N/score=24 | 기계구조및적용산업별:교육 연구 및 개발[B0203]/item=N/score=12,,,,,B,기계구조및적용산업별,B0106,기타 로봇,12,itm/obj 후보 선택,,,중소·중견 기업의 제조·물류 과정에서도 ‘로봇 100%’는 이미 실현되고 있다.
A0004-C034,A0004-C034-m1,로봇 활용 비율,생산·산업,-,100,%,%,rate,,,비중,-,현재값,KOSIS_VALUE,2025,2025-01-01,Y,-,,2,240,,ALTERNATE,NOT_TOP_TABLE,후순위 통계표 후보,"로봇,산업,제조업,제조",lexical,240.0,Y,,,,401,DT_373002_002,"제조업용 로봇 출하 현황_기계구조, 적용산업별",2006203,로봇산업실태조사,기계구조및적용산업별:제조업[B0202]/item=N/score=26 | 기계구조및적용산업별:기타 로봇[B0106]/item=N/score=24 | 기계구조및적용산업별:다관절 로봇[B0103]/item=N/score=24 | 기계구조및적용산업별:리니어 로봇[B0101]/item=N/score=24 | 기계구조및적용산업별:병렬형 로봇[B0104]/item=N/score=24 | 기계구조및적용산업별:스카라 로봇[B0102]/item=N/score=24 | 기계구조및적용산업별:원통형 로봇[B0105]/item=N/score=24 | 기계구조및적용산업별:교육 연구 및 개발[B0203]/item=N/score=12,,,,,B,기계구조및적용산업별,B0106,기타 로봇,12,itm/obj 후보 선택,,,중소·중견 기업의 제조·물류 과정에서도 ‘로봇 100%’는 이미 실현되고 있다.
A0004-C034,A0004-C034-m1,로봇 활용 비율,생산·산업,-,100,%,%,rate,,,비중,-,현재값,KOSIS_VALUE,2025,2025-01-01,Y,-,,3,236,,ALTERNATE,NOT_TOP_TABLE,후순위 통계표 후보,"로봇,생산,산업",lexical,236.0,Y,,,,401,DT_401001_002,로봇산업 생산 현황,2006203,로봇산업실태조사,특성별:기타 제조업용 로봇제조[A0108]/item=N/score=26 | 특성별:제조업용 로봇[A01]/item=N/score=26 | 특성별:제조업용 로봇시스템 제조[A0501]/item=N/score=26 | 특성별:가사용 로봇제조[A0301]/item=N/score=14 | 특성별:개인 건강관리용 로봇제조[A0302]/item=N/score=14 | 특성별:개인여가·오락·취미용 및 감성교감 로봇제조[A0303]/item=N/score=14 | 특성별:건설용 로봇제조[A0204]/item=N/score=14 | 특성별:공작물 장착 및 탈착용 로봇제조[A0102]/item=N/score=14,,,,,A,특성별,A0301,가사용 로봇제조,12,itm/obj 후보 선택,,,중소·중견 기업의 제조·물류 과정에서도 ‘로봇 100%’는 이미 실현되고 있다.
A0004-C034,A0004-C034-m1,로봇 활용 비율,생산·산업,-,100,%,%,rate,,,비중,-,현재값,KOSIS_VALUE,2025,2025-01-01,Y,-,,4,236,,ALTERNATE,NOT_TOP_TABLE,후순위 통계표 후보,"로봇,생산,산업",lexical,236.0,Y,,,,401,DT_401N_013,로봇산업 생산 현황,2006203,로봇산업실태조사,meta_index 없음 또는 코드명 매칭 없음,,,,,,,,,,meta 없음,,,중소·중견 기업의 제조·물류 과정에서도 ‘로봇 100%’는 이미 실현되고 있다.
A0004-C034,A0004-C034-m1,로봇 활용 비율,생산·산업,-,100,%,%,rate,,,비중,-,현재값,KOSIS_VALUE,2025,2025-01-01,Y,-,,5,236,,ALTERNATE,NOT_TOP_TABLE,후순위 통계표 후보,"로봇,생산,산업",lexical,236.0,Y,,,,401,DT_401N_001,로봇산업 생산현황,2006203,로봇산업실태조사,meta_index 없음 또는 코드명 매칭 없음,,,,,,,,,,meta 없음,,,중소·중견 기업의 제조·물류 과정에서도 ‘로봇 100%’는 이미 실현되고 있다.
A0004-C036,A0004-C036-m1,로봇화 비율,생산·산업,자동차 조향 장치 부품,50,%,%,rate,,,비중,-,현재값,KOSIS_VALUE,2025,2025-01-01,Y,-,,1,386,254,REVIEW,CODESET_REQUIRED,자동차 집계용 OBJ 코드셋이 필요함,"로봇,비율,자동화,전체,자동차,공장",lexical,386.0,Y,,,,336,DT_336003N_ICT_004,전체 자동화 설비 중 제조용 로봇의 비율,2006021,사업체패널조사 > 자동차와 스마트공장,항목:비율[T001]/item=Y/score=10 | 특성별:100~299인[C0202]/item=N/score=3 | 특성별:500인 이상[C0204]/item=N/score=2 | 특성별:전체[C01]/item=N/score=2,T001,비율,%,40,C,특성별,C01,전체,7,itm/obj 후보 선택,direct,,"이곳은 전체 공정의 50%를 로봇화했고, 주요 공정은 100% 로봇화를 달성했다."
A0004-C036,A0004-C036-m1,로봇화 비율,생산·산업,자동차 조향 장치 부품,50,%,%,rate,,,비중,-,현재값,KOSIS_VALUE,2025,2025-01-01,Y,-,,2,254,,ALTERNATE,NOT_TOP_TABLE,후순위 통계표 후보,"생산,산업,로봇,제조업",lexical,254.0,Y,,,,401,DT_373002_001,"제조업용 로봇 생산 현황_기계구조, 적용산업별",2006203,로봇산업실태조사,기계구조및적용산업별:제조업[B0202]/item=N/score=24 | 기계구조및적용산업별:기타 로봇[B0106]/item=N/score=22 | 기계구조및적용산업별:다관절 로봇[B0103]/item=N/score=22 | 기계구조및적용산업별:리니어 로봇[B0101]/item=N/score=22 | 기계구조및적용산업별:병렬형 로봇[B0104]/item=N/score=22 | 기계구조및적용산업별:스카라 로봇[B0102]/item=N/score=22 | 기계구조및적용산업별:원통형 로봇[B0105]/item=N/score=22 | 기계구조및적용산업별:교육 연구 및 개발[B0203]/item=N/score=12,,,,,A,특성별,A00,전체,7,itm/obj 후보 선택,,,"이곳은 전체 공정의 50%를 로봇화했고, 주요 공정은 100% 로봇화를 달성했다."
A0004-C036,A0004-C036-m1,로봇화 비율,생산·산업,자동차 조향 장치 부품,50,%,%,rate,,,비중,-,현재값,KOSIS_VALUE,2025,2025-01-01,Y,-,,3,230,,ALTERNATE,NOT_TOP_TABLE,후순위 통계표 후보,"생산,산업,로봇",lexical,230.0,Y,,,,401,DT_401001_002,로봇산업 생산 현황,2006203,로봇산업실태조사,특성별:로봇용 감지(센싱)장치 및 관련 부품제조[A0403]/item=N/score=30 | 특성별:기타 제조업용 로봇제조[A0108]/item=N/score=22 | 특성별:제조업용 로봇[A01]/item=N/score=22 | 특성별:제조업용 로봇시스템 제조[A0501]/item=N/score=22 | 특성별:기타 로봇 부품제조[A0406]/item=N/score=20 | 특성별:로봇 구동용 부품제조[A0402]/item=N/score=20 | 특성별:로봇 구조용 부품제조[A0401]/item=N/score=20 | 특성별:로봇 제어용 부품제조[A0404]/item=N/score=20,,,,,A,특성별,A0403,로봇용 감지(센싱)장치 및 관련 부품제조,22,itm/obj 후보 선택,,,"이곳은 전체 공정의 50%를 로봇화했고, 주요 공정은 100% 로봇화를 달성했다."
A0004-C036,A0004-C036-m1,로봇화 비율,생산·산업,자동차 조향 장치 부품,50,%,%,rate,,,비중,-,현재값,KOSIS_VALUE,2025,2025-01-01,Y,-,,4,230,,ALTERNATE,NOT_TOP_TABLE,후순위 통계표 후보,"생산,산업,로봇",lexical,230.0,Y,,,,401,DT_401N_013,로봇산업 생산 현황,2006203,로봇산업실태조사,meta_index 없음 또는 코드명 매칭 없음,,,,,,,,,,meta 없음,,,"이곳은 전체 공정의 50%를 로봇화했고, 주요 공정은 100% 로봇화를 달성했다."
A0004-C036,A0004-C036-m1,로봇화 비율,생산·산업,자동차 조향 장치 부품,50,%,%,rate,,,비중,-,현재값,KOSIS_VALUE,2025,2025-01-01,Y,-,,5,230,,ALTERNATE,NOT_TOP_TABLE,후순위 통계표 후보,"생산,산업,로봇",lexical,230.0,Y,,,,401,DT_401N_001,로봇산업 생산현황,2006203,로봇산업실태조사,meta_index 없음 또는 코드명 매칭 없음,,,,,,,,,,meta 없음,,,"이곳은 전체 공정의 50%를 로봇화했고, 주요 공정은 100% 로봇화를 달성했다."
A0004-C036,A0004-C036-m2,로봇화 비율,생산·산업,주요 공정,100,%,%,rate,,,비중,-,현재값,KOSIS_VALUE,2025,2025-01-01,Y,-,,1,254,230,REJECT,NO_COMPATIBLE_ITEM,단위·지표 의미가 맞는 ITEM 없음,"생산,산업,로봇,제조업",lexical,254.0,Y,,,,401,DT_373002_001,"제조업용 로봇 생산 현황_기계구조, 적용산업별",2006203,로봇산업실태조사,기계구조및적용산업별:제조업[B0202]/item=N/score=24 | 기계구조및적용산업별:기타 로봇[B0106]/item=N/score=22 | 기계구조및적용산업별:다관절 로봇[B0103]/item=N/score=22 | 기계구조및적용산업별:리니어 로봇[B0101]/item=N/score=22 | 기계구조및적용산업별:병렬형 로봇[B0104]/item=N/score=22 | 기계구조및적용산업별:스카라 로봇[B0102]/item=N/score=22 | 기계구조및적용산업별:원통형 로봇[B0105]/item=N/score=22 | 기계구조및적용산업별:교육 연구 및 개발[B0203]/item=N/score=12,,,,,A,특성별,A00,전체,7,itm/obj 후보 선택,,,"이곳은 전체 공정의 50%를 로봇화했고, 주요 공정은 100% 로봇화를 달성했다."
A0004-C036,A0004-C036-m2,로봇화 비율,생산·산업,주요 공정,100,%,%,rate,,,비중,-,현재값,KOSIS_VALUE,2025,2025-01-01,Y,-,,2,230,,ALTERNATE,NOT_TOP_TABLE,후순위 통계표 후보,"생산,산업,로봇",lexical,230.0,Y,,,,401,DT_401001_002,로봇산업 생산 현황,2006203,로봇산업실태조사,특성별:기타 제조업용 로봇제조[A0108]/item=N/score=22 | 특성별:제조업용 로봇[A01]/item=N/score=22 | 특성별:제조업용 로봇시스템 제조[A0501]/item=N/score=22 | 특성별:생명공학기술 공정용 로봇제조[A0106]/item=N/score=20 | 특성별:가사용 로봇제조[A0301]/item=N/score=10 | 특성별:개인 건강관리용 로봇제조[A0302]/item=N/score=10 | 특성별:개인서비스용 로봇[A03]/item=N/score=10 | 특성별:개인여가·오락·취미용 및 감성교감 로봇제조[A0303]/item=N/score=10,,,,,A,특성별,A0106,생명공학기술 공정용 로봇제조,12,itm/obj 후보 선택,,,"이곳은 전체 공정의 50%를 로봇화했고, 주요 공정은 100% 로봇화를 달성했다."
A0004-C036,A0004-C036-m2,로봇화 비율,생산·산업,주요 공정,100,%,%,rate,,,비중,-,현재값,KOSIS_VALUE,2025,2025-01-01,Y,-,,3,230,,ALTERNATE,NOT_TOP_TABLE,후순위 통계표 후보,"생산,산업,로봇",lexical,230.0,Y,,,,401,DT_401N_013,로봇산업 생산 현황,2006203,로봇산업실태조사,meta_index 없음 또는 코드명 매칭 없음,,,,,,,,,,meta 없음,,,"이곳은 전체 공정의 50%를 로봇화했고, 주요 공정은 100% 로봇화를 달성했다."
A0004-C036,A0004-C036-m2,로봇화 비율,생산·산업,주요 공정,100,%,%,rate,,,비중,-,현재값,KOSIS_VALUE,2025,2025-01-01,Y,-,,4,230,,ALTERNATE,NOT_TOP_TABLE,후순위 통계표 후보,"생산,산업,로봇",lexical,230.0,Y,,,,401,DT_401N_001,로봇산업 생산현황,2006203,로봇산업실태조사,meta_index 없음 또는 코드명 매칭 없음,,,,,,,,,,meta 없음,,,"이곳은 전체 공정의 50%를 로봇화했고, 주요 공정은 100% 로봇화를 달성했다."
A0004-C036,A0004-C036-m2,로봇화 비율,생산·산업,주요 공정,100,%,%,rate,,,비중,-,현재값,KOSIS_VALUE,2025,2025-01-01,Y,-,,5,230,,ALTERNATE,NOT_TOP_TABLE,후순위 통계표 후보,"산업,로봇,제조업",lexical,230.0,Y,,,,401,DT_373002_002,"제조업용 로봇 출하 현황_기계구조, 적용산업별",2006203,로봇산업실태조사,기계구조및적용산업별:제조업[B0202]/item=N/score=24 | 기계구조및적용산업별:기타 로봇[B0106]/item=N/score=22 | 기계구조및적용산업별:다관절 로봇[B0103]/item=N/score=22 | 기계구조및적용산업별:리니어 로봇[B0101]/item=N/score=22 | 기계구조및적용산업별:병렬형 로봇[B0104]/item=N/score=22 | 기계구조및적용산업별:스카라 로봇[B0102]/item=N/score=22 | 기계구조및적용산업별:원통형 로봇[B0105]/item=N/score=22 | 기계구조및적용산업별:교육 연구 및 개발[B0203]/item=N/score=12,,,,,A,특성별,A00,전체,7,itm/obj 후보 선택,,,"이곳은 전체 공정의 50%를 로봇화했고, 주요 공정은 100% 로봇화를 달성했다."
A0004-C042,A0004-C042-m1,로봇 도입 현황,생산·산업,다관절 로봇,5,대,대,count,,,수준값,-,현재값,KOSIS_VALUE,2025,2025-01-01,Y,-,,1,276,256,REJECT,NO_COMPATIBLE_ITEM,단위·지표 의미가 맞는 ITEM 없음,"로봇,산업,생산,현황,제조업",lexical,276.0,Y,,,,401,DT_373002_001,"제조업용 로봇 생산 현황_기계구조, 적용산업별",2006203,로봇산업실태조사,기계구조및적용산업별:다관절 로봇[B0103]/item=N/score=42 | 기계구조및적용산업별:기타 로봇[B0106]/item=N/score=24 | 기계구조및적용산업별:리니어 로봇[B0101]/item=N/score=24 | 기계구조및적용산업별:병렬형 로봇[B0104]/item=N/score=24 | 기계구조및적용산업별:스카라 로봇[B0102]/item=N/score=24 | 기계구조및적용산업별:원통형 로봇[B0105]/item=N/score=24 | 기계구조및적용산업별:제조업[B0202]/item=N/score=24 | 기계구조및적용산업별:교육 연구 및 개발[B0203]/item=N/score=12,,,,,B,기계구조및적용산업별,B0103,다관절 로봇,37,itm/obj 후보 선택,,,이곳에서 물티슈를 포장하고 싣는 모든 과정은 이제 다관절 로봇 5대가 해결한다.
A0004-C042,A0004-C042-m1,로봇 도입 현황,생산·산업,다관절 로봇,5,대,대,count,,,수준값,-,현재값,KOSIS_VALUE,2025,2025-01-01,Y,-,,2,256,,ALTERNATE,NOT_TOP_TABLE,후순위 통계표 후보,"로봇,산업,현황,제조업",lexical,256.0,Y,,,,401,DT_373002_002,"제조업용 로봇 출하 현황_기계구조, 적용산업별",2006203,로봇산업실태조사,기계구조및적용산업별:다관절 로봇[B0103]/item=N/score=42 | 기계구조및적용산업별:기타 로봇[B0106]/item=N/score=24 | 기계구조및적용산업별:리니어 로봇[B0101]/item=N/score=24 | 기계구조및적용산업별:병렬형 로봇[B0104]/item=N/score=24 | 기계구조및적용산업별:스카라 로봇[B0102]/item=N/score=24 | 기계구조및적용산업별:원통형 로봇[B0105]/item=N/score=24 | 기계구조및적용산업별:제조업[B0202]/item=N/score=24 | 기계구조및적용산업별:교육 연구 및 개발[B0203]/item=N/score=12,,,,,B,기계구조및적용산업별,B0103,다관절 로봇,37,itm/obj 후보 선택,,,이곳에서 물티슈를 포장하고 싣는 모든 과정은 이제 다관절 로봇 5대가 해결한다.
A0004-C042,A0004-C042-m1,로봇 도입 현황,생산·산업,다관절 로봇,5,대,대,count,,,수준값,-,현재값,KOSIS_VALUE,2025,2025-01-01,Y,-,,3,252,,ALTERNATE,NOT_TOP_TABLE,후순위 통계표 후보,"로봇,산업,생산,현황",lexical,252.0,Y,,,,401,DT_401001_002,로봇산업 생산 현황,2006203,로봇산업실태조사,특성별:기타 제조업용 로봇제조[A0108]/item=N/score=24 | 특성별:제조업용 로봇[A01]/item=N/score=24 | 특성별:제조업용 로봇시스템 제조[A0501]/item=N/score=24 | 특성별:가사용 로봇제조[A0301]/item=N/score=12 | 특성별:개인 건강관리용 로봇제조[A0302]/item=N/score=12 | 특성별:개인서비스용 로봇[A03]/item=N/score=12 | 특성별:개인여가·오락·취미용 및 감성교감 로봇제조[A0303]/item=N/score=12 | 특성별:건설용 로봇제조[A0204]/item=N/score=12,T002,사업체수,개,30,A,특성별,A0301,가사용 로봇제조,22,itm/obj 후보 선택,direct,,이곳에서 물티슈를 포장하고 싣는 모든 과정은 이제 다관절 로봇 5대가 해결한다.
A0004-C042,A0004-C042-m1,로봇 도입 현황,생산·산업,다관절 로봇,5,대,대,count,,,수준값,-,현재값,KOSIS_VALUE,2025,2025-01-01,Y,-,,4,252,,ALTERNATE,NOT_TOP_TABLE,후순위 통계표 후보,"로봇,산업,생산,현황",lexical,252.0,Y,,,,401,DT_401N_013,로봇산업 생산 현황,2006203,로봇산업실태조사,meta_index 없음 또는 코드명 매칭 없음,,,,,,,,,,meta 없음,,,이곳에서 물티슈를 포장하고 싣는 모든 과정은 이제 다관절 로봇 5대가 해결한다.
A0004-C042,A0004-C042-m1,로봇 도입 현황,생산·산업,다관절 로봇,5,대,대,count,,,수준값,-,현재값,KOSIS_VALUE,2025,2025-01-01,Y,-,,5,252,,ALTERNATE,NOT_TOP_TABLE,후순위 통계표 후보,"로봇,산업,생산,현황",lexical,252.0,Y,,,,401,DT_401N_001,로봇산업 생산현황,2006203,로봇산업실태조사,meta_index 없음 또는 코드명 매칭 없음,,,,,,,,,,meta 없음,,,이곳에서 물티슈를 포장하고 싣는 모든 과정은 이제 다관절 로봇 5대가 해결한다.
A0004-C043,A0004-C043-m1,생산량 증가율,생산·산업,물티슈 및 위생용품,38,%,%,rate,,,비중,증가,현재값,KOSIS_VALUE,2025,2025-01-01,Y,전년,,1,240,240,REJECT,NO_COMPATIBLE_ITEM,단위·지표 의미가 맞는 ITEM 없음,"위생용품,생산,산업",lexical,240.0,Y,,,,145,DT_145014_021,위생용품 업종별 생산실적 현황,2019072,위생용품산업현황 > 위생용품 생산·판매(국내)·수출입 실적 현황,위생용품산업별:위생용품제조업[A01]/item=N/score=36 | 위생용품산업별:위생물수건처리업[A02]/item=N/score=30 | 항목:생산량[T001]/item=Y/score=28 | 항목:생산액[T002]/item=Y/score=10,,,,,A,위생용품산업별,A02,위생물수건처리업,22,itm/obj 후보 선택,,,이곳 관계자는 “로봇 자동화를 통해 생산량은 로봇을 들이기 이전보다 38% 올라갔고 원가도 45%가량 줄일 수 있었다”고 했다.
A0004-C043,A0004-C043-m1,생산량 증가율,생산·산업,물티슈 및 위생용품,38,%,%,rate,,,비중,증가,현재값,KOSIS_VALUE,2025,2025-01-01,Y,전년,,2,240,,ALTERNATE,NOT_TOP_TABLE,후순위 통계표 후보,"위생용품,생산,산업",lexical,240.0,Y,,,,145,DT_145014_022,위생용품 품목유형별 생산 현황,2019072,위생용품산업현황 > 위생용품 생산·판매(국내)·수출입 실적 현황,항목:생산량[T001]/item=Y/score=28 | 품목유형별:기타위생용품[A04]/item=N/score=20 | 품목유형별:물티슈용 마른 티슈[A0416]/item=N/score=15 | 품목유형별:식품접객업소용 물티슈[A0411]/item=N/score=15 | 항목:생산액[T002]/item=Y/score=10,,,,,A,품목유형별,A04,기타위생용품,22,itm/obj 후보 선택,,,이곳 관계자는 “로봇 자동화를 통해 생산량은 로봇을 들이기 이전보다 38% 올라갔고 원가도 45%가량 줄일 수 있었다”고 했다.
A0004-C043,A0004-C043-m1,생산량 증가율,생산·산업,물티슈 및 위생용품,38,%,%,rate,,,비중,증가,현재값,KOSIS_VALUE,2025,2025-01-01,Y,전년,,3,240,,ALTERNATE,NOT_TOP_TABLE,후순위 통계표 후보,"위생용품,생산,산업",lexical,240.0,Y,,,,145,DT_145014_043,지역별 기타위생용품 생산현황,2019072,위생용품산업현황 > 지역별 위생용품 생산 및 판매(수출) 현황,meta_index 없음 또는 코드명 매칭 없음,,,,,,,,,,meta 없음,,,이곳 관계자는 “로봇 자동화를 통해 생산량은 로봇을 들이기 이전보다 38% 올라갔고 원가도 45%가량 줄일 수 있었다”고 했다.
A0004-C043,A0004-C043-m1,생산량 증가율,생산·산업,물티슈 및 위생용품,38,%,%,rate,,,비중,증가,현재값,KOSIS_VALUE,2025,2025-01-01,Y,전년,,4,230,,ALTERNATE,NOT_TOP_TABLE,후순위 통계표 후보,"위생용품,생산,산업",lexical,230.0,Y,,,,145,DT_145014_013,"위생용품 생산·수출·수입액 무역수지, 시장규모",2019072,위생용품산업현황 > 위생용품 산업현황 총괄,meta_index 없음 또는 코드명 매칭 없음,,,,,,,,,,meta 없음,,,이곳 관계자는 “로봇 자동화를 통해 생산량은 로봇을 들이기 이전보다 38% 올라갔고 원가도 45%가량 줄일 수 있었다”고 했다.
A0004-C043,A0004-C043-m1,생산량 증가율,생산·산업,물티슈 및 위생용품,38,%,%,rate,,,비중,증가,현재값,KOSIS_VALUE,2025,2025-01-01,Y,전년,,5,220,,ALTERNATE,NOT_TOP_TABLE,후순위 통계표 후보,"위생용품,산업,생산",lexical,220.0,Y,,,,145,DT_145014_023,위생용품 품목유형별 판매(수출) 현황,2019072,위생용품산업현황 > 위생용품 생산·판매(국내)·수출입 실적 현황,meta_index 없음 또는 코드명 매칭 없음,,,,,,,,,,meta 없음,,,이곳 관계자는 “로봇 자동화를 통해 생산량은 로봇을 들이기 이전보다 38% 올라갔고 원가도 45%가량 줄일 수 있었다”고 했다.
A0004-C043,A0004-C043-m2,원가 절감 비율,생산·산업,물티슈 및 위생용품,45,%,%,rate,,,비중,감소,현재값,KOSIS_VALUE,2025,2025-01-01,Y,전년,,1,240,240,REJECT,NO_COMPATIBLE_ITEM,단위·지표 의미가 맞는 ITEM 없음,"위생용품,생산,산업",lexical,240.0,Y,,,,145,DT_145014_021,위생용품 업종별 생산실적 현황,2019072,위생용품산업현황 > 위생용품 생산·판매(국내)·수출입 실적 현황,위생용품산업별:위생용품제조업[A01]/item=N/score=36 | 위생용품산업별:위생물수건처리업[A02]/item=N/score=30 | 항목:생산량[T001]/item=Y/score=19 | 항목:생산액[T002]/item=Y/score=10,,,,,A,위생용품산업별,A02,위생물수건처리업,22,itm/obj 후보 선택,,,이곳 관계자는 “로봇 자동화를 통해 생산량은 로봇을 들이기 이전보다 38% 올라갔고 원가도 45%가량 줄일 수 있었다”고 했다.
A0004-C043,A0004-C043-m2,원가 절감 비율,생산·산업,물티슈 및 위생용품,45,%,%,rate,,,비중,감소,현재값,KOSIS_VALUE,2025,2025-01-01,Y,전년,,2,240,,ALTERNATE,NOT_TOP_TABLE,후순위 통계표 후보,"위생용품,생산,산업",lexical,240.0,Y,,,,145,DT_145014_022,위생용품 품목유형별 생산 현황,2019072,위생용품산업현황 > 위생용품 생산·판매(국내)·수출입 실적 현황,품목유형별:기타위생용품[A04]/item=N/score=20 | 항목:생산량[T001]/item=Y/score=19 | 품목유형별:물티슈용 마른 티슈[A0416]/item=N/score=15 | 품목유형별:식품접객업소용 물티슈[A0411]/item=N/score=15 | 항목:생산액[T002]/item=Y/score=10,,,,,A,품목유형별,A04,기타위생용품,22,itm/obj 후보 선택,,,이곳 관계자는 “로봇 자동화를 통해 생산량은 로봇을 들이기 이전보다 38% 올라갔고 원가도 45%가량 줄일 수 있었다”고 했다.
A0004-C043,A0004-C043-m2,원가 절감 비율,생산·산업,물티슈 및 위생용품,45,%,%,rate,,,비중,감소,현재값,KOSIS_VALUE,2025,2025-01-01,Y,전년,,3,240,,ALTERNATE,NOT_TOP_TABLE,후순위 통계표 후보,"위생용품,생산,산업",lexical,240.0,Y,,,,145,DT_145014_043,지역별 기타위생용품 생산현황,2019072,위생용품산업현황 > 지역별 위생용품 생산 및 판매(수출) 현황,meta_index 없음 또는 코드명 매칭 없음,,,,,,,,,,meta 없음,,,이곳 관계자는 “로봇 자동화를 통해 생산량은 로봇을 들이기 이전보다 38% 올라갔고 원가도 45%가량 줄일 수 있었다”고 했다.
A0004-C043,A0004-C043-m2,원가 절감 비율,생산·산업,물티슈 및 위생용품,45,%,%,rate,,,비중,감소,현재값,KOSIS_VALUE,2025,2025-01-01,Y,전년,,4,230,,ALTERNATE,NOT_TOP_TABLE,후순위 통계표 후보,"위생용품,생산,산업",lexical,230.0,Y,,,,145,DT_145014_013,"위생용품 생산·수출·수입액 무역수지, 시장규모",2019072,위생용품산업현황 > 위생용품 산업현황 총괄,meta_index 없음 또는 코드명 매칭 없음,,,,,,,,,,meta 없음,,,이곳 관계자는 “로봇 자동화를 통해 생산량은 로봇을 들이기 이전보다 38% 올라갔고 원가도 45%가량 줄일 수 있었다”고 했다.
A0004-C043,A0004-C043-m2,원가 절감 비율,생산·산업,물티슈 및 위생용품,45,%,%,rate,,,비중,감소,현재값,KOSIS_VALUE,2025,2025-01-01,Y,전년,,5,220,,ALTERNATE,NOT_TOP_TABLE,후순위 통계표 후보,"위생용품,산업,생산",lexical,220.0,Y,,,,145,DT_145014_023,위생용품 품목유형별 판매(수출) 현황,2019072,위생용품산업현황 > 위생용품 생산·판매(국내)·수출입 실적 현황,meta_index 없음 또는 코드명 매칭 없음,,,,,,,,,,meta 없음,,,이곳 관계자는 “로봇 자동화를 통해 생산량은 로봇을 들이기 이전보다 38% 올라갔고 원가도 45%가량 줄일 수 있었다”고 했다.
A0004-C047,A0004-C047-m1,로봇화에 뛰어든 기업 수,고용,-,13,%,%,rate,,,증감률,증가,증감률,KOSIS_VALUE,2019,2025-01-01,Y,전년,,1,176,176,REJECT,NO_COMPATIBLE_ITEM,단위·지표 의미가 맞는 ITEM 없음,"제조업,로봇,산업",lexical,176.0,Y,,,,401,DT_373002_001,"제조업용 로봇 생산 현황_기계구조, 적용산업별",2006203,로봇산업실태조사,기계구조및적용산업별:제조업[B0202]/item=N/score=10 | 기계구조및적용산업별:기타 로봇[B0106]/item=N/score=8 | 기계구조및적용산업별:다관절 로봇[B0103]/item=N/score=8 | 기계구조및적용산업별:리니어 로봇[B0101]/item=N/score=8 | 기계구조및적용산업별:병렬형 로봇[B0104]/item=N/score=8 | 기계구조및적용산업별:스카라 로봇[B0102]/item=N/score=8 | 기계구조및적용산업별:원통형 로봇[B0105]/item=N/score=8 | 기계구조및적용산업별:교육 연구 및 개발[B0203]/item=N/score=4,,,,,A,특성별,A00,전체,7,itm/obj 후보 선택,,,한국로봇산업진흥원에 따르면 2023년까지 로봇화에 뛰어든 우리 기업은 2524곳으로 지난 2019년보다 13%가량 증가했다.
A0004-C047,A0004-C047-m1,로봇화에 뛰어든 기업 수,고용,-,13,%,%,rate,,,증감률,증가,증감률,KOSIS_VALUE,2019,2025-01-01,Y,전년,,2,176,,ALTERNATE,NOT_TOP_TABLE,후순위 통계표 후보,"제조업,로봇,산업",lexical,176.0,Y,,,,401,DT_373002_002,"제조업용 로봇 출하 현황_기계구조, 적용산업별",2006203,로봇산업실태조사,기계구조및적용산업별:제조업[B0202]/item=N/score=10 | 기계구조및적용산업별:기타 로봇[B0106]/item=N/score=8 | 기계구조및적용산업별:다관절 로봇[B0103]/item=N/score=8 | 기계구조및적용산업별:리니어 로봇[B0101]/item=N/score=8 | 기계구조및적용산업별:병렬형 로봇[B0104]/item=N/score=8 | 기계구조및적용산업별:스카라 로봇[B0102]/item=N/score=8 | 기계구조및적용산업별:원통형 로봇[B0105]/item=N/score=8 | 기계구조및적용산업별:교육 연구 및 개발[B0203]/item=N/score=4,,,,,A,특성별,A00,전체,7,itm/obj 후보 선택,,,한국로봇산업진흥원에 따르면 2023년까지 로봇화에 뛰어든 우리 기업은 2524곳으로 지난 2019년보다 13%가량 증가했다.
A0004-C047,A0004-C047-m1,로봇화에 뛰어든 기업 수,고용,-,13,%,%,rate,,,증감률,증가,증감률,KOSIS_VALUE,2019,2025-01-01,Y,전년,,3,175,,ALTERNATE,NOT_TOP_TABLE,후순위 통계표 후보,"로봇,기업,2023년",lexical,175.0,Y,,,,395,DT_395N_S2022277,디지털 신기술별 도입 여부: 로봇공학,2003024,한국기업혁신조사 > 2023년도 조사(서비스 부문) > 디지털전환 > 디지털 신기술별 도입 여부,meta_index 없음 또는 코드명 매칭 없음,,,,,,,,,,meta 없음,,,한국로봇산업진흥원에 따르면 2023년까지 로봇화에 뛰어든 우리 기업은 2524곳으로 지난 2019년보다 13%가량 증가했다.
A0004-C047,A0004-C047-m1,로봇화에 뛰어든 기업 수,고용,-,13,%,%,rate,,,증감률,증가,증감률,KOSIS_VALUE,2019,2025-01-01,Y,전년,,4,175,,ALTERNATE,NOT_TOP_TABLE,후순위 통계표 후보,"로봇,기업,2023년",lexical,175.0,Y,,,,395,DT_395N_S2022268,디지털 신기술별 중요도: 로봇공학,2003024,한국기업혁신조사 > 2023년도 조사(서비스 부문) > 디지털전환 > 디지털 신기술별 중요도,meta_index 없음 또는 코드명 매칭 없음,,,,,,,,,,meta 없음,,,한국로봇산업진흥원에 따르면 2023년까지 로봇화에 뛰어든 우리 기업은 2524곳으로 지난 2019년보다 13%가량 증가했다.
A0004-C047,A0004-C047-m1,로봇화에 뛰어든 기업 수,고용,-,13,%,%,rate,,,증감률,증가,증감률,KOSIS_VALUE,2019,2025-01-01,Y,전년,,5,168,,ALTERNATE,NOT_TOP_TABLE,후순위 통계표 후보,"로봇,산업,전체",lexical,168.0,Y,,,,401,DT_401001_007,로봇산업 인력 현황(전체),2006203,로봇산업실태조사,meta_index 없음 또는 코드명 매칭 없음,,,,,,,,,,meta 없음,,,한국로봇산업진흥원에 따르면 2023년까지 로봇화에 뛰어든 우리 기업은 2524곳으로 지난 2019년보다 13%가량 증가했다.
A0006-C001,A0006-C001-m1,수출액,무역,-,683800000000,달러,달러,currency,,,수준값,-,현재값,KOSIS_VALUE,2024,2025-01-01,Y,전년,,1,404,100,READY,READY,통계표·ITEM·OBJ·단위 의미 확정,"수출액,품목별,수출,수입,무역",lexical,404.0,Y,,,,360,DT_1R11001_FRM101,"품목별 수출액, 수입액",1976045,SITC에의한무역통계,품목별:총액[13102112831A.A]/item=N/score=30 | 항목:수출액[13103112831T1]/item=Y/score=30 | 품목별:기타 우표 또는 수입인지우편요금 별납증지우편엽서[13102112831A.89649]/item=N/score=26 | 품목별:기타(우표 또는 수입인지 우편요금 별납증지  초일봉투 우편엽서(엽서) 및 이와 유사  )[13102112831A.89640]/item=N/score=26 | 품목별:우표 또는 수입인지 우편요금 별납증지  초일봉투 우편엽서(엽서) 및 이와 유사  [13102112831A.8964]/item=N/score=26 | 품목별:우표수입인지 또는 이와 유사한 물품  (우리나라에서 통용 또는 발행된 것  으로서 사[13102112831A.89283]/item=N/score=26 | 품목별:24841목 침엽수의 것(두께가 6MM를 초과하는 것)[13102112831A.24829]/item=N/score=20 | 품목별:724.41항 724.42항 724.43항 724.51항 및  724.52항 724.53항의 기계의 보조 기계[13102112831A.72461]/item=N/score=20,13103112831T1,수출액,천달러,140,13101112831A,품목별,13102112831A.A,총액,32,itm/obj 후보 선택,direct,,24 한국의 2024년 수출이 6838억 달러를 기록해 역대 최대실적을 달성했다고 1일 산업통상자원부가 밝혔다.
A0006-C001,A0006-C001-m1,수출액,무역,-,683800000000,달러,달러,currency,,,수준값,-,현재값,KOSIS_VALUE,2024,2025-01-01,Y,전년,,2,100,,ALTERNATE,NOT_TOP_TABLE,후순위 통계표 후보,"수출액,수출,수입,국가별,무역",lexical,100.0,Y,,,,360,DT_1R11006_FRM101,"국가별 수출액, 수입액",1976045,SITC에의한무역통계,항목:수출액[13103103829T1]/item=Y/score=30 | 국가별:전체국가[13102103829E.XY]/item=N/score=8 | 항목:수입액[13103103829T2]/item=Y/score=8 | 국가별:E.U.[13102103829E.EU]/item=N/score=6 | 국가별:가나[13102103829E.GH]/item=N/score=6 | 국가별:가봉[13102103829E.GA]/item=N/score=6 | 국가별:가이아나[13102103829E.GY]/item=N/score=6 | 국가별:감비아[13102103829E.GM]/item=N/score=6,13103103829T1,수출액,천달러,140,13101103829E,국가별,13102103829E.00,계,7,itm/obj 후보 선택,direct,,24 한국의 2024년 수출이 6838억 달러를 기록해 역대 최대실적을 달성했다고 1일 산업통상자원부가 밝혔다.
A0006-C001,A0006-C001-m1,수출액,무역,-,683800000000,달러,달러,currency,,,수준값,-,현재값,KOSIS_VALUE,2024,2025-01-01,Y,전년,,3,96,,ALTERNATE,NOT_TOP_TABLE,후순위 통계표 후보,"수출액,품목별,수출",lexical,96.0,Y,,,,466,DT_446001_A027,쌀가루 생산판매 현황 : 품목별 수출액 - 총계,2024007,쌀가공식품제조업실태조사 > 쌀가공식품제조업,사업체특성별:주 생산 품목별(소분류)[A02]/item=N/score=18 | 사업체특성별:전체[A01]/item=N/score=2 | 판매현황별:전체[B03]/item=N/score=2,,,,,A,사업체특성별,A02,주 생산 품목별(소분류),17,itm/obj 후보 선택,,,24 한국의 2024년 수출이 6838억 달러를 기록해 역대 최대실적을 달성했다고 1일 산업통상자원부가 밝혔다.
A0006-C001,A0006-C001-m1,수출액,무역,-,683800000000,달러,달러,currency,,,수준값,-,현재값,KOSIS_VALUE,2024,2025-01-01,Y,전년,,4,96,,ALTERNATE,NOT_TOP_TABLE,후순위 통계표 후보,"품목별,2024년,수입,24",lexical,96.0,Y,,,,101,DT_1FP1124B,"임가공품목별 사업체수 및 수입액(10명 이상, 2024년)",1968005,광업제조업조사 > 등록기반 > 품목편 > 11차 산업분류 개정,meta_index 없음 또는 코드명 매칭 없음,,,,,,,,,,meta 없음,,,24 한국의 2024년 수출이 6838억 달러를 기록해 역대 최대실적을 달성했다고 1일 산업통상자원부가 밝혔다.
A0006-C001,A0006-C001-m1,수출액,무역,-,683800000000,달러,달러,currency,,,수준값,-,현재값,KOSIS_VALUE,2024,2025-01-01,Y,전년,,5,90,,ALTERNATE,NOT_TOP_TABLE,후순위 통계표 후보,"품목별,수출,실적",lexical,90.0,Y,,,,434,DT_434_STBL_1028692,게임기기 품목별 수출입 실적,2016058,문화체육관광산업통계 > 수출입 실적 현황,meta_index 없음 또는 코드명 매칭 없음,,,,,,,,,,meta 없음,,,24 한국의 2024년 수출이 6838억 달러를 기록해 역대 최대실적을 달성했다고 1일 산업통상자원부가 밝혔다.
A0006-C002,A0006-C002-m1,수출액,무역,-,683600000000,달러,달러,currency,,,수준값,-,이전값,KOSIS_VALUE,2022,2025-01-01,Y,전년,,1,404,100,READY,READY,통계표·ITEM·OBJ·단위 의미 확정,"수출액,품목별,수출,수입,무역",lexical,404.0,Y,,,,360,DT_1R11001_FRM101,"품목별 수출액, 수입액",1976045,SITC에의한무역통계,품목별:총액[13102112831A.A]/item=N/score=30 | 항목:수출액[13103112831T1]/item=Y/score=30 | 품목별:기타 우표 또는 수입인지우편요금 별납증지우편엽서[13102112831A.89649]/item=N/score=26 | 품목별:기타(우표 또는 수입인지 우편요금 별납증지  초일봉투 우편엽서(엽서) 및 이와 유사  )[13102112831A.89640]/item=N/score=26 | 품목별:우표 또는 수입인지 우편요금 별납증지  초일봉투 우편엽서(엽서) 및 이와 유사  [13102112831A.8964]/item=N/score=26 | 품목별:우표수입인지 또는 이와 유사한 물품  (우리나라에서 통용 또는 발행된 것  으로서 사[13102112831A.89283]/item=N/score=26 | 품목별:군청 및 이를 기제로 한 조제품 [13102112831A.53314]/item=N/score=20 | 품목별:기타(철 또는 비합금강의 함유량이 전중량  의  0.60%이상의  것)[13102112831A.67624]/item=N/score=20,13103112831T1,수출액,천달러,140,13101112831A,품목별,13102112831A.A,총액,32,itm/obj 후보 선택,direct,,"이전 최대 실적은 2022년 기록한 6836억달러인데, 이를 2년 만에 근소하게 경신한 것이다."
A0006-C002,A0006-C002-m1,수출액,무역,-,683600000000,달러,달러,currency,,,수준값,-,이전값,KOSIS_VALUE,2022,2025-01-01,Y,전년,,2,100,,ALTERNATE,NOT_TOP_TABLE,후순위 통계표 후보,"수출액,수출,수입,국가별,무역",lexical,100.0,Y,,,,360,DT_1R11006_FRM101,"국가별 수출액, 수입액",1976045,SITC에의한무역통계,항목:수출액[13103103829T1]/item=Y/score=30 | 항목:수입액[13103103829T2]/item=Y/score=8 | 국가별:E.U.[13102103829E.EU]/item=N/score=6 | 국가별:가나[13102103829E.GH]/item=N/score=6 | 국가별:가봉[13102103829E.GA]/item=N/score=6 | 국가별:가이아나[13102103829E.GY]/item=N/score=6 | 국가별:감비아[13102103829E.GM]/item=N/score=6 | 국가별:건지[13102103829E.GG]/item=N/score=6,13103103829T1,수출액,천달러,140,13101103829E,국가별,13102103829E.00,계,7,itm/obj 후보 선택,direct,,"이전 최대 실적은 2022년 기록한 6836억달러인데, 이를 2년 만에 근소하게 경신한 것이다."
A0006-C002,A0006-C002-m1,수출액,무역,-,683600000000,달러,달러,currency,,,수준값,-,이전값,KOSIS_VALUE,2022,2025-01-01,Y,전년,,3,96,,ALTERNATE,NOT_TOP_TABLE,후순위 통계표 후보,"수출액,품목별,수출",lexical,96.0,Y,,,,466,DT_446001_A027,쌀가루 생산판매 현황 : 품목별 수출액 - 총계,2024007,쌀가공식품제조업실태조사 > 쌀가공식품제조업,사업체특성별:주 생산 품목별(소분류)[A02]/item=N/score=18,,,,,A,사업체특성별,A02,주 생산 품목별(소분류),17,itm/obj 후보 선택,,,"이전 최대 실적은 2022년 기록한 6836억달러인데, 이를 2년 만에 근소하게 경신한 것이다."
A0006-C002,A0006-C002-m1,수출액,무역,-,683600000000,달러,달러,currency,,,수준값,-,이전값,KOSIS_VALUE,2022,2025-01-01,Y,전년,,4,90,,ALTERNATE,NOT_TOP_TABLE,후순위 통계표 후보,"품목별,수출,실적",lexical,90.0,Y,,,,434,DT_434_STBL_1028692,게임기기 품목별 수출입 실적,2016058,문화체육관광산업통계 > 수출입 실적 현황,meta_index 없음 또는 코드명 매칭 없음,,,,,,,,,,meta 없음,,,"이전 최대 실적은 2022년 기록한 6836억달러인데, 이를 2년 만에 근소하게 경신한 것이다."
A0006-C002,A0006-C002-m1,수출액,무역,-,683600000000,달러,달러,currency,,,수준값,-,이전값,KOSIS_VALUE,2022,2025-01-01,Y,전년,,5,90,,ALTERNATE,NOT_TOP_TABLE,후순위 통계표 후보,"품목별,수출,실적",lexical,90.0,Y,,,,434,DT_434_STBL_1028682,공예품 품목별 수출입 실적,2016058,문화체육관광산업통계 > 수출입 실적 현황,meta_index 없음 또는 코드명 매칭 없음,,,,,,,,,,meta 없음,,,"이전 최대 실적은 2022년 기록한 6836억달러인데, 이를 2년 만에 근소하게 경신한 것이다."
A0006-C003,A0006-C003-m3,상위 10대 수출국,무역,-,10,대,대,count,,,수준값,유지,현재값,KOSIS_VALUE,2024,2025-01-01,Y,-,,1,438,438,REJECT,NO_COMPATIBLE_ITEM,단위·지표 의미가 맞는 ITEM 없음,"무역,기준",lexical,438.0,Y,,,,101,DT_1TEC_P112,무역집중도,2016055,기업특성별무역통계 > 산업분류(KSIC11차 기준),상위기업별:상위10대[20]/item=N/score=30 | 유형별:무역수지[03]/item=N/score=12 | 유형별:수출[01]/item=N/score=12 | 상위기업별:계[00]/item=N/score=12 | 상위기업별:상위1000대[70]/item=N/score=12 | 상위기업별:상위100대[50]/item=N/score=12 | 상위기업별:상위20대[30]/item=N/score=12 | 상위기업별:상위500대[60]/item=N/score=12,,,,,C,상위기업별,20,상위10대,27,itm/obj 후보 선택,,,"이에 따라 2024년 1~9월 기준(WTO)으로 전 세계 수출순위도 2023년 8위에서 두 단계 상승한 6위를 달성했으며, 상위 10대 수출국 중 가장 높은 수출증가율(+9.6%)을 기록했다."
A0006-C003,A0006-C003-m3,상위 10대 수출국,무역,-,10,대,대,count,,,수준값,유지,현재값,KOSIS_VALUE,2024,2025-01-01,Y,-,,2,438,,ALTERNATE,NOT_TOP_TABLE,후순위 통계표 후보,"무역,기준",lexical,438.0,Y,,,,101,DT_1TEC_N112,무역집중도,2016055,기업특성별무역통계 > 산업분류(KSIC10차 기준),상위기업별:상위10대[20]/item=N/score=30 | 유형별:무역수지[03]/item=N/score=12 | 유형별:수출[01]/item=N/score=12 | 상위기업별:계[00]/item=N/score=12 | 상위기업별:상위1000대[70]/item=N/score=12 | 상위기업별:상위100대[50]/item=N/score=12 | 상위기업별:상위20대[30]/item=N/score=12 | 상위기업별:상위500대[60]/item=N/score=12,,,,,C,상위기업별,20,상위10대,27,itm/obj 후보 선택,,,"이에 따라 2024년 1~9월 기준(WTO)으로 전 세계 수출순위도 2023년 8위에서 두 단계 상승한 6위를 달성했으며, 상위 10대 수출국 중 가장 높은 수출증가율(+9.6%)을 기록했다."
A0006-C003,A0006-C003-m3,상위 10대 수출국,무역,-,10,대,대,count,,,수준값,유지,현재값,KOSIS_VALUE,2024,2025-01-01,Y,-,,3,438,,ALTERNATE,NOT_TOP_TABLE,후순위 통계표 후보,"무역,기준",lexical,438.0,Y,,,,101,DT_1TEC112,무역집중도,2016055,기업특성별무역통계 > 산업분류(KSIC10차 기준)_'23년 이전_비영리·미연계 기업 제외,meta_index 없음 또는 코드명 매칭 없음,,,,,,,,,,meta 없음,,,"이에 따라 2024년 1~9월 기준(WTO)으로 전 세계 수출순위도 2023년 8위에서 두 단계 상승한 6위를 달성했으며, 상위 10대 수출국 중 가장 높은 수출증가율(+9.6%)을 기록했다."
A0006-C003,A0006-C003-m3,상위 10대 수출국,무역,-,10,대,대,count,,,수준값,유지,현재값,KOSIS_VALUE,2024,2025-01-01,Y,-,,4,438,,ALTERNATE,NOT_TOP_TABLE,후순위 통계표 후보,"무역,기준",lexical,438.0,Y,,,,101,DT_1TEC_N314,산업별(KSIC10차) 무역집중도,2016055,기업특성별무역통계 > 산업분류(KSIC10차 기준),meta_index 없음 또는 코드명 매칭 없음,,,,,,,,,,meta 없음,,,"이에 따라 2024년 1~9월 기준(WTO)으로 전 세계 수출순위도 2023년 8위에서 두 단계 상승한 6위를 달성했으며, 상위 10대 수출국 중 가장 높은 수출증가율(+9.6%)을 기록했다."
A0006-C003,A0006-C003-m3,상위 10대 수출국,무역,-,10,대,대,count,,,수준값,유지,현재값,KOSIS_VALUE,2024,2025-01-01,Y,-,,5,438,,ALTERNATE,NOT_TOP_TABLE,후순위 통계표 후보,"무역,기준",lexical,438.0,Y,,,,101,DT_1TEC314,산업별(KSIC10차) 무역집중도,2016055,기업특성별무역통계 > 산업분류(KSIC10차 기준)_'23년 이전_비영리·미연계 기업 제외,meta_index 없음 또는 코드명 매칭 없음,,,,,,,,,,meta 없음,,,"이에 따라 2024년 1~9월 기준(WTO)으로 전 세계 수출순위도 2023년 8위에서 두 단계 상승한 6위를 달성했으며, 상위 10대 수출국 중 가장 높은 수출증가율(+9.6%)을 기록했다."
A0006-C003,A0006-C003-m4,수출 증가율,무역,-,9.6,%,%,rate,,,증감률,증가,증감률,KOSIS_VALUE,2024,2025-01-01,Y,전년,,1,598,598,REJECT,NO_COMPATIBLE_ITEM,단위·지표 의미가 맞는 ITEM 없음,"무역,기준",lexical,598.0,Y,,,,101,DT_1TEC_P112,무역집중도,2016055,기업특성별무역통계 > 산업분류(KSIC11차 기준),유형별:무역수지[03]/item=N/score=12 | 유형별:수출[01]/item=N/score=12 | 유형별:수입[02]/item=N/score=8 | 상위기업별:상위10대[20]/item=N/score=5 | 상위기업별:계[00]/item=N/score=2 | 상위기업별:상위1000대[70]/item=N/score=2 | 상위기업별:상위100대[50]/item=N/score=2 | 상위기업별:상위20대[30]/item=N/score=2,,,,,A,유형별,01,수출,12,itm/obj 후보 선택,,,"이에 따라 2024년 1~9월 기준(WTO)으로 전 세계 수출순위도 2023년 8위에서 두 단계 상승한 6위를 달성했으며, 상위 10대 수출국 중 가장 높은 수출증가율(+9.6%)을 기록했다."
A0006-C003,A0006-C003-m4,수출 증가율,무역,-,9.6,%,%,rate,,,증감률,증가,증감률,KOSIS_VALUE,2024,2025-01-01,Y,전년,,2,598,,ALTERNATE,NOT_TOP_TABLE,후순위 통계표 후보,"무역,기준",lexical,598.0,Y,,,,101,DT_1TEC_N112,무역집중도,2016055,기업특성별무역통계 > 산업분류(KSIC10차 기준),유형별:무역수지[03]/item=N/score=12 | 유형별:수출[01]/item=N/score=12 | 유형별:수입[02]/item=N/score=8 | 상위기업별:상위10대[20]/item=N/score=5 | 상위기업별:계[00]/item=N/score=2 | 상위기업별:상위1000대[70]/item=N/score=2 | 상위기업별:상위100대[50]/item=N/score=2 | 상위기업별:상위20대[30]/item=N/score=2,,,,,A,유형별,01,수출,12,itm/obj 후보 선택,,,"이에 따라 2024년 1~9월 기준(WTO)으로 전 세계 수출순위도 2023년 8위에서 두 단계 상승한 6위를 달성했으며, 상위 10대 수출국 중 가장 높은 수출증가율(+9.6%)을 기록했다."
A0006-C003,A0006-C003-m4,수출 증가율,무역,-,9.6,%,%,rate,,,증감률,증가,증감률,KOSIS_VALUE,2024,2025-01-01,Y,전년,,3,598,,ALTERNATE,NOT_TOP_TABLE,후순위 통계표 후보,"무역,기준",lexical,598.0,Y,,,,101,DT_1TEC112,무역집중도,2016055,기업특성별무역통계 > 산업분류(KSIC10차 기준)_'23년 이전_비영리·미연계 기업 제외,meta_index 없음 또는 코드명 매칭 없음,,,,,,,,,,meta 없음,,,"이에 따라 2024년 1~9월 기준(WTO)으로 전 세계 수출순위도 2023년 8위에서 두 단계 상승한 6위를 달성했으며, 상위 10대 수출국 중 가장 높은 수출증가율(+9.6%)을 기록했다."
A0006-C003,A0006-C003-m4,수출 증가율,무역,-,9.6,%,%,rate,,,증감률,증가,증감률,KOSIS_VALUE,2024,2025-01-01,Y,전년,,4,598,,ALTERNATE,NOT_TOP_TABLE,후순위 통계표 후보,"무역,기준",lexical,598.0,Y,,,,101,DT_1TEC_N314,산업별(KSIC10차) 무역집중도,2016055,기업특성별무역통계 > 산업분류(KSIC10차 기준),meta_index 없음 또는 코드명 매칭 없음,,,,,,,,,,meta 없음,,,"이에 따라 2024년 1~9월 기준(WTO)으로 전 세계 수출순위도 2023년 8위에서 두 단계 상승한 6위를 달성했으며, 상위 10대 수출국 중 가장 높은 수출증가율(+9.6%)을 기록했다."
A0006-C003,A0006-C003-m4,수출 증가율,무역,-,9.6,%,%,rate,,,증감률,증가,증감률,KOSIS_VALUE,2024,2025-01-01,Y,전년,,5,598,,ALTERNATE,NOT_TOP_TABLE,후순위 통계표 후보,"무역,기준",lexical,598.0,Y,,,,101,DT_1TEC314,산업별(KSIC10차) 무역집중도,2016055,기업특성별무역통계 > 산업분류(KSIC10차 기준)_'23년 이전_비영리·미연계 기업 제외,meta_index 없음 또는 코드명 매칭 없음,,,,,,,,,,meta 없음,,,"이에 따라 2024년 1~9월 기준(WTO)으로 전 세계 수출순위도 2023년 8위에서 두 단계 상승한 6위를 달성했으며, 상위 10대 수출국 중 가장 높은 수출증가율(+9.6%)을 기록했다."
A0006-C004,A0006-C004-m1,무역수지 증감액,무역,-,62100000000,달러,달러,currency,,,증감량,증가,현재값,KOSIS_VALUE,2024,2025-01-01,Y,전년,,1,508,260,REVIEW,FORMULA_REQUIRED,수출액-수입액 계산식 매핑이 필요함,"수출액,수입액,품목별,수출,수입,무역",lexical,508.0,Y,,,,360,DT_1R11001_FRM101,"품목별 수출액, 수입액",1976045,SITC에의한무역통계,품목별:총액[13102112831A.A]/item=N/score=30 | 항목:수출액[13103112831T1]/item=Y/score=28 | 품목별:기타 우표 또는 수입인지우편요금 별납증지우편엽서[13102112831A.89649]/item=N/score=22 | 품목별:기타(우표 또는 수입인지 우편요금 별납증지  초일봉투 우편엽서(엽서) 및 이와 유사  )[13102112831A.89640]/item=N/score=22 | 품목별:우표 또는 수입인지 우편요금 별납증지  초일봉투 우편엽서(엽서) 및 이와 유사  [13102112831A.8964]/item=N/score=22 | 품목별:우표수입인지 또는 이와 유사한 물품  (우리나라에서 통용 또는 발행된 것  으로서 사[13102112831A.89283]/item=N/score=22 | 항목:수입액[13103112831T2]/item=Y/score=22 | 품목별: 불이나 웨이퍼 반도체 장비 또는 집적회로 평면판표시장치 제조를 위한 기계 및 기구[13102112831A.72821]/item=N/score=18,13103112831T2,수입액,천달러,60,13101112831A,품목별,13102112831A.A,총액,7,itm/obj 후보 선택,direct,,무역수지는 전년 대비 621억 달러 개선된 518억 달러의 흑자를 기록했다.
A0006-C004,A0006-C004-m1,무역수지 증감액,무역,-,62100000000,달러,달러,currency,,,증감량,증가,현재값,KOSIS_VALUE,2024,2025-01-01,Y,전년,,2,260,,ALTERNATE,NOT_TOP_TABLE,후순위 통계표 후보,"무역,무역수지,국가별",lexical,260.0,Y,,,,127,DT_DEA0001_S10502,주요 국가별 기술별 기술무역수지 추이,2003037,기술무역통계 > 기술무역수지현황,항목:주요 국가별 기술별 기술무역수지 추이[T001]/item=Y/score=42 | 국가별:기타[1611213103200038T13]/item=N/score=6 | 국가별:네덜란드[1611213103200038T8]/item=N/score=6 | 국가별:독일[1611213103200038T4]/item=N/score=6 | 국가별:말레이시아[1611213103200038T11]/item=N/score=6 | 국가별:멕시코[1611213103200038T12]/item=N/score=6 | 국가별:미국[1611213103200038T2]/item=N/score=6 | 국가별:싱가포르[1611213103200038T7]/item=N/score=6,,,,,1511213101200038A,기술별,1511213102200038A.0017,건설교통,2,itm/obj 후보 선택,,,무역수지는 전년 대비 621억 달러 개선된 518억 달러의 흑자를 기록했다.
A0006-C004,A0006-C004-m1,무역수지 증감액,무역,-,62100000000,달러,달러,currency,,,증감량,증가,현재값,KOSIS_VALUE,2024,2025-01-01,Y,전년,,3,260,,ALTERNATE,NOT_TOP_TABLE,후순위 통계표 후보,"무역,무역수지,국가별",lexical,260.0,Y,,,,127,DT_DCA0001_S10502,주요 국가별 산업별 기술무역수지 추이,2003037,기술무역통계 > 기술무역수지현황,meta_index 없음 또는 코드명 매칭 없음,,,,,,,,,,meta 없음,,,무역수지는 전년 대비 621억 달러 개선된 518억 달러의 흑자를 기록했다.
A0006-C004,A0006-C004-m1,무역수지 증감액,무역,-,62100000000,달러,달러,currency,,,증감량,증가,현재값,KOSIS_VALUE,2024,2025-01-01,Y,전년,,4,248,,ALTERNATE,NOT_TOP_TABLE,후순위 통계표 후보,"무역,무역수지",lexical,248.0,Y,,,,127,DT_DBA0001_S10502,기관유형별 기술별 기술무역수지 추이,2003037,기술무역통계 > 기술무역수지현황,meta_index 없음 또는 코드명 매칭 없음,,,,,,,,,,meta 없음,,,무역수지는 전년 대비 621억 달러 개선된 518억 달러의 흑자를 기록했다.
A0006-C004,A0006-C004-m1,무역수지 증감액,무역,-,62100000000,달러,달러,currency,,,증감량,증가,현재값,KOSIS_VALUE,2024,2025-01-01,Y,전년,,5,248,,ALTERNATE,NOT_TOP_TABLE,후순위 통계표 후보,"무역,무역수지",lexical,248.0,Y,,,,127,DT_DAA0001_S10502,기관유형별 산업별 기술무역수지 추이,2003037,기술무역통계 > 기술무역수지현황,meta_index 없음 또는 코드명 매칭 없음,,,,,,,,,,meta 없음,,,무역수지는 전년 대비 621억 달러 개선된 518억 달러의 흑자를 기록했다.
A0006-C004,A0006-C004-m2,무역수지,무역,-,51800000000,달러,달러,currency,,,수준값,-,현재값,KOSIS_VALUE,2024,2025-01-01,Y,전년,,1,508,260,REVIEW,FORMULA_REQUIRED,수출액-수입액 계산식 매핑이 필요함,"수출액,수입액,품목별,수출,수입,무역",lexical,508.0,Y,,,,360,DT_1R11001_FRM101,"품목별 수출액, 수입액",1976045,SITC에의한무역통계,품목별:총액[13102112831A.A]/item=N/score=30 | 항목:수출액[13103112831T1]/item=Y/score=28 | 품목별:기타 우표 또는 수입인지우편요금 별납증지우편엽서[13102112831A.89649]/item=N/score=22 | 품목별:기타(우표 또는 수입인지 우편요금 별납증지  초일봉투 우편엽서(엽서) 및 이와 유사  )[13102112831A.89640]/item=N/score=22 | 품목별:우표 또는 수입인지 우편요금 별납증지  초일봉투 우편엽서(엽서) 및 이와 유사  [13102112831A.8964]/item=N/score=22 | 품목별:우표수입인지 또는 이와 유사한 물품  (우리나라에서 통용 또는 발행된 것  으로서 사[13102112831A.89283]/item=N/score=22 | 항목:수입액[13103112831T2]/item=Y/score=22 | 품목별: 불이나 웨이퍼 반도체 장비 또는 집적회로 평면판표시장치 제조를 위한 기계 및 기구[13102112831A.72821]/item=N/score=18,13103112831T2,수입액,천달러,60,13101112831A,품목별,13102112831A.A,총액,7,itm/obj 후보 선택,direct,,무역수지는 전년 대비 621억 달러 개선된 518억 달러의 흑자를 기록했다.
A0006-C004,A0006-C004-m2,무역수지,무역,-,51800000000,달러,달러,currency,,,수준값,-,현재값,KOSIS_VALUE,2024,2025-01-01,Y,전년,,2,260,,ALTERNATE,NOT_TOP_TABLE,후순위 통계표 후보,"무역,무역수지,국가별",lexical,260.0,Y,,,,127,DT_DEA0001_S10502,주요 국가별 기술별 기술무역수지 추이,2003037,기술무역통계 > 기술무역수지현황,항목:주요 국가별 기술별 기술무역수지 추이[T001]/item=Y/score=42 | 국가별:기타[1611213103200038T13]/item=N/score=6 | 국가별:네덜란드[1611213103200038T8]/item=N/score=6 | 국가별:독일[1611213103200038T4]/item=N/score=6 | 국가별:말레이시아[1611213103200038T11]/item=N/score=6 | 국가별:멕시코[1611213103200038T12]/item=N/score=6 | 국가별:미국[1611213103200038T2]/item=N/score=6 | 국가별:싱가포르[1611213103200038T7]/item=N/score=6,,,,,1511213101200038A,기술별,1511213102200038A.0017,건설교통,2,itm/obj 후보 선택,,,무역수지는 전년 대비 621억 달러 개선된 518억 달러의 흑자를 기록했다.
A0006-C004,A0006-C004-m2,무역수지,무역,-,51800000000,달러,달러,currency,,,수준값,-,현재값,KOSIS_VALUE,2024,2025-01-01,Y,전년,,3,260,,ALTERNATE,NOT_TOP_TABLE,후순위 통계표 후보,"무역,무역수지,국가별",lexical,260.0,Y,,,,127,DT_DCA0001_S10502,주요 국가별 산업별 기술무역수지 추이,2003037,기술무역통계 > 기술무역수지현황,meta_index 없음 또는 코드명 매칭 없음,,,,,,,,,,meta 없음,,,무역수지는 전년 대비 621억 달러 개선된 518억 달러의 흑자를 기록했다.
A0006-C004,A0006-C004-m2,무역수지,무역,-,51800000000,달러,달러,currency,,,수준값,-,현재값,KOSIS_VALUE,2024,2025-01-01,Y,전년,,4,248,,ALTERNATE,NOT_TOP_TABLE,후순위 통계표 후보,"무역,무역수지",lexical,248.0,Y,,,,127,DT_DBA0001_S10502,기관유형별 기술별 기술무역수지 추이,2003037,기술무역통계 > 기술무역수지현황,meta_index 없음 또는 코드명 매칭 없음,,,,,,,,,,meta 없음,,,무역수지는 전년 대비 621억 달러 개선된 518억 달러의 흑자를 기록했다.
A0006-C004,A0006-C004-m2,무역수지,무역,-,51800000000,달러,달러,currency,,,수준값,-,현재값,KOSIS_VALUE,2024,2025-01-01,Y,전년,,5,248,,ALTERNATE,NOT_TOP_TABLE,후순위 통계표 후보,"무역,무역수지",lexical,248.0,Y,,,,127,DT_DAA0001_S10502,기관유형별 산업별 기술무역수지 추이,2003037,기술무역통계 > 기술무역수지현황,meta_index 없음 또는 코드명 매칭 없음,,,,,,,,,,meta 없음,,,무역수지는 전년 대비 621억 달러 개선된 518억 달러의 흑자를 기록했다.
A0006-C006,A0006-C006-m1,수입 증감률,무역,-,1.6,%,%,rate,,,증감률,감소,증감률,KOSIS_VALUE,2024,2025-01-01,Y,전년,,1,432,156,REJECT,NO_COMPATIBLE_ITEM,단위·지표 의미가 맞는 ITEM 없음,"수입액,품목별,수출액,수입,수출,무역",lexical,432.0,Y,,,,360,DT_1R11001_FRM101,"품목별 수출액, 수입액",1976045,SITC에의한무역통계,품목별:기타 우표 또는 수입인지우편요금 별납증지우편엽서[13102112831A.89649]/item=N/score=30 | 품목별:기타(우표 또는 수입인지 우편요금 별납증지  초일봉투 우편엽서(엽서) 및 이와 유사  )[13102112831A.89640]/item=N/score=30 | 품목별:우표 또는 수입인지 우편요금 별납증지  초일봉투 우편엽서(엽서) 및 이와 유사  [13102112831A.8964]/item=N/score=30 | 품목별:우표수입인지 또는 이와 유사한 물품  (우리나라에서 통용 또는 발행된 것  으로서 사[13102112831A.89283]/item=N/score=30 | 품목별:전기에너지 [13102112831A.3510]/item=N/score=30 | 품목별:총액[13102112831A.A]/item=N/score=30 | 항목:수입액[13103112831T2]/item=Y/score=30 | 항목:수출액[13103112831T1]/item=Y/score=22,,,,,13101112831A,품목별,13102112831A.A,총액,57,itm/obj 후보 선택,,,2024년에는 에너지 수입이 감소하면서 전체 수입이 전년 대비 1.6% 감소한 덕에 무역수지가 개선됐다.
A0006-C006,A0006-C006-m1,수입 증감률,무역,-,1.6,%,%,rate,,,증감률,감소,증감률,KOSIS_VALUE,2024,2025-01-01,Y,전년,,2,156,,ALTERNATE,NOT_TOP_TABLE,후순위 통계표 후보,"수입액,무역,수입,무역수지,수출",lexical,156.0,Y,,,,145,DT_145009_026,"국내 의약품 생산·수출·수입액, 무역수지, 시장규모",2016008,의약품생산및수출수입실적 > 수출입 현황,항목:무역수지[T004]/item=Y/score=36 | 항목:수입액[T003]/item=Y/score=30 | 항목:수출액[T002]/item=Y/score=22,,,,,13999000,가상분류,DATA,데이터,2,itm/obj 후보 선택,,,2024년에는 에너지 수입이 감소하면서 전체 수입이 전년 대비 1.6% 감소한 덕에 무역수지가 개선됐다.
A0006-C006,A0006-C006-m1,수입 증감률,무역,-,1.6,%,%,rate,,,증감률,감소,증감률,KOSIS_VALUE,2024,2025-01-01,Y,전년,,3,140,,ALTERNATE,NOT_TOP_TABLE,후순위 통계표 후보,"수입액,무역,수입,무역수지,수출",lexical,140.0,Y,,,,145,DT_145014_013,"위생용품 생산·수출·수입액 무역수지, 시장규모",2019072,위생용품산업현황 > 위생용품 산업현황 총괄,meta_index 없음 또는 코드명 매칭 없음,,,,,,,,,,meta 없음,,,2024년에는 에너지 수입이 감소하면서 전체 수입이 전년 대비 1.6% 감소한 덕에 무역수지가 개선됐다.
A0006-C006,A0006-C006-m1,수입 증감률,무역,-,1.6,%,%,rate,,,증감률,감소,증감률,KOSIS_VALUE,2024,2025-01-01,Y,전년,,4,140,,ALTERNATE,NOT_TOP_TABLE,후순위 통계표 후보,"수입액,무역,수입,무역수지,수출",lexical,140.0,Y,,,,145,DT_14508_007,"의료기기 생산·수출·수입액, 무역수지, 시장규모",2014001,의료기기생산실적 > 의료기기 생산실적 총괄,meta_index 없음 또는 코드명 매칭 없음,,,,,,,,,,meta 없음,,,2024년에는 에너지 수입이 감소하면서 전체 수입이 전년 대비 1.6% 감소한 덕에 무역수지가 개선됐다.
A0006-C006,A0006-C006-m1,수입 증감률,무역,-,1.6,%,%,rate,,,증감률,감소,증감률,KOSIS_VALUE,2024,2025-01-01,Y,전년,,5,132,,ALTERNATE,NOT_TOP_TABLE,후순위 통계표 후보,"무역,무역수지,국제수지",lexical,132.0,Y,,,,301,DT_304Y107,지식재산권 무역수지(유형별),1976018,국제수지통계 > 국제수지 > 지식서비스 무역통계 > 지식재산권 무역수지,meta_index 없음 또는 코드명 매칭 없음,,,,,,,,,,meta 없음,,,2024년에는 에너지 수입이 감소하면서 전체 수입이 전년 대비 1.6% 감소한 덕에 무역수지가 개선됐다.
A0006-C007,A0006-C007-m1,무역수지,무역,-,69700000000,달러,달러,currency,,,수준값,유지,현재값,KOSIS_VALUE,2018,2025-01-01,Y,전년,,1,508,508,REVIEW,FORMULA_REQUIRED,수출액-수입액 계산식 매핑이 필요함,"수출액,수입액,품목별,수출,수입,무역",lexical,508.0,Y,,,,360,DT_1R11001_FRM101,"품목별 수출액, 수입액",1976045,SITC에의한무역통계,품목별:총액[13102112831A.A]/item=N/score=30 | 항목:수출액[13103112831T1]/item=Y/score=28 | 품목별:기타 우표 또는 수입인지우편요금 별납증지우편엽서[13102112831A.89649]/item=N/score=22 | 품목별:기타(우표 또는 수입인지 우편요금 별납증지  초일봉투 우편엽서(엽서) 및 이와 유사  )[13102112831A.89640]/item=N/score=22 | 품목별:우표 또는 수입인지 우편요금 별납증지  초일봉투 우편엽서(엽서) 및 이와 유사  [13102112831A.8964]/item=N/score=22 | 품목별:우표수입인지 또는 이와 유사한 물품  (우리나라에서 통용 또는 발행된 것  으로서 사[13102112831A.89283]/item=N/score=22 | 항목:수입액[13103112831T2]/item=Y/score=22 | 품목별: 불이나 웨이퍼 반도체 장비 또는 집적회로 평면판표시장치 제조를 위한 기계 및 기구[13102112831A.72821]/item=N/score=18,13103112831T2,수입액,천달러,60,13101112831A,품목별,13102112831A.A,총액,7,itm/obj 후보 선택,direct,,이에 2018년(697억 달러 흑자) 이후 최대 흑자를 기록하게 됐다.
A0006-C007,A0006-C007-m1,무역수지,무역,-,69700000000,달러,달러,currency,,,수준값,유지,현재값,KOSIS_VALUE,2018,2025-01-01,Y,전년,,2,508,,ALTERNATE,NOT_TOP_TABLE,후순위 통계표 후보,"수출액,수입액,품목별,수출,수입,무역",lexical,508.0,Y,,,,360,DT_1R11001_FRM101_2019,"품목별 수출액, 수입액",1976045,SITC에의한무역통계,품목별:총액[13102103825A.0]/item=N/score=30 | 항목:수출액[13103103825T1]/item=Y/score=28 | 항목:수입액[13103103825T2]/item=Y/score=22 | 품목별: 전기기계장치와 기기[13102103825A.77]/item=N/score=18 | 품목별:1차 산품[13102103825A.01]/item=N/score=18 | 품목별:IT제품[13102103825A.04]/item=N/score=18 | 품목별:가구 및 부분품;침대에트리스쿠션[13102103825A.82]/item=N/score=18 | 품목별:가죽제품 및 손질모피[13102103825A.61]/item=N/score=18,13103103825T2,수입액,천달러,60,13101103825A,품목별,13102103825A.0,총액,7,itm/obj 후보 선택,direct,,이에 2018년(697억 달러 흑자) 이후 최대 흑자를 기록하게 됐다.
A0006-C007,A0006-C007-m1,무역수지,무역,-,69700000000,달러,달러,currency,,,수준값,유지,현재값,KOSIS_VALUE,2018,2025-01-01,Y,전년,,3,260,,ALTERNATE,NOT_TOP_TABLE,후순위 통계표 후보,"무역,무역수지,국가별",lexical,260.0,Y,,,,127,DT_DEA0001_S10502,주요 국가별 기술별 기술무역수지 추이,2003037,기술무역통계 > 기술무역수지현황,항목:주요 국가별 기술별 기술무역수지 추이[T001]/item=Y/score=42 | 국가별:기타[1611213103200038T13]/item=N/score=6 | 국가별:네덜란드[1611213103200038T8]/item=N/score=6 | 국가별:독일[1611213103200038T4]/item=N/score=6 | 국가별:말레이시아[1611213103200038T11]/item=N/score=6 | 국가별:멕시코[1611213103200038T12]/item=N/score=6 | 국가별:미국[1611213103200038T2]/item=N/score=6 | 국가별:싱가포르[1611213103200038T7]/item=N/score=6,,,,,1511213101200038A,기술별,1511213102200038A.0017,건설교통,2,itm/obj 후보 선택,,,이에 2018년(697억 달러 흑자) 이후 최대 흑자를 기록하게 됐다.
A0006-C007,A0006-C007-m1,무역수지,무역,-,69700000000,달러,달러,currency,,,수준값,유지,현재값,KOSIS_VALUE,2018,2025-01-01,Y,전년,,4,260,,ALTERNATE,NOT_TOP_TABLE,후순위 통계표 후보,"무역,무역수지,국가별",lexical,260.0,Y,,,,127,DT_DCA0001_S10502,주요 국가별 산업별 기술무역수지 추이,2003037,기술무역통계 > 기술무역수지현황,meta_index 없음 또는 코드명 매칭 없음,,,,,,,,,,meta 없음,,,이에 2018년(697억 달러 흑자) 이후 최대 흑자를 기록하게 됐다.
A0006-C007,A0006-C007-m1,무역수지,무역,-,69700000000,달러,달러,currency,,,수준값,유지,현재값,KOSIS_VALUE,2018,2025-01-01,Y,전년,,5,248,,ALTERNATE,NOT_TOP_TABLE,후순위 통계표 후보,"무역,무역수지",lexical,248.0,Y,,,,127,DT_DBA0001_S10502,기관유형별 기술별 기술무역수지 추이,2003037,기술무역통계 > 기술무역수지현황,meta_index 없음 또는 코드명 매칭 없음,,,,,,,,,,meta 없음,,,이에 2018년(697억 달러 흑자) 이후 최대 흑자를 기록하게 됐다.
A0006-C009,A0006-C009-m1,반도체 수출액,무역,반도체,141900000000,달러,달러,currency,,,수준값,증가,현재값,KOSIS_VALUE,2024,2025-01-01,Y,전년,,1,476,160,REVIEW,CODESET_REQUIRED,반도체 집계용 OBJ 코드셋이 필요함,"수출액,품목별,수입,수출,무역",lexical,476.0,Y,,,,360,DT_1R11001_FRM101,"품목별 수출액, 수입액",1976045,SITC에의한무역통계,품목별:감광성 반도체 디바이스 및 발광다이오드 [13102112831A.77637]/item=N/score=60 | 품목별:다이오드트랜지스터 기타 이와 유사한 반도체 디바이스[13102112831A.7763]/item=N/score=60 | 품목별:기타 전자집적회로와 초소형 조립회로 [13102112831A.77649]/item=N/score=54 | 품목별:전자집적회로와 초소향 조립회로[13102112831A.7764]/item=N/score=54 | 품목별:776.81항의 압전기 결정소자 및 776.3항의  디바이스의 부분품[13102112831A.77688]/item=N/score=42 | 품목별:다이리스터 다이액과 트라이액(감광성 디  바이스 제외)[13102112831A.77635]/item=N/score=42 | 품목별:달리 명시되지 않은 액정 디바이스레이저 기기[13102112831A.8719]/item=N/score=42 | 품목별:탈모제 향수 화장품이나 달리 명시되지  않은 화장용품[13102112831A.55359]/item=N/score=39,13103112831T1,수출액,천달러,140,13101112831A,품목별,13102112831A.77649,기타 전자집적회로와 초소형 조립회로 ,297,itm/obj 후보 선택,direct,,"◇반도체, 자동차가 이끌고 바이오, 농수산, 화장품 등도 고르게 증가 품목별로는 최대 수출품목인 반도체가 43.9% 증가한 1419억 달러를 기록, 2023년 11월 이후 14개월 연속 증가 흐름을 이어가면서 기존 최대 실적인 2022년 1292억 달러를 2년 만에 경신했다."
A0006-C009,A0006-C009-m1,반도체 수출액,무역,반도체,141900000000,달러,달러,currency,,,수준값,증가,현재값,KOSIS_VALUE,2024,2025-01-01,Y,전년,,2,160,,ALTERNATE,NOT_TOP_TABLE,후순위 통계표 후보,"품목별,수입,수출,무역",lexical,160.0,Y,,,,134,DT_134006_N001,품목별 수입·수출현황,2017044,기업무역활동통계,품목별:화장품[A33]/item=N/score=27 | 품목별:가구 [A93]/item=N/score=18 | 품목별:가죽류 [A41]/item=N/score=18 | 품목별:가죽제품 [A42]/item=N/score=18 | 품목별:견직물[A50]/item=N/score=18 | 품목별:고무제품 [A40]/item=N/score=18 | 품목별:곡물 [A10]/item=N/score=18 | 품목별:곡물조제품[A19]/item=N/score=18,T002,교역액,백만달러,30,A001,품목별,A93,가구 ,17,itm/obj 후보 선택,direct,,"◇반도체, 자동차가 이끌고 바이오, 농수산, 화장품 등도 고르게 증가 품목별로는 최대 수출품목인 반도체가 43.9% 증가한 1419억 달러를 기록, 2023년 11월 이후 14개월 연속 증가 흐름을 이어가면서 기존 최대 실적인 2022년 1292억 달러를 2년 만에 경신했다."
A0006-C009,A0006-C009-m1,반도체 수출액,무역,반도체,141900000000,달러,달러,currency,,,수준값,증가,현재값,KOSIS_VALUE,2024,2025-01-01,Y,전년,,3,144,,ALTERNATE,NOT_TOP_TABLE,후순위 통계표 후보,"품목별,수입,무역",lexical,144.0,Y,,,,134,DT_13405_004,품목별 FTA 수입활용률,2014013,FTA특혜무역활용통계,meta_index 없음 또는 코드명 매칭 없음,,,,,,,,,,meta 없음,,,"◇반도체, 자동차가 이끌고 바이오, 농수산, 화장품 등도 고르게 증가 품목별로는 최대 수출품목인 반도체가 43.9% 증가한 1419억 달러를 기록, 2023년 11월 이후 14개월 연속 증가 흐름을 이어가면서 기존 최대 실적인 2022년 1292억 달러를 2년 만에 경신했다."
A0006-C009,A0006-C009-m1,반도체 수출액,무역,반도체,141900000000,달러,달러,currency,,,수준값,증가,현재값,KOSIS_VALUE,2024,2025-01-01,Y,전년,,4,144,,ALTERNATE,NOT_TOP_TABLE,후순위 통계표 후보,"품목별,수출,무역",lexical,144.0,Y,,,,134,DT_13405_003,품목별 FTA 수출활용률,2014013,FTA특혜무역활용통계,meta_index 없음 또는 코드명 매칭 없음,,,,,,,,,,meta 없음,,,"◇반도체, 자동차가 이끌고 바이오, 농수산, 화장품 등도 고르게 증가 품목별로는 최대 수출품목인 반도체가 43.9% 증가한 1419억 달러를 기록, 2023년 11월 이후 14개월 연속 증가 흐름을 이어가면서 기존 최대 실적인 2022년 1292억 달러를 2년 만에 경신했다."
A0006-C009,A0006-C009-m1,반도체 수출액,무역,반도체,141900000000,달러,달러,currency,,,수준값,증가,현재값,KOSIS_VALUE,2024,2025-01-01,Y,전년,,5,144,,ALTERNATE,NOT_TOP_TABLE,후순위 통계표 후보,"품목별,수출,무역",lexical,144.0,Y,,,,134,DT_134006_N012,품목별 고성장·가젤기업 수출현황,2017044,기업무역활동통계,meta_index 없음 또는 코드명 매칭 없음,,,,,,,,,,meta 없음,,,"◇반도체, 자동차가 이끌고 바이오, 농수산, 화장품 등도 고르게 증가 품목별로는 최대 수출품목인 반도체가 43.9% 증가한 1419억 달러를 기록, 2023년 11월 이후 14개월 연속 증가 흐름을 이어가면서 기존 최대 실적인 2022년 1292억 달러를 2년 만에 경신했다."
A0006-C009,A0006-C009-m2,반도체 수출액 증감률,무역,반도체,43.9,%,%,rate,,,증감률,증가,증감률,KOSIS_VALUE,2024,2025-01-01,Y,전년,,1,476,160,REJECT,NO_COMPATIBLE_ITEM,단위·지표 의미가 맞는 ITEM 없음,"수출액,품목별,수입,수출,무역",lexical,476.0,Y,,,,360,DT_1R11001_FRM101,"품목별 수출액, 수입액",1976045,SITC에의한무역통계,품목별:감광성 반도체 디바이스 및 발광다이오드 [13102112831A.77637]/item=N/score=60 | 품목별:다이오드트랜지스터 기타 이와 유사한 반도체 디바이스[13102112831A.7763]/item=N/score=60 | 품목별:기타 전자집적회로와 초소형 조립회로 [13102112831A.77649]/item=N/score=54 | 품목별:전자집적회로와 초소향 조립회로[13102112831A.7764]/item=N/score=54 | 품목별:776.81항의 압전기 결정소자 및 776.3항의  디바이스의 부분품[13102112831A.77688]/item=N/score=42 | 품목별:다이리스터 다이액과 트라이액(감광성 디  바이스 제외)[13102112831A.77635]/item=N/score=42 | 품목별:달리 명시되지 않은 액정 디바이스레이저 기기[13102112831A.8719]/item=N/score=42 | 품목별:탈모제 향수 화장품이나 달리 명시되지  않은 화장용품[13102112831A.55359]/item=N/score=39,,,,,13101112831A,품목별,13102112831A.77649,기타 전자집적회로와 초소형 조립회로 ,297,itm/obj 후보 선택,,,"◇반도체, 자동차가 이끌고 바이오, 농수산, 화장품 등도 고르게 증가 품목별로는 최대 수출품목인 반도체가 43.9% 증가한 1419억 달러를 기록, 2023년 11월 이후 14개월 연속 증가 흐름을 이어가면서 기존 최대 실적인 2022년 1292억 달러를 2년 만에 경신했다."
A0006-C009,A0006-C009-m2,반도체 수출액 증감률,무역,반도체,43.9,%,%,rate,,,증감률,증가,증감률,KOSIS_VALUE,2024,2025-01-01,Y,전년,,2,160,,ALTERNATE,NOT_TOP_TABLE,후순위 통계표 후보,"품목별,수입,수출,무역",lexical,160.0,Y,,,,134,DT_134006_N001,품목별 수입·수출현황,2017044,기업무역활동통계,품목별:화장품[A33]/item=N/score=27 | 품목별:가구 [A93]/item=N/score=18 | 품목별:가죽류 [A41]/item=N/score=18 | 품목별:가죽제품 [A42]/item=N/score=18 | 품목별:견직물[A50]/item=N/score=18 | 품목별:고무제품 [A40]/item=N/score=18 | 품목별:곡물 [A10]/item=N/score=18 | 품목별:곡물조제품[A19]/item=N/score=18,T005,교역액 진입률,%,30,A001,품목별,A93,가구 ,17,itm/obj 후보 선택,direct,,"◇반도체, 자동차가 이끌고 바이오, 농수산, 화장품 등도 고르게 증가 품목별로는 최대 수출품목인 반도체가 43.9% 증가한 1419억 달러를 기록, 2023년 11월 이후 14개월 연속 증가 흐름을 이어가면서 기존 최대 실적인 2022년 1292억 달러를 2년 만에 경신했다."
A0006-C009,A0006-C009-m2,반도체 수출액 증감률,무역,반도체,43.9,%,%,rate,,,증감률,증가,증감률,KOSIS_VALUE,2024,2025-01-01,Y,전년,,3,144,,ALTERNATE,NOT_TOP_TABLE,후순위 통계표 후보,"품목별,수입,무역",lexical,144.0,Y,,,,134,DT_13405_004,품목별 FTA 수입활용률,2014013,FTA특혜무역활용통계,meta_index 없음 또는 코드명 매칭 없음,,,,,,,,,,meta 없음,,,"◇반도체, 자동차가 이끌고 바이오, 농수산, 화장품 등도 고르게 증가 품목별로는 최대 수출품목인 반도체가 43.9% 증가한 1419억 달러를 기록, 2023년 11월 이후 14개월 연속 증가 흐름을 이어가면서 기존 최대 실적인 2022년 1292억 달러를 2년 만에 경신했다."
A0006-C009,A0006-C009-m2,반도체 수출액 증감률,무역,반도체,43.9,%,%,rate,,,증감률,증가,증감률,KOSIS_VALUE,2024,2025-01-01,Y,전년,,4,144,,ALTERNATE,NOT_TOP_TABLE,후순위 통계표 후보,"품목별,수출,무역",lexical,144.0,Y,,,,134,DT_13405_003,품목별 FTA 수출활용률,2014013,FTA특혜무역활용통계,meta_index 없음 또는 코드명 매칭 없음,,,,,,,,,,meta 없음,,,"◇반도체, 자동차가 이끌고 바이오, 농수산, 화장품 등도 고르게 증가 품목별로는 최대 수출품목인 반도체가 43.9% 증가한 1419억 달러를 기록, 2023년 11월 이후 14개월 연속 증가 흐름을 이어가면서 기존 최대 실적인 2022년 1292억 달러를 2년 만에 경신했다."
A0006-C009,A0006-C009-m2,반도체 수출액 증감률,무역,반도체,43.9,%,%,rate,,,증감률,증가,증감률,KOSIS_VALUE,2024,2025-01-01,Y,전년,,5,144,,ALTERNATE,NOT_TOP_TABLE,후순위 통계표 후보,"품목별,수출,무역",lexical,144.0,Y,,,,134,DT_134006_N012,품목별 고성장·가젤기업 수출현황,2017044,기업무역활동통계,meta_index 없음 또는 코드명 매칭 없음,,,,,,,,,,meta 없음,,,"◇반도체, 자동차가 이끌고 바이오, 농수산, 화장품 등도 고르게 증가 품목별로는 최대 수출품목인 반도체가 43.9% 증가한 1419억 달러를 기록, 2023년 11월 이후 14개월 연속 증가 흐름을 이어가면서 기존 최대 실적인 2022년 1292억 달러를 2년 만에 경신했다."
A0006-C009,A0006-C009-m3,반도체 수출액,무역,반도체,129200000000,달러,달러,currency,,,수준값,증가,이전값,KOSIS_VALUE,2022,2025-01-01,Y,전년,,1,476,160,REVIEW,CODESET_REQUIRED,반도체 집계용 OBJ 코드셋이 필요함,"수출액,품목별,수입,수출,무역",lexical,476.0,Y,,,,360,DT_1R11001_FRM101,"품목별 수출액, 수입액",1976045,SITC에의한무역통계,품목별:감광성 반도체 디바이스 및 발광다이오드 [13102112831A.77637]/item=N/score=60 | 품목별:다이오드트랜지스터 기타 이와 유사한 반도체 디바이스[13102112831A.7763]/item=N/score=60 | 품목별:기타 전자집적회로와 초소형 조립회로 [13102112831A.77649]/item=N/score=54 | 품목별:전자집적회로와 초소향 조립회로[13102112831A.7764]/item=N/score=54 | 품목별:776.81항의 압전기 결정소자 및 776.3항의  디바이스의 부분품[13102112831A.77688]/item=N/score=42 | 품목별:다이리스터 다이액과 트라이액(감광성 디  바이스 제외)[13102112831A.77635]/item=N/score=42 | 품목별:달리 명시되지 않은 액정 디바이스레이저 기기[13102112831A.8719]/item=N/score=42 | 품목별:탈모제 향수 화장품이나 달리 명시되지  않은 화장용품[13102112831A.55359]/item=N/score=39,13103112831T1,수출액,천달러,140,13101112831A,품목별,13102112831A.77649,기타 전자집적회로와 초소형 조립회로 ,297,itm/obj 후보 선택,direct,,"◇반도체, 자동차가 이끌고 바이오, 농수산, 화장품 등도 고르게 증가 품목별로는 최대 수출품목인 반도체가 43.9% 증가한 1419억 달러를 기록, 2023년 11월 이후 14개월 연속 증가 흐름을 이어가면서 기존 최대 실적인 2022년 1292억 달러를 2년 만에 경신했다."
A0006-C009,A0006-C009-m3,반도체 수출액,무역,반도체,129200000000,달러,달러,currency,,,수준값,증가,이전값,KOSIS_VALUE,2022,2025-01-01,Y,전년,,2,160,,ALTERNATE,NOT_TOP_TABLE,후순위 통계표 후보,"품목별,수입,수출,무역",lexical,160.0,Y,,,,134,DT_134006_N001,품목별 수입·수출현황,2017044,기업무역활동통계,품목별:화장품[A33]/item=N/score=27 | 품목별:가구 [A93]/item=N/score=18 | 품목별:가죽류 [A41]/item=N/score=18 | 품목별:가죽제품 [A42]/item=N/score=18 | 품목별:견직물[A50]/item=N/score=18 | 품목별:고무제품 [A40]/item=N/score=18 | 품목별:곡물 [A10]/item=N/score=18 | 품목별:곡물조제품[A19]/item=N/score=18,T002,교역액,백만달러,30,A001,품목별,A93,가구 ,17,itm/obj 후보 선택,direct,,"◇반도체, 자동차가 이끌고 바이오, 농수산, 화장품 등도 고르게 증가 품목별로는 최대 수출품목인 반도체가 43.9% 증가한 1419억 달러를 기록, 2023년 11월 이후 14개월 연속 증가 흐름을 이어가면서 기존 최대 실적인 2022년 1292억 달러를 2년 만에 경신했다."
A0006-C009,A0006-C009-m3,반도체 수출액,무역,반도체,129200000000,달러,달러,currency,,,수준값,증가,이전값,KOSIS_VALUE,2022,2025-01-01,Y,전년,,3,144,,ALTERNATE,NOT_TOP_TABLE,후순위 통계표 후보,"품목별,수입,무역",lexical,144.0,Y,,,,134,DT_13405_004,품목별 FTA 수입활용률,2014013,FTA특혜무역활용통계,meta_index 없음 또는 코드명 매칭 없음,,,,,,,,,,meta 없음,,,"◇반도체, 자동차가 이끌고 바이오, 농수산, 화장품 등도 고르게 증가 품목별로는 최대 수출품목인 반도체가 43.9% 증가한 1419억 달러를 기록, 2023년 11월 이후 14개월 연속 증가 흐름을 이어가면서 기존 최대 실적인 2022년 1292억 달러를 2년 만에 경신했다."
A0006-C009,A0006-C009-m3,반도체 수출액,무역,반도체,129200000000,달러,달러,currency,,,수준값,증가,이전값,KOSIS_VALUE,2022,2025-01-01,Y,전년,,4,144,,ALTERNATE,NOT_TOP_TABLE,후순위 통계표 후보,"품목별,수출,무역",lexical,144.0,Y,,,,134,DT_13405_003,품목별 FTA 수출활용률,2014013,FTA특혜무역활용통계,meta_index 없음 또는 코드명 매칭 없음,,,,,,,,,,meta 없음,,,"◇반도체, 자동차가 이끌고 바이오, 농수산, 화장품 등도 고르게 증가 품목별로는 최대 수출품목인 반도체가 43.9% 증가한 1419억 달러를 기록, 2023년 11월 이후 14개월 연속 증가 흐름을 이어가면서 기존 최대 실적인 2022년 1292억 달러를 2년 만에 경신했다."
A0006-C009,A0006-C009-m3,반도체 수출액,무역,반도체,129200000000,달러,달러,currency,,,수준값,증가,이전값,KOSIS_VALUE,2022,2025-01-01,Y,전년,,5,144,,ALTERNATE,NOT_TOP_TABLE,후순위 통계표 후보,"품목별,수출,무역",lexical,144.0,Y,,,,134,DT_134006_N012,품목별 고성장·가젤기업 수출현황,2017044,기업무역활동통계,meta_index 없음 또는 코드명 매칭 없음,,,,,,,,,,meta 없음,,,"◇반도체, 자동차가 이끌고 바이오, 농수산, 화장품 등도 고르게 증가 품목별로는 최대 수출품목인 반도체가 43.9% 증가한 1419억 달러를 기록, 2023년 11월 이후 14개월 연속 증가 흐름을 이어가면서 기존 최대 실적인 2022년 1292억 달러를 2년 만에 경신했다."
A0006-C011,A0006-C011-m1,자동차 수출,무역,자동차,70800000000,달러,달러,currency,,,수준값,유지,현재값,KOSIS_VALUE,2024,2025-01-01,Y,전년,,1,484,394,REVIEW,CODESET_REQUIRED,자동차 집계용 OBJ 코드셋이 필요함,"품목별,수출액,수출,수입,무역",lexical,484.0,Y,,,,360,DT_1R11001_FRM101,"품목별 수출액, 수입액",1976045,SITC에의한무역통계,품목별:승용자동차 및 기타의 차량[13102112831A.781]/item=N/score=78 | 품목별:기타 승용자동차용의 공기타이어[13102112831A.62519]/item=N/score=66 | 품목별:기타(승용자동차용의 공기타이어 )[13102112831A.62510]/item=N/score=66 | 품목별:대중수송형 승용자동차[13102112831A.7831]/item=N/score=66 | 품목별:승용자동차용의 공기타이어 [13102112831A.6251]/item=N/score=66 | 품목별:화물자동차 및 특수목적차량[13102112831A.782]/item=N/score=48 | 품목별:기타 자동차단기 [13102112831A.77243]/item=N/score=36 | 품목별:기타(원동기를 갖춘 샤시(제722항 781 782항  및 783항의 자동차용의 것))[13102112831A.78410]/item=N/score=36,13103112831T1,수출액,천달러,150,13101112831A,품목별,13102112831A.781,승용자동차 및 기타의 차량,402,itm/obj 후보 선택,direct,,"자동차 수출은 하반기 주요 완성차·부품업계 파업 등에 따른 일부 생산 차질 영향으로 전년도와 보합세인 708억 달러(-0.1%)를 기록하였으며, 2년 연속 700억 달러 이상의 호실적을 이어갔다."
A0006-C011,A0006-C011-m1,자동차 수출,무역,자동차,70800000000,달러,달러,currency,,,수준값,유지,현재값,KOSIS_VALUE,2024,2025-01-01,Y,전년,,2,394,,ALTERNATE,NOT_TOP_TABLE,후순위 통계표 후보,"자동차,수출액,수출",lexical,394.0,Y,,,,463,DT_FS463001_A055,자동차튜닝 관련 매출액 중 해외수출액 비중,2022033,자동차튜닝산업실태조사,구분:자동차튜닝 기술 및 훈련 교육기업[01005]/item=N/score=18 | 구분:자동차튜닝 부품 및 내장품 등 판매업[01004]/item=N/score=18 | 구분:자동차튜닝 서비스 제공업[01003]/item=N/score=18 | 구분:자동차튜닝용 부품 제조업[01002]/item=N/score=18 | 구분:튜닝자동차 제조업[01001]/item=N/score=18,,,,,TUN,구분,01005,자동차튜닝 기술 및 훈련 교육기업,267,itm/obj 후보 선택,,,"자동차 수출은 하반기 주요 완성차·부품업계 파업 등에 따른 일부 생산 차질 영향으로 전년도와 보합세인 708억 달러(-0.1%)를 기록하였으며, 2년 연속 700억 달러 이상의 호실적을 이어갔다."
A0006-C011,A0006-C011-m1,자동차 수출,무역,자동차,70800000000,달러,달러,currency,,,수준값,유지,현재값,KOSIS_VALUE,2024,2025-01-01,Y,전년,,3,394,,ALTERNATE,NOT_TOP_TABLE,후순위 통계표 후보,"자동차,수출액,수출",lexical,394.0,Y,,,,463,DT_FS463001_A056,자동차튜닝 관련 해외수출액,2022033,자동차튜닝산업실태조사,구분:자동차튜닝 기술 및 훈련 교육기업[01005]/item=N/score=18 | 구분:자동차튜닝 부품 및 내장품 등 판매업[01004]/item=N/score=18 | 구분:자동차튜닝 서비스 제공업[01003]/item=N/score=18 | 구분:자동차튜닝용 부품 제조업[01002]/item=N/score=18 | 구분:튜닝자동차 제조업[01001]/item=N/score=18,T009,평균,백만원,30,TUN,구분,01005,자동차튜닝 기술 및 훈련 교육기업,267,itm/obj 후보 선택,direct,,"자동차 수출은 하반기 주요 완성차·부품업계 파업 등에 따른 일부 생산 차질 영향으로 전년도와 보합세인 708억 달러(-0.1%)를 기록하였으며, 2년 연속 700억 달러 이상의 호실적을 이어갔다."
A0006-C011,A0006-C011-m1,자동차 수출,무역,자동차,70800000000,달러,달러,currency,,,수준값,유지,현재값,KOSIS_VALUE,2024,2025-01-01,Y,전년,,4,374,,ALTERNATE,NOT_TOP_TABLE,후순위 통계표 후보,"품목별,수출,생산,자동차",lexical,374.0,Y,,,,115,DT_115042_25_024,생산 품목별 수출 금액(합계),2025009,자동차부품산업실태조사,meta_index 없음 또는 코드명 매칭 없음,,,,,,,,,,meta 없음,,,"자동차 수출은 하반기 주요 완성차·부품업계 파업 등에 따른 일부 생산 차질 영향으로 전년도와 보합세인 708억 달러(-0.1%)를 기록하였으며, 2년 연속 700억 달러 이상의 호실적을 이어갔다."
A0006-C011,A0006-C011-m1,자동차 수출,무역,자동차,70800000000,달러,달러,currency,,,수준값,유지,현재값,KOSIS_VALUE,2024,2025-01-01,Y,전년,,5,358,,ALTERNATE,NOT_TOP_TABLE,후순위 통계표 후보,"자동차,수출",lexical,358.0,Y,,,,115,DT_115042_25_045,자동차 부품 수출계획 관련 애로사항,2025009,자동차부품산업실태조사,meta_index 없음 또는 코드명 매칭 없음,,,,,,,,,,meta 없음,,,"자동차 수출은 하반기 주요 완성차·부품업계 파업 등에 따른 일부 생산 차질 영향으로 전년도와 보합세인 708억 달러(-0.1%)를 기록하였으며, 2년 연속 700억 달러 이상의 호실적을 이어갔다."
A0006-C011,A0006-C011-m2,변화율,무역,자동차,0.1,%,%,rate,,,비중,유지,참고값,KOSIS_VALUE,2024,2025-01-01,Y,전년,,1,390,390,REVIEW,CODESET_REQUIRED,자동차 집계용 OBJ 코드셋이 필요함,"자동차,수출액,수출",lexical,390.0,Y,,,,463,DT_FS463001_A055,자동차튜닝 관련 매출액 중 해외수출액 비중,2022033,자동차튜닝산업실태조사,구분:자동차튜닝 기술 및 훈련 교육기업[01005]/item=N/score=18 | 구분:자동차튜닝 부품 및 내장품 등 판매업[01004]/item=N/score=18 | 구분:자동차튜닝 서비스 제공업[01003]/item=N/score=18 | 구분:자동차튜닝용 부품 제조업[01002]/item=N/score=18 | 구분:튜닝자동차 제조업[01001]/item=N/score=18,T003,10% 미만,%,30,TUN,구분,01005,자동차튜닝 기술 및 훈련 교육기업,237,itm/obj 후보 선택,direct,,"자동차 수출은 하반기 주요 완성차·부품업계 파업 등에 따른 일부 생산 차질 영향으로 전년도와 보합세인 708억 달러(-0.1%)를 기록하였으며, 2년 연속 700억 달러 이상의 호실적을 이어갔다."
A0006-C011,A0006-C011-m2,변화율,무역,자동차,0.1,%,%,rate,,,비중,유지,참고값,KOSIS_VALUE,2024,2025-01-01,Y,전년,,2,390,,ALTERNATE,NOT_TOP_TABLE,후순위 통계표 후보,"자동차,수출액,수출",lexical,390.0,Y,,,,463,DT_FS463001_A056,자동차튜닝 관련 해외수출액,2022033,자동차튜닝산업실태조사,구분:자동차튜닝 기술 및 훈련 교육기업[01005]/item=N/score=18 | 구분:자동차튜닝 부품 및 내장품 등 판매업[01004]/item=N/score=18 | 구분:자동차튜닝 서비스 제공업[01003]/item=N/score=18 | 구분:자동차튜닝용 부품 제조업[01002]/item=N/score=18 | 구분:튜닝자동차 제조업[01001]/item=N/score=18,T006,10억~30억 미만,%,30,TUN,구분,01005,자동차튜닝 기술 및 훈련 교육기업,237,itm/obj 후보 선택,direct,,"자동차 수출은 하반기 주요 완성차·부품업계 파업 등에 따른 일부 생산 차질 영향으로 전년도와 보합세인 708억 달러(-0.1%)를 기록하였으며, 2년 연속 700억 달러 이상의 호실적을 이어갔다."
A0006-C011,A0006-C011-m2,변화율,무역,자동차,0.1,%,%,rate,,,비중,유지,참고값,KOSIS_VALUE,2024,2025-01-01,Y,전년,,3,370,,ALTERNATE,NOT_TOP_TABLE,후순위 통계표 후보,"품목별,수출,생산,자동차",lexical,370.0,Y,,,,115,DT_115042_25_024,생산 품목별 수출 금액(합계),2025009,자동차부품산업실태조사,meta_index 없음 또는 코드명 매칭 없음,,,,,,,,,,meta 없음,,,"자동차 수출은 하반기 주요 완성차·부품업계 파업 등에 따른 일부 생산 차질 영향으로 전년도와 보합세인 708억 달러(-0.1%)를 기록하였으며, 2년 연속 700억 달러 이상의 호실적을 이어갔다."
A0006-C011,A0006-C011-m2,변화율,무역,자동차,0.1,%,%,rate,,,비중,유지,참고값,KOSIS_VALUE,2024,2025-01-01,Y,전년,,4,354,,ALTERNATE,NOT_TOP_TABLE,후순위 통계표 후보,"자동차,수출",lexical,354.0,Y,,,,115,DT_115042_25_045,자동차 부품 수출계획 관련 애로사항,2025009,자동차부품산업실태조사,meta_index 없음 또는 코드명 매칭 없음,,,,,,,,,,meta 없음,,,"자동차 수출은 하반기 주요 완성차·부품업계 파업 등에 따른 일부 생산 차질 영향으로 전년도와 보합세인 708억 달러(-0.1%)를 기록하였으며, 2년 연속 700억 달러 이상의 호실적을 이어갔다."
A0006-C011,A0006-C011-m2,변화율,무역,자동차,0.1,%,%,rate,,,비중,유지,참고값,KOSIS_VALUE,2024,2025-01-01,Y,전년,,5,354,,ALTERNATE,NOT_TOP_TABLE,후순위 통계표 후보,"자동차,수출",lexical,354.0,Y,,,,115,DT_115042_25_047,자동차 부품 신규 수출 및 확대 계획이 없는 이유_1+2순위,2025009,자동차부품산업실태조사,meta_index 없음 또는 코드명 매칭 없음,,,,,,,,,,meta 없음,,,"자동차 수출은 하반기 주요 완성차·부품업계 파업 등에 따른 일부 생산 차질 영향으로 전년도와 보합세인 708억 달러(-0.1%)를 기록하였으며, 2년 연속 700억 달러 이상의 호실적을 이어갔다."
A0006-C012,A0006-C012-m1,선박 수출 증감률,무역,선박,18,%,%,rate,,,증감률,증가,증감률,KOSIS_VALUE,2024,2025-01-01,Y,전년,,1,484,328,REJECT,NO_COMPATIBLE_ITEM,단위·지표 의미가 맞는 ITEM 없음,"품목별,수출액,수출,수입,무역",lexical,484.0,Y,,,,360,DT_1R11001_FRM101,"품목별 수출액, 수입액",1976045,SITC에의한무역통계,품목별:선박보트 및 부유구조물[13102112831A.793]/item=N/score=72 | 품목별:달리 명시되지 않은 유람 또는 운동용의  선박과 노를 젓는 보트 및 카누[13102112831A.79319]/item=N/score=42 | 품목별:순항선 유람선과 이와 유사한 선박(사람수  송용) 및 각종 페리보트[13102112831A.79328]/item=N/score=42 | 품목별:인플랫터블식의 선박(노를 젓는 보트 및  카누 포함)[13102112831A.79311]/item=N/score=42 | 품목별:기타 선박과 기타의물에 뜨는 구조물 (해체용의것에 한한다[13102112831A.79339]/item=N/score=30 | 품목별:기타(선박과 기타의 물에 뜨는 구조물(해체용) )[13102112831A.79330]/item=N/score=30 | 품목별:기타의 선박 [13102112831A.79329]/item=N/score=30 | 품목별:달리 명시되지 않은 조명선소방선준설선  기중기선 및 기타 선박 항해 이외의 특  [13102112831A.79359]/item=N/score=30,,,,,13101112831A,품목별,13102112831A.793,선박보트 및 부유구조물,307,itm/obj 후보 선택,,,"선박 수출은 2021년 높은 선가로 수주한 LNG 운반선, 대형 컨테이너선 등 고부가 선박이 본격 수출되면서 두 자릿수(18%) 증가한 256억 달러를 기록했다."
A0006-C012,A0006-C012-m1,선박 수출 증감률,무역,선박,18,%,%,rate,,,증감률,증가,증감률,KOSIS_VALUE,2024,2025-01-01,Y,전년,,2,328,,ALTERNATE,NOT_TOP_TABLE,후순위 통계표 후보,"선박,수출",lexical,328.0,Y,,,,146,DT_MLTM_5002627,"산업분류,기업규모,선박규모별 수출현황",2012057,원양어업통계조사,구분:선박규모[03]/item=N/score=12 | 항목:수출금액[13103125757T.0002]/item=Y/score=12 | 항목:수출량[13103125757T.0001]/item=Y/score=12,,,,,13101125757A,구분,03,선박규모,172,itm/obj 후보 선택,,,"선박 수출은 2021년 높은 선가로 수주한 LNG 운반선, 대형 컨테이너선 등 고부가 선박이 본격 수출되면서 두 자릿수(18%) 증가한 256억 달러를 기록했다."
A0006-C012,A0006-C012-m1,선박 수출 증감률,무역,선박,18,%,%,rate,,,증감률,증가,증감률,KOSIS_VALUE,2024,2025-01-01,Y,전년,,3,168,,ALTERNATE,NOT_TOP_TABLE,후순위 통계표 후보,"품목별,수출,수입,무역",lexical,168.0,Y,,,,134,DT_134006_N001,품목별 수입·수출현황,2017044,기업무역활동통계,품목별:선박 [A88]/item=N/score=30 | 품목별:가구 [A93]/item=N/score=18 | 품목별:가죽류 [A41]/item=N/score=18 | 품목별:가죽제품 [A42]/item=N/score=18 | 품목별:견직물[A50]/item=N/score=18 | 품목별:고무제품 [A40]/item=N/score=18 | 품목별:곡물 [A10]/item=N/score=18 | 품목별:곡물조제품[A19]/item=N/score=18,T005,교역액 진입률,%,30,A001,품목별,A88,선박 ,202,itm/obj 후보 선택,direct,,"선박 수출은 2021년 높은 선가로 수주한 LNG 운반선, 대형 컨테이너선 등 고부가 선박이 본격 수출되면서 두 자릿수(18%) 증가한 256억 달러를 기록했다."
A0006-C012,A0006-C012-m1,선박 수출 증감률,무역,선박,18,%,%,rate,,,증감률,증가,증감률,KOSIS_VALUE,2024,2025-01-01,Y,전년,,4,152,,ALTERNATE,NOT_TOP_TABLE,후순위 통계표 후보,"품목별,수출",lexical,152.0,Y,,,,434,DT_434_STBL_1028692,게임기기 품목별 수출입 실적,2016058,문화체육관광산업통계 > 수출입 실적 현황,meta_index 없음 또는 코드명 매칭 없음,,,,,,,,,,meta 없음,,,"선박 수출은 2021년 높은 선가로 수주한 LNG 운반선, 대형 컨테이너선 등 고부가 선박이 본격 수출되면서 두 자릿수(18%) 증가한 256억 달러를 기록했다."
A0006-C012,A0006-C012-m1,선박 수출 증감률,무역,선박,18,%,%,rate,,,증감률,증가,증감률,KOSIS_VALUE,2024,2025-01-01,Y,전년,,5,152,,ALTERNATE,NOT_TOP_TABLE,후순위 통계표 후보,"품목별,수출",lexical,152.0,Y,,,,434,DT_434_STBL_1028682,공예품 품목별 수출입 실적,2016058,문화체육관광산업통계 > 수출입 실적 현황,meta_index 없음 또는 코드명 매칭 없음,,,,,,,,,,meta 없음,,,"선박 수출은 2021년 높은 선가로 수주한 LNG 운반선, 대형 컨테이너선 등 고부가 선박이 본격 수출되면서 두 자릿수(18%) 증가한 256억 달러를 기록했다."
A0006-C012,A0006-C012-m2,선박 수출,무역,선박,25600000000,달러,달러,currency,,,수준값,증가,현재값,KOSIS_VALUE,2024,2025-01-01,Y,전년,,1,484,328,REVIEW,CODESET_REQUIRED,선박 집계용 OBJ 코드셋이 필요함,"품목별,수출액,수출,수입,무역",lexical,484.0,Y,,,,360,DT_1R11001_FRM101,"품목별 수출액, 수입액",1976045,SITC에의한무역통계,품목별:선박보트 및 부유구조물[13102112831A.793]/item=N/score=72 | 품목별:달리 명시되지 않은 유람 또는 운동용의  선박과 노를 젓는 보트 및 카누[13102112831A.79319]/item=N/score=42 | 품목별:순항선 유람선과 이와 유사한 선박(사람수  송용) 및 각종 페리보트[13102112831A.79328]/item=N/score=42 | 품목별:인플랫터블식의 선박(노를 젓는 보트 및  카누 포함)[13102112831A.79311]/item=N/score=42 | 품목별:기타 선박과 기타의물에 뜨는 구조물 (해체용의것에 한한다[13102112831A.79339]/item=N/score=30 | 품목별:기타(선박과 기타의 물에 뜨는 구조물(해체용) )[13102112831A.79330]/item=N/score=30 | 품목별:기타의 선박 [13102112831A.79329]/item=N/score=30 | 품목별:달리 명시되지 않은 조명선소방선준설선  기중기선 및 기타 선박 항해 이외의 특  [13102112831A.79359]/item=N/score=30,13103112831T1,수출액,천달러,150,13101112831A,품목별,13102112831A.793,선박보트 및 부유구조물,307,itm/obj 후보 선택,direct,,"선박 수출은 2021년 높은 선가로 수주한 LNG 운반선, 대형 컨테이너선 등 고부가 선박이 본격 수출되면서 두 자릿수(18%) 증가한 256억 달러를 기록했다."
A0006-C012,A0006-C012-m2,선박 수출,무역,선박,25600000000,달러,달러,currency,,,수준값,증가,현재값,KOSIS_VALUE,2024,2025-01-01,Y,전년,,2,328,,ALTERNATE,NOT_TOP_TABLE,후순위 통계표 후보,"선박,수출",lexical,328.0,Y,,,,146,DT_MLTM_5002627,"산업분류,기업규모,선박규모별 수출현황",2012057,원양어업통계조사,구분:선박규모[03]/item=N/score=12 | 항목:수출금액[13103125757T.0002]/item=Y/score=12 | 항목:수출량[13103125757T.0001]/item=Y/score=12,13103125757T.0002,수출금액,백만원,120,13101125757A,구분,03,선박규모,172,itm/obj 후보 선택,direct,,"선박 수출은 2021년 높은 선가로 수주한 LNG 운반선, 대형 컨테이너선 등 고부가 선박이 본격 수출되면서 두 자릿수(18%) 증가한 256억 달러를 기록했다."
A0006-C012,A0006-C012-m2,선박 수출,무역,선박,25600000000,달러,달러,currency,,,수준값,증가,현재값,KOSIS_VALUE,2024,2025-01-01,Y,전년,,3,168,,ALTERNATE,NOT_TOP_TABLE,후순위 통계표 후보,"품목별,수출,수입,무역",lexical,168.0,Y,,,,134,DT_134006_N001,품목별 수입·수출현황,2017044,기업무역활동통계,품목별:선박 [A88]/item=N/score=30 | 품목별:가구 [A93]/item=N/score=18 | 품목별:가죽류 [A41]/item=N/score=18 | 품목별:가죽제품 [A42]/item=N/score=18 | 품목별:견직물[A50]/item=N/score=18 | 품목별:고무제품 [A40]/item=N/score=18 | 품목별:곡물 [A10]/item=N/score=18 | 품목별:곡물조제품[A19]/item=N/score=18,T002,교역액,백만달러,30,A001,품목별,A88,선박 ,202,itm/obj 후보 선택,direct,,"선박 수출은 2021년 높은 선가로 수주한 LNG 운반선, 대형 컨테이너선 등 고부가 선박이 본격 수출되면서 두 자릿수(18%) 증가한 256억 달러를 기록했다."
A0006-C012,A0006-C012-m2,선박 수출,무역,선박,25600000000,달러,달러,currency,,,수준값,증가,현재값,KOSIS_VALUE,2024,2025-01-01,Y,전년,,4,152,,ALTERNATE,NOT_TOP_TABLE,후순위 통계표 후보,"품목별,수출",lexical,152.0,Y,,,,434,DT_434_STBL_1028692,게임기기 품목별 수출입 실적,2016058,문화체육관광산업통계 > 수출입 실적 현황,meta_index 없음 또는 코드명 매칭 없음,,,,,,,,,,meta 없음,,,"선박 수출은 2021년 높은 선가로 수주한 LNG 운반선, 대형 컨테이너선 등 고부가 선박이 본격 수출되면서 두 자릿수(18%) 증가한 256억 달러를 기록했다."
A0006-C012,A0006-C012-m2,선박 수출,무역,선박,25600000000,달러,달러,currency,,,수준값,증가,현재값,KOSIS_VALUE,2024,2025-01-01,Y,전년,,5,152,,ALTERNATE,NOT_TOP_TABLE,후순위 통계표 후보,"품목별,수출",lexical,152.0,Y,,,,434,DT_434_STBL_1028682,공예품 품목별 수출입 실적,2016058,문화체육관광산업통계 > 수출입 실적 현황,meta_index 없음 또는 코드명 매칭 없음,,,,,,,,,,meta 없음,,,"선박 수출은 2021년 높은 선가로 수주한 LNG 운반선, 대형 컨테이너선 등 고부가 선박이 본격 수출되면서 두 자릿수(18%) 증가한 256억 달러를 기록했다."
A0006-C013,A0006-C013-m1,석유화학 수출,무역,석유화학,48000000000,달러,달러,currency,,,수준값,증가,현재값,KOSIS_VALUE,2024,2025-01-01,Y,전년,,1,484,168,REVIEW,CODESET_REQUIRED,석유화학 집계용 OBJ 코드셋이 필요함,"품목별,수출액,수출,수입,무역",lexical,484.0,Y,,,,360,DT_1R11001_FRM101,"품목별 수출액, 수입액",1976045,SITC에의한무역통계,품목별:기타 화학제품 및 조제품 [13102112831A.59899]/item=N/score=54 | 품목별:나무 및 수지에서 생산된 화학제품[13102112831A.5981]/item=N/score=54 | 품목별:달리 명시되지 않은 무기화학제품[13102112831A.5249]/item=N/score=54 | 품목별:달리 명시되지 않은 유기화학제품[13102112831A.5986]/item=N/score=54 | 품목별:달리 명시되지 않은 화학제품 및 조제품[13102112831A.5989]/item=N/score=54 | 품목별:기타 석유가스 및 달리 명시되지 않은 기타 가스성 탄화수소[13102112831A.344]/item=N/score=38 | 품목별:석유와 역청유 (원유를 제외) 및 석유와 역청유가 70% 이상의 중량을 차지하며 기초 구성물이 되는 그외 별도의 표시가 없는 조제품 (폐오일 제외)[13102112831A.3346]/item=N/score=38 | 품목별:석탄가스수성가스발생로가스 기타       이와 유사한 가스(석유가스 및 기타        [13102112831A.3450]/item=N/score=38,13103112831T1,수출액,천달러,150,13101112831A,품목별,13102112831A.59899,기타 화학제품 및 조제품 ,242,itm/obj 후보 선택,direct,,"석유화학 수출은 480억 달러로, 하반기 유가 하락에 따른 수출단가 하락에도 불구하고 수출물량이 확대되면서 5% 증가했다."
A0006-C013,A0006-C013-m1,석유화학 수출,무역,석유화학,48000000000,달러,달러,currency,,,수준값,증가,현재값,KOSIS_VALUE,2024,2025-01-01,Y,전년,,2,168,,ALTERNATE,NOT_TOP_TABLE,후순위 통계표 후보,"품목별,수출,수입,무역",lexical,168.0,Y,,,,134,DT_134006_N001,품목별 수입·수출현황,2017044,기업무역활동통계,품목별:석유·석탄 [A27]/item=N/score=30 | 품목별:화학공업품 [A38]/item=N/score=30 | 품목별:가구 [A93]/item=N/score=18 | 품목별:가죽류 [A41]/item=N/score=18 | 품목별:가죽제품 [A42]/item=N/score=18 | 품목별:견직물[A50]/item=N/score=18 | 품목별:고무제품 [A40]/item=N/score=18 | 품목별:곡물 [A10]/item=N/score=18,T002,교역액,백만달러,30,A001,품목별,A27,석유·석탄 ,62,itm/obj 후보 선택,direct,,"석유화학 수출은 480억 달러로, 하반기 유가 하락에 따른 수출단가 하락에도 불구하고 수출물량이 확대되면서 5% 증가했다."
A0006-C013,A0006-C013-m1,석유화학 수출,무역,석유화학,48000000000,달러,달러,currency,,,수준값,증가,현재값,KOSIS_VALUE,2024,2025-01-01,Y,전년,,3,154,,ALTERNATE,NOT_TOP_TABLE,후순위 통계표 후보,"화학제품,석유,화학,석유화학,품목별,수출",lexical,154.0,Y,,,,360,TX_36005_A016,석유화학제품 EBSI 전망(2003 1/4~ 2009 1/4),2002013,수출산업경기전망조사 > 품목별 수출경기 EBSI > 2003년 1/4분기 ~ 2009년 1/4분기,meta_index 없음 또는 코드명 매칭 없음,,,,,,,,,,meta 없음,,,"석유화학 수출은 480억 달러로, 하반기 유가 하락에 따른 수출단가 하락에도 불구하고 수출물량이 확대되면서 5% 증가했다."
A0006-C013,A0006-C013-m1,석유화학 수출,무역,석유화학,48000000000,달러,달러,currency,,,수준값,증가,현재값,KOSIS_VALUE,2024,2025-01-01,Y,전년,,4,152,,ALTERNATE,NOT_TOP_TABLE,후순위 통계표 후보,"품목별,수출",lexical,152.0,Y,,,,434,DT_434_STBL_1028692,게임기기 품목별 수출입 실적,2016058,문화체육관광산업통계 > 수출입 실적 현황,meta_index 없음 또는 코드명 매칭 없음,,,,,,,,,,meta 없음,,,"석유화학 수출은 480억 달러로, 하반기 유가 하락에 따른 수출단가 하락에도 불구하고 수출물량이 확대되면서 5% 증가했다."
A0006-C013,A0006-C013-m1,석유화학 수출,무역,석유화학,48000000000,달러,달러,currency,,,수준값,증가,현재값,KOSIS_VALUE,2024,2025-01-01,Y,전년,,5,152,,ALTERNATE,NOT_TOP_TABLE,후순위 통계표 후보,"품목별,수출",lexical,152.0,Y,,,,434,DT_434_STBL_1028682,공예품 품목별 수출입 실적,2016058,문화체육관광산업통계 > 수출입 실적 현황,meta_index 없음 또는 코드명 매칭 없음,,,,,,,,,,meta 없음,,,"석유화학 수출은 480억 달러로, 하반기 유가 하락에 따른 수출단가 하락에도 불구하고 수출물량이 확대되면서 5% 증가했다."
A0006-C013,A0006-C013-m2,석유화학 수출 증감률,무역,석유화학,5,%,%,rate,,,증감률,증가,증감률,KOSIS_VALUE,2024,2025-01-01,Y,전년,,1,484,168,REJECT,NO_COMPATIBLE_ITEM,단위·지표 의미가 맞는 ITEM 없음,"품목별,수출액,수출,수입,무역",lexical,484.0,Y,,,,360,DT_1R11001_FRM101,"품목별 수출액, 수입액",1976045,SITC에의한무역통계,품목별:기타 화학제품 및 조제품 [13102112831A.59899]/item=N/score=54 | 품목별:나무 및 수지에서 생산된 화학제품[13102112831A.5981]/item=N/score=54 | 품목별:달리 명시되지 않은 무기화학제품[13102112831A.5249]/item=N/score=54 | 품목별:달리 명시되지 않은 유기화학제품[13102112831A.5986]/item=N/score=54 | 품목별:달리 명시되지 않은 화학제품 및 조제품[13102112831A.5989]/item=N/score=54 | 품목별:기타 석유가스 및 달리 명시되지 않은 기타 가스성 탄화수소[13102112831A.344]/item=N/score=38 | 품목별:석유와 역청유 (원유를 제외) 및 석유와 역청유가 70% 이상의 중량을 차지하며 기초 구성물이 되는 그외 별도의 표시가 없는 조제품 (폐오일 제외)[13102112831A.3346]/item=N/score=38 | 품목별:석탄가스수성가스발생로가스 기타       이와 유사한 가스(석유가스 및 기타        [13102112831A.3450]/item=N/score=38,,,,,13101112831A,품목별,13102112831A.59899,기타 화학제품 및 조제품 ,242,itm/obj 후보 선택,,,"석유화학 수출은 480억 달러로, 하반기 유가 하락에 따른 수출단가 하락에도 불구하고 수출물량이 확대되면서 5% 증가했다."
A0006-C013,A0006-C013-m2,석유화학 수출 증감률,무역,석유화학,5,%,%,rate,,,증감률,증가,증감률,KOSIS_VALUE,2024,2025-01-01,Y,전년,,2,168,,ALTERNATE,NOT_TOP_TABLE,후순위 통계표 후보,"품목별,수출,수입,무역",lexical,168.0,Y,,,,134,DT_134006_N001,품목별 수입·수출현황,2017044,기업무역활동통계,품목별:석유·석탄 [A27]/item=N/score=30 | 품목별:화학공업품 [A38]/item=N/score=30 | 품목별:가구 [A93]/item=N/score=18 | 품목별:가죽류 [A41]/item=N/score=18 | 품목별:가죽제품 [A42]/item=N/score=18 | 품목별:견직물[A50]/item=N/score=18 | 품목별:고무제품 [A40]/item=N/score=18 | 품목별:곡물 [A10]/item=N/score=18,T005,교역액 진입률,%,30,A001,품목별,A27,석유·석탄 ,62,itm/obj 후보 선택,direct,,"석유화학 수출은 480억 달러로, 하반기 유가 하락에 따른 수출단가 하락에도 불구하고 수출물량이 확대되면서 5% 증가했다."
A0006-C013,A0006-C013-m2,석유화학 수출 증감률,무역,석유화학,5,%,%,rate,,,증감률,증가,증감률,KOSIS_VALUE,2024,2025-01-01,Y,전년,,3,154,,ALTERNATE,NOT_TOP_TABLE,후순위 통계표 후보,"화학제품,석유,화학,석유화학,품목별,수출",lexical,154.0,Y,,,,360,TX_36005_A016,석유화학제품 EBSI 전망(2003 1/4~ 2009 1/4),2002013,수출산업경기전망조사 > 품목별 수출경기 EBSI > 2003년 1/4분기 ~ 2009년 1/4분기,meta_index 없음 또는 코드명 매칭 없음,,,,,,,,,,meta 없음,,,"석유화학 수출은 480억 달러로, 하반기 유가 하락에 따른 수출단가 하락에도 불구하고 수출물량이 확대되면서 5% 증가했다."
A0006-C013,A0006-C013-m2,석유화학 수출 증감률,무역,석유화학,5,%,%,rate,,,증감률,증가,증감률,KOSIS_VALUE,2024,2025-01-01,Y,전년,,4,152,,ALTERNATE,NOT_TOP_TABLE,후순위 통계표 후보,"품목별,수출",lexical,152.0,Y,,,,434,DT_434_STBL_1028692,게임기기 품목별 수출입 실적,2016058,문화체육관광산업통계 > 수출입 실적 현황,meta_index 없음 또는 코드명 매칭 없음,,,,,,,,,,meta 없음,,,"석유화학 수출은 480억 달러로, 하반기 유가 하락에 따른 수출단가 하락에도 불구하고 수출물량이 확대되면서 5% 증가했다."
A0006-C013,A0006-C013-m2,석유화학 수출 증감률,무역,석유화학,5,%,%,rate,,,증감률,증가,증감률,KOSIS_VALUE,2024,2025-01-01,Y,전년,,5,152,,ALTERNATE,NOT_TOP_TABLE,후순위 통계표 후보,"품목별,수출",lexical,152.0,Y,,,,434,DT_434_STBL_1028682,공예품 품목별 수출입 실적,2016058,문화체육관광산업통계 > 수출입 실적 현황,meta_index 없음 또는 코드명 매칭 없음,,,,,,,,,,meta 없음,,,"석유화학 수출은 480억 달러로, 하반기 유가 하락에 따른 수출단가 하락에도 불구하고 수출물량이 확대되면서 5% 증가했다."
A0006-C014,A0006-C014-m1,바이오헬스 수출 증감률,무역,바이오헬스,13.1,%,%,rate,,,증감률,증가,증감률,KOSIS_VALUE,2024,2025-01-01,Y,전년,,1,484,388,REJECT,NO_COMPATIBLE_ITEM,단위·지표 의미가 맞는 ITEM 없음,"품목별,수출액,수출,수입,무역",lexical,484.0,Y,,,,360,DT_1R11001_FRM101,"품목별 수출액, 수입액",1976045,SITC에의한무역통계,품목별:탈모제 향수 화장품이나 달리 명시되지  않은 화장용품[13102112831A.55359]/item=N/score=72 | 품목별:향수 및 화장품화장용품(비누제외)[13102112831A.553]/item=N/score=72 | 품목별:기타(의료용품의약품 제외)[13102112831A.54190]/item=N/score=60 | 품목별:의료용품의약품 제외[13102112831A.5419]/item=N/score=60 | 품목별:기타(미용 또는 메이크업용 제품류와 기초 화장  품제품류(의약품을 제외하며  선 스크린  )[13102112831A.55320]/item=N/score=54 | 품목별:미용 또는 메이크업용 제품류와 기초 화장  품제품류(의약품을 제외하며  선 스크린  [13102112831A.5532]/item=N/score=54 | 품목별:기타 가정용품 또는 화장용품 [13102112831A.66612]/item=N/score=42 | 품목별:기타 의료용품 [13102112831A.54199]/item=N/score=42,,,,,13101112831A,품목별,13102112831A.54190,기타(의료용품의약품 제외),257,itm/obj 후보 선택,,,"바이오헬스 수출은 바이오시밀러 등 의약품을 중심으로 전년 대비 13.1% 증가한 151억 달러를 기록했으며, 전 세계적으로 K푸드, K뷰티 선호가 확대되면서 농수산식품 수출은 117억 달러(7.6%), 화장품 수출(102억 달러, +20.6%)은 처음으로 100억 달러를 돌파하면서 역대 최대 수출실적을 경신했다."
A0006-C014,A0006-C014-m1,바이오헬스 수출 증감률,무역,바이오헬스,13.1,%,%,rate,,,증감률,증가,증감률,KOSIS_VALUE,2024,2025-01-01,Y,전년,,2,388,,ALTERNATE,NOT_TOP_TABLE,후순위 통계표 후보,"수출액,수출,바이오,바이오헬스",lexical,388.0,Y,,,,358,DT_358004_027,수출액 및 해외 매출액 감소 주요 요인_1+2 순위,2021024,바이오헬스산업실태조사,산업별:바이오헬스산업[B01]/item=N/score=48 | 산업별:제약(의약품)[B02]/item=N/score=18 | 산업별:화장품[B04]/item=N/score=18 | 감소요인별:수출 관련 현지 규제 변화 등 정치·사회적 요인[A12]/item=N/score=12 | 산업별:건강기능식품[B05]/item=N/score=12,T002,비중,%,30,B,산업별,B01,바이오헬스산업,217,itm/obj 후보 선택,direct,,"바이오헬스 수출은 바이오시밀러 등 의약품을 중심으로 전년 대비 13.1% 증가한 151억 달러를 기록했으며, 전 세계적으로 K푸드, K뷰티 선호가 확대되면서 농수산식품 수출은 117억 달러(7.6%), 화장품 수출(102억 달러, +20.6%)은 처음으로 100억 달러를 돌파하면서 역대 최대 수출실적을 경신했다."
A0006-C014,A0006-C014-m1,바이오헬스 수출 증감률,무역,바이오헬스,13.1,%,%,rate,,,증감률,증가,증감률,KOSIS_VALUE,2024,2025-01-01,Y,전년,,3,388,,ALTERNATE,NOT_TOP_TABLE,후순위 통계표 후보,"수출액,수출,바이오,바이오헬스",lexical,388.0,Y,,,,358,DT_358004_026,수출액 및 해외 매출액 감소 주요 요인_1순위,2021024,바이오헬스산업실태조사,meta_index 없음 또는 코드명 매칭 없음,,,,,,,,,,meta 없음,,,"바이오헬스 수출은 바이오시밀러 등 의약품을 중심으로 전년 대비 13.1% 증가한 151억 달러를 기록했으며, 전 세계적으로 K푸드, K뷰티 선호가 확대되면서 농수산식품 수출은 117억 달러(7.6%), 화장품 수출(102억 달러, +20.6%)은 처음으로 100억 달러를 돌파하면서 역대 최대 수출실적을 경신했다."
A0006-C014,A0006-C014-m1,바이오헬스 수출 증감률,무역,바이오헬스,13.1,%,%,rate,,,증감률,증가,증감률,KOSIS_VALUE,2024,2025-01-01,Y,전년,,4,388,,ALTERNATE,NOT_TOP_TABLE,후순위 통계표 후보,"수출액,수출,바이오,바이오헬스",lexical,388.0,Y,,,,358,DT_358004_025,수출액 및 해외 매출액 증가 주요 요인_1+2 순위,2021024,바이오헬스산업실태조사,meta_index 없음 또는 코드명 매칭 없음,,,,,,,,,,meta 없음,,,"바이오헬스 수출은 바이오시밀러 등 의약품을 중심으로 전년 대비 13.1% 증가한 151억 달러를 기록했으며, 전 세계적으로 K푸드, K뷰티 선호가 확대되면서 농수산식품 수출은 117억 달러(7.6%), 화장품 수출(102억 달러, +20.6%)은 처음으로 100억 달러를 돌파하면서 역대 최대 수출실적을 경신했다."
A0006-C014,A0006-C014-m1,바이오헬스 수출 증감률,무역,바이오헬스,13.1,%,%,rate,,,증감률,증가,증감률,KOSIS_VALUE,2024,2025-01-01,Y,전년,,5,388,,ALTERNATE,NOT_TOP_TABLE,후순위 통계표 후보,"수출액,수출,바이오,바이오헬스",lexical,388.0,Y,,,,358,DT_358004_024,수출액 및 해외 매출액 증가 주요 요인_1순위,2021024,바이오헬스산업실태조사,meta_index 없음 또는 코드명 매칭 없음,,,,,,,,,,meta 없음,,,"바이오헬스 수출은 바이오시밀러 등 의약품을 중심으로 전년 대비 13.1% 증가한 151억 달러를 기록했으며, 전 세계적으로 K푸드, K뷰티 선호가 확대되면서 농수산식품 수출은 117억 달러(7.6%), 화장품 수출(102억 달러, +20.6%)은 처음으로 100억 달러를 돌파하면서 역대 최대 수출실적을 경신했다."
A0006-C014,A0006-C014-m2,바이오헬스 수출액,무역,바이오헬스,15100000000,달러,달러,currency,,,수준값,증가,현재값,KOSIS_VALUE,2024,2025-01-01,Y,전년,,1,480,384,REVIEW,CODESET_REQUIRED,바이오헬스 집계용 OBJ 코드셋이 필요함,"수출액,품목별,수출,수입,무역",lexical,480.0,Y,,,,360,DT_1R11001_FRM101,"품목별 수출액, 수입액",1976045,SITC에의한무역통계,품목별:탈모제 향수 화장품이나 달리 명시되지  않은 화장용품[13102112831A.55359]/item=N/score=72 | 품목별:향수 및 화장품화장용품(비누제외)[13102112831A.553]/item=N/score=72 | 품목별:기타(의료용품의약품 제외)[13102112831A.54190]/item=N/score=60 | 품목별:의료용품의약품 제외[13102112831A.5419]/item=N/score=60 | 품목별:기타(미용 또는 메이크업용 제품류와 기초 화장  품제품류(의약품을 제외하며  선 스크린  )[13102112831A.55320]/item=N/score=54 | 품목별:미용 또는 메이크업용 제품류와 기초 화장  품제품류(의약품을 제외하며  선 스크린  [13102112831A.5532]/item=N/score=54 | 품목별:기타 가정용품 또는 화장용품 [13102112831A.66612]/item=N/score=42 | 품목별:기타 의료용품 [13102112831A.54199]/item=N/score=42,13103112831T1,수출액,천달러,140,13101112831A,품목별,13102112831A.54190,기타(의료용품의약품 제외),242,itm/obj 후보 선택,direct,,"바이오헬스 수출은 바이오시밀러 등 의약품을 중심으로 전년 대비 13.1% 증가한 151억 달러를 기록했으며, 전 세계적으로 K푸드, K뷰티 선호가 확대되면서 농수산식품 수출은 117억 달러(7.6%), 화장품 수출(102억 달러, +20.6%)은 처음으로 100억 달러를 돌파하면서 역대 최대 수출실적을 경신했다."
A0006-C014,A0006-C014-m2,바이오헬스 수출액,무역,바이오헬스,15100000000,달러,달러,currency,,,수준값,증가,현재값,KOSIS_VALUE,2024,2025-01-01,Y,전년,,2,384,,ALTERNATE,NOT_TOP_TABLE,후순위 통계표 후보,"수출액,수출,바이오,바이오헬스",lexical,384.0,Y,,,,358,DT_358004_027,수출액 및 해외 매출액 감소 주요 요인_1+2 순위,2021024,바이오헬스산업실태조사,산업별:바이오헬스산업[B01]/item=N/score=48 | 산업별:제약(의약품)[B02]/item=N/score=18 | 산업별:화장품[B04]/item=N/score=18 | 산업별:건강기능식품[B05]/item=N/score=12 | 감소요인별:수출 관련 현지 규제 변화 등 정치·사회적 요인[A12]/item=N/score=10,,,,,B,산업별,B01,바이오헬스산업,217,itm/obj 후보 선택,,,"바이오헬스 수출은 바이오시밀러 등 의약품을 중심으로 전년 대비 13.1% 증가한 151억 달러를 기록했으며, 전 세계적으로 K푸드, K뷰티 선호가 확대되면서 농수산식품 수출은 117억 달러(7.6%), 화장품 수출(102억 달러, +20.6%)은 처음으로 100억 달러를 돌파하면서 역대 최대 수출실적을 경신했다."
A0006-C014,A0006-C014-m2,바이오헬스 수출액,무역,바이오헬스,15100000000,달러,달러,currency,,,수준값,증가,현재값,KOSIS_VALUE,2024,2025-01-01,Y,전년,,3,384,,ALTERNATE,NOT_TOP_TABLE,후순위 통계표 후보,"수출액,수출,바이오,바이오헬스",lexical,384.0,Y,,,,358,DT_358004_026,수출액 및 해외 매출액 감소 주요 요인_1순위,2021024,바이오헬스산업실태조사,meta_index 없음 또는 코드명 매칭 없음,,,,,,,,,,meta 없음,,,"바이오헬스 수출은 바이오시밀러 등 의약품을 중심으로 전년 대비 13.1% 증가한 151억 달러를 기록했으며, 전 세계적으로 K푸드, K뷰티 선호가 확대되면서 농수산식품 수출은 117억 달러(7.6%), 화장품 수출(102억 달러, +20.6%)은 처음으로 100억 달러를 돌파하면서 역대 최대 수출실적을 경신했다."
A0006-C014,A0006-C014-m2,바이오헬스 수출액,무역,바이오헬스,15100000000,달러,달러,currency,,,수준값,증가,현재값,KOSIS_VALUE,2024,2025-01-01,Y,전년,,4,384,,ALTERNATE,NOT_TOP_TABLE,후순위 통계표 후보,"수출액,수출,바이오,바이오헬스",lexical,384.0,Y,,,,358,DT_358004_025,수출액 및 해외 매출액 증가 주요 요인_1+2 순위,2021024,바이오헬스산업실태조사,meta_index 없음 또는 코드명 매칭 없음,,,,,,,,,,meta 없음,,,"바이오헬스 수출은 바이오시밀러 등 의약품을 중심으로 전년 대비 13.1% 증가한 151억 달러를 기록했으며, 전 세계적으로 K푸드, K뷰티 선호가 확대되면서 농수산식품 수출은 117억 달러(7.6%), 화장품 수출(102억 달러, +20.6%)은 처음으로 100억 달러를 돌파하면서 역대 최대 수출실적을 경신했다."
A0006-C014,A0006-C014-m2,바이오헬스 수출액,무역,바이오헬스,15100000000,달러,달러,currency,,,수준값,증가,현재값,KOSIS_VALUE,2024,2025-01-01,Y,전년,,5,384,,ALTERNATE,NOT_TOP_TABLE,후순위 통계표 후보,"수출액,수출,바이오,바이오헬스",lexical,384.0,Y,,,,358,DT_358004_024,수출액 및 해외 매출액 증가 주요 요인_1순위,2021024,바이오헬스산업실태조사,meta_index 없음 또는 코드명 매칭 없음,,,,,,,,,,meta 없음,,,"바이오헬스 수출은 바이오시밀러 등 의약품을 중심으로 전년 대비 13.1% 증가한 151억 달러를 기록했으며, 전 세계적으로 K푸드, K뷰티 선호가 확대되면서 농수산식품 수출은 117억 달러(7.6%), 화장품 수출(102억 달러, +20.6%)은 처음으로 100억 달러를 돌파하면서 역대 최대 수출실적을 경신했다."
A0006-C014,A0006-C014-m3,농수산식품 수출 증감률,무역,농수산식품,7.6,%,%,rate,,,증감률,증가,증감률,KOSIS_VALUE,2024,2025-01-01,Y,전년,,1,484,328,REJECT,NO_COMPATIBLE_ITEM,단위·지표 의미가 맞는 ITEM 없음,"품목별,수출액,수출,수입,무역",lexical,484.0,Y,,,,360,DT_1R11001_FRM101,"품목별 수출액, 수입액",1976045,SITC에의한무역통계,품목별:탈모제 향수 화장품이나 달리 명시되지  않은 화장용품[13102112831A.55359]/item=N/score=72 | 품목별:향수 및 화장품화장용품(비누제외)[13102112831A.553]/item=N/score=72 | 품목별:기타(의료용품의약품 제외)[13102112831A.54190]/item=N/score=60 | 품목별:의료용품의약품 제외[13102112831A.5419]/item=N/score=60 | 품목별:기타(미용 또는 메이크업용 제품류와 기초 화장  품제품류(의약품을 제외하며  선 스크린  )[13102112831A.55320]/item=N/score=54 | 품목별:미용 또는 메이크업용 제품류와 기초 화장  품제품류(의약품을 제외하며  선 스크린  [13102112831A.5532]/item=N/score=54 | 품목별:기타 가정용품 또는 화장용품 [13102112831A.66612]/item=N/score=42 | 품목별:기타 의료용품 [13102112831A.54199]/item=N/score=42,,,,,13101112831A,품목별,13102112831A.74184,건조기(농산물용의 것) ,197,itm/obj 후보 선택,,,"바이오헬스 수출은 바이오시밀러 등 의약품을 중심으로 전년 대비 13.1% 증가한 151억 달러를 기록했으며, 전 세계적으로 K푸드, K뷰티 선호가 확대되면서 농수산식품 수출은 117억 달러(7.6%), 화장품 수출(102억 달러, +20.6%)은 처음으로 100억 달러를 돌파하면서 역대 최대 수출실적을 경신했다."
A0006-C014,A0006-C014-m3,농수산식품 수출 증감률,무역,농수산식품,7.6,%,%,rate,,,증감률,증가,증감률,KOSIS_VALUE,2024,2025-01-01,Y,전년,,2,328,,ALTERNATE,NOT_TOP_TABLE,후순위 통계표 후보,"품목별,수출액,수출,식품",lexical,328.0,Y,,,,466,DT_446001_A027,쌀가루 생산판매 현황 : 품목별 수출액 - 총계,2024007,쌀가공식품제조업실태조사 > 쌀가공식품제조업,사업체특성별:주 생산 품목별(소분류)[A02]/item=N/score=18,,,,,A,사업체특성별,A02,주 생산 품목별(소분류),32,itm/obj 후보 선택,,,"바이오헬스 수출은 바이오시밀러 등 의약품을 중심으로 전년 대비 13.1% 증가한 151억 달러를 기록했으며, 전 세계적으로 K푸드, K뷰티 선호가 확대되면서 농수산식품 수출은 117억 달러(7.6%), 화장품 수출(102억 달러, +20.6%)은 처음으로 100억 달러를 돌파하면서 역대 최대 수출실적을 경신했다."
A0006-C014,A0006-C014-m3,농수산식품 수출 증감률,무역,농수산식품,7.6,%,%,rate,,,증감률,증가,증감률,KOSIS_VALUE,2024,2025-01-01,Y,전년,,3,318,,ALTERNATE,NOT_TOP_TABLE,후순위 통계표 후보,"식품,품목별,수입",lexical,318.0,Y,,,,145,TX_145_2009_H1026,가공식품 국가 및 품목별(중량순),2006066,수입식품현황 > 수입식품등 국가 및 품목별 검사현황,meta_index 없음 또는 코드명 매칭 없음,,,,,,,,,,meta 없음,,,"바이오헬스 수출은 바이오시밀러 등 의약품을 중심으로 전년 대비 13.1% 증가한 151억 달러를 기록했으며, 전 세계적으로 K푸드, K뷰티 선호가 확대되면서 농수산식품 수출은 117억 달러(7.6%), 화장품 수출(102억 달러, +20.6%)은 처음으로 100억 달러를 돌파하면서 역대 최대 수출실적을 경신했다."
A0006-C014,A0006-C014-m3,농수산식품 수출 증감률,무역,농수산식품,7.6,%,%,rate,,,증감률,증가,증감률,KOSIS_VALUE,2024,2025-01-01,Y,전년,,4,318,,ALTERNATE,NOT_TOP_TABLE,후순위 통계표 후보,"식품,품목별,수입",lexical,318.0,Y,,,,145,TX_145_2009_H1028,식품첨가물 국가 및 품목별(중량순),2006066,수입식품현황 > 수입식품등 국가 및 품목별 검사현황,meta_index 없음 또는 코드명 매칭 없음,,,,,,,,,,meta 없음,,,"바이오헬스 수출은 바이오시밀러 등 의약품을 중심으로 전년 대비 13.1% 증가한 151억 달러를 기록했으며, 전 세계적으로 K푸드, K뷰티 선호가 확대되면서 농수산식품 수출은 117억 달러(7.6%), 화장품 수출(102억 달러, +20.6%)은 처음으로 100억 달러를 돌파하면서 역대 최대 수출실적을 경신했다."
A0006-C014,A0006-C014-m3,농수산식품 수출 증감률,무역,농수산식품,7.6,%,%,rate,,,증감률,증가,증감률,KOSIS_VALUE,2024,2025-01-01,Y,전년,,5,294,,ALTERNATE,NOT_TOP_TABLE,후순위 통계표 후보,"식품,국가별,품목별,수입",lexical,294.0,Y,,,,145,TX_145_2009_H1021,가공식품 품목 및 국가별(중량순),2006066,수입식품현황 > 수입식품등 국가 및 품목별 검사현황,meta_index 없음 또는 코드명 매칭 없음,,,,,,,,,,meta 없음,,,"바이오헬스 수출은 바이오시밀러 등 의약품을 중심으로 전년 대비 13.1% 증가한 151억 달러를 기록했으며, 전 세계적으로 K푸드, K뷰티 선호가 확대되면서 농수산식품 수출은 117억 달러(7.6%), 화장품 수출(102억 달러, +20.6%)은 처음으로 100억 달러를 돌파하면서 역대 최대 수출실적을 경신했다."
A0006-C014,A0006-C014-m4,농수산식품 수출액,무역,농수산식품,11700000000,달러,달러,currency,,,수준값,증가,현재값,KOSIS_VALUE,2024,2025-01-01,Y,전년,,1,480,324,REVIEW,CODESET_REQUIRED,농수산식품 집계용 OBJ 코드셋이 필요함,"수출액,품목별,수출,수입,무역",lexical,480.0,Y,,,,360,DT_1R11001_FRM101,"품목별 수출액, 수입액",1976045,SITC에의한무역통계,품목별:탈모제 향수 화장품이나 달리 명시되지  않은 화장용품[13102112831A.55359]/item=N/score=72 | 품목별:향수 및 화장품화장용품(비누제외)[13102112831A.553]/item=N/score=72 | 품목별:기타(의료용품의약품 제외)[13102112831A.54190]/item=N/score=60 | 품목별:의료용품의약품 제외[13102112831A.5419]/item=N/score=60 | 품목별:기타(미용 또는 메이크업용 제품류와 기초 화장  품제품류(의약품을 제외하며  선 스크린  )[13102112831A.55320]/item=N/score=54 | 품목별:미용 또는 메이크업용 제품류와 기초 화장  품제품류(의약품을 제외하며  선 스크린  [13102112831A.5532]/item=N/score=54 | 품목별:기타 가정용품 또는 화장용품 [13102112831A.66612]/item=N/score=42 | 품목별:기타 의료용품 [13102112831A.54199]/item=N/score=42,13103112831T1,수출액,천달러,140,13101112831A,품목별,13102112831A.74184,건조기(농산물용의 것) ,182,itm/obj 후보 선택,direct,,"바이오헬스 수출은 바이오시밀러 등 의약품을 중심으로 전년 대비 13.1% 증가한 151억 달러를 기록했으며, 전 세계적으로 K푸드, K뷰티 선호가 확대되면서 농수산식품 수출은 117억 달러(7.6%), 화장품 수출(102억 달러, +20.6%)은 처음으로 100억 달러를 돌파하면서 역대 최대 수출실적을 경신했다."
A0006-C014,A0006-C014-m4,농수산식품 수출액,무역,농수산식품,11700000000,달러,달러,currency,,,수준값,증가,현재값,KOSIS_VALUE,2024,2025-01-01,Y,전년,,2,324,,ALTERNATE,NOT_TOP_TABLE,후순위 통계표 후보,"수출액,품목별,수출,식품",lexical,324.0,Y,,,,466,DT_446001_A027,쌀가루 생산판매 현황 : 품목별 수출액 - 총계,2024007,쌀가공식품제조업실태조사 > 쌀가공식품제조업,사업체특성별:주 생산 품목별(소분류)[A02]/item=N/score=18,,,,,A,사업체특성별,A02,주 생산 품목별(소분류),17,itm/obj 후보 선택,,,"바이오헬스 수출은 바이오시밀러 등 의약품을 중심으로 전년 대비 13.1% 증가한 151억 달러를 기록했으며, 전 세계적으로 K푸드, K뷰티 선호가 확대되면서 농수산식품 수출은 117억 달러(7.6%), 화장품 수출(102억 달러, +20.6%)은 처음으로 100억 달러를 돌파하면서 역대 최대 수출실적을 경신했다."
A0006-C014,A0006-C014-m4,농수산식품 수출액,무역,농수산식품,11700000000,달러,달러,currency,,,수준값,증가,현재값,KOSIS_VALUE,2024,2025-01-01,Y,전년,,3,318,,ALTERNATE,NOT_TOP_TABLE,후순위 통계표 후보,"식품,품목별,수입",lexical,318.0,Y,,,,145,TX_145_2009_H1026,가공식품 국가 및 품목별(중량순),2006066,수입식품현황 > 수입식품등 국가 및 품목별 검사현황,meta_index 없음 또는 코드명 매칭 없음,,,,,,,,,,meta 없음,,,"바이오헬스 수출은 바이오시밀러 등 의약품을 중심으로 전년 대비 13.1% 증가한 151억 달러를 기록했으며, 전 세계적으로 K푸드, K뷰티 선호가 확대되면서 농수산식품 수출은 117억 달러(7.6%), 화장품 수출(102억 달러, +20.6%)은 처음으로 100억 달러를 돌파하면서 역대 최대 수출실적을 경신했다."
A0006-C014,A0006-C014-m4,농수산식품 수출액,무역,농수산식품,11700000000,달러,달러,currency,,,수준값,증가,현재값,KOSIS_VALUE,2024,2025-01-01,Y,전년,,4,318,,ALTERNATE,NOT_TOP_TABLE,후순위 통계표 후보,"식품,품목별,수입",lexical,318.0,Y,,,,145,TX_145_2009_H1028,식품첨가물 국가 및 품목별(중량순),2006066,수입식품현황 > 수입식품등 국가 및 품목별 검사현황,meta_index 없음 또는 코드명 매칭 없음,,,,,,,,,,meta 없음,,,"바이오헬스 수출은 바이오시밀러 등 의약품을 중심으로 전년 대비 13.1% 증가한 151억 달러를 기록했으며, 전 세계적으로 K푸드, K뷰티 선호가 확대되면서 농수산식품 수출은 117억 달러(7.6%), 화장품 수출(102억 달러, +20.6%)은 처음으로 100억 달러를 돌파하면서 역대 최대 수출실적을 경신했다."
A0006-C014,A0006-C014-m4,농수산식품 수출액,무역,농수산식품,11700000000,달러,달러,currency,,,수준값,증가,현재값,KOSIS_VALUE,2024,2025-01-01,Y,전년,,5,294,,ALTERNATE,NOT_TOP_TABLE,후순위 통계표 후보,"식품,국가별,품목별,수입",lexical,294.0,Y,,,,145,TX_145_2009_H1021,가공식품 품목 및 국가별(중량순),2006066,수입식품현황 > 수입식품등 국가 및 품목별 검사현황,meta_index 없음 또는 코드명 매칭 없음,,,,,,,,,,meta 없음,,,"바이오헬스 수출은 바이오시밀러 등 의약품을 중심으로 전년 대비 13.1% 증가한 151억 달러를 기록했으며, 전 세계적으로 K푸드, K뷰티 선호가 확대되면서 농수산식품 수출은 117억 달러(7.6%), 화장품 수출(102억 달러, +20.6%)은 처음으로 100억 달러를 돌파하면서 역대 최대 수출실적을 경신했다."
A0006-C014,A0006-C014-m5,화장품 수출액,무역,화장품,10200000000,달러,달러,currency,,,수준값,증가,현재값,KOSIS_VALUE,2024,2025-01-01,Y,전년,,1,480,416,REVIEW,CODESET_REQUIRED,화장품 집계용 OBJ 코드셋이 필요함,"수출액,품목별,수출,수입,무역",lexical,480.0,Y,,,,360,DT_1R11001_FRM101,"품목별 수출액, 수입액",1976045,SITC에의한무역통계,품목별:탈모제 향수 화장품이나 달리 명시되지  않은 화장용품[13102112831A.55359]/item=N/score=72 | 품목별:향수 및 화장품화장용품(비누제외)[13102112831A.553]/item=N/score=72 | 품목별:기타(의료용품의약품 제외)[13102112831A.54190]/item=N/score=60 | 품목별:의료용품의약품 제외[13102112831A.5419]/item=N/score=60 | 품목별:기타(미용 또는 메이크업용 제품류와 기초 화장  품제품류(의약품을 제외하며  선 스크린  )[13102112831A.55320]/item=N/score=54 | 품목별:미용 또는 메이크업용 제품류와 기초 화장  품제품류(의약품을 제외하며  선 스크린  [13102112831A.5532]/item=N/score=54 | 품목별:기타 가정용품 또는 화장용품 [13102112831A.66612]/item=N/score=42 | 품목별:기타 의료용품 [13102112831A.54199]/item=N/score=42,13103112831T1,수출액,천달러,140,13101112831A,품목별,13102112831A.55359,탈모제 향수 화장품이나 달리 명시되지  않은 화장용품,302,itm/obj 후보 선택,direct,,"바이오헬스 수출은 바이오시밀러 등 의약품을 중심으로 전년 대비 13.1% 증가한 151억 달러를 기록했으며, 전 세계적으로 K푸드, K뷰티 선호가 확대되면서 농수산식품 수출은 117억 달러(7.6%), 화장품 수출(102억 달러, +20.6%)은 처음으로 100억 달러를 돌파하면서 역대 최대 수출실적을 경신했다."
A0006-C014,A0006-C014-m5,화장품 수출액,무역,화장품,10200000000,달러,달러,currency,,,수준값,증가,현재값,KOSIS_VALUE,2024,2025-01-01,Y,전년,,2,416,,ALTERNATE,NOT_TOP_TABLE,후순위 통계표 후보,"화장품,수출액,수출,수입",lexical,416.0,Y,,,,145,DT_145011_A006,화장품 수입 및 수출액 현황,2017087,화장품산업현황 > 화장품 수출입 현황,항목:수출액[T002]/item=Y/score=28 | 항목:수입액[T001]/item=Y/score=8,,,,,13999000,가상분류,DATA,데이터,2,itm/obj 후보 선택,,,"바이오헬스 수출은 바이오시밀러 등 의약품을 중심으로 전년 대비 13.1% 증가한 151억 달러를 기록했으며, 전 세계적으로 K푸드, K뷰티 선호가 확대되면서 농수산식품 수출은 117억 달러(7.6%), 화장품 수출(102억 달러, +20.6%)은 처음으로 100억 달러를 돌파하면서 역대 최대 수출실적을 경신했다."
A0006-C014,A0006-C014-m5,화장품 수출액,무역,화장품,10200000000,달러,달러,currency,,,수준값,증가,현재값,KOSIS_VALUE,2024,2025-01-01,Y,전년,,3,350,,ALTERNATE,NOT_TOP_TABLE,후순위 통계표 후보,"화장품,수입",lexical,350.0,Y,,,,145,DT_145011_A002,화장품 수입업체 현황,2017087,화장품산업현황 > 업체 현황,meta_index 없음 또는 코드명 매칭 없음,,,,,,,,,,meta 없음,,,"바이오헬스 수출은 바이오시밀러 등 의약품을 중심으로 전년 대비 13.1% 증가한 151억 달러를 기록했으며, 전 세계적으로 K푸드, K뷰티 선호가 확대되면서 농수산식품 수출은 117억 달러(7.6%), 화장품 수출(102억 달러, +20.6%)은 처음으로 100억 달러를 돌파하면서 역대 최대 수출실적을 경신했다."
A0006-C014,A0006-C014-m5,화장품 수출액,무역,화장품,10200000000,달러,달러,currency,,,수준값,증가,현재값,KOSIS_VALUE,2024,2025-01-01,Y,전년,,4,344,,ALTERNATE,NOT_TOP_TABLE,후순위 통계표 후보,"화장품,수출",lexical,344.0,Y,,,,145,DT_145011_A009,국내 화장품산업 현황,2017087,화장품산업현황 > 화장품 수출입 현황,meta_index 없음 또는 코드명 매칭 없음,,,,,,,,,,meta 없음,,,"바이오헬스 수출은 바이오시밀러 등 의약품을 중심으로 전년 대비 13.1% 증가한 151억 달러를 기록했으며, 전 세계적으로 K푸드, K뷰티 선호가 확대되면서 농수산식품 수출은 117억 달러(7.6%), 화장품 수출(102억 달러, +20.6%)은 처음으로 100억 달러를 돌파하면서 역대 최대 수출실적을 경신했다."
A0006-C014,A0006-C014-m5,화장품 수출액,무역,화장품,10200000000,달러,달러,currency,,,수준값,증가,현재값,KOSIS_VALUE,2024,2025-01-01,Y,전년,,5,164,,ALTERNATE,NOT_TOP_TABLE,후순위 통계표 후보,"품목별,수출,수입,무역",lexical,164.0,Y,,,,134,DT_134006_N001,품목별 수입·수출현황,2017044,기업무역활동통계,품목별:의료용품[A30]/item=N/score=42 | 품목별:화장품[A33]/item=N/score=36 | 품목별:어류 [A03]/item=N/score=30 | 품목별:가구 [A93]/item=N/score=18 | 품목별:가죽류 [A41]/item=N/score=18 | 품목별:가죽제품 [A42]/item=N/score=18 | 품목별:견직물[A50]/item=N/score=18 | 품목별:고무제품 [A40]/item=N/score=18,T002,교역액,백만달러,30,A001,품목별,A33,화장품,282,itm/obj 후보 선택,direct,,"바이오헬스 수출은 바이오시밀러 등 의약품을 중심으로 전년 대비 13.1% 증가한 151억 달러를 기록했으며, 전 세계적으로 K푸드, K뷰티 선호가 확대되면서 농수산식품 수출은 117억 달러(7.6%), 화장품 수출(102억 달러, +20.6%)은 처음으로 100억 달러를 돌파하면서 역대 최대 수출실적을 경신했다."
A0006-C014,A0006-C014-m6,화장품 수출 증감률,무역,화장품,20.6,%,%,rate,,,증감률,증가,증감률,KOSIS_VALUE,2024,2025-01-01,Y,전년,,1,484,422,REJECT,NO_COMPATIBLE_ITEM,단위·지표 의미가 맞는 ITEM 없음,"품목별,수출액,수출,수입,무역",lexical,484.0,Y,,,,360,DT_1R11001_FRM101,"품목별 수출액, 수입액",1976045,SITC에의한무역통계,품목별:탈모제 향수 화장품이나 달리 명시되지  않은 화장용품[13102112831A.55359]/item=N/score=72 | 품목별:향수 및 화장품화장용품(비누제외)[13102112831A.553]/item=N/score=72 | 품목별:기타(의료용품의약품 제외)[13102112831A.54190]/item=N/score=60 | 품목별:의료용품의약품 제외[13102112831A.5419]/item=N/score=60 | 품목별:기타(미용 또는 메이크업용 제품류와 기초 화장  품제품류(의약품을 제외하며  선 스크린  )[13102112831A.55320]/item=N/score=54 | 품목별:미용 또는 메이크업용 제품류와 기초 화장  품제품류(의약품을 제외하며  선 스크린  [13102112831A.5532]/item=N/score=54 | 품목별:기타 가정용품 또는 화장용품 [13102112831A.66612]/item=N/score=42 | 품목별:기타 의료용품 [13102112831A.54199]/item=N/score=42,,,,,13101112831A,품목별,13102112831A.55359,탈모제 향수 화장품이나 달리 명시되지  않은 화장용품,317,itm/obj 후보 선택,,,"바이오헬스 수출은 바이오시밀러 등 의약품을 중심으로 전년 대비 13.1% 증가한 151억 달러를 기록했으며, 전 세계적으로 K푸드, K뷰티 선호가 확대되면서 농수산식품 수출은 117억 달러(7.6%), 화장품 수출(102억 달러, +20.6%)은 처음으로 100억 달러를 돌파하면서 역대 최대 수출실적을 경신했다."
A0006-C014,A0006-C014-m6,화장품 수출 증감률,무역,화장품,20.6,%,%,rate,,,증감률,증가,증감률,KOSIS_VALUE,2024,2025-01-01,Y,전년,,2,422,,ALTERNATE,NOT_TOP_TABLE,후순위 통계표 후보,"화장품,수출액,수출,수입",lexical,422.0,Y,,,,145,DT_145011_A006,화장품 수입 및 수출액 현황,2017087,화장품산업현황 > 화장품 수출입 현황,항목:수출액[T002]/item=Y/score=30 | 항목:수입액[T001]/item=Y/score=8,,,,,13999000,가상분류,DATA,데이터,2,itm/obj 후보 선택,,,"바이오헬스 수출은 바이오시밀러 등 의약품을 중심으로 전년 대비 13.1% 증가한 151억 달러를 기록했으며, 전 세계적으로 K푸드, K뷰티 선호가 확대되면서 농수산식품 수출은 117억 달러(7.6%), 화장품 수출(102억 달러, +20.6%)은 처음으로 100억 달러를 돌파하면서 역대 최대 수출실적을 경신했다."
A0006-C014,A0006-C014-m6,화장품 수출 증감률,무역,화장품,20.6,%,%,rate,,,증감률,증가,증감률,KOSIS_VALUE,2024,2025-01-01,Y,전년,,3,350,,ALTERNATE,NOT_TOP_TABLE,후순위 통계표 후보,"화장품,수입",lexical,350.0,Y,,,,145,DT_145011_A002,화장품 수입업체 현황,2017087,화장품산업현황 > 업체 현황,meta_index 없음 또는 코드명 매칭 없음,,,,,,,,,,meta 없음,,,"바이오헬스 수출은 바이오시밀러 등 의약품을 중심으로 전년 대비 13.1% 증가한 151억 달러를 기록했으며, 전 세계적으로 K푸드, K뷰티 선호가 확대되면서 농수산식품 수출은 117억 달러(7.6%), 화장품 수출(102억 달러, +20.6%)은 처음으로 100억 달러를 돌파하면서 역대 최대 수출실적을 경신했다."
A0006-C014,A0006-C014-m6,화장품 수출 증감률,무역,화장품,20.6,%,%,rate,,,증감률,증가,증감률,KOSIS_VALUE,2024,2025-01-01,Y,전년,,4,346,,ALTERNATE,NOT_TOP_TABLE,후순위 통계표 후보,"화장품,수출",lexical,346.0,Y,,,,145,DT_145011_A009,국내 화장품산업 현황,2017087,화장품산업현황 > 화장품 수출입 현황,meta_index 없음 또는 코드명 매칭 없음,,,,,,,,,,meta 없음,,,"바이오헬스 수출은 바이오시밀러 등 의약품을 중심으로 전년 대비 13.1% 증가한 151억 달러를 기록했으며, 전 세계적으로 K푸드, K뷰티 선호가 확대되면서 농수산식품 수출은 117억 달러(7.6%), 화장품 수출(102억 달러, +20.6%)은 처음으로 100억 달러를 돌파하면서 역대 최대 수출실적을 경신했다."
A0006-C014,A0006-C014-m6,화장품 수출 증감률,무역,화장품,20.6,%,%,rate,,,증감률,증가,증감률,KOSIS_VALUE,2024,2025-01-01,Y,전년,,5,168,,ALTERNATE,NOT_TOP_TABLE,후순위 통계표 후보,"품목별,수출,수입,무역",lexical,168.0,Y,,,,134,DT_134006_N001,품목별 수입·수출현황,2017044,기업무역활동통계,품목별:의료용품[A30]/item=N/score=42 | 품목별:화장품[A33]/item=N/score=36 | 품목별:어류 [A03]/item=N/score=30 | 품목별:가구 [A93]/item=N/score=18 | 품목별:가죽류 [A41]/item=N/score=18 | 품목별:가죽제품 [A42]/item=N/score=18 | 품목별:견직물[A50]/item=N/score=18 | 품목별:고무제품 [A40]/item=N/score=18,T005,교역액 진입률,%,30,A001,품목별,A33,화장품,297,itm/obj 후보 선택,direct,,"바이오헬스 수출은 바이오시밀러 등 의약품을 중심으로 전년 대비 13.1% 증가한 151억 달러를 기록했으며, 전 세계적으로 K푸드, K뷰티 선호가 확대되면서 농수산식품 수출은 117억 달러(7.6%), 화장품 수출(102억 달러, +20.6%)은 처음으로 100억 달러를 돌파하면서 역대 최대 수출실적을 경신했다."
A0006-C015,A0006-C015-m1,수출 증가율,무역,-,6.6,%,%,rate,,,증감률,증가,증감률,KOSIS_VALUE,202512,2025-01-01,M,전년동월,,1,404,100,REJECT,NO_COMPATIBLE_ITEM,단위·지표 의미가 맞는 ITEM 없음,"품목별,수출액,수출,수입,무역",lexical,404.0,Y,,,,360,DT_1R11001_FRM101,"품목별 수출액, 수입액",1976045,SITC에의한무역통계,품목별:총액[13102112831A.A]/item=N/score=30 | 항목:수출액[13103112831T1]/item=Y/score=30 | 품목별:기타 우표 또는 수입인지우편요금 별납증지우편엽서[13102112831A.89649]/item=N/score=26 | 품목별:기타(우표 또는 수입인지 우편요금 별납증지  초일봉투 우편엽서(엽서) 및 이와 유사  )[13102112831A.89640]/item=N/score=26 | 품목별:우표 또는 수입인지 우편요금 별납증지  초일봉투 우편엽서(엽서) 및 이와 유사  [13102112831A.8964]/item=N/score=26 | 품목별:우표수입인지 또는 이와 유사한 물품  (우리나라에서 통용 또는 발행된 것  으로서 사[13102112831A.89283]/item=N/score=26 | 품목별: 불이나 웨이퍼 반도체 장비 또는 집적회로 평면판표시장치 제조를 위한 기계 및 기구[13102112831A.72821]/item=N/score=18 | 품목별: 파치먼트가공된 것을 포함한 그을리거나 경화된 가죽[13102112831A.61145]/item=N/score=18,,,,,13101112831A,품목별,13102112831A.A,총액,57,itm/obj 후보 선택,,,◇12월 수출 6.6% 늘어난 614억달러...수출 증가율 5개월 만에 반등 한편 이날 동시에 발표된 지난 12월 수출액은 614억달러로 전년 동월 대비 6.6% 증가했다.
A0006-C015,A0006-C015-m1,수출 증가율,무역,-,6.6,%,%,rate,,,증감률,증가,증감률,KOSIS_VALUE,202512,2025-01-01,M,전년동월,,2,100,,ALTERNATE,NOT_TOP_TABLE,후순위 통계표 후보,"수출액,수출,수입,국가별,무역",lexical,100.0,Y,,,,360,DT_1R11006_FRM101,"국가별 수출액, 수입액",1976045,SITC에의한무역통계,항목:수출액[13103103829T1]/item=Y/score=30 | 항목:수입액[13103103829T2]/item=Y/score=8 | 국가별:E.U.[13102103829E.EU]/item=N/score=6 | 국가별:가나[13102103829E.GH]/item=N/score=6 | 국가별:가봉[13102103829E.GA]/item=N/score=6 | 국가별:가이아나[13102103829E.GY]/item=N/score=6 | 국가별:감비아[13102103829E.GM]/item=N/score=6 | 국가별:건지[13102103829E.GG]/item=N/score=6,,,,,13101103829E,국가별,13102103829E.00,계,7,itm/obj 후보 선택,,,◇12월 수출 6.6% 늘어난 614억달러...수출 증가율 5개월 만에 반등 한편 이날 동시에 발표된 지난 12월 수출액은 614억달러로 전년 동월 대비 6.6% 증가했다.
A0006-C015,A0006-C015-m1,수출 증가율,무역,-,6.6,%,%,rate,,,증감률,증가,증감률,KOSIS_VALUE,202512,2025-01-01,M,전년동월,,3,96,,ALTERNATE,NOT_TOP_TABLE,후순위 통계표 후보,"품목별,수출액,수출",lexical,96.0,Y,,,,466,DT_446001_A027,쌀가루 생산판매 현황 : 품목별 수출액 - 총계,2024007,쌀가공식품제조업실태조사 > 쌀가공식품제조업,사업체특성별:주 생산 품목별(소분류)[A02]/item=N/score=18,,,,,A,사업체특성별,A02,주 생산 품목별(소분류),32,itm/obj 후보 선택,,,◇12월 수출 6.6% 늘어난 614억달러...수출 증가율 5개월 만에 반등 한편 이날 동시에 발표된 지난 12월 수출액은 614억달러로 전년 동월 대비 6.6% 증가했다.
A0006-C015,A0006-C015-m1,수출 증가율,무역,-,6.6,%,%,rate,,,증감률,증가,증감률,KOSIS_VALUE,202512,2025-01-01,M,전년동월,,4,88,,ALTERNATE,NOT_TOP_TABLE,후순위 통계표 후보,"품목별,수출,수입,무역",lexical,88.0,Y,,,,134,DT_134006_N001,품목별 수입·수출현황,2017044,기업무역활동통계,품목별:가구 [A93]/item=N/score=18 | 품목별:가죽류 [A41]/item=N/score=18 | 품목별:가죽제품 [A42]/item=N/score=18 | 품목별:견직물[A50]/item=N/score=18 | 품목별:고무제품 [A40]/item=N/score=18 | 품목별:곡물 [A10]/item=N/score=18 | 품목별:곡물조제품[A19]/item=N/score=18 | 품목별:공구[A81]/item=N/score=18,T005,교역액 진입률,%,30,A001,품목별,A93,가구 ,32,itm/obj 후보 선택,direct,,◇12월 수출 6.6% 늘어난 614억달러...수출 증가율 5개월 만에 반등 한편 이날 동시에 발표된 지난 12월 수출액은 614억달러로 전년 동월 대비 6.6% 증가했다.
A0006-C015,A0006-C015-m1,수출 증가율,무역,-,6.6,%,%,rate,,,증감률,증가,증감률,KOSIS_VALUE,202512,2025-01-01,M,전년동월,,5,88,,ALTERNATE,NOT_TOP_TABLE,후순위 통계표 후보,"수출액,수출,수입",lexical,88.0,Y,,,,145,DT_145011_A006,화장품 수입 및 수출액 현황,2017087,화장품산업현황 > 화장품 수출입 현황,항목:수출액[T002]/item=Y/score=30 | 항목:수입액[T001]/item=Y/score=8,,,,,13999000,가상분류,DATA,데이터,2,itm/obj 후보 선택,,,◇12월 수출 6.6% 늘어난 614억달러...수출 증가율 5개월 만에 반등 한편 이날 동시에 발표된 지난 12월 수출액은 614억달러로 전년 동월 대비 6.6% 증가했다.
A0006-C015,A0006-C015-m2,수출액,무역,-,61400000000,달러,달러,currency,,,수준값,증가,현재값,KOSIS_VALUE,202512,2025-01-01,M,전년동월,,1,404,100,READY,READY,통계표·ITEM·OBJ·단위 의미 확정,"수출액,품목별,수출,수입,무역",lexical,404.0,Y,,,,360,DT_1R11001_FRM101,"품목별 수출액, 수입액",1976045,SITC에의한무역통계,품목별:총액[13102112831A.A]/item=N/score=30 | 항목:수출액[13103112831T1]/item=Y/score=30 | 품목별:기타 우표 또는 수입인지우편요금 별납증지우편엽서[13102112831A.89649]/item=N/score=26 | 품목별:기타(우표 또는 수입인지 우편요금 별납증지  초일봉투 우편엽서(엽서) 및 이와 유사  )[13102112831A.89640]/item=N/score=26 | 품목별:우표 또는 수입인지 우편요금 별납증지  초일봉투 우편엽서(엽서) 및 이와 유사  [13102112831A.8964]/item=N/score=26 | 품목별:우표수입인지 또는 이와 유사한 물품  (우리나라에서 통용 또는 발행된 것  으로서 사[13102112831A.89283]/item=N/score=26 | 품목별: 불이나 웨이퍼 반도체 장비 또는 집적회로 평면판표시장치 제조를 위한 기계 및 기구[13102112831A.72821]/item=N/score=18 | 품목별: 파치먼트가공된 것을 포함한 그을리거나 경화된 가죽[13102112831A.61145]/item=N/score=18,13103112831T1,수출액,천달러,140,13101112831A,품목별,13102112831A.A,총액,32,itm/obj 후보 선택,direct,,◇12월 수출 6.6% 늘어난 614억달러...수출 증가율 5개월 만에 반등 한편 이날 동시에 발표된 지난 12월 수출액은 614억달러로 전년 동월 대비 6.6% 증가했다.
A0006-C015,A0006-C015-m2,수출액,무역,-,61400000000,달러,달러,currency,,,수준값,증가,현재값,KOSIS_VALUE,202512,2025-01-01,M,전년동월,,2,100,,ALTERNATE,NOT_TOP_TABLE,후순위 통계표 후보,"수출액,수출,수입,국가별,무역",lexical,100.0,Y,,,,360,DT_1R11006_FRM101,"국가별 수출액, 수입액",1976045,SITC에의한무역통계,항목:수출액[13103103829T1]/item=Y/score=30 | 항목:수입액[13103103829T2]/item=Y/score=8 | 국가별:E.U.[13102103829E.EU]/item=N/score=6 | 국가별:가나[13102103829E.GH]/item=N/score=6 | 국가별:가봉[13102103829E.GA]/item=N/score=6 | 국가별:가이아나[13102103829E.GY]/item=N/score=6 | 국가별:감비아[13102103829E.GM]/item=N/score=6 | 국가별:건지[13102103829E.GG]/item=N/score=6,13103103829T1,수출액,천달러,140,13101103829E,국가별,13102103829E.00,계,7,itm/obj 후보 선택,direct,,◇12월 수출 6.6% 늘어난 614억달러...수출 증가율 5개월 만에 반등 한편 이날 동시에 발표된 지난 12월 수출액은 614억달러로 전년 동월 대비 6.6% 증가했다.
A0006-C015,A0006-C015-m2,수출액,무역,-,61400000000,달러,달러,currency,,,수준값,증가,현재값,KOSIS_VALUE,202512,2025-01-01,M,전년동월,,3,96,,ALTERNATE,NOT_TOP_TABLE,후순위 통계표 후보,"수출액,품목별,수출",lexical,96.0,Y,,,,466,DT_446001_A027,쌀가루 생산판매 현황 : 품목별 수출액 - 총계,2024007,쌀가공식품제조업실태조사 > 쌀가공식품제조업,사업체특성별:주 생산 품목별(소분류)[A02]/item=N/score=18,,,,,A,사업체특성별,A02,주 생산 품목별(소분류),17,itm/obj 후보 선택,,,◇12월 수출 6.6% 늘어난 614억달러...수출 증가율 5개월 만에 반등 한편 이날 동시에 발표된 지난 12월 수출액은 614억달러로 전년 동월 대비 6.6% 증가했다.
A0006-C015,A0006-C015-m2,수출액,무역,-,61400000000,달러,달러,currency,,,수준값,증가,현재값,KOSIS_VALUE,202512,2025-01-01,M,전년동월,,4,88,,ALTERNATE,NOT_TOP_TABLE,후순위 통계표 후보,"품목별,수출,수입,무역",lexical,88.0,Y,,,,134,DT_134006_N001,품목별 수입·수출현황,2017044,기업무역활동통계,품목별:가구 [A93]/item=N/score=18 | 품목별:가죽류 [A41]/item=N/score=18 | 품목별:가죽제품 [A42]/item=N/score=18 | 품목별:견직물[A50]/item=N/score=18 | 품목별:고무제품 [A40]/item=N/score=18 | 품목별:곡물 [A10]/item=N/score=18 | 품목별:곡물조제품[A19]/item=N/score=18 | 품목별:공구[A81]/item=N/score=18,T002,교역액,백만달러,30,A001,품목별,A93,가구 ,17,itm/obj 후보 선택,direct,,◇12월 수출 6.6% 늘어난 614억달러...수출 증가율 5개월 만에 반등 한편 이날 동시에 발표된 지난 12월 수출액은 614억달러로 전년 동월 대비 6.6% 증가했다.
A0006-C015,A0006-C015-m2,수출액,무역,-,61400000000,달러,달러,currency,,,수준값,증가,현재값,KOSIS_VALUE,202512,2025-01-01,M,전년동월,,5,88,,ALTERNATE,NOT_TOP_TABLE,후순위 통계표 후보,"수출액,수출,수입",lexical,88.0,Y,,,,145,DT_145011_A006,화장품 수입 및 수출액 현황,2017087,화장품산업현황 > 화장품 수출입 현황,항목:수출액[T002]/item=Y/score=30 | 항목:수입액[T001]/item=Y/score=8,,,,,13999000,가상분류,DATA,데이터,2,itm/obj 후보 선택,,,◇12월 수출 6.6% 늘어난 614억달러...수출 증가율 5개월 만에 반등 한편 이날 동시에 발표된 지난 12월 수출액은 614억달러로 전년 동월 대비 6.6% 증가했다.
A0006-C018,A0006-C018-m1,수출 증가율,무역,-,11,%,%,rate,,,증감률,증가,증감률,KOSIS_VALUE,202408,2025-01-01,M,전년동월,,1,404,100,REJECT,NO_COMPATIBLE_ITEM,단위·지표 의미가 맞는 ITEM 없음,"품목별,수출액,수출,수입,무역",lexical,404.0,Y,,,,360,DT_1R11001_FRM101,"품목별 수출액, 수입액",1976045,SITC에의한무역통계,품목별:총액[13102112831A.A]/item=N/score=30 | 항목:수출액[13103112831T1]/item=Y/score=30 | 품목별:기타 우표 또는 수입인지우편요금 별납증지우편엽서[13102112831A.89649]/item=N/score=26 | 품목별:기타(우표 또는 수입인지 우편요금 별납증지  초일봉투 우편엽서(엽서) 및 이와 유사  )[13102112831A.89640]/item=N/score=26 | 품목별:우표 또는 수입인지 우편요금 별납증지  초일봉투 우편엽서(엽서) 및 이와 유사  [13102112831A.8964]/item=N/score=26 | 품목별:우표수입인지 또는 이와 유사한 물품  (우리나라에서 통용 또는 발행된 것  으로서 사[13102112831A.89283]/item=N/score=26 | 품목별:711.1항 또는 812.1항의 보일러용 부속  기기[13102112831A.71121]/item=N/score=20 | 품목별:711.1항 또는 812.1항의 보일러용 부속기기와 증기원동기용의 응축¿[13102112831A.7112]/item=N/score=20,,,,,13101112831A,품목별,13102112831A.A,총액,57,itm/obj 후보 선택,,,"전년 대비 월간 수출 증가율은 8월(11%), 9월(7.5%), 10월(4.6%), 11월(1.4%)로 계속 감소 중이었으나, 12월에 6.6%로 반등에 성공한 것이다."
A0006-C018,A0006-C018-m1,수출 증가율,무역,-,11,%,%,rate,,,증감률,증가,증감률,KOSIS_VALUE,202408,2025-01-01,M,전년동월,,2,100,,ALTERNATE,NOT_TOP_TABLE,후순위 통계표 후보,"수출액,수출,수입,국가별,무역",lexical,100.0,Y,,,,360,DT_1R11006_FRM101,"국가별 수출액, 수입액",1976045,SITC에의한무역통계,항목:수출액[13103103829T1]/item=Y/score=30 | 항목:수입액[13103103829T2]/item=Y/score=8 | 국가별:E.U.[13102103829E.EU]/item=N/score=6 | 국가별:가나[13102103829E.GH]/item=N/score=6 | 국가별:가봉[13102103829E.GA]/item=N/score=6 | 국가별:가이아나[13102103829E.GY]/item=N/score=6 | 국가별:감비아[13102103829E.GM]/item=N/score=6 | 국가별:건지[13102103829E.GG]/item=N/score=6,,,,,13101103829E,국가별,13102103829E.00,계,7,itm/obj 후보 선택,,,"전년 대비 월간 수출 증가율은 8월(11%), 9월(7.5%), 10월(4.6%), 11월(1.4%)로 계속 감소 중이었으나, 12월에 6.6%로 반등에 성공한 것이다."
A0006-C018,A0006-C018-m1,수출 증가율,무역,-,11,%,%,rate,,,증감률,증가,증감률,KOSIS_VALUE,202408,2025-01-01,M,전년동월,,3,96,,ALTERNATE,NOT_TOP_TABLE,후순위 통계표 후보,"품목별,수출액,수출",lexical,96.0,Y,,,,466,DT_446001_A027,쌀가루 생산판매 현황 : 품목별 수출액 - 총계,2024007,쌀가공식품제조업실태조사 > 쌀가공식품제조업,사업체특성별:주 생산 품목별(소분류)[A02]/item=N/score=18,,,,,A,사업체특성별,A02,주 생산 품목별(소분류),32,itm/obj 후보 선택,,,"전년 대비 월간 수출 증가율은 8월(11%), 9월(7.5%), 10월(4.6%), 11월(1.4%)로 계속 감소 중이었으나, 12월에 6.6%로 반등에 성공한 것이다."
A0006-C018,A0006-C018-m1,수출 증가율,무역,-,11,%,%,rate,,,증감률,증가,증감률,KOSIS_VALUE,202408,2025-01-01,M,전년동월,,4,88,,ALTERNATE,NOT_TOP_TABLE,후순위 통계표 후보,"품목별,수출,수입,무역",lexical,88.0,Y,,,,134,DT_134006_N001,품목별 수입·수출현황,2017044,기업무역활동통계,품목별:가구 [A93]/item=N/score=18 | 품목별:가죽류 [A41]/item=N/score=18 | 품목별:가죽제품 [A42]/item=N/score=18 | 품목별:견직물[A50]/item=N/score=18 | 품목별:고무제품 [A40]/item=N/score=18 | 품목별:곡물 [A10]/item=N/score=18 | 품목별:곡물조제품[A19]/item=N/score=18 | 품목별:공구[A81]/item=N/score=18,T005,교역액 진입률,%,30,A001,품목별,A93,가구 ,32,itm/obj 후보 선택,direct,,"전년 대비 월간 수출 증가율은 8월(11%), 9월(7.5%), 10월(4.6%), 11월(1.4%)로 계속 감소 중이었으나, 12월에 6.6%로 반등에 성공한 것이다."
A0006-C018,A0006-C018-m1,수출 증가율,무역,-,11,%,%,rate,,,증감률,증가,증감률,KOSIS_VALUE,202408,2025-01-01,M,전년동월,,5,88,,ALTERNATE,NOT_TOP_TABLE,후순위 통계표 후보,"수출액,수출,수입",lexical,88.0,Y,,,,145,DT_145011_A006,화장품 수입 및 수출액 현황,2017087,화장품산업현황 > 화장품 수출입 현황,항목:수출액[T002]/item=Y/score=30 | 항목:수입액[T001]/item=Y/score=8,,,,,13999000,가상분류,DATA,데이터,2,itm/obj 후보 선택,,,"전년 대비 월간 수출 증가율은 8월(11%), 9월(7.5%), 10월(4.6%), 11월(1.4%)로 계속 감소 중이었으나, 12월에 6.6%로 반등에 성공한 것이다."
A0006-C018,A0006-C018-m2,수출 증가율,무역,-,7.5,%,%,rate,,,증감률,증가,증감률,KOSIS_VALUE,202409,2025-01-01,M,전년동월,,1,404,100,REJECT,NO_COMPATIBLE_ITEM,단위·지표 의미가 맞는 ITEM 없음,"품목별,수출액,수출,수입,무역",lexical,404.0,Y,,,,360,DT_1R11001_FRM101,"품목별 수출액, 수입액",1976045,SITC에의한무역통계,품목별:총액[13102112831A.A]/item=N/score=30 | 항목:수출액[13103112831T1]/item=Y/score=30 | 품목별:기타 우표 또는 수입인지우편요금 별납증지우편엽서[13102112831A.89649]/item=N/score=26 | 품목별:기타(우표 또는 수입인지 우편요금 별납증지  초일봉투 우편엽서(엽서) 및 이와 유사  )[13102112831A.89640]/item=N/score=26 | 품목별:우표 또는 수입인지 우편요금 별납증지  초일봉투 우편엽서(엽서) 및 이와 유사  [13102112831A.8964]/item=N/score=26 | 품목별:우표수입인지 또는 이와 유사한 물품  (우리나라에서 통용 또는 발행된 것  으로서 사[13102112831A.89283]/item=N/score=26 | 품목별:711.1항 또는 812.1항의 보일러용 부속  기기[13102112831A.71121]/item=N/score=20 | 품목별:711.1항 또는 812.1항의 보일러용 부속기기와 증기원동기용의 응축¿[13102112831A.7112]/item=N/score=20,,,,,13101112831A,품목별,13102112831A.A,총액,57,itm/obj 후보 선택,,,"전년 대비 월간 수출 증가율은 8월(11%), 9월(7.5%), 10월(4.6%), 11월(1.4%)로 계속 감소 중이었으나, 12월에 6.6%로 반등에 성공한 것이다."
A0006-C018,A0006-C018-m2,수출 증가율,무역,-,7.5,%,%,rate,,,증감률,증가,증감률,KOSIS_VALUE,202409,2025-01-01,M,전년동월,,2,100,,ALTERNATE,NOT_TOP_TABLE,후순위 통계표 후보,"수출액,수출,수입,국가별,무역",lexical,100.0,Y,,,,360,DT_1R11006_FRM101,"국가별 수출액, 수입액",1976045,SITC에의한무역통계,항목:수출액[13103103829T1]/item=Y/score=30 | 항목:수입액[13103103829T2]/item=Y/score=8 | 국가별:E.U.[13102103829E.EU]/item=N/score=6 | 국가별:가나[13102103829E.GH]/item=N/score=6 | 국가별:가봉[13102103829E.GA]/item=N/score=6 | 국가별:가이아나[13102103829E.GY]/item=N/score=6 | 국가별:감비아[13102103829E.GM]/item=N/score=6 | 국가별:건지[13102103829E.GG]/item=N/score=6,,,,,13101103829E,국가별,13102103829E.00,계,7,itm/obj 후보 선택,,,"전년 대비 월간 수출 증가율은 8월(11%), 9월(7.5%), 10월(4.6%), 11월(1.4%)로 계속 감소 중이었으나, 12월에 6.6%로 반등에 성공한 것이다."
A0006-C018,A0006-C018-m2,수출 증가율,무역,-,7.5,%,%,rate,,,증감률,증가,증감률,KOSIS_VALUE,202409,2025-01-01,M,전년동월,,3,96,,ALTERNATE,NOT_TOP_TABLE,후순위 통계표 후보,"품목별,수출액,수출",lexical,96.0,Y,,,,466,DT_446001_A027,쌀가루 생산판매 현황 : 품목별 수출액 - 총계,2024007,쌀가공식품제조업실태조사 > 쌀가공식품제조업,사업체특성별:주 생산 품목별(소분류)[A02]/item=N/score=18,,,,,A,사업체특성별,A02,주 생산 품목별(소분류),32,itm/obj 후보 선택,,,"전년 대비 월간 수출 증가율은 8월(11%), 9월(7.5%), 10월(4.6%), 11월(1.4%)로 계속 감소 중이었으나, 12월에 6.6%로 반등에 성공한 것이다."
A0006-C018,A0006-C018-m2,수출 증가율,무역,-,7.5,%,%,rate,,,증감률,증가,증감률,KOSIS_VALUE,202409,2025-01-01,M,전년동월,,4,88,,ALTERNATE,NOT_TOP_TABLE,후순위 통계표 후보,"품목별,수출,수입,무역",lexical,88.0,Y,,,,134,DT_134006_N001,품목별 수입·수출현황,2017044,기업무역활동통계,품목별:가구 [A93]/item=N/score=18 | 품목별:가죽류 [A41]/item=N/score=18 | 품목별:가죽제품 [A42]/item=N/score=18 | 품목별:견직물[A50]/item=N/score=18 | 품목별:고무제품 [A40]/item=N/score=18 | 품목별:곡물 [A10]/item=N/score=18 | 품목별:곡물조제품[A19]/item=N/score=18 | 품목별:공구[A81]/item=N/score=18,T005,교역액 진입률,%,30,A001,품목별,A93,가구 ,32,itm/obj 후보 선택,direct,,"전년 대비 월간 수출 증가율은 8월(11%), 9월(7.5%), 10월(4.6%), 11월(1.4%)로 계속 감소 중이었으나, 12월에 6.6%로 반등에 성공한 것이다."
A0006-C018,A0006-C018-m2,수출 증가율,무역,-,7.5,%,%,rate,,,증감률,증가,증감률,KOSIS_VALUE,202409,2025-01-01,M,전년동월,,5,88,,ALTERNATE,NOT_TOP_TABLE,후순위 통계표 후보,"수출액,수출,수입",lexical,88.0,Y,,,,145,DT_145011_A006,화장품 수입 및 수출액 현황,2017087,화장품산업현황 > 화장품 수출입 현황,항목:수출액[T002]/item=Y/score=30 | 항목:수입액[T001]/item=Y/score=8,,,,,13999000,가상분류,DATA,데이터,2,itm/obj 후보 선택,,,"전년 대비 월간 수출 증가율은 8월(11%), 9월(7.5%), 10월(4.6%), 11월(1.4%)로 계속 감소 중이었으나, 12월에 6.6%로 반등에 성공한 것이다."
A0006-C018,A0006-C018-m3,수출 증가율,무역,-,4.6,%,%,rate,,,증감률,증가,증감률,KOSIS_VALUE,202410,2025-01-01,M,전년동월,,1,404,100,REJECT,NO_COMPATIBLE_ITEM,단위·지표 의미가 맞는 ITEM 없음,"품목별,수출액,수출,수입,무역",lexical,404.0,Y,,,,360,DT_1R11001_FRM101,"품목별 수출액, 수입액",1976045,SITC에의한무역통계,품목별:총액[13102112831A.A]/item=N/score=30 | 항목:수출액[13103112831T1]/item=Y/score=30 | 품목별:기타 우표 또는 수입인지우편요금 별납증지우편엽서[13102112831A.89649]/item=N/score=26 | 품목별:기타(우표 또는 수입인지 우편요금 별납증지  초일봉투 우편엽서(엽서) 및 이와 유사  )[13102112831A.89640]/item=N/score=26 | 품목별:우표 또는 수입인지 우편요금 별납증지  초일봉투 우편엽서(엽서) 및 이와 유사  [13102112831A.8964]/item=N/score=26 | 품목별:우표수입인지 또는 이와 유사한 물품  (우리나라에서 통용 또는 발행된 것  으로서 사[13102112831A.89283]/item=N/score=26 | 품목별:711.1항 또는 812.1항의 보일러용 부속  기기[13102112831A.71121]/item=N/score=20 | 품목별:711.1항 또는 812.1항의 보일러용 부속기기와 증기원동기용의 응축¿[13102112831A.7112]/item=N/score=20,,,,,13101112831A,품목별,13102112831A.A,총액,57,itm/obj 후보 선택,,,"전년 대비 월간 수출 증가율은 8월(11%), 9월(7.5%), 10월(4.6%), 11월(1.4%)로 계속 감소 중이었으나, 12월에 6.6%로 반등에 성공한 것이다."
A0006-C018,A0006-C018-m3,수출 증가율,무역,-,4.6,%,%,rate,,,증감률,증가,증감률,KOSIS_VALUE,202410,2025-01-01,M,전년동월,,2,100,,ALTERNATE,NOT_TOP_TABLE,후순위 통계표 후보,"수출액,수출,수입,국가별,무역",lexical,100.0,Y,,,,360,DT_1R11006_FRM101,"국가별 수출액, 수입액",1976045,SITC에의한무역통계,항목:수출액[13103103829T1]/item=Y/score=30 | 항목:수입액[13103103829T2]/item=Y/score=8 | 국가별:E.U.[13102103829E.EU]/item=N/score=6 | 국가별:가나[13102103829E.GH]/item=N/score=6 | 국가별:가봉[13102103829E.GA]/item=N/score=6 | 국가별:가이아나[13102103829E.GY]/item=N/score=6 | 국가별:감비아[13102103829E.GM]/item=N/score=6 | 국가별:건지[13102103829E.GG]/item=N/score=6,,,,,13101103829E,국가별,13102103829E.00,계,7,itm/obj 후보 선택,,,"전년 대비 월간 수출 증가율은 8월(11%), 9월(7.5%), 10월(4.6%), 11월(1.4%)로 계속 감소 중이었으나, 12월에 6.6%로 반등에 성공한 것이다."
A0006-C018,A0006-C018-m3,수출 증가율,무역,-,4.6,%,%,rate,,,증감률,증가,증감률,KOSIS_VALUE,202410,2025-01-01,M,전년동월,,3,96,,ALTERNATE,NOT_TOP_TABLE,후순위 통계표 후보,"품목별,수출액,수출",lexical,96.0,Y,,,,466,DT_446001_A027,쌀가루 생산판매 현황 : 품목별 수출액 - 총계,2024007,쌀가공식품제조업실태조사 > 쌀가공식품제조업,사업체특성별:주 생산 품목별(소분류)[A02]/item=N/score=18,,,,,A,사업체특성별,A02,주 생산 품목별(소분류),32,itm/obj 후보 선택,,,"전년 대비 월간 수출 증가율은 8월(11%), 9월(7.5%), 10월(4.6%), 11월(1.4%)로 계속 감소 중이었으나, 12월에 6.6%로 반등에 성공한 것이다."
A0006-C018,A0006-C018-m3,수출 증가율,무역,-,4.6,%,%,rate,,,증감률,증가,증감률,KOSIS_VALUE,202410,2025-01-01,M,전년동월,,4,88,,ALTERNATE,NOT_TOP_TABLE,후순위 통계표 후보,"품목별,수출,수입,무역",lexical,88.0,Y,,,,134,DT_134006_N001,품목별 수입·수출현황,2017044,기업무역활동통계,품목별:가구 [A93]/item=N/score=18 | 품목별:가죽류 [A41]/item=N/score=18 | 품목별:가죽제품 [A42]/item=N/score=18 | 품목별:견직물[A50]/item=N/score=18 | 품목별:고무제품 [A40]/item=N/score=18 | 품목별:곡물 [A10]/item=N/score=18 | 품목별:곡물조제품[A19]/item=N/score=18 | 품목별:공구[A81]/item=N/score=18,T005,교역액 진입률,%,30,A001,품목별,A93,가구 ,32,itm/obj 후보 선택,direct,,"전년 대비 월간 수출 증가율은 8월(11%), 9월(7.5%), 10월(4.6%), 11월(1.4%)로 계속 감소 중이었으나, 12월에 6.6%로 반등에 성공한 것이다."
A0006-C018,A0006-C018-m3,수출 증가율,무역,-,4.6,%,%,rate,,,증감률,증가,증감률,KOSIS_VALUE,202410,2025-01-01,M,전년동월,,5,88,,ALTERNATE,NOT_TOP_TABLE,후순위 통계표 후보,"수출액,수출,수입",lexical,88.0,Y,,,,145,DT_145011_A006,화장품 수입 및 수출액 현황,2017087,화장품산업현황 > 화장품 수출입 현황,항목:수출액[T002]/item=Y/score=30 | 항목:수입액[T001]/item=Y/score=8,,,,,13999000,가상분류,DATA,데이터,2,itm/obj 후보 선택,,,"전년 대비 월간 수출 증가율은 8월(11%), 9월(7.5%), 10월(4.6%), 11월(1.4%)로 계속 감소 중이었으나, 12월에 6.6%로 반등에 성공한 것이다."
A0006-C018,A0006-C018-m4,수출 증가율,무역,-,1.4,%,%,rate,,,증감률,증가,증감률,KOSIS_VALUE,202411,2025-01-01,M,전년동월,,1,404,100,REJECT,NO_COMPATIBLE_ITEM,단위·지표 의미가 맞는 ITEM 없음,"품목별,수출액,수출,수입,무역",lexical,404.0,Y,,,,360,DT_1R11001_FRM101,"품목별 수출액, 수입액",1976045,SITC에의한무역통계,품목별:총액[13102112831A.A]/item=N/score=30 | 항목:수출액[13103112831T1]/item=Y/score=30 | 품목별:기타 우표 또는 수입인지우편요금 별납증지우편엽서[13102112831A.89649]/item=N/score=26 | 품목별:기타(우표 또는 수입인지 우편요금 별납증지  초일봉투 우편엽서(엽서) 및 이와 유사  )[13102112831A.89640]/item=N/score=26 | 품목별:우표 또는 수입인지 우편요금 별납증지  초일봉투 우편엽서(엽서) 및 이와 유사  [13102112831A.8964]/item=N/score=26 | 품목별:우표수입인지 또는 이와 유사한 물품  (우리나라에서 통용 또는 발행된 것  으로서 사[13102112831A.89283]/item=N/score=26 | 품목별:711.1항 또는 812.1항의 보일러용 부속  기기[13102112831A.71121]/item=N/score=20 | 품목별:711.1항 또는 812.1항의 보일러용 부속기기와 증기원동기용의 응축¿[13102112831A.7112]/item=N/score=20,,,,,13101112831A,품목별,13102112831A.A,총액,57,itm/obj 후보 선택,,,"전년 대비 월간 수출 증가율은 8월(11%), 9월(7.5%), 10월(4.6%), 11월(1.4%)로 계속 감소 중이었으나, 12월에 6.6%로 반등에 성공한 것이다."
A0006-C018,A0006-C018-m4,수출 증가율,무역,-,1.4,%,%,rate,,,증감률,증가,증감률,KOSIS_VALUE,202411,2025-01-01,M,전년동월,,2,100,,ALTERNATE,NOT_TOP_TABLE,후순위 통계표 후보,"수출액,수출,수입,국가별,무역",lexical,100.0,Y,,,,360,DT_1R11006_FRM101,"국가별 수출액, 수입액",1976045,SITC에의한무역통계,항목:수출액[13103103829T1]/item=Y/score=30 | 항목:수입액[13103103829T2]/item=Y/score=8 | 국가별:E.U.[13102103829E.EU]/item=N/score=6 | 국가별:가나[13102103829E.GH]/item=N/score=6 | 국가별:가봉[13102103829E.GA]/item=N/score=6 | 국가별:가이아나[13102103829E.GY]/item=N/score=6 | 국가별:감비아[13102103829E.GM]/item=N/score=6 | 국가별:건지[13102103829E.GG]/item=N/score=6,,,,,13101103829E,국가별,13102103829E.00,계,7,itm/obj 후보 선택,,,"전년 대비 월간 수출 증가율은 8월(11%), 9월(7.5%), 10월(4.6%), 11월(1.4%)로 계속 감소 중이었으나, 12월에 6.6%로 반등에 성공한 것이다."
A0006-C018,A0006-C018-m4,수출 증가율,무역,-,1.4,%,%,rate,,,증감률,증가,증감률,KOSIS_VALUE,202411,2025-01-01,M,전년동월,,3,96,,ALTERNATE,NOT_TOP_TABLE,후순위 통계표 후보,"품목별,수출액,수출",lexical,96.0,Y,,,,466,DT_446001_A027,쌀가루 생산판매 현황 : 품목별 수출액 - 총계,2024007,쌀가공식품제조업실태조사 > 쌀가공식품제조업,사업체특성별:주 생산 품목별(소분류)[A02]/item=N/score=18,,,,,A,사업체특성별,A02,주 생산 품목별(소분류),32,itm/obj 후보 선택,,,"전년 대비 월간 수출 증가율은 8월(11%), 9월(7.5%), 10월(4.6%), 11월(1.4%)로 계속 감소 중이었으나, 12월에 6.6%로 반등에 성공한 것이다."
A0006-C018,A0006-C018-m4,수출 증가율,무역,-,1.4,%,%,rate,,,증감률,증가,증감률,KOSIS_VALUE,202411,2025-01-01,M,전년동월,,4,88,,ALTERNATE,NOT_TOP_TABLE,후순위 통계표 후보,"품목별,수출,수입,무역",lexical,88.0,Y,,,,134,DT_134006_N001,품목별 수입·수출현황,2017044,기업무역활동통계,품목별:가구 [A93]/item=N/score=18 | 품목별:가죽류 [A41]/item=N/score=18 | 품목별:가죽제품 [A42]/item=N/score=18 | 품목별:견직물[A50]/item=N/score=18 | 품목별:고무제품 [A40]/item=N/score=18 | 품목별:곡물 [A10]/item=N/score=18 | 품목별:곡물조제품[A19]/item=N/score=18 | 품목별:공구[A81]/item=N/score=18,T005,교역액 진입률,%,30,A001,품목별,A93,가구 ,32,itm/obj 후보 선택,direct,,"전년 대비 월간 수출 증가율은 8월(11%), 9월(7.5%), 10월(4.6%), 11월(1.4%)로 계속 감소 중이었으나, 12월에 6.6%로 반등에 성공한 것이다."
A0006-C018,A0006-C018-m4,수출 증가율,무역,-,1.4,%,%,rate,,,증감률,증가,증감률,KOSIS_VALUE,202411,2025-01-01,M,전년동월,,5,88,,ALTERNATE,NOT_TOP_TABLE,후순위 통계표 후보,"수출액,수출,수입",lexical,88.0,Y,,,,145,DT_145011_A006,화장품 수입 및 수출액 현황,2017087,화장품산업현황 > 화장품 수출입 현황,항목:수출액[T002]/item=Y/score=30 | 항목:수입액[T001]/item=Y/score=8,,,,,13999000,가상분류,DATA,데이터,2,itm/obj 후보 선택,,,"전년 대비 월간 수출 증가율은 8월(11%), 9월(7.5%), 10월(4.6%), 11월(1.4%)로 계속 감소 중이었으나, 12월에 6.6%로 반등에 성공한 것이다."
A0006-C018,A0006-C018-m5,수출 증가율,무역,-,6.6,%,%,rate,,,증감률,증가,증감률,KOSIS_VALUE,202412,2025-01-01,M,전년동월,,1,404,100,REJECT,NO_COMPATIBLE_ITEM,단위·지표 의미가 맞는 ITEM 없음,"품목별,수출액,수출,수입,무역",lexical,404.0,Y,,,,360,DT_1R11001_FRM101,"품목별 수출액, 수입액",1976045,SITC에의한무역통계,품목별:총액[13102112831A.A]/item=N/score=30 | 항목:수출액[13103112831T1]/item=Y/score=30 | 품목별:기타 우표 또는 수입인지우편요금 별납증지우편엽서[13102112831A.89649]/item=N/score=26 | 품목별:기타(우표 또는 수입인지 우편요금 별납증지  초일봉투 우편엽서(엽서) 및 이와 유사  )[13102112831A.89640]/item=N/score=26 | 품목별:우표 또는 수입인지 우편요금 별납증지  초일봉투 우편엽서(엽서) 및 이와 유사  [13102112831A.8964]/item=N/score=26 | 품목별:우표수입인지 또는 이와 유사한 물품  (우리나라에서 통용 또는 발행된 것  으로서 사[13102112831A.89283]/item=N/score=26 | 품목별:711.1항 또는 812.1항의 보일러용 부속  기기[13102112831A.71121]/item=N/score=20 | 품목별:711.1항 또는 812.1항의 보일러용 부속기기와 증기원동기용의 응축¿[13102112831A.7112]/item=N/score=20,,,,,13101112831A,품목별,13102112831A.A,총액,57,itm/obj 후보 선택,,,"전년 대비 월간 수출 증가율은 8월(11%), 9월(7.5%), 10월(4.6%), 11월(1.4%)로 계속 감소 중이었으나, 12월에 6.6%로 반등에 성공한 것이다."
A0006-C018,A0006-C018-m5,수출 증가율,무역,-,6.6,%,%,rate,,,증감률,증가,증감률,KOSIS_VALUE,202412,2025-01-01,M,전년동월,,2,100,,ALTERNATE,NOT_TOP_TABLE,후순위 통계표 후보,"수출액,수출,수입,국가별,무역",lexical,100.0,Y,,,,360,DT_1R11006_FRM101,"국가별 수출액, 수입액",1976045,SITC에의한무역통계,항목:수출액[13103103829T1]/item=Y/score=30 | 항목:수입액[13103103829T2]/item=Y/score=8 | 국가별:E.U.[13102103829E.EU]/item=N/score=6 | 국가별:가나[13102103829E.GH]/item=N/score=6 | 국가별:가봉[13102103829E.GA]/item=N/score=6 | 국가별:가이아나[13102103829E.GY]/item=N/score=6 | 국가별:감비아[13102103829E.GM]/item=N/score=6 | 국가별:건지[13102103829E.GG]/item=N/score=6,,,,,13101103829E,국가별,13102103829E.00,계,7,itm/obj 후보 선택,,,"전년 대비 월간 수출 증가율은 8월(11%), 9월(7.5%), 10월(4.6%), 11월(1.4%)로 계속 감소 중이었으나, 12월에 6.6%로 반등에 성공한 것이다."
A0006-C018,A0006-C018-m5,수출 증가율,무역,-,6.6,%,%,rate,,,증감률,증가,증감률,KOSIS_VALUE,202412,2025-01-01,M,전년동월,,3,96,,ALTERNATE,NOT_TOP_TABLE,후순위 통계표 후보,"품목별,수출액,수출",lexical,96.0,Y,,,,466,DT_446001_A027,쌀가루 생산판매 현황 : 품목별 수출액 - 총계,2024007,쌀가공식품제조업실태조사 > 쌀가공식품제조업,사업체특성별:주 생산 품목별(소분류)[A02]/item=N/score=18,,,,,A,사업체특성별,A02,주 생산 품목별(소분류),32,itm/obj 후보 선택,,,"전년 대비 월간 수출 증가율은 8월(11%), 9월(7.5%), 10월(4.6%), 11월(1.4%)로 계속 감소 중이었으나, 12월에 6.6%로 반등에 성공한 것이다."
A0006-C018,A0006-C018-m5,수출 증가율,무역,-,6.6,%,%,rate,,,증감률,증가,증감률,KOSIS_VALUE,202412,2025-01-01,M,전년동월,,4,88,,ALTERNATE,NOT_TOP_TABLE,후순위 통계표 후보,"품목별,수출,수입,무역",lexical,88.0,Y,,,,134,DT_134006_N001,품목별 수입·수출현황,2017044,기업무역활동통계,품목별:가구 [A93]/item=N/score=18 | 품목별:가죽류 [A41]/item=N/score=18 | 품목별:가죽제품 [A42]/item=N/score=18 | 품목별:견직물[A50]/item=N/score=18 | 품목별:고무제품 [A40]/item=N/score=18 | 품목별:곡물 [A10]/item=N/score=18 | 품목별:곡물조제품[A19]/item=N/score=18 | 품목별:공구[A81]/item=N/score=18,T005,교역액 진입률,%,30,A001,품목별,A93,가구 ,32,itm/obj 후보 선택,direct,,"전년 대비 월간 수출 증가율은 8월(11%), 9월(7.5%), 10월(4.6%), 11월(1.4%)로 계속 감소 중이었으나, 12월에 6.6%로 반등에 성공한 것이다."
A0006-C018,A0006-C018-m5,수출 증가율,무역,-,6.6,%,%,rate,,,증감률,증가,증감률,KOSIS_VALUE,202412,2025-01-01,M,전년동월,,5,88,,ALTERNATE,NOT_TOP_TABLE,후순위 통계표 후보,"수출액,수출,수입",lexical,88.0,Y,,,,145,DT_145011_A006,화장품 수입 및 수출액 현황,2017087,화장품산업현황 > 화장품 수출입 현황,항목:수출액[T002]/item=Y/score=30 | 항목:수입액[T001]/item=Y/score=8,,,,,13999000,가상분류,DATA,데이터,2,itm/obj 후보 선택,,,"전년 대비 월간 수출 증가율은 8월(11%), 9월(7.5%), 10월(4.6%), 11월(1.4%)로 계속 감소 중이었으나, 12월에 6.6%로 반등에 성공한 것이다."
A0006-C019,A0006-C019-m1,반도체 수출 증가율,무역,반도체,31.5,%,%,rate,,,증감률,증가,증감률,KOSIS_VALUE,202412,2025-01-01,M,전년동월,,1,484,168,REJECT,NO_COMPATIBLE_ITEM,단위·지표 의미가 맞는 ITEM 없음,"품목별,수출액,수출,수입,무역",lexical,484.0,Y,,,,360,DT_1R11001_FRM101,"품목별 수출액, 수입액",1976045,SITC에의한무역통계,품목별:감광성 반도체 디바이스 및 발광다이오드 [13102112831A.77637]/item=N/score=60 | 품목별:다이오드트랜지스터 기타 이와 유사한 반도체 디바이스[13102112831A.7763]/item=N/score=60 | 품목별:기타 전자집적회로와 초소형 조립회로 [13102112831A.77649]/item=N/score=54 | 품목별:전자집적회로와 초소향 조립회로[13102112831A.7764]/item=N/score=54 | 품목별:776.81항의 압전기 결정소자 및 776.3항의  디바이스의 부분품[13102112831A.77688]/item=N/score=42 | 품목별:다이리스터 다이액과 트라이액(감광성 디  바이스 제외)[13102112831A.77635]/item=N/score=42 | 품목별:달리 명시되지 않은 액정 디바이스레이저 기기[13102112831A.8719]/item=N/score=42 | 품목별: 불이나 웨이퍼 반도체 장비 또는 집적회로 평면판표시장치 제조를 위한 기계 및 기구[13102112831A.72821]/item=N/score=36,,,,,13101112831A,품목별,13102112831A.77649,기타 전자집적회로와 초소형 조립회로 ,312,itm/obj 후보 선택,,,12월 수출도 한국의 최대 수출 품목인 반도체가 31.5% 증가한 145억 달러를 기록하며 호실적을 이끌었다.
A0006-C019,A0006-C019-m1,반도체 수출 증가율,무역,반도체,31.5,%,%,rate,,,증감률,증가,증감률,KOSIS_VALUE,202412,2025-01-01,M,전년동월,,2,168,,ALTERNATE,NOT_TOP_TABLE,후순위 통계표 후보,"품목별,수출,수입,무역",lexical,168.0,Y,,,,134,DT_134006_N001,품목별 수입·수출현황,2017044,기업무역활동통계,품목별:가구 [A93]/item=N/score=18 | 품목별:가죽류 [A41]/item=N/score=18 | 품목별:가죽제품 [A42]/item=N/score=18 | 품목별:견직물[A50]/item=N/score=18 | 품목별:고무제품 [A40]/item=N/score=18 | 품목별:곡물 [A10]/item=N/score=18 | 품목별:곡물조제품[A19]/item=N/score=18 | 품목별:공구[A81]/item=N/score=18,T005,교역액 진입률,%,30,A001,품목별,A93,가구 ,32,itm/obj 후보 선택,direct,,12월 수출도 한국의 최대 수출 품목인 반도체가 31.5% 증가한 145억 달러를 기록하며 호실적을 이끌었다.
A0006-C019,A0006-C019-m1,반도체 수출 증가율,무역,반도체,31.5,%,%,rate,,,증감률,증가,증감률,KOSIS_VALUE,202412,2025-01-01,M,전년동월,,3,152,,ALTERNATE,NOT_TOP_TABLE,후순위 통계표 후보,"품목별,수출",lexical,152.0,Y,,,,434,DT_434_STBL_1028692,게임기기 품목별 수출입 실적,2016058,문화체육관광산업통계 > 수출입 실적 현황,meta_index 없음 또는 코드명 매칭 없음,,,,,,,,,,meta 없음,,,12월 수출도 한국의 최대 수출 품목인 반도체가 31.5% 증가한 145억 달러를 기록하며 호실적을 이끌었다.
A0006-C019,A0006-C019-m1,반도체 수출 증가율,무역,반도체,31.5,%,%,rate,,,증감률,증가,증감률,KOSIS_VALUE,202412,2025-01-01,M,전년동월,,4,152,,ALTERNATE,NOT_TOP_TABLE,후순위 통계표 후보,"품목별,수출",lexical,152.0,Y,,,,434,DT_434_STBL_1028682,공예품 품목별 수출입 실적,2016058,문화체육관광산업통계 > 수출입 실적 현황,meta_index 없음 또는 코드명 매칭 없음,,,,,,,,,,meta 없음,,,12월 수출도 한국의 최대 수출 품목인 반도체가 31.5% 증가한 145억 달러를 기록하며 호실적을 이끌었다.
A0006-C019,A0006-C019-m1,반도체 수출 증가율,무역,반도체,31.5,%,%,rate,,,증감률,증가,증감률,KOSIS_VALUE,202412,2025-01-01,M,전년동월,,5,152,,ALTERNATE,NOT_TOP_TABLE,후순위 통계표 후보,"품목별,수출",lexical,152.0,Y,,,,434,DT_434_STBL_1028678,레저용품 품목별 수출입 실적,2016058,문화체육관광산업통계 > 수출입 실적 현황,meta_index 없음 또는 코드명 매칭 없음,,,,,,,,,,meta 없음,,,12월 수출도 한국의 최대 수출 품목인 반도체가 31.5% 증가한 145억 달러를 기록하며 호실적을 이끌었다.
A0006-C019,A0006-C019-m2,반도체 수출액,무역,반도체,14500000000,달러,달러,currency,,,수준값,증가,현재값,KOSIS_VALUE,202412,2025-01-01,M,전년동월,,1,484,168,REVIEW,CODESET_REQUIRED,반도체 집계용 OBJ 코드셋이 필요함,"수출액,품목별,수출,수입,무역",lexical,484.0,Y,,,,360,DT_1R11001_FRM101,"품목별 수출액, 수입액",1976045,SITC에의한무역통계,품목별:감광성 반도체 디바이스 및 발광다이오드 [13102112831A.77637]/item=N/score=60 | 품목별:다이오드트랜지스터 기타 이와 유사한 반도체 디바이스[13102112831A.7763]/item=N/score=60 | 품목별:기타 전자집적회로와 초소형 조립회로 [13102112831A.77649]/item=N/score=54 | 품목별:전자집적회로와 초소향 조립회로[13102112831A.7764]/item=N/score=54 | 품목별:776.81항의 압전기 결정소자 및 776.3항의  디바이스의 부분품[13102112831A.77688]/item=N/score=42 | 품목별:다이리스터 다이액과 트라이액(감광성 디  바이스 제외)[13102112831A.77635]/item=N/score=42 | 품목별:달리 명시되지 않은 액정 디바이스레이저 기기[13102112831A.8719]/item=N/score=42 | 품목별: 불이나 웨이퍼 반도체 장비 또는 집적회로 평면판표시장치 제조를 위한 기계 및 기구[13102112831A.72821]/item=N/score=36,13103112831T1,수출액,천달러,140,13101112831A,품목별,13102112831A.77649,기타 전자집적회로와 초소형 조립회로 ,297,itm/obj 후보 선택,direct,,12월 수출도 한국의 최대 수출 품목인 반도체가 31.5% 증가한 145억 달러를 기록하며 호실적을 이끌었다.
A0006-C019,A0006-C019-m2,반도체 수출액,무역,반도체,14500000000,달러,달러,currency,,,수준값,증가,현재값,KOSIS_VALUE,202412,2025-01-01,M,전년동월,,2,168,,ALTERNATE,NOT_TOP_TABLE,후순위 통계표 후보,"품목별,수출,수입,무역",lexical,168.0,Y,,,,134,DT_134006_N001,품목별 수입·수출현황,2017044,기업무역활동통계,품목별:가구 [A93]/item=N/score=18 | 품목별:가죽류 [A41]/item=N/score=18 | 품목별:가죽제품 [A42]/item=N/score=18 | 품목별:견직물[A50]/item=N/score=18 | 품목별:고무제품 [A40]/item=N/score=18 | 품목별:곡물 [A10]/item=N/score=18 | 품목별:곡물조제품[A19]/item=N/score=18 | 품목별:공구[A81]/item=N/score=18,T002,교역액,백만달러,30,A001,품목별,A93,가구 ,17,itm/obj 후보 선택,direct,,12월 수출도 한국의 최대 수출 품목인 반도체가 31.5% 증가한 145억 달러를 기록하며 호실적을 이끌었다.
A0006-C019,A0006-C019-m2,반도체 수출액,무역,반도체,14500000000,달러,달러,currency,,,수준값,증가,현재값,KOSIS_VALUE,202412,2025-01-01,M,전년동월,,3,152,,ALTERNATE,NOT_TOP_TABLE,후순위 통계표 후보,"품목별,수출",lexical,152.0,Y,,,,434,DT_434_STBL_1028692,게임기기 품목별 수출입 실적,2016058,문화체육관광산업통계 > 수출입 실적 현황,meta_index 없음 또는 코드명 매칭 없음,,,,,,,,,,meta 없음,,,12월 수출도 한국의 최대 수출 품목인 반도체가 31.5% 증가한 145억 달러를 기록하며 호실적을 이끌었다.
A0006-C019,A0006-C019-m2,반도체 수출액,무역,반도체,14500000000,달러,달러,currency,,,수준값,증가,현재값,KOSIS_VALUE,202412,2025-01-01,M,전년동월,,4,152,,ALTERNATE,NOT_TOP_TABLE,후순위 통계표 후보,"품목별,수출",lexical,152.0,Y,,,,434,DT_434_STBL_1028682,공예품 품목별 수출입 실적,2016058,문화체육관광산업통계 > 수출입 실적 현황,meta_index 없음 또는 코드명 매칭 없음,,,,,,,,,,meta 없음,,,12월 수출도 한국의 최대 수출 품목인 반도체가 31.5% 증가한 145억 달러를 기록하며 호실적을 이끌었다.
A0006-C019,A0006-C019-m2,반도체 수출액,무역,반도체,14500000000,달러,달러,currency,,,수준값,증가,현재값,KOSIS_VALUE,202412,2025-01-01,M,전년동월,,5,152,,ALTERNATE,NOT_TOP_TABLE,후순위 통계표 후보,"품목별,수출",lexical,152.0,Y,,,,434,DT_434_STBL_1028678,레저용품 품목별 수출입 실적,2016058,문화체육관광산업통계 > 수출입 실적 현황,meta_index 없음 또는 코드명 매칭 없음,,,,,,,,,,meta 없음,,,12월 수출도 한국의 최대 수출 품목인 반도체가 31.5% 증가한 145억 달러를 기록하며 호실적을 이끌었다.
A0009-C001,A0009-C001-m1,국제선 여객 수,무역,-,47200000,명,명,person_count,,,수준값,-,현재값,KOSIS_VALUE,2023,2025-01-01,Y,-,,1,320,288,READY,READY,통계표·ITEM·OBJ·단위 의미 확정,"국제선,항공",lexical,320.0,Y,,,,381,DT_920005_B005,국제선 지역별 통계,2005006,항공통계,항목:여객[T002]/item=Y/score=12,T002,여객,명,40,B,도착출발별,B01,계,7,itm/obj 후보 선택,direct,,7 2023년 국적기로 국제선을 이용한 여객 4720만여 명 가운데 저비용항공사(LCC) 이용객이 2419만여 명으로 대형항공사(대한항공·아시아나항공) 이용객 2300만여 명을 처음으로 넘어섰다.
A0009-C001,A0009-C001-m1,국제선 여객 수,무역,-,47200000,명,명,person_count,,,수준값,-,현재값,KOSIS_VALUE,2023,2025-01-01,Y,-,,2,288,,ALTERNATE,NOT_TOP_TABLE,후순위 통계표 후보,"여객,교통",lexical,288.0,Y,,,,116,DT_MLTM_5376,국내·국제여객 연도별 수송수단별,1975011,교통부문수송실적보고,구분(2):항공(인)[13102890143B.0006]/item=N/score=4 | 구분(2):항공(인-키로)[13102890143B.0012]/item=N/score=4,,,,,13101890143A,구분(1),13102890143A.0001,국내,2,itm/obj 후보 선택,,,7 2023년 국적기로 국제선을 이용한 여객 4720만여 명 가운데 저비용항공사(LCC) 이용객이 2419만여 명으로 대형항공사(대한항공·아시아나항공) 이용객 2300만여 명을 처음으로 넘어섰다.
A0009-C001,A0009-C001-m1,국제선 여객 수,무역,-,47200000,명,명,person_count,,,수준값,-,현재값,KOSIS_VALUE,2023,2025-01-01,Y,-,,3,288,,ALTERNATE,NOT_TOP_TABLE,후순위 통계표 후보,"여객,교통",lexical,288.0,Y,,,,116,DT_MLTM_1048,국내·국제여객 월별 수송수단별,1975011,교통부문수송실적보고,meta_index 없음 또는 코드명 매칭 없음,,,,,,,,,,meta 없음,,,7 2023년 국적기로 국제선을 이용한 여객 4720만여 명 가운데 저비용항공사(LCC) 이용객이 2419만여 명으로 대형항공사(대한항공·아시아나항공) 이용객 2300만여 명을 처음으로 넘어섰다.
A0009-C001,A0009-C001-m1,국제선 여객 수,무역,-,47200000,명,명,person_count,,,수준값,-,현재값,KOSIS_VALUE,2023,2025-01-01,Y,-,,4,288,,ALTERNATE,NOT_TOP_TABLE,후순위 통계표 후보,"여객,교통",lexical,288.0,Y,,,,116,DT_MLTM_1050,국내·국제여객총괄,1975011,교통부문수송실적보고,meta_index 없음 또는 코드명 매칭 없음,,,,,,,,,,meta 없음,,,7 2023년 국적기로 국제선을 이용한 여객 4720만여 명 가운데 저비용항공사(LCC) 이용객이 2419만여 명으로 대형항공사(대한항공·아시아나항공) 이용객 2300만여 명을 처음으로 넘어섰다.
A0009-C001,A0009-C001-m1,국제선 여객 수,무역,-,47200000,명,명,person_count,,,수준값,-,현재값,KOSIS_VALUE,2023,2025-01-01,Y,-,,5,272,,ALTERNATE,NOT_TOP_TABLE,후순위 통계표 후보,항공,lexical,272.0,Y,,,,381,DT_920005_B008,항공사별 통계,2005006,항공통계,항목:여객[T002]/item=Y/score=12 | 항공사별:아시아나항공[A03]/item=N/score=10 | 항공사별:대한항공[A02]/item=N/score=8 | 항공사별:에어로케이[A13]/item=N/score=4 | 항공사별:에어부산[A07]/item=N/score=4 | 항공사별:에어서울[A09]/item=N/score=4 | 항공사별:에어제타[A10]/item=N/score=4 | 항공사별:에어프레미아[A14]/item=N/score=4,T002,여객,명,40,B,도착출발별,B01,계,7,itm/obj 후보 선택,direct,,7 2023년 국적기로 국제선을 이용한 여객 4720만여 명 가운데 저비용항공사(LCC) 이용객이 2419만여 명으로 대형항공사(대한항공·아시아나항공) 이용객 2300만여 명을 처음으로 넘어섰다.
A0009-C001,A0009-C001-m2,LCC 이용객 수,무역,-,24190000,명,명,person_count,,,수준값,-,현재값,KOSIS_VALUE,2023,2025-01-01,Y,-,,1,480,278,REVIEW,CODESET_REQUIRED,LCC 항공사 묶음 OBJ 코드셋이 필요함,,lexical,480.0,Y,,,,381,DT_920005_B008,항공사별 통계,2005006,항공통계,항목:여객[T002]/item=Y/score=8 | 항공사별:아시아나항공[A03]/item=N/score=6 | 항공사별:대한항공[A02]/item=N/score=4,T002,여객,명,30,B,도착출발별,B01,계,7,itm/obj 후보 선택,direct,,7 2023년 국적기로 국제선을 이용한 여객 4720만여 명 가운데 저비용항공사(LCC) 이용객이 2419만여 명으로 대형항공사(대한항공·아시아나항공) 이용객 2300만여 명을 처음으로 넘어섰다.
A0009-C001,A0009-C001-m2,LCC 이용객 수,무역,-,24190000,명,명,person_count,,,수준값,-,현재값,KOSIS_VALUE,2023,2025-01-01,Y,-,,2,278,,ALTERNATE,NOT_TOP_TABLE,후순위 통계표 후보,국제선,lexical,278.0,Y,,,,381,DT_920005_B005,국제선 지역별 통계,2005006,항공통계,항목:여객[T002]/item=Y/score=8,T002,여객,명,30,B,도착출발별,B01,계,7,itm/obj 후보 선택,direct,,7 2023년 국적기로 국제선을 이용한 여객 4720만여 명 가운데 저비용항공사(LCC) 이용객이 2419만여 명으로 대형항공사(대한항공·아시아나항공) 이용객 2300만여 명을 처음으로 넘어섰다.
A0009-C001,A0009-C001-m2,LCC 이용객 수,무역,-,24190000,명,명,person_count,,,수준값,-,현재값,KOSIS_VALUE,2023,2025-01-01,Y,-,,3,276,,ALTERNATE,NOT_TOP_TABLE,후순위 통계표 후보,여객,lexical,276.0,Y,,,,116,DT_MLTM_5376,국내·국제여객 연도별 수송수단별,1975011,교통부문수송실적보고,meta_index 없음 또는 코드명 매칭 없음,,,,,13101890143A,구분(1),13102890143A.0001,국내,2,itm/obj 후보 선택,,,7 2023년 국적기로 국제선을 이용한 여객 4720만여 명 가운데 저비용항공사(LCC) 이용객이 2419만여 명으로 대형항공사(대한항공·아시아나항공) 이용객 2300만여 명을 처음으로 넘어섰다.
A0009-C001,A0009-C001-m2,LCC 이용객 수,무역,-,24190000,명,명,person_count,,,수준값,-,현재값,KOSIS_VALUE,2023,2025-01-01,Y,-,,4,276,,ALTERNATE,NOT_TOP_TABLE,후순위 통계표 후보,여객,lexical,276.0,Y,,,,116,DT_MLTM_1048,국내·국제여객 월별 수송수단별,1975011,교통부문수송실적보고,meta_index 없음 또는 코드명 매칭 없음,,,,,,,,,,meta 없음,,,7 2023년 국적기로 국제선을 이용한 여객 4720만여 명 가운데 저비용항공사(LCC) 이용객이 2419만여 명으로 대형항공사(대한항공·아시아나항공) 이용객 2300만여 명을 처음으로 넘어섰다.
A0009-C001,A0009-C001-m2,LCC 이용객 수,무역,-,24190000,명,명,person_count,,,수준값,-,현재값,KOSIS_VALUE,2023,2025-01-01,Y,-,,5,276,,ALTERNATE,NOT_TOP_TABLE,후순위 통계표 후보,여객,lexical,276.0,Y,,,,116,DT_MLTM_1050,국내·국제여객총괄,1975011,교통부문수송실적보고,meta_index 없음 또는 코드명 매칭 없음,,,,,,,,,,meta 없음,,,7 2023년 국적기로 국제선을 이용한 여객 4720만여 명 가운데 저비용항공사(LCC) 이용객이 2419만여 명으로 대형항공사(대한항공·아시아나항공) 이용객 2300만여 명을 처음으로 넘어섰다.
A0009-C001,A0009-C001-m3,대형항공사 이용객 수,무역,-,23000000,명,명,person_count,,,수준값,-,현재값,KOSIS_VALUE,2023,2025-01-01,Y,-,,1,492,288,REVIEW,CODESET_REQUIRED,대형 항공사 묶음 OBJ 코드셋이 필요함,항공,lexical,492.0,Y,,,,381,DT_920005_B008,항공사별 통계,2005006,항공통계,항목:여객[T002]/item=Y/score=12 | 항공사별:아시아나항공[A03]/item=N/score=10 | 항공사별:대한항공[A02]/item=N/score=8 | 항공사별:에어로케이[A13]/item=N/score=4 | 항공사별:에어부산[A07]/item=N/score=4 | 항공사별:에어서울[A09]/item=N/score=4 | 항공사별:에어제타[A10]/item=N/score=4 | 항공사별:에어프레미아[A14]/item=N/score=4,T002,여객,명,30,B,도착출발별,B01,계,7,itm/obj 후보 선택,direct,,7 2023년 국적기로 국제선을 이용한 여객 4720만여 명 가운데 저비용항공사(LCC) 이용객이 2419만여 명으로 대형항공사(대한항공·아시아나항공) 이용객 2300만여 명을 처음으로 넘어섰다.
A0009-C001,A0009-C001-m3,대형항공사 이용객 수,무역,-,23000000,명,명,person_count,,,수준값,-,현재값,KOSIS_VALUE,2023,2025-01-01,Y,-,,2,288,,ALTERNATE,NOT_TOP_TABLE,후순위 통계표 후보,"여객,교통",lexical,288.0,Y,,,,116,DT_MLTM_5376,국내·국제여객 연도별 수송수단별,1975011,교통부문수송실적보고,구분(2):항공(인)[13102890143B.0006]/item=N/score=4 | 구분(2):항공(인-키로)[13102890143B.0012]/item=N/score=4,,,,,13101890143A,구분(1),13102890143A.0001,국내,2,itm/obj 후보 선택,,,7 2023년 국적기로 국제선을 이용한 여객 4720만여 명 가운데 저비용항공사(LCC) 이용객이 2419만여 명으로 대형항공사(대한항공·아시아나항공) 이용객 2300만여 명을 처음으로 넘어섰다.
A0009-C001,A0009-C001-m3,대형항공사 이용객 수,무역,-,23000000,명,명,person_count,,,수준값,-,현재값,KOSIS_VALUE,2023,2025-01-01,Y,-,,3,288,,ALTERNATE,NOT_TOP_TABLE,후순위 통계표 후보,"여객,교통",lexical,288.0,Y,,,,116,DT_MLTM_1048,국내·국제여객 월별 수송수단별,1975011,교통부문수송실적보고,meta_index 없음 또는 코드명 매칭 없음,,,,,,,,,,meta 없음,,,7 2023년 국적기로 국제선을 이용한 여객 4720만여 명 가운데 저비용항공사(LCC) 이용객이 2419만여 명으로 대형항공사(대한항공·아시아나항공) 이용객 2300만여 명을 처음으로 넘어섰다.
A0009-C001,A0009-C001-m3,대형항공사 이용객 수,무역,-,23000000,명,명,person_count,,,수준값,-,현재값,KOSIS_VALUE,2023,2025-01-01,Y,-,,4,288,,ALTERNATE,NOT_TOP_TABLE,후순위 통계표 후보,"여객,교통",lexical,288.0,Y,,,,116,DT_MLTM_1050,국내·국제여객총괄,1975011,교통부문수송실적보고,meta_index 없음 또는 코드명 매칭 없음,,,,,,,,,,meta 없음,,,7 2023년 국적기로 국제선을 이용한 여객 4720만여 명 가운데 저비용항공사(LCC) 이용객이 2419만여 명으로 대형항공사(대한항공·아시아나항공) 이용객 2300만여 명을 처음으로 넘어섰다.
A0009-C001,A0009-C001-m3,대형항공사 이용객 수,무역,-,23000000,명,명,person_count,,,수준값,-,현재값,KOSIS_VALUE,2023,2025-01-01,Y,-,,5,282,,ALTERNATE,NOT_TOP_TABLE,후순위 통계표 후보,"국제선,항공",lexical,282.0,Y,,,,381,DT_920005_B005,국제선 지역별 통계,2005006,항공통계,항목:여객[T002]/item=Y/score=12,T002,여객,명,30,B,도착출발별,B01,계,7,itm/obj 후보 선택,direct,,7 2023년 국적기로 국제선을 이용한 여객 4720만여 명 가운데 저비용항공사(LCC) 이용객이 2419만여 명으로 대형항공사(대한항공·아시아나항공) 이용객 2300만여 명을 처음으로 넘어섰다.
A0009-C009,A0009-C009-m4,대형 항공사 정비사 수,고용,-,4248,명,명,person_count,,,수준값,-,현재값,KOSIS_VALUE,2023년말,2025-01-01,Y,-,,1,628,44,REJECT,NO_COMPATIBLE_ITEM,단위·지표 의미가 맞는 ITEM 없음,"항공사,항공",lexical,628.0,Y,,,,381,DT_920005_B008,항공사별 통계,2005006,항공통계,항공사별:아시아나항공[A03]/item=N/score=28 | 항공사별:대한항공[A02]/item=N/score=26 | 항공사별:에어로케이[A13]/item=N/score=22 | 항공사별:에어부산[A07]/item=N/score=22 | 항공사별:에어서울[A09]/item=N/score=22 | 항공사별:에어제타[A10]/item=N/score=22 | 항공사별:에어프레미아[A14]/item=N/score=22 | 항공사별:외항사[A12]/item=N/score=22,,,,,A,항공사별,A02,대한항공,17,itm/obj 후보 선택,,,"◇급성장한 LCC, 안전 투자는 미흡 국토교통부가 지난해 9월 발표한 ‘2023 항공안전백서’에 따르면, 국내 12개 항공사의 정비사 총 5849명(2023년말 기준) 가운데 대형 항공사인 대한항공, 아시아나항공 등 2사 소속은 4248명이었다."
A0009-C009,A0009-C009-m4,대형 항공사 정비사 수,고용,-,4248,명,명,person_count,,,수준값,-,현재값,KOSIS_VALUE,2023년말,2025-01-01,Y,-,,2,44,,ALTERNATE,NOT_TOP_TABLE,후순위 통계표 후보,항공,lexical,44.0,Y,,,,381,DT_920005_B005,국제선 지역별 통계,2005006,항공통계,항목:여객[T002]/item=Y/score=4,,,,,B,도착출발별,B01,계,7,itm/obj 후보 선택,,,"◇급성장한 LCC, 안전 투자는 미흡 국토교통부가 지난해 9월 발표한 ‘2023 항공안전백서’에 따르면, 국내 12개 항공사의 정비사 총 5849명(2023년말 기준) 가운데 대형 항공사인 대한항공, 아시아나항공 등 2사 소속은 4248명이었다."
A0009-C010,A0009-C010-m2,LCC 정비사 수,고용,제주항공·진에어 등 LCC 10사,1601,명,명,person_count,,,수준값,-,현재값,KOSIS_VALUE,2023년말,2025-01-01,Y,-,,1,560,40,REJECT,NO_COMPATIBLE_ITEM,단위·지표 의미가 맞는 ITEM 없음,,lexical,560.0,Y,,,,381,DT_920005_B008,항공사별 통계,2005006,항공통계,항공사별:제주항공[A04]/item=N/score=24 | 항공사별:진에어[A05]/item=N/score=18,,,,,A,항공사별,A04,제주항공,22,itm/obj 후보 선택,,,"제주항공·진에어 등 LCC 10사의 정비사는 모두 1601명으로, 대형항공사의 3분의 1 수준(37.7%)에 그쳤다."
A0009-C010,A0009-C010-m2,LCC 정비사 수,고용,제주항공·진에어 등 LCC 10사,1601,명,명,person_count,,,수준값,-,현재값,KOSIS_VALUE,2023년말,2025-01-01,Y,-,,2,40,,ALTERNATE,NOT_TOP_TABLE,후순위 통계표 후보,,lexical,40.0,Y,,,,381,DT_920005_B005,국제선 지역별 통계,2005006,항공통계,meta_index 없음 또는 코드명 매칭 없음,,,,,B,도착출발별,B01,계,7,itm/obj 후보 선택,,,"제주항공·진에어 등 LCC 10사의 정비사는 모두 1601명으로, 대형항공사의 3분의 1 수준(37.7%)에 그쳤다."
A0009-C010,A0009-C010-m3,LCC 정비사 비율,고용,대형항공사 대비,37.7,%,%,rate,,,비중,-,현재값,KOSIS_VALUE,2023년말,2025-01-01,Y,-,,1,560,40,REJECT,NO_COMPATIBLE_ITEM,단위·지표 의미가 맞는 ITEM 없음,,lexical,560.0,Y,,,,381,DT_920005_B008,항공사별 통계,2005006,항공통계,항공사별:제주항공[A04]/item=N/score=4 | 항공사별:진에어[A05]/item=N/score=3,,,,,B,도착출발별,B01,계,7,itm/obj 후보 선택,,,"제주항공·진에어 등 LCC 10사의 정비사는 모두 1601명으로, 대형항공사의 3분의 1 수준(37.7%)에 그쳤다."
A0009-C010,A0009-C010-m3,LCC 정비사 비율,고용,대형항공사 대비,37.7,%,%,rate,,,비중,-,현재값,KOSIS_VALUE,2023년말,2025-01-01,Y,-,,2,40,,ALTERNATE,NOT_TOP_TABLE,후순위 통계표 후보,,lexical,40.0,Y,,,,381,DT_920005_B005,국제선 지역별 통계,2005006,항공통계,meta_index 없음 또는 코드명 매칭 없음,,,,,B,도착출발별,B01,계,7,itm/obj 후보 선택,,,"제주항공·진에어 등 LCC 10사의 정비사는 모두 1601명으로, 대형항공사의 3분의 1 수준(37.7%)에 그쳤다."
A0009-C011,A0009-C011-m1,정비사 보유 비율,고용,대형항공사,16,명,명,person_count,,,수준값,-,현재값,KOSIS_VALUE,2023,2025-01-01,Y,전년,,1,220,,REJECT,NO_COMPATIBLE_ITEM,단위·지표 의미가 맞는 ITEM 없음,,lexical,220.0,Y,,,,381,DT_920005_B008,항공사별 통계,2005006,항공통계,meta_index 없음 또는 코드명 매칭 없음,,,,,B,도착출발별,B01,계,7,itm/obj 후보 선택,,,"이를 각 사의 항공기 보유 대수로 나눠보면, 대형항공사들은 대당 16~18명 수준의 정비사를 보유하고 있지만 LCC는 10.6명이었다."
A0009-C011,A0009-C011-m2,정비사 보유 비율,고용,대형항공사,18,명,명,person_count,,,수준값,-,현재값,KOSIS_VALUE,2023,2025-01-01,Y,전년,,1,220,,REJECT,NO_COMPATIBLE_ITEM,단위·지표 의미가 맞는 ITEM 없음,,lexical,220.0,Y,,,,381,DT_920005_B008,항공사별 통계,2005006,항공통계,meta_index 없음 또는 코드명 매칭 없음,,,,,B,도착출발별,B01,계,7,itm/obj 후보 선택,,,"이를 각 사의 항공기 보유 대수로 나눠보면, 대형항공사들은 대당 16~18명 수준의 정비사를 보유하고 있지만 LCC는 10.6명이었다."
A0009-C011,A0009-C011-m3,정비사 보유 비율,고용,LCC,10.6,명,명,person_count,,,수준값,-,현재값,KOSIS_VALUE,2023,2025-01-01,Y,전년,,1,220,,REJECT,NO_COMPATIBLE_ITEM,단위·지표 의미가 맞는 ITEM 없음,,lexical,220.0,Y,,,,381,DT_920005_B008,항공사별 통계,2005006,항공통계,meta_index 없음 또는 코드명 매칭 없음,,,,,B,도착출발별,B01,계,7,itm/obj 후보 선택,,,"이를 각 사의 항공기 보유 대수로 나눠보면, 대형항공사들은 대당 16~18명 수준의 정비사를 보유하고 있지만 LCC는 10.6명이었다."
A0009-C015,A0009-C015-m1,정비사 비율,고용,항공기,12,명,명,person_count,,,수준값,-,참고값,KOSIS_VALUE,2023,2025-01-01,Y,전년,,1,220,,REJECT,NO_COMPATIBLE_ITEM,단위·지표 의미가 맞는 ITEM 없음,,lexical,220.0,Y,,,,381,DT_920005_B008,항공사별 통계,2005006,항공통계,meta_index 없음 또는 코드명 매칭 없음,,,,,B,도착출발별,B01,계,7,itm/obj 후보 선택,,,정부가 내세운 기준은 항공기 1대당 정비사 12명(당시 9~11명)이었다.
A0009-C015,A0009-C015-m2,정비사 비율,고용,항공기,9,명,명,person_count,,,수준값,-,참고값,KOSIS_VALUE,2023,2025-01-01,Y,전년,,1,220,,REJECT,NO_COMPATIBLE_ITEM,단위·지표 의미가 맞는 ITEM 없음,,lexical,220.0,Y,,,,381,DT_920005_B008,항공사별 통계,2005006,항공통계,meta_index 없음 또는 코드명 매칭 없음,,,,,B,도착출발별,B01,계,7,itm/obj 후보 선택,,,정부가 내세운 기준은 항공기 1대당 정비사 12명(당시 9~11명)이었다.
A0009-C016,A0009-C016-m1,정비사 수,고용,제주항공,11.2,명,명,person_count,,,수준값,-,현재값,KOSIS_VALUE,2023년,2025-01-01,Y,전년,,1,238,,REJECT,NO_COMPATIBLE_ITEM,단위·지표 의미가 맞는 ITEM 없음,항공사,lexical,238.0,Y,,,,381,DT_920005_B008,항공사별 통계,2005006,항공통계,항공사별:제주항공[A04]/item=N/score=29 | 항공사별:대한항공[A02]/item=N/score=9 | 항공사별:아시아나항공[A03]/item=N/score=9 | 항공사별:에어로케이[A13]/item=N/score=9 | 항공사별:에어부산[A07]/item=N/score=9 | 항공사별:에어서울[A09]/item=N/score=9 | 항공사별:에어제타[A10]/item=N/score=9 | 항공사별:에어프레미아[A14]/item=N/score=9,,,,,A,항공사별,A04,제주항공,22,itm/obj 후보 선택,,,"하지만 지난해 국토부 백서에 따르면, LCC 중 가장 정비사 수가 많은 제주항공도 대당 정비사가 11.2명에 그쳤다."
A0009-C017,A0009-C017-m1,정비사 수,고용,제주항공,522,명,명,person_count,,,수준값,-,현재값,KOSIS_VALUE,2025,2025-01-01,Y,특정시점,,1,226,,REJECT,NO_COMPATIBLE_ITEM,단위·지표 의미가 맞는 ITEM 없음,통계,lexical,226.0,Y,,,,381,DT_920005_B008,항공사별 통계,2005006,항공통계,항공사별:제주항공[A04]/item=N/score=24,,,,,A,항공사별,A04,제주항공,22,itm/obj 후보 선택,,,이에 대해 제주항공 측은 “정부의 통계 시점인 2023년 말 이후 정비사를 충원해 현재는 정비사가 522명으로 대당 12.7명 수준으로 개선했다”며 “2025년말까지 560명으로 늘리겠다”고 밝혔다.
A0009-C017,A0009-C017-m2,대당 정비사 수,고용,제주항공,12.7,명,명,person_count,,,수준값,-,현재값,KOSIS_VALUE,2025,2025-01-01,Y,특정시점,,1,226,,REJECT,NO_COMPATIBLE_ITEM,단위·지표 의미가 맞는 ITEM 없음,통계,lexical,226.0,Y,,,,381,DT_920005_B008,항공사별 통계,2005006,항공통계,항공사별:제주항공[A04]/item=N/score=24,,,,,A,항공사별,A04,제주항공,22,itm/obj 후보 선택,,,이에 대해 제주항공 측은 “정부의 통계 시점인 2023년 말 이후 정비사를 충원해 현재는 정비사가 522명으로 대당 12.7명 수준으로 개선했다”며 “2025년말까지 560명으로 늘리겠다”고 밝혔다.
A0009-C030,A0009-C030-m1,항공기 정비 비용,소매·소비,LCC,5387000000,원,원,currency,,,수준값,-,현재값,KOSIS_VALUE,2025,2025-01-01,Y,전년,,1,226,204,REVIEW,CODESET_REQUIRED,LCC 항공사 묶음 OBJ 코드셋이 필요함,"항공기,항공",lexical,226.0,Y,,,,110,TX_11007_A674,9-2-5. 항공기 과세현황,1986014,지방세통계 > 지방세 부과·징수 실적 > 지방세 세목별 부과실적 > 9. 재산세 > 9-2-4. 선박항공기 과세상황,meta_index 없음 또는 코드명 매칭 없음,16110ABD5,과표,천원,30,15110AA3,시도별,15110AA3AkAH,강원특별자치도,2,itm/obj 후보 선택,direct,,"대당 53억8700만여원으로, 대한항공(127억원), 아시아나항공(138억원)의 절반 이하다."
A0009-C030,A0009-C030-m1,항공기 정비 비용,소매·소비,LCC,5387000000,원,원,currency,,,수준값,-,현재값,KOSIS_VALUE,2025,2025-01-01,Y,전년,,2,204,,ALTERNATE,NOT_TOP_TABLE,후순위 통계표 후보,"항공기,항공",lexical,204.0,Y,,,,141,DT_141007N_001,[항공기상] 공항기상관측의 지점별 연·월 통계,2006104,기상관측통계,지점별:139 포항공항[139]/item=N/score=4,,,,,A000,지점별,092,092 양양공항,2,itm/obj 후보 선택,,,"대당 53억8700만여원으로, 대한항공(127억원), 아시아나항공(138억원)의 절반 이하다."
A0009-C030,A0009-C030-m1,항공기 정비 비용,소매·소비,LCC,5387000000,원,원,currency,,,수준값,-,현재값,KOSIS_VALUE,2025,2025-01-01,Y,전년,,3,204,,ALTERNATE,NOT_TOP_TABLE,후순위 통계표 후보,"항공기,항공",lexical,204.0,Y,,,,141,DT_142002_F002,[항공기상] 항공기후정보(5년누년 공항기후개요),2006104,기상관측통계,meta_index 없음 또는 코드명 매칭 없음,,,,,,,,,,meta 없음,,,"대당 53억8700만여원으로, 대한항공(127억원), 아시아나항공(138억원)의 절반 이하다."
A0009-C030,A0009-C030-m1,항공기 정비 비용,소매·소비,LCC,5387000000,원,원,currency,,,수준값,-,현재값,KOSIS_VALUE,2025,2025-01-01,Y,전년,,4,204,,ALTERNATE,NOT_TOP_TABLE,후순위 통계표 후보,"항공기,항공",lexical,204.0,Y,,,,141,DT_142002_F001,[항공기상] 항공기후정보(5년누년 공항기후표),2006104,기상관측통계,meta_index 없음 또는 코드명 매칭 없음,,,,,,,,,,meta 없음,,,"대당 53억8700만여원으로, 대한항공(127억원), 아시아나항공(138억원)의 절반 이하다."
A0009-C030,A0009-C030-m1,항공기 정비 비용,소매·소비,LCC,5387000000,원,원,currency,,,수준값,-,현재값,KOSIS_VALUE,2025,2025-01-01,Y,전년,,5,204,,ALTERNATE,NOT_TOP_TABLE,후순위 통계표 후보,"항공기,항공",lexical,204.0,Y,,,,111,DT_091_111_2009_S014,공항별 출입항 항공기 및 승무원,1975049,출입국자및체류외국인통계 > 출입국자통계,meta_index 없음 또는 코드명 매칭 없음,,,,,,,,,,meta 없음,,,"대당 53억8700만여원으로, 대한항공(127억원), 아시아나항공(138억원)의 절반 이하다."
A0009-C030,A0009-C030-m2,항공기 정비 비용,소매·소비,대한항공,12700000000,원,원,currency,,,수준값,-,참고값,KOSIS_VALUE,2025,2025-01-01,Y,전년,,1,226,204,READY,READY,통계표·ITEM·OBJ·단위 의미 확정,"항공기,항공",lexical,226.0,Y,,,,110,TX_11007_A674,9-2-5. 항공기 과세현황,1986014,지방세통계 > 지방세 부과·징수 실적 > 지방세 세목별 부과실적 > 9. 재산세 > 9-2-4. 선박항공기 과세상황,meta_index 없음 또는 코드명 매칭 없음,16110ABD5,과표,천원,30,15110AA3,시도별,15110AA3AkAH,강원특별자치도,2,itm/obj 후보 선택,direct,,"대당 53억8700만여원으로, 대한항공(127억원), 아시아나항공(138억원)의 절반 이하다."
A0009-C030,A0009-C030-m2,항공기 정비 비용,소매·소비,대한항공,12700000000,원,원,currency,,,수준값,-,참고값,KOSIS_VALUE,2025,2025-01-01,Y,전년,,2,204,,ALTERNATE,NOT_TOP_TABLE,후순위 통계표 후보,"항공기,항공",lexical,204.0,Y,,,,141,DT_141007N_001,[항공기상] 공항기상관측의 지점별 연·월 통계,2006104,기상관측통계,지점별:139 포항공항[139]/item=N/score=4,,,,,A000,지점별,092,092 양양공항,2,itm/obj 후보 선택,,,"대당 53억8700만여원으로, 대한항공(127억원), 아시아나항공(138억원)의 절반 이하다."
A0009-C030,A0009-C030-m2,항공기 정비 비용,소매·소비,대한항공,12700000000,원,원,currency,,,수준값,-,참고값,KOSIS_VALUE,2025,2025-01-01,Y,전년,,3,204,,ALTERNATE,NOT_TOP_TABLE,후순위 통계표 후보,"항공기,항공",lexical,204.0,Y,,,,141,DT_142002_F002,[항공기상] 항공기후정보(5년누년 공항기후개요),2006104,기상관측통계,meta_index 없음 또는 코드명 매칭 없음,,,,,,,,,,meta 없음,,,"대당 53억8700만여원으로, 대한항공(127억원), 아시아나항공(138억원)의 절반 이하다."
A0009-C030,A0009-C030-m2,항공기 정비 비용,소매·소비,대한항공,12700000000,원,원,currency,,,수준값,-,참고값,KOSIS_VALUE,2025,2025-01-01,Y,전년,,4,204,,ALTERNATE,NOT_TOP_TABLE,후순위 통계표 후보,"항공기,항공",lexical,204.0,Y,,,,141,DT_142002_F001,[항공기상] 항공기후정보(5년누년 공항기후표),2006104,기상관측통계,meta_index 없음 또는 코드명 매칭 없음,,,,,,,,,,meta 없음,,,"대당 53억8700만여원으로, 대한항공(127억원), 아시아나항공(138억원)의 절반 이하다."
A0009-C030,A0009-C030-m2,항공기 정비 비용,소매·소비,대한항공,12700000000,원,원,currency,,,수준값,-,참고값,KOSIS_VALUE,2025,2025-01-01,Y,전년,,5,204,,ALTERNATE,NOT_TOP_TABLE,후순위 통계표 후보,"항공기,항공",lexical,204.0,Y,,,,111,DT_091_111_2009_S014,공항별 출입항 항공기 및 승무원,1975049,출입국자및체류외국인통계 > 출입국자통계,meta_index 없음 또는 코드명 매칭 없음,,,,,,,,,,meta 없음,,,"대당 53억8700만여원으로, 대한항공(127억원), 아시아나항공(138억원)의 절반 이하다."
A0012-C009,A0012-C009-m1,조선 산업기술인력 중 외국인 수,고용,조선업,877,명,명,person_count,,,수준값,증가,이전값,KOSIS_VALUE,2022,2025-01-01,Y,전년,,1,182,182,REJECT,NO_COMPATIBLE_ITEM,단위·지표 의미가 맞는 ITEM 없음,"생산,외국인,고용,제조업",lexical,182.0,Y,,,,111,DT_111014_C104,올해 기준 농업경영체의 생산 품목(중복응답),2025005,"외국인고용실태조사(농업,제조업분야) > 농업경영체",특성별:외국인 고용 여부[09]/item=N/score=28 | 특성별:서울/인천/경기[08001]/item=N/score=4 | 항목:올해 기준 농업경영체의 생산 품목(중복응답)[T001]/item=Y/score=4,,,,,A,특성별,09,외국인 고용 여부,17,itm/obj 후보 선택,,,조선 산업기술인력 중 외국인은 2022년 877명에서 2023년 2563명으로 3배 가까이 늘었다.
A0012-C009,A0012-C009-m1,조선 산업기술인력 중 외국인 수,고용,조선업,877,명,명,person_count,,,수준값,증가,이전값,KOSIS_VALUE,2022,2025-01-01,Y,전년,,2,182,,ALTERNATE,NOT_TOP_TABLE,후순위 통계표 후보,"생산,외국인,고용,제조업",lexical,182.0,Y,,,,111,DT_111014_C105,올해 기준 농업경영체의 생산 품목별 영농규모,2025005,"외국인고용실태조사(농업,제조업분야) > 농업경영체",특성별:올해 생산 품목[05]/item=N/score=4 | 항목:올해 기준 농업경영체의 생산 품목별 영농규모[T001]/item=Y/score=4,,,,,A,특성별,01,전체,7,itm/obj 후보 선택,,,조선 산업기술인력 중 외국인은 2022년 877명에서 2023년 2563명으로 3배 가까이 늘었다.
A0012-C009,A0012-C009-m1,조선 산업기술인력 중 외국인 수,고용,조선업,877,명,명,person_count,,,수준값,증가,이전값,KOSIS_VALUE,2022,2025-01-01,Y,전년,,3,182,,ALTERNATE,NOT_TOP_TABLE,후순위 통계표 후보,"생산,외국인,고용,제조업",lexical,182.0,Y,,,,111,DT_111014_C106,올해 기준 농업경영체의 생산 품목별 판매액,2025005,"외국인고용실태조사(농업,제조업분야) > 농업경영체",meta_index 없음 또는 코드명 매칭 없음,,,,,,,,,,meta 없음,,,조선 산업기술인력 중 외국인은 2022년 877명에서 2023년 2563명으로 3배 가까이 늘었다.
A0012-C009,A0012-C009-m1,조선 산업기술인력 중 외국인 수,고용,조선업,877,명,명,person_count,,,수준값,증가,이전값,KOSIS_VALUE,2022,2025-01-01,Y,전년,,4,182,,ALTERNATE,NOT_TOP_TABLE,후순위 통계표 후보,"생산,외국인,고용,제조업",lexical,182.0,Y,,,,111,DT_111014_C101,작년 기준 농업경영체의 생산 품목(중복응답),2025005,"외국인고용실태조사(농업,제조업분야) > 농업경영체",meta_index 없음 또는 코드명 매칭 없음,,,,,,,,,,meta 없음,,,조선 산업기술인력 중 외국인은 2022년 877명에서 2023년 2563명으로 3배 가까이 늘었다.
A0012-C009,A0012-C009-m1,조선 산업기술인력 중 외국인 수,고용,조선업,877,명,명,person_count,,,수준값,증가,이전값,KOSIS_VALUE,2022,2025-01-01,Y,전년,,5,182,,ALTERNATE,NOT_TOP_TABLE,후순위 통계표 후보,"생산,외국인,고용,제조업",lexical,182.0,Y,,,,111,DT_111014_C102,작년 기준 농업경영체의 생산 품목별 영농규모,2025005,"외국인고용실태조사(농업,제조업분야) > 농업경영체",meta_index 없음 또는 코드명 매칭 없음,,,,,,,,,,meta 없음,,,조선 산업기술인력 중 외국인은 2022년 877명에서 2023년 2563명으로 3배 가까이 늘었다.
A0012-C009,A0012-C009-m2,조선 산업기술인력 중 외국인 수,고용,조선업,2563,명,명,person_count,,,수준값,증가,현재값,KOSIS_VALUE,2023,2025-01-01,Y,전년,,1,182,182,REJECT,NO_COMPATIBLE_ITEM,단위·지표 의미가 맞는 ITEM 없음,"생산,외국인,고용,제조업",lexical,182.0,Y,,,,111,DT_111014_C104,올해 기준 농업경영체의 생산 품목(중복응답),2025005,"외국인고용실태조사(농업,제조업분야) > 농업경영체",특성별:외국인 고용 여부[09]/item=N/score=28 | 특성별:서울/인천/경기[08001]/item=N/score=4 | 항목:올해 기준 농업경영체의 생산 품목(중복응답)[T001]/item=Y/score=4,,,,,A,특성별,09,외국인 고용 여부,17,itm/obj 후보 선택,,,조선 산업기술인력 중 외국인은 2022년 877명에서 2023년 2563명으로 3배 가까이 늘었다.
A0012-C009,A0012-C009-m2,조선 산업기술인력 중 외국인 수,고용,조선업,2563,명,명,person_count,,,수준값,증가,현재값,KOSIS_VALUE,2023,2025-01-01,Y,전년,,2,182,,ALTERNATE,NOT_TOP_TABLE,후순위 통계표 후보,"생산,외국인,고용,제조업",lexical,182.0,Y,,,,111,DT_111014_C105,올해 기준 농업경영체의 생산 품목별 영농규모,2025005,"외국인고용실태조사(농업,제조업분야) > 농업경영체",특성별:올해 생산 품목[05]/item=N/score=4 | 항목:올해 기준 농업경영체의 생산 품목별 영농규모[T001]/item=Y/score=4,,,,,A,특성별,01,전체,7,itm/obj 후보 선택,,,조선 산업기술인력 중 외국인은 2022년 877명에서 2023년 2563명으로 3배 가까이 늘었다.
A0012-C009,A0012-C009-m2,조선 산업기술인력 중 외국인 수,고용,조선업,2563,명,명,person_count,,,수준값,증가,현재값,KOSIS_VALUE,2023,2025-01-01,Y,전년,,3,182,,ALTERNATE,NOT_TOP_TABLE,후순위 통계표 후보,"생산,외국인,고용,제조업",lexical,182.0,Y,,,,111,DT_111014_C106,올해 기준 농업경영체의 생산 품목별 판매액,2025005,"외국인고용실태조사(농업,제조업분야) > 농업경영체",meta_index 없음 또는 코드명 매칭 없음,,,,,,,,,,meta 없음,,,조선 산업기술인력 중 외국인은 2022년 877명에서 2023년 2563명으로 3배 가까이 늘었다.
A0012-C009,A0012-C009-m2,조선 산업기술인력 중 외국인 수,고용,조선업,2563,명,명,person_count,,,수준값,증가,현재값,KOSIS_VALUE,2023,2025-01-01,Y,전년,,4,182,,ALTERNATE,NOT_TOP_TABLE,후순위 통계표 후보,"생산,외국인,고용,제조업",lexical,182.0,Y,,,,111,DT_111014_C101,작년 기준 농업경영체의 생산 품목(중복응답),2025005,"외국인고용실태조사(농업,제조업분야) > 농업경영체",meta_index 없음 또는 코드명 매칭 없음,,,,,,,,,,meta 없음,,,조선 산업기술인력 중 외국인은 2022년 877명에서 2023년 2563명으로 3배 가까이 늘었다.
A0012-C009,A0012-C009-m2,조선 산업기술인력 중 외국인 수,고용,조선업,2563,명,명,person_count,,,수준값,증가,현재값,KOSIS_VALUE,2023,2025-01-01,Y,전년,,5,182,,ALTERNATE,NOT_TOP_TABLE,후순위 통계표 후보,"생산,외국인,고용,제조업",lexical,182.0,Y,,,,111,DT_111014_C102,작년 기준 농업경영체의 생산 품목별 영농규모,2025005,"외국인고용실태조사(농업,제조업분야) > 농업경영체",meta_index 없음 또는 코드명 매칭 없음,,,,,,,,,,meta 없음,,,조선 산업기술인력 중 외국인은 2022년 877명에서 2023년 2563명으로 3배 가까이 늘었다.
A0012-C010,A0012-C010-m1,조선 산업기술인력 중 외국인 비율,고용,조선업,1.5,%,%,rate,,,증감률,증가,증감률,KOSIS_VALUE,2022,2025-01-01,Y,전년,,1,182,182,REVIEW,AMBIGUOUS_TABLE,"1·2위 점수 차이 부족: margin=0, required=18","생산,외국인,고용,제조업",lexical,182.0,Y,,,,111,DT_111014_C104,올해 기준 농업경영체의 생산 품목(중복응답),2025005,"외국인고용실태조사(농업,제조업분야) > 농업경영체",특성별:외국인 고용 여부[09]/item=N/score=28 | 특성별:서울/인천/경기[08001]/item=N/score=4 | 항목:올해 기준 농업경영체의 생산 품목(중복응답)[T001]/item=Y/score=4,T001,올해 기준 농업경영체의 생산 품목(중복응답),%,30,A,특성별,09,외국인 고용 여부,17,itm/obj 후보 선택,direct,,이들이 차지하는 비율도 같은 기간 1.5%에서 4.4%로 증가했다.
A0012-C010,A0012-C010-m1,조선 산업기술인력 중 외국인 비율,고용,조선업,1.5,%,%,rate,,,증감률,증가,증감률,KOSIS_VALUE,2022,2025-01-01,Y,전년,,2,182,,ALTERNATE,NOT_TOP_TABLE,후순위 통계표 후보,"생산,외국인,고용,제조업",lexical,182.0,Y,,,,111,DT_111014_C105,올해 기준 농업경영체의 생산 품목별 영농규모,2025005,"외국인고용실태조사(농업,제조업분야) > 농업경영체",특성별:올해 생산 품목[05]/item=N/score=4 | 항목:올해 기준 농업경영체의 생산 품목별 영농규모[T001]/item=Y/score=4,,,,,A,특성별,01,전체,7,itm/obj 후보 선택,,,이들이 차지하는 비율도 같은 기간 1.5%에서 4.4%로 증가했다.
A0012-C010,A0012-C010-m1,조선 산업기술인력 중 외국인 비율,고용,조선업,1.5,%,%,rate,,,증감률,증가,증감률,KOSIS_VALUE,2022,2025-01-01,Y,전년,,3,182,,ALTERNATE,NOT_TOP_TABLE,후순위 통계표 후보,"생산,외국인,고용,제조업",lexical,182.0,Y,,,,111,DT_111014_C106,올해 기준 농업경영체의 생산 품목별 판매액,2025005,"외국인고용실태조사(농업,제조업분야) > 농업경영체",meta_index 없음 또는 코드명 매칭 없음,,,,,,,,,,meta 없음,,,이들이 차지하는 비율도 같은 기간 1.5%에서 4.4%로 증가했다.
A0012-C010,A0012-C010-m1,조선 산업기술인력 중 외국인 비율,고용,조선업,1.5,%,%,rate,,,증감률,증가,증감률,KOSIS_VALUE,2022,2025-01-01,Y,전년,,4,182,,ALTERNATE,NOT_TOP_TABLE,후순위 통계표 후보,"생산,외국인,고용,제조업",lexical,182.0,Y,,,,111,DT_111014_C101,작년 기준 농업경영체의 생산 품목(중복응답),2025005,"외국인고용실태조사(농업,제조업분야) > 농업경영체",meta_index 없음 또는 코드명 매칭 없음,,,,,,,,,,meta 없음,,,이들이 차지하는 비율도 같은 기간 1.5%에서 4.4%로 증가했다.
A0012-C010,A0012-C010-m1,조선 산업기술인력 중 외국인 비율,고용,조선업,1.5,%,%,rate,,,증감률,증가,증감률,KOSIS_VALUE,2022,2025-01-01,Y,전년,,5,182,,ALTERNATE,NOT_TOP_TABLE,후순위 통계표 후보,"생산,외국인,고용,제조업",lexical,182.0,Y,,,,111,DT_111014_C102,작년 기준 농업경영체의 생산 품목별 영농규모,2025005,"외국인고용실태조사(농업,제조업분야) > 농업경영체",meta_index 없음 또는 코드명 매칭 없음,,,,,,,,,,meta 없음,,,이들이 차지하는 비율도 같은 기간 1.5%에서 4.4%로 증가했다.
A0012-C010,A0012-C010-m2,조선 산업기술인력 중 외국인 비율,고용,조선업,4.4,%,%,rate,,,증감률,증가,증감률,KOSIS_VALUE,2023,2025-01-01,Y,전년,,1,182,182,REVIEW,AMBIGUOUS_TABLE,"1·2위 점수 차이 부족: margin=0, required=18","생산,외국인,고용,제조업",lexical,182.0,Y,,,,111,DT_111014_C104,올해 기준 농업경영체의 생산 품목(중복응답),2025005,"외국인고용실태조사(농업,제조업분야) > 농업경영체",특성별:외국인 고용 여부[09]/item=N/score=28 | 특성별:서울/인천/경기[08001]/item=N/score=4 | 항목:올해 기준 농업경영체의 생산 품목(중복응답)[T001]/item=Y/score=4,T001,올해 기준 농업경영체의 생산 품목(중복응답),%,30,A,특성별,09,외국인 고용 여부,17,itm/obj 후보 선택,direct,,이들이 차지하는 비율도 같은 기간 1.5%에서 4.4%로 증가했다.
A0012-C010,A0012-C010-m2,조선 산업기술인력 중 외국인 비율,고용,조선업,4.4,%,%,rate,,,증감률,증가,증감률,KOSIS_VALUE,2023,2025-01-01,Y,전년,,2,182,,ALTERNATE,NOT_TOP_TABLE,후순위 통계표 후보,"생산,외국인,고용,제조업",lexical,182.0,Y,,,,111,DT_111014_C105,올해 기준 농업경영체의 생산 품목별 영농규모,2025005,"외국인고용실태조사(농업,제조업분야) > 농업경영체",특성별:올해 생산 품목[05]/item=N/score=4 | 항목:올해 기준 농업경영체의 생산 품목별 영농규모[T001]/item=Y/score=4,,,,,A,특성별,01,전체,7,itm/obj 후보 선택,,,이들이 차지하는 비율도 같은 기간 1.5%에서 4.4%로 증가했다.
A0012-C010,A0012-C010-m2,조선 산업기술인력 중 외국인 비율,고용,조선업,4.4,%,%,rate,,,증감률,증가,증감률,KOSIS_VALUE,2023,2025-01-01,Y,전년,,3,182,,ALTERNATE,NOT_TOP_TABLE,후순위 통계표 후보,"생산,외국인,고용,제조업",lexical,182.0,Y,,,,111,DT_111014_C106,올해 기준 농업경영체의 생산 품목별 판매액,2025005,"외국인고용실태조사(농업,제조업분야) > 농업경영체",meta_index 없음 또는 코드명 매칭 없음,,,,,,,,,,meta 없음,,,이들이 차지하는 비율도 같은 기간 1.5%에서 4.4%로 증가했다.
A0012-C010,A0012-C010-m2,조선 산업기술인력 중 외국인 비율,고용,조선업,4.4,%,%,rate,,,증감률,증가,증감률,KOSIS_VALUE,2023,2025-01-01,Y,전년,,4,182,,ALTERNATE,NOT_TOP_TABLE,후순위 통계표 후보,"생산,외국인,고용,제조업",lexical,182.0,Y,,,,111,DT_111014_C101,작년 기준 농업경영체의 생산 품목(중복응답),2025005,"외국인고용실태조사(농업,제조업분야) > 농업경영체",meta_index 없음 또는 코드명 매칭 없음,,,,,,,,,,meta 없음,,,이들이 차지하는 비율도 같은 기간 1.5%에서 4.4%로 증가했다.
A0012-C010,A0012-C010-m2,조선 산업기술인력 중 외국인 비율,고용,조선업,4.4,%,%,rate,,,증감률,증가,증감률,KOSIS_VALUE,2023,2025-01-01,Y,전년,,5,182,,ALTERNATE,NOT_TOP_TABLE,후순위 통계표 후보,"생산,외국인,고용,제조업",lexical,182.0,Y,,,,111,DT_111014_C102,작년 기준 농업경영체의 생산 품목별 영농규모,2025005,"외국인고용실태조사(농업,제조업분야) > 농업경영체",meta_index 없음 또는 코드명 매칭 없음,,,,,,,,,,meta 없음,,,이들이 차지하는 비율도 같은 기간 1.5%에서 4.4%로 증가했다.
A0012-C015,A0012-C015-m1,우리나라 전체 산업기술인력 규모,고용,-,1716846,명,명,person_count,,,수준값,증가,현재값,KOSIS_VALUE,2023,2025-01-01,Y,전년,,1,212,198,REVIEW,AMBIGUOUS_TABLE,"1·2위 점수 차이 부족: margin=14, required=21","고용,규모,산업,노동",lexical,212.0,Y,,,,118,DT_118N_MON066,산업/규모별 고용,1968001,"사업체노동력조사(구. 사업체임금근로시간조사) > 고용부문(종사자 1인이상 사업체,해당월 마지막영업일 기준) > 2024년이후(표준산업분류11차, 종사자 1인이상 사업체)",규모:전체[13102732820SIZES.0]/item=N/score=22 | 산업분류:전체[260225INDUSTRY_11S0]/item=N/score=16 | 항목:비자발적_전체[16118MF_23]/item=Y/score=12 | 항목:빈일자리_전체[16118MF_5]/item=Y/score=12 | 항목:빈일자리율_전체[16118MP_1]/item=Y/score=12 | 항목:이직기타_전체[16118MF_26]/item=Y/score=12 | 항목:이직률_전체[16118MP_13]/item=Y/score=12 | 항목:이직자_전체[16118MF_17]/item=Y/score=12,16118MF_23,비자발적_전체,명,40,13101732820SIZES,규모,13102732820SIZES.0,전체,27,itm/obj 후보 선택,direct,,한편 이번 조사에서 우리나라 전체 산업기술인력 규모는 171만6846명으로 전년 대비 1% 증가한 것으로 나타났다.
A0012-C015,A0012-C015-m1,우리나라 전체 산업기술인력 규모,고용,-,1716846,명,명,person_count,,,수준값,증가,현재값,KOSIS_VALUE,2023,2025-01-01,Y,전년,,2,198,,ALTERNATE,NOT_TOP_TABLE,후순위 통계표 후보,"규모,제조업,경기,산업",lexical,198.0,Y,,,,303,TX_30303_A000,"중소제조업 기업규모, 산업 및 부문별 경기전망지수",1979013,중소기업금융실태조사 > 구.중소제조업경기전망조사,구분별:규모별[15303AA1AB]/item=N/score=10 | 구분별:중소제조업[15303AA1AA]/item=N/score=6 | 구분별:산업별[15303AA1AC]/item=N/score=4,,,,,15303AA1,구분별,15303AA1AB,규모별,12,itm/obj 후보 선택,,,한편 이번 조사에서 우리나라 전체 산업기술인력 규모는 171만6846명으로 전년 대비 1% 증가한 것으로 나타났다.
A0012-C015,A0012-C015-m1,우리나라 전체 산업기술인력 규모,고용,-,1716846,명,명,person_count,,,수준값,증가,현재값,KOSIS_VALUE,2023,2025-01-01,Y,전년,,3,196,,ALTERNATE,NOT_TOP_TABLE,후순위 통계표 후보,"총액,규모,산업",lexical,196.0,Y,,,,127,DT_127017_A031,내년 블록체인 산업 분류체계별 예상 매출액(국내+해외매출 총합) 규모 구성비 및 총액,2020024,블록체인산업실태조사 > 특허 및 재무 현황,meta_index 없음 또는 코드명 매칭 없음,,,,,,,,,,meta 없음,,,한편 이번 조사에서 우리나라 전체 산업기술인력 규모는 171만6846명으로 전년 대비 1% 증가한 것으로 나타났다.
A0012-C015,A0012-C015-m1,우리나라 전체 산업기술인력 규모,고용,-,1716846,명,명,person_count,,,수준값,증가,현재값,KOSIS_VALUE,2023,2025-01-01,Y,전년,,4,196,,ALTERNATE,NOT_TOP_TABLE,후순위 통계표 후보,"총액,규모,산업",lexical,196.0,Y,,,,127,DT_127017_A028,블록체인 부문 주력 산업 분류별 매출액 규모 구성비 및 총액,2020024,블록체인산업실태조사 > 특허 및 재무 현황,meta_index 없음 또는 코드명 매칭 없음,,,,,,,,,,meta 없음,,,한편 이번 조사에서 우리나라 전체 산업기술인력 규모는 171만6846명으로 전년 대비 1% 증가한 것으로 나타났다.
A0012-C015,A0012-C015-m1,우리나라 전체 산업기술인력 규모,고용,-,1716846,명,명,person_count,,,수준값,증가,현재값,KOSIS_VALUE,2023,2025-01-01,Y,전년,,5,196,,ALTERNATE,NOT_TOP_TABLE,후순위 통계표 후보,"총액,규모,산업",lexical,196.0,Y,,,,127,DT_127017_A030,블록체인 산업 분류체계별 매출액(국내+해외매출 총합) 규모 구성비 및 총액,2020024,블록체인산업실태조사 > 특허 및 재무 현황,meta_index 없음 또는 코드명 매칭 없음,,,,,,,,,,meta 없음,,,한편 이번 조사에서 우리나라 전체 산업기술인력 규모는 171만6846명으로 전년 대비 1% 증가한 것으로 나타났다.
A0013-C012,A0013-C012-m1,매출 신장률,소매·소비,마트,0,%,%,rate,,,비중,유지,현재값,KOSIS_VALUE,2024-12,2025-01-01,M,전년동월,,1,196,190,REVIEW,AMBIGUOUS_TABLE,"1·2위 점수 차이 부족: margin=6, required=19","매출,소매,서비스",lexical,196.0,Y,,,,113,DT_113_STBL_1024767,콘텐츠산업 :  유통(소매 및 서비스) 매출액 현황,2004043,콘텐츠산업조사 > 문화산업 총괄,항목:매출액[13103844025T1]/item=Y/score=12 | 통계분류:소매[131028440251.003]/item=N/score=10 | 통계분류:서비스[131028440251.005]/item=N/score=6,13103844025T4,연평균증감률,,30,131018440251,통계분류,131028440251.005,서비스,2,itm/obj 후보 선택,direct,,한 대형 마트의 12월 1~30일 매출 신장률은 전년 같은 기간과 비교해 0%였다.
A0013-C012,A0013-C012-m1,매출 신장률,소매·소비,마트,0,%,%,rate,,,비중,유지,현재값,KOSIS_VALUE,2024-12,2025-01-01,M,전년동월,,2,190,,ALTERNATE,NOT_TOP_TABLE,후순위 통계표 후보,"매출,서비스,판매",lexical,190.0,Y,,,,430,DT_430001_04_004,전시 서비스 사업자의 판매 경로별 매출 현황,2016059,전시산업통계조사 > 전시 서비스 사업자 현황,meta_index 없음 또는 코드명 매칭 없음,,,,,JGH,특성별,01,전체,7,itm/obj 후보 선택,,,한 대형 마트의 12월 1~30일 매출 신장률은 전년 같은 기간과 비교해 0%였다.
A0013-C012,A0013-C012-m1,매출 신장률,소매·소비,마트,0,%,%,rate,,,비중,유지,현재값,KOSIS_VALUE,2024-12,2025-01-01,M,전년동월,,3,188,,ALTERNATE,NOT_TOP_TABLE,후순위 통계표 후보,"매출,서비스",lexical,188.0,Y,,,,127,DT_127004N_018,데이터 서비스 기반별 직접매출 시장 규모,2016050,데이터산업현황조사 > 데이터산업 시장 규모 > 직접매출 시장규모,meta_index 없음 또는 코드명 매칭 없음,,,,,,,,,,meta 없음,,,한 대형 마트의 12월 1~30일 매출 신장률은 전년 같은 기간과 비교해 0%였다.
A0013-C012,A0013-C012-m1,매출 신장률,소매·소비,마트,0,%,%,rate,,,비중,유지,현재값,KOSIS_VALUE,2024-12,2025-01-01,M,전년동월,,4,182,,ALTERNATE,NOT_TOP_TABLE,후순위 통계표 후보,"매출,서비스",lexical,182.0,Y,,,,430,DT_430001_04_003,전시 서비스 사업자의 매출 현황,2016059,전시산업통계조사 > 전시 서비스 사업자 현황,meta_index 없음 또는 코드명 매칭 없음,,,,,,,,,,meta 없음,,,한 대형 마트의 12월 1~30일 매출 신장률은 전년 같은 기간과 비교해 0%였다.
A0013-C012,A0013-C012-m1,매출 신장률,소매·소비,마트,0,%,%,rate,,,비중,유지,현재값,KOSIS_VALUE,2024-12,2025-01-01,M,전년동월,,5,176,,ALTERNATE,NOT_TOP_TABLE,후순위 통계표 후보,"매출,서비스",lexical,176.0,Y,,,,127,DT_127021_E003,디지털플랫폼 서비스 제공유형 : 매출액 1순위 기준,2023017,디지털산업실태조사 > 2023년이후,meta_index 없음 또는 코드명 매칭 없음,,,,,,,,,,meta 없음,,,한 대형 마트의 12월 1~30일 매출 신장률은 전년 같은 기간과 비교해 0%였다.
A0013-C015,A0013-C015-m1,사망자 수,보건·복지,-,179,명,명,person_count,,,수준값,-,현재값,KOSIS_VALUE,2024,2025-01-01,Y,-,,1,188,188,REJECT,NO_COMPATIBLE_ITEM,단위·지표 의미가 맞는 ITEM 없음,"사망자,사망한,보건",lexical,188.0,Y,,,,117,DT_117100_A022,사망자 중 의료기관에서 사망한 비율,2017055,보건의료질통계,meta_index 없음 또는 코드명 매칭 없음,,,,,SBB,성별,0,전체,7,itm/obj 후보 선택,,,"12월 들어 비상계엄, 탄핵 정국이 펼쳐지고 지난 29일 179명이 사망한 제주항공 여객기 사고가 발생하면서 기업들은 할인, 행사 등 홍보와 마케팅을 최소화하는 모습이다."
A0013-C015,A0013-C015-m1,사망자 수,보건·복지,-,179,명,명,person_count,,,수준값,-,현재값,KOSIS_VALUE,2024,2025-01-01,Y,-,,2,188,,ALTERNATE,NOT_TOP_TABLE,후순위 통계표 후보,"사망자,사고",lexical,188.0,Y,,,,127,TX_10506_A005,산업재해와 교통사고의 사망자 추이,2006173,원자력산업실태조사 > 총론,항목:사망자[16112AAN2]/item=Y/score=18 | 재해별:교통사고[15112AT5AB]/item=N/score=6,,,,,15112AT5,재해별,15112AT5AAAD,건설,2,itm/obj 후보 선택,,,"12월 들어 비상계엄, 탄핵 정국이 펼쳐지고 지난 29일 179명이 사망한 제주항공 여객기 사고가 발생하면서 기업들은 할인, 행사 등 홍보와 마케팅을 최소화하는 모습이다."
A0013-C015,A0013-C015-m1,사망자 수,보건·복지,-,179,명,명,person_count,,,수준값,-,현재값,KOSIS_VALUE,2024,2025-01-01,Y,-,,3,176,,ALTERNATE,NOT_TOP_TABLE,후순위 통계표 후보,사망자,lexical,176.0,Y,,,,177,DT_11785_N018,내국인 HIV 감염인 사망자 현황,2011017,HIV/AIDS신고현황 > 주요 HIV 감염인 신고 현황,meta_index 없음 또는 코드명 매칭 없음,,,,,,,,,,meta 없음,,,"12월 들어 비상계엄, 탄핵 정국이 펼쳐지고 지난 29일 179명이 사망한 제주항공 여객기 사고가 발생하면서 기업들은 할인, 행사 등 홍보와 마케팅을 최소화하는 모습이다."
A0013-C015,A0013-C015-m1,사망자 수,보건·복지,-,179,명,명,person_count,,,수준값,-,현재값,KOSIS_VALUE,2024,2025-01-01,Y,-,,4,176,,ALTERNATE,NOT_TOP_TABLE,후순위 통계표 후보,사망자,lexical,176.0,Y,,,,177,DT_11785_N020,내국인 HIV 감염인 연령별 사망자 현황,2011017,HIV/AIDS신고현황 > 주요 HIV 감염인 신고 현황,meta_index 없음 또는 코드명 매칭 없음,,,,,,,,,,meta 없음,,,"12월 들어 비상계엄, 탄핵 정국이 펼쳐지고 지난 29일 179명이 사망한 제주항공 여객기 사고가 발생하면서 기업들은 할인, 행사 등 홍보와 마케팅을 최소화하는 모습이다."
A0013-C015,A0013-C015-m1,사망자 수,보건·복지,-,179,명,명,person_count,,,수준값,-,현재값,KOSIS_VALUE,2024,2025-01-01,Y,-,,5,176,,ALTERNATE,NOT_TOP_TABLE,후순위 통계표 후보,사망자,lexical,176.0,Y,,,,101,DT_1B34E18,성/연령별 특정 사망원인(고의적 자해) 사망자 수(분기별),1999038,사망원인통계,meta_index 없음 또는 코드명 매칭 없음,,,,,,,,,,meta 없음,,,"12월 들어 비상계엄, 탄핵 정국이 펼쳐지고 지난 29일 179명이 사망한 제주항공 여객기 사고가 발생하면서 기업들은 할인, 행사 등 홍보와 마케팅을 최소화하는 모습이다."
A0018-C001,A0018-C001-m1,수출액,무역,반도체,683800000000,달러,달러,currency,,,수준값,증가,현재값,KOSIS_VALUE,2024,2025-01-02,Y,전년,,1,476,160,REVIEW,CODESET_REQUIRED,반도체 집계용 OBJ 코드셋이 필요함,"수출액,품목별,수입,수출,무역",lexical,476.0,Y,,,,360,DT_1R11001_FRM101,"품목별 수출액, 수입액",1976045,SITC에의한무역통계,품목별:감광성 반도체 디바이스 및 발광다이오드 [13102112831A.77637]/item=N/score=60 | 품목별:다이오드트랜지스터 기타 이와 유사한 반도체 디바이스[13102112831A.7763]/item=N/score=60 | 품목별:기타 전자집적회로와 초소형 조립회로 [13102112831A.77649]/item=N/score=54 | 품목별:전자집적회로와 초소향 조립회로[13102112831A.7764]/item=N/score=54 | 품목별:776.81항의 압전기 결정소자 및 776.3항의  디바이스의 부분품[13102112831A.77688]/item=N/score=42 | 품목별:다이리스터 다이액과 트라이액(감광성 디  바이스 제외)[13102112831A.77635]/item=N/score=42 | 품목별:달리 명시되지 않은 액정 디바이스레이저 기기[13102112831A.8719]/item=N/score=42 | 품목별: 불이나 웨이퍼 반도체 장비 또는 집적회로 평면판표시장치 제조를 위한 기계 및 기구[13102112831A.72821]/item=N/score=36,13103112831T1,수출액,천달러,140,13101112831A,품목별,13102112831A.77649,기타 전자집적회로와 초소형 조립회로 ,267,itm/obj 후보 선택,direct,,1 작년 한 해 전체 수출액이 6838억달러(약 1006조원)로 2023년에 비해 8.2% 증가했다고 산업통상자원부와 관세청이 1일 밝혔다.
A0018-C001,A0018-C001-m1,수출액,무역,반도체,683800000000,달러,달러,currency,,,수준값,증가,현재값,KOSIS_VALUE,2024,2025-01-02,Y,전년,,2,160,,ALTERNATE,NOT_TOP_TABLE,후순위 통계표 후보,"품목별,수입,수출,무역",lexical,160.0,Y,,,,134,DT_134006_N001,품목별 수입·수출현황,2017044,기업무역활동통계,품목별:가구 [A93]/item=N/score=18 | 품목별:가죽류 [A41]/item=N/score=18 | 품목별:가죽제품 [A42]/item=N/score=18 | 품목별:견직물[A50]/item=N/score=18 | 품목별:고무제품 [A40]/item=N/score=18 | 품목별:곡물 [A10]/item=N/score=18 | 품목별:곡물조제품[A19]/item=N/score=18 | 품목별:공구[A81]/item=N/score=18,T002,교역액,백만달러,30,A001,품목별,A93,가구 ,17,itm/obj 후보 선택,direct,,1 작년 한 해 전체 수출액이 6838억달러(약 1006조원)로 2023년에 비해 8.2% 증가했다고 산업통상자원부와 관세청이 1일 밝혔다.
A0018-C001,A0018-C001-m1,수출액,무역,반도체,683800000000,달러,달러,currency,,,수준값,증가,현재값,KOSIS_VALUE,2024,2025-01-02,Y,전년,,3,144,,ALTERNATE,NOT_TOP_TABLE,후순위 통계표 후보,"품목별,수입,무역",lexical,144.0,Y,,,,134,DT_13405_004,품목별 FTA 수입활용률,2014013,FTA특혜무역활용통계,meta_index 없음 또는 코드명 매칭 없음,,,,,,,,,,meta 없음,,,1 작년 한 해 전체 수출액이 6838억달러(약 1006조원)로 2023년에 비해 8.2% 증가했다고 산업통상자원부와 관세청이 1일 밝혔다.
A0018-C001,A0018-C001-m1,수출액,무역,반도체,683800000000,달러,달러,currency,,,수준값,증가,현재값,KOSIS_VALUE,2024,2025-01-02,Y,전년,,4,144,,ALTERNATE,NOT_TOP_TABLE,후순위 통계표 후보,"품목별,수출,무역",lexical,144.0,Y,,,,134,DT_13405_003,품목별 FTA 수출활용률,2014013,FTA특혜무역활용통계,meta_index 없음 또는 코드명 매칭 없음,,,,,,,,,,meta 없음,,,1 작년 한 해 전체 수출액이 6838억달러(약 1006조원)로 2023년에 비해 8.2% 증가했다고 산업통상자원부와 관세청이 1일 밝혔다.
A0018-C001,A0018-C001-m1,수출액,무역,반도체,683800000000,달러,달러,currency,,,수준값,증가,현재값,KOSIS_VALUE,2024,2025-01-02,Y,전년,,5,144,,ALTERNATE,NOT_TOP_TABLE,후순위 통계표 후보,"품목별,수출,무역",lexical,144.0,Y,,,,134,DT_134006_N012,품목별 고성장·가젤기업 수출현황,2017044,기업무역활동통계,meta_index 없음 또는 코드명 매칭 없음,,,,,,,,,,meta 없음,,,1 작년 한 해 전체 수출액이 6838억달러(약 1006조원)로 2023년에 비해 8.2% 증가했다고 산업통상자원부와 관세청이 1일 밝혔다.
A0018-C001,A0018-C001-m2,수출액,무역,반도체,1006000000000000,원,원,currency,,,수준값,증가,현재값,KOSIS_VALUE,2024,2025-01-02,Y,전년,,1,476,160,REVIEW,CODESET_REQUIRED,반도체 집계용 OBJ 코드셋이 필요함,"수출액,품목별,수입,수출,무역",lexical,476.0,Y,,,,360,DT_1R11001_FRM101,"품목별 수출액, 수입액",1976045,SITC에의한무역통계,품목별:감광성 반도체 디바이스 및 발광다이오드 [13102112831A.77637]/item=N/score=60 | 품목별:다이오드트랜지스터 기타 이와 유사한 반도체 디바이스[13102112831A.7763]/item=N/score=60 | 품목별:기타 전자집적회로와 초소형 조립회로 [13102112831A.77649]/item=N/score=54 | 품목별:전자집적회로와 초소향 조립회로[13102112831A.7764]/item=N/score=54 | 품목별:776.81항의 압전기 결정소자 및 776.3항의  디바이스의 부분품[13102112831A.77688]/item=N/score=42 | 품목별:다이리스터 다이액과 트라이액(감광성 디  바이스 제외)[13102112831A.77635]/item=N/score=42 | 품목별:달리 명시되지 않은 액정 디바이스레이저 기기[13102112831A.8719]/item=N/score=42 | 품목별: 불이나 웨이퍼 반도체 장비 또는 집적회로 평면판표시장치 제조를 위한 기계 및 기구[13102112831A.72821]/item=N/score=36,13103112831T1,수출액,천달러,140,13101112831A,품목별,13102112831A.77649,기타 전자집적회로와 초소형 조립회로 ,267,itm/obj 후보 선택,direct,,1 작년 한 해 전체 수출액이 6838억달러(약 1006조원)로 2023년에 비해 8.2% 증가했다고 산업통상자원부와 관세청이 1일 밝혔다.
A0018-C001,A0018-C001-m2,수출액,무역,반도체,1006000000000000,원,원,currency,,,수준값,증가,현재값,KOSIS_VALUE,2024,2025-01-02,Y,전년,,2,160,,ALTERNATE,NOT_TOP_TABLE,후순위 통계표 후보,"품목별,수입,수출,무역",lexical,160.0,Y,,,,134,DT_134006_N001,품목별 수입·수출현황,2017044,기업무역활동통계,품목별:가구 [A93]/item=N/score=18 | 품목별:가죽류 [A41]/item=N/score=18 | 품목별:가죽제품 [A42]/item=N/score=18 | 품목별:견직물[A50]/item=N/score=18 | 품목별:고무제품 [A40]/item=N/score=18 | 품목별:곡물 [A10]/item=N/score=18 | 품목별:곡물조제품[A19]/item=N/score=18 | 품목별:공구[A81]/item=N/score=18,T002,교역액,백만달러,30,A001,품목별,A93,가구 ,17,itm/obj 후보 선택,direct,,1 작년 한 해 전체 수출액이 6838억달러(약 1006조원)로 2023년에 비해 8.2% 증가했다고 산업통상자원부와 관세청이 1일 밝혔다.
A0018-C001,A0018-C001-m2,수출액,무역,반도체,1006000000000000,원,원,currency,,,수준값,증가,현재값,KOSIS_VALUE,2024,2025-01-02,Y,전년,,3,144,,ALTERNATE,NOT_TOP_TABLE,후순위 통계표 후보,"품목별,수입,무역",lexical,144.0,Y,,,,134,DT_13405_004,품목별 FTA 수입활용률,2014013,FTA특혜무역활용통계,meta_index 없음 또는 코드명 매칭 없음,,,,,,,,,,meta 없음,,,1 작년 한 해 전체 수출액이 6838억달러(약 1006조원)로 2023년에 비해 8.2% 증가했다고 산업통상자원부와 관세청이 1일 밝혔다.
A0018-C001,A0018-C001-m2,수출액,무역,반도체,1006000000000000,원,원,currency,,,수준값,증가,현재값,KOSIS_VALUE,2024,2025-01-02,Y,전년,,4,144,,ALTERNATE,NOT_TOP_TABLE,후순위 통계표 후보,"품목별,수출,무역",lexical,144.0,Y,,,,134,DT_13405_003,품목별 FTA 수출활용률,2014013,FTA특혜무역활용통계,meta_index 없음 또는 코드명 매칭 없음,,,,,,,,,,meta 없음,,,1 작년 한 해 전체 수출액이 6838억달러(약 1006조원)로 2023년에 비해 8.2% 증가했다고 산업통상자원부와 관세청이 1일 밝혔다.
A0018-C001,A0018-C001-m2,수출액,무역,반도체,1006000000000000,원,원,currency,,,수준값,증가,현재값,KOSIS_VALUE,2024,2025-01-02,Y,전년,,5,144,,ALTERNATE,NOT_TOP_TABLE,후순위 통계표 후보,"품목별,수출,무역",lexical,144.0,Y,,,,134,DT_134006_N012,품목별 고성장·가젤기업 수출현황,2017044,기업무역활동통계,meta_index 없음 또는 코드명 매칭 없음,,,,,,,,,,meta 없음,,,1 작년 한 해 전체 수출액이 6838억달러(약 1006조원)로 2023년에 비해 8.2% 증가했다고 산업통상자원부와 관세청이 1일 밝혔다.
A0018-C001,A0018-C001-m3,수출액 증감률,무역,반도체,8.2,%,%,rate,,,증감률,증가,증감률,KOSIS_VALUE,2023,2025-01-02,Y,전년,,1,476,160,REJECT,NO_COMPATIBLE_ITEM,단위·지표 의미가 맞는 ITEM 없음,"수출액,품목별,수입,수출,무역",lexical,476.0,Y,,,,360,DT_1R11001_FRM101,"품목별 수출액, 수입액",1976045,SITC에의한무역통계,품목별:감광성 반도체 디바이스 및 발광다이오드 [13102112831A.77637]/item=N/score=60 | 품목별:다이오드트랜지스터 기타 이와 유사한 반도체 디바이스[13102112831A.7763]/item=N/score=60 | 품목별:기타 전자집적회로와 초소형 조립회로 [13102112831A.77649]/item=N/score=54 | 품목별:전자집적회로와 초소향 조립회로[13102112831A.7764]/item=N/score=54 | 품목별:776.81항의 압전기 결정소자 및 776.3항의  디바이스의 부분품[13102112831A.77688]/item=N/score=42 | 품목별:다이리스터 다이액과 트라이액(감광성 디  바이스 제외)[13102112831A.77635]/item=N/score=42 | 품목별:달리 명시되지 않은 액정 디바이스레이저 기기[13102112831A.8719]/item=N/score=42 | 품목별: 불이나 웨이퍼 반도체 장비 또는 집적회로 평면판표시장치 제조를 위한 기계 및 기구[13102112831A.72821]/item=N/score=36,,,,,13101112831A,품목별,13102112831A.77649,기타 전자집적회로와 초소형 조립회로 ,267,itm/obj 후보 선택,,,1 작년 한 해 전체 수출액이 6838억달러(약 1006조원)로 2023년에 비해 8.2% 증가했다고 산업통상자원부와 관세청이 1일 밝혔다.
A0018-C001,A0018-C001-m3,수출액 증감률,무역,반도체,8.2,%,%,rate,,,증감률,증가,증감률,KOSIS_VALUE,2023,2025-01-02,Y,전년,,2,160,,ALTERNATE,NOT_TOP_TABLE,후순위 통계표 후보,"품목별,수입,수출,무역",lexical,160.0,Y,,,,134,DT_134006_N001,품목별 수입·수출현황,2017044,기업무역활동통계,품목별:가구 [A93]/item=N/score=18 | 품목별:가죽류 [A41]/item=N/score=18 | 품목별:가죽제품 [A42]/item=N/score=18 | 품목별:견직물[A50]/item=N/score=18 | 품목별:고무제품 [A40]/item=N/score=18 | 품목별:곡물 [A10]/item=N/score=18 | 품목별:곡물조제품[A19]/item=N/score=18 | 품목별:공구[A81]/item=N/score=18,T005,교역액 진입률,%,30,A001,품목별,A93,가구 ,17,itm/obj 후보 선택,direct,,1 작년 한 해 전체 수출액이 6838억달러(약 1006조원)로 2023년에 비해 8.2% 증가했다고 산업통상자원부와 관세청이 1일 밝혔다.
A0018-C001,A0018-C001-m3,수출액 증감률,무역,반도체,8.2,%,%,rate,,,증감률,증가,증감률,KOSIS_VALUE,2023,2025-01-02,Y,전년,,3,144,,ALTERNATE,NOT_TOP_TABLE,후순위 통계표 후보,"품목별,수입,무역",lexical,144.0,Y,,,,134,DT_13405_004,품목별 FTA 수입활용률,2014013,FTA특혜무역활용통계,meta_index 없음 또는 코드명 매칭 없음,,,,,,,,,,meta 없음,,,1 작년 한 해 전체 수출액이 6838억달러(약 1006조원)로 2023년에 비해 8.2% 증가했다고 산업통상자원부와 관세청이 1일 밝혔다.
A0018-C001,A0018-C001-m3,수출액 증감률,무역,반도체,8.2,%,%,rate,,,증감률,증가,증감률,KOSIS_VALUE,2023,2025-01-02,Y,전년,,4,144,,ALTERNATE,NOT_TOP_TABLE,후순위 통계표 후보,"품목별,수출,무역",lexical,144.0,Y,,,,134,DT_13405_003,품목별 FTA 수출활용률,2014013,FTA특혜무역활용통계,meta_index 없음 또는 코드명 매칭 없음,,,,,,,,,,meta 없음,,,1 작년 한 해 전체 수출액이 6838억달러(약 1006조원)로 2023년에 비해 8.2% 증가했다고 산업통상자원부와 관세청이 1일 밝혔다.
A0018-C001,A0018-C001-m3,수출액 증감률,무역,반도체,8.2,%,%,rate,,,증감률,증가,증감률,KOSIS_VALUE,2023,2025-01-02,Y,전년,,5,144,,ALTERNATE,NOT_TOP_TABLE,후순위 통계표 후보,"품목별,수출,무역",lexical,144.0,Y,,,,134,DT_134006_N012,품목별 고성장·가젤기업 수출현황,2017044,기업무역활동통계,meta_index 없음 또는 코드명 매칭 없음,,,,,,,,,,meta 없음,,,1 작년 한 해 전체 수출액이 6838억달러(약 1006조원)로 2023년에 비해 8.2% 증가했다고 산업통상자원부와 관세청이 1일 밝혔다.
A0018-C002,A0018-C002-m2,수출액,무역,-,200000000,달러,달러,currency,,,수준값,증가,현재값,KOSIS_VALUE,2022,2025-01-02,Y,전년,,1,400,96,READY,READY,통계표·ITEM·OBJ·단위 의미 확정,"수출액,품목별,수출,수입,무역",lexical,400.0,Y,,,,360,DT_1R11001_FRM101,"품목별 수출액, 수입액",1976045,SITC에의한무역통계,품목별:총액[13102112831A.A]/item=N/score=30 | 항목:수출액[13103112831T1]/item=Y/score=28 | 품목별:기타 우표 또는 수입인지우편요금 별납증지우편엽서[13102112831A.89649]/item=N/score=26 | 품목별:기타(우표 또는 수입인지 우편요금 별납증지  초일봉투 우편엽서(엽서) 및 이와 유사  )[13102112831A.89640]/item=N/score=26 | 품목별:우표 또는 수입인지 우편요금 별납증지  초일봉투 우편엽서(엽서) 및 이와 유사  [13102112831A.8964]/item=N/score=26 | 품목별:우표수입인지 또는 이와 유사한 물품  (우리나라에서 통용 또는 발행된 것  으로서 사[13102112831A.89283]/item=N/score=26 | 품목별: 불이나 웨이퍼 반도체 장비 또는 집적회로 평면판표시장치 제조를 위한 기계 및 기구[13102112831A.72821]/item=N/score=18 | 품목별: 파치먼트가공된 것을 포함한 그을리거나 경화된 가죽[13102112831A.61145]/item=N/score=18,13103112831T1,수출액,천달러,140,13101112831A,품목별,13102112831A.A,총액,32,itm/obj 후보 선택,direct,,기존 역대 최대 규모였던 2022년 기록(6836억달러)을 2억달러 웃돌아 역대 최대 수출 실적을 달성했다.
A0018-C002,A0018-C002-m2,수출액,무역,-,200000000,달러,달러,currency,,,수준값,증가,현재값,KOSIS_VALUE,2022,2025-01-02,Y,전년,,2,96,,ALTERNATE,NOT_TOP_TABLE,후순위 통계표 후보,"수출액,수출,수입,국가별,무역",lexical,96.0,Y,,,,360,DT_1R11006_FRM101,"국가별 수출액, 수입액",1976045,SITC에의한무역통계,항목:수출액[13103103829T1]/item=Y/score=28 | 항목:수입액[13103103829T2]/item=Y/score=8 | 국가별:E.U.[13102103829E.EU]/item=N/score=6 | 국가별:가나[13102103829E.GH]/item=N/score=6 | 국가별:가봉[13102103829E.GA]/item=N/score=6 | 국가별:가이아나[13102103829E.GY]/item=N/score=6 | 국가별:감비아[13102103829E.GM]/item=N/score=6 | 국가별:건지[13102103829E.GG]/item=N/score=6,13103103829T1,수출액,천달러,140,13101103829E,국가별,13102103829E.00,계,7,itm/obj 후보 선택,direct,,기존 역대 최대 규모였던 2022년 기록(6836억달러)을 2억달러 웃돌아 역대 최대 수출 실적을 달성했다.
A0018-C002,A0018-C002-m2,수출액,무역,-,200000000,달러,달러,currency,,,수준값,증가,현재값,KOSIS_VALUE,2022,2025-01-02,Y,전년,,3,92,,ALTERNATE,NOT_TOP_TABLE,후순위 통계표 후보,"수출액,품목별,수출",lexical,92.0,Y,,,,466,DT_446001_A027,쌀가루 생산판매 현황 : 품목별 수출액 - 총계,2024007,쌀가공식품제조업실태조사 > 쌀가공식품제조업,사업체특성별:주 생산 품목별(소분류)[A02]/item=N/score=18,,,,,A,사업체특성별,A02,주 생산 품목별(소분류),17,itm/obj 후보 선택,,,기존 역대 최대 규모였던 2022년 기록(6836억달러)을 2억달러 웃돌아 역대 최대 수출 실적을 달성했다.
A0018-C002,A0018-C002-m2,수출액,무역,-,200000000,달러,달러,currency,,,수준값,증가,현재값,KOSIS_VALUE,2022,2025-01-02,Y,전년,,4,84,,ALTERNATE,NOT_TOP_TABLE,후순위 통계표 후보,"품목별,수출,실적",lexical,84.0,Y,,,,434,DT_434_STBL_1028692,게임기기 품목별 수출입 실적,2016058,문화체육관광산업통계 > 수출입 실적 현황,meta_index 없음 또는 코드명 매칭 없음,,,,,,,,,,meta 없음,,,기존 역대 최대 규모였던 2022년 기록(6836억달러)을 2억달러 웃돌아 역대 최대 수출 실적을 달성했다.
A0018-C002,A0018-C002-m2,수출액,무역,-,200000000,달러,달러,currency,,,수준값,증가,현재값,KOSIS_VALUE,2022,2025-01-02,Y,전년,,5,84,,ALTERNATE,NOT_TOP_TABLE,후순위 통계표 후보,"품목별,수출,실적",lexical,84.0,Y,,,,434,DT_434_STBL_1028682,공예품 품목별 수출입 실적,2016058,문화체육관광산업통계 > 수출입 실적 현황,meta_index 없음 또는 코드명 매칭 없음,,,,,,,,,,meta 없음,,,기존 역대 최대 규모였던 2022년 기록(6836억달러)을 2억달러 웃돌아 역대 최대 수출 실적을 달성했다.
A0018-C003,A0018-C003-m1,수출액,무역,반도체,141900000000,달러,달러,currency,,,수준값,증가,현재값,KOSIS_VALUE,2024,2025-01-02,Y,전년,,1,484,168,REVIEW,CODESET_REQUIRED,반도체 집계용 OBJ 코드셋이 필요함,"수출액,품목별,수출,수입,무역",lexical,484.0,Y,,,,360,DT_1R11001_FRM101,"품목별 수출액, 수입액",1976045,SITC에의한무역통계,품목별:감광성 반도체 디바이스 및 발광다이오드 [13102112831A.77637]/item=N/score=60 | 품목별:다이오드트랜지스터 기타 이와 유사한 반도체 디바이스[13102112831A.7763]/item=N/score=60 | 품목별:기타 전자집적회로와 초소형 조립회로 [13102112831A.77649]/item=N/score=54 | 품목별:전자집적회로와 초소향 조립회로[13102112831A.7764]/item=N/score=54 | 품목별:776.81항의 압전기 결정소자 및 776.3항의  디바이스의 부분품[13102112831A.77688]/item=N/score=42 | 품목별:다이리스터 다이액과 트라이액(감광성 디  바이스 제외)[13102112831A.77635]/item=N/score=42 | 품목별:달리 명시되지 않은 액정 디바이스레이저 기기[13102112831A.8719]/item=N/score=42 | 품목별: 불이나 웨이퍼 반도체 장비 또는 집적회로 평면판표시장치 제조를 위한 기계 및 기구[13102112831A.72821]/item=N/score=36,13103112831T1,수출액,천달러,140,13101112831A,품목별,13102112831A.77649,기타 전자집적회로와 초소형 조립회로 ,267,itm/obj 후보 선택,direct,,주력 수출 품목인 반도체 수출액이 1419억달러로 역대 최대치를 고쳐 쓰면서 수출 증가세를 주도했다.
A0018-C003,A0018-C003-m1,수출액,무역,반도체,141900000000,달러,달러,currency,,,수준값,증가,현재값,KOSIS_VALUE,2024,2025-01-02,Y,전년,,2,168,,ALTERNATE,NOT_TOP_TABLE,후순위 통계표 후보,"품목별,수출,수입,무역",lexical,168.0,Y,,,,134,DT_134006_N001,품목별 수입·수출현황,2017044,기업무역활동통계,품목별:가구 [A93]/item=N/score=18 | 품목별:가죽류 [A41]/item=N/score=18 | 품목별:가죽제품 [A42]/item=N/score=18 | 품목별:견직물[A50]/item=N/score=18 | 품목별:고무제품 [A40]/item=N/score=18 | 품목별:곡물 [A10]/item=N/score=18 | 품목별:곡물조제품[A19]/item=N/score=18 | 품목별:공구[A81]/item=N/score=18,T002,교역액,백만달러,30,A001,품목별,A93,가구 ,17,itm/obj 후보 선택,direct,,주력 수출 품목인 반도체 수출액이 1419억달러로 역대 최대치를 고쳐 쓰면서 수출 증가세를 주도했다.
A0018-C003,A0018-C003-m1,수출액,무역,반도체,141900000000,달러,달러,currency,,,수준값,증가,현재값,KOSIS_VALUE,2024,2025-01-02,Y,전년,,3,152,,ALTERNATE,NOT_TOP_TABLE,후순위 통계표 후보,"품목별,수출",lexical,152.0,Y,,,,434,DT_434_STBL_1028692,게임기기 품목별 수출입 실적,2016058,문화체육관광산업통계 > 수출입 실적 현황,meta_index 없음 또는 코드명 매칭 없음,,,,,,,,,,meta 없음,,,주력 수출 품목인 반도체 수출액이 1419억달러로 역대 최대치를 고쳐 쓰면서 수출 증가세를 주도했다.
A0018-C003,A0018-C003-m1,수출액,무역,반도체,141900000000,달러,달러,currency,,,수준값,증가,현재값,KOSIS_VALUE,2024,2025-01-02,Y,전년,,4,152,,ALTERNATE,NOT_TOP_TABLE,후순위 통계표 후보,"품목별,수출",lexical,152.0,Y,,,,434,DT_434_STBL_1028682,공예품 품목별 수출입 실적,2016058,문화체육관광산업통계 > 수출입 실적 현황,meta_index 없음 또는 코드명 매칭 없음,,,,,,,,,,meta 없음,,,주력 수출 품목인 반도체 수출액이 1419억달러로 역대 최대치를 고쳐 쓰면서 수출 증가세를 주도했다.
A0018-C003,A0018-C003-m1,수출액,무역,반도체,141900000000,달러,달러,currency,,,수준값,증가,현재값,KOSIS_VALUE,2024,2025-01-02,Y,전년,,5,152,,ALTERNATE,NOT_TOP_TABLE,후순위 통계표 후보,"품목별,수출",lexical,152.0,Y,,,,434,DT_434_STBL_1028678,레저용품 품목별 수출입 실적,2016058,문화체육관광산업통계 > 수출입 실적 현황,meta_index 없음 또는 코드명 매칭 없음,,,,,,,,,,meta 없음,,,주력 수출 품목인 반도체 수출액이 1419억달러로 역대 최대치를 고쳐 쓰면서 수출 증가세를 주도했다.
A0018-C004,A0018-C004-m1,수입액 증감률,무역,-,1.6,%,%,rate,,,증감률,감소,증감률,KOSIS_VALUE,2024,2025-01-02,Y,전년,,1,416,132,REJECT,NO_COMPATIBLE_ITEM,단위·지표 의미가 맞는 ITEM 없음,"수입액,품목별,수출액,수입,수출,무역",lexical,416.0,Y,,,,360,DT_1R11001_FRM101,"품목별 수출액, 수입액",1976045,SITC에의한무역통계,품목별:총액[13102112831A.A]/item=N/score=30 | 품목별:기타 우표 또는 수입인지우편요금 별납증지우편엽서[13102112831A.89649]/item=N/score=22 | 품목별:기타(우표 또는 수입인지 우편요금 별납증지  초일봉투 우편엽서(엽서) 및 이와 유사  )[13102112831A.89640]/item=N/score=22 | 품목별:우표 또는 수입인지 우편요금 별납증지  초일봉투 우편엽서(엽서) 및 이와 유사  [13102112831A.8964]/item=N/score=22 | 품목별:우표수입인지 또는 이와 유사한 물품  (우리나라에서 통용 또는 발행된 것  으로서 사[13102112831A.89283]/item=N/score=22 | 항목:수입액[13103112831T2]/item=Y/score=22 | 항목:수출액[13103112831T1]/item=Y/score=22 | 품목별:기타 여성 전체 또는 무릎길이 스타킹(면사 67decitex 이하)[13102112831A.84625]/item=N/score=20,,,,,13101112831A,품목별,13102112831A.A,총액,32,itm/obj 후보 선택,,,"작년 한국의 수입액은 전년보다 1.6% 감소한 6320억달러로, 518억달러의 무역 흑자를 기록했다."
A0018-C004,A0018-C004-m1,수입액 증감률,무역,-,1.6,%,%,rate,,,증감률,감소,증감률,KOSIS_VALUE,2024,2025-01-02,Y,전년,,2,132,,ALTERNATE,NOT_TOP_TABLE,후순위 통계표 후보,"수입액,무역,무역수지,수입,수출",lexical,132.0,Y,,,,145,DT_145009_026,"국내 의약품 생산·수출·수입액, 무역수지, 시장규모",2016008,의약품생산및수출수입실적 > 수출입 현황,항목:무역수지[T004]/item=Y/score=36 | 항목:수입액[T003]/item=Y/score=22 | 항목:수출액[T002]/item=Y/score=22,,,,,13999000,가상분류,DATA,데이터,2,itm/obj 후보 선택,,,"작년 한국의 수입액은 전년보다 1.6% 감소한 6320억달러로, 518억달러의 무역 흑자를 기록했다."
A0018-C004,A0018-C004-m1,수입액 증감률,무역,-,1.6,%,%,rate,,,증감률,감소,증감률,KOSIS_VALUE,2024,2025-01-02,Y,전년,,3,124,,ALTERNATE,NOT_TOP_TABLE,후순위 통계표 후보,"수입액,무역,무역수지,수입,수출",lexical,124.0,Y,,,,145,DT_145014_013,"위생용품 생산·수출·수입액 무역수지, 시장규모",2019072,위생용품산업현황 > 위생용품 산업현황 총괄,meta_index 없음 또는 코드명 매칭 없음,,,,,,,,,,meta 없음,,,"작년 한국의 수입액은 전년보다 1.6% 감소한 6320억달러로, 518억달러의 무역 흑자를 기록했다."
A0018-C004,A0018-C004-m1,수입액 증감률,무역,-,1.6,%,%,rate,,,증감률,감소,증감률,KOSIS_VALUE,2024,2025-01-02,Y,전년,,4,124,,ALTERNATE,NOT_TOP_TABLE,후순위 통계표 후보,"수입액,무역,무역수지,수입,수출",lexical,124.0,Y,,,,145,DT_14508_007,"의료기기 생산·수출·수입액, 무역수지, 시장규모",2014001,의료기기생산실적 > 의료기기 생산실적 총괄,meta_index 없음 또는 코드명 매칭 없음,,,,,,,,,,meta 없음,,,"작년 한국의 수입액은 전년보다 1.6% 감소한 6320억달러로, 518억달러의 무역 흑자를 기록했다."
A0018-C004,A0018-C004-m1,수입액 증감률,무역,-,1.6,%,%,rate,,,증감률,감소,증감률,KOSIS_VALUE,2024,2025-01-02,Y,전년,,5,120,,ALTERNATE,NOT_TOP_TABLE,후순위 통계표 후보,"무역,무역수지,국가별",lexical,120.0,Y,,,,127,DT_DEA0001_S10502,주요 국가별 기술별 기술무역수지 추이,2003037,기술무역통계 > 기술무역수지현황,항목:주요 국가별 기술별 기술무역수지 추이[T001]/item=Y/score=42 | 국가별:기타[1611213103200038T13]/item=N/score=6 | 국가별:네덜란드[1611213103200038T8]/item=N/score=6 | 국가별:독일[1611213103200038T4]/item=N/score=6 | 국가별:말레이시아[1611213103200038T11]/item=N/score=6 | 국가별:멕시코[1611213103200038T12]/item=N/score=6 | 국가별:미국[1611213103200038T2]/item=N/score=6 | 국가별:싱가포르[1611213103200038T7]/item=N/score=6,,,,,1511213101200038A,기술별,1511213102200038A.0017,건설교통,2,itm/obj 후보 선택,,,"작년 한국의 수입액은 전년보다 1.6% 감소한 6320억달러로, 518억달러의 무역 흑자를 기록했다."
A0018-C004,A0018-C004-m2,수입액,무역,-,632000000000,달러,달러,currency,,,수준값,감소,현재값,KOSIS_VALUE,2024,2025-01-02,Y,전년,,1,416,132,READY,READY,통계표·ITEM·OBJ·단위 의미 확정,"수입액,품목별,수출액,수입,수출,무역",lexical,416.0,Y,,,,360,DT_1R11001_FRM101,"품목별 수출액, 수입액",1976045,SITC에의한무역통계,품목별:총액[13102112831A.A]/item=N/score=30 | 품목별:기타 우표 또는 수입인지우편요금 별납증지우편엽서[13102112831A.89649]/item=N/score=22 | 품목별:기타(우표 또는 수입인지 우편요금 별납증지  초일봉투 우편엽서(엽서) 및 이와 유사  )[13102112831A.89640]/item=N/score=22 | 품목별:우표 또는 수입인지 우편요금 별납증지  초일봉투 우편엽서(엽서) 및 이와 유사  [13102112831A.8964]/item=N/score=22 | 품목별:우표수입인지 또는 이와 유사한 물품  (우리나라에서 통용 또는 발행된 것  으로서 사[13102112831A.89283]/item=N/score=22 | 항목:수입액[13103112831T2]/item=Y/score=22 | 항목:수출액[13103112831T1]/item=Y/score=22 | 품목별:기타 여성 전체 또는 무릎길이 스타킹(면사 67decitex 이하)[13102112831A.84625]/item=N/score=20,13103112831T2,수입액,천달러,140,13101112831A,품목별,13102112831A.A,총액,32,itm/obj 후보 선택,direct,,"작년 한국의 수입액은 전년보다 1.6% 감소한 6320억달러로, 518억달러의 무역 흑자를 기록했다."
A0018-C004,A0018-C004-m2,수입액,무역,-,632000000000,달러,달러,currency,,,수준값,감소,현재값,KOSIS_VALUE,2024,2025-01-02,Y,전년,,2,132,,ALTERNATE,NOT_TOP_TABLE,후순위 통계표 후보,"수입액,무역,무역수지,수입,수출",lexical,132.0,Y,,,,145,DT_145009_026,"국내 의약품 생산·수출·수입액, 무역수지, 시장규모",2016008,의약품생산및수출수입실적 > 수출입 현황,항목:무역수지[T004]/item=Y/score=36 | 항목:수입액[T003]/item=Y/score=22 | 항목:수출액[T002]/item=Y/score=22,T003,수입액,억원,140,13999000,가상분류,DATA,데이터,2,itm/obj 후보 선택,direct,,"작년 한국의 수입액은 전년보다 1.6% 감소한 6320억달러로, 518억달러의 무역 흑자를 기록했다."
A0018-C004,A0018-C004-m2,수입액,무역,-,632000000000,달러,달러,currency,,,수준값,감소,현재값,KOSIS_VALUE,2024,2025-01-02,Y,전년,,3,124,,ALTERNATE,NOT_TOP_TABLE,후순위 통계표 후보,"수입액,무역,무역수지,수입,수출",lexical,124.0,Y,,,,145,DT_145014_013,"위생용품 생산·수출·수입액 무역수지, 시장규모",2019072,위생용품산업현황 > 위생용품 산업현황 총괄,meta_index 없음 또는 코드명 매칭 없음,,,,,,,,,,meta 없음,,,"작년 한국의 수입액은 전년보다 1.6% 감소한 6320억달러로, 518억달러의 무역 흑자를 기록했다."
A0018-C004,A0018-C004-m2,수입액,무역,-,632000000000,달러,달러,currency,,,수준값,감소,현재값,KOSIS_VALUE,2024,2025-01-02,Y,전년,,4,124,,ALTERNATE,NOT_TOP_TABLE,후순위 통계표 후보,"수입액,무역,무역수지,수입,수출",lexical,124.0,Y,,,,145,DT_14508_007,"의료기기 생산·수출·수입액, 무역수지, 시장규모",2014001,의료기기생산실적 > 의료기기 생산실적 총괄,meta_index 없음 또는 코드명 매칭 없음,,,,,,,,,,meta 없음,,,"작년 한국의 수입액은 전년보다 1.6% 감소한 6320억달러로, 518억달러의 무역 흑자를 기록했다."
A0018-C004,A0018-C004-m2,수입액,무역,-,632000000000,달러,달러,currency,,,수준값,감소,현재값,KOSIS_VALUE,2024,2025-01-02,Y,전년,,5,120,,ALTERNATE,NOT_TOP_TABLE,후순위 통계표 후보,"무역,무역수지,국가별",lexical,120.0,Y,,,,127,DT_DEA0001_S10502,주요 국가별 기술별 기술무역수지 추이,2003037,기술무역통계 > 기술무역수지현황,항목:주요 국가별 기술별 기술무역수지 추이[T001]/item=Y/score=42 | 국가별:기타[1611213103200038T13]/item=N/score=6 | 국가별:네덜란드[1611213103200038T8]/item=N/score=6 | 국가별:독일[1611213103200038T4]/item=N/score=6 | 국가별:말레이시아[1611213103200038T11]/item=N/score=6 | 국가별:멕시코[1611213103200038T12]/item=N/score=6 | 국가별:미국[1611213103200038T2]/item=N/score=6 | 국가별:싱가포르[1611213103200038T7]/item=N/score=6,,,,,1511213101200038A,기술별,1511213102200038A.0017,건설교통,2,itm/obj 후보 선택,,,"작년 한국의 수입액은 전년보다 1.6% 감소한 6320억달러로, 518억달러의 무역 흑자를 기록했다."
A0018-C004,A0018-C004-m3,무역 흑자,무역,-,51800000000,달러,달러,currency,,,수준값,감소,현재값,KOSIS_VALUE,2024,2025-01-02,Y,전년,,1,276,272,REVIEW,AMBIGUOUS_TABLE,"1·2위 점수 차이 부족: margin=4, required=27","수입액,수출액,품목별,수입,수출,무역",lexical,276.0,Y,,,,360,DT_1R11001_FRM101,"품목별 수출액, 수입액",1976045,SITC에의한무역통계,품목별:총액[13102112831A.A]/item=N/score=28 | 품목별:기타 우표 또는 수입인지우편요금 별납증지우편엽서[13102112831A.89649]/item=N/score=22 | 품목별:기타(우표 또는 수입인지 우편요금 별납증지  초일봉투 우편엽서(엽서) 및 이와 유사  )[13102112831A.89640]/item=N/score=22 | 품목별:우표 또는 수입인지 우편요금 별납증지  초일봉투 우편엽서(엽서) 및 이와 유사  [13102112831A.8964]/item=N/score=22 | 품목별:우표수입인지 또는 이와 유사한 물품  (우리나라에서 통용 또는 발행된 것  으로서 사[13102112831A.89283]/item=N/score=22 | 항목:수입액[13103112831T2]/item=Y/score=22 | 항목:수출액[13103112831T1]/item=Y/score=22 | 품목별:기타 여성 전체 또는 무릎길이 스타킹(면사 67decitex 이하)[13102112831A.84625]/item=N/score=20,13103112831T2,수입액,천달러,60,13101112831A,품목별,13102112831A.A,총액,7,itm/obj 후보 선택,direct,,"작년 한국의 수입액은 전년보다 1.6% 감소한 6320억달러로, 518억달러의 무역 흑자를 기록했다."
A0018-C004,A0018-C004-m3,무역 흑자,무역,-,51800000000,달러,달러,currency,,,수준값,감소,현재값,KOSIS_VALUE,2024,2025-01-02,Y,전년,,2,272,,ALTERNATE,NOT_TOP_TABLE,후순위 통계표 후보,"수입액,무역수지,무역,수입,수출",lexical,272.0,Y,,,,145,DT_145009_026,"국내 의약품 생산·수출·수입액, 무역수지, 시장규모",2016008,의약품생산및수출수입실적 > 수출입 현황,항목:무역수지[T004]/item=Y/score=36 | 항목:수입액[T003]/item=Y/score=22 | 항목:수출액[T002]/item=Y/score=22,T004,무역수지,억원,80,13999000,가상분류,DATA,데이터,2,itm/obj 후보 선택,direct,,"작년 한국의 수입액은 전년보다 1.6% 감소한 6320억달러로, 518억달러의 무역 흑자를 기록했다."
A0018-C004,A0018-C004-m3,무역 흑자,무역,-,51800000000,달러,달러,currency,,,수준값,감소,현재값,KOSIS_VALUE,2024,2025-01-02,Y,전년,,3,264,,ALTERNATE,NOT_TOP_TABLE,후순위 통계표 후보,"수입액,무역수지,무역,수입,수출",lexical,264.0,Y,,,,145,DT_145014_013,"위생용품 생산·수출·수입액 무역수지, 시장규모",2019072,위생용품산업현황 > 위생용품 산업현황 총괄,meta_index 없음 또는 코드명 매칭 없음,,,,,,,,,,meta 없음,,,"작년 한국의 수입액은 전년보다 1.6% 감소한 6320억달러로, 518억달러의 무역 흑자를 기록했다."
A0018-C004,A0018-C004-m3,무역 흑자,무역,-,51800000000,달러,달러,currency,,,수준값,감소,현재값,KOSIS_VALUE,2024,2025-01-02,Y,전년,,4,264,,ALTERNATE,NOT_TOP_TABLE,후순위 통계표 후보,"수입액,무역수지,무역,수입,수출",lexical,264.0,Y,,,,145,DT_14508_007,"의료기기 생산·수출·수입액, 무역수지, 시장규모",2014001,의료기기생산실적 > 의료기기 생산실적 총괄,meta_index 없음 또는 코드명 매칭 없음,,,,,,,,,,meta 없음,,,"작년 한국의 수입액은 전년보다 1.6% 감소한 6320억달러로, 518억달러의 무역 흑자를 기록했다."
A0018-C004,A0018-C004-m3,무역 흑자,무역,-,51800000000,달러,달러,currency,,,수준값,감소,현재값,KOSIS_VALUE,2024,2025-01-02,Y,전년,,5,260,,ALTERNATE,NOT_TOP_TABLE,후순위 통계표 후보,"무역수지,무역,국가별",lexical,260.0,Y,,,,127,DT_DEA0001_S10502,주요 국가별 기술별 기술무역수지 추이,2003037,기술무역통계 > 기술무역수지현황,항목:주요 국가별 기술별 기술무역수지 추이[T001]/item=Y/score=42 | 국가별:기타[1611213103200038T13]/item=N/score=6 | 국가별:네덜란드[1611213103200038T8]/item=N/score=6 | 국가별:독일[1611213103200038T4]/item=N/score=6 | 국가별:말레이시아[1611213103200038T11]/item=N/score=6 | 국가별:멕시코[1611213103200038T12]/item=N/score=6 | 국가별:미국[1611213103200038T2]/item=N/score=6 | 국가별:싱가포르[1611213103200038T7]/item=N/score=6,,,,,1511213101200038A,기술별,1511213102200038A.0017,건설교통,2,itm/obj 후보 선택,,,"작년 한국의 수입액은 전년보다 1.6% 감소한 6320억달러로, 518억달러의 무역 흑자를 기록했다."
A0018-C008,A0018-C008-m1,수출액,무역,-,61380000000,달러,달러,currency,,,수준값,-,현재값,KOSIS_VALUE,202401,2025-01-02,M,전년동월,,1,440,168,READY,READY,통계표·ITEM·OBJ·단위 의미 확정,"수출액,품목별,수입액,수출,수입,무역",lexical,440.0,Y,,,,360,DT_1R11001_FRM101,"품목별 수출액, 수입액",1976045,SITC에의한무역통계,품목별:감광성 반도체 디바이스 및 발광다이오드 [13102112831A.77637]/item=N/score=60 | 품목별:다이오드트랜지스터 기타 이와 유사한 반도체 디바이스[13102112831A.7763]/item=N/score=60 | 품목별:기타 전자집적회로와 초소형 조립회로 [13102112831A.77649]/item=N/score=54 | 품목별:전자집적회로와 초소향 조립회로[13102112831A.7764]/item=N/score=54 | 품목별:776.81항의 압전기 결정소자 및 776.3항의  디바이스의 부분품[13102112831A.77688]/item=N/score=42 | 품목별:다이리스터 다이액과 트라이액(감광성 디  바이스 제외)[13102112831A.77635]/item=N/score=42 | 품목별:달리 명시되지 않은 액정 디바이스레이저 기기[13102112831A.8719]/item=N/score=42 | 품목별: 불이나 웨이퍼 반도체 장비 또는 집적회로 평면판표시장치 제조를 위한 기계 및 기구[13102112831A.72821]/item=N/score=36,13103112831T1,수출액,천달러,140,13101112831A,품목별,13102112831A.A,총액,32,itm/obj 후보 선택,direct,,작년 12월 수출은 613억8000만달러로 1년 전 대비 6.6% 늘어 한 달 전(1.4%)에 비해 오름폭을 키웠다.
A0018-C008,A0018-C008-m1,수출액,무역,-,61380000000,달러,달러,currency,,,수준값,-,현재값,KOSIS_VALUE,202401,2025-01-02,M,전년동월,,2,168,,ALTERNATE,NOT_TOP_TABLE,후순위 통계표 후보,"무역,수입액,무역수지,수출,수입",lexical,168.0,Y,,,,145,DT_145009_026,"국내 의약품 생산·수출·수입액, 무역수지, 시장규모",2016008,의약품생산및수출수입실적 > 수출입 현황,항목:무역수지[T004]/item=Y/score=36 | 항목:수출액[T002]/item=Y/score=30 | 항목:수입액[T003]/item=Y/score=26,T002,수출액,억원,140,13999000,가상분류,DATA,데이터,2,itm/obj 후보 선택,direct,,작년 12월 수출은 613억8000만달러로 1년 전 대비 6.6% 늘어 한 달 전(1.4%)에 비해 오름폭을 키웠다.
A0018-C008,A0018-C008-m1,수출액,무역,-,61380000000,달러,달러,currency,,,수준값,-,현재값,KOSIS_VALUE,202401,2025-01-02,M,전년동월,,3,148,,ALTERNATE,NOT_TOP_TABLE,후순위 통계표 후보,"무역,수입액,무역수지,수출,수입",lexical,148.0,Y,,,,145,DT_145014_013,"위생용품 생산·수출·수입액 무역수지, 시장규모",2019072,위생용품산업현황 > 위생용품 산업현황 총괄,meta_index 없음 또는 코드명 매칭 없음,,,,,,,,,,meta 없음,,,작년 12월 수출은 613억8000만달러로 1년 전 대비 6.6% 늘어 한 달 전(1.4%)에 비해 오름폭을 키웠다.
A0018-C008,A0018-C008-m1,수출액,무역,-,61380000000,달러,달러,currency,,,수준값,-,현재값,KOSIS_VALUE,202401,2025-01-02,M,전년동월,,4,148,,ALTERNATE,NOT_TOP_TABLE,후순위 통계표 후보,"무역,수입액,무역수지,수출,수입",lexical,148.0,Y,,,,145,DT_14508_007,"의료기기 생산·수출·수입액, 무역수지, 시장규모",2014001,의료기기생산실적 > 의료기기 생산실적 총괄,meta_index 없음 또는 코드명 매칭 없음,,,,,,,,,,meta 없음,,,작년 12월 수출은 613억8000만달러로 1년 전 대비 6.6% 늘어 한 달 전(1.4%)에 비해 오름폭을 키웠다.
A0018-C008,A0018-C008-m1,수출액,무역,-,61380000000,달러,달러,currency,,,수준값,-,현재값,KOSIS_VALUE,202401,2025-01-02,M,전년동월,,5,136,,ALTERNATE,NOT_TOP_TABLE,후순위 통계표 후보,"수출액,수입액,수출,수입,국가별,무역",lexical,136.0,Y,,,,360,DT_1R11006_FRM101,"국가별 수출액, 수입액",1976045,SITC에의한무역통계,항목:수출액[13103103829T1]/item=Y/score=30 | 항목:수입액[13103103829T2]/item=Y/score=26 | 국가별:E.U.[13102103829E.EU]/item=N/score=6 | 국가별:가나[13102103829E.GH]/item=N/score=6 | 국가별:가봉[13102103829E.GA]/item=N/score=6 | 국가별:가이아나[13102103829E.GY]/item=N/score=6 | 국가별:감비아[13102103829E.GM]/item=N/score=6 | 국가별:건지[13102103829E.GG]/item=N/score=6,13103103829T1,수출액,천달러,140,13101103829E,국가별,13102103829E.00,계,7,itm/obj 후보 선택,direct,,작년 12월 수출은 613억8000만달러로 1년 전 대비 6.6% 늘어 한 달 전(1.4%)에 비해 오름폭을 키웠다.
A0018-C008,A0018-C008-m2,수출액 증감률,무역,-,6.6,%,%,rate,,,증감률,증가,증감률,KOSIS_VALUE,202401,2025-01-02,M,전년동월,,1,440,168,REJECT,NO_COMPATIBLE_ITEM,단위·지표 의미가 맞는 ITEM 없음,"수출액,품목별,수입액,수출,수입,무역",lexical,440.0,Y,,,,360,DT_1R11001_FRM101,"품목별 수출액, 수입액",1976045,SITC에의한무역통계,품목별:감광성 반도체 디바이스 및 발광다이오드 [13102112831A.77637]/item=N/score=60 | 품목별:다이오드트랜지스터 기타 이와 유사한 반도체 디바이스[13102112831A.7763]/item=N/score=60 | 품목별:기타 전자집적회로와 초소형 조립회로 [13102112831A.77649]/item=N/score=54 | 품목별:전자집적회로와 초소향 조립회로[13102112831A.7764]/item=N/score=54 | 품목별:776.81항의 압전기 결정소자 및 776.3항의  디바이스의 부분품[13102112831A.77688]/item=N/score=42 | 품목별:다이리스터 다이액과 트라이액(감광성 디  바이스 제외)[13102112831A.77635]/item=N/score=42 | 품목별:달리 명시되지 않은 액정 디바이스레이저 기기[13102112831A.8719]/item=N/score=42 | 품목별: 불이나 웨이퍼 반도체 장비 또는 집적회로 평면판표시장치 제조를 위한 기계 및 기구[13102112831A.72821]/item=N/score=36,,,,,13101112831A,품목별,13102112831A.A,총액,32,itm/obj 후보 선택,,,작년 12월 수출은 613억8000만달러로 1년 전 대비 6.6% 늘어 한 달 전(1.4%)에 비해 오름폭을 키웠다.
A0018-C008,A0018-C008-m2,수출액 증감률,무역,-,6.6,%,%,rate,,,증감률,증가,증감률,KOSIS_VALUE,202401,2025-01-02,M,전년동월,,2,168,,ALTERNATE,NOT_TOP_TABLE,후순위 통계표 후보,"무역,수입액,무역수지,수출,수입",lexical,168.0,Y,,,,145,DT_145009_026,"국내 의약품 생산·수출·수입액, 무역수지, 시장규모",2016008,의약품생산및수출수입실적 > 수출입 현황,항목:무역수지[T004]/item=Y/score=36 | 항목:수출액[T002]/item=Y/score=30 | 항목:수입액[T003]/item=Y/score=26,,,,,13999000,가상분류,DATA,데이터,2,itm/obj 후보 선택,,,작년 12월 수출은 613억8000만달러로 1년 전 대비 6.6% 늘어 한 달 전(1.4%)에 비해 오름폭을 키웠다.
A0018-C008,A0018-C008-m2,수출액 증감률,무역,-,6.6,%,%,rate,,,증감률,증가,증감률,KOSIS_VALUE,202401,2025-01-02,M,전년동월,,3,148,,ALTERNATE,NOT_TOP_TABLE,후순위 통계표 후보,"무역,수입액,무역수지,수출,수입",lexical,148.0,Y,,,,145,DT_145014_013,"위생용품 생산·수출·수입액 무역수지, 시장규모",2019072,위생용품산업현황 > 위생용품 산업현황 총괄,meta_index 없음 또는 코드명 매칭 없음,,,,,,,,,,meta 없음,,,작년 12월 수출은 613억8000만달러로 1년 전 대비 6.6% 늘어 한 달 전(1.4%)에 비해 오름폭을 키웠다.
A0018-C008,A0018-C008-m2,수출액 증감률,무역,-,6.6,%,%,rate,,,증감률,증가,증감률,KOSIS_VALUE,202401,2025-01-02,M,전년동월,,4,148,,ALTERNATE,NOT_TOP_TABLE,후순위 통계표 후보,"무역,수입액,무역수지,수출,수입",lexical,148.0,Y,,,,145,DT_14508_007,"의료기기 생산·수출·수입액, 무역수지, 시장규모",2014001,의료기기생산실적 > 의료기기 생산실적 총괄,meta_index 없음 또는 코드명 매칭 없음,,,,,,,,,,meta 없음,,,작년 12월 수출은 613억8000만달러로 1년 전 대비 6.6% 늘어 한 달 전(1.4%)에 비해 오름폭을 키웠다.
A0018-C008,A0018-C008-m2,수출액 증감률,무역,-,6.6,%,%,rate,,,증감률,증가,증감률,KOSIS_VALUE,202401,2025-01-02,M,전년동월,,5,136,,ALTERNATE,NOT_TOP_TABLE,후순위 통계표 후보,"수출액,수입액,수출,수입,국가별,무역",lexical,136.0,Y,,,,360,DT_1R11006_FRM101,"국가별 수출액, 수입액",1976045,SITC에의한무역통계,항목:수출액[13103103829T1]/item=Y/score=30 | 항목:수입액[13103103829T2]/item=Y/score=26 | 국가별:E.U.[13102103829E.EU]/item=N/score=6 | 국가별:가나[13102103829E.GH]/item=N/score=6 | 국가별:가봉[13102103829E.GA]/item=N/score=6 | 국가별:가이아나[13102103829E.GY]/item=N/score=6 | 국가별:감비아[13102103829E.GM]/item=N/score=6 | 국가별:건지[13102103829E.GG]/item=N/score=6,,,,,13101103829E,국가별,13102103829E.00,계,7,itm/obj 후보 선택,,,작년 12월 수출은 613억8000만달러로 1년 전 대비 6.6% 늘어 한 달 전(1.4%)에 비해 오름폭을 키웠다.
A0018-C008,A0018-C008-m4,수출액 증감률,무역,-,1.4,%,%,rate,,,증감률,증가,참고값,KOSIS_VALUE,202401,2025-01-02,M,전월,,1,440,168,REJECT,NO_COMPATIBLE_ITEM,단위·지표 의미가 맞는 ITEM 없음,"수출액,품목별,수입액,수출,수입,무역",lexical,440.0,Y,,,,360,DT_1R11001_FRM101,"품목별 수출액, 수입액",1976045,SITC에의한무역통계,품목별:감광성 반도체 디바이스 및 발광다이오드 [13102112831A.77637]/item=N/score=60 | 품목별:다이오드트랜지스터 기타 이와 유사한 반도체 디바이스[13102112831A.7763]/item=N/score=60 | 품목별:기타 전자집적회로와 초소형 조립회로 [13102112831A.77649]/item=N/score=54 | 품목별:전자집적회로와 초소향 조립회로[13102112831A.7764]/item=N/score=54 | 품목별:776.81항의 압전기 결정소자 및 776.3항의  디바이스의 부분품[13102112831A.77688]/item=N/score=42 | 품목별:다이리스터 다이액과 트라이액(감광성 디  바이스 제외)[13102112831A.77635]/item=N/score=42 | 품목별:달리 명시되지 않은 액정 디바이스레이저 기기[13102112831A.8719]/item=N/score=42 | 품목별: 불이나 웨이퍼 반도체 장비 또는 집적회로 평면판표시장치 제조를 위한 기계 및 기구[13102112831A.72821]/item=N/score=36,,,,,13101112831A,품목별,13102112831A.A,총액,32,itm/obj 후보 선택,,,작년 12월 수출은 613억8000만달러로 1년 전 대비 6.6% 늘어 한 달 전(1.4%)에 비해 오름폭을 키웠다.
A0018-C008,A0018-C008-m4,수출액 증감률,무역,-,1.4,%,%,rate,,,증감률,증가,참고값,KOSIS_VALUE,202401,2025-01-02,M,전월,,2,168,,ALTERNATE,NOT_TOP_TABLE,후순위 통계표 후보,"무역,수입액,무역수지,수출,수입",lexical,168.0,Y,,,,145,DT_145009_026,"국내 의약품 생산·수출·수입액, 무역수지, 시장규모",2016008,의약품생산및수출수입실적 > 수출입 현황,항목:무역수지[T004]/item=Y/score=36 | 항목:수출액[T002]/item=Y/score=30 | 항목:수입액[T003]/item=Y/score=26,,,,,13999000,가상분류,DATA,데이터,2,itm/obj 후보 선택,,,작년 12월 수출은 613억8000만달러로 1년 전 대비 6.6% 늘어 한 달 전(1.4%)에 비해 오름폭을 키웠다.
A0018-C008,A0018-C008-m4,수출액 증감률,무역,-,1.4,%,%,rate,,,증감률,증가,참고값,KOSIS_VALUE,202401,2025-01-02,M,전월,,3,148,,ALTERNATE,NOT_TOP_TABLE,후순위 통계표 후보,"무역,수입액,무역수지,수출,수입",lexical,148.0,Y,,,,145,DT_145014_013,"위생용품 생산·수출·수입액 무역수지, 시장규모",2019072,위생용품산업현황 > 위생용품 산업현황 총괄,meta_index 없음 또는 코드명 매칭 없음,,,,,,,,,,meta 없음,,,작년 12월 수출은 613억8000만달러로 1년 전 대비 6.6% 늘어 한 달 전(1.4%)에 비해 오름폭을 키웠다.
A0018-C008,A0018-C008-m4,수출액 증감률,무역,-,1.4,%,%,rate,,,증감률,증가,참고값,KOSIS_VALUE,202401,2025-01-02,M,전월,,4,148,,ALTERNATE,NOT_TOP_TABLE,후순위 통계표 후보,"무역,수입액,무역수지,수출,수입",lexical,148.0,Y,,,,145,DT_14508_007,"의료기기 생산·수출·수입액, 무역수지, 시장규모",2014001,의료기기생산실적 > 의료기기 생산실적 총괄,meta_index 없음 또는 코드명 매칭 없음,,,,,,,,,,meta 없음,,,작년 12월 수출은 613억8000만달러로 1년 전 대비 6.6% 늘어 한 달 전(1.4%)에 비해 오름폭을 키웠다.
A0018-C008,A0018-C008-m4,수출액 증감률,무역,-,1.4,%,%,rate,,,증감률,증가,참고값,KOSIS_VALUE,202401,2025-01-02,M,전월,,5,136,,ALTERNATE,NOT_TOP_TABLE,후순위 통계표 후보,"수출액,수입액,수출,수입,국가별,무역",lexical,136.0,Y,,,,360,DT_1R11006_FRM101,"국가별 수출액, 수입액",1976045,SITC에의한무역통계,항목:수출액[13103103829T1]/item=Y/score=30 | 항목:수입액[13103103829T2]/item=Y/score=26 | 국가별:E.U.[13102103829E.EU]/item=N/score=6 | 국가별:가나[13102103829E.GH]/item=N/score=6 | 국가별:가봉[13102103829E.GA]/item=N/score=6 | 국가별:가이아나[13102103829E.GY]/item=N/score=6 | 국가별:감비아[13102103829E.GM]/item=N/score=6 | 국가별:건지[13102103829E.GG]/item=N/score=6,,,,,13101103829E,국가별,13102103829E.00,계,7,itm/obj 후보 선택,,,작년 12월 수출은 613억8000만달러로 1년 전 대비 6.6% 늘어 한 달 전(1.4%)에 비해 오름폭을 키웠다.
A0018-C010,A0018-C010-m1,수출 증가율,무역,-,10.9,%,%,rate,,,증감률,증가,증감률,KOSIS_VALUE,2023,2025-01-02,Y,전년,,1,404,100,REJECT,NO_COMPATIBLE_ITEM,단위·지표 의미가 맞는 ITEM 없음,"품목별,수출액,수출,수입,무역",lexical,404.0,Y,,,,360,DT_1R11001_FRM101,"품목별 수출액, 수입액",1976045,SITC에의한무역통계,품목별:감광성 반도체 디바이스 및 발광다이오드 [13102112831A.77637]/item=N/score=60 | 품목별:다이오드트랜지스터 기타 이와 유사한 반도체 디바이스[13102112831A.7763]/item=N/score=60 | 품목별:기타 전자집적회로와 초소형 조립회로 [13102112831A.77649]/item=N/score=54 | 품목별:전자집적회로와 초소향 조립회로[13102112831A.7764]/item=N/score=54 | 품목별:776.81항의 압전기 결정소자 및 776.3항의  디바이스의 부분품[13102112831A.77688]/item=N/score=42 | 품목별:다이리스터 다이액과 트라이액(감광성 디  바이스 제외)[13102112831A.77635]/item=N/score=42 | 품목별:달리 명시되지 않은 액정 디바이스레이저 기기[13102112831A.8719]/item=N/score=42 | 품목별:마스크나 레티클 제작 및 수리 반도체 장비 또는 집적회로 조립 불이나 웨이퍼 반도체 장비 또는 집적회로 평면판표시장치를 들어올리고 다루며 적재 하역하는 것에만 유일하게 또는 주로 사용되는 기계 및 기구[13102112831A.72822]/item=N/score=38,,,,,13101112831A,품목별,13102112831A.A,총액,57,itm/obj 후보 선택,,,수출 증가율은 작년 8월(10.9%)부터 11월까지 꺾이다가 지난달 들어 반도체 수출이 31.5% 불어나며 오름세로 돌아섰다.
A0018-C010,A0018-C010-m1,수출 증가율,무역,-,10.9,%,%,rate,,,증감률,증가,증감률,KOSIS_VALUE,2023,2025-01-02,Y,전년,,2,100,,ALTERNATE,NOT_TOP_TABLE,후순위 통계표 후보,"수출액,수출,수입,국가별,무역",lexical,100.0,Y,,,,360,DT_1R11006_FRM101,"국가별 수출액, 수입액",1976045,SITC에의한무역통계,항목:수출액[13103103829T1]/item=Y/score=30 | 항목:수입액[13103103829T2]/item=Y/score=8 | 국가별:E.U.[13102103829E.EU]/item=N/score=6 | 국가별:가나[13102103829E.GH]/item=N/score=6 | 국가별:가봉[13102103829E.GA]/item=N/score=6 | 국가별:가이아나[13102103829E.GY]/item=N/score=6 | 국가별:감비아[13102103829E.GM]/item=N/score=6 | 국가별:건지[13102103829E.GG]/item=N/score=6,,,,,13101103829E,국가별,13102103829E.00,계,7,itm/obj 후보 선택,,,수출 증가율은 작년 8월(10.9%)부터 11월까지 꺾이다가 지난달 들어 반도체 수출이 31.5% 불어나며 오름세로 돌아섰다.
A0018-C010,A0018-C010-m1,수출 증가율,무역,-,10.9,%,%,rate,,,증감률,증가,증감률,KOSIS_VALUE,2023,2025-01-02,Y,전년,,3,96,,ALTERNATE,NOT_TOP_TABLE,후순위 통계표 후보,"품목별,수출액,수출",lexical,96.0,Y,,,,466,DT_446001_A027,쌀가루 생산판매 현황 : 품목별 수출액 - 총계,2024007,쌀가공식품제조업실태조사 > 쌀가공식품제조업,사업체특성별:주 생산 품목별(소분류)[A02]/item=N/score=18 | 사업체특성별:10~19인[A0303]/item=N/score=2,,,,,A,사업체특성별,A02,주 생산 품목별(소분류),32,itm/obj 후보 선택,,,수출 증가율은 작년 8월(10.9%)부터 11월까지 꺾이다가 지난달 들어 반도체 수출이 31.5% 불어나며 오름세로 돌아섰다.
A0018-C010,A0018-C010-m1,수출 증가율,무역,-,10.9,%,%,rate,,,증감률,증가,증감률,KOSIS_VALUE,2023,2025-01-02,Y,전년,,4,88,,ALTERNATE,NOT_TOP_TABLE,후순위 통계표 후보,"품목별,수출,수입,무역",lexical,88.0,Y,,,,134,DT_134006_N001,품목별 수입·수출현황,2017044,기업무역활동통계,품목별:가구 [A93]/item=N/score=18 | 품목별:가죽류 [A41]/item=N/score=18 | 품목별:가죽제품 [A42]/item=N/score=18 | 품목별:견직물[A50]/item=N/score=18 | 품목별:고무제품 [A40]/item=N/score=18 | 품목별:곡물 [A10]/item=N/score=18 | 품목별:곡물조제품[A19]/item=N/score=18 | 품목별:공구[A81]/item=N/score=18,T005,교역액 진입률,%,30,A001,품목별,A93,가구 ,32,itm/obj 후보 선택,direct,,수출 증가율은 작년 8월(10.9%)부터 11월까지 꺾이다가 지난달 들어 반도체 수출이 31.5% 불어나며 오름세로 돌아섰다.
A0018-C010,A0018-C010-m1,수출 증가율,무역,-,10.9,%,%,rate,,,증감률,증가,증감률,KOSIS_VALUE,2023,2025-01-02,Y,전년,,5,88,,ALTERNATE,NOT_TOP_TABLE,후순위 통계표 후보,"수출액,수출,수입",lexical,88.0,Y,,,,145,DT_145011_A006,화장품 수입 및 수출액 현황,2017087,화장품산업현황 > 화장품 수출입 현황,항목:수출액[T002]/item=Y/score=30 | 항목:수입액[T001]/item=Y/score=8,,,,,13999000,가상분류,DATA,데이터,2,itm/obj 후보 선택,,,수출 증가율은 작년 8월(10.9%)부터 11월까지 꺾이다가 지난달 들어 반도체 수출이 31.5% 불어나며 오름세로 돌아섰다.
A0018-C010,A0018-C010-m2,수출 증가율,무역,반도체,31.5,%,%,rate,,,증감률,증가,증감률,KOSIS_VALUE,2024,2025-01-02,M,전월,,1,484,168,REJECT,NO_COMPATIBLE_ITEM,단위·지표 의미가 맞는 ITEM 없음,"품목별,수출액,수출,수입,무역",lexical,484.0,Y,,,,360,DT_1R11001_FRM101,"품목별 수출액, 수입액",1976045,SITC에의한무역통계,품목별:감광성 반도체 디바이스 및 발광다이오드 [13102112831A.77637]/item=N/score=60 | 품목별:다이오드트랜지스터 기타 이와 유사한 반도체 디바이스[13102112831A.7763]/item=N/score=60 | 품목별:기타 전자집적회로와 초소형 조립회로 [13102112831A.77649]/item=N/score=54 | 품목별:전자집적회로와 초소향 조립회로[13102112831A.7764]/item=N/score=54 | 품목별:776.81항의 압전기 결정소자 및 776.3항의  디바이스의 부분품[13102112831A.77688]/item=N/score=42 | 품목별:다이리스터 다이액과 트라이액(감광성 디  바이스 제외)[13102112831A.77635]/item=N/score=42 | 품목별:달리 명시되지 않은 액정 디바이스레이저 기기[13102112831A.8719]/item=N/score=42 | 품목별:마스크나 레티클 제작 및 수리 반도체 장비 또는 집적회로 조립 불이나 웨이퍼 반도체 장비 또는 집적회로 평면판표시장치를 들어올리고 다루며 적재 하역하는 것에만 유일하게 또는 주로 사용되는 기계 및 기구[13102112831A.72822]/item=N/score=38,,,,,13101112831A,품목별,13102112831A.77649,기타 전자집적회로와 초소형 조립회로 ,282,itm/obj 후보 선택,,,수출 증가율은 작년 8월(10.9%)부터 11월까지 꺾이다가 지난달 들어 반도체 수출이 31.5% 불어나며 오름세로 돌아섰다.
A0018-C010,A0018-C010-m2,수출 증가율,무역,반도체,31.5,%,%,rate,,,증감률,증가,증감률,KOSIS_VALUE,2024,2025-01-02,M,전월,,2,168,,ALTERNATE,NOT_TOP_TABLE,후순위 통계표 후보,"품목별,수출,수입,무역",lexical,168.0,Y,,,,134,DT_134006_N001,품목별 수입·수출현황,2017044,기업무역활동통계,품목별:가구 [A93]/item=N/score=18 | 품목별:가죽류 [A41]/item=N/score=18 | 품목별:가죽제품 [A42]/item=N/score=18 | 품목별:견직물[A50]/item=N/score=18 | 품목별:고무제품 [A40]/item=N/score=18 | 품목별:곡물 [A10]/item=N/score=18 | 품목별:곡물조제품[A19]/item=N/score=18 | 품목별:공구[A81]/item=N/score=18,T005,교역액 진입률,%,30,A001,품목별,A93,가구 ,32,itm/obj 후보 선택,direct,,수출 증가율은 작년 8월(10.9%)부터 11월까지 꺾이다가 지난달 들어 반도체 수출이 31.5% 불어나며 오름세로 돌아섰다.
A0018-C010,A0018-C010-m2,수출 증가율,무역,반도체,31.5,%,%,rate,,,증감률,증가,증감률,KOSIS_VALUE,2024,2025-01-02,M,전월,,3,152,,ALTERNATE,NOT_TOP_TABLE,후순위 통계표 후보,"품목별,수출",lexical,152.0,Y,,,,434,DT_434_STBL_1028692,게임기기 품목별 수출입 실적,2016058,문화체육관광산업통계 > 수출입 실적 현황,meta_index 없음 또는 코드명 매칭 없음,,,,,,,,,,meta 없음,,,수출 증가율은 작년 8월(10.9%)부터 11월까지 꺾이다가 지난달 들어 반도체 수출이 31.5% 불어나며 오름세로 돌아섰다.
A0018-C010,A0018-C010-m2,수출 증가율,무역,반도체,31.5,%,%,rate,,,증감률,증가,증감률,KOSIS_VALUE,2024,2025-01-02,M,전월,,4,152,,ALTERNATE,NOT_TOP_TABLE,후순위 통계표 후보,"품목별,수출",lexical,152.0,Y,,,,434,DT_434_STBL_1028682,공예품 품목별 수출입 실적,2016058,문화체육관광산업통계 > 수출입 실적 현황,meta_index 없음 또는 코드명 매칭 없음,,,,,,,,,,meta 없음,,,수출 증가율은 작년 8월(10.9%)부터 11월까지 꺾이다가 지난달 들어 반도체 수출이 31.5% 불어나며 오름세로 돌아섰다.
A0018-C010,A0018-C010-m2,수출 증가율,무역,반도체,31.5,%,%,rate,,,증감률,증가,증감률,KOSIS_VALUE,2024,2025-01-02,M,전월,,5,152,,ALTERNATE,NOT_TOP_TABLE,후순위 통계표 후보,"품목별,수출",lexical,152.0,Y,,,,434,DT_434_STBL_1028678,레저용품 품목별 수출입 실적,2016058,문화체육관광산업통계 > 수출입 실적 현황,meta_index 없음 또는 코드명 매칭 없음,,,,,,,,,,meta 없음,,,수출 증가율은 작년 8월(10.9%)부터 11월까지 꺾이다가 지난달 들어 반도체 수출이 31.5% 불어나며 오름세로 돌아섰다.
A0019-C007,A0019-C007-m1,개별소비세,재정·조세,-,30,%,%,rate,,,증감률,감소,증감률,KOSIS_VALUE,2025Q1,2025-01-02,Q,전년동기,,1,230,230,REVIEW,AMBIGUOUS_TABLE,"1·2위 점수 차이 부족: margin=0, required=23",개별소비세,lexical,230.0,Y,,,,134,DT_134007_2021_D001,HS류별 개별소비세 실적,2022005,수입물품에대한관세및내국세통계 > 개별소비세,항목:개별소비세액[T002]/item=Y/score=30 | HS류별:87 자동차[A87]/item=N/score=18 | HS류별:86 철도차량[A86]/item=N/score=12 | HS류별:30 의료용품[A31]/item=N/score=2,T003,부과율,%,30,A,HS류별,A02,01 산동물,2,itm/obj 후보 선택,direct,,이날 정부가 발표한 경제정책방향에는 올해 상반기(1월 3일~6월 30일)에 출고하는 자동차를 구매하는 경우 개별소비세를 30% 인하해주는 조치 등 내수 부양책이 다수 담겼다.
A0019-C007,A0019-C007-m1,개별소비세,재정·조세,-,30,%,%,rate,,,증감률,감소,증감률,KOSIS_VALUE,2025Q1,2025-01-02,Q,전년동기,,2,230,,ALTERNATE,NOT_TOP_TABLE,후순위 통계표 후보,개별소비세,lexical,230.0,Y,,,,134,DT_134007_2021_D003,품목별 개별소비세 실적,2022005,수입물품에대한관세및내국세통계 > 개별소비세,항목:개별소비세액[T002]/item=Y/score=30 | 품목별:자동차부품[A040302]/item=N/score=18 | 품목별:화물자동차[A040301]/item=N/score=18 | 품목별:철도차량[A040303]/item=N/score=12,T003,부과율,%,30,A,품목별,A02030302,2륜차,2,itm/obj 후보 선택,direct,,이날 정부가 발표한 경제정책방향에는 올해 상반기(1월 3일~6월 30일)에 출고하는 자동차를 구매하는 경우 개별소비세를 30% 인하해주는 조치 등 내수 부양책이 다수 담겼다.
A0019-C007,A0019-C007-m1,개별소비세,재정·조세,-,30,%,%,rate,,,증감률,감소,증감률,KOSIS_VALUE,2025Q1,2025-01-02,Q,전년동기,,3,170,,ALTERNATE,NOT_TOP_TABLE,후순위 통계표 후보,개별소비세,lexical,170.0,Y,,,,134,DT_134007_2021_D002,총괄,2022005,수입물품에대한관세및내국세통계 > 개별소비세,meta_index 없음 또는 코드명 매칭 없음,,,,,,,,,,meta 없음,,,이날 정부가 발표한 경제정책방향에는 올해 상반기(1월 3일~6월 30일)에 출고하는 자동차를 구매하는 경우 개별소비세를 30% 인하해주는 조치 등 내수 부양책이 다수 담겼다.
A0020-C024,A0020-C024-m1,로봇화에 뛰어든 기업 수,고용,-,13,%,%,rate,,,증감률,증가,증감률,KOSIS_VALUE,2019,2025-01-02,Y,전년,,1,176,176,REJECT,NO_COMPATIBLE_ITEM,단위·지표 의미가 맞는 ITEM 없음,"제조업,로봇,산업",lexical,176.0,Y,,,,401,DT_373002_001,"제조업용 로봇 생산 현황_기계구조, 적용산업별",2006203,로봇산업실태조사,기계구조및적용산업별:제조업[B0202]/item=N/score=10 | 기계구조및적용산업별:기타 로봇[B0106]/item=N/score=8 | 기계구조및적용산업별:다관절 로봇[B0103]/item=N/score=8 | 기계구조및적용산업별:리니어 로봇[B0101]/item=N/score=8 | 기계구조및적용산업별:병렬형 로봇[B0104]/item=N/score=8 | 기계구조및적용산업별:스카라 로봇[B0102]/item=N/score=8 | 기계구조및적용산업별:원통형 로봇[B0105]/item=N/score=8 | 기계구조및적용산업별:교육 연구 및 개발[B0203]/item=N/score=4,,,,,A,특성별,A00,전체,7,itm/obj 후보 선택,,,한국로봇산업진흥원에 따르면 로봇화에 뛰어든 우리 기업은 2524곳(2023년 기준)으로 2019년보다 13%가량 증가했다.
A0020-C024,A0020-C024-m1,로봇화에 뛰어든 기업 수,고용,-,13,%,%,rate,,,증감률,증가,증감률,KOSIS_VALUE,2019,2025-01-02,Y,전년,,2,176,,ALTERNATE,NOT_TOP_TABLE,후순위 통계표 후보,"제조업,로봇,산업",lexical,176.0,Y,,,,401,DT_373002_002,"제조업용 로봇 출하 현황_기계구조, 적용산업별",2006203,로봇산업실태조사,기계구조및적용산업별:제조업[B0202]/item=N/score=10 | 기계구조및적용산업별:기타 로봇[B0106]/item=N/score=8 | 기계구조및적용산업별:다관절 로봇[B0103]/item=N/score=8 | 기계구조및적용산업별:리니어 로봇[B0101]/item=N/score=8 | 기계구조및적용산업별:병렬형 로봇[B0104]/item=N/score=8 | 기계구조및적용산업별:스카라 로봇[B0102]/item=N/score=8 | 기계구조및적용산업별:원통형 로봇[B0105]/item=N/score=8 | 기계구조및적용산업별:교육 연구 및 개발[B0203]/item=N/score=4,,,,,A,특성별,A00,전체,7,itm/obj 후보 선택,,,한국로봇산업진흥원에 따르면 로봇화에 뛰어든 우리 기업은 2524곳(2023년 기준)으로 2019년보다 13%가량 증가했다.
A0020-C024,A0020-C024-m1,로봇화에 뛰어든 기업 수,고용,-,13,%,%,rate,,,증감률,증가,증감률,KOSIS_VALUE,2019,2025-01-02,Y,전년,,3,168,,ALTERNATE,NOT_TOP_TABLE,후순위 통계표 후보,"로봇,산업,전체",lexical,168.0,Y,,,,401,DT_401001_007,로봇산업 인력 현황(전체),2006203,로봇산업실태조사,meta_index 없음 또는 코드명 매칭 없음,,,,,,,,,,meta 없음,,,한국로봇산업진흥원에 따르면 로봇화에 뛰어든 우리 기업은 2524곳(2023년 기준)으로 2019년보다 13%가량 증가했다.
A0020-C024,A0020-C024-m1,로봇화에 뛰어든 기업 수,고용,-,13,%,%,rate,,,증감률,증가,증감률,KOSIS_VALUE,2019,2025-01-02,Y,전년,,4,166,,ALTERNATE,NOT_TOP_TABLE,후순위 통계표 후보,"로봇,기업,제조업",lexical,166.0,Y,,,,395,DT_395N_I2021277,디지털 신기술별 도입 여부: 로봇공학,2003024,한국기업혁신조사 > 2022년도 조사(제조업 부문) > 디지털전환 > 디지털 신기술별 도입 여부,meta_index 없음 또는 코드명 매칭 없음,,,,,,,,,,meta 없음,,,한국로봇산업진흥원에 따르면 로봇화에 뛰어든 우리 기업은 2524곳(2023년 기준)으로 2019년보다 13%가량 증가했다.
A0020-C024,A0020-C024-m1,로봇화에 뛰어든 기업 수,고용,-,13,%,%,rate,,,증감률,증가,증감률,KOSIS_VALUE,2019,2025-01-02,Y,전년,,5,166,,ALTERNATE,NOT_TOP_TABLE,후순위 통계표 후보,"로봇,기업,제조업",lexical,166.0,Y,,,,395,DT_395N_I2021268,디지털 신기술별 중요도: 로봇공학,2003024,한국기업혁신조사 > 2022년도 조사(제조업 부문) > 디지털전환 > 디지털 신기술별 중요도,meta_index 없음 또는 코드명 매칭 없음,,,,,,,,,,meta 없음,,,한국로봇산업진흥원에 따르면 로봇화에 뛰어든 우리 기업은 2524곳(2023년 기준)으로 2019년보다 13%가량 증가했다.
A0020-C029,A0020-C029-m1,중소제조업체 자금 조달 어려움 비율,고용,-,40.7,%,%,rate,,,비중,-,현재값,KOSIS_VALUE,2024,2025-01-02,Y,전년,,1,198,196,REVIEW,AMBIGUOUS_TABLE,"1·2위 점수 차이 부족: margin=2, required=19","어려움,실업,고용",lexical,198.0,Y,,,,101,DT_2FD002R,"실업자가 구직 시 경험한 어려움의 원인(복수응답, 이민자)",2012012,이민자체류실태및고용조사 > 이민자체류실태및고용조사(상주인구기준) > 실업자,항목:어려움 없었음[T900]/item=Y/score=18,T900,어려움 없었음,%,45,B,특성별,100,계,7,itm/obj 후보 선택,direct,,"작년 한국산업단지공단이 경남 창원 산단을 중심으로 실시한 조사에 따르면, 이곳 중소제조업체의 40.7%는 “자금 조달이 어렵다”고 대답했다."
A0020-C029,A0020-C029-m1,중소제조업체 자금 조달 어려움 비율,고용,-,40.7,%,%,rate,,,비중,-,현재값,KOSIS_VALUE,2024,2025-01-02,Y,전년,,2,196,,ALTERNATE,NOT_TOP_TABLE,후순위 통계표 후보,"어려움,고용",lexical,196.0,Y,,,,437,DT_43701N_239,자녀양육 관련 어려움 정도 - (4) 자녀 돌봐줄 믿을 만한 사람 고용 정도,2017022,북한이탈주민실태조사 > 자녀 양육과 돌봄,항목:자녀양육 어려움 정도 - (4) 자녀 돌봐줄 믿을 만한 사람 고용 정도[T001]/item=Y/score=28 | 특성별:경제활동(실업자)[A0802]/item=N/score=12 | 특성별:경제활동(취업자)[A0801]/item=N/score=12 | 특성별:경제활동별[A08]/item=N/score=8 | 특성별:비경제활동[A0803]/item=N/score=8 | 특성별:전체[A01]/item=N/score=8 | 특성별:40대[A0304]/item=N/score=2,T001,자녀양육 어려움 정도 - (4) 자녀 돌봐줄 믿을 만한 사람 고용 정도,%,45,A,특성별,A01,전체,7,itm/obj 후보 선택,direct,,"작년 한국산업단지공단이 경남 창원 산단을 중심으로 실시한 조사에 따르면, 이곳 중소제조업체의 40.7%는 “자금 조달이 어렵다”고 대답했다."
A0020-C029,A0020-C029-m1,중소제조업체 자금 조달 어려움 비율,고용,-,40.7,%,%,rate,,,비중,-,현재값,KOSIS_VALUE,2024,2025-01-02,Y,전년,,3,186,,ALTERNATE,NOT_TOP_TABLE,후순위 통계표 후보,"어려움,고용",lexical,186.0,Y,,,,101,DT_2FI015F,"경제적 어려움 경험 유무(지난 1년간, 이민자)",2012012,이민자체류실태및고용조사 > 이민자체류실태및고용조사(상주인구기준) > 소득과 소비,meta_index 없음 또는 코드명 매칭 없음,,,,,,,,,,meta 없음,,,"작년 한국산업단지공단이 경남 창원 산단을 중심으로 실시한 조사에 따르면, 이곳 중소제조업체의 40.7%는 “자금 조달이 어렵다”고 대답했다."
A0020-C029,A0020-C029-m1,중소제조업체 자금 조달 어려움 비율,고용,-,40.7,%,%,rate,,,비중,-,현재값,KOSIS_VALUE,2024,2025-01-02,Y,전년,,4,186,,ALTERNATE,NOT_TOP_TABLE,후순위 통계표 후보,"어려움,고용",lexical,186.0,Y,,,,101,DT_2FI016R,"경험한 경제적 어려움 유형(지난 1년간, 복수응답, 이민자)",2012012,이민자체류실태및고용조사 > 이민자체류실태및고용조사(상주인구기준) > 소득과 소비,meta_index 없음 또는 코드명 매칭 없음,,,,,,,,,,meta 없음,,,"작년 한국산업단지공단이 경남 창원 산단을 중심으로 실시한 조사에 따르면, 이곳 중소제조업체의 40.7%는 “자금 조달이 어렵다”고 대답했다."
A0020-C029,A0020-C029-m1,중소제조업체 자금 조달 어려움 비율,고용,-,40.7,%,%,rate,,,비중,-,현재값,KOSIS_VALUE,2024,2025-01-02,Y,전년,,5,186,,ALTERNATE,NOT_TOP_TABLE,후순위 통계표 후보,"어려움,고용",lexical,186.0,Y,,,,101,DT_2FT001R,구직 경험 유무 및 구직 시 경험한 어려움의 원인(이민자),2012012,이민자체류실태및고용조사 > 이민자체류실태및고용조사(상주인구기준) > 구직경험,meta_index 없음 또는 코드명 매칭 없음,,,,,,,,,,meta 없음,,,"작년 한국산업단지공단이 경남 창원 산단을 중심으로 실시한 조사에 따르면, 이곳 중소제조업체의 40.7%는 “자금 조달이 어렵다”고 대답했다."
A0020-C033,A0020-C033-m2,신기술 도입률,생산·산업,중소기업,12.1,%,%,rate,,,비중,-,현재값,KOSIS_VALUE,2024,2025-01-02,Y,-,,1,214,194,REJECT,NO_COMPATIBLE_ITEM,단위·지표 의미가 맞는 ITEM 없음,"산업,제조업,경기,중소기업",lexical,214.0,Y,,,,303,TX_30303_A000,"중소제조업 기업규모, 산업 및 부문별 경기전망지수",1979013,중소기업금융실태조사 > 구.중소제조업경기전망조사,구분별:산업별[15303AA1AC]/item=N/score=10 | 구분별:중소제조업[15303AA1AA]/item=N/score=6,,,,,15303AA1,구분별,15303AA1ACAA,경공업,2,itm/obj 후보 선택,,,"대기업이 신기술을 도입한 경우는 24.5%, 중소기업(50인 이상 300인 미만)의 신기술 도입률은 12.1% 정도였다."
A0020-C033,A0020-C033-m2,신기술 도입률,생산·산업,중소기업,12.1,%,%,rate,,,비중,-,현재값,KOSIS_VALUE,2024,2025-01-02,Y,-,,2,194,,ALTERNATE,NOT_TOP_TABLE,후순위 통계표 후보,"생산,중소기업",lexical,194.0,Y,,,,127,DT_127012_046,확보한 기술의 상품화 추진 및 생산 시 애로사항,2018024,ICT중소기업실태조사 > 기술개발및생산현황,애로사항별:생산 및 개발 인력부족[T003]/item=N/score=10 | 애로사항별:생산시설 확보/원자재 조달의 어려움[T005]/item=N/score=10 | 항목:확보한 기술의 상품화 추진 및 생산 시 애로사항[T001]/item=Y/score=10 | 특성별:인천/경기[A0602]/item=N/score=4 | 특성별:100억 이상[A0406]/item=N/score=2 | 특성별:10억~50억 미만[A0404]/item=N/score=2 | 특성별:1억 미만[A0401]/item=N/score=2 | 특성별:1억~5억 미만[A0402]/item=N/score=2,,,,,A,특성별,A01,전체,7,itm/obj 후보 선택,,,"대기업이 신기술을 도입한 경우는 24.5%, 중소기업(50인 이상 300인 미만)의 신기술 도입률은 12.1% 정도였다."
A0020-C033,A0020-C033-m2,신기술 도입률,생산·산업,중소기업,12.1,%,%,rate,,,비중,-,현재값,KOSIS_VALUE,2024,2025-01-02,Y,-,,3,190,,ALTERNATE,NOT_TOP_TABLE,후순위 통계표 후보,"생산,중소기업,제조업",lexical,190.0,Y,,,,142,DT_340N_A10011,"회사내부(R&D,생산,마케팅 부서 등)",1995008,중소기업기술통계조사 > 중소제조업(기술개발 수행기업) > 기술개발 활동,meta_index 없음 또는 코드명 매칭 없음,,,,,,,,,,meta 없음,,,"대기업이 신기술을 도입한 경우는 24.5%, 중소기업(50인 이상 300인 미만)의 신기술 도입률은 12.1% 정도였다."
A0023-C010,A0023-C010-m1,수출 증가율,무역,-,8.2,%,%,rate,,,증감률,증가,증감률,KOSIS_VALUE,2024,2025-01-02,Y,전년,,1,404,100,REJECT,NO_COMPATIBLE_ITEM,단위·지표 의미가 맞는 ITEM 없음,"품목별,수출액,수출,수입,무역",lexical,404.0,Y,,,,360,DT_1R11001_FRM101,"품목별 수출액, 수입액",1976045,SITC에의한무역통계,품목별:감광성 반도체 디바이스 및 발광다이오드 [13102112831A.77637]/item=N/score=35 | 품목별:다이오드트랜지스터 기타 이와 유사한 반도체 디바이스[13102112831A.7763]/item=N/score=35 | 품목별:기타 전자집적회로와 초소형 조립회로 [13102112831A.77649]/item=N/score=30 | 품목별:전자집적회로와 초소향 조립회로[13102112831A.7764]/item=N/score=30 | 품목별:총액[13102112831A.A]/item=N/score=30 | 항목:수출액[13103112831T1]/item=Y/score=30 | 품목별:우표수입인지 또는 이와 유사한 물품  (우리나라에서 통용 또는 발행된 것  으로서 사[13102112831A.89283]/item=N/score=29 | 품목별: 불이나 웨이퍼 반도체 장비 또는 집적회로 평면판표시장치 제조를 위한 기계 및 기구[13102112831A.72821]/item=N/score=27,,,,,13101112831A,품목별,13102112831A.A,총액,57,itm/obj 후보 선택,,,기재부는 반도체 등 주력 수출 업종의 경쟁 심화와 관세 장벽 강화를 내세운 미국의 트럼프 2기 행정부 출범 등으로 수출 증가율이 작년 8.2%에서 올해 1.5%로 쪼그라들 것으로 봤다.
A0023-C010,A0023-C010-m1,수출 증가율,무역,-,8.2,%,%,rate,,,증감률,증가,증감률,KOSIS_VALUE,2024,2025-01-02,Y,전년,,2,100,,ALTERNATE,NOT_TOP_TABLE,후순위 통계표 후보,"수출액,수출,수입,국가별,무역",lexical,100.0,Y,,,,360,DT_1R11006_FRM101,"국가별 수출액, 수입액",1976045,SITC에의한무역통계,항목:수출액[13103103829T1]/item=Y/score=30 | 항목:수입액[13103103829T2]/item=Y/score=8 | 국가별:E.U.[13102103829E.EU]/item=N/score=6 | 국가별:가나[13102103829E.GH]/item=N/score=6 | 국가별:가봉[13102103829E.GA]/item=N/score=6 | 국가별:가이아나[13102103829E.GY]/item=N/score=6 | 국가별:감비아[13102103829E.GM]/item=N/score=6 | 국가별:건지[13102103829E.GG]/item=N/score=6,,,,,13101103829E,국가별,13102103829E.00,계,7,itm/obj 후보 선택,,,기재부는 반도체 등 주력 수출 업종의 경쟁 심화와 관세 장벽 강화를 내세운 미국의 트럼프 2기 행정부 출범 등으로 수출 증가율이 작년 8.2%에서 올해 1.5%로 쪼그라들 것으로 봤다.
A0023-C010,A0023-C010-m1,수출 증가율,무역,-,8.2,%,%,rate,,,증감률,증가,증감률,KOSIS_VALUE,2024,2025-01-02,Y,전년,,3,96,,ALTERNATE,NOT_TOP_TABLE,후순위 통계표 후보,"품목별,수출액,수출",lexical,96.0,Y,,,,466,DT_446001_A027,쌀가루 생산판매 현황 : 품목별 수출액 - 총계,2024007,쌀가공식품제조업실태조사 > 쌀가공식품제조업,사업체특성별:주 생산 품목별(소분류)[A02]/item=N/score=18,,,,,A,사업체특성별,A02,주 생산 품목별(소분류),32,itm/obj 후보 선택,,,기재부는 반도체 등 주력 수출 업종의 경쟁 심화와 관세 장벽 강화를 내세운 미국의 트럼프 2기 행정부 출범 등으로 수출 증가율이 작년 8.2%에서 올해 1.5%로 쪼그라들 것으로 봤다.
A0023-C010,A0023-C010-m1,수출 증가율,무역,-,8.2,%,%,rate,,,증감률,증가,증감률,KOSIS_VALUE,2024,2025-01-02,Y,전년,,4,88,,ALTERNATE,NOT_TOP_TABLE,후순위 통계표 후보,"품목별,수출,수입,무역",lexical,88.0,Y,,,,134,DT_134006_N001,품목별 수입·수출현황,2017044,기업무역활동통계,품목별:가구 [A93]/item=N/score=18 | 품목별:가죽류 [A41]/item=N/score=18 | 품목별:가죽제품 [A42]/item=N/score=18 | 품목별:견직물[A50]/item=N/score=18 | 품목별:고무제품 [A40]/item=N/score=18 | 품목별:곡물 [A10]/item=N/score=18 | 품목별:곡물조제품[A19]/item=N/score=18 | 품목별:공구[A81]/item=N/score=18,T005,교역액 진입률,%,30,A001,품목별,A93,가구 ,32,itm/obj 후보 선택,direct,,기재부는 반도체 등 주력 수출 업종의 경쟁 심화와 관세 장벽 강화를 내세운 미국의 트럼프 2기 행정부 출범 등으로 수출 증가율이 작년 8.2%에서 올해 1.5%로 쪼그라들 것으로 봤다.
A0023-C010,A0023-C010-m1,수출 증가율,무역,-,8.2,%,%,rate,,,증감률,증가,증감률,KOSIS_VALUE,2024,2025-01-02,Y,전년,,5,88,,ALTERNATE,NOT_TOP_TABLE,후순위 통계표 후보,"수출액,수출,수입",lexical,88.0,Y,,,,145,DT_145011_A006,화장품 수입 및 수출액 현황,2017087,화장품산업현황 > 화장품 수출입 현황,항목:수출액[T002]/item=Y/score=30 | 항목:수입액[T001]/item=Y/score=8,,,,,13999000,가상분류,DATA,데이터,2,itm/obj 후보 선택,,,기재부는 반도체 등 주력 수출 업종의 경쟁 심화와 관세 장벽 강화를 내세운 미국의 트럼프 2기 행정부 출범 등으로 수출 증가율이 작년 8.2%에서 올해 1.5%로 쪼그라들 것으로 봤다.
A0023-C010,A0023-C010-m2,수출 증가율,무역,-,1.5,%,%,rate,,,증감률,증가,증감률,KOSIS_VALUE,2025,2025-01-02,Y,전년,,1,404,100,REJECT,NO_COMPATIBLE_ITEM,단위·지표 의미가 맞는 ITEM 없음,"품목별,수출액,수출,수입,무역",lexical,404.0,Y,,,,360,DT_1R11001_FRM101,"품목별 수출액, 수입액",1976045,SITC에의한무역통계,품목별:감광성 반도체 디바이스 및 발광다이오드 [13102112831A.77637]/item=N/score=35 | 품목별:다이오드트랜지스터 기타 이와 유사한 반도체 디바이스[13102112831A.7763]/item=N/score=35 | 품목별:기타 전자집적회로와 초소형 조립회로 [13102112831A.77649]/item=N/score=30 | 품목별:전자집적회로와 초소향 조립회로[13102112831A.7764]/item=N/score=30 | 품목별:총액[13102112831A.A]/item=N/score=30 | 항목:수출액[13103112831T1]/item=Y/score=30 | 품목별:우표수입인지 또는 이와 유사한 물품  (우리나라에서 통용 또는 발행된 것  으로서 사[13102112831A.89283]/item=N/score=29 | 품목별: 불이나 웨이퍼 반도체 장비 또는 집적회로 평면판표시장치 제조를 위한 기계 및 기구[13102112831A.72821]/item=N/score=27,,,,,13101112831A,품목별,13102112831A.A,총액,57,itm/obj 후보 선택,,,기재부는 반도체 등 주력 수출 업종의 경쟁 심화와 관세 장벽 강화를 내세운 미국의 트럼프 2기 행정부 출범 등으로 수출 증가율이 작년 8.2%에서 올해 1.5%로 쪼그라들 것으로 봤다.
A0023-C010,A0023-C010-m2,수출 증가율,무역,-,1.5,%,%,rate,,,증감률,증가,증감률,KOSIS_VALUE,2025,2025-01-02,Y,전년,,2,100,,ALTERNATE,NOT_TOP_TABLE,후순위 통계표 후보,"수출액,수출,수입,국가별,무역",lexical,100.0,Y,,,,360,DT_1R11006_FRM101,"국가별 수출액, 수입액",1976045,SITC에의한무역통계,항목:수출액[13103103829T1]/item=Y/score=30 | 항목:수입액[13103103829T2]/item=Y/score=8 | 국가별:E.U.[13102103829E.EU]/item=N/score=6 | 국가별:가나[13102103829E.GH]/item=N/score=6 | 국가별:가봉[13102103829E.GA]/item=N/score=6 | 국가별:가이아나[13102103829E.GY]/item=N/score=6 | 국가별:감비아[13102103829E.GM]/item=N/score=6 | 국가별:건지[13102103829E.GG]/item=N/score=6,,,,,13101103829E,국가별,13102103829E.00,계,7,itm/obj 후보 선택,,,기재부는 반도체 등 주력 수출 업종의 경쟁 심화와 관세 장벽 강화를 내세운 미국의 트럼프 2기 행정부 출범 등으로 수출 증가율이 작년 8.2%에서 올해 1.5%로 쪼그라들 것으로 봤다.
A0023-C010,A0023-C010-m2,수출 증가율,무역,-,1.5,%,%,rate,,,증감률,증가,증감률,KOSIS_VALUE,2025,2025-01-02,Y,전년,,3,96,,ALTERNATE,NOT_TOP_TABLE,후순위 통계표 후보,"품목별,수출액,수출",lexical,96.0,Y,,,,466,DT_446001_A027,쌀가루 생산판매 현황 : 품목별 수출액 - 총계,2024007,쌀가공식품제조업실태조사 > 쌀가공식품제조업,사업체특성별:주 생산 품목별(소분류)[A02]/item=N/score=18,,,,,A,사업체특성별,A02,주 생산 품목별(소분류),32,itm/obj 후보 선택,,,기재부는 반도체 등 주력 수출 업종의 경쟁 심화와 관세 장벽 강화를 내세운 미국의 트럼프 2기 행정부 출범 등으로 수출 증가율이 작년 8.2%에서 올해 1.5%로 쪼그라들 것으로 봤다.
A0023-C010,A0023-C010-m2,수출 증가율,무역,-,1.5,%,%,rate,,,증감률,증가,증감률,KOSIS_VALUE,2025,2025-01-02,Y,전년,,4,88,,ALTERNATE,NOT_TOP_TABLE,후순위 통계표 후보,"품목별,수출,수입,무역",lexical,88.0,Y,,,,134,DT_134006_N001,품목별 수입·수출현황,2017044,기업무역활동통계,품목별:가구 [A93]/item=N/score=18 | 품목별:가죽류 [A41]/item=N/score=18 | 품목별:가죽제품 [A42]/item=N/score=18 | 품목별:견직물[A50]/item=N/score=18 | 품목별:고무제품 [A40]/item=N/score=18 | 품목별:곡물 [A10]/item=N/score=18 | 품목별:곡물조제품[A19]/item=N/score=18 | 품목별:공구[A81]/item=N/score=18,T005,교역액 진입률,%,30,A001,품목별,A93,가구 ,32,itm/obj 후보 선택,direct,,기재부는 반도체 등 주력 수출 업종의 경쟁 심화와 관세 장벽 강화를 내세운 미국의 트럼프 2기 행정부 출범 등으로 수출 증가율이 작년 8.2%에서 올해 1.5%로 쪼그라들 것으로 봤다.
A0023-C010,A0023-C010-m2,수출 증가율,무역,-,1.5,%,%,rate,,,증감률,증가,증감률,KOSIS_VALUE,2025,2025-01-02,Y,전년,,5,88,,ALTERNATE,NOT_TOP_TABLE,후순위 통계표 후보,"수출액,수출,수입",lexical,88.0,Y,,,,145,DT_145011_A006,화장품 수입 및 수출액 현황,2017087,화장품산업현황 > 화장품 수출입 현황,항목:수출액[T002]/item=Y/score=30 | 항목:수입액[T001]/item=Y/score=8,,,,,13999000,가상분류,DATA,데이터,2,itm/obj 후보 선택,,,기재부는 반도체 등 주력 수출 업종의 경쟁 심화와 관세 장벽 강화를 내세운 미국의 트럼프 2기 행정부 출범 등으로 수출 증가율이 작년 8.2%에서 올해 1.5%로 쪼그라들 것으로 봤다.
A0023-C011,A0023-C011-m1,수출 증가율,무역,-,6,%,%,rate,,,증감률,증가,이전값,KOSIS_VALUE,2024,2025-01-02,Y,전년,,1,404,100,REJECT,NO_COMPATIBLE_ITEM,단위·지표 의미가 맞는 ITEM 없음,"품목별,수출액,수출,수입,무역",lexical,404.0,Y,,,,360,DT_1R11001_FRM101,"품목별 수출액, 수입액",1976045,SITC에의한무역통계,품목별:총액[13102112831A.A]/item=N/score=30 | 항목:수출액[13103112831T1]/item=Y/score=30 | 품목별:기타 우표 또는 수입인지우편요금 별납증지우편엽서[13102112831A.89649]/item=N/score=26 | 품목별:기타(우표 또는 수입인지 우편요금 별납증지  초일봉투 우편엽서(엽서) 및 이와 유사  )[13102112831A.89640]/item=N/score=26 | 품목별:우표 또는 수입인지 우편요금 별납증지  초일봉투 우편엽서(엽서) 및 이와 유사  [13102112831A.8964]/item=N/score=26 | 품목별:우표수입인지 또는 이와 유사한 물품  (우리나라에서 통용 또는 발행된 것  으로서 사[13102112831A.89283]/item=N/score=26 | 품목별:가스식의 즉시식 물가열기 [13102112831A.74181]/item=N/score=24 | 품목별:기타 즉시식 또는 저장식 물가열기(전기  가열식의 것 제외)[13102112831A.74182]/item=N/score=24,,,,,13101112831A,품목별,13102112831A.A,총액,57,itm/obj 후보 선택,,,정부가 이날 발표한 새해 수출 증가율 전망치는 6개월 전 전망(6%)과 비교해도 4분의 1 수준이다.
A0023-C011,A0023-C011-m1,수출 증가율,무역,-,6,%,%,rate,,,증감률,증가,이전값,KOSIS_VALUE,2024,2025-01-02,Y,전년,,2,100,,ALTERNATE,NOT_TOP_TABLE,후순위 통계표 후보,"수출액,수출,수입,국가별,무역",lexical,100.0,Y,,,,360,DT_1R11006_FRM101,"국가별 수출액, 수입액",1976045,SITC에의한무역통계,항목:수출액[13103103829T1]/item=Y/score=30 | 항목:수입액[13103103829T2]/item=Y/score=8 | 국가별:E.U.[13102103829E.EU]/item=N/score=6 | 국가별:가나[13102103829E.GH]/item=N/score=6 | 국가별:가봉[13102103829E.GA]/item=N/score=6 | 국가별:가이아나[13102103829E.GY]/item=N/score=6 | 국가별:감비아[13102103829E.GM]/item=N/score=6 | 국가별:건지[13102103829E.GG]/item=N/score=6,,,,,13101103829E,국가별,13102103829E.00,계,7,itm/obj 후보 선택,,,정부가 이날 발표한 새해 수출 증가율 전망치는 6개월 전 전망(6%)과 비교해도 4분의 1 수준이다.
A0023-C011,A0023-C011-m1,수출 증가율,무역,-,6,%,%,rate,,,증감률,증가,이전값,KOSIS_VALUE,2024,2025-01-02,Y,전년,,3,96,,ALTERNATE,NOT_TOP_TABLE,후순위 통계표 후보,"품목별,수출액,수출",lexical,96.0,Y,,,,466,DT_446001_A027,쌀가루 생산판매 현황 : 품목별 수출액 - 총계,2024007,쌀가공식품제조업실태조사 > 쌀가공식품제조업,사업체특성별:주 생산 품목별(소분류)[A02]/item=N/score=18,,,,,A,사업체특성별,A02,주 생산 품목별(소분류),32,itm/obj 후보 선택,,,정부가 이날 발표한 새해 수출 증가율 전망치는 6개월 전 전망(6%)과 비교해도 4분의 1 수준이다.
A0023-C011,A0023-C011-m1,수출 증가율,무역,-,6,%,%,rate,,,증감률,증가,이전값,KOSIS_VALUE,2024,2025-01-02,Y,전년,,4,88,,ALTERNATE,NOT_TOP_TABLE,후순위 통계표 후보,"품목별,수출,수입,무역",lexical,88.0,Y,,,,134,DT_134006_N001,품목별 수입·수출현황,2017044,기업무역활동통계,품목별:가구 [A93]/item=N/score=18 | 품목별:가죽류 [A41]/item=N/score=18 | 품목별:가죽제품 [A42]/item=N/score=18 | 품목별:견직물[A50]/item=N/score=18 | 품목별:고무제품 [A40]/item=N/score=18 | 품목별:곡물 [A10]/item=N/score=18 | 품목별:곡물조제품[A19]/item=N/score=18 | 품목별:공구[A81]/item=N/score=18,T005,교역액 진입률,%,30,A001,품목별,A93,가구 ,32,itm/obj 후보 선택,direct,,정부가 이날 발표한 새해 수출 증가율 전망치는 6개월 전 전망(6%)과 비교해도 4분의 1 수준이다.
A0023-C011,A0023-C011-m1,수출 증가율,무역,-,6,%,%,rate,,,증감률,증가,이전값,KOSIS_VALUE,2024,2025-01-02,Y,전년,,5,88,,ALTERNATE,NOT_TOP_TABLE,후순위 통계표 후보,"수출액,수출,수입",lexical,88.0,Y,,,,145,DT_145011_A006,화장품 수입 및 수출액 현황,2017087,화장품산업현황 > 화장품 수출입 현황,항목:수출액[T002]/item=Y/score=30 | 항목:수입액[T001]/item=Y/score=8,,,,,13999000,가상분류,DATA,데이터,2,itm/obj 후보 선택,,,정부가 이날 발표한 새해 수출 증가율 전망치는 6개월 전 전망(6%)과 비교해도 4분의 1 수준이다.
A0023-C013,A0023-C013-m1,메모리반도체 매출 성장세,무역,반도체,13.4,%,%,rate,,,비중,-,현재값,KOSIS_VALUE,2025,2025-01-02,Y,전년,,1,242,242,REVIEW,CODESET_REQUIRED,반도체 집계용 OBJ 코드셋이 필요함,"수출액,수출,매출",lexical,242.0,Y,,,,395,DT_395N_S2023296,수출액 수준: 2021년,2003024,한국기업혁신조사 > 2024년도 조사(제조업 부문) > 매출액 및 수출액 수준,특성별:매출규모[004]/item=N/score=12,T002,비율,%,30,A,특성별,004,매출규모,12,itm/obj 후보 선택,direct,,기재부는 우리나라 주력 수출 품목인 메모리반도체의 매출 성장세가 올해 13.4%로 작년(81%)의 16.5% 수준으로 쪼그라들 것이라는 세계반도체무역통계기구(WSTS)의 최근 전망을 인용하기도 했다.
A0023-C013,A0023-C013-m1,메모리반도체 매출 성장세,무역,반도체,13.4,%,%,rate,,,비중,-,현재값,KOSIS_VALUE,2025,2025-01-02,Y,전년,,2,242,,ALTERNATE,NOT_TOP_TABLE,후순위 통계표 후보,"수출액,수출,매출",lexical,242.0,Y,,,,395,DT_395N_S2024265,수출액 수준: 2022년,2003024,한국기업혁신조사 > 2025년도 조사(서비스 부문) > 매출액 및 수출액 수준,특성별:매출규모[004]/item=N/score=12,T002,비율,%,30,A,특성별,004,매출규모,12,itm/obj 후보 선택,direct,,기재부는 우리나라 주력 수출 품목인 메모리반도체의 매출 성장세가 올해 13.4%로 작년(81%)의 16.5% 수준으로 쪼그라들 것이라는 세계반도체무역통계기구(WSTS)의 최근 전망을 인용하기도 했다.
A0023-C013,A0023-C013-m1,메모리반도체 매출 성장세,무역,반도체,13.4,%,%,rate,,,비중,-,현재값,KOSIS_VALUE,2025,2025-01-02,Y,전년,,3,242,,ALTERNATE,NOT_TOP_TABLE,후순위 통계표 후보,"수출액,수출,매출",lexical,242.0,Y,,,,395,DT_395N_S2023298,수출액 수준: 2022년,2003024,한국기업혁신조사 > 2024년도 조사(제조업 부문) > 매출액 및 수출액 수준,meta_index 없음 또는 코드명 매칭 없음,,,,,,,,,,meta 없음,,,기재부는 우리나라 주력 수출 품목인 메모리반도체의 매출 성장세가 올해 13.4%로 작년(81%)의 16.5% 수준으로 쪼그라들 것이라는 세계반도체무역통계기구(WSTS)의 최근 전망을 인용하기도 했다.
A0023-C013,A0023-C013-m1,메모리반도체 매출 성장세,무역,반도체,13.4,%,%,rate,,,비중,-,현재값,KOSIS_VALUE,2025,2025-01-02,Y,전년,,4,242,,ALTERNATE,NOT_TOP_TABLE,후순위 통계표 후보,"수출액,수출,매출",lexical,242.0,Y,,,,395,DT_395N_S2024267,수출액 수준: 2023년,2003024,한국기업혁신조사 > 2025년도 조사(서비스 부문) > 매출액 및 수출액 수준,meta_index 없음 또는 코드명 매칭 없음,,,,,,,,,,meta 없음,,,기재부는 우리나라 주력 수출 품목인 메모리반도체의 매출 성장세가 올해 13.4%로 작년(81%)의 16.5% 수준으로 쪼그라들 것이라는 세계반도체무역통계기구(WSTS)의 최근 전망을 인용하기도 했다.
A0023-C013,A0023-C013-m1,메모리반도체 매출 성장세,무역,반도체,13.4,%,%,rate,,,비중,-,현재값,KOSIS_VALUE,2025,2025-01-02,Y,전년,,5,242,,ALTERNATE,NOT_TOP_TABLE,후순위 통계표 후보,"수출액,수출,매출",lexical,242.0,Y,,,,395,DT_395N_S2023300,수출액 수준: 2023년,2003024,한국기업혁신조사 > 2024년도 조사(제조업 부문) > 매출액 및 수출액 수준,meta_index 없음 또는 코드명 매칭 없음,,,,,,,,,,meta 없음,,,기재부는 우리나라 주력 수출 품목인 메모리반도체의 매출 성장세가 올해 13.4%로 작년(81%)의 16.5% 수준으로 쪼그라들 것이라는 세계반도체무역통계기구(WSTS)의 최근 전망을 인용하기도 했다.
A0023-C013,A0023-C013-m2,메모리반도체 매출 성장세,무역,반도체,81,%,%,rate,,,비중,-,이전값,KOSIS_VALUE,2024,2025-01-02,Y,전년,,1,242,242,REVIEW,CODESET_REQUIRED,반도체 집계용 OBJ 코드셋이 필요함,"수출액,수출,매출",lexical,242.0,Y,,,,395,DT_395N_S2022298,수출액 수준: 2020년,2003024,한국기업혁신조사 > 2023년도 조사(서비스 부문) > 매출액 및 수출액 수준,특성별:매출규모[004]/item=N/score=12,T002,비율,%,30,A,특성별,004,매출규모,12,itm/obj 후보 선택,direct,,기재부는 우리나라 주력 수출 품목인 메모리반도체의 매출 성장세가 올해 13.4%로 작년(81%)의 16.5% 수준으로 쪼그라들 것이라는 세계반도체무역통계기구(WSTS)의 최근 전망을 인용하기도 했다.
A0023-C013,A0023-C013-m2,메모리반도체 매출 성장세,무역,반도체,81,%,%,rate,,,비중,-,이전값,KOSIS_VALUE,2024,2025-01-02,Y,전년,,2,242,,ALTERNATE,NOT_TOP_TABLE,후순위 통계표 후보,"수출액,수출,매출",lexical,242.0,Y,,,,395,DT_395N_S2023296,수출액 수준: 2021년,2003024,한국기업혁신조사 > 2024년도 조사(제조업 부문) > 매출액 및 수출액 수준,특성별:매출규모[004]/item=N/score=12,T002,비율,%,30,A,특성별,004,매출규모,12,itm/obj 후보 선택,direct,,기재부는 우리나라 주력 수출 품목인 메모리반도체의 매출 성장세가 올해 13.4%로 작년(81%)의 16.5% 수준으로 쪼그라들 것이라는 세계반도체무역통계기구(WSTS)의 최근 전망을 인용하기도 했다.
A0023-C013,A0023-C013-m2,메모리반도체 매출 성장세,무역,반도체,81,%,%,rate,,,비중,-,이전값,KOSIS_VALUE,2024,2025-01-02,Y,전년,,3,242,,ALTERNATE,NOT_TOP_TABLE,후순위 통계표 후보,"수출액,수출,매출",lexical,242.0,Y,,,,395,DT_395N_S2022296,수출액 수준: 2021년,2003024,한국기업혁신조사 > 2023년도 조사(서비스 부문) > 매출액 및 수출액 수준,meta_index 없음 또는 코드명 매칭 없음,,,,,,,,,,meta 없음,,,기재부는 우리나라 주력 수출 품목인 메모리반도체의 매출 성장세가 올해 13.4%로 작년(81%)의 16.5% 수준으로 쪼그라들 것이라는 세계반도체무역통계기구(WSTS)의 최근 전망을 인용하기도 했다.
A0023-C013,A0023-C013-m2,메모리반도체 매출 성장세,무역,반도체,81,%,%,rate,,,비중,-,이전값,KOSIS_VALUE,2024,2025-01-02,Y,전년,,4,242,,ALTERNATE,NOT_TOP_TABLE,후순위 통계표 후보,"수출액,수출,매출",lexical,242.0,Y,,,,395,DT_395N_S2024265,수출액 수준: 2022년,2003024,한국기업혁신조사 > 2025년도 조사(서비스 부문) > 매출액 및 수출액 수준,특성별:매출규모[004]/item=N/score=12,T002,비율,%,30,A,특성별,004,매출규모,12,itm/obj 후보 선택,direct,,기재부는 우리나라 주력 수출 품목인 메모리반도체의 매출 성장세가 올해 13.4%로 작년(81%)의 16.5% 수준으로 쪼그라들 것이라는 세계반도체무역통계기구(WSTS)의 최근 전망을 인용하기도 했다.
A0023-C013,A0023-C013-m2,메모리반도체 매출 성장세,무역,반도체,81,%,%,rate,,,비중,-,이전값,KOSIS_VALUE,2024,2025-01-02,Y,전년,,5,242,,ALTERNATE,NOT_TOP_TABLE,후순위 통계표 후보,"수출액,수출,매출",lexical,242.0,Y,,,,395,DT_395N_S2023298,수출액 수준: 2022년,2003024,한국기업혁신조사 > 2024년도 조사(제조업 부문) > 매출액 및 수출액 수준,meta_index 없음 또는 코드명 매칭 없음,,,,,,,,,,meta 없음,,,기재부는 우리나라 주력 수출 품목인 메모리반도체의 매출 성장세가 올해 13.4%로 작년(81%)의 16.5% 수준으로 쪼그라들 것이라는 세계반도체무역통계기구(WSTS)의 최근 전망을 인용하기도 했다.
A0023-C013,A0023-C013-m3,메모리반도체 매출 성장세 비율,무역,반도체,16.5,%,%,rate,,,증감률,감소,증감률,KOSIS_VALUE,2025,2025-01-02,Y,전년,,1,242,242,REVIEW,CODESET_REQUIRED,반도체 집계용 OBJ 코드셋이 필요함,"수출액,수출,매출",lexical,242.0,Y,,,,395,DT_395N_S2023296,수출액 수준: 2021년,2003024,한국기업혁신조사 > 2024년도 조사(제조업 부문) > 매출액 및 수출액 수준,특성별:매출규모[004]/item=N/score=12 | 항목:비율[T002]/item=Y/score=10,T002,비율,%,40,A,특성별,004,매출규모,12,itm/obj 후보 선택,direct,,기재부는 우리나라 주력 수출 품목인 메모리반도체의 매출 성장세가 올해 13.4%로 작년(81%)의 16.5% 수준으로 쪼그라들 것이라는 세계반도체무역통계기구(WSTS)의 최근 전망을 인용하기도 했다.
A0023-C013,A0023-C013-m3,메모리반도체 매출 성장세 비율,무역,반도체,16.5,%,%,rate,,,증감률,감소,증감률,KOSIS_VALUE,2025,2025-01-02,Y,전년,,2,242,,ALTERNATE,NOT_TOP_TABLE,후순위 통계표 후보,"수출액,수출,매출",lexical,242.0,Y,,,,395,DT_395N_S2024265,수출액 수준: 2022년,2003024,한국기업혁신조사 > 2025년도 조사(서비스 부문) > 매출액 및 수출액 수준,특성별:매출규모[004]/item=N/score=12 | 항목:비율[T002]/item=Y/score=10,T002,비율,%,40,A,특성별,004,매출규모,12,itm/obj 후보 선택,direct,,기재부는 우리나라 주력 수출 품목인 메모리반도체의 매출 성장세가 올해 13.4%로 작년(81%)의 16.5% 수준으로 쪼그라들 것이라는 세계반도체무역통계기구(WSTS)의 최근 전망을 인용하기도 했다.
A0023-C013,A0023-C013-m3,메모리반도체 매출 성장세 비율,무역,반도체,16.5,%,%,rate,,,증감률,감소,증감률,KOSIS_VALUE,2025,2025-01-02,Y,전년,,3,242,,ALTERNATE,NOT_TOP_TABLE,후순위 통계표 후보,"수출액,수출,매출",lexical,242.0,Y,,,,395,DT_395N_S2023298,수출액 수준: 2022년,2003024,한국기업혁신조사 > 2024년도 조사(제조업 부문) > 매출액 및 수출액 수준,meta_index 없음 또는 코드명 매칭 없음,,,,,,,,,,meta 없음,,,기재부는 우리나라 주력 수출 품목인 메모리반도체의 매출 성장세가 올해 13.4%로 작년(81%)의 16.5% 수준으로 쪼그라들 것이라는 세계반도체무역통계기구(WSTS)의 최근 전망을 인용하기도 했다.
A0023-C013,A0023-C013-m3,메모리반도체 매출 성장세 비율,무역,반도체,16.5,%,%,rate,,,증감률,감소,증감률,KOSIS_VALUE,2025,2025-01-02,Y,전년,,4,242,,ALTERNATE,NOT_TOP_TABLE,후순위 통계표 후보,"수출액,수출,매출",lexical,242.0,Y,,,,395,DT_395N_S2024267,수출액 수준: 2023년,2003024,한국기업혁신조사 > 2025년도 조사(서비스 부문) > 매출액 및 수출액 수준,meta_index 없음 또는 코드명 매칭 없음,,,,,,,,,,meta 없음,,,기재부는 우리나라 주력 수출 품목인 메모리반도체의 매출 성장세가 올해 13.4%로 작년(81%)의 16.5% 수준으로 쪼그라들 것이라는 세계반도체무역통계기구(WSTS)의 최근 전망을 인용하기도 했다.
A0023-C013,A0023-C013-m3,메모리반도체 매출 성장세 비율,무역,반도체,16.5,%,%,rate,,,증감률,감소,증감률,KOSIS_VALUE,2025,2025-01-02,Y,전년,,5,242,,ALTERNATE,NOT_TOP_TABLE,후순위 통계표 후보,"수출액,수출,매출",lexical,242.0,Y,,,,395,DT_395N_S2023300,수출액 수준: 2023년,2003024,한국기업혁신조사 > 2024년도 조사(제조업 부문) > 매출액 및 수출액 수준,meta_index 없음 또는 코드명 매칭 없음,,,,,,,,,,meta 없음,,,기재부는 우리나라 주력 수출 품목인 메모리반도체의 매출 성장세가 올해 13.4%로 작년(81%)의 16.5% 수준으로 쪼그라들 것이라는 세계반도체무역통계기구(WSTS)의 최근 전망을 인용하기도 했다.
A0023-C016,A0023-C016-m1,경제성장률 차이,재정·조세,-,0.1,%,%,rate,,,비중,-,현재값,KOSIS_VALUE,2025,2025-01-02,Y,전년동기,,1,168,168,REVIEW,AMBIGUOUS_TABLE,"1·2위 점수 차이 부족: margin=0, required=16","차이,전국",lexical,168.0,Y,,,,154,DT_117079_25BB002009,지난 1년간 문화적 차이 유형,2009027,전국다문화가족실태조사 > 2024년 > 본인,유형별:저축 소비 등 경제생활 차이[B08]/item=N/score=10 | 특성별:전체[A]/item=N/score=8,T001,비율,%,30,13101123623B,유형별,B08,저축 소비 등 경제생활 차이,12,itm/obj 후보 선택,direct,,◇계엄 파문 전 한은 전망보다 낮아 정부의 새해 성장률 전망치는 지난달 3일 비상 계엄 파문 직전 나온 한국은행 전망보다도 0.1%포인트 낮다.
A0023-C016,A0023-C016-m1,경제성장률 차이,재정·조세,-,0.1,%,%,rate,,,비중,-,현재값,KOSIS_VALUE,2025,2025-01-02,Y,전년동기,,2,168,,ALTERNATE,NOT_TOP_TABLE,후순위 통계표 후보,"차이,전국",lexical,168.0,Y,,,,154,DT_117079_25BB002008,지난 1년간 부부간 문화적 차이 경험 정도,2009027,전국다문화가족실태조사 > 2024년 > 본인,특성별:전체[A]/item=N/score=8,T001,비율,,30,13101123623A,특성별,A,전체,7,itm/obj 후보 선택,direct,,◇계엄 파문 전 한은 전망보다 낮아 정부의 새해 성장률 전망치는 지난달 3일 비상 계엄 파문 직전 나온 한국은행 전망보다도 0.1%포인트 낮다.
A0023-C016,A0023-C016-m1,경제성장률 차이,재정·조세,-,0.1,%,%,rate,,,비중,-,현재값,KOSIS_VALUE,2025,2025-01-02,Y,전년동기,,3,160,,ALTERNATE,NOT_TOP_TABLE,후순위 통계표 후보,차이,lexical,160.0,Y,,,,111,DT_111014_B090,숙련기능인력(E-7-4)와 4년 이상 일한 경력을 가진 비전문취업자(E-9) 차이,2025005,"외국인고용실태조사(농업,제조업분야) > 비전문고용제조업",meta_index 없음 또는 코드명 매칭 없음,,,,,,,,,,meta 없음,,,◇계엄 파문 전 한은 전망보다 낮아 정부의 새해 성장률 전망치는 지난달 3일 비상 계엄 파문 직전 나온 한국은행 전망보다도 0.1%포인트 낮다.
A0023-C016,A0023-C016-m1,경제성장률 차이,재정·조세,-,0.1,%,%,rate,,,비중,-,현재값,KOSIS_VALUE,2025,2025-01-02,Y,전년동기,,4,160,,ALTERNATE,NOT_TOP_TABLE,후순위 통계표 후보,차이,lexical,160.0,Y,,,,112,DT_112016_078,진로전담교사 연수와 진로교육 업무 실행도 인식 차이(초등학교),2015009,진로교육현황조사 > 진로전담교사,meta_index 없음 또는 코드명 매칭 없음,,,,,,,,,,meta 없음,,,◇계엄 파문 전 한은 전망보다 낮아 정부의 새해 성장률 전망치는 지난달 3일 비상 계엄 파문 직전 나온 한국은행 전망보다도 0.1%포인트 낮다.
A0023-C016,A0023-C016-m1,경제성장률 차이,재정·조세,-,0.1,%,%,rate,,,비중,-,현재값,KOSIS_VALUE,2025,2025-01-02,Y,전년동기,,5,160,,ALTERNATE,NOT_TOP_TABLE,후순위 통계표 후보,차이,lexical,160.0,Y,,,,112,DT_112016_077,진로전담교사 연수와 진로교육 업무 중요도 인식 차이(초등학교),2015009,진로교육현황조사 > 진로전담교사,meta_index 없음 또는 코드명 매칭 없음,,,,,,,,,,meta 없음,,,◇계엄 파문 전 한은 전망보다 낮아 정부의 새해 성장률 전망치는 지난달 3일 비상 계엄 파문 직전 나온 한국은행 전망보다도 0.1%포인트 낮다.
A0023-C020,A0023-C020-m1,예산안의 경제 성장률 영향,재정·조세,-,0.06,%,%,rate,,,비중,-,현재값,KOSIS_VALUE,2024,2025-01-02,Y,전년,,1,220,208,REJECT,NO_COMPATIBLE_ITEM,단위·지표 의미가 맞는 ITEM 없음,"경제,영향",lexical,220.0,Y,,,,154,DT_154023_25AA005307,경제적 폭력 행위로 인한 영향,2021021,여성폭력실태조사 > 2024년 > 경제적 폭력,유형별:병원 입원이나 경제활동 중단 등으로 인한 수입 감소 [3]/item=N/score=12 | 유형별:우울 불안 수면장애 음주나 흡연 의존 등의 정서적 영향[1]/item=N/score=12 | 응답자 특성별:전체[1]/item=N/score=2 | 유형별:또 다른 폭력의 대상이 될 것 같은 두려움 증가[6]/item=N/score=2,,,,,A,유형별,3,병원 입원이나 경제활동 중단 등으로 인한 수입 감소 ,12,itm/obj 후보 선택,,,이창용 한국은행 총재도 같은 달 17일 국회 기획재정위원회 현안질의에서 “현재 통과된 예산안은 경제(성장률)에 마이너스(-) 0.06%포인트정도 영향이 있다”고 말했었다.
A0023-C020,A0023-C020-m1,예산안의 경제 성장률 영향,재정·조세,-,0.06,%,%,rate,,,비중,-,현재값,KOSIS_VALUE,2024,2025-01-02,Y,전년,,2,208,,ALTERNATE,NOT_TOP_TABLE,후순위 통계표 후보,"경제,영향",lexical,208.0,Y,,,,177,DT_COVID19_CONCERN_ECO_DAMAGE,시·군·구별 코로나19로 인한 심리적 영향(감염으로 인한 경제적 피해 염려),2008057,지역사회건강조사 > 코로나19,meta_index 없음 또는 코드명 매칭 없음,CR,조율,%,30,CHS_CT,시군구별,00801,가평군,2,itm/obj 후보 선택,direct,,이창용 한국은행 총재도 같은 달 17일 국회 기획재정위원회 현안질의에서 “현재 통과된 예산안은 경제(성장률)에 마이너스(-) 0.06%포인트정도 영향이 있다”고 말했었다.
A0023-C020,A0023-C020-m1,예산안의 경제 성장률 영향,재정·조세,-,0.06,%,%,rate,,,비중,-,현재값,KOSIS_VALUE,2024,2025-01-02,Y,전년,,3,208,,ALTERNATE,NOT_TOP_TABLE,후순위 통계표 후보,"경제,영향",lexical,208.0,Y,,,,113,DT_113_STBL_1031691,여가활동 영향 요인 : 경제적 지출 부담,2007077,국민여가활동조사 > 여가인식 실태,meta_index 없음 또는 코드명 매칭 없음,,,,,,,,,,meta 없음,,,이창용 한국은행 총재도 같은 달 17일 국회 기획재정위원회 현안질의에서 “현재 통과된 예산안은 경제(성장률)에 마이너스(-) 0.06%포인트정도 영향이 있다”고 말했었다.
A0023-C020,A0023-C020-m1,예산안의 경제 성장률 영향,재정·조세,-,0.06,%,%,rate,,,비중,-,현재값,KOSIS_VALUE,2024,2025-01-02,Y,전년,,4,208,,ALTERNATE,NOT_TOP_TABLE,후순위 통계표 후보,"경제,영향",lexical,208.0,Y,,,,438,DT_438001_BB006_1,코로나19가 경제상태에 미치는 영향,2018037,장애인삶패널조사 > 가구주 > 가계변화,meta_index 없음 또는 코드명 매칭 없음,,,,,,,,,,meta 없음,,,이창용 한국은행 총재도 같은 달 17일 국회 기획재정위원회 현안질의에서 “현재 통과된 예산안은 경제(성장률)에 마이너스(-) 0.06%포인트정도 영향이 있다”고 말했었다.
A0023-C020,A0023-C020-m1,예산안의 경제 성장률 영향,재정·조세,-,0.06,%,%,rate,,,비중,-,현재값,KOSIS_VALUE,2024,2025-01-02,Y,전년,,5,196,,ALTERNATE,NOT_TOP_TABLE,후순위 통계표 후보,"영향,경제",lexical,196.0,Y,,,,114,DT_114036_2024_A005,기후변화의 영향에 대한 인식,2003023,여성농업인실태조사 > 2023년 > 일반적 특성 및 경제·사회 참여 현황,meta_index 없음 또는 코드명 매칭 없음,,,,,,,,,,meta 없음,,,이창용 한국은행 총재도 같은 달 17일 국회 기획재정위원회 현안질의에서 “현재 통과된 예산안은 경제(성장률)에 마이너스(-) 0.06%포인트정도 영향이 있다”고 말했었다.
A0023-C022,A0023-C022-m1,생산 증감률,생산·산업,-,0.4,%,%,rate,,,증감률,감소,증감률,KOSIS_VALUE,2024Q4,2025-01-02,Q,전년동기,,1,206,206,REVIEW,AMBIGUOUS_TABLE,"1·2위 점수 차이 부족: margin=0, required=20","생산,산업",lexical,206.0,Y,,,,115,DT_115012_B001,소재부품산업별 생산통계지수,2002026,소재·부품·장비산업동향조사 > 산업별 생산 10인기준 > 소재·부품,항목:생산증감률[T002]/item=Y/score=27 | 소재부품산업별:펌프 및 압축기 제조업[22030]/item=N/score=16 | 항목:재고증감률[T006]/item=Y/score=15 | 항목:출하증감률[T004]/item=Y/score=15 | 항목:생산지수[T001]/item=Y/score=12 | 소재부품산업별:1차 금속제품[15000]/item=N/score=10 | 소재부품산업별:가공공작기계부품[22110]/item=N/score=10 | 소재부품산업별:가정용기기[24070]/item=N/score=10,T002,생산증감률,%,55,A001,소재부품산업별,15000,1차 금속제품,2,itm/obj 후보 선택,direct,,"지난달 30일 발표된 통계청의 ‘11월 산업활동동향’에 따르면, 생산은 작년 9월(-0.4%)·10월(-0.2%)·11월(-0.4%) 등 3개월 연속으로 전월 대비 감소했다."
A0023-C022,A0023-C022-m1,생산 증감률,생산·산업,-,0.4,%,%,rate,,,증감률,감소,증감률,KOSIS_VALUE,2024Q4,2025-01-02,Q,전년동기,,2,206,,ALTERNATE,NOT_TOP_TABLE,후순위 통계표 후보,"생산,산업",lexical,206.0,Y,,,,115,DT_115012_A0031,소재부품장비산업별 생산통계지수,2002026,소재·부품·장비산업동향조사 > 산업별 생산 10인기준 > 소재·부품·장비(17대),항목:생산증감률[T002]/item=Y/score=27 | 소재부품장비산업별:펌프 및 압축기 제조업[22030]/item=N/score=16 | 항목:재고증감률[T006]/item=Y/score=15 | 항목:출하증감률[T004]/item=Y/score=15 | 항목:생산지수[T001]/item=Y/score=12 | 소재부품장비산업별:1차 금속제품[15000]/item=N/score=10 | 소재부품장비산업별:가공공작기계[31010]/item=N/score=10 | 소재부품장비산업별:가공공작기계부품[22110]/item=N/score=10,T002,생산증감률,%,55,A001,소재부품장비산업별,15000,1차 금속제품,2,itm/obj 후보 선택,direct,,"지난달 30일 발표된 통계청의 ‘11월 산업활동동향’에 따르면, 생산은 작년 9월(-0.4%)·10월(-0.2%)·11월(-0.4%) 등 3개월 연속으로 전월 대비 감소했다."
A0023-C022,A0023-C022-m1,생산 증감률,생산·산업,-,0.4,%,%,rate,,,증감률,감소,증감률,KOSIS_VALUE,2024Q4,2025-01-02,Q,전년동기,,3,206,,ALTERNATE,NOT_TOP_TABLE,후순위 통계표 후보,"생산,산업",lexical,206.0,Y,,,,115,DT_115012_A003,소재부품장비산업별 생산통계지수,2002026,소재·부품·장비산업동향조사 > 산업별 생산 10인기준 > 소재·부품·장비(16대),meta_index 없음 또는 코드명 매칭 없음,,,,,,,,,,meta 없음,,,"지난달 30일 발표된 통계청의 ‘11월 산업활동동향’에 따르면, 생산은 작년 9월(-0.4%)·10월(-0.2%)·11월(-0.4%) 등 3개월 연속으로 전월 대비 감소했다."
A0023-C022,A0023-C022-m1,생산 증감률,생산·산업,-,0.4,%,%,rate,,,증감률,감소,증감률,KOSIS_VALUE,2024Q4,2025-01-02,Q,전년동기,,4,206,,ALTERNATE,NOT_TOP_TABLE,후순위 통계표 후보,"생산,산업,제조업",lexical,206.0,Y,,,,401,DT_373002_001,"제조업용 로봇 생산 현황_기계구조, 적용산업별",2006203,로봇산업실태조사,기계구조및적용산업별:제조업[B0202]/item=N/score=16 | 기계구조및적용산업별:교육 연구 및 개발[B0203]/item=N/score=10 | 기계구조및적용산업별:기계구조[B01]/item=N/score=10 | 기계구조및적용산업별:기타 로봇[B0106]/item=N/score=10 | 기계구조및적용산업별:농업[B0201]/item=N/score=10 | 기계구조및적용산업별:다관절 로봇[B0103]/item=N/score=10 | 기계구조및적용산업별:리니어 로봇[B0101]/item=N/score=10 | 기계구조및적용산업별:명시되지 않은 분야[B0204]/item=N/score=10,,,,,A,특성별,A00,전체,7,itm/obj 후보 선택,,,"지난달 30일 발표된 통계청의 ‘11월 산업활동동향’에 따르면, 생산은 작년 9월(-0.4%)·10월(-0.2%)·11월(-0.4%) 등 3개월 연속으로 전월 대비 감소했다."
A0023-C022,A0023-C022-m1,생산 증감률,생산·산업,-,0.4,%,%,rate,,,증감률,감소,증감률,KOSIS_VALUE,2024Q4,2025-01-02,Q,전년동기,,5,206,,ALTERNATE,NOT_TOP_TABLE,후순위 통계표 후보,"생산,산업",lexical,206.0,Y,,,,458,DT_11533N_004,첨단세라믹산업 생산액,2015002,첨단세라믹산업조사 > 생산 및 거래구조,meta_index 없음 또는 코드명 매칭 없음,,,,,,,,,,meta 없음,,,"지난달 30일 발표된 통계청의 ‘11월 산업활동동향’에 따르면, 생산은 작년 9월(-0.4%)·10월(-0.2%)·11월(-0.4%) 등 3개월 연속으로 전월 대비 감소했다."
A0023-C022,A0023-C022-m2,생산 증감률,생산·산업,-,0.2,%,%,rate,,,증감률,감소,증감률,KOSIS_VALUE,2024Q4,2025-01-02,Q,전년동기,,1,206,206,REVIEW,AMBIGUOUS_TABLE,"1·2위 점수 차이 부족: margin=0, required=20","생산,산업",lexical,206.0,Y,,,,115,DT_115012_B001,소재부품산업별 생산통계지수,2002026,소재·부품·장비산업동향조사 > 산업별 생산 10인기준 > 소재·부품,항목:생산증감률[T002]/item=Y/score=27 | 소재부품산업별:펌프 및 압축기 제조업[22030]/item=N/score=16 | 항목:재고증감률[T006]/item=Y/score=15 | 항목:출하증감률[T004]/item=Y/score=15 | 항목:생산지수[T001]/item=Y/score=12 | 소재부품산업별:1차 금속제품[15000]/item=N/score=10 | 소재부품산업별:가공공작기계부품[22110]/item=N/score=10 | 소재부품산업별:가정용기기[24070]/item=N/score=10,T002,생산증감률,%,55,A001,소재부품산업별,15000,1차 금속제품,2,itm/obj 후보 선택,direct,,"지난달 30일 발표된 통계청의 ‘11월 산업활동동향’에 따르면, 생산은 작년 9월(-0.4%)·10월(-0.2%)·11월(-0.4%) 등 3개월 연속으로 전월 대비 감소했다."
A0023-C022,A0023-C022-m2,생산 증감률,생산·산업,-,0.2,%,%,rate,,,증감률,감소,증감률,KOSIS_VALUE,2024Q4,2025-01-02,Q,전년동기,,2,206,,ALTERNATE,NOT_TOP_TABLE,후순위 통계표 후보,"생산,산업",lexical,206.0,Y,,,,115,DT_115012_A0031,소재부품장비산업별 생산통계지수,2002026,소재·부품·장비산업동향조사 > 산업별 생산 10인기준 > 소재·부품·장비(17대),항목:생산증감률[T002]/item=Y/score=27 | 소재부품장비산업별:펌프 및 압축기 제조업[22030]/item=N/score=16 | 항목:재고증감률[T006]/item=Y/score=15 | 항목:출하증감률[T004]/item=Y/score=15 | 항목:생산지수[T001]/item=Y/score=12 | 소재부품장비산업별:1차 금속제품[15000]/item=N/score=10 | 소재부품장비산업별:가공공작기계[31010]/item=N/score=10 | 소재부품장비산업별:가공공작기계부품[22110]/item=N/score=10,T002,생산증감률,%,55,A001,소재부품장비산업별,15000,1차 금속제품,2,itm/obj 후보 선택,direct,,"지난달 30일 발표된 통계청의 ‘11월 산업활동동향’에 따르면, 생산은 작년 9월(-0.4%)·10월(-0.2%)·11월(-0.4%) 등 3개월 연속으로 전월 대비 감소했다."
A0023-C022,A0023-C022-m2,생산 증감률,생산·산업,-,0.2,%,%,rate,,,증감률,감소,증감률,KOSIS_VALUE,2024Q4,2025-01-02,Q,전년동기,,3,206,,ALTERNATE,NOT_TOP_TABLE,후순위 통계표 후보,"생산,산업",lexical,206.0,Y,,,,115,DT_115012_A003,소재부품장비산업별 생산통계지수,2002026,소재·부품·장비산업동향조사 > 산업별 생산 10인기준 > 소재·부품·장비(16대),meta_index 없음 또는 코드명 매칭 없음,,,,,,,,,,meta 없음,,,"지난달 30일 발표된 통계청의 ‘11월 산업활동동향’에 따르면, 생산은 작년 9월(-0.4%)·10월(-0.2%)·11월(-0.4%) 등 3개월 연속으로 전월 대비 감소했다."
A0023-C022,A0023-C022-m2,생산 증감률,생산·산업,-,0.2,%,%,rate,,,증감률,감소,증감률,KOSIS_VALUE,2024Q4,2025-01-02,Q,전년동기,,4,206,,ALTERNATE,NOT_TOP_TABLE,후순위 통계표 후보,"생산,산업,제조업",lexical,206.0,Y,,,,401,DT_373002_001,"제조업용 로봇 생산 현황_기계구조, 적용산업별",2006203,로봇산업실태조사,기계구조및적용산업별:제조업[B0202]/item=N/score=16 | 기계구조및적용산업별:교육 연구 및 개발[B0203]/item=N/score=10 | 기계구조및적용산업별:기계구조[B01]/item=N/score=10 | 기계구조및적용산업별:기타 로봇[B0106]/item=N/score=10 | 기계구조및적용산업별:농업[B0201]/item=N/score=10 | 기계구조및적용산업별:다관절 로봇[B0103]/item=N/score=10 | 기계구조및적용산업별:리니어 로봇[B0101]/item=N/score=10 | 기계구조및적용산업별:명시되지 않은 분야[B0204]/item=N/score=10,,,,,A,특성별,A00,전체,7,itm/obj 후보 선택,,,"지난달 30일 발표된 통계청의 ‘11월 산업활동동향’에 따르면, 생산은 작년 9월(-0.4%)·10월(-0.2%)·11월(-0.4%) 등 3개월 연속으로 전월 대비 감소했다."
A0023-C022,A0023-C022-m2,생산 증감률,생산·산업,-,0.2,%,%,rate,,,증감률,감소,증감률,KOSIS_VALUE,2024Q4,2025-01-02,Q,전년동기,,5,206,,ALTERNATE,NOT_TOP_TABLE,후순위 통계표 후보,"생산,산업",lexical,206.0,Y,,,,458,DT_11533N_004,첨단세라믹산업 생산액,2015002,첨단세라믹산업조사 > 생산 및 거래구조,meta_index 없음 또는 코드명 매칭 없음,,,,,,,,,,meta 없음,,,"지난달 30일 발표된 통계청의 ‘11월 산업활동동향’에 따르면, 생산은 작년 9월(-0.4%)·10월(-0.2%)·11월(-0.4%) 등 3개월 연속으로 전월 대비 감소했다."
A0023-C028,A0023-C028-m1,잠재 성장률,재정·조세,-,2,%,%,rate,,,수준값,-,현재값,KOSIS_VALUE,2024,2025-01-02,Y,전년,,1,170,170,REVIEW,AMBIGUOUS_TABLE,"1·2위 점수 차이 부족: margin=0, required=17",성장률,lexical,170.0,Y,,,,365,TX_36502_A009A,건설업 기업규모별 성장률 관계비율,1989001,건설업경영분석 > 건설업 기업규모별 경영비율,항목:건설업 기업규모별 성장률 관계비율[H01]/item=Y/score=15 | 분류기준별:1000억~5000억원 미만[15365AD0Aq7]/item=N/score=4 | 분류기준별:1000억원 이상[15365AD0Aq]/item=N/score=4 | 분류기준별:100억~500억원 미만[15365AD0AI1]/item=N/score=4 | 분류기준별:100억~500억원 미만[15365AD0Aq5]/item=N/score=4 | 분류기준별:10억~20억원 미만[15365AD0Ae]/item=N/score=4 | 분류기준별:10억~50억원 미만[15365AD0Aq3]/item=N/score=4 | 분류기준별:10억원 미만[15365AD0Ab]/item=N/score=4,H01,건설업 기업규모별 성장률 관계비율,%,45,15365AD0,분류기준별,15365AD0Aq7,1000억~5000억원 미만,2,itm/obj 후보 선택,direct,,"경제협력개발기구(OECD)는 작년 기준 한국의 잠재 성장률을 2%, 국회 예산정책처는 올해 기준 우리나라 잠재 성장률을 2.1%로 보고 있다."
A0023-C028,A0023-C028-m1,잠재 성장률,재정·조세,-,2,%,%,rate,,,수준값,-,현재값,KOSIS_VALUE,2024,2025-01-02,Y,전년,,2,170,,ALTERNATE,NOT_TOP_TABLE,후순위 통계표 후보,성장률,lexical,170.0,Y,,,,365,TX_36502_A002_1,건설업의 성장률 추이,1989001,건설업경영분석 > 연도별 건설업 경영비율,항목:건설업의 성장률 추이[B001]/item=Y/score=15,B001,건설업의 성장률 추이,%,45,H002,기업규모별,H0001,계,7,itm/obj 후보 선택,direct,,"경제협력개발기구(OECD)는 작년 기준 한국의 잠재 성장률을 2%, 국회 예산정책처는 올해 기준 우리나라 잠재 성장률을 2.1%로 보고 있다."
A0023-C028,A0023-C028-m2,잠재 성장률,재정·조세,-,2.1,%,%,rate,,,수준값,-,현재값,KOSIS_VALUE,2025,2025-01-02,Y,전년,,1,170,170,REVIEW,AMBIGUOUS_TABLE,"1·2위 점수 차이 부족: margin=0, required=17",성장률,lexical,170.0,Y,,,,365,TX_36502_A009A,건설업 기업규모별 성장률 관계비율,1989001,건설업경영분석 > 건설업 기업규모별 경영비율,항목:건설업 기업규모별 성장률 관계비율[H01]/item=Y/score=15 | 분류기준별:1000억~5000억원 미만[15365AD0Aq7]/item=N/score=4 | 분류기준별:1000억원 이상[15365AD0Aq]/item=N/score=4 | 분류기준별:100억~500억원 미만[15365AD0AI1]/item=N/score=4 | 분류기준별:100억~500억원 미만[15365AD0Aq5]/item=N/score=4 | 분류기준별:10억~20억원 미만[15365AD0Ae]/item=N/score=4 | 분류기준별:10억~50억원 미만[15365AD0Aq3]/item=N/score=4 | 분류기준별:10억원 미만[15365AD0Ab]/item=N/score=4,H01,건설업 기업규모별 성장률 관계비율,%,45,15365AD0,분류기준별,15365AD0Aq7,1000억~5000억원 미만,2,itm/obj 후보 선택,direct,,"경제협력개발기구(OECD)는 작년 기준 한국의 잠재 성장률을 2%, 국회 예산정책처는 올해 기준 우리나라 잠재 성장률을 2.1%로 보고 있다."
A0023-C028,A0023-C028-m2,잠재 성장률,재정·조세,-,2.1,%,%,rate,,,수준값,-,현재값,KOSIS_VALUE,2025,2025-01-02,Y,전년,,2,170,,ALTERNATE,NOT_TOP_TABLE,후순위 통계표 후보,성장률,lexical,170.0,Y,,,,365,TX_36502_A002_1,건설업의 성장률 추이,1989001,건설업경영분석 > 연도별 건설업 경영비율,항목:건설업의 성장률 추이[B001]/item=Y/score=15,B001,건설업의 성장률 추이,%,45,H002,기업규모별,H0001,계,7,itm/obj 후보 선택,direct,,"경제협력개발기구(OECD)는 작년 기준 한국의 잠재 성장률을 2%, 국회 예산정책처는 올해 기준 우리나라 잠재 성장률을 2.1%로 보고 있다."
A0023-C031,A0023-C031-m1,소비자 물가 상승률,물가,-,1.8,%,%,rate,,,증감률,증가,증감률,KOSIS_VALUE,2025,2025-01-02,Y,전년,,1,280,280,REVIEW,AMBIGUOUS_TABLE,"1·2위 점수 차이 부족: margin=0, required=28","물가,소비자,소비자물가",lexical,280.0,Y,,,,101,DT_1J22041,연도별 소비자물가 등락률,1964001,소비자물가조사,지수종류:생활물가지수[1]/item=N/score=12,T,전년비,%,30,I,지수종류,1,생활물가지수,12,itm/obj 후보 선택,direct,,"◇물가 상승률 전망도 물가안정 목표 밑돌아 정부는 올해 소비자 물가 상승률도 1.8%로 전망해, 6개월 전 전망치(2.1%)보다 0.3%포인트 낮춰잡았다."
A0023-C031,A0023-C031-m1,소비자 물가 상승률,물가,-,1.8,%,%,rate,,,증감률,증가,증감률,KOSIS_VALUE,2025,2025-01-02,Y,전년,,2,280,,ALTERNATE,NOT_TOP_TABLE,후순위 통계표 후보,"물가,소비자,소비자물가",lexical,280.0,Y,,,,101,DT_1J22042,월별 소비자물가 등락률,1964001,소비자물가조사,지수종류:생활물가지수[1]/item=N/score=12,T02,전월비,%,30,I,지수종류,1,생활물가지수,12,itm/obj 후보 선택,direct,,"◇물가 상승률 전망도 물가안정 목표 밑돌아 정부는 올해 소비자 물가 상승률도 1.8%로 전망해, 6개월 전 전망치(2.1%)보다 0.3%포인트 낮춰잡았다."
A0023-C031,A0023-C031-m1,소비자 물가 상승률,물가,-,1.8,%,%,rate,,,증감률,증가,증감률,KOSIS_VALUE,2025,2025-01-02,Y,전년,,3,164,,ALTERNATE,NOT_TOP_TABLE,후순위 통계표 후보,물가,lexical,164.0,Y,,,,113,DT_113_STBL_1030568,관광 당일여행 만족도_관광지 물가,1976046,국민여행조사 > 국내여행,meta_index 없음 또는 코드명 매칭 없음,,,,,,,,,,meta 없음,,,"◇물가 상승률 전망도 물가안정 목표 밑돌아 정부는 올해 소비자 물가 상승률도 1.8%로 전망해, 6개월 전 전망치(2.1%)보다 0.3%포인트 낮춰잡았다."
A0023-C031,A0023-C031-m1,소비자 물가 상승률,물가,-,1.8,%,%,rate,,,증감률,증가,증감률,KOSIS_VALUE,2025,2025-01-02,Y,전년,,4,164,,ALTERNATE,NOT_TOP_TABLE,후순위 통계표 후보,물가,lexical,164.0,Y,,,,113,DT_113_STBL_1030567,관광 숙박여행 만족도_관광지 물가,1976046,국민여행조사 > 국내여행,meta_index 없음 또는 코드명 매칭 없음,,,,,,,,,,meta 없음,,,"◇물가 상승률 전망도 물가안정 목표 밑돌아 정부는 올해 소비자 물가 상승률도 1.8%로 전망해, 6개월 전 전망치(2.1%)보다 0.3%포인트 낮춰잡았다."
A0023-C031,A0023-C031-m1,소비자 물가 상승률,물가,-,1.8,%,%,rate,,,증감률,증가,증감률,KOSIS_VALUE,2025,2025-01-02,Y,전년,,5,164,,ALTERNATE,NOT_TOP_TABLE,후순위 통계표 후보,물가,lexical,164.0,Y,,,,113,DT_113_STBL_1030566,관광여행 만족도_관광지 물가,1976046,국민여행조사 > 국내여행,meta_index 없음 또는 코드명 매칭 없음,,,,,,,,,,meta 없음,,,"◇물가 상승률 전망도 물가안정 목표 밑돌아 정부는 올해 소비자 물가 상승률도 1.8%로 전망해, 6개월 전 전망치(2.1%)보다 0.3%포인트 낮춰잡았다."
A0023-C031,A0023-C031-m2,소비자 물가 상승률,물가,-,2.1,%,%,rate,,,증감률,증가,증감률,KOSIS_VALUE,2025,2025-01-02,Y,전년,,1,280,280,REVIEW,AMBIGUOUS_TABLE,"1·2위 점수 차이 부족: margin=0, required=28","물가,소비자,소비자물가",lexical,280.0,Y,,,,101,DT_1J22041,연도별 소비자물가 등락률,1964001,소비자물가조사,지수종류:생활물가지수[1]/item=N/score=12,T,전년비,%,30,I,지수종류,1,생활물가지수,12,itm/obj 후보 선택,direct,,"◇물가 상승률 전망도 물가안정 목표 밑돌아 정부는 올해 소비자 물가 상승률도 1.8%로 전망해, 6개월 전 전망치(2.1%)보다 0.3%포인트 낮춰잡았다."
A0023-C031,A0023-C031-m2,소비자 물가 상승률,물가,-,2.1,%,%,rate,,,증감률,증가,증감률,KOSIS_VALUE,2025,2025-01-02,Y,전년,,2,280,,ALTERNATE,NOT_TOP_TABLE,후순위 통계표 후보,"물가,소비자,소비자물가",lexical,280.0,Y,,,,101,DT_1J22042,월별 소비자물가 등락률,1964001,소비자물가조사,지수종류:생활물가지수[1]/item=N/score=12,T02,전월비,%,30,I,지수종류,1,생활물가지수,12,itm/obj 후보 선택,direct,,"◇물가 상승률 전망도 물가안정 목표 밑돌아 정부는 올해 소비자 물가 상승률도 1.8%로 전망해, 6개월 전 전망치(2.1%)보다 0.3%포인트 낮춰잡았다."
A0023-C031,A0023-C031-m2,소비자 물가 상승률,물가,-,2.1,%,%,rate,,,증감률,증가,증감률,KOSIS_VALUE,2025,2025-01-02,Y,전년,,3,164,,ALTERNATE,NOT_TOP_TABLE,후순위 통계표 후보,물가,lexical,164.0,Y,,,,113,DT_113_STBL_1030568,관광 당일여행 만족도_관광지 물가,1976046,국민여행조사 > 국내여행,meta_index 없음 또는 코드명 매칭 없음,,,,,,,,,,meta 없음,,,"◇물가 상승률 전망도 물가안정 목표 밑돌아 정부는 올해 소비자 물가 상승률도 1.8%로 전망해, 6개월 전 전망치(2.1%)보다 0.3%포인트 낮춰잡았다."
A0023-C031,A0023-C031-m2,소비자 물가 상승률,물가,-,2.1,%,%,rate,,,증감률,증가,증감률,KOSIS_VALUE,2025,2025-01-02,Y,전년,,4,164,,ALTERNATE,NOT_TOP_TABLE,후순위 통계표 후보,물가,lexical,164.0,Y,,,,113,DT_113_STBL_1030567,관광 숙박여행 만족도_관광지 물가,1976046,국민여행조사 > 국내여행,meta_index 없음 또는 코드명 매칭 없음,,,,,,,,,,meta 없음,,,"◇물가 상승률 전망도 물가안정 목표 밑돌아 정부는 올해 소비자 물가 상승률도 1.8%로 전망해, 6개월 전 전망치(2.1%)보다 0.3%포인트 낮춰잡았다."
A0023-C031,A0023-C031-m2,소비자 물가 상승률,물가,-,2.1,%,%,rate,,,증감률,증가,증감률,KOSIS_VALUE,2025,2025-01-02,Y,전년,,5,164,,ALTERNATE,NOT_TOP_TABLE,후순위 통계표 후보,물가,lexical,164.0,Y,,,,113,DT_113_STBL_1030566,관광여행 만족도_관광지 물가,1976046,국민여행조사 > 국내여행,meta_index 없음 또는 코드명 매칭 없음,,,,,,,,,,meta 없음,,,"◇물가 상승률 전망도 물가안정 목표 밑돌아 정부는 올해 소비자 물가 상승률도 1.8%로 전망해, 6개월 전 전망치(2.1%)보다 0.3%포인트 낮춰잡았다."
A0023-C031,A0023-C031-m3,소비자 물가 상승률 조정폭,물가,-,0.3,%,%,rate,,,증감률,감소,증감값,KOSIS_VALUE,2025,2025-01-02,Y,전년,,1,280,280,REVIEW,AMBIGUOUS_TABLE,"1·2위 점수 차이 부족: margin=0, required=28","물가,소비자,소비자물가",lexical,280.0,Y,,,,101,DT_1J22041,연도별 소비자물가 등락률,1964001,소비자물가조사,지수종류:생활물가지수[1]/item=N/score=12,T,전년비,%,30,I,지수종류,1,생활물가지수,12,itm/obj 후보 선택,direct,,"◇물가 상승률 전망도 물가안정 목표 밑돌아 정부는 올해 소비자 물가 상승률도 1.8%로 전망해, 6개월 전 전망치(2.1%)보다 0.3%포인트 낮춰잡았다."
A0023-C031,A0023-C031-m3,소비자 물가 상승률 조정폭,물가,-,0.3,%,%,rate,,,증감률,감소,증감값,KOSIS_VALUE,2025,2025-01-02,Y,전년,,2,280,,ALTERNATE,NOT_TOP_TABLE,후순위 통계표 후보,"물가,소비자,소비자물가",lexical,280.0,Y,,,,101,DT_1J22042,월별 소비자물가 등락률,1964001,소비자물가조사,지수종류:생활물가지수[1]/item=N/score=12,T02,전월비,%,30,I,지수종류,1,생활물가지수,12,itm/obj 후보 선택,direct,,"◇물가 상승률 전망도 물가안정 목표 밑돌아 정부는 올해 소비자 물가 상승률도 1.8%로 전망해, 6개월 전 전망치(2.1%)보다 0.3%포인트 낮춰잡았다."
A0023-C031,A0023-C031-m3,소비자 물가 상승률 조정폭,물가,-,0.3,%,%,rate,,,증감률,감소,증감값,KOSIS_VALUE,2025,2025-01-02,Y,전년,,3,164,,ALTERNATE,NOT_TOP_TABLE,후순위 통계표 후보,물가,lexical,164.0,Y,,,,113,DT_113_STBL_1030568,관광 당일여행 만족도_관광지 물가,1976046,국민여행조사 > 국내여행,meta_index 없음 또는 코드명 매칭 없음,,,,,,,,,,meta 없음,,,"◇물가 상승률 전망도 물가안정 목표 밑돌아 정부는 올해 소비자 물가 상승률도 1.8%로 전망해, 6개월 전 전망치(2.1%)보다 0.3%포인트 낮춰잡았다."
A0023-C031,A0023-C031-m3,소비자 물가 상승률 조정폭,물가,-,0.3,%,%,rate,,,증감률,감소,증감값,KOSIS_VALUE,2025,2025-01-02,Y,전년,,4,164,,ALTERNATE,NOT_TOP_TABLE,후순위 통계표 후보,물가,lexical,164.0,Y,,,,113,DT_113_STBL_1030567,관광 숙박여행 만족도_관광지 물가,1976046,국민여행조사 > 국내여행,meta_index 없음 또는 코드명 매칭 없음,,,,,,,,,,meta 없음,,,"◇물가 상승률 전망도 물가안정 목표 밑돌아 정부는 올해 소비자 물가 상승률도 1.8%로 전망해, 6개월 전 전망치(2.1%)보다 0.3%포인트 낮춰잡았다."
A0023-C031,A0023-C031-m3,소비자 물가 상승률 조정폭,물가,-,0.3,%,%,rate,,,증감률,감소,증감값,KOSIS_VALUE,2025,2025-01-02,Y,전년,,5,164,,ALTERNATE,NOT_TOP_TABLE,후순위 통계표 후보,물가,lexical,164.0,Y,,,,113,DT_113_STBL_1030566,관광여행 만족도_관광지 물가,1976046,국민여행조사 > 국내여행,meta_index 없음 또는 코드명 매칭 없음,,,,,,,,,,meta 없음,,,"◇물가 상승률 전망도 물가안정 목표 밑돌아 정부는 올해 소비자 물가 상승률도 1.8%로 전망해, 6개월 전 전망치(2.1%)보다 0.3%포인트 낮춰잡았다."
A0023-C032,A0023-C032-m2,경제성장률 차이,재정·조세,-,0.1,%,%,rate,,,증감률,감소,현재값,KOSIS_VALUE,2025,2025-01-02,Y,전년동월,,1,162,162,REVIEW,AMBIGUOUS_TABLE,"1·2위 점수 차이 부족: margin=0, required=16","차이,전국",lexical,162.0,Y,,,,154,DT_117079_25BB002009,지난 1년간 문화적 차이 유형,2009027,전국다문화가족실태조사 > 2024년 > 본인,유형별:저축 소비 등 경제생활 차이[B08]/item=N/score=10 | 특성별:전체[A]/item=N/score=2,T001,비율,%,30,13101123623B,유형별,B08,저축 소비 등 경제생활 차이,12,itm/obj 후보 선택,direct,,작년 11월말 한국은행 전망치(1.9%)보다도 0.1%포인트 낮다.
A0023-C032,A0023-C032-m2,경제성장률 차이,재정·조세,-,0.1,%,%,rate,,,증감률,감소,현재값,KOSIS_VALUE,2025,2025-01-02,Y,전년동월,,2,162,,ALTERNATE,NOT_TOP_TABLE,후순위 통계표 후보,"차이,전국",lexical,162.0,Y,,,,154,DT_117079_25BB002008,지난 1년간 부부간 문화적 차이 경험 정도,2009027,전국다문화가족실태조사 > 2024년 > 본인,특성별:전체[A]/item=N/score=2,T001,비율,,30,13101123623A,특성별,A,전체,7,itm/obj 후보 선택,direct,,작년 11월말 한국은행 전망치(1.9%)보다도 0.1%포인트 낮다.
A0023-C032,A0023-C032-m2,경제성장률 차이,재정·조세,-,0.1,%,%,rate,,,증감률,감소,현재값,KOSIS_VALUE,2025,2025-01-02,Y,전년동월,,3,160,,ALTERNATE,NOT_TOP_TABLE,후순위 통계표 후보,차이,lexical,160.0,Y,,,,111,DT_111014_B090,숙련기능인력(E-7-4)와 4년 이상 일한 경력을 가진 비전문취업자(E-9) 차이,2025005,"외국인고용실태조사(농업,제조업분야) > 비전문고용제조업",meta_index 없음 또는 코드명 매칭 없음,,,,,,,,,,meta 없음,,,작년 11월말 한국은행 전망치(1.9%)보다도 0.1%포인트 낮다.
A0023-C032,A0023-C032-m2,경제성장률 차이,재정·조세,-,0.1,%,%,rate,,,증감률,감소,현재값,KOSIS_VALUE,2025,2025-01-02,Y,전년동월,,4,160,,ALTERNATE,NOT_TOP_TABLE,후순위 통계표 후보,차이,lexical,160.0,Y,,,,112,DT_112016_078,진로전담교사 연수와 진로교육 업무 실행도 인식 차이(초등학교),2015009,진로교육현황조사 > 진로전담교사,meta_index 없음 또는 코드명 매칭 없음,,,,,,,,,,meta 없음,,,작년 11월말 한국은행 전망치(1.9%)보다도 0.1%포인트 낮다.
A0023-C032,A0023-C032-m2,경제성장률 차이,재정·조세,-,0.1,%,%,rate,,,증감률,감소,현재값,KOSIS_VALUE,2025,2025-01-02,Y,전년동월,,5,160,,ALTERNATE,NOT_TOP_TABLE,후순위 통계표 후보,차이,lexical,160.0,Y,,,,112,DT_112016_077,진로전담교사 연수와 진로교육 업무 중요도 인식 차이(초등학교),2015009,진로교육현황조사 > 진로전담교사,meta_index 없음 또는 코드명 매칭 없음,,,,,,,,,,meta 없음,,,작년 11월말 한국은행 전망치(1.9%)보다도 0.1%포인트 낮다.
A0023-C033,A0023-C033-m1,물가 상승률,물가,-,1,%,%,rate,,,증감률,증가,증감률,KOSIS_VALUE,2025,2025-01-02,Y,전년동기,,1,206,206,REVIEW,AMBIGUOUS_TABLE,"1·2위 점수 차이 부족: margin=0, required=20","물가,소비자물가",lexical,206.0,Y,,,,101,DT_1J22041,연도별 소비자물가 등락률,1964001,소비자물가조사,지수종류:생활물가지수[1]/item=N/score=12,T,전년비,%,30,I,지수종류,1,생활물가지수,12,itm/obj 후보 선택,direct,,정부 전망대로 1%대 물가 상승률이 현실화활 경우 코로나 대유행 여파로 물가 상승률이 0.5%에 그쳤던 2020년 이후 5년 만에 처음으로 한국은행의 물가 안정 목표치를 밑돌게 된다.
A0023-C033,A0023-C033-m1,물가 상승률,물가,-,1,%,%,rate,,,증감률,증가,증감률,KOSIS_VALUE,2025,2025-01-02,Y,전년동기,,2,206,,ALTERNATE,NOT_TOP_TABLE,후순위 통계표 후보,"물가,소비자물가",lexical,206.0,Y,,,,101,DT_1J22042,월별 소비자물가 등락률,1964001,소비자물가조사,지수종류:생활물가지수[1]/item=N/score=12,T02,전월비,%,30,I,지수종류,1,생활물가지수,12,itm/obj 후보 선택,direct,,정부 전망대로 1%대 물가 상승률이 현실화활 경우 코로나 대유행 여파로 물가 상승률이 0.5%에 그쳤던 2020년 이후 5년 만에 처음으로 한국은행의 물가 안정 목표치를 밑돌게 된다.
A0023-C033,A0023-C033-m1,물가 상승률,물가,-,1,%,%,rate,,,증감률,증가,증감률,KOSIS_VALUE,2025,2025-01-02,Y,전년동기,,3,164,,ALTERNATE,NOT_TOP_TABLE,후순위 통계표 후보,물가,lexical,164.0,Y,,,,113,DT_113_STBL_1030568,관광 당일여행 만족도_관광지 물가,1976046,국민여행조사 > 국내여행,meta_index 없음 또는 코드명 매칭 없음,,,,,,,,,,meta 없음,,,정부 전망대로 1%대 물가 상승률이 현실화활 경우 코로나 대유행 여파로 물가 상승률이 0.5%에 그쳤던 2020년 이후 5년 만에 처음으로 한국은행의 물가 안정 목표치를 밑돌게 된다.
A0023-C033,A0023-C033-m1,물가 상승률,물가,-,1,%,%,rate,,,증감률,증가,증감률,KOSIS_VALUE,2025,2025-01-02,Y,전년동기,,4,164,,ALTERNATE,NOT_TOP_TABLE,후순위 통계표 후보,물가,lexical,164.0,Y,,,,113,DT_113_STBL_1030567,관광 숙박여행 만족도_관광지 물가,1976046,국민여행조사 > 국내여행,meta_index 없음 또는 코드명 매칭 없음,,,,,,,,,,meta 없음,,,정부 전망대로 1%대 물가 상승률이 현실화활 경우 코로나 대유행 여파로 물가 상승률이 0.5%에 그쳤던 2020년 이후 5년 만에 처음으로 한국은행의 물가 안정 목표치를 밑돌게 된다.
A0023-C033,A0023-C033-m1,물가 상승률,물가,-,1,%,%,rate,,,증감률,증가,증감률,KOSIS_VALUE,2025,2025-01-02,Y,전년동기,,5,164,,ALTERNATE,NOT_TOP_TABLE,후순위 통계표 후보,물가,lexical,164.0,Y,,,,113,DT_113_STBL_1030566,관광여행 만족도_관광지 물가,1976046,국민여행조사 > 국내여행,meta_index 없음 또는 코드명 매칭 없음,,,,,,,,,,meta 없음,,,정부 전망대로 1%대 물가 상승률이 현실화활 경우 코로나 대유행 여파로 물가 상승률이 0.5%에 그쳤던 2020년 이후 5년 만에 처음으로 한국은행의 물가 안정 목표치를 밑돌게 된다.
A0023-C033,A0023-C033-m2,물가 상승률,물가,-,0.5,%,%,rate,,,증감률,증가,증감률,KOSIS_VALUE,2020,2025-01-02,Y,전년동기,,1,206,206,REJECT,NO_COMPATIBLE_ITEM,단위·지표 의미가 맞는 ITEM 없음,"물가,생산자물가",lexical,206.0,Y,,,,301,DT_404Y014,생산자물가지수(기본분류),1966003,생산자물가조사(2020=100),항목:생산자물가지수(기본분류)[13103134604999]/item=Y/score=22 | 계정코드별:수산물가공품[13102134604ACC_CD.301121AA]/item=N/score=12,,,,,13101134604ACC_CD,계정코드별,13102134604ACC_CD.301121AA,수산물가공품,12,itm/obj 후보 선택,,,정부 전망대로 1%대 물가 상승률이 현실화활 경우 코로나 대유행 여파로 물가 상승률이 0.5%에 그쳤던 2020년 이후 5년 만에 처음으로 한국은행의 물가 안정 목표치를 밑돌게 된다.
A0023-C033,A0023-C033-m2,물가 상승률,물가,-,0.5,%,%,rate,,,증감률,증가,증감률,KOSIS_VALUE,2020,2025-01-02,Y,전년동기,,2,206,,ALTERNATE,NOT_TOP_TABLE,후순위 통계표 후보,"물가,생산자물가",lexical,206.0,Y,,,,301,DT_404Y015,생산자물가지수(특수분류),1966003,생산자물가조사(2020=100),항목:생산자물가지수(특수분류)[13103134727999]/item=Y/score=22,,,,,13101134727ACC_CD,계정코드별,13102134727ACC_CD.S410AA,IT,2,itm/obj 후보 선택,,,정부 전망대로 1%대 물가 상승률이 현실화활 경우 코로나 대유행 여파로 물가 상승률이 0.5%에 그쳤던 2020년 이후 5년 만에 처음으로 한국은행의 물가 안정 목표치를 밑돌게 된다.
A0023-C033,A0023-C033-m2,물가 상승률,물가,-,0.5,%,%,rate,,,증감률,증가,증감률,KOSIS_VALUE,2020,2025-01-02,Y,전년동기,,3,206,,ALTERNATE,NOT_TOP_TABLE,후순위 통계표 후보,"물가,생산자물가",lexical,206.0,Y,,,,301,DT_404Y016,생산자물가지수(품목별),1966003,생산자물가조사(2020=100),meta_index 없음 또는 코드명 매칭 없음,,,,,,,,,,meta 없음,,,정부 전망대로 1%대 물가 상승률이 현실화활 경우 코로나 대유행 여파로 물가 상승률이 0.5%에 그쳤던 2020년 이후 5년 만에 처음으로 한국은행의 물가 안정 목표치를 밑돌게 된다.
A0023-C033,A0023-C033-m2,물가 상승률,물가,-,0.5,%,%,rate,,,증감률,증가,증감률,KOSIS_VALUE,2020,2025-01-02,Y,전년동기,,4,206,,ALTERNATE,NOT_TOP_TABLE,후순위 통계표 후보,"물가,생산자물가",lexical,206.0,Y,,,,301,DT_404Y017,생산자물가지수-총지수(1910~1964),1966003,생산자물가조사(2020=100),meta_index 없음 또는 코드명 매칭 없음,,,,,,,,,,meta 없음,,,정부 전망대로 1%대 물가 상승률이 현실화활 경우 코로나 대유행 여파로 물가 상승률이 0.5%에 그쳤던 2020년 이후 5년 만에 처음으로 한국은행의 물가 안정 목표치를 밑돌게 된다.
A0023-C033,A0023-C033-m2,물가 상승률,물가,-,0.5,%,%,rate,,,증감률,증가,증감률,KOSIS_VALUE,2020,2025-01-02,Y,전년동기,,5,206,,ALTERNATE,NOT_TOP_TABLE,후순위 통계표 후보,"물가,소비자물가",lexical,206.0,Y,,,,101,DT_1J22003,소비자물가지수(2020=100),1964001,소비자물가조사,meta_index 없음 또는 코드명 매칭 없음,,,,,,,,,,meta 없음,,,정부 전망대로 1%대 물가 상승률이 현실화활 경우 코로나 대유행 여파로 물가 상승률이 0.5%에 그쳤던 2020년 이후 5년 만에 처음으로 한국은행의 물가 안정 목표치를 밑돌게 된다.
A0023-C037,A0023-C037-m1,취업자 수 증가폭,고용,-,120000,명,명,person_count,,,수준값,유지,현재값,KOSIS_VALUE,2025,2025-01-02,Y,전년,,1,216,216,REVIEW,AMBIGUOUS_TABLE,"1·2위 점수 차이 부족: margin=0, required=21","취업자,취업,고용",lexical,216.0,Y,,,,101,DT_2FB002F,(귀화 전)국적별 취업자(이민자),2012012,이민자체류실태및고용조사 > 이민자체류실태및고용조사(상주인구기준) > 취업자,meta_index 없음 또는 코드명 매칭 없음,T249,    · · 기타아시아3,천명,30,B,특성별,100,계,7,itm/obj 후보 선택,direct,,저출산·고령화 장기화로 생산연령인구(15~64세)가 줄어드는 가운데 경기 부진세가 이어지면서 올해 취업자 수도 12만명 늘어나는 데 그칠 것으로 정부는 전망했다.
A0023-C037,A0023-C037-m1,취업자 수 증가폭,고용,-,120000,명,명,person_count,,,수준값,유지,현재값,KOSIS_VALUE,2025,2025-01-02,Y,전년,,2,216,,ALTERNATE,NOT_TOP_TABLE,후순위 통계표 후보,"취업자,취업,고용",lexical,216.0,Y,,,,101,DT_2FB003F,거주지역별 취업자(이민자),2012012,이민자체류실태및고용조사 > 이민자체류실태및고용조사(상주인구기준) > 취업자,항목: - 경기 인천[T220]/item=Y/score=8 | 항목:ㆍ경기[T240]/item=Y/score=8 | 항목:비수도권[T300]/item=Y/score=2 | 항목:수도권[T200]/item=Y/score=2,T350, - 강원 제주,천명,30,B,특성별,100,계,7,itm/obj 후보 선택,direct,,저출산·고령화 장기화로 생산연령인구(15~64세)가 줄어드는 가운데 경기 부진세가 이어지면서 올해 취업자 수도 12만명 늘어나는 데 그칠 것으로 정부는 전망했다.
A0023-C037,A0023-C037-m1,취업자 수 증가폭,고용,-,120000,명,명,person_count,,,수준값,유지,현재값,KOSIS_VALUE,2025,2025-01-02,Y,전년,,3,216,,ALTERNATE,NOT_TOP_TABLE,후순위 통계표 후보,"취업자,취업,고용",lexical,216.0,Y,,,,101,DT_2FB011F,동일 직업 근무기간별 취업자(이민자),2012012,이민자체류실태및고용조사 > 이민자체류실태및고용조사(상주인구기준) > 취업자,meta_index 없음 또는 코드명 매칭 없음,,,,,,,,,,meta 없음,,,저출산·고령화 장기화로 생산연령인구(15~64세)가 줄어드는 가운데 경기 부진세가 이어지면서 올해 취업자 수도 12만명 늘어나는 데 그칠 것으로 정부는 전망했다.
A0023-C037,A0023-C037-m1,취업자 수 증가폭,고용,-,120000,명,명,person_count,,,수준값,유지,현재값,KOSIS_VALUE,2025,2025-01-02,Y,전년,,4,216,,ALTERNATE,NOT_TOP_TABLE,후순위 통계표 후보,"취업자,취업,고용",lexical,216.0,Y,,,,101,DT_2FB010F,동일 직장 근속기간별 취업자(이민자),2012012,이민자체류실태및고용조사 > 이민자체류실태및고용조사(상주인구기준) > 취업자,meta_index 없음 또는 코드명 매칭 없음,,,,,,,,,,meta 없음,,,저출산·고령화 장기화로 생산연령인구(15~64세)가 줄어드는 가운데 경기 부진세가 이어지면서 올해 취업자 수도 12만명 늘어나는 데 그칠 것으로 정부는 전망했다.
A0023-C037,A0023-C037-m1,취업자 수 증가폭,고용,-,120000,명,명,person_count,,,수준값,유지,현재값,KOSIS_VALUE,2025,2025-01-02,Y,전년,,5,216,,ALTERNATE,NOT_TOP_TABLE,후순위 통계표 후보,"취업자,취업,고용",lexical,216.0,Y,,,,101,DT_2FB016F,사업체 내 이민자의 비중별 취업자(이민자),2012012,이민자체류실태및고용조사 > 이민자체류실태및고용조사(상주인구기준) > 취업자,meta_index 없음 또는 코드명 매칭 없음,,,,,,,,,,meta 없음,,,저출산·고령화 장기화로 생산연령인구(15~64세)가 줄어드는 가운데 경기 부진세가 이어지면서 올해 취업자 수도 12만명 늘어나는 데 그칠 것으로 정부는 전망했다.
A0023-C040,A0023-C040-m1,예산 규모,재정·조세,-,673300000000000,원,원,currency,,,수준값,-,현재값,KOSIS_VALUE,2025,2025-01-02,Y,-,,1,214,204,REJECT,NO_COMPATIBLE_ITEM,단위·지표 의미가 맞는 ITEM 없음,"예산,규모",lexical,214.0,Y,,,,113,DT_113_STBL_1025599,공연시장 : 중앙정부 및 지방자치단체 문화예산/문화예술예산/공연예술예산 규모,2007390,공연예술조사 > 공연시장 규모 및 특성분석,항목:공연예술예산[13103836112T3]/item=Y/score=12 | 항목:문화예산[13103836112T1]/item=Y/score=12 | 항목:문화예산 대비 공연예술예산 비중[13103836112T5]/item=Y/score=12 | 항목:문화예산 대비 문화예술예산 비중[13103836112T4]/item=Y/score=12 | 항목:문화예술예산[13103836112T2]/item=Y/score=12 | 항목:문화예술예산 대비 공연예술예산 비중[13103836112T6]/item=Y/score=12,,,,,131018361121,구분,131028361121.001,전체,7,itm/obj 후보 선택,,,673조3000억원 규모의 새해 예산 중 67%를 상반기(1~6월) 안으로 집행하겠다고도 했다.
A0023-C040,A0023-C040-m1,예산 규모,재정·조세,-,673300000000000,원,원,currency,,,수준값,-,현재값,KOSIS_VALUE,2025,2025-01-02,Y,-,,2,204,,ALTERNATE,NOT_TOP_TABLE,후순위 통계표 후보,"예산,규모",lexical,204.0,Y,,,,127,DT_127004_A196,데이터산업의 IT 예산 항목별 규모,2016050,데이터산업현황조사 > 해외 진출 현황 및 IT 투자 > IT 투자 현황,항목:데이터산업의 항목별 IT 예산 부문별 규모[T001]/item=Y/score=22 | 예산부문별:SW⋅솔루션[T005]/item=N/score=12 | 예산부문별:SW⋅솔루션[C04]/item=N/score=12 | 예산부문별:기타[T007]/item=N/score=12 | 예산부문별:기타[C06]/item=N/score=12 | 예산부문별:네트워크[T004]/item=N/score=12 | 예산부문별:네트워크[C03]/item=N/score=12 | 예산부문별:당해년도 추정치[C]/item=N/score=12,,,,,A,예산부문별,T005,SW⋅솔루션,12,itm/obj 후보 선택,,,673조3000억원 규모의 새해 예산 중 67%를 상반기(1~6월) 안으로 집행하겠다고도 했다.
A0023-C040,A0023-C040-m1,예산 규모,재정·조세,-,673300000000000,원,원,currency,,,수준값,-,현재값,KOSIS_VALUE,2025,2025-01-02,Y,-,,3,204,,ALTERNATE,NOT_TOP_TABLE,후순위 통계표 후보,"예산,규모",lexical,204.0,Y,,,,112,DT_11216N_30208,학교 진로교육 연간 예산 편성 규모,2015009,진로교육현황조사 > 진로전담교사,meta_index 없음 또는 코드명 매칭 없음,,,,,,,,,,meta 없음,,,673조3000억원 규모의 새해 예산 중 67%를 상반기(1~6월) 안으로 집행하겠다고도 했다.
A0023-C040,A0023-C040-m1,예산 규모,재정·조세,-,673300000000000,원,원,currency,,,수준값,-,현재값,KOSIS_VALUE,2025,2025-01-02,Y,-,,4,204,,ALTERNATE,NOT_TOP_TABLE,후순위 통계표 후보,"예산,규모",lexical,204.0,Y,,,,112,DT_11216N_30207,학교 진로교육 연간 예산 편성 규모(급간별),2015009,진로교육현황조사 > 진로전담교사,meta_index 없음 또는 코드명 매칭 없음,,,,,,,,,,meta 없음,,,673조3000억원 규모의 새해 예산 중 67%를 상반기(1~6월) 안으로 집행하겠다고도 했다.
A0023-C040,A0023-C040-m1,예산 규모,재정·조세,-,673300000000000,원,원,currency,,,수준값,-,현재값,KOSIS_VALUE,2025,2025-01-02,Y,-,,5,194,,ALTERNATE,NOT_TOP_TABLE,후순위 통계표 후보,"예산,규모",lexical,194.0,Y,,,,314,DT_314006_A006,인센티브 여행 수행 및 참가 현황(행사예산별),2025011,인센티브여행현황조사 > 인센티브 여행 규모 현황,meta_index 없음 또는 코드명 매칭 없음,,,,,,,,,,meta 없음,,,673조3000억원 규모의 새해 예산 중 67%를 상반기(1~6월) 안으로 집행하겠다고도 했다.
A0023-C040,A0023-C040-m2,예산 집행 비율,재정·조세,-,67,%,%,rate,,,비중,-,현재값,KOSIS_VALUE,2025,2025-01-02,Y,-,,1,184,184,REJECT,NO_COMPATIBLE_ITEM,단위·지표 의미가 맞는 ITEM 없음,"예산,비율",lexical,184.0,Y,,,,113,DT_113_STBL_1031009,광역자치단체 국가유산 보존・관리 예산 비율,2019001,지역문화현황통계 > 문화정책,구분별:평균 예산 비율[131021353231.001]/item=N/score=22,,,,,131011353231,구분별,131021353231.001,평균 예산 비율,22,itm/obj 후보 선택,,,673조3000억원 규모의 새해 예산 중 67%를 상반기(1~6월) 안으로 집행하겠다고도 했다.
A0023-C040,A0023-C040-m2,예산 집행 비율,재정·조세,-,67,%,%,rate,,,비중,-,현재값,KOSIS_VALUE,2025,2025-01-02,Y,-,,2,184,,ALTERNATE,NOT_TOP_TABLE,후순위 통계표 후보,"예산,비율",lexical,184.0,Y,,,,113,DT_113_STBL_1030995,광역자치단체 문화 관련 예산 비율,2019001,지역문화현황통계 > 문화정책,구분별:평균 비율[131021352311.001]/item=N/score=10,,,,,131011352311,구분별,131021352311.001,평균 비율,12,itm/obj 후보 선택,,,673조3000억원 규모의 새해 예산 중 67%를 상반기(1~6월) 안으로 집행하겠다고도 했다.
A0023-C040,A0023-C040-m2,예산 집행 비율,재정·조세,-,67,%,%,rate,,,비중,-,현재값,KOSIS_VALUE,2025,2025-01-02,Y,-,,3,184,,ALTERNATE,NOT_TOP_TABLE,후순위 통계표 후보,"예산,비율",lexical,184.0,Y,,,,113,DT_113_STBL_1031010,광역자치단체 전체 문화관련 예산 대비 문화유산 보존・관리 예산 비율 순위(상위 5개),2019001,지역문화현황통계 > 문화정책,meta_index 없음 또는 코드명 매칭 없음,,,,,,,,,,meta 없음,,,673조3000억원 규모의 새해 예산 중 67%를 상반기(1~6월) 안으로 집행하겠다고도 했다.
A0023-C040,A0023-C040-m2,예산 집행 비율,재정·조세,-,67,%,%,rate,,,비중,-,현재값,KOSIS_VALUE,2025,2025-01-02,Y,-,,4,184,,ALTERNATE,NOT_TOP_TABLE,후순위 통계표 후보,"예산,비율",lexical,184.0,Y,,,,113,DT_113_STBL_1030996,광역자치단체의 기준연도 총예산 대비 문화관련 예산 비율 순위(상위 5개),2019001,지역문화현황통계 > 문화정책,meta_index 없음 또는 코드명 매칭 없음,,,,,,,,,,meta 없음,,,673조3000억원 규모의 새해 예산 중 67%를 상반기(1~6월) 안으로 집행하겠다고도 했다.
A0023-C040,A0023-C040-m2,예산 집행 비율,재정·조세,-,67,%,%,rate,,,비중,-,현재값,KOSIS_VALUE,2025,2025-01-02,Y,-,,5,184,,ALTERNATE,NOT_TOP_TABLE,후순위 통계표 후보,"예산,비율",lexical,184.0,Y,,,,113,DT_113_STBL_1031011,기초자치단체 국가유산 보존・관리 예산 비율,2019001,지역문화현황통계 > 문화정책,meta_index 없음 또는 코드명 매칭 없음,,,,,,,,,,meta 없음,,,673조3000억원 규모의 새해 예산 중 67%를 상반기(1~6월) 안으로 집행하겠다고도 했다.
A0024-C001,A0024-C001-m1,정부 세수 부족,재정·조세,-,170000000000000,원,원,currency,,,수준값,-,현재값,KOSIS_VALUE,2024,2025-01-02,Y,전년,,1,180,180,REJECT,NO_COMPATIBLE_ITEM,단위·지표 의미가 맞는 ITEM 없음,"부족,전체",lexical,180.0,Y,,,,464,DT_464001_A042,노후 준비 부족 이유(1순위): 전체 응답자,2022036,노인일자리및사회활동지원사업실태조사 > 2025년 > 노후생활,특성별:전체[A01]/item=N/score=8 | 이유별:전체[B01]/item=N/score=8,,,,,A,특성별,A01,전체,7,itm/obj 후보 선택,,,0 정부가 지난해 세수 부족으로 한국은행에서 170조원 넘는 돈을 빌려 쓴 것으로 나타났다.
A0024-C001,A0024-C001-m1,정부 세수 부족,재정·조세,-,170000000000000,원,원,currency,,,수준값,-,현재값,KOSIS_VALUE,2024,2025-01-02,Y,전년,,2,180,,ALTERNATE,NOT_TOP_TABLE,후순위 통계표 후보,"부족,전체",lexical,180.0,Y,,,,111,DT_111014_A054,부족 인원_전체,2025005,"외국인고용실태조사(농업,제조업분야) > 일반제조업",부족인원별:1인 이하[02]/item=N/score=12 | 부족인원별:2~3인 이하[03]/item=N/score=12 | 부족인원별:4~5인 이하[04]/item=N/score=12 | 부족인원별:6인 이상[05]/item=N/score=12 | 부족인원별:평균[07]/item=N/score=12 | 항목:부족 인원[T001]/item=Y/score=12 | 특성별:전체[01]/item=N/score=8,,,,,B,부족인원별,02,1인 이하,12,itm/obj 후보 선택,,,0 정부가 지난해 세수 부족으로 한국은행에서 170조원 넘는 돈을 빌려 쓴 것으로 나타났다.
A0024-C001,A0024-C001-m1,정부 세수 부족,재정·조세,-,170000000000000,원,원,currency,,,수준값,-,현재값,KOSIS_VALUE,2024,2025-01-02,Y,전년,,3,180,,ALTERNATE,NOT_TOP_TABLE,후순위 통계표 후보,"부족,전체",lexical,180.0,Y,,,,111,DT_111014_B044,부족 인원_전체,2025005,"외국인고용실태조사(농업,제조업분야) > 비전문고용제조업",meta_index 없음 또는 코드명 매칭 없음,,,,,,,,,,meta 없음,,,0 정부가 지난해 세수 부족으로 한국은행에서 170조원 넘는 돈을 빌려 쓴 것으로 나타났다.
A0024-C001,A0024-C001-m1,정부 세수 부족,재정·조세,-,170000000000000,원,원,currency,,,수준값,-,현재값,KOSIS_VALUE,2024,2025-01-02,Y,전년,,4,176,,ALTERNATE,NOT_TOP_TABLE,후순위 통계표 후보,세수,lexical,176.0,Y,,,,134,DT_134007_2021_A001,관세청 소관 세수 총괄표,2022005,수입물품에대한관세및내국세통계 > 세수실적,meta_index 없음 또는 코드명 매칭 없음,,,,,,,,,,meta 없음,,,0 정부가 지난해 세수 부족으로 한국은행에서 170조원 넘는 돈을 빌려 쓴 것으로 나타났다.
A0024-C001,A0024-C001-m1,정부 세수 부족,재정·조세,-,170000000000000,원,원,currency,,,수준값,-,현재값,KOSIS_VALUE,2024,2025-01-02,Y,전년,,5,176,,ALTERNATE,NOT_TOP_TABLE,후순위 통계표 후보,부족,lexical,176.0,Y,,,,177,DT_11702_N031,영양섭취부족자 분율 추이,1973001,국민건강영양조사 > 영양 > 영양 부족 및 과잉,meta_index 없음 또는 코드명 매칭 없음,,,,,,,,,,meta 없음,,,0 정부가 지난해 세수 부족으로 한국은행에서 170조원 넘는 돈을 빌려 쓴 것으로 나타났다.
A0024-C002,A0024-C002-m1,정부 차입금,재정·조세,-,173000000000000,원,원,currency,,,수준값,-,현재값,KOSIS_VALUE,2024,2025-01-02,Y,전년,,1,176,176,REJECT,NO_COMPATIBLE_ITEM,단위·지표 의미가 맞는 ITEM 없음,정부,lexical,176.0,Y,,,,453,DT_393001_2023_F003,여성기업 성장을 위해 필요한 정부 정책,2003016,여성기업실태조사 > 2023년 이후 > 여성기업의 정부지원정책에 대한 인식,정부정책별:기술지원 제도[12]/item=N/score=12 | 정부정책별:기타[19]/item=N/score=12 | 정부정책별:사례수[10]/item=N/score=12 | 정부정책별:사업전환 및 재창업 지원[17]/item=N/score=12 | 정부정책별:세제지원 제도[16]/item=N/score=12 | 정부정책별:수출지원 제도[14]/item=N/score=12 | 정부정책별:인력지원 제도[11]/item=N/score=12 | 정부정책별:자금지원 제도[15]/item=N/score=12,,,,,B,정부정책별,12,기술지원 제도,12,itm/obj 후보 선택,,,"1일 더불어민주당 임광현 의원이 한은에서 제출받은 자료에 따르면, 정부는 지난해 한은에서 누적으로 따져 총 173조원을 일시 차입했다."
A0024-C002,A0024-C002-m1,정부 차입금,재정·조세,-,173000000000000,원,원,currency,,,수준값,-,현재값,KOSIS_VALUE,2024,2025-01-02,Y,전년,,2,176,,ALTERNATE,NOT_TOP_TABLE,후순위 통계표 후보,정부,lexical,176.0,Y,,,,395,DT_395N_S2024192,정부 규제별 혁신 영향 유무: 가격 제한,2003024,한국기업혁신조사 > 2025년도 조사(서비스 부문) >  정부 규제별 혁신 영향 > 정부 규제별 혁신 영향 유무,특성별:R＆D활동(전체)[007002]/item=N/score=6 | 특성별:전체[001]/item=N/score=6,,,,,A,특성별,001,전체,7,itm/obj 후보 선택,,,"1일 더불어민주당 임광현 의원이 한은에서 제출받은 자료에 따르면, 정부는 지난해 한은에서 누적으로 따져 총 173조원을 일시 차입했다."
A0024-C002,A0024-C002-m1,정부 차입금,재정·조세,-,173000000000000,원,원,currency,,,수준값,-,현재값,KOSIS_VALUE,2024,2025-01-02,Y,전년,,3,176,,ALTERNATE,NOT_TOP_TABLE,후순위 통계표 후보,정부,lexical,176.0,Y,,,,395,DT_395N_S2024193,정부 규제별 혁신 영향 유무: 공공재화/서비스 민간 진입 규제,2003024,한국기업혁신조사 > 2025년도 조사(서비스 부문) >  정부 규제별 혁신 영향 > 정부 규제별 혁신 영향 유무,meta_index 없음 또는 코드명 매칭 없음,,,,,,,,,,meta 없음,,,"1일 더불어민주당 임광현 의원이 한은에서 제출받은 자료에 따르면, 정부는 지난해 한은에서 누적으로 따져 총 173조원을 일시 차입했다."
A0024-C002,A0024-C002-m1,정부 차입금,재정·조세,-,173000000000000,원,원,currency,,,수준값,-,현재값,KOSIS_VALUE,2024,2025-01-02,Y,전년,,4,176,,ALTERNATE,NOT_TOP_TABLE,후순위 통계표 후보,정부,lexical,176.0,Y,,,,395,DT_395N_S2024199,정부 규제별 혁신 영향 유무: 근로(고용/노동) 기준과 규제,2003024,한국기업혁신조사 > 2025년도 조사(서비스 부문) >  정부 규제별 혁신 영향 > 정부 규제별 혁신 영향 유무,meta_index 없음 또는 코드명 매칭 없음,,,,,,,,,,meta 없음,,,"1일 더불어민주당 임광현 의원이 한은에서 제출받은 자료에 따르면, 정부는 지난해 한은에서 누적으로 따져 총 173조원을 일시 차입했다."
A0024-C002,A0024-C002-m1,정부 차입금,재정·조세,-,173000000000000,원,원,currency,,,수준값,-,현재값,KOSIS_VALUE,2024,2025-01-02,Y,전년,,5,176,,ALTERNATE,NOT_TOP_TABLE,후순위 통계표 후보,정부,lexical,176.0,Y,,,,395,DT_395N_S2024195,정부 규제별 혁신 영향 유무: 금융 시장 규제와 은산분리,2003024,한국기업혁신조사 > 2025년도 조사(서비스 부문) >  정부 규제별 혁신 영향 > 정부 규제별 혁신 영향 유무,meta_index 없음 또는 코드명 매칭 없음,,,,,,,,,,meta 없음,,,"1일 더불어민주당 임광현 의원이 한은에서 제출받은 자료에 따르면, 정부는 지난해 한은에서 누적으로 따져 총 173조원을 일시 차입했다."
A0024-C004,A0024-C004-m1,한국은행 차입금,재정·조세,-,117600000000000,원,원,currency,,,수준값,증가,이전값,KOSIS_VALUE,2023,2025-01-02,Y,전년,,1,212,212,REJECT,NO_COMPATIBLE_ITEM,단위·지표 의미가 맞는 ITEM 없음,한국은행,lexical,212.0,Y,,,,301,DT_641Y001,한국은행 원화대출금,1976015,통화금융통계 > 한국은행 주요계정 및 기준금리,항목:한국은행 원화대출금[13103134702999]/item=Y/score=24 | 계정항목별:일시부족자금(일시한도(B2))[13102134702ACC_ITEM.1140000]/item=N/score=6,,,,,13101134702ACC_ITEM,계정항목별,13102134702ACC_ITEM.1110000,금융중개지원대출,2,itm/obj 후보 선택,,,종전 최대인 2023년의 117조6000억원보다 47% 늘었다.
A0024-C004,A0024-C004-m1,한국은행 차입금,재정·조세,-,117600000000000,원,원,currency,,,수준값,증가,이전값,KOSIS_VALUE,2023,2025-01-02,Y,전년,,2,212,,ALTERNATE,NOT_TOP_TABLE,후순위 통계표 후보,한국은행,lexical,212.0,Y,,,,301,DT_103Y002,한국은행 주요계정(말잔),1976015,통화금융통계 > 한국은행 주요계정 및 기준금리,항목:한국은행 주요계정(말잔)[13103134613999]/item=Y/score=24 | 계정항목별:대정부대출금[13102134613ACC_ITEM.BCAA114]/item=N/score=6 | 계정항목별:정부대행기관[13102134613ACC_ITEM.BCAA1141]/item=N/score=6 | 계정항목별:중앙정부예금[13102134613ACC_ITEM.BCAA213]/item=N/score=6,,,,,13101134613ACC_ITEM,계정항목별,13102134613ACC_ITEM.BCAA222,IMF특별인출권배분,2,itm/obj 후보 선택,,,종전 최대인 2023년의 117조6000억원보다 47% 늘었다.
A0024-C004,A0024-C004-m2,한국은행 차입금 증가율,재정·조세,-,47,%,%,rate,,,증감률,증가,증감률,KOSIS_VALUE,2023,2025-01-02,Y,전년,,1,212,212,REJECT,NO_COMPATIBLE_ITEM,단위·지표 의미가 맞는 ITEM 없음,한국은행,lexical,212.0,Y,,,,301,DT_641Y001,한국은행 원화대출금,1976015,통화금융통계 > 한국은행 주요계정 및 기준금리,항목:한국은행 원화대출금[13103134702999]/item=Y/score=24 | 계정항목별:일시부족자금(일시한도(B2))[13102134702ACC_ITEM.1140000]/item=N/score=6,,,,,13101134702ACC_ITEM,계정항목별,13102134702ACC_ITEM.1110000,금융중개지원대출,2,itm/obj 후보 선택,,,종전 최대인 2023년의 117조6000억원보다 47% 늘었다.
A0024-C004,A0024-C004-m2,한국은행 차입금 증가율,재정·조세,-,47,%,%,rate,,,증감률,증가,증감률,KOSIS_VALUE,2023,2025-01-02,Y,전년,,2,212,,ALTERNATE,NOT_TOP_TABLE,후순위 통계표 후보,한국은행,lexical,212.0,Y,,,,301,DT_103Y002,한국은행 주요계정(말잔),1976015,통화금융통계 > 한국은행 주요계정 및 기준금리,항목:한국은행 주요계정(말잔)[13103134613999]/item=Y/score=24 | 계정항목별:대정부대출금[13102134613ACC_ITEM.BCAA114]/item=N/score=6 | 계정항목별:정부대행기관[13102134613ACC_ITEM.BCAA1141]/item=N/score=6 | 계정항목별:중앙정부예금[13102134613ACC_ITEM.BCAA213]/item=N/score=6,,,,,13101134613ACC_ITEM,계정항목별,13102134613ACC_ITEM.BCAA222,IMF특별인출권배분,2,itm/obj 후보 선택,,,종전 최대인 2023년의 117조6000억원보다 47% 늘었다.
A0024-C005,A0024-C005-m1,국가채무,재정·조세,-,172000000000000,원,원,currency,,,수준값,-,현재값,KOSIS_VALUE,2024,2025-01-02,Y,전년,,1,200,200,REJECT,NO_COMPATIBLE_ITEM,단위·지표 의미가 맞는 ITEM 없음,국가채무,lexical,200.0,Y,,,,184,DT_102006_001,국가채무(D1),2006101,국가채무,채무내역별:국가채무[A01]/item=N/score=20 | 채무내역별:국가채무 GDP 대비[A02]/item=N/score=20 | 항목:국가채무(D1)[T001]/item=Y/score=20 | 채무내역별:차입금[A08]/item=N/score=9 | 채무내역별:중앙정부 채무[A03]/item=N/score=6 | 채무내역별:지방정부 순채무[A10]/item=N/score=6,,,,,A,채무내역별,A01,국가채무,22,itm/obj 후보 선택,,,현재는 172조원을 상환하고 1조원 정도 남은 상태다.
A0024-C005,A0024-C005-m1,국가채무,재정·조세,-,172000000000000,원,원,currency,,,수준값,-,현재값,KOSIS_VALUE,2024,2025-01-02,Y,전년,,2,200,,ALTERNATE,NOT_TOP_TABLE,후순위 통계표 후보,국가채무,lexical,200.0,Y,,,,184,DT_102N_A001,국가채무현황,2006101,국가채무,채무내역별:국가채무[01]/item=N/score=20 | 채무내역별:국가채무 GDP 대비[02]/item=N/score=20 | 항목:국가채무[T01]/item=Y/score=20 | 채무내역별:지방정부 순채무[08]/item=N/score=6,,,,,A001,채무내역별,01,국가채무,22,itm/obj 후보 선택,,,현재는 172조원을 상환하고 1조원 정도 남은 상태다.
A0024-C005,A0024-C005-m2,국가채무,재정·조세,-,1000000000000,원,원,currency,,,수준값,-,현재값,KOSIS_VALUE,2024,2025-01-02,Y,전년,,1,200,200,REJECT,NO_COMPATIBLE_ITEM,단위·지표 의미가 맞는 ITEM 없음,국가채무,lexical,200.0,Y,,,,184,DT_102006_001,국가채무(D1),2006101,국가채무,채무내역별:국가채무[A01]/item=N/score=20 | 채무내역별:국가채무 GDP 대비[A02]/item=N/score=20 | 항목:국가채무(D1)[T001]/item=Y/score=20 | 채무내역별:차입금[A08]/item=N/score=9 | 채무내역별:중앙정부 채무[A03]/item=N/score=6 | 채무내역별:지방정부 순채무[A10]/item=N/score=6,,,,,A,채무내역별,A01,국가채무,22,itm/obj 후보 선택,,,현재는 172조원을 상환하고 1조원 정도 남은 상태다.
A0024-C005,A0024-C005-m2,국가채무,재정·조세,-,1000000000000,원,원,currency,,,수준값,-,현재값,KOSIS_VALUE,2024,2025-01-02,Y,전년,,2,200,,ALTERNATE,NOT_TOP_TABLE,후순위 통계표 후보,국가채무,lexical,200.0,Y,,,,184,DT_102N_A001,국가채무현황,2006101,국가채무,채무내역별:국가채무[01]/item=N/score=20 | 채무내역별:국가채무 GDP 대비[02]/item=N/score=20 | 항목:국가채무[T01]/item=Y/score=20 | 채무내역별:지방정부 순채무[08]/item=N/score=6,,,,,A001,채무내역별,01,국가채무,22,itm/obj 후보 선택,,,현재는 172조원을 상환하고 1조원 정도 남은 상태다.
A0024-C009,A0024-C009-m1,정부의 연간 누적 대출,재정·조세,-,36507200000000,원,원,currency,,,수준값,유지,이전값,KOSIS_VALUE,2019,2025-01-02,Y,전년,,1,243,243,REJECT,NO_COMPATIBLE_ITEM,단위·지표 의미가 맞는 ITEM 없음,"정부의,연간,정부,2020년",lexical,243.0,Y,,,,301,DT_200Y152,"일반정부의 부문별 기능별 총지출 (명목, 연간)",1976017,국민계정 > 국민계정(2020년기준) > 일반정부 및 공공부문계정,항목:일반정부의 부문별 기능별 총지출 (명목 연간)[13103136281999]/item=Y/score=36 | 금액구분코드별:일반정부-기타경상이전[13102136281AMT_CD.1108]/item=N/score=6 | 금액구분코드별:일반정부-기타생산세[13102136281AMT_CD.1103]/item=N/score=6 | 금액구분코드별:일반정부-보조금[13102136281AMT_CD.1104]/item=N/score=6 | 금액구분코드별:일반정부-비생산비금융자산의 순취득[13102136281AMT_CD.1111]/item=N/score=6 | 금액구분코드별:일반정부-사회보장현물수혜[13102136281AMT_CD.1107]/item=N/score=6 | 금액구분코드별:일반정부-사회수혜금[13102136281AMT_CD.1106]/item=N/score=6 | 금액구분코드별:일반정부-자본이전[13102136281AMT_CD.1109]/item=N/score=6,,,,,13101136281ACC_ITEM,계정항목별,13102136281ACC_ITEM.104,경제업무,2,itm/obj 후보 선택,,,정부의 연간 누적 대출은 2019년 36조5072억원에서 코로나 팬데믹이 터졌던 2020년 102조9130억원으로 크게 뛰었다.
A0024-C009,A0024-C009-m1,정부의 연간 누적 대출,재정·조세,-,36507200000000,원,원,currency,,,수준값,유지,이전값,KOSIS_VALUE,2019,2025-01-02,Y,전년,,2,243,,ALTERNATE,NOT_TOP_TABLE,후순위 통계표 후보,"정부의,연간,정부,2020년",lexical,243.0,Y,,,,301,DT_200Y151,"일반정부의 부문별 기능별 최종소비지출(명목, 연간)",1976017,국민계정 > 국민계정(2020년기준) > 일반정부 및 공공부문계정,항목:일반정부의 부문별 기능별 최종소비지출(명목 연간)[13103136273999]/item=Y/score=36 | 금액구분코드별:일반정부-(공제)상품 및 비상품판매(7)[13102136273AMT_CD.1106]/item=N/score=6 | 금액구분코드별:일반정부-개별소비지출[13102136273AMT_CD.1109]/item=N/score=6 | 금액구분코드별:일반정부-고정자본소모(3)[13102136273AMT_CD.1102]/item=N/score=6 | 금액구분코드별:일반정부-기타생산세(4)[13102136273AMT_CD.1103]/item=N/score=6 | 금액구분코드별:일반정부-사회보장현물수혜(8)[13102136273AMT_CD.1107]/item=N/score=6 | 금액구분코드별:일반정부-순영업잉여(2)[13102136273AMT_CD.1111]/item=N/score=6 | 금액구분코드별:일반정부-중간소비(5)[13102136273AMT_CD.1104]/item=N/score=6,,,,,13101136273ACC_ITEM,계정항목별,13102136273ACC_ITEM.104,경제업무,2,itm/obj 후보 선택,,,정부의 연간 누적 대출은 2019년 36조5072억원에서 코로나 팬데믹이 터졌던 2020년 102조9130억원으로 크게 뛰었다.
A0024-C009,A0024-C009-m1,정부의 연간 누적 대출,재정·조세,-,36507200000000,원,원,currency,,,수준값,유지,이전값,KOSIS_VALUE,2019,2025-01-02,Y,전년,,3,243,,ALTERNATE,NOT_TOP_TABLE,후순위 통계표 후보,"정부의,연간,정부,2020년",lexical,243.0,Y,,,,301,DT_200Y153,"일반정부의 부문별 총수입, 총지출, 저축투자차액(명목, 연간)",1976017,국민계정 > 국민계정(2020년기준) > 일반정부 및 공공부문계정,meta_index 없음 또는 코드명 매칭 없음,,,,,,,,,,meta 없음,,,정부의 연간 누적 대출은 2019년 36조5072억원에서 코로나 팬데믹이 터졌던 2020년 102조9130억원으로 크게 뛰었다.
A0024-C009,A0024-C009-m1,정부의 연간 누적 대출,재정·조세,-,36507200000000,원,원,currency,,,수준값,유지,이전값,KOSIS_VALUE,2019,2025-01-02,Y,전년,,4,226,,ALTERNATE,NOT_TOP_TABLE,후순위 통계표 후보,"정부의,정부,코로나,2020년",lexical,226.0,Y,,,,395,DT_395N_I2019271,코로나19 상황 내 혁신활동 증가를 위한 정부의 지원책 - 1+2순위,2003024,한국기업혁신조사 > 2020년도 조사(제조업 부문) > 코로나19 > 코로나19 상황 내 혁신 활동 증가를 위한 정부의 지원책,meta_index 없음 또는 코드명 매칭 없음,,,,,,,,,,meta 없음,,,정부의 연간 누적 대출은 2019년 36조5072억원에서 코로나 팬데믹이 터졌던 2020년 102조9130억원으로 크게 뛰었다.
A0024-C009,A0024-C009-m1,정부의 연간 누적 대출,재정·조세,-,36507200000000,원,원,currency,,,수준값,유지,이전값,KOSIS_VALUE,2019,2025-01-02,Y,전년,,5,226,,ALTERNATE,NOT_TOP_TABLE,후순위 통계표 후보,"정부의,정부,코로나,2020년",lexical,226.0,Y,,,,395,DT_395N_I2019270,코로나19 상황 내 혁신활동 증가를 위한 정부의 지원책 - 1순위,2003024,한국기업혁신조사 > 2020년도 조사(제조업 부문) > 코로나19 > 코로나19 상황 내 혁신 활동 증가를 위한 정부의 지원책,meta_index 없음 또는 코드명 매칭 없음,,,,,,,,,,meta 없음,,,정부의 연간 누적 대출은 2019년 36조5072억원에서 코로나 팬데믹이 터졌던 2020년 102조9130억원으로 크게 뛰었다.
A0024-C009,A0024-C009-m2,정부의 연간 누적 대출,재정·조세,-,102913000000000,원,원,currency,,,수준값,증가,현재값,KOSIS_VALUE,2020,2025-01-02,Y,전년,,1,243,243,REJECT,NO_COMPATIBLE_ITEM,단위·지표 의미가 맞는 ITEM 없음,"정부의,연간,정부,2020년",lexical,243.0,Y,,,,301,DT_200Y152,"일반정부의 부문별 기능별 총지출 (명목, 연간)",1976017,국민계정 > 국민계정(2020년기준) > 일반정부 및 공공부문계정,항목:일반정부의 부문별 기능별 총지출 (명목 연간)[13103136281999]/item=Y/score=36 | 금액구분코드별:일반정부-기타경상이전[13102136281AMT_CD.1108]/item=N/score=6 | 금액구분코드별:일반정부-기타생산세[13102136281AMT_CD.1103]/item=N/score=6 | 금액구분코드별:일반정부-보조금[13102136281AMT_CD.1104]/item=N/score=6 | 금액구분코드별:일반정부-비생산비금융자산의 순취득[13102136281AMT_CD.1111]/item=N/score=6 | 금액구분코드별:일반정부-사회보장현물수혜[13102136281AMT_CD.1107]/item=N/score=6 | 금액구분코드별:일반정부-사회수혜금[13102136281AMT_CD.1106]/item=N/score=6 | 금액구분코드별:일반정부-자본이전[13102136281AMT_CD.1109]/item=N/score=6,,,,,13101136281ACC_ITEM,계정항목별,13102136281ACC_ITEM.104,경제업무,2,itm/obj 후보 선택,,,정부의 연간 누적 대출은 2019년 36조5072억원에서 코로나 팬데믹이 터졌던 2020년 102조9130억원으로 크게 뛰었다.
A0024-C009,A0024-C009-m2,정부의 연간 누적 대출,재정·조세,-,102913000000000,원,원,currency,,,수준값,증가,현재값,KOSIS_VALUE,2020,2025-01-02,Y,전년,,2,243,,ALTERNATE,NOT_TOP_TABLE,후순위 통계표 후보,"정부의,연간,정부,2020년",lexical,243.0,Y,,,,301,DT_200Y151,"일반정부의 부문별 기능별 최종소비지출(명목, 연간)",1976017,국민계정 > 국민계정(2020년기준) > 일반정부 및 공공부문계정,항목:일반정부의 부문별 기능별 최종소비지출(명목 연간)[13103136273999]/item=Y/score=36 | 금액구분코드별:일반정부-(공제)상품 및 비상품판매(7)[13102136273AMT_CD.1106]/item=N/score=6 | 금액구분코드별:일반정부-개별소비지출[13102136273AMT_CD.1109]/item=N/score=6 | 금액구분코드별:일반정부-고정자본소모(3)[13102136273AMT_CD.1102]/item=N/score=6 | 금액구분코드별:일반정부-기타생산세(4)[13102136273AMT_CD.1103]/item=N/score=6 | 금액구분코드별:일반정부-사회보장현물수혜(8)[13102136273AMT_CD.1107]/item=N/score=6 | 금액구분코드별:일반정부-순영업잉여(2)[13102136273AMT_CD.1111]/item=N/score=6 | 금액구분코드별:일반정부-중간소비(5)[13102136273AMT_CD.1104]/item=N/score=6,,,,,13101136273ACC_ITEM,계정항목별,13102136273ACC_ITEM.104,경제업무,2,itm/obj 후보 선택,,,정부의 연간 누적 대출은 2019년 36조5072억원에서 코로나 팬데믹이 터졌던 2020년 102조9130억원으로 크게 뛰었다.
A0024-C009,A0024-C009-m2,정부의 연간 누적 대출,재정·조세,-,102913000000000,원,원,currency,,,수준값,증가,현재값,KOSIS_VALUE,2020,2025-01-02,Y,전년,,3,243,,ALTERNATE,NOT_TOP_TABLE,후순위 통계표 후보,"정부의,연간,정부,2020년",lexical,243.0,Y,,,,301,DT_200Y153,"일반정부의 부문별 총수입, 총지출, 저축투자차액(명목, 연간)",1976017,국민계정 > 국민계정(2020년기준) > 일반정부 및 공공부문계정,meta_index 없음 또는 코드명 매칭 없음,,,,,,,,,,meta 없음,,,정부의 연간 누적 대출은 2019년 36조5072억원에서 코로나 팬데믹이 터졌던 2020년 102조9130억원으로 크게 뛰었다.
A0024-C009,A0024-C009-m2,정부의 연간 누적 대출,재정·조세,-,102913000000000,원,원,currency,,,수준값,증가,현재값,KOSIS_VALUE,2020,2025-01-02,Y,전년,,4,226,,ALTERNATE,NOT_TOP_TABLE,후순위 통계표 후보,"정부의,정부,코로나,2020년",lexical,226.0,Y,,,,395,DT_395N_I2019271,코로나19 상황 내 혁신활동 증가를 위한 정부의 지원책 - 1+2순위,2003024,한국기업혁신조사 > 2020년도 조사(제조업 부문) > 코로나19 > 코로나19 상황 내 혁신 활동 증가를 위한 정부의 지원책,meta_index 없음 또는 코드명 매칭 없음,,,,,,,,,,meta 없음,,,정부의 연간 누적 대출은 2019년 36조5072억원에서 코로나 팬데믹이 터졌던 2020년 102조9130억원으로 크게 뛰었다.
A0024-C009,A0024-C009-m2,정부의 연간 누적 대출,재정·조세,-,102913000000000,원,원,currency,,,수준값,증가,현재값,KOSIS_VALUE,2020,2025-01-02,Y,전년,,5,226,,ALTERNATE,NOT_TOP_TABLE,후순위 통계표 후보,"정부의,정부,코로나,2020년",lexical,226.0,Y,,,,395,DT_395N_I2019270,코로나19 상황 내 혁신활동 증가를 위한 정부의 지원책 - 1순위,2003024,한국기업혁신조사 > 2020년도 조사(제조업 부문) > 코로나19 > 코로나19 상황 내 혁신 활동 증가를 위한 정부의 지원책,meta_index 없음 또는 코드명 매칭 없음,,,,,,,,,,meta 없음,,,정부의 연간 누적 대출은 2019년 36조5072억원에서 코로나 팬데믹이 터졌던 2020년 102조9130억원으로 크게 뛰었다.
A0024-C010,A0024-C010-m1,정부의 한은 일시 차입금,재정·조세,-,7613000000000,원,원,currency,,,수준값,감소,현재값,KOSIS_VALUE,2021,2025-01-02,Y,전년,,1,196,190,REJECT,NO_COMPATIBLE_ITEM,단위·지표 의미가 맞는 ITEM 없음,"재정,정부의,이후",lexical,196.0,Y,,,,136,DT_136022_10101,영림업및목재수확업_정부의 숲가꾸기(육림)사업 관련 정책 만족도 (재정지원 정책),2001010,임업경영실태조사 > 2020년이후 > 영림업 및 벌목업,구분:전체[1310213430815]/item=N/score=6 | 구분:전체[1310213430824]/item=N/score=6,,,,,131011343082,구분,1310213430815,전체,7,itm/obj 후보 선택,,,"이후 2021년 7조6130억원, 2022년 34조2000억원 등으로 줄었다가 세수 펑크가 커진 2023년 117조6000억원으로 다시 급증했다."
A0024-C010,A0024-C010-m1,정부의 한은 일시 차입금,재정·조세,-,7613000000000,원,원,currency,,,수준값,감소,현재값,KOSIS_VALUE,2021,2025-01-02,Y,전년,,2,190,,ALTERNATE,NOT_TOP_TABLE,후순위 통계표 후보,"정부의,2021년",lexical,190.0,Y,,,,395,DT_395N_S2020297,코로나19 상황 내 혁신활동 증가를 위한 정부의 지원책 - 1+2순위,2003024,한국기업혁신조사 > 2021년도 조사(서비스 부문) > 코로나 19 > 코로나19 상황 내 혁신활동 증가를 위한 정부의 지원책,특성별:R＆D활동(전체)[007002]/item=N/score=6 | 특성별:전체[001]/item=N/score=6 | 지원별:조세 지원[002]/item=N/score=6,,,,,A,특성별,001,전체,7,itm/obj 후보 선택,,,"이후 2021년 7조6130억원, 2022년 34조2000억원 등으로 줄었다가 세수 펑크가 커진 2023년 117조6000억원으로 다시 급증했다."
A0024-C010,A0024-C010-m1,정부의 한은 일시 차입금,재정·조세,-,7613000000000,원,원,currency,,,수준값,감소,현재값,KOSIS_VALUE,2021,2025-01-02,Y,전년,,3,190,,ALTERNATE,NOT_TOP_TABLE,후순위 통계표 후보,"정부의,2021년",lexical,190.0,Y,,,,395,DT_395N_S2020296,코로나19 상황 내 혁신활동 증가를 위한 정부의 지원책 - 1순위,2003024,한국기업혁신조사 > 2021년도 조사(서비스 부문) > 코로나 19 > 코로나19 상황 내 혁신활동 증가를 위한 정부의 지원책,특성별:R＆D활동(전체)[007002]/item=N/score=6 | 특성별:전체[001]/item=N/score=6 | 지원별:조세 지원[002]/item=N/score=6,,,,,A,특성별,001,전체,7,itm/obj 후보 선택,,,"이후 2021년 7조6130억원, 2022년 34조2000억원 등으로 줄었다가 세수 펑크가 커진 2023년 117조6000억원으로 다시 급증했다."
A0024-C010,A0024-C010-m1,정부의 한은 일시 차입금,재정·조세,-,7613000000000,원,원,currency,,,수준값,감소,현재값,KOSIS_VALUE,2021,2025-01-02,Y,전년,,4,189,,ALTERNATE,NOT_TOP_TABLE,후순위 통계표 후보,"정부의,전체,2021년,이후",lexical,189.0,Y,,,,113,DT_113_STBL_1031519,향후 문화예술교육 활성화를 위해 필요한 정부의 노력 - 1+2순위(복수응답) - 전체,2020025,국민문화예술교육조사 > 2021년 이후 >           문화예술교육 참여 현황,meta_index 없음 또는 코드명 매칭 없음,,,,,,,,,,meta 없음,,,"이후 2021년 7조6130억원, 2022년 34조2000억원 등으로 줄었다가 세수 펑크가 커진 2023년 117조6000억원으로 다시 급증했다."
A0024-C010,A0024-C010-m1,정부의 한은 일시 차입금,재정·조세,-,7613000000000,원,원,currency,,,수준값,감소,현재값,KOSIS_VALUE,2021,2025-01-02,Y,전년,,5,189,,ALTERNATE,NOT_TOP_TABLE,후순위 통계표 후보,"정부의,전체,2021년,이후",lexical,189.0,Y,,,,113,DT_113_STBL_1031518,향후 문화예술교육 활성화를 위해 필요한 정부의 노력 - 1순위 - 전체,2020025,국민문화예술교육조사 > 2021년 이후 >           문화예술교육 참여 현황,meta_index 없음 또는 코드명 매칭 없음,,,,,,,,,,meta 없음,,,"이후 2021년 7조6130억원, 2022년 34조2000억원 등으로 줄었다가 세수 펑크가 커진 2023년 117조6000억원으로 다시 급증했다."
A0024-C010,A0024-C010-m2,정부의 한은 일시 차입금,재정·조세,-,34200000000000,원,원,currency,,,수준값,감소,현재값,KOSIS_VALUE,2022,2025-01-02,Y,전년,,1,190,190,REJECT,NO_COMPATIBLE_ITEM,단위·지표 의미가 맞는 ITEM 없음,"정부의,2021년",lexical,190.0,Y,,,,395,DT_395N_S2020297,코로나19 상황 내 혁신활동 증가를 위한 정부의 지원책 - 1+2순위,2003024,한국기업혁신조사 > 2021년도 조사(서비스 부문) > 코로나 19 > 코로나19 상황 내 혁신활동 증가를 위한 정부의 지원책,특성별:R＆D활동(전체)[007002]/item=N/score=6 | 특성별:전체[001]/item=N/score=6 | 지원별:조세 지원[002]/item=N/score=6,,,,,A,특성별,001,전체,7,itm/obj 후보 선택,,,"이후 2021년 7조6130억원, 2022년 34조2000억원 등으로 줄었다가 세수 펑크가 커진 2023년 117조6000억원으로 다시 급증했다."
A0024-C010,A0024-C010-m2,정부의 한은 일시 차입금,재정·조세,-,34200000000000,원,원,currency,,,수준값,감소,현재값,KOSIS_VALUE,2022,2025-01-02,Y,전년,,2,190,,ALTERNATE,NOT_TOP_TABLE,후순위 통계표 후보,"정부의,2021년",lexical,190.0,Y,,,,395,DT_395N_S2020296,코로나19 상황 내 혁신활동 증가를 위한 정부의 지원책 - 1순위,2003024,한국기업혁신조사 > 2021년도 조사(서비스 부문) > 코로나 19 > 코로나19 상황 내 혁신활동 증가를 위한 정부의 지원책,특성별:R＆D활동(전체)[007002]/item=N/score=6 | 특성별:전체[001]/item=N/score=6 | 지원별:조세 지원[002]/item=N/score=6,,,,,A,특성별,001,전체,7,itm/obj 후보 선택,,,"이후 2021년 7조6130억원, 2022년 34조2000억원 등으로 줄었다가 세수 펑크가 커진 2023년 117조6000억원으로 다시 급증했다."
A0024-C010,A0024-C010-m2,정부의 한은 일시 차입금,재정·조세,-,34200000000000,원,원,currency,,,수준값,감소,현재값,KOSIS_VALUE,2022,2025-01-02,Y,전년,,3,189,,ALTERNATE,NOT_TOP_TABLE,후순위 통계표 후보,"정부의,전체,2021년,이후",lexical,189.0,Y,,,,113,DT_113_STBL_1031519,향후 문화예술교육 활성화를 위해 필요한 정부의 노력 - 1+2순위(복수응답) - 전체,2020025,국민문화예술교육조사 > 2021년 이후 >           문화예술교육 참여 현황,meta_index 없음 또는 코드명 매칭 없음,,,,,,,,,,meta 없음,,,"이후 2021년 7조6130억원, 2022년 34조2000억원 등으로 줄었다가 세수 펑크가 커진 2023년 117조6000억원으로 다시 급증했다."
A0024-C010,A0024-C010-m2,정부의 한은 일시 차입금,재정·조세,-,34200000000000,원,원,currency,,,수준값,감소,현재값,KOSIS_VALUE,2022,2025-01-02,Y,전년,,4,189,,ALTERNATE,NOT_TOP_TABLE,후순위 통계표 후보,"정부의,전체,2021년,이후",lexical,189.0,Y,,,,113,DT_113_STBL_1031518,향후 문화예술교육 활성화를 위해 필요한 정부의 노력 - 1순위 - 전체,2020025,국민문화예술교육조사 > 2021년 이후 >           문화예술교육 참여 현황,meta_index 없음 또는 코드명 매칭 없음,,,,,,,,,,meta 없음,,,"이후 2021년 7조6130억원, 2022년 34조2000억원 등으로 줄었다가 세수 펑크가 커진 2023년 117조6000억원으로 다시 급증했다."
A0024-C010,A0024-C010-m2,정부의 한은 일시 차입금,재정·조세,-,34200000000000,원,원,currency,,,수준값,감소,현재값,KOSIS_VALUE,2022,2025-01-02,Y,전년,,5,182,,ALTERNATE,NOT_TOP_TABLE,후순위 통계표 후보,"정부의,2022년,이후",lexical,182.0,Y,,,,398,DT_398001_041,정부의 2022년 스마트공장 보급/확산 지원 사업 인지도,2004015,중소기업정보화수준조사 > 2018년 이후 > 정보화 지원 개편방안 의견,항목:정부의 2022년 스마트공장 보급/확산 지원 사업 인지도[T001]/item=Y/score=20 | 산업및매출액규모별:전체[A01]/item=N/score=6,,,,,A,산업및매출액규모별,A01,전체,7,itm/obj 후보 선택,,,"이후 2021년 7조6130억원, 2022년 34조2000억원 등으로 줄었다가 세수 펑크가 커진 2023년 117조6000억원으로 다시 급증했다."
A0024-C010,A0024-C010-m3,정부의 한은 일시 차입금,재정·조세,-,117600000000000,원,원,currency,,,수준값,감소,현재값,KOSIS_VALUE,2023,2025-01-02,Y,전년,,1,182,180,REJECT,NO_COMPATIBLE_ITEM,단위·지표 의미가 맞는 ITEM 없음,"정부의,2022년,이후",lexical,182.0,Y,,,,398,DT_398001_041,정부의 2022년 스마트공장 보급/확산 지원 사업 인지도,2004015,중소기업정보화수준조사 > 2018년 이후 > 정보화 지원 개편방안 의견,항목:정부의 2022년 스마트공장 보급/확산 지원 사업 인지도[T001]/item=Y/score=20 | 산업및매출액규모별:전체[A01]/item=N/score=6,,,,,A,산업및매출액규모별,A01,전체,7,itm/obj 후보 선택,,,"이후 2021년 7조6130억원, 2022년 34조2000억원 등으로 줄었다가 세수 펑크가 커진 2023년 117조6000억원으로 다시 급증했다."
A0024-C010,A0024-C010-m3,정부의 한은 일시 차입금,재정·조세,-,117600000000000,원,원,currency,,,수준값,감소,현재값,KOSIS_VALUE,2023,2025-01-02,Y,전년,,2,180,,ALTERNATE,NOT_TOP_TABLE,후순위 통계표 후보,"정부의,2021년,2022년",lexical,180.0,Y,,,,453,DT_393001_2002_A077,정부의 기업활동 지원정책에 대한 의견,2003016,여성기업실태조사 > 2021년~2022년 > 여성기업의 정부지원정책에 대한 인식,항목:정부의 기업활동 지원정책에 대한 의견[T001]/item=Y/score=15 | 특성별:전체[A1]/item=N/score=6,,,,,A,특성별,A1,전체,7,itm/obj 후보 선택,,,"이후 2021년 7조6130억원, 2022년 34조2000억원 등으로 줄었다가 세수 펑크가 커진 2023년 117조6000억원으로 다시 급증했다."
A0024-C010,A0024-C010-m3,정부의 한은 일시 차입금,재정·조세,-,117600000000000,원,원,currency,,,수준값,감소,현재값,KOSIS_VALUE,2023,2025-01-02,Y,전년,,3,179,,ALTERNATE,NOT_TOP_TABLE,후순위 통계표 후보,"정부의,이후,2023년",lexical,179.0,Y,,,,154,DT_154017_24DD010400,정부의 국제결혼 중개 관리 정책에 대한 의견에 동의 정도 : 일정기간 이후 결혼 규제 강화,2014024,결혼중개업실태조사 > 2023년 > 국제이용자,meta_index 없음 또는 코드명 매칭 없음,,,,,,,,,,meta 없음,,,"이후 2021년 7조6130억원, 2022년 34조2000억원 등으로 줄었다가 세수 펑크가 커진 2023년 117조6000억원으로 다시 급증했다."
A0024-C010,A0024-C010-m3,정부의 한은 일시 차입금,재정·조세,-,117600000000000,원,원,currency,,,수준값,감소,현재값,KOSIS_VALUE,2023,2025-01-02,Y,전년,,4,177,,ALTERNATE,NOT_TOP_TABLE,후순위 통계표 후보,"정부의,2022년,이후",lexical,177.0,Y,,,,442,DT_442001_120,기후기술 영역별 정부의 규제완화 정책 중요성,2017086,기후변화대응 기술개발 활동조사 > 2022년 이후 > 기후기술 개발 내외부 지원환경 및 정부지원 필요성,meta_index 없음 또는 코드명 매칭 없음,,,,,,,,,,meta 없음,,,"이후 2021년 7조6130억원, 2022년 34조2000억원 등으로 줄었다가 세수 펑크가 커진 2023년 117조6000억원으로 다시 급증했다."
A0024-C010,A0024-C010-m3,정부의 한은 일시 차입금,재정·조세,-,117600000000000,원,원,currency,,,수준값,감소,현재값,KOSIS_VALUE,2023,2025-01-02,Y,전년,,5,177,,ALTERNATE,NOT_TOP_TABLE,후순위 통계표 후보,"정부의,2023년,이후",lexical,177.0,Y,,,,453,DT_393001_2023_F002,정부의 기업활동 지원 정책에 대한 의견,2003016,여성기업실태조사 > 2023년 이후 > 여성기업의 정부지원정책에 대한 인식,meta_index 없음 또는 코드명 매칭 없음,,,,,,,,,,meta 없음,,,"이후 2021년 7조6130억원, 2022년 34조2000억원 등으로 줄었다가 세수 펑크가 커진 2023년 117조6000억원으로 다시 급증했다."
A0024-C011,A0024-C011-m1,정부가 부담한 이자,재정·조세,-,209200000000,원,원,currency,,,수준값,-,현재값,KOSIS_VALUE,2024,2025-01-02,Y,전년,,1,176,176,REJECT,NO_COMPATIBLE_ITEM,단위·지표 의미가 맞는 ITEM 없음,정부가,lexical,176.0,Y,,,,127,TX_10506_A134,"RI등 이용관련, 정부가 추진해야할 정책",2006173,원자력산업실태조사 > RI설문조사,meta_index 없음 또는 코드명 매칭 없음,,,,,15112AO9,추진정책별,15112AO900,계,7,itm/obj 후보 선택,,,지난해 이 같은 일시 대출에 따라 정부가 부담한 이자는 2092억원에 달한 것으로 집계됐다.
A0024-C011,A0024-C011-m1,정부가 부담한 이자,재정·조세,-,209200000000,원,원,currency,,,수준값,-,현재값,KOSIS_VALUE,2024,2025-01-02,Y,전년,,2,176,,ALTERNATE,NOT_TOP_TABLE,후순위 통계표 후보,정부가,lexical,176.0,Y,,,,113,DT_113_STBL_1031605,의사소통을 위해 정부가 해야 할 지원 정책(1+2+3순위),2017060,한국수어활용조사,통계분류:전체[131021364461.001]/item=N/score=6,,,,,131011364461,통계분류,131021364461.001,전체,7,itm/obj 후보 선택,,,지난해 이 같은 일시 대출에 따라 정부가 부담한 이자는 2092억원에 달한 것으로 집계됐다.
A0024-C011,A0024-C011-m1,정부가 부담한 이자,재정·조세,-,209200000000,원,원,currency,,,수준값,-,현재값,KOSIS_VALUE,2024,2025-01-02,Y,전년,,3,176,,ALTERNATE,NOT_TOP_TABLE,후순위 통계표 후보,정부가,lexical,176.0,Y,,,,113,DT_113_STBL_1031604,의사소통을 위해 정부가 해야 할 지원 정책(1순위),2017060,한국수어활용조사,meta_index 없음 또는 코드명 매칭 없음,,,,,,,,,,meta 없음,,,지난해 이 같은 일시 대출에 따라 정부가 부담한 이자는 2092억원에 달한 것으로 집계됐다.
A0024-C011,A0024-C011-m1,정부가 부담한 이자,재정·조세,-,209200000000,원,원,currency,,,수준값,-,현재값,KOSIS_VALUE,2024,2025-01-02,Y,전년,,4,176,,ALTERNATE,NOT_TOP_TABLE,후순위 통계표 후보,정부가,lexical,176.0,Y,,,,331,DT_33109_N295,정부가 각 정책영역에서 얼마나 잘 하고 있는지에 대한 의견,2006229,한국복지패널조사 > 복지인식부가조사,meta_index 없음 또는 코드명 매칭 없음,,,,,,,,,,meta 없음,,,지난해 이 같은 일시 대출에 따라 정부가 부담한 이자는 2092억원에 달한 것으로 집계됐다.
A0024-C011,A0024-C011-m1,정부가 부담한 이자,재정·조세,-,209200000000,원,원,currency,,,수준값,-,현재값,KOSIS_VALUE,2024,2025-01-02,Y,전년,,5,176,,ALTERNATE,NOT_TOP_TABLE,후순위 통계표 후보,정부가,lexical,176.0,Y,,,,417,DT_417001_0024,정부가 국민의 의견에 관심이 없다고 생각하는 정도,2013013,사회통합실태조사 > 사회 및 정치 참여 부문,meta_index 없음 또는 코드명 매칭 없음,,,,,,,,,,meta 없음,,,지난해 이 같은 일시 대출에 따라 정부가 부담한 이자는 2092억원에 달한 것으로 집계됐다.
A0024-C012,A0024-C012-m1,정부의 한은 일시 대출 이자,재정·조세,-,150600000000,원,원,currency,,,수준값,-,참고값,KOSIS_VALUE,2023,2025-01-02,Y,전년,,1,175,175,REJECT,NO_COMPATIBLE_ITEM,단위·지표 의미가 맞는 ITEM 없음,"정부의,2023년",lexical,175.0,Y,,,,164,DT_164004_2023175,인공지능 추천 서비스 제공자 책무_인공지능 추천 서비스가 공공의 이익에 반할 때 정부의 제도적 보완이 필요하다,2022035,지능정보사회이용자패널조사 > 2023년 > 지능정보화 시대 이용자보호,meta_index 없음 또는 코드명 매칭 없음,,,,,A,구분별,001,전체,7,itm/obj 후보 선택,,,역시 2023년 연간 이자(1506억원)를 크게 웃도는 역대 최대 수준이다.
A0024-C012,A0024-C012-m1,정부의 한은 일시 대출 이자,재정·조세,-,150600000000,원,원,currency,,,수준값,-,참고값,KOSIS_VALUE,2023,2025-01-02,Y,전년,,2,175,,ALTERNATE,NOT_TOP_TABLE,후순위 통계표 후보,"정부의,2023년",lexical,175.0,Y,,,,154,DT_154017_24DD010700,정부의 국제결혼 중개 관리 정책에 대한 의견에 동의 정도 : 배우자 국가의 문화 교육 필요성,2014024,결혼중개업실태조사 > 2023년 > 국제이용자,meta_index 없음 또는 코드명 매칭 없음,,,,,A,특성별,1,전      체,7,itm/obj 후보 선택,,,역시 2023년 연간 이자(1506억원)를 크게 웃도는 역대 최대 수준이다.
A0024-C012,A0024-C012-m1,정부의 한은 일시 대출 이자,재정·조세,-,150600000000,원,원,currency,,,수준값,-,참고값,KOSIS_VALUE,2023,2025-01-02,Y,전년,,3,175,,ALTERNATE,NOT_TOP_TABLE,후순위 통계표 후보,"정부의,2023년",lexical,175.0,Y,,,,154,DT_154017_24DD010400,정부의 국제결혼 중개 관리 정책에 대한 의견에 동의 정도 : 일정기간 이후 결혼 규제 강화,2014024,결혼중개업실태조사 > 2023년 > 국제이용자,meta_index 없음 또는 코드명 매칭 없음,,,,,,,,,,meta 없음,,,역시 2023년 연간 이자(1506억원)를 크게 웃도는 역대 최대 수준이다.
A0024-C012,A0024-C012-m1,정부의 한은 일시 대출 이자,재정·조세,-,150600000000,원,원,currency,,,수준값,-,참고값,KOSIS_VALUE,2023,2025-01-02,Y,전년,,4,175,,ALTERNATE,NOT_TOP_TABLE,후순위 통계표 후보,"정부의,2023년",lexical,175.0,Y,,,,154,DT_154017_24DD010600,정부의 국제결혼 중개 관리 정책에 대한 의견에 동의 정도 : 한국문화 이해 교육 강화,2014024,결혼중개업실태조사 > 2023년 > 국제이용자,meta_index 없음 또는 코드명 매칭 없음,,,,,,,,,,meta 없음,,,역시 2023년 연간 이자(1506억원)를 크게 웃도는 역대 최대 수준이다.
A0024-C012,A0024-C012-m1,정부의 한은 일시 대출 이자,재정·조세,-,150600000000,원,원,currency,,,수준값,-,참고값,KOSIS_VALUE,2023,2025-01-02,Y,전년,,5,175,,ALTERNATE,NOT_TOP_TABLE,후순위 통계표 후보,"정부의,2023년",lexical,175.0,Y,,,,154,DT_154017_24DD010500,정부의 국제결혼 중개 관리 정책에 대한 의견에 동의 정도 : 한국어 구사요건 제도 강화,2014024,결혼중개업실태조사 > 2023년 > 국제이용자,meta_index 없음 또는 코드명 매칭 없음,,,,,,,,,,meta 없음,,,역시 2023년 연간 이자(1506억원)를 크게 웃도는 역대 최대 수준이다.
A0024-C013,A0024-C013-m1,대출 이자율,재정·조세,-,3.623,%,%,rate,,,수준값,감소,현재값,KOSIS_VALUE,2024Q1,2025-01-02,Q,전분기,,1,176,176,REJECT,NO_COMPATIBLE_ITEM,단위·지표 의미가 맞는 ITEM 없음,대출,lexical,176.0,Y,,,,101,DT_1PB_1001,개인사업자의 대출 총괄,2012008,일자리행정통계 > 개인사업자 부채편 > 대출,개인사업자 대출:전체[11]/item=N/score=18 | 개인사업자 대출:전체[21]/item=N/score=18 | 개인사업자 대출:가계(대출용도별)[12]/item=N/score=12 | 개인사업자 대출:비은행(금융기관별)[15]/item=N/score=12 | 개인사업자 대출:사업자(대출용도별)[13]/item=N/score=12 | 개인사업자 대출:은행(금융기관별)[14]/item=N/score=12 | 개인사업자 대출:중위대출[20]/item=N/score=12 | 개인사업자 대출:평균대출[10]/item=N/score=12,,,,,A,개인사업자 대출,11,전체,17,itm/obj 후보 선택,,,"다만 대출 이자율은 시중 금리 하락세에 따라 지난해 1분기(1~3월) 연 3.623%에서 2분기 연 3.563%, 3분기 연 3.543%, 4분기 연 3.302% 등으로 점차 낮아졌다."
A0024-C013,A0024-C013-m1,대출 이자율,재정·조세,-,3.623,%,%,rate,,,수준값,감소,현재값,KOSIS_VALUE,2024Q1,2025-01-02,Q,전분기,,2,176,,ALTERNATE,NOT_TOP_TABLE,후순위 통계표 후보,대출,lexical,176.0,Y,,,,101,DT_1PB_1008,개인사업자의 대출잔액별 대출,2012008,일자리행정통계 > 개인사업자 부채편 > 대출,개인사업자 대출:전체[11]/item=N/score=18 | 개인사업자 대출:전체[21]/item=N/score=18 | 개인사업자 대출:가계(대출용도별)[12]/item=N/score=12 | 개인사업자 대출:비은행(금융기관별)[15]/item=N/score=12 | 개인사업자 대출:사업자(대출용도별)[13]/item=N/score=12 | 개인사업자 대출:은행(금융기관별)[14]/item=N/score=12 | 개인사업자 대출:중위대출[20]/item=N/score=12 | 개인사업자 대출:평균대출[10]/item=N/score=12,,,,,A,개인사업자 대출,11,전체,17,itm/obj 후보 선택,,,"다만 대출 이자율은 시중 금리 하락세에 따라 지난해 1분기(1~3월) 연 3.623%에서 2분기 연 3.563%, 3분기 연 3.543%, 4분기 연 3.302% 등으로 점차 낮아졌다."
A0024-C013,A0024-C013-m1,대출 이자율,재정·조세,-,3.623,%,%,rate,,,수준값,감소,현재값,KOSIS_VALUE,2024Q1,2025-01-02,Q,전분기,,3,176,,ALTERNATE,NOT_TOP_TABLE,후순위 통계표 후보,대출,lexical,176.0,Y,,,,101,DT_1PB_1005,개인사업자의 매출액별 대출,2012008,일자리행정통계 > 개인사업자 부채편 > 대출,meta_index 없음 또는 코드명 매칭 없음,,,,,,,,,,meta 없음,,,"다만 대출 이자율은 시중 금리 하락세에 따라 지난해 1분기(1~3월) 연 3.623%에서 2분기 연 3.563%, 3분기 연 3.543%, 4분기 연 3.302% 등으로 점차 낮아졌다."
A0024-C013,A0024-C013-m1,대출 이자율,재정·조세,-,3.623,%,%,rate,,,수준값,감소,현재값,KOSIS_VALUE,2024Q1,2025-01-02,Q,전분기,,4,176,,ALTERNATE,NOT_TOP_TABLE,후순위 통계표 후보,대출,lexical,176.0,Y,,,,101,DT_1PB_1006,개인사업자의 사업기간별 대출,2012008,일자리행정통계 > 개인사업자 부채편 > 대출,meta_index 없음 또는 코드명 매칭 없음,,,,,,,,,,meta 없음,,,"다만 대출 이자율은 시중 금리 하락세에 따라 지난해 1분기(1~3월) 연 3.623%에서 2분기 연 3.563%, 3분기 연 3.543%, 4분기 연 3.302% 등으로 점차 낮아졌다."
A0024-C013,A0024-C013-m1,대출 이자율,재정·조세,-,3.623,%,%,rate,,,수준값,감소,현재값,KOSIS_VALUE,2024Q1,2025-01-02,Q,전분기,,5,176,,ALTERNATE,NOT_TOP_TABLE,후순위 통계표 후보,대출,lexical,176.0,Y,,,,101,DT_1PB_1004,개인사업자의 산업분류별 대출,2012008,일자리행정통계 > 개인사업자 부채편 > 대출,meta_index 없음 또는 코드명 매칭 없음,,,,,,,,,,meta 없음,,,"다만 대출 이자율은 시중 금리 하락세에 따라 지난해 1분기(1~3월) 연 3.623%에서 2분기 연 3.563%, 3분기 연 3.543%, 4분기 연 3.302% 등으로 점차 낮아졌다."
A0024-C013,A0024-C013-m2,대출 이자율,재정·조세,-,3.563,%,%,rate,,,수준값,감소,이전값,KOSIS_VALUE,2024Q2,2025-01-02,Q,전분기,,1,176,176,REJECT,NO_COMPATIBLE_ITEM,단위·지표 의미가 맞는 ITEM 없음,대출,lexical,176.0,Y,,,,101,DT_1PB_1001,개인사업자의 대출 총괄,2012008,일자리행정통계 > 개인사업자 부채편 > 대출,개인사업자 대출:전체[11]/item=N/score=18 | 개인사업자 대출:전체[21]/item=N/score=18 | 개인사업자 대출:가계(대출용도별)[12]/item=N/score=12 | 개인사업자 대출:비은행(금융기관별)[15]/item=N/score=12 | 개인사업자 대출:사업자(대출용도별)[13]/item=N/score=12 | 개인사업자 대출:은행(금융기관별)[14]/item=N/score=12 | 개인사업자 대출:중위대출[20]/item=N/score=12 | 개인사업자 대출:평균대출[10]/item=N/score=12,,,,,A,개인사업자 대출,11,전체,17,itm/obj 후보 선택,,,"다만 대출 이자율은 시중 금리 하락세에 따라 지난해 1분기(1~3월) 연 3.623%에서 2분기 연 3.563%, 3분기 연 3.543%, 4분기 연 3.302% 등으로 점차 낮아졌다."
A0024-C013,A0024-C013-m2,대출 이자율,재정·조세,-,3.563,%,%,rate,,,수준값,감소,이전값,KOSIS_VALUE,2024Q2,2025-01-02,Q,전분기,,2,176,,ALTERNATE,NOT_TOP_TABLE,후순위 통계표 후보,대출,lexical,176.0,Y,,,,101,DT_1PB_1008,개인사업자의 대출잔액별 대출,2012008,일자리행정통계 > 개인사업자 부채편 > 대출,개인사업자 대출:전체[11]/item=N/score=18 | 개인사업자 대출:전체[21]/item=N/score=18 | 개인사업자 대출:가계(대출용도별)[12]/item=N/score=12 | 개인사업자 대출:비은행(금융기관별)[15]/item=N/score=12 | 개인사업자 대출:사업자(대출용도별)[13]/item=N/score=12 | 개인사업자 대출:은행(금융기관별)[14]/item=N/score=12 | 개인사업자 대출:중위대출[20]/item=N/score=12 | 개인사업자 대출:평균대출[10]/item=N/score=12,,,,,A,개인사업자 대출,11,전체,17,itm/obj 후보 선택,,,"다만 대출 이자율은 시중 금리 하락세에 따라 지난해 1분기(1~3월) 연 3.623%에서 2분기 연 3.563%, 3분기 연 3.543%, 4분기 연 3.302% 등으로 점차 낮아졌다."
A0024-C013,A0024-C013-m2,대출 이자율,재정·조세,-,3.563,%,%,rate,,,수준값,감소,이전값,KOSIS_VALUE,2024Q2,2025-01-02,Q,전분기,,3,176,,ALTERNATE,NOT_TOP_TABLE,후순위 통계표 후보,대출,lexical,176.0,Y,,,,101,DT_1PB_1005,개인사업자의 매출액별 대출,2012008,일자리행정통계 > 개인사업자 부채편 > 대출,meta_index 없음 또는 코드명 매칭 없음,,,,,,,,,,meta 없음,,,"다만 대출 이자율은 시중 금리 하락세에 따라 지난해 1분기(1~3월) 연 3.623%에서 2분기 연 3.563%, 3분기 연 3.543%, 4분기 연 3.302% 등으로 점차 낮아졌다."
A0024-C013,A0024-C013-m2,대출 이자율,재정·조세,-,3.563,%,%,rate,,,수준값,감소,이전값,KOSIS_VALUE,2024Q2,2025-01-02,Q,전분기,,4,176,,ALTERNATE,NOT_TOP_TABLE,후순위 통계표 후보,대출,lexical,176.0,Y,,,,101,DT_1PB_1006,개인사업자의 사업기간별 대출,2012008,일자리행정통계 > 개인사업자 부채편 > 대출,meta_index 없음 또는 코드명 매칭 없음,,,,,,,,,,meta 없음,,,"다만 대출 이자율은 시중 금리 하락세에 따라 지난해 1분기(1~3월) 연 3.623%에서 2분기 연 3.563%, 3분기 연 3.543%, 4분기 연 3.302% 등으로 점차 낮아졌다."
A0024-C013,A0024-C013-m2,대출 이자율,재정·조세,-,3.563,%,%,rate,,,수준값,감소,이전값,KOSIS_VALUE,2024Q2,2025-01-02,Q,전분기,,5,176,,ALTERNATE,NOT_TOP_TABLE,후순위 통계표 후보,대출,lexical,176.0,Y,,,,101,DT_1PB_1004,개인사업자의 산업분류별 대출,2012008,일자리행정통계 > 개인사업자 부채편 > 대출,meta_index 없음 또는 코드명 매칭 없음,,,,,,,,,,meta 없음,,,"다만 대출 이자율은 시중 금리 하락세에 따라 지난해 1분기(1~3월) 연 3.623%에서 2분기 연 3.563%, 3분기 연 3.543%, 4분기 연 3.302% 등으로 점차 낮아졌다."
A0024-C013,A0024-C013-m3,대출 이자율,재정·조세,-,3.543,%,%,rate,,,수준값,감소,이전값,KOSIS_VALUE,2024Q3,2025-01-02,Q,전분기,,1,176,176,REJECT,NO_COMPATIBLE_ITEM,단위·지표 의미가 맞는 ITEM 없음,대출,lexical,176.0,Y,,,,101,DT_1PB_1001,개인사업자의 대출 총괄,2012008,일자리행정통계 > 개인사업자 부채편 > 대출,개인사업자 대출:전체[11]/item=N/score=18 | 개인사업자 대출:전체[21]/item=N/score=18 | 개인사업자 대출:가계(대출용도별)[12]/item=N/score=12 | 개인사업자 대출:비은행(금융기관별)[15]/item=N/score=12 | 개인사업자 대출:사업자(대출용도별)[13]/item=N/score=12 | 개인사업자 대출:은행(금융기관별)[14]/item=N/score=12 | 개인사업자 대출:중위대출[20]/item=N/score=12 | 개인사업자 대출:평균대출[10]/item=N/score=12,,,,,A,개인사업자 대출,11,전체,17,itm/obj 후보 선택,,,"다만 대출 이자율은 시중 금리 하락세에 따라 지난해 1분기(1~3월) 연 3.623%에서 2분기 연 3.563%, 3분기 연 3.543%, 4분기 연 3.302% 등으로 점차 낮아졌다."
A0024-C013,A0024-C013-m3,대출 이자율,재정·조세,-,3.543,%,%,rate,,,수준값,감소,이전값,KOSIS_VALUE,2024Q3,2025-01-02,Q,전분기,,2,176,,ALTERNATE,NOT_TOP_TABLE,후순위 통계표 후보,대출,lexical,176.0,Y,,,,101,DT_1PB_1008,개인사업자의 대출잔액별 대출,2012008,일자리행정통계 > 개인사업자 부채편 > 대출,개인사업자 대출:전체[11]/item=N/score=18 | 개인사업자 대출:전체[21]/item=N/score=18 | 개인사업자 대출:가계(대출용도별)[12]/item=N/score=12 | 개인사업자 대출:비은행(금융기관별)[15]/item=N/score=12 | 개인사업자 대출:사업자(대출용도별)[13]/item=N/score=12 | 개인사업자 대출:은행(금융기관별)[14]/item=N/score=12 | 개인사업자 대출:중위대출[20]/item=N/score=12 | 개인사업자 대출:평균대출[10]/item=N/score=12,,,,,A,개인사업자 대출,11,전체,17,itm/obj 후보 선택,,,"다만 대출 이자율은 시중 금리 하락세에 따라 지난해 1분기(1~3월) 연 3.623%에서 2분기 연 3.563%, 3분기 연 3.543%, 4분기 연 3.302% 등으로 점차 낮아졌다."
A0024-C013,A0024-C013-m3,대출 이자율,재정·조세,-,3.543,%,%,rate,,,수준값,감소,이전값,KOSIS_VALUE,2024Q3,2025-01-02,Q,전분기,,3,176,,ALTERNATE,NOT_TOP_TABLE,후순위 통계표 후보,대출,lexical,176.0,Y,,,,101,DT_1PB_1005,개인사업자의 매출액별 대출,2012008,일자리행정통계 > 개인사업자 부채편 > 대출,meta_index 없음 또는 코드명 매칭 없음,,,,,,,,,,meta 없음,,,"다만 대출 이자율은 시중 금리 하락세에 따라 지난해 1분기(1~3월) 연 3.623%에서 2분기 연 3.563%, 3분기 연 3.543%, 4분기 연 3.302% 등으로 점차 낮아졌다."
A0024-C013,A0024-C013-m3,대출 이자율,재정·조세,-,3.543,%,%,rate,,,수준값,감소,이전값,KOSIS_VALUE,2024Q3,2025-01-02,Q,전분기,,4,176,,ALTERNATE,NOT_TOP_TABLE,후순위 통계표 후보,대출,lexical,176.0,Y,,,,101,DT_1PB_1006,개인사업자의 사업기간별 대출,2012008,일자리행정통계 > 개인사업자 부채편 > 대출,meta_index 없음 또는 코드명 매칭 없음,,,,,,,,,,meta 없음,,,"다만 대출 이자율은 시중 금리 하락세에 따라 지난해 1분기(1~3월) 연 3.623%에서 2분기 연 3.563%, 3분기 연 3.543%, 4분기 연 3.302% 등으로 점차 낮아졌다."
A0024-C013,A0024-C013-m3,대출 이자율,재정·조세,-,3.543,%,%,rate,,,수준값,감소,이전값,KOSIS_VALUE,2024Q3,2025-01-02,Q,전분기,,5,176,,ALTERNATE,NOT_TOP_TABLE,후순위 통계표 후보,대출,lexical,176.0,Y,,,,101,DT_1PB_1004,개인사업자의 산업분류별 대출,2012008,일자리행정통계 > 개인사업자 부채편 > 대출,meta_index 없음 또는 코드명 매칭 없음,,,,,,,,,,meta 없음,,,"다만 대출 이자율은 시중 금리 하락세에 따라 지난해 1분기(1~3월) 연 3.623%에서 2분기 연 3.563%, 3분기 연 3.543%, 4분기 연 3.302% 등으로 점차 낮아졌다."
A0024-C013,A0024-C013-m4,대출 이자율,재정·조세,-,3.302,%,%,rate,,,수준값,감소,이전값,KOSIS_VALUE,2024Q4,2025-01-02,Q,전분기,,1,176,176,REJECT,NO_COMPATIBLE_ITEM,단위·지표 의미가 맞는 ITEM 없음,대출,lexical,176.0,Y,,,,101,DT_1PB_1001,개인사업자의 대출 총괄,2012008,일자리행정통계 > 개인사업자 부채편 > 대출,개인사업자 대출:전체[11]/item=N/score=18 | 개인사업자 대출:전체[21]/item=N/score=18 | 개인사업자 대출:가계(대출용도별)[12]/item=N/score=12 | 개인사업자 대출:비은행(금융기관별)[15]/item=N/score=12 | 개인사업자 대출:사업자(대출용도별)[13]/item=N/score=12 | 개인사업자 대출:은행(금융기관별)[14]/item=N/score=12 | 개인사업자 대출:중위대출[20]/item=N/score=12 | 개인사업자 대출:평균대출[10]/item=N/score=12,,,,,A,개인사업자 대출,11,전체,17,itm/obj 후보 선택,,,"다만 대출 이자율은 시중 금리 하락세에 따라 지난해 1분기(1~3월) 연 3.623%에서 2분기 연 3.563%, 3분기 연 3.543%, 4분기 연 3.302% 등으로 점차 낮아졌다."
A0024-C013,A0024-C013-m4,대출 이자율,재정·조세,-,3.302,%,%,rate,,,수준값,감소,이전값,KOSIS_VALUE,2024Q4,2025-01-02,Q,전분기,,2,176,,ALTERNATE,NOT_TOP_TABLE,후순위 통계표 후보,대출,lexical,176.0,Y,,,,101,DT_1PB_1008,개인사업자의 대출잔액별 대출,2012008,일자리행정통계 > 개인사업자 부채편 > 대출,개인사업자 대출:전체[11]/item=N/score=18 | 개인사업자 대출:전체[21]/item=N/score=18 | 개인사업자 대출:가계(대출용도별)[12]/item=N/score=12 | 개인사업자 대출:비은행(금융기관별)[15]/item=N/score=12 | 개인사업자 대출:사업자(대출용도별)[13]/item=N/score=12 | 개인사업자 대출:은행(금융기관별)[14]/item=N/score=12 | 개인사업자 대출:중위대출[20]/item=N/score=12 | 개인사업자 대출:평균대출[10]/item=N/score=12,,,,,A,개인사업자 대출,11,전체,17,itm/obj 후보 선택,,,"다만 대출 이자율은 시중 금리 하락세에 따라 지난해 1분기(1~3월) 연 3.623%에서 2분기 연 3.563%, 3분기 연 3.543%, 4분기 연 3.302% 등으로 점차 낮아졌다."
A0024-C013,A0024-C013-m4,대출 이자율,재정·조세,-,3.302,%,%,rate,,,수준값,감소,이전값,KOSIS_VALUE,2024Q4,2025-01-02,Q,전분기,,3,176,,ALTERNATE,NOT_TOP_TABLE,후순위 통계표 후보,대출,lexical,176.0,Y,,,,101,DT_1PB_1005,개인사업자의 매출액별 대출,2012008,일자리행정통계 > 개인사업자 부채편 > 대출,meta_index 없음 또는 코드명 매칭 없음,,,,,,,,,,meta 없음,,,"다만 대출 이자율은 시중 금리 하락세에 따라 지난해 1분기(1~3월) 연 3.623%에서 2분기 연 3.563%, 3분기 연 3.543%, 4분기 연 3.302% 등으로 점차 낮아졌다."
A0024-C013,A0024-C013-m4,대출 이자율,재정·조세,-,3.302,%,%,rate,,,수준값,감소,이전값,KOSIS_VALUE,2024Q4,2025-01-02,Q,전분기,,4,176,,ALTERNATE,NOT_TOP_TABLE,후순위 통계표 후보,대출,lexical,176.0,Y,,,,101,DT_1PB_1006,개인사업자의 사업기간별 대출,2012008,일자리행정통계 > 개인사업자 부채편 > 대출,meta_index 없음 또는 코드명 매칭 없음,,,,,,,,,,meta 없음,,,"다만 대출 이자율은 시중 금리 하락세에 따라 지난해 1분기(1~3월) 연 3.623%에서 2분기 연 3.563%, 3분기 연 3.543%, 4분기 연 3.302% 등으로 점차 낮아졌다."
A0024-C013,A0024-C013-m4,대출 이자율,재정·조세,-,3.302,%,%,rate,,,수준값,감소,이전값,KOSIS_VALUE,2024Q4,2025-01-02,Q,전분기,,5,176,,ALTERNATE,NOT_TOP_TABLE,후순위 통계표 후보,대출,lexical,176.0,Y,,,,101,DT_1PB_1004,개인사업자의 산업분류별 대출,2012008,일자리행정통계 > 개인사업자 부채편 > 대출,meta_index 없음 또는 코드명 매칭 없음,,,,,,,,,,meta 없음,,,"다만 대출 이자율은 시중 금리 하락세에 따라 지난해 1분기(1~3월) 연 3.623%에서 2분기 연 3.563%, 3분기 연 3.543%, 4분기 연 3.302% 등으로 점차 낮아졌다."
A0029-C004,A0029-C004-m1,완성차 판매량,소매·소비,자동차,7947170,대,대,count,,,수준값,-,현재값,KOSIS_VALUE,2024,2025-01-03,Y,전년,,1,352,352,REJECT,NO_COMPATIBLE_ITEM,단위·지표 의미가 맞는 ITEM 없음,"자동차,차량,서비스",lexical,352.0,Y,,,,164,DT_164004_2024152,"범죄 예방, 안전, 공익 등 서비스·앱 이용 상황별 수용 정도_도로교통 안전 및 차량 흐름의 신속성을 위해 자동차의 운행정보를 제공하는 것",2022035,지능정보사회이용자패널조사 > 2024년 > 지능정보화 시대 이용자보호,구분별:전체[001]/item=N/score=2,,,,,A,구분별,001,전체,7,itm/obj 후보 선택,,,"국내 완성차 5사(현대차, 기아, GM 한국사업장, KG모빌리티, 르노코리아)는 작년 794만7170대를 국내외에 판매했다고 3일 밝혔다."
A0029-C004,A0029-C004-m1,완성차 판매량,소매·소비,자동차,7947170,대,대,count,,,수준값,-,현재값,KOSIS_VALUE,2024,2025-01-03,Y,전년,,2,352,,ALTERNATE,NOT_TOP_TABLE,후순위 통계표 후보,"자동차,차량,서비스",lexical,352.0,Y,,,,164,DT_164004_2023155,"범죄 예방, 안전, 공익 등 서비스·앱 이용 상황별 수용 정도_도로교통 안전 및 차량 흐름의 신속성을 위해 자동차의 운행정보를 제공하는 것",2022035,지능정보사회이용자패널조사 > 2023년 > 지능정보화 시대 이용자보호,구분별:전체[001]/item=N/score=2,,,,,A,구분별,001,전체,7,itm/obj 후보 선택,,,"국내 완성차 5사(현대차, 기아, GM 한국사업장, KG모빌리티, 르노코리아)는 작년 794만7170대를 국내외에 판매했다고 3일 밝혔다."
A0029-C004,A0029-C004-m1,완성차 판매량,소매·소비,자동차,7947170,대,대,count,,,수준값,-,현재값,KOSIS_VALUE,2024,2025-01-03,Y,전년,,3,334,,ALTERNATE,NOT_TOP_TABLE,후순위 통계표 후보,"자동차,서비스",lexical,334.0,Y,,,,164,DT_164004_2024050,지능정보 서비스 상용화_무인 자율주행자동차로 목적지까지 이동한다,2022035,지능정보사회이용자패널조사 > 2024년 > 지능정보기술·서비스의 이용 현황 및 지능정보화 환경 평가,meta_index 없음 또는 코드명 매칭 없음,,,,,,,,,,meta 없음,,,"국내 완성차 5사(현대차, 기아, GM 한국사업장, KG모빌리티, 르노코리아)는 작년 794만7170대를 국내외에 판매했다고 3일 밝혔다."
A0029-C004,A0029-C004-m1,완성차 판매량,소매·소비,자동차,7947170,대,대,count,,,수준값,-,현재값,KOSIS_VALUE,2024,2025-01-03,Y,전년,,4,334,,ALTERNATE,NOT_TOP_TABLE,후순위 통계표 후보,"자동차,서비스",lexical,334.0,Y,,,,164,DT_164004_2023050,지능정보 서비스 상용화_무인 자율주행자동차로 목적지까지 이동한다,2022035,지능정보사회이용자패널조사 > 2023년 > 지능정보기술·서비스의 이용 현황 및 지능정보화 환경 평가,meta_index 없음 또는 코드명 매칭 없음,,,,,,,,,,meta 없음,,,"국내 완성차 5사(현대차, 기아, GM 한국사업장, KG모빌리티, 르노코리아)는 작년 794만7170대를 국내외에 판매했다고 3일 밝혔다."
A0029-C004,A0029-C004-m1,완성차 판매량,소매·소비,자동차,7947170,대,대,count,,,수준값,-,현재값,KOSIS_VALUE,2024,2025-01-03,Y,전년,,5,44,,ALTERNATE,NOT_TOP_TABLE,후순위 통계표 후보,"자동차,소매,판매",lexical,44.0,Y,,,,101,DT_2KI2048,"[자동차판매,소매,음식주점]산업세세분류별 배달(택배) 판매여부 현황",2010012,경제총조사 > 등록기반 > 10차 개정 > 2020년 > 특성편 > 기타(광업 및 제조업 이외),meta_index 없음 또는 코드명 매칭 없음,,,,,,,,,,meta 없음,,,"국내 완성차 5사(현대차, 기아, GM 한국사업장, KG모빌리티, 르노코리아)는 작년 794만7170대를 국내외에 판매했다고 3일 밝혔다."
A0029-C009,A0029-C009-m1,완성차 해외 판매량 증감률,소매·소비,완성차,0.5,%,%,rate,,,증감률,감소,증감률,KOSIS_VALUE,2024,2025-01-03,Y,전년동기,,1,182,182,REJECT,NO_COMPATIBLE_ITEM,단위·지표 의미가 맞는 ITEM 없음,"해외,서비스",lexical,182.0,Y,,,,430,DT_430001_04_002,전시 서비스 사업자의 해외 협력 사업 진행 여부,2016059,전시산업통계조사 > 전시 서비스 사업자 현황,항목:전시 서비스 사업자의 해외 협력 사업 진행 여부[T01]/item=Y/score=18,,,,,JGH,특성별,01,전체,7,itm/obj 후보 선택,,,"해외 판매가 0.5% 줄었고, 국내 판매가 7.5% 급감했다."
A0029-C009,A0029-C009-m1,완성차 해외 판매량 증감률,소매·소비,완성차,0.5,%,%,rate,,,증감률,감소,증감률,KOSIS_VALUE,2024,2025-01-03,Y,전년동기,,2,182,,ALTERNATE,NOT_TOP_TABLE,후순위 통계표 후보,"해외,서비스",lexical,182.0,Y,,,,430,DT_430001_04_002_001,전시 서비스 사업자의 해외 협력 사업 진행 형태,2016059,전시산업통계조사 > 전시 서비스 사업자 현황,사업진행형태별:해외 서비스사업자와의 합작투자[T003]/item=N/score=18 | 사업진행형태별:해외 서비스사업자의 단독 투자[T002]/item=N/score=18 | 항목:전시 서비스 사업자의 해외 협력 사업 진행 형태[T01]/item=Y/score=18 | 사업진행형태별:경영서비스 계약[T005]/item=N/score=6,,,,,B01,사업진행형태별,T003,해외 서비스사업자와의 합작투자,12,itm/obj 후보 선택,,,"해외 판매가 0.5% 줄었고, 국내 판매가 7.5% 급감했다."
A0029-C009,A0029-C009-m1,완성차 해외 판매량 증감률,소매·소비,완성차,0.5,%,%,rate,,,증감률,감소,증감률,KOSIS_VALUE,2024,2025-01-03,Y,전년동기,,3,168,,ALTERNATE,NOT_TOP_TABLE,후순위 통계표 후보,"서비스,국내,해외",lexical,168.0,Y,,,,127,DT_127017_A075,국내 블록체인 활성화를 위해 필요한 정부지원 - 서비스 관련 규제 개선 및 완화,2020024,블록체인산업실태조사 > 해외진출 및 정부정책 부문,항목:국내 블록체인 활성화를 위해 필요한 정부지원 - 서비스 관련 규제 개선 및 완화[T001]/item=Y/score=8 | 특성별:블록체인 기반  정보서비스업[A505]/item=N/score=6 | 특성별:블록체인 기반  프로그래밍 시스템  통합 및 관리 서비스업[A504]/item=N/score=6 | 특성별:블록체인 컨설팅 및 교육 서비스업[A507]/item=N/score=6,,,,,GUBUN,특성별,A10,전체,7,itm/obj 후보 선택,,,"해외 판매가 0.5% 줄었고, 국내 판매가 7.5% 급감했다."
A0029-C009,A0029-C009-m1,완성차 해외 판매량 증감률,소매·소비,완성차,0.5,%,%,rate,,,증감률,감소,증감률,KOSIS_VALUE,2024,2025-01-03,Y,전년동기,,4,164,,ALTERNATE,NOT_TOP_TABLE,후순위 통계표 후보,"서비스,해외",lexical,164.0,Y,,,,142,DT_V25_A048,주력제품 및 서비스 개수,1999037,"벤처기업정밀실태조사 > 2024년 > 마케팅, 해외 수출 현황",meta_index 없음 또는 코드명 매칭 없음,,,,,,,,,,meta 없음,,,"해외 판매가 0.5% 줄었고, 국내 판매가 7.5% 급감했다."
A0029-C009,A0029-C009-m1,완성차 해외 판매량 증감률,소매·소비,완성차,0.5,%,%,rate,,,증감률,감소,증감률,KOSIS_VALUE,2024,2025-01-03,Y,전년동기,,5,164,,ALTERNATE,NOT_TOP_TABLE,후순위 통계표 후보,"서비스,해외",lexical,164.0,Y,,,,142,DT_V24_G001,주력제품 및 서비스 개수,1999037,"벤처기업정밀실태조사 > 2023년 > 마케팅, 해외 진출 현황",meta_index 없음 또는 코드명 매칭 없음,,,,,,,,,,meta 없음,,,"해외 판매가 0.5% 줄었고, 국내 판매가 7.5% 급감했다."
A0029-C009,A0029-C009-m2,완성차 국내 판매량 증감률,소매·소비,완성차,7.5,%,%,rate,,,증감률,감소,증감률,KOSIS_VALUE,2024,2025-01-03,Y,전년동기,,1,182,178,REVIEW,AMBIGUOUS_TABLE,"1·2위 점수 차이 부족: margin=4, required=18","국내,서비스",lexical,182.0,Y,,,,468,DT_468001_B028,아동복지 정책 및 서비스 경험 여부_국내입양 사후서비스,2023022,지원·보호아동및자립준비청년패널조사 > 양육자 > 서비스 경험,meta_index 없음 또는 코드명 매칭 없음,T001,비율,,30,A,특성별,A01,전체,7,itm/obj 후보 선택,direct,,"해외 판매가 0.5% 줄었고, 국내 판매가 7.5% 급감했다."
A0029-C009,A0029-C009-m2,완성차 국내 판매량 증감률,소매·소비,완성차,7.5,%,%,rate,,,증감률,감소,증감률,KOSIS_VALUE,2024,2025-01-03,Y,전년동기,,2,178,,ALTERNATE,NOT_TOP_TABLE,후순위 통계표 후보,"국내,서비스,해외",lexical,178.0,Y,,,,127,DT_127017_A075,국내 블록체인 활성화를 위해 필요한 정부지원 - 서비스 관련 규제 개선 및 완화,2020024,블록체인산업실태조사 > 해외진출 및 정부정책 부문,항목:국내 블록체인 활성화를 위해 필요한 정부지원 - 서비스 관련 규제 개선 및 완화[T001]/item=Y/score=18 | 특성별:블록체인 기반  정보서비스업[A505]/item=N/score=6 | 특성별:블록체인 기반  프로그래밍 시스템  통합 및 관리 서비스업[A504]/item=N/score=6 | 특성별:블록체인 컨설팅 및 교육 서비스업[A507]/item=N/score=6,,,,,GUBUN,특성별,A10,전체,7,itm/obj 후보 선택,,,"해외 판매가 0.5% 줄었고, 국내 판매가 7.5% 급감했다."
A0029-C009,A0029-C009-m2,완성차 국내 판매량 증감률,소매·소비,완성차,7.5,%,%,rate,,,증감률,감소,증감률,KOSIS_VALUE,2024,2025-01-03,Y,전년동기,,3,176,,ALTERNATE,NOT_TOP_TABLE,후순위 통계표 후보,"국내,서비스",lexical,176.0,Y,,,,329,DT_329004_013,국내 기술·서비스 수준,2018058,전자문서산업실태조사,meta_index 없음 또는 코드명 매칭 없음,,,,,,,,,,meta 없음,,,"해외 판매가 0.5% 줄었고, 국내 판매가 7.5% 급감했다."
A0029-C009,A0029-C009-m2,완성차 국내 판매량 증감률,소매·소비,완성차,7.5,%,%,rate,,,증감률,감소,증감률,KOSIS_VALUE,2024,2025-01-03,Y,전년동기,,4,176,,ALTERNATE,NOT_TOP_TABLE,후순위 통계표 후보,"국내,서비스",lexical,176.0,Y,,,,468,DT_468001_B051,아동정책 만족여부_국내입양 사후 서비스,2023022,지원·보호아동및자립준비청년패널조사 > 양육자 > 아동정책 만족 여부,meta_index 없음 또는 코드명 매칭 없음,,,,,,,,,,meta 없음,,,"해외 판매가 0.5% 줄었고, 국내 판매가 7.5% 급감했다."
A0029-C009,A0029-C009-m2,완성차 국내 판매량 증감률,소매·소비,완성차,7.5,%,%,rate,,,증감률,감소,증감률,KOSIS_VALUE,2024,2025-01-03,Y,전년동기,,5,176,,ALTERNATE,NOT_TOP_TABLE,후순위 통계표 후보,"국내,서비스",lexical,176.0,Y,,,,358,DT_358004_006,"의료기기 부문 국내 매출액 대비 유지보수 부품 및 서비스, 수입상품 매출액",2021024,바이오헬스산업실태조사,meta_index 없음 또는 코드명 매칭 없음,,,,,,,,,,meta 없음,,,"해외 판매가 0.5% 줄었고, 국내 판매가 7.5% 급감했다."
A0029-C010,A0029-C010-m2,전기차 판매량,소매·소비,자동차,27.7,%,%,rate,,,증감률,감소,증감률,KOSIS_VALUE,2024,2025-01-03,Y,전년,,1,352,352,REVIEW,CODESET_REQUIRED,자동차 집계용 OBJ 코드셋이 필요함,"자동차,차량,서비스",lexical,352.0,Y,,,,164,DT_164004_2024152,"범죄 예방, 안전, 공익 등 서비스·앱 이용 상황별 수용 정도_도로교통 안전 및 차량 흐름의 신속성을 위해 자동차의 운행정보를 제공하는 것",2022035,지능정보사회이용자패널조사 > 2024년 > 지능정보화 시대 이용자보호,meta_index 없음 또는 코드명 매칭 없음,T006,매우 받아들일 수 있다,%,30,A,구분별,001,전체,7,itm/obj 후보 선택,direct,,작년 국내에서 현대차의 전기차 판매량은 1년 전보다 27.7%나 줄었다.
A0029-C010,A0029-C010-m2,전기차 판매량,소매·소비,자동차,27.7,%,%,rate,,,증감률,감소,증감률,KOSIS_VALUE,2024,2025-01-03,Y,전년,,2,352,,ALTERNATE,NOT_TOP_TABLE,후순위 통계표 후보,"자동차,차량,서비스",lexical,352.0,Y,,,,164,DT_164004_2023155,"범죄 예방, 안전, 공익 등 서비스·앱 이용 상황별 수용 정도_도로교통 안전 및 차량 흐름의 신속성을 위해 자동차의 운행정보를 제공하는 것",2022035,지능정보사회이용자패널조사 > 2023년 > 지능정보화 시대 이용자보호,meta_index 없음 또는 코드명 매칭 없음,T003,받아들일 수 없다,%,30,A,구분별,001,전체,7,itm/obj 후보 선택,direct,,작년 국내에서 현대차의 전기차 판매량은 1년 전보다 27.7%나 줄었다.
A0029-C010,A0029-C010-m2,전기차 판매량,소매·소비,자동차,27.7,%,%,rate,,,증감률,감소,증감률,KOSIS_VALUE,2024,2025-01-03,Y,전년,,3,334,,ALTERNATE,NOT_TOP_TABLE,후순위 통계표 후보,"자동차,서비스",lexical,334.0,Y,,,,164,DT_164004_2024050,지능정보 서비스 상용화_무인 자율주행자동차로 목적지까지 이동한다,2022035,지능정보사회이용자패널조사 > 2024년 > 지능정보기술·서비스의 이용 현황 및 지능정보화 환경 평가,meta_index 없음 또는 코드명 매칭 없음,,,,,,,,,,meta 없음,,,작년 국내에서 현대차의 전기차 판매량은 1년 전보다 27.7%나 줄었다.
A0029-C010,A0029-C010-m2,전기차 판매량,소매·소비,자동차,27.7,%,%,rate,,,증감률,감소,증감률,KOSIS_VALUE,2024,2025-01-03,Y,전년,,4,334,,ALTERNATE,NOT_TOP_TABLE,후순위 통계표 후보,"자동차,서비스",lexical,334.0,Y,,,,164,DT_164004_2023050,지능정보 서비스 상용화_무인 자율주행자동차로 목적지까지 이동한다,2022035,지능정보사회이용자패널조사 > 2023년 > 지능정보기술·서비스의 이용 현황 및 지능정보화 환경 평가,meta_index 없음 또는 코드명 매칭 없음,,,,,,,,,,meta 없음,,,작년 국내에서 현대차의 전기차 판매량은 1년 전보다 27.7%나 줄었다.
A0029-C010,A0029-C010-m2,전기차 판매량,소매·소비,자동차,27.7,%,%,rate,,,증감률,감소,증감률,KOSIS_VALUE,2024,2025-01-03,Y,전년,,5,44,,ALTERNATE,NOT_TOP_TABLE,후순위 통계표 후보,"자동차,소매,판매",lexical,44.0,Y,,,,101,DT_2KI2048,"[자동차판매,소매,음식주점]산업세세분류별 배달(택배) 판매여부 현황",2010012,경제총조사 > 등록기반 > 10차 개정 > 2020년 > 특성편 > 기타(광업 및 제조업 이외),meta_index 없음 또는 코드명 매칭 없음,,,,,,,,,,meta 없음,,,작년 국내에서 현대차의 전기차 판매량은 1년 전보다 27.7%나 줄었다.
A0029-C011,A0029-C011-m1,자동차 판매량,소매·소비,완성차,9457,대,대,count,,,수준값,-,현재값,KOSIS_VALUE,2024,2025-01-03,Y,전년,,1,357,352,REJECT,NO_COMPATIBLE_ITEM,단위·지표 의미가 맞는 ITEM 없음,"자동차,차량,서비스,2023년",lexical,357.0,Y,,,,164,DT_164004_2023155,"범죄 예방, 안전, 공익 등 서비스·앱 이용 상황별 수용 정도_도로교통 안전 및 차량 흐름의 신속성을 위해 자동차의 운행정보를 제공하는 것",2022035,지능정보사회이용자패널조사 > 2023년 > 지능정보화 시대 이용자보호,meta_index 없음 또는 코드명 매칭 없음,,,,,A,구분별,001,전체,7,itm/obj 후보 선택,,,기아는 작년 국내외에서 308만 9457대를 팔아 최고 판매 실적을 올린 2023년(308만7384대) 기록을 소폭 웃돌았다.
A0029-C011,A0029-C011-m1,자동차 판매량,소매·소비,완성차,9457,대,대,count,,,수준값,-,현재값,KOSIS_VALUE,2024,2025-01-03,Y,전년,,2,352,,ALTERNATE,NOT_TOP_TABLE,후순위 통계표 후보,"자동차,차량,서비스",lexical,352.0,Y,,,,164,DT_164004_2024152,"범죄 예방, 안전, 공익 등 서비스·앱 이용 상황별 수용 정도_도로교통 안전 및 차량 흐름의 신속성을 위해 자동차의 운행정보를 제공하는 것",2022035,지능정보사회이용자패널조사 > 2024년 > 지능정보화 시대 이용자보호,meta_index 없음 또는 코드명 매칭 없음,,,,,A,구분별,001,전체,7,itm/obj 후보 선택,,,기아는 작년 국내외에서 308만 9457대를 팔아 최고 판매 실적을 올린 2023년(308만7384대) 기록을 소폭 웃돌았다.
A0029-C011,A0029-C011-m1,자동차 판매량,소매·소비,완성차,9457,대,대,count,,,수준값,-,현재값,KOSIS_VALUE,2024,2025-01-03,Y,전년,,3,339,,ALTERNATE,NOT_TOP_TABLE,후순위 통계표 후보,"자동차,서비스,2023년",lexical,339.0,Y,,,,164,DT_164004_2023050,지능정보 서비스 상용화_무인 자율주행자동차로 목적지까지 이동한다,2022035,지능정보사회이용자패널조사 > 2023년 > 지능정보기술·서비스의 이용 현황 및 지능정보화 환경 평가,meta_index 없음 또는 코드명 매칭 없음,,,,,,,,,,meta 없음,,,기아는 작년 국내외에서 308만 9457대를 팔아 최고 판매 실적을 올린 2023년(308만7384대) 기록을 소폭 웃돌았다.
A0029-C011,A0029-C011-m1,자동차 판매량,소매·소비,완성차,9457,대,대,count,,,수준값,-,현재값,KOSIS_VALUE,2024,2025-01-03,Y,전년,,4,334,,ALTERNATE,NOT_TOP_TABLE,후순위 통계표 후보,"자동차,서비스",lexical,334.0,Y,,,,164,DT_164004_2024050,지능정보 서비스 상용화_무인 자율주행자동차로 목적지까지 이동한다,2022035,지능정보사회이용자패널조사 > 2024년 > 지능정보기술·서비스의 이용 현황 및 지능정보화 환경 평가,meta_index 없음 또는 코드명 매칭 없음,,,,,,,,,,meta 없음,,,기아는 작년 국내외에서 308만 9457대를 팔아 최고 판매 실적을 올린 2023년(308만7384대) 기록을 소폭 웃돌았다.
A0029-C011,A0029-C011-m1,자동차 판매량,소매·소비,완성차,9457,대,대,count,,,수준값,-,현재값,KOSIS_VALUE,2024,2025-01-03,Y,전년,,5,48,,ALTERNATE,NOT_TOP_TABLE,후순위 통계표 후보,"자동차,소매,판매",lexical,48.0,Y,,,,101,DT_2KI2048,"[자동차판매,소매,음식주점]산업세세분류별 배달(택배) 판매여부 현황",2010012,경제총조사 > 등록기반 > 10차 개정 > 2020년 > 특성편 > 기타(광업 및 제조업 이외),meta_index 없음 또는 코드명 매칭 없음,,,,,,,,,,meta 없음,,,기아는 작년 국내외에서 308만 9457대를 팔아 최고 판매 실적을 올린 2023년(308만7384대) 기록을 소폭 웃돌았다.
A0029-C011,A0029-C011-m2,자동차 판매량,소매·소비,완성차,3087384,대,대,count,,,수준값,-,이전값,KOSIS_VALUE,2023,2025-01-03,Y,전년,,1,357,352,REJECT,NO_COMPATIBLE_ITEM,단위·지표 의미가 맞는 ITEM 없음,"자동차,차량,서비스,2023년",lexical,357.0,Y,,,,164,DT_164004_2023155,"범죄 예방, 안전, 공익 등 서비스·앱 이용 상황별 수용 정도_도로교통 안전 및 차량 흐름의 신속성을 위해 자동차의 운행정보를 제공하는 것",2022035,지능정보사회이용자패널조사 > 2023년 > 지능정보화 시대 이용자보호,meta_index 없음 또는 코드명 매칭 없음,,,,,A,구분별,001,전체,7,itm/obj 후보 선택,,,기아는 작년 국내외에서 308만 9457대를 팔아 최고 판매 실적을 올린 2023년(308만7384대) 기록을 소폭 웃돌았다.
A0029-C011,A0029-C011-m2,자동차 판매량,소매·소비,완성차,3087384,대,대,count,,,수준값,-,이전값,KOSIS_VALUE,2023,2025-01-03,Y,전년,,2,352,,ALTERNATE,NOT_TOP_TABLE,후순위 통계표 후보,"자동차,차량,서비스",lexical,352.0,Y,,,,164,DT_164004_2024152,"범죄 예방, 안전, 공익 등 서비스·앱 이용 상황별 수용 정도_도로교통 안전 및 차량 흐름의 신속성을 위해 자동차의 운행정보를 제공하는 것",2022035,지능정보사회이용자패널조사 > 2024년 > 지능정보화 시대 이용자보호,meta_index 없음 또는 코드명 매칭 없음,,,,,A,구분별,001,전체,7,itm/obj 후보 선택,,,기아는 작년 국내외에서 308만 9457대를 팔아 최고 판매 실적을 올린 2023년(308만7384대) 기록을 소폭 웃돌았다.
A0029-C011,A0029-C011-m2,자동차 판매량,소매·소비,완성차,3087384,대,대,count,,,수준값,-,이전값,KOSIS_VALUE,2023,2025-01-03,Y,전년,,3,339,,ALTERNATE,NOT_TOP_TABLE,후순위 통계표 후보,"자동차,서비스,2023년",lexical,339.0,Y,,,,164,DT_164004_2023050,지능정보 서비스 상용화_무인 자율주행자동차로 목적지까지 이동한다,2022035,지능정보사회이용자패널조사 > 2023년 > 지능정보기술·서비스의 이용 현황 및 지능정보화 환경 평가,meta_index 없음 또는 코드명 매칭 없음,,,,,,,,,,meta 없음,,,기아는 작년 국내외에서 308만 9457대를 팔아 최고 판매 실적을 올린 2023년(308만7384대) 기록을 소폭 웃돌았다.
A0029-C011,A0029-C011-m2,자동차 판매량,소매·소비,완성차,3087384,대,대,count,,,수준값,-,이전값,KOSIS_VALUE,2023,2025-01-03,Y,전년,,4,334,,ALTERNATE,NOT_TOP_TABLE,후순위 통계표 후보,"자동차,서비스",lexical,334.0,Y,,,,164,DT_164004_2024050,지능정보 서비스 상용화_무인 자율주행자동차로 목적지까지 이동한다,2022035,지능정보사회이용자패널조사 > 2024년 > 지능정보기술·서비스의 이용 현황 및 지능정보화 환경 평가,meta_index 없음 또는 코드명 매칭 없음,,,,,,,,,,meta 없음,,,기아는 작년 국내외에서 308만 9457대를 팔아 최고 판매 실적을 올린 2023년(308만7384대) 기록을 소폭 웃돌았다.
A0029-C011,A0029-C011-m2,자동차 판매량,소매·소비,완성차,3087384,대,대,count,,,수준값,-,이전값,KOSIS_VALUE,2023,2025-01-03,Y,전년,,5,48,,ALTERNATE,NOT_TOP_TABLE,후순위 통계표 후보,"자동차,소매,판매",lexical,48.0,Y,,,,101,DT_2KI2048,"[자동차판매,소매,음식주점]산업세세분류별 배달(택배) 판매여부 현황",2010012,경제총조사 > 등록기반 > 10차 개정 > 2020년 > 특성편 > 기타(광업 및 제조업 이외),meta_index 없음 또는 코드명 매칭 없음,,,,,,,,,,meta 없음,,,기아는 작년 국내외에서 308만 9457대를 팔아 최고 판매 실적을 올린 2023년(308만7384대) 기록을 소폭 웃돌았다.
A0029-C015,A0029-C015-m1,GM 한국사업장 해외 판매량 증감률,무역,GM 한국사업장,10.6,%,%,rate,,,증감률,증가,증감률,KOSIS_VALUE,2023,2025-01-03,Y,전년,,1,226,226,REVIEW,AMBIGUOUS_TABLE,"1·2위 점수 차이 부족: margin=0, required=22","해외,자동차,수출",lexical,226.0,Y,,,,463,DT_FS463001_A055,자동차튜닝 관련 매출액 중 해외수출액 비중,2022033,자동차튜닝산업실태조사,구분:자동차튜닝 기술 및 훈련 교육기업[01005]/item=N/score=18 | 구분:자동차튜닝 부품 및 내장품 등 판매업[01004]/item=N/score=18 | 구분:자동차튜닝 서비스 제공업[01003]/item=N/score=18 | 구분:자동차튜닝용 부품 제조업[01002]/item=N/score=18 | 구분:튜닝자동차 제조업[01001]/item=N/score=18 | 구분:전체[00]/item=N/score=12 | 구분:10~19인[02003]/item=N/score=2 | 항목:10% 미만[T003]/item=Y/score=2,T003,10% 미만,%,30,TUN,구분,00,전체,17,itm/obj 후보 선택,direct,,지난해 GM 한국사업장은 해외에 2023년 대비 10.6% 증가한 47만 4735대를 판매했다.
A0029-C015,A0029-C015-m1,GM 한국사업장 해외 판매량 증감률,무역,GM 한국사업장,10.6,%,%,rate,,,증감률,증가,증감률,KOSIS_VALUE,2023,2025-01-03,Y,전년,,2,226,,ALTERNATE,NOT_TOP_TABLE,후순위 통계표 후보,"해외,자동차,수출",lexical,226.0,Y,,,,463,DT_FS463001_A056,자동차튜닝 관련 해외수출액,2022033,자동차튜닝산업실태조사,구분:자동차튜닝 기술 및 훈련 교육기업[01005]/item=N/score=18 | 구분:자동차튜닝 부품 및 내장품 등 판매업[01004]/item=N/score=18 | 구분:자동차튜닝 서비스 제공업[01003]/item=N/score=18 | 구분:자동차튜닝용 부품 제조업[01002]/item=N/score=18 | 구분:튜닝자동차 제조업[01001]/item=N/score=18 | 구분:전체[00]/item=N/score=12 | 구분:10~19인[02003]/item=N/score=2 | 항목:10억~30억 미만[T006]/item=Y/score=2,T006,10억~30억 미만,%,30,TUN,구분,00,전체,17,itm/obj 후보 선택,direct,,지난해 GM 한국사업장은 해외에 2023년 대비 10.6% 증가한 47만 4735대를 판매했다.
A0029-C015,A0029-C015-m1,GM 한국사업장 해외 판매량 증감률,무역,GM 한국사업장,10.6,%,%,rate,,,증감률,증가,증감률,KOSIS_VALUE,2023,2025-01-03,Y,전년,,3,184,,ALTERNATE,NOT_TOP_TABLE,후순위 통계표 후보,"해외,국가별,수출",lexical,184.0,Y,,,,115,DT_115028_2021_A903,"해외 수출 품목, 국가별 수출액 규모",2008059,이러닝산업실태조사 > 이러닝 공급시장 현황,meta_index 없음 또는 코드명 매칭 없음,,,,,,,,,,meta 없음,,,지난해 GM 한국사업장은 해외에 2023년 대비 10.6% 증가한 47만 4735대를 판매했다.
A0029-C015,A0029-C015-m1,GM 한국사업장 해외 판매량 증감률,무역,GM 한국사업장,10.6,%,%,rate,,,증감률,증가,증감률,KOSIS_VALUE,2023,2025-01-03,Y,전년,,4,180,,ALTERNATE,NOT_TOP_TABLE,후순위 통계표 후보,"해외,수출",lexical,180.0,Y,,,,467,DT_467002_A022,해외 비즈니스를 위해 가장 필요한 사항 (1+2+3순위),2025016,웹툰산업실태조사 > 웹툰 해외 수출입 현황,meta_index 없음 또는 코드명 매칭 없음,,,,,,,,,,meta 없음,,,지난해 GM 한국사업장은 해외에 2023년 대비 10.6% 증가한 47만 4735대를 판매했다.
A0029-C015,A0029-C015-m1,GM 한국사업장 해외 판매량 증감률,무역,GM 한국사업장,10.6,%,%,rate,,,증감률,증가,증감률,KOSIS_VALUE,2023,2025-01-03,Y,전년,,5,180,,ALTERNATE,NOT_TOP_TABLE,후순위 통계표 후보,"해외,수출",lexical,180.0,Y,,,,467,DT_467002_A021,해외 비즈니스를 위해 가장 필요한 사항 (1순위),2025016,웹툰산업실태조사 > 웹툰 해외 수출입 현황,meta_index 없음 또는 코드명 매칭 없음,,,,,,,,,,meta 없음,,,지난해 GM 한국사업장은 해외에 2023년 대비 10.6% 증가한 47만 4735대를 판매했다.
A0029-C015,A0029-C015-m2,GM 한국사업장 해외 판매량,무역,GM 한국사업장,4735,대,대,count,,,수준값,증가,현재값,KOSIS_VALUE,2023,2025-01-03,Y,전년,,1,226,226,REVIEW,AMBIGUOUS_TABLE,"1·2위 점수 차이 부족: margin=0, required=22","해외,자동차,수출",lexical,226.0,Y,,,,463,DT_FS463001_A055,자동차튜닝 관련 매출액 중 해외수출액 비중,2022033,자동차튜닝산업실태조사,구분:자동차튜닝 기술 및 훈련 교육기업[01005]/item=N/score=18 | 구분:자동차튜닝 부품 및 내장품 등 판매업[01004]/item=N/score=18 | 구분:자동차튜닝 서비스 제공업[01003]/item=N/score=18 | 구분:자동차튜닝용 부품 제조업[01002]/item=N/score=18 | 구분:튜닝자동차 제조업[01001]/item=N/score=18 | 구분:전체[00]/item=N/score=12 | 구분:10~19인[02003]/item=N/score=2 | 항목:10% 미만[T003]/item=Y/score=2,T001,사례수,개,30,TUN,구분,00,전체,17,itm/obj 후보 선택,direct,,지난해 GM 한국사업장은 해외에 2023년 대비 10.6% 증가한 47만 4735대를 판매했다.
A0029-C015,A0029-C015-m2,GM 한국사업장 해외 판매량,무역,GM 한국사업장,4735,대,대,count,,,수준값,증가,현재값,KOSIS_VALUE,2023,2025-01-03,Y,전년,,2,226,,ALTERNATE,NOT_TOP_TABLE,후순위 통계표 후보,"해외,자동차,수출",lexical,226.0,Y,,,,463,DT_FS463001_A056,자동차튜닝 관련 해외수출액,2022033,자동차튜닝산업실태조사,구분:자동차튜닝 기술 및 훈련 교육기업[01005]/item=N/score=18 | 구분:자동차튜닝 부품 및 내장품 등 판매업[01004]/item=N/score=18 | 구분:자동차튜닝 서비스 제공업[01003]/item=N/score=18 | 구분:자동차튜닝용 부품 제조업[01002]/item=N/score=18 | 구분:튜닝자동차 제조업[01001]/item=N/score=18 | 구분:전체[00]/item=N/score=12 | 구분:10~19인[02003]/item=N/score=2 | 항목:10억~30억 미만[T006]/item=Y/score=2,T001,사례수,개,30,TUN,구분,00,전체,17,itm/obj 후보 선택,direct,,지난해 GM 한국사업장은 해외에 2023년 대비 10.6% 증가한 47만 4735대를 판매했다.
A0029-C015,A0029-C015-m2,GM 한국사업장 해외 판매량,무역,GM 한국사업장,4735,대,대,count,,,수준값,증가,현재값,KOSIS_VALUE,2023,2025-01-03,Y,전년,,3,184,,ALTERNATE,NOT_TOP_TABLE,후순위 통계표 후보,"해외,국가별,수출",lexical,184.0,Y,,,,115,DT_115028_2021_A903,"해외 수출 품목, 국가별 수출액 규모",2008059,이러닝산업실태조사 > 이러닝 공급시장 현황,meta_index 없음 또는 코드명 매칭 없음,,,,,,,,,,meta 없음,,,지난해 GM 한국사업장은 해외에 2023년 대비 10.6% 증가한 47만 4735대를 판매했다.
A0029-C015,A0029-C015-m2,GM 한국사업장 해외 판매량,무역,GM 한국사업장,4735,대,대,count,,,수준값,증가,현재값,KOSIS_VALUE,2023,2025-01-03,Y,전년,,4,180,,ALTERNATE,NOT_TOP_TABLE,후순위 통계표 후보,"해외,수출",lexical,180.0,Y,,,,467,DT_467002_A022,해외 비즈니스를 위해 가장 필요한 사항 (1+2+3순위),2025016,웹툰산업실태조사 > 웹툰 해외 수출입 현황,meta_index 없음 또는 코드명 매칭 없음,,,,,,,,,,meta 없음,,,지난해 GM 한국사업장은 해외에 2023년 대비 10.6% 증가한 47만 4735대를 판매했다.
A0029-C015,A0029-C015-m2,GM 한국사업장 해외 판매량,무역,GM 한국사업장,4735,대,대,count,,,수준값,증가,현재값,KOSIS_VALUE,2023,2025-01-03,Y,전년,,5,180,,ALTERNATE,NOT_TOP_TABLE,후순위 통계표 후보,"해외,수출",lexical,180.0,Y,,,,467,DT_467002_A021,해외 비즈니스를 위해 가장 필요한 사항 (1순위),2025016,웹툰산업실태조사 > 웹툰 해외 수출입 현황,meta_index 없음 또는 코드명 매칭 없음,,,,,,,,,,meta 없음,,,지난해 GM 한국사업장은 해외에 2023년 대비 10.6% 증가한 47만 4735대를 판매했다.
A0029-C016,A0029-C016-m1,KG모빌리티 수출 증가율,무역,KG모빌리티,18.2,%,%,rate,,,증감률,증가,증감률,KOSIS_VALUE,2024,2025-01-03,Y,전년,,1,484,176,REJECT,NO_COMPATIBLE_ITEM,단위·지표 의미가 맞는 ITEM 없음,"품목별,수출액,수출,수입,무역",lexical,484.0,Y,,,,360,DT_1R11001_FRM101,"품목별 수출액, 수입액",1976045,SITC에의한무역통계,품목별:승용자동차 및 기타의 차량[13102112831A.781]/item=N/score=78 | 품목별:기타 승용자동차용의 공기타이어[13102112831A.62519]/item=N/score=66 | 품목별:기타(승용자동차용의 공기타이어 )[13102112831A.62510]/item=N/score=66 | 품목별:대중수송형 승용자동차[13102112831A.7831]/item=N/score=66 | 품목별:승용자동차용의 공기타이어 [13102112831A.6251]/item=N/score=66 | 품목별:화물자동차 및 특수목적차량[13102112831A.782]/item=N/score=48 | 품목별:기타 자동차단기 [13102112831A.77243]/item=N/score=36 | 품목별:기타(원동기를 갖춘 샤시(제722항 781 782항  및 783항의 자동차용의 것))[13102112831A.78410]/item=N/score=36,,,,,13101112831A,품목별,13102112831A.A,총액,57,itm/obj 후보 선택,,,KG모빌리티도 같은 기간 18.2% 늘어난 6만 2378대를 수출했다.
A0029-C016,A0029-C016-m1,KG모빌리티 수출 증가율,무역,KG모빌리티,18.2,%,%,rate,,,증감률,증가,증감률,KOSIS_VALUE,2024,2025-01-03,Y,전년,,2,176,,ALTERNATE,NOT_TOP_TABLE,후순위 통계표 후보,"품목별,수출액,수출",lexical,176.0,Y,,,,466,DT_446001_A027,쌀가루 생산판매 현황 : 품목별 수출액 - 총계,2024007,쌀가공식품제조업실태조사 > 쌀가공식품제조업,사업체특성별:주 생산 품목별(소분류)[A02]/item=N/score=18,,,,,A,사업체특성별,A02,주 생산 품목별(소분류),32,itm/obj 후보 선택,,,KG모빌리티도 같은 기간 18.2% 늘어난 6만 2378대를 수출했다.
A0029-C016,A0029-C016-m1,KG모빌리티 수출 증가율,무역,KG모빌리티,18.2,%,%,rate,,,증감률,증가,증감률,KOSIS_VALUE,2024,2025-01-03,Y,전년,,3,168,,ALTERNATE,NOT_TOP_TABLE,후순위 통계표 후보,"품목별,수출,수입,무역",lexical,168.0,Y,,,,134,DT_134006_N001,품목별 수입·수출현황,2017044,기업무역활동통계,품목별:자동차 [A86]/item=N/score=36 | 품목별:철도차량 [A85]/item=N/score=30 | 품목별:가구 [A93]/item=N/score=18 | 품목별:가죽류 [A41]/item=N/score=18 | 품목별:가죽제품 [A42]/item=N/score=18 | 품목별:견직물[A50]/item=N/score=18 | 품목별:고무제품 [A40]/item=N/score=18 | 품목별:곡물 [A10]/item=N/score=18,T005,교역액 진입률,%,30,A001,품목별,A93,가구 ,32,itm/obj 후보 선택,direct,,KG모빌리티도 같은 기간 18.2% 늘어난 6만 2378대를 수출했다.
A0029-C016,A0029-C016-m1,KG모빌리티 수출 증가율,무역,KG모빌리티,18.2,%,%,rate,,,증감률,증가,증감률,KOSIS_VALUE,2024,2025-01-03,Y,전년,,4,158,,ALTERNATE,NOT_TOP_TABLE,후순위 통계표 후보,"품목별,수출,자동차",lexical,158.0,Y,,,,115,DT_115042_25_024,생산 품목별 수출 금액(합계),2025009,자동차부품산업실태조사,meta_index 없음 또는 코드명 매칭 없음,,,,,,,,,,meta 없음,,,KG모빌리티도 같은 기간 18.2% 늘어난 6만 2378대를 수출했다.
A0029-C016,A0029-C016-m1,KG모빌리티 수출 증가율,무역,KG모빌리티,18.2,%,%,rate,,,증감률,증가,증감률,KOSIS_VALUE,2024,2025-01-03,Y,전년,,5,152,,ALTERNATE,NOT_TOP_TABLE,후순위 통계표 후보,"품목별,수출",lexical,152.0,Y,,,,434,DT_434_STBL_1028692,게임기기 품목별 수출입 실적,2016058,문화체육관광산업통계 > 수출입 실적 현황,meta_index 없음 또는 코드명 매칭 없음,,,,,,,,,,meta 없음,,,KG모빌리티도 같은 기간 18.2% 늘어난 6만 2378대를 수출했다.
A0029-C016,A0029-C016-m2,KG모빌리티 수출량,무역,KG모빌리티,2378,대,대,count,,,수준값,증가,현재값,KOSIS_VALUE,2024,2025-01-03,Y,전년,,1,484,230,REJECT,NO_COMPATIBLE_ITEM,단위·지표 의미가 맞는 ITEM 없음,"품목별,수출액,수출,수입,무역",lexical,484.0,Y,,,,360,DT_1R11001_FRM101,"품목별 수출액, 수입액",1976045,SITC에의한무역통계,품목별:승용자동차 및 기타의 차량[13102112831A.781]/item=N/score=78 | 품목별:기타 승용자동차용의 공기타이어[13102112831A.62519]/item=N/score=66 | 품목별:기타(승용자동차용의 공기타이어 )[13102112831A.62510]/item=N/score=66 | 품목별:대중수송형 승용자동차[13102112831A.7831]/item=N/score=66 | 품목별:승용자동차용의 공기타이어 [13102112831A.6251]/item=N/score=66 | 품목별:화물자동차 및 특수목적차량[13102112831A.782]/item=N/score=48 | 품목별:기타 자동차단기 [13102112831A.77243]/item=N/score=36 | 품목별:기타(원동기를 갖춘 샤시(제722항 781 782항  및 783항의 자동차용의 것))[13102112831A.78410]/item=N/score=36,,,,,13101112831A,품목별,13102112831A.A,총액,32,itm/obj 후보 선택,,,KG모빌리티도 같은 기간 18.2% 늘어난 6만 2378대를 수출했다.
A0029-C016,A0029-C016-m2,KG모빌리티 수출량,무역,KG모빌리티,2378,대,대,count,,,수준값,증가,현재값,KOSIS_VALUE,2024,2025-01-03,Y,전년,,2,230,,ALTERNATE,NOT_TOP_TABLE,후순위 통계표 후보,"품목별,수출,수출량",lexical,230.0,Y,,,,101,DT_1F02012,품목별 광공업 생산·출하·재고·내수·수출량,1970002,"광업제조업동향조사 > 생산, 출하, 재고",항목:품목별수출량[T44]/item=Y/score=45 | 품목별:자동차용내연기관[30130101]/item=N/score=36 | 품목별:ABS수지[20220204]/item=N/score=18 | 품목별:PC강선[24124115]/item=N/score=18 | 품목별:PPG(폴리프로필렌글리콜)[20120116]/item=N/score=18 | 품목별:가성소다[20120133]/item=N/score=18 | 품목별:가소제[20120126]/item=N/score=18 | 품목별:가스업[35235201]/item=N/score=18,,,,,L,품목별,000,계,22,itm/obj 후보 선택,,,KG모빌리티도 같은 기간 18.2% 늘어난 6만 2378대를 수출했다.
A0029-C016,A0029-C016-m2,KG모빌리티 수출량,무역,KG모빌리티,2378,대,대,count,,,수준값,증가,현재값,KOSIS_VALUE,2024,2025-01-03,Y,전년,,3,194,,ALTERNATE,NOT_TOP_TABLE,후순위 통계표 후보,"수출,수출량",lexical,194.0,Y,,,,373,TX_37301_2013_A009,금속제품 내수량·수출량,2005003,기계산업통계,meta_index 없음 또는 코드명 매칭 없음,,,,,,,,,,meta 없음,,,KG모빌리티도 같은 기간 18.2% 늘어난 6만 2378대를 수출했다.
A0029-C016,A0029-C016-m2,KG모빌리티 수출량,무역,KG모빌리티,2378,대,대,count,,,수준값,증가,현재값,KOSIS_VALUE,2024,2025-01-03,Y,전년,,4,194,,ALTERNATE,NOT_TOP_TABLE,후순위 통계표 후보,"수출,수출량",lexical,194.0,Y,,,,373,TX_37301_2013_A008,수송기계 내수량·수출량,2005003,기계산업통계,meta_index 없음 또는 코드명 매칭 없음,,,,,,,,,,meta 없음,,,KG모빌리티도 같은 기간 18.2% 늘어난 6만 2378대를 수출했다.
A0029-C016,A0029-C016-m2,KG모빌리티 수출량,무역,KG모빌리티,2378,대,대,count,,,수준값,증가,현재값,KOSIS_VALUE,2024,2025-01-03,Y,전년,,5,194,,ALTERNATE,NOT_TOP_TABLE,후순위 통계표 후보,"수출,수출량",lexical,194.0,Y,,,,373,TX_37301_2013_A005,일반기계 내수량·수출량,2005003,기계산업통계,meta_index 없음 또는 코드명 매칭 없음,,,,,,,,,,meta 없음,,,KG모빌리티도 같은 기간 18.2% 늘어난 6만 2378대를 수출했다.
A0029-C017,A0029-C017-m2,현대차 수출 증가율,무역,현대차,0.5,%,%,rate,,,증감률,감소,현재값,KOSIS_VALUE,2024,2025-01-03,Y,전년동기,,1,484,176,REJECT,NO_COMPATIBLE_ITEM,단위·지표 의미가 맞는 ITEM 없음,"품목별,수출액,수출,수입,무역",lexical,484.0,Y,,,,360,DT_1R11001_FRM101,"품목별 수출액, 수입액",1976045,SITC에의한무역통계,품목별:승용자동차 및 기타의 차량[13102112831A.781]/item=N/score=78 | 품목별:기타 승용자동차용의 공기타이어[13102112831A.62519]/item=N/score=66 | 품목별:기타(승용자동차용의 공기타이어 )[13102112831A.62510]/item=N/score=66 | 품목별:대중수송형 승용자동차[13102112831A.7831]/item=N/score=66 | 품목별:승용자동차용의 공기타이어 [13102112831A.6251]/item=N/score=66 | 품목별:화물자동차 및 특수목적차량[13102112831A.782]/item=N/score=48 | 품목별:기타 자동차단기 [13102112831A.77243]/item=N/score=36 | 품목별:기타(원동기를 갖춘 샤시(제722항 781 782항  및 783항의 자동차용의 것))[13102112831A.78410]/item=N/score=36,,,,,13101112831A,품목별,13102112831A.A,총액,57,itm/obj 후보 선택,,,"반면, 수출 1위인 현대차(-0.5%), 그리고 르노코리아(-18.4%) 판매가 줄면서 전체 수출은 보합세를 보였다."
A0029-C017,A0029-C017-m2,현대차 수출 증가율,무역,현대차,0.5,%,%,rate,,,증감률,감소,현재값,KOSIS_VALUE,2024,2025-01-03,Y,전년동기,,2,176,,ALTERNATE,NOT_TOP_TABLE,후순위 통계표 후보,"품목별,수출액,수출",lexical,176.0,Y,,,,466,DT_446001_A027,쌀가루 생산판매 현황 : 품목별 수출액 - 총계,2024007,쌀가공식품제조업실태조사 > 쌀가공식품제조업,사업체특성별:주 생산 품목별(소분류)[A02]/item=N/score=18 | 사업체특성별:전체[A01]/item=N/score=2 | 판매현황별:전체[B03]/item=N/score=2,,,,,A,사업체특성별,A02,주 생산 품목별(소분류),32,itm/obj 후보 선택,,,"반면, 수출 1위인 현대차(-0.5%), 그리고 르노코리아(-18.4%) 판매가 줄면서 전체 수출은 보합세를 보였다."
A0029-C017,A0029-C017-m2,현대차 수출 증가율,무역,현대차,0.5,%,%,rate,,,증감률,감소,현재값,KOSIS_VALUE,2024,2025-01-03,Y,전년동기,,3,168,,ALTERNATE,NOT_TOP_TABLE,후순위 통계표 후보,"품목별,수출,수입,무역",lexical,168.0,Y,,,,134,DT_134006_N001,품목별 수입·수출현황,2017044,기업무역활동통계,품목별:자동차 [A86]/item=N/score=36 | 품목별:철도차량 [A85]/item=N/score=30 | 품목별:가구 [A93]/item=N/score=18 | 품목별:가죽류 [A41]/item=N/score=18 | 품목별:가죽제품 [A42]/item=N/score=18 | 품목별:견직물[A50]/item=N/score=18 | 품목별:고무제품 [A40]/item=N/score=18 | 품목별:곡물 [A10]/item=N/score=18,T005,교역액 진입률,%,30,A001,품목별,A93,가구 ,32,itm/obj 후보 선택,direct,,"반면, 수출 1위인 현대차(-0.5%), 그리고 르노코리아(-18.4%) 판매가 줄면서 전체 수출은 보합세를 보였다."
A0029-C017,A0029-C017-m2,현대차 수출 증가율,무역,현대차,0.5,%,%,rate,,,증감률,감소,현재값,KOSIS_VALUE,2024,2025-01-03,Y,전년동기,,4,158,,ALTERNATE,NOT_TOP_TABLE,후순위 통계표 후보,"품목별,수출,자동차",lexical,158.0,Y,,,,115,DT_115042_25_024,생산 품목별 수출 금액(합계),2025009,자동차부품산업실태조사,meta_index 없음 또는 코드명 매칭 없음,,,,,,,,,,meta 없음,,,"반면, 수출 1위인 현대차(-0.5%), 그리고 르노코리아(-18.4%) 판매가 줄면서 전체 수출은 보합세를 보였다."
A0029-C017,A0029-C017-m2,현대차 수출 증가율,무역,현대차,0.5,%,%,rate,,,증감률,감소,현재값,KOSIS_VALUE,2024,2025-01-03,Y,전년동기,,5,152,,ALTERNATE,NOT_TOP_TABLE,후순위 통계표 후보,"품목별,수출",lexical,152.0,Y,,,,434,DT_434_STBL_1028692,게임기기 품목별 수출입 실적,2016058,문화체육관광산업통계 > 수출입 실적 현황,meta_index 없음 또는 코드명 매칭 없음,,,,,,,,,,meta 없음,,,"반면, 수출 1위인 현대차(-0.5%), 그리고 르노코리아(-18.4%) 판매가 줄면서 전체 수출은 보합세를 보였다."
A0029-C017,A0029-C017-m3,르노코리아 수출 증가율,무역,르노코리아,18.4,%,%,rate,,,증감률,감소,현재값,KOSIS_VALUE,2024,2025-01-03,Y,전년동기,,1,484,176,REJECT,NO_COMPATIBLE_ITEM,단위·지표 의미가 맞는 ITEM 없음,"품목별,수출액,수출,수입,무역",lexical,484.0,Y,,,,360,DT_1R11001_FRM101,"품목별 수출액, 수입액",1976045,SITC에의한무역통계,품목별:승용자동차 및 기타의 차량[13102112831A.781]/item=N/score=78 | 품목별:기타 승용자동차용의 공기타이어[13102112831A.62519]/item=N/score=66 | 품목별:기타(승용자동차용의 공기타이어 )[13102112831A.62510]/item=N/score=66 | 품목별:대중수송형 승용자동차[13102112831A.7831]/item=N/score=66 | 품목별:승용자동차용의 공기타이어 [13102112831A.6251]/item=N/score=66 | 품목별:화물자동차 및 특수목적차량[13102112831A.782]/item=N/score=48 | 품목별:기타 자동차단기 [13102112831A.77243]/item=N/score=36 | 품목별:기타(원동기를 갖춘 샤시(제722항 781 782항  및 783항의 자동차용의 것))[13102112831A.78410]/item=N/score=36,,,,,13101112831A,품목별,13102112831A.A,총액,57,itm/obj 후보 선택,,,"반면, 수출 1위인 현대차(-0.5%), 그리고 르노코리아(-18.4%) 판매가 줄면서 전체 수출은 보합세를 보였다."
A0029-C017,A0029-C017-m3,르노코리아 수출 증가율,무역,르노코리아,18.4,%,%,rate,,,증감률,감소,현재값,KOSIS_VALUE,2024,2025-01-03,Y,전년동기,,2,176,,ALTERNATE,NOT_TOP_TABLE,후순위 통계표 후보,"품목별,수출액,수출",lexical,176.0,Y,,,,466,DT_446001_A027,쌀가루 생산판매 현황 : 품목별 수출액 - 총계,2024007,쌀가공식품제조업실태조사 > 쌀가공식품제조업,사업체특성별:주 생산 품목별(소분류)[A02]/item=N/score=18 | 사업체특성별:전체[A01]/item=N/score=2 | 판매현황별:전체[B03]/item=N/score=2,,,,,A,사업체특성별,A02,주 생산 품목별(소분류),32,itm/obj 후보 선택,,,"반면, 수출 1위인 현대차(-0.5%), 그리고 르노코리아(-18.4%) 판매가 줄면서 전체 수출은 보합세를 보였다."
A0029-C017,A0029-C017-m3,르노코리아 수출 증가율,무역,르노코리아,18.4,%,%,rate,,,증감률,감소,현재값,KOSIS_VALUE,2024,2025-01-03,Y,전년동기,,3,168,,ALTERNATE,NOT_TOP_TABLE,후순위 통계표 후보,"품목별,수출,수입,무역",lexical,168.0,Y,,,,134,DT_134006_N001,품목별 수입·수출현황,2017044,기업무역활동통계,품목별:자동차 [A86]/item=N/score=36 | 품목별:철도차량 [A85]/item=N/score=30 | 품목별:가구 [A93]/item=N/score=18 | 품목별:가죽류 [A41]/item=N/score=18 | 품목별:가죽제품 [A42]/item=N/score=18 | 품목별:견직물[A50]/item=N/score=18 | 품목별:고무제품 [A40]/item=N/score=18 | 품목별:곡물 [A10]/item=N/score=18,T005,교역액 진입률,%,30,A001,품목별,A93,가구 ,32,itm/obj 후보 선택,direct,,"반면, 수출 1위인 현대차(-0.5%), 그리고 르노코리아(-18.4%) 판매가 줄면서 전체 수출은 보합세를 보였다."
A0029-C017,A0029-C017-m3,르노코리아 수출 증가율,무역,르노코리아,18.4,%,%,rate,,,증감률,감소,현재값,KOSIS_VALUE,2024,2025-01-03,Y,전년동기,,4,158,,ALTERNATE,NOT_TOP_TABLE,후순위 통계표 후보,"품목별,수출,자동차",lexical,158.0,Y,,,,115,DT_115042_25_024,생산 품목별 수출 금액(합계),2025009,자동차부품산업실태조사,meta_index 없음 또는 코드명 매칭 없음,,,,,,,,,,meta 없음,,,"반면, 수출 1위인 현대차(-0.5%), 그리고 르노코리아(-18.4%) 판매가 줄면서 전체 수출은 보합세를 보였다."
A0029-C017,A0029-C017-m3,르노코리아 수출 증가율,무역,르노코리아,18.4,%,%,rate,,,증감률,감소,현재값,KOSIS_VALUE,2024,2025-01-03,Y,전년동기,,5,152,,ALTERNATE,NOT_TOP_TABLE,후순위 통계표 후보,"품목별,수출",lexical,152.0,Y,,,,434,DT_434_STBL_1028692,게임기기 품목별 수출입 실적,2016058,문화체육관광산업통계 > 수출입 실적 현황,meta_index 없음 또는 코드명 매칭 없음,,,,,,,,,,meta 없음,,,"반면, 수출 1위인 현대차(-0.5%), 그리고 르노코리아(-18.4%) 판매가 줄면서 전체 수출은 보합세를 보였다."
A0030-C004,A0030-C004-m1,원화 환율,금융·금리,-,1450,원,원,currency,,,수준값,유지,현재값,KOSIS_VALUE,202501,2025-01-03,Y,전년동기,,1,164,164,REJECT,NO_COMPATIBLE_ITEM,단위·지표 의미가 맞는 ITEM 없음,환율,lexical,164.0,Y,,,,152,DT_152009_A124,PB제품 하도급 단가 결정 고려 요인_환율 변화,2021003,하도급거래실태조사 > 제조업_원사업자 > 하도급거래 세부사항 > 전속거래·PB거래,meta_index 없음 또는 코드명 매칭 없음,,,,,A,특성별,A01,전체,7,itm/obj 후보 선택,,,하지만 원화 환율은 지난해 12월 19일 글로벌 금융 위기 이후 15년여 만에 달러당 1450원 선을 넘어서는 등 고공 행진 중이다.
A0030-C004,A0030-C004-m1,원화 환율,금융·금리,-,1450,원,원,currency,,,수준값,유지,현재값,KOSIS_VALUE,202501,2025-01-03,Y,전년동기,,2,164,,ALTERNATE,NOT_TOP_TABLE,후순위 통계표 후보,환율,lexical,164.0,Y,,,,152,DT_152009_B038,하도급 단가 결정 고려 요인_환율 변화,2021003,하도급거래실태조사 > 제조업_수급사업자 > 하도급거래 세부사항 > 거래 제반,항목:하도급 단가 결정 고려 요인_환율 변화[T001]/item=Y/score=12,,,,,A,특성별,A01,전체,7,itm/obj 후보 선택,,,하지만 원화 환율은 지난해 12월 19일 글로벌 금융 위기 이후 15년여 만에 달러당 1450원 선을 넘어서는 등 고공 행진 중이다.
A0030-C004,A0030-C004-m1,원화 환율,금융·금리,-,1450,원,원,currency,,,수준값,유지,현재값,KOSIS_VALUE,202501,2025-01-03,Y,전년동기,,3,164,,ALTERNATE,NOT_TOP_TABLE,후순위 통계표 후보,환율,lexical,164.0,Y,,,,152,DT_152009_F038,하도급 단가 결정 고려 요인_환율 변화,2021003,하도급거래실태조사 > 용역업_수급사업자 > 하도급거래 세부사항 > 거래 제반,meta_index 없음 또는 코드명 매칭 없음,,,,,,,,,,meta 없음,,,하지만 원화 환율은 지난해 12월 19일 글로벌 금융 위기 이후 15년여 만에 달러당 1450원 선을 넘어서는 등 고공 행진 중이다.
A0030-C004,A0030-C004-m1,원화 환율,금융·금리,-,1450,원,원,currency,,,수준값,유지,현재값,KOSIS_VALUE,202501,2025-01-03,Y,전년동기,,4,164,,ALTERNATE,NOT_TOP_TABLE,후순위 통계표 후보,환율,lexical,164.0,Y,,,,152,DT_152009_A041,하도급 단가 결정 고려_환율 변화,2021003,하도급거래실태조사 > 제조업_원사업자 > 하도급거래 세부사항 > 거래 제반,meta_index 없음 또는 코드명 매칭 없음,,,,,,,,,,meta 없음,,,하지만 원화 환율은 지난해 12월 19일 글로벌 금융 위기 이후 15년여 만에 달러당 1450원 선을 넘어서는 등 고공 행진 중이다.
A0030-C004,A0030-C004-m1,원화 환율,금융·금리,-,1450,원,원,currency,,,수준값,유지,현재값,KOSIS_VALUE,202501,2025-01-03,Y,전년동기,,5,164,,ALTERNATE,NOT_TOP_TABLE,후순위 통계표 후보,환율,lexical,164.0,Y,,,,152,DT_152009_E041,하도급 단가 결정 고려_환율 변화,2021003,하도급거래실태조사 > 용역업_원사업자 > 하도급거래 세부사항 > 거래 제반,meta_index 없음 또는 코드명 매칭 없음,,,,,,,,,,meta 없음,,,하지만 원화 환율은 지난해 12월 19일 글로벌 금융 위기 이후 15년여 만에 달러당 1450원 선을 넘어서는 등 고공 행진 중이다.
A0031-C002,A0031-C002-m2,올해 전망치,생산·산업,-,2.2,%,%,rate,,,비중,-,현재값,KOSIS_VALUE,2025,2025-01-03,Y,전년동기,,1,166,166,REVIEW,AMBIGUOUS_TABLE,"1·2위 점수 차이 부족: margin=0, required=16","생산,제조업",lexical,166.0,Y,,,,111,DT_111014_C104,올해 기준 농업경영체의 생산 품목(중복응답),2025005,"외국인고용실태조사(농업,제조업분야) > 농업경영체",항목:올해 기준 농업경영체의 생산 품목(중복응답)[T001]/item=Y/score=10 | 특성별:서울/인천/경기[08001]/item=N/score=4,T001,올해 기준 농업경영체의 생산 품목(중복응답),%,30,A,특성별,01,전체,7,itm/obj 후보 선택,direct,,"약 2%로 추정되는 잠재 성장률(물가를 자극하지 않으면서 달성할 수 있는 성장률)을 밑도는 저(低)성장으로, 작년 7월 발표했던 올해 전망치(2.2%)보다 0.4%포인트 낮다."
A0031-C002,A0031-C002-m2,올해 전망치,생산·산업,-,2.2,%,%,rate,,,비중,-,현재값,KOSIS_VALUE,2025,2025-01-03,Y,전년동기,,2,166,,ALTERNATE,NOT_TOP_TABLE,후순위 통계표 후보,"생산,제조업",lexical,166.0,Y,,,,111,DT_111014_C105,올해 기준 농업경영체의 생산 품목별 영농규모,2025005,"외국인고용실태조사(농업,제조업분야) > 농업경영체",특성별:올해 생산 품목[05]/item=N/score=10 | 항목:올해 기준 농업경영체의 생산 품목별 영농규모[T001]/item=Y/score=10,,,,,A,특성별,01,전체,7,itm/obj 후보 선택,,,"약 2%로 추정되는 잠재 성장률(물가를 자극하지 않으면서 달성할 수 있는 성장률)을 밑도는 저(低)성장으로, 작년 7월 발표했던 올해 전망치(2.2%)보다 0.4%포인트 낮다."
A0031-C002,A0031-C002-m2,올해 전망치,생산·산업,-,2.2,%,%,rate,,,비중,-,현재값,KOSIS_VALUE,2025,2025-01-03,Y,전년동기,,3,166,,ALTERNATE,NOT_TOP_TABLE,후순위 통계표 후보,"생산,제조업",lexical,166.0,Y,,,,111,DT_111014_C106,올해 기준 농업경영체의 생산 품목별 판매액,2025005,"외국인고용실태조사(농업,제조업분야) > 농업경영체",meta_index 없음 또는 코드명 매칭 없음,,,,,,,,,,meta 없음,,,"약 2%로 추정되는 잠재 성장률(물가를 자극하지 않으면서 달성할 수 있는 성장률)을 밑도는 저(低)성장으로, 작년 7월 발표했던 올해 전망치(2.2%)보다 0.4%포인트 낮다."
A0031-C002,A0031-C002-m3,전망치 변화,생산·산업,-,0.4,%,%,rate,,,증감률,감소,증감률,KOSIS_VALUE,2025,2025-01-03,Y,전년동기,,1,170,,REJECT,NO_COMPATIBLE_ITEM,단위·지표 의미가 맞는 ITEM 없음,"변화,산업",lexical,170.0,Y,,,,115,DT_115039_3_5_1_1,데이터 사용/관리 변화 정도,2024008,산업디지털전환실태조사 > 산업 데이터 역량,변화별:데이터 기반의 의사결정[T006]/item=N/score=10 | 변화별:실시간 데이터 적극 활용[T004]/item=N/score=10 | 변화별:외부 환경 데이터 분석[T005]/item=N/score=10 | 변화별:적극적인 고객 정보 분석[T003]/item=N/score=10 | 변화별:정보 획득이 용이해짐[T002]/item=N/score=10 | 변화별:회사 KPI 자동 산출[T001]/item=N/score=10 | 특성별:고무·플라스틱 제품 제조업[IDXIC05]/item=N/score=6 | 특성별:금속·비금속 제조업[IDXIC07]/item=N/score=6,,,,,B,변화별,T006,데이터 기반의 의사결정,12,itm/obj 후보 선택,,,"약 2%로 추정되는 잠재 성장률(물가를 자극하지 않으면서 달성할 수 있는 성장률)을 밑도는 저(低)성장으로, 작년 7월 발표했던 올해 전망치(2.2%)보다 0.4%포인트 낮다."
A0031-C008,A0031-C008-m1,수출 증가율,무역,반도체,8.2,%,%,rate,,,증감률,증가,이전값,KOSIS_VALUE,2024,2025-01-03,Y,전년,,1,484,168,REJECT,NO_COMPATIBLE_ITEM,단위·지표 의미가 맞는 ITEM 없음,"품목별,수출액,수출,수입,무역",lexical,484.0,Y,,,,360,DT_1R11001_FRM101,"품목별 수출액, 수입액",1976045,SITC에의한무역통계,품목별:감광성 반도체 디바이스 및 발광다이오드 [13102112831A.77637]/item=N/score=60 | 품목별:다이오드트랜지스터 기타 이와 유사한 반도체 디바이스[13102112831A.7763]/item=N/score=60 | 품목별:기타 전자집적회로와 초소형 조립회로 [13102112831A.77649]/item=N/score=54 | 품목별:전자집적회로와 초소향 조립회로[13102112831A.7764]/item=N/score=54 | 품목별:776.81항의 압전기 결정소자 및 776.3항의  디바이스의 부분품[13102112831A.77688]/item=N/score=42 | 품목별:다이리스터 다이액과 트라이액(감광성 디  바이스 제외)[13102112831A.77635]/item=N/score=42 | 품목별:달리 명시되지 않은 액정 디바이스레이저 기기[13102112831A.8719]/item=N/score=42 | 품목별: 불이나 웨이퍼 반도체 장비 또는 집적회로 평면판표시장치 제조를 위한 기계 및 기구[13102112831A.72821]/item=N/score=36,,,,,13101112831A,품목별,13102112831A.77649,기타 전자집적회로와 초소형 조립회로 ,282,itm/obj 후보 선택,,,반도체 등 주력 수출 업종의 경쟁 심화와 이달 20일 출범하는 트럼프 정부의 관세 장벽 강화 등으로 수출 증가율은 작년 8.2%에서 올해 1.5%로 쪼그라들 것으로 봤다.
A0031-C008,A0031-C008-m1,수출 증가율,무역,반도체,8.2,%,%,rate,,,증감률,증가,이전값,KOSIS_VALUE,2024,2025-01-03,Y,전년,,2,168,,ALTERNATE,NOT_TOP_TABLE,후순위 통계표 후보,"품목별,수출,수입,무역",lexical,168.0,Y,,,,134,DT_134006_N001,품목별 수입·수출현황,2017044,기업무역활동통계,품목별:가구 [A93]/item=N/score=18 | 품목별:가죽류 [A41]/item=N/score=18 | 품목별:가죽제품 [A42]/item=N/score=18 | 품목별:견직물[A50]/item=N/score=18 | 품목별:고무제품 [A40]/item=N/score=18 | 품목별:곡물 [A10]/item=N/score=18 | 품목별:곡물조제품[A19]/item=N/score=18 | 품목별:공구[A81]/item=N/score=18,T005,교역액 진입률,%,30,A001,품목별,A93,가구 ,32,itm/obj 후보 선택,direct,,반도체 등 주력 수출 업종의 경쟁 심화와 이달 20일 출범하는 트럼프 정부의 관세 장벽 강화 등으로 수출 증가율은 작년 8.2%에서 올해 1.5%로 쪼그라들 것으로 봤다.
A0031-C008,A0031-C008-m1,수출 증가율,무역,반도체,8.2,%,%,rate,,,증감률,증가,이전값,KOSIS_VALUE,2024,2025-01-03,Y,전년,,3,152,,ALTERNATE,NOT_TOP_TABLE,후순위 통계표 후보,"품목별,수출",lexical,152.0,Y,,,,434,DT_434_STBL_1028692,게임기기 품목별 수출입 실적,2016058,문화체육관광산업통계 > 수출입 실적 현황,meta_index 없음 또는 코드명 매칭 없음,,,,,,,,,,meta 없음,,,반도체 등 주력 수출 업종의 경쟁 심화와 이달 20일 출범하는 트럼프 정부의 관세 장벽 강화 등으로 수출 증가율은 작년 8.2%에서 올해 1.5%로 쪼그라들 것으로 봤다.
A0031-C008,A0031-C008-m1,수출 증가율,무역,반도체,8.2,%,%,rate,,,증감률,증가,이전값,KOSIS_VALUE,2024,2025-01-03,Y,전년,,4,152,,ALTERNATE,NOT_TOP_TABLE,후순위 통계표 후보,"품목별,수출",lexical,152.0,Y,,,,434,DT_434_STBL_1028682,공예품 품목별 수출입 실적,2016058,문화체육관광산업통계 > 수출입 실적 현황,meta_index 없음 또는 코드명 매칭 없음,,,,,,,,,,meta 없음,,,반도체 등 주력 수출 업종의 경쟁 심화와 이달 20일 출범하는 트럼프 정부의 관세 장벽 강화 등으로 수출 증가율은 작년 8.2%에서 올해 1.5%로 쪼그라들 것으로 봤다.
A0031-C008,A0031-C008-m1,수출 증가율,무역,반도체,8.2,%,%,rate,,,증감률,증가,이전값,KOSIS_VALUE,2024,2025-01-03,Y,전년,,5,152,,ALTERNATE,NOT_TOP_TABLE,후순위 통계표 후보,"품목별,수출",lexical,152.0,Y,,,,434,DT_434_STBL_1028678,레저용품 품목별 수출입 실적,2016058,문화체육관광산업통계 > 수출입 실적 현황,meta_index 없음 또는 코드명 매칭 없음,,,,,,,,,,meta 없음,,,반도체 등 주력 수출 업종의 경쟁 심화와 이달 20일 출범하는 트럼프 정부의 관세 장벽 강화 등으로 수출 증가율은 작년 8.2%에서 올해 1.5%로 쪼그라들 것으로 봤다.
A0031-C008,A0031-C008-m2,수출 증가율,무역,반도체,1.5,%,%,rate,,,증감률,증가,현재값,KOSIS_VALUE,2025,2025-01-03,Y,전년,,1,484,168,REJECT,NO_COMPATIBLE_ITEM,단위·지표 의미가 맞는 ITEM 없음,"품목별,수출액,수출,수입,무역",lexical,484.0,Y,,,,360,DT_1R11001_FRM101,"품목별 수출액, 수입액",1976045,SITC에의한무역통계,품목별:감광성 반도체 디바이스 및 발광다이오드 [13102112831A.77637]/item=N/score=60 | 품목별:다이오드트랜지스터 기타 이와 유사한 반도체 디바이스[13102112831A.7763]/item=N/score=60 | 품목별:기타 전자집적회로와 초소형 조립회로 [13102112831A.77649]/item=N/score=54 | 품목별:전자집적회로와 초소향 조립회로[13102112831A.7764]/item=N/score=54 | 품목별:776.81항의 압전기 결정소자 및 776.3항의  디바이스의 부분품[13102112831A.77688]/item=N/score=42 | 품목별:다이리스터 다이액과 트라이액(감광성 디  바이스 제외)[13102112831A.77635]/item=N/score=42 | 품목별:달리 명시되지 않은 액정 디바이스레이저 기기[13102112831A.8719]/item=N/score=42 | 품목별: 불이나 웨이퍼 반도체 장비 또는 집적회로 평면판표시장치 제조를 위한 기계 및 기구[13102112831A.72821]/item=N/score=36,,,,,13101112831A,품목별,13102112831A.77649,기타 전자집적회로와 초소형 조립회로 ,282,itm/obj 후보 선택,,,반도체 등 주력 수출 업종의 경쟁 심화와 이달 20일 출범하는 트럼프 정부의 관세 장벽 강화 등으로 수출 증가율은 작년 8.2%에서 올해 1.5%로 쪼그라들 것으로 봤다.
A0031-C008,A0031-C008-m2,수출 증가율,무역,반도체,1.5,%,%,rate,,,증감률,증가,현재값,KOSIS_VALUE,2025,2025-01-03,Y,전년,,2,168,,ALTERNATE,NOT_TOP_TABLE,후순위 통계표 후보,"품목별,수출,수입,무역",lexical,168.0,Y,,,,134,DT_134006_N001,품목별 수입·수출현황,2017044,기업무역활동통계,품목별:가구 [A93]/item=N/score=18 | 품목별:가죽류 [A41]/item=N/score=18 | 품목별:가죽제품 [A42]/item=N/score=18 | 품목별:견직물[A50]/item=N/score=18 | 품목별:고무제품 [A40]/item=N/score=18 | 품목별:곡물 [A10]/item=N/score=18 | 품목별:곡물조제품[A19]/item=N/score=18 | 품목별:공구[A81]/item=N/score=18,T005,교역액 진입률,%,30,A001,품목별,A93,가구 ,32,itm/obj 후보 선택,direct,,반도체 등 주력 수출 업종의 경쟁 심화와 이달 20일 출범하는 트럼프 정부의 관세 장벽 강화 등으로 수출 증가율은 작년 8.2%에서 올해 1.5%로 쪼그라들 것으로 봤다.
A0031-C008,A0031-C008-m2,수출 증가율,무역,반도체,1.5,%,%,rate,,,증감률,증가,현재값,KOSIS_VALUE,2025,2025-01-03,Y,전년,,3,152,,ALTERNATE,NOT_TOP_TABLE,후순위 통계표 후보,"품목별,수출",lexical,152.0,Y,,,,434,DT_434_STBL_1028692,게임기기 품목별 수출입 실적,2016058,문화체육관광산업통계 > 수출입 실적 현황,meta_index 없음 또는 코드명 매칭 없음,,,,,,,,,,meta 없음,,,반도체 등 주력 수출 업종의 경쟁 심화와 이달 20일 출범하는 트럼프 정부의 관세 장벽 강화 등으로 수출 증가율은 작년 8.2%에서 올해 1.5%로 쪼그라들 것으로 봤다.
A0031-C008,A0031-C008-m2,수출 증가율,무역,반도체,1.5,%,%,rate,,,증감률,증가,현재값,KOSIS_VALUE,2025,2025-01-03,Y,전년,,4,152,,ALTERNATE,NOT_TOP_TABLE,후순위 통계표 후보,"품목별,수출",lexical,152.0,Y,,,,434,DT_434_STBL_1028682,공예품 품목별 수출입 실적,2016058,문화체육관광산업통계 > 수출입 실적 현황,meta_index 없음 또는 코드명 매칭 없음,,,,,,,,,,meta 없음,,,반도체 등 주력 수출 업종의 경쟁 심화와 이달 20일 출범하는 트럼프 정부의 관세 장벽 강화 등으로 수출 증가율은 작년 8.2%에서 올해 1.5%로 쪼그라들 것으로 봤다.
A0031-C008,A0031-C008-m2,수출 증가율,무역,반도체,1.5,%,%,rate,,,증감률,증가,현재값,KOSIS_VALUE,2025,2025-01-03,Y,전년,,5,152,,ALTERNATE,NOT_TOP_TABLE,후순위 통계표 후보,"품목별,수출",lexical,152.0,Y,,,,434,DT_434_STBL_1028678,레저용품 품목별 수출입 실적,2016058,문화체육관광산업통계 > 수출입 실적 현황,meta_index 없음 또는 코드명 매칭 없음,,,,,,,,,,meta 없음,,,반도체 등 주력 수출 업종의 경쟁 심화와 이달 20일 출범하는 트럼프 정부의 관세 장벽 강화 등으로 수출 증가율은 작년 8.2%에서 올해 1.5%로 쪼그라들 것으로 봤다.
A0031-C013,A0031-C013-m2,정부의 소비자 물가 상승률 전망치,물가,-,1.8,%,%,rate,,,수준값,감소,현재값,KOSIS_VALUE,2025,2025-01-03,Y,전년,,1,280,280,REVIEW,AMBIGUOUS_TABLE,"1·2위 점수 차이 부족: margin=0, required=28","물가,소비자,소비자물가",lexical,280.0,Y,,,,101,DT_1J22041,연도별 소비자물가 등락률,1964001,소비자물가조사,지수종류:생활물가지수[1]/item=N/score=12,T,전년비,%,30,I,지수종류,1,생활물가지수,12,itm/obj 후보 선택,direct,,"정부는 올해 소비자 물가 상승률도 한국은행의 물가 안정 목표치(2%)보다 낮은 1.8%로 전망해, 6개월 전 전망치(2.1%)보다 0.3%포인트 낮춰 잡았다."
A0031-C013,A0031-C013-m2,정부의 소비자 물가 상승률 전망치,물가,-,1.8,%,%,rate,,,수준값,감소,현재값,KOSIS_VALUE,2025,2025-01-03,Y,전년,,2,280,,ALTERNATE,NOT_TOP_TABLE,후순위 통계표 후보,"물가,소비자,소비자물가",lexical,280.0,Y,,,,101,DT_1J22042,월별 소비자물가 등락률,1964001,소비자물가조사,지수종류:생활물가지수[1]/item=N/score=12,T02,전월비,%,30,I,지수종류,1,생활물가지수,12,itm/obj 후보 선택,direct,,"정부는 올해 소비자 물가 상승률도 한국은행의 물가 안정 목표치(2%)보다 낮은 1.8%로 전망해, 6개월 전 전망치(2.1%)보다 0.3%포인트 낮춰 잡았다."
A0031-C013,A0031-C013-m2,정부의 소비자 물가 상승률 전망치,물가,-,1.8,%,%,rate,,,수준값,감소,현재값,KOSIS_VALUE,2025,2025-01-03,Y,전년,,3,164,,ALTERNATE,NOT_TOP_TABLE,후순위 통계표 후보,물가,lexical,164.0,Y,,,,113,DT_113_STBL_1030568,관광 당일여행 만족도_관광지 물가,1976046,국민여행조사 > 국내여행,meta_index 없음 또는 코드명 매칭 없음,,,,,,,,,,meta 없음,,,"정부는 올해 소비자 물가 상승률도 한국은행의 물가 안정 목표치(2%)보다 낮은 1.8%로 전망해, 6개월 전 전망치(2.1%)보다 0.3%포인트 낮춰 잡았다."
A0031-C013,A0031-C013-m2,정부의 소비자 물가 상승률 전망치,물가,-,1.8,%,%,rate,,,수준값,감소,현재값,KOSIS_VALUE,2025,2025-01-03,Y,전년,,4,164,,ALTERNATE,NOT_TOP_TABLE,후순위 통계표 후보,물가,lexical,164.0,Y,,,,113,DT_113_STBL_1030567,관광 숙박여행 만족도_관광지 물가,1976046,국민여행조사 > 국내여행,meta_index 없음 또는 코드명 매칭 없음,,,,,,,,,,meta 없음,,,"정부는 올해 소비자 물가 상승률도 한국은행의 물가 안정 목표치(2%)보다 낮은 1.8%로 전망해, 6개월 전 전망치(2.1%)보다 0.3%포인트 낮춰 잡았다."
A0031-C013,A0031-C013-m2,정부의 소비자 물가 상승률 전망치,물가,-,1.8,%,%,rate,,,수준값,감소,현재값,KOSIS_VALUE,2025,2025-01-03,Y,전년,,5,164,,ALTERNATE,NOT_TOP_TABLE,후순위 통계표 후보,물가,lexical,164.0,Y,,,,113,DT_113_STBL_1030566,관광여행 만족도_관광지 물가,1976046,국민여행조사 > 국내여행,meta_index 없음 또는 코드명 매칭 없음,,,,,,,,,,meta 없음,,,"정부는 올해 소비자 물가 상승률도 한국은행의 물가 안정 목표치(2%)보다 낮은 1.8%로 전망해, 6개월 전 전망치(2.1%)보다 0.3%포인트 낮춰 잡았다."
A0031-C013,A0031-C013-m3,정부의 이전 소비자 물가 상승률 전망치,물가,-,2.1,%,%,rate,,,수준값,감소,이전값,KOSIS_VALUE,2024,2025-01-03,Y,전년,,1,280,280,REVIEW,AMBIGUOUS_TABLE,"1·2위 점수 차이 부족: margin=0, required=28","물가,소비자,소비자물가",lexical,280.0,Y,,,,101,DT_1J22041,연도별 소비자물가 등락률,1964001,소비자물가조사,지수종류:생활물가지수[1]/item=N/score=12,T,전년비,%,30,I,지수종류,1,생활물가지수,12,itm/obj 후보 선택,direct,,"정부는 올해 소비자 물가 상승률도 한국은행의 물가 안정 목표치(2%)보다 낮은 1.8%로 전망해, 6개월 전 전망치(2.1%)보다 0.3%포인트 낮춰 잡았다."
A0031-C013,A0031-C013-m3,정부의 이전 소비자 물가 상승률 전망치,물가,-,2.1,%,%,rate,,,수준값,감소,이전값,KOSIS_VALUE,2024,2025-01-03,Y,전년,,2,280,,ALTERNATE,NOT_TOP_TABLE,후순위 통계표 후보,"물가,소비자,소비자물가",lexical,280.0,Y,,,,101,DT_1J22042,월별 소비자물가 등락률,1964001,소비자물가조사,지수종류:생활물가지수[1]/item=N/score=12,T02,전월비,%,30,I,지수종류,1,생활물가지수,12,itm/obj 후보 선택,direct,,"정부는 올해 소비자 물가 상승률도 한국은행의 물가 안정 목표치(2%)보다 낮은 1.8%로 전망해, 6개월 전 전망치(2.1%)보다 0.3%포인트 낮춰 잡았다."
A0031-C013,A0031-C013-m3,정부의 이전 소비자 물가 상승률 전망치,물가,-,2.1,%,%,rate,,,수준값,감소,이전값,KOSIS_VALUE,2024,2025-01-03,Y,전년,,3,164,,ALTERNATE,NOT_TOP_TABLE,후순위 통계표 후보,물가,lexical,164.0,Y,,,,113,DT_113_STBL_1030568,관광 당일여행 만족도_관광지 물가,1976046,국민여행조사 > 국내여행,meta_index 없음 또는 코드명 매칭 없음,,,,,,,,,,meta 없음,,,"정부는 올해 소비자 물가 상승률도 한국은행의 물가 안정 목표치(2%)보다 낮은 1.8%로 전망해, 6개월 전 전망치(2.1%)보다 0.3%포인트 낮춰 잡았다."
A0031-C013,A0031-C013-m3,정부의 이전 소비자 물가 상승률 전망치,물가,-,2.1,%,%,rate,,,수준값,감소,이전값,KOSIS_VALUE,2024,2025-01-03,Y,전년,,4,164,,ALTERNATE,NOT_TOP_TABLE,후순위 통계표 후보,물가,lexical,164.0,Y,,,,113,DT_113_STBL_1030567,관광 숙박여행 만족도_관광지 물가,1976046,국민여행조사 > 국내여행,meta_index 없음 또는 코드명 매칭 없음,,,,,,,,,,meta 없음,,,"정부는 올해 소비자 물가 상승률도 한국은행의 물가 안정 목표치(2%)보다 낮은 1.8%로 전망해, 6개월 전 전망치(2.1%)보다 0.3%포인트 낮춰 잡았다."
A0031-C013,A0031-C013-m3,정부의 이전 소비자 물가 상승률 전망치,물가,-,2.1,%,%,rate,,,수준값,감소,이전값,KOSIS_VALUE,2024,2025-01-03,Y,전년,,5,164,,ALTERNATE,NOT_TOP_TABLE,후순위 통계표 후보,물가,lexical,164.0,Y,,,,113,DT_113_STBL_1030566,관광여행 만족도_관광지 물가,1976046,국민여행조사 > 국내여행,meta_index 없음 또는 코드명 매칭 없음,,,,,,,,,,meta 없음,,,"정부는 올해 소비자 물가 상승률도 한국은행의 물가 안정 목표치(2%)보다 낮은 1.8%로 전망해, 6개월 전 전망치(2.1%)보다 0.3%포인트 낮춰 잡았다."
A0031-C013,A0031-C013-m4,물가 상승률 전망치의 변화폭,물가,-,0.3,%,%,rate,,,증감률,감소,증감값,KOSIS_VALUE,2025,2025-01-03,Y,전년,,1,215,215,REVIEW,AMBIGUOUS_TABLE,"1·2위 점수 차이 부족: margin=0, required=21","물가,소비자물가,소비자",lexical,215.0,Y,,,,101,DT_1J22041,연도별 소비자물가 등락률,1964001,소비자물가조사,지수종류:생활물가지수[1]/item=N/score=12,T,전년비,%,30,I,지수종류,1,생활물가지수,12,itm/obj 후보 선택,direct,,"정부는 올해 소비자 물가 상승률도 한국은행의 물가 안정 목표치(2%)보다 낮은 1.8%로 전망해, 6개월 전 전망치(2.1%)보다 0.3%포인트 낮춰 잡았다."
A0031-C013,A0031-C013-m4,물가 상승률 전망치의 변화폭,물가,-,0.3,%,%,rate,,,증감률,감소,증감값,KOSIS_VALUE,2025,2025-01-03,Y,전년,,2,215,,ALTERNATE,NOT_TOP_TABLE,후순위 통계표 후보,"물가,소비자물가,소비자",lexical,215.0,Y,,,,101,DT_1J22042,월별 소비자물가 등락률,1964001,소비자물가조사,지수종류:생활물가지수[1]/item=N/score=12,T02,전월비,%,30,I,지수종류,1,생활물가지수,12,itm/obj 후보 선택,direct,,"정부는 올해 소비자 물가 상승률도 한국은행의 물가 안정 목표치(2%)보다 낮은 1.8%로 전망해, 6개월 전 전망치(2.1%)보다 0.3%포인트 낮춰 잡았다."
A0031-C013,A0031-C013-m4,물가 상승률 전망치의 변화폭,물가,-,0.3,%,%,rate,,,증감률,감소,증감값,KOSIS_VALUE,2025,2025-01-03,Y,전년,,3,164,,ALTERNATE,NOT_TOP_TABLE,후순위 통계표 후보,물가,lexical,164.0,Y,,,,113,DT_113_STBL_1030568,관광 당일여행 만족도_관광지 물가,1976046,국민여행조사 > 국내여행,meta_index 없음 또는 코드명 매칭 없음,,,,,,,,,,meta 없음,,,"정부는 올해 소비자 물가 상승률도 한국은행의 물가 안정 목표치(2%)보다 낮은 1.8%로 전망해, 6개월 전 전망치(2.1%)보다 0.3%포인트 낮춰 잡았다."
A0031-C013,A0031-C013-m4,물가 상승률 전망치의 변화폭,물가,-,0.3,%,%,rate,,,증감률,감소,증감값,KOSIS_VALUE,2025,2025-01-03,Y,전년,,4,164,,ALTERNATE,NOT_TOP_TABLE,후순위 통계표 후보,물가,lexical,164.0,Y,,,,113,DT_113_STBL_1030567,관광 숙박여행 만족도_관광지 물가,1976046,국민여행조사 > 국내여행,meta_index 없음 또는 코드명 매칭 없음,,,,,,,,,,meta 없음,,,"정부는 올해 소비자 물가 상승률도 한국은행의 물가 안정 목표치(2%)보다 낮은 1.8%로 전망해, 6개월 전 전망치(2.1%)보다 0.3%포인트 낮춰 잡았다."
A0031-C013,A0031-C013-m4,물가 상승률 전망치의 변화폭,물가,-,0.3,%,%,rate,,,증감률,감소,증감값,KOSIS_VALUE,2025,2025-01-03,Y,전년,,5,164,,ALTERNATE,NOT_TOP_TABLE,후순위 통계표 후보,물가,lexical,164.0,Y,,,,113,DT_113_STBL_1030566,관광여행 만족도_관광지 물가,1976046,국민여행조사 > 국내여행,meta_index 없음 또는 코드명 매칭 없음,,,,,,,,,,meta 없음,,,"정부는 올해 소비자 물가 상승률도 한국은행의 물가 안정 목표치(2%)보다 낮은 1.8%로 전망해, 6개월 전 전망치(2.1%)보다 0.3%포인트 낮춰 잡았다."
A0031-C014,A0031-C014-m1,물가 상승률,물가,-,1,%,%,rate,,,증감률,증가,증감률,KOSIS_VALUE,2025,2025-01-03,Y,전년,,1,206,206,REVIEW,AMBIGUOUS_TABLE,"1·2위 점수 차이 부족: margin=0, required=20","물가,소비자물가",lexical,206.0,Y,,,,101,DT_1J22041,연도별 소비자물가 등락률,1964001,소비자물가조사,지수종류:생활물가지수[1]/item=N/score=12,T,전년비,%,30,I,지수종류,1,생활물가지수,12,itm/obj 후보 선택,direct,,정부 전망대로 1%대 성장률과 물가 상승률이 현실화활 경우 코로나 대유행이 시작된 2020년 이후 5년 만에 처음으로 두 지표가 2%를 밑돌게 된다.
A0031-C014,A0031-C014-m1,물가 상승률,물가,-,1,%,%,rate,,,증감률,증가,증감률,KOSIS_VALUE,2025,2025-01-03,Y,전년,,2,206,,ALTERNATE,NOT_TOP_TABLE,후순위 통계표 후보,"물가,소비자물가",lexical,206.0,Y,,,,101,DT_1J22042,월별 소비자물가 등락률,1964001,소비자물가조사,지수종류:생활물가지수[1]/item=N/score=12,T02,전월비,%,30,I,지수종류,1,생활물가지수,12,itm/obj 후보 선택,direct,,정부 전망대로 1%대 성장률과 물가 상승률이 현실화활 경우 코로나 대유행이 시작된 2020년 이후 5년 만에 처음으로 두 지표가 2%를 밑돌게 된다.
A0031-C014,A0031-C014-m1,물가 상승률,물가,-,1,%,%,rate,,,증감률,증가,증감률,KOSIS_VALUE,2025,2025-01-03,Y,전년,,3,164,,ALTERNATE,NOT_TOP_TABLE,후순위 통계표 후보,물가,lexical,164.0,Y,,,,113,DT_113_STBL_1030568,관광 당일여행 만족도_관광지 물가,1976046,국민여행조사 > 국내여행,meta_index 없음 또는 코드명 매칭 없음,,,,,,,,,,meta 없음,,,정부 전망대로 1%대 성장률과 물가 상승률이 현실화활 경우 코로나 대유행이 시작된 2020년 이후 5년 만에 처음으로 두 지표가 2%를 밑돌게 된다.
A0031-C014,A0031-C014-m1,물가 상승률,물가,-,1,%,%,rate,,,증감률,증가,증감률,KOSIS_VALUE,2025,2025-01-03,Y,전년,,4,164,,ALTERNATE,NOT_TOP_TABLE,후순위 통계표 후보,물가,lexical,164.0,Y,,,,113,DT_113_STBL_1030567,관광 숙박여행 만족도_관광지 물가,1976046,국민여행조사 > 국내여행,meta_index 없음 또는 코드명 매칭 없음,,,,,,,,,,meta 없음,,,정부 전망대로 1%대 성장률과 물가 상승률이 현실화활 경우 코로나 대유행이 시작된 2020년 이후 5년 만에 처음으로 두 지표가 2%를 밑돌게 된다.
A0031-C014,A0031-C014-m1,물가 상승률,물가,-,1,%,%,rate,,,증감률,증가,증감률,KOSIS_VALUE,2025,2025-01-03,Y,전년,,5,164,,ALTERNATE,NOT_TOP_TABLE,후순위 통계표 후보,물가,lexical,164.0,Y,,,,113,DT_113_STBL_1030566,관광여행 만족도_관광지 물가,1976046,국민여행조사 > 국내여행,meta_index 없음 또는 코드명 매칭 없음,,,,,,,,,,meta 없음,,,정부 전망대로 1%대 성장률과 물가 상승률이 현실화활 경우 코로나 대유행이 시작된 2020년 이후 5년 만에 처음으로 두 지표가 2%를 밑돌게 된다.
A0031-C014,A0031-C014-m2,물가 상승률,물가,-,2,%,%,rate,,,증감률,증가,참고값,KOSIS_VALUE,2025,2025-01-03,Y,전년,,1,206,206,REVIEW,AMBIGUOUS_TABLE,"1·2위 점수 차이 부족: margin=0, required=20","물가,소비자물가",lexical,206.0,Y,,,,101,DT_1J22041,연도별 소비자물가 등락률,1964001,소비자물가조사,지수종류:생활물가지수[1]/item=N/score=12,T,전년비,%,30,I,지수종류,1,생활물가지수,12,itm/obj 후보 선택,direct,,정부 전망대로 1%대 성장률과 물가 상승률이 현실화활 경우 코로나 대유행이 시작된 2020년 이후 5년 만에 처음으로 두 지표가 2%를 밑돌게 된다.
A0031-C014,A0031-C014-m2,물가 상승률,물가,-,2,%,%,rate,,,증감률,증가,참고값,KOSIS_VALUE,2025,2025-01-03,Y,전년,,2,206,,ALTERNATE,NOT_TOP_TABLE,후순위 통계표 후보,"물가,소비자물가",lexical,206.0,Y,,,,101,DT_1J22042,월별 소비자물가 등락률,1964001,소비자물가조사,지수종류:생활물가지수[1]/item=N/score=12,T02,전월비,%,30,I,지수종류,1,생활물가지수,12,itm/obj 후보 선택,direct,,정부 전망대로 1%대 성장률과 물가 상승률이 현실화활 경우 코로나 대유행이 시작된 2020년 이후 5년 만에 처음으로 두 지표가 2%를 밑돌게 된다.
A0031-C014,A0031-C014-m2,물가 상승률,물가,-,2,%,%,rate,,,증감률,증가,참고값,KOSIS_VALUE,2025,2025-01-03,Y,전년,,3,164,,ALTERNATE,NOT_TOP_TABLE,후순위 통계표 후보,물가,lexical,164.0,Y,,,,113,DT_113_STBL_1030568,관광 당일여행 만족도_관광지 물가,1976046,국민여행조사 > 국내여행,meta_index 없음 또는 코드명 매칭 없음,,,,,,,,,,meta 없음,,,정부 전망대로 1%대 성장률과 물가 상승률이 현실화활 경우 코로나 대유행이 시작된 2020년 이후 5년 만에 처음으로 두 지표가 2%를 밑돌게 된다.
A0031-C014,A0031-C014-m2,물가 상승률,물가,-,2,%,%,rate,,,증감률,증가,참고값,KOSIS_VALUE,2025,2025-01-03,Y,전년,,4,164,,ALTERNATE,NOT_TOP_TABLE,후순위 통계표 후보,물가,lexical,164.0,Y,,,,113,DT_113_STBL_1030567,관광 숙박여행 만족도_관광지 물가,1976046,국민여행조사 > 국내여행,meta_index 없음 또는 코드명 매칭 없음,,,,,,,,,,meta 없음,,,정부 전망대로 1%대 성장률과 물가 상승률이 현실화활 경우 코로나 대유행이 시작된 2020년 이후 5년 만에 처음으로 두 지표가 2%를 밑돌게 된다.
A0031-C014,A0031-C014-m2,물가 상승률,물가,-,2,%,%,rate,,,증감률,증가,참고값,KOSIS_VALUE,2025,2025-01-03,Y,전년,,5,164,,ALTERNATE,NOT_TOP_TABLE,후순위 통계표 후보,물가,lexical,164.0,Y,,,,113,DT_113_STBL_1030566,관광여행 만족도_관광지 물가,1976046,국민여행조사 > 국내여행,meta_index 없음 또는 코드명 매칭 없음,,,,,,,,,,meta 없음,,,정부 전망대로 1%대 성장률과 물가 상승률이 현실화활 경우 코로나 대유행이 시작된 2020년 이후 5년 만에 처음으로 두 지표가 2%를 밑돌게 된다.
A0031-C021,A0031-C021-m1,세금 감소액,재정·조세,-,700000,원,원,currency,,,수준값,증가,현재값,KOSIS_VALUE,2025,2025-01-03,Y,특정시점,,1,170,170,REVIEW,AMBIGUOUS_TABLE,"1·2위 점수 차이 부족: margin=0, required=17",감소액,lexical,170.0,Y,,,,101,DT_1FS1106,"시도/산업분류별 유형자산 증가액, 감소액 및 연말잔액(10명 이상)",1968005,광업제조업조사 > 등록기반 > 산업편 > 11차 산업분류 개정,항목:유형자산감소액[T10]/item=Y/score=15,T10,유형자산감소액,백만원,45,A,시도별,00,전국,7,itm/obj 후보 선택,direct,,"개별소비세액과 연동된 교육세·부가세 등을 포함하면, 줄어드는 세금의 총액은 70만원으로 늘어난다는 것이 기재부 설명이다."
A0031-C021,A0031-C021-m1,세금 감소액,재정·조세,-,700000,원,원,currency,,,수준값,증가,현재값,KOSIS_VALUE,2025,2025-01-03,Y,특정시점,,2,170,,ALTERNATE,NOT_TOP_TABLE,후순위 통계표 후보,감소액,lexical,170.0,Y,,,,101,DT_1FS1106_R,"시도/산업분류별 유형자산 증가액, 감소액 및 연말잔액(10명 이상)",1968005,광업제조업조사 > 조사기반 > 산업편 > 11차 개정,항목:유형자산감소액[T10]/item=Y/score=15,T10,유형자산감소액,백만원,45,A,시도별,00,전국,7,itm/obj 후보 선택,direct,,"개별소비세액과 연동된 교육세·부가세 등을 포함하면, 줄어드는 세금의 총액은 70만원으로 늘어난다는 것이 기재부 설명이다."
A0031-C021,A0031-C021-m1,세금 감소액,재정·조세,-,700000,원,원,currency,,,수준값,증가,현재값,KOSIS_VALUE,2025,2025-01-03,Y,특정시점,,3,170,,ALTERNATE,NOT_TOP_TABLE,후순위 통계표 후보,감소액,lexical,170.0,Y,,,,101,DT_1F1612,"시도/산업분류별 유형자산 증가액, 감소액 및 연말잔액(10명 이상)",1968005,광업제조업조사 > 조사기반 > 산업편 > 9차 개정,meta_index 없음 또는 코드명 매칭 없음,,,,,,,,,,meta 없음,,,"개별소비세액과 연동된 교육세·부가세 등을 포함하면, 줄어드는 세금의 총액은 70만원으로 늘어난다는 것이 기재부 설명이다."
A0031-C021,A0031-C021-m1,세금 감소액,재정·조세,-,700000,원,원,currency,,,수준값,증가,현재값,KOSIS_VALUE,2025,2025-01-03,Y,특정시점,,4,170,,ALTERNATE,NOT_TOP_TABLE,후순위 통계표 후보,감소액,lexical,170.0,Y,,,,101,DT_1FS1006_S,"시도/산업분류별 유형자산 증가액, 감소액 및 연말잔액(10인 이상)",1968005,광업제조업조사 > 등록기반 > 산업편 > 10차 산업분류 개정,meta_index 없음 또는 코드명 매칭 없음,,,,,,,,,,meta 없음,,,"개별소비세액과 연동된 교육세·부가세 등을 포함하면, 줄어드는 세금의 총액은 70만원으로 늘어난다는 것이 기재부 설명이다."
A0031-C021,A0031-C021-m1,세금 감소액,재정·조세,-,700000,원,원,currency,,,수준값,증가,현재값,KOSIS_VALUE,2025,2025-01-03,Y,특정시점,,5,170,,ALTERNATE,NOT_TOP_TABLE,후순위 통계표 후보,감소액,lexical,170.0,Y,,,,101,DT_1FS1006,"시도/산업분류별 유형자산 증가액, 감소액 및 연말잔액(10인 이상)",1968005,광업제조업조사 > 조사기반 > 산업편 > 10차 개정,meta_index 없음 또는 코드명 매칭 없음,,,,,,,,,,meta 없음,,,"개별소비세액과 연동된 교육세·부가세 등을 포함하면, 줄어드는 세금의 총액은 70만원으로 늘어난다는 것이 기재부 설명이다."
A0032-C011,A0032-C011-m1,전국 가축방역관 정원,보건·복지,-,1061,명,명,person_count,,,수준값,-,현재값,KOSIS_VALUE,2024,2025-01-03,Y,전년,,1,176,176,REJECT,NO_COMPATIBLE_ITEM,단위·지표 의미가 맞는 ITEM 없음,전국,lexical,176.0,Y,,,,101,DT_1L9U015,"가구구성별 가구당 월평균 가계수지 (전국,1인이상)",1962009,"가계동향조사 > 가계동향조사(구분류, 1963~2024년) > 가계동향조사(구분류, 2019~2024년) > 1인이상 가구(농림어가포함) > 전국(명목) ",가계수지항목별:06.보건[N]/item=N/score=6 | 가계수지항목별:보건의료용품및기구[N3]/item=N/score=6 | 가계수지항목별:복지시설[U5]/item=N/score=6,,,,,GSH,가계수지항목별,H,01.식료품 · 비주류음료,2,itm/obj 후보 선택,,,"지난해 9월 전국 가축방역관 정원은 1061명으로, 두 달 전 정원(1214명)보다 100명 넘게 줄어들었다."
A0032-C011,A0032-C011-m1,전국 가축방역관 정원,보건·복지,-,1061,명,명,person_count,,,수준값,-,현재값,KOSIS_VALUE,2024,2025-01-03,Y,전년,,2,176,,ALTERNATE,NOT_TOP_TABLE,후순위 통계표 후보,전국,lexical,176.0,Y,,,,101,DT_1L9V014,"가구구성별 가구당 월평균 가계수지 (전국,2인이상)",1962009,"가계동향조사 > 가계동향조사(구분류, 1963~2024년) > 가계동향조사(구분류, 2019~2024년) > 2인이상 비농림어가 > 전국(명목) ",가계수지항목별:06.보건[N]/item=N/score=6 | 가계수지항목별:보건의료용품및기구[N3]/item=N/score=6 | 가계수지항목별:복지시설[U5]/item=N/score=6,,,,,GSH,가계수지항목별,H,01.식료품 · 비주류음료,2,itm/obj 후보 선택,,,"지난해 9월 전국 가축방역관 정원은 1061명으로, 두 달 전 정원(1214명)보다 100명 넘게 줄어들었다."
A0032-C011,A0032-C011-m1,전국 가축방역관 정원,보건·복지,-,1061,명,명,person_count,,,수준값,-,현재값,KOSIS_VALUE,2024,2025-01-03,Y,전년,,3,176,,ALTERNATE,NOT_TOP_TABLE,후순위 통계표 후보,전국,lexical,176.0,Y,,,,101,DT_1L9R012,"가구구성별 가구당 월평균 가계지출 (전국,1인이상)",1962009,"가계동향조사 > 가계동향조사(구분류, 1963~2024년) > 가계동향조사(구분류, 지출 2017~2018년) > 전국(명목)",meta_index 없음 또는 코드명 매칭 없음,,,,,,,,,,meta 없음,,,"지난해 9월 전국 가축방역관 정원은 1061명으로, 두 달 전 정원(1214명)보다 100명 넘게 줄어들었다."
A0032-C011,A0032-C011-m1,전국 가축방역관 정원,보건·복지,-,1061,명,명,person_count,,,수준값,-,현재값,KOSIS_VALUE,2024,2025-01-03,Y,전년,,4,176,,ALTERNATE,NOT_TOP_TABLE,후순위 통계표 후보,전국,lexical,176.0,Y,,,,101,DT_1L9U001,"가구당 월평균 가계수지 (전국,1인이상)",1962009,"가계동향조사 > 가계동향조사(구분류, 1963~2024년) > 가계동향조사(구분류, 2019~2024년) > 1인이상 가구(농림어가포함) > 전국(명목) ",meta_index 없음 또는 코드명 매칭 없음,,,,,,,,,,meta 없음,,,"지난해 9월 전국 가축방역관 정원은 1061명으로, 두 달 전 정원(1214명)보다 100명 넘게 줄어들었다."
A0032-C011,A0032-C011-m1,전국 가축방역관 정원,보건·복지,-,1061,명,명,person_count,,,수준값,-,현재값,KOSIS_VALUE,2024,2025-01-03,Y,전년,,5,176,,ALTERNATE,NOT_TOP_TABLE,후순위 통계표 후보,전국,lexical,176.0,Y,,,,101,DT_1L9E002,"가구당 월평균 가계수지 (전국,1인이상)",1962009,"가계동향조사 > 가계동향조사(구분류, 1963~2024년) > 가계동향조사(구분류, 지출 1990~2016년, 소득 1990~2019년) > 1인이상 비농림어가 > 전국(명목)",meta_index 없음 또는 코드명 매칭 없음,,,,,,,,,,meta 없음,,,"지난해 9월 전국 가축방역관 정원은 1061명으로, 두 달 전 정원(1214명)보다 100명 넘게 줄어들었다."
A0032-C011,A0032-C011-m3,전국 가축방역관 정원 감소폭,보건·복지,-,100,명,명,person_count,,,증감량,감소,증감값,KOSIS_VALUE,2024,2025-01-03,Y,전년,,1,176,176,REJECT,NO_COMPATIBLE_ITEM,단위·지표 의미가 맞는 ITEM 없음,전국,lexical,176.0,Y,,,,101,DT_1L9U015,"가구구성별 가구당 월평균 가계수지 (전국,1인이상)",1962009,"가계동향조사 > 가계동향조사(구분류, 1963~2024년) > 가계동향조사(구분류, 2019~2024년) > 1인이상 가구(농림어가포함) > 전국(명목) ",가계수지항목별:06.보건[N]/item=N/score=6 | 가계수지항목별:보건의료용품및기구[N3]/item=N/score=6 | 가계수지항목별:복지시설[U5]/item=N/score=6,,,,,GSH,가계수지항목별,H,01.식료품 · 비주류음료,2,itm/obj 후보 선택,,,"지난해 9월 전국 가축방역관 정원은 1061명으로, 두 달 전 정원(1214명)보다 100명 넘게 줄어들었다."
A0032-C011,A0032-C011-m3,전국 가축방역관 정원 감소폭,보건·복지,-,100,명,명,person_count,,,증감량,감소,증감값,KOSIS_VALUE,2024,2025-01-03,Y,전년,,2,176,,ALTERNATE,NOT_TOP_TABLE,후순위 통계표 후보,전국,lexical,176.0,Y,,,,101,DT_1L9V014,"가구구성별 가구당 월평균 가계수지 (전국,2인이상)",1962009,"가계동향조사 > 가계동향조사(구분류, 1963~2024년) > 가계동향조사(구분류, 2019~2024년) > 2인이상 비농림어가 > 전국(명목) ",가계수지항목별:06.보건[N]/item=N/score=6 | 가계수지항목별:보건의료용품및기구[N3]/item=N/score=6 | 가계수지항목별:복지시설[U5]/item=N/score=6,,,,,GSH,가계수지항목별,H,01.식료품 · 비주류음료,2,itm/obj 후보 선택,,,"지난해 9월 전국 가축방역관 정원은 1061명으로, 두 달 전 정원(1214명)보다 100명 넘게 줄어들었다."
A0032-C011,A0032-C011-m3,전국 가축방역관 정원 감소폭,보건·복지,-,100,명,명,person_count,,,증감량,감소,증감값,KOSIS_VALUE,2024,2025-01-03,Y,전년,,3,176,,ALTERNATE,NOT_TOP_TABLE,후순위 통계표 후보,전국,lexical,176.0,Y,,,,101,DT_1L9R012,"가구구성별 가구당 월평균 가계지출 (전국,1인이상)",1962009,"가계동향조사 > 가계동향조사(구분류, 1963~2024년) > 가계동향조사(구분류, 지출 2017~2018년) > 전국(명목)",meta_index 없음 또는 코드명 매칭 없음,,,,,,,,,,meta 없음,,,"지난해 9월 전국 가축방역관 정원은 1061명으로, 두 달 전 정원(1214명)보다 100명 넘게 줄어들었다."
A0032-C011,A0032-C011-m3,전국 가축방역관 정원 감소폭,보건·복지,-,100,명,명,person_count,,,증감량,감소,증감값,KOSIS_VALUE,2024,2025-01-03,Y,전년,,4,176,,ALTERNATE,NOT_TOP_TABLE,후순위 통계표 후보,전국,lexical,176.0,Y,,,,101,DT_1L9U001,"가구당 월평균 가계수지 (전국,1인이상)",1962009,"가계동향조사 > 가계동향조사(구분류, 1963~2024년) > 가계동향조사(구분류, 2019~2024년) > 1인이상 가구(농림어가포함) > 전국(명목) ",meta_index 없음 또는 코드명 매칭 없음,,,,,,,,,,meta 없음,,,"지난해 9월 전국 가축방역관 정원은 1061명으로, 두 달 전 정원(1214명)보다 100명 넘게 줄어들었다."
A0032-C011,A0032-C011-m3,전국 가축방역관 정원 감소폭,보건·복지,-,100,명,명,person_count,,,증감량,감소,증감값,KOSIS_VALUE,2024,2025-01-03,Y,전년,,5,176,,ALTERNATE,NOT_TOP_TABLE,후순위 통계표 후보,전국,lexical,176.0,Y,,,,101,DT_1L9E002,"가구당 월평균 가계수지 (전국,1인이상)",1962009,"가계동향조사 > 가계동향조사(구분류, 1963~2024년) > 가계동향조사(구분류, 지출 1990~2016년, 소득 1990~2019년) > 1인이상 비농림어가 > 전국(명목)",meta_index 없음 또는 코드명 매칭 없음,,,,,,,,,,meta 없음,,,"지난해 9월 전국 가축방역관 정원은 1061명으로, 두 달 전 정원(1214명)보다 100명 넘게 줄어들었다."
A0041-C021,A0041-C021-m2,물가 상승률,물가,-,1,%,%,rate,,,증감률,유지,증감률,KOSIS_VALUE,202412,2025-01-04,M,전월,,1,206,206,REVIEW,AMBIGUOUS_TABLE,"1·2위 점수 차이 부족: margin=0, required=20","물가,소비자물가",lexical,206.0,Y,,,,101,DT_1J22041,연도별 소비자물가 등락률,1964001,소비자물가조사,지수종류:생활물가지수[1]/item=N/score=12,T,전년비,%,30,I,지수종류,1,생활물가지수,12,itm/obj 후보 선택,direct,,정부는 지난달까지 4개월간 1%대를 유지한 물가 상승률이 이달에는 2%대로 올라설 것으로 보고 있다.
A0041-C021,A0041-C021-m2,물가 상승률,물가,-,1,%,%,rate,,,증감률,유지,증감률,KOSIS_VALUE,202412,2025-01-04,M,전월,,2,206,,ALTERNATE,NOT_TOP_TABLE,후순위 통계표 후보,"물가,소비자물가",lexical,206.0,Y,,,,101,DT_1J22042,월별 소비자물가 등락률,1964001,소비자물가조사,지수종류:생활물가지수[1]/item=N/score=12,T02,전월비,%,30,I,지수종류,1,생활물가지수,12,itm/obj 후보 선택,direct,,정부는 지난달까지 4개월간 1%대를 유지한 물가 상승률이 이달에는 2%대로 올라설 것으로 보고 있다.
A0041-C021,A0041-C021-m2,물가 상승률,물가,-,1,%,%,rate,,,증감률,유지,증감률,KOSIS_VALUE,202412,2025-01-04,M,전월,,3,164,,ALTERNATE,NOT_TOP_TABLE,후순위 통계표 후보,물가,lexical,164.0,Y,,,,113,DT_113_STBL_1030568,관광 당일여행 만족도_관광지 물가,1976046,국민여행조사 > 국내여행,meta_index 없음 또는 코드명 매칭 없음,,,,,,,,,,meta 없음,,,정부는 지난달까지 4개월간 1%대를 유지한 물가 상승률이 이달에는 2%대로 올라설 것으로 보고 있다.
A0041-C021,A0041-C021-m2,물가 상승률,물가,-,1,%,%,rate,,,증감률,유지,증감률,KOSIS_VALUE,202412,2025-01-04,M,전월,,4,164,,ALTERNATE,NOT_TOP_TABLE,후순위 통계표 후보,물가,lexical,164.0,Y,,,,113,DT_113_STBL_1030567,관광 숙박여행 만족도_관광지 물가,1976046,국민여행조사 > 국내여행,meta_index 없음 또는 코드명 매칭 없음,,,,,,,,,,meta 없음,,,정부는 지난달까지 4개월간 1%대를 유지한 물가 상승률이 이달에는 2%대로 올라설 것으로 보고 있다.
A0041-C021,A0041-C021-m2,물가 상승률,물가,-,1,%,%,rate,,,증감률,유지,증감률,KOSIS_VALUE,202412,2025-01-04,M,전월,,5,164,,ALTERNATE,NOT_TOP_TABLE,후순위 통계표 후보,물가,lexical,164.0,Y,,,,113,DT_113_STBL_1030566,관광여행 만족도_관광지 물가,1976046,국민여행조사 > 국내여행,meta_index 없음 또는 코드명 매칭 없음,,,,,,,,,,meta 없음,,,정부는 지난달까지 4개월간 1%대를 유지한 물가 상승률이 이달에는 2%대로 올라설 것으로 보고 있다.
A0041-C021,A0041-C021-m3,물가 상승률,물가,-,2,%,%,rate,,,증감률,증가,증감률,KOSIS_VALUE,202501,2025-01-04,M,전월,,1,206,206,REVIEW,AMBIGUOUS_TABLE,"1·2위 점수 차이 부족: margin=0, required=20","물가,소비자물가",lexical,206.0,Y,,,,101,DT_1J22041,연도별 소비자물가 등락률,1964001,소비자물가조사,지수종류:생활물가지수[1]/item=N/score=12,T,전년비,%,30,I,지수종류,1,생활물가지수,12,itm/obj 후보 선택,direct,,정부는 지난달까지 4개월간 1%대를 유지한 물가 상승률이 이달에는 2%대로 올라설 것으로 보고 있다.
A0041-C021,A0041-C021-m3,물가 상승률,물가,-,2,%,%,rate,,,증감률,증가,증감률,KOSIS_VALUE,202501,2025-01-04,M,전월,,2,206,,ALTERNATE,NOT_TOP_TABLE,후순위 통계표 후보,"물가,소비자물가",lexical,206.0,Y,,,,101,DT_1J22042,월별 소비자물가 등락률,1964001,소비자물가조사,지수종류:생활물가지수[1]/item=N/score=12,T02,전월비,%,30,I,지수종류,1,생활물가지수,12,itm/obj 후보 선택,direct,,정부는 지난달까지 4개월간 1%대를 유지한 물가 상승률이 이달에는 2%대로 올라설 것으로 보고 있다.
A0041-C021,A0041-C021-m3,물가 상승률,물가,-,2,%,%,rate,,,증감률,증가,증감률,KOSIS_VALUE,202501,2025-01-04,M,전월,,3,164,,ALTERNATE,NOT_TOP_TABLE,후순위 통계표 후보,물가,lexical,164.0,Y,,,,113,DT_113_STBL_1030568,관광 당일여행 만족도_관광지 물가,1976046,국민여행조사 > 국내여행,meta_index 없음 또는 코드명 매칭 없음,,,,,,,,,,meta 없음,,,정부는 지난달까지 4개월간 1%대를 유지한 물가 상승률이 이달에는 2%대로 올라설 것으로 보고 있다.
A0041-C021,A0041-C021-m3,물가 상승률,물가,-,2,%,%,rate,,,증감률,증가,증감률,KOSIS_VALUE,202501,2025-01-04,M,전월,,4,164,,ALTERNATE,NOT_TOP_TABLE,후순위 통계표 후보,물가,lexical,164.0,Y,,,,113,DT_113_STBL_1030567,관광 숙박여행 만족도_관광지 물가,1976046,국민여행조사 > 국내여행,meta_index 없음 또는 코드명 매칭 없음,,,,,,,,,,meta 없음,,,정부는 지난달까지 4개월간 1%대를 유지한 물가 상승률이 이달에는 2%대로 올라설 것으로 보고 있다.
A0041-C021,A0041-C021-m3,물가 상승률,물가,-,2,%,%,rate,,,증감률,증가,증감률,KOSIS_VALUE,202501,2025-01-04,M,전월,,5,164,,ALTERNATE,NOT_TOP_TABLE,후순위 통계표 후보,물가,lexical,164.0,Y,,,,113,DT_113_STBL_1030566,관광여행 만족도_관광지 물가,1976046,국민여행조사 > 국내여행,meta_index 없음 또는 코드명 매칭 없음,,,,,,,,,,meta 없음,,,정부는 지난달까지 4개월간 1%대를 유지한 물가 상승률이 이달에는 2%대로 올라설 것으로 보고 있다.
A0043-C040,A0043-C040-m1,회원사 수,기타,-,946,개,개,count,,,수준값,-,현재값,KOSIS_VALUE,2025,2025-01-04,Y,전년,,1,194,158,REJECT,NO_COMPATIBLE_ITEM,단위·지표 의미가 맞는 ITEM 없음,회원사,lexical,194.0,Y,,,,388,TX_38804_A001,회원사별 전력시장 참여 설비용량,2007450,전력시장통계 > 회원사 및 시장참여설비,회원사별:기타[15388AC9AG]/item=N/score=24 | 회원사별:합계[15388AC900]/item=N/score=18 | 회원사별:회원사 A[15388AC9AA]/item=N/score=18 | 회원사별:회원사 B[15388AC9AE]/item=N/score=18 | 회원사별:회원사 C[15388AC9AD]/item=N/score=18 | 회원사별:회원사 D[15388AC9AC]/item=N/score=18 | 회원사별:회원사 E[15388AC9AF]/item=N/score=18 | 회원사별:회원사 F[15388AC9AB]/item=N/score=18,,,,,15388AC9,회원사별,15388AC9AG,기타,17,itm/obj 후보 선택,,,946개 조합 및 단체가 회원사다.
A0043-C040,A0043-C040-m1,회원사 수,기타,-,946,개,개,count,,,수준값,-,현재값,KOSIS_VALUE,2025,2025-01-04,Y,전년,,2,158,,ALTERNATE,NOT_TOP_TABLE,후순위 통계표 후보,회원사,lexical,158.0,Y,,,,388,DT_38804_B02,신재생에너지 전력시장 참여 설비용량,2007450,전력시장통계 > 회원사 및 시장참여설비,meta_index 없음 또는 코드명 매칭 없음,,,,,15388AD1,연료원별,38804AA2,IGCC,2,itm/obj 후보 선택,,,946개 조합 및 단체가 회원사다.
A0043-C040,A0043-C040-m1,회원사 수,기타,-,946,개,개,count,,,수준값,-,현재값,KOSIS_VALUE,2025,2025-01-04,Y,전년,,3,158,,ALTERNATE,NOT_TOP_TABLE,후순위 통계표 후보,회원사,lexical,158.0,Y,,,,388,DT_38804_C13,연도별 월별 전력시장 참여 설비용량,2007450,전력시장통계 > 회원사 및 시장참여설비,meta_index 없음 또는 코드명 매칭 없음,,,,,,,,,,meta 없음,,,946개 조합 및 단체가 회원사다.
A0043-C040,A0043-C040-m1,회원사 수,기타,-,946,개,개,count,,,수준값,-,현재값,KOSIS_VALUE,2025,2025-01-04,Y,전년,,4,158,,ALTERNATE,NOT_TOP_TABLE,후순위 통계표 후보,회원사,lexical,158.0,Y,,,,388,TX_38804_A002,연료원별 전력시장 참여 설비용량,2007450,전력시장통계 > 회원사 및 시장참여설비,meta_index 없음 또는 코드명 매칭 없음,,,,,,,,,,meta 없음,,,946개 조합 및 단체가 회원사다.
A0043-C040,A0043-C040-m1,회원사 수,기타,-,946,개,개,count,,,수준값,-,현재값,KOSIS_VALUE,2025,2025-01-04,Y,전년,,5,158,,ALTERNATE,NOT_TOP_TABLE,후순위 통계표 후보,회원사,lexical,158.0,Y,,,,388,DT_38804_B01,지역별 전력시장 참여 설비용량,2007450,전력시장통계 > 회원사 및 시장참여설비,meta_index 없음 또는 코드명 매칭 없음,,,,,,,,,,meta 없음,,,946개 조합 및 단체가 회원사다.
A0047-C024,A0047-C024-m1,상장 기업의 할인율,금융·금리,-,15,%,%,rate,,,수준값,유지,현재값,KOSIS_VALUE,2024,2025-01-04,Y,전년,,1,238,238,REVIEW,AMBIGUOUS_TABLE,"1·2위 점수 차이 부족: margin=0, required=23","상장,기업의",lexical,238.0,Y,,,,395,DT_395N_S2024262,기업의 운영 상황: 상장여부,2003024,한국기업혁신조사 > 2025년도 조사(서비스 부문) > 기업의 운영 상황,상장여부별:거래소 상장기업(KOSPI)[002]/item=N/score=12 | 상장여부별:계[001]/item=N/score=12 | 상장여부별:코넥스 상장기업[004]/item=N/score=12 | 상장여부별:코스닥 상장기업[003]/item=N/score=12 | 상장여부별:해당사항 없음[005]/item=N/score=12 | 특성별:금융 및 보험업[002005]/item=N/score=6,T002,비율,%,30,B,상장여부별,001,계,17,itm/obj 후보 선택,direct,,지난해 유가증권시장 상장 기업의 할인율은 15%대였다.
A0047-C024,A0047-C024-m1,상장 기업의 할인율,금융·금리,-,15,%,%,rate,,,수준값,유지,현재값,KOSIS_VALUE,2024,2025-01-04,Y,전년,,2,238,,ALTERNATE,NOT_TOP_TABLE,후순위 통계표 후보,"상장,기업의",lexical,238.0,Y,,,,395,DT_395N_S2023293,기업의 운영 상황: 상장여부,2003024,한국기업혁신조사 > 2024년도 조사(제조업 부문) > 기업의 운영 상황,상장여부별:거래소 상장기업(KOSPI)[002]/item=N/score=12 | 상장여부별:계[001]/item=N/score=12 | 상장여부별:코넥스 상장기업[004]/item=N/score=12 | 상장여부별:코스닥 상장기업[003]/item=N/score=12 | 상장여부별:해당사항 없음[005]/item=N/score=12,T002,비율,%,30,B,상장여부별,001,계,17,itm/obj 후보 선택,direct,,지난해 유가증권시장 상장 기업의 할인율은 15%대였다.
A0047-C024,A0047-C024-m1,상장 기업의 할인율,금융·금리,-,15,%,%,rate,,,수준값,유지,현재값,KOSIS_VALUE,2024,2025-01-04,Y,전년,,3,238,,ALTERNATE,NOT_TOP_TABLE,후순위 통계표 후보,"상장,기업의",lexical,238.0,Y,,,,395,DT_395N_S2022293,기업의 운영 상황: 상장여부,2003024,한국기업혁신조사 > 2023년도 조사(서비스 부문) > 기업의 운영 상황,meta_index 없음 또는 코드명 매칭 없음,,,,,,,,,,meta 없음,,,지난해 유가증권시장 상장 기업의 할인율은 15%대였다.
A0047-C024,A0047-C024-m1,상장 기업의 할인율,금융·금리,-,15,%,%,rate,,,수준값,유지,현재값,KOSIS_VALUE,2024,2025-01-04,Y,전년,,4,194,,ALTERNATE,NOT_TOP_TABLE,후순위 통계표 후보,기업의,lexical,194.0,Y,,,,395,DT_395N_S2022294,기업의 운영 상황: 국가산업단지 입주여부,2003024,한국기업혁신조사 > 2023년도 조사(서비스 부문) > 기업의 운영 상황,meta_index 없음 또는 코드명 매칭 없음,,,,,,,,,,meta 없음,,,지난해 유가증권시장 상장 기업의 할인율은 15%대였다.
A0047-C024,A0047-C024-m1,상장 기업의 할인율,금융·금리,-,15,%,%,rate,,,수준값,유지,현재값,KOSIS_VALUE,2024,2025-01-04,Y,전년,,5,194,,ALTERNATE,NOT_TOP_TABLE,후순위 통계표 후보,기업의,lexical,194.0,Y,,,,395,DT_395N_S2024259,기업의 운영 상황: 기업 형태,2003024,한국기업혁신조사 > 2025년도 조사(서비스 부문) > 기업의 운영 상황,meta_index 없음 또는 코드명 매칭 없음,,,,,,,,,,meta 없음,,,지난해 유가증권시장 상장 기업의 할인율은 15%대였다.
