claim_id,claim_measurement_id,article_id,title,date,url,claim_text,prev_sentence,next_sentence,claim_domain_scope,is_recurring_series,metric_domain,indicator,keywords,region,age_group,gender,industry_or_item,population_etc,origin_country,destination_country,period,period_end,prd_se,time_resolution_status,measurement_text,measurement_usage,measurement_source,measurement_indicator,measurement_item,measurement_period,measurement_prd_se,measurement_binding_source,measurement_role,value,value_min,value_max,value_approximate,unit,value_type,direction,change_base,evidence_text,extraction_confidence,needs_review,review_reason,measurement_repaired,measurement_fallback_count,measurement_binding_fallback_count,extraction_model,prompt_version,extracted_at,claim_indicator,claim_industry_or_item,item_ungrounded,dropped_item,claim_period,claim_prd_se,period_span_start,period_span_end,period_aggregation,raw_measurement_period,period_alignment_status,raw_unit,canonical_unit,unit_dimension,semantic_type,entity_type,comparison_period,mapping_eligible,in_ready,mapping_exclusion_code,mapping_exclusion_reason,mapping_gate,mapping_gate_reason,enrichment_actions,scope_gate_code,scope_gate_reason,scope_gate_severity,scope_gate_blocked
A2691-SP1ADEC33A36,A2691-SP1ADEC33A36-m1,A2691,수출 ‘톱10′ 기업 비중 40%로 역대 최대...‘대기업 쏠림’ 심화,45971.0,https://www.chosun.com/economy/economy_general/2025/11/10/STP3LFTONFGQLFJKML7SF2LS24/,올해 3분기 수출액 상위 10대 기업의 무역집중도가 40%로 역대 최고치를 기록했다.,-,반도체 수출 호황으로 대기업 실적이 크게 개선되면서 수출이 소수 대기업에 집중되는 현상이 심화되고 있다.,국내공식통계,Y,무역,기업 수,"수출액, 상위 10대 기업, 무역집중도, 역대 최고치",-,-,-,,-,-,-,2025,-,Q,확정,10대,KOSIS_VALUE,hcx,기업 수,-,2025Q3,Q,hcx,현재값,10,-,-,N,대,수준값,-,전분기,올해 3분기 수출액 상위 10대 기업의 무역집중도가 40%로 역대 최고치를 기록했다.,high,N,-,N,0,0,HCX-007,v1.6-early-kosis-context,2026-08-11,무역집중도,,N,,2025Q3,Q,,,,2025Q3,,대,대,count,count,organization,,Y,Y,,,READY,ELIGIBLE,,,,,N
A2691-SP1ADEC33A36,A2691-SP1ADEC33A36-m2,A2691,수출 ‘톱10′ 기업 비중 40%로 역대 최대...‘대기업 쏠림’ 심화,45971.0,https://www.chosun.com/economy/economy_general/2025/11/10/STP3LFTONFGQLFJKML7SF2LS24/,올해 3분기 수출액 상위 10대 기업의 무역집중도가 40%로 역대 최고치를 기록했다.,-,반도체 수출 호황으로 대기업 실적이 크게 개선되면서 수출이 소수 대기업에 집중되는 현상이 심화되고 있다.,국내공식통계,Y,무역,무역집중도,"수출액, 상위 10대 기업, 무역집중도, 역대 최고치",-,-,-,,-,-,-,2025,-,Q,확정,40%,KOSIS_VALUE,hcx,무역집중도,-,2025Q3,Q,hcx,현재값,40,-,-,N,%,비중,-,전분기,올해 3분기 수출액 상위 10대 기업의 무역집중도가 40%로 역대 최고치를 기록했다.,high,N,-,N,0,0,HCX-007,v1.6-early-kosis-context,2026-08-11,무역집중도,,N,,2025Q3,Q,,,,2025Q3,,%,%,rate,level,unspecified,,Y,Y,,,READY,ELIGIBLE,,,,,N
A2691-SP2D15617564,A2691-SP2D15617564-m1,A2691,수출 ‘톱10′ 기업 비중 40%로 역대 최대...‘대기업 쏠림’ 심화,45971.0,https://www.chosun.com/economy/economy_general/2025/11/10/STP3LFTONFGQLFJKML7SF2LS24/,중소기업은 298억달러(약 43조원)로 11.9% 증가했다.,중견기업도 323억달러(약 47조원)로 7.0% 늘어 분기 최고치를 기록했다.,"전체 수출에서 차지하는 비중을 보면, 대기업이 전체 수출의 66.1%를 차지하며 지난해 3분기(67.0%)와 비슷한 수준을 유지했다.",국내공식통계,Y,무역,중소기업의 수출액,"중소기업, 수출액, 증가율",-,-,-,,-,-,-,2024,-,Q,확정,298억달러,KOSIS_VALUE,hcx,중소기업의 수출액,-,2024Q3,Q,hcx,현재값,29800000000,-,-,N,달러,수준값,증가,전분기,중소기업은 298억달러(약 43조원)로 11.9% 증가했다.,high,N,-,N,0,0,HCX-007,v1.6-early-kosis-context,2026-08-11,중소기업의 수출액,,N,,2024Q3,Q,,,,2024Q3,,달러,달러,currency,amount,organization,,Y,Y,,,READY,ELIGIBLE,,,,,N
A2691-SP2D15617564,A2691-SP2D15617564-m2,A2691,수출 ‘톱10′ 기업 비중 40%로 역대 최대...‘대기업 쏠림’ 심화,45971.0,https://www.chosun.com/economy/economy_general/2025/11/10/STP3LFTONFGQLFJKML7SF2LS24/,중소기업은 298억달러(약 43조원)로 11.9% 증가했다.,중견기업도 323억달러(약 47조원)로 7.0% 늘어 분기 최고치를 기록했다.,"전체 수출에서 차지하는 비중을 보면, 대기업이 전체 수출의 66.1%를 차지하며 지난해 3분기(67.0%)와 비슷한 수준을 유지했다.",국내공식통계,Y,무역,중소기업의 수출액,"중소기업, 수출액, 증가율",-,-,-,,-,-,-,2024,-,Q,확정,43조원,KOSIS_VALUE,hcx,중소기업의 수출액,-,2024Q3,Q,hcx,현재값,43000000000000,-,-,Y,원,수준값,증가,전분기,중소기업은 298억달러(약 43조원)로 11.9% 증가했다.,high,N,-,N,0,0,HCX-007,v1.6-early-kosis-context,2026-08-11,중소기업의 수출액,,N,,2024Q3,Q,,,,2024Q3,,원,원,currency,amount,organization,,Y,Y,,,READY,ELIGIBLE,,,,,N
A2691-SPE00AD597A0,A2691-SPE00AD597A0-m1,A2691,수출 ‘톱10′ 기업 비중 40%로 역대 최대...‘대기업 쏠림’ 심화,45971.0,https://www.chosun.com/economy/economy_general/2025/11/10/STP3LFTONFGQLFJKML7SF2LS24/,"대기업의 경우 자본재 수출이 773억달러로 12.2% 증가했지만, 원자재(-5.1%)와 소비재(-5.4%)는 감소했다.",문제는 이런 수출 호황이 국내 경제 전반으로 파급되지 않는다는 점이다.,"중견기업과 중소기업은 자본재, 소비재, 원자재 모두 증가했지만 절대 금액은 대기업에 비해 크게 작았다.",국내공식통계,Y,무역,자본재 수출액,"수출, 톱10, 기업, 비중, 역대, 최대, 대기업, 쏠림, 심화",-,-,-,자본재,-,-,-,2024,-,Q,확정,773억달러,KOSIS_VALUE,hcx,자본재 수출액,자본재,2024Q3,Q,hcx,현재값,77300000000,-,-,N,달러,수준값,증가,전분기,"대기업의 경우 자본재 수출이 773억달러로 12.2% 증가했지만, 원자재(-5.1%)와 소비재(-5.4%)는 감소했다.",high,N,-,N,0,0,HCX-007,v1.6-early-kosis-context,2026-08-11,수출액,"자본재, 원자재, 소비재",N,,2024Q3,Q,,,,2024Q3,,달러,달러,currency,amount,item,,Y,Y,,,READY,ELIGIBLE,,,,,N
A2691-SPD702593F28,A2691-SPD702593F28-m1,A2691,수출 ‘톱10′ 기업 비중 40%로 역대 최대...‘대기업 쏠림’ 심화,45971.0,https://www.chosun.com/economy/economy_general/2025/11/10/STP3LFTONFGQLFJKML7SF2LS24/,"대기업의 소비재 수출은 119억달러로 여전히 5.4% 감소했지만, 중견기업(4.4%)과 중소기업(24.9%)은 증가했다.",하지만 이마저도 현대차 등 대기업 중심이다.,중소기업의 소비재 수출 증가율이 높아 보이지만 금액으로는 84억달러에 불과해 대기업의 70% 수준이다.,국내공식통계,Y,무역,소비재 수출,"수출, 대기업, 중견기업, 중소기업, 소비재",-,-,-,,-,-,-,2024,-,Q,확정,119억달러,KOSIS_VALUE,hcx,소비재 수출,,2024Q3,Q,hcx,현재값,11900000000,-,-,N,달러,수준값,감소,전분기,"대기업의 소비재 수출은 119억달러로 여전히 5.4% 감소했지만, 중견기업(4.4%)과 중소기업(24.9%)은 증가했다.",high,N,-,N,0,0,HCX-007,v1.6-early-kosis-context,2026-08-11,소비재 수출,,Y,현대차 등 대기업,2024Q3,Q,,,,2024Q3,,달러,달러,currency,amount,item,,Y,Y,,,READY,ELIGIBLE,,,,,N
A2681-SP2FBE24AE2B,A2681-SP2FBE24AE2B-m2,A2681,"다문화 혼인 5% 증가, 전체 혼인 10건 중 1건은 다문화 결혼",45967.0,https://www.chosun.com/economy/economy_general/2025/11/06/ICMO6ZPTDVFSNKDVKFZJT2F77U/,전년 대비 5.0%(1019건) 증가한 규모다.,지난해 다문화 혼인(국제결혼)이 2만1450건을 기록한 것으로 6일 집계됐다.,전체 혼인 중 다문화 혼인 비중은 9.6%로 혼인 10건 중 1건은 다문화 혼인이었다.,국내공식통계,Y,인구,다문화 혼인 건수,"다문화 혼인, 국제결혼, 전체 혼인, 비중",-,-,-,,-,-,-,2024,-,Y,확정,1019건,KOSIS_VALUE,hcx,다문화 혼인 건수,-,2024,Y,hcx,현재값,1019,-,-,N,건,수준값,증가,전년,전년 대비 5.0%(1019건) 증가한 규모다.,high,N,-,N,0,0,HCX-007,v1.6-early-kosis-context,2026-08-11,다문화 혼인 건수,,N,,2024,Y,,,,2024,,건,건,count,count,unspecified,,Y,Y,,,READY,ELIGIBLE,,,,,N
A2681-SPC56928E7DA,A2681-SPC56928E7DA-m2,A2681,"다문화 혼인 5% 증가, 전체 혼인 10건 중 1건은 다문화 결혼",45967.0,https://www.chosun.com/economy/economy_general/2025/11/06/ICMO6ZPTDVFSNKDVKFZJT2F77U/,전체 혼인 중 다문화 혼인 비중은 9.6%로 혼인 10건 중 1건은 다문화 혼인이었다.,전년 대비 5.0%(1019건) 증가한 규모다.,"6일 국가데이터처가 발표한 ’2024년 다문화 인구동태 통계결과’에 따르면, 전체 혼인 중 다문화 혼인 비중은 9.6%로 전년 대비 1.0%포인트 감소했다.",국내공식통계,Y,인구,전체 혼인 건수,"다문화 혼인, 전체 혼인, 국제결혼, 비중",-,-,-,,-,-,-,2024,-,Y,확정,10건,KOSIS_VALUE,hcx,전체 혼인 건수,-,2024,Y,hcx,현재값,10,-,-,N,건,수준값,-,-,전체 혼인 중 다문화 혼인 비중은 9.6%로 혼인 10건 중 1건은 다문화 혼인이었다.,high,N,-,Y,0,0,HCX-007,v1.6-early-kosis-context,2026-08-11,다문화 혼인 비중,,N,,2024,Y,,,,2024,,건,건,count,count,unspecified,,Y,Y,,,READY,ELIGIBLE,,,,,N
A2681-SPC56928E7DA,A2681-SPC56928E7DA-m3,A2681,"다문화 혼인 5% 증가, 전체 혼인 10건 중 1건은 다문화 결혼",45967.0,https://www.chosun.com/economy/economy_general/2025/11/06/ICMO6ZPTDVFSNKDVKFZJT2F77U/,전체 혼인 중 다문화 혼인 비중은 9.6%로 혼인 10건 중 1건은 다문화 혼인이었다.,전년 대비 5.0%(1019건) 증가한 규모다.,"6일 국가데이터처가 발표한 ’2024년 다문화 인구동태 통계결과’에 따르면, 전체 혼인 중 다문화 혼인 비중은 9.6%로 전년 대비 1.0%포인트 감소했다.",국내공식통계,Y,인구,다문화 혼인 건수,"다문화 혼인, 전체 혼인, 국제결혼, 비중",-,-,-,,-,-,-,2024,-,Y,확정,1건,KOSIS_VALUE,hcx,다문화 혼인 건수,-,2024,Y,hcx,현재값,1,-,-,N,건,수준값,-,-,전체 혼인 중 다문화 혼인 비중은 9.6%로 혼인 10건 중 1건은 다문화 혼인이었다.,high,N,-,Y,0,0,HCX-007,v1.6-early-kosis-context,2026-08-11,다문화 혼인 비중,,N,,2024,Y,,,,2024,,건,건,count,count,unspecified,,Y,Y,,,READY,ELIGIBLE,,,,,N
A2681-SP30B42ECECF,A2681-SP30B42ECECF-m1,A2681,"다문화 혼인 5% 증가, 전체 혼인 10건 중 1건은 다문화 결혼",45967.0,https://www.chosun.com/economy/economy_general/2025/11/06/ICMO6ZPTDVFSNKDVKFZJT2F77U/,다문화 출생(1만3416명)은 전년 대비 10.4%(1266명) 증가했다.,다문화 이혼을 한 부부의 평균 결혼 생활 기간은 10년 3개월로 전년 대비 0.2년 증가했다.,2014년(2만1200명) 이후 해마다 감소하며 2023년 1만2200명까지 줄었다가 지난해에 다시 반등했다.,국내공식통계,Y,인구,다문화 출생,"다문화, 출생, 전년 대비, 증가",-,-,-,,-,-,-,2024,-,Y,확정,1만3416명,KOSIS_VALUE,hcx,다문화 출생,-,2023,Y,hcx,현재값,13416,-,-,N,명,수준값,증가,전년,다문화 출생(1만3416명)은 전년 대비 10.4%(1266명) 증가했다.,high,N,-,Y,0,0,HCX-007,v1.6-early-kosis-context,2026-08-11,다문화 출생,,N,,2023,Y,,,,2023,RELATIVE_CONTEXT_TO_PUBLICATION_YEAR,명,명,person_count,count,unspecified,,Y,Y,,,READY,ELIGIBLE,,,,,N
A2681-SP30B42ECECF,A2681-SP30B42ECECF-m3,A2681,"다문화 혼인 5% 증가, 전체 혼인 10건 중 1건은 다문화 결혼",45967.0,https://www.chosun.com/economy/economy_general/2025/11/06/ICMO6ZPTDVFSNKDVKFZJT2F77U/,다문화 출생(1만3416명)은 전년 대비 10.4%(1266명) 증가했다.,다문화 이혼을 한 부부의 평균 결혼 생활 기간은 10년 3개월로 전년 대비 0.2년 증가했다.,2014년(2만1200명) 이후 해마다 감소하며 2023년 1만2200명까지 줄었다가 지난해에 다시 반등했다.,국내공식통계,Y,인구,다문화 출생 증감값,"다문화, 출생, 전년 대비, 증가",-,-,-,,-,-,-,2024,-,Y,확정,1266명,KOSIS_VALUE,hcx,다문화 출생 증감값,-,2023,Y,hcx,증감값,1266,-,-,N,명,증감량,증가,전년,다문화 출생(1만3416명)은 전년 대비 10.4%(1266명) 증가했다.,high,N,-,Y,0,0,HCX-007,v1.6-early-kosis-context,2026-08-11,다문화 출생,,N,,2023,Y,,,,2023,RELATIVE_CONTEXT_TO_PUBLICATION_YEAR,명,명,person_count,absolute_change,unspecified,2023,Y,Y,,,READY,ELIGIBLE,,,,,N
A1019-SP67B37A8EED,A1019-SP67B37A8EED-m1,A1019,‘연상녀·연하남’ 초혼 부부 비중 19.9% 역대 최대,45736.0,https://www.chosun.com/economy/economy_general/2025/03/20/KH26XILK7FGYPGUVBBDUA2B3OU,특히 부부 모두 초혼인 신혼부부 중 아내가 연상인 경우는 3만5600건으로 전체 초혼 건수의 19.9%를 차지했다.,"이 가운데 아내와 남편 모두 초혼인 건수는 17만8700건(80.4%)으로, 지난 2000년(81.9%) 이후 24년 만에 80%선을넘었다.","이는 지난 1990년 관련 통계 작성 이래 최대치로, 1990년 당시 아내가 연상인 초혼 비중이 8.8%에 그쳤던 것과 비교하면 2.3배 불어난 규모다.",국내공식통계,Y,인구,아내가 연상인 초혼 건수,"초혼, 신혼부부, 연상, 연하, 비중, 역대 최대",-,-,-,,-,-,-,2024,-,Y,확정,3만5600건,KOSIS_VALUE,hcx,아내가 연상인 초혼 건수,-,2024,Y,hcx,현재값,35600,-,-,N,건,수준값,-,전년,특히 부부 모두 초혼인 신혼부부 중 아내가 연상인 경우는 3만5600건으로 전체 초혼 건수의 19.9%를 차지했다.,high,N,-,N,0,0,HCX-007,v1.6-early-kosis-context,2026-08-11,아내가 연상인 초혼 비율,,N,,2024,Y,,,,2024,,건,건,count,count,unspecified,,Y,Y,,,READY,ELIGIBLE,,,,,N
A1019-SPF30CC6C344,A1019-SPF30CC6C344-m1,A1019,‘연상녀·연하남’ 초혼 부부 비중 19.9% 역대 최대,45736.0,https://www.chosun.com/economy/economy_general/2025/03/20/KH26XILK7FGYPGUVBBDUA2B3OU,"반대로 남편이 연상인 경우는 11만3400건(63.5%)으로, 1990년 통계 작성 이후 가장 낮은 비율을 보였다.","이는 지난 1990년 관련 통계 작성 이래 최대치로, 1990년 당시 아내가 연상인 초혼 비중이 8.8%에 그쳤던 것과 비교하면 2.3배 불어난 규모다.",아내와 남편이 동갑인 초혼 건수는 2만9800건(16.7%)이었다.,국내공식통계,Y,인구,남편이 연상인 경우의 건수,"초혼, 부부, 비율, 남편, 연상",-,-,-,,-,-,-,2024,-,Y,확정,11만3400건,KOSIS_VALUE,hcx,남편이 연상인 경우의 건수,-,2024,Y,hcx,현재값,113400,-,-,N,건,수준값,-,전년,"반대로 남편이 연상인 경우는 11만3400건(63.5%)으로, 1990년 통계 작성 이후 가장 낮은 비율을 보였다.",high,N,-,N,0,0,HCX-007,v1.6-early-kosis-context,2026-08-11,남편이 연상인 경우의 비율,,N,,2024,Y,,,,2024,,건,건,count,count,unspecified,,Y,Y,,,READY,ELIGIBLE,,,,,N
A1019-SP52F58EB041,A1019-SP52F58EB041-m1,A1019,‘연상녀·연하남’ 초혼 부부 비중 19.9% 역대 최대,45736.0,https://www.chosun.com/economy/economy_general/2025/03/20/KH26XILK7FGYPGUVBBDUA2B3OU,아내와 남편이 동갑인 초혼 건수는 2만9800건(16.7%)이었다.,"반대로 남편이 연상인 경우는 11만3400건(63.5%)으로, 1990년 통계 작성 이후 가장 낮은 비율을 보였다.",초혼인 연상녀와 연하남이 결혼한 신혼부부 중 아내가 남편보다 10살 이상 많은 경우도 400건에 달했다.,국내공식통계,Y,인구,아내와 남편이 동갑인 초혼 건수,"초혼, 부부, 동갑, 혼인 통계",-,-,-,,-,-,-,2024,-,Y,확정,2만9800건,KOSIS_VALUE,hcx,아내와 남편이 동갑인 초혼 건수,-,2024,Y,hcx,현재값,29800,-,-,N,건,수준값,-,전년,아내와 남편이 동갑인 초혼 건수는 2만9800건(16.7%)이었다.,high,N,-,N,0,0,HCX-007,v1.6-early-kosis-context,2026-08-11,아내와 남편이 동갑인 초혼 건수,,N,,2024,Y,,,,2024,,건,건,count,count,unspecified,,Y,Y,,,READY,ELIGIBLE,,,,,N
A2686-SPA255D86131,A2686-SPA255D86131-m2,A2686,"경제지표는 올랐지만… 국민 “불행하고, 사회 신뢰 안 해”",45968.0,https://health.chosun.com/site/data/html_dir/2025/11/07/2025110702781.html,"지난 2024년 2·4분기 한국의 GDP 성장률은 마이너스 0.2%에서 2025년 같은 기간, 0.7%로 회복세다.",경제 성장률이 회복세임에도 국민들의 체감은 이를 따라가지 못하고 있는 것이다.,"보고서는 “한국 경제가 올해 빠르게 회복하고 있지만, 한 번 얼어붙은 국민들의 마음은 좀처럼 활력을 찾지 못하는 것으로 보인다”며 “경제, 사회, 삶을 바라보는 국민들의 부정적 심리가 그 어느 때보다 커 이들의 마음, 신뢰 회복이 절실하다”고 했다.",국내공식통계,Y,생산·산업,GDP 성장률,"경제성장률, 회복세",-,-,-,,-,-,-,2025,-,Y,확정,0.7%,KOSIS_VALUE,hcx,GDP 성장률,-,2025,Y,hcx,현재값,0.7,-,-,N,%,수준값,증가,전분기,"지난 2024년 2·4분기 한국의 GDP 성장률은 마이너스 0.2%에서 2025년 같은 기간, 0.7%로 회복세다.",high,N,-,Y,0,0,HCX-007,v1.6-early-kosis-context,2026-08-11,GDP 성장률,,N,,2025Q2,Q,,,,2025,,%,%,rate,level,unspecified,,Y,Y,,,READY,ELIGIBLE,,,,,N
A2386-SP2A759FCB9B,A2386-SP2A759FCB9B-m1,A2386,"1955년엔 전쟁 여파 ‘불구 상태’, 2020년부터는 ‘혼자 산 기간’ 조사",45842.0,https://www.chosun.com/economy/economy_general/2025/07/04/3TM7NWTGMBHMBB7OVKWWMTLA6E,0 ‘1930년 국민 77.8%(1589만여 명)가 글을 읽거나 쓸 줄 모르는 문맹 상태. 1970년 피아노와 오르간을 보유한 가구는 6만872가구에 불과….’,-,통계청이 올해 인구주택총조사(센서스) 시행 100년을 맞아 시대별로 사용해왔던 인구조사 주요 항목들을 추려 3일 발표했다.,국내공식통계,N,인구,문맹률,"국민, 문맹 상태, 피아노, 오르간, 가구",-,-,-,,-,-,-,1930,-,Y,확정,77.8%,KOSIS_VALUE,hcx,문맹률,-,1930,Y,hcx,현재값,77.8,-,-,N,%,비중,-,전년,'1930년 국민 77.8%(1589만여 명)가 글을 읽거나 쓸 줄 모르는 문맹 상태. 1970년 피아노와 오르간을 보유한 가구는 6만872가구에 불과….',high,N,-,N,0,0,HCX-007,v1.6-early-kosis-context,2026-08-11,"문맹률, 피아노와 오르간 보유 가구 수",,N,,"1930, 1970",Y,,,,1930,,%,%,rate,level,household,,Y,Y,,,READY,ELIGIBLE,,,,,N
A2386-SP2A759FCB9B,A2386-SP2A759FCB9B-m2,A2386,"1955년엔 전쟁 여파 ‘불구 상태’, 2020년부터는 ‘혼자 산 기간’ 조사",45842.0,https://www.chosun.com/economy/economy_general/2025/07/04/3TM7NWTGMBHMBB7OVKWWMTLA6E,0 ‘1930년 국민 77.8%(1589만여 명)가 글을 읽거나 쓸 줄 모르는 문맹 상태. 1970년 피아노와 오르간을 보유한 가구는 6만872가구에 불과….’,-,통계청이 올해 인구주택총조사(센서스) 시행 100년을 맞아 시대별로 사용해왔던 인구조사 주요 항목들을 추려 3일 발표했다.,국내공식통계,N,인구,문맹 인구,"국민, 문맹 상태, 피아노, 오르간, 가구",-,-,-,,-,-,-,1930,-,Y,확정,1589만여 명,KOSIS_VALUE,hcx,문맹 인구,-,1930,Y,hcx,현재값,15890000,-,-,Y,명,수준값,-,전년,'1930년 국민 77.8%(1589만여 명)가 글을 읽거나 쓸 줄 모르는 문맹 상태. 1970년 피아노와 오르간을 보유한 가구는 6만872가구에 불과….',high,N,-,N,0,0,HCX-007,v1.6-early-kosis-context,2026-08-11,"문맹률, 피아노와 오르간 보유 가구 수",,N,,"1930, 1970",Y,,,,1930,,명,명,person_count,count,person,,Y,Y,,,READY,ELIGIBLE,,,,,N
A2386-SP2A759FCB9B,A2386-SP2A759FCB9B-m3,A2386,"1955년엔 전쟁 여파 ‘불구 상태’, 2020년부터는 ‘혼자 산 기간’ 조사",45842.0,https://www.chosun.com/economy/economy_general/2025/07/04/3TM7NWTGMBHMBB7OVKWWMTLA6E,0 ‘1930년 국민 77.8%(1589만여 명)가 글을 읽거나 쓸 줄 모르는 문맹 상태. 1970년 피아노와 오르간을 보유한 가구는 6만872가구에 불과….’,-,통계청이 올해 인구주택총조사(센서스) 시행 100년을 맞아 시대별로 사용해왔던 인구조사 주요 항목들을 추려 3일 발표했다.,국내공식통계,N,인구,피아노와 오르간 보유 가구 수,"국민, 문맹 상태, 피아노, 오르간, 가구",-,-,-,,-,-,-,1970,-,Y,확정,6만872가구,KOSIS_VALUE,hcx,피아노와 오르간 보유 가구 수,-,1970,Y,hcx,현재값,60872,-,-,N,가구,수준값,-,전년,'1930년 국민 77.8%(1589만여 명)가 글을 읽거나 쓸 줄 모르는 문맹 상태. 1970년 피아노와 오르간을 보유한 가구는 6만872가구에 불과….',high,N,-,N,0,0,HCX-007,v1.6-early-kosis-context,2026-08-11,"문맹률, 피아노와 오르간 보유 가구 수",,N,,"1930, 1970",Y,,,,1970,,가구,가구,count,count,household,,Y,Y,,,READY,ELIGIBLE,,,,,N
A2386-SPEF2A048C61,A2386-SPEF2A048C61-m1,A2386,"1955년엔 전쟁 여파 ‘불구 상태’, 2020년부터는 ‘혼자 산 기간’ 조사",45842.0,https://www.chosun.com/economy/economy_general/2025/07/04/3TM7NWTGMBHMBB7OVKWWMTLA6E,"6·25전쟁 직후 진행된 1955년 조사에서는 전쟁으로 인한 부상자를 파악하기 위해 ‘불구 상태’(실명, 손발 절단 여부 등)를 최초로 조사했다. 당시 남녀 17만5177명이 신체 불구자로 집계됐다.",정부는 일제강점기였던 1925년 간이국세조사라는 명칭으로 최초로 인구 조사를 시작했다.,이는 당시 추계 인구(2150만2386명)의 0.8%였다.,국내공식통계,N,인구,신체 불구자,"전쟁, 불구 상태, 인구 조사",-,-,-,,-,-,-,1955,-,Y,확정,17만5177명,KOSIS_VALUE,hcx,신체 불구자,-,1955,Y,hcx,현재값,175177,-,-,N,명,수준값,-,-,"6·25전쟁 직후 진행된 1955년 조사에서는 전쟁으로 인한 부상자를 파악하기 위해 ‘불구 상태’(실명, 손발 절단 여부 등)를 최초로 조사했다. 당시 남녀 17만5177명이 신체 불구자로 집계됐다.",high,N,-,N,0,0,HCX-007,v1.6-early-kosis-context,2026-08-11,신체 불구자,,N,,1955,Y,,,,1955,,명,명,person_count,count,unspecified,,Y,Y,,,READY,ELIGIBLE,,,,,N
A2386-SPF5FEB2E6F5,A2386-SPF5FEB2E6F5-m1,A2386,"1955년엔 전쟁 여파 ‘불구 상태’, 2020년부터는 ‘혼자 산 기간’ 조사",45842.0,https://www.chosun.com/economy/economy_general/2025/07/04/3TM7NWTGMBHMBB7OVKWWMTLA6E,이는 당시 추계 인구(2150만2386명)의 0.8%였다.,당시 남녀 17만5177명이 신체 불구자로 집계됐다.,해방과 귀환 등으로 인구 이동이 활발했던 시대상을 반영해 ‘남한 전입 시기’와 ‘전입 국가’를 조사하기도 했다.,국내공식통계,N,인구,추계 인구,"전쟁 여파, 불구 상태, 인구 조사, 시대별 변화",-,-,-,,-,-,-,1955,-,Y,확정,2150만2386명,KOSIS_VALUE,hcx,추계 인구,-,1955,Y,hcx,현재값,21502386,-,-,N,명,수준값,-,-,이는 당시 추계 인구(2150만2386명)의 0.8%였다.,high,N,-,N,0,0,HCX-007,v1.6-early-kosis-context,2026-08-11,신체 불구자 비율,,N,,1955,Y,,,,1955,,명,명,person_count,count,person,,Y,Y,,,READY,ELIGIBLE,,,,,N
A2386-SP476B05C816,A2386-SP476B05C816-m2,A2386,"1955년엔 전쟁 여파 ‘불구 상태’, 2020년부터는 ‘혼자 산 기간’ 조사",45842.0,https://www.chosun.com/economy/economy_general/2025/07/04/3TM7NWTGMBHMBB7OVKWWMTLA6E,1930년 당시 조선인 인구 2043만명 중 1588만8127명(77.8%)이 ‘가나와 국문을 둘 다 못 하는 자’로 집계됐다.,1930년 시작됐던 문맹 여부 조사는 의무교육제 도입 등으로 문맹률이 낮아지면서 1970년을 끝으로 사라졌다.,"1960년에는 13세 이상 인구 중 문맹자 수가 445만4004명으로 크게 줄었고, 1970년에는 학교에 입학하지 않은 6세 이상 인구(약 512만명) 중 글을 모른다고 응답한 인구가 229만9323명으로 나타났다.",국내공식통계,N,인구,조선인 인구,"문맹 여부, 인구 조사, 조선인, 글 읽기, 쓰기 능력",-,-,-,,조선인,-,-,1930,-,Y,확정,2043만명,KOSIS_VALUE,hcx,조선인 인구,-,1930,Y,hcx,현재값,20430000,-,-,N,명,수준값,-,-,1930년 당시 조선인 인구 2043만명 중 1588만8127명(77.8%)이 ‘가나와 국문을 둘 다 못 하는 자’로 집계됐다.,high,N,-,Y,0,0,HCX-007,v1.6-early-kosis-context,2026-08-11,문맹률,,N,,1930,Y,,,,1930,,명,명,person_count,count,person,,Y,Y,,,READY,ELIGIBLE,,,,,N
A2386-SP476B05C816,A2386-SP476B05C816-m3,A2386,"1955년엔 전쟁 여파 ‘불구 상태’, 2020년부터는 ‘혼자 산 기간’ 조사",45842.0,https://www.chosun.com/economy/economy_general/2025/07/04/3TM7NWTGMBHMBB7OVKWWMTLA6E,1930년 당시 조선인 인구 2043만명 중 1588만8127명(77.8%)이 ‘가나와 국문을 둘 다 못 하는 자’로 집계됐다.,1930년 시작됐던 문맹 여부 조사는 의무교육제 도입 등으로 문맹률이 낮아지면서 1970년을 끝으로 사라졌다.,"1960년에는 13세 이상 인구 중 문맹자 수가 445만4004명으로 크게 줄었고, 1970년에는 학교에 입학하지 않은 6세 이상 인구(약 512만명) 중 글을 모른다고 응답한 인구가 229만9323명으로 나타났다.",국내공식통계,N,인구,글을 읽거나 쓸 줄 모르는 사람,"문맹 여부, 인구 조사, 조선인, 글 읽기, 쓰기 능력",-,-,-,,조선인,-,-,1930,-,Y,확정,1588만8127명,KOSIS_VALUE,hcx,글을 읽거나 쓸 줄 모르는 사람,-,1930,Y,hcx,현재값,15888127,-,-,N,명,수준값,-,-,1930년 당시 조선인 인구 2043만명 중 1588만8127명(77.8%)이 ‘가나와 국문을 둘 다 못 하는 자’로 집계됐다.,high,N,-,Y,0,0,HCX-007,v1.6-early-kosis-context,2026-08-11,문맹률,,N,,1930,Y,,,,1930,,명,명,person_count,count,person,,Y,Y,,,READY,ELIGIBLE,,,,,N
A2386-SP476B05C816,A2386-SP476B05C816-m4,A2386,"1955년엔 전쟁 여파 ‘불구 상태’, 2020년부터는 ‘혼자 산 기간’ 조사",45842.0,https://www.chosun.com/economy/economy_general/2025/07/04/3TM7NWTGMBHMBB7OVKWWMTLA6E,1930년 당시 조선인 인구 2043만명 중 1588만8127명(77.8%)이 ‘가나와 국문을 둘 다 못 하는 자’로 집계됐다.,1930년 시작됐던 문맹 여부 조사는 의무교육제 도입 등으로 문맹률이 낮아지면서 1970년을 끝으로 사라졌다.,"1960년에는 13세 이상 인구 중 문맹자 수가 445만4004명으로 크게 줄었고, 1970년에는 학교에 입학하지 않은 6세 이상 인구(약 512만명) 중 글을 모른다고 응답한 인구가 229만9323명으로 나타났다.",국내공식통계,N,인구,문맹률,"문맹 여부, 인구 조사, 조선인, 글 읽기, 쓰기 능력",-,-,-,,조선인,-,-,1930,-,Y,확정,77.8%,KOSIS_VALUE,hcx,문맹률,-,1930,Y,hcx,현재값,77.8,-,-,N,%,비중,-,-,1930년 당시 조선인 인구 2043만명 중 1588만8127명(77.8%)이 ‘가나와 국문을 둘 다 못 하는 자’로 집계됐다.,high,N,-,Y,0,0,HCX-007,v1.6-early-kosis-context,2026-08-11,문맹률,,N,,1930,Y,,,,1930,,%,%,rate,level,unspecified,,Y,Y,,,READY,ELIGIBLE,,,,,N
A2386-SP2B3FA3091E,A2386-SP2B3FA3091E-m2,A2386,"1955년엔 전쟁 여파 ‘불구 상태’, 2020년부터는 ‘혼자 산 기간’ 조사",45842.0,https://www.chosun.com/economy/economy_general/2025/07/04/3TM7NWTGMBHMBB7OVKWWMTLA6E,"1960년에는 13세 이상 인구 중 문맹자 수가 445만4004명으로 크게 줄었고, 1970년에는 학교에 입학하지 않은 6세 이상 인구(약 512만명) 중 글을 모른다고 응답한 인구가 229만9323명으로 나타났다.",1930년 당시 조선인 인구 2043만명 중 1588만8127명(77.8%)이 ‘가나와 국문을 둘 다 못 하는 자’로 집계됐다.,1960년부터는 인구 조사에 주택에 관한 조사를 더해 ‘인구주택총조사’로 확대했다.,국내공식통계,N,인구,문맹자 수,"문맹자, 인구, 1960년, 1970년",-,-,-,,-,-,-,1960,-,Y,확정,445만4004명,KOSIS_VALUE,hcx,문맹자 수,-,1960,Y,hcx,현재값,4454004,-,-,N,명,수준값,감소,전년,"1960년에는 13세 이상 인구 중 문맹자 수가 445만4004명으로 크게 줄었고, 1970년에는 학교에 입학하지 않은 6세 이상 인구(약 512만명) 중 글을 모른다고 응답한 인구가 229만9323명으로 나타났다.",high,N,-,Y,0,0,HCX-007,v1.6-early-kosis-context,2026-08-11,문맹자 수,,N,,"1960, 1970",Y,,,,1960,,명,명,person_count,count,unspecified,,Y,Y,,,READY,ELIGIBLE,,,,,N
A2386-SP2B3FA3091E,A2386-SP2B3FA3091E-m4,A2386,"1955년엔 전쟁 여파 ‘불구 상태’, 2020년부터는 ‘혼자 산 기간’ 조사",45842.0,https://www.chosun.com/economy/economy_general/2025/07/04/3TM7NWTGMBHMBB7OVKWWMTLA6E,"1960년에는 13세 이상 인구 중 문맹자 수가 445만4004명으로 크게 줄었고, 1970년에는 학교에 입학하지 않은 6세 이상 인구(약 512만명) 중 글을 모른다고 응답한 인구가 229만9323명으로 나타났다.",1930년 당시 조선인 인구 2043만명 중 1588만8127명(77.8%)이 ‘가나와 국문을 둘 다 못 하는 자’로 집계됐다.,1960년부터는 인구 조사에 주택에 관한 조사를 더해 ‘인구주택총조사’로 확대했다.,국내공식통계,N,인구,문맹자 수,"문맹자, 인구, 1960년, 1970년",-,-,-,,-,-,-,1970,-,Y,확정,512만명,KOSIS_VALUE,hcx,문맹자 수,-,1970,Y,hcx,현재값,5120000,-,-,Y,명,수준값,감소,전년,"1960년에는 13세 이상 인구 중 문맹자 수가 445만4004명으로 크게 줄었고, 1970년에는 학교에 입학하지 않은 6세 이상 인구(약 512만명) 중 글을 모른다고 응답한 인구가 229만9323명으로 나타났다.",high,N,-,Y,0,0,HCX-007,v1.6-early-kosis-context,2026-08-11,문맹자 수,,N,,"1960, 1970",Y,,,,1970,,명,명,person_count,count,unspecified,,Y,Y,,,READY,ELIGIBLE,,,,,N
A2386-SP2B3FA3091E,A2386-SP2B3FA3091E-m5,A2386,"1955년엔 전쟁 여파 ‘불구 상태’, 2020년부터는 ‘혼자 산 기간’ 조사",45842.0,https://www.chosun.com/economy/economy_general/2025/07/04/3TM7NWTGMBHMBB7OVKWWMTLA6E,"1960년에는 13세 이상 인구 중 문맹자 수가 445만4004명으로 크게 줄었고, 1970년에는 학교에 입학하지 않은 6세 이상 인구(약 512만명) 중 글을 모른다고 응답한 인구가 229만9323명으로 나타났다.",1930년 당시 조선인 인구 2043만명 중 1588만8127명(77.8%)이 ‘가나와 국문을 둘 다 못 하는 자’로 집계됐다.,1960년부터는 인구 조사에 주택에 관한 조사를 더해 ‘인구주택총조사’로 확대했다.,국내공식통계,N,인구,문맹자 수,"문맹자, 인구, 1960년, 1970년",-,-,-,,-,-,-,1970,-,Y,확정,229만9323명,KOSIS_VALUE,hcx,문맹자 수,-,1970,Y,hcx,현재값,2299323,-,-,N,명,수준값,감소,전년,"1960년에는 13세 이상 인구 중 문맹자 수가 445만4004명으로 크게 줄었고, 1970년에는 학교에 입학하지 않은 6세 이상 인구(약 512만명) 중 글을 모른다고 응답한 인구가 229만9323명으로 나타났다.",high,N,-,Y,0,0,HCX-007,v1.6-early-kosis-context,2026-08-11,문맹자 수,,N,,"1960, 1970",Y,,,,1970,,명,명,person_count,count,unspecified,,Y,Y,,,READY,ELIGIBLE,,,,,N
A2386-SPAA0891CFE7,A2386-SPAA0891CFE7-m2,A2386,"1955년엔 전쟁 여파 ‘불구 상태’, 2020년부터는 ‘혼자 산 기간’ 조사",45842.0,https://www.chosun.com/economy/economy_general/2025/07/04/3TM7NWTGMBHMBB7OVKWWMTLA6E,"경제 고도 성장기였던 1970~80년대에는 피아노, 전축 등 사치품의 소유 여부를 물어 가구의 경제 수준을 파악하려고 했다. 1970년 피아노와 오르간을 보유한 가구 수는 6만872가구에 불과했지만, 1980년에는 29만9010가구로 급증했고 1985년에는 57만5993가구까지 늘면서 중산층이 두꺼워졌다.",1960년부터는 인구 조사에 주택에 관한 조사를 더해 ‘인구주택총조사’로 확대했다.,1980년에는 수도권 인구 분산 정책의 기초 자료로 쓰기 위해 ‘통근통학 여부’를 물었다.,국내공식통계,N,소매·소비,피아노와 오르간 보유 가구 수,"피아노, 오르간, 가구, 경제 수준",-,-,-,,-,-,-,1970,-,Y,확정,1970년 피아노와 오르간을 보유한 가구 수는 6만872가구에 불과했지만,KOSIS_VALUE,hcx,피아노와 오르간 보유 가구 수,-,1970,Y,hcx,현재값,60872,-,-,N,가구,수준값,-,전년,"경제 고도 성장기였던 1970~80년대에는 피아노, 전축 등 사치품의 소유 여부를 물어 가구의 경제 수준을 파악하려고 했다. 1970년 피아노와 오르간을 보유한 가구 수는 6만872가구에 불과했지만, 1980년에는 29만9010가구로 급증했고 1985년에는 57만5993가구까지 늘면서 중산층이 두꺼워졌다.",high,N,-,Y,0,0,HCX-007,v1.6-early-kosis-context,2026-08-11,피아노와 오르간 보유 가구 수,,N,,"1970, 1980, 1985",Y,,,,1970,,가구,가구,count,count,household,,Y,Y,,,READY,ELIGIBLE,,,,,N
A2386-SPAA0891CFE7,A2386-SPAA0891CFE7-m3,A2386,"1955년엔 전쟁 여파 ‘불구 상태’, 2020년부터는 ‘혼자 산 기간’ 조사",45842.0,https://www.chosun.com/economy/economy_general/2025/07/04/3TM7NWTGMBHMBB7OVKWWMTLA6E,"경제 고도 성장기였던 1970~80년대에는 피아노, 전축 등 사치품의 소유 여부를 물어 가구의 경제 수준을 파악하려고 했다. 1970년 피아노와 오르간을 보유한 가구 수는 6만872가구에 불과했지만, 1980년에는 29만9010가구로 급증했고 1985년에는 57만5993가구까지 늘면서 중산층이 두꺼워졌다.",1960년부터는 인구 조사에 주택에 관한 조사를 더해 ‘인구주택총조사’로 확대했다.,1980년에는 수도권 인구 분산 정책의 기초 자료로 쓰기 위해 ‘통근통학 여부’를 물었다.,국내공식통계,N,소매·소비,피아노와 오르간 보유 가구 수,"피아노, 오르간, 가구, 경제 수준",-,-,-,,-,-,-,1980,-,Y,확정,1980년에는 29만9010가구로 급증했고,KOSIS_VALUE,hcx,피아노와 오르간 보유 가구 수,-,1980,Y,hcx,현재값,299010,-,-,N,가구,수준값,-,전년,"경제 고도 성장기였던 1970~80년대에는 피아노, 전축 등 사치품의 소유 여부를 물어 가구의 경제 수준을 파악하려고 했다. 1970년 피아노와 오르간을 보유한 가구 수는 6만872가구에 불과했지만, 1980년에는 29만9010가구로 급증했고 1985년에는 57만5993가구까지 늘면서 중산층이 두꺼워졌다.",high,N,-,Y,0,0,HCX-007,v1.6-early-kosis-context,2026-08-11,피아노와 오르간 보유 가구 수,,N,,"1970, 1980, 1985",Y,,,,1980,,가구,가구,count,count,household,,Y,Y,,,READY,ELIGIBLE,,,,,N
A2386-SPAA0891CFE7,A2386-SPAA0891CFE7-m4,A2386,"1955년엔 전쟁 여파 ‘불구 상태’, 2020년부터는 ‘혼자 산 기간’ 조사",45842.0,https://www.chosun.com/economy/economy_general/2025/07/04/3TM7NWTGMBHMBB7OVKWWMTLA6E,"경제 고도 성장기였던 1970~80년대에는 피아노, 전축 등 사치품의 소유 여부를 물어 가구의 경제 수준을 파악하려고 했다. 1970년 피아노와 오르간을 보유한 가구 수는 6만872가구에 불과했지만, 1980년에는 29만9010가구로 급증했고 1985년에는 57만5993가구까지 늘면서 중산층이 두꺼워졌다.",1960년부터는 인구 조사에 주택에 관한 조사를 더해 ‘인구주택총조사’로 확대했다.,1980년에는 수도권 인구 분산 정책의 기초 자료로 쓰기 위해 ‘통근통학 여부’를 물었다.,국내공식통계,N,소매·소비,피아노와 오르간 보유 가구 수,"피아노, 오르간, 가구, 경제 수준",-,-,-,,-,-,-,1985,-,Y,확정,1985년에는 57만5993가구까지 늘면서,KOSIS_VALUE,hcx,피아노와 오르간 보유 가구 수,-,1985,Y,hcx,현재값,575993,-,-,N,가구,수준값,-,전년,"경제 고도 성장기였던 1970~80년대에는 피아노, 전축 등 사치품의 소유 여부를 물어 가구의 경제 수준을 파악하려고 했다. 1970년 피아노와 오르간을 보유한 가구 수는 6만872가구에 불과했지만, 1980년에는 29만9010가구로 급증했고 1985년에는 57만5993가구까지 늘면서 중산층이 두꺼워졌다.",high,N,-,Y,0,0,HCX-007,v1.6-early-kosis-context,2026-08-11,피아노와 오르간 보유 가구 수,,N,,"1970, 1980, 1985",Y,,,,1985,,가구,가구,count,count,household,,Y,Y,,,READY,ELIGIBLE,,,,,N
A2386-SPECD2E34942,A2386-SPECD2E34942-m1,A2386,"1955년엔 전쟁 여파 ‘불구 상태’, 2020년부터는 ‘혼자 산 기간’ 조사",45842.0,https://www.chosun.com/economy/economy_general/2025/07/04/3TM7NWTGMBHMBB7OVKWWMTLA6E,"1970년 피아노와 오르간을 보유한 가구 수는 6만872가구에 불과했지만, 1980년에는 29만9010가구로 급증했고 1985년에는 57만5993가구까지 늘면서 중산층이 두꺼워졌다.","경제 고도 성장기였던 1970~80년대에는 피아노, 전축 등 사치품의 소유 여부를 물어 가구의 경제 수준을 파악하려고 했다.",1980년에는 수도권 인구 분산 정책의 기초 자료로 쓰기 위해 ‘통근통학 여부’를 물었다.,국내공식통계,N,소매·소비,피아노와 오르간 보유 가구 수,"경제, 고도 성장기, 사치품, 중산층",-,-,-,,-,-,-,1970,-,Y,확정,6만872가구,KOSIS_VALUE,hcx,피아노와 오르간 보유 가구 수,-,1970,Y,hcx,현재값,60872,-,-,N,가구,수준값,-,전년,"1970년 피아노와 오르간을 보유한 가구 수는 6만872가구에 불과했지만, 1980년에는 29만9010가구로 급증했고 1985년에는 57만5993가구까지 늘면서 중산층이 두꺼워졌다.",high,N,-,N,0,0,HCX-007,v1.6-early-kosis-context,2026-08-11,피아노와 오르간 보유 가구 수,,N,,"1970, 1980, 1985",Y,,,,1970,,가구,가구,count,count,household,,Y,Y,,,READY,ELIGIBLE,,,,,N
A2386-SPECD2E34942,A2386-SPECD2E34942-m2,A2386,"1955년엔 전쟁 여파 ‘불구 상태’, 2020년부터는 ‘혼자 산 기간’ 조사",45842.0,https://www.chosun.com/economy/economy_general/2025/07/04/3TM7NWTGMBHMBB7OVKWWMTLA6E,"1970년 피아노와 오르간을 보유한 가구 수는 6만872가구에 불과했지만, 1980년에는 29만9010가구로 급증했고 1985년에는 57만5993가구까지 늘면서 중산층이 두꺼워졌다.","경제 고도 성장기였던 1970~80년대에는 피아노, 전축 등 사치품의 소유 여부를 물어 가구의 경제 수준을 파악하려고 했다.",1980년에는 수도권 인구 분산 정책의 기초 자료로 쓰기 위해 ‘통근통학 여부’를 물었다.,국내공식통계,N,소매·소비,피아노와 오르간 보유 가구 수,"경제, 고도 성장기, 사치품, 중산층",-,-,-,,-,-,-,1980,-,Y,확정,29만9010가구,KOSIS_VALUE,hcx,피아노와 오르간 보유 가구 수,-,1980,Y,hcx,현재값,299010,-,-,N,가구,수준값,-,전년,"1970년 피아노와 오르간을 보유한 가구 수는 6만872가구에 불과했지만, 1980년에는 29만9010가구로 급증했고 1985년에는 57만5993가구까지 늘면서 중산층이 두꺼워졌다.",high,N,-,N,0,0,HCX-007,v1.6-early-kosis-context,2026-08-11,피아노와 오르간 보유 가구 수,,N,,"1970, 1980, 1985",Y,,,,1980,,가구,가구,count,count,household,,Y,Y,,,READY,ELIGIBLE,,,,,N
A2386-SPECD2E34942,A2386-SPECD2E34942-m3,A2386,"1955년엔 전쟁 여파 ‘불구 상태’, 2020년부터는 ‘혼자 산 기간’ 조사",45842.0,https://www.chosun.com/economy/economy_general/2025/07/04/3TM7NWTGMBHMBB7OVKWWMTLA6E,"1970년 피아노와 오르간을 보유한 가구 수는 6만872가구에 불과했지만, 1980년에는 29만9010가구로 급증했고 1985년에는 57만5993가구까지 늘면서 중산층이 두꺼워졌다.","경제 고도 성장기였던 1970~80년대에는 피아노, 전축 등 사치품의 소유 여부를 물어 가구의 경제 수준을 파악하려고 했다.",1980년에는 수도권 인구 분산 정책의 기초 자료로 쓰기 위해 ‘통근통학 여부’를 물었다.,국내공식통계,N,소매·소비,피아노와 오르간 보유 가구 수,"경제, 고도 성장기, 사치품, 중산층",-,-,-,,-,-,-,1985,-,Y,확정,57만5993가구,KOSIS_VALUE,hcx,피아노와 오르간 보유 가구 수,-,1985,Y,hcx,현재값,575993,-,-,N,가구,수준값,-,전년,"1970년 피아노와 오르간을 보유한 가구 수는 6만872가구에 불과했지만, 1980년에는 29만9010가구로 급증했고 1985년에는 57만5993가구까지 늘면서 중산층이 두꺼워졌다.",high,N,-,N,0,0,HCX-007,v1.6-early-kosis-context,2026-08-11,피아노와 오르간 보유 가구 수,,N,,"1970, 1980, 1985",Y,,,,1985,,가구,가구,count,count,household,,Y,Y,,,READY,ELIGIBLE,,,,,N
A2667-SP4DD494D2D6,A2667-SP4DD494D2D6-m1,A2667,회사 퇴근 후 알바 출근… N잡러 68만 시대,45965.0,https://www.chosun.com/economy/economy_general/2025/11/04/XOP2Q6LUQBGGFLV32XW7X6AU5Q/,"9월 부업자 수는 2021년(56만9647명) 전년보다 14.3% 늘어난 이후, 올해까지 5년 연속 늘었다.",2014년 관련 통계 작성 이래 9월 기준으로 역대 최대다.,통계 작성 이래 최장 기간 증가세다.,국내공식통계,Y,고용,부업자 수,"N잡러, 부업자, 고용, 경제활동인구조사",-,-,-,,-,-,-,2021,-,Y,확정,56만9647명,KOSIS_VALUE,hcx,부업자 수,-,2021,Y,hcx,현재값,569647,-,-,N,명,수준값,증가,전년동월,"국가데이터처의 경제활동인구조사 마이크로데이터를 분석한 결과에 따르면, 지난 9월 기준 국내 부업자 수는 67만9367명으로 지난해 9월(65만5475명)보다 2만4000명가량 늘었다.",high,N,-,Y,0,0,HCX-007,v1.6-early-kosis-context,2026-08-11,부업자 수,,N,,202409,M,,,,2021,,명,명,person_count,count,unspecified,,Y,Y,,,READY,ELIGIBLE,,,,,N
A2648-SP87349D43EC,A2648-SP87349D43EC-m1,A2648,고령화가 바꾼 노동시장… 올해 상반기 일자리 증가 1위는 '돌봄·노인 일자리',45958.0,https://biz.chosun.com/policy/policy_sub/2025/10/28/UI24JIQ5KVFK7ARLCFJWISN6LE/,"국가데이터처가 28일 발표한 '2025년 상반기 지역별 고용조사'에 따르면, 상반기 비거주복지시설운영업 취업자는 지난해 상반기보다 168만8000명으로 13만5000명 증가해 산업소분류 가운데 가장 큰 폭으로 늘었다.","관련 일자리가 크게 늘고 있는 가운데, 100만원 미만 일자리도 늘어나는 양상이다.","비거주복지시설운영업은 이용자가 시설에 거주하지 않는 형태의 복지서비스 산업으로, 어린이집·놀이방 같은 보육시설은 물론 방문 요양·독거노인 돌봄·무료급식소 운영·노인 일자리 등이 모두 포함된다.",국내공식통계,Y,고용,비거주복지시설운영업 취업자 수,"고령화, 노동시장, 상반기, 일자리, 비거주복지시설운영업, 취업자, 증가",-,-,-,비거주복지시설운영업,-,-,-,2025,-,Q,확정,168만8000명,KOSIS_VALUE,hcx,비거주복지시설운영업 취업자 수,비거주복지시설운영업,2025Q2,Q,hcx,현재값,1688000,-,-,N,명,수준값,증가,전년동기,"국가데이터처가 28일 발표한 '2025년 상반기 지역별 고용조사'에 따르면, 상반기 비거주복지시설운영업 취업자는 지난해 상반기보다 168만8000명으로 13만5000명 증가해 산업소분류 가운데 가장 큰 폭으로 늘었다.",high,N,-,N,0,0,HCX-007,v1.6-early-kosis-context,2026-08-11,비거주복지시설운영업 취업자 수,비거주복지시설운영업,N,,2025Q2,Q,,,,2025Q2,,명,명,person_count,count,person,,Y,Y,,,READY,ELIGIBLE,,,,,N
A2648-SP87349D43EC,A2648-SP87349D43EC-m2,A2648,고령화가 바꾼 노동시장… 올해 상반기 일자리 증가 1위는 '돌봄·노인 일자리',45958.0,https://biz.chosun.com/policy/policy_sub/2025/10/28/UI24JIQ5KVFK7ARLCFJWISN6LE/,"국가데이터처가 28일 발표한 '2025년 상반기 지역별 고용조사'에 따르면, 상반기 비거주복지시설운영업 취업자는 지난해 상반기보다 168만8000명으로 13만5000명 증가해 산업소분류 가운데 가장 큰 폭으로 늘었다.","관련 일자리가 크게 늘고 있는 가운데, 100만원 미만 일자리도 늘어나는 양상이다.","비거주복지시설운영업은 이용자가 시설에 거주하지 않는 형태의 복지서비스 산업으로, 어린이집·놀이방 같은 보육시설은 물론 방문 요양·독거노인 돌봄·무료급식소 운영·노인 일자리 등이 모두 포함된다.",국내공식통계,Y,고용,비거주복지시설운영업 취업자 수,"고령화, 노동시장, 상반기, 일자리, 비거주복지시설운영업, 취업자, 증가",-,-,-,비거주복지시설운영업,-,-,-,2025,-,Q,확정,13만5000명,KOSIS_VALUE,hcx,비거주복지시설운영업 취업자 수,비거주복지시설운영업,2025Q2,Q,hcx,증감값,135000,-,-,N,명,증감량,증가,전년동기,"국가데이터처가 28일 발표한 '2025년 상반기 지역별 고용조사'에 따르면, 상반기 비거주복지시설운영업 취업자는 지난해 상반기보다 168만8000명으로 13만5000명 증가해 산업소분류 가운데 가장 큰 폭으로 늘었다.",high,N,-,N,0,0,HCX-007,v1.6-early-kosis-context,2026-08-11,비거주복지시설운영업 취업자 수,비거주복지시설운영업,N,,2025Q2,Q,,,,2025Q2,,명,명,person_count,absolute_change,person,2024,Y,Y,,,READY,ELIGIBLE,,,,,N
A2648-SP179F478D32,A2648-SP179F478D32-m6,A2648,고령화가 바꾼 노동시장… 올해 상반기 일자리 증가 1위는 '돌봄·노인 일자리',45958.0,https://biz.chosun.com/policy/policy_sub/2025/10/28/UI24JIQ5KVFK7ARLCFJWISN6LE/,"15~29세는 보관 및 창고업에서 8000명이 늘었고, 30~49세는 소프트웨어개발 및 공급업에서 2만6000명이 증가했다.",연령별 취업자 증감 업종도 이를 뒷받침한다.,50세 이상은 비거주복지시설운영업에서만 11만8000명 늘어 가장 두드러졌다.,국내공식통계,N,고용,취업자 증감,"노동시장, 상반기, 일자리, 증가, 연령별, 취업자, 증감, 업종",-,"15~29세, 30~49세, 50세 이상",-,소프트웨어개발 및 공급업,-,-,-,2025,-,Q,확정,2만6000명,KOSIS_VALUE,hcx,취업자 증감,소프트웨어개발 및 공급업,2025Q2,Q,hcx,현재값,26000,-,-,N,명,수준값,증가,전분기,"15~29세는 보관 및 창고업에서 8000명이 늘었고, 30~49세는 소프트웨어개발 및 공급업에서 2만6000명이 증가했다.",high,N,-,Y,0,0,HCX-007,v1.6-early-kosis-context,2026-08-11,취업자 증감,"보관 및 창고업, 소프트웨어개발 및 공급업, 비거주복지시설운영업",N,,2025Q2,Q,,,,2025Q2,,명,명,person_count,count,person,,Y,Y,,,READY,ELIGIBLE,,,,,N
A2648-SP040D44146D,A2648-SP040D44146D-m1,A2648,고령화가 바꾼 노동시장… 올해 상반기 일자리 증가 1위는 '돌봄·노인 일자리',45958.0,https://biz.chosun.com/policy/policy_sub/2025/10/28/UI24JIQ5KVFK7ARLCFJWISN6LE/,50세 이상은 비거주복지시설운영업에서만 11만8000명 늘어 가장 두드러졌다.,"15~29세는 보관 및 창고업에서 8000명이 늘었고, 30~49세는 소프트웨어개발 및 공급업에서 2만6000명이 증가했다.",직업소분류에서도 유사한 흐름이 나타났다.,국내공식통계,N,고용,비거주복지시설운영업 일자리 증가,"고령화, 노동시장, 상반기, 일자리, 돌봄, 노인",-,50세 이상,-,비거주복지시설운영업,-,-,-,2025,-,Q,확정,11만8000명,KOSIS_VALUE,hcx,비거주복지시설운영업 일자리 증가,비거주복지시설운영업,2025Q2,Q,hcx,현재값,118000,-,-,N,명,수준값,증가,전년동기,50세 이상은 비거주복지시설운영업에서만 11만8000명 늘어 가장 두드러졌다.,high,Y,measurement_binding_fallback:1,Y,0,1,HCX-007,v1.6-early-kosis-context,2026-08-11,일자리 증가,비거주복지시설운영업,N,,2025Q2,Q,,,,2025Q2,,명,명,person_count,count,item,,Y,Y,,,READY,ELIGIBLE,,,,,N
A2648-SPFA5389A0C6,A2648-SPFA5389A0C6-m1,A2648,고령화가 바꾼 노동시장… 올해 상반기 일자리 증가 1위는 '돌봄·노인 일자리',45958.0,https://biz.chosun.com/policy/policy_sub/2025/10/28/UI24JIQ5KVFK7ARLCFJWISN6LE/,"청소관련종사자는 전년도 상반기보다 4만6000명, 요양보호사 및 간병인은 4만3000명 증가했다.","올해 상반기 취업자는 매장판매종사자(153만9000명, 5.3%), 청소관련종사자(127만2000명, 4.4%), 작물재배종사자(120만5000명, 4.2%) 순이었다.","같은 기간, 작물재배종사자는 9만8000명, 건설 및 광업 단순종사자는 5만7000명 감소했다.",국내공식통계,Y,고용,청소관련종사자,"청소관련종사자, 요양보호사, 간병인, 일자리, 상반기",-,-,-,,-,-,-,2025,-,Q,확정,4만6000명,KOSIS_VALUE,hcx,청소관련종사자,-,2025Q2,Q,hcx,증감값,46000,-,-,N,명,증감량,증가,전분기,"청소관련종사자는 전년도 상반기보다 4만6000명, 요양보호사 및 간병인은 4만3000명 증가했다.",high,N,-,N,0,0,HCX-007,v1.6-early-kosis-context,2026-08-11,취업자 수,,N,,2025Q2,Q,,,,2025Q2,,명,명,person_count,absolute_change,unspecified,,Y,Y,,,READY,ELIGIBLE,,,,,N
A2648-SPFA5389A0C6,A2648-SPFA5389A0C6-m2,A2648,고령화가 바꾼 노동시장… 올해 상반기 일자리 증가 1위는 '돌봄·노인 일자리',45958.0,https://biz.chosun.com/policy/policy_sub/2025/10/28/UI24JIQ5KVFK7ARLCFJWISN6LE/,"청소관련종사자는 전년도 상반기보다 4만6000명, 요양보호사 및 간병인은 4만3000명 증가했다.","올해 상반기 취업자는 매장판매종사자(153만9000명, 5.3%), 청소관련종사자(127만2000명, 4.4%), 작물재배종사자(120만5000명, 4.2%) 순이었다.","같은 기간, 작물재배종사자는 9만8000명, 건설 및 광업 단순종사자는 5만7000명 감소했다.",국내공식통계,Y,고용,요양보호사 및 간병인,"청소관련종사자, 요양보호사, 간병인, 일자리, 상반기",-,-,-,,-,-,-,2025,-,Q,확정,4만3000명,KOSIS_VALUE,hcx,요양보호사 및 간병인,-,2025Q2,Q,hcx,증감값,43000,-,-,N,명,증감량,증가,전분기,"청소관련종사자는 전년도 상반기보다 4만6000명, 요양보호사 및 간병인은 4만3000명 증가했다.",high,N,-,N,0,0,HCX-007,v1.6-early-kosis-context,2026-08-11,취업자 수,,N,,2025Q2,Q,,,,2025Q2,,명,명,person_count,absolute_change,unspecified,,Y,Y,,,READY,ELIGIBLE,,,,,N
A2648-SP19DF26CDEC,A2648-SP19DF26CDEC-m1,A2648,고령화가 바꾼 노동시장… 올해 상반기 일자리 증가 1위는 '돌봄·노인 일자리',45958.0,https://biz.chosun.com/policy/policy_sub/2025/10/28/UI24JIQ5KVFK7ARLCFJWISN6LE/,"같은 기간, 작물재배종사자는 9만8000명, 건설 및 광업 단순종사자는 5만7000명 감소했다.","청소관련종사자는 전년도 상반기보다 4만6000명, 요양보호사 및 간병인은 4만3000명 증가했다.","국가데이터처 관계자는 ""노인 일자리 중 일부가 청소 관련 업무여서 청소 관련 종사자 수 증가에 영향을 미친 것으로 보인다""고 말했다.",국내공식통계,Y,고용,작물재배종사자,"노동시장, 일자리, 상반기, 고령화, 돌봄, 노인 일자리",-,-,-,,-,-,-,2025,-,Q,확정,9만8000명,KOSIS_VALUE,hcx,작물재배종사자,,2025Q2,Q,hcx,현재값,98000,-,-,N,명,수준값,감소,전분기,"같은 기간, 작물재배종사자는 9만8000명, 건설 및 광업 단순종사자는 5만7000명 감소했다.",high,N,-,N,0,0,HCX-007,v1.6-early-kosis-context,2026-08-11,"작물재배종사자, 건설 및 광업 단순종사자","농업, 건설업",Y,농업,2025Q2,Q,,,,2025Q2,,명,명,person_count,count,item,,Y,Y,,,READY,ELIGIBLE,,,,,N
A2648-SP19DF26CDEC,A2648-SP19DF26CDEC-m2,A2648,고령화가 바꾼 노동시장… 올해 상반기 일자리 증가 1위는 '돌봄·노인 일자리',45958.0,https://biz.chosun.com/policy/policy_sub/2025/10/28/UI24JIQ5KVFK7ARLCFJWISN6LE/,"같은 기간, 작물재배종사자는 9만8000명, 건설 및 광업 단순종사자는 5만7000명 감소했다.","청소관련종사자는 전년도 상반기보다 4만6000명, 요양보호사 및 간병인은 4만3000명 증가했다.","국가데이터처 관계자는 ""노인 일자리 중 일부가 청소 관련 업무여서 청소 관련 종사자 수 증가에 영향을 미친 것으로 보인다""고 말했다.",국내공식통계,Y,고용,건설 및 광업 단순종사자,"노동시장, 일자리, 상반기, 고령화, 돌봄, 노인 일자리",-,-,-,건설업,-,-,-,2025,-,Q,확정,5만7000명,KOSIS_VALUE,hcx,건설 및 광업 단순종사자,건설업,2025Q2,Q,hcx,현재값,57000,-,-,N,명,수준값,감소,전분기,"같은 기간, 작물재배종사자는 9만8000명, 건설 및 광업 단순종사자는 5만7000명 감소했다.",high,N,-,N,0,0,HCX-007,v1.6-early-kosis-context,2026-08-11,"작물재배종사자, 건설 및 광업 단순종사자","농업, 건설업",N,,2025Q2,Q,,,,2025Q2,,명,명,person_count,count,item,,Y,Y,,,READY,ELIGIBLE,,,,,N
A2648-SP20F0186A27,A2648-SP20F0186A27-m1,A2648,고령화가 바꾼 노동시장… 올해 상반기 일자리 증가 1위는 '돌봄·노인 일자리',45958.0,https://biz.chosun.com/policy/policy_sub/2025/10/28/UI24JIQ5KVFK7ARLCFJWISN6LE/,"올해 상반기 취업자는 매장판매종사자(153만9000명, 5.3%), 청소관련종사자(127만2000명, 4.4%), 작물재배종사자(120만5000명, 4.2%) 순이었다.",직업소분류에서도 유사한 흐름이 나타났다.,"청소관련종사자는 전년도 상반기보다 4만6000명, 요양보호사 및 간병인은 4만3000명 증가했다.",국내공식통계,Y,고용,매장판매종사자,"매장판매종사자, 청소관련종사자, 작물재배종사자",-,-,-,매장판매종사자,-,-,-,2025,-,Q,확정,153만9000명,KOSIS_VALUE,hcx,매장판매종사자,매장판매종사자,2025Q2,Q,hcx,현재값,1539000,-,-,N,명,수준값,-,전년동기,"[검증 대상 문장] 올해 상반기 취업자는 매장판매종사자(153만9000명, 5.3%), 청소관련종사자(127만2000명, 4.4%), 작물재배종사자(120만5000명, 4.2%) 순이었다.",high,N,-,N,0,0,HCX-007,v1.6-early-kosis-context,2026-08-11,올해 상반기 취업자 수,,N,,2025Q2,Q,,,,2025Q2,,명,명,person_count,count,item,,Y,Y,,,READY,ELIGIBLE,,,,,N
A2648-SP20F0186A27,A2648-SP20F0186A27-m3,A2648,고령화가 바꾼 노동시장… 올해 상반기 일자리 증가 1위는 '돌봄·노인 일자리',45958.0,https://biz.chosun.com/policy/policy_sub/2025/10/28/UI24JIQ5KVFK7ARLCFJWISN6LE/,"올해 상반기 취업자는 매장판매종사자(153만9000명, 5.3%), 청소관련종사자(127만2000명, 4.4%), 작물재배종사자(120만5000명, 4.2%) 순이었다.",직업소분류에서도 유사한 흐름이 나타났다.,"청소관련종사자는 전년도 상반기보다 4만6000명, 요양보호사 및 간병인은 4만3000명 증가했다.",국내공식통계,Y,고용,청소관련종사자,"매장판매종사자, 청소관련종사자, 작물재배종사자",-,-,-,청소관련종사자,-,-,-,2025,-,Q,확정,127만2000명,KOSIS_VALUE,hcx,청소관련종사자,청소관련종사자,2025Q2,Q,hcx,현재값,1272000,-,-,N,명,수준값,-,전년동기,"[검증 대상 문장] 올해 상반기 취업자는 매장판매종사자(153만9000명, 5.3%), 청소관련종사자(127만2000명, 4.4%), 작물재배종사자(120만5000명, 4.2%) 순이었다.",high,N,-,N,0,0,HCX-007,v1.6-early-kosis-context,2026-08-11,올해 상반기 취업자 수,,N,,2025Q2,Q,,,,2025Q2,,명,명,person_count,count,item,,Y,Y,,,READY,ELIGIBLE,,,,,N
A2648-SP20F0186A27,A2648-SP20F0186A27-m5,A2648,고령화가 바꾼 노동시장… 올해 상반기 일자리 증가 1위는 '돌봄·노인 일자리',45958.0,https://biz.chosun.com/policy/policy_sub/2025/10/28/UI24JIQ5KVFK7ARLCFJWISN6LE/,"올해 상반기 취업자는 매장판매종사자(153만9000명, 5.3%), 청소관련종사자(127만2000명, 4.4%), 작물재배종사자(120만5000명, 4.2%) 순이었다.",직업소분류에서도 유사한 흐름이 나타났다.,"청소관련종사자는 전년도 상반기보다 4만6000명, 요양보호사 및 간병인은 4만3000명 증가했다.",국내공식통계,Y,고용,작물재배종사자,"매장판매종사자, 청소관련종사자, 작물재배종사자",-,-,-,작물재배종사자,-,-,-,2025,-,Q,확정,120만5000명,KOSIS_VALUE,hcx,작물재배종사자,작물재배종사자,2025Q2,Q,hcx,현재값,1205000,-,-,N,명,수준값,-,전년동기,"[검증 대상 문장] 올해 상반기 취업자는 매장판매종사자(153만9000명, 5.3%), 청소관련종사자(127만2000명, 4.4%), 작물재배종사자(120만5000명, 4.2%) 순이었다.",high,N,-,N,0,0,HCX-007,v1.6-early-kosis-context,2026-08-11,올해 상반기 취업자 수,,N,,2025Q2,Q,,,,2025Q2,,명,명,person_count,count,item,,Y,Y,,,READY,ELIGIBLE,,,,,N
A2195-SP58D2B7A6CE,A2195-SP58D2B7A6CE-m1,A2195,"국내 1인 가구 800만 돌파... 700만 넘은 지 3년 만, 소형 가전-소용량 식품 인기 등 트렌드도 바뀌어",45827.0,https://www.chosun.com/economy/economy_general/2025/06/19/BTSFRUAWDRGIVETHM7KHYIUDAA,지난해 국내 1인 가구가 800만 가구를 넘어서 역대 최대 규모를 기록한 것으로 집계됐다.,-,1인 가구는 2021년 700만 가구를 넘어선 지 3년 만에 800만 가구를 돌파했다.,국내공식통계,Y,인구,1인 가구 수,"1인 가구, 국내, 가구, 인구",-,-,-,,-,-,-,2024,-,Y,확정,800만 가구,KOSIS_VALUE,hcx,1인 가구 수,-,2024,Y,hcx,현재값,8000000,-,-,N,가구,수준값,-,전년,지난해 국내 1인 가구가 800만 가구를 넘어서 역대 최대 규모를 기록한 것으로 집계됐다.,high,N,-,N,0,0,HCX-007,v1.6-early-kosis-context,2026-08-11,1인 가구 수,,N,,2024,Y,,,,2024,,가구,가구,count,count,household,,Y,Y,,,READY,ELIGIBLE,,,,,N
A2195-SP3F00AD9E1E,A2195-SP3F00AD9E1E-m1,A2195,"국내 1인 가구 800만 돌파... 700만 넘은 지 3년 만, 소형 가전-소용량 식품 인기 등 트렌드도 바뀌어",45827.0,https://www.chosun.com/economy/economy_general/2025/06/19/BTSFRUAWDRGIVETHM7KHYIUDAA,"60세 이상 1인 가구는 지난해 296만4000가구로 전년 대비 26만4000가구가 늘었고, 50~59세 1인 가구도 7만1000가구가 늘었다.",고령 1인 가구 역시 계속 늘고 있다.,통계청 관계자는 “고령화가 진행되면서 고령 1인 가구가 많이 증가하고 있다”며 “전체적인 초혼 연령도 전체적으로 올라가는 추세라 배우자가 있는 가구가 줄면서 전체적으로 1인 가구가 늘어나는 추세를 보이고 있다”고 했다.,국내공식통계,Y,인구,60세 이상 1인 가구 수,"1인 가구, 인구, 가구 수",-,-,-,,-,-,-,2024,-,Y,확정,296만4000가구,KOSIS_VALUE,hcx,60세 이상 1인 가구 수,-,2024,Y,hcx,현재값,2964000,-,-,N,가구,수준값,증가,전년,"60세 이상 1인 가구는 지난해 296만4000가구로 전년 대비 26만4000가구가 늘었고, 50~59세 1인 가구도 7만1000가구가 늘었다.",high,N,-,Y,0,0,HCX-007,v1.6-early-kosis-context,2026-08-11,1인 가구 수,,N,,2024,Y,,,,2024,,가구,가구,count,count,household,,Y,Y,,,READY,ELIGIBLE,,,,,N
A2195-SP3F00AD9E1E,A2195-SP3F00AD9E1E-m2,A2195,"국내 1인 가구 800만 돌파... 700만 넘은 지 3년 만, 소형 가전-소용량 식품 인기 등 트렌드도 바뀌어",45827.0,https://www.chosun.com/economy/economy_general/2025/06/19/BTSFRUAWDRGIVETHM7KHYIUDAA,"60세 이상 1인 가구는 지난해 296만4000가구로 전년 대비 26만4000가구가 늘었고, 50~59세 1인 가구도 7만1000가구가 늘었다.",고령 1인 가구 역시 계속 늘고 있다.,통계청 관계자는 “고령화가 진행되면서 고령 1인 가구가 많이 증가하고 있다”며 “전체적인 초혼 연령도 전체적으로 올라가는 추세라 배우자가 있는 가구가 줄면서 전체적으로 1인 가구가 늘어나는 추세를 보이고 있다”고 했다.,국내공식통계,Y,인구,60세 이상 1인 가구 증가분,"1인 가구, 인구, 가구 수",-,-,-,,-,-,-,2024,-,Y,확정,26만4000가구,KOSIS_VALUE,hcx,60세 이상 1인 가구 증가분,-,2024,Y,hcx,증감값,264000,-,-,N,가구,증감량,증가,전년,"60세 이상 1인 가구는 지난해 296만4000가구로 전년 대비 26만4000가구가 늘었고, 50~59세 1인 가구도 7만1000가구가 늘었다.",high,N,-,Y,0,0,HCX-007,v1.6-early-kosis-context,2026-08-11,1인 가구 수,,N,,2024,Y,,,,2024,,가구,가구,count,absolute_change,household,2023,Y,Y,,,READY,ELIGIBLE,,,,,N
A2195-SP3F00AD9E1E,A2195-SP3F00AD9E1E-m3,A2195,"국내 1인 가구 800만 돌파... 700만 넘은 지 3년 만, 소형 가전-소용량 식품 인기 등 트렌드도 바뀌어",45827.0,https://www.chosun.com/economy/economy_general/2025/06/19/BTSFRUAWDRGIVETHM7KHYIUDAA,"60세 이상 1인 가구는 지난해 296만4000가구로 전년 대비 26만4000가구가 늘었고, 50~59세 1인 가구도 7만1000가구가 늘었다.",고령 1인 가구 역시 계속 늘고 있다.,통계청 관계자는 “고령화가 진행되면서 고령 1인 가구가 많이 증가하고 있다”며 “전체적인 초혼 연령도 전체적으로 올라가는 추세라 배우자가 있는 가구가 줄면서 전체적으로 1인 가구가 늘어나는 추세를 보이고 있다”고 했다.,국내공식통계,Y,인구,50~59세 1인 가구 수,"1인 가구, 인구, 가구 수",-,-,-,,-,-,-,2024,-,Y,확정,7만1000가구,KOSIS_VALUE,hcx,50~59세 1인 가구 수,-,2024,Y,hcx,현재값,71000,-,-,N,가구,수준값,증가,전년,"60세 이상 1인 가구는 지난해 296만4000가구로 전년 대비 26만4000가구가 늘었고, 50~59세 1인 가구도 7만1000가구가 늘었다.",high,N,-,Y,0,0,HCX-007,v1.6-early-kosis-context,2026-08-11,1인 가구 수,,N,,2024,Y,,,,2024,,가구,가구,count,count,household,,Y,Y,,,READY,ELIGIBLE,,,,,N
A1121-SP787A049679,A1121-SP787A049679-m1,A1121,"양양, 관광객이 주민의 28배… 인구감소지역 살리는 외부인",45744.0,https://www.chosun.com/economy/economy_general/2025/03/28/ECG25DYMGVGYDFA2RBNNGCAAVY,"27일 통계청은 ‘2024년 3분기 생활 인구 산정 결과’에서 작년 8월 강원도 내 인구 감소 지역에 해당하는 12개 시·군·구의 체류 인구는 562만4000명으로, 지역에 거주하는 내·외국인 등록 인구(47만7000명)의 11.8배에 달했다고 밝혔다.",지역 소비의 3분의 2를 지역 주민이 아닌 외부인이 책임졌다는 뜻이다.,"체류 인구는 해당 지역에 하루에 3시간 이상 머무른 날이 한 달에 1일 이상인 인구로, 관광객, 통근자, 도시에 기반을 둔 ‘세컨드홈’ 거주자 등을 가리킨다.",국내공식통계,N,인구,인구 감소 지역 시·군·구 수,"인구 감소 지역, 체류 인구, 내·외국인 등록 인구",-,-,-,,-,-,-,202403,-,Q,확정,12개,KOSIS_VALUE,hcx,인구 감소 지역 시·군·구 수,-,2024년 3분기,Q,hcx,현재값,12,-,-,N,개,수준값,-,-,"27일 통계청은 ‘2024년 3분기 생활 인구 산정 결과’에서 작년 8월 강원도 내 인구 감소 지역에 해당하는 12개 시·군·구의 체류 인구는 562만4000명으로, 지역에 거주하는 내·외국인 등록 인구(47만7000명)의 11.8배에 달했다고 밝혔다.",high,N,-,N,0,0,HCX-007,v1.6-early-kosis-context,2026-08-11,생활 인구,,N,,2024년 3분기,Q,,,,2024년 3분기,,개,개,count,count,person,,Y,Y,,,READY,ELIGIBLE,,,,,N
A1121-SP787A049679,A1121-SP787A049679-m2,A1121,"양양, 관광객이 주민의 28배… 인구감소지역 살리는 외부인",45744.0,https://www.chosun.com/economy/economy_general/2025/03/28/ECG25DYMGVGYDFA2RBNNGCAAVY,"27일 통계청은 ‘2024년 3분기 생활 인구 산정 결과’에서 작년 8월 강원도 내 인구 감소 지역에 해당하는 12개 시·군·구의 체류 인구는 562만4000명으로, 지역에 거주하는 내·외국인 등록 인구(47만7000명)의 11.8배에 달했다고 밝혔다.",지역 소비의 3분의 2를 지역 주민이 아닌 외부인이 책임졌다는 뜻이다.,"체류 인구는 해당 지역에 하루에 3시간 이상 머무른 날이 한 달에 1일 이상인 인구로, 관광객, 통근자, 도시에 기반을 둔 ‘세컨드홈’ 거주자 등을 가리킨다.",국내공식통계,N,인구,체류 인구,"인구 감소 지역, 체류 인구, 내·외국인 등록 인구",-,-,-,,-,-,-,202403,-,Q,확정,562만4000명,KOSIS_VALUE,hcx,체류 인구,-,2024년 3분기,Q,hcx,현재값,5624000,-,-,N,명,수준값,-,-,"27일 통계청은 ‘2024년 3분기 생활 인구 산정 결과’에서 작년 8월 강원도 내 인구 감소 지역에 해당하는 12개 시·군·구의 체류 인구는 562만4000명으로, 지역에 거주하는 내·외국인 등록 인구(47만7000명)의 11.8배에 달했다고 밝혔다.",high,N,-,N,0,0,HCX-007,v1.6-early-kosis-context,2026-08-11,생활 인구,,N,,2024년 3분기,Q,,,,2024년 3분기,,명,명,person_count,count,person,,Y,Y,,,READY,ELIGIBLE,,,,,N
A1121-SP787A049679,A1121-SP787A049679-m3,A1121,"양양, 관광객이 주민의 28배… 인구감소지역 살리는 외부인",45744.0,https://www.chosun.com/economy/economy_general/2025/03/28/ECG25DYMGVGYDFA2RBNNGCAAVY,"27일 통계청은 ‘2024년 3분기 생활 인구 산정 결과’에서 작년 8월 강원도 내 인구 감소 지역에 해당하는 12개 시·군·구의 체류 인구는 562만4000명으로, 지역에 거주하는 내·외국인 등록 인구(47만7000명)의 11.8배에 달했다고 밝혔다.",지역 소비의 3분의 2를 지역 주민이 아닌 외부인이 책임졌다는 뜻이다.,"체류 인구는 해당 지역에 하루에 3시간 이상 머무른 날이 한 달에 1일 이상인 인구로, 관광객, 통근자, 도시에 기반을 둔 ‘세컨드홈’ 거주자 등을 가리킨다.",국내공식통계,N,인구,내·외국인 등록 인구,"인구 감소 지역, 체류 인구, 내·외국인 등록 인구",-,-,-,,-,-,-,202403,-,Q,확정,47만7000명,KOSIS_VALUE,hcx,내·외국인 등록 인구,-,2024년 3분기,Q,hcx,현재값,477000,-,-,N,명,수준값,-,-,"27일 통계청은 ‘2024년 3분기 생활 인구 산정 결과’에서 작년 8월 강원도 내 인구 감소 지역에 해당하는 12개 시·군·구의 체류 인구는 562만4000명으로, 지역에 거주하는 내·외국인 등록 인구(47만7000명)의 11.8배에 달했다고 밝혔다.",high,N,-,N,0,0,HCX-007,v1.6-early-kosis-context,2026-08-11,생활 인구,,N,,2024년 3분기,Q,,,,2024년 3분기,,명,명,person_count,count,person,,Y,Y,,,READY,ELIGIBLE,,,,,N
A0834-SPE8364569CF,A0834-SPE8364569CF-m2,A0834,한국 11년째 갇힌 ‘3만달러 벽’… 美·英은 어떻게 뚫었나,45722.0,https://www.chosun.com/economy/economy_general/2025/03/06/5HV7ZTS6RBEK5BBZBNLJDPBZPY,"한국의 1인당 GNI는 2013년 2만8827달러에서 2014년 3만935달러로 올라선 뒤, 2021년 3만7898달러로 최고점을 찍었다.",5일 한국은행은 작년 우리나라의 1인당 GNI가 3만6624달러로 집계됐다고 밝혔다.,2020년에는 코로나 팬데믹 충격으로 성장률이 9%쯤 뒷걸음질한 이탈리아를 넘어서기도 했다.,국내공식통계,Y,소득·임금,1인당 GNI,"한국, 1인당 GNI, 달러",-,-,-,,-,-,-,2014,-,Y,확정,3만935달러,KOSIS_VALUE,hcx,1인당 GNI,-,2014,Y,hcx,현재값,30935,-,-,N,달러,수준값,증가,전년,"한국의 1인당 GNI는 2013년 2만8827달러에서 2014년 3만935달러로 올라선 뒤, 2021년 3만7898달러로 최고점을 찍었다.",high,N,-,N,0,0,HCX-007,v1.6-early-kosis-context,2026-08-11,1인당 GNI,,N,,,,,,,2014,,달러,달러,currency,amount,unspecified,,Y,Y,,,READY,ELIGIBLE,,,,,N
A0834-SPE8364569CF,A0834-SPE8364569CF-m3,A0834,한국 11년째 갇힌 ‘3만달러 벽’… 美·英은 어떻게 뚫었나,45722.0,https://www.chosun.com/economy/economy_general/2025/03/06/5HV7ZTS6RBEK5BBZBNLJDPBZPY,"한국의 1인당 GNI는 2013년 2만8827달러에서 2014년 3만935달러로 올라선 뒤, 2021년 3만7898달러로 최고점을 찍었다.",5일 한국은행은 작년 우리나라의 1인당 GNI가 3만6624달러로 집계됐다고 밝혔다.,2020년에는 코로나 팬데믹 충격으로 성장률이 9%쯤 뒷걸음질한 이탈리아를 넘어서기도 했다.,국내공식통계,Y,소득·임금,1인당 GNI,"한국, 1인당 GNI, 달러",-,-,-,,-,-,-,2021,-,Y,확정,3만7898달러,KOSIS_VALUE,hcx,1인당 GNI,-,2021,Y,hcx,현재값,37898,-,-,N,달러,수준값,증가,전년,"한국의 1인당 GNI는 2013년 2만8827달러에서 2014년 3만935달러로 올라선 뒤, 2021년 3만7898달러로 최고점을 찍었다.",high,N,-,N,0,0,HCX-007,v1.6-early-kosis-context,2026-08-11,1인당 GNI,,N,,,,,,,2021,,달러,달러,currency,amount,unspecified,,Y,Y,,,READY,ELIGIBLE,,,,,N
A0834-SP0D044A0F4E,A0834-SP0D044A0F4E-m1,A0834,한국 11년째 갇힌 ‘3만달러 벽’… 美·英은 어떻게 뚫었나,45722.0,https://www.chosun.com/economy/economy_general/2025/03/06/5HV7ZTS6RBEK5BBZBNLJDPBZPY,"하지만 2022년 3만5000달러대로 떨어졌고, 이후 3만6000달러쯤에 머물고 있다.",2020년에는 코로나 팬데믹 충격으로 성장률이 9%쯤 뒷걸음질한 이탈리아를 넘어서기도 했다.,오일 달러가 넘치는 중동 국가를 제외하고 인구 1000만명 이상 국가 중 1인당 국민소득 4만달러 벽을 뚫은 나라는 10곳이다.,국내공식통계,Y,소득·임금,1인당 국민총소득(GNI),"국민총소득, GNI, 3만달러, 4만달러",-,-,-,,-,-,-,2022,-,Y,확정,3만5000달러,KOSIS_VALUE,hcx,1인당 국민총소득(GNI),-,2022,Y,hcx,현재값,35000,-,-,N,달러,수준값,감소,전년,"하지만 2022년 3만5000달러대로 떨어졌고, 이후 3만6000달러쯤에 머물고 있다.",high,N,-,N,0,0,HCX-007,v1.6-early-kosis-context,2026-08-11,1인당 국민총소득(GNI),,N,,2022,Y,,,,2022,,달러,달러,currency,amount,unspecified,,Y,Y,,,READY,ELIGIBLE,,,,,N
A0834-SP0D044A0F4E,A0834-SP0D044A0F4E-m2,A0834,한국 11년째 갇힌 ‘3만달러 벽’… 美·英은 어떻게 뚫었나,45722.0,https://www.chosun.com/economy/economy_general/2025/03/06/5HV7ZTS6RBEK5BBZBNLJDPBZPY,"하지만 2022년 3만5000달러대로 떨어졌고, 이후 3만6000달러쯤에 머물고 있다.",2020년에는 코로나 팬데믹 충격으로 성장률이 9%쯤 뒷걸음질한 이탈리아를 넘어서기도 했다.,오일 달러가 넘치는 중동 국가를 제외하고 인구 1000만명 이상 국가 중 1인당 국민소득 4만달러 벽을 뚫은 나라는 10곳이다.,국내공식통계,Y,소득·임금,1인당 국민총소득(GNI),"국민총소득, GNI, 3만달러, 4만달러",-,-,-,,-,-,-,2022,-,Y,확정,3만6000달러쯤,KOSIS_VALUE,hcx,1인당 국민총소득(GNI),-,2022,Y,hcx,현재값,36000,-,-,Y,달러,수준값,유지,전년,"하지만 2022년 3만5000달러대로 떨어졌고, 이후 3만6000달러쯤에 머물고 있다.",high,N,-,N,0,0,HCX-007,v1.6-early-kosis-context,2026-08-11,1인당 국민총소득(GNI),,N,,2022,Y,,,,2022,,달러,달러,currency,amount,unspecified,,Y,Y,,,READY,ELIGIBLE,,,,,N
A0834-SP842B091EFE,A0834-SP842B091EFE-m1,A0834,한국 11년째 갇힌 ‘3만달러 벽’… 美·英은 어떻게 뚫었나,45722.0,https://www.chosun.com/economy/economy_general/2025/03/06/5HV7ZTS6RBEK5BBZBNLJDPBZPY,영국은 2002년 3만달러를 넘은 지 2년 만에 4만달러를 넘었다.,"혁신 기업에 진입 장벽이 높지 않은 미국에서는 IT, 바이오, 인터넷 콘텐츠 분야의 신생 기업들이 끊임없이 새로운 도전을 해 왔다.",사라지는 제조업 일자리 대신 금융·서비스 분야에서 그만큼의 일자리를 새로 만들어낸 것이 비결이다.,국내공식통계,N,소득·임금,국민총소득(GNI),"1인당 국민총소득, 3만달러, 4만달러",-,-,-,,-,-,-,2002,-,Y,확정,3만달러,KOSIS_VALUE,hcx,국민총소득(GNI),-,2002,Y,hcx,현재값,30000,-,-,N,달러,수준값,유지,전년,영국은 2002년 3만달러를 넘은 지 2년 만에 4만달러를 넘었다.,high,N,-,Y,0,0,HCX-007,v1.6-early-kosis-context,2026-08-11,국민총소득(GNI),,N,,2002,Y,,,,2002,,달러,달러,currency,amount,unspecified,,Y,Y,,,READY,ELIGIBLE,,,,,N
A0834-SP842B091EFE,A0834-SP842B091EFE-m2,A0834,한국 11년째 갇힌 ‘3만달러 벽’… 美·英은 어떻게 뚫었나,45722.0,https://www.chosun.com/economy/economy_general/2025/03/06/5HV7ZTS6RBEK5BBZBNLJDPBZPY,영국은 2002년 3만달러를 넘은 지 2년 만에 4만달러를 넘었다.,"혁신 기업에 진입 장벽이 높지 않은 미국에서는 IT, 바이오, 인터넷 콘텐츠 분야의 신생 기업들이 끊임없이 새로운 도전을 해 왔다.",사라지는 제조업 일자리 대신 금융·서비스 분야에서 그만큼의 일자리를 새로 만들어낸 것이 비결이다.,국내공식통계,N,소득·임금,국민총소득(GNI),"1인당 국민총소득, 3만달러, 4만달러",-,-,-,,-,-,-,2004,-,Y,확정,4만달러,KOSIS_VALUE,hcx,국민총소득(GNI),-,2004,Y,hcx,현재값,40000,-,-,N,달러,수준값,유지,전년,영국은 2002년 3만달러를 넘은 지 2년 만에 4만달러를 넘었다.,high,N,-,Y,0,0,HCX-007,v1.6-early-kosis-context,2026-08-11,국민총소득(GNI),,N,,2002,Y,,,,2004,,달러,달러,currency,amount,unspecified,,Y,Y,,,READY,ELIGIBLE,,,,,N
A1381-SP5C0FA03C99,A1381-SP5C0FA03C99-m1,A1381,"가파른 농촌 소멸의 현실... 작년 농가 수 97만가구, 1년새 2.5% 줄어",45764.0,https://www.chosun.com/economy/economy_general/2025/04/17/3OPFBMB5FND7LKAFGEU5LNCDGA,지난해 국내 농가 수가 97만4000가구로 집계됐다.,-,국내 농가 수는 지난 2023년 99만9000가구를 기록하며 처음으로 100만 가구 아래로 떨어진 이후 하락세가 지속되고 있다.,국내공식통계,Y,인구,농가 수,"농촌, 소멸, 농가, 인구, 가구",-,-,-,,-,-,-,2024,-,Y,확정,97만4000가구,KOSIS_VALUE,hcx,농가 수,-,2024,Y,hcx,현재값,974000,-,-,N,가구,수준값,-,전년,지난해 국내 농가 수가 97만4000가구로 집계됐다.,high,N,-,N,0,0,HCX-007,v1.6-early-kosis-context,2026-08-11,농가 수,,N,,2024,Y,,,,2024,,가구,가구,count,count,household,,Y,Y,,,READY,ELIGIBLE,,,,,N
A1381-SP18CB44F256,A1381-SP18CB44F256-m1,A1381,"가파른 농촌 소멸의 현실... 작년 농가 수 97만가구, 1년새 2.5% 줄어",45764.0,https://www.chosun.com/economy/economy_general/2025/04/17/3OPFBMB5FND7LKAFGEU5LNCDGA,"17일 통계청이 발표한 ’2024년 농림어업 조사결과’에 따르면, 2024년 농가 수는 97만 4000가구로 전년(99만9000가구) 대비 2.5% 감소했다.",농가에서 65세 이상 고령 인구가 차지하는 비율도 지난해 기준 55.8%로 해마다 계속 상승하면서 농촌 소멸 우려가 현실화되고 있다는 분석이 나온다.,"전국 농가 수는 1970년 약 248만3000가구였지만, 1984년 약 197만 3000가구로 처음 200만 가구 아래로 떨어진 뒤 2023년에는 100만 가구 선도 깨졌다.",국내공식통계,Y,인구,농가 수,"농촌, 소멸, 농가, 고령 인구, 비율",-,-,-,,-,-,-,2024,-,Y,확정,97만 4000가구,KOSIS_VALUE,hcx,농가 수,-,2024,Y,hcx,현재값,4000,-,-,N,가구,수준값,감소,전년,"17일 통계청이 발표한 '2024년 농림어업 조사결과'에 따르면, 2024년 농가 수는 97만 4000가구로 전년(99만9000가구) 대비 2.5% 감소했다.",high,N,-,Y,0,0,HCX-007,v1.6-early-kosis-context,2026-08-11,농가 수,,N,,2024,Y,,,,2024,,가구,가구,count,count,household,,Y,Y,,,READY,ELIGIBLE,,,,,N
A1381-SPA3B38B4531,A1381-SPA3B38B4531-m1,A1381,"가파른 농촌 소멸의 현실... 작년 농가 수 97만가구, 1년새 2.5% 줄어",45764.0,https://www.chosun.com/economy/economy_general/2025/04/17/3OPFBMB5FND7LKAFGEU5LNCDGA,"전국 농가 수는 1970년 약 248만3000가구였지만, 1984년 약 197만 3000가구로 처음 200만 가구 아래로 떨어진 뒤 2023년에는 100만 가구 선도 깨졌다.","17일 통계청이 발표한 ’2024년 농림어업 조사결과’에 따르면, 2024년 농가 수는 97만 4000가구로 전년(99만9000가구) 대비 2.5% 감소했다.",농가 인구도 지난해 200만4000명으로 전년(208만9000명) 대비 4.1%가 줄었다.,국내공식통계,Y,인구,농가 수,"농촌, 소멸, 농가, 인구",-,-,-,,-,-,-,1970,-,Y,확정,248만3000가구,KOSIS_VALUE,hcx,농가 수,-,1970,Y,hcx,현재값,2483000,-,-,Y,가구,수준값,-,전년,"전국 농가 수는 1970년 약 248만3000가구였지만, 1984년 약 197만 3000가구로 처음 200만 가구 아래로 떨어진 뒤 2023년에는 100만 가구 선도 깨졌다.",high,N,-,Y,0,0,HCX-007,v1.6-early-kosis-context,2026-08-11,농가 수,,N,,2023,Y,,,,1970,,가구,가구,count,count,household,,Y,Y,,,READY,ELIGIBLE,,,,,N
A1381-SPA3B38B4531,A1381-SPA3B38B4531-m2,A1381,"가파른 농촌 소멸의 현실... 작년 농가 수 97만가구, 1년새 2.5% 줄어",45764.0,https://www.chosun.com/economy/economy_general/2025/04/17/3OPFBMB5FND7LKAFGEU5LNCDGA,"전국 농가 수는 1970년 약 248만3000가구였지만, 1984년 약 197만 3000가구로 처음 200만 가구 아래로 떨어진 뒤 2023년에는 100만 가구 선도 깨졌다.","17일 통계청이 발표한 ’2024년 농림어업 조사결과’에 따르면, 2024년 농가 수는 97만 4000가구로 전년(99만9000가구) 대비 2.5% 감소했다.",농가 인구도 지난해 200만4000명으로 전년(208만9000명) 대비 4.1%가 줄었다.,국내공식통계,Y,인구,농가 수,"농촌, 소멸, 농가, 인구",-,-,-,,-,-,-,1984,-,Y,확정,200만 가구,KOSIS_VALUE,hcx,농가 수,-,1984,Y,hcx,현재값,2000000,-,-,N,가구,수준값,-,전년,"전국 농가 수는 1970년 약 248만3000가구였지만, 1984년 약 197만 3000가구로 처음 200만 가구 아래로 떨어진 뒤 2023년에는 100만 가구 선도 깨졌다.",high,N,-,Y,0,0,HCX-007,v1.6-early-kosis-context,2026-08-11,농가 수,,N,,2023,Y,,,,1984,,가구,가구,count,count,household,,Y,Y,,,READY,ELIGIBLE,,,,,N
A1381-SPA3B38B4531,A1381-SPA3B38B4531-m3,A1381,"가파른 농촌 소멸의 현실... 작년 농가 수 97만가구, 1년새 2.5% 줄어",45764.0,https://www.chosun.com/economy/economy_general/2025/04/17/3OPFBMB5FND7LKAFGEU5LNCDGA,"전국 농가 수는 1970년 약 248만3000가구였지만, 1984년 약 197만 3000가구로 처음 200만 가구 아래로 떨어진 뒤 2023년에는 100만 가구 선도 깨졌다.","17일 통계청이 발표한 ’2024년 농림어업 조사결과’에 따르면, 2024년 농가 수는 97만 4000가구로 전년(99만9000가구) 대비 2.5% 감소했다.",농가 인구도 지난해 200만4000명으로 전년(208만9000명) 대비 4.1%가 줄었다.,국내공식통계,Y,인구,농가 수,"농촌, 소멸, 농가, 인구",-,-,-,,-,-,-,2023,-,Y,확정,100만 가구,KOSIS_VALUE,hcx,농가 수,-,2023,Y,hcx,현재값,1000000,-,-,N,가구,수준값,-,전년,"전국 농가 수는 1970년 약 248만3000가구였지만, 1984년 약 197만 3000가구로 처음 200만 가구 아래로 떨어진 뒤 2023년에는 100만 가구 선도 깨졌다.",high,N,-,Y,0,0,HCX-007,v1.6-early-kosis-context,2026-08-11,농가 수,,N,,2023,Y,,,,2023,,가구,가구,count,count,household,,Y,Y,,,READY,ELIGIBLE,,,,,N
A1381-SPA3B38B4531,A1381-SPA3B38B4531-m4,A1381,"가파른 농촌 소멸의 현실... 작년 농가 수 97만가구, 1년새 2.5% 줄어",45764.0,https://www.chosun.com/economy/economy_general/2025/04/17/3OPFBMB5FND7LKAFGEU5LNCDGA,"전국 농가 수는 1970년 약 248만3000가구였지만, 1984년 약 197만 3000가구로 처음 200만 가구 아래로 떨어진 뒤 2023년에는 100만 가구 선도 깨졌다.","17일 통계청이 발표한 ’2024년 농림어업 조사결과’에 따르면, 2024년 농가 수는 97만 4000가구로 전년(99만9000가구) 대비 2.5% 감소했다.",농가 인구도 지난해 200만4000명으로 전년(208만9000명) 대비 4.1%가 줄었다.,국내공식통계,Y,인구,농가 수,"농촌, 소멸, 농가, 인구",-,-,-,,-,-,-,1970,-,Y,확정,3000가구,KOSIS_VALUE,hcx,농가 수,-,1970,Y,hcx,현재값,3000,-,-,N,가구,수준값,-,전년,"전국 농가 수는 1970년 약 248만3000가구였지만, 1984년 약 197만 3000가구로 처음 200만 가구 아래로 떨어진 뒤 2023년에는 100만 가구 선도 깨졌다.",high,N,-,Y,0,0,HCX-007,v1.6-early-kosis-context,2026-08-11,농가 수,,N,,2023,Y,,,,1970,,가구,가구,count,count,household,,Y,Y,,,READY,ELIGIBLE,,,,,N
A1381-SPE56E2FF4B3,A1381-SPE56E2FF4B3-m1,A1381,"가파른 농촌 소멸의 현실... 작년 농가 수 97만가구, 1년새 2.5% 줄어",45764.0,https://www.chosun.com/economy/economy_general/2025/04/17/3OPFBMB5FND7LKAFGEU5LNCDGA,농가 인구도 지난해 200만4000명으로 전년(208만9000명) 대비 4.1%가 줄었다.,"전국 농가 수는 1970년 약 248만3000가구였지만, 1984년 약 197만 3000가구로 처음 200만 가구 아래로 떨어진 뒤 2023년에는 100만 가구 선도 깨졌다.","농가 인구는 2003년 약 353만명에서 2013년 284만7000명으로 크게 감소했고, 지난해에는 간신히 200만명에 턱걸이할 정도로 가파르게 줄고 있다.",국내공식통계,Y,인구,농가 인구,"농촌, 소멸, 농가, 인구, 고령화",-,-,-,,-,-,-,2024,-,Y,확정,200만4000명,KOSIS_VALUE,hcx,농가 인구,-,2024,Y,hcx,현재값,2004000,-,-,N,명,수준값,감소,전년,농가 인구도 지난해 200만4000명으로 전년(208만9000명) 대비 4.1%가 줄었다.,high,N,-,N,0,0,HCX-007,v1.6-early-kosis-context,2026-08-11,농가 인구,,N,,2024,Y,,,,2024,,명,명,person_count,count,person,,Y,Y,,,READY,ELIGIBLE,,,,,N
A1381-SPCECEC04B73,A1381-SPCECEC04B73-m2,A1381,"가파른 농촌 소멸의 현실... 작년 농가 수 97만가구, 1년새 2.5% 줄어",45764.0,https://www.chosun.com/economy/economy_general/2025/04/17/3OPFBMB5FND7LKAFGEU5LNCDGA,"농가 인구는 2003년 약 353만명에서 2013년 284만7000명으로 크게 감소했고, 지난해에는 간신히 200만명에 턱걸이할 정도로 가파르게 줄고 있다.",농가 인구도 지난해 200만4000명으로 전년(208만9000명) 대비 4.1%가 줄었다.,농가 인구 고령화도 심각한 수준이어서 향후 농촌 소멸이 빠르게 진행될 것이라는 관측이 나온다.,국내공식통계,Y,인구,농가 인구,"농촌, 소멸, 농가, 인구, 고령화",-,-,-,,-,-,-,2013,-,Y,확정,284만7000명,KOSIS_VALUE,hcx,농가 인구,-,2013,Y,hcx,현재값,2847000,-,-,N,명,수준값,감소,전년,"농가 인구는 2003년 약 353만명에서 2013년 284만7000명으로 크게 감소했고, 지난해에는 간신히 200만명에 턱걸이할 정도로 가파르게 줄고 있다.",high,Y,measurement_rule_fallback:1,Y,1,0,HCX-007,v1.6-early-kosis-context,2026-08-11,농가 인구,,N,,,,,,,2013,,명,명,person_count,count,person,,Y,Y,,,READY,ELIGIBLE,,,,,N
A1381-SP4E2682A0B2,A1381-SP4E2682A0B2-m1,A1381,"가파른 농촌 소멸의 현실... 작년 농가 수 97만가구, 1년새 2.5% 줄어",45764.0,https://www.chosun.com/economy/economy_general/2025/04/17/3OPFBMB5FND7LKAFGEU5LNCDGA,어가와 임가 사정도 농가와 비슷한 실정이다. 지난해 어가 수는 4만1000가구로 전년(4만2000가구) 대비 2.1% 줄었다.,이는 통계청 기준 지난해 국내 전체 인구에서 고령 인구가 차지하는 비율(19.2%)보다 약 세 배 높은 수치다.,전체어가 인구는 8만7000명에서 8만4000명으로 3.6% 감소했다.,국내공식통계,Y,인구,어가 수,"농촌, 소멸, 농가, 어가, 임가",-,-,-,,-,-,-,2024,-,Y,확정,4만1000가구,KOSIS_VALUE,hcx,어가 수,-,2024,Y,hcx,현재값,41000,-,-,N,가구,수준값,감소,전년,지난해 어가 수는 4만1000가구로 전년(4만2000가구) 대비 2.1% 줄었다.,high,N,-,N,0,0,HCX-007,v1.6-early-kosis-context,2026-08-11,어가 수,,N,,2024,Y,,,,2024,,가구,가구,count,count,household,,Y,Y,,,READY,ELIGIBLE,,,,,N
A1381-SP5335F6A7D2,A1381-SP5335F6A7D2-m2,A1381,"가파른 농촌 소멸의 현실... 작년 농가 수 97만가구, 1년새 2.5% 줄어",45764.0,https://www.chosun.com/economy/economy_general/2025/04/17/3OPFBMB5FND7LKAFGEU5LNCDGA,전체어가 인구는 8만7000명에서 8만4000명으로 3.6% 감소했다.,어가와 임가 사정도 농가와 비슷한 실정이다. 지난해 어가 수는 4만1000가구로 전년(4만2000가구) 대비 2.1% 줄었다.,"다만 같은 기간고령 인구 비율은 48.0%에서 50.9%로 2.9%포인트 증가했다. 임가 수는 지난해 9만8000가구로 전년(9만9200가구) 대비 1.2% 줄었고,고령 인구 비율은 52.8%에서 56.4%로 3.6%포인트 높아졌다. 임가 인구는 20만4000명에서 20만명으로 2.2% 감소했다.",국내공식통계,Y,인구,전체가구 인구수,"농촌, 소멸, 농가, 인구, 고령",-,-,-,,-,-,-,2024,-,Y,확정,8만4000명,KOSIS_VALUE,hcx,전체가구 인구수,-,2024,Y,hcx,현재값,84000,-,-,N,명,수준값,감소,전년,전체가구 인구는 8만7000명에서 8만4000명으로 3.6% 감소했다.,high,N,-,N,0,0,HCX-007,v1.6-early-kosis-context,2026-08-11,전체가구 인구수,,N,,2024,Y,,,,2024,,명,명,person_count,count,person,,Y,Y,,,READY,ELIGIBLE,,,,,N
A1411-SP5F8BCC33E4,A1411-SP5F8BCC33E4-m2,A1411,“은퇴하는 베이비붐 세대 잡아라”… 시니어 공략 속도 내는 은행,45766.0,https://www.chosun.com/economy/money/2025/04/19/EQO5AO3LFD6GDC5KEWSCAL6NBI,통계청의 2024년 가계금융복지조사 결과 가구주 연령대별 순자산 보유액은 60세 이상 가구가 5억1922만원으로 가장 많았고 전년 대비 증감률도 6.8%로 가장 높았다.,은퇴를 시작한 베이비붐 세대가 이전 세대와 달리 소득이나 자산 수준이 더 높은 이유도 크다.,2차 베이비붐 세대(1964~1974년생)가 은퇴를 앞두고 있는 만큼 이들이 축적한 자산을 효과적으로 관리하는 데 관심이 몰릴 것으로 보이기 때문이다.,국내공식통계,Y,소득·임금,순자산 보유액,"베이비붐 세대, 은퇴, 가구주 연령대별",-,60세 이상,-,,-,-,-,2024,-,Y,확정,5억1922만원,KOSIS_VALUE,hcx,순자산 보유액,-,2024,Y,hcx,현재값,519220000,-,-,N,원,수준값,-,전년,통계청의 2024년 가계금융복지조사 결과 가구주 연령대별 순자산 보유액은 60세 이상 가구가 5억1922만원으로 가장 많았고 전년 대비 증감률도 6.8%로 가장 높았다.,high,N,-,N,0,0,HCX-007,v1.6-early-kosis-context,2026-08-11,순자산 보유액,,N,,2024,Y,,,,2024,,원,원,currency,amount,household,,Y,Y,,,READY,ELIGIBLE,,,,,N
A0835-SPC2BB4BE058,A0835-SPC2BB4BE058-m1,A0835,1인 年소득 5000만원? 난 왜 체감이 안 될까,45722.0,https://www.chosun.com/economy/economy_general/2025/03/06/6NO5N7ES2NFOJIC7KKZF4E3ZHI,"고용노동부가 사업체 5만여 곳을 대상으로 조사한 결과에 따르면 지난해 우리나라 근로자 월평균 명목임금은 407만9000원이고, 물가 수준을 고려한 실질임금은 월평균 357만3000원이다. 연봉으로 환산하면 각각 4900만원, 4280만원 수준이다.",하지만 국민의 실제 소득은 이보다 낮다.,"일하지 않는 전업주부와 청소년, 고령자 등을 빼고 경제활동을 하는 근로자만 따져도 평균 연봉이 5000만원이 되지 않는 것이다.",국내공식통계,Y,소득·임금,근로자 월평균 명목임금,"근로자, 월평균, 명목임금, 실질임금, 연봉",-,-,-,,사업체 5만여 곳,-,-,2023,-,M,확정,407만9000원,KOSIS_VALUE,hcx,근로자 월평균 명목임금,-,2023,M,hcx,현재값,4079000,-,-,N,원,수준값,-,전년,"고용노동부가 사업체 5만여 곳을 대상으로 조사한 결과에 따르면 지난해 우리나라 근로자 월평균 명목임금은 407만9000원이고, 물가 수준을 고려한 실질임금은 월평균 357만3000원이다. 연봉으로 환산하면 각각 4900만원, 4280만원 수준이다.",high,N,-,N,0,0,HCX-007,v1.6-early-kosis-context,2026-08-11,근로자 월평균 명목임금 및 실질임금,,N,,2023,M,,,,2023,,원,원,currency,amount,person,,Y,Y,,,READY,ELIGIBLE,,,,,N
A0835-SPC2BB4BE058,A0835-SPC2BB4BE058-m2,A0835,1인 年소득 5000만원? 난 왜 체감이 안 될까,45722.0,https://www.chosun.com/economy/economy_general/2025/03/06/6NO5N7ES2NFOJIC7KKZF4E3ZHI,"고용노동부가 사업체 5만여 곳을 대상으로 조사한 결과에 따르면 지난해 우리나라 근로자 월평균 명목임금은 407만9000원이고, 물가 수준을 고려한 실질임금은 월평균 357만3000원이다. 연봉으로 환산하면 각각 4900만원, 4280만원 수준이다.",하지만 국민의 실제 소득은 이보다 낮다.,"일하지 않는 전업주부와 청소년, 고령자 등을 빼고 경제활동을 하는 근로자만 따져도 평균 연봉이 5000만원이 되지 않는 것이다.",국내공식통계,Y,소득·임금,근로자 월평균 실질임금,"근로자, 월평균, 명목임금, 실질임금, 연봉",-,-,-,,사업체 5만여 곳,-,-,2023,-,M,확정,357만3000원,KOSIS_VALUE,hcx,근로자 월평균 실질임금,-,2023,M,hcx,현재값,3573000,-,-,N,원,수준값,-,전년,"고용노동부가 사업체 5만여 곳을 대상으로 조사한 결과에 따르면 지난해 우리나라 근로자 월평균 명목임금은 407만9000원이고, 물가 수준을 고려한 실질임금은 월평균 357만3000원이다. 연봉으로 환산하면 각각 4900만원, 4280만원 수준이다.",high,N,-,N,0,0,HCX-007,v1.6-early-kosis-context,2026-08-11,근로자 월평균 명목임금 및 실질임금,,N,,2023,M,,,,2023,,원,원,currency,amount,person,,Y,Y,,,READY,ELIGIBLE,,,,,N
A0835-SPC2BB4BE058,A0835-SPC2BB4BE058-m3,A0835,1인 年소득 5000만원? 난 왜 체감이 안 될까,45722.0,https://www.chosun.com/economy/economy_general/2025/03/06/6NO5N7ES2NFOJIC7KKZF4E3ZHI,"고용노동부가 사업체 5만여 곳을 대상으로 조사한 결과에 따르면 지난해 우리나라 근로자 월평균 명목임금은 407만9000원이고, 물가 수준을 고려한 실질임금은 월평균 357만3000원이다. 연봉으로 환산하면 각각 4900만원, 4280만원 수준이다.",하지만 국민의 실제 소득은 이보다 낮다.,"일하지 않는 전업주부와 청소년, 고령자 등을 빼고 경제활동을 하는 근로자만 따져도 평균 연봉이 5000만원이 되지 않는 것이다.",국내공식통계,Y,소득·임금,근로자 월평균 명목임금 연봉 환산,"근로자, 월평균, 명목임금, 실질임금, 연봉",-,-,-,,사업체 5만여 곳,-,-,2024,-,Y,확정,4900만원,KOSIS_VALUE,hcx,근로자 월평균 명목임금 연봉 환산,-,2023,Y,hcx,현재값,49000000,-,-,N,원,수준값,-,전년,"고용노동부가 사업체 5만여 곳을 대상으로 조사한 결과에 따르면 지난해 우리나라 근로자 월평균 명목임금은 407만9000원이고, 물가 수준을 고려한 실질임금은 월평균 357만3000원이다. 연봉으로 환산하면 각각 4900만원, 4280만원 수준이다.",high,N,-,N,0,0,HCX-007,v1.6-early-kosis-context,2026-08-11,근로자 월평균 명목임금 및 실질임금,,N,,2023,M,,,,2023,RELATIVE_CLAIM_TO_PUBLICATION_YEAR,원,원,currency,amount,person,,Y,Y,,,READY,ELIGIBLE,,,,,N
A0835-SPC2BB4BE058,A0835-SPC2BB4BE058-m4,A0835,1인 年소득 5000만원? 난 왜 체감이 안 될까,45722.0,https://www.chosun.com/economy/economy_general/2025/03/06/6NO5N7ES2NFOJIC7KKZF4E3ZHI,"고용노동부가 사업체 5만여 곳을 대상으로 조사한 결과에 따르면 지난해 우리나라 근로자 월평균 명목임금은 407만9000원이고, 물가 수준을 고려한 실질임금은 월평균 357만3000원이다. 연봉으로 환산하면 각각 4900만원, 4280만원 수준이다.",하지만 국민의 실제 소득은 이보다 낮다.,"일하지 않는 전업주부와 청소년, 고령자 등을 빼고 경제활동을 하는 근로자만 따져도 평균 연봉이 5000만원이 되지 않는 것이다.",국내공식통계,Y,소득·임금,근로자 월평균 실질임금 연봉 환산,"근로자, 월평균, 명목임금, 실질임금, 연봉",-,-,-,,사업체 5만여 곳,-,-,2024,-,Y,확정,4280만원,KOSIS_VALUE,hcx,근로자 월평균 실질임금 연봉 환산,-,2023,Y,hcx,현재값,42800000,-,-,N,원,수준값,-,전년,"고용노동부가 사업체 5만여 곳을 대상으로 조사한 결과에 따르면 지난해 우리나라 근로자 월평균 명목임금은 407만9000원이고, 물가 수준을 고려한 실질임금은 월평균 357만3000원이다. 연봉으로 환산하면 각각 4900만원, 4280만원 수준이다.",high,N,-,N,0,0,HCX-007,v1.6-early-kosis-context,2026-08-11,근로자 월평균 명목임금 및 실질임금,,N,,2023,M,,,,2023,RELATIVE_CLAIM_TO_PUBLICATION_YEAR,원,원,currency,amount,person,,Y,Y,,,READY,ELIGIBLE,,,,,N
A0835-SP2FB1C8E920,A0835-SP2FB1C8E920-m1,A0835,1인 年소득 5000만원? 난 왜 체감이 안 될까,45722.0,https://www.chosun.com/economy/economy_general/2025/03/06/6NO5N7ES2NFOJIC7KKZF4E3ZHI,"우리나라 1인당 PGDI는 1975년 482달러였는데, 지난 2023년에는 1만9498달러(약 2840만원)로 상승했다.",개인이 벌어들이는 임금과 정부로부터 받는 연금 등에서 세금이나 각종 사회보험료를 뺀 소득을 나타낸다.,"문제는 GNI에서 PGDI가 차지하는 비율이 줄고, 기업과 정부 비율이 늘고 있다는 것이다.",국내공식통계,N,소득·임금,1인당 PGDI,"PGDI, 국민총소득, 소득, 비율",-,-,-,,-,-,-,1975,-,Y,확정,482달러,KOSIS_VALUE,hcx,1인당 PGDI,-,1975,Y,hcx,현재값,482,-,-,N,달러,수준값,증가,전년,"우리나라 1인당 PGDI는 1975년 482달러였는데, 지난 2023년에는 1만9498달러(약 2840만원)로 상승했다.",high,N,-,N,0,0,HCX-007,v1.6-early-kosis-context,2026-08-11,1인당 PGDI,,N,,2023,Y,,,,1975,,달러,달러,currency,amount,unspecified,,Y,Y,,,READY,ELIGIBLE,,,,,N
A0835-SP2FB1C8E920,A0835-SP2FB1C8E920-m2,A0835,1인 年소득 5000만원? 난 왜 체감이 안 될까,45722.0,https://www.chosun.com/economy/economy_general/2025/03/06/6NO5N7ES2NFOJIC7KKZF4E3ZHI,"우리나라 1인당 PGDI는 1975년 482달러였는데, 지난 2023년에는 1만9498달러(약 2840만원)로 상승했다.",개인이 벌어들이는 임금과 정부로부터 받는 연금 등에서 세금이나 각종 사회보험료를 뺀 소득을 나타낸다.,"문제는 GNI에서 PGDI가 차지하는 비율이 줄고, 기업과 정부 비율이 늘고 있다는 것이다.",국내공식통계,N,소득·임금,1인당 PGDI,"PGDI, 국민총소득, 소득, 비율",-,-,-,,-,-,-,2023,-,Y,확정,1만9498달러,KOSIS_VALUE,hcx,1인당 PGDI,-,2023,Y,hcx,현재값,19498,-,-,N,달러,수준값,증가,전년,"우리나라 1인당 PGDI는 1975년 482달러였는데, 지난 2023년에는 1만9498달러(약 2840만원)로 상승했다.",high,N,-,N,0,0,HCX-007,v1.6-early-kosis-context,2026-08-11,1인당 PGDI,,N,,2023,Y,,,,2023,,달러,달러,currency,amount,unspecified,,Y,Y,,,READY,ELIGIBLE,,,,,N
A0835-SP2FB1C8E920,A0835-SP2FB1C8E920-m3,A0835,1인 年소득 5000만원? 난 왜 체감이 안 될까,45722.0,https://www.chosun.com/economy/economy_general/2025/03/06/6NO5N7ES2NFOJIC7KKZF4E3ZHI,"우리나라 1인당 PGDI는 1975년 482달러였는데, 지난 2023년에는 1만9498달러(약 2840만원)로 상승했다.",개인이 벌어들이는 임금과 정부로부터 받는 연금 등에서 세금이나 각종 사회보험료를 뺀 소득을 나타낸다.,"문제는 GNI에서 PGDI가 차지하는 비율이 줄고, 기업과 정부 비율이 늘고 있다는 것이다.",국내공식통계,N,소득·임금,1인당 PGDI,"PGDI, 국민총소득, 소득, 비율",-,-,-,,-,-,-,2023,-,Y,확정,약 2840만원,KOSIS_VALUE,hcx,1인당 PGDI,-,2023,Y,hcx,현재값,28400000,-,-,Y,원,수준값,증가,전년,"우리나라 1인당 PGDI는 1975년 482달러였는데, 지난 2023년에는 1만9498달러(약 2840만원)로 상승했다.",high,N,-,N,0,0,HCX-007,v1.6-early-kosis-context,2026-08-11,1인당 PGDI,,N,,2023,Y,,,,2023,,원,원,currency,amount,unspecified,,Y,Y,,,READY,ELIGIBLE,,,,,N
A2182-SP8BAD78E1AC,A2182-SP8BAD78E1AC-m1,A2182,“BMW 과거·현재·미래를 체험”… 1만8천명 다녀가,45826.0,https://www.chosun.com/economy/auto/2025/06/18/LEXVLBPYHVCBVDYHTRYZRCFVSU,"국내 수입차 시장이 확대되면서 2010년부턴 연간 판매량이 1만대를 넘어섰고, 2017년엔 연간 5만대를 기록하기도 했다.","덕분에 누적 판매량은 2002년 처음으로 1만대를 넘었고, 2011년엔 10만대를 돌파했다.",국내 소비자의 애정에 화답하기 위한 BMW 그룹 코리아의 동반 성장 행보도 꾸준히 이어지고 있다.,국내공식통계,N,소매·소비,연간 판매량,"BMW, 수입차, 판매량",-,-,-,,-,-,-,2010,-,Y,확정,1만대,KOSIS_VALUE,hcx,연간 판매량,,2010,Y,hcx,현재값,10000,-,-,N,대,수준값,증가,전년,"국내 수입차 시장이 확대되면서 2010년부턴 연간 판매량이 1만대를 넘어섰고, 2017년엔 연간 5만대를 기록하기도 했다.",high,N,-,N,0,0,HCX-007,v1.6-early-kosis-context,2026-08-11,연간 판매량,BMW,Y,BMW,,,,,,2010,,대,대,count,count,item,,Y,Y,,,READY,ELIGIBLE,,,,,N
A2182-SP8BAD78E1AC,A2182-SP8BAD78E1AC-m2,A2182,“BMW 과거·현재·미래를 체험”… 1만8천명 다녀가,45826.0,https://www.chosun.com/economy/auto/2025/06/18/LEXVLBPYHVCBVDYHTRYZRCFVSU,"국내 수입차 시장이 확대되면서 2010년부턴 연간 판매량이 1만대를 넘어섰고, 2017년엔 연간 5만대를 기록하기도 했다.","덕분에 누적 판매량은 2002년 처음으로 1만대를 넘었고, 2011년엔 10만대를 돌파했다.",국내 소비자의 애정에 화답하기 위한 BMW 그룹 코리아의 동반 성장 행보도 꾸준히 이어지고 있다.,국내공식통계,N,소매·소비,연간 판매량,"BMW, 수입차, 판매량",-,-,-,,-,-,-,2017,-,Y,확정,5만대,KOSIS_VALUE,hcx,연간 판매량,,2017,Y,hcx,현재값,50000,-,-,N,대,수준값,증가,전년,"국내 수입차 시장이 확대되면서 2010년부턴 연간 판매량이 1만대를 넘어섰고, 2017년엔 연간 5만대를 기록하기도 했다.",high,N,-,N,0,0,HCX-007,v1.6-early-kosis-context,2026-08-11,연간 판매량,BMW,Y,BMW,,,,,,2017,,대,대,count,count,item,,Y,Y,,,READY,ELIGIBLE,,,,,N
A2182-SPD276837953,A2182-SPD276837953-m1,A2182,“BMW 과거·현재·미래를 체험”… 1만8천명 다녀가,45826.0,https://www.chosun.com/economy/auto/2025/06/18/LEXVLBPYHVCBVDYHTRYZRCFVSU,"국내 부품을 조달하는 사례도 늘면서, 2023년엔 연간 한국산 부품 구매액이 6조5000억원을 넘기도 했다.",BMW 그룹의 해외 법인 중 최대 규모다.,2010년부터 2024년까지 한국 협력사에서 구매한 부품은 총 37조원어치에 달한다.,국내공식통계,N,소매·소비,한국산 부품 구매액,"BMW, 부품, 구매액, 2023년, 연간",-,-,-,,-,-,-,2023,-,Y,확정,6조5000억원,KOSIS_VALUE,hcx,한국산 부품 구매액,,2023,Y,hcx,현재값,6500000000000,-,-,N,원,수준값,-,-,"국내 부품을 조달하는 사례도 늘면서, 2023년엔 연간 한국산 부품 구매액이 6조5000억원을 넘기도 했다.",high,N,-,N,0,0,HCX-007,v1.6-early-kosis-context,2026-08-11,한국산 부품 구매액,자동차 부품,Y,자동차 부품,2023,Y,,,,2023,,원,원,currency,amount,vehicle,,Y,Y,,,READY,ELIGIBLE,,,,,N
A1719-SPC545842473,A1719-SPC545842473-m4,A1719,불경기에 보험 해약 환급금 3년 새 2배 급증,45790.0,https://www.chosun.com/economy/economy_general/2025/05/13/QE5NJTKFRBE7VB347MKM653GJQ,"◇3년 새 2배 이상 늘어난 보험 해약 12일 생명보험 업계에 따르면, 지난해 생명보험사들이 고객에게 지급한 환급금 규모는 59조555억원이다. 이는 가입자가 보험을 깨서 돌려받은 해약 환급금(57조3801억원)과, 보험료를 제때 내지 못해 계약이 해지된 효력 상실 환급금(1조6753억원)을 합친 수치다. 지난해 환급금 규모는 2021년(27조7860억원)과 비교하면 3년 새 2배 이상 늘었다.","당장 보험료 부담을 줄일 수 있으면서, 기존 보장을 어느 정도 유지할 수 있는 방법으로는 감액 완납, 연장 정기, 특약 해약 등이 있다.",가입한 보험 계약을 담보로 돈을 빌릴 수 있는 보험 계약 대출도 지난해 71조6000억원으로 그 규모가 2년 만에 3조원 이상 늘었다.,국내공식통계,N,금융·금리,보험 해약 환급금,"보험, 해약, 환급금, 불경기, 급증",-,-,-,,-,-,-,2021,-,Y,확정,27조7860억원,KOSIS_VALUE,hcx,보험 해약 환급금,-,2021,Y,hcx,현재값,27786000000000,-,-,N,원,수준값,증가,전년,"◇3년 새 2배 이상 늘어난 보험 해약 12일 생명보험 업계에 따르면, 지난해 생명보험사들이 고객에게 지급한 환급금 규모는 59조555억원이다. 이는 가입자가 보험을 깨서 돌려받은 해약 환급금(57조3801억원)과, 보험료를 제때 내지 못해 계약이 해지된 효력 상실 환급금(1조6753억원)을 합친 수치다. 지난해 환급금 규모는 2021년(27조7860억원)과 비교하면 3년 새 2배 이상 늘었다.",high,Y,measurement_binding_fallback:2;measurement_period_ungrounded:3,Y,0,2,HCX-007,v1.6-early-kosis-context,2026-08-11,보험 해약 환급금,,N,,2023,Y,,,,2021,,원,원,currency,amount,unspecified,,Y,Y,,,READY,ELIGIBLE,,,,,N
A2136-SP44D7798BD8,A2136-SP44D7798BD8-m1,A2136,“우리 집 위층은 시니어타운” 3기 신도시에 어르신 아파트 속속,45822.0,https://www.chosun.com/economy/realty/allthatsenior/2025/06/14/N76L6ZA6WFECZY6SVM2DAKK6PU,현재 전국에 3730가구(2024년3월 기준)가 있다.,가구 내에는 높낮이 조절 세면대 등 무장애 설계를 적용한다.,"앞서 정부는 지난해 3월 ‘어르신 1000만 시대, 건강하고 행복한 노후대책’ 발표를 통해 고령자복지주택 공급 규모를 연간 1000가구에서 3000가구로 늘리겠다고 밝혔다.",국내공식통계,N,인구,고령자복지주택,"신도시, 어르신, 시니어타운, 고령자복지주택, 3기 신도시",-,-,-,,-,-,-,202403,-,M,확정,3730가구,KOSIS_VALUE,hcx,고령자복지주택,-,2024년3월,M,hcx,현재값,3730,-,-,N,가구,수준값,-,전년,현재 전국에 3730가구(2024년3월 기준)가 있다.,high,N,-,N,0,0,HCX-007,v1.6-early-kosis-context,2026-08-11,고령자복지주택,,N,,2024년3월,M,,,,2024년3월,,가구,가구,count,count,household,,Y,Y,,,READY,ELIGIBLE,,,,,N
A2680-SP37B568B3E8,A2680-SP37B568B3E8-m2,A2680,"KDI “최근 실업률 하락 상당 부분 청년 구직 포기 때문, 낮은 실업률이 반드시 고용 개선 의미하지 않아”",45967.0,https://www.chosun.com/economy/economy_general/2025/11/06/T4WNY7YVT5HZ7P5BSUZSYGTMB4/,코로나 팬데믹 이전 3%대 중후반대였던 실업률이 2022년 이후 2% 중후반대로 낮아진 현상의 상당 부분이 청년층의 구직 포기,-,때문이라는 국책 연구 기관의 분석 결과가 6일 나왔다.,국내공식통계,N,고용,실업률,"실업률, 청년, 구직 포기, 경제활동인구",-,청년,-,,-,-,-,2022,-,Y,확정,2%,KOSIS_VALUE,hcx,실업률,-,2022,Y,hcx,현재값,2,-,-,N,%,비중,-,전년,코로나 팬데믹 이전 3%대 중후반대였던 실업률이 2022년 이후 2% 중후반대로 낮아진 현상의 상당 부분이 청년층의 구직 포기,high,N,-,N,0,0,HCX-007,v1.6-early-kosis-context,2026-08-11,실업률,,N,,,,,,,2022,,%,%,rate,level,unspecified,,Y,Y,,,READY,ELIGIBLE,,,,,N
A1960-SP3A94022EF8,A1960-SP3A94022EF8-m1,A1960,"10년 전보다 지출 3.3%p 줄어… 2030은 소득 감소, 60대는 노후불안",45809.0,https://www.chosun.com/economy/industry-company/2025/06/01/MTWGGBPM3BAEVKO7NHOHPYORY4,"예전에는 100만 원을 벌면 73만 6000원을 썼다면, 지금은 100만 원을 벌어도 70만 3000원만 쓴다는 뜻이다.","대한상공회의소가 1일 발간한 ‘세대별 소비성향 변화와 시사점’ 보고서에 따르면, 전 연령대에서 소득 대비 소비지출 비중(평균소비성향)이 2014년 73.6%에서 2024년 70.3%로 3.3%포인트 하락한 것으로 나타났다.",버는 돈에 비해 쓰는 돈이 줄어든 것이다.,국내공식통계,N,소득·임금,소득,"소득 대비 소비지출 비중, 세대별 소비성향 변화",-,-,-,,-,-,-,2024,-,Y,확정,100만 원,KOSIS_VALUE,hcx,소득,-,2024,Y,hcx,현재값,1000000,-,-,N,원,수준값,유지,전년,"예전에는 100만 원을 벌면 73만 6000원을 썼다면, 지금은 100만 원을 벌어도 70만 3000원만 쓴다는 뜻이다.",high,N,-,Y,0,0,HCX-007,v1.6-early-kosis-context,2026-08-11,평균소비성향,,N,,2024,Y,,,,2024,,원,원,currency,amount,unspecified,,Y,Y,,,READY,ELIGIBLE,,,,,N
A1960-SP3A94022EF8,A1960-SP3A94022EF8-m2,A1960,"10년 전보다 지출 3.3%p 줄어… 2030은 소득 감소, 60대는 노후불안",45809.0,https://www.chosun.com/economy/industry-company/2025/06/01/MTWGGBPM3BAEVKO7NHOHPYORY4,"예전에는 100만 원을 벌면 73만 6000원을 썼다면, 지금은 100만 원을 벌어도 70만 3000원만 쓴다는 뜻이다.","대한상공회의소가 1일 발간한 ‘세대별 소비성향 변화와 시사점’ 보고서에 따르면, 전 연령대에서 소득 대비 소비지출 비중(평균소비성향)이 2014년 73.6%에서 2024년 70.3%로 3.3%포인트 하락한 것으로 나타났다.",버는 돈에 비해 쓰는 돈이 줄어든 것이다.,국내공식통계,N,소득·임금,소비지출,"소득 대비 소비지출 비중, 세대별 소비성향 변화",-,-,-,,-,-,-,2024,-,Y,확정,70만 3000원,KOSIS_VALUE,hcx,소비지출,-,2024,Y,hcx,현재값,3000,-,-,N,원,수준값,감소,전년,"예전에는 100만 원을 벌면 73만 6000원을 썼다면, 지금은 100만 원을 벌어도 70만 3000원만 쓴다는 뜻이다.",high,N,-,Y,0,0,HCX-007,v1.6-early-kosis-context,2026-08-11,평균소비성향,,N,,2024,Y,,,,2024,,원,원,currency,amount,unspecified,,Y,Y,,,READY,ELIGIBLE,,,,,N
A1960-SP54F638689B,A1960-SP54F638689B-m1,A1960,"10년 전보다 지출 3.3%p 줄어… 2030은 소득 감소, 60대는 노후불안",45809.0,https://www.chosun.com/economy/industry-company/2025/06/01/MTWGGBPM3BAEVKO7NHOHPYORY4,특히 60대의 평균소비성향이 2014년 69.3%에서 2024년 62.4%로 6.9%포인트 떨어져 가장 큰 하락폭을 기록했다.,버는 돈에 비해 쓰는 돈이 줄어든 것이다.,주택담보대출 원리금 상환 부담과 노후 불안이 주요 원인으로 분석된다.,국내공식통계,N,소득·임금,평균소비성향,"소득 대비 소비지출 비중, 세대별 소비성향 변화",-,60대,-,,-,-,-,2024,-,Y,확정,60대,KOSIS_VALUE,hcx,평균소비성향,-,2024,Y,hcx,현재값,60,-,-,N,대,수준값,감소,전년동기,특히 60대의 평균소비성향이 2014년 69.3%에서 2024년 62.4%로 6.9%포인트 떨어져 가장 큰 하락폭을 기록했다.,high,N,-,Y,0,0,HCX-007,v1.6-early-kosis-context,2026-08-11,평균소비성향,,N,,2024,Y,,,,2024,,대,대,count,count,unspecified,,Y,Y,,,READY,ELIGIBLE,,,,,N
A1960-SP1B07FBEE4A,A1960-SP1B07FBEE4A-m2,A1960,"10년 전보다 지출 3.3%p 줄어… 2030은 소득 감소, 60대는 노후불안",45809.0,https://www.chosun.com/economy/industry-company/2025/06/01/MTWGGBPM3BAEVKO7NHOHPYORY4,2030세대의 월평균 가처분소득은 348만 2000원에서 346만 8000원으로 줄었다.,2030세대는 소비뿐만 아니라 소득도 줄어든 것으로 조사됐다.,소비 금액도 256만 7000원에서 248만 3000원으로 감소했다.,국내공식통계,N,소득·임금,월평균 가처분소득,"2030세대, 소득 감소, 노후불안",-,2030,-,,-,-,-,2024,-,M,확정,346만 8000원,KOSIS_VALUE,hcx,월평균 가처분소득,-,2024,M,hcx,현재값,8000,-,-,N,원,수준값,감소,전년,2030세대의 월평균 가처분소득은 348만 2000원에서 346만 8000원으로 줄었다.,high,Y,measurement_binding_fallback:1,Y,0,1,HCX-007,v1.6-early-kosis-context,2026-08-11,월평균 가처분소득,,N,,2024,M,,,,2024,,원,원,currency,amount,household,,Y,Y,,,READY,ELIGIBLE,,,,,N
A1960-SPEE5DE23DD9,A1960-SPEE5DE23DD9-m2,A1960,"10년 전보다 지출 3.3%p 줄어… 2030은 소득 감소, 60대는 노후불안",45809.0,https://www.chosun.com/economy/industry-company/2025/06/01/MTWGGBPM3BAEVKO7NHOHPYORY4,소비 금액도 256만 7000원에서 248만 3000원으로 감소했다.,2030세대의 월평균 가처분소득은 348만 2000원에서 346만 8000원으로 줄었다.,소득이 줄어드니 소비도 따라 줄어든 것으로 해석된다.,국내공식통계,Y,소매·소비,소비 금액,"2030세대, 소득 감소, 노후불안, 소비 금액, 월평균 가처분소득",-,2030세대,-,,-,-,-,2024,-,Y,확정,248만 3000원,KOSIS_VALUE,hcx,소비 금액,-,2024,Y,hcx,현재값,3000,-,-,N,원,수준값,감소,전년,2030세대의 월평균 가처분소득은 348만 2000원에서 346만 8000원으로 줄었다. 소비 금액도 256만 7000원에서 248만 3000원으로 감소했다.,high,N,-,Y,0,0,HCX-007,v1.6-early-kosis-context,2026-08-11,소비 금액,,N,,2024,Y,,,,2024,,원,원,currency,amount,unspecified,,Y,Y,,,READY,ELIGIBLE,,,,,N
A1157-SPD0C16C0E5D,A1157-SPD0C16C0E5D-m1,A1157,“돈 못 갚아요” 자영업자 저축은행 연체율 9년여 만에 최고치,45747.0,https://www.chosun.com/economy/economy_general/2025/03/31/2RJUSYPX5RFTPAAUAFTPTVJ5RM,31일 한국은행이 국회 기획재정위 박성훈 의원(국민의힘)과 행정안전위 양부남 의원(더불어민주당)에게 제출한 ‘개인사업자대출 세부 업권별 연체율’ 자료에 따르면 작년 4분기 말 저축은행 연체율(1개월 이상 연체 기준)은 11.7%로 집계됐다.,은행과 2금융권 여러 곳에서 최대한 돈을 빌린 자영업자들이 높은 대출 금리와 소비 부진 등으로 상환 불능 상태에 빠져들며 저축은행 업권에서는 연체율이 10년 내 가장 높은 수준까지 치솟았다.,이는 2015년 2분기(11.87%) 이후 9년 6개월 만에 가장 높은 수준이다.,국내공식통계,Y,금융·금리,저축은행 연체율,"자영업자, 저축은행, 연체율, 4분기, 개인사업자대출",-,-,-,,자영업자,-,-,2023,-,Q,확정,11.7%,KOSIS_VALUE,hcx,저축은행 연체율,-,2023Q4,Q,hcx,현재값,11.7,-,-,N,%,수준값,-,전분기,'작년 4분기 말 저축은행 연체율(1개월 이상 연체 기준)은 11.7%로 집계됐다.',high,Y,measurement_binding_fallback:1,Y,0,1,HCX-007,v1.6-early-kosis-context,2026-08-11,저축은행 연체율,,N,,2023Q4,Q,,,,2023Q4,,%,%,rate,level,unspecified,,Y,Y,,,READY,ELIGIBLE,,,,,N
A1157-SP867291F798,A1157-SP867291F798-m1,A1157,“돈 못 갚아요” 자영업자 저축은행 연체율 9년여 만에 최고치,45747.0,https://www.chosun.com/economy/economy_general/2025/03/31/2RJUSYPX5RFTPAAUAFTPTVJ5RM,여신전문금융사(카드사·캐피탈 등)에서 개인사업자대출 연체율(3.67%)도 2014년 2분기(3.69%) 이래 10년 6개월 만에 가장 높은 수준을 기록했다.,1년 전인 2023년 4분기(7.63%)보다도 4.07%포인트 높아졌다.,개인사업자의 보험사 연체율(1.46%) 역시 2019년 2분기(1.48%) 이후 5년 6개월 내 최고점이다.,국내공식통계,Y,금융·금리,개인사업자대출 연체율,"저축은행, 여신전문금융사, 카드사, 캐피탈, 개인사업자, 연체율",-,-,-,여신전문금융사,-,-,-,2023,-,Q,확정,3.67%,KOSIS_VALUE,hcx,개인사업자대출 연체율,여신전문금융사,2023Q4,Q,hcx,현재값,3.67,-,-,N,%,비중,-,전분기,여신전문금융사(카드사·캐피탈 등)에서 개인사업자대출 연체율(3.67%)도 2014년 2분기(3.69%) 이래 10년 6개월 만에 가장 높은 수준을 기록했다.,high,Y,measurement_rule_fallback:1,Y,1,0,HCX-007,v1.6-early-kosis-context,2026-08-11,개인사업자대출 연체율,,N,,2023Q4,Q,,,,2023Q4,,%,%,rate,level,item,,Y,Y,,,READY,ELIGIBLE,,,,,N
A1157-SP21A3BC22A1,A1157-SP21A3BC22A1-m1,A1157,“돈 못 갚아요” 자영업자 저축은행 연체율 9년여 만에 최고치,45747.0,https://www.chosun.com/economy/economy_general/2025/03/31/2RJUSYPX5RFTPAAUAFTPTVJ5RM,지난해 4분기 말 현재 자영업 대출자 가운데 다중채무자(176만1000명)는 56.5%를 차지했다.,이들은 평균 4억3000만원에 이르는 빚을 가지고 있는 것으로 파악됐다.,대출액 기준으로는 전체 자영업자 대출액의 70.4%(749조6000억원)가 다중채무자의 빚이다.,국내공식통계,N,재정·조세,자영업 대출자 중 다중채무자 수,"자영업자, 대출자, 다중채무자, 비율",-,-,-,,자영업 대출자,-,-,2023,-,Q,확정,176만1000명,KOSIS_VALUE,hcx,자영업 대출자 중 다중채무자 수,-,2023Q4,Q,hcx,현재값,1761000,-,-,N,명,수준값,-,전분기,지난해 4분기 말 현재 자영업 대출자 가운데 다중채무자(176만1000명)는 56.5%를 차지했다.,high,N,-,N,0,0,HCX-007,v1.6-early-kosis-context,2026-08-11,자영업 대출자 중 다중채무자 비율,,N,,2023Q4,Q,,,,2023Q4,,명,명,person_count,count,unspecified,,Y,Y,,,READY,ELIGIBLE,,,,,N
A1157-SP8FEFF3F193,A1157-SP8FEFF3F193-m2,A1157,“돈 못 갚아요” 자영업자 저축은행 연체율 9년여 만에 최고치,45747.0,https://www.chosun.com/economy/economy_general/2025/03/31/2RJUSYPX5RFTPAAUAFTPTVJ5RM,대출액 기준으로는 전체 자영업자 대출액의 70.4%(749조6000억원)가 다중채무자의 빚이다.,지난해 4분기 말 현재 자영업 대출자 가운데 다중채무자(176만1000명)는 56.5%를 차지했다.,자영업 다중채무자는 1인당 평균 4억3000만원의 대출을 안고 있는 것으로 추산된다.,국내공식통계,N,금융·금리,전체 자영업자 대출액,"자영업자, 대출액, 다중채무자, 비율",-,-,-,,-,-,-,2023,-,Q,확정,749조6000억원,KOSIS_VALUE,hcx,전체 자영업자 대출액,-,2023Q4,Q,hcx,현재값,749600000000000,-,-,N,원,수준값,-,전분기,대출액 기준으로는 전체 자영업자 대출액의 70.4%(749조6000억원)가 다중채무자의 빚이다.,high,N,-,N,0,0,HCX-007,v1.6-early-kosis-context,2026-08-11,자영업자 대출액 중 다중채무자의 비율,,N,,2023Q4,Q,,,,2023Q4,,원,원,currency,amount,unspecified,,Y,Y,,,READY,ELIGIBLE,,,,,N
A0673-SPFFFDAEF95A,A0673-SPFFFDAEF95A-m1,A0673,"울릉군, 전국 고용률 1위 83.5%… 2위에는 청송군",45709.0,https://www.chosun.com/economy/economy_general/2025/02/21/WTMGCNUZRFBDBEF3XXSEMSPMXA,"20일 통계청은 ‘2024년 하반기 지역별 고용조사’에서 지난해 하반기 울릉군의 고용률은 83.5%로, 전년 동기 대비 1.1%포인트 상승했다고 밝혔다.",울릉군은 2014년 상반기부터 10년간 단 한 차례(2023년 상반기) 경북 청송군에 밀렸던 것을 제외하고 꾸준히 왕좌를 차지했다.,전국 고용률 1위다.,국내공식통계,Y,고용,고용률,"전국, 고용률, 울릉군, 청송군, 지역별 고용조사",-,-,-,울릉군,-,-,-,2024,-,Q,확정,83.5%,KOSIS_VALUE,hcx,고용률,울릉군,2024Q2,Q,hcx,현재값,83.5,-,-,N,%,수준값,증가,전분기,"20일 통계청은 ‘2024년 하반기 지역별 고용조사’에서 지난해 하반기 울릉군의 고용률은 83.5%로, 전년 동기 대비 1.1%포인트 상승했다고 밝혔다.",high,N,-,N,0,0,HCX-007,v1.6-early-kosis-context,2026-08-11,고용률,,N,,2024Q2,Q,,,,2024Q2,,%,%,rate,level,item,,Y,Y,,,READY,ELIGIBLE,,,,,N
A0673-SPE6313160DC,A0673-SPE6313160DC-m1,A0673,"울릉군, 전국 고용률 1위 83.5%… 2위에는 청송군",45709.0,https://www.chosun.com/economy/economy_general/2025/02/21/WTMGCNUZRFBDBEF3XXSEMSPMXA,"울릉군을 이어 2위는 청송군(81.8%)인데, 전체 시·군·구 중 고용률이 80%를 넘는 곳은 울릉군과 청송군뿐이었다.","울릉군은 섬 지역 특성상 자체적인 경제를 꾸리고 있어, 일할 수 있는 주민 대부분이 어업이나 관광 산업에 종사하는 사실상 ‘완전 고용’ 상태라는 게 통계청의 설명이다.","반대로 고용률이 가장 낮은 곳은 부산의 대표적 구도심인 영도구(48.1%)로, 전국 시·군·구 중 유일하게 고용률 50%를 넘지 못했다.",국내공식통계,Y,고용,고용률,"울릉군, 청송군, 고용률, 전국, 시·군·구",-,-,-,청송군,-,-,-,2024,-,Q,확정,81.8%,KOSIS_VALUE,hcx,고용률,청송군,2024하반기,Q,hcx,현재값,81.8,-,-,N,%,수준값,-,전년동기,"울릉군을 이어 2위는 청송군(81.8%)인데, 전체 시·군·구 중 고용률이 80%를 넘는 곳은 울릉군과 청송군뿐이었다.",high,N,-,Y,0,0,HCX-007,v1.6-early-kosis-context,2026-08-11,고용률,,N,,2024하반기,Q,,,,2024하반기,,%,%,rate,level,item,,Y,Y,,,READY,ELIGIBLE,,,,,N
A0673-SPE6313160DC,A0673-SPE6313160DC-m3,A0673,"울릉군, 전국 고용률 1위 83.5%… 2위에는 청송군",45709.0,https://www.chosun.com/economy/economy_general/2025/02/21/WTMGCNUZRFBDBEF3XXSEMSPMXA,"울릉군을 이어 2위는 청송군(81.8%)인데, 전체 시·군·구 중 고용률이 80%를 넘는 곳은 울릉군과 청송군뿐이었다.","울릉군은 섬 지역 특성상 자체적인 경제를 꾸리고 있어, 일할 수 있는 주민 대부분이 어업이나 관광 산업에 종사하는 사실상 ‘완전 고용’ 상태라는 게 통계청의 설명이다.","반대로 고용률이 가장 낮은 곳은 부산의 대표적 구도심인 영도구(48.1%)로, 전국 시·군·구 중 유일하게 고용률 50%를 넘지 못했다.",국내공식통계,Y,고용,고용률 임계값,"울릉군, 청송군, 고용률, 전국, 시·군·구",-,-,-,전국 시·군·구,-,-,-,2024,-,Q,확정,80%,KOSIS_VALUE,hcx,고용률 임계값,전국 시·군·구,2024하반기,Q,hcx,현재값,80,-,-,N,%,수준값,-,전년동기,"울릉군을 이어 2위는 청송군(81.8%)인데, 전체 시·군·구 중 고용률이 80%를 넘는 곳은 울릉군과 청송군뿐이었다.",high,N,-,Y,0,0,HCX-007,v1.6-early-kosis-context,2026-08-11,고용률,,N,,2024하반기,Q,,,,2024하반기,,%,%,rate,level,item,,Y,Y,,,READY,ELIGIBLE,,,,,N
A0673-SPACF868EAA8,A0673-SPACF868EAA8-m1,A0673,"울릉군, 전국 고용률 1위 83.5%… 2위에는 청송군",45709.0,https://www.chosun.com/economy/economy_general/2025/02/21/WTMGCNUZRFBDBEF3XXSEMSPMXA,"반대로 고용률이 가장 낮은 곳은 부산의 대표적 구도심인 영도구(48.1%)로, 전국 시·군·구 중 유일하게 고용률 50%를 넘지 못했다.","울릉군을 이어 2위는 청송군(81.8%)인데, 전체 시·군·구 중 고용률이 80%를 넘는 곳은 울릉군과 청송군뿐이었다.",한편 거주지가 아닌 취업자가 실제 근무하는 지역을 기준으로 측정한 ‘지역활동인구’는 도심에 밀집했다.,국내공식통계,Y,고용,고용률,"전국, 시·군·구, 고용률, 부산, 영도구",-,-,-,영도구,-,-,-,2024,-,H,확정,48.1%,KOSIS_VALUE,hcx,고용률,영도구,2024하반기,H,hcx,현재값,48.1,-,-,N,%,비중,-,전년동기,"반대로 고용률이 가장 낮은 곳은 부산의 대표적 구도심인 영도구(48.1%)로, 전국 시·군·구 중 유일하게 고용률 50%를 넘지 못했다.",high,N,-,N,0,0,HCX-007,v1.6-early-kosis-context,2026-08-11,고용률,,N,,2024하반기,H,,,,2024하반기,,%,%,rate,level,item,,Y,Y,,,READY,ELIGIBLE,,,,,N
A0673-SPACF868EAA8,A0673-SPACF868EAA8-m2,A0673,"울릉군, 전국 고용률 1위 83.5%… 2위에는 청송군",45709.0,https://www.chosun.com/economy/economy_general/2025/02/21/WTMGCNUZRFBDBEF3XXSEMSPMXA,"반대로 고용률이 가장 낮은 곳은 부산의 대표적 구도심인 영도구(48.1%)로, 전국 시·군·구 중 유일하게 고용률 50%를 넘지 못했다.","울릉군을 이어 2위는 청송군(81.8%)인데, 전체 시·군·구 중 고용률이 80%를 넘는 곳은 울릉군과 청송군뿐이었다.",한편 거주지가 아닌 취업자가 실제 근무하는 지역을 기준으로 측정한 ‘지역활동인구’는 도심에 밀집했다.,국내공식통계,Y,고용,고용률,"전국, 시·군·구, 고용률, 부산, 영도구",-,-,-,전국 시·군·구 평균,-,-,-,2024,-,H,확정,50%,KOSIS_VALUE,hcx,고용률,전국 시·군·구 평균,2024하반기,H,hcx,현재값,50,-,-,N,%,비중,-,전년동기,"반대로 고용률이 가장 낮은 곳은 부산의 대표적 구도심인 영도구(48.1%)로, 전국 시·군·구 중 유일하게 고용률 50%를 넘지 못했다.",high,N,-,N,0,0,HCX-007,v1.6-early-kosis-context,2026-08-11,고용률,,N,,2024하반기,H,,,,2024하반기,,%,%,rate,level,item,,Y,Y,,,READY,ELIGIBLE,,,,,N
A0382-SP13D297C5C5,A0382-SP13D297C5C5-m2,A0382,"내수부진, 혼술 문화... 서울 호프집 10곳 중 3곳 1년 내 폐업",45687.0,https://www.chosun.com/economy/economy_general/2025/01/30/QGHF2IJIGRHQZOVCDRVOH7YSRE,"최근 3년을 놓고 보더라도 서울시 내 호프집 수는 2022년 9159개, 2023년 8666개, 2024년 8220개로 계속해서 줄고 있다.","호프·간이주점은 맥주, 소주, 막걸리 등 술과 안주를 전문적으로 파는 주점을 의미한다.","경기도(1369만4685명)에 이어 가장 많은 인구가 집중돼 있는 서울(933만1828명)에서, 서민들이 즐겨 찾는 호프집이 지속적으로 줄고 있다는 건 그만큼 내수부진이 심각하다는 의미다.",국내공식통계,N,소매·소비,서울시 내 호프집 수,"서울, 호프집, 내수부진, 폐업",-,-,-,호프집,-,-,-,2024,-,Y,확정,8220개,KOSIS_VALUE,hcx,서울시 내 호프집 수,호프집,2024,Y,hcx,현재값,8220,-,-,N,개,수준값,-,전년,"최근 3년을 놓고 보더라도 서울시 내 호프집 수는 2022년 9159개, 2023년 8666개, 2024년 8220개로 계속해서 줄고 있다.",high,Y,measurement_binding_fallback:1,Y,0,1,HCX-007,v1.6-early-kosis-context,2026-08-11,서울시 내 호프집 수,호프집,N,,2024,Y,,,,2024,,개,개,count,count,item,,Y,Y,,,READY,ELIGIBLE,,,,,N
A0382-SP13D297C5C5,A0382-SP13D297C5C5-m3,A0382,"내수부진, 혼술 문화... 서울 호프집 10곳 중 3곳 1년 내 폐업",45687.0,https://www.chosun.com/economy/economy_general/2025/01/30/QGHF2IJIGRHQZOVCDRVOH7YSRE,"최근 3년을 놓고 보더라도 서울시 내 호프집 수는 2022년 9159개, 2023년 8666개, 2024년 8220개로 계속해서 줄고 있다.","호프·간이주점은 맥주, 소주, 막걸리 등 술과 안주를 전문적으로 파는 주점을 의미한다.","경기도(1369만4685명)에 이어 가장 많은 인구가 집중돼 있는 서울(933만1828명)에서, 서민들이 즐겨 찾는 호프집이 지속적으로 줄고 있다는 건 그만큼 내수부진이 심각하다는 의미다.",국내공식통계,N,소매·소비,서울시 내 호프집 수,"서울, 호프집, 내수부진, 폐업",-,-,-,호프집,-,-,-,2023,-,Y,확정,8666개,KOSIS_VALUE,hcx,서울시 내 호프집 수,호프집,2023,Y,hcx,현재값,8666,-,-,N,개,수준값,-,전년,"최근 3년을 놓고 보더라도 서울시 내 호프집 수는 2022년 9159개, 2023년 8666개, 2024년 8220개로 계속해서 줄고 있다.",high,Y,measurement_binding_fallback:1,Y,0,1,HCX-007,v1.6-early-kosis-context,2026-08-11,서울시 내 호프집 수,호프집,N,,2024,Y,,,,2023,,개,개,count,count,item,,Y,Y,,,READY,ELIGIBLE,,,,,N
A0382-SP13D297C5C5,A0382-SP13D297C5C5-m4,A0382,"내수부진, 혼술 문화... 서울 호프집 10곳 중 3곳 1년 내 폐업",45687.0,https://www.chosun.com/economy/economy_general/2025/01/30/QGHF2IJIGRHQZOVCDRVOH7YSRE,"최근 3년을 놓고 보더라도 서울시 내 호프집 수는 2022년 9159개, 2023년 8666개, 2024년 8220개로 계속해서 줄고 있다.","호프·간이주점은 맥주, 소주, 막걸리 등 술과 안주를 전문적으로 파는 주점을 의미한다.","경기도(1369만4685명)에 이어 가장 많은 인구가 집중돼 있는 서울(933만1828명)에서, 서민들이 즐겨 찾는 호프집이 지속적으로 줄고 있다는 건 그만큼 내수부진이 심각하다는 의미다.",국내공식통계,N,소매·소비,서울시 내 호프집 수,"서울, 호프집, 내수부진, 폐업",-,-,-,호프집,-,-,-,2022,-,Y,확정,9159개,KOSIS_VALUE,hcx,서울시 내 호프집 수,호프집,2022,Y,hcx,현재값,9159,-,-,N,개,수준값,-,전년,"최근 3년을 놓고 보더라도 서울시 내 호프집 수는 2022년 9159개, 2023년 8666개, 2024년 8220개로 계속해서 줄고 있다.",high,Y,measurement_binding_fallback:1,Y,0,1,HCX-007,v1.6-early-kosis-context,2026-08-11,서울시 내 호프집 수,호프집,N,,2024,Y,,,,2022,,개,개,count,count,item,,Y,Y,,,READY,ELIGIBLE,,,,,N
A0382-SP8B6D770727,A0382-SP8B6D770727-m2,A0382,"내수부진, 혼술 문화... 서울 호프집 10곳 중 3곳 1년 내 폐업",45687.0,https://www.chosun.com/economy/economy_general/2025/01/30/QGHF2IJIGRHQZOVCDRVOH7YSRE,"구체적으로 2022년 1년 생존율이 67.3%로 대폭 떨어진 데 이어 2023년 68.5%로 소폭 상승했지만, 지난해 68.4%로 다시 감소했다.","새로 문을 연 호프집 중 1년 이상 영업을 이어간 호프집을 분류한 ‘1년 생존율’을 보면, 2019년 69%였던 1년 생존율은 2020년70.8%, 2021년 74.3%까지 증가했지만 이후 다시 60%대로 떨어졌다.",새로 문을 연 호프집 가운데 30% 가량은 1년도 버티지 못하고 폐업하고 있는 것이다.,국내공식통계,Y,소매·소비,서울시 내 호프집 1년 생존율,"서울, 호프집, 내수부진, 혼술 문화, 폐업",서울,-,-,호프집,-,-,-,2022,-,Y,확정,67.3%,KOSIS_VALUE,hcx,서울시 내 호프집 1년 생존율,호프집,2022,Y,hcx,현재값,67.3,-,-,N,%,수준값,증가,전년동기,"구체적으로 2022년 1년 생존율이 67.3%로 대폭 떨어진 데 이어 2023년 68.5%로 소폭 상승했지만, 지난해 68.4%로 다시 감소했다.",high,N,-,Y,0,0,HCX-007,v1.6-early-kosis-context,2026-08-11,서울시 내 호프집 1년 생존율,호프집,N,,2024,Y,,,,2022,,%,%,rate,level,item,,Y,Y,,,READY,ELIGIBLE,,,,,N
A0382-SP8B6D770727,A0382-SP8B6D770727-m3,A0382,"내수부진, 혼술 문화... 서울 호프집 10곳 중 3곳 1년 내 폐업",45687.0,https://www.chosun.com/economy/economy_general/2025/01/30/QGHF2IJIGRHQZOVCDRVOH7YSRE,"구체적으로 2022년 1년 생존율이 67.3%로 대폭 떨어진 데 이어 2023년 68.5%로 소폭 상승했지만, 지난해 68.4%로 다시 감소했다.","새로 문을 연 호프집 중 1년 이상 영업을 이어간 호프집을 분류한 ‘1년 생존율’을 보면, 2019년 69%였던 1년 생존율은 2020년70.8%, 2021년 74.3%까지 증가했지만 이후 다시 60%대로 떨어졌다.",새로 문을 연 호프집 가운데 30% 가량은 1년도 버티지 못하고 폐업하고 있는 것이다.,국내공식통계,Y,소매·소비,서울시 내 호프집 1년 생존율,"서울, 호프집, 내수부진, 혼술 문화, 폐업",서울,-,-,호프집,-,-,-,2023,-,Y,확정,68.5%,KOSIS_VALUE,hcx,서울시 내 호프집 1년 생존율,호프집,2023,Y,hcx,현재값,68.5,-,-,N,%,수준값,증가,전년동기,"구체적으로 2022년 1년 생존율이 67.3%로 대폭 떨어진 데 이어 2023년 68.5%로 소폭 상승했지만, 지난해 68.4%로 다시 감소했다.",high,N,-,Y,0,0,HCX-007,v1.6-early-kosis-context,2026-08-11,서울시 내 호프집 1년 생존율,호프집,N,,2024,Y,,,,2023,,%,%,rate,level,item,,Y,Y,,,READY,ELIGIBLE,,,,,N
A0382-SP8B6D770727,A0382-SP8B6D770727-m4,A0382,"내수부진, 혼술 문화... 서울 호프집 10곳 중 3곳 1년 내 폐업",45687.0,https://www.chosun.com/economy/economy_general/2025/01/30/QGHF2IJIGRHQZOVCDRVOH7YSRE,"구체적으로 2022년 1년 생존율이 67.3%로 대폭 떨어진 데 이어 2023년 68.5%로 소폭 상승했지만, 지난해 68.4%로 다시 감소했다.","새로 문을 연 호프집 중 1년 이상 영업을 이어간 호프집을 분류한 ‘1년 생존율’을 보면, 2019년 69%였던 1년 생존율은 2020년70.8%, 2021년 74.3%까지 증가했지만 이후 다시 60%대로 떨어졌다.",새로 문을 연 호프집 가운데 30% 가량은 1년도 버티지 못하고 폐업하고 있는 것이다.,국내공식통계,Y,소매·소비,서울시 내 호프집 1년 생존율,"서울, 호프집, 내수부진, 혼술 문화, 폐업",서울,-,-,호프집,-,-,-,2024,-,Y,확정,68.4%,KOSIS_VALUE,hcx,서울시 내 호프집 1년 생존율,호프집,2024,Y,hcx,현재값,68.4,-,-,N,%,수준값,증가,전년동기,"구체적으로 2022년 1년 생존율이 67.3%로 대폭 떨어진 데 이어 2023년 68.5%로 소폭 상승했지만, 지난해 68.4%로 다시 감소했다.",high,N,-,Y,0,0,HCX-007,v1.6-early-kosis-context,2026-08-11,서울시 내 호프집 1년 생존율,호프집,N,,2024,Y,,,,2024,,%,%,rate,level,item,,Y,Y,,,READY,ELIGIBLE,,,,,N
A0495-SPD347F35204,A0495-SPD347F35204-m1,A0495,지방 미분양 DSR 완화 압박에 난처한 금융위 “효과 의문”,45696.0,https://www.chosun.com/economy/economy_general/2025/02/08/KIO3SWFQ3ND2VOYMOMNJ7P3GL4,"국토교통부에 따르면, 지난해 12월말 기준 준공 후 미분양 주택은 2만1480가구로 전월 대비 15.2% 늘었다.",소득 심사 때문에 대출이 막혀 미분양이 쌓였다고 보기 어렵다는 얘기다.,2014년 7월 이후 10년 5개월 만에 처음으로 2만가구를 넘어섰다.,국내공식통계,Y,부동산,준공 후 미분양 주택 수,"미분양, 주택, 가구, 증가",-,-,-,,-,-,-,202312,-,M,확정,2만1480가구,KOSIS_VALUE,hcx,준공 후 미분양 주택 수,-,2023년 12월,M,hcx,현재값,21480,-,-,N,가구,수준값,증가,전월,"국토교통부에 따르면, 지난해 12월말 기준 준공 후 미분양 주택은 2만1480가구로 전월 대비 15.2% 늘었다.",high,N,-,N,0,0,HCX-007,v1.6-early-kosis-context,2026-08-11,준공 후 미분양 주택 수,,N,,2023년 12월,M,,,,2023년 12월,,가구,가구,count,count,household,,Y,Y,,,READY,ELIGIBLE,,,,,N
A2657-SP7761543E77,A2657-SP7761543E77-m1,A2657,우리나라 거주 외국인 주민 '역대 최다' 258만명… 전체 인구의 5%,45960.0,https://biz.chosun.com/topics/topics_social/2025/10/30/QR4AGGYKCBEB3AWOYIWTGTC3LM/,외국인 주민 수는 총 258만3626명으로 집계됐다.,"집계 대상은 2024년 11월 1일 기준, 3개월을 초과해 국내에 장기 거주한 외국인 주민의 수다.",인구주택총조사 기준 우리나라 총인구인 5180만5547명의 5%다.,국내공식통계,Y,인구,거주 외국인 주민 수,"우리나라, 거주, 외국인, 주민, 역대, 최다, 전체, 인구, 5%",-,-,-,,-,-,-,202411,-,M,확정,258만3626명,KOSIS_VALUE,hcx,거주 외국인 주민 수,-,2024년 11월,M,hcx,현재값,2583626,-,-,N,명,수준값,-,전년,외국인 주민 수는 총 258만3626명으로 집계됐다.,high,N,-,N,0,0,HCX-007,v1.6-early-kosis-context,2026-08-11,거주 외국인 주민 수,,N,,2024년 11월,M,,,,2024년 11월,,명,명,person_count,count,unspecified,,Y,Y,,,READY,ELIGIBLE,,,,,N
A2657-SPF7EB6B068D,A2657-SPF7EB6B068D-m1,A2657,우리나라 거주 외국인 주민 '역대 최다' 258만명… 전체 인구의 5%,45960.0,https://biz.chosun.com/topics/topics_social/2025/10/30/QR4AGGYKCBEB3AWOYIWTGTC3LM/,인구주택총조사 기준 우리나라 총인구인 5180만5547명의 5%다.,외국인 주민 수는 총 258만3626명으로 집계됐다.,"행안부는 ""국내 외국인주민 수는 통계가 처음 발표된 2006년 이후 매년 증가해, 지난해에도 사상 최대 규모를 경신했다""고 설명했다.",국내공식통계,Y,인구,우리나라 총인구,"우리나라, 거주, 외국인, 주민, 전체, 인구, 5%",-,-,-,,-,-,-,2024,-,Y,확정,5180만5547명,KOSIS_VALUE,hcx,우리나라 총인구,-,2024,Y,hcx,현재값,51805547,-,-,N,명,수준값,-,전년,인구주택총조사 기준 우리나라 총인구인 5180만5547명의 5%다.,high,N,-,N,0,0,HCX-007,v1.6-early-kosis-context,2026-08-11,거주 외국인 주민 비율,,N,,2024,Y,,,,2024,,명,명,person_count,count,person,,Y,Y,,,READY,ELIGIBLE,,,,,N
A2657-SP886FE569BE,A2657-SP886FE569BE-m1,A2657,우리나라 거주 외국인 주민 '역대 최다' 258만명… 전체 인구의 5%,45960.0,https://biz.chosun.com/topics/topics_social/2025/10/30/QR4AGGYKCBEB3AWOYIWTGTC3LM/,"특히 지난해 통계 대비 유학생(+2만6908명·13%↑)의 증가 추세가 두드러졌다. 이어 외국인근로자(+3만2384명·6.9%↑), 결혼이민자(+1만1767명·6.5%↑) 순으로 증가 폭이 컸다.","행안부는 ""국내 외국인주민 수는 통계가 처음 발표된 2006년 이후 매년 증가해, 지난해에도 사상 최대 규모를 경신했다""고 설명했다.","외국인주민은 17개 모든 시·도에서 지속적으로 증가하고 있으며, 전년 대비 증가율이 높은 시·도는 전남(10.5%↑), 울산(8.9%↑), 경북·충남(8.8%↑), 충북(8.4%↑) 순이었다.",국내공식통계,Y,인구,유학생 수,"우리나라, 거주, 외국인, 주민, 역대, 최다, 전체, 인구, 5%",-,-,-,,-,-,-,2024,-,Y,확정,유학생(+2만6908명·13%↑),KOSIS_VALUE,hcx,유학생 수,-,2024,Y,hcx,증감값,26908,-,-,N,명,증감량,증가,전년,"특히 지난해 통계 대비 유학생(+2만6908명·13%↑)의 증가 추세가 두드러졌다. 이어 외국인근로자(+3만2384명·6.9%↑), 결혼이민자(+1만1767명·6.5%↑) 순으로 증가 폭이 컸다.",high,N,-,N,0,0,HCX-007,v1.6-early-kosis-context,2026-08-11,거주 외국인 주민 수,,N,,2024,Y,,,,2024,,명,명,person_count,absolute_change,unspecified,2023,Y,Y,,,READY,ELIGIBLE,,,,,N
A2657-SP886FE569BE,A2657-SP886FE569BE-m3,A2657,우리나라 거주 외국인 주민 '역대 최다' 258만명… 전체 인구의 5%,45960.0,https://biz.chosun.com/topics/topics_social/2025/10/30/QR4AGGYKCBEB3AWOYIWTGTC3LM/,"특히 지난해 통계 대비 유학생(+2만6908명·13%↑)의 증가 추세가 두드러졌다. 이어 외국인근로자(+3만2384명·6.9%↑), 결혼이민자(+1만1767명·6.5%↑) 순으로 증가 폭이 컸다.","행안부는 ""국내 외국인주민 수는 통계가 처음 발표된 2006년 이후 매년 증가해, 지난해에도 사상 최대 규모를 경신했다""고 설명했다.","외국인주민은 17개 모든 시·도에서 지속적으로 증가하고 있으며, 전년 대비 증가율이 높은 시·도는 전남(10.5%↑), 울산(8.9%↑), 경북·충남(8.8%↑), 충북(8.4%↑) 순이었다.",국내공식통계,Y,인구,외국인 근로자 수,"우리나라, 거주, 외국인, 주민, 역대, 최다, 전체, 인구, 5%",-,-,-,,-,-,-,2024,-,Y,확정,외국인근로자(+3만2384명·6.9%↑),KOSIS_VALUE,hcx,외국인 근로자 수,-,2024,Y,hcx,증감값,32384,-,-,N,명,증감량,증가,전년,"특히 지난해 통계 대비 유학생(+2만6908명·13%↑)의 증가 추세가 두드러졌다. 이어 외국인근로자(+3만2384명·6.9%↑), 결혼이민자(+1만1767명·6.5%↑) 순으로 증가 폭이 컸다.",high,N,-,N,0,0,HCX-007,v1.6-early-kosis-context,2026-08-11,거주 외국인 주민 수,,N,,2024,Y,,,,2024,,명,명,person_count,absolute_change,person,2023,Y,Y,,,READY,ELIGIBLE,,,,,N
A2657-SP886FE569BE,A2657-SP886FE569BE-m5,A2657,우리나라 거주 외국인 주민 '역대 최다' 258만명… 전체 인구의 5%,45960.0,https://biz.chosun.com/topics/topics_social/2025/10/30/QR4AGGYKCBEB3AWOYIWTGTC3LM/,"특히 지난해 통계 대비 유학생(+2만6908명·13%↑)의 증가 추세가 두드러졌다. 이어 외국인근로자(+3만2384명·6.9%↑), 결혼이민자(+1만1767명·6.5%↑) 순으로 증가 폭이 컸다.","행안부는 ""국내 외국인주민 수는 통계가 처음 발표된 2006년 이후 매년 증가해, 지난해에도 사상 최대 규모를 경신했다""고 설명했다.","외국인주민은 17개 모든 시·도에서 지속적으로 증가하고 있으며, 전년 대비 증가율이 높은 시·도는 전남(10.5%↑), 울산(8.9%↑), 경북·충남(8.8%↑), 충북(8.4%↑) 순이었다.",국내공식통계,Y,인구,결혼 이민자 수,"우리나라, 거주, 외국인, 주민, 역대, 최다, 전체, 인구, 5%",-,-,-,,-,-,-,2024,-,Y,확정,결혼이민자(+1만1767명·6.5%↑),KOSIS_VALUE,hcx,결혼 이민자 수,-,2024,Y,hcx,증감값,11767,-,-,N,명,증감량,증가,전년,"특히 지난해 통계 대비 유학생(+2만6908명·13%↑)의 증가 추세가 두드러졌다. 이어 외국인근로자(+3만2384명·6.9%↑), 결혼이민자(+1만1767명·6.5%↑) 순으로 증가 폭이 컸다.",high,N,-,N,0,0,HCX-007,v1.6-early-kosis-context,2026-08-11,거주 외국인 주민 수,,N,,2024,Y,,,,2024,,명,명,person_count,absolute_change,unspecified,2023,Y,Y,,,READY,ELIGIBLE,,,,,N
A2657-SPAC50212105,A2657-SPAC50212105-m1,A2657,우리나라 거주 외국인 주민 '역대 최다' 258만명… 전체 인구의 5%,45960.0,https://biz.chosun.com/topics/topics_social/2025/10/30/QR4AGGYKCBEB3AWOYIWTGTC3LM/,"외국인주민은 17개 모든 시·도에서 지속적으로 증가하고 있으며, 전년 대비 증가율이 높은 시·도는 전남(10.5%↑), 울산(8.9%↑), 경북·충남(8.8%↑), 충북(8.4%↑) 순이었다.","특히 지난해 통계 대비 유학생(+2만6908명·13%↑)의 증가 추세가 두드러졌다. 이어 외국인근로자(+3만2384명·6.9%↑), 결혼이민자(+1만1767명·6.5%↑) 순으로 증가 폭이 컸다.","외국인주민이 가장 많이 거주하는 시·도는 경기(84만5074명), 서울(45만888명), 충남(16만9245명), 인천(16만9219명), 경남(16만2714명) 순이었다.",국내공식통계,Y,인구,시·도 수,"우리나라, 거주, 외국인, 주민, 역대, 최다, 전체, 인구, 5%",-,-,-,,-,-,-,2024,-,Y,확정,17개,KOSIS_VALUE,hcx,시·도 수,-,2024,Y,hcx,현재값,17,-,-,N,개,수준값,증가,전년,"외국인주민은 17개 모든 시·도에서 지속적으로 증가하고 있으며, 전년 대비 증가율이 높은 시·도는 전남(10.5%↑), 울산(8.9%↑), 경북·충남(8.8%↑), 충북(8.4%↑) 순이었다.",high,N,-,Y,0,0,HCX-007,v1.6-early-kosis-context,2026-08-11,거주 외국인 주민 수,,N,,2024,Y,,,,2024,,개,개,count,count,unspecified,,Y,Y,,,READY,ELIGIBLE,,,,,N
A0656-SPC5B3614C45,A0656-SPC5B3614C45-m1,A0656,"中 후판 덤핑 공세에... 정부, 최고 38% 관세 매겼다",45708.0,https://www.chosun.com/economy/economy_general/2025/02/20/KVREWPDZMNGK3A5YW2LDZOOL3Q,작년 수입액은 1조3600억원어치 정도다.,"한국철강협회에 따르면, 중국산 후판 수입량은 2021년 44만6000t에서 2024년 138만1000t가량으로 최근 3년 새 3배 이상으로 늘었다.",일각에선 이번 관세 부과로 중국의 보복 조치를 할까 우려하기도 한다.,국내공식통계,N,무역,수입액,"후판, 중국산, 수입액, 관세",-,-,-,,-,중국,한국,2024,-,Y,확정,1조3600억원,KOSIS_VALUE,hcx,수입액,,2024,Y,hcx,현재값,1360000000000,-,-,N,원,수준값,-,전년,작년 수입액은 1조3600억원어치 정도다.,high,N,-,N,0,0,HCX-007,v1.6-early-kosis-context,2026-08-11,수입액,후판,Y,후판,2024,Y,,,,2024,,원,원,currency,amount,item,,Y,Y,,,READY,ELIGIBLE,,,,,N
A2606-SP1ACA18560A,A2606-SP1ACA18560A-m1,A2606,"지난해 국내 영아 47명, ‘이것’으로 사망… 침실서 특히 주의해야 하는 것",45940.0,https://health.chosun.com/site/data/html_dir/2025/10/10/2025101002702.html,"지난 8일 국가데이터처가 발표한 '2024년 사망원인통계'에 따르면, 지난해 영아돌연사증후군으로 숨진 영아는 47명이었다.",돌이 되기 전 갑자기 숨진 아기가 지난해 50명 가까이 된 것으로 나타났다.,"전체 영아 사망(출생 후 1년 이내 사망) 중 8.3%를 차지하며, 전년보다 두 명 증가했다.",국내공식통계,Y,보건·복지,영아돌연사증후군으로 인한 영아 사망자 수,"영아, 사망, 영아돌연사증후군, 국가데이터처, 사망원인통계",-,-,-,,-,-,-,2024,-,Y,확정,47명,KOSIS_VALUE,hcx,영아돌연사증후군으로 인한 영아 사망자 수,-,2024,Y,hcx,현재값,47,-,-,N,명,수준값,-,전년,"'2024년 사망원인통계'에 따르면, 지난해 영아돌연사증후군으로 숨진 영아는 47명이었다.",high,N,-,N,0,0,HCX-007,v1.6-early-kosis-context,2026-08-11,영아돌연사증후군으로 인한 영아 사망자 수,,N,,2024,Y,,,,2024,,명,명,person_count,count,unspecified,,Y,Y,,,READY,ELIGIBLE,,,,,N
A0668-SPF8DFD0CA29,A0668-SPF8DFD0CA29-m1,A0668,한국 대도시·소도시 집값 격차 3배 ‘OECD 최대’,45709.0,https://www.chosun.com/economy/economy_general/2025/02/21/IXS5JNAIDBA5PDDU3A5TSB3TKM,"통계청에 따르면, 지난해 자기 집을 소유한 가구의 평균 자산(7억2000만원) 가운데 부동산 비율은 79%(5억7000만원)에 달했다.","◇‘자산=부동산’인 한국인, 지역 소멸로 엎친 데 덮친 격 세계 최고 수준의 집값 격차는 ‘부동산 자산가’인 동시에 ‘하우스 푸어(집에 자산이 집중돼 가계 여유가 없는 사람)’인 한국인을 양산했다.",자산이 많을수록 부동산 편중 현상은 더 심했다.,국내공식통계,N,부동산,자기 집을 소유한 가구의 평균 자산,"평균 자산, 부동산 비율, 자기 집 소유 가구",-,-,-,,-,-,-,2024,-,Y,확정,7억2000만원,KOSIS_VALUE,hcx,자기 집을 소유한 가구의 평균 자산,-,2023,Y,hcx,현재값,720000000,-,-,N,원,수준값,-,전년,"통계청에 따르면, 지난해 자기 집을 소유한 가구의 평균 자산(7억2000만원) 가운데 부동산 비율은 79%(5억7000만원)에 달했다.",high,N,-,N,0,0,HCX-007,v1.6-early-kosis-context,2026-08-11,자기 집을 소유한 가구의 평균 자산 및 부동산 비율,,N,,2023,Y,,,,2023,RELATIVE_CLAIM_TO_PUBLICATION_YEAR,원,원,currency,amount,household,,Y,Y,,,READY,ELIGIBLE,,,,,N
A0668-SPF8DFD0CA29,A0668-SPF8DFD0CA29-m3,A0668,한국 대도시·소도시 집값 격차 3배 ‘OECD 최대’,45709.0,https://www.chosun.com/economy/economy_general/2025/02/21/IXS5JNAIDBA5PDDU3A5TSB3TKM,"통계청에 따르면, 지난해 자기 집을 소유한 가구의 평균 자산(7억2000만원) 가운데 부동산 비율은 79%(5억7000만원)에 달했다.","◇‘자산=부동산’인 한국인, 지역 소멸로 엎친 데 덮친 격 세계 최고 수준의 집값 격차는 ‘부동산 자산가’인 동시에 ‘하우스 푸어(집에 자산이 집중돼 가계 여유가 없는 사람)’인 한국인을 양산했다.",자산이 많을수록 부동산 편중 현상은 더 심했다.,국내공식통계,N,부동산,자기 집을 소유한 가구의 부동산 자산 가치,"평균 자산, 부동산 비율, 자기 집 소유 가구",-,-,-,,-,-,-,2024,-,Y,확정,5억7000만원,KOSIS_VALUE,hcx,자기 집을 소유한 가구의 부동산 자산 가치,-,2023,Y,hcx,현재값,570000000,-,-,N,원,수준값,-,전년,"통계청에 따르면, 지난해 자기 집을 소유한 가구의 평균 자산(7억2000만원) 가운데 부동산 비율은 79%(5억7000만원)에 달했다.",high,N,-,N,0,0,HCX-007,v1.6-early-kosis-context,2026-08-11,자기 집을 소유한 가구의 평균 자산 및 부동산 비율,,N,,2023,Y,,,,2023,RELATIVE_CLAIM_TO_PUBLICATION_YEAR,원,원,currency,amount,household,,Y,Y,,,READY,ELIGIBLE,,,,,N
A2032-SP065E5AB651,A2032-SP065E5AB651-m1,A2032,"日 버블붕괴 직전과 닮은 민간 부채, 그런데 더 악성이다",45814.0,https://www.chosun.com/economy/economy_general/2025/06/06/XJSXS6L5XREVJLWEKTP6XDC5UY,작년 말 기준 부동산 부문에 투입된 빚은 1932조원으로 전체 민간 부채의 절반가량이다.,"부동산에 대한 대출 집중도(업종별 대출 잔액을 업종별 GDP로 나눈 값)가 2023년 기준 3.65로, 일본(1992년 1.23)을 크게 웃돈다.",부동산 빚은 2014년 이후 연간 100조원 이상 증가해 10년 만에 2배 이상으로 부풀어 올랐다.,국내공식통계,N,재정·조세,부동산 부문에 투입된 빚,"민간 부채, 부동산, 대출 집중도, GDP",-,-,-,,-,-,-,2024,-,Y,확정,1932조원,KOSIS_VALUE,hcx,부동산 부문에 투입된 빚,-,2023,Y,hcx,현재값,1932000000000000,-,-,N,원,수준값,-,전년,작년 말 기준 부동산 부문에 투입된 빚은 1932조원으로 전체 민간 부채의 절반가량이다.,high,N,-,N,0,0,HCX-007,v1.6-early-kosis-context,2026-08-11,부동산 부문에 투입된 빚,,N,,2023,Y,,,,2023,RELATIVE_CLAIM_TO_PUBLICATION_YEAR,원,원,currency,amount,unspecified,,Y,Y,,,READY,ELIGIBLE,,,,,N
A0148-SP4A2E2CE320,A0148-SP4A2E2CE320-m1,A0148,‘300인 이상’ 대졸 초임 처음으로 5000만원 돌파…日보다 높은 수준,45669.0,https://www.chosun.com/economy/industry-company/2025/01/12/JUXCUOIRFJAEXIUIS4CSYYLWW4,4 2023년 한국의 300인 이상 기업의 정규직 대졸 초임은 평균 5001만원을 기록한 것으로 나타났다.,-,초과급여를 제외한 연간 임금 총액 기준으로 처음으로 5000만원을 돌파한 것이다.,국내공식통계,N,소득·임금,정규직 대졸 초임,"한국, 300인 이상 기업, 정규직, 대졸 초임, 평균",-,-,-,,-,-,-,2023,-,Y,확정,5001만원,KOSIS_VALUE,hcx,정규직 대졸 초임,-,2023,Y,hcx,현재값,50010000,-,-,N,원,수준값,-,-,4 2023년 한국의 300인 이상 기업의 정규직 대졸 초임은 평균 5001만원을 기록한 것으로 나타났다.,high,N,-,N,0,0,HCX-007,v1.6-early-kosis-context,2026-08-12,정규직 대졸 초임,,N,,2023,Y,,,,2023,,원,원,currency,amount,unspecified,,Y,Y,,,READY,ELIGIBLE,,,,,N
A0148-SP58F129F847,A0148-SP58F129F847-m2,A0148,‘300인 이상’ 대졸 초임 처음으로 5000만원 돌파…日보다 높은 수준,45669.0,https://www.chosun.com/economy/industry-company/2025/01/12/JUXCUOIRFJAEXIUIS4CSYYLWW4,"특히 대기업에서는 우리나라(500인 이상 사업체)가 5만7568달러, 일본(1000인 이상 기업체) 3만6466달러로 우리나라가 일본보다 57.9% 높게 나타났다.","구매력평가 환율 기준으로 양국을 비교하면, 대졸 초임 전체 평균(10인 이상)은 우리나라가 4만5401달러, 일본이 3만4794달러로 우리나라가 일본보다 30.5% 높았다.","한‧일 규모별 대졸 초임 격차는 10~99인 상용직 대졸 초임을 100으로 볼 때, 일본 대기업(1000인 이상 기업체)은 114.4에 불과했지만, 우리나라 대기업(500인 이상 사업체)은 149.3에 달하는 것으로 분석됐다.",국내공식통계,Y,소득·임금,일본 대기업(1000인 이상 기업체) 대졸 초임,"대졸 초임, 일본, 대기업, 사업체 규모",-,-,-,,-,-,-,2023,-,Y,확정,3만6466달러,KOSIS_VALUE,hcx,일본 대기업(1000인 이상 기업체) 대졸 초임,-,2023,Y,hcx,현재값,36466,-,-,N,달러,수준값,-,전년,"특히 대기업에서는 우리나라(500인 이상 사업체)가 5만7568달러, 일본(1000인 이상 기업체) 3만6466달러로 우리나라가 일본보다 57.9% 높게 나타났다.",high,N,-,N,0,0,HCX-007,v1.6-early-kosis-context,2026-08-12,대졸 초임,,N,,2023,Y,,,,2023,,달러,달러,currency,amount,organization,,Y,Y,,,READY,ELIGIBLE,,,,,N
A0438-SP4A6301900B,A0438-SP4A6301900B-m1,A0438,日 금리 올려도… ‘정국 혼란 충격’ 원화보다 더 떨어진 엔화,45691.0,https://www.chosun.com/economy/economy_general/2025/02/03/VYSTHUNQQNHHNDASV5NEENXIKA,"2012년에는 달러당 평균 80엔이었던 엔화 환율이, 작년에는 152엔 수준이었기 때문에 달러로 표시되는 1인당 소득이 확 낮아질 수밖에 없다.","일본의 1인당 GDP는 2012년 4만9145달러에 달했는데, 12년 만에 달러로 환산해 3분의 2 수준으로 쪼그라들었다.","낮은 환율 덕에 수출 대기업의 주가는 올라 닛케이평균이 1990년 버블 시대를 넘어섰다지만, 일본 내 중소기업과 서민들은 수입 물가 상승에 허리띠를 졸라매야 하는 상황이다.",국내공식통계,N,금융·금리,엔화 환율,"엔화, 환율, 달러, 1인당 GDP",-,-,-,,-,-,-,2024,-,Y,확정,152엔 수준,KOSIS_VALUE,hcx,엔화 환율,-,2024,Y,hcx,현재값,152,-,-,N,엔,수준값,-,전년,"2012년에는 달러당 평균 80엔이었던 엔화 환율이, 작년에는 152엔 수준이었기 때문에 달러로 표시되는 1인당 소득이 확 낮아질 수밖에 없다.",high,N,-,N,0,0,HCX-007,v1.6-early-kosis-context,2026-08-12,엔화 환율,,N,,2024,Y,,,,2024,,엔,엔,currency,amount,unspecified,,Y,Y,,,READY,ELIGIBLE,,,,,N
A2614-SPF52356A9A7,A2614-SPF52356A9A7-m2,A2614,"“내가 5000원 할인받아 먹은 치킨, 점주는 할인 전 가격으로 배달앱 수수료를 냈다고?”..공정위, 쿠팡이츠 불공정약관 시정 권고",45943.0,https://www.chosun.com/economy/economy_general/2025/10/13/I2WQ3A3YQVA7XIQTM7USZN5JBI/,국가데이터처에 따르면 온라인 음식서비스 거래규모는 2022년 31조6000억원에서 2024년 36조9000억원으로 2년 새 17% 늘었다.,◇배달앱 없인 장사 안 되는 시대 공정위가 배달앱 약관을 전면 점검한 것은 이제 배달앱이 외식업의 생존과 직결된 필수 플랫폼이 됐기 때문이다.,동네 음식점 10곳 중 3곳이 배달앱을 이용하고 있다.,국내공식통계,N,소매·소비,온라인 음식서비스 거래규모,"국가데이터처, 온라인 음식서비스, 거래규모, 2022년, 2024년, 증가",-,-,-,,-,-,-,2024,-,Y,확정,36조9000억원,KOSIS_VALUE,hcx,온라인 음식서비스 거래규모,-,2024,Y,hcx,현재값,36900000000000,-,-,N,원,수준값,증가,전년,국가데이터처에 따르면 온라인 음식서비스 거래규모는 2022년 31조6000억원에서 2024년 36조9000억원으로 2년 새 17% 늘었다.,high,N,-,Y,0,0,HCX-007,v1.6-early-kosis-context,2026-08-12,온라인 음식서비스 거래규모,,N,,2024,Y,,,,2024,,원,원,currency,amount,unspecified,,Y,Y,,,READY,ELIGIBLE,,,,,N
A2015-SP30AD76D169,A2015-SP30AD76D169-m1,A2015,작년 한국 1인당 국민소득 3만6745달러... 2년 연속 일본 앞질러,45813.0,https://www.chosun.com/economy/economy_general/2025/06/05/P2N35XU7BJFIDBL32N3K3SYKKA,"5일 한국은행에 따르면 작년 한국의 1인당 국민소득은 3만6745달러(잠정치, 5012만원)로 집계됐다.",이를 인구 수로 나눈 1인당 국민소득은 국민들의 생활 수준을 국제적으로 비교할 때 자주 쓰인다.,"미 달러화 기준으로는 전년보다 1.5%, 원화 기준으로는 6.1% 증가했다.",국내공식통계,Y,소득·임금,1인당 국민소득,"국민소득, 잠정치, 달러, 원화",-,-,-,,-,-,-,2024,-,Y,확정,3만6745달러,KOSIS_VALUE,hcx,1인당 국민소득,-,2023,Y,hcx,현재값,36745,-,-,N,달러,수준값,-,전년,"5일 한국은행에 따르면 작년 한국의 1인당 국민소득은 3만6745달러(잠정치, 5012만원)로 집계됐다.",high,N,-,N,0,0,HCX-007,v1.6-early-kosis-context,2026-08-12,1인당 국민소득,,N,,2023,Y,,,,2023,RELATIVE_CLAIM_TO_PUBLICATION_YEAR,달러,달러,currency,amount,unspecified,,Y,Y,,,READY,ELIGIBLE,,,,,N
A2015-SP30AD76D169,A2015-SP30AD76D169-m2,A2015,작년 한국 1인당 국민소득 3만6745달러... 2년 연속 일본 앞질러,45813.0,https://www.chosun.com/economy/economy_general/2025/06/05/P2N35XU7BJFIDBL32N3K3SYKKA,"5일 한국은행에 따르면 작년 한국의 1인당 국민소득은 3만6745달러(잠정치, 5012만원)로 집계됐다.",이를 인구 수로 나눈 1인당 국민소득은 국민들의 생활 수준을 국제적으로 비교할 때 자주 쓰인다.,"미 달러화 기준으로는 전년보다 1.5%, 원화 기준으로는 6.1% 증가했다.",국내공식통계,Y,소득·임금,1인당 국민소득,"국민소득, 잠정치, 달러, 원화",-,-,-,,-,-,-,2024,-,Y,확정,5012만원,KOSIS_VALUE,hcx,1인당 국민소득,-,2023,Y,hcx,현재값,50120000,-,-,N,원,수준값,-,전년,"5일 한국은행에 따르면 작년 한국의 1인당 국민소득은 3만6745달러(잠정치, 5012만원)로 집계됐다.",high,N,-,N,0,0,HCX-007,v1.6-early-kosis-context,2026-08-12,1인당 국민소득,,N,,2023,Y,,,,2023,RELATIVE_CLAIM_TO_PUBLICATION_YEAR,원,원,currency,amount,unspecified,,Y,Y,,,READY,ELIGIBLE,,,,,N
A2015-SPB9AF684439,A2015-SPB9AF684439-m1,A2015,작년 한국 1인당 국민소득 3만6745달러... 2년 연속 일본 앞질러,45813.0,https://www.chosun.com/economy/economy_general/2025/06/05/P2N35XU7BJFIDBL32N3K3SYKKA,한편 작년 일본의 1인당 국민소득은 3만4500달러 초반으로 우리보다 최소 2000달러 적었다.,우리나라 1인당 국민소득은 2022년부터 3년째 증가 추세이다.,2023년 한국의 1인당 국민소득이 3만6195달러(확정치)로 같은 해 일본(3만5933달러)보다 262달러 많았는데 일본은 1인당 국민소득이 작년 줄면서 그 격차가 더 커졌다.,국내공식통계,Y,소득·임금,일본 1인당 국민소득,"한국, 일본, 국민소득, 작년, 2년 연속, 앞질러, 격차",-,-,-,,-,-,-,2024,-,Y,확정,3만4500달러,KOSIS_VALUE,hcx,일본 1인당 국민소득,-,2023,Y,hcx,현재값,34500,-,-,N,달러,수준값,-,전년,한편 작년 일본의 1인당 국민소득은 3만4500달러 초반으로 우리보다 최소 2000달러 적었다.,high,N,-,N,0,0,HCX-007,v1.6-early-kosis-context,2026-08-12,1인당 국민소득,,N,,2023,Y,,,,2023,RELATIVE_CLAIM_TO_PUBLICATION_YEAR,달러,달러,currency,amount,unspecified,,Y,Y,,,READY,ELIGIBLE,,,,,N
A2015-SPB9AF684439,A2015-SPB9AF684439-m2,A2015,작년 한국 1인당 국민소득 3만6745달러... 2년 연속 일본 앞질러,45813.0,https://www.chosun.com/economy/economy_general/2025/06/05/P2N35XU7BJFIDBL32N3K3SYKKA,한편 작년 일본의 1인당 국민소득은 3만4500달러 초반으로 우리보다 최소 2000달러 적었다.,우리나라 1인당 국민소득은 2022년부터 3년째 증가 추세이다.,2023년 한국의 1인당 국민소득이 3만6195달러(확정치)로 같은 해 일본(3만5933달러)보다 262달러 많았는데 일본은 1인당 국민소득이 작년 줄면서 그 격차가 더 커졌다.,국내공식통계,Y,소득·임금,한국과 일본 간의 1인당 국민소득 차이,"한국, 일본, 국민소득, 작년, 2년 연속, 앞질러, 격차",-,-,-,,-,-,-,2024,-,Y,확정,2000달러,KOSIS_VALUE,hcx,한국과 일본 간의 1인당 국민소득 차이,-,2023,Y,hcx,현재값,2000,-,-,N,달러,수준값,-,전년,한편 작년 일본의 1인당 국민소득은 3만4500달러 초반으로 우리보다 최소 2000달러 적었다.,high,N,-,N,0,0,HCX-007,v1.6-early-kosis-context,2026-08-12,1인당 국민소득,,N,,2023,Y,,,,2023,RELATIVE_CLAIM_TO_PUBLICATION_YEAR,달러,달러,currency,amount,unspecified,,Y,Y,,,READY,ELIGIBLE,,,,,N
A2015-SP474A13E300,A2015-SP474A13E300-m1,A2015,작년 한국 1인당 국민소득 3만6745달러... 2년 연속 일본 앞질러,45813.0,https://www.chosun.com/economy/economy_general/2025/06/05/P2N35XU7BJFIDBL32N3K3SYKKA,2023년 한국의 1인당 국민소득이 3만6195달러(확정치)로 같은 해 일본(3만5933달러)보다 262달러 많았는데 일본은 1인당 국민소득이 작년 줄면서 그 격차가 더 커졌다.,한편 작년 일본의 1인당 국민소득은 3만4500달러 초반으로 우리보다 최소 2000달러 적었다.,일본은 지난 1992년 1인당 국민소득이 3만달러대로 진입한 후 3년 만인 1995년 4만달러 벽을 넘었다.,국내공식통계,Y,소득·임금,한국의 1인당 국민소득,"국민소득, 일본, 한국, 작년, 2년 연속, 앞질러, 격차",-,-,-,,-,-,-,2023,-,Y,확정,3만6195달러,KOSIS_VALUE,hcx,한국의 1인당 국민소득,-,2023,Y,hcx,현재값,36195,-,-,N,달러,수준값,-,전년,2023년 한국의 1인당 국민소득이 3만6195달러(확정치)로 같은 해 일본(3만5933달러)보다 262달러 많았는데 일본은 1인당 국민소득이 작년 줄면서 그 격차가 더 커졌다.,high,N,-,N,0,0,HCX-007,v1.6-early-kosis-context,2026-08-12,1인당 국민소득,,N,,2023,Y,,,,2023,,달러,달러,currency,amount,unspecified,,Y,Y,,,READY,ELIGIBLE,,,,,N
A2015-SP474A13E300,A2015-SP474A13E300-m2,A2015,작년 한국 1인당 국민소득 3만6745달러... 2년 연속 일본 앞질러,45813.0,https://www.chosun.com/economy/economy_general/2025/06/05/P2N35XU7BJFIDBL32N3K3SYKKA,2023년 한국의 1인당 국민소득이 3만6195달러(확정치)로 같은 해 일본(3만5933달러)보다 262달러 많았는데 일본은 1인당 국민소득이 작년 줄면서 그 격차가 더 커졌다.,한편 작년 일본의 1인당 국민소득은 3만4500달러 초반으로 우리보다 최소 2000달러 적었다.,일본은 지난 1992년 1인당 국민소득이 3만달러대로 진입한 후 3년 만인 1995년 4만달러 벽을 넘었다.,국내공식통계,Y,소득·임금,일본의 1인당 국민소득,"국민소득, 일본, 한국, 작년, 2년 연속, 앞질러, 격차",-,-,-,,-,-,-,2023,-,Y,확정,3만5933달러,KOSIS_VALUE,hcx,일본의 1인당 국민소득,-,2023,Y,hcx,현재값,35933,-,-,N,달러,수준값,-,전년,2023년 한국의 1인당 국민소득이 3만6195달러(확정치)로 같은 해 일본(3만5933달러)보다 262달러 많았는데 일본은 1인당 국민소득이 작년 줄면서 그 격차가 더 커졌다.,high,N,-,N,0,0,HCX-007,v1.6-early-kosis-context,2026-08-12,1인당 국민소득,,N,,2023,Y,,,,2023,,달러,달러,currency,amount,unspecified,,Y,Y,,,READY,ELIGIBLE,,,,,N
A2015-SP474A13E300,A2015-SP474A13E300-m3,A2015,작년 한국 1인당 국민소득 3만6745달러... 2년 연속 일본 앞질러,45813.0,https://www.chosun.com/economy/economy_general/2025/06/05/P2N35XU7BJFIDBL32N3K3SYKKA,2023년 한국의 1인당 국민소득이 3만6195달러(확정치)로 같은 해 일본(3만5933달러)보다 262달러 많았는데 일본은 1인당 국민소득이 작년 줄면서 그 격차가 더 커졌다.,한편 작년 일본의 1인당 국민소득은 3만4500달러 초반으로 우리보다 최소 2000달러 적었다.,일본은 지난 1992년 1인당 국민소득이 3만달러대로 진입한 후 3년 만인 1995년 4만달러 벽을 넘었다.,국내공식통계,Y,소득·임금,한국과 일본의 1인당 국민소득 차이,"국민소득, 일본, 한국, 작년, 2년 연속, 앞질러, 격차",-,-,-,,-,-,-,2023,-,Y,확정,262달러,KOSIS_VALUE,hcx,한국과 일본의 1인당 국민소득 차이,-,2023,Y,hcx,증감값,262,-,-,N,달러,수준값,증가,전년,2023년 한국의 1인당 국민소득이 3만6195달러(확정치)로 같은 해 일본(3만5933달러)보다 262달러 많았는데 일본은 1인당 국민소득이 작년 줄면서 그 격차가 더 커졌다.,high,N,-,N,0,0,HCX-007,v1.6-early-kosis-context,2026-08-12,1인당 국민소득,,N,,2023,Y,,,,2023,,달러,달러,currency,amount,unspecified,,Y,Y,,,READY,ELIGIBLE,,,,,N
A2676-SP7584553AD8,A2676-SP7584553AD8-m1,A2676,일자리 못 구해 ‘울며 겨자 먹기’ 창업하는 자영업자 비율 2년 연속 증가,45966.0,https://www.chosun.com/economy/economy_general/2025/11/05/2W34BPNBCVHEJE5W64TXGTKGWQ/,60세 이상 비임금 근로자는 올해 269만7000명으로 지난해보다 8만명 늘었다.,인구 고령화가 가속화하면서 60세 이상 고령 자영업자도 꾸준히 늘고 있다.,전체 비임금 근로자 중 60세 이상이 차지하는 비율은 41.1%로 역대 최고치를 기록했다.,국내공식통계,Y,고용,60세 이상 비임금 근로자 수,"비임금 근로자, 인구 고령화, 자영업자",-,고령층,-,,-,-,-,202508,-,M,확정,269만7000명,KOSIS_VALUE,hcx,60세 이상 비임금 근로자 수,-,202508,M,hcx,현재값,2697000,-,-,N,명,수준값,증가,전년,60세 이상 비임금 근로자는 올해 269만7000명으로 지난해보다 8만명 늘었다.,high,Y,measurement_binding_fallback:1;measurement_period_ungrounded:1,Y,0,1,HCX-007,v1.6-early-kosis-context,2026-08-12,60세 이상 비임금 근로자 수,,N,,202508,M,,,,202508,,명,명,person_count,count,person,,Y,Y,,,READY,ELIGIBLE,,,,,N
A2676-SPCA869FBCE0,A2676-SPCA869FBCE0-m1,A2676,일자리 못 구해 ‘울며 겨자 먹기’ 창업하는 자영업자 비율 2년 연속 증가,45966.0,https://www.chosun.com/economy/economy_general/2025/11/05/2W34BPNBCVHEJE5W64TXGTKGWQ/,특히 60세 이상이면서 직원 없이 혼자 일하는 60세 이상 자영업자는 184만5000명으로 2016년부터 10년 연속 늘었다.,전체 비임금 근로자 중 60세 이상이 차지하는 비율은 41.1%로 역대 최고치를 기록했다.,"관련 기사 실질 소비 코로나 이후 최대 폭 감소..자영업자 줄폐업, 물가 상승 영향 올해 2분기(4~6월) 가계의 실질 소비가 코로나 팬데믹 이후 가장 큰 폭으로 줄어든 것으로 나타났다.",국내공식통계,Y,고용,60세 이상 자영업자 수,"자영업자, 비임금 근로자, 60세 이상, 고용시장, 창업",-,60세 이상,-,,-,-,-,202508,-,M,확정,184만5000명,KOSIS_VALUE,hcx,60세 이상 자영업자 수,-,202508,M,hcx,현재값,1845000,-,-,N,명,수준값,증가,전년동기,특히 60세 이상이면서 직원 없이 혼자 일하는 60세 이상 자영업자는 184만5000명으로 2016년부터 10년 연속 늘었다.,high,N,-,Y,0,0,HCX-007,v1.6-early-kosis-context,2026-08-12,60세 이상 자영업자 수,,N,,202508,M,,,,202508,,명,명,person_count,count,unspecified,,Y,Y,,,READY,ELIGIBLE,,,,,N
A0564-SP61471E1414,A0564-SP61471E1414-m2,A0564,10원짜리 만드는 데 40원?… 쓸일 없어 90%는 집에서 굴러다녀,45701.0,https://www.chosun.com/economy/economy_general/2025/02/13/E5QR6SBMHJGBJPO2JOTDVZNULI,"작년에는 전년보다 17% 줄어든, 4880만개를 발행했다.",발행량은 2020년부터 큰 폭으로 줄고 있다.,10원뿐 아니라 50·100·500원 등 모든 동전 발행량이 줄었다.,국내공식통계,Y,생산·산업,동전 발행량,"동전, 발행량, 감소, 10원, 50원, 100원, 500원",-,-,-,,-,-,-,2024,-,Y,확정,4880만개,KOSIS_VALUE,hcx,동전 발행량,-,2023,Y,hcx,현재값,48800000,-,-,N,개,수준값,감소,전년,"작년에는 전년보다 17% 줄어든, 4880만개를 발행했다.",high,N,-,N,0,0,HCX-007,v1.6-early-kosis-context,2026-08-12,동전 발행량,,N,,2023,Y,,,,2023,RELATIVE_CLAIM_TO_PUBLICATION_YEAR,개,개,count,count,unspecified,,Y,Y,,,READY,ELIGIBLE,,,,,N
A0564-SP24B2B7767A,A0564-SP24B2B7767A-m1,A0564,10원짜리 만드는 데 40원?… 쓸일 없어 90%는 집에서 굴러다녀,45701.0,https://www.chosun.com/economy/economy_general/2025/02/13/E5QR6SBMHJGBJPO2JOTDVZNULI,"작년 한은이 발행한 모든 동전의 액면가는 102억4200만원으로, 전년보다 24%가량 줄었다.",10원뿐 아니라 50·100·500원 등 모든 동전 발행량이 줄었다.,한은 관계자는 “매년 폐기된 지폐 등을 감안해 수요를 추정하고 동전을 발행한다”고 했다.,국내공식통계,Y,금융·금리,모든 동전의 액면가,"동전, 액면가, 발행량, 감소",-,-,-,,-,-,-,2024,-,Y,확정,102억4200만원,KOSIS_VALUE,hcx,모든 동전의 액면가,-,2023,Y,hcx,현재값,10242000000,-,-,N,원,수준값,감소,전년,"작년 한은이 발행한 모든 동전의 액면가는 102억4200만원으로, 전년보다 24%가량 줄었다.",high,N,-,N,0,0,HCX-007,v1.6-early-kosis-context,2026-08-12,모든 동전의 액면가,,N,,2023,Y,,,,2023,RELATIVE_CLAIM_TO_PUBLICATION_YEAR,원,원,currency,amount,unspecified,,Y,Y,,,READY,ELIGIBLE,,,,,N
A0561-SP64C9B331B5,A0561-SP64C9B331B5-m1,A0561,"﻿금값 폭등, 골드바 판매 중단에도… 한국은행은 ‘뒷짐’, 왜?",45701.0,https://www.chosun.com/economy/economy_general/2025/02/13/3WAQAYQMI5GW7LAHECXARQMZPY,"지난달 말 기준 한은이 보유한 금은 47억9000만 달러(약 7조원‧매입 당시 가격) 규모로, 전체 외환보유액의 1.2%에 그쳤다.",2013년 20t의 금을 추가로 사들인 뒤 금 보유량을 총 104.4t으로 묶어왔다.,한은의 기조는 다른 나라 중앙은행들이 적극적으로 금을 사들이는 흐름과도 동떨어져 있다.,국내공식통계,N,금융·금리,한국은행 금 보유량,"한국은행, 금 보유량, 외환보유액, 금값, 골드바",-,-,-,,-,-,-,202401,-,M,확정,47억9000만 달러,KOSIS_VALUE,hcx,한국은행 금 보유량,-,2024M1,M,hcx,현재값,4790000000,-,-,N,달러,수준값,-,전년동기,"지난달 말 기준 한은이 보유한 금은 47억9000만 달러(약 7조원‧매입 당시 가격) 규모로, 전체 외환보유액의 1.2%에 그쳤다.",high,N,-,Y,0,0,HCX-007,v1.6-early-kosis-context,2026-08-12,한국은행 금 보유량,,N,,2024M1,M,,,,2024M1,,달러,달러,currency,amount,unspecified,,Y,Y,,,READY,ELIGIBLE,,,,,N
A0561-SP64C9B331B5,A0561-SP64C9B331B5-m2,A0561,"﻿금값 폭등, 골드바 판매 중단에도… 한국은행은 ‘뒷짐’, 왜?",45701.0,https://www.chosun.com/economy/economy_general/2025/02/13/3WAQAYQMI5GW7LAHECXARQMZPY,"지난달 말 기준 한은이 보유한 금은 47억9000만 달러(약 7조원‧매입 당시 가격) 규모로, 전체 외환보유액의 1.2%에 그쳤다.",2013년 20t의 금을 추가로 사들인 뒤 금 보유량을 총 104.4t으로 묶어왔다.,한은의 기조는 다른 나라 중앙은행들이 적극적으로 금을 사들이는 흐름과도 동떨어져 있다.,국내공식통계,N,금융·금리,한국은행 금 보유량,"한국은행, 금 보유량, 외환보유액, 금값, 골드바",-,-,-,,-,-,-,202401,-,M,확정,7조원,KOSIS_VALUE,hcx,한국은행 금 보유량,-,2024M1,M,hcx,현재값,7000000000000,-,-,Y,원,수준값,-,전년동기,"지난달 말 기준 한은이 보유한 금은 47억9000만 달러(약 7조원‧매입 당시 가격) 규모로, 전체 외환보유액의 1.2%에 그쳤다.",high,N,-,Y,0,0,HCX-007,v1.6-early-kosis-context,2026-08-12,한국은행 금 보유량,,N,,2024M1,M,,,,2024M1,,원,원,currency,amount,unspecified,,Y,Y,,,READY,ELIGIBLE,,,,,N
A0561-SP2369A987FD,A0561-SP2369A987FD-m1,A0561,"﻿금값 폭등, 골드바 판매 중단에도… 한국은행은 ‘뒷짐’, 왜?",45701.0,https://www.chosun.com/economy/economy_general/2025/02/13/3WAQAYQMI5GW7LAHECXARQMZPY,"2000년대 초 온스당 200달러대였던 국제 금 가격이 2011년 1900달러에 육박하자 금 매입 요구가 높아졌고, 마침 외환보유액도 전보다 넉넉한 상황이었다.",한은은 2011~2013년 금을 총 90t 사들였다.,하지만 금 가격은 2015년 온스당 1000달러대로 곤두박질쳤다.,국내공식통계,N,금융·금리,국제 금 가격,"국제 금 가격, 온스당, 달러, 금 매입",-,-,-,,-,-,-,2000,-,Y,확정,온스당 200달러,KOSIS_VALUE,hcx,국제 금 가격,-,2000,Y,hcx,현재값,200,-,-,N,달러,수준값,유지,-,"2000년대 초 온스당 200달러대였던 국제 금 가격이 2011년 1900달러에 육박하자 금 매입 요구가 높아졌고, 마침 외환보유액도 전보다 넉넉한 상황이었다.",high,N,-,N,0,0,HCX-007,v1.6-early-kosis-context,2026-08-12,국제 금 가격,,N,,,,,,,2000,,달러,달러,currency,amount,unspecified,,Y,Y,,,READY,ELIGIBLE,,,,,N
A0561-SP47B160D254,A0561-SP47B160D254-m1,A0561,"﻿금값 폭등, 골드바 판매 중단에도… 한국은행은 ‘뒷짐’, 왜?",45701.0,https://www.chosun.com/economy/economy_general/2025/02/13/3WAQAYQMI5GW7LAHECXARQMZPY,하지만 금 가격은 2015년 온스당 1000달러대로 곤두박질쳤다.,"2000년대 초 온스당 200달러대였던 국제 금 가격이 2011년 1900달러에 육박하자 금 매입 요구가 높아졌고, 마침 외환보유액도 전보다 넉넉한 상황이었다.","2021년 들어서야 완만한 상승세에 들어섰고, 최근 트럼프발(發) 관세 전쟁이 격화되면서 국제 금값이 급격하게 올랐다.",국내공식통계,N,금융·금리,국제 금 가격,"온스당, 국제 금 가격, 금 매입",-,-,-,,-,-,-,2015,-,Y,확정,1000달러,KOSIS_VALUE,hcx,국제 금 가격,-,2015,Y,hcx,현재값,1000,-,-,N,달러,수준값,-,전년,하지만 금 가격은 2015년 온스당 1000달러대로 곤두박질쳤다.,high,N,-,N,0,0,HCX-007,v1.6-early-kosis-context,2026-08-12,국제 금 가격,,N,,,,,,,2015,,달러,달러,currency,amount,unspecified,,Y,Y,,,READY,ELIGIBLE,,,,,N
A2332-SP326FC3820E,A2332-SP326FC3820E-m1,A2332,반려동물 치료비 100만원 넘어...양육비 月 19만원,45837.0,https://www.chosun.com/economy/money/2025/06/29/LORCAVRLEVHSXPE2Z3EVNIBHF4,"29일 KB금융지주 경영연구소의 ’2025 한국반려동물 보고서’에 따르면, 반려동물을 기르는 가구가 고정적으로 지출하는 양육비는 월평균 19만4000원가량으로 2023년 조사 당시(15만4000원)에 비해 4만원(26%) 늘었다.",물가 상승 속 반려동물 관리 비용도 올라간 것이다.,"반려견을 둔 가구는 월 16만1000원, 반려묘 가구는 월 14만2000원을 썼다.",국내공식통계,Y,소매·소비,반려동물 양육비,"반려동물, 양육비, 치료비, 가구, 월평균, 조사",-,-,-,,반려동물을 기르는 가구,-,-,2025,-,Y,확정,19만4000원가량,KOSIS_VALUE,hcx,반려동물 양육비,-,2025,Y,hcx,현재값,194000,-,-,Y,원,수준값,증가,전년,"KB금융지주 경영연구소의 ’2025 한국반려동물 보고서’에 따르면, 반려동물을 기르는 가구가 고정적으로 지출하는 양육비는 월평균 19만4000원가량으로 2023년 조사 당시(15만4000원)에 비해 4만원(26%) 늘었다.",high,N,-,N,0,0,HCX-007,v1.6-early-kosis-context,2026-08-12,반려동물 양육비,,N,,2025,Y,,,,2025,,원,원,currency,amount,household,,Y,Y,,,READY,ELIGIBLE,,,,,N
A2332-SP36DA712F72,A2332-SP36DA712F72-m1,A2332,반려동물 치료비 100만원 넘어...양육비 月 19만원,45837.0,https://www.chosun.com/economy/money/2025/06/29/LORCAVRLEVHSXPE2Z3EVNIBHF4,평균 치료비는 102만7000원으로 집계돼 2023년 조사(57만7000원)의 약 2배로 올랐다.,전체 반려동물 보유 가구의 70.2%는 최근 2년 내 반려동물 치료비를 지출한 경험이 있었다.,반려동물보험 가입률은 12.8%에 그쳤다.,국내공식통계,Y,소매·소비,반려동물 치료비,"반려동물, 치료비, 양육비, 월평균, 조사",-,-,-,,-,-,-,2025,-,Y,확정,102만7000원,KOSIS_VALUE,hcx,반려동물 치료비,-,2025,Y,hcx,현재값,1027000,-,-,N,원,수준값,증가,전년,"KB금융지주 경영연구소의 '2025 한국반려동물 보고서'에 따르면, 평균 치료비는 102만7000원으로 집계돼 2023년 조사(57만7000원)의 약 2배로 올랐다.",high,N,-,Y,0,0,HCX-007,v1.6-early-kosis-context,2026-08-12,반려동물 치료비,,N,,2025,Y,,,,2025,,원,원,currency,amount,unspecified,,Y,Y,,,READY,ELIGIBLE,,,,,N
A2332-SPACF88E3DA3,A2332-SPACF88E3DA3-m1,A2332,반려동물 치료비 100만원 넘어...양육비 月 19만원,45837.0,https://www.chosun.com/economy/money/2025/06/29/LORCAVRLEVHSXPE2Z3EVNIBHF4,반려동물보험 가입률은 12.8%에 그쳤다.,평균 치료비는 102만7000원으로 집계돼 2023년 조사(57만7000원)의 약 2배로 올랐다.,반려동물보험 대중화를 위해 해결돼야 할 과제로는 ‘진료비 표준수가제 도입’(46.1%) 등이 지목됐다.,국내공식통계,Y,보건·복지,반려동물보험 가입률,"반려동물, 보험, 가입률",-,-,-,,-,-,-,2025,-,Y,확정,12.8%,KOSIS_VALUE,hcx,반려동물보험 가입률,-,2025,Y,hcx,현재값,12.8,-,-,N,%,비중,-,전년,반려동물보험 가입률은 12.8%에 그쳤다.,high,N,-,N,0,0,HCX-007,v1.6-early-kosis-context,2026-08-12,반려동물보험 가입률,,N,,2025,Y,,,,2025,,%,%,rate,level,unspecified,,Y,Y,,,READY,ELIGIBLE,,,,,N
A2335-SP264A54BFC4,A2335-SP264A54BFC4-m1,A2335,5월 생산·투자 2달째 동반 감소... 소비도 3달째 반등 못해,45838.0,https://www.chosun.com/economy/economy_general/2025/06/30/2IZSHTWSWNEJ5FGXOMCGGEDVW4,건설 경기가 얼어붙으면서 건축·토목 분야 건설 실적을 뜻하는 ‘ 건설기성 ’도 전달보다 3.9% 줄어 3달 연속 마이너스를 기록했다.,이런 경우는 주력 수출 품목인 반도체 부진으로 수출 감소세가 본격화한 2022년 12월~2023년 1월 이후 처음이다.,건축(-4.6%)과 토목(-2.0%) 분야에서 몯 공사 실적이 줄었다.,국내공식통계,Y,생산·산업,건설기성,"건축, 토목, 건설 경기, 건설 실적",-,-,-,,-,-,-,202305,-,M,확정,3.9%,KOSIS_VALUE,hcx,건설기성,-,202305,M,hcx,현재값,3.9,-,-,N,%,수준값,감소,전월,건설 경기가 얼어붙으면서 건축·토목 분야 건설 실적을 뜻하는 ‘건설기성’도 전달보다 3.9% 줄어 3달 연속 마이너스를 기록했다.,high,N,-,N,0,0,HCX-007,v1.6-early-kosis-context,2026-08-12,건설기성,,N,,202305,M,,,,202305,,%,%,rate,level,unspecified,,Y,Y,,,READY,ELIGIBLE,,,,,N
A2284-SPA2999CC2B6,A2284-SPA2999CC2B6-m3,A2284,"광업·제조업 생산 늘어난 경북과 울산, 실질 지역내총생산 증가율 1·2위, 대구와 세종은 꼴찌 수준",45834.0,https://www.chosun.com/economy/economy_general/2025/06/26/6JB2D4IQQZHCFKGAPHZLSUQ7OY,"올해 1분기(1~3월) 경북과 울산의 실질 지역내총생산(GRDP) 증가율이 전국 17개 시도 중 1, 2위를 기록했다.",-,광업과 제조업의 생산이 늘어난 것이 이들의 성장률을 끌어올렸다는 분석이다.,국내공식통계,Y,생산·산업,전국 시도 수,"경북, 울산, 광업, 제조업, 생산, 실질 지역내총생산, 증가율",-,-,-,,-,-,-,202503,-,M,확정,17개,KOSIS_VALUE,hcx,전국 시도 수,-,2025Q1,Q,hcx,현재값,17,-,-,N,개,수준값,증가,-,"올해 1분기(1~3월) 경북과 울산의 실질 지역내총생산(GRDP) 증가율이 전국 17개 시도 중 1, 2위를 기록했다.",high,N,-,Y,0,0,HCX-007,v1.6-early-kosis-context,2026-08-12,실질 지역내총생산(GRDP) 증가율,,N,,2025Q1,Q,202501,202503,sum,2025Q1,,개,개,count,count,unspecified,,Y,Y,,,READY,ELIGIBLE,,,,,N
A2284-SP78D965205F,A2284-SP78D965205F-m1,A2284,"광업·제조업 생산 늘어난 경북과 울산, 실질 지역내총생산 증가율 1·2위, 대구와 세종은 꼴찌 수준",45834.0,https://www.chosun.com/economy/economy_general/2025/06/26/6JB2D4IQQZHCFKGAPHZLSUQ7OY,"2025년 1/4분기 실질 지역내총생산(잠정)‘에 따르면, 경북, 울산 등 7개 시도의 실질 지역내총생산은 전년 동기 대비 증가했지만, 대구와 세종 등 10개 시도는 감소하며 지역별 편차가 컸다.","‘지역내총생산’이란 특정 지역 내에서 생산된 모든 재화와 서비스의 가치를 시장가격으로 평가한 합계액으로, 지역 경제 규모와 성장률을 비교할 수 있는 수치다. 통계청이 26일 발표한 ’","실질 지역내총생산 성장률은 경북(1.6%), 울산(1.4%), 서울(1.0%) 순으로 높았다.",국내공식통계,Y,생산·산업,증가한 시도 수,"광업, 제조업, 생산, 경북, 울산, 실질 지역내총생산, 대구, 세종",-,-,-,,-,-,-,202501,-,Q,확정,7개,KOSIS_VALUE,hcx,증가한 시도 수,-,2025Q1,Q,hcx,현재값,7,-,-,N,개,수준값,증가,전년동기,"2025년 1/4분기 실질 지역내총생산(잠정)‘에 따르면, 경북, 울산 등 7개 시도의 실질 지역내총생산은 전년 동기 대비 증가했지만, 대구와 세종 등 10개 시도는 감소하며 지역별 편차가 컸다.",high,N,-,Y,0,0,HCX-007,v1.6-early-kosis-context,2026-08-12,실질 지역내총생산 증가율,,N,,2025Q1,Q,,,,2025Q1,,개,개,count,count,unspecified,,Y,Y,,,READY,ELIGIBLE,,,,,N
A2284-SP78D965205F,A2284-SP78D965205F-m2,A2284,"광업·제조업 생산 늘어난 경북과 울산, 실질 지역내총생산 증가율 1·2위, 대구와 세종은 꼴찌 수준",45834.0,https://www.chosun.com/economy/economy_general/2025/06/26/6JB2D4IQQZHCFKGAPHZLSUQ7OY,"2025년 1/4분기 실질 지역내총생산(잠정)‘에 따르면, 경북, 울산 등 7개 시도의 실질 지역내총생산은 전년 동기 대비 증가했지만, 대구와 세종 등 10개 시도는 감소하며 지역별 편차가 컸다.","‘지역내총생산’이란 특정 지역 내에서 생산된 모든 재화와 서비스의 가치를 시장가격으로 평가한 합계액으로, 지역 경제 규모와 성장률을 비교할 수 있는 수치다. 통계청이 26일 발표한 ’","실질 지역내총생산 성장률은 경북(1.6%), 울산(1.4%), 서울(1.0%) 순으로 높았다.",국내공식통계,Y,생산·산업,감소한 시도 수,"광업, 제조업, 생산, 경북, 울산, 실질 지역내총생산, 대구, 세종",-,-,-,,-,-,-,202501,-,Q,확정,10개,KOSIS_VALUE,hcx,감소한 시도 수,-,2025Q1,Q,hcx,현재값,10,-,-,N,개,수준값,증가,전년동기,"2025년 1/4분기 실질 지역내총생산(잠정)‘에 따르면, 경북, 울산 등 7개 시도의 실질 지역내총생산은 전년 동기 대비 증가했지만, 대구와 세종 등 10개 시도는 감소하며 지역별 편차가 컸다.",high,N,-,Y,0,0,HCX-007,v1.6-early-kosis-context,2026-08-12,실질 지역내총생산 증가율,,N,,2025Q1,Q,,,,2025Q1,,개,개,count,count,unspecified,,Y,Y,,,READY,ELIGIBLE,,,,,N
A2284-SPCBEB52F561,A2284-SPCBEB52F561-m1,A2284,"광업·제조업 생산 늘어난 경북과 울산, 실질 지역내총생산 증가율 1·2위, 대구와 세종은 꼴찌 수준",45834.0,https://www.chosun.com/economy/economy_general/2025/06/26/6JB2D4IQQZHCFKGAPHZLSUQ7OY,"실질 지역내총생산 성장률은 경북(1.6%), 울산(1.4%), 서울(1.0%) 순으로 높았다.","2025년 1/4분기 실질 지역내총생산(잠정)‘에 따르면, 경북, 울산 등 7개 시도의 실질 지역내총생산은 전년 동기 대비 증가했지만, 대구와 세종 등 10개 시도는 감소하며 지역별 편차가 컸다.",경북과 울산은 광업과 제조업에서의 생산이 성장률을 견인했다.,국내공식통계,Y,생산·산업,실질 지역내총생산 성장률,"광업, 제조업, 생산, 경북, 울산, 실질 지역내총생산, 증가율",-,-,-,경북,-,-,-,2025,-,Q,확정,경북(1.6%),KOSIS_VALUE,hcx,실질 지역내총생산 성장률,경북,2025Q1,Q,hcx,현재값,1.6,-,-,N,%,비중,증가,전년동기,"실질 지역내총생산 성장률은 경북(1.6%), 울산(1.4%), 서울(1.0%) 순으로 높았다.",high,N,-,N,0,0,HCX-007,v1.6-early-kosis-context,2026-08-12,실질 지역내총생산 성장률,,N,,2025Q1,Q,,,,2025Q1,,%,%,rate,level,item,,Y,Y,,,READY,ELIGIBLE,,,,,N
A2284-SPCBEB52F561,A2284-SPCBEB52F561-m2,A2284,"광업·제조업 생산 늘어난 경북과 울산, 실질 지역내총생산 증가율 1·2위, 대구와 세종은 꼴찌 수준",45834.0,https://www.chosun.com/economy/economy_general/2025/06/26/6JB2D4IQQZHCFKGAPHZLSUQ7OY,"실질 지역내총생산 성장률은 경북(1.6%), 울산(1.4%), 서울(1.0%) 순으로 높았다.","2025년 1/4분기 실질 지역내총생산(잠정)‘에 따르면, 경북, 울산 등 7개 시도의 실질 지역내총생산은 전년 동기 대비 증가했지만, 대구와 세종 등 10개 시도는 감소하며 지역별 편차가 컸다.",경북과 울산은 광업과 제조업에서의 생산이 성장률을 견인했다.,국내공식통계,Y,생산·산업,실질 지역내총생산 성장률,"광업, 제조업, 생산, 경북, 울산, 실질 지역내총생산, 증가율",-,-,-,울산,-,-,-,2025,-,Q,확정,울산(1.4%),KOSIS_VALUE,hcx,실질 지역내총생산 성장률,울산,2025Q1,Q,hcx,현재값,1.4,-,-,N,%,비중,증가,전년동기,"실질 지역내총생산 성장률은 경북(1.6%), 울산(1.4%), 서울(1.0%) 순으로 높았다.",high,N,-,N,0,0,HCX-007,v1.6-early-kosis-context,2026-08-12,실질 지역내총생산 성장률,,N,,2025Q1,Q,,,,2025Q1,,%,%,rate,level,item,,Y,Y,,,READY,ELIGIBLE,,,,,N
A2284-SPCBEB52F561,A2284-SPCBEB52F561-m3,A2284,"광업·제조업 생산 늘어난 경북과 울산, 실질 지역내총생산 증가율 1·2위, 대구와 세종은 꼴찌 수준",45834.0,https://www.chosun.com/economy/economy_general/2025/06/26/6JB2D4IQQZHCFKGAPHZLSUQ7OY,"실질 지역내총생산 성장률은 경북(1.6%), 울산(1.4%), 서울(1.0%) 순으로 높았다.","2025년 1/4분기 실질 지역내총생산(잠정)‘에 따르면, 경북, 울산 등 7개 시도의 실질 지역내총생산은 전년 동기 대비 증가했지만, 대구와 세종 등 10개 시도는 감소하며 지역별 편차가 컸다.",경북과 울산은 광업과 제조업에서의 생산이 성장률을 견인했다.,국내공식통계,Y,생산·산업,실질 지역내총생산 성장률,"광업, 제조업, 생산, 경북, 울산, 실질 지역내총생산, 증가율",-,-,-,서울,-,-,-,2025,-,Q,확정,서울(1.0%),KOSIS_VALUE,hcx,실질 지역내총생산 성장률,서울,2025Q1,Q,hcx,현재값,1,-,-,N,%,비중,증가,전년동기,"실질 지역내총생산 성장률은 경북(1.6%), 울산(1.4%), 서울(1.0%) 순으로 높았다.",high,N,-,N,0,0,HCX-007,v1.6-early-kosis-context,2026-08-12,실질 지역내총생산 성장률,,N,,2025Q1,Q,,,,2025Q1,,%,%,rate,level,item,,Y,Y,,,READY,ELIGIBLE,,,,,N
A2284-SP683FF32200,A2284-SP683FF32200-m5,A2284,"광업·제조업 생산 늘어난 경북과 울산, 실질 지역내총생산 증가율 1·2위, 대구와 세종은 꼴찌 수준",45834.0,https://www.chosun.com/economy/economy_general/2025/06/26/6JB2D4IQQZHCFKGAPHZLSUQ7OY,"올해 1분기 전국 건설업 성장률은 전년 동기 대비 -12.4%였다. 특히 대구(-24.3%), 광주(-18.5%), 세종(-19.4%) 등 8개 광역지자체의 건설업 성장률은 전국 평균 건설업 성장률보다 크게 낮은 것으로 집계됐다.",특히 전국과 지방의 건설 경기 불황을 나타내는 지표도 나왔다.,통계청은 그동안 ‘연도별’ 지역내총생산(GRDP) 지표를 발표해왔지만 최근 분기별 GRDP 지표 개발을 완료해 이번부터 공개했다.,국내공식통계,Y,생산·산업,광역지자체 수,"전국, 대구, 광주, 세종, 건설업",-,-,-,,-,-,-,2025,-,Q,확정,등 8개,KOSIS_VALUE,hcx,광역지자체 수,-,2025Q1,Q,hcx,현재값,8,-,-,N,개,수준값,-,-,"올해 1분기 전국 건설업 성장률은 전년 동기 대비 -12.4%였다. 특히 대구(-24.3%), 광주(-18.5%), 세종(-19.4%) 등 8개 광역지자체의 건설업 성장률은 전국 평균 건설업 성장률보다 크게 낮은 것으로 집계됐다.",high,N,-,Y,0,0,HCX-007,v1.6-early-kosis-context,2026-08-12,건설업 성장률,,N,,2025Q1,Q,,,,2025Q1,,개,개,count,count,unspecified,,Y,Y,,,READY,ELIGIBLE,,,,,N
A2284-SP64E617070D,A2284-SP64E617070D-m4,A2284,"광업·제조업 생산 늘어난 경북과 울산, 실질 지역내총생산 증가율 1·2위, 대구와 세종은 꼴찌 수준",45834.0,https://www.chosun.com/economy/economy_general/2025/06/26/6JB2D4IQQZHCFKGAPHZLSUQ7OY,"특히 대구(-24.3%), 광주(-18.5%), 세종(-19.4%) 등 8개 광역지자체의 건설업 성장률은 전국 평균 건설업 성장률보다 크게 낮은 것으로 집계됐다.",올해 1분기 전국 건설업 성장률은 전년 동기 대비 -12.4%였다.,통계청은 그동안 ‘연도별’ 지역내총생산(GRDP) 지표를 발표해왔지만 최근 분기별 GRDP 지표 개발을 완료해 이번부터 공개했다.,국내공식통계,Y,생산·산업,광역지자체 수,"전국, 건설업, 성장률, 대구, 광주, 세종",-,-,-,,-,-,-,2025,-,Q,확정,8개,KOSIS_VALUE,hcx,광역지자체 수,-,2025Q1,Q,hcx,현재값,8,-,-,N,개,수준값,-,-,"특히 대구(-24.3%), 광주(-18.5%), 세종(-19.4%) 등 8개 광역지자체의 건설업 성장률은 전국 평균 건설업 성장률보다 크게 낮은 것으로 집계됐다.",high,N,-,Y,0,0,HCX-007,v1.6-early-kosis-context,2026-08-12,건설업 성장률,,N,,2025Q1,Q,,,,2025Q1,,개,개,count,count,unspecified,,Y,Y,,,READY,ELIGIBLE,,,,,N
A2666-SP91F468293F,A2666-SP91F468293F-m1,A2666,"다 비싸졌다… 월세 상승률 10년래 최고, 물가도 껑충",45965.0,https://www.chosun.com/economy/economy_general/2025/11/04/LTSPY3AKDFGO3PYENJYCXAAWAU/,"3일 국토교통부의 주택 통계에 따르면, 9월 전국 전월세 거래 23만745건 중 월세 비율은 65%(15만670건)를 차지했다.","월세, 외식 물가 등이 크게 올라 생활비 부담이 커지는 것은 비정규직 근로자 등 서민의 생활고를 가중시키는 요인으로 꼽힌다.",정부가 6월 부동산 대출 규제를 발표한 이후 갭투자(전세를 낀 주택 매입) 수요가 줄어 신규 전세 공급이 줄면서 전세의 월세화가 가속화됐기 때문이다.,국내공식통계,Y,부동산,전월세 거래 건수,"국토교통부, 주택 통계, 전월세 거래, 월세 비율",-,-,-,,-,-,-,202309,-,M,확정,23만745건,KOSIS_VALUE,hcx,전월세 거래 건수,-,202309,M,hcx,현재값,230745,-,-,N,건,수준값,-,-,"3일 국토교통부의 주택 통계에 따르면, 9월 전국 전월세 거래 23만745건 중 월세 비율은 65%(15만670건)를 차지했다.",high,N,-,Y,0,0,HCX-007,v1.6-early-kosis-context,2026-08-12,전월세 거래 비율,,N,,202309,M,,,,202309,,건,건,count,count,unspecified,,Y,Y,,,READY,ELIGIBLE,,,,,N
A2666-SP91F468293F,A2666-SP91F468293F-m3,A2666,"다 비싸졌다… 월세 상승률 10년래 최고, 물가도 껑충",45965.0,https://www.chosun.com/economy/economy_general/2025/11/04/LTSPY3AKDFGO3PYENJYCXAAWAU/,"3일 국토교통부의 주택 통계에 따르면, 9월 전국 전월세 거래 23만745건 중 월세 비율은 65%(15만670건)를 차지했다.","월세, 외식 물가 등이 크게 올라 생활비 부담이 커지는 것은 비정규직 근로자 등 서민의 생활고를 가중시키는 요인으로 꼽힌다.",정부가 6월 부동산 대출 규제를 발표한 이후 갭투자(전세를 낀 주택 매입) 수요가 줄어 신규 전세 공급이 줄면서 전세의 월세화가 가속화됐기 때문이다.,국내공식통계,Y,부동산,월세 거래 건수,"국토교통부, 주택 통계, 전월세 거래, 월세 비율",-,-,-,,-,-,-,202309,-,M,확정,15만670건,KOSIS_VALUE,hcx,월세 거래 건수,-,202309,M,hcx,현재값,150670,-,-,N,건,수준값,-,-,"3일 국토교통부의 주택 통계에 따르면, 9월 전국 전월세 거래 23만745건 중 월세 비율은 65%(15만670건)를 차지했다.",high,N,-,Y,0,0,HCX-007,v1.6-early-kosis-context,2026-08-12,전월세 거래 비율,,N,,202309,M,,,,202309,,건,건,count,count,unspecified,,Y,Y,,,READY,ELIGIBLE,,,,,N
A0956-SPE2BEDF44CB,A0956-SPE2BEDF44CB-m1,A0956,국내 휘발유값 9주만 1600원대로,45731.0,https://www.chosun.com/economy/industry-company/2025/03/15/ZMO5TXY5D5EMLDMQ2KD43O6NU4,"가격이 가장 높은 지역은 제주도로 직전 주보다 10.1원 하락한 1758.9원이었으며, 가격이 가장 낮은 대구는 전주 대비 18.9원 하락한 1664.5원이었다.",15일 한국석유공사 유가정보시스템 오피넷에 따르면 3월 둘째 주(9~13일) 전국 주유소 휘발유 평균 판매가는 L(리터)당 1699.9원으로 그 전주 대비 L당 15.9원 하락했다.,경유의 경우 평균 판매 가격은 전주 대비 16.6원 낮은 1565.3원을 기록했다.,국내공식통계,Y,물가,제주도 휘발유 평균 판매가 변화,"휘발유, 주유소, 평균 판매가, 제주도, 대구",-,-,-,제주도,-,-,-,202503,-,M,확정,10.1원,KOSIS_VALUE,hcx,제주도 휘발유 평균 판매가 변화,제주도,2025년 3월 둘째 주(9~13일),M,hcx,현재값,10.1,-,-,N,원,증감량,감소,전년동월,"가격이 가장 높은 지역은 제주도로 직전 주보다 10.1원 하락한 1758.9원이었으며, 가격이 가장 낮은 대구는 전주 대비 18.9원 하락한 1664.5원이었다.",high,N,-,Y,0,0,HCX-007,v1.6-early-kosis-context,2026-08-12,휘발유 평균 판매가,,N,,2025년 3월 둘째 주(9~13일),M,,,,2025년 3월 둘째 주(9~13일),,원,원,currency,absolute_change,item,202403,Y,Y,,,READY,ELIGIBLE,,,,,N
A0956-SPE2BEDF44CB,A0956-SPE2BEDF44CB-m2,A0956,국내 휘발유값 9주만 1600원대로,45731.0,https://www.chosun.com/economy/industry-company/2025/03/15/ZMO5TXY5D5EMLDMQ2KD43O6NU4,"가격이 가장 높은 지역은 제주도로 직전 주보다 10.1원 하락한 1758.9원이었으며, 가격이 가장 낮은 대구는 전주 대비 18.9원 하락한 1664.5원이었다.",15일 한국석유공사 유가정보시스템 오피넷에 따르면 3월 둘째 주(9~13일) 전국 주유소 휘발유 평균 판매가는 L(리터)당 1699.9원으로 그 전주 대비 L당 15.9원 하락했다.,경유의 경우 평균 판매 가격은 전주 대비 16.6원 낮은 1565.3원을 기록했다.,국내공식통계,Y,물가,제주도 휘발유 평균 판매가,"휘발유, 주유소, 평균 판매가, 제주도, 대구",-,-,-,제주도,-,-,-,202503,-,M,확정,1758.9원,KOSIS_VALUE,hcx,제주도 휘발유 평균 판매가,제주도,2025년 3월 둘째 주(9~13일),M,hcx,현재값,1758.9,-,-,N,원,수준값,감소,전년동월,"가격이 가장 높은 지역은 제주도로 직전 주보다 10.1원 하락한 1758.9원이었으며, 가격이 가장 낮은 대구는 전주 대비 18.9원 하락한 1664.5원이었다.",high,N,-,Y,0,0,HCX-007,v1.6-early-kosis-context,2026-08-12,휘발유 평균 판매가,,N,,2025년 3월 둘째 주(9~13일),M,,,,2025년 3월 둘째 주(9~13일),,원,원,currency,amount,item,,Y,Y,,,READY,ELIGIBLE,,,,,N
A0956-SPE2BEDF44CB,A0956-SPE2BEDF44CB-m3,A0956,국내 휘발유값 9주만 1600원대로,45731.0,https://www.chosun.com/economy/industry-company/2025/03/15/ZMO5TXY5D5EMLDMQ2KD43O6NU4,"가격이 가장 높은 지역은 제주도로 직전 주보다 10.1원 하락한 1758.9원이었으며, 가격이 가장 낮은 대구는 전주 대비 18.9원 하락한 1664.5원이었다.",15일 한국석유공사 유가정보시스템 오피넷에 따르면 3월 둘째 주(9~13일) 전국 주유소 휘발유 평균 판매가는 L(리터)당 1699.9원으로 그 전주 대비 L당 15.9원 하락했다.,경유의 경우 평균 판매 가격은 전주 대비 16.6원 낮은 1565.3원을 기록했다.,국내공식통계,Y,물가,대구 휘발유 평균 판매가 변화,"휘발유, 주유소, 평균 판매가, 제주도, 대구",-,-,-,대구,-,-,-,202503,-,M,확정,18.9원,KOSIS_VALUE,hcx,대구 휘발유 평균 판매가 변화,대구,2025년 3월 둘째 주(9~13일),M,hcx,현재값,18.9,-,-,N,원,증감량,감소,전년동월,"가격이 가장 높은 지역은 제주도로 직전 주보다 10.1원 하락한 1758.9원이었으며, 가격이 가장 낮은 대구는 전주 대비 18.9원 하락한 1664.5원이었다.",high,N,-,Y,0,0,HCX-007,v1.6-early-kosis-context,2026-08-12,휘발유 평균 판매가,,N,,2025년 3월 둘째 주(9~13일),M,,,,2025년 3월 둘째 주(9~13일),,원,원,currency,absolute_change,item,202403,Y,Y,,,READY,ELIGIBLE,,,,,N
A0956-SPE2BEDF44CB,A0956-SPE2BEDF44CB-m4,A0956,국내 휘발유값 9주만 1600원대로,45731.0,https://www.chosun.com/economy/industry-company/2025/03/15/ZMO5TXY5D5EMLDMQ2KD43O6NU4,"가격이 가장 높은 지역은 제주도로 직전 주보다 10.1원 하락한 1758.9원이었으며, 가격이 가장 낮은 대구는 전주 대비 18.9원 하락한 1664.5원이었다.",15일 한국석유공사 유가정보시스템 오피넷에 따르면 3월 둘째 주(9~13일) 전국 주유소 휘발유 평균 판매가는 L(리터)당 1699.9원으로 그 전주 대비 L당 15.9원 하락했다.,경유의 경우 평균 판매 가격은 전주 대비 16.6원 낮은 1565.3원을 기록했다.,국내공식통계,Y,물가,대구 휘발유 평균 판매가,"휘발유, 주유소, 평균 판매가, 제주도, 대구",-,-,-,대구,-,-,-,202503,-,M,확정,1664.5원,KOSIS_VALUE,hcx,대구 휘발유 평균 판매가,대구,2025년 3월 둘째 주(9~13일),M,hcx,현재값,1664.5,-,-,N,원,수준값,감소,전년동월,"가격이 가장 높은 지역은 제주도로 직전 주보다 10.1원 하락한 1758.9원이었으며, 가격이 가장 낮은 대구는 전주 대비 18.9원 하락한 1664.5원이었다.",high,N,-,Y,0,0,HCX-007,v1.6-early-kosis-context,2026-08-12,휘발유 평균 판매가,,N,,2025년 3월 둘째 주(9~13일),M,,,,2025년 3월 둘째 주(9~13일),,원,원,currency,amount,item,,Y,Y,,,READY,ELIGIBLE,,,,,N
A0956-SP35BCBD782A,A0956-SP35BCBD782A-m1,A0956,국내 휘발유값 9주만 1600원대로,45731.0,https://www.chosun.com/economy/industry-company/2025/03/15/ZMO5TXY5D5EMLDMQ2KD43O6NU4,경유의 경우 평균 판매 가격은 전주 대비 16.6원 낮은 1565.3원을 기록했다.,"가격이 가장 높은 지역은 제주도로 직전 주보다 10.1원 하락한 1758.9원이었으며, 가격이 가장 낮은 대구는 전주 대비 18.9원 하락한 1664.5원이었다.",원유 가격 역시 하락세여서 앞으로 이런 추세가 국내에도 더 이어질 전망이다.,국내공식통계,Y,물가,경유 평균 판매 가격 증감,"휘발유값, 경유, 평균 판매 가격, 전주 대비",-,-,-,,-,-,-,2025,-,Q,확정,16.6원,KOSIS_VALUE,hcx,경유 평균 판매 가격 증감,-,2025-03-09~2025-03-13,Q,hcx,현재값,16.6,-,-,N,원,증감량,감소,전월,경유의 경우 평균 판매 가격은 전주 대비 16.6원 낮은 1565.3원을 기록했다.,high,N,-,N,0,0,HCX-007,v1.6-early-kosis-context,2026-08-12,경유 평균 판매 가격,,N,,2025-03-09~2025-03-13,Q,,,,2025-03-09~2025-03-13,,원,원,currency,absolute_change,unspecified,,Y,Y,,,READY,ELIGIBLE,,,,,N
A0956-SP35BCBD782A,A0956-SP35BCBD782A-m2,A0956,국내 휘발유값 9주만 1600원대로,45731.0,https://www.chosun.com/economy/industry-company/2025/03/15/ZMO5TXY5D5EMLDMQ2KD43O6NU4,경유의 경우 평균 판매 가격은 전주 대비 16.6원 낮은 1565.3원을 기록했다.,"가격이 가장 높은 지역은 제주도로 직전 주보다 10.1원 하락한 1758.9원이었으며, 가격이 가장 낮은 대구는 전주 대비 18.9원 하락한 1664.5원이었다.",원유 가격 역시 하락세여서 앞으로 이런 추세가 국내에도 더 이어질 전망이다.,국내공식통계,Y,물가,경유 평균 판매 가격,"휘발유값, 경유, 평균 판매 가격, 전주 대비",-,-,-,,-,-,-,2025,-,Q,확정,1565.3원,KOSIS_VALUE,hcx,경유 평균 판매 가격,-,2025-03-09~2025-03-13,Q,hcx,현재값,1565.3,-,-,N,원,수준값,감소,전월,경유의 경우 평균 판매 가격은 전주 대비 16.6원 낮은 1565.3원을 기록했다.,high,N,-,N,0,0,HCX-007,v1.6-early-kosis-context,2026-08-12,경유 평균 판매 가격,,N,,2025-03-09~2025-03-13,Q,,,,2025-03-09~2025-03-13,,원,원,currency,amount,unspecified,,Y,Y,,,READY,ELIGIBLE,,,,,N
A1341-SP1D18743548,A1341-SP1D18743548-m2,A1341,고물가·관세 전쟁… 숙박·음식점업 22개월째 역대 최장 불황,45761.0,https://www.chosun.com/economy/economy_general/2025/04/14/WW7RNH5ORBEYPOK2PSGO5P6PBQ,"이 업종 취업자의 전년 동기 대비 감소 폭은 작년 2분기(2000명), 3분기(4만5000명), 4분기(8만9000명) 등으로 확대되는 추세를 보였다가, 올해 1분기에 감소 폭이 다소 줄었지만 감소세는 여전한 상황이다.",도소매와 숙박음식점업 취업자 수는 지난해 1분기에 전년 동기 대비 5000명 감소한 이후 5분기(1년 3개월) 연속으로 감소하고 있다.,이 같은 감소세는 코로나 확산기였던 2020년 1분기~2021년 4분기 동안 8분기 연속 하락한 이후 가장 긴 것이다.,국내공식통계,Y,고용,숙박·음식점업 취업자 수 변화,"숙박, 음식점업, 취업자, 감소, 불황",-,-,-,숙박·음식점업,-,-,-,2023,-,Q,확정,작년 3분기(4만5000명),KOSIS_VALUE,hcx,숙박·음식점업 취업자 수 변화,숙박·음식점업,2023Q3,Q,hcx,현재값,45000,-,-,N,명,수준값,감소,전분기,"이 업종 취업자의 전년 동기 대비 감소 폭은 작년 2분기(2000명), 3분기(4만5000명), 4분기(8만9000명) 등으로 확대되는 추세를 보였다가, 올해 1분기에 감소 폭이 다소 줄었지만 감소세는 여전한 상황이다.",high,N,-,N,0,0,HCX-007,v1.6-early-kosis-context,2026-08-12,숙박·음식점업 취업자 수,숙박·음식점업,N,,2024Q1,Q,,,,2023Q3,,명,명,person_count,count,person,,Y,Y,,,READY,ELIGIBLE,,,,,N
A1341-SP1D18743548,A1341-SP1D18743548-m3,A1341,고물가·관세 전쟁… 숙박·음식점업 22개월째 역대 최장 불황,45761.0,https://www.chosun.com/economy/economy_general/2025/04/14/WW7RNH5ORBEYPOK2PSGO5P6PBQ,"이 업종 취업자의 전년 동기 대비 감소 폭은 작년 2분기(2000명), 3분기(4만5000명), 4분기(8만9000명) 등으로 확대되는 추세를 보였다가, 올해 1분기에 감소 폭이 다소 줄었지만 감소세는 여전한 상황이다.",도소매와 숙박음식점업 취업자 수는 지난해 1분기에 전년 동기 대비 5000명 감소한 이후 5분기(1년 3개월) 연속으로 감소하고 있다.,이 같은 감소세는 코로나 확산기였던 2020년 1분기~2021년 4분기 동안 8분기 연속 하락한 이후 가장 긴 것이다.,국내공식통계,Y,고용,숙박·음식점업 취업자 수 변화,"숙박, 음식점업, 취업자, 감소, 불황",-,-,-,숙박·음식점업,-,-,-,2023,-,Q,확정,작년 4분기(8만9000명),KOSIS_VALUE,hcx,숙박·음식점업 취업자 수 변화,숙박·음식점업,2023Q4,Q,hcx,현재값,89000,-,-,N,명,수준값,감소,전분기,"이 업종 취업자의 전년 동기 대비 감소 폭은 작년 2분기(2000명), 3분기(4만5000명), 4분기(8만9000명) 등으로 확대되는 추세를 보였다가, 올해 1분기에 감소 폭이 다소 줄었지만 감소세는 여전한 상황이다.",high,N,-,N,0,0,HCX-007,v1.6-early-kosis-context,2026-08-12,숙박·음식점업 취업자 수,숙박·음식점업,N,,2024Q1,Q,,,,2023Q4,,명,명,person_count,count,person,,Y,Y,,,READY,ELIGIBLE,,,,,N
A0912-SPD1111F3FEA,A0912-SPD1111F3FEA-m1,A0912,"죽어야 받는 종신보험, 살아서 연금으로 받는다",45728.0,https://www.chosun.com/economy/economy_general/2025/03/12/32Q7YGKIPBCYDEMNFI43L3Z3LU,"통계청이 작년 12월 발표한 ‘2024년 가계금융복지조사 결과’에 따르면 은퇴한 가구의 월 최소 생활비(2인 기준)는 240만원, 적정 생활비는 월 336만원이다.",그럼에도 국민 절반 이상은 노후가 불안하다고 느낀다.,"그런데 생활비에 ‘여유 있다’는 답한 비율은 10.5%에 불과하고, 절반이 넘는 57%는 ‘부족하다’는 답했다.",국내공식통계,Y,소득·임금,월 최소 생활비,"은퇴, 가구, 월, 최소, 생활비, 적정",-,-,-,,은퇴한 가구,-,-,202412,-,M,확정,240만원,KOSIS_VALUE,hcx,월 최소 생활비,-,2024년 12월,M,hcx,현재값,2400000,-,-,N,원,수준값,-,전년,"통계청이 작년 12월 발표한 ‘2024년 가계금융복지조사 결과’에 따르면 은퇴한 가구의 월 최소 생활비(2인 기준)는 240만원, 적정 생활비는 월 336만원이다.",high,N,-,N,0,0,HCX-007,v1.6-early-kosis-context,2026-08-12,은퇴 가구 월 최소 생활비 및 적정 생활비,,N,,2024년 12월,M,,,,2024년 12월,,원,원,currency,amount,household,,Y,Y,,,READY,ELIGIBLE,,POSSIBLE_PRODUCT_PRICE,제품명으로 보이는 표현(‘2024년 가계금융복지조사 결과’) — 품목 통계인지 확인 필요,REVIEW,N
A0912-SPD1111F3FEA,A0912-SPD1111F3FEA-m2,A0912,"죽어야 받는 종신보험, 살아서 연금으로 받는다",45728.0,https://www.chosun.com/economy/economy_general/2025/03/12/32Q7YGKIPBCYDEMNFI43L3Z3LU,"통계청이 작년 12월 발표한 ‘2024년 가계금융복지조사 결과’에 따르면 은퇴한 가구의 월 최소 생활비(2인 기준)는 240만원, 적정 생활비는 월 336만원이다.",그럼에도 국민 절반 이상은 노후가 불안하다고 느낀다.,"그런데 생활비에 ‘여유 있다’는 답한 비율은 10.5%에 불과하고, 절반이 넘는 57%는 ‘부족하다’는 답했다.",국내공식통계,Y,소득·임금,월 적정 생활비,"은퇴, 가구, 월, 최소, 생활비, 적정",-,-,-,,은퇴한 가구,-,-,202412,-,M,확정,336만원,KOSIS_VALUE,hcx,월 적정 생활비,-,2024년 12월,M,hcx,현재값,3360000,-,-,N,원,수준값,-,전년,"통계청이 작년 12월 발표한 ‘2024년 가계금융복지조사 결과’에 따르면 은퇴한 가구의 월 최소 생활비(2인 기준)는 240만원, 적정 생활비는 월 336만원이다.",high,N,-,N,0,0,HCX-007,v1.6-early-kosis-context,2026-08-12,은퇴 가구 월 최소 생활비 및 적정 생활비,,N,,2024년 12월,M,,,,2024년 12월,,원,원,currency,amount,household,,Y,Y,,,READY,ELIGIBLE,,POSSIBLE_PRODUCT_PRICE,제품명으로 보이는 표현(‘2024년 가계금융복지조사 결과’) — 품목 통계인지 확인 필요,REVIEW,N
A0904-SP44BF876821,A0904-SP44BF876821-m1,A0904,내수 부진에… 자영업자 석달간 27만명 줄어,45727.0,https://www.chosun.com/economy/economy_general/2025/03/11/L2IHXUIB2JCKTHKYRWY6F3LLDQ,1월 주점업 생산의 낙폭도 6.7%에 달해 2021년 1월 이후 1월 기준 가장 낙폭이 컸다.,"통계청이 집계한 1월 음식점업 생산은 작년 같은 달보다 4.8% 떨어져, 코로나 유행 1주년인 2021년 1월(-32.3%) 이후 1월 기준 3년 만에 가장 큰 낙폭을 보였다.","이날 한국개발연구원(KDI)은 1, 2월에 이어 석 달 연속으로 “한국 경제에 하방 위험이 커지고 있다”고 했다.",국내공식통계,Y,소매·소비,주점업 생산,"주점업, 생산, 낙폭, 2021년 1월",-,-,-,주점업,-,-,-,202301,-,M,확정,6.7%,KOSIS_VALUE,hcx,주점업 생산,주점업,202301,M,hcx,현재값,6.7,-,-,N,%,비중,감소,전년동월,1월 주점업 생산의 낙폭도 6.7%에 달해 2021년 1월 이후 1월 기준 가장 낙폭이 컸다.,high,N,-,N,0,0,HCX-007,v1.6-early-kosis-context,2026-08-12,주점업 생산,주점업,N,,202301,M,,,,202301,,%,%,rate,level,item,,Y,Y,,,READY,ELIGIBLE,,,,,N
A1940-SPF9ECF92995,A1940-SPF9ECF92995-m1,A1940,1분기 가구당 月 소득 1년 새 4.5% 늘었지만 저소득층은 1.5% 줄어,45807.0,https://www.chosun.com/economy/economy_general/2025/05/30/PVQ5FXMBSFCETC4MIINOSK535M,"29일 통계청은 ’2025년 1분기 가계동향 조사 결과’에서, 올해 1분기 가구당 월평균 소득이 535만1000원으로 지난해 같은 기간 대비 4.5% 증가했다고 밝혔다.",또 소비 악화로 실질 소비 지출은 1년 9개월 만에 감소세로 돌아섰다.,가구당 월평균 소득은 2023년 2분기 0.8% 감소한 뒤 7분기 연속 증가했다.,국내공식통계,Y,소득·임금,가구당 월평균 소득,"1분기, 소득, 가구당, 저소득층, 증가, 감소",-,-,-,,-,-,-,202501,-,Q,확정,535만1000원,KOSIS_VALUE,hcx,가구당 월평균 소득,-,2025Q1,Q,hcx,현재값,5351000,-,-,N,원,수준값,증가,전년동기,"'2025년 1분기 가계동향 조사 결과’에서, 올해 1분기 가구당 월평균 소득이 535만1000원으로 지난해 같은 기간 대비 4.5% 증가했다고 밝혔다.",high,N,-,N,0,0,HCX-007,v1.6-early-kosis-context,2026-08-12,가구당 월평균 소득,,N,,2025Q1,Q,,,,2025Q1,,원,원,currency,amount,household,,Y,Y,,,READY,ELIGIBLE,,,,,N
A1940-SP992508E182,A1940-SP992508E182-m1,A1940,1분기 가구당 月 소득 1년 새 4.5% 늘었지만 저소득층은 1.5% 줄어,45807.0,https://www.chosun.com/economy/economy_general/2025/05/30/PVQ5FXMBSFCETC4MIINOSK535M,소득 하위 20%(1분위) 가구의 월평균 소득은 114만원으로 1년 전보다 1.5% 줄었다.,커졌다.,통계청은 “장기화된 내수 부진에 따른 자영업 악화 등으로 사업소득 등이 감소한 영향”이라고 설명했다.,국내공식통계,Y,소득·임금,하위 20% 가구 월평균 소득,"가구당 월평균 소득, 저소득층, 1분위, 소득 증가율",-,-,-,,소득 하위 20%,-,-,2025,-,Q,확정,114만원,KOSIS_VALUE,hcx,하위 20% 가구 월평균 소득,-,2025Q1,Q,hcx,현재값,1140000,-,-,N,원,수준값,감소,전년동기,소득 하위 20%(1분위) 가구의 월평균 소득은 114만원으로 1년 전보다 1.5% 줄었다.,high,Y,measurement_rule_fallback:1,Y,1,0,HCX-007,v1.6-early-kosis-context,2026-08-12,하위 20% 가구 월평균 소득,,N,,2025Q1,Q,,,,2025Q1,,원,원,currency,amount,household,,Y,Y,,,READY,ELIGIBLE,,,,,N
A1940-SP18E27B37F5,A1940-SP18E27B37F5-m1,A1940,1분기 가구당 月 소득 1년 새 4.5% 늘었지만 저소득층은 1.5% 줄어,45807.0,https://www.chosun.com/economy/economy_general/2025/05/30/PVQ5FXMBSFCETC4MIINOSK535M,반면 소득 상위 20%(5분위) 가구의 월평균 소득은 1188만4000원으로 1년 전보다 5.6% 늘었다.,통계청은 “장기화된 내수 부진에 따른 자영업 악화 등으로 사업소득 등이 감소한 영향”이라고 설명했다.,통계청은 “지난해 1분기 주요 기업 성과급 지급이 줄었던 기저 효과로 근로소득이 늘었다”고 했다.,국내공식통계,Y,소득·임금,가구 월평균 소득,"가구, 월평균 소득, 1분기, 소득 상위 20%, 소득 하위 20%",-,-,-,소득 상위 20%,-,-,-,2025,-,Q,확정,1188만4000원,KOSIS_VALUE,hcx,가구 월평균 소득,소득 상위 20%,2025Q1,Q,hcx,현재값,11884000,-,-,N,원,수준값,증가,전년동기,반면 소득 상위 20%(5분위) 가구의 월평균 소득은 1188만4000원으로 1년 전보다 5.6% 늘었다.,high,Y,measurement_rule_fallback:1,Y,1,0,HCX-007,v1.6-early-kosis-context,2026-08-12,가구 월평균 소득,,N,,2025Q1,Q,,,,2025Q1,,원,원,currency,amount,household,,Y,Y,,,READY,ELIGIBLE,,,,,N
A1940-SPC9571A8863,A1940-SPC9571A8863-m1,A1940,1분기 가구당 月 소득 1년 새 4.5% 늘었지만 저소득층은 1.5% 줄어,45807.0,https://www.chosun.com/economy/economy_general/2025/05/30/PVQ5FXMBSFCETC4MIINOSK535M,이에 가구원 수가 같다고 가정해 상위 20%의 소득이 하위 20%의 몇 배인지를 보여주는 지표인 균등화 처분가능소득 5분위 배율은 1분기 6.32배로 전년 같은 기간의 5.98배보다 올랐다.,통계청은 “지난해 1분기 주요 기업 성과급 지급이 줄었던 기저 효과로 근로소득이 늘었다”고 했다.,이 배율이 높아진다는 것은 분배 악화를 뜻한다.,국내공식통계,Y,소득·임금,균등화 처분가능소득 5분위 배율,"가구당, 월평균, 소득, 저소득층, 분배 지표",-,-,-,,-,-,-,2025,-,Q,확정,6.32배,KOSIS_VALUE,hcx,균등화 처분가능소득 5분위 배율,-,2025Q1,Q,hcx,현재값,6.32,-,-,N,배,수준값,증가,전년동기,이에 가구원 수가 같다고 가정해 상위 20%의 소득이 하위 20%의 몇 배인지를 보여주는 지표인 균등화 처분가능소득 5분위 배율은 1분기 6.32배로 전년 같은 기간의 5.98배보다 올랐다.,high,Y,measurement_period_ungrounded:1,Y,0,0,HCX-007,v1.6-early-kosis-context,2026-08-12,균등화 처분가능소득 5분위 배율,,N,,2025Q1,Q,,,,2025Q1,,배,배,multiple,multiple,household,,Y,Y,,,READY,ELIGIBLE,,,,,N
A1940-SPD1B979ACCA,A1940-SPD1B979ACCA-m1,A1940,1분기 가구당 月 소득 1년 새 4.5% 늘었지만 저소득층은 1.5% 줄어,45807.0,https://www.chosun.com/economy/economy_general/2025/05/30/PVQ5FXMBSFCETC4MIINOSK535M,"한편, 올해 1분기 가구당 월평균 소비 지출은 295만원으로 1년 전보다 1.4% 늘어나는 데 그쳤다.",이 배율이 높아진다는 것은 분배 악화를 뜻한다.,2020년 1분기 1.6% 이후 가장 낮은 증가 폭이다.,국내공식통계,Y,소매·소비,가구당 월평균 소비 지출,"가구당, 월평균, 소비 지출",-,-,-,,-,-,-,2025,-,Q,확정,295만원,KOSIS_VALUE,hcx,가구당 월평균 소비 지출,-,2025Q1,Q,hcx,현재값,2950000,-,-,N,원,수준값,증가,전년동기,올해 1분기 가구당 월평균 소비 지출은 295만원으로 1년 전보다 1.4% 늘어나는 데 그쳤다.,high,N,-,Y,0,0,HCX-007,v1.6-early-kosis-context,2026-08-12,가구당 월평균 소비 지출,,N,,2025Q1,Q,,,,2025Q1,,원,원,currency,amount,household,,Y,Y,,,READY,ELIGIBLE,,,,,N
A1119-SP2543B05A9F,A1119-SP2543B05A9F-m1,A1119,소득 적고 대출 많은 ‘취약 자영업자’ 40만명 넘어,45744.0,https://www.chosun.com/economy/economy_general/2025/03/28/57AJHECJ6FAVHERQLFRC6YFWKI,"작년에 비해 여러 곳에서 돈을 빌린 자영업자는 2만2000명이 줄었지만, 저소득(2만1000명), 저신용(4만7000명) 차주가 증가한 영향이다.",전체 자영업자 차주의 13.7%에 달한다.,"취약 자영업자는 2021년 말 28만1000명, 2022년 말 33만8000명, 2023년 말 39만6000명으로 계속 늘고 있다.",국내공식통계,Y,소득·임금,여러 곳에서 돈을 빌린 자영업자 감소,"취약 자영업자, 소득, 대출, 자영업자 차주",-,-,-,,자영업자,-,-,2024,-,Y,확정,2만2000명,KOSIS_VALUE,hcx,여러 곳에서 돈을 빌린 자영업자 감소,-,2023,Y,hcx,현재값,22000,-,-,N,명,수준값,감소,전년,"작년에 비해 여러 곳에서 돈을 빌린 자영업자는 2만2000명이 줄었지만, 저소득(2만1000명), 저신용(4만7000명) 차주가 증가한 영향이다.",high,N,-,N,0,0,HCX-007,v1.6-early-kosis-context,2026-08-12,취약 자영업자 수,,N,,2023,Y,,,,2023,RELATIVE_CLAIM_TO_PUBLICATION_YEAR,명,명,person_count,count,unspecified,,Y,Y,,,READY,ELIGIBLE,,,,,N
A1119-SP2543B05A9F,A1119-SP2543B05A9F-m2,A1119,소득 적고 대출 많은 ‘취약 자영업자’ 40만명 넘어,45744.0,https://www.chosun.com/economy/economy_general/2025/03/28/57AJHECJ6FAVHERQLFRC6YFWKI,"작년에 비해 여러 곳에서 돈을 빌린 자영업자는 2만2000명이 줄었지만, 저소득(2만1000명), 저신용(4만7000명) 차주가 증가한 영향이다.",전체 자영업자 차주의 13.7%에 달한다.,"취약 자영업자는 2021년 말 28만1000명, 2022년 말 33만8000명, 2023년 말 39만6000명으로 계속 늘고 있다.",국내공식통계,Y,소득·임금,저소득 자영업자 증가,"취약 자영업자, 소득, 대출, 자영업자 차주",-,-,-,,자영업자,-,-,2024,-,Y,확정,2만1000명,KOSIS_VALUE,hcx,저소득 자영업자 증가,-,2023,Y,hcx,현재값,21000,-,-,N,명,수준값,증가,전년,"작년에 비해 여러 곳에서 돈을 빌린 자영업자는 2만2000명이 줄었지만, 저소득(2만1000명), 저신용(4만7000명) 차주가 증가한 영향이다.",high,N,-,N,0,0,HCX-007,v1.6-early-kosis-context,2026-08-12,취약 자영업자 수,,N,,2023,Y,,,,2023,RELATIVE_CLAIM_TO_PUBLICATION_YEAR,명,명,person_count,count,unspecified,,Y,Y,,,READY,ELIGIBLE,,,,,N
A1119-SP2543B05A9F,A1119-SP2543B05A9F-m3,A1119,소득 적고 대출 많은 ‘취약 자영업자’ 40만명 넘어,45744.0,https://www.chosun.com/economy/economy_general/2025/03/28/57AJHECJ6FAVHERQLFRC6YFWKI,"작년에 비해 여러 곳에서 돈을 빌린 자영업자는 2만2000명이 줄었지만, 저소득(2만1000명), 저신용(4만7000명) 차주가 증가한 영향이다.",전체 자영업자 차주의 13.7%에 달한다.,"취약 자영업자는 2021년 말 28만1000명, 2022년 말 33만8000명, 2023년 말 39만6000명으로 계속 늘고 있다.",국내공식통계,Y,소득·임금,저신용 자영업자 증가,"취약 자영업자, 소득, 대출, 자영업자 차주",-,-,-,,자영업자,-,-,2024,-,Y,확정,4만7000명,KOSIS_VALUE,hcx,저신용 자영업자 증가,-,2023,Y,hcx,현재값,47000,-,-,N,명,수준값,증가,전년,"작년에 비해 여러 곳에서 돈을 빌린 자영업자는 2만2000명이 줄었지만, 저소득(2만1000명), 저신용(4만7000명) 차주가 증가한 영향이다.",high,N,-,N,0,0,HCX-007,v1.6-early-kosis-context,2026-08-12,취약 자영업자 수,,N,,2023,Y,,,,2023,RELATIVE_CLAIM_TO_PUBLICATION_YEAR,명,명,person_count,count,unspecified,,Y,Y,,,READY,ELIGIBLE,,,,,N
A1119-SP7F01C46C7D,A1119-SP7F01C46C7D-m1,A1119,소득 적고 대출 많은 ‘취약 자영업자’ 40만명 넘어,45744.0,https://www.chosun.com/economy/economy_general/2025/03/28/57AJHECJ6FAVHERQLFRC6YFWKI,"취약 자영업자는 2021년 말 28만1000명, 2022년 말 33만8000명, 2023년 말 39만6000명으로 계속 늘고 있다.","작년에 비해 여러 곳에서 돈을 빌린 자영업자는 2만2000명이 줄었지만, 저소득(2만1000명), 저신용(4만7000명) 차주가 증가한 영향이다.",이들이 빌린 금액도 작년 말 125조4000억원으로 전년(115조7000억원)보다 10조원 가까이 늘었다.,국내공식통계,Y,소득·임금,취약 자영업자 수,"취약 자영업자, 소득, 대출, 작년",-,-,-,,자영업자,-,-,2023,-,Y,확정,39만6000명,KOSIS_VALUE,hcx,취약 자영업자 수,-,2023,Y,hcx,현재값,396000,-,-,N,명,수준값,-,전년,"취약 자영업자는 2021년 말 28만1000명, 2022년 말 33만8000명, 2023년 말 39만6000명으로 계속 늘고 있다.",high,N,-,N,0,0,HCX-007,v1.6-early-kosis-context,2026-08-12,취약 자영업자 수,,N,,2023년 말,Y,,,,2023,,명,명,person_count,count,unspecified,,Y,Y,,,READY,ELIGIBLE,,,,,N
A1119-SPA76910D62E,A1119-SPA76910D62E-m1,A1119,소득 적고 대출 많은 ‘취약 자영업자’ 40만명 넘어,45744.0,https://www.chosun.com/economy/economy_general/2025/03/28/57AJHECJ6FAVHERQLFRC6YFWKI,이들이 빌린 금액도 작년 말 125조4000억원으로 전년(115조7000억원)보다 10조원 가까이 늘었다.,"취약 자영업자는 2021년 말 28만1000명, 2022년 말 33만8000명, 2023년 말 39만6000명으로 계속 늘고 있다.",빚이 있는 자영업자 중 연체한 사람들의 수도 2022년 하반기 이후 꾸준히 늘고 있다.,국내공식통계,Y,소득·임금,취약 자영업자 대출금액,"취약 자영업자, 대출, 작년, 작년 말",-,-,-,,자영업자,-,-,2024,-,Y,확정,125조4000억원,KOSIS_VALUE,hcx,취약 자영업자 대출금액,-,2023년 말,Y,hcx,현재값,125400000000000,-,-,N,원,수준값,증가,전년,[검증 대상 문장] 이들이 빌린 금액도 작년 말 125조4000억원으로 전년(115조7000억원)보다 10조원 가까이 늘었다.,high,N,-,Y,0,0,HCX-007,v1.6-early-kosis-context,2026-08-12,취약 자영업자 대출금액,,N,,2023년 말,Y,,,,2023년 말,RELATIVE_CLAIM_TO_PUBLICATION_YEAR,원,원,currency,amount,unspecified,,Y,Y,,,READY,ELIGIBLE,,,,,N
A1119-SPA76910D62E,A1119-SPA76910D62E-m3,A1119,소득 적고 대출 많은 ‘취약 자영업자’ 40만명 넘어,45744.0,https://www.chosun.com/economy/economy_general/2025/03/28/57AJHECJ6FAVHERQLFRC6YFWKI,이들이 빌린 금액도 작년 말 125조4000억원으로 전년(115조7000억원)보다 10조원 가까이 늘었다.,"취약 자영업자는 2021년 말 28만1000명, 2022년 말 33만8000명, 2023년 말 39만6000명으로 계속 늘고 있다.",빚이 있는 자영업자 중 연체한 사람들의 수도 2022년 하반기 이후 꾸준히 늘고 있다.,국내공식통계,Y,소득·임금,취약 자영업자 대출금액 증가,"취약 자영업자, 대출, 작년, 작년 말",-,-,-,,자영업자,-,-,2024,-,Y,확정,10조원,KOSIS_VALUE,hcx,취약 자영업자 대출금액 증가,-,2023년 말,Y,hcx,증감값,10000000000000,-,-,N,원,증감량,증가,전년,[검증 대상 문장] 이들이 빌린 금액도 작년 말 125조4000억원으로 전년(115조7000억원)보다 10조원 가까이 늘었다.,high,N,-,Y,0,0,HCX-007,v1.6-early-kosis-context,2026-08-12,취약 자영업자 대출금액,,N,,2023년 말,Y,,,,2023년 말,RELATIVE_CLAIM_TO_PUBLICATION_YEAR,원,원,currency,absolute_change,unspecified,2023,Y,Y,,,READY,ELIGIBLE,,,,,N
A0964-SPE9CD22D046,A0964-SPE9CD22D046-m1,A0964,"작년 300인 이상 기업 직원 평균연봉, 처음으로 7000만원 돌파",45732.0,https://www.chosun.com/economy/industry-company/2025/03/16/73DYMLAQCVF2XC4EFAYPF2YXPA,2020년(4222만원)과 비교해선 695만원(16.5%) 올랐다.,"16일 한국경영자총협회가 발표한 ‘2024년 사업체 임금 인상 특징 분석’에 따르면, 상용 근로자의 작년 연 임금 총액(4917만원)은 전년(4781만원) 대비 136만원(2.9%) 인상됐다.",상용 근로자는 고용 계약 기간이 정해지지 않거나 1년 이상인 임금 근로자다.,국내공식통계,Y,소득·임금,직원 평균연봉,"작년, 300인 이상 기업, 직원, 평균연봉, 첫, 7000만원",-,-,-,,상용 근로자,-,-,2020,-,Y,확정,4222만원,KOSIS_VALUE,hcx,직원 평균연봉,-,2020,Y,hcx,현재값,42220000,-,-,N,원,수준값,증가,전년,2020년(4222만원)과 비교해선 695만원(16.5%) 올랐다.,high,N,-,Y,0,0,HCX-007,v1.6-early-kosis-context,2026-08-12,직원 평균연봉,,N,,2024,Y,,,,2020,,원,원,currency,amount,unspecified,,Y,Y,,,READY,ELIGIBLE,,,,,N
A0964-SPE9CD22D046,A0964-SPE9CD22D046-m2,A0964,"작년 300인 이상 기업 직원 평균연봉, 처음으로 7000만원 돌파",45732.0,https://www.chosun.com/economy/industry-company/2025/03/16/73DYMLAQCVF2XC4EFAYPF2YXPA,2020년(4222만원)과 비교해선 695만원(16.5%) 올랐다.,"16일 한국경영자총협회가 발표한 ‘2024년 사업체 임금 인상 특징 분석’에 따르면, 상용 근로자의 작년 연 임금 총액(4917만원)은 전년(4781만원) 대비 136만원(2.9%) 인상됐다.",상용 근로자는 고용 계약 기간이 정해지지 않거나 1년 이상인 임금 근로자다.,국내공식통계,Y,소득·임금,직원 평균연봉,"작년, 300인 이상 기업, 직원, 평균연봉, 첫, 7000만원",-,-,-,,상용 근로자,-,-,2020,-,Y,확정,695만원,KOSIS_VALUE,hcx,직원 평균연봉,-,2020,Y,hcx,증감값,6950000,-,-,N,원,증감량,증가,전년,2020년(4222만원)과 비교해선 695만원(16.5%) 올랐다.,high,N,-,Y,0,0,HCX-007,v1.6-early-kosis-context,2026-08-12,직원 평균연봉,,N,,2024,Y,,,,2020,,원,원,currency,absolute_change,unspecified,2019,Y,Y,,,READY,ELIGIBLE,,,,,N
A0964-SP596B552885,A0964-SP596B552885-m1,A0964,"작년 300인 이상 기업 직원 평균연봉, 처음으로 7000만원 돌파",45732.0,https://www.chosun.com/economy/industry-company/2025/03/16/73DYMLAQCVF2XC4EFAYPF2YXPA,"300인 이상 사업체 연 임금총액은 2020년 5995만원으로 6000만원대에 근접한 이후, 2024년 처음으로 7000만원을 넘어섰다.","사업체 규모별로는, 작년 300인 미만 사업체의 연 임금총액은 4427만원, 300인 이상은 7121만원으로 각각 전년 대비 3.0%, 2.2% 늘었다.",작년 업종별 연 임금 총액은 전기·가스·증기업이 8870만원으로 가장 높았다.,국내공식통계,Y,소득·임금,300인 이상 사업체 연 임금총액,"작년, 300인 이상, 기업, 직원, 평균연봉, 처음으로, 7000만원",-,-,-,,-,-,-,2024,-,Y,확정,7000만원,KOSIS_VALUE,hcx,300인 이상 사업체 연 임금총액,-,2024,Y,hcx,현재값,70000000,-,-,N,원,수준값,증가,전년,"300인 이상 사업체 연 임금총액은 2020년 5995만원으로 6000만원대에 근접한 이후, 2024년 처음으로 7000만원을 넘어섰다.",high,N,-,Y,0,0,HCX-007,v1.6-early-kosis-context,2026-08-12,300인 이상 사업체 연 임금총액,,N,,2024,Y,,,,2024,,원,원,currency,amount,organization,,Y,Y,,,READY,ELIGIBLE,,,,,N
A0964-SP4FDD4BABAA,A0964-SP4FDD4BABAA-m1,A0964,"작년 300인 이상 기업 직원 평균연봉, 처음으로 7000만원 돌파",45732.0,https://www.chosun.com/economy/industry-company/2025/03/16/73DYMLAQCVF2XC4EFAYPF2YXPA,연 임금 총액이 가장 낮은 업종은 숙박·음식점업(3084만원)이었다.,2019년 이후 5년 만에 금융·보험업(8860만원)보다 높게 나타났다.,"또한, 최근 실제 근로 시간은 급격하게 감소하면서 시간당 임금은 연 임금총액보다 훨씬 높게 오른 것으로 분석됐다.",국내공식통계,Y,소득·임금,연 임금 총액,"작년, 300인 이상 기업, 직원, 평균연봉, 첫 돌파",-,-,-,숙박·음식점업,-,-,-,2024,-,Y,확정,3084만원,KOSIS_VALUE,hcx,연 임금 총액,숙박·음식점업,2024,Y,hcx,현재값,30840000,-,-,N,원,수준값,-,전년,연 임금 총액이 가장 낮은 업종은 숙박·음식점업(3084만원)이었다.,high,N,-,N,0,0,HCX-007,v1.6-early-kosis-context,2026-08-12,연 임금 총액,숙박·음식점업,N,,2024,Y,,,,2024,,원,원,currency,amount,item,,Y,Y,,,READY,ELIGIBLE,,,,,N
A0393-SP3E1B566FB8,A0393-SP3E1B566FB8-m2,A0393,볼보 순수 전기 SUV ‘EX30′ 1분기 국내 출시,45688.0,https://www.chosun.com/economy/auto/2025/01/31/IRFXHQ5WEVHDXB5EIF5BQC3UTA,특히 2023년에도 수입 SUV 시장에서 판매량 1위를 기록한 XC60은 지난해에도 5988대를 판매하며 1위 자리를 유지했다.,한편 지난해 볼보의 국내 시장 판매는 SUV가 이끈 것으로 나타났다.,세단과 SUV의 강점을 결합한 V60 크로스컨트리는 934대를 판매하면서 수입 왜건 판매 1위를 차지했다.,국내공식통계,N,소매·소비,XC60 판매량,"볼보, XC60, 수입 SUV, 판매량, 1위",-,-,-,XC60,-,-,-,2023,-,Y,확정,5988대,KOSIS_VALUE,hcx,XC60 판매량,XC60,2023,Y,hcx,현재값,5988,-,-,N,대,수준값,-,전년,[검증 대상 문장] 특히 2023년에도 수입 SUV 시장에서 판매량 1위를 기록한 XC60은 지난해에도 5988대를 판매하며 1위 자리를 유지했다.,high,N,-,N,0,0,HCX-007,v1.6-early-kosis-context,2026-08-12,수입 SUV 판매량,XC60,N,,2023,Y,,,,2023,,대,대,count,count,item,,Y,Y,,,READY,ELIGIBLE,,,,,N
A0361-SPB0D4FE646E,A0361-SPB0D4FE646E-m1,A0361,개팔자가 상팔자?... 이런 금융 상품까지 나왔다,45685.0,https://www.chosun.com/economy/money/2025/01/28/BAPA2QHTEJB5FJR7I65CC7YVDU,"KB경영연구소의 ‘2023 한국 반려동물 보고서’에 따르면 2022년 말 기준 한국에서 개, 고양이, 금붕어 등과 같은 반려동물을 기르는 ‘반려가구’는 552만 가구로 집계됐다. 지난 2020년 말(536만) 대비 2년 새 2.8% 증가했다.",이 배경엔 증가하는 반려동물 가구가 있다.,전체 가구에서 반려가구가 차지하는 비중도 25.7%로 4가구 중 1가구는 반려동물을 키우고 있다.,국내공식통계,N,인구,반려가구 수,"반려동물, 가구, 비중",-,-,-,,-,-,-,2022,-,Y,확정,552만 가구,KOSIS_VALUE,hcx,반려가구 수,-,2022년 말,Y,hcx,현재값,5520000,-,-,N,가구,수준값,증가,전년,"KB경영연구소의 ‘2023 한국 반려동물 보고서’에 따르면 2022년 말 기준 한국에서 개, 고양이, 금붕어 등과 같은 반려동물을 기르는 ‘반려가구’는 552만 가구로 집계됐다. 지난 2020년 말(536만) 대비 2년 새 2.8% 증가했다.",high,Y,measurement_rule_fallback:1,Y,1,0,HCX-007,v1.6-early-kosis-context,2026-08-12,반려가구 수,,N,,2022년 말,Y,,,,2022년 말,,가구,가구,count,count,household,,Y,Y,,,READY,ELIGIBLE,,,,,N
A0361-SPA3724A8868,A0361-SPA3724A8868-m1,A0361,개팔자가 상팔자?... 이런 금융 상품까지 나왔다,45685.0,https://www.chosun.com/economy/money/2025/01/28/BAPA2QHTEJB5FJR7I65CC7YVDU,"KB경영연구소의 ‘2023 한국 반려동물 보고서’에 따르면 2022년 말 기준 한국에서 개, 고양이, 금붕어 등과 같은 반려동물을 기르는 ‘반려가구’는 552만 가구로 집계됐다. 지난 2020년 말(536만) 대비 2년 새 2.8% 증가했다. 전체 가구에서 반려가구가 차지하는 비중도 25.7%로 4가구 중 1가구는 반려동물을 키우고 있다.",이 배경엔 증가하는 반려동물 가구가 있다.,-,국내공식통계,N,인구,반려가구 수,"반려동물, 가구, 비중",-,-,-,,-,-,-,2022,-,Y,확정,552만 가구,KOSIS_VALUE,hcx,반려가구 수,-,2022년 말,Y,hcx,현재값,5520000,-,-,N,가구,수준값,증가,전년,"KB경영연구소의 ‘2023 한국 반려동물 보고서’에 따르면 2022년 말 기준 한국에서 개, 고양이, 금붕어 등과 같은 반려동물을 기르는 ‘반려가구’는 552만 가구로 집계됐다. 지난 2020년 말(536만) 대비 2년 새 2.8% 증가했다. 전체 가구에서 반려가구가 차지하는 비중도 25.7%로 4가구 중 1가구는 반려동물을 키우고 있다.",high,Y,measurement_rule_fallback:2,Y,2,0,HCX-007,v1.6-early-kosis-context,2026-08-12,반려가구 수,,N,,2022년 말,Y,,,,2022년 말,,가구,가구,count,count,household,,Y,Y,,,READY,ELIGIBLE,,,,,N
A1160-SPB9505E0B3F,A1160-SPB9505E0B3F-m2,A1160,“필라테스 먹튀 주의보… 이용료 카드 할부결제를”,45747.0,https://www.chosun.com/economy/economy_general/2025/03/31/6VYTVHCS5FELBDG6SCFXHJMJXY,"30일 한국소비자원은 필라테스 피해 구제 신청이 2021년 662건에서 2023년 1021건, 지난해 1036건으로 가파르게 늘었다고 밝혔다.",최근 필라테스의 갑작스러운 폐업이 늘면서 소비자들이 이용료를 돌려받지 못하는 피해가 급증하고 있다.,"특히, 피해 구제 신청 중 ‘폐업 후 이용료 미반환 및 환급 지연’ 관련 피해는 지난해 142건이 접수돼 2021년(11건) 대비 12.9배 증가했다.",국내공식통계,N,보건·복지,필라테스 피해 구제 신청 건수,"필라테스, 피해, 구제 신청, 소비자원",-,-,-,,-,-,-,2023,-,Y,확정,1021건,KOSIS_VALUE,hcx,필라테스 피해 구제 신청 건수,-,2023,Y,hcx,현재값,1021,-,-,N,건,수준값,증가,전년,"30일 한국소비자원은 필라테스 피해 구제 신청이 2021년 662건에서 2023년 1021건, 지난해 1036건으로 가파르게 늘었다고 밝혔다.",high,N,-,Y,0,0,HCX-007,v1.6-early-kosis-context,2026-08-12,필라테스 피해 구제 신청 건수,,N,,2023,Y,,,,2023,,건,건,count,count,unspecified,,Y,Y,,,READY,ELIGIBLE,,,,,N
A1160-SPB9505E0B3F,A1160-SPB9505E0B3F-m3,A1160,“필라테스 먹튀 주의보… 이용료 카드 할부결제를”,45747.0,https://www.chosun.com/economy/economy_general/2025/03/31/6VYTVHCS5FELBDG6SCFXHJMJXY,"30일 한국소비자원은 필라테스 피해 구제 신청이 2021년 662건에서 2023년 1021건, 지난해 1036건으로 가파르게 늘었다고 밝혔다.",최근 필라테스의 갑작스러운 폐업이 늘면서 소비자들이 이용료를 돌려받지 못하는 피해가 급증하고 있다.,"특히, 피해 구제 신청 중 ‘폐업 후 이용료 미반환 및 환급 지연’ 관련 피해는 지난해 142건이 접수돼 2021년(11건) 대비 12.9배 증가했다.",국내공식통계,N,보건·복지,필라테스 피해 구제 신청 건수,"필라테스, 피해, 구제 신청, 소비자원",-,-,-,,-,-,-,2023,-,Y,확정,1036건,KOSIS_VALUE,hcx,필라테스 피해 구제 신청 건수,-,2023,Y,hcx,현재값,1036,-,-,N,건,수준값,증가,전년,"30일 한국소비자원은 필라테스 피해 구제 신청이 2021년 662건에서 2023년 1021건, 지난해 1036건으로 가파르게 늘었다고 밝혔다.",high,N,-,Y,0,0,HCX-007,v1.6-early-kosis-context,2026-08-12,필라테스 피해 구제 신청 건수,,N,,2023,Y,,,,2023,,건,건,count,count,unspecified,,Y,Y,,,READY,ELIGIBLE,,,,,N
A1160-SPCD20284EE8,A1160-SPCD20284EE8-m1,A1160,“필라테스 먹튀 주의보… 이용료 카드 할부결제를”,45747.0,https://www.chosun.com/economy/economy_general/2025/03/31/6VYTVHCS5FELBDG6SCFXHJMJXY,"특히, 피해 구제 신청 중 ‘폐업 후 이용료 미반환 및 환급 지연’ 관련 피해는 지난해 142건이 접수돼 2021년(11건) 대비 12.9배 증가했다.","30일 한국소비자원은 필라테스 피해 구제 신청이 2021년 662건에서 2023년 1021건, 지난해 1036건으로 가파르게 늘었다고 밝혔다.",한편 2021년부터 올해 1월까지 접수된 필라테스 피해 구제 신청은 총 3635건이었다.,국내공식통계,N,보건·복지,피해 구제 신청 건수,"필라테스, 피해, 구제 신청, 미반환, 환급 지연",-,-,-,,-,-,-,2023,-,Y,확정,142건,KOSIS_VALUE,hcx,피해 구제 신청 건수,-,2023,Y,hcx,현재값,142,-,-,N,건,수준값,증가,전년,"특히, 피해 구제 신청 중 ‘폐업 후 이용료 미반환 및 환급 지연’ 관련 피해는 지난해 142건이 접수돼 2021년(11건) 대비 12.9배 증가했다.",high,N,-,N,0,0,HCX-007,v1.6-early-kosis-context,2026-08-12,피해 구제 신청 건수,,N,,2023,Y,,,,2023,,건,건,count,count,unspecified,,Y,Y,,,READY,ELIGIBLE,,,,,N
