claim_id,claim_measurement_id,indicator,metric_domain,industry_or_item,value,unit,raw_unit,unit_dimension,semantic_type,entity_type,value_type,measurement_role,measurement_usage,period,prd_se,change_base,comparison_period,candidate_rank,candidate_score,candidate_runner_up_score,candidate_status,candidate_status_code,candidate_status_reason,candidate_hits,retrieval_backend,lexical_score,lexical_eligible,semantic_score,reranker_score,fusion_score,table_override_rule,mapping_override_rule,org_id,tbl_id,tbl_name,stat_id,category_path,meta_candidates,selected_itm_id,selected_itm_name,selected_itm_unit,selected_itm_score,selected_obj_l1_axis_id,selected_obj_l1_axis_name,selected_obj_l1,selected_obj_l1_name,selected_obj_l1_score,selected_obj_l2_axis_id,selected_obj_l2_axis_name,selected_obj_l2,selected_obj_l2_name,selected_obj_l2_score,selected_obj_l3_axis_id,selected_obj_l3_axis_name,selected_obj_l3,selected_obj_l3_name,selected_obj_l3_score,selected_obj_l4_axis_id,selected_obj_l4_axis_name,selected_obj_l4,selected_obj_l4_name,selected_obj_l4_score,selected_obj_l5_axis_id,selected_obj_l5_axis_name,selected_obj_l5,selected_obj_l5_name,selected_obj_l5_score,selected_obj_l6_axis_id,selected_obj_l6_axis_name,selected_obj_l6,selected_obj_l6_name,selected_obj_l6_score,selected_obj_l7_axis_id,selected_obj_l7_axis_name,selected_obj_l7,selected_obj_l7_name,selected_obj_l7_score,selected_obj_l8_axis_id,selected_obj_l8_axis_name,selected_obj_l8,selected_obj_l8_name,selected_obj_l8_score,selected_code_status,mapping_type,unit_compatibility_reason,claim_text
A0004-SPA7D22E3B0B,A0004-SPA7D22E3B0B-m1,로봇 밀도,생산·산업,-,1012,대,대,count,count,unspecified,수준값,현재값,KOSIS_VALUE,2023,Y,전년,,1,662,589,TABLE_ONLY,META_NOT_LOADED,통계표 메타 조회 전 후보,"로봇,2023년",hybrid+reranker,169,Y,0.6669903993606567,0.40745124220848083,0.7990196078431372,,,164,DT_164004_2023029,지능형 기기 이용 빈도_지능형 로봇,2022035,지능정보사회이용자패널조사 > 2023년 > 지능정보기술·서비스의 이용 현황 및 지능정보화 환경 평가,meta_index 없음 또는 코드명 매칭 없음,,,,,,,,,,,,,,,,,,,,,,,,,,,,,,,,,,,,,,,,,,,,,meta 없음,,,국제로봇연맹(IFR)에 따르면 2023년 우리나라는 직원 1만명당 로봇 1012대를 쓰는 나라였다.
A0004-SPA7D22E3B0B,A0004-SPA7D22E3B0B-m1,로봇 밀도,생산·산업,-,1012,대,대,count,count,unspecified,수준값,현재값,KOSIS_VALUE,2023,Y,전년,,2,589,,ALTERNATE,NOT_TOP_TABLE,후순위 통계표 후보,"로봇,2023년",hybrid+reranker,169,Y,0.6526831388473511,0.2747403681278229,0.758237716975581,,,164,DT_164004_2023035,지능형 기기 이용 의도_지능형 로봇,2022035,지능정보사회이용자패널조사 > 2023년 > 지능정보기술·서비스의 이용 현황 및 지능정보화 환경 평가,meta_index 없음 또는 코드명 매칭 없음,,,,,,,,,,,,,,,,,,,,,,,,,,,,,,,,,,,,,,,,,,,,,meta 없음,,,국제로봇연맹(IFR)에 따르면 2023년 우리나라는 직원 1만명당 로봇 1012대를 쓰는 나라였다.
A0004-SPA7D22E3B0B,A0004-SPA7D22E3B0B-m1,로봇 밀도,생산·산업,-,1012,대,대,count,count,unspecified,수준값,현재값,KOSIS_VALUE,2023,Y,전년,,3,533,,ALTERNATE,NOT_TOP_TABLE,후순위 통계표 후보,"로봇,2023년",hybrid+reranker,169,Y,0.6355192065238953,0.3041450083255768,0.6563644688644689,,,164,DT_164004_2023041,지능형 기기에 대한 기대 수준_지능형 로봇,2022035,지능정보사회이용자패널조사 > 2023년 > 지능정보기술·서비스의 이용 현황 및 지능정보화 환경 평가,meta_index 없음 또는 코드명 매칭 없음,,,,,,,,,,,,,,,,,,,,,,,,,,,,,,,,,,,,,,,,,,,,,meta 없음,,,국제로봇연맹(IFR)에 따르면 2023년 우리나라는 직원 1만명당 로봇 1012대를 쓰는 나라였다.
A0004-SPA7D22E3B0B,A0004-SPA7D22E3B0B-m1,로봇 밀도,생산·산업,-,1012,대,대,count,count,unspecified,수준값,현재값,KOSIS_VALUE,2023,Y,전년,,4,491,,ALTERNATE,NOT_TOP_TABLE,후순위 통계표 후보,"로봇,2023년",hybrid+reranker,169,Y,0.6204703450202942,0.22953522205352783,0.6321413230240549,,,395,DT_395N_S2022268,디지털 신기술별 중요도: 로봇공학,2003024,한국기업혁신조사 > 2023년도 조사(서비스 부문) > 디지털전환 > 디지털 신기술별 중요도,meta_index 없음 또는 코드명 매칭 없음,,,,,,,,,,,,,,,,,,,,,,,,,,,,,,,,,,,,,,,,,,,,,meta 없음,,,국제로봇연맹(IFR)에 따르면 2023년 우리나라는 직원 1만명당 로봇 1012대를 쓰는 나라였다.
A0004-SPA7D22E3B0B,A0004-SPA7D22E3B0B-m1,로봇 밀도,생산·산업,-,1012,대,대,count,count,unspecified,수준값,현재값,KOSIS_VALUE,2023,Y,전년,,5,458,,ALTERNATE,NOT_TOP_TABLE,후순위 통계표 후보,"로봇,산업,생산,제조업",hybrid+reranker,256,Y,,0.38133475184440613,0.5,,,401,DT_373002_001,"제조업용 로봇 생산 현황_기계구조, 적용산업별",2006203,로봇산업실태조사,meta_index 없음 또는 코드명 매칭 없음,,,,,,,,,,,,,,,,,,,,,,,,,,,,,,,,,,,,,,,,,,,,,meta 없음,,,국제로봇연맹(IFR)에 따르면 2023년 우리나라는 직원 1만명당 로봇 1012대를 쓰는 나라였다.
A0004-SPEFA6291F73,A0004-SPEFA6291F73-m1,로봇 밀도,생산·산업,-,162,대,대,count,count,unspecified,수준값,현재값,KOSIS_VALUE,2023,Y,전년,,1,598,586,TABLE_ONLY,META_NOT_LOADED,통계표 메타 조회 전 후보,"로봇,산업",hybrid+reranker,212,Y,0.613266110420227,0.15040279924869537,0.8395550527903468,,,401,DT_401N_008,로봇산업 분야 직무별 종사자 수,2006203,로봇산업실태조사,meta_index 없음 또는 코드명 매칭 없음,,,,,,,,,,,,,,,,,,,,,,,,,,,,,,,,,,,,,,,,,,,,,meta 없음,,,전 세계 평균(1만명당 162대)의 6배가 넘는 수치다.
A0004-SPEFA6291F73,A0004-SPEFA6291F73-m1,로봇 밀도,생산·산업,-,162,대,대,count,count,unspecified,수준값,현재값,KOSIS_VALUE,2023,Y,전년,,2,586,,ALTERNATE,NOT_TOP_TABLE,후순위 통계표 후보,"로봇,산업",hybrid+reranker,212,Y,0.6226906776428223,0.13318955898284912,0.8302777777777778,,,401,DT_401001_007,로봇산업 인력 현황(전체),2006203,로봇산업실태조사,meta_index 없음 또는 코드명 매칭 없음,,,,,,,,,,,,,,,,,,,,,,,,,,,,,,,,,,,,,,,,,,,,,meta 없음,,,전 세계 평균(1만명당 162대)의 6배가 넘는 수치다.
A0004-SPEFA6291F73,A0004-SPEFA6291F73-m1,로봇 밀도,생산·산업,-,162,대,대,count,count,unspecified,수준값,현재값,KOSIS_VALUE,2023,Y,전년,,3,566,,ALTERNATE,NOT_TOP_TABLE,후순위 통계표 후보,"로봇,공장",hybrid+reranker,170,Y,0.6126980781555176,0.29624688625335693,0.7105440344734716,,,336,DT_336003N_ICT_004,전체 자동화 설비 중 제조용 로봇의 비율,2006021,사업체패널조사 > 자동차와 스마트공장,meta_index 없음 또는 코드명 매칭 없음,,,,,,,,,,,,,,,,,,,,,,,,,,,,,,,,,,,,,,,,,,,,,meta 없음,,,전 세계 평균(1만명당 162대)의 6배가 넘는 수치다.
A0004-SPEFA6291F73,A0004-SPEFA6291F73-m1,로봇 밀도,생산·산업,-,162,대,대,count,count,unspecified,수준값,현재값,KOSIS_VALUE,2023,Y,전년,,4,555,,ALTERNATE,NOT_TOP_TABLE,후순위 통계표 후보,"로봇,산업",hybrid+reranker,188,Y,0.611078143119812,0.20260091125965118,0.744345238095238,,,401,DT_401N_017,로봇관련 연구개발 실적,2006203,로봇산업실태조사,meta_index 없음 또는 코드명 매칭 없음,,,,,,,,,,,,,,,,,,,,,,,,,,,,,,,,,,,,,,,,,,,,,meta 없음,,,전 세계 평균(1만명당 162대)의 6배가 넘는 수치다.
A0004-SPEFA6291F73,A0004-SPEFA6291F73-m1,로봇 밀도,생산·산업,-,162,대,대,count,count,unspecified,수준값,현재값,KOSIS_VALUE,2023,Y,전년,,5,537,,ALTERNATE,NOT_TOP_TABLE,후순위 통계표 후보,"로봇,산업",hybrid+reranker,212,Y,0.6135406494140625,0.0616496242582798,0.7923414304993252,,,401,DT_373002_005,로봇산업 직무별 인력 현황,2006203,로봇산업실태조사,meta_index 없음 또는 코드명 매칭 없음,,,,,,,,,,,,,,,,,,,,,,,,,,,,,,,,,,,,,,,,,,,,,meta 없음,,,전 세계 평균(1만명당 162대)의 6배가 넘는 수치다.
A0004-SP5B2108834A,A0004-SP5B2108834A-m2,로봇 밀도 증가율,생산·산업,-,5,%,%,rate,rate_change,unspecified,증감률,증감률,KOSIS_VALUE,2018,Y,전년동월,2017,1,711,660,TABLE_ONLY,META_NOT_LOADED,통계표 메타 조회 전 후보,"로봇,자동화",hybrid+reranker,182,Y,0.5844792127609253,0.7937461733818054,0.6668458781362007,,,336,DT_336003N_ICT_004,전체 자동화 설비 중 제조용 로봇의 비율,2006021,사업체패널조사 > 자동차와 스마트공장,meta_index 없음 또는 코드명 매칭 없음,,,,,,,,,,,,,,,,,,,,,,,,,,,,,,,,,,,,,,,,,,,,,meta 없음,,,"우리나라는 로봇 밀도 1위 나라일 뿐 아니라, 지난 2018년 이후로 매년 5%씩 성장한 유일한 나라이기도 하다."
A0004-SP5B2108834A,A0004-SP5B2108834A-m2,로봇 밀도 증가율,생산·산업,-,5,%,%,rate,rate_change,unspecified,증감률,증감률,KOSIS_VALUE,2018,Y,전년동월,2017,2,660,,ALTERNATE,NOT_TOP_TABLE,후순위 통계표 후보,로봇,hybrid+reranker,164,Y,0.6103841066360474,0.402450829744339,0.7985599738177056,,,395,DT_395N_S2024295,디지털 전환(DX) 도입 목적: 로봇,2003024,한국기업혁신조사 > 2025년도 조사(서비스 부문) > 디지털 전환 > 디지털 전환(DX) 도입 목적,meta_index 없음 또는 코드명 매칭 없음,,,,,,,,,,,,,,,,,,,,,,,,,,,,,,,,,,,,,,,,,,,,,meta 없음,,,"우리나라는 로봇 밀도 1위 나라일 뿐 아니라, 지난 2018년 이후로 매년 5%씩 성장한 유일한 나라이기도 하다."
A0004-SP5B2108834A,A0004-SP5B2108834A-m2,로봇 밀도 증가율,생산·산업,-,5,%,%,rate,rate_change,unspecified,증감률,증감률,KOSIS_VALUE,2018,Y,전년동월,2017,3,648,,ALTERNATE,NOT_TOP_TABLE,후순위 통계표 후보,로봇,hybrid+reranker,164,Y,0.6294078826904297,0.3845653831958771,0.7904761904761904,,,164,DT_164004_2024273,"인공지능에 대한 인식_인공지능과 로봇은 높은 정확도를 가지고 있어, 기계가 제공하는 정보는 사람보다 오류가 적은 경향이 있다",2022035,지능정보사회이용자패널조사 > 2024년 > 사회환경적 요인,meta_index 없음 또는 코드명 매칭 없음,,,,,,,,,,,,,,,,,,,,,,,,,,,,,,,,,,,,,,,,,,,,,meta 없음,,,"우리나라는 로봇 밀도 1위 나라일 뿐 아니라, 지난 2018년 이후로 매년 5%씩 성장한 유일한 나라이기도 하다."
A0004-SP5B2108834A,A0004-SP5B2108834A-m2,로봇 밀도 증가율,생산·산업,-,5,%,%,rate,rate_change,unspecified,증감률,증감률,KOSIS_VALUE,2018,Y,전년동월,2017,4,642,,ALTERNATE,NOT_TOP_TABLE,후순위 통계표 후보,"로봇,산업",hybrid+reranker,188,Y,0.5888254642486572,0.468395471572876,0.7349397590361446,,,401,DT_401N_021,로봇 단품 및 부품 국가별 수입 현황,2006203,로봇산업실태조사,meta_index 없음 또는 코드명 매칭 없음,,,,,,,,,,,,,,,,,,,,,,,,,,,,,,,,,,,,,,,,,,,,,meta 없음,,,"우리나라는 로봇 밀도 1위 나라일 뿐 아니라, 지난 2018년 이후로 매년 5%씩 성장한 유일한 나라이기도 하다."
A0004-SP5B2108834A,A0004-SP5B2108834A-m2,로봇 밀도 증가율,생산·산업,-,5,%,%,rate,rate_change,unspecified,증감률,증감률,KOSIS_VALUE,2018,Y,전년동월,2017,5,633,,ALTERNATE,NOT_TOP_TABLE,후순위 통계표 후보,로봇,hybrid+reranker,164,Y,0.6064843535423279,0.37227699160575867,0.7733457019171304,,,395,DT_395N_S2024286,디지털 전환(DX) 도입 여부/계획: 로봇,2003024,한국기업혁신조사 > 2025년도 조사(서비스 부문) > 디지털 전환 > 디지털 전환(DX) 도입 여부,meta_index 없음 또는 코드명 매칭 없음,,,,,,,,,,,,,,,,,,,,,,,,,,,,,,,,,,,,,,,,,,,,,meta 없음,,,"우리나라는 로봇 밀도 1위 나라일 뿐 아니라, 지난 2018년 이후로 매년 5%씩 성장한 유일한 나라이기도 하다."
A0004-SP7C04DFBFD3,A0004-SP7C04DFBFD3-m1,로봇화에 뛰어든 기업의 수,무역,-,13,%,%,rate,rate_change,organization,증감률,증감률,KOSIS_VALUE,2019,Y,전년,2018,1,933,927,TABLE_ONLY,META_NOT_LOADED,통계표 메타 조회 전 후보,"로봇,기업",hybrid+reranker,154,Y,0.7037147879600525,0.9908744096755981,0.9013157894736842,,,395,DT_395N_S2022277,디지털 신기술별 도입 여부: 로봇공학,2003024,한국기업혁신조사 > 2023년도 조사(서비스 부문) > 디지털전환 > 디지털 신기술별 도입 여부,meta_index 없음 또는 코드명 매칭 없음,,,,,,,,,,,,,,,,,,,,,,,,,,,,,,,,,,,,,,,,,,,,,meta 없음,,,한국로봇산업진흥원에 따르면 2023년까지 로봇화에 뛰어든 우리 기업은 2524곳으로 지난 2019년보다 13%가량 증가했다.
A0004-SP7C04DFBFD3,A0004-SP7C04DFBFD3-m1,로봇화에 뛰어든 기업의 수,무역,-,13,%,%,rate,rate_change,organization,증감률,증감률,KOSIS_VALUE,2019,Y,전년,2018,2,927,,ALTERNATE,NOT_TOP_TABLE,후순위 통계표 후보,"로봇,기업,제조업",hybrid+reranker,160,Y,0.6874141097068787,0.988447368144989,0.8943707191780821,,,395,DT_395N_I2021277,디지털 신기술별 도입 여부: 로봇공학,2003024,한국기업혁신조사 > 2022년도 조사(제조업 부문) > 디지털전환 > 디지털 신기술별 도입 여부,meta_index 없음 또는 코드명 매칭 없음,,,,,,,,,,,,,,,,,,,,,,,,,,,,,,,,,,,,,,,,,,,,,meta 없음,,,한국로봇산업진흥원에 따르면 2023년까지 로봇화에 뛰어든 우리 기업은 2524곳으로 지난 2019년보다 13%가량 증가했다.
A0004-SP7C04DFBFD3,A0004-SP7C04DFBFD3-m1,로봇화에 뛰어든 기업의 수,무역,-,13,%,%,rate,rate_change,organization,증감률,증감률,KOSIS_VALUE,2019,Y,전년,2018,3,916,,ALTERNATE,NOT_TOP_TABLE,후순위 통계표 후보,"로봇,기업",hybrid+reranker,154,Y,0.701505184173584,0.9866234660148621,0.8780114332380562,,,395,DT_395N_S2024286,디지털 전환(DX) 도입 여부/계획: 로봇,2003024,한국기업혁신조사 > 2025년도 조사(서비스 부문) > 디지털 전환 > 디지털 전환(DX) 도입 여부,meta_index 없음 또는 코드명 매칭 없음,,,,,,,,,,,,,,,,,,,,,,,,,,,,,,,,,,,,,,,,,,,,,meta 없음,,,한국로봇산업진흥원에 따르면 2023년까지 로봇화에 뛰어든 우리 기업은 2524곳으로 지난 2019년보다 13%가량 증가했다.
A0004-SP7C04DFBFD3,A0004-SP7C04DFBFD3-m1,로봇화에 뛰어든 기업의 수,무역,-,13,%,%,rate,rate_change,organization,증감률,증감률,KOSIS_VALUE,2019,Y,전년,2018,4,913,,ALTERNATE,NOT_TOP_TABLE,후순위 통계표 후보,"로봇,기업",hybrid+reranker,154,Y,0.6899733543395996,0.9846346974372864,0.875152625152625,,,395,DT_395N_S2024295,디지털 전환(DX) 도입 목적: 로봇,2003024,한국기업혁신조사 > 2025년도 조사(서비스 부문) > 디지털 전환 > 디지털 전환(DX) 도입 목적,meta_index 없음 또는 코드명 매칭 없음,,,,,,,,,,,,,,,,,,,,,,,,,,,,,,,,,,,,,,,,,,,,,meta 없음,,,한국로봇산업진흥원에 따르면 2023년까지 로봇화에 뛰어든 우리 기업은 2524곳으로 지난 2019년보다 13%가량 증가했다.
A0004-SP7C04DFBFD3,A0004-SP7C04DFBFD3-m1,로봇화에 뛰어든 기업의 수,무역,-,13,%,%,rate,rate_change,organization,증감률,증감률,KOSIS_VALUE,2019,Y,전년,2018,5,909,,ALTERNATE,NOT_TOP_TABLE,후순위 통계표 후보,"로봇,기업",hybrid+reranker,154,Y,0.6641227602958679,0.9904406070709229,0.8653346653346653,,,395,DT_395N_S2022268,디지털 신기술별 중요도: 로봇공학,2003024,한국기업혁신조사 > 2023년도 조사(서비스 부문) > 디지털전환 > 디지털 신기술별 중요도,meta_index 없음 또는 코드명 매칭 없음,,,,,,,,,,,,,,,,,,,,,,,,,,,,,,,,,,,,,,,,,,,,,meta 없음,,,한국로봇산업진흥원에 따르면 2023년까지 로봇화에 뛰어든 우리 기업은 2524곳으로 지난 2019년보다 13%가량 증가했다.
A0005-SP4D2596C117,A0005-SP4D2596C117-m1,전시 분야 비중,소매·소비,생활가전,18,%,%,rate,level,item,비중,현재값,KOSIS_VALUE,2025,Y,전년,,1,499,492,TABLE_ONLY,META_NOT_LOADED,통계표 메타 조회 전 후보,"전시,서비스,판매",hybrid+reranker,196,Y,,0.6045156717300415,0.44202898550724634,,,430,DT_430001_04_004,전시 서비스 사업자의 판매 경로별 매출 현황,2016059,전시산업통계조사 > 전시 서비스 사업자 현황,meta_index 없음 또는 코드명 매칭 없음,,,,,,,,,,,,,,,,,,,,,,,,,,,,,,,,,,,,,,,,,,,,,meta 없음,,,"분야는 생활가전(18%) 디지털헬스(17%), 인공지능(16%), 스마트 홈(12%) 순으로 집계됐다."
A0005-SP4D2596C117,A0005-SP4D2596C117-m1,전시 분야 비중,소매·소비,생활가전,18,%,%,rate,level,item,비중,현재값,KOSIS_VALUE,2025,Y,전년,,2,492,,ALTERNATE,NOT_TOP_TABLE,후순위 통계표 후보,"전시,서비스",hybrid+reranker,188,Y,,0.6799229383468628,0.39102564102564097,,,430,DT_430001_04_007,전시 서비스 사업자의 전시관련 사업활동 애로사항,2016059,전시산업통계조사 > 전시 서비스 사업자 현황,meta_index 없음 또는 코드명 매칭 없음,,,,,,,,,,,,,,,,,,,,,,,,,,,,,,,,,,,,,,,,,,,,,meta 없음,,,"분야는 생활가전(18%) 디지털헬스(17%), 인공지능(16%), 스마트 홈(12%) 순으로 집계됐다."
A0005-SP4D2596C117,A0005-SP4D2596C117-m1,전시 분야 비중,소매·소비,생활가전,18,%,%,rate,level,item,비중,현재값,KOSIS_VALUE,2025,Y,전년,,3,430,,ALTERNATE,NOT_TOP_TABLE,후순위 통계표 후보,"전시,서비스",hybrid+reranker,188,Y,,0.48255106806755066,0.4013157894736842,,,430,DT_430001_04_003,전시 서비스 사업자의 매출 현황,2016059,전시산업통계조사 > 전시 서비스 사업자 현황,meta_index 없음 또는 코드명 매칭 없음,,,,,,,,,,,,,,,,,,,,,,,,,,,,,,,,,,,,,,,,,,,,,meta 없음,,,"분야는 생활가전(18%) 디지털헬스(17%), 인공지능(16%), 스마트 홈(12%) 순으로 집계됐다."
A0005-SP4D2596C117,A0005-SP4D2596C117-m1,전시 분야 비중,소매·소비,생활가전,18,%,%,rate,level,item,비중,현재값,KOSIS_VALUE,2025,Y,전년,,4,399,,ALTERNATE,NOT_TOP_TABLE,후순위 통계표 후보,"전시,서비스",hybrid+reranker,188,Y,,0.38416096568107605,0.4066666666666667,,,430,DT_430001_04_001,전시 서비스 사업자의 고용 현황,2016059,전시산업통계조사 > 전시 서비스 사업자 현황,meta_index 없음 또는 코드명 매칭 없음,,,,,,,,,,,,,,,,,,,,,,,,,,,,,,,,,,,,,,,,,,,,,meta 없음,,,"분야는 생활가전(18%) 디지털헬스(17%), 인공지능(16%), 스마트 홈(12%) 순으로 집계됐다."
A0005-SP4D2596C117,A0005-SP4D2596C117-m1,전시 분야 비중,소매·소비,생활가전,18,%,%,rate,level,item,비중,현재값,KOSIS_VALUE,2025,Y,전년,,5,396,,ALTERNATE,NOT_TOP_TABLE,후순위 통계표 후보,"전시,서비스",hybrid+reranker,188,Y,,0.3968859910964966,0.3961038961038961,,,430,DT_430001_04_005,전시 서비스 사업자의 영업이익 현황,2016059,전시산업통계조사 > 전시 서비스 사업자 현황,meta_index 없음 또는 코드명 매칭 없음,,,,,,,,,,,,,,,,,,,,,,,,,,,,,,,,,,,,,,,,,,,,,meta 없음,,,"분야는 생활가전(18%) 디지털헬스(17%), 인공지능(16%), 스마트 홈(12%) 순으로 집계됐다."
A0005-SP4D2596C117,A0005-SP4D2596C117-m2,전시 분야 비중,소매·소비,디지털헬스,17,%,%,rate,level,item,비중,현재값,KOSIS_VALUE,2025,Y,전년,,1,678,603,TABLE_ONLY,META_NOT_LOADED,통계표 메타 조회 전 후보,"디지털헬스,서비스",hybrid+reranker,212,Y,0.6487175822257996,0.21601155400276184,0.9261559696342305,,,367,DT_36701_24_A097,주로 이용하는 디지털 헬스케어 서비스(복수응답),1976052,생명보험이용실태조사 > 디지털 채널에 대한 의견 > 2024년,meta_index 없음 또는 코드명 매칭 없음,,,,,,,,,,,,,,,,,,,,,,,,,,,,,,,,,,,,,,,,,,,,,meta 없음,,,"분야는 생활가전(18%) 디지털헬스(17%), 인공지능(16%), 스마트 홈(12%) 순으로 집계됐다."
A0005-SP4D2596C117,A0005-SP4D2596C117-m2,전시 분야 비중,소매·소비,디지털헬스,17,%,%,rate,level,item,비중,현재값,KOSIS_VALUE,2025,Y,전년,,2,603,,ALTERNATE,NOT_TOP_TABLE,후순위 통계표 후보,"디지털헬스,서비스",hybrid+reranker,212,Y,0.6321247816085815,0.23616375029087067,0.8010101010101011,,,367,DT_36701_24_A096,디지털 헬스케어 서비스 이용 여부,1976052,생명보험이용실태조사 > 디지털 채널에 대한 의견 > 2024년,meta_index 없음 또는 코드명 매칭 없음,,,,,,,,,,,,,,,,,,,,,,,,,,,,,,,,,,,,,,,,,,,,,meta 없음,,,"분야는 생활가전(18%) 디지털헬스(17%), 인공지능(16%), 스마트 홈(12%) 순으로 집계됐다."
A0005-SP4D2596C117,A0005-SP4D2596C117-m2,전시 분야 비중,소매·소비,디지털헬스,17,%,%,rate,level,item,비중,현재값,KOSIS_VALUE,2025,Y,전년,,3,515,,ALTERNATE,NOT_TOP_TABLE,후순위 통계표 후보,"전시,서비스,판매",hybrid+reranker,196,Y,,0.6745866537094116,0.4295774647887324,,,430,DT_430001_04_004,전시 서비스 사업자의 판매 경로별 매출 현황,2016059,전시산업통계조사 > 전시 서비스 사업자 현황,meta_index 없음 또는 코드명 매칭 없음,,,,,,,,,,,,,,,,,,,,,,,,,,,,,,,,,,,,,,,,,,,,,meta 없음,,,"분야는 생활가전(18%) 디지털헬스(17%), 인공지능(16%), 스마트 홈(12%) 순으로 집계됐다."
A0005-SP4D2596C117,A0005-SP4D2596C117-m2,전시 분야 비중,소매·소비,디지털헬스,17,%,%,rate,level,item,비중,현재값,KOSIS_VALUE,2025,Y,전년,,4,476,,ALTERNATE,NOT_TOP_TABLE,후순위 통계표 후보,"비중,전체,서비스",hybrid+reranker,184,Y,0.6325057148933411,0.058560825884342194,0.7015201586252477,,,115,DT_115039_5_6_4,전체 매출액에서 디지털 혁신 제품 및 서비스 매출이 차지하는 비중,2024008,산업디지털전환실태조사 > 디지털 신기회 창출,meta_index 없음 또는 코드명 매칭 없음,,,,,,,,,,,,,,,,,,,,,,,,,,,,,,,,,,,,,,,,,,,,,meta 없음,,,"분야는 생활가전(18%) 디지털헬스(17%), 인공지능(16%), 스마트 홈(12%) 순으로 집계됐다."
A0005-SP4D2596C117,A0005-SP4D2596C117-m2,전시 분야 비중,소매·소비,디지털헬스,17,%,%,rate,level,item,비중,현재값,KOSIS_VALUE,2025,Y,전년,,5,426,,ALTERNATE,NOT_TOP_TABLE,후순위 통계표 후보,"전시,서비스",hybrid+reranker,188,Y,,0.48250532150268555,0.3961038961038961,,,430,DT_430001_04_001,전시 서비스 사업자의 고용 현황,2016059,전시산업통계조사 > 전시 서비스 사업자 현황,meta_index 없음 또는 코드명 매칭 없음,,,,,,,,,,,,,,,,,,,,,,,,,,,,,,,,,,,,,,,,,,,,,meta 없음,,,"분야는 생활가전(18%) 디지털헬스(17%), 인공지능(16%), 스마트 홈(12%) 순으로 집계됐다."
A0005-SP4D2596C117,A0005-SP4D2596C117-m3,전시 분야 비중,소매·소비,인공지능,16,%,%,rate,level,item,비중,현재값,KOSIS_VALUE,2025,Y,전년,,1,564,463,TABLE_ONLY,META_NOT_LOADED,통계표 메타 조회 전 후보,"인공지능,분야,서비스",hybrid+reranker,264,Y,0.6376217603683472,0.11162799596786499,0.8080808080808081,,,127,DT_127016_B005,대표 인공지능 제품 서비스의 응용 산업 분야,2019056,인공지능산업실태조사 > 기술 및 사업 현황,meta_index 없음 또는 코드명 매칭 없음,,,,,,,,,,,,,,,,,,,,,,,,,,,,,,,,,,,,,,,,,,,,,meta 없음,,,"분야는 생활가전(18%) 디지털헬스(17%), 인공지능(16%), 스마트 홈(12%) 순으로 집계됐다."
A0005-SP4D2596C117,A0005-SP4D2596C117-m3,전시 분야 비중,소매·소비,인공지능,16,%,%,rate,level,item,비중,현재값,KOSIS_VALUE,2025,Y,전년,,2,463,,ALTERNATE,NOT_TOP_TABLE,후순위 통계표 후보,"인공지능,서비스",hybrid+reranker,194,Y,0.6382609009742737,0.10951516032218933,0.6533218785796105,,,164,DT_164004_2024037,지능형 기기 이용 의도_인공지능 내장형 일반 가전,2022035,지능정보사회이용자패널조사 > 2024년 > 지능정보기술·서비스의 이용 현황 및 지능정보화 환경 평가,meta_index 없음 또는 코드명 매칭 없음,,,,,,,,,,,,,,,,,,,,,,,,,,,,,,,,,,,,,,,,,,,,,meta 없음,,,"분야는 생활가전(18%) 디지털헬스(17%), 인공지능(16%), 스마트 홈(12%) 순으로 집계됐다."
A0005-SP4D2596C117,A0005-SP4D2596C117-m3,전시 분야 비중,소매·소비,인공지능,16,%,%,rate,level,item,비중,현재값,KOSIS_VALUE,2025,Y,전년,,3,461,,ALTERNATE,NOT_TOP_TABLE,후순위 통계표 후보,"인공지능,서비스",hybrid+reranker,194,Y,0.6389408111572266,0.0697949230670929,0.671058994197292,,,164,DT_164004_2024031,지능형 기기 이용 빈도_인공지능 내장형 일반 가전,2022035,지능정보사회이용자패널조사 > 2024년 > 지능정보기술·서비스의 이용 현황 및 지능정보화 환경 평가,meta_index 없음 또는 코드명 매칭 없음,,,,,,,,,,,,,,,,,,,,,,,,,,,,,,,,,,,,,,,,,,,,,meta 없음,,,"분야는 생활가전(18%) 디지털헬스(17%), 인공지능(16%), 스마트 홈(12%) 순으로 집계됐다."
A0005-SP4D2596C117,A0005-SP4D2596C117-m3,전시 분야 비중,소매·소비,인공지능,16,%,%,rate,level,item,비중,현재값,KOSIS_VALUE,2025,Y,전년,,4,407,,ALTERNATE,NOT_TOP_TABLE,후순위 통계표 후보,"인공지능,서비스",hybrid,200,Y,,,0.4066666666666667,,,164,DT_164004_2024171,"인공지능 추천 서비스 제공자 책무_인공지능 추천 서비스 제공자는 시스템 운영 과정에서 기능적 오류, 오작동, 현행 법령 위반 등 부정적인 결과를 해결할 의무가 있다",2022035,지능정보사회이용자패널조사 > 2024년 > 지능정보화 시대 이용자보호,meta_index 없음 또는 코드명 매칭 없음,,,,,,,,,,,,,,,,,,,,,,,,,,,,,,,,,,,,,,,,,,,,,meta 없음,,,"분야는 생활가전(18%) 디지털헬스(17%), 인공지능(16%), 스마트 홈(12%) 순으로 집계됐다."
A0005-SP4D2596C117,A0005-SP4D2596C117-m3,전시 분야 비중,소매·소비,인공지능,16,%,%,rate,level,item,비중,현재값,KOSIS_VALUE,2025,Y,전년,,5,401,,ALTERNATE,NOT_TOP_TABLE,후순위 통계표 후보,"인공지능,서비스",hybrid,200,Y,,,0.4013157894736842,,,164,DT_164004_2024172,인공지능 추천 서비스 제공자 책무_인공지능 추천 서비스가 공공의 이익에 반할 때 정부의 제도적 보완이 필요하다,2022035,지능정보사회이용자패널조사 > 2024년 > 지능정보화 시대 이용자보호,meta_index 없음 또는 코드명 매칭 없음,,,,,,,,,,,,,,,,,,,,,,,,,,,,,,,,,,,,,,,,,,,,,meta 없음,,,"분야는 생활가전(18%) 디지털헬스(17%), 인공지능(16%), 스마트 홈(12%) 순으로 집계됐다."
A0005-SP4D2596C117,A0005-SP4D2596C117-m4,전시 분야 비중,소매·소비,스마트 홈,12,%,%,rate,level,item,비중,현재값,KOSIS_VALUE,2025,Y,전년,,1,547,464,TABLE_ONLY,META_NOT_LOADED,통계표 메타 조회 전 후보,"스마트,스마트홈,서비스",hybrid+reranker,206,Y,0.6293056607246399,0.24490438401699066,0.7093939785502004,,,164,DT_164004_2024036,지능형 기기 이용 의도_스마트홈 원격 조절기기,2022035,지능정보사회이용자패널조사 > 2024년 > 지능정보기술·서비스의 이용 현황 및 지능정보화 환경 평가,meta_index 없음 또는 코드명 매칭 없음,,,,,,,,,,,,,,,,,,,,,,,,,,,,,,,,,,,,,,,,,,,,,meta 없음,,,"분야는 생활가전(18%) 디지털헬스(17%), 인공지능(16%), 스마트 홈(12%) 순으로 집계됐다."
A0005-SP4D2596C117,A0005-SP4D2596C117-m4,전시 분야 비중,소매·소비,스마트 홈,12,%,%,rate,level,item,비중,현재값,KOSIS_VALUE,2025,Y,전년,,2,464,,ALTERNATE,NOT_TOP_TABLE,후순위 통계표 후보,"전시,서비스,판매",hybrid+reranker,196,Y,,0.5495499968528748,0.41780821917808214,,,430,DT_430001_04_004,전시 서비스 사업자의 판매 경로별 매출 현황,2016059,전시산업통계조사 > 전시 서비스 사업자 현황,meta_index 없음 또는 코드명 매칭 없음,,,,,,,,,,,,,,,,,,,,,,,,,,,,,,,,,,,,,,,,,,,,,meta 없음,,,"분야는 생활가전(18%) 디지털헬스(17%), 인공지능(16%), 스마트 홈(12%) 순으로 집계됐다."
A0005-SP4D2596C117,A0005-SP4D2596C117-m4,전시 분야 비중,소매·소비,스마트 홈,12,%,%,rate,level,item,비중,현재값,KOSIS_VALUE,2025,Y,전년,,3,386,,ALTERNATE,NOT_TOP_TABLE,후순위 통계표 후보,"스마트,서비스",hybrid,188,Y,,,0.38607594936708856,,,154,DT_154022_22AA218800,"앞으로 제공되었으면 하는 서비스_사이버(게임, 도박, 스마트폰) 중독 치료지원",2021010,위기청소년지원기관이용자생활실태조사,meta_index 없음 또는 코드명 매칭 없음,,,,,,,,,,,,,,,,,,,,,,,,,,,,,,,,,,,,,,,,,,,,,meta 없음,,,"분야는 생활가전(18%) 디지털헬스(17%), 인공지능(16%), 스마트 홈(12%) 순으로 집계됐다."
A0005-SP4D2596C117,A0005-SP4D2596C117-m4,전시 분야 비중,소매·소비,스마트 홈,12,%,%,rate,level,item,비중,현재값,KOSIS_VALUE,2025,Y,전년,,4,381,,ALTERNATE,NOT_TOP_TABLE,후순위 통계표 후보,"전시,서비스",hybrid,188,Y,,,0.38125,,,430,DT_430001_04_001,전시 서비스 사업자의 고용 현황,2016059,전시산업통계조사 > 전시 서비스 사업자 현황,meta_index 없음 또는 코드명 매칭 없음,,,,,,,,,,,,,,,,,,,,,,,,,,,,,,,,,,,,,,,,,,,,,meta 없음,,,"분야는 생활가전(18%) 디지털헬스(17%), 인공지능(16%), 스마트 홈(12%) 순으로 집계됐다."
A0005-SP4D2596C117,A0005-SP4D2596C117-m4,전시 분야 비중,소매·소비,스마트 홈,12,%,%,rate,level,item,비중,현재값,KOSIS_VALUE,2025,Y,전년,,5,377,,ALTERNATE,NOT_TOP_TABLE,후순위 통계표 후보,"전시,서비스",hybrid,188,Y,,,0.37654320987654316,,,430,DT_430001_04_003,전시 서비스 사업자의 매출 현황,2016059,전시산업통계조사 > 전시 서비스 사업자 현황,meta_index 없음 또는 코드명 매칭 없음,,,,,,,,,,,,,,,,,,,,,,,,,,,,,,,,,,,,,,,,,,,,,meta 없음,,,"분야는 생활가전(18%) 디지털헬스(17%), 인공지능(16%), 스마트 홈(12%) 순으로 집계됐다."
A0006-SP382DCE21AF,A0006-SP382DCE21AF-m1,수출액,무역,-,683800000000,달러,달러,currency,amount,unspecified,수준값,현재값,KOSIS_VALUE,2024,Y,전년,,1,636,622,TABLE_ONLY,META_NOT_LOADED,통계표 메타 조회 전 후보,"수출액,수출,수입,국가별,무역",hybrid+reranker,100,Y,,0.903464674949646,0.4919354838709677,,,360,DT_1R11006_FRM101,"국가별 수출액, 수입액",1976045,SITC에의한무역통계,meta_index 없음 또는 코드명 매칭 없음,,,,,,,,,,,,,,,,,,,,,,,,,,,,,,,,,,,,,,,,,,,,,meta 없음,,,한국의 2024년 수출이 6838억 달러를 기록해 역대 최대실적을 달성했다고 1일 산업통상자원부가 밝혔다.
A0006-SP382DCE21AF,A0006-SP382DCE21AF-m1,수출액,무역,-,683800000000,달러,달러,currency,amount,unspecified,수준값,현재값,KOSIS_VALUE,2024,Y,전년,,2,622,,ALTERNATE,NOT_TOP_TABLE,후순위 통계표 후보,"수출액,품목별,수출,수입,무역",hybrid+reranker,404,Y,,0.8474634885787964,0.5,,,360,DT_1R11001_FRM101,"품목별 수출액, 수입액",1976045,SITC에의한무역통계,meta_index 없음 또는 코드명 매칭 없음,,,,,,,,,,,,,,,,,,,,,,,,,,,,,,,,,,,,,,,,,,,,,meta 없음,,,한국의 2024년 수출이 6838억 달러를 기록해 역대 최대실적을 달성했다고 1일 산업통상자원부가 밝혔다.
A0006-SP382DCE21AF,A0006-SP382DCE21AF-m1,수출액,무역,-,683800000000,달러,달러,currency,amount,unspecified,수준값,현재값,KOSIS_VALUE,2024,Y,전년,,3,553,,ALTERNATE,NOT_TOP_TABLE,후순위 통계표 후보,"수출액,수출",hybrid+reranker,72,Y,,0.7921428084373474,0.42361111111111105,,,127,DT_127019_019,대분류별 VR/AR 수출액,2020027,가상증강현실(VR·AR)산업실태조사 > 수출,meta_index 없음 또는 코드명 매칭 없음,,,,,,,,,,,,,,,,,,,,,,,,,,,,,,,,,,,,,,,,,,,,,meta 없음,,,한국의 2024년 수출이 6838억 달러를 기록해 역대 최대실적을 달성했다고 1일 산업통상자원부가 밝혔다.
A0006-SP382DCE21AF,A0006-SP382DCE21AF-m1,수출액,무역,-,683800000000,달러,달러,currency,amount,unspecified,수준값,현재값,KOSIS_VALUE,2024,Y,전년,,4,542,,ALTERNATE,NOT_TOP_TABLE,후순위 통계표 후보,"수출액,수출",hybrid+reranker,72,Y,,0.839602530002594,0.38125,,,467,DT_467002_A013,수출액,2025016,웹툰산업실태조사 > 웹툰 해외 수출입 현황,meta_index 없음 또는 코드명 매칭 없음,,,,,,,,,,,,,,,,,,,,,,,,,,,,,,,,,,,,,,,,,,,,,meta 없음,,,한국의 2024년 수출이 6838억 달러를 기록해 역대 최대실적을 달성했다고 1일 산업통상자원부가 밝혔다.
A0006-SP382DCE21AF,A0006-SP382DCE21AF-m1,수출액,무역,-,683800000000,달러,달러,currency,amount,unspecified,수준값,현재값,KOSIS_VALUE,2024,Y,전년,,5,539,,ALTERNATE,NOT_TOP_TABLE,후순위 통계표 후보,"수출액,수출",hybrid+reranker,72,Y,,0.8045595288276672,0.3961038961038961,,,127,DT_12702N_011,사업 분야별 수출액,2015015,사물인터넷산업실태조사 > 매출(내수/수출) 현황,meta_index 없음 또는 코드명 매칭 없음,,,,,,,,,,,,,,,,,,,,,,,,,,,,,,,,,,,,,,,,,,,,,meta 없음,,,한국의 2024년 수출이 6838억 달러를 기록해 역대 최대실적을 달성했다고 1일 산업통상자원부가 밝혔다.
A0006-SP454B0C203E,A0006-SP454B0C203E-m3,수출증가율,무역,-,9.6,%,%,rate,rate_change,unspecified,증감률,증감률,KOSIS_VALUE,2024,Y,전년,2023,1,650,640,TABLE_ONLY,META_NOT_LOADED,통계표 메타 조회 전 후보,"품목별,수출액,수출,수입,무역",hybrid+reranker,484,Y,,0.9287972450256348,0.5,,,360,DT_1R11001_FRM101,"품목별 수출액, 수입액",1976045,SITC에의한무역통계,meta_index 없음 또는 코드명 매칭 없음,,,,,,,,,,,,,,,,,,,,,,,,,,,,,,,,,,,,,,,,,,,,,meta 없음,,,"이에 따라 2024년 1~9월 기준(WTO)으로 전 세계 수출순위도 2023년 8위에서 두 단계 상승한 6위를 달성했으며, 상위 10대 수출국 중 가장 높은 수출증가율(+9.6%)을 기록했다."
A0006-SP454B0C203E,A0006-SP454B0C203E-m3,수출증가율,무역,-,9.6,%,%,rate,rate_change,unspecified,증감률,증감률,KOSIS_VALUE,2024,Y,전년,2023,2,640,,ALTERNATE,NOT_TOP_TABLE,후순위 통계표 후보,"품목별,수출,수입,무역",hybrid+reranker,168,Y,,0.9300780892372131,0.4841269841269841,,,134,DT_134006_N001,품목별 수입·수출현황,2017044,기업무역활동통계,meta_index 없음 또는 코드명 매칭 없음,,,,,,,,,,,,,,,,,,,,,,,,,,,,,,,,,,,,,,,,,,,,,meta 없음,,,"이에 따라 2024년 1~9월 기준(WTO)으로 전 세계 수출순위도 2023년 8위에서 두 단계 상승한 6위를 달성했으며, 상위 10대 수출국 중 가장 높은 수출증가율(+9.6%)을 기록했다."
A0006-SP454B0C203E,A0006-SP454B0C203E-m3,수출증가율,무역,-,9.6,%,%,rate,rate_change,unspecified,증감률,증감률,KOSIS_VALUE,2024,Y,전년,2023,3,580,,ALTERNATE,NOT_TOP_TABLE,후순위 통계표 후보,"품목별,수출",hybrid+reranker,152,Y,,0.9008791446685791,0.4066666666666667,,,434,DT_434_STBL_1028686,출판 품목별 수출입 실적,2016058,문화체육관광산업통계 > 수출입 실적 현황,meta_index 없음 또는 코드명 매칭 없음,,,,,,,,,,,,,,,,,,,,,,,,,,,,,,,,,,,,,,,,,,,,,meta 없음,,,"이에 따라 2024년 1~9월 기준(WTO)으로 전 세계 수출순위도 2023년 8위에서 두 단계 상승한 6위를 달성했으며, 상위 10대 수출국 중 가장 높은 수출증가율(+9.6%)을 기록했다."
A0006-SP454B0C203E,A0006-SP454B0C203E-m3,수출증가율,무역,-,9.6,%,%,rate,rate_change,unspecified,증감률,증감률,KOSIS_VALUE,2024,Y,전년,2023,4,574,,ALTERNATE,NOT_TOP_TABLE,후순위 통계표 후보,"품목별,수입,기준,상위",hybrid+reranker,166,Y,,0.7550956010818481,0.4765625,,,145,DT_145_2012_H005,"품목별(중량기준, 상위 20개) 수입신고 현황",2006066,수입식품현황 > 수입식품등 국가 및 품목별 검사현황,meta_index 없음 또는 코드명 매칭 없음,,,,,,,,,,,,,,,,,,,,,,,,,,,,,,,,,,,,,,,,,,,,,meta 없음,,,"이에 따라 2024년 1~9월 기준(WTO)으로 전 세계 수출순위도 2023년 8위에서 두 단계 상승한 6위를 달성했으며, 상위 10대 수출국 중 가장 높은 수출증가율(+9.6%)을 기록했다."
A0006-SP454B0C203E,A0006-SP454B0C203E-m3,수출증가율,무역,-,9.6,%,%,rate,rate_change,unspecified,증감률,증감률,KOSIS_VALUE,2024,Y,전년,2023,5,574,,ALTERNATE,NOT_TOP_TABLE,후순위 통계표 후보,"품목별,수출,무역",hybrid+reranker,152,Y,,0.9044819474220276,0.3961038961038961,,,134,DT_134006_N012,품목별 고성장·가젤기업 수출현황,2017044,기업무역활동통계,meta_index 없음 또는 코드명 매칭 없음,,,,,,,,,,,,,,,,,,,,,,,,,,,,,,,,,,,,,,,,,,,,,meta 없음,,,"이에 따라 2024년 1~9월 기준(WTO)으로 전 세계 수출순위도 2023년 8위에서 두 단계 상승한 6위를 달성했으며, 상위 10대 수출국 중 가장 높은 수출증가율(+9.6%)을 기록했다."
A0006-SP454B0C203E,A0006-SP454B0C203E-m4,상위 수출국,무역,-,10,대,대,count,count,unspecified,수준값,현재값,KOSIS_VALUE,2024,Y,전년,,1,771,635,TABLE_ONLY,META_NOT_LOADED,통계표 메타 조회 전 후보,"수출,수출국,상위,순위",hybrid+reranker,256,Y,0.6531420350074768,0.7270074486732483,0.7953514739229024,,,115,DT_14217C_055,중견기업 후보기업 주요수출 국가 1+2+3+4+5순위(상위 14개),2015016,중견기업 기본통계 > 중견기업 후보기업 > 국제화 추진,meta_index 없음 또는 코드명 매칭 없음,,,,,,,,,,,,,,,,,,,,,,,,,,,,,,,,,,,,,,,,,,,,,meta 없음,,,"이에 따라 2024년 1~9월 기준(WTO)으로 전 세계 수출순위도 2023년 8위에서 두 단계 상승한 6위를 달성했으며, 상위 10대 수출국 중 가장 높은 수출증가율(+9.6%)을 기록했다."
A0006-SP454B0C203E,A0006-SP454B0C203E-m4,상위 수출국,무역,-,10,대,대,count,count,unspecified,수준값,현재값,KOSIS_VALUE,2024,Y,전년,,2,635,,ALTERNATE,NOT_TOP_TABLE,후순위 통계표 후보,"품목별,수출액,수출,수입,무역",hybrid+reranker,484,Y,,0.8864204287528992,0.5,,,360,DT_1R11001_FRM101,"품목별 수출액, 수입액",1976045,SITC에의한무역통계,meta_index 없음 또는 코드명 매칭 없음,,,,,,,,,,,,,,,,,,,,,,,,,,,,,,,,,,,,,,,,,,,,,meta 없음,,,"이에 따라 2024년 1~9월 기준(WTO)으로 전 세계 수출순위도 2023년 8위에서 두 단계 상승한 6위를 달성했으며, 상위 10대 수출국 중 가장 높은 수출증가율(+9.6%)을 기록했다."
A0006-SP454B0C203E,A0006-SP454B0C203E-m4,상위 수출국,무역,-,10,대,대,count,count,unspecified,수준값,현재값,KOSIS_VALUE,2024,Y,전년,,3,597,,ALTERNATE,NOT_TOP_TABLE,후순위 통계표 후보,"수출,수출국,수입,국가별",hybrid+reranker,248,Y,,0.8329172730445862,0.46923076923076923,,,127,TX_10506_A102,비밀봉RI와 밀봉RI의 수출국가별 수입량,2006173,원자력산업실태조사 > RI생산·수입·수출,meta_index 없음 또는 코드명 매칭 없음,,,,,,,,,,,,,,,,,,,,,,,,,,,,,,,,,,,,,,,,,,,,,meta 없음,,,"이에 따라 2024년 1~9월 기준(WTO)으로 전 세계 수출순위도 2023년 8위에서 두 단계 상승한 6위를 달성했으며, 상위 10대 수출국 중 가장 높은 수출증가율(+9.6%)을 기록했다."
A0006-SP454B0C203E,A0006-SP454B0C203E-m4,상위 수출국,무역,-,10,대,대,count,count,unspecified,수준값,현재값,KOSIS_VALUE,2024,Y,전년,,4,593,,ALTERNATE,NOT_TOP_TABLE,후순위 통계표 후보,"수출,수출국,수입,국가별",hybrid+reranker,248,Y,,0.8080672025680542,0.4765625,,,127,TX_10506_A103,RI내장기기류 및 방사선발생장치의 수출국가별 수입량,2006173,원자력산업실태조사 > RI생산·수입·수출,meta_index 없음 또는 코드명 매칭 없음,,,,,,,,,,,,,,,,,,,,,,,,,,,,,,,,,,,,,,,,,,,,,meta 없음,,,"이에 따라 2024년 1~9월 기준(WTO)으로 전 세계 수출순위도 2023년 8위에서 두 단계 상승한 6위를 달성했으며, 상위 10대 수출국 중 가장 높은 수출증가율(+9.6%)을 기록했다."
A0006-SP454B0C203E,A0006-SP454B0C203E-m4,상위 수출국,무역,-,10,대,대,count,count,unspecified,수준값,현재값,KOSIS_VALUE,2024,Y,전년,,5,579,,ALTERNATE,NOT_TOP_TABLE,후순위 통계표 후보,"수출액,수출,상위,수입",hybrid+reranker,244,Y,,0.8780007362365723,0.41780821917808214,,,145,DT_145009_034,원료의약품 수출액 상위 10개 품목 현황(수출실적 보고의무자)-연도별,2016008,의약품생산및수출수입실적 > 수출입 현황,meta_index 없음 또는 코드명 매칭 없음,,,,,,,,,,,,,,,,,,,,,,,,,,,,,,,,,,,,,,,,,,,,,meta 없음,,,"이에 따라 2024년 1~9월 기준(WTO)으로 전 세계 수출순위도 2023년 8위에서 두 단계 상승한 6위를 달성했으며, 상위 10대 수출국 중 가장 높은 수출증가율(+9.6%)을 기록했다."
A0006-SP6E4CDD590E,A0006-SP6E4CDD590E-m1,무역수지 변화폭,무역,-,62100000000,달러,달러,currency,absolute_change,unspecified,증감량,현재값,KOSIS_VALUE,2024,Y,전년,2023,1,614,442,TABLE_ONLY,META_NOT_LOADED,통계표 메타 조회 전 후보,"무역,무역수지",hybrid+reranker,248,Y,0.6294935941696167,0.3106943964958191,0.7773115773115774,,,127,DT_DAA0001_S10502,기관유형별 산업별 기술무역수지 추이,2003037,기술무역통계 > 기술무역수지현황,meta_index 없음 또는 코드명 매칭 없음,,,,,,,,,,,,,,,,,,,,,,,,,,,,,,,,,,,,,,,,,,,,,meta 없음,,,무역수지는 전년 대비 621억 달러 개선된 518억 달러의 흑자를 기록했다.
A0006-SP6E4CDD590E,A0006-SP6E4CDD590E-m1,무역수지 변화폭,무역,-,62100000000,달러,달러,currency,absolute_change,unspecified,증감량,현재값,KOSIS_VALUE,2024,Y,전년,2023,2,442,,ALTERNATE,NOT_TOP_TABLE,후순위 통계표 후보,"수출액,수입액,품목별,수출,수입,무역",hybrid+reranker,508,Y,,0.3353508412837982,0.5,,,360,DT_1R11001_FRM101,"품목별 수출액, 수입액",1976045,SITC에의한무역통계,meta_index 없음 또는 코드명 매칭 없음,,,,,,,,,,,,,,,,,,,,,,,,,,,,,,,,,,,,,,,,,,,,,meta 없음,,,무역수지는 전년 대비 621억 달러 개선된 518억 달러의 흑자를 기록했다.
A0006-SP6E4CDD590E,A0006-SP6E4CDD590E-m1,무역수지 변화폭,무역,-,62100000000,달러,달러,currency,absolute_change,unspecified,증감량,현재값,KOSIS_VALUE,2024,Y,전년,2023,3,422,,ALTERNATE,NOT_TOP_TABLE,후순위 통계표 후보,"무역,무역수지,국가별",hybrid+reranker,260,Y,,0.3053865134716034,0.4841269841269841,,,127,DT_DCA0001_S10502,주요 국가별 산업별 기술무역수지 추이,2003037,기술무역통계 > 기술무역수지현황,meta_index 없음 또는 코드명 매칭 없음,,,,,,,,,,,,,,,,,,,,,,,,,,,,,,,,,,,,,,,,,,,,,meta 없음,,,무역수지는 전년 대비 621억 달러 개선된 518억 달러의 흑자를 기록했다.
A0006-SP6E4CDD590E,A0006-SP6E4CDD590E-m1,무역수지 변화폭,무역,-,62100000000,달러,달러,currency,absolute_change,unspecified,증감량,현재값,KOSIS_VALUE,2024,Y,전년,2023,4,413,,ALTERNATE,NOT_TOP_TABLE,후순위 통계표 후보,"무역,무역수지,국가별",hybrid+reranker,260,Y,,0.26683464646339417,0.4919354838709677,,,127,DT_DEA0001_S10502,주요 국가별 기술별 기술무역수지 추이,2003037,기술무역통계 > 기술무역수지현황,meta_index 없음 또는 코드명 매칭 없음,,,,,,,,,,,,,,,,,,,,,,,,,,,,,,,,,,,,,,,,,,,,,meta 없음,,,무역수지는 전년 대비 621억 달러 개선된 518억 달러의 흑자를 기록했다.
A0006-SP6E4CDD590E,A0006-SP6E4CDD590E-m1,무역수지 변화폭,무역,-,62100000000,달러,달러,currency,absolute_change,unspecified,증감량,현재값,KOSIS_VALUE,2024,Y,전년,2023,5,406,,ALTERNATE,NOT_TOP_TABLE,후순위 통계표 후보,"무역,무역수지",hybrid+reranker,248,Y,,0.276104599237442,0.4765625,,,127,DT_DBA0001_S10502,기관유형별 기술별 기술무역수지 추이,2003037,기술무역통계 > 기술무역수지현황,meta_index 없음 또는 코드명 매칭 없음,,,,,,,,,,,,,,,,,,,,,,,,,,,,,,,,,,,,,,,,,,,,,meta 없음,,,무역수지는 전년 대비 621억 달러 개선된 518억 달러의 흑자를 기록했다.
A0006-SP6E4CDD590E,A0006-SP6E4CDD590E-m2,무역수지,무역,-,51800000000,달러,달러,currency,amount,unspecified,수준값,현재값,KOSIS_VALUE,2024,Y,전년,,1,772,703,TABLE_ONLY,META_NOT_LOADED,통계표 메타 조회 전 후보,"무역,무역수지",hybrid+reranker,248,Y,0.6673035621643066,0.4352412819862366,0.9533577533577533,,,127,DT_DAA0001_S10502,기관유형별 산업별 기술무역수지 추이,2003037,기술무역통계 > 기술무역수지현황,meta_index 없음 또는 코드명 매칭 없음,,,,,,,,,,,,,,,,,,,,,,,,,,,,,,,,,,,,,,,,,,,,,meta 없음,,,무역수지는 전년 대비 621억 달러 개선된 518억 달러의 흑자를 기록했다.
A0006-SP6E4CDD590E,A0006-SP6E4CDD590E-m2,무역수지,무역,-,51800000000,달러,달러,currency,amount,unspecified,수준값,현재값,KOSIS_VALUE,2024,Y,전년,,2,703,,ALTERNATE,NOT_TOP_TABLE,후순위 통계표 후보,"무역,무역수지,국가별",hybrid+reranker,260,Y,0.6580103635787964,0.43578144907951355,0.8472222222222221,,,127,DT_DCA0001_S10502,주요 국가별 산업별 기술무역수지 추이,2003037,기술무역통계 > 기술무역수지현황,meta_index 없음 또는 코드명 매칭 없음,,,,,,,,,,,,,,,,,,,,,,,,,,,,,,,,,,,,,,,,,,,,,meta 없음,,,무역수지는 전년 대비 621억 달러 개선된 518억 달러의 흑자를 기록했다.
A0006-SP6E4CDD590E,A0006-SP6E4CDD590E-m2,무역수지,무역,-,51800000000,달러,달러,currency,amount,unspecified,수준값,현재값,KOSIS_VALUE,2024,Y,전년,,3,675,,ALTERNATE,NOT_TOP_TABLE,후순위 통계표 후보,"무역,무역수지",hybrid+reranker,248,Y,0.6572421789169312,0.3776554465293884,0.8353860294117647,,,127,DT_DBA0001_S10502,기관유형별 기술별 기술무역수지 추이,2003037,기술무역통계 > 기술무역수지현황,meta_index 없음 또는 코드명 매칭 없음,,,,,,,,,,,,,,,,,,,,,,,,,,,,,,,,,,,,,,,,,,,,,meta 없음,,,무역수지는 전년 대비 621억 달러 개선된 518억 달러의 흑자를 기록했다.
A0006-SP6E4CDD590E,A0006-SP6E4CDD590E-m2,무역수지,무역,-,51800000000,달러,달러,currency,amount,unspecified,수준값,현재값,KOSIS_VALUE,2024,Y,전년,,4,650,,ALTERNATE,NOT_TOP_TABLE,후순위 통계표 후보,"무역,무역수지",hybrid+reranker,248,Y,0.6583559513092041,0.3159469962120056,0.8295910916392844,,,127,DT_DDA0001_S10502,산업별 기술별 기술무역수지 추이,2003037,기술무역통계 > 기술무역수지현황,meta_index 없음 또는 코드명 매칭 없음,,,,,,,,,,,,,,,,,,,,,,,,,,,,,,,,,,,,,,,,,,,,,meta 없음,,,무역수지는 전년 대비 621억 달러 개선된 518억 달러의 흑자를 기록했다.
A0006-SP6E4CDD590E,A0006-SP6E4CDD590E-m2,무역수지,무역,-,51800000000,달러,달러,currency,amount,unspecified,수준값,현재값,KOSIS_VALUE,2024,Y,전년,,5,570,,ALTERNATE,NOT_TOP_TABLE,후순위 통계표 후보,"무역,무역수지",hybrid+reranker,224,Y,0.6523425579071045,0.2354598045349121,0.7501472754050073,,,127,DT_ADA0003_S10502,기관유형별 기술무역수지 추이,2003037,기술무역통계 > 기술무역추이,meta_index 없음 또는 코드명 매칭 없음,,,,,,,,,,,,,,,,,,,,,,,,,,,,,,,,,,,,,,,,,,,,,meta 없음,,,무역수지는 전년 대비 621억 달러 개선된 518억 달러의 흑자를 기록했다.
A0006-SPBCB2234D20,A0006-SPBCB2234D20-m1,전체 수입 증감률,무역,-,1.6,%,%,rate,rate_change,unspecified,증감률,증감률,KOSIS_VALUE,2024,Y,전년,2023,1,456,441,TABLE_ONLY,META_NOT_LOADED,통계표 메타 조회 전 후보,"수입액,품목별,수입,수출액,수출,무역",hybrid+reranker,432,Y,,0.38850200176239014,0.4919354838709677,,,360,DT_1R11001_FRM101,"품목별 수출액, 수입액",1976045,SITC에의한무역통계,meta_index 없음 또는 코드명 매칭 없음,,,,,,,,,,,,,,,,,,,,,,,,,,,,,,,,,,,,,,,,,,,,,meta 없음,,,2024년에는 에너지 수입이 감소하면서 전체 수입이 전년 대비 1.6% 감소한 덕에 무역수지가 개선됐다.
A0006-SPBCB2234D20,A0006-SPBCB2234D20-m1,전체 수입 증감률,무역,-,1.6,%,%,rate,rate_change,unspecified,증감률,증감률,KOSIS_VALUE,2024,Y,전년,2023,2,441,,ALTERNATE,NOT_TOP_TABLE,후순위 통계표 후보,"수입액,수입,수출액,국가별,수출,무역",hybrid+reranker,128,Y,,0.37593555450439453,0.4765625,,,360,DT_1R11006_FRM101,"국가별 수출액, 수입액",1976045,SITC에의한무역통계,meta_index 없음 또는 코드명 매칭 없음,,,,,,,,,,,,,,,,,,,,,,,,,,,,,,,,,,,,,,,,,,,,,meta 없음,,,2024년에는 에너지 수입이 감소하면서 전체 수입이 전년 대비 1.6% 감소한 덕에 무역수지가 개선됐다.
A0006-SPBCB2234D20,A0006-SPBCB2234D20-m1,전체 수입 증감률,무역,-,1.6,%,%,rate,rate_change,unspecified,증감률,증감률,KOSIS_VALUE,2024,Y,전년,2023,3,430,,ALTERNATE,NOT_TOP_TABLE,후순위 통계표 후보,"수입액,품목별,수입",hybrid+reranker,96,Y,,0.4063318073749542,0.44202898550724634,,,101,DT_1FP1124B,"임가공품목별 사업체수 및 수입액(10명 이상, 2024년)",1968005,광업제조업조사 > 등록기반 > 품목편 > 11차 산업분류 개정,meta_index 없음 또는 코드명 매칭 없음,,,,,,,,,,,,,,,,,,,,,,,,,,,,,,,,,,,,,,,,,,,,,meta 없음,,,2024년에는 에너지 수입이 감소하면서 전체 수입이 전년 대비 1.6% 감소한 덕에 무역수지가 개선됐다.
A0006-SPBCB2234D20,A0006-SPBCB2234D20-m1,전체 수입 증감률,무역,-,1.6,%,%,rate,rate_change,unspecified,증감률,증감률,KOSIS_VALUE,2024,Y,전년,2023,4,424,,ALTERNATE,NOT_TOP_TABLE,후순위 통계표 후보,"품목별,수입,수출,무역",hybrid+reranker,80,Y,,0.4548051059246063,0.4066666666666667,,,134,DT_134006_N001,품목별 수입·수출현황,2017044,기업무역활동통계,meta_index 없음 또는 코드명 매칭 없음,,,,,,,,,,,,,,,,,,,,,,,,,,,,,,,,,,,,,,,,,,,,,meta 없음,,,2024년에는 에너지 수입이 감소하면서 전체 수입이 전년 대비 1.6% 감소한 덕에 무역수지가 개선됐다.
A0006-SPBCB2234D20,A0006-SPBCB2234D20-m1,전체 수입 증감률,무역,-,1.6,%,%,rate,rate_change,unspecified,증감률,증감률,KOSIS_VALUE,2024,Y,전년,2023,5,419,,ALTERNATE,NOT_TOP_TABLE,후순위 통계표 후보,"수입액,품목별,수입",hybrid+reranker,96,Y,,0.35064372420310974,0.4552238805970149,,,101,DT_1633D,임가공품목별 사업체수 및 수입액(10명 이상),1968005,광업제조업조사 > 조사기반 > 품목편 > 9차 개정,meta_index 없음 또는 코드명 매칭 없음,,,,,,,,,,,,,,,,,,,,,,,,,,,,,,,,,,,,,,,,,,,,,meta 없음,,,2024년에는 에너지 수입이 감소하면서 전체 수입이 전년 대비 1.6% 감소한 덕에 무역수지가 개선됐다.
A0006-SPC9A4F05C5A,A0006-SPC9A4F05C5A-m1,무역수지,무역,-,69700000000,달러,달러,currency,amount,unspecified,수준값,현재값,KOSIS_VALUE,2018,Y,전년,,1,435,430,TABLE_ONLY,META_NOT_LOADED,통계표 메타 조회 전 후보,"수출액,수입액,품목별,수출,수입,무역",hybrid+reranker,508,Y,,0.3145767152309418,0.5,,,360,DT_1R11001_FRM101,"품목별 수출액, 수입액",1976045,SITC에의한무역통계,meta_index 없음 또는 코드명 매칭 없음,,,,,,,,,,,,,,,,,,,,,,,,,,,,,,,,,,,,,,,,,,,,,meta 없음,,,이에 2018년(697억 달러 흑자) 이후 최대 흑자를 기록하게 됐다.
A0006-SPC9A4F05C5A,A0006-SPC9A4F05C5A-m1,무역수지,무역,-,69700000000,달러,달러,currency,amount,unspecified,수준값,현재값,KOSIS_VALUE,2018,Y,전년,,2,430,,ALTERNATE,NOT_TOP_TABLE,후순위 통계표 후보,"수출액,수입액,품목별,수출,수입,무역",hybrid+reranker,508,Y,,0.3145767152309418,0.4919354838709677,,,360,DT_1R11001_FRM101_2019,"품목별 수출액, 수입액",1976045,SITC에의한무역통계,meta_index 없음 또는 코드명 매칭 없음,,,,,,,,,,,,,,,,,,,,,,,,,,,,,,,,,,,,,,,,,,,,,meta 없음,,,이에 2018년(697억 달러 흑자) 이후 최대 흑자를 기록하게 됐다.
A0006-SPC9A4F05C5A,A0006-SPC9A4F05C5A-m1,무역수지,무역,-,69700000000,달러,달러,currency,amount,unspecified,수준값,현재값,KOSIS_VALUE,2018,Y,전년,,3,430,,ALTERNATE,NOT_TOP_TABLE,후순위 통계표 후보,"무역,무역수지,국가별",hybrid+reranker,260,Y,,0.34367209672927856,0.4765625,,,127,DT_DCA0001_S10502,주요 국가별 산업별 기술무역수지 추이,2003037,기술무역통계 > 기술무역수지현황,meta_index 없음 또는 코드명 매칭 없음,,,,,,,,,,,,,,,,,,,,,,,,,,,,,,,,,,,,,,,,,,,,,meta 없음,,,이에 2018년(697억 달러 흑자) 이후 최대 흑자를 기록하게 됐다.
A0006-SPC9A4F05C5A,A0006-SPC9A4F05C5A-m1,무역수지,무역,-,69700000000,달러,달러,currency,amount,unspecified,수준값,현재값,KOSIS_VALUE,2018,Y,전년,,4,426,,ALTERNATE,NOT_TOP_TABLE,후순위 통계표 후보,"무역,무역수지",hybrid+reranker,248,Y,,0.3602639436721802,0.4621212121212121,,,127,DT_DAA0001_S10502,기관유형별 산업별 기술무역수지 추이,2003037,기술무역통계 > 기술무역수지현황,meta_index 없음 또는 코드명 매칭 없음,,,,,,,,,,,,,,,,,,,,,,,,,,,,,,,,,,,,,,,,,,,,,meta 없음,,,이에 2018년(697억 달러 흑자) 이후 최대 흑자를 기록하게 됐다.
A0006-SPC9A4F05C5A,A0006-SPC9A4F05C5A-m1,무역수지,무역,-,69700000000,달러,달러,currency,amount,unspecified,수준값,현재값,KOSIS_VALUE,2018,Y,전년,,5,417,,ALTERNATE,NOT_TOP_TABLE,후순위 통계표 후보,"무역,무역수지",hybrid+reranker,248,Y,,0.32028958201408386,0.46923076923076923,,,127,DT_DBA0001_S10502,기관유형별 기술별 기술무역수지 추이,2003037,기술무역통계 > 기술무역수지현황,meta_index 없음 또는 코드명 매칭 없음,,,,,,,,,,,,,,,,,,,,,,,,,,,,,,,,,,,,,,,,,,,,,meta 없음,,,이에 2018년(697억 달러 흑자) 이후 최대 흑자를 기록하게 됐다.
A0006-SP9282109973,A0006-SP9282109973-m1,반도체 수출 증감률,무역,반도체,43.9,%,%,rate,rate_change,vehicle,증감률,증감률,KOSIS_VALUE,2024,Y,전년,2023,1,515,513,TABLE_ONLY,META_NOT_LOADED,통계표 메타 조회 전 후보,"수출,수입,ICT,codebook:semiconductor_export_y",hybrid+reranker+codebook,1098,Y,,0.5440142154693604,0.5,semiconductor_export_y,semiconductor_export_y,127,DT_127005_005,수출 및 수입액,1996008,ICT실태조사,meta_index 없음 또는 코드명 매칭 없음,,,,,,,,,,,,,,,,,,,,,,,,,,,,,,,,,,,,,,,,,,,,,코드북 후보 선택,,,"◇반도체, 자동차가 이끌고 바이오, 농수산, 화장품 등도 고르게 증가 품목별로는 최대 수출품목인 반도체가 43.9% 증가한 1419억 달러를 기록, 2023년 11월 이후 14개월 연속 증가 흐름을 이어가면서 기존 최대 실적인 2022년 1292억 달러를 2년 만에 경신했다."
A0006-SP9282109973,A0006-SP9282109973-m1,반도체 수출 증감률,무역,반도체,43.9,%,%,rate,rate_change,vehicle,증감률,증감률,KOSIS_VALUE,2024,Y,전년,2023,2,513,,ALTERNATE,NOT_TOP_TABLE,후순위 통계표 후보,"품목별,수출액,수출,수입,무역",hybrid+reranker,484,Y,,0.553324282169342,0.4919354838709677,,,360,DT_1R11001_FRM101,"품목별 수출액, 수입액",1976045,SITC에의한무역통계,meta_index 없음 또는 코드명 매칭 없음,,,,,,,,,,,,,,,,,,,,,,,,,,,,,,,,,,,,,,,,,,,,,meta 없음,,,"◇반도체, 자동차가 이끌고 바이오, 농수산, 화장품 등도 고르게 증가 품목별로는 최대 수출품목인 반도체가 43.9% 증가한 1419억 달러를 기록, 2023년 11월 이후 14개월 연속 증가 흐름을 이어가면서 기존 최대 실적인 2022년 1292억 달러를 2년 만에 경신했다."
A0006-SP9282109973,A0006-SP9282109973-m1,반도체 수출 증감률,무역,반도체,43.9,%,%,rate,rate_change,vehicle,증감률,증감률,KOSIS_VALUE,2024,Y,전년,2023,3,486,,ALTERNATE,NOT_TOP_TABLE,후순위 통계표 후보,"품목별,수출,수입,무역",hybrid+reranker,168,Y,,0.49021270871162415,0.4841269841269841,,,134,DT_134006_N001,품목별 수입·수출현황,2017044,기업무역활동통계,meta_index 없음 또는 코드명 매칭 없음,,,,,,,,,,,,,,,,,,,,,,,,,,,,,,,,,,,,,,,,,,,,,meta 없음,,,"◇반도체, 자동차가 이끌고 바이오, 농수산, 화장품 등도 고르게 증가 품목별로는 최대 수출품목인 반도체가 43.9% 증가한 1419억 달러를 기록, 2023년 11월 이후 14개월 연속 증가 흐름을 이어가면서 기존 최대 실적인 2022년 1292억 달러를 2년 만에 경신했다."
A0006-SP9282109973,A0006-SP9282109973-m1,반도체 수출 증감률,무역,반도체,43.9,%,%,rate,rate_change,vehicle,증감률,증감률,KOSIS_VALUE,2024,Y,전년,2023,4,478,,ALTERNATE,NOT_TOP_TABLE,후순위 통계표 후보,"품목별,수출",hybrid+reranker,152,Y,,0.5559777021408081,0.43571428571428567,,,434,DT_434_STBL_1028694,영화・사진 품목별 수출입 실적,2016058,문화체육관광산업통계 > 수출입 실적 현황,meta_index 없음 또는 코드명 매칭 없음,,,,,,,,,,,,,,,,,,,,,,,,,,,,,,,,,,,,,,,,,,,,,meta 없음,,,"◇반도체, 자동차가 이끌고 바이오, 농수산, 화장품 등도 고르게 증가 품목별로는 최대 수출품목인 반도체가 43.9% 증가한 1419억 달러를 기록, 2023년 11월 이후 14개월 연속 증가 흐름을 이어가면서 기존 최대 실적인 2022년 1292억 달러를 2년 만에 경신했다."
A0006-SP9282109973,A0006-SP9282109973-m1,반도체 수출 증감률,무역,반도체,43.9,%,%,rate,rate_change,vehicle,증감률,증감률,KOSIS_VALUE,2024,Y,전년,2023,5,471,,ALTERNATE,NOT_TOP_TABLE,후순위 통계표 후보,"품목별,수출",hybrid+reranker,152,Y,,0.5808276534080505,0.41216216216216217,,,434,DT_434_STBL_1028686,출판 품목별 수출입 실적,2016058,문화체육관광산업통계 > 수출입 실적 현황,meta_index 없음 또는 코드명 매칭 없음,,,,,,,,,,,,,,,,,,,,,,,,,,,,,,,,,,,,,,,,,,,,,meta 없음,,,"◇반도체, 자동차가 이끌고 바이오, 농수산, 화장품 등도 고르게 증가 품목별로는 최대 수출품목인 반도체가 43.9% 증가한 1419억 달러를 기록, 2023년 11월 이후 14개월 연속 증가 흐름을 이어가면서 기존 최대 실적인 2022년 1292억 달러를 2년 만에 경신했다."
A0006-SP9282109973,A0006-SP9282109973-m2,반도체 수출액,무역,반도체,141900000000,달러,달러,currency,amount,vehicle,수준값,현재값,KOSIS_VALUE,2024,Y,전년,,1,639,629,TABLE_ONLY,META_NOT_LOADED,통계표 메타 조회 전 후보,"수입,수출,ICT,codebook:semiconductor_export_y",hybrid+reranker+codebook,1090,Y,,0.8960696458816528,0.5,semiconductor_export_y,semiconductor_export_y,127,DT_127005_005,수출 및 수입액,1996008,ICT실태조사,meta_index 없음 또는 코드명 매칭 없음,,,,,,,,,,,,,,,,,,,,,,,,,,,,,,,,,,,,,,,,,,,,,코드북 후보 선택,,,"◇반도체, 자동차가 이끌고 바이오, 농수산, 화장품 등도 고르게 증가 품목별로는 최대 수출품목인 반도체가 43.9% 증가한 1419억 달러를 기록, 2023년 11월 이후 14개월 연속 증가 흐름을 이어가면서 기존 최대 실적인 2022년 1292억 달러를 2년 만에 경신했다."
A0006-SP9282109973,A0006-SP9282109973-m2,반도체 수출액,무역,반도체,141900000000,달러,달러,currency,amount,vehicle,수준값,현재값,KOSIS_VALUE,2024,Y,전년,,2,629,,ALTERNATE,NOT_TOP_TABLE,후순위 통계표 후보,"수출액,품목별,수입,수출,무역",hybrid+reranker,476,Y,,0.8834372758865356,0.4919354838709677,,,360,DT_1R11001_FRM101,"품목별 수출액, 수입액",1976045,SITC에의한무역통계,meta_index 없음 또는 코드명 매칭 없음,,,,,,,,,,,,,,,,,,,,,,,,,,,,,,,,,,,,,,,,,,,,,meta 없음,,,"◇반도체, 자동차가 이끌고 바이오, 농수산, 화장품 등도 고르게 증가 품목별로는 최대 수출품목인 반도체가 43.9% 증가한 1419억 달러를 기록, 2023년 11월 이후 14개월 연속 증가 흐름을 이어가면서 기존 최대 실적인 2022년 1292억 달러를 2년 만에 경신했다."
A0006-SP9282109973,A0006-SP9282109973-m2,반도체 수출액,무역,반도체,141900000000,달러,달러,currency,amount,vehicle,수준값,현재값,KOSIS_VALUE,2024,Y,전년,,3,607,,ALTERNATE,NOT_TOP_TABLE,후순위 통계표 후보,"품목별,수출,무역",hybrid+reranker,144,Y,,0.8767399191856384,0.4621212121212121,,,134,DT_134006_N012,품목별 고성장·가젤기업 수출현황,2017044,기업무역활동통계,meta_index 없음 또는 코드명 매칭 없음,,,,,,,,,,,,,,,,,,,,,,,,,,,,,,,,,,,,,,,,,,,,,meta 없음,,,"◇반도체, 자동차가 이끌고 바이오, 농수산, 화장품 등도 고르게 증가 품목별로는 최대 수출품목인 반도체가 43.9% 증가한 1419억 달러를 기록, 2023년 11월 이후 14개월 연속 증가 흐름을 이어가면서 기존 최대 실적인 2022년 1292억 달러를 2년 만에 경신했다."
A0006-SP9282109973,A0006-SP9282109973-m2,반도체 수출액,무역,반도체,141900000000,달러,달러,currency,amount,vehicle,수준값,현재값,KOSIS_VALUE,2024,Y,전년,,4,600,,ALTERNATE,NOT_TOP_TABLE,후순위 통계표 후보,"품목별,수입,수출,무역",hybrid+reranker,160,Y,,0.8156734108924866,0.4841269841269841,,,134,DT_134006_N001,품목별 수입·수출현황,2017044,기업무역활동통계,meta_index 없음 또는 코드명 매칭 없음,,,,,,,,,,,,,,,,,,,,,,,,,,,,,,,,,,,,,,,,,,,,,meta 없음,,,"◇반도체, 자동차가 이끌고 바이오, 농수산, 화장품 등도 고르게 증가 품목별로는 최대 수출품목인 반도체가 43.9% 증가한 1419억 달러를 기록, 2023년 11월 이후 14개월 연속 증가 흐름을 이어가면서 기존 최대 실적인 2022년 1292억 달러를 2년 만에 경신했다."
A0006-SP9282109973,A0006-SP9282109973-m2,반도체 수출액,무역,반도체,141900000000,달러,달러,currency,amount,vehicle,수준값,현재값,KOSIS_VALUE,2024,Y,전년,,5,597,,ALTERNATE,NOT_TOP_TABLE,후순위 통계표 후보,"품목별,수입,2023년",hybrid+reranker,142,Y,,0.8616546392440796,0.4552238805970149,,,101,DT_1FP1116B,"임가공품목별 사업체수 및 수입액(10명 이상, 2023년)",1968005,광업제조업조사 > 등록기반 > 품목편 > 11차 산업분류 개정,meta_index 없음 또는 코드명 매칭 없음,,,,,,,,,,,,,,,,,,,,,,,,,,,,,,,,,,,,,,,,,,,,,meta 없음,,,"◇반도체, 자동차가 이끌고 바이오, 농수산, 화장품 등도 고르게 증가 품목별로는 최대 수출품목인 반도체가 43.9% 증가한 1419억 달러를 기록, 2023년 11월 이후 14개월 연속 증가 흐름을 이어가면서 기존 최대 실적인 2022년 1292억 달러를 2년 만에 경신했다."
A0006-SP64EB447E6E,A0006-SP64EB447E6E-m1,자동차 수출,무역,자동차,70800000000,달러,달러,currency,amount,vehicle,수준값,현재값,KOSIS_VALUE,2024,Y,전년,,1,963,649,TABLE_ONLY,META_NOT_LOADED,통계표 메타 조회 전 후보,"품목별,수출,생산,자동차",hybrid+reranker,374,Y,0.68104088306427,0.938010573387146,0.9765625000000001,,,115,DT_115042_25_024,생산 품목별 수출 금액(합계),2025009,자동차부품산업실태조사,meta_index 없음 또는 코드명 매칭 없음,,,,,,,,,,,,,,,,,,,,,,,,,,,,,,,,,,,,,,,,,,,,,meta 없음,,,"자동차 수출은 하반기 주요 완성차·부품업계 파업 등에 따른 일부 생산 차질 영향으로 전년도와 보합세인 708억 달러(-0.1%)를 기록하였으며, 2년 연속 700억 달러 이상의 호실적을 이어갔다."
A0006-SP64EB447E6E,A0006-SP64EB447E6E-m1,자동차 수출,무역,자동차,70800000000,달러,달러,currency,amount,vehicle,수준값,현재값,KOSIS_VALUE,2024,Y,전년,,2,649,,ALTERNATE,NOT_TOP_TABLE,후순위 통계표 후보,"품목별,수출액,수출,수입,무역",hybrid+reranker,484,Y,,0.925094723701477,0.5,,,360,DT_1R11001_FRM101,"품목별 수출액, 수입액",1976045,SITC에의한무역통계,meta_index 없음 또는 코드명 매칭 없음,,,,,,,,,,,,,,,,,,,,,,,,,,,,,,,,,,,,,,,,,,,,,meta 없음,,,"자동차 수출은 하반기 주요 완성차·부품업계 파업 등에 따른 일부 생산 차질 영향으로 전년도와 보합세인 708억 달러(-0.1%)를 기록하였으며, 2년 연속 700억 달러 이상의 호실적을 이어갔다."
A0006-SP64EB447E6E,A0006-SP64EB447E6E-m1,자동차 수출,무역,자동차,70800000000,달러,달러,currency,amount,vehicle,수준값,현재값,KOSIS_VALUE,2024,Y,전년,,3,622,,ALTERNATE,NOT_TOP_TABLE,후순위 통계표 후보,"자동차,수출",hybrid+reranker,358,Y,,0.9061560034751892,0.46923076923076923,,,115,DT_115042_25_045,자동차 부품 수출계획 관련 애로사항,2025009,자동차부품산업실태조사,meta_index 없음 또는 코드명 매칭 없음,,,,,,,,,,,,,,,,,,,,,,,,,,,,,,,,,,,,,,,,,,,,,meta 없음,,,"자동차 수출은 하반기 주요 완성차·부품업계 파업 등에 따른 일부 생산 차질 영향으로 전년도와 보합세인 708억 달러(-0.1%)를 기록하였으며, 2년 연속 700억 달러 이상의 호실적을 이어갔다."
A0006-SP64EB447E6E,A0006-SP64EB447E6E-m1,자동차 수출,무역,자동차,70800000000,달러,달러,currency,amount,vehicle,수준값,현재값,KOSIS_VALUE,2024,Y,전년,,4,621,,ALTERNATE,NOT_TOP_TABLE,후순위 통계표 후보,"수출,자동차",hybrid+reranker,322,Y,,0.9162596464157104,0.4621212121212121,,,115,DT_115042_25_042,향후 신규 수출 계획 또는 수출 확대 계획,2025009,자동차부품산업실태조사,meta_index 없음 또는 코드명 매칭 없음,,,,,,,,,,,,,,,,,,,,,,,,,,,,,,,,,,,,,,,,,,,,,meta 없음,,,"자동차 수출은 하반기 주요 완성차·부품업계 파업 등에 따른 일부 생산 차질 영향으로 전년도와 보합세인 708억 달러(-0.1%)를 기록하였으며, 2년 연속 700억 달러 이상의 호실적을 이어갔다."
A0006-SP64EB447E6E,A0006-SP64EB447E6E-m1,자동차 수출,무역,자동차,70800000000,달러,달러,currency,amount,vehicle,수준값,현재값,KOSIS_VALUE,2024,Y,전년,,5,618,,ALTERNATE,NOT_TOP_TABLE,후순위 통계표 후보,"품목별,수출,수입,무역",hybrid+reranker,168,Y,,0.9210741519927979,0.4552238805970149,,,134,DT_134006_N001,품목별 수입·수출현황,2017044,기업무역활동통계,meta_index 없음 또는 코드명 매칭 없음,,,,,,,,,,,,,,,,,,,,,,,,,,,,,,,,,,,,,,,,,,,,,meta 없음,,,"자동차 수출은 하반기 주요 완성차·부품업계 파업 등에 따른 일부 생산 차질 영향으로 전년도와 보합세인 708억 달러(-0.1%)를 기록하였으며, 2년 연속 700억 달러 이상의 호실적을 이어갔다."
A0006-SP64EB447E6E,A0006-SP64EB447E6E-m2,자동차 수출 증감률,무역,자동차,0.1,%,%,rate,rate_change,vehicle,증감률,증감률,KOSIS_VALUE,2024,Y,전년,2023,1,922,639,TABLE_ONLY,META_NOT_LOADED,통계표 메타 조회 전 후보,"품목별,수출,생산,자동차",hybrid+reranker,374,Y,0.6613712310791016,0.9046505093574524,0.9317863805970149,,,115,DT_115042_25_024,생산 품목별 수출 금액(합계),2025009,자동차부품산업실태조사,meta_index 없음 또는 코드명 매칭 없음,,,,,,,,,,,,,,,,,,,,,,,,,,,,,,,,,,,,,,,,,,,,,meta 없음,,,"자동차 수출은 하반기 주요 완성차·부품업계 파업 등에 따른 일부 생산 차질 영향으로 전년도와 보합세인 708억 달러(-0.1%)를 기록하였으며, 2년 연속 700억 달러 이상의 호실적을 이어갔다."
A0006-SP64EB447E6E,A0006-SP64EB447E6E-m2,자동차 수출 증감률,무역,자동차,0.1,%,%,rate,rate_change,vehicle,증감률,증감률,KOSIS_VALUE,2024,Y,전년,2023,2,639,,ALTERNATE,NOT_TOP_TABLE,후순위 통계표 후보,"품목별,수출액,수출,수입,무역",hybrid+reranker,484,Y,,0.8966140151023865,0.5,,,360,DT_1R11001_FRM101,"품목별 수출액, 수입액",1976045,SITC에의한무역통계,meta_index 없음 또는 코드명 매칭 없음,,,,,,,,,,,,,,,,,,,,,,,,,,,,,,,,,,,,,,,,,,,,,meta 없음,,,"자동차 수출은 하반기 주요 완성차·부품업계 파업 등에 따른 일부 생산 차질 영향으로 전년도와 보합세인 708억 달러(-0.1%)를 기록하였으며, 2년 연속 700억 달러 이상의 호실적을 이어갔다."
A0006-SP64EB447E6E,A0006-SP64EB447E6E-m2,자동차 수출 증감률,무역,자동차,0.1,%,%,rate,rate_change,vehicle,증감률,증감률,KOSIS_VALUE,2024,Y,전년,2023,3,631,,ALTERNATE,NOT_TOP_TABLE,후순위 통계표 후보,자동차,hybrid+reranker,334,Y,0.6764633059501648,0.8885655403137207,0.4919354838709677,,,115,DT_115042_25_014,전년도 대비 당해년도 연간 자동차 부품산업 매출액 증감 여부,2025009,자동차부품산업실태조사,meta_index 없음 또는 코드명 매칭 없음,,,,,,,,,,,,,,,,,,,,,,,,,,,,,,,,,,,,,,,,,,,,,meta 없음,,,"자동차 수출은 하반기 주요 완성차·부품업계 파업 등에 따른 일부 생산 차질 영향으로 전년도와 보합세인 708억 달러(-0.1%)를 기록하였으며, 2년 연속 700억 달러 이상의 호실적을 이어갔다."
A0006-SP64EB447E6E,A0006-SP64EB447E6E-m2,자동차 수출 증감률,무역,자동차,0.1,%,%,rate,rate_change,vehicle,증감률,증감률,KOSIS_VALUE,2024,Y,전년,2023,4,600,,ALTERNATE,NOT_TOP_TABLE,후순위 통계표 후보,"품목별,수출,수입,무역",hybrid+reranker,168,Y,,0.8682692646980286,0.4552238805970149,,,134,DT_134006_N001,품목별 수입·수출현황,2017044,기업무역활동통계,meta_index 없음 또는 코드명 매칭 없음,,,,,,,,,,,,,,,,,,,,,,,,,,,,,,,,,,,,,,,,,,,,,meta 없음,,,"자동차 수출은 하반기 주요 완성차·부품업계 파업 등에 따른 일부 생산 차질 영향으로 전년도와 보합세인 708억 달러(-0.1%)를 기록하였으며, 2년 연속 700억 달러 이상의 호실적을 이어갔다."
A0006-SP64EB447E6E,A0006-SP64EB447E6E-m2,자동차 수출 증감률,무역,자동차,0.1,%,%,rate,rate_change,vehicle,증감률,증감률,KOSIS_VALUE,2024,Y,전년,2023,5,596,,ALTERNATE,NOT_TOP_TABLE,후순위 통계표 후보,"수출,자동차",hybrid+reranker,322,Y,,0.8438951373100281,0.4621212121212121,,,115,DT_115042_25_042,향후 신규 수출 계획 또는 수출 확대 계획,2025009,자동차부품산업실태조사,meta_index 없음 또는 코드명 매칭 없음,,,,,,,,,,,,,,,,,,,,,,,,,,,,,,,,,,,,,,,,,,,,,meta 없음,,,"자동차 수출은 하반기 주요 완성차·부품업계 파업 등에 따른 일부 생산 차질 영향으로 전년도와 보합세인 708억 달러(-0.1%)를 기록하였으며, 2년 연속 700억 달러 이상의 호실적을 이어갔다."
A0006-SP95A2256265,A0006-SP95A2256265-m1,선박 수출 증감률,무역,선박,18,%,%,rate,rate_change,vehicle,증감률,증감률,KOSIS_VALUE,2024,Y,전년,2023,1,644,639,TABLE_ONLY,META_NOT_LOADED,통계표 메타 조회 전 후보,"품목별,수출액,수출,수입,무역",hybrid+reranker,484,Y,,0.9103862047195435,0.5,,,360,DT_1R11001_FRM101,"품목별 수출액, 수입액",1976045,SITC에의한무역통계,meta_index 없음 또는 코드명 매칭 없음,,,,,,,,,,,,,,,,,,,,,,,,,,,,,,,,,,,,,,,,,,,,,meta 없음,,,"선박 수출은 2021년 높은 선가로 수주한 LNG 운반선, 대형 컨테이너선 등 고부가 선박이 본격 수출되면서 두 자릿수(18%) 증가한 256억 달러를 기록했다."
A0006-SP95A2256265,A0006-SP95A2256265-m1,선박 수출 증감률,무역,선박,18,%,%,rate,rate_change,vehicle,증감률,증감률,KOSIS_VALUE,2024,Y,전년,2023,2,639,,ALTERNATE,NOT_TOP_TABLE,후순위 통계표 후보,"선박,수출",hybrid+reranker,328,Y,,0.9121235609054565,0.4919354838709677,,,146,DT_MLTM_5002627,"산업분류,기업규모,선박규모별 수출현황",2012057,원양어업통계조사,meta_index 없음 또는 코드명 매칭 없음,,,,,,,,,,,,,,,,,,,,,,,,,,,,,,,,,,,,,,,,,,,,,meta 없음,,,"선박 수출은 2021년 높은 선가로 수주한 LNG 운반선, 대형 컨테이너선 등 고부가 선박이 본격 수출되면서 두 자릿수(18%) 증가한 256억 달러를 기록했다."
A0006-SP95A2256265,A0006-SP95A2256265-m1,선박 수출 증감률,무역,선박,18,%,%,rate,rate_change,vehicle,증감률,증감률,KOSIS_VALUE,2024,Y,전년,2023,3,629,,ALTERNATE,NOT_TOP_TABLE,후순위 통계표 후보,"품목별,수출,수입,무역",hybrid+reranker,168,Y,,0.8980534672737122,0.4841269841269841,,,134,DT_134006_N001,품목별 수입·수출현황,2017044,기업무역활동통계,meta_index 없음 또는 코드명 매칭 없음,,,,,,,,,,,,,,,,,,,,,,,,,,,,,,,,,,,,,,,,,,,,,meta 없음,,,"선박 수출은 2021년 높은 선가로 수주한 LNG 운반선, 대형 컨테이너선 등 고부가 선박이 본격 수출되면서 두 자릿수(18%) 증가한 256억 달러를 기록했다."
A0006-SP95A2256265,A0006-SP95A2256265-m1,선박 수출 증감률,무역,선박,18,%,%,rate,rate_change,vehicle,증감률,증감률,KOSIS_VALUE,2024,Y,전년,2023,4,566,,ALTERNATE,NOT_TOP_TABLE,후순위 통계표 후보,"품목별,수출,무역",hybrid+reranker,152,Y,,0.873214840888977,0.4013157894736842,,,134,DT_134006_N012,품목별 고성장·가젤기업 수출현황,2017044,기업무역활동통계,meta_index 없음 또는 코드명 매칭 없음,,,,,,,,,,,,,,,,,,,,,,,,,,,,,,,,,,,,,,,,,,,,,meta 없음,,,"선박 수출은 2021년 높은 선가로 수주한 LNG 운반선, 대형 컨테이너선 등 고부가 선박이 본격 수출되면서 두 자릿수(18%) 증가한 256억 달러를 기록했다."
A0006-SP95A2256265,A0006-SP95A2256265-m1,선박 수출 증감률,무역,선박,18,%,%,rate,rate_change,vehicle,증감률,증감률,KOSIS_VALUE,2024,Y,전년,2023,5,556,,ALTERNATE,NOT_TOP_TABLE,후순위 통계표 후보,"품목별,수출",hybrid+reranker,152,Y,,0.7783125042915344,0.43571428571428567,,,434,DT_434_STBL_1028694,영화・사진 품목별 수출입 실적,2016058,문화체육관광산업통계 > 수출입 실적 현황,meta_index 없음 또는 코드명 매칭 없음,,,,,,,,,,,,,,,,,,,,,,,,,,,,,,,,,,,,,,,,,,,,,meta 없음,,,"선박 수출은 2021년 높은 선가로 수주한 LNG 운반선, 대형 컨테이너선 등 고부가 선박이 본격 수출되면서 두 자릿수(18%) 증가한 256억 달러를 기록했다."
A0006-SP95A2256265,A0006-SP95A2256265-m2,선박 수출액,무역,선박,25600000000,달러,달러,currency,amount,vehicle,수준값,현재값,KOSIS_VALUE,2024,Y,전년,,1,657,656,TABLE_ONLY,META_NOT_LOADED,통계표 메타 조회 전 후보,"수출액,품목별,수입,수출,무역",hybrid+reranker,476,Y,,0.9474782943725586,0.5,,,360,DT_1R11001_FRM101,"품목별 수출액, 수입액",1976045,SITC에의한무역통계,meta_index 없음 또는 코드명 매칭 없음,,,,,,,,,,,,,,,,,,,,,,,,,,,,,,,,,,,,,,,,,,,,,meta 없음,,,"선박 수출은 2021년 높은 선가로 수주한 LNG 운반선, 대형 컨테이너선 등 고부가 선박이 본격 수출되면서 두 자릿수(18%) 증가한 256억 달러를 기록했다."
A0006-SP95A2256265,A0006-SP95A2256265-m2,선박 수출액,무역,선박,25600000000,달러,달러,currency,amount,vehicle,수준값,현재값,KOSIS_VALUE,2024,Y,전년,,2,656,,ALTERNATE,NOT_TOP_TABLE,후순위 통계표 후보,"선박,수출",hybrid+reranker,320,Y,,0.9618934392929077,0.4919354838709677,,,146,DT_MLTM_5002627,"산업분류,기업규모,선박규모별 수출현황",2012057,원양어업통계조사,meta_index 없음 또는 코드명 매칭 없음,,,,,,,,,,,,,,,,,,,,,,,,,,,,,,,,,,,,,,,,,,,,,meta 없음,,,"선박 수출은 2021년 높은 선가로 수주한 LNG 운반선, 대형 컨테이너선 등 고부가 선박이 본격 수출되면서 두 자릿수(18%) 증가한 256억 달러를 기록했다."
A0006-SP95A2256265,A0006-SP95A2256265-m2,선박 수출액,무역,선박,25600000000,달러,달러,currency,amount,vehicle,수준값,현재값,KOSIS_VALUE,2024,Y,전년,,3,648,,ALTERNATE,NOT_TOP_TABLE,후순위 통계표 후보,"품목별,수입,수출,무역",hybrid+reranker,160,Y,,0.9534487724304199,0.4841269841269841,,,134,DT_134006_N001,품목별 수입·수출현황,2017044,기업무역활동통계,meta_index 없음 또는 코드명 매칭 없음,,,,,,,,,,,,,,,,,,,,,,,,,,,,,,,,,,,,,,,,,,,,,meta 없음,,,"선박 수출은 2021년 높은 선가로 수주한 LNG 운반선, 대형 컨테이너선 등 고부가 선박이 본격 수출되면서 두 자릿수(18%) 증가한 256억 달러를 기록했다."
A0006-SP95A2256265,A0006-SP95A2256265-m2,선박 수출액,무역,선박,25600000000,달러,달러,currency,amount,vehicle,수준값,현재값,KOSIS_VALUE,2024,Y,전년,,4,633,,ALTERNATE,NOT_TOP_TABLE,후순위 통계표 후보,"품목별,수출,무역",hybrid+reranker,144,Y,,0.9498556852340698,0.4621212121212121,,,134,DT_134006_N012,품목별 고성장·가젤기업 수출현황,2017044,기업무역활동통계,meta_index 없음 또는 코드명 매칭 없음,,,,,,,,,,,,,,,,,,,,,,,,,,,,,,,,,,,,,,,,,,,,,meta 없음,,,"선박 수출은 2021년 높은 선가로 수주한 LNG 운반선, 대형 컨테이너선 등 고부가 선박이 본격 수출되면서 두 자릿수(18%) 증가한 256억 달러를 기록했다."
A0006-SP95A2256265,A0006-SP95A2256265-m2,선박 수출액,무역,선박,25600000000,달러,달러,currency,amount,vehicle,수준값,현재값,KOSIS_VALUE,2024,Y,전년,,5,622,,ALTERNATE,NOT_TOP_TABLE,후순위 통계표 후보,"품목별,수입,무역",hybrid+reranker,144,Y,,0.8908652067184448,0.4765625,,,134,DT_13405_004,품목별 FTA 수입활용률,2014013,FTA특혜무역활용통계,meta_index 없음 또는 코드명 매칭 없음,,,,,,,,,,,,,,,,,,,,,,,,,,,,,,,,,,,,,,,,,,,,,meta 없음,,,"선박 수출은 2021년 높은 선가로 수주한 LNG 운반선, 대형 컨테이너선 등 고부가 선박이 본격 수출되면서 두 자릿수(18%) 증가한 256억 달러를 기록했다."
A0006-SP4B17AE5654,A0006-SP4B17AE5654-m1,석유화학 수출액,무역,석유화학,48000000000,달러,달러,currency,amount,item,수준값,현재값,KOSIS_VALUE,2024,Y,전년,,1,670,663,TABLE_ONLY,META_NOT_LOADED,통계표 메타 조회 전 후보,"수출액,품목별,수입,수출,무역",hybrid+reranker,476,Y,,0.986929178237915,0.5,,,360,DT_1R11001_FRM101,"품목별 수출액, 수입액",1976045,SITC에의한무역통계,meta_index 없음 또는 코드명 매칭 없음,,,,,,,,,,,,,,,,,,,,,,,,,,,,,,,,,,,,,,,,,,,,,meta 없음,,,"석유화학 수출은 480억 달러로, 하반기 유가 하락에 따른 수출단가 하락에도 불구하고 수출물량이 확대되면서 5% 증가했다."
A0006-SP4B17AE5654,A0006-SP4B17AE5654-m1,석유화학 수출액,무역,석유화학,48000000000,달러,달러,currency,amount,item,수준값,현재값,KOSIS_VALUE,2024,Y,전년,,2,663,,ALTERNATE,NOT_TOP_TABLE,후순위 통계표 후보,"품목별,수입,수출,무역",hybrid+reranker,160,Y,,0.9800149202346802,0.4919354838709677,,,134,DT_134006_N001,품목별 수입·수출현황,2017044,기업무역활동통계,meta_index 없음 또는 코드명 매칭 없음,,,,,,,,,,,,,,,,,,,,,,,,,,,,,,,,,,,,,,,,,,,,,meta 없음,,,"석유화학 수출은 480억 달러로, 하반기 유가 하락에 따른 수출단가 하락에도 불구하고 수출물량이 확대되면서 5% 증가했다."
A0006-SP4B17AE5654,A0006-SP4B17AE5654-m1,석유화학 수출액,무역,석유화학,48000000000,달러,달러,currency,amount,item,수준값,현재값,KOSIS_VALUE,2024,Y,전년,,3,650,,ALTERNATE,NOT_TOP_TABLE,후순위 통계표 후보,"품목별,수입,무역",hybrid+reranker,144,Y,,0.9580694437026978,0.4841269841269841,,,134,DT_13405_004,품목별 FTA 수입활용률,2014013,FTA특혜무역활용통계,meta_index 없음 또는 코드명 매칭 없음,,,,,,,,,,,,,,,,,,,,,,,,,,,,,,,,,,,,,,,,,,,,,meta 없음,,,"석유화학 수출은 480억 달러로, 하반기 유가 하락에 따른 수출단가 하락에도 불구하고 수출물량이 확대되면서 5% 증가했다."
A0006-SP4B17AE5654,A0006-SP4B17AE5654-m1,석유화학 수출액,무역,석유화학,48000000000,달러,달러,currency,amount,item,수준값,현재값,KOSIS_VALUE,2024,Y,전년,,4,648,,ALTERNATE,NOT_TOP_TABLE,후순위 통계표 후보,"품목별,수출,무역",hybrid+reranker,144,Y,,0.9667888283729553,0.4765625,,,134,DT_13405_003,품목별 FTA 수출활용률,2014013,FTA특혜무역활용통계,meta_index 없음 또는 코드명 매칭 없음,,,,,,,,,,,,,,,,,,,,,,,,,,,,,,,,,,,,,,,,,,,,,meta 없음,,,"석유화학 수출은 480억 달러로, 하반기 유가 하락에 따른 수출단가 하락에도 불구하고 수출물량이 확대되면서 5% 증가했다."
A0006-SP4B17AE5654,A0006-SP4B17AE5654-m1,석유화학 수출액,무역,석유화학,48000000000,달러,달러,currency,amount,item,수준값,현재값,KOSIS_VALUE,2024,Y,전년,,5,648,,ALTERNATE,NOT_TOP_TABLE,후순위 통계표 후보,"품목별,수출,무역",hybrid+reranker,144,Y,,0.9795897603034973,0.46923076923076923,,,134,DT_134006_N012,품목별 고성장·가젤기업 수출현황,2017044,기업무역활동통계,meta_index 없음 또는 코드명 매칭 없음,,,,,,,,,,,,,,,,,,,,,,,,,,,,,,,,,,,,,,,,,,,,,meta 없음,,,"석유화학 수출은 480억 달러로, 하반기 유가 하락에 따른 수출단가 하락에도 불구하고 수출물량이 확대되면서 5% 증가했다."
A0006-SP4B17AE5654,A0006-SP4B17AE5654-m2,석유화학 수출액 증감률,무역,석유화학,5,%,%,rate,rate_change,item,증감률,증감률,KOSIS_VALUE,2024,Y,전년,2023,1,661,646,TABLE_ONLY,META_NOT_LOADED,통계표 메타 조회 전 후보,"수출액,품목별,수입,수출,무역",hybrid+reranker,476,Y,,0.960212230682373,0.5,,,360,DT_1R11001_FRM101,"품목별 수출액, 수입액",1976045,SITC에의한무역통계,meta_index 없음 또는 코드명 매칭 없음,,,,,,,,,,,,,,,,,,,,,,,,,,,,,,,,,,,,,,,,,,,,,meta 없음,,,"석유화학 수출은 480억 달러로, 하반기 유가 하락에 따른 수출단가 하락에도 불구하고 수출물량이 확대되면서 5% 증가했다."
A0006-SP4B17AE5654,A0006-SP4B17AE5654-m2,석유화학 수출액 증감률,무역,석유화학,5,%,%,rate,rate_change,item,증감률,증감률,KOSIS_VALUE,2024,Y,전년,2023,2,646,,ALTERNATE,NOT_TOP_TABLE,후순위 통계표 후보,"품목별,수입,수출,무역",hybrid+reranker,160,Y,,0.9318356513977051,0.4919354838709677,,,134,DT_134006_N001,품목별 수입·수출현황,2017044,기업무역활동통계,meta_index 없음 또는 코드명 매칭 없음,,,,,,,,,,,,,,,,,,,,,,,,,,,,,,,,,,,,,,,,,,,,,meta 없음,,,"석유화학 수출은 480억 달러로, 하반기 유가 하락에 따른 수출단가 하락에도 불구하고 수출물량이 확대되면서 5% 증가했다."
A0006-SP4B17AE5654,A0006-SP4B17AE5654-m2,석유화학 수출액 증감률,무역,석유화학,5,%,%,rate,rate_change,item,증감률,증감률,KOSIS_VALUE,2024,Y,전년,2023,3,626,,ALTERNATE,NOT_TOP_TABLE,후순위 통계표 후보,"품목별,수출,무역",hybrid+reranker,144,Y,,0.9178933501243591,0.46923076923076923,,,134,DT_134006_N012,품목별 고성장·가젤기업 수출현황,2017044,기업무역활동통계,meta_index 없음 또는 코드명 매칭 없음,,,,,,,,,,,,,,,,,,,,,,,,,,,,,,,,,,,,,,,,,,,,,meta 없음,,,"석유화학 수출은 480억 달러로, 하반기 유가 하락에 따른 수출단가 하락에도 불구하고 수출물량이 확대되면서 5% 증가했다."
A0006-SP4B17AE5654,A0006-SP4B17AE5654-m2,석유화학 수출액 증감률,무역,석유화학,5,%,%,rate,rate_change,item,증감률,증감률,KOSIS_VALUE,2024,Y,전년,2023,4,605,,ALTERNATE,NOT_TOP_TABLE,후순위 통계표 후보,"품목별,수출,무역",hybrid+reranker,144,Y,,0.8423450589179993,0.4765625,,,134,DT_13405_003,품목별 FTA 수출활용률,2014013,FTA특혜무역활용통계,meta_index 없음 또는 코드명 매칭 없음,,,,,,,,,,,,,,,,,,,,,,,,,,,,,,,,,,,,,,,,,,,,,meta 없음,,,"석유화학 수출은 480억 달러로, 하반기 유가 하락에 따른 수출단가 하락에도 불구하고 수출물량이 확대되면서 5% 증가했다."
A0006-SP4B17AE5654,A0006-SP4B17AE5654-m2,석유화학 수출액 증감률,무역,석유화학,5,%,%,rate,rate_change,item,증감률,증감률,KOSIS_VALUE,2024,Y,전년,2023,5,587,,ALTERNATE,NOT_TOP_TABLE,후순위 통계표 후보,"품목별,수입",hybrid+reranker,132,Y,,0.9682013392448425,0.38125,,,101,DT_1633D,임가공품목별 사업체수 및 수입액(10명 이상),1968005,광업제조업조사 > 조사기반 > 품목편 > 9차 개정,meta_index 없음 또는 코드명 매칭 없음,,,,,,,,,,,,,,,,,,,,,,,,,,,,,,,,,,,,,,,,,,,,,meta 없음,,,"석유화학 수출은 480억 달러로, 하반기 유가 하락에 따른 수출단가 하락에도 불구하고 수출물량이 확대되면서 5% 증가했다."
A0006-SPA4FBC97BC2,A0006-SPA4FBC97BC2-m1,바이오헬스 수출 증감률,무역,바이오헬스,13.1,%,%,rate,rate_change,item,증감률,증감률,KOSIS_VALUE,2024,Y,전년,2023,1,878,776,TABLE_ONLY,META_NOT_LOADED,통계표 메타 조회 전 후보,"바이오헬스산업,바이오,바이오헬스,codebook:biohealth_export_y",hybrid+reranker+codebook,1750,Y,0.6069098114967346,0.9839090704917908,0.8210526315789474,biohealth_export_y,biohealth_export_y,358,DT_358004_002,바이오헬스산업 매출액,2021024,바이오헬스산업실태조사,meta_index 없음 또는 코드명 매칭 없음,,,,,,,,,,,,,,,,,,,,,,,,,,,,,,,,,,,,,,,,,,,,,코드북 후보 선택,,,"바이오헬스 수출은 바이오시밀러 등 의약품을 중심으로 전년 대비 13.1% 증가한 151억 달러를 기록했으며, 전 세계적으로 K푸드, K뷰티 선호가 확대되면서 농수산식품 수출은 117억 달러(7.6%), 화장품 수출(102억 달러, +20.6%)은 처음으로 100억 달러를 돌파하면서 역대 최대 수출실적을 경신했다."
A0006-SPA4FBC97BC2,A0006-SPA4FBC97BC2-m1,바이오헬스 수출 증감률,무역,바이오헬스,13.1,%,%,rate,rate_change,item,증감률,증감률,KOSIS_VALUE,2024,Y,전년,2023,2,776,,ALTERNATE,NOT_TOP_TABLE,후순위 통계표 후보,"의약품,수출,무역,수입",hybrid+reranker,118,Y,0.5991989970207214,0.9808392524719238,0.6652204502814258,,,145,DT_145009_026,"국내 의약품 생산·수출·수입액, 무역수지, 시장규모",2016008,의약품생산및수출수입실적 > 수출입 현황,meta_index 없음 또는 코드명 매칭 없음,,,,,,,,,,,,,,,,,,,,,,,,,,,,,,,,,,,,,,,,,,,,,meta 없음,,,"바이오헬스 수출은 바이오시밀러 등 의약품을 중심으로 전년 대비 13.1% 증가한 151억 달러를 기록했으며, 전 세계적으로 K푸드, K뷰티 선호가 확대되면서 농수산식품 수출은 117억 달러(7.6%), 화장품 수출(102억 달러, +20.6%)은 처음으로 100억 달러를 돌파하면서 역대 최대 수출실적을 경신했다."
A0006-SPA4FBC97BC2,A0006-SPA4FBC97BC2-m1,바이오헬스 수출 증감률,무역,바이오헬스,13.1,%,%,rate,rate_change,item,증감률,증감률,KOSIS_VALUE,2024,Y,전년,2023,3,658,,ALTERNATE,NOT_TOP_TABLE,후순위 통계표 후보,"수출액,품목별,수출,수입,무역",hybrid+reranker,484,Y,,0.9655764698982239,0.4919354838709677,,,360,DT_1R11001_FRM101,"품목별 수출액, 수입액",1976045,SITC에의한무역통계,meta_index 없음 또는 코드명 매칭 없음,,,,,,,,,,,,,,,,,,,,,,,,,,,,,,,,,,,,,,,,,,,,,meta 없음,,,"바이오헬스 수출은 바이오시밀러 등 의약품을 중심으로 전년 대비 13.1% 증가한 151억 달러를 기록했으며, 전 세계적으로 K푸드, K뷰티 선호가 확대되면서 농수산식품 수출은 117억 달러(7.6%), 화장품 수출(102억 달러, +20.6%)은 처음으로 100억 달러를 돌파하면서 역대 최대 수출실적을 경신했다."
A0006-SPA4FBC97BC2,A0006-SPA4FBC97BC2-m1,바이오헬스 수출 증감률,무역,바이오헬스,13.1,%,%,rate,rate_change,item,증감률,증감률,KOSIS_VALUE,2024,Y,전년,2023,4,651,,ALTERNATE,NOT_TOP_TABLE,후순위 통계표 후보,"품목별,수출,수입,무역",hybrid+reranker,168,Y,,0.9622496962547302,0.4841269841269841,,,134,DT_134006_N001,품목별 수입·수출현황,2017044,기업무역활동통계,meta_index 없음 또는 코드명 매칭 없음,,,,,,,,,,,,,,,,,,,,,,,,,,,,,,,,,,,,,,,,,,,,,meta 없음,,,"바이오헬스 수출은 바이오시밀러 등 의약품을 중심으로 전년 대비 13.1% 증가한 151억 달러를 기록했으며, 전 세계적으로 K푸드, K뷰티 선호가 확대되면서 농수산식품 수출은 117억 달러(7.6%), 화장품 수출(102억 달러, +20.6%)은 처음으로 100억 달러를 돌파하면서 역대 최대 수출실적을 경신했다."
A0006-SPA4FBC97BC2,A0006-SPA4FBC97BC2-m1,바이오헬스 수출 증감률,무역,바이오헬스,13.1,%,%,rate,rate_change,item,증감률,증감률,KOSIS_VALUE,2024,Y,전년,2023,5,636,,ALTERNATE,NOT_TOP_TABLE,후순위 통계표 후보,"바이오헬스산업,바이오,바이오헬스",hybrid+reranker,370,Y,0.636996865272522,0.9846346974372864,0.44852941176470584,,,358,DT_358004_022,해외 진출 유형,2021024,바이오헬스산업실태조사,meta_index 없음 또는 코드명 매칭 없음,,,,,,,,,,,,,,,,,,,,,,,,,,,,,,,,,,,,,,,,,,,,,meta 없음,,,"바이오헬스 수출은 바이오시밀러 등 의약품을 중심으로 전년 대비 13.1% 증가한 151억 달러를 기록했으며, 전 세계적으로 K푸드, K뷰티 선호가 확대되면서 농수산식품 수출은 117억 달러(7.6%), 화장품 수출(102억 달러, +20.6%)은 처음으로 100억 달러를 돌파하면서 역대 최대 수출실적을 경신했다."
A0006-SPA4FBC97BC2,A0006-SPA4FBC97BC2-m2,바이오헬스 수출액,무역,바이오헬스,15100000000,달러,달러,currency,amount,item,수준값,현재값,KOSIS_VALUE,2024,Y,전년,,1,934,784,TABLE_ONLY,META_NOT_LOADED,통계표 메타 조회 전 후보,"바이오헬스산업,바이오,바이오헬스,codebook:biohealth_export_y",hybrid+reranker+codebook,1750,Y,0.6211800575256348,0.9947186708450317,0.9013157894736842,biohealth_export_y,biohealth_export_y,358,DT_358004_002,바이오헬스산업 매출액,2021024,바이오헬스산업실태조사,meta_index 없음 또는 코드명 매칭 없음,,,,,,,,,,,,,,,,,,,,,,,,,,,,,,,,,,,,,,,,,,,,,코드북 후보 선택,,,"바이오헬스 수출은 바이오시밀러 등 의약품을 중심으로 전년 대비 13.1% 증가한 151억 달러를 기록했으며, 전 세계적으로 K푸드, K뷰티 선호가 확대되면서 농수산식품 수출은 117억 달러(7.6%), 화장품 수출(102억 달러, +20.6%)은 처음으로 100억 달러를 돌파하면서 역대 최대 수출실적을 경신했다."
A0006-SPA4FBC97BC2,A0006-SPA4FBC97BC2-m2,바이오헬스 수출액,무역,바이오헬스,15100000000,달러,달러,currency,amount,item,수준값,현재값,KOSIS_VALUE,2024,Y,전년,,2,784,,ALTERNATE,NOT_TOP_TABLE,후순위 통계표 후보,"의약품,수출,무역,수입",hybrid+reranker,118,Y,0.6019724607467651,0.9929881691932678,0.6709708273553323,,,145,DT_145009_026,"국내 의약품 생산·수출·수입액, 무역수지, 시장규모",2016008,의약품생산및수출수입실적 > 수출입 현황,meta_index 없음 또는 코드명 매칭 없음,,,,,,,,,,,,,,,,,,,,,,,,,,,,,,,,,,,,,,,,,,,,,meta 없음,,,"바이오헬스 수출은 바이오시밀러 등 의약품을 중심으로 전년 대비 13.1% 증가한 151억 달러를 기록했으며, 전 세계적으로 K푸드, K뷰티 선호가 확대되면서 농수산식품 수출은 117억 달러(7.6%), 화장품 수출(102억 달러, +20.6%)은 처음으로 100억 달러를 돌파하면서 역대 최대 수출실적을 경신했다."
A0006-SPA4FBC97BC2,A0006-SPA4FBC97BC2-m2,바이오헬스 수출액,무역,바이오헬스,15100000000,달러,달러,currency,amount,item,수준값,현재값,KOSIS_VALUE,2024,Y,전년,,3,667,,ALTERNATE,NOT_TOP_TABLE,후순위 통계표 후보,"수출액,품목별,수출,수입,무역",hybrid+reranker,484,Y,,0.9910145401954651,0.4919354838709677,,,360,DT_1R11001_FRM101,"품목별 수출액, 수입액",1976045,SITC에의한무역통계,meta_index 없음 또는 코드명 매칭 없음,,,,,,,,,,,,,,,,,,,,,,,,,,,,,,,,,,,,,,,,,,,,,meta 없음,,,"바이오헬스 수출은 바이오시밀러 등 의약품을 중심으로 전년 대비 13.1% 증가한 151억 달러를 기록했으며, 전 세계적으로 K푸드, K뷰티 선호가 확대되면서 농수산식품 수출은 117억 달러(7.6%), 화장품 수출(102억 달러, +20.6%)은 처음으로 100억 달러를 돌파하면서 역대 최대 수출실적을 경신했다."
A0006-SPA4FBC97BC2,A0006-SPA4FBC97BC2-m2,바이오헬스 수출액,무역,바이오헬스,15100000000,달러,달러,currency,amount,item,수준값,현재값,KOSIS_VALUE,2024,Y,전년,,4,660,,ALTERNATE,NOT_TOP_TABLE,후순위 통계표 후보,"품목별,수출,수입,무역",hybrid+reranker,168,Y,,0.9855521321296692,0.4841269841269841,,,134,DT_134006_N001,품목별 수입·수출현황,2017044,기업무역활동통계,meta_index 없음 또는 코드명 매칭 없음,,,,,,,,,,,,,,,,,,,,,,,,,,,,,,,,,,,,,,,,,,,,,meta 없음,,,"바이오헬스 수출은 바이오시밀러 등 의약품을 중심으로 전년 대비 13.1% 증가한 151억 달러를 기록했으며, 전 세계적으로 K푸드, K뷰티 선호가 확대되면서 농수산식품 수출은 117억 달러(7.6%), 화장품 수출(102억 달러, +20.6%)은 처음으로 100억 달러를 돌파하면서 역대 최대 수출실적을 경신했다."
A0006-SPA4FBC97BC2,A0006-SPA4FBC97BC2-m2,바이오헬스 수출액,무역,바이오헬스,15100000000,달러,달러,currency,amount,item,수준값,현재값,KOSIS_VALUE,2024,Y,전년,,5,647,,ALTERNATE,NOT_TOP_TABLE,후순위 통계표 후보,"품목별,수출",hybrid+reranker,152,Y,,0.9632996320724487,0.4765625,,,434,DT_434_STBL_1028692,게임기기 품목별 수출입 실적,2016058,문화체육관광산업통계 > 수출입 실적 현황,meta_index 없음 또는 코드명 매칭 없음,,,,,,,,,,,,,,,,,,,,,,,,,,,,,,,,,,,,,,,,,,,,,meta 없음,,,"바이오헬스 수출은 바이오시밀러 등 의약품을 중심으로 전년 대비 13.1% 증가한 151억 달러를 기록했으며, 전 세계적으로 K푸드, K뷰티 선호가 확대되면서 농수산식품 수출은 117억 달러(7.6%), 화장품 수출(102억 달러, +20.6%)은 처음으로 100억 달러를 돌파하면서 역대 최대 수출실적을 경신했다."
A0006-SPA4FBC97BC2,A0006-SPA4FBC97BC2-m3,농수산식품 수출 증감률,무역,농수산식품,7.6,%,%,rate,rate_change,item,증감률,증감률,KOSIS_VALUE,2024,Y,전년,2023,1,578,569,TABLE_ONLY,META_NOT_LOADED,통계표 메타 조회 전 후보,"품목별,수출액,수출,수입,무역",hybrid+reranker,484,Y,,0.722527027130127,0.5,,,360,DT_1R11001_FRM101,"품목별 수출액, 수입액",1976045,SITC에의한무역통계,meta_index 없음 또는 코드명 매칭 없음,,,,,,,,,,,,,,,,,,,,,,,,,,,,,,,,,,,,,,,,,,,,,meta 없음,,,"바이오헬스 수출은 바이오시밀러 등 의약품을 중심으로 전년 대비 13.1% 증가한 151억 달러를 기록했으며, 전 세계적으로 K푸드, K뷰티 선호가 확대되면서 농수산식품 수출은 117억 달러(7.6%), 화장품 수출(102억 달러, +20.6%)은 처음으로 100억 달러를 돌파하면서 역대 최대 수출실적을 경신했다."
A0006-SPA4FBC97BC2,A0006-SPA4FBC97BC2-m3,농수산식품 수출 증감률,무역,농수산식품,7.6,%,%,rate,rate_change,item,증감률,증감률,KOSIS_VALUE,2024,Y,전년,2023,2,569,,ALTERNATE,NOT_TOP_TABLE,후순위 통계표 후보,"품목별,식품,수입",hybrid+reranker,294,Y,,0.7661187648773193,0.4621212121212121,,,145,TX_145_2009_H1029,기구 또는 용기·포장 국가 및 품목별(중량순),2006066,수입식품현황 > 수입식품등 국가 및 품목별 검사현황,meta_index 없음 또는 코드명 매칭 없음,,,,,,,,,,,,,,,,,,,,,,,,,,,,,,,,,,,,,,,,,,,,,meta 없음,,,"바이오헬스 수출은 바이오시밀러 등 의약품을 중심으로 전년 대비 13.1% 증가한 151억 달러를 기록했으며, 전 세계적으로 K푸드, K뷰티 선호가 확대되면서 농수산식품 수출은 117억 달러(7.6%), 화장품 수출(102억 달러, +20.6%)은 처음으로 100억 달러를 돌파하면서 역대 최대 수출실적을 경신했다."
A0006-SPA4FBC97BC2,A0006-SPA4FBC97BC2-m3,농수산식품 수출 증감률,무역,농수산식품,7.6,%,%,rate,rate_change,item,증감률,증감률,KOSIS_VALUE,2024,Y,전년,2023,3,559,,ALTERNATE,NOT_TOP_TABLE,후순위 통계표 후보,"품목별,식품,수입",hybrid+reranker,294,Y,,0.7516481280326843,0.4552238805970149,,,145,TX_145_2009_H1025,농·임산물 국가 및 품목별(중량순),2006066,수입식품현황 > 수입식품등 국가 및 품목별 검사현황,meta_index 없음 또는 코드명 매칭 없음,,,,,,,,,,,,,,,,,,,,,,,,,,,,,,,,,,,,,,,,,,,,,meta 없음,,,"바이오헬스 수출은 바이오시밀러 등 의약품을 중심으로 전년 대비 13.1% 증가한 151억 달러를 기록했으며, 전 세계적으로 K푸드, K뷰티 선호가 확대되면서 농수산식품 수출은 117억 달러(7.6%), 화장품 수출(102억 달러, +20.6%)은 처음으로 100억 달러를 돌파하면서 역대 최대 수출실적을 경신했다."
A0006-SPA4FBC97BC2,A0006-SPA4FBC97BC2-m3,농수산식품 수출 증감률,무역,농수산식품,7.6,%,%,rate,rate_change,item,증감률,증감률,KOSIS_VALUE,2024,Y,전년,2023,4,551,,ALTERNATE,NOT_TOP_TABLE,후순위 통계표 후보,"품목별,수출액,수출,식품",hybrid+reranker,328,Y,,0.660062849521637,0.4919354838709677,,,466,DT_446001_A027,쌀가루 생산판매 현황 : 품목별 수출액 - 총계,2024007,쌀가공식품제조업실태조사 > 쌀가공식품제조업,meta_index 없음 또는 코드명 매칭 없음,,,,,,,,,,,,,,,,,,,,,,,,,,,,,,,,,,,,,,,,,,,,,meta 없음,,,"바이오헬스 수출은 바이오시밀러 등 의약품을 중심으로 전년 대비 13.1% 증가한 151억 달러를 기록했으며, 전 세계적으로 K푸드, K뷰티 선호가 확대되면서 농수산식품 수출은 117억 달러(7.6%), 화장품 수출(102억 달러, +20.6%)은 처음으로 100억 달러를 돌파하면서 역대 최대 수출실적을 경신했다."
A0006-SPA4FBC97BC2,A0006-SPA4FBC97BC2-m3,농수산식품 수출 증감률,무역,농수산식품,7.6,%,%,rate,rate_change,item,증감률,증감률,KOSIS_VALUE,2024,Y,전년,2023,5,538,,ALTERNATE,NOT_TOP_TABLE,후순위 통계표 후보,"국가별,품목별,식품,수입",hybrid+reranker,270,Y,,0.7613611221313477,0.41780821917808214,,,145,TX_145_2009_H1024,기구 또는 용기·포장 품목 및 국가별(중량순),2006066,수입식품현황 > 수입식품등 국가 및 품목별 검사현황,meta_index 없음 또는 코드명 매칭 없음,,,,,,,,,,,,,,,,,,,,,,,,,,,,,,,,,,,,,,,,,,,,,meta 없음,,,"바이오헬스 수출은 바이오시밀러 등 의약품을 중심으로 전년 대비 13.1% 증가한 151억 달러를 기록했으며, 전 세계적으로 K푸드, K뷰티 선호가 확대되면서 농수산식품 수출은 117억 달러(7.6%), 화장품 수출(102억 달러, +20.6%)은 처음으로 100억 달러를 돌파하면서 역대 최대 수출실적을 경신했다."
A0006-SPA4FBC97BC2,A0006-SPA4FBC97BC2-m4,농수산식품 수출액,무역,농수산식품,11700000000,달러,달러,currency,amount,item,수준값,현재값,KOSIS_VALUE,2024,Y,전년,,1,647,633,TABLE_ONLY,META_NOT_LOADED,통계표 메타 조회 전 후보,"수출액,품목별,수출,수입,무역",hybrid+reranker,484,Y,,0.920074462890625,0.5,,,360,DT_1R11001_FRM101,"품목별 수출액, 수입액",1976045,SITC에의한무역통계,meta_index 없음 또는 코드명 매칭 없음,,,,,,,,,,,,,,,,,,,,,,,,,,,,,,,,,,,,,,,,,,,,,meta 없음,,,"바이오헬스 수출은 바이오시밀러 등 의약품을 중심으로 전년 대비 13.1% 증가한 151억 달러를 기록했으며, 전 세계적으로 K푸드, K뷰티 선호가 확대되면서 농수산식품 수출은 117억 달러(7.6%), 화장품 수출(102억 달러, +20.6%)은 처음으로 100억 달러를 돌파하면서 역대 최대 수출실적을 경신했다."
A0006-SPA4FBC97BC2,A0006-SPA4FBC97BC2-m4,농수산식품 수출액,무역,농수산식품,11700000000,달러,달러,currency,amount,item,수준값,현재값,KOSIS_VALUE,2024,Y,전년,,2,633,,ALTERNATE,NOT_TOP_TABLE,후순위 통계표 후보,"수출액,품목별,수출,식품",hybrid+reranker,328,Y,,0.894789457321167,0.4919354838709677,,,466,DT_446001_A027,쌀가루 생산판매 현황 : 품목별 수출액 - 총계,2024007,쌀가공식품제조업실태조사 > 쌀가공식품제조업,meta_index 없음 또는 코드명 매칭 없음,,,,,,,,,,,,,,,,,,,,,,,,,,,,,,,,,,,,,,,,,,,,,meta 없음,,,"바이오헬스 수출은 바이오시밀러 등 의약품을 중심으로 전년 대비 13.1% 증가한 151억 달러를 기록했으며, 전 세계적으로 K푸드, K뷰티 선호가 확대되면서 농수산식품 수출은 117억 달러(7.6%), 화장품 수출(102억 달러, +20.6%)은 처음으로 100억 달러를 돌파하면서 역대 최대 수출실적을 경신했다."
A0006-SPA4FBC97BC2,A0006-SPA4FBC97BC2-m4,농수산식품 수출액,무역,농수산식품,11700000000,달러,달러,currency,amount,item,수준값,현재값,KOSIS_VALUE,2024,Y,전년,,3,611,,ALTERNATE,NOT_TOP_TABLE,후순위 통계표 후보,"품목별,식품,수입",hybrid+reranker,294,Y,,0.8872045874595642,0.4621212121212121,,,145,TX_145_2009_H1029,기구 또는 용기·포장 국가 및 품목별(중량순),2006066,수입식품현황 > 수입식품등 국가 및 품목별 검사현황,meta_index 없음 또는 코드명 매칭 없음,,,,,,,,,,,,,,,,,,,,,,,,,,,,,,,,,,,,,,,,,,,,,meta 없음,,,"바이오헬스 수출은 바이오시밀러 등 의약품을 중심으로 전년 대비 13.1% 증가한 151억 달러를 기록했으며, 전 세계적으로 K푸드, K뷰티 선호가 확대되면서 농수산식품 수출은 117억 달러(7.6%), 화장품 수출(102억 달러, +20.6%)은 처음으로 100억 달러를 돌파하면서 역대 최대 수출실적을 경신했다."
A0006-SPA4FBC97BC2,A0006-SPA4FBC97BC2-m4,농수산식품 수출액,무역,농수산식품,11700000000,달러,달러,currency,amount,item,수준값,현재값,KOSIS_VALUE,2024,Y,전년,,4,594,,ALTERNATE,NOT_TOP_TABLE,후순위 통계표 후보,"품목별,식품,수입",hybrid+reranker,294,Y,,0.8507168292999268,0.4552238805970149,,,145,TX_145_2009_H1025,농·임산물 국가 및 품목별(중량순),2006066,수입식품현황 > 수입식품등 국가 및 품목별 검사현황,meta_index 없음 또는 코드명 매칭 없음,,,,,,,,,,,,,,,,,,,,,,,,,,,,,,,,,,,,,,,,,,,,,meta 없음,,,"바이오헬스 수출은 바이오시밀러 등 의약품을 중심으로 전년 대비 13.1% 증가한 151억 달러를 기록했으며, 전 세계적으로 K푸드, K뷰티 선호가 확대되면서 농수산식품 수출은 117억 달러(7.6%), 화장품 수출(102억 달러, +20.6%)은 처음으로 100억 달러를 돌파하면서 역대 최대 수출실적을 경신했다."
A0006-SPA4FBC97BC2,A0006-SPA4FBC97BC2-m4,농수산식품 수출액,무역,농수산식품,11700000000,달러,달러,currency,amount,item,수준값,현재값,KOSIS_VALUE,2024,Y,전년,,5,585,,ALTERNATE,NOT_TOP_TABLE,후순위 통계표 후보,"식품,품목별,수입",hybrid+reranker,318,Y,,0.7713271975517273,0.4841269841269841,,,145,TX_145_2009_H1026,가공식품 국가 및 품목별(중량순),2006066,수입식품현황 > 수입식품등 국가 및 품목별 검사현황,meta_index 없음 또는 코드명 매칭 없음,,,,,,,,,,,,,,,,,,,,,,,,,,,,,,,,,,,,,,,,,,,,,meta 없음,,,"바이오헬스 수출은 바이오시밀러 등 의약품을 중심으로 전년 대비 13.1% 증가한 151억 달러를 기록했으며, 전 세계적으로 K푸드, K뷰티 선호가 확대되면서 농수산식품 수출은 117억 달러(7.6%), 화장품 수출(102억 달러, +20.6%)은 처음으로 100억 달러를 돌파하면서 역대 최대 수출실적을 경신했다."
A0006-SPA4FBC97BC2,A0006-SPA4FBC97BC2-m5,화장품 수출액,무역,화장품,10200000000,달러,달러,currency,amount,item,수준값,현재값,KOSIS_VALUE,2024,Y,전년,,1,909,842,TABLE_ONLY,META_NOT_LOADED,통계표 메타 조회 전 후보,"화장품,수출액,수출,수입",hybrid+reranker,422,Y,0.6394422650337219,0.9482505321502686,0.8880393799748638,,,145,DT_145011_A006,화장품 수입 및 수출액 현황,2017087,화장품산업현황 > 화장품 수출입 현황,meta_index 없음 또는 코드명 매칭 없음,,,,,,,,,,,,,,,,,,,,,,,,,,,,,,,,,,,,,,,,,,,,,meta 없음,,,"바이오헬스 수출은 바이오시밀러 등 의약품을 중심으로 전년 대비 13.1% 증가한 151억 달러를 기록했으며, 전 세계적으로 K푸드, K뷰티 선호가 확대되면서 농수산식품 수출은 117억 달러(7.6%), 화장품 수출(102억 달러, +20.6%)은 처음으로 100억 달러를 돌파하면서 역대 최대 수출실적을 경신했다."
A0006-SPA4FBC97BC2,A0006-SPA4FBC97BC2-m5,화장품 수출액,무역,화장품,10200000000,달러,달러,currency,amount,item,수준값,현재값,KOSIS_VALUE,2024,Y,전년,,2,842,,ALTERNATE,NOT_TOP_TABLE,후순위 통계표 후보,"화장품,수출",hybrid+reranker,346,Y,0.6273196935653687,0.9127477407455444,0.8045194892473118,,,145,DT_145011_A009,국내 화장품산업 현황,2017087,화장품산업현황 > 화장품 수출입 현황,meta_index 없음 또는 코드명 매칭 없음,,,,,,,,,,,,,,,,,,,,,,,,,,,,,,,,,,,,,,,,,,,,,meta 없음,,,"바이오헬스 수출은 바이오시밀러 등 의약품을 중심으로 전년 대비 13.1% 증가한 151억 달러를 기록했으며, 전 세계적으로 K푸드, K뷰티 선호가 확대되면서 농수산식품 수출은 117억 달러(7.6%), 화장품 수출(102억 달러, +20.6%)은 처음으로 100억 달러를 돌파하면서 역대 최대 수출실적을 경신했다."
A0006-SPA4FBC97BC2,A0006-SPA4FBC97BC2-m5,화장품 수출액,무역,화장품,10200000000,달러,달러,currency,amount,item,수준값,현재값,KOSIS_VALUE,2024,Y,전년,,3,619,,ALTERNATE,NOT_TOP_TABLE,후순위 통계표 후보,"화장품,수입",hybrid+reranker,350,Y,,0.8696039319038391,0.4841269841269841,,,145,DT_145011_A002,화장품 수입업체 현황,2017087,화장품산업현황 > 업체 현황,meta_index 없음 또는 코드명 매칭 없음,,,,,,,,,,,,,,,,,,,,,,,,,,,,,,,,,,,,,,,,,,,,,meta 없음,,,"바이오헬스 수출은 바이오시밀러 등 의약품을 중심으로 전년 대비 13.1% 증가한 151억 달러를 기록했으며, 전 세계적으로 K푸드, K뷰티 선호가 확대되면서 농수산식품 수출은 117억 달러(7.6%), 화장품 수출(102억 달러, +20.6%)은 처음으로 100억 달러를 돌파하면서 역대 최대 수출실적을 경신했다."
A0006-SPA4FBC97BC2,A0006-SPA4FBC97BC2-m5,화장품 수출액,무역,화장품,10200000000,달러,달러,currency,amount,item,수준값,현재값,KOSIS_VALUE,2024,Y,전년,,4,614,,ALTERNATE,NOT_TOP_TABLE,후순위 통계표 후보,"화장품,바이오헬스산업,바이오,바이오헬스",hybrid+reranker,121,Y,0.6641438603401184,0.8683809638023376,0.4765625,,,358,DT_358004_007,화장품 부문 유형별 매출액,2021024,바이오헬스산업실태조사,meta_index 없음 또는 코드명 매칭 없음,,,,,,,,,,,,,,,,,,,,,,,,,,,,,,,,,,,,,,,,,,,,,meta 없음,,,"바이오헬스 수출은 바이오시밀러 등 의약품을 중심으로 전년 대비 13.1% 증가한 151억 달러를 기록했으며, 전 세계적으로 K푸드, K뷰티 선호가 확대되면서 농수산식품 수출은 117억 달러(7.6%), 화장품 수출(102억 달러, +20.6%)은 처음으로 100억 달러를 돌파하면서 역대 최대 수출실적을 경신했다."
A0006-SPA4FBC97BC2,A0006-SPA4FBC97BC2-m5,화장품 수출액,무역,화장품,10200000000,달러,달러,currency,amount,item,수준값,현재값,KOSIS_VALUE,2024,Y,전년,,5,601,,ALTERNATE,NOT_TOP_TABLE,후순위 통계표 후보,"화장품,바이오헬스산업,바이오,바이오헬스",hybrid+reranker,121,Y,0.6620674133300781,0.8601343035697937,0.4621212121212121,,,358,DT_358004_008,화장품 부문 유통채널별 매출액,2021024,바이오헬스산업실태조사,meta_index 없음 또는 코드명 매칭 없음,,,,,,,,,,,,,,,,,,,,,,,,,,,,,,,,,,,,,,,,,,,,,meta 없음,,,"바이오헬스 수출은 바이오시밀러 등 의약품을 중심으로 전년 대비 13.1% 증가한 151억 달러를 기록했으며, 전 세계적으로 K푸드, K뷰티 선호가 확대되면서 농수산식품 수출은 117억 달러(7.6%), 화장품 수출(102억 달러, +20.6%)은 처음으로 100억 달러를 돌파하면서 역대 최대 수출실적을 경신했다."
A0006-SPA4FBC97BC2,A0006-SPA4FBC97BC2-m6,화장품 수출 증감률,무역,화장품,20.6,%,%,rate,rate_change,item,증감률,증감률,KOSIS_VALUE,2024,Y,전년,2023,1,833,809,TABLE_ONLY,META_NOT_LOADED,통계표 메타 조회 전 후보,"화장품,수출액,수출,수입",hybrid+reranker,422,Y,0.625544548034668,0.8707072734832764,0.812988115449915,,,145,DT_145011_A006,화장품 수입 및 수출액 현황,2017087,화장품산업현황 > 화장품 수출입 현황,meta_index 없음 또는 코드명 매칭 없음,,,,,,,,,,,,,,,,,,,,,,,,,,,,,,,,,,,,,,,,,,,,,meta 없음,,,"바이오헬스 수출은 바이오시밀러 등 의약품을 중심으로 전년 대비 13.1% 증가한 151억 달러를 기록했으며, 전 세계적으로 K푸드, K뷰티 선호가 확대되면서 농수산식품 수출은 117억 달러(7.6%), 화장품 수출(102억 달러, +20.6%)은 처음으로 100억 달러를 돌파하면서 역대 최대 수출실적을 경신했다."
A0006-SPA4FBC97BC2,A0006-SPA4FBC97BC2-m6,화장품 수출 증감률,무역,화장품,20.6,%,%,rate,rate_change,item,증감률,증감률,KOSIS_VALUE,2024,Y,전년,2023,2,809,,ALTERNATE,NOT_TOP_TABLE,후순위 통계표 후보,"화장품,수출",hybrid+reranker,346,Y,0.6189955472946167,0.8530579209327698,0.7846433080808081,,,145,DT_145011_A009,국내 화장품산업 현황,2017087,화장품산업현황 > 화장품 수출입 현황,meta_index 없음 또는 코드명 매칭 없음,,,,,,,,,,,,,,,,,,,,,,,,,,,,,,,,,,,,,,,,,,,,,meta 없음,,,"바이오헬스 수출은 바이오시밀러 등 의약품을 중심으로 전년 대비 13.1% 증가한 151억 달러를 기록했으며, 전 세계적으로 K푸드, K뷰티 선호가 확대되면서 농수산식품 수출은 117억 달러(7.6%), 화장품 수출(102억 달러, +20.6%)은 처음으로 100억 달러를 돌파하면서 역대 최대 수출실적을 경신했다."
A0006-SPA4FBC97BC2,A0006-SPA4FBC97BC2-m6,화장품 수출 증감률,무역,화장품,20.6,%,%,rate,rate_change,item,증감률,증감률,KOSIS_VALUE,2024,Y,전년,2023,3,582,,ALTERNATE,NOT_TOP_TABLE,후순위 통계표 후보,"화장품,수입",hybrid+reranker,350,Y,,0.7634837031364441,0.4841269841269841,,,145,DT_145011_A002,화장품 수입업체 현황,2017087,화장품산업현황 > 업체 현황,meta_index 없음 또는 코드명 매칭 없음,,,,,,,,,,,,,,,,,,,,,,,,,,,,,,,,,,,,,,,,,,,,,meta 없음,,,"바이오헬스 수출은 바이오시밀러 등 의약품을 중심으로 전년 대비 13.1% 증가한 151억 달러를 기록했으며, 전 세계적으로 K푸드, K뷰티 선호가 확대되면서 농수산식품 수출은 117억 달러(7.6%), 화장품 수출(102억 달러, +20.6%)은 처음으로 100억 달러를 돌파하면서 역대 최대 수출실적을 경신했다."
A0006-SPA4FBC97BC2,A0006-SPA4FBC97BC2-m6,화장품 수출 증감률,무역,화장품,20.6,%,%,rate,rate_change,item,증감률,증감률,KOSIS_VALUE,2024,Y,전년,2023,4,540,,ALTERNATE,NOT_TOP_TABLE,후순위 통계표 후보,"화장품,바이오헬스산업,바이오,바이오헬스",hybrid+reranker,121,Y,0.6550980806350708,0.671470582485199,0.46923076923076923,,,358,DT_358004_007,화장품 부문 유형별 매출액,2021024,바이오헬스산업실태조사,meta_index 없음 또는 코드명 매칭 없음,,,,,,,,,,,,,,,,,,,,,,,,,,,,,,,,,,,,,,,,,,,,,meta 없음,,,"바이오헬스 수출은 바이오시밀러 등 의약품을 중심으로 전년 대비 13.1% 증가한 151억 달러를 기록했으며, 전 세계적으로 K푸드, K뷰티 선호가 확대되면서 농수산식품 수출은 117억 달러(7.6%), 화장품 수출(102억 달러, +20.6%)은 처음으로 100억 달러를 돌파하면서 역대 최대 수출실적을 경신했다."
A0006-SPA4FBC97BC2,A0006-SPA4FBC97BC2-m6,화장품 수출 증감률,무역,화장품,20.6,%,%,rate,rate_change,item,증감률,증감률,KOSIS_VALUE,2024,Y,전년,2023,5,519,,ALTERNATE,NOT_TOP_TABLE,후순위 통계표 후보,"품목별,수출액,수출,수입,무역",hybrid+reranker,484,Y,,0.5533544421195984,0.5,,,360,DT_1R11001_FRM101,"품목별 수출액, 수입액",1976045,SITC에의한무역통계,meta_index 없음 또는 코드명 매칭 없음,,,,,,,,,,,,,,,,,,,,,,,,,,,,,,,,,,,,,,,,,,,,,meta 없음,,,"바이오헬스 수출은 바이오시밀러 등 의약품을 중심으로 전년 대비 13.1% 증가한 151억 달러를 기록했으며, 전 세계적으로 K푸드, K뷰티 선호가 확대되면서 농수산식품 수출은 117억 달러(7.6%), 화장품 수출(102억 달러, +20.6%)은 처음으로 100억 달러를 돌파하면서 역대 최대 수출실적을 경신했다."
A0006-SP9461F3F4FE,A0006-SP9461F3F4FE-m1,총수출액,무역,-,61400000000,달러,달러,currency,amount,unspecified,수준값,현재값,KOSIS_VALUE,2024,M,전년동월,,1,733,485,TABLE_ONLY,META_NOT_LOADED,통계표 메타 조회 전 후보,"수출액,수출,총수출액",hybrid+reranker,240,Y,0.6583871841430664,0.6209089756011963,0.7939156818907698,,,115,DT_115040_21,연간 총 수출액,2024010,탄소소재·부품산업통계조사,meta_index 없음 또는 코드명 매칭 없음,,,,,,,,,,,,,,,,,,,,,,,,,,,,,,,,,,,,,,,,,,,,,meta 없음,,,◇12월 수출 6.6% 늘어난 614억달러...수출 증가율 5개월 만에 반등 한편 이날 동시에 발표된 지난 12월 수출액은 614억달러로 전년 동월 대비 6.6% 증가했다.
A0006-SP9461F3F4FE,A0006-SP9461F3F4FE-m1,총수출액,무역,-,61400000000,달러,달러,currency,amount,unspecified,수준값,현재값,KOSIS_VALUE,2024,M,전년동월,,2,485,,ALTERNATE,NOT_TOP_TABLE,후순위 통계표 후보,"품목별,수출액,수출,수입,무역",hybrid+reranker,484,Y,,0.4580456614494324,0.5,,,360,DT_1R11001_FRM101,"품목별 수출액, 수입액",1976045,SITC에의한무역통계,meta_index 없음 또는 코드명 매칭 없음,,,,,,,,,,,,,,,,,,,,,,,,,,,,,,,,,,,,,,,,,,,,,meta 없음,,,◇12월 수출 6.6% 늘어난 614억달러...수출 증가율 5개월 만에 반등 한편 이날 동시에 발표된 지난 12월 수출액은 614억달러로 전년 동월 대비 6.6% 증가했다.
A0006-SP9461F3F4FE,A0006-SP9461F3F4FE-m1,총수출액,무역,-,61400000000,달러,달러,currency,amount,unspecified,수준값,현재값,KOSIS_VALUE,2024,M,전년동월,,3,480,,ALTERNATE,NOT_TOP_TABLE,후순위 통계표 후보,"수출액,수출,총수출액",hybrid+reranker,240,Y,,0.47268348932266235,0.4841269841269841,,,127,DT_127010_049,클라우드 부문 총 수출액 및 해외법인 총 매출액 현황,2018022,클라우드산업실태조사,meta_index 없음 또는 코드명 매칭 없음,,,,,,,,,,,,,,,,,,,,,,,,,,,,,,,,,,,,,,,,,,,,,meta 없음,,,◇12월 수출 6.6% 늘어난 614억달러...수출 증가율 5개월 만에 반등 한편 이날 동시에 발표된 지난 12월 수출액은 614억달러로 전년 동월 대비 6.6% 증가했다.
A0006-SP9461F3F4FE,A0006-SP9461F3F4FE-m1,총수출액,무역,-,61400000000,달러,달러,currency,amount,unspecified,수준값,현재값,KOSIS_VALUE,2024,M,전년동월,,4,468,,ALTERNATE,NOT_TOP_TABLE,후순위 통계표 후보,"품목별,수출,수입,무역",hybrid+reranker,168,Y,,0.4654482305049896,0.46923076923076923,,,134,DT_134006_N001,품목별 수입·수출현황,2017044,기업무역활동통계,meta_index 없음 또는 코드명 매칭 없음,,,,,,,,,,,,,,,,,,,,,,,,,,,,,,,,,,,,,,,,,,,,,meta 없음,,,◇12월 수출 6.6% 늘어난 614억달러...수출 증가율 5개월 만에 반등 한편 이날 동시에 발표된 지난 12월 수출액은 614억달러로 전년 동월 대비 6.6% 증가했다.
A0006-SP9461F3F4FE,A0006-SP9461F3F4FE-m1,총수출액,무역,-,61400000000,달러,달러,currency,amount,unspecified,수준값,현재값,KOSIS_VALUE,2024,M,전년동월,,5,387,,ALTERNATE,NOT_TOP_TABLE,후순위 통계표 후보,"품목별,수출액,수출",hybrid+reranker,176,Y,,0.22118240594863892,0.4765625,,,466,DT_446001_A027,쌀가루 생산판매 현황 : 품목별 수출액 - 총계,2024007,쌀가공식품제조업실태조사 > 쌀가공식품제조업,meta_index 없음 또는 코드명 매칭 없음,,,,,,,,,,,,,,,,,,,,,,,,,,,,,,,,,,,,,,,,,,,,,meta 없음,,,◇12월 수출 6.6% 늘어난 614억달러...수출 증가율 5개월 만에 반등 한편 이날 동시에 발표된 지난 12월 수출액은 614억달러로 전년 동월 대비 6.6% 증가했다.
A0006-SP9461F3F4FE,A0006-SP9461F3F4FE-m2,수출 증가율,무역,-,6.6,%,%,rate,rate_change,unspecified,증감률,증감률,KOSIS_VALUE,2024,M,전년동월,2023,1,625,621,TABLE_ONLY,META_NOT_LOADED,통계표 메타 조회 전 후보,"수출액,수출,수입,국가별,무역",hybrid+reranker,100,Y,,0.87103670835495,0.4919354838709677,,,360,DT_1R11006_FRM101,"국가별 수출액, 수입액",1976045,SITC에의한무역통계,meta_index 없음 또는 코드명 매칭 없음,,,,,,,,,,,,,,,,,,,,,,,,,,,,,,,,,,,,,,,,,,,,,meta 없음,,,◇12월 수출 6.6% 늘어난 614억달러...수출 증가율 5개월 만에 반등 한편 이날 동시에 발표된 지난 12월 수출액은 614억달러로 전년 동월 대비 6.6% 증가했다.
A0006-SP9461F3F4FE,A0006-SP9461F3F4FE-m2,수출 증가율,무역,-,6.6,%,%,rate,rate_change,unspecified,증감률,증감률,KOSIS_VALUE,2024,M,전년동월,2023,2,621,,ALTERNATE,NOT_TOP_TABLE,후순위 통계표 후보,"품목별,수출액,수출,수입,무역",hybrid+reranker,404,Y,,0.846831202507019,0.5,,,360,DT_1R11001_FRM101,"품목별 수출액, 수입액",1976045,SITC에의한무역통계,meta_index 없음 또는 코드명 매칭 없음,,,,,,,,,,,,,,,,,,,,,,,,,,,,,,,,,,,,,,,,,,,,,meta 없음,,,◇12월 수출 6.6% 늘어난 614억달러...수출 증가율 5개월 만에 반등 한편 이날 동시에 발표된 지난 12월 수출액은 614억달러로 전년 동월 대비 6.6% 증가했다.
A0006-SP9461F3F4FE,A0006-SP9461F3F4FE-m2,수출 증가율,무역,-,6.6,%,%,rate,rate_change,unspecified,증감률,증감률,KOSIS_VALUE,2024,M,전년동월,2023,3,607,,ALTERNATE,NOT_TOP_TABLE,후순위 통계표 후보,"품목별,수출,수입,무역",hybrid+reranker,88,Y,,0.8480936288833618,0.4765625,,,134,DT_134006_N001,품목별 수입·수출현황,2017044,기업무역활동통계,meta_index 없음 또는 코드명 매칭 없음,,,,,,,,,,,,,,,,,,,,,,,,,,,,,,,,,,,,,,,,,,,,,meta 없음,,,◇12월 수출 6.6% 늘어난 614억달러...수출 증가율 5개월 만에 반등 한편 이날 동시에 발표된 지난 12월 수출액은 614억달러로 전년 동월 대비 6.6% 증가했다.
A0006-SP9461F3F4FE,A0006-SP9461F3F4FE-m2,수출 증가율,무역,-,6.6,%,%,rate,rate_change,unspecified,증감률,증감률,KOSIS_VALUE,2024,M,전년동월,2023,4,589,,ALTERNATE,NOT_TOP_TABLE,후순위 통계표 후보,"수출,무역,수입",hybrid+reranker,76,Y,,0.8384153246879578,0.4552238805970149,,,134,DT_134006_N003,무역규모별 수입·수출현황,2017044,기업무역활동통계,meta_index 없음 또는 코드명 매칭 없음,,,,,,,,,,,,,,,,,,,,,,,,,,,,,,,,,,,,,,,,,,,,,meta 없음,,,◇12월 수출 6.6% 늘어난 614억달러...수출 증가율 5개월 만에 반등 한편 이날 동시에 발표된 지난 12월 수출액은 614억달러로 전년 동월 대비 6.6% 증가했다.
A0006-SP9461F3F4FE,A0006-SP9461F3F4FE-m2,수출 증가율,무역,-,6.6,%,%,rate,rate_change,unspecified,증감률,증감률,KOSIS_VALUE,2024,M,전년동월,2023,5,575,,ALTERNATE,NOT_TOP_TABLE,후순위 통계표 후보,"품목별,수출액,수출",hybrid+reranker,96,Y,,0.7440989017486572,0.4841269841269841,,,466,DT_446001_A027,쌀가루 생산판매 현황 : 품목별 수출액 - 총계,2024007,쌀가공식품제조업실태조사 > 쌀가공식품제조업,meta_index 없음 또는 코드명 매칭 없음,,,,,,,,,,,,,,,,,,,,,,,,,,,,,,,,,,,,,,,,,,,,,meta 없음,,,◇12월 수출 6.6% 늘어난 614억달러...수출 증가율 5개월 만에 반등 한편 이날 동시에 발표된 지난 12월 수출액은 614억달러로 전년 동월 대비 6.6% 증가했다.
A0006-SP270B11DBD0,A0006-SP270B11DBD0-m1,수출 증가율,무역,반도체,31.5,%,%,rate,rate_change,item,증감률,증감률,KOSIS_VALUE,202412,M,전년동월,202312,1,650,642,TABLE_ONLY,META_NOT_LOADED,통계표 메타 조회 전 후보,"품목별,수출액,수출,수입,무역",hybrid+reranker,484,Y,,0.9427180886268616,0.4919354838709677,,,360,DT_1R11001_FRM101,"품목별 수출액, 수입액",1976045,SITC에의한무역통계,meta_index 없음 또는 코드명 매칭 없음,,,,,,,,,,,,,,,,,,,,,,,,,,,,,,,,,,,,,,,,,,,,,meta 없음,,,12월 수출도 한국의 최대 수출 품목인 반도체가 31.5% 증가한 145억 달러를 기록하며 호실적을 이끌었다.
A0006-SP270B11DBD0,A0006-SP270B11DBD0-m1,수출 증가율,무역,반도체,31.5,%,%,rate,rate_change,item,증감률,증감률,KOSIS_VALUE,202412,M,전년동월,202312,2,642,,ALTERNATE,NOT_TOP_TABLE,후순위 통계표 후보,"품목별,수출,수입,무역",hybrid+reranker,168,Y,,0.9362850189208984,0.4841269841269841,,,134,DT_134006_N001,품목별 수입·수출현황,2017044,기업무역활동통계,meta_index 없음 또는 코드명 매칭 없음,,,,,,,,,,,,,,,,,,,,,,,,,,,,,,,,,,,,,,,,,,,,,meta 없음,,,12월 수출도 한국의 최대 수출 품목인 반도체가 31.5% 증가한 145억 달러를 기록하며 호실적을 이끌었다.
A0006-SP270B11DBD0,A0006-SP270B11DBD0-m1,수출 증가율,무역,반도체,31.5,%,%,rate,rate_change,item,증감률,증감률,KOSIS_VALUE,202412,M,전년동월,202312,3,639,,ALTERNATE,NOT_TOP_TABLE,후순위 통계표 후보,"IT산업,수출,ICT,codebook:semiconductor_export_m",hybrid+reranker+codebook,1142,Y,,0.897335946559906,0.5,semiconductor_export_m,semiconductor_export_m,127,DT_092_115_2009_S023,IT산업별/월별 수출 현황,2007407,ICT수출입통계,meta_index 없음 또는 코드명 매칭 없음,,,,,,,,,,,,,,,,,,,,,,,,,,,,,,,,,,,,,,,,,,,,,코드북 후보 선택,,,12월 수출도 한국의 최대 수출 품목인 반도체가 31.5% 증가한 145억 달러를 기록하며 호실적을 이끌었다.
A0006-SP270B11DBD0,A0006-SP270B11DBD0-m1,수출 증가율,무역,반도체,31.5,%,%,rate,rate_change,item,증감률,증감률,KOSIS_VALUE,202412,M,전년동월,202312,4,585,,ALTERNATE,NOT_TOP_TABLE,후순위 통계표 후보,"품목별,수출,무역",hybrid+reranker,152,Y,,0.9274948239326477,0.4013157894736842,,,134,DT_134006_N012,품목별 고성장·가젤기업 수출현황,2017044,기업무역활동통계,meta_index 없음 또는 코드명 매칭 없음,,,,,,,,,,,,,,,,,,,,,,,,,,,,,,,,,,,,,,,,,,,,,meta 없음,,,12월 수출도 한국의 최대 수출 품목인 반도체가 31.5% 증가한 145억 달러를 기록하며 호실적을 이끌었다.
A0006-SP270B11DBD0,A0006-SP270B11DBD0-m1,수출 증가율,무역,반도체,31.5,%,%,rate,rate_change,item,증감률,증감률,KOSIS_VALUE,202412,M,전년동월,202312,5,578,,ALTERNATE,NOT_TOP_TABLE,후순위 통계표 후보,"품목별,수출,무역",hybrid+reranker,152,Y,,0.8957052826881409,0.4066666666666667,,,134,DT_13405_003,품목별 FTA 수출활용률,2014013,FTA특혜무역활용통계,meta_index 없음 또는 코드명 매칭 없음,,,,,,,,,,,,,,,,,,,,,,,,,,,,,,,,,,,,,,,,,,,,,meta 없음,,,12월 수출도 한국의 최대 수출 품목인 반도체가 31.5% 증가한 145억 달러를 기록하며 호실적을 이끌었다.
A0006-SP270B11DBD0,A0006-SP270B11DBD0-m2,수출액,무역,반도체,14500000000,달러,달러,currency,amount,item,수준값,현재값,KOSIS_VALUE,202412,M,전년동월,,1,623,585,TABLE_ONLY,META_NOT_LOADED,통계표 메타 조회 전 후보,"수출액,품목별,수출,수입,무역",hybrid+reranker,484,Y,,0.8663588762283325,0.4919354838709677,,,360,DT_1R11001_FRM101,"품목별 수출액, 수입액",1976045,SITC에의한무역통계,meta_index 없음 또는 코드명 매칭 없음,,,,,,,,,,,,,,,,,,,,,,,,,,,,,,,,,,,,,,,,,,,,,meta 없음,,,12월 수출도 한국의 최대 수출 품목인 반도체가 31.5% 증가한 145억 달러를 기록하며 호실적을 이끌었다.
A0006-SP270B11DBD0,A0006-SP270B11DBD0-m2,수출액,무역,반도체,14500000000,달러,달러,currency,amount,item,수준값,현재값,KOSIS_VALUE,202412,M,전년동월,,2,585,,ALTERNATE,NOT_TOP_TABLE,후순위 통계표 후보,"품목별,수출,수입,무역",hybrid+reranker,168,Y,,0.7716715335845947,0.4841269841269841,,,134,DT_134006_N001,품목별 수입·수출현황,2017044,기업무역활동통계,meta_index 없음 또는 코드명 매칭 없음,,,,,,,,,,,,,,,,,,,,,,,,,,,,,,,,,,,,,,,,,,,,,meta 없음,,,12월 수출도 한국의 최대 수출 품목인 반도체가 31.5% 증가한 145억 달러를 기록하며 호실적을 이끌었다.
A0006-SP270B11DBD0,A0006-SP270B11DBD0-m2,수출액,무역,반도체,14500000000,달러,달러,currency,amount,item,수준값,현재값,KOSIS_VALUE,202412,M,전년동월,,3,546,,ALTERNATE,NOT_TOP_TABLE,후순위 통계표 후보,"IT산업,수출,ICT,codebook:semiconductor_export_m",hybrid+reranker+codebook,1142,Y,,0.6322757005691528,0.5,semiconductor_export_m,semiconductor_export_m,127,DT_092_115_2009_S023,IT산업별/월별 수출 현황,2007407,ICT수출입통계,meta_index 없음 또는 코드명 매칭 없음,,,,,,,,,,,,,,,,,,,,,,,,,,,,,,,,,,,,,,,,,,,,,코드북 후보 선택,,,12월 수출도 한국의 최대 수출 품목인 반도체가 31.5% 증가한 145억 달러를 기록하며 호실적을 이끌었다.
A0006-SP270B11DBD0,A0006-SP270B11DBD0-m2,수출액,무역,반도체,14500000000,달러,달러,currency,amount,item,수준값,현재값,KOSIS_VALUE,202412,M,전년동월,,4,516,,ALTERNATE,NOT_TOP_TABLE,후순위 통계표 후보,"품목별,수출,무역",hybrid+reranker,152,Y,,0.727878749370575,0.4013157894736842,,,134,DT_134006_N012,품목별 고성장·가젤기업 수출현황,2017044,기업무역활동통계,meta_index 없음 또는 코드명 매칭 없음,,,,,,,,,,,,,,,,,,,,,,,,,,,,,,,,,,,,,,,,,,,,,meta 없음,,,12월 수출도 한국의 최대 수출 품목인 반도체가 31.5% 증가한 145억 달러를 기록하며 호실적을 이끌었다.
A0006-SP270B11DBD0,A0006-SP270B11DBD0-m2,수출액,무역,반도체,14500000000,달러,달러,currency,amount,item,수준값,현재값,KOSIS_VALUE,202412,M,전년동월,,5,491,,ALTERNATE,NOT_TOP_TABLE,후순위 통계표 후보,"품목별,수출,무역",hybrid+reranker,152,Y,,0.6465717554092407,0.4066666666666667,,,134,DT_13405_003,품목별 FTA 수출활용률,2014013,FTA특혜무역활용통계,meta_index 없음 또는 코드명 매칭 없음,,,,,,,,,,,,,,,,,,,,,,,,,,,,,,,,,,,,,,,,,,,,,meta 없음,,,12월 수출도 한국의 최대 수출 품목인 반도체가 31.5% 증가한 145억 달러를 기록하며 호실적을 이끌었다.
A0009-SP6DEE6F8890,A0009-SP6DEE6F8890-m1,국제선 이용객 수,무역,"LCC, 대형항공사",47200000,명,명,person_count,count,person,수준값,현재값,KOSIS_VALUE,2023,Y,전년,,1,983,674,TABLE_ONLY,META_NOT_LOADED,통계표 메타 조회 전 후보,여객,hybrid+reranker,296,Y,0.6108763813972473,0.9949983358383179,0.9760624679979518,,,116,DT_MLTM_5406,"<여객>지역간 통행량(승용차,버스,철도,항공,해운)",2005053,국가교통조사,meta_index 없음 또는 코드명 매칭 없음,,,,,,,,,,,,,,,,,,,,,,,,,,,,,,,,,,,,,,,,,,,,,meta 없음,,,7 2023년 국적기로 국제선을 이용한 여객 4720만여 명 가운데 저비용항공사(LCC) 이용객이 2419만여 명으로 대형항공사(대한항공·아시아나항공) 이용객 2300만여 명을 처음으로 넘어섰다.
A0009-SP6DEE6F8890,A0009-SP6DEE6F8890-m1,국제선 이용객 수,무역,"LCC, 대형항공사",47200000,명,명,person_count,count,person,수준값,현재값,KOSIS_VALUE,2023,Y,전년,,2,674,,ALTERNATE,NOT_TOP_TABLE,후순위 통계표 후보,국제선,hybrid+reranker,316,Y,,0.9969485402107239,0.5,,,381,DT_920005_B005,국제선 지역별 통계,2005006,항공통계,meta_index 없음 또는 코드명 매칭 없음,,,,,,,,,,,,,,,,,,,,,,,,,,,,,,,,,,,,,,,,,,,,,meta 없음,,,7 2023년 국적기로 국제선을 이용한 여객 4720만여 명 가운데 저비용항공사(LCC) 이용객이 2419만여 명으로 대형항공사(대한항공·아시아나항공) 이용객 2300만여 명을 처음으로 넘어섰다.
A0009-SP6DEE6F8890,A0009-SP6DEE6F8890-m1,국제선 이용객 수,무역,"LCC, 대형항공사",47200000,명,명,person_count,count,person,수준값,현재값,KOSIS_VALUE,2023,Y,전년,,3,663,,ALTERNATE,NOT_TOP_TABLE,후순위 통계표 후보,여객,hybrid+reranker,276,Y,,0.9942474365234375,0.4841269841269841,,,116,DT_MLTM_5376,국내·국제여객 연도별 수송수단별,1975011,교통부문수송실적보고,meta_index 없음 또는 코드명 매칭 없음,,,,,,,,,,,,,,,,,,,,,,,,,,,,,,,,,,,,,,,,,,,,,meta 없음,,,7 2023년 국적기로 국제선을 이용한 여객 4720만여 명 가운데 저비용항공사(LCC) 이용객이 2419만여 명으로 대형항공사(대한항공·아시아나항공) 이용객 2300만여 명을 처음으로 넘어섰다.
A0009-SP6DEE6F8890,A0009-SP6DEE6F8890-m1,국제선 이용객 수,무역,"LCC, 대형항공사",47200000,명,명,person_count,count,person,수준값,현재값,KOSIS_VALUE,2023,Y,전년,,4,658,,ALTERNATE,NOT_TOP_TABLE,후순위 통계표 후보,여객,hybrid+reranker,276,Y,,0.9943581223487854,0.4765625,,,116,DT_MLTM_1048,국내·국제여객 월별 수송수단별,1975011,교통부문수송실적보고,meta_index 없음 또는 코드명 매칭 없음,,,,,,,,,,,,,,,,,,,,,,,,,,,,,,,,,,,,,,,,,,,,,meta 없음,,,7 2023년 국적기로 국제선을 이용한 여객 4720만여 명 가운데 저비용항공사(LCC) 이용객이 2419만여 명으로 대형항공사(대한항공·아시아나항공) 이용객 2300만여 명을 처음으로 넘어섰다.
A0009-SP6DEE6F8890,A0009-SP6DEE6F8890-m1,국제선 이용객 수,무역,"LCC, 대형항공사",47200000,명,명,person_count,count,person,수준값,현재값,KOSIS_VALUE,2023,Y,전년,,5,653,,ALTERNATE,NOT_TOP_TABLE,후순위 통계표 후보,여객,hybrid+reranker,276,Y,,0.9954261183738708,0.46923076923076923,,,116,DT_MLTM_1050,국내·국제여객총괄,1975011,교통부문수송실적보고,meta_index 없음 또는 코드명 매칭 없음,,,,,,,,,,,,,,,,,,,,,,,,,,,,,,,,,,,,,,,,,,,,,meta 없음,,,7 2023년 국적기로 국제선을 이용한 여객 4720만여 명 가운데 저비용항공사(LCC) 이용객이 2419만여 명으로 대형항공사(대한항공·아시아나항공) 이용객 2300만여 명을 처음으로 넘어섰다.
A0009-SP6DEE6F8890,A0009-SP6DEE6F8890-m2,LCC 이용객 수,무역,LCC,24190000,명,명,person_count,count,person,수준값,현재값,KOSIS_VALUE,2023,Y,전년,,1,669,663,TABLE_ONLY,META_NOT_LOADED,통계표 메타 조회 전 후보,,hybrid+reranker,480,Y,,0.982355535030365,0.5,,,381,DT_920005_B008,항공사별 통계,2005006,항공통계,meta_index 없음 또는 코드명 매칭 없음,,,,,,,,,,,,,,,,,,,,,,,,,,,,,,,,,,,,,,,,,,,,,meta 없음,,,7 2023년 국적기로 국제선을 이용한 여객 4720만여 명 가운데 저비용항공사(LCC) 이용객이 2419만여 명으로 대형항공사(대한항공·아시아나항공) 이용객 2300만여 명을 처음으로 넘어섰다.
A0009-SP6DEE6F8890,A0009-SP6DEE6F8890-m2,LCC 이용객 수,무역,LCC,24190000,명,명,person_count,count,person,수준값,현재값,KOSIS_VALUE,2023,Y,전년,,2,663,,ALTERNATE,NOT_TOP_TABLE,후순위 통계표 후보,국제선,hybrid+reranker,278,Y,,0.9815951585769653,0.4919354838709677,,,381,DT_920005_B005,국제선 지역별 통계,2005006,항공통계,meta_index 없음 또는 코드명 매칭 없음,,,,,,,,,,,,,,,,,,,,,,,,,,,,,,,,,,,,,,,,,,,,,meta 없음,,,7 2023년 국적기로 국제선을 이용한 여객 4720만여 명 가운데 저비용항공사(LCC) 이용객이 2419만여 명으로 대형항공사(대한항공·아시아나항공) 이용객 2300만여 명을 처음으로 넘어섰다.
A0009-SP6DEE6F8890,A0009-SP6DEE6F8890-m2,LCC 이용객 수,무역,LCC,24190000,명,명,person_count,count,person,수준값,현재값,KOSIS_VALUE,2023,Y,전년,,3,653,,ALTERNATE,NOT_TOP_TABLE,후순위 통계표 후보,여객,hybrid+reranker,276,Y,,0.9662197828292847,0.4841269841269841,,,116,DT_MLTM_5376,국내·국제여객 연도별 수송수단별,1975011,교통부문수송실적보고,meta_index 없음 또는 코드명 매칭 없음,,,,,,,,,,,,,,,,,,,,,,,,,,,,,,,,,,,,,,,,,,,,,meta 없음,,,7 2023년 국적기로 국제선을 이용한 여객 4720만여 명 가운데 저비용항공사(LCC) 이용객이 2419만여 명으로 대형항공사(대한항공·아시아나항공) 이용객 2300만여 명을 처음으로 넘어섰다.
A0009-SP6DEE6F8890,A0009-SP6DEE6F8890-m2,LCC 이용객 수,무역,LCC,24190000,명,명,person_count,count,person,수준값,현재값,KOSIS_VALUE,2023,Y,전년,,4,649,,ALTERNATE,NOT_TOP_TABLE,후순위 통계표 후보,여객,hybrid+reranker,276,Y,,0.9679599404335022,0.4765625,,,116,DT_MLTM_1048,국내·국제여객 월별 수송수단별,1975011,교통부문수송실적보고,meta_index 없음 또는 코드명 매칭 없음,,,,,,,,,,,,,,,,,,,,,,,,,,,,,,,,,,,,,,,,,,,,,meta 없음,,,7 2023년 국적기로 국제선을 이용한 여객 4720만여 명 가운데 저비용항공사(LCC) 이용객이 2419만여 명으로 대형항공사(대한항공·아시아나항공) 이용객 2300만여 명을 처음으로 넘어섰다.
A0009-SP6DEE6F8890,A0009-SP6DEE6F8890-m2,LCC 이용객 수,무역,LCC,24190000,명,명,person_count,count,person,수준값,현재값,KOSIS_VALUE,2023,Y,전년,,5,647,,ALTERNATE,NOT_TOP_TABLE,후순위 통계표 후보,여객,hybrid+reranker,276,Y,,0.9777563810348511,0.46923076923076923,,,116,DT_MLTM_1050,국내·국제여객총괄,1975011,교통부문수송실적보고,meta_index 없음 또는 코드명 매칭 없음,,,,,,,,,,,,,,,,,,,,,,,,,,,,,,,,,,,,,,,,,,,,,meta 없음,,,7 2023년 국적기로 국제선을 이용한 여객 4720만여 명 가운데 저비용항공사(LCC) 이용객이 2419만여 명으로 대형항공사(대한항공·아시아나항공) 이용객 2300만여 명을 처음으로 넘어섰다.
A0009-SP6DEE6F8890,A0009-SP6DEE6F8890-m3,대형항공사 이용객 수,무역,"대한항공, 아시아나항공",23000000,명,명,person_count,count,person,수준값,현재값,KOSIS_VALUE,2023,Y,전년,,1,672,665,TABLE_ONLY,META_NOT_LOADED,통계표 메타 조회 전 후보,항공,hybrid+reranker,492,Y,,0.9924813508987427,0.5,,,381,DT_920005_B008,항공사별 통계,2005006,항공통계,meta_index 없음 또는 코드명 매칭 없음,,,,,,,,,,,,,,,,,,,,,,,,,,,,,,,,,,,,,,,,,,,,,meta 없음,,,7 2023년 국적기로 국제선을 이용한 여객 4720만여 명 가운데 저비용항공사(LCC) 이용객이 2419만여 명으로 대형항공사(대한항공·아시아나항공) 이용객 2300만여 명을 처음으로 넘어섰다.
A0009-SP6DEE6F8890,A0009-SP6DEE6F8890-m3,대형항공사 이용객 수,무역,"대한항공, 아시아나항공",23000000,명,명,person_count,count,person,수준값,현재값,KOSIS_VALUE,2023,Y,전년,,2,665,,ALTERNATE,NOT_TOP_TABLE,후순위 통계표 후보,"여객,교통",hybrid+reranker,288,Y,,0.9862577319145203,0.4919354838709677,,,116,DT_MLTM_5376,국내·국제여객 연도별 수송수단별,1975011,교통부문수송실적보고,meta_index 없음 또는 코드명 매칭 없음,,,,,,,,,,,,,,,,,,,,,,,,,,,,,,,,,,,,,,,,,,,,,meta 없음,,,7 2023년 국적기로 국제선을 이용한 여객 4720만여 명 가운데 저비용항공사(LCC) 이용객이 2419만여 명으로 대형항공사(대한항공·아시아나항공) 이용객 2300만여 명을 처음으로 넘어섰다.
A0009-SP6DEE6F8890,A0009-SP6DEE6F8890-m3,대형항공사 이용객 수,무역,"대한항공, 아시아나항공",23000000,명,명,person_count,count,person,수준값,현재값,KOSIS_VALUE,2023,Y,전년,,3,660,,ALTERNATE,NOT_TOP_TABLE,후순위 통계표 후보,"여객,교통",hybrid+reranker,288,Y,,0.9857729077339172,0.4841269841269841,,,116,DT_MLTM_1048,국내·국제여객 월별 수송수단별,1975011,교통부문수송실적보고,meta_index 없음 또는 코드명 매칭 없음,,,,,,,,,,,,,,,,,,,,,,,,,,,,,,,,,,,,,,,,,,,,,meta 없음,,,7 2023년 국적기로 국제선을 이용한 여객 4720만여 명 가운데 저비용항공사(LCC) 이용객이 2419만여 명으로 대형항공사(대한항공·아시아나항공) 이용객 2300만여 명을 처음으로 넘어섰다.
A0009-SP6DEE6F8890,A0009-SP6DEE6F8890-m3,대형항공사 이용객 수,무역,"대한항공, 아시아나항공",23000000,명,명,person_count,count,person,수준값,현재값,KOSIS_VALUE,2023,Y,전년,,4,656,,ALTERNATE,NOT_TOP_TABLE,후순위 통계표 후보,"여객,교통",hybrid+reranker,288,Y,,0.9899086952209473,0.4765625,,,116,DT_MLTM_1050,국내·국제여객총괄,1975011,교통부문수송실적보고,meta_index 없음 또는 코드명 매칭 없음,,,,,,,,,,,,,,,,,,,,,,,,,,,,,,,,,,,,,,,,,,,,,meta 없음,,,7 2023년 국적기로 국제선을 이용한 여객 4720만여 명 가운데 저비용항공사(LCC) 이용객이 2419만여 명으로 대형항공사(대한항공·아시아나항공) 이용객 2300만여 명을 처음으로 넘어섰다.
A0009-SP6DEE6F8890,A0009-SP6DEE6F8890-m3,대형항공사 이용객 수,무역,"대한항공, 아시아나항공",23000000,명,명,person_count,count,person,수준값,현재값,KOSIS_VALUE,2023,Y,전년,,5,651,,ALTERNATE,NOT_TOP_TABLE,후순위 통계표 후보,"국제선,항공",hybrid+reranker,282,Y,,0.9894702434539795,0.46923076923076923,,,381,DT_920005_B005,국제선 지역별 통계,2005006,항공통계,meta_index 없음 또는 코드명 매칭 없음,,,,,,,,,,,,,,,,,,,,,,,,,,,,,,,,,,,,,,,,,,,,,meta 없음,,,7 2023년 국적기로 국제선을 이용한 여객 4720만여 명 가운데 저비용항공사(LCC) 이용객이 2419만여 명으로 대형항공사(대한항공·아시아나항공) 이용객 2300만여 명을 처음으로 넘어섰다.
A0009-SP34DD5F12F6,A0009-SP34DD5F12F6-m1,대형 항공사 정비사 비율,고용,항공,72.6,%,%,rate,rate_level,person,비중,현재값,KOSIS_VALUE,2023,Y,전년,,1,673,668,TABLE_ONLY,META_NOT_LOADED,통계표 메타 조회 전 후보,"종사자,직무별,항공,codebook:airline_mechanics_y",hybrid+reranker+codebook,984,Y,,0.9956516623497009,0.5,airline_mechanics_y,airline_mechanics_y,444,DT_444002_N2023A006,직무별 종사자 현황,2022014,항공산업실태조사,meta_index 없음 또는 코드명 매칭 없음,,,,,,,,,,,,,,,,,,,,,,,,,,,,,,,,,,,,,,,,,,,,,코드북 후보 선택,,,"31일 본지가 국토교통부의 항공 정비사 통계를 분석한 결과, 대한항공과 아시아나 2사 소속이 전체의 72.6%를 차지하는 것으로 나타났다. 반면 운송 여객 수가 더 많은 LCC 10사(여객·화물 항공사 포함)의 정비사 비율은 27.4%에 그쳤다."
A0009-SP34DD5F12F6,A0009-SP34DD5F12F6-m1,대형 항공사 정비사 비율,고용,항공,72.6,%,%,rate,rate_level,person,비중,현재값,KOSIS_VALUE,2023,Y,전년,,2,668,,ALTERNATE,NOT_TOP_TABLE,후순위 통계표 후보,"항공,항공사",hybrid+reranker,652,Y,,0.9955315589904785,0.4919354838709677,,,381,DT_920005_B008,항공사별 통계,2005006,항공통계,meta_index 없음 또는 코드명 매칭 없음,,,,,,,,,,,,,,,,,,,,,,,,,,,,,,,,,,,,,,,,,,,,,meta 없음,,,"31일 본지가 국토교통부의 항공 정비사 통계를 분석한 결과, 대한항공과 아시아나 2사 소속이 전체의 72.6%를 차지하는 것으로 나타났다. 반면 운송 여객 수가 더 많은 LCC 10사(여객·화물 항공사 포함)의 정비사 비율은 27.4%에 그쳤다."
A0009-SP34DD5F12F6,A0009-SP34DD5F12F6-m1,대형 항공사 정비사 비율,고용,항공,72.6,%,%,rate,rate_level,person,비중,현재값,KOSIS_VALUE,2023,Y,전년,,3,662,,ALTERNATE,NOT_TOP_TABLE,후순위 통계표 후보,항공,hybrid+reranker,52,Y,,0.9930961728096008,0.4841269841269841,,,381,DT_920005_B005,국제선 지역별 통계,2005006,항공통계,meta_index 없음 또는 코드명 매칭 없음,,,,,,,,,,,,,,,,,,,,,,,,,,,,,,,,,,,,,,,,,,,,,meta 없음,,,"31일 본지가 국토교통부의 항공 정비사 통계를 분석한 결과, 대한항공과 아시아나 2사 소속이 전체의 72.6%를 차지하는 것으로 나타났다. 반면 운송 여객 수가 더 많은 LCC 10사(여객·화물 항공사 포함)의 정비사 비율은 27.4%에 그쳤다."
A0009-SP34DD5F12F6,A0009-SP34DD5F12F6-m1,대형 항공사 정비사 비율,고용,항공,72.6,%,%,rate,rate_level,person,비중,현재값,KOSIS_VALUE,2023,Y,전년,,4,673,,ALTERNATE,NOT_TOP_TABLE,후순위 통계표 후보,"종사자,항공,운송",hybrid+reranker,-546,N,0.6104693412780762,0.9956005811691284,0.5,,,101,DT_1IA1052,산업 및 종사자 규모별 총괄,1978009,운수업조사 > 조사기반 > 운수업부문 > 회차별 산업분류(~1996) > 운수업조사(1992~1996:6차산업분류기준) > 항공운송업,meta_index 없음 또는 코드명 매칭 없음,,,,,,,,,,,,,,,,,,,,,,,,,,,,,,,,,,,,,,,,,,,,,meta 없음,,,"31일 본지가 국토교통부의 항공 정비사 통계를 분석한 결과, 대한항공과 아시아나 2사 소속이 전체의 72.6%를 차지하는 것으로 나타났다. 반면 운송 여객 수가 더 많은 LCC 10사(여객·화물 항공사 포함)의 정비사 비율은 27.4%에 그쳤다."
A0009-SP34DD5F12F6,A0009-SP34DD5F12F6-m1,대형 항공사 정비사 비율,고용,항공,72.6,%,%,rate,rate_level,person,비중,현재값,KOSIS_VALUE,2023,Y,전년,,5,668,,ALTERNATE,NOT_TOP_TABLE,후순위 통계표 후보,"항공,운송",hybrid+reranker,-558,N,0.608331561088562,0.9937587976455688,0.4919354838709677,,,101,DT_1IA2046,항공기 보유현황,1978009,운수업조사 > 조사기반 > 운수업부문 > 회차별 산업분류(~1996) > 운수업조사(1991:6차산업분류기준) > 항공운송업,meta_index 없음 또는 코드명 매칭 없음,,,,,,,,,,,,,,,,,,,,,,,,,,,,,,,,,,,,,,,,,,,,,meta 없음,,,"31일 본지가 국토교통부의 항공 정비사 통계를 분석한 결과, 대한항공과 아시아나 2사 소속이 전체의 72.6%를 차지하는 것으로 나타났다. 반면 운송 여객 수가 더 많은 LCC 10사(여객·화물 항공사 포함)의 정비사 비율은 27.4%에 그쳤다."
A0009-SP34DD5F12F6,A0009-SP34DD5F12F6-m2,LCC 정비사 비율,고용,항공,27.4,%,%,rate,rate_level,person,비중,현재값,KOSIS_VALUE,2023,Y,전년,,1,674,669,TABLE_ONLY,META_NOT_LOADED,통계표 메타 조회 전 후보,"종사자,직무별,항공,codebook:airline_mechanics_y",hybrid+reranker+codebook,984,Y,,0.9974491000175476,0.5,airline_mechanics_y,airline_mechanics_y,444,DT_444002_N2023A006,직무별 종사자 현황,2022014,항공산업실태조사,meta_index 없음 또는 코드명 매칭 없음,,,,,,,,,,,,,,,,,,,,,,,,,,,,,,,,,,,,,,,,,,,,,코드북 후보 선택,,,"31일 본지가 국토교통부의 항공 정비사 통계를 분석한 결과, 대한항공과 아시아나 2사 소속이 전체의 72.6%를 차지하는 것으로 나타났다. 반면 운송 여객 수가 더 많은 LCC 10사(여객·화물 항공사 포함)의 정비사 비율은 27.4%에 그쳤다."
A0009-SP34DD5F12F6,A0009-SP34DD5F12F6-m2,LCC 정비사 비율,고용,항공,27.4,%,%,rate,rate_level,person,비중,현재값,KOSIS_VALUE,2023,Y,전년,,2,669,,ALTERNATE,NOT_TOP_TABLE,후순위 통계표 후보,항공,hybrid+reranker,596,Y,,0.9976218342781067,0.4919354838709677,,,381,DT_920005_B008,항공사별 통계,2005006,항공통계,meta_index 없음 또는 코드명 매칭 없음,,,,,,,,,,,,,,,,,,,,,,,,,,,,,,,,,,,,,,,,,,,,,meta 없음,,,"31일 본지가 국토교통부의 항공 정비사 통계를 분석한 결과, 대한항공과 아시아나 2사 소속이 전체의 72.6%를 차지하는 것으로 나타났다. 반면 운송 여객 수가 더 많은 LCC 10사(여객·화물 항공사 포함)의 정비사 비율은 27.4%에 그쳤다."
A0009-SP34DD5F12F6,A0009-SP34DD5F12F6-m2,LCC 정비사 비율,고용,항공,27.4,%,%,rate,rate_level,person,비중,현재값,KOSIS_VALUE,2023,Y,전년,,3,664,,ALTERNATE,NOT_TOP_TABLE,후순위 통계표 후보,항공,hybrid+reranker,52,Y,,0.9966365098953247,0.4841269841269841,,,381,DT_920005_B005,국제선 지역별 통계,2005006,항공통계,meta_index 없음 또는 코드명 매칭 없음,,,,,,,,,,,,,,,,,,,,,,,,,,,,,,,,,,,,,,,,,,,,,meta 없음,,,"31일 본지가 국토교통부의 항공 정비사 통계를 분석한 결과, 대한항공과 아시아나 2사 소속이 전체의 72.6%를 차지하는 것으로 나타났다. 반면 운송 여객 수가 더 많은 LCC 10사(여객·화물 항공사 포함)의 정비사 비율은 27.4%에 그쳤다."
A0009-SP34DD5F12F6,A0009-SP34DD5F12F6-m2,LCC 정비사 비율,고용,항공,27.4,%,%,rate,rate_level,person,비중,현재값,KOSIS_VALUE,2023,Y,전년,,4,674,,ALTERNATE,NOT_TOP_TABLE,후순위 통계표 후보,항공,hybrid+reranker,-564,N,0.5990015268325806,0.9969956874847412,0.5,,,101,DT_1IA2046,항공기 보유현황,1978009,운수업조사 > 조사기반 > 운수업부문 > 회차별 산업분류(~1996) > 운수업조사(1991:6차산업분류기준) > 항공운송업,meta_index 없음 또는 코드명 매칭 없음,,,,,,,,,,,,,,,,,,,,,,,,,,,,,,,,,,,,,,,,,,,,,meta 없음,,,"31일 본지가 국토교통부의 항공 정비사 통계를 분석한 결과, 대한항공과 아시아나 2사 소속이 전체의 72.6%를 차지하는 것으로 나타났다. 반면 운송 여객 수가 더 많은 LCC 10사(여객·화물 항공사 포함)의 정비사 비율은 27.4%에 그쳤다."
A0009-SP34DD5F12F6,A0009-SP34DD5F12F6-m2,LCC 정비사 비율,고용,항공,27.4,%,%,rate,rate_level,person,비중,현재값,KOSIS_VALUE,2023,Y,전년,,5,669,,ALTERNATE,NOT_TOP_TABLE,후순위 통계표 후보,"종사자,항공",hybrid+reranker,-552,N,0.5890152454376221,0.9974689483642578,0.4919354838709677,,,101,DT_1IA1052,산업 및 종사자 규모별 총괄,1978009,운수업조사 > 조사기반 > 운수업부문 > 회차별 산업분류(~1996) > 운수업조사(1992~1996:6차산업분류기준) > 항공운송업,meta_index 없음 또는 코드명 매칭 없음,,,,,,,,,,,,,,,,,,,,,,,,,,,,,,,,,,,,,,,,,,,,,meta 없음,,,"31일 본지가 국토교통부의 항공 정비사 통계를 분석한 결과, 대한항공과 아시아나 2사 소속이 전체의 72.6%를 차지하는 것으로 나타났다. 반면 운송 여객 수가 더 많은 LCC 10사(여객·화물 항공사 포함)의 정비사 비율은 27.4%에 그쳤다."
A0009-SP5AD77DAE18,A0009-SP5AD77DAE18-m4,정비사 총수,고용,항공,5849,명,명,person_count,count,person,수준값,현재값,KOSIS_VALUE,2023,Y,전년,,1,914,666,TABLE_ONLY,META_NOT_LOADED,통계표 메타 조회 전 후보,"종사자,직무별,항공,codebook:airline_mechanics_y",hybrid+reranker+codebook,1202,Y,0.5810856819152832,0.992452085018158,0.8719512195121951,airline_mechanics_y,airline_mechanics_y,444,DT_444002_N2023A006,직무별 종사자 현황,2022014,항공산업실태조사,meta_index 없음 또는 코드명 매칭 없음,,,,,,,,,,,,,,,,,,,,,,,,,,,,,,,,,,,,,,,,,,,,,코드북 후보 선택,,,"◇급성장한 LCC, 안전 투자는 미흡 국토교통부가 지난해 9월 발표한 ‘2023 항공안전백서’에 따르면, 국내 12개 항공사의 정비사 총 5849명(2023년말 기준) 가운데 대형 항공사인 대한항공, 아시아나항공 등 2사 소속은 4248명이었다. 제주항공·진에어 등 LCC 10사의 정비사는 모두 1601명으로, 대형항공사의 3분의 1 수준(37.7%)에 그쳤다."
A0009-SP5AD77DAE18,A0009-SP5AD77DAE18-m4,정비사 총수,고용,항공,5849,명,명,person_count,count,person,수준값,현재값,KOSIS_VALUE,2023,Y,전년,,2,666,,ALTERNATE,NOT_TOP_TABLE,후순위 통계표 후보,"항공,항공사",hybrid+reranker,268,Y,,0.9905874133110046,0.4919354838709677,,,381,DT_920005_B008,항공사별 통계,2005006,항공통계,meta_index 없음 또는 코드명 매칭 없음,,,,,,,,,,,,,,,,,,,,,,,,,,,,,,,,,,,,,,,,,,,,,meta 없음,,,"◇급성장한 LCC, 안전 투자는 미흡 국토교통부가 지난해 9월 발표한 ‘2023 항공안전백서’에 따르면, 국내 12개 항공사의 정비사 총 5849명(2023년말 기준) 가운데 대형 항공사인 대한항공, 아시아나항공 등 2사 소속은 4248명이었다. 제주항공·진에어 등 LCC 10사의 정비사는 모두 1601명으로, 대형항공사의 3분의 1 수준(37.7%)에 그쳤다."
A0009-SP5AD77DAE18,A0009-SP5AD77DAE18-m4,정비사 총수,고용,항공,5849,명,명,person_count,count,person,수준값,현재값,KOSIS_VALUE,2023,Y,전년,,3,669,,ALTERNATE,NOT_TOP_TABLE,후순위 통계표 후보,"종사자,2023",hybrid+reranker,-340,N,0.5975815057754517,0.9840323328971863,0.5,,,395,DT_395N_S2022302,회사의 인력규모 : 2021년 기준 상시종사자 수,2003024,한국기업혁신조사 > 2023년도 조사(서비스 부문) > 회사의 인력규모,meta_index 없음 또는 코드명 매칭 없음,,,,,,,,,,,,,,,,,,,,,,,,,,,,,,,,,,,,,,,,,,,,,meta 없음,,,"◇급성장한 LCC, 안전 투자는 미흡 국토교통부가 지난해 9월 발표한 ‘2023 항공안전백서’에 따르면, 국내 12개 항공사의 정비사 총 5849명(2023년말 기준) 가운데 대형 항공사인 대한항공, 아시아나항공 등 2사 소속은 4248명이었다. 제주항공·진에어 등 LCC 10사의 정비사는 모두 1601명으로, 대형항공사의 3분의 1 수준(37.7%)에 그쳤다."
A0009-SP5AD77DAE18,A0009-SP5AD77DAE18-m4,정비사 총수,고용,항공,5849,명,명,person_count,count,person,수준값,현재값,KOSIS_VALUE,2023,Y,전년,,4,667,,ALTERNATE,NOT_TOP_TABLE,후순위 통계표 후보,"종사자,항공",hybrid+reranker,-334,N,0.5974022150039673,0.990767776966095,0.4919354838709677,,,101,DT_1IA1055,"산업 및 종사자 규모별, 성별, 종사상의 지위별 종사자수",1978009,운수업조사 > 조사기반 > 운수업부문 > 회차별 산업분류(~1996) > 운수업조사(1992~1996:6차산업분류기준) > 항공운송업,meta_index 없음 또는 코드명 매칭 없음,,,,,,,,,,,,,,,,,,,,,,,,,,,,,,,,,,,,,,,,,,,,,meta 없음,,,"◇급성장한 LCC, 안전 투자는 미흡 국토교통부가 지난해 9월 발표한 ‘2023 항공안전백서’에 따르면, 국내 12개 항공사의 정비사 총 5849명(2023년말 기준) 가운데 대형 항공사인 대한항공, 아시아나항공 등 2사 소속은 4248명이었다. 제주항공·진에어 등 LCC 10사의 정비사는 모두 1601명으로, 대형항공사의 3분의 1 수준(37.7%)에 그쳤다."
A0009-SP5AD77DAE18,A0009-SP5AD77DAE18-m4,정비사 총수,고용,항공,5849,명,명,person_count,count,person,수준값,현재값,KOSIS_VALUE,2023,Y,전년,,5,659,,ALTERNATE,NOT_TOP_TABLE,후순위 통계표 후보,종사자,hybrid+reranker,-644,N,0.5972337126731873,0.9851003289222717,0.4841269841269841,,,395,DT_395N_S2020310,회사의 인력규모: 2019년 기준 상시종사자 수,2003024,한국기업혁신조사 > 2021년도 조사(서비스 부문) > 회사의 인력규모,meta_index 없음 또는 코드명 매칭 없음,,,,,,,,,,,,,,,,,,,,,,,,,,,,,,,,,,,,,,,,,,,,,meta 없음,,,"◇급성장한 LCC, 안전 투자는 미흡 국토교통부가 지난해 9월 발표한 ‘2023 항공안전백서’에 따르면, 국내 12개 항공사의 정비사 총 5849명(2023년말 기준) 가운데 대형 항공사인 대한항공, 아시아나항공 등 2사 소속은 4248명이었다. 제주항공·진에어 등 LCC 10사의 정비사는 모두 1601명으로, 대형항공사의 3분의 1 수준(37.7%)에 그쳤다."
A0009-SP5AD77DAE18,A0009-SP5AD77DAE18-m5,대형 항공사 정비사 수,고용,항공,4248,명,명,person_count,count,person,수준값,현재값,KOSIS_VALUE,2023,Y,전년,,1,900,669,TABLE_ONLY,META_NOT_LOADED,통계표 메타 조회 전 후보,"종사자,직무별,항공,codebook:airline_mechanics_y",hybrid+reranker+codebook,984,Y,0.5584824085235596,0.9979493021965027,0.8465909090909091,airline_mechanics_y,airline_mechanics_y,444,DT_444002_N2023A006,직무별 종사자 현황,2022014,항공산업실태조사,meta_index 없음 또는 코드명 매칭 없음,,,,,,,,,,,,,,,,,,,,,,,,,,,,,,,,,,,,,,,,,,,,,코드북 후보 선택,,,"◇급성장한 LCC, 안전 투자는 미흡 국토교통부가 지난해 9월 발표한 ‘2023 항공안전백서’에 따르면, 국내 12개 항공사의 정비사 총 5849명(2023년말 기준) 가운데 대형 항공사인 대한항공, 아시아나항공 등 2사 소속은 4248명이었다. 제주항공·진에어 등 LCC 10사의 정비사는 모두 1601명으로, 대형항공사의 3분의 1 수준(37.7%)에 그쳤다."
A0009-SP5AD77DAE18,A0009-SP5AD77DAE18-m5,대형 항공사 정비사 수,고용,항공,4248,명,명,person_count,count,person,수준값,현재값,KOSIS_VALUE,2023,Y,전년,,2,669,,ALTERNATE,NOT_TOP_TABLE,후순위 통계표 후보,"항공사,항공",hybrid+reranker,652,Y,,0.9976125955581665,0.4919354838709677,,,381,DT_920005_B008,항공사별 통계,2005006,항공통계,meta_index 없음 또는 코드명 매칭 없음,,,,,,,,,,,,,,,,,,,,,,,,,,,,,,,,,,,,,,,,,,,,,meta 없음,,,"◇급성장한 LCC, 안전 투자는 미흡 국토교통부가 지난해 9월 발표한 ‘2023 항공안전백서’에 따르면, 국내 12개 항공사의 정비사 총 5849명(2023년말 기준) 가운데 대형 항공사인 대한항공, 아시아나항공 등 2사 소속은 4248명이었다. 제주항공·진에어 등 LCC 10사의 정비사는 모두 1601명으로, 대형항공사의 3분의 1 수준(37.7%)에 그쳤다."
A0009-SP5AD77DAE18,A0009-SP5AD77DAE18-m5,대형 항공사 정비사 수,고용,항공,4248,명,명,person_count,count,person,수준값,현재값,KOSIS_VALUE,2023,Y,전년,,3,663,,ALTERNATE,NOT_TOP_TABLE,후순위 통계표 후보,항공,hybrid+reranker,52,Y,,0.9964619278907776,0.4841269841269841,,,381,DT_920005_B005,국제선 지역별 통계,2005006,항공통계,meta_index 없음 또는 코드명 매칭 없음,,,,,,,,,,,,,,,,,,,,,,,,,,,,,,,,,,,,,,,,,,,,,meta 없음,,,"◇급성장한 LCC, 안전 투자는 미흡 국토교통부가 지난해 9월 발표한 ‘2023 항공안전백서’에 따르면, 국내 12개 항공사의 정비사 총 5849명(2023년말 기준) 가운데 대형 항공사인 대한항공, 아시아나항공 등 2사 소속은 4248명이었다. 제주항공·진에어 등 LCC 10사의 정비사는 모두 1601명으로, 대형항공사의 3분의 1 수준(37.7%)에 그쳤다."
A0009-SP5AD77DAE18,A0009-SP5AD77DAE18-m5,대형 항공사 정비사 수,고용,항공,4248,명,명,person_count,count,person,수준값,현재값,KOSIS_VALUE,2023,Y,전년,,4,674,,ALTERNATE,NOT_TOP_TABLE,후순위 통계표 후보,"종사자,고용,항공,운송",hybrid+reranker,-528,N,0.5863083004951477,0.9981324076652527,0.5,,,101,DT_1IA1056,산업 및 종사자 규모별 직종별 피고용자수,1978009,운수업조사 > 조사기반 > 운수업부문 > 회차별 산업분류(~1996) > 운수업조사(1992~1996:6차산업분류기준) > 항공운송업,meta_index 없음 또는 코드명 매칭 없음,,,,,,,,,,,,,,,,,,,,,,,,,,,,,,,,,,,,,,,,,,,,,meta 없음,,,"◇급성장한 LCC, 안전 투자는 미흡 국토교통부가 지난해 9월 발표한 ‘2023 항공안전백서’에 따르면, 국내 12개 항공사의 정비사 총 5849명(2023년말 기준) 가운데 대형 항공사인 대한항공, 아시아나항공 등 2사 소속은 4248명이었다. 제주항공·진에어 등 LCC 10사의 정비사는 모두 1601명으로, 대형항공사의 3분의 1 수준(37.7%)에 그쳤다."
A0009-SP5AD77DAE18,A0009-SP5AD77DAE18-m5,대형 항공사 정비사 수,고용,항공,4248,명,명,person_count,count,person,수준값,현재값,KOSIS_VALUE,2023,Y,전년,,5,669,,ALTERNATE,NOT_TOP_TABLE,후순위 통계표 후보,항공,hybrid+reranker,-588,N,0.5841861963272095,0.9976218342781067,0.4919354838709677,,,101,DT_1IA3006,산업 및 종업원 규모별 종업원수,1978009,운수업조사 > 조사기반 > 운수업부문 > 회차별 산업분류(~1996) > 운수업조사(1983~1990:5차산업분류기준) > 항공운수업,meta_index 없음 또는 코드명 매칭 없음,,,,,,,,,,,,,,,,,,,,,,,,,,,,,,,,,,,,,,,,,,,,,meta 없음,,,"◇급성장한 LCC, 안전 투자는 미흡 국토교통부가 지난해 9월 발표한 ‘2023 항공안전백서’에 따르면, 국내 12개 항공사의 정비사 총 5849명(2023년말 기준) 가운데 대형 항공사인 대한항공, 아시아나항공 등 2사 소속은 4248명이었다. 제주항공·진에어 등 LCC 10사의 정비사는 모두 1601명으로, 대형항공사의 3분의 1 수준(37.7%)에 그쳤다."
A0009-SP5AD77DAE18,A0009-SP5AD77DAE18-m6,LCC 정비사 수,고용,항공,1601,명,명,person_count,count,person,수준값,현재값,KOSIS_VALUE,2023,Y,전년,,1,899,669,TABLE_ONLY,META_NOT_LOADED,통계표 메타 조회 전 후보,"종사자,직무별,항공,codebook:airline_mechanics_y",hybrid+reranker+codebook,982,Y,0.559241771697998,0.9965435862541199,0.8465909090909091,airline_mechanics_y,airline_mechanics_y,444,DT_444002_N2023A006,직무별 종사자 현황,2022014,항공산업실태조사,meta_index 없음 또는 코드명 매칭 없음,,,,,,,,,,,,,,,,,,,,,,,,,,,,,,,,,,,,,,,,,,,,,코드북 후보 선택,,,"◇급성장한 LCC, 안전 투자는 미흡 국토교통부가 지난해 9월 발표한 ‘2023 항공안전백서’에 따르면, 국내 12개 항공사의 정비사 총 5849명(2023년말 기준) 가운데 대형 항공사인 대한항공, 아시아나항공 등 2사 소속은 4248명이었다. 제주항공·진에어 등 LCC 10사의 정비사는 모두 1601명으로, 대형항공사의 3분의 1 수준(37.7%)에 그쳤다."
A0009-SP5AD77DAE18,A0009-SP5AD77DAE18-m6,LCC 정비사 수,고용,항공,1601,명,명,person_count,count,person,수준값,현재값,KOSIS_VALUE,2023,Y,전년,,2,669,,ALTERNATE,NOT_TOP_TABLE,후순위 통계표 후보,"항공,항공사",hybrid+reranker,608,Y,,0.9965435862541199,0.4919354838709677,,,381,DT_920005_B008,항공사별 통계,2005006,항공통계,meta_index 없음 또는 코드명 매칭 없음,,,,,,,,,,,,,,,,,,,,,,,,,,,,,,,,,,,,,,,,,,,,,meta 없음,,,"◇급성장한 LCC, 안전 투자는 미흡 국토교통부가 지난해 9월 발표한 ‘2023 항공안전백서’에 따르면, 국내 12개 항공사의 정비사 총 5849명(2023년말 기준) 가운데 대형 항공사인 대한항공, 아시아나항공 등 2사 소속은 4248명이었다. 제주항공·진에어 등 LCC 10사의 정비사는 모두 1601명으로, 대형항공사의 3분의 1 수준(37.7%)에 그쳤다."
A0009-SP5AD77DAE18,A0009-SP5AD77DAE18-m6,LCC 정비사 수,고용,항공,1601,명,명,person_count,count,person,수준값,현재값,KOSIS_VALUE,2023,Y,전년,,3,663,,ALTERNATE,NOT_TOP_TABLE,후순위 통계표 후보,항공,hybrid+reranker,50,Y,,0.9949396848678589,0.4841269841269841,,,381,DT_920005_B005,국제선 지역별 통계,2005006,항공통계,meta_index 없음 또는 코드명 매칭 없음,,,,,,,,,,,,,,,,,,,,,,,,,,,,,,,,,,,,,,,,,,,,,meta 없음,,,"◇급성장한 LCC, 안전 투자는 미흡 국토교통부가 지난해 9월 발표한 ‘2023 항공안전백서’에 따르면, 국내 12개 항공사의 정비사 총 5849명(2023년말 기준) 가운데 대형 항공사인 대한항공, 아시아나항공 등 2사 소속은 4248명이었다. 제주항공·진에어 등 LCC 10사의 정비사는 모두 1601명으로, 대형항공사의 3분의 1 수준(37.7%)에 그쳤다."
A0009-SP5AD77DAE18,A0009-SP5AD77DAE18-m6,LCC 정비사 수,고용,항공,1601,명,명,person_count,count,person,수준값,현재값,KOSIS_VALUE,2023,Y,전년,,4,673,,ALTERNATE,NOT_TOP_TABLE,후순위 통계표 후보,"종사자,2023",hybrid+reranker,-560,N,0.5813992619514465,0.993854820728302,0.5,,,395,DT_395N_S2022302,회사의 인력규모 : 2021년 기준 상시종사자 수,2003024,한국기업혁신조사 > 2023년도 조사(서비스 부문) > 회사의 인력규모,meta_index 없음 또는 코드명 매칭 없음,,,,,,,,,,,,,,,,,,,,,,,,,,,,,,,,,,,,,,,,,,,,,meta 없음,,,"◇급성장한 LCC, 안전 투자는 미흡 국토교통부가 지난해 9월 발표한 ‘2023 항공안전백서’에 따르면, 국내 12개 항공사의 정비사 총 5849명(2023년말 기준) 가운데 대형 항공사인 대한항공, 아시아나항공 등 2사 소속은 4248명이었다. 제주항공·진에어 등 LCC 10사의 정비사는 모두 1601명으로, 대형항공사의 3분의 1 수준(37.7%)에 그쳤다."
A0009-SP5AD77DAE18,A0009-SP5AD77DAE18-m6,LCC 정비사 수,고용,항공,1601,명,명,person_count,count,person,수준값,현재값,KOSIS_VALUE,2023,Y,전년,,5,668,,ALTERNATE,NOT_TOP_TABLE,후순위 통계표 후보,종사자,hybrid+reranker,-864,N,0.5800437927246094,0.9945730566978455,0.4919354838709677,,,395,DT_395N_S2020310,회사의 인력규모: 2019년 기준 상시종사자 수,2003024,한국기업혁신조사 > 2021년도 조사(서비스 부문) > 회사의 인력규모,meta_index 없음 또는 코드명 매칭 없음,,,,,,,,,,,,,,,,,,,,,,,,,,,,,,,,,,,,,,,,,,,,,meta 없음,,,"◇급성장한 LCC, 안전 투자는 미흡 국토교통부가 지난해 9월 발표한 ‘2023 항공안전백서’에 따르면, 국내 12개 항공사의 정비사 총 5849명(2023년말 기준) 가운데 대형 항공사인 대한항공, 아시아나항공 등 2사 소속은 4248명이었다. 제주항공·진에어 등 LCC 10사의 정비사는 모두 1601명으로, 대형항공사의 3분의 1 수준(37.7%)에 그쳤다."
A0009-SP5AD77DAE18,A0009-SP5AD77DAE18-m7,LCC 정비사 비율,고용,항공,37.7,%,%,rate,rate_level,person,비중,현재값,KOSIS_VALUE,2023,Y,전년,,1,882,667,TABLE_ONLY,META_NOT_LOADED,통계표 메타 조회 전 후보,"종사자,직무별,항공,codebook:airline_mechanics_y",hybrid+reranker+codebook,982,Y,0.5573004484176636,0.9892232418060303,0.8244680851063829,airline_mechanics_y,airline_mechanics_y,444,DT_444002_N2023A006,직무별 종사자 현황,2022014,항공산업실태조사,meta_index 없음 또는 코드명 매칭 없음,,,,,,,,,,,,,,,,,,,,,,,,,,,,,,,,,,,,,,,,,,,,,코드북 후보 선택,,,"◇급성장한 LCC, 안전 투자는 미흡 국토교통부가 지난해 9월 발표한 ‘2023 항공안전백서’에 따르면, 국내 12개 항공사의 정비사 총 5849명(2023년말 기준) 가운데 대형 항공사인 대한항공, 아시아나항공 등 2사 소속은 4248명이었다. 제주항공·진에어 등 LCC 10사의 정비사는 모두 1601명으로, 대형항공사의 3분의 1 수준(37.7%)에 그쳤다."
A0009-SP5AD77DAE18,A0009-SP5AD77DAE18-m7,LCC 정비사 비율,고용,항공,37.7,%,%,rate,rate_level,person,비중,현재값,KOSIS_VALUE,2023,Y,전년,,2,667,,ALTERNATE,NOT_TOP_TABLE,후순위 통계표 후보,"항공,항공사",hybrid+reranker,608,Y,,0.9910492897033691,0.4919354838709677,,,381,DT_920005_B008,항공사별 통계,2005006,항공통계,meta_index 없음 또는 코드명 매칭 없음,,,,,,,,,,,,,,,,,,,,,,,,,,,,,,,,,,,,,,,,,,,,,meta 없음,,,"◇급성장한 LCC, 안전 투자는 미흡 국토교통부가 지난해 9월 발표한 ‘2023 항공안전백서’에 따르면, 국내 12개 항공사의 정비사 총 5849명(2023년말 기준) 가운데 대형 항공사인 대한항공, 아시아나항공 등 2사 소속은 4248명이었다. 제주항공·진에어 등 LCC 10사의 정비사는 모두 1601명으로, 대형항공사의 3분의 1 수준(37.7%)에 그쳤다."
A0009-SP5AD77DAE18,A0009-SP5AD77DAE18-m7,LCC 정비사 비율,고용,항공,37.7,%,%,rate,rate_level,person,비중,현재값,KOSIS_VALUE,2023,Y,전년,,3,660,,ALTERNATE,NOT_TOP_TABLE,후순위 통계표 후보,항공,hybrid+reranker,50,Y,,0.9852713346481323,0.4841269841269841,,,381,DT_920005_B005,국제선 지역별 통계,2005006,항공통계,meta_index 없음 또는 코드명 매칭 없음,,,,,,,,,,,,,,,,,,,,,,,,,,,,,,,,,,,,,,,,,,,,,meta 없음,,,"◇급성장한 LCC, 안전 투자는 미흡 국토교통부가 지난해 9월 발표한 ‘2023 항공안전백서’에 따르면, 국내 12개 항공사의 정비사 총 5849명(2023년말 기준) 가운데 대형 항공사인 대한항공, 아시아나항공 등 2사 소속은 4248명이었다. 제주항공·진에어 등 LCC 10사의 정비사는 모두 1601명으로, 대형항공사의 3분의 1 수준(37.7%)에 그쳤다."
A0009-SP5AD77DAE18,A0009-SP5AD77DAE18-m7,LCC 정비사 비율,고용,항공,37.7,%,%,rate,rate_level,person,비중,현재값,KOSIS_VALUE,2023,Y,전년,,4,670,,ALTERNATE,NOT_TOP_TABLE,후순위 통계표 후보,항공,hybrid+reranker,-570,N,0.5822476148605347,0.9869794845581055,0.5,,,101,DT_1IA2046,항공기 보유현황,1978009,운수업조사 > 조사기반 > 운수업부문 > 회차별 산업분류(~1996) > 운수업조사(1991:6차산업분류기준) > 항공운송업,meta_index 없음 또는 코드명 매칭 없음,,,,,,,,,,,,,,,,,,,,,,,,,,,,,,,,,,,,,,,,,,,,,meta 없음,,,"◇급성장한 LCC, 안전 투자는 미흡 국토교통부가 지난해 9월 발표한 ‘2023 항공안전백서’에 따르면, 국내 12개 항공사의 정비사 총 5849명(2023년말 기준) 가운데 대형 항공사인 대한항공, 아시아나항공 등 2사 소속은 4248명이었다. 제주항공·진에어 등 LCC 10사의 정비사는 모두 1601명으로, 대형항공사의 3분의 1 수준(37.7%)에 그쳤다."
A0009-SP5AD77DAE18,A0009-SP5AD77DAE18-m7,LCC 정비사 비율,고용,항공,37.7,%,%,rate,rate_level,person,비중,현재값,KOSIS_VALUE,2023,Y,전년,,5,666,,ALTERNATE,NOT_TOP_TABLE,후순위 통계표 후보,"종사자,항공",hybrid+reranker,-554,N,0.5818759799003601,0.9895513653755188,0.4919354838709677,,,101,DT_1IA1055,"산업 및 종사자 규모별, 성별, 종사상의 지위별 종사자수",1978009,운수업조사 > 조사기반 > 운수업부문 > 회차별 산업분류(~1996) > 운수업조사(1992~1996:6차산업분류기준) > 항공운송업,meta_index 없음 또는 코드명 매칭 없음,,,,,,,,,,,,,,,,,,,,,,,,,,,,,,,,,,,,,,,,,,,,,meta 없음,,,"◇급성장한 LCC, 안전 투자는 미흡 국토교통부가 지난해 9월 발표한 ‘2023 항공안전백서’에 따르면, 국내 12개 항공사의 정비사 총 5849명(2023년말 기준) 가운데 대형 항공사인 대한항공, 아시아나항공 등 2사 소속은 4248명이었다. 제주항공·진에어 등 LCC 10사의 정비사는 모두 1601명으로, 대형항공사의 3분의 1 수준(37.7%)에 그쳤다."
A0009-SP0F7192C81B,A0009-SP0F7192C81B-m2,LCC 정비사 수,고용,항공,1601,명,명,person_count,count,person,수준값,현재값,KOSIS_VALUE,2023,Y,전년,,1,898,667,TABLE_ONLY,META_NOT_LOADED,통계표 메타 조회 전 후보,"종사자,직무별,항공,codebook:airline_mechanics_y",hybrid+reranker+codebook,982,Y,0.5947949886322021,0.9931228756904602,0.8465909090909091,airline_mechanics_y,airline_mechanics_y,444,DT_444002_N2023A006,직무별 종사자 현황,2022014,항공산업실태조사,meta_index 없음 또는 코드명 매칭 없음,,,,,,,,,,,,,,,,,,,,,,,,,,,,,,,,,,,,,,,,,,,,,코드북 후보 선택,,,"제주항공·진에어 등 LCC 10사의 정비사는 모두 1601명으로, 대형항공사의 3분의 1 수준(37.7%)에 그쳤다."
A0009-SP0F7192C81B,A0009-SP0F7192C81B-m2,LCC 정비사 수,고용,항공,1601,명,명,person_count,count,person,수준값,현재값,KOSIS_VALUE,2023,Y,전년,,2,667,,ALTERNATE,NOT_TOP_TABLE,후순위 통계표 후보,"항공,항공사",hybrid+reranker,608,Y,,0.9910492897033691,0.4919354838709677,,,381,DT_920005_B008,항공사별 통계,2005006,항공통계,meta_index 없음 또는 코드명 매칭 없음,,,,,,,,,,,,,,,,,,,,,,,,,,,,,,,,,,,,,,,,,,,,,meta 없음,,,"제주항공·진에어 등 LCC 10사의 정비사는 모두 1601명으로, 대형항공사의 3분의 1 수준(37.7%)에 그쳤다."
A0009-SP0F7192C81B,A0009-SP0F7192C81B-m2,LCC 정비사 수,고용,항공,1601,명,명,person_count,count,person,수준값,현재값,KOSIS_VALUE,2023,Y,전년,,3,660,,ALTERNATE,NOT_TOP_TABLE,후순위 통계표 후보,항공,hybrid+reranker,50,Y,,0.9857729077339172,0.4841269841269841,,,381,DT_920005_B005,국제선 지역별 통계,2005006,항공통계,meta_index 없음 또는 코드명 매칭 없음,,,,,,,,,,,,,,,,,,,,,,,,,,,,,,,,,,,,,,,,,,,,,meta 없음,,,"제주항공·진에어 등 LCC 10사의 정비사는 모두 1601명으로, 대형항공사의 3분의 1 수준(37.7%)에 그쳤다."
A0009-SP0F7192C81B,A0009-SP0F7192C81B-m2,LCC 정비사 수,고용,항공,1601,명,명,person_count,count,person,수준값,현재값,KOSIS_VALUE,2023,Y,전년,,4,660,,ALTERNATE,NOT_TOP_TABLE,후순위 통계표 후보,종사자,hybrid+reranker,-864,N,0.6143889427185059,0.9732407331466675,0.4919354838709677,,,395,DT_395N_S2020310,회사의 인력규모: 2019년 기준 상시종사자 수,2003024,한국기업혁신조사 > 2021년도 조사(서비스 부문) > 회사의 인력규모,meta_index 없음 또는 코드명 매칭 없음,,,,,,,,,,,,,,,,,,,,,,,,,,,,,,,,,,,,,,,,,,,,,meta 없음,,,"제주항공·진에어 등 LCC 10사의 정비사는 모두 1601명으로, 대형항공사의 3분의 1 수준(37.7%)에 그쳤다."
A0009-SP0F7192C81B,A0009-SP0F7192C81B-m2,LCC 정비사 수,고용,항공,1601,명,명,person_count,count,person,수준값,현재값,KOSIS_VALUE,2023,Y,전년,,5,652,,ALTERNATE,NOT_TOP_TABLE,후순위 통계표 후보,종사자,hybrid+reranker,-564,N,0.6132690906524658,0.9643214344978333,0.4841269841269841,,,395,DT_395N_S2022302,회사의 인력규모 : 2021년 기준 상시종사자 수,2003024,한국기업혁신조사 > 2023년도 조사(서비스 부문) > 회사의 인력규모,meta_index 없음 또는 코드명 매칭 없음,,,,,,,,,,,,,,,,,,,,,,,,,,,,,,,,,,,,,,,,,,,,,meta 없음,,,"제주항공·진에어 등 LCC 10사의 정비사는 모두 1601명으로, 대형항공사의 3분의 1 수준(37.7%)에 그쳤다."
A0009-SP0F7192C81B,A0009-SP0F7192C81B-m3,LCC 정비사 비율,고용,항공,37.7,%,%,rate,rate_level,person,비중,현재값,KOSIS_VALUE,2023,Y,전년,,1,864,661,TABLE_ONLY,META_NOT_LOADED,통계표 메타 조회 전 후보,"종사자,직무별,항공,codebook:airline_mechanics_y",hybrid+reranker+codebook,982,Y,0.5862702131271362,0.9803937673568726,0.8019801980198019,airline_mechanics_y,airline_mechanics_y,444,DT_444002_N2023A006,직무별 종사자 현황,2022014,항공산업실태조사,meta_index 없음 또는 코드명 매칭 없음,,,,,,,,,,,,,,,,,,,,,,,,,,,,,,,,,,,,,,,,,,,,,코드북 후보 선택,,,"제주항공·진에어 등 LCC 10사의 정비사는 모두 1601명으로, 대형항공사의 3분의 1 수준(37.7%)에 그쳤다."
A0009-SP0F7192C81B,A0009-SP0F7192C81B-m3,LCC 정비사 비율,고용,항공,37.7,%,%,rate,rate_level,person,비중,현재값,KOSIS_VALUE,2023,Y,전년,,2,661,,ALTERNATE,NOT_TOP_TABLE,후순위 통계표 후보,"항공,항공사",hybrid+reranker,608,Y,,0.9764007329940796,0.4919354838709677,,,381,DT_920005_B008,항공사별 통계,2005006,항공통계,meta_index 없음 또는 코드명 매칭 없음,,,,,,,,,,,,,,,,,,,,,,,,,,,,,,,,,,,,,,,,,,,,,meta 없음,,,"제주항공·진에어 등 LCC 10사의 정비사는 모두 1601명으로, 대형항공사의 3분의 1 수준(37.7%)에 그쳤다."
A0009-SP0F7192C81B,A0009-SP0F7192C81B-m3,LCC 정비사 비율,고용,항공,37.7,%,%,rate,rate_level,person,비중,현재값,KOSIS_VALUE,2023,Y,전년,,3,650,,ALTERNATE,NOT_TOP_TABLE,후순위 통계표 후보,항공,hybrid+reranker,50,Y,,0.9594592452049255,0.4841269841269841,,,381,DT_920005_B005,국제선 지역별 통계,2005006,항공통계,meta_index 없음 또는 코드명 매칭 없음,,,,,,,,,,,,,,,,,,,,,,,,,,,,,,,,,,,,,,,,,,,,,meta 없음,,,"제주항공·진에어 등 LCC 10사의 정비사는 모두 1601명으로, 대형항공사의 3분의 1 수준(37.7%)에 그쳤다."
A0009-SP0F7192C81B,A0009-SP0F7192C81B-m3,LCC 정비사 비율,고용,항공,37.7,%,%,rate,rate_level,person,비중,현재값,KOSIS_VALUE,2023,Y,전년,,4,666,,ALTERNATE,NOT_TOP_TABLE,후순위 통계표 후보,"종사자,항공",hybrid+reranker,-554,N,0.6087350845336914,0.9744347929954529,0.5,,,101,DT_1IA1055,"산업 및 종사자 규모별, 성별, 종사상의 지위별 종사자수",1978009,운수업조사 > 조사기반 > 운수업부문 > 회차별 산업분류(~1996) > 운수업조사(1992~1996:6차산업분류기준) > 항공운송업,meta_index 없음 또는 코드명 매칭 없음,,,,,,,,,,,,,,,,,,,,,,,,,,,,,,,,,,,,,,,,,,,,,meta 없음,,,"제주항공·진에어 등 LCC 10사의 정비사는 모두 1601명으로, 대형항공사의 3분의 1 수준(37.7%)에 그쳤다."
A0009-SP0F7192C81B,A0009-SP0F7192C81B-m3,LCC 정비사 비율,고용,항공,37.7,%,%,rate,rate_level,person,비중,현재값,KOSIS_VALUE,2023,Y,전년,,5,654,,ALTERNATE,NOT_TOP_TABLE,후순위 통계표 후보,"종사자,항공",hybrid+reranker,-554,N,0.6035360097885132,0.968678891658783,0.4841269841269841,,,101,DT_1IA1052,산업 및 종사자 규모별 총괄,1978009,운수업조사 > 조사기반 > 운수업부문 > 회차별 산업분류(~1996) > 운수업조사(1992~1996:6차산업분류기준) > 항공운송업,meta_index 없음 또는 코드명 매칭 없음,,,,,,,,,,,,,,,,,,,,,,,,,,,,,,,,,,,,,,,,,,,,,meta 없음,,,"제주항공·진에어 등 LCC 10사의 정비사는 모두 1601명으로, 대형항공사의 3분의 1 수준(37.7%)에 그쳤다."
A0009-SP0D3346E9EB,A0009-SP0D3346E9EB-m1,정비사 수 대비 항공기 보유 대수,고용,대형항공사,16,명,명,person_count,count,person,수준값,현재값,KOSIS_VALUE,2023,Y,전년,,1,964,667,TABLE_ONLY,META_NOT_LOADED,통계표 메타 조회 전 후보,"종사자,직무별,항공,codebook:airline_mechanics_y",hybrid+reranker+codebook,1196,Y,0.6074632406234741,0.9940658807754517,0.9485294117647058,airline_mechanics_y,airline_mechanics_y,444,DT_444002_N2023A006,직무별 종사자 현황,2022014,항공산업실태조사,meta_index 없음 또는 코드명 매칭 없음,,,,,,,,,,,,,,,,,,,,,,,,,,,,,,,,,,,,,,,,,,,,,코드북 후보 선택,,,"이를 각 사의 항공기 보유 대수로 나눠보면, 대형항공사들은 대당 16~18명 수준의 정비사를 보유하고 있지만 LCC는 10.6명이었다."
A0009-SP0D3346E9EB,A0009-SP0D3346E9EB-m1,정비사 수 대비 항공기 보유 대수,고용,대형항공사,16,명,명,person_count,count,person,수준값,현재값,KOSIS_VALUE,2023,Y,전년,,2,667,,ALTERNATE,NOT_TOP_TABLE,후순위 통계표 후보,항공,hybrid+reranker,232,Y,,0.9928508996963501,0.4919354838709677,,,381,DT_920005_B008,항공사별 통계,2005006,항공통계,meta_index 없음 또는 코드명 매칭 없음,,,,,,,,,,,,,,,,,,,,,,,,,,,,,,,,,,,,,,,,,,,,,meta 없음,,,"이를 각 사의 항공기 보유 대수로 나눠보면, 대형항공사들은 대당 16~18명 수준의 정비사를 보유하고 있지만 LCC는 10.6명이었다."
A0009-SP0D3346E9EB,A0009-SP0D3346E9EB-m1,정비사 수 대비 항공기 보유 대수,고용,대형항공사,16,명,명,person_count,count,person,수준값,현재값,KOSIS_VALUE,2023,Y,전년,,3,673,,ALTERNATE,NOT_TOP_TABLE,후순위 통계표 후보,"항공기,보유,항공,운송",hybrid+reranker,-264,N,0.6381217241287231,0.995075523853302,0.5,,,101,DT_1IA2046,항공기 보유현황,1978009,운수업조사 > 조사기반 > 운수업부문 > 회차별 산업분류(~1996) > 운수업조사(1991:6차산업분류기준) > 항공운송업,meta_index 없음 또는 코드명 매칭 없음,,,,,,,,,,,,,,,,,,,,,,,,,,,,,,,,,,,,,,,,,,,,,meta 없음,,,"이를 각 사의 항공기 보유 대수로 나눠보면, 대형항공사들은 대당 16~18명 수준의 정비사를 보유하고 있지만 LCC는 10.6명이었다."
A0009-SP0D3346E9EB,A0009-SP0D3346E9EB-m1,정비사 수 대비 항공기 보유 대수,고용,대형항공사,16,명,명,person_count,count,person,수준값,현재값,KOSIS_VALUE,2023,Y,전년,,4,668,,ALTERNATE,NOT_TOP_TABLE,후순위 통계표 후보,"항공기,보유,항공",hybrid+reranker,-268,N,0.6330920457839966,0.9952816367149353,0.4919354838709677,,,101,DT_1IA3034,항공기 보유현황,1978009,운수업조사 > 조사기반 > 운수업부문 > 회차별 산업분류(~1996) > 운수업조사(1983~1990:5차산업분류기준) > 항공운수업,meta_index 없음 또는 코드명 매칭 없음,,,,,,,,,,,,,,,,,,,,,,,,,,,,,,,,,,,,,,,,,,,,,meta 없음,,,"이를 각 사의 항공기 보유 대수로 나눠보면, 대형항공사들은 대당 16~18명 수준의 정비사를 보유하고 있지만 LCC는 10.6명이었다."
A0009-SP0D3346E9EB,A0009-SP0D3346E9EB-m1,정비사 수 대비 항공기 보유 대수,고용,대형항공사,16,명,명,person_count,count,person,수준값,현재값,KOSIS_VALUE,2023,Y,전년,,5,663,,ALTERNATE,NOT_TOP_TABLE,후순위 통계표 후보,"항공기,보유,항공",hybrid+reranker,-268,N,0.6261365413665771,0.9953181147575378,0.4841269841269841,,,101,DT_1IA4041,항공기 보유현황,1978009,운수업조사 > 조사기반 > 운수업부문 > 회차별 산업분류(~1996) > 운수업조사(1976~1982:4차산업분류기준) > 항공운수업,meta_index 없음 또는 코드명 매칭 없음,,,,,,,,,,,,,,,,,,,,,,,,,,,,,,,,,,,,,,,,,,,,,meta 없음,,,"이를 각 사의 항공기 보유 대수로 나눠보면, 대형항공사들은 대당 16~18명 수준의 정비사를 보유하고 있지만 LCC는 10.6명이었다."
A0009-SP0D3346E9EB,A0009-SP0D3346E9EB-m2,정비사 수 대비 항공기 보유 대수,고용,대형항공사,18,명,명,person_count,count,person,수준값,현재값,KOSIS_VALUE,2023,Y,전년,,1,964,667,TABLE_ONLY,META_NOT_LOADED,통계표 메타 조회 전 후보,"종사자,직무별,항공,codebook:airline_mechanics_y",hybrid+reranker+codebook,1196,Y,0.6074632406234741,0.9940658807754517,0.9485294117647058,airline_mechanics_y,airline_mechanics_y,444,DT_444002_N2023A006,직무별 종사자 현황,2022014,항공산업실태조사,meta_index 없음 또는 코드명 매칭 없음,,,,,,,,,,,,,,,,,,,,,,,,,,,,,,,,,,,,,,,,,,,,,코드북 후보 선택,,,"이를 각 사의 항공기 보유 대수로 나눠보면, 대형항공사들은 대당 16~18명 수준의 정비사를 보유하고 있지만 LCC는 10.6명이었다."
A0009-SP0D3346E9EB,A0009-SP0D3346E9EB-m2,정비사 수 대비 항공기 보유 대수,고용,대형항공사,18,명,명,person_count,count,person,수준값,현재값,KOSIS_VALUE,2023,Y,전년,,2,667,,ALTERNATE,NOT_TOP_TABLE,후순위 통계표 후보,항공,hybrid+reranker,232,Y,,0.9928508996963501,0.4919354838709677,,,381,DT_920005_B008,항공사별 통계,2005006,항공통계,meta_index 없음 또는 코드명 매칭 없음,,,,,,,,,,,,,,,,,,,,,,,,,,,,,,,,,,,,,,,,,,,,,meta 없음,,,"이를 각 사의 항공기 보유 대수로 나눠보면, 대형항공사들은 대당 16~18명 수준의 정비사를 보유하고 있지만 LCC는 10.6명이었다."
A0009-SP0D3346E9EB,A0009-SP0D3346E9EB-m2,정비사 수 대비 항공기 보유 대수,고용,대형항공사,18,명,명,person_count,count,person,수준값,현재값,KOSIS_VALUE,2023,Y,전년,,3,673,,ALTERNATE,NOT_TOP_TABLE,후순위 통계표 후보,"항공기,보유,항공,운송",hybrid+reranker,-264,N,0.6381217241287231,0.995075523853302,0.5,,,101,DT_1IA2046,항공기 보유현황,1978009,운수업조사 > 조사기반 > 운수업부문 > 회차별 산업분류(~1996) > 운수업조사(1991:6차산업분류기준) > 항공운송업,meta_index 없음 또는 코드명 매칭 없음,,,,,,,,,,,,,,,,,,,,,,,,,,,,,,,,,,,,,,,,,,,,,meta 없음,,,"이를 각 사의 항공기 보유 대수로 나눠보면, 대형항공사들은 대당 16~18명 수준의 정비사를 보유하고 있지만 LCC는 10.6명이었다."
A0009-SP0D3346E9EB,A0009-SP0D3346E9EB-m2,정비사 수 대비 항공기 보유 대수,고용,대형항공사,18,명,명,person_count,count,person,수준값,현재값,KOSIS_VALUE,2023,Y,전년,,4,668,,ALTERNATE,NOT_TOP_TABLE,후순위 통계표 후보,"항공기,보유,항공",hybrid+reranker,-268,N,0.6330920457839966,0.9952816367149353,0.4919354838709677,,,101,DT_1IA3034,항공기 보유현황,1978009,운수업조사 > 조사기반 > 운수업부문 > 회차별 산업분류(~1996) > 운수업조사(1983~1990:5차산업분류기준) > 항공운수업,meta_index 없음 또는 코드명 매칭 없음,,,,,,,,,,,,,,,,,,,,,,,,,,,,,,,,,,,,,,,,,,,,,meta 없음,,,"이를 각 사의 항공기 보유 대수로 나눠보면, 대형항공사들은 대당 16~18명 수준의 정비사를 보유하고 있지만 LCC는 10.6명이었다."
A0009-SP0D3346E9EB,A0009-SP0D3346E9EB-m2,정비사 수 대비 항공기 보유 대수,고용,대형항공사,18,명,명,person_count,count,person,수준값,현재값,KOSIS_VALUE,2023,Y,전년,,5,663,,ALTERNATE,NOT_TOP_TABLE,후순위 통계표 후보,"항공기,보유,항공",hybrid+reranker,-268,N,0.6261365413665771,0.9953181147575378,0.4841269841269841,,,101,DT_1IA4041,항공기 보유현황,1978009,운수업조사 > 조사기반 > 운수업부문 > 회차별 산업분류(~1996) > 운수업조사(1976~1982:4차산업분류기준) > 항공운수업,meta_index 없음 또는 코드명 매칭 없음,,,,,,,,,,,,,,,,,,,,,,,,,,,,,,,,,,,,,,,,,,,,,meta 없음,,,"이를 각 사의 항공기 보유 대수로 나눠보면, 대형항공사들은 대당 16~18명 수준의 정비사를 보유하고 있지만 LCC는 10.6명이었다."
A0009-SP0D3346E9EB,A0009-SP0D3346E9EB-m3,정비사 수 대비 항공기 보유 대수,고용,LCC,10.6,명,명,person_count,count,person,수준값,현재값,KOSIS_VALUE,2023,Y,전년,,1,670,,TABLE_ONLY,META_NOT_LOADED,통계표 메타 조회 전 후보,항공,hybrid+reranker,232,Y,,0.9857181310653687,0.5,,,381,DT_920005_B008,항공사별 통계,2005006,항공통계,meta_index 없음 또는 코드명 매칭 없음,,,,,,,,,,,,,,,,,,,,,,,,,,,,,,,,,,,,,,,,,,,,,meta 없음,,,"이를 각 사의 항공기 보유 대수로 나눠보면, 대형항공사들은 대당 16~18명 수준의 정비사를 보유하고 있지만 LCC는 10.6명이었다."
A0009-SP0D3346E9EB,A0009-SP0D3346E9EB-m3,정비사 수 대비 항공기 보유 대수,고용,LCC,10.6,명,명,person_count,count,person,수준값,현재값,KOSIS_VALUE,2023,Y,전년,,2,672,,ALTERNATE,NOT_TOP_TABLE,후순위 통계표 후보,"항공기,보유,항공,운송",hybrid+reranker,-264,N,0.6389620304107666,0.9914886951446533,0.5,,,101,DT_1IA2046,항공기 보유현황,1978009,운수업조사 > 조사기반 > 운수업부문 > 회차별 산업분류(~1996) > 운수업조사(1991:6차산업분류기준) > 항공운송업,meta_index 없음 또는 코드명 매칭 없음,,,,,,,,,,,,,,,,,,,,,,,,,,,,,,,,,,,,,,,,,,,,,meta 없음,,,"이를 각 사의 항공기 보유 대수로 나눠보면, 대형항공사들은 대당 16~18명 수준의 정비사를 보유하고 있지만 LCC는 10.6명이었다."
A0009-SP0D3346E9EB,A0009-SP0D3346E9EB-m3,정비사 수 대비 항공기 보유 대수,고용,LCC,10.6,명,명,person_count,count,person,수준값,현재값,KOSIS_VALUE,2023,Y,전년,,3,667,,ALTERNATE,NOT_TOP_TABLE,후순위 통계표 후보,"항공기,보유,항공",hybrid+reranker,-268,N,0.6338900923728943,0.9917163252830505,0.4919354838709677,,,101,DT_1IA3034,항공기 보유현황,1978009,운수업조사 > 조사기반 > 운수업부문 > 회차별 산업분류(~1996) > 운수업조사(1983~1990:5차산업분류기준) > 항공운수업,meta_index 없음 또는 코드명 매칭 없음,,,,,,,,,,,,,,,,,,,,,,,,,,,,,,,,,,,,,,,,,,,,,meta 없음,,,"이를 각 사의 항공기 보유 대수로 나눠보면, 대형항공사들은 대당 16~18명 수준의 정비사를 보유하고 있지만 LCC는 10.6명이었다."
A0009-SP0D3346E9EB,A0009-SP0D3346E9EB-m3,정비사 수 대비 항공기 보유 대수,고용,LCC,10.6,명,명,person_count,count,person,수준값,현재값,KOSIS_VALUE,2023,Y,전년,,4,662,,ALTERNATE,NOT_TOP_TABLE,후순위 통계표 후보,"항공기,보유,항공",hybrid+reranker,-268,N,0.628718376159668,0.9916841983795166,0.4841269841269841,,,101,DT_1IA4041,항공기 보유현황,1978009,운수업조사 > 조사기반 > 운수업부문 > 회차별 산업분류(~1996) > 운수업조사(1976~1982:4차산업분류기준) > 항공운수업,meta_index 없음 또는 코드명 매칭 없음,,,,,,,,,,,,,,,,,,,,,,,,,,,,,,,,,,,,,,,,,,,,,meta 없음,,,"이를 각 사의 항공기 보유 대수로 나눠보면, 대형항공사들은 대당 16~18명 수준의 정비사를 보유하고 있지만 LCC는 10.6명이었다."
A0009-SP0D3346E9EB,A0009-SP0D3346E9EB-m3,정비사 수 대비 항공기 보유 대수,고용,LCC,10.6,명,명,person_count,count,person,수준값,현재값,KOSIS_VALUE,2023,Y,전년,,5,650,,ALTERNATE,NOT_TOP_TABLE,후순위 통계표 후보,"종사자,운송,항공",hybrid+reranker,-336,N,0.6174052357673645,0.9849852323532104,0.46923076923076923,,,101,DT_1IA1055,"산업 및 종사자 규모별, 성별, 종사상의 지위별 종사자수",1978009,운수업조사 > 조사기반 > 운수업부문 > 회차별 산업분류(~1996) > 운수업조사(1992~1996:6차산업분류기준) > 항공운송업,meta_index 없음 또는 코드명 매칭 없음,,,,,,,,,,,,,,,,,,,,,,,,,,,,,,,,,,,,,,,,,,,,,meta 없음,,,"이를 각 사의 항공기 보유 대수로 나눠보면, 대형항공사들은 대당 16~18명 수준의 정비사를 보유하고 있지만 LCC는 10.6명이었다."
A0012-SPE7F554D64E,A0012-SPE7F554D64E-m1,조선 산업기술인력,고용,조선업,58528,명,명,person_count,count,item,수준값,현재값,KOSIS_VALUE,2023,Y,전년,,1,674,669,TABLE_ONLY,META_NOT_LOADED,통계표 메타 조회 전 후보,"고용,경기,산업,산업기술인력,실태조사,수급,인력",hybrid+reranker,246,Y,,0.9980429410934448,0.5,,,115,DT_115_2012_AA079,"경기도･산업별(중분류) 현재인원(성별, 고용형태별 등)",2004042,산업기술인력수급실태조사 > 현원,meta_index 없음 또는 코드명 매칭 없음,,,,,,,,,,,,,,,,,,,,,,,,,,,,,,,,,,,,,,,,,,,,,meta 없음,,,31일 산업통상자원부의 ‘산업기술인력 수급 실태조사’에 따르면 지난 2023년 말 조선 산업기술인력은 5만8528명으로 전년인 2022년 대비 0.8% 증가했다.
A0012-SPE7F554D64E,A0012-SPE7F554D64E-m1,조선 산업기술인력,고용,조선업,58528,명,명,person_count,count,item,수준값,현재값,KOSIS_VALUE,2023,Y,전년,,2,669,,ALTERNATE,NOT_TOP_TABLE,후순위 통계표 후보,"고용,산업,산업기술인력,실태조사,수급,인력",hybrid+reranker,238,Y,,0.9976310729980469,0.4919354838709677,,,115,DT_115_2012_AA085,"강원특별자치도･산업별(중분류) 현재인원(성별, 고용형태별 등)",2004042,산업기술인력수급실태조사 > 현원,meta_index 없음 또는 코드명 매칭 없음,,,,,,,,,,,,,,,,,,,,,,,,,,,,,,,,,,,,,,,,,,,,,meta 없음,,,31일 산업통상자원부의 ‘산업기술인력 수급 실태조사’에 따르면 지난 2023년 말 조선 산업기술인력은 5만8528명으로 전년인 2022년 대비 0.8% 증가했다.
A0012-SPE7F554D64E,A0012-SPE7F554D64E-m1,조선 산업기술인력,고용,조선업,58528,명,명,person_count,count,item,수준값,현재값,KOSIS_VALUE,2023,Y,전년,,3,664,,ALTERNATE,NOT_TOP_TABLE,후순위 통계표 후보,"인력,경기,산업,산업기술인력,실태조사,수급",hybrid+reranker,238,Y,,0.9980353713035583,0.4841269841269841,,,115,DT_115_2012_CC080,"경기도･산업별(중분류) 퇴사인력, 구인 및 채용인력(미충원인력 등)",2004042,"산업기술인력수급실태조사 > 퇴사인력, 구인 및 채용인력",meta_index 없음 또는 코드명 매칭 없음,,,,,,,,,,,,,,,,,,,,,,,,,,,,,,,,,,,,,,,,,,,,,meta 없음,,,31일 산업통상자원부의 ‘산업기술인력 수급 실태조사’에 따르면 지난 2023년 말 조선 산업기술인력은 5만8528명으로 전년인 2022년 대비 0.8% 증가했다.
A0012-SPE7F554D64E,A0012-SPE7F554D64E-m1,조선 산업기술인력,고용,조선업,58528,명,명,person_count,count,item,수준값,현재값,KOSIS_VALUE,2023,Y,전년,,4,659,,ALTERNATE,NOT_TOP_TABLE,후순위 통계표 후보,"인력,경기,산업,산업기술인력,실태조사,수급",hybrid+reranker,238,Y,,0.9977481961250305,0.4765625,,,115,DT_115_2012_DD056,"경기도･산업별(중분류) 향후 1년이내 채용예상인력(학력별, 전공별 등)",2004042,산업기술인력수급실태조사 > 채용예정인력,meta_index 없음 또는 코드명 매칭 없음,,,,,,,,,,,,,,,,,,,,,,,,,,,,,,,,,,,,,,,,,,,,,meta 없음,,,31일 산업통상자원부의 ‘산업기술인력 수급 실태조사’에 따르면 지난 2023년 말 조선 산업기술인력은 5만8528명으로 전년인 2022년 대비 0.8% 증가했다.
A0012-SPE7F554D64E,A0012-SPE7F554D64E-m1,조선 산업기술인력,고용,조선업,58528,명,명,person_count,count,item,수준값,현재값,KOSIS_VALUE,2023,Y,전년,,5,654,,ALTERNATE,NOT_TOP_TABLE,후순위 통계표 후보,"고용,산업,산업기술인력,실태조사,수급,인력",hybrid+reranker,238,Y,,0.9981104135513306,0.46923076923076923,,,115,DT_115_2012_AA121,"경상남도･산업별(중분류) 현재인원(성별, 고용형태별 등)",2004042,산업기술인력수급실태조사 > 현원,meta_index 없음 또는 코드명 매칭 없음,,,,,,,,,,,,,,,,,,,,,,,,,,,,,,,,,,,,,,,,,,,,,meta 없음,,,31일 산업통상자원부의 ‘산업기술인력 수급 실태조사’에 따르면 지난 2023년 말 조선 산업기술인력은 5만8528명으로 전년인 2022년 대비 0.8% 증가했다.
A0012-SPE7F554D64E,A0012-SPE7F554D64E-m2,조선 산업기술인력 증가율,고용,조선업,0.8,%,%,rate,rate_change,item,증감률,증감률,KOSIS_VALUE,2023,Y,전년,2022,1,675,669,TABLE_ONLY,META_NOT_LOADED,통계표 메타 조회 전 후보,"고용,경기,산업,산업기술인력,실태조사,수급,인력",hybrid+reranker,246,Y,,0.9986593723297119,0.5,,,115,DT_115_2012_AA079,"경기도･산업별(중분류) 현재인원(성별, 고용형태별 등)",2004042,산업기술인력수급실태조사 > 현원,meta_index 없음 또는 코드명 매칭 없음,,,,,,,,,,,,,,,,,,,,,,,,,,,,,,,,,,,,,,,,,,,,,meta 없음,,,31일 산업통상자원부의 ‘산업기술인력 수급 실태조사’에 따르면 지난 2023년 말 조선 산업기술인력은 5만8528명으로 전년인 2022년 대비 0.8% 증가했다.
A0012-SPE7F554D64E,A0012-SPE7F554D64E-m2,조선 산업기술인력 증가율,고용,조선업,0.8,%,%,rate,rate_change,item,증감률,증감률,KOSIS_VALUE,2023,Y,전년,2022,2,669,,ALTERNATE,NOT_TOP_TABLE,후순위 통계표 후보,"고용,산업,산업기술인력,실태조사,수급,인력",hybrid+reranker,238,Y,,0.9984452128410339,0.4919354838709677,,,115,DT_115_2012_AA085,"강원특별자치도･산업별(중분류) 현재인원(성별, 고용형태별 등)",2004042,산업기술인력수급실태조사 > 현원,meta_index 없음 또는 코드명 매칭 없음,,,,,,,,,,,,,,,,,,,,,,,,,,,,,,,,,,,,,,,,,,,,,meta 없음,,,31일 산업통상자원부의 ‘산업기술인력 수급 실태조사’에 따르면 지난 2023년 말 조선 산업기술인력은 5만8528명으로 전년인 2022년 대비 0.8% 증가했다.
A0012-SPE7F554D64E,A0012-SPE7F554D64E-m2,조선 산업기술인력 증가율,고용,조선업,0.8,%,%,rate,rate_change,item,증감률,증감률,KOSIS_VALUE,2023,Y,전년,2022,3,664,,ALTERNATE,NOT_TOP_TABLE,후순위 통계표 후보,"인력,경기,산업,산업기술인력,실태조사,수급",hybrid+reranker,238,Y,,0.9988395571708679,0.4841269841269841,,,115,DT_115_2012_CC080,"경기도･산업별(중분류) 퇴사인력, 구인 및 채용인력(미충원인력 등)",2004042,"산업기술인력수급실태조사 > 퇴사인력, 구인 및 채용인력",meta_index 없음 또는 코드명 매칭 없음,,,,,,,,,,,,,,,,,,,,,,,,,,,,,,,,,,,,,,,,,,,,,meta 없음,,,31일 산업통상자원부의 ‘산업기술인력 수급 실태조사’에 따르면 지난 2023년 말 조선 산업기술인력은 5만8528명으로 전년인 2022년 대비 0.8% 증가했다.
A0012-SPE7F554D64E,A0012-SPE7F554D64E-m2,조선 산업기술인력 증가율,고용,조선업,0.8,%,%,rate,rate_change,item,증감률,증감률,KOSIS_VALUE,2023,Y,전년,2022,4,659,,ALTERNATE,NOT_TOP_TABLE,후순위 통계표 후보,"인력,경기,산업,산업기술인력,실태조사,수급",hybrid+reranker,238,Y,,0.9988840222358704,0.4765625,,,115,DT_115_2012_DD056,"경기도･산업별(중분류) 향후 1년이내 채용예상인력(학력별, 전공별 등)",2004042,산업기술인력수급실태조사 > 채용예정인력,meta_index 없음 또는 코드명 매칭 없음,,,,,,,,,,,,,,,,,,,,,,,,,,,,,,,,,,,,,,,,,,,,,meta 없음,,,31일 산업통상자원부의 ‘산업기술인력 수급 실태조사’에 따르면 지난 2023년 말 조선 산업기술인력은 5만8528명으로 전년인 2022년 대비 0.8% 증가했다.
A0012-SPE7F554D64E,A0012-SPE7F554D64E-m2,조선 산업기술인력 증가율,고용,조선업,0.8,%,%,rate,rate_change,item,증감률,증감률,KOSIS_VALUE,2023,Y,전년,2022,5,654,,ALTERNATE,NOT_TOP_TABLE,후순위 통계표 후보,"고용,산업,산업기술인력,실태조사,수급,인력",hybrid+reranker,238,Y,,0.9983385801315308,0.46923076923076923,,,115,DT_115_2012_AA121,"경상남도･산업별(중분류) 현재인원(성별, 고용형태별 등)",2004042,산업기술인력수급실태조사 > 현원,meta_index 없음 또는 코드명 매칭 없음,,,,,,,,,,,,,,,,,,,,,,,,,,,,,,,,,,,,,,,,,,,,,meta 없음,,,31일 산업통상자원부의 ‘산업기술인력 수급 실태조사’에 따르면 지난 2023년 말 조선 산업기술인력은 5만8528명으로 전년인 2022년 대비 0.8% 증가했다.
A0012-SP80940BC114,A0012-SP80940BC114-m2,조선업 산업기술인력,고용,조선업,58042,명,명,person_count,count,item,수준값,현재값,KOSIS_VALUE,2022,Y,전년,,1,672,667,TABLE_ONLY,META_NOT_LOADED,통계표 메타 조회 전 후보,"고용,경기,산업,산업기술인력",hybrid+reranker,216,Y,,0.9926542043685913,0.5,,,115,DT_115_2012_AA079,"경기도･산업별(중분류) 현재인원(성별, 고용형태별 등)",2004042,산업기술인력수급실태조사 > 현원,meta_index 없음 또는 코드명 매칭 없음,,,,,,,,,,,,,,,,,,,,,,,,,,,,,,,,,,,,,,,,,,,,,meta 없음,,,본래 조선업의 산업기술인력은 2014년 6만9766명에서 2022년 5만8042명까지 꾸준히 하락해 1만명 넘게 줄어든 상태였는데 이 수가 500명 가까이 늘어난 것이다.
A0012-SP80940BC114,A0012-SP80940BC114-m2,조선업 산업기술인력,고용,조선업,58042,명,명,person_count,count,item,수준값,현재값,KOSIS_VALUE,2022,Y,전년,,2,667,,ALTERNATE,NOT_TOP_TABLE,후순위 통계표 후보,"고용,산업,산업기술인력",hybrid+reranker,208,Y,,0.9931228756904602,0.4919354838709677,,,115,DT_115_2012_AA085,"강원특별자치도･산업별(중분류) 현재인원(성별, 고용형태별 등)",2004042,산업기술인력수급실태조사 > 현원,meta_index 없음 또는 코드명 매칭 없음,,,,,,,,,,,,,,,,,,,,,,,,,,,,,,,,,,,,,,,,,,,,,meta 없음,,,본래 조선업의 산업기술인력은 2014년 6만9766명에서 2022년 5만8042명까지 꾸준히 하락해 1만명 넘게 줄어든 상태였는데 이 수가 500명 가까이 늘어난 것이다.
A0012-SP80940BC114,A0012-SP80940BC114-m2,조선업 산업기술인력,고용,조선업,58042,명,명,person_count,count,item,수준값,현재값,KOSIS_VALUE,2022,Y,전년,,3,662,,ALTERNATE,NOT_TOP_TABLE,후순위 통계표 후보,"고용,산업,산업기술인력",hybrid+reranker,208,Y,,0.9927672147750854,0.4841269841269841,,,115,DT_115_2012_AA121,"경상남도･산업별(중분류) 현재인원(성별, 고용형태별 등)",2004042,산업기술인력수급실태조사 > 현원,meta_index 없음 또는 코드명 매칭 없음,,,,,,,,,,,,,,,,,,,,,,,,,,,,,,,,,,,,,,,,,,,,,meta 없음,,,본래 조선업의 산업기술인력은 2014년 6만9766명에서 2022년 5만8042명까지 꾸준히 하락해 1만명 넘게 줄어든 상태였는데 이 수가 500명 가까이 늘어난 것이다.
A0012-SP80940BC114,A0012-SP80940BC114-m2,조선업 산업기술인력,고용,조선업,58042,명,명,person_count,count,item,수준값,현재값,KOSIS_VALUE,2022,Y,전년,,4,657,,ALTERNATE,NOT_TOP_TABLE,후순위 통계표 후보,"고용,산업,산업기술인력",hybrid+reranker,208,Y,,0.9925969839096069,0.4765625,,,115,DT_115_2012_AA115,"경상북도･산업별(중분류) 현재인원(성별, 고용형태별 등)",2004042,산업기술인력수급실태조사 > 현원,meta_index 없음 또는 코드명 매칭 없음,,,,,,,,,,,,,,,,,,,,,,,,,,,,,,,,,,,,,,,,,,,,,meta 없음,,,본래 조선업의 산업기술인력은 2014년 6만9766명에서 2022년 5만8042명까지 꾸준히 하락해 1만명 넘게 줄어든 상태였는데 이 수가 500명 가까이 늘어난 것이다.
A0012-SP80940BC114,A0012-SP80940BC114-m2,조선업 산업기술인력,고용,조선업,58042,명,명,person_count,count,item,수준값,현재값,KOSIS_VALUE,2022,Y,전년,,5,652,,ALTERNATE,NOT_TOP_TABLE,후순위 통계표 후보,"고용,산업,산업기술인력",hybrid+reranker,208,Y,,0.9902915358543396,0.46923076923076923,,,115,DT_115_2012_AA061,"광주광역시･산업별(중분류) 현재인원(성별, 고용형태별 등)",2004042,산업기술인력수급실태조사 > 현원,meta_index 없음 또는 코드명 매칭 없음,,,,,,,,,,,,,,,,,,,,,,,,,,,,,,,,,,,,,,,,,,,,,meta 없음,,,본래 조선업의 산업기술인력은 2014년 6만9766명에서 2022년 5만8042명까지 꾸준히 하락해 1만명 넘게 줄어든 상태였는데 이 수가 500명 가까이 늘어난 것이다.
A0012-SP80940BC114,A0012-SP80940BC114-m3,조선업 산업기술인력 감소폭,고용,조선업,10000,명,명,person_count,count,item,수준값,현재값,KOSIS_VALUE,2022,Y,전년,,1,674,668,TABLE_ONLY,META_NOT_LOADED,통계표 메타 조회 전 후보,"고용,경기,산업,산업기술인력",hybrid+reranker,216,Y,,0.9964063763618469,0.5,,,115,DT_115_2012_AA079,"경기도･산업별(중분류) 현재인원(성별, 고용형태별 등)",2004042,산업기술인력수급실태조사 > 현원,meta_index 없음 또는 코드명 매칭 없음,,,,,,,,,,,,,,,,,,,,,,,,,,,,,,,,,,,,,,,,,,,,,meta 없음,,,본래 조선업의 산업기술인력은 2014년 6만9766명에서 2022년 5만8042명까지 꾸준히 하락해 1만명 넘게 줄어든 상태였는데 이 수가 500명 가까이 늘어난 것이다.
A0012-SP80940BC114,A0012-SP80940BC114-m3,조선업 산업기술인력 감소폭,고용,조선업,10000,명,명,person_count,count,item,수준값,현재값,KOSIS_VALUE,2022,Y,전년,,2,668,,ALTERNATE,NOT_TOP_TABLE,후순위 통계표 후보,"고용,산업,산업기술인력",hybrid+reranker,208,Y,,0.9951136708259583,0.4919354838709677,,,115,DT_115_2012_AA085,"강원특별자치도･산업별(중분류) 현재인원(성별, 고용형태별 등)",2004042,산업기술인력수급실태조사 > 현원,meta_index 없음 또는 코드명 매칭 없음,,,,,,,,,,,,,,,,,,,,,,,,,,,,,,,,,,,,,,,,,,,,,meta 없음,,,본래 조선업의 산업기술인력은 2014년 6만9766명에서 2022년 5만8042명까지 꾸준히 하락해 1만명 넘게 줄어든 상태였는데 이 수가 500명 가까이 늘어난 것이다.
A0012-SP80940BC114,A0012-SP80940BC114-m3,조선업 산업기술인력 감소폭,고용,조선업,10000,명,명,person_count,count,item,수준값,현재값,KOSIS_VALUE,2022,Y,전년,,3,663,,ALTERNATE,NOT_TOP_TABLE,후순위 통계표 후보,"고용,산업,산업기술인력",hybrid+reranker,208,Y,,0.9948603510856628,0.4841269841269841,,,115,DT_115_2012_AA121,"경상남도･산업별(중분류) 현재인원(성별, 고용형태별 등)",2004042,산업기술인력수급실태조사 > 현원,meta_index 없음 또는 코드명 매칭 없음,,,,,,,,,,,,,,,,,,,,,,,,,,,,,,,,,,,,,,,,,,,,,meta 없음,,,본래 조선업의 산업기술인력은 2014년 6만9766명에서 2022년 5만8042명까지 꾸준히 하락해 1만명 넘게 줄어든 상태였는데 이 수가 500명 가까이 늘어난 것이다.
A0012-SP80940BC114,A0012-SP80940BC114-m3,조선업 산업기술인력 감소폭,고용,조선업,10000,명,명,person_count,count,item,수준값,현재값,KOSIS_VALUE,2022,Y,전년,,4,658,,ALTERNATE,NOT_TOP_TABLE,후순위 통계표 후보,"고용,산업,산업기술인력",hybrid+reranker,208,Y,,0.995075523853302,0.4765625,,,115,DT_115_2012_AA115,"경상북도･산업별(중분류) 현재인원(성별, 고용형태별 등)",2004042,산업기술인력수급실태조사 > 현원,meta_index 없음 또는 코드명 매칭 없음,,,,,,,,,,,,,,,,,,,,,,,,,,,,,,,,,,,,,,,,,,,,,meta 없음,,,본래 조선업의 산업기술인력은 2014년 6만9766명에서 2022년 5만8042명까지 꾸준히 하락해 1만명 넘게 줄어든 상태였는데 이 수가 500명 가까이 늘어난 것이다.
A0012-SP80940BC114,A0012-SP80940BC114-m3,조선업 산업기술인력 감소폭,고용,조선업,10000,명,명,person_count,count,item,수준값,현재값,KOSIS_VALUE,2022,Y,전년,,5,653,,ALTERNATE,NOT_TOP_TABLE,후순위 통계표 후보,"고용,산업,산업기술인력",hybrid+reranker,208,Y,,0.9943140745162964,0.46923076923076923,,,115,DT_115_2012_AA061,"광주광역시･산업별(중분류) 현재인원(성별, 고용형태별 등)",2004042,산업기술인력수급실태조사 > 현원,meta_index 없음 또는 코드명 매칭 없음,,,,,,,,,,,,,,,,,,,,,,,,,,,,,,,,,,,,,,,,,,,,,meta 없음,,,본래 조선업의 산업기술인력은 2014년 6만9766명에서 2022년 5만8042명까지 꾸준히 하락해 1만명 넘게 줄어든 상태였는데 이 수가 500명 가까이 늘어난 것이다.
A0012-SP80940BC114,A0012-SP80940BC114-m4,조선업 산업기술인력 증가폭,고용,조선업,500,명,명,person_count,count,item,수준값,현재값,KOSIS_VALUE,2023,Y,전년,,1,668,660,TABLE_ONLY,META_NOT_LOADED,통계표 메타 조회 전 후보,"고용,경기,산업,산업기술인력",hybrid+reranker,216,Y,,0.9804313778877258,0.5,,,115,DT_115_2012_AA079,"경기도･산업별(중분류) 현재인원(성별, 고용형태별 등)",2004042,산업기술인력수급실태조사 > 현원,meta_index 없음 또는 코드명 매칭 없음,,,,,,,,,,,,,,,,,,,,,,,,,,,,,,,,,,,,,,,,,,,,,meta 없음,,,본래 조선업의 산업기술인력은 2014년 6만9766명에서 2022년 5만8042명까지 꾸준히 하락해 1만명 넘게 줄어든 상태였는데 이 수가 500명 가까이 늘어난 것이다.
A0012-SP80940BC114,A0012-SP80940BC114-m4,조선업 산업기술인력 증가폭,고용,조선업,500,명,명,person_count,count,item,수준값,현재값,KOSIS_VALUE,2023,Y,전년,,2,660,,ALTERNATE,NOT_TOP_TABLE,후순위 통계표 후보,"고용,산업,산업기술인력",hybrid+reranker,208,Y,,0.9716179370880127,0.4919354838709677,,,115,DT_115_2012_AA085,"강원특별자치도･산업별(중분류) 현재인원(성별, 고용형태별 등)",2004042,산업기술인력수급실태조사 > 현원,meta_index 없음 또는 코드명 매칭 없음,,,,,,,,,,,,,,,,,,,,,,,,,,,,,,,,,,,,,,,,,,,,,meta 없음,,,본래 조선업의 산업기술인력은 2014년 6만9766명에서 2022년 5만8042명까지 꾸준히 하락해 1만명 넘게 줄어든 상태였는데 이 수가 500명 가까이 늘어난 것이다.
A0012-SP80940BC114,A0012-SP80940BC114-m4,조선업 산업기술인력 증가폭,고용,조선업,500,명,명,person_count,count,item,수준값,현재값,KOSIS_VALUE,2023,Y,전년,,3,655,,ALTERNATE,NOT_TOP_TABLE,후순위 통계표 후보,"고용,산업,산업기술인력",hybrid+reranker,208,Y,,0.9734938144683838,0.4841269841269841,,,115,DT_115_2012_AA121,"경상남도･산업별(중분류) 현재인원(성별, 고용형태별 등)",2004042,산업기술인력수급실태조사 > 현원,meta_index 없음 또는 코드명 매칭 없음,,,,,,,,,,,,,,,,,,,,,,,,,,,,,,,,,,,,,,,,,,,,,meta 없음,,,본래 조선업의 산업기술인력은 2014년 6만9766명에서 2022년 5만8042명까지 꾸준히 하락해 1만명 넘게 줄어든 상태였는데 이 수가 500명 가까이 늘어난 것이다.
A0012-SP80940BC114,A0012-SP80940BC114-m4,조선업 산업기술인력 증가폭,고용,조선업,500,명,명,person_count,count,item,수준값,현재값,KOSIS_VALUE,2023,Y,전년,,4,651,,ALTERNATE,NOT_TOP_TABLE,후순위 통계표 후보,"고용,산업,산업기술인력",hybrid+reranker,208,Y,,0.9735944867134094,0.4765625,,,115,DT_115_2012_AA115,"경상북도･산업별(중분류) 현재인원(성별, 고용형태별 등)",2004042,산업기술인력수급실태조사 > 현원,meta_index 없음 또는 코드명 매칭 없음,,,,,,,,,,,,,,,,,,,,,,,,,,,,,,,,,,,,,,,,,,,,,meta 없음,,,본래 조선업의 산업기술인력은 2014년 6만9766명에서 2022년 5만8042명까지 꾸준히 하락해 1만명 넘게 줄어든 상태였는데 이 수가 500명 가까이 늘어난 것이다.
A0012-SP80940BC114,A0012-SP80940BC114-m4,조선업 산업기술인력 증가폭,고용,조선업,500,명,명,person_count,count,item,수준값,현재값,KOSIS_VALUE,2023,Y,전년,,5,645,,ALTERNATE,NOT_TOP_TABLE,후순위 통계표 후보,"고용,산업,산업기술인력",hybrid+reranker,208,Y,,0.9716717004776001,0.46923076923076923,,,115,DT_115_2012_AA061,"광주광역시･산업별(중분류) 현재인원(성별, 고용형태별 등)",2004042,산업기술인력수급실태조사 > 현원,meta_index 없음 또는 코드명 매칭 없음,,,,,,,,,,,,,,,,,,,,,,,,,,,,,,,,,,,,,,,,,,,,,meta 없음,,,본래 조선업의 산업기술인력은 2014년 6만9766명에서 2022년 5만8042명까지 꾸준히 하락해 1만명 넘게 줄어든 상태였는데 이 수가 500명 가까이 늘어난 것이다.
A0012-SP13E0E2E6EE,A0012-SP13E0E2E6EE-m2,조선 산업기술인력 중 외국인 수,고용,조선업,2563,명,명,person_count,count,item,수준값,현재값,KOSIS_VALUE,2023,Y,전년,,1,932,893,TABLE_ONLY,META_NOT_LOADED,통계표 메타 조회 전 후보,"외국인,고용,제조업",hybrid+reranker,230,Y,0.6691845655441284,0.9970878958702087,0.8962891462891462,,,111,DT_111014_C035,올해 한달 이상 고용 근로자 필요한 근로자 중 외국인 비율,2025005,"외국인고용실태조사(농업,제조업분야) > 농업경영체",meta_index 없음 또는 코드명 매칭 없음,,,,,,,,,,,,,,,,,,,,,,,,,,,,,,,,,,,,,,,,,,,,,meta 없음,,,조선 산업기술인력 중 외국인은 2022년 877명에서 2023년 2563명으로 3배 가까이 늘었다.
A0012-SP13E0E2E6EE,A0012-SP13E0E2E6EE-m2,조선 산업기술인력 중 외국인 수,고용,조선업,2563,명,명,person_count,count,item,수준값,현재값,KOSIS_VALUE,2023,Y,전년,,2,893,,ALTERNATE,NOT_TOP_TABLE,후순위 통계표 후보,"외국인,고용,제조업",hybrid+reranker,230,Y,0.6494962573051453,0.9973165392875671,0.8370300751879698,,,111,DT_111014_C021,올해 연중 고용이 필요한 근로자 수_외국인,2025005,"외국인고용실태조사(농업,제조업분야) > 농업경영체",meta_index 없음 또는 코드명 매칭 없음,,,,,,,,,,,,,,,,,,,,,,,,,,,,,,,,,,,,,,,,,,,,,meta 없음,,,조선 산업기술인력 중 외국인은 2022년 877명에서 2023년 2563명으로 3배 가까이 늘었다.
A0012-SP13E0E2E6EE,A0012-SP13E0E2E6EE-m2,조선 산업기술인력 중 외국인 수,고용,조선업,2563,명,명,person_count,count,item,수준값,현재값,KOSIS_VALUE,2023,Y,전년,,3,888,,ALTERNATE,NOT_TOP_TABLE,후순위 통계표 후보,"외국인,고용,제조업",hybrid+reranker,230,Y,0.650534987449646,0.995075523853302,0.8299703813402443,,,111,DT_111014_C029,올해 일당 근로자 중 외국인 고용 비율,2025005,"외국인고용실태조사(농업,제조업분야) > 농업경영체",meta_index 없음 또는 코드명 매칭 없음,,,,,,,,,,,,,,,,,,,,,,,,,,,,,,,,,,,,,,,,,,,,,meta 없음,,,조선 산업기술인력 중 외국인은 2022년 877명에서 2023년 2563명으로 3배 가까이 늘었다.
A0012-SP13E0E2E6EE,A0012-SP13E0E2E6EE-m2,조선 산업기술인력 중 외국인 수,고용,조선업,2563,명,명,person_count,count,item,수준값,현재값,KOSIS_VALUE,2023,Y,전년,,4,858,,ALTERNATE,NOT_TOP_TABLE,후순위 통계표 후보,"외국인,고용,제조업",hybrid+reranker,230,Y,0.65837562084198,0.997231662273407,0.7831808698443267,,,111,DT_111014_C064,작년 고용한 한달 이상 근로자 중 외국인 비율,2025005,"외국인고용실태조사(농업,제조업분야) > 농업경영체",meta_index 없음 또는 코드명 매칭 없음,,,,,,,,,,,,,,,,,,,,,,,,,,,,,,,,,,,,,,,,,,,,,meta 없음,,,조선 산업기술인력 중 외국인은 2022년 877명에서 2023년 2563명으로 3배 가까이 늘었다.
A0012-SP13E0E2E6EE,A0012-SP13E0E2E6EE-m2,조선 산업기술인력 중 외국인 수,고용,조선업,2563,명,명,person_count,count,item,수준값,현재값,KOSIS_VALUE,2023,Y,전년,,5,797,,ALTERNATE,NOT_TOP_TABLE,후순위 통계표 후보,"외국인,고용,제조업",hybrid+reranker,230,Y,0.646888256072998,0.9962051510810852,0.6903452685421995,,,111,DT_111014_C051,작년 고용한 일당 근로자 중 외국인 비율,2025005,"외국인고용실태조사(농업,제조업분야) > 농업경영체",meta_index 없음 또는 코드명 매칭 없음,,,,,,,,,,,,,,,,,,,,,,,,,,,,,,,,,,,,,,,,,,,,,meta 없음,,,조선 산업기술인력 중 외국인은 2022년 877명에서 2023년 2563명으로 3배 가까이 늘었다.
A0012-SPFEFB3037E3,A0012-SPFEFB3037E3-m1,조선 산업기술인력 중 외국인의 비율,고용,조선업,1.5,%,%,rate,rate_change,item,증감률,증감률,KOSIS_VALUE,2023,Y,전년,2022,1,550,543,TABLE_ONLY,META_NOT_LOADED,통계표 메타 조회 전 후보,"고용,산업,산업기술인력",hybrid+reranker,208,Y,,0.7498207092285156,0.44202898550724634,,,115,DT_115_2012_AA001,"산업별(중분류) 현재인원(성별, 고용형태별 등)",2004042,산업기술인력수급실태조사 > 현원,meta_index 없음 또는 코드명 매칭 없음,,,,,,,,,,,,,,,,,,,,,,,,,,,,,,,,,,,,,,,,,,,,,meta 없음,,,이들이 차지하는 비율도 같은 기간 1.5%에서 4.4%로 증가했다.
A0012-SPFEFB3037E3,A0012-SPFEFB3037E3-m1,조선 산업기술인력 중 외국인의 비율,고용,조선업,1.5,%,%,rate,rate_change,item,증감률,증감률,KOSIS_VALUE,2023,Y,전년,2022,2,543,,ALTERNATE,NOT_TOP_TABLE,후순위 통계표 후보,"고용,산업,산업기술인력",hybrid+reranker,208,Y,,0.7409248948097229,0.43571428571428567,,,115,DT_115_2012_AA133,"산업별(중분류)･규모별 현재인원(성별, 고용형태별 등)",2004042,산업기술인력수급실태조사 > 현원,meta_index 없음 또는 코드명 매칭 없음,,,,,,,,,,,,,,,,,,,,,,,,,,,,,,,,,,,,,,,,,,,,,meta 없음,,,이들이 차지하는 비율도 같은 기간 1.5%에서 4.4%로 증가했다.
A0012-SPFEFB3037E3,A0012-SPFEFB3037E3-m1,조선 산업기술인력 중 외국인의 비율,고용,조선업,1.5,%,%,rate,rate_change,item,증감률,증감률,KOSIS_VALUE,2023,Y,전년,2022,3,505,,ALTERNATE,NOT_TOP_TABLE,후순위 통계표 후보,"고용,산업기술인력,산업",hybrid+reranker,200,Y,,0.735641598701477,0.38125,,,115,DT_115_2012_AA031,"규모별 현재인원(성별, 고용형태별 등)",2004042,산업기술인력수급실태조사 > 현원,meta_index 없음 또는 코드명 매칭 없음,,,,,,,,,,,,,,,,,,,,,,,,,,,,,,,,,,,,,,,,,,,,,meta 없음,,,이들이 차지하는 비율도 같은 기간 1.5%에서 4.4%로 증가했다.
A0012-SPFEFB3037E3,A0012-SPFEFB3037E3-m1,조선 산업기술인력 중 외국인의 비율,고용,조선업,1.5,%,%,rate,rate_change,item,증감률,증감률,KOSIS_VALUE,2023,Y,전년,2022,4,493,,ALTERNATE,NOT_TOP_TABLE,후순위 통계표 후보,"고용,경기,산업,산업기술인력",hybrid+reranker,216,Y,,0.4791228771209717,0.5,,,115,DT_115_2012_AA079,"경기도･산업별(중분류) 현재인원(성별, 고용형태별 등)",2004042,산업기술인력수급실태조사 > 현원,meta_index 없음 또는 코드명 매칭 없음,,,,,,,,,,,,,,,,,,,,,,,,,,,,,,,,,,,,,,,,,,,,,meta 없음,,,이들이 차지하는 비율도 같은 기간 1.5%에서 4.4%로 증가했다.
A0012-SPFEFB3037E3,A0012-SPFEFB3037E3-m1,조선 산업기술인력 중 외국인의 비율,고용,조선업,1.5,%,%,rate,rate_change,item,증감률,증감률,KOSIS_VALUE,2023,Y,전년,2022,5,477,,ALTERNATE,NOT_TOP_TABLE,후순위 통계표 후보,"고용,산업,산업기술인력",hybrid+reranker,208,Y,,0.46462827920913696,0.4841269841269841,,,115,DT_115_2012_AA121,"경상남도･산업별(중분류) 현재인원(성별, 고용형태별 등)",2004042,산업기술인력수급실태조사 > 현원,meta_index 없음 또는 코드명 매칭 없음,,,,,,,,,,,,,,,,,,,,,,,,,,,,,,,,,,,,,,,,,,,,,meta 없음,,,이들이 차지하는 비율도 같은 기간 1.5%에서 4.4%로 증가했다.
A0012-SPFEFB3037E3,A0012-SPFEFB3037E3-m2,조선 산업기술인력 중 외국인의 비율,고용,조선업,4.4,%,%,rate,rate_change,item,증감률,증감률,KOSIS_VALUE,2023,Y,전년,2022,1,550,543,TABLE_ONLY,META_NOT_LOADED,통계표 메타 조회 전 후보,"고용,산업,산업기술인력",hybrid+reranker,208,Y,,0.7498207092285156,0.44202898550724634,,,115,DT_115_2012_AA001,"산업별(중분류) 현재인원(성별, 고용형태별 등)",2004042,산업기술인력수급실태조사 > 현원,meta_index 없음 또는 코드명 매칭 없음,,,,,,,,,,,,,,,,,,,,,,,,,,,,,,,,,,,,,,,,,,,,,meta 없음,,,이들이 차지하는 비율도 같은 기간 1.5%에서 4.4%로 증가했다.
A0012-SPFEFB3037E3,A0012-SPFEFB3037E3-m2,조선 산업기술인력 중 외국인의 비율,고용,조선업,4.4,%,%,rate,rate_change,item,증감률,증감률,KOSIS_VALUE,2023,Y,전년,2022,2,543,,ALTERNATE,NOT_TOP_TABLE,후순위 통계표 후보,"고용,산업,산업기술인력",hybrid+reranker,208,Y,,0.7409248948097229,0.43571428571428567,,,115,DT_115_2012_AA133,"산업별(중분류)･규모별 현재인원(성별, 고용형태별 등)",2004042,산업기술인력수급실태조사 > 현원,meta_index 없음 또는 코드명 매칭 없음,,,,,,,,,,,,,,,,,,,,,,,,,,,,,,,,,,,,,,,,,,,,,meta 없음,,,이들이 차지하는 비율도 같은 기간 1.5%에서 4.4%로 증가했다.
A0012-SPFEFB3037E3,A0012-SPFEFB3037E3-m2,조선 산업기술인력 중 외국인의 비율,고용,조선업,4.4,%,%,rate,rate_change,item,증감률,증감률,KOSIS_VALUE,2023,Y,전년,2022,3,505,,ALTERNATE,NOT_TOP_TABLE,후순위 통계표 후보,"고용,산업기술인력,산업",hybrid+reranker,200,Y,,0.735641598701477,0.38125,,,115,DT_115_2012_AA031,"규모별 현재인원(성별, 고용형태별 등)",2004042,산업기술인력수급실태조사 > 현원,meta_index 없음 또는 코드명 매칭 없음,,,,,,,,,,,,,,,,,,,,,,,,,,,,,,,,,,,,,,,,,,,,,meta 없음,,,이들이 차지하는 비율도 같은 기간 1.5%에서 4.4%로 증가했다.
A0012-SPFEFB3037E3,A0012-SPFEFB3037E3-m2,조선 산업기술인력 중 외국인의 비율,고용,조선업,4.4,%,%,rate,rate_change,item,증감률,증감률,KOSIS_VALUE,2023,Y,전년,2022,4,493,,ALTERNATE,NOT_TOP_TABLE,후순위 통계표 후보,"고용,경기,산업,산업기술인력",hybrid+reranker,216,Y,,0.4791228771209717,0.5,,,115,DT_115_2012_AA079,"경기도･산업별(중분류) 현재인원(성별, 고용형태별 등)",2004042,산업기술인력수급실태조사 > 현원,meta_index 없음 또는 코드명 매칭 없음,,,,,,,,,,,,,,,,,,,,,,,,,,,,,,,,,,,,,,,,,,,,,meta 없음,,,이들이 차지하는 비율도 같은 기간 1.5%에서 4.4%로 증가했다.
A0012-SPFEFB3037E3,A0012-SPFEFB3037E3-m2,조선 산업기술인력 중 외국인의 비율,고용,조선업,4.4,%,%,rate,rate_change,item,증감률,증감률,KOSIS_VALUE,2023,Y,전년,2022,5,477,,ALTERNATE,NOT_TOP_TABLE,후순위 통계표 후보,"고용,산업,산업기술인력",hybrid+reranker,208,Y,,0.46462827920913696,0.4841269841269841,,,115,DT_115_2012_AA121,"경상남도･산업별(중분류) 현재인원(성별, 고용형태별 등)",2004042,산업기술인력수급실태조사 > 현원,meta_index 없음 또는 코드명 매칭 없음,,,,,,,,,,,,,,,,,,,,,,,,,,,,,,,,,,,,,,,,,,,,,meta 없음,,,이들이 차지하는 비율도 같은 기간 1.5%에서 4.4%로 증가했다.
A0012-SPF01699BC18,A0012-SPF01699BC18-m1,외국 인력 도입 허용 비율,고용,조선업,20,%,%,rate,rate_change,item,증감률,증감률,KOSIS_VALUE,2023,Y,전년,2022,1,898,891,TABLE_ONLY,META_NOT_LOADED,통계표 메타 조회 전 후보,"외국,고용,외국인,인력,20",hybrid+reranker,257,Y,0.6276841163635254,0.9302051067352295,0.8799294312992942,,,142,DT_G26047,외국인근로자 고용시 고려한 사항,1967005,중소기업실태조사 > 2024년 이후 > 외국인 인력,meta_index 없음 또는 코드명 매칭 없음,,,,,,,,,,,,,,,,,,,,,,,,,,,,,,,,,,,,,,,,,,,,,meta 없음,,,"사전 심사부터 비자 발급까지 걸리는 시간을 5주에서 10일 이내로 줄이고, 기업별 외국 인력 도입 허용 비율도 내국인 근로자의 20%에서 30%로 2년간 한시적으로 확대했다."
A0012-SPF01699BC18,A0012-SPF01699BC18-m1,외국 인력 도입 허용 비율,고용,조선업,20,%,%,rate,rate_change,item,증감률,증감률,KOSIS_VALUE,2023,Y,전년,2022,2,891,,ALTERNATE,NOT_TOP_TABLE,후순위 통계표 후보,"비율,외국,고용,외국인",hybrid+reranker,257,Y,0.6292997598648071,0.8536689877510071,0.9112597547380157,,,111,DT_111014_C035,올해 한달 이상 고용 근로자 필요한 근로자 중 외국인 비율,2025005,"외국인고용실태조사(농업,제조업분야) > 농업경영체",meta_index 없음 또는 코드명 매칭 없음,,,,,,,,,,,,,,,,,,,,,,,,,,,,,,,,,,,,,,,,,,,,,meta 없음,,,"사전 심사부터 비자 발급까지 걸리는 시간을 5주에서 10일 이내로 줄이고, 기업별 외국 인력 도입 허용 비율도 내국인 근로자의 20%에서 30%로 2년간 한시적으로 확대했다."
A0012-SPF01699BC18,A0012-SPF01699BC18-m1,외국 인력 도입 허용 비율,고용,조선업,20,%,%,rate,rate_change,item,증감률,증감률,KOSIS_VALUE,2023,Y,전년,2022,3,861,,ALTERNATE,NOT_TOP_TABLE,후순위 통계표 후보,"외국,인력,고용,외국인,20",hybrid+reranker,248,Y,0.6356931924819946,0.8668103814125061,0.8578125,,,183,DT_127001_2025B017,외국인 인력 고용 현황 (기업체),2015003,우주산업및항공제조산업실태조사 > 2024년 이후 > 기업체,meta_index 없음 또는 코드명 매칭 없음,,,,,,,,,,,,,,,,,,,,,,,,,,,,,,,,,,,,,,,,,,,,,meta 없음,,,"사전 심사부터 비자 발급까지 걸리는 시간을 5주에서 10일 이내로 줄이고, 기업별 외국 인력 도입 허용 비율도 내국인 근로자의 20%에서 30%로 2년간 한시적으로 확대했다."
A0012-SPF01699BC18,A0012-SPF01699BC18-m1,외국 인력 도입 허용 비율,고용,조선업,20,%,%,rate,rate_change,item,증감률,증감률,KOSIS_VALUE,2023,Y,전년,2022,4,846,,ALTERNATE,NOT_TOP_TABLE,후순위 통계표 후보,"외국,고용,외국인,인력,20",hybrid+reranker,257,Y,0.6177167892456055,0.9049869179725647,0.814636752136752,,,142,DT_G26046,외국인근로자 고용 사유,1967005,중소기업실태조사 > 2024년 이후 > 외국인 인력,meta_index 없음 또는 코드명 매칭 없음,,,,,,,,,,,,,,,,,,,,,,,,,,,,,,,,,,,,,,,,,,,,,meta 없음,,,"사전 심사부터 비자 발급까지 걸리는 시간을 5주에서 10일 이내로 줄이고, 기업별 외국 인력 도입 허용 비율도 내국인 근로자의 20%에서 30%로 2년간 한시적으로 확대했다."
A0012-SPF01699BC18,A0012-SPF01699BC18-m1,외국 인력 도입 허용 비율,고용,조선업,20,%,%,rate,rate_change,item,증감률,증감률,KOSIS_VALUE,2023,Y,전년,2022,5,840,,ALTERNATE,NOT_TOP_TABLE,후순위 통계표 후보,"외국,고용,외국인,인력,20",hybrid+reranker,257,Y,0.6168996095657349,0.9186264276504517,0.7982381115292507,,,142,DT_G26048,외국인근로자 고용시 주요 애로사항,1967005,중소기업실태조사 > 2024년 이후 > 외국인 인력,meta_index 없음 또는 코드명 매칭 없음,,,,,,,,,,,,,,,,,,,,,,,,,,,,,,,,,,,,,,,,,,,,,meta 없음,,,"사전 심사부터 비자 발급까지 걸리는 시간을 5주에서 10일 이내로 줄이고, 기업별 외국 인력 도입 허용 비율도 내국인 근로자의 20%에서 30%로 2년간 한시적으로 확대했다."
A0012-SPF01699BC18,A0012-SPF01699BC18-m2,외국 인력 도입 허용 비율,고용,조선업,30,%,%,rate,rate_change,item,증감률,증감률,KOSIS_VALUE,2023,Y,전년,2022,1,898,891,TABLE_ONLY,META_NOT_LOADED,통계표 메타 조회 전 후보,"외국,고용,외국인,인력,20",hybrid+reranker,257,Y,0.6276841163635254,0.9302051067352295,0.8799294312992942,,,142,DT_G26047,외국인근로자 고용시 고려한 사항,1967005,중소기업실태조사 > 2024년 이후 > 외국인 인력,meta_index 없음 또는 코드명 매칭 없음,,,,,,,,,,,,,,,,,,,,,,,,,,,,,,,,,,,,,,,,,,,,,meta 없음,,,"사전 심사부터 비자 발급까지 걸리는 시간을 5주에서 10일 이내로 줄이고, 기업별 외국 인력 도입 허용 비율도 내국인 근로자의 20%에서 30%로 2년간 한시적으로 확대했다."
A0012-SPF01699BC18,A0012-SPF01699BC18-m2,외국 인력 도입 허용 비율,고용,조선업,30,%,%,rate,rate_change,item,증감률,증감률,KOSIS_VALUE,2023,Y,전년,2022,2,891,,ALTERNATE,NOT_TOP_TABLE,후순위 통계표 후보,"비율,외국,고용,외국인",hybrid+reranker,257,Y,0.6292997598648071,0.8536689877510071,0.9112597547380157,,,111,DT_111014_C035,올해 한달 이상 고용 근로자 필요한 근로자 중 외국인 비율,2025005,"외국인고용실태조사(농업,제조업분야) > 농업경영체",meta_index 없음 또는 코드명 매칭 없음,,,,,,,,,,,,,,,,,,,,,,,,,,,,,,,,,,,,,,,,,,,,,meta 없음,,,"사전 심사부터 비자 발급까지 걸리는 시간을 5주에서 10일 이내로 줄이고, 기업별 외국 인력 도입 허용 비율도 내국인 근로자의 20%에서 30%로 2년간 한시적으로 확대했다."
A0012-SPF01699BC18,A0012-SPF01699BC18-m2,외국 인력 도입 허용 비율,고용,조선업,30,%,%,rate,rate_change,item,증감률,증감률,KOSIS_VALUE,2023,Y,전년,2022,3,861,,ALTERNATE,NOT_TOP_TABLE,후순위 통계표 후보,"외국,인력,고용,외국인,20",hybrid+reranker,248,Y,0.6356931924819946,0.8668103814125061,0.8578125,,,183,DT_127001_2025B017,외국인 인력 고용 현황 (기업체),2015003,우주산업및항공제조산업실태조사 > 2024년 이후 > 기업체,meta_index 없음 또는 코드명 매칭 없음,,,,,,,,,,,,,,,,,,,,,,,,,,,,,,,,,,,,,,,,,,,,,meta 없음,,,"사전 심사부터 비자 발급까지 걸리는 시간을 5주에서 10일 이내로 줄이고, 기업별 외국 인력 도입 허용 비율도 내국인 근로자의 20%에서 30%로 2년간 한시적으로 확대했다."
A0012-SPF01699BC18,A0012-SPF01699BC18-m2,외국 인력 도입 허용 비율,고용,조선업,30,%,%,rate,rate_change,item,증감률,증감률,KOSIS_VALUE,2023,Y,전년,2022,4,846,,ALTERNATE,NOT_TOP_TABLE,후순위 통계표 후보,"외국,고용,외국인,인력,20",hybrid+reranker,257,Y,0.6177167892456055,0.9049869179725647,0.814636752136752,,,142,DT_G26046,외국인근로자 고용 사유,1967005,중소기업실태조사 > 2024년 이후 > 외국인 인력,meta_index 없음 또는 코드명 매칭 없음,,,,,,,,,,,,,,,,,,,,,,,,,,,,,,,,,,,,,,,,,,,,,meta 없음,,,"사전 심사부터 비자 발급까지 걸리는 시간을 5주에서 10일 이내로 줄이고, 기업별 외국 인력 도입 허용 비율도 내국인 근로자의 20%에서 30%로 2년간 한시적으로 확대했다."
A0012-SPF01699BC18,A0012-SPF01699BC18-m2,외국 인력 도입 허용 비율,고용,조선업,30,%,%,rate,rate_change,item,증감률,증감률,KOSIS_VALUE,2023,Y,전년,2022,5,840,,ALTERNATE,NOT_TOP_TABLE,후순위 통계표 후보,"외국,고용,외국인,인력,20",hybrid+reranker,257,Y,0.6168996095657349,0.9186264276504517,0.7982381115292507,,,142,DT_G26048,외국인근로자 고용시 주요 애로사항,1967005,중소기업실태조사 > 2024년 이후 > 외국인 인력,meta_index 없음 또는 코드명 매칭 없음,,,,,,,,,,,,,,,,,,,,,,,,,,,,,,,,,,,,,,,,,,,,,meta 없음,,,"사전 심사부터 비자 발급까지 걸리는 시간을 5주에서 10일 이내로 줄이고, 기업별 외국 인력 도입 허용 비율도 내국인 근로자의 20%에서 30%로 2년간 한시적으로 확대했다."
A0018-SP32C9008706,A0018-SP32C9008706-m1,총수출액,무역,반도체,683800000000,달러,달러,currency,amount,item,수준값,현재값,KOSIS_VALUE,2024,Y,전년,,1,614,447,TABLE_ONLY,META_NOT_LOADED,통계표 메타 조회 전 후보,"수출액,총수출액,수출",hybrid+reranker,232,Y,0.6829310655593872,0.14718705415725708,0.865376984126984,,,115,DT_115040_21,연간 총 수출액,2024010,탄소소재·부품산업통계조사,meta_index 없음 또는 코드명 매칭 없음,,,,,,,,,,,,,,,,,,,,,,,,,,,,,,,,,,,,,,,,,,,,,meta 없음,,,작년 한 해 전체 수출액이 6838억달러(약 1006조원)로 2023년에 비해 8.2% 증가했다고 산업통상자원부와 관세청이 1일 밝혔다.
A0018-SP32C9008706,A0018-SP32C9008706-m1,총수출액,무역,반도체,683800000000,달러,달러,currency,amount,item,수준값,현재값,KOSIS_VALUE,2024,Y,전년,,2,447,,ALTERNATE,NOT_TOP_TABLE,후순위 통계표 후보,"수입,수출,ICT,codebook:semiconductor_export_y",hybrid+reranker+codebook,1090,Y,,0.3486451208591461,0.5,semiconductor_export_y,semiconductor_export_y,127,DT_127005_005,수출 및 수입액,1996008,ICT실태조사,meta_index 없음 또는 코드명 매칭 없음,,,,,,,,,,,,,,,,,,,,,,,,,,,,,,,,,,,,,,,,,,,,,코드북 후보 선택,,,작년 한 해 전체 수출액이 6838억달러(약 1006조원)로 2023년에 비해 8.2% 증가했다고 산업통상자원부와 관세청이 1일 밝혔다.
A0018-SP32C9008706,A0018-SP32C9008706-m1,총수출액,무역,반도체,683800000000,달러,달러,currency,amount,item,수준값,현재값,KOSIS_VALUE,2024,Y,전년,,3,382,,ALTERNATE,NOT_TOP_TABLE,후순위 통계표 후보,"품목별,수출액,수입,수출,무역",hybrid+reranker,476,Y,,0.17695587873458862,0.4919354838709677,,,360,DT_1R11001_FRM101,"품목별 수출액, 수입액",1976045,SITC에의한무역통계,meta_index 없음 또는 코드명 매칭 없음,,,,,,,,,,,,,,,,,,,,,,,,,,,,,,,,,,,,,,,,,,,,,meta 없음,,,작년 한 해 전체 수출액이 6838억달러(약 1006조원)로 2023년에 비해 8.2% 증가했다고 산업통상자원부와 관세청이 1일 밝혔다.
A0018-SP32C9008706,A0018-SP32C9008706-m1,총수출액,무역,반도체,683800000000,달러,달러,currency,amount,item,수준값,현재값,KOSIS_VALUE,2024,Y,전년,,4,377,,ALTERNATE,NOT_TOP_TABLE,후순위 통계표 후보,"품목별,수출",hybrid,140,Y,,,0.37654320987654316,,,115,DT_115037_002,품목별 중견기업 수출,2023006,중견기업수출동향,meta_index 없음 또는 코드명 매칭 없음,,,,,,,,,,,,,,,,,,,,,,,,,,,,,,,,,,,,,,,,,,,,,meta 없음,,,작년 한 해 전체 수출액이 6838억달러(약 1006조원)로 2023년에 비해 8.2% 증가했다고 산업통상자원부와 관세청이 1일 밝혔다.
A0018-SP32C9008706,A0018-SP32C9008706-m1,총수출액,무역,반도체,683800000000,달러,달러,currency,amount,item,수준값,현재값,KOSIS_VALUE,2024,Y,전년,,5,372,,ALTERNATE,NOT_TOP_TABLE,후순위 통계표 후보,"품목별,수출",hybrid,132,Y,,,0.3719512195121951,,,428,DT_KIGAM_1009,광종별 품목별 수출입실적,1975024,광산물생산량현황,meta_index 없음 또는 코드명 매칭 없음,,,,,,,,,,,,,,,,,,,,,,,,,,,,,,,,,,,,,,,,,,,,,meta 없음,,,작년 한 해 전체 수출액이 6838억달러(약 1006조원)로 2023년에 비해 8.2% 증가했다고 산업통상자원부와 관세청이 1일 밝혔다.
A0018-SP32C9008706,A0018-SP32C9008706-m2,총수출액,무역,반도체,1006000000000000,원,원,currency,amount,item,수준값,현재값,KOSIS_VALUE,2024,Y,전년,,1,608,415,TABLE_ONLY,META_NOT_LOADED,통계표 메타 조회 전 후보,"수출액,총수출액,수출",hybrid+reranker,232,Y,0.6851967573165894,0.1127954050898552,0.875152625152625,,,115,DT_115040_21,연간 총 수출액,2024010,탄소소재·부품산업통계조사,meta_index 없음 또는 코드명 매칭 없음,,,,,,,,,,,,,,,,,,,,,,,,,,,,,,,,,,,,,,,,,,,,,meta 없음,,,작년 한 해 전체 수출액이 6838억달러(약 1006조원)로 2023년에 비해 8.2% 증가했다고 산업통상자원부와 관세청이 1일 밝혔다.
A0018-SP32C9008706,A0018-SP32C9008706-m2,총수출액,무역,반도체,1006000000000000,원,원,currency,amount,item,수준값,현재값,KOSIS_VALUE,2024,Y,전년,,2,415,,ALTERNATE,NOT_TOP_TABLE,후순위 통계표 후보,"수입,수출,ICT,codebook:semiconductor_export_y",hybrid+reranker+codebook,1090,Y,,0.25701841711997986,0.5,semiconductor_export_y,semiconductor_export_y,127,DT_127005_005,수출 및 수입액,1996008,ICT실태조사,meta_index 없음 또는 코드명 매칭 없음,,,,,,,,,,,,,,,,,,,,,,,,,,,,,,,,,,,,,,,,,,,,,코드북 후보 선택,,,작년 한 해 전체 수출액이 6838억달러(약 1006조원)로 2023년에 비해 8.2% 증가했다고 산업통상자원부와 관세청이 1일 밝혔다.
A0018-SP32C9008706,A0018-SP32C9008706-m2,총수출액,무역,반도체,1006000000000000,원,원,currency,amount,item,수준값,현재값,KOSIS_VALUE,2024,Y,전년,,3,377,,ALTERNATE,NOT_TOP_TABLE,후순위 통계표 후보,"품목별,수출",hybrid,140,Y,,,0.37654320987654316,,,115,DT_115037_002,품목별 중견기업 수출,2023006,중견기업수출동향,meta_index 없음 또는 코드명 매칭 없음,,,,,,,,,,,,,,,,,,,,,,,,,,,,,,,,,,,,,,,,,,,,,meta 없음,,,작년 한 해 전체 수출액이 6838억달러(약 1006조원)로 2023년에 비해 8.2% 증가했다고 산업통상자원부와 관세청이 1일 밝혔다.
A0018-SP32C9008706,A0018-SP32C9008706-m2,총수출액,무역,반도체,1006000000000000,원,원,currency,amount,item,수준값,현재값,KOSIS_VALUE,2024,Y,전년,,4,372,,ALTERNATE,NOT_TOP_TABLE,후순위 통계표 후보,"품목별,수출",hybrid,132,Y,,,0.3719512195121951,,,428,DT_KIGAM_1009,광종별 품목별 수출입실적,1975024,광산물생산량현황,meta_index 없음 또는 코드명 매칭 없음,,,,,,,,,,,,,,,,,,,,,,,,,,,,,,,,,,,,,,,,,,,,,meta 없음,,,작년 한 해 전체 수출액이 6838억달러(약 1006조원)로 2023년에 비해 8.2% 증가했다고 산업통상자원부와 관세청이 1일 밝혔다.
A0018-SP32C9008706,A0018-SP32C9008706-m2,총수출액,무역,반도체,1006000000000000,원,원,currency,amount,item,수준값,현재값,KOSIS_VALUE,2024,Y,전년,,5,367,,ALTERNATE,NOT_TOP_TABLE,후순위 통계표 후보,"품목별,수입",hybrid,132,Y,,,0.3674698795180723,,,101,DT_1633D,임가공품목별 사업체수 및 수입액(10명 이상),1968005,광업제조업조사 > 조사기반 > 품목편 > 9차 개정,meta_index 없음 또는 코드명 매칭 없음,,,,,,,,,,,,,,,,,,,,,,,,,,,,,,,,,,,,,,,,,,,,,meta 없음,,,작년 한 해 전체 수출액이 6838억달러(약 1006조원)로 2023년에 비해 8.2% 증가했다고 산업통상자원부와 관세청이 1일 밝혔다.
A0018-SP32C9008706,A0018-SP32C9008706-m3,총수출액 증감률,무역,반도체,8.2,%,%,rate,rate_change,item,증감률,증감률,KOSIS_VALUE,2024,Y,전년,2023,1,589,382,TABLE_ONLY,META_NOT_LOADED,통계표 메타 조회 전 후보,"수출액,총수출액,수출",hybrid+reranker,232,Y,0.6863435506820679,0.08555634319782257,0.8606701940035273,,,115,DT_115040_21,연간 총 수출액,2024010,탄소소재·부품산업통계조사,meta_index 없음 또는 코드명 매칭 없음,,,,,,,,,,,,,,,,,,,,,,,,,,,,,,,,,,,,,,,,,,,,,meta 없음,,,작년 한 해 전체 수출액이 6838억달러(약 1006조원)로 2023년에 비해 8.2% 증가했다고 산업통상자원부와 관세청이 1일 밝혔다.
A0018-SP32C9008706,A0018-SP32C9008706-m3,총수출액 증감률,무역,반도체,8.2,%,%,rate,rate_change,item,증감률,증감률,KOSIS_VALUE,2024,Y,전년,2023,2,382,,ALTERNATE,NOT_TOP_TABLE,후순위 통계표 후보,"수입,수출,ICT,codebook:semiconductor_export_y",hybrid+reranker+codebook,1090,Y,,0.1619819551706314,0.5,semiconductor_export_y,semiconductor_export_y,127,DT_127005_005,수출 및 수입액,1996008,ICT실태조사,meta_index 없음 또는 코드명 매칭 없음,,,,,,,,,,,,,,,,,,,,,,,,,,,,,,,,,,,,,,,,,,,,,코드북 후보 선택,,,작년 한 해 전체 수출액이 6838억달러(약 1006조원)로 2023년에 비해 8.2% 증가했다고 산업통상자원부와 관세청이 1일 밝혔다.
A0018-SP32C9008706,A0018-SP32C9008706-m3,총수출액 증감률,무역,반도체,8.2,%,%,rate,rate_change,item,증감률,증감률,KOSIS_VALUE,2024,Y,전년,2023,3,377,,ALTERNATE,NOT_TOP_TABLE,후순위 통계표 후보,"품목별,수출",hybrid,140,Y,,,0.37654320987654316,,,115,DT_115037_002,품목별 중견기업 수출,2023006,중견기업수출동향,meta_index 없음 또는 코드명 매칭 없음,,,,,,,,,,,,,,,,,,,,,,,,,,,,,,,,,,,,,,,,,,,,,meta 없음,,,작년 한 해 전체 수출액이 6838억달러(약 1006조원)로 2023년에 비해 8.2% 증가했다고 산업통상자원부와 관세청이 1일 밝혔다.
A0018-SP32C9008706,A0018-SP32C9008706-m3,총수출액 증감률,무역,반도체,8.2,%,%,rate,rate_change,item,증감률,증감률,KOSIS_VALUE,2024,Y,전년,2023,4,372,,ALTERNATE,NOT_TOP_TABLE,후순위 통계표 후보,"품목별,수출",hybrid,132,Y,,,0.3719512195121951,,,428,DT_KIGAM_1009,광종별 품목별 수출입실적,1975024,광산물생산량현황,meta_index 없음 또는 코드명 매칭 없음,,,,,,,,,,,,,,,,,,,,,,,,,,,,,,,,,,,,,,,,,,,,,meta 없음,,,작년 한 해 전체 수출액이 6838억달러(약 1006조원)로 2023년에 비해 8.2% 증가했다고 산업통상자원부와 관세청이 1일 밝혔다.
A0018-SP32C9008706,A0018-SP32C9008706-m3,총수출액 증감률,무역,반도체,8.2,%,%,rate,rate_change,item,증감률,증감률,KOSIS_VALUE,2024,Y,전년,2023,5,367,,ALTERNATE,NOT_TOP_TABLE,후순위 통계표 후보,"품목별,수입",hybrid,132,Y,,,0.3674698795180723,,,101,DT_1633D,임가공품목별 사업체수 및 수입액(10명 이상),1968005,광업제조업조사 > 조사기반 > 품목편 > 9차 개정,meta_index 없음 또는 코드명 매칭 없음,,,,,,,,,,,,,,,,,,,,,,,,,,,,,,,,,,,,,,,,,,,,,meta 없음,,,작년 한 해 전체 수출액이 6838억달러(약 1006조원)로 2023년에 비해 8.2% 증가했다고 산업통상자원부와 관세청이 1일 밝혔다.
A0018-SPBAED6BB4CA,A0018-SPBAED6BB4CA-m2,총 수출액 증감,무역,반도체,200000000,달러,달러,currency,absolute_change,item,증감량,증감값,KOSIS_VALUE,2022,Y,전년동기,2021,1,565,386,TABLE_ONLY,META_NOT_LOADED,통계표 메타 조회 전 후보,"수출액,수출,증감",hybrid+reranker,216,Y,,0.7164170145988464,0.4841269841269841,,,127,DT_127010_008,전년 대비 수출액 증감 현황 및 이유,2018022,클라우드산업실태조사,meta_index 없음 또는 코드명 매칭 없음,,,,,,,,,,,,,,,,,,,,,,,,,,,,,,,,,,,,,,,,,,,,,meta 없음,,,기존 역대 최대 규모였던 2022년 기록(6836억달러)을 2억달러 웃돌아 역대 최대 수출 실적을 달성했다.
A0018-SPBAED6BB4CA,A0018-SPBAED6BB4CA-m2,총 수출액 증감,무역,반도체,200000000,달러,달러,currency,absolute_change,item,증감량,증감값,KOSIS_VALUE,2022,Y,전년동기,2021,2,386,,ALTERNATE,NOT_TOP_TABLE,후순위 통계표 후보,"수출,수입,ICT,codebook:semiconductor_export_y",hybrid+reranker+codebook,1094,Y,,0.17286890745162964,0.5,semiconductor_export_y,semiconductor_export_y,127,DT_127005_005,수출 및 수입액,1996008,ICT실태조사,meta_index 없음 또는 코드명 매칭 없음,,,,,,,,,,,,,,,,,,,,,,,,,,,,,,,,,,,,,,,,,,,,,코드북 후보 선택,,,기존 역대 최대 규모였던 2022년 기록(6836억달러)을 2억달러 웃돌아 역대 최대 수출 실적을 달성했다.
A0018-SPBAED6BB4CA,A0018-SPBAED6BB4CA-m2,총 수출액 증감,무역,반도체,200000000,달러,달러,currency,absolute_change,item,증감량,증감값,KOSIS_VALUE,2022,Y,전년동기,2021,3,377,,ALTERNATE,NOT_TOP_TABLE,후순위 통계표 후보,"품목별,수입,무역",hybrid,144,Y,,,0.37654320987654316,,,134,DT_13405_004,품목별 FTA 수입활용률,2014013,FTA특혜무역활용통계,meta_index 없음 또는 코드명 매칭 없음,,,,,,,,,,,,,,,,,,,,,,,,,,,,,,,,,,,,,,,,,,,,,meta 없음,,,기존 역대 최대 규모였던 2022년 기록(6836억달러)을 2억달러 웃돌아 역대 최대 수출 실적을 달성했다.
A0018-SPBAED6BB4CA,A0018-SPBAED6BB4CA-m2,총 수출액 증감,무역,반도체,200000000,달러,달러,currency,absolute_change,item,증감량,증감값,KOSIS_VALUE,2022,Y,전년동기,2021,4,372,,ALTERNATE,NOT_TOP_TABLE,후순위 통계표 후보,"품목별,수입,2022년",hybrid,142,Y,,,0.3719512195121951,,,101,DT_1FP1022B,"임가공품목별 사업체수 및 수입액(10인 이상, 2022년)",1968005,광업제조업조사 > 등록기반 > 품목편 > 10차 산업분류 개정,meta_index 없음 또는 코드명 매칭 없음,,,,,,,,,,,,,,,,,,,,,,,,,,,,,,,,,,,,,,,,,,,,,meta 없음,,,기존 역대 최대 규모였던 2022년 기록(6836억달러)을 2억달러 웃돌아 역대 최대 수출 실적을 달성했다.
A0018-SPBAED6BB4CA,A0018-SPBAED6BB4CA-m2,총 수출액 증감,무역,반도체,200000000,달러,달러,currency,absolute_change,item,증감량,증감값,KOSIS_VALUE,2022,Y,전년동기,2021,5,367,,ALTERNATE,NOT_TOP_TABLE,후순위 통계표 후보,"품목별,실적,수입",hybrid,136,Y,,,0.3674698795180723,,,134,DT_134007_2021_D003,품목별 개별소비세 실적,2022005,수입물품에대한관세및내국세통계 > 개별소비세,meta_index 없음 또는 코드명 매칭 없음,,,,,,,,,,,,,,,,,,,,,,,,,,,,,,,,,,,,,,,,,,,,,meta 없음,,,기존 역대 최대 규모였던 2022년 기록(6836억달러)을 2억달러 웃돌아 역대 최대 수출 실적을 달성했다.
A0018-SP2F67F9842A,A0018-SP2F67F9842A-m1,수출액,무역,반도체,141900000000,달러,달러,currency,amount,item,수준값,현재값,KOSIS_VALUE,2024,Y,전년,,1,653,647,TABLE_ONLY,META_NOT_LOADED,통계표 메타 조회 전 후보,"수출,수입,ICT,codebook:semiconductor_export_y",hybrid+reranker+codebook,1098,Y,,0.936168372631073,0.5,semiconductor_export_y,semiconductor_export_y,127,DT_127005_005,수출 및 수입액,1996008,ICT실태조사,meta_index 없음 또는 코드명 매칭 없음,,,,,,,,,,,,,,,,,,,,,,,,,,,,,,,,,,,,,,,,,,,,,코드북 후보 선택,,,주력 수출 품목인 반도체 수출액이 1419억달러로 역대 최대치를 고쳐 쓰면서 수출 증가세를 주도했다.
A0018-SP2F67F9842A,A0018-SP2F67F9842A-m1,수출액,무역,반도체,141900000000,달러,달러,currency,amount,item,수준값,현재값,KOSIS_VALUE,2024,Y,전년,,2,647,,ALTERNATE,NOT_TOP_TABLE,후순위 통계표 후보,"수출액,품목별,수출,수입,무역",hybrid+reranker,484,Y,,0.9362850189208984,0.4919354838709677,,,360,DT_1R11001_FRM101,"품목별 수출액, 수입액",1976045,SITC에의한무역통계,meta_index 없음 또는 코드명 매칭 없음,,,,,,,,,,,,,,,,,,,,,,,,,,,,,,,,,,,,,,,,,,,,,meta 없음,,,주력 수출 품목인 반도체 수출액이 1419억달러로 역대 최대치를 고쳐 쓰면서 수출 증가세를 주도했다.
A0018-SP2F67F9842A,A0018-SP2F67F9842A-m1,수출액,무역,반도체,141900000000,달러,달러,currency,amount,item,수준값,현재값,KOSIS_VALUE,2024,Y,전년,,3,625,,ALTERNATE,NOT_TOP_TABLE,후순위 통계표 후보,"품목별,수출,수입,무역",hybrid+reranker,168,Y,,0.8870089650154114,0.4841269841269841,,,134,DT_134006_N001,품목별 수입·수출현황,2017044,기업무역활동통계,meta_index 없음 또는 코드명 매칭 없음,,,,,,,,,,,,,,,,,,,,,,,,,,,,,,,,,,,,,,,,,,,,,meta 없음,,,주력 수출 품목인 반도체 수출액이 1419억달러로 역대 최대치를 고쳐 쓰면서 수출 증가세를 주도했다.
A0018-SP2F67F9842A,A0018-SP2F67F9842A-m1,수출액,무역,반도체,141900000000,달러,달러,currency,amount,item,수준값,현재값,KOSIS_VALUE,2024,Y,전년,,4,550,,ALTERNATE,NOT_TOP_TABLE,후순위 통계표 후보,"품목별,수출,무역",hybrid+reranker,152,Y,,0.826151430606842,0.4013157894736842,,,134,DT_134006_N012,품목별 고성장·가젤기업 수출현황,2017044,기업무역활동통계,meta_index 없음 또는 코드명 매칭 없음,,,,,,,,,,,,,,,,,,,,,,,,,,,,,,,,,,,,,,,,,,,,,meta 없음,,,주력 수출 품목인 반도체 수출액이 1419억달러로 역대 최대치를 고쳐 쓰면서 수출 증가세를 주도했다.
A0018-SP2F67F9842A,A0018-SP2F67F9842A-m1,수출액,무역,반도체,141900000000,달러,달러,currency,amount,item,수준값,현재값,KOSIS_VALUE,2024,Y,전년,,5,547,,ALTERNATE,NOT_TOP_TABLE,후순위 통계표 후보,"품목별,수출,무역",hybrid+reranker,152,Y,,0.8068526387214661,0.4066666666666667,,,134,DT_13405_003,품목별 FTA 수출활용률,2014013,FTA특혜무역활용통계,meta_index 없음 또는 코드명 매칭 없음,,,,,,,,,,,,,,,,,,,,,,,,,,,,,,,,,,,,,,,,,,,,,meta 없음,,,주력 수출 품목인 반도체 수출액이 1419억달러로 역대 최대치를 고쳐 쓰면서 수출 증가세를 주도했다.
A0018-SP33EC69A061,A0018-SP33EC69A061-m1,수입액 증감률,무역,-,1.6,%,%,rate,rate_change,unspecified,증감률,증감률,KOSIS_VALUE,2024,Y,전년,2023,1,609,569,TABLE_ONLY,META_NOT_LOADED,통계표 메타 조회 전 후보,"수입액,품목별,수출액,수입,수출,무역",hybrid+reranker,416,Y,,0.8121234178543091,0.5,,,360,DT_1R11001_FRM101,"품목별 수출액, 수입액",1976045,SITC에의한무역통계,meta_index 없음 또는 코드명 매칭 없음,,,,,,,,,,,,,,,,,,,,,,,,,,,,,,,,,,,,,,,,,,,,,meta 없음,,,"작년 한국의 수입액은 전년보다 1.6% 감소한 6320억달러로, 518억달러의 무역 흑자를 기록했다."
A0018-SP33EC69A061,A0018-SP33EC69A061-m1,수입액 증감률,무역,-,1.6,%,%,rate,rate_change,unspecified,증감률,증감률,KOSIS_VALUE,2024,Y,전년,2023,2,569,,ALTERNATE,NOT_TOP_TABLE,후순위 통계표 후보,"수입액,수출액,국가별,수입,수출,무역",hybrid+reranker,112,Y,,0.7919819355010986,0.44852941176470584,,,360,DT_1R11006_FRM101,"국가별 수출액, 수입액",1976045,SITC에의한무역통계,meta_index 없음 또는 코드명 매칭 없음,,,,,,,,,,,,,,,,,,,,,,,,,,,,,,,,,,,,,,,,,,,,,meta 없음,,,"작년 한국의 수입액은 전년보다 1.6% 감소한 6320억달러로, 518억달러의 무역 흑자를 기록했다."
A0018-SP33EC69A061,A0018-SP33EC69A061-m1,수입액 증감률,무역,-,1.6,%,%,rate,rate_change,unspecified,증감률,증감률,KOSIS_VALUE,2024,Y,전년,2023,3,493,,ALTERNATE,NOT_TOP_TABLE,후순위 통계표 후보,"수입액,무역,무역수지,수입,수출",hybrid+reranker,132,Y,,0.4945184886455536,0.4919354838709677,,,145,DT_145009_026,"국내 의약품 생산·수출·수입액, 무역수지, 시장규모",2016008,의약품생산및수출수입실적 > 수출입 현황,meta_index 없음 또는 코드명 매칭 없음,,,,,,,,,,,,,,,,,,,,,,,,,,,,,,,,,,,,,,,,,,,,,meta 없음,,,"작년 한국의 수입액은 전년보다 1.6% 감소한 6320억달러로, 518억달러의 무역 흑자를 기록했다."
A0018-SP33EC69A061,A0018-SP33EC69A061-m1,수입액 증감률,무역,-,1.6,%,%,rate,rate_change,unspecified,증감률,증감률,KOSIS_VALUE,2024,Y,전년,2023,4,441,,ALTERNATE,NOT_TOP_TABLE,후순위 통계표 후보,"수입액,무역,무역수지,수입,수출",hybrid+reranker,124,Y,,0.37513402104377747,0.4765625,,,145,DT_14508_007,"의료기기 생산·수출·수입액, 무역수지, 시장규모",2014001,의료기기생산실적 > 의료기기 생산실적 총괄,meta_index 없음 또는 코드명 매칭 없음,,,,,,,,,,,,,,,,,,,,,,,,,,,,,,,,,,,,,,,,,,,,,meta 없음,,,"작년 한국의 수입액은 전년보다 1.6% 감소한 6320억달러로, 518억달러의 무역 흑자를 기록했다."
A0018-SP33EC69A061,A0018-SP33EC69A061-m1,수입액 증감률,무역,-,1.6,%,%,rate,rate_change,unspecified,증감률,증감률,KOSIS_VALUE,2024,Y,전년,2023,5,411,,ALTERNATE,NOT_TOP_TABLE,후순위 통계표 후보,"수입액,무역,무역수지,수입,수출",hybrid+reranker,124,Y,,0.2743513584136963,0.4841269841269841,,,145,DT_145014_013,"위생용품 생산·수출·수입액 무역수지, 시장규모",2019072,위생용품산업현황 > 위생용품 산업현황 총괄,meta_index 없음 또는 코드명 매칭 없음,,,,,,,,,,,,,,,,,,,,,,,,,,,,,,,,,,,,,,,,,,,,,meta 없음,,,"작년 한국의 수입액은 전년보다 1.6% 감소한 6320억달러로, 518억달러의 무역 흑자를 기록했다."
A0018-SP33EC69A061,A0018-SP33EC69A061-m2,수입액,무역,-,632000000000,달러,달러,currency,amount,unspecified,수준값,현재값,KOSIS_VALUE,2024,Y,전년,,1,628,602,TABLE_ONLY,META_NOT_LOADED,통계표 메타 조회 전 후보,"수입액,품목별,수출액,수입,수출,무역",hybrid+reranker,416,Y,,0.8651101589202881,0.5,,,360,DT_1R11001_FRM101,"품목별 수출액, 수입액",1976045,SITC에의한무역통계,meta_index 없음 또는 코드명 매칭 없음,,,,,,,,,,,,,,,,,,,,,,,,,,,,,,,,,,,,,,,,,,,,,meta 없음,,,"작년 한국의 수입액은 전년보다 1.6% 감소한 6320억달러로, 518억달러의 무역 흑자를 기록했다."
A0018-SP33EC69A061,A0018-SP33EC69A061-m2,수입액,무역,-,632000000000,달러,달러,currency,amount,unspecified,수준값,현재값,KOSIS_VALUE,2024,Y,전년,,2,602,,ALTERNATE,NOT_TOP_TABLE,후순위 통계표 후보,"수입액,수출액,국가별,수입,수출,무역",hybrid+reranker,112,Y,,0.8873999118804932,0.44852941176470584,,,360,DT_1R11006_FRM101,"국가별 수출액, 수입액",1976045,SITC에의한무역통계,meta_index 없음 또는 코드명 매칭 없음,,,,,,,,,,,,,,,,,,,,,,,,,,,,,,,,,,,,,,,,,,,,,meta 없음,,,"작년 한국의 수입액은 전년보다 1.6% 감소한 6320억달러로, 518억달러의 무역 흑자를 기록했다."
A0018-SP33EC69A061,A0018-SP33EC69A061-m2,수입액,무역,-,632000000000,달러,달러,currency,amount,unspecified,수준값,현재값,KOSIS_VALUE,2024,Y,전년,,3,574,,ALTERNATE,NOT_TOP_TABLE,후순위 통계표 후보,"수입액,무역,무역수지,수입,수출",hybrid+reranker,132,Y,,0.7261344194412231,0.4919354838709677,,,145,DT_145009_026,"국내 의약품 생산·수출·수입액, 무역수지, 시장규모",2016008,의약품생산및수출수입실적 > 수출입 현황,meta_index 없음 또는 코드명 매칭 없음,,,,,,,,,,,,,,,,,,,,,,,,,,,,,,,,,,,,,,,,,,,,,meta 없음,,,"작년 한국의 수입액은 전년보다 1.6% 감소한 6320억달러로, 518억달러의 무역 흑자를 기록했다."
A0018-SP33EC69A061,A0018-SP33EC69A061-m2,수입액,무역,-,632000000000,달러,달러,currency,amount,unspecified,수준값,현재값,KOSIS_VALUE,2024,Y,전년,,4,519,,ALTERNATE,NOT_TOP_TABLE,후순위 통계표 후보,"수입액,무역,무역수지,수입,수출",hybrid+reranker,124,Y,,0.5979600548744202,0.4765625,,,145,DT_14508_007,"의료기기 생산·수출·수입액, 무역수지, 시장규모",2014001,의료기기생산실적 > 의료기기 생산실적 총괄,meta_index 없음 또는 코드명 매칭 없음,,,,,,,,,,,,,,,,,,,,,,,,,,,,,,,,,,,,,,,,,,,,,meta 없음,,,"작년 한국의 수입액은 전년보다 1.6% 감소한 6320억달러로, 518억달러의 무역 흑자를 기록했다."
A0018-SP33EC69A061,A0018-SP33EC69A061-m2,수입액,무역,-,632000000000,달러,달러,currency,amount,unspecified,수준값,현재값,KOSIS_VALUE,2024,Y,전년,,5,454,,ALTERNATE,NOT_TOP_TABLE,후순위 통계표 후보,"수입액,무역,무역수지,수입,수출",hybrid+reranker,124,Y,,0.3985234498977661,0.4841269841269841,,,145,DT_145014_013,"위생용품 생산·수출·수입액 무역수지, 시장규모",2019072,위생용품산업현황 > 위생용품 산업현황 총괄,meta_index 없음 또는 코드명 매칭 없음,,,,,,,,,,,,,,,,,,,,,,,,,,,,,,,,,,,,,,,,,,,,,meta 없음,,,"작년 한국의 수입액은 전년보다 1.6% 감소한 6320억달러로, 518억달러의 무역 흑자를 기록했다."
A0018-SP33EC69A061,A0018-SP33EC69A061-m3,무역 흑자,무역,-,51800000000,달러,달러,currency,amount,unspecified,수준값,현재값,KOSIS_VALUE,2024,Y,전년,,1,872,848,TABLE_ONLY,META_NOT_LOADED,통계표 메타 조회 전 후보,"수입액,수출액,품목별,수입,수출,무역",hybrid+reranker,276,Y,0.6497887372970581,0.87169349193573,0.8719512195121951,,,360,DT_1R11001_FRM101,"품목별 수출액, 수입액",1976045,SITC에의한무역통계,meta_index 없음 또는 코드명 매칭 없음,,,,,,,,,,,,,,,,,,,,,,,,,,,,,,,,,,,,,,,,,,,,,meta 없음,,,"작년 한국의 수입액은 전년보다 1.6% 감소한 6320억달러로, 518억달러의 무역 흑자를 기록했다."
A0018-SP33EC69A061,A0018-SP33EC69A061-m3,무역 흑자,무역,-,51800000000,달러,달러,currency,amount,unspecified,수준값,현재값,KOSIS_VALUE,2024,Y,전년,,2,848,,ALTERNATE,NOT_TOP_TABLE,후순위 통계표 후보,"수입액,수출액,국가별,수입,수출,무역",hybrid+reranker,252,Y,0.6510885953903198,0.8625832796096802,0.8395550527903468,,,360,DT_1R11006_FRM101,"국가별 수출액, 수입액",1976045,SITC에의한무역통계,meta_index 없음 또는 코드명 매칭 없음,,,,,,,,,,,,,,,,,,,,,,,,,,,,,,,,,,,,,,,,,,,,,meta 없음,,,"작년 한국의 수입액은 전년보다 1.6% 감소한 6320억달러로, 518억달러의 무역 흑자를 기록했다."
A0018-SP33EC69A061,A0018-SP33EC69A061-m3,무역 흑자,무역,-,51800000000,달러,달러,currency,amount,unspecified,수준값,현재값,KOSIS_VALUE,2024,Y,전년,,3,676,,ALTERNATE,NOT_TOP_TABLE,후순위 통계표 후보,무역,hybrid+reranker,176,Y,0.6448072195053101,0.822474479675293,0.596840397098129,,,101,DT_1TEC112,무역집중도,2016055,기업특성별무역통계 > 산업분류(KSIC10차 기준)_'23년 이전_비영리·미연계 기업 제외,meta_index 없음 또는 코드명 매칭 없음,,,,,,,,,,,,,,,,,,,,,,,,,,,,,,,,,,,,,,,,,,,,,meta 없음,,,"작년 한국의 수입액은 전년보다 1.6% 감소한 6320억달러로, 518억달러의 무역 흑자를 기록했다."
A0018-SP33EC69A061,A0018-SP33EC69A061-m3,무역 흑자,무역,-,51800000000,달러,달러,currency,amount,unspecified,수준값,현재값,KOSIS_VALUE,2024,Y,전년,,4,549,,ALTERNATE,NOT_TOP_TABLE,후순위 통계표 후보,"국가별,수출,무역",hybrid+reranker,172,Y,0.6535888314247131,0.8137569427490234,0.4066666666666667,,,101,DT_1TEC211,종사자규모별 주요국가별 수출입,2016055,기업특성별무역통계 > 산업분류(KSIC10차 기준)_'23년 이전_비영리·미연계 기업 제외,meta_index 없음 또는 코드명 매칭 없음,,,,,,,,,,,,,,,,,,,,,,,,,,,,,,,,,,,,,,,,,,,,,meta 없음,,,"작년 한국의 수입액은 전년보다 1.6% 감소한 6320억달러로, 518억달러의 무역 흑자를 기록했다."
A0018-SP33EC69A061,A0018-SP33EC69A061-m3,무역 흑자,무역,-,51800000000,달러,달러,currency,amount,unspecified,수준값,현재값,KOSIS_VALUE,2024,Y,전년,,5,547,,ALTERNATE,NOT_TOP_TABLE,후순위 통계표 후보,"수입액,무역수지,무역,수입,수출",hybrid+reranker,272,Y,,0.6496897339820862,0.4919354838709677,,,145,DT_145009_026,"국내 의약품 생산·수출·수입액, 무역수지, 시장규모",2016008,의약품생산및수출수입실적 > 수출입 현황,meta_index 없음 또는 코드명 매칭 없음,,,,,,,,,,,,,,,,,,,,,,,,,,,,,,,,,,,,,,,,,,,,,meta 없음,,,"작년 한국의 수입액은 전년보다 1.6% 감소한 6320억달러로, 518억달러의 무역 흑자를 기록했다."
A0018-SP6B44F499DC,A0018-SP6B44F499DC-m1,흑자 폭,무역,-,69700000000,달러,달러,currency,amount,unspecified,수준값,현재값,KOSIS_VALUE,2018,Y,전년,,1,377,372,TABLE_ONLY,META_NOT_LOADED,통계표 메타 조회 전 후보,이후,hybrid,-158,N,0.5661860704421997,,0.37654320987654316,,,338,DT_KWMP_2020113,가계경제 변화 - 목표로 하였던 재산을 모았다,2008045,여성관리자패널조사 > 2020년 이후 > 기타,meta_index 없음 또는 코드명 매칭 없음,,,,,,,,,,,,,,,,,,,,,,,,,,,,,,,,,,,,,,,,,,,,,meta 없음,,,작년 흑자 폭은 2018년(697억달러 흑자) 이후 6년 만에 최대다.
A0018-SP6B44F499DC,A0018-SP6B44F499DC-m1,흑자 폭,무역,-,69700000000,달러,달러,currency,amount,unspecified,수준값,현재값,KOSIS_VALUE,2018,Y,전년,,2,372,,ALTERNATE,NOT_TOP_TABLE,후순위 통계표 후보,6년,hybrid,-152,N,0.565956175327301,,0.3719512195121951,,,101,DT_1L6E005,"가구당 월평균 분위경계값 및 적자가구비율(1인 이상, 가구기준)",1962009,"가계동향조사 > 가계동향조사(구분류, 1963~2024년) > 가계동향조사(구분류, 지출 1990~2016년, 소득 1990~2019년) > 1인이상 비농림어가 > 분위별 경계값 및 적자가구비율 ",meta_index 없음 또는 코드명 매칭 없음,,,,,,,,,,,,,,,,,,,,,,,,,,,,,,,,,,,,,,,,,,,,,meta 없음,,,작년 흑자 폭은 2018년(697억달러 흑자) 이후 6년 만에 최대다.
A0018-SP6B44F499DC,A0018-SP6B44F499DC-m1,흑자 폭,무역,-,69700000000,달러,달러,currency,amount,unspecified,수준값,현재값,KOSIS_VALUE,2018,Y,전년,,3,370,,ALTERNATE,NOT_TOP_TABLE,후순위 통계표 후보,이후,hybrid+reranker,-158,N,0.5737780928611755,0.21239535510540009,0.4552238805970149,,,101,DT_1HDAAA15,"소득5분위별 순자산5분위별 자산, 부채, 소득 현황",2006030,가계금융복지조사 > 가계금융복지조사(2017년 이후) > 총괄,meta_index 없음 또는 코드명 매칭 없음,,,,,,,,,,,,,,,,,,,,,,,,,,,,,,,,,,,,,,,,,,,,,meta 없음,,,작년 흑자 폭은 2018년(697억달러 흑자) 이후 6년 만에 최대다.
A0018-SP6B44F499DC,A0018-SP6B44F499DC-m1,흑자 폭,무역,-,69700000000,달러,달러,currency,amount,unspecified,수준값,현재값,KOSIS_VALUE,2018,Y,전년,,4,367,,ALTERNATE,NOT_TOP_TABLE,후순위 통계표 후보,이후,hybrid,-158,N,0.565234899520874,,0.3674698795180723,,,101,DT_1HDAAB05,소득분위별 순자산분위 가구분포,2006030,가계금융복지조사 > 가계금융복지조사(2017년 이후) > 소득 · 지출 상세현황,meta_index 없음 또는 코드명 매칭 없음,,,,,,,,,,,,,,,,,,,,,,,,,,,,,,,,,,,,,,,,,,,,,meta 없음,,,작년 흑자 폭은 2018년(697억달러 흑자) 이후 6년 만에 최대다.
A0018-SP6B44F499DC,A0018-SP6B44F499DC-m1,흑자 폭,무역,-,69700000000,달러,달러,currency,amount,unspecified,수준값,현재값,KOSIS_VALUE,2018,Y,전년,,5,363,,ALTERNATE,NOT_TOP_TABLE,후순위 통계표 후보,이후,hybrid,-158,N,0.5652143359184265,,0.3630952380952381,,,101,DT_1HDAAA04,"가구원수별 자산, 부채, 소득 현황",2006030,가계금융복지조사 > 가계금융복지조사(2017년 이후) > 총괄,meta_index 없음 또는 코드명 매칭 없음,,,,,,,,,,,,,,,,,,,,,,,,,,,,,,,,,,,,,,,,,,,,,meta 없음,,,작년 흑자 폭은 2018년(697억달러 흑자) 이후 6년 만에 최대다.
A0018-SP6C1F318589,A0018-SP6C1F318589-m1,총수출액,무역,-,61380000000,달러,달러,currency,amount,unspecified,수준값,현재값,KOSIS_VALUE,202412,M,전년동월,,1,752,512,TABLE_ONLY,META_NOT_LOADED,통계표 메타 조회 전 후보,"수출액,수출,총수출액",hybrid+reranker,240,Y,0.6711124181747437,0.6620321273803711,0.8000162919517758,,,115,DT_115040_21,연간 총 수출액,2024010,탄소소재·부품산업통계조사,meta_index 없음 또는 코드명 매칭 없음,,,,,,,,,,,,,,,,,,,,,,,,,,,,,,,,,,,,,,,,,,,,,meta 없음,,,작년 12월 수출은 613억8000만달러로 1년 전 대비 6.6% 늘어 한 달 전(1.4%)에 비해 오름폭을 키웠다.
A0018-SP6C1F318589,A0018-SP6C1F318589-m1,총수출액,무역,-,61380000000,달러,달러,currency,amount,unspecified,수준값,현재값,KOSIS_VALUE,202412,M,전년동월,,2,512,,ALTERNATE,NOT_TOP_TABLE,후순위 통계표 후보,"수출액,수출,총수출액",hybrid+reranker,240,Y,,0.5641584992408752,0.4841269841269841,,,127,DT_127010_049,클라우드 부문 총 수출액 및 해외법인 총 매출액 현황,2018022,클라우드산업실태조사,meta_index 없음 또는 코드명 매칭 없음,,,,,,,,,,,,,,,,,,,,,,,,,,,,,,,,,,,,,,,,,,,,,meta 없음,,,작년 12월 수출은 613억8000만달러로 1년 전 대비 6.6% 늘어 한 달 전(1.4%)에 비해 오름폭을 키웠다.
A0018-SP6C1F318589,A0018-SP6C1F318589-m1,총수출액,무역,-,61380000000,달러,달러,currency,amount,unspecified,수준값,현재값,KOSIS_VALUE,202412,M,전년동월,,3,505,,ALTERNATE,NOT_TOP_TABLE,후순위 통계표 후보,"품목별,수출액,수출,수입,무역",hybrid+reranker,484,Y,,0.5128755569458008,0.5,,,360,DT_1R11001_FRM101,"품목별 수출액, 수입액",1976045,SITC에의한무역통계,meta_index 없음 또는 코드명 매칭 없음,,,,,,,,,,,,,,,,,,,,,,,,,,,,,,,,,,,,,,,,,,,,,meta 없음,,,작년 12월 수출은 613억8000만달러로 1년 전 대비 6.6% 늘어 한 달 전(1.4%)에 비해 오름폭을 키웠다.
A0018-SP6C1F318589,A0018-SP6C1F318589-m1,총수출액,무역,-,61380000000,달러,달러,currency,amount,unspecified,수준값,현재값,KOSIS_VALUE,202412,M,전년동월,,4,403,,ALTERNATE,NOT_TOP_TABLE,후순위 통계표 후보,"품목별,수출,수입,무역",hybrid+reranker,168,Y,,0.41460251808166504,0.3961038961038961,,,134,DT_134006_N001,품목별 수입·수출현황,2017044,기업무역활동통계,meta_index 없음 또는 코드명 매칭 없음,,,,,,,,,,,,,,,,,,,,,,,,,,,,,,,,,,,,,,,,,,,,,meta 없음,,,작년 12월 수출은 613억8000만달러로 1년 전 대비 6.6% 늘어 한 달 전(1.4%)에 비해 오름폭을 키웠다.
A0018-SP6C1F318589,A0018-SP6C1F318589-m1,총수출액,무역,-,61380000000,달러,달러,currency,amount,unspecified,수준값,현재값,KOSIS_VALUE,202412,M,전년동월,,5,390,,ALTERNATE,NOT_TOP_TABLE,후순위 통계표 후보,"품목별,수출액,수출",hybrid+reranker,176,Y,,0.22919000685214996,0.4765625,,,466,DT_446001_A027,쌀가루 생산판매 현황 : 품목별 수출액 - 총계,2024007,쌀가공식품제조업실태조사 > 쌀가공식품제조업,meta_index 없음 또는 코드명 매칭 없음,,,,,,,,,,,,,,,,,,,,,,,,,,,,,,,,,,,,,,,,,,,,,meta 없음,,,작년 12월 수출은 613억8000만달러로 1년 전 대비 6.6% 늘어 한 달 전(1.4%)에 비해 오름폭을 키웠다.
A0018-SP6C1F318589,A0018-SP6C1F318589-m2,수출 증가율,무역,-,6.6,%,%,rate,rate_change,unspecified,증감률,증감률,KOSIS_VALUE,202412,M,전년동월,202312,1,546,544,TABLE_ONLY,META_NOT_LOADED,통계표 메타 조회 전 후보,"수출액,수출,수입,국가별,무역",hybrid+reranker,100,Y,,0.6888871788978577,0.46923076923076923,,,360,DT_1R11006_FRM101,"국가별 수출액, 수입액",1976045,SITC에의한무역통계,meta_index 없음 또는 코드명 매칭 없음,,,,,,,,,,,,,,,,,,,,,,,,,,,,,,,,,,,,,,,,,,,,,meta 없음,,,작년 12월 수출은 613억8000만달러로 1년 전 대비 6.6% 늘어 한 달 전(1.4%)에 비해 오름폭을 키웠다.
A0018-SP6C1F318589,A0018-SP6C1F318589-m2,수출 증가율,무역,-,6.6,%,%,rate,rate_change,unspecified,증감률,증감률,KOSIS_VALUE,202412,M,전년동월,202312,2,544,,ALTERNATE,NOT_TOP_TABLE,후순위 통계표 후보,"품목별,수출액,수출,수입,무역",hybrid+reranker,404,Y,,0.6255524754524231,0.5,,,360,DT_1R11001_FRM101,"품목별 수출액, 수입액",1976045,SITC에의한무역통계,meta_index 없음 또는 코드명 매칭 없음,,,,,,,,,,,,,,,,,,,,,,,,,,,,,,,,,,,,,,,,,,,,,meta 없음,,,작년 12월 수출은 613억8000만달러로 1년 전 대비 6.6% 늘어 한 달 전(1.4%)에 비해 오름폭을 키웠다.
A0018-SP6C1F318589,A0018-SP6C1F318589-m2,수출 증가율,무역,-,6.6,%,%,rate,rate_change,unspecified,증감률,증감률,KOSIS_VALUE,202412,M,전년동월,202312,3,474,,ALTERNATE,NOT_TOP_TABLE,후순위 통계표 후보,"수출,IT산업,국가별,ICT",hybrid+reranker,114,Y,,0.4413418769836426,0.4919354838709677,,,127,DT_092_115_2009_S027,국가별/IT산업별/월별 수출 현황,2007407,ICT수출입통계,meta_index 없음 또는 코드명 매칭 없음,,,,,,,,,,,,,,,,,,,,,,,,,,,,,,,,,,,,,,,,,,,,,meta 없음,,,작년 12월 수출은 613억8000만달러로 1년 전 대비 6.6% 늘어 한 달 전(1.4%)에 비해 오름폭을 키웠다.
A0018-SP6C1F318589,A0018-SP6C1F318589-m2,수출 증가율,무역,-,6.6,%,%,rate,rate_change,unspecified,증감률,증감률,KOSIS_VALUE,202412,M,전년동월,202312,4,450,,ALTERNATE,NOT_TOP_TABLE,후순위 통계표 후보,"수출,IT산업,ICT",hybrid+reranker,102,Y,,0.4006907343864441,0.4765625,,,127,DT_092_115_2009_S023,IT산업별/월별 수출 현황,2007407,ICT수출입통계,meta_index 없음 또는 코드명 매칭 없음,,,,,,,,,,,,,,,,,,,,,,,,,,,,,,,,,,,,,,,,,,,,,meta 없음,,,작년 12월 수출은 613억8000만달러로 1년 전 대비 6.6% 늘어 한 달 전(1.4%)에 비해 오름폭을 키웠다.
A0018-SP6C1F318589,A0018-SP6C1F318589-m2,수출 증가율,무역,-,6.6,%,%,rate,rate_change,unspecified,증감률,증감률,KOSIS_VALUE,202412,M,전년동월,202312,5,427,,ALTERNATE,NOT_TOP_TABLE,후순위 통계표 후보,"IT산업,수입,국가별,수출,ICT",hybrid+reranker,106,Y,,0.32156652212142944,0.4841269841269841,,,127,DT_092_115_2009_S028,국가별/IT산업별/월별 수입 현황,2007407,ICT수출입통계,meta_index 없음 또는 코드명 매칭 없음,,,,,,,,,,,,,,,,,,,,,,,,,,,,,,,,,,,,,,,,,,,,,meta 없음,,,작년 12월 수출은 613억8000만달러로 1년 전 대비 6.6% 늘어 한 달 전(1.4%)에 비해 오름폭을 키웠다.
A0018-SP6C1F318589,A0018-SP6C1F318589-m4,수출 증가율,무역,-,1.4,%,%,rate,rate_change,unspecified,증감률,증감률,KOSIS_VALUE,202411,M,전월,202410,1,549,547,TABLE_ONLY,META_NOT_LOADED,통계표 메타 조회 전 후보,"수출액,수출,수입,국가별,무역",hybrid+reranker,100,Y,,0.6962682008743286,0.46923076923076923,,,360,DT_1R11006_FRM101,"국가별 수출액, 수입액",1976045,SITC에의한무역통계,meta_index 없음 또는 코드명 매칭 없음,,,,,,,,,,,,,,,,,,,,,,,,,,,,,,,,,,,,,,,,,,,,,meta 없음,,,작년 12월 수출은 613억8000만달러로 1년 전 대비 6.6% 늘어 한 달 전(1.4%)에 비해 오름폭을 키웠다.
A0018-SP6C1F318589,A0018-SP6C1F318589-m4,수출 증가율,무역,-,1.4,%,%,rate,rate_change,unspecified,증감률,증감률,KOSIS_VALUE,202411,M,전월,202410,2,547,,ALTERNATE,NOT_TOP_TABLE,후순위 통계표 후보,"품목별,수출액,수출,수입,무역",hybrid+reranker,404,Y,,0.6346564888954163,0.5,,,360,DT_1R11001_FRM101,"품목별 수출액, 수입액",1976045,SITC에의한무역통계,meta_index 없음 또는 코드명 매칭 없음,,,,,,,,,,,,,,,,,,,,,,,,,,,,,,,,,,,,,,,,,,,,,meta 없음,,,작년 12월 수출은 613억8000만달러로 1년 전 대비 6.6% 늘어 한 달 전(1.4%)에 비해 오름폭을 키웠다.
A0018-SP6C1F318589,A0018-SP6C1F318589-m4,수출 증가율,무역,-,1.4,%,%,rate,rate_change,unspecified,증감률,증감률,KOSIS_VALUE,202411,M,전월,202410,3,477,,ALTERNATE,NOT_TOP_TABLE,후순위 통계표 후보,"수출,IT산업,국가별,ICT",hybrid+reranker,114,Y,,0.45020830631256104,0.4919354838709677,,,127,DT_092_115_2009_S027,국가별/IT산업별/월별 수출 현황,2007407,ICT수출입통계,meta_index 없음 또는 코드명 매칭 없음,,,,,,,,,,,,,,,,,,,,,,,,,,,,,,,,,,,,,,,,,,,,,meta 없음,,,작년 12월 수출은 613억8000만달러로 1년 전 대비 6.6% 늘어 한 달 전(1.4%)에 비해 오름폭을 키웠다.
A0018-SP6C1F318589,A0018-SP6C1F318589-m4,수출 증가율,무역,-,1.4,%,%,rate,rate_change,unspecified,증감률,증감률,KOSIS_VALUE,202411,M,전월,202410,4,454,,ALTERNATE,NOT_TOP_TABLE,후순위 통계표 후보,"수출,IT산업,ICT",hybrid+reranker,102,Y,,0.41069716215133667,0.4765625,,,127,DT_092_115_2009_S023,IT산업별/월별 수출 현황,2007407,ICT수출입통계,meta_index 없음 또는 코드명 매칭 없음,,,,,,,,,,,,,,,,,,,,,,,,,,,,,,,,,,,,,,,,,,,,,meta 없음,,,작년 12월 수출은 613억8000만달러로 1년 전 대비 6.6% 늘어 한 달 전(1.4%)에 비해 오름폭을 키웠다.
A0018-SP6C1F318589,A0018-SP6C1F318589-m4,수출 증가율,무역,-,1.4,%,%,rate,rate_change,unspecified,증감률,증감률,KOSIS_VALUE,202411,M,전월,202410,5,431,,ALTERNATE,NOT_TOP_TABLE,후순위 통계표 후보,"IT산업,수입,국가별,수출,ICT",hybrid+reranker,106,Y,,0.33339470624923706,0.4841269841269841,,,127,DT_092_115_2009_S028,국가별/IT산업별/월별 수입 현황,2007407,ICT수출입통계,meta_index 없음 또는 코드명 매칭 없음,,,,,,,,,,,,,,,,,,,,,,,,,,,,,,,,,,,,,,,,,,,,,meta 없음,,,작년 12월 수출은 613억8000만달러로 1년 전 대비 6.6% 늘어 한 달 전(1.4%)에 비해 오름폭을 키웠다.
A0018-SP8114050F3A,A0018-SP8114050F3A-m1,수출 증가율,무역,반도체,10.9,%,%,rate,rate_change,item,증감률,증감률,KOSIS_VALUE,202308,M,전년동월,202208,1,665,665,TABLE_ONLY,META_NOT_LOADED,통계표 메타 조회 전 후보,"IT산업,수출,ICT,codebook:semiconductor_export_m",hybrid+reranker+codebook,1142,Y,,0.972151517868042,0.5,semiconductor_export_m,semiconductor_export_m,127,DT_092_115_2009_S023,IT산업별/월별 수출 현황,2007407,ICT수출입통계,meta_index 없음 또는 코드명 매칭 없음,,,,,,,,,,,,,,,,,,,,,,,,,,,,,,,,,,,,,,,,,,,,,코드북 후보 선택,,,수출 증가율은 작년 8월(10.9%)부터 11월까지 꺾이다가 지난달 들어 반도체 수출이 31.5% 불어나며 오름세로 돌아섰다.
A0018-SP8114050F3A,A0018-SP8114050F3A-m1,수출 증가율,무역,반도체,10.9,%,%,rate,rate_change,item,증감률,증감률,KOSIS_VALUE,202308,M,전년동월,202208,2,665,,ALTERNATE,NOT_TOP_TABLE,후순위 통계표 후보,"품목별,수출액,수출,수입,무역",hybrid+reranker,484,Y,,0.9857729077339172,0.4919354838709677,,,360,DT_1R11001_FRM101,"품목별 수출액, 수입액",1976045,SITC에의한무역통계,meta_index 없음 또는 코드명 매칭 없음,,,,,,,,,,,,,,,,,,,,,,,,,,,,,,,,,,,,,,,,,,,,,meta 없음,,,수출 증가율은 작년 8월(10.9%)부터 11월까지 꺾이다가 지난달 들어 반도체 수출이 31.5% 불어나며 오름세로 돌아섰다.
A0018-SP8114050F3A,A0018-SP8114050F3A-m1,수출 증가율,무역,반도체,10.9,%,%,rate,rate_change,item,증감률,증감률,KOSIS_VALUE,202308,M,전년동월,202208,3,659,,ALTERNATE,NOT_TOP_TABLE,후순위 통계표 후보,"품목별,수출,수입,무역",hybrid+reranker,168,Y,,0.9841545820236206,0.4841269841269841,,,134,DT_134006_N001,품목별 수입·수출현황,2017044,기업무역활동통계,meta_index 없음 또는 코드명 매칭 없음,,,,,,,,,,,,,,,,,,,,,,,,,,,,,,,,,,,,,,,,,,,,,meta 없음,,,수출 증가율은 작년 8월(10.9%)부터 11월까지 꺾이다가 지난달 들어 반도체 수출이 31.5% 불어나며 오름세로 돌아섰다.
A0018-SP8114050F3A,A0018-SP8114050F3A-m1,수출 증가율,무역,반도체,10.9,%,%,rate,rate_change,item,증감률,증감률,KOSIS_VALUE,202308,M,전년동월,202208,4,623,,ALTERNATE,NOT_TOP_TABLE,후순위 통계표 후보,"품목별,수출",hybrid+reranker,152,Y,,0.9078037738800049,0.46923076923076923,,,434,DT_434_STBL_1028682,공예품 품목별 수출입 실적,2016058,문화체육관광산업통계 > 수출입 실적 현황,meta_index 없음 또는 코드명 매칭 없음,,,,,,,,,,,,,,,,,,,,,,,,,,,,,,,,,,,,,,,,,,,,,meta 없음,,,수출 증가율은 작년 8월(10.9%)부터 11월까지 꺾이다가 지난달 들어 반도체 수출이 31.5% 불어나며 오름세로 돌아섰다.
A0018-SP8114050F3A,A0018-SP8114050F3A-m1,수출 증가율,무역,반도체,10.9,%,%,rate,rate_change,item,증감률,증감률,KOSIS_VALUE,202308,M,전년동월,202208,5,617,,ALTERNATE,NOT_TOP_TABLE,후순위 통계표 후보,"품목별,수출",hybrid+reranker,152,Y,,0.8783142566680908,0.4765625,,,434,DT_434_STBL_1028692,게임기기 품목별 수출입 실적,2016058,문화체육관광산업통계 > 수출입 실적 현황,meta_index 없음 또는 코드명 매칭 없음,,,,,,,,,,,,,,,,,,,,,,,,,,,,,,,,,,,,,,,,,,,,,meta 없음,,,수출 증가율은 작년 8월(10.9%)부터 11월까지 꺾이다가 지난달 들어 반도체 수출이 31.5% 불어나며 오름세로 돌아섰다.
A0018-SP8114050F3A,A0018-SP8114050F3A-m2,수출 증가율,무역,반도체,31.5,%,%,rate,rate_change,item,증감률,증감률,KOSIS_VALUE,202312,M,전년동월,202212,1,665,665,TABLE_ONLY,META_NOT_LOADED,통계표 메타 조회 전 후보,"IT산업,수출,ICT,codebook:semiconductor_export_m",hybrid+reranker+codebook,1142,Y,,0.9716179370880127,0.5,semiconductor_export_m,semiconductor_export_m,127,DT_092_115_2009_S023,IT산업별/월별 수출 현황,2007407,ICT수출입통계,meta_index 없음 또는 코드명 매칭 없음,,,,,,,,,,,,,,,,,,,,,,,,,,,,,,,,,,,,,,,,,,,,,코드북 후보 선택,,,수출 증가율은 작년 8월(10.9%)부터 11월까지 꺾이다가 지난달 들어 반도체 수출이 31.5% 불어나며 오름세로 돌아섰다.
A0018-SP8114050F3A,A0018-SP8114050F3A-m2,수출 증가율,무역,반도체,31.5,%,%,rate,rate_change,item,증감률,증감률,KOSIS_VALUE,202312,M,전년동월,202212,2,665,,ALTERNATE,NOT_TOP_TABLE,후순위 통계표 후보,"품목별,수출액,수출,수입,무역",hybrid+reranker,484,Y,,0.9857729077339172,0.4919354838709677,,,360,DT_1R11001_FRM101,"품목별 수출액, 수입액",1976045,SITC에의한무역통계,meta_index 없음 또는 코드명 매칭 없음,,,,,,,,,,,,,,,,,,,,,,,,,,,,,,,,,,,,,,,,,,,,,meta 없음,,,수출 증가율은 작년 8월(10.9%)부터 11월까지 꺾이다가 지난달 들어 반도체 수출이 31.5% 불어나며 오름세로 돌아섰다.
A0018-SP8114050F3A,A0018-SP8114050F3A-m2,수출 증가율,무역,반도체,31.5,%,%,rate,rate_change,item,증감률,증감률,KOSIS_VALUE,202312,M,전년동월,202212,3,659,,ALTERNATE,NOT_TOP_TABLE,후순위 통계표 후보,"품목별,수출,수입,무역",hybrid+reranker,168,Y,,0.9837225079536438,0.4841269841269841,,,134,DT_134006_N001,품목별 수입·수출현황,2017044,기업무역활동통계,meta_index 없음 또는 코드명 매칭 없음,,,,,,,,,,,,,,,,,,,,,,,,,,,,,,,,,,,,,,,,,,,,,meta 없음,,,수출 증가율은 작년 8월(10.9%)부터 11월까지 꺾이다가 지난달 들어 반도체 수출이 31.5% 불어나며 오름세로 돌아섰다.
A0018-SP8114050F3A,A0018-SP8114050F3A-m2,수출 증가율,무역,반도체,31.5,%,%,rate,rate_change,item,증감률,증감률,KOSIS_VALUE,202312,M,전년동월,202212,4,621,,ALTERNATE,NOT_TOP_TABLE,후순위 통계표 후보,"품목별,수출",hybrid+reranker,152,Y,,0.9036349058151245,0.46923076923076923,,,434,DT_434_STBL_1028682,공예품 품목별 수출입 실적,2016058,문화체육관광산업통계 > 수출입 실적 현황,meta_index 없음 또는 코드명 매칭 없음,,,,,,,,,,,,,,,,,,,,,,,,,,,,,,,,,,,,,,,,,,,,,meta 없음,,,수출 증가율은 작년 8월(10.9%)부터 11월까지 꺾이다가 지난달 들어 반도체 수출이 31.5% 불어나며 오름세로 돌아섰다.
A0018-SP8114050F3A,A0018-SP8114050F3A-m2,수출 증가율,무역,반도체,31.5,%,%,rate,rate_change,item,증감률,증감률,KOSIS_VALUE,202312,M,전년동월,202212,5,616,,ALTERNATE,NOT_TOP_TABLE,후순위 통계표 후보,"품목별,수출",hybrid+reranker,152,Y,,0.8748277425765991,0.4765625,,,434,DT_434_STBL_1028692,게임기기 품목별 수출입 실적,2016058,문화체육관광산업통계 > 수출입 실적 현황,meta_index 없음 또는 코드명 매칭 없음,,,,,,,,,,,,,,,,,,,,,,,,,,,,,,,,,,,,,,,,,,,,,meta 없음,,,수출 증가율은 작년 8월(10.9%)부터 11월까지 꺾이다가 지난달 들어 반도체 수출이 31.5% 불어나며 오름세로 돌아섰다.
A0019-SP206C76882C,A0019-SP206C76882C-m1,성장률,기타,-,1.8,%,%,rate,level,unspecified,수준값,현재값,KOSIS_VALUE,2025,Y,전년,,1,327,322,TABLE_ONLY,META_NOT_LOADED,통계표 메타 조회 전 후보,성장률,hybrid+reranker,176,Y,,0.005957154091447592,0.5,,,365,TX_36502_A009A,건설업 기업규모별 성장률 관계비율,1989001,건설업경영분석 > 건설업 기업규모별 경영비율,meta_index 없음 또는 코드명 매칭 없음,,,,,,,,,,,,,,,,,,,,,,,,,,,,,,,,,,,,,,,,,,,,,meta 없음,,,"이 자리에서 그는 “올해 우리 경제는 미국 신정부 출범과 국내 정치상황이 맞물리며 어느 때보다 큰 대내외 불확실성에 직면할 것으로 예상된다”며 “성장률이 1.8% 수준으로 낮아지며 민생 어려움이 가중되고, 대외 신인도 영향도 우려된다”고 했다."
A0019-SP206C76882C,A0019-SP206C76882C-m1,성장률,기타,-,1.8,%,%,rate,level,unspecified,수준값,현재값,KOSIS_VALUE,2025,Y,전년,,2,322,,ALTERNATE,NOT_TOP_TABLE,후순위 통계표 후보,성장률,hybrid+reranker,176,Y,,0.005730246659368277,0.4919354838709677,,,365,TX_36502_A002_1,건설업의 성장률 추이,1989001,건설업경영분석 > 연도별 건설업 경영비율,meta_index 없음 또는 코드명 매칭 없음,,,,,,,,,,,,,,,,,,,,,,,,,,,,,,,,,,,,,,,,,,,,,meta 없음,,,"이 자리에서 그는 “올해 우리 경제는 미국 신정부 출범과 국내 정치상황이 맞물리며 어느 때보다 큰 대내외 불확실성에 직면할 것으로 예상된다”며 “성장률이 1.8% 수준으로 낮아지며 민생 어려움이 가중되고, 대외 신인도 영향도 우려된다”고 했다."
A0019-SP206C76882C,A0019-SP206C76882C-m1,성장률,기타,-,1.8,%,%,rate,level,unspecified,수준값,현재값,KOSIS_VALUE,2025,Y,전년,,3,386,,ALTERNATE,NOT_TOP_TABLE,후순위 통계표 후보,,hybrid,-460,N,0.6095448136329651,,0.38607594936708856,,,303,DT_30303N_728,은행 차입여건 변화 - 금리,1979013,중소기업금융실태조사 > 2016~2020년 > 신규 자금조달 현황,meta_index 없음 또는 코드명 매칭 없음,,,,,,,,,,,,,,,,,,,,,,,,,,,,,,,,,,,,,,,,,,,,,meta 없음,,,"이 자리에서 그는 “올해 우리 경제는 미국 신정부 출범과 국내 정치상황이 맞물리며 어느 때보다 큰 대내외 불확실성에 직면할 것으로 예상된다”며 “성장률이 1.8% 수준으로 낮아지며 민생 어려움이 가중되고, 대외 신인도 영향도 우려된다”고 했다."
A0019-SP206C76882C,A0019-SP206C76882C-m1,성장률,기타,-,1.8,%,%,rate,level,unspecified,수준값,현재값,KOSIS_VALUE,2025,Y,전년,,4,381,,ALTERNATE,NOT_TOP_TABLE,후순위 통계표 후보,,hybrid,-460,N,0.609413743019104,,0.38125,,,303,DT_303003_745,비은행금융기관 신규대출 자금 평균 대출금리(신용대출),1979013,중소기업금융실태조사 > 2021년 이후 > 신규 자금조달 현황,meta_index 없음 또는 코드명 매칭 없음,,,,,,,,,,,,,,,,,,,,,,,,,,,,,,,,,,,,,,,,,,,,,meta 없음,,,"이 자리에서 그는 “올해 우리 경제는 미국 신정부 출범과 국내 정치상황이 맞물리며 어느 때보다 큰 대내외 불확실성에 직면할 것으로 예상된다”며 “성장률이 1.8% 수준으로 낮아지며 민생 어려움이 가중되고, 대외 신인도 영향도 우려된다”고 했다."
A0019-SP206C76882C,A0019-SP206C76882C-m1,성장률,기타,-,1.8,%,%,rate,level,unspecified,수준값,현재값,KOSIS_VALUE,2025,Y,전년,,5,377,,ALTERNATE,NOT_TOP_TABLE,후순위 통계표 후보,어려움,hybrid,-142,N,0.6092220544815063,,0.37654320987654316,,,395,DT_395N_S2023023,시장 환경 상황별 해당 여부: 미래 기술 발전을 예측하기 어려움,2003024,한국기업혁신조사 > 2024년도 조사(제조업 부문) > 시장 환경 상황별 해당 여부 및 설명도 > 시장 환경 상황별 해당 여부,meta_index 없음 또는 코드명 매칭 없음,,,,,,,,,,,,,,,,,,,,,,,,,,,,,,,,,,,,,,,,,,,,,meta 없음,,,"이 자리에서 그는 “올해 우리 경제는 미국 신정부 출범과 국내 정치상황이 맞물리며 어느 때보다 큰 대내외 불확실성에 직면할 것으로 예상된다”며 “성장률이 1.8% 수준으로 낮아지며 민생 어려움이 가중되고, 대외 신인도 영향도 우려된다”고 했다."
A0020-SPE84B1B5437,A0020-SPE84B1B5437-m1,로봇화에 뛰어든 기업 수,고용,-,13,%,%,rate,rate_change,organization,증감률,증감률,KOSIS_VALUE,2019,Y,전년,2018,1,982,981,TABLE_ONLY,META_NOT_LOADED,통계표 메타 조회 전 후보,"로봇,기업,2023년",hybrid+reranker,165,Y,0.6973024606704712,0.9914224743843079,0.9765625000000001,,,395,DT_395N_S2022277,디지털 신기술별 도입 여부: 로봇공학,2003024,한국기업혁신조사 > 2023년도 조사(서비스 부문) > 디지털전환 > 디지털 신기술별 도입 여부,meta_index 없음 또는 코드명 매칭 없음,,,,,,,,,,,,,,,,,,,,,,,,,,,,,,,,,,,,,,,,,,,,,meta 없음,,,한국로봇산업진흥원에 따르면 로봇화에 뛰어든 우리 기업은 2524곳(2023년 기준)으로 2019년보다 13%가량 증가했다.
A0020-SPE84B1B5437,A0020-SPE84B1B5437-m1,로봇화에 뛰어든 기업 수,고용,-,13,%,%,rate,rate_change,organization,증감률,증감률,KOSIS_VALUE,2019,Y,전년,2018,2,981,,ALTERNATE,NOT_TOP_TABLE,후순위 통계표 후보,"로봇,기업,제조업",hybrid+reranker,166,Y,0.6862450242042542,0.9909096360206604,0.9760624679979518,,,395,DT_395N_I2021277,디지털 신기술별 도입 여부: 로봇공학,2003024,한국기업혁신조사 > 2022년도 조사(제조업 부문) > 디지털전환 > 디지털 신기술별 도입 여부,meta_index 없음 또는 코드명 매칭 없음,,,,,,,,,,,,,,,,,,,,,,,,,,,,,,,,,,,,,,,,,,,,,meta 없음,,,한국로봇산업진흥원에 따르면 로봇화에 뛰어든 우리 기업은 2524곳(2023년 기준)으로 2019년보다 13%가량 증가했다.
A0020-SPE84B1B5437,A0020-SPE84B1B5437-m1,로봇화에 뛰어든 기업 수,고용,-,13,%,%,rate,rate_change,organization,증감률,증감률,KOSIS_VALUE,2019,Y,전년,2018,3,957,,ALTERNATE,NOT_TOP_TABLE,후순위 통계표 후보,"로봇,기업,2023년",hybrid+reranker,165,Y,0.6577038168907166,0.9921841025352478,0.9384615384615385,,,395,DT_395N_S2022268,디지털 신기술별 중요도: 로봇공학,2003024,한국기업혁신조사 > 2023년도 조사(서비스 부문) > 디지털전환 > 디지털 신기술별 중요도,meta_index 없음 또는 코드명 매칭 없음,,,,,,,,,,,,,,,,,,,,,,,,,,,,,,,,,,,,,,,,,,,,,meta 없음,,,한국로봇산업진흥원에 따르면 로봇화에 뛰어든 우리 기업은 2524곳(2023년 기준)으로 2019년보다 13%가량 증가했다.
A0020-SPE84B1B5437,A0020-SPE84B1B5437-m1,로봇화에 뛰어든 기업 수,고용,-,13,%,%,rate,rate_change,organization,증감률,증감률,KOSIS_VALUE,2019,Y,전년,2018,4,937,,ALTERNATE,NOT_TOP_TABLE,후순위 통계표 후보,"로봇,기업,제조업",hybrid+reranker,166,Y,0.6476868391036987,0.9910838603973389,0.9077380952380951,,,395,DT_395N_I2021268,디지털 신기술별 중요도: 로봇공학,2003024,한국기업혁신조사 > 2022년도 조사(제조업 부문) > 디지털전환 > 디지털 신기술별 중요도,meta_index 없음 또는 코드명 매칭 없음,,,,,,,,,,,,,,,,,,,,,,,,,,,,,,,,,,,,,,,,,,,,,meta 없음,,,한국로봇산업진흥원에 따르면 로봇화에 뛰어든 우리 기업은 2524곳(2023년 기준)으로 2019년보다 13%가량 증가했다.
A0020-SPE84B1B5437,A0020-SPE84B1B5437-m1,로봇화에 뛰어든 기업 수,고용,-,13,%,%,rate,rate_change,organization,증감률,증감률,KOSIS_VALUE,2019,Y,전년,2018,5,924,,ALTERNATE,NOT_TOP_TABLE,후순위 통계표 후보,"로봇,기업",hybrid+reranker,160,Y,0.6953807473182678,0.9900250434875488,0.8880393799748638,,,395,DT_395N_S2024286,디지털 전환(DX) 도입 여부/계획: 로봇,2003024,한국기업혁신조사 > 2025년도 조사(서비스 부문) > 디지털 전환 > 디지털 전환(DX) 도입 여부,meta_index 없음 또는 코드명 매칭 없음,,,,,,,,,,,,,,,,,,,,,,,,,,,,,,,,,,,,,,,,,,,,,meta 없음,,,한국로봇산업진흥원에 따르면 로봇화에 뛰어든 우리 기업은 2524곳(2023년 기준)으로 2019년보다 13%가량 증가했다.
A0020-SP6A79D2AE3A,A0020-SP6A79D2AE3A-m1,중소제조업체 자금 조달 어려움 비율,고용,-,40.7,%,%,rate,rate_level,organization,비중,현재값,KOSIS_VALUE,2024,Y,전년,,1,670,667,TABLE_ONLY,META_NOT_LOADED,통계표 메타 조회 전 후보,"자금,조달,조달이,투자",hybrid+reranker,244,Y,0.7123129367828369,0.9868786931037903,0.5,,,127,DT_127012_035,금융기관을 통한 자금조달이 어려운 이유,2018024,ICT중소기업실태조사 > 자금조달및투자현황,meta_index 없음 또는 코드명 매칭 없음,,,,,,,,,,,,,,,,,,,,,,,,,,,,,,,,,,,,,,,,,,,,,meta 없음,,,"실시한 조사에 따르면, 이곳 중소제조업체의 40.7%는 “자금 조달이 어렵다”고 대답했다."
A0020-SP6A79D2AE3A,A0020-SP6A79D2AE3A-m1,중소제조업체 자금 조달 어려움 비율,고용,-,40.7,%,%,rate,rate_level,organization,비중,현재값,KOSIS_VALUE,2024,Y,전년,,2,667,,ALTERNATE,NOT_TOP_TABLE,후순위 통계표 후보,"자금,조달,어려움,투자",hybrid+reranker,288,Y,0.7015094757080078,0.9916841983795166,0.4919354838709677,,,127,DT_127012_034,현재 자금조달 어려움 정도 및 이유,2018024,ICT중소기업실태조사 > 자금조달및투자현황,meta_index 없음 또는 코드명 매칭 없음,,,,,,,,,,,,,,,,,,,,,,,,,,,,,,,,,,,,,,,,,,,,,meta 없음,,,"실시한 조사에 따르면, 이곳 중소제조업체의 40.7%는 “자금 조달이 어렵다”고 대답했다."
A0020-SP6A79D2AE3A,A0020-SP6A79D2AE3A-m1,중소제조업체 자금 조달 어려움 비율,고용,-,40.7,%,%,rate,rate_level,organization,비중,현재값,KOSIS_VALUE,2024,Y,전년,,3,659,,ALTERNATE,NOT_TOP_TABLE,후순위 통계표 후보,"자금,조달",hybrid+reranker,232,Y,0.6975908875465393,0.9839708209037781,0.4841269841269841,,,395,DT_395N_S2023128,자금 조달 시도 여부: 은행 등으로부터 투·융자,2003024,한국기업혁신조사 > 2024년도 조사(제조업 부문) > 자금 조달 > 자금 조달 시도 여부,meta_index 없음 또는 코드명 매칭 없음,,,,,,,,,,,,,,,,,,,,,,,,,,,,,,,,,,,,,,,,,,,,,meta 없음,,,"실시한 조사에 따르면, 이곳 중소제조업체의 40.7%는 “자금 조달이 어렵다”고 대답했다."
A0020-SP6A79D2AE3A,A0020-SP6A79D2AE3A-m1,중소제조업체 자금 조달 어려움 비율,고용,-,40.7,%,%,rate,rate_level,organization,비중,현재값,KOSIS_VALUE,2024,Y,전년,,4,643,,ALTERNATE,NOT_TOP_TABLE,후순위 통계표 후보,"자금,조달,지원",hybrid+reranker,244,Y,0.6859592795372009,0.9803186058998108,0.4621212121212121,,,395,DT_395N_S2023133,자금 조달 시도 여부: 지자체 지원 자금,2003024,한국기업혁신조사 > 2024년도 조사(제조업 부문) > 자금 조달 > 자금 조달 시도 여부,meta_index 없음 또는 코드명 매칭 없음,,,,,,,,,,,,,,,,,,,,,,,,,,,,,,,,,,,,,,,,,,,,,meta 없음,,,"실시한 조사에 따르면, 이곳 중소제조업체의 40.7%는 “자금 조달이 어렵다”고 대답했다."
A0020-SP6A79D2AE3A,A0020-SP6A79D2AE3A-m1,중소제조업체 자금 조달 어려움 비율,고용,-,40.7,%,%,rate,rate_level,organization,비중,현재값,KOSIS_VALUE,2024,Y,전년,,5,643,,ALTERNATE,NOT_TOP_TABLE,후순위 통계표 후보,"자금,조달",hybrid+reranker,232,Y,0.6847425103187561,0.9913222789764404,0.4552238805970149,,,395,DT_395N_S2023136,자금 조달처: 은행 등으로부터 투·융자,2003024,한국기업혁신조사 > 2024년도 조사(제조업 부문) > 자금 조달 > 자금 조달처,meta_index 없음 또는 코드명 매칭 없음,,,,,,,,,,,,,,,,,,,,,,,,,,,,,,,,,,,,,,,,,,,,,meta 없음,,,"실시한 조사에 따르면, 이곳 중소제조업체의 40.7%는 “자금 조달이 어렵다”고 대답했다."
A0020-SP0CC9D6D682,A0020-SP0CC9D6D682-m2,중소기업의 신기술 도입률,고용,-,12.1,%,%,rate,level,organization,수준값,현재값,KOSIS_VALUE,2024,Y,전년,,1,659,650,TABLE_ONLY,META_NOT_LOADED,통계표 메타 조회 전 후보,"신기술,로봇",hybrid+reranker,210,Y,0.7093353867530823,0.9981684684753418,0.4765625,,,395,DT_395N_S2022277,디지털 신기술별 도입 여부: 로봇공학,2003024,한국기업혁신조사 > 2023년도 조사(서비스 부문) > 디지털전환 > 디지털 신기술별 도입 여부,meta_index 없음 또는 코드명 매칭 없음,,,,,,,,,,,,,,,,,,,,,,,,,,,,,,,,,,,,,,,,,,,,,meta 없음,,,"작년 중기중앙회와 통계청에 따르면, 로봇 및 인공지능(AI) 등 신기술 도입률은 대기업과 중소기업 간 두 배 이상 차이가 났다. 대기업이 신기술을 도입한 경우는 24.5%, 중소기업(50인 이상 300인 미만)의 신기술 도입률은 12.1% 정도였다."
A0020-SP0CC9D6D682,A0020-SP0CC9D6D682-m2,중소기업의 신기술 도입률,고용,-,12.1,%,%,rate,level,organization,수준값,현재값,KOSIS_VALUE,2024,Y,전년,,2,650,,ALTERNATE,NOT_TOP_TABLE,후순위 통계표 후보,"신기술,인공지능",hybrid+reranker,226,Y,0.7064645290374756,0.9983320832252502,0.4621212121212121,,,395,DT_395N_S2022274,디지털 신기술별 도입 여부: 인공지능,2003024,한국기업혁신조사 > 2023년도 조사(서비스 부문) > 디지털전환 > 디지털 신기술별 도입 여부,meta_index 없음 또는 코드명 매칭 없음,,,,,,,,,,,,,,,,,,,,,,,,,,,,,,,,,,,,,,,,,,,,,meta 없음,,,"작년 중기중앙회와 통계청에 따르면, 로봇 및 인공지능(AI) 등 신기술 도입률은 대기업과 중소기업 간 두 배 이상 차이가 났다. 대기업이 신기술을 도입한 경우는 24.5%, 중소기업(50인 이상 300인 미만)의 신기술 도입률은 12.1% 정도였다."
A0020-SP0CC9D6D682,A0020-SP0CC9D6D682-m2,중소기업의 신기술 도입률,고용,-,12.1,%,%,rate,level,organization,수준값,현재값,KOSIS_VALUE,2024,Y,전년,,3,570,,ALTERNATE,NOT_TOP_TABLE,후순위 통계표 후보,신기술,hybrid+reranker,194,Y,0.6765950322151184,0.9981030225753784,0.3388888888888889,,,395,DT_395N_S2022273,디지털 신기술별 도입 여부: 빅데이터,2003024,한국기업혁신조사 > 2023년도 조사(서비스 부문) > 디지털전환 > 디지털 신기술별 도입 여부,meta_index 없음 또는 코드명 매칭 없음,,,,,,,,,,,,,,,,,,,,,,,,,,,,,,,,,,,,,,,,,,,,,meta 없음,,,"작년 중기중앙회와 통계청에 따르면, 로봇 및 인공지능(AI) 등 신기술 도입률은 대기업과 중소기업 간 두 배 이상 차이가 났다. 대기업이 신기술을 도입한 경우는 24.5%, 중소기업(50인 이상 300인 미만)의 신기술 도입률은 12.1% 정도였다."
A0020-SP0CC9D6D682,A0020-SP0CC9D6D682-m2,중소기업의 신기술 도입률,고용,-,12.1,%,%,rate,level,organization,수준값,현재값,KOSIS_VALUE,2024,Y,전년,,4,546,,ALTERNATE,NOT_TOP_TABLE,후순위 통계표 후보,신기술,hybrid+reranker,194,Y,0.6703529357910156,0.9981827735900879,0.30198019801980197,,,395,DT_395N_S2022276,디지털 신기술별 도입 여부: 클라우드,2003024,한국기업혁신조사 > 2023년도 조사(서비스 부문) > 디지털전환 > 디지털 신기술별 도입 여부,meta_index 없음 또는 코드명 매칭 없음,,,,,,,,,,,,,,,,,,,,,,,,,,,,,,,,,,,,,,,,,,,,,meta 없음,,,"작년 중기중앙회와 통계청에 따르면, 로봇 및 인공지능(AI) 등 신기술 도입률은 대기업과 중소기업 간 두 배 이상 차이가 났다. 대기업이 신기술을 도입한 경우는 24.5%, 중소기업(50인 이상 300인 미만)의 신기술 도입률은 12.1% 정도였다."
A0020-SP0CC9D6D682,A0020-SP0CC9D6D682-m2,중소기업의 신기술 도입률,고용,-,12.1,%,%,rate,level,organization,수준값,현재값,KOSIS_VALUE,2024,Y,전년,,5,531,,ALTERNATE,NOT_TOP_TABLE,후순위 통계표 후보,신기술,hybrid+reranker,194,Y,0.6668766736984253,0.9981827735900879,0.2798165137614679,,,395,DT_395N_S2022275,디지털 신기술별 도입 여부: 사물인터넷,2003024,한국기업혁신조사 > 2023년도 조사(서비스 부문) > 디지털전환 > 디지털 신기술별 도입 여부,meta_index 없음 또는 코드명 매칭 없음,,,,,,,,,,,,,,,,,,,,,,,,,,,,,,,,,,,,,,,,,,,,,meta 없음,,,"작년 중기중앙회와 통계청에 따르면, 로봇 및 인공지능(AI) 등 신기술 도입률은 대기업과 중소기업 간 두 배 이상 차이가 났다. 대기업이 신기술을 도입한 경우는 24.5%, 중소기업(50인 이상 300인 미만)의 신기술 도입률은 12.1% 정도였다."
A0023-SPEDE256BB63,A0023-SPEDE256BB63-m1,경제성장률,재정·조세,-,1.8,%,%,rate,level,unspecified,수준값,현재값,KOSIS_VALUE,2025,Y,전년,,1,502,492,TABLE_ONLY,META_NOT_LOADED,통계표 메타 조회 전 후보,,hybrid+reranker,-460,N,0.6678856611251831,0.5064579248428345,0.5,,,301,DT_200Y126,"지출항목별 성장기여도(원계열, 실질, 분기 및 연간)",1976017,국민계정 > 국민계정(2020년기준) > GDP에 대한 성장기여도,meta_index 없음 또는 코드명 매칭 없음,,,,,,,,,,,,,,,,,,,,,,,,,,,,,,,,,,,,,,,,,,,,,meta 없음,,,수출과 건설 경기 부진 여파로 새해 우리나라 경제가 1.8% 성장하는 데 그칠 것이라고 기획재정부가 2일 전망했다.
A0023-SPEDE256BB63,A0023-SPEDE256BB63-m1,경제성장률,재정·조세,-,1.8,%,%,rate,level,unspecified,수준값,현재값,KOSIS_VALUE,2025,Y,전년,,2,492,,ALTERNATE,NOT_TOP_TABLE,후순위 통계표 후보,,hybrid+reranker,-460,N,0.661192774772644,0.5467381477355957,0.4621212121212121,,,301,DT_200Y124,"경제활동별 성장기여도(원계열, 실질, 분기 및 연간)",1976017,국민계정 > 국민계정(2020년기준) > GDP에 대한 성장기여도,meta_index 없음 또는 코드명 매칭 없음,,,,,,,,,,,,,,,,,,,,,,,,,,,,,,,,,,,,,,,,,,,,,meta 없음,,,수출과 건설 경기 부진 여파로 새해 우리나라 경제가 1.8% 성장하는 데 그칠 것이라고 기획재정부가 2일 전망했다.
A0023-SPEDE256BB63,A0023-SPEDE256BB63-m1,경제성장률,재정·조세,-,1.8,%,%,rate,level,unspecified,수준값,현재값,KOSIS_VALUE,2025,Y,전년,,3,448,,ALTERNATE,NOT_TOP_TABLE,후순위 통계표 후보,,hybrid+reranker,-460,N,0.6611469984054565,0.4342213571071625,0.4552238805970149,,,301,DT_200Y125,"지출항목별 성장기여도(계절조정, 실질, 분기)",1976017,국민계정 > 국민계정(2020년기준) > GDP에 대한 성장기여도,meta_index 없음 또는 코드명 매칭 없음,,,,,,,,,,,,,,,,,,,,,,,,,,,,,,,,,,,,,,,,,,,,,meta 없음,,,수출과 건설 경기 부진 여파로 새해 우리나라 경제가 1.8% 성장하는 데 그칠 것이라고 기획재정부가 2일 전망했다.
A0023-SPEDE256BB63,A0023-SPEDE256BB63-m1,경제성장률,재정·조세,-,1.8,%,%,rate,level,unspecified,수준값,현재값,KOSIS_VALUE,2025,Y,전년,,4,387,,ALTERNATE,NOT_TOP_TABLE,후순위 통계표 후보,수출액,hybrid+reranker,-151,N,0.6639469861984253,0.19102567434310913,0.4919354838709677,,,395,DT_395N_S2023296,수출액 수준: 2021년,2003024,한국기업혁신조사 > 2024년도 조사(제조업 부문) > 매출액 및 수출액 수준,meta_index 없음 또는 코드명 매칭 없음,,,,,,,,,,,,,,,,,,,,,,,,,,,,,,,,,,,,,,,,,,,,,meta 없음,,,수출과 건설 경기 부진 여파로 새해 우리나라 경제가 1.8% 성장하는 데 그칠 것이라고 기획재정부가 2일 전망했다.
A0023-SPEDE256BB63,A0023-SPEDE256BB63-m1,경제성장률,재정·조세,-,1.8,%,%,rate,level,unspecified,수준값,현재값,KOSIS_VALUE,2025,Y,전년,,5,384,,ALTERNATE,NOT_TOP_TABLE,후순위 통계표 후보,,hybrid+reranker,-460,N,0.6604009866714478,0.26435837149620056,0.44852941176470584,,,301,DT_200Y108,"국내총생산에 대한 지출(계절조정, 실질, 분기)",1976017,"국민계정 > 국민계정(2020년기준) > 경제활동별, 지출항목별, 부가가치항목별 규모",meta_index 없음 또는 코드명 매칭 없음,,,,,,,,,,,,,,,,,,,,,,,,,,,,,,,,,,,,,,,,,,,,,meta 없음,,,수출과 건설 경기 부진 여파로 새해 우리나라 경제가 1.8% 성장하는 데 그칠 것이라고 기획재정부가 2일 전망했다.
A0023-SP4EDAC50932,A0023-SP4EDAC50932-m1,경제성장률,재정·조세,-,1.8,%,%,rate,level,unspecified,수준값,현재값,KOSIS_VALUE,2025,Y,전년,,1,552,489,TABLE_ONLY,META_NOT_LOADED,통계표 메타 조회 전 후보,전국,hybrid+reranker,-442,N,0.6499477028846741,0.7189891934394836,0.4621212121212121,,,101,DT_1BPA002,"주요 인구지표(성비,인구성장률,인구구조,부양비 등) / 전국",1994044,장래인구추계 > 전국(2022년 기준),meta_index 없음 또는 코드명 매칭 없음,,,,,,,,,,,,,,,,,,,,,,,,,,,,,,,,,,,,,,,,,,,,,meta 없음,,,기재부는 이날 ‘2025년 경제정책방향’을 발표하면서 올해 경제 성장률이 1.8%로 전망된다고 밝혔다.
A0023-SP4EDAC50932,A0023-SP4EDAC50932-m1,경제성장률,재정·조세,-,1.8,%,%,rate,level,unspecified,수준값,현재값,KOSIS_VALUE,2025,Y,전년,,2,489,,ALTERNATE,NOT_TOP_TABLE,후순위 통계표 후보,2025년,hybrid+reranker,-155,N,0.6449487209320068,0.5774357914924622,0.44202898550724634,,,395,DT_395N_S2024269,수출액 수준: 2024년,2003024,한국기업혁신조사 > 2025년도 조사(서비스 부문) > 매출액 및 수출액 수준,meta_index 없음 또는 코드명 매칭 없음,,,,,,,,,,,,,,,,,,,,,,,,,,,,,,,,,,,,,,,,,,,,,meta 없음,,,기재부는 이날 ‘2025년 경제정책방향’을 발표하면서 올해 경제 성장률이 1.8%로 전망된다고 밝혔다.
A0023-SP4EDAC50932,A0023-SP4EDAC50932-m1,경제성장률,재정·조세,-,1.8,%,%,rate,level,unspecified,수준값,현재값,KOSIS_VALUE,2025,Y,전년,,3,487,,ALTERNATE,NOT_TOP_TABLE,후순위 통계표 후보,경제,hybrid+reranker,-456,N,0.6623324751853943,0.49102118611335754,0.4841269841269841,,,301,DT_200Y124,"경제활동별 성장기여도(원계열, 실질, 분기 및 연간)",1976017,국민계정 > 국민계정(2020년기준) > GDP에 대한 성장기여도,meta_index 없음 또는 코드명 매칭 없음,,,,,,,,,,,,,,,,,,,,,,,,,,,,,,,,,,,,,,,,,,,,,meta 없음,,,기재부는 이날 ‘2025년 경제정책방향’을 발표하면서 올해 경제 성장률이 1.8%로 전망된다고 밝혔다.
A0023-SP4EDAC50932,A0023-SP4EDAC50932-m1,경제성장률,재정·조세,-,1.8,%,%,rate,level,unspecified,수준값,현재값,KOSIS_VALUE,2025,Y,전년,,4,483,,ALTERNATE,NOT_TOP_TABLE,후순위 통계표 후보,,hybrid+reranker,-460,N,0.6632480621337891,0.4675140976905823,0.4919354838709677,,,301,DT_200Y126,"지출항목별 성장기여도(원계열, 실질, 분기 및 연간)",1976017,국민계정 > 국민계정(2020년기준) > GDP에 대한 성장기여도,meta_index 없음 또는 코드명 매칭 없음,,,,,,,,,,,,,,,,,,,,,,,,,,,,,,,,,,,,,,,,,,,,,meta 없음,,,기재부는 이날 ‘2025년 경제정책방향’을 발표하면서 올해 경제 성장률이 1.8%로 전망된다고 밝혔다.
A0023-SP4EDAC50932,A0023-SP4EDAC50932-m1,경제성장률,재정·조세,-,1.8,%,%,rate,level,unspecified,수준값,현재값,KOSIS_VALUE,2025,Y,전년,,5,462,,ALTERNATE,NOT_TOP_TABLE,후순위 통계표 후보,2025년,hybrid+reranker,-155,N,0.6430939435958862,0.543196439743042,0.41780821917808214,,,395,DT_395N_S2024267,수출액 수준: 2023년,2003024,한국기업혁신조사 > 2025년도 조사(서비스 부문) > 매출액 및 수출액 수준,meta_index 없음 또는 코드명 매칭 없음,,,,,,,,,,,,,,,,,,,,,,,,,,,,,,,,,,,,,,,,,,,,,meta 없음,,,기재부는 이날 ‘2025년 경제정책방향’을 발표하면서 올해 경제 성장률이 1.8%로 전망된다고 밝혔다.
A0023-SPFB1386F308,A0023-SPFB1386F308-m2,경제성장률 변화폭,재정·조세,-,0.4,%,%,rate,rate_change,unspecified,증감률,증감률,KOSIS_VALUE,2025,Y,전년,2024,1,415,406,TABLE_ONLY,META_NOT_LOADED,통계표 메타 조회 전 후보,,hybrid+reranker,-460,N,0.6618345379829407,0.31499800086021423,0.46923076923076923,,,301,DT_200Y124,"경제활동별 성장기여도(원계열, 실질, 분기 및 연간)",1976017,국민계정 > 국민계정(2020년기준) > GDP에 대한 성장기여도,meta_index 없음 또는 코드명 매칭 없음,,,,,,,,,,,,,,,,,,,,,,,,,,,,,,,,,,,,,,,,,,,,,meta 없음,,,"작년 7월초만 해도 정부는 수출이 살아나면서 내수가 회복될 것으로 기대하고 새해 성장률을 2.2%로 봤었는데, 내수 부진이 장기화하고 비상 계엄과 줄탄핵 등 정치 불확실성이 커지자 6개월 만에 전망치를 0.4%포인트 낮췄다."
A0023-SPFB1386F308,A0023-SPFB1386F308-m2,경제성장률 변화폭,재정·조세,-,0.4,%,%,rate,rate_change,unspecified,증감률,증감률,KOSIS_VALUE,2025,Y,전년,2024,2,406,,ALTERNATE,NOT_TOP_TABLE,후순위 통계표 후보,,hybrid+reranker,-460,N,0.6649472117424011,0.2613309323787689,0.4841269841269841,,,301,DT_200Y123,"경제활동별 성장기여도(계절조정, 실질, 분기)",1976017,국민계정 > 국민계정(2020년기준) > GDP에 대한 성장기여도,meta_index 없음 또는 코드명 매칭 없음,,,,,,,,,,,,,,,,,,,,,,,,,,,,,,,,,,,,,,,,,,,,,meta 없음,,,"작년 7월초만 해도 정부는 수출이 살아나면서 내수가 회복될 것으로 기대하고 새해 성장률을 2.2%로 봤었는데, 내수 부진이 장기화하고 비상 계엄과 줄탄핵 등 정치 불확실성이 커지자 6개월 만에 전망치를 0.4%포인트 낮췄다."
A0023-SPFB1386F308,A0023-SPFB1386F308-m2,경제성장률 변화폭,재정·조세,-,0.4,%,%,rate,rate_change,unspecified,증감률,증감률,KOSIS_VALUE,2025,Y,전년,2024,3,377,,ALTERNATE,NOT_TOP_TABLE,후순위 통계표 후보,수출액,hybrid,-451,N,0.6495509147644043,,0.37654320987654316,,,395,DT_395N_I2019280,수출액 수준: 2018년,2003024,한국기업혁신조사 > 2020년도 조사(제조업 부문) > 매출액 및 수출액 수준,meta_index 없음 또는 코드명 매칭 없음,,,,,,,,,,,,,,,,,,,,,,,,,,,,,,,,,,,,,,,,,,,,,meta 없음,,,"작년 7월초만 해도 정부는 수출이 살아나면서 내수가 회복될 것으로 기대하고 새해 성장률을 2.2%로 봤었는데, 내수 부진이 장기화하고 비상 계엄과 줄탄핵 등 정치 불확실성이 커지자 6개월 만에 전망치를 0.4%포인트 낮췄다."
A0023-SPFB1386F308,A0023-SPFB1386F308-m2,경제성장률 변화폭,재정·조세,-,0.4,%,%,rate,rate_change,unspecified,증감률,증감률,KOSIS_VALUE,2025,Y,전년,2024,4,375,,ALTERNATE,NOT_TOP_TABLE,후순위 통계표 후보,,hybrid+reranker,-460,N,0.6675156354904175,0.15662017464637756,0.4919354838709677,,,301,DT_200Y126,"지출항목별 성장기여도(원계열, 실질, 분기 및 연간)",1976017,국민계정 > 국민계정(2020년기준) > GDP에 대한 성장기여도,meta_index 없음 또는 코드명 매칭 없음,,,,,,,,,,,,,,,,,,,,,,,,,,,,,,,,,,,,,,,,,,,,,meta 없음,,,"작년 7월초만 해도 정부는 수출이 살아나면서 내수가 회복될 것으로 기대하고 새해 성장률을 2.2%로 봤었는데, 내수 부진이 장기화하고 비상 계엄과 줄탄핵 등 정치 불확실성이 커지자 6개월 만에 전망치를 0.4%포인트 낮췄다."
A0023-SPFB1386F308,A0023-SPFB1386F308-m2,경제성장률 변화폭,재정·조세,-,0.4,%,%,rate,rate_change,unspecified,증감률,증감률,KOSIS_VALUE,2025,Y,전년,2024,5,372,,ALTERNATE,NOT_TOP_TABLE,후순위 통계표 후보,수출액,hybrid,-151,N,0.64925217628479,,0.3719512195121951,,,395,DT_395N_S2024265,수출액 수준: 2022년,2003024,한국기업혁신조사 > 2025년도 조사(서비스 부문) > 매출액 및 수출액 수준,meta_index 없음 또는 코드명 매칭 없음,,,,,,,,,,,,,,,,,,,,,,,,,,,,,,,,,,,,,,,,,,,,,meta 없음,,,"작년 7월초만 해도 정부는 수출이 살아나면서 내수가 회복될 것으로 기대하고 새해 성장률을 2.2%로 봤었는데, 내수 부진이 장기화하고 비상 계엄과 줄탄핵 등 정치 불확실성이 커지자 6개월 만에 전망치를 0.4%포인트 낮췄다."
A0023-SP1EEDF6FC00,A0023-SP1EEDF6FC00-m1,경제성장률,재정·조세,-,1.8,%,%,rate,level,unspecified,수준값,현재값,KOSIS_VALUE,2025,Y,전년,,1,359,355,TABLE_ONLY,META_NOT_LOADED,통계표 메타 조회 전 후보,,hybrid,-160,N,0.6346114873886108,,0.3588235294117647,,,395,DT_395N_S2024269,수출액 수준: 2024년,2003024,한국기업혁신조사 > 2025년도 조사(서비스 부문) > 매출액 및 수출액 수준,meta_index 없음 또는 코드명 매칭 없음,,,,,,,,,,,,,,,,,,,,,,,,,,,,,,,,,,,,,,,,,,,,,meta 없음,,,이런 가운데 정부는 소비자 물가 상승률도 한국은행의 물가 안정 목표치(2%)보다 낮은 1.8%로 내다봤다.
A0023-SP1EEDF6FC00,A0023-SP1EEDF6FC00-m1,경제성장률,재정·조세,-,1.8,%,%,rate,level,unspecified,수준값,현재값,KOSIS_VALUE,2025,Y,전년,,2,355,,ALTERNATE,NOT_TOP_TABLE,후순위 통계표 후보,전국,hybrid,-154,N,0.6345260143280029,,0.35465116279069764,,,101,DT_1L9N014,"소비구간별  가구당 월평균 가계수지 (전국,2인이상,실질)",1962009,"가계동향조사 > 가계동향조사(구분류, 1963~2024년) > 가계동향조사(구분류, 지출 1990~2016년, 소득 1990~2019년) > 2인이상 비농림어가 > 전국(실질, 2020년기준) ",meta_index 없음 또는 코드명 매칭 없음,,,,,,,,,,,,,,,,,,,,,,,,,,,,,,,,,,,,,,,,,,,,,meta 없음,,,이런 가운데 정부는 소비자 물가 상승률도 한국은행의 물가 안정 목표치(2%)보다 낮은 1.8%로 내다봤다.
A0023-SP1EEDF6FC00,A0023-SP1EEDF6FC00-m1,경제성장률,재정·조세,-,1.8,%,%,rate,level,unspecified,수준값,현재값,KOSIS_VALUE,2025,Y,전년,,3,347,,ALTERNATE,NOT_TOP_TABLE,후순위 통계표 후보,"물가,소비자",hybrid,-394,N,0.6342824697494507,,0.34659090909090906,,,101,DT_1J22136,"연도별 품목성질별 소비자물가지수(9개도, 39개시: 2020=100)",1964001,소비자물가조사,meta_index 없음 또는 코드명 매칭 없음,,,,,,,,,,,,,,,,,,,,,,,,,,,,,,,,,,,,,,,,,,,,,meta 없음,,,이런 가운데 정부는 소비자 물가 상승률도 한국은행의 물가 안정 목표치(2%)보다 낮은 1.8%로 내다봤다.
A0023-SP1EEDF6FC00,A0023-SP1EEDF6FC00-m1,경제성장률,재정·조세,-,1.8,%,%,rate,level,unspecified,수준값,현재값,KOSIS_VALUE,2025,Y,전년,,4,343,,ALTERNATE,NOT_TOP_TABLE,후순위 통계표 후보,,hybrid,-460,N,0.6341554522514343,,0.3426966292134831,,,395,DT_395N_S2020303,매출액 수준: 2018년,2003024,한국기업혁신조사 > 2021년도 조사(서비스 부문) > 매출액 및 수출액 수준,meta_index 없음 또는 코드명 매칭 없음,,,,,,,,,,,,,,,,,,,,,,,,,,,,,,,,,,,,,,,,,,,,,meta 없음,,,이런 가운데 정부는 소비자 물가 상승률도 한국은행의 물가 안정 목표치(2%)보다 낮은 1.8%로 내다봤다.
A0023-SP1EEDF6FC00,A0023-SP1EEDF6FC00-m1,경제성장률,재정·조세,-,1.8,%,%,rate,level,unspecified,수준값,현재값,KOSIS_VALUE,2025,Y,전년,,5,339,,ALTERNATE,NOT_TOP_TABLE,후순위 통계표 후보,전국,hybrid,-454,N,0.6340763568878174,,0.3388888888888889,,,101,DT_1L9N114,"소비구간별  가구당 월평균 가계수지 (전국,2인이상,실질)",1962009,"가계동향조사 > 가계동향조사(지출2006~2016년, 소득 2006~2019년) > 2인이상 비농림어가 > 전국(실질, 2020년 기준)",meta_index 없음 또는 코드명 매칭 없음,,,,,,,,,,,,,,,,,,,,,,,,,,,,,,,,,,,,,,,,,,,,,meta 없음,,,이런 가운데 정부는 소비자 물가 상승률도 한국은행의 물가 안정 목표치(2%)보다 낮은 1.8%로 내다봤다.
A0023-SPF1AEE208EE,A0023-SPF1AEE208EE-m2,수출 증가율,무역,반도체,1.5,%,%,rate,rate_change,item,증감률,현재값,KOSIS_VALUE,2025,Y,전년,2024,1,654,649,TABLE_ONLY,META_NOT_LOADED,통계표 메타 조회 전 후보,"수출,수입,ICT,codebook:semiconductor_export_y",hybrid+reranker+codebook,1098,Y,,0.9389128684997559,0.5,semiconductor_export_y,semiconductor_export_y,127,DT_127005_005,수출 및 수입액,1996008,ICT실태조사,meta_index 없음 또는 코드명 매칭 없음,,,,,,,,,,,,,,,,,,,,,,,,,,,,,,,,,,,,,,,,,,,,,코드북 후보 선택,,,◇”수출 꺾이고 건설 계속 안 좋다” 정부는 성장률 전망치를 낮춘 가장 큰 이유로 수출 둔화를 꼽았다. 기재부는 반도체 등 주력 수출 업종의 경쟁 심화와 관세 장벽 강화를 내세운 미국의 트럼프 2기 행정부 출범 등으로 수출 증가율이 작년 8.2%에서 올해 1.5%로 쪼그라들 것으로 봤다. 정부가 이날 발표한 새해 수출 증가율 전망치는 6개월 전 전망(6%)과 비교해도 4분의 1 수준이다.
A0023-SPF1AEE208EE,A0023-SPF1AEE208EE-m2,수출 증가율,무역,반도체,1.5,%,%,rate,rate_change,item,증감률,현재값,KOSIS_VALUE,2025,Y,전년,2024,2,649,,ALTERNATE,NOT_TOP_TABLE,후순위 통계표 후보,"품목별,수출액,수출,수입,무역",hybrid+reranker,484,Y,,0.941439151763916,0.4919354838709677,,,360,DT_1R11001_FRM101,"품목별 수출액, 수입액",1976045,SITC에의한무역통계,meta_index 없음 또는 코드명 매칭 없음,,,,,,,,,,,,,,,,,,,,,,,,,,,,,,,,,,,,,,,,,,,,,meta 없음,,,◇”수출 꺾이고 건설 계속 안 좋다” 정부는 성장률 전망치를 낮춘 가장 큰 이유로 수출 둔화를 꼽았다. 기재부는 반도체 등 주력 수출 업종의 경쟁 심화와 관세 장벽 강화를 내세운 미국의 트럼프 2기 행정부 출범 등으로 수출 증가율이 작년 8.2%에서 올해 1.5%로 쪼그라들 것으로 봤다. 정부가 이날 발표한 새해 수출 증가율 전망치는 6개월 전 전망(6%)과 비교해도 4분의 1 수준이다.
A0023-SPF1AEE208EE,A0023-SPF1AEE208EE-m2,수출 증가율,무역,반도체,1.5,%,%,rate,rate_change,item,증감률,현재값,KOSIS_VALUE,2025,Y,전년,2024,3,634,,ALTERNATE,NOT_TOP_TABLE,후순위 통계표 후보,"품목별,수출,수입,무역",hybrid+reranker,168,Y,,0.9135223627090454,0.4841269841269841,,,134,DT_134006_N001,품목별 수입·수출현황,2017044,기업무역활동통계,meta_index 없음 또는 코드명 매칭 없음,,,,,,,,,,,,,,,,,,,,,,,,,,,,,,,,,,,,,,,,,,,,,meta 없음,,,◇”수출 꺾이고 건설 계속 안 좋다” 정부는 성장률 전망치를 낮춘 가장 큰 이유로 수출 둔화를 꼽았다. 기재부는 반도체 등 주력 수출 업종의 경쟁 심화와 관세 장벽 강화를 내세운 미국의 트럼프 2기 행정부 출범 등으로 수출 증가율이 작년 8.2%에서 올해 1.5%로 쪼그라들 것으로 봤다. 정부가 이날 발표한 새해 수출 증가율 전망치는 6개월 전 전망(6%)과 비교해도 4분의 1 수준이다.
A0023-SPF1AEE208EE,A0023-SPF1AEE208EE-m2,수출 증가율,무역,반도체,1.5,%,%,rate,rate_change,item,증감률,현재값,KOSIS_VALUE,2025,Y,전년,2024,4,591,,ALTERNATE,NOT_TOP_TABLE,후순위 통계표 후보,"품목별,수출",hybrid+reranker,152,Y,,0.9219217896461487,0.41216216216216217,,,434,DT_434_STBL_1028686,출판 품목별 수출입 실적,2016058,문화체육관광산업통계 > 수출입 실적 현황,meta_index 없음 또는 코드명 매칭 없음,,,,,,,,,,,,,,,,,,,,,,,,,,,,,,,,,,,,,,,,,,,,,meta 없음,,,◇”수출 꺾이고 건설 계속 안 좋다” 정부는 성장률 전망치를 낮춘 가장 큰 이유로 수출 둔화를 꼽았다. 기재부는 반도체 등 주력 수출 업종의 경쟁 심화와 관세 장벽 강화를 내세운 미국의 트럼프 2기 행정부 출범 등으로 수출 증가율이 작년 8.2%에서 올해 1.5%로 쪼그라들 것으로 봤다. 정부가 이날 발표한 새해 수출 증가율 전망치는 6개월 전 전망(6%)과 비교해도 4분의 1 수준이다.
A0023-SPF1AEE208EE,A0023-SPF1AEE208EE-m2,수출 증가율,무역,반도체,1.5,%,%,rate,rate_change,item,증감률,현재값,KOSIS_VALUE,2025,Y,전년,2024,5,586,,ALTERNATE,NOT_TOP_TABLE,후순위 통계표 후보,"품목별,수출,무역",hybrid+reranker,152,Y,,0.9303317666053772,0.4013157894736842,,,134,DT_134006_N012,품목별 고성장·가젤기업 수출현황,2017044,기업무역활동통계,meta_index 없음 또는 코드명 매칭 없음,,,,,,,,,,,,,,,,,,,,,,,,,,,,,,,,,,,,,,,,,,,,,meta 없음,,,◇”수출 꺾이고 건설 계속 안 좋다” 정부는 성장률 전망치를 낮춘 가장 큰 이유로 수출 둔화를 꼽았다. 기재부는 반도체 등 주력 수출 업종의 경쟁 심화와 관세 장벽 강화를 내세운 미국의 트럼프 2기 행정부 출범 등으로 수출 증가율이 작년 8.2%에서 올해 1.5%로 쪼그라들 것으로 봤다. 정부가 이날 발표한 새해 수출 증가율 전망치는 6개월 전 전망(6%)과 비교해도 4분의 1 수준이다.
A0023-SP2AFDA2A4C6,A0023-SP2AFDA2A4C6-m1,메모리반도체 매출 성장률,무역,반도체,13.4,%,%,rate,level,item,수준값,현재값,KOSIS_VALUE,2025,Y,전년,,1,993,949,TABLE_ONLY,META_NOT_LOADED,통계표 메타 조회 전 후보,"수출액,수출,매출",hybrid+reranker,242,Y,0.6417001485824585,0.9944451451301575,0.9919354838709679,,,395,DT_395N_S2023296,수출액 수준: 2021년,2003024,한국기업혁신조사 > 2024년도 조사(제조업 부문) > 매출액 및 수출액 수준,meta_index 없음 또는 코드명 매칭 없음,,,,,,,,,,,,,,,,,,,,,,,,,,,,,,,,,,,,,,,,,,,,,meta 없음,,,기재부는 우리나라 주력 수출 품목인 메모리반도체의 매출 성장세가 올해 13.4%로 작년(81%)의 16.5% 수준으로 쪼그라들 것이라는 세계반도체무역통계기구(WSTS)의 최근 전망을 인용하기도 했다.
A0023-SP2AFDA2A4C6,A0023-SP2AFDA2A4C6-m1,메모리반도체 매출 성장률,무역,반도체,13.4,%,%,rate,level,item,수준값,현재값,KOSIS_VALUE,2025,Y,전년,,2,949,,ALTERNATE,NOT_TOP_TABLE,후순위 통계표 후보,"매출,수출액,수출",hybrid+reranker,206,Y,0.6449551582336426,0.9975751042366028,0.923611111111111,,,395,DT_395N_S2023295,매출액 수준: 2021년,2003024,한국기업혁신조사 > 2024년도 조사(제조업 부문) > 매출액 및 수출액 수준,meta_index 없음 또는 코드명 매칭 없음,,,,,,,,,,,,,,,,,,,,,,,,,,,,,,,,,,,,,,,,,,,,,meta 없음,,,기재부는 우리나라 주력 수출 품목인 메모리반도체의 매출 성장세가 올해 13.4%로 작년(81%)의 16.5% 수준으로 쪼그라들 것이라는 세계반도체무역통계기구(WSTS)의 최근 전망을 인용하기도 했다.
A0023-SP2AFDA2A4C6,A0023-SP2AFDA2A4C6-m1,메모리반도체 매출 성장률,무역,반도체,13.4,%,%,rate,level,item,수준값,현재값,KOSIS_VALUE,2025,Y,전년,,3,934,,ALTERNATE,NOT_TOP_TABLE,후순위 통계표 후보,"수출액,수출,매출",hybrid+reranker,242,Y,0.6347102522850037,0.9947391152381897,0.9019352033050663,,,395,DT_395N_S2023298,수출액 수준: 2022년,2003024,한국기업혁신조사 > 2024년도 조사(제조업 부문) > 매출액 및 수출액 수준,meta_index 없음 또는 코드명 매칭 없음,,,,,,,,,,,,,,,,,,,,,,,,,,,,,,,,,,,,,,,,,,,,,meta 없음,,,기재부는 우리나라 주력 수출 품목인 메모리반도체의 매출 성장세가 올해 13.4%로 작년(81%)의 16.5% 수준으로 쪼그라들 것이라는 세계반도체무역통계기구(WSTS)의 최근 전망을 인용하기도 했다.
A0023-SP2AFDA2A4C6,A0023-SP2AFDA2A4C6-m1,메모리반도체 매출 성장률,무역,반도체,13.4,%,%,rate,level,item,수준값,현재값,KOSIS_VALUE,2025,Y,전년,,4,917,,ALTERNATE,NOT_TOP_TABLE,후순위 통계표 후보,"매출,수출액,수출",hybrid+reranker,206,Y,0.6380414962768555,0.9976859092712402,0.8742833742833743,,,395,DT_395N_S2023297,매출액 수준: 2022년,2003024,한국기업혁신조사 > 2024년도 조사(제조업 부문) > 매출액 및 수출액 수준,meta_index 없음 또는 코드명 매칭 없음,,,,,,,,,,,,,,,,,,,,,,,,,,,,,,,,,,,,,,,,,,,,,meta 없음,,,기재부는 우리나라 주력 수출 품목인 메모리반도체의 매출 성장세가 올해 13.4%로 작년(81%)의 16.5% 수준으로 쪼그라들 것이라는 세계반도체무역통계기구(WSTS)의 최근 전망을 인용하기도 했다.
A0023-SP2AFDA2A4C6,A0023-SP2AFDA2A4C6-m1,메모리반도체 매출 성장률,무역,반도체,13.4,%,%,rate,level,item,수준값,현재값,KOSIS_VALUE,2025,Y,전년,,5,907,,ALTERNATE,NOT_TOP_TABLE,후순위 통계표 후보,"수출액,수출,매출",hybrid+reranker,242,Y,0.632117748260498,0.9946568012237549,0.8602564102564102,,,395,DT_395N_S2023300,수출액 수준: 2023년,2003024,한국기업혁신조사 > 2024년도 조사(제조업 부문) > 매출액 및 수출액 수준,meta_index 없음 또는 코드명 매칭 없음,,,,,,,,,,,,,,,,,,,,,,,,,,,,,,,,,,,,,,,,,,,,,meta 없음,,,기재부는 우리나라 주력 수출 품목인 메모리반도체의 매출 성장세가 올해 13.4%로 작년(81%)의 16.5% 수준으로 쪼그라들 것이라는 세계반도체무역통계기구(WSTS)의 최근 전망을 인용하기도 했다.
A0023-SP2AFDA2A4C6,A0023-SP2AFDA2A4C6-m3,메모리반도체 매출 성장률 변화 비율,무역,반도체,16.5,%,%,rate,rate_change,item,증감률,증감률,KOSIS_VALUE,2025,Y,전년,2024,1,985,937,TABLE_ONLY,META_NOT_LOADED,통계표 메타 조회 전 후보,"수출액,수출,매출",hybrid+reranker,242,Y,0.6430696249008179,0.9857729077339172,0.9841269841269842,,,395,DT_395N_S2023296,수출액 수준: 2021년,2003024,한국기업혁신조사 > 2024년도 조사(제조업 부문) > 매출액 및 수출액 수준,meta_index 없음 또는 코드명 매칭 없음,,,,,,,,,,,,,,,,,,,,,,,,,,,,,,,,,,,,,,,,,,,,,meta 없음,,,기재부는 우리나라 주력 수출 품목인 메모리반도체의 매출 성장세가 올해 13.4%로 작년(81%)의 16.5% 수준으로 쪼그라들 것이라는 세계반도체무역통계기구(WSTS)의 최근 전망을 인용하기도 했다.
A0023-SP2AFDA2A4C6,A0023-SP2AFDA2A4C6-m3,메모리반도체 매출 성장률 변화 비율,무역,반도체,16.5,%,%,rate,rate_change,item,증감률,증감률,KOSIS_VALUE,2025,Y,전년,2024,2,937,,ALTERNATE,NOT_TOP_TABLE,후순위 통계표 후보,"매출,수출액,수출",hybrid+reranker,206,Y,0.64559006690979,0.9945730566978455,0.9066666666666666,,,395,DT_395N_S2023295,매출액 수준: 2021년,2003024,한국기업혁신조사 > 2024년도 조사(제조업 부문) > 매출액 및 수출액 수준,meta_index 없음 또는 코드명 매칭 없음,,,,,,,,,,,,,,,,,,,,,,,,,,,,,,,,,,,,,,,,,,,,,meta 없음,,,기재부는 우리나라 주력 수출 품목인 메모리반도체의 매출 성장세가 올해 13.4%로 작년(81%)의 16.5% 수준으로 쪼그라들 것이라는 세계반도체무역통계기구(WSTS)의 최근 전망을 인용하기도 했다.
A0023-SP2AFDA2A4C6,A0023-SP2AFDA2A4C6-m3,메모리반도체 매출 성장률 변화 비율,무역,반도체,16.5,%,%,rate,rate_change,item,증감률,증감률,KOSIS_VALUE,2025,Y,전년,2024,3,918,,ALTERNATE,NOT_TOP_TABLE,후순위 통계표 후보,"수출액,수출,매출",hybrid+reranker,242,Y,0.637489914894104,0.9871788024902344,0.8802308802308801,,,395,DT_395N_S2023298,수출액 수준: 2022년,2003024,한국기업혁신조사 > 2024년도 조사(제조업 부문) > 매출액 및 수출액 수준,meta_index 없음 또는 코드명 매칭 없음,,,,,,,,,,,,,,,,,,,,,,,,,,,,,,,,,,,,,,,,,,,,,meta 없음,,,기재부는 우리나라 주력 수출 품목인 메모리반도체의 매출 성장세가 올해 13.4%로 작년(81%)의 16.5% 수준으로 쪼그라들 것이라는 세계반도체무역통계기구(WSTS)의 최근 전망을 인용하기도 했다.
A0023-SP2AFDA2A4C6,A0023-SP2AFDA2A4C6-m3,메모리반도체 매출 성장률 변화 비율,무역,반도체,16.5,%,%,rate,rate_change,item,증감률,증감률,KOSIS_VALUE,2025,Y,전년,2024,4,902,,ALTERNATE,NOT_TOP_TABLE,후순위 통계표 후보,"수출액,수출,매출",hybrid+reranker,242,Y,0.6342103481292725,0.9885361194610596,0.8550307219662058,,,395,DT_395N_S2024265,수출액 수준: 2022년,2003024,한국기업혁신조사 > 2025년도 조사(서비스 부문) > 매출액 및 수출액 수준,meta_index 없음 또는 코드명 매칭 없음,,,,,,,,,,,,,,,,,,,,,,,,,,,,,,,,,,,,,,,,,,,,,meta 없음,,,기재부는 우리나라 주력 수출 품목인 메모리반도체의 매출 성장세가 올해 13.4%로 작년(81%)의 16.5% 수준으로 쪼그라들 것이라는 세계반도체무역통계기구(WSTS)의 최근 전망을 인용하기도 했다.
A0023-SP2AFDA2A4C6,A0023-SP2AFDA2A4C6-m3,메모리반도체 매출 성장률 변화 비율,무역,반도체,16.5,%,%,rate,rate_change,item,증감률,증감률,KOSIS_VALUE,2025,Y,전년,2024,5,889,,ALTERNATE,NOT_TOP_TABLE,후순위 통계표 후보,"수출액,수출,매출",hybrid+reranker,242,Y,0.6349413394927979,0.9868786931037903,0.8367006487488415,,,395,DT_395N_S2023300,수출액 수준: 2023년,2003024,한국기업혁신조사 > 2024년도 조사(제조업 부문) > 매출액 및 수출액 수준,meta_index 없음 또는 코드명 매칭 없음,,,,,,,,,,,,,,,,,,,,,,,,,,,,,,,,,,,,,,,,,,,,,meta 없음,,,기재부는 우리나라 주력 수출 품목인 메모리반도체의 매출 성장세가 올해 13.4%로 작년(81%)의 16.5% 수준으로 쪼그라들 것이라는 세계반도체무역통계기구(WSTS)의 최근 전망을 인용하기도 했다.
A0023-SP822EBE13C8,A0023-SP822EBE13C8-m1,경제성장률 차이,재정·조세,-,0.1,%,%,rate,rate_change,unspecified,증감률,증감률,KOSIS_VALUE,2025,Y,전년,2024,1,377,372,TABLE_ONLY,META_NOT_LOADED,통계표 메타 조회 전 후보,차이,hybrid,160,Y,,,0.37654320987654316,,,101,DT_2FC004F,한국 입국 전후 보수차이별 임금근로자(이민자),2012012,이민자체류실태및고용조사 > 이민자체류실태및고용조사(상주인구기준) > 임금근로자,meta_index 없음 또는 코드명 매칭 없음,,,,,,,,,,,,,,,,,,,,,,,,,,,,,,,,,,,,,,,,,,,,,meta 없음,,,◇계엄 파문 전 한은 전망보다 낮아 정부의 새해 성장률 전망치는 지난달 3일 비상 계엄 파문 직전 나온 한국은행 전망보다도 0.1%포인트 낮다.
A0023-SP822EBE13C8,A0023-SP822EBE13C8-m1,경제성장률 차이,재정·조세,-,0.1,%,%,rate,rate_change,unspecified,증감률,증감률,KOSIS_VALUE,2025,Y,전년,2024,2,372,,ALTERNATE,NOT_TOP_TABLE,후순위 통계표 후보,차이,hybrid,150,Y,,,0.3719512195121951,,,101,DT_FR0006,주요 업종/정기휴무일수별 사업체수,2019008,프랜차이즈통계 > 조사통계,meta_index 없음 또는 코드명 매칭 없음,,,,,,,,,,,,,,,,,,,,,,,,,,,,,,,,,,,,,,,,,,,,,meta 없음,,,◇계엄 파문 전 한은 전망보다 낮아 정부의 새해 성장률 전망치는 지난달 3일 비상 계엄 파문 직전 나온 한국은행 전망보다도 0.1%포인트 낮다.
A0023-SP822EBE13C8,A0023-SP822EBE13C8-m1,경제성장률 차이,재정·조세,-,0.1,%,%,rate,rate_change,unspecified,증감률,증감률,KOSIS_VALUE,2025,Y,전년,2024,3,367,,ALTERNATE,NOT_TOP_TABLE,후순위 통계표 후보,차이,hybrid,150,Y,,,0.3674698795180723,,,101,DT_FR0005,주요 업종별 가맹점 여부별 현황,2019008,프랜차이즈통계 > 가공통계,meta_index 없음 또는 코드명 매칭 없음,,,,,,,,,,,,,,,,,,,,,,,,,,,,,,,,,,,,,,,,,,,,,meta 없음,,,◇계엄 파문 전 한은 전망보다 낮아 정부의 새해 성장률 전망치는 지난달 3일 비상 계엄 파문 직전 나온 한국은행 전망보다도 0.1%포인트 낮다.
A0023-SP822EBE13C8,A0023-SP822EBE13C8-m1,경제성장률 차이,재정·조세,-,0.1,%,%,rate,rate_change,unspecified,증감률,증감률,KOSIS_VALUE,2025,Y,전년,2024,4,363,,ALTERNATE,NOT_TOP_TABLE,후순위 통계표 후보,차이,hybrid,150,Y,,,0.3630952380952381,,,101,DT_FR0007,주요 업종별 가입비용 현황,2019008,프랜차이즈통계 > 가공통계,meta_index 없음 또는 코드명 매칭 없음,,,,,,,,,,,,,,,,,,,,,,,,,,,,,,,,,,,,,,,,,,,,,meta 없음,,,◇계엄 파문 전 한은 전망보다 낮아 정부의 새해 성장률 전망치는 지난달 3일 비상 계엄 파문 직전 나온 한국은행 전망보다도 0.1%포인트 낮다.
A0023-SP822EBE13C8,A0023-SP822EBE13C8-m1,경제성장률 차이,재정·조세,-,0.1,%,%,rate,rate_change,unspecified,증감률,증감률,KOSIS_VALUE,2025,Y,전년,2024,5,326,,ALTERNATE,NOT_TOP_TABLE,후순위 통계표 후보,차이,hybrid+reranker,170,Y,,0.0017961491830646992,0.5,,,101,DT_FR0002,소매 주요 업종별 매장면적별 프랜차이즈 사업체수,2019008,프랜차이즈통계 > 조사통계,meta_index 없음 또는 코드명 매칭 없음,,,,,,,,,,,,,,,,,,,,,,,,,,,,,,,,,,,,,,,,,,,,,meta 없음,,,◇계엄 파문 전 한은 전망보다 낮아 정부의 새해 성장률 전망치는 지난달 3일 비상 계엄 파문 직전 나온 한국은행 전망보다도 0.1%포인트 낮다.
A0023-SPED919A3F82,A0023-SPED919A3F82-m1,작년 성장률 전망치,재정·조세,-,2.2,%,%,rate,level,unspecified,수준값,현재값,KOSIS_VALUE,2024,Y,전년,,1,443,442,TABLE_ONLY,META_NOT_LOADED,통계표 메타 조회 전 후보,,hybrid+reranker,140,Y,,0.3796083331108093,0.4765625,,,111,DT_111014_C040,작년 고용한 연중 근로자 수_내국인,2025005,"외국인고용실태조사(농업,제조업분야) > 농업경영체",meta_index 없음 또는 코드명 매칭 없음,,,,,,,,,,,,,,,,,,,,,,,,,,,,,,,,,,,,,,,,,,,,,meta 없음,,,작년 성장률 전망치를 2.2%로 6개월 전(2.6%)에 비해 0.4%포인트 낮춰 잡은 것도 정국 불안에 따른 불확실성을 감안한 점이 일부 영향을 미쳤다고 김 차관은 전했다.
A0023-SPED919A3F82,A0023-SPED919A3F82-m1,작년 성장률 전망치,재정·조세,-,2.2,%,%,rate,level,unspecified,수준값,현재값,KOSIS_VALUE,2024,Y,전년,,2,442,,ALTERNATE,NOT_TOP_TABLE,후순위 통계표 후보,성장률,hybrid+reranker,176,Y,,0.34897783398628235,0.4919354838709677,,,365,TX_36502_A002_1,건설업의 성장률 추이,1989001,건설업경영분석 > 연도별 건설업 경영비율,meta_index 없음 또는 코드명 매칭 없음,,,,,,,,,,,,,,,,,,,,,,,,,,,,,,,,,,,,,,,,,,,,,meta 없음,,,작년 성장률 전망치를 2.2%로 6개월 전(2.6%)에 비해 0.4%포인트 낮춰 잡은 것도 정국 불안에 따른 불확실성을 감안한 점이 일부 영향을 미쳤다고 김 차관은 전했다.
A0023-SPED919A3F82,A0023-SPED919A3F82-m1,작년 성장률 전망치,재정·조세,-,2.2,%,%,rate,level,unspecified,수준값,현재값,KOSIS_VALUE,2024,Y,전년,,3,404,,ALTERNATE,NOT_TOP_TABLE,후순위 통계표 후보,,hybrid+reranker,140,Y,,0.4272174537181854,0.39102564102564097,,,111,DT_111014_C102,작년 기준 농업경영체의 생산 품목별 영농규모,2025005,"외국인고용실태조사(농업,제조업분야) > 농업경영체",meta_index 없음 또는 코드명 매칭 없음,,,,,,,,,,,,,,,,,,,,,,,,,,,,,,,,,,,,,,,,,,,,,meta 없음,,,작년 성장률 전망치를 2.2%로 6개월 전(2.6%)에 비해 0.4%포인트 낮춰 잡은 것도 정국 불안에 따른 불확실성을 감안한 점이 일부 영향을 미쳤다고 김 차관은 전했다.
A0023-SPED919A3F82,A0023-SPED919A3F82-m1,작년 성장률 전망치,재정·조세,-,2.2,%,%,rate,level,unspecified,수준값,현재값,KOSIS_VALUE,2024,Y,전년,,4,380,,ALTERNATE,NOT_TOP_TABLE,후순위 통계표 후보,,hybrid+reranker,140,Y,,0.2286728471517563,0.4621212121212121,,,111,DT_111014_C039,작년 고용한 연중 근로자 수_전체,2025005,"외국인고용실태조사(농업,제조업분야) > 농업경영체",meta_index 없음 또는 코드명 매칭 없음,,,,,,,,,,,,,,,,,,,,,,,,,,,,,,,,,,,,,,,,,,,,,meta 없음,,,작년 성장률 전망치를 2.2%로 6개월 전(2.6%)에 비해 0.4%포인트 낮춰 잡은 것도 정국 불안에 따른 불확실성을 감안한 점이 일부 영향을 미쳤다고 김 차관은 전했다.
A0023-SPED919A3F82,A0023-SPED919A3F82-m1,작년 성장률 전망치,재정·조세,-,2.2,%,%,rate,level,unspecified,수준값,현재값,KOSIS_VALUE,2024,Y,전년,,5,377,,ALTERNATE,NOT_TOP_TABLE,후순위 통계표 후보,,hybrid,140,Y,,,0.37654320987654316,,,111,DT_111014_B099,작년 대비 지역 내 불법체류 외국인 고용 규모 변화,2025005,"외국인고용실태조사(농업,제조업분야) > 비전문고용제조업",meta_index 없음 또는 코드명 매칭 없음,,,,,,,,,,,,,,,,,,,,,,,,,,,,,,,,,,,,,,,,,,,,,meta 없음,,,작년 성장률 전망치를 2.2%로 6개월 전(2.6%)에 비해 0.4%포인트 낮춰 잡은 것도 정국 불안에 따른 불확실성을 감안한 점이 일부 영향을 미쳤다고 김 차관은 전했다.
A0023-SPED919A3F82,A0023-SPED919A3F82-m3,성장률 전망치의 변화,재정·조세,-,0.4,%,%,rate,rate_change,unspecified,증감률,증감값,KOSIS_VALUE,2025,Y,전년,2024,1,402,396,TABLE_ONLY,META_NOT_LOADED,통계표 메타 조회 전 후보,변화,hybrid+reranker,160,Y,0.655576765537262,0.22135066986083984,0.5,,,395,DT_395N_S2024035,시장 환경 상황별 설명도: 수요의 변화를 예측하기 어려움,2003024,한국기업혁신조사 > 2025년도 조사(서비스 부문) > 시장 환경 상황별 해당 여부 및 설명도 > 시장 환경 상황별 설명도,meta_index 없음 또는 코드명 매칭 없음,,,,,,,,,,,,,,,,,,,,,,,,,,,,,,,,,,,,,,,,,,,,,meta 없음,,,작년 성장률 전망치를 2.2%로 6개월 전(2.6%)에 비해 0.4%포인트 낮춰 잡은 것도 정국 불안에 따른 불확실성을 감안한 점이 일부 영향을 미쳤다고 김 차관은 전했다.
A0023-SPED919A3F82,A0023-SPED919A3F82-m3,성장률 전망치의 변화,재정·조세,-,0.4,%,%,rate,rate_change,unspecified,증감률,증감값,KOSIS_VALUE,2025,Y,전년,2024,2,396,,ALTERNATE,NOT_TOP_TABLE,후순위 통계표 후보,변화,hybrid,170,Y,,,0.3961038961038961,,,395,DT_395N_S2023218,기후변화가 기업 활동에 미친 영향 중요도: 기후변화 완화 또는 적응에 도움이 되는 상품,2003024,한국기업혁신조사 > 2024년도 조사(제조업 부문) > 기후변화가 기업활동에 미친 영향 > 기후변화가 기업 활동에 미친 영향 중요도,meta_index 없음 또는 코드명 매칭 없음,,,,,,,,,,,,,,,,,,,,,,,,,,,,,,,,,,,,,,,,,,,,,meta 없음,,,작년 성장률 전망치를 2.2%로 6개월 전(2.6%)에 비해 0.4%포인트 낮춰 잡은 것도 정국 불안에 따른 불확실성을 감안한 점이 일부 영향을 미쳤다고 김 차관은 전했다.
A0023-SPED919A3F82,A0023-SPED919A3F82-m3,성장률 전망치의 변화,재정·조세,-,0.4,%,%,rate,rate_change,unspecified,증감률,증감값,KOSIS_VALUE,2025,Y,전년,2024,3,391,,ALTERNATE,NOT_TOP_TABLE,후순위 통계표 후보,변화,hybrid,170,Y,,,0.39102564102564097,,,395,DT_395N_S2023217,기후변화가 기업 활동에 미친 영향 중요도: 기후변화와 관련된 정부 정책 또는 대책,2003024,한국기업혁신조사 > 2024년도 조사(제조업 부문) > 기후변화가 기업활동에 미친 영향 > 기후변화가 기업 활동에 미친 영향 중요도,meta_index 없음 또는 코드명 매칭 없음,,,,,,,,,,,,,,,,,,,,,,,,,,,,,,,,,,,,,,,,,,,,,meta 없음,,,작년 성장률 전망치를 2.2%로 6개월 전(2.6%)에 비해 0.4%포인트 낮춰 잡은 것도 정국 불안에 따른 불확실성을 감안한 점이 일부 영향을 미쳤다고 김 차관은 전했다.
A0023-SPED919A3F82,A0023-SPED919A3F82-m3,성장률 전망치의 변화,재정·조세,-,0.4,%,%,rate,rate_change,unspecified,증감률,증감값,KOSIS_VALUE,2025,Y,전년,2024,4,388,,ALTERNATE,NOT_TOP_TABLE,후순위 통계표 후보,변화,hybrid+reranker,160,Y,0.6530336141586304,0.21060390770435333,0.4841269841269841,,,395,DT_395N_S2024027,시장 환경 상황별 해당 여부: 수요의 변화를 예측하기 어려움,2003024,한국기업혁신조사 > 2025년도 조사(서비스 부문) > 시장 환경 상황별 해당 여부 및 설명도 > 시장 환경 상황별 해당 여부,meta_index 없음 또는 코드명 매칭 없음,,,,,,,,,,,,,,,,,,,,,,,,,,,,,,,,,,,,,,,,,,,,,meta 없음,,,작년 성장률 전망치를 2.2%로 6개월 전(2.6%)에 비해 0.4%포인트 낮춰 잡은 것도 정국 불안에 따른 불확실성을 감안한 점이 일부 영향을 미쳤다고 김 차관은 전했다.
A0023-SPED919A3F82,A0023-SPED919A3F82-m3,성장률 전망치의 변화,재정·조세,-,0.4,%,%,rate,rate_change,unspecified,증감률,증감값,KOSIS_VALUE,2025,Y,전년,2024,5,386,,ALTERNATE,NOT_TOP_TABLE,후순위 통계표 후보,변화,hybrid,170,Y,,,0.38607594936708856,,,395,DT_395N_S2024216,기후변화가 기업활동에 미친 영향 유무: 기상이변의 영향,2003024,한국기업혁신조사 > 2025년도 조사(서비스 부문) > 기후변화가 기업활동에 미친 영향 > 기후변화가 기업 활동에 미친 영향 유무,meta_index 없음 또는 코드명 매칭 없음,,,,,,,,,,,,,,,,,,,,,,,,,,,,,,,,,,,,,,,,,,,,,meta 없음,,,작년 성장률 전망치를 2.2%로 6개월 전(2.6%)에 비해 0.4%포인트 낮춰 잡은 것도 정국 불안에 따른 불확실성을 감안한 점이 일부 영향을 미쳤다고 김 차관은 전했다.
A0023-SPC9A6E7ED48,A0023-SPC9A6E7ED48-m1,예산안의 경제성장률 영향,재정·조세,-,0.06,%,%,rate,level,unspecified,비중,현재값,KOSIS_VALUE,2025,Y,전년,,1,647,631,TABLE_ONLY,META_NOT_LOADED,통계표 메타 조회 전 후보,영향,hybrid+reranker,170,Y,0.6356865167617798,0.35398629307746887,0.804861111111111,,,395,DT_395N_S2024199,정부 규제별 혁신 영향 유무: 근로(고용/노동) 기준과 규제,2003024,한국기업혁신조사 > 2025년도 조사(서비스 부문) >  정부 규제별 혁신 영향 > 정부 규제별 혁신 영향 유무,meta_index 없음 또는 코드명 매칭 없음,,,,,,,,,,,,,,,,,,,,,,,,,,,,,,,,,,,,,,,,,,,,,meta 없음,,,이창용 한국은행 총재도 같은 달 17일 국회 기획재정위원회 현안질의에서 “현재 통과된 예산안은 경제(성장률)에 마이너스(-) 0.06%포인트정도 영향이 있다”고 말했었다.
A0023-SPC9A6E7ED48,A0023-SPC9A6E7ED48-m1,예산안의 경제성장률 영향,재정·조세,-,0.06,%,%,rate,level,unspecified,비중,현재값,KOSIS_VALUE,2025,Y,전년,,2,631,,ALTERNATE,NOT_TOP_TABLE,후순위 통계표 후보,영향,hybrid+reranker,170,Y,0.6421341896057129,0.20497773587703705,0.8606701940035273,,,395,DT_395N_S2024195,정부 규제별 혁신 영향 유무: 금융 시장 규제와 은산분리,2003024,한국기업혁신조사 > 2025년도 조사(서비스 부문) >  정부 규제별 혁신 영향 > 정부 규제별 혁신 영향 유무,meta_index 없음 또는 코드명 매칭 없음,,,,,,,,,,,,,,,,,,,,,,,,,,,,,,,,,,,,,,,,,,,,,meta 없음,,,이창용 한국은행 총재도 같은 달 17일 국회 기획재정위원회 현안질의에서 “현재 통과된 예산안은 경제(성장률)에 마이너스(-) 0.06%포인트정도 영향이 있다”고 말했었다.
A0023-SPC9A6E7ED48,A0023-SPC9A6E7ED48-m1,예산안의 경제성장률 영향,재정·조세,-,0.06,%,%,rate,level,unspecified,비중,현재값,KOSIS_VALUE,2025,Y,전년,,3,589,,ALTERNATE,NOT_TOP_TABLE,후순위 통계표 후보,영향,hybrid+reranker,170,Y,0.6444610357284546,0.15469497442245483,0.8234572230014024,,,395,DT_395N_S2023195,정부 규제별 혁신 영향 정도 여부: 금융 시장 규제와 은산분리,2003024,한국기업혁신조사 > 2024년도 조사(제조업 부문) > 정부 규제별 혁신 영향 > 정부 규제별 혁신 영향 정도 여부,meta_index 없음 또는 코드명 매칭 없음,,,,,,,,,,,,,,,,,,,,,,,,,,,,,,,,,,,,,,,,,,,,,meta 없음,,,이창용 한국은행 총재도 같은 달 17일 국회 기획재정위원회 현안질의에서 “현재 통과된 예산안은 경제(성장률)에 마이너스(-) 0.06%포인트정도 영향이 있다”고 말했었다.
A0023-SPC9A6E7ED48,A0023-SPC9A6E7ED48-m1,예산안의 경제성장률 영향,재정·조세,-,0.06,%,%,rate,level,unspecified,비중,현재값,KOSIS_VALUE,2025,Y,전년,,4,577,,ALTERNATE,NOT_TOP_TABLE,후순위 통계표 후보,영향,hybrid+reranker,170,Y,0.6354146599769592,0.2514638304710388,0.7529730543429174,,,395,DT_395N_S2023199,정부 규제별 혁신 영향 정도 여부: 근로(고용/노동) 기준과 규제,2003024,한국기업혁신조사 > 2024년도 조사(제조업 부문) > 정부 규제별 혁신 영향 > 정부 규제별 혁신 영향 정도 여부,meta_index 없음 또는 코드명 매칭 없음,,,,,,,,,,,,,,,,,,,,,,,,,,,,,,,,,,,,,,,,,,,,,meta 없음,,,이창용 한국은행 총재도 같은 달 17일 국회 기획재정위원회 현안질의에서 “현재 통과된 예산안은 경제(성장률)에 마이너스(-) 0.06%포인트정도 영향이 있다”고 말했었다.
A0023-SPC9A6E7ED48,A0023-SPC9A6E7ED48-m1,예산안의 경제성장률 영향,재정·조세,-,0.06,%,%,rate,level,unspecified,비중,현재값,KOSIS_VALUE,2025,Y,전년,,5,561,,ALTERNATE,NOT_TOP_TABLE,후순위 통계표 후보,영향,hybrid+reranker,170,Y,0.6466814279556274,0.1463310569524765,0.7850467289719625,,,395,DT_395N_S2023206,정부 규제별 혁신 영향 정도: 금융 시장 규제와 은산분리,2003024,한국기업혁신조사 > 2024년도 조사(제조업 부문) > 정부 규제별 혁신 영향 > 정부 규제별 혁신 영향 정도,meta_index 없음 또는 코드명 매칭 없음,,,,,,,,,,,,,,,,,,,,,,,,,,,,,,,,,,,,,,,,,,,,,meta 없음,,,이창용 한국은행 총재도 같은 달 17일 국회 기획재정위원회 현안질의에서 “현재 통과된 예산안은 경제(성장률)에 마이너스(-) 0.06%포인트정도 영향이 있다”고 말했었다.
A0023-SPE3405D9C32,A0023-SPE3405D9C32-m1,산업생산지수,생산·산업,-,0.4,%,%,rate,rate_change,unspecified,증감률,증감률,KOSIS_VALUE,202409,M,전월,202408,1,746,505,TABLE_ONLY,META_NOT_LOADED,통계표 메타 조회 전 후보,"생산,산업생산지수,산업",hybrid+reranker,296,Y,0.6571058630943298,0.5271339416503906,0.863095238095238,,,101,DT_1JH20202,전산업생산지수(계절조정지수),2011011,전산업생산지수,meta_index 없음 또는 코드명 매칭 없음,,,,,,,,,,,,,,,,,,,,,,,,,,,,,,,,,,,,,,,,,,,,,meta 없음,,,"지난달 30일 발표된 통계청의 ‘11월 산업활동동향’에 따르면, 생산은 작년 9월(-0.4%)·10월(-0.2%)·11월(-0.4%) 등 3개월 연속으로 전월 대비 감소했다."
A0023-SPE3405D9C32,A0023-SPE3405D9C32-m1,산업생산지수,생산·산업,-,0.4,%,%,rate,rate_change,unspecified,증감률,증감률,KOSIS_VALUE,202409,M,전월,202408,2,505,,ALTERNATE,NOT_TOP_TABLE,후순위 통계표 후보,"생산,산업생산지수,산업",hybrid+reranker,296,Y,,0.5291417241096497,0.4919354838709677,,,101,DT_1JH20201,전산업생산지수(원지수),2011011,전산업생산지수,meta_index 없음 또는 코드명 매칭 없음,,,,,,,,,,,,,,,,,,,,,,,,,,,,,,,,,,,,,,,,,,,,,meta 없음,,,"지난달 30일 발표된 통계청의 ‘11월 산업활동동향’에 따르면, 생산은 작년 9월(-0.4%)·10월(-0.2%)·11월(-0.4%) 등 3개월 연속으로 전월 대비 감소했다."
A0023-SPE3405D9C32,A0023-SPE3405D9C32-m1,산업생산지수,생산·산업,-,0.4,%,%,rate,rate_change,unspecified,증감률,증감률,KOSIS_VALUE,202409,M,전월,202408,3,517,,ALTERNATE,NOT_TOP_TABLE,후순위 통계표 후보,산업,hybrid+reranker,-440,N,0.6708715558052063,0.5474035739898682,0.5,,,101,DT_2KI2007_11,"산업소분류별/종사자규모별/정기휴무일수별 사업체수, 연간 영업개월수",2010012,경제총조사 > 등록기반 > 11차 개정 > 2020년 > 전국편,meta_index 없음 또는 코드명 매칭 없음,,,,,,,,,,,,,,,,,,,,,,,,,,,,,,,,,,,,,,,,,,,,,meta 없음,,,"지난달 30일 발표된 통계청의 ‘11월 산업활동동향’에 따르면, 생산은 작년 9월(-0.4%)·10월(-0.2%)·11월(-0.4%) 등 3개월 연속으로 전월 대비 감소했다."
A0023-SPE3405D9C32,A0023-SPE3405D9C32-m1,산업생산지수,생산·산업,-,0.4,%,%,rate,rate_change,unspecified,증감률,증감률,KOSIS_VALUE,202409,M,전월,202408,4,486,,ALTERNATE,NOT_TOP_TABLE,후순위 통계표 후보,"생산,산업",hybrid+reranker,-414,N,0.6584941744804382,0.6613763570785522,0.39102564102564097,,,136,TX_136_2009_H2241,최근 3년간 생산량 및 소득 변화 및 소득 감소 이유,2001010,임업경영실태조사 > 2019년이전 > 닥·삼지닥 생산업 > 경영의사 > 2007년,meta_index 없음 또는 코드명 매칭 없음,,,,,,,,,,,,,,,,,,,,,,,,,,,,,,,,,,,,,,,,,,,,,meta 없음,,,"지난달 30일 발표된 통계청의 ‘11월 산업활동동향’에 따르면, 생산은 작년 9월(-0.4%)·10월(-0.2%)·11월(-0.4%) 등 3개월 연속으로 전월 대비 감소했다."
A0023-SPE3405D9C32,A0023-SPE3405D9C32-m1,산업생산지수,생산·산업,-,0.4,%,%,rate,rate_change,unspecified,증감률,증감률,KOSIS_VALUE,202409,M,전월,202408,5,464,,ALTERNATE,NOT_TOP_TABLE,후순위 통계표 후보,산업,hybrid+reranker,-440,N,0.6613108515739441,0.5172508955001831,0.43571428571428567,,,101,DT_2KI2008_11,"산업소분류별/조직형태별/정기휴무일수별 사업체수, 연간 영업개월수",2010012,경제총조사 > 등록기반 > 11차 개정 > 2020년 > 전국편,meta_index 없음 또는 코드명 매칭 없음,,,,,,,,,,,,,,,,,,,,,,,,,,,,,,,,,,,,,,,,,,,,,meta 없음,,,"지난달 30일 발표된 통계청의 ‘11월 산업활동동향’에 따르면, 생산은 작년 9월(-0.4%)·10월(-0.2%)·11월(-0.4%) 등 3개월 연속으로 전월 대비 감소했다."
A0023-SPE3405D9C32,A0023-SPE3405D9C32-m2,산업생산지수,생산·산업,-,0.2,%,%,rate,rate_change,unspecified,증감률,증감률,KOSIS_VALUE,202410,M,전월,202409,1,727,500,TABLE_ONLY,META_NOT_LOADED,통계표 메타 조회 전 후보,"생산,산업생산지수,산업",hybrid+reranker,296,Y,0.6547043323516846,0.5123113989830017,0.8426966292134831,,,101,DT_1JH20202,전산업생산지수(계절조정지수),2011011,전산업생산지수,meta_index 없음 또는 코드명 매칭 없음,,,,,,,,,,,,,,,,,,,,,,,,,,,,,,,,,,,,,,,,,,,,,meta 없음,,,"지난달 30일 발표된 통계청의 ‘11월 산업활동동향’에 따르면, 생산은 작년 9월(-0.4%)·10월(-0.2%)·11월(-0.4%) 등 3개월 연속으로 전월 대비 감소했다."
A0023-SPE3405D9C32,A0023-SPE3405D9C32-m2,산업생산지수,생산·산업,-,0.2,%,%,rate,rate_change,unspecified,증감률,증감률,KOSIS_VALUE,202410,M,전월,202409,2,500,,ALTERNATE,NOT_TOP_TABLE,후순위 통계표 후보,"생산,산업생산지수,산업",hybrid+reranker,296,Y,,0.5160315036773682,0.4919354838709677,,,101,DT_1JH20201,전산업생산지수(원지수),2011011,전산업생산지수,meta_index 없음 또는 코드명 매칭 없음,,,,,,,,,,,,,,,,,,,,,,,,,,,,,,,,,,,,,,,,,,,,,meta 없음,,,"지난달 30일 발표된 통계청의 ‘11월 산업활동동향’에 따르면, 생산은 작년 9월(-0.4%)·10월(-0.2%)·11월(-0.4%) 등 3개월 연속으로 전월 대비 감소했다."
A0023-SPE3405D9C32,A0023-SPE3405D9C32-m2,산업생산지수,생산·산업,-,0.2,%,%,rate,rate_change,unspecified,증감률,증감률,KOSIS_VALUE,202410,M,전월,202409,3,509,,ALTERNATE,NOT_TOP_TABLE,후순위 통계표 후보,산업,hybrid+reranker,-440,N,0.6701359748840332,0.539923369884491,0.4919354838709677,,,101,DT_2KI2007_11,"산업소분류별/종사자규모별/정기휴무일수별 사업체수, 연간 영업개월수",2010012,경제총조사 > 등록기반 > 11차 개정 > 2020년 > 전국편,meta_index 없음 또는 코드명 매칭 없음,,,,,,,,,,,,,,,,,,,,,,,,,,,,,,,,,,,,,,,,,,,,,meta 없음,,,"지난달 30일 발표된 통계청의 ‘11월 산업활동동향’에 따르면, 생산은 작년 9월(-0.4%)·10월(-0.2%)·11월(-0.4%) 등 3개월 연속으로 전월 대비 감소했다."
A0023-SPE3405D9C32,A0023-SPE3405D9C32-m2,산업생산지수,생산·산업,-,0.2,%,%,rate,rate_change,unspecified,증감률,증감률,KOSIS_VALUE,202410,M,전월,202409,4,484,,ALTERNATE,NOT_TOP_TABLE,후순위 통계표 후보,"생산,산업",hybrid+reranker,-414,N,0.658277153968811,0.6671476364135742,0.38607594936708856,,,136,TX_136_2009_H2241,최근 3년간 생산량 및 소득 변화 및 소득 감소 이유,2001010,임업경영실태조사 > 2019년이전 > 닥·삼지닥 생산업 > 경영의사 > 2007년,meta_index 없음 또는 코드명 매칭 없음,,,,,,,,,,,,,,,,,,,,,,,,,,,,,,,,,,,,,,,,,,,,,meta 없음,,,"지난달 30일 발표된 통계청의 ‘11월 산업활동동향’에 따르면, 생산은 작년 9월(-0.4%)·10월(-0.2%)·11월(-0.4%) 등 3개월 연속으로 전월 대비 감소했다."
A0023-SPE3405D9C32,A0023-SPE3405D9C32-m2,산업생산지수,생산·산업,-,0.2,%,%,rate,rate_change,unspecified,증감률,증감률,KOSIS_VALUE,202410,M,전월,202409,5,456,,ALTERNATE,NOT_TOP_TABLE,후순위 통계표 후보,산업,hybrid+reranker,-440,N,0.6605019569396973,0.5148957967758179,0.42361111111111105,,,101,DT_2KI2008_11,"산업소분류별/조직형태별/정기휴무일수별 사업체수, 연간 영업개월수",2010012,경제총조사 > 등록기반 > 11차 개정 > 2020년 > 전국편,meta_index 없음 또는 코드명 매칭 없음,,,,,,,,,,,,,,,,,,,,,,,,,,,,,,,,,,,,,,,,,,,,,meta 없음,,,"지난달 30일 발표된 통계청의 ‘11월 산업활동동향’에 따르면, 생산은 작년 9월(-0.4%)·10월(-0.2%)·11월(-0.4%) 등 3개월 연속으로 전월 대비 감소했다."
A0023-SP5A84C92CFD,A0023-SP5A84C92CFD-m1,소매판매 증감률,소매·소비,-,1.9,%,%,rate,rate_change,unspecified,증감률,현재값,KOSIS_VALUE,202411,M,전년동기,202311,1,899,848,TABLE_ONLY,META_NOT_LOADED,통계표 메타 조회 전 후보,"소매,판매,소매판매,서비스",hybrid+reranker,212,Y,0.6747763752937317,0.7550956010818481,0.9760624679979518,,,101,DT_1K41003,소매업태별 판매액,1999001,서비스업동향조사 > 소매판매통계 > 소매판매액,meta_index 없음 또는 코드명 매칭 없음,,,,,,,,,,,,,,,,,,,,,,,,,,,,,,,,,,,,,,,,,,,,,meta 없음,,,다만 11월 소매판매는 전년 동월과 비교하면 1.9% 줄어 부진한 흐름을 이어갔다.
A0023-SP5A84C92CFD,A0023-SP5A84C92CFD-m1,소매판매 증감률,소매·소비,-,1.9,%,%,rate,rate_change,unspecified,증감률,현재값,KOSIS_VALUE,202411,M,전년동기,202311,2,848,,ALTERNATE,NOT_TOP_TABLE,후순위 통계표 후보,"판매,소매판매,소매,서비스",hybrid+reranker,192,Y,0.662589430809021,0.7021217346191406,0.9261559696342305,,,101,DT_1K41002,재별 및 상품군별 판매액,1999001,서비스업동향조사 > 소매판매통계 > 소매판매액,meta_index 없음 또는 코드명 매칭 없음,,,,,,,,,,,,,,,,,,,,,,,,,,,,,,,,,,,,,,,,,,,,,meta 없음,,,다만 11월 소매판매는 전년 동월과 비교하면 1.9% 줄어 부진한 흐름을 이어갔다.
A0023-SP5A84C92CFD,A0023-SP5A84C92CFD-m1,소매판매 증감률,소매·소비,-,1.9,%,%,rate,rate_change,unspecified,증감률,현재값,KOSIS_VALUE,202411,M,전년동기,202311,3,788,,ALTERNATE,NOT_TOP_TABLE,후순위 통계표 후보,"소매,판매,소매판매,서비스",hybrid+reranker,212,Y,0.6467915773391724,0.6860546469688416,0.8426966292134831,,,101,DT_1K41005,17개 시도별 대형소매점 판매액,1999001,서비스업동향조사 > 소매판매통계 > 소매판매액,meta_index 없음 또는 코드명 매칭 없음,,,,,,,,,,,,,,,,,,,,,,,,,,,,,,,,,,,,,,,,,,,,,meta 없음,,,다만 11월 소매판매는 전년 동월과 비교하면 1.9% 줄어 부진한 흐름을 이어갔다.
A0023-SP5A84C92CFD,A0023-SP5A84C92CFD-m1,소매판매 증감률,소매·소비,-,1.9,%,%,rate,rate_change,unspecified,증감률,현재값,KOSIS_VALUE,202411,M,전년동기,202311,4,624,,ALTERNATE,NOT_TOP_TABLE,후순위 통계표 후보,"소매,판매,소매판매,서비스",hybrid+reranker,-88,N,0.689220666885376,0.8541562557220459,0.5,,,101,DT_1K41013,소매업태별 판매액지수(2020=100.0),1999001,서비스업동향조사 > 소매판매통계 > 소매판매액지수,meta_index 없음 또는 코드명 매칭 없음,,,,,,,,,,,,,,,,,,,,,,,,,,,,,,,,,,,,,,,,,,,,,meta 없음,,,다만 11월 소매판매는 전년 동월과 비교하면 1.9% 줄어 부진한 흐름을 이어갔다.
A0023-SP5A84C92CFD,A0023-SP5A84C92CFD-m1,소매판매 증감률,소매·소비,-,1.9,%,%,rate,rate_change,unspecified,증감률,현재값,KOSIS_VALUE,202411,M,전년동기,202311,5,609,,ALTERNATE,NOT_TOP_TABLE,후순위 통계표 후보,"소매판매,소매,판매,서비스",hybrid+reranker,-40,N,0.6731137633323669,0.8541562557220459,0.4765625,,,101,DT_1K41012,재별 및 상품군별 소매판매액지수(2020=100.0),1999001,서비스업동향조사 > 소매판매통계 > 소매판매액지수,meta_index 없음 또는 코드명 매칭 없음,,,,,,,,,,,,,,,,,,,,,,,,,,,,,,,,,,,,,,,,,,,,,meta 없음,,,다만 11월 소매판매는 전년 동월과 비교하면 1.9% 줄어 부진한 흐름을 이어갔다.
A0023-SP92101A37A4,A0023-SP92101A37A4-m1,소비자 물가 상승률,물가,-,1.8,%,%,rate,rate_change,unspecified,증감률,현재값,KOSIS_VALUE,2025,Y,전년,2024,1,950,949,TABLE_ONLY,META_NOT_LOADED,통계표 메타 조회 전 후보,"물가,소비자,소비자물가",hybrid+reranker,280,Y,0.6575151681900024,0.966092050075531,0.9420289855072463,,,101,DT_1J22041,연도별 소비자물가 등락률,1964001,소비자물가조사,meta_index 없음 또는 코드명 매칭 없음,,,,,,,,,,,,,,,,,,,,,,,,,,,,,,,,,,,,,,,,,,,,,meta 없음,,,"◇물가 상승률 전망도 물가안정 목표 밑돌아 정부는 올해 소비자 물가 상승률도 1.8%로 전망해, 6개월 전 전망치(2.1%)보다 0.3%포인트 낮춰잡았다."
A0023-SP92101A37A4,A0023-SP92101A37A4-m1,소비자 물가 상승률,물가,-,1.8,%,%,rate,rate_change,unspecified,증감률,현재값,KOSIS_VALUE,2025,Y,전년,2024,2,949,,ALTERNATE,NOT_TOP_TABLE,후순위 통계표 후보,"물가,소비자,소비자물가",hybrid+reranker,280,Y,0.6581118702888489,0.9523086547851562,0.9471593644679827,,,101,DT_1J22042,월별 소비자물가 등락률,1964001,소비자물가조사,meta_index 없음 또는 코드명 매칭 없음,,,,,,,,,,,,,,,,,,,,,,,,,,,,,,,,,,,,,,,,,,,,,meta 없음,,,"◇물가 상승률 전망도 물가안정 목표 밑돌아 정부는 올해 소비자 물가 상승률도 1.8%로 전망해, 6개월 전 전망치(2.1%)보다 0.3%포인트 낮춰잡았다."
A0023-SP92101A37A4,A0023-SP92101A37A4-m1,소비자 물가 상승률,물가,-,1.8,%,%,rate,rate_change,unspecified,증감률,현재값,KOSIS_VALUE,2025,Y,전년,2024,3,577,,ALTERNATE,NOT_TOP_TABLE,후순위 통계표 후보,"전국,소비자",hybrid+reranker,170,Y,0.6511902809143066,0.8818185925483704,0.41216216216216217,,,301,DT_511Y003,"기대인플레이션율(전국, 월)",1998023,소비자동향조사,meta_index 없음 또는 코드명 매칭 없음,,,,,,,,,,,,,,,,,,,,,,,,,,,,,,,,,,,,,,,,,,,,,meta 없음,,,"◇물가 상승률 전망도 물가안정 목표 밑돌아 정부는 올해 소비자 물가 상승률도 1.8%로 전망해, 6개월 전 전망치(2.1%)보다 0.3%포인트 낮춰잡았다."
A0023-SP92101A37A4,A0023-SP92101A37A4-m1,소비자 물가 상승률,물가,-,1.8,%,%,rate,rate_change,unspecified,증감률,현재값,KOSIS_VALUE,2025,Y,전년,2024,4,456,,ALTERNATE,NOT_TOP_TABLE,후순위 통계표 후보,물가,hybrid+reranker,152,Y,,0.4935268461704254,0.43571428571428567,,,146,DT_MLTM_5002733,"제품별, 시도(시군구)별 생산량 및 생산액",1971004,수산물가공업통계,meta_index 없음 또는 코드명 매칭 없음,,,,,,,,,,,,,,,,,,,,,,,,,,,,,,,,,,,,,,,,,,,,,meta 없음,,,"◇물가 상승률 전망도 물가안정 목표 밑돌아 정부는 올해 소비자 물가 상승률도 1.8%로 전망해, 6개월 전 전망치(2.1%)보다 0.3%포인트 낮춰잡았다."
A0023-SP92101A37A4,A0023-SP92101A37A4-m1,소비자 물가 상승률,물가,-,1.8,%,%,rate,rate_change,unspecified,증감률,현재값,KOSIS_VALUE,2025,Y,전년,2024,5,451,,ALTERNATE,NOT_TOP_TABLE,후순위 통계표 후보,물가,hybrid+reranker,152,Y,,0.4901745915412903,0.4295774647887324,,,146,DT_MLTM_5003026,"제품별, 시도(시군구)별 업체수 및 종사자수",1971004,수산물가공업통계,meta_index 없음 또는 코드명 매칭 없음,,,,,,,,,,,,,,,,,,,,,,,,,,,,,,,,,,,,,,,,,,,,,meta 없음,,,"◇물가 상승률 전망도 물가안정 목표 밑돌아 정부는 올해 소비자 물가 상승률도 1.8%로 전망해, 6개월 전 전망치(2.1%)보다 0.3%포인트 낮춰잡았다."
A0023-SP92101A37A4,A0023-SP92101A37A4-m3,소비자 물가 상승률 변화폭,물가,-,0.3,%,%,rate,rate_change,unspecified,증감률,증감값,KOSIS_VALUE,2025,Y,전년,2024,1,914,902,TABLE_ONLY,META_NOT_LOADED,통계표 메타 조회 전 후보,"물가,소비자,소비자물가",hybrid+reranker,280,Y,0.6466681361198425,0.9222025275230408,0.9097437030490498,,,101,DT_1J22042,월별 소비자물가 등락률,1964001,소비자물가조사,meta_index 없음 또는 코드명 매칭 없음,,,,,,,,,,,,,,,,,,,,,,,,,,,,,,,,,,,,,,,,,,,,,meta 없음,,,"◇물가 상승률 전망도 물가안정 목표 밑돌아 정부는 올해 소비자 물가 상승률도 1.8%로 전망해, 6개월 전 전망치(2.1%)보다 0.3%포인트 낮춰잡았다."
A0023-SP92101A37A4,A0023-SP92101A37A4-m3,소비자 물가 상승률 변화폭,물가,-,0.3,%,%,rate,rate_change,unspecified,증감률,증감값,KOSIS_VALUE,2025,Y,전년,2024,2,902,,ALTERNATE,NOT_TOP_TABLE,후순위 통계표 후보,"물가,소비자,소비자물가",hybrid+reranker,280,Y,0.6429848074913025,0.9491062164306641,0.8765432098765432,,,101,DT_1J22041,연도별 소비자물가 등락률,1964001,소비자물가조사,meta_index 없음 또는 코드명 매칭 없음,,,,,,,,,,,,,,,,,,,,,,,,,,,,,,,,,,,,,,,,,,,,,meta 없음,,,"◇물가 상승률 전망도 물가안정 목표 밑돌아 정부는 올해 소비자 물가 상승률도 1.8%로 전망해, 6개월 전 전망치(2.1%)보다 0.3%포인트 낮춰잡았다."
A0023-SP92101A37A4,A0023-SP92101A37A4-m3,소비자 물가 상승률 변화폭,물가,-,0.3,%,%,rate,rate_change,unspecified,증감률,증감값,KOSIS_VALUE,2025,Y,전년,2024,3,537,,ALTERNATE,NOT_TOP_TABLE,후순위 통계표 후보,"전국,소비자",hybrid+reranker,170,Y,0.6433807611465454,0.8269913792610168,0.38125,,,301,DT_511Y003,"기대인플레이션율(전국, 월)",1998023,소비자동향조사,meta_index 없음 또는 코드명 매칭 없음,,,,,,,,,,,,,,,,,,,,,,,,,,,,,,,,,,,,,,,,,,,,,meta 없음,,,"◇물가 상승률 전망도 물가안정 목표 밑돌아 정부는 올해 소비자 물가 상승률도 1.8%로 전망해, 6개월 전 전망치(2.1%)보다 0.3%포인트 낮춰잡았다."
A0023-SP92101A37A4,A0023-SP92101A37A4-m3,소비자 물가 상승률 변화폭,물가,-,0.3,%,%,rate,rate_change,unspecified,증감률,증감값,KOSIS_VALUE,2025,Y,전년,2024,4,442,,ALTERNATE,NOT_TOP_TABLE,후순위 통계표 후보,물가,hybrid+reranker,152,Y,,0.46529632806777954,0.4295774647887324,,,146,DT_MLTM_5003026,"제품별, 시도(시군구)별 업체수 및 종사자수",1971004,수산물가공업통계,meta_index 없음 또는 코드명 매칭 없음,,,,,,,,,,,,,,,,,,,,,,,,,,,,,,,,,,,,,,,,,,,,,meta 없음,,,"◇물가 상승률 전망도 물가안정 목표 밑돌아 정부는 올해 소비자 물가 상승률도 1.8%로 전망해, 6개월 전 전망치(2.1%)보다 0.3%포인트 낮춰잡았다."
A0023-SP92101A37A4,A0023-SP92101A37A4-m3,소비자 물가 상승률 변화폭,물가,-,0.3,%,%,rate,rate_change,unspecified,증감률,증감값,KOSIS_VALUE,2025,Y,전년,2024,5,418,,ALTERNATE,NOT_TOP_TABLE,후순위 통계표 후보,물가,hybrid+reranker,152,Y,,0.38404548168182373,0.43571428571428567,,,146,DT_MLTM_5002733,"제품별, 시도(시군구)별 생산량 및 생산액",1971004,수산물가공업통계,meta_index 없음 또는 코드명 매칭 없음,,,,,,,,,,,,,,,,,,,,,,,,,,,,,,,,,,,,,,,,,,,,,meta 없음,,,"◇물가 상승률 전망도 물가안정 목표 밑돌아 정부는 올해 소비자 물가 상승률도 1.8%로 전망해, 6개월 전 전망치(2.1%)보다 0.3%포인트 낮춰잡았다."
A0023-SPCF2549D440,A0023-SPCF2549D440-m1,경제성장률,재정·조세,-,1.9,%,%,rate,level,unspecified,수준값,현재값,KOSIS_VALUE,2025,Y,전년,,1,445,395,TABLE_ONLY,META_NOT_LOADED,통계표 메타 조회 전 후보,,hybrid+reranker,-460,N,0.6718394756317139,0.34224167466163635,0.5,,,301,DT_200Y124,"경제활동별 성장기여도(원계열, 실질, 분기 및 연간)",1976017,국민계정 > 국민계정(2020년기준) > GDP에 대한 성장기여도,meta_index 없음 또는 코드명 매칭 없음,,,,,,,,,,,,,,,,,,,,,,,,,,,,,,,,,,,,,,,,,,,,,meta 없음,,,작년 11월말 한국은행 전망치(1.9%)보다도 0.1%포인트 낮다.
A0023-SPCF2549D440,A0023-SPCF2549D440-m1,경제성장률,재정·조세,-,1.9,%,%,rate,level,unspecified,수준값,현재값,KOSIS_VALUE,2025,Y,전년,,2,395,,ALTERNATE,NOT_TOP_TABLE,후순위 통계표 후보,,hybrid+reranker,-460,N,0.6674773693084717,0.2575782835483551,0.46923076923076923,,,301,DT_200Y123,"경제활동별 성장기여도(계절조정, 실질, 분기)",1976017,국민계정 > 국민계정(2020년기준) > GDP에 대한 성장기여도,meta_index 없음 또는 코드명 매칭 없음,,,,,,,,,,,,,,,,,,,,,,,,,,,,,,,,,,,,,,,,,,,,,meta 없음,,,작년 11월말 한국은행 전망치(1.9%)보다도 0.1%포인트 낮다.
A0023-SPCF2549D440,A0023-SPCF2549D440-m1,경제성장률,재정·조세,-,1.9,%,%,rate,level,unspecified,수준값,현재값,KOSIS_VALUE,2025,Y,전년,,3,367,,ALTERNATE,NOT_TOP_TABLE,후순위 통계표 후보,,hybrid,-460,N,0.6551152467727661,,0.3674698795180723,,,395,DT_395N_I2021296,수출액 수준: 2019년,2003024,한국기업혁신조사 > 2022년도 조사(제조업 부문) > 매출액 및 수출액 수준,meta_index 없음 또는 코드명 매칭 없음,,,,,,,,,,,,,,,,,,,,,,,,,,,,,,,,,,,,,,,,,,,,,meta 없음,,,작년 11월말 한국은행 전망치(1.9%)보다도 0.1%포인트 낮다.
A0023-SPCF2549D440,A0023-SPCF2549D440-m1,경제성장률,재정·조세,-,1.9,%,%,rate,level,unspecified,수준값,현재값,KOSIS_VALUE,2025,Y,전년,,4,366,,ALTERNATE,NOT_TOP_TABLE,후순위 통계표 후보,,hybrid+reranker,-460,N,0.6682517528533936,0.1457221657037735,0.4841269841269841,,,301,DT_200Y126,"지출항목별 성장기여도(원계열, 실질, 분기 및 연간)",1976017,국민계정 > 국민계정(2020년기준) > GDP에 대한 성장기여도,meta_index 없음 또는 코드명 매칭 없음,,,,,,,,,,,,,,,,,,,,,,,,,,,,,,,,,,,,,,,,,,,,,meta 없음,,,작년 11월말 한국은행 전망치(1.9%)보다도 0.1%포인트 낮다.
A0023-SPCF2549D440,A0023-SPCF2549D440-m1,경제성장률,재정·조세,-,1.9,%,%,rate,level,unspecified,수준값,현재값,KOSIS_VALUE,2025,Y,전년,,5,363,,ALTERNATE,NOT_TOP_TABLE,후순위 통계표 후보,,hybrid,-460,N,0.6545720100402832,,0.3630952380952381,,,395,DT_395N_S2022298,수출액 수준: 2020년,2003024,한국기업혁신조사 > 2023년도 조사(서비스 부문) > 매출액 및 수출액 수준,meta_index 없음 또는 코드명 매칭 없음,,,,,,,,,,,,,,,,,,,,,,,,,,,,,,,,,,,,,,,,,,,,,meta 없음,,,작년 11월말 한국은행 전망치(1.9%)보다도 0.1%포인트 낮다.
A0023-SPCF2549D440,A0023-SPCF2549D440-m2,경제성장률 차이,재정·조세,-,0.1,%,%,rate,rate_change,unspecified,증감률,현재값,KOSIS_VALUE,2025,Y,전년동월,2024,1,377,372,TABLE_ONLY,META_NOT_LOADED,통계표 메타 조회 전 후보,차이,hybrid,160,Y,,,0.37654320987654316,,,101,DT_2FC004F,한국 입국 전후 보수차이별 임금근로자(이민자),2012012,이민자체류실태및고용조사 > 이민자체류실태및고용조사(상주인구기준) > 임금근로자,meta_index 없음 또는 코드명 매칭 없음,,,,,,,,,,,,,,,,,,,,,,,,,,,,,,,,,,,,,,,,,,,,,meta 없음,,,작년 11월말 한국은행 전망치(1.9%)보다도 0.1%포인트 낮다.
A0023-SPCF2549D440,A0023-SPCF2549D440-m2,경제성장률 차이,재정·조세,-,0.1,%,%,rate,rate_change,unspecified,증감률,현재값,KOSIS_VALUE,2025,Y,전년동월,2024,2,372,,ALTERNATE,NOT_TOP_TABLE,후순위 통계표 후보,차이,hybrid,150,Y,,,0.3719512195121951,,,101,DT_FR0006,주요 업종/정기휴무일수별 사업체수,2019008,프랜차이즈통계 > 조사통계,meta_index 없음 또는 코드명 매칭 없음,,,,,,,,,,,,,,,,,,,,,,,,,,,,,,,,,,,,,,,,,,,,,meta 없음,,,작년 11월말 한국은행 전망치(1.9%)보다도 0.1%포인트 낮다.
A0023-SPCF2549D440,A0023-SPCF2549D440-m2,경제성장률 차이,재정·조세,-,0.1,%,%,rate,rate_change,unspecified,증감률,현재값,KOSIS_VALUE,2025,Y,전년동월,2024,3,367,,ALTERNATE,NOT_TOP_TABLE,후순위 통계표 후보,차이,hybrid,150,Y,,,0.3674698795180723,,,101,DT_FR0005,주요 업종별 가맹점 여부별 현황,2019008,프랜차이즈통계 > 가공통계,meta_index 없음 또는 코드명 매칭 없음,,,,,,,,,,,,,,,,,,,,,,,,,,,,,,,,,,,,,,,,,,,,,meta 없음,,,작년 11월말 한국은행 전망치(1.9%)보다도 0.1%포인트 낮다.
A0023-SPCF2549D440,A0023-SPCF2549D440-m2,경제성장률 차이,재정·조세,-,0.1,%,%,rate,rate_change,unspecified,증감률,현재값,KOSIS_VALUE,2025,Y,전년동월,2024,4,363,,ALTERNATE,NOT_TOP_TABLE,후순위 통계표 후보,차이,hybrid,150,Y,,,0.3630952380952381,,,101,DT_FR0007,주요 업종별 가입비용 현황,2019008,프랜차이즈통계 > 가공통계,meta_index 없음 또는 코드명 매칭 없음,,,,,,,,,,,,,,,,,,,,,,,,,,,,,,,,,,,,,,,,,,,,,meta 없음,,,작년 11월말 한국은행 전망치(1.9%)보다도 0.1%포인트 낮다.
A0023-SPCF2549D440,A0023-SPCF2549D440-m2,경제성장률 차이,재정·조세,-,0.1,%,%,rate,rate_change,unspecified,증감률,현재값,KOSIS_VALUE,2025,Y,전년동월,2024,5,326,,ALTERNATE,NOT_TOP_TABLE,후순위 통계표 후보,차이,hybrid+reranker,170,Y,,0.0015548133524134755,0.5,,,101,DT_FR0002,소매 주요 업종별 매장면적별 프랜차이즈 사업체수,2019008,프랜차이즈통계 > 조사통계,meta_index 없음 또는 코드명 매칭 없음,,,,,,,,,,,,,,,,,,,,,,,,,,,,,,,,,,,,,,,,,,,,,meta 없음,,,작년 11월말 한국은행 전망치(1.9%)보다도 0.1%포인트 낮다.
A0023-SP7267A91177,A0023-SP7267A91177-m1,취업자 수,고용,-,120000,명,명,person_count,count,person,수준값,현재값,KOSIS_VALUE,2025,Y,전년,,1,465,436,TABLE_ONLY,META_NOT_LOADED,통계표 메타 조회 전 후보,"취업자,취업,고용",hybrid+reranker,216,Y,,0.40133580565452576,0.5,,,101,DT_2FB002F,(귀화 전)국적별 취업자(이민자),2012012,이민자체류실태및고용조사 > 이민자체류실태및고용조사(상주인구기준) > 취업자,meta_index 없음 또는 코드명 매칭 없음,,,,,,,,,,,,,,,,,,,,,,,,,,,,,,,,,,,,,,,,,,,,,meta 없음,,,저출산·고령화 장기화로 생산연령인구(15~64세)가 줄어드는 가운데 경기 부진세가 이어지면서 올해 취업자 수도 12만명 늘어나는 데 그칠 것으로 정부는 전망했다.
A0023-SP7267A91177,A0023-SP7267A91177-m1,취업자 수,고용,-,120000,명,명,person_count,count,person,수준값,현재값,KOSIS_VALUE,2025,Y,전년,,2,436,,ALTERNATE,NOT_TOP_TABLE,후순위 통계표 후보,"취업자,취업,고용",hybrid+reranker,216,Y,,0.3324187397956848,0.4919354838709677,,,101,DT_2FB003F,거주지역별 취업자(이민자),2012012,이민자체류실태및고용조사 > 이민자체류실태및고용조사(상주인구기준) > 취업자,meta_index 없음 또는 코드명 매칭 없음,,,,,,,,,,,,,,,,,,,,,,,,,,,,,,,,,,,,,,,,,,,,,meta 없음,,,저출산·고령화 장기화로 생산연령인구(15~64세)가 줄어드는 가운데 경기 부진세가 이어지면서 올해 취업자 수도 12만명 늘어나는 데 그칠 것으로 정부는 전망했다.
A0023-SP7267A91177,A0023-SP7267A91177-m1,취업자 수,고용,-,120000,명,명,person_count,count,person,수준값,현재값,KOSIS_VALUE,2025,Y,전년,,3,420,,ALTERNATE,NOT_TOP_TABLE,후순위 통계표 후보,"취업자,취업,고용",hybrid+reranker,216,Y,,0.34257152676582336,0.4621212121212121,,,101,DT_2FB009F,사업체 종사자 규모별 취업자(이민자),2012012,이민자체류실태및고용조사 > 이민자체류실태및고용조사(상주인구기준) > 취업자,meta_index 없음 또는 코드명 매칭 없음,,,,,,,,,,,,,,,,,,,,,,,,,,,,,,,,,,,,,,,,,,,,,meta 없음,,,저출산·고령화 장기화로 생산연령인구(15~64세)가 줄어드는 가운데 경기 부진세가 이어지면서 올해 취업자 수도 12만명 늘어나는 데 그칠 것으로 정부는 전망했다.
A0023-SP7267A91177,A0023-SP7267A91177-m1,취업자 수,고용,-,120000,명,명,person_count,count,person,수준값,현재값,KOSIS_VALUE,2025,Y,전년,,4,404,,ALTERNATE,NOT_TOP_TABLE,후순위 통계표 후보,"취업자,취업,고용",hybrid+reranker,216,Y,,0.270480215549469,0.4765625,,,101,DT_2FB010F,동일 직장 근속기간별 취업자(이민자),2012012,이민자체류실태및고용조사 > 이민자체류실태및고용조사(상주인구기준) > 취업자,meta_index 없음 또는 코드명 매칭 없음,,,,,,,,,,,,,,,,,,,,,,,,,,,,,,,,,,,,,,,,,,,,,meta 없음,,,저출산·고령화 장기화로 생산연령인구(15~64세)가 줄어드는 가운데 경기 부진세가 이어지면서 올해 취업자 수도 12만명 늘어나는 데 그칠 것으로 정부는 전망했다.
A0023-SP7267A91177,A0023-SP7267A91177-m1,취업자 수,고용,-,120000,명,명,person_count,count,person,수준값,현재값,KOSIS_VALUE,2025,Y,전년,,5,402,,ALTERNATE,NOT_TOP_TABLE,후순위 통계표 후보,"취업자,취업,고용",hybrid+reranker,216,Y,,0.24908174574375153,0.4841269841269841,,,101,DT_2FB011F,동일 직업 근무기간별 취업자(이민자),2012012,이민자체류실태및고용조사 > 이민자체류실태및고용조사(상주인구기준) > 취업자,meta_index 없음 또는 코드명 매칭 없음,,,,,,,,,,,,,,,,,,,,,,,,,,,,,,,,,,,,,,,,,,,,,meta 없음,,,저출산·고령화 장기화로 생산연령인구(15~64세)가 줄어드는 가운데 경기 부진세가 이어지면서 올해 취업자 수도 12만명 늘어나는 데 그칠 것으로 정부는 전망했다.
A0023-SP253B27241B,A0023-SP253B27241B-m1,성장률과 물가 상승률,기타,-,2,%,%,rate,rate_change,unspecified,증감률,증감률,KOSIS_VALUE,2020,Y,전년,2019,1,542,532,TABLE_ONLY,META_NOT_LOADED,통계표 메타 조회 전 후보,"물가,소비자물가",hybrid+reranker,206,Y,,0.7518303990364075,0.4295774647887324,,,101,DT_1J22006,자가주거비포함 소비자물가지수(2020=100),1964001,소비자물가조사,meta_index 없음 또는 코드명 매칭 없음,,,,,,,,,,,,,,,,,,,,,,,,,,,,,,,,,,,,,,,,,,,,,meta 없음,,,성장률과 물가 상승률이 모두 2%를 밑돈 경우는 2020년이 마지막이었다.
A0023-SP253B27241B,A0023-SP253B27241B-m1,성장률과 물가 상승률,기타,-,2,%,%,rate,rate_change,unspecified,증감률,증감률,KOSIS_VALUE,2020,Y,전년,2019,2,532,,ALTERNATE,NOT_TOP_TABLE,후순위 통계표 후보,"물가,소비자물가",hybrid+reranker,206,Y,,0.6473524570465088,0.46923076923076923,,,101,DT_1J22003,소비자물가지수(2020=100),1964001,소비자물가조사,meta_index 없음 또는 코드명 매칭 없음,,,,,,,,,,,,,,,,,,,,,,,,,,,,,,,,,,,,,,,,,,,,,meta 없음,,,성장률과 물가 상승률이 모두 2%를 밑돈 경우는 2020년이 마지막이었다.
A0023-SP253B27241B,A0023-SP253B27241B-m1,성장률과 물가 상승률,기타,-,2,%,%,rate,rate_change,unspecified,증감률,증감률,KOSIS_VALUE,2020,Y,전년,2019,3,523,,ALTERNATE,NOT_TOP_TABLE,후순위 통계표 후보,"물가,소비자물가",hybrid+reranker,206,Y,,0.6612669825553894,0.44852941176470584,,,101,DT_1J22136,"연도별 품목성질별 소비자물가지수(9개도, 39개시: 2020=100)",1964001,소비자물가조사,meta_index 없음 또는 코드명 매칭 없음,,,,,,,,,,,,,,,,,,,,,,,,,,,,,,,,,,,,,,,,,,,,,meta 없음,,,성장률과 물가 상승률이 모두 2%를 밑돈 경우는 2020년이 마지막이었다.
A0023-SP253B27241B,A0023-SP253B27241B-m1,성장률과 물가 상승률,기타,-,2,%,%,rate,rate_change,unspecified,증감률,증감률,KOSIS_VALUE,2020,Y,전년,2019,4,501,,ALTERNATE,NOT_TOP_TABLE,후순위 통계표 후보,"물가,소비자물가",hybrid+reranker,206,Y,,0.6102792620658875,0.44202898550724634,,,101,DT_1J22017,연쇄방식 소비자물가지수(2020=100),1964001,소비자물가조사,meta_index 없음 또는 코드명 매칭 없음,,,,,,,,,,,,,,,,,,,,,,,,,,,,,,,,,,,,,,,,,,,,,meta 없음,,,성장률과 물가 상승률이 모두 2%를 밑돈 경우는 2020년이 마지막이었다.
A0023-SP253B27241B,A0023-SP253B27241B-m1,성장률과 물가 상승률,기타,-,2,%,%,rate,rate_change,unspecified,증감률,증감률,KOSIS_VALUE,2020,Y,전년,2019,5,488,,ALTERNATE,NOT_TOP_TABLE,후순위 통계표 후보,"물가,생산자물가",hybrid+reranker,186,Y,,0.6871053576469421,0.38125,,,301,DT_405Y006,국내공급물가지수,1966003,생산자물가조사(2020=100),meta_index 없음 또는 코드명 매칭 없음,,,,,,,,,,,,,,,,,,,,,,,,,,,,,,,,,,,,,,,,,,,,,meta 없음,,,성장률과 물가 상승률이 모두 2%를 밑돈 경우는 2020년이 마지막이었다.
A0023-SPF3CEC76FAD,A0023-SPF3CEC76FAD-m1,예산 총액,재정·조세,-,673300000000000,원,원,currency,amount,unspecified,수준값,현재값,KOSIS_VALUE,2025,Y,전년,,1,377,372,TABLE_ONLY,META_NOT_LOADED,통계표 메타 조회 전 후보,예산,hybrid,164,Y,,,0.37654320987654316,,,113,DT_113_STBL_1025599,공연시장 : 중앙정부 및 지방자치단체 문화예산/문화예술예산/공연예술예산 규모,2007390,공연예술조사 > 공연시장 규모 및 특성분석,meta_index 없음 또는 코드명 매칭 없음,,,,,,,,,,,,,,,,,,,,,,,,,,,,,,,,,,,,,,,,,,,,,meta 없음,,,673조3000억원 규모의 새해 예산 중 67%를 상반기(1~6월) 안으로 집행하겠다고도 했다.
A0023-SPF3CEC76FAD,A0023-SPF3CEC76FAD-m1,예산 총액,재정·조세,-,673300000000000,원,원,currency,amount,unspecified,수준값,현재값,KOSIS_VALUE,2025,Y,전년,,2,372,,ALTERNATE,NOT_TOP_TABLE,후순위 통계표 후보,예산,hybrid,164,Y,,,0.3719512195121951,,,113,DT_113_STBL_1031009,광역자치단체 국가유산 보존・관리 예산 비율,2019001,지역문화현황통계 > 문화정책,meta_index 없음 또는 코드명 매칭 없음,,,,,,,,,,,,,,,,,,,,,,,,,,,,,,,,,,,,,,,,,,,,,meta 없음,,,673조3000억원 규모의 새해 예산 중 67%를 상반기(1~6월) 안으로 집행하겠다고도 했다.
A0023-SPF3CEC76FAD,A0023-SPF3CEC76FAD-m1,예산 총액,재정·조세,-,673300000000000,원,원,currency,amount,unspecified,수준값,현재값,KOSIS_VALUE,2025,Y,전년,,3,367,,ALTERNATE,NOT_TOP_TABLE,후순위 통계표 후보,예산,hybrid,164,Y,,,0.3674698795180723,,,113,DT_113_STBL_1030995,광역자치단체 문화 관련 예산 비율,2019001,지역문화현황통계 > 문화정책,meta_index 없음 또는 코드명 매칭 없음,,,,,,,,,,,,,,,,,,,,,,,,,,,,,,,,,,,,,,,,,,,,,meta 없음,,,673조3000억원 규모의 새해 예산 중 67%를 상반기(1~6월) 안으로 집행하겠다고도 했다.
A0023-SPF3CEC76FAD,A0023-SPF3CEC76FAD-m1,예산 총액,재정·조세,-,673300000000000,원,원,currency,amount,unspecified,수준값,현재값,KOSIS_VALUE,2025,Y,전년,,4,363,,ALTERNATE,NOT_TOP_TABLE,후순위 통계표 후보,예산,hybrid,164,Y,,,0.3630952380952381,,,113,DT_113_STBL_1031208,광역자치단체 지역 거주 예술인 생계지원 사업 평균 예산액,2019001,지역문화현황통계 > 코로나19 특별지표,meta_index 없음 또는 코드명 매칭 없음,,,,,,,,,,,,,,,,,,,,,,,,,,,,,,,,,,,,,,,,,,,,,meta 없음,,,673조3000억원 규모의 새해 예산 중 67%를 상반기(1~6월) 안으로 집행하겠다고도 했다.
A0023-SPF3CEC76FAD,A0023-SPF3CEC76FAD-m1,예산 총액,재정·조세,-,673300000000000,원,원,currency,amount,unspecified,수준값,현재값,KOSIS_VALUE,2025,Y,전년,,5,359,,ALTERNATE,NOT_TOP_TABLE,후순위 통계표 후보,예산,hybrid,164,Y,,,0.3588235294117647,,,113,DT_113_STBL_1031216,광역자치단체 지역 소재 예술단체 특별 창작지원 평균 예산액,2019001,지역문화현황통계 > 코로나19 특별지표,meta_index 없음 또는 코드명 매칭 없음,,,,,,,,,,,,,,,,,,,,,,,,,,,,,,,,,,,,,,,,,,,,,meta 없음,,,673조3000억원 규모의 새해 예산 중 67%를 상반기(1~6월) 안으로 집행하겠다고도 했다.
A0023-SPF3CEC76FAD,A0023-SPF3CEC76FAD-m2,상반기 예산 집행 비율,재정·조세,-,67,%,%,rate,rate_level,unspecified,비중,현재값,KOSIS_VALUE,2025,Y,전년,,1,377,372,TABLE_ONLY,META_NOT_LOADED,통계표 메타 조회 전 후보,집행,hybrid,176,Y,,,0.37654320987654316,,,460,TX_315_2009_H1410,공공공지 미집행추정사업비현황(시군구),2007330,도시계획현황 > 미집행현황 > 도시계획시설 미집행추정사업비현황,meta_index 없음 또는 코드명 매칭 없음,,,,,,,,,,,,,,,,,,,,,,,,,,,,,,,,,,,,,,,,,,,,,meta 없음,,,673조3000억원 규모의 새해 예산 중 67%를 상반기(1~6월) 안으로 집행하겠다고도 했다.
A0023-SPF3CEC76FAD,A0023-SPF3CEC76FAD-m2,상반기 예산 집행 비율,재정·조세,-,67,%,%,rate,rate_level,unspecified,비중,현재값,KOSIS_VALUE,2025,Y,전년,,2,372,,ALTERNATE,NOT_TOP_TABLE,후순위 통계표 후보,집행,hybrid,176,Y,,,0.3719512195121951,,,460,TX_315_2009_H1326,공공공지 미집행현황(시군구),2007330,도시계획현황 > 미집행현황 > 도시계획시설 미집행현황,meta_index 없음 또는 코드명 매칭 없음,,,,,,,,,,,,,,,,,,,,,,,,,,,,,,,,,,,,,,,,,,,,,meta 없음,,,673조3000억원 규모의 새해 예산 중 67%를 상반기(1~6월) 안으로 집행하겠다고도 했다.
A0023-SPF3CEC76FAD,A0023-SPF3CEC76FAD-m2,상반기 예산 집행 비율,재정·조세,-,67,%,%,rate,rate_level,unspecified,비중,현재값,KOSIS_VALUE,2025,Y,전년,,3,367,,ALTERNATE,NOT_TOP_TABLE,후순위 통계표 후보,집행,hybrid,176,Y,,,0.3674698795180723,,,460,TX_315_2009_H1059D,공공직업훈련시설 미집행면적현황(시군구),2007330,도시계획현황 > 미집행현황 > 도시계획시설 미집행면적현황,meta_index 없음 또는 코드명 매칭 없음,,,,,,,,,,,,,,,,,,,,,,,,,,,,,,,,,,,,,,,,,,,,,meta 없음,,,673조3000억원 규모의 새해 예산 중 67%를 상반기(1~6월) 안으로 집행하겠다고도 했다.
A0023-SPF3CEC76FAD,A0023-SPF3CEC76FAD-m2,상반기 예산 집행 비율,재정·조세,-,67,%,%,rate,rate_level,unspecified,비중,현재값,KOSIS_VALUE,2025,Y,전년,,4,363,,ALTERNATE,NOT_TOP_TABLE,후순위 통계표 후보,집행,hybrid,176,Y,,,0.3630952380952381,,,460,TX_315_2009_H1059B,공공직업훈련시설 미집행현황(시군구),2007330,도시계획현황 > 미집행현황 > 도시계획시설 미집행현황,meta_index 없음 또는 코드명 매칭 없음,,,,,,,,,,,,,,,,,,,,,,,,,,,,,,,,,,,,,,,,,,,,,meta 없음,,,673조3000억원 규모의 새해 예산 중 67%를 상반기(1~6월) 안으로 집행하겠다고도 했다.
A0023-SPF3CEC76FAD,A0023-SPF3CEC76FAD-m2,상반기 예산 집행 비율,재정·조세,-,67,%,%,rate,rate_level,unspecified,비중,현재값,KOSIS_VALUE,2025,Y,전년,,5,359,,ALTERNATE,NOT_TOP_TABLE,후순위 통계표 후보,집행,hybrid,176,Y,,,0.3588235294117647,,,460,TX_315_2009_H1379,공공청사 미집행면적현황(시군구),2007330,도시계획현황 > 미집행현황 > 도시계획시설 미집행면적현황,meta_index 없음 또는 코드명 매칭 없음,,,,,,,,,,,,,,,,,,,,,,,,,,,,,,,,,,,,,,,,,,,,,meta 없음,,,673조3000억원 규모의 새해 예산 중 67%를 상반기(1~6월) 안으로 집행하겠다고도 했다.
A0024-SP0ADF6BC121,A0024-SP0ADF6BC121-m1,정부 세수 부족으로 인한 한국은행에서의 차입금,재정·조세,-,170000000000000,원,원,currency,amount,unspecified,수준값,현재값,KOSIS_VALUE,2024,Y,전년,,1,413,377,TABLE_ONLY,META_NOT_LOADED,통계표 메타 조회 전 후보,"정부,조세",hybrid+reranker,182,Y,,0.4719381034374237,0.38125,,,395,DT_395N_S2024184,정부지원제도 중요도: 조세지원,2003024,한국기업혁신조사 > 2025년도 조사(서비스 부문) > 정부지원제도 > 정부지원제도 중요도,meta_index 없음 또는 코드명 매칭 없음,,,,,,,,,,,,,,,,,,,,,,,,,,,,,,,,,,,,,,,,,,,,,meta 없음,,,정부가 지난해 세수 부족으로 한국은행에서 170조원 넘는 돈을 빌려 쓴 것으로 나타났다.
A0024-SP0ADF6BC121,A0024-SP0ADF6BC121-m1,정부 세수 부족으로 인한 한국은행에서의 차입금,재정·조세,-,170000000000000,원,원,currency,amount,unspecified,수준값,현재값,KOSIS_VALUE,2024,Y,전년,,2,377,,ALTERNATE,NOT_TOP_TABLE,후순위 통계표 후보,"정부,조세",hybrid,182,Y,,,0.37654320987654316,,,395,DT_395N_S2023184,정부지원제도 중요도: 조세지원,2003024,한국기업혁신조사 > 2024년도 조사(제조업 부문) > 정부지원제도 > 정부지원제도 중요도,meta_index 없음 또는 코드명 매칭 없음,,,,,,,,,,,,,,,,,,,,,,,,,,,,,,,,,,,,,,,,,,,,,meta 없음,,,정부가 지난해 세수 부족으로 한국은행에서 170조원 넘는 돈을 빌려 쓴 것으로 나타났다.
A0024-SP0ADF6BC121,A0024-SP0ADF6BC121-m1,정부 세수 부족으로 인한 한국은행에서의 차입금,재정·조세,-,170000000000000,원,원,currency,amount,unspecified,수준값,현재값,KOSIS_VALUE,2024,Y,전년,,3,372,,ALTERNATE,NOT_TOP_TABLE,후순위 통계표 후보,"정부,조세",hybrid,182,Y,,,0.3719512195121951,,,395,DT_395N_S2022184,정부지원제도 중요도: 조세지원,2003024,한국기업혁신조사 > 2023년도 조사(서비스 부문) > 정부지원제도 > 정부지원제도 중요도,meta_index 없음 또는 코드명 매칭 없음,,,,,,,,,,,,,,,,,,,,,,,,,,,,,,,,,,,,,,,,,,,,,meta 없음,,,정부가 지난해 세수 부족으로 한국은행에서 170조원 넘는 돈을 빌려 쓴 것으로 나타났다.
A0024-SP0ADF6BC121,A0024-SP0ADF6BC121-m1,정부 세수 부족으로 인한 한국은행에서의 차입금,재정·조세,-,170000000000000,원,원,currency,amount,unspecified,수준값,현재값,KOSIS_VALUE,2024,Y,전년,,4,367,,ALTERNATE,NOT_TOP_TABLE,후순위 통계표 후보,"정부,조세",hybrid,182,Y,,,0.3674698795180723,,,395,DT_395N_S2024177,정부지원제도 활용 여부: 조세지원,2003024,한국기업혁신조사 > 2025년도 조사(서비스 부문) > 정부지원제도 > 정부지원제도 활용 여부,meta_index 없음 또는 코드명 매칭 없음,,,,,,,,,,,,,,,,,,,,,,,,,,,,,,,,,,,,,,,,,,,,,meta 없음,,,정부가 지난해 세수 부족으로 한국은행에서 170조원 넘는 돈을 빌려 쓴 것으로 나타났다.
A0024-SP0ADF6BC121,A0024-SP0ADF6BC121-m1,정부 세수 부족으로 인한 한국은행에서의 차입금,재정·조세,-,170000000000000,원,원,currency,amount,unspecified,수준값,현재값,KOSIS_VALUE,2024,Y,전년,,5,363,,ALTERNATE,NOT_TOP_TABLE,후순위 통계표 후보,"정부,조세",hybrid,182,Y,,,0.3630952380952381,,,395,DT_395N_S2023177,정부지원제도 활용 여부: 조세지원,2003024,한국기업혁신조사 > 2024년도 조사(제조업 부문) > 정부지원제도 > 정부지원제도 활용 여부,meta_index 없음 또는 코드명 매칭 없음,,,,,,,,,,,,,,,,,,,,,,,,,,,,,,,,,,,,,,,,,,,,,meta 없음,,,정부가 지난해 세수 부족으로 한국은행에서 170조원 넘는 돈을 빌려 쓴 것으로 나타났다.
A0024-SPB6F2BCA704,A0024-SPB6F2BCA704-m1,한국은행에서의 일시 차입금,재정·조세,-,173000000000000,원,원,currency,amount,unspecified,수준값,현재값,KOSIS_VALUE,2024,Y,전년,,1,712,702,TABLE_ONLY,META_NOT_LOADED,통계표 메타 조회 전 후보,일시,hybrid+reranker,164,Y,0.5802645683288574,0.5815407633781433,0.7824074074074073,,,331,DT_33109_N076,개인연금 연간 연금수급 개월 수 및 연금/일시금 수급액,2006229,한국복지패널조사 > 사회보장,meta_index 없음 또는 코드명 매칭 없음,,,,,,,,,,,,,,,,,,,,,,,,,,,,,,,,,,,,,,,,,,,,,meta 없음,,,"1일 더불어민주당 임광현 의원이 한은에서 제출받은 자료에 따르면, 정부는 지난해 한은에서 누적으로 따져 총 173조원을 일시 차입했다."
A0024-SPB6F2BCA704,A0024-SPB6F2BCA704-m1,한국은행에서의 일시 차입금,재정·조세,-,173000000000000,원,원,currency,amount,unspecified,수준값,현재값,KOSIS_VALUE,2024,Y,전년,,2,702,,ALTERNATE,NOT_TOP_TABLE,후순위 통계표 후보,일시,hybrid+reranker,164,Y,0.5809582471847534,0.7511008381843567,0.6755628177196804,,,331,DT_33109_N080,퇴직(연)금(퇴직보험금) 연간 연금/일시금 수급액,2006229,한국복지패널조사 > 사회보장,meta_index 없음 또는 코드명 매칭 없음,,,,,,,,,,,,,,,,,,,,,,,,,,,,,,,,,,,,,,,,,,,,,meta 없음,,,"1일 더불어민주당 임광현 의원이 한은에서 제출받은 자료에 따르면, 정부는 지난해 한은에서 누적으로 따져 총 173조원을 일시 차입했다."
A0024-SPB6F2BCA704,A0024-SPB6F2BCA704-m1,한국은행에서의 일시 차입금,재정·조세,-,173000000000000,원,원,currency,amount,unspecified,수준값,현재값,KOSIS_VALUE,2024,Y,전년,,3,577,,ALTERNATE,NOT_TOP_TABLE,후순위 통계표 후보,일시,hybrid+reranker,164,Y,,0.7622470855712891,0.4765625,,,322,DT_32202_B080,반환일시금 수급사유별·연령별·성별 수급자 현황,2006260,국민연금통계 > 급여현황,meta_index 없음 또는 코드명 매칭 없음,,,,,,,,,,,,,,,,,,,,,,,,,,,,,,,,,,,,,,,,,,,,,meta 없음,,,"1일 더불어민주당 임광현 의원이 한은에서 제출받은 자료에 따르면, 정부는 지난해 한은에서 누적으로 따져 총 173조원을 일시 차입했다."
A0024-SPB6F2BCA704,A0024-SPB6F2BCA704-m1,한국은행에서의 일시 차입금,재정·조세,-,173000000000000,원,원,currency,amount,unspecified,수준값,현재값,KOSIS_VALUE,2024,Y,전년,,4,566,,ALTERNATE,NOT_TOP_TABLE,후순위 통계표 후보,일시,hybrid+reranker,164,Y,,0.7453983426094055,0.46923076923076923,,,322,DT_32202_B081,반환일시금 수급사유별·연령별·성별 지급액 현황,2006260,국민연금통계 > 급여현황,meta_index 없음 또는 코드명 매칭 없음,,,,,,,,,,,,,,,,,,,,,,,,,,,,,,,,,,,,,,,,,,,,,meta 없음,,,"1일 더불어민주당 임광현 의원이 한은에서 제출받은 자료에 따르면, 정부는 지난해 한은에서 누적으로 따져 총 173조원을 일시 차입했다."
A0024-SPB6F2BCA704,A0024-SPB6F2BCA704-m1,한국은행에서의 일시 차입금,재정·조세,-,173000000000000,원,원,currency,amount,unspecified,수준값,현재값,KOSIS_VALUE,2024,Y,전년,,5,538,,ALTERNATE,NOT_TOP_TABLE,후순위 통계표 후보,일시,hybrid+reranker,164,Y,,0.7036512494087219,0.44852941176470584,,,322,DT_32202_B079,반환일시금 연령별·성별·지역별 지급액 현황,2006260,국민연금통계 > 급여현황,meta_index 없음 또는 코드명 매칭 없음,,,,,,,,,,,,,,,,,,,,,,,,,,,,,,,,,,,,,,,,,,,,,meta 없음,,,"1일 더불어민주당 임광현 의원이 한은에서 제출받은 자료에 따르면, 정부는 지난해 한은에서 누적으로 따져 총 173조원을 일시 차입했다."
A0024-SP74CC09E73F,A0024-SP74CC09E73F-m2,정부의 한국은행 차입금 증가율,재정·조세,-,47,%,%,rate,rate_change,unspecified,증감률,증감률,KOSIS_VALUE,2023,Y,전년,2022,1,505,491,TABLE_ONLY,META_NOT_LOADED,통계표 메타 조회 전 후보,한국은행,hybrid+reranker,212,Y,,0.5303276777267456,0.4919354838709677,,,301,DT_103Y002,한국은행 주요계정(말잔),1976015,통화금융통계 > 한국은행 주요계정 및 기준금리,meta_index 없음 또는 코드명 매칭 없음,,,,,,,,,,,,,,,,,,,,,,,,,,,,,,,,,,,,,,,,,,,,,meta 없음,,,종전 최대인 2023년의 117조6000억원보다 47% 늘었다.
A0024-SP74CC09E73F,A0024-SP74CC09E73F-m2,정부의 한국은행 차입금 증가율,재정·조세,-,47,%,%,rate,rate_change,unspecified,증감률,증감률,KOSIS_VALUE,2023,Y,전년,2022,2,491,,ALTERNATE,NOT_TOP_TABLE,후순위 통계표 후보,한국은행,hybrid+reranker,212,Y,,0.4743572771549225,0.5,,,301,DT_641Y001,한국은행 원화대출금,1976015,통화금융통계 > 한국은행 주요계정 및 기준금리,meta_index 없음 또는 코드명 매칭 없음,,,,,,,,,,,,,,,,,,,,,,,,,,,,,,,,,,,,,,,,,,,,,meta 없음,,,종전 최대인 2023년의 117조6000억원보다 47% 늘었다.
A0024-SP74CC09E73F,A0024-SP74CC09E73F-m2,정부의 한국은행 차입금 증가율,재정·조세,-,47,%,%,rate,rate_change,unspecified,증감률,증감률,KOSIS_VALUE,2023,Y,전년,2022,3,377,,ALTERNATE,NOT_TOP_TABLE,후순위 통계표 후보,정부의,hybrid,170,Y,,,0.37654320987654316,,,117,DT_117101_2023A041,정부의 산모·신생아 건강관리사업 활성화를 위해 가장 필요한 정부정책,2018031,산후조리실태조사 > 2023년 > 산후조리에 관한 사항,meta_index 없음 또는 코드명 매칭 없음,,,,,,,,,,,,,,,,,,,,,,,,,,,,,,,,,,,,,,,,,,,,,meta 없음,,,종전 최대인 2023년의 117조6000억원보다 47% 늘었다.
A0024-SP74CC09E73F,A0024-SP74CC09E73F-m2,정부의 한국은행 차입금 증가율,재정·조세,-,47,%,%,rate,rate_change,unspecified,증감률,증감률,KOSIS_VALUE,2023,Y,전년,2022,4,372,,ALTERNATE,NOT_TOP_TABLE,후순위 통계표 후보,정부의,hybrid,170,Y,,,0.3719512195121951,,,117,DT_117101_2023A038,정부의 산모․신생아 건강관리사업 전반적 만족도 및 표준 서비스 만족도,2018031,산후조리실태조사 > 2023년 > 산후조리에 관한 사항,meta_index 없음 또는 코드명 매칭 없음,,,,,,,,,,,,,,,,,,,,,,,,,,,,,,,,,,,,,,,,,,,,,meta 없음,,,종전 최대인 2023년의 117조6000억원보다 47% 늘었다.
A0024-SP74CC09E73F,A0024-SP74CC09E73F-m2,정부의 한국은행 차입금 증가율,재정·조세,-,47,%,%,rate,rate_change,unspecified,증감률,증감률,KOSIS_VALUE,2023,Y,전년,2022,5,367,,ALTERNATE,NOT_TOP_TABLE,후순위 통계표 후보,정부의,hybrid,170,Y,,,0.3674698795180723,,,117,DT_117101_2023A035,"정부의 산모신생아 건강관리사업 인지율, 인지 경로",2018031,산후조리실태조사 > 2023년 > 산후조리에 관한 사항,meta_index 없음 또는 코드명 매칭 없음,,,,,,,,,,,,,,,,,,,,,,,,,,,,,,,,,,,,,,,,,,,,,meta 없음,,,종전 최대인 2023년의 117조6000억원보다 47% 늘었다.
A0024-SPBD5E9DA6C0,A0024-SPBD5E9DA6C0-m2,정부의 연간 누적 대출,재정·조세,-,102913000000000,원,원,currency,amount,unspecified,수준값,현재값,KOSIS_VALUE,2020,Y,전년,,1,864,788,TABLE_ONLY,META_NOT_LOADED,통계표 메타 조회 전 후보,"정부의,연간,2020년",hybrid+reranker,225,Y,0.6471676826477051,0.6396235227584839,0.9841269841269842,,,301,DT_200Y153,"일반정부의 부문별 총수입, 총지출, 저축투자차액(명목, 연간)",1976017,국민계정 > 국민계정(2020년기준) > 일반정부 및 공공부문계정,meta_index 없음 또는 코드명 매칭 없음,,,,,,,,,,,,,,,,,,,,,,,,,,,,,,,,,,,,,,,,,,,,,meta 없음,,,정부의 연간 누적 대출은 2019년 36조5072억원에서 코로나 팬데믹이 터졌던 2020년 102조9130억원으로 크게 뛰었다.
A0024-SPBD5E9DA6C0,A0024-SPBD5E9DA6C0-m2,정부의 연간 누적 대출,재정·조세,-,102913000000000,원,원,currency,amount,unspecified,수준값,현재값,KOSIS_VALUE,2020,Y,전년,,2,788,,ALTERNATE,NOT_TOP_TABLE,후순위 통계표 후보,"정부의,연간,2020년",hybrid+reranker,225,Y,0.6157723665237427,0.6239498853683472,0.8765432098765432,,,301,DT_200Y152,"일반정부의 부문별 기능별 총지출 (명목, 연간)",1976017,국민계정 > 국민계정(2020년기준) > 일반정부 및 공공부문계정,meta_index 없음 또는 코드명 매칭 없음,,,,,,,,,,,,,,,,,,,,,,,,,,,,,,,,,,,,,,,,,,,,,meta 없음,,,정부의 연간 누적 대출은 2019년 36조5072억원에서 코로나 팬데믹이 터졌던 2020년 102조9130억원으로 크게 뛰었다.
A0024-SPBD5E9DA6C0,A0024-SPBD5E9DA6C0-m2,정부의 연간 누적 대출,재정·조세,-,102913000000000,원,원,currency,amount,unspecified,수준값,현재값,KOSIS_VALUE,2020,Y,전년,,3,678,,ALTERNATE,NOT_TOP_TABLE,후순위 통계표 후보,"정부의,연간,2020년",hybrid+reranker,225,Y,0.6082515716552734,0.46186619997024536,0.7939156818907698,,,301,DT_200Y151,"일반정부의 부문별 기능별 최종소비지출(명목, 연간)",1976017,국민계정 > 국민계정(2020년기준) > 일반정부 및 공공부문계정,meta_index 없음 또는 코드명 매칭 없음,,,,,,,,,,,,,,,,,,,,,,,,,,,,,,,,,,,,,,,,,,,,,meta 없음,,,정부의 연간 누적 대출은 2019년 36조5072억원에서 코로나 팬데믹이 터졌던 2020년 102조9130억원으로 크게 뛰었다.
A0024-SPBD5E9DA6C0,A0024-SPBD5E9DA6C0-m2,정부의 연간 누적 대출,재정·조세,-,102913000000000,원,원,currency,amount,unspecified,수준값,현재값,KOSIS_VALUE,2020,Y,전년,,4,605,,ALTERNATE,NOT_TOP_TABLE,후순위 통계표 후보,"대출,한국은행",hybrid+reranker,200,Y,,0.8577680587768555,0.46923076923076923,,,301,DT_641Y001,한국은행 원화대출금,1976015,통화금융통계 > 한국은행 주요계정 및 기준금리,meta_index 없음 또는 코드명 매칭 없음,,,,,,,,,,,,,,,,,,,,,,,,,,,,,,,,,,,,,,,,,,,,,meta 없음,,,정부의 연간 누적 대출은 2019년 36조5072억원에서 코로나 팬데믹이 터졌던 2020년 102조9130억원으로 크게 뛰었다.
A0024-SPBD5E9DA6C0,A0024-SPBD5E9DA6C0-m2,정부의 연간 누적 대출,재정·조세,-,102913000000000,원,원,currency,amount,unspecified,수준값,현재값,KOSIS_VALUE,2020,Y,전년,,5,521,,ALTERNATE,NOT_TOP_TABLE,후순위 통계표 후보,"연간,2020년",hybrid+reranker,169,Y,0.6312859058380127,0.5738575458526611,0.4919354838709677,,,301,DT_200Y154,"공공부문의 부문별 총수입, 총지출, 저축투자차액(명목, 연간)",1976017,국민계정 > 국민계정(2020년기준) > 일반정부 및 공공부문계정,meta_index 없음 또는 코드명 매칭 없음,,,,,,,,,,,,,,,,,,,,,,,,,,,,,,,,,,,,,,,,,,,,,meta 없음,,,정부의 연간 누적 대출은 2019년 36조5072억원에서 코로나 팬데믹이 터졌던 2020년 102조9130억원으로 크게 뛰었다.
A0024-SP6B92A26CC2,A0024-SP6B92A26CC2-m5,정부의 한은 일시 대출 누적액,재정·조세,-,117600000000000,원,원,currency,amount,unspecified,수준값,현재값,KOSIS_VALUE,2023,Y,전년동기,,1,508,507,TABLE_ONLY,META_NOT_LOADED,통계표 메타 조회 전 후보,대출,hybrid+reranker,176,Y,,0.7251623272895813,0.39102564102564097,,,101,DT_1PB_1001,개인사업자의 대출 총괄,2012008,일자리행정통계 > 개인사업자 부채편 > 대출,meta_index 없음 또는 코드명 매칭 없음,,,,,,,,,,,,,,,,,,,,,,,,,,,,,,,,,,,,,,,,,,,,,meta 없음,,,"정부의 연간 누적 대출은 2019년 36조5072억원에서 코로나 팬데믹이 터졌던 2020년 102조9130억원으로 크게 뛰었다. 이후 2021년 7조6130억원, 2022년 34조2000억원 등으로 줄었다가 세수 펑크가 커진 2023년 117조6000억원으로 다시 급증했다."
A0024-SP6B92A26CC2,A0024-SP6B92A26CC2-m5,정부의 한은 일시 대출 누적액,재정·조세,-,117600000000000,원,원,currency,amount,unspecified,수준값,현재값,KOSIS_VALUE,2023,Y,전년동기,,2,507,,ALTERNATE,NOT_TOP_TABLE,후순위 통계표 후보,대출,hybrid+reranker,176,Y,,0.7137309908866882,0.3961038961038961,,,301,DT_181Y016,가계대출 잔액 비중,1976015,통화금융통계 > 예금/대출금/기타금융 > 차주별 가계부채,meta_index 없음 또는 코드명 매칭 없음,,,,,,,,,,,,,,,,,,,,,,,,,,,,,,,,,,,,,,,,,,,,,meta 없음,,,"정부의 연간 누적 대출은 2019년 36조5072억원에서 코로나 팬데믹이 터졌던 2020년 102조9130억원으로 크게 뛰었다. 이후 2021년 7조6130억원, 2022년 34조2000억원 등으로 줄었다가 세수 펑크가 커진 2023년 117조6000억원으로 다시 급증했다."
A0024-SP6B92A26CC2,A0024-SP6B92A26CC2-m5,정부의 한은 일시 대출 누적액,재정·조세,-,117600000000000,원,원,currency,amount,unspecified,수준값,현재값,KOSIS_VALUE,2023,Y,전년동기,,3,499,,ALTERNATE,NOT_TOP_TABLE,후순위 통계표 후보,대출,hybrid+reranker,176,Y,,0.7086160182952881,0.38607594936708856,,,101,DT_1PB_1008,개인사업자의 대출잔액별 대출,2012008,일자리행정통계 > 개인사업자 부채편 > 대출,meta_index 없음 또는 코드명 매칭 없음,,,,,,,,,,,,,,,,,,,,,,,,,,,,,,,,,,,,,,,,,,,,,meta 없음,,,"정부의 연간 누적 대출은 2019년 36조5072억원에서 코로나 팬데믹이 터졌던 2020년 102조9130억원으로 크게 뛰었다. 이후 2021년 7조6130억원, 2022년 34조2000억원 등으로 줄었다가 세수 펑크가 커진 2023년 117조6000억원으로 다시 급증했다."
A0024-SP6B92A26CC2,A0024-SP6B92A26CC2-m5,정부의 한은 일시 대출 누적액,재정·조세,-,117600000000000,원,원,currency,amount,unspecified,수준값,현재값,KOSIS_VALUE,2023,Y,전년동기,,4,475,,ALTERNATE,NOT_TOP_TABLE,후순위 통계표 후보,대출,hybrid+reranker,176,Y,,0.6125994324684143,0.4013157894736842,,,301,DT_181Y013,가계대출 신규취급액 비중,1976015,통화금융통계 > 예금/대출금/기타금융 > 차주별 가계부채,meta_index 없음 또는 코드명 매칭 없음,,,,,,,,,,,,,,,,,,,,,,,,,,,,,,,,,,,,,,,,,,,,,meta 없음,,,"정부의 연간 누적 대출은 2019년 36조5072억원에서 코로나 팬데믹이 터졌던 2020년 102조9130억원으로 크게 뛰었다. 이후 2021년 7조6130억원, 2022년 34조2000억원 등으로 줄었다가 세수 펑크가 커진 2023년 117조6000억원으로 다시 급증했다."
A0024-SP6B92A26CC2,A0024-SP6B92A26CC2-m5,정부의 한은 일시 대출 누적액,재정·조세,-,117600000000000,원,원,currency,amount,unspecified,수준값,현재값,KOSIS_VALUE,2023,Y,전년동기,,5,469,,ALTERNATE,NOT_TOP_TABLE,후순위 통계표 후보,대출,hybrid+reranker,176,Y,,0.631026029586792,0.38125,,,101,DT_1PB_1005,개인사업자의 매출액별 대출,2012008,일자리행정통계 > 개인사업자 부채편 > 대출,meta_index 없음 또는 코드명 매칭 없음,,,,,,,,,,,,,,,,,,,,,,,,,,,,,,,,,,,,,,,,,,,,,meta 없음,,,"정부의 연간 누적 대출은 2019년 36조5072억원에서 코로나 팬데믹이 터졌던 2020년 102조9130억원으로 크게 뛰었다. 이후 2021년 7조6130억원, 2022년 34조2000억원 등으로 줄었다가 세수 펑크가 커진 2023년 117조6000억원으로 다시 급증했다."
A0024-SP3ACEA6C6F7,A0024-SP3ACEA6C6F7-m1,정부 연간 누적 대출,재정·조세,-,7613000000000,원,원,currency,amount,unspecified,수준값,현재값,KOSIS_VALUE,2021,Y,전년동기,,1,623,571,TABLE_ONLY,META_NOT_LOADED,통계표 메타 조회 전 후보,"연간,정부",hybrid+reranker,210,Y,0.6564794182777405,0.07030384987592697,0.9198412698412697,,,301,DT_200Y153,"일반정부의 부문별 총수입, 총지출, 저축투자차액(명목, 연간)",1976017,국민계정 > 국민계정(2020년기준) > 일반정부 및 공공부문계정,meta_index 없음 또는 코드명 매칭 없음,,,,,,,,,,,,,,,,,,,,,,,,,,,,,,,,,,,,,,,,,,,,,meta 없음,,,"이후 2021년 7조6130억원, 2022년 34조2000억원 등으로 줄었다가 세수 펑크가 커진 2023년 117조6000억원으로 다시 급증했다."
A0024-SP3ACEA6C6F7,A0024-SP3ACEA6C6F7-m1,정부 연간 누적 대출,재정·조세,-,7613000000000,원,원,currency,amount,unspecified,수준값,현재값,KOSIS_VALUE,2021,Y,전년동기,,2,571,,ALTERNATE,NOT_TOP_TABLE,후순위 통계표 후보,"연간,정부",hybrid+reranker,190,Y,0.6511265635490417,0.03676946833729744,0.8582251082251082,,,301,DT_200Y154,"공공부문의 부문별 총수입, 총지출, 저축투자차액(명목, 연간)",1976017,국민계정 > 국민계정(2020년기준) > 일반정부 및 공공부문계정,meta_index 없음 또는 코드명 매칭 없음,,,,,,,,,,,,,,,,,,,,,,,,,,,,,,,,,,,,,,,,,,,,,meta 없음,,,"이후 2021년 7조6130억원, 2022년 34조2000억원 등으로 줄었다가 세수 펑크가 커진 2023년 117조6000억원으로 다시 급증했다."
A0024-SP3ACEA6C6F7,A0024-SP3ACEA6C6F7-m1,정부 연간 누적 대출,재정·조세,-,7613000000000,원,원,currency,amount,unspecified,수준값,현재값,KOSIS_VALUE,2021,Y,전년동기,,3,444,,ALTERNATE,NOT_TOP_TABLE,후순위 통계표 후보,"대출,2021년,이후",hybrid+reranker,171,Y,0.6579873561859131,0.44755083322525024,0.44202898550724634,,,303,DT_303003_787,은행(금융기관) 대출 시 불편 사항(복수응답),1979013,중소기업금융실태조사 > 2021년 이후 > 은행 이용 실태,meta_index 없음 또는 코드명 매칭 없음,,,,,,,,,,,,,,,,,,,,,,,,,,,,,,,,,,,,,,,,,,,,,meta 없음,,,"이후 2021년 7조6130억원, 2022년 34조2000억원 등으로 줄었다가 세수 펑크가 커진 2023년 117조6000억원으로 다시 급증했다."
A0024-SP3ACEA6C6F7,A0024-SP3ACEA6C6F7-m1,정부 연간 누적 대출,재정·조세,-,7613000000000,원,원,currency,amount,unspecified,수준값,현재값,KOSIS_VALUE,2021,Y,전년동기,,4,430,,ALTERNATE,NOT_TOP_TABLE,후순위 통계표 후보,"대출,2021년,이후",hybrid+reranker,171,Y,0.6696218252182007,0.31489261984825134,0.4919354838709677,,,303,DT_303003_729,은행 차입여건 변화 - 대출한도,1979013,중소기업금융실태조사 > 2021년 이후 > 신규 자금조달 현황,meta_index 없음 또는 코드명 매칭 없음,,,,,,,,,,,,,,,,,,,,,,,,,,,,,,,,,,,,,,,,,,,,,meta 없음,,,"이후 2021년 7조6130억원, 2022년 34조2000억원 등으로 줄었다가 세수 펑크가 커진 2023년 117조6000억원으로 다시 급증했다."
A0024-SP3ACEA6C6F7,A0024-SP3ACEA6C6F7-m1,정부 연간 누적 대출,재정·조세,-,7613000000000,원,원,currency,amount,unspecified,수준값,현재값,KOSIS_VALUE,2021,Y,전년동기,,5,430,,ALTERNATE,NOT_TOP_TABLE,후순위 통계표 후보,"대출,한국은행",hybrid+reranker,200,Y,,0.35700687766075134,0.46923076923076923,,,301,DT_641Y001,한국은행 원화대출금,1976015,통화금융통계 > 한국은행 주요계정 및 기준금리,meta_index 없음 또는 코드명 매칭 없음,,,,,,,,,,,,,,,,,,,,,,,,,,,,,,,,,,,,,,,,,,,,,meta 없음,,,"이후 2021년 7조6130억원, 2022년 34조2000억원 등으로 줄었다가 세수 펑크가 커진 2023년 117조6000억원으로 다시 급증했다."
A0024-SP3ACEA6C6F7,A0024-SP3ACEA6C6F7-m2,정부 연간 누적 대출,재정·조세,-,34200000000000,원,원,currency,amount,unspecified,수준값,현재값,KOSIS_VALUE,2022,Y,전년동기,,1,441,436,TABLE_ONLY,META_NOT_LOADED,통계표 메타 조회 전 후보,"대출,한국은행",hybrid+reranker,200,Y,,0.346762478351593,0.4919354838709677,,,301,DT_641Y001,한국은행 원화대출금,1976015,통화금융통계 > 한국은행 주요계정 및 기준금리,meta_index 없음 또는 코드명 매칭 없음,,,,,,,,,,,,,,,,,,,,,,,,,,,,,,,,,,,,,,,,,,,,,meta 없음,,,"이후 2021년 7조6130억원, 2022년 34조2000억원 등으로 줄었다가 세수 펑크가 커진 2023년 117조6000억원으로 다시 급증했다."
A0024-SP3ACEA6C6F7,A0024-SP3ACEA6C6F7-m2,정부 연간 누적 대출,재정·조세,-,34200000000000,원,원,currency,amount,unspecified,수준값,현재값,KOSIS_VALUE,2022,Y,전년동기,,2,436,,ALTERNATE,NOT_TOP_TABLE,후순위 통계표 후보,"대출,2021년,이후",hybrid+reranker,171,Y,0.6542571187019348,0.4370424151420593,0.43571428571428567,,,303,DT_303003_787,은행(금융기관) 대출 시 불편 사항(복수응답),1979013,중소기업금융실태조사 > 2021년 이후 > 은행 이용 실태,meta_index 없음 또는 코드명 매칭 없음,,,,,,,,,,,,,,,,,,,,,,,,,,,,,,,,,,,,,,,,,,,,,meta 없음,,,"이후 2021년 7조6130억원, 2022년 34조2000억원 등으로 줄었다가 세수 펑크가 커진 2023년 117조6000억원으로 다시 급증했다."
A0024-SP3ACEA6C6F7,A0024-SP3ACEA6C6F7-m2,정부 연간 누적 대출,재정·조세,-,34200000000000,원,원,currency,amount,unspecified,수준값,현재값,KOSIS_VALUE,2022,Y,전년동기,,3,424,,ALTERNATE,NOT_TOP_TABLE,후순위 통계표 후보,"정부,조세,2021년",hybrid,187,Y,,,0.42361111111111105,,,395,DT_395N_S2020183,정부지원제도 활용 여부: 조세지원,2003024,한국기업혁신조사 > 2021년도 조사(서비스 부문) > 정부지원제도 > 정부지원제도 활용 여부,meta_index 없음 또는 코드명 매칭 없음,,,,,,,,,,,,,,,,,,,,,,,,,,,,,,,,,,,,,,,,,,,,,meta 없음,,,"이후 2021년 7조6130억원, 2022년 34조2000억원 등으로 줄었다가 세수 펑크가 커진 2023년 117조6000억원으로 다시 급증했다."
A0024-SP3ACEA6C6F7,A0024-SP3ACEA6C6F7-m2,정부 연간 누적 대출,재정·조세,-,34200000000000,원,원,currency,amount,unspecified,수준값,현재값,KOSIS_VALUE,2022,Y,전년동기,,4,424,,ALTERNATE,NOT_TOP_TABLE,후순위 통계표 후보,"대출,2021년,이후",hybrid,171,Y,0.6530331373214722,,0.42361111111111105,,,303,DT_303003_743,신규대출 받은 비은행금융기관 유형(복수응답),1979013,중소기업금융실태조사 > 2021년 이후 > 신규 자금조달 현황,meta_index 없음 또는 코드명 매칭 없음,,,,,,,,,,,,,,,,,,,,,,,,,,,,,,,,,,,,,,,,,,,,,meta 없음,,,"이후 2021년 7조6130억원, 2022년 34조2000억원 등으로 줄었다가 세수 펑크가 커진 2023년 117조6000억원으로 다시 급증했다."
A0024-SP3ACEA6C6F7,A0024-SP3ACEA6C6F7-m2,정부 연간 누적 대출,재정·조세,-,34200000000000,원,원,currency,amount,unspecified,수준값,현재값,KOSIS_VALUE,2022,Y,전년동기,,5,418,,ALTERNATE,NOT_TOP_TABLE,후순위 통계표 후보,"대출,2021년,이후",hybrid+reranker,171,Y,0.6661261320114136,0.30964964628219604,0.4765625,,,303,DT_303003_729,은행 차입여건 변화 - 대출한도,1979013,중소기업금융실태조사 > 2021년 이후 > 신규 자금조달 현황,meta_index 없음 또는 코드명 매칭 없음,,,,,,,,,,,,,,,,,,,,,,,,,,,,,,,,,,,,,,,,,,,,,meta 없음,,,"이후 2021년 7조6130억원, 2022년 34조2000억원 등으로 줄었다가 세수 펑크가 커진 2023년 117조6000억원으로 다시 급증했다."
A0024-SP3ACEA6C6F7,A0024-SP3ACEA6C6F7-m3,정부 연간 누적 대출,재정·조세,-,117600000000000,원,원,currency,amount,unspecified,수준값,현재값,KOSIS_VALUE,2023,Y,전년동기,,1,428,381,TABLE_ONLY,META_NOT_LOADED,통계표 메타 조회 전 후보,"대출,한국은행",hybrid+reranker,200,Y,,0.30996283888816833,0.4919354838709677,,,301,DT_641Y001,한국은행 원화대출금,1976015,통화금융통계 > 한국은행 주요계정 및 기준금리,meta_index 없음 또는 코드명 매칭 없음,,,,,,,,,,,,,,,,,,,,,,,,,,,,,,,,,,,,,,,,,,,,,meta 없음,,,"이후 2021년 7조6130억원, 2022년 34조2000억원 등으로 줄었다가 세수 펑크가 커진 2023년 117조6000억원으로 다시 급증했다."
A0024-SP3ACEA6C6F7,A0024-SP3ACEA6C6F7-m3,정부 연간 누적 대출,재정·조세,-,117600000000000,원,원,currency,amount,unspecified,수준값,현재값,KOSIS_VALUE,2023,Y,전년동기,,2,381,,ALTERNATE,NOT_TOP_TABLE,후순위 통계표 후보,"정부,2021년,2022년",hybrid,180,Y,,,0.38125,,,453,DT_393001_2002_A083,여성기업 육성을 위해 정부에서 중점적으로 추진해야 하는 사항,2003016,여성기업실태조사 > 2021년~2022년 > 여성기업의 정부지원정책에 대한 인식,meta_index 없음 또는 코드명 매칭 없음,,,,,,,,,,,,,,,,,,,,,,,,,,,,,,,,,,,,,,,,,,,,,meta 없음,,,"이후 2021년 7조6130억원, 2022년 34조2000억원 등으로 줄었다가 세수 펑크가 커진 2023년 117조6000억원으로 다시 급증했다."
A0024-SP3ACEA6C6F7,A0024-SP3ACEA6C6F7-m3,정부 연간 누적 대출,재정·조세,-,117600000000000,원,원,currency,amount,unspecified,수준값,현재값,KOSIS_VALUE,2023,Y,전년동기,,3,377,,ALTERNATE,NOT_TOP_TABLE,후순위 통계표 후보,"정부,2021년,2022년",hybrid,180,Y,,,0.37654320987654316,,,453,DT_393001_2002_A081,여성기업 정부정책 활용 시 애로사항,2003016,여성기업실태조사 > 2021년~2022년 > 여성기업의 정부지원정책에 대한 인식,meta_index 없음 또는 코드명 매칭 없음,,,,,,,,,,,,,,,,,,,,,,,,,,,,,,,,,,,,,,,,,,,,,meta 없음,,,"이후 2021년 7조6130억원, 2022년 34조2000억원 등으로 줄었다가 세수 펑크가 커진 2023년 117조6000억원으로 다시 급증했다."
A0024-SP3ACEA6C6F7,A0024-SP3ACEA6C6F7-m3,정부 연간 누적 대출,재정·조세,-,117600000000000,원,원,currency,amount,unspecified,수준값,현재값,KOSIS_VALUE,2023,Y,전년동기,,4,372,,ALTERNATE,NOT_TOP_TABLE,후순위 통계표 후보,"정부,2021년,2022년",hybrid,180,Y,,,0.3719512195121951,,,453,DT_393001_2002_A077,정부의 기업활동 지원정책에 대한 의견,2003016,여성기업실태조사 > 2021년~2022년 > 여성기업의 정부지원정책에 대한 인식,meta_index 없음 또는 코드명 매칭 없음,,,,,,,,,,,,,,,,,,,,,,,,,,,,,,,,,,,,,,,,,,,,,meta 없음,,,"이후 2021년 7조6130억원, 2022년 34조2000억원 등으로 줄었다가 세수 펑크가 커진 2023년 117조6000억원으로 다시 급증했다."
A0024-SP3ACEA6C6F7,A0024-SP3ACEA6C6F7-m3,정부 연간 누적 대출,재정·조세,-,117600000000000,원,원,currency,amount,unspecified,수준값,현재값,KOSIS_VALUE,2023,Y,전년동기,,5,367,,ALTERNATE,NOT_TOP_TABLE,후순위 통계표 후보,"정부,2022년,이후",hybrid,177,Y,,,0.3674698795180723,,,442,DT_442001_119,기후기술 영역별 정부 지원정책 중요성,2017086,기후변화대응 기술개발 활동조사 > 2022년 이후 > 기후기술 개발 내외부 지원환경 및 정부지원 필요성,meta_index 없음 또는 코드명 매칭 없음,,,,,,,,,,,,,,,,,,,,,,,,,,,,,,,,,,,,,,,,,,,,,meta 없음,,,"이후 2021년 7조6130억원, 2022년 34조2000억원 등으로 줄었다가 세수 펑크가 커진 2023년 117조6000억원으로 다시 급증했다."
A0024-SP7D75144175,A0024-SP7D75144175-m1,정부가 부담한 이자,재정·조세,-,209200000000,원,원,currency,amount,unspecified,수준값,현재값,KOSIS_VALUE,2024,Y,전년,,1,889,878,TABLE_ONLY,META_NOT_LOADED,통계표 메타 조회 전 후보,이자,hybrid+reranker,164,Y,0.6561883091926575,0.9114953279495239,0.8765432098765432,,,331,TX_33109_A151,연평균 이자상환금,2006229,한국복지패널조사 > 가구경제,meta_index 없음 또는 코드명 매칭 없음,,,,,,,,,,,,,,,,,,,,,,,,,,,,,,,,,,,,,,,,,,,,,meta 없음,,,지난해 이 같은 일시 대출에 따라 정부가 부담한 이자는 2092억원에 달한 것으로 집계됐다.
A0024-SP7D75144175,A0024-SP7D75144175-m1,정부가 부담한 이자,재정·조세,-,209200000000,원,원,currency,amount,unspecified,수준값,현재값,KOSIS_VALUE,2024,Y,전년,,2,878,,ALTERNATE,NOT_TOP_TABLE,후순위 통계표 후보,이자,hybrid+reranker,164,Y,0.6368628740310669,0.9459012746810913,0.8412998299641035,,,331,DT_33109_A149,부채 및 이자,2006229,한국복지패널조사 > 가구경제,meta_index 없음 또는 코드명 매칭 없음,,,,,,,,,,,,,,,,,,,,,,,,,,,,,,,,,,,,,,,,,,,,,meta 없음,,,지난해 이 같은 일시 대출에 따라 정부가 부담한 이자는 2092억원에 달한 것으로 집계됐다.
A0024-SP7D75144175,A0024-SP7D75144175-m1,정부가 부담한 이자,재정·조세,-,209200000000,원,원,currency,amount,unspecified,수준값,현재값,KOSIS_VALUE,2024,Y,전년,,3,824,,ALTERNATE,NOT_TOP_TABLE,후순위 통계표 후보,이자,hybrid+reranker,164,Y,0.655150294303894,0.7583317160606384,0.85940536338904,,,142,DT_S25A064,"월세 연체 시, 계약서 상 이자지급 명시여부 및 이자율",2003039,상가건물임대차실태조사 > 2025년 > 임차인 > 임대차 현황,meta_index 없음 또는 코드명 매칭 없음,,,,,,,,,,,,,,,,,,,,,,,,,,,,,,,,,,,,,,,,,,,,,meta 없음,,,지난해 이 같은 일시 대출에 따라 정부가 부담한 이자는 2092억원에 달한 것으로 집계됐다.
A0024-SP7D75144175,A0024-SP7D75144175-m1,정부가 부담한 이자,재정·조세,-,209200000000,원,원,currency,amount,unspecified,수준값,현재값,KOSIS_VALUE,2024,Y,전년,,4,814,,ALTERNATE,NOT_TOP_TABLE,후순위 통계표 후보,이자,hybrid+reranker,164,Y,0.6474977135658264,0.7654179930686951,0.839657738095238,,,142,DT_S23B003,"월세 연체시, 계약서 상 이자지급 명시여부 및 이자율",2003039,상가건물임대차실태조사 > 2023년 > 임차인 > 임대차현황,meta_index 없음 또는 코드명 매칭 없음,,,,,,,,,,,,,,,,,,,,,,,,,,,,,,,,,,,,,,,,,,,,,meta 없음,,,지난해 이 같은 일시 대출에 따라 정부가 부담한 이자는 2092억원에 달한 것으로 집계됐다.
A0024-SP7D75144175,A0024-SP7D75144175-m1,정부가 부담한 이자,재정·조세,-,209200000000,원,원,currency,amount,unspecified,수준값,현재값,KOSIS_VALUE,2024,Y,전년,,5,695,,ALTERNATE,NOT_TOP_TABLE,후순위 통계표 후보,이자,hybrid+reranker,164,Y,0.6148983240127563,0.6510221362113953,0.7185421286031042,,,142,DT_S23B004,"월세 연체 경험 및 연체이자 지불 경험, 연체 이자율",2003039,상가건물임대차실태조사 > 2023년 > 임차인 > 임대차현황,meta_index 없음 또는 코드명 매칭 없음,,,,,,,,,,,,,,,,,,,,,,,,,,,,,,,,,,,,,,,,,,,,,meta 없음,,,지난해 이 같은 일시 대출에 따라 정부가 부담한 이자는 2092억원에 달한 것으로 집계됐다.
A0026-SP7783F9A665,A0026-SP7783F9A665-m1,환율,금융·금리,-,1472.5,원,원,currency,amount,unspecified,수준값,현재값,KOSIS_VALUE,202501,M,전년,,1,535,531,TABLE_ONLY,META_NOT_LOADED,통계표 메타 조회 전 후보,환율,hybrid+reranker,164,Y,0.5663501024246216,0.19605544209480286,0.7171621621621622,,,152,DT_152009_F038,하도급 단가 결정 고려 요인_환율 변화,2021003,하도급거래실태조사 > 용역업_수급사업자 > 하도급거래 세부사항 > 거래 제반,meta_index 없음 또는 코드명 매칭 없음,,,,,,,,,,,,,,,,,,,,,,,,,,,,,,,,,,,,,,,,,,,,,meta 없음,,,"최근 미국 경제가 호조세를 보이고 있고, 트럼프 2기 행정부 출범과 국내 정치적 불안이 겹치면서 달러 대비 원화 환율은 지난달 말(30일) 오후 3시 30분 기준 1472.5원을 기록했다. 연간으로 따지면 무려 172.1원이 올랐다."
A0026-SP7783F9A665,A0026-SP7783F9A665-m1,환율,금융·금리,-,1472.5,원,원,currency,amount,unspecified,수준값,현재값,KOSIS_VALUE,202501,M,전년,,2,531,,ALTERNATE,NOT_TOP_TABLE,후순위 통계표 후보,환율,hybrid+reranker,164,Y,0.5651105642318726,0.2073751986026764,0.7055440682346859,,,152,DT_152009_B038,하도급 단가 결정 고려 요인_환율 변화,2021003,하도급거래실태조사 > 제조업_수급사업자 > 하도급거래 세부사항 > 거래 제반,meta_index 없음 또는 코드명 매칭 없음,,,,,,,,,,,,,,,,,,,,,,,,,,,,,,,,,,,,,,,,,,,,,meta 없음,,,"최근 미국 경제가 호조세를 보이고 있고, 트럼프 2기 행정부 출범과 국내 정치적 불안이 겹치면서 달러 대비 원화 환율은 지난달 말(30일) 오후 3시 30분 기준 1472.5원을 기록했다. 연간으로 따지면 무려 172.1원이 올랐다."
A0026-SP7783F9A665,A0026-SP7783F9A665-m1,환율,금융·금리,-,1472.5,원,원,currency,amount,unspecified,수준값,현재값,KOSIS_VALUE,202501,M,전년,,3,503,,ALTERNATE,NOT_TOP_TABLE,후순위 통계표 후보,환율,hybrid+reranker,164,Y,,0.5394381880760193,0.4841269841269841,,,177,DT_11702_N126,2주간 이환율 추이,1973001,국민건강영양조사 > 건강행태 > 삶의 질,meta_index 없음 또는 코드명 매칭 없음,,,,,,,,,,,,,,,,,,,,,,,,,,,,,,,,,,,,,,,,,,,,,meta 없음,,,"최근 미국 경제가 호조세를 보이고 있고, 트럼프 2기 행정부 출범과 국내 정치적 불안이 겹치면서 달러 대비 원화 환율은 지난달 말(30일) 오후 3시 30분 기준 1472.5원을 기록했다. 연간으로 따지면 무려 172.1원이 올랐다."
A0026-SP7783F9A665,A0026-SP7783F9A665-m1,환율,금융·금리,-,1472.5,원,원,currency,amount,unspecified,수준값,현재값,KOSIS_VALUE,202501,M,전년,,4,380,,ALTERNATE,NOT_TOP_TABLE,후순위 통계표 후보,환율,hybrid+reranker,164,Y,,0.20197059214115143,0.4765625,,,152,DT_152009_A124,PB제품 하도급 단가 결정 고려 요인_환율 변화,2021003,하도급거래실태조사 > 제조업_원사업자 > 하도급거래 세부사항 > 전속거래·PB거래,meta_index 없음 또는 코드명 매칭 없음,,,,,,,,,,,,,,,,,,,,,,,,,,,,,,,,,,,,,,,,,,,,,meta 없음,,,"최근 미국 경제가 호조세를 보이고 있고, 트럼프 2기 행정부 출범과 국내 정치적 불안이 겹치면서 달러 대비 원화 환율은 지난달 말(30일) 오후 3시 30분 기준 1472.5원을 기록했다. 연간으로 따지면 무려 172.1원이 올랐다."
A0026-SP7783F9A665,A0026-SP7783F9A665-m1,환율,금융·금리,-,1472.5,원,원,currency,amount,unspecified,수준값,현재값,KOSIS_VALUE,202501,M,전년,,5,357,,ALTERNATE,NOT_TOP_TABLE,후순위 통계표 후보,"환율,기준",hybrid+reranker,166,Y,,0.09268777817487717,0.5,,,408,DT_30404_N0009,규모별 전월세전환율,1985011,전국주택가격동향조사 > 전국주택가격동향(기준월 : 2026.01),meta_index 없음 또는 코드명 매칭 없음,,,,,,,,,,,,,,,,,,,,,,,,,,,,,,,,,,,,,,,,,,,,,meta 없음,,,"최근 미국 경제가 호조세를 보이고 있고, 트럼프 2기 행정부 출범과 국내 정치적 불안이 겹치면서 달러 대비 원화 환율은 지난달 말(30일) 오후 3시 30분 기준 1472.5원을 기록했다. 연간으로 따지면 무려 172.1원이 올랐다."
A0026-SP7783F9A665,A0026-SP7783F9A665-m2,환율 상승폭,금융·금리,-,172.1,원,원,currency,absolute_change,unspecified,증감량,현재값,KOSIS_VALUE,202501,M,전년,202401,1,559,550,TABLE_ONLY,META_NOT_LOADED,통계표 메타 조회 전 후보,"환율,기준",hybrid+reranker,166,Y,0.5500695109367371,0.10034840553998947,0.8063684735616893,,,408,DT_30404_N0010,지역별 전월세전환율,1985011,전국주택가격동향조사 > 전국주택가격동향(기준월 : 2026.01),meta_index 없음 또는 코드명 매칭 없음,,,,,,,,,,,,,,,,,,,,,,,,,,,,,,,,,,,,,,,,,,,,,meta 없음,,,"최근 미국 경제가 호조세를 보이고 있고, 트럼프 2기 행정부 출범과 국내 정치적 불안이 겹치면서 달러 대비 원화 환율은 지난달 말(30일) 오후 3시 30분 기준 1472.5원을 기록했다. 연간으로 따지면 무려 172.1원이 올랐다."
A0026-SP7783F9A665,A0026-SP7783F9A665-m2,환율 상승폭,금융·금리,-,172.1,원,원,currency,absolute_change,unspecified,증감량,현재값,KOSIS_VALUE,202501,M,전년,202401,2,550,,ALTERNATE,NOT_TOP_TABLE,후순위 통계표 후보,환율,hybrid+reranker,164,Y,,0.6728693246841431,0.4841269841269841,,,177,DT_11702_N126,2주간 이환율 추이,1973001,국민건강영양조사 > 건강행태 > 삶의 질,meta_index 없음 또는 코드명 매칭 없음,,,,,,,,,,,,,,,,,,,,,,,,,,,,,,,,,,,,,,,,,,,,,meta 없음,,,"최근 미국 경제가 호조세를 보이고 있고, 트럼프 2기 행정부 출범과 국내 정치적 불안이 겹치면서 달러 대비 원화 환율은 지난달 말(30일) 오후 3시 30분 기준 1472.5원을 기록했다. 연간으로 따지면 무려 172.1원이 올랐다."
A0026-SP7783F9A665,A0026-SP7783F9A665-m2,환율 상승폭,금융·금리,-,172.1,원,원,currency,absolute_change,unspecified,증감량,현재값,KOSIS_VALUE,202501,M,전년,202401,3,438,,ALTERNATE,NOT_TOP_TABLE,후순위 통계표 후보,환율,hybrid+reranker,164,Y,,0.367383748292923,0.4765625,,,152,DT_152009_A124,PB제품 하도급 단가 결정 고려 요인_환율 변화,2021003,하도급거래실태조사 > 제조업_원사업자 > 하도급거래 세부사항 > 전속거래·PB거래,meta_index 없음 또는 코드명 매칭 없음,,,,,,,,,,,,,,,,,,,,,,,,,,,,,,,,,,,,,,,,,,,,,meta 없음,,,"최근 미국 경제가 호조세를 보이고 있고, 트럼프 2기 행정부 출범과 국내 정치적 불안이 겹치면서 달러 대비 원화 환율은 지난달 말(30일) 오후 3시 30분 기준 1472.5원을 기록했다. 연간으로 따지면 무려 172.1원이 올랐다."
A0026-SP7783F9A665,A0026-SP7783F9A665-m2,환율 상승폭,금융·금리,-,172.1,원,원,currency,absolute_change,unspecified,증감량,현재값,KOSIS_VALUE,202501,M,전년,202401,4,360,,ALTERNATE,NOT_TOP_TABLE,후순위 통계표 후보,"환율,기준",hybrid+reranker,166,Y,,0.10052486509084702,0.5,,,408,DT_30404_N0009,규모별 전월세전환율,1985011,전국주택가격동향조사 > 전국주택가격동향(기준월 : 2026.01),meta_index 없음 또는 코드명 매칭 없음,,,,,,,,,,,,,,,,,,,,,,,,,,,,,,,,,,,,,,,,,,,,,meta 없음,,,"최근 미국 경제가 호조세를 보이고 있고, 트럼프 2기 행정부 출범과 국내 정치적 불안이 겹치면서 달러 대비 원화 환율은 지난달 말(30일) 오후 3시 30분 기준 1472.5원을 기록했다. 연간으로 따지면 무려 172.1원이 올랐다."
A0026-SP7783F9A665,A0026-SP7783F9A665-m2,환율 상승폭,금융·금리,-,172.1,원,원,currency,absolute_change,unspecified,증감량,현재값,KOSIS_VALUE,202501,M,전년,202401,5,359,,ALTERNATE,NOT_TOP_TABLE,후순위 통계표 후보,환율,hybrid+reranker,164,Y,,0.24981309473514557,0.41780821917808214,,,152,DT_152009_B038,하도급 단가 결정 고려 요인_환율 변화,2021003,하도급거래실태조사 > 제조업_수급사업자 > 하도급거래 세부사항 > 거래 제반,meta_index 없음 또는 코드명 매칭 없음,,,,,,,,,,,,,,,,,,,,,,,,,,,,,,,,,,,,,,,,,,,,,meta 없음,,,"최근 미국 경제가 호조세를 보이고 있고, 트럼프 2기 행정부 출범과 국내 정치적 불안이 겹치면서 달러 대비 원화 환율은 지난달 말(30일) 오후 3시 30분 기준 1472.5원을 기록했다. 연간으로 따지면 무려 172.1원이 올랐다."
A0026-SP62C4E813C9,A0026-SP62C4E813C9-m1,환율 상승폭,금융·금리,-,172.1,원,원,currency,absolute_change,unspecified,증감량,현재값,KOSIS_VALUE,2025,Y,전년,2024,1,641,586,TABLE_ONLY,META_NOT_LOADED,통계표 메타 조회 전 후보,환율,hybrid+reranker,164,Y,0.6136572957038879,0.03289904072880745,0.9682539682539681,,,408,DT_30404_N0009,규모별 전월세전환율,1985011,전국주택가격동향조사 > 전국주택가격동향(기준월 : 2026.01),meta_index 없음 또는 코드명 매칭 없음,,,,,,,,,,,,,,,,,,,,,,,,,,,,,,,,,,,,,,,,,,,,,meta 없음,,,연간으로 따지면 무려 172.1원이 올랐다.
A0026-SP62C4E813C9,A0026-SP62C4E813C9-m1,환율 상승폭,금융·금리,-,172.1,원,원,currency,absolute_change,unspecified,증감량,현재값,KOSIS_VALUE,2025,Y,전년,2024,2,586,,ALTERNATE,NOT_TOP_TABLE,후순위 통계표 후보,환율,hybrid+reranker,164,Y,0.6121253371238708,0.028167473152279854,0.8857323232323232,,,408,DT_30404_N0010,지역별 전월세전환율,1985011,전국주택가격동향조사 > 전국주택가격동향(기준월 : 2026.01),meta_index 없음 또는 코드명 매칭 없음,,,,,,,,,,,,,,,,,,,,,,,,,,,,,,,,,,,,,,,,,,,,,meta 없음,,,연간으로 따지면 무려 172.1원이 올랐다.
A0026-SP62C4E813C9,A0026-SP62C4E813C9-m1,환율 상승폭,금융·금리,-,172.1,원,원,currency,absolute_change,unspecified,증감량,현재값,KOSIS_VALUE,2025,Y,전년,2024,3,390,,ALTERNATE,NOT_TOP_TABLE,후순위 통계표 후보,환율,hybrid+reranker,164,Y,,0.18476751446723938,0.5,,,177,DT_11702_N126,2주간 이환율 추이,1973001,국민건강영양조사 > 건강행태 > 삶의 질,meta_index 없음 또는 코드명 매칭 없음,,,,,,,,,,,,,,,,,,,,,,,,,,,,,,,,,,,,,,,,,,,,,meta 없음,,,연간으로 따지면 무려 172.1원이 올랐다.
A0026-SP62C4E813C9,A0026-SP62C4E813C9-m1,환율 상승폭,금융·금리,-,172.1,원,원,currency,absolute_change,unspecified,증감량,현재값,KOSIS_VALUE,2025,Y,전년,2024,4,358,,ALTERNATE,NOT_TOP_TABLE,후순위 통계표 후보,환율,hybrid+reranker,164,Y,,0.10856642574071884,0.4919354838709677,,,152,DT_152009_A124,PB제품 하도급 단가 결정 고려 요인_환율 변화,2021003,하도급거래실태조사 > 제조업_원사업자 > 하도급거래 세부사항 > 전속거래·PB거래,meta_index 없음 또는 코드명 매칭 없음,,,,,,,,,,,,,,,,,,,,,,,,,,,,,,,,,,,,,,,,,,,,,meta 없음,,,연간으로 따지면 무려 172.1원이 올랐다.
A0026-SP62C4E813C9,A0026-SP62C4E813C9-m1,환율 상승폭,금융·금리,-,172.1,원,원,currency,absolute_change,unspecified,증감량,현재값,KOSIS_VALUE,2025,Y,전년,2024,5,310,,ALTERNATE,NOT_TOP_TABLE,후순위 통계표 후보,환율,hybrid+reranker,164,Y,,0.0019117692718282342,0.4765625,,,408,DT_40801_N4206_06,상권별 소규모 상가 전환율,2014002,상업용부동산임대동향조사 > 2024년 3분기 이후 > 상가 > 소규모,meta_index 없음 또는 코드명 매칭 없음,,,,,,,,,,,,,,,,,,,,,,,,,,,,,,,,,,,,,,,,,,,,,meta 없음,,,연간으로 따지면 무려 172.1원이 올랐다.
A0029-SPEA6B4D01A2,A0029-SPEA6B4D01A2-m1,완성차 판매량,소매·소비,완성차,0.6,%,%,rate,rate_change,item,증감률,증감률,KOSIS_VALUE,2024,Y,전년,2023,1,616,585,TABLE_ONLY,META_NOT_LOADED,통계표 메타 조회 전 후보,2023년,hybrid+reranker,-150,N,0.6583778262138367,0.831963837146759,0.5,,,395,DT_395N_S2023299,매출액 수준: 2023년,2003024,한국기업혁신조사 > 2024년도 조사(제조업 부문) > 매출액 및 수출액 수준,meta_index 없음 또는 코드명 매칭 없음,,,,,,,,,,,,,,,,,,,,,,,,,,,,,,,,,,,,,,,,,,,,,meta 없음,,,"작년 국내 완성차 업체들의 판매량이 2023년 대비 0.6% 줄며, 3년만에 감소세로 돌아섰다."
A0029-SPEA6B4D01A2,A0029-SPEA6B4D01A2-m1,완성차 판매량,소매·소비,완성차,0.6,%,%,rate,rate_change,item,증감률,증감률,KOSIS_VALUE,2024,Y,전년,2023,2,585,,ALTERNATE,NOT_TOP_TABLE,후순위 통계표 후보,"판매,2023년",hybrid+reranker,-143,N,0.6472659707069397,0.8397339582443237,0.44852941176470584,,,142,DT_G40026,현금 판매비율별 구성비,1967005,중소기업실태조사 > 2021년 ~ 2023년 > 제조업 > 판매,meta_index 없음 또는 코드명 매칭 없음,,,,,,,,,,,,,,,,,,,,,,,,,,,,,,,,,,,,,,,,,,,,,meta 없음,,,"작년 국내 완성차 업체들의 판매량이 2023년 대비 0.6% 줄며, 3년만에 감소세로 돌아섰다."
A0029-SPEA6B4D01A2,A0029-SPEA6B4D01A2-m1,완성차 판매량,소매·소비,완성차,0.6,%,%,rate,rate_change,item,증감률,증감률,KOSIS_VALUE,2024,Y,전년,2023,3,582,,ALTERNATE,NOT_TOP_TABLE,후순위 통계표 후보,"판매,2023년",hybrid+reranker,-147,N,0.6530060768127441,0.7636600732803345,0.4841269841269841,,,142,DT_3ME0147,시도/산업중분류별 상품 판매처별 매출 비율,2019021,소상공인실태조사 > 등록기반 > 2023년~ > 경영현황,meta_index 없음 또는 코드명 매칭 없음,,,,,,,,,,,,,,,,,,,,,,,,,,,,,,,,,,,,,,,,,,,,,meta 없음,,,"작년 국내 완성차 업체들의 판매량이 2023년 대비 0.6% 줄며, 3년만에 감소세로 돌아섰다."
A0029-SPEA6B4D01A2,A0029-SPEA6B4D01A2-m1,완성차 판매량,소매·소비,완성차,0.6,%,%,rate,rate_change,item,증감률,증감률,KOSIS_VALUE,2024,Y,전년,2023,4,569,,ALTERNATE,NOT_TOP_TABLE,후순위 통계표 후보,"판매,2023년",hybrid+reranker,-151,N,0.6422945261001587,0.8984104990959167,0.39102564102564097,,,142,DT_G40024,매출형태별 매출액,1967005,중소기업실태조사 > 2021년 ~ 2023년 > 제조업 > 판매,meta_index 없음 또는 코드명 매칭 없음,,,,,,,,,,,,,,,,,,,,,,,,,,,,,,,,,,,,,,,,,,,,,meta 없음,,,"작년 국내 완성차 업체들의 판매량이 2023년 대비 0.6% 줄며, 3년만에 감소세로 돌아섰다."
A0029-SPEA6B4D01A2,A0029-SPEA6B4D01A2-m1,완성차 판매량,소매·소비,완성차,0.6,%,%,rate,rate_change,item,증감률,증감률,KOSIS_VALUE,2024,Y,전년,2023,5,555,,ALTERNATE,NOT_TOP_TABLE,후순위 통계표 후보,"2023년,서비스",hybrid+reranker,-144,N,0.6455021500587463,0.7869504690170288,0.4295774647887324,,,395,DT_395N_S2024266,매출액 수준: 2023년,2003024,한국기업혁신조사 > 2025년도 조사(서비스 부문) > 매출액 및 수출액 수준,meta_index 없음 또는 코드명 매칭 없음,,,,,,,,,,,,,,,,,,,,,,,,,,,,,,,,,,,,,,,,,,,,,meta 없음,,,"작년 국내 완성차 업체들의 판매량이 2023년 대비 0.6% 줄며, 3년만에 감소세로 돌아섰다."
A0029-SPE22372050C,A0029-SPE22372050C-m1,완성차 판매량 증감률,소매·소비,완성차,6,%,%,rate,rate_change,item,증감률,증감률,KOSIS_VALUE,2024,Y,전년,2023,1,498,497,TABLE_ONLY,META_NOT_LOADED,통계표 메타 조회 전 후보,"수출액,수출",hybrid+reranker,-88,N,0.6524986028671265,0.4953576326370239,0.5,,,395,DT_395N_S2023296,수출액 수준: 2021년,2003024,한국기업혁신조사 > 2024년도 조사(제조업 부문) > 매출액 및 수출액 수준,meta_index 없음 또는 코드명 매칭 없음,,,,,,,,,,,,,,,,,,,,,,,,,,,,,,,,,,,,,,,,,,,,,meta 없음,,,"경기 침체 속 내수 판매가 6%대 급감했고, 수출은 전체적으로 보합세를 보인 가운데 현대차와 르노코리아 등 판매량이 큰 폭으로 줄었다."
A0029-SPE22372050C,A0029-SPE22372050C-m1,완성차 판매량 증감률,소매·소비,완성차,6,%,%,rate,rate_change,item,증감률,증감률,KOSIS_VALUE,2024,Y,전년,2023,2,497,,ALTERNATE,NOT_TOP_TABLE,후순위 통계표 후보,"수출액,수출",hybrid+reranker,-88,N,0.6499453783035278,0.5221869349479675,0.4841269841269841,,,395,DT_395N_S2023300,수출액 수준: 2023년,2003024,한국기업혁신조사 > 2024년도 조사(제조업 부문) > 매출액 및 수출액 수준,meta_index 없음 또는 코드명 매칭 없음,,,,,,,,,,,,,,,,,,,,,,,,,,,,,,,,,,,,,,,,,,,,,meta 없음,,,"경기 침체 속 내수 판매가 6%대 급감했고, 수출은 전체적으로 보합세를 보인 가운데 현대차와 르노코리아 등 판매량이 큰 폭으로 줄었다."
A0029-SPE22372050C,A0029-SPE22372050C-m1,완성차 판매량 증감률,소매·소비,완성차,6,%,%,rate,rate_change,item,증감률,증감률,KOSIS_VALUE,2024,Y,전년,2023,3,496,,ALTERNATE,NOT_TOP_TABLE,후순위 통계표 후보,"수출액,수출",hybrid+reranker,-88,N,0.650202751159668,0.503358781337738,0.4919354838709677,,,395,DT_395N_S2023298,수출액 수준: 2022년,2003024,한국기업혁신조사 > 2024년도 조사(제조업 부문) > 매출액 및 수출액 수준,meta_index 없음 또는 코드명 매칭 없음,,,,,,,,,,,,,,,,,,,,,,,,,,,,,,,,,,,,,,,,,,,,,meta 없음,,,"경기 침체 속 내수 판매가 6%대 급감했고, 수출은 전체적으로 보합세를 보인 가운데 현대차와 르노코리아 등 판매량이 큰 폭으로 줄었다."
A0029-SPE22372050C,A0029-SPE22372050C-m1,완성차 판매량 증감률,소매·소비,완성차,6,%,%,rate,rate_change,item,증감률,증감률,KOSIS_VALUE,2024,Y,전년,2023,4,487,,ALTERNATE,NOT_TOP_TABLE,후순위 통계표 후보,자동차,hybrid+reranker,-106,N,0.6467844247817993,0.5071711540222168,0.4765625,,,115,DT_115042_25_014,전년도 대비 당해년도 연간 자동차 부품산업 매출액 증감 여부,2025009,자동차부품산업실태조사,meta_index 없음 또는 코드명 매칭 없음,,,,,,,,,,,,,,,,,,,,,,,,,,,,,,,,,,,,,,,,,,,,,meta 없음,,,"경기 침체 속 내수 판매가 6%대 급감했고, 수출은 전체적으로 보합세를 보인 가운데 현대차와 르노코리아 등 판매량이 큰 폭으로 줄었다."
A0029-SPE22372050C,A0029-SPE22372050C-m1,완성차 판매량 증감률,소매·소비,완성차,6,%,%,rate,rate_change,item,증감률,증감률,KOSIS_VALUE,2024,Y,전년,2023,5,481,,ALTERNATE,NOT_TOP_TABLE,후순위 통계표 후보,"수출액,수출,서비스",hybrid+reranker,-82,N,0.6423254609107971,0.5407117009162903,0.44852941176470584,,,395,DT_395N_S2024269,수출액 수준: 2024년,2003024,한국기업혁신조사 > 2025년도 조사(서비스 부문) > 매출액 및 수출액 수준,meta_index 없음 또는 코드명 매칭 없음,,,,,,,,,,,,,,,,,,,,,,,,,,,,,,,,,,,,,,,,,,,,,meta 없음,,,"경기 침체 속 내수 판매가 6%대 급감했고, 수출은 전체적으로 보합세를 보인 가운데 현대차와 르노코리아 등 판매량이 큰 폭으로 줄었다."
A0029-SP91B0F27655,A0029-SP91B0F27655-m2,완성차 판매량,소매·소비,완성차,7947170,대,대,count,count,item,수준값,현재값,KOSIS_VALUE,2024,Y,전년,,1,657,655,TABLE_ONLY,META_NOT_LOADED,통계표 메타 조회 전 후보,자동차,hybrid+reranker,-124,N,0.580229640007019,0.9489172697067261,0.5,,,110,DT_110001_A029,자동차 등록대수,1976004,한국도시통계 > 한국도시통계(2023~) > 건설·교통,meta_index 없음 또는 코드명 매칭 없음,,,,,,,,,,,,,,,,,,,,,,,,,,,,,,,,,,,,,,,,,,,,,meta 없음,,,"국내 완성차 5사(현대차, 기아, GM 한국사업장, KG모빌리티, 르노코리아)는 작년 794만7170대를 국내외에 판매했다고 3일 밝혔다."
A0029-SP91B0F27655,A0029-SP91B0F27655-m2,완성차 판매량,소매·소비,완성차,7947170,대,대,count,count,item,수준값,현재값,KOSIS_VALUE,2024,Y,전년,,2,655,,ALTERNATE,NOT_TOP_TABLE,후순위 통계표 후보,차량,hybrid+reranker,-136,N,0.5795013904571533,0.9589241147041321,0.4919354838709677,,,101,DT_1I202007,산업별/보유차량규모별 총괄,1978009,운수업조사 > 등록기반 > 운수업부문 > 10차 산업분류(2020~2023),meta_index 없음 또는 코드명 매칭 없음,,,,,,,,,,,,,,,,,,,,,,,,,,,,,,,,,,,,,,,,,,,,,meta 없음,,,"국내 완성차 5사(현대차, 기아, GM 한국사업장, KG모빌리티, 르노코리아)는 작년 794만7170대를 국내외에 판매했다고 3일 밝혔다."
A0029-SP91B0F27655,A0029-SP91B0F27655-m2,완성차 판매량,소매·소비,완성차,7947170,대,대,count,count,item,수준값,현재값,KOSIS_VALUE,2024,Y,전년,,3,629,,ALTERNATE,NOT_TOP_TABLE,후순위 통계표 후보,"수출,자동차",hybrid+reranker,-130,N,0.5754972100257874,0.9124361872673035,0.4765625,,,115,DT_115042_25_043,향후 수출 계획이 있는 국가_1순위,2025009,자동차부품산업실태조사,meta_index 없음 또는 코드명 매칭 없음,,,,,,,,,,,,,,,,,,,,,,,,,,,,,,,,,,,,,,,,,,,,,meta 없음,,,"국내 완성차 5사(현대차, 기아, GM 한국사업장, KG모빌리티, 르노코리아)는 작년 794만7170대를 국내외에 판매했다고 3일 밝혔다."
A0029-SP91B0F27655,A0029-SP91B0F27655-m2,완성차 판매량,소매·소비,완성차,7947170,대,대,count,count,item,수준값,현재값,KOSIS_VALUE,2024,Y,전년,,4,629,,ALTERNATE,NOT_TOP_TABLE,후순위 통계표 후보,"수출,자동차",hybrid+reranker,-130,N,0.5749109983444214,0.9246877431869507,0.46923076923076923,,,115,DT_115042_25_044,향후 수출 계획이 있는 국가_1+2순위,2025009,자동차부품산업실태조사,meta_index 없음 또는 코드명 매칭 없음,,,,,,,,,,,,,,,,,,,,,,,,,,,,,,,,,,,,,,,,,,,,,meta 없음,,,"국내 완성차 5사(현대차, 기아, GM 한국사업장, KG모빌리티, 르노코리아)는 작년 794만7170대를 국내외에 판매했다고 3일 밝혔다."
A0029-SP91B0F27655,A0029-SP91B0F27655-m2,완성차 판매량,소매·소비,완성차,7947170,대,대,count,count,item,수준값,현재값,KOSIS_VALUE,2024,Y,전년,,5,627,,ALTERNATE,NOT_TOP_TABLE,후순위 통계표 후보,차량,hybrid+reranker,-436,N,0.567630410194397,0.9575167298316956,0.44852941176470584,,,101,DT_1I100007,산업별/보유차량규모별 총괄,1978009,운수업조사 > 조사기반 > 운수업부문 > 10차 산업분류(2007~2019),meta_index 없음 또는 코드명 매칭 없음,,,,,,,,,,,,,,,,,,,,,,,,,,,,,,,,,,,,,,,,,,,,,meta 없음,,,"국내 완성차 5사(현대차, 기아, GM 한국사업장, KG모빌리티, 르노코리아)는 작년 794만7170대를 국내외에 판매했다고 3일 밝혔다."
A0029-SPC266C13A00,A0029-SPC266C13A00-m1,완성차 판매량,소매·소비,완성차,1356706,대,대,count,count,item,수준값,현재값,KOSIS_VALUE,2024,Y,전년,,1,484,475,TABLE_ONLY,META_NOT_LOADED,통계표 메타 조회 전 후보,자동차,hybrid+reranker,-142,N,0.6349331736564636,0.5726630091667175,0.43571428571428567,,,115,DT_115042_25_024,생산 품목별 수출 금액(합계),2025009,자동차부품산업실태조사,meta_index 없음 또는 코드명 매칭 없음,,,,,,,,,,,,,,,,,,,,,,,,,,,,,,,,,,,,,,,,,,,,,meta 없음,,,"국내 판매는 135만6706대로 전년 대비 6.4% 줄었고, 해외 판매는 658만4378대로 같은 기간 0.7% 늘었다."
A0029-SPC266C13A00,A0029-SPC266C13A00-m1,완성차 판매량,소매·소비,완성차,1356706,대,대,count,count,item,수준값,현재값,KOSIS_VALUE,2024,Y,전년,,2,475,,ALTERNATE,NOT_TOP_TABLE,후순위 통계표 후보,자동차,hybrid+reranker,-106,N,0.6398652791976929,0.4716338515281677,0.4765625,,,115,DT_115042_25_014,전년도 대비 당해년도 연간 자동차 부품산업 매출액 증감 여부,2025009,자동차부품산업실태조사,meta_index 없음 또는 코드명 매칭 없음,,,,,,,,,,,,,,,,,,,,,,,,,,,,,,,,,,,,,,,,,,,,,meta 없음,,,"국내 판매는 135만6706대로 전년 대비 6.4% 줄었고, 해외 판매는 658만4378대로 같은 기간 0.7% 늘었다."
A0029-SPC266C13A00,A0029-SPC266C13A00-m1,완성차 판매량,소매·소비,완성차,1356706,대,대,count,count,item,수준값,현재값,KOSIS_VALUE,2024,Y,전년,,3,448,,ALTERNATE,NOT_TOP_TABLE,후순위 통계표 후보,,hybrid+reranker,-460,N,0.6487371325492859,0.3519790470600128,0.5,,,115,DT_115034_B021,당해년도 말 기준 매출 및 수출 현황,2016003,뿌리산업실태조사 > 2021년 이후 > 재무 현황,meta_index 없음 또는 코드명 매칭 없음,,,,,,,,,,,,,,,,,,,,,,,,,,,,,,,,,,,,,,,,,,,,,meta 없음,,,"국내 판매는 135만6706대로 전년 대비 6.4% 줄었고, 해외 판매는 658만4378대로 같은 기간 0.7% 늘었다."
A0029-SPC266C13A00,A0029-SPC266C13A00-m1,완성차 판매량,소매·소비,완성차,1356706,대,대,count,count,item,수준값,현재값,KOSIS_VALUE,2024,Y,전년,,4,437,,ALTERNATE,NOT_TOP_TABLE,후순위 통계표 후보,,hybrid+reranker,-460,N,0.6426565647125244,0.333720326423645,0.4919354838709677,,,115,DT_115034_A021,당해년도 말 기준 매출 및 수출 현황,2016003,뿌리산업실태조사 > 2020년 이전 > 재무 현황,meta_index 없음 또는 코드명 매칭 없음,,,,,,,,,,,,,,,,,,,,,,,,,,,,,,,,,,,,,,,,,,,,,meta 없음,,,"국내 판매는 135만6706대로 전년 대비 6.4% 줄었고, 해외 판매는 658만4378대로 같은 기간 0.7% 늘었다."
A0029-SPC266C13A00,A0029-SPC266C13A00-m1,완성차 판매량,소매·소비,완성차,1356706,대,대,count,count,item,수준값,현재값,KOSIS_VALUE,2024,Y,전년,,5,432,,ALTERNATE,NOT_TOP_TABLE,후순위 통계표 후보,,hybrid+reranker,-160,N,0.6376138925552368,0.36206647753715515,0.46923076923076923,,,395,DT_395N_S2023298,수출액 수준: 2022년,2003024,한국기업혁신조사 > 2024년도 조사(제조업 부문) > 매출액 및 수출액 수준,meta_index 없음 또는 코드명 매칭 없음,,,,,,,,,,,,,,,,,,,,,,,,,,,,,,,,,,,,,,,,,,,,,meta 없음,,,"국내 판매는 135만6706대로 전년 대비 6.4% 줄었고, 해외 판매는 658만4378대로 같은 기간 0.7% 늘었다."
A0029-SPC266C13A00,A0029-SPC266C13A00-m2,완성차 판매량 증감률,소매·소비,완성차,6.4,%,%,rate,rate_change,item,증감률,증감률,KOSIS_VALUE,2024,Y,전년,2023,1,581,436,TABLE_ONLY,META_NOT_LOADED,통계표 메타 조회 전 후보,자동차,hybrid+reranker,-106,N,0.6620042324066162,0.731442391872406,0.5,,,115,DT_115042_25_014,전년도 대비 당해년도 연간 자동차 부품산업 매출액 증감 여부,2025009,자동차부품산업실태조사,meta_index 없음 또는 코드명 매칭 없음,,,,,,,,,,,,,,,,,,,,,,,,,,,,,,,,,,,,,,,,,,,,,meta 없음,,,"국내 판매는 135만6706대로 전년 대비 6.4% 줄었고, 해외 판매는 658만4378대로 같은 기간 0.7% 늘었다."
A0029-SPC266C13A00,A0029-SPC266C13A00-m2,완성차 판매량 증감률,소매·소비,완성차,6.4,%,%,rate,rate_change,item,증감률,증감률,KOSIS_VALUE,2024,Y,전년,2023,2,436,,ALTERNATE,NOT_TOP_TABLE,후순위 통계표 후보,,hybrid+reranker,-460,N,0.6366316080093384,0.37399014830589294,0.46923076923076923,,,113,DT_113_STBL_1027711,취급액(매출액) 감소율 - 업종별,2005045,광고산업조사 > 2021년이전 > 사업체현황-매출,meta_index 없음 또는 코드명 매칭 없음,,,,,,,,,,,,,,,,,,,,,,,,,,,,,,,,,,,,,,,,,,,,,meta 없음,,,"국내 판매는 135만6706대로 전년 대비 6.4% 줄었고, 해외 판매는 658만4378대로 같은 기간 0.7% 늘었다."
A0029-SPC266C13A00,A0029-SPC266C13A00-m2,완성차 판매량 증감률,소매·소비,완성차,6.4,%,%,rate,rate_change,item,증감률,증감률,KOSIS_VALUE,2024,Y,전년,2023,3,432,,ALTERNATE,NOT_TOP_TABLE,후순위 통계표 후보,,hybrid+reranker,-460,N,0.6325795650482178,0.4359014928340912,0.4295774647887324,,,113,DT_113_STBL_1031791,취급액(매출액) 감소율,2005045,광고산업조사 > 2022년이후,meta_index 없음 또는 코드명 매칭 없음,,,,,,,,,,,,,,,,,,,,,,,,,,,,,,,,,,,,,,,,,,,,,meta 없음,,,"국내 판매는 135만6706대로 전년 대비 6.4% 줄었고, 해외 판매는 658만4378대로 같은 기간 0.7% 늘었다."
A0029-SPC266C13A00,A0029-SPC266C13A00-m2,완성차 판매량 증감률,소매·소비,완성차,6.4,%,%,rate,rate_change,item,증감률,증감률,KOSIS_VALUE,2024,Y,전년,2023,4,419,,ALTERNATE,NOT_TOP_TABLE,후순위 통계표 후보,,hybrid+reranker,-160,N,0.6341029405593872,0.35064372420310974,0.4552238805970149,,,395,DT_395N_S2023300,수출액 수준: 2023년,2003024,한국기업혁신조사 > 2024년도 조사(제조업 부문) > 매출액 및 수출액 수준,meta_index 없음 또는 코드명 매칭 없음,,,,,,,,,,,,,,,,,,,,,,,,,,,,,,,,,,,,,,,,,,,,,meta 없음,,,"국내 판매는 135만6706대로 전년 대비 6.4% 줄었고, 해외 판매는 658만4378대로 같은 기간 0.7% 늘었다."
A0029-SPC266C13A00,A0029-SPC266C13A00-m2,완성차 판매량 증감률,소매·소비,완성차,6.4,%,%,rate,rate_change,item,증감률,증감률,KOSIS_VALUE,2024,Y,전년,2023,5,416,,ALTERNATE,NOT_TOP_TABLE,후순위 통계표 후보,,hybrid+reranker,-160,N,0.637617826461792,0.3030094802379608,0.4765625,,,395,DT_395N_S2023298,수출액 수준: 2022년,2003024,한국기업혁신조사 > 2024년도 조사(제조업 부문) > 매출액 및 수출액 수준,meta_index 없음 또는 코드명 매칭 없음,,,,,,,,,,,,,,,,,,,,,,,,,,,,,,,,,,,,,,,,,,,,,meta 없음,,,"국내 판매는 135만6706대로 전년 대비 6.4% 줄었고, 해외 판매는 658만4378대로 같은 기간 0.7% 늘었다."
A0029-SPC266C13A00,A0029-SPC266C13A00-m3,완성차 판매량,소매·소비,완성차,6584378,대,대,count,count,item,수준값,현재값,KOSIS_VALUE,2024,Y,전년,,1,484,475,TABLE_ONLY,META_NOT_LOADED,통계표 메타 조회 전 후보,자동차,hybrid+reranker,-142,N,0.6349331736564636,0.5726630091667175,0.43571428571428567,,,115,DT_115042_25_024,생산 품목별 수출 금액(합계),2025009,자동차부품산업실태조사,meta_index 없음 또는 코드명 매칭 없음,,,,,,,,,,,,,,,,,,,,,,,,,,,,,,,,,,,,,,,,,,,,,meta 없음,,,"국내 판매는 135만6706대로 전년 대비 6.4% 줄었고, 해외 판매는 658만4378대로 같은 기간 0.7% 늘었다."
A0029-SPC266C13A00,A0029-SPC266C13A00-m3,완성차 판매량,소매·소비,완성차,6584378,대,대,count,count,item,수준값,현재값,KOSIS_VALUE,2024,Y,전년,,2,475,,ALTERNATE,NOT_TOP_TABLE,후순위 통계표 후보,자동차,hybrid+reranker,-106,N,0.6398652791976929,0.4716338515281677,0.4765625,,,115,DT_115042_25_014,전년도 대비 당해년도 연간 자동차 부품산업 매출액 증감 여부,2025009,자동차부품산업실태조사,meta_index 없음 또는 코드명 매칭 없음,,,,,,,,,,,,,,,,,,,,,,,,,,,,,,,,,,,,,,,,,,,,,meta 없음,,,"국내 판매는 135만6706대로 전년 대비 6.4% 줄었고, 해외 판매는 658만4378대로 같은 기간 0.7% 늘었다."
A0029-SPC266C13A00,A0029-SPC266C13A00-m3,완성차 판매량,소매·소비,완성차,6584378,대,대,count,count,item,수준값,현재값,KOSIS_VALUE,2024,Y,전년,,3,448,,ALTERNATE,NOT_TOP_TABLE,후순위 통계표 후보,,hybrid+reranker,-460,N,0.6487371325492859,0.3519790470600128,0.5,,,115,DT_115034_B021,당해년도 말 기준 매출 및 수출 현황,2016003,뿌리산업실태조사 > 2021년 이후 > 재무 현황,meta_index 없음 또는 코드명 매칭 없음,,,,,,,,,,,,,,,,,,,,,,,,,,,,,,,,,,,,,,,,,,,,,meta 없음,,,"국내 판매는 135만6706대로 전년 대비 6.4% 줄었고, 해외 판매는 658만4378대로 같은 기간 0.7% 늘었다."
A0029-SPC266C13A00,A0029-SPC266C13A00-m3,완성차 판매량,소매·소비,완성차,6584378,대,대,count,count,item,수준값,현재값,KOSIS_VALUE,2024,Y,전년,,4,437,,ALTERNATE,NOT_TOP_TABLE,후순위 통계표 후보,,hybrid+reranker,-460,N,0.6426565647125244,0.333720326423645,0.4919354838709677,,,115,DT_115034_A021,당해년도 말 기준 매출 및 수출 현황,2016003,뿌리산업실태조사 > 2020년 이전 > 재무 현황,meta_index 없음 또는 코드명 매칭 없음,,,,,,,,,,,,,,,,,,,,,,,,,,,,,,,,,,,,,,,,,,,,,meta 없음,,,"국내 판매는 135만6706대로 전년 대비 6.4% 줄었고, 해외 판매는 658만4378대로 같은 기간 0.7% 늘었다."
A0029-SPC266C13A00,A0029-SPC266C13A00-m3,완성차 판매량,소매·소비,완성차,6584378,대,대,count,count,item,수준값,현재값,KOSIS_VALUE,2024,Y,전년,,5,432,,ALTERNATE,NOT_TOP_TABLE,후순위 통계표 후보,,hybrid+reranker,-160,N,0.6376138925552368,0.36206647753715515,0.46923076923076923,,,395,DT_395N_S2023298,수출액 수준: 2022년,2003024,한국기업혁신조사 > 2024년도 조사(제조업 부문) > 매출액 및 수출액 수준,meta_index 없음 또는 코드명 매칭 없음,,,,,,,,,,,,,,,,,,,,,,,,,,,,,,,,,,,,,,,,,,,,,meta 없음,,,"국내 판매는 135만6706대로 전년 대비 6.4% 줄었고, 해외 판매는 658만4378대로 같은 기간 0.7% 늘었다."
A0029-SPC266C13A00,A0029-SPC266C13A00-m4,완성차 판매량 증감률,소매·소비,완성차,0.7,%,%,rate,rate_change,item,증감률,증감률,KOSIS_VALUE,2024,Y,전년,2023,1,581,436,TABLE_ONLY,META_NOT_LOADED,통계표 메타 조회 전 후보,자동차,hybrid+reranker,-106,N,0.6620042324066162,0.731442391872406,0.5,,,115,DT_115042_25_014,전년도 대비 당해년도 연간 자동차 부품산업 매출액 증감 여부,2025009,자동차부품산업실태조사,meta_index 없음 또는 코드명 매칭 없음,,,,,,,,,,,,,,,,,,,,,,,,,,,,,,,,,,,,,,,,,,,,,meta 없음,,,"국내 판매는 135만6706대로 전년 대비 6.4% 줄었고, 해외 판매는 658만4378대로 같은 기간 0.7% 늘었다."
A0029-SPC266C13A00,A0029-SPC266C13A00-m4,완성차 판매량 증감률,소매·소비,완성차,0.7,%,%,rate,rate_change,item,증감률,증감률,KOSIS_VALUE,2024,Y,전년,2023,2,436,,ALTERNATE,NOT_TOP_TABLE,후순위 통계표 후보,,hybrid+reranker,-460,N,0.6366316080093384,0.37399014830589294,0.46923076923076923,,,113,DT_113_STBL_1027711,취급액(매출액) 감소율 - 업종별,2005045,광고산업조사 > 2021년이전 > 사업체현황-매출,meta_index 없음 또는 코드명 매칭 없음,,,,,,,,,,,,,,,,,,,,,,,,,,,,,,,,,,,,,,,,,,,,,meta 없음,,,"국내 판매는 135만6706대로 전년 대비 6.4% 줄었고, 해외 판매는 658만4378대로 같은 기간 0.7% 늘었다."
A0029-SPC266C13A00,A0029-SPC266C13A00-m4,완성차 판매량 증감률,소매·소비,완성차,0.7,%,%,rate,rate_change,item,증감률,증감률,KOSIS_VALUE,2024,Y,전년,2023,3,432,,ALTERNATE,NOT_TOP_TABLE,후순위 통계표 후보,,hybrid+reranker,-460,N,0.6325795650482178,0.4359014928340912,0.4295774647887324,,,113,DT_113_STBL_1031791,취급액(매출액) 감소율,2005045,광고산업조사 > 2022년이후,meta_index 없음 또는 코드명 매칭 없음,,,,,,,,,,,,,,,,,,,,,,,,,,,,,,,,,,,,,,,,,,,,,meta 없음,,,"국내 판매는 135만6706대로 전년 대비 6.4% 줄었고, 해외 판매는 658만4378대로 같은 기간 0.7% 늘었다."
A0029-SPC266C13A00,A0029-SPC266C13A00-m4,완성차 판매량 증감률,소매·소비,완성차,0.7,%,%,rate,rate_change,item,증감률,증감률,KOSIS_VALUE,2024,Y,전년,2023,4,419,,ALTERNATE,NOT_TOP_TABLE,후순위 통계표 후보,,hybrid+reranker,-160,N,0.6341029405593872,0.35064372420310974,0.4552238805970149,,,395,DT_395N_S2023300,수출액 수준: 2023년,2003024,한국기업혁신조사 > 2024년도 조사(제조업 부문) > 매출액 및 수출액 수준,meta_index 없음 또는 코드명 매칭 없음,,,,,,,,,,,,,,,,,,,,,,,,,,,,,,,,,,,,,,,,,,,,,meta 없음,,,"국내 판매는 135만6706대로 전년 대비 6.4% 줄었고, 해외 판매는 658만4378대로 같은 기간 0.7% 늘었다."
A0029-SPC266C13A00,A0029-SPC266C13A00-m4,완성차 판매량 증감률,소매·소비,완성차,0.7,%,%,rate,rate_change,item,증감률,증감률,KOSIS_VALUE,2024,Y,전년,2023,5,416,,ALTERNATE,NOT_TOP_TABLE,후순위 통계표 후보,,hybrid+reranker,-160,N,0.637617826461792,0.3030094802379608,0.4765625,,,395,DT_395N_S2023298,수출액 수준: 2022년,2003024,한국기업혁신조사 > 2024년도 조사(제조업 부문) > 매출액 및 수출액 수준,meta_index 없음 또는 코드명 매칭 없음,,,,,,,,,,,,,,,,,,,,,,,,,,,,,,,,,,,,,,,,,,,,,meta 없음,,,"국내 판매는 135만6706대로 전년 대비 6.4% 줄었고, 해외 판매는 658만4378대로 같은 기간 0.7% 늘었다."
A0029-SPEA449CDED3,A0029-SPEA449CDED3-m1,완성차 판매량,소매·소비,완성차,1791,대,대,count,count,item,수준값,현재값,KOSIS_VALUE,2024,Y,전년,,1,562,547,TABLE_ONLY,META_NOT_LOADED,통계표 메타 조회 전 후보,2023년,hybrid+reranker,-150,N,0.6166279911994934,0.849597156047821,0.4066666666666667,,,395,DT_395N_S2023299,매출액 수준: 2023년,2003024,한국기업혁신조사 > 2024년도 조사(제조업 부문) > 매출액 및 수출액 수준,meta_index 없음 또는 코드명 매칭 없음,,,,,,,,,,,,,,,,,,,,,,,,,,,,,,,,,,,,,,,,,,,,,meta 없음,,,"현대차는 지난해 판매량이 414만 1791대로, 2023년 대비 1.8% 감소했다."
A0029-SPEA449CDED3,A0029-SPEA449CDED3-m1,완성차 판매량,소매·소비,완성차,1791,대,대,count,count,item,수준값,현재값,KOSIS_VALUE,2024,Y,전년,,2,547,,ALTERNATE,NOT_TOP_TABLE,후순위 통계표 후보,판매,hybrid+reranker,-452,N,0.629082977771759,0.6772605776786804,0.4765625,,,136,DT_136022_2017_03_019,판매처별 판매물량 비중,2001010,임업경영실태조사 > 2019년이전 > 2차 가공 제조업 > 유통부문 > 2017년,meta_index 없음 또는 코드명 매칭 없음,,,,,,,,,,,,,,,,,,,,,,,,,,,,,,,,,,,,,,,,,,,,,meta 없음,,,"현대차는 지난해 판매량이 414만 1791대로, 2023년 대비 1.8% 감소했다."
A0029-SPEA449CDED3,A0029-SPEA449CDED3-m1,완성차 판매량,소매·소비,완성차,1791,대,대,count,count,item,수준값,현재값,KOSIS_VALUE,2024,Y,전년,,3,514,,ALTERNATE,NOT_TOP_TABLE,후순위 통계표 후보,,hybrid+reranker,-460,N,0.6250613927841187,0.5976078510284424,0.46923076923076923,,,113,DT_113_STBL_1031791,취급액(매출액) 감소율,2005045,광고산업조사 > 2022년이후,meta_index 없음 또는 코드명 매칭 없음,,,,,,,,,,,,,,,,,,,,,,,,,,,,,,,,,,,,,,,,,,,,,meta 없음,,,"현대차는 지난해 판매량이 414만 1791대로, 2023년 대비 1.8% 감소했다."
A0029-SPEA449CDED3,A0029-SPEA449CDED3-m1,완성차 판매량,소매·소비,완성차,1791,대,대,count,count,item,수준값,현재값,KOSIS_VALUE,2024,Y,전년,,4,513,,ALTERNATE,NOT_TOP_TABLE,후순위 통계표 후보,판매,hybrid+reranker,-452,N,0.6299828886985779,0.5676969289779663,0.4841269841269841,,,136,DT_13622_A755,생산제품 판매물량,2001010,임업경영실태조사 > 2019년이전 > 2차 가공 제조업 > 유통부문 > 2010년,meta_index 없음 또는 코드명 매칭 없음,,,,,,,,,,,,,,,,,,,,,,,,,,,,,,,,,,,,,,,,,,,,,meta 없음,,,"현대차는 지난해 판매량이 414만 1791대로, 2023년 대비 1.8% 감소했다."
A0029-SPEA449CDED3,A0029-SPEA449CDED3-m1,완성차 판매량,소매·소비,완성차,1791,대,대,count,count,item,수준값,현재값,KOSIS_VALUE,2024,Y,전년,,5,511,,ALTERNATE,NOT_TOP_TABLE,후순위 통계표 후보,"판매량,판매",hybrid+reranker,-116,N,0.6159018278121948,0.7158214449882507,0.4013157894736842,,,136,TX_136_2009_H2134,판매처별 판매량,2001010,임업경영실태조사 > 2019년이전 > 수액 채취업 > 유통부문 > 2015년 이전,meta_index 없음 또는 코드명 매칭 없음,,,,,,,,,,,,,,,,,,,,,,,,,,,,,,,,,,,,,,,,,,,,,meta 없음,,,"현대차는 지난해 판매량이 414만 1791대로, 2023년 대비 1.8% 감소했다."
A0029-SPEA449CDED3,A0029-SPEA449CDED3-m2,완성차 판매량 증감률,소매·소비,완성차,1.8,%,%,rate,rate_change,item,증감률,증감률,KOSIS_VALUE,2024,Y,전년,2023,1,560,553,TABLE_ONLY,META_NOT_LOADED,통계표 메타 조회 전 후보,2023년,hybrid+reranker,-150,N,0.6268652081489563,0.8236122727394104,0.41780821917808214,,,395,DT_395N_S2023299,매출액 수준: 2023년,2003024,한국기업혁신조사 > 2024년도 조사(제조업 부문) > 매출액 및 수출액 수준,meta_index 없음 또는 코드명 매칭 없음,,,,,,,,,,,,,,,,,,,,,,,,,,,,,,,,,,,,,,,,,,,,,meta 없음,,,"현대차는 지난해 판매량이 414만 1791대로, 2023년 대비 1.8% 감소했다."
A0029-SPEA449CDED3,A0029-SPEA449CDED3-m2,완성차 판매량 증감률,소매·소비,완성차,1.8,%,%,rate,rate_change,item,증감률,증감률,KOSIS_VALUE,2024,Y,전년,2023,2,553,,ALTERNATE,NOT_TOP_TABLE,후순위 통계표 후보,자동차,hybrid+reranker,-106,N,0.6672658920288086,0.6508002281188965,0.5,,,115,DT_115042_25_014,전년도 대비 당해년도 연간 자동차 부품산업 매출액 증감 여부,2025009,자동차부품산업실태조사,meta_index 없음 또는 코드명 매칭 없음,,,,,,,,,,,,,,,,,,,,,,,,,,,,,,,,,,,,,,,,,,,,,meta 없음,,,"현대차는 지난해 판매량이 414만 1791대로, 2023년 대비 1.8% 감소했다."
A0029-SPEA449CDED3,A0029-SPEA449CDED3-m2,완성차 판매량 증감률,소매·소비,완성차,1.8,%,%,rate,rate_change,item,증감률,증감률,KOSIS_VALUE,2024,Y,전년,2023,3,534,,ALTERNATE,NOT_TOP_TABLE,후순위 통계표 후보,판매,hybrid+reranker,-452,N,0.6357229948043823,0.6932653188705444,0.44852941176470584,,,136,DT_136022_2017_03_019,판매처별 판매물량 비중,2001010,임업경영실태조사 > 2019년이전 > 2차 가공 제조업 > 유통부문 > 2017년,meta_index 없음 또는 코드명 매칭 없음,,,,,,,,,,,,,,,,,,,,,,,,,,,,,,,,,,,,,,,,,,,,,meta 없음,,,"현대차는 지난해 판매량이 414만 1791대로, 2023년 대비 1.8% 감소했다."
A0029-SPEA449CDED3,A0029-SPEA449CDED3-m2,완성차 판매량 증감률,소매·소비,완성차,1.8,%,%,rate,rate_change,item,증감률,증감률,KOSIS_VALUE,2024,Y,전년,2023,4,528,,ALTERNATE,NOT_TOP_TABLE,후순위 통계표 후보,,hybrid+reranker,-460,N,0.6553963422775269,0.5951396822929382,0.4919354838709677,,,113,DT_113_STBL_1031791,취급액(매출액) 감소율,2005045,광고산업조사 > 2022년이후,meta_index 없음 또는 코드명 매칭 없음,,,,,,,,,,,,,,,,,,,,,,,,,,,,,,,,,,,,,,,,,,,,,meta 없음,,,"현대차는 지난해 판매량이 414만 1791대로, 2023년 대비 1.8% 감소했다."
A0029-SPEA449CDED3,A0029-SPEA449CDED3-m2,완성차 판매량 증감률,소매·소비,완성차,1.8,%,%,rate,rate_change,item,증감률,증감률,KOSIS_VALUE,2024,Y,전년,2023,5,479,,ALTERNATE,NOT_TOP_TABLE,후순위 통계표 후보,,hybrid+reranker,-460,N,0.6479425430297852,0.4701131582260132,0.4841269841269841,,,113,DT_113_STBL_1027711,취급액(매출액) 감소율 - 업종별,2005045,광고산업조사 > 2021년이전 > 사업체현황-매출,meta_index 없음 또는 코드명 매칭 없음,,,,,,,,,,,,,,,,,,,,,,,,,,,,,,,,,,,,,,,,,,,,,meta 없음,,,"현대차는 지난해 판매량이 414만 1791대로, 2023년 대비 1.8% 감소했다."
A0029-SPBB0C2661F9,A0029-SPBB0C2661F9-m1,해외 판매 증감률,소매·소비,완성차,0.5,%,%,rate,rate_change,item,증감률,증감률,KOSIS_VALUE,2024,Y,전년,2023,1,509,487,TABLE_ONLY,META_NOT_LOADED,통계표 메타 조회 전 후보,해외,hybrid+reranker,176,Y,0.6342743635177612,0.5679965615272522,0.4765625,,,127,DT_127004_A19002,국가별 해외 매출 발생 비중,2016050,데이터산업현황조사 > 해외 진출 현황 및 IT 투자 > 해외 진출 현황,meta_index 없음 또는 코드명 매칭 없음,,,,,,,,,,,,,,,,,,,,,,,,,,,,,,,,,,,,,,,,,,,,,meta 없음,,,"해외 판매가 0.5% 줄었고, 국내 판매가 7.5% 급감했다."
A0029-SPBB0C2661F9,A0029-SPBB0C2661F9-m1,해외 판매 증감률,소매·소비,완성차,0.5,%,%,rate,rate_change,item,증감률,증감률,KOSIS_VALUE,2024,Y,전년,2023,2,487,,ALTERNATE,NOT_TOP_TABLE,후순위 통계표 후보,해외,hybrid+reranker,176,Y,0.6280434131622314,0.5813624858856201,0.43571428571428567,,,127,DT_127004_A190,해외 매출 발생 여부 및 권역별 비중,2016050,데이터산업현황조사 > 해외 진출 현황 및 IT 투자 > 해외 진출 현황,meta_index 없음 또는 코드명 매칭 없음,,,,,,,,,,,,,,,,,,,,,,,,,,,,,,,,,,,,,,,,,,,,,meta 없음,,,"해외 판매가 0.5% 줄었고, 국내 판매가 7.5% 급감했다."
A0029-SPBB0C2661F9,A0029-SPBB0C2661F9-m1,해외 판매 증감률,소매·소비,완성차,0.5,%,%,rate,rate_change,item,증감률,증감률,KOSIS_VALUE,2024,Y,전년,2023,3,479,,ALTERNATE,NOT_TOP_TABLE,후순위 통계표 후보,해외,hybrid+reranker,176,Y,0.6307082176208496,0.5367681980133057,0.44852941176470584,,,127,DT_127004_A191,국가별 해외 매출 규모 비중,2016050,데이터산업현황조사 > 해외 진출 현황 및 IT 투자 > 해외 진출 현황,meta_index 없음 또는 코드명 매칭 없음,,,,,,,,,,,,,,,,,,,,,,,,,,,,,,,,,,,,,,,,,,,,,meta 없음,,,"해외 판매가 0.5% 줄었고, 국내 판매가 7.5% 급감했다."
A0029-SPBB0C2661F9,A0029-SPBB0C2661F9-m1,해외 판매 증감률,소매·소비,완성차,0.5,%,%,rate,rate_change,item,증감률,증감률,KOSIS_VALUE,2024,Y,전년,2023,4,438,,ALTERNATE,NOT_TOP_TABLE,후순위 통계표 후보,"국내,해외",hybrid+reranker,156,Y,0.6362053155899048,0.3529819846153259,0.4841269841269841,,,142,DT_V25_A049,주력제품 국내·외 시장 점유율,1999037,"벤처기업정밀실태조사 > 2024년 > 마케팅, 해외 수출 현황",meta_index 없음 또는 코드명 매칭 없음,,,,,,,,,,,,,,,,,,,,,,,,,,,,,,,,,,,,,,,,,,,,,meta 없음,,,"해외 판매가 0.5% 줄었고, 국내 판매가 7.5% 급감했다."
A0029-SPBB0C2661F9,A0029-SPBB0C2661F9-m1,해외 판매 증감률,소매·소비,완성차,0.5,%,%,rate,rate_change,item,증감률,증감률,KOSIS_VALUE,2024,Y,전년,2023,5,415,,ALTERNATE,NOT_TOP_TABLE,후순위 통계표 후보,"판매,서비스",hybrid+reranker,182,Y,,0.419112890958786,0.41216216216216217,,,142,DT_G40116,판매(매출)대금 수취방법,1967005,중소기업실태조사 > 2021년 ~ 2023년 > 서비스업 > 판매,meta_index 없음 또는 코드명 매칭 없음,,,,,,,,,,,,,,,,,,,,,,,,,,,,,,,,,,,,,,,,,,,,,meta 없음,,,"해외 판매가 0.5% 줄었고, 국내 판매가 7.5% 급감했다."
A0029-SPBB0C2661F9,A0029-SPBB0C2661F9-m2,국내 판매 증감률,소매·소비,완성차,7.5,%,%,rate,rate_change,item,증감률,증감률,KOSIS_VALUE,2024,Y,전년,2023,1,412,407,TABLE_ONLY,META_NOT_LOADED,통계표 메타 조회 전 후보,"판매,서비스",hybrid,182,Y,,,0.41216216216216217,,,142,DT_G40120,현금 판매대금 평균 수취기일,1967005,중소기업실태조사 > 2021년 ~ 2023년 > 서비스업 > 판매,meta_index 없음 또는 코드명 매칭 없음,,,,,,,,,,,,,,,,,,,,,,,,,,,,,,,,,,,,,,,,,,,,,meta 없음,,,"해외 판매가 0.5% 줄었고, 국내 판매가 7.5% 급감했다."
A0029-SPBB0C2661F9,A0029-SPBB0C2661F9-m2,국내 판매 증감률,소매·소비,완성차,7.5,%,%,rate,rate_change,item,증감률,증감률,KOSIS_VALUE,2024,Y,전년,2023,2,407,,ALTERNATE,NOT_TOP_TABLE,후순위 통계표 후보,"판매,서비스",hybrid,182,Y,,,0.4066666666666667,,,142,DT_G40117,현금 판매비율별 구성비,1967005,중소기업실태조사 > 2021년 ~ 2023년 > 서비스업 > 판매,meta_index 없음 또는 코드명 매칭 없음,,,,,,,,,,,,,,,,,,,,,,,,,,,,,,,,,,,,,,,,,,,,,meta 없음,,,"해외 판매가 0.5% 줄었고, 국내 판매가 7.5% 급감했다."
A0029-SPBB0C2661F9,A0029-SPBB0C2661F9-m2,국내 판매 증감률,소매·소비,완성차,7.5,%,%,rate,rate_change,item,증감률,증감률,KOSIS_VALUE,2024,Y,전년,2023,3,401,,ALTERNATE,NOT_TOP_TABLE,후순위 통계표 후보,"판매,서비스",hybrid,182,Y,,,0.4013157894736842,,,142,DT_G40121,현금성결제 판매대금 평균 수취기일,1967005,중소기업실태조사 > 2021년 ~ 2023년 > 서비스업 > 판매,meta_index 없음 또는 코드명 매칭 없음,,,,,,,,,,,,,,,,,,,,,,,,,,,,,,,,,,,,,,,,,,,,,meta 없음,,,"해외 판매가 0.5% 줄었고, 국내 판매가 7.5% 급감했다."
A0029-SPBB0C2661F9,A0029-SPBB0C2661F9-m2,국내 판매 증감률,소매·소비,완성차,7.5,%,%,rate,rate_change,item,증감률,증감률,KOSIS_VALUE,2024,Y,전년,2023,4,396,,ALTERNATE,NOT_TOP_TABLE,후순위 통계표 후보,"판매,국내",hybrid,232,Y,0.6169450879096985,,0.3961038961038961,,,145,DT_145003_A018,절임류 또는 조림류 품목별 국내판매액 변동현황,1998031,식품및식품첨가물생산실적 > 국내판매액 변동현황(품목군별) > 시군구 허가품목,meta_index 없음 또는 코드명 매칭 없음,,,,,,,,,,,,,,,,,,,,,,,,,,,,,,,,,,,,,,,,,,,,,meta 없음,,,"해외 판매가 0.5% 줄었고, 국내 판매가 7.5% 급감했다."
A0029-SPBB0C2661F9,A0029-SPBB0C2661F9-m2,국내 판매 증감률,소매·소비,완성차,7.5,%,%,rate,rate_change,item,증감률,증감률,KOSIS_VALUE,2024,Y,전년,2023,5,396,,ALTERNATE,NOT_TOP_TABLE,후순위 통계표 후보,"판매,서비스",hybrid,182,Y,,,0.3961038961038961,,,142,DT_G40118,현금성결제 판매비율별 구성비,1967005,중소기업실태조사 > 2021년 ~ 2023년 > 서비스업 > 판매,meta_index 없음 또는 코드명 매칭 없음,,,,,,,,,,,,,,,,,,,,,,,,,,,,,,,,,,,,,,,,,,,,,meta 없음,,,"해외 판매가 0.5% 줄었고, 국내 판매가 7.5% 급감했다."
A0029-SPD56DA1F73A,A0029-SPD56DA1F73A-m1,전기차 판매량,소매·소비,전기차,27.7,%,%,rate,rate_change,item,증감률,증감률,KOSIS_VALUE,2024,Y,전년,2023,1,556,550,TABLE_ONLY,META_NOT_LOADED,통계표 메타 조회 전 후보,판매,hybrid+reranker,-452,N,0.6139094829559326,0.7801604270935059,0.43571428571428567,,,136,DT_136022_2017_03_019,판매처별 판매물량 비중,2001010,임업경영실태조사 > 2019년이전 > 2차 가공 제조업 > 유통부문 > 2017년,meta_index 없음 또는 코드명 매칭 없음,,,,,,,,,,,,,,,,,,,,,,,,,,,,,,,,,,,,,,,,,,,,,meta 없음,,,작년 국내에서 현대차의 전기차 판매량은 1년 전보다 27.7%나 줄었다.
A0029-SPD56DA1F73A,A0029-SPD56DA1F73A-m1,전기차 판매량,소매·소비,전기차,27.7,%,%,rate,rate_change,item,증감률,증감률,KOSIS_VALUE,2024,Y,전년,2023,2,550,,ALTERNATE,NOT_TOP_TABLE,후순위 통계표 후보,판매,hybrid+reranker,-148,N,0.6231858730316162,0.6717936396598816,0.4841269841269841,,,444,DT_444001_024,"판매시설 유형, 시간대별 접근 가능 인구 비율(승용차)",2017089,교통접근성지표 > 판매시설유형별,meta_index 없음 또는 코드명 매칭 없음,,,,,,,,,,,,,,,,,,,,,,,,,,,,,,,,,,,,,,,,,,,,,meta 없음,,,작년 국내에서 현대차의 전기차 판매량은 1년 전보다 27.7%나 줄었다.
A0029-SPD56DA1F73A,A0029-SPD56DA1F73A-m1,전기차 판매량,소매·소비,전기차,27.7,%,%,rate,rate_change,item,증감률,증감률,KOSIS_VALUE,2024,Y,전년,2023,3,474,,ALTERNATE,NOT_TOP_TABLE,후순위 통계표 후보,판매,hybrid+reranker,-448,N,0.610948383808136,0.6361271142959595,0.38607594936708856,,,395,DT_395N_I2017020,제품 판매 시장,2003024,한국기업혁신조사 > 2018년도 조사(제조업 부문) > 회사 일반사항 > 제품 판매 시장,meta_index 없음 또는 코드명 매칭 없음,,,,,,,,,,,,,,,,,,,,,,,,,,,,,,,,,,,,,,,,,,,,,meta 없음,,,작년 국내에서 현대차의 전기차 판매량은 1년 전보다 27.7%나 줄었다.
A0029-SPD56DA1F73A,A0029-SPD56DA1F73A-m1,전기차 판매량,소매·소비,전기차,27.7,%,%,rate,rate_change,item,증감률,증감률,KOSIS_VALUE,2024,Y,전년,2023,4,429,,ALTERNATE,NOT_TOP_TABLE,후순위 통계표 후보,"판매,1년",hybrid+reranker,-450,N,0.6304881572723389,0.29757198691368103,0.5,,,127,DT_120008_2019B011,전자상거래 판매(수주)액 고객 유형별 비중,2004021,기업정보화통계조사 > 2019~2021년 > 정보화 응용,meta_index 없음 또는 코드명 매칭 없음,,,,,,,,,,,,,,,,,,,,,,,,,,,,,,,,,,,,,,,,,,,,,meta 없음,,,작년 국내에서 현대차의 전기차 판매량은 1년 전보다 27.7%나 줄었다.
A0029-SPD56DA1F73A,A0029-SPD56DA1F73A-m1,전기차 판매량,소매·소비,전기차,27.7,%,%,rate,rate_change,item,증감률,증감률,KOSIS_VALUE,2024,Y,전년,2023,5,425,,ALTERNATE,NOT_TOP_TABLE,후순위 통계표 후보,판매,hybrid+reranker,-452,N,0.6260392665863037,0.3005402386188507,0.4919354838709677,,,127,DT_120008_2022B011,전자상거래 판매(수주)액 고객 유형별 비중,2004021,기업정보화통계조사 > 2022년 이후 > 정보화 응용,meta_index 없음 또는 코드명 매칭 없음,,,,,,,,,,,,,,,,,,,,,,,,,,,,,,,,,,,,,,,,,,,,,meta 없음,,,작년 국내에서 현대차의 전기차 판매량은 1년 전보다 27.7%나 줄었다.
A0029-SPE90A2C2B22,A0029-SPE90A2C2B22-m1,판매량,소매·소비,기아,9457,대,대,count,count,item,수준값,현재값,KOSIS_VALUE,2024,Y,전년,,1,636,605,TABLE_ONLY,META_NOT_LOADED,통계표 메타 조회 전 후보,"판매,2023년",hybrid+reranker,-137,N,0.574561357498169,0.9575962424278259,0.4621212121212121,,,142,DT_G40025,판매(매출)대금 수취방법,1967005,중소기업실태조사 > 2021년 ~ 2023년 > 제조업 > 판매,meta_index 없음 또는 코드명 매칭 없음,,,,,,,,,,,,,,,,,,,,,,,,,,,,,,,,,,,,,,,,,,,,,meta 없음,,,기아는 작년 국내외에서 308만 9457대를 팔아 최고 판매 실적을 올린 2023년(308만7384대) 기록을 소폭 웃돌았다.
A0029-SPE90A2C2B22,A0029-SPE90A2C2B22-m1,판매량,소매·소비,기아,9457,대,대,count,count,item,수준값,현재값,KOSIS_VALUE,2024,Y,전년,,2,605,,ALTERNATE,NOT_TOP_TABLE,후순위 통계표 후보,"판매,2023년",hybrid+reranker,-149,N,0.5706313252449036,0.9416541457176208,0.42361111111111105,,,142,DT_G40024,매출형태별 매출액,1967005,중소기업실태조사 > 2021년 ~ 2023년 > 제조업 > 판매,meta_index 없음 또는 코드명 매칭 없음,,,,,,,,,,,,,,,,,,,,,,,,,,,,,,,,,,,,,,,,,,,,,meta 없음,,,기아는 작년 국내외에서 308만 9457대를 팔아 최고 판매 실적을 올린 2023년(308만7384대) 기록을 소폭 웃돌았다.
A0029-SPE90A2C2B22,A0029-SPE90A2C2B22-m1,판매량,소매·소비,기아,9457,대,대,count,count,item,수준값,현재값,KOSIS_VALUE,2024,Y,전년,,3,599,,ALTERNATE,NOT_TOP_TABLE,후순위 통계표 후보,"판매,서비스,2023년",hybrid+reranker,-131,N,0.5730887055397034,0.87716144323349,0.44852941176470584,,,395,DT_395N_S2022309,제품 판매 시장 - 1+2순위,2003024,한국기업혁신조사 > 2023년도 조사(서비스 부문) > 제품 판매 시장,meta_index 없음 또는 코드명 매칭 없음,,,,,,,,,,,,,,,,,,,,,,,,,,,,,,,,,,,,,,,,,,,,,meta 없음,,,기아는 작년 국내외에서 308만 9457대를 팔아 최고 판매 실적을 올린 2023년(308만7384대) 기록을 소폭 웃돌았다.
A0029-SPE90A2C2B22,A0029-SPE90A2C2B22-m1,판매량,소매·소비,기아,9457,대,대,count,count,item,수준값,현재값,KOSIS_VALUE,2024,Y,전년,,4,599,,ALTERNATE,NOT_TOP_TABLE,후순위 통계표 후보,"판매,서비스,2023년",hybrid+reranker,-131,N,0.5725107192993164,0.8908652067184448,0.44202898550724634,,,395,DT_395N_S2022308,제품 판매 시장 - 1순위,2003024,한국기업혁신조사 > 2023년도 조사(서비스 부문) > 제품 판매 시장,meta_index 없음 또는 코드명 매칭 없음,,,,,,,,,,,,,,,,,,,,,,,,,,,,,,,,,,,,,,,,,,,,,meta 없음,,,기아는 작년 국내외에서 308만 9457대를 팔아 최고 판매 실적을 올린 2023년(308만7384대) 기록을 소폭 웃돌았다.
A0029-SPE90A2C2B22,A0029-SPE90A2C2B22-m1,판매량,소매·소비,기아,9457,대,대,count,count,item,수준값,현재값,KOSIS_VALUE,2024,Y,전년,,5,582,,ALTERNATE,NOT_TOP_TABLE,후순위 통계표 후보,"판매,2023년",hybrid+reranker,-137,N,0.5719448924064636,0.8533025979995728,0.43571428571428567,,,142,DT_G40028,어음 판매비율별 구성비,1967005,중소기업실태조사 > 2021년 ~ 2023년 > 제조업 > 판매,meta_index 없음 또는 코드명 매칭 없음,,,,,,,,,,,,,,,,,,,,,,,,,,,,,,,,,,,,,,,,,,,,,meta 없음,,,기아는 작년 국내외에서 308만 9457대를 팔아 최고 판매 실적을 올린 2023년(308만7384대) 기록을 소폭 웃돌았다.
A0029-SP31842CA273,A0029-SP31842CA273-m1,해외 판매 증가율,소매·소비,완성차,1,%,%,rate,rate_change,item,증감률,증감률,KOSIS_VALUE,2024,Y,전년,2023,1,484,480,TABLE_ONLY,META_NOT_LOADED,통계표 메타 조회 전 후보,"해외,서비스",hybrid+reranker,182,Y,0.632735013961792,0.014227046631276608,0.7364806246385194,,,462,DT_462001_021,해외 프로젝트 계약건수 및 연간 매출액,2022016,"건축서비스산업실태조사 > 해외업체와의 협업, 해외프로젝트",meta_index 없음 또는 코드명 매칭 없음,,,,,,,,,,,,,,,,,,,,,,,,,,,,,,,,,,,,,,,,,,,,,meta 없음,,,"해외 판매가 1% 늘었지만, 국내 판매량은 4.2% 줄었다."
A0029-SP31842CA273,A0029-SP31842CA273-m1,해외 판매 증가율,소매·소비,완성차,1,%,%,rate,rate_change,item,증감률,증감률,KOSIS_VALUE,2024,Y,전년,2023,2,480,,ALTERNATE,NOT_TOP_TABLE,후순위 통계표 후보,해외,hybrid+reranker,176,Y,0.6432555317878723,0.5942569375038147,0.41780821917808214,,,127,DT_127004_A190,해외 매출 발생 여부 및 권역별 비중,2016050,데이터산업현황조사 > 해외 진출 현황 및 IT 투자 > 해외 진출 현황,meta_index 없음 또는 코드명 매칭 없음,,,,,,,,,,,,,,,,,,,,,,,,,,,,,,,,,,,,,,,,,,,,,meta 없음,,,"해외 판매가 1% 늘었지만, 국내 판매량은 4.2% 줄었다."
A0029-SP31842CA273,A0029-SP31842CA273-m1,해외 판매 증가율,소매·소비,완성차,1,%,%,rate,rate_change,item,증감률,증감률,KOSIS_VALUE,2024,Y,전년,2023,3,479,,ALTERNATE,NOT_TOP_TABLE,후순위 통계표 후보,해외,hybrid+reranker,176,Y,0.6409966349601746,0.6021201014518738,0.41216216216216217,,,127,DT_127004_A19002,국가별 해외 매출 발생 비중,2016050,데이터산업현황조사 > 해외 진출 현황 및 IT 투자 > 해외 진출 현황,meta_index 없음 또는 코드명 매칭 없음,,,,,,,,,,,,,,,,,,,,,,,,,,,,,,,,,,,,,,,,,,,,,meta 없음,,,"해외 판매가 1% 늘었지만, 국내 판매량은 4.2% 줄었다."
A0029-SP31842CA273,A0029-SP31842CA273-m1,해외 판매 증가율,소매·소비,완성차,1,%,%,rate,rate_change,item,증감률,증감률,KOSIS_VALUE,2024,Y,전년,2023,4,407,,ALTERNATE,NOT_TOP_TABLE,후순위 통계표 후보,해외,hybrid,176,Y,0.6388686895370483,,0.4066666666666667,,,127,DT_127004_A191,국가별 해외 매출 규모 비중,2016050,데이터산업현황조사 > 해외 진출 현황 및 IT 투자 > 해외 진출 현황,meta_index 없음 또는 코드명 매칭 없음,,,,,,,,,,,,,,,,,,,,,,,,,,,,,,,,,,,,,,,,,,,,,meta 없음,,,"해외 판매가 1% 늘었지만, 국내 판매량은 4.2% 줄었다."
A0029-SP31842CA273,A0029-SP31842CA273-m1,해외 판매 증가율,소매·소비,완성차,1,%,%,rate,rate_change,item,증감률,증감률,KOSIS_VALUE,2024,Y,전년,2023,5,403,,ALTERNATE,NOT_TOP_TABLE,후순위 통계표 후보,"국내,해외",hybrid+reranker,156,Y,0.6505139470100403,0.27973008155822754,0.46923076923076923,,,142,DT_V25_A049,주력제품 국내·외 시장 점유율,1999037,"벤처기업정밀실태조사 > 2024년 > 마케팅, 해외 수출 현황",meta_index 없음 또는 코드명 매칭 없음,,,,,,,,,,,,,,,,,,,,,,,,,,,,,,,,,,,,,,,,,,,,,meta 없음,,,"해외 판매가 1% 늘었지만, 국내 판매량은 4.2% 줄었다."
A0029-SP31842CA273,A0029-SP31842CA273-m2,국내 판매 감소율,소매·소비,완성차,4.2,%,%,rate,rate_change,item,증감률,증감률,KOSIS_VALUE,2024,Y,전년,2023,1,430,430,TABLE_ONLY,META_NOT_LOADED,통계표 메타 조회 전 후보,"판매,국내",hybrid,232,Y,0.6428949236869812,,0.4295774647887324,,,145,TX_14503_A070,기타식품류 품목별 국내판매액 변동현황,1998031,식품및식품첨가물생산실적 > 국내판매액 변동현황(품목군별) > 시군구 허가품목,meta_index 없음 또는 코드명 매칭 없음,,,,,,,,,,,,,,,,,,,,,,,,,,,,,,,,,,,,,,,,,,,,,meta 없음,,,"해외 판매가 1% 늘었지만, 국내 판매량은 4.2% 줄었다."
A0029-SP31842CA273,A0029-SP31842CA273-m2,국내 판매 감소율,소매·소비,완성차,4.2,%,%,rate,rate_change,item,증감률,증감률,KOSIS_VALUE,2024,Y,전년,2023,2,430,,ALTERNATE,NOT_TOP_TABLE,후순위 통계표 후보,"판매,서비스",hybrid,182,Y,,,0.4295774647887324,,,142,DT_G40119,어음 판매비율별 구성비,1967005,중소기업실태조사 > 2021년 ~ 2023년 > 서비스업 > 판매,meta_index 없음 또는 코드명 매칭 없음,,,,,,,,,,,,,,,,,,,,,,,,,,,,,,,,,,,,,,,,,,,,,meta 없음,,,"해외 판매가 1% 늘었지만, 국내 판매량은 4.2% 줄었다."
A0029-SP31842CA273,A0029-SP31842CA273-m2,국내 판매 감소율,소매·소비,완성차,4.2,%,%,rate,rate_change,item,증감률,증감률,KOSIS_VALUE,2024,Y,전년,2023,3,424,,ALTERNATE,NOT_TOP_TABLE,후순위 통계표 후보,"판매,국내",hybrid,232,Y,0.6426331996917725,,0.42361111111111105,,,145,TX_14503_A095,식품조사처리업 품목별 국내판매액 변동현황,1998031,식품및식품첨가물생산실적 > 국내판매액 변동현황(품목군별) > 식품의약품안전처 허가품목,meta_index 없음 또는 코드명 매칭 없음,,,,,,,,,,,,,,,,,,,,,,,,,,,,,,,,,,,,,,,,,,,,,meta 없음,,,"해외 판매가 1% 늘었지만, 국내 판매량은 4.2% 줄었다."
A0029-SP31842CA273,A0029-SP31842CA273-m2,국내 판매 감소율,소매·소비,완성차,4.2,%,%,rate,rate_change,item,증감률,증감률,KOSIS_VALUE,2024,Y,전년,2023,4,424,,ALTERNATE,NOT_TOP_TABLE,후순위 통계표 후보,"판매,서비스",hybrid,182,Y,,,0.42361111111111105,,,430,DT_430001_04_004,전시 서비스 사업자의 판매 경로별 매출 현황,2016059,전시산업통계조사 > 전시 서비스 사업자 현황,meta_index 없음 또는 코드명 매칭 없음,,,,,,,,,,,,,,,,,,,,,,,,,,,,,,,,,,,,,,,,,,,,,meta 없음,,,"해외 판매가 1% 늘었지만, 국내 판매량은 4.2% 줄었다."
A0029-SP31842CA273,A0029-SP31842CA273-m2,국내 판매 감소율,소매·소비,완성차,4.2,%,%,rate,rate_change,item,증감률,증감률,KOSIS_VALUE,2024,Y,전년,2023,5,418,,ALTERNATE,NOT_TOP_TABLE,후순위 통계표 후보,"판매,국내",hybrid,232,Y,0.6412198543548584,,0.41780821917808214,,,145,DT_145003_A019,농산가공식품류 품목별 국내판매액 변동현황,1998031,식품및식품첨가물생산실적 > 국내판매액 변동현황(품목군별) > 시군구 허가품목,meta_index 없음 또는 코드명 매칭 없음,,,,,,,,,,,,,,,,,,,,,,,,,,,,,,,,,,,,,,,,,,,,,meta 없음,,,"해외 판매가 1% 늘었지만, 국내 판매량은 4.2% 줄었다."
A0029-SP9055A626CA,A0029-SP9055A626CA-m1,판매량 변화율,소매·소비,GM 한국사업장,35.9,%,%,rate,level,item,비중,현재값,KOSIS_VALUE,2024,Y,전년,,1,450,408,TABLE_ONLY,META_NOT_LOADED,통계표 메타 조회 전 후보,판매,hybrid+reranker,-452,N,0.6230185031890869,0.42650076746940613,0.4621212121212121,,,136,DT_136022_2017_03_019,판매처별 판매물량 비중,2001010,임업경영실태조사 > 2019년이전 > 2차 가공 제조업 > 유통부문 > 2017년,meta_index 없음 또는 코드명 매칭 없음,,,,,,,,,,,,,,,,,,,,,,,,,,,,,,,,,,,,,,,,,,,,,meta 없음,,,GM 한국사업장(-35.9%)과 KG모빌리티(-25.7%)도 내수 판매가 급감했다.
A0029-SP9055A626CA,A0029-SP9055A626CA-m1,판매량 변화율,소매·소비,GM 한국사업장,35.9,%,%,rate,level,item,비중,현재값,KOSIS_VALUE,2024,Y,전년,,2,408,,ALTERNATE,NOT_TOP_TABLE,후순위 통계표 후보,"서비스,25",hybrid+reranker,-152,N,0.6240516901016235,0.2944177985191345,0.46923076923076923,,,395,DT_395N_S2024268,매출액 수준: 2024년,2003024,한국기업혁신조사 > 2025년도 조사(서비스 부문) > 매출액 및 수출액 수준,meta_index 없음 또는 코드명 매칭 없음,,,,,,,,,,,,,,,,,,,,,,,,,,,,,,,,,,,,,,,,,,,,,meta 없음,,,GM 한국사업장(-35.9%)과 KG모빌리티(-25.7%)도 내수 판매가 급감했다.
A0029-SP9055A626CA,A0029-SP9055A626CA-m1,판매량 변화율,소매·소비,GM 한국사업장,35.9,%,%,rate,level,item,비중,현재값,KOSIS_VALUE,2024,Y,전년,,3,402,,ALTERNATE,NOT_TOP_TABLE,후순위 통계표 후보,판매,hybrid+reranker,-448,N,0.6275002956390381,0.23458196222782135,0.4919354838709677,,,395,DT_395N_I2021310,주력 판매처 -1순위,2003024,한국기업혁신조사 > 2022년도 조사(제조업 부문) > 주력판매처,meta_index 없음 또는 코드명 매칭 없음,,,,,,,,,,,,,,,,,,,,,,,,,,,,,,,,,,,,,,,,,,,,,meta 없음,,,GM 한국사업장(-35.9%)과 KG모빌리티(-25.7%)도 내수 판매가 급감했다.
A0029-SP9055A626CA,A0029-SP9055A626CA-m1,판매량 변화율,소매·소비,GM 한국사업장,35.9,%,%,rate,level,item,비중,현재값,KOSIS_VALUE,2024,Y,전년,,4,398,,ALTERNATE,NOT_TOP_TABLE,후순위 통계표 후보,"판매,서비스",hybrid+reranker,-442,N,0.62795090675354,0.20817892253398895,0.5,,,395,DT_395N_S2020318,주력 판매처,2003024,한국기업혁신조사 > 2021년도 조사(서비스 부문) > 주력판매처,meta_index 없음 또는 코드명 매칭 없음,,,,,,,,,,,,,,,,,,,,,,,,,,,,,,,,,,,,,,,,,,,,,meta 없음,,,GM 한국사업장(-35.9%)과 KG모빌리티(-25.7%)도 내수 판매가 급감했다.
A0029-SP9055A626CA,A0029-SP9055A626CA-m1,판매량 변화율,소매·소비,GM 한국사업장,35.9,%,%,rate,level,item,비중,현재값,KOSIS_VALUE,2024,Y,전년,,5,377,,ALTERNATE,NOT_TOP_TABLE,후순위 통계표 후보,서비스,hybrid,-454,N,0.6165308952331543,,0.37654320987654316,,,395,DT_395N_S2020307,매출액 수준: 2020년,2003024,한국기업혁신조사 > 2021년도 조사(서비스 부문) > 매출액 및 수출액 수준,meta_index 없음 또는 코드명 매칭 없음,,,,,,,,,,,,,,,,,,,,,,,,,,,,,,,,,,,,,,,,,,,,,meta 없음,,,GM 한국사업장(-35.9%)과 KG모빌리티(-25.7%)도 내수 판매가 급감했다.
A0029-SP9055A626CA,A0029-SP9055A626CA-m2,판매량 변화율,소매·소비,KG모빌리티,25.7,%,%,rate,level,item,비중,현재값,KOSIS_VALUE,2024,Y,전년,,1,426,424,TABLE_ONLY,META_NOT_LOADED,통계표 메타 조회 전 후보,판매,hybrid+reranker,-452,N,0.6101734638214111,0.4403790235519409,0.41780821917808214,,,136,DT_136022_2017_03_019,판매처별 판매물량 비중,2001010,임업경영실태조사 > 2019년이전 > 2차 가공 제조업 > 유통부문 > 2017년,meta_index 없음 또는 코드명 매칭 없음,,,,,,,,,,,,,,,,,,,,,,,,,,,,,,,,,,,,,,,,,,,,,meta 없음,,,GM 한국사업장(-35.9%)과 KG모빌리티(-25.7%)도 내수 판매가 급감했다.
A0029-SP9055A626CA,A0029-SP9055A626CA-m2,판매량 변화율,소매·소비,KG모빌리티,25.7,%,%,rate,level,item,비중,현재값,KOSIS_VALUE,2024,Y,전년,,2,424,,ALTERNATE,NOT_TOP_TABLE,후순위 통계표 후보,"서비스,25",hybrid+reranker,-152,N,0.6140196323394775,0.3393895626068115,0.46923076923076923,,,395,DT_395N_S2024268,매출액 수준: 2024년,2003024,한국기업혁신조사 > 2025년도 조사(서비스 부문) > 매출액 및 수출액 수준,meta_index 없음 또는 코드명 매칭 없음,,,,,,,,,,,,,,,,,,,,,,,,,,,,,,,,,,,,,,,,,,,,,meta 없음,,,GM 한국사업장(-35.9%)과 KG모빌리티(-25.7%)도 내수 판매가 급감했다.
A0029-SP9055A626CA,A0029-SP9055A626CA-m2,판매량 변화율,소매·소비,KG모빌리티,25.7,%,%,rate,level,item,비중,현재값,KOSIS_VALUE,2024,Y,전년,,3,398,,ALTERNATE,NOT_TOP_TABLE,후순위 통계표 후보,"판매,서비스",hybrid+reranker,-442,N,0.6175724267959595,0.20963142812252045,0.5,,,395,DT_395N_S2020318,주력 판매처,2003024,한국기업혁신조사 > 2021년도 조사(서비스 부문) > 주력판매처,meta_index 없음 또는 코드명 매칭 없음,,,,,,,,,,,,,,,,,,,,,,,,,,,,,,,,,,,,,,,,,,,,,meta 없음,,,GM 한국사업장(-35.9%)과 KG모빌리티(-25.7%)도 내수 판매가 급감했다.
A0029-SP9055A626CA,A0029-SP9055A626CA-m2,판매량 변화율,소매·소비,KG모빌리티,25.7,%,%,rate,level,item,비중,현재값,KOSIS_VALUE,2024,Y,전년,,4,395,,ALTERNATE,NOT_TOP_TABLE,후순위 통계표 후보,판매,hybrid+reranker,-448,N,0.6173322796821594,0.21568095684051514,0.4919354838709677,,,395,DT_395N_I2021310,주력 판매처 -1순위,2003024,한국기업혁신조사 > 2022년도 조사(제조업 부문) > 주력판매처,meta_index 없음 또는 코드명 매칭 없음,,,,,,,,,,,,,,,,,,,,,,,,,,,,,,,,,,,,,,,,,,,,,meta 없음,,,GM 한국사업장(-35.9%)과 KG모빌리티(-25.7%)도 내수 판매가 급감했다.
A0029-SP9055A626CA,A0029-SP9055A626CA-m2,판매량 변화율,소매·소비,KG모빌리티,25.7,%,%,rate,level,item,비중,현재값,KOSIS_VALUE,2024,Y,전년,,5,377,,ALTERNATE,NOT_TOP_TABLE,후순위 통계표 후보,서비스,hybrid,-454,N,0.6070865988731384,,0.37654320987654316,,,395,DT_395N_S2020305,매출액 수준: 2019년,2003024,한국기업혁신조사 > 2021년도 조사(서비스 부문) > 매출액 및 수출액 수준,meta_index 없음 또는 코드명 매칭 없음,,,,,,,,,,,,,,,,,,,,,,,,,,,,,,,,,,,,,,,,,,,,,meta 없음,,,GM 한국사업장(-35.9%)과 KG모빌리티(-25.7%)도 내수 판매가 급감했다.
A0029-SPCB2FA82D0E,A0029-SPCB2FA82D0E-m1,해외 판매 증가율,무역,GM 한국사업장,10.6,%,%,rate,rate_change,item,증감률,증감률,KOSIS_VALUE,2024,Y,전년,2023,1,658,635,TABLE_ONLY,META_NOT_LOADED,통계표 메타 조회 전 후보,"수출액,자동차,수출,해외",hybrid+reranker,270,Y,0.6107685565948486,0.35488009452819824,0.8210526315789474,,,463,DT_FS463001_A055,자동차튜닝 관련 매출액 중 해외수출액 비중,2022033,자동차튜닝산업실태조사,meta_index 없음 또는 코드명 매칭 없음,,,,,,,,,,,,,,,,,,,,,,,,,,,,,,,,,,,,,,,,,,,,,meta 없음,,,지난해 GM 한국사업장은 해외에 2023년 대비 10.6% 증가한 47만 4735대를 판매했다.
A0029-SPCB2FA82D0E,A0029-SPCB2FA82D0E-m1,해외 판매 증가율,무역,GM 한국사업장,10.6,%,%,rate,rate_change,item,증감률,증감률,KOSIS_VALUE,2024,Y,전년,2023,2,635,,ALTERNATE,NOT_TOP_TABLE,후순위 통계표 후보,"해외,국가별",hybrid+reranker,182,Y,0.6207754611968994,0.9800912737846375,0.44852941176470584,,,127,DT_127004_A191,국가별 해외 매출 규모 비중,2016050,데이터산업현황조사 > 해외 진출 현황 및 IT 투자 > 해외 진출 현황,meta_index 없음 또는 코드명 매칭 없음,,,,,,,,,,,,,,,,,,,,,,,,,,,,,,,,,,,,,,,,,,,,,meta 없음,,,지난해 GM 한국사업장은 해외에 2023년 대비 10.6% 증가한 47만 4735대를 판매했다.
A0029-SPCB2FA82D0E,A0029-SPCB2FA82D0E-m1,해외 판매 증가율,무역,GM 한국사업장,10.6,%,%,rate,rate_change,item,증감률,증감률,KOSIS_VALUE,2024,Y,전년,2023,3,633,,ALTERNATE,NOT_TOP_TABLE,후순위 통계표 후보,"수출액,수출,해외,국가별",hybrid+reranker,228,Y,,0.9245515465736389,0.4765625,,,115,DT_115028_2021_A903,"해외 수출 품목, 국가별 수출액 규모",2008059,이러닝산업실태조사 > 이러닝 공급시장 현황,meta_index 없음 또는 코드명 매칭 없음,,,,,,,,,,,,,,,,,,,,,,,,,,,,,,,,,,,,,,,,,,,,,meta 없음,,,지난해 GM 한국사업장은 해외에 2023년 대비 10.6% 증가한 47만 4735대를 판매했다.
A0029-SPCB2FA82D0E,A0029-SPCB2FA82D0E-m1,해외 판매 증가율,무역,GM 한국사업장,10.6,%,%,rate,rate_change,item,증감률,증감률,KOSIS_VALUE,2024,Y,전년,2023,4,630,,ALTERNATE,NOT_TOP_TABLE,후순위 통계표 후보,해외,hybrid+reranker,170,Y,0.6202881336212158,0.9791557192802429,0.44202898550724634,,,127,DT_127004_A190,해외 매출 발생 여부 및 권역별 비중,2016050,데이터산업현황조사 > 해외 진출 현황 및 IT 투자 > 해외 진출 현황,meta_index 없음 또는 코드명 매칭 없음,,,,,,,,,,,,,,,,,,,,,,,,,,,,,,,,,,,,,,,,,,,,,meta 없음,,,지난해 GM 한국사업장은 해외에 2023년 대비 10.6% 증가한 47만 4735대를 판매했다.
A0029-SPCB2FA82D0E,A0029-SPCB2FA82D0E-m1,해외 판매 증가율,무역,GM 한국사업장,10.6,%,%,rate,rate_change,item,증감률,증감률,KOSIS_VALUE,2024,Y,전년,2023,5,599,,ALTERNATE,NOT_TOP_TABLE,후순위 통계표 후보,"수출액,수출,해외",hybrid+reranker,216,Y,,0.8543993234634399,0.4621212121212121,,,127,DT_127010_006B,국내 본사의 클라우드 해외 수출액,2018022,클라우드산업실태조사,meta_index 없음 또는 코드명 매칭 없음,,,,,,,,,,,,,,,,,,,,,,,,,,,,,,,,,,,,,,,,,,,,,meta 없음,,,지난해 GM 한국사업장은 해외에 2023년 대비 10.6% 증가한 47만 4735대를 판매했다.
A0029-SPCB2FA82D0E,A0029-SPCB2FA82D0E-m2,해외 판매 대수,무역,GM 한국사업장,4735,대,대,count,count,item,수준값,현재값,KOSIS_VALUE,2023,Y,전년,,1,642,635,TABLE_ONLY,META_NOT_LOADED,통계표 메타 조회 전 후보,"수출액,수출,해외,국가별",hybrid+reranker,228,Y,,0.9501341581344604,0.4765625,,,115,DT_115028_2021_A903,"해외 수출 품목, 국가별 수출액 규모",2008059,이러닝산업실태조사 > 이러닝 공급시장 현황,meta_index 없음 또는 코드명 매칭 없음,,,,,,,,,,,,,,,,,,,,,,,,,,,,,,,,,,,,,,,,,,,,,meta 없음,,,지난해 GM 한국사업장은 해외에 2023년 대비 10.6% 증가한 47만 4735대를 판매했다.
A0029-SPCB2FA82D0E,A0029-SPCB2FA82D0E-m2,해외 판매 대수,무역,GM 한국사업장,4735,대,대,count,count,item,수준값,현재값,KOSIS_VALUE,2023,Y,전년,,2,635,,ALTERNATE,NOT_TOP_TABLE,후순위 통계표 후보,"수출액,수출,해외",hybrid+reranker,216,Y,,0.954647421836853,0.4621212121212121,,,127,DT_127010_006B,국내 본사의 클라우드 해외 수출액,2018022,클라우드산업실태조사,meta_index 없음 또는 코드명 매칭 없음,,,,,,,,,,,,,,,,,,,,,,,,,,,,,,,,,,,,,,,,,,,,,meta 없음,,,지난해 GM 한국사업장은 해외에 2023년 대비 10.6% 증가한 47만 4735대를 판매했다.
A0029-SPCB2FA82D0E,A0029-SPCB2FA82D0E-m2,해외 판매 대수,무역,GM 한국사업장,4735,대,대,count,count,item,수준값,현재값,KOSIS_VALUE,2023,Y,전년,,3,625,,ALTERNATE,NOT_TOP_TABLE,후순위 통계표 후보,"해외,국가별",hybrid+reranker,182,Y,0.6179845333099365,0.9767580628395081,0.43571428571428567,,,127,DT_127004_A19101,해외 매출 발생 국가별·규모별 현황,2016050,데이터산업현황조사 > 해외 진출 현황 및 IT 투자 > 해외 진출 현황,meta_index 없음 또는 코드명 매칭 없음,,,,,,,,,,,,,,,,,,,,,,,,,,,,,,,,,,,,,,,,,,,,,meta 없음,,,지난해 GM 한국사업장은 해외에 2023년 대비 10.6% 증가한 47만 4735대를 판매했다.
A0029-SPCB2FA82D0E,A0029-SPCB2FA82D0E-m2,해외 판매 대수,무역,GM 한국사업장,4735,대,대,count,count,item,수준값,현재값,KOSIS_VALUE,2023,Y,전년,,4,620,,ALTERNATE,NOT_TOP_TABLE,후순위 통계표 후보,해외,hybrid+reranker,170,Y,0.6409522294998169,0.8735387921333313,0.4841269841269841,,,101,DT_1G150201,산업세분류별/조직형태별 해외건설 총괄,1974006,건설업조사 > 건설업(2008~2023: 10차산업분류기준) > 해외건설(산업 및 공사실적),meta_index 없음 또는 코드명 매칭 없음,,,,,,,,,,,,,,,,,,,,,,,,,,,,,,,,,,,,,,,,,,,,,meta 없음,,,지난해 GM 한국사업장은 해외에 2023년 대비 10.6% 증가한 47만 4735대를 판매했다.
A0029-SPCB2FA82D0E,A0029-SPCB2FA82D0E-m2,해외 판매 대수,무역,GM 한국사업장,4735,대,대,count,count,item,수준값,현재값,KOSIS_VALUE,2023,Y,전년,,5,619,,ALTERNATE,NOT_TOP_TABLE,후순위 통계표 후보,"수출액,수출,해외",hybrid+reranker,216,Y,,0.9356999397277832,0.44852941176470584,,,358,DT_358004_027,수출액 및 해외 매출액 감소 주요 요인_1+2 순위,2021024,바이오헬스산업실태조사,meta_index 없음 또는 코드명 매칭 없음,,,,,,,,,,,,,,,,,,,,,,,,,,,,,,,,,,,,,,,,,,,,,meta 없음,,,지난해 GM 한국사업장은 해외에 2023년 대비 10.6% 증가한 47만 4735대를 판매했다.
A0029-SPDC2DD48E33,A0029-SPDC2DD48E33-m1,수출 증가율,무역,자동차,18.2,%,%,rate,rate_change,vehicle,증감률,증감률,KOSIS_VALUE,2024,Y,전년,2023,1,660,510,TABLE_ONLY,META_NOT_LOADED,통계표 메타 조회 전 후보,"수출,자동차",hybrid+reranker,322,Y,0.6471245288848877,0.5117089748382568,0.7393939393939394,,,115,DT_115042_25_042,향후 신규 수출 계획 또는 수출 확대 계획,2025009,자동차부품산업실태조사,meta_index 없음 또는 코드명 매칭 없음,,,,,,,,,,,,,,,,,,,,,,,,,,,,,,,,,,,,,,,,,,,,,meta 없음,,,KG모빌리티도 같은 기간 18.2% 늘어난 6만 2378대를 수출했다.
A0029-SPDC2DD48E33,A0029-SPDC2DD48E33-m1,수출 증가율,무역,자동차,18.2,%,%,rate,rate_change,vehicle,증감률,증감률,KOSIS_VALUE,2024,Y,전년,2023,2,510,,ALTERNATE,NOT_TOP_TABLE,후순위 통계표 후보,"품목별,수출,자동차",hybrid+reranker,358,Y,,0.5733201503753662,0.4765625,,,115,DT_115042_25_024,생산 품목별 수출 금액(합계),2025009,자동차부품산업실태조사,meta_index 없음 또는 코드명 매칭 없음,,,,,,,,,,,,,,,,,,,,,,,,,,,,,,,,,,,,,,,,,,,,,meta 없음,,,KG모빌리티도 같은 기간 18.2% 늘어난 6만 2378대를 수출했다.
A0029-SPDC2DD48E33,A0029-SPDC2DD48E33-m1,수출 증가율,무역,자동차,18.2,%,%,rate,rate_change,vehicle,증감률,증감률,KOSIS_VALUE,2024,Y,전년,2023,3,508,,ALTERNATE,NOT_TOP_TABLE,후순위 통계표 후보,"품목별,수출액,수출,수입,무역",hybrid+reranker,484,Y,,0.5220194458961487,0.5,,,360,DT_1R11001_FRM101,"품목별 수출액, 수입액",1976045,SITC에의한무역통계,meta_index 없음 또는 코드명 매칭 없음,,,,,,,,,,,,,,,,,,,,,,,,,,,,,,,,,,,,,,,,,,,,,meta 없음,,,KG모빌리티도 같은 기간 18.2% 늘어난 6만 2378대를 수출했다.
A0029-SPDC2DD48E33,A0029-SPDC2DD48E33-m1,수출 증가율,무역,자동차,18.2,%,%,rate,rate_change,vehicle,증감률,증감률,KOSIS_VALUE,2024,Y,전년,2023,4,453,,ALTERNATE,NOT_TOP_TABLE,후순위 통계표 후보,"자동차,수출",hybrid+reranker,358,Y,,0.42310047149658203,0.46923076923076923,,,115,DT_115042_25_045,자동차 부품 수출계획 관련 애로사항,2025009,자동차부품산업실태조사,meta_index 없음 또는 코드명 매칭 없음,,,,,,,,,,,,,,,,,,,,,,,,,,,,,,,,,,,,,,,,,,,,,meta 없음,,,KG모빌리티도 같은 기간 18.2% 늘어난 6만 2378대를 수출했다.
A0029-SPDC2DD48E33,A0029-SPDC2DD48E33-m1,수출 증가율,무역,자동차,18.2,%,%,rate,rate_change,vehicle,증감률,증감률,KOSIS_VALUE,2024,Y,전년,2023,5,420,,ALTERNATE,NOT_TOP_TABLE,후순위 통계표 후보,"품목별,수출,수입,무역",hybrid+reranker,168,Y,,0.3538746237754822,0.4552238805970149,,,134,DT_134006_N001,품목별 수입·수출현황,2017044,기업무역활동통계,meta_index 없음 또는 코드명 매칭 없음,,,,,,,,,,,,,,,,,,,,,,,,,,,,,,,,,,,,,,,,,,,,,meta 없음,,,KG모빌리티도 같은 기간 18.2% 늘어난 6만 2378대를 수출했다.
A0029-SPDC2DD48E33,A0029-SPDC2DD48E33-m2,수출량,무역,자동차,2378,대,대,count,count,vehicle,수준값,현재값,KOSIS_VALUE,2024,Y,전년,,1,753,677,TABLE_ONLY,META_NOT_LOADED,통계표 메타 조회 전 후보,"품목별,수출,자동차",hybrid+reranker,358,Y,0.6521313190460205,0.6425446271896362,0.8117273351648352,,,115,DT_115042_25_024,생산 품목별 수출 금액(합계),2025009,자동차부품산업실태조사,meta_index 없음 또는 코드명 매칭 없음,,,,,,,,,,,,,,,,,,,,,,,,,,,,,,,,,,,,,,,,,,,,,meta 없음,,,KG모빌리티도 같은 기간 18.2% 늘어난 6만 2378대를 수출했다.
A0029-SPDC2DD48E33,A0029-SPDC2DD48E33-m2,수출량,무역,자동차,2378,대,대,count,count,vehicle,수준값,현재값,KOSIS_VALUE,2024,Y,전년,,2,677,,ALTERNATE,NOT_TOP_TABLE,후순위 통계표 후보,"자동차,수출",hybrid+reranker,358,Y,0.654784083366394,0.45117536187171936,0.7988095238095236,,,115,DT_115042_25_037,자동차 부품산업 분야 주요 수출 품목_1+2+3순위,2025009,자동차부품산업실태조사,meta_index 없음 또는 코드명 매칭 없음,,,,,,,,,,,,,,,,,,,,,,,,,,,,,,,,,,,,,,,,,,,,,meta 없음,,,KG모빌리티도 같은 기간 18.2% 늘어난 6만 2378대를 수출했다.
A0029-SPDC2DD48E33,A0029-SPDC2DD48E33-m2,수출량,무역,자동차,2378,대,대,count,count,vehicle,수준값,현재값,KOSIS_VALUE,2024,Y,전년,,3,643,,ALTERNATE,NOT_TOP_TABLE,후순위 통계표 후보,"자동차,수출",hybrid+reranker,358,Y,0.6465906500816345,0.4713296890258789,0.7352982162764772,,,115,DT_115042_25_038,자동차 부품산업 분야 주요 수출 국가_1순위,2025009,자동차부품산업실태조사,meta_index 없음 또는 코드명 매칭 없음,,,,,,,,,,,,,,,,,,,,,,,,,,,,,,,,,,,,,,,,,,,,,meta 없음,,,KG모빌리티도 같은 기간 18.2% 늘어난 6만 2378대를 수출했다.
A0029-SPDC2DD48E33,A0029-SPDC2DD48E33-m2,수출량,무역,자동차,2378,대,대,count,count,vehicle,수준값,현재값,KOSIS_VALUE,2024,Y,전년,,4,641,,ALTERNATE,NOT_TOP_TABLE,후순위 통계표 후보,"자동차,수출",hybrid+reranker,358,Y,0.6499792337417603,0.4511148929595947,0.744010454479454,,,115,DT_115042_25_036,자동차 부품산업 분야 주요 수출 품목_1순위,2025009,자동차부품산업실태조사,meta_index 없음 또는 코드명 매칭 없음,,,,,,,,,,,,,,,,,,,,,,,,,,,,,,,,,,,,,,,,,,,,,meta 없음,,,KG모빌리티도 같은 기간 18.2% 늘어난 6만 2378대를 수출했다.
A0029-SPDC2DD48E33,A0029-SPDC2DD48E33-m2,수출량,무역,자동차,2378,대,대,count,count,vehicle,수준값,현재값,KOSIS_VALUE,2024,Y,전년,,5,639,,ALTERNATE,NOT_TOP_TABLE,후순위 통계표 후보,"자동차,수출",hybrid+reranker,358,Y,0.6508331298828125,0.45308032631874084,0.7388608507570295,,,115,DT_115042_25_040,자동차 부품산업 분야 주요 수출대상_1순위,2025009,자동차부품산업실태조사,meta_index 없음 또는 코드명 매칭 없음,,,,,,,,,,,,,,,,,,,,,,,,,,,,,,,,,,,,,,,,,,,,,meta 없음,,,KG모빌리티도 같은 기간 18.2% 늘어난 6만 2378대를 수출했다.
A0030-SPB5B96FDF75,A0030-SPB5B96FDF75-m1,환율 변동폭,금융·금리,-,5.9,원,원,currency,amount,unspecified,수준값,현재값,KOSIS_VALUE,202501,M,전월,,1,679,670,TABLE_ONLY,META_NOT_LOADED,통계표 메타 조회 전 후보,환율,hybrid+reranker,164,Y,0.5350404977798462,0.3429014980792999,0.860691573926868,,,152,DT_152009_F038,하도급 단가 결정 고려 요인_환율 변화,2021003,하도급거래실태조사 > 용역업_수급사업자 > 하도급거래 세부사항 > 거래 제반,meta_index 없음 또는 코드명 매칭 없음,,,,,,,,,,,,,,,,,,,,,,,,,,,,,,,,,,,,,,,,,,,,,meta 없음,,,2일 서울 외환시장에서 달러 대비 원화 환율은 오후 3시 30분 기준 전 거래일보다 5.9원 떨어진 달러당 1466.6원을 기록했다.
A0030-SPB5B96FDF75,A0030-SPB5B96FDF75-m1,환율 변동폭,금융·금리,-,5.9,원,원,currency,amount,unspecified,수준값,현재값,KOSIS_VALUE,202501,M,전월,,2,670,,ALTERNATE,NOT_TOP_TABLE,후순위 통계표 후보,환율,hybrid+reranker,164,Y,0.5319527387619019,0.3393895626068115,0.8473856839668146,,,152,DT_152009_B038,하도급 단가 결정 고려 요인_환율 변화,2021003,하도급거래실태조사 > 제조업_수급사업자 > 하도급거래 세부사항 > 거래 제반,meta_index 없음 또는 코드명 매칭 없음,,,,,,,,,,,,,,,,,,,,,,,,,,,,,,,,,,,,,,,,,,,,,meta 없음,,,2일 서울 외환시장에서 달러 대비 원화 환율은 오후 3시 30분 기준 전 거래일보다 5.9원 떨어진 달러당 1466.6원을 기록했다.
A0030-SPB5B96FDF75,A0030-SPB5B96FDF75-m1,환율 변동폭,금융·금리,-,5.9,원,원,currency,amount,unspecified,수준값,현재값,KOSIS_VALUE,202501,M,전월,,3,652,,ALTERNATE,NOT_TOP_TABLE,후순위 통계표 후보,환율,hybrid+reranker,164,Y,0.5338200330734253,0.29665425419807434,0.8433447749809306,,,152,DT_152009_E041,하도급 단가 결정 고려_환율 변화,2021003,하도급거래실태조사 > 용역업_원사업자 > 하도급거래 세부사항 > 거래 제반,meta_index 없음 또는 코드명 매칭 없음,,,,,,,,,,,,,,,,,,,,,,,,,,,,,,,,,,,,,,,,,,,,,meta 없음,,,2일 서울 외환시장에서 달러 대비 원화 환율은 오후 3시 30분 기준 전 거래일보다 5.9원 떨어진 달러당 1466.6원을 기록했다.
A0030-SPB5B96FDF75,A0030-SPB5B96FDF75-m1,환율 변동폭,금융·금리,-,5.9,원,원,currency,amount,unspecified,수준값,현재값,KOSIS_VALUE,202501,M,전월,,4,643,,ALTERNATE,NOT_TOP_TABLE,후순위 통계표 후보,환율,hybrid+reranker,164,Y,0.518743097782135,0.31552502512931824,0.8192918192918193,,,177,DT_11702_N126,2주간 이환율 추이,1973001,국민건강영양조사 > 건강행태 > 삶의 질,meta_index 없음 또는 코드명 매칭 없음,,,,,,,,,,,,,,,,,,,,,,,,,,,,,,,,,,,,,,,,,,,,,meta 없음,,,2일 서울 외환시장에서 달러 대비 원화 환율은 오후 3시 30분 기준 전 거래일보다 5.9원 떨어진 달러당 1466.6원을 기록했다.
A0030-SPB5B96FDF75,A0030-SPB5B96FDF75-m1,환율 변동폭,금융·금리,-,5.9,원,원,currency,amount,unspecified,수준값,현재값,KOSIS_VALUE,202501,M,전월,,5,637,,ALTERNATE,NOT_TOP_TABLE,후순위 통계표 후보,환율,hybrid+reranker,164,Y,0.518328070640564,0.324556440114975,0.8045194892473118,,,152,DT_152009_A124,PB제품 하도급 단가 결정 고려 요인_환율 변화,2021003,하도급거래실태조사 > 제조업_원사업자 > 하도급거래 세부사항 > 전속거래·PB거래,meta_index 없음 또는 코드명 매칭 없음,,,,,,,,,,,,,,,,,,,,,,,,,,,,,,,,,,,,,,,,,,,,,meta 없음,,,2일 서울 외환시장에서 달러 대비 원화 환율은 오후 3시 30분 기준 전 거래일보다 5.9원 떨어진 달러당 1466.6원을 기록했다.
A0030-SPB5B96FDF75,A0030-SPB5B96FDF75-m2,달러 대비 원화 환율,금융·금리,-,1466.6,원,원,currency,amount,unspecified,수준값,현재값,KOSIS_VALUE,202501,M,전월,,1,829,795,TABLE_ONLY,META_NOT_LOADED,통계표 메타 조회 전 후보,"원화,금리,금융,기준",hybrid+reranker,178,Y,0.5391672253608704,0.5262362360954285,0.9919354838709679,,,301,DT_641Y001,한국은행 원화대출금,1976015,통화금융통계 > 한국은행 주요계정 및 기준금리,meta_index 없음 또는 코드명 매칭 없음,,,,,,,,,,,,,,,,,,,,,,,,,,,,,,,,,,,,,,,,,,,,,meta 없음,,,2일 서울 외환시장에서 달러 대비 원화 환율은 오후 3시 30분 기준 전 거래일보다 5.9원 떨어진 달러당 1466.6원을 기록했다.
A0030-SPB5B96FDF75,A0030-SPB5B96FDF75-m2,달러 대비 원화 환율,금융·금리,-,1466.6,원,원,currency,amount,unspecified,수준값,현재값,KOSIS_VALUE,202501,M,전월,,2,795,,ALTERNATE,NOT_TOP_TABLE,후순위 통계표 후보,환율,hybrid+reranker,164,Y,0.5153241157531738,0.7122321724891663,0.8395550527903468,,,152,DT_152009_A124,PB제품 하도급 단가 결정 고려 요인_환율 변화,2021003,하도급거래실태조사 > 제조업_원사업자 > 하도급거래 세부사항 > 전속거래·PB거래,meta_index 없음 또는 코드명 매칭 없음,,,,,,,,,,,,,,,,,,,,,,,,,,,,,,,,,,,,,,,,,,,,,meta 없음,,,2일 서울 외환시장에서 달러 대비 원화 환율은 오후 3시 30분 기준 전 거래일보다 5.9원 떨어진 달러당 1466.6원을 기록했다.
A0030-SPB5B96FDF75,A0030-SPB5B96FDF75-m2,달러 대비 원화 환율,금융·금리,-,1466.6,원,원,currency,amount,unspecified,수준값,현재값,KOSIS_VALUE,202501,M,전월,,3,780,,ALTERNATE,NOT_TOP_TABLE,후순위 통계표 후보,환율,hybrid+reranker,164,Y,0.5057733058929443,0.7399864792823792,0.801814789687924,,,177,DT_11702_N126,2주간 이환율 추이,1973001,국민건강영양조사 > 건강행태 > 삶의 질,meta_index 없음 또는 코드명 매칭 없음,,,,,,,,,,,,,,,,,,,,,,,,,,,,,,,,,,,,,,,,,,,,,meta 없음,,,2일 서울 외환시장에서 달러 대비 원화 환율은 오후 3시 30분 기준 전 거래일보다 5.9원 떨어진 달러당 1466.6원을 기록했다.
A0030-SPB5B96FDF75,A0030-SPB5B96FDF75-m2,달러 대비 원화 환율,금융·금리,-,1466.6,원,원,currency,amount,unspecified,수준값,현재값,KOSIS_VALUE,202501,M,전월,,4,770,,ALTERNATE,NOT_TOP_TABLE,후순위 통계표 후보,환율,hybrid+reranker,164,Y,0.5228118300437927,0.6371436715126038,0.8411819887429643,,,152,DT_152009_E041,하도급 단가 결정 고려_환율 변화,2021003,하도급거래실태조사 > 용역업_원사업자 > 하도급거래 세부사항 > 거래 제반,meta_index 없음 또는 코드명 매칭 없음,,,,,,,,,,,,,,,,,,,,,,,,,,,,,,,,,,,,,,,,,,,,,meta 없음,,,2일 서울 외환시장에서 달러 대비 원화 환율은 오후 3시 30분 기준 전 거래일보다 5.9원 떨어진 달러당 1466.6원을 기록했다.
A0030-SPB5B96FDF75,A0030-SPB5B96FDF75-m2,달러 대비 원화 환율,금융·금리,-,1466.6,원,원,currency,amount,unspecified,수준값,현재값,KOSIS_VALUE,202501,M,전월,,5,756,,ALTERNATE,NOT_TOP_TABLE,후순위 통계표 후보,환율,hybrid+reranker,164,Y,0.5208061933517456,0.607313871383667,0.8364738805970149,,,152,DT_152009_F038,하도급 단가 결정 고려 요인_환율 변화,2021003,하도급거래실태조사 > 용역업_수급사업자 > 하도급거래 세부사항 > 거래 제반,meta_index 없음 또는 코드명 매칭 없음,,,,,,,,,,,,,,,,,,,,,,,,,,,,,,,,,,,,,,,,,,,,,meta 없음,,,2일 서울 외환시장에서 달러 대비 원화 환율은 오후 3시 30분 기준 전 거래일보다 5.9원 떨어진 달러당 1466.6원을 기록했다.
A0031-SP3E8723A711,A0031-SP3E8723A711-m1,성장률,생산·산업,-,1.8,%,%,rate,level,unspecified,수준값,현재값,KOSIS_VALUE,2025,Y,전년,,1,377,372,TABLE_ONLY,META_NOT_LOADED,통계표 메타 조회 전 후보,한국,hybrid,-452,N,0.6107723712921143,,0.37654320987654316,,,395,DT_395N_S2020306,수출액 수준: 2019년,2003024,한국기업혁신조사 > 2021년도 조사(서비스 부문) > 매출액 및 수출액 수준,meta_index 없음 또는 코드명 매칭 없음,,,,,,,,,,,,,,,,,,,,,,,,,,,,,,,,,,,,,,,,,,,,,meta 없음,,,"미국 트럼프 정부 출범과 내수 부진 장기화, 탄핵 정국 등 겹겹의 불확실성에 노출된 한국 경제가 올해 1.8% 성장할 것으로 정부가 공식 전망했다."
A0031-SP3E8723A711,A0031-SP3E8723A711-m1,성장률,생산·산업,-,1.8,%,%,rate,level,unspecified,수준값,현재값,KOSIS_VALUE,2025,Y,전년,,2,372,,ALTERNATE,NOT_TOP_TABLE,후순위 통계표 후보,한국,hybrid,-452,N,0.6098060011863708,,0.3719512195121951,,,395,DT_395N_S2022299,매출액 수준: 2021년,2003024,한국기업혁신조사 > 2023년도 조사(서비스 부문) > 매출액 및 수출액 수준,meta_index 없음 또는 코드명 매칭 없음,,,,,,,,,,,,,,,,,,,,,,,,,,,,,,,,,,,,,,,,,,,,,meta 없음,,,"미국 트럼프 정부 출범과 내수 부진 장기화, 탄핵 정국 등 겹겹의 불확실성에 노출된 한국 경제가 올해 1.8% 성장할 것으로 정부가 공식 전망했다."
A0031-SP3E8723A711,A0031-SP3E8723A711-m1,성장률,생산·산업,-,1.8,%,%,rate,level,unspecified,수준값,현재값,KOSIS_VALUE,2025,Y,전년,,3,367,,ALTERNATE,NOT_TOP_TABLE,후순위 통계표 후보,,hybrid+reranker,-460,N,0.6336073279380798,0.11920291930437088,0.5,,,301,DT_200Y126,"지출항목별 성장기여도(원계열, 실질, 분기 및 연간)",1976017,국민계정 > 국민계정(2020년기준) > GDP에 대한 성장기여도,meta_index 없음 또는 코드명 매칭 없음,,,,,,,,,,,,,,,,,,,,,,,,,,,,,,,,,,,,,,,,,,,,,meta 없음,,,"미국 트럼프 정부 출범과 내수 부진 장기화, 탄핵 정국 등 겹겹의 불확실성에 노출된 한국 경제가 올해 1.8% 성장할 것으로 정부가 공식 전망했다."
A0031-SP3E8723A711,A0031-SP3E8723A711-m1,성장률,생산·산업,-,1.8,%,%,rate,level,unspecified,수준값,현재값,KOSIS_VALUE,2025,Y,전년,,4,367,,ALTERNATE,NOT_TOP_TABLE,후순위 통계표 후보,경제,hybrid+reranker,-448,N,0.628682017326355,0.14915917813777924,0.4841269841269841,,,301,DT_200Y124,"경제활동별 성장기여도(원계열, 실질, 분기 및 연간)",1976017,국민계정 > 국민계정(2020년기준) > GDP에 대한 성장기여도,meta_index 없음 또는 코드명 매칭 없음,,,,,,,,,,,,,,,,,,,,,,,,,,,,,,,,,,,,,,,,,,,,,meta 없음,,,"미국 트럼프 정부 출범과 내수 부진 장기화, 탄핵 정국 등 겹겹의 불확실성에 노출된 한국 경제가 올해 1.8% 성장할 것으로 정부가 공식 전망했다."
A0031-SP3E8723A711,A0031-SP3E8723A711-m1,성장률,생산·산업,-,1.8,%,%,rate,level,unspecified,수준값,현재값,KOSIS_VALUE,2025,Y,전년,,5,367,,ALTERNATE,NOT_TOP_TABLE,후순위 통계표 후보,한국,hybrid,-452,N,0.6096276044845581,,0.3674698795180723,,,395,DT_395N_S2022298,수출액 수준: 2020년,2003024,한국기업혁신조사 > 2023년도 조사(서비스 부문) > 매출액 및 수출액 수준,meta_index 없음 또는 코드명 매칭 없음,,,,,,,,,,,,,,,,,,,,,,,,,,,,,,,,,,,,,,,,,,,,,meta 없음,,,"미국 트럼프 정부 출범과 내수 부진 장기화, 탄핵 정국 등 겹겹의 불확실성에 노출된 한국 경제가 올해 1.8% 성장할 것으로 정부가 공식 전망했다."
A0031-SPDDF4498585,A0031-SPDDF4498585-m1,잠재 성장률,생산·산업,-,2,%,%,rate,level,unspecified,수준값,현재값,KOSIS_VALUE,2025,Y,전년,,1,444,419,TABLE_ONLY,META_NOT_LOADED,통계표 메타 조회 전 후보,"잠재,산업",hybrid+reranker,174,Y,,0.3411433696746826,0.5,,,127,DT_127005_B026_2,해외진출 잠재기업의 특성,1996008,ICT실태조사 > 소프트웨어산업실태조사 > 조사기반 > 해외진출 현황,meta_index 없음 또는 코드명 매칭 없음,,,,,,,,,,,,,,,,,,,,,,,,,,,,,,,,,,,,,,,,,,,,,meta 없음,,,"약 2%로 추정되는 잠재 성장률(물가를 자극하지 않으면서 달성할 수 있는 성장률)을 밑도는 저(低)성장으로, 작년 7월 발표했던 올해 전망치(2.2%)보다 0.4%포인트 낮다."
A0031-SPDDF4498585,A0031-SPDDF4498585-m1,잠재 성장률,생산·산업,-,2,%,%,rate,level,unspecified,수준값,현재값,KOSIS_VALUE,2025,Y,전년,,2,419,,ALTERNATE,NOT_TOP_TABLE,후순위 통계표 후보,"잠재,산업",hybrid+reranker,174,Y,,0.28269097208976746,0.4919354838709677,,,127,DT_127005_B026_1,해외진출 잠재기업의 해외진출 시도 기간,1996008,ICT실태조사 > 소프트웨어산업실태조사 > 조사기반 > 해외진출 현황,meta_index 없음 또는 코드명 매칭 없음,,,,,,,,,,,,,,,,,,,,,,,,,,,,,,,,,,,,,,,,,,,,,meta 없음,,,"약 2%로 추정되는 잠재 성장률(물가를 자극하지 않으면서 달성할 수 있는 성장률)을 밑도는 저(低)성장으로, 작년 7월 발표했던 올해 전망치(2.2%)보다 0.4%포인트 낮다."
A0031-SPDDF4498585,A0031-SPDDF4498585-m1,잠재 성장률,생산·산업,-,2,%,%,rate,level,unspecified,수준값,현재값,KOSIS_VALUE,2025,Y,전년,,3,589,,ALTERNATE,NOT_TOP_TABLE,후순위 통계표 후보,,hybrid+reranker,-460,N,0.639485776424408,0.7552762031555176,0.5,,,301,DT_200Y126,"지출항목별 성장기여도(원계열, 실질, 분기 및 연간)",1976017,국민계정 > 국민계정(2020년기준) > GDP에 대한 성장기여도,meta_index 없음 또는 코드명 매칭 없음,,,,,,,,,,,,,,,,,,,,,,,,,,,,,,,,,,,,,,,,,,,,,meta 없음,,,"약 2%로 추정되는 잠재 성장률(물가를 자극하지 않으면서 달성할 수 있는 성장률)을 밑도는 저(低)성장으로, 작년 7월 발표했던 올해 전망치(2.2%)보다 0.4%포인트 낮다."
A0031-SPDDF4498585,A0031-SPDDF4498585-m1,잠재 성장률,생산·산업,-,2,%,%,rate,level,unspecified,수준값,현재값,KOSIS_VALUE,2025,Y,전년,,4,585,,ALTERNATE,NOT_TOP_TABLE,후순위 통계표 후보,,hybrid+reranker,-460,N,0.6278526782989502,0.7986582517623901,0.46923076923076923,,,301,DT_200Y124,"경제활동별 성장기여도(원계열, 실질, 분기 및 연간)",1976017,국민계정 > 국민계정(2020년기준) > GDP에 대한 성장기여도,meta_index 없음 또는 코드명 매칭 없음,,,,,,,,,,,,,,,,,,,,,,,,,,,,,,,,,,,,,,,,,,,,,meta 없음,,,"약 2%로 추정되는 잠재 성장률(물가를 자극하지 않으면서 달성할 수 있는 성장률)을 밑도는 저(低)성장으로, 작년 7월 발표했던 올해 전망치(2.2%)보다 0.4%포인트 낮다."
A0031-SPDDF4498585,A0031-SPDDF4498585-m1,잠재 성장률,생산·산업,-,2,%,%,rate,level,unspecified,수준값,현재값,KOSIS_VALUE,2025,Y,전년,,5,566,,ALTERNATE,NOT_TOP_TABLE,후순위 통계표 후보,,hybrid+reranker,-460,N,0.6321985721588135,0.703956663608551,0.4919354838709677,,,301,DT_200Y125,"지출항목별 성장기여도(계절조정, 실질, 분기)",1976017,국민계정 > 국민계정(2020년기준) > GDP에 대한 성장기여도,meta_index 없음 또는 코드명 매칭 없음,,,,,,,,,,,,,,,,,,,,,,,,,,,,,,,,,,,,,,,,,,,,,meta 없음,,,"약 2%로 추정되는 잠재 성장률(물가를 자극하지 않으면서 달성할 수 있는 성장률)을 밑도는 저(低)성장으로, 작년 7월 발표했던 올해 전망치(2.2%)보다 0.4%포인트 낮다."
A0031-SPDDF4498585,A0031-SPDDF4498585-m2,올해 전망치,생산·산업,-,2.2,%,%,rate,level,unspecified,수준값,현재값,KOSIS_VALUE,2025,Y,전년동기,,1,377,372,TABLE_ONLY,META_NOT_LOADED,통계표 메타 조회 전 후보,제조업,hybrid,146,Y,,,0.37654320987654316,,,111,DT_111014_C025,올해 일당 근로자 필요한 일수_1순위 품목(중복 응답),2025005,"외국인고용실태조사(농업,제조업분야) > 농업경영체",meta_index 없음 또는 코드명 매칭 없음,,,,,,,,,,,,,,,,,,,,,,,,,,,,,,,,,,,,,,,,,,,,,meta 없음,,,"약 2%로 추정되는 잠재 성장률(물가를 자극하지 않으면서 달성할 수 있는 성장률)을 밑도는 저(低)성장으로, 작년 7월 발표했던 올해 전망치(2.2%)보다 0.4%포인트 낮다."
A0031-SPDDF4498585,A0031-SPDDF4498585-m2,올해 전망치,생산·산업,-,2.2,%,%,rate,level,unspecified,수준값,현재값,KOSIS_VALUE,2025,Y,전년동기,,2,372,,ALTERNATE,NOT_TOP_TABLE,후순위 통계표 후보,제조업,hybrid,146,Y,,,0.3719512195121951,,,111,DT_111014_C026,올해 일당 근로자 필요한 일수_2순위 품목(중복 응답),2025005,"외국인고용실태조사(농업,제조업분야) > 농업경영체",meta_index 없음 또는 코드명 매칭 없음,,,,,,,,,,,,,,,,,,,,,,,,,,,,,,,,,,,,,,,,,,,,,meta 없음,,,"약 2%로 추정되는 잠재 성장률(물가를 자극하지 않으면서 달성할 수 있는 성장률)을 밑도는 저(低)성장으로, 작년 7월 발표했던 올해 전망치(2.2%)보다 0.4%포인트 낮다."
A0031-SPDDF4498585,A0031-SPDDF4498585-m2,올해 전망치,생산·산업,-,2.2,%,%,rate,level,unspecified,수준값,현재값,KOSIS_VALUE,2025,Y,전년동기,,3,367,,ALTERNATE,NOT_TOP_TABLE,후순위 통계표 후보,제조업,hybrid,146,Y,,,0.3674698795180723,,,111,DT_111014_C033,올해 한달 이상 고용 근로자 필요한 근로자 수_1순위 품목(중복 응답),2025005,"외국인고용실태조사(농업,제조업분야) > 농업경영체",meta_index 없음 또는 코드명 매칭 없음,,,,,,,,,,,,,,,,,,,,,,,,,,,,,,,,,,,,,,,,,,,,,meta 없음,,,"약 2%로 추정되는 잠재 성장률(물가를 자극하지 않으면서 달성할 수 있는 성장률)을 밑도는 저(低)성장으로, 작년 7월 발표했던 올해 전망치(2.2%)보다 0.4%포인트 낮다."
A0031-SPDDF4498585,A0031-SPDDF4498585-m2,올해 전망치,생산·산업,-,2.2,%,%,rate,level,unspecified,수준값,현재값,KOSIS_VALUE,2025,Y,전년동기,,4,363,,ALTERNATE,NOT_TOP_TABLE,후순위 통계표 후보,제조업,hybrid,146,Y,,,0.3630952380952381,,,111,DT_111014_C034,올해 한달 이상 고용 근로자 필요한 근로자 수_2순위 품목(중복 응답),2025005,"외국인고용실태조사(농업,제조업분야) > 농업경영체",meta_index 없음 또는 코드명 매칭 없음,,,,,,,,,,,,,,,,,,,,,,,,,,,,,,,,,,,,,,,,,,,,,meta 없음,,,"약 2%로 추정되는 잠재 성장률(물가를 자극하지 않으면서 달성할 수 있는 성장률)을 밑도는 저(低)성장으로, 작년 7월 발표했던 올해 전망치(2.2%)보다 0.4%포인트 낮다."
A0031-SPDDF4498585,A0031-SPDDF4498585-m2,올해 전망치,생산·산업,-,2.2,%,%,rate,level,unspecified,수준값,현재값,KOSIS_VALUE,2025,Y,전년동기,,5,359,,ALTERNATE,NOT_TOP_TABLE,후순위 통계표 후보,제조업,hybrid,146,Y,,,0.3588235294117647,,,111,DT_111014_C035,올해 한달 이상 고용 근로자 필요한 근로자 중 외국인 비율,2025005,"외국인고용실태조사(농업,제조업분야) > 농업경영체",meta_index 없음 또는 코드명 매칭 없음,,,,,,,,,,,,,,,,,,,,,,,,,,,,,,,,,,,,,,,,,,,,,meta 없음,,,"약 2%로 추정되는 잠재 성장률(물가를 자극하지 않으면서 달성할 수 있는 성장률)을 밑도는 저(低)성장으로, 작년 7월 발표했던 올해 전망치(2.2%)보다 0.4%포인트 낮다."
A0031-SPDDF4498585,A0031-SPDDF4498585-m3,성장률 변화폭,생산·산업,-,0.4,%,%,rate,rate_change,unspecified,증감률,증감값,KOSIS_VALUE,2025,Y,전년동기,2024,1,377,372,TABLE_ONLY,META_NOT_LOADED,통계표 메타 조회 전 후보,,hybrid,-160,N,0.6291835904121399,,0.37654320987654316,,,152,DT_152009_C114,단가 변동 비중_0~5% 미만 인상,2021003,하도급거래실태조사 > 건설업_원사업자 > 하도급거래 세부사항 > 거래 제반,meta_index 없음 또는 코드명 매칭 없음,,,,,,,,,,,,,,,,,,,,,,,,,,,,,,,,,,,,,,,,,,,,,meta 없음,,,"약 2%로 추정되는 잠재 성장률(물가를 자극하지 않으면서 달성할 수 있는 성장률)을 밑도는 저(低)성장으로, 작년 7월 발표했던 올해 전망치(2.2%)보다 0.4%포인트 낮다."
A0031-SPDDF4498585,A0031-SPDDF4498585-m3,성장률 변화폭,생산·산업,-,0.4,%,%,rate,rate_change,unspecified,증감률,증감값,KOSIS_VALUE,2025,Y,전년동기,2024,2,372,,ALTERNATE,NOT_TOP_TABLE,후순위 통계표 후보,제조업,hybrid,-154,N,0.6286104917526245,,0.3719512195121951,,,395,DT_395N_S2023031,시장 환경 상황별 설명도: 미래 기술 발전을 예측하기 어려움,2003024,한국기업혁신조사 > 2024년도 조사(제조업 부문) > 시장 환경 상황별 해당 여부 및 설명도 > 시장 환경 상황별 설명도,meta_index 없음 또는 코드명 매칭 없음,,,,,,,,,,,,,,,,,,,,,,,,,,,,,,,,,,,,,,,,,,,,,meta 없음,,,"약 2%로 추정되는 잠재 성장률(물가를 자극하지 않으면서 달성할 수 있는 성장률)을 밑도는 저(低)성장으로, 작년 7월 발표했던 올해 전망치(2.2%)보다 0.4%포인트 낮다."
A0031-SPDDF4498585,A0031-SPDDF4498585-m3,성장률 변화폭,생산·산업,-,0.4,%,%,rate,rate_change,unspecified,증감률,증감값,KOSIS_VALUE,2025,Y,전년동기,2024,3,371,,ALTERNATE,NOT_TOP_TABLE,후순위 통계표 후보,,hybrid+reranker,-460,N,0.6406887769699097,0.14694204926490784,0.4919354838709677,,,301,DT_200Y125,"지출항목별 성장기여도(계절조정, 실질, 분기)",1976017,국민계정 > 국민계정(2020년기준) > GDP에 대한 성장기여도,meta_index 없음 또는 코드명 매칭 없음,,,,,,,,,,,,,,,,,,,,,,,,,,,,,,,,,,,,,,,,,,,,,meta 없음,,,"약 2%로 추정되는 잠재 성장률(물가를 자극하지 않으면서 달성할 수 있는 성장률)을 밑도는 저(低)성장으로, 작년 7월 발표했던 올해 전망치(2.2%)보다 0.4%포인트 낮다."
A0031-SPDDF4498585,A0031-SPDDF4498585-m3,성장률 변화폭,생산·산업,-,0.4,%,%,rate,rate_change,unspecified,증감률,증감값,KOSIS_VALUE,2025,Y,전년동기,2024,4,367,,ALTERNATE,NOT_TOP_TABLE,후순위 통계표 후보,,hybrid,-160,N,0.6283844113349915,,0.3674698795180723,,,152,DT_152009_C112,단가 변동 비중_ 0~5% 미만 인하,2021003,하도급거래실태조사 > 건설업_원사업자 > 하도급거래 세부사항 > 거래 제반,meta_index 없음 또는 코드명 매칭 없음,,,,,,,,,,,,,,,,,,,,,,,,,,,,,,,,,,,,,,,,,,,,,meta 없음,,,"약 2%로 추정되는 잠재 성장률(물가를 자극하지 않으면서 달성할 수 있는 성장률)을 밑도는 저(低)성장으로, 작년 7월 발표했던 올해 전망치(2.2%)보다 0.4%포인트 낮다."
A0031-SPDDF4498585,A0031-SPDDF4498585-m3,성장률 변화폭,생산·산업,-,0.4,%,%,rate,rate_change,unspecified,증감률,증감값,KOSIS_VALUE,2025,Y,전년동기,2024,5,363,,ALTERNATE,NOT_TOP_TABLE,후순위 통계표 후보,,hybrid,-460,N,0.627405047416687,,0.3630952380952381,,,301,DT_200Y124,"경제활동별 성장기여도(원계열, 실질, 분기 및 연간)",1976017,국민계정 > 국민계정(2020년기준) > GDP에 대한 성장기여도,meta_index 없음 또는 코드명 매칭 없음,,,,,,,,,,,,,,,,,,,,,,,,,,,,,,,,,,,,,,,,,,,,,meta 없음,,,"약 2%로 추정되는 잠재 성장률(물가를 자극하지 않으면서 달성할 수 있는 성장률)을 밑도는 저(低)성장으로, 작년 7월 발표했던 올해 전망치(2.2%)보다 0.4%포인트 낮다."
A0031-SP9D49531F52,A0031-SP9D49531F52-m1,개별소비세율,재정·조세,-,5,%,%,rate,rate_change,unspecified,증감률,증감률,KOSIS_VALUE,2025,Y,전년,2024,1,410,406,TABLE_ONLY,META_NOT_LOADED,통계표 메타 조회 전 후보,,hybrid+reranker,-460,N,0.6411877870559692,0.257951945066452,0.4919354838709677,,,101,DT_1L9K114,"소비구간별  가구당 월평균 가계수지 (전국,1인이상,실질)",1962009,"가계동향조사 > 가계동향조사(지출2006~2016년, 소득 2006~2019년) > 1인이상 비농림어가 > 전국(실질, 2020년 기준)",meta_index 없음 또는 코드명 매칭 없음,,,,,,,,,,,,,,,,,,,,,,,,,,,,,,,,,,,,,,,,,,,,,meta 없음,,,"신차(新車) 구매 시 개별소비세 인하(세율 5%→3.5%)를 1년 반 만에 부활해 상반기에 한시 적용하고, 85조원 규모의 새해 민생·경기 사업 예산 중 40%(34조원) 이상을 1분기(1~3월) 안으로 집행하는 등 ‘급한 불’을 끄겠다는 것이다."
A0031-SP9D49531F52,A0031-SP9D49531F52-m1,개별소비세율,재정·조세,-,5,%,%,rate,rate_change,unspecified,증감률,증감률,KOSIS_VALUE,2025,Y,전년,2024,2,406,,ALTERNATE,NOT_TOP_TABLE,후순위 통계표 후보,,hybrid+reranker,-160,N,0.6442941427230835,0.23005375266075134,0.5,,,101,DT_1L9U020,"소비구간별 가구당 월평균 가계수지 (전국,1인이상,실질)",1962009,"가계동향조사 > 가계동향조사(구분류, 1963~2024년) > 가계동향조사(구분류, 2019~2024년) > 1인이상 가구(농림어가포함) > 전국(실질, 2020년 기준)",meta_index 없음 또는 코드명 매칭 없음,,,,,,,,,,,,,,,,,,,,,,,,,,,,,,,,,,,,,,,,,,,,,meta 없음,,,"신차(新車) 구매 시 개별소비세 인하(세율 5%→3.5%)를 1년 반 만에 부활해 상반기에 한시 적용하고, 85조원 규모의 새해 민생·경기 사업 예산 중 40%(34조원) 이상을 1분기(1~3월) 안으로 집행하는 등 ‘급한 불’을 끄겠다는 것이다."
A0031-SP9D49531F52,A0031-SP9D49531F52-m1,개별소비세율,재정·조세,-,5,%,%,rate,rate_change,unspecified,증감률,증감률,KOSIS_VALUE,2025,Y,전년,2024,3,396,,ALTERNATE,NOT_TOP_TABLE,후순위 통계표 후보,,hybrid+reranker,-160,N,0.6398629546165466,0.23109324276447296,0.4841269841269841,,,101,DT_1L9U041,"소비구간별 가구당 월평균 가계수지 (도시,1인이상,실질)",1962009,"가계동향조사 > 가계동향조사(구분류, 1963~2024년) > 가계동향조사(구분류, 2019~2024년) > 1인이상 가구(농림어가포함) > 도시(실질, 2020년 기준)",meta_index 없음 또는 코드명 매칭 없음,,,,,,,,,,,,,,,,,,,,,,,,,,,,,,,,,,,,,,,,,,,,,meta 없음,,,"신차(新車) 구매 시 개별소비세 인하(세율 5%→3.5%)를 1년 반 만에 부활해 상반기에 한시 적용하고, 85조원 규모의 새해 민생·경기 사업 예산 중 40%(34조원) 이상을 1분기(1~3월) 안으로 집행하는 등 ‘급한 불’을 끄겠다는 것이다."
A0031-SP9D49531F52,A0031-SP9D49531F52-m1,개별소비세율,재정·조세,-,5,%,%,rate,rate_change,unspecified,증감률,증감률,KOSIS_VALUE,2025,Y,전년,2024,4,386,,ALTERNATE,NOT_TOP_TABLE,후순위 통계표 후보,,hybrid+reranker,-160,N,0.6393327713012695,0.21750368177890778,0.4765625,,,101,DT_1L9K014,"소비구간별  가구당 월평균 가계수지 (전국,1인이상,실질)",1962009,"가계동향조사 > 가계동향조사(구분류, 1963~2024년) > 가계동향조사(구분류, 지출 1990~2016년, 소득 1990~2019년) > 1인이상 비농림어가 > 전국(실질, 2020년기준) ",meta_index 없음 또는 코드명 매칭 없음,,,,,,,,,,,,,,,,,,,,,,,,,,,,,,,,,,,,,,,,,,,,,meta 없음,,,"신차(新車) 구매 시 개별소비세 인하(세율 5%→3.5%)를 1년 반 만에 부활해 상반기에 한시 적용하고, 85조원 규모의 새해 민생·경기 사업 예산 중 40%(34조원) 이상을 1분기(1~3월) 안으로 집행하는 등 ‘급한 불’을 끄겠다는 것이다."
A0031-SP9D49531F52,A0031-SP9D49531F52-m1,개별소비세율,재정·조세,-,5,%,%,rate,rate_change,unspecified,증감률,증감률,KOSIS_VALUE,2025,Y,전년,2024,5,386,,ALTERNATE,NOT_TOP_TABLE,후순위 통계표 후보,,hybrid+reranker,-460,N,0.6389986872673035,0.24436300992965698,0.4621212121212121,,,101,DT_1L9L114,"소비구간별  가구당 월평균 가계수지 (도시,1인이상,실질)",1962009,"가계동향조사 > 가계동향조사(지출2006~2016년, 소득 2006~2019년) > 1인이상 비농림어가 > 도시(실질, 2020년 기준)",meta_index 없음 또는 코드명 매칭 없음,,,,,,,,,,,,,,,,,,,,,,,,,,,,,,,,,,,,,,,,,,,,,meta 없음,,,"신차(新車) 구매 시 개별소비세 인하(세율 5%→3.5%)를 1년 반 만에 부활해 상반기에 한시 적용하고, 85조원 규모의 새해 민생·경기 사업 예산 중 40%(34조원) 이상을 1분기(1~3월) 안으로 집행하는 등 ‘급한 불’을 끄겠다는 것이다."
A0031-SP9D49531F52,A0031-SP9D49531F52-m2,개별소비세율,재정·조세,-,3.5,%,%,rate,rate_change,unspecified,증감률,증감률,KOSIS_VALUE,2025,Q,전년,2024,1,415,407,TABLE_ONLY,META_NOT_LOADED,통계표 메타 조회 전 후보,,hybrid+reranker,-460,N,0.6371919512748718,0.2730894684791565,0.4919354838709677,,,101,DT_1L9K114,"소비구간별  가구당 월평균 가계수지 (전국,1인이상,실질)",1962009,"가계동향조사 > 가계동향조사(지출2006~2016년, 소득 2006~2019년) > 1인이상 비농림어가 > 전국(실질, 2020년 기준)",meta_index 없음 또는 코드명 매칭 없음,,,,,,,,,,,,,,,,,,,,,,,,,,,,,,,,,,,,,,,,,,,,,meta 없음,,,"신차(新車) 구매 시 개별소비세 인하(세율 5%→3.5%)를 1년 반 만에 부활해 상반기에 한시 적용하고, 85조원 규모의 새해 민생·경기 사업 예산 중 40%(34조원) 이상을 1분기(1~3월) 안으로 집행하는 등 ‘급한 불’을 끄겠다는 것이다."
A0031-SP9D49531F52,A0031-SP9D49531F52-m2,개별소비세율,재정·조세,-,3.5,%,%,rate,rate_change,unspecified,증감률,증감률,KOSIS_VALUE,2025,Q,전년,2024,2,407,,ALTERNATE,NOT_TOP_TABLE,후순위 통계표 후보,,hybrid+reranker,-160,N,0.6401611566543579,0.23475733399391174,0.5,,,101,DT_1L9U020,"소비구간별 가구당 월평균 가계수지 (전국,1인이상,실질)",1962009,"가계동향조사 > 가계동향조사(구분류, 1963~2024년) > 가계동향조사(구분류, 2019~2024년) > 1인이상 가구(농림어가포함) > 전국(실질, 2020년 기준)",meta_index 없음 또는 코드명 매칭 없음,,,,,,,,,,,,,,,,,,,,,,,,,,,,,,,,,,,,,,,,,,,,,meta 없음,,,"신차(新車) 구매 시 개별소비세 인하(세율 5%→3.5%)를 1년 반 만에 부활해 상반기에 한시 적용하고, 85조원 규모의 새해 민생·경기 사업 예산 중 40%(34조원) 이상을 1분기(1~3월) 안으로 집행하는 등 ‘급한 불’을 끄겠다는 것이다."
A0031-SP9D49531F52,A0031-SP9D49531F52-m2,개별소비세율,재정·조세,-,3.5,%,%,rate,rate_change,unspecified,증감률,증감률,KOSIS_VALUE,2025,Q,전년,2024,3,397,,ALTERNATE,NOT_TOP_TABLE,후순위 통계표 후보,,hybrid+reranker,-160,N,0.6358460187911987,0.23458196222782135,0.4841269841269841,,,101,DT_1L9U041,"소비구간별 가구당 월평균 가계수지 (도시,1인이상,실질)",1962009,"가계동향조사 > 가계동향조사(구분류, 1963~2024년) > 가계동향조사(구분류, 2019~2024년) > 1인이상 가구(농림어가포함) > 도시(실질, 2020년 기준)",meta_index 없음 또는 코드명 매칭 없음,,,,,,,,,,,,,,,,,,,,,,,,,,,,,,,,,,,,,,,,,,,,,meta 없음,,,"신차(新車) 구매 시 개별소비세 인하(세율 5%→3.5%)를 1년 반 만에 부활해 상반기에 한시 적용하고, 85조원 규모의 새해 민생·경기 사업 예산 중 40%(34조원) 이상을 1분기(1~3월) 안으로 집행하는 등 ‘급한 불’을 끄겠다는 것이다."
A0031-SP9D49531F52,A0031-SP9D49531F52-m2,개별소비세율,재정·조세,-,3.5,%,%,rate,rate_change,unspecified,증감률,증감률,KOSIS_VALUE,2025,Q,전년,2024,4,394,,ALTERNATE,NOT_TOP_TABLE,후순위 통계표 후보,,hybrid+reranker,-460,N,0.6350928544998169,0.26779094338417053,0.4621212121212121,,,101,DT_1L9L114,"소비구간별  가구당 월평균 가계수지 (도시,1인이상,실질)",1962009,"가계동향조사 > 가계동향조사(지출2006~2016년, 소득 2006~2019년) > 1인이상 비농림어가 > 도시(실질, 2020년 기준)",meta_index 없음 또는 코드명 매칭 없음,,,,,,,,,,,,,,,,,,,,,,,,,,,,,,,,,,,,,,,,,,,,,meta 없음,,,"신차(新車) 구매 시 개별소비세 인하(세율 5%→3.5%)를 1년 반 만에 부활해 상반기에 한시 적용하고, 85조원 규모의 새해 민생·경기 사업 예산 중 40%(34조원) 이상을 1분기(1~3월) 안으로 집행하는 등 ‘급한 불’을 끄겠다는 것이다."
A0031-SP9D49531F52,A0031-SP9D49531F52-m2,개별소비세율,재정·조세,-,3.5,%,%,rate,rate_change,unspecified,증감률,증감률,KOSIS_VALUE,2025,Q,전년,2024,5,390,,ALTERNATE,NOT_TOP_TABLE,후순위 통계표 후보,,hybrid+reranker,-160,N,0.6353652477264404,0.2285006195306778,0.4765625,,,101,DT_1L9K014,"소비구간별  가구당 월평균 가계수지 (전국,1인이상,실질)",1962009,"가계동향조사 > 가계동향조사(구분류, 1963~2024년) > 가계동향조사(구분류, 지출 1990~2016년, 소득 1990~2019년) > 1인이상 비농림어가 > 전국(실질, 2020년기준) ",meta_index 없음 또는 코드명 매칭 없음,,,,,,,,,,,,,,,,,,,,,,,,,,,,,,,,,,,,,,,,,,,,,meta 없음,,,"신차(新車) 구매 시 개별소비세 인하(세율 5%→3.5%)를 1년 반 만에 부활해 상반기에 한시 적용하고, 85조원 규모의 새해 민생·경기 사업 예산 중 40%(34조원) 이상을 1분기(1~3월) 안으로 집행하는 등 ‘급한 불’을 끄겠다는 것이다."
A0031-SP9D49531F52,A0031-SP9D49531F52-m3,새해 민생·경기 사업 예산,재정·조세,-,85000000000000,원,원,currency,amount,unspecified,수준값,현재값,KOSIS_VALUE,2025,Y,전년,,1,377,372,TABLE_ONLY,META_NOT_LOADED,통계표 메타 조회 전 후보,"경기,민생",hybrid,196,Y,,,0.37654320987654316,,,113,DT_113_STBL_1025349,운동 경기 직접 관람 이유,1991014,국민생활체육조사 > 체육활동 참여 현황,meta_index 없음 또는 코드명 매칭 없음,,,,,,,,,,,,,,,,,,,,,,,,,,,,,,,,,,,,,,,,,,,,,meta 없음,,,"신차(新車) 구매 시 개별소비세 인하(세율 5%→3.5%)를 1년 반 만에 부활해 상반기에 한시 적용하고, 85조원 규모의 새해 민생·경기 사업 예산 중 40%(34조원) 이상을 1분기(1~3월) 안으로 집행하는 등 ‘급한 불’을 끄겠다는 것이다."
A0031-SP9D49531F52,A0031-SP9D49531F52-m3,새해 민생·경기 사업 예산,재정·조세,-,85000000000000,원,원,currency,amount,unspecified,수준값,현재값,KOSIS_VALUE,2025,Y,전년,,2,372,,ALTERNATE,NOT_TOP_TABLE,후순위 통계표 후보,"경기,민생",hybrid,196,Y,,,0.3719512195121951,,,113,DT_113_STBL_1025348,운동경기 관람 빈도,1991014,국민생활체육조사 > 체육활동 참여 현황,meta_index 없음 또는 코드명 매칭 없음,,,,,,,,,,,,,,,,,,,,,,,,,,,,,,,,,,,,,,,,,,,,,meta 없음,,,"신차(新車) 구매 시 개별소비세 인하(세율 5%→3.5%)를 1년 반 만에 부활해 상반기에 한시 적용하고, 85조원 규모의 새해 민생·경기 사업 예산 중 40%(34조원) 이상을 1분기(1~3월) 안으로 집행하는 등 ‘급한 불’을 끄겠다는 것이다."
A0031-SP9D49531F52,A0031-SP9D49531F52-m3,새해 민생·경기 사업 예산,재정·조세,-,85000000000000,원,원,currency,amount,unspecified,수준값,현재값,KOSIS_VALUE,2025,Y,전년,,3,367,,ALTERNATE,NOT_TOP_TABLE,후순위 통계표 후보,"경기,민생",hybrid,196,Y,,,0.3674698795180723,,,113,DT_113_STBL_1020816,운동경기 관람유무 및 관람종목 연도별 비교,1991014,국민생활체육조사 > 체육활동 참여 현황,meta_index 없음 또는 코드명 매칭 없음,,,,,,,,,,,,,,,,,,,,,,,,,,,,,,,,,,,,,,,,,,,,,meta 없음,,,"신차(新車) 구매 시 개별소비세 인하(세율 5%→3.5%)를 1년 반 만에 부활해 상반기에 한시 적용하고, 85조원 규모의 새해 민생·경기 사업 예산 중 40%(34조원) 이상을 1분기(1~3월) 안으로 집행하는 등 ‘급한 불’을 끄겠다는 것이다."
A0031-SP9D49531F52,A0031-SP9D49531F52-m3,새해 민생·경기 사업 예산,재정·조세,-,85000000000000,원,원,currency,amount,unspecified,수준값,현재값,KOSIS_VALUE,2025,Y,전년,,4,363,,ALTERNATE,NOT_TOP_TABLE,후순위 통계표 후보,"경기,민생",hybrid,196,Y,,,0.3630952380952381,,,113,DT_113_STBL_1025346,운동경기 직접 관람률 연도별 비교,1991014,국민생활체육조사 > 체육활동 참여 현황,meta_index 없음 또는 코드명 매칭 없음,,,,,,,,,,,,,,,,,,,,,,,,,,,,,,,,,,,,,,,,,,,,,meta 없음,,,"신차(新車) 구매 시 개별소비세 인하(세율 5%→3.5%)를 1년 반 만에 부활해 상반기에 한시 적용하고, 85조원 규모의 새해 민생·경기 사업 예산 중 40%(34조원) 이상을 1분기(1~3월) 안으로 집행하는 등 ‘급한 불’을 끄겠다는 것이다."
A0031-SP9D49531F52,A0031-SP9D49531F52-m3,새해 민생·경기 사업 예산,재정·조세,-,85000000000000,원,원,currency,amount,unspecified,수준값,현재값,KOSIS_VALUE,2025,Y,전년,,5,359,,ALTERNATE,NOT_TOP_TABLE,후순위 통계표 후보,"예산,사업",hybrid,196,Y,,,0.3588235294117647,,,112,DT_112017N_41,특허 관련 비용 충당 예산 현황,2016007,대학산학협력활동실태조사 > 지식재산권 및 기술사업화,meta_index 없음 또는 코드명 매칭 없음,,,,,,,,,,,,,,,,,,,,,,,,,,,,,,,,,,,,,,,,,,,,,meta 없음,,,"신차(新車) 구매 시 개별소비세 인하(세율 5%→3.5%)를 1년 반 만에 부활해 상반기에 한시 적용하고, 85조원 규모의 새해 민생·경기 사업 예산 중 40%(34조원) 이상을 1분기(1~3월) 안으로 집행하는 등 ‘급한 불’을 끄겠다는 것이다."
A0031-SP041EDC0971,A0031-SP041EDC0971-m1,수출 증가율,무역,반도체,8.2,%,%,rate,rate_change,item,증감률,증감률,KOSIS_VALUE,2025,Y,전년,2024,1,667,660,TABLE_ONLY,META_NOT_LOADED,통계표 메타 조회 전 후보,"수출,수입,ICT,codebook:semiconductor_export_y",hybrid+reranker+codebook,1098,Y,,0.9762653708457947,0.5,semiconductor_export_y,semiconductor_export_y,127,DT_127005_005,수출 및 수입액,1996008,ICT실태조사,meta_index 없음 또는 코드명 매칭 없음,,,,,,,,,,,,,,,,,,,,,,,,,,,,,,,,,,,,,,,,,,,,,코드북 후보 선택,,,반도체 등 주력 수출 업종의 경쟁 심화와 이달 20일 출범하는 트럼프 정부의 관세 장벽 강화 등으로 수출 증가율은 작년 8.2%에서 올해 1.5%로 쪼그라들 것으로 봤다.
A0031-SP041EDC0971,A0031-SP041EDC0971-m1,수출 증가율,무역,반도체,8.2,%,%,rate,rate_change,item,증감률,증감률,KOSIS_VALUE,2025,Y,전년,2024,2,660,,ALTERNATE,NOT_TOP_TABLE,후순위 통계표 후보,"품목별,수출액,수출,수입,무역",hybrid+reranker,484,Y,,0.9720985889434814,0.4919354838709677,,,360,DT_1R11001_FRM101,"품목별 수출액, 수입액",1976045,SITC에의한무역통계,meta_index 없음 또는 코드명 매칭 없음,,,,,,,,,,,,,,,,,,,,,,,,,,,,,,,,,,,,,,,,,,,,,meta 없음,,,반도체 등 주력 수출 업종의 경쟁 심화와 이달 20일 출범하는 트럼프 정부의 관세 장벽 강화 등으로 수출 증가율은 작년 8.2%에서 올해 1.5%로 쪼그라들 것으로 봤다.
A0031-SP041EDC0971,A0031-SP041EDC0971-m1,수출 증가율,무역,반도체,8.2,%,%,rate,rate_change,item,증감률,증감률,KOSIS_VALUE,2025,Y,전년,2024,3,654,,ALTERNATE,NOT_TOP_TABLE,후순위 통계표 후보,"품목별,수출,수입,무역",hybrid+reranker,168,Y,,0.9683213829994202,0.4841269841269841,,,134,DT_134006_N001,품목별 수입·수출현황,2017044,기업무역활동통계,meta_index 없음 또는 코드명 매칭 없음,,,,,,,,,,,,,,,,,,,,,,,,,,,,,,,,,,,,,,,,,,,,,meta 없음,,,반도체 등 주력 수출 업종의 경쟁 심화와 이달 20일 출범하는 트럼프 정부의 관세 장벽 강화 등으로 수출 증가율은 작년 8.2%에서 올해 1.5%로 쪼그라들 것으로 봤다.
A0031-SP041EDC0971,A0031-SP041EDC0971-m1,수출 증가율,무역,반도체,8.2,%,%,rate,rate_change,item,증감률,증감률,KOSIS_VALUE,2025,Y,전년,2024,4,601,,ALTERNATE,NOT_TOP_TABLE,후순위 통계표 후보,"품목별,수출",hybrid+reranker,152,Y,,0.9517737030982971,0.41216216216216217,,,434,DT_434_STBL_1028686,출판 품목별 수출입 실적,2016058,문화체육관광산업통계 > 수출입 실적 현황,meta_index 없음 또는 코드명 매칭 없음,,,,,,,,,,,,,,,,,,,,,,,,,,,,,,,,,,,,,,,,,,,,,meta 없음,,,반도체 등 주력 수출 업종의 경쟁 심화와 이달 20일 출범하는 트럼프 정부의 관세 장벽 강화 등으로 수출 증가율은 작년 8.2%에서 올해 1.5%로 쪼그라들 것으로 봤다.
A0031-SP041EDC0971,A0031-SP041EDC0971-m1,수출 증가율,무역,반도체,8.2,%,%,rate,rate_change,item,증감률,증감률,KOSIS_VALUE,2025,Y,전년,2024,5,600,,ALTERNATE,NOT_TOP_TABLE,후순위 통계표 후보,"품목별,수출",hybrid+reranker,152,Y,,0.9059898257255554,0.43571428571428567,,,434,DT_434_STBL_1028694,영화・사진 품목별 수출입 실적,2016058,문화체육관광산업통계 > 수출입 실적 현황,meta_index 없음 또는 코드명 매칭 없음,,,,,,,,,,,,,,,,,,,,,,,,,,,,,,,,,,,,,,,,,,,,,meta 없음,,,반도체 등 주력 수출 업종의 경쟁 심화와 이달 20일 출범하는 트럼프 정부의 관세 장벽 강화 등으로 수출 증가율은 작년 8.2%에서 올해 1.5%로 쪼그라들 것으로 봤다.
A0031-SP041EDC0971,A0031-SP041EDC0971-m2,수출 증가율,무역,반도체,1.5,%,%,rate,rate_change,item,증감률,증감률,KOSIS_VALUE,2025,Y,전년,2024,1,667,660,TABLE_ONLY,META_NOT_LOADED,통계표 메타 조회 전 후보,"수출,수입,ICT,codebook:semiconductor_export_y",hybrid+reranker+codebook,1098,Y,,0.9762653708457947,0.5,semiconductor_export_y,semiconductor_export_y,127,DT_127005_005,수출 및 수입액,1996008,ICT실태조사,meta_index 없음 또는 코드명 매칭 없음,,,,,,,,,,,,,,,,,,,,,,,,,,,,,,,,,,,,,,,,,,,,,코드북 후보 선택,,,반도체 등 주력 수출 업종의 경쟁 심화와 이달 20일 출범하는 트럼프 정부의 관세 장벽 강화 등으로 수출 증가율은 작년 8.2%에서 올해 1.5%로 쪼그라들 것으로 봤다.
A0031-SP041EDC0971,A0031-SP041EDC0971-m2,수출 증가율,무역,반도체,1.5,%,%,rate,rate_change,item,증감률,증감률,KOSIS_VALUE,2025,Y,전년,2024,2,660,,ALTERNATE,NOT_TOP_TABLE,후순위 통계표 후보,"품목별,수출액,수출,수입,무역",hybrid+reranker,484,Y,,0.9720985889434814,0.4919354838709677,,,360,DT_1R11001_FRM101,"품목별 수출액, 수입액",1976045,SITC에의한무역통계,meta_index 없음 또는 코드명 매칭 없음,,,,,,,,,,,,,,,,,,,,,,,,,,,,,,,,,,,,,,,,,,,,,meta 없음,,,반도체 등 주력 수출 업종의 경쟁 심화와 이달 20일 출범하는 트럼프 정부의 관세 장벽 강화 등으로 수출 증가율은 작년 8.2%에서 올해 1.5%로 쪼그라들 것으로 봤다.
A0031-SP041EDC0971,A0031-SP041EDC0971-m2,수출 증가율,무역,반도체,1.5,%,%,rate,rate_change,item,증감률,증감률,KOSIS_VALUE,2025,Y,전년,2024,3,654,,ALTERNATE,NOT_TOP_TABLE,후순위 통계표 후보,"품목별,수출,수입,무역",hybrid+reranker,168,Y,,0.9683213829994202,0.4841269841269841,,,134,DT_134006_N001,품목별 수입·수출현황,2017044,기업무역활동통계,meta_index 없음 또는 코드명 매칭 없음,,,,,,,,,,,,,,,,,,,,,,,,,,,,,,,,,,,,,,,,,,,,,meta 없음,,,반도체 등 주력 수출 업종의 경쟁 심화와 이달 20일 출범하는 트럼프 정부의 관세 장벽 강화 등으로 수출 증가율은 작년 8.2%에서 올해 1.5%로 쪼그라들 것으로 봤다.
A0031-SP041EDC0971,A0031-SP041EDC0971-m2,수출 증가율,무역,반도체,1.5,%,%,rate,rate_change,item,증감률,증감률,KOSIS_VALUE,2025,Y,전년,2024,4,601,,ALTERNATE,NOT_TOP_TABLE,후순위 통계표 후보,"품목별,수출",hybrid+reranker,152,Y,,0.9517737030982971,0.41216216216216217,,,434,DT_434_STBL_1028686,출판 품목별 수출입 실적,2016058,문화체육관광산업통계 > 수출입 실적 현황,meta_index 없음 또는 코드명 매칭 없음,,,,,,,,,,,,,,,,,,,,,,,,,,,,,,,,,,,,,,,,,,,,,meta 없음,,,반도체 등 주력 수출 업종의 경쟁 심화와 이달 20일 출범하는 트럼프 정부의 관세 장벽 강화 등으로 수출 증가율은 작년 8.2%에서 올해 1.5%로 쪼그라들 것으로 봤다.
A0031-SP041EDC0971,A0031-SP041EDC0971-m2,수출 증가율,무역,반도체,1.5,%,%,rate,rate_change,item,증감률,증감률,KOSIS_VALUE,2025,Y,전년,2024,5,600,,ALTERNATE,NOT_TOP_TABLE,후순위 통계표 후보,"품목별,수출",hybrid+reranker,152,Y,,0.9059898257255554,0.43571428571428567,,,434,DT_434_STBL_1028694,영화・사진 품목별 수출입 실적,2016058,문화체육관광산업통계 > 수출입 실적 현황,meta_index 없음 또는 코드명 매칭 없음,,,,,,,,,,,,,,,,,,,,,,,,,,,,,,,,,,,,,,,,,,,,,meta 없음,,,반도체 등 주력 수출 업종의 경쟁 심화와 이달 20일 출범하는 트럼프 정부의 관세 장벽 강화 등으로 수출 증가율은 작년 8.2%에서 올해 1.5%로 쪼그라들 것으로 봤다.
A0032-SPE5B9DB1B51,A0032-SPE5B9DB1B51-m1,수의직 채용 인원,고용,-,6,명,명,person_count,count,unspecified,수준값,현재값,KOSIS_VALUE,2024,Y,전년,,1,830,829,TABLE_ONLY,META_NOT_LOADED,통계표 메타 조회 전 후보,"채용,고용,인원,노동",hybrid+reranker,196,Y,0.6411904692649841,0.8206132054328918,0.8356164383561643,,,118,DT_118N_DEN065,직종별·규모별(2024년~2025년),1976008,"직종별사업체노동력조사(구. 사업체고용동향특별조사) > 2024년 이후(산업분류 11차, 종사자 1인 이상) > 현원,구인,채용,미충원,부족,채용계획인원",meta_index 없음 또는 코드명 매칭 없음,,,,,,,,,,,,,,,,,,,,,,,,,,,,,,,,,,,,,,,,,,,,,meta 없음,,,전남도는 지난해 ‘6급’ 수의직을 6명 뽑겠다고 발표했다.
A0032-SPE5B9DB1B51,A0032-SPE5B9DB1B51-m1,수의직 채용 인원,고용,-,6,명,명,person_count,count,unspecified,수준값,현재값,KOSIS_VALUE,2024,Y,전년,,2,829,,ALTERNATE,NOT_TOP_TABLE,후순위 통계표 후보,"채용,고용,인원,노동",hybrid+reranker,196,Y,0.644898533821106,0.7839884757995605,0.8531885758998435,,,118,DT_118N_DEN052,직종별·규모별(2021년~2023년),1976008,"직종별사업체노동력조사(구. 사업체고용동향특별조사) > 2021년~2023년(산업분류 10차, 종사자 1인 이상) > 현원,구인,채용,미충원,부족,채용계획인원",meta_index 없음 또는 코드명 매칭 없음,,,,,,,,,,,,,,,,,,,,,,,,,,,,,,,,,,,,,,,,,,,,,meta 없음,,,전남도는 지난해 ‘6급’ 수의직을 6명 뽑겠다고 발표했다.
A0032-SPE5B9DB1B51,A0032-SPE5B9DB1B51-m1,수의직 채용 인원,고용,-,6,명,명,person_count,count,unspecified,수준값,현재값,KOSIS_VALUE,2024,Y,전년,,3,811,,ALTERNATE,NOT_TOP_TABLE,후순위 통계표 후보,"채용,고용,인원,노동",hybrid+reranker,196,Y,0.6398950815200806,0.7622470855712891,0.8370300751879698,,,118,DT_118N_DEN051,산업별·규모별(2021년~2023년),1976008,"직종별사업체노동력조사(구. 사업체고용동향특별조사) > 2021년~2023년(산업분류 10차, 종사자 1인 이상) > 현원,구인,채용,미충원,부족,채용계획인원",meta_index 없음 또는 코드명 매칭 없음,,,,,,,,,,,,,,,,,,,,,,,,,,,,,,,,,,,,,,,,,,,,,meta 없음,,,전남도는 지난해 ‘6급’ 수의직을 6명 뽑겠다고 발표했다.
A0032-SPE5B9DB1B51,A0032-SPE5B9DB1B51-m1,수의직 채용 인원,고용,-,6,명,명,person_count,count,unspecified,수준값,현재값,KOSIS_VALUE,2024,Y,전년,,4,801,,ALTERNATE,NOT_TOP_TABLE,후순위 통계표 후보,"채용,고용,인원,노동",hybrid+reranker,196,Y,0.6409242153167725,0.7585106492042542,0.8243243243243243,,,118,DT_118N_DEN062,직종별·규모별(2026년 이후),1976008,"직종별사업체노동력조사(구. 사업체고용동향특별조사) > 2024년 이후(산업분류 11차, 종사자 1인 이상) > 현원,구인,채용,미충원,부족,채용계획인원",meta_index 없음 또는 코드명 매칭 없음,,,,,,,,,,,,,,,,,,,,,,,,,,,,,,,,,,,,,,,,,,,,,meta 없음,,,전남도는 지난해 ‘6급’ 수의직을 6명 뽑겠다고 발표했다.
A0032-SPE5B9DB1B51,A0032-SPE5B9DB1B51-m1,수의직 채용 인원,고용,-,6,명,명,person_count,count,unspecified,수준값,현재값,KOSIS_VALUE,2024,Y,전년,,5,739,,ALTERNATE,NOT_TOP_TABLE,후순위 통계표 후보,"채용,고용,인원,노동",hybrid+reranker,196,Y,0.6304593086242676,0.7690802216529846,0.7228466955579632,,,118,DT_118N_DEN061,산업별·규모별(2024년 이후),1976008,"직종별사업체노동력조사(구. 사업체고용동향특별조사) > 2024년 이후(산업분류 11차, 종사자 1인 이상) > 현원,구인,채용,미충원,부족,채용계획인원",meta_index 없음 또는 코드명 매칭 없음,,,,,,,,,,,,,,,,,,,,,,,,,,,,,,,,,,,,,,,,,,,,,meta 없음,,,전남도는 지난해 ‘6급’ 수의직을 6명 뽑겠다고 발표했다.
A0032-SP20DAAC123D,A0032-SP20DAAC123D-m2,수의직 공무원 선발 인원,고용,-,15,명,명,person_count,count,unspecified,수준값,현재값,KOSIS_VALUE,202409,M,특정시점,,1,640,535,TABLE_ONLY,META_NOT_LOADED,통계표 메타 조회 전 후보,공무원,hybrid+reranker,176,Y,0.6062873601913452,0.9302051067352295,0.4841269841269841,,,110,DT_110001_A013,공무원 수,1976004,한국도시통계 > 한국도시통계(2023~) > 공공행정,meta_index 없음 또는 코드명 매칭 없음,,,,,,,,,,,,,,,,,,,,,,,,,,,,,,,,,,,,,,,,,,,,,meta 없음,,,지난해 9월엔 전국 지자체 중 최초로 수의직을 6급으로 선발한 강원도도 총 18명을 뽑겠다고 했다가 15명만 충원하기도 했다.
A0032-SP20DAAC123D,A0032-SP20DAAC123D-m2,수의직 공무원 선발 인원,고용,-,15,명,명,person_count,count,unspecified,수준값,현재값,KOSIS_VALUE,202409,M,특정시점,,2,535,,ALTERNATE,NOT_TOP_TABLE,후순위 통계표 후보,"인원,고용",hybrid+reranker,184,Y,,0.7643643021583557,0.41216216216216217,,,146,DT_MLTM_5002706,고용 인원 월평균 임금,2016032,해양수산업통계조사 > 수산업실태조사,meta_index 없음 또는 코드명 매칭 없음,,,,,,,,,,,,,,,,,,,,,,,,,,,,,,,,,,,,,,,,,,,,,meta 없음,,,지난해 9월엔 전국 지자체 중 최초로 수의직을 6급으로 선발한 강원도도 총 18명을 뽑겠다고 했다가 15명만 충원하기도 했다.
A0032-SP20DAAC123D,A0032-SP20DAAC123D-m2,수의직 공무원 선발 인원,고용,-,15,명,명,person_count,count,unspecified,수준값,현재값,KOSIS_VALUE,202409,M,특정시점,,3,500,,ALTERNATE,NOT_TOP_TABLE,후순위 통계표 후보,"인원,고용",hybrid+reranker,184,Y,,0.6927459239959717,0.3961038961038961,,,115,DT_115_2012_AA031,"규모별 현재인원(성별, 고용형태별 등)",2004042,산업기술인력수급실태조사 > 현원,meta_index 없음 또는 코드명 매칭 없음,,,,,,,,,,,,,,,,,,,,,,,,,,,,,,,,,,,,,,,,,,,,,meta 없음,,,지난해 9월엔 전국 지자체 중 최초로 수의직을 6급으로 선발한 강원도도 총 18명을 뽑겠다고 했다가 15명만 충원하기도 했다.
A0032-SP20DAAC123D,A0032-SP20DAAC123D-m2,수의직 공무원 선발 인원,고용,-,15,명,명,person_count,count,unspecified,수준값,현재값,KOSIS_VALUE,202409,M,특정시점,,4,478,,ALTERNATE,NOT_TOP_TABLE,후순위 통계표 후보,"인원,고용",hybrid+reranker,184,Y,,0.6399610638618469,0.39102564102564097,,,115,DT_115_2012_AA163,"규모별･지역별 현재인원(성별, 고용형태별 등)",2004042,산업기술인력수급실태조사 > 현원,meta_index 없음 또는 코드명 매칭 없음,,,,,,,,,,,,,,,,,,,,,,,,,,,,,,,,,,,,,,,,,,,,,meta 없음,,,지난해 9월엔 전국 지자체 중 최초로 수의직을 6급으로 선발한 강원도도 총 18명을 뽑겠다고 했다가 15명만 충원하기도 했다.
A0032-SP20DAAC123D,A0032-SP20DAAC123D-m2,수의직 공무원 선발 인원,고용,-,15,명,명,person_count,count,unspecified,수준값,현재값,KOSIS_VALUE,202409,M,특정시점,,5,418,,ALTERNATE,NOT_TOP_TABLE,후순위 통계표 후보,"인원,고용",hybrid+reranker,206,Y,,0.3479801416397095,0.4552238805970149,,,169,DT_SDI_013,직종별 고용인원 현황,2024003,방위산업실태조사 > 방위산업 고용인원현황,meta_index 없음 또는 코드명 매칭 없음,,,,,,,,,,,,,,,,,,,,,,,,,,,,,,,,,,,,,,,,,,,,,meta 없음,,,지난해 9월엔 전국 지자체 중 최초로 수의직을 6급으로 선발한 강원도도 총 18명을 뽑겠다고 했다가 15명만 충원하기도 했다.
A0032-SP3AB46EE845,A0032-SP3AB46EE845-m1,가축방역관 정원,보건·복지,-,1061,명,명,person_count,count,unspecified,수준값,현재값,KOSIS_VALUE,202409,M,전월,,1,668,653,TABLE_ONLY,META_NOT_LOADED,통계표 메타 조회 전 후보,정원,hybrid+reranker,164,Y,,0.9807657599449158,0.5,,,112,DT_112017N_85,계약학과 유형별 및 계약정원제 운영 현황,2016007,대학산학협력활동실태조사 > 산학협력 교육,meta_index 없음 또는 코드명 매칭 없음,,,,,,,,,,,,,,,,,,,,,,,,,,,,,,,,,,,,,,,,,,,,,meta 없음,,,"지난해 9월 전국 가축방역관 정원은 1061명으로, 두 달 전 정원(1214명)보다 100명 넘게 줄어들었다."
A0032-SP3AB46EE845,A0032-SP3AB46EE845-m1,가축방역관 정원,보건·복지,-,1061,명,명,person_count,count,unspecified,수준값,현재값,KOSIS_VALUE,202409,M,전월,,2,653,,ALTERNATE,NOT_TOP_TABLE,후순위 통계표 후보,정원,hybrid+reranker,164,Y,,0.9804313778877258,0.4765625,,,355,DT_35501_A0250_1,정원,2003026,국립공원기본통계 > 국립공원공단 일반현황,meta_index 없음 또는 코드명 매칭 없음,,,,,,,,,,,,,,,,,,,,,,,,,,,,,,,,,,,,,,,,,,,,,meta 없음,,,"지난해 9월 전국 가축방역관 정원은 1061명으로, 두 달 전 정원(1214명)보다 100명 넘게 줄어들었다."
A0032-SP3AB46EE845,A0032-SP3AB46EE845-m1,가축방역관 정원,보건·복지,-,1061,명,명,person_count,count,unspecified,수준값,현재값,KOSIS_VALUE,202409,M,전월,,3,648,,ALTERNATE,NOT_TOP_TABLE,후순위 통계표 후보,정원,hybrid+reranker,164,Y,,0.9804313778877258,0.46923076923076923,,,355,DT_35501_A0250,정원,2003026,국립공원기본통계 > 국립공원공단 일반현황,meta_index 없음 또는 코드명 매칭 없음,,,,,,,,,,,,,,,,,,,,,,,,,,,,,,,,,,,,,,,,,,,,,meta 없음,,,"지난해 9월 전국 가축방역관 정원은 1061명으로, 두 달 전 정원(1214명)보다 100명 넘게 줄어들었다."
A0032-SP3AB46EE845,A0032-SP3AB46EE845-m1,가축방역관 정원,보건·복지,-,1061,명,명,person_count,count,unspecified,수준값,현재값,KOSIS_VALUE,202409,M,전월,,4,644,,ALTERNATE,NOT_TOP_TABLE,후순위 통계표 후보,정원,hybrid+reranker,164,Y,,0.9804313778877258,0.4621212121212121,,,355,TX_35501_A000,정원,2003026,국립공원기본통계 > 국립공원공단 일반현황,meta_index 없음 또는 코드명 매칭 없음,,,,,,,,,,,,,,,,,,,,,,,,,,,,,,,,,,,,,,,,,,,,,meta 없음,,,"지난해 9월 전국 가축방역관 정원은 1061명으로, 두 달 전 정원(1214명)보다 100명 넘게 줄어들었다."
A0032-SP3AB46EE845,A0032-SP3AB46EE845-m1,가축방역관 정원,보건·복지,-,1061,명,명,person_count,count,unspecified,수준값,현재값,KOSIS_VALUE,202409,M,전월,,5,637,,ALTERNATE,NOT_TOP_TABLE,후순위 통계표 후보,정원,hybrid+reranker,164,Y,,0.9068183302879333,0.4919354838709677,,,112,DT_112018_A004,인가 정원,2022002,유아교육실태조사,meta_index 없음 또는 코드명 매칭 없음,,,,,,,,,,,,,,,,,,,,,,,,,,,,,,,,,,,,,,,,,,,,,meta 없음,,,"지난해 9월 전국 가축방역관 정원은 1061명으로, 두 달 전 정원(1214명)보다 100명 넘게 줄어들었다."
A0032-SP3AB46EE845,A0032-SP3AB46EE845-m3,가축방역관 정원 감소폭,보건·복지,-,100,명,명,person_count,absolute_change,unspecified,증감량,증감값,KOSIS_VALUE,202409,M,전월,202408,1,668,652,TABLE_ONLY,META_NOT_LOADED,통계표 메타 조회 전 후보,정원,hybrid+reranker,164,Y,,0.9787938594818115,0.5,,,112,DT_112017N_85,계약학과 유형별 및 계약정원제 운영 현황,2016007,대학산학협력활동실태조사 > 산학협력 교육,meta_index 없음 또는 코드명 매칭 없음,,,,,,,,,,,,,,,,,,,,,,,,,,,,,,,,,,,,,,,,,,,,,meta 없음,,,"지난해 9월 전국 가축방역관 정원은 1061명으로, 두 달 전 정원(1214명)보다 100명 넘게 줄어들었다."
A0032-SP3AB46EE845,A0032-SP3AB46EE845-m3,가축방역관 정원 감소폭,보건·복지,-,100,명,명,person_count,absolute_change,unspecified,증감량,증감값,KOSIS_VALUE,202409,M,전월,202408,2,652,,ALTERNATE,NOT_TOP_TABLE,후순위 통계표 후보,정원,hybrid+reranker,164,Y,,0.9786311388015747,0.4765625,,,355,DT_35501_A0250_1,정원,2003026,국립공원기본통계 > 국립공원공단 일반현황,meta_index 없음 또는 코드명 매칭 없음,,,,,,,,,,,,,,,,,,,,,,,,,,,,,,,,,,,,,,,,,,,,,meta 없음,,,"지난해 9월 전국 가축방역관 정원은 1061명으로, 두 달 전 정원(1214명)보다 100명 넘게 줄어들었다."
A0032-SP3AB46EE845,A0032-SP3AB46EE845-m3,가축방역관 정원 감소폭,보건·복지,-,100,명,명,person_count,absolute_change,unspecified,증감량,증감값,KOSIS_VALUE,202409,M,전월,202408,3,651,,ALTERNATE,NOT_TOP_TABLE,후순위 통계표 후보,정원,hybrid+reranker,164,Y,,0.9460012316703796,0.4919354838709677,,,112,DT_112018_A004,인가 정원,2022002,유아교육실태조사,meta_index 없음 또는 코드명 매칭 없음,,,,,,,,,,,,,,,,,,,,,,,,,,,,,,,,,,,,,,,,,,,,,meta 없음,,,"지난해 9월 전국 가축방역관 정원은 1061명으로, 두 달 전 정원(1214명)보다 100명 넘게 줄어들었다."
A0032-SP3AB46EE845,A0032-SP3AB46EE845-m3,가축방역관 정원 감소폭,보건·복지,-,100,명,명,person_count,absolute_change,unspecified,증감량,증감값,KOSIS_VALUE,202409,M,전월,202408,4,648,,ALTERNATE,NOT_TOP_TABLE,후순위 통계표 후보,정원,hybrid+reranker,164,Y,,0.9786311388015747,0.46923076923076923,,,355,DT_35501_A0250,정원,2003026,국립공원기본통계 > 국립공원공단 일반현황,meta_index 없음 또는 코드명 매칭 없음,,,,,,,,,,,,,,,,,,,,,,,,,,,,,,,,,,,,,,,,,,,,,meta 없음,,,"지난해 9월 전국 가축방역관 정원은 1061명으로, 두 달 전 정원(1214명)보다 100명 넘게 줄어들었다."
A0032-SP3AB46EE845,A0032-SP3AB46EE845-m3,가축방역관 정원 감소폭,보건·복지,-,100,명,명,person_count,absolute_change,unspecified,증감량,증감값,KOSIS_VALUE,202409,M,전월,202408,5,643,,ALTERNATE,NOT_TOP_TABLE,후순위 통계표 후보,정원,hybrid+reranker,164,Y,,0.9786311388015747,0.4621212121212121,,,355,TX_35501_A000,정원,2003026,국립공원기본통계 > 국립공원공단 일반현황,meta_index 없음 또는 코드명 매칭 없음,,,,,,,,,,,,,,,,,,,,,,,,,,,,,,,,,,,,,,,,,,,,,meta 없음,,,"지난해 9월 전국 가축방역관 정원은 1061명으로, 두 달 전 정원(1214명)보다 100명 넘게 줄어들었다."
A0041-SPE65565BE92,A0041-SPE65565BE92-m1,달러 대비 원화 환율,물가,-,1400,원,원,currency,amount,unspecified,수준값,현재값,KOSIS_VALUE,2024,Q,전년동기,,1,403,,TABLE_ONLY,META_NOT_LOADED,통계표 메타 조회 전 후보,환율,hybrid+reranker,164,Y,0.6115157008171082,0.6169357895851135,0.28773584905660377,,,152,DT_152009_A124,PB제품 하도급 단가 결정 고려 요인_환율 변화,2021003,하도급거래실태조사 > 제조업_원사업자 > 하도급거래 세부사항 > 전속거래·PB거래,meta_index 없음 또는 코드명 매칭 없음,,,,,,,,,,,,,,,,,,,,,,,,,,,,,,,,,,,,,,,,,,,,,meta 없음,,,지난해 12월부터 달러 대비 원화 환율이 1400원 선을 넘는 고환율이 장기화하면서 해외에서 수입해 오는 식품 원재료 가격이 치솟은 탓이다.
A0041-SPE65565BE92,A0041-SPE65565BE92-m1,달러 대비 원화 환율,물가,-,1400,원,원,currency,amount,unspecified,수준값,현재값,KOSIS_VALUE,2024,Q,전년동기,,2,472,,ALTERNATE,NOT_TOP_TABLE,후순위 통계표 후보,,hybrid+reranker,-160,N,0.6299707889556885,0.4498155415058136,0.4841269841269841,,,101,DT_1L9R031,"소득5분위별 가구당 가계지출(전국,1인이상,실질)",1962009,"가계동향조사 > 가계동향조사(구분류, 1963~2024년) > 가계동향조사(구분류, 지출 2017~2018년) > 전국(실질, 2020년기준)",meta_index 없음 또는 코드명 매칭 없음,,,,,,,,,,,,,,,,,,,,,,,,,,,,,,,,,,,,,,,,,,,,,meta 없음,,,지난해 12월부터 달러 대비 원화 환율이 1400원 선을 넘는 고환율이 장기화하면서 해외에서 수입해 오는 식품 원재료 가격이 치솟은 탓이다.
A0041-SPE65565BE92,A0041-SPE65565BE92-m1,달러 대비 원화 환율,물가,-,1400,원,원,currency,amount,unspecified,수준값,현재값,KOSIS_VALUE,2024,Q,전년동기,,3,458,,ALTERNATE,NOT_TOP_TABLE,후순위 통계표 후보,,hybrid+reranker,-160,N,0.6315338611602783,0.37868884205818176,0.5,,,101,DT_1L9R032,"가구원수별 가구당 월평균 가계지출 (전국,1인이상,실질)",1962009,"가계동향조사 > 가계동향조사(구분류, 1963~2024년) > 가계동향조사(구분류, 지출 2017~2018년) > 전국(실질, 2020년기준)",meta_index 없음 또는 코드명 매칭 없음,,,,,,,,,,,,,,,,,,,,,,,,,,,,,,,,,,,,,,,,,,,,,meta 없음,,,지난해 12월부터 달러 대비 원화 환율이 1400원 선을 넘는 고환율이 장기화하면서 해외에서 수입해 오는 식품 원재료 가격이 치솟은 탓이다.
A0041-SPE65565BE92,A0041-SPE65565BE92-m1,달러 대비 원화 환율,물가,-,1400,원,원,currency,amount,unspecified,수준값,현재값,KOSIS_VALUE,2024,Q,전년동기,,4,458,,ALTERNATE,NOT_TOP_TABLE,후순위 통계표 후보,,hybrid+reranker,-460,N,0.622245192527771,0.46402105689048767,0.4552238805970149,,,101,DT_1L9K114,"소비구간별  가구당 월평균 가계수지 (전국,1인이상,실질)",1962009,"가계동향조사 > 가계동향조사(지출2006~2016년, 소득 2006~2019년) > 1인이상 비농림어가 > 전국(실질, 2020년 기준)",meta_index 없음 또는 코드명 매칭 없음,,,,,,,,,,,,,,,,,,,,,,,,,,,,,,,,,,,,,,,,,,,,,meta 없음,,,지난해 12월부터 달러 대비 원화 환율이 1400원 선을 넘는 고환율이 장기화하면서 해외에서 수입해 오는 식품 원재료 가격이 치솟은 탓이다.
A0041-SPE65565BE92,A0041-SPE65565BE92-m1,달러 대비 원화 환율,물가,-,1400,원,원,currency,amount,unspecified,수준값,현재값,KOSIS_VALUE,2024,Q,전년동기,,5,451,,ALTERNATE,NOT_TOP_TABLE,후순위 통계표 후보,,hybrid+reranker,-160,N,0.6303713917732239,0.37387579679489136,0.4919354838709677,,,101,DT_1L9R002,"가구당 월평균 가계지출 표본오차 (전국,1인이상)",1962009,"가계동향조사 > 가계동향조사(구분류, 1963~2024년) > 가계동향조사(구분류, 지출 2017~2018년) > 전국(명목)",meta_index 없음 또는 코드명 매칭 없음,,,,,,,,,,,,,,,,,,,,,,,,,,,,,,,,,,,,,,,,,,,,,meta 없음,,,지난해 12월부터 달러 대비 원화 환율이 1400원 선을 넘는 고환율이 장기화하면서 해외에서 수입해 오는 식품 원재료 가격이 치솟은 탓이다.
A0041-SPF140502152,A0041-SPF140502152-m1,품목 수,물가,-,175,개,개,count,count,unspecified,수준값,현재값,KOSIS_VALUE,202501,M,전년동기,,1,355,352,TABLE_ONLY,META_NOT_LOADED,통계표 메타 조회 전 후보,"품목,초콜릿,식품",hybrid+reranker,188,Y,0.6675435304641724,0.16871994733810425,0.4552238805970149,,,145,TX_14503_B026,코코아가공품류 또는 초콜릿류 품목별 국내판매액 변동현황,1998031,식품및식품첨가물생산실적 > 국내판매액 변동현황(품목군별) > 시군구 허가품목,meta_index 없음 또는 코드명 매칭 없음,,,,,,,,,,,,,,,,,,,,,,,,,,,,,,,,,,,,,,,,,,,,,meta 없음,,,"3일 한국소비자원이 전국 대형마트와 편의점 500여 곳을 조사해 발표하는 ‘생필품 가격 보고서’에 따르면, 지난달 20일 기준 초콜릿·카레·커피 등 주요 가공식품 175개 품목 가운데 121개(69%) 품목의 평균 가격이 1년 전보다 오른 것으로 나타났다."
A0041-SPF140502152,A0041-SPF140502152-m1,품목 수,물가,-,175,개,개,count,count,unspecified,수준값,현재값,KOSIS_VALUE,202501,M,전년동기,,2,352,,ALTERNATE,NOT_TOP_TABLE,후순위 통계표 후보,"물가,품목,식품",hybrid+reranker,194,Y,,0.07807816565036774,0.5,,,145,TX_14503_A135,축산물가공품 품목군기준,1998031,식품및식품첨가물생산실적 > 생산량기준 식품순위,meta_index 없음 또는 코드명 매칭 없음,,,,,,,,,,,,,,,,,,,,,,,,,,,,,,,,,,,,,,,,,,,,,meta 없음,,,"3일 한국소비자원이 전국 대형마트와 편의점 500여 곳을 조사해 발표하는 ‘생필품 가격 보고서’에 따르면, 지난달 20일 기준 초콜릿·카레·커피 등 주요 가공식품 175개 품목 가운데 121개(69%) 품목의 평균 가격이 1년 전보다 오른 것으로 나타났다."
A0041-SPF140502152,A0041-SPF140502152-m1,품목 수,물가,-,175,개,개,count,count,unspecified,수준값,현재값,KOSIS_VALUE,202501,M,전년동기,,3,235,,ALTERNATE,NOT_TOP_TABLE,후순위 통계표 후보,"품목,초콜릿,식품",hybrid+reranker,188,Y,0.6264278292655945,0.13799647986888885,0.28773584905660377,,,145,TX_14503_B045,지역별 시군구 허가품목-코코아가공품류 또는 초콜릿류,1998031,식품및식품첨가물생산실적 > 지역별 생산 및 매출현황 > 시군구 허가품목,meta_index 없음 또는 코드명 매칭 없음,,,,,,,,,,,,,,,,,,,,,,,,,,,,,,,,,,,,,,,,,,,,,meta 없음,,,"3일 한국소비자원이 전국 대형마트와 편의점 500여 곳을 조사해 발표하는 ‘생필품 가격 보고서’에 따르면, 지난달 20일 기준 초콜릿·카레·커피 등 주요 가공식품 175개 품목 가운데 121개(69%) 품목의 평균 가격이 1년 전보다 오른 것으로 나타났다."
A0041-SPF140502152,A0041-SPF140502152-m1,품목 수,물가,-,175,개,개,count,count,unspecified,수준값,현재값,KOSIS_VALUE,202501,M,전년동기,,4,365,,ALTERNATE,NOT_TOP_TABLE,후순위 통계표 후보,"품목,식품,가공식품",hybrid+reranker,-94,N,0.67527174949646,0.12797921895980835,0.4919354838709677,,,114,DT_114053_047,"최근 1년간 가공식품 품목별 구입경험 및 구입변화(커피류, 다류)",2016043,가공식품소비자태도조사 > 2018년 이후 > 가공식품 품목별 구입현황,meta_index 없음 또는 코드명 매칭 없음,,,,,,,,,,,,,,,,,,,,,,,,,,,,,,,,,,,,,,,,,,,,,meta 없음,,,"3일 한국소비자원이 전국 대형마트와 편의점 500여 곳을 조사해 발표하는 ‘생필품 가격 보고서’에 따르면, 지난달 20일 기준 초콜릿·카레·커피 등 주요 가공식품 175개 품목 가운데 121개(69%) 품목의 평균 가격이 1년 전보다 오른 것으로 나타났다."
A0041-SPF140502152,A0041-SPF140502152-m1,품목 수,물가,-,175,개,개,count,count,unspecified,수준값,현재값,KOSIS_VALUE,202501,M,전년동기,,5,364,,ALTERNATE,NOT_TOP_TABLE,후순위 통계표 후보,"품목,식품,가공식품",hybrid+reranker,-94,N,0.6752475500106812,0.1561049073934555,0.4765625,,,114,DT_114053_047_01,최근 1년간 가공식품 품목별 구입경험 및 구입 변화(커피 및 차),2016043,가공식품소비자태도조사 > 2018년 이후 > 가공식품 품목별 구입현황,meta_index 없음 또는 코드명 매칭 없음,,,,,,,,,,,,,,,,,,,,,,,,,,,,,,,,,,,,,,,,,,,,,meta 없음,,,"3일 한국소비자원이 전국 대형마트와 편의점 500여 곳을 조사해 발표하는 ‘생필품 가격 보고서’에 따르면, 지난달 20일 기준 초콜릿·카레·커피 등 주요 가공식품 175개 품목 가운데 121개(69%) 품목의 평균 가격이 1년 전보다 오른 것으로 나타났다."
A0041-SPF140502152,A0041-SPF140502152-m2,상승 품목 수,물가,-,121,개,개,count,count,unspecified,수준값,현재값,KOSIS_VALUE,202501,M,전년동기,,1,446,415,TABLE_ONLY,META_NOT_LOADED,통계표 메타 조회 전 후보,"품목,초콜릿,식품",hybrid+reranker,188,Y,0.6650806665420532,0.4287714958190918,0.4552238805970149,,,145,TX_14503_B026,코코아가공품류 또는 초콜릿류 품목별 국내판매액 변동현황,1998031,식품및식품첨가물생산실적 > 국내판매액 변동현황(품목군별) > 시군구 허가품목,meta_index 없음 또는 코드명 매칭 없음,,,,,,,,,,,,,,,,,,,,,,,,,,,,,,,,,,,,,,,,,,,,,meta 없음,,,"3일 한국소비자원이 전국 대형마트와 편의점 500여 곳을 조사해 발표하는 ‘생필품 가격 보고서’에 따르면, 지난달 20일 기준 초콜릿·카레·커피 등 주요 가공식품 175개 품목 가운데 121개(69%) 품목의 평균 가격이 1년 전보다 오른 것으로 나타났다."
A0041-SPF140502152,A0041-SPF140502152-m2,상승 품목 수,물가,-,121,개,개,count,count,unspecified,수준값,현재값,KOSIS_VALUE,202501,M,전년동기,,2,415,,ALTERNATE,NOT_TOP_TABLE,후순위 통계표 후보,"물가,품목,식품",hybrid+reranker,194,Y,,0.2575782835483551,0.5,,,145,TX_14503_A135,축산물가공품 품목군기준,1998031,식품및식품첨가물생산실적 > 생산량기준 식품순위,meta_index 없음 또는 코드명 매칭 없음,,,,,,,,,,,,,,,,,,,,,,,,,,,,,,,,,,,,,,,,,,,,,meta 없음,,,"3일 한국소비자원이 전국 대형마트와 편의점 500여 곳을 조사해 발표하는 ‘생필품 가격 보고서’에 따르면, 지난달 20일 기준 초콜릿·카레·커피 등 주요 가공식품 175개 품목 가운데 121개(69%) 품목의 평균 가격이 1년 전보다 오른 것으로 나타났다."
A0041-SPF140502152,A0041-SPF140502152-m2,상승 품목 수,물가,-,121,개,개,count,count,unspecified,수준값,현재값,KOSIS_VALUE,202501,M,전년동기,,3,476,,ALTERNATE,NOT_TOP_TABLE,후순위 통계표 후보,"품목,식품,가공식품",hybrid+reranker,-94,N,0.6735880374908447,0.43236297369003296,0.5,,,114,DT_114053_047_01,최근 1년간 가공식품 품목별 구입경험 및 구입 변화(커피 및 차),2016043,가공식품소비자태도조사 > 2018년 이후 > 가공식품 품목별 구입현황,meta_index 없음 또는 코드명 매칭 없음,,,,,,,,,,,,,,,,,,,,,,,,,,,,,,,,,,,,,,,,,,,,,meta 없음,,,"3일 한국소비자원이 전국 대형마트와 편의점 500여 곳을 조사해 발표하는 ‘생필품 가격 보고서’에 따르면, 지난달 20일 기준 초콜릿·카레·커피 등 주요 가공식품 175개 품목 가운데 121개(69%) 품목의 평균 가격이 1년 전보다 오른 것으로 나타났다."
A0041-SPF140502152,A0041-SPF140502152-m2,상승 품목 수,물가,-,121,개,개,count,count,unspecified,수준값,현재값,KOSIS_VALUE,202501,M,전년동기,,4,456,,ALTERNATE,NOT_TOP_TABLE,후순위 통계표 후보,"품목,식품,가공식품",hybrid+reranker,-94,N,0.6732428669929504,0.4043310582637787,0.4841269841269841,,,114,DT_114053_047,"최근 1년간 가공식품 품목별 구입경험 및 구입변화(커피류, 다류)",2016043,가공식품소비자태도조사 > 2018년 이후 > 가공식품 품목별 구입현황,meta_index 없음 또는 코드명 매칭 없음,,,,,,,,,,,,,,,,,,,,,,,,,,,,,,,,,,,,,,,,,,,,,meta 없음,,,"3일 한국소비자원이 전국 대형마트와 편의점 500여 곳을 조사해 발표하는 ‘생필품 가격 보고서’에 따르면, 지난달 20일 기준 초콜릿·카레·커피 등 주요 가공식품 175개 품목 가운데 121개(69%) 품목의 평균 가격이 1년 전보다 오른 것으로 나타났다."
A0041-SPF140502152,A0041-SPF140502152-m2,상승 품목 수,물가,-,121,개,개,count,count,unspecified,수준값,현재값,KOSIS_VALUE,202501,M,전년동기,,5,425,,ALTERNATE,NOT_TOP_TABLE,후순위 통계표 후보,"품목,식품,가공식품",hybrid+reranker,-94,N,0.672681450843811,0.32863715291023254,0.4765625,,,114,DT_114053_048,"가공식품 품목별 구입 시 중요하게 생각하는 요소(커피류, 다류)",2016043,가공식품소비자태도조사 > 2018년 이후 > 가공식품 품목별 구입현황,meta_index 없음 또는 코드명 매칭 없음,,,,,,,,,,,,,,,,,,,,,,,,,,,,,,,,,,,,,,,,,,,,,meta 없음,,,"3일 한국소비자원이 전국 대형마트와 편의점 500여 곳을 조사해 발표하는 ‘생필품 가격 보고서’에 따르면, 지난달 20일 기준 초콜릿·카레·커피 등 주요 가공식품 175개 품목 가운데 121개(69%) 품목의 평균 가격이 1년 전보다 오른 것으로 나타났다."
A0041-SPF140502152,A0041-SPF140502152-m3,상승 품목 비율,물가,-,69,%,%,rate,rate_change,unspecified,증감률,증감률,KOSIS_VALUE,202501,M,전년동기,202401,1,377,,TABLE_ONLY,META_NOT_LOADED,통계표 메타 조회 전 후보,"품목,초콜릿,식품",hybrid+reranker,188,Y,0.6720056533813477,0.20529620349407196,0.46923076923076923,,,145,TX_14503_B026,코코아가공품류 또는 초콜릿류 품목별 국내판매액 변동현황,1998031,식품및식품첨가물생산실적 > 국내판매액 변동현황(품목군별) > 시군구 허가품목,meta_index 없음 또는 코드명 매칭 없음,,,,,,,,,,,,,,,,,,,,,,,,,,,,,,,,,,,,,,,,,,,,,meta 없음,,,"3일 한국소비자원이 전국 대형마트와 편의점 500여 곳을 조사해 발표하는 ‘생필품 가격 보고서’에 따르면, 지난달 20일 기준 초콜릿·카레·커피 등 주요 가공식품 175개 품목 가운데 121개(69%) 품목의 평균 가격이 1년 전보다 오른 것으로 나타났다."
A0041-SPF140502152,A0041-SPF140502152-m3,상승 품목 비율,물가,-,69,%,%,rate,rate_change,unspecified,증감률,증감률,KOSIS_VALUE,202501,M,전년동기,202401,2,423,,ALTERNATE,NOT_TOP_TABLE,후순위 통계표 후보,"품목,식품,가공식품",hybrid+reranker,-94,N,0.6842303276062012,0.28032076358795166,0.5,,,114,DT_114053_047_01,최근 1년간 가공식품 품목별 구입경험 및 구입 변화(커피 및 차),2016043,가공식품소비자태도조사 > 2018년 이후 > 가공식품 품목별 구입현황,meta_index 없음 또는 코드명 매칭 없음,,,,,,,,,,,,,,,,,,,,,,,,,,,,,,,,,,,,,,,,,,,,,meta 없음,,,"3일 한국소비자원이 전국 대형마트와 편의점 500여 곳을 조사해 발표하는 ‘생필품 가격 보고서’에 따르면, 지난달 20일 기준 초콜릿·카레·커피 등 주요 가공식품 175개 품목 가운데 121개(69%) 품목의 평균 가격이 1년 전보다 오른 것으로 나타났다."
A0041-SPF140502152,A0041-SPF140502152-m3,상승 품목 비율,물가,-,69,%,%,rate,rate_change,unspecified,증감률,증감률,KOSIS_VALUE,202501,M,전년동기,202401,3,395,,ALTERNATE,NOT_TOP_TABLE,후순위 통계표 후보,"품목,식품,가공식품",hybrid+reranker,-94,N,0.6801024079322815,0.2163424789905548,0.4919354838709677,,,114,DT_114053_047,"최근 1년간 가공식품 품목별 구입경험 및 구입변화(커피류, 다류)",2016043,가공식품소비자태도조사 > 2018년 이후 > 가공식품 품목별 구입현황,meta_index 없음 또는 코드명 매칭 없음,,,,,,,,,,,,,,,,,,,,,,,,,,,,,,,,,,,,,,,,,,,,,meta 없음,,,"3일 한국소비자원이 전국 대형마트와 편의점 500여 곳을 조사해 발표하는 ‘생필품 가격 보고서’에 따르면, 지난달 20일 기준 초콜릿·카레·커피 등 주요 가공식품 175개 품목 가운데 121개(69%) 품목의 평균 가격이 1년 전보다 오른 것으로 나타났다."
A0041-SPF140502152,A0041-SPF140502152-m3,상승 품목 비율,물가,-,69,%,%,rate,rate_change,unspecified,증감률,증감률,KOSIS_VALUE,202501,M,전년동기,202401,4,387,,ALTERNATE,NOT_TOP_TABLE,후순위 통계표 후보,"품목,식품,가공식품",hybrid+reranker,-94,N,0.6689507961273193,0.2487165927886963,0.4621212121212121,,,114,DT_114053_048_01,가공식품 품목별 구입 시 우선 확인하는 사항(커피 및 차),2016043,가공식품소비자태도조사 > 2018년 이후 > 가공식품 품목별 구입현황,meta_index 없음 또는 코드명 매칭 없음,,,,,,,,,,,,,,,,,,,,,,,,,,,,,,,,,,,,,,,,,,,,,meta 없음,,,"3일 한국소비자원이 전국 대형마트와 편의점 500여 곳을 조사해 발표하는 ‘생필품 가격 보고서’에 따르면, 지난달 20일 기준 초콜릿·카레·커피 등 주요 가공식품 175개 품목 가운데 121개(69%) 품목의 평균 가격이 1년 전보다 오른 것으로 나타났다."
A0041-SPF140502152,A0041-SPF140502152-m3,상승 품목 비율,물가,-,69,%,%,rate,rate_change,unspecified,증감률,증감률,KOSIS_VALUE,202501,M,전년동기,202401,5,377,,ALTERNATE,NOT_TOP_TABLE,후순위 통계표 후보,"품목,식품,가공식품",hybrid+reranker,-94,N,0.6774610280990601,0.19238758087158203,0.4765625,,,114,DT_114053_048,"가공식품 품목별 구입 시 중요하게 생각하는 요소(커피류, 다류)",2016043,가공식품소비자태도조사 > 2018년 이후 > 가공식품 품목별 구입현황,meta_index 없음 또는 코드명 매칭 없음,,,,,,,,,,,,,,,,,,,,,,,,,,,,,,,,,,,,,,,,,,,,,meta 없음,,,"3일 한국소비자원이 전국 대형마트와 편의점 500여 곳을 조사해 발표하는 ‘생필품 가격 보고서’에 따르면, 지난달 20일 기준 초콜릿·카레·커피 등 주요 가공식품 175개 품목 가운데 121개(69%) 품목의 평균 가격이 1년 전보다 오른 것으로 나타났다."
A0041-SP87530E5592,A0041-SP87530E5592-m1,품목 수,물가,-,175,개,개,count,count,unspecified,수준값,현재값,KOSIS_VALUE,202501,M,전년,,1,334,317,TABLE_ONLY,META_NOT_LOADED,통계표 메타 조회 전 후보,"물가,품목,식품",hybrid+reranker,190,Y,,0.026912303641438484,0.5,,,145,TX_14503_A135,축산물가공품 품목군기준,1998031,식품및식품첨가물생산실적 > 생산량기준 식품순위,meta_index 없음 또는 코드명 매칭 없음,,,,,,,,,,,,,,,,,,,,,,,,,,,,,,,,,,,,,,,,,,,,,meta 없음,,,"175개 품목의 평균 물가 상승폭은 3.9%로, 지난해 연간 소비자물가지수 상승폭(2.3%)을 뛰어넘었다."
A0041-SP87530E5592,A0041-SP87530E5592-m1,품목 수,물가,-,175,개,개,count,count,unspecified,수준값,현재값,KOSIS_VALUE,202501,M,전년,,2,317,,ALTERNATE,NOT_TOP_TABLE,후순위 통계표 후보,"품목,평균",hybrid+reranker,164,Y,0.6849914193153381,0.13892841339111328,0.41216216216216217,,,101,DT_1L6A022,품목별 가구당 월평균 가계수지,1962009,"가계동향조사 > 가계동향조사(구분류, 1963~2024년) > 가계동향조사(과거체계 1963~2008년) > 가계동향조사 (전국2인이상,2003~2008)",meta_index 없음 또는 코드명 매칭 없음,,,,,,,,,,,,,,,,,,,,,,,,,,,,,,,,,,,,,,,,,,,,,meta 없음,,,"175개 품목의 평균 물가 상승폭은 3.9%로, 지난해 연간 소비자물가지수 상승폭(2.3%)을 뛰어넘었다."
A0041-SP87530E5592,A0041-SP87530E5592-m1,품목 수,물가,-,175,개,개,count,count,unspecified,수준값,현재값,KOSIS_VALUE,202501,M,전년,,3,280,,ALTERNATE,NOT_TOP_TABLE,후순위 통계표 후보,"품목,평균",hybrid+reranker,164,Y,0.6821761131286621,0.11838508397340775,0.3674698795180723,,,101,DT_1L60022,품목별 가구당 월평균 가계수지,1962009,"가계동향조사 > 가계동향조사(구분류, 1963~2024년) > 가계동향조사(과거체계 1963~2008년) > 가계동향조사 (도시2인이상,1963~2008)",meta_index 없음 또는 코드명 매칭 없음,,,,,,,,,,,,,,,,,,,,,,,,,,,,,,,,,,,,,,,,,,,,,meta 없음,,,"175개 품목의 평균 물가 상승폭은 3.9%로, 지난해 연간 소비자물가지수 상승폭(2.3%)을 뛰어넘었다."
A0041-SP87530E5592,A0041-SP87530E5592-m1,품목 수,물가,-,175,개,개,count,count,unspecified,수준값,현재값,KOSIS_VALUE,202501,M,전년,,4,572,,ALTERNATE,NOT_TOP_TABLE,후순위 통계표 후보,"물가,품목,소비자물가지수,소비자물가",hybrid+reranker,-18,N,0.7290749549865723,0.7365901470184326,0.4841269841269841,,,101,DT_1J22112,품목별 소비자물가지수(품목성질별: 2020=100),1964001,소비자물가조사,meta_index 없음 또는 코드명 매칭 없음,,,,,,,,,,,,,,,,,,,,,,,,,,,,,,,,,,,,,,,,,,,,,meta 없음,,,"175개 품목의 평균 물가 상승폭은 3.9%로, 지난해 연간 소비자물가지수 상승폭(2.3%)을 뛰어넘었다."
A0041-SP87530E5592,A0041-SP87530E5592-m1,품목 수,물가,-,175,개,개,count,count,unspecified,수준값,현재값,KOSIS_VALUE,202501,M,전년,,5,570,,ALTERNATE,NOT_TOP_TABLE,후순위 통계표 후보,"물가,품목,소비자물가지수,소비자물가",hybrid+reranker,-18,N,0.7017768621444702,0.7570766806602478,0.46923076923076923,,,101,DT_1J22002,품목성질별 소비자물가지수(2020=100),1964001,소비자물가조사,meta_index 없음 또는 코드명 매칭 없음,,,,,,,,,,,,,,,,,,,,,,,,,,,,,,,,,,,,,,,,,,,,,meta 없음,,,"175개 품목의 평균 물가 상승폭은 3.9%로, 지난해 연간 소비자물가지수 상승폭(2.3%)을 뛰어넘었다."
A0041-SP87530E5592,A0041-SP87530E5592-m2,평균 물가 상승폭,물가,-,3.9,%,%,rate,rate_change,unspecified,증감률,증감률,KOSIS_VALUE,202501,M,전년,202401,1,958,933,TABLE_ONLY,META_NOT_LOADED,통계표 메타 조회 전 후보,"물가,소비자물가",hybrid+reranker,206,Y,0.6611125469207764,0.9744347929954529,0.9485294117647058,,,101,DT_1J22041,연도별 소비자물가 등락률,1964001,소비자물가조사,meta_index 없음 또는 코드명 매칭 없음,,,,,,,,,,,,,,,,,,,,,,,,,,,,,,,,,,,,,,,,,,,,,meta 없음,,,"175개 품목의 평균 물가 상승폭은 3.9%로, 지난해 연간 소비자물가지수 상승폭(2.3%)을 뛰어넘었다."
A0041-SP87530E5592,A0041-SP87530E5592-m2,평균 물가 상승폭,물가,-,3.9,%,%,rate,rate_change,unspecified,증감률,증감률,KOSIS_VALUE,202501,M,전년,202401,2,933,,ALTERNATE,NOT_TOP_TABLE,후순위 통계표 후보,"물가,소비자물가",hybrid+reranker,206,Y,0.6550799012184143,0.9655764698982239,0.9155465949820788,,,101,DT_1J22042,월별 소비자물가 등락률,1964001,소비자물가조사,meta_index 없음 또는 코드명 매칭 없음,,,,,,,,,,,,,,,,,,,,,,,,,,,,,,,,,,,,,,,,,,,,,meta 없음,,,"175개 품목의 평균 물가 상승폭은 3.9%로, 지난해 연간 소비자물가지수 상승폭(2.3%)을 뛰어넘었다."
A0041-SP87530E5592,A0041-SP87530E5592-m2,평균 물가 상승폭,물가,-,3.9,%,%,rate,rate_change,unspecified,증감률,증감률,KOSIS_VALUE,202501,M,전년,202401,3,581,,ALTERNATE,NOT_TOP_TABLE,후순위 통계표 후보,물가,hybrid+reranker,152,Y,,0.8611882925033569,0.4295774647887324,,,146,DT_MLTM_5003026,"제품별, 시도(시군구)별 업체수 및 종사자수",1971004,수산물가공업통계,meta_index 없음 또는 코드명 매칭 없음,,,,,,,,,,,,,,,,,,,,,,,,,,,,,,,,,,,,,,,,,,,,,meta 없음,,,"175개 품목의 평균 물가 상승폭은 3.9%로, 지난해 연간 소비자물가지수 상승폭(2.3%)을 뛰어넘었다."
A0041-SP87530E5592,A0041-SP87530E5592-m2,평균 물가 상승폭,물가,-,3.9,%,%,rate,rate_change,unspecified,증감률,증감률,KOSIS_VALUE,202501,M,전년,202401,4,558,,ALTERNATE,NOT_TOP_TABLE,후순위 통계표 후보,평균,hybrid+reranker,164,Y,0.6504709124565125,0.8475897312164307,0.4013157894736842,,,101,DT_1L9F014,"소비구간별  가구당 월평균 가계수지 (도시,1인이상)",1962009,"가계동향조사 > 가계동향조사(구분류, 1963~2024년) > 가계동향조사(구분류, 지출 1990~2016년, 소득 1990~2019년) > 1인이상 비농림어가 > 도시(명목)",meta_index 없음 또는 코드명 매칭 없음,,,,,,,,,,,,,,,,,,,,,,,,,,,,,,,,,,,,,,,,,,,,,meta 없음,,,"175개 품목의 평균 물가 상승폭은 3.9%로, 지난해 연간 소비자물가지수 상승폭(2.3%)을 뛰어넘었다."
A0041-SP87530E5592,A0041-SP87530E5592-m2,평균 물가 상승폭,물가,-,3.9,%,%,rate,rate_change,unspecified,증감률,증감률,KOSIS_VALUE,202501,M,전년,202401,5,554,,ALTERNATE,NOT_TOP_TABLE,후순위 통계표 후보,물가,hybrid+reranker,164,Y,,0.6972997784614563,0.4765625,,,113,DT_113_STBL_1030567,관광 숙박여행 만족도_관광지 물가,1976046,국민여행조사 > 국내여행,meta_index 없음 또는 코드명 매칭 없음,,,,,,,,,,,,,,,,,,,,,,,,,,,,,,,,,,,,,,,,,,,,,meta 없음,,,"175개 품목의 평균 물가 상승폭은 3.9%로, 지난해 연간 소비자물가지수 상승폭(2.3%)을 뛰어넘었다."
A0041-SP87530E5592,A0041-SP87530E5592-m3,지난해 연간 소비자물가지수 상승폭,물가,-,2.3,%,%,rate,rate_change,unspecified,증감률,증감률,KOSIS_VALUE,2024,Y,전년,2023,1,671,665,TABLE_ONLY,META_NOT_LOADED,통계표 메타 조회 전 후보,"소비자물가지수,물가,소비자물가",hybrid+reranker,-10,N,0.7295044660568237,0.9883127808570862,0.5,,,101,DT_1J22136,"연도별 품목성질별 소비자물가지수(9개도, 39개시: 2020=100)",1964001,소비자물가조사,meta_index 없음 또는 코드명 매칭 없음,,,,,,,,,,,,,,,,,,,,,,,,,,,,,,,,,,,,,,,,,,,,,meta 없음,,,"175개 품목의 평균 물가 상승폭은 3.9%로, 지난해 연간 소비자물가지수 상승폭(2.3%)을 뛰어넘었다."
A0041-SP87530E5592,A0041-SP87530E5592-m3,지난해 연간 소비자물가지수 상승폭,물가,-,2.3,%,%,rate,rate_change,unspecified,증감률,증감률,KOSIS_VALUE,2024,Y,전년,2023,2,665,,ALTERNATE,NOT_TOP_TABLE,후순위 통계표 후보,"소비자물가지수,물가,소비자물가",hybrid+reranker,-10,N,0.7161159515380859,0.9867772459983826,0.4919354838709677,,,101,DT_1J22135,"연도별 지출목적별 소비자물가지수(9개도, 39개시: 2020=100)",1964001,소비자물가조사,meta_index 없음 또는 코드명 매칭 없음,,,,,,,,,,,,,,,,,,,,,,,,,,,,,,,,,,,,,,,,,,,,,meta 없음,,,"175개 품목의 평균 물가 상승폭은 3.9%로, 지난해 연간 소비자물가지수 상승폭(2.3%)을 뛰어넘었다."
A0041-SP87530E5592,A0041-SP87530E5592-m3,지난해 연간 소비자물가지수 상승폭,물가,-,2.3,%,%,rate,rate_change,unspecified,증감률,증감률,KOSIS_VALUE,2024,Y,전년,2023,3,659,,ALTERNATE,NOT_TOP_TABLE,후순위 통계표 후보,"소비자물가지수,물가,소비자물가",hybrid+reranker,-10,N,0.7018312215805054,0.9844563603401184,0.4841269841269841,,,101,DT_1J22112,품목별 소비자물가지수(품목성질별: 2020=100),1964001,소비자물가조사,meta_index 없음 또는 코드명 매칭 없음,,,,,,,,,,,,,,,,,,,,,,,,,,,,,,,,,,,,,,,,,,,,,meta 없음,,,"175개 품목의 평균 물가 상승폭은 3.9%로, 지난해 연간 소비자물가지수 상승폭(2.3%)을 뛰어넘었다."
A0041-SP87530E5592,A0041-SP87530E5592-m3,지난해 연간 소비자물가지수 상승폭,물가,-,2.3,%,%,rate,rate_change,unspecified,증감률,증감률,KOSIS_VALUE,2024,Y,전년,2023,4,651,,ALTERNATE,NOT_TOP_TABLE,후순위 통계표 후보,"물가,소비자물가",hybrid+reranker,-94,N,0.6848759651184082,0.9757161140441895,0.4765625,,,101,DT_1J22041,연도별 소비자물가 등락률,1964001,소비자물가조사,meta_index 없음 또는 코드명 매칭 없음,,,,,,,,,,,,,,,,,,,,,,,,,,,,,,,,,,,,,,,,,,,,,meta 없음,,,"175개 품목의 평균 물가 상승폭은 3.9%로, 지난해 연간 소비자물가지수 상승폭(2.3%)을 뛰어넘었다."
A0041-SP87530E5592,A0041-SP87530E5592-m3,지난해 연간 소비자물가지수 상승폭,물가,-,2.3,%,%,rate,rate_change,unspecified,증감률,증감률,KOSIS_VALUE,2024,Y,전년,2023,5,650,,ALTERNATE,NOT_TOP_TABLE,후순위 통계표 후보,"소비자물가지수,물가,소비자물가",hybrid+reranker,-10,N,0.6838396191596985,0.9859364032745361,0.46923076923076923,,,101,DT_1J22003,소비자물가지수(2020=100),1964001,소비자물가조사,meta_index 없음 또는 코드명 매칭 없음,,,,,,,,,,,,,,,,,,,,,,,,,,,,,,,,,,,,,,,,,,,,,meta 없음,,,"175개 품목의 평균 물가 상승폭은 3.9%로, 지난해 연간 소비자물가지수 상승폭(2.3%)을 뛰어넘었다."
A0041-SP33BA270147,A0041-SP33BA270147-m1,달러 대비 원화 환율,물가,-,1378,원,원,currency,amount,unspecified,수준값,현재값,KOSIS_VALUE,202411,M,전년,,1,313,273,TABLE_ONLY,META_NOT_LOADED,통계표 메타 조회 전 후보,환율,hybrid+reranker,164,Y,0.5377453565597534,0.07436569780111313,0.44202898550724634,,,152,DT_152009_F038,하도급 단가 결정 고려 요인_환율 변화,2021003,하도급거래실태조사 > 용역업_수급사업자 > 하도급거래 세부사항 > 거래 제반,meta_index 없음 또는 코드명 매칭 없음,,,,,,,,,,,,,,,,,,,,,,,,,,,,,,,,,,,,,,,,,,,,,meta 없음,,,"지난해 11월 1일 1378원이던 환율은 미 대선에서 도널드 트럼프 전 대통령의 재선이 확정된 6일 1399.3원으로 뛰었고, 비상계엄과 탄핵소추 등 정국 혼란이 이어진 12월에는 1470원 선까지 치솟았다."
A0041-SP33BA270147,A0041-SP33BA270147-m1,달러 대비 원화 환율,물가,-,1378,원,원,currency,amount,unspecified,수준값,현재값,KOSIS_VALUE,202411,M,전년,,2,273,,ALTERNATE,NOT_TOP_TABLE,후순위 통계표 후보,환율,hybrid+reranker,164,Y,0.5321755409240723,0.08166611194610596,0.37654320987654316,,,152,DT_152009_B038,하도급 단가 결정 고려 요인_환율 변화,2021003,하도급거래실태조사 > 제조업_수급사업자 > 하도급거래 세부사항 > 거래 제반,meta_index 없음 또는 코드명 매칭 없음,,,,,,,,,,,,,,,,,,,,,,,,,,,,,,,,,,,,,,,,,,,,,meta 없음,,,"지난해 11월 1일 1378원이던 환율은 미 대선에서 도널드 트럼프 전 대통령의 재선이 확정된 6일 1399.3원으로 뛰었고, 비상계엄과 탄핵소추 등 정국 혼란이 이어진 12월에는 1470원 선까지 치솟았다."
A0041-SP33BA270147,A0041-SP33BA270147-m1,달러 대비 원화 환율,물가,-,1378,원,원,currency,amount,unspecified,수준값,현재값,KOSIS_VALUE,202411,M,전년,,3,254,,ALTERNATE,NOT_TOP_TABLE,후순위 통계표 후보,환율,hybrid+reranker,164,Y,0.531627893447876,0.058560825884342194,0.3588235294117647,,,152,DT_152009_E041,하도급 단가 결정 고려_환율 변화,2021003,하도급거래실태조사 > 용역업_원사업자 > 하도급거래 세부사항 > 거래 제반,meta_index 없음 또는 코드명 매칭 없음,,,,,,,,,,,,,,,,,,,,,,,,,,,,,,,,,,,,,,,,,,,,,meta 없음,,,"지난해 11월 1일 1378원이던 환율은 미 대선에서 도널드 트럼프 전 대통령의 재선이 확정된 6일 1399.3원으로 뛰었고, 비상계엄과 탄핵소추 등 정국 혼란이 이어진 12월에는 1470원 선까지 치솟았다."
A0041-SP33BA270147,A0041-SP33BA270147-m1,달러 대비 원화 환율,물가,-,1378,원,원,currency,amount,unspecified,수준값,현재값,KOSIS_VALUE,202411,M,전년,,4,252,,ALTERNATE,NOT_TOP_TABLE,후순위 통계표 후보,환율,hybrid+reranker,164,Y,0.5301694869995117,0.09687653183937073,0.3351648351648352,,,152,DT_152009_A124,PB제품 하도급 단가 결정 고려 요인_환율 변화,2021003,하도급거래실태조사 > 제조업_원사업자 > 하도급거래 세부사항 > 전속거래·PB거래,meta_index 없음 또는 코드명 매칭 없음,,,,,,,,,,,,,,,,,,,,,,,,,,,,,,,,,,,,,,,,,,,,,meta 없음,,,"지난해 11월 1일 1378원이던 환율은 미 대선에서 도널드 트럼프 전 대통령의 재선이 확정된 6일 1399.3원으로 뛰었고, 비상계엄과 탄핵소추 등 정국 혼란이 이어진 12월에는 1470원 선까지 치솟았다."
A0041-SP33BA270147,A0041-SP33BA270147-m1,달러 대비 원화 환율,물가,-,1378,원,원,currency,amount,unspecified,수준값,현재값,KOSIS_VALUE,202411,M,전년,,5,237,,ALTERNATE,NOT_TOP_TABLE,후순위 통계표 후보,환율,hybrid+reranker,164,Y,0.5316787958145142,0.003324436955153942,0.3630952380952381,,,408,DT_08002_09_009A,전월세 전환율,2017091,오피스텔가격동향조사 > 오피스텔가격동향조사(기준일: 2023.12),meta_index 없음 또는 코드명 매칭 없음,,,,,,,,,,,,,,,,,,,,,,,,,,,,,,,,,,,,,,,,,,,,,meta 없음,,,"지난해 11월 1일 1378원이던 환율은 미 대선에서 도널드 트럼프 전 대통령의 재선이 확정된 6일 1399.3원으로 뛰었고, 비상계엄과 탄핵소추 등 정국 혼란이 이어진 12월에는 1470원 선까지 치솟았다."
A0041-SP33BA270147,A0041-SP33BA270147-m2,달러 대비 원화 환율,물가,-,1399.3,원,원,currency,amount,unspecified,수준값,현재값,KOSIS_VALUE,202411,M,전년,,1,313,273,TABLE_ONLY,META_NOT_LOADED,통계표 메타 조회 전 후보,환율,hybrid+reranker,164,Y,0.5377453565597534,0.07436569780111313,0.44202898550724634,,,152,DT_152009_F038,하도급 단가 결정 고려 요인_환율 변화,2021003,하도급거래실태조사 > 용역업_수급사업자 > 하도급거래 세부사항 > 거래 제반,meta_index 없음 또는 코드명 매칭 없음,,,,,,,,,,,,,,,,,,,,,,,,,,,,,,,,,,,,,,,,,,,,,meta 없음,,,"지난해 11월 1일 1378원이던 환율은 미 대선에서 도널드 트럼프 전 대통령의 재선이 확정된 6일 1399.3원으로 뛰었고, 비상계엄과 탄핵소추 등 정국 혼란이 이어진 12월에는 1470원 선까지 치솟았다."
A0041-SP33BA270147,A0041-SP33BA270147-m2,달러 대비 원화 환율,물가,-,1399.3,원,원,currency,amount,unspecified,수준값,현재값,KOSIS_VALUE,202411,M,전년,,2,273,,ALTERNATE,NOT_TOP_TABLE,후순위 통계표 후보,환율,hybrid+reranker,164,Y,0.5321755409240723,0.08166611194610596,0.37654320987654316,,,152,DT_152009_B038,하도급 단가 결정 고려 요인_환율 변화,2021003,하도급거래실태조사 > 제조업_수급사업자 > 하도급거래 세부사항 > 거래 제반,meta_index 없음 또는 코드명 매칭 없음,,,,,,,,,,,,,,,,,,,,,,,,,,,,,,,,,,,,,,,,,,,,,meta 없음,,,"지난해 11월 1일 1378원이던 환율은 미 대선에서 도널드 트럼프 전 대통령의 재선이 확정된 6일 1399.3원으로 뛰었고, 비상계엄과 탄핵소추 등 정국 혼란이 이어진 12월에는 1470원 선까지 치솟았다."
A0041-SP33BA270147,A0041-SP33BA270147-m2,달러 대비 원화 환율,물가,-,1399.3,원,원,currency,amount,unspecified,수준값,현재값,KOSIS_VALUE,202411,M,전년,,3,254,,ALTERNATE,NOT_TOP_TABLE,후순위 통계표 후보,환율,hybrid+reranker,164,Y,0.531627893447876,0.058560825884342194,0.3588235294117647,,,152,DT_152009_E041,하도급 단가 결정 고려_환율 변화,2021003,하도급거래실태조사 > 용역업_원사업자 > 하도급거래 세부사항 > 거래 제반,meta_index 없음 또는 코드명 매칭 없음,,,,,,,,,,,,,,,,,,,,,,,,,,,,,,,,,,,,,,,,,,,,,meta 없음,,,"지난해 11월 1일 1378원이던 환율은 미 대선에서 도널드 트럼프 전 대통령의 재선이 확정된 6일 1399.3원으로 뛰었고, 비상계엄과 탄핵소추 등 정국 혼란이 이어진 12월에는 1470원 선까지 치솟았다."
A0041-SP33BA270147,A0041-SP33BA270147-m2,달러 대비 원화 환율,물가,-,1399.3,원,원,currency,amount,unspecified,수준값,현재값,KOSIS_VALUE,202411,M,전년,,4,252,,ALTERNATE,NOT_TOP_TABLE,후순위 통계표 후보,환율,hybrid+reranker,164,Y,0.5301694869995117,0.09687653183937073,0.3351648351648352,,,152,DT_152009_A124,PB제품 하도급 단가 결정 고려 요인_환율 변화,2021003,하도급거래실태조사 > 제조업_원사업자 > 하도급거래 세부사항 > 전속거래·PB거래,meta_index 없음 또는 코드명 매칭 없음,,,,,,,,,,,,,,,,,,,,,,,,,,,,,,,,,,,,,,,,,,,,,meta 없음,,,"지난해 11월 1일 1378원이던 환율은 미 대선에서 도널드 트럼프 전 대통령의 재선이 확정된 6일 1399.3원으로 뛰었고, 비상계엄과 탄핵소추 등 정국 혼란이 이어진 12월에는 1470원 선까지 치솟았다."
A0041-SP33BA270147,A0041-SP33BA270147-m2,달러 대비 원화 환율,물가,-,1399.3,원,원,currency,amount,unspecified,수준값,현재값,KOSIS_VALUE,202411,M,전년,,5,237,,ALTERNATE,NOT_TOP_TABLE,후순위 통계표 후보,환율,hybrid+reranker,164,Y,0.5316787958145142,0.003324436955153942,0.3630952380952381,,,408,DT_08002_09_009A,전월세 전환율,2017091,오피스텔가격동향조사 > 오피스텔가격동향조사(기준일: 2023.12),meta_index 없음 또는 코드명 매칭 없음,,,,,,,,,,,,,,,,,,,,,,,,,,,,,,,,,,,,,,,,,,,,,meta 없음,,,"지난해 11월 1일 1378원이던 환율은 미 대선에서 도널드 트럼프 전 대통령의 재선이 확정된 6일 1399.3원으로 뛰었고, 비상계엄과 탄핵소추 등 정국 혼란이 이어진 12월에는 1470원 선까지 치솟았다."
A0041-SP33BA270147,A0041-SP33BA270147-m3,달러 대비 원화 환율,물가,-,1470,원,원,currency,amount,unspecified,수준값,현재값,KOSIS_VALUE,202412,M,전년,,1,314,277,TABLE_ONLY,META_NOT_LOADED,통계표 메타 조회 전 후보,환율,hybrid+reranker,164,Y,0.5386093854904175,0.07585817575454712,0.44202898550724634,,,152,DT_152009_F038,하도급 단가 결정 고려 요인_환율 변화,2021003,하도급거래실태조사 > 용역업_수급사업자 > 하도급거래 세부사항 > 거래 제반,meta_index 없음 또는 코드명 매칭 없음,,,,,,,,,,,,,,,,,,,,,,,,,,,,,,,,,,,,,,,,,,,,,meta 없음,,,"지난해 11월 1일 1378원이던 환율은 미 대선에서 도널드 트럼프 전 대통령의 재선이 확정된 6일 1399.3원으로 뛰었고, 비상계엄과 탄핵소추 등 정국 혼란이 이어진 12월에는 1470원 선까지 치솟았다."
A0041-SP33BA270147,A0041-SP33BA270147-m3,달러 대비 원화 환율,물가,-,1470,원,원,currency,amount,unspecified,수준값,현재값,KOSIS_VALUE,202412,M,전년,,2,277,,ALTERNATE,NOT_TOP_TABLE,후순위 통계표 후보,환율,hybrid+reranker,164,Y,0.5331403613090515,0.08284562826156616,0.38125,,,152,DT_152009_B038,하도급 단가 결정 고려 요인_환율 변화,2021003,하도급거래실태조사 > 제조업_수급사업자 > 하도급거래 세부사항 > 거래 제반,meta_index 없음 또는 코드명 매칭 없음,,,,,,,,,,,,,,,,,,,,,,,,,,,,,,,,,,,,,,,,,,,,,meta 없음,,,"지난해 11월 1일 1378원이던 환율은 미 대선에서 도널드 트럼프 전 대통령의 재선이 확정된 6일 1399.3원으로 뛰었고, 비상계엄과 탄핵소추 등 정국 혼란이 이어진 12월에는 1470원 선까지 치솟았다."
A0041-SP33BA270147,A0041-SP33BA270147-m3,달러 대비 원화 환율,물가,-,1470,원,원,currency,amount,unspecified,수준값,현재값,KOSIS_VALUE,202412,M,전년,,3,257,,ALTERNATE,NOT_TOP_TABLE,후순위 통계표 후보,환율,hybrid+reranker,164,Y,0.5327322483062744,0.05997643992304802,0.3630952380952381,,,152,DT_152009_E041,하도급 단가 결정 고려_환율 변화,2021003,하도급거래실태조사 > 용역업_원사업자 > 하도급거래 세부사항 > 거래 제반,meta_index 없음 또는 코드명 매칭 없음,,,,,,,,,,,,,,,,,,,,,,,,,,,,,,,,,,,,,,,,,,,,,meta 없음,,,"지난해 11월 1일 1378원이던 환율은 미 대선에서 도널드 트럼프 전 대통령의 재선이 확정된 6일 1399.3원으로 뛰었고, 비상계엄과 탄핵소추 등 정국 혼란이 이어진 12월에는 1470원 선까지 치솟았다."
A0041-SP33BA270147,A0041-SP33BA270147-m3,달러 대비 원화 환율,물가,-,1470,원,원,currency,amount,unspecified,수준값,현재값,KOSIS_VALUE,202412,M,전년,,4,252,,ALTERNATE,NOT_TOP_TABLE,후순위 통계표 후보,환율,hybrid+reranker,164,Y,0.5310071706771851,0.09756221622228622,0.3351648351648352,,,152,DT_152009_A124,PB제품 하도급 단가 결정 고려 요인_환율 변화,2021003,하도급거래실태조사 > 제조업_원사업자 > 하도급거래 세부사항 > 전속거래·PB거래,meta_index 없음 또는 코드명 매칭 없음,,,,,,,,,,,,,,,,,,,,,,,,,,,,,,,,,,,,,,,,,,,,,meta 없음,,,"지난해 11월 1일 1378원이던 환율은 미 대선에서 도널드 트럼프 전 대통령의 재선이 확정된 6일 1399.3원으로 뛰었고, 비상계엄과 탄핵소추 등 정국 혼란이 이어진 12월에는 1470원 선까지 치솟았다."
A0041-SP33BA270147,A0041-SP33BA270147-m3,달러 대비 원화 환율,물가,-,1470,원,원,currency,amount,unspecified,수준값,현재값,KOSIS_VALUE,202412,M,전년,,5,232,,ALTERNATE,NOT_TOP_TABLE,후순위 통계표 후보,환율,hybrid+reranker,164,Y,0.5321899652481079,0.0034834241960197687,0.35465116279069764,,,408,DT_08002_09_009A,전월세 전환율,2017091,오피스텔가격동향조사 > 오피스텔가격동향조사(기준일: 2023.12),meta_index 없음 또는 코드명 매칭 없음,,,,,,,,,,,,,,,,,,,,,,,,,,,,,,,,,,,,,,,,,,,,,meta 없음,,,"지난해 11월 1일 1378원이던 환율은 미 대선에서 도널드 트럼프 전 대통령의 재선이 확정된 6일 1399.3원으로 뛰었고, 비상계엄과 탄핵소추 등 정국 혼란이 이어진 12월에는 1470원 선까지 치솟았다."
A0041-SPB90618BE6D,A0041-SPB90618BE6D-m2,편의점 판매가,물가,"포카리스웨트, 데미소다",1700,원,원,currency,amount,item,수준값,현재값,KOSIS_VALUE,202501,M,전년,,1,663,492,TABLE_ONLY,META_NOT_LOADED,통계표 메타 조회 전 후보,편의점,hybrid+reranker,176,Y,0.5925004482269287,0.9644556045532227,0.5,,,115,DT_115023_300,편의점 매출 동향(품목별),2006044,주요유통업체매출동향조사 > 2025.01 이후,meta_index 없음 또는 코드명 매칭 없음,,,,,,,,,,,,,,,,,,,,,,,,,,,,,,,,,,,,,,,,,,,,,meta 없음,,,"편의점 업계에 따르면 동아오츠카의 포카리스웨트와 데미소다 캔은 1600원에서 1700원으로 100원씩, 오리온의 다이제 초코는 2500원에서 2800원으로 12% 올랐다."
A0041-SPB90618BE6D,A0041-SPB90618BE6D-m2,편의점 판매가,물가,"포카리스웨트, 데미소다",1700,원,원,currency,amount,item,수준값,현재값,KOSIS_VALUE,202501,M,전년,,2,492,,ALTERNATE,NOT_TOP_TABLE,후순위 통계표 후보,편의점,hybrid+reranker,176,Y,0.520079493522644,0.6977118849754333,0.38125,,,152,DT_152009_A103,PB제품 제조 위탁한 금액 - 편의점,2021003,하도급거래실태조사 > 제조업_원사업자 > 하도급거래 세부사항 > 전속거래·PB거래,meta_index 없음 또는 코드명 매칭 없음,,,,,,,,,,,,,,,,,,,,,,,,,,,,,,,,,,,,,,,,,,,,,meta 없음,,,"편의점 업계에 따르면 동아오츠카의 포카리스웨트와 데미소다 캔은 1600원에서 1700원으로 100원씩, 오리온의 다이제 초코는 2500원에서 2800원으로 12% 올랐다."
A0041-SPB90618BE6D,A0041-SPB90618BE6D-m2,편의점 판매가,물가,"포카리스웨트, 데미소다",1700,원,원,currency,amount,item,수준값,현재값,KOSIS_VALUE,202501,M,전년,,3,657,,ALTERNATE,NOT_TOP_TABLE,후순위 통계표 후보,"편의점,12",hybrid+reranker,-122,N,0.588313102722168,0.9635062217712402,0.4919354838709677,,,115,DT_11523_300,편의점 매출 동향(품목별),2006044,주요유통업체매출동향조사 > 2024.12 이전,meta_index 없음 또는 코드명 매칭 없음,,,,,,,,,,,,,,,,,,,,,,,,,,,,,,,,,,,,,,,,,,,,,meta 없음,,,"편의점 업계에 따르면 동아오츠카의 포카리스웨트와 데미소다 캔은 1600원에서 1700원으로 100원씩, 오리온의 다이제 초코는 2500원에서 2800원으로 12% 올랐다."
A0041-SPB90618BE6D,A0041-SPB90618BE6D-m2,편의점 판매가,물가,"포카리스웨트, 데미소다",1700,원,원,currency,amount,item,수준값,현재값,KOSIS_VALUE,202501,M,전년,,4,630,,ALTERNATE,NOT_TOP_TABLE,후순위 통계표 후보,,hybrid+reranker,-160,N,0.5800270438194275,0.902265727519989,0.4841269841269841,,,145,TX_14503_B026,코코아가공품류 또는 초콜릿류 품목별 국내판매액 변동현황,1998031,식품및식품첨가물생산실적 > 국내판매액 변동현황(품목군별) > 시군구 허가품목,meta_index 없음 또는 코드명 매칭 없음,,,,,,,,,,,,,,,,,,,,,,,,,,,,,,,,,,,,,,,,,,,,,meta 없음,,,"편의점 업계에 따르면 동아오츠카의 포카리스웨트와 데미소다 캔은 1600원에서 1700원으로 100원씩, 오리온의 다이제 초코는 2500원에서 2800원으로 12% 올랐다."
A0041-SPB90618BE6D,A0041-SPB90618BE6D-m2,편의점 판매가,물가,"포카리스웨트, 데미소다",1700,원,원,currency,amount,item,수준값,현재값,KOSIS_VALUE,202501,M,전년,,5,606,,ALTERNATE,NOT_TOP_TABLE,후순위 통계표 후보,,hybrid+reranker,-460,N,0.569612443447113,0.8586000800132751,0.46923076923076923,,,114,DT_114053_106,"식품소비 트렌드별 동조성(과자, 초콜릿/코코아 제품)",2016043,가공식품소비자태도조사 > 2018년 이후 > 식품 소비 라이프스타일 및 인식,meta_index 없음 또는 코드명 매칭 없음,,,,,,,,,,,,,,,,,,,,,,,,,,,,,,,,,,,,,,,,,,,,,meta 없음,,,"편의점 업계에 따르면 동아오츠카의 포카리스웨트와 데미소다 캔은 1600원에서 1700원으로 100원씩, 오리온의 다이제 초코는 2500원에서 2800원으로 12% 올랐다."
A0041-SPB90618BE6D,A0041-SPB90618BE6D-m3,편의점 판매가,물가,"포카리스웨트, 데미소다",100,원,원,currency,absolute_change,item,증감량,증감값,KOSIS_VALUE,202501,M,전년,202401,1,667,477,TABLE_ONLY,META_NOT_LOADED,통계표 메타 조회 전 후보,편의점,hybrid+reranker,176,Y,0.6007069945335388,0.9763556718826294,0.5,,,115,DT_115023_300,편의점 매출 동향(품목별),2006044,주요유통업체매출동향조사 > 2025.01 이후,meta_index 없음 또는 코드명 매칭 없음,,,,,,,,,,,,,,,,,,,,,,,,,,,,,,,,,,,,,,,,,,,,,meta 없음,,,"편의점 업계에 따르면 동아오츠카의 포카리스웨트와 데미소다 캔은 1600원에서 1700원으로 100원씩, 오리온의 다이제 초코는 2500원에서 2800원으로 12% 올랐다."
A0041-SPB90618BE6D,A0041-SPB90618BE6D-m3,편의점 판매가,물가,"포카리스웨트, 데미소다",100,원,원,currency,absolute_change,item,증감량,증감값,KOSIS_VALUE,202501,M,전년,202401,2,477,,ALTERNATE,NOT_TOP_TABLE,후순위 통계표 후보,편의점,hybrid+reranker,176,Y,0.5216866135597229,0.6963714361190796,0.3588235294117647,,,152,DT_152009_A103,PB제품 제조 위탁한 금액 - 편의점,2021003,하도급거래실태조사 > 제조업_원사업자 > 하도급거래 세부사항 > 전속거래·PB거래,meta_index 없음 또는 코드명 매칭 없음,,,,,,,,,,,,,,,,,,,,,,,,,,,,,,,,,,,,,,,,,,,,,meta 없음,,,"편의점 업계에 따르면 동아오츠카의 포카리스웨트와 데미소다 캔은 1600원에서 1700원으로 100원씩, 오리온의 다이제 초코는 2500원에서 2800원으로 12% 올랐다."
A0041-SPB90618BE6D,A0041-SPB90618BE6D-m3,편의점 판매가,물가,"포카리스웨트, 데미소다",100,원,원,currency,absolute_change,item,증감량,증감값,KOSIS_VALUE,202501,M,전년,202401,3,661,,ALTERNATE,NOT_TOP_TABLE,후순위 통계표 후보,"편의점,12",hybrid+reranker,-122,N,0.5958477854728699,0.9759005904197693,0.4919354838709677,,,115,DT_11523_300,편의점 매출 동향(품목별),2006044,주요유통업체매출동향조사 > 2024.12 이전,meta_index 없음 또는 코드명 매칭 없음,,,,,,,,,,,,,,,,,,,,,,,,,,,,,,,,,,,,,,,,,,,,,meta 없음,,,"편의점 업계에 따르면 동아오츠카의 포카리스웨트와 데미소다 캔은 1600원에서 1700원으로 100원씩, 오리온의 다이제 초코는 2500원에서 2800원으로 12% 올랐다."
A0041-SPB90618BE6D,A0041-SPB90618BE6D-m3,편의점 판매가,물가,"포카리스웨트, 데미소다",100,원,원,currency,absolute_change,item,증감량,증감값,KOSIS_VALUE,202501,M,전년,202401,4,642,,ALTERNATE,NOT_TOP_TABLE,후순위 통계표 후보,,hybrid+reranker,-160,N,0.5910646915435791,0.9352282881736755,0.4841269841269841,,,145,TX_14503_B026,코코아가공품류 또는 초콜릿류 품목별 국내판매액 변동현황,1998031,식품및식품첨가물생산실적 > 국내판매액 변동현황(품목군별) > 시군구 허가품목,meta_index 없음 또는 코드명 매칭 없음,,,,,,,,,,,,,,,,,,,,,,,,,,,,,,,,,,,,,,,,,,,,,meta 없음,,,"편의점 업계에 따르면 동아오츠카의 포카리스웨트와 데미소다 캔은 1600원에서 1700원으로 100원씩, 오리온의 다이제 초코는 2500원에서 2800원으로 12% 올랐다."
A0041-SPB90618BE6D,A0041-SPB90618BE6D-m3,편의점 판매가,물가,"포카리스웨트, 데미소다",100,원,원,currency,absolute_change,item,증감량,증감값,KOSIS_VALUE,202501,M,전년,202401,5,629,,ALTERNATE,NOT_TOP_TABLE,후순위 통계표 후보,,hybrid+reranker,-460,N,0.575113832950592,0.9110215306282043,0.4765625,,,114,DT_114053_106,"식품소비 트렌드별 동조성(과자, 초콜릿/코코아 제품)",2016043,가공식품소비자태도조사 > 2018년 이후 > 식품 소비 라이프스타일 및 인식,meta_index 없음 또는 코드명 매칭 없음,,,,,,,,,,,,,,,,,,,,,,,,,,,,,,,,,,,,,,,,,,,,,meta 없음,,,"편의점 업계에 따르면 동아오츠카의 포카리스웨트와 데미소다 캔은 1600원에서 1700원으로 100원씩, 오리온의 다이제 초코는 2500원에서 2800원으로 12% 올랐다."
A0041-SPB90618BE6D,A0041-SPB90618BE6D-m5,편의점 판매가,물가,다이제 초코,2800,원,원,currency,amount,item,수준값,현재값,KOSIS_VALUE,202501,M,전년,,1,642,463,TABLE_ONLY,META_NOT_LOADED,통계표 메타 조회 전 후보,편의점,hybrid+reranker,176,Y,0.599905788898468,0.9051547646522522,0.5,,,115,DT_115023_300,편의점 매출 동향(품목별),2006044,주요유통업체매출동향조사 > 2025.01 이후,meta_index 없음 또는 코드명 매칭 없음,,,,,,,,,,,,,,,,,,,,,,,,,,,,,,,,,,,,,,,,,,,,,meta 없음,,,"편의점 업계에 따르면 동아오츠카의 포카리스웨트와 데미소다 캔은 1600원에서 1700원으로 100원씩, 오리온의 다이제 초코는 2500원에서 2800원으로 12% 올랐다."
A0041-SPB90618BE6D,A0041-SPB90618BE6D-m5,편의점 판매가,물가,다이제 초코,2800,원,원,currency,amount,item,수준값,현재값,KOSIS_VALUE,202501,M,전년,,2,463,,ALTERNATE,NOT_TOP_TABLE,후순위 통계표 후보,편의점,hybrid+reranker,176,Y,0.5247423648834229,0.6152034401893616,0.38125,,,152,DT_152009_A103,PB제품 제조 위탁한 금액 - 편의점,2021003,하도급거래실태조사 > 제조업_원사업자 > 하도급거래 세부사항 > 전속거래·PB거래,meta_index 없음 또는 코드명 매칭 없음,,,,,,,,,,,,,,,,,,,,,,,,,,,,,,,,,,,,,,,,,,,,,meta 없음,,,"편의점 업계에 따르면 동아오츠카의 포카리스웨트와 데미소다 캔은 1600원에서 1700원으로 100원씩, 오리온의 다이제 초코는 2500원에서 2800원으로 12% 올랐다."
A0041-SPB90618BE6D,A0041-SPB90618BE6D-m5,편의점 판매가,물가,다이제 초코,2800,원,원,currency,amount,item,수준값,현재값,KOSIS_VALUE,202501,M,전년,,3,636,,ALTERNATE,NOT_TOP_TABLE,후순위 통계표 후보,"편의점,12",hybrid+reranker,-122,N,0.5971064567565918,0.9046505093574524,0.4919354838709677,,,115,DT_11523_300,편의점 매출 동향(품목별),2006044,주요유통업체매출동향조사 > 2024.12 이전,meta_index 없음 또는 코드명 매칭 없음,,,,,,,,,,,,,,,,,,,,,,,,,,,,,,,,,,,,,,,,,,,,,meta 없음,,,"편의점 업계에 따르면 동아오츠카의 포카리스웨트와 데미소다 캔은 1600원에서 1700원으로 100원씩, 오리온의 다이제 초코는 2500원에서 2800원으로 12% 올랐다."
A0041-SPB90618BE6D,A0041-SPB90618BE6D-m5,편의점 판매가,물가,다이제 초코,2800,원,원,currency,amount,item,수준값,현재값,KOSIS_VALUE,202501,M,전년,,4,583,,ALTERNATE,NOT_TOP_TABLE,후순위 통계표 후보,,hybrid+reranker,-160,N,0.5906714200973511,0.7662936449050903,0.4841269841269841,,,145,TX_14503_B026,코코아가공품류 또는 초콜릿류 품목별 국내판매액 변동현황,1998031,식품및식품첨가물생산실적 > 국내판매액 변동현황(품목군별) > 시군구 허가품목,meta_index 없음 또는 코드명 매칭 없음,,,,,,,,,,,,,,,,,,,,,,,,,,,,,,,,,,,,,,,,,,,,,meta 없음,,,"편의점 업계에 따르면 동아오츠카의 포카리스웨트와 데미소다 캔은 1600원에서 1700원으로 100원씩, 오리온의 다이제 초코는 2500원에서 2800원으로 12% 올랐다."
A0041-SPB90618BE6D,A0041-SPB90618BE6D-m5,편의점 판매가,물가,다이제 초코,2800,원,원,currency,amount,item,수준값,현재값,KOSIS_VALUE,202501,M,전년,,5,560,,ALTERNATE,NOT_TOP_TABLE,후순위 통계표 후보,,hybrid+reranker,-460,N,0.5713569521903992,0.715523362159729,0.4765625,,,114,DT_114053_106,"식품소비 트렌드별 동조성(과자, 초콜릿/코코아 제품)",2016043,가공식품소비자태도조사 > 2018년 이후 > 식품 소비 라이프스타일 및 인식,meta_index 없음 또는 코드명 매칭 없음,,,,,,,,,,,,,,,,,,,,,,,,,,,,,,,,,,,,,,,,,,,,,meta 없음,,,"편의점 업계에 따르면 동아오츠카의 포카리스웨트와 데미소다 캔은 1600원에서 1700원으로 100원씩, 오리온의 다이제 초코는 2500원에서 2800원으로 12% 올랐다."
A0041-SPB90618BE6D,A0041-SPB90618BE6D-m6,편의점 판매가,물가,다이제 초코,12,%,%,rate,rate_change,item,증감률,증감률,KOSIS_VALUE,202501,M,전년,202401,1,635,412,TABLE_ONLY,META_NOT_LOADED,통계표 메타 조회 전 후보,편의점,hybrid+reranker,176,Y,0.592422604560852,0.9014011025428772,0.4919354838709677,,,115,DT_115023_300,편의점 매출 동향(품목별),2006044,주요유통업체매출동향조사 > 2025.01 이후,meta_index 없음 또는 코드명 매칭 없음,,,,,,,,,,,,,,,,,,,,,,,,,,,,,,,,,,,,,,,,,,,,,meta 없음,,,"편의점 업계에 따르면 동아오츠카의 포카리스웨트와 데미소다 캔은 1600원에서 1700원으로 100원씩, 오리온의 다이제 초코는 2500원에서 2800원으로 12% 올랐다."
A0041-SPB90618BE6D,A0041-SPB90618BE6D-m6,편의점 판매가,물가,다이제 초코,12,%,%,rate,rate_change,item,증감률,증감률,KOSIS_VALUE,202501,M,전년,202401,2,412,,ALTERNATE,NOT_TOP_TABLE,후순위 통계표 후보,편의점,hybrid+reranker,176,Y,0.5162515640258789,0.5679965615272522,0.3279569892473118,,,152,DT_152009_A103,PB제품 제조 위탁한 금액 - 편의점,2021003,하도급거래실태조사 > 제조업_원사업자 > 하도급거래 세부사항 > 전속거래·PB거래,meta_index 없음 또는 코드명 매칭 없음,,,,,,,,,,,,,,,,,,,,,,,,,,,,,,,,,,,,,,,,,,,,,meta 없음,,,"편의점 업계에 따르면 동아오츠카의 포카리스웨트와 데미소다 캔은 1600원에서 1700원으로 100원씩, 오리온의 다이제 초코는 2500원에서 2800원으로 12% 올랐다."
A0041-SPB90618BE6D,A0041-SPB90618BE6D-m6,편의점 판매가,물가,다이제 초코,12,%,%,rate,rate_change,item,증감률,증감률,KOSIS_VALUE,202501,M,전년,202401,3,631,,ALTERNATE,NOT_TOP_TABLE,후순위 통계표 후보,"편의점,12",hybrid+reranker,-122,N,0.5880231857299805,0.9044819474220276,0.4841269841269841,,,115,DT_11523_300,편의점 매출 동향(품목별),2006044,주요유통업체매출동향조사 > 2024.12 이전,meta_index 없음 또는 코드명 매칭 없음,,,,,,,,,,,,,,,,,,,,,,,,,,,,,,,,,,,,,,,,,,,,,meta 없음,,,"편의점 업계에 따르면 동아오츠카의 포카리스웨트와 데미소다 캔은 1600원에서 1700원으로 100원씩, 오리온의 다이제 초코는 2500원에서 2800원으로 12% 올랐다."
A0041-SPB90618BE6D,A0041-SPB90618BE6D-m6,편의점 판매가,물가,다이제 초코,12,%,%,rate,rate_change,item,증감률,증감률,KOSIS_VALUE,202501,M,전년,202401,4,595,,ALTERNATE,NOT_TOP_TABLE,후순위 통계표 후보,,hybrid+reranker,-160,N,0.5937016606330872,0.7714993357658386,0.5,,,145,TX_14503_B026,코코아가공품류 또는 초콜릿류 품목별 국내판매액 변동현황,1998031,식품및식품첨가물생산실적 > 국내판매액 변동현황(품목군별) > 시군구 허가품목,meta_index 없음 또는 코드명 매칭 없음,,,,,,,,,,,,,,,,,,,,,,,,,,,,,,,,,,,,,,,,,,,,,meta 없음,,,"편의점 업계에 따르면 동아오츠카의 포카리스웨트와 데미소다 캔은 1600원에서 1700원으로 100원씩, 오리온의 다이제 초코는 2500원에서 2800원으로 12% 올랐다."
A0041-SPB90618BE6D,A0041-SPB90618BE6D-m6,편의점 판매가,물가,다이제 초코,12,%,%,rate,rate_change,item,증감률,증감률,KOSIS_VALUE,202501,M,전년,202401,5,551,,ALTERNATE,NOT_TOP_TABLE,후순위 통계표 후보,,hybrid+reranker,-160,N,0.5390008687973022,0.7422349452972412,0.44852941176470584,,,145,DT_145003_A015,"과자류, 빵류 또는 떡류 품목별 국내판매액 변동현황",1998031,식품및식품첨가물생산실적 > 국내판매액 변동현황(품목군별) > 시군구 허가품목,meta_index 없음 또는 코드명 매칭 없음,,,,,,,,,,,,,,,,,,,,,,,,,,,,,,,,,,,,,,,,,,,,,meta 없음,,,"편의점 업계에 따르면 동아오츠카의 포카리스웨트와 데미소다 캔은 1600원에서 1700원으로 100원씩, 오리온의 다이제 초코는 2500원에서 2800원으로 12% 올랐다."
A0041-SP8E6F7B5760,A0041-SP8E6F7B5760-m2,크리넥스 각티슈 가격,물가,크리넥스 각티슈,5950,원,원,currency,amount,item,수준값,현재값,KOSIS_VALUE,202501,M,전년동기,,1,671,667,TABLE_ONLY,META_NOT_LOADED,통계표 메타 조회 전 후보,,hybrid+reranker,-460,N,0.5055907964706421,0.9890553951263428,0.5,,,331,DT_920012N_1013,시력/청력보조용품 지출 현황,2007362,한국의료패널조사 > 2019년 이후 > 일반의약품 및 의료 관련 지출,meta_index 없음 또는 코드명 매칭 없음,,,,,,,,,,,,,,,,,,,,,,,,,,,,,,,,,,,,,,,,,,,,,meta 없음,,,"크리넥스 각티슈(150매)는 5650원에서 5950원으로, 참그린 세제는 3900원에서 4500원으로 600원(15.3%)이나 올랐다."
A0041-SP8E6F7B5760,A0041-SP8E6F7B5760-m2,크리넥스 각티슈 가격,물가,크리넥스 각티슈,5950,원,원,currency,amount,item,수준값,현재값,KOSIS_VALUE,202501,M,전년동기,,2,667,,ALTERNATE,NOT_TOP_TABLE,후순위 통계표 후보,"물가,소비자물가",hybrid+reranker,-394,N,0.497187077999115,0.9912208914756775,0.4919354838709677,,,101,DT_1J22136,"연도별 품목성질별 소비자물가지수(9개도, 39개시: 2020=100)",1964001,소비자물가조사,meta_index 없음 또는 코드명 매칭 없음,,,,,,,,,,,,,,,,,,,,,,,,,,,,,,,,,,,,,,,,,,,,,meta 없음,,,"크리넥스 각티슈(150매)는 5650원에서 5950원으로, 참그린 세제는 3900원에서 4500원으로 600원(15.3%)이나 올랐다."
A0041-SP8E6F7B5760,A0041-SP8E6F7B5760-m2,크리넥스 각티슈 가격,물가,크리넥스 각티슈,5950,원,원,currency,amount,item,수준값,현재값,KOSIS_VALUE,202501,M,전년동기,,3,656,,ALTERNATE,NOT_TOP_TABLE,후순위 통계표 후보,15,hybrid+reranker,-456,N,0.4912832975387573,0.9744833707809448,0.4841269841269841,,,133,DT_133N_836,8.3.15 법인세 광고선전비·감가상각비 신고 현황[2006~],1976068,국세통계 > 국세통계(~최근) > 법인세 > 법인세 신고 주요항목 명세서,meta_index 없음 또는 코드명 매칭 없음,,,,,,,,,,,,,,,,,,,,,,,,,,,,,,,,,,,,,,,,,,,,,meta 없음,,,"크리넥스 각티슈(150매)는 5650원에서 5950원으로, 참그린 세제는 3900원에서 4500원으로 600원(15.3%)이나 올랐다."
A0041-SP8E6F7B5760,A0041-SP8E6F7B5760-m2,크리넥스 각티슈 가격,물가,크리넥스 각티슈,5950,원,원,currency,amount,item,수준값,현재값,KOSIS_VALUE,202501,M,전년동기,,4,653,,ALTERNATE,NOT_TOP_TABLE,후순위 통계표 후보,,hybrid+reranker,-460,N,0.49068981409072876,0.9809125065803528,0.4765625,,,395,TX_39501_A063,소비자니즈에대한빠른대응,2003024,한국기업혁신조사 > 2006년도 조사(서비스 부문) > 기술혁신활동의 목적 > 항목별 중요도,meta_index 없음 또는 코드명 매칭 없음,,,,,,,,,,,,,,,,,,,,,,,,,,,,,,,,,,,,,,,,,,,,,meta 없음,,,"크리넥스 각티슈(150매)는 5650원에서 5950원으로, 참그린 세제는 3900원에서 4500원으로 600원(15.3%)이나 올랐다."
A0041-SP8E6F7B5760,A0041-SP8E6F7B5760-m2,크리넥스 각티슈 가격,물가,크리넥스 각티슈,5950,원,원,currency,amount,item,수준값,현재값,KOSIS_VALUE,202501,M,전년동기,,5,651,,ALTERNATE,NOT_TOP_TABLE,후순위 통계표 후보,,hybrid+reranker,-460,N,0.49050480127334595,0.9898695349693298,0.46923076923076923,,,177,DT_117051_A058,"최근 1주일간 전동칫솔사용빈도 만 12세 - 성별, 행정구역별, 지역별",2003030,아동및장애인구강건강실태조사 > 2018 > 아동구강건강의식조사,meta_index 없음 또는 코드명 매칭 없음,,,,,,,,,,,,,,,,,,,,,,,,,,,,,,,,,,,,,,,,,,,,,meta 없음,,,"크리넥스 각티슈(150매)는 5650원에서 5950원으로, 참그린 세제는 3900원에서 4500원으로 600원(15.3%)이나 올랐다."
A0041-SP8E6F7B5760,A0041-SP8E6F7B5760-m4,참그린 세제 가격,물가,참그린 세제,4500,원,원,currency,amount,item,수준값,현재값,KOSIS_VALUE,202501,M,전년동기,,1,551,546,TABLE_ONLY,META_NOT_LOADED,통계표 메타 조회 전 후보,,hybrid+reranker,-460,N,0.5270742177963257,0.7170118689537048,0.4621212121212121,,,136,DT_136036_9301,참나물(시설)_조성비 분석 결과_조성단계 재료 구입비,2020004,임산물소득조사 > 2023년이전 > 참나물,meta_index 없음 또는 코드명 매칭 없음,,,,,,,,,,,,,,,,,,,,,,,,,,,,,,,,,,,,,,,,,,,,,meta 없음,,,"크리넥스 각티슈(150매)는 5650원에서 5950원으로, 참그린 세제는 3900원에서 4500원으로 600원(15.3%)이나 올랐다."
A0041-SP8E6F7B5760,A0041-SP8E6F7B5760-m4,참그린 세제 가격,물가,참그린 세제,4500,원,원,currency,amount,item,수준값,현재값,KOSIS_VALUE,202501,M,전년동기,,2,546,,ALTERNATE,NOT_TOP_TABLE,후순위 통계표 후보,,hybrid+reranker,-460,N,0.525592029094696,0.7143292427062988,0.4552238805970149,,,136,DT_136036_9304,참나물(시설)_중간재비 분석결과_농약 구입비,2020004,임산물소득조사 > 2023년이전 > 참나물,meta_index 없음 또는 코드명 매칭 없음,,,,,,,,,,,,,,,,,,,,,,,,,,,,,,,,,,,,,,,,,,,,,meta 없음,,,"크리넥스 각티슈(150매)는 5650원에서 5950원으로, 참그린 세제는 3900원에서 4500원으로 600원(15.3%)이나 올랐다."
A0041-SP8E6F7B5760,A0041-SP8E6F7B5760-m4,참그린 세제 가격,물가,참그린 세제,4500,원,원,currency,amount,item,수준값,현재값,KOSIS_VALUE,202501,M,전년동기,,3,534,,ALTERNATE,NOT_TOP_TABLE,후순위 통계표 후보,,hybrid+reranker,-460,N,0.5296258926391602,0.627266526222229,0.4841269841269841,,,136,DT_136036_9306,참나물(시설)_중간재비 분석결과_재료비,2020004,임산물소득조사 > 2023년이전 > 참나물,meta_index 없음 또는 코드명 매칭 없음,,,,,,,,,,,,,,,,,,,,,,,,,,,,,,,,,,,,,,,,,,,,,meta 없음,,,"크리넥스 각티슈(150매)는 5650원에서 5950원으로, 참그린 세제는 3900원에서 4500원으로 600원(15.3%)이나 올랐다."
A0041-SP8E6F7B5760,A0041-SP8E6F7B5760-m4,참그린 세제 가격,물가,참그린 세제,4500,원,원,currency,amount,item,수준값,현재값,KOSIS_VALUE,202501,M,전년동기,,4,534,,ALTERNATE,NOT_TOP_TABLE,후순위 통계표 후보,,hybrid+reranker,-460,N,0.5289914608001709,0.6400735974311829,0.4765625,,,133,DT_133001N_11103,11.10.3 인지세 상품권·선불카드 권면금액별 납부 현황[2018~],1976068,국세통계 > 국세통계(~최근) > 소비제세,meta_index 없음 또는 코드명 매칭 없음,,,,,,,,,,,,,,,,,,,,,,,,,,,,,,,,,,,,,,,,,,,,,meta 없음,,,"크리넥스 각티슈(150매)는 5650원에서 5950원으로, 참그린 세제는 3900원에서 4500원으로 600원(15.3%)이나 올랐다."
A0041-SP8E6F7B5760,A0041-SP8E6F7B5760-m4,참그린 세제 가격,물가,참그린 세제,4500,원,원,currency,amount,item,수준값,현재값,KOSIS_VALUE,202501,M,전년동기,,5,531,,ALTERNATE,NOT_TOP_TABLE,후순위 통계표 후보,,hybrid+reranker,-460,N,0.5361577868461609,0.6040486097335815,0.4919354838709677,,,136,DT_136036_9303,참나물(시설)_중간재비 분석결과_비료 구입비,2020004,임산물소득조사 > 2023년이전 > 참나물,meta_index 없음 또는 코드명 매칭 없음,,,,,,,,,,,,,,,,,,,,,,,,,,,,,,,,,,,,,,,,,,,,,meta 없음,,,"크리넥스 각티슈(150매)는 5650원에서 5950원으로, 참그린 세제는 3900원에서 4500원으로 600원(15.3%)이나 올랐다."
A0041-SP8E6F7B5760,A0041-SP8E6F7B5760-m5,참그린 세제 가격 증감값,물가,참그린 세제,600,원,원,currency,absolute_change,item,증감량,증감값,KOSIS_VALUE,202501,M,전년동기,202401,1,418,252,TABLE_ONLY,META_NOT_LOADED,통계표 메타 조회 전 후보,가격,hybrid+reranker,164,Y,0.5083447694778442,0.5194603800773621,0.3630952380952381,,,395,DT_395N_S2024203,정부 규제별 혁신 영향 정도: 가격 제한,2003024,한국기업혁신조사 > 2025년도 조사(서비스 부문) >  정부 규제별 혁신 영향 > 정부 규제별 혁신 영향 정도,meta_index 없음 또는 코드명 매칭 없음,,,,,,,,,,,,,,,,,,,,,,,,,,,,,,,,,,,,,,,,,,,,,meta 없음,,,"크리넥스 각티슈(150매)는 5650원에서 5950원으로, 참그린 세제는 3900원에서 4500원으로 600원(15.3%)이나 올랐다."
A0041-SP8E6F7B5760,A0041-SP8E6F7B5760-m5,참그린 세제 가격 증감값,물가,참그린 세제,600,원,원,currency,absolute_change,item,증감량,증감값,KOSIS_VALUE,202501,M,전년동기,202401,2,252,,ALTERNATE,NOT_TOP_TABLE,후순위 통계표 후보,가격,hybrid+reranker,176,Y,0.502498209476471,0.19667185842990875,0.2824074074074074,,,408,DT_30404_A004,유형별 준전세가격지수,1985011,전국주택가격동향조사 > 전국주택가격동향(기준월 : 2025.03),meta_index 없음 또는 코드명 매칭 없음,,,,,,,,,,,,,,,,,,,,,,,,,,,,,,,,,,,,,,,,,,,,,meta 없음,,,"크리넥스 각티슈(150매)는 5650원에서 5950원으로, 참그린 세제는 3900원에서 4500원으로 600원(15.3%)이나 올랐다."
A0041-SP8E6F7B5760,A0041-SP8E6F7B5760-m5,참그린 세제 가격 증감값,물가,참그린 세제,600,원,원,currency,absolute_change,item,증감량,증감값,KOSIS_VALUE,202501,M,전년동기,202401,3,562,,ALTERNATE,NOT_TOP_TABLE,후순위 통계표 후보,,hybrid+reranker,-460,N,0.5206429958343506,0.7613611221313477,0.4552238805970149,,,136,DT_136036_9303,참나물(시설)_중간재비 분석결과_비료 구입비,2020004,임산물소득조사 > 2023년이전 > 참나물,meta_index 없음 또는 코드명 매칭 없음,,,,,,,,,,,,,,,,,,,,,,,,,,,,,,,,,,,,,,,,,,,,,meta 없음,,,"크리넥스 각티슈(150매)는 5650원에서 5950원으로, 참그린 세제는 3900원에서 4500원으로 600원(15.3%)이나 올랐다."
A0041-SP8E6F7B5760,A0041-SP8E6F7B5760-m5,참그린 세제 가격 증감값,물가,참그린 세제,600,원,원,currency,absolute_change,item,증감량,증감값,KOSIS_VALUE,202501,M,전년동기,202401,4,560,,ALTERNATE,NOT_TOP_TABLE,후순위 통계표 후보,,hybrid+reranker,-460,N,0.5140355825424194,0.8230441212654114,0.41780821917808214,,,136,DT_136036_9301,참나물(시설)_조성비 분석 결과_조성단계 재료 구입비,2020004,임산물소득조사 > 2023년이전 > 참나물,meta_index 없음 또는 코드명 매칭 없음,,,,,,,,,,,,,,,,,,,,,,,,,,,,,,,,,,,,,,,,,,,,,meta 없음,,,"크리넥스 각티슈(150매)는 5650원에서 5950원으로, 참그린 세제는 3900원에서 4500원으로 600원(15.3%)이나 올랐다."
A0041-SP8E6F7B5760,A0041-SP8E6F7B5760-m5,참그린 세제 가격 증감값,물가,참그린 세제,600,원,원,currency,absolute_change,item,증감량,증감값,KOSIS_VALUE,202501,M,전년동기,202401,5,556,,ALTERNATE,NOT_TOP_TABLE,후순위 통계표 후보,15,hybrid+reranker,-458,N,0.5171644687652588,0.7550956010818481,0.44852941176470584,,,101,DT_1KI1537,[도소매]산업세세분류별/매출액규모별/상품매입처별 구성비,2010012,경제총조사 > 조사기반 > 9차 개정 > 2015년 > 특성편(광제조업10인이상 포함) > 기타(광업 및 제조업 이외),meta_index 없음 또는 코드명 매칭 없음,,,,,,,,,,,,,,,,,,,,,,,,,,,,,,,,,,,,,,,,,,,,,meta 없음,,,"크리넥스 각티슈(150매)는 5650원에서 5950원으로, 참그린 세제는 3900원에서 4500원으로 600원(15.3%)이나 올랐다."
A0041-SP8E6F7B5760,A0041-SP8E6F7B5760-m6,참그린 세제 가격 증감률,물가,참그린 세제,15.3,%,%,rate,rate_change,item,증감률,증감률,KOSIS_VALUE,202501,M,전년동기,202401,1,431,418,TABLE_ONLY,META_NOT_LOADED,통계표 메타 조회 전 후보,세제,hybrid+reranker,176,Y,0.5067589282989502,0.5890073776245117,0.34659090909090906,,,395,DT_395N_S2023142,세제 혜택 또는 면세의 목적: 연구개발(R&D) 활동,2003024,한국기업혁신조사 > 2024년도 조사(제조업 부문) > 세제 혜택 또는 면세의 목적,meta_index 없음 또는 코드명 매칭 없음,,,,,,,,,,,,,,,,,,,,,,,,,,,,,,,,,,,,,,,,,,,,,meta 없음,,,"크리넥스 각티슈(150매)는 5650원에서 5950원으로, 참그린 세제는 3900원에서 4500원으로 600원(15.3%)이나 올랐다."
A0041-SP8E6F7B5760,A0041-SP8E6F7B5760-m6,참그린 세제 가격 증감률,물가,참그린 세제,15.3,%,%,rate,rate_change,item,증감률,증감률,KOSIS_VALUE,202501,M,전년동기,202401,2,418,,ALTERNATE,NOT_TOP_TABLE,후순위 통계표 후보,세제,hybrid+reranker,176,Y,0.5064407587051392,0.590779185295105,0.324468085106383,,,395,DT_395N_S2024142,세제 혜택 또는 면세의 목적: 연구개발(R&D) 활동,2003024,한국기업혁신조사 > 2025년도 조사(서비스 부문) > 세제 혜택 또는 면세의 목적,meta_index 없음 또는 코드명 매칭 없음,,,,,,,,,,,,,,,,,,,,,,,,,,,,,,,,,,,,,,,,,,,,,meta 없음,,,"크리넥스 각티슈(150매)는 5650원에서 5950원으로, 참그린 세제는 3900원에서 4500원으로 600원(15.3%)이나 올랐다."
A0041-SP8E6F7B5760,A0041-SP8E6F7B5760-m6,참그린 세제 가격 증감률,물가,참그린 세제,15.3,%,%,rate,rate_change,item,증감률,증감률,KOSIS_VALUE,202501,M,전년동기,202401,3,414,,ALTERNATE,NOT_TOP_TABLE,후순위 통계표 후보,가격,hybrid+reranker,164,Y,0.5098568201065063,0.4571063816547394,0.39102564102564097,,,395,DT_395N_S2024203,정부 규제별 혁신 영향 정도: 가격 제한,2003024,한국기업혁신조사 > 2025년도 조사(서비스 부문) >  정부 규제별 혁신 영향 > 정부 규제별 혁신 영향 정도,meta_index 없음 또는 코드명 매칭 없음,,,,,,,,,,,,,,,,,,,,,,,,,,,,,,,,,,,,,,,,,,,,,meta 없음,,,"크리넥스 각티슈(150매)는 5650원에서 5950원으로, 참그린 세제는 3900원에서 4500원으로 600원(15.3%)이나 올랐다."
A0041-SP8E6F7B5760,A0041-SP8E6F7B5760-m6,참그린 세제 가격 증감률,물가,참그린 세제,15.3,%,%,rate,rate_change,item,증감률,증감률,KOSIS_VALUE,202501,M,전년동기,202401,4,349,,ALTERNATE,NOT_TOP_TABLE,후순위 통계표 후보,가격,hybrid+reranker,164,Y,0.5030625462532043,0.45716702938079834,0.2904761904761905,,,395,DT_395N_S2023203,정부 규제별 혁신 영향 정도: 가격 제한,2003024,한국기업혁신조사 > 2024년도 조사(제조업 부문) > 정부 규제별 혁신 영향 > 정부 규제별 혁신 영향 정도,meta_index 없음 또는 코드명 매칭 없음,,,,,,,,,,,,,,,,,,,,,,,,,,,,,,,,,,,,,,,,,,,,,meta 없음,,,"크리넥스 각티슈(150매)는 5650원에서 5950원으로, 참그린 세제는 3900원에서 4500원으로 600원(15.3%)이나 올랐다."
A0041-SP8E6F7B5760,A0041-SP8E6F7B5760-m6,참그린 세제 가격 증감률,물가,참그린 세제,15.3,%,%,rate,rate_change,item,증감률,증감률,KOSIS_VALUE,202501,M,전년동기,202401,5,528,,ALTERNATE,NOT_TOP_TABLE,후순위 통계표 후보,,hybrid+reranker,-460,N,0.5151119232177734,0.7006900310516357,0.43571428571428567,,,136,DT_136036_9301,참나물(시설)_조성비 분석 결과_조성단계 재료 구입비,2020004,임산물소득조사 > 2023년이전 > 참나물,meta_index 없음 또는 코드명 매칭 없음,,,,,,,,,,,,,,,,,,,,,,,,,,,,,,,,,,,,,,,,,,,,,meta 없음,,,"크리넥스 각티슈(150매)는 5650원에서 5950원으로, 참그린 세제는 3900원에서 4500원으로 600원(15.3%)이나 올랐다."
A0041-SPD7765E31A6,A0041-SPD7765E31A6-m2,롤렉스 인기 모델 판매가,물가,시계,13730000,원,원,currency,amount,item,수준값,현재값,KOSIS_VALUE,2025,Y,전년,,1,651,649,TABLE_ONLY,META_NOT_LOADED,통계표 메타 조회 전 후보,,hybrid+reranker,-460,N,0.5041326284408569,0.9458011984825134,0.4919354838709677,,,115,DT_11526N_2010_A069,[디자인활용업체]제품판매 영향 요소별 비중-가격(2010),2007410,디자인산업통계 > 2010년 > 디자인활용업체,meta_index 없음 또는 코드명 매칭 없음,,,,,,,,,,,,,,,,,,,,,,,,,,,,,,,,,,,,,,,,,,,,,meta 없음,,,스위스 시계 브랜드 롤렉스는 인기 모델인 ‘데이트저스트 오이스터스틸·화이트골드 36㎜’ 국내 판매가를 기존 1292만원에서 1373만원으로 81만원(6.3%) 올렸다.
A0041-SPD7765E31A6,A0041-SPD7765E31A6-m2,롤렉스 인기 모델 판매가,물가,시계,13730000,원,원,currency,amount,item,수준값,현재값,KOSIS_VALUE,2025,Y,전년,,2,649,,ALTERNATE,NOT_TOP_TABLE,후순위 통계표 후보,,hybrid+reranker,-460,N,0.4848846197128296,0.9686195850372314,0.4765625,,,133,DT_133001N_11103,11.10.3 인지세 상품권·선불카드 권면금액별 납부 현황[2018~],1976068,국세통계 > 국세통계(~최근) > 소비제세,meta_index 없음 또는 코드명 매칭 없음,,,,,,,,,,,,,,,,,,,,,,,,,,,,,,,,,,,,,,,,,,,,,meta 없음,,,스위스 시계 브랜드 롤렉스는 인기 모델인 ‘데이트저스트 오이스터스틸·화이트골드 36㎜’ 국내 판매가를 기존 1292만원에서 1373만원으로 81만원(6.3%) 올렸다.
A0041-SPD7765E31A6,A0041-SPD7765E31A6-m2,롤렉스 인기 모델 판매가,물가,시계,13730000,원,원,currency,amount,item,수준값,현재값,KOSIS_VALUE,2025,Y,전년,,3,634,,ALTERNATE,NOT_TOP_TABLE,후순위 통계표 후보,국내,hybrid+reranker,-456,N,0.4837701916694641,0.9389128684997559,0.46923076923076923,,,113,DT_113_STBL_1023923,응답가구 특성별 국내 당일 관광 가구여행 시 구매한 여행상품,1976046,"국민여행조사 > 2017년 이전 > 여행상품, 라이프스타일, 기타",meta_index 없음 또는 코드명 매칭 없음,,,,,,,,,,,,,,,,,,,,,,,,,,,,,,,,,,,,,,,,,,,,,meta 없음,,,스위스 시계 브랜드 롤렉스는 인기 모델인 ‘데이트저스트 오이스터스틸·화이트골드 36㎜’ 국내 판매가를 기존 1292만원에서 1373만원으로 81만원(6.3%) 올렸다.
A0041-SPD7765E31A6,A0041-SPD7765E31A6-m2,롤렉스 인기 모델 판매가,물가,시계,13730000,원,원,currency,amount,item,수준값,현재값,KOSIS_VALUE,2025,Y,전년,,4,618,,ALTERNATE,NOT_TOP_TABLE,후순위 통계표 후보,국내,hybrid+reranker,-456,N,0.4829100966453552,0.9331876635551453,0.44852941176470584,,,113,DT_113_STBL_1025218,응답가구 특성별 국내 관광 가구여행 시 구매한 여행상품,1976046,"국민여행조사 > 2017년 이전 > 여행상품, 라이프스타일, 기타",meta_index 없음 또는 코드명 매칭 없음,,,,,,,,,,,,,,,,,,,,,,,,,,,,,,,,,,,,,,,,,,,,,meta 없음,,,스위스 시계 브랜드 롤렉스는 인기 모델인 ‘데이트저스트 오이스터스틸·화이트골드 36㎜’ 국내 판매가를 기존 1292만원에서 1373만원으로 81만원(6.3%) 올렸다.
A0041-SPD7765E31A6,A0041-SPD7765E31A6-m2,롤렉스 인기 모델 판매가,물가,시계,13730000,원,원,currency,amount,item,수준값,현재값,KOSIS_VALUE,2025,Y,전년,,5,611,,ALTERNATE,NOT_TOP_TABLE,후순위 통계표 후보,,hybrid+reranker,-460,N,0.4811933636665344,0.9580694437026978,0.42361111111111105,,,142,DT_G40030,현금성결제 판매대금 평균 수취기일,1967005,중소기업실태조사 > 2021년 ~ 2023년 > 제조업 > 판매,meta_index 없음 또는 코드명 매칭 없음,,,,,,,,,,,,,,,,,,,,,,,,,,,,,,,,,,,,,,,,,,,,,meta 없음,,,스위스 시계 브랜드 롤렉스는 인기 모델인 ‘데이트저스트 오이스터스틸·화이트골드 36㎜’ 국내 판매가를 기존 1292만원에서 1373만원으로 81만원(6.3%) 올렸다.
A0041-SPD7765E31A6,A0041-SPD7765E31A6-m3,롤렉스 인기 모델 판매가 증가분,물가,시계,810000,원,원,currency,absolute_change,item,증감량,증감값,KOSIS_VALUE,2025,Y,전년,2024,1,644,627,TABLE_ONLY,META_NOT_LOADED,통계표 메타 조회 전 후보,,hybrid+reranker,-460,N,0.4976680278778076,0.9417614340782166,0.4841269841269841,,,115,DT_11526N_2010_A069,[디자인활용업체]제품판매 영향 요소별 비중-가격(2010),2007410,디자인산업통계 > 2010년 > 디자인활용업체,meta_index 없음 또는 코드명 매칭 없음,,,,,,,,,,,,,,,,,,,,,,,,,,,,,,,,,,,,,,,,,,,,,meta 없음,,,스위스 시계 브랜드 롤렉스는 인기 모델인 ‘데이트저스트 오이스터스틸·화이트골드 36㎜’ 국내 판매가를 기존 1292만원에서 1373만원으로 81만원(6.3%) 올렸다.
A0041-SPD7765E31A6,A0041-SPD7765E31A6-m3,롤렉스 인기 모델 판매가 증가분,물가,시계,810000,원,원,currency,absolute_change,item,증감량,증감값,KOSIS_VALUE,2025,Y,전년,2024,2,627,,ALTERNATE,NOT_TOP_TABLE,후순위 통계표 후보,,hybrid+reranker,-460,N,0.4794255793094635,0.9453993439674377,0.4552238805970149,,,133,DT_133001N_11103,11.10.3 인지세 상품권·선불카드 권면금액별 납부 현황[2018~],1976068,국세통계 > 국세통계(~최근) > 소비제세,meta_index 없음 또는 코드명 매칭 없음,,,,,,,,,,,,,,,,,,,,,,,,,,,,,,,,,,,,,,,,,,,,,meta 없음,,,스위스 시계 브랜드 롤렉스는 인기 모델인 ‘데이트저스트 오이스터스틸·화이트골드 36㎜’ 국내 판매가를 기존 1292만원에서 1373만원으로 81만원(6.3%) 올렸다.
A0041-SPD7765E31A6,A0041-SPD7765E31A6-m3,롤렉스 인기 모델 판매가 증가분,물가,시계,810000,원,원,currency,absolute_change,item,증감량,증감값,KOSIS_VALUE,2025,Y,전년,2024,3,614,,ALTERNATE,NOT_TOP_TABLE,후순위 통계표 후보,국내,hybrid+reranker,-456,N,0.4781491756439209,0.9319595694541931,0.44202898550724634,,,113,DT_113_STBL_1023923,응답가구 특성별 국내 당일 관광 가구여행 시 구매한 여행상품,1976046,"국민여행조사 > 2017년 이전 > 여행상품, 라이프스타일, 기타",meta_index 없음 또는 코드명 매칭 없음,,,,,,,,,,,,,,,,,,,,,,,,,,,,,,,,,,,,,,,,,,,,,meta 없음,,,스위스 시계 브랜드 롤렉스는 인기 모델인 ‘데이트저스트 오이스터스틸·화이트골드 36㎜’ 국내 판매가를 기존 1292만원에서 1373만원으로 81만원(6.3%) 올렸다.
A0041-SPD7765E31A6,A0041-SPD7765E31A6-m3,롤렉스 인기 모델 판매가 증가분,물가,시계,810000,원,원,currency,absolute_change,item,증감량,증감값,KOSIS_VALUE,2025,Y,전년,2024,4,608,,ALTERNATE,NOT_TOP_TABLE,후순위 통계표 후보,기존,hybrid+reranker,-156,N,0.4775080680847168,0.9620362520217896,0.41780821917808214,,,395,DT_395N_S2024060,신상품 출시여부: 귀사의 기존 제품 대비 새롭거나 획기적으로 개선된 제품,2003024,한국기업혁신조사 > 2025년도 조사(서비스 부문) > 신상품 출시여부,meta_index 없음 또는 코드명 매칭 없음,,,,,,,,,,,,,,,,,,,,,,,,,,,,,,,,,,,,,,,,,,,,,meta 없음,,,스위스 시계 브랜드 롤렉스는 인기 모델인 ‘데이트저스트 오이스터스틸·화이트골드 36㎜’ 국내 판매가를 기존 1292만원에서 1373만원으로 81만원(6.3%) 올렸다.
A0041-SPD7765E31A6,A0041-SPD7765E31A6-m3,롤렉스 인기 모델 판매가 증가분,물가,시계,810000,원,원,currency,absolute_change,item,증감량,증감값,KOSIS_VALUE,2025,Y,전년,2024,5,604,,ALTERNATE,NOT_TOP_TABLE,후순위 통계표 후보,,hybrid+reranker,-460,N,0.47898390889167786,0.8921873569488525,0.44852941176470584,,,453,DT_393001_A094,1인 견적서에 의한 수의계약 가능금액 상향 조정의 도움 정도,2003016,여성기업실태조사 > 2018년~2020년 > 여성기업 관련 제도,meta_index 없음 또는 코드명 매칭 없음,,,,,,,,,,,,,,,,,,,,,,,,,,,,,,,,,,,,,,,,,,,,,meta 없음,,,스위스 시계 브랜드 롤렉스는 인기 모델인 ‘데이트저스트 오이스터스틸·화이트골드 36㎜’ 국내 판매가를 기존 1292만원에서 1373만원으로 81만원(6.3%) 올렸다.
A0041-SPD7765E31A6,A0041-SPD7765E31A6-m4,롤렉스 인기 모델 판매가 증가율,물가,시계,6.3,%,%,rate,rate_change,item,증감률,증감률,KOSIS_VALUE,2025,Y,전년,2024,1,654,619,TABLE_ONLY,META_NOT_LOADED,통계표 메타 조회 전 후보,,hybrid+reranker,-460,N,0.5102176666259766,0.9386884570121765,0.5,,,115,DT_11526N_2010_A069,[디자인활용업체]제품판매 영향 요소별 비중-가격(2010),2007410,디자인산업통계 > 2010년 > 디자인활용업체,meta_index 없음 또는 코드명 매칭 없음,,,,,,,,,,,,,,,,,,,,,,,,,,,,,,,,,,,,,,,,,,,,,meta 없음,,,스위스 시계 브랜드 롤렉스는 인기 모델인 ‘데이트저스트 오이스터스틸·화이트골드 36㎜’ 국내 판매가를 기존 1292만원에서 1373만원으로 81만원(6.3%) 올렸다.
A0041-SPD7765E31A6,A0041-SPD7765E31A6-m4,롤렉스 인기 모델 판매가 증가율,물가,시계,6.3,%,%,rate,rate_change,item,증감률,증감률,KOSIS_VALUE,2025,Y,전년,2024,2,619,,ALTERNATE,NOT_TOP_TABLE,후순위 통계표 후보,,hybrid+reranker,-460,N,0.4866396188735962,0.9349913001060486,0.44852941176470584,,,133,DT_133001N_11103,11.10.3 인지세 상품권·선불카드 권면금액별 납부 현황[2018~],1976068,국세통계 > 국세통계(~최근) > 소비제세,meta_index 없음 또는 코드명 매칭 없음,,,,,,,,,,,,,,,,,,,,,,,,,,,,,,,,,,,,,,,,,,,,,meta 없음,,,스위스 시계 브랜드 롤렉스는 인기 모델인 ‘데이트저스트 오이스터스틸·화이트골드 36㎜’ 국내 판매가를 기존 1292만원에서 1373만원으로 81만원(6.3%) 올렸다.
A0041-SPD7765E31A6,A0041-SPD7765E31A6-m4,롤렉스 인기 모델 판매가 증가율,물가,시계,6.3,%,%,rate,rate_change,item,증감률,증감률,KOSIS_VALUE,2025,Y,전년,2024,3,618,,ALTERNATE,NOT_TOP_TABLE,후순위 통계표 후보,기존,hybrid+reranker,-156,N,0.48509156703948975,0.9571978449821472,0.43571428571428567,,,395,DT_395N_S2024060,신상품 출시여부: 귀사의 기존 제품 대비 새롭거나 획기적으로 개선된 제품,2003024,한국기업혁신조사 > 2025년도 조사(서비스 부문) > 신상품 출시여부,meta_index 없음 또는 코드명 매칭 없음,,,,,,,,,,,,,,,,,,,,,,,,,,,,,,,,,,,,,,,,,,,,,meta 없음,,,스위스 시계 브랜드 롤렉스는 인기 모델인 ‘데이트저스트 오이스터스틸·화이트골드 36㎜’ 국내 판매가를 기존 1292만원에서 1373만원으로 81만원(6.3%) 올렸다.
A0041-SPD7765E31A6,A0041-SPD7765E31A6-m4,롤렉스 인기 모델 판매가 증가율,물가,시계,6.3,%,%,rate,rate_change,item,증감률,증감률,KOSIS_VALUE,2025,Y,전년,2024,4,605,,ALTERNATE,NOT_TOP_TABLE,후순위 통계표 후보,기존,hybrid+reranker,-456,N,0.4845026135444641,0.9317114353179932,0.4295774647887324,,,395,DT_395N_S2020060,신상품 출시여부: 기존 제품 대비 새롭거나 획기적으로 개선된 제품,2003024,한국기업혁신조사 > 2021년도 조사(서비스 부문) > 신상품 출시여부,meta_index 없음 또는 코드명 매칭 없음,,,,,,,,,,,,,,,,,,,,,,,,,,,,,,,,,,,,,,,,,,,,,meta 없음,,,스위스 시계 브랜드 롤렉스는 인기 모델인 ‘데이트저스트 오이스터스틸·화이트골드 36㎜’ 국내 판매가를 기존 1292만원에서 1373만원으로 81만원(6.3%) 올렸다.
A0041-SPD7765E31A6,A0041-SPD7765E31A6-m4,롤렉스 인기 모델 판매가 증가율,물가,시계,6.3,%,%,rate,rate_change,item,증감률,증감률,KOSIS_VALUE,2025,Y,전년,2024,5,604,,ALTERNATE,NOT_TOP_TABLE,후순위 통계표 후보,,hybrid+reranker,-460,N,0.4842682480812073,0.9501341581344604,0.41780821917808214,,,115,DT_115026_C101,[디자인활용업체]제품판매 영향 요소별 비중,2007410,디자인산업통계 > 2015년~ > 디자인활용업체,meta_index 없음 또는 코드명 매칭 없음,,,,,,,,,,,,,,,,,,,,,,,,,,,,,,,,,,,,,,,,,,,,,meta 없음,,,스위스 시계 브랜드 롤렉스는 인기 모델인 ‘데이트저스트 오이스터스틸·화이트골드 36㎜’ 국내 판매가를 기존 1292만원에서 1373만원으로 81만원(6.3%) 올렸다.
A0041-SP4542276D1B,A0041-SP4542276D1B-m2,반지 가격,물가,에버 헤라클레스 웨딩 밴드,5270000,원,원,currency,amount,item,수준값,현재값,KOSIS_VALUE,202501,M,전년,,1,606,581,TABLE_ONLY,META_NOT_LOADED,통계표 메타 조회 전 후보,,hybrid+reranker,-460,N,0.517845630645752,0.8318272233009338,0.4841269841269841,,,154,DT_MOGE_3033900662,이용자가 계약 당시 납부하기로 한 총 금액,2014024,결혼중개업실태조사 > 2017년 > 이용자,meta_index 없음 또는 코드명 매칭 없음,,,,,,,,,,,,,,,,,,,,,,,,,,,,,,,,,,,,,,,,,,,,,meta 없음,,,에르메스는 반지 제품인 ‘에버 헤라클레스 웨딩 밴드’를 기존 477만원에서 527만원으로 50만원(10.5%) 인상했다.
A0041-SP4542276D1B,A0041-SP4542276D1B-m2,반지 가격,물가,에버 헤라클레스 웨딩 밴드,5270000,원,원,currency,amount,item,수준값,현재값,KOSIS_VALUE,202501,M,전년,,2,581,,ALTERNATE,NOT_TOP_TABLE,후순위 통계표 후보,,hybrid+reranker,-460,N,0.5116997957229614,0.8005360960960388,0.4621212121212121,,,154,DT_MOGE_3033900137,이용자가 계약 당시 납부하기로 한 금액(평균),2014024,결혼중개업실태조사 > 2014년 > 이용자,meta_index 없음 또는 코드명 매칭 없음,,,,,,,,,,,,,,,,,,,,,,,,,,,,,,,,,,,,,,,,,,,,,meta 없음,,,에르메스는 반지 제품인 ‘에버 헤라클레스 웨딩 밴드’를 기존 477만원에서 527만원으로 50만원(10.5%) 인상했다.
A0041-SP4542276D1B,A0041-SP4542276D1B-m2,반지 가격,물가,에버 헤라클레스 웨딩 밴드,5270000,원,원,currency,amount,item,수준값,현재값,KOSIS_VALUE,202501,M,전년,,3,550,,ALTERNATE,NOT_TOP_TABLE,후순위 통계표 후보,"인상,10",hybrid+reranker,-144,N,0.5101108551025391,0.7634837031364441,0.43571428571428567,,,152,DT_152009_A117,PB제품 하도급 거래 단가 변동 비중 - 10% 이상 인상,2021003,하도급거래실태조사 > 제조업_원사업자 > 하도급거래 세부사항 > 전속거래·PB거래,meta_index 없음 또는 코드명 매칭 없음,,,,,,,,,,,,,,,,,,,,,,,,,,,,,,,,,,,,,,,,,,,,,meta 없음,,,에르메스는 반지 제품인 ‘에버 헤라클레스 웨딩 밴드’를 기존 477만원에서 527만원으로 50만원(10.5%) 인상했다.
A0041-SP4542276D1B,A0041-SP4542276D1B-m2,반지 가격,물가,에버 헤라클레스 웨딩 밴드,5270000,원,원,currency,amount,item,수준값,현재값,KOSIS_VALUE,202501,M,전년,,4,536,,ALTERNATE,NOT_TOP_TABLE,후순위 통계표 후보,,hybrid+reranker,-460,N,0.5319743156433105,0.6038734912872314,0.5,,,154,DT_154017_24AA002300,납부하기로한 금액 : 결혼 및 절차 행사 비용,2014024,결혼중개업실태조사 > 2023년 > 결혼이민자,meta_index 없음 또는 코드명 매칭 없음,,,,,,,,,,,,,,,,,,,,,,,,,,,,,,,,,,,,,,,,,,,,,meta 없음,,,에르메스는 반지 제품인 ‘에버 헤라클레스 웨딩 밴드’를 기존 477만원에서 527만원으로 50만원(10.5%) 인상했다.
A0041-SP4542276D1B,A0041-SP4542276D1B-m2,반지 가격,물가,에버 헤라클레스 웨딩 밴드,5270000,원,원,currency,amount,item,수준값,현재값,KOSIS_VALUE,202501,M,전년,,5,526,,ALTERNATE,NOT_TOP_TABLE,후순위 통계표 후보,"인상,10",hybrid+reranker,-144,N,0.5073794722557068,0.765943706035614,0.3961038961038961,,,152,DT_152009_A116,PB제품 하도급 거래 단가 변동 비중 - 5~10% 미만 인상,2021003,하도급거래실태조사 > 제조업_원사업자 > 하도급거래 세부사항 > 전속거래·PB거래,meta_index 없음 또는 코드명 매칭 없음,,,,,,,,,,,,,,,,,,,,,,,,,,,,,,,,,,,,,,,,,,,,,meta 없음,,,에르메스는 반지 제품인 ‘에버 헤라클레스 웨딩 밴드’를 기존 477만원에서 527만원으로 50만원(10.5%) 인상했다.
A0041-SP4542276D1B,A0041-SP4542276D1B-m3,반지 가격 인상폭,물가,에버 헤라클레스 웨딩 밴드,500000,원,원,currency,absolute_change,item,증감량,증감값,KOSIS_VALUE,202501,M,전년,202401,1,671,666,TABLE_ONLY,META_NOT_LOADED,통계표 메타 조회 전 후보,"인상,10",hybrid+reranker,-144,N,0.5310330390930176,0.9897909760475159,0.5,,,152,DT_152009_A117,PB제품 하도급 거래 단가 변동 비중 - 10% 이상 인상,2021003,하도급거래실태조사 > 제조업_원사업자 > 하도급거래 세부사항 > 전속거래·PB거래,meta_index 없음 또는 코드명 매칭 없음,,,,,,,,,,,,,,,,,,,,,,,,,,,,,,,,,,,,,,,,,,,,,meta 없음,,,에르메스는 반지 제품인 ‘에버 헤라클레스 웨딩 밴드’를 기존 477만원에서 527만원으로 50만원(10.5%) 인상했다.
A0041-SP4542276D1B,A0041-SP4542276D1B-m3,반지 가격 인상폭,물가,에버 헤라클레스 웨딩 밴드,500000,원,원,currency,absolute_change,item,증감량,증감값,KOSIS_VALUE,202501,M,전년,202401,2,666,,ALTERNATE,NOT_TOP_TABLE,후순위 통계표 후보,"인상,10",hybrid+reranker,-144,N,0.5289658308029175,0.9889278411865234,0.4919354838709677,,,152,DT_152009_A116,PB제품 하도급 거래 단가 변동 비중 - 5~10% 미만 인상,2021003,하도급거래실태조사 > 제조업_원사업자 > 하도급거래 세부사항 > 전속거래·PB거래,meta_index 없음 또는 코드명 매칭 없음,,,,,,,,,,,,,,,,,,,,,,,,,,,,,,,,,,,,,,,,,,,,,meta 없음,,,에르메스는 반지 제품인 ‘에버 헤라클레스 웨딩 밴드’를 기존 477만원에서 527만원으로 50만원(10.5%) 인상했다.
A0041-SP4542276D1B,A0041-SP4542276D1B-m3,반지 가격 인상폭,물가,에버 헤라클레스 웨딩 밴드,500000,원,원,currency,absolute_change,item,증감량,증감값,KOSIS_VALUE,202501,M,전년,202401,3,661,,ALTERNATE,NOT_TOP_TABLE,후순위 통계표 후보,,hybrid+reranker,-460,N,0.525883674621582,0.9893474578857422,0.4841269841269841,,,154,DT_154017_24AA002300,납부하기로한 금액 : 결혼 및 절차 행사 비용,2014024,결혼중개업실태조사 > 2023년 > 결혼이민자,meta_index 없음 또는 코드명 매칭 없음,,,,,,,,,,,,,,,,,,,,,,,,,,,,,,,,,,,,,,,,,,,,,meta 없음,,,에르메스는 반지 제품인 ‘에버 헤라클레스 웨딩 밴드’를 기존 477만원에서 527만원으로 50만원(10.5%) 인상했다.
A0041-SP4542276D1B,A0041-SP4542276D1B-m3,반지 가격 인상폭,물가,에버 헤라클레스 웨딩 밴드,500000,원,원,currency,absolute_change,item,증감량,증감값,KOSIS_VALUE,202501,M,전년,202401,4,658,,ALTERNATE,NOT_TOP_TABLE,후순위 통계표 후보,,hybrid+reranker,-460,N,0.5244271159172058,0.9937587976455688,0.4765625,,,154,DT_MOGE_3033900662,이용자가 계약 당시 납부하기로 한 총 금액,2014024,결혼중개업실태조사 > 2017년 > 이용자,meta_index 없음 또는 코드명 매칭 없음,,,,,,,,,,,,,,,,,,,,,,,,,,,,,,,,,,,,,,,,,,,,,meta 없음,,,에르메스는 반지 제품인 ‘에버 헤라클레스 웨딩 밴드’를 기존 477만원에서 527만원으로 50만원(10.5%) 인상했다.
A0041-SP4542276D1B,A0041-SP4542276D1B-m3,반지 가격 인상폭,물가,에버 헤라클레스 웨딩 밴드,500000,원,원,currency,absolute_change,item,증감량,증감값,KOSIS_VALUE,202501,M,전년,202401,5,647,,ALTERNATE,NOT_TOP_TABLE,후순위 통계표 후보,인상,hybrid+reranker,-148,N,0.5186004638671875,0.9891397356987,0.4621212121212121,,,152,DT_152009_A115,PB제품 하도급 거래 단가 변동 비중 - 0~5% 미만 인상,2021003,하도급거래실태조사 > 제조업_원사업자 > 하도급거래 세부사항 > 전속거래·PB거래,meta_index 없음 또는 코드명 매칭 없음,,,,,,,,,,,,,,,,,,,,,,,,,,,,,,,,,,,,,,,,,,,,,meta 없음,,,에르메스는 반지 제품인 ‘에버 헤라클레스 웨딩 밴드’를 기존 477만원에서 527만원으로 50만원(10.5%) 인상했다.
A0041-SP4542276D1B,A0041-SP4542276D1B-m4,반지 가격 인상률,물가,에버 헤라클레스 웨딩 밴드,10.5,%,%,rate,rate_change,item,증감률,증감률,KOSIS_VALUE,202501,M,전년,202401,1,564,535,TABLE_ONLY,META_NOT_LOADED,통계표 메타 조회 전 후보,"인상률,인상",hybrid+reranker,182,Y,0.5220263004302979,0.9678385257720947,0.34659090909090906,,,448,DT_448001_A012,임금 인상률,2018029,디자이너등급별노임단가실태조사,meta_index 없음 또는 코드명 매칭 없음,,,,,,,,,,,,,,,,,,,,,,,,,,,,,,,,,,,,,,,,,,,,,meta 없음,,,에르메스는 반지 제품인 ‘에버 헤라클레스 웨딩 밴드’를 기존 477만원에서 527만원으로 50만원(10.5%) 인상했다.
A0041-SP4542276D1B,A0041-SP4542276D1B-m4,반지 가격 인상률,물가,에버 헤라클레스 웨딩 밴드,10.5,%,%,rate,rate_change,item,증감률,증감률,KOSIS_VALUE,202501,M,전년,202401,2,535,,ALTERNATE,NOT_TOP_TABLE,후순위 통계표 후보,"가격,인상",hybrid+reranker,176,Y,0.5130038261413574,0.9878528118133545,0.2904761904761905,,,395,DT_395N_S2024029,시장 환경 상황별 해당 여부: 가격 인상이 고객의 손실을 초래함,2003024,한국기업혁신조사 > 2025년도 조사(서비스 부문) > 시장 환경 상황별 해당 여부 및 설명도 > 시장 환경 상황별 해당 여부,meta_index 없음 또는 코드명 매칭 없음,,,,,,,,,,,,,,,,,,,,,,,,,,,,,,,,,,,,,,,,,,,,,meta 없음,,,에르메스는 반지 제품인 ‘에버 헤라클레스 웨딩 밴드’를 기존 477만원에서 527만원으로 50만원(10.5%) 인상했다.
A0041-SP4542276D1B,A0041-SP4542276D1B-m4,반지 가격 인상률,물가,에버 헤라클레스 웨딩 밴드,10.5,%,%,rate,rate_change,item,증감률,증감률,KOSIS_VALUE,202501,M,전년,202401,3,529,,ALTERNATE,NOT_TOP_TABLE,후순위 통계표 후보,"가격,인상",hybrid+reranker,176,Y,0.5125011205673218,0.9856076240539551,0.2824074074074074,,,395,DT_395N_S2024037,시장 환경 상황별 설명도: 가격 인상이 고객의 손실을 초래함,2003024,한국기업혁신조사 > 2025년도 조사(서비스 부문) > 시장 환경 상황별 해당 여부 및 설명도 > 시장 환경 상황별 설명도,meta_index 없음 또는 코드명 매칭 없음,,,,,,,,,,,,,,,,,,,,,,,,,,,,,,,,,,,,,,,,,,,,,meta 없음,,,에르메스는 반지 제품인 ‘에버 헤라클레스 웨딩 밴드’를 기존 477만원에서 527만원으로 50만원(10.5%) 인상했다.
A0041-SP4542276D1B,A0041-SP4542276D1B-m4,반지 가격 인상률,물가,에버 헤라클레스 웨딩 밴드,10.5,%,%,rate,rate_change,item,증감률,증감률,KOSIS_VALUE,202501,M,전년,202401,4,669,,ALTERNATE,NOT_TOP_TABLE,후순위 통계표 후보,"인상,10",hybrid+reranker,-144,N,0.5770196914672852,0.9824230670928955,0.5,,,152,DT_152009_A117,PB제품 하도급 거래 단가 변동 비중 - 10% 이상 인상,2021003,하도급거래실태조사 > 제조업_원사업자 > 하도급거래 세부사항 > 전속거래·PB거래,meta_index 없음 또는 코드명 매칭 없음,,,,,,,,,,,,,,,,,,,,,,,,,,,,,,,,,,,,,,,,,,,,,meta 없음,,,에르메스는 반지 제품인 ‘에버 헤라클레스 웨딩 밴드’를 기존 477만원에서 527만원으로 50만원(10.5%) 인상했다.
A0041-SP4542276D1B,A0041-SP4542276D1B-m4,반지 가격 인상률,물가,에버 헤라클레스 웨딩 밴드,10.5,%,%,rate,rate_change,item,증감률,증감률,KOSIS_VALUE,202501,M,전년,202401,5,663,,ALTERNATE,NOT_TOP_TABLE,후순위 통계표 후보,"인상,10",hybrid+reranker,-144,N,0.574817419052124,0.9810945987701416,0.4919354838709677,,,152,DT_152009_A116,PB제품 하도급 거래 단가 변동 비중 - 5~10% 미만 인상,2021003,하도급거래실태조사 > 제조업_원사업자 > 하도급거래 세부사항 > 전속거래·PB거래,meta_index 없음 또는 코드명 매칭 없음,,,,,,,,,,,,,,,,,,,,,,,,,,,,,,,,,,,,,,,,,,,,,meta 없음,,,에르메스는 반지 제품인 ‘에버 헤라클레스 웨딩 밴드’를 기존 477만원에서 527만원으로 50만원(10.5%) 인상했다.
A0045-SP561E674AD0,A0045-SP561E674AD0-m1,비트코인 증감률,기타,-,1.31,%,%,rate,rate_change,unspecified,증감률,증감률,KOSIS_VALUE,202501,M,전월,202412,1,502,447,TABLE_ONLY,META_NOT_LOADED,통계표 메타 조회 전 후보,,hybrid+reranker,-160,N,0.5634100437164307,0.6248660087585449,0.43571428571428567,,,388,TX_38803_A013,원자력 발전소 증감추이,2007449,발전설비현황 > 발전설비 변동추이,meta_index 없음 또는 코드명 매칭 없음,,,,,,,,,,,,,,,,,,,,,,,,,,,,,,,,,,,,,,,,,,,,,meta 없음,,,"비트코인은 전주 대비 1.31% 상승한 9만7000달러, 이더리움은 3.63% 상승한 3400달러 선에서 거래 중이다."
A0045-SP561E674AD0,A0045-SP561E674AD0-m1,비트코인 증감률,기타,-,1.31,%,%,rate,rate_change,unspecified,증감률,증감률,KOSIS_VALUE,202501,M,전월,202412,2,447,,ALTERNATE,NOT_TOP_TABLE,후순위 통계표 후보,거래,hybrid+reranker,-454,N,0.5661592483520508,0.43128472566604614,0.4552238805970149,,,142,DT_V22069,거래처별 평균 인상률 및 인하율,1999037,벤처기업정밀실태조사 > 2021년 > 공정거래 질서 현황,meta_index 없음 또는 코드명 매칭 없음,,,,,,,,,,,,,,,,,,,,,,,,,,,,,,,,,,,,,,,,,,,,,meta 없음,,,"비트코인은 전주 대비 1.31% 상승한 9만7000달러, 이더리움은 3.63% 상승한 3400달러 선에서 거래 중이다."
A0045-SP561E674AD0,A0045-SP561E674AD0-m1,비트코인 증감률,기타,-,1.31,%,%,rate,rate_change,unspecified,증감률,증감률,KOSIS_VALUE,202501,M,전월,202412,3,408,,ALTERNATE,NOT_TOP_TABLE,후순위 통계표 후보,거래,hybrid+reranker,-158,N,0.5687648057937622,0.2819984257221222,0.4765625,,,152,DT_152009_E034,단가 변동 비중 - 10% 이상 인상,2021003,하도급거래실태조사 > 용역업_원사업자 > 하도급거래 세부사항 > 거래 제반,meta_index 없음 또는 코드명 매칭 없음,,,,,,,,,,,,,,,,,,,,,,,,,,,,,,,,,,,,,,,,,,,,,meta 없음,,,"비트코인은 전주 대비 1.31% 상승한 9만7000달러, 이더리움은 3.63% 상승한 3400달러 선에서 거래 중이다."
A0045-SP561E674AD0,A0045-SP561E674AD0-m1,비트코인 증감률,기타,-,1.31,%,%,rate,rate_change,unspecified,증감률,증감률,KOSIS_VALUE,202501,M,전월,202412,4,404,,ALTERNATE,NOT_TOP_TABLE,후순위 통계표 후보,거래,hybrid+reranker,-154,N,0.5763574838638306,0.22541658580303192,0.5,,,152,DT_152009_A116,PB제품 하도급 거래 단가 변동 비중 - 5~10% 미만 인상,2021003,하도급거래실태조사 > 제조업_원사업자 > 하도급거래 세부사항 > 전속거래·PB거래,meta_index 없음 또는 코드명 매칭 없음,,,,,,,,,,,,,,,,,,,,,,,,,,,,,,,,,,,,,,,,,,,,,meta 없음,,,"비트코인은 전주 대비 1.31% 상승한 9만7000달러, 이더리움은 3.63% 상승한 3400달러 선에서 거래 중이다."
A0045-SP561E674AD0,A0045-SP561E674AD0-m1,비트코인 증감률,기타,-,1.31,%,%,rate,rate_change,unspecified,증감률,증감률,KOSIS_VALUE,202501,M,전월,202412,5,402,,ALTERNATE,NOT_TOP_TABLE,후순위 통계표 후보,거래,hybrid+reranker,-454,N,0.5582625269889832,0.4303268790245056,0.38607594936708856,,,142,DT_V24_J001,거래처별 평균 인상률 및 인하율,1999037,벤처기업정밀실태조사 > 2023년 > 공정거래 질서 현황,meta_index 없음 또는 코드명 매칭 없음,,,,,,,,,,,,,,,,,,,,,,,,,,,,,,,,,,,,,,,,,,,,,meta 없음,,,"비트코인은 전주 대비 1.31% 상승한 9만7000달러, 이더리움은 3.63% 상승한 3400달러 선에서 거래 중이다."
A0045-SP561E674AD0,A0045-SP561E674AD0-m2,비트코인 현재값,기타,-,97000,달러,달러,currency,amount,unspecified,수준값,현재값,KOSIS_VALUE,202501,M,전월,,1,533,524,TABLE_ONLY,META_NOT_LOADED,통계표 메타 조회 전 후보,,hybrid+reranker,-160,N,0.5327840447425842,0.6500230431556702,0.46923076923076923,,,127,DT_127017_A031,내년 블록체인 산업 분류체계별 예상 매출액(국내+해외매출 총합) 규모 구성비 및 총액,2020024,블록체인산업실태조사 > 특허 및 재무 현황,meta_index 없음 또는 코드명 매칭 없음,,,,,,,,,,,,,,,,,,,,,,,,,,,,,,,,,,,,,,,,,,,,,meta 없음,,,"비트코인은 전주 대비 1.31% 상승한 9만7000달러, 이더리움은 3.63% 상승한 3400달러 선에서 거래 중이다."
A0045-SP561E674AD0,A0045-SP561E674AD0-m2,비트코인 현재값,기타,-,97000,달러,달러,currency,amount,unspecified,수준값,현재값,KOSIS_VALUE,202501,M,전월,,2,524,,ALTERNATE,NOT_TOP_TABLE,후순위 통계표 후보,,hybrid+reranker,-160,N,0.5256851315498352,0.7115311622619629,0.42361111111111105,,,127,DT_127017_A039,블록체인 관련 투자자금 조달방법,2020024,블록체인산업실태조사 > 투자 현황,meta_index 없음 또는 코드명 매칭 없음,,,,,,,,,,,,,,,,,,,,,,,,,,,,,,,,,,,,,,,,,,,,,meta 없음,,,"비트코인은 전주 대비 1.31% 상승한 9만7000달러, 이더리움은 3.63% 상승한 3400달러 선에서 거래 중이다."
A0045-SP561E674AD0,A0045-SP561E674AD0-m2,비트코인 현재값,기타,-,97000,달러,달러,currency,amount,unspecified,수준값,현재값,KOSIS_VALUE,202501,M,전월,,3,520,,ALTERNATE,NOT_TOP_TABLE,후순위 통계표 후보,,hybrid+reranker,-160,N,0.5271284580230713,0.6757646203041077,0.43571428571428567,,,127,DT_127017_A030,블록체인 산업 분류체계별 매출액(국내+해외매출 총합) 규모 구성비 및 총액,2020024,블록체인산업실태조사 > 특허 및 재무 현황,meta_index 없음 또는 코드명 매칭 없음,,,,,,,,,,,,,,,,,,,,,,,,,,,,,,,,,,,,,,,,,,,,,meta 없음,,,"비트코인은 전주 대비 1.31% 상승한 9만7000달러, 이더리움은 3.63% 상승한 3400달러 선에서 거래 중이다."
A0045-SP561E674AD0,A0045-SP561E674AD0-m2,비트코인 현재값,기타,-,97000,달러,달러,currency,amount,unspecified,수준값,현재값,KOSIS_VALUE,202501,M,전월,,4,516,,ALTERNATE,NOT_TOP_TABLE,후순위 통계표 후보,,hybrid+reranker,-160,N,0.5286849141120911,0.6529055833816528,0.44202898550724634,,,127,DT_127017_A028,블록체인 부문 주력 산업 분류별 매출액 규모 구성비 및 총액,2020024,블록체인산업실태조사 > 특허 및 재무 현황,meta_index 없음 또는 코드명 매칭 없음,,,,,,,,,,,,,,,,,,,,,,,,,,,,,,,,,,,,,,,,,,,,,meta 없음,,,"비트코인은 전주 대비 1.31% 상승한 9만7000달러, 이더리움은 3.63% 상승한 3400달러 선에서 거래 중이다."
A0045-SP561E674AD0,A0045-SP561E674AD0-m2,비트코인 현재값,기타,-,97000,달러,달러,currency,amount,unspecified,수준값,현재값,KOSIS_VALUE,202501,M,전월,,5,511,,ALTERNATE,NOT_TOP_TABLE,후순위 통계표 후보,가상자산,hybrid+reranker,-124,N,0.5428060293197632,0.5605834722518921,0.4841269841269841,,,127,DT_127017_C002,가상자산 매매 및 중개업 - 블록체인 매출 규모별 비중,2020024,블록체인산업실태조사 > 가상자산 매매 및 중개업,meta_index 없음 또는 코드명 매칭 없음,,,,,,,,,,,,,,,,,,,,,,,,,,,,,,,,,,,,,,,,,,,,,meta 없음,,,"비트코인은 전주 대비 1.31% 상승한 9만7000달러, 이더리움은 3.63% 상승한 3400달러 선에서 거래 중이다."
A0045-SP561E674AD0,A0045-SP561E674AD0-m3,이더리움 증감률,기타,-,3.63,%,%,rate,rate_change,unspecified,증감률,증감률,KOSIS_VALUE,202501,M,전월,202412,1,630,571,TABLE_ONLY,META_NOT_LOADED,통계표 메타 조회 전 후보,,hybrid+reranker,-160,N,0.5611510276794434,0.8856314420700073,0.4919354838709677,,,388,TX_38803_A013,원자력 발전소 증감추이,2007449,발전설비현황 > 발전설비 변동추이,meta_index 없음 또는 코드명 매칭 없음,,,,,,,,,,,,,,,,,,,,,,,,,,,,,,,,,,,,,,,,,,,,,meta 없음,,,"비트코인은 전주 대비 1.31% 상승한 9만7000달러, 이더리움은 3.63% 상승한 3400달러 선에서 거래 중이다."
A0045-SP561E674AD0,A0045-SP561E674AD0-m3,이더리움 증감률,기타,-,3.63,%,%,rate,rate_change,unspecified,증감률,증감률,KOSIS_VALUE,202501,M,전월,202412,2,571,,ALTERNATE,NOT_TOP_TABLE,후순위 통계표 후보,,hybrid+reranker,-160,N,0.5491921901702881,0.8553685545921326,0.41780821917808214,,,388,TX_38803_A009,발전원별 증감추이,2007449,발전설비현황 > 발전설비 변동추이,meta_index 없음 또는 코드명 매칭 없음,,,,,,,,,,,,,,,,,,,,,,,,,,,,,,,,,,,,,,,,,,,,,meta 없음,,,"비트코인은 전주 대비 1.31% 상승한 9만7000달러, 이더리움은 3.63% 상승한 3400달러 선에서 거래 중이다."
A0045-SP561E674AD0,A0045-SP561E674AD0-m3,이더리움 증감률,기타,-,3.63,%,%,rate,rate_change,unspecified,증감률,증감률,KOSIS_VALUE,202501,M,전월,202412,3,416,,ALTERNATE,NOT_TOP_TABLE,후순위 통계표 후보,거래,hybrid+reranker,-454,N,0.5491111278533936,0.42411381006240845,0.41216216216216217,,,142,DT_V22069,거래처별 평균 인상률 및 인하율,1999037,벤처기업정밀실태조사 > 2021년 > 공정거래 질서 현황,meta_index 없음 또는 코드명 매칭 없음,,,,,,,,,,,,,,,,,,,,,,,,,,,,,,,,,,,,,,,,,,,,,meta 없음,,,"비트코인은 전주 대비 1.31% 상승한 9만7000달러, 이더리움은 3.63% 상승한 3400달러 선에서 거래 중이다."
A0045-SP561E674AD0,A0045-SP561E674AD0-m3,이더리움 증감률,기타,-,3.63,%,%,rate,rate_change,unspecified,증감률,증감률,KOSIS_VALUE,202501,M,전월,202412,4,412,,ALTERNATE,NOT_TOP_TABLE,후순위 통계표 후보,거래,hybrid+reranker,-154,N,0.5611917972564697,0.2487165927886963,0.5,,,152,DT_152009_A117,PB제품 하도급 거래 단가 변동 비중 - 10% 이상 인상,2021003,하도급거래실태조사 > 제조업_원사업자 > 하도급거래 세부사항 > 전속거래·PB거래,meta_index 없음 또는 코드명 매칭 없음,,,,,,,,,,,,,,,,,,,,,,,,,,,,,,,,,,,,,,,,,,,,,meta 없음,,,"비트코인은 전주 대비 1.31% 상승한 9만7000달러, 이더리움은 3.63% 상승한 3400달러 선에서 거래 중이다."
A0045-SP561E674AD0,A0045-SP561E674AD0-m3,이더리움 증감률,기타,-,3.63,%,%,rate,rate_change,unspecified,증감률,증감률,KOSIS_VALUE,202501,M,전월,202412,5,398,,ALTERNATE,NOT_TOP_TABLE,후순위 통계표 후보,거래,hybrid+reranker,-154,N,0.5597608089447021,0.23775286972522736,0.4841269841269841,,,152,DT_152009_A116,PB제품 하도급 거래 단가 변동 비중 - 5~10% 미만 인상,2021003,하도급거래실태조사 > 제조업_원사업자 > 하도급거래 세부사항 > 전속거래·PB거래,meta_index 없음 또는 코드명 매칭 없음,,,,,,,,,,,,,,,,,,,,,,,,,,,,,,,,,,,,,,,,,,,,,meta 없음,,,"비트코인은 전주 대비 1.31% 상승한 9만7000달러, 이더리움은 3.63% 상승한 3400달러 선에서 거래 중이다."
A0045-SP561E674AD0,A0045-SP561E674AD0-m4,이더리움 현재값,기타,-,3400,달러,달러,currency,amount,unspecified,수준값,현재값,KOSIS_VALUE,202501,M,전월,,1,494,480,TABLE_ONLY,META_NOT_LOADED,통계표 메타 조회 전 후보,,hybrid+reranker,-160,N,0.5254430770874023,0.5124409794807434,0.4841269841269841,,,127,DT_127017_B037,R&D 투자 금액 규모 및 총액,2020024,블록체인산업실태조사 > 투자 현황,meta_index 없음 또는 코드명 매칭 없음,,,,,,,,,,,,,,,,,,,,,,,,,,,,,,,,,,,,,,,,,,,,,meta 없음,,,"비트코인은 전주 대비 1.31% 상승한 9만7000달러, 이더리움은 3.63% 상승한 3400달러 선에서 거래 중이다."
A0045-SP561E674AD0,A0045-SP561E674AD0-m4,이더리움 현재값,기타,-,3400,달러,달러,currency,amount,unspecified,수준값,현재값,KOSIS_VALUE,202501,M,전월,,2,480,,ALTERNATE,NOT_TOP_TABLE,후순위 통계표 후보,,hybrid+reranker,-160,N,0.5122405886650085,0.5845083594322205,0.42361111111111105,,,127,DT_127017_A028,블록체인 부문 주력 산업 분류별 매출액 규모 구성비 및 총액,2020024,블록체인산업실태조사 > 특허 및 재무 현황,meta_index 없음 또는 코드명 매칭 없음,,,,,,,,,,,,,,,,,,,,,,,,,,,,,,,,,,,,,,,,,,,,,meta 없음,,,"비트코인은 전주 대비 1.31% 상승한 9만7000달러, 이더리움은 3.63% 상승한 3400달러 선에서 거래 중이다."
A0045-SP561E674AD0,A0045-SP561E674AD0-m4,이더리움 현재값,기타,-,3400,달러,달러,currency,amount,unspecified,수준값,현재값,KOSIS_VALUE,202501,M,전월,,3,475,,ALTERNATE,NOT_TOP_TABLE,후순위 통계표 후보,,hybrid+reranker,-160,N,0.5328501462936401,0.443208783864975,0.4919354838709677,,,127,DT_127017_B038,내년 R&D 예상 투자 금액 규모 및 총액,2020024,블록체인산업실태조사 > 투자 현황,meta_index 없음 또는 코드명 매칭 없음,,,,,,,,,,,,,,,,,,,,,,,,,,,,,,,,,,,,,,,,,,,,,meta 없음,,,"비트코인은 전주 대비 1.31% 상승한 9만7000달러, 이더리움은 3.63% 상승한 3400달러 선에서 거래 중이다."
A0045-SP561E674AD0,A0045-SP561E674AD0-m4,이더리움 현재값,기타,-,3400,달러,달러,currency,amount,unspecified,수준값,현재값,KOSIS_VALUE,202501,M,전월,,4,475,,ALTERNATE,NOT_TOP_TABLE,후순위 통계표 후보,가상자산,hybrid+reranker,-124,N,0.5236451029777527,0.4714057743549347,0.4765625,,,127,DT_127017_C003,가상자산 매매 및 중개업 - 내년 블록체인 매출 규모별 비중,2020024,블록체인산업실태조사 > 가상자산 매매 및 중개업,meta_index 없음 또는 코드명 매칭 없음,,,,,,,,,,,,,,,,,,,,,,,,,,,,,,,,,,,,,,,,,,,,,meta 없음,,,"비트코인은 전주 대비 1.31% 상승한 9만7000달러, 이더리움은 3.63% 상승한 3400달러 선에서 거래 중이다."
A0045-SP561E674AD0,A0045-SP561E674AD0-m4,이더리움 현재값,기타,-,3400,달러,달러,currency,amount,unspecified,수준값,현재값,KOSIS_VALUE,202501,M,전월,,5,474,,ALTERNATE,NOT_TOP_TABLE,후순위 통계표 후보,가상자산,hybrid+reranker,-124,N,0.5184170603752136,0.4970245957374573,0.4621212121212121,,,127,DT_127017_C002,가상자산 매매 및 중개업 - 블록체인 매출 규모별 비중,2020024,블록체인산업실태조사 > 가상자산 매매 및 중개업,meta_index 없음 또는 코드명 매칭 없음,,,,,,,,,,,,,,,,,,,,,,,,,,,,,,,,,,,,,,,,,,,,,meta 없음,,,"비트코인은 전주 대비 1.31% 상승한 9만7000달러, 이더리움은 3.63% 상승한 3400달러 선에서 거래 중이다."
A0046-SP883575DAEF,A0046-SP883575DAEF-m1,나스닥종합지수와 S&P500지수의 연간 상승률,금융·금리,-,30,%,%,rate,rate_change,unspecified,증감률,증감률,KOSIS_VALUE,2024,Y,전년,2023,1,618,377,TABLE_ONLY,META_NOT_LOADED,통계표 메타 조회 전 후보,연간,hybrid+reranker,164,Y,,0.9435559511184692,0.44202898550724634,,,115,TX_115_2009_H4411,개인 이러닝 이용자의 연간 이용기간,2008059,이러닝산업실태조사 > 이러닝 수요시장 현황 > 개인 ,meta_index 없음 또는 코드명 매칭 없음,,,,,,,,,,,,,,,,,,,,,,,,,,,,,,,,,,,,,,,,,,,,,meta 없음,,,나스닥종합지수와 S&P500지수의 연간 상승률은 30% 안팎을 기록했다.
A0046-SP883575DAEF,A0046-SP883575DAEF-m1,나스닥종합지수와 S&P500지수의 연간 상승률,금융·금리,-,30,%,%,rate,rate_change,unspecified,증감률,증감률,KOSIS_VALUE,2024,Y,전년,2023,2,377,,ALTERNATE,NOT_TOP_TABLE,후순위 통계표 후보,연간,hybrid,164,Y,,,0.37654320987654316,,,113,DT_113_STBL_1022502,공연시설 : 연간 인력 현황,2007390,공연예술조사 > 공연시설 운영현황,meta_index 없음 또는 코드명 매칭 없음,,,,,,,,,,,,,,,,,,,,,,,,,,,,,,,,,,,,,,,,,,,,,meta 없음,,,나스닥종합지수와 S&P500지수의 연간 상승률은 30% 안팎을 기록했다.
A0046-SP883575DAEF,A0046-SP883575DAEF-m1,나스닥종합지수와 S&P500지수의 연간 상승률,금융·금리,-,30,%,%,rate,rate_change,unspecified,증감률,증감률,KOSIS_VALUE,2024,Y,전년,2023,3,372,,ALTERNATE,NOT_TOP_TABLE,후순위 통계표 후보,연간,hybrid,164,Y,,,0.3719512195121951,,,113,DT_113_STBL_1022516,공연시설 : 연간 총 수입,2007390,공연예술조사 > 공연시설 운영현황,meta_index 없음 또는 코드명 매칭 없음,,,,,,,,,,,,,,,,,,,,,,,,,,,,,,,,,,,,,,,,,,,,,meta 없음,,,나스닥종합지수와 S&P500지수의 연간 상승률은 30% 안팎을 기록했다.
A0046-SP883575DAEF,A0046-SP883575DAEF-m1,나스닥종합지수와 S&P500지수의 연간 상승률,금융·금리,-,30,%,%,rate,rate_change,unspecified,증감률,증감률,KOSIS_VALUE,2024,Y,전년,2023,4,367,,ALTERNATE,NOT_TOP_TABLE,후순위 통계표 후보,연간,hybrid,164,Y,,,0.3674698795180723,,,113,DT_113_STBL_1022523,공연시설 : 연간 총 지출,2007390,공연예술조사 > 공연시설 운영현황,meta_index 없음 또는 코드명 매칭 없음,,,,,,,,,,,,,,,,,,,,,,,,,,,,,,,,,,,,,,,,,,,,,meta 없음,,,나스닥종합지수와 S&P500지수의 연간 상승률은 30% 안팎을 기록했다.
A0046-SP883575DAEF,A0046-SP883575DAEF-m1,나스닥종합지수와 S&P500지수의 연간 상승률,금융·금리,-,30,%,%,rate,rate_change,unspecified,증감률,증감률,KOSIS_VALUE,2024,Y,전년,2023,5,363,,ALTERNATE,NOT_TOP_TABLE,후순위 통계표 후보,연간,hybrid,164,Y,,,0.3630952380952381,,,113,DT_113_STBL_1025613,공연시설 : 연간 평균 수입,2007390,공연예술조사 > 공연시설 운영현황,meta_index 없음 또는 코드명 매칭 없음,,,,,,,,,,,,,,,,,,,,,,,,,,,,,,,,,,,,,,,,,,,,,meta 없음,,,나스닥종합지수와 S&P500지수의 연간 상승률은 30% 안팎을 기록했다.
A0046-SPD2EDAD8C3F,A0046-SPD2EDAD8C3F-m1,코스피지수 변동률,금융·금리,-,9.9,%,%,rate,rate_change,unspecified,증감률,증감률,KOSIS_VALUE,2024,Y,전년,2023,1,634,628,TABLE_ONLY,META_NOT_LOADED,통계표 메타 조회 전 후보,변동률,hybrid+reranker,170,Y,0.6075533628463745,0.05634009838104248,0.9457932692307692,,,408,DT_304004_WEEK_005_B,주간 규모별 아파트 매매가격지수 변동률,1985011,전국주택가격동향조사 > 주간아파트가격동향조사(기준주 : 2026.2.2),meta_index 없음 또는 코드명 매칭 없음,,,,,,,,,,,,,,,,,,,,,,,,,,,,,,,,,,,,,,,,,,,,,meta 없음,,,"반면에 코스피지수와 코스닥지수는 연초보다 각각 9.9%, 21.7% 하락한 채 장을 마쳤다."
A0046-SPD2EDAD8C3F,A0046-SPD2EDAD8C3F-m1,코스피지수 변동률,금융·금리,-,9.9,%,%,rate,rate_change,unspecified,증감률,증감률,KOSIS_VALUE,2024,Y,전년,2023,2,628,,ALTERNATE,NOT_TOP_TABLE,후순위 통계표 후보,변동률,hybrid+reranker,170,Y,0.6151667833328247,0.05510689690709114,0.9357142857142857,,,408,DT_304004_WEEK_001_A,주간 아파트 매매가격지수 변동률,1985011,전국주택가격동향조사 > 주간아파트가격동향조사(기준주 : 2025.3.31),meta_index 없음 또는 코드명 매칭 없음,,,,,,,,,,,,,,,,,,,,,,,,,,,,,,,,,,,,,,,,,,,,,meta 없음,,,"반면에 코스피지수와 코스닥지수는 연초보다 각각 9.9%, 21.7% 하락한 채 장을 마쳤다."
A0046-SPD2EDAD8C3F,A0046-SPD2EDAD8C3F-m1,코스피지수 변동률,금융·금리,-,9.9,%,%,rate,rate_change,unspecified,증감률,증감률,KOSIS_VALUE,2024,Y,전년,2023,3,624,,ALTERNATE,NOT_TOP_TABLE,후순위 통계표 후보,변동률,hybrid+reranker,170,Y,0.6074520349502563,0.05310790613293648,0.9313519813519814,,,408,DT_304004_WEEK_005_A,주간 규모별 아파트 매매가격지수 변동률,1985011,전국주택가격동향조사 > 주간아파트가격동향조사(기준주 : 2025.3.31),meta_index 없음 또는 코드명 매칭 없음,,,,,,,,,,,,,,,,,,,,,,,,,,,,,,,,,,,,,,,,,,,,,meta 없음,,,"반면에 코스피지수와 코스닥지수는 연초보다 각각 9.9%, 21.7% 하락한 채 장을 마쳤다."
A0046-SPD2EDAD8C3F,A0046-SPD2EDAD8C3F-m1,코스피지수 변동률,금융·금리,-,9.9,%,%,rate,rate_change,unspecified,증감률,증감률,KOSIS_VALUE,2024,Y,전년,2023,4,621,,ALTERNATE,NOT_TOP_TABLE,후순위 통계표 후보,변동률,hybrid+reranker,170,Y,0.6124533414840698,0.05399883911013603,0.9261559696342305,,,408,DT_304004_WEEK_001_B,주간 아파트 매매가격지수 변동률,1985011,전국주택가격동향조사 > 주간아파트가격동향조사(기준주 : 2026.2.2),meta_index 없음 또는 코드명 매칭 없음,,,,,,,,,,,,,,,,,,,,,,,,,,,,,,,,,,,,,,,,,,,,,meta 없음,,,"반면에 코스피지수와 코스닥지수는 연초보다 각각 9.9%, 21.7% 하락한 채 장을 마쳤다."
A0046-SPD2EDAD8C3F,A0046-SPD2EDAD8C3F-m1,코스피지수 변동률,금융·금리,-,9.9,%,%,rate,rate_change,unspecified,증감률,증감률,KOSIS_VALUE,2024,Y,전년,2023,5,612,,ALTERNATE,NOT_TOP_TABLE,후순위 통계표 후보,변동률,hybrid+reranker,170,Y,0.5744106769561768,0.36886027455329895,0.7426948051948052,,,110,DT_110001_A008,지가변동률,1976004,한국도시통계 > 한국도시통계(2023~) > 거주,meta_index 없음 또는 코드명 매칭 없음,,,,,,,,,,,,,,,,,,,,,,,,,,,,,,,,,,,,,,,,,,,,,meta 없음,,,"반면에 코스피지수와 코스닥지수는 연초보다 각각 9.9%, 21.7% 하락한 채 장을 마쳤다."
A0046-SPD2EDAD8C3F,A0046-SPD2EDAD8C3F-m2,코스닥지수 변동률,금융·금리,-,21.7,%,%,rate,rate_change,unspecified,증감률,증감률,KOSIS_VALUE,2024,Y,전년,2023,1,744,645,TABLE_ONLY,META_NOT_LOADED,통계표 메타 조회 전 후보,코스닥지수,hybrid+reranker,200,Y,0.5656626224517822,0.6809847354888916,0.7772727272727272,,,343,DT_343_2010_S0065,코스닥 지수,1976006,증권·파생상품시장통계 > 지수 > KOSDAQ시리즈,meta_index 없음 또는 코드명 매칭 없음,,,,,,,,,,,,,,,,,,,,,,,,,,,,,,,,,,,,,,,,,,,,,meta 없음,,,"반면에 코스피지수와 코스닥지수는 연초보다 각각 9.9%, 21.7% 하락한 채 장을 마쳤다."
A0046-SPD2EDAD8C3F,A0046-SPD2EDAD8C3F-m2,코스닥지수 변동률,금융·금리,-,21.7,%,%,rate,rate_change,unspecified,증감률,증감률,KOSIS_VALUE,2024,Y,전년,2023,2,645,,ALTERNATE,NOT_TOP_TABLE,후순위 통계표 후보,변동률,hybrid+reranker,170,Y,0.60077965259552,0.07263670116662979,0.953125,,,408,DT_304004_WEEK_005_B,주간 규모별 아파트 매매가격지수 변동률,1985011,전국주택가격동향조사 > 주간아파트가격동향조사(기준주 : 2026.2.2),meta_index 없음 또는 코드명 매칭 없음,,,,,,,,,,,,,,,,,,,,,,,,,,,,,,,,,,,,,,,,,,,,,meta 없음,,,"반면에 코스피지수와 코스닥지수는 연초보다 각각 9.9%, 21.7% 하락한 채 장을 마쳤다."
A0046-SPD2EDAD8C3F,A0046-SPD2EDAD8C3F-m2,코스닥지수 변동률,금융·금리,-,21.7,%,%,rate,rate_change,unspecified,증감률,증감률,KOSIS_VALUE,2024,Y,전년,2023,3,643,,ALTERNATE,NOT_TOP_TABLE,후순위 통계표 후보,변동률,hybrid+reranker,170,Y,0.5701360106468201,0.4766557812690735,0.7328375286041189,,,110,DT_110001_A008,지가변동률,1976004,한국도시통계 > 한국도시통계(2023~) > 거주,meta_index 없음 또는 코드명 매칭 없음,,,,,,,,,,,,,,,,,,,,,,,,,,,,,,,,,,,,,,,,,,,,,meta 없음,,,"반면에 코스피지수와 코스닥지수는 연초보다 각각 9.9%, 21.7% 하락한 채 장을 마쳤다."
A0046-SPD2EDAD8C3F,A0046-SPD2EDAD8C3F-m2,코스닥지수 변동률,금융·금리,-,21.7,%,%,rate,rate_change,unspecified,증감률,증감률,KOSIS_VALUE,2024,Y,전년,2023,4,638,,ALTERNATE,NOT_TOP_TABLE,후순위 통계표 후보,변동률,hybrid+reranker,170,Y,0.6066340804100037,0.07198162376880646,0.9420289855072463,,,408,DT_304004_WEEK_001_A,주간 아파트 매매가격지수 변동률,1985011,전국주택가격동향조사 > 주간아파트가격동향조사(기준주 : 2025.3.31),meta_index 없음 또는 코드명 매칭 없음,,,,,,,,,,,,,,,,,,,,,,,,,,,,,,,,,,,,,,,,,,,,,meta 없음,,,"반면에 코스피지수와 코스닥지수는 연초보다 각각 9.9%, 21.7% 하락한 채 장을 마쳤다."
A0046-SPD2EDAD8C3F,A0046-SPD2EDAD8C3F-m2,코스닥지수 변동률,금융·금리,-,21.7,%,%,rate,rate_change,unspecified,증감률,증감률,KOSIS_VALUE,2024,Y,전년,2023,5,634,,ALTERNATE,NOT_TOP_TABLE,후순위 통계표 후보,변동률,hybrid+reranker,170,Y,0.6001138687133789,0.06941547244787216,0.9384615384615385,,,408,DT_304004_WEEK_005_A,주간 규모별 아파트 매매가격지수 변동률,1985011,전국주택가격동향조사 > 주간아파트가격동향조사(기준주 : 2025.3.31),meta_index 없음 또는 코드명 매칭 없음,,,,,,,,,,,,,,,,,,,,,,,,,,,,,,,,,,,,,,,,,,,,,meta 없음,,,"반면에 코스피지수와 코스닥지수는 연초보다 각각 9.9%, 21.7% 하락한 채 장을 마쳤다."
A0047-SP3DFD1749C6,A0047-SP3DFD1749C6-m1,상장 기업의 할인율,금융·금리,-,15,%,%,rate,level,organization,수준값,현재값,KOSIS_VALUE,2024,Y,전년,,1,636,629,TABLE_ONLY,META_NOT_LOADED,통계표 메타 조회 전 후보,"상장,유가증권시장",hybrid+reranker,200,Y,,0.9600626826286316,0.4621212121212121,,,343,DT_343_2010_S0016,유가증권 산업별 상장주식 총괄,1976006,증권·파생상품시장통계 > 주식(유가증권시장) > 상장현황,meta_index 없음 또는 코드명 매칭 없음,,,,,,,,,,,,,,,,,,,,,,,,,,,,,,,,,,,,,,,,,,,,,meta 없음,,,지난해 유가증권시장 상장 기업의 할인율은 15%대였다.
A0047-SP3DFD1749C6,A0047-SP3DFD1749C6-m1,상장 기업의 할인율,금융·금리,-,15,%,%,rate,level,organization,수준값,현재값,KOSIS_VALUE,2024,Y,전년,,2,629,,ALTERNATE,NOT_TOP_TABLE,후순위 통계표 후보,"상장,기업의",hybrid+reranker,238,Y,,0.8844391107559204,0.4919354838709677,,,395,DT_395N_S2024262,기업의 운영 상황: 상장여부,2003024,한국기업혁신조사 > 2025년도 조사(서비스 부문) > 기업의 운영 상황,meta_index 없음 또는 코드명 매칭 없음,,,,,,,,,,,,,,,,,,,,,,,,,,,,,,,,,,,,,,,,,,,,,meta 없음,,,지난해 유가증권시장 상장 기업의 할인율은 15%대였다.
A0047-SP3DFD1749C6,A0047-SP3DFD1749C6-m1,상장 기업의 할인율,금융·금리,-,15,%,%,rate,level,organization,수준값,현재값,KOSIS_VALUE,2024,Y,전년,,3,628,,ALTERNATE,NOT_TOP_TABLE,후순위 통계표 후보,"상장,유가증권시장",hybrid+reranker,200,Y,,0.949669361114502,0.4552238805970149,,,343,DT_343_2010_S0013,유가증권 상장주식 총괄,1976006,증권·파생상품시장통계 > 주식(유가증권시장) > 상장현황,meta_index 없음 또는 코드명 매칭 없음,,,,,,,,,,,,,,,,,,,,,,,,,,,,,,,,,,,,,,,,,,,,,meta 없음,,,지난해 유가증권시장 상장 기업의 할인율은 15%대였다.
A0047-SP3DFD1749C6,A0047-SP3DFD1749C6-m1,상장 기업의 할인율,금융·금리,-,15,%,%,rate,level,organization,수준값,현재값,KOSIS_VALUE,2024,Y,전년,,4,628,,ALTERNATE,NOT_TOP_TABLE,후순위 통계표 후보,"상장,유가증권시장",hybrid+reranker,200,Y,,0.9622496962547302,0.44852941176470584,,,343,DT_343_2010_S0046,유가증권 시가총액별 상장회사분포,1976006,증권·파생상품시장통계 > 주식(유가증권시장) > 상장현황,meta_index 없음 또는 코드명 매칭 없음,,,,,,,,,,,,,,,,,,,,,,,,,,,,,,,,,,,,,,,,,,,,,meta 없음,,,지난해 유가증권시장 상장 기업의 할인율은 15%대였다.
A0047-SP3DFD1749C6,A0047-SP3DFD1749C6-m1,상장 기업의 할인율,금융·금리,-,15,%,%,rate,level,organization,수준값,현재값,KOSIS_VALUE,2024,Y,전년,,5,623,,ALTERNATE,NOT_TOP_TABLE,후순위 통계표 후보,"상장,기업의",hybrid+reranker,238,Y,,0.8816148638725281,0.4841269841269841,,,395,DT_395N_S2023293,기업의 운영 상황: 상장여부,2003024,한국기업혁신조사 > 2024년도 조사(제조업 부문) > 기업의 운영 상황,meta_index 없음 또는 코드명 매칭 없음,,,,,,,,,,,,,,,,,,,,,,,,,,,,,,,,,,,,,,,,,,,,,meta 없음,,,지난해 유가증권시장 상장 기업의 할인율은 15%대였다.
